Jobs:
0 1 2 3 4 5 6 7 8 9 10 11 12 13 14 15 16 17 18 19 20 21 22 23 24 25 26 27 28 29
Machines:
0 1 2 3 4 5 6 7 8 9 10 11 12 13 14
Workers:
0 1 2 3 4 5 6 7 8 9 10 11
Operations per job:
0 1 2 3 4 5 6 7 8 9 10 11 12
13 14 15 16 17 18 19 20 21 22 23 24 25 26 27
28 29 30 31 32 33 34 35 36 37 38 39 40 41 42
43 44 45 46 47 48 49 50 51 52
53 54 55 56 57 58 59 60 61 62 63 64 65 66 67
68 69 70 71 72 73 74 75 76 77 78
79 80 81 82 83 84 85 86 87 88 89 90 91 92
93 94 95 96 97 98 99 100 101 102 103 104 105
106 107 108 109 110 111 112 113 114 115 116 117 118
119 120 121 122 123 124 125 126 127 128
129 130 131 132 133 134 135 136 137 138
139 140 141 142 143 144 145 146 147 148 149 150 151 152 153
154 155 156 157 158 159 160 161 162 163 164 165 166 167 168
169 170 171 172 173 174 175 176 177 178 179 180 181 182 183
184 185 186 187 188 189 190 191 192 193
194 195 196 197 198 199 200 201 202 203 204 205 206
207 208 209 210 211 212 213 214 215 216 217
218 219 220 221 222 223 224 225 226 227 228 229 230 231
232 233 234 235 236 237 238 239 240 241 242 243 244
245 246 247 248 249 250 251 252 253 254 255 256 257 258 259
260 261 262 263 264 265 266 267 268 269 270 271 272
273 274 275 276 277 278 279 280 281 282
283 284 285 286 287 288 289 290 291 292 293 294 295
296 297 298 299 300 301 302 303 304 305 306 307 308 309 310
311 312 313 314 315 316 317 318 319 320 321 322 323 324
325 326 327 328 329 330 331 332 333 334
335 336 337 338 339 340 341 342 343 344
345 346 347 348 349 350 351 352 353 354 355 356 357 358 359
360 361 362 363 364 365 366 367 368 369 370 371 372 373 374
375 376 377 378 379 380 381 382 383 384 385
Predecessors per operation:

0
1
2
3
4
5
6
7
8
9
10
11

13
14
15
16
17
18
19
20
21
22
23
24
25
26

28
29
30
31
32
33
34
35
36
37
38
39
40
41

43
44
45
46
47
48
49
50
51

53
54
55
56
57
58
59
60
61
62
63
64
65
66

68
69
70
71
72
73
74
75
76
77

79
80
81
82
83
84
85
86
87
88
89
90
91

93
94
95
96
97
98
99
100
101
102
103
104

106
107
108
109
110
111
112
113
114
115
116
117

119
120
121
122
123
124
125
126
127

129
130
131
132
133
134
135
136
137

139
140
141
142
143
144
145
146
147
148
149
150
151
152

154
155
156
157
158
159
160
161
162
163
164
165
166
167

169
170
171
172
173
174
175
176
177
178
179
180
181
182

184
185
186
187
188
189
190
191
192

194
195
196
197
198
199
200
201
202
203
204
205

207
208
209
210
211
212
213
214
215
216

218
219
220
221
222
223
224
225
226
227
228
229
230

232
233
234
235
236
237
238
239
240
241
242
243

245
246
247
248
249
250
251
252
253
254
255
256
257
258

260
261
262
263
264
265
266
267
268
269
270
271

273
274
275
276
277
278
279
280
281

283
284
285
286
287
288
289
290
291
292
293
294

296
297
298
299
300
301
302
303
304
305
306
307
308
309

311
312
313
314
315
316
317
318
319
320
321
322
323

325
326
327
328
329
330
331
332
333

335
336
337
338
339
340
341
342
343

345
346
347
348
349
350
351
352
353
354
355
356
357
358

360
361
362
363
364
365
366
367
368
369
370
371
372
373

375
376
377
378
379
380
381
382
383
384
Successors per operation:
1
2
3
4
5
6
7
8
9
10
11
12

14
15
16
17
18
19
20
21
22
23
24
25
26
27

29
30
31
32
33
34
35
36
37
38
39
40
41
42

44
45
46
47
48
49
50
51
52

54
55
56
57
58
59
60
61
62
63
64
65
66
67

69
70
71
72
73
74
75
76
77
78

80
81
82
83
84
85
86
87
88
89
90
91
92

94
95
96
97
98
99
100
101
102
103
104
105

107
108
109
110
111
112
113
114
115
116
117
118

120
121
122
123
124
125
126
127
128

130
131
132
133
134
135
136
137
138

140
141
142
143
144
145
146
147
148
149
150
151
152
153

155
156
157
158
159
160
161
162
163
164
165
166
167
168

170
171
172
173
174
175
176
177
178
179
180
181
182
183

185
186
187
188
189
190
191
192
193

195
196
197
198
199
200
201
202
203
204
205
206

208
209
210
211
212
213
214
215
216
217

219
220
221
222
223
224
225
226
227
228
229
230
231

233
234
235
236
237
238
239
240
241
242
243
244

246
247
248
249
250
251
252
253
254
255
256
257
258
259

261
262
263
264
265
266
267
268
269
270
271
272

274
275
276
277
278
279
280
281
282

284
285
286
287
288
289
290
291
292
293
294
295

297
298
299
300
301
302
303
304
305
306
307
308
309
310

312
313
314
315
316
317
318
319
320
321
322
323
324

326
327
328
329
330
331
332
333
334

336
337
338
339
340
341
342
343
344

346
347
348
349
350
351
352
353
354
355
356
357
358
359

361
362
363
364
365
366
367
368
369
370
371
372
373
374

376
377
378
379
380
381
382
383
384
385

Machines per operation:
5 6 8
0 1 7 8 9
0 2 6 9 11
2 6 12
0 1 8 10 12
3 10 12 14
0 3 4 8
1 7 14
0 3 13
2 7 9
6 10 14
2 3 9 10 11
0 2 6 7 9
1 4 7 13 14
2 8 12
3 7 12
3 4 12 14
1 8 10 13
2 9 13
1 8 11 13 14
11 12 14
0 11 14
4 7 14
0 4 8 13 14
0 1 11 12
0 7 10
2 3 6
4 6 8 10 12
1 5 7 10 14
5 9 10 11
4 5 6 9 13
1 3 7 13
4 6 8 12
3 7 9 14
2 7 12
0 1 8 10
0 7 9
3 6 8
2 4 8 10 12
1 3 4 9
0 3 11
6 9 10 14
2 5 7 8 13
2 3 8 13 14
7 9 14
5 8 14
1 2 6 10 13
0 4 6 10 11
8 9 11
5 10 11
2 3 4 10
3 4 7 11 12
0 4 8 10 12
6 8 9
5 8 14
2 3 5 7 12
0 9 12
3 4 6 10
5 6 12 13
3 4 7 13
4 6 10 14
1 3 4 6 9
3 6 7 12
2 3 7 8 10
5 11 14
2 5 9 10 12
0 1 2 7
3 11 13
1 2 14
2 3 5 6 14
3 5 6
2 10 11 13
3 11 13
0 2 7 9
0 1 6 8
1 9 11 12 14
3 5 6 9
3 7 8 13
2 6 8
3 6 10 12 14
3 5 9 11
0 3 4 5 14
2 3 5 10
1 5 10 11 12
1 7 8 9 13
0 1 10 12
3 6 7 10 14
4 5 7
6 7 9 11 14
0 1 3 6 8
5 9 12
5 6 12
2 6 8 11 13
4 6 7 10
3 4 5 12
0 1 2 8 11
4 5 10 11 14
6 7 13
3 8 10 12 14
7 9 11 12 13
1 4 10 13
2 3 7 12
0 3 7 10
0 5 13
5 6 7 10 13
1 8 14
5 11 12 13
1 6 7 9
1 2 8
0 3 10 11
4 8 10
2 4 8 12 13
2 6 13
0 5 6 11 14
1 3 13 14
1 3 5
0 2 3 6
6 7 10
1 10 12 14
0 3 6 9 14
1 2 11 13
2 8 9 11 14
0 3 5 6
6 8 11
1 4 9 10 11
0 2 3 9 13
6 8 9 12
0 2 9 12 13
4 5 9 13
0 11 13
5 8 10 14
1 4 13
5 8 10 12
2 6 10 11
0 2 6 11
2 10 11
2 4 5 14
4 8 13
2 4 5 7 14
2 8 12 13
0 5 12
0 9 10
1 8 11
5 6 8 14
3 4 10 11 14
2 11 13
1 4 6 11
3 4 11 12 14
1 2 4 14
6 8 14
1 2 10 11 13
2 6 7 13
3 8 10 12
0 8 13
8 9 12
0 4 7
3 6 12
2 8 9 10 13
2 8 12 14
0 5 6
0 2 6
2 5 11 12
1 3 5 8 13
1 2 5 6 9
0 1 9
2 5 6 10
0 2 4 10
1 3 9
0 12 13
0 5 13
1 7 8
4 8 9 12 13
0 8 11 14
8 9 10 12
3 5 7 8 9
0 1 13
5 9 13
2 7 12 14
1 8 11 12
2 3 5 7 12
3 4 7 11 12
0 1 2 4 8
0 2 7 11
2 3 7 14
2 3 12
1 8 10 13 14
3 4 6 9 10
1 9 10 11 12
3 4 9 13 14
3 8 9 12
0 2 11
0 5 6 12 13
7 8 9 10 14
0 6 7 9 13
0 2 6 8 13
3 4 5 7
7 13 14
0 1 11 13
5 6 14
6 11 12 14
1 6 13
3 4 7 11 13
0 3 6 8 11
0 3 9 12
8 9 12 13
0 1 3
6 9 13
1 6 7 8 9
8 10 14
0 6 7 12 14
2 7 11 12
0 4 7 8 11
3 4 7 9 10
0 8 9
0 6 9 13
3 6 8 10 13
0 4 11 14
3 7 8 14
2 3 4 8
8 9 12
4 11 12
0 3 13
3 4 7 10 11
7 9 10 14
2 7 10
1 4 12
3 4 6 9 10
4 10 11 13
3 9 10
2 3 14
3 8 10
1 2 7 12 13
3 4 5 8 12
0 1 2 4 10
1 4 6 11 14
3 7 8 14
0 2 8
0 4 10 11 13
2 3 11 12 13
2 4 7 10 12
2 10 11
8 10 11
6 9 10
4 6 10
2 5 12
6 7 9 13
1 7 8
2 5 9 10
1 2 4 6 8
5 7 12
0 6 7 11
1 2 13
1 4 13
0 5 7 12
4 5 7 13
6 7 9 12
1 4 10 13
3 7 8 11
6 12 14
5 8 10 13
1 2 4 13 14
3 7 9 10
0 6 11
1 12 13
1 6 11 13
6 7 12
3 8 9
5 7 9 13
0 3 7
0 1 7
0 11 13
3 5 6 11 13
2 8 11 13 14
1 2 12 14
1 6 8
2 4 5 12 14
2 7 9 10
2 3 10 11 12
0 7 8 10 13
2 9 10 13 14
4 5 9
1 7 11
2 3 4 7 14
6 9 10 12 14
3 9 10 12
0 1 13
0 6 13
1 3 6 9
4 7 13
2 7 10 13
0 7 8 14
2 3 4 6 8
1 3 6 13
0 2 4
1 5 6 11 12
1 6 7 8
2 4 10 11 13
4 5 9 10
7 9 11 13 14
2 3 7 13 14
0 3 8
2 13 14
4 5 7 11 12
4 6 8 12 13
6 8 9
1 4 8
0 3 4 7 13
0 1 6 14
0 4 8 9 13
2 4 6 14
0 1 5 7 14
4 8 14
0 7 11 13
6 7 8 10 13
5 9 11
1 4 7 8 10
7 9 11
2 3 7 14
5 7 8 9
7 9 13
0 1 3
0 3 9
4 11 12 13 14
2 9 12
0 7 8 9
1 2 8 9 14
3 13 14
4 6 8 11 14
4 6 7 9 12
0 1 6
3 12 14
0 10 13
3 11 13
1 5 11 12
3 5 7 11 13
0 2 4
0 2 5 8 13
3 8 11 12 14
6 8 11 14
7 8 10 13 14
2 5 6
0 3 6 8 12
3 5 8
3 4 6 14
5 9 10
1 5 14
1 2 4 8 9
0 6 14
1 2 4 6 8
1 2 3 7 8
1 4 11
4 8 10 13
4 6 12
1 4 6 13 14
1 6 9
2 7 8
1 3 4 9 12
3 5 9 13
3 5 7 9 11
0 3 9 10 12
1 2 8 12
5 8 10 11 12
8 12 14
2 5 7 9 10
2 5 6 11
1 2 7
6 7 8 10 12
0 3 9 14
1 3 5 8
10 11 12
0 3 7 10
0 2 3 10
6 8 10 12 13
6 7 9 10
1 5 8 11
3 9 11
5 7 11
3 5 6
10 11 13
3 11 14
0 5 7 11
1 2 8 9 14
4 5 7 9
0 4 13
0 5 8 14
5 10 11 12
Processing times (o m w p):
0 5 0 85
0 5 1 87
0 5 2 89
0 5 4 84
0 5 5 97
0 5 9 95
0 5 10 86
0 5 11 93
0 6 0 90
0 6 1 80
0 6 2 80
0 6 4 75
0 6 6 92
0 6 7 82
0 6 8 91
0 6 9 90
0 8 0 90
0 8 2 80
0 8 4 80
0 8 5 75
0 8 6 92
0 8 8 82
0 8 9 91
0 8 10 90
1 0 0 15
1 0 3 12
1 0 5 14
1 0 6 15
1 0 7 13
1 0 9 15
1 0 10 12
1 0 11 15
1 1 0 12
1 1 3 9
1 1 4 11
1 1 5 12
1 1 6 10
1 1 7 12
1 1 10 9
1 1 11 12
1 7 0 14
1 7 2 11
1 7 4 13
1 7 5 14
1 7 7 12
1 7 8 14
1 7 10 11
1 7 11 14
1 8 0 15
1 8 2 12
1 8 4 14
1 8 5 15
1 8 6 13
1 8 8 15
1 8 9 12
1 8 10 15
1 9 1 13
1 9 2 10
1 9 3 12
1 9 5 13
1 9 7 11
1 9 9 13
1 9 10 10
1 9 11 13
2 0 0 42
2 0 3 41
2 0 5 41
2 0 6 36
2 0 7 44
2 0 9 43
2 0 10 43
2 0 11 42
2 2 1 38
2 2 2 40
2 2 4 42
2 2 5 37
2 2 7 40
2 2 9 38
2 2 10 39
2 2 11 46
2 6 0 40
2 6 1 42
2 6 2 44
2 6 4 39
2 6 6 42
2 6 7 40
2 6 8 41
2 6 9 48
2 9 1 42
2 9 2 36
2 9 3 40
2 9 5 41
2 9 7 37
2 9 9 42
2 9 10 36
2 9 11 42
2 11 1 38
2 11 2 40
2 11 5 42
2 11 6 37
2 11 7 40
2 11 9 38
2 11 10 39
2 11 11 46
3 2 1 95
3 2 2 113
3 2 4 113
3 2 5 112
3 2 7 101
3 2 9 111
3 2 10 100
3 2 11 105
3 6 0 97
3 6 1 115
3 6 2 115
3 6 4 114
3 6 6 103
3 6 7 113
3 6 8 102
3 6 9 107
3 12 0 99
3 12 1 110
3 12 3 112
3 12 5 100
3 12 6 109
3 12 7 120
3 12 10 110
3 12 11 121
4 0 0 23
4 0 3 25
4 0 5 25
4 0 6 20
4 0 7 25
4 0 9 21
4 0 10 24
4 0 11 23
4 1 0 25
4 1 3 27
4 1 4 27
4 1 5 22
4 1 6 27
4 1 7 23
4 1 10 26
4 1 11 25
4 8 0 25
4 8 2 27
4 8 4 27
4 8 5 22
4 8 6 27
4 8 8 23
4 8 9 26
4 8 10 25
4 10 1 19
4 10 2 21
4 10 4 18
4 10 5 18
4 10 6 21
4 10 7 19
4 10 9 20
4 10 10 22
4 12 0 25
4 12 1 27
4 12 3 27
4 12 5 22
4 12 6 27
4 12 7 23
4 12 10 26
4 12 11 25
5 3 3 42
5 3 4 41
5 3 5 41
5 3 6 36
5 3 8 44
5 3 9 43
5 3 10 43
5 3 11 42
5 10 1 38
5 10 2 40
5 10 4 42
5 10 5 37
5 10 6 40
5 10 7 38
5 10 9 39
5 10 10 46
5 12 0 40
5 12 1 42
5 12 3 44
5 12 5 39
5 12 6 42
5 12 7 40
5 12 10 41
5 12 11 48
5 14 1 42
5 14 2 36
5 14 3 40
5 14 4 41
5 14 5 37
5 14 7 42
5 14 9 36
5 14 10 42
6 0 0 40
6 0 3 34
6 0 5 38
6 0 6 39
6 0 7 35
6 0 9 40
6 0 10 34
6 0 11 40
6 3 3 34
6 3 4 28
6 3 5 32
6 3 6 33
6 3 8 29
6 3 9 34
6 3 10 28
6 3 11 34
6 4 0 38
6 4 1 32
6 4 3 36
6 4 4 37
6 4 5 33
6 4 6 38
6 4 10 32
6 4 11 38
6 8 0 39
6 8 2 33
6 8 4 37
6 8 5 38
6 8 6 34
6 8 8 39
6 8 9 33
6 8 10 39
7 1 0 37
7 1 3 39
7 1 4 41
7 1 5 36
7 1 6 39
7 1 7 37
7 1 10 38
7 1 11 45
7 7 0 39
7 7 2 41
7 7 4 43
7 7 5 38
7 7 7 41
7 7 8 39
7 7 10 40
7 7 11 47
7 14 1 41
7 14 2 43
7 14 3 45
7 14 4 40
7 14 5 43
7 14 7 41
7 14 9 42
7 14 10 49
8 0 0 13
8 0 3 10
8 0 5 12
8 0 6 13
8 0 7 11
8 0 9 13
8 0 10 10
8 0 11 13
8 3 3 9
8 3 4 8
8 3 5 9
8 3 6 9
8 3 8 8
8 3 9 9
8 3 10 8
8 3 11 9
8 13 0 12
8 13 1 9
8 13 2 11
8 13 4 12
8 13 5 10
8 13 6 12
8 13 7 9
8 13 9 12
9 2 1 41
9 2 2 35
9 2 4 39
9 2 5 40
9 2 7 36
9 2 9 41
9 2 10 35
9 2 11 41
9 7 0 42
9 7 2 41
9 7 4 41
9 7 5 36
9 7 7 44
9 7 8 43
9 7 10 43
9 7 11 42
9 9 1 38
9 9 2 40
9 9 3 42
9 9 5 37
9 9 7 40
9 9 9 38
9 9 10 39
9 9 11 46
10 6 0 90
10 6 1 80
10 6 2 80
10 6 4 75
10 6 6 92
10 6 7 82
10 6 8 91
10 6 9 90
10 10 1 92
10 10 2 82
10 10 4 82
10 10 5 77
10 10 6 94
10 10 7 84
10 10 9 93
10 10 10 92
10 14 1 94
10 14 2 84
10 14 3 84
10 14 4 79
10 14 5 96
10 14 7 86
10 14 9 95
10 14 10 94
11 2 1 63
11 2 2 65
11 2 4 75
11 2 5 68
11 2 7 75
11 2 9 75
11 2 10 72
11 2 11 69
11 3 3 78
11 3 4 66
11 3 5 73
11 3 6 75
11 3 8 68
11 3 9 78
11 3 10 65
11 3 11 77
11 9 1 62
11 9 2 64
11 9 3 74
11 9 5 67
11 9 7 74
11 9 9 74
11 9 10 71
11 9 11 68
11 10 1 57
11 10 2 59
11 10 4 69
11 10 5 62
11 10 6 69
11 10 7 69
11 10 9 66
11 10 10 63
11 11 1 78
11 11 2 66
11 11 5 73
11 11 6 75
11 11 7 68
11 11 9 78
11 11 10 65
11 11 11 77
12 0 0 89
12 0 3 79
12 0 5 79
12 0 6 74
12 0 7 91
12 0 9 81
12 0 10 90
12 0 11 89
12 2 1 91
12 2 2 81
12 2 4 81
12 2 5 76
12 2 7 93
12 2 9 83
12 2 10 92
12 2 11 91
12 6 0 93
12 6 1 83
12 6 2 83
12 6 4 78
12 6 6 95
12 6 7 85
12 6 8 94
12 6 9 93
12 7 0 88
12 7 2 78
12 7 4 78
12 7 5 73
12 7 7 90
12 7 8 80
12 7 10 89
12 7 11 88
12 9 1 86
12 9 2 88
12 9 3 90
12 9 5 85
12 9 7 98
12 9 9 96
12 9 10 87
12 9 11 94
13 1 0 55
13 1 3 57
13 1 4 67
13 1 5 60
13 1 6 67
13 1 7 67
13 1 10 64
13 1 11 61
13 4 0 57
13 4 1 59
13 4 3 69
13 4 4 62
13 4 5 69
13 4 6 69
13 4 10 66
13 4 11 63
13 7 0 60
13 7 2 62
13 7 4 56
13 7 5 51
13 7 7 56
13 7 8 58
13 7 10 61
13 7 11 60
13 13 0 55
13 13 1 57
13 13 2 51
13 13 4 46
13 13 5 51
13 13 6 53
13 13 7 56
13 13 9 55
13 14 1 60
13 14 2 62
13 14 3 56
13 14 4 51
13 14 5 56
13 14 7 58
13 14 9 61
13 14 10 60
14 2 1 38
14 2 2 40
14 2 4 42
14 2 5 37
14 2 7 40
14 2 9 38
14 2 10 39
14 2 11 46
14 8 0 39
14 8 2 33
14 8 4 37
14 8 5 38
14 8 6 34
14 8 8 39
14 8 9 33
14 8 10 39
14 12 0 42
14 12 1 41
14 12 3 41
14 12 5 36
14 12 6 44
14 12 7 43
14 12 10 43
14 12 11 42
15 3 3 19
15 3 4 21
15 3 5 18
15 3 6 18
15 3 8 21
15 3 9 19
15 3 10 20
15 3 11 22
15 7 0 18
15 7 2 15
15 7 4 17
15 7 5 18
15 7 7 16
15 7 8 18
15 7 10 15
15 7 11 18
15 12 0 20
15 12 1 17
15 12 3 19
15 12 5 20
15 12 6 18
15 12 7 20
15 12 10 17
15 12 11 20
16 3 3 82
16 3 4 84
16 3 5 86
16 3 6 81
16 3 8 94
16 3 9 92
16 3 10 83
16 3 11 90
16 4 0 87
16 4 1 77
16 4 3 77
16 4 4 72
16 4 5 89
16 4 6 79
16 4 10 88
16 4 11 87
16 12 0 87
16 12 1 77
16 12 3 77
16 12 5 72
16 12 6 89
16 12 7 79
16 12 10 88
16 12 11 87
16 14 1 83
16 14 2 71
16 14 3 78
16 14 4 80
16 14 5 73
16 14 7 83
16 14 9 70
16 14 10 82
17 1 0 89
17 1 3 79
17 1 4 79
17 1 5 74
17 1 6 91
17 1 7 81
17 1 10 90
17 1 11 89
17 8 0 78
17 8 2 66
17 8 4 73
17 8 5 75
17 8 6 68
17 8 8 78
17 8 9 65
17 8 10 77
17 10 1 85
17 10 2 73
17 10 4 80
17 10 5 82
17 10 6 75
17 10 7 85
17 10 9 72
17 10 10 84
17 13 0 83
17 13 1 83
17 13 2 74
17 13 4 84
17 13 5 82
17 13 6 84
17 13 7 74
17 13 9 76
18 2 1 54
18 2 2 57
18 2 4 62
18 2 5 66
18 2 7 54
18 2 9 62
18 2 10 65
18 2 11 63
18 9 1 56
18 9 2 58
18 9 3 68
18 9 5 61
18 9 7 68
18 9 9 68
18 9 10 65
18 9 11 62
18 13 0 79
18 13 1 67
18 13 2 74
18 13 4 76
18 13 5 69
18 13 6 79
18 13 7 66
18 13 9 78
19 1 0 89
19 1 3 79
19 1 4 79
19 1 5 74
19 1 6 91
19 1 7 81
19 1 10 90
19 1 11 89
19 8 0 78
19 8 2 66
19 8 4 73
19 8 5 75
19 8 6 68
19 8 8 78
19 8 9 65
19 8 10 77
19 11 1 85
19 11 2 73
19 11 5 80
19 11 6 82
19 11 7 75
19 11 9 85
19 11 10 72
19 11 11 84
19 13 0 83
19 13 1 83
19 13 2 74
19 13 4 84
19 13 5 82
19 13 6 84
19 13 7 74
19 13 9 76
19 14 1 80
19 14 2 68
19 14 3 75
19 14 4 77
19 14 5 70
19 14 7 80
19 14 9 67
19 14 10 79
20 11 1 85
20 11 2 73
20 11 5 80
20 11 6 82
20 11 7 75
20 11 9 85
20 11 10 72
20 11 11 84
20 12 0 60
20 12 1 62
20 12 3 72
20 12 5 65
20 12 6 72
20 12 7 72
20 12 10 69
20 12 11 66
20 14 1 80
20 14 2 68
20 14 3 75
20 14 4 77
20 14 5 70
20 14 7 80
20 14 9 67
20 14 10 79
21 0 0 37
21 0 3 31
21 0 5 35
21 0 6 36
21 0 7 32
21 0 9 37
21 0 10 31
21 0 11 37
21 11 1 28
21 11 2 30
21 11 5 30
21 11 6 25
21 11 7 30
21 11 9 26
21 11 10 29
21 11 11 28
21 14 1 35
21 14 2 29
21 14 3 33
21 14 4 34
21 14 5 30
21 14 7 35
21 14 9 29
21 14 10 35
22 4 0 14
22 4 1 11
22 4 3 13
22 4 4 14
22 4 5 12
22 4 6 14
22 4 10 11
22 4 11 14
22 7 0 9
22 7 2 11
22 7 4 11
22 7 5 9
22 7 7 11
22 7 8 10
22 7 10 10
22 7 11 9
22 14 1 13
22 14 2 10
22 14 3 12
22 14 4 13
22 14 5 11
22 14 7 13
22 14 9 10
22 14 10 13
23 0 0 83
23 0 3 85
23 0 5 87
23 0 6 82
23 0 7 95
23 0 9 93
23 0 10 84
23 0 11 91
23 4 0 88
23 4 1 78
23 4 3 78
23 4 4 73
23 4 5 90
23 4 6 80
23 4 10 89
23 4 11 88
23 8 0 88
23 8 2 78
23 8 4 78
23 8 5 73
23 8 6 90
23 8 8 80
23 8 9 89
23 8 10 88
23 13 0 84
23 13 1 72
23 13 2 79
23 13 4 81
23 13 5 74
23 13 6 84
23 13 7 71
23 13 9 83
23 14 1 85
23 14 2 87
23 14 3 89
23 14 4 84
23 14 5 97
23 14 7 95
23 14 9 86
23 14 10 93
24 0 0 16
24 0 3 13
24 0 5 15
24 0 6 16
24 0 7 14
24 0 9 16
24 0 10 13
24 0 11 16
24 1 0 13
24 1 3 10
24 1 4 12
24 1 5 13
24 1 6 11
24 1 7 13
24 1 10 10
24 1 11 13
24 11 1 15
24 11 2 12
24 11 5 14
24 11 6 15
24 11 7 13
24 11 9 15
24 11 10 12
24 11 11 15
24 12 0 16
24 12 1 13
24 12 3 15
24 12 5 16
24 12 6 14
24 12 7 16
24 12 10 13
24 12 11 16
25 0 0 54
25 0 3 57
25 0 5 62
25 0 6 66
25 0 7 54
25 0 9 62
25 0 10 65
25 0 11 63
25 7 0 56
25 7 2 58
25 7 4 68
25 7 5 61
25 7 7 68
25 7 8 68
25 7 10 65
25 7 11 62
25 10 1 79
25 10 2 67
25 10 4 74
25 10 5 76
25 10 6 69
25 10 7 79
25 10 9 66
25 10 10 78
26 2 1 15
26 2 2 12
26 2 4 14
26 2 5 15
26 2 7 13
26 2 9 15
26 2 10 12
26 2 11 15
26 3 3 12
26 3 4 9
26 3 5 11
26 3 6 12
26 3 8 10
26 3 9 12
26 3 10 9
26 3 11 12
26 6 0 14
26 6 1 11
26 6 2 13
26 6 4 14
26 6 6 12
26 6 7 14
26 6 8 11
26 6 9 14
27 4 0 89
27 4 1 79
27 4 3 79
27 4 4 74
27 4 5 91
27 4 6 81
27 4 10 90
27 4 11 89
27 6 0 91
27 6 1 81
27 6 2 81
27 6 4 76
27 6 6 93
27 6 7 83
27 6 8 92
27 6 9 91
27 8 0 93
27 8 2 83
27 8 4 83
27 8 5 78
27 8 6 95
27 8 8 85
27 8 9 94
27 8 10 93
27 10 1 88
27 10 2 78
27 10 4 78
27 10 5 73
27 10 6 90
27 10 7 80
27 10 9 89
27 10 10 88
27 12 0 86
27 12 1 88
27 12 3 90
27 12 5 85
27 12 6 98
27 12 7 96
27 12 10 87
27 12 11 94
28 1 0 59
28 1 3 61
28 1 4 55
28 1 5 50
28 1 6 55
28 1 7 57
28 1 10 60
28 1 11 59
28 5 0 61
28 5 1 63
28 5 2 57
28 5 4 52
28 5 5 57
28 5 9 59
28 5 10 62
28 5 11 61
28 7 0 55
28 7 2 57
28 7 4 51
28 7 5 46
28 7 7 51
28 7 8 53
28 7 10 56
28 7 11 55
28 10 1 43
28 10 2 45
28 10 4 47
28 10 5 42
28 10 6 45
28 10 7 43
28 10 9 44
28 10 10 51
28 14 1 55
28 14 2 57
28 14 3 51
28 14 4 46
28 14 5 51
28 14 7 53
28 14 9 56
28 14 10 55
29 5 0 28
29 5 1 30
29 5 2 30
29 5 4 25
29 5 5 30
29 5 9 26
29 5 10 29
29 5 11 28
29 9 1 28
29 9 2 30
29 9 3 33
29 9 5 33
29 9 7 33
29 9 9 33
29 9 10 30
29 9 11 27
29 10 1 36
29 10 2 30
29 10 4 34
29 10 5 35
29 10 6 31
29 10 7 36
29 10 9 30
29 10 10 36
29 11 1 36
29 11 2 30
29 11 5 34
29 11 6 35
29 11 7 31
29 11 9 36
29 11 10 30
29 11 11 36
30 4 0 93
30 4 1 83
30 4 3 83
30 4 4 78
30 4 5 95
30 4 6 85
30 4 10 94
30 4 11 93
30 5 0 84
30 5 1 72
30 5 2 79
30 5 4 81
30 5 5 74
30 5 9 84
30 5 10 71
30 5 11 83
30 6 0 84
30 6 1 72
30 6 2 79
30 6 4 81
30 6 6 74
30 6 7 84
30 6 8 71
30 6 9 83
30 9 1 79
30 9 2 67
30 9 3 74
30 9 5 76
30 9 7 69
30 9 9 79
30 9 10 66
30 9 11 78
30 13 0 95
30 13 1 85
30 13 2 85
30 13 4 80
30 13 5 97
30 13 6 87
30 13 7 96
30 13 9 95
31 1 0 88
31 1 3 78
31 1 4 78
31 1 5 73
31 1 6 90
31 1 7 80
31 1 10 89
31 1 11 88
31 3 3 90
31 3 4 80
31 3 5 80
31 3 6 75
31 3 8 92
31 3 9 82
31 3 10 91
31 3 11 90
31 7 0 92
31 7 2 82
31 7 4 82
31 7 5 77
31 7 7 94
31 7 8 84
31 7 10 93
31 7 11 92
31 13 0 87
31 13 1 77
31 13 2 77
31 13 4 72
31 13 5 89
31 13 6 79
31 13 7 88
31 13 9 87
32 4 0 93
32 4 1 83
32 4 3 83
32 4 4 78
32 4 5 95
32 4 6 85
32 4 10 94
32 4 11 93
32 6 0 84
32 6 1 72
32 6 2 79
32 6 4 81
32 6 6 74
32 6 7 84
32 6 8 71
32 6 9 83
32 8 0 84
32 8 2 72
32 8 4 79
32 8 5 81
32 8 6 74
32 8 8 84
32 8 9 71
32 8 10 83
32 12 0 79
32 12 1 67
32 12 3 74
32 12 5 76
32 12 6 69
32 12 7 79
32 12 10 66
32 12 11 78
33 3 3 15
33 3 4 12
33 3 5 14
33 3 6 15
33 3 8 13
33 3 9 15
33 3 10 12
33 3 11 15
33 7 0 12
33 7 2 9
33 7 4 11
33 7 5 12
33 7 7 10
33 7 8 12
33 7 10 9
33 7 11 12
33 9 1 14
33 9 2 11
33 9 3 13
33 9 5 14
33 9 7 12
33 9 9 14
33 9 10 11
33 9 11 14
33 14 1 15
33 14 2 12
33 14 3 14
33 14 4 15
33 14 5 13
33 14 7 15
33 14 9 12
33 14 10 15
34 2 1 91
34 2 2 81
34 2 4 81
34 2 5 76
34 2 7 93
34 2 9 83
34 2 10 92
34 2 11 91
34 7 0 80
34 7 2 68
34 7 4 75
34 7 5 77
34 7 7 70
34 7 8 80
34 7 10 67
34 7 11 79
34 12 0 83
34 12 1 83
34 12 3 74
34 12 5 84
34 12 6 82
34 12 7 84
34 12 10 74
34 12 11 76
35 0 0 84
35 0 3 86
35 0 5 88
35 0 6 83
35 0 7 96
35 0 9 94
35 0 10 85
35 0 11 92
35 1 0 89
35 1 3 79
35 1 4 79
35 1 5 74
35 1 6 91
35 1 7 81
35 1 10 90
35 1 11 89
35 8 0 89
35 8 2 79
35 8 4 79
35 8 5 74
35 8 6 91
35 8 8 81
35 8 9 90
35 8 10 89
35 10 1 85
35 10 2 73
35 10 4 80
35 10 5 82
35 10 6 75
35 10 7 85
35 10 9 72
35 10 10 84
36 0 0 24
36 0 3 26
36 0 5 26
36 0 6 21
36 0 7 26
36 0 9 22
36 0 10 25
36 0 11 24
36 7 0 26
36 7 2 28
36 7 4 28
36 7 5 23
36 7 7 28
36 7 8 24
36 7 10 27
36 7 11 26
36 9 1 26
36 9 2 28
36 9 3 28
36 9 5 23
36 9 7 28
36 9 9 24
36 9 10 27
36 9 11 26
37 3 3 23
37 3 4 25
37 3 5 25
37 3 6 20
37 3 8 25
37 3 9 21
37 3 10 24
37 3 11 23
37 6 0 25
37 6 1 27
37 6 2 27
37 6 4 22
37 6 6 27
37 6 7 23
37 6 8 26
37 6 9 25
37 8 0 25
37 8 2 27
37 8 4 27
37 8 5 22
37 8 6 27
37 8 8 23
37 8 9 26
37 8 10 25
38 2 1 37
38 2 2 39
38 2 4 41
38 2 5 36
38 2 7 39
38 2 9 37
38 2 10 38
38 2 11 45
38 4 0 38
38 4 1 32
38 4 3 36
38 4 4 37
38 4 5 33
38 4 6 38
38 4 10 32
38 4 11 38
38 8 0 42
38 8 2 36
38 8 4 40
38 8 5 41
38 8 6 37
38 8 8 42
38 8 9 36
38 8 10 42
38 10 1 42
38 10 2 41
38 10 4 41
38 10 5 36
38 10 6 44
38 10 7 43
38 10 9 43
38 10 10 42
38 12 0 39
38 12 1 33
38 12 3 37
38 12 5 38
38 12 6 34
38 12 7 39
38 12 10 33
38 12 11 39
39 1 0 87
39 1 3 77
39 1 4 77
39 1 5 72
39 1 6 89
39 1 7 79
39 1 10 88
39 1 11 87
39 3 3 63
39 3 4 65
39 3 5 75
39 3 6 68
39 3 8 75
39 3 9 75
39 3 10 72
39 3 11 69
39 4 0 83
39 4 1 71
39 4 3 78
39 4 4 80
39 4 5 73
39 4 6 83
39 4 10 70
39 4 11 82
39 9 1 85
39 9 2 73
39 9 3 80
39 9 5 82
39 9 7 75
39 9 9 85
39 9 10 72
39 9 11 84
40 0 0 91
40 0 3 81
40 0 5 81
40 0 6 76
40 0 7 93
40 0 9 83
40 0 10 92
40 0 11 91
40 3 3 80
40 3 4 68
40 3 5 75
40 3 6 77
40 3 8 70
40 3 9 80
40 3 10 67
40 3 11 79
40 11 1 83
40 11 2 83
40 11 5 74
40 11 6 84
40 11 7 82
40 11 9 84
40 11 10 74
40 11 11 76
41 6 0 94
41 6 1 84
41 6 2 84
41 6 4 79
41 6 6 96
41 6 7 86
41 6 8 95
41 6 9 94
41 9 1 85
41 9 2 73
41 9 3 80
41 9 5 82
41 9 7 75
41 9 9 85
41 9 10 72
41 9 11 84
41 10 1 85
41 10 2 73
41 10 4 80
41 10 5 82
41 10 6 75
41 10 7 85
41 10 9 72
41 10 10 84
41 14 1 80
41 14 2 68
41 14 3 75
41 14 4 77
41 14 5 70
41 14 7 80
41 14 9 67
41 14 10 79
42 2 1 87
42 2 2 89
42 2 4 91
42 2 5 86
42 2 7 99
42 2 9 97
42 2 10 88
42 2 11 95
42 5 0 82
42 5 1 84
42 5 2 86
42 5 4 81
42 5 5 94
42 5 9 92
42 5 10 83
42 5 11 90
42 7 0 84
42 7 2 86
42 7 4 88
42 7 5 83
42 7 7 96
42 7 8 94
42 7 10 85
42 7 11 92
42 8 0 93
42 8 2 83
42 8 4 83
42 8 5 78
42 8 6 95
42 8 8 85
42 8 9 94
42 8 10 93
42 13 0 84
42 13 1 86
42 13 2 88
42 13 4 83
42 13 5 96
42 13 6 94
42 13 7 85
42 13 9 92
43 2 1 41
43 2 2 35
43 2 4 39
43 2 5 40
43 2 7 36
43 2 9 41
43 2 10 35
43 2 11 41
43 3 3 42
43 3 4 41
43 3 5 41
43 3 6 36
43 3 8 44
43 3 9 43
43 3 10 43
43 3 11 42
43 8 0 38
43 8 2 40
43 8 4 42
43 8 5 37
43 8 6 40
43 8 8 38
43 8 9 39
43 8 10 46
43 13 0 40
43 13 1 34
43 13 2 38
43 13 4 39
43 13 5 35
43 13 6 40
43 13 7 34
43 13 9 40
43 14 1 42
43 14 2 41
43 14 3 41
43 14 4 36
43 14 5 44
43 14 7 43
43 14 9 43
43 14 10 42
44 7 0 25
44 7 2 27
44 7 4 27
44 7 5 22
44 7 7 27
44 7 8 23
44 7 10 26
44 7 11 25
44 9 1 27
44 9 2 29
44 9 3 29
44 9 5 24
44 9 7 29
44 9 9 25
44 9 10 28
44 9 11 27
44 14 1 27
44 14 2 29
44 14 3 29
44 14 4 24
44 14 5 29
44 14 7 25
44 14 9 28
44 14 10 27
45 5 0 42
45 5 1 36
45 5 2 40
45 5 4 41
45 5 5 37
45 5 9 42
45 5 10 36
45 5 11 42
45 8 0 37
45 8 2 39
45 8 4 41
45 8 5 36
45 8 6 39
45 8 8 37
45 8 9 38
45 8 10 45
45 14 1 39
45 14 2 41
45 14 3 43
45 14 4 38
45 14 5 41
45 14 7 39
45 14 9 40
45 14 10 47
46 1 0 93
46 1 3 83
46 1 4 83
46 1 5 78
46 1 6 95
46 1 7 85
46 1 10 94
46 1 11 93
46 2 1 95
46 2 2 85
46 2 4 85
46 2 5 80
46 2 7 97
46 2 9 87
46 2 10 96
46 2 11 95
46 6 0 82
46 6 1 84
46 6 2 86
46 6 4 81
46 6 6 94
46 6 7 92
46 6 8 83
46 6 9 90
46 10 1 92
46 10 2 82
46 10 4 82
46 10 5 77
46 10 6 94
46 10 7 84
46 10 9 93
46 10 10 92
46 13 0 90
46 13 1 92
46 13 2 94
46 13 4 89
46 13 5 102
46 13 6 100
46 13 7 91
46 13 9 98
47 0 0 54
47 0 3 57
47 0 5 62
47 0 6 66
47 0 7 54
47 0 9 62
47 0 10 65
47 0 11 63
47 4 0 56
47 4 1 58
47 4 3 68
47 4 4 61
47 4 5 68
47 4 6 68
47 4 10 65
47 4 11 62
47 6 0 79
47 6 1 67
47 6 2 74
47 6 4 76
47 6 6 69
47 6 7 79
47 6 8 66
47 6 9 78
47 10 1 59
47 10 2 61
47 10 4 71
47 10 5 64
47 10 6 71
47 10 7 71
47 10 9 68
47 10 10 65
47 11 1 79
47 11 2 67
47 11 5 74
47 11 6 76
47 11 7 69
47 11 9 79
47 11 10 66
47 11 11 78
48 8 0 56
48 8 2 58
48 8 4 68
48 8 5 61
48 8 6 68
48 8 8 68
48 8 9 65
48 8 10 62
48 9 1 58
48 9 2 60
48 9 3 70
48 9 5 63
48 9 7 70
48 9 9 70
48 9 10 67
48 9 11 64
48 11 1 81
48 11 2 69
48 11 5 76
48 11 6 78
48 11 7 71
48 11 9 81
48 11 10 68
48 11 11 80
49 5 0 61
49 5 1 63
49 5 2 57
49 5 4 52
49 5 5 57
49 5 9 59
49 5 10 62
49 5 11 61
49 10 1 54
49 10 2 57
49 10 4 62
49 10 5 66
49 10 6 54
49 10 7 62
49 10 9 65
49 10 10 63
49 11 1 69
49 11 2 71
49 11 5 68
49 11 6 63
49 11 7 71
49 11 9 64
49 11 10 70
49 11 11 72
50 2 1 22
50 2 2 24
50 2 4 24
50 2 5 19
50 2 7 24
50 2 9 20
50 2 10 23
50 2 11 22
50 3 3 24
50 3 4 26
50 3 5 26
50 3 6 21
50 3 8 26
50 3 9 22
50 3 10 25
50 3 11 24
50 4 0 24
50 4 1 26
50 4 3 26
50 4 4 21
50 4 5 26
50 4 6 22
50 4 10 25
50 4 11 24
50 10 1 20
50 10 2 17
50 10 4 19
50 10 5 20
50 10 6 18
50 10 7 20
50 10 9 17
50 10 10 20
51 3 3 37
51 3 4 39
51 3 5 41
51 3 6 36
51 3 8 39
51 3 9 37
51 3 10 38
51 3 11 45
51 4 0 38
51 4 1 32
51 4 3 36
51 4 4 37
51 4 5 33
51 4 6 38
51 4 10 32
51 4 11 38
51 7 0 42
51 7 2 36
51 7 4 40
51 7 5 41
51 7 7 37
51 7 8 42
51 7 10 36
51 7 11 42
51 11 1 42
51 11 2 41
51 11 5 41
51 11 6 36
51 11 7 44
51 11 9 43
51 11 10 43
51 11 11 42
51 12 0 39
51 12 1 33
51 12 3 37
51 12 5 38
51 12 6 34
51 12 7 39
51 12 10 33
51 12 11 39
52 0 0 88
52 0 3 78
52 0 5 78
52 0 6 73
52 0 7 90
52 0 9 80
52 0 10 89
52 0 11 88
52 4 0 69
52 4 1 71
52 4 3 68
52 4 4 63
52 4 5 71
52 4 6 64
52 4 10 70
52 4 11 72
52 8 0 84
52 8 2 72
52 8 4 79
52 8 5 81
52 8 6 74
52 8 8 84
52 8 9 71
52 8 10 83
52 10 1 86
52 10 2 74
52 10 4 81
52 10 5 83
52 10 6 76
52 10 7 86
52 10 9 73
52 10 10 85
52 12 0 79
52 12 1 67
52 12 3 74
52 12 5 76
52 12 6 69
52 12 7 79
52 12 10 66
52 12 11 78
53 6 0 28
53 6 1 30
53 6 2 30
53 6 4 25
53 6 6 30
53 6 7 26
53 6 8 29
53 6 9 28
53 8 0 28
53 8 2 30
53 8 4 33
53 8 5 33
53 8 6 33
53 8 8 33
53 8 9 30
53 8 10 27
53 9 1 36
53 9 2 30
53 9 3 34
53 9 5 35
53 9 7 31
53 9 9 36
53 9 10 30
53 9 11 36
54 5 0 17
54 5 1 14
54 5 2 16
54 5 4 17
54 5 5 15
54 5 9 17
54 5 10 14
54 5 11 17
54 8 0 14
54 8 2 11
54 8 4 13
54 8 5 14
54 8 6 12
54 8 8 14
54 8 9 11
54 8 10 14
54 14 1 16
54 14 2 13
54 14 3 15
54 14 4 16
54 14 5 14
54 14 7 16
54 14 9 13
54 14 10 16
55 2 1 42
55 2 2 44
55 2 4 46
55 2 5 41
55 2 7 44
55 2 9 42
55 2 10 43
55 2 11 50
55 3 3 56
55 3 4 58
55 3 5 52
55 3 6 47
55 3 8 52
55 3 9 54
55 3 10 57
55 3 11 56
55 5 0 56
55 5 1 58
55 5 2 52
55 5 4 47
55 5 5 52
55 5 9 54
55 5 10 57
55 5 11 56
55 7 0 55
55 7 2 57
55 7 4 51
55 7 5 46
55 7 7 51
55 7 8 53
55 7 10 56
55 7 11 55
55 12 0 55
55 12 1 57
55 12 3 51
55 12 5 46
55 12 6 51
55 12 7 53
55 12 10 56
55 12 11 55
56 0 0 83
56 0 3 83
56 0 5 74
56 0 6 84
56 0 7 82
56 0 9 84
56 0 10 74
56 0 11 76
56 9 1 62
56 9 2 64
56 9 3 74
56 9 5 67
56 9 7 74
56 9 9 74
56 9 10 71
56 9 11 68
56 12 0 82
56 12 1 70
56 12 3 77
56 12 5 79
56 12 6 72
56 12 7 82
56 12 10 69
56 12 11 81
57 3 3 39
57 3 4 41
57 3 5 43
57 3 6 38
57 3 8 41
57 3 9 39
57 3 10 40
57 3 11 47
57 4 0 41
57 4 1 43
57 4 3 45
57 4 4 40
57 4 5 43
57 4 6 41
57 4 10 42
57 4 11 49
57 6 0 43
57 6 1 45
57 6 2 47
57 6 4 42
57 6 6 45
57 6 7 43
57 6 8 44
57 6 9 51
57 10 1 38
57 10 2 40
57 10 4 42
57 10 5 37
57 10 6 40
57 10 7 38
57 10 9 39
57 10 10 46
58 5 0 37
58 5 1 39
58 5 2 41
58 5 4 36
58 5 5 39
58 5 9 37
58 5 10 38
58 5 11 45
58 6 0 39
58 6 1 41
58 6 2 43
58 6 4 38
58 6 6 41
58 6 7 39
58 6 8 40
58 6 9 47
58 12 0 41
58 12 1 43
58 12 3 45
58 12 5 40
58 12 6 43
58 12 7 41
58 12 10 42
58 12 11 49
58 13 0 42
58 13 1 41
58 13 2 41
58 13 4 36
58 13 5 44
58 13 6 43
58 13 7 43
58 13 9 42
59 3 3 22
59 3 4 24
59 3 5 24
59 3 6 19
59 3 8 24
59 3 9 20
59 3 10 23
59 3 11 22
59 4 0 24
59 4 1 26
59 4 3 26
59 4 4 21
59 4 5 26
59 4 6 22
59 4 10 25
59 4 11 24
59 7 0 24
59 7 2 26
59 7 4 26
59 7 5 21
59 7 7 26
59 7 8 22
59 7 10 25
59 7 11 24
59 13 0 20
59 13 1 17
59 13 2 19
59 13 4 20
59 13 5 18
59 13 6 20
59 13 7 17
59 13 9 20
60 4 0 25
60 4 1 27
60 4 3 27
60 4 4 22
60 4 5 27
60 4 6 23
60 4 10 26
60 4 11 25
60 6 0 27
60 6 1 29
60 6 2 29
60 6 4 24
60 6 6 29
60 6 7 25
60 6 8 28
60 6 9 27
60 10 1 27
60 10 2 29
60 10 4 29
60 10 5 24
60 10 6 29
60 10 7 25
60 10 9 28
60 10 10 27
60 14 1 22
60 14 2 24
60 14 3 24
60 14 4 19
60 14 5 24
60 14 7 20
60 14 9 23
60 14 10 22
61 1 0 41
61 1 3 35
61 1 4 39
61 1 5 40
61 1 6 36
61 1 7 41
61 1 10 35
61 1 11 41
61 3 3 35
61 3 4 29
61 3 5 33
61 3 6 34
61 3 8 30
61 3 9 35
61 3 10 29
61 3 11 35
61 4 0 39
61 4 1 33
61 4 3 37
61 4 4 38
61 4 5 34
61 4 6 39
61 4 10 33
61 4 11 39
61 6 0 40
61 6 1 34
61 6 2 38
61 6 4 39
61 6 6 35
61 6 7 40
61 6 8 34
61 6 9 40
61 9 1 36
61 9 2 30
61 9 3 34
61 9 5 35
61 9 7 31
61 9 9 36
61 9 10 30
61 9 11 36
62 3 3 62
62 3 4 64
62 3 5 58
62 3 6 53
62 3 8 58
62 3 9 60
62 3 10 63
62 3 11 62
62 6 0 55
62 6 1 57
62 6 2 67
62 6 4 60
62 6 6 67
62 6 7 67
62 6 8 64
62 6 9 61
62 7 0 58
62 7 2 60
62 7 4 54
62 7 5 49
62 7 7 54
62 7 8 56
62 7 10 59
62 7 11 58
62 12 0 46
62 12 1 53
62 12 3 53
62 12 5 52
62 12 6 52
62 12 7 51
62 12 10 51
62 12 11 45
63 2 1 63
63 2 2 65
63 2 4 75
63 2 5 68
63 2 7 75
63 2 9 75
63 2 10 72
63 2 11 69
63 3 3 78
63 3 4 66
63 3 5 73
63 3 6 75
63 3 8 68
63 3 9 78
63 3 10 65
63 3 11 77
63 7 0 62
63 7 2 64
63 7 4 74
63 7 5 67
63 7 7 74
63 7 8 74
63 7 10 71
63 7 11 68
63 8 0 57
63 8 2 59
63 8 4 69
63 8 5 62
63 8 6 69
63 8 8 69
63 8 9 66
63 8 10 63
63 10 1 78
63 10 2 66
63 10 4 73
63 10 5 75
63 10 6 68
63 10 7 78
63 10 9 65
63 10 10 77
64 5 0 85
64 5 1 87
64 5 2 89
64 5 4 84
64 5 5 97
64 5 9 95
64 5 10 86
64 5 11 93
64 11 1 90
64 11 2 80
64 11 5 80
64 11 6 75
64 11 7 92
64 11 9 82
64 11 10 91
64 11 11 90
64 14 1 90
64 14 2 80
64 14 3 80
64 14 4 75
64 14 5 92
64 14 7 82
64 14 9 91
64 14 10 90
65 2 1 57
65 2 2 59
65 2 4 53
65 2 5 48
65 2 7 53
65 2 9 55
65 2 10 58
65 2 11 57
65 5 0 60
65 5 1 62
65 5 2 56
65 5 4 51
65 5 5 56
65 5 9 58
65 5 10 61
65 5 11 60
65 9 1 56
65 9 2 58
65 9 3 68
65 9 5 61
65 9 7 68
65 9 9 68
65 9 10 65
65 9 11 62
65 10 1 60
65 10 2 62
65 10 4 72
65 10 5 65
65 10 6 72
65 10 7 72
65 10 9 69
65 10 10 66
65 12 0 57
65 12 1 59
65 12 3 53
65 12 5 48
65 12 6 53
65 12 7 55
65 12 10 58
65 12 11 57
66 0 0 92
66 0 3 82
66 0 5 82
66 0 6 77
66 0 7 94
66 0 9 84
66 0 10 93
66 0 11 92
66 1 0 81
66 1 3 69
66 1 4 76
66 1 5 78
66 1 6 71
66 1 7 81
66 1 10 68
66 1 11 80
66 2 1 87
66 2 2 77
66 2 4 77
66 2 5 72
66 2 7 89
66 2 9 79
66 2 10 88
66 2 11 87
66 7 0 89
66 7 2 79
66 7 4 79
66 7 5 74
66 7 7 91
66 7 8 81
66 7 10 90
66 7 11 89
67 3 3 85
67 3 4 87
67 3 5 89
67 3 6 84
67 3 8 97
67 3 9 95
67 3 10 86
67 3 11 93
67 11 1 90
67 11 2 80
67 11 5 80
67 11 6 75
67 11 7 92
67 11 9 82
67 11 10 91
67 11 11 90
67 13 0 90
67 13 1 80
67 13 2 80
67 13 4 75
67 13 5 92
67 13 6 82
67 13 7 91
67 13 9 90
68 1 0 56
68 1 3 58
68 1 4 68
68 1 5 61
68 1 6 68
68 1 7 68
68 1 10 65
68 1 11 62
68 2 1 58
68 2 2 60
68 2 4 70
68 2 5 63
68 2 7 70
68 2 9 70
68 2 10 67
68 2 11 64
68 14 1 81
68 14 2 69
68 14 3 76
68 14 4 78
68 14 5 71
68 14 7 81
68 14 9 68
68 14 10 80
69 2 1 57
69 2 2 59
69 2 4 69
69 2 5 62
69 2 7 69
69 2 9 69
69 2 10 66
69 2 11 63
69 3 3 59
69 3 4 61
69 3 5 71
69 3 6 64
69 3 8 71
69 3 9 71
69 3 10 68
69 3 11 65
69 5 0 82
69 5 1 70
69 5 2 77
69 5 4 79
69 5 5 72
69 5 9 82
69 5 10 69
69 5 11 81
69 6 0 62
69 6 1 64
69 6 2 74
69 6 4 67
69 6 6 74
69 6 7 74
69 6 8 71
69 6 9 68
69 14 1 82
69 14 2 70
69 14 3 77
69 14 4 79
69 14 5 72
69 14 7 82
69 14 9 69
69 14 10 81
70 3 3 20
70 3 4 17
70 3 5 19
70 3 6 20
70 3 8 18
70 3 9 20
70 3 10 17
70 3 11 20
70 5 0 21
70 5 1 23
70 5 2 23
70 5 4 18
70 5 5 23
70 5 9 19
70 5 10 22
70 5 11 21
70 6 0 19
70 6 1 16
70 6 2 18
70 6 4 19
70 6 6 17
70 6 7 19
70 6 8 16
70 6 9 19
71 2 1 62
71 2 2 64
71 2 4 58
71 2 5 53
71 2 7 58
71 2 9 60
71 2 10 63
71 2 11 62
71 10 1 55
71 10 2 57
71 10 4 67
71 10 5 60
71 10 6 67
71 10 7 67
71 10 9 64
71 10 10 61
71 11 1 58
71 11 2 60
71 11 5 54
71 11 6 49
71 11 7 54
71 11 9 56
71 11 10 59
71 11 11 58
71 13 0 46
71 13 1 53
71 13 2 53
71 13 4 52
71 13 5 52
71 13 6 51
71 13 7 51
71 13 9 45
72 3 3 57
72 3 4 59
72 3 5 69
72 3 6 62
72 3 8 69
72 3 9 69
72 3 10 66
72 3 11 63
72 11 1 59
72 11 2 61
72 11 5 71
72 11 6 64
72 11 7 71
72 11 9 71
72 11 10 68
72 11 11 65
72 13 0 82
72 13 1 70
72 13 2 77
72 13 4 79
72 13 5 72
72 13 6 82
72 13 7 69
72 13 9 81
73 0 0 88
73 0 3 78
73 0 5 78
73 0 6 73
73 0 7 90
73 0 9 80
73 0 10 89
73 0 11 88
73 2 1 90
73 2 2 80
73 2 4 80
73 2 5 75
73 2 7 92
73 2 9 82
73 2 10 91
73 2 11 90
73 7 0 92
73 7 2 82
73 7 4 82
73 7 5 77
73 7 7 94
73 7 8 84
73 7 10 93
73 7 11 92
73 9 1 87
73 9 2 77
73 9 3 77
73 9 5 72
73 9 7 89
73 9 9 79
73 9 10 88
73 9 11 87
74 0 0 42
74 0 3 44
74 0 5 46
74 0 6 41
74 0 7 44
74 0 9 42
74 0 10 43
74 0 11 50
74 1 0 56
74 1 3 58
74 1 4 52
74 1 5 47
74 1 6 52
74 1 7 54
74 1 10 57
74 1 11 56
74 6 0 56
74 6 1 58
74 6 2 52
74 6 4 47
74 6 6 52
74 6 7 54
74 6 8 57
74 6 9 56
74 8 0 55
74 8 2 57
74 8 4 51
74 8 5 46
74 8 6 51
74 8 8 53
74 8 9 56
74 8 10 55
75 1 0 21
75 1 3 23
75 1 4 23
75 1 5 18
75 1 6 23
75 1 7 19
75 1 10 22
75 1 11 21
75 9 1 23
75 9 2 25
75 9 3 25
75 9 5 20
75 9 7 25
75 9 9 21
75 9 10 24
75 9 11 23
75 11 1 23
75 11 2 25
75 11 5 25
75 11 6 20
75 11 7 25
75 11 9 21
75 11 10 24
75 11 11 23
75 12 0 19
75 12 1 16
75 12 3 18
75 12 5 19
75 12 6 17
75 12 7 19
75 12 10 16
75 12 11 19
75 14 1 23
75 14 2 25
75 14 3 25
75 14 4 20
75 14 5 25
75 14 7 21
75 14 9 24
75 14 10 23
76 3 3 42
76 3 4 36
76 3 5 40
76 3 6 41
76 3 8 37
76 3 9 42
76 3 10 36
76 3 11 42
76 5 0 37
76 5 1 39
76 5 2 41
76 5 4 36
76 5 5 39
76 5 9 37
76 5 10 38
76 5 11 45
76 6 0 39
76 6 1 41
76 6 2 43
76 6 4 38
76 6 6 41
76 6 7 39
76 6 8 40
76 6 9 47
76 9 1 41
76 9 2 35
76 9 3 39
76 9 5 40
76 9 7 36
76 9 9 41
76 9 10 35
76 9 11 41
77 3 3 93
77 3 4 83
77 3 5 83
77 3 6 78
77 3 8 95
77 3 9 85
77 3 10 94
77 3 11 93
77 7 0 84
77 7 2 72
77 7 4 79
77 7 5 81
77 7 7 74
77 7 8 84
77 7 10 71
77 7 11 83
77 8 0 84
77 8 2 72
77 8 4 79
77 8 5 81
77 8 6 74
77 8 8 84
77 8 9 71
77 8 10 83
77 13 0 79
77 13 1 67
77 13 2 74
77 13 4 76
77 13 5 69
77 13 6 79
77 13 7 66
77 13 9 78
78 2 1 40
78 2 2 34
78 2 4 38
78 2 5 39
78 2 7 35
78 2 9 40
78 2 10 34
78 2 11 40
78 6 0 42
78 6 1 36
78 6 2 40
78 6 4 41
78 6 6 37
78 6 7 42
78 6 8 36
78 6 9 42
78 8 0 37
78 8 2 39
78 8 4 41
78 8 5 36
78 8 6 39
78 8 8 37
78 8 9 38
78 8 10 45
79 3 3 37
79 3 4 39
79 3 5 41
79 3 6 36
79 3 8 39
79 3 9 37
79 3 10 38
79 3 11 45
79 6 0 38
79 6 1 32
79 6 2 36
79 6 4 37
79 6 6 33
79 6 7 38
79 6 8 32
79 6 9 38
79 10 1 42
79 10 2 36
79 10 4 40
79 10 5 41
79 10 6 37
79 10 7 42
79 10 9 36
79 10 10 42
79 12 0 42
79 12 1 41
79 12 3 41
79 12 5 36
79 12 6 44
79 12 7 43
79 12 10 43
79 12 11 42
79 14 1 39
79 14 2 33
79 14 3 37
79 14 4 38
79 14 5 34
79 14 7 39
79 14 9 33
79 14 10 39
80 3 3 95
80 3 4 85
80 3 5 85
80 3 6 80
80 3 8 97
80 3 9 87
80 3 10 96
80 3 11 95
80 5 0 86
80 5 1 74
80 5 2 81
80 5 4 83
80 5 5 76
80 5 9 86
80 5 10 73
80 5 11 85
80 9 1 86
80 9 2 74
80 9 3 81
80 9 5 83
80 9 7 76
80 9 9 86
80 9 10 73
80 9 11 85
80 11 1 81
80 11 2 69
80 11 5 76
80 11 6 78
80 11 7 71
80 11 9 81
80 11 10 68
80 11 11 80
81 0 0 17
81 0 3 14
81 0 5 16
81 0 6 17
81 0 7 15
81 0 9 17
81 0 10 14
81 0 11 17
81 3 3 14
81 3 4 11
81 3 5 13
81 3 6 14
81 3 8 12
81 3 9 14
81 3 10 11
81 3 11 14
81 4 0 16
81 4 1 13
81 4 3 15
81 4 4 16
81 4 5 14
81 4 6 16
81 4 10 13
81 4 11 16
81 5 0 17
81 5 1 14
81 5 2 16
81 5 4 17
81 5 5 15
81 5 9 17
81 5 10 14
81 5 11 17
81 14 1 15
81 14 2 12
81 14 3 14
81 14 4 15
81 14 5 13
81 14 7 15
81 14 9 12
81 14 10 15
82 2 1 19
82 2 2 16
82 2 4 18
82 2 5 19
82 2 7 17
82 2 9 19
82 2 10 16
82 2 11 19
82 3 3 16
82 3 4 13
82 3 5 15
82 3 6 16
82 3 8 14
82 3 9 16
82 3 10 13
82 3 11 16
82 5 0 18
82 5 1 15
82 5 2 17
82 5 4 18
82 5 5 16
82 5 9 18
82 5 10 15
82 5 11 18
82 10 1 19
82 10 2 16
82 10 4 18
82 10 5 19
82 10 6 17
82 10 7 19
82 10 9 16
82 10 10 19
83 1 0 57
83 1 3 59
83 1 4 53
83 1 5 48
83 1 6 53
83 1 7 55
83 1 10 58
83 1 11 57
83 5 0 60
83 5 1 62
83 5 2 56
83 5 4 51
83 5 5 56
83 5 9 58
83 5 10 61
83 5 11 60
83 10 1 56
83 10 2 58
83 10 4 68
83 10 5 61
83 10 6 68
83 10 7 68
83 10 9 65
83 10 10 62
83 11 1 60
83 11 2 62
83 11 5 72
83 11 6 65
83 11 7 72
83 11 9 72
83 11 10 69
83 11 11 66
83 12 0 57
83 12 1 59
83 12 3 53
83 12 5 48
83 12 6 53
83 12 7 55
83 12 10 58
83 12 11 57
84 1 0 23
84 1 3 25
84 1 4 25
84 1 5 20
84 1 6 25
84 1 7 21
84 1 10 24
84 1 11 23
84 7 0 25
84 7 2 27
84 7 4 27
84 7 5 22
84 7 7 27
84 7 8 23
84 7 10 26
84 7 11 25
84 8 0 25
84 8 2 27
84 8 4 27
84 8 5 22
84 8 6 27
84 8 8 23
84 8 9 26
84 8 10 25
84 9 1 19
84 9 2 21
84 9 3 18
84 9 5 18
84 9 7 21
84 9 9 19
84 9 10 20
84 9 11 22
84 13 0 25
84 13 1 27
84 13 2 27
84 13 4 22
84 13 5 27
84 13 6 23
84 13 7 26
84 13 9 25
85 0 0 28
85 0 3 30
85 0 5 30
85 0 6 25
85 0 7 30
85 0 9 26
85 0 10 29
85 0 11 28
85 1 0 28
85 1 3 30
85 1 4 33
85 1 5 33
85 1 6 33
85 1 7 33
85 1 10 30
85 1 11 27
85 10 1 28
85 10 2 30
85 10 4 33
85 10 5 33
85 10 6 33
85 10 7 33
85 10 9 30
85 10 10 27
85 12 0 25
85 12 1 27
85 12 3 27
85 12 5 22
85 12 6 27
85 12 7 23
85 12 10 26
85 12 11 25
86 3 3 54
86 3 4 57
86 3 5 62
86 3 6 66
86 3 8 54
86 3 9 62
86 3 10 65
86 3 11 63
86 6 0 56
86 6 1 58
86 6 2 68
86 6 4 61
86 6 6 68
86 6 7 68
86 6 8 65
86 6 9 62
86 7 0 79
86 7 2 67
86 7 4 74
86 7 5 76
86 7 7 69
86 7 8 79
86 7 10 66
86 7 11 78
86 10 1 59
86 10 2 61
86 10 4 71
86 10 5 64
86 10 6 71
86 10 7 71
86 10 9 68
86 10 10 65
86 14 1 79
86 14 2 67
86 14 3 74
86 14 4 76
86 14 5 69
86 14 7 79
86 14 9 66
86 14 10 78
87 4 0 55
87 4 1 57
87 4 3 67
87 4 4 60
87 4 5 67
87 4 6 67
87 4 10 64
87 4 11 61
87 5 0 57
87 5 1 59
87 5 2 69
87 5 4 62
87 5 5 69
87 5 9 69
87 5 10 66
87 5 11 63
87 7 0 60
87 7 2 62
87 7 4 56
87 7 5 51
87 7 7 56
87 7 8 58
87 7 10 61
87 7 11 60
88 6 0 59
88 6 1 61
88 6 2 55
88 6 4 50
88 6 6 55
88 6 7 57
88 6 8 60
88 6 9 59
88 7 0 61
88 7 2 63
88 7 4 57
88 7 5 52
88 7 7 57
88 7 8 59
88 7 10 62
88 7 11 61
88 9 1 55
88 9 2 57
88 9 3 51
88 9 5 46
88 9 7 51
88 9 9 53
88 9 10 56
88 9 11 55
88 11 1 43
88 11 2 45
88 11 5 47
88 11 6 42
88 11 7 45
88 11 9 43
88 11 10 44
88 11 11 51
88 14 1 55
88 14 2 57
88 14 3 51
88 14 4 46
88 14 5 51
88 14 7 53
88 14 9 56
88 14 10 55
89 0 0 14
89 0 3 11
89 0 5 13
89 0 6 14
89 0 7 12
89 0 9 14
89 0 10 11
89 0 11 14
89 1 0 9
89 1 3 11
89 1 4 11
89 1 5 9
89 1 6 11
89 1 7 10
89 1 10 10
89 1 11 9
89 3 3 13
89 3 4 10
89 3 5 12
89 3 6 13
89 3 8 11
89 3 9 13
89 3 10 10
89 3 11 13
89 6 0 14
89 6 1 11
89 6 2 13
89 6 4 14
89 6 6 12
89 6 7 14
89 6 8 11
89 6 9 14
89 8 0 12
89 8 2 9
89 8 4 11
89 8 5 12
89 8 6 10
89 8 8 12
89 8 9 9
89 8 10 12
90 5 0 88
90 5 1 78
90 5 2 78
90 5 4 73
90 5 5 90
90 5 9 80
90 5 10 89
90 5 11 88
90 9 1 90
90 9 2 80
90 9 3 80
90 9 5 75
90 9 7 92
90 9 9 82
90 9 10 91
90 9 11 90
90 12 0 92
90 12 1 82
90 12 3 82
90 12 5 77
90 12 6 94
90 12 7 84
90 12 10 93
90 12 11 92
91 5 0 29
91 5 1 31
91 5 2 31
91 5 4 26
91 5 5 31
91 5 9 27
91 5 10 30
91 5 11 29
91 6 0 34
91 6 1 28
91 6 2 32
91 6 4 33
91 6 6 29
91 6 7 34
91 6 8 28
91 6 9 34
91 12 0 34
91 12 1 28
91 12 3 32
91 12 5 33
91 12 6 29
91 12 7 34
91 12 10 28
91 12 11 34
92 2 1 42
92 2 2 36
92 2 4 40
92 2 5 41
92 2 7 37
92 2 9 42
92 2 10 36
92 2 11 42
92 6 0 36
92 6 1 30
92 6 2 34
92 6 4 35
92 6 6 31
92 6 7 36
92 6 8 30
92 6 9 36
92 8 0 40
92 8 2 34
92 8 4 38
92 8 5 39
92 8 6 35
92 8 8 40
92 8 9 34
92 8 10 40
92 11 1 41
92 11 2 35
92 11 5 39
92 11 6 40
92 11 7 36
92 11 9 41
92 11 10 35
92 11 11 41
92 13 0 37
92 13 1 31
92 13 2 35
92 13 4 36
92 13 5 32
92 13 6 37
92 13 7 31
92 13 9 37
93 4 0 20
93 4 1 17
93 4 3 19
93 4 4 20
93 4 5 18
93 4 6 20
93 4 10 17
93 4 11 20
93 6 0 17
93 6 1 14
93 6 2 16
93 6 4 17
93 6 6 15
93 6 7 17
93 6 8 14
93 6 9 17
93 7 0 19
93 7 2 16
93 7 4 18
93 7 5 19
93 7 7 17
93 7 8 19
93 7 10 16
93 7 11 19
93 10 1 20
93 10 2 17
93 10 4 19
93 10 5 20
93 10 6 18
93 10 7 20
93 10 9 17
93 10 10 20
94 3 3 41
94 3 4 35
94 3 5 39
94 3 6 40
94 3 8 36
94 3 9 41
94 3 10 35
94 3 11 41
94 4 0 35
94 4 1 29
94 4 3 33
94 4 4 34
94 4 5 30
94 4 6 35
94 4 10 29
94 4 11 35
94 5 0 39
94 5 1 33
94 5 2 37
94 5 4 38
94 5 5 34
94 5 9 39
94 5 10 33
94 5 11 39
94 12 0 40
94 12 1 34
94 12 3 38
94 12 5 39
94 12 6 35
94 12 7 40
94 12 10 34
94 12 11 40
95 0 0 93
95 0 3 83
95 0 5 83
95 0 6 78
95 0 7 95
95 0 9 85
95 0 10 94
95 0 11 93
95 1 0 84
95 1 3 72
95 1 4 79
95 1 5 81
95 1 6 74
95 1 7 84
95 1 10 71
95 1 11 83
95 2 1 84
95 2 2 72
95 2 4 79
95 2 5 81
95 2 7 74
95 2 9 84
95 2 10 71
95 2 11 83
95 8 0 79
95 8 2 67
95 8 4 74
95 8 5 76
95 8 6 69
95 8 8 79
95 8 9 66
95 8 10 78
95 11 1 95
95 11 2 85
95 11 5 85
95 11 6 80
95 11 7 97
95 11 9 87
95 11 10 96
95 11 11 95
96 4 0 15
96 4 1 12
96 4 3 14
96 4 4 15
96 4 5 13
96 4 6 15
96 4 10 12
96 4 11 15
96 5 0 12
96 5 1 9
96 5 2 11
96 5 4 12
96 5 5 10
96 5 9 12
96 5 10 9
96 5 11 12
96 10 1 14
96 10 2 11
96 10 4 13
96 10 5 14
96 10 6 12
96 10 7 14
96 10 9 11
96 10 10 14
96 11 1 15
96 11 2 12
96 11 5 14
96 11 6 15
96 11 7 13
96 11 9 15
96 11 10 12
96 11 11 15
96 14 1 13
96 14 2 10
96 14 3 12
96 14 4 13
96 14 5 11
96 14 7 13
96 14 9 10
96 14 10 13
97 6 0 58
97 6 1 60
97 6 2 54
97 6 4 49
97 6 6 54
97 6 7 56
97 6 8 59
97 6 9 58
97 7 0 60
97 7 2 62
97 7 4 56
97 7 5 51
97 7 7 56
97 7 8 58
97 7 10 61
97 7 11 60
97 13 0 61
97 13 1 63
97 13 2 73
97 13 4 66
97 13 5 73
97 13 6 73
97 13 7 70
97 13 9 67
98 3 3 19
98 3 4 21
98 3 5 18
98 3 6 18
98 3 8 21
98 3 9 19
98 3 10 20
98 3 11 22
98 8 0 18
98 8 2 15
98 8 4 17
98 8 5 18
98 8 6 16
98 8 8 18
98 8 9 15
98 8 10 18
98 10 1 20
98 10 2 17
98 10 4 19
98 10 5 20
98 10 6 18
98 10 7 20
98 10 9 17
98 10 10 20
98 12 0 19
98 12 1 21
98 12 3 18
98 12 5 18
98 12 6 21
98 12 7 19
98 12 10 20
98 12 11 22
98 14 1 19
98 14 2 16
98 14 3 18
98 14 4 19
98 14 5 17
98 14 7 19
98 14 9 16
98 14 10 19
99 7 0 56
99 7 2 58
99 7 4 68
99 7 5 61
99 7 7 68
99 7 8 68
99 7 10 65
99 7 11 62
99 9 1 58
99 9 2 60
99 9 3 70
99 9 5 63
99 9 7 70
99 9 9 70
99 9 10 67
99 9 11 64
99 11 1 81
99 11 2 69
99 11 5 76
99 11 6 78
99 11 7 71
99 11 9 81
99 11 10 68
99 11 11 80
99 12 0 61
99 12 1 63
99 12 3 73
99 12 5 66
99 12 6 73
99 12 7 73
99 12 10 70
99 12 11 67
99 13 0 81
99 13 1 69
99 13 2 76
99 13 4 78
99 13 5 71
99 13 6 81
99 13 7 68
99 13 9 80
100 1 0 83
100 1 3 85
100 1 4 87
100 1 5 82
100 1 6 95
100 1 7 93
100 1 10 84
100 1 11 91
100 4 0 88
100 4 1 78
100 4 3 78
100 4 4 73
100 4 5 90
100 4 6 80
100 4 10 89
100 4 11 88
100 10 1 88
100 10 2 78
100 10 4 78
100 10 5 73
100 10 6 90
100 10 7 80
100 10 9 89
100 10 10 88
100 13 0 84
100 13 1 72
100 13 2 79
100 13 4 81
100 13 5 74
100 13 6 84
100 13 7 71
100 13 9 83
101 2 1 28
101 2 2 30
101 2 4 30
101 2 5 25
101 2 7 30
101 2 9 26
101 2 10 29
101 2 11 28
101 3 3 28
101 3 4 30
101 3 5 33
101 3 6 33
101 3 8 33
101 3 9 33
101 3 10 30
101 3 11 27
101 7 0 28
101 7 2 30
101 7 4 33
101 7 5 33
101 7 7 33
101 7 8 33
101 7 10 30
101 7 11 27
101 12 0 25
101 12 1 27
101 12 3 27
101 12 5 22
101 12 6 27
101 12 7 23
101 12 10 26
101 12 11 25
102 0 0 94
102 0 3 84
102 0 5 84
102 0 6 79
102 0 7 96
102 0 9 86
102 0 10 95
102 0 11 94
102 3 3 96
102 3 4 91
102 3 5 93
102 3 6 87
102 3 8 93
102 3 9 82
102 3 10 89
102 3 11 97
102 7 0 83
102 7 2 85
102 7 4 87
102 7 5 82
102 7 7 95
102 7 8 93
102 7 10 84
102 7 11 91
102 10 1 93
102 10 2 83
102 10 4 83
102 10 5 78
102 10 6 95
102 10 7 85
102 10 9 94
102 10 10 93
103 0 0 59
103 0 3 61
103 0 5 55
103 0 6 50
103 0 7 55
103 0 9 57
103 0 10 60
103 0 11 59
103 5 0 61
103 5 1 63
103 5 2 57
103 5 4 52
103 5 5 57
103 5 9 59
103 5 10 62
103 5 11 61
103 13 0 55
103 13 1 57
103 13 2 51
103 13 4 46
103 13 5 51
103 13 6 53
103 13 7 56
103 13 9 55
104 5 0 39
104 5 1 33
104 5 2 37
104 5 4 38
104 5 5 34
104 5 9 39
104 5 10 33
104 5 11 39
104 6 0 28
104 6 1 30
104 6 2 33
104 6 4 33
104 6 6 33
104 6 7 33
104 6 8 30
104 6 9 27
104 7 0 37
104 7 2 31
104 7 4 35
104 7 5 36
104 7 7 32
104 7 8 37
104 7 10 31
104 7 11 37
104 10 1 38
104 10 2 32
104 10 4 36
104 10 5 37
104 10 6 33
104 10 7 38
104 10 9 32
104 10 10 38
104 13 0 34
104 13 1 28
104 13 2 32
104 13 4 33
104 13 5 29
104 13 6 34
104 13 7 28
104 13 9 34
105 1 0 62
105 1 3 64
105 1 4 58
105 1 5 53
105 1 6 58
105 1 7 60
105 1 10 63
105 1 11 62
105 8 0 55
105 8 2 57
105 8 4 67
105 8 5 60
105 8 6 67
105 8 8 67
105 8 9 64
105 8 10 61
105 14 1 78
105 14 2 66
105 14 3 73
105 14 4 75
105 14 5 68
105 14 7 78
105 14 9 65
105 14 10 77
106 5 0 60
106 5 1 62
106 5 2 56
106 5 4 51
106 5 5 56
106 5 9 58
106 5 10 61
106 5 11 60
106 11 1 62
106 11 2 64
106 11 5 58
106 11 6 53
106 11 7 58
106 11 9 60
106 11 10 63
106 11 11 62
106 12 0 56
106 12 1 58
106 12 3 52
106 12 5 47
106 12 6 52
106 12 7 54
106 12 10 57
106 12 11 56
106 13 0 44
106 13 1 46
106 13 2 48
106 13 4 43
106 13 5 46
106 13 6 44
106 13 7 45
106 13 9 52
107 1 0 39
107 1 3 33
107 1 4 37
107 1 5 38
107 1 6 34
107 1 7 39
107 1 10 33
107 1 11 39
107 6 0 28
107 6 1 30
107 6 2 33
107 6 4 33
107 6 6 33
107 6 7 33
107 6 8 30
107 6 9 27
107 7 0 37
107 7 2 31
107 7 4 35
107 7 5 36
107 7 7 32
107 7 8 37
107 7 10 31
107 7 11 37
107 9 1 38
107 9 2 32
107 9 3 36
107 9 5 37
107 9 7 33
107 9 9 38
107 9 10 32
107 9 11 38
108 1 0 54
108 1 3 57
108 1 4 62
108 1 5 66
108 1 6 54
108 1 7 62
108 1 10 65
108 1 11 63
108 2 1 56
108 2 2 58
108 2 4 68
108 2 5 61
108 2 7 68
108 2 9 68
108 2 10 65
108 2 11 62
108 8 0 79
108 8 2 67
108 8 4 74
108 8 5 76
108 8 6 69
108 8 8 79
108 8 9 66
108 8 10 78
109 0 0 28
109 0 3 30
109 0 5 30
109 0 6 25
109 0 7 30
109 0 9 26
109 0 10 29
109 0 11 28
109 3 3 28
109 3 4 30
109 3 5 33
109 3 6 33
109 3 8 33
109 3 9 33
109 3 10 30
109 3 11 27
109 10 1 28
109 10 2 30
109 10 4 33
109 10 5 33
109 10 6 33
109 10 7 33
109 10 9 30
109 10 10 27
109 11 1 25
109 11 2 27
109 11 5 27
109 11 6 22
109 11 7 27
109 11 9 23
109 11 10 26
109 11 11 25
110 4 0 40
110 4 1 34
110 4 3 38
110 4 4 39
110 4 5 35
110 4 6 40
110 4 10 34
110 4 11 40
110 8 0 34
110 8 2 28
110 8 4 32
110 8 5 33
110 8 6 29
110 8 8 34
110 8 9 28
110 8 10 34
110 10 1 38
110 10 2 32
110 10 4 36
110 10 5 37
110 10 6 33
110 10 7 38
110 10 9 32
110 10 10 38
111 2 1 17
111 2 2 14
111 2 4 16
111 2 5 17
111 2 7 15
111 2 9 17
111 2 10 14
111 2 11 17
111 4 0 14
111 4 1 11
111 4 3 13
111 4 4 14
111 4 5 12
111 4 6 14
111 4 10 11
111 4 11 14
111 8 0 16
111 8 2 13
111 8 4 15
111 8 5 16
111 8 6 14
111 8 8 16
111 8 9 13
111 8 10 16
111 12 0 17
111 12 1 14
111 12 3 16
111 12 5 17
111 12 6 15
111 12 7 17
111 12 10 14
111 12 11 17
111 13 0 15
111 13 1 12
111 13 2 14
111 13 4 15
111 13 5 13
111 13 6 15
111 13 7 12
111 13 9 15
112 2 1 28
112 2 2 30
112 2 4 30
112 2 5 25
112 2 7 30
112 2 9 26
112 2 10 29
112 2 11 28
112 6 0 28
112 6 1 30
112 6 2 33
112 6 4 33
112 6 6 33
112 6 7 33
112 6 8 30
112 6 9 27
112 13 0 28
112 13 1 30
112 13 2 33
112 13 4 33
112 13 5 33
112 13 6 33
112 13 7 30
112 13 9 27
113 0 0 42
113 0 3 41
113 0 5 41
113 0 6 36
113 0 7 44
113 0 9 43
113 0 10 43
113 0 11 42
113 5 0 38
113 5 1 40
113 5 2 42
113 5 4 37
113 5 5 40
113 5 9 38
113 5 10 39
113 5 11 46
113 6 0 40
113 6 1 42
113 6 2 44
113 6 4 39
113 6 6 42
113 6 7 40
113 6 8 41
113 6 9 48
113 11 1 42
113 11 2 36
113 11 5 40
113 11 6 41
113 11 7 37
113 11 9 42
113 11 10 36
113 11 11 42
113 14 1 38
113 14 2 40
113 14 3 42
113 14 4 37
113 14 5 40
113 14 7 38
113 14 9 39
113 14 10 46
114 1 0 88
114 1 3 78
114 1 4 78
114 1 5 73
114 1 6 90
114 1 7 80
114 1 10 89
114 1 11 88
114 3 3 69
114 3 4 71
114 3 5 68
114 3 6 63
114 3 8 71
114 3 9 64
114 3 10 70
114 3 11 72
114 13 0 84
114 13 1 72
114 13 2 79
114 13 4 81
114 13 5 74
114 13 6 84
114 13 7 71
114 13 9 83
114 14 1 86
114 14 2 74
114 14 3 81
114 14 4 83
114 14 5 76
114 14 7 86
114 14 9 73
114 14 10 85
115 1 0 59
115 1 3 61
115 1 4 55
115 1 5 50
115 1 6 55
115 1 7 57
115 1 10 60
115 1 11 59
115 3 3 61
115 3 4 63
115 3 5 57
115 3 6 52
115 3 8 57
115 3 9 59
115 3 10 62
115 3 11 61
115 5 0 55
115 5 1 57
115 5 2 51
115 5 4 46
115 5 5 51
115 5 9 53
115 5 10 56
115 5 11 55
116 0 0 89
116 0 3 79
116 0 5 79
116 0 6 74
116 0 7 91
116 0 9 81
116 0 10 90
116 0 11 89
116 2 1 78
116 2 2 66
116 2 4 73
116 2 5 75
116 2 7 68
116 2 9 78
116 2 10 65
116 2 11 77
116 3 3 85
116 3 4 73
116 3 5 80
116 3 6 82
116 3 8 75
116 3 9 85
116 3 10 72
116 3 11 84
116 6 0 83
116 6 1 83
116 6 2 74
116 6 4 84
116 6 6 82
116 6 7 84
116 6 8 74
116 6 9 76
117 6 0 19
117 6 1 16
117 6 2 18
117 6 4 19
117 6 6 17
117 6 7 19
117 6 8 16
117 6 9 19
117 7 0 16
117 7 2 13
117 7 4 15
117 7 5 16
117 7 7 14
117 7 8 16
117 7 10 13
117 7 11 16
117 10 1 18
117 10 2 15
117 10 4 17
117 10 5 18
117 10 6 16
117 10 7 18
117 10 9 15
117 10 10 18
118 1 0 58
118 1 3 60
118 1 4 54
118 1 5 49
118 1 6 54
118 1 7 56
118 1 10 59
118 1 11 58
118 10 1 60
118 10 2 62
118 10 4 56
118 10 5 51
118 10 6 56
118 10 7 58
118 10 9 61
118 10 10 60
118 12 0 54
118 12 1 56
118 12 3 50
118 12 5 45
118 12 6 50
118 12 7 52
118 12 10 55
118 12 11 54
118 14 1 42
118 14 2 44
118 14 3 46
118 14 4 41
118 14 5 44
118 14 7 42
118 14 9 43
118 14 10 50
119 0 0 40
119 0 3 42
119 0 5 44
119 0 6 39
119 0 7 42
119 0 9 40
119 0 10 41
119 0 11 48
119 3 3 42
119 3 4 44
119 3 5 46
119 3 6 41
119 3 8 44
119 3 9 42
119 3 10 43
119 3 11 50
119 6 0 44
119 6 1 46
119 6 2 48
119 6 4 43
119 6 6 46
119 6 7 44
119 6 8 45
119 6 9 52
119 9 1 39
119 9 2 41
119 9 3 43
119 9 5 38
119 9 7 41
119 9 9 39
119 9 10 40
119 9 11 47
119 14 1 42
119 14 2 44
119 14 3 46
119 14 4 41
119 14 5 44
119 14 7 42
119 14 9 43
119 14 10 50
120 1 0 38
120 1 3 32
120 1 4 36
120 1 5 37
120 1 6 33
120 1 7 38
120 1 10 32
120 1 11 38
120 2 1 29
120 2 2 31
120 2 4 31
120 2 5 26
120 2 7 31
120 2 9 27
120 2 10 30
120 2 11 29
120 11 1 36
120 11 2 30
120 11 5 34
120 11 6 35
120 11 7 31
120 11 9 36
120 11 10 30
120 11 11 36
120 13 0 37
120 13 1 31
120 13 2 35
120 13 4 36
120 13 5 32
120 13 6 37
120 13 7 31
120 13 9 37
121 2 1 92
121 2 2 82
121 2 4 82
121 2 5 77
121 2 7 94
121 2 9 84
121 2 10 93
121 2 11 92
121 8 0 94
121 8 2 84
121 8 4 84
121 8 5 79
121 8 6 96
121 8 8 86
121 8 9 95
121 8 10 94
121 9 1 96
121 9 2 91
121 9 3 93
121 9 5 87
121 9 7 93
121 9 9 82
121 9 10 89
121 9 11 97
121 11 1 91
121 11 2 81
121 11 5 81
121 11 6 76
121 11 7 93
121 11 9 83
121 11 10 92
121 11 11 91
121 14 1 89
121 14 2 91
121 14 3 93
121 14 4 88
121 14 5 101
121 14 7 99
121 14 9 90
121 14 10 97
122 0 0 39
122 0 3 41
122 0 5 43
122 0 6 38
122 0 7 41
122 0 9 39
122 0 10 40
122 0 11 47
122 3 3 41
122 3 4 43
122 3 5 45
122 3 6 40
122 3 8 43
122 3 9 41
122 3 10 42
122 3 11 49
122 5 0 43
122 5 1 45
122 5 2 47
122 5 4 42
122 5 5 45
122 5 9 43
122 5 10 44
122 5 11 51
122 6 0 38
122 6 1 40
122 6 2 42
122 6 4 37
122 6 6 40
122 6 7 38
122 6 8 39
122 6 9 46
123 6 0 83
123 6 1 85
123 6 2 87
123 6 4 82
123 6 6 95
123 6 7 93
123 6 8 84
123 6 9 91
123 8 0 88
123 8 2 78
123 8 4 78
123 8 5 73
123 8 6 90
123 8 8 80
123 8 9 89
123 8 10 88
123 11 1 88
123 11 2 78
123 11 5 78
123 11 6 73
123 11 7 90
123 11 9 80
123 11 10 89
123 11 11 88
124 1 0 93
124 1 3 83
124 1 4 83
124 1 5 78
124 1 6 95
124 1 7 85
124 1 10 94
124 1 11 93
124 4 0 95
124 4 1 85
124 4 3 85
124 4 4 80
124 4 5 97
124 4 6 87
124 4 10 96
124 4 11 95
124 9 1 82
124 9 2 84
124 9 3 86
124 9 5 81
124 9 7 94
124 9 9 92
124 9 10 83
124 9 11 90
124 10 1 92
124 10 2 82
124 10 4 82
124 10 5 77
124 10 6 94
124 10 7 84
124 10 9 93
124 10 10 92
124 11 1 90
124 11 2 92
124 11 5 94
124 11 6 89
124 11 7 102
124 11 9 100
124 11 10 91
124 11 11 98
125 0 0 96
125 0 3 91
125 0 5 93
125 0 6 87
125 0 7 93
125 0 9 82
125 0 10 89
125 0 11 97
125 2 1 83
125 2 2 85
125 2 4 87
125 2 5 82
125 2 7 95
125 2 9 93
125 2 10 84
125 2 11 91
125 3 3 85
125 3 4 87
125 3 5 89
125 3 6 84
125 3 8 97
125 3 9 95
125 3 10 86
125 3 11 93
125 9 1 95
125 9 2 85
125 9 3 85
125 9 5 80
125 9 7 97
125 9 9 87
125 9 10 96
125 9 11 95
125 13 0 92
125 13 1 110
125 13 2 110
125 13 4 109
125 13 5 98
125 13 6 108
125 13 7 97
125 13 9 102
126 6 0 42
126 6 1 41
126 6 2 41
126 6 4 36
126 6 6 44
126 6 7 43
126 6 8 43
126 6 9 42
126 8 0 37
126 8 2 31
126 8 4 35
126 8 5 36
126 8 6 32
126 8 8 37
126 8 9 31
126 8 10 37
126 9 1 41
126 9 2 35
126 9 3 39
126 9 5 40
126 9 7 36
126 9 9 41
126 9 10 35
126 9 11 41
126 12 0 42
126 12 1 36
126 12 3 40
126 12 5 41
126 12 6 37
126 12 7 42
126 12 10 36
126 12 11 42
127 0 0 40
127 0 3 34
127 0 5 38
127 0 6 39
127 0 7 35
127 0 9 40
127 0 10 34
127 0 11 40
127 2 1 42
127 2 2 36
127 2 4 40
127 2 5 41
127 2 7 37
127 2 9 42
127 2 10 36
127 2 11 42
127 9 1 37
127 9 2 39
127 9 3 41
127 9 5 36
127 9 7 39
127 9 9 37
127 9 10 38
127 9 11 45
127 12 0 39
127 12 1 33
127 12 3 37
127 12 5 38
127 12 6 34
127 12 7 39
127 12 10 33
127 12 11 39
127 13 0 42
127 13 1 36
127 13 2 40
127 13 4 41
127 13 5 37
127 13 6 42
127 13 7 36
127 13 9 42
128 4 0 20
128 4 1 17
128 4 3 19
128 4 4 20
128 4 5 18
128 4 6 20
128 4 10 17
128 4 11 20
128 5 0 17
128 5 1 14
128 5 2 16
128 5 4 17
128 5 5 15
128 5 9 17
128 5 10 14
128 5 11 17
128 9 1 19
128 9 2 16
128 9 3 18
128 9 5 19
128 9 7 17
128 9 9 19
128 9 10 16
128 9 11 19
128 13 0 20
128 13 1 17
128 13 2 19
128 13 4 20
128 13 5 18
128 13 6 20
128 13 7 17
128 13 9 20
129 0 0 38
129 0 3 32
129 0 5 36
129 0 6 37
129 0 7 33
129 0 9 38
129 0 10 32
129 0 11 38
129 11 1 29
129 11 2 31
129 11 5 31
129 11 6 26
129 11 7 31
129 11 9 27
129 11 10 30
129 11 11 29
129 13 0 36
129 13 1 30
129 13 2 34
129 13 4 35
129 13 5 31
129 13 6 36
129 13 7 30
129 13 9 36
130 5 0 38
130 5 1 40
130 5 2 42
130 5 4 37
130 5 5 40
130 5 9 38
130 5 10 39
130 5 11 46
130 8 0 39
130 8 2 33
130 8 4 37
130 8 5 38
130 8 6 34
130 8 8 39
130 8 9 33
130 8 10 39
130 10 1 42
130 10 2 41
130 10 4 41
130 10 5 36
130 10 6 44
130 10 7 43
130 10 9 43
130 10 10 42
130 14 1 37
130 14 2 39
130 14 3 41
130 14 4 36
130 14 5 39
130 14 7 37
130 14 9 38
130 14 10 45
131 1 0 19
131 1 3 16
131 1 4 18
131 1 5 19
131 1 6 17
131 1 7 19
131 1 10 16
131 1 11 19
131 4 0 16
131 4 1 13
131 4 3 15
131 4 4 16
131 4 5 14
131 4 6 16
131 4 10 13
131 4 11 16
131 13 0 18
131 13 1 15
131 13 2 17
131 13 4 18
131 13 5 16
131 13 6 18
131 13 7 15
131 13 9 18
132 5 0 42
132 5 1 44
132 5 2 46
132 5 4 41
132 5 5 44
132 5 9 42
132 5 10 43
132 5 11 50
132 8 0 56
132 8 2 58
132 8 4 52
132 8 5 47
132 8 6 52
132 8 8 54
132 8 9 57
132 8 10 56
132 10 1 56
132 10 2 58
132 10 4 52
132 10 5 47
132 10 6 52
132 10 7 54
132 10 9 57
132 10 10 56
132 12 0 55
132 12 1 57
132 12 3 51
132 12 5 46
132 12 6 51
132 12 7 53
132 12 10 56
132 12 11 55
133 2 1 93
133 2 2 83
133 2 4 83
133 2 5 78
133 2 7 95
133 2 9 85
133 2 10 94
133 2 11 93
133 6 0 95
133 6 1 85
133 6 2 85
133 6 4 80
133 6 6 97
133 6 7 87
133 6 8 96
133 6 9 95
133 10 1 82
133 10 2 84
133 10 4 86
133 10 5 81
133 10 6 94
133 10 7 92
133 10 9 83
133 10 10 90
133 11 1 92
133 11 2 82
133 11 5 82
133 11 6 77
133 11 7 94
133 11 9 84
133 11 10 93
133 11 11 92
134 0 0 9
134 0 3 8
134 0 5 9
134 0 6 9
134 0 7 8
134 0 9 9
134 0 10 8
134 0 11 9
134 2 1 12
134 2 2 9
134 2 4 11
134 2 5 12
134 2 7 10
134 2 9 12
134 2 10 9
134 2 11 12
134 6 0 12
134 6 1 9
134 6 2 11
134 6 4 12
134 6 6 10
134 6 7 12
134 6 8 9
134 6 9 12
134 11 1 9
134 11 2 8
134 11 5 9
134 11 6 9
134 11 7 8
134 11 9 9
134 11 10 8
134 11 11 9
135 2 1 39
135 2 2 41
135 2 4 43
135 2 5 38
135 2 7 41
135 2 9 39
135 2 10 40
135 2 11 47
135 10 1 41
135 10 2 43
135 10 4 45
135 10 5 40
135 10 6 43
135 10 7 41
135 10 9 42
135 10 10 49
135 11 1 43
135 11 2 45
135 11 5 47
135 11 6 42
135 11 7 45
135 11 9 43
135 11 10 44
135 11 11 51
136 2 1 89
136 2 2 79
136 2 4 79
136 2 5 74
136 2 7 91
136 2 9 81
136 2 10 90
136 2 11 89
136 4 0 89
136 4 1 79
136 4 3 79
136 4 4 74
136 4 5 91
136 4 6 81
136 4 10 90
136 4 11 89
136 5 0 81
136 5 1 69
136 5 2 76
136 5 4 78
136 5 5 71
136 5 9 81
136 5 10 68
136 5 11 80
136 14 1 90
136 14 2 80
136 14 3 80
136 14 4 75
136 14 5 92
136 14 7 82
136 14 9 91
136 14 10 90
137 4 0 55
137 4 1 57
137 4 3 67
137 4 4 60
137 4 5 67
137 4 6 67
137 4 10 64
137 4 11 61
137 8 0 57
137 8 2 59
137 8 4 69
137 8 5 62
137 8 6 69
137 8 8 69
137 8 9 66
137 8 10 63
137 13 0 60
137 13 1 62
137 13 2 56
137 13 4 51
137 13 5 56
137 13 6 58
137 13 7 61
137 13 9 60
138 2 1 89
138 2 2 79
138 2 4 79
138 2 5 74
138 2 7 91
138 2 9 81
138 2 10 90
138 2 11 89
138 4 0 78
138 4 1 66
138 4 3 73
138 4 4 75
138 4 5 68
138 4 6 78
138 4 10 65
138 4 11 77
138 5 0 85
138 5 1 73
138 5 2 80
138 5 4 82
138 5 5 75
138 5 9 85
138 5 10 72
138 5 11 84
138 7 0 83
138 7 2 83
138 7 4 74
138 7 5 84
138 7 7 82
138 7 8 84
138 7 10 74
138 7 11 76
138 14 1 80
138 14 2 68
138 14 3 75
138 14 4 77
138 14 5 70
138 14 7 80
138 14 9 67
138 14 10 79
139 2 1 16
139 2 2 13
139 2 4 15
139 2 5 16
139 2 7 14
139 2 9 16
139 2 10 13
139 2 11 16
139 8 0 13
139 8 2 10
139 8 4 12
139 8 5 13
139 8 6 11
139 8 8 13
139 8 9 10
139 8 10 13
139 12 0 15
139 12 1 12
139 12 3 14
139 12 5 15
139 12 6 13
139 12 7 15
139 12 10 12
139 12 11 15
139 13 0 16
139 13 1 13
139 13 2 15
139 13 4 16
139 13 5 14
139 13 6 16
139 13 7 13
139 13 9 16
140 0 0 41
140 0 3 35
140 0 5 39
140 0 6 40
140 0 7 36
140 0 9 41
140 0 10 35
140 0 11 41
140 5 0 42
140 5 1 41
140 5 2 41
140 5 4 36
140 5 5 44
140 5 9 43
140 5 10 43
140 5 11 42
140 12 0 38
140 12 1 40
140 12 3 42
140 12 5 37
140 12 6 40
140 12 7 38
140 12 10 39
140 12 11 46
141 0 0 57
141 0 3 59
141 0 5 53
141 0 6 48
141 0 7 53
141 0 9 55
141 0 10 58
141 0 11 57
141 9 1 59
141 9 2 61
141 9 3 55
141 9 5 50
141 9 7 55
141 9 9 57
141 9 10 60
141 9 11 59
141 10 1 46
141 10 2 53
141 10 4 53
141 10 5 52
141 10 6 52
141 10 7 51
141 10 9 51
141 10 10 45
142 1 0 61
142 1 3 63
142 1 4 57
142 1 5 52
142 1 6 57
142 1 7 59
142 1 10 62
142 1 11 61
142 8 0 54
142 8 2 57
142 8 4 62
142 8 5 66
142 8 6 54
142 8 8 62
142 8 9 65
142 8 10 63
142 11 1 57
142 11 2 59
142 11 5 53
142 11 6 48
142 11 7 53
142 11 9 55
142 11 10 58
142 11 11 57
143 5 0 93
143 5 1 83
143 5 2 83
143 5 4 78
143 5 5 95
143 5 9 85
143 5 10 94
143 5 11 93
143 6 0 84
143 6 1 72
143 6 2 79
143 6 4 81
143 6 6 74
143 6 7 84
143 6 8 71
143 6 9 83
143 8 0 84
143 8 2 72
143 8 4 79
143 8 5 81
143 8 6 74
143 8 8 84
143 8 9 71
143 8 10 83
143 14 1 79
143 14 2 67
143 14 3 74
143 14 4 76
143 14 5 69
143 14 7 79
143 14 9 66
143 14 10 78
144 3 3 83
144 3 4 83
144 3 5 74
144 3 6 84
144 3 8 82
144 3 9 84
144 3 10 74
144 3 11 76
144 4 0 62
144 4 1 64
144 4 3 74
144 4 4 67
144 4 5 74
144 4 6 74
144 4 10 71
144 4 11 68
144 10 1 82
144 10 2 70
144 10 4 77
144 10 5 79
144 10 6 72
144 10 7 82
144 10 9 69
144 10 10 81
144 11 1 84
144 11 2 72
144 11 5 79
144 11 6 81
144 11 7 74
144 11 9 84
144 11 10 71
144 11 11 83
144 14 1 69
144 14 2 71
144 14 3 68
144 14 4 63
144 14 5 71
144 14 7 64
144 14 9 70
144 14 10 72
145 2 1 58
145 2 2 60
145 2 4 54
145 2 5 49
145 2 7 54
145 2 9 56
145 2 10 59
145 2 11 58
145 11 1 60
145 11 2 62
145 11 5 56
145 11 6 51
145 11 7 56
145 11 9 58
145 11 10 61
145 11 11 60
145 13 0 61
145 13 1 63
145 13 2 73
145 13 4 66
145 13 5 73
145 13 6 73
145 13 7 70
145 13 9 67
146 1 0 27
146 1 3 29
146 1 4 29
146 1 5 24
146 1 6 29
146 1 7 25
146 1 10 28
146 1 11 27
146 4 0 29
146 4 1 31
146 4 3 31
146 4 4 26
146 4 5 31
146 4 6 27
146 4 10 30
146 4 11 29
146 6 0 29
146 6 1 31
146 6 2 31
146 6 4 26
146 6 6 31
146 6 7 27
146 6 8 30
146 6 9 29
146 11 1 24
146 11 2 26
146 11 5 26
146 11 6 21
146 11 7 26
146 11 9 22
146 11 10 25
146 11 11 24
147 3 3 96
147 3 4 91
147 3 5 93
147 3 6 87
147 3 8 93
147 3 9 82
147 3 10 89
147 3 11 97
147 4 0 83
147 4 1 85
147 4 3 87
147 4 4 82
147 4 5 95
147 4 6 93
147 4 10 84
147 4 11 91
147 11 1 85
147 11 2 87
147 11 5 89
147 11 6 84
147 11 7 97
147 11 9 95
147 11 10 86
147 11 11 93
147 12 0 95
147 12 1 85
147 12 3 85
147 12 5 80
147 12 6 97
147 12 7 87
147 12 10 96
147 12 11 95
147 14 1 92
147 14 2 110
147 14 3 110
147 14 4 109
147 14 5 98
147 14 7 108
147 14 9 97
147 14 10 102
148 1 0 93
148 1 3 83
148 1 4 83
148 1 5 78
148 1 6 95
148 1 7 85
148 1 10 94
148 1 11 93
148 2 1 95
148 2 2 85
148 2 4 85
148 2 5 80
148 2 7 97
148 2 9 87
148 2 10 96
148 2 11 95
148 4 0 82
148 4 1 84
148 4 3 86
148 4 4 81
148 4 5 94
148 4 6 92
148 4 10 83
148 4 11 90
148 14 1 92
148 14 2 82
148 14 3 82
148 14 4 77
148 14 5 94
148 14 7 84
148 14 9 93
148 14 10 92
149 6 0 42
149 6 1 36
149 6 2 40
149 6 4 41
149 6 6 37
149 6 7 42
149 6 8 36
149 6 9 42
149 8 0 36
149 8 2 30
149 8 4 34
149 8 5 35
149 8 6 31
149 8 8 36
149 8 9 30
149 8 10 36
149 14 1 40
149 14 2 34
149 14 3 38
149 14 4 39
149 14 5 35
149 14 7 40
149 14 9 34
149 14 10 40
150 1 0 90
150 1 3 80
150 1 4 80
150 1 5 75
150 1 6 92
150 1 7 82
150 1 10 91
150 1 11 90
150 2 1 79
150 2 2 67
150 2 4 74
150 2 5 76
150 2 7 69
150 2 9 79
150 2 10 66
150 2 11 78
150 10 1 86
150 10 2 74
150 10 4 81
150 10 5 83
150 10 6 76
150 10 7 86
150 10 9 73
150 10 10 85
150 11 1 87
150 11 2 77
150 11 5 77
150 11 6 72
150 11 7 89
150 11 9 79
150 11 10 88
150 11 11 87
150 13 0 81
150 13 1 69
150 13 2 76
150 13 4 78
150 13 5 71
150 13 6 81
150 13 7 68
150 13 9 80
151 2 1 82
151 2 2 84
151 2 4 86
151 2 5 81
151 2 7 94
151 2 9 92
151 2 10 83
151 2 11 90
151 6 0 87
151 6 1 77
151 6 2 77
151 6 4 72
151 6 6 89
151 6 7 79
151 6 8 88
151 6 9 87
151 7 0 87
151 7 2 77
151 7 4 77
151 7 5 72
151 7 7 89
151 7 8 79
151 7 10 88
151 7 11 87
151 13 0 83
151 13 1 71
151 13 2 78
151 13 4 80
151 13 5 73
151 13 6 83
151 13 7 70
151 13 9 82
152 3 3 19
152 3 4 21
152 3 5 18
152 3 6 18
152 3 8 21
152 3 9 19
152 3 10 20
152 3 11 22
152 8 0 18
152 8 2 15
152 8 4 17
152 8 5 18
152 8 6 16
152 8 8 18
152 8 9 15
152 8 10 18
152 10 1 20
152 10 2 17
152 10 4 19
152 10 5 20
152 10 6 18
152 10 7 20
152 10 9 17
152 10 10 20
152 12 0 19
152 12 1 21
152 12 3 18
152 12 5 18
152 12 6 21
152 12 7 19
152 12 10 20
152 12 11 22
153 0 0 29
153 0 3 31
153 0 5 31
153 0 6 26
153 0 7 31
153 0 9 27
153 0 10 30
153 0 11 29
153 8 0 34
153 8 2 28
153 8 4 32
153 8 5 33
153 8 6 29
153 8 8 34
153 8 9 28
153 8 10 34
153 13 0 34
153 13 1 28
153 13 2 32
153 13 4 33
153 13 5 29
153 13 6 34
153 13 7 28
153 13 9 34
154 8 0 39
154 8 2 33
154 8 4 37
154 8 5 38
154 8 6 34
154 8 8 39
154 8 9 33
154 8 10 39
154 9 1 28
154 9 2 30
154 9 3 33
154 9 5 33
154 9 7 33
154 9 9 33
154 9 10 30
154 9 11 27
154 12 0 37
154 12 1 31
154 12 3 35
154 12 5 36
154 12 6 32
154 12 7 37
154 12 10 31
154 12 11 37
155 0 0 27
155 0 3 29
155 0 5 29
155 0 6 24
155 0 7 29
155 0 9 25
155 0 10 28
155 0 11 27
155 4 0 29
155 4 1 31
155 4 3 31
155 4 4 26
155 4 5 31
155 4 6 27
155 4 10 30
155 4 11 29
155 7 0 29
155 7 2 31
155 7 4 31
155 7 5 26
155 7 7 31
155 7 8 27
155 7 10 30
155 7 11 29
156 3 3 89
156 3 4 79
156 3 5 79
156 3 6 74
156 3 8 91
156 3 9 81
156 3 10 90
156 3 11 89
156 6 0 89
156 6 1 79
156 6 2 79
156 6 4 74
156 6 6 91
156 6 7 81
156 6 8 90
156 6 9 89
156 12 0 81
156 12 1 69
156 12 3 76
156 12 5 78
156 12 6 71
156 12 7 81
156 12 10 68
156 12 11 80
157 2 1 42
157 2 2 44
157 2 4 46
157 2 5 41
157 2 7 44
157 2 9 42
157 2 10 43
157 2 11 50
157 8 0 56
157 8 2 58
157 8 4 52
157 8 5 47
157 8 6 52
157 8 8 54
157 8 9 57
157 8 10 56
157 9 1 56
157 9 2 58
157 9 3 52
157 9 5 47
157 9 7 52
157 9 9 54
157 9 10 57
157 9 11 56
157 10 1 55
157 10 2 57
157 10 4 51
157 10 5 46
157 10 6 51
157 10 7 53
157 10 9 56
157 10 10 55
157 13 0 55
157 13 1 57
157 13 2 51
157 13 4 46
157 13 5 51
157 13 6 53
157 13 7 56
157 13 9 55
158 2 1 92
158 2 2 82
158 2 4 82
158 2 5 77
158 2 7 94
158 2 9 84
158 2 10 93
158 2 11 92
158 8 0 81
158 8 2 69
158 8 4 76
158 8 5 78
158 8 6 71
158 8 8 81
158 8 9 68
158 8 10 80
158 12 0 87
158 12 1 77
158 12 3 77
158 12 5 72
158 12 6 89
158 12 7 79
158 12 10 88
158 12 11 87
158 14 1 89
158 14 2 79
158 14 3 79
158 14 4 74
158 14 5 91
158 14 7 81
158 14 9 90
158 14 10 89
159 0 0 42
159 0 3 41
159 0 5 41
159 0 6 36
159 0 7 44
159 0 9 43
159 0 10 43
159 0 11 42
159 5 0 37
159 5 1 31
159 5 2 35
159 5 4 36
159 5 5 32
159 5 9 37
159 5 10 31
159 5 11 37
159 6 0 41
159 6 1 35
159 6 2 39
159 6 4 40
159 6 6 36
159 6 7 41
159 6 8 35
159 6 9 41
160 0 0 55
160 0 3 57
160 0 5 67
160 0 6 60
160 0 7 67
160 0 9 67
160 0 10 64
160 0 11 61
160 2 1 57
160 2 2 59
160 2 4 69
160 2 5 62
160 2 7 69
160 2 9 69
160 2 10 66
160 2 11 63
160 6 0 80
160 6 1 68
160 6 2 75
160 6 4 77
160 6 6 70
160 6 7 80
160 6 8 67
160 6 9 79
161 2 1 87
161 2 2 89
161 2 4 91
161 2 5 86
161 2 7 99
161 2 9 97
161 2 10 88
161 2 11 95
161 5 0 82
161 5 1 84
161 5 2 86
161 5 4 81
161 5 5 94
161 5 9 92
161 5 10 83
161 5 11 90
161 11 1 84
161 11 2 86
161 11 5 88
161 11 6 83
161 11 7 96
161 11 9 94
161 11 10 85
161 11 11 92
161 12 0 93
161 12 1 83
161 12 3 83
161 12 5 78
161 12 6 95
161 12 7 85
161 12 10 94
161 12 11 93
162 1 0 96
162 1 3 91
162 1 4 93
162 1 5 87
162 1 6 93
162 1 7 82
162 1 10 89
162 1 11 97
162 3 3 83
162 3 4 83
162 3 5 74
162 3 6 84
162 3 8 82
162 3 9 84
162 3 10 74
162 3 11 76
162 5 0 83
162 5 1 83
162 5 2 74
162 5 4 84
162 5 5 82
162 5 9 84
162 5 10 74
162 5 11 76
162 8 0 82
162 8 2 70
162 8 4 77
162 8 5 79
162 8 6 72
162 8 8 82
162 8 9 69
162 8 10 81
162 13 0 83
162 13 1 85
162 13 2 87
162 13 4 82
162 13 5 95
162 13 6 93
162 13 7 84
162 13 9 91
163 1 0 57
163 1 3 59
163 1 4 69
163 1 5 62
163 1 6 69
163 1 7 69
163 1 10 66
163 1 11 63
163 2 1 59
163 2 2 61
163 2 4 71
163 2 5 64
163 2 7 71
163 2 9 71
163 2 10 68
163 2 11 65
163 5 0 82
163 5 1 70
163 5 2 77
163 5 4 79
163 5 5 72
163 5 9 82
163 5 10 69
163 5 11 81
163 6 0 62
163 6 1 64
163 6 2 74
163 6 4 67
163 6 6 74
163 6 7 74
163 6 8 71
163 6 9 68
163 9 1 82
163 9 2 70
163 9 3 77
163 9 5 79
163 9 7 72
163 9 9 82
163 9 10 69
163 9 11 81
164 0 0 94
164 0 3 84
164 0 5 84
164 0 6 79
164 0 7 96
164 0 9 86
164 0 10 95
164 0 11 94
164 1 0 96
164 1 3 91
164 1 4 93
164 1 5 87
164 1 6 93
164 1 7 82
164 1 10 89
164 1 11 97
164 9 1 83
164 9 2 85
164 9 3 87
164 9 5 82
164 9 7 95
164 9 9 93
164 9 10 84
164 9 11 91
165 2 1 24
165 2 2 26
165 2 4 26
165 2 5 21
165 2 7 26
165 2 9 22
165 2 10 25
165 2 11 24
165 5 0 26
165 5 1 28
165 5 2 28
165 5 4 23
165 5 5 28
165 5 9 24
165 5 10 27
165 5 11 26
165 6 0 26
165 6 1 28
165 6 2 28
165 6 4 23
165 6 6 28
165 6 7 24
165 6 8 27
165 6 9 26
165 10 1 21
165 10 2 23
165 10 4 23
165 10 5 18
165 10 6 23
165 10 7 19
165 10 9 22
165 10 10 21
166 0 0 38
166 0 3 32
166 0 5 36
166 0 6 37
166 0 7 33
166 0 9 38
166 0 10 32
166 0 11 38
166 2 1 29
166 2 2 31
166 2 4 31
166 2 5 26
166 2 7 31
166 2 9 27
166 2 10 30
166 2 11 29
166 4 0 36
166 4 1 30
166 4 3 34
166 4 4 35
166 4 5 31
166 4 6 36
166 4 10 30
166 4 11 36
166 10 1 37
166 10 2 31
166 10 4 35
166 10 5 36
166 10 6 32
166 10 7 37
166 10 9 31
166 10 10 37
167 1 0 9
167 1 3 8
167 1 4 9
167 1 5 9
167 1 6 8
167 1 7 9
167 1 10 8
167 1 11 9
167 3 3 12
167 3 4 9
167 3 5 11
167 3 6 12
167 3 8 10
167 3 9 12
167 3 10 9
167 3 11 12
167 9 1 12
167 9 2 9
167 9 3 11
167 9 5 12
167 9 7 10
167 9 9 12
167 9 10 9
167 9 11 12
168 0 0 85
168 0 3 73
168 0 5 80
168 0 6 82
168 0 7 75
168 0 9 85
168 0 10 72
168 0 11 84
168 12 0 60
168 12 1 62
168 12 3 72
168 12 5 65
168 12 6 72
168 12 7 72
168 12 10 69
168 12 11 66
168 13 0 80
168 13 1 68
168 13 2 75
168 13 4 77
168 13 5 70
168 13 6 80
168 13 7 67
168 13 9 79
169 0 0 96
169 0 3 91
169 0 5 93
169 0 6 87
169 0 7 93
169 0 9 82
169 0 10 89
169 0 11 97
169 5 0 83
169 5 1 83
169 5 2 74
169 5 4 84
169 5 5 82
169 5 9 84
169 5 10 74
169 5 11 76
169 13 0 83
169 13 1 83
169 13 2 74
169 13 4 84
169 13 5 82
169 13 6 84
169 13 7 74
169 13 9 76
170 1 0 20
170 1 3 17
170 1 4 19
170 1 5 20
170 1 6 18
170 1 7 20
170 1 10 17
170 1 11 20
170 7 0 21
170 7 2 23
170 7 4 23
170 7 5 18
170 7 7 23
170 7 8 19
170 7 10 22
170 7 11 21
170 8 0 19
170 8 2 16
170 8 4 18
170 8 5 19
170 8 6 17
170 8 8 19
170 8 9 16
170 8 10 19
171 4 0 38
171 4 1 40
171 4 3 42
171 4 4 37
171 4 5 40
171 4 6 38
171 4 10 39
171 4 11 46
171 8 0 37
171 8 2 39
171 8 4 41
171 8 5 36
171 8 6 39
171 8 8 37
171 8 9 38
171 8 10 45
171 9 1 37
171 9 2 39
171 9 3 41
171 9 5 36
171 9 7 39
171 9 9 37
171 9 10 38
171 9 11 45
171 12 0 39
171 12 1 33
171 12 3 37
171 12 5 38
171 12 6 34
171 12 7 39
171 12 10 33
171 12 11 39
171 13 0 40
171 13 1 42
171 13 2 44
171 13 4 39
171 13 5 42
171 13 6 40
171 13 7 41
171 13 9 48
172 0 0 18
172 0 3 15
172 0 5 17
172 0 6 18
172 0 7 16
172 0 9 18
172 0 10 15
172 0 11 18
172 8 0 15
172 8 2 12
172 8 4 14
172 8 5 15
172 8 6 13
172 8 8 15
172 8 9 12
172 8 10 15
172 11 1 17
172 11 2 14
172 11 5 16
172 11 6 17
172 11 7 15
172 11 9 17
172 11 10 14
172 11 11 17
172 14 1 18
172 14 2 15
172 14 3 17
172 14 4 18
172 14 5 16
172 14 7 18
172 14 9 15
172 14 10 18
173 8 0 39
173 8 2 33
173 8 4 37
173 8 5 38
173 8 6 34
173 8 8 39
173 8 9 33
173 8 10 39
173 9 1 28
173 9 2 30
173 9 3 33
173 9 5 33
173 9 7 33
173 9 9 33
173 9 10 30
173 9 11 27
173 10 1 37
173 10 2 31
173 10 4 35
173 10 5 36
173 10 6 32
173 10 7 37
173 10 9 31
173 10 10 37
173 12 0 38
173 12 1 32
173 12 3 36
173 12 5 37
173 12 6 33
173 12 7 38
173 12 10 32
173 12 11 38
174 3 3 42
174 3 4 41
174 3 5 41
174 3 6 36
174 3 8 44
174 3 9 43
174 3 10 43
174 3 11 42
174 5 0 37
174 5 1 31
174 5 2 35
174 5 4 36
174 5 5 32
174 5 9 37
174 5 10 31
174 5 11 37
174 7 0 41
174 7 2 35
174 7 4 39
174 7 5 40
174 7 7 36
174 7 8 41
174 7 10 35
174 7 11 41
174 8 0 42
174 8 2 36
174 8 4 40
174 8 5 41
174 8 6 37
174 8 8 42
174 8 9 36
174 8 10 42
174 9 1 38
174 9 2 32
174 9 3 36
174 9 5 37
174 9 7 33
174 9 9 38
174 9 10 32
174 9 11 38
175 0 0 60
175 0 3 62
175 0 5 56
175 0 6 51
175 0 7 56
175 0 9 58
175 0 10 61
175 0 11 60
175 1 0 62
175 1 3 64
175 1 4 58
175 1 5 53
175 1 6 58
175 1 7 60
175 1 10 63
175 1 11 62
175 13 0 56
175 13 1 58
175 13 2 52
175 13 4 47
175 13 5 52
175 13 6 54
175 13 7 57
175 13 9 56
176 5 0 26
176 5 1 28
176 5 2 28
176 5 4 23
176 5 5 28
176 5 9 24
176 5 10 27
176 5 11 26
176 9 1 28
176 9 2 30
176 9 3 30
176 9 5 25
176 9 7 30
176 9 9 26
176 9 10 29
176 9 11 28
176 13 0 28
176 13 1 30
176 13 2 30
176 13 4 25
176 13 5 30
176 13 6 26
176 13 7 29
176 13 9 28
177 2 1 22
177 2 2 24
177 2 4 24
177 2 5 19
177 2 7 24
177 2 9 20
177 2 10 23
177 2 11 22
177 7 0 24
177 7 2 26
177 7 4 26
177 7 5 21
177 7 7 26
177 7 8 22
177 7 10 25
177 7 11 24
177 12 0 24
177 12 1 26
177 12 3 26
177 12 5 21
177 12 6 26
177 12 7 22
177 12 10 25
177 12 11 24
177 14 1 20
177 14 2 17
177 14 3 19
177 14 4 20
177 14 5 18
177 14 7 20
177 14 9 17
177 14 10 20
178 1 0 38
178 1 3 40
178 1 4 42
178 1 5 37
178 1 6 40
178 1 7 38
178 1 10 39
178 1 11 46
178 8 0 37
178 8 2 39
178 8 4 41
178 8 5 36
178 8 6 39
178 8 8 37
178 8 9 38
178 8 10 45
178 11 1 37
178 11 2 39
178 11 5 41
178 11 6 36
178 11 7 39
178 11 9 37
178 11 10 38
178 11 11 45
178 12 0 39
178 12 1 33
178 12 3 37
178 12 5 38
178 12 6 34
178 12 7 39
178 12 10 33
178 12 11 39
179 2 1 61
179 2 2 63
179 2 4 57
179 2 5 52
179 2 7 57
179 2 9 59
179 2 10 62
179 2 11 61
179 3 3 54
179 3 4 57
179 3 5 62
179 3 6 66
179 3 8 54
179 3 9 62
179 3 10 65
179 3 11 63
179 5 0 69
179 5 1 71
179 5 2 68
179 5 4 63
179 5 5 71
179 5 9 64
179 5 10 70
179 5 11 72
179 7 0 57
179 7 2 59
179 7 4 69
179 7 5 62
179 7 7 69
179 7 8 69
179 7 10 66
179 7 11 63
179 12 0 69
179 12 1 71
179 12 3 68
179 12 5 63
179 12 6 71
179 12 7 64
179 12 10 70
179 12 11 72
180 3 3 22
180 3 4 24
180 3 5 24
180 3 6 19
180 3 8 24
180 3 9 20
180 3 10 23
180 3 11 22
180 4 0 24
180 4 1 26
180 4 3 26
180 4 4 21
180 4 5 26
180 4 6 22
180 4 10 25
180 4 11 24
180 7 0 24
180 7 2 26
180 7 4 26
180 7 5 21
180 7 7 26
180 7 8 22
180 7 10 25
180 7 11 24
180 11 1 20
180 11 2 17
180 11 5 19
180 11 6 20
180 11 7 18
180 11 9 20
180 11 10 17
180 11 11 20
180 12 0 24
180 12 1 26
180 12 3 26
180 12 5 21
180 12 6 26
180 12 7 22
180 12 10 25
180 12 11 24
181 0 0 15
181 0 3 12
181 0 5 14
181 0 6 15
181 0 7 13
181 0 9 15
181 0 10 12
181 0 11 15
181 1 0 12
181 1 3 9
181 1 4 11
181 1 5 12
181 1 6 10
181 1 7 12
181 1 10 9
181 1 11 12
181 2 1 14
181 2 2 11
181 2 4 13
181 2 5 14
181 2 7 12
181 2 9 14
181 2 10 11
181 2 11 14
181 4 0 15
181 4 1 12
181 4 3 14
181 4 4 15
181 4 5 13
181 4 6 15
181 4 10 12
181 4 11 15
181 8 0 13
181 8 2 10
181 8 4 12
181 8 5 13
181 8 6 11
181 8 8 13
181 8 9 10
181 8 10 13
182 0 0 41
182 0 3 43
182 0 5 45
182 0 6 40
182 0 7 43
182 0 9 41
182 0 10 42
182 0 11 49
182 2 1 43
182 2 2 45
182 2 4 47
182 2 5 42
182 2 7 45
182 2 9 43
182 2 10 44
182 2 11 51
182 7 0 45
182 7 2 47
182 7 4 49
182 7 5 44
182 7 7 47
182 7 8 45
182 7 10 46
182 7 11 53
182 11 1 40
182 11 2 42
182 11 5 44
182 11 6 39
182 11 7 42
182 11 9 40
182 11 10 41
182 11 11 48
183 2 1 93
183 2 2 83
183 2 4 83
183 2 5 78
183 2 7 95
183 2 9 85
183 2 10 94
183 2 11 93
183 3 3 84
183 3 4 72
183 3 5 79
183 3 6 81
183 3 8 74
183 3 9 84
183 3 10 71
183 3 11 83
183 7 0 84
183 7 2 72
183 7 4 79
183 7 5 81
183 7 7 74
183 7 8 84
183 7 10 71
183 7 11 83
183 14 1 79
183 14 2 67
183 14 3 74
183 14 4 76
183 14 5 69
183 14 7 79
183 14 9 66
183 14 10 78
184 2 1 25
184 2 2 27
184 2 4 27
184 2 5 22
184 2 7 27
184 2 9 23
184 2 10 26
184 2 11 25
184 3 3 27
184 3 4 29
184 3 5 29
184 3 6 24
184 3 8 29
184 3 9 25
184 3 10 28
184 3 11 27
184 12 0 27
184 12 1 29
184 12 3 29
184 12 5 24
184 12 6 29
184 12 7 25
184 12 10 28
184 12 11 27
185 1 0 54
185 1 3 57
185 1 4 62
185 1 5 66
185 1 6 54
185 1 7 62
185 1 10 65
185 1 11 63
185 8 0 56
185 8 2 58
185 8 4 68
185 8 5 61
185 8 6 68
185 8 8 68
185 8 9 65
185 8 10 62
185 10 1 59
185 10 2 61
185 10 4 55
185 10 5 50
185 10 6 55
185 10 7 57
185 10 9 60
185 10 10 59
185 13 0 54
185 13 1 56
185 13 2 50
185 13 4 45
185 13 5 50
185 13 6 52
185 13 7 55
185 13 9 54
185 14 1 59
185 14 2 61
185 14 3 55
185 14 4 50
185 14 5 55
185 14 7 57
185 14 9 60
185 14 10 59
186 3 3 42
186 3 4 44
186 3 5 46
186 3 6 41
186 3 8 44
186 3 9 42
186 3 10 43
186 3 11 50
186 4 0 56
186 4 1 58
186 4 3 52
186 4 4 47
186 4 5 52
186 4 6 54
186 4 10 57
186 4 11 56
186 6 0 56
186 6 1 58
186 6 2 52
186 6 4 47
186 6 6 52
186 6 7 54
186 6 8 57
186 6 9 56
186 9 1 55
186 9 2 57
186 9 3 51
186 9 5 46
186 9 7 51
186 9 9 53
186 9 10 56
186 9 11 55
186 10 1 55
186 10 2 57
186 10 4 51
186 10 5 46
186 10 6 51
186 10 7 53
186 10 9 56
186 10 10 55
187 1 0 9
187 1 3 8
187 1 4 9
187 1 5 9
187 1 6 8
187 1 7 9
187 1 10 8
187 1 11 9
187 9 1 12
187 9 2 9
187 9 3 11
187 9 5 12
187 9 7 10
187 9 9 12
187 9 10 9
187 9 11 12
187 10 1 12
187 10 2 9
187 10 4 11
187 10 5 12
187 10 6 10
187 10 7 12
187 10 9 9
187 10 10 12
187 11 1 9
187 11 2 8
187 11 5 9
187 11 6 9
187 11 7 8
187 11 9 9
187 11 10 8
187 11 11 9
187 12 0 12
187 12 1 9
187 12 3 11
187 12 5 12
187 12 6 10
187 12 7 12
187 12 10 9
187 12 11 12
188 3 3 96
188 3 4 91
188 3 5 93
188 3 6 87
188 3 8 93
188 3 9 82
188 3 10 89
188 3 11 97
188 4 0 83
188 4 1 85
188 4 3 87
188 4 4 82
188 4 5 95
188 4 6 93
188 4 10 84
188 4 11 91
188 9 1 85
188 9 2 87
188 9 3 89
188 9 5 84
188 9 7 97
188 9 9 95
188 9 10 86
188 9 11 93
188 13 0 95
188 13 1 85
188 13 2 85
188 13 4 80
188 13 5 97
188 13 6 87
188 13 7 96
188 13 9 95
188 14 1 92
188 14 2 110
188 14 3 110
188 14 4 109
188 14 5 98
188 14 7 108
188 14 9 97
188 14 10 102
189 3 3 95
189 3 4 85
189 3 5 85
189 3 6 80
189 3 8 97
189 3 9 87
189 3 10 96
189 3 11 95
189 8 0 86
189 8 2 74
189 8 4 81
189 8 5 83
189 8 6 76
189 8 8 86
189 8 9 73
189 8 10 85
189 9 1 86
189 9 2 74
189 9 3 81
189 9 5 83
189 9 7 76
189 9 9 86
189 9 10 73
189 9 11 85
189 12 0 81
189 12 1 69
189 12 3 76
189 12 5 78
189 12 6 71
189 12 7 81
189 12 10 68
189 12 11 80
190 0 0 86
190 0 3 74
190 0 5 81
190 0 6 83
190 0 7 76
190 0 9 86
190 0 10 73
190 0 11 85
190 2 1 61
190 2 2 63
190 2 4 73
190 2 5 66
190 2 7 73
190 2 9 73
190 2 10 70
190 2 11 67
190 11 1 81
190 11 2 69
190 11 5 76
190 11 6 78
190 11 7 71
190 11 9 81
190 11 10 68
190 11 11 80
191 0 0 85
191 0 3 87
191 0 5 89
191 0 6 84
191 0 7 97
191 0 9 95
191 0 10 86
191 0 11 93
191 5 0 90
191 5 1 80
191 5 2 80
191 5 4 75
191 5 5 92
191 5 9 82
191 5 10 91
191 5 11 90
191 6 0 90
191 6 1 80
191 6 2 80
191 6 4 75
191 6 6 92
191 6 7 82
191 6 8 91
191 6 9 90
191 12 0 86
191 12 1 74
191 12 3 81
191 12 5 83
191 12 6 76
191 12 7 86
191 12 10 73
191 12 11 85
191 13 0 87
191 13 1 89
191 13 2 91
191 13 4 86
191 13 5 99
191 13 6 97
191 13 7 88
191 13 9 95
192 7 0 41
192 7 2 35
192 7 4 39
192 7 5 40
192 7 7 36
192 7 8 41
192 7 10 35
192 7 11 41
192 8 0 35
192 8 2 29
192 8 4 33
192 8 5 34
192 8 6 30
192 8 8 35
192 8 9 29
192 8 10 35
192 9 1 39
192 9 2 33
192 9 3 37
192 9 5 38
192 9 7 34
192 9 9 39
192 9 10 33
192 9 11 39
192 10 1 40
192 10 2 34
192 10 4 38
192 10 5 39
192 10 6 35
192 10 7 40
192 10 9 34
192 10 10 40
192 14 1 36
192 14 2 30
192 14 3 34
192 14 4 35
192 14 5 31
192 14 7 36
192 14 9 30
192 14 10 36
193 0 0 83
193 0 3 83
193 0 5 74
193 0 6 84
193 0 7 82
193 0 9 84
193 0 10 74
193 0 11 76
193 6 0 62
193 6 1 64
193 6 2 74
193 6 4 67
193 6 6 74
193 6 7 74
193 6 8 71
193 6 9 68
193 7 0 82
193 7 2 70
193 7 4 77
193 7 5 79
193 7 7 72
193 7 8 82
193 7 10 69
193 7 11 81
193 9 1 84
193 9 2 72
193 9 3 79
193 9 5 81
193 9 7 74
193 9 9 84
193 9 10 71
193 9 11 83
193 13 0 69
193 13 1 71
193 13 2 68
193 13 4 63
193 13 5 71
193 13 6 64
193 13 7 70
193 13 9 72
194 0 0 56
194 0 3 58
194 0 5 68
194 0 6 61
194 0 7 68
194 0 9 68
194 0 10 65
194 0 11 62
194 2 1 58
194 2 2 60
194 2 4 70
194 2 5 63
194 2 7 70
194 2 9 70
194 2 10 67
194 2 11 64
194 6 0 81
194 6 1 69
194 6 2 76
194 6 4 78
194 6 6 71
194 6 7 81
194 6 8 68
194 6 9 80
194 8 0 61
194 8 2 63
194 8 4 73
194 8 5 66
194 8 6 73
194 8 8 73
194 8 9 70
194 8 10 67
194 13 0 81
194 13 1 69
194 13 2 76
194 13 4 78
194 13 5 71
194 13 6 81
194 13 7 68
194 13 9 80
195 3 3 41
195 3 4 35
195 3 5 39
195 3 6 40
195 3 8 36
195 3 9 41
195 3 10 35
195 3 11 41
195 4 0 42
195 4 1 41
195 4 3 41
195 4 4 36
195 4 5 44
195 4 6 43
195 4 10 43
195 4 11 42
195 5 0 38
195 5 1 40
195 5 2 42
195 5 4 37
195 5 5 40
195 5 9 38
195 5 10 39
195 5 11 46
195 7 0 40
195 7 2 34
195 7 4 38
195 7 5 39
195 7 7 35
195 7 8 40
195 7 10 34
195 7 11 40
196 7 0 38
196 7 2 40
196 7 4 42
196 7 5 37
196 7 7 40
196 7 8 38
196 7 10 39
196 7 11 46
196 13 0 40
196 13 1 42
196 13 2 44
196 13 4 39
196 13 5 42
196 13 6 40
196 13 7 41
196 13 9 48
196 14 1 42
196 14 2 44
196 14 3 46
196 14 4 41
196 14 5 44
196 14 7 42
196 14 9 43
196 14 10 50
197 0 0 84
197 0 3 86
197 0 5 88
197 0 6 83
197 0 7 96
197 0 9 94
197 0 10 85
197 0 11 92
197 1 0 89
197 1 3 79
197 1 4 79
197 1 5 74
197 1 6 91
197 1 7 81
197 1 10 90
197 1 11 89
197 11 1 89
197 11 2 79
197 11 5 79
197 11 6 74
197 11 7 91
197 11 9 81
197 11 10 90
197 11 11 89
197 13 0 85
197 13 1 73
197 13 2 80
197 13 4 82
197 13 5 75
197 13 6 85
197 13 7 72
197 13 9 84
198 5 0 61
198 5 1 63
198 5 2 57
198 5 4 52
198 5 5 57
198 5 9 59
198 5 10 62
198 5 11 61
198 6 0 54
198 6 1 57
198 6 2 62
198 6 4 66
198 6 6 54
198 6 7 62
198 6 8 65
198 6 9 63
198 14 1 57
198 14 2 59
198 14 3 53
198 14 4 48
198 14 5 53
198 14 7 55
198 14 9 58
198 14 10 57
199 6 0 14
199 6 1 11
199 6 2 13
199 6 4 14
199 6 6 12
199 6 7 14
199 6 8 11
199 6 9 14
199 11 1 9
199 11 2 11
199 11 5 11
199 11 6 9
199 11 7 11
199 11 9 10
199 11 10 10
199 11 11 9
199 12 0 13
199 12 1 10
199 12 3 12
199 12 5 13
199 12 6 11
199 12 7 13
199 12 10 10
199 12 11 13
199 14 1 14
199 14 2 11
199 14 3 13
199 14 4 14
199 14 5 12
199 14 7 14
199 14 9 11
199 14 10 14
200 1 0 82
200 1 3 84
200 1 4 86
200 1 5 81
200 1 6 94
200 1 7 92
200 1 10 83
200 1 11 90
200 6 0 87
200 6 1 77
200 6 2 77
200 6 4 72
200 6 6 89
200 6 7 79
200 6 8 88
200 6 9 87
200 13 0 87
200 13 1 77
200 13 2 77
200 13 4 72
200 13 5 89
200 13 6 79
200 13 7 88
200 13 9 87
201 3 3 58
201 3 4 60
201 3 5 54
201 3 6 49
201 3 8 54
201 3 9 56
201 3 10 59
201 3 11 58
201 4 0 60
201 4 1 62
201 4 3 56
201 4 4 51
201 4 5 56
201 4 6 58
201 4 10 61
201 4 11 60
201 7 0 54
201 7 2 56
201 7 4 50
201 7 5 45
201 7 7 50
201 7 8 52
201 7 10 55
201 7 11 54
201 11 1 42
201 11 2 44
201 11 5 46
201 11 6 41
201 11 7 44
201 11 9 42
201 11 10 43
201 11 11 50
201 13 0 54
201 13 1 56
201 13 2 50
201 13 4 45
201 13 5 50
201 13 6 52
201 13 7 55
201 13 9 54
202 0 0 25
202 0 3 27
202 0 5 27
202 0 6 22
202 0 7 27
202 0 9 23
202 0 10 26
202 0 11 25
202 3 3 27
202 3 4 29
202 3 5 29
202 3 6 24
202 3 8 29
202 3 9 25
202 3 10 28
202 3 11 27
202 6 0 27
202 6 1 29
202 6 2 29
202 6 4 24
202 6 6 29
202 6 7 25
202 6 8 28
202 6 9 27
202 8 0 22
202 8 2 24
202 8 4 24
202 8 5 19
202 8 6 24
202 8 8 20
202 8 9 23
202 8 10 22
202 11 1 27
202 11 2 29
202 11 5 29
202 11 6 24
202 11 7 29
202 11 9 25
202 11 10 28
202 11 11 27
203 0 0 59
203 0 3 61
203 0 5 55
203 0 6 50
203 0 7 55
203 0 9 57
203 0 10 60
203 0 11 59
203 3 3 61
203 3 4 63
203 3 5 57
203 3 6 52
203 3 8 57
203 3 9 59
203 3 10 62
203 3 11 61
203 9 1 62
203 9 2 64
203 9 3 74
203 9 5 67
203 9 7 74
203 9 9 74
203 9 10 71
203 9 11 68
203 12 0 55
203 12 1 57
203 12 3 67
203 12 5 60
203 12 6 67
203 12 7 67
203 12 10 64
203 12 11 61
204 8 0 85
204 8 2 73
204 8 4 80
204 8 5 82
204 8 6 75
204 8 8 85
204 8 9 72
204 8 10 84
204 9 1 60
204 9 2 62
204 9 3 72
204 9 5 65
204 9 7 72
204 9 9 72
204 9 10 69
204 9 11 66
204 12 0 80
204 12 1 68
204 12 3 75
204 12 5 77
204 12 6 70
204 12 7 80
204 12 10 67
204 12 11 79
204 13 0 82
204 13 1 70
204 13 2 77
204 13 4 79
204 13 5 72
204 13 6 82
204 13 7 69
204 13 9 81
205 0 0 37
205 0 3 31
205 0 5 35
205 0 6 36
205 0 7 32
205 0 9 37
205 0 10 31
205 0 11 37
205 1 0 28
205 1 3 30
205 1 4 30
205 1 5 25
205 1 6 30
205 1 7 26
205 1 10 29
205 1 11 28
205 3 3 35
205 3 4 29
205 3 5 33
205 3 6 34
205 3 8 30
205 3 9 35
205 3 10 29
205 3 11 35
206 6 0 90
206 6 1 80
206 6 2 80
206 6 4 75
206 6 6 92
206 6 7 82
206 6 8 91
206 6 9 90
206 9 1 92
206 9 2 82
206 9 3 82
206 9 5 77
206 9 7 94
206 9 9 84
206 9 10 93
206 9 11 92
206 13 0 94
206 13 1 84
206 13 2 84
206 13 4 79
206 13 5 96
206 13 6 86
206 13 7 95
206 13 9 94
207 1 0 42
207 1 3 36
207 1 4 40
207 1 5 41
207 1 6 37
207 1 7 42
207 1 10 36
207 1 11 42
207 6 0 37
207 6 1 39
207 6 2 41
207 6 4 36
207 6 6 39
207 6 7 37
207 6 8 38
207 6 9 45
207 7 0 39
207 7 2 41
207 7 4 43
207 7 5 38
207 7 7 41
207 7 8 39
207 7 10 40
207 7 11 47
207 8 0 41
207 8 2 35
207 8 4 39
207 8 5 40
207 8 6 36
207 8 8 41
207 8 9 35
207 8 10 41
207 9 1 37
207 9 2 39
207 9 3 41
207 9 5 36
207 9 7 39
207 9 9 37
207 9 10 38
207 9 11 45
208 8 0 16
208 8 2 13
208 8 4 15
208 8 5 16
208 8 6 14
208 8 8 16
208 8 9 13
208 8 10 16
208 10 1 13
208 10 2 10
208 10 4 12
208 10 5 13
208 10 6 11
208 10 7 13
208 10 9 10
208 10 10 13
208 14 1 15
208 14 2 12
208 14 3 14
208 14 4 15
208 14 5 13
208 14 7 15
208 14 9 12
208 14 10 15
209 0 0 58
209 0 3 60
209 0 5 54
209 0 6 49
209 0 7 54
209 0 9 56
209 0 10 59
209 0 11 58
209 6 0 60
209 6 1 62
209 6 2 56
209 6 4 51
209 6 6 56
209 6 7 58
209 6 8 61
209 6 9 60
209 7 0 54
209 7 2 56
209 7 4 50
209 7 5 45
209 7 7 50
209 7 8 52
209 7 10 55
209 7 11 54
209 12 0 42
209 12 1 44
209 12 3 46
209 12 5 41
209 12 6 44
209 12 7 42
209 12 10 43
209 12 11 50
209 14 1 54
209 14 2 56
209 14 3 50
209 14 4 45
209 14 5 50
209 14 7 52
209 14 9 55
209 14 10 54
210 2 1 9
210 2 2 8
210 2 4 9
210 2 5 9
210 2 7 8
210 2 9 9
210 2 10 8
210 2 11 9
210 7 0 12
210 7 2 9
210 7 4 11
210 7 5 12
210 7 7 10
210 7 8 12
210 7 10 9
210 7 11 12
210 11 1 12
210 11 2 9
210 11 5 11
210 11 6 12
210 11 7 10
210 11 9 12
210 11 10 9
210 11 11 12
210 12 0 9
210 12 1 8
210 12 3 9
210 12 5 9
210 12 6 8
210 12 7 9
210 12 10 8
210 12 11 9
211 0 0 17
211 0 3 14
211 0 5 16
211 0 6 17
211 0 7 15
211 0 9 17
211 0 10 14
211 0 11 17
211 4 0 14
211 4 1 11
211 4 3 13
211 4 4 14
211 4 5 12
211 4 6 14
211 4 10 11
211 4 11 14
211 7 0 16
211 7 2 13
211 7 4 15
211 7 5 16
211 7 7 14
211 7 8 16
211 7 10 13
211 7 11 16
211 8 0 17
211 8 2 14
211 8 4 16
211 8 5 17
211 8 6 15
211 8 8 17
211 8 9 14
211 8 10 17
211 11 1 15
211 11 2 12
211 11 5 14
211 11 6 15
211 11 7 13
211 11 9 15
211 11 10 12
211 11 11 15
212 3 3 56
212 3 4 58
212 3 5 68
212 3 6 61
212 3 8 68
212 3 9 68
212 3 10 65
212 3 11 62
212 4 0 58
212 4 1 60
212 4 3 70
212 4 4 63
212 4 5 70
212 4 6 70
212 4 10 67
212 4 11 64
212 7 0 61
212 7 2 63
212 7 4 57
212 7 5 52
212 7 7 57
212 7 8 59
212 7 10 62
212 7 11 61
212 9 1 56
212 9 2 58
212 9 3 52
212 9 5 47
212 9 7 52
212 9 9 54
212 9 10 57
212 9 11 56
212 10 1 61
212 10 2 63
212 10 4 57
212 10 5 52
212 10 6 57
212 10 7 59
212 10 9 62
212 10 10 61
213 0 0 41
213 0 3 35
213 0 5 39
213 0 6 40
213 0 7 36
213 0 9 41
213 0 10 35
213 0 11 41
213 8 0 35
213 8 2 29
213 8 4 33
213 8 5 34
213 8 6 30
213 8 8 35
213 8 9 29
213 8 10 35
213 9 1 39
213 9 2 33
213 9 3 37
213 9 5 38
213 9 7 34
213 9 9 39
213 9 10 33
213 9 11 39
214 0 0 93
214 0 3 83
214 0 5 83
214 0 6 78
214 0 7 95
214 0 9 85
214 0 10 94
214 0 11 93
214 6 0 84
214 6 1 72
214 6 2 79
214 6 4 81
214 6 6 74
214 6 7 84
214 6 8 71
214 6 9 83
214 9 1 84
214 9 2 72
214 9 3 79
214 9 5 81
214 9 7 74
214 9 9 84
214 9 10 71
214 9 11 83
214 13 0 79
214 13 1 67
214 13 2 74
214 13 4 76
214 13 5 69
214 13 6 79
214 13 7 66
214 13 9 78
215 3 3 39
215 3 4 41
215 3 5 43
215 3 6 38
215 3 8 41
215 3 9 39
215 3 10 40
215 3 11 47
215 6 0 41
215 6 1 43
215 6 2 45
215 6 4 40
215 6 6 43
215 6 7 41
215 6 8 42
215 6 9 49
215 8 0 43
215 8 2 45
215 8 4 47
215 8 5 42
215 8 6 45
215 8 8 43
215 8 9 44
215 8 10 51
215 10 1 38
215 10 2 40
215 10 4 42
215 10 5 37
215 10 6 40
215 10 7 38
215 10 9 39
215 10 10 46
215 13 0 41
215 13 1 43
215 13 2 45
215 13 4 40
215 13 5 43
215 13 6 41
215 13 7 42
215 13 9 49
216 0 0 38
216 0 3 32
216 0 5 36
216 0 6 37
216 0 7 33
216 0 9 38
216 0 10 32
216 0 11 38
216 4 0 29
216 4 1 31
216 4 3 31
216 4 4 26
216 4 5 31
216 4 6 27
216 4 10 30
216 4 11 29
216 11 1 36
216 11 2 30
216 11 5 34
216 11 6 35
216 11 7 31
216 11 9 36
216 11 10 30
216 11 11 36
216 14 1 37
216 14 2 31
216 14 3 35
216 14 4 36
216 14 5 32
216 14 7 37
216 14 9 31
216 14 10 37
217 3 3 19
217 3 4 21
217 3 5 18
217 3 6 18
217 3 8 21
217 3 9 19
217 3 10 20
217 3 11 22
217 7 0 18
217 7 2 15
217 7 4 17
217 7 5 18
217 7 7 16
217 7 8 18
217 7 10 15
217 7 11 18
217 8 0 20
217 8 2 17
217 8 4 19
217 8 5 20
217 8 6 18
217 8 8 20
217 8 9 17
217 8 10 20
217 14 1 19
217 14 2 21
217 14 3 18
217 14 4 18
217 14 5 21
217 14 7 19
217 14 9 20
217 14 10 22
218 2 1 87
218 2 2 77
218 2 4 77
218 2 5 72
218 2 7 89
218 2 9 79
218 2 10 88
218 2 11 87
218 3 3 63
218 3 4 65
218 3 5 75
218 3 6 68
218 3 8 75
218 3 9 75
218 3 10 72
218 3 11 69
218 4 0 83
218 4 1 71
218 4 3 78
218 4 4 80
218 4 5 73
218 4 6 83
218 4 10 70
218 4 11 82
218 8 0 85
218 8 2 73
218 8 4 80
218 8 5 82
218 8 6 75
218 8 8 85
218 8 9 72
218 8 10 84
219 8 0 94
219 8 2 84
219 8 4 84
219 8 5 79
219 8 6 96
219 8 8 86
219 8 9 95
219 8 10 94
219 9 1 96
219 9 2 91
219 9 3 93
219 9 5 87
219 9 7 93
219 9 9 82
219 9 10 89
219 9 11 97
219 12 0 83
219 12 1 85
219 12 3 87
219 12 5 82
219 12 6 95
219 12 7 93
219 12 10 84
219 12 11 91
220 4 0 88
220 4 1 78
220 4 3 78
220 4 4 73
220 4 5 90
220 4 6 80
220 4 10 89
220 4 11 88
220 11 1 69
220 11 2 71
220 11 5 68
220 11 6 63
220 11 7 71
220 11 9 64
220 11 10 70
220 11 11 72
220 12 0 84
220 12 1 72
220 12 3 79
220 12 5 81
220 12 6 74
220 12 7 84
220 12 10 71
220 12 11 83
221 0 0 84
221 0 3 86
221 0 5 88
221 0 6 83
221 0 7 96
221 0 9 94
221 0 10 85
221 0 11 92
221 3 3 89
221 3 4 79
221 3 5 79
221 3 6 74
221 3 8 91
221 3 9 81
221 3 10 90
221 3 11 89
221 13 0 89
221 13 1 79
221 13 2 79
221 13 4 74
221 13 5 91
221 13 6 81
221 13 7 90
221 13 9 89
222 3 3 54
222 3 4 57
222 3 5 62
222 3 6 66
222 3 8 54
222 3 9 62
222 3 10 65
222 3 11 63
222 4 0 56
222 4 1 58
222 4 3 68
222 4 4 61
222 4 5 68
222 4 6 68
222 4 10 65
222 4 11 62
222 7 0 59
222 7 2 61
222 7 4 55
222 7 5 50
222 7 7 55
222 7 8 57
222 7 10 60
222 7 11 59
222 10 1 54
222 10 2 56
222 10 4 50
222 10 5 45
222 10 6 50
222 10 7 52
222 10 9 55
222 10 10 54
222 11 1 59
222 11 2 61
222 11 5 55
222 11 6 50
222 11 7 55
222 11 9 57
222 11 10 60
222 11 11 59
223 7 0 89
223 7 2 79
223 7 4 79
223 7 5 74
223 7 7 91
223 7 8 81
223 7 10 90
223 7 11 89
223 9 1 91
223 9 2 81
223 9 3 81
223 9 5 76
223 9 7 93
223 9 9 83
223 9 10 92
223 9 11 91
223 10 1 93
223 10 2 83
223 10 4 83
223 10 5 78
223 10 6 95
223 10 7 85
223 10 9 94
223 10 10 93
223 14 1 88
223 14 2 78
223 14 3 78
223 14 4 73
223 14 5 90
223 14 7 80
223 14 9 89
223 14 10 88
224 2 1 41
224 2 2 43
224 2 4 45
224 2 5 40
224 2 7 43
224 2 9 41
224 2 10 42
224 2 11 49
224 7 0 43
224 7 2 45
224 7 4 47
224 7 5 42
224 7 7 45
224 7 8 43
224 7 10 44
224 7 11 51
224 10 1 45
224 10 2 47
224 10 4 49
224 10 5 44
224 10 6 47
224 10 7 45
224 10 9 46
224 10 10 53
225 1 0 60
225 1 3 62
225 1 4 56
225 1 5 51
225 1 6 56
225 1 7 58
225 1 10 61
225 1 11 60
225 4 0 62
225 4 1 64
225 4 3 58
225 4 4 53
225 4 5 58
225 4 6 60
225 4 10 63
225 4 11 62
225 12 0 56
225 12 1 58
225 12 3 52
225 12 5 47
225 12 6 52
225 12 7 54
225 12 10 57
225 12 11 56
226 3 3 61
226 3 4 63
226 3 5 57
226 3 6 52
226 3 8 57
226 3 9 59
226 3 10 62
226 3 11 61
226 4 0 54
226 4 1 57
226 4 3 62
226 4 4 66
226 4 5 54
226 4 6 62
226 4 10 65
226 4 11 63
226 6 0 69
226 6 1 71
226 6 2 68
226 6 4 63
226 6 6 71
226 6 7 64
226 6 8 70
226 6 9 72
226 9 1 57
226 9 2 59
226 9 3 69
226 9 5 62
226 9 7 69
226 9 9 69
226 9 10 66
226 9 11 63
226 10 1 69
226 10 2 71
226 10 4 68
226 10 5 63
226 10 6 71
226 10 7 64
226 10 9 70
226 10 10 72
227 4 0 96
227 4 1 91
227 4 3 93
227 4 4 87
227 4 5 93
227 4 6 82
227 4 10 89
227 4 11 97
227 10 1 83
227 10 2 83
227 10 4 74
227 10 5 84
227 10 6 82
227 10 7 84
227 10 9 74
227 10 10 76
227 11 1 83
227 11 2 83
227 11 5 74
227 11 6 84
227 11 7 82
227 11 9 84
227 11 10 74
227 11 11 76
227 13 0 82
227 13 1 70
227 13 2 77
227 13 4 79
227 13 5 72
227 13 6 82
227 13 7 69
227 13 9 81
228 3 3 87
228 3 4 77
228 3 5 77
228 3 6 72
228 3 8 89
228 3 9 79
228 3 10 88
228 3 11 87
228 9 1 63
228 9 2 65
228 9 3 75
228 9 5 68
228 9 7 75
228 9 9 75
228 9 10 72
228 9 11 69
228 10 1 83
228 10 2 71
228 10 4 78
228 10 5 80
228 10 6 73
228 10 7 83
228 10 9 70
228 10 10 82
229 2 1 38
229 2 2 40
229 2 4 42
229 2 5 37
229 2 7 40
229 2 9 38
229 2 10 39
229 2 11 46
229 3 3 37
229 3 4 39
229 3 5 41
229 3 6 36
229 3 8 39
229 3 9 37
229 3 10 38
229 3 11 45
229 14 1 37
229 14 2 39
229 14 3 41
229 14 4 36
229 14 5 39
229 14 7 37
229 14 9 38
229 14 10 45
230 3 3 91
230 3 4 81
230 3 5 81
230 3 6 76
230 3 8 93
230 3 9 83
230 3 10 92
230 3 11 91
230 8 0 93
230 8 2 83
230 8 4 83
230 8 5 78
230 8 6 95
230 8 8 85
230 8 9 94
230 8 10 93
230 10 1 95
230 10 2 85
230 10 4 85
230 10 5 80
230 10 6 97
230 10 7 87
230 10 9 96
230 10 10 95
231 1 0 88
231 1 3 78
231 1 4 78
231 1 5 73
231 1 6 90
231 1 7 80
231 1 10 89
231 1 11 88
231 2 1 90
231 2 2 80
231 2 4 80
231 2 5 75
231 2 7 92
231 2 9 82
231 2 10 91
231 2 11 90
231 7 0 92
231 7 2 82
231 7 4 82
231 7 5 77
231 7 7 94
231 7 8 84
231 7 10 93
231 7 11 92
231 12 0 87
231 12 1 77
231 12 3 77
231 12 5 72
231 12 6 89
231 12 7 79
231 12 10 88
231 12 11 87
231 13 0 85
231 13 1 87
231 13 2 89
231 13 4 84
231 13 5 97
231 13 6 95
231 13 7 86
231 13 9 93
232 3 3 95
232 3 4 113
232 3 5 113
232 3 6 112
232 3 8 101
232 3 9 111
232 3 10 100
232 3 11 105
232 4 0 97
232 4 1 115
232 4 3 115
232 4 4 114
232 4 5 103
232 4 6 113
232 4 10 102
232 4 11 107
232 5 0 99
232 5 1 110
232 5 2 112
232 5 4 100
232 5 5 109
232 5 9 120
232 5 10 110
232 5 11 121
232 8 0 87
232 8 2 89
232 8 4 91
232 8 5 86
232 8 6 99
232 8 8 97
232 8 9 88
232 8 10 95
232 12 0 99
232 12 1 110
232 12 3 112
232 12 5 100
232 12 6 109
232 12 7 120
232 12 10 110
232 12 11 121
233 0 0 92
233 0 3 82
233 0 5 82
233 0 6 77
233 0 7 94
233 0 9 84
233 0 10 93
233 0 11 92
233 1 0 94
233 1 3 84
233 1 4 84
233 1 5 79
233 1 6 96
233 1 7 86
233 1 10 95
233 1 11 94
233 2 1 96
233 2 2 91
233 2 4 93
233 2 5 87
233 2 7 93
233 2 9 82
233 2 10 89
233 2 11 97
233 4 0 91
233 4 1 81
233 4 3 81
233 4 4 76
233 4 5 93
233 4 6 83
233 4 10 92
233 4 11 91
233 10 1 89
233 10 2 91
233 10 4 93
233 10 5 88
233 10 6 101
233 10 7 99
233 10 9 90
233 10 10 97
234 1 0 96
234 1 3 91
234 1 4 93
234 1 5 87
234 1 6 93
234 1 7 82
234 1 10 89
234 1 11 97
234 4 0 83
234 4 1 83
234 4 3 74
234 4 4 84
234 4 5 82
234 4 6 84
234 4 10 74
234 4 11 76
234 6 0 83
234 6 1 83
234 6 2 74
234 6 4 84
234 6 6 82
234 6 7 84
234 6 8 74
234 6 9 76
234 11 1 82
234 11 2 70
234 11 5 77
234 11 6 79
234 11 7 72
234 11 9 82
234 11 10 69
234 11 11 81
234 14 1 83
234 14 2 85
234 14 3 87
234 14 4 82
234 14 5 95
234 14 7 93
234 14 9 84
234 14 10 91
235 3 3 21
235 3 4 23
235 3 5 23
235 3 6 18
235 3 8 23
235 3 9 19
235 3 10 22
235 3 11 21
235 7 0 23
235 7 2 25
235 7 4 25
235 7 5 20
235 7 7 25
235 7 8 21
235 7 10 24
235 7 11 23
235 8 0 23
235 8 2 25
235 8 4 25
235 8 5 20
235 8 6 25
235 8 8 21
235 8 9 24
235 8 10 23
235 14 1 19
235 14 2 16
235 14 3 18
235 14 4 19
235 14 5 17
235 14 7 19
235 14 9 16
235 14 10 19
236 0 0 85
236 0 3 73
236 0 5 80
236 0 6 82
236 0 7 75
236 0 9 85
236 0 10 72
236 0 11 84
236 2 1 60
236 2 2 62
236 2 4 72
236 2 5 65
236 2 7 72
236 2 9 72
236 2 10 69
236 2 11 66
236 8 0 80
236 8 2 68
236 8 4 75
236 8 5 77
236 8 6 70
236 8 8 80
236 8 9 67
236 8 10 79
237 0 0 95
237 0 3 85
237 0 5 85
237 0 6 80
237 0 7 97
237 0 9 87
237 0 10 96
237 0 11 95
237 4 0 82
237 4 1 84
237 4 3 86
237 4 4 81
237 4 5 94
237 4 6 92
237 4 10 83
237 4 11 90
237 10 1 84
237 10 2 86
237 10 4 88
237 10 5 83
237 10 6 96
237 10 7 94
237 10 9 85
237 10 10 92
237 11 1 94
237 11 2 84
237 11 5 84
237 11 6 79
237 11 7 96
237 11 9 86
237 11 10 95
237 11 11 94
237 13 0 91
237 13 1 109
237 13 2 109
237 13 4 108
237 13 5 97
237 13 6 107
237 13 7 96
237 13 9 101
238 2 1 60
238 2 2 62
238 2 4 56
238 2 5 51
238 2 7 56
238 2 9 58
238 2 10 61
238 2 11 60
238 3 3 62
238 3 4 64
238 3 5 58
238 3 6 53
238 3 8 58
238 3 9 60
238 3 10 63
238 3 11 62
238 11 1 63
238 11 2 65
238 11 5 75
238 11 6 68
238 11 7 75
238 11 9 75
238 11 10 72
238 11 11 69
238 12 0 56
238 12 1 58
238 12 3 68
238 12 5 61
238 12 6 68
238 12 7 68
238 12 10 65
238 12 11 62
238 13 0 63
238 13 1 65
238 13 2 75
238 13 4 68
238 13 5 75
238 13 6 75
238 13 7 72
238 13 9 69
239 2 1 95
239 2 2 113
239 2 4 113
239 2 5 112
239 2 7 101
239 2 9 111
239 2 10 100
239 2 11 105
239 4 0 97
239 4 1 115
239 4 3 115
239 4 4 114
239 4 5 103
239 4 6 113
239 4 10 102
239 4 11 107
239 7 0 99
239 7 2 110
239 7 4 112
239 7 5 100
239 7 7 109
239 7 8 120
239 7 10 110
239 7 11 121
239 10 1 87
239 10 2 89
239 10 4 91
239 10 5 86
239 10 6 99
239 10 7 97
239 10 9 88
239 10 10 95
239 12 0 99
239 12 1 110
239 12 3 112
239 12 5 100
239 12 6 109
239 12 7 120
239 12 10 110
239 12 11 121
240 2 1 13
240 2 2 10
240 2 4 12
240 2 5 13
240 2 7 11
240 2 9 13
240 2 10 10
240 2 11 13
240 10 1 9
240 10 2 8
240 10 4 9
240 10 5 9
240 10 6 8
240 10 7 9
240 10 9 8
240 10 10 9
240 11 1 12
240 11 2 9
240 11 5 11
240 11 6 12
240 11 7 10
240 11 9 12
240 11 10 9
240 11 11 12
241 8 0 39
241 8 2 33
241 8 4 37
241 8 5 38
241 8 6 34
241 8 8 39
241 8 9 33
241 8 10 39
241 10 1 28
241 10 2 30
241 10 4 33
241 10 5 33
241 10 6 33
241 10 7 33
241 10 9 30
241 10 10 27
241 11 1 37
241 11 2 31
241 11 5 35
241 11 6 36
241 11 7 32
241 11 9 37
241 11 10 31
241 11 11 37
242 6 0 17
242 6 1 14
242 6 2 16
242 6 4 17
242 6 6 15
242 6 7 17
242 6 8 14
242 6 9 17
242 9 1 14
242 9 2 11
242 9 3 13
242 9 5 14
242 9 7 12
242 9 9 14
242 9 10 11
242 9 11 14
242 10 1 16
242 10 2 13
242 10 4 15
242 10 5 16
242 10 6 14
242 10 7 16
242 10 9 13
242 10 10 16
243 4 0 26
243 4 1 28
243 4 3 28
243 4 4 23
243 4 5 28
243 4 6 24
243 4 10 27
243 4 11 26
243 6 0 28
243 6 1 30
243 6 2 30
243 6 4 25
243 6 6 30
243 6 7 26
243 6 8 29
243 6 9 28
243 10 1 28
243 10 2 30
243 10 4 30
243 10 5 25
243 10 6 30
243 10 7 26
243 10 9 29
243 10 10 28
244 2 1 91
244 2 2 81
244 2 4 81
244 2 5 76
244 2 7 93
244 2 9 83
244 2 10 92
244 2 11 91
244 5 0 80
244 5 1 68
244 5 2 75
244 5 4 77
244 5 5 70
244 5 9 80
244 5 10 67
244 5 11 79
244 12 0 83
244 12 1 83
244 12 3 74
244 12 5 84
244 12 6 82
244 12 7 84
244 12 10 74
244 12 11 76
245 6 0 95
245 6 1 85
245 6 2 85
245 6 4 80
245 6 6 97
245 6 7 87
245 6 8 96
245 6 9 95
245 7 0 86
245 7 2 74
245 7 4 81
245 7 5 83
245 7 7 76
245 7 8 86
245 7 10 73
245 7 11 85
245 9 1 86
245 9 2 74
245 9 3 81
245 9 5 83
245 9 7 76
245 9 9 86
245 9 10 73
245 9 11 85
245 13 0 81
245 13 1 69
245 13 2 76
245 13 4 78
245 13 5 71
245 13 6 81
245 13 7 68
245 13 9 80
246 1 0 82
246 1 3 84
246 1 4 86
246 1 5 81
246 1 6 94
246 1 7 92
246 1 10 83
246 1 11 90
246 7 0 87
246 7 2 77
246 7 4 77
246 7 5 72
246 7 7 89
246 7 8 79
246 7 10 88
246 7 11 87
246 8 0 87
246 8 2 77
246 8 4 77
246 8 5 72
246 8 6 89
246 8 8 79
246 8 9 88
246 8 10 87
247 2 1 38
247 2 2 40
247 2 4 42
247 2 5 37
247 2 7 40
247 2 9 38
247 2 10 39
247 2 11 46
247 5 0 40
247 5 1 42
247 5 2 44
247 5 4 39
247 5 5 42
247 5 9 40
247 5 10 41
247 5 11 48
247 9 1 42
247 9 2 44
247 9 3 46
247 9 5 41
247 9 7 44
247 9 9 42
247 9 10 43
247 9 11 50
247 10 1 37
247 10 2 39
247 10 4 41
247 10 5 36
247 10 6 39
247 10 7 37
247 10 9 38
247 10 10 45
248 1 0 38
248 1 3 40
248 1 4 42
248 1 5 37
248 1 6 40
248 1 7 38
248 1 10 39
248 1 11 46
248 2 1 39
248 2 2 33
248 2 4 37
248 2 5 38
248 2 7 34
248 2 9 39
248 2 10 33
248 2 11 39
248 4 0 42
248 4 1 41
248 4 3 41
248 4 4 36
248 4 5 44
248 4 6 43
248 4 10 43
248 4 11 42
248 6 0 37
248 6 1 39
248 6 2 41
248 6 4 36
248 6 6 39
248 6 7 37
248 6 8 38
248 6 9 45
248 8 0 40
248 8 2 34
248 8 4 38
248 8 5 39
248 8 6 35
248 8 8 40
248 8 9 34
248 8 10 40
249 5 0 42
249 5 1 44
249 5 2 46
249 5 4 41
249 5 5 44
249 5 9 42
249 5 10 43
249 5 11 50
249 7 0 56
249 7 2 58
249 7 4 52
249 7 5 47
249 7 7 52
249 7 8 54
249 7 10 57
249 7 11 56
249 12 0 56
249 12 1 58
249 12 3 52
249 12 5 47
249 12 6 52
249 12 7 54
249 12 10 57
249 12 11 56
250 0 0 83
250 0 3 85
250 0 5 87
250 0 6 82
250 0 7 95
250 0 9 93
250 0 10 84
250 0 11 91
250 6 0 88
250 6 1 78
250 6 2 78
250 6 4 73
250 6 6 90
250 6 7 80
250 6 8 89
250 6 9 88
250 7 0 88
250 7 2 78
250 7 4 78
250 7 5 73
250 7 7 90
250 7 8 80
250 7 10 89
250 7 11 88
250 11 1 84
250 11 2 72
250 11 5 79
250 11 6 81
250 11 7 74
250 11 9 84
250 11 10 71
250 11 11 83
251 1 0 58
251 1 3 60
251 1 4 54
251 1 5 49
251 1 6 54
251 1 7 56
251 1 10 59
251 1 11 58
251 2 1 60
251 2 2 62
251 2 4 56
251 2 5 51
251 2 7 56
251 2 9 58
251 2 10 61
251 2 11 60
251 13 0 61
251 13 1 63
251 13 2 73
251 13 4 66
251 13 5 73
251 13 6 73
251 13 7 70
251 13 9 67
252 1 0 41
252 1 3 35
252 1 4 39
252 1 5 40
252 1 6 36
252 1 7 41
252 1 10 35
252 1 11 41
252 4 0 35
252 4 1 29
252 4 3 33
252 4 4 34
252 4 5 30
252 4 6 35
252 4 10 29
252 4 11 35
252 13 0 39
252 13 1 33
252 13 2 37
252 13 4 38
252 13 5 34
252 13 6 39
252 13 7 33
252 13 9 39
253 0 0 15
253 0 3 12
253 0 5 14
253 0 6 15
253 0 7 13
253 0 9 15
253 0 10 12
253 0 11 15
253 5 0 12
253 5 1 9
253 5 2 11
253 5 4 12
253 5 5 10
253 5 9 12
253 5 10 9
253 5 11 12
253 7 0 14
253 7 2 11
253 7 4 13
253 7 5 14
253 7 7 12
253 7 8 14
253 7 10 11
253 7 11 14
253 12 0 15
253 12 1 12
253 12 3 14
253 12 5 15
253 12 6 13
253 12 7 15
253 12 10 12
253 12 11 15
254 4 0 39
254 4 1 33
254 4 3 37
254 4 4 38
254 4 5 34
254 4 6 39
254 4 10 33
254 4 11 39
254 5 0 28
254 5 1 30
254 5 2 33
254 5 4 33
254 5 5 33
254 5 9 33
254 5 10 30
254 5 11 27
254 7 0 37
254 7 2 31
254 7 4 35
254 7 5 36
254 7 7 32
254 7 8 37
254 7 10 31
254 7 11 37
254 13 0 38
254 13 1 32
254 13 2 36
254 13 4 37
254 13 5 33
254 13 6 38
254 13 7 32
254 13 9 38
255 6 0 41
255 6 1 43
255 6 2 45
255 6 4 40
255 6 6 43
255 6 7 41
255 6 8 42
255 6 9 49
255 7 0 43
255 7 2 45
255 7 4 47
255 7 5 42
255 7 7 45
255 7 8 43
255 7 10 44
255 7 11 51
255 9 1 45
255 9 2 47
255 9 3 49
255 9 5 44
255 9 7 47
255 9 9 45
255 9 10 46
255 9 11 53
255 12 0 40
255 12 1 42
255 12 3 44
255 12 5 39
255 12 6 42
255 12 7 40
255 12 10 41
255 12 11 48
256 1 0 40
256 1 3 34
256 1 4 38
256 1 5 39
256 1 6 35
256 1 7 40
256 1 10 34
256 1 11 40
256 4 0 42
256 4 1 36
256 4 3 40
256 4 4 41
256 4 5 37
256 4 6 42
256 4 10 36
256 4 11 42
256 10 1 37
256 10 2 39
256 10 4 41
256 10 5 36
256 10 6 39
256 10 7 37
256 10 9 38
256 10 10 45
256 13 0 39
256 13 1 33
256 13 2 37
256 13 4 38
256 13 5 34
256 13 6 39
256 13 7 33
256 13 9 39
257 3 3 18
257 3 4 15
257 3 5 17
257 3 6 18
257 3 8 16
257 3 9 18
257 3 10 15
257 3 11 18
257 7 0 15
257 7 2 12
257 7 4 14
257 7 5 15
257 7 7 13
257 7 8 15
257 7 10 12
257 7 11 15
257 8 0 17
257 8 2 14
257 8 4 16
257 8 5 17
257 8 6 15
257 8 8 17
257 8 9 14
257 8 10 17
257 11 1 18
257 11 2 15
257 11 5 17
257 11 6 18
257 11 7 16
257 11 9 18
257 11 10 15
257 11 11 18
258 6 0 93
258 6 1 83
258 6 2 83
258 6 4 78
258 6 6 95
258 6 7 85
258 6 8 94
258 6 9 93
258 12 0 95
258 12 1 85
258 12 3 85
258 12 5 80
258 12 6 97
258 12 7 87
258 12 10 96
258 12 11 95
258 14 1 82
258 14 2 84
258 14 3 86
258 14 4 81
258 14 5 94
258 14 7 92
258 14 9 83
258 14 10 90
259 5 0 95
259 5 1 85
259 5 2 85
259 5 4 80
259 5 5 97
259 5 9 87
259 5 10 96
259 5 11 95
259 8 0 86
259 8 2 74
259 8 4 81
259 8 5 83
259 8 6 76
259 8 8 86
259 8 9 73
259 8 10 85
259 10 1 86
259 10 2 74
259 10 4 81
259 10 5 83
259 10 6 76
259 10 7 86
259 10 9 73
259 10 10 85
259 13 0 81
259 13 1 69
259 13 2 76
259 13 4 78
259 13 5 71
259 13 6 81
259 13 7 68
259 13 9 80
260 1 0 37
260 1 3 39
260 1 4 41
260 1 5 36
260 1 6 39
260 1 7 37
260 1 10 38
260 1 11 45
260 2 1 39
260 2 2 41
260 2 4 43
260 2 5 38
260 2 7 41
260 2 9 39
260 2 10 40
260 2 11 47
260 4 0 41
260 4 1 43
260 4 3 45
260 4 4 40
260 4 5 43
260 4 6 41
260 4 10 42
260 4 11 49
260 13 0 42
260 13 1 41
260 13 2 41
260 13 4 36
260 13 5 44
260 13 6 43
260 13 7 43
260 13 9 42
260 14 1 39
260 14 2 41
260 14 3 43
260 14 4 38
260 14 5 41
260 14 7 39
260 14 9 40
260 14 10 47
261 3 3 41
261 3 4 35
261 3 5 39
261 3 6 40
261 3 8 36
261 3 9 41
261 3 10 35
261 3 11 41
261 7 0 35
261 7 2 29
261 7 4 33
261 7 5 34
261 7 7 30
261 7 8 35
261 7 10 29
261 7 11 35
261 9 1 39
261 9 2 33
261 9 3 37
261 9 5 38
261 9 7 34
261 9 9 39
261 9 10 33
261 9 11 39
261 10 1 40
261 10 2 34
261 10 4 38
261 10 5 39
261 10 6 35
261 10 7 40
261 10 9 34
261 10 10 40
262 0 0 84
262 0 3 86
262 0 5 88
262 0 6 83
262 0 7 96
262 0 9 94
262 0 10 85
262 0 11 92
262 6 0 89
262 6 1 79
262 6 2 79
262 6 4 74
262 6 6 91
262 6 7 81
262 6 8 90
262 6 9 89
262 11 1 89
262 11 2 79
262 11 5 79
262 11 6 74
262 11 7 91
262 11 9 81
262 11 10 90
262 11 11 89
263 1 0 94
263 1 3 84
263 1 4 84
263 1 5 79
263 1 6 96
263 1 7 86
263 1 10 95
263 1 11 94
263 12 0 96
263 12 1 91
263 12 3 93
263 12 5 87
263 12 6 93
263 12 7 82
263 12 10 89
263 12 11 97
263 13 0 83
263 13 1 85
263 13 2 87
263 13 4 82
263 13 5 95
263 13 6 93
263 13 7 84
263 13 9 91
264 1 0 15
264 1 3 12
264 1 4 14
264 1 5 15
264 1 6 13
264 1 7 15
264 1 10 12
264 1 11 15
264 6 0 12
264 6 1 9
264 6 2 11
264 6 4 12
264 6 6 10
264 6 7 12
264 6 8 9
264 6 9 12
264 11 1 14
264 11 2 11
264 11 5 13
264 11 6 14
264 11 7 12
264 11 9 14
264 11 10 11
264 11 11 14
264 13 0 15
264 13 1 12
264 13 2 14
264 13 4 15
264 13 5 13
264 13 6 15
264 13 7 12
264 13 9 15
265 6 0 26
265 6 1 28
265 6 2 28
265 6 4 23
265 6 6 28
265 6 7 24
265 6 8 27
265 6 9 26
265 7 0 28
265 7 2 30
265 7 4 30
265 7 5 25
265 7 7 30
265 7 8 26
265 7 10 29
265 7 11 28
265 12 0 28
265 12 1 30
265 12 3 30
265 12 5 25
265 12 6 30
265 12 7 26
265 12 10 29
265 12 11 28
266 3 3 38
266 3 4 40
266 3 5 42
266 3 6 37
266 3 8 40
266 3 9 38
266 3 10 39
266 3 11 46
266 8 0 40
266 8 2 42
266 8 4 44
266 8 5 39
266 8 6 42
266 8 8 40
266 8 9 41
266 8 10 48
266 9 1 42
266 9 2 44
266 9 3 46
266 9 5 41
266 9 7 44
266 9 9 42
266 9 10 43
266 9 11 50
267 5 0 37
267 5 1 39
267 5 2 41
267 5 4 36
267 5 5 39
267 5 9 37
267 5 10 38
267 5 11 45
267 7 0 38
267 7 2 32
267 7 4 36
267 7 5 37
267 7 7 33
267 7 8 38
267 7 10 32
267 7 11 38
267 9 1 42
267 9 2 36
267 9 3 40
267 9 5 41
267 9 7 37
267 9 9 42
267 9 10 36
267 9 11 42
267 13 0 42
267 13 1 41
267 13 2 41
267 13 4 36
267 13 5 44
267 13 6 43
267 13 7 43
267 13 9 42
268 0 0 89
268 0 3 79
268 0 5 79
268 0 6 74
268 0 7 91
268 0 9 81
268 0 10 90
268 0 11 89
268 3 3 91
268 3 4 81
268 3 5 81
268 3 6 76
268 3 8 93
268 3 9 83
268 3 10 92
268 3 11 91
268 7 0 93
268 7 2 83
268 7 4 83
268 7 5 78
268 7 7 95
268 7 8 85
268 7 10 94
268 7 11 93
269 0 0 62
269 0 3 64
269 0 5 58
269 0 6 53
269 0 7 58
269 0 9 60
269 0 10 63
269 0 11 62
269 1 0 55
269 1 3 57
269 1 4 67
269 1 5 60
269 1 6 67
269 1 7 67
269 1 10 64
269 1 11 61
269 7 0 78
269 7 2 66
269 7 4 73
269 7 5 75
269 7 7 68
269 7 8 78
269 7 10 65
269 7 11 77
270 0 0 60
270 0 3 62
270 0 5 56
270 0 6 51
270 0 7 56
270 0 9 58
270 0 10 61
270 0 11 60
270 11 1 62
270 11 2 64
270 11 5 58
270 11 6 53
270 11 7 58
270 11 9 60
270 11 10 63
270 11 11 62
270 13 0 63
270 13 1 65
270 13 2 75
270 13 4 68
270 13 5 75
270 13 6 75
270 13 7 72
270 13 9 69
271 3 3 88
271 3 4 78
271 3 5 78
271 3 6 73
271 3 8 90
271 3 9 80
271 3 10 89
271 3 11 88
271 5 0 90
271 5 1 80
271 5 2 80
271 5 4 75
271 5 5 92
271 5 9 82
271 5 10 91
271 5 11 90
271 6 0 92
271 6 1 82
271 6 2 82
271 6 4 77
271 6 6 94
271 6 7 84
271 6 8 93
271 6 9 92
271 11 1 87
271 11 2 77
271 11 5 77
271 11 6 72
271 11 7 89
271 11 9 79
271 11 10 88
271 11 11 87
271 13 0 85
271 13 1 87
271 13 2 89
271 13 4 84
271 13 5 97
271 13 6 95
271 13 7 86
271 13 9 93
272 2 1 9
272 2 2 8
272 2 4 9
272 2 5 9
272 2 7 8
272 2 9 9
272 2 10 8
272 2 11 9
272 8 0 12
272 8 2 9
272 8 4 11
272 8 5 12
272 8 6 10
272 8 8 12
272 8 9 9
272 8 10 12
272 11 1 12
272 11 2 9
272 11 5 11
272 11 6 12
272 11 7 10
272 11 9 12
272 11 10 9
272 11 11 12
272 13 0 9
272 13 1 8
272 13 2 9
272 13 4 9
272 13 5 8
272 13 6 9
272 13 7 8
272 13 9 9
272 14 1 12
272 14 2 9
272 14 3 11
272 14 4 12
272 14 5 10
272 14 7 12
272 14 9 9
272 14 10 12
273 1 0 61
273 1 3 63
273 1 4 57
273 1 5 52
273 1 6 57
273 1 7 59
273 1 10 62
273 1 11 61
273 2 1 54
273 2 2 57
273 2 4 62
273 2 5 66
273 2 7 54
273 2 9 62
273 2 10 65
273 2 11 63
273 12 0 57
273 12 1 59
273 12 3 53
273 12 5 48
273 12 6 53
273 12 7 55
273 12 10 58
273 12 11 57
273 14 1 45
273 14 2 47
273 14 3 49
273 14 4 44
273 14 5 47
273 14 7 45
273 14 9 46
273 14 10 53
274 1 0 94
274 1 3 84
274 1 4 84
274 1 5 79
274 1 6 96
274 1 7 86
274 1 10 95
274 1 11 94
274 6 0 96
274 6 1 91
274 6 2 93
274 6 4 87
274 6 6 93
274 6 7 82
274 6 8 89
274 6 9 97
274 8 0 83
274 8 2 85
274 8 4 87
274 8 5 82
274 8 6 95
274 8 8 93
274 8 9 84
274 8 10 91
275 2 1 54
275 2 2 57
275 2 4 62
275 2 5 66
275 2 7 54
275 2 9 62
275 2 10 65
275 2 11 63
275 4 0 56
275 4 1 58
275 4 3 68
275 4 4 61
275 4 5 68
275 4 6 68
275 4 10 65
275 4 11 62
275 5 0 59
275 5 1 61
275 5 2 55
275 5 4 50
275 5 5 55
275 5 9 57
275 5 10 60
275 5 11 59
275 12 0 54
275 12 1 56
275 12 3 50
275 12 5 45
275 12 6 50
275 12 7 52
275 12 10 55
275 12 11 54
275 14 1 59
275 14 2 61
275 14 3 55
275 14 4 50
275 14 5 55
275 14 7 57
275 14 9 60
275 14 10 59
276 2 1 26
276 2 2 28
276 2 4 28
276 2 5 23
276 2 7 28
276 2 9 24
276 2 10 27
276 2 11 26
276 7 0 28
276 7 2 30
276 7 4 30
276 7 5 25
276 7 7 30
276 7 8 26
276 7 10 29
276 7 11 28
276 9 1 28
276 9 2 30
276 9 3 30
276 9 5 25
276 9 7 30
276 9 9 26
276 9 10 29
276 9 11 28
276 10 1 23
276 10 2 25
276 10 4 25
276 10 5 20
276 10 6 25
276 10 7 21
276 10 9 24
276 10 10 23
277 2 1 40
277 2 2 34
277 2 4 38
277 2 5 39
277 2 7 35
277 2 9 40
277 2 10 34
277 2 11 40
277 3 3 42
277 3 4 36
277 3 5 40
277 3 6 41
277 3 8 37
277 3 9 42
277 3 10 36
277 3 11 42
277 10 1 37
277 10 2 39
277 10 4 41
277 10 5 36
277 10 6 39
277 10 7 37
277 10 9 38
277 10 10 45
277 11 1 39
277 11 2 33
277 11 5 37
277 11 6 38
277 11 7 34
277 11 9 39
277 11 10 33
277 11 11 39
277 12 0 42
277 12 1 36
277 12 3 40
277 12 5 41
277 12 6 37
277 12 7 42
277 12 10 36
277 12 11 42
278 0 0 90
278 0 3 80
278 0 5 80
278 0 6 75
278 0 7 92
278 0 9 82
278 0 10 91
278 0 11 90
278 7 0 79
278 7 2 67
278 7 4 74
278 7 5 76
278 7 7 69
278 7 8 79
278 7 10 66
278 7 11 78
278 8 0 86
278 8 2 74
278 8 4 81
278 8 5 83
278 8 6 76
278 8 8 86
278 8 9 73
278 8 10 85
278 10 1 87
278 10 2 77
278 10 4 77
278 10 5 72
278 10 6 89
278 10 7 79
278 10 9 88
278 10 10 87
278 13 0 81
278 13 1 69
278 13 2 76
278 13 4 78
278 13 5 71
278 13 6 81
278 13 7 68
278 13 9 80
279 2 1 88
279 2 2 78
279 2 4 78
279 2 5 73
279 2 7 90
279 2 9 80
279 2 10 89
279 2 11 88
279 9 1 90
279 9 2 80
279 9 3 80
279 9 5 75
279 9 7 92
279 9 9 82
279 9 10 91
279 9 11 90
279 10 1 92
279 10 2 82
279 10 4 82
279 10 5 77
279 10 6 94
279 10 7 84
279 10 9 93
279 10 10 92
279 13 0 87
279 13 1 77
279 13 2 77
279 13 4 72
279 13 5 89
279 13 6 79
279 13 7 88
279 13 9 87
279 14 1 85
279 14 2 87
279 14 3 89
279 14 4 84
279 14 5 97
279 14 7 95
279 14 9 86
279 14 10 93
280 4 0 42
280 4 1 36
280 4 3 40
280 4 4 41
280 4 5 37
280 4 6 42
280 4 10 36
280 4 11 42
280 5 0 37
280 5 1 39
280 5 2 41
280 5 4 36
280 5 5 39
280 5 9 37
280 5 10 38
280 5 11 45
280 9 1 39
280 9 2 41
280 9 3 43
280 9 5 38
280 9 7 41
280 9 9 39
280 9 10 40
280 9 11 47
281 1 0 55
281 1 3 57
281 1 4 67
281 1 5 60
281 1 6 67
281 1 7 67
281 1 10 64
281 1 11 61
281 7 0 57
281 7 2 59
281 7 4 69
281 7 5 62
281 7 7 69
281 7 8 69
281 7 10 66
281 7 11 63
281 11 1 60
281 11 2 62
281 11 5 56
281 11 6 51
281 11 7 56
281 11 9 58
281 11 10 61
281 11 11 60
282 2 1 60
282 2 2 62
282 2 4 56
282 2 5 51
282 2 7 56
282 2 9 58
282 2 10 61
282 2 11 60
282 3 3 62
282 3 4 64
282 3 5 58
282 3 6 53
282 3 8 58
282 3 9 60
282 3 10 63
282 3 11 62
282 4 0 56
282 4 1 58
282 4 3 52
282 4 4 47
282 4 5 52
282 4 6 54
282 4 10 57
282 4 11 56
282 7 0 44
282 7 2 46
282 7 4 48
282 7 5 43
282 7 7 46
282 7 8 44
282 7 10 45
282 7 11 52
282 14 1 56
282 14 2 58
282 14 3 52
282 14 4 47
282 14 5 52
282 14 7 54
282 14 9 57
282 14 10 56
283 6 0 61
283 6 1 63
283 6 2 57
283 6 4 52
283 6 6 57
283 6 7 59
283 6 8 62
283 6 9 61
283 9 1 54
283 9 2 57
283 9 3 62
283 9 5 66
283 9 7 54
283 9 9 62
283 9 10 65
283 9 11 63
283 10 1 57
283 10 2 59
283 10 4 53
283 10 5 48
283 10 6 53
283 10 7 55
283 10 9 58
283 10 10 57
283 12 0 45
283 12 1 47
283 12 3 49
283 12 5 44
283 12 6 47
283 12 7 45
283 12 10 46
283 12 11 53
283 14 1 57
283 14 2 59
283 14 3 53
283 14 4 48
283 14 5 53
283 14 7 55
283 14 9 58
283 14 10 57
284 3 3 91
284 3 4 81
284 3 5 81
284 3 6 76
284 3 8 93
284 3 9 83
284 3 10 92
284 3 11 91
284 9 1 80
284 9 2 68
284 9 3 75
284 9 5 77
284 9 7 70
284 9 9 80
284 9 10 67
284 9 11 79
284 10 1 83
284 10 2 83
284 10 4 74
284 10 5 84
284 10 6 82
284 10 7 84
284 10 9 74
284 10 10 76
284 12 0 88
284 12 1 78
284 12 3 78
284 12 5 73
284 12 6 90
284 12 7 80
284 12 10 89
284 12 11 88
285 0 0 23
285 0 3 25
285 0 5 25
285 0 6 20
285 0 7 25
285 0 9 21
285 0 10 24
285 0 11 23
285 1 0 25
285 1 3 27
285 1 4 27
285 1 5 22
285 1 6 27
285 1 7 23
285 1 10 26
285 1 11 25
285 13 0 25
285 13 1 27
285 13 2 27
285 13 4 22
285 13 5 27
285 13 6 23
285 13 7 26
285 13 9 25
286 0 0 84
286 0 3 86
286 0 5 88
286 0 6 83
286 0 7 96
286 0 9 94
286 0 10 85
286 0 11 92
286 6 0 89
286 6 1 79
286 6 2 79
286 6 4 74
286 6 6 91
286 6 7 81
286 6 8 90
286 6 9 89
286 13 0 89
286 13 1 79
286 13 2 79
286 13 4 74
286 13 5 91
286 13 6 81
286 13 7 90
286 13 9 89
287 1 0 28
287 1 3 30
287 1 4 30
287 1 5 25
287 1 6 30
287 1 7 26
287 1 10 29
287 1 11 28
287 3 3 28
287 3 4 30
287 3 5 33
287 3 6 33
287 3 8 33
287 3 9 33
287 3 10 30
287 3 11 27
287 6 0 28
287 6 1 30
287 6 2 33
287 6 4 33
287 6 6 33
287 6 7 33
287 6 8 30
287 6 9 27
287 9 1 25
287 9 2 27
287 9 3 27
287 9 5 22
287 9 7 27
287 9 9 23
287 9 10 26
287 9 11 25
288 4 0 61
288 4 1 63
288 4 3 57
288 4 4 52
288 4 5 57
288 4 6 59
288 4 10 62
288 4 11 61
288 7 0 54
288 7 2 57
288 7 4 62
288 7 5 66
288 7 7 54
288 7 8 62
288 7 10 65
288 7 11 63
288 13 0 57
288 13 1 59
288 13 2 53
288 13 4 48
288 13 5 53
288 13 6 55
288 13 7 58
288 13 9 57
289 2 1 55
289 2 2 57
289 2 4 67
289 2 5 60
289 2 7 67
289 2 9 67
289 2 10 64
289 2 11 61
289 7 0 57
289 7 2 59
289 7 4 69
289 7 5 62
289 7 7 69
289 7 8 69
289 7 10 66
289 7 11 63
289 10 1 80
289 10 2 68
289 10 4 75
289 10 5 77
289 10 6 70
289 10 7 80
289 10 9 67
289 10 10 79
289 13 0 60
289 13 1 62
289 13 2 72
289 13 4 65
289 13 5 72
289 13 6 72
289 13 7 69
289 13 9 66
290 0 0 94
290 0 3 84
290 0 5 84
290 0 6 79
290 0 7 96
290 0 9 86
290 0 10 95
290 0 11 94
290 7 0 85
290 7 2 73
290 7 4 80
290 7 5 82
290 7 7 75
290 7 8 85
290 7 10 72
290 7 11 84
290 8 0 85
290 8 2 73
290 8 4 80
290 8 5 82
290 8 6 75
290 8 8 85
290 8 9 72
290 8 10 84
290 14 1 80
290 14 2 68
290 14 3 75
290 14 4 77
290 14 5 70
290 14 7 80
290 14 9 67
290 14 10 79
291 2 1 14
291 2 2 11
291 2 4 13
291 2 5 14
291 2 7 12
291 2 9 14
291 2 10 11
291 2 11 14
291 3 3 9
291 3 4 11
291 3 5 11
291 3 6 9
291 3 8 11
291 3 9 10
291 3 10 10
291 3 11 9
291 4 0 13
291 4 1 10
291 4 3 12
291 4 4 13
291 4 5 11
291 4 6 13
291 4 10 10
291 4 11 13
291 6 0 14
291 6 1 11
291 6 2 13
291 6 4 14
291 6 6 12
291 6 7 14
291 6 8 11
291 6 9 14
291 8 0 12
291 8 2 9
291 8 4 11
291 8 5 12
291 8 6 10
291 8 8 12
291 8 9 9
291 8 10 12
292 1 0 94
292 1 3 84
292 1 4 84
292 1 5 79
292 1 6 96
292 1 7 86
292 1 10 95
292 1 11 94
292 3 3 96
292 3 4 91
292 3 5 93
292 3 6 87
292 3 8 93
292 3 9 82
292 3 10 89
292 3 11 97
292 6 0 83
292 6 1 85
292 6 2 87
292 6 4 82
292 6 6 95
292 6 7 93
292 6 8 84
292 6 9 91
292 13 0 93
292 13 1 83
292 13 2 83
292 13 4 78
292 13 5 95
292 13 6 85
292 13 7 94
292 13 9 93
293 0 0 89
293 0 3 79
293 0 5 79
293 0 6 74
293 0 7 91
293 0 9 81
293 0 10 90
293 0 11 89
293 2 1 91
293 2 2 81
293 2 4 81
293 2 5 76
293 2 7 93
293 2 9 83
293 2 10 92
293 2 11 91
293 4 0 93
293 4 1 83
293 4 3 83
293 4 4 78
293 4 5 95
293 4 6 85
293 4 10 94
293 4 11 93
294 1 0 86
294 1 3 74
294 1 4 81
294 1 5 83
294 1 6 76
294 1 7 86
294 1 10 73
294 1 11 85
294 5 0 61
294 5 1 63
294 5 2 73
294 5 4 66
294 5 5 73
294 5 9 73
294 5 10 70
294 5 11 67
294 6 0 81
294 6 1 69
294 6 2 76
294 6 4 78
294 6 6 71
294 6 7 81
294 6 8 68
294 6 9 80
294 11 1 83
294 11 2 71
294 11 5 78
294 11 6 80
294 11 7 73
294 11 9 83
294 11 10 70
294 11 11 82
294 12 0 63
294 12 1 65
294 12 3 75
294 12 5 68
294 12 6 75
294 12 7 75
294 12 10 72
294 12 11 69
295 1 0 17
295 1 3 14
295 1 4 16
295 1 5 17
295 1 6 15
295 1 7 17
295 1 10 14
295 1 11 17
295 6 0 14
295 6 1 11
295 6 2 13
295 6 4 14
295 6 6 12
295 6 7 14
295 6 8 11
295 6 9 14
295 7 0 16
295 7 2 13
295 7 4 15
295 7 5 16
295 7 7 14
295 7 8 16
295 7 10 13
295 7 11 16
295 8 0 17
295 8 2 14
295 8 4 16
295 8 5 17
295 8 6 15
295 8 8 17
295 8 9 14
295 8 10 17
296 2 1 59
296 2 2 61
296 2 4 55
296 2 5 50
296 2 7 55
296 2 9 57
296 2 10 60
296 2 11 59
296 4 0 61
296 4 1 63
296 4 3 57
296 4 4 52
296 4 5 57
296 4 6 59
296 4 10 62
296 4 11 61
296 10 1 62
296 10 2 64
296 10 4 74
296 10 5 67
296 10 6 74
296 10 7 74
296 10 9 71
296 10 10 68
296 11 1 55
296 11 2 57
296 11 5 67
296 11 6 60
296 11 7 67
296 11 9 67
296 11 10 64
296 11 11 61
296 13 0 62
296 13 1 64
296 13 2 74
296 13 4 67
296 13 5 74
296 13 6 74
296 13 7 71
296 13 9 68
297 4 0 92
297 4 1 82
297 4 3 82
297 4 4 77
297 4 5 94
297 4 6 84
297 4 10 93
297 4 11 92
297 5 0 81
297 5 1 69
297 5 2 76
297 5 4 78
297 5 5 71
297 5 9 81
297 5 10 68
297 5 11 80
297 9 1 87
297 9 2 77
297 9 3 77
297 9 5 72
297 9 7 89
297 9 9 79
297 9 10 88
297 9 11 87
297 10 1 89
297 10 2 79
297 10 4 79
297 10 5 74
297 10 6 91
297 10 7 81
297 10 9 90
297 10 10 89
298 7 0 19
298 7 2 21
298 7 4 18
298 7 5 18
298 7 7 21
298 7 8 19
298 7 10 20
298 7 11 22
298 9 1 18
298 9 2 15
298 9 3 17
298 9 5 18
298 9 7 16
298 9 9 18
298 9 10 15
298 9 11 18
298 11 1 20
298 11 2 17
298 11 5 19
298 11 6 20
298 11 7 18
298 11 9 20
298 11 10 17
298 11 11 20
298 13 0 19
298 13 1 21
298 13 2 18
298 13 4 18
298 13 5 21
298 13 6 19
298 13 7 20
298 13 9 22
298 14 1 19
298 14 2 16
298 14 3 18
298 14 4 19
298 14 5 17
298 14 7 19
298 14 9 16
298 14 10 19
299 2 1 18
299 2 2 15
299 2 4 17
299 2 5 18
299 2 7 16
299 2 9 18
299 2 10 15
299 2 11 18
299 3 3 15
299 3 4 12
299 3 5 14
299 3 6 15
299 3 8 13
299 3 9 15
299 3 10 12
299 3 11 15
299 7 0 17
299 7 2 14
299 7 4 16
299 7 5 17
299 7 7 15
299 7 8 17
299 7 10 14
299 7 11 17
299 13 0 18
299 13 1 15
299 13 2 17
299 13 4 18
299 13 5 16
299 13 6 18
299 13 7 15
299 13 9 18
299 14 1 16
299 14 2 13
299 14 3 15
299 14 4 16
299 14 5 14
299 14 7 16
299 14 9 13
299 14 10 16
300 0 0 56
300 0 3 58
300 0 5 68
300 0 6 61
300 0 7 68
300 0 9 68
300 0 10 65
300 0 11 62
300 3 3 58
300 3 4 60
300 3 5 70
300 3 6 63
300 3 8 70
300 3 9 70
300 3 10 67
300 3 11 64
300 8 0 61
300 8 2 63
300 8 4 57
300 8 5 52
300 8 6 57
300 8 8 59
300 8 9 62
300 8 10 61
301 2 1 55
301 2 2 57
301 2 4 67
301 2 5 60
301 2 7 67
301 2 9 67
301 2 10 64
301 2 11 61
301 13 0 57
301 13 1 59
301 13 2 69
301 13 4 62
301 13 5 69
301 13 6 69
301 13 7 66
301 13 9 63
301 14 1 60
301 14 2 62
301 14 3 56
301 14 4 51
301 14 5 56
301 14 7 58
301 14 9 61
301 14 10 60
302 4 0 42
302 4 1 41
302 4 3 41
302 4 4 36
302 4 5 44
302 4 6 43
302 4 10 43
302 4 11 42
302 5 0 38
302 5 1 40
302 5 2 42
302 5 4 37
302 5 5 40
302 5 9 38
302 5 10 39
302 5 11 46
302 7 0 40
302 7 2 42
302 7 4 44
302 7 5 39
302 7 7 42
302 7 8 40
302 7 10 41
302 7 11 48
302 11 1 42
302 11 2 36
302 11 5 40
302 11 6 41
302 11 7 37
302 11 9 42
302 11 10 36
302 11 11 42
302 12 0 38
302 12 1 40
302 12 3 42
302 12 5 37
302 12 6 40
302 12 7 38
302 12 10 39
302 12 11 46
303 4 0 16
303 4 1 13
303 4 3 15
303 4 4 16
303 4 5 14
303 4 6 16
303 4 10 13
303 4 11 16
303 6 0 13
303 6 1 10
303 6 2 12
303 6 4 13
303 6 6 11
303 6 7 13
303 6 8 10
303 6 9 13
303 8 0 15
303 8 2 12
303 8 4 14
303 8 5 15
303 8 6 13
303 8 8 15
303 8 9 12
303 8 10 15
303 12 0 16
303 12 1 13
303 12 3 15
303 12 5 16
303 12 6 14
303 12 7 16
303 12 10 13
303 12 11 16
303 13 0 14
303 13 1 11
303 13 2 13
303 13 4 14
303 13 5 12
303 13 6 14
303 13 7 11
303 13 9 14
304 6 0 54
304 6 1 57
304 6 2 62
304 6 4 66
304 6 6 54
304 6 7 62
304 6 8 65
304 6 9 63
304 8 0 56
304 8 2 58
304 8 4 68
304 8 5 61
304 8 6 68
304 8 8 68
304 8 9 65
304 8 10 62
304 9 1 59
304 9 2 61
304 9 3 55
304 9 5 50
304 9 7 55
304 9 9 57
304 9 10 60
304 9 11 59
305 1 0 41
305 1 3 43
305 1 4 45
305 1 5 40
305 1 6 43
305 1 7 41
305 1 10 42
305 1 11 49
305 4 0 43
305 4 1 45
305 4 3 47
305 4 4 42
305 4 5 45
305 4 6 43
305 4 10 44
305 4 11 51
305 8 0 45
305 8 2 47
305 8 4 49
305 8 5 44
305 8 6 47
305 8 8 45
305 8 9 46
305 8 10 53
306 0 0 20
306 0 3 17
306 0 5 19
306 0 6 20
306 0 7 18
306 0 9 20
306 0 10 17
306 0 11 20
306 3 3 17
306 3 4 14
306 3 5 16
306 3 6 17
306 3 8 15
306 3 9 17
306 3 10 14
306 3 11 17
306 4 0 19
306 4 1 16
306 4 3 18
306 4 4 19
306 4 5 17
306 4 6 19
306 4 10 16
306 4 11 19
306 7 0 20
306 7 2 17
306 7 4 19
306 7 5 20
306 7 7 18
306 7 8 20
306 7 10 17
306 7 11 20
306 13 0 18
306 13 1 15
306 13 2 17
306 13 4 18
306 13 5 16
306 13 6 18
306 13 7 15
306 13 9 18
307 0 0 29
307 0 3 31
307 0 5 31
307 0 6 26
307 0 7 31
307 0 9 27
307 0 10 30
307 0 11 29
307 1 0 34
307 1 3 28
307 1 4 32
307 1 5 33
307 1 6 29
307 1 7 34
307 1 10 28
307 1 11 34
307 6 0 34
307 6 1 28
307 6 2 32
307 6 4 33
307 6 6 29
307 6 7 34
307 6 8 28
307 6 9 34
307 14 1 26
307 14 2 28
307 14 3 28
307 14 4 23
307 14 5 28
307 14 7 24
307 14 9 27
307 14 10 26
308 0 0 18
308 0 3 15
308 0 5 17
308 0 6 18
308 0 7 16
308 0 9 18
308 0 10 15
308 0 11 18
308 4 0 15
308 4 1 12
308 4 3 14
308 4 4 15
308 4 5 13
308 4 6 15
308 4 10 12
308 4 11 15
308 8 0 17
308 8 2 14
308 8 4 16
308 8 5 17
308 8 6 15
308 8 8 17
308 8 9 14
308 8 10 17
308 9 1 18
308 9 2 15
308 9 3 17
308 9 5 18
308 9 7 16
308 9 9 18
308 9 10 15
308 9 11 18
308 13 0 16
308 13 1 13
308 13 2 15
308 13 4 16
308 13 5 14
308 13 6 16
308 13 7 13
308 13 9 16
309 2 1 38
309 2 2 40
309 2 4 42
309 2 5 37
309 2 7 40
309 2 9 38
309 2 10 39
309 2 11 46
309 4 0 39
309 4 1 33
309 4 3 37
309 4 4 38
309 4 5 34
309 4 6 39
309 4 10 33
309 4 11 39
309 6 0 42
309 6 1 41
309 6 2 41
309 6 4 36
309 6 6 44
309 6 7 43
309 6 8 43
309 6 9 42
309 14 1 37
309 14 2 39
309 14 3 41
309 14 4 36
309 14 5 39
309 14 7 37
309 14 9 38
309 14 10 45
310 0 0 56
310 0 3 58
310 0 5 68
310 0 6 61
310 0 7 68
310 0 9 68
310 0 10 65
310 0 11 62
310 1 0 58
310 1 3 60
310 1 4 70
310 1 5 63
310 1 6 70
310 1 7 70
310 1 10 67
310 1 11 64
310 5 0 81
310 5 1 69
310 5 2 76
310 5 4 78
310 5 5 71
310 5 9 81
310 5 10 68
310 5 11 80
310 7 0 61
310 7 2 63
310 7 4 73
310 7 5 66
310 7 7 73
310 7 8 73
310 7 10 70
310 7 11 67
310 14 1 81
310 14 2 69
310 14 3 76
310 14 4 78
310 14 5 71
310 14 7 81
310 14 9 68
310 14 10 80
311 4 0 13
311 4 1 10
311 4 3 12
311 4 4 13
311 4 5 11
311 4 6 13
311 4 10 10
311 4 11 13
311 8 0 9
311 8 2 8
311 8 4 9
311 8 5 9
311 8 6 8
311 8 8 9
311 8 9 8
311 8 10 9
311 14 1 12
311 14 2 9
311 14 3 11
311 14 4 12
311 14 5 10
311 14 7 12
311 14 9 9
311 14 10 12
312 0 0 26
312 0 3 28
312 0 5 28
312 0 6 23
312 0 7 28
312 0 9 24
312 0 10 27
312 0 11 26
312 7 0 28
312 7 2 30
312 7 4 30
312 7 5 25
312 7 7 30
312 7 8 26
312 7 10 29
312 7 11 28
312 11 1 28
312 11 2 30
312 11 5 30
312 11 6 25
312 11 7 30
312 11 9 26
312 11 10 29
312 11 11 28
312 13 0 23
312 13 1 25
312 13 2 25
312 13 4 20
312 13 5 25
312 13 6 21
312 13 7 24
312 13 9 23
313 6 0 41
313 6 1 35
313 6 2 39
313 6 4 40
313 6 6 36
313 6 7 41
313 6 8 35
313 6 9 41
313 7 0 42
313 7 2 41
313 7 4 41
313 7 5 36
313 7 7 44
313 7 8 43
313 7 10 43
313 7 11 42
313 8 0 38
313 8 2 40
313 8 4 42
313 8 5 37
313 8 6 40
313 8 8 38
313 8 9 39
313 8 10 46
313 10 1 40
313 10 2 34
313 10 4 38
313 10 5 39
313 10 6 35
313 10 7 40
313 10 9 34
313 10 10 40
313 13 0 42
313 13 1 41
313 13 2 41
313 13 4 36
313 13 5 44
313 13 6 43
313 13 7 43
313 13 9 42
314 5 0 57
314 5 1 59
314 5 2 69
314 5 4 62
314 5 5 69
314 5 9 69
314 5 10 66
314 5 11 63
314 9 1 59
314 9 2 61
314 9 3 71
314 9 5 64
314 9 7 71
314 9 9 71
314 9 10 68
314 9 11 65
314 11 1 82
314 11 2 70
314 11 5 77
314 11 6 79
314 11 7 72
314 11 9 82
314 11 10 69
314 11 11 81
315 1 0 23
315 1 3 25
315 1 4 25
315 1 5 20
315 1 6 25
315 1 7 21
315 1 10 24
315 1 11 23
315 4 0 25
315 4 1 27
315 4 3 27
315 4 4 22
315 4 5 27
315 4 6 23
315 4 10 26
315 4 11 25
315 7 0 25
315 7 2 27
315 7 4 27
315 7 5 22
315 7 7 27
315 7 8 23
315 7 10 26
315 7 11 25
315 8 0 19
315 8 2 21
315 8 4 18
315 8 5 18
315 8 6 21
315 8 8 19
315 8 9 20
315 8 10 22
315 10 1 25
315 10 2 27
315 10 4 27
315 10 5 22
315 10 6 27
315 10 7 23
315 10 9 26
315 10 10 25
316 7 0 87
316 7 2 77
316 7 4 77
316 7 5 72
316 7 7 89
316 7 8 79
316 7 10 88
316 7 11 87
316 9 1 63
316 9 2 65
316 9 3 75
316 9 5 68
316 9 7 75
316 9 9 75
316 9 10 72
316 9 11 69
316 11 1 83
316 11 2 71
316 11 5 78
316 11 6 80
316 11 7 73
316 11 9 83
316 11 10 70
316 11 11 82
317 2 1 40
317 2 2 42
317 2 4 44
317 2 5 39
317 2 7 42
317 2 9 40
317 2 10 41
317 2 11 48
317 3 3 42
317 3 4 44
317 3 5 46
317 3 6 41
317 3 8 44
317 3 9 42
317 3 10 43
317 3 11 50
317 7 0 44
317 7 2 46
317 7 4 48
317 7 5 43
317 7 7 46
317 7 8 44
317 7 10 45
317 7 11 52
317 14 1 39
317 14 2 41
317 14 3 43
317 14 4 38
317 14 5 41
317 14 7 39
317 14 9 40
317 14 10 47
318 5 0 38
318 5 1 32
318 5 2 36
318 5 4 37
318 5 5 33
318 5 9 38
318 5 10 32
318 5 11 38
318 7 0 29
318 7 2 31
318 7 4 31
318 7 5 26
318 7 7 31
318 7 8 27
318 7 10 30
318 7 11 29
318 8 0 36
318 8 2 30
318 8 4 34
318 8 5 35
318 8 6 31
318 8 8 36
318 8 9 30
318 8 10 36
318 9 1 37
318 9 2 31
318 9 3 35
318 9 5 36
318 9 7 32
318 9 9 37
318 9 10 31
318 9 11 37
319 7 0 92
319 7 2 82
319 7 4 82
319 7 5 77
319 7 7 94
319 7 8 84
319 7 10 93
319 7 11 92
319 9 1 94
319 9 2 84
319 9 3 84
319 9 5 79
319 9 7 96
319 9 9 86
319 9 10 95
319 9 11 94
319 13 0 96
319 13 1 91
319 13 2 93
319 13 4 87
319 13 5 93
319 13 6 82
319 13 7 89
319 13 9 97
320 0 0 41
320 0 3 35
320 0 5 39
320 0 6 40
320 0 7 36
320 0 9 41
320 0 10 35
320 0 11 41
320 1 0 35
320 1 3 29
320 1 4 33
320 1 5 34
320 1 6 30
320 1 7 35
320 1 10 29
320 1 11 35
320 3 3 39
320 3 4 33
320 3 5 37
320 3 6 38
320 3 8 34
320 3 9 39
320 3 10 33
320 3 11 39
321 0 0 41
321 0 3 35
321 0 5 39
321 0 6 40
321 0 7 36
321 0 9 41
321 0 10 35
321 0 11 41
321 3 3 42
321 3 4 41
321 3 5 41
321 3 6 36
321 3 8 44
321 3 9 43
321 3 10 43
321 3 11 42
321 9 1 38
321 9 2 40
321 9 3 42
321 9 5 37
321 9 7 40
321 9 9 38
321 9 10 39
321 9 11 46
322 4 0 54
322 4 1 57
322 4 3 62
322 4 4 66
322 4 5 54
322 4 6 62
322 4 10 65
322 4 11 63
322 11 1 56
322 11 2 58
322 11 5 68
322 11 6 61
322 11 7 68
322 11 9 68
322 11 10 65
322 11 11 62
322 12 0 79
322 12 1 67
322 12 3 74
322 12 5 76
322 12 6 69
322 12 7 79
322 12 10 66
322 12 11 78
322 13 0 59
322 13 1 61
322 13 2 71
322 13 4 64
322 13 5 71
322 13 6 71
322 13 7 68
322 13 9 65
322 14 1 79
322 14 2 67
322 14 3 74
322 14 4 76
322 14 5 69
322 14 7 79
322 14 9 66
322 14 10 78
323 2 1 57
323 2 2 59
323 2 4 53
323 2 5 48
323 2 7 53
323 2 9 55
323 2 10 58
323 2 11 57
323 9 1 59
323 9 2 61
323 9 3 55
323 9 5 50
323 9 7 55
323 9 9 57
323 9 10 60
323 9 11 59
323 12 0 46
323 12 1 53
323 12 3 53
323 12 5 52
323 12 6 52
323 12 7 51
323 12 10 51
323 12 11 45
324 0 0 91
324 0 3 81
324 0 5 81
324 0 6 76
324 0 7 93
324 0 9 83
324 0 10 92
324 0 11 91
324 7 0 80
324 7 2 68
324 7 4 75
324 7 5 77
324 7 7 70
324 7 8 80
324 7 10 67
324 7 11 79
324 8 0 83
324 8 2 83
324 8 4 74
324 8 5 84
324 8 6 82
324 8 8 84
324 8 9 74
324 8 10 76
324 9 1 88
324 9 2 78
324 9 3 78
324 9 5 73
324 9 7 90
324 9 9 80
324 9 10 89
324 9 11 88
325 1 0 60
325 1 3 62
325 1 4 56
325 1 5 51
325 1 6 56
325 1 7 58
325 1 10 61
325 1 11 60
325 2 1 62
325 2 2 64
325 2 4 58
325 2 5 53
325 2 7 58
325 2 9 60
325 2 10 63
325 2 11 62
325 8 0 56
325 8 2 58
325 8 4 52
325 8 5 47
325 8 6 52
325 8 8 54
325 8 9 57
325 8 10 56
325 9 1 44
325 9 2 46
325 9 3 48
325 9 5 43
325 9 7 46
325 9 9 44
325 9 10 45
325 9 11 52
325 14 1 56
325 14 2 58
325 14 3 52
325 14 4 47
325 14 5 52
325 14 7 54
325 14 9 57
325 14 10 56
326 3 3 23
326 3 4 25
326 3 5 25
326 3 6 20
326 3 8 25
326 3 9 21
326 3 10 24
326 3 11 23
326 13 0 25
326 13 1 27
326 13 2 27
326 13 4 22
326 13 5 27
326 13 6 23
326 13 7 26
326 13 9 25
326 14 1 25
326 14 2 27
326 14 3 27
326 14 4 22
326 14 5 27
326 14 7 23
326 14 9 26
326 14 10 25
327 4 0 56
327 4 1 58
327 4 3 68
327 4 4 61
327 4 5 68
327 4 6 68
327 4 10 65
327 4 11 62
327 6 0 58
327 6 1 60
327 6 2 70
327 6 4 63
327 6 6 70
327 6 7 70
327 6 8 67
327 6 9 64
327 8 0 81
327 8 2 69
327 8 4 76
327 8 5 78
327 8 6 71
327 8 8 81
327 8 9 68
327 8 10 80
327 11 1 61
327 11 2 63
327 11 5 73
327 11 6 66
327 11 7 73
327 11 9 73
327 11 10 70
327 11 11 67
327 14 1 81
327 14 2 69
327 14 3 76
327 14 4 78
327 14 5 71
327 14 7 81
327 14 9 68
327 14 10 80
328 4 0 42
328 4 1 44
328 4 3 46
328 4 4 41
328 4 5 44
328 4 6 42
328 4 10 43
328 4 11 50
328 6 0 56
328 6 1 58
328 6 2 52
328 6 4 47
328 6 6 52
328 6 7 54
328 6 8 57
328 6 9 56
328 7 0 56
328 7 2 58
328 7 4 52
328 7 5 47
328 7 7 52
328 7 8 54
328 7 10 57
328 7 11 56
328 9 1 55
328 9 2 57
328 9 3 51
328 9 5 46
328 9 7 51
328 9 9 53
328 9 10 56
328 9 11 55
328 12 0 55
328 12 1 57
328 12 3 51
328 12 5 46
328 12 6 51
328 12 7 53
328 12 10 56
328 12 11 55
329 0 0 95
329 0 3 85
329 0 5 85
329 0 6 80
329 0 7 97
329 0 9 87
329 0 10 96
329 0 11 95
329 1 0 86
329 1 3 74
329 1 4 81
329 1 5 83
329 1 6 76
329 1 7 86
329 1 10 73
329 1 11 85
329 6 0 86
329 6 1 74
329 6 2 81
329 6 4 83
329 6 6 76
329 6 7 86
329 6 8 73
329 6 9 85
330 3 3 25
330 3 4 27
330 3 5 27
330 3 6 22
330 3 8 27
330 3 9 23
330 3 10 26
330 3 11 25
330 12 0 27
330 12 1 29
330 12 3 29
330 12 5 24
330 12 6 29
330 12 7 25
330 12 10 28
330 12 11 27
330 14 1 27
330 14 2 29
330 14 3 29
330 14 4 24
330 14 5 29
330 14 7 25
330 14 9 28
330 14 10 27
331 0 0 59
331 0 3 61
331 0 5 55
331 0 6 50
331 0 7 55
331 0 9 57
331 0 10 60
331 0 11 59
331 10 1 61
331 10 2 63
331 10 4 57
331 10 5 52
331 10 6 57
331 10 7 59
331 10 9 62
331 10 10 61
331 13 0 62
331 13 1 64
331 13 2 74
331 13 4 67
331 13 5 74
331 13 6 74
331 13 7 71
331 13 9 68
332 3 3 54
332 3 4 57
332 3 5 62
332 3 6 66
332 3 8 54
332 3 9 62
332 3 10 65
332 3 11 63
332 11 1 56
332 11 2 58
332 11 5 68
332 11 6 61
332 11 7 68
332 11 9 68
332 11 10 65
332 11 11 62
332 13 0 79
332 13 1 67
332 13 2 74
332 13 4 76
332 13 5 69
332 13 6 79
332 13 7 66
332 13 9 78
333 1 0 90
333 1 3 80
333 1 4 80
333 1 5 75
333 1 6 92
333 1 7 82
333 1 10 91
333 1 11 90
333 5 0 79
333 5 1 67
333 5 2 74
333 5 4 76
333 5 5 69
333 5 9 79
333 5 10 66
333 5 11 78
333 11 1 86
333 11 2 74
333 11 5 81
333 11 6 83
333 11 7 76
333 11 9 86
333 11 10 73
333 11 11 85
333 12 0 87
333 12 1 77
333 12 3 77
333 12 5 72
333 12 6 89
333 12 7 79
333 12 10 88
333 12 11 87
334 3 3 62
334 3 4 64
334 3 5 58
334 3 6 53
334 3 8 58
334 3 9 60
334 3 10 63
334 3 11 62
334 5 0 55
334 5 1 57
334 5 2 67
334 5 4 60
334 5 5 67
334 5 9 67
334 5 10 64
334 5 11 61
334 7 0 78
334 7 2 66
334 7 4 73
334 7 5 75
334 7 7 68
334 7 8 78
334 7 10 65
334 7 11 77
334 11 1 58
334 11 2 60
334 11 5 70
334 11 6 63
334 11 7 70
334 11 9 70
334 11 10 67
334 11 11 64
334 13 0 78
334 13 1 66
334 13 2 73
334 13 4 75
334 13 5 68
334 13 6 78
334 13 7 65
334 13 9 77
335 0 0 59
335 0 3 61
335 0 5 55
335 0 6 50
335 0 7 55
335 0 9 57
335 0 10 60
335 0 11 59
335 2 1 61
335 2 2 63
335 2 4 57
335 2 5 52
335 2 7 57
335 2 9 59
335 2 10 62
335 2 11 61
335 4 0 55
335 4 1 57
335 4 3 51
335 4 4 46
335 4 5 51
335 4 6 53
335 4 10 56
335 4 11 55
336 0 0 22
336 0 3 24
336 0 5 24
336 0 6 19
336 0 7 24
336 0 9 20
336 0 10 23
336 0 11 22
336 2 1 24
336 2 2 26
336 2 4 26
336 2 5 21
336 2 7 26
336 2 9 22
336 2 10 25
336 2 11 24
336 5 0 24
336 5 1 26
336 5 2 26
336 5 4 21
336 5 5 26
336 5 9 22
336 5 10 25
336 5 11 24
336 8 0 20
336 8 2 17
336 8 4 19
336 8 5 20
336 8 6 18
336 8 8 20
336 8 9 17
336 8 10 20
336 13 0 24
336 13 1 26
336 13 2 26
336 13 4 21
336 13 5 26
336 13 6 22
336 13 7 25
336 13 9 24
337 3 3 62
337 3 4 64
337 3 5 58
337 3 6 53
337 3 8 58
337 3 9 60
337 3 10 63
337 3 11 62
337 8 0 55
337 8 2 57
337 8 4 67
337 8 5 60
337 8 6 67
337 8 8 67
337 8 9 64
337 8 10 61
337 11 1 78
337 11 2 66
337 11 5 73
337 11 6 75
337 11 7 68
337 11 9 78
337 11 10 65
337 11 11 77
337 12 0 58
337 12 1 60
337 12 3 70
337 12 5 63
337 12 6 70
337 12 7 70
337 12 10 67
337 12 11 64
337 14 1 78
337 14 2 66
337 14 3 73
337 14 4 75
337 14 5 68
337 14 7 78
337 14 9 65
337 14 10 77
338 6 0 17
338 6 1 14
338 6 2 16
338 6 4 17
338 6 6 15
338 6 7 17
338 6 8 14
338 6 9 17
338 8 0 14
338 8 2 11
338 8 4 13
338 8 5 14
338 8 6 12
338 8 8 14
338 8 9 11
338 8 10 14
338 11 1 16
338 11 2 13
338 11 5 15
338 11 6 16
338 11 7 14
338 11 9 16
338 11 10 13
338 11 11 16
338 14 1 17
338 14 2 14
338 14 3 16
338 14 4 17
338 14 5 15
338 14 7 17
338 14 9 14
338 14 10 17
339 7 0 24
339 7 2 26
339 7 4 26
339 7 5 21
339 7 7 26
339 7 8 22
339 7 10 25
339 7 11 24
339 8 0 26
339 8 2 28
339 8 4 28
339 8 5 23
339 8 6 28
339 8 8 24
339 8 9 27
339 8 10 26
339 10 1 26
339 10 2 28
339 10 4 28
339 10 5 23
339 10 6 28
339 10 7 24
339 10 9 27
339 10 10 26
339 13 0 21
339 13 1 23
339 13 2 23
339 13 4 18
339 13 5 23
339 13 6 19
339 13 7 22
339 13 9 21
339 14 1 26
339 14 2 28
339 14 3 28
339 14 4 23
339 14 5 28
339 14 7 24
339 14 9 27
339 14 10 26
340 2 1 57
340 2 2 59
340 2 4 53
340 2 5 48
340 2 7 53
340 2 9 55
340 2 10 58
340 2 11 57
340 5 0 59
340 5 1 61
340 5 2 55
340 5 4 50
340 5 5 55
340 5 9 57
340 5 10 60
340 5 11 59
340 6 0 46
340 6 1 53
340 6 2 53
340 6 4 52
340 6 6 52
340 6 7 51
340 6 8 51
340 6 9 45
341 0 0 40
341 0 3 34
341 0 5 38
341 0 6 39
341 0 7 35
341 0 9 40
341 0 10 34
341 0 11 40
341 3 3 42
341 3 4 36
341 3 5 40
341 3 6 41
341 3 8 37
341 3 9 42
341 3 10 36
341 3 11 42
341 6 0 37
341 6 1 39
341 6 2 41
341 6 4 36
341 6 6 39
341 6 7 37
341 6 8 38
341 6 9 45
341 8 0 39
341 8 2 33
341 8 4 37
341 8 5 38
341 8 6 34
341 8 8 39
341 8 9 33
341 8 10 39
341 12 0 42
341 12 1 36
341 12 3 40
341 12 5 41
341 12 6 37
341 12 7 42
341 12 10 36
341 12 11 42
342 3 3 41
342 3 4 43
342 3 5 45
342 3 6 40
342 3 8 43
342 3 9 41
342 3 10 42
342 3 11 49
342 5 0 43
342 5 1 45
342 5 2 47
342 5 4 42
342 5 5 45
342 5 9 43
342 5 10 44
342 5 11 51
342 8 0 45
342 8 2 47
342 8 4 49
342 8 5 44
342 8 6 47
342 8 8 45
342 8 9 46
342 8 10 53
343 3 3 83
343 3 4 85
343 3 5 87
343 3 6 82
343 3 8 95
343 3 9 93
343 3 10 84
343 3 11 91
343 4 0 88
343 4 1 78
343 4 3 78
343 4 4 73
343 4 5 90
343 4 6 80
343 4 10 89
343 4 11 88
343 6 0 88
343 6 1 78
343 6 2 78
343 6 4 73
343 6 6 90
343 6 7 80
343 6 8 89
343 6 9 88
343 14 1 84
343 14 2 72
343 14 3 79
343 14 4 81
343 14 5 74
343 14 7 84
343 14 9 71
343 14 10 83
344 5 0 90
344 5 1 80
344 5 2 80
344 5 4 75
344 5 5 92
344 5 9 82
344 5 10 91
344 5 11 90
344 9 1 92
344 9 2 82
344 9 3 82
344 9 5 77
344 9 7 94
344 9 9 84
344 9 10 93
344 9 11 92
344 10 1 94
344 10 2 84
344 10 4 84
344 10 5 79
344 10 6 96
344 10 7 86
344 10 9 95
344 10 10 94
345 1 0 54
345 1 3 57
345 1 4 62
345 1 5 66
345 1 6 54
345 1 7 62
345 1 10 65
345 1 11 63
345 5 0 56
345 5 1 58
345 5 2 68
345 5 4 61
345 5 5 68
345 5 9 68
345 5 10 65
345 5 11 62
345 14 1 59
345 14 2 61
345 14 3 55
345 14 4 50
345 14 5 55
345 14 7 57
345 14 9 60
345 14 10 59
346 1 0 91
346 1 3 81
346 1 4 81
346 1 5 76
346 1 6 93
346 1 7 83
346 1 10 92
346 1 11 91
346 2 1 80
346 2 2 68
346 2 4 75
346 2 5 77
346 2 7 70
346 2 9 80
346 2 10 67
346 2 11 79
346 4 0 83
346 4 1 83
346 4 3 74
346 4 4 84
346 4 5 82
346 4 6 84
346 4 10 74
346 4 11 76
346 8 0 88
346 8 2 78
346 8 4 78
346 8 5 73
346 8 6 90
346 8 8 80
346 8 9 89
346 8 10 88
346 9 1 82
346 9 2 70
346 9 3 77
346 9 5 79
346 9 7 72
346 9 9 82
346 9 10 69
346 9 11 81
347 0 0 41
347 0 3 35
347 0 5 39
347 0 6 40
347 0 7 36
347 0 9 41
347 0 10 35
347 0 11 41
347 6 0 35
347 6 1 29
347 6 2 33
347 6 4 34
347 6 6 30
347 6 7 35
347 6 8 29
347 6 9 35
347 14 1 39
347 14 2 33
347 14 3 37
347 14 4 38
347 14 5 34
347 14 7 39
347 14 9 33
347 14 10 39
348 1 0 15
348 1 3 12
348 1 4 14
348 1 5 15
348 1 6 13
348 1 7 15
348 1 10 12
348 1 11 15
348 2 1 12
348 2 2 9
348 2 4 11
348 2 5 12
348 2 7 10
348 2 9 12
348 2 10 9
348 2 11 12
348 4 0 14
348 4 1 11
348 4 3 13
348 4 4 14
348 4 5 12
348 4 6 14
348 4 10 11
348 4 11 14
348 6 0 15
348 6 1 12
348 6 2 14
348 6 4 15
348 6 6 13
348 6 7 15
348 6 8 12
348 6 9 15
348 8 0 13
348 8 2 10
348 8 4 12
348 8 5 13
348 8 6 11
348 8 8 13
348 8 9 10
348 8 10 13
349 1 0 86
349 1 3 74
349 1 4 81
349 1 5 83
349 1 6 76
349 1 7 86
349 1 10 73
349 1 11 85
349 2 1 61
349 2 2 63
349 2 4 73
349 2 5 66
349 2 7 73
349 2 9 73
349 2 10 70
349 2 11 67
349 3 3 81
349 3 4 69
349 3 5 76
349 3 6 78
349 3 8 71
349 3 9 81
349 3 10 68
349 3 11 80
349 7 0 83
349 7 2 71
349 7 4 78
349 7 5 80
349 7 7 73
349 7 8 83
349 7 10 70
349 7 11 82
349 8 0 63
349 8 2 65
349 8 4 75
349 8 5 68
349 8 6 75
349 8 8 75
349 8 9 72
349 8 10 69
350 1 0 23
350 1 3 25
350 1 4 25
350 1 5 20
350 1 6 25
350 1 7 21
350 1 10 24
350 1 11 23
350 4 0 25
350 4 1 27
350 4 3 27
350 4 4 22
350 4 5 27
350 4 6 23
350 4 10 26
350 4 11 25
350 11 1 25
350 11 2 27
350 11 5 27
350 11 6 22
350 11 7 27
350 11 9 23
350 11 10 26
350 11 11 25
351 4 0 95
351 4 1 113
351 4 3 113
351 4 4 112
351 4 5 101
351 4 6 111
351 4 10 100
351 4 11 105
351 8 0 97
351 8 2 115
351 8 4 115
351 8 5 114
351 8 6 103
351 8 8 113
351 8 9 102
351 8 10 107
351 10 1 99
351 10 2 110
351 10 4 112
351 10 5 100
351 10 6 109
351 10 7 120
351 10 9 110
351 10 10 121
351 13 0 87
351 13 1 89
351 13 2 91
351 13 4 86
351 13 5 99
351 13 6 97
351 13 7 88
351 13 9 95
352 4 0 91
352 4 1 81
352 4 3 81
352 4 4 76
352 4 5 93
352 4 6 83
352 4 10 92
352 4 11 91
352 6 0 80
352 6 1 68
352 6 2 75
352 6 4 77
352 6 6 70
352 6 7 80
352 6 8 67
352 6 9 79
352 12 0 83
352 12 1 83
352 12 3 74
352 12 5 84
352 12 6 82
352 12 7 84
352 12 10 74
352 12 11 76
353 1 0 24
353 1 3 26
353 1 4 26
353 1 5 21
353 1 6 26
353 1 7 22
353 1 10 25
353 1 11 24
353 4 0 26
353 4 1 28
353 4 3 28
353 4 4 23
353 4 5 28
353 4 6 24
353 4 10 27
353 4 11 26
353 6 0 26
353 6 1 28
353 6 2 28
353 6 4 23
353 6 6 28
353 6 7 24
353 6 8 27
353 6 9 26
353 13 0 21
353 13 1 23
353 13 2 23
353 13 4 18
353 13 5 23
353 13 6 19
353 13 7 22
353 13 9 21
353 14 1 26
353 14 2 28
353 14 3 28
353 14 4 23
353 14 5 28
353 14 7 24
353 14 9 27
353 14 10 26
354 1 0 60
354 1 3 62
354 1 4 56
354 1 5 51
354 1 6 56
354 1 7 58
354 1 10 61
354 1 11 60
354 6 0 62
354 6 1 64
354 6 2 58
354 6 4 53
354 6 6 58
354 6 7 60
354 6 8 63
354 6 9 62
354 9 1 56
354 9 2 58
354 9 3 52
354 9 5 47
354 9 7 52
354 9 9 54
354 9 10 57
354 9 11 56
355 2 1 15
355 2 2 12
355 2 4 14
355 2 5 15
355 2 7 13
355 2 9 15
355 2 10 12
355 2 11 15
355 7 0 12
355 7 2 9
355 7 4 11
355 7 5 12
355 7 7 10
355 7 8 12
355 7 10 9
355 7 11 12
355 8 0 14
355 8 2 11
355 8 4 13
355 8 5 14
355 8 6 12
355 8 8 14
355 8 9 11
355 8 10 14
356 1 0 24
356 1 3 26
356 1 4 26
356 1 5 21
356 1 6 26
356 1 7 22
356 1 10 25
356 1 11 24
356 3 3 26
356 3 4 28
356 3 5 28
356 3 6 23
356 3 8 28
356 3 9 24
356 3 10 27
356 3 11 26
356 4 0 26
356 4 1 28
356 4 3 28
356 4 4 23
356 4 5 28
356 4 6 24
356 4 10 27
356 4 11 26
356 9 1 21
356 9 2 23
356 9 3 23
356 9 5 18
356 9 7 23
356 9 9 19
356 9 10 22
356 9 11 21
356 12 0 26
356 12 1 28
356 12 3 28
356 12 5 23
356 12 6 28
356 12 7 24
356 12 10 27
356 12 11 26
357 3 3 29
357 3 4 31
357 3 5 31
357 3 6 26
357 3 8 31
357 3 9 27
357 3 10 30
357 3 11 29
357 5 0 34
357 5 1 28
357 5 2 32
357 5 4 33
357 5 5 29
357 5 9 34
357 5 10 28
357 5 11 34
357 9 1 34
357 9 2 28
357 9 3 32
357 9 5 33
357 9 7 29
357 9 9 34
357 9 10 28
357 9 11 34
357 13 0 26
357 13 1 28
357 13 2 28
357 13 4 23
357 13 5 28
357 13 6 24
357 13 7 27
357 13 9 26
358 3 3 24
358 3 4 26
358 3 5 26
358 3 6 21
358 3 8 26
358 3 9 22
358 3 10 25
358 3 11 24
358 5 0 26
358 5 1 28
358 5 2 28
358 5 4 23
358 5 5 28
358 5 9 24
358 5 10 27
358 5 11 26
358 7 0 26
358 7 2 28
358 7 4 28
358 7 5 23
358 7 7 28
358 7 8 24
358 7 10 27
358 7 11 26
358 9 1 21
358 9 2 23
358 9 3 23
358 9 5 18
358 9 7 23
358 9 9 19
358 9 10 22
358 9 11 21
358 11 1 26
358 11 2 28
358 11 5 28
358 11 6 23
358 11 7 28
358 11 9 24
358 11 10 27
358 11 11 26
359 0 0 19
359 0 3 21
359 0 5 18
359 0 6 18
359 0 7 21
359 0 9 19
359 0 10 20
359 0 11 22
359 3 3 18
359 3 4 15
359 3 5 17
359 3 6 18
359 3 8 16
359 3 9 18
359 3 10 15
359 3 11 18
359 9 1 20
359 9 2 17
359 9 3 19
359 9 5 20
359 9 7 18
359 9 9 20
359 9 10 17
359 9 11 20
359 10 1 19
359 10 2 21
359 10 4 18
359 10 5 18
359 10 6 21
359 10 7 19
359 10 9 20
359 10 10 22
359 12 0 19
359 12 1 16
359 12 3 18
359 12 5 19
359 12 6 17
359 12 7 19
359 12 10 16
359 12 11 19
360 1 0 55
360 1 3 57
360 1 4 67
360 1 5 60
360 1 6 67
360 1 7 67
360 1 10 64
360 1 11 61
360 2 1 57
360 2 2 59
360 2 4 69
360 2 5 62
360 2 7 69
360 2 9 69
360 2 10 66
360 2 11 63
360 8 0 80
360 8 2 68
360 8 4 75
360 8 5 77
360 8 6 70
360 8 8 80
360 8 9 67
360 8 10 79
360 12 0 60
360 12 1 62
360 12 3 72
360 12 5 65
360 12 6 72
360 12 7 72
360 12 10 69
360 12 11 66
361 5 0 85
361 5 1 87
361 5 2 89
361 5 4 84
361 5 5 97
361 5 9 95
361 5 10 86
361 5 11 93
361 8 0 90
361 8 2 80
361 8 4 80
361 8 5 75
361 8 6 92
361 8 8 82
361 8 9 91
361 8 10 90
361 10 1 90
361 10 2 80
361 10 4 80
361 10 5 75
361 10 6 92
361 10 7 82
361 10 9 91
361 10 10 90
361 11 1 86
361 11 2 74
361 11 5 81
361 11 6 83
361 11 7 76
361 11 9 86
361 11 10 73
361 11 11 85
361 12 0 87
361 12 1 89
361 12 3 91
361 12 5 86
361 12 6 99
361 12 7 97
361 12 10 88
361 12 11 95
362 8 0 54
362 8 2 57
362 8 4 62
362 8 5 66
362 8 6 54
362 8 8 62
362 8 9 65
362 8 10 63
362 12 0 56
362 12 1 58
362 12 3 68
362 12 5 61
362 12 6 68
362 12 7 68
362 12 10 65
362 12 11 62
362 14 1 59
362 14 2 61
362 14 3 55
362 14 4 50
362 14 5 55
362 14 7 57
362 14 9 60
362 14 10 59
363 2 1 38
363 2 2 32
363 2 4 36
363 2 5 37
363 2 7 33
363 2 9 38
363 2 10 32
363 2 11 38
363 5 0 29
363 5 1 31
363 5 2 31
363 5 4 26
363 5 5 31
363 5 9 27
363 5 10 30
363 5 11 29
363 7 0 36
363 7 2 30
363 7 4 34
363 7 5 35
363 7 7 31
363 7 8 36
363 7 10 30
363 7 11 36
363 9 1 37
363 9 2 31
363 9 3 35
363 9 5 36
363 9 7 32
363 9 9 37
363 9 10 31
363 9 11 37
363 10 1 28
363 10 2 30
363 10 4 33
363 10 5 33
363 10 6 33
363 10 7 33
363 10 9 30
363 10 10 27
364 2 1 18
364 2 2 15
364 2 4 17
364 2 5 18
364 2 7 16
364 2 9 18
364 2 10 15
364 2 11 18
364 5 0 15
364 5 1 12
364 5 2 14
364 5 4 15
364 5 5 13
364 5 9 15
364 5 10 12
364 5 11 15
364 6 0 17
364 6 1 14
364 6 2 16
364 6 4 17
364 6 6 15
364 6 7 17
364 6 8 14
364 6 9 17
364 11 1 18
364 11 2 15
364 11 5 17
364 11 6 18
364 11 7 16
364 11 9 18
364 11 10 15
364 11 11 18
365 1 0 86
365 1 3 88
365 1 4 90
365 1 5 85
365 1 6 98
365 1 7 96
365 1 10 87
365 1 11 94
365 2 1 91
365 2 2 81
365 2 4 81
365 2 5 76
365 2 7 93
365 2 9 83
365 2 10 92
365 2 11 91
365 7 0 91
365 7 2 81
365 7 4 81
365 7 5 76
365 7 7 93
365 7 8 83
365 7 10 92
365 7 11 91
366 6 0 29
366 6 1 31
366 6 2 31
366 6 4 26
366 6 6 31
366 6 7 27
366 6 8 30
366 6 9 29
366 7 0 34
366 7 2 28
366 7 4 32
366 7 5 33
366 7 7 29
366 7 8 34
366 7 10 28
366 7 11 34
366 8 0 34
366 8 2 28
366 8 4 32
366 8 5 33
366 8 6 29
366 8 8 34
366 8 9 28
366 8 10 34
366 10 1 26
366 10 2 28
366 10 4 28
366 10 5 23
366 10 6 28
366 10 7 24
366 10 9 27
366 10 10 26
366 12 0 34
366 12 1 28
366 12 3 32
366 12 5 33
366 12 6 29
366 12 7 34
366 12 10 28
366 12 11 34
367 0 0 86
367 0 3 74
367 0 5 81
367 0 6 83
367 0 7 76
367 0 9 86
367 0 10 73
367 0 11 85
367 3 3 61
367 3 4 63
367 3 5 73
367 3 6 66
367 3 8 73
367 3 9 73
367 3 10 70
367 3 11 67
367 9 1 81
367 9 2 69
367 9 3 76
367 9 5 78
367 9 7 71
367 9 9 81
367 9 10 68
367 9 11 80
367 14 1 83
367 14 2 71
367 14 3 78
367 14 4 80
367 14 5 73
367 14 7 83
367 14 9 70
367 14 10 82
368 1 0 57
368 1 3 59
368 1 4 53
368 1 5 48
368 1 6 53
368 1 7 55
368 1 10 58
368 1 11 57
368 3 3 59
368 3 4 61
368 3 5 55
368 3 6 50
368 3 8 55
368 3 9 57
368 3 10 60
368 3 11 59
368 5 0 46
368 5 1 53
368 5 2 53
368 5 4 52
368 5 5 52
368 5 9 51
368 5 10 51
368 5 11 45
368 8 0 41
368 8 2 43
368 8 4 45
368 8 5 40
368 8 6 43
368 8 8 41
368 8 9 42
368 8 10 49
369 10 1 63
369 10 2 65
369 10 4 75
369 10 5 68
369 10 6 75
369 10 7 75
369 10 9 72
369 10 10 69
369 11 1 78
369 11 2 66
369 11 5 73
369 11 6 75
369 11 7 68
369 11 9 78
369 11 10 65
369 11 11 77
369 12 0 62
369 12 1 64
369 12 3 74
369 12 5 67
369 12 6 74
369 12 7 74
369 12 10 71
369 12 11 68
370 0 0 60
370 0 3 62
370 0 5 56
370 0 6 51
370 0 7 56
370 0 9 58
370 0 10 61
370 0 11 60
370 3 3 62
370 3 4 64
370 3 5 58
370 3 6 53
370 3 8 58
370 3 9 60
370 3 10 63
370 3 11 62
370 7 0 63
370 7 2 65
370 7 4 75
370 7 5 68
370 7 7 75
370 7 8 75
370 7 10 72
370 7 11 69
370 10 1 56
370 10 2 58
370 10 4 68
370 10 5 61
370 10 6 68
370 10 7 68
370 10 9 65
370 10 10 62
371 0 0 60
371 0 3 62
371 0 5 56
371 0 6 51
371 0 7 56
371 0 9 58
371 0 10 61
371 0 11 60
371 2 1 62
371 2 2 64
371 2 4 58
371 2 5 53
371 2 7 58
371 2 9 60
371 2 10 63
371 2 11 62
371 3 3 56
371 3 4 58
371 3 5 52
371 3 6 47
371 3 8 52
371 3 9 54
371 3 10 57
371 3 11 56
371 10 1 44
371 10 2 46
371 10 4 48
371 10 5 43
371 10 6 46
371 10 7 44
371 10 9 45
371 10 10 52
372 6 0 13
372 6 1 10
372 6 2 12
372 6 4 13
372 6 6 11
372 6 7 13
372 6 8 10
372 6 9 13
372 8 0 9
372 8 2 8
372 8 4 9
372 8 5 9
372 8 6 8
372 8 8 9
372 8 9 8
372 8 10 9
372 10 1 12
372 10 2 9
372 10 4 11
372 10 5 12
372 10 6 10
372 10 7 12
372 10 9 9
372 10 10 12
372 12 0 13
372 12 1 10
372 12 3 12
372 12 5 13
372 12 6 11
372 12 7 13
372 12 10 10
372 12 11 13
372 13 0 9
372 13 1 11
372 13 2 11
372 13 4 9
372 13 5 11
372 13 6 10
372 13 7 10
372 13 9 9
373 6 0 88
373 6 1 78
373 6 2 78
373 6 4 73
373 6 6 90
373 6 7 80
373 6 8 89
373 6 9 88
373 7 0 69
373 7 2 71
373 7 4 68
373 7 5 63
373 7 7 71
373 7 8 64
373 7 10 70
373 7 11 72
373 9 1 84
373 9 2 72
373 9 3 79
373 9 5 81
373 9 7 74
373 9 9 84
373 9 10 71
373 9 11 83
373 10 1 86
373 10 2 74
373 10 4 81
373 10 5 83
373 10 6 76
373 10 7 86
373 10 9 73
373 10 10 85
374 1 0 37
374 1 3 39
374 1 4 41
374 1 5 36
374 1 6 39
374 1 7 37
374 1 10 38
374 1 11 45
374 5 0 38
374 5 1 32
374 5 2 36
374 5 4 37
374 5 5 33
374 5 9 38
374 5 10 32
374 5 11 38
374 8 0 42
374 8 2 36
374 8 4 40
374 8 5 41
374 8 6 37
374 8 8 42
374 8 9 36
374 8 10 42
374 11 1 42
374 11 2 41
374 11 5 41
374 11 6 36
374 11 7 44
374 11 9 43
374 11 10 43
374 11 11 42
375 3 3 22
375 3 4 24
375 3 5 24
375 3 6 19
375 3 8 24
375 3 9 20
375 3 10 23
375 3 11 22
375 9 1 24
375 9 2 26
375 9 3 26
375 9 5 21
375 9 7 26
375 9 9 22
375 9 10 25
375 9 11 24
375 11 1 24
375 11 2 26
375 11 5 26
375 11 6 21
375 11 7 26
375 11 9 22
375 11 10 25
375 11 11 24
376 5 0 19
376 5 1 16
376 5 2 18
376 5 4 19
376 5 5 17
376 5 9 19
376 5 10 16
376 5 11 19
376 7 0 16
376 7 2 13
376 7 4 15
376 7 5 16
376 7 7 14
376 7 8 16
376 7 10 13
376 7 11 16
376 11 1 18
376 11 2 15
376 11 5 17
376 11 6 18
376 11 7 16
376 11 9 18
376 11 10 15
376 11 11 18
377 3 3 17
377 3 4 14
377 3 5 16
377 3 6 17
377 3 8 15
377 3 9 17
377 3 10 14
377 3 11 17
377 5 0 14
377 5 1 11
377 5 2 13
377 5 4 14
377 5 5 12
377 5 9 14
377 5 10 11
377 5 11 14
377 6 0 16
377 6 1 13
377 6 2 15
377 6 4 16
377 6 6 14
377 6 7 16
377 6 8 13
377 6 9 16
378 10 1 56
378 10 2 58
378 10 4 68
378 10 5 61
378 10 6 68
378 10 7 68
378 10 9 65
378 10 10 62
378 11 1 58
378 11 2 60
378 11 5 70
378 11 6 63
378 11 7 70
378 11 9 70
378 11 10 67
378 11 11 64
378 13 0 61
378 13 1 63
378 13 2 57
378 13 4 52
378 13 5 57
378 13 6 59
378 13 7 62
378 13 9 61
379 3 3 60
379 3 4 62
379 3 5 56
379 3 6 51
379 3 8 56
379 3 9 58
379 3 10 61
379 3 11 60
379 11 1 62
379 11 2 64
379 11 5 58
379 11 6 53
379 11 7 58
379 11 9 60
379 11 10 63
379 11 11 62
379 14 1 56
379 14 2 58
379 14 3 52
379 14 4 47
379 14 5 52
379 14 7 54
379 14 9 57
379 14 10 56
380 0 0 17
380 0 3 14
380 0 5 16
380 0 6 17
380 0 7 15
380 0 9 17
380 0 10 14
380 0 11 17
380 5 0 14
380 5 1 11
380 5 2 13
380 5 4 14
380 5 5 12
380 5 9 14
380 5 10 11
380 5 11 14
380 7 0 16
380 7 2 13
380 7 4 15
380 7 5 16
380 7 7 14
380 7 8 16
380 7 10 13
380 7 11 16
380 11 1 17
380 11 2 14
380 11 5 16
380 11 6 17
380 11 7 15
380 11 9 17
380 11 10 14
380 11 11 17
381 1 0 27
381 1 3 29
381 1 4 29
381 1 5 24
381 1 6 29
381 1 7 25
381 1 10 28
381 1 11 27
381 2 1 29
381 2 2 31
381 2 4 31
381 2 5 26
381 2 7 31
381 2 9 27
381 2 10 30
381 2 11 29
381 8 0 29
381 8 2 31
381 8 4 31
381 8 5 26
381 8 6 31
381 8 8 27
381 8 9 30
381 8 10 29
381 9 1 24
381 9 2 26
381 9 3 26
381 9 5 21
381 9 7 26
381 9 9 22
381 9 10 25
381 9 11 24
381 14 1 29
381 14 2 31
381 14 3 31
381 14 4 26
381 14 5 31
381 14 7 27
381 14 9 30
381 14 10 29
382 4 0 57
382 4 1 59
382 4 3 53
382 4 4 48
382 4 5 53
382 4 6 55
382 4 10 58
382 4 11 57
382 5 0 60
382 5 1 62
382 5 2 56
382 5 4 51
382 5 5 56
382 5 9 58
382 5 10 61
382 5 11 60
382 7 0 56
382 7 2 58
382 7 4 68
382 7 5 61
382 7 7 68
382 7 8 68
382 7 10 65
382 7 11 62
382 9 1 60
382 9 2 62
382 9 3 72
382 9 5 65
382 9 7 72
382 9 9 72
382 9 10 69
382 9 11 66
383 0 0 87
383 0 3 89
383 0 5 91
383 0 6 86
383 0 7 99
383 0 9 97
383 0 10 88
383 0 11 95
383 4 0 82
383 4 1 84
383 4 3 86
383 4 4 81
383 4 5 94
383 4 6 92
383 4 10 83
383 4 11 90
383 13 0 84
383 13 1 86
383 13 2 88
383 13 4 83
383 13 5 96
383 13 6 94
383 13 7 85
383 13 9 92
384 0 0 39
384 0 3 33
384 0 5 37
384 0 6 38
384 0 7 34
384 0 9 39
384 0 10 33
384 0 11 39
384 5 0 28
384 5 1 30
384 5 2 33
384 5 4 33
384 5 5 33
384 5 9 33
384 5 10 30
384 5 11 27
384 8 0 37
384 8 2 31
384 8 4 35
384 8 5 36
384 8 6 32
384 8 8 37
384 8 9 31
384 8 10 37
384 14 1 38
384 14 2 32
384 14 3 36
384 14 4 37
384 14 5 33
384 14 7 38
384 14 9 32
384 14 10 38
385 5 0 59
385 5 1 61
385 5 2 55
385 5 4 50
385 5 5 55
385 5 9 57
385 5 10 60
385 5 11 59
385 10 1 61
385 10 2 63
385 10 4 57
385 10 5 52
385 10 6 57
385 10 7 59
385 10 9 62
385 10 10 61
385 11 1 55
385 11 2 57
385 11 5 51
385 11 6 46
385 11 7 51
385 11 9 53
385 11 10 56
385 11 11 55
385 12 0 43
385 12 1 45
385 12 3 47
385 12 5 42
385 12 6 45
385 12 7 43
385 12 10 44
385 12 11 51
