Jobs:
0 1 2 3 4 5 6 7 8 9 10 11 12 13 14 15 16 17 18 19 20 21 22 23 24 25 26 27 28 29
Machines:
0 1 2 3 4 5 6 7 8 9 10 11 12 13 14
Workers:
0 1 2 3 4 5 6 7 8 9 10 11 12 13 14
Operations per job:
0 1 2 3 4 5 6 7 8 9
10 11 12 13 14 15 16 17 18 19 20 21 22 23
24 25 26 27 28 29 30 31 32 33 34 35
36 37 38 39 40 41 42 43 44 45 46
47 48 49 50 51 52 53 54 55 56 57 58
59 60 61 62 63 64 65 66 67 68 69 70 71 72
73 74 75 76 77 78 79 80 81 82 83 84 85
86 87 88 89 90 91 92 93 94 95
96 97 98 99 100 101 102 103 104 105 106
107 108 109 110 111 112 113 114 115 116 117 118 119 120
121 122 123 124 125 126 127 128 129 130 131 132
133 134 135 136 137 138 139 140 141 142 143 144
145 146 147 148 149 150 151 152 153 154 155 156 157
158 159 160 161 162 163 164 165 166 167 168 169 170 171
172 173 174 175 176 177 178 179 180 181 182 183
184 185 186 187 188 189 190 191 192 193 194 195 196 197
198 199 200 201 202 203 204 205 206 207 208 209 210 211 212
213 214 215 216 217 218 219 220 221 222
223 224 225 226 227 228 229 230 231 232 233 234 235 236 237
238 239 240 241 242 243 244 245 246 247 248 249
250 251 252 253 254 255 256 257 258 259
260 261 262 263 264 265 266 267 268 269
270 271 272 273 274 275 276 277 278 279
280 281 282 283 284 285 286 287 288 289 290
291 292 293 294 295 296 297 298 299 300 301 302 303
304 305 306 307 308 309 310 311 312 313 314 315 316 317
318 319 320 321 322 323 324 325 326 327 328 329
330 331 332 333 334 335 336 337 338 339 340
341 342 343 344 345 346 347 348 349 350
351 352 353 354 355 356 357 358 359 360 361 362 363 364
Predecessors per operation:

0
1
2
3
4
5
6
7
8

10
11
12
13
14
15
16
17
18
19
20
21
22

24
25
26
27
28
29
30
31
32
33
34

36
37
38
39
40
41
42
43
44
45

47
48
49
50
51
52
53
54
55
56
57

59
60
61
62
63
64
65
66
67
68
69
70
71

73
74
75
76
77
78
79
80
81
82
83
84

86
87
88
89
90
91
92
93
94

96
97
98
99
100
101
102
103
104
105

107
108
109
110
111
112
113
114
115
116
117
118
119

121
122
123
124
125
126
127
128
129
130
131

133
134
135
136
137
138
139
140
141
142
143

145
146
147
148
149
150
151
152
153
154
155
156

158
159
160
161
162
163
164
165
166
167
168
169
170

172
173
174
175
176
177
178
179
180
181
182

184
185
186
187
188
189
190
191
192
193
194
195
196

198
199
200
201
202
203
204
205
206
207
208
209
210
211

213
214
215
216
217
218
219
220
221

223
224
225
226
227
228
229
230
231
232
233
234
235
236

238
239
240
241
242
243
244
245
246
247
248

250
251
252
253
254
255
256
257
258

260
261
262
263
264
265
266
267
268

270
271
272
273
274
275
276
277
278

280
281
282
283
284
285
286
287
288
289

291
292
293
294
295
296
297
298
299
300
301
302

304
305
306
307
308
309
310
311
312
313
314
315
316

318
319
320
321
322
323
324
325
326
327
328

330
331
332
333
334
335
336
337
338
339

341
342
343
344
345
346
347
348
349

351
352
353
354
355
356
357
358
359
360
361
362
363
Successors per operation:
1
2
3
4
5
6
7
8
9

11
12
13
14
15
16
17
18
19
20
21
22
23

25
26
27
28
29
30
31
32
33
34
35

37
38
39
40
41
42
43
44
45
46

48
49
50
51
52
53
54
55
56
57
58

60
61
62
63
64
65
66
67
68
69
70
71
72

74
75
76
77
78
79
80
81
82
83
84
85

87
88
89
90
91
92
93
94
95

97
98
99
100
101
102
103
104
105
106

108
109
110
111
112
113
114
115
116
117
118
119
120

122
123
124
125
126
127
128
129
130
131
132

134
135
136
137
138
139
140
141
142
143
144

146
147
148
149
150
151
152
153
154
155
156
157

159
160
161
162
163
164
165
166
167
168
169
170
171

173
174
175
176
177
178
179
180
181
182
183

185
186
187
188
189
190
191
192
193
194
195
196
197

199
200
201
202
203
204
205
206
207
208
209
210
211
212

214
215
216
217
218
219
220
221
222

224
225
226
227
228
229
230
231
232
233
234
235
236
237

239
240
241
242
243
244
245
246
247
248
249

251
252
253
254
255
256
257
258
259

261
262
263
264
265
266
267
268
269

271
272
273
274
275
276
277
278
279

281
282
283
284
285
286
287
288
289
290

292
293
294
295
296
297
298
299
300
301
302
303

305
306
307
308
309
310
311
312
313
314
315
316
317

319
320
321
322
323
324
325
326
327
328
329

331
332
333
334
335
336
337
338
339
340

342
343
344
345
346
347
348
349
350

352
353
354
355
356
357
358
359
360
361
362
363
364

Machines per operation:
3 7 11
4 5 6 10
5 6 7 10 11
4 6 7 14
3 5 6 8 9
5 6 7 13
1 9 10
2 13 14
4 8 10 11
5 7 11 12
0 1 2 6 11
1 4 5 10 14
4 9 10
1 8 9 11
6 8 10 12 14
0 1 7 8
0 5 8 10 12
0 5 13
4 5 8 9 10
2 3 4 11 12
10 12 13
1 6 12
5 7 12
6 10 11 14
0 3 7
6 8 10 14
0 3 8 13 14
4 6 7 12
0 3 12
2 10 11 13
0 2 4 6 12
3 9 12 13 14
2 6 7 14
1 3 6 11
0 4 7 11
4 5 7 8 12
0 1 5 11 14
0 5 10 12 13
3 4 7 8 9
2 4 5 10 11
4 5 8 10 12
5 10 13
1 3 6 13 14
1 5 8 10
8 9 10
1 2 4 11 14
1 10 12 13
6 10 12
0 3 6 11 12
6 8 9 11 14
3 6 7 10
1 2 6 12 14
0 4 7 14
5 10 12 14
0 1 5 9
1 3 9
3 8 14
3 5 10 12
6 9 11 13
0 5 7 8 11
3 7 8 13
3 5 6 12 13
7 10 11
0 3 4 9 13
3 4 10 13
0 3 12
1 2 3 5 12
0 10 11
2 6 13
0 2 4 9 10
3 5 8 10
5 6 7 8
6 13 14
1 4 9 13
3 8 9 11
0 2 3 6 9
2 4 5 7 9
4 11 12
2 8 9
3 5 6 8 10
2 8 9 14
6 7 10
0 3 9 11 12
3 11 12 13 14
1 4 11 14
1 6 7 8
0 1 2 13
2 4 7 9 14
1 3 5 8 9
1 2 10 11 12
1 4 11
2 9 11
0 7 12
3 4 8 10 14
3 5 8 10
2 13 14
0 4 6 14
2 8 9 11
3 7 13
2 3 6 12
1 5 7
1 2 6 8
4 6 8 9 10
2 9 10
0 1 3 10 13
7 8 11
1 4 7 10
3 13 14
2 6 10 13 14
0 2 9
8 10 12
2 8 11
2 7 12 13
0 2 4 5 10
0 1 5 7 13
3 4 5
2 4 6 8
7 12 14
0 2 6 7 11
2 5 7 11 12
7 12 14
1 4 8 14
5 10 13
5 9 11
4 5 6 7
3 4 8 10
2 7 12
1 6 14
5 13 14
2 3 5 6 9
4 5 8 9 12
4 5 7 11 13
0 1 5 9
4 5 11 12
1 2 6
3 5 7 8
0 4 8
2 3 5 7 11
5 10 12
1 2 3 6 9
2 6 12 13
2 12 13
0 6 9 12
4 6 9
2 11 14
2 12 13 14
4 5 6 13 14
11 13 14
0 6 10 11 12
7 8 11
9 10 13
6 10 14
6 9 14
0 2 3 8 12
4 7 8 12
2 3 9 12
2 4 13 14
7 11 13
3 5 6 13 14
4 5 6 7
1 2 5 11 14
2 3 7 9 14
5 6 10 12
0 13 14
2 4 7 8 10
3 4 6 11 12
4 9 11
0 1 4 7 8
1 2 3 6
2 9 13
0 2 12 13
0 1 8 11 14
3 5 8 11
3 4 6
3 9 10
0 1 5 6 8
2 8 9 12
1 4 5 9
2 3 9
2 8 12 14
9 10 11 13
2 3 5 9 10
0 7 9 12 13
1 8 10 11 13
5 8 11 13 14
0 5 6 13 14
1 4 8 9
0 2 8
5 6 7 10 11
3 8 11 14
0 3 4 7 12
0 3 7 10
5 6 7 12
1 4 8
2 9 14
0 1 11 13
0 1 3 9 12
4 9 10 11
8 9 12
2 8 9
3 5 12 14
0 1 2 6 8
2 3 4 12
2 10 11 14
3 5 9 11 13
1 2 9 12
1 7 9
0 4 6 13 14
5 7 8 11 14
1 2 5 13
1 11 12 13 14
1 8 9 12
3 8 10 13
0 2 3 6 12
0 1 4 9 12
0 10 11 14
2 5 7 8
2 9 11
0 2 6 8
1 4 5
3 6 12 14
7 11 14
0 3 7 11 12
3 9 12
5 7 12
1 10 13
0 2 8
4 11 13
5 7 14
3 8 9 10 13
3 10 12
1 3 4 7 11
3 4 6 9 14
1 9 12
4 6 8 10 13
1 5 9 10 13
1 11 12
0 5 8
2 5 8 13
4 5 10 14
0 1 7 8 12
2 12 13
2 10 12
3 6 8 12
2 5 8 11 12
2 6 11
3 6 9 12 13
3 7 11 12
0 1 5 8
1 4 9 13 14
3 6 12 13
1 2 11
0 8 12 13
0 1 2 11 12
0 5 6 12
0 2 4 12
3 5 6 10 11
5 8 9
1 2 5 6 13
1 4 11
3 9 11
3 6 11
0 1 6 13
0 3 5 6 9
0 3 5
0 1 6
1 3 4 11 13
3 4 11
4 5 11 13
2 5 6 11 12
0 4 11
6 7 12
5 7 14
1 5 9
2 3 5 12
2 3 5 11
5 7 9 10 13
9 11 12 13
5 6 7 12 14
2 10 13
0 2 3 4 6
4 6 7 8 12
5 7 12
6 12 13 14
4 5 6 11
2 4 5 7 14
0 5 11
3 4 14
6 9 10 12
1 2 4 11 14
2 6 10
2 4 7 12
2 5 9 11 13
2 8 12 14
4 7 9
8 9 10
1 2 4 13
0 6 8
7 8 13 14
0 9 11 14
2 3 9 11
0 1 8
0 1 3 4
2 8 11
0 4 13
1 10 13
2 4 5 10 14
5 6 9 13
0 1 5
1 4 8
5 9 10 13 14
0 6 10 14
1 4 10 13
8 9 11
0 2 4 8 14
7 9 10
1 3 4 8
2 7 9 12 13
3 5 13
0 5 8 14
7 8 9 12
1 2 5 6 10
0 4 12
0 2 6 8 13
1 5 7 11
1 4 9 13 14
0 4 10 11 14
4 12 13
3 5 6 10 14
3 13 14
4 6 7 8 14
2 5 10 12
4 8 12 13
2 4 8
0 4 6 9 12
9 11 13
0 4 5 13
0 9 10 13
0 5 10 12
0 2 3 10
3 7 9 13
0 1 3 11 13
0 1 8
1 5 8
1 7 10 12 13
0 7 11
0 3 13
12 13 14
0 3 10
2 4 6 9 12
1 5 10
3 5 6 7 14
0 10 12 13
2 7 8 14
2 4 7 9
3 4 5 6 9
0 12 13
1 5 8 10 12
0 1 6 9
2 5 6 7 12
1 3 5 11 14
7 8 13
7 8 10 12 13
1 5 6 9 12
8 9 12
Processing times (o m w p):
0 3 0 85
0 3 1 83
0 3 5 78
0 3 6 83
0 3 7 76
0 3 8 80
0 3 11 83
0 3 12 86
0 7 3 83
0 7 4 81
0 7 5 76
0 7 8 81
0 7 9 74
0 7 10 78
0 7 11 81
0 7 12 84
0 11 0 78
0 11 2 76
0 11 3 71
0 11 4 76
0 11 6 69
0 11 7 73
0 11 11 76
0 11 12 79
1 4 1 21
1 4 2 25
1 4 4 23
1 4 5 22
1 4 9 23
1 4 10 25
1 4 11 24
1 4 14 21
1 5 0 25
1 5 1 29
1 5 6 27
1 5 8 26
1 5 9 27
1 5 10 29
1 5 12 28
1 5 14 25
1 6 0 23
1 6 1 27
1 6 5 25
1 6 7 24
1 6 8 25
1 6 10 27
1 6 12 26
1 6 13 23
1 10 0 22
1 10 3 26
1 10 6 24
1 10 7 23
1 10 8 24
1 10 10 26
1 10 13 25
1 10 14 22
2 5 0 48
2 5 1 42
2 5 6 46
2 5 8 45
2 5 9 40
2 5 10 44
2 5 12 41
2 5 14 46
2 6 0 52
2 6 1 46
2 6 5 50
2 6 7 49
2 6 8 44
2 6 10 48
2 6 12 45
2 6 13 50
2 7 3 47
2 7 4 51
2 7 5 55
2 7 8 54
2 7 9 55
2 7 10 57
2 7 11 56
2 7 12 53
2 10 0 46
2 10 3 50
2 10 6 54
2 10 7 53
2 10 8 54
2 10 10 56
2 10 13 55
2 10 14 52
2 11 0 47
2 11 2 51
2 11 3 55
2 11 4 54
2 11 6 55
2 11 7 57
2 11 11 56
2 11 12 53
3 4 1 91
3 4 2 95
3 4 4 99
3 4 5 98
3 4 9 83
3 4 10 97
3 4 11 84
3 4 14 89
3 6 0 95
3 6 1 99
3 6 5 103
3 6 7 102
3 6 8 87
3 6 10 101
3 6 12 88
3 6 13 93
3 7 3 106
3 7 4 110
3 7 5 108
3 7 8 109
3 7 9 92
3 7 10 90
3 7 11 101
3 7 12 110
3 14 0 90
3 14 1 100
3 14 3 110
3 14 4 91
3 14 6 92
3 14 7 100
3 14 8 105
3 14 11 90
4 3 0 83
4 3 1 81
4 3 5 79
4 3 6 84
4 3 7 91
4 3 8 81
4 3 11 80
4 3 12 89
4 5 0 81
4 5 1 79
4 5 6 77
4 5 8 82
4 5 9 89
4 5 10 79
4 5 12 78
4 5 14 87
4 6 0 79
4 6 1 77
4 6 5 75
4 6 7 80
4 6 8 87
4 6 10 77
4 6 12 76
4 6 13 85
4 8 1 84
4 8 2 82
4 8 3 80
4 8 4 85
4 8 6 92
4 8 10 82
4 8 12 81
4 8 13 90
4 9 3 92
4 9 5 96
4 9 6 100
4 9 7 99
4 9 10 84
4 9 11 98
4 9 12 85
4 9 14 90
5 5 0 55
5 5 1 65
5 5 6 61
5 5 8 56
5 5 9 57
5 5 10 65
5 5 12 56
5 5 14 55
5 6 0 78
5 6 1 76
5 6 5 71
5 6 7 76
5 6 8 69
5 6 10 73
5 6 12 76
5 6 13 79
5 7 3 61
5 7 4 71
5 7 5 67
5 7 8 62
5 7 9 63
5 7 10 71
5 7 11 62
5 7 12 61
5 13 2 56
5 13 3 66
5 13 6 62
5 13 7 57
5 13 9 58
5 13 12 66
5 13 13 57
5 13 14 56
6 1 3 85
6 1 4 79
6 1 5 84
6 1 6 88
6 1 7 72
6 1 8 86
6 1 9 88
6 1 13 88
6 9 3 84
6 9 5 82
6 9 6 77
6 9 7 82
6 9 10 75
6 9 11 79
6 9 12 82
6 9 14 85
6 10 0 79
6 10 3 77
6 10 6 72
6 10 7 77
6 10 8 70
6 10 10 74
6 10 13 77
6 10 14 80
7 2 1 37
7 2 2 36
7 2 4 33
7 2 5 36
7 2 9 32
7 2 10 34
7 2 13 36
7 2 14 37
7 13 2 36
7 13 3 35
7 13 6 32
7 13 7 35
7 13 9 31
7 13 12 33
7 13 13 35
7 13 14 36
7 14 0 27
7 14 1 30
7 14 3 33
7 14 4 28
7 14 6 29
7 14 7 30
7 14 8 28
7 14 11 27
8 4 1 42
8 4 2 40
8 4 4 38
8 4 5 43
8 4 9 41
8 4 10 40
8 4 11 39
8 4 14 39
8 8 1 42
8 8 2 41
8 8 3 38
8 8 4 41
8 8 6 37
8 8 10 39
8 8 12 41
8 8 13 42
8 10 0 39
8 10 3 38
8 10 6 35
8 10 7 38
8 10 8 34
8 10 10 36
8 10 13 38
8 10 14 39
8 11 0 42
8 11 2 41
8 11 3 38
8 11 4 41
8 11 6 37
8 11 7 39
8 11 11 41
8 11 12 42
9 5 0 40
9 5 1 39
9 5 6 36
9 5 8 39
9 5 9 35
9 5 10 37
9 5 12 39
9 5 14 40
9 7 3 39
9 7 4 38
9 7 5 35
9 7 8 38
9 7 9 34
9 7 10 36
9 7 11 38
9 7 12 39
9 11 0 36
9 11 2 35
9 11 3 32
9 11 4 35
9 11 6 31
9 11 7 33
9 11 11 35
9 11 12 36
9 12 0 39
9 12 2 38
9 12 4 35
9 12 6 38
9 12 10 34
9 12 12 36
9 12 13 38
9 12 14 39
10 0 3 9
10 0 4 9
10 0 5 8
10 0 6 9
10 0 7 8
10 0 10 9
10 0 11 9
10 0 14 9
10 1 3 9
10 1 4 10
10 1 5 11
10 1 6 10
10 1 7 11
10 1 8 10
10 1 9 9
10 1 13 9
10 2 1 12
10 2 2 12
10 2 4 10
10 2 5 12
10 2 9 10
10 2 10 11
10 2 13 12
10 2 14 12
10 6 0 9
10 6 1 10
10 6 5 11
10 6 7 10
10 6 8 11
10 6 10 10
10 6 12 9
10 6 13 9
10 11 0 12
10 11 2 12
10 11 3 10
10 11 4 12
10 11 6 10
10 11 7 11
10 11 11 12
10 11 12 12
11 1 3 18
11 1 4 18
11 1 5 16
11 1 6 18
11 1 7 16
11 1 8 17
11 1 9 18
11 1 13 18
11 4 1 18
11 4 2 18
11 4 4 16
11 4 5 18
11 4 9 16
11 4 10 17
11 4 11 18
11 4 14 18
11 5 0 16
11 5 1 16
11 5 6 14
11 5 8 16
11 5 9 14
11 5 10 15
11 5 12 16
11 5 14 16
11 10 0 18
11 10 3 18
11 10 6 16
11 10 7 18
11 10 8 16
11 10 10 17
11 10 13 18
11 10 14 18
11 14 0 16
11 14 1 16
11 14 3 14
11 14 4 16
11 14 6 14
11 14 7 15
11 14 8 16
11 14 11 16
12 4 1 16
12 4 2 16
12 4 4 14
12 4 5 16
12 4 9 14
12 4 10 15
12 4 11 16
12 4 14 16
12 9 3 16
12 9 5 16
12 9 6 14
12 9 7 16
12 9 10 14
12 9 11 15
12 9 12 16
12 9 14 16
12 10 0 14
12 10 3 14
12 10 6 12
12 10 7 14
12 10 8 12
12 10 10 13
12 10 13 14
12 10 14 14
13 1 3 46
13 1 4 50
13 1 5 54
13 1 6 53
13 1 7 54
13 1 8 56
13 1 9 55
13 1 13 52
13 8 1 49
13 8 2 43
13 8 3 47
13 8 4 46
13 8 6 41
13 8 10 45
13 8 12 42
13 8 13 47
13 9 3 50
13 9 5 54
13 9 6 52
13 9 7 53
13 9 10 47
13 9 11 45
13 9 12 45
13 9 14 54
13 11 0 52
13 11 2 46
13 11 3 50
13 11 4 49
13 11 6 44
13 11 7 48
13 11 11 45
13 11 12 50
14 6 0 55
14 6 1 65
14 6 5 61
14 6 7 56
14 6 8 57
14 6 10 65
14 6 12 56
14 6 13 55
14 8 1 78
14 8 2 76
14 8 3 71
14 8 4 76
14 8 6 69
14 8 10 73
14 8 12 76
14 8 13 79
14 10 0 61
14 10 3 71
14 10 6 67
14 10 7 62
14 10 8 63
14 10 10 71
14 10 13 62
14 10 14 61
14 12 0 56
14 12 2 66
14 12 4 62
14 12 6 57
14 12 10 58
14 12 12 66
14 12 13 57
14 12 14 56
14 14 0 57
14 14 1 67
14 14 3 63
14 14 4 58
14 14 6 59
14 14 7 67
14 14 8 58
14 14 11 57
15 0 3 49
15 0 4 43
15 0 5 47
15 0 6 46
15 0 7 41
15 0 10 45
15 0 11 42
15 0 14 47
15 1 3 50
15 1 4 54
15 1 5 52
15 1 6 53
15 1 7 47
15 1 8 45
15 1 9 45
15 1 13 54
15 7 3 48
15 7 4 52
15 7 5 56
15 7 8 55
15 7 9 56
15 7 10 58
15 7 11 57
15 7 12 54
15 8 1 47
15 8 2 51
15 8 3 55
15 8 4 54
15 8 6 55
15 8 10 57
15 8 12 56
15 8 13 53
16 0 3 21
16 0 4 25
16 0 5 23
16 0 6 22
16 0 7 23
16 0 10 25
16 0 11 24
16 0 14 21
16 5 0 25
16 5 1 29
16 5 6 27
16 5 8 26
16 5 9 27
16 5 10 29
16 5 12 28
16 5 14 25
16 8 1 23
16 8 2 27
16 8 3 25
16 8 4 24
16 8 6 25
16 8 10 27
16 8 12 26
16 8 13 23
16 10 0 22
16 10 3 26
16 10 6 24
16 10 7 23
16 10 8 24
16 10 10 26
16 10 13 25
16 10 14 22
16 12 0 23
16 12 2 27
16 12 4 25
16 12 6 24
16 12 10 25
16 12 12 27
16 12 13 26
16 12 14 23
17 0 3 9
17 0 4 9
17 0 5 8
17 0 6 9
17 0 7 8
17 0 10 9
17 0 11 9
17 0 14 9
17 5 0 9
17 5 1 10
17 5 6 11
17 5 8 10
17 5 9 11
17 5 10 10
17 5 12 9
17 5 14 9
17 13 2 12
17 13 3 12
17 13 6 10
17 13 7 12
17 13 9 10
17 13 12 11
17 13 13 12
17 13 14 12
18 4 1 51
18 4 2 55
18 4 4 59
18 4 5 58
18 4 9 59
18 4 10 61
18 4 11 60
18 4 14 57
18 5 0 60
18 5 1 70
18 5 6 66
18 5 8 61
18 5 9 62
18 5 10 70
18 5 12 61
18 5 14 60
18 8 1 56
18 8 2 66
18 8 3 62
18 8 4 57
18 8 6 58
18 8 10 66
18 8 12 57
18 8 13 56
18 9 3 52
18 9 5 56
18 9 6 60
18 9 7 59
18 9 10 60
18 9 11 62
18 9 12 61
18 9 14 58
18 10 0 53
18 10 3 57
18 10 6 61
18 10 7 60
18 10 8 61
18 10 10 63
18 10 13 62
18 10 14 59
19 2 1 48
19 2 2 42
19 2 4 46
19 2 5 45
19 2 9 40
19 2 10 44
19 2 13 41
19 2 14 46
19 3 0 52
19 3 1 46
19 3 5 50
19 3 6 49
19 3 7 44
19 3 8 48
19 3 11 45
19 3 12 50
19 4 1 47
19 4 2 51
19 4 4 55
19 4 5 54
19 4 9 55
19 4 10 57
19 4 11 56
19 4 14 53
19 11 0 46
19 11 2 50
19 11 3 54
19 11 4 53
19 11 6 54
19 11 7 56
19 11 11 55
19 11 12 52
19 12 0 47
19 12 2 51
19 12 4 55
19 12 6 54
19 12 10 55
19 12 12 57
19 12 13 56
19 12 14 53
20 10 0 91
20 10 3 95
20 10 6 99
20 10 7 98
20 10 8 83
20 10 10 97
20 10 13 84
20 10 14 89
20 12 0 95
20 12 2 99
20 12 4 103
20 12 6 102
20 12 10 87
20 12 12 101
20 12 13 88
20 12 14 93
20 13 2 106
20 13 3 110
20 13 6 108
20 13 7 109
20 13 9 92
20 13 12 90
20 13 13 101
20 13 14 110
21 1 3 90
21 1 4 94
21 1 5 98
21 1 6 97
21 1 7 82
21 1 8 96
21 1 9 83
21 1 13 88
21 6 0 94
21 6 1 98
21 6 5 102
21 6 7 101
21 6 8 86
21 6 10 100
21 6 12 87
21 6 13 92
21 12 0 90
21 12 2 100
21 12 4 110
21 12 6 91
21 12 10 92
21 12 12 100
21 12 13 105
21 12 14 90
22 5 0 46
22 5 1 50
22 5 6 54
22 5 8 53
22 5 9 54
22 5 10 56
22 5 12 55
22 5 14 52
22 7 3 49
22 7 4 43
22 7 5 47
22 7 8 46
22 7 9 41
22 7 10 45
22 7 11 42
22 7 12 47
22 12 0 50
22 12 2 54
22 12 4 52
22 12 6 53
22 12 10 47
22 12 12 45
22 12 13 45
22 12 14 54
23 6 0 85
23 6 1 83
23 6 5 78
23 6 7 83
23 6 8 76
23 6 10 80
23 6 12 83
23 6 13 86
23 10 0 83
23 10 3 81
23 10 6 76
23 10 7 81
23 10 8 74
23 10 10 78
23 10 13 81
23 10 14 84
23 11 0 78
23 11 2 76
23 11 3 71
23 11 4 76
23 11 6 69
23 11 7 73
23 11 11 76
23 11 12 79
23 14 0 83
23 14 1 81
23 14 3 76
23 14 4 81
23 14 6 74
23 14 7 78
23 14 8 81
23 14 11 84
24 0 3 16
24 0 4 16
24 0 5 14
24 0 6 16
24 0 7 14
24 0 10 15
24 0 11 16
24 0 14 16
24 3 0 16
24 3 1 16
24 3 5 14
24 3 6 16
24 3 7 14
24 3 8 15
24 3 11 16
24 3 12 16
24 7 3 14
24 7 4 14
24 7 5 12
24 7 8 14
24 7 9 12
24 7 10 13
24 7 11 14
24 7 12 14
25 6 0 39
25 6 1 38
25 6 5 35
25 6 7 38
25 6 8 34
25 6 10 36
25 6 12 38
25 6 13 39
25 8 1 38
25 8 2 37
25 8 3 34
25 8 4 37
25 8 6 33
25 8 10 35
25 8 12 37
25 8 13 38
25 10 0 35
25 10 3 34
25 10 6 31
25 10 7 34
25 10 8 30
25 10 10 32
25 10 13 34
25 10 14 35
25 14 0 38
25 14 1 37
25 14 3 34
25 14 4 37
25 14 6 33
25 14 7 35
25 14 8 37
25 14 11 38
26 0 3 20
26 0 4 24
26 0 5 22
26 0 6 21
26 0 7 22
26 0 10 24
26 0 11 23
26 0 14 20
26 3 0 24
26 3 1 28
26 3 5 26
26 3 6 25
26 3 7 26
26 3 8 28
26 3 11 27
26 3 12 24
26 8 1 22
26 8 2 26
26 8 3 24
26 8 4 23
26 8 6 24
26 8 10 26
26 8 12 25
26 8 13 22
26 13 2 21
26 13 3 25
26 13 6 23
26 13 7 22
26 13 9 23
26 13 12 25
26 13 13 24
26 13 14 21
26 14 0 22
26 14 1 26
26 14 3 24
26 14 4 23
26 14 6 24
26 14 7 26
26 14 8 25
26 14 11 22
27 4 1 21
27 4 2 25
27 4 4 23
27 4 5 22
27 4 9 23
27 4 10 25
27 4 11 24
27 4 14 21
27 6 0 25
27 6 1 29
27 6 5 27
27 6 7 26
27 6 8 27
27 6 10 29
27 6 12 28
27 6 13 25
27 7 3 23
27 7 4 27
27 7 5 25
27 7 8 24
27 7 9 25
27 7 10 27
27 7 11 26
27 7 12 23
27 12 0 22
27 12 2 26
27 12 4 24
27 12 6 23
27 12 10 24
27 12 12 26
27 12 13 25
27 12 14 22
28 0 3 45
28 0 4 49
28 0 5 53
28 0 6 52
28 0 7 53
28 0 10 55
28 0 11 54
28 0 14 51
28 3 0 49
28 3 1 53
28 3 5 57
28 3 6 56
28 3 7 57
28 3 8 59
28 3 11 58
28 3 12 55
28 12 0 53
28 12 2 57
28 12 4 61
28 12 6 60
28 12 10 61
28 12 12 63
28 12 13 62
28 12 14 59
29 2 1 83
29 2 2 81
29 2 4 79
29 2 5 84
29 2 9 91
29 2 10 81
29 2 13 80
29 2 14 89
29 10 0 81
29 10 3 79
29 10 6 77
29 10 7 82
29 10 8 89
29 10 10 79
29 10 13 78
29 10 14 87
29 11 0 79
29 11 2 77
29 11 3 75
29 11 4 80
29 11 6 87
29 11 7 77
29 11 11 76
29 11 12 85
29 13 2 84
29 13 3 82
29 13 6 80
29 13 7 85
29 13 9 92
29 13 12 82
29 13 13 81
29 13 14 90
30 0 3 49
30 0 4 43
30 0 5 47
30 0 6 46
30 0 7 41
30 0 10 45
30 0 11 42
30 0 14 47
30 2 1 42
30 2 2 40
30 2 4 38
30 2 5 43
30 2 9 41
30 2 10 40
30 2 13 39
30 2 14 39
30 4 1 47
30 4 2 41
30 4 4 45
30 4 5 44
30 4 9 39
30 4 10 43
30 4 11 40
30 4 14 45
30 6 0 46
30 6 1 40
30 6 5 44
30 6 7 43
30 6 8 38
30 6 10 42
30 6 12 39
30 6 13 44
30 12 0 41
30 12 2 40
30 12 4 37
30 12 6 40
30 12 10 36
30 12 12 38
30 12 13 40
30 12 14 41
31 3 0 65
31 3 1 58
31 3 5 56
31 3 6 61
31 3 7 55
31 3 8 61
31 3 11 66
31 3 12 62
31 9 3 66
31 9 5 70
31 9 6 74
31 9 7 73
31 9 10 68
31 9 11 67
31 9 12 69
31 9 14 69
31 12 0 59
31 12 2 69
31 12 4 65
31 12 6 60
31 12 10 61
31 12 12 69
31 12 13 60
31 12 14 59
31 13 2 54
31 13 3 64
31 13 6 60
31 13 7 55
31 13 9 56
31 13 12 64
31 13 13 55
31 13 14 54
31 14 0 55
31 14 1 65
31 14 3 61
31 14 4 56
31 14 6 57
31 14 7 65
31 14 8 56
31 14 11 55
32 2 1 89
32 2 2 93
32 2 4 97
32 2 5 96
32 2 9 81
32 2 10 95
32 2 13 82
32 2 14 87
32 6 0 93
32 6 1 97
32 6 5 101
32 6 7 100
32 6 8 85
32 6 10 99
32 6 12 86
32 6 13 91
32 7 3 97
32 7 4 101
32 7 5 105
32 7 8 104
32 7 9 89
32 7 10 103
32 7 11 90
32 7 12 95
32 14 0 96
32 14 1 100
32 14 3 104
32 14 4 103
32 14 6 88
32 14 7 102
32 14 8 89
32 14 11 94
33 1 3 46
33 1 4 50
33 1 5 54
33 1 6 53
33 1 7 54
33 1 8 56
33 1 9 55
33 1 13 52
33 3 0 49
33 3 1 43
33 3 5 47
33 3 6 46
33 3 7 41
33 3 8 45
33 3 11 42
33 3 12 47
33 6 0 50
33 6 1 54
33 6 5 52
33 6 7 53
33 6 8 47
33 6 10 45
33 6 12 45
33 6 13 54
33 11 0 52
33 11 2 46
33 11 3 50
33 11 4 49
33 11 6 44
33 11 7 48
33 11 11 45
33 11 12 50
34 0 3 15
34 0 4 15
34 0 5 13
34 0 6 15
34 0 7 13
34 0 10 14
34 0 11 15
34 0 14 15
34 4 1 15
34 4 2 15
34 4 4 13
34 4 5 15
34 4 9 13
34 4 10 14
34 4 11 15
34 4 14 15
34 7 3 13
34 7 4 13
34 7 5 11
34 7 8 13
34 7 9 11
34 7 10 12
34 7 11 13
34 7 12 13
34 11 0 15
34 11 2 15
34 11 3 13
34 11 4 15
34 11 6 13
34 11 7 14
34 11 11 15
34 11 12 15
35 4 1 48
35 4 2 42
35 4 4 46
35 4 5 45
35 4 9 40
35 4 10 44
35 4 11 41
35 4 14 46
35 5 0 52
35 5 1 46
35 5 6 50
35 5 8 49
35 5 9 44
35 5 10 48
35 5 12 45
35 5 14 50
35 7 3 47
35 7 4 51
35 7 5 55
35 7 8 54
35 7 9 55
35 7 10 57
35 7 11 56
35 7 12 53
35 8 1 46
35 8 2 50
35 8 3 54
35 8 4 53
35 8 6 54
35 8 10 56
35 8 12 55
35 8 13 52
35 12 0 47
35 12 2 51
35 12 4 55
35 12 6 54
35 12 10 55
35 12 12 57
35 12 13 56
35 12 14 53
36 0 3 22
36 0 4 26
36 0 5 24
36 0 6 23
36 0 7 24
36 0 10 26
36 0 11 25
36 0 14 22
36 1 3 26
36 1 4 30
36 1 5 28
36 1 6 27
36 1 7 28
36 1 8 30
36 1 9 29
36 1 13 26
36 5 0 24
36 5 1 28
36 5 6 26
36 5 8 25
36 5 9 26
36 5 10 28
36 5 12 27
36 5 14 24
36 11 0 23
36 11 2 27
36 11 3 25
36 11 4 24
36 11 6 25
36 11 7 27
36 11 11 26
36 11 12 23
36 14 0 24
36 14 1 28
36 14 3 26
36 14 4 25
36 14 6 26
36 14 7 28
36 14 8 27
36 14 11 24
37 0 3 38
37 0 4 37
37 0 5 34
37 0 6 37
37 0 7 33
37 0 10 35
37 0 11 37
37 0 14 38
37 5 0 37
37 5 1 36
37 5 6 33
37 5 8 36
37 5 9 32
37 5 10 34
37 5 12 36
37 5 14 37
37 10 0 34
37 10 3 33
37 10 6 30
37 10 7 33
37 10 8 29
37 10 10 31
37 10 13 33
37 10 14 34
37 12 0 37
37 12 2 36
37 12 4 33
37 12 6 36
37 12 10 32
37 12 12 34
37 12 13 36
37 12 14 37
37 13 2 27
37 13 3 30
37 13 6 33
37 13 7 28
37 13 9 29
37 13 12 30
37 13 13 28
37 13 14 27
38 3 0 83
38 3 1 81
38 3 5 76
38 3 6 81
38 3 7 74
38 3 8 78
38 3 11 81
38 3 12 84
38 4 1 81
38 4 2 79
38 4 4 74
38 4 5 79
38 4 9 72
38 4 10 76
38 4 11 79
38 4 14 82
38 7 3 66
38 7 4 70
38 7 5 74
38 7 8 73
38 7 9 68
38 7 10 67
38 7 11 69
38 7 12 69
38 8 1 81
38 8 2 79
38 8 3 74
38 8 4 79
38 8 6 72
38 8 10 76
38 8 12 79
38 8 13 82
38 9 3 61
38 9 5 71
38 9 6 67
38 9 7 62
38 9 10 63
38 9 11 71
38 9 12 62
38 9 14 61
39 2 1 65
39 2 2 58
39 2 4 56
39 2 5 61
39 2 9 55
39 2 10 61
39 2 13 66
39 2 14 62
39 4 1 66
39 4 2 70
39 4 4 74
39 4 5 73
39 4 9 68
39 4 10 67
39 4 11 69
39 4 14 69
39 5 0 59
39 5 1 69
39 5 6 65
39 5 8 60
39 5 9 61
39 5 10 69
39 5 12 60
39 5 14 59
39 10 0 54
39 10 3 64
39 10 6 60
39 10 7 55
39 10 8 56
39 10 10 64
39 10 13 55
39 10 14 54
39 11 0 55
39 11 2 65
39 11 3 61
39 11 4 56
39 11 6 57
39 11 7 65
39 11 11 56
39 11 12 55
40 4 1 38
40 4 2 37
40 4 4 34
40 4 5 37
40 4 9 33
40 4 10 35
40 4 11 37
40 4 14 38
40 5 0 37
40 5 1 36
40 5 6 33
40 5 8 36
40 5 9 32
40 5 10 34
40 5 12 36
40 5 14 37
40 8 1 34
40 8 2 33
40 8 3 30
40 8 4 33
40 8 6 29
40 8 10 31
40 8 12 33
40 8 13 34
40 10 0 37
40 10 3 36
40 10 6 33
40 10 7 36
40 10 8 32
40 10 10 34
40 10 13 36
40 10 14 37
40 12 0 27
40 12 2 30
40 12 4 33
40 12 6 28
40 12 10 29
40 12 12 30
40 12 13 28
40 12 14 27
41 5 0 90
41 5 1 94
41 5 6 98
41 5 8 97
41 5 9 82
41 5 10 96
41 5 12 83
41 5 14 88
41 10 0 94
41 10 3 98
41 10 6 102
41 10 7 101
41 10 8 86
41 10 10 100
41 10 13 87
41 10 14 92
41 13 2 90
41 13 3 100
41 13 6 110
41 13 7 91
41 13 9 92
41 13 12 100
41 13 13 105
41 13 14 90
42 1 3 23
42 1 4 27
42 1 5 25
42 1 6 24
42 1 7 25
42 1 8 27
42 1 9 26
42 1 13 23
42 3 0 27
42 3 1 30
42 3 5 33
42 3 6 28
42 3 7 29
42 3 8 30
42 3 11 28
42 3 12 27
42 6 0 25
42 6 1 29
42 6 5 27
42 6 7 26
42 6 8 27
42 6 10 29
42 6 12 28
42 6 13 25
42 13 2 24
42 13 3 28
42 13 6 26
42 13 7 25
42 13 9 26
42 13 12 28
42 13 13 27
42 13 14 24
42 14 0 25
42 14 1 29
42 14 3 27
42 14 4 26
42 14 6 27
42 14 7 29
42 14 8 28
42 14 11 25
43 1 3 53
43 1 4 57
43 1 5 61
43 1 6 60
43 1 7 61
43 1 8 63
43 1 9 62
43 1 13 59
43 5 0 62
43 5 1 72
43 5 6 68
43 5 8 63
43 5 9 64
43 5 10 72
43 5 12 63
43 5 14 62
43 8 1 58
43 8 2 68
43 8 3 64
43 8 4 59
43 8 6 60
43 8 10 68
43 8 12 59
43 8 13 58
43 10 0 65
43 10 3 58
43 10 6 56
43 10 7 61
43 10 8 55
43 10 10 61
43 10 13 66
43 10 14 62
44 8 1 13
44 8 2 13
44 8 3 11
44 8 4 13
44 8 6 11
44 8 10 12
44 8 12 13
44 8 13 13
44 9 3 13
44 9 5 13
44 9 6 11
44 9 7 13
44 9 10 11
44 9 11 12
44 9 12 13
44 9 14 13
44 10 0 9
44 10 3 10
44 10 6 11
44 10 7 10
44 10 8 11
44 10 10 10
44 10 13 9
44 10 14 9
45 1 3 14
45 1 4 14
45 1 5 12
45 1 6 14
45 1 7 12
45 1 8 13
45 1 9 14
45 1 13 14
45 2 1 14
45 2 2 14
45 2 4 12
45 2 5 14
45 2 9 12
45 2 10 13
45 2 13 14
45 2 14 14
45 4 1 12
45 4 2 12
45 4 4 10
45 4 5 12
45 4 9 10
45 4 10 11
45 4 11 12
45 4 14 12
45 11 0 14
45 11 2 14
45 11 3 12
45 11 4 14
45 11 6 12
45 11 7 13
45 11 11 14
45 11 12 14
45 14 0 12
45 14 1 12
45 14 3 10
45 14 4 12
45 14 6 10
45 14 7 11
45 14 8 12
45 14 11 12
46 1 3 85
46 1 4 83
46 1 5 78
46 1 6 83
46 1 7 76
46 1 8 80
46 1 9 83
46 1 13 86
46 10 0 83
46 10 3 81
46 10 6 76
46 10 7 81
46 10 8 74
46 10 10 78
46 10 13 81
46 10 14 84
46 12 0 81
46 12 2 79
46 12 4 74
46 12 6 79
46 12 10 72
46 12 12 76
46 12 13 79
46 12 14 82
46 13 2 85
46 13 3 79
46 13 6 84
46 13 7 88
46 13 9 72
46 13 12 86
46 13 13 88
46 13 14 88
47 6 0 9
47 6 1 9
47 6 5 8
47 6 7 9
47 6 8 8
47 6 10 9
47 6 12 9
47 6 13 9
47 10 0 9
47 10 3 10
47 10 6 11
47 10 7 10
47 10 8 11
47 10 10 10
47 10 13 9
47 10 14 9
47 12 0 12
47 12 2 12
47 12 4 10
47 12 6 12
47 12 10 10
47 12 12 11
47 12 13 12
47 12 14 12
48 0 3 9
48 0 4 9
48 0 5 8
48 0 6 9
48 0 7 8
48 0 10 9
48 0 11 9
48 0 14 9
48 3 0 9
48 3 1 10
48 3 5 11
48 3 6 10
48 3 7 11
48 3 8 10
48 3 11 9
48 3 12 9
48 6 0 12
48 6 1 12
48 6 5 10
48 6 7 12
48 6 8 10
48 6 10 11
48 6 12 12
48 6 13 12
48 11 0 9
48 11 2 10
48 11 3 11
48 11 4 10
48 11 6 11
48 11 7 10
48 11 11 9
48 11 12 9
48 12 0 12
48 12 2 12
48 12 4 10
48 12 6 12
48 12 10 10
48 12 12 11
48 12 13 12
48 12 14 12
49 6 0 50
49 6 1 44
49 6 5 48
49 6 7 47
49 6 8 42
49 6 10 46
49 6 12 43
49 6 13 48
49 8 1 44
49 8 2 38
49 8 3 42
49 8 4 41
49 8 6 36
49 8 10 40
49 8 12 37
49 8 13 42
49 9 3 48
49 9 5 42
49 9 6 46
49 9 7 45
49 9 10 40
49 9 11 44
49 9 12 41
49 9 14 46
49 11 0 47
49 11 2 41
49 11 3 45
49 11 4 44
49 11 6 39
49 11 7 43
49 11 11 40
49 11 12 45
49 14 0 42
49 14 1 41
49 14 3 38
49 14 4 41
49 14 6 37
49 14 7 39
49 14 8 41
49 14 11 42
50 3 0 79
50 3 1 77
50 3 5 75
50 3 6 80
50 3 7 87
50 3 8 77
50 3 11 76
50 3 12 85
50 6 0 85
50 6 1 79
50 6 5 84
50 6 7 88
50 6 8 72
50 6 10 86
50 6 12 88
50 6 13 88
50 7 3 84
50 7 4 82
50 7 5 77
50 7 8 82
50 7 9 75
50 7 10 79
50 7 11 82
50 7 12 85
50 10 0 80
50 10 3 78
50 10 6 76
50 10 7 81
50 10 8 88
50 10 10 78
50 10 13 77
50 10 14 86
51 1 3 17
51 1 4 17
51 1 5 15
51 1 6 17
51 1 7 15
51 1 8 16
51 1 9 17
51 1 13 17
51 2 1 17
51 2 2 17
51 2 4 15
51 2 5 17
51 2 9 15
51 2 10 16
51 2 13 17
51 2 14 17
51 6 0 15
51 6 1 15
51 6 5 13
51 6 7 15
51 6 8 13
51 6 10 14
51 6 12 15
51 6 13 15
51 12 0 17
51 12 2 17
51 12 4 15
51 12 6 17
51 12 10 15
51 12 12 16
51 12 13 17
51 12 14 17
51 14 0 15
51 14 1 15
51 14 3 13
51 14 4 15
51 14 6 13
51 14 7 14
51 14 8 15
51 14 11 15
52 0 3 65
52 0 4 58
52 0 5 56
52 0 6 61
52 0 7 55
52 0 10 61
52 0 11 66
52 0 14 62
52 4 1 66
52 4 2 70
52 4 4 74
52 4 5 73
52 4 9 68
52 4 10 67
52 4 11 69
52 4 14 69
52 7 3 59
52 7 4 69
52 7 5 65
52 7 8 60
52 7 9 61
52 7 10 69
52 7 11 60
52 7 12 59
52 14 0 54
52 14 1 64
52 14 3 60
52 14 4 55
52 14 6 56
52 14 7 64
52 14 8 55
52 14 11 54
53 5 0 49
53 5 1 53
53 5 6 57
53 5 8 56
53 5 9 57
53 5 10 59
53 5 12 58
53 5 14 55
53 10 0 58
53 10 3 68
53 10 6 64
53 10 7 59
53 10 8 60
53 10 10 68
53 10 13 59
53 10 14 58
53 12 0 54
53 12 2 64
53 12 4 60
53 12 6 55
53 12 10 56
53 12 12 64
53 12 13 55
53 12 14 54
53 14 0 50
53 14 1 54
53 14 3 58
53 14 4 57
53 14 6 58
53 14 7 60
53 14 8 59
53 14 11 56
54 0 3 48
54 0 4 42
54 0 5 46
54 0 6 45
54 0 7 40
54 0 10 44
54 0 11 41
54 0 14 46
54 1 3 42
54 1 4 41
54 1 5 38
54 1 6 41
54 1 7 37
54 1 8 39
54 1 9 41
54 1 13 42
54 5 0 46
54 5 1 40
54 5 6 44
54 5 8 43
54 5 9 38
54 5 10 42
54 5 12 39
54 5 14 44
54 9 3 45
54 9 5 39
54 9 6 43
54 9 7 42
54 9 10 37
54 9 11 41
54 9 12 38
54 9 14 43
55 1 3 49
55 1 4 43
55 1 5 47
55 1 6 46
55 1 7 41
55 1 8 45
55 1 9 42
55 1 13 47
55 3 0 42
55 3 1 40
55 3 5 38
55 3 6 43
55 3 7 41
55 3 8 40
55 3 11 39
55 3 12 39
55 9 3 47
55 9 5 41
55 9 6 45
55 9 7 44
55 9 10 39
55 9 11 43
55 9 12 40
55 9 14 45
56 3 0 94
56 3 1 98
56 3 5 102
56 3 6 101
56 3 7 86
56 3 8 100
56 3 11 87
56 3 12 92
56 8 1 90
56 8 2 100
56 8 3 110
56 8 4 91
56 8 6 92
56 8 10 100
56 8 12 105
56 8 13 90
56 14 0 109
56 14 1 113
56 14 3 111
56 14 4 112
56 14 6 95
56 14 7 93
56 14 8 104
56 14 11 113
57 3 0 50
57 3 1 44
57 3 5 48
57 3 6 47
57 3 7 42
57 3 8 46
57 3 11 43
57 3 12 48
57 5 0 44
57 5 1 38
57 5 6 42
57 5 8 41
57 5 9 36
57 5 10 40
57 5 12 37
57 5 14 42
57 10 0 48
57 10 3 42
57 10 6 46
57 10 7 45
57 10 8 40
57 10 10 44
57 10 13 41
57 10 14 46
57 12 0 47
57 12 2 41
57 12 4 45
57 12 6 44
57 12 10 39
57 12 12 43
57 12 13 40
57 12 14 45
58 6 0 91
58 6 1 95
58 6 5 99
58 6 7 98
58 6 8 83
58 6 10 97
58 6 12 84
58 6 13 89
58 9 3 95
58 9 5 99
58 9 6 103
58 9 7 102
58 9 10 87
58 9 11 101
58 9 12 88
58 9 14 93
58 11 0 106
58 11 2 110
58 11 3 108
58 11 4 109
58 11 6 92
58 11 7 90
58 11 11 101
58 11 12 110
58 13 2 90
58 13 3 100
58 13 6 110
58 13 7 91
58 13 9 92
58 13 12 100
58 13 13 105
58 13 14 90
59 0 3 54
59 0 4 64
59 0 5 60
59 0 6 55
59 0 7 56
59 0 10 64
59 0 11 55
59 0 14 54
59 5 0 77
59 5 1 75
59 5 6 70
59 5 8 75
59 5 9 68
59 5 10 72
59 5 12 75
59 5 14 78
59 7 3 60
59 7 4 70
59 7 5 66
59 7 8 61
59 7 9 62
59 7 10 70
59 7 11 61
59 7 12 60
59 8 1 55
59 8 2 65
59 8 3 61
59 8 4 56
59 8 6 57
59 8 10 65
59 8 12 56
59 8 13 55
59 11 0 56
59 11 2 66
59 11 3 62
59 11 4 57
59 11 6 58
59 11 7 66
59 11 11 57
59 11 12 56
60 3 0 21
60 3 1 25
60 3 5 23
60 3 6 22
60 3 7 23
60 3 8 25
60 3 11 24
60 3 12 21
60 7 3 25
60 7 4 29
60 7 5 27
60 7 8 26
60 7 9 27
60 7 10 29
60 7 11 28
60 7 12 25
60 8 1 23
60 8 2 27
60 8 3 25
60 8 4 24
60 8 6 25
60 8 10 27
60 8 12 26
60 8 13 23
60 13 2 22
60 13 3 26
60 13 6 24
60 13 7 23
60 13 9 24
60 13 12 26
60 13 13 25
60 13 14 22
61 3 0 55
61 3 1 65
61 3 5 61
61 3 6 56
61 3 7 57
61 3 8 65
61 3 11 56
61 3 12 55
61 5 0 78
61 5 1 76
61 5 6 71
61 5 8 76
61 5 9 69
61 5 10 73
61 5 12 76
61 5 14 79
61 6 0 61
61 6 1 71
61 6 5 67
61 6 7 62
61 6 8 63
61 6 10 71
61 6 12 62
61 6 13 61
61 12 0 56
61 12 2 66
61 12 4 62
61 12 6 57
61 12 10 58
61 12 12 66
61 12 13 57
61 12 14 56
61 13 2 57
61 13 3 67
61 13 6 63
61 13 7 58
61 13 9 59
61 13 12 67
61 13 13 58
61 13 14 57
62 7 3 18
62 7 4 22
62 7 5 20
62 7 8 19
62 7 9 20
62 7 10 22
62 7 11 21
62 7 12 18
62 10 0 21
62 10 3 20
62 10 6 19
62 10 7 18
62 10 8 18
62 10 10 22
62 10 13 19
62 10 14 19
62 11 0 20
62 11 2 20
62 11 3 18
62 11 4 20
62 11 6 18
62 11 7 19
62 11 11 20
62 11 12 20
63 0 3 50
63 0 4 44
63 0 5 48
63 0 6 47
63 0 7 42
63 0 10 46
63 0 11 43
63 0 14 48
63 3 0 44
63 3 1 38
63 3 5 42
63 3 6 41
63 3 7 36
63 3 8 40
63 3 11 37
63 3 12 42
63 4 1 48
63 4 2 42
63 4 4 46
63 4 5 45
63 4 9 40
63 4 10 44
63 4 11 41
63 4 14 46
63 9 3 47
63 9 5 41
63 9 6 45
63 9 7 44
63 9 10 39
63 9 11 43
63 9 12 40
63 9 14 45
63 13 2 42
63 13 3 41
63 13 6 38
63 13 7 41
63 13 9 37
63 13 12 39
63 13 13 41
63 13 14 42
64 3 0 91
64 3 1 95
64 3 5 99
64 3 6 98
64 3 7 83
64 3 8 97
64 3 11 84
64 3 12 89
64 4 1 95
64 4 2 99
64 4 4 103
64 4 5 102
64 4 9 87
64 4 10 101
64 4 11 88
64 4 14 93
64 10 0 106
64 10 3 110
64 10 6 108
64 10 7 109
64 10 8 92
64 10 10 90
64 10 13 101
64 10 14 110
64 13 2 90
64 13 3 100
64 13 6 110
64 13 7 91
64 13 9 92
64 13 12 100
64 13 13 105
64 13 14 90
65 0 3 39
65 0 4 38
65 0 5 35
65 0 6 38
65 0 7 34
65 0 10 36
65 0 11 38
65 0 14 39
65 3 0 38
65 3 1 37
65 3 5 34
65 3 6 37
65 3 7 33
65 3 8 35
65 3 11 37
65 3 12 38
65 12 0 35
65 12 2 34
65 12 4 31
65 12 6 34
65 12 10 30
65 12 12 32
65 12 13 34
65 12 14 35
66 1 3 21
66 1 4 20
66 1 5 19
66 1 6 18
66 1 7 18
66 1 8 22
66 1 9 19
66 1 13 19
66 2 1 21
66 2 2 20
66 2 4 19
66 2 5 18
66 2 9 18
66 2 10 22
66 2 13 19
66 2 14 19
66 3 0 19
66 3 1 19
66 3 5 17
66 3 6 19
66 3 7 17
66 3 8 18
66 3 11 19
66 3 12 19
66 5 0 21
66 5 1 20
66 5 6 19
66 5 8 18
66 5 9 18
66 5 10 22
66 5 12 19
66 5 14 19
66 12 0 19
66 12 2 19
66 12 4 17
66 12 6 19
66 12 10 17
66 12 12 18
66 12 13 19
66 12 14 19
67 0 3 52
67 0 4 46
67 0 5 50
67 0 6 49
67 0 7 44
67 0 10 48
67 0 11 45
67 0 14 50
67 10 0 47
67 10 3 51
67 10 6 55
67 10 7 54
67 10 8 55
67 10 10 57
67 10 13 56
67 10 14 53
67 11 0 51
67 11 2 55
67 11 3 59
67 11 4 58
67 11 6 59
67 11 7 61
67 11 11 60
67 11 12 57
68 2 1 50
68 2 2 54
68 2 4 58
68 2 5 57
68 2 9 58
68 2 10 60
68 2 13 59
68 2 14 56
68 6 0 59
68 6 1 69
68 6 5 65
68 6 7 60
68 6 8 61
68 6 10 69
68 6 12 60
68 6 13 59
68 13 2 55
68 13 3 65
68 13 6 61
68 13 7 56
68 13 9 57
68 13 12 65
68 13 13 56
68 13 14 55
69 0 3 59
69 0 4 69
69 0 5 65
69 0 6 60
69 0 7 61
69 0 10 69
69 0 11 60
69 0 14 59
69 2 1 66
69 2 2 70
69 2 4 74
69 2 5 73
69 2 9 68
69 2 10 67
69 2 13 69
69 2 14 69
69 4 1 80
69 4 2 78
69 4 4 73
69 4 5 78
69 4 9 71
69 4 10 75
69 4 11 78
69 4 14 81
69 9 3 79
69 9 5 77
69 9 6 72
69 9 7 77
69 9 10 70
69 9 11 74
69 9 12 77
69 9 14 80
69 10 0 61
69 10 3 71
69 10 6 67
69 10 7 62
69 10 8 63
69 10 10 71
69 10 13 62
69 10 14 61
70 3 0 48
70 3 1 42
70 3 5 46
70 3 6 45
70 3 7 40
70 3 8 44
70 3 11 41
70 3 12 46
70 5 0 42
70 5 1 41
70 5 6 38
70 5 8 41
70 5 9 37
70 5 10 39
70 5 12 41
70 5 14 42
70 8 1 46
70 8 2 40
70 8 3 44
70 8 4 43
70 8 6 38
70 8 10 42
70 8 12 39
70 8 13 44
70 10 0 45
70 10 3 39
70 10 6 43
70 10 7 42
70 10 8 37
70 10 10 41
70 10 13 38
70 10 14 43
71 5 0 22
71 5 1 26
71 5 6 24
71 5 8 23
71 5 9 24
71 5 10 26
71 5 12 25
71 5 14 22
71 6 0 26
71 6 1 30
71 6 5 28
71 6 7 27
71 6 8 28
71 6 10 30
71 6 12 29
71 6 13 26
71 7 3 24
71 7 4 28
71 7 5 26
71 7 8 25
71 7 9 26
71 7 10 28
71 7 11 27
71 7 12 24
71 8 1 23
71 8 2 27
71 8 3 25
71 8 4 24
71 8 6 25
71 8 10 27
71 8 12 26
71 8 13 23
72 6 0 42
72 6 1 40
72 6 5 38
72 6 7 43
72 6 8 41
72 6 10 40
72 6 12 39
72 6 13 39
72 13 2 42
72 13 3 41
72 13 6 38
72 13 7 41
72 13 9 37
72 13 12 39
72 13 13 41
72 13 14 42
72 14 0 39
72 14 1 38
72 14 3 35
72 14 4 38
72 14 6 34
72 14 7 36
72 14 8 38
72 14 11 39
73 1 3 48
73 1 4 42
73 1 5 46
73 1 6 45
73 1 7 40
73 1 8 44
73 1 9 41
73 1 13 46
73 4 1 42
73 4 2 41
73 4 4 38
73 4 5 41
73 4 9 37
73 4 10 39
73 4 11 41
73 4 14 42
73 9 3 46
73 9 5 40
73 9 6 44
73 9 7 43
73 9 10 38
73 9 11 42
73 9 12 39
73 9 14 44
73 13 2 45
73 13 3 39
73 13 6 43
73 13 7 42
73 13 9 37
73 13 12 41
73 13 13 38
73 13 14 43
74 3 0 47
74 3 1 41
74 3 5 45
74 3 6 44
74 3 7 39
74 3 8 43
74 3 11 40
74 3 12 45
74 8 1 41
74 8 2 40
74 8 3 37
74 8 4 40
74 8 6 36
74 8 10 38
74 8 12 40
74 8 13 41
74 9 3 45
74 9 5 39
74 9 6 43
74 9 7 42
74 9 10 37
74 9 11 41
74 9 12 38
74 9 14 43
74 11 0 44
74 11 2 38
74 11 3 42
74 11 4 41
74 11 6 36
74 11 7 40
74 11 11 37
74 11 12 42
75 0 3 50
75 0 4 44
75 0 5 48
75 0 6 47
75 0 7 42
75 0 10 46
75 0 11 43
75 0 14 48
75 2 1 45
75 2 2 49
75 2 4 53
75 2 5 52
75 2 9 53
75 2 10 55
75 2 13 54
75 2 14 51
75 3 0 49
75 3 1 53
75 3 5 57
75 3 6 56
75 3 7 57
75 3 8 59
75 3 11 58
75 3 12 55
75 6 0 48
75 6 1 52
75 6 5 56
75 6 7 55
75 6 8 56
75 6 10 58
75 6 12 57
75 6 13 54
75 9 3 49
75 9 5 53
75 9 6 57
75 9 7 56
75 9 10 57
75 9 11 59
75 9 12 58
75 9 14 55
76 2 1 85
76 2 2 79
76 2 4 84
76 2 5 88
76 2 9 72
76 2 10 86
76 2 13 88
76 2 14 88
76 4 1 84
76 4 2 82
76 4 4 77
76 4 5 82
76 4 9 75
76 4 10 79
76 4 11 82
76 4 14 85
76 5 0 82
76 5 1 80
76 5 6 75
76 5 8 80
76 5 9 73
76 5 10 77
76 5 12 80
76 5 14 83
76 7 3 78
76 7 4 76
76 7 5 74
76 7 8 79
76 7 9 86
76 7 10 76
76 7 11 75
76 7 12 84
76 9 3 85
76 9 5 83
76 9 6 81
76 9 7 86
76 9 10 93
76 9 11 83
76 9 12 82
76 9 14 91
77 4 1 81
77 4 2 79
77 4 4 77
77 4 5 82
77 4 9 89
77 4 10 79
77 4 11 78
77 4 14 87
77 11 0 79
77 11 2 77
77 11 3 75
77 11 4 80
77 11 6 87
77 11 7 77
77 11 11 76
77 11 12 85
77 12 0 85
77 12 2 79
77 12 4 84
77 12 6 88
77 12 10 72
77 12 12 86
77 12 13 88
77 12 14 88
78 2 1 84
78 2 2 82
78 2 4 77
78 2 5 82
78 2 9 75
78 2 10 79
78 2 13 82
78 2 14 85
78 8 1 82
78 8 2 80
78 8 3 75
78 8 4 80
78 8 6 73
78 8 10 77
78 8 12 80
78 8 13 83
78 9 3 80
78 9 5 78
78 9 6 73
78 9 7 78
78 9 10 71
78 9 11 75
78 9 12 78
78 9 14 81
79 3 0 94
79 3 1 98
79 3 5 102
79 3 6 101
79 3 7 86
79 3 8 100
79 3 11 87
79 3 12 92
79 5 0 90
79 5 1 100
79 5 6 110
79 5 8 91
79 5 9 92
79 5 10 100
79 5 12 105
79 5 14 90
79 6 0 109
79 6 1 113
79 6 5 111
79 6 7 112
79 6 8 95
79 6 10 93
79 6 12 104
79 6 13 113
79 8 1 108
79 8 2 112
79 8 3 110
79 8 4 111
79 8 6 94
79 8 10 92
79 8 12 103
79 8 13 112
79 10 0 85
79 10 3 83
79 10 6 81
79 10 7 86
79 10 8 93
79 10 10 83
79 10 13 82
79 10 14 91
80 2 1 83
80 2 2 81
80 2 4 76
80 2 5 81
80 2 9 74
80 2 10 78
80 2 13 81
80 2 14 84
80 8 1 81
80 8 2 79
80 8 3 74
80 8 4 79
80 8 6 72
80 8 10 76
80 8 12 79
80 8 13 82
80 9 3 66
80 9 5 70
80 9 6 74
80 9 7 73
80 9 10 68
80 9 11 67
80 9 12 69
80 9 14 69
80 14 0 81
80 14 1 79
80 14 3 74
80 14 4 79
80 14 6 72
80 14 7 76
80 14 8 79
80 14 11 82
81 6 0 48
81 6 1 42
81 6 5 46
81 6 7 45
81 6 8 40
81 6 10 44
81 6 12 41
81 6 13 46
81 7 3 42
81 7 4 41
81 7 5 38
81 7 8 41
81 7 9 37
81 7 10 39
81 7 11 41
81 7 12 42
81 10 0 46
81 10 3 40
81 10 6 44
81 10 7 43
81 10 8 38
81 10 10 42
81 10 13 39
81 10 14 44
82 0 3 17
82 0 4 17
82 0 5 15
82 0 6 17
82 0 7 15
82 0 10 16
82 0 11 17
82 0 14 17
82 3 0 17
82 3 1 17
82 3 5 15
82 3 6 17
82 3 7 15
82 3 8 16
82 3 11 17
82 3 12 17
82 9 3 15
82 9 5 15
82 9 6 13
82 9 7 15
82 9 10 13
82 9 11 14
82 9 12 15
82 9 14 15
82 11 0 17
82 11 2 17
82 11 3 15
82 11 4 17
82 11 6 15
82 11 7 16
82 11 11 17
82 11 12 17
82 12 0 15
82 12 2 15
82 12 4 13
82 12 6 15
82 12 10 13
82 12 12 14
82 12 13 15
82 12 14 15
83 3 0 20
83 3 1 20
83 3 5 18
83 3 6 20
83 3 7 18
83 3 8 19
83 3 11 20
83 3 12 20
83 11 0 20
83 11 2 24
83 11 3 22
83 11 4 21
83 11 6 22
83 11 7 24
83 11 11 23
83 11 12 20
83 12 0 18
83 12 2 22
83 12 4 20
83 12 6 19
83 12 10 20
83 12 12 22
83 12 13 21
83 12 14 18
83 13 2 21
83 13 3 20
83 13 6 19
83 13 7 18
83 13 9 18
83 13 12 22
83 13 13 19
83 13 14 19
83 14 0 18
83 14 1 22
83 14 3 20
83 14 4 19
83 14 6 20
83 14 7 22
83 14 8 21
83 14 11 18
84 1 3 9
84 1 4 9
84 1 5 8
84 1 6 9
84 1 7 8
84 1 8 9
84 1 9 9
84 1 13 9
84 4 1 9
84 4 2 10
84 4 4 11
84 4 5 10
84 4 9 11
84 4 10 10
84 4 11 9
84 4 14 9
84 11 0 12
84 11 2 12
84 11 3 10
84 11 4 12
84 11 6 10
84 11 7 11
84 11 11 12
84 11 12 12
84 14 0 9
84 14 1 10
84 14 3 11
84 14 4 10
84 14 6 11
84 14 7 10
84 14 8 9
84 14 11 9
85 1 3 81
85 1 4 79
85 1 5 77
85 1 6 82
85 1 7 89
85 1 8 79
85 1 9 78
85 1 13 87
85 6 0 79
85 6 1 77
85 6 5 75
85 6 7 80
85 6 8 87
85 6 10 77
85 6 12 76
85 6 13 85
85 7 3 85
85 7 4 79
85 7 5 84
85 7 8 88
85 7 9 72
85 7 10 86
85 7 11 88
85 7 12 88
85 8 1 82
85 8 2 80
85 8 3 78
85 8 4 83
85 8 6 90
85 8 10 80
85 8 12 79
85 8 13 88
86 0 3 45
86 0 4 39
86 0 5 43
86 0 6 42
86 0 7 37
86 0 10 41
86 0 11 38
86 0 14 43
86 1 3 44
86 1 4 38
86 1 5 42
86 1 6 41
86 1 7 36
86 1 8 40
86 1 9 37
86 1 13 42
86 2 1 41
86 2 2 40
86 2 4 37
86 2 5 40
86 2 9 36
86 2 10 38
86 2 13 40
86 2 14 41
86 13 2 44
86 13 3 38
86 13 6 42
86 13 7 41
86 13 9 36
86 13 12 40
86 13 13 37
86 13 14 42
87 2 1 37
87 2 2 36
87 2 4 33
87 2 5 36
87 2 9 32
87 2 10 34
87 2 13 36
87 2 14 37
87 4 1 36
87 4 2 35
87 4 4 32
87 4 5 35
87 4 9 31
87 4 10 33
87 4 11 35
87 4 14 36
87 7 3 27
87 7 4 30
87 7 5 33
87 7 8 28
87 7 9 29
87 7 10 30
87 7 11 28
87 7 12 27
87 9 3 36
87 9 5 35
87 9 6 32
87 9 7 35
87 9 10 31
87 9 11 33
87 9 12 35
87 9 14 36
87 14 0 26
87 14 1 30
87 14 3 28
87 14 4 27
87 14 6 28
87 14 7 30
87 14 8 29
87 14 11 26
88 1 3 19
88 1 4 19
88 1 5 17
88 1 6 19
88 1 7 17
88 1 8 18
88 1 9 19
88 1 13 19
88 3 0 19
88 3 1 19
88 3 5 17
88 3 6 19
88 3 7 17
88 3 8 18
88 3 11 19
88 3 12 19
88 5 0 17
88 5 1 17
88 5 6 15
88 5 8 17
88 5 9 15
88 5 10 16
88 5 12 17
88 5 14 17
88 8 1 19
88 8 2 19
88 8 3 17
88 8 4 19
88 8 6 17
88 8 10 18
88 8 12 19
88 8 13 19
88 9 3 17
88 9 5 17
88 9 6 15
88 9 7 17
88 9 10 15
88 9 11 16
88 9 12 17
88 9 14 17
89 1 3 38
89 1 4 37
89 1 5 34
89 1 6 37
89 1 7 33
89 1 8 35
89 1 9 37
89 1 13 38
89 2 1 37
89 2 2 36
89 2 4 33
89 2 5 36
89 2 9 32
89 2 10 34
89 2 13 36
89 2 14 37
89 10 0 34
89 10 3 33
89 10 6 30
89 10 7 33
89 10 8 29
89 10 10 31
89 10 13 33
89 10 14 34
89 11 0 37
89 11 2 36
89 11 3 33
89 11 4 36
89 11 6 32
89 11 7 34
89 11 11 36
89 11 12 37
89 12 0 27
89 12 2 30
89 12 4 33
89 12 6 28
89 12 10 29
89 12 12 30
89 12 13 28
89 12 14 27
90 1 3 49
90 1 4 53
90 1 5 57
90 1 6 56
90 1 7 57
90 1 8 59
90 1 9 58
90 1 13 55
90 4 1 58
90 4 2 68
90 4 4 64
90 4 5 59
90 4 9 60
90 4 10 68
90 4 11 59
90 4 14 58
90 11 0 54
90 11 2 64
90 11 3 60
90 11 4 55
90 11 6 56
90 11 7 64
90 11 11 55
90 11 12 54
91 2 1 17
91 2 2 17
91 2 4 15
91 2 5 17
91 2 9 15
91 2 10 16
91 2 13 17
91 2 14 17
91 9 3 17
91 9 5 17
91 9 6 15
91 9 7 17
91 9 10 15
91 9 11 16
91 9 12 17
91 9 14 17
91 11 0 15
91 11 2 15
91 11 3 13
91 11 4 15
91 11 6 13
91 11 7 14
91 11 11 15
91 11 12 15
92 0 3 46
92 0 4 50
92 0 5 54
92 0 6 53
92 0 7 54
92 0 10 56
92 0 11 55
92 0 14 52
92 7 3 50
92 7 4 54
92 7 5 58
92 7 8 57
92 7 9 58
92 7 10 60
92 7 11 59
92 7 12 56
92 12 0 65
92 12 2 58
92 12 4 56
92 12 6 61
92 12 10 55
92 12 12 61
92 12 13 66
92 12 14 62
93 3 0 85
93 3 1 83
93 3 5 78
93 3 6 83
93 3 7 76
93 3 8 80
93 3 11 83
93 3 12 86
93 4 1 83
93 4 2 81
93 4 4 76
93 4 5 81
93 4 9 74
93 4 10 78
93 4 11 81
93 4 14 84
93 8 1 78
93 8 2 76
93 8 3 71
93 8 4 76
93 8 6 69
93 8 10 73
93 8 12 76
93 8 13 79
93 10 0 83
93 10 3 81
93 10 6 76
93 10 7 81
93 10 8 74
93 10 10 78
93 10 13 81
93 10 14 84
93 14 0 66
93 14 1 70
93 14 3 74
93 14 4 73
93 14 6 68
93 14 7 67
93 14 8 69
93 14 11 69
94 3 0 20
94 3 1 20
94 3 5 18
94 3 6 20
94 3 7 18
94 3 8 19
94 3 11 20
94 3 12 20
94 5 0 20
94 5 1 24
94 5 6 22
94 5 8 21
94 5 9 22
94 5 10 24
94 5 12 23
94 5 14 20
94 8 1 18
94 8 2 22
94 8 3 20
94 8 4 19
94 8 6 20
94 8 10 22
94 8 12 21
94 8 13 18
94 10 0 21
94 10 3 20
94 10 6 19
94 10 7 18
94 10 8 18
94 10 10 22
94 10 13 19
94 10 14 19
95 2 1 19
95 2 2 23
95 2 4 21
95 2 5 20
95 2 9 21
95 2 10 23
95 2 13 22
95 2 14 19
95 13 2 23
95 13 3 27
95 13 6 25
95 13 7 24
95 13 9 25
95 13 12 27
95 13 13 26
95 13 14 23
95 14 0 21
95 14 1 25
95 14 3 23
95 14 4 22
95 14 6 23
95 14 7 25
95 14 8 24
95 14 11 21
96 0 3 54
96 0 4 64
96 0 5 60
96 0 6 55
96 0 7 56
96 0 10 64
96 0 11 55
96 0 14 54
96 4 1 77
96 4 2 75
96 4 4 70
96 4 5 75
96 4 9 68
96 4 10 72
96 4 11 75
96 4 14 78
96 6 0 60
96 6 1 70
96 6 5 66
96 6 7 61
96 6 8 62
96 6 10 70
96 6 12 61
96 6 13 60
96 14 0 55
96 14 1 65
96 14 3 61
96 14 4 56
96 14 6 57
96 14 7 65
96 14 8 56
96 14 11 55
97 2 1 13
97 2 2 13
97 2 4 11
97 2 5 13
97 2 9 11
97 2 10 12
97 2 13 13
97 2 14 13
97 8 1 13
97 8 2 13
97 8 3 11
97 8 4 13
97 8 6 11
97 8 10 12
97 8 12 13
97 8 13 13
97 9 3 9
97 9 5 10
97 9 6 11
97 9 7 10
97 9 10 11
97 9 11 10
97 9 12 9
97 9 14 9
97 11 0 13
97 11 2 13
97 11 3 11
97 11 4 13
97 11 6 11
97 11 7 12
97 11 11 13
97 11 12 13
98 3 0 84
98 3 1 89
98 3 5 92
98 3 6 81
98 3 7 84
98 3 8 90
98 3 11 89
98 3 12 94
98 7 3 90
98 7 4 100
98 7 5 110
98 7 8 91
98 7 9 92
98 7 10 100
98 7 11 105
98 7 12 90
98 13 2 106
98 13 3 102
98 13 6 121
98 13 7 117
98 13 9 104
98 13 12 119
98 13 13 104
98 13 14 110
99 2 1 85
99 2 2 79
99 2 4 84
99 2 5 88
99 2 9 72
99 2 10 86
99 2 13 88
99 2 14 88
99 3 0 84
99 3 1 82
99 3 5 77
99 3 6 82
99 3 7 75
99 3 8 79
99 3 11 82
99 3 12 85
99 6 0 79
99 6 1 77
99 6 5 72
99 6 7 77
99 6 8 70
99 6 10 74
99 6 12 77
99 6 13 80
99 12 0 84
99 12 2 82
99 12 4 77
99 12 6 82
99 12 10 75
99 12 12 79
99 12 13 82
99 12 14 85
100 1 3 49
100 1 4 53
100 1 5 57
100 1 6 56
100 1 7 57
100 1 8 59
100 1 9 58
100 1 13 55
100 5 0 58
100 5 1 68
100 5 6 64
100 5 8 59
100 5 9 60
100 5 10 68
100 5 12 59
100 5 14 58
100 7 3 54
100 7 4 64
100 7 5 60
100 7 8 55
100 7 9 56
100 7 10 64
100 7 11 55
100 7 12 54
101 1 3 49
101 1 4 43
101 1 5 47
101 1 6 46
101 1 7 41
101 1 8 45
101 1 9 42
101 1 13 47
101 2 1 42
101 2 2 40
101 2 4 38
101 2 5 43
101 2 9 41
101 2 10 40
101 2 13 39
101 2 14 39
101 6 0 47
101 6 1 41
101 6 5 45
101 6 7 44
101 6 8 39
101 6 10 43
101 6 12 40
101 6 13 45
101 8 1 46
101 8 2 40
101 8 3 44
101 8 4 43
101 8 6 38
101 8 10 42
101 8 12 39
101 8 13 44
102 4 1 86
102 4 2 84
102 4 4 82
102 4 5 87
102 4 9 94
102 4 10 84
102 4 11 83
102 4 14 92
102 6 0 91
102 6 1 95
102 6 5 99
102 6 7 98
102 6 8 83
102 6 10 97
102 6 12 84
102 6 13 89
102 8 1 95
102 8 2 99
102 8 3 103
102 8 4 102
102 8 6 87
102 8 10 101
102 8 12 88
102 8 13 93
102 9 3 94
102 9 5 98
102 9 6 102
102 9 7 101
102 9 10 86
102 9 11 100
102 9 12 87
102 9 14 92
102 10 0 78
102 10 3 76
102 10 6 74
102 10 7 79
102 10 8 86
102 10 10 76
102 10 13 75
102 10 14 84
103 2 1 85
103 2 2 79
103 2 4 84
103 2 5 88
103 2 9 72
103 2 10 86
103 2 13 88
103 2 14 88
103 9 3 84
103 9 5 82
103 9 6 77
103 9 7 82
103 9 10 75
103 9 11 79
103 9 12 82
103 9 14 85
103 10 0 79
103 10 3 77
103 10 6 72
103 10 7 77
103 10 8 70
103 10 10 74
103 10 13 77
103 10 14 80
104 0 3 42
104 0 4 40
104 0 5 38
104 0 6 43
104 0 7 41
104 0 10 40
104 0 11 39
104 0 14 39
104 1 3 42
104 1 4 41
104 1 5 38
104 1 6 41
104 1 7 37
104 1 8 39
104 1 9 41
104 1 13 42
104 3 0 39
104 3 1 38
104 3 5 35
104 3 6 38
104 3 7 34
104 3 8 36
104 3 11 38
104 3 12 39
104 10 0 42
104 10 3 41
104 10 6 38
104 10 7 41
104 10 8 37
104 10 10 39
104 10 13 41
104 10 14 42
104 13 2 38
104 13 3 37
104 13 6 34
104 13 7 37
104 13 9 33
104 13 12 35
104 13 13 37
104 13 14 38
105 7 3 55
105 7 4 65
105 7 5 61
105 7 8 56
105 7 9 57
105 7 10 65
105 7 11 56
105 7 12 55
105 8 1 78
105 8 2 76
105 8 3 71
105 8 4 76
105 8 6 69
105 8 10 73
105 8 12 76
105 8 13 79
105 11 0 61
105 11 2 71
105 11 3 67
105 11 4 62
105 11 6 63
105 11 7 71
105 11 11 62
105 11 12 61
106 1 3 21
106 1 4 20
106 1 5 19
106 1 6 18
106 1 7 18
106 1 8 22
106 1 9 19
106 1 13 19
106 4 1 21
106 4 2 20
106 4 4 19
106 4 5 18
106 4 9 18
106 4 10 22
106 4 11 19
106 4 14 19
106 7 3 19
106 7 4 19
106 7 5 17
106 7 8 19
106 7 9 17
106 7 10 18
106 7 11 19
106 7 12 19
106 10 0 21
106 10 3 20
106 10 6 19
106 10 7 18
106 10 8 18
106 10 10 22
106 10 13 19
106 10 14 19
107 3 0 50
107 3 1 44
107 3 5 48
107 3 6 47
107 3 7 42
107 3 8 46
107 3 11 43
107 3 12 48
107 13 2 44
107 13 3 38
107 13 6 42
107 13 7 41
107 13 9 36
107 13 12 40
107 13 13 37
107 13 14 42
107 14 0 48
107 14 1 42
107 14 3 46
107 14 4 45
107 14 6 40
107 14 7 44
107 14 8 41
107 14 11 46
108 2 1 15
108 2 2 15
108 2 4 13
108 2 5 15
108 2 9 13
108 2 10 14
108 2 13 15
108 2 14 15
108 6 0 15
108 6 1 15
108 6 5 13
108 6 7 15
108 6 8 13
108 6 10 14
108 6 12 15
108 6 13 15
108 10 0 13
108 10 3 13
108 10 6 11
108 10 7 13
108 10 8 11
108 10 10 12
108 10 13 13
108 10 14 13
108 13 2 15
108 13 3 15
108 13 6 13
108 13 7 15
108 13 9 13
108 13 12 14
108 13 13 15
108 13 14 15
108 14 0 13
108 14 1 13
108 14 3 11
108 14 4 13
108 14 6 11
108 14 7 12
108 14 8 13
108 14 11 13
109 0 3 82
109 0 4 80
109 0 5 78
109 0 6 83
109 0 7 90
109 0 10 80
109 0 11 79
109 0 14 88
109 2 1 80
109 2 2 78
109 2 4 76
109 2 5 81
109 2 9 88
109 2 10 78
109 2 13 77
109 2 14 86
109 9 3 78
109 9 5 76
109 9 6 74
109 9 7 79
109 9 10 86
109 9 11 76
109 9 12 75
109 9 14 84
110 8 1 54
110 8 2 64
110 8 3 60
110 8 4 55
110 8 6 56
110 8 10 64
110 8 12 55
110 8 13 54
110 10 0 77
110 10 3 75
110 10 6 70
110 10 7 75
110 10 8 68
110 10 10 72
110 10 13 75
110 10 14 78
110 12 0 60
110 12 2 70
110 12 4 66
110 12 6 61
110 12 10 62
110 12 12 70
110 12 13 61
110 12 14 60
111 2 1 85
111 2 2 83
111 2 4 78
111 2 5 83
111 2 9 76
111 2 10 80
111 2 13 83
111 2 14 86
111 8 1 83
111 8 2 81
111 8 3 76
111 8 4 81
111 8 6 74
111 8 10 78
111 8 12 81
111 8 13 84
111 11 0 78
111 11 2 76
111 11 3 71
111 11 4 76
111 11 6 69
111 11 7 73
111 11 11 76
111 11 12 79
112 2 1 20
112 2 2 24
112 2 4 22
112 2 5 21
112 2 9 22
112 2 10 24
112 2 13 23
112 2 14 20
112 7 3 24
112 7 4 28
112 7 5 26
112 7 8 25
112 7 9 26
112 7 10 28
112 7 11 27
112 7 12 24
112 12 0 22
112 12 2 26
112 12 4 24
112 12 6 23
112 12 10 24
112 12 12 26
112 12 13 25
112 12 14 22
112 13 2 21
112 13 3 25
112 13 6 23
112 13 7 22
112 13 9 23
112 13 12 25
112 13 13 24
112 13 14 21
113 0 3 21
113 0 4 20
113 0 5 19
113 0 6 18
113 0 7 18
113 0 10 22
113 0 11 19
113 0 14 19
113 2 1 21
113 2 2 25
113 2 4 23
113 2 5 22
113 2 9 23
113 2 10 25
113 2 13 24
113 2 14 21
113 4 1 19
113 4 2 23
113 4 4 21
113 4 5 20
113 4 9 21
113 4 10 23
113 4 11 22
113 4 14 19
113 5 0 18
113 5 1 22
113 5 6 20
113 5 8 19
113 5 9 20
113 5 10 22
113 5 12 21
113 5 14 18
113 10 0 19
113 10 3 23
113 10 6 21
113 10 7 20
113 10 8 21
113 10 10 23
113 10 13 22
113 10 14 19
114 0 3 84
114 0 4 82
114 0 5 77
114 0 6 82
114 0 7 75
114 0 10 79
114 0 11 82
114 0 14 85
114 1 3 82
114 1 4 80
114 1 5 75
114 1 6 80
114 1 7 73
114 1 8 77
114 1 9 80
114 1 13 83
114 5 0 80
114 5 1 78
114 5 6 73
114 5 8 78
114 5 9 71
114 5 10 75
114 5 12 78
114 5 14 81
114 7 3 85
114 7 4 83
114 7 5 78
114 7 8 83
114 7 9 76
114 7 10 80
114 7 11 83
114 7 12 86
114 13 2 83
114 13 3 81
114 13 6 79
114 13 7 84
114 13 9 91
114 13 12 81
114 13 13 80
114 13 14 89
115 3 0 21
115 3 1 20
115 3 5 19
115 3 6 18
115 3 7 18
115 3 8 22
115 3 11 19
115 3 12 19
115 4 1 21
115 4 2 25
115 4 4 23
115 4 5 22
115 4 9 23
115 4 10 25
115 4 11 24
115 4 14 21
115 5 0 19
115 5 1 23
115 5 6 21
115 5 8 20
115 5 9 21
115 5 10 23
115 5 12 22
115 5 14 19
116 2 1 89
116 2 2 93
116 2 4 97
116 2 5 96
116 2 9 81
116 2 10 95
116 2 13 82
116 2 14 87
116 4 1 93
116 4 2 97
116 4 4 101
116 4 5 100
116 4 9 85
116 4 10 99
116 4 11 86
116 4 14 91
116 6 0 97
116 6 1 101
116 6 5 105
116 6 7 104
116 6 8 89
116 6 10 103
116 6 12 90
116 6 13 95
116 8 1 96
116 8 2 100
116 8 3 104
116 8 4 103
116 8 6 88
116 8 10 102
116 8 12 89
116 8 13 94
117 7 3 95
117 7 4 99
117 7 5 103
117 7 8 102
117 7 9 87
117 7 10 101
117 7 11 88
117 7 12 93
117 12 0 106
117 12 2 110
117 12 4 108
117 12 6 109
117 12 10 92
117 12 12 90
117 12 13 101
117 12 14 110
117 14 0 110
117 14 1 114
117 14 3 112
117 14 4 113
117 14 6 96
117 14 7 94
117 14 8 105
117 14 11 114
118 0 3 14
118 0 4 14
118 0 5 12
118 0 6 14
118 0 7 12
118 0 10 13
118 0 11 14
118 0 14 14
118 2 1 14
118 2 2 14
118 2 4 12
118 2 5 14
118 2 9 12
118 2 10 13
118 2 13 14
118 2 14 14
118 6 0 12
118 6 1 12
118 6 5 10
118 6 7 12
118 6 8 10
118 6 10 11
118 6 12 12
118 6 13 12
118 7 3 14
118 7 4 14
118 7 5 12
118 7 8 14
118 7 9 12
118 7 10 13
118 7 11 14
118 7 12 14
118 11 0 12
118 11 2 12
118 11 3 10
118 11 4 12
118 11 6 10
118 11 7 11
118 11 11 12
118 11 12 12
119 2 1 21
119 2 2 25
119 2 4 23
119 2 5 22
119 2 9 23
119 2 10 25
119 2 13 24
119 2 14 21
119 5 0 25
119 5 1 29
119 5 6 27
119 5 8 26
119 5 9 27
119 5 10 29
119 5 12 28
119 5 14 25
119 7 3 23
119 7 4 27
119 7 5 25
119 7 8 24
119 7 9 25
119 7 10 27
119 7 11 26
119 7 12 23
119 11 0 22
119 11 2 26
119 11 3 24
119 11 4 23
119 11 6 24
119 11 7 26
119 11 11 25
119 11 12 22
119 12 0 23
119 12 2 27
119 12 4 25
119 12 6 24
119 12 10 25
119 12 12 27
119 12 13 26
119 12 14 23
120 7 3 19
120 7 4 19
120 7 5 17
120 7 8 19
120 7 9 17
120 7 10 18
120 7 11 19
120 7 12 19
120 12 0 19
120 12 2 19
120 12 4 17
120 12 6 19
120 12 10 17
120 12 12 18
120 12 13 19
120 12 14 19
120 14 0 17
120 14 1 17
120 14 3 15
120 14 4 17
120 14 6 15
120 14 7 16
120 14 8 17
120 14 11 17
121 1 3 86
121 1 4 84
121 1 5 82
121 1 6 87
121 1 7 94
121 1 8 84
121 1 9 83
121 1 13 92
121 4 1 91
121 4 2 95
121 4 4 99
121 4 5 98
121 4 9 83
121 4 10 97
121 4 11 84
121 4 14 89
121 8 1 95
121 8 2 99
121 8 3 103
121 8 4 102
121 8 6 87
121 8 10 101
121 8 12 88
121 8 13 93
121 14 0 94
121 14 1 98
121 14 3 102
121 14 4 101
121 14 6 86
121 14 7 100
121 14 8 87
121 14 11 92
122 5 0 47
122 5 1 51
122 5 6 55
122 5 8 54
122 5 9 55
122 5 10 57
122 5 12 56
122 5 14 53
122 10 0 51
122 10 3 55
122 10 6 59
122 10 7 58
122 10 8 59
122 10 10 61
122 10 13 60
122 10 14 57
122 13 2 54
122 13 3 64
122 13 6 60
122 13 7 55
122 13 9 56
122 13 12 64
122 13 13 55
122 13 14 54
123 5 0 79
123 5 1 77
123 5 6 75
123 5 8 80
123 5 9 87
123 5 10 77
123 5 12 76
123 5 14 85
123 9 3 85
123 9 5 79
123 9 6 84
123 9 7 88
123 9 10 72
123 9 11 86
123 9 12 88
123 9 14 88
123 11 0 81
123 11 2 79
123 11 3 74
123 11 4 79
123 11 6 72
123 11 7 76
123 11 11 79
123 11 12 82
124 4 1 49
124 4 2 53
124 4 4 57
124 4 5 56
124 4 9 57
124 4 10 59
124 4 11 58
124 4 14 55
124 5 0 58
124 5 1 68
124 5 6 64
124 5 8 59
124 5 9 60
124 5 10 68
124 5 12 59
124 5 14 58
124 6 0 54
124 6 1 64
124 6 5 60
124 6 7 55
124 6 8 56
124 6 10 64
124 6 12 55
124 6 13 54
124 7 3 50
124 7 4 54
124 7 5 58
124 7 8 57
124 7 9 58
124 7 10 60
124 7 11 59
124 7 12 56
125 3 0 50
125 3 1 54
125 3 5 52
125 3 6 53
125 3 7 47
125 3 8 45
125 3 11 45
125 3 12 54
125 4 1 47
125 4 2 41
125 4 4 45
125 4 5 44
125 4 9 39
125 4 10 43
125 4 11 40
125 4 14 45
125 8 1 51
125 8 2 45
125 8 3 49
125 8 4 48
125 8 6 43
125 8 10 47
125 8 12 44
125 8 13 49
125 10 0 50
125 10 3 44
125 10 6 48
125 10 7 47
125 10 8 42
125 10 10 46
125 10 13 43
125 10 14 48
126 2 1 47
126 2 2 41
126 2 4 45
126 2 5 44
126 2 9 39
126 2 10 43
126 2 13 40
126 2 14 45
126 7 3 41
126 7 4 40
126 7 5 37
126 7 8 40
126 7 9 36
126 7 10 38
126 7 11 40
126 7 12 41
126 12 0 45
126 12 2 39
126 12 4 43
126 12 6 42
126 12 10 37
126 12 12 41
126 12 13 38
126 12 14 43
127 1 3 37
127 1 4 36
127 1 5 33
127 1 6 36
127 1 7 32
127 1 8 34
127 1 9 36
127 1 13 37
127 6 0 36
127 6 1 35
127 6 5 32
127 6 7 35
127 6 8 31
127 6 10 33
127 6 12 35
127 6 13 36
127 14 0 27
127 14 1 30
127 14 3 33
127 14 4 28
127 14 6 29
127 14 7 30
127 14 8 28
127 14 11 27
128 5 0 24
128 5 1 28
128 5 6 26
128 5 8 25
128 5 9 26
128 5 10 28
128 5 12 27
128 5 14 24
128 13 2 27
128 13 3 30
128 13 6 33
128 13 7 28
128 13 9 29
128 13 12 30
128 13 13 28
128 13 14 27
128 14 0 36
128 14 1 35
128 14 3 32
128 14 4 35
128 14 6 31
128 14 7 33
128 14 8 35
128 14 11 36
129 2 1 95
129 2 2 99
129 2 4 103
129 2 5 102
129 2 9 87
129 2 10 101
129 2 13 88
129 2 14 93
129 3 0 106
129 3 1 110
129 3 5 108
129 3 6 109
129 3 7 92
129 3 8 90
129 3 11 101
129 3 12 110
129 5 0 110
129 5 1 114
129 5 6 112
129 5 8 113
129 5 9 96
129 5 10 94
129 5 12 105
129 5 14 114
129 6 0 109
129 6 1 113
129 6 5 111
129 6 7 112
129 6 8 95
129 6 10 93
129 6 12 104
129 6 13 113
129 9 3 86
129 9 5 84
129 9 6 82
129 9 7 87
129 9 10 94
129 9 11 84
129 9 12 83
129 9 14 92
130 4 1 21
130 4 2 25
130 4 4 23
130 4 5 22
130 4 9 23
130 4 10 25
130 4 11 24
130 4 14 21
130 5 0 25
130 5 1 29
130 5 6 27
130 5 8 26
130 5 9 27
130 5 10 29
130 5 12 28
130 5 14 25
130 8 1 23
130 8 2 27
130 8 3 25
130 8 4 24
130 8 6 25
130 8 10 27
130 8 12 26
130 8 13 23
130 9 3 22
130 9 5 26
130 9 6 24
130 9 7 23
130 9 10 24
130 9 11 26
130 9 12 25
130 9 14 22
130 12 0 23
130 12 2 27
130 12 4 25
130 12 6 24
130 12 10 25
130 12 12 27
130 12 13 26
130 12 14 23
131 4 1 22
131 4 2 26
131 4 4 24
131 4 5 23
131 4 9 24
131 4 10 26
131 4 11 25
131 4 14 22
131 5 0 26
131 5 1 30
131 5 6 28
131 5 8 27
131 5 9 28
131 5 10 30
131 5 12 29
131 5 14 26
131 7 3 24
131 7 4 28
131 7 5 26
131 7 8 25
131 7 9 26
131 7 10 28
131 7 11 27
131 7 12 24
131 11 0 23
131 11 2 27
131 11 3 25
131 11 4 24
131 11 6 25
131 11 7 27
131 11 11 26
131 11 12 23
131 13 2 24
131 13 3 28
131 13 6 26
131 13 7 25
131 13 9 26
131 13 12 28
131 13 13 27
131 13 14 24
132 0 3 47
132 0 4 41
132 0 5 45
132 0 6 44
132 0 7 39
132 0 10 43
132 0 11 40
132 0 14 45
132 1 3 41
132 1 4 40
132 1 5 37
132 1 6 40
132 1 7 36
132 1 8 38
132 1 9 40
132 1 13 41
132 5 0 45
132 5 1 39
132 5 6 43
132 5 8 42
132 5 9 37
132 5 10 41
132 5 12 38
132 5 14 43
132 9 3 44
132 9 5 38
132 9 6 42
132 9 7 41
132 9 10 36
132 9 11 40
132 9 12 37
132 9 14 42
133 4 1 18
133 4 2 18
133 4 4 16
133 4 5 18
133 4 9 16
133 4 10 17
133 4 11 18
133 4 14 18
133 5 0 18
133 5 1 18
133 5 6 16
133 5 8 18
133 5 9 16
133 5 10 17
133 5 12 18
133 5 14 18
133 11 0 16
133 11 2 16
133 11 3 14
133 11 4 16
133 11 6 14
133 11 7 15
133 11 11 16
133 11 12 16
133 12 0 18
133 12 2 18
133 12 4 16
133 12 6 18
133 12 10 16
133 12 12 17
133 12 13 18
133 12 14 18
134 1 3 48
134 1 4 42
134 1 5 46
134 1 6 45
134 1 7 40
134 1 8 44
134 1 9 41
134 1 13 46
134 2 1 52
134 2 2 46
134 2 4 50
134 2 5 49
134 2 9 44
134 2 10 48
134 2 13 45
134 2 14 50
134 6 0 47
134 6 1 51
134 6 5 55
134 6 7 54
134 6 8 55
134 6 10 57
134 6 12 56
134 6 13 53
135 3 0 82
135 3 1 80
135 3 5 78
135 3 6 83
135 3 7 90
135 3 8 80
135 3 11 79
135 3 12 88
135 5 0 80
135 5 1 78
135 5 6 76
135 5 8 81
135 5 9 88
135 5 10 78
135 5 12 77
135 5 14 86
135 7 3 78
135 7 4 76
135 7 5 74
135 7 8 79
135 7 9 86
135 7 10 76
135 7 11 75
135 7 12 84
135 8 1 83
135 8 2 81
135 8 3 79
135 8 4 84
135 8 6 91
135 8 10 81
135 8 12 80
135 8 13 89
136 0 3 53
136 0 4 57
136 0 5 61
136 0 6 60
136 0 7 61
136 0 10 63
136 0 11 62
136 0 14 59
136 4 1 62
136 4 2 72
136 4 4 68
136 4 5 63
136 4 9 64
136 4 10 72
136 4 11 63
136 4 14 62
136 8 1 58
136 8 2 68
136 8 3 64
136 8 4 59
136 8 6 60
136 8 10 68
136 8 12 59
136 8 13 58
137 2 1 44
137 2 2 38
137 2 4 42
137 2 5 41
137 2 9 36
137 2 10 40
137 2 13 37
137 2 14 42
137 3 0 42
137 3 1 40
137 3 5 38
137 3 6 43
137 3 7 41
137 3 8 40
137 3 11 39
137 3 12 39
137 5 0 40
137 5 1 39
137 5 6 36
137 5 8 39
137 5 9 35
137 5 10 37
137 5 12 39
137 5 14 40
137 7 3 42
137 7 4 40
137 7 5 38
137 7 8 43
137 7 9 41
137 7 10 40
137 7 11 39
137 7 12 39
137 11 0 39
137 11 2 38
137 11 3 35
137 11 4 38
137 11 6 34
137 11 7 36
137 11 11 38
137 11 12 39
138 5 0 95
138 5 1 99
138 5 6 103
138 5 8 102
138 5 9 87
138 5 10 101
138 5 12 88
138 5 14 93
138 10 0 106
138 10 3 110
138 10 6 108
138 10 7 109
138 10 8 92
138 10 10 90
138 10 13 101
138 10 14 110
138 12 0 110
138 12 2 114
138 12 4 112
138 12 6 113
138 12 10 96
138 12 12 94
138 12 13 105
138 12 14 114
139 1 3 44
139 1 4 38
139 1 5 42
139 1 6 41
139 1 7 36
139 1 8 40
139 1 9 37
139 1 13 42
139 2 1 42
139 2 2 40
139 2 4 38
139 2 5 43
139 2 9 41
139 2 10 40
139 2 13 39
139 2 14 39
139 3 0 40
139 3 1 39
139 3 5 36
139 3 6 39
139 3 7 35
139 3 8 37
139 3 11 39
139 3 12 40
139 6 0 42
139 6 1 40
139 6 5 38
139 6 7 43
139 6 8 41
139 6 10 40
139 6 12 39
139 6 13 39
139 9 3 39
139 9 5 38
139 9 6 35
139 9 7 38
139 9 10 34
139 9 11 36
139 9 12 38
139 9 14 39
140 2 1 78
140 2 2 76
140 2 4 74
140 2 5 79
140 2 9 86
140 2 10 76
140 2 13 75
140 2 14 84
140 6 0 85
140 6 1 83
140 6 5 78
140 6 7 83
140 6 8 76
140 6 10 80
140 6 12 83
140 6 13 86
140 12 0 83
140 12 2 81
140 12 4 76
140 12 6 81
140 12 10 74
140 12 12 78
140 12 13 81
140 12 14 84
140 13 2 79
140 13 3 77
140 13 6 75
140 13 7 80
140 13 9 87
140 13 12 77
140 13 13 76
140 13 14 85
141 2 1 82
141 2 2 80
141 2 4 78
141 2 5 83
141 2 9 90
141 2 10 80
141 2 13 79
141 2 14 88
141 12 0 80
141 12 2 78
141 12 4 76
141 12 6 81
141 12 10 88
141 12 12 78
141 12 13 77
141 12 14 86
141 13 2 84
141 13 3 82
141 13 6 77
141 13 7 82
141 13 9 75
141 13 12 79
141 13 13 82
141 13 14 85
142 0 3 50
142 0 4 54
142 0 5 52
142 0 6 53
142 0 7 47
142 0 10 45
142 0 11 45
142 0 14 54
142 6 0 47
142 6 1 41
142 6 5 45
142 6 7 44
142 6 8 39
142 6 10 43
142 6 12 40
142 6 13 45
142 9 3 51
142 9 5 45
142 9 6 49
142 9 7 48
142 9 10 43
142 9 11 47
142 9 12 44
142 9 14 49
142 12 0 50
142 12 2 44
142 12 4 48
142 12 6 47
142 12 10 42
142 12 12 46
142 12 13 43
142 12 14 48
143 4 1 83
143 4 2 81
143 4 4 79
143 4 5 84
143 4 9 91
143 4 10 81
143 4 11 80
143 4 14 89
143 6 0 81
143 6 1 79
143 6 5 77
143 6 7 82
143 6 8 89
143 6 10 79
143 6 12 78
143 6 13 87
143 9 3 79
143 9 5 77
143 9 6 75
143 9 7 80
143 9 10 87
143 9 11 77
143 9 12 76
143 9 14 85
144 2 1 83
144 2 2 81
144 2 4 76
144 2 5 81
144 2 9 74
144 2 10 78
144 2 13 81
144 2 14 84
144 11 0 81
144 11 2 79
144 11 3 74
144 11 4 79
144 11 6 72
144 11 7 76
144 11 11 79
144 11 12 82
144 14 0 66
144 14 1 70
144 14 3 74
144 14 4 73
144 14 6 68
144 14 7 67
144 14 8 69
144 14 11 69
145 2 1 46
145 2 2 50
145 2 4 54
145 2 5 53
145 2 9 54
145 2 10 56
145 2 13 55
145 2 14 52
145 12 0 50
145 12 2 54
145 12 4 58
145 12 6 57
145 12 10 58
145 12 12 60
145 12 13 59
145 12 14 56
145 13 2 65
145 13 3 58
145 13 6 56
145 13 7 61
145 13 9 55
145 13 12 61
145 13 13 66
145 13 14 62
145 14 0 53
145 14 1 57
145 14 3 61
145 14 4 60
145 14 6 61
145 14 7 63
145 14 8 62
145 14 11 59
146 4 1 44
146 4 2 38
146 4 4 42
146 4 5 41
146 4 9 36
146 4 10 40
146 4 11 37
146 4 14 42
146 5 0 42
146 5 1 40
146 5 6 38
146 5 8 43
146 5 9 41
146 5 10 40
146 5 12 39
146 5 14 39
146 6 0 40
146 6 1 39
146 6 5 36
146 6 7 39
146 6 8 35
146 6 10 37
146 6 12 39
146 6 13 40
146 13 2 42
146 13 3 40
146 13 6 38
146 13 7 43
146 13 9 41
146 13 12 40
146 13 13 39
146 13 14 39
146 14 0 39
146 14 1 38
146 14 3 35
146 14 4 38
146 14 6 34
146 14 7 36
146 14 8 38
146 14 11 39
147 11 0 65
147 11 2 58
147 11 3 56
147 11 4 61
147 11 6 55
147 11 7 61
147 11 11 66
147 11 12 62
147 13 2 66
147 13 3 70
147 13 6 74
147 13 7 73
147 13 9 68
147 13 12 67
147 13 13 69
147 13 14 69
147 14 0 59
147 14 1 69
147 14 3 65
147 14 4 60
147 14 6 61
147 14 7 69
147 14 8 60
147 14 11 59
148 0 3 82
148 0 4 80
148 0 5 78
148 0 6 83
148 0 7 90
148 0 10 80
148 0 11 79
148 0 14 88
148 6 0 85
148 6 1 83
148 6 5 78
148 6 7 83
148 6 8 76
148 6 10 80
148 6 12 83
148 6 13 86
148 10 0 81
148 10 3 79
148 10 6 77
148 10 7 82
148 10 8 89
148 10 10 79
148 10 13 78
148 10 14 87
148 11 0 85
148 11 2 83
148 11 3 81
148 11 4 86
148 11 6 93
148 11 7 83
148 11 11 82
148 11 12 91
148 12 0 78
148 12 2 76
148 12 4 71
148 12 6 76
148 12 10 69
148 12 12 73
148 12 13 76
148 12 14 79
149 7 3 85
149 7 4 79
149 7 5 84
149 7 8 88
149 7 9 72
149 7 10 86
149 7 11 88
149 7 12 88
149 8 1 84
149 8 2 82
149 8 3 77
149 8 4 82
149 8 6 75
149 8 10 79
149 8 12 82
149 8 13 85
149 11 0 79
149 11 2 77
149 11 3 72
149 11 4 77
149 11 6 70
149 11 7 74
149 11 11 77
149 11 12 80
150 9 3 45
150 9 5 39
150 9 6 43
150 9 7 42
150 9 10 37
150 9 11 41
150 9 12 38
150 9 14 43
150 10 0 44
150 10 3 38
150 10 6 42
150 10 7 41
150 10 8 36
150 10 10 40
150 10 13 37
150 10 14 42
150 13 2 41
150 13 3 40
150 13 6 37
150 13 7 40
150 13 9 36
150 13 12 38
150 13 13 40
150 13 14 41
151 6 0 58
151 6 1 68
151 6 5 64
151 6 7 59
151 6 8 60
151 6 10 68
151 6 12 59
151 6 13 58
151 10 0 52
151 10 3 56
151 10 6 60
151 10 7 59
151 10 8 60
151 10 10 62
151 10 13 61
151 10 14 58
151 14 0 50
151 14 1 54
151 14 3 58
151 14 4 57
151 14 6 58
151 14 7 60
151 14 8 59
151 14 11 56
152 6 0 53
152 6 1 57
152 6 5 61
152 6 7 60
152 6 8 61
152 6 10 63
152 6 12 62
152 6 13 59
152 9 3 62
152 9 5 72
152 9 6 68
152 9 7 63
152 9 10 64
152 9 11 72
152 9 12 63
152 9 14 62
152 14 0 58
152 14 1 68
152 14 3 64
152 14 4 59
152 14 6 60
152 14 7 68
152 14 8 59
152 14 11 58
153 0 3 53
153 0 4 57
153 0 5 61
153 0 6 60
153 0 7 61
153 0 10 63
153 0 11 62
153 0 14 59
153 2 1 62
153 2 2 72
153 2 4 68
153 2 5 63
153 2 9 64
153 2 10 72
153 2 13 63
153 2 14 62
153 3 0 58
153 3 1 68
153 3 5 64
153 3 6 59
153 3 7 60
153 3 8 68
153 3 11 59
153 3 12 58
153 8 1 65
153 8 2 58
153 8 3 56
153 8 4 61
153 8 6 55
153 8 10 61
153 8 12 66
153 8 13 62
153 12 0 54
153 12 2 64
153 12 4 60
153 12 6 55
153 12 10 56
153 12 12 64
153 12 13 55
153 12 14 54
154 4 1 52
154 4 2 46
154 4 4 50
154 4 5 49
154 4 9 44
154 4 10 48
154 4 11 45
154 4 14 50
154 7 3 47
154 7 4 51
154 7 5 55
154 7 8 54
154 7 9 55
154 7 10 57
154 7 11 56
154 7 12 53
154 8 1 51
154 8 2 55
154 8 3 59
154 8 4 58
154 8 6 59
154 8 10 61
154 8 12 60
154 8 13 57
154 12 0 50
154 12 2 54
154 12 4 58
154 12 6 57
154 12 10 58
154 12 12 60
154 12 13 59
154 12 14 56
155 2 1 45
155 2 2 39
155 2 4 43
155 2 5 42
155 2 9 37
155 2 10 41
155 2 13 38
155 2 14 43
155 3 0 42
155 3 1 40
155 3 5 38
155 3 6 43
155 3 7 41
155 3 8 40
155 3 11 39
155 3 12 39
155 9 3 41
155 9 5 40
155 9 6 37
155 9 7 40
155 9 10 36
155 9 11 38
155 9 12 40
155 9 14 41
155 12 0 46
155 12 2 40
155 12 4 44
155 12 6 43
155 12 10 38
155 12 12 42
155 12 13 39
155 12 14 44
156 2 1 49
156 2 2 43
156 2 4 47
156 2 5 46
156 2 9 41
156 2 10 45
156 2 13 42
156 2 14 47
156 4 1 42
156 4 2 40
156 4 4 38
156 4 5 43
156 4 9 41
156 4 10 40
156 4 11 39
156 4 14 39
156 13 2 47
156 13 3 41
156 13 6 45
156 13 7 44
156 13 9 39
156 13 12 43
156 13 13 40
156 13 14 45
156 14 0 46
156 14 1 40
156 14 3 44
156 14 4 43
156 14 6 38
156 14 7 42
156 14 8 39
156 14 11 44
157 7 3 78
157 7 4 76
157 7 5 74
157 7 8 79
157 7 9 86
157 7 10 76
157 7 11 75
157 7 12 84
157 11 0 85
157 11 2 83
157 11 3 78
157 11 4 83
157 11 6 76
157 11 7 80
157 11 11 83
157 11 12 86
157 13 2 80
157 13 3 78
157 13 6 73
157 13 7 78
157 13 9 71
157 13 12 75
157 13 13 78
157 13 14 81
158 3 0 46
158 3 1 50
158 3 5 54
158 3 6 53
158 3 7 54
158 3 8 56
158 3 11 55
158 3 12 52
158 5 0 49
158 5 1 43
158 5 6 47
158 5 8 46
158 5 9 41
158 5 10 45
158 5 12 42
158 5 14 47
158 6 0 50
158 6 1 54
158 6 5 52
158 6 7 53
158 6 8 47
158 6 10 45
158 6 12 45
158 6 13 54
158 13 2 52
158 13 3 46
158 13 6 50
158 13 7 49
158 13 9 44
158 13 12 48
158 13 13 45
158 13 14 50
158 14 0 47
158 14 1 41
158 14 3 45
158 14 4 44
158 14 6 39
158 14 7 43
158 14 8 40
158 14 11 45
159 4 1 53
159 4 2 57
159 4 4 61
159 4 5 60
159 4 9 61
159 4 10 63
159 4 11 62
159 4 14 59
159 5 0 62
159 5 1 72
159 5 6 68
159 5 8 63
159 5 9 64
159 5 10 72
159 5 12 63
159 5 14 62
159 6 0 58
159 6 1 68
159 6 5 64
159 6 7 59
159 6 8 60
159 6 10 68
159 6 12 59
159 6 13 58
159 7 3 65
159 7 4 58
159 7 5 56
159 7 8 61
159 7 9 55
159 7 10 61
159 7 11 66
159 7 12 62
160 1 3 80
160 1 4 78
160 1 5 76
160 1 6 81
160 1 7 88
160 1 8 78
160 1 9 77
160 1 13 86
160 2 1 78
160 2 2 76
160 2 4 74
160 2 5 79
160 2 9 86
160 2 10 76
160 2 13 75
160 2 14 84
160 5 0 85
160 5 1 83
160 5 6 78
160 5 8 83
160 5 9 76
160 5 10 80
160 5 12 83
160 5 14 86
160 11 0 81
160 11 2 79
160 11 3 77
160 11 4 82
160 11 6 89
160 11 7 79
160 11 11 78
160 11 12 87
160 14 0 89
160 14 1 93
160 14 3 97
160 14 4 96
160 14 6 81
160 14 7 95
160 14 8 82
160 14 11 87
161 2 1 80
161 2 2 78
161 2 4 76
161 2 5 81
161 2 9 88
161 2 10 78
161 2 13 77
161 2 14 86
161 3 0 78
161 3 1 76
161 3 5 74
161 3 6 79
161 3 7 86
161 3 8 76
161 3 11 75
161 3 12 84
161 7 3 82
161 7 4 80
161 7 5 75
161 7 8 80
161 7 9 73
161 7 10 77
161 7 11 80
161 7 12 83
161 9 3 78
161 9 5 76
161 9 6 74
161 9 7 79
161 9 10 86
161 9 11 76
161 9 12 75
161 9 14 84
161 14 0 80
161 14 1 78
161 14 3 73
161 14 4 78
161 14 6 71
161 14 7 75
161 14 8 78
161 14 11 81
162 5 0 21
162 5 1 25
162 5 6 23
162 5 8 22
162 5 9 23
162 5 10 25
162 5 12 24
162 5 14 21
162 6 0 25
162 6 1 29
162 6 5 27
162 6 7 26
162 6 8 27
162 6 10 29
162 6 12 28
162 6 13 25
162 10 0 23
162 10 3 27
162 10 6 25
162 10 7 24
162 10 8 25
162 10 10 27
162 10 13 26
162 10 14 23
162 12 0 22
162 12 2 26
162 12 4 24
162 12 6 23
162 12 10 24
162 12 12 26
162 12 13 25
162 12 14 22
163 0 3 19
163 0 4 19
163 0 5 17
163 0 6 19
163 0 7 17
163 0 10 18
163 0 11 19
163 0 14 19
163 13 2 19
163 13 3 19
163 13 6 17
163 13 7 19
163 13 9 17
163 13 12 18
163 13 13 19
163 13 14 19
163 14 0 17
163 14 1 17
163 14 3 15
163 14 4 17
163 14 6 15
163 14 7 16
163 14 8 17
163 14 11 17
164 2 1 45
164 2 2 49
164 2 4 53
164 2 5 52
164 2 9 53
164 2 10 55
164 2 13 54
164 2 14 51
164 4 1 48
164 4 2 42
164 4 4 46
164 4 5 45
164 4 9 40
164 4 10 44
164 4 11 41
164 4 14 46
164 7 3 52
164 7 4 46
164 7 5 50
164 7 8 49
164 7 9 44
164 7 10 48
164 7 11 45
164 7 12 50
164 8 1 51
164 8 2 45
164 8 3 49
164 8 4 48
164 8 6 43
164 8 10 47
164 8 12 44
164 8 13 49
164 10 0 46
164 10 3 40
164 10 6 44
164 10 7 43
164 10 8 38
164 10 10 42
164 10 13 39
164 10 14 44
165 3 0 18
165 3 1 18
165 3 5 16
165 3 6 18
165 3 7 16
165 3 8 17
165 3 11 18
165 3 12 18
165 4 1 18
165 4 2 18
165 4 4 16
165 4 5 18
165 4 9 16
165 4 10 17
165 4 11 18
165 4 14 18
165 6 0 16
165 6 1 16
165 6 5 14
165 6 7 16
165 6 8 14
165 6 10 15
165 6 12 16
165 6 13 16
165 11 0 18
165 11 2 18
165 11 3 16
165 11 4 18
165 11 6 16
165 11 7 17
165 11 11 18
165 11 12 18
165 12 0 16
165 12 2 16
165 12 4 14
165 12 6 16
165 12 10 14
165 12 12 15
165 12 13 16
165 12 14 16
166 4 1 19
166 4 2 19
166 4 4 17
166 4 5 19
166 4 9 17
166 4 10 18
166 4 11 19
166 4 14 19
166 9 3 19
166 9 5 19
166 9 6 17
166 9 7 19
166 9 10 17
166 9 11 18
166 9 12 19
166 9 14 19
166 11 0 17
166 11 2 17
166 11 3 15
166 11 4 17
166 11 6 15
166 11 7 16
166 11 11 17
166 11 12 17
167 0 3 55
167 0 4 65
167 0 5 61
167 0 6 56
167 0 7 57
167 0 10 65
167 0 11 56
167 0 14 55
167 1 3 78
167 1 4 76
167 1 5 71
167 1 6 76
167 1 7 69
167 1 8 73
167 1 9 76
167 1 13 79
167 4 1 61
167 4 2 71
167 4 4 67
167 4 5 62
167 4 9 63
167 4 10 71
167 4 11 62
167 4 14 61
167 7 3 56
167 7 4 66
167 7 5 62
167 7 8 57
167 7 9 58
167 7 10 66
167 7 11 57
167 7 12 56
167 8 1 57
167 8 2 67
167 8 3 63
167 8 4 58
167 8 6 59
167 8 10 67
167 8 12 58
167 8 13 57
168 1 3 39
168 1 4 38
168 1 5 35
168 1 6 38
168 1 7 34
168 1 8 36
168 1 9 38
168 1 13 39
168 2 1 38
168 2 2 37
168 2 4 34
168 2 5 37
168 2 9 33
168 2 10 35
168 2 13 37
168 2 14 38
168 3 0 35
168 3 1 34
168 3 5 31
168 3 6 34
168 3 7 30
168 3 8 32
168 3 11 34
168 3 12 35
168 6 0 38
168 6 1 37
168 6 5 34
168 6 7 37
168 6 8 33
168 6 10 35
168 6 12 37
168 6 13 38
169 2 1 20
169 2 2 24
169 2 4 22
169 2 5 21
169 2 9 22
169 2 10 24
169 2 13 23
169 2 14 20
169 9 3 24
169 9 5 28
169 9 6 26
169 9 7 25
169 9 10 26
169 9 11 28
169 9 12 27
169 9 14 24
169 13 2 22
169 13 3 26
169 13 6 24
169 13 7 23
169 13 9 24
169 13 12 26
169 13 13 25
169 13 14 22
170 0 3 79
170 0 4 77
170 0 5 75
170 0 6 80
170 0 7 87
170 0 10 77
170 0 11 76
170 0 14 85
170 2 1 85
170 2 2 79
170 2 4 84
170 2 5 88
170 2 9 72
170 2 10 86
170 2 13 88
170 2 14 88
170 12 0 81
170 12 2 79
170 12 4 74
170 12 6 79
170 12 10 72
170 12 12 76
170 12 13 79
170 12 14 82
170 13 2 85
170 13 3 79
170 13 6 84
170 13 7 88
170 13 9 72
170 13 12 86
170 13 13 88
170 13 14 88
171 0 3 82
171 0 4 80
171 0 5 78
171 0 6 83
171 0 7 90
171 0 10 80
171 0 11 79
171 0 14 88
171 1 3 85
171 1 4 83
171 1 5 78
171 1 6 83
171 1 7 76
171 1 8 80
171 1 9 83
171 1 13 86
171 8 1 81
171 8 2 79
171 8 3 77
171 8 4 82
171 8 6 89
171 8 10 79
171 8 12 78
171 8 13 87
171 11 0 85
171 11 2 83
171 11 3 81
171 11 4 86
171 11 6 93
171 11 7 83
171 11 11 82
171 11 12 91
171 14 0 78
171 14 1 76
171 14 3 71
171 14 4 76
171 14 6 69
171 14 7 73
171 14 8 76
171 14 11 79
172 3 0 20
172 3 1 20
172 3 5 18
172 3 6 20
172 3 7 18
172 3 8 19
172 3 11 20
172 3 12 20
172 5 0 20
172 5 1 24
172 5 6 22
172 5 8 21
172 5 9 22
172 5 10 24
172 5 12 23
172 5 14 20
172 8 1 18
172 8 2 22
172 8 3 20
172 8 4 19
172 8 6 20
172 8 10 22
172 8 12 21
172 8 13 18
172 11 0 21
172 11 2 20
172 11 3 19
172 11 4 18
172 11 6 18
172 11 7 22
172 11 11 19
172 11 12 19
173 3 0 49
173 3 1 43
173 3 5 47
173 3 6 46
173 3 7 41
173 3 8 45
173 3 11 42
173 3 12 47
173 4 1 50
173 4 2 54
173 4 4 52
173 4 5 53
173 4 9 47
173 4 10 45
173 4 11 45
173 4 14 54
173 6 0 48
173 6 1 52
173 6 5 56
173 6 7 55
173 6 8 56
173 6 10 58
173 6 12 57
173 6 13 54
174 3 0 81
174 3 1 79
174 3 5 77
174 3 6 82
174 3 7 89
174 3 8 79
174 3 11 78
174 3 12 87
174 9 3 79
174 9 5 77
174 9 6 75
174 9 7 80
174 9 10 87
174 9 11 77
174 9 12 76
174 9 14 85
174 10 0 85
174 10 3 79
174 10 6 84
174 10 7 88
174 10 8 72
174 10 10 86
174 10 13 88
174 10 14 88
175 0 3 82
175 0 4 80
175 0 5 78
175 0 6 83
175 0 7 90
175 0 10 80
175 0 11 79
175 0 14 88
175 1 3 80
175 1 4 78
175 1 5 76
175 1 6 81
175 1 7 88
175 1 8 78
175 1 9 77
175 1 13 86
175 5 0 84
175 5 1 82
175 5 6 77
175 5 8 82
175 5 9 75
175 5 10 79
175 5 12 82
175 5 14 85
175 6 0 80
175 6 1 78
175 6 5 76
175 6 7 81
175 6 8 88
175 6 10 78
175 6 12 77
175 6 13 86
175 8 1 82
175 8 2 80
175 8 3 75
175 8 4 80
175 8 6 73
175 8 10 77
175 8 12 80
175 8 13 83
176 2 1 39
176 2 2 38
176 2 4 35
176 2 5 38
176 2 9 34
176 2 10 36
176 2 13 38
176 2 14 39
176 8 1 38
176 8 2 37
176 8 3 34
176 8 4 37
176 8 6 33
176 8 10 35
176 8 12 37
176 8 13 38
176 9 3 35
176 9 5 34
176 9 6 31
176 9 7 34
176 9 10 30
176 9 11 32
176 9 12 34
176 9 14 35
176 12 0 38
176 12 2 37
176 12 4 34
176 12 6 37
176 12 10 33
176 12 12 35
176 12 13 37
176 12 14 38
177 1 3 42
177 1 4 40
177 1 5 38
177 1 6 43
177 1 7 41
177 1 8 40
177 1 9 39
177 1 13 39
177 4 1 42
177 4 2 41
177 4 4 38
177 4 5 41
177 4 9 37
177 4 10 39
177 4 11 41
177 4 14 42
177 5 0 39
177 5 1 38
177 5 6 35
177 5 8 38
177 5 9 34
177 5 10 36
177 5 12 38
177 5 14 39
177 9 3 42
177 9 5 41
177 9 6 38
177 9 7 41
177 9 10 37
177 9 11 39
177 9 12 41
177 9 14 42
178 2 1 49
178 2 2 43
178 2 4 47
178 2 5 46
178 2 9 41
178 2 10 45
178 2 13 42
178 2 14 47
178 3 0 42
178 3 1 40
178 3 5 38
178 3 6 43
178 3 7 41
178 3 8 40
178 3 11 39
178 3 12 39
178 9 3 47
178 9 5 41
178 9 6 45
178 9 7 44
178 9 10 39
178 9 11 43
178 9 12 40
178 9 14 45
179 2 1 42
179 2 2 40
179 2 4 38
179 2 5 43
179 2 9 41
179 2 10 40
179 2 13 39
179 2 14 39
179 8 1 42
179 8 2 41
179 8 3 38
179 8 4 41
179 8 6 37
179 8 10 39
179 8 12 41
179 8 13 42
179 12 0 39
179 12 2 38
179 12 4 35
179 12 6 38
179 12 10 34
179 12 12 36
179 12 13 38
179 12 14 39
179 14 0 42
179 14 1 41
179 14 3 38
179 14 4 41
179 14 6 37
179 14 7 39
179 14 8 41
179 14 11 42
180 9 3 82
180 9 5 80
180 9 6 78
180 9 7 83
180 9 10 90
180 9 11 80
180 9 12 79
180 9 14 88
180 10 0 80
180 10 3 78
180 10 6 76
180 10 7 81
180 10 8 88
180 10 10 78
180 10 13 77
180 10 14 86
180 11 0 78
180 11 2 76
180 11 3 74
180 11 4 79
180 11 6 86
180 11 7 76
180 11 11 75
180 11 12 84
180 13 2 83
180 13 3 81
180 13 6 79
180 13 7 84
180 13 9 91
180 13 12 81
180 13 13 80
180 13 14 89
181 2 1 50
181 2 2 54
181 2 4 52
181 2 5 53
181 2 9 47
181 2 10 45
181 2 13 45
181 2 14 54
181 3 0 48
181 3 1 52
181 3 5 56
181 3 6 55
181 3 7 56
181 3 8 58
181 3 11 57
181 3 12 54
181 5 0 52
181 5 1 56
181 5 6 60
181 5 8 59
181 5 9 60
181 5 10 62
181 5 12 61
181 5 14 58
181 9 3 51
181 9 5 55
181 9 6 59
181 9 7 58
181 9 10 59
181 9 11 61
181 9 12 60
181 9 14 57
181 10 0 52
181 10 3 56
181 10 6 60
181 10 7 59
181 10 8 60
181 10 10 62
181 10 13 61
181 10 14 58
182 0 3 80
182 0 4 78
182 0 5 76
182 0 6 81
182 0 7 88
182 0 10 78
182 0 11 77
182 0 14 86
182 7 3 78
182 7 4 76
182 7 5 74
182 7 8 79
182 7 9 86
182 7 10 76
182 7 11 75
182 7 12 84
182 9 3 82
182 9 5 80
182 9 6 75
182 9 7 80
182 9 10 73
182 9 11 77
182 9 12 80
182 9 14 83
182 12 0 78
182 12 2 76
182 12 4 74
182 12 6 79
182 12 10 86
182 12 12 76
182 12 13 75
182 12 14 84
182 13 2 80
182 13 3 78
182 13 6 73
182 13 7 78
182 13 9 71
182 13 12 75
182 13 13 78
182 13 14 81
183 1 3 24
183 1 4 28
183 1 5 26
183 1 6 25
183 1 7 26
183 1 8 28
183 1 9 27
183 1 13 24
183 8 1 27
183 8 2 30
183 8 3 33
183 8 4 28
183 8 6 29
183 8 10 30
183 8 12 28
183 8 13 27
183 10 0 36
183 10 3 35
183 10 6 32
183 10 7 35
183 10 8 31
183 10 10 33
183 10 13 35
183 10 14 36
183 11 0 25
183 11 2 29
183 11 3 27
183 11 4 26
183 11 6 27
183 11 7 29
183 11 11 28
183 11 12 25
183 13 2 26
183 13 3 30
183 13 6 28
183 13 7 27
183 13 9 28
183 13 12 30
183 13 13 29
183 13 14 26
184 5 0 78
184 5 1 76
184 5 6 74
184 5 8 79
184 5 9 86
184 5 10 76
184 5 12 75
184 5 14 84
184 8 1 85
184 8 2 83
184 8 3 78
184 8 4 83
184 8 6 76
184 8 10 80
184 8 12 83
184 8 13 86
184 11 0 83
184 11 2 81
184 11 3 76
184 11 4 81
184 11 6 74
184 11 7 78
184 11 11 81
184 11 12 84
184 13 2 79
184 13 3 77
184 13 6 75
184 13 7 80
184 13 9 87
184 13 12 77
184 13 13 76
184 13 14 85
184 14 0 86
184 14 1 84
184 14 3 82
184 14 4 87
184 14 6 94
184 14 7 84
184 14 8 83
184 14 11 92
185 0 3 95
185 0 4 99
185 0 5 103
185 0 6 102
185 0 7 87
185 0 10 101
185 0 11 88
185 0 14 93
185 5 0 106
185 5 1 110
185 5 6 108
185 5 8 109
185 5 9 92
185 5 10 90
185 5 12 101
185 5 14 110
185 6 0 110
185 6 1 114
185 6 5 112
185 6 7 113
185 6 8 96
185 6 10 94
185 6 12 105
185 6 13 114
185 13 2 109
185 13 3 113
185 13 6 111
185 13 7 112
185 13 9 95
185 13 12 93
185 13 13 104
185 13 14 113
185 14 0 86
185 14 1 84
185 14 3 82
185 14 4 87
185 14 6 94
185 14 7 84
185 14 8 83
185 14 11 92
186 1 3 41
186 1 4 40
186 1 5 37
186 1 6 40
186 1 7 36
186 1 8 38
186 1 9 40
186 1 13 41
186 4 1 40
186 4 2 39
186 4 4 36
186 4 5 39
186 4 9 35
186 4 10 37
186 4 11 39
186 4 14 40
186 8 1 37
186 8 2 36
186 8 3 33
186 8 4 36
186 8 6 32
186 8 10 34
186 8 12 36
186 8 13 37
186 9 3 40
186 9 5 39
186 9 6 36
186 9 7 39
186 9 10 35
186 9 11 37
186 9 12 39
186 9 14 40
187 0 3 19
187 0 4 19
187 0 5 17
187 0 6 19
187 0 7 17
187 0 10 18
187 0 11 19
187 0 14 19
187 2 1 19
187 2 2 23
187 2 4 21
187 2 5 20
187 2 9 21
187 2 10 23
187 2 13 22
187 2 14 19
187 8 1 21
187 8 2 20
187 8 3 19
187 8 4 18
187 8 6 18
187 8 10 22
187 8 12 19
187 8 13 19
188 5 0 53
188 5 1 57
188 5 6 61
188 5 8 60
188 5 9 61
188 5 10 63
188 5 12 62
188 5 14 59
188 6 0 62
188 6 1 72
188 6 5 68
188 6 7 63
188 6 8 64
188 6 10 72
188 6 12 63
188 6 13 62
188 7 3 58
188 7 4 68
188 7 5 64
188 7 8 59
188 7 9 60
188 7 10 68
188 7 11 59
188 7 12 58
188 10 0 65
188 10 3 58
188 10 6 56
188 10 7 61
188 10 8 55
188 10 10 61
188 10 13 66
188 10 14 62
188 11 0 54
188 11 2 64
188 11 3 60
188 11 4 55
188 11 6 56
188 11 7 64
188 11 11 55
188 11 12 54
189 3 0 44
189 3 1 38
189 3 5 42
189 3 6 41
189 3 7 36
189 3 8 40
189 3 11 37
189 3 12 42
189 8 1 42
189 8 2 40
189 8 3 38
189 8 4 43
189 8 6 41
189 8 10 40
189 8 12 39
189 8 13 39
189 11 0 40
189 11 2 39
189 11 3 36
189 11 4 39
189 11 6 35
189 11 7 37
189 11 11 39
189 11 12 40
189 14 0 42
189 14 1 40
189 14 3 38
189 14 4 43
189 14 6 41
189 14 7 40
189 14 8 39
189 14 11 39
190 0 3 94
190 0 4 98
190 0 5 102
190 0 6 101
190 0 7 86
190 0 10 100
190 0 11 87
190 0 14 92
190 3 0 90
190 3 1 100
190 3 5 110
190 3 6 91
190 3 7 92
190 3 8 100
190 3 11 105
190 3 12 90
190 4 1 109
190 4 2 113
190 4 4 111
190 4 5 112
190 4 9 95
190 4 10 93
190 4 11 104
190 4 14 113
190 7 3 108
190 7 4 112
190 7 5 110
190 7 8 111
190 7 9 94
190 7 10 92
190 7 11 103
190 7 12 112
190 12 0 85
190 12 2 83
190 12 4 81
190 12 6 86
190 12 10 93
190 12 12 83
190 12 13 82
190 12 14 91
191 0 3 49
191 0 4 43
191 0 5 47
191 0 6 46
191 0 7 41
191 0 10 45
191 0 11 42
191 0 14 47
191 3 0 42
191 3 1 40
191 3 5 38
191 3 6 43
191 3 7 41
191 3 8 40
191 3 11 39
191 3 12 39
191 7 3 47
191 7 4 41
191 7 5 45
191 7 8 44
191 7 9 39
191 7 10 43
191 7 11 40
191 7 12 45
191 10 0 46
191 10 3 40
191 10 6 44
191 10 7 43
191 10 8 38
191 10 10 42
191 10 13 39
191 10 14 44
192 5 0 20
192 5 1 20
192 5 6 18
192 5 8 20
192 5 9 18
192 5 10 19
192 5 12 20
192 5 14 20
192 6 0 20
192 6 1 24
192 6 5 22
192 6 7 21
192 6 8 22
192 6 10 24
192 6 12 23
192 6 13 20
192 7 3 18
192 7 4 22
192 7 5 20
192 7 8 19
192 7 9 20
192 7 10 22
192 7 11 21
192 7 12 18
192 12 0 21
192 12 2 20
192 12 4 19
192 12 6 18
192 12 10 18
192 12 12 22
192 12 13 19
192 12 14 19
193 1 3 52
193 1 4 46
193 1 5 50
193 1 6 49
193 1 7 44
193 1 8 48
193 1 9 45
193 1 13 50
193 4 1 46
193 4 2 40
193 4 4 44
193 4 5 43
193 4 9 38
193 4 10 42
193 4 11 39
193 4 14 44
193 8 1 50
193 8 2 44
193 8 3 48
193 8 4 47
193 8 6 42
193 8 10 46
193 8 12 43
193 8 13 48
194 2 1 59
194 2 2 69
194 2 4 65
194 2 5 60
194 2 9 61
194 2 10 69
194 2 13 60
194 2 14 59
194 9 3 66
194 9 5 70
194 9 6 74
194 9 7 73
194 9 10 68
194 9 11 67
194 9 12 69
194 9 14 69
194 14 0 80
194 14 1 78
194 14 3 73
194 14 4 78
194 14 6 71
194 14 7 75
194 14 8 78
194 14 11 81
195 0 3 93
195 0 4 97
195 0 5 101
195 0 6 100
195 0 7 85
195 0 10 99
195 0 11 86
195 0 14 91
195 1 3 97
195 1 4 101
195 1 5 105
195 1 6 104
195 1 7 89
195 1 8 103
195 1 9 90
195 1 13 95
195 11 0 108
195 11 2 112
195 11 3 110
195 11 4 111
195 11 6 94
195 11 7 92
195 11 11 103
195 11 12 112
195 13 2 107
195 13 3 111
195 13 6 109
195 13 7 110
195 13 9 93
195 13 12 91
195 13 13 102
195 13 14 111
196 0 3 9
196 0 4 9
196 0 5 8
196 0 6 9
196 0 7 8
196 0 10 9
196 0 11 9
196 0 14 9
196 1 3 9
196 1 4 10
196 1 5 11
196 1 6 10
196 1 7 11
196 1 8 10
196 1 9 9
196 1 13 9
196 3 0 12
196 3 1 12
196 3 5 10
196 3 6 12
196 3 7 10
196 3 8 11
196 3 11 12
196 3 12 12
196 9 3 9
196 9 5 10
196 9 6 11
196 9 7 10
196 9 10 11
196 9 11 10
196 9 12 9
196 9 14 9
196 12 0 12
196 12 2 12
196 12 4 10
196 12 6 12
196 12 10 10
196 12 12 11
196 12 13 12
196 12 14 12
197 4 1 81
197 4 2 79
197 4 4 77
197 4 5 82
197 4 9 89
197 4 10 79
197 4 11 78
197 4 14 87
197 9 3 86
197 9 5 84
197 9 6 82
197 9 7 87
197 9 10 94
197 9 11 84
197 9 12 83
197 9 14 92
197 10 0 90
197 10 3 94
197 10 6 98
197 10 7 97
197 10 8 82
197 10 10 96
197 10 13 83
197 10 14 88
197 11 0 78
197 11 2 76
197 11 3 74
197 11 4 79
197 11 6 86
197 11 7 76
197 11 11 75
197 11 12 84
198 8 1 52
198 8 2 56
198 8 3 60
198 8 4 59
198 8 6 60
198 8 10 62
198 8 12 61
198 8 13 58
198 9 3 61
198 9 5 71
198 9 6 67
198 9 7 62
198 9 10 63
198 9 11 71
198 9 12 62
198 9 14 61
198 12 0 57
198 12 2 67
198 12 4 63
198 12 6 58
198 12 10 59
198 12 12 67
198 12 13 58
198 12 14 57
199 2 1 51
199 2 2 55
199 2 4 59
199 2 5 58
199 2 9 59
199 2 10 61
199 2 13 60
199 2 14 57
199 8 1 60
199 8 2 70
199 8 3 66
199 8 4 61
199 8 6 62
199 8 10 70
199 8 12 61
199 8 13 60
199 9 3 56
199 9 5 66
199 9 6 62
199 9 7 57
199 9 10 58
199 9 11 66
199 9 12 57
199 9 14 56
200 3 0 45
200 3 1 39
200 3 5 43
200 3 6 42
200 3 7 37
200 3 8 41
200 3 11 38
200 3 12 43
200 5 0 44
200 5 1 38
200 5 6 42
200 5 8 41
200 5 9 36
200 5 10 40
200 5 12 37
200 5 14 42
200 12 0 41
200 12 2 40
200 12 4 37
200 12 6 40
200 12 10 36
200 12 12 38
200 12 13 40
200 12 14 41
200 14 0 44
200 14 1 38
200 14 3 42
200 14 4 41
200 14 6 36
200 14 7 40
200 14 8 37
200 14 11 42
201 0 3 78
201 0 4 76
201 0 5 74
201 0 6 79
201 0 7 86
201 0 10 76
201 0 11 75
201 0 14 84
201 1 3 85
201 1 4 83
201 1 5 78
201 1 6 83
201 1 7 76
201 1 8 80
201 1 9 83
201 1 13 86
201 2 1 83
201 2 2 81
201 2 4 76
201 2 5 81
201 2 9 74
201 2 10 78
201 2 13 81
201 2 14 84
201 6 0 79
201 6 1 77
201 6 5 75
201 6 7 80
201 6 8 87
201 6 10 77
201 6 12 76
201 6 13 85
201 8 1 86
201 8 2 84
201 8 3 82
201 8 4 87
201 8 6 94
201 8 10 84
201 8 12 83
201 8 13 92
202 2 1 48
202 2 2 52
202 2 4 56
202 2 5 55
202 2 9 56
202 2 10 58
202 2 13 57
202 2 14 54
202 3 0 57
202 3 1 67
202 3 5 63
202 3 6 58
202 3 7 59
202 3 8 67
202 3 11 58
202 3 12 57
202 4 1 65
202 4 2 58
202 4 4 56
202 4 5 61
202 4 9 55
202 4 10 61
202 4 11 66
202 4 14 62
202 12 0 49
202 12 2 53
202 12 4 57
202 12 6 56
202 12 10 57
202 12 12 59
202 12 13 58
202 12 14 55
203 2 1 58
203 2 2 68
203 2 4 64
203 2 5 59
203 2 9 60
203 2 10 68
203 2 13 59
203 2 14 58
203 10 0 52
203 10 3 56
203 10 6 60
203 10 7 59
203 10 8 60
203 10 10 62
203 10 13 61
203 10 14 58
203 11 0 50
203 11 2 54
203 11 3 58
203 11 4 57
203 11 6 58
203 11 7 60
203 11 11 59
203 11 12 56
203 14 0 54
203 14 1 64
203 14 3 60
203 14 4 55
203 14 6 56
203 14 7 64
203 14 8 55
203 14 11 54
204 3 0 24
204 3 1 28
204 3 5 26
204 3 6 25
204 3 7 26
204 3 8 28
204 3 11 27
204 3 12 24
204 5 0 27
204 5 1 30
204 5 6 33
204 5 8 28
204 5 9 29
204 5 10 30
204 5 12 28
204 5 14 27
204 9 3 36
204 9 5 35
204 9 6 32
204 9 7 35
204 9 10 31
204 9 11 33
204 9 12 35
204 9 14 36
204 11 0 25
204 11 2 29
204 11 3 27
204 11 4 26
204 11 6 27
204 11 7 29
204 11 11 28
204 11 12 25
204 13 2 26
204 13 3 30
204 13 6 28
204 13 7 27
204 13 9 28
204 13 12 30
204 13 13 29
204 13 14 26
205 1 3 85
205 1 4 79
205 1 5 84
205 1 6 88
205 1 7 72
205 1 8 86
205 1 9 88
205 1 13 88
205 2 1 84
205 2 2 82
205 2 4 77
205 2 5 82
205 2 9 75
205 2 10 79
205 2 13 82
205 2 14 85
205 9 3 82
205 9 5 80
205 9 6 75
205 9 7 80
205 9 10 73
205 9 11 77
205 9 12 80
205 9 14 83
205 12 0 78
205 12 2 76
205 12 4 74
205 12 6 79
205 12 10 86
205 12 12 76
205 12 13 75
205 12 14 84
206 1 3 24
206 1 4 28
206 1 5 26
206 1 6 25
206 1 7 26
206 1 8 28
206 1 9 27
206 1 13 24
206 7 3 27
206 7 4 30
206 7 5 33
206 7 8 28
206 7 9 29
206 7 10 30
206 7 11 28
206 7 12 27
206 9 3 36
206 9 5 35
206 9 6 32
206 9 7 35
206 9 10 31
206 9 11 33
206 9 12 35
206 9 14 36
207 0 3 49
207 0 4 43
207 0 5 47
207 0 6 46
207 0 7 41
207 0 10 45
207 0 11 42
207 0 14 47
207 4 1 50
207 4 2 54
207 4 4 52
207 4 5 53
207 4 9 47
207 4 10 45
207 4 11 45
207 4 14 54
207 6 0 48
207 6 1 52
207 6 5 56
207 6 7 55
207 6 8 56
207 6 10 58
207 6 12 57
207 6 13 54
207 13 2 47
207 13 3 51
207 13 6 55
207 13 7 54
207 13 9 55
207 13 12 57
207 13 13 56
207 13 14 53
207 14 0 48
207 14 1 52
207 14 3 56
207 14 4 55
207 14 6 56
207 14 7 58
207 14 8 57
207 14 11 54
208 5 0 19
208 5 1 23
208 5 6 21
208 5 8 20
208 5 9 21
208 5 10 23
208 5 12 22
208 5 14 19
208 7 3 23
208 7 4 27
208 7 5 25
208 7 8 24
208 7 9 25
208 7 10 27
208 7 11 26
208 7 12 23
208 8 1 21
208 8 2 25
208 8 3 23
208 8 4 22
208 8 6 23
208 8 10 25
208 8 12 24
208 8 13 21
208 11 0 20
208 11 2 24
208 11 3 22
208 11 4 21
208 11 6 22
208 11 7 24
208 11 11 23
208 11 12 20
208 14 0 21
208 14 1 25
208 14 3 23
208 14 4 22
208 14 6 23
208 14 7 25
208 14 8 24
208 14 11 21
209 1 3 50
209 1 4 54
209 1 5 52
209 1 6 53
209 1 7 47
209 1 8 45
209 1 9 45
209 1 13 54
209 2 1 48
209 2 2 52
209 2 4 56
209 2 5 55
209 2 9 56
209 2 10 58
209 2 13 57
209 2 14 54
209 5 0 52
209 5 1 56
209 5 6 60
209 5 8 59
209 5 9 60
209 5 10 62
209 5 12 61
209 5 14 58
209 13 2 51
209 13 3 55
209 13 6 59
209 13 7 58
209 13 9 59
209 13 12 61
209 13 13 60
209 13 14 57
210 1 3 20
210 1 4 20
210 1 5 18
210 1 6 20
210 1 7 18
210 1 8 19
210 1 9 20
210 1 13 20
210 11 0 20
210 11 2 24
210 11 3 22
210 11 4 21
210 11 6 22
210 11 7 24
210 11 11 23
210 11 12 20
210 12 0 18
210 12 2 22
210 12 4 20
210 12 6 19
210 12 10 20
210 12 12 22
210 12 13 21
210 12 14 18
210 13 2 21
210 13 3 20
210 13 6 19
210 13 7 18
210 13 9 18
210 13 12 22
210 13 13 19
210 13 14 19
210 14 0 18
210 14 1 22
210 14 3 20
210 14 4 19
210 14 6 20
210 14 7 22
210 14 8 21
210 14 11 18
211 1 3 84
211 1 4 82
211 1 5 77
211 1 6 82
211 1 7 75
211 1 8 79
211 1 9 82
211 1 13 85
211 8 1 82
211 8 2 80
211 8 3 75
211 8 4 80
211 8 6 73
211 8 10 77
211 8 12 80
211 8 13 83
211 9 3 77
211 9 5 75
211 9 6 70
211 9 7 75
211 9 10 68
211 9 11 72
211 9 12 75
211 9 14 78
211 12 0 82
211 12 2 80
211 12 4 75
211 12 6 80
211 12 10 73
211 12 12 77
211 12 13 80
211 12 14 83
212 3 0 20
212 3 1 20
212 3 5 18
212 3 6 20
212 3 7 18
212 3 8 19
212 3 11 20
212 3 12 20
212 8 1 20
212 8 2 24
212 8 3 22
212 8 4 21
212 8 6 22
212 8 10 24
212 8 12 23
212 8 13 20
212 10 0 18
212 10 3 22
212 10 6 20
212 10 7 19
212 10 8 20
212 10 10 22
212 10 13 21
212 10 14 18
212 13 2 21
212 13 3 20
212 13 6 19
212 13 7 18
212 13 9 18
212 13 12 22
212 13 13 19
212 13 14 19
213 0 3 82
213 0 4 80
213 0 5 78
213 0 6 83
213 0 7 90
213 0 10 80
213 0 11 79
213 0 14 88
213 2 1 80
213 2 2 78
213 2 4 76
213 2 5 81
213 2 9 88
213 2 10 78
213 2 13 77
213 2 14 86
213 3 0 84
213 3 1 82
213 3 5 77
213 3 6 82
213 3 7 75
213 3 8 79
213 3 11 82
213 3 12 85
213 6 0 80
213 6 1 78
213 6 5 76
213 6 7 81
213 6 8 88
213 6 10 78
213 6 12 77
213 6 13 86
213 12 0 82
213 12 2 80
213 12 4 75
213 12 6 80
213 12 10 73
213 12 12 77
213 12 13 80
213 12 14 83
214 0 3 19
214 0 4 23
214 0 5 21
214 0 6 20
214 0 7 21
214 0 10 23
214 0 11 22
214 0 14 19
214 1 3 23
214 1 4 27
214 1 5 25
214 1 6 24
214 1 7 25
214 1 8 27
214 1 9 26
214 1 13 23
214 4 1 21
214 4 2 25
214 4 4 23
214 4 5 22
214 4 9 23
214 4 10 25
214 4 11 24
214 4 14 21
214 9 3 20
214 9 5 24
214 9 6 22
214 9 7 21
214 9 10 22
214 9 11 24
214 9 12 23
214 9 14 20
214 12 0 21
214 12 2 25
214 12 4 23
214 12 6 22
214 12 10 23
214 12 12 25
214 12 13 24
214 12 14 21
215 0 3 82
215 0 4 80
215 0 5 78
215 0 6 83
215 0 7 90
215 0 10 80
215 0 11 79
215 0 14 88
215 10 0 80
215 10 3 78
215 10 6 76
215 10 7 81
215 10 8 88
215 10 10 78
215 10 13 77
215 10 14 86
215 11 0 84
215 11 2 82
215 11 3 77
215 11 4 82
215 11 6 75
215 11 7 79
215 11 11 82
215 11 12 85
215 14 0 80
215 14 1 78
215 14 3 76
215 14 4 81
215 14 6 88
215 14 7 78
215 14 8 77
215 14 11 86
216 2 1 20
216 2 2 20
216 2 4 18
216 2 5 20
216 2 9 18
216 2 10 19
216 2 13 20
216 2 14 20
216 5 0 20
216 5 1 20
216 5 6 18
216 5 8 20
216 5 9 18
216 5 10 19
216 5 12 20
216 5 14 20
216 7 3 18
216 7 4 18
216 7 5 16
216 7 8 18
216 7 9 16
216 7 10 17
216 7 11 18
216 7 12 18
216 8 1 20
216 8 2 20
216 8 3 18
216 8 4 20
216 8 6 18
216 8 10 19
216 8 12 20
216 8 13 20
217 2 1 45
217 2 2 49
217 2 4 53
217 2 5 52
217 2 9 53
217 2 10 55
217 2 13 54
217 2 14 51
217 9 3 49
217 9 5 53
217 9 6 57
217 9 7 56
217 9 10 57
217 9 11 59
217 9 12 58
217 9 14 55
217 11 0 53
217 11 2 57
217 11 3 61
217 11 4 60
217 11 6 61
217 11 7 63
217 11 11 62
217 11 12 59
218 0 3 45
218 0 4 39
218 0 5 43
218 0 6 42
218 0 7 37
218 0 10 41
218 0 11 38
218 0 14 43
218 2 1 44
218 2 2 38
218 2 4 42
218 2 5 41
218 2 9 36
218 2 10 40
218 2 13 37
218 2 14 42
218 6 0 41
218 6 1 40
218 6 5 37
218 6 7 40
218 6 8 36
218 6 10 38
218 6 12 40
218 6 13 41
218 8 1 44
218 8 2 38
218 8 3 42
218 8 4 41
218 8 6 36
218 8 10 40
218 8 12 37
218 8 13 42
219 1 3 82
219 1 4 80
219 1 5 78
219 1 6 83
219 1 7 90
219 1 8 80
219 1 9 79
219 1 13 88
219 4 1 80
219 4 2 78
219 4 4 76
219 4 5 81
219 4 9 88
219 4 10 78
219 4 11 77
219 4 14 86
219 5 0 78
219 5 1 76
219 5 6 74
219 5 8 79
219 5 9 86
219 5 10 76
219 5 12 75
219 5 14 84
220 3 0 46
220 3 1 50
220 3 5 54
220 3 6 53
220 3 7 54
220 3 8 56
220 3 11 55
220 3 12 52
220 6 0 49
220 6 1 43
220 6 5 47
220 6 7 46
220 6 8 41
220 6 10 45
220 6 12 42
220 6 13 47
220 12 0 50
220 12 2 54
220 12 4 52
220 12 6 53
220 12 10 47
220 12 12 45
220 12 13 45
220 12 14 54
220 14 0 52
220 14 1 46
220 14 3 50
220 14 4 49
220 14 6 44
220 14 7 48
220 14 8 45
220 14 11 50
221 7 3 46
221 7 4 50
221 7 5 54
221 7 8 53
221 7 9 54
221 7 10 56
221 7 11 55
221 7 12 52
221 11 0 49
221 11 2 43
221 11 3 47
221 11 4 46
221 11 6 41
221 11 7 45
221 11 11 42
221 11 12 47
221 14 0 50
221 14 1 54
221 14 3 52
221 14 4 53
221 14 6 47
221 14 7 45
221 14 8 45
221 14 11 54
222 0 3 82
222 0 4 80
222 0 5 78
222 0 6 83
222 0 7 90
222 0 10 80
222 0 11 79
222 0 14 88
222 3 0 85
222 3 1 83
222 3 5 78
222 3 6 83
222 3 7 76
222 3 8 80
222 3 11 83
222 3 12 86
222 7 3 81
222 7 4 79
222 7 5 77
222 7 8 82
222 7 9 89
222 7 10 79
222 7 11 78
222 7 12 87
222 11 0 85
222 11 2 83
222 11 3 81
222 11 4 86
222 11 6 93
222 11 7 83
222 11 11 82
222 11 12 91
222 12 0 78
222 12 2 76
222 12 4 71
222 12 6 76
222 12 10 69
222 12 12 73
222 12 13 76
222 12 14 79
223 3 0 38
223 3 1 37
223 3 5 34
223 3 6 37
223 3 7 33
223 3 8 35
223 3 11 37
223 3 12 38
223 9 3 37
223 9 5 36
223 9 6 33
223 9 7 36
223 9 10 32
223 9 11 34
223 9 12 36
223 9 14 37
223 12 0 34
223 12 2 33
223 12 4 30
223 12 6 33
223 12 10 29
223 12 12 31
223 12 13 33
223 12 14 34
224 5 0 46
224 5 1 50
224 5 6 54
224 5 8 53
224 5 9 54
224 5 10 56
224 5 12 55
224 5 14 52
224 7 3 49
224 7 4 43
224 7 5 47
224 7 8 46
224 7 9 41
224 7 10 45
224 7 11 42
224 7 12 47
224 12 0 50
224 12 2 54
224 12 4 52
224 12 6 53
224 12 10 47
224 12 12 45
224 12 13 45
224 12 14 54
225 1 3 91
225 1 4 95
225 1 5 99
225 1 6 98
225 1 7 83
225 1 8 97
225 1 9 84
225 1 13 89
225 10 0 95
225 10 3 99
225 10 6 103
225 10 7 102
225 10 8 87
225 10 10 101
225 10 13 88
225 10 14 93
225 13 2 106
225 13 3 110
225 13 6 108
225 13 7 109
225 13 9 92
225 13 12 90
225 13 13 101
225 13 14 110
226 0 3 19
226 0 4 23
226 0 5 21
226 0 6 20
226 0 7 21
226 0 10 23
226 0 11 22
226 0 14 19
226 2 1 23
226 2 2 27
226 2 4 25
226 2 5 24
226 2 9 25
226 2 10 27
226 2 13 26
226 2 14 23
226 8 1 21
226 8 2 25
226 8 3 23
226 8 4 22
226 8 6 23
226 8 10 25
226 8 12 24
226 8 13 21
227 4 1 85
227 4 2 83
227 4 4 78
227 4 5 83
227 4 9 76
227 4 10 80
227 4 11 83
227 4 14 86
227 11 0 83
227 11 2 81
227 11 3 76
227 11 4 81
227 11 6 74
227 11 7 78
227 11 11 81
227 11 12 84
227 13 2 78
227 13 3 76
227 13 6 71
227 13 7 76
227 13 9 69
227 13 12 73
227 13 13 76
227 13 14 79
228 5 0 46
228 5 1 50
228 5 6 54
228 5 8 53
228 5 9 54
228 5 10 56
228 5 12 55
228 5 14 52
228 7 3 50
228 7 4 54
228 7 5 58
228 7 8 57
228 7 9 58
228 7 10 60
228 7 11 59
228 7 12 56
228 14 0 65
228 14 1 58
228 14 3 56
228 14 4 61
228 14 6 55
228 14 7 61
228 14 8 66
228 14 11 62
229 3 0 49
229 3 1 53
229 3 5 57
229 3 6 56
229 3 7 57
229 3 8 59
229 3 11 58
229 3 12 55
229 8 1 58
229 8 2 68
229 8 3 64
229 8 4 59
229 8 6 60
229 8 10 68
229 8 12 59
229 8 13 58
229 9 3 54
229 9 5 64
229 9 6 60
229 9 7 55
229 9 10 56
229 9 11 64
229 9 12 55
229 9 14 54
229 10 0 50
229 10 3 54
229 10 6 58
229 10 7 57
229 10 8 58
229 10 10 60
229 10 13 59
229 10 14 56
229 13 2 51
229 13 3 55
229 13 6 59
229 13 7 58
229 13 9 59
229 13 12 61
229 13 13 60
229 13 14 57
230 3 0 18
230 3 1 22
230 3 5 20
230 3 6 19
230 3 7 20
230 3 8 22
230 3 11 21
230 3 12 18
230 10 0 22
230 10 3 26
230 10 6 24
230 10 7 23
230 10 8 24
230 10 10 26
230 10 13 25
230 10 14 22
230 12 0 20
230 12 2 24
230 12 4 22
230 12 6 21
230 12 10 22
230 12 12 24
230 12 13 23
230 12 14 20
231 1 3 84
231 1 4 89
231 1 5 92
231 1 6 81
231 1 7 84
231 1 8 90
231 1 9 89
231 1 13 94
231 3 0 92
231 3 1 96
231 3 5 100
231 3 6 99
231 3 7 84
231 3 8 98
231 3 11 85
231 3 12 90
231 4 1 96
231 4 2 100
231 4 4 104
231 4 5 103
231 4 9 88
231 4 10 102
231 4 11 89
231 4 14 94
231 7 3 95
231 7 4 99
231 7 5 103
231 7 8 102
231 7 9 87
231 7 10 101
231 7 11 88
231 7 12 93
231 11 0 79
231 11 2 77
231 11 3 75
231 11 4 80
231 11 6 87
231 11 7 77
231 11 11 76
231 11 12 85
232 3 0 38
232 3 1 37
232 3 5 34
232 3 6 37
232 3 7 33
232 3 8 35
232 3 11 37
232 3 12 38
232 4 1 37
232 4 2 36
232 4 4 33
232 4 5 36
232 4 9 32
232 4 10 34
232 4 11 36
232 4 14 37
232 6 0 34
232 6 1 33
232 6 5 30
232 6 7 33
232 6 8 29
232 6 10 31
232 6 12 33
232 6 13 34
232 9 3 37
232 9 5 36
232 9 6 33
232 9 7 36
232 9 10 32
232 9 11 34
232 9 12 36
232 9 14 37
232 14 0 27
232 14 1 30
232 14 3 33
232 14 4 28
232 14 6 29
232 14 7 30
232 14 8 28
232 14 11 27
233 1 3 50
233 1 4 54
233 1 5 58
233 1 6 57
233 1 7 58
233 1 8 60
233 1 9 59
233 1 13 56
233 9 3 59
233 9 5 69
233 9 6 65
233 9 7 60
233 9 10 61
233 9 11 69
233 9 12 60
233 9 14 59
233 12 0 55
233 12 2 65
233 12 4 61
233 12 6 56
233 12 10 57
233 12 12 65
233 12 13 56
233 12 14 55
234 4 1 40
234 4 2 39
234 4 4 36
234 4 5 39
234 4 9 35
234 4 10 37
234 4 11 39
234 4 14 40
234 6 0 39
234 6 1 38
234 6 5 35
234 6 7 38
234 6 8 34
234 6 10 36
234 6 12 38
234 6 13 39
234 8 1 36
234 8 2 35
234 8 3 32
234 8 4 35
234 8 6 31
234 8 10 33
234 8 12 35
234 8 13 36
234 10 0 39
234 10 3 38
234 10 6 35
234 10 7 38
234 10 8 34
234 10 10 36
234 10 13 38
234 10 14 39
234 13 2 35
234 13 3 34
234 13 6 31
234 13 7 34
234 13 9 30
234 13 12 32
234 13 13 34
234 13 14 35
235 1 3 81
235 1 4 79
235 1 5 77
235 1 6 82
235 1 7 89
235 1 8 79
235 1 9 78
235 1 13 87
235 5 0 79
235 5 1 77
235 5 6 75
235 5 8 80
235 5 9 87
235 5 10 77
235 5 12 76
235 5 14 85
235 9 3 85
235 9 5 79
235 9 6 84
235 9 7 88
235 9 10 72
235 9 11 86
235 9 12 88
235 9 14 88
235 10 0 82
235 10 3 80
235 10 6 78
235 10 7 83
235 10 8 90
235 10 10 80
235 10 13 79
235 10 14 88
235 13 2 90
235 13 3 94
235 13 6 98
235 13 7 97
235 13 9 82
235 13 12 96
235 13 13 83
235 13 14 88
236 1 3 45
236 1 4 39
236 1 5 43
236 1 6 42
236 1 7 37
236 1 8 41
236 1 9 38
236 1 13 43
236 11 0 44
236 11 2 38
236 11 3 42
236 11 4 41
236 11 6 36
236 11 7 40
236 11 11 37
236 11 12 42
236 12 0 41
236 12 2 40
236 12 4 37
236 12 6 40
236 12 10 36
236 12 12 38
236 12 13 40
236 12 14 41
237 0 3 20
237 0 4 20
237 0 5 18
237 0 6 20
237 0 7 18
237 0 10 19
237 0 11 20
237 0 14 20
237 5 0 20
237 5 1 24
237 5 6 22
237 5 8 21
237 5 9 22
237 5 10 24
237 5 12 23
237 5 14 20
237 8 1 18
237 8 2 22
237 8 3 20
237 8 4 19
237 8 6 20
237 8 10 22
237 8 12 21
237 8 13 18
238 2 1 52
238 2 2 46
238 2 4 50
238 2 5 49
238 2 9 44
238 2 10 48
238 2 13 45
238 2 14 50
238 5 0 47
238 5 1 51
238 5 6 55
238 5 8 54
238 5 9 55
238 5 10 57
238 5 12 56
238 5 14 53
238 8 1 51
238 8 2 55
238 8 3 59
238 8 4 58
238 8 6 59
238 8 10 61
238 8 12 60
238 8 13 57
238 13 2 50
238 13 3 54
238 13 6 58
238 13 7 57
238 13 9 58
238 13 12 60
238 13 13 59
238 13 14 56
239 4 1 84
239 4 2 89
239 4 4 92
239 4 5 81
239 4 9 84
239 4 10 90
239 4 11 89
239 4 14 94
239 5 0 90
239 5 1 100
239 5 6 110
239 5 8 91
239 5 9 92
239 5 10 100
239 5 12 105
239 5 14 90
239 10 0 106
239 10 3 102
239 10 6 121
239 10 7 117
239 10 8 104
239 10 10 119
239 10 13 104
239 10 14 110
239 14 0 89
239 14 1 93
239 14 3 97
239 14 4 96
239 14 6 81
239 14 7 95
239 14 8 82
239 14 11 87
240 0 3 95
240 0 4 99
240 0 5 103
240 0 6 102
240 0 7 87
240 0 10 101
240 0 11 88
240 0 14 93
240 1 3 106
240 1 4 110
240 1 5 108
240 1 6 109
240 1 7 92
240 1 8 90
240 1 9 101
240 1 13 110
240 7 3 110
240 7 4 114
240 7 5 112
240 7 8 113
240 7 9 96
240 7 10 94
240 7 11 105
240 7 12 114
240 8 1 109
240 8 2 113
240 8 3 111
240 8 4 112
240 8 6 95
240 8 10 93
240 8 12 104
240 8 13 113
240 12 0 86
240 12 2 84
240 12 4 82
240 12 6 87
240 12 10 94
240 12 12 84
240 12 13 83
240 12 14 92
241 2 1 13
241 2 2 13
241 2 4 11
241 2 5 13
241 2 9 11
241 2 10 12
241 2 13 13
241 2 14 13
241 12 0 13
241 12 2 13
241 12 4 11
241 12 6 13
241 12 10 11
241 12 12 12
241 12 13 13
241 12 14 13
241 13 2 9
241 13 3 10
241 13 6 11
241 13 7 10
241 13 9 11
241 13 12 10
241 13 13 9
241 13 14 9
242 2 1 45
242 2 2 49
242 2 4 53
242 2 5 52
242 2 9 53
242 2 10 55
242 2 13 54
242 2 14 51
242 10 0 48
242 10 3 42
242 10 6 46
242 10 7 45
242 10 8 40
242 10 10 44
242 10 13 41
242 10 14 46
242 12 0 52
242 12 2 46
242 12 4 50
242 12 6 49
242 12 10 44
242 12 12 48
242 12 13 45
242 12 14 50
243 3 0 19
243 3 1 23
243 3 5 21
243 3 6 20
243 3 7 21
243 3 8 23
243 3 11 22
243 3 12 19
243 6 0 23
243 6 1 27
243 6 5 25
243 6 7 24
243 6 8 25
243 6 10 27
243 6 12 26
243 6 13 23
243 8 1 21
243 8 2 25
243 8 3 23
243 8 4 22
243 8 6 23
243 8 10 25
243 8 12 24
243 8 13 21
243 12 0 20
243 12 2 24
243 12 4 22
243 12 6 21
243 12 10 22
243 12 12 24
243 12 13 23
243 12 14 20
244 2 1 22
244 2 2 26
244 2 4 24
244 2 5 23
244 2 9 24
244 2 10 26
244 2 13 25
244 2 14 22
244 5 0 26
244 5 1 30
244 5 6 28
244 5 8 27
244 5 9 28
244 5 10 30
244 5 12 29
244 5 14 26
244 8 1 24
244 8 2 28
244 8 3 26
244 8 4 25
244 8 6 26
244 8 10 28
244 8 12 27
244 8 13 24
244 11 0 23
244 11 2 27
244 11 3 25
244 11 4 24
244 11 6 25
244 11 7 27
244 11 11 26
244 11 12 23
244 12 0 24
244 12 2 28
244 12 4 26
244 12 6 25
244 12 10 26
244 12 12 28
244 12 13 27
244 12 14 24
245 2 1 82
245 2 2 80
245 2 4 78
245 2 5 83
245 2 9 90
245 2 10 80
245 2 13 79
245 2 14 88
245 6 0 85
245 6 1 83
245 6 5 78
245 6 7 83
245 6 8 76
245 6 10 80
245 6 12 83
245 6 13 86
245 11 0 81
245 11 2 79
245 11 3 77
245 11 4 82
245 11 6 89
245 11 7 79
245 11 11 78
245 11 12 87
246 3 0 20
246 3 1 20
246 3 5 18
246 3 6 20
246 3 7 18
246 3 8 19
246 3 11 20
246 3 12 20
246 6 0 20
246 6 1 20
246 6 5 18
246 6 7 20
246 6 8 18
246 6 10 19
246 6 12 20
246 6 13 20
246 9 3 18
246 9 5 18
246 9 6 16
246 9 7 18
246 9 10 16
246 9 11 17
246 9 12 18
246 9 14 18
246 12 0 20
246 12 2 20
246 12 4 18
246 12 6 20
246 12 10 18
246 12 12 19
246 12 13 20
246 12 14 20
246 13 2 18
246 13 3 18
246 13 6 16
246 13 7 18
246 13 9 16
246 13 12 17
246 13 13 18
246 13 14 18
247 3 0 49
247 3 1 43
247 3 5 47
247 3 6 46
247 3 7 41
247 3 8 45
247 3 11 42
247 3 12 47
247 7 3 50
247 7 4 54
247 7 5 52
247 7 8 53
247 7 9 47
247 7 10 45
247 7 11 45
247 7 12 54
247 11 0 48
247 11 2 52
247 11 3 56
247 11 4 55
247 11 6 56
247 11 7 58
247 11 11 57
247 11 12 54
247 12 0 47
247 12 2 51
247 12 4 55
247 12 6 54
247 12 10 55
247 12 12 57
247 12 13 56
247 12 14 53
248 0 3 13
248 0 4 13
248 0 5 11
248 0 6 13
248 0 7 11
248 0 10 12
248 0 11 13
248 0 14 13
248 1 3 13
248 1 4 13
248 1 5 11
248 1 6 13
248 1 7 11
248 1 8 12
248 1 9 13
248 1 13 13
248 5 0 9
248 5 1 10
248 5 6 11
248 5 8 10
248 5 9 11
248 5 10 10
248 5 12 9
248 5 14 9
248 8 1 13
248 8 2 13
248 8 3 11
248 8 4 13
248 8 6 11
248 8 10 12
248 8 12 13
248 8 13 13
249 1 3 51
249 1 4 55
249 1 5 59
249 1 6 58
249 1 7 59
249 1 8 61
249 1 9 60
249 1 13 57
249 4 1 60
249 4 2 70
249 4 4 66
249 4 5 61
249 4 9 62
249 4 10 70
249 4 11 61
249 4 14 60
249 9 3 56
249 9 5 66
249 9 6 62
249 9 7 57
249 9 10 58
249 9 11 66
249 9 12 57
249 9 14 56
249 13 2 52
249 13 3 56
249 13 6 60
249 13 7 59
249 13 9 60
249 13 12 62
249 13 13 61
249 13 14 58
249 14 0 53
249 14 1 57
249 14 3 61
249 14 4 60
249 14 6 61
249 14 7 63
249 14 8 62
249 14 11 59
250 3 0 78
250 3 1 76
250 3 5 74
250 3 6 79
250 3 7 86
250 3 8 76
250 3 11 75
250 3 12 84
250 6 0 85
250 6 1 83
250 6 5 78
250 6 7 83
250 6 8 76
250 6 10 80
250 6 12 83
250 6 13 86
250 12 0 80
250 12 2 78
250 12 4 73
250 12 6 78
250 12 10 71
250 12 12 75
250 12 13 78
250 12 14 81
250 13 2 85
250 13 3 83
250 13 6 78
250 13 7 83
250 13 9 76
250 13 12 80
250 13 13 83
250 13 14 86
251 1 3 49
251 1 4 53
251 1 5 57
251 1 6 56
251 1 7 57
251 1 8 59
251 1 9 58
251 1 13 55
251 2 1 58
251 2 2 68
251 2 4 64
251 2 5 59
251 2 9 60
251 2 10 68
251 2 13 59
251 2 14 58
251 11 0 54
251 11 2 64
251 11 3 60
251 11 4 55
251 11 6 56
251 11 7 64
251 11 11 55
251 11 12 54
252 0 3 50
252 0 4 54
252 0 5 52
252 0 6 53
252 0 7 47
252 0 10 45
252 0 11 45
252 0 14 54
252 8 1 48
252 8 2 52
252 8 3 56
252 8 4 55
252 8 6 56
252 8 10 58
252 8 12 57
252 8 13 54
252 12 0 46
252 12 2 50
252 12 4 54
252 12 6 53
252 12 10 54
252 12 12 56
252 12 13 55
252 12 14 52
252 13 2 47
252 13 3 51
252 13 6 55
252 13 7 54
252 13 9 55
252 13 12 57
252 13 13 56
252 13 14 53
253 0 3 82
253 0 4 80
253 0 5 78
253 0 6 83
253 0 7 90
253 0 10 80
253 0 11 79
253 0 14 88
253 1 3 80
253 1 4 78
253 1 5 76
253 1 6 81
253 1 7 88
253 1 8 78
253 1 9 77
253 1 13 86
253 2 1 78
253 2 2 76
253 2 4 74
253 2 5 79
253 2 9 86
253 2 10 76
253 2 13 75
253 2 14 84
253 11 0 83
253 11 2 81
253 11 3 79
253 11 4 84
253 11 6 91
253 11 7 81
253 11 11 80
253 11 12 89
253 12 0 91
253 12 2 95
253 12 4 99
253 12 6 98
253 12 10 83
253 12 12 97
253 12 13 84
253 12 14 89
254 0 3 50
254 0 4 54
254 0 5 52
254 0 6 53
254 0 7 47
254 0 10 45
254 0 11 45
254 0 14 54
254 5 0 48
254 5 1 52
254 5 6 56
254 5 8 55
254 5 9 56
254 5 10 58
254 5 12 57
254 5 14 54
254 6 0 46
254 6 1 50
254 6 5 54
254 6 7 53
254 6 8 54
254 6 10 56
254 6 12 55
254 6 13 52
254 12 0 47
254 12 2 51
254 12 4 55
254 12 6 54
254 12 10 55
254 12 12 57
254 12 13 56
254 12 14 53
255 0 3 81
255 0 4 79
255 0 5 77
255 0 6 82
255 0 7 89
255 0 10 79
255 0 11 78
255 0 14 87
255 2 1 79
255 2 2 77
255 2 4 75
255 2 5 80
255 2 9 87
255 2 10 77
255 2 13 76
255 2 14 85
255 4 1 85
255 4 2 79
255 4 4 84
255 4 5 88
255 4 9 72
255 4 10 86
255 4 11 88
255 4 14 88
255 12 0 82
255 12 2 80
255 12 4 78
255 12 6 83
255 12 10 90
255 12 12 80
255 12 13 79
255 12 14 88
256 3 0 49
256 3 1 43
256 3 5 47
256 3 6 46
256 3 7 41
256 3 8 45
256 3 11 42
256 3 12 47
256 5 0 42
256 5 1 40
256 5 6 38
256 5 8 43
256 5 9 41
256 5 10 40
256 5 12 39
256 5 14 39
256 6 0 47
256 6 1 41
256 6 5 45
256 6 7 44
256 6 8 39
256 6 10 43
256 6 12 40
256 6 13 45
256 10 0 46
256 10 3 40
256 10 6 44
256 10 7 43
256 10 8 38
256 10 10 42
256 10 13 39
256 10 14 44
256 11 0 41
256 11 2 40
256 11 3 37
256 11 4 40
256 11 6 36
256 11 7 38
256 11 11 40
256 11 12 41
257 5 0 14
257 5 1 14
257 5 6 12
257 5 8 14
257 5 9 12
257 5 10 13
257 5 12 14
257 5 14 14
257 8 1 14
257 8 2 14
257 8 3 12
257 8 4 14
257 8 6 12
257 8 10 13
257 8 12 14
257 8 13 14
257 9 3 12
257 9 5 12
257 9 6 10
257 9 7 12
257 9 10 10
257 9 11 11
257 9 12 12
257 9 14 12
258 1 3 45
258 1 4 49
258 1 5 53
258 1 6 52
258 1 7 53
258 1 8 55
258 1 9 54
258 1 13 51
258 2 1 49
258 2 2 53
258 2 4 57
258 2 5 56
258 2 9 57
258 2 10 59
258 2 13 58
258 2 14 55
258 5 0 53
258 5 1 57
258 5 6 61
258 5 8 60
258 5 9 61
258 5 10 63
258 5 12 62
258 5 14 59
258 6 0 52
258 6 1 56
258 6 5 60
258 6 7 59
258 6 8 60
258 6 10 62
258 6 12 61
258 6 13 58
258 13 2 53
258 13 3 57
258 13 6 61
258 13 7 60
258 13 9 61
258 13 12 63
258 13 13 62
258 13 14 59
259 1 3 22
259 1 4 26
259 1 5 24
259 1 6 23
259 1 7 24
259 1 8 26
259 1 9 25
259 1 13 22
259 4 1 26
259 4 2 30
259 4 4 28
259 4 5 27
259 4 9 28
259 4 10 30
259 4 11 29
259 4 14 26
259 11 0 24
259 11 2 28
259 11 3 26
259 11 4 25
259 11 6 26
259 11 7 28
259 11 11 27
259 11 12 24
260 3 0 84
260 3 1 82
260 3 5 77
260 3 6 82
260 3 7 75
260 3 8 79
260 3 11 82
260 3 12 85
260 9 3 82
260 9 5 80
260 9 6 75
260 9 7 80
260 9 10 73
260 9 11 77
260 9 12 80
260 9 14 83
260 11 0 80
260 11 2 78
260 11 3 73
260 11 4 78
260 11 6 71
260 11 7 75
260 11 11 78
260 11 12 81
261 3 0 65
261 3 1 58
261 3 5 56
261 3 6 61
261 3 7 55
261 3 8 61
261 3 11 66
261 3 12 62
261 6 0 66
261 6 1 70
261 6 5 74
261 6 7 73
261 6 8 68
261 6 10 67
261 6 12 69
261 6 13 69
261 11 0 59
261 11 2 69
261 11 3 65
261 11 4 60
261 11 6 61
261 11 7 69
261 11 11 60
261 11 12 59
262 0 3 14
262 0 4 14
262 0 5 12
262 0 6 14
262 0 7 12
262 0 10 13
262 0 11 14
262 0 14 14
262 1 3 14
262 1 4 14
262 1 5 12
262 1 6 14
262 1 7 12
262 1 8 13
262 1 9 14
262 1 13 14
262 6 0 12
262 6 1 12
262 6 5 10
262 6 7 12
262 6 8 10
262 6 10 11
262 6 12 12
262 6 13 12
262 13 2 14
262 13 3 14
262 13 6 12
262 13 7 14
262 13 9 12
262 13 12 13
262 13 13 14
262 13 14 14
263 0 3 81
263 0 4 79
263 0 5 77
263 0 6 82
263 0 7 89
263 0 10 79
263 0 11 78
263 0 14 87
263 3 0 79
263 3 1 77
263 3 5 75
263 3 6 80
263 3 7 87
263 3 8 77
263 3 11 76
263 3 12 85
263 5 0 83
263 5 1 81
263 5 6 76
263 5 8 81
263 5 9 74
263 5 10 78
263 5 12 81
263 5 14 84
263 6 0 79
263 6 1 77
263 6 5 75
263 6 7 80
263 6 8 87
263 6 10 77
263 6 12 76
263 6 13 85
263 9 3 81
263 9 5 79
263 9 6 74
263 9 7 79
263 9 10 72
263 9 11 76
263 9 12 79
263 9 14 82
264 0 3 53
264 0 4 57
264 0 5 61
264 0 6 60
264 0 7 61
264 0 10 63
264 0 11 62
264 0 14 59
264 3 0 62
264 3 1 72
264 3 5 68
264 3 6 63
264 3 7 64
264 3 8 72
264 3 11 63
264 3 12 62
264 5 0 58
264 5 1 68
264 5 6 64
264 5 8 59
264 5 9 60
264 5 10 68
264 5 12 59
264 5 14 58
265 0 3 18
265 0 4 22
265 0 5 20
265 0 6 19
265 0 7 20
265 0 10 22
265 0 11 21
265 0 14 18
265 1 3 22
265 1 4 26
265 1 5 24
265 1 6 23
265 1 7 24
265 1 8 26
265 1 9 25
265 1 13 22
265 6 0 20
265 6 1 24
265 6 5 22
265 6 7 21
265 6 8 22
265 6 10 24
265 6 12 23
265 6 13 20
266 1 3 41
266 1 4 40
266 1 5 37
266 1 6 40
266 1 7 36
266 1 8 38
266 1 9 40
266 1 13 41
266 3 0 40
266 3 1 39
266 3 5 36
266 3 6 39
266 3 7 35
266 3 8 37
266 3 11 39
266 3 12 40
266 4 1 37
266 4 2 36
266 4 4 33
266 4 5 36
266 4 9 32
266 4 10 34
266 4 11 36
266 4 14 37
266 11 0 40
266 11 2 39
266 11 3 36
266 11 4 39
266 11 6 35
266 11 7 37
266 11 11 39
266 11 12 40
266 13 2 36
266 13 3 35
266 13 6 32
266 13 7 35
266 13 9 31
266 13 12 33
266 13 13 35
266 13 14 36
267 3 0 19
267 3 1 23
267 3 5 21
267 3 6 20
267 3 7 21
267 3 8 23
267 3 11 22
267 3 12 19
267 4 1 23
267 4 2 27
267 4 4 25
267 4 5 24
267 4 9 25
267 4 10 27
267 4 11 26
267 4 14 23
267 11 0 21
267 11 2 25
267 11 3 23
267 11 4 22
267 11 6 23
267 11 7 25
267 11 11 24
267 11 12 21
268 4 1 20
268 4 2 20
268 4 4 18
268 4 5 20
268 4 9 18
268 4 10 19
268 4 11 20
268 4 14 20
268 5 0 20
268 5 1 20
268 5 6 18
268 5 8 20
268 5 9 18
268 5 10 19
268 5 12 20
268 5 14 20
268 11 0 18
268 11 2 18
268 11 3 16
268 11 4 18
268 11 6 16
268 11 7 17
268 11 11 18
268 11 12 18
268 13 2 20
268 13 3 20
268 13 6 18
268 13 7 20
268 13 9 18
268 13 12 19
268 13 13 20
268 13 14 20
269 2 1 38
269 2 2 37
269 2 4 34
269 2 5 37
269 2 9 33
269 2 10 35
269 2 13 37
269 2 14 38
269 5 0 37
269 5 1 36
269 5 6 33
269 5 8 36
269 5 9 32
269 5 10 34
269 5 12 36
269 5 14 37
269 6 0 34
269 6 1 33
269 6 5 30
269 6 7 33
269 6 8 29
269 6 10 31
269 6 12 33
269 6 13 34
269 11 0 37
269 11 2 36
269 11 3 33
269 11 4 36
269 11 6 32
269 11 7 34
269 11 11 36
269 11 12 37
269 12 0 27
269 12 2 30
269 12 4 33
269 12 6 28
269 12 10 29
269 12 12 30
269 12 13 28
269 12 14 27
270 0 3 86
270 0 4 84
270 0 5 82
270 0 6 87
270 0 7 94
270 0 10 84
270 0 11 83
270 0 14 92
270 4 1 91
270 4 2 95
270 4 4 99
270 4 5 98
270 4 9 83
270 4 10 97
270 4 11 84
270 4 14 89
270 11 0 95
270 11 2 99
270 11 3 103
270 11 4 102
270 11 6 87
270 11 7 101
270 11 11 88
270 11 12 93
271 6 0 20
271 6 1 24
271 6 5 22
271 6 7 21
271 6 8 22
271 6 10 24
271 6 12 23
271 6 13 20
271 7 3 24
271 7 4 28
271 7 5 26
271 7 8 25
271 7 9 26
271 7 10 28
271 7 11 27
271 7 12 24
271 12 0 22
271 12 2 26
271 12 4 24
271 12 6 23
271 12 10 24
271 12 12 26
271 12 13 25
271 12 14 22
272 5 0 48
272 5 1 42
272 5 6 46
272 5 8 45
272 5 9 40
272 5 10 44
272 5 12 41
272 5 14 46
272 7 3 42
272 7 4 41
272 7 5 38
272 7 8 41
272 7 9 37
272 7 10 39
272 7 11 41
272 7 12 42
272 14 0 46
272 14 1 40
272 14 3 44
272 14 4 43
272 14 6 38
272 14 7 42
272 14 8 39
272 14 11 44
273 1 3 21
273 1 4 25
273 1 5 23
273 1 6 22
273 1 7 23
273 1 8 25
273 1 9 24
273 1 13 21
273 5 0 25
273 5 1 29
273 5 6 27
273 5 8 26
273 5 9 27
273 5 10 29
273 5 12 28
273 5 14 25
273 9 3 23
273 9 5 27
273 9 6 25
273 9 7 24
273 9 10 25
273 9 11 27
273 9 12 26
273 9 14 23
274 2 1 37
274 2 2 36
274 2 4 33
274 2 5 36
274 2 9 32
274 2 10 34
274 2 13 36
274 2 14 37
274 3 0 36
274 3 1 35
274 3 5 32
274 3 6 35
274 3 7 31
274 3 8 33
274 3 11 35
274 3 12 36
274 5 0 27
274 5 1 30
274 5 6 33
274 5 8 28
274 5 9 29
274 5 10 30
274 5 12 28
274 5 14 27
274 12 0 36
274 12 2 35
274 12 4 32
274 12 6 35
274 12 10 31
274 12 12 33
274 12 13 35
274 12 14 36
275 2 1 53
275 2 2 57
275 2 4 61
275 2 5 60
275 2 9 61
275 2 10 63
275 2 13 62
275 2 14 59
275 3 0 62
275 3 1 72
275 3 5 68
275 3 6 63
275 3 7 64
275 3 8 72
275 3 11 63
275 3 12 62
275 5 0 58
275 5 1 68
275 5 6 64
275 5 8 59
275 5 9 60
275 5 10 68
275 5 12 59
275 5 14 58
275 11 0 65
275 11 2 58
275 11 3 56
275 11 4 61
275 11 6 55
275 11 7 61
275 11 11 66
275 11 12 62
276 5 0 84
276 5 1 89
276 5 6 92
276 5 8 81
276 5 9 84
276 5 10 90
276 5 12 89
276 5 14 94
276 7 3 92
276 7 4 96
276 7 5 100
276 7 8 99
276 7 9 84
276 7 10 98
276 7 11 85
276 7 12 90
276 9 3 96
276 9 5 100
276 9 6 104
276 9 7 103
276 9 10 88
276 9 11 102
276 9 12 89
276 9 14 94
276 10 0 95
276 10 3 99
276 10 6 103
276 10 7 102
276 10 8 87
276 10 10 101
276 10 13 88
276 10 14 93
276 13 2 79
276 13 3 77
276 13 6 75
276 13 7 80
276 13 9 87
276 13 12 77
276 13 13 76
276 13 14 85
277 9 3 48
277 9 5 42
277 9 6 46
277 9 7 45
277 9 10 40
277 9 11 44
277 9 12 41
277 9 14 46
277 11 0 42
277 11 2 41
277 11 3 38
277 11 4 41
277 11 6 37
277 11 7 39
277 11 11 41
277 11 12 42
277 12 0 46
277 12 2 40
277 12 4 44
277 12 6 43
277 12 10 38
277 12 12 42
277 12 13 39
277 12 14 44
277 13 2 45
277 13 3 39
277 13 6 43
277 13 7 42
277 13 9 37
277 13 12 41
277 13 13 38
277 13 14 43
278 5 0 92
278 5 1 96
278 5 6 100
278 5 8 99
278 5 9 84
278 5 10 98
278 5 12 85
278 5 14 90
278 6 0 96
278 6 1 100
278 6 5 104
278 6 7 103
278 6 8 88
278 6 10 102
278 6 12 89
278 6 13 94
278 7 3 107
278 7 4 111
278 7 5 109
278 7 8 110
278 7 9 93
278 7 10 91
278 7 11 102
278 7 12 111
278 12 0 106
278 12 2 110
278 12 4 108
278 12 6 109
278 12 10 92
278 12 12 90
278 12 13 101
278 12 14 110
278 14 0 83
278 14 1 81
278 14 3 79
278 14 4 84
278 14 6 91
278 14 7 81
278 14 8 80
278 14 11 89
279 2 1 18
279 2 2 22
279 2 4 20
279 2 5 19
279 2 9 20
279 2 10 22
279 2 13 21
279 2 14 18
279 10 0 22
279 10 3 26
279 10 6 24
279 10 7 23
279 10 8 24
279 10 10 26
279 10 13 25
279 10 14 22
279 13 2 20
279 13 3 24
279 13 6 22
279 13 7 21
279 13 9 22
279 13 12 24
279 13 13 23
279 13 14 20
280 0 3 83
280 0 4 81
280 0 5 76
280 0 6 81
280 0 7 74
280 0 10 78
280 0 11 81
280 0 14 84
280 2 1 81
280 2 2 79
280 2 4 74
280 2 5 79
280 2 9 72
280 2 10 76
280 2 13 79
280 2 14 82
280 3 0 66
280 3 1 70
280 3 5 74
280 3 6 73
280 3 7 68
280 3 8 67
280 3 11 69
280 3 12 69
280 4 1 81
280 4 2 79
280 4 4 74
280 4 5 79
280 4 9 72
280 4 10 76
280 4 11 79
280 4 14 82
280 6 0 61
280 6 1 71
280 6 5 67
280 6 7 62
280 6 8 63
280 6 10 71
280 6 12 62
280 6 13 61
281 4 1 39
281 4 2 38
281 4 4 35
281 4 5 38
281 4 9 34
281 4 10 36
281 4 11 38
281 4 14 39
281 6 0 38
281 6 1 37
281 6 5 34
281 6 7 37
281 6 8 33
281 6 10 35
281 6 12 37
281 6 13 38
281 7 3 35
281 7 4 34
281 7 5 31
281 7 8 34
281 7 9 30
281 7 10 32
281 7 11 34
281 7 12 35
281 8 1 38
281 8 2 37
281 8 3 34
281 8 4 37
281 8 6 33
281 8 10 35
281 8 12 37
281 8 13 38
281 12 0 34
281 12 2 33
281 12 4 30
281 12 6 33
281 12 10 29
281 12 12 31
281 12 13 33
281 12 14 34
282 5 0 52
282 5 1 56
282 5 6 60
282 5 8 59
282 5 9 60
282 5 10 62
282 5 12 61
282 5 14 58
282 7 3 61
282 7 4 71
282 7 5 67
282 7 8 62
282 7 9 63
282 7 10 71
282 7 11 62
282 7 12 61
282 12 0 57
282 12 2 67
282 12 4 63
282 12 6 58
282 12 10 59
282 12 12 67
282 12 13 58
282 12 14 57
283 6 0 59
283 6 1 69
283 6 5 65
283 6 7 60
283 6 8 61
283 6 10 69
283 6 12 60
283 6 13 59
283 12 0 66
283 12 2 70
283 12 4 74
283 12 6 73
283 12 10 68
283 12 12 67
283 12 13 69
283 12 14 69
283 13 2 80
283 13 3 78
283 13 6 73
283 13 7 78
283 13 9 71
283 13 12 75
283 13 13 78
283 13 14 81
283 14 0 79
283 14 1 77
283 14 3 72
283 14 4 77
283 14 6 70
283 14 7 74
283 14 8 77
283 14 11 80
284 4 1 51
284 4 2 45
284 4 4 49
284 4 5 48
284 4 9 43
284 4 10 47
284 4 11 44
284 4 14 49
284 5 0 46
284 5 1 50
284 5 6 54
284 5 8 53
284 5 9 54
284 5 10 56
284 5 12 55
284 5 14 52
284 6 0 50
284 6 1 54
284 6 5 58
284 6 7 57
284 6 8 58
284 6 10 60
284 6 12 59
284 6 13 56
284 11 0 49
284 11 2 53
284 11 3 57
284 11 4 56
284 11 6 57
284 11 7 59
284 11 11 58
284 11 12 55
285 2 1 45
285 2 2 49
285 2 4 53
285 2 5 52
285 2 9 53
285 2 10 55
285 2 13 54
285 2 14 51
285 4 1 48
285 4 2 42
285 4 4 46
285 4 5 45
285 4 9 40
285 4 10 44
285 4 11 41
285 4 14 46
285 5 0 52
285 5 1 46
285 5 6 50
285 5 8 49
285 5 9 44
285 5 10 48
285 5 12 45
285 5 14 50
285 7 3 51
285 7 4 45
285 7 5 49
285 7 8 48
285 7 9 43
285 7 10 47
285 7 11 44
285 7 12 49
285 14 0 46
285 14 1 40
285 14 3 44
285 14 4 43
285 14 6 38
285 14 7 42
285 14 8 39
285 14 11 44
286 0 3 21
286 0 4 25
286 0 5 23
286 0 6 22
286 0 7 23
286 0 10 25
286 0 11 24
286 0 14 21
286 5 0 25
286 5 1 29
286 5 6 27
286 5 8 26
286 5 9 27
286 5 10 29
286 5 12 28
286 5 14 25
286 11 0 23
286 11 2 27
286 11 3 25
286 11 4 24
286 11 6 25
286 11 7 27
286 11 11 26
286 11 12 23
287 3 0 9
287 3 1 9
287 3 5 8
287 3 6 9
287 3 7 8
287 3 8 9
287 3 11 9
287 3 12 9
287 4 1 9
287 4 2 10
287 4 4 11
287 4 5 10
287 4 9 11
287 4 10 10
287 4 11 9
287 4 14 9
287 14 0 12
287 14 1 12
287 14 3 10
287 14 4 12
287 14 6 10
287 14 7 11
287 14 8 12
287 14 11 12
288 6 0 39
288 6 1 38
288 6 5 35
288 6 7 38
288 6 8 34
288 6 10 36
288 6 12 38
288 6 13 39
288 9 3 38
288 9 5 37
288 9 6 34
288 9 7 37
288 9 10 33
288 9 11 35
288 9 12 37
288 9 14 38
288 10 0 35
288 10 3 34
288 10 6 31
288 10 7 34
288 10 8 30
288 10 10 32
288 10 13 34
288 10 14 35
288 12 0 38
288 12 2 37
288 12 4 34
288 12 6 37
288 12 10 33
288 12 12 35
288 12 13 37
288 12 14 38
289 1 3 83
289 1 4 81
289 1 5 79
289 1 6 84
289 1 7 91
289 1 8 81
289 1 9 80
289 1 13 89
289 2 1 81
289 2 2 79
289 2 4 77
289 2 5 82
289 2 9 89
289 2 10 79
289 2 13 78
289 2 14 87
289 4 1 79
289 4 2 77
289 4 4 75
289 4 5 80
289 4 9 87
289 4 10 77
289 4 11 76
289 4 14 85
289 11 0 84
289 11 2 82
289 11 3 80
289 11 4 85
289 11 6 92
289 11 7 82
289 11 11 81
289 11 12 90
289 14 0 92
289 14 1 96
289 14 3 100
289 14 4 99
289 14 6 84
289 14 7 98
289 14 8 85
289 14 11 90
290 2 1 20
290 2 2 20
290 2 4 18
290 2 5 20
290 2 9 18
290 2 10 19
290 2 13 20
290 2 14 20
290 6 0 20
290 6 1 24
290 6 5 22
290 6 7 21
290 6 8 22
290 6 10 24
290 6 12 23
290 6 13 20
290 10 0 18
290 10 3 22
290 10 6 20
290 10 7 19
290 10 8 20
290 10 10 22
290 10 13 21
290 10 14 18
291 2 1 48
291 2 2 42
291 2 4 46
291 2 5 45
291 2 9 40
291 2 10 44
291 2 13 41
291 2 14 46
291 4 1 52
291 4 2 46
291 4 4 50
291 4 5 49
291 4 9 44
291 4 10 48
291 4 11 45
291 4 14 50
291 7 3 47
291 7 4 51
291 7 5 55
291 7 8 54
291 7 9 55
291 7 10 57
291 7 11 56
291 7 12 53
291 12 0 46
291 12 2 50
291 12 4 54
291 12 6 53
291 12 10 54
291 12 12 56
291 12 13 55
291 12 14 52
292 2 1 24
292 2 2 28
292 2 4 26
292 2 5 25
292 2 9 26
292 2 10 28
292 2 13 27
292 2 14 24
292 5 0 27
292 5 1 30
292 5 6 33
292 5 8 28
292 5 9 29
292 5 10 30
292 5 12 28
292 5 14 27
292 9 3 36
292 9 5 35
292 9 6 32
292 9 7 35
292 9 10 31
292 9 11 33
292 9 12 35
292 9 14 36
292 11 0 25
292 11 2 29
292 11 3 27
292 11 4 26
292 11 6 27
292 11 7 29
292 11 11 28
292 11 12 25
292 13 2 26
292 13 3 30
292 13 6 28
292 13 7 27
292 13 9 28
292 13 12 30
292 13 13 29
292 13 14 26
293 2 1 82
293 2 2 80
293 2 4 78
293 2 5 83
293 2 9 90
293 2 10 80
293 2 13 79
293 2 14 88
293 8 1 85
293 8 2 83
293 8 3 78
293 8 4 83
293 8 6 76
293 8 10 80
293 8 12 83
293 8 13 86
293 12 0 81
293 12 2 79
293 12 4 77
293 12 6 82
293 12 10 89
293 12 12 79
293 12 13 78
293 12 14 87
293 14 0 85
293 14 1 83
293 14 3 81
293 14 4 86
293 14 6 93
293 14 7 83
293 14 8 82
293 14 11 91
294 4 1 50
294 4 2 54
294 4 4 58
294 4 5 57
294 4 9 58
294 4 10 60
294 4 11 59
294 4 14 56
294 7 3 59
294 7 4 69
294 7 5 65
294 7 8 60
294 7 9 61
294 7 10 69
294 7 11 60
294 7 12 59
294 9 3 55
294 9 5 65
294 9 6 61
294 9 7 56
294 9 10 57
294 9 11 65
294 9 12 56
294 9 14 55
295 8 1 17
295 8 2 17
295 8 3 15
295 8 4 17
295 8 6 15
295 8 10 16
295 8 12 17
295 8 13 17
295 9 3 17
295 9 5 17
295 9 6 15
295 9 7 17
295 9 10 15
295 9 11 16
295 9 12 17
295 9 14 17
295 10 0 15
295 10 3 15
295 10 6 13
295 10 7 15
295 10 8 13
295 10 10 14
295 10 13 15
295 10 14 15
296 1 3 65
296 1 4 58
296 1 5 56
296 1 6 61
296 1 7 55
296 1 8 61
296 1 9 66
296 1 13 62
296 2 1 66
296 2 2 70
296 2 4 74
296 2 5 73
296 2 9 68
296 2 10 67
296 2 13 69
296 2 14 69
296 4 1 59
296 4 2 69
296 4 4 65
296 4 5 60
296 4 9 61
296 4 10 69
296 4 11 60
296 4 14 59
296 13 2 54
296 13 3 64
296 13 6 60
296 13 7 55
296 13 9 56
296 13 12 64
296 13 13 55
296 13 14 54
297 0 3 55
297 0 4 65
297 0 5 61
297 0 6 56
297 0 7 57
297 0 10 65
297 0 11 56
297 0 14 55
297 6 0 78
297 6 1 76
297 6 5 71
297 6 7 76
297 6 8 69
297 6 10 73
297 6 12 76
297 6 13 79
297 8 1 61
297 8 2 71
297 8 3 67
297 8 4 62
297 8 6 63
297 8 10 71
297 8 12 62
297 8 13 61
298 7 3 58
298 7 4 68
298 7 5 64
298 7 8 59
298 7 9 60
298 7 10 68
298 7 11 59
298 7 12 58
298 8 1 52
298 8 2 56
298 8 3 60
298 8 4 59
298 8 6 60
298 8 10 62
298 8 12 61
298 8 13 58
298 13 2 50
298 13 3 54
298 13 6 58
298 13 7 57
298 13 9 58
298 13 12 60
298 13 13 59
298 13 14 56
298 14 0 54
298 14 1 64
298 14 3 60
298 14 4 55
298 14 6 56
298 14 7 64
298 14 8 55
298 14 11 54
299 0 3 82
299 0 4 80
299 0 5 78
299 0 6 83
299 0 7 90
299 0 10 80
299 0 11 79
299 0 14 88
299 9 3 80
299 9 5 78
299 9 6 76
299 9 7 81
299 9 10 88
299 9 11 78
299 9 12 77
299 9 14 86
299 11 0 84
299 11 2 82
299 11 3 77
299 11 4 82
299 11 6 75
299 11 7 79
299 11 11 82
299 11 12 85
299 14 0 80
299 14 1 78
299 14 3 76
299 14 4 81
299 14 6 88
299 14 7 78
299 14 8 77
299 14 11 86
300 2 1 84
300 2 2 89
300 2 4 92
300 2 5 81
300 2 9 84
300 2 10 90
300 2 13 89
300 2 14 94
300 3 0 90
300 3 1 100
300 3 5 110
300 3 6 91
300 3 7 92
300 3 8 100
300 3 11 105
300 3 12 90
300 9 3 106
300 9 5 102
300 9 6 121
300 9 7 117
300 9 10 104
300 9 11 119
300 9 12 104
300 9 14 110
300 11 0 89
300 11 2 93
300 11 3 97
300 11 4 96
300 11 6 81
300 11 7 95
300 11 11 82
300 11 12 87
301 0 3 50
301 0 4 54
301 0 5 58
301 0 6 57
301 0 7 58
301 0 10 60
301 0 11 59
301 0 14 56
301 1 3 59
301 1 4 69
301 1 5 65
301 1 6 60
301 1 7 61
301 1 8 69
301 1 9 60
301 1 13 59
301 8 1 55
301 8 2 65
301 8 3 61
301 8 4 56
301 8 6 57
301 8 10 65
301 8 12 56
301 8 13 55
302 0 3 50
302 0 4 54
302 0 5 52
302 0 6 53
302 0 7 47
302 0 10 45
302 0 11 45
302 0 14 54
302 1 3 48
302 1 4 52
302 1 5 56
302 1 6 55
302 1 7 56
302 1 8 58
302 1 9 57
302 1 13 54
302 3 0 46
302 3 1 50
302 3 5 54
302 3 6 53
302 3 7 54
302 3 8 56
302 3 11 55
302 3 12 52
302 4 1 47
302 4 2 51
302 4 4 55
302 4 5 54
302 4 9 55
302 4 10 57
302 4 11 56
302 4 14 53
303 2 1 85
303 2 2 83
303 2 4 78
303 2 5 83
303 2 9 76
303 2 10 80
303 2 13 83
303 2 14 86
303 8 1 83
303 8 2 81
303 8 3 76
303 8 4 81
303 8 6 74
303 8 10 78
303 8 12 81
303 8 13 84
303 11 0 81
303 11 2 79
303 11 3 74
303 11 4 79
303 11 6 72
303 11 7 76
303 11 11 79
303 11 12 82
304 0 3 50
304 0 4 54
304 0 5 52
304 0 6 53
304 0 7 47
304 0 10 45
304 0 11 45
304 0 14 54
304 4 1 47
304 4 2 41
304 4 4 45
304 4 5 44
304 4 9 39
304 4 10 43
304 4 11 40
304 4 14 45
304 13 2 51
304 13 3 45
304 13 6 49
304 13 7 48
304 13 9 43
304 13 12 47
304 13 13 44
304 13 14 49
305 1 3 42
305 1 4 41
305 1 5 38
305 1 6 41
305 1 7 37
305 1 8 39
305 1 9 41
305 1 13 42
305 10 0 41
305 10 3 40
305 10 6 37
305 10 7 40
305 10 8 36
305 10 10 38
305 10 13 40
305 10 14 41
305 13 2 38
305 13 3 37
305 13 6 34
305 13 7 37
305 13 9 33
305 13 12 35
305 13 13 37
305 13 14 38
306 2 1 22
306 2 2 26
306 2 4 24
306 2 5 23
306 2 9 24
306 2 10 26
306 2 13 25
306 2 14 22
306 4 1 26
306 4 2 30
306 4 4 28
306 4 5 27
306 4 9 28
306 4 10 30
306 4 11 29
306 4 14 26
306 5 0 24
306 5 1 28
306 5 6 26
306 5 8 25
306 5 9 26
306 5 10 28
306 5 12 27
306 5 14 24
306 10 0 23
306 10 3 27
306 10 6 25
306 10 7 24
306 10 8 25
306 10 10 27
306 10 13 26
306 10 14 23
306 14 0 24
306 14 1 28
306 14 3 26
306 14 4 25
306 14 6 26
306 14 7 28
306 14 8 27
306 14 11 24
307 5 0 41
307 5 1 40
307 5 6 37
307 5 8 40
307 5 9 36
307 5 10 38
307 5 12 40
307 5 14 41
307 6 0 40
307 6 1 39
307 6 5 36
307 6 7 39
307 6 8 35
307 6 10 37
307 6 12 39
307 6 13 40
307 9 3 37
307 9 5 36
307 9 6 33
307 9 7 36
307 9 10 32
307 9 11 34
307 9 12 36
307 9 14 37
307 13 2 40
307 13 3 39
307 13 6 36
307 13 7 39
307 13 9 35
307 13 12 37
307 13 13 39
307 13 14 40
308 0 3 47
308 0 4 51
308 0 5 55
308 0 6 54
308 0 7 55
308 0 10 57
308 0 11 56
308 0 14 53
308 1 3 51
308 1 4 55
308 1 5 59
308 1 6 58
308 1 7 59
308 1 8 61
308 1 9 60
308 1 13 57
308 5 0 54
308 5 1 64
308 5 6 60
308 5 8 55
308 5 9 56
308 5 10 64
308 5 12 55
308 5 14 54
309 1 3 50
309 1 4 54
309 1 5 52
309 1 6 53
309 1 7 47
309 1 8 45
309 1 9 45
309 1 13 54
309 4 1 48
309 4 2 52
309 4 4 56
309 4 5 55
309 4 9 56
309 4 10 58
309 4 11 57
309 4 14 54
309 8 1 46
309 8 2 50
309 8 3 54
309 8 4 53
309 8 6 54
309 8 10 56
309 8 12 55
309 8 13 52
310 5 0 19
310 5 1 19
310 5 6 17
310 5 8 19
310 5 9 17
310 5 10 18
310 5 12 19
310 5 14 19
310 9 3 19
310 9 5 23
310 9 6 21
310 9 7 20
310 9 10 21
310 9 11 23
310 9 12 22
310 9 14 19
310 10 0 21
310 10 3 20
310 10 6 19
310 10 7 18
310 10 8 18
310 10 10 22
310 10 13 19
310 10 14 19
310 13 2 20
310 13 3 20
310 13 6 18
310 13 7 20
310 13 9 18
310 13 12 19
310 13 13 20
310 13 14 20
310 14 0 21
310 14 1 20
310 14 3 19
310 14 4 18
310 14 6 18
310 14 7 22
310 14 8 19
310 14 11 19
311 0 3 65
311 0 4 58
311 0 5 56
311 0 6 61
311 0 7 55
311 0 10 61
311 0 11 66
311 0 14 62
311 6 0 66
311 6 1 70
311 6 5 74
311 6 7 73
311 6 8 68
311 6 10 67
311 6 12 69
311 6 13 69
311 10 0 59
311 10 3 69
311 10 6 65
311 10 7 60
311 10 8 61
311 10 10 69
311 10 13 60
311 10 14 59
311 14 0 54
311 14 1 64
311 14 3 60
311 14 4 55
311 14 6 56
311 14 7 64
311 14 8 55
311 14 11 54
312 1 3 59
312 1 4 69
312 1 5 65
312 1 6 60
312 1 7 61
312 1 8 69
312 1 9 60
312 1 13 59
312 4 1 66
312 4 2 70
312 4 4 74
312 4 5 73
312 4 9 68
312 4 10 67
312 4 11 69
312 4 14 69
312 10 0 80
312 10 3 78
312 10 6 73
312 10 7 78
312 10 8 71
312 10 10 75
312 10 13 78
312 10 14 81
312 13 2 79
312 13 3 77
312 13 6 72
312 13 7 77
312 13 9 70
312 13 12 74
312 13 13 77
312 13 14 80
313 8 1 49
313 8 2 53
313 8 3 57
313 8 4 56
313 8 6 57
313 8 10 59
313 8 12 58
313 8 13 55
313 9 3 58
313 9 5 68
313 9 6 64
313 9 7 59
313 9 10 60
313 9 11 68
313 9 12 59
313 9 14 58
313 11 0 54
313 11 2 64
313 11 3 60
313 11 4 55
313 11 6 56
313 11 7 64
313 11 11 55
313 11 12 54
314 0 3 50
314 0 4 44
314 0 5 48
314 0 6 47
314 0 7 42
314 0 10 46
314 0 11 43
314 0 14 48
314 2 1 44
314 2 2 38
314 2 4 42
314 2 5 41
314 2 9 36
314 2 10 40
314 2 13 37
314 2 14 42
314 4 1 48
314 4 2 42
314 4 4 46
314 4 5 45
314 4 9 40
314 4 10 44
314 4 11 41
314 4 14 46
314 8 1 47
314 8 2 41
314 8 3 45
314 8 4 44
314 8 6 39
314 8 10 43
314 8 12 40
314 8 13 45
314 14 0 42
314 14 1 41
314 14 3 38
314 14 4 41
314 14 6 37
314 14 7 39
314 14 8 41
314 14 11 42
315 7 3 47
315 7 4 51
315 7 5 55
315 7 8 54
315 7 9 55
315 7 10 57
315 7 11 56
315 7 12 53
315 9 3 51
315 9 5 55
315 9 6 59
315 9 7 58
315 9 10 59
315 9 11 61
315 9 12 60
315 9 14 57
315 10 0 54
315 10 3 64
315 10 6 60
315 10 7 55
315 10 8 56
315 10 10 64
315 10 13 55
315 10 14 54
316 1 3 79
316 1 4 77
316 1 5 75
316 1 6 80
316 1 7 87
316 1 8 77
316 1 9 76
316 1 13 85
316 3 0 85
316 3 1 79
316 3 5 84
316 3 6 88
316 3 7 72
316 3 8 86
316 3 11 88
316 3 12 88
316 4 1 84
316 4 2 82
316 4 4 77
316 4 5 82
316 4 9 75
316 4 10 79
316 4 11 82
316 4 14 85
316 8 1 80
316 8 2 78
316 8 3 76
316 8 4 81
316 8 6 88
316 8 10 78
316 8 12 77
316 8 13 86
317 2 1 21
317 2 2 20
317 2 4 19
317 2 5 18
317 2 9 18
317 2 10 22
317 2 13 19
317 2 14 19
317 7 3 21
317 7 4 25
317 7 5 23
317 7 8 22
317 7 9 23
317 7 10 25
317 7 11 24
317 7 12 21
317 9 3 19
317 9 5 23
317 9 6 21
317 9 7 20
317 9 10 21
317 9 11 23
317 9 12 22
317 9 14 19
317 12 0 18
317 12 2 22
317 12 4 20
317 12 6 19
317 12 10 20
317 12 12 22
317 12 13 21
317 12 14 18
317 13 2 19
317 13 3 23
317 13 6 21
317 13 7 20
317 13 9 21
317 13 12 23
317 13 13 22
317 13 14 19
318 3 0 24
318 3 1 28
318 3 5 26
318 3 6 25
318 3 7 26
318 3 8 28
318 3 11 27
318 3 12 24
318 5 0 27
318 5 1 30
318 5 6 33
318 5 8 28
318 5 9 29
318 5 10 30
318 5 12 28
318 5 14 27
318 13 2 36
318 13 3 35
318 13 6 32
318 13 7 35
318 13 9 31
318 13 12 33
318 13 13 35
318 13 14 36
319 0 3 19
319 0 4 23
319 0 5 21
319 0 6 20
319 0 7 21
319 0 10 23
319 0 11 22
319 0 14 19
319 5 0 23
319 5 1 27
319 5 6 25
319 5 8 24
319 5 9 25
319 5 10 27
319 5 12 26
319 5 14 23
319 8 1 21
319 8 2 25
319 8 3 23
319 8 4 22
319 8 6 23
319 8 10 25
319 8 12 24
319 8 13 21
319 14 0 20
319 14 1 24
319 14 3 22
319 14 4 21
319 14 6 22
319 14 7 24
319 14 8 23
319 14 11 20
320 7 3 18
320 7 4 22
320 7 5 20
320 7 8 19
320 7 9 20
320 7 10 22
320 7 11 21
320 7 12 18
320 8 1 21
320 8 2 20
320 8 3 19
320 8 4 18
320 8 6 18
320 8 10 22
320 8 12 19
320 8 13 19
320 9 3 20
320 9 5 20
320 9 6 18
320 9 7 20
320 9 10 18
320 9 11 19
320 9 12 20
320 9 14 20
320 12 0 19
320 12 2 19
320 12 4 17
320 12 6 19
320 12 10 17
320 12 12 18
320 12 13 19
320 12 14 19
321 1 3 65
321 1 4 58
321 1 5 56
321 1 6 61
321 1 7 55
321 1 8 61
321 1 9 66
321 1 13 62
321 2 1 66
321 2 2 70
321 2 4 74
321 2 5 73
321 2 9 68
321 2 10 67
321 2 13 69
321 2 14 69
321 5 0 59
321 5 1 69
321 5 6 65
321 5 8 60
321 5 9 61
321 5 10 69
321 5 12 60
321 5 14 59
321 6 0 54
321 6 1 64
321 6 5 60
321 6 7 55
321 6 8 56
321 6 10 64
321 6 12 55
321 6 13 54
321 10 0 55
321 10 3 65
321 10 6 61
321 10 7 56
321 10 8 57
321 10 10 65
321 10 13 56
321 10 14 55
322 0 3 51
322 0 4 45
322 0 5 49
322 0 6 48
322 0 7 43
322 0 10 47
322 0 11 44
322 0 14 49
322 4 1 45
322 4 2 39
322 4 4 43
322 4 5 42
322 4 9 37
322 4 10 41
322 4 11 38
322 4 14 43
322 12 0 49
322 12 2 43
322 12 4 47
322 12 6 46
322 12 10 41
322 12 12 45
322 12 13 42
322 12 14 47
323 0 3 81
323 0 4 79
323 0 5 77
323 0 6 82
323 0 7 89
323 0 10 79
323 0 11 78
323 0 14 87
323 2 1 79
323 2 2 77
323 2 4 75
323 2 5 80
323 2 9 87
323 2 10 77
323 2 13 76
323 2 14 85
323 6 0 85
323 6 1 79
323 6 5 84
323 6 7 88
323 6 8 72
323 6 10 86
323 6 12 88
323 6 13 88
323 8 1 82
323 8 2 80
323 8 3 78
323 8 4 83
323 8 6 90
323 8 10 80
323 8 12 79
323 8 13 88
323 13 2 90
323 13 3 94
323 13 6 98
323 13 7 97
323 13 9 82
323 13 12 96
323 13 13 83
323 13 14 88
324 1 3 85
324 1 4 83
324 1 5 78
324 1 6 83
324 1 7 76
324 1 8 80
324 1 9 83
324 1 13 86
324 5 0 83
324 5 1 81
324 5 6 76
324 5 8 81
324 5 9 74
324 5 10 78
324 5 12 81
324 5 14 84
324 7 3 78
324 7 4 76
324 7 5 71
324 7 8 76
324 7 9 69
324 7 10 73
324 7 11 76
324 7 12 79
324 11 0 83
324 11 2 81
324 11 3 76
324 11 4 81
324 11 6 74
324 11 7 78
324 11 11 81
324 11 12 84
325 1 3 38
325 1 4 37
325 1 5 34
325 1 6 37
325 1 7 33
325 1 8 35
325 1 9 37
325 1 13 38
325 4 1 37
325 4 2 36
325 4 4 33
325 4 5 36
325 4 9 32
325 4 10 34
325 4 11 36
325 4 14 37
325 9 3 34
325 9 5 33
325 9 6 30
325 9 7 33
325 9 10 29
325 9 11 31
325 9 12 33
325 9 14 34
325 13 2 37
325 13 3 36
325 13 6 33
325 13 7 36
325 13 9 32
325 13 12 34
325 13 13 36
325 13 14 37
325 14 0 27
325 14 1 30
325 14 3 33
325 14 4 28
325 14 6 29
325 14 7 30
325 14 8 28
325 14 11 27
326 0 3 49
326 0 4 43
326 0 5 47
326 0 6 46
326 0 7 41
326 0 10 45
326 0 11 42
326 0 14 47
326 4 1 42
326 4 2 40
326 4 4 38
326 4 5 43
326 4 9 41
326 4 10 40
326 4 11 39
326 4 14 39
326 10 0 47
326 10 3 41
326 10 6 45
326 10 7 44
326 10 8 39
326 10 10 43
326 10 13 40
326 10 14 45
326 11 0 46
326 11 2 40
326 11 3 44
326 11 4 43
326 11 6 38
326 11 7 42
326 11 11 39
326 11 12 44
326 14 0 41
326 14 1 40
326 14 3 37
326 14 4 40
326 14 6 36
326 14 7 38
326 14 8 40
326 14 11 41
327 4 1 50
327 4 2 54
327 4 4 52
327 4 5 53
327 4 9 47
327 4 10 45
327 4 11 45
327 4 14 54
327 12 0 47
327 12 2 41
327 12 4 45
327 12 6 44
327 12 10 39
327 12 12 43
327 12 13 40
327 12 14 45
327 13 2 51
327 13 3 45
327 13 6 49
327 13 7 48
327 13 9 43
327 13 12 47
327 13 13 44
327 13 14 49
328 3 0 51
328 3 1 55
328 3 5 59
328 3 6 58
328 3 7 59
328 3 8 61
328 3 11 60
328 3 12 57
328 5 0 60
328 5 1 70
328 5 6 66
328 5 8 61
328 5 9 62
328 5 10 70
328 5 12 61
328 5 14 60
328 6 0 56
328 6 1 66
328 6 5 62
328 6 7 57
328 6 8 58
328 6 10 66
328 6 12 57
328 6 13 56
328 10 0 52
328 10 3 56
328 10 6 60
328 10 7 59
328 10 8 60
328 10 10 62
328 10 13 61
328 10 14 58
328 14 0 53
328 14 1 57
328 14 3 61
328 14 4 60
328 14 6 61
328 14 7 63
328 14 8 62
328 14 11 59
329 3 0 46
329 3 1 50
329 3 5 54
329 3 6 53
329 3 7 54
329 3 8 56
329 3 11 55
329 3 12 52
329 13 2 50
329 13 3 54
329 13 6 58
329 13 7 57
329 13 9 58
329 13 12 60
329 13 13 59
329 13 14 56
329 14 0 65
329 14 1 58
329 14 3 56
329 14 4 61
329 14 6 55
329 14 7 61
329 14 8 66
329 14 11 62
330 4 1 82
330 4 2 80
330 4 4 78
330 4 5 83
330 4 9 90
330 4 10 80
330 4 11 79
330 4 14 88
330 6 0 85
330 6 1 83
330 6 5 78
330 6 7 83
330 6 8 76
330 6 10 80
330 6 12 83
330 6 13 86
330 7 3 81
330 7 4 79
330 7 5 77
330 7 8 82
330 7 9 89
330 7 10 79
330 7 11 78
330 7 12 87
330 8 1 85
330 8 2 83
330 8 3 81
330 8 4 86
330 8 6 93
330 8 10 83
330 8 12 82
330 8 13 91
330 14 0 78
330 14 1 76
330 14 3 71
330 14 4 76
330 14 6 69
330 14 7 73
330 14 8 76
330 14 11 79
331 2 1 13
331 2 2 13
331 2 4 11
331 2 5 13
331 2 9 11
331 2 10 12
331 2 13 13
331 2 14 13
331 5 0 13
331 5 1 13
331 5 6 11
331 5 8 13
331 5 9 11
331 5 10 12
331 5 12 13
331 5 14 13
331 10 0 9
331 10 3 10
331 10 6 11
331 10 7 10
331 10 8 11
331 10 10 10
331 10 13 9
331 10 14 9
331 12 0 13
331 12 2 13
331 12 4 11
331 12 6 13
331 12 10 11
331 12 12 12
331 12 13 13
331 12 14 13
332 4 1 39
332 4 2 38
332 4 4 35
332 4 5 38
332 4 9 34
332 4 10 36
332 4 11 38
332 4 14 39
332 8 1 38
332 8 2 37
332 8 3 34
332 8 4 37
332 8 6 33
332 8 10 35
332 8 12 37
332 8 13 38
332 12 0 35
332 12 2 34
332 12 4 31
332 12 6 34
332 12 10 30
332 12 12 32
332 12 13 34
332 12 14 35
332 13 2 38
332 13 3 37
332 13 6 34
332 13 7 37
332 13 9 33
332 13 12 35
332 13 13 37
332 13 14 38
333 2 1 46
333 2 2 50
333 2 4 54
333 2 5 53
333 2 9 54
333 2 10 56
333 2 13 55
333 2 14 52
333 4 1 50
333 4 2 54
333 4 4 58
333 4 5 57
333 4 9 58
333 4 10 60
333 4 11 59
333 4 14 56
333 8 1 65
333 8 2 58
333 8 3 56
333 8 4 61
333 8 6 55
333 8 10 61
333 8 12 66
333 8 13 62
334 0 3 52
334 0 4 46
334 0 5 50
334 0 6 49
334 0 7 44
334 0 10 48
334 0 11 45
334 0 14 50
334 4 1 47
334 4 2 51
334 4 4 55
334 4 5 54
334 4 9 55
334 4 10 57
334 4 11 56
334 4 14 53
334 6 0 51
334 6 1 55
334 6 5 59
334 6 7 58
334 6 8 59
334 6 10 61
334 6 12 60
334 6 13 57
334 9 3 50
334 9 5 54
334 9 6 58
334 9 7 57
334 9 10 58
334 9 11 60
334 9 12 59
334 9 14 56
334 12 0 51
334 12 2 55
334 12 4 59
334 12 6 58
334 12 10 59
334 12 12 61
334 12 13 60
334 12 14 57
335 9 3 91
335 9 5 95
335 9 6 99
335 9 7 98
335 9 10 83
335 9 11 97
335 9 12 84
335 9 14 89
335 11 0 95
335 11 2 99
335 11 3 103
335 11 4 102
335 11 6 87
335 11 7 101
335 11 11 88
335 11 12 93
335 13 2 106
335 13 3 110
335 13 6 108
335 13 7 109
335 13 9 92
335 13 12 90
335 13 13 101
335 13 14 110
336 0 3 51
336 0 4 45
336 0 5 49
336 0 6 48
336 0 7 43
336 0 10 47
336 0 11 44
336 0 14 49
336 4 1 46
336 4 2 50
336 4 4 54
336 4 5 53
336 4 9 54
336 4 10 56
336 4 11 55
336 4 14 52
336 5 0 50
336 5 1 54
336 5 6 58
336 5 8 57
336 5 9 58
336 5 10 60
336 5 12 59
336 5 14 56
336 13 2 49
336 13 3 53
336 13 6 57
336 13 7 56
336 13 9 57
336 13 12 59
336 13 13 58
336 13 14 55
337 0 3 20
337 0 4 20
337 0 5 18
337 0 6 20
337 0 7 18
337 0 10 19
337 0 11 20
337 0 14 20
337 9 3 20
337 9 5 20
337 9 6 18
337 9 7 20
337 9 10 18
337 9 11 19
337 9 12 20
337 9 14 20
337 10 0 18
337 10 3 18
337 10 6 16
337 10 7 18
337 10 8 16
337 10 10 17
337 10 13 18
337 10 14 18
337 13 2 20
337 13 3 20
337 13 6 18
337 13 7 20
337 13 9 18
337 13 12 19
337 13 13 20
337 13 14 20
338 0 3 50
338 0 4 44
338 0 5 48
338 0 6 47
338 0 7 42
338 0 10 46
338 0 11 43
338 0 14 48
338 5 0 44
338 5 1 38
338 5 6 42
338 5 8 41
338 5 9 36
338 5 10 40
338 5 12 37
338 5 14 42
338 10 0 48
338 10 3 42
338 10 6 46
338 10 7 45
338 10 8 40
338 10 10 44
338 10 13 41
338 10 14 46
338 12 0 47
338 12 2 41
338 12 4 45
338 12 6 44
338 12 10 39
338 12 12 43
338 12 13 40
338 12 14 45
339 0 3 45
339 0 4 39
339 0 5 43
339 0 6 42
339 0 7 37
339 0 10 41
339 0 11 38
339 0 14 43
339 2 1 42
339 2 2 40
339 2 4 38
339 2 5 43
339 2 9 41
339 2 10 40
339 2 13 39
339 2 14 39
339 3 0 41
339 3 1 40
339 3 5 37
339 3 6 40
339 3 7 36
339 3 8 38
339 3 11 40
339 3 12 41
339 10 0 46
339 10 3 40
339 10 6 44
339 10 7 43
339 10 8 38
339 10 10 42
339 10 13 39
339 10 14 44
340 3 0 45
340 3 1 49
340 3 5 53
340 3 6 52
340 3 7 53
340 3 8 55
340 3 11 54
340 3 12 51
340 7 3 49
340 7 4 53
340 7 5 57
340 7 8 56
340 7 9 57
340 7 10 59
340 7 11 58
340 7 12 55
340 9 3 53
340 9 5 57
340 9 6 61
340 9 7 60
340 9 10 61
340 9 11 63
340 9 12 62
340 9 14 59
340 13 2 52
340 13 3 56
340 13 6 60
340 13 7 59
340 13 9 60
340 13 12 62
340 13 13 61
340 13 14 58
341 0 3 84
341 0 4 89
341 0 5 92
341 0 6 81
341 0 7 84
341 0 10 90
341 0 11 89
341 0 14 94
341 1 3 92
341 1 4 96
341 1 5 100
341 1 6 99
341 1 7 84
341 1 8 98
341 1 9 85
341 1 13 90
341 3 0 96
341 3 1 100
341 3 5 104
341 3 6 103
341 3 7 88
341 3 8 102
341 3 11 89
341 3 12 94
341 11 0 95
341 11 2 99
341 11 3 103
341 11 4 102
341 11 6 87
341 11 7 101
341 11 11 88
341 11 12 93
341 13 2 79
341 13 3 77
341 13 6 75
341 13 7 80
341 13 9 87
341 13 12 77
341 13 13 76
341 13 14 85
342 0 3 47
342 0 4 51
342 0 5 55
342 0 6 54
342 0 7 55
342 0 10 57
342 0 11 56
342 0 14 53
342 1 3 51
342 1 4 55
342 1 5 59
342 1 6 58
342 1 7 59
342 1 8 61
342 1 9 60
342 1 13 57
342 8 1 54
342 8 2 64
342 8 3 60
342 8 4 55
342 8 6 56
342 8 10 64
342 8 12 55
342 8 13 54
343 1 3 42
343 1 4 41
343 1 5 38
343 1 6 41
343 1 7 37
343 1 8 39
343 1 9 41
343 1 13 42
343 5 0 41
343 5 1 40
343 5 6 37
343 5 8 40
343 5 9 36
343 5 10 38
343 5 12 40
343 5 14 41
343 8 1 38
343 8 2 37
343 8 3 34
343 8 4 37
343 8 6 33
343 8 10 35
343 8 12 37
343 8 13 38
344 1 3 48
344 1 4 42
344 1 5 46
344 1 6 45
344 1 7 40
344 1 8 44
344 1 9 41
344 1 13 46
344 7 3 42
344 7 4 41
344 7 5 38
344 7 8 41
344 7 9 37
344 7 10 39
344 7 11 41
344 7 12 42
344 10 0 46
344 10 3 40
344 10 6 44
344 10 7 43
344 10 8 38
344 10 10 42
344 10 13 39
344 10 14 44
344 12 0 45
344 12 2 39
344 12 4 43
344 12 6 42
344 12 10 37
344 12 12 41
344 12 13 38
344 12 14 43
344 13 2 40
344 13 3 39
344 13 6 36
344 13 7 39
344 13 9 35
344 13 12 37
344 13 13 39
344 13 14 40
345 0 3 20
345 0 4 20
345 0 5 18
345 0 6 20
345 0 7 18
345 0 10 19
345 0 11 20
345 0 14 20
345 7 3 20
345 7 4 20
345 7 5 18
345 7 8 20
345 7 9 18
345 7 10 19
345 7 11 20
345 7 12 20
345 11 0 18
345 11 2 18
345 11 3 16
345 11 4 18
345 11 6 16
345 11 7 17
345 11 11 18
345 11 12 18
346 0 3 94
346 0 4 98
346 0 5 102
346 0 6 101
346 0 7 86
346 0 10 100
346 0 11 87
346 0 14 92
346 3 0 90
346 3 1 100
346 3 5 110
346 3 6 91
346 3 7 92
346 3 8 100
346 3 11 105
346 3 12 90
346 13 2 109
346 13 3 113
346 13 6 111
346 13 7 112
346 13 9 95
346 13 12 93
346 13 13 104
346 13 14 113
347 12 0 38
347 12 2 37
347 12 4 34
347 12 6 37
347 12 10 33
347 12 12 35
347 12 13 37
347 12 14 38
347 13 2 37
347 13 3 36
347 13 6 33
347 13 7 36
347 13 9 32
347 13 12 34
347 13 13 36
347 13 14 37
347 14 0 34
347 14 1 33
347 14 3 30
347 14 4 33
347 14 6 29
347 14 7 31
347 14 8 33
347 14 11 34
348 0 3 80
348 0 4 78
348 0 5 76
348 0 6 81
348 0 7 88
348 0 10 78
348 0 11 77
348 0 14 86
348 3 0 78
348 3 1 76
348 3 5 74
348 3 6 79
348 3 7 86
348 3 8 76
348 3 11 75
348 3 12 84
348 10 0 82
348 10 3 80
348 10 6 75
348 10 7 80
348 10 8 73
348 10 10 77
348 10 13 80
348 10 14 83
349 2 1 95
349 2 2 99
349 2 4 103
349 2 5 102
349 2 9 87
349 2 10 101
349 2 13 88
349 2 14 93
349 4 1 106
349 4 2 110
349 4 4 108
349 4 5 109
349 4 9 92
349 4 10 90
349 4 11 101
349 4 14 110
349 6 0 110
349 6 1 114
349 6 5 112
349 6 7 113
349 6 8 96
349 6 10 94
349 6 12 105
349 6 13 114
349 9 3 109
349 9 5 113
349 9 6 111
349 9 7 112
349 9 10 95
349 9 11 93
349 9 12 104
349 9 14 113
349 12 0 86
349 12 2 84
349 12 4 82
349 12 6 87
349 12 10 94
349 12 12 84
349 12 13 83
349 12 14 92
350 1 3 82
350 1 4 80
350 1 5 78
350 1 6 83
350 1 7 90
350 1 8 80
350 1 9 79
350 1 13 88
350 5 0 80
350 5 1 78
350 5 6 76
350 5 8 81
350 5 9 88
350 5 10 78
350 5 12 77
350 5 14 86
350 10 0 84
350 10 3 82
350 10 6 77
350 10 7 82
350 10 8 75
350 10 10 79
350 10 13 82
350 10 14 85
351 3 0 46
351 3 1 50
351 3 5 54
351 3 6 53
351 3 7 54
351 3 8 56
351 3 11 55
351 3 12 52
351 5 0 49
351 5 1 43
351 5 6 47
351 5 8 46
351 5 9 41
351 5 10 45
351 5 12 42
351 5 14 47
351 6 0 50
351 6 1 54
351 6 5 52
351 6 7 53
351 6 8 47
351 6 10 45
351 6 12 45
351 6 13 54
351 7 3 52
351 7 4 46
351 7 5 50
351 7 8 49
351 7 9 44
351 7 10 48
351 7 11 45
351 7 12 50
351 14 0 47
351 14 1 41
351 14 3 45
351 14 4 44
351 14 6 39
351 14 7 43
351 14 8 40
351 14 11 45
352 0 3 84
352 0 4 82
352 0 5 77
352 0 6 82
352 0 7 75
352 0 10 79
352 0 11 82
352 0 14 85
352 10 0 82
352 10 3 80
352 10 6 75
352 10 7 80
352 10 8 73
352 10 10 77
352 10 13 80
352 10 14 83
352 12 0 77
352 12 2 75
352 12 4 70
352 12 6 75
352 12 10 68
352 12 12 72
352 12 13 75
352 12 14 78
352 13 2 82
352 13 3 80
352 13 6 75
352 13 7 80
352 13 9 73
352 13 12 77
352 13 13 80
352 13 14 83
353 2 1 40
353 2 2 39
353 2 4 36
353 2 5 39
353 2 9 35
353 2 10 37
353 2 13 39
353 2 14 40
353 7 3 39
353 7 4 38
353 7 5 35
353 7 8 38
353 7 9 34
353 7 10 36
353 7 11 38
353 7 12 39
353 8 1 36
353 8 2 35
353 8 3 32
353 8 4 35
353 8 6 31
353 8 10 33
353 8 12 35
353 8 13 36
353 14 0 39
353 14 1 38
353 14 3 35
353 14 4 38
353 14 6 34
353 14 7 36
353 14 8 38
353 14 11 39
354 2 1 54
354 2 2 64
354 2 4 60
354 2 5 55
354 2 9 56
354 2 10 64
354 2 13 55
354 2 14 54
354 4 1 77
354 4 2 75
354 4 4 70
354 4 5 75
354 4 9 68
354 4 10 72
354 4 11 75
354 4 14 78
354 7 3 60
354 7 4 70
354 7 5 66
354 7 8 61
354 7 9 62
354 7 10 70
354 7 11 61
354 7 12 60
354 9 3 55
354 9 5 65
354 9 6 61
354 9 7 56
354 9 10 57
354 9 11 65
354 9 12 56
354 9 14 55
355 3 0 39
355 3 1 38
355 3 5 35
355 3 6 38
355 3 7 34
355 3 8 36
355 3 11 38
355 3 12 39
355 4 1 38
355 4 2 37
355 4 4 34
355 4 5 37
355 4 9 33
355 4 10 35
355 4 11 37
355 4 14 38
355 5 0 35
355 5 1 34
355 5 6 31
355 5 8 34
355 5 9 30
355 5 10 32
355 5 12 34
355 5 14 35
355 6 0 38
355 6 1 37
355 6 5 34
355 6 7 37
355 6 8 33
355 6 10 35
355 6 12 37
355 6 13 38
355 9 3 34
355 9 5 33
355 9 6 30
355 9 7 33
355 9 10 29
355 9 11 31
355 9 12 33
355 9 14 34
356 0 3 15
356 0 4 15
356 0 5 13
356 0 6 15
356 0 7 13
356 0 10 14
356 0 11 15
356 0 14 15
356 12 0 15
356 12 2 15
356 12 4 13
356 12 6 15
356 12 10 13
356 12 12 14
356 12 13 15
356 12 14 15
356 13 2 13
356 13 3 13
356 13 6 11
356 13 7 13
356 13 9 11
356 13 12 12
356 13 13 13
356 13 14 13
357 1 3 83
357 1 4 81
357 1 5 79
357 1 6 84
357 1 7 91
357 1 8 81
357 1 9 80
357 1 13 89
357 5 0 81
357 5 1 79
357 5 6 77
357 5 8 82
357 5 9 89
357 5 10 79
357 5 12 78
357 5 14 87
357 8 1 79
357 8 2 77
357 8 3 75
357 8 4 80
357 8 6 87
357 8 10 77
357 8 12 76
357 8 13 85
357 10 0 84
357 10 3 82
357 10 6 80
357 10 7 85
357 10 8 92
357 10 10 82
357 10 13 81
357 10 14 90
357 12 0 92
357 12 2 96
357 12 4 100
357 12 6 99
357 12 10 84
357 12 12 98
357 12 13 85
357 12 14 90
358 0 3 47
358 0 4 41
358 0 5 45
358 0 6 44
358 0 7 39
358 0 10 43
358 0 11 40
358 0 14 45
358 1 3 41
358 1 4 40
358 1 5 37
358 1 6 40
358 1 7 36
358 1 8 38
358 1 9 40
358 1 13 41
358 6 0 45
358 6 1 39
358 6 5 43
358 6 7 42
358 6 8 37
358 6 10 41
358 6 12 38
358 6 13 43
358 9 3 44
358 9 5 38
358 9 6 42
358 9 7 41
358 9 10 36
358 9 11 40
358 9 12 37
358 9 14 42
359 2 1 48
359 2 2 42
359 2 4 46
359 2 5 45
359 2 9 40
359 2 10 44
359 2 13 41
359 2 14 46
359 5 0 52
359 5 1 46
359 5 6 50
359 5 8 49
359 5 9 44
359 5 10 48
359 5 12 45
359 5 14 50
359 6 0 47
359 6 1 51
359 6 5 55
359 6 7 54
359 6 8 55
359 6 10 57
359 6 12 56
359 6 13 53
359 7 3 46
359 7 4 50
359 7 5 54
359 7 8 53
359 7 9 54
359 7 10 56
359 7 11 55
359 7 12 52
359 12 0 47
359 12 2 51
359 12 4 55
359 12 6 54
359 12 10 55
359 12 12 57
359 12 13 56
359 12 14 53
360 1 3 40
360 1 4 39
360 1 5 36
360 1 6 39
360 1 7 35
360 1 8 37
360 1 9 39
360 1 13 40
360 3 0 39
360 3 1 38
360 3 5 35
360 3 6 38
360 3 7 34
360 3 8 36
360 3 11 38
360 3 12 39
360 5 0 36
360 5 1 35
360 5 6 32
360 5 8 35
360 5 9 31
360 5 10 33
360 5 12 35
360 5 14 36
360 11 0 39
360 11 2 38
360 11 3 35
360 11 4 38
360 11 6 34
360 11 7 36
360 11 11 38
360 11 12 39
360 14 0 35
360 14 1 34
360 14 3 31
360 14 4 34
360 14 6 30
360 14 7 32
360 14 8 34
360 14 11 35
361 7 3 53
361 7 4 57
361 7 5 61
361 7 8 60
361 7 9 61
361 7 10 63
361 7 11 62
361 7 12 59
361 8 1 62
361 8 2 72
361 8 3 68
361 8 4 63
361 8 6 64
361 8 10 72
361 8 12 63
361 8 13 62
361 13 2 58
361 13 3 68
361 13 6 64
361 13 7 59
361 13 9 60
361 13 12 68
361 13 13 59
361 13 14 58
362 7 3 83
362 7 4 81
362 7 5 76
362 7 8 81
362 7 9 74
362 7 10 78
362 7 11 81
362 7 12 84
362 8 1 81
362 8 2 79
362 8 3 74
362 8 4 79
362 8 6 72
362 8 10 76
362 8 12 79
362 8 13 82
362 10 0 66
362 10 3 70
362 10 6 74
362 10 7 73
362 10 8 68
362 10 10 67
362 10 13 69
362 10 14 69
362 12 0 81
362 12 2 79
362 12 4 74
362 12 6 79
362 12 10 72
362 12 12 76
362 12 13 79
362 12 14 82
362 13 2 61
362 13 3 71
362 13 6 67
362 13 7 62
362 13 9 63
362 13 12 71
362 13 13 62
362 13 14 61
363 1 3 82
363 1 4 80
363 1 5 78
363 1 6 83
363 1 7 90
363 1 8 80
363 1 9 79
363 1 13 88
363 5 0 85
363 5 1 83
363 5 6 78
363 5 8 83
363 5 9 76
363 5 10 80
363 5 12 83
363 5 14 86
363 6 0 81
363 6 1 79
363 6 5 77
363 6 7 82
363 6 8 89
363 6 10 79
363 6 12 78
363 6 13 87
363 9 3 85
363 9 5 83
363 9 6 81
363 9 7 86
363 9 10 93
363 9 11 83
363 9 12 82
363 9 14 91
363 12 0 78
363 12 2 76
363 12 4 71
363 12 6 76
363 12 10 69
363 12 12 73
363 12 13 76
363 12 14 79
364 8 1 90
364 8 2 94
364 8 3 98
364 8 4 97
364 8 6 82
364 8 10 96
364 8 12 83
364 8 13 88
364 9 3 94
364 9 5 98
364 9 6 102
364 9 7 101
364 9 10 86
364 9 11 100
364 9 12 87
364 9 14 92
364 12 0 90
364 12 2 100
364 12 4 110
364 12 6 91
364 12 10 92
364 12 12 100
364 12 13 105
364 12 14 90
