Jobs:
0 1 2 3 4 5 6 7 8 9 10 11 12 13 14 15 16 17 18 19 20 21 22 23 24 25 26 27 28 29
Machines:
0 1 2 3 4 5 6 7 8 9 10 11 12 13 14
Workers:
0 1 2 3 4 5 6 7 8 9 10 11
Operations per job:
0 1 2 3 4 5 6 7 8 9
10 11 12 13 14 15 16 17 18 19 20 21 22 23
24 25 26 27 28 29 30 31 32 33 34 35 36 37 38
39 40 41 42 43 44 45 46 47 48 49 50 51 52
53 54 55 56 57 58 59 60 61 62 63 64 65 66 67
68 69 70 71 72 73 74 75 76 77 78
79 80 81 82 83 84 85 86 87 88 89 90 91 92
93 94 95 96 97 98 99 100 101 102 103 104
105 106 107 108 109 110 111 112 113 114 115 116 117 118
119 120 121 122 123 124 125 126 127 128 129 130 131 132 133
134 135 136 137 138 139 140 141 142 143 144 145
146 147 148 149 150 151 152 153 154 155 156 157 158 159
160 161 162 163 164 165 166 167 168 169 170 171 172 173
174 175 176 177 178 179 180 181 182 183 184 185
186 187 188 189 190 191 192 193 194 195 196 197
198 199 200 201 202 203 204 205 206 207 208 209 210 211
212 213 214 215 216 217 218 219 220 221 222 223
224 225 226 227 228 229 230 231 232 233 234
235 236 237 238 239 240 241 242 243 244 245 246 247 248
249 250 251 252 253 254 255 256 257 258 259
260 261 262 263 264 265 266 267 268 269 270 271 272
273 274 275 276 277 278 279 280 281 282 283
284 285 286 287 288 289 290 291 292 293 294 295 296
297 298 299 300 301 302 303 304 305 306 307
308 309 310 311 312 313 314 315 316 317
318 319 320 321 322 323 324 325 326 327 328 329 330
331 332 333 334 335 336 337 338 339 340 341 342
343 344 345 346 347 348 349 350 351 352
353 354 355 356 357 358 359 360 361 362 363 364
365 366 367 368 369 370 371 372 373 374
Predecessors per operation:

0
1
2
3
4
5
6
7
8

10
11
12
13
14
15
16
17
18
19
20
21
22

24
25
26
27
28
29
30
31
32
33
34
35
36
37

39
40
41
42
43
44
45
46
47
48
49
50
51

53
54
55
56
57
58
59
60
61
62
63
64
65
66

68
69
70
71
72
73
74
75
76
77

79
80
81
82
83
84
85
86
87
88
89
90
91

93
94
95
96
97
98
99
100
101
102
103

105
106
107
108
109
110
111
112
113
114
115
116
117

119
120
121
122
123
124
125
126
127
128
129
130
131
132

134
135
136
137
138
139
140
141
142
143
144

146
147
148
149
150
151
152
153
154
155
156
157
158

160
161
162
163
164
165
166
167
168
169
170
171
172

174
175
176
177
178
179
180
181
182
183
184

186
187
188
189
190
191
192
193
194
195
196

198
199
200
201
202
203
204
205
206
207
208
209
210

212
213
214
215
216
217
218
219
220
221
222

224
225
226
227
228
229
230
231
232
233

235
236
237
238
239
240
241
242
243
244
245
246
247

249
250
251
252
253
254
255
256
257
258

260
261
262
263
264
265
266
267
268
269
270
271

273
274
275
276
277
278
279
280
281
282

284
285
286
287
288
289
290
291
292
293
294
295

297
298
299
300
301
302
303
304
305
306

308
309
310
311
312
313
314
315
316

318
319
320
321
322
323
324
325
326
327
328
329

331
332
333
334
335
336
337
338
339
340
341

343
344
345
346
347
348
349
350
351

353
354
355
356
357
358
359
360
361
362
363

365
366
367
368
369
370
371
372
373
Successors per operation:
1
2
3
4
5
6
7
8
9

11
12
13
14
15
16
17
18
19
20
21
22
23

25
26
27
28
29
30
31
32
33
34
35
36
37
38

40
41
42
43
44
45
46
47
48
49
50
51
52

54
55
56
57
58
59
60
61
62
63
64
65
66
67

69
70
71
72
73
74
75
76
77
78

80
81
82
83
84
85
86
87
88
89
90
91
92

94
95
96
97
98
99
100
101
102
103
104

106
107
108
109
110
111
112
113
114
115
116
117
118

120
121
122
123
124
125
126
127
128
129
130
131
132
133

135
136
137
138
139
140
141
142
143
144
145

147
148
149
150
151
152
153
154
155
156
157
158
159

161
162
163
164
165
166
167
168
169
170
171
172
173

175
176
177
178
179
180
181
182
183
184
185

187
188
189
190
191
192
193
194
195
196
197

199
200
201
202
203
204
205
206
207
208
209
210
211

213
214
215
216
217
218
219
220
221
222
223

225
226
227
228
229
230
231
232
233
234

236
237
238
239
240
241
242
243
244
245
246
247
248

250
251
252
253
254
255
256
257
258
259

261
262
263
264
265
266
267
268
269
270
271
272

274
275
276
277
278
279
280
281
282
283

285
286
287
288
289
290
291
292
293
294
295
296

298
299
300
301
302
303
304
305
306
307

309
310
311
312
313
314
315
316
317

319
320
321
322
323
324
325
326
327
328
329
330

332
333
334
335
336
337
338
339
340
341
342

344
345
346
347
348
349
350
351
352

354
355
356
357
358
359
360
361
362
363
364

366
367
368
369
370
371
372
373
374

Machines per operation:
2 4 9
4 7 8 13
4 5 7 13 14
4 6 10 14
3 4 8 9 10
0 3 6 8
0 1 8 9
0 1 6 12 13
6 9 10 14
0 1 5 8 9
0 6 8 13 14
1 2 5 14
0 2 5 13
1 3 4 5 13
3 7 8 11 13
0 8 9 10
0 6 9 10 13
4 8 11 12
1 8 12 14
1 5 9 10
3 9 12
2 8 9 10
1 3 7
0 4 5 14
1 3 10
1 2 10
0 3 6 9 12
3 5 13
1 9 12 13 14
2 11 12
2 4 7 9 14
10 12 14
4 8 11 12 14
1 7 9 11
8 9 10
2 4 13
6 7 10
5 11 12 13
4 7 12 14
3 5 10
1 2 14
2 11 12
3 4 11 13
0 2 9 11 13
0 9 13
0 3 4 8 11
2 3 6 11 13
3 10 11
2 5 6
4 8 11 13
1 4 5 8 10
1 7 9 10
0 2 5 10 11
3 5 9
5 6 12
3 6 9 13 14
1 4 11 13
0 2 3 9 10
6 11 12 13 14
2 4 6 8 10
0 1 5 6 9
0 1 3 9 11
0 2 5
1 2 3 4
0 1 8 9 10
6 10 11 13
5 8 11 13 14
0 1 4
0 1 10 13
5 9 10 13
4 11 12 14
2 9 10
9 11 12 13 14
0 5 8 10 12
4 8 9 12
2 4 6 12 13
2 9 14
1 3 5 10
0 4 5 13
3 6 8
2 4 7 11 12
1 6 8
0 9 10 13
5 9 12
2 9 12
7 11 12
1 2 3 7
4 7 11
5 12 14
1 2 3 7
0 5 6
5 7 9 13 14
2 7 9 10 14
1 4 5
0 4 7 10
1 2 5 13 14
0 1 2 8 14
0 2 7 10 11
1 8 9
3 5 11 12
2 10 11 13
5 8 14
7 8 14
0 5 10
0 5 8 11 12
1 5 10
2 6 7 9
4 8 9 10 11
0 2 9 14
3 6 8 9
0 6 7
4 6 7 9 14
7 9 10 13 14
0 2 5 9
1 7 12
2 12 13
3 7 8 13
3 4 6 7
0 8 9 10 12
0 5 6 11
0 7 9 11
0 7 13
4 9 11
1 2 11
0 11 13
5 6 7
9 12 14
2 6 9 11
0 2 3 4 11
7 8 10
0 6 13
1 2 3 5 8
0 2 7 8
5 7 9 14
0 8 9 12 13
8 13 14
5 6 10 11 13
0 1 3 11
1 9 10
5 7 10 11
1 5 8 11 13
0 4 5 12 14
0 5 11 13
6 8 13
2 8 12
6 9 11 13 14
0 2 3 9 14
3 4 10 12
1 2 7 8 9
0 2 10
0 5 7 10 12
0 1 4 7 10
1 8 12 14
2 8 9 11 13
0 6 7 14
3 4 6 7
10 11 13
6 7 8
5 7 10 11
7 10 11 12 14
1 5 6 13
1 2 5 6 11
3 4 9 13
2 3 4
0 5 6 14
0 5 7 8
1 2 6
2 5 6 7 13
0 5 6 10 12
1 2 5 7
5 6 8 9 13
0 1 3 4
0 4 13 14
0 6 7
5 8 12 13
1 5 7 14
2 4 7 10 14
7 10 14
0 3 4 8 13
4 6 8 13 14
6 7 10 12
2 13 14
0 9 11 12 13
2 4 7 10 13
2 4 6 8
2 4 7 9 12
4 8 12 14
3 4 9
1 10 11 12 13
1 2 6 9 11
0 2 9 11 14
3 12 13
0 3 5 9
7 9 12
1 2 3 12 14
0 1 13 14
2 3 14
4 9 13
5 7 11
2 4 5 10 12
1 3 4 10 11
2 3 8 10
0 11 12
4 8 13
0 2 8 10 13
0 1 7 12
3 4 11
3 10 11 13
1 4 8 12 13
1 2 6 9
0 6 10 13
6 13 14
2 6 7 11 13
1 10 13
0 2 6 8 10
0 7 9 11 13
2 4 6 7 14
2 5 13 14
1 4 7 8
1 2 4 5 14
0 1 2 11
2 3 8 11 13
1 2 3 13
2 9 12 13
0 2 9 10 12
2 7 9 13
0 2 9 12
9 12 14
1 2 6 11
2 7 10 11
0 4 6 7
1 9 11 12 13
6 7 11
0 3 4 8 12
1 2 4 5 7
1 2 3 8
0 5 7 8 13
3 6 7
0 2 4 11 13
1 4 6
2 6 7
5 6 11
0 1 4 11 14
8 9 11 13 14
2 8 12
0 4 6
1 9 13
0 2 5 14
5 7 10 13
0 1 3 10
5 6 10 11
0 7 10 13 14
0 9 13
0 2 12
2 5 10 14
6 9 11
0 4 9 12 13
1 2 3 5 9
1 9 11
1 10 11 12 13
0 2 10 11 12
5 7 8
4 5 12 13
1 2 10 14
0 2 4 10 11
11 13 14
1 2 6 10 13
7 8 9 10 13
4 6 7 14
4 6 9 10 14
0 7 10 14
0 6 8
4 7 13
1 10 11
0 5 12
2 3 8 14
2 5 7
5 7 12
0 1 2 7 11
3 8 11
1 10 11
0 1 6 7 14
3 5 7 10 14
1 5 7
5 6 7 9 12
3 10 12
0 2 4 10
2 3 5 13
1 2 10 11
5 6 7 13
6 7 11
0 1 4 7 13
2 6 8
3 4 7
1 8 11 13
1 4 12 14
3 5 7 8
2 9 12
0 2 7 9 10
3 5 8 9 14
1 7 8 9 13
1 2 6 9 13
2 3 8 9
4 11 12 13 14
0 5 7 14
0 6 10 14
0 7 9
4 7 10 14
1 6 9 11
2 5 6 7
1 5 6
3 5 6 8
4 6 8 9
2 3 9 13 14
2 5 8
0 6 12 14
5 8 9 10 14
2 3 4 9 11
0 2 4
0 6 10 13
1 9 14
2 7 11 13
0 5 9 12 13
3 4 5 9 12
5 8 11
2 4 12
1 4 11 13
0 1 6 11 12
2 4 8 10 11
5 7 13
6 9 10
0 2 7 13 14
4 7 10 11
1 2 8 9 14
0 3 9
5 8 9
0 3 9
1 3 10 11
5 9 11 14
4 6 9 10 12
4 6 12
2 4 7
3 4 7 8 13
2 6 8 12
0 5 6 9 10
0 8 14
3 6 7 9 12
4 5 9 12 14
5 8 9 13
6 8 10 14
3 4 8 10
5 8 13
9 10 11 13
1 2 8 11 12
0 4 7 9
1 2 5
1 9 11
2 3 10
3 7 10 11 12
3 5 7 9 13
3 4 8 9
2 7 10
1 3 4 5 6
0 6 7 10 13
5 8 12 13
2 4 10 12 14
5 9 11 12
1 3 8 11 12
3 10 12
4 5 11
1 2 5 12
1 5 10
1 5 8 11
2 8 9
1 7 10 12 14
Processing times (o m w p):
0 2 0 80
0 2 1 80
0 2 2 84
0 2 3 78
0 2 6 76
0 2 7 73
0 2 9 87
0 2 10 86
0 4 0 74
0 4 1 78
0 4 2 80
0 4 5 73
0 4 6 80
0 4 7 77
0 4 10 84
0 4 11 83
0 9 0 82
0 9 3 80
0 9 5 87
0 9 6 80
0 9 7 81
0 9 9 89
0 9 10 80
0 9 11 90
1 4 0 68
1 4 1 72
1 4 2 74
1 4 5 67
1 4 6 74
1 4 7 71
1 4 10 78
1 4 11 77
1 7 0 72
1 7 1 76
1 7 3 78
1 7 5 71
1 7 6 78
1 7 8 75
1 7 9 82
1 7 10 81
1 8 1 74
1 8 5 78
1 8 6 80
1 8 7 73
1 8 8 80
1 8 9 77
1 8 10 84
1 8 11 83
1 13 0 67
1 13 1 71
1 13 2 73
1 13 5 66
1 13 7 73
1 13 8 70
1 13 9 77
1 13 10 76
2 4 0 19
2 4 1 23
2 4 2 24
2 4 5 23
2 4 6 24
2 4 7 20
2 4 10 23
2 4 11 21
2 5 0 19
2 5 1 23
2 5 3 24
2 5 4 23
2 5 5 24
2 5 6 20
2 5 7 23
2 5 11 21
2 7 0 22
2 7 1 22
2 7 3 20
2 7 5 20
2 7 6 21
2 7 8 21
2 7 9 22
2 7 10 22
2 13 0 22
2 13 1 22
2 13 2 20
2 13 5 20
2 13 7 21
2 13 8 21
2 13 9 22
2 13 10 22
2 14 1 18
2 14 2 22
2 14 3 23
2 14 6 22
2 14 8 23
2 14 9 19
2 14 10 22
2 14 11 20
3 4 0 35
3 4 1 37
3 4 2 38
3 4 5 34
3 4 6 38
3 4 7 36
3 4 10 40
3 4 11 39
3 6 0 37
3 6 3 39
3 6 4 40
3 6 5 36
3 6 6 40
3 6 8 38
3 6 9 42
3 6 10 41
3 10 0 42
3 10 1 40
3 10 3 38
3 10 5 40
3 10 6 41
3 10 7 40
3 10 10 40
3 10 11 41
3 14 1 34
3 14 2 36
3 14 3 37
3 14 6 33
3 14 8 37
3 14 9 35
3 14 10 39
3 14 11 38
4 3 1 15
4 3 3 16
4 3 4 16
4 3 5 14
4 3 6 16
4 3 8 15
4 3 9 17
4 3 11 17
4 4 0 16
4 4 1 17
4 4 2 17
4 4 5 15
4 4 6 17
4 4 7 16
4 4 10 18
4 4 11 18
4 8 1 16
4 8 5 17
4 8 6 17
4 8 7 15
4 8 8 17
4 8 9 16
4 8 10 18
4 8 11 18
4 9 0 14
4 9 3 15
4 9 5 15
4 9 6 13
4 9 7 15
4 9 9 14
4 9 10 16
4 9 11 16
4 10 0 16
4 10 1 17
4 10 3 17
4 10 5 15
4 10 6 17
4 10 7 16
4 10 10 18
4 10 11 18
5 0 1 20
5 0 2 24
5 0 4 25
5 0 6 24
5 0 7 25
5 0 8 21
5 0 10 24
5 0 11 22
5 3 1 24
5 3 3 28
5 3 4 29
5 3 5 28
5 3 6 29
5 3 8 25
5 3 9 28
5 3 11 26
5 6 0 25
5 6 3 29
5 6 4 30
5 6 5 29
5 6 6 30
5 6 8 26
5 6 9 29
5 6 10 27
5 8 1 24
5 8 5 28
5 8 6 29
5 8 7 28
5 8 8 29
5 8 9 25
5 8 10 28
5 8 11 26
6 0 1 71
6 0 2 71
6 0 4 64
6 0 6 69
6 0 7 68
6 0 8 70
6 0 10 67
6 0 11 61
6 1 0 68
6 1 1 72
6 1 2 74
6 1 4 67
6 1 6 74
6 1 7 71
6 1 8 78
6 1 9 77
6 8 1 70
6 8 5 74
6 8 6 76
6 8 7 69
6 8 8 76
6 8 9 73
6 8 10 80
6 8 11 79
6 9 0 70
6 9 3 70
6 9 5 63
6 9 6 68
6 9 7 67
6 9 9 69
6 9 10 66
6 9 11 60
7 0 1 8
7 0 2 9
7 0 4 9
7 0 6 8
7 0 7 9
7 0 8 8
7 0 10 9
7 0 11 9
7 1 0 9
7 1 1 10
7 1 2 11
7 1 4 10
7 1 6 11
7 1 7 10
7 1 8 10
7 1 9 11
7 6 0 10
7 6 3 11
7 6 4 11
7 6 5 9
7 6 6 11
7 6 8 10
7 6 9 12
7 6 10 12
7 12 0 9
7 12 3 10
7 12 4 11
7 12 7 10
7 12 8 11
7 12 9 10
7 12 10 10
7 12 11 11
7 13 0 10
7 13 1 11
7 13 2 11
7 13 5 9
7 13 7 11
7 13 8 10
7 13 9 12
7 13 10 12
8 6 0 75
8 6 3 79
8 6 4 81
8 6 5 74
8 6 6 81
8 6 8 78
8 6 9 85
8 6 10 84
8 9 0 73
8 9 3 77
8 9 5 79
8 9 6 72
8 9 7 79
8 9 9 76
8 9 10 83
8 9 11 82
8 10 0 81
8 10 1 79
8 10 3 86
8 10 5 79
8 10 6 80
8 10 7 88
8 10 10 79
8 10 11 89
8 14 1 73
8 14 2 77
8 14 3 79
8 14 6 72
8 14 8 79
8 14 9 76
8 14 10 83
8 14 11 82
9 0 1 40
9 0 2 40
9 0 4 43
9 0 6 38
9 0 7 39
9 0 8 39
9 0 10 40
9 0 11 40
9 1 0 40
9 1 1 40
9 1 2 43
9 1 4 38
9 1 6 39
9 1 7 39
9 1 8 40
9 1 9 40
9 5 0 43
9 5 1 43
9 5 3 46
9 5 4 41
9 5 5 42
9 5 6 42
9 5 7 43
9 5 11 43
9 8 1 37
9 8 5 39
9 8 6 40
9 8 7 36
9 8 8 40
9 8 9 38
9 8 10 42
9 8 11 41
9 9 0 42
9 9 3 40
9 9 5 38
9 9 6 40
9 9 7 41
9 9 9 40
9 9 10 40
9 9 11 41
10 0 1 54
10 0 2 52
10 0 4 59
10 0 6 58
10 0 7 59
10 0 8 55
10 0 10 58
10 0 11 50
10 6 0 52
10 6 3 50
10 6 4 57
10 6 5 56
10 6 6 57
10 6 8 53
10 6 9 56
10 6 10 48
10 8 1 59
10 8 5 57
10 8 6 64
10 8 7 63
10 8 8 64
10 8 9 60
10 8 10 63
10 8 11 55
10 13 0 58
10 13 1 56
10 13 2 63
10 13 5 62
10 13 7 63
10 13 8 59
10 13 9 62
10 13 10 54
10 14 1 59
10 14 2 57
10 14 3 64
10 14 6 63
10 14 8 64
10 14 9 60
10 14 10 63
10 14 11 55
11 1 0 15
11 1 1 16
11 1 2 16
11 1 4 14
11 1 6 16
11 1 7 15
11 1 8 17
11 1 9 17
11 2 0 16
11 2 1 17
11 2 2 17
11 2 3 15
11 2 6 17
11 2 7 16
11 2 9 18
11 2 10 18
11 5 0 16
11 5 1 17
11 5 3 17
11 5 4 15
11 5 5 17
11 5 6 16
11 5 7 18
11 5 11 18
11 14 1 14
11 14 2 15
11 14 3 15
11 14 6 13
11 14 8 15
11 14 9 14
11 14 10 16
11 14 11 16
12 0 1 72
12 0 2 72
12 0 4 65
12 0 6 70
12 0 7 69
12 0 8 71
12 0 10 68
12 0 11 62
12 2 0 69
12 2 1 73
12 2 2 75
12 2 3 68
12 2 6 75
12 2 7 72
12 2 9 79
12 2 10 78
12 5 0 71
12 5 1 75
12 5 3 77
12 5 4 70
12 5 5 77
12 5 6 74
12 5 7 81
12 5 11 80
12 13 0 71
12 13 1 71
12 13 2 64
12 13 5 69
12 13 7 68
12 13 8 70
12 13 9 67
12 13 10 61
13 1 0 67
13 1 1 71
13 1 2 73
13 1 4 66
13 1 6 73
13 1 7 70
13 1 8 77
13 1 9 76
13 3 1 67
13 3 3 71
13 3 4 73
13 3 5 66
13 3 6 73
13 3 8 70
13 3 9 77
13 3 11 76
13 4 0 67
13 4 1 67
13 4 2 60
13 4 5 65
13 4 6 64
13 4 7 66
13 4 10 63
13 4 11 57
13 5 0 72
13 5 1 72
13 5 3 65
13 5 4 70
13 5 5 69
13 5 6 71
13 5 7 68
13 5 11 62
13 13 0 71
13 13 1 71
13 13 2 64
13 13 5 69
13 13 7 68
13 13 8 70
13 13 9 67
13 13 10 61
14 3 1 68
14 3 3 68
14 3 4 61
14 3 5 66
14 3 6 65
14 3 8 67
14 3 9 64
14 3 11 58
14 7 0 68
14 7 1 68
14 7 3 61
14 7 5 66
14 7 6 65
14 7 8 67
14 7 9 64
14 7 10 58
14 8 1 58
14 8 5 56
14 8 6 63
14 8 7 62
14 8 8 63
14 8 9 59
14 8 10 62
14 8 11 54
14 11 1 66
14 11 2 66
14 11 3 59
14 11 7 64
14 11 8 63
14 11 9 65
14 11 10 62
14 11 11 56
14 13 0 65
14 13 1 65
14 13 2 58
14 13 5 63
14 13 7 62
14 13 8 64
14 13 9 61
14 13 10 55
15 0 1 72
15 0 2 72
15 0 4 65
15 0 6 70
15 0 7 69
15 0 8 71
15 0 10 68
15 0 11 62
15 8 1 69
15 8 5 73
15 8 6 75
15 8 7 68
15 8 8 75
15 8 9 72
15 8 10 79
15 8 11 78
15 9 0 71
15 9 3 75
15 9 5 77
15 9 6 70
15 9 7 77
15 9 9 74
15 9 10 81
15 9 11 80
15 10 0 71
15 10 1 71
15 10 3 64
15 10 5 69
15 10 6 68
15 10 7 70
15 10 10 67
15 10 11 61
16 0 1 30
16 0 2 32
16 0 4 33
16 0 6 29
16 0 7 33
16 0 8 31
16 0 10 35
16 0 11 34
16 6 0 32
16 6 3 34
16 6 4 35
16 6 5 31
16 6 6 35
16 6 8 33
16 6 9 37
16 6 10 36
16 9 0 33
16 9 3 35
16 9 5 36
16 9 6 32
16 9 7 36
16 9 9 34
16 9 10 38
16 9 11 37
16 10 0 29
16 10 1 31
16 10 3 32
16 10 5 28
16 10 6 32
16 10 7 30
16 10 10 34
16 10 11 33
16 13 0 33
16 13 1 35
16 13 2 36
16 13 5 32
16 13 7 36
16 13 8 34
16 13 9 38
16 13 10 37
17 4 0 44
17 4 1 44
17 4 2 47
17 4 5 42
17 4 6 43
17 4 7 43
17 4 10 44
17 4 11 44
17 8 1 44
17 8 5 44
17 8 6 47
17 8 7 42
17 8 8 43
17 8 9 43
17 8 10 44
17 8 11 44
17 11 1 47
17 11 2 47
17 11 3 50
17 11 7 45
17 11 8 46
17 11 9 46
17 11 10 47
17 11 11 47
17 12 0 42
17 12 3 42
17 12 4 45
17 12 7 40
17 12 8 41
17 12 9 41
17 12 10 42
17 12 11 42
18 1 0 17
18 1 1 18
18 1 2 18
18 1 4 16
18 1 6 18
18 1 7 17
18 1 8 19
18 1 9 19
18 8 1 19
18 8 5 23
18 8 6 24
18 8 7 23
18 8 8 24
18 8 9 20
18 8 10 23
18 8 11 21
18 12 0 20
18 12 3 24
18 12 4 25
18 12 7 24
18 12 8 25
18 12 9 21
18 12 10 24
18 12 11 22
18 14 1 19
18 14 2 23
18 14 3 24
18 14 6 23
18 14 8 24
18 14 9 20
18 14 10 23
18 14 11 21
19 1 0 57
19 1 1 55
19 1 2 62
19 1 4 61
19 1 6 62
19 1 7 58
19 1 8 61
19 1 9 53
19 5 0 55
19 5 1 53
19 5 3 60
19 5 4 59
19 5 5 60
19 5 6 56
19 5 7 59
19 5 11 51
19 9 0 65
19 9 3 65
19 9 5 58
19 9 6 63
19 9 7 62
19 9 9 64
19 9 10 61
19 9 11 55
19 10 0 64
19 10 1 64
19 10 3 57
19 10 5 62
19 10 6 61
19 10 7 63
19 10 10 60
19 10 11 54
20 3 1 79
20 3 3 77
20 3 4 84
20 3 5 77
20 3 6 78
20 3 8 86
20 3 9 77
20 3 11 87
20 9 0 80
20 9 3 80
20 9 5 84
20 9 6 78
20 9 7 76
20 9 9 73
20 9 10 87
20 9 11 86
20 12 0 84
20 12 3 82
20 12 4 89
20 12 7 82
20 12 8 83
20 12 9 91
20 12 10 82
20 12 11 92
21 2 0 100
21 2 1 90
21 2 2 93
21 2 3 88
21 2 6 89
21 2 7 89
21 2 9 100
21 2 10 100
21 8 1 83
21 8 5 81
21 8 6 88
21 8 7 81
21 8 8 82
21 8 9 90
21 8 10 81
21 8 11 91
21 9 0 86
21 9 3 84
21 9 5 91
21 9 6 84
21 9 7 85
21 9 9 93
21 9 10 84
21 9 11 94
21 10 0 81
21 10 1 79
21 10 3 86
21 10 5 79
21 10 6 80
21 10 7 88
21 10 10 79
21 10 11 89
22 1 0 65
22 1 1 65
22 1 2 58
22 1 4 63
22 1 6 62
22 1 7 64
22 1 8 61
22 1 9 55
22 3 1 55
22 3 3 53
22 3 4 60
22 3 5 59
22 3 6 60
22 3 8 56
22 3 9 59
22 3 11 51
22 7 0 67
22 7 1 67
22 7 3 60
22 7 5 65
22 7 6 64
22 7 8 66
22 7 9 63
22 7 10 57
23 0 1 71
23 0 2 71
23 0 4 64
23 0 6 69
23 0 7 68
23 0 8 70
23 0 10 67
23 0 11 61
23 4 0 68
23 4 1 72
23 4 2 74
23 4 5 67
23 4 6 74
23 4 7 71
23 4 10 78
23 4 11 77
23 5 0 70
23 5 1 74
23 5 3 76
23 5 4 69
23 5 5 76
23 5 6 73
23 5 7 80
23 5 11 79
23 14 1 70
23 14 2 70
23 14 3 63
23 14 6 68
23 14 8 67
23 14 9 69
23 14 10 66
23 14 11 60
24 1 0 72
24 1 1 67
24 1 2 65
24 1 4 70
24 1 6 71
24 1 7 76
24 1 8 67
24 1 9 77
24 3 1 72
24 3 3 67
24 3 4 65
24 3 5 70
24 3 6 71
24 3 8 76
24 3 9 67
24 3 11 77
24 10 0 66
24 10 1 66
24 10 3 59
24 10 5 64
24 10 6 63
24 10 7 65
24 10 10 62
24 10 11 56
25 1 0 17
25 1 1 18
25 1 2 18
25 1 4 16
25 1 6 18
25 1 7 17
25 1 8 19
25 1 9 19
25 2 0 18
25 2 1 19
25 2 2 19
25 2 3 17
25 2 6 19
25 2 7 18
25 2 9 20
25 2 10 20
25 10 0 18
25 10 1 19
25 10 3 19
25 10 5 17
25 10 6 19
25 10 7 18
25 10 10 20
25 10 11 20
26 0 1 11
26 0 2 12
26 0 4 12
26 0 6 10
26 0 7 12
26 0 8 11
26 0 10 13
26 0 11 13
26 3 1 12
26 3 3 13
26 3 4 13
26 3 5 11
26 3 6 13
26 3 8 12
26 3 9 14
26 3 11 14
26 6 0 12
26 6 3 13
26 6 4 13
26 6 5 11
26 6 6 13
26 6 8 12
26 6 9 14
26 6 10 14
26 9 0 10
26 9 3 11
26 9 5 11
26 9 6 9
26 9 7 11
26 9 9 10
26 9 10 12
26 9 11 12
26 12 0 12
26 12 3 13
26 12 4 13
26 12 7 11
26 12 8 13
26 12 9 12
26 12 10 14
26 12 11 14
27 3 1 97
27 3 3 87
27 3 4 90
27 3 5 85
27 3 6 86
27 3 8 86
27 3 9 97
27 3 11 97
27 5 0 93
27 5 1 100
27 5 3 107
27 5 4 91
27 5 5 104
27 5 6 106
27 5 7 103
27 5 11 104
27 13 0 102
27 13 1 104
27 13 2 117
27 13 5 102
27 13 7 113
27 13 8 103
27 13 9 112
27 13 10 106
28 1 0 22
28 1 1 22
28 1 2 20
28 1 4 20
28 1 6 21
28 1 7 21
28 1 8 22
28 1 9 22
28 9 0 21
28 9 3 25
28 9 5 26
28 9 6 25
28 9 7 26
28 9 9 22
28 9 10 25
28 9 11 23
28 12 0 22
28 12 3 26
28 12 4 27
28 12 7 26
28 12 8 27
28 12 9 23
28 12 10 26
28 12 11 24
28 13 0 21
28 13 1 25
28 13 2 26
28 13 5 25
28 13 7 26
28 13 8 22
28 13 9 25
28 13 10 23
28 14 1 22
28 14 2 26
28 14 3 27
28 14 6 26
28 14 8 27
28 14 9 23
28 14 10 26
28 14 11 24
29 2 0 80
29 2 1 80
29 2 2 84
29 2 3 78
29 2 6 76
29 2 7 73
29 2 9 87
29 2 10 86
29 11 1 74
29 11 2 78
29 11 3 80
29 11 7 73
29 11 8 80
29 11 9 77
29 11 10 84
29 11 11 83
29 12 0 82
29 12 3 80
29 12 4 87
29 12 7 80
29 12 8 81
29 12 9 89
29 12 10 80
29 12 11 90
30 2 0 93
30 2 1 100
30 2 2 107
30 2 3 91
30 2 6 104
30 2 7 106
30 2 9 103
30 2 10 104
30 4 0 96
30 4 1 89
30 4 2 94
30 4 5 83
30 4 6 86
30 4 7 86
30 4 10 97
30 4 11 91
30 7 0 97
30 7 1 87
30 7 3 90
30 7 5 85
30 7 6 86
30 7 8 86
30 7 9 97
30 7 10 97
30 9 0 85
30 9 3 83
30 9 5 90
30 9 6 83
30 9 7 84
30 9 9 92
30 9 10 83
30 9 11 93
30 14 1 86
30 14 2 84
30 14 3 91
30 14 6 84
30 14 8 85
30 14 9 93
30 14 10 84
30 14 11 94
31 10 0 17
31 10 1 18
31 10 3 18
31 10 5 16
31 10 6 18
31 10 7 17
31 10 10 19
31 10 11 19
31 12 0 19
31 12 3 23
31 12 4 24
31 12 7 23
31 12 8 24
31 12 9 20
31 12 10 23
31 12 11 21
31 14 1 20
31 14 2 24
31 14 3 25
31 14 6 24
31 14 8 25
31 14 9 21
31 14 10 24
31 14 11 22
32 4 0 68
32 4 1 72
32 4 2 74
32 4 5 67
32 4 6 74
32 4 7 71
32 4 10 78
32 4 11 77
32 8 1 68
32 8 5 72
32 8 6 74
32 8 7 67
32 8 8 74
32 8 9 71
32 8 10 78
32 8 11 77
32 11 1 68
32 11 2 68
32 11 3 61
32 11 7 66
32 11 8 65
32 11 9 67
32 11 10 64
32 11 11 58
32 12 0 72
32 12 3 67
32 12 4 65
32 12 7 70
32 12 8 71
32 12 9 76
32 12 10 67
32 12 11 77
32 14 1 72
32 14 2 72
32 14 3 65
32 14 6 70
32 14 8 69
32 14 9 71
32 14 10 68
32 14 11 62
33 1 0 81
33 1 1 79
33 1 2 86
33 1 4 79
33 1 6 80
33 1 7 88
33 1 8 79
33 1 9 89
33 7 0 79
33 7 1 77
33 7 3 84
33 7 5 77
33 7 6 78
33 7 8 86
33 7 9 77
33 7 10 87
33 9 0 86
33 9 3 84
33 9 5 91
33 9 6 84
33 9 7 85
33 9 9 93
33 9 10 84
33 9 11 94
33 11 1 79
33 11 2 77
33 11 3 84
33 11 7 77
33 11 8 78
33 11 9 86
33 11 10 77
33 11 11 87
34 8 1 56
34 8 5 54
34 8 6 61
34 8 7 60
34 8 8 61
34 8 9 57
34 8 10 60
34 8 11 52
34 9 0 54
34 9 3 52
34 9 5 59
34 9 6 58
34 9 7 59
34 9 9 55
34 9 10 58
34 9 11 50
34 10 0 64
34 10 1 64
34 10 3 57
34 10 5 62
34 10 6 61
34 10 7 63
34 10 10 60
34 10 11 54
35 2 0 20
35 2 1 24
35 2 2 25
35 2 3 24
35 2 6 25
35 2 7 21
35 2 9 24
35 2 10 22
35 4 0 24
35 4 1 28
35 4 2 29
35 4 5 28
35 4 6 29
35 4 7 25
35 4 10 28
35 4 11 26
35 13 0 25
35 13 1 29
35 13 2 30
35 13 5 29
35 13 7 30
35 13 8 26
35 13 9 29
35 13 10 27
36 6 0 54
36 6 3 52
36 6 4 59
36 6 5 58
36 6 6 59
36 6 8 55
36 6 9 58
36 6 10 50
36 7 0 52
36 7 1 50
36 7 3 57
36 7 5 56
36 7 6 57
36 7 8 53
36 7 9 56
36 7 10 48
36 10 0 59
36 10 1 57
36 10 3 64
36 10 5 63
36 10 6 64
36 10 7 60
36 10 10 63
36 10 11 55
37 5 0 34
37 5 1 36
37 5 3 37
37 5 4 33
37 5 5 37
37 5 6 35
37 5 7 39
37 5 11 38
37 11 1 36
37 11 2 38
37 11 3 39
37 11 7 35
37 11 8 39
37 11 9 37
37 11 10 41
37 11 11 40
37 12 0 37
37 12 3 39
37 12 4 40
37 12 7 36
37 12 8 40
37 12 9 38
37 12 10 42
37 12 11 41
37 13 0 33
37 13 1 35
37 13 2 36
37 13 5 32
37 13 7 36
37 13 8 34
37 13 9 38
37 13 10 37
38 4 0 72
38 4 1 72
38 4 2 65
38 4 5 70
38 4 6 69
38 4 7 71
38 4 10 68
38 4 11 62
38 7 0 69
38 7 1 73
38 7 3 75
38 7 5 68
38 7 6 75
38 7 8 72
38 7 9 79
38 7 10 78
38 12 0 71
38 12 3 75
38 12 4 77
38 12 7 70
38 12 8 77
38 12 9 74
38 12 10 81
38 12 11 80
38 14 1 71
38 14 2 71
38 14 3 64
38 14 6 69
38 14 8 68
38 14 9 70
38 14 10 67
38 14 11 61
39 3 1 99
39 3 3 89
39 3 4 92
39 3 5 87
39 3 6 88
39 3 8 88
39 3 9 99
39 3 11 99
39 5 0 82
39 5 1 80
39 5 3 87
39 5 4 80
39 5 5 81
39 5 6 89
39 5 7 80
39 5 11 90
39 10 0 85
39 10 1 83
39 10 3 90
39 10 5 83
39 10 6 84
39 10 7 92
39 10 10 83
39 10 11 93
40 1 0 19
40 1 1 23
40 1 2 24
40 1 4 23
40 1 6 24
40 1 7 20
40 1 8 23
40 1 9 21
40 2 0 23
40 2 1 27
40 2 2 28
40 2 3 27
40 2 6 28
40 2 7 24
40 2 9 27
40 2 10 25
40 14 1 24
40 14 2 28
40 14 3 29
40 14 6 28
40 14 8 29
40 14 9 25
40 14 10 28
40 14 11 26
41 2 0 14
41 2 1 15
41 2 2 15
41 2 3 13
41 2 6 15
41 2 7 14
41 2 9 16
41 2 10 16
41 11 1 15
41 11 2 16
41 11 3 16
41 11 7 14
41 11 8 16
41 11 9 15
41 11 10 17
41 11 11 17
41 12 0 15
41 12 3 16
41 12 4 16
41 12 7 14
41 12 8 16
41 12 9 15
41 12 10 17
41 12 11 17
42 3 1 26
42 3 3 30
42 3 4 31
42 3 5 30
42 3 6 31
42 3 8 27
42 3 9 30
42 3 11 28
42 4 0 29
42 4 1 31
42 4 2 32
42 4 5 28
42 4 6 32
42 4 7 30
42 4 10 34
42 4 11 33
42 11 1 30
42 11 2 32
42 11 3 33
42 11 7 29
42 11 8 33
42 11 9 31
42 11 10 35
42 11 11 34
42 13 0 25
42 13 1 29
42 13 2 30
42 13 5 29
42 13 7 30
42 13 8 26
42 13 9 29
42 13 10 27
43 0 1 16
43 0 2 17
43 0 4 17
43 0 6 15
43 0 7 17
43 0 8 16
43 0 10 18
43 0 11 18
43 2 0 17
43 2 1 18
43 2 2 18
43 2 3 16
43 2 6 18
43 2 7 17
43 2 9 19
43 2 10 19
43 9 0 17
43 9 3 18
43 9 5 18
43 9 6 16
43 9 7 18
43 9 9 17
43 9 10 19
43 9 11 19
43 11 1 15
43 11 2 16
43 11 3 16
43 11 7 14
43 11 8 16
43 11 9 15
43 11 10 17
43 11 11 17
43 13 0 17
43 13 1 18
43 13 2 18
43 13 5 16
43 13 7 18
43 13 8 17
43 13 9 19
43 13 10 19
44 0 1 42
44 0 2 40
44 0 4 38
44 0 6 40
44 0 7 41
44 0 8 40
44 0 10 40
44 0 11 41
44 9 0 42
44 9 3 40
44 9 5 38
44 9 6 40
44 9 7 41
44 9 9 40
44 9 10 40
44 9 11 41
44 13 0 42
44 13 1 42
44 13 2 45
44 13 5 40
44 13 7 41
44 13 8 41
44 13 9 42
44 13 10 42
45 0 1 71
45 0 2 75
45 0 4 77
45 0 6 70
45 0 7 77
45 0 8 74
45 0 10 81
45 0 11 80
45 3 1 75
45 3 3 79
45 3 4 81
45 3 5 74
45 3 6 81
45 3 8 78
45 3 9 85
45 3 11 84
45 4 0 78
45 4 1 76
45 4 2 83
45 4 5 76
45 4 6 77
45 4 7 85
45 4 10 76
45 4 11 86
45 8 1 70
45 8 5 74
45 8 6 76
45 8 7 69
45 8 8 76
45 8 9 73
45 8 10 80
45 8 11 79
45 11 1 78
45 11 2 76
45 11 3 83
45 11 7 76
45 11 8 77
45 11 9 85
45 11 10 76
45 11 11 86
46 2 0 40
46 2 1 40
46 2 2 43
46 2 3 38
46 2 6 39
46 2 7 39
46 2 9 40
46 2 10 40
46 3 1 40
46 3 3 40
46 3 4 43
46 3 5 38
46 3 6 39
46 3 8 39
46 3 9 40
46 3 11 40
46 6 0 43
46 6 3 43
46 6 4 46
46 6 5 41
46 6 6 42
46 6 8 42
46 6 9 43
46 6 10 43
46 11 1 37
46 11 2 39
46 11 3 40
46 11 7 36
46 11 8 40
46 11 9 38
46 11 10 42
46 11 11 41
46 13 0 42
46 13 1 40
46 13 2 38
46 13 5 40
46 13 7 41
46 13 8 40
46 13 9 40
46 13 10 41
47 3 1 98
47 3 3 100
47 3 4 113
47 3 5 98
47 3 6 109
47 3 8 99
47 3 9 108
47 3 11 102
47 10 0 97
47 10 1 87
47 10 3 90
47 10 5 85
47 10 6 86
47 10 7 86
47 10 10 97
47 10 11 97
47 11 1 100
47 11 2 90
47 11 3 93
47 11 7 88
47 11 8 89
47 11 9 89
47 11 10 100
47 11 11 100
48 2 0 97
48 2 1 99
48 2 2 112
48 2 3 97
48 2 6 108
48 2 7 98
48 2 9 107
48 2 10 101
48 5 0 96
48 5 1 86
48 5 3 89
48 5 4 84
48 5 5 85
48 5 6 85
48 5 7 96
48 5 11 96
48 6 0 99
48 6 3 89
48 6 4 92
48 6 5 87
48 6 6 88
48 6 8 88
48 6 9 99
48 6 10 99
49 4 0 69
49 4 1 69
49 4 2 62
49 4 5 67
49 4 6 66
49 4 7 68
49 4 10 65
49 4 11 59
49 8 1 69
49 8 5 69
49 8 6 62
49 8 7 67
49 8 8 66
49 8 9 68
49 8 10 65
49 8 11 59
49 11 1 59
49 11 2 57
49 11 3 64
49 11 7 63
49 11 8 64
49 11 9 60
49 11 10 63
49 11 11 55
49 13 0 67
49 13 1 67
49 13 2 60
49 13 5 65
49 13 7 64
49 13 8 66
49 13 9 63
49 13 10 57
50 1 0 29
50 1 1 31
50 1 2 32
50 1 4 28
50 1 6 32
50 1 7 30
50 1 8 34
50 1 9 33
50 4 0 31
50 4 1 33
50 4 2 34
50 4 5 30
50 4 6 34
50 4 7 32
50 4 10 36
50 4 11 35
50 5 0 32
50 5 1 34
50 5 3 35
50 5 4 31
50 5 5 35
50 5 6 33
50 5 7 37
50 5 11 36
50 8 1 30
50 8 5 30
50 8 6 30
50 8 7 28
50 8 8 27
50 8 9 29
50 8 10 33
50 8 11 27
50 10 0 32
50 10 1 34
50 10 3 35
50 10 5 31
50 10 6 35
50 10 7 33
50 10 10 37
50 10 11 36
51 1 0 67
51 1 1 71
51 1 2 73
51 1 4 66
51 1 6 73
51 1 7 70
51 1 8 77
51 1 9 76
51 7 0 67
51 7 1 71
51 7 3 73
51 7 5 66
51 7 6 73
51 7 8 70
51 7 9 77
51 7 10 76
51 9 0 67
51 9 3 67
51 9 5 60
51 9 6 65
51 9 7 64
51 9 9 66
51 9 10 63
51 9 11 57
51 10 0 72
51 10 1 72
51 10 3 65
51 10 5 70
51 10 6 69
51 10 7 71
51 10 10 68
51 10 11 62
52 0 1 34
52 0 2 36
52 0 4 37
52 0 6 33
52 0 7 37
52 0 8 35
52 0 10 39
52 0 11 38
52 2 0 36
52 2 1 38
52 2 2 39
52 2 3 35
52 2 6 39
52 2 7 37
52 2 9 41
52 2 10 40
52 5 0 37
52 5 1 39
52 5 3 40
52 5 4 36
52 5 5 40
52 5 6 38
52 5 7 42
52 5 11 41
52 10 0 33
52 10 1 35
52 10 3 36
52 10 5 32
52 10 6 36
52 10 7 34
52 10 10 38
52 10 11 37
52 11 1 37
52 11 2 39
52 11 3 40
52 11 7 36
52 11 8 40
52 11 9 38
52 11 10 42
52 11 11 41
53 3 1 21
53 3 3 25
53 3 4 26
53 3 5 25
53 3 6 26
53 3 8 22
53 3 9 25
53 3 11 23
53 5 0 25
53 5 1 29
53 5 3 30
53 5 4 29
53 5 5 30
53 5 6 26
53 5 7 29
53 5 11 27
53 9 0 26
53 9 3 30
53 9 5 31
53 9 6 30
53 9 7 31
53 9 9 27
53 9 10 30
53 9 11 28
54 5 0 33
54 5 1 35
54 5 3 36
54 5 4 32
54 5 5 36
54 5 6 34
54 5 7 38
54 5 11 37
54 6 0 35
54 6 3 37
54 6 4 38
54 6 5 34
54 6 6 38
54 6 8 36
54 6 9 40
54 6 10 39
54 12 0 36
54 12 3 38
54 12 4 39
54 12 7 35
54 12 8 39
54 12 9 37
54 12 10 41
54 12 11 40
55 3 1 47
55 3 3 47
55 3 4 50
55 3 5 45
55 3 6 46
55 3 8 46
55 3 9 47
55 3 11 47
55 6 0 47
55 6 3 47
55 6 4 50
55 6 5 45
55 6 6 46
55 6 8 46
55 6 9 47
55 6 10 47
55 9 0 51
55 9 3 49
55 9 5 56
55 9 6 55
55 9 7 56
55 9 9 52
55 9 10 55
55 9 11 47
55 13 0 45
55 13 1 45
55 13 2 48
55 13 5 43
55 13 7 44
55 13 8 44
55 13 9 45
55 13 10 45
55 14 1 46
55 14 2 46
55 14 3 49
55 14 6 44
55 14 8 45
55 14 9 45
55 14 10 46
55 14 11 46
56 1 0 19
56 1 1 23
56 1 2 24
56 1 4 23
56 1 6 24
56 1 7 20
56 1 8 23
56 1 9 21
56 4 0 23
56 4 1 27
56 4 2 28
56 4 5 27
56 4 6 28
56 4 7 24
56 4 10 27
56 4 11 25
56 11 1 24
56 11 2 28
56 11 3 29
56 11 7 28
56 11 8 29
56 11 9 25
56 11 10 28
56 11 11 26
56 13 0 23
56 13 1 27
56 13 2 28
56 13 5 27
56 13 7 28
56 13 8 24
56 13 9 27
56 13 10 25
57 0 1 71
57 0 2 71
57 0 4 64
57 0 6 69
57 0 7 68
57 0 8 70
57 0 10 67
57 0 11 61
57 2 0 68
57 2 1 72
57 2 2 74
57 2 3 67
57 2 6 74
57 2 7 71
57 2 9 78
57 2 10 77
57 3 1 70
57 3 3 74
57 3 4 76
57 3 5 69
57 3 6 76
57 3 8 73
57 3 9 80
57 3 11 79
57 9 0 70
57 9 3 70
57 9 5 63
57 9 6 68
57 9 7 67
57 9 9 69
57 9 10 66
57 9 11 60
57 10 0 70
57 10 1 74
57 10 3 76
57 10 5 69
57 10 6 76
57 10 7 73
57 10 10 80
57 10 11 79
58 6 0 68
58 6 3 68
58 6 4 61
58 6 5 66
58 6 6 65
58 6 8 67
58 6 9 64
58 6 10 58
58 11 1 68
58 11 2 68
58 11 3 61
58 11 7 66
58 11 8 65
58 11 9 67
58 11 10 64
58 11 11 58
58 12 0 58
58 12 3 56
58 12 4 63
58 12 7 62
58 12 8 63
58 12 9 59
58 12 10 62
58 12 11 54
58 13 0 66
58 13 1 66
58 13 2 59
58 13 5 64
58 13 7 63
58 13 8 65
58 13 9 62
58 13 10 56
58 14 1 65
58 14 2 65
58 14 3 58
58 14 6 63
58 14 8 62
58 14 9 64
58 14 10 61
58 14 11 55
59 2 0 11
59 2 1 12
59 2 2 12
59 2 3 10
59 2 6 12
59 2 7 11
59 2 9 13
59 2 10 13
59 4 0 12
59 4 1 13
59 4 2 13
59 4 5 11
59 4 6 13
59 4 7 12
59 4 10 14
59 4 11 14
59 6 0 12
59 6 3 13
59 6 4 13
59 6 5 11
59 6 6 13
59 6 8 12
59 6 9 14
59 6 10 14
59 8 1 10
59 8 5 11
59 8 6 11
59 8 7 9
59 8 8 11
59 8 9 10
59 8 10 12
59 8 11 12
59 10 0 12
59 10 1 13
59 10 3 13
59 10 5 11
59 10 6 13
59 10 7 12
59 10 10 14
59 10 11 14
60 0 1 30
60 0 2 30
60 0 4 30
60 0 6 28
60 0 7 27
60 0 8 29
60 0 10 33
60 0 11 27
60 1 0 30
60 1 1 32
60 1 2 33
60 1 4 29
60 1 6 33
60 1 7 31
60 1 8 35
60 1 9 34
60 5 0 31
60 5 1 33
60 5 3 34
60 5 4 30
60 5 5 34
60 5 6 32
60 5 7 36
60 5 11 35
60 6 0 26
60 6 3 30
60 6 4 31
60 6 5 30
60 6 6 31
60 6 8 27
60 6 9 30
60 6 10 28
60 9 0 31
60 9 3 33
60 9 5 34
60 9 6 30
60 9 7 34
60 9 9 32
60 9 10 36
60 9 11 35
61 0 1 51
61 0 2 49
61 0 4 56
61 0 6 55
61 0 7 56
61 0 8 52
61 0 10 55
61 0 11 47
61 1 0 53
61 1 1 51
61 1 2 58
61 1 4 57
61 1 6 58
61 1 7 54
61 1 8 57
61 1 9 49
61 3 1 55
61 3 3 53
61 3 4 60
61 3 5 59
61 3 6 60
61 3 8 56
61 3 9 59
61 3 11 51
61 9 0 51
61 9 3 49
61 9 5 56
61 9 6 55
61 9 7 56
61 9 9 52
61 9 10 55
61 9 11 47
61 11 1 51
61 11 2 49
61 11 3 56
61 11 7 55
61 11 8 56
61 11 9 52
61 11 10 55
61 11 11 47
62 0 1 82
62 0 2 80
62 0 4 87
62 0 6 80
62 0 7 81
62 0 8 89
62 0 10 80
62 0 11 90
62 2 0 80
62 2 1 78
62 2 2 85
62 2 3 78
62 2 6 79
62 2 7 87
62 2 9 78
62 2 10 88
62 5 0 96
62 5 1 89
62 5 3 94
62 5 4 83
62 5 5 86
62 5 6 86
62 5 7 97
62 5 11 91
63 1 0 55
63 1 1 53
63 1 2 60
63 1 4 59
63 1 6 60
63 1 7 56
63 1 8 59
63 1 9 51
63 2 0 53
63 2 1 51
63 2 2 58
63 2 3 57
63 2 6 58
63 2 7 54
63 2 9 57
63 2 10 49
63 3 1 62
63 3 3 55
63 3 4 64
63 3 5 57
63 3 6 61
63 3 8 57
63 3 9 64
63 3 11 54
63 4 0 59
63 4 1 57
63 4 2 64
63 4 5 63
63 4 6 64
63 4 7 60
63 4 10 63
63 4 11 55
64 0 1 70
64 0 2 74
64 0 4 76
64 0 6 69
64 0 7 76
64 0 8 73
64 0 10 80
64 0 11 79
64 1 0 74
64 1 1 78
64 1 2 80
64 1 4 73
64 1 6 80
64 1 7 77
64 1 8 84
64 1 9 83
64 8 1 80
64 8 5 80
64 8 6 84
64 8 7 78
64 8 8 76
64 8 9 73
64 8 10 87
64 8 11 86
64 9 0 69
64 9 3 73
64 9 5 75
64 9 6 68
64 9 7 75
64 9 9 72
64 9 10 79
64 9 11 78
64 10 0 80
64 10 1 80
64 10 3 84
64 10 5 78
64 10 6 76
64 10 7 73
64 10 10 87
64 10 11 86
65 6 0 56
65 6 3 54
65 6 4 61
65 6 5 60
65 6 6 61
65 6 8 57
65 6 9 60
65 6 10 52
65 10 0 54
65 10 1 52
65 10 3 59
65 10 5 58
65 10 6 59
65 10 7 55
65 10 10 58
65 10 11 50
65 11 1 64
65 11 2 64
65 11 3 57
65 11 7 62
65 11 8 61
65 11 9 63
65 11 10 60
65 11 11 54
65 13 0 62
65 13 1 55
65 13 2 64
65 13 5 57
65 13 7 61
65 13 8 57
65 13 9 64
65 13 10 54
66 5 0 19
66 5 1 23
66 5 3 24
66 5 4 23
66 5 5 24
66 5 6 20
66 5 7 23
66 5 11 21
66 8 1 19
66 8 5 23
66 8 6 24
66 8 7 23
66 8 8 24
66 8 9 20
66 8 10 23
66 8 11 21
66 11 1 22
66 11 2 22
66 11 3 20
66 11 7 20
66 11 8 21
66 11 9 21
66 11 10 22
66 11 11 22
66 13 0 22
66 13 1 22
66 13 2 20
66 13 5 20
66 13 7 21
66 13 8 21
66 13 9 22
66 13 10 22
66 14 1 18
66 14 2 22
66 14 3 23
66 14 6 22
66 14 8 23
66 14 9 19
66 14 10 22
66 14 11 20
67 0 1 100
67 0 2 90
67 0 4 93
67 0 6 88
67 0 7 89
67 0 8 89
67 0 10 100
67 0 11 100
67 1 0 86
67 1 1 84
67 1 2 91
67 1 4 84
67 1 6 85
67 1 7 93
67 1 8 84
67 1 9 94
67 4 0 98
67 4 1 88
67 4 2 91
67 4 5 86
67 4 6 87
67 4 7 87
67 4 10 98
67 4 11 98
68 0 1 13
68 0 2 14
68 0 4 14
68 0 6 12
68 0 7 14
68 0 8 13
68 0 10 15
68 0 11 15
68 1 0 14
68 1 1 15
68 1 2 15
68 1 4 13
68 1 6 15
68 1 7 14
68 1 8 16
68 1 9 16
68 10 0 14
68 10 1 15
68 10 3 15
68 10 5 13
68 10 6 15
68 10 7 14
68 10 10 16
68 10 11 16
68 13 0 12
68 13 1 13
68 13 2 13
68 13 5 11
68 13 7 13
68 13 8 12
68 13 9 14
68 13 10 14
69 5 0 80
69 5 1 80
69 5 3 84
69 5 4 78
69 5 5 76
69 5 6 73
69 5 7 87
69 5 11 86
69 9 0 74
69 9 3 78
69 9 5 80
69 9 6 73
69 9 7 80
69 9 9 77
69 9 10 84
69 9 11 83
69 10 0 82
69 10 1 80
69 10 3 87
69 10 5 80
69 10 6 81
69 10 7 89
69 10 10 80
69 10 11 90
69 13 0 74
69 13 1 78
69 13 2 80
69 13 5 73
69 13 7 80
69 13 8 77
69 13 9 84
69 13 10 83
70 4 0 13
70 4 1 14
70 4 2 14
70 4 5 12
70 4 6 14
70 4 7 13
70 4 10 15
70 4 11 15
70 11 1 14
70 11 2 15
70 11 3 15
70 11 7 13
70 11 8 15
70 11 9 14
70 11 10 16
70 11 11 16
70 12 0 14
70 12 3 15
70 12 4 15
70 12 7 13
70 12 8 15
70 12 9 14
70 12 10 16
70 12 11 16
70 14 1 12
70 14 2 13
70 14 3 13
70 14 6 11
70 14 8 13
70 14 9 12
70 14 10 14
70 14 11 14
71 2 0 58
71 2 1 56
71 2 2 63
71 2 3 62
71 2 6 63
71 2 7 59
71 2 9 62
71 2 10 54
71 9 0 56
71 9 3 54
71 9 5 61
71 9 6 60
71 9 7 61
71 9 9 57
71 9 10 60
71 9 11 52
71 10 0 66
71 10 1 66
71 10 3 59
71 10 5 64
71 10 6 63
71 10 7 65
71 10 10 62
71 10 11 56
72 9 0 67
72 9 3 67
72 9 5 60
72 9 6 65
72 9 7 64
72 9 9 66
72 9 10 63
72 9 11 57
72 11 1 67
72 11 2 67
72 11 3 60
72 11 7 65
72 11 8 64
72 11 9 66
72 11 10 63
72 11 11 57
72 12 0 57
72 12 3 55
72 12 4 62
72 12 7 61
72 12 8 62
72 12 9 58
72 12 10 61
72 12 11 53
72 13 0 65
72 13 1 65
72 13 2 58
72 13 5 63
72 13 7 62
72 13 8 64
72 13 9 61
72 13 10 55
72 14 1 64
72 14 2 64
72 14 3 57
72 14 6 62
72 14 8 61
72 14 9 63
72 14 10 60
72 14 11 54
73 0 1 51
73 0 2 49
73 0 4 56
73 0 6 55
73 0 7 56
73 0 8 52
73 0 10 55
73 0 11 47
73 5 0 48
73 5 1 48
73 5 3 51
73 5 4 46
73 5 5 47
73 5 6 47
73 5 7 48
73 5 11 48
73 8 1 56
73 8 5 54
73 8 6 61
73 8 7 60
73 8 8 61
73 8 9 57
73 8 10 60
73 8 11 52
73 10 0 55
73 10 1 53
73 10 3 60
73 10 5 59
73 10 6 60
73 10 7 56
73 10 10 59
73 10 11 51
73 12 0 56
73 12 3 54
73 12 4 61
73 12 7 60
73 12 8 61
73 12 9 57
73 12 10 60
73 12 11 52
74 4 0 68
74 4 1 68
74 4 2 61
74 4 5 66
74 4 6 65
74 4 7 67
74 4 10 64
74 4 11 58
74 8 1 68
74 8 5 68
74 8 6 61
74 8 7 66
74 8 8 65
74 8 9 67
74 8 10 64
74 8 11 58
74 9 0 58
74 9 3 56
74 9 5 63
74 9 6 62
74 9 7 63
74 9 9 59
74 9 10 62
74 9 11 54
74 12 0 66
74 12 3 66
74 12 4 59
74 12 7 64
74 12 8 63
74 12 9 65
74 12 10 62
74 12 11 56
75 2 0 96
75 2 1 98
75 2 2 111
75 2 3 96
75 2 6 107
75 2 7 97
75 2 9 106
75 2 10 100
75 4 0 95
75 4 1 85
75 4 2 88
75 4 5 83
75 4 6 84
75 4 7 84
75 4 10 95
75 4 11 95
75 6 0 98
75 6 3 88
75 6 4 91
75 6 5 86
75 6 6 87
75 6 8 87
75 6 9 98
75 6 10 98
75 12 0 86
75 12 3 84
75 12 4 91
75 12 7 84
75 12 8 85
75 12 9 93
75 12 10 84
75 12 11 94
75 13 0 96
75 13 1 89
75 13 2 94
75 13 5 83
75 13 7 86
75 13 8 86
75 13 9 97
75 13 10 91
76 2 0 57
76 2 1 55
76 2 2 62
76 2 3 61
76 2 6 62
76 2 7 58
76 2 9 61
76 2 10 53
76 9 0 55
76 9 3 53
76 9 5 60
76 9 6 59
76 9 7 60
76 9 9 56
76 9 10 59
76 9 11 51
76 14 1 65
76 14 2 65
76 14 3 58
76 14 6 63
76 14 8 62
76 14 9 64
76 14 10 61
76 14 11 55
77 1 0 56
77 1 1 54
77 1 2 61
77 1 4 60
77 1 6 61
77 1 7 57
77 1 8 60
77 1 9 52
77 3 1 54
77 3 3 52
77 3 4 59
77 3 5 58
77 3 6 59
77 3 8 55
77 3 9 58
77 3 11 50
77 5 0 64
77 5 1 64
77 5 3 57
77 5 4 62
77 5 5 61
77 5 6 63
77 5 7 60
77 5 11 54
77 10 0 62
77 10 1 55
77 10 3 64
77 10 5 57
77 10 6 61
77 10 7 57
77 10 10 64
77 10 11 54
78 0 1 100
78 0 2 90
78 0 4 93
78 0 6 88
78 0 7 89
78 0 8 89
78 0 10 100
78 0 11 100
78 4 0 83
78 4 1 81
78 4 2 88
78 4 5 81
78 4 6 82
78 4 7 90
78 4 10 81
78 4 11 91
78 5 0 86
78 5 1 84
78 5 3 91
78 5 4 84
78 5 5 85
78 5 6 93
78 5 7 84
78 5 11 94
78 13 0 81
78 13 1 79
78 13 2 86
78 13 5 79
78 13 7 80
78 13 8 88
78 13 9 79
78 13 10 89
79 3 1 12
79 3 3 13
79 3 4 13
79 3 5 11
79 3 6 13
79 3 8 12
79 3 9 14
79 3 11 14
79 6 0 13
79 6 3 14
79 6 4 14
79 6 5 12
79 6 6 14
79 6 8 13
79 6 9 15
79 6 10 15
79 8 1 13
79 8 5 14
79 8 6 14
79 8 7 12
79 8 8 14
79 8 9 13
79 8 10 15
79 8 11 15
80 2 0 53
80 2 1 51
80 2 2 58
80 2 3 57
80 2 6 58
80 2 7 54
80 2 9 57
80 2 10 49
80 4 0 51
80 4 1 49
80 4 2 56
80 4 5 55
80 4 6 56
80 4 7 52
80 4 10 55
80 4 11 47
80 7 0 58
80 7 1 56
80 7 3 63
80 7 5 62
80 7 6 63
80 7 8 59
80 7 9 62
80 7 10 54
80 11 1 57
80 11 2 55
80 11 3 62
80 11 7 61
80 11 8 62
80 11 9 58
80 11 10 61
80 11 11 53
80 12 0 58
80 12 3 56
80 12 4 63
80 12 7 62
80 12 8 63
80 12 9 59
80 12 10 62
80 12 11 54
81 1 0 46
81 1 1 46
81 1 2 49
81 1 4 44
81 1 6 45
81 1 7 45
81 1 8 46
81 1 9 46
81 6 0 46
81 6 3 46
81 6 4 49
81 6 5 44
81 6 6 45
81 6 8 45
81 6 9 46
81 6 10 46
81 8 1 51
81 8 5 53
81 8 6 55
81 8 7 51
81 8 8 51
81 8 9 52
81 8 10 50
81 8 11 55
82 0 1 58
82 0 2 56
82 0 4 63
82 0 6 62
82 0 7 63
82 0 8 59
82 0 10 62
82 0 11 54
82 9 0 56
82 9 3 54
82 9 5 61
82 9 6 60
82 9 7 61
82 9 9 57
82 9 10 60
82 9 11 52
82 10 0 66
82 10 1 66
82 10 3 59
82 10 5 64
82 10 6 63
82 10 7 65
82 10 10 62
82 10 11 56
82 13 0 65
82 13 1 65
82 13 2 58
82 13 5 63
82 13 7 62
82 13 8 64
82 13 9 61
82 13 10 55
83 5 0 16
83 5 1 17
83 5 3 17
83 5 4 15
83 5 5 17
83 5 6 16
83 5 7 18
83 5 11 18
83 9 0 17
83 9 3 18
83 9 5 18
83 9 6 16
83 9 7 18
83 9 9 17
83 9 10 19
83 9 11 19
83 12 0 17
83 12 3 18
83 12 4 18
83 12 7 16
83 12 8 18
83 12 9 17
83 12 10 19
83 12 11 19
84 2 0 82
84 2 1 80
84 2 2 87
84 2 3 80
84 2 6 81
84 2 7 89
84 2 9 80
84 2 10 90
84 9 0 80
84 9 3 78
84 9 5 85
84 9 6 78
84 9 7 79
84 9 9 87
84 9 10 78
84 9 11 88
84 12 0 96
84 12 3 89
84 12 4 94
84 12 7 83
84 12 8 86
84 12 9 86
84 12 10 97
84 12 11 91
85 7 0 19
85 7 1 23
85 7 3 24
85 7 5 23
85 7 6 24
85 7 8 20
85 7 9 23
85 7 10 21
85 11 1 23
85 11 2 27
85 11 3 28
85 11 7 27
85 11 8 28
85 11 9 24
85 11 10 27
85 11 11 25
85 12 0 24
85 12 3 28
85 12 4 29
85 12 7 28
85 12 8 29
85 12 9 25
85 12 10 28
85 12 11 26
86 1 0 22
86 1 1 22
86 1 2 20
86 1 4 20
86 1 6 21
86 1 7 21
86 1 8 22
86 1 9 22
86 2 0 21
86 2 1 25
86 2 2 26
86 2 3 25
86 2 6 26
86 2 7 22
86 2 9 25
86 2 10 23
86 3 1 22
86 3 3 26
86 3 4 27
86 3 5 26
86 3 6 27
86 3 8 23
86 3 9 26
86 3 11 24
86 7 0 21
86 7 1 25
86 7 3 26
86 7 5 25
86 7 6 26
86 7 8 22
86 7 9 25
86 7 10 23
87 4 0 32
87 4 1 34
87 4 2 35
87 4 5 31
87 4 6 35
87 4 7 33
87 4 10 37
87 4 11 36
87 7 0 34
87 7 1 36
87 7 3 37
87 7 5 33
87 7 6 37
87 7 8 35
87 7 9 39
87 7 10 38
87 11 1 35
87 11 2 37
87 11 3 38
87 11 7 34
87 11 8 38
87 11 9 36
87 11 10 40
87 11 11 39
88 5 0 31
88 5 1 33
88 5 3 34
88 5 4 30
88 5 5 34
88 5 6 32
88 5 7 36
88 5 11 35
88 12 0 33
88 12 3 35
88 12 4 36
88 12 7 32
88 12 8 36
88 12 9 34
88 12 10 38
88 12 11 37
88 14 1 34
88 14 2 36
88 14 3 37
88 14 6 33
88 14 8 37
88 14 9 35
88 14 10 39
88 14 11 38
89 1 0 96
89 1 1 98
89 1 2 111
89 1 4 96
89 1 6 107
89 1 7 97
89 1 8 106
89 1 9 100
89 2 0 95
89 2 1 85
89 2 2 88
89 2 3 83
89 2 6 84
89 2 7 84
89 2 9 95
89 2 10 95
89 3 1 98
89 3 3 88
89 3 4 91
89 3 5 86
89 3 6 87
89 3 8 87
89 3 9 98
89 3 11 98
89 7 0 86
89 7 1 84
89 7 3 91
89 7 5 84
89 7 6 85
89 7 8 93
89 7 9 84
89 7 10 94
90 0 1 70
90 0 2 70
90 0 4 63
90 0 6 68
90 0 7 67
90 0 8 69
90 0 10 66
90 0 11 60
90 5 0 67
90 5 1 71
90 5 3 73
90 5 4 66
90 5 5 73
90 5 6 70
90 5 7 77
90 5 11 76
90 6 0 69
90 6 3 73
90 6 4 75
90 6 5 68
90 6 6 75
90 6 8 72
90 6 9 79
90 6 10 78
91 5 0 80
91 5 1 80
91 5 3 84
91 5 4 78
91 5 5 76
91 5 6 73
91 5 7 87
91 5 11 86
91 7 0 74
91 7 1 78
91 7 3 80
91 7 5 73
91 7 6 80
91 7 8 77
91 7 9 84
91 7 10 83
91 9 0 82
91 9 3 80
91 9 5 87
91 9 6 80
91 9 7 81
91 9 9 89
91 9 10 80
91 9 11 90
91 13 0 74
91 13 1 78
91 13 2 80
91 13 5 73
91 13 7 80
91 13 8 77
91 13 9 84
91 13 10 83
91 14 1 75
91 14 2 79
91 14 3 81
91 14 6 74
91 14 8 81
91 14 9 78
91 14 10 85
91 14 11 84
92 2 0 67
92 2 1 71
92 2 2 73
92 2 3 66
92 2 6 73
92 2 7 70
92 2 9 77
92 2 10 76
92 7 0 71
92 7 1 75
92 7 3 77
92 7 5 70
92 7 6 77
92 7 8 74
92 7 9 81
92 7 10 80
92 9 0 73
92 9 3 77
92 9 5 79
92 9 6 72
92 9 7 79
92 9 9 76
92 9 10 83
92 9 11 82
92 10 0 72
92 10 1 67
92 10 3 65
92 10 5 70
92 10 6 71
92 10 7 76
92 10 10 67
92 10 11 77
92 14 1 73
92 14 2 77
92 14 3 79
92 14 6 72
92 14 8 79
92 14 9 76
92 14 10 83
92 14 11 82
93 1 0 11
93 1 1 12
93 1 2 12
93 1 4 10
93 1 6 12
93 1 7 11
93 1 8 13
93 1 9 13
93 4 0 12
93 4 1 13
93 4 2 13
93 4 5 11
93 4 6 13
93 4 7 12
93 4 10 14
93 4 11 14
93 5 0 12
93 5 1 13
93 5 3 13
93 5 4 11
93 5 5 13
93 5 6 12
93 5 7 14
93 5 11 14
94 0 1 20
94 0 2 24
94 0 4 25
94 0 6 24
94 0 7 25
94 0 8 21
94 0 10 24
94 0 11 22
94 4 0 24
94 4 1 28
94 4 2 29
94 4 5 28
94 4 6 29
94 4 7 25
94 4 10 28
94 4 11 26
94 7 0 25
94 7 1 29
94 7 3 30
94 7 5 29
94 7 6 30
94 7 8 26
94 7 9 29
94 7 10 27
94 10 0 24
94 10 1 28
94 10 3 29
94 10 5 28
94 10 6 29
94 10 7 25
94 10 10 28
94 10 11 26
95 1 0 80
95 1 1 80
95 1 2 84
95 1 4 78
95 1 6 76
95 1 7 73
95 1 8 87
95 1 9 86
95 2 0 80
95 2 1 80
95 2 2 84
95 2 3 78
95 2 6 76
95 2 7 73
95 2 9 87
95 2 10 86
95 5 0 81
95 5 1 79
95 5 3 86
95 5 4 79
95 5 5 80
95 5 6 88
95 5 7 79
95 5 11 89
95 13 0 74
95 13 1 78
95 13 2 80
95 13 5 73
95 13 7 80
95 13 8 77
95 13 9 84
95 13 10 83
95 14 1 72
95 14 2 76
95 14 3 78
95 14 6 71
95 14 8 78
95 14 9 75
95 14 10 82
95 14 11 81
96 0 1 68
96 0 2 72
96 0 4 74
96 0 6 67
96 0 7 74
96 0 8 71
96 0 10 78
96 0 11 77
96 1 0 70
96 1 1 70
96 1 2 63
96 1 4 68
96 1 6 67
96 1 7 69
96 1 8 66
96 1 9 60
96 2 0 68
96 2 1 68
96 2 2 61
96 2 3 66
96 2 6 65
96 2 7 67
96 2 9 64
96 2 10 58
96 8 1 72
96 8 5 67
96 8 6 65
96 8 7 70
96 8 8 71
96 8 9 76
96 8 10 67
96 8 11 77
96 14 1 67
96 14 2 71
96 14 3 73
96 14 6 66
96 14 8 73
96 14 9 70
96 14 10 77
96 14 11 76
97 0 1 53
97 0 2 51
97 0 4 58
97 0 6 57
97 0 7 58
97 0 8 54
97 0 10 57
97 0 11 49
97 2 0 51
97 2 1 49
97 2 2 56
97 2 3 55
97 2 6 56
97 2 7 52
97 2 9 55
97 2 10 47
97 7 0 58
97 7 1 56
97 7 3 63
97 7 5 62
97 7 6 63
97 7 8 59
97 7 9 62
97 7 10 54
97 10 0 57
97 10 1 55
97 10 3 62
97 10 5 61
97 10 6 62
97 10 7 58
97 10 10 61
97 10 11 53
97 11 1 58
97 11 2 56
97 11 3 63
97 11 7 62
97 11 8 63
97 11 9 59
97 11 10 62
97 11 11 54
98 1 0 97
98 1 1 87
98 1 2 90
98 1 4 85
98 1 6 86
98 1 7 86
98 1 8 97
98 1 9 97
98 8 1 93
98 8 5 100
98 8 6 107
98 8 7 91
98 8 8 104
98 8 9 106
98 8 10 103
98 8 11 104
98 9 0 102
98 9 3 104
98 9 5 117
98 9 6 102
98 9 7 113
98 9 9 103
98 9 10 112
98 9 11 106
99 3 1 93
99 3 3 100
99 3 4 107
99 3 5 91
99 3 6 104
99 3 8 106
99 3 9 103
99 3 11 104
99 5 0 96
99 5 1 89
99 5 3 94
99 5 4 83
99 5 5 86
99 5 6 86
99 5 7 97
99 5 11 91
99 11 1 97
99 11 2 87
99 11 3 90
99 11 7 85
99 11 8 86
99 11 9 86
99 11 10 97
99 11 11 97
99 12 0 85
99 12 3 83
99 12 4 90
99 12 7 83
99 12 8 84
99 12 9 92
99 12 10 83
99 12 11 93
100 2 0 17
100 2 1 18
100 2 2 18
100 2 3 16
100 2 6 18
100 2 7 17
100 2 9 19
100 2 10 19
100 10 0 18
100 10 1 19
100 10 3 19
100 10 5 17
100 10 6 19
100 10 7 18
100 10 10 20
100 10 11 20
100 11 1 18
100 11 2 19
100 11 3 19
100 11 7 17
100 11 8 19
100 11 9 18
100 11 10 20
100 11 11 20
100 13 0 16
100 13 1 17
100 13 2 17
100 13 5 15
100 13 7 17
100 13 8 16
100 13 9 18
100 13 10 18
101 5 0 67
101 5 1 71
101 5 3 73
101 5 4 66
101 5 5 73
101 5 6 70
101 5 7 77
101 5 11 76
101 8 1 71
101 8 5 75
101 8 6 77
101 8 7 70
101 8 8 77
101 8 9 74
101 8 10 81
101 8 11 80
101 14 1 73
101 14 2 77
101 14 3 79
101 14 6 72
101 14 8 79
101 14 9 76
101 14 10 83
101 14 11 82
102 7 0 67
102 7 1 67
102 7 3 60
102 7 5 65
102 7 6 64
102 7 8 66
102 7 9 63
102 7 10 57
102 8 1 67
102 8 5 67
102 8 6 60
102 8 7 65
102 8 8 64
102 8 9 66
102 8 10 63
102 8 11 57
102 14 1 57
102 14 2 55
102 14 3 62
102 14 6 61
102 14 8 62
102 14 9 58
102 14 10 61
102 14 11 53
103 0 1 51
103 0 2 49
103 0 4 56
103 0 6 55
103 0 7 56
103 0 8 52
103 0 10 55
103 0 11 47
103 5 0 53
103 5 1 51
103 5 3 58
103 5 4 57
103 5 5 58
103 5 6 54
103 5 7 57
103 5 11 49
103 10 0 55
103 10 1 53
103 10 3 60
103 10 5 59
103 10 6 60
103 10 7 56
103 10 10 59
103 10 11 51
104 0 1 67
104 0 2 71
104 0 4 73
104 0 6 66
104 0 7 73
104 0 8 70
104 0 10 77
104 0 11 76
104 5 0 71
104 5 1 75
104 5 3 77
104 5 4 70
104 5 5 77
104 5 6 74
104 5 7 81
104 5 11 80
104 8 1 73
104 8 5 77
104 8 6 79
104 8 7 72
104 8 8 79
104 8 9 76
104 8 10 83
104 8 11 82
104 11 1 72
104 11 2 67
104 11 3 65
104 11 7 70
104 11 8 71
104 11 9 76
104 11 10 67
104 11 11 77
104 12 0 73
104 12 3 77
104 12 4 79
104 12 7 72
104 12 8 79
104 12 9 76
104 12 10 83
104 12 11 82
105 1 0 78
105 1 1 76
105 1 2 83
105 1 4 76
105 1 6 77
105 1 7 85
105 1 8 76
105 1 9 86
105 5 0 75
105 5 1 79
105 5 3 81
105 5 4 74
105 5 5 81
105 5 6 78
105 5 7 85
105 5 11 84
105 10 0 83
105 10 1 81
105 10 3 88
105 10 5 81
105 10 6 82
105 10 7 90
105 10 10 81
105 10 11 91
106 2 0 31
106 2 1 33
106 2 2 34
106 2 3 30
106 2 6 34
106 2 7 32
106 2 9 36
106 2 10 35
106 6 0 33
106 6 3 35
106 6 4 36
106 6 5 32
106 6 6 36
106 6 8 34
106 6 9 38
106 6 10 37
106 7 0 34
106 7 1 36
106 7 3 37
106 7 5 33
106 7 6 37
106 7 8 35
106 7 9 39
106 7 10 38
106 9 0 30
106 9 3 32
106 9 5 33
106 9 6 29
106 9 7 33
106 9 9 31
106 9 10 35
106 9 11 34
107 4 0 51
107 4 1 49
107 4 2 56
107 4 5 55
107 4 6 56
107 4 7 52
107 4 10 55
107 4 11 47
107 8 1 48
107 8 5 48
107 8 6 51
107 8 7 46
107 8 8 47
107 8 9 47
107 8 10 48
107 8 11 48
107 9 0 56
107 9 3 54
107 9 5 61
107 9 6 60
107 9 7 61
107 9 9 57
107 9 10 60
107 9 11 52
107 10 0 55
107 10 1 53
107 10 3 60
107 10 5 59
107 10 6 60
107 10 7 56
107 10 10 59
107 10 11 51
107 11 1 56
107 11 2 54
107 11 3 61
107 11 7 60
107 11 8 61
107 11 9 57
107 11 10 60
107 11 11 52
108 0 1 67
108 0 2 71
108 0 4 73
108 0 6 66
108 0 7 73
108 0 8 70
108 0 10 77
108 0 11 76
108 2 0 71
108 2 1 75
108 2 2 77
108 2 3 70
108 2 6 77
108 2 7 74
108 2 9 81
108 2 10 80
108 9 0 73
108 9 3 77
108 9 5 79
108 9 6 72
108 9 7 79
108 9 9 76
108 9 10 83
108 9 11 82
108 14 1 72
108 14 2 67
108 14 3 65
108 14 6 70
108 14 8 71
108 14 9 76
108 14 10 67
108 14 11 77
109 3 1 70
109 3 3 70
109 3 4 63
109 3 5 68
109 3 6 67
109 3 8 69
109 3 9 66
109 3 11 60
109 6 0 70
109 6 3 70
109 6 4 63
109 6 5 68
109 6 6 67
109 6 8 69
109 6 9 66
109 6 10 60
109 8 1 62
109 8 5 55
109 8 6 64
109 8 7 57
109 8 8 61
109 8 9 57
109 8 10 64
109 8 11 54
109 9 0 68
109 9 3 68
109 9 5 61
109 9 6 66
109 9 7 65
109 9 9 67
109 9 10 64
109 9 11 58
110 0 1 51
110 0 2 49
110 0 4 56
110 0 6 55
110 0 7 56
110 0 8 52
110 0 10 55
110 0 11 47
110 6 0 53
110 6 3 51
110 6 4 58
110 6 5 57
110 6 6 58
110 6 8 54
110 6 9 57
110 6 10 49
110 7 0 55
110 7 1 53
110 7 3 60
110 7 5 59
110 7 6 60
110 7 8 56
110 7 9 59
110 7 10 51
111 4 0 23
111 4 1 27
111 4 2 28
111 4 5 27
111 4 6 28
111 4 7 24
111 4 10 27
111 4 11 25
111 6 0 30
111 6 3 30
111 6 4 30
111 6 5 28
111 6 6 27
111 6 8 29
111 6 9 33
111 6 10 27
111 7 0 29
111 7 1 31
111 7 3 32
111 7 5 28
111 7 6 32
111 7 8 30
111 7 9 34
111 7 10 33
111 9 0 30
111 9 3 30
111 9 5 30
111 9 6 28
111 9 7 27
111 9 9 29
111 9 10 33
111 9 11 27
111 14 1 29
111 14 2 31
111 14 3 32
111 14 6 28
111 14 8 32
111 14 9 30
111 14 10 34
111 14 11 33
112 7 0 46
112 7 1 46
112 7 3 49
112 7 5 44
112 7 6 45
112 7 8 45
112 7 9 46
112 7 10 46
112 9 0 46
112 9 3 46
112 9 5 49
112 9 6 44
112 9 7 45
112 9 9 45
112 9 10 46
112 9 11 46
112 10 0 51
112 10 1 53
112 10 3 55
112 10 5 51
112 10 6 51
112 10 7 52
112 10 10 50
112 10 11 55
112 13 0 44
112 13 1 44
112 13 2 47
112 13 5 42
112 13 7 43
112 13 8 43
112 13 9 44
112 13 10 44
112 14 1 45
112 14 2 45
112 14 3 48
112 14 6 43
112 14 8 44
112 14 9 44
112 14 10 45
112 14 11 45
113 0 1 68
113 0 2 72
113 0 4 74
113 0 6 67
113 0 7 74
113 0 8 71
113 0 10 78
113 0 11 77
113 2 0 70
113 2 1 70
113 2 2 63
113 2 3 68
113 2 6 67
113 2 7 69
113 2 9 66
113 2 10 60
113 5 0 68
113 5 1 68
113 5 3 61
113 5 4 66
113 5 5 65
113 5 6 67
113 5 7 64
113 5 11 58
113 9 0 72
113 9 3 67
113 9 5 65
113 9 6 70
113 9 7 71
113 9 9 76
113 9 10 67
113 9 11 77
114 1 0 67
114 1 1 71
114 1 2 73
114 1 4 66
114 1 6 73
114 1 7 70
114 1 8 77
114 1 9 76
114 7 0 67
114 7 1 71
114 7 3 73
114 7 5 66
114 7 6 73
114 7 8 70
114 7 9 77
114 7 10 76
114 12 0 67
114 12 3 67
114 12 4 60
114 12 7 65
114 12 8 64
114 12 9 66
114 12 10 63
114 12 11 57
115 2 0 12
115 2 1 13
115 2 2 13
115 2 3 11
115 2 6 13
115 2 7 12
115 2 9 14
115 2 10 14
115 12 0 13
115 12 3 14
115 12 4 14
115 12 7 12
115 12 8 14
115 12 9 13
115 12 10 15
115 12 11 15
115 13 0 13
115 13 1 14
115 13 2 14
115 13 5 12
115 13 7 14
115 13 8 13
115 13 9 15
115 13 10 15
116 3 1 14
116 3 3 15
116 3 4 15
116 3 5 13
116 3 6 15
116 3 8 14
116 3 9 16
116 3 11 16
116 7 0 15
116 7 1 16
116 7 3 16
116 7 5 14
116 7 6 16
116 7 8 15
116 7 9 17
116 7 10 17
116 8 1 15
116 8 5 16
116 8 6 16
116 8 7 14
116 8 8 16
116 8 9 15
116 8 10 17
116 8 11 17
116 13 0 13
116 13 1 14
116 13 2 14
116 13 5 12
116 13 7 14
116 13 8 13
116 13 9 15
116 13 10 15
117 3 1 18
117 3 3 22
117 3 4 23
117 3 5 22
117 3 6 23
117 3 8 19
117 3 9 22
117 3 11 20
117 4 0 22
117 4 1 26
117 4 2 27
117 4 5 26
117 4 6 27
117 4 7 23
117 4 10 26
117 4 11 24
117 6 0 23
117 6 3 27
117 6 4 28
117 6 5 27
117 6 6 28
117 6 8 24
117 6 9 27
117 6 10 25
117 7 0 22
117 7 1 26
117 7 3 27
117 7 5 26
117 7 6 27
117 7 8 23
117 7 9 26
117 7 10 24
118 0 1 93
118 0 2 100
118 0 4 107
118 0 6 91
118 0 7 104
118 0 8 106
118 0 10 103
118 0 11 104
118 8 1 96
118 8 5 89
118 8 6 94
118 8 7 83
118 8 8 86
118 8 9 86
118 8 10 97
118 8 11 91
118 9 0 97
118 9 3 87
118 9 5 90
118 9 6 85
118 9 7 86
118 9 9 86
118 9 10 97
118 9 11 97
118 10 0 85
118 10 1 83
118 10 3 90
118 10 5 83
118 10 6 84
118 10 7 92
118 10 10 83
118 10 11 93
118 12 0 86
118 12 3 84
118 12 4 91
118 12 7 84
118 12 8 85
118 12 9 93
118 12 10 84
118 12 11 94
119 0 1 99
119 0 2 89
119 0 4 92
119 0 6 87
119 0 7 88
119 0 8 88
119 0 10 99
119 0 11 99
119 5 0 82
119 5 1 80
119 5 3 87
119 5 4 80
119 5 5 81
119 5 6 89
119 5 7 80
119 5 11 90
119 6 0 85
119 6 3 83
119 6 4 90
119 6 5 83
119 6 6 84
119 6 8 92
119 6 9 83
119 6 10 93
119 11 1 80
119 11 2 78
119 11 3 85
119 11 7 78
119 11 8 79
119 11 9 87
119 11 10 78
119 11 11 88
120 0 1 29
120 0 2 31
120 0 4 32
120 0 6 28
120 0 7 32
120 0 8 30
120 0 10 34
120 0 11 33
120 7 0 31
120 7 1 33
120 7 3 34
120 7 5 30
120 7 6 34
120 7 8 32
120 7 9 36
120 7 10 35
120 9 0 32
120 9 3 34
120 9 5 35
120 9 6 31
120 9 7 35
120 9 9 33
120 9 10 37
120 9 11 36
120 11 1 30
120 11 2 30
120 11 3 30
120 11 7 28
120 11 8 27
120 11 9 29
120 11 10 33
120 11 11 27
121 0 1 68
121 0 2 68
121 0 4 61
121 0 6 66
121 0 7 65
121 0 8 67
121 0 10 64
121 0 11 58
121 7 0 68
121 7 1 68
121 7 3 61
121 7 5 66
121 7 6 65
121 7 8 67
121 7 9 64
121 7 10 58
121 13 0 58
121 13 1 56
121 13 2 63
121 13 5 62
121 13 7 63
121 13 8 59
121 13 9 62
121 13 10 54
122 4 0 53
122 4 1 51
122 4 2 58
122 4 5 57
122 4 6 58
122 4 7 54
122 4 10 57
122 4 11 49
122 9 0 51
122 9 3 49
122 9 5 56
122 9 6 55
122 9 7 56
122 9 9 52
122 9 10 55
122 9 11 47
122 11 1 58
122 11 2 56
122 11 3 63
122 11 7 62
122 11 8 63
122 11 9 59
122 11 10 62
122 11 11 54
123 1 0 18
123 1 1 19
123 1 2 19
123 1 4 17
123 1 6 19
123 1 7 18
123 1 8 20
123 1 9 20
123 2 0 20
123 2 1 24
123 2 2 25
123 2 3 24
123 2 6 25
123 2 7 21
123 2 9 24
123 2 10 22
123 11 1 21
123 11 2 25
123 11 3 26
123 11 7 25
123 11 8 26
123 11 9 22
123 11 10 25
123 11 11 23
124 0 1 30
124 0 2 30
124 0 4 30
124 0 6 28
124 0 7 27
124 0 8 29
124 0 10 33
124 0 11 27
124 11 1 30
124 11 2 32
124 11 3 33
124 11 7 29
124 11 8 33
124 11 9 31
124 11 10 35
124 11 11 34
124 13 0 31
124 13 1 33
124 13 2 34
124 13 5 30
124 13 7 34
124 13 8 32
124 13 9 36
124 13 10 35
125 5 0 18
125 5 1 19
125 5 3 19
125 5 4 17
125 5 5 19
125 5 6 18
125 5 7 20
125 5 11 20
125 6 0 20
125 6 3 24
125 6 4 25
125 6 5 24
125 6 6 25
125 6 8 21
125 6 9 24
125 6 10 22
125 7 0 21
125 7 1 25
125 7 3 26
125 7 5 25
125 7 6 26
125 7 8 22
125 7 9 25
125 7 10 23
126 9 0 9
126 9 3 10
126 9 5 11
126 9 6 10
126 9 7 11
126 9 9 10
126 9 10 10
126 9 11 11
126 12 0 10
126 12 3 11
126 12 4 11
126 12 7 9
126 12 8 11
126 12 9 10
126 12 10 12
126 12 11 12
126 14 1 10
126 14 2 11
126 14 3 11
126 14 6 9
126 14 8 11
126 14 9 10
126 14 10 12
126 14 11 12
127 2 0 22
127 2 1 22
127 2 2 20
127 2 3 20
127 2 6 21
127 2 7 21
127 2 9 22
127 2 10 22
127 6 0 21
127 6 3 25
127 6 4 26
127 6 5 25
127 6 6 26
127 6 8 22
127 6 9 25
127 6 10 23
127 9 0 22
127 9 3 26
127 9 5 27
127 9 6 26
127 9 7 27
127 9 9 23
127 9 10 26
127 9 11 24
127 11 1 21
127 11 2 25
127 11 3 26
127 11 7 25
127 11 8 26
127 11 9 22
127 11 10 25
127 11 11 23
128 0 1 14
128 0 2 15
128 0 4 15
128 0 6 13
128 0 7 15
128 0 8 14
128 0 10 16
128 0 11 16
128 2 0 15
128 2 1 16
128 2 2 16
128 2 3 14
128 2 6 16
128 2 7 15
128 2 9 17
128 2 10 17
128 3 1 15
128 3 3 16
128 3 4 16
128 3 5 14
128 3 6 16
128 3 8 15
128 3 9 17
128 3 11 17
128 4 0 13
128 4 1 14
128 4 2 14
128 4 5 12
128 4 6 14
128 4 7 13
128 4 10 15
128 4 11 15
128 11 1 15
128 11 2 16
128 11 3 16
128 11 7 14
128 11 8 16
128 11 9 15
128 11 10 17
128 11 11 17
129 7 0 8
129 7 1 9
129 7 3 9
129 7 5 8
129 7 6 9
129 7 8 8
129 7 9 9
129 7 10 9
129 8 1 9
129 8 5 10
129 8 6 11
129 8 7 10
129 8 8 11
129 8 9 10
129 8 10 10
129 8 11 11
129 10 0 10
129 10 1 11
129 10 3 11
129 10 5 9
129 10 6 11
129 10 7 10
129 10 10 12
129 10 11 12
130 0 1 74
130 0 2 78
130 0 4 80
130 0 6 73
130 0 7 80
130 0 8 77
130 0 10 84
130 0 11 83
130 6 0 72
130 6 3 76
130 6 4 78
130 6 5 71
130 6 6 78
130 6 8 75
130 6 9 82
130 6 10 81
130 13 0 80
130 13 1 78
130 13 2 85
130 13 5 78
130 13 7 79
130 13 8 87
130 13 9 78
130 13 10 88
131 1 0 9
131 1 1 10
131 1 2 11
131 1 4 10
131 1 6 11
131 1 7 10
131 1 8 10
131 1 9 11
131 2 0 10
131 2 1 11
131 2 2 11
131 2 3 9
131 2 6 11
131 2 7 10
131 2 9 12
131 2 10 12
131 3 1 10
131 3 3 11
131 3 4 11
131 3 5 9
131 3 6 11
131 3 8 10
131 3 9 12
131 3 11 12
131 5 0 8
131 5 1 9
131 5 3 9
131 5 4 8
131 5 5 9
131 5 6 8
131 5 7 9
131 5 11 9
131 8 1 10
131 8 5 11
131 8 6 11
131 8 7 9
131 8 8 11
131 8 9 10
131 8 10 12
131 8 11 12
132 0 1 33
132 0 2 35
132 0 4 36
132 0 6 32
132 0 7 36
132 0 8 34
132 0 10 38
132 0 11 37
132 2 0 35
132 2 1 37
132 2 2 38
132 2 3 34
132 2 6 38
132 2 7 36
132 2 9 40
132 2 10 39
132 7 0 36
132 7 1 38
132 7 3 39
132 7 5 35
132 7 6 39
132 7 8 37
132 7 9 41
132 7 10 40
132 8 1 32
132 8 5 34
132 8 6 35
132 8 7 31
132 8 8 35
132 8 9 33
132 8 10 37
132 8 11 36
133 5 0 65
133 5 1 65
133 5 3 58
133 5 4 63
133 5 5 62
133 5 6 64
133 5 7 61
133 5 11 55
133 7 0 55
133 7 1 53
133 7 3 60
133 7 5 59
133 7 6 60
133 7 8 56
133 7 9 59
133 7 10 51
133 9 0 67
133 9 3 67
133 9 5 60
133 9 6 65
133 9 7 64
133 9 9 66
133 9 10 63
133 9 11 57
133 14 1 57
133 14 2 55
133 14 3 62
133 14 6 61
133 14 8 62
133 14 9 58
133 14 10 61
133 14 11 53
134 0 1 51
134 0 2 49
134 0 4 56
134 0 6 55
134 0 7 56
134 0 8 52
134 0 10 55
134 0 11 47
134 8 1 53
134 8 5 51
134 8 6 58
134 8 7 57
134 8 8 58
134 8 9 54
134 8 10 57
134 8 11 49
134 9 0 55
134 9 3 53
134 9 5 60
134 9 6 59
134 9 7 60
134 9 9 56
134 9 10 59
134 9 11 51
134 12 0 51
134 12 3 49
134 12 4 56
134 12 7 55
134 12 8 56
134 12 9 52
134 12 10 55
134 12 11 47
134 13 0 51
134 13 1 49
134 13 2 56
134 13 5 55
134 13 7 56
134 13 8 52
134 13 9 55
134 13 10 47
135 8 1 51
135 8 5 49
135 8 6 56
135 8 7 55
135 8 8 56
135 8 9 52
135 8 10 55
135 8 11 47
135 13 0 53
135 13 1 51
135 13 2 58
135 13 5 57
135 13 7 58
135 13 8 54
135 13 9 57
135 13 10 49
135 14 1 55
135 14 2 53
135 14 3 60
135 14 6 59
135 14 8 60
135 14 9 56
135 14 10 59
135 14 11 51
136 5 0 30
136 5 1 32
136 5 3 33
136 5 4 29
136 5 5 33
136 5 6 31
136 5 7 35
136 5 11 34
136 6 0 32
136 6 3 34
136 6 4 35
136 6 5 31
136 6 6 35
136 6 8 33
136 6 9 37
136 6 10 36
136 10 0 33
136 10 1 35
136 10 3 36
136 10 5 32
136 10 6 36
136 10 7 34
136 10 10 38
136 10 11 37
136 11 1 29
136 11 2 31
136 11 3 32
136 11 7 28
136 11 8 32
136 11 9 30
136 11 10 34
136 11 11 33
136 13 0 33
136 13 1 35
136 13 2 36
136 13 5 32
136 13 7 36
136 13 8 34
136 13 9 38
136 13 10 37
137 0 1 35
137 0 2 37
137 0 4 38
137 0 6 34
137 0 7 38
137 0 8 36
137 0 10 40
137 0 11 39
137 1 0 37
137 1 1 39
137 1 2 40
137 1 4 36
137 1 6 40
137 1 7 38
137 1 8 42
137 1 9 41
137 3 1 42
137 3 3 40
137 3 4 38
137 3 5 40
137 3 6 41
137 3 8 40
137 3 9 40
137 3 11 41
137 11 1 34
137 11 2 36
137 11 3 37
137 11 7 33
137 11 8 37
137 11 9 35
137 11 10 39
137 11 11 38
138 1 0 58
138 1 1 56
138 1 2 63
138 1 4 62
138 1 6 63
138 1 7 59
138 1 8 62
138 1 9 54
138 9 0 56
138 9 3 54
138 9 5 61
138 9 6 60
138 9 7 61
138 9 9 57
138 9 10 60
138 9 11 52
138 10 0 66
138 10 1 66
138 10 3 59
138 10 5 64
138 10 6 63
138 10 7 65
138 10 10 62
138 10 11 56
139 5 0 103
139 5 1 93
139 5 3 96
139 5 4 91
139 5 5 92
139 5 6 92
139 5 7 103
139 5 11 103
139 7 0 86
139 7 1 84
139 7 3 91
139 7 5 84
139 7 6 85
139 7 8 93
139 7 9 84
139 7 10 94
139 10 0 96
139 10 1 86
139 10 3 89
139 10 5 84
139 10 6 85
139 10 7 85
139 10 10 96
139 10 11 96
139 11 1 84
139 11 2 82
139 11 3 89
139 11 7 82
139 11 8 83
139 11 9 91
139 11 10 82
139 11 11 92
140 1 0 56
140 1 1 54
140 1 2 61
140 1 4 60
140 1 6 61
140 1 7 57
140 1 8 60
140 1 9 52
140 5 0 54
140 5 1 52
140 5 3 59
140 5 4 58
140 5 5 59
140 5 6 55
140 5 7 58
140 5 11 50
140 8 1 64
140 8 5 64
140 8 6 57
140 8 7 62
140 8 8 61
140 8 9 63
140 8 10 60
140 8 11 54
140 11 1 62
140 11 2 55
140 11 3 64
140 11 7 57
140 11 8 61
140 11 9 57
140 11 10 64
140 11 11 54
140 13 0 64
140 13 1 64
140 13 2 57
140 13 5 62
140 13 7 61
140 13 8 63
140 13 9 60
140 13 10 54
141 0 1 67
141 0 2 71
141 0 4 73
141 0 6 66
141 0 7 73
141 0 8 70
141 0 10 77
141 0 11 76
141 4 0 67
141 4 1 71
141 4 2 73
141 4 5 66
141 4 6 73
141 4 7 70
141 4 10 77
141 4 11 76
141 5 0 67
141 5 1 67
141 5 3 60
141 5 4 65
141 5 5 64
141 5 6 66
141 5 7 63
141 5 11 57
141 12 0 72
141 12 3 72
141 12 4 65
141 12 7 70
141 12 8 69
141 12 9 71
141 12 10 68
141 12 11 62
141 14 1 71
141 14 2 71
141 14 3 64
141 14 6 69
141 14 8 68
141 14 9 70
141 14 10 67
141 14 11 61
142 0 1 58
142 0 2 56
142 0 4 63
142 0 6 62
142 0 7 63
142 0 8 59
142 0 10 62
142 0 11 54
142 5 0 56
142 5 1 54
142 5 3 61
142 5 4 60
142 5 5 61
142 5 6 57
142 5 7 60
142 5 11 52
142 11 1 66
142 11 2 66
142 11 3 59
142 11 7 64
142 11 8 63
142 11 9 65
142 11 10 62
142 11 11 56
142 13 0 65
142 13 1 65
142 13 2 58
142 13 5 63
142 13 7 62
142 13 8 64
142 13 9 61
142 13 10 55
143 6 0 32
143 6 3 34
143 6 4 35
143 6 5 31
143 6 6 35
143 6 8 33
143 6 9 37
143 6 10 36
143 8 1 34
143 8 5 36
143 8 6 37
143 8 7 33
143 8 8 37
143 8 9 35
143 8 10 39
143 8 11 38
143 13 0 35
143 13 1 37
143 13 2 38
143 13 5 34
143 13 7 38
143 13 8 36
143 13 9 40
143 13 10 39
144 2 0 69
144 2 1 69
144 2 2 62
144 2 3 67
144 2 6 66
144 2 7 68
144 2 9 65
144 2 10 59
144 8 1 69
144 8 5 69
144 8 6 62
144 8 7 67
144 8 8 66
144 8 9 68
144 8 10 65
144 8 11 59
144 12 0 59
144 12 3 57
144 12 4 64
144 12 7 63
144 12 8 64
144 12 9 60
144 12 10 63
144 12 11 55
145 6 0 29
145 6 3 31
145 6 4 32
145 6 5 28
145 6 6 32
145 6 8 30
145 6 9 34
145 6 10 33
145 9 0 31
145 9 3 33
145 9 5 34
145 9 6 30
145 9 7 34
145 9 9 32
145 9 10 36
145 9 11 35
145 11 1 32
145 11 2 34
145 11 3 35
145 11 7 31
145 11 8 35
145 11 9 33
145 11 10 37
145 11 11 36
145 13 0 30
145 13 1 30
145 13 2 30
145 13 5 28
145 13 7 27
145 13 8 29
145 13 9 33
145 13 10 27
145 14 1 32
145 14 2 34
145 14 3 35
145 14 6 31
145 14 8 35
145 14 9 33
145 14 10 37
145 14 11 36
146 0 1 45
146 0 2 45
146 0 4 48
146 0 6 43
146 0 7 44
146 0 8 44
146 0 10 45
146 0 11 45
146 2 0 45
146 2 1 45
146 2 2 48
146 2 3 43
146 2 6 44
146 2 7 44
146 2 9 45
146 2 10 45
146 3 1 48
146 3 3 48
146 3 4 51
146 3 5 46
146 3 6 47
146 3 8 47
146 3 9 48
146 3 11 48
146 9 0 43
146 9 3 43
146 9 5 46
146 9 6 41
146 9 7 42
146 9 9 42
146 9 10 43
146 9 11 43
146 14 1 44
146 14 2 44
146 14 3 47
146 14 6 42
146 14 8 43
146 14 9 43
146 14 10 44
146 14 11 44
147 3 1 67
147 3 3 71
147 3 4 73
147 3 5 66
147 3 6 73
147 3 8 70
147 3 9 77
147 3 11 76
147 4 0 71
147 4 1 75
147 4 2 77
147 4 5 70
147 4 6 77
147 4 7 74
147 4 10 81
147 4 11 80
147 10 0 73
147 10 1 77
147 10 3 79
147 10 5 72
147 10 6 79
147 10 7 76
147 10 10 83
147 10 11 82
147 12 0 72
147 12 3 67
147 12 4 65
147 12 7 70
147 12 8 71
147 12 9 76
147 12 10 67
147 12 11 77
148 1 0 30
148 1 1 32
148 1 2 33
148 1 4 29
148 1 6 33
148 1 7 31
148 1 8 35
148 1 9 34
148 2 0 32
148 2 1 34
148 2 2 35
148 2 3 31
148 2 6 35
148 2 7 33
148 2 9 37
148 2 10 36
148 7 0 33
148 7 1 35
148 7 3 36
148 7 5 32
148 7 6 36
148 7 8 34
148 7 9 38
148 7 10 37
148 8 1 29
148 8 5 31
148 8 6 32
148 8 7 28
148 8 8 32
148 8 9 30
148 8 10 34
148 8 11 33
148 9 0 33
148 9 3 35
148 9 5 36
148 9 6 32
148 9 7 36
148 9 9 34
148 9 10 38
148 9 11 37
149 0 1 51
149 0 2 49
149 0 4 56
149 0 6 55
149 0 7 56
149 0 8 52
149 0 10 55
149 0 11 47
149 2 0 53
149 2 1 51
149 2 2 58
149 2 3 57
149 2 6 58
149 2 7 54
149 2 9 57
149 2 10 49
149 10 0 55
149 10 1 53
149 10 3 60
149 10 5 59
149 10 6 60
149 10 7 56
149 10 10 59
149 10 11 51
150 0 1 33
150 0 2 35
150 0 4 36
150 0 6 32
150 0 7 36
150 0 8 34
150 0 10 38
150 0 11 37
150 5 0 35
150 5 1 37
150 5 3 38
150 5 4 34
150 5 5 38
150 5 6 36
150 5 7 40
150 5 11 39
150 7 0 36
150 7 1 38
150 7 3 39
150 7 5 35
150 7 6 39
150 7 8 37
150 7 9 41
150 7 10 40
150 10 0 32
150 10 1 34
150 10 3 35
150 10 5 31
150 10 6 35
150 10 7 33
150 10 10 37
150 10 11 36
150 12 0 36
150 12 3 38
150 12 4 39
150 12 7 35
150 12 8 39
150 12 9 37
150 12 10 41
150 12 11 40
151 0 1 45
151 0 2 45
151 0 4 48
151 0 6 43
151 0 7 44
151 0 8 44
151 0 10 45
151 0 11 45
151 1 0 45
151 1 1 45
151 1 2 48
151 1 4 43
151 1 6 44
151 1 7 44
151 1 8 45
151 1 9 45
151 4 0 48
151 4 1 48
151 4 2 51
151 4 5 46
151 4 6 47
151 4 7 47
151 4 10 48
151 4 11 48
151 7 0 43
151 7 1 43
151 7 3 46
151 7 5 41
151 7 6 42
151 7 8 42
151 7 9 43
151 7 10 43
151 10 0 44
151 10 1 44
151 10 3 47
151 10 5 42
151 10 6 43
151 10 7 43
151 10 10 44
151 10 11 44
152 1 0 67
152 1 1 71
152 1 2 73
152 1 4 66
152 1 6 73
152 1 7 70
152 1 8 77
152 1 9 76
152 8 1 67
152 8 5 71
152 8 6 73
152 8 7 66
152 8 8 73
152 8 9 70
152 8 10 77
152 8 11 76
152 12 0 67
152 12 3 67
152 12 4 60
152 12 7 65
152 12 8 64
152 12 9 66
152 12 10 63
152 12 11 57
152 14 1 72
152 14 2 72
152 14 3 65
152 14 6 70
152 14 8 69
152 14 9 71
152 14 10 68
152 14 11 62
153 2 0 70
153 2 1 70
153 2 2 63
153 2 3 68
153 2 6 67
153 2 7 69
153 2 9 66
153 2 10 60
153 8 1 67
153 8 5 71
153 8 6 73
153 8 7 66
153 8 8 73
153 8 9 70
153 8 10 77
153 8 11 76
153 9 0 69
153 9 3 73
153 9 5 75
153 9 6 68
153 9 7 75
153 9 9 72
153 9 10 79
153 9 11 78
153 11 1 69
153 11 2 69
153 11 3 62
153 11 7 67
153 11 8 66
153 11 9 68
153 11 10 65
153 11 11 59
153 13 0 69
153 13 1 73
153 13 2 75
153 13 5 68
153 13 7 75
153 13 8 72
153 13 9 79
153 13 10 78
154 0 1 11
154 0 2 12
154 0 4 12
154 0 6 10
154 0 7 12
154 0 8 11
154 0 10 13
154 0 11 13
154 6 0 12
154 6 3 13
154 6 4 13
154 6 5 11
154 6 6 13
154 6 8 12
154 6 9 14
154 6 10 14
154 7 0 12
154 7 1 13
154 7 3 13
154 7 5 11
154 7 6 13
154 7 8 12
154 7 9 14
154 7 10 14
154 14 1 10
154 14 2 11
154 14 3 11
154 14 6 9
154 14 8 11
154 14 9 10
154 14 10 12
154 14 11 12
155 3 1 103
155 3 3 93
155 3 4 96
155 3 5 91
155 3 6 92
155 3 8 92
155 3 9 103
155 3 11 103
155 4 0 86
155 4 1 84
155 4 2 91
155 4 5 84
155 4 6 85
155 4 7 93
155 4 10 84
155 4 11 94
155 6 0 96
155 6 3 86
155 6 4 89
155 6 5 84
155 6 6 85
155 6 8 85
155 6 9 96
155 6 10 96
155 7 0 84
155 7 1 82
155 7 3 89
155 7 5 82
155 7 6 83
155 7 8 91
155 7 9 82
155 7 10 92
156 10 0 51
156 10 1 49
156 10 3 56
156 10 5 55
156 10 6 56
156 10 7 52
156 10 10 55
156 10 11 47
156 11 1 53
156 11 2 51
156 11 3 58
156 11 7 57
156 11 8 58
156 11 9 54
156 11 10 57
156 11 11 49
156 13 0 55
156 13 1 53
156 13 2 60
156 13 5 59
156 13 7 60
156 13 8 56
156 13 9 59
156 13 10 51
157 6 0 72
157 6 3 67
157 6 4 65
157 6 5 70
157 6 6 71
157 6 8 76
157 6 9 67
157 6 10 77
157 7 0 70
157 7 1 74
157 7 3 76
157 7 5 69
157 7 6 76
157 7 8 73
157 7 9 80
157 7 10 79
157 8 1 72
157 8 5 76
157 8 6 78
157 8 7 71
157 8 8 78
157 8 9 75
157 8 10 82
157 8 11 81
158 5 0 34
158 5 1 36
158 5 3 37
158 5 4 33
158 5 5 37
158 5 6 35
158 5 7 39
158 5 11 38
158 7 0 36
158 7 1 38
158 7 3 39
158 7 5 35
158 7 6 39
158 7 8 37
158 7 9 41
158 7 10 40
158 10 0 37
158 10 1 39
158 10 3 40
158 10 5 36
158 10 6 40
158 10 7 38
158 10 10 42
158 10 11 41
158 11 1 33
158 11 2 35
158 11 3 36
158 11 7 32
158 11 8 36
158 11 9 34
158 11 10 38
158 11 11 37
159 7 0 54
159 7 1 52
159 7 3 59
159 7 5 58
159 7 6 59
159 7 8 55
159 7 9 58
159 7 10 50
159 10 0 52
159 10 1 50
159 10 3 57
159 10 5 56
159 10 6 57
159 10 7 53
159 10 10 56
159 10 11 48
159 11 1 59
159 11 2 57
159 11 3 64
159 11 7 63
159 11 8 64
159 11 9 60
159 11 10 63
159 11 11 55
159 12 0 58
159 12 3 56
159 12 4 63
159 12 7 62
159 12 8 63
159 12 9 59
159 12 10 62
159 12 11 54
159 14 1 59
159 14 2 57
159 14 3 64
159 14 6 63
159 14 8 64
159 14 9 60
159 14 10 63
159 14 11 55
160 1 0 20
160 1 1 24
160 1 2 25
160 1 4 24
160 1 6 25
160 1 7 21
160 1 8 24
160 1 9 22
160 5 0 24
160 5 1 28
160 5 3 29
160 5 4 28
160 5 5 29
160 5 6 25
160 5 7 28
160 5 11 26
160 6 0 25
160 6 3 29
160 6 4 30
160 6 5 29
160 6 6 30
160 6 8 26
160 6 9 29
160 6 10 27
160 13 0 24
160 13 1 28
160 13 2 29
160 13 5 28
160 13 7 29
160 13 8 25
160 13 9 28
160 13 10 26
161 1 0 68
161 1 1 72
161 1 2 74
161 1 4 67
161 1 6 74
161 1 7 71
161 1 8 78
161 1 9 77
161 2 0 68
161 2 1 72
161 2 2 74
161 2 3 67
161 2 6 74
161 2 7 71
161 2 9 78
161 2 10 77
161 5 0 68
161 5 1 68
161 5 3 61
161 5 4 66
161 5 5 65
161 5 6 67
161 5 7 64
161 5 11 58
161 6 0 72
161 6 3 67
161 6 4 65
161 6 5 70
161 6 6 71
161 6 8 76
161 6 9 67
161 6 10 77
161 11 1 72
161 11 2 72
161 11 3 65
161 11 7 70
161 11 8 69
161 11 9 71
161 11 10 68
161 11 11 62
162 3 1 26
162 3 3 30
162 3 4 31
162 3 5 30
162 3 6 31
162 3 8 27
162 3 9 30
162 3 11 28
162 4 0 29
162 4 1 31
162 4 2 32
162 4 5 28
162 4 6 32
162 4 7 30
162 4 10 34
162 4 11 33
162 9 0 30
162 9 3 32
162 9 5 33
162 9 6 29
162 9 7 33
162 9 9 31
162 9 10 35
162 9 11 34
162 13 0 25
162 13 1 29
162 13 2 30
162 13 5 29
162 13 7 30
162 13 8 26
162 13 9 29
162 13 10 27
163 2 0 23
163 2 1 27
163 2 2 28
163 2 3 27
163 2 6 28
163 2 7 24
163 2 9 27
163 2 10 25
163 3 1 30
163 3 3 30
163 3 4 30
163 3 5 28
163 3 6 27
163 3 8 29
163 3 9 33
163 3 11 27
163 4 0 29
163 4 1 31
163 4 2 32
163 4 5 28
163 4 6 32
163 4 7 30
163 4 10 34
163 4 11 33
164 0 1 71
164 0 2 71
164 0 4 64
164 0 6 69
164 0 7 68
164 0 8 70
164 0 10 67
164 0 11 61
164 5 0 71
164 5 1 71
164 5 3 64
164 5 4 69
164 5 5 68
164 5 6 70
164 5 7 67
164 5 11 61
164 6 0 64
164 6 3 64
164 6 4 57
164 6 5 62
164 6 6 61
164 6 8 63
164 6 9 60
164 6 10 54
164 14 1 69
164 14 2 69
164 14 3 62
164 14 6 67
164 14 8 66
164 14 9 68
164 14 10 65
164 14 11 59
165 0 1 96
165 0 2 98
165 0 4 111
165 0 6 96
165 0 7 107
165 0 8 97
165 0 10 106
165 0 11 100
165 5 0 95
165 5 1 85
165 5 3 88
165 5 4 83
165 5 5 84
165 5 6 84
165 5 7 95
165 5 11 95
165 7 0 98
165 7 1 88
165 7 3 91
165 7 5 86
165 7 6 87
165 7 8 87
165 7 9 98
165 7 10 98
165 8 1 86
165 8 5 84
165 8 6 91
165 8 7 84
165 8 8 85
165 8 9 93
165 8 10 84
165 8 11 94
166 1 0 51
166 1 1 49
166 1 2 56
166 1 4 55
166 1 6 56
166 1 7 52
166 1 8 55
166 1 9 47
166 2 0 53
166 2 1 51
166 2 2 58
166 2 3 57
166 2 6 58
166 2 7 54
166 2 9 57
166 2 10 49
166 6 0 55
166 6 3 53
166 6 4 60
166 6 5 59
166 6 6 60
166 6 8 56
166 6 9 59
166 6 10 51
167 2 0 71
167 2 1 75
167 2 2 77
167 2 3 70
167 2 6 77
167 2 7 74
167 2 9 81
167 2 10 80
167 5 0 75
167 5 1 79
167 5 3 81
167 5 4 74
167 5 5 81
167 5 6 78
167 5 7 85
167 5 11 84
167 6 0 78
167 6 3 76
167 6 4 83
167 6 5 76
167 6 6 77
167 6 8 85
167 6 9 76
167 6 10 86
167 7 0 70
167 7 1 74
167 7 3 76
167 7 5 69
167 7 6 76
167 7 8 73
167 7 9 80
167 7 10 79
167 13 0 78
167 13 1 76
167 13 2 83
167 13 5 76
167 13 7 77
167 13 8 85
167 13 9 76
167 13 10 86
168 0 1 13
168 0 2 14
168 0 4 14
168 0 6 12
168 0 7 14
168 0 8 13
168 0 10 15
168 0 11 15
168 5 0 14
168 5 1 15
168 5 3 15
168 5 4 13
168 5 5 15
168 5 6 14
168 5 7 16
168 5 11 16
168 6 0 14
168 6 3 15
168 6 4 15
168 6 5 13
168 6 6 15
168 6 8 14
168 6 9 16
168 6 10 16
168 10 0 12
168 10 1 13
168 10 3 13
168 10 5 11
168 10 6 13
168 10 7 12
168 10 10 14
168 10 11 14
168 12 0 14
168 12 3 15
168 12 4 15
168 12 7 13
168 12 8 15
168 12 9 14
168 12 10 16
168 12 11 16
169 1 0 26
169 1 1 30
169 1 2 31
169 1 4 30
169 1 6 31
169 1 7 27
169 1 8 30
169 1 9 28
169 2 0 29
169 2 1 31
169 2 2 32
169 2 3 28
169 2 6 32
169 2 7 30
169 2 9 34
169 2 10 33
169 5 0 30
169 5 1 32
169 5 3 33
169 5 4 29
169 5 5 33
169 5 6 31
169 5 7 35
169 5 11 34
169 7 0 25
169 7 1 29
169 7 3 30
169 7 5 29
169 7 6 30
169 7 8 26
169 7 9 29
169 7 10 27
170 5 0 100
170 5 1 90
170 5 3 93
170 5 4 88
170 5 5 89
170 5 6 89
170 5 7 100
170 5 11 100
170 6 0 83
170 6 3 81
170 6 4 88
170 6 5 81
170 6 6 82
170 6 8 90
170 6 9 81
170 6 10 91
170 8 1 86
170 8 5 84
170 8 6 91
170 8 7 84
170 8 8 85
170 8 9 93
170 8 10 84
170 8 11 94
170 9 0 81
170 9 3 79
170 9 5 86
170 9 6 79
170 9 7 80
170 9 9 88
170 9 10 79
170 9 11 89
170 13 0 82
170 13 1 80
170 13 2 87
170 13 5 80
170 13 7 81
170 13 8 89
170 13 9 80
170 13 10 90
171 0 1 80
171 0 2 80
171 0 4 84
171 0 6 78
171 0 7 76
171 0 8 73
171 0 10 87
171 0 11 86
171 1 0 80
171 1 1 80
171 1 2 84
171 1 4 78
171 1 6 76
171 1 7 73
171 1 8 87
171 1 9 86
171 3 1 81
171 3 3 79
171 3 4 86
171 3 5 79
171 3 6 80
171 3 8 88
171 3 9 79
171 3 11 89
171 4 0 74
171 4 1 78
171 4 2 80
171 4 5 73
171 4 6 80
171 4 7 77
171 4 10 84
171 4 11 83
172 0 1 68
172 0 2 72
172 0 4 74
172 0 6 67
172 0 7 74
172 0 8 71
172 0 10 78
172 0 11 77
172 4 0 70
172 4 1 70
172 4 2 63
172 4 5 68
172 4 6 67
172 4 7 69
172 4 10 66
172 4 11 60
172 13 0 68
172 13 1 68
172 13 2 61
172 13 5 66
172 13 7 65
172 13 8 67
172 13 9 64
172 13 10 58
172 14 1 72
172 14 2 67
172 14 3 65
172 14 6 70
172 14 8 71
172 14 9 76
172 14 10 67
172 14 11 77
173 0 1 68
173 0 2 68
173 0 4 61
173 0 6 66
173 0 7 65
173 0 8 67
173 0 10 64
173 0 11 58
173 6 0 68
173 6 3 68
173 6 4 61
173 6 5 66
173 6 6 65
173 6 8 67
173 6 9 64
173 6 10 58
173 7 0 58
173 7 1 56
173 7 3 63
173 7 5 62
173 7 6 63
173 7 8 59
173 7 9 62
173 7 10 54
174 5 0 75
174 5 1 79
174 5 3 81
174 5 4 74
174 5 5 81
174 5 6 78
174 5 7 85
174 5 11 84
174 8 1 73
174 8 5 77
174 8 6 79
174 8 7 72
174 8 8 79
174 8 9 76
174 8 10 83
174 8 11 82
174 12 0 81
174 12 3 79
174 12 4 86
174 12 7 79
174 12 8 80
174 12 9 88
174 12 10 79
174 12 11 89
174 13 0 73
174 13 1 77
174 13 2 79
174 13 5 72
174 13 7 79
174 13 8 76
174 13 9 83
174 13 10 82
175 1 0 10
175 1 1 11
175 1 2 11
175 1 4 9
175 1 6 11
175 1 7 10
175 1 8 12
175 1 9 12
175 5 0 11
175 5 1 12
175 5 3 12
175 5 4 10
175 5 5 12
175 5 6 11
175 5 7 13
175 5 11 13
175 7 0 11
175 7 1 12
175 7 3 12
175 7 5 10
175 7 6 12
175 7 8 11
175 7 9 13
175 7 10 13
175 14 1 9
175 14 2 10
175 14 3 11
175 14 6 10
175 14 8 11
175 14 9 10
175 14 10 10
175 14 11 11
176 2 0 70
176 2 1 74
176 2 2 76
176 2 3 69
176 2 6 76
176 2 7 73
176 2 9 80
176 2 10 79
176 4 0 74
176 4 1 78
176 4 2 80
176 4 5 73
176 4 6 80
176 4 7 77
176 4 10 84
176 4 11 83
176 7 0 80
176 7 1 80
176 7 3 84
176 7 5 78
176 7 6 76
176 7 8 73
176 7 9 87
176 7 10 86
176 10 0 69
176 10 1 73
176 10 3 75
176 10 5 68
176 10 6 75
176 10 7 72
176 10 10 79
176 10 11 78
176 14 1 80
176 14 2 80
176 14 3 84
176 14 6 78
176 14 8 76
176 14 9 73
176 14 10 87
176 14 11 86
177 7 0 20
177 7 1 24
177 7 3 25
177 7 5 24
177 7 6 25
177 7 8 21
177 7 9 24
177 7 10 22
177 10 0 24
177 10 1 28
177 10 3 29
177 10 5 28
177 10 6 29
177 10 7 25
177 10 10 28
177 10 11 26
177 14 1 25
177 14 2 29
177 14 3 30
177 14 6 29
177 14 8 30
177 14 9 26
177 14 10 29
177 14 11 27
178 0 1 70
178 0 2 74
178 0 4 76
178 0 6 69
178 0 7 76
178 0 8 73
178 0 10 80
178 0 11 79
178 3 1 74
178 3 3 78
178 3 4 80
178 3 5 73
178 3 6 80
178 3 8 77
178 3 9 84
178 3 11 83
178 4 0 80
178 4 1 80
178 4 2 84
178 4 5 78
178 4 6 76
178 4 7 73
178 4 10 87
178 4 11 86
178 8 1 69
178 8 5 73
178 8 6 75
178 8 7 68
178 8 8 75
178 8 9 72
178 8 10 79
178 8 11 78
178 13 0 80
178 13 1 80
178 13 2 84
178 13 5 78
178 13 7 76
178 13 8 73
178 13 9 87
178 13 10 86
179 4 0 101
179 4 1 91
179 4 2 94
179 4 5 89
179 4 6 90
179 4 7 90
179 4 10 101
179 4 11 101
179 6 0 84
179 6 3 82
179 6 4 89
179 6 5 82
179 6 6 83
179 6 8 91
179 6 9 82
179 6 10 92
179 8 1 96
179 8 5 89
179 8 6 94
179 8 7 83
179 8 8 86
179 8 9 86
179 8 10 97
179 8 11 91
179 13 0 82
179 13 1 80
179 13 2 87
179 13 5 80
179 13 7 81
179 13 8 89
179 13 9 80
179 13 10 90
179 14 1 83
179 14 2 81
179 14 3 88
179 14 6 81
179 14 8 82
179 14 9 90
179 14 10 81
179 14 11 91
180 6 0 68
180 6 3 72
180 6 4 74
180 6 5 67
180 6 6 74
180 6 8 71
180 6 9 78
180 6 10 77
180 7 0 70
180 7 1 70
180 7 3 63
180 7 5 68
180 7 6 67
180 7 8 69
180 7 9 66
180 7 10 60
180 10 0 68
180 10 1 68
180 10 3 61
180 10 5 66
180 10 6 65
180 10 7 67
180 10 10 64
180 10 11 58
180 12 0 72
180 12 3 67
180 12 4 65
180 12 7 70
180 12 8 71
180 12 9 76
180 12 10 67
180 12 11 77
181 2 0 30
181 2 1 30
181 2 2 30
181 2 3 28
181 2 6 27
181 2 7 29
181 2 9 33
181 2 10 27
181 13 0 30
181 13 1 30
181 13 2 30
181 13 5 28
181 13 7 27
181 13 8 29
181 13 9 33
181 13 10 27
181 14 1 30
181 14 2 30
181 14 3 30
181 14 6 28
181 14 8 27
181 14 9 29
181 14 10 33
181 14 11 27
182 0 1 53
182 0 2 51
182 0 4 58
182 0 6 57
182 0 7 58
182 0 8 54
182 0 10 57
182 0 11 49
182 9 0 51
182 9 3 49
182 9 5 56
182 9 6 55
182 9 7 56
182 9 9 52
182 9 10 55
182 9 11 47
182 11 1 58
182 11 2 56
182 11 3 63
182 11 7 62
182 11 8 63
182 11 9 59
182 11 10 62
182 11 11 54
182 12 0 57
182 12 3 55
182 12 4 62
182 12 7 61
182 12 8 62
182 12 9 58
182 12 10 61
182 12 11 53
182 13 0 58
182 13 1 56
182 13 2 63
182 13 5 62
182 13 7 63
182 13 8 59
182 13 9 62
182 13 10 54
183 2 0 71
183 2 1 75
183 2 2 77
183 2 3 70
183 2 6 77
183 2 7 74
183 2 9 81
183 2 10 80
183 4 0 75
183 4 1 79
183 4 2 81
183 4 5 74
183 4 6 81
183 4 7 78
183 4 10 85
183 4 11 84
183 7 0 78
183 7 1 76
183 7 3 83
183 7 5 76
183 7 6 77
183 7 8 85
183 7 9 76
183 7 10 86
183 10 0 70
183 10 1 74
183 10 3 76
183 10 5 69
183 10 6 76
183 10 7 73
183 10 10 80
183 10 11 79
183 13 0 78
183 13 1 76
183 13 2 83
183 13 5 76
183 13 7 77
183 13 8 85
183 13 9 76
183 13 10 86
184 2 0 80
184 2 1 80
184 2 2 84
184 2 3 78
184 2 6 76
184 2 7 73
184 2 9 87
184 2 10 86
184 4 0 80
184 4 1 80
184 4 2 84
184 4 5 78
184 4 6 76
184 4 7 73
184 4 10 87
184 4 11 86
184 6 0 81
184 6 3 79
184 6 4 86
184 6 5 79
184 6 6 80
184 6 8 88
184 6 9 79
184 6 10 89
184 8 1 74
184 8 5 78
184 8 6 80
184 8 7 73
184 8 8 80
184 8 9 77
184 8 10 84
184 8 11 83
185 2 0 74
185 2 1 78
185 2 2 80
185 2 3 73
185 2 6 80
185 2 7 77
185 2 9 84
185 2 10 83
185 4 0 72
185 4 1 76
185 4 2 78
185 4 5 71
185 4 6 78
185 4 7 75
185 4 10 82
185 4 11 81
185 7 0 80
185 7 1 78
185 7 3 85
185 7 5 78
185 7 6 79
185 7 8 87
185 7 9 78
185 7 10 88
185 9 0 72
185 9 3 76
185 9 5 78
185 9 6 71
185 9 7 78
185 9 9 75
185 9 10 82
185 9 11 81
185 12 0 73
185 12 3 77
185 12 4 79
185 12 7 72
185 12 8 79
185 12 9 76
185 12 10 83
185 12 11 82
186 4 0 51
186 4 1 49
186 4 2 56
186 4 5 55
186 4 6 56
186 4 7 52
186 4 10 55
186 4 11 47
186 8 1 48
186 8 5 48
186 8 6 51
186 8 7 46
186 8 8 47
186 8 9 47
186 8 10 48
186 8 11 48
186 12 0 56
186 12 3 54
186 12 4 61
186 12 7 60
186 12 8 61
186 12 9 57
186 12 10 60
186 12 11 52
186 14 1 55
186 14 2 53
186 14 3 60
186 14 6 59
186 14 8 60
186 14 9 56
186 14 10 59
186 14 11 51
187 3 1 30
187 3 3 30
187 3 4 30
187 3 5 28
187 3 6 27
187 3 8 29
187 3 9 33
187 3 11 27
187 4 0 30
187 4 1 30
187 4 2 30
187 4 5 28
187 4 6 27
187 4 7 29
187 4 10 33
187 4 11 27
187 9 0 30
187 9 3 30
187 9 5 30
187 9 6 28
187 9 7 27
187 9 9 29
187 9 10 33
187 9 11 27
188 1 0 32
188 1 1 34
188 1 2 35
188 1 4 31
188 1 6 35
188 1 7 33
188 1 8 37
188 1 9 36
188 10 0 34
188 10 1 36
188 10 3 37
188 10 5 33
188 10 6 37
188 10 7 35
188 10 10 39
188 10 11 38
188 11 1 35
188 11 2 37
188 11 3 38
188 11 7 34
188 11 8 38
188 11 9 36
188 11 10 40
188 11 11 39
188 12 0 31
188 12 3 33
188 12 4 34
188 12 7 30
188 12 8 34
188 12 9 32
188 12 10 36
188 12 11 35
188 13 0 35
188 13 1 37
188 13 2 38
188 13 5 34
188 13 7 38
188 13 8 36
188 13 9 40
188 13 10 39
189 1 0 68
189 1 1 72
189 1 2 74
189 1 4 67
189 1 6 74
189 1 7 71
189 1 8 78
189 1 9 77
189 2 0 72
189 2 1 76
189 2 2 78
189 2 3 71
189 2 6 78
189 2 7 75
189 2 9 82
189 2 10 81
189 6 0 74
189 6 3 78
189 6 4 80
189 6 5 73
189 6 6 80
189 6 8 77
189 6 9 84
189 6 10 83
189 9 0 67
189 9 3 71
189 9 5 73
189 9 6 66
189 9 7 73
189 9 9 70
189 9 10 77
189 9 11 76
189 11 1 74
189 11 2 78
189 11 3 80
189 11 7 73
189 11 8 80
189 11 9 77
189 11 10 84
189 11 11 83
190 0 1 69
190 0 2 73
190 0 4 75
190 0 6 68
190 0 7 75
190 0 8 72
190 0 10 79
190 0 11 78
190 2 0 73
190 2 1 77
190 2 2 79
190 2 3 72
190 2 6 79
190 2 7 76
190 2 9 83
190 2 10 82
190 9 0 75
190 9 3 79
190 9 5 81
190 9 6 74
190 9 7 81
190 9 9 78
190 9 10 85
190 9 11 84
190 11 1 68
190 11 2 72
190 11 3 74
190 11 7 67
190 11 8 74
190 11 9 71
190 11 10 78
190 11 11 77
190 14 1 75
190 14 2 79
190 14 3 81
190 14 6 74
190 14 8 81
190 14 9 78
190 14 10 85
190 14 11 84
191 3 1 45
191 3 3 45
191 3 4 48
191 3 5 43
191 3 6 44
191 3 8 44
191 3 9 45
191 3 11 45
191 12 0 45
191 12 3 45
191 12 4 48
191 12 7 43
191 12 8 44
191 12 9 44
191 12 10 45
191 12 11 45
191 13 0 48
191 13 1 48
191 13 2 51
191 13 5 46
191 13 7 47
191 13 8 47
191 13 9 48
191 13 10 48
192 0 1 46
192 0 2 46
192 0 4 49
192 0 6 44
192 0 7 45
192 0 8 45
192 0 10 46
192 0 11 46
192 3 1 46
192 3 3 46
192 3 4 49
192 3 5 44
192 3 6 45
192 3 8 45
192 3 9 46
192 3 11 46
192 5 0 51
192 5 1 53
192 5 3 55
192 5 4 51
192 5 5 51
192 5 6 52
192 5 7 50
192 5 11 55
192 9 0 44
192 9 3 44
192 9 5 47
192 9 6 42
192 9 7 43
192 9 9 43
192 9 10 44
192 9 11 44
193 7 0 70
193 7 1 74
193 7 3 76
193 7 5 69
193 7 6 76
193 7 8 73
193 7 9 80
193 7 10 79
193 9 0 74
193 9 3 78
193 9 5 80
193 9 6 73
193 9 7 80
193 9 9 77
193 9 10 84
193 9 11 83
193 12 0 80
193 12 3 80
193 12 4 84
193 12 7 78
193 12 8 76
193 12 9 73
193 12 10 87
193 12 11 86
194 1 0 16
194 1 1 17
194 1 2 17
194 1 4 15
194 1 6 17
194 1 7 16
194 1 8 18
194 1 9 18
194 2 0 17
194 2 1 18
194 2 2 18
194 2 3 16
194 2 6 18
194 2 7 17
194 2 9 19
194 2 10 19
194 3 1 17
194 3 3 18
194 3 4 18
194 3 5 16
194 3 6 18
194 3 8 17
194 3 9 19
194 3 11 19
194 12 0 15
194 12 3 16
194 12 4 16
194 12 7 14
194 12 8 16
194 12 9 15
194 12 10 17
194 12 11 17
194 14 1 17
194 14 2 18
194 14 3 18
194 14 6 16
194 14 8 18
194 14 9 17
194 14 10 19
194 14 11 19
195 0 1 42
195 0 2 42
195 0 4 45
195 0 6 40
195 0 7 41
195 0 8 41
195 0 10 42
195 0 11 42
195 1 0 42
195 1 1 42
195 1 2 45
195 1 4 40
195 1 6 41
195 1 7 41
195 1 8 42
195 1 9 42
195 13 0 45
195 13 1 45
195 13 2 48
195 13 5 43
195 13 7 44
195 13 8 44
195 13 9 45
195 13 10 45
195 14 1 40
195 14 2 40
195 14 3 43
195 14 6 38
195 14 8 39
195 14 9 39
195 14 10 40
195 14 11 40
196 2 0 69
196 2 1 69
196 2 2 62
196 2 3 67
196 2 6 66
196 2 7 68
196 2 9 65
196 2 10 59
196 3 1 69
196 3 3 69
196 3 4 62
196 3 5 67
196 3 6 66
196 3 8 68
196 3 9 65
196 3 11 59
196 14 1 59
196 14 2 57
196 14 3 64
196 14 6 63
196 14 8 64
196 14 9 60
196 14 10 63
196 14 11 55
197 4 0 46
197 4 1 46
197 4 2 49
197 4 5 44
197 4 6 45
197 4 7 45
197 4 10 46
197 4 11 46
197 9 0 46
197 9 3 46
197 9 5 49
197 9 6 44
197 9 7 45
197 9 9 45
197 9 10 46
197 9 11 46
197 13 0 51
197 13 1 53
197 13 2 55
197 13 5 51
197 13 7 51
197 13 8 52
197 13 9 50
197 13 10 55
198 5 0 70
198 5 1 70
198 5 3 63
198 5 4 68
198 5 5 67
198 5 6 69
198 5 7 66
198 5 11 60
198 7 0 70
198 7 1 70
198 7 3 63
198 7 5 68
198 7 6 67
198 7 8 69
198 7 9 66
198 7 10 60
198 11 1 62
198 11 2 55
198 11 3 64
198 11 7 57
198 11 8 61
198 11 9 57
198 11 10 64
198 11 11 54
199 2 0 103
199 2 1 93
199 2 2 96
199 2 3 91
199 2 6 92
199 2 7 92
199 2 9 103
199 2 10 103
199 4 0 86
199 4 1 84
199 4 2 91
199 4 5 84
199 4 6 85
199 4 7 93
199 4 10 84
199 4 11 94
199 5 0 96
199 5 1 86
199 5 3 89
199 5 4 84
199 5 5 85
199 5 6 85
199 5 7 96
199 5 11 96
199 10 0 84
199 10 1 82
199 10 3 89
199 10 5 82
199 10 6 83
199 10 7 91
199 10 10 82
199 10 11 92
199 12 0 85
199 12 3 83
199 12 4 90
199 12 7 83
199 12 8 84
199 12 9 92
199 12 10 83
199 12 11 93
200 1 0 74
200 1 1 78
200 1 2 80
200 1 4 73
200 1 6 80
200 1 7 77
200 1 8 84
200 1 9 83
200 3 1 72
200 3 3 76
200 3 4 78
200 3 5 71
200 3 6 78
200 3 8 75
200 3 9 82
200 3 11 81
200 4 0 80
200 4 1 78
200 4 2 85
200 4 5 78
200 4 6 79
200 4 7 87
200 4 10 78
200 4 11 88
200 10 0 72
200 10 1 76
200 10 3 78
200 10 5 71
200 10 6 78
200 10 7 75
200 10 10 82
200 10 11 81
200 11 1 73
200 11 2 77
200 11 3 79
200 11 7 72
200 11 8 79
200 11 9 76
200 11 10 83
200 11 11 82
201 2 0 97
201 2 1 87
201 2 2 90
201 2 3 85
201 2 6 86
201 2 7 86
201 2 9 97
201 2 10 97
201 3 1 93
201 3 3 100
201 3 4 107
201 3 5 91
201 3 6 104
201 3 8 106
201 3 9 103
201 3 11 104
201 8 1 102
201 8 5 104
201 8 6 117
201 8 7 102
201 8 8 113
201 8 9 103
201 8 10 112
201 8 11 106
201 10 0 95
201 10 1 85
201 10 3 88
201 10 5 83
201 10 6 84
201 10 7 84
201 10 10 95
201 10 11 95
202 0 1 30
202 0 2 30
202 0 4 30
202 0 6 28
202 0 7 27
202 0 8 29
202 0 10 33
202 0 11 27
202 11 1 30
202 11 2 30
202 11 3 30
202 11 7 28
202 11 8 27
202 11 9 29
202 11 10 33
202 11 11 27
202 12 0 30
202 12 3 30
202 12 4 30
202 12 7 28
202 12 8 27
202 12 9 29
202 12 10 33
202 12 11 27
203 4 0 67
203 4 1 71
203 4 2 73
203 4 5 66
203 4 6 73
203 4 7 70
203 4 10 77
203 4 11 76
203 8 1 71
203 8 5 75
203 8 6 77
203 8 7 70
203 8 8 77
203 8 9 74
203 8 10 81
203 8 11 80
203 13 0 73
203 13 1 77
203 13 2 79
203 13 5 72
203 13 7 79
203 13 8 76
203 13 9 83
203 13 10 82
204 0 1 71
204 0 2 71
204 0 4 64
204 0 6 69
204 0 7 68
204 0 8 70
204 0 10 67
204 0 11 61
204 2 0 71
204 2 1 71
204 2 2 64
204 2 3 69
204 2 6 68
204 2 7 70
204 2 9 67
204 2 10 61
204 8 1 64
204 8 5 64
204 8 6 57
204 8 7 62
204 8 8 61
204 8 9 63
204 8 10 60
204 8 11 54
204 10 0 69
204 10 1 69
204 10 3 62
204 10 5 67
204 10 6 66
204 10 7 68
204 10 10 65
204 10 11 59
204 13 0 68
204 13 1 68
204 13 2 61
204 13 5 66
204 13 7 65
204 13 8 67
204 13 9 64
204 13 10 58
205 0 1 15
205 0 2 16
205 0 4 16
205 0 6 14
205 0 7 16
205 0 8 15
205 0 10 17
205 0 11 17
205 1 0 16
205 1 1 17
205 1 2 17
205 1 4 15
205 1 6 17
205 1 7 16
205 1 8 18
205 1 9 18
205 7 0 16
205 7 1 17
205 7 3 17
205 7 5 15
205 7 6 17
205 7 8 16
205 7 9 18
205 7 10 18
205 12 0 14
205 12 3 15
205 12 4 15
205 12 7 13
205 12 8 15
205 12 9 14
205 12 10 16
205 12 11 16
206 3 1 14
206 3 3 15
206 3 4 15
206 3 5 13
206 3 6 15
206 3 8 14
206 3 9 16
206 3 11 16
206 4 0 15
206 4 1 16
206 4 2 16
206 4 5 14
206 4 6 16
206 4 7 15
206 4 10 17
206 4 11 17
206 11 1 15
206 11 2 16
206 11 3 16
206 11 7 14
206 11 8 16
206 11 9 15
206 11 10 17
206 11 11 17
207 3 1 32
207 3 3 34
207 3 4 35
207 3 5 31
207 3 6 35
207 3 8 33
207 3 9 37
207 3 11 36
207 10 0 34
207 10 1 36
207 10 3 37
207 10 5 33
207 10 6 37
207 10 7 35
207 10 10 39
207 10 11 38
207 11 1 35
207 11 2 37
207 11 3 38
207 11 7 34
207 11 8 38
207 11 9 36
207 11 10 40
207 11 11 39
207 13 0 31
207 13 1 33
207 13 2 34
207 13 5 30
207 13 7 34
207 13 8 32
207 13 9 36
207 13 10 35
208 1 0 96
208 1 1 98
208 1 2 111
208 1 4 96
208 1 6 107
208 1 7 97
208 1 8 106
208 1 9 100
208 4 0 95
208 4 1 85
208 4 2 88
208 4 5 83
208 4 6 84
208 4 7 84
208 4 10 95
208 4 11 95
208 8 1 98
208 8 5 88
208 8 6 91
208 8 7 86
208 8 8 87
208 8 9 87
208 8 10 98
208 8 11 98
208 12 0 86
208 12 3 84
208 12 4 91
208 12 7 84
208 12 8 85
208 12 9 93
208 12 10 84
208 12 11 94
208 13 0 96
208 13 1 89
208 13 2 94
208 13 5 83
208 13 7 86
208 13 8 86
208 13 9 97
208 13 10 91
209 1 0 80
209 1 1 78
209 1 2 85
209 1 4 78
209 1 6 79
209 1 7 87
209 1 8 78
209 1 9 88
209 2 0 78
209 2 1 76
209 2 2 83
209 2 3 76
209 2 6 77
209 2 7 85
209 2 9 76
209 2 10 86
209 6 0 85
209 6 3 83
209 6 4 90
209 6 5 83
209 6 6 84
209 6 8 92
209 6 9 83
209 6 10 93
209 9 0 78
209 9 3 76
209 9 5 83
209 9 6 76
209 9 7 77
209 9 9 85
209 9 10 76
209 9 11 86
210 0 1 68
210 0 2 68
210 0 4 61
210 0 6 66
210 0 7 65
210 0 8 67
210 0 10 64
210 0 11 58
210 6 0 68
210 6 3 68
210 6 4 61
210 6 5 66
210 6 6 65
210 6 8 67
210 6 9 64
210 6 10 58
210 10 0 58
210 10 1 56
210 10 3 63
210 10 5 62
210 10 6 63
210 10 7 59
210 10 10 62
210 10 11 54
210 13 0 66
210 13 1 66
210 13 2 59
210 13 5 64
210 13 7 63
210 13 8 65
210 13 9 62
210 13 10 56
211 6 0 80
211 6 3 80
211 6 4 84
211 6 5 78
211 6 6 76
211 6 8 73
211 6 9 87
211 6 10 86
211 13 0 74
211 13 1 78
211 13 2 80
211 13 5 73
211 13 7 80
211 13 8 77
211 13 9 84
211 13 10 83
211 14 1 82
211 14 2 80
211 14 3 87
211 14 6 80
211 14 8 81
211 14 9 89
211 14 10 80
211 14 11 90
212 2 0 70
212 2 1 70
212 2 2 63
212 2 3 68
212 2 6 67
212 2 7 69
212 2 9 66
212 2 10 60
212 6 0 67
212 6 3 71
212 6 4 73
212 6 5 66
212 6 6 73
212 6 8 70
212 6 9 77
212 6 10 76
212 7 0 69
212 7 1 73
212 7 3 75
212 7 5 68
212 7 6 75
212 7 8 72
212 7 9 79
212 7 10 78
212 11 1 69
212 11 2 69
212 11 3 62
212 11 7 67
212 11 8 66
212 11 9 68
212 11 10 65
212 11 11 59
212 13 0 69
212 13 1 73
212 13 2 75
212 13 5 68
212 13 7 75
212 13 8 72
212 13 9 79
212 13 10 78
213 1 0 17
213 1 1 18
213 1 2 18
213 1 4 16
213 1 6 18
213 1 7 17
213 1 8 19
213 1 9 19
213 10 0 18
213 10 1 19
213 10 3 19
213 10 5 17
213 10 6 19
213 10 7 18
213 10 10 20
213 10 11 20
213 13 0 18
213 13 1 19
213 13 2 19
213 13 5 17
213 13 7 19
213 13 8 18
213 13 9 20
213 13 10 20
214 0 1 54
214 0 2 52
214 0 4 59
214 0 6 58
214 0 7 59
214 0 8 55
214 0 10 58
214 0 11 50
214 2 0 52
214 2 1 50
214 2 2 57
214 2 3 56
214 2 6 57
214 2 7 53
214 2 9 56
214 2 10 48
214 6 0 59
214 6 3 57
214 6 4 64
214 6 5 63
214 6 6 64
214 6 8 60
214 6 9 63
214 6 10 55
214 8 1 58
214 8 5 56
214 8 6 63
214 8 7 62
214 8 8 63
214 8 9 59
214 8 10 62
214 8 11 54
214 10 0 59
214 10 1 57
214 10 3 64
214 10 5 63
214 10 6 64
214 10 7 60
214 10 10 63
214 10 11 55
215 0 1 42
215 0 2 42
215 0 4 45
215 0 6 40
215 0 7 41
215 0 8 41
215 0 10 42
215 0 11 42
215 7 0 42
215 7 1 42
215 7 3 45
215 7 5 40
215 7 6 41
215 7 8 41
215 7 9 42
215 7 10 42
215 9 0 45
215 9 3 45
215 9 5 48
215 9 6 43
215 9 7 44
215 9 9 44
215 9 10 45
215 9 11 45
215 11 1 40
215 11 2 40
215 11 3 43
215 11 7 38
215 11 8 39
215 11 9 39
215 11 10 40
215 11 11 40
215 13 0 41
215 13 1 41
215 13 2 44
215 13 5 39
215 13 7 40
215 13 8 40
215 13 9 41
215 13 10 41
216 2 0 16
216 2 1 17
216 2 2 17
216 2 3 15
216 2 6 17
216 2 7 16
216 2 9 18
216 2 10 18
216 4 0 17
216 4 1 18
216 4 2 18
216 4 5 16
216 4 6 18
216 4 7 17
216 4 10 19
216 4 11 19
216 6 0 17
216 6 3 18
216 6 4 18
216 6 5 16
216 6 6 18
216 6 8 17
216 6 9 19
216 6 10 19
216 7 0 15
216 7 1 16
216 7 3 16
216 7 5 14
216 7 6 16
216 7 8 15
216 7 9 17
216 7 10 17
216 14 1 17
216 14 2 18
216 14 3 18
216 14 6 16
216 14 8 18
216 14 9 17
216 14 10 19
216 14 11 19
217 2 0 78
217 2 1 76
217 2 2 83
217 2 3 76
217 2 6 77
217 2 7 85
217 2 9 76
217 2 10 86
217 5 0 75
217 5 1 79
217 5 3 81
217 5 4 74
217 5 5 81
217 5 6 78
217 5 7 85
217 5 11 84
217 13 0 83
217 13 1 81
217 13 2 88
217 13 5 81
217 13 7 82
217 13 8 90
217 13 9 81
217 13 10 91
217 14 1 75
217 14 2 79
217 14 3 81
217 14 6 74
217 14 8 81
217 14 9 78
217 14 10 85
217 14 11 84
218 1 0 15
218 1 1 16
218 1 2 16
218 1 4 14
218 1 6 16
218 1 7 15
218 1 8 17
218 1 9 17
218 4 0 16
218 4 1 17
218 4 2 17
218 4 5 15
218 4 6 17
218 4 7 16
218 4 10 18
218 4 11 18
218 7 0 16
218 7 1 17
218 7 3 17
218 7 5 15
218 7 6 17
218 7 8 16
218 7 9 18
218 7 10 18
218 8 1 14
218 8 5 15
218 8 6 15
218 8 7 13
218 8 8 15
218 8 9 14
218 8 10 16
218 8 11 16
219 1 0 19
219 1 1 23
219 1 2 24
219 1 4 23
219 1 6 24
219 1 7 20
219 1 8 23
219 1 9 21
219 2 0 23
219 2 1 27
219 2 2 28
219 2 3 27
219 2 6 28
219 2 7 24
219 2 9 27
219 2 10 25
219 4 0 24
219 4 1 28
219 4 2 29
219 4 5 28
219 4 6 29
219 4 7 25
219 4 10 28
219 4 11 26
219 5 0 23
219 5 1 27
219 5 3 28
219 5 4 27
219 5 5 28
219 5 6 24
219 5 7 27
219 5 11 25
219 14 1 24
219 14 2 28
219 14 3 29
219 14 6 28
219 14 8 29
219 14 9 25
219 14 10 28
219 14 11 26
220 0 1 30
220 0 2 32
220 0 4 33
220 0 6 29
220 0 7 33
220 0 8 31
220 0 10 35
220 0 11 34
220 1 0 32
220 1 1 34
220 1 2 35
220 1 4 31
220 1 6 35
220 1 7 33
220 1 8 37
220 1 9 36
220 2 0 33
220 2 1 35
220 2 2 36
220 2 3 32
220 2 6 36
220 2 7 34
220 2 9 38
220 2 10 37
220 11 1 29
220 11 2 31
220 11 3 32
220 11 7 28
220 11 8 32
220 11 9 30
220 11 10 34
220 11 11 33
221 2 0 35
221 2 1 37
221 2 2 38
221 2 3 34
221 2 6 38
221 2 7 36
221 2 9 40
221 2 10 39
221 3 1 37
221 3 3 39
221 3 4 40
221 3 5 36
221 3 6 40
221 3 8 38
221 3 9 42
221 3 11 41
221 8 1 42
221 8 5 40
221 8 6 38
221 8 7 40
221 8 8 41
221 8 9 40
221 8 10 40
221 8 11 41
221 11 1 34
221 11 2 36
221 11 3 37
221 11 7 33
221 11 8 37
221 11 9 35
221 11 10 39
221 11 11 38
221 13 0 42
221 13 1 40
221 13 2 38
221 13 5 40
221 13 7 41
221 13 8 40
221 13 9 40
221 13 10 41
222 1 0 9
222 1 1 10
222 1 2 11
222 1 4 10
222 1 6 11
222 1 7 10
222 1 8 10
222 1 9 11
222 2 0 10
222 2 1 11
222 2 2 11
222 2 3 9
222 2 6 11
222 2 7 10
222 2 9 12
222 2 10 12
222 3 1 10
222 3 3 11
222 3 4 11
222 3 5 9
222 3 6 11
222 3 8 10
222 3 9 12
222 3 11 12
222 13 0 8
222 13 1 9
222 13 2 9
222 13 5 8
222 13 7 9
222 13 8 8
222 13 9 9
222 13 10 9
223 2 0 45
223 2 1 45
223 2 2 48
223 2 3 43
223 2 6 44
223 2 7 44
223 2 9 45
223 2 10 45
223 9 0 45
223 9 3 45
223 9 5 48
223 9 6 43
223 9 7 44
223 9 9 44
223 9 10 45
223 9 11 45
223 12 0 48
223 12 3 48
223 12 4 51
223 12 7 46
223 12 8 47
223 12 9 47
223 12 10 48
223 12 11 48
223 13 0 43
223 13 1 43
223 13 2 46
223 13 5 41
223 13 7 42
223 13 8 42
223 13 9 43
223 13 10 43
224 0 1 69
224 0 2 69
224 0 4 62
224 0 6 67
224 0 7 66
224 0 8 68
224 0 10 65
224 0 11 59
224 2 0 69
224 2 1 69
224 2 2 62
224 2 3 67
224 2 6 66
224 2 7 68
224 2 9 65
224 2 10 59
224 9 0 59
224 9 3 57
224 9 5 64
224 9 6 63
224 9 7 64
224 9 9 60
224 9 10 63
224 9 11 55
224 10 0 67
224 10 1 67
224 10 3 60
224 10 5 65
224 10 6 64
224 10 7 66
224 10 10 63
224 10 11 57
224 12 0 66
224 12 3 66
224 12 4 59
224 12 7 64
224 12 8 63
224 12 9 65
224 12 10 62
224 12 11 56
225 2 0 20
225 2 1 24
225 2 2 25
225 2 3 24
225 2 6 25
225 2 7 21
225 2 9 24
225 2 10 22
225 7 0 24
225 7 1 28
225 7 3 29
225 7 5 28
225 7 6 29
225 7 8 25
225 7 9 28
225 7 10 26
225 9 0 25
225 9 3 29
225 9 5 30
225 9 6 29
225 9 7 30
225 9 9 26
225 9 10 29
225 9 11 27
225 13 0 24
225 13 1 28
225 13 2 29
225 13 5 28
225 13 7 29
225 13 8 25
225 13 9 28
225 13 10 26
226 0 1 78
226 0 2 76
226 0 4 83
226 0 6 76
226 0 7 77
226 0 8 85
226 0 10 76
226 0 11 86
226 2 0 75
226 2 1 79
226 2 2 81
226 2 3 74
226 2 6 81
226 2 7 78
226 2 9 85
226 2 10 84
226 9 0 83
226 9 3 81
226 9 5 88
226 9 6 81
226 9 7 82
226 9 9 90
226 9 10 81
226 9 11 91
226 12 0 75
226 12 3 79
226 12 4 81
226 12 7 74
226 12 8 81
226 12 9 78
226 12 10 85
226 12 11 84
227 9 0 51
227 9 3 49
227 9 5 56
227 9 6 55
227 9 7 56
227 9 9 52
227 9 10 55
227 9 11 47
227 12 0 53
227 12 3 51
227 12 4 58
227 12 7 57
227 12 8 58
227 12 9 54
227 12 10 57
227 12 11 49
227 14 1 55
227 14 2 53
227 14 3 60
227 14 6 59
227 14 8 60
227 14 9 56
227 14 10 59
227 14 11 51
228 1 0 69
228 1 1 73
228 1 2 75
228 1 4 68
228 1 6 75
228 1 7 72
228 1 8 79
228 1 9 78
228 2 0 73
228 2 1 77
228 2 2 79
228 2 3 72
228 2 6 79
228 2 7 76
228 2 9 83
228 2 10 82
228 6 0 75
228 6 3 79
228 6 4 81
228 6 5 74
228 6 6 81
228 6 8 78
228 6 9 85
228 6 10 84
228 11 1 68
228 11 2 72
228 11 3 74
228 11 7 67
228 11 8 74
228 11 9 71
228 11 10 78
228 11 11 77
229 2 0 70
229 2 1 70
229 2 2 63
229 2 3 68
229 2 6 67
229 2 7 69
229 2 9 66
229 2 10 60
229 7 0 67
229 7 1 71
229 7 3 73
229 7 5 66
229 7 6 73
229 7 8 70
229 7 9 77
229 7 10 76
229 10 0 69
229 10 1 73
229 10 3 75
229 10 5 68
229 10 6 75
229 10 7 72
229 10 10 79
229 10 11 78
229 11 1 69
229 11 2 69
229 11 3 62
229 11 7 67
229 11 8 66
229 11 9 68
229 11 10 65
229 11 11 59
230 0 1 97
230 0 2 99
230 0 4 112
230 0 6 97
230 0 7 108
230 0 8 98
230 0 10 107
230 0 11 101
230 4 0 96
230 4 1 86
230 4 2 89
230 4 5 84
230 4 6 85
230 4 7 85
230 4 10 96
230 4 11 96
230 6 0 99
230 6 3 89
230 6 4 92
230 6 5 87
230 6 6 88
230 6 8 88
230 6 9 99
230 6 10 99
230 7 0 96
230 7 1 89
230 7 3 94
230 7 5 83
230 7 6 86
230 7 8 86
230 7 9 97
230 7 10 91
231 1 0 29
231 1 1 31
231 1 2 32
231 1 4 28
231 1 6 32
231 1 7 30
231 1 8 34
231 1 9 33
231 9 0 31
231 9 3 33
231 9 5 34
231 9 6 30
231 9 7 34
231 9 9 32
231 9 10 36
231 9 11 35
231 11 1 32
231 11 2 34
231 11 3 35
231 11 7 31
231 11 8 35
231 11 9 33
231 11 10 37
231 11 11 36
231 12 0 30
231 12 3 30
231 12 4 30
231 12 7 28
231 12 8 27
231 12 9 29
231 12 10 33
231 12 11 27
231 13 0 32
231 13 1 34
231 13 2 35
231 13 5 31
231 13 7 35
231 13 8 33
231 13 9 37
231 13 10 36
232 6 0 30
232 6 3 30
232 6 4 30
232 6 5 28
232 6 6 27
232 6 8 29
232 6 9 33
232 6 10 27
232 7 0 30
232 7 1 32
232 7 3 33
232 7 5 29
232 7 6 33
232 7 8 31
232 7 9 35
232 7 10 34
232 11 1 31
232 11 2 33
232 11 3 34
232 11 7 30
232 11 8 34
232 11 9 32
232 11 10 36
232 11 11 35
233 0 1 12
233 0 2 13
233 0 4 13
233 0 6 11
233 0 7 13
233 0 8 12
233 0 10 14
233 0 11 14
233 3 1 13
233 3 3 14
233 3 4 14
233 3 5 12
233 3 6 14
233 3 8 13
233 3 9 15
233 3 11 15
233 4 0 13
233 4 1 14
233 4 2 14
233 4 5 12
233 4 6 14
233 4 7 13
233 4 10 15
233 4 11 15
233 8 1 11
233 8 5 12
233 8 6 12
233 8 7 10
233 8 8 12
233 8 9 11
233 8 10 13
233 8 11 13
233 12 0 13
233 12 3 14
233 12 4 14
233 12 7 12
233 12 8 14
233 12 9 13
233 12 10 15
233 12 11 15
234 1 0 19
234 1 1 23
234 1 2 24
234 1 4 23
234 1 6 24
234 1 7 20
234 1 8 23
234 1 9 21
234 2 0 23
234 2 1 27
234 2 2 28
234 2 3 27
234 2 6 28
234 2 7 24
234 2 9 27
234 2 10 25
234 4 0 24
234 4 1 28
234 4 2 29
234 4 5 28
234 4 6 29
234 4 7 25
234 4 10 28
234 4 11 26
234 5 0 23
234 5 1 27
234 5 3 28
234 5 4 27
234 5 5 28
234 5 6 24
234 5 7 27
234 5 11 25
234 7 0 24
234 7 1 28
234 7 3 29
234 7 5 28
234 7 6 29
234 7 8 25
234 7 9 28
234 7 10 26
235 1 0 52
235 1 1 50
235 1 2 57
235 1 4 56
235 1 6 57
235 1 7 53
235 1 8 56
235 1 9 48
235 2 0 51
235 2 1 53
235 2 2 55
235 2 3 51
235 2 6 51
235 2 7 52
235 2 9 50
235 2 10 55
235 3 1 57
235 3 3 55
235 3 4 62
235 3 5 61
235 3 6 62
235 3 8 58
235 3 9 61
235 3 11 53
235 8 1 56
235 8 5 54
235 8 6 61
235 8 7 60
235 8 8 61
235 8 9 57
235 8 10 60
235 8 11 52
236 0 1 51
236 0 2 49
236 0 4 56
236 0 6 55
236 0 7 56
236 0 8 52
236 0 10 55
236 0 11 47
236 5 0 53
236 5 1 51
236 5 3 58
236 5 4 57
236 5 5 58
236 5 6 54
236 5 7 57
236 5 11 49
236 7 0 55
236 7 1 53
236 7 3 60
236 7 5 59
236 7 6 60
236 7 8 56
236 7 9 59
236 7 10 51
236 8 1 51
236 8 5 49
236 8 6 56
236 8 7 55
236 8 8 56
236 8 9 52
236 8 10 55
236 8 11 47
236 13 0 51
236 13 1 49
236 13 2 56
236 13 5 55
236 13 7 56
236 13 8 52
236 13 9 55
236 13 10 47
237 3 1 72
237 3 3 67
237 3 4 65
237 3 5 70
237 3 6 71
237 3 8 76
237 3 9 67
237 3 11 77
237 6 0 70
237 6 3 74
237 6 4 76
237 6 5 69
237 6 6 76
237 6 8 73
237 6 9 80
237 6 10 79
237 7 0 72
237 7 1 76
237 7 3 78
237 7 5 71
237 7 6 78
237 7 8 75
237 7 9 82
237 7 10 81
238 0 1 40
238 0 2 40
238 0 4 43
238 0 6 38
238 0 7 39
238 0 8 39
238 0 10 40
238 0 11 40
238 2 0 40
238 2 1 40
238 2 2 43
238 2 3 38
238 2 6 39
238 2 7 39
238 2 9 40
238 2 10 40
238 4 0 43
238 4 1 43
238 4 2 46
238 4 5 41
238 4 6 42
238 4 7 42
238 4 10 43
238 4 11 43
238 11 1 37
238 11 2 39
238 11 3 40
238 11 7 36
238 11 8 40
238 11 9 38
238 11 10 42
238 11 11 41
238 13 0 42
238 13 1 40
238 13 2 38
238 13 5 40
238 13 7 41
238 13 8 40
238 13 9 40
238 13 10 41
239 1 0 12
239 1 1 13
239 1 2 13
239 1 4 11
239 1 6 13
239 1 7 12
239 1 8 14
239 1 9 14
239 4 0 13
239 4 1 14
239 4 2 14
239 4 5 12
239 4 6 14
239 4 7 13
239 4 10 15
239 4 11 15
239 6 0 13
239 6 3 14
239 6 4 14
239 6 5 12
239 6 6 14
239 6 8 13
239 6 9 15
239 6 10 15
240 2 0 12
240 2 1 13
240 2 2 13
240 2 3 11
240 2 6 13
240 2 7 12
240 2 9 14
240 2 10 14
240 6 0 13
240 6 3 14
240 6 4 14
240 6 5 12
240 6 6 14
240 6 8 13
240 6 9 15
240 6 10 15
240 7 0 13
240 7 1 14
240 7 3 14
240 7 5 12
240 7 6 14
240 7 8 13
240 7 9 15
240 7 10 15
241 5 0 18
241 5 1 22
241 5 3 23
241 5 4 22
241 5 5 23
241 5 6 19
241 5 7 22
241 5 11 20
241 6 0 22
241 6 3 26
241 6 4 27
241 6 5 26
241 6 6 27
241 6 8 23
241 6 9 26
241 6 10 24
241 11 1 23
241 11 2 27
241 11 3 28
241 11 7 27
241 11 8 28
241 11 9 24
241 11 10 27
241 11 11 25
242 0 1 44
242 0 2 44
242 0 4 47
242 0 6 42
242 0 7 43
242 0 8 43
242 0 10 44
242 0 11 44
242 1 0 44
242 1 1 44
242 1 2 47
242 1 4 42
242 1 6 43
242 1 7 43
242 1 8 44
242 1 9 44
242 4 0 47
242 4 1 47
242 4 2 50
242 4 5 45
242 4 6 46
242 4 7 46
242 4 10 47
242 4 11 47
242 11 1 42
242 11 2 42
242 11 3 45
242 11 7 40
242 11 8 41
242 11 9 41
242 11 10 42
242 11 11 42
242 14 1 43
242 14 2 43
242 14 3 46
242 14 6 41
242 14 8 42
242 14 9 42
242 14 10 43
242 14 11 43
243 8 1 72
243 8 5 67
243 8 6 65
243 8 7 70
243 8 8 71
243 8 9 76
243 8 10 67
243 8 11 77
243 9 0 72
243 9 3 67
243 9 5 65
243 9 6 70
243 9 7 71
243 9 9 76
243 9 10 67
243 9 11 77
243 11 1 66
243 11 2 66
243 11 3 59
243 11 7 64
243 11 8 63
243 11 9 65
243 11 10 62
243 11 11 56
243 13 0 71
243 13 1 71
243 13 2 64
243 13 5 69
243 13 7 68
243 13 8 70
243 13 9 67
243 13 10 61
243 14 1 70
243 14 2 70
243 14 3 63
243 14 6 68
243 14 8 67
243 14 9 69
243 14 10 66
243 14 11 60
244 2 0 101
244 2 1 91
244 2 2 94
244 2 3 89
244 2 6 90
244 2 7 90
244 2 9 101
244 2 10 101
244 8 1 84
244 8 5 82
244 8 6 89
244 8 7 82
244 8 8 83
244 8 9 91
244 8 10 82
244 8 11 92
244 12 0 96
244 12 3 89
244 12 4 94
244 12 7 83
244 12 8 86
244 12 9 86
244 12 10 97
244 12 11 91
245 0 1 18
245 0 2 22
245 0 4 23
245 0 6 22
245 0 7 23
245 0 8 19
245 0 10 22
245 0 11 20
245 4 0 22
245 4 1 26
245 4 2 27
245 4 5 26
245 4 6 27
245 4 7 23
245 4 10 26
245 4 11 24
245 6 0 23
245 6 3 27
245 6 4 28
245 6 5 27
245 6 6 28
245 6 8 24
245 6 9 27
245 6 10 25
246 1 0 79
246 1 1 77
246 1 2 84
246 1 4 77
246 1 6 78
246 1 7 86
246 1 8 77
246 1 9 87
246 9 0 80
246 9 3 80
246 9 5 84
246 9 6 78
246 9 7 76
246 9 9 73
246 9 10 87
246 9 11 86
246 13 0 84
246 13 1 82
246 13 2 89
246 13 5 82
246 13 7 83
246 13 8 91
246 13 9 82
246 13 10 92
247 0 1 32
247 0 2 34
247 0 4 35
247 0 6 31
247 0 7 35
247 0 8 33
247 0 10 37
247 0 11 36
247 2 0 34
247 2 1 36
247 2 2 37
247 2 3 33
247 2 6 37
247 2 7 35
247 2 9 39
247 2 10 38
247 5 0 35
247 5 1 37
247 5 3 38
247 5 4 34
247 5 5 38
247 5 6 36
247 5 7 40
247 5 11 39
247 14 1 31
247 14 2 33
247 14 3 34
247 14 6 30
247 14 8 34
247 14 9 32
247 14 10 36
247 14 11 35
248 5 0 58
248 5 1 56
248 5 3 63
248 5 4 62
248 5 5 63
248 5 6 59
248 5 7 62
248 5 11 54
248 7 0 56
248 7 1 54
248 7 3 61
248 7 5 60
248 7 6 61
248 7 8 57
248 7 9 60
248 7 10 52
248 10 0 66
248 10 1 66
248 10 3 59
248 10 5 64
248 10 6 63
248 10 7 65
248 10 10 62
248 10 11 56
248 13 0 65
248 13 1 65
248 13 2 58
248 13 5 63
248 13 7 62
248 13 8 64
248 13 9 61
248 13 10 55
249 0 1 80
249 0 2 80
249 0 4 84
249 0 6 78
249 0 7 76
249 0 8 73
249 0 10 87
249 0 11 86
249 1 0 74
249 1 1 78
249 1 2 80
249 1 4 73
249 1 6 80
249 1 7 77
249 1 8 84
249 1 9 83
249 3 1 82
249 3 3 80
249 3 4 87
249 3 5 80
249 3 6 81
249 3 8 89
249 3 9 80
249 3 11 90
249 10 0 74
249 10 1 78
249 10 3 80
249 10 5 73
249 10 6 80
249 10 7 77
249 10 10 84
249 10 11 83
250 5 0 15
250 5 1 16
250 5 3 16
250 5 4 14
250 5 5 16
250 5 6 15
250 5 7 17
250 5 11 17
250 6 0 16
250 6 3 17
250 6 4 17
250 6 5 15
250 6 6 17
250 6 8 16
250 6 9 18
250 6 10 18
250 10 0 16
250 10 1 17
250 10 3 17
250 10 5 15
250 10 6 17
250 10 7 16
250 10 10 18
250 10 11 18
250 11 1 14
250 11 2 15
250 11 3 15
250 11 7 13
250 11 8 15
250 11 9 14
250 11 10 16
250 11 11 16
251 0 1 32
251 0 2 34
251 0 4 35
251 0 6 31
251 0 7 35
251 0 8 33
251 0 10 37
251 0 11 36
251 7 0 34
251 7 1 36
251 7 3 37
251 7 5 33
251 7 6 37
251 7 8 35
251 7 9 39
251 7 10 38
251 10 0 35
251 10 1 37
251 10 3 38
251 10 5 34
251 10 6 38
251 10 7 36
251 10 10 40
251 10 11 39
251 13 0 31
251 13 1 33
251 13 2 34
251 13 5 30
251 13 7 34
251 13 8 32
251 13 9 36
251 13 10 35
251 14 1 35
251 14 2 37
251 14 3 38
251 14 6 34
251 14 8 38
251 14 9 36
251 14 10 40
251 14 11 39
252 0 1 42
252 0 2 42
252 0 4 45
252 0 6 40
252 0 7 41
252 0 8 41
252 0 10 42
252 0 11 42
252 9 0 42
252 9 3 42
252 9 5 45
252 9 6 40
252 9 7 41
252 9 9 41
252 9 10 42
252 9 11 42
252 13 0 45
252 13 1 45
252 13 2 48
252 13 5 43
252 13 7 44
252 13 8 44
252 13 9 45
252 13 10 45
253 0 1 42
253 0 2 40
253 0 4 38
253 0 6 40
253 0 7 41
253 0 8 40
253 0 10 40
253 0 11 41
253 2 0 42
253 2 1 40
253 2 2 38
253 2 3 40
253 2 6 41
253 2 7 40
253 2 9 40
253 2 10 41
253 12 0 42
253 12 3 42
253 12 4 45
253 12 7 40
253 12 8 41
253 12 9 41
253 12 10 42
253 12 11 42
254 2 0 32
254 2 1 34
254 2 2 35
254 2 3 31
254 2 6 35
254 2 7 33
254 2 9 37
254 2 10 36
254 5 0 34
254 5 1 36
254 5 3 37
254 5 4 33
254 5 5 37
254 5 6 35
254 5 7 39
254 5 11 38
254 10 0 35
254 10 1 37
254 10 3 38
254 10 5 34
254 10 6 38
254 10 7 36
254 10 10 40
254 10 11 39
254 14 1 31
254 14 2 33
254 14 3 34
254 14 6 30
254 14 8 34
254 14 9 32
254 14 10 36
254 14 11 35
255 6 0 103
255 6 3 93
255 6 4 96
255 6 5 91
255 6 6 92
255 6 8 92
255 6 9 103
255 6 10 103
255 9 0 86
255 9 3 84
255 9 5 91
255 9 6 84
255 9 7 85
255 9 9 93
255 9 10 84
255 9 11 94
255 11 1 96
255 11 2 86
255 11 3 89
255 11 7 84
255 11 8 85
255 11 9 85
255 11 10 96
255 11 11 96
256 0 1 44
256 0 2 44
256 0 4 47
256 0 6 42
256 0 7 43
256 0 8 43
256 0 10 44
256 0 11 44
256 4 0 44
256 4 1 44
256 4 2 47
256 4 5 42
256 4 6 43
256 4 7 43
256 4 10 44
256 4 11 44
256 9 0 47
256 9 3 47
256 9 5 50
256 9 6 45
256 9 7 46
256 9 9 46
256 9 10 47
256 9 11 47
256 12 0 42
256 12 3 42
256 12 4 45
256 12 7 40
256 12 8 41
256 12 9 41
256 12 10 42
256 12 11 42
256 13 0 43
256 13 1 43
256 13 2 46
256 13 5 41
256 13 7 42
256 13 8 42
256 13 9 43
256 13 10 43
257 1 0 21
257 1 1 25
257 1 2 26
257 1 4 25
257 1 6 26
257 1 7 22
257 1 8 25
257 1 9 23
257 2 0 25
257 2 1 29
257 2 2 30
257 2 3 29
257 2 6 30
257 2 7 26
257 2 9 29
257 2 10 27
257 3 1 26
257 3 3 30
257 3 4 31
257 3 5 30
257 3 6 31
257 3 8 27
257 3 9 30
257 3 11 28
257 5 0 25
257 5 1 29
257 5 3 30
257 5 4 29
257 5 5 30
257 5 6 26
257 5 7 29
257 5 11 27
257 9 0 26
257 9 3 30
257 9 5 31
257 9 6 30
257 9 7 31
257 9 9 27
257 9 10 30
257 9 11 28
258 1 0 80
258 1 1 78
258 1 2 85
258 1 4 78
258 1 6 79
258 1 7 87
258 1 8 78
258 1 9 88
258 9 0 78
258 9 3 76
258 9 5 83
258 9 6 76
258 9 7 77
258 9 9 85
258 9 10 76
258 9 11 86
258 11 1 85
258 11 2 83
258 11 3 90
258 11 7 83
258 11 8 84
258 11 9 92
258 11 10 83
258 11 11 93
259 1 0 96
259 1 1 98
259 1 2 111
259 1 4 96
259 1 6 107
259 1 7 97
259 1 8 106
259 1 9 100
259 10 0 95
259 10 1 85
259 10 3 88
259 10 5 83
259 10 6 84
259 10 7 84
259 10 10 95
259 10 11 95
259 11 1 98
259 11 2 88
259 11 3 91
259 11 7 86
259 11 8 87
259 11 9 87
259 11 10 98
259 11 11 98
259 12 0 86
259 12 3 84
259 12 4 91
259 12 7 84
259 12 8 85
259 12 9 93
259 12 10 84
259 12 11 94
259 13 0 96
259 13 1 89
259 13 2 94
259 13 5 83
259 13 7 86
259 13 8 86
259 13 9 97
259 13 10 91
260 0 1 42
260 0 2 40
260 0 4 38
260 0 6 40
260 0 7 41
260 0 8 40
260 0 10 40
260 0 11 41
260 2 0 42
260 2 1 40
260 2 2 38
260 2 3 40
260 2 6 41
260 2 7 40
260 2 9 40
260 2 10 41
260 10 0 42
260 10 1 42
260 10 3 45
260 10 5 40
260 10 6 41
260 10 7 41
260 10 10 42
260 10 11 42
260 11 1 36
260 11 2 38
260 11 3 39
260 11 7 35
260 11 8 39
260 11 9 37
260 11 10 41
260 11 11 40
260 12 0 37
260 12 3 39
260 12 4 40
260 12 7 36
260 12 8 40
260 12 9 38
260 12 10 42
260 12 11 41
261 5 0 80
261 5 1 80
261 5 3 84
261 5 4 78
261 5 5 76
261 5 6 73
261 5 7 87
261 5 11 86
261 7 0 74
261 7 1 78
261 7 3 80
261 7 5 73
261 7 6 80
261 7 8 77
261 7 9 84
261 7 10 83
261 8 1 82
261 8 5 80
261 8 6 87
261 8 7 80
261 8 8 81
261 8 9 89
261 8 10 80
261 8 11 90
262 4 0 30
262 4 1 32
262 4 2 33
262 4 5 29
262 4 6 33
262 4 7 31
262 4 10 35
262 4 11 34
262 5 0 32
262 5 1 34
262 5 3 35
262 5 4 31
262 5 5 35
262 5 6 33
262 5 7 37
262 5 11 36
262 12 0 33
262 12 3 35
262 12 4 36
262 12 7 32
262 12 8 36
262 12 9 34
262 12 10 38
262 12 11 37
262 13 0 29
262 13 1 31
262 13 2 32
262 13 5 28
262 13 7 32
262 13 8 30
262 13 9 34
262 13 10 33
263 1 0 41
263 1 1 41
263 1 2 44
263 1 4 39
263 1 6 40
263 1 7 40
263 1 8 41
263 1 9 41
263 2 0 41
263 2 1 41
263 2 2 44
263 2 3 39
263 2 6 40
263 2 7 40
263 2 9 41
263 2 10 41
263 10 0 44
263 10 1 44
263 10 3 47
263 10 5 42
263 10 6 43
263 10 7 43
263 10 10 44
263 10 11 44
263 14 1 42
263 14 2 40
263 14 3 38
263 14 6 40
263 14 8 41
263 14 9 40
263 14 10 40
263 14 11 41
264 0 1 71
264 0 2 71
264 0 4 64
264 0 6 69
264 0 7 68
264 0 8 70
264 0 10 67
264 0 11 61
264 2 0 68
264 2 1 72
264 2 2 74
264 2 3 67
264 2 6 74
264 2 7 71
264 2 9 78
264 2 10 77
264 4 0 70
264 4 1 74
264 4 2 76
264 4 5 69
264 4 6 76
264 4 7 73
264 4 10 80
264 4 11 79
264 10 0 70
264 10 1 70
264 10 3 63
264 10 5 68
264 10 6 67
264 10 7 69
264 10 10 66
264 10 11 60
264 11 1 70
264 11 2 74
264 11 3 76
264 11 7 69
264 11 8 76
264 11 9 73
264 11 10 80
264 11 11 79
265 11 1 98
265 11 2 100
265 11 3 113
265 11 7 98
265 11 8 109
265 11 9 99
265 11 10 108
265 11 11 102
265 13 0 97
265 13 1 87
265 13 2 90
265 13 5 85
265 13 7 86
265 13 8 86
265 13 9 97
265 13 10 97
265 14 1 100
265 14 2 90
265 14 3 93
265 14 6 88
265 14 8 89
265 14 9 89
265 14 10 100
265 14 11 100
266 1 0 55
266 1 1 53
266 1 2 60
266 1 4 59
266 1 6 60
266 1 7 56
266 1 8 59
266 1 9 51
266 2 0 53
266 2 1 51
266 2 2 58
266 2 3 57
266 2 6 58
266 2 7 54
266 2 9 57
266 2 10 49
266 6 0 62
266 6 3 55
266 6 4 64
266 6 5 57
266 6 6 61
266 6 8 57
266 6 9 64
266 6 10 54
266 10 0 59
266 10 1 57
266 10 3 64
266 10 5 63
266 10 6 64
266 10 7 60
266 10 10 63
266 10 11 55
266 13 0 62
266 13 1 55
266 13 2 64
266 13 5 57
266 13 7 61
266 13 8 57
266 13 9 64
266 13 10 54
267 7 0 79
267 7 1 77
267 7 3 84
267 7 5 77
267 7 6 78
267 7 8 86
267 7 9 77
267 7 10 87
267 8 1 80
267 8 5 80
267 8 6 84
267 8 7 78
267 8 8 76
267 8 9 73
267 8 10 87
267 8 11 86
267 9 0 84
267 9 3 82
267 9 5 89
267 9 6 82
267 9 7 83
267 9 9 91
267 9 10 82
267 9 11 92
267 10 0 80
267 10 1 80
267 10 3 84
267 10 5 78
267 10 6 76
267 10 7 73
267 10 10 87
267 10 11 86
267 13 0 78
267 13 1 76
267 13 2 83
267 13 5 76
267 13 7 77
267 13 8 85
267 13 9 76
267 13 10 86
268 4 0 72
268 4 1 72
268 4 2 65
268 4 5 70
268 4 6 69
268 4 7 71
268 4 10 68
268 4 11 62
268 6 0 69
268 6 3 73
268 6 4 75
268 6 5 68
268 6 6 75
268 6 8 72
268 6 9 79
268 6 10 78
268 7 0 71
268 7 1 75
268 7 3 77
268 7 5 70
268 7 6 77
268 7 8 74
268 7 9 81
268 7 10 80
268 14 1 71
268 14 2 71
268 14 3 64
268 14 6 69
268 14 8 68
268 14 9 70
268 14 10 67
268 14 11 61
269 4 0 97
269 4 1 99
269 4 2 112
269 4 5 97
269 4 6 108
269 4 7 98
269 4 10 107
269 4 11 101
269 6 0 96
269 6 3 86
269 6 4 89
269 6 5 84
269 6 6 85
269 6 8 85
269 6 9 96
269 6 10 96
269 9 0 99
269 9 3 89
269 9 5 92
269 9 6 87
269 9 7 88
269 9 9 88
269 9 10 99
269 9 11 99
269 10 0 96
269 10 1 89
269 10 3 94
269 10 5 83
269 10 6 86
269 10 7 86
269 10 10 97
269 10 11 91
269 14 1 95
269 14 2 85
269 14 3 88
269 14 6 83
269 14 8 84
269 14 9 84
269 14 10 95
269 14 11 95
270 0 1 26
270 0 2 30
270 0 4 31
270 0 6 30
270 0 7 31
270 0 8 27
270 0 10 30
270 0 11 28
270 7 0 29
270 7 1 31
270 7 3 32
270 7 5 28
270 7 6 32
270 7 8 30
270 7 9 34
270 7 10 33
270 10 0 30
270 10 1 32
270 10 3 33
270 10 5 29
270 10 6 33
270 10 7 31
270 10 10 35
270 10 11 34
270 14 1 25
270 14 2 29
270 14 3 30
270 14 6 29
270 14 8 30
270 14 9 26
270 14 10 29
270 14 11 27
271 0 1 30
271 0 2 32
271 0 4 33
271 0 6 29
271 0 7 33
271 0 8 31
271 0 10 35
271 0 11 34
271 6 0 32
271 6 3 34
271 6 4 35
271 6 5 31
271 6 6 35
271 6 8 33
271 6 9 37
271 6 10 36
271 8 1 33
271 8 5 35
271 8 6 36
271 8 7 32
271 8 8 36
271 8 9 34
271 8 10 38
271 8 11 37
272 4 0 70
272 4 1 70
272 4 2 63
272 4 5 68
272 4 6 67
272 4 7 69
272 4 10 66
272 4 11 60
272 7 0 70
272 7 1 70
272 7 3 63
272 7 5 68
272 7 6 67
272 7 8 69
272 7 9 66
272 7 10 60
272 13 0 62
272 13 1 55
272 13 2 64
272 13 5 57
272 13 7 61
272 13 8 57
272 13 9 64
272 13 10 54
273 1 0 96
273 1 1 98
273 1 2 111
273 1 4 96
273 1 6 107
273 1 7 97
273 1 8 106
273 1 9 100
273 10 0 95
273 10 1 85
273 10 3 88
273 10 5 83
273 10 6 84
273 10 7 84
273 10 10 95
273 10 11 95
273 11 1 98
273 11 2 88
273 11 3 91
273 11 7 86
273 11 8 87
273 11 9 87
273 11 10 98
273 11 11 98
274 0 1 11
274 0 2 12
274 0 4 12
274 0 6 10
274 0 7 12
274 0 8 11
274 0 10 13
274 0 11 13
274 5 0 12
274 5 1 13
274 5 3 13
274 5 4 11
274 5 5 13
274 5 6 12
274 5 7 14
274 5 11 14
274 12 0 12
274 12 3 13
274 12 4 13
274 12 7 11
274 12 8 13
274 12 9 12
274 12 10 14
274 12 11 14
275 2 0 68
275 2 1 72
275 2 2 74
275 2 3 67
275 2 6 74
275 2 7 71
275 2 9 78
275 2 10 77
275 3 1 68
275 3 3 72
275 3 4 74
275 3 5 67
275 3 6 74
275 3 8 71
275 3 9 78
275 3 11 77
275 8 1 68
275 8 5 68
275 8 6 61
275 8 7 66
275 8 8 65
275 8 9 67
275 8 10 64
275 8 11 58
275 14 1 72
275 14 2 67
275 14 3 65
275 14 6 70
275 14 8 71
275 14 9 76
275 14 10 67
275 14 11 77
276 2 0 80
276 2 1 78
276 2 2 85
276 2 3 78
276 2 6 79
276 2 7 87
276 2 9 78
276 2 10 88
276 5 0 78
276 5 1 76
276 5 3 83
276 5 4 76
276 5 5 77
276 5 6 85
276 5 7 76
276 5 11 86
276 7 0 85
276 7 1 83
276 7 3 90
276 7 5 83
276 7 6 84
276 7 8 92
276 7 9 83
276 7 10 93
277 5 0 67
277 5 1 67
277 5 3 60
277 5 4 65
277 5 5 64
277 5 6 66
277 5 7 63
277 5 11 57
277 7 0 67
277 7 1 67
277 7 3 60
277 7 5 65
277 7 6 64
277 7 8 66
277 7 9 63
277 7 10 57
277 12 0 57
277 12 3 55
277 12 4 62
277 12 7 61
277 12 8 62
277 12 9 58
277 12 10 61
277 12 11 53
278 0 1 14
278 0 2 15
278 0 4 15
278 0 6 13
278 0 7 15
278 0 8 14
278 0 10 16
278 0 11 16
278 1 0 15
278 1 1 16
278 1 2 16
278 1 4 14
278 1 6 16
278 1 7 15
278 1 8 17
278 1 9 17
278 2 0 15
278 2 1 16
278 2 2 16
278 2 3 14
278 2 6 16
278 2 7 15
278 2 9 17
278 2 10 17
278 7 0 13
278 7 1 14
278 7 3 14
278 7 5 12
278 7 6 14
278 7 8 13
278 7 9 15
278 7 10 15
278 11 1 15
278 11 2 16
278 11 3 16
278 11 7 14
278 11 8 16
278 11 9 15
278 11 10 17
278 11 11 17
279 3 1 35
279 3 3 37
279 3 4 38
279 3 5 34
279 3 6 38
279 3 8 36
279 3 9 40
279 3 11 39
279 8 1 37
279 8 5 39
279 8 6 40
279 8 7 36
279 8 8 40
279 8 9 38
279 8 10 42
279 8 11 41
279 11 1 42
279 11 2 40
279 11 3 38
279 11 7 40
279 11 8 41
279 11 9 40
279 11 10 40
279 11 11 41
280 1 0 68
280 1 1 68
280 1 2 61
280 1 4 66
280 1 6 65
280 1 7 67
280 1 8 64
280 1 9 58
280 10 0 68
280 10 1 68
280 10 3 61
280 10 5 66
280 10 6 65
280 10 7 67
280 10 10 64
280 10 11 58
280 11 1 58
280 11 2 56
280 11 3 63
280 11 7 62
280 11 8 63
280 11 9 59
280 11 10 62
280 11 11 54
281 0 1 67
281 0 2 71
281 0 4 73
281 0 6 66
281 0 7 73
281 0 8 70
281 0 10 77
281 0 11 76
281 1 0 67
281 1 1 71
281 1 2 73
281 1 4 66
281 1 6 73
281 1 7 70
281 1 8 77
281 1 9 76
281 6 0 67
281 6 3 67
281 6 4 60
281 6 5 65
281 6 6 64
281 6 8 66
281 6 9 63
281 6 10 57
281 7 0 72
281 7 1 72
281 7 3 65
281 7 5 70
281 7 6 69
281 7 8 71
281 7 9 68
281 7 10 62
281 14 1 71
281 14 2 71
281 14 3 64
281 14 6 69
281 14 8 68
281 14 9 70
281 14 10 67
281 14 11 61
282 3 1 22
282 3 3 26
282 3 4 27
282 3 5 26
282 3 6 27
282 3 8 23
282 3 9 26
282 3 11 24
282 5 0 26
282 5 1 30
282 5 3 31
282 5 4 30
282 5 5 31
282 5 6 27
282 5 7 30
282 5 11 28
282 7 0 30
282 7 1 30
282 7 3 30
282 7 5 28
282 7 6 27
282 7 8 29
282 7 9 33
282 7 10 27
282 10 0 26
282 10 1 30
282 10 3 31
282 10 5 30
282 10 6 31
282 10 7 27
282 10 10 30
282 10 11 28
282 14 1 30
282 14 2 30
282 14 3 30
282 14 6 28
282 14 8 27
282 14 9 29
282 14 10 33
282 14 11 27
283 1 0 80
283 1 1 80
283 1 2 84
283 1 4 78
283 1 6 76
283 1 7 73
283 1 8 87
283 1 9 86
283 5 0 80
283 5 1 80
283 5 3 84
283 5 4 78
283 5 5 76
283 5 6 73
283 5 7 87
283 5 11 86
283 7 0 81
283 7 1 79
283 7 3 86
283 7 5 79
283 7 6 80
283 7 8 88
283 7 9 79
283 7 10 89
284 5 0 16
284 5 1 17
284 5 3 17
284 5 4 15
284 5 5 17
284 5 6 16
284 5 7 18
284 5 11 18
284 6 0 17
284 6 3 18
284 6 4 18
284 6 5 16
284 6 6 18
284 6 8 17
284 6 9 19
284 6 10 19
284 7 0 17
284 7 1 18
284 7 3 18
284 7 5 16
284 7 6 18
284 7 8 17
284 7 9 19
284 7 10 19
284 9 0 15
284 9 3 16
284 9 5 16
284 9 6 14
284 9 7 16
284 9 9 15
284 9 10 17
284 9 11 17
284 12 0 17
284 12 3 18
284 12 4 18
284 12 7 16
284 12 8 18
284 12 9 17
284 12 10 19
284 12 11 19
285 3 1 103
285 3 3 93
285 3 4 96
285 3 5 91
285 3 6 92
285 3 8 92
285 3 9 103
285 3 11 103
285 10 0 86
285 10 1 84
285 10 3 91
285 10 5 84
285 10 6 85
285 10 7 93
285 10 10 84
285 10 11 94
285 12 0 96
285 12 3 86
285 12 4 89
285 12 7 84
285 12 8 85
285 12 9 85
285 12 10 96
285 12 11 96
286 0 1 71
286 0 2 71
286 0 4 64
286 0 6 69
286 0 7 68
286 0 8 70
286 0 10 67
286 0 11 61
286 2 0 68
286 2 1 72
286 2 2 74
286 2 3 67
286 2 6 74
286 2 7 71
286 2 9 78
286 2 10 77
286 4 0 70
286 4 1 74
286 4 2 76
286 4 5 69
286 4 6 76
286 4 7 73
286 4 10 80
286 4 11 79
286 10 0 70
286 10 1 70
286 10 3 63
286 10 5 68
286 10 6 67
286 10 7 69
286 10 10 66
286 10 11 60
287 2 0 35
287 2 1 37
287 2 2 38
287 2 3 34
287 2 6 38
287 2 7 36
287 2 9 40
287 2 10 39
287 3 1 37
287 3 3 39
287 3 4 40
287 3 5 36
287 3 6 40
287 3 8 38
287 3 9 42
287 3 11 41
287 5 0 42
287 5 1 40
287 5 3 38
287 5 4 40
287 5 5 41
287 5 6 40
287 5 7 40
287 5 11 41
287 13 0 34
287 13 1 36
287 13 2 37
287 13 5 33
287 13 7 37
287 13 8 35
287 13 9 39
287 13 10 38
288 1 0 33
288 1 1 35
288 1 2 36
288 1 4 32
288 1 6 36
288 1 7 34
288 1 8 38
288 1 9 37
288 2 0 35
288 2 1 37
288 2 2 38
288 2 3 34
288 2 6 38
288 2 7 36
288 2 9 40
288 2 10 39
288 10 0 36
288 10 1 38
288 10 3 39
288 10 5 35
288 10 6 39
288 10 7 37
288 10 10 41
288 10 11 40
288 11 1 32
288 11 2 34
288 11 3 35
288 11 7 31
288 11 8 35
288 11 9 33
288 11 10 37
288 11 11 36
289 5 0 29
289 5 1 31
289 5 3 32
289 5 4 28
289 5 5 32
289 5 6 30
289 5 7 34
289 5 11 33
289 6 0 31
289 6 3 33
289 6 4 34
289 6 5 30
289 6 6 34
289 6 8 32
289 6 9 36
289 6 10 35
289 7 0 32
289 7 1 34
289 7 3 35
289 7 5 31
289 7 6 35
289 7 8 33
289 7 9 37
289 7 10 36
289 13 0 30
289 13 1 30
289 13 2 30
289 13 5 28
289 13 7 27
289 13 8 29
289 13 9 33
289 13 10 27
290 6 0 54
290 6 3 52
290 6 4 59
290 6 5 58
290 6 6 59
290 6 8 55
290 6 9 58
290 6 10 50
290 7 0 52
290 7 1 50
290 7 3 57
290 7 5 56
290 7 6 57
290 7 8 53
290 7 9 56
290 7 10 48
290 11 1 59
290 11 2 57
290 11 3 64
290 11 7 63
290 11 8 64
290 11 9 60
290 11 10 63
290 11 11 55
291 0 1 35
291 0 2 37
291 0 4 38
291 0 6 34
291 0 7 38
291 0 8 36
291 0 10 40
291 0 11 39
291 1 0 37
291 1 1 39
291 1 2 40
291 1 4 36
291 1 6 40
291 1 7 38
291 1 8 42
291 1 9 41
291 4 0 42
291 4 1 40
291 4 2 38
291 4 5 40
291 4 6 41
291 4 7 40
291 4 10 40
291 4 11 41
291 7 0 34
291 7 1 36
291 7 3 37
291 7 5 33
291 7 6 37
291 7 8 35
291 7 9 39
291 7 10 38
291 13 0 42
291 13 1 40
291 13 2 38
291 13 5 40
291 13 7 41
291 13 8 40
291 13 9 40
291 13 10 41
292 2 0 41
292 2 1 41
292 2 2 44
292 2 3 39
292 2 6 40
292 2 7 40
292 2 9 41
292 2 10 41
292 6 0 42
292 6 3 40
292 6 4 38
292 6 5 40
292 6 6 41
292 6 8 40
292 6 9 40
292 6 10 41
292 8 1 36
292 8 5 38
292 8 6 39
292 8 7 35
292 8 8 39
292 8 9 37
292 8 10 41
292 8 11 40
293 3 1 100
293 3 3 90
293 3 4 93
293 3 5 88
293 3 6 89
293 3 8 89
293 3 9 100
293 3 11 100
293 4 0 83
293 4 1 81
293 4 2 88
293 4 5 81
293 4 6 82
293 4 7 90
293 4 10 81
293 4 11 91
293 7 0 86
293 7 1 84
293 7 3 91
293 7 5 84
293 7 6 85
293 7 8 93
293 7 9 84
293 7 10 94
294 1 0 69
294 1 1 69
294 1 2 62
294 1 4 67
294 1 6 66
294 1 7 68
294 1 8 65
294 1 9 59
294 8 1 69
294 8 5 69
294 8 6 62
294 8 7 67
294 8 8 66
294 8 9 68
294 8 10 65
294 8 11 59
294 11 1 59
294 11 2 57
294 11 3 64
294 11 7 63
294 11 8 64
294 11 9 60
294 11 10 63
294 11 11 55
294 13 0 67
294 13 1 67
294 13 2 60
294 13 5 65
294 13 7 64
294 13 8 66
294 13 9 63
294 13 10 57
295 1 0 17
295 1 1 18
295 1 2 18
295 1 4 16
295 1 6 18
295 1 7 17
295 1 8 19
295 1 9 19
295 4 0 19
295 4 1 23
295 4 2 24
295 4 5 23
295 4 6 24
295 4 7 20
295 4 10 23
295 4 11 21
295 12 0 20
295 12 3 24
295 12 4 25
295 12 7 24
295 12 8 25
295 12 9 21
295 12 10 24
295 12 11 22
295 14 1 19
295 14 2 23
295 14 3 24
295 14 6 23
295 14 8 24
295 14 9 20
295 14 10 23
295 14 11 21
296 3 1 72
296 3 3 72
296 3 4 65
296 3 5 70
296 3 6 69
296 3 8 71
296 3 9 68
296 3 11 62
296 5 0 72
296 5 1 72
296 5 3 65
296 5 4 70
296 5 5 69
296 5 6 71
296 5 7 68
296 5 11 62
296 7 0 65
296 7 1 65
296 7 3 58
296 7 5 63
296 7 6 62
296 7 8 64
296 7 9 61
296 7 10 55
296 8 1 70
296 8 5 70
296 8 6 63
296 8 7 68
296 8 8 67
296 8 9 69
296 8 10 66
296 8 11 60
297 2 0 98
297 2 1 100
297 2 2 113
297 2 3 98
297 2 6 109
297 2 7 99
297 2 9 108
297 2 10 102
297 9 0 97
297 9 3 87
297 9 5 90
297 9 6 85
297 9 7 86
297 9 9 86
297 9 10 97
297 9 11 97
297 12 0 100
297 12 3 90
297 12 4 93
297 12 7 88
297 12 8 89
297 12 9 89
297 12 10 100
297 12 11 100
298 0 1 79
298 0 2 77
298 0 4 84
298 0 6 77
298 0 7 78
298 0 8 86
298 0 10 77
298 0 11 87
298 2 0 80
298 2 1 80
298 2 2 84
298 2 3 78
298 2 6 76
298 2 7 73
298 2 9 87
298 2 10 86
298 7 0 84
298 7 1 82
298 7 3 89
298 7 5 82
298 7 6 83
298 7 8 91
298 7 9 82
298 7 10 92
298 9 0 80
298 9 3 80
298 9 5 84
298 9 6 78
298 9 7 76
298 9 9 73
298 9 10 87
298 9 11 86
298 10 0 78
298 10 1 76
298 10 3 83
298 10 5 76
298 10 6 77
298 10 7 85
298 10 10 76
298 10 11 86
299 3 1 72
299 3 3 72
299 3 4 65
299 3 5 70
299 3 6 69
299 3 8 71
299 3 9 68
299 3 11 62
299 5 0 72
299 5 1 72
299 5 3 65
299 5 4 70
299 5 5 69
299 5 6 71
299 5 7 68
299 5 11 62
299 8 1 65
299 8 5 65
299 8 6 58
299 8 7 63
299 8 8 62
299 8 9 64
299 8 10 61
299 8 11 55
299 9 0 70
299 9 3 70
299 9 5 63
299 9 6 68
299 9 7 67
299 9 9 69
299 9 10 66
299 9 11 60
299 14 1 69
299 14 2 69
299 14 3 62
299 14 6 67
299 14 8 66
299 14 9 68
299 14 10 65
299 14 11 59
300 1 0 17
300 1 1 18
300 1 2 18
300 1 4 16
300 1 6 18
300 1 7 17
300 1 8 19
300 1 9 19
300 7 0 18
300 7 1 19
300 7 3 19
300 7 5 17
300 7 6 19
300 7 8 18
300 7 9 20
300 7 10 20
300 8 1 18
300 8 5 19
300 8 6 19
300 8 7 17
300 8 8 19
300 8 9 18
300 8 10 20
300 8 11 20
300 9 0 16
300 9 3 17
300 9 5 17
300 9 6 15
300 9 7 17
300 9 9 16
300 9 10 18
300 9 11 18
300 13 0 18
300 13 1 19
300 13 2 19
300 13 5 17
300 13 7 19
300 13 8 18
300 13 9 20
300 13 10 20
301 1 0 9
301 1 1 10
301 1 2 11
301 1 4 10
301 1 6 11
301 1 7 10
301 1 8 10
301 1 9 11
301 2 0 10
301 2 1 11
301 2 2 11
301 2 3 9
301 2 6 11
301 2 7 10
301 2 9 12
301 2 10 12
301 6 0 10
301 6 3 11
301 6 4 11
301 6 5 9
301 6 6 11
301 6 8 10
301 6 9 12
301 6 10 12
301 9 0 8
301 9 3 9
301 9 5 9
301 9 6 8
301 9 7 9
301 9 9 8
301 9 10 9
301 9 11 9
301 13 0 10
301 13 1 11
301 13 2 11
301 13 5 9
301 13 7 11
301 13 8 10
301 13 9 12
301 13 10 12
302 2 0 23
302 2 1 27
302 2 2 28
302 2 3 27
302 2 6 28
302 2 7 24
302 2 9 27
302 2 10 25
302 3 1 30
302 3 3 30
302 3 4 30
302 3 5 28
302 3 6 27
302 3 8 29
302 3 9 33
302 3 11 27
302 8 1 29
302 8 5 31
302 8 6 32
302 8 7 28
302 8 8 32
302 8 9 30
302 8 10 34
302 8 11 33
302 9 0 30
302 9 3 30
302 9 5 30
302 9 6 28
302 9 7 27
302 9 9 29
302 9 10 33
302 9 11 27
303 4 0 11
303 4 1 12
303 4 2 12
303 4 5 10
303 4 6 12
303 4 7 11
303 4 10 13
303 4 11 13
303 11 1 12
303 11 2 13
303 11 3 13
303 11 7 11
303 11 8 13
303 11 9 12
303 11 10 14
303 11 11 14
303 12 0 12
303 12 3 13
303 12 4 13
303 12 7 11
303 12 8 13
303 12 9 12
303 12 10 14
303 12 11 14
303 13 0 10
303 13 1 11
303 13 2 11
303 13 5 9
303 13 7 11
303 13 8 10
303 13 9 12
303 13 10 12
303 14 1 12
303 14 2 13
303 14 3 13
303 14 6 11
303 14 8 13
303 14 9 12
303 14 10 14
303 14 11 14
304 0 1 72
304 0 2 72
304 0 4 65
304 0 6 70
304 0 7 69
304 0 8 71
304 0 10 68
304 0 11 62
304 5 0 69
304 5 1 73
304 5 3 75
304 5 4 68
304 5 5 75
304 5 6 72
304 5 7 79
304 5 11 78
304 7 0 71
304 7 1 75
304 7 3 77
304 7 5 70
304 7 6 77
304 7 8 74
304 7 9 81
304 7 10 80
304 14 1 71
304 14 2 71
304 14 3 64
304 14 6 69
304 14 8 68
304 14 9 70
304 14 10 67
304 14 11 61
305 0 1 42
305 0 2 40
305 0 4 38
305 0 6 40
305 0 7 41
305 0 8 40
305 0 10 40
305 0 11 41
305 6 0 42
305 6 3 40
305 6 4 38
305 6 5 40
305 6 6 41
305 6 8 40
305 6 9 40
305 6 10 41
305 10 0 42
305 10 1 42
305 10 3 45
305 10 5 40
305 10 6 41
305 10 7 41
305 10 10 42
305 10 11 42
305 14 1 36
305 14 2 38
305 14 3 39
305 14 6 35
305 14 8 39
305 14 9 37
305 14 10 41
305 14 11 40
306 0 1 75
306 0 2 79
306 0 4 81
306 0 6 74
306 0 7 81
306 0 8 78
306 0 10 85
306 0 11 84
306 7 0 73
306 7 1 77
306 7 3 79
306 7 5 72
306 7 6 79
306 7 8 76
306 7 9 83
306 7 10 82
306 9 0 81
306 9 3 79
306 9 5 86
306 9 6 79
306 9 7 80
306 9 9 88
306 9 10 79
306 9 11 89
307 4 0 22
307 4 1 26
307 4 2 27
307 4 5 26
307 4 6 27
307 4 7 23
307 4 10 26
307 4 11 24
307 7 0 26
307 7 1 30
307 7 3 31
307 7 5 30
307 7 6 31
307 7 8 27
307 7 9 30
307 7 10 28
307 10 0 30
307 10 1 30
307 10 3 30
307 10 5 28
307 10 6 27
307 10 7 29
307 10 10 33
307 10 11 27
307 14 1 26
307 14 2 30
307 14 3 31
307 14 6 30
307 14 8 31
307 14 9 27
307 14 10 30
307 14 11 28
308 1 0 82
308 1 1 80
308 1 2 87
308 1 4 80
308 1 6 81
308 1 7 89
308 1 8 80
308 1 9 90
308 6 0 80
308 6 3 78
308 6 4 85
308 6 5 78
308 6 6 79
308 6 8 87
308 6 9 78
308 6 10 88
308 9 0 96
308 9 3 89
308 9 5 94
308 9 6 83
308 9 7 86
308 9 9 86
308 9 10 97
308 9 11 91
308 11 1 80
308 11 2 78
308 11 3 85
308 11 7 78
308 11 8 79
308 11 9 87
308 11 10 78
308 11 11 88
309 2 0 17
309 2 1 18
309 2 2 18
309 2 3 16
309 2 6 18
309 2 7 17
309 2 9 19
309 2 10 19
309 5 0 18
309 5 1 19
309 5 3 19
309 5 4 17
309 5 5 19
309 5 6 18
309 5 7 20
309 5 11 20
309 6 0 18
309 6 3 19
309 6 4 19
309 6 5 17
309 6 6 19
309 6 8 18
309 6 9 20
309 6 10 20
309 7 0 16
309 7 1 17
309 7 3 17
309 7 5 15
309 7 6 17
309 7 8 16
309 7 9 18
309 7 10 18
310 1 0 33
310 1 1 35
310 1 2 36
310 1 4 32
310 1 6 36
310 1 7 34
310 1 8 38
310 1 9 37
310 5 0 35
310 5 1 37
310 5 3 38
310 5 4 34
310 5 5 38
310 5 6 36
310 5 7 40
310 5 11 39
310 6 0 36
310 6 3 38
310 6 4 39
310 6 5 35
310 6 6 39
310 6 8 37
310 6 9 41
310 6 10 40
311 3 1 43
311 3 3 43
311 3 4 46
311 3 5 41
311 3 6 42
311 3 8 42
311 3 9 43
311 3 11 43
311 5 0 43
311 5 1 43
311 5 3 46
311 5 4 41
311 5 5 42
311 5 6 42
311 5 7 43
311 5 11 43
311 6 0 46
311 6 3 46
311 6 4 49
311 6 5 44
311 6 6 45
311 6 8 45
311 6 9 46
311 6 10 46
311 8 1 41
311 8 5 41
311 8 6 44
311 8 7 39
311 8 8 40
311 8 9 40
311 8 10 41
311 8 11 41
312 4 0 98
312 4 1 100
312 4 2 113
312 4 5 98
312 4 6 109
312 4 7 99
312 4 10 108
312 4 11 102
312 6 0 97
312 6 3 87
312 6 4 90
312 6 5 85
312 6 6 86
312 6 8 86
312 6 9 97
312 6 10 97
312 8 1 100
312 8 5 90
312 8 6 93
312 8 7 88
312 8 8 89
312 8 9 89
312 8 10 100
312 8 11 100
312 9 0 95
312 9 3 85
312 9 5 88
312 9 6 83
312 9 7 84
312 9 9 84
312 9 10 95
312 9 11 95
313 2 0 41
313 2 1 41
313 2 2 44
313 2 3 39
313 2 6 40
313 2 7 40
313 2 9 41
313 2 10 41
313 3 1 41
313 3 3 41
313 3 4 44
313 3 5 39
313 3 6 40
313 3 8 40
313 3 9 41
313 3 11 41
313 9 0 44
313 9 3 44
313 9 5 47
313 9 6 42
313 9 7 43
313 9 9 43
313 9 10 44
313 9 11 44
313 13 0 42
313 13 1 40
313 13 2 38
313 13 5 40
313 13 7 41
313 13 8 40
313 13 9 40
313 13 10 41
313 14 1 40
313 14 2 40
313 14 3 43
313 14 6 38
313 14 8 39
313 14 9 39
313 14 10 40
313 14 11 40
314 2 0 19
314 2 1 23
314 2 2 24
314 2 3 23
314 2 6 24
314 2 7 20
314 2 9 23
314 2 10 21
314 5 0 19
314 5 1 23
314 5 3 24
314 5 4 23
314 5 5 24
314 5 6 20
314 5 7 23
314 5 11 21
314 8 1 22
314 8 5 22
314 8 6 20
314 8 7 20
314 8 8 21
314 8 9 21
314 8 10 22
314 8 11 22
315 0 1 18
315 0 2 22
315 0 4 23
315 0 6 22
315 0 7 23
315 0 8 19
315 0 10 22
315 0 11 20
315 6 0 22
315 6 3 26
315 6 4 27
315 6 5 26
315 6 6 27
315 6 8 23
315 6 9 26
315 6 10 24
315 12 0 23
315 12 3 27
315 12 4 28
315 12 7 27
315 12 8 28
315 12 9 24
315 12 10 27
315 12 11 25
315 14 1 22
315 14 2 26
315 14 3 27
315 14 6 26
315 14 8 27
315 14 9 23
315 14 10 26
315 14 11 24
316 5 0 97
316 5 1 87
316 5 3 90
316 5 4 85
316 5 5 86
316 5 6 86
316 5 7 97
316 5 11 97
316 8 1 93
316 8 5 100
316 8 6 107
316 8 7 91
316 8 8 104
316 8 9 106
316 8 10 103
316 8 11 104
316 9 0 102
316 9 3 104
316 9 5 117
316 9 6 102
316 9 7 113
316 9 9 103
316 9 10 112
316 9 11 106
316 10 0 95
316 10 1 85
316 10 3 88
316 10 5 83
316 10 6 84
316 10 7 84
316 10 10 95
316 10 11 95
316 14 1 99
316 14 2 101
316 14 3 114
316 14 6 99
316 14 8 110
316 14 9 100
316 14 10 109
316 14 11 103
317 2 0 14
317 2 1 15
317 2 2 15
317 2 3 13
317 2 6 15
317 2 7 14
317 2 9 16
317 2 10 16
317 3 1 15
317 3 3 16
317 3 4 16
317 3 5 14
317 3 6 16
317 3 8 15
317 3 9 17
317 3 11 17
317 4 0 15
317 4 1 16
317 4 2 16
317 4 5 14
317 4 6 16
317 4 7 15
317 4 10 17
317 4 11 17
317 9 0 13
317 9 3 14
317 9 5 14
317 9 6 12
317 9 7 14
317 9 9 13
317 9 10 15
317 9 11 15
317 11 1 15
317 11 2 16
317 11 3 16
317 11 7 14
317 11 8 16
317 11 9 15
317 11 10 17
317 11 11 17
318 0 1 67
318 0 2 71
318 0 4 73
318 0 6 66
318 0 7 73
318 0 8 70
318 0 10 77
318 0 11 76
318 2 0 67
318 2 1 71
318 2 2 73
318 2 3 66
318 2 6 73
318 2 7 70
318 2 9 77
318 2 10 76
318 4 0 67
318 4 1 67
318 4 2 60
318 4 5 65
318 4 6 64
318 4 7 66
318 4 10 63
318 4 11 57
319 0 1 17
319 0 2 18
319 0 4 18
319 0 6 16
319 0 7 18
319 0 8 17
319 0 10 19
319 0 11 19
319 6 0 19
319 6 3 23
319 6 4 24
319 6 5 23
319 6 6 24
319 6 8 20
319 6 9 23
319 6 10 21
319 10 0 20
319 10 1 24
319 10 3 25
319 10 5 24
319 10 6 25
319 10 7 21
319 10 10 24
319 10 11 22
319 13 0 19
319 13 1 23
319 13 2 24
319 13 5 23
319 13 7 24
319 13 8 20
319 13 9 23
319 13 10 21
320 1 0 22
320 1 1 26
320 1 2 27
320 1 4 26
320 1 6 27
320 1 7 23
320 1 8 26
320 1 9 24
320 9 0 26
320 9 3 30
320 9 5 31
320 9 6 30
320 9 7 31
320 9 9 27
320 9 10 30
320 9 11 28
320 14 1 30
320 14 2 30
320 14 3 30
320 14 6 28
320 14 8 27
320 14 9 29
320 14 10 33
320 14 11 27
321 2 0 13
321 2 1 14
321 2 2 14
321 2 3 12
321 2 6 14
321 2 7 13
321 2 9 15
321 2 10 15
321 7 0 14
321 7 1 15
321 7 3 15
321 7 5 13
321 7 6 15
321 7 8 14
321 7 9 16
321 7 10 16
321 11 1 14
321 11 2 15
321 11 3 15
321 11 7 13
321 11 8 15
321 11 9 14
321 11 10 16
321 11 11 16
321 13 0 12
321 13 1 13
321 13 2 13
321 13 5 11
321 13 7 13
321 13 8 12
321 13 9 14
321 13 10 14
322 0 1 14
322 0 2 15
322 0 4 15
322 0 6 13
322 0 7 15
322 0 8 14
322 0 10 16
322 0 11 16
322 5 0 15
322 5 1 16
322 5 3 16
322 5 4 14
322 5 5 16
322 5 6 15
322 5 7 17
322 5 11 17
322 9 0 15
322 9 3 16
322 9 5 16
322 9 6 14
322 9 7 16
322 9 9 15
322 9 10 17
322 9 11 17
322 12 0 13
322 12 3 14
322 12 4 14
322 12 7 12
322 12 8 14
322 12 9 13
322 12 10 15
322 12 11 15
322 13 0 15
322 13 1 16
322 13 2 16
322 13 5 14
322 13 7 16
322 13 8 15
322 13 9 17
322 13 10 17
323 3 1 34
323 3 3 36
323 3 4 37
323 3 5 33
323 3 6 37
323 3 8 35
323 3 9 39
323 3 11 38
323 4 0 36
323 4 1 38
323 4 2 39
323 4 5 35
323 4 6 39
323 4 7 37
323 4 10 41
323 4 11 40
323 5 0 37
323 5 1 39
323 5 3 40
323 5 4 36
323 5 5 40
323 5 6 38
323 5 7 42
323 5 11 41
323 9 0 33
323 9 3 35
323 9 5 36
323 9 6 32
323 9 7 36
323 9 9 34
323 9 10 38
323 9 11 37
323 12 0 37
323 12 3 39
323 12 4 40
323 12 7 36
323 12 8 40
323 12 9 38
323 12 10 42
323 12 11 41
324 5 0 68
324 5 1 68
324 5 3 61
324 5 4 66
324 5 5 65
324 5 6 67
324 5 7 64
324 5 11 58
324 8 1 68
324 8 5 68
324 8 6 61
324 8 7 66
324 8 8 65
324 8 9 67
324 8 10 64
324 8 11 58
324 11 1 58
324 11 2 56
324 11 3 63
324 11 7 62
324 11 8 63
324 11 9 59
324 11 10 62
324 11 11 54
325 2 0 8
325 2 1 9
325 2 2 9
325 2 3 8
325 2 6 9
325 2 7 8
325 2 9 9
325 2 10 9
325 4 0 9
325 4 1 10
325 4 2 11
325 4 5 10
325 4 6 11
325 4 7 10
325 4 10 10
325 4 11 11
325 12 0 10
325 12 3 11
325 12 4 11
325 12 7 9
325 12 8 11
325 12 9 10
325 12 10 12
325 12 11 12
326 1 0 30
326 1 1 32
326 1 2 33
326 1 4 29
326 1 6 33
326 1 7 31
326 1 8 35
326 1 9 34
326 4 0 32
326 4 1 34
326 4 2 35
326 4 5 31
326 4 6 35
326 4 7 33
326 4 10 37
326 4 11 36
326 11 1 33
326 11 2 35
326 11 3 36
326 11 7 32
326 11 8 36
326 11 9 34
326 11 10 38
326 11 11 37
326 13 0 29
326 13 1 31
326 13 2 32
326 13 5 28
326 13 7 32
326 13 8 30
326 13 9 34
326 13 10 33
327 0 1 52
327 0 2 50
327 0 4 57
327 0 6 56
327 0 7 57
327 0 8 53
327 0 10 56
327 0 11 48
327 1 0 51
327 1 1 53
327 1 2 55
327 1 4 51
327 1 6 51
327 1 7 52
327 1 8 50
327 1 9 55
327 6 0 57
327 6 3 55
327 6 4 62
327 6 5 61
327 6 6 62
327 6 8 58
327 6 9 61
327 6 10 53
327 11 1 56
327 11 2 54
327 11 3 61
327 11 7 60
327 11 8 61
327 11 9 57
327 11 10 60
327 11 11 52
327 12 0 57
327 12 3 55
327 12 4 62
327 12 7 61
327 12 8 62
327 12 9 58
327 12 10 61
327 12 11 53
328 2 0 99
328 2 1 89
328 2 2 92
328 2 3 87
328 2 6 88
328 2 7 88
328 2 9 99
328 2 10 99
328 4 0 82
328 4 1 80
328 4 2 87
328 4 5 80
328 4 6 81
328 4 7 89
328 4 10 80
328 4 11 90
328 8 1 85
328 8 5 83
328 8 6 90
328 8 7 83
328 8 8 84
328 8 9 92
328 8 10 83
328 8 11 93
328 10 0 80
328 10 1 78
328 10 3 85
328 10 5 78
328 10 6 79
328 10 7 87
328 10 10 78
328 10 11 88
328 11 1 81
328 11 2 79
328 11 3 86
328 11 7 79
328 11 8 80
328 11 9 88
328 11 10 79
328 11 11 89
329 5 0 22
329 5 1 22
329 5 3 20
329 5 4 20
329 5 5 21
329 5 6 21
329 5 7 22
329 5 11 22
329 7 0 21
329 7 1 25
329 7 3 26
329 7 5 25
329 7 6 26
329 7 8 22
329 7 9 25
329 7 10 23
329 13 0 22
329 13 1 26
329 13 2 27
329 13 5 26
329 13 7 27
329 13 8 23
329 13 9 26
329 13 10 24
330 6 0 71
330 6 3 75
330 6 4 77
330 6 5 70
330 6 6 77
330 6 8 74
330 6 9 81
330 6 10 80
330 9 0 75
330 9 3 79
330 9 5 81
330 9 6 74
330 9 7 81
330 9 9 78
330 9 10 85
330 9 11 84
330 10 0 78
330 10 1 76
330 10 3 83
330 10 5 76
330 10 6 77
330 10 7 85
330 10 10 76
330 10 11 86
331 0 1 99
331 0 2 89
331 0 4 92
331 0 6 87
331 0 7 88
331 0 8 88
331 0 10 99
331 0 11 99
331 2 0 82
331 2 1 80
331 2 2 87
331 2 3 80
331 2 6 81
331 2 7 89
331 2 9 80
331 2 10 90
331 7 0 85
331 7 1 83
331 7 3 90
331 7 5 83
331 7 6 84
331 7 8 92
331 7 9 83
331 7 10 93
331 13 0 80
331 13 1 78
331 13 2 85
331 13 5 78
331 13 7 79
331 13 8 87
331 13 9 78
331 13 10 88
331 14 1 81
331 14 2 79
331 14 3 86
331 14 6 79
331 14 8 80
331 14 9 88
331 14 10 79
331 14 11 89
332 4 0 12
332 4 1 13
332 4 2 13
332 4 5 11
332 4 6 13
332 4 7 12
332 4 10 14
332 4 11 14
332 7 0 13
332 7 1 14
332 7 3 14
332 7 5 12
332 7 6 14
332 7 8 13
332 7 9 15
332 7 10 15
332 10 0 13
332 10 1 14
332 10 3 14
332 10 5 12
332 10 6 14
332 10 7 13
332 10 10 15
332 10 11 15
332 11 1 11
332 11 2 12
332 11 3 12
332 11 7 10
332 11 8 12
332 11 9 11
332 11 10 13
332 11 11 13
333 1 0 45
333 1 1 45
333 1 2 48
333 1 4 43
333 1 6 44
333 1 7 44
333 1 8 45
333 1 9 45
333 2 0 45
333 2 1 45
333 2 2 48
333 2 3 43
333 2 6 44
333 2 7 44
333 2 9 45
333 2 10 45
333 8 1 48
333 8 5 48
333 8 6 51
333 8 7 46
333 8 8 47
333 8 9 47
333 8 10 48
333 8 11 48
333 9 0 43
333 9 3 43
333 9 5 46
333 9 6 41
333 9 7 42
333 9 9 42
333 9 10 43
333 9 11 43
333 14 1 44
333 14 2 44
333 14 3 47
333 14 6 42
333 14 8 43
333 14 9 43
333 14 10 44
333 14 11 44
334 0 1 53
334 0 2 51
334 0 4 58
334 0 6 57
334 0 7 58
334 0 8 54
334 0 10 57
334 0 11 49
334 3 1 51
334 3 3 49
334 3 4 56
334 3 5 55
334 3 6 56
334 3 8 52
334 3 9 55
334 3 11 47
334 9 0 58
334 9 3 56
334 9 5 63
334 9 6 62
334 9 7 63
334 9 9 59
334 9 10 62
334 9 11 54
335 5 0 99
335 5 1 89
335 5 3 92
335 5 4 87
335 5 5 88
335 5 6 88
335 5 7 99
335 5 11 99
335 8 1 82
335 8 5 80
335 8 6 87
335 8 7 80
335 8 8 81
335 8 9 89
335 8 10 80
335 8 11 90
335 9 0 85
335 9 3 83
335 9 5 90
335 9 6 83
335 9 7 84
335 9 9 92
335 9 10 83
335 9 11 93
336 0 1 46
336 0 2 46
336 0 4 49
336 0 6 44
336 0 7 45
336 0 8 45
336 0 10 46
336 0 11 46
336 3 1 46
336 3 3 46
336 3 4 49
336 3 5 44
336 3 6 45
336 3 8 45
336 3 9 46
336 3 11 46
336 9 0 51
336 9 3 53
336 9 5 55
336 9 6 51
336 9 7 51
336 9 9 52
336 9 10 50
336 9 11 55
337 1 0 15
337 1 1 16
337 1 2 16
337 1 4 14
337 1 6 16
337 1 7 15
337 1 8 17
337 1 9 17
337 3 1 16
337 3 3 17
337 3 4 17
337 3 5 15
337 3 6 17
337 3 8 16
337 3 9 18
337 3 11 18
337 10 0 16
337 10 1 17
337 10 3 17
337 10 5 15
337 10 6 17
337 10 7 16
337 10 10 18
337 10 11 18
337 11 1 14
337 11 2 15
337 11 3 15
337 11 7 13
337 11 8 15
337 11 9 14
337 11 10 16
337 11 11 16
338 5 0 32
338 5 1 34
338 5 3 35
338 5 4 31
338 5 5 35
338 5 6 33
338 5 7 37
338 5 11 36
338 9 0 34
338 9 3 36
338 9 5 37
338 9 6 33
338 9 7 37
338 9 9 35
338 9 10 39
338 9 11 38
338 11 1 35
338 11 2 37
338 11 3 38
338 11 7 34
338 11 8 38
338 11 9 36
338 11 10 40
338 11 11 39
338 14 1 31
338 14 2 33
338 14 3 34
338 14 6 30
338 14 8 34
338 14 9 32
338 14 10 36
338 14 11 35
339 4 0 67
339 4 1 67
339 4 2 60
339 4 5 65
339 4 6 64
339 4 7 66
339 4 10 63
339 4 11 57
339 6 0 67
339 6 3 67
339 6 4 60
339 6 5 65
339 6 6 64
339 6 8 66
339 6 9 63
339 6 10 57
339 9 0 57
339 9 3 55
339 9 5 62
339 9 6 61
339 9 7 62
339 9 9 58
339 9 10 61
339 9 11 53
339 10 0 65
339 10 1 65
339 10 3 58
339 10 5 63
339 10 6 62
339 10 7 64
339 10 10 61
339 10 11 55
339 12 0 64
339 12 3 64
339 12 4 57
339 12 7 62
339 12 8 61
339 12 9 63
339 12 10 60
339 12 11 54
340 4 0 47
340 4 1 47
340 4 2 50
340 4 5 45
340 4 6 46
340 4 7 46
340 4 10 47
340 4 11 47
340 6 0 47
340 6 3 47
340 6 4 50
340 6 5 45
340 6 6 46
340 6 8 46
340 6 9 47
340 6 10 47
340 12 0 51
340 12 3 49
340 12 4 56
340 12 7 55
340 12 8 56
340 12 9 52
340 12 10 55
340 12 11 47
341 2 0 71
341 2 1 75
341 2 2 77
341 2 3 70
341 2 6 77
341 2 7 74
341 2 9 81
341 2 10 80
341 4 0 75
341 4 1 79
341 4 2 81
341 4 5 74
341 4 6 81
341 4 7 78
341 4 10 85
341 4 11 84
341 7 0 78
341 7 1 76
341 7 3 83
341 7 5 76
341 7 6 77
341 7 8 85
341 7 9 76
341 7 10 86
342 3 1 31
342 3 3 33
342 3 4 34
342 3 5 30
342 3 6 34
342 3 8 32
342 3 9 36
342 3 11 35
342 4 0 33
342 4 1 35
342 4 2 36
342 4 5 32
342 4 6 36
342 4 7 34
342 4 10 38
342 4 11 37
342 7 0 34
342 7 1 36
342 7 3 37
342 7 5 33
342 7 6 37
342 7 8 35
342 7 9 39
342 7 10 38
342 8 1 30
342 8 5 32
342 8 6 33
342 8 7 29
342 8 8 33
342 8 9 31
342 8 10 35
342 8 11 34
342 13 0 34
342 13 1 36
342 13 2 37
342 13 5 33
342 13 7 37
342 13 8 35
342 13 9 39
342 13 10 38
343 2 0 102
343 2 1 92
343 2 2 95
343 2 3 90
343 2 6 91
343 2 7 91
343 2 9 102
343 2 10 102
343 6 0 85
343 6 3 83
343 6 4 90
343 6 5 83
343 6 6 84
343 6 8 92
343 6 9 83
343 6 10 93
343 8 1 95
343 8 5 85
343 8 6 88
343 8 7 83
343 8 8 84
343 8 9 84
343 8 10 95
343 8 11 95
343 12 0 83
343 12 3 81
343 12 4 88
343 12 7 81
343 12 8 82
343 12 9 90
343 12 10 81
343 12 11 91
344 0 1 15
344 0 2 16
344 0 4 16
344 0 6 14
344 0 7 16
344 0 8 15
344 0 10 17
344 0 11 17
344 5 0 16
344 5 1 17
344 5 3 17
344 5 4 15
344 5 5 17
344 5 6 16
344 5 7 18
344 5 11 18
344 6 0 16
344 6 3 17
344 6 4 17
344 6 5 15
344 6 6 17
344 6 8 16
344 6 9 18
344 6 10 18
344 9 0 14
344 9 3 15
344 9 5 15
344 9 6 13
344 9 7 15
344 9 9 14
344 9 10 16
344 9 11 16
344 10 0 16
344 10 1 17
344 10 3 17
344 10 5 15
344 10 6 17
344 10 7 16
344 10 10 18
344 10 11 18
345 0 1 21
345 0 2 25
345 0 4 26
345 0 6 25
345 0 7 26
345 0 8 22
345 0 10 25
345 0 11 23
345 8 1 25
345 8 5 29
345 8 6 30
345 8 7 29
345 8 8 30
345 8 9 26
345 8 10 29
345 8 11 27
345 14 1 26
345 14 2 30
345 14 3 31
345 14 6 30
345 14 8 31
345 14 9 27
345 14 10 30
345 14 11 28
346 3 1 98
346 3 3 100
346 3 4 113
346 3 5 98
346 3 6 109
346 3 8 99
346 3 9 108
346 3 11 102
346 6 0 97
346 6 3 87
346 6 4 90
346 6 5 85
346 6 6 86
346 6 8 86
346 6 9 97
346 6 10 97
346 7 0 100
346 7 1 90
346 7 3 93
346 7 5 88
346 7 6 89
346 7 8 89
346 7 9 100
346 7 10 100
346 9 0 95
346 9 3 85
346 9 5 88
346 9 6 83
346 9 7 84
346 9 9 84
346 9 10 95
346 9 11 95
346 12 0 96
346 12 3 86
346 12 4 89
346 12 7 84
346 12 8 85
346 12 9 85
346 12 10 96
346 12 11 96
347 4 0 79
347 4 1 77
347 4 2 84
347 4 5 77
347 4 6 78
347 4 7 86
347 4 10 77
347 4 11 87
347 5 0 80
347 5 1 80
347 5 3 84
347 5 4 78
347 5 5 76
347 5 6 73
347 5 7 87
347 5 11 86
347 9 0 84
347 9 3 82
347 9 5 89
347 9 6 82
347 9 7 83
347 9 9 91
347 9 10 82
347 9 11 92
347 12 0 80
347 12 3 80
347 12 4 84
347 12 7 78
347 12 8 76
347 12 9 73
347 12 10 87
347 12 11 86
347 14 1 78
347 14 2 76
347 14 3 83
347 14 6 76
347 14 8 77
347 14 9 85
347 14 10 76
347 14 11 86
348 5 0 96
348 5 1 98
348 5 3 111
348 5 4 96
348 5 5 107
348 5 6 97
348 5 7 106
348 5 11 100
348 8 1 95
348 8 5 85
348 8 6 88
348 8 7 83
348 8 8 84
348 8 9 84
348 8 10 95
348 8 11 95
348 9 0 98
348 9 3 88
348 9 5 91
348 9 6 86
348 9 7 87
348 9 9 87
348 9 10 98
348 9 11 98
348 13 0 86
348 13 1 84
348 13 2 91
348 13 5 84
348 13 7 85
348 13 8 93
348 13 9 84
348 13 10 94
349 6 0 99
349 6 3 89
349 6 4 92
349 6 5 87
349 6 6 88
349 6 8 88
349 6 9 99
349 6 10 99
349 8 1 82
349 8 5 80
349 8 6 87
349 8 7 80
349 8 8 81
349 8 9 89
349 8 10 80
349 8 11 90
349 10 0 85
349 10 1 83
349 10 3 90
349 10 5 83
349 10 6 84
349 10 7 92
349 10 10 83
349 10 11 93
349 14 1 80
349 14 2 78
349 14 3 85
349 14 6 78
349 14 8 79
349 14 9 87
349 14 10 78
349 14 11 88
350 3 1 40
350 3 3 40
350 3 4 43
350 3 5 38
350 3 6 39
350 3 8 39
350 3 9 40
350 3 11 40
350 4 0 40
350 4 1 40
350 4 2 43
350 4 5 38
350 4 6 39
350 4 7 39
350 4 10 40
350 4 11 40
350 8 1 43
350 8 5 43
350 8 6 46
350 8 7 41
350 8 8 42
350 8 9 42
350 8 10 43
350 8 11 43
350 10 0 37
350 10 1 39
350 10 3 40
350 10 5 36
350 10 6 40
350 10 7 38
350 10 10 42
350 10 11 41
351 5 0 102
351 5 1 92
351 5 3 95
351 5 4 90
351 5 5 91
351 5 6 91
351 5 7 102
351 5 11 102
351 8 1 85
351 8 5 83
351 8 6 90
351 8 7 83
351 8 8 84
351 8 9 92
351 8 10 83
351 8 11 93
351 13 0 95
351 13 1 85
351 13 2 88
351 13 5 83
351 13 7 84
351 13 8 84
351 13 9 95
351 13 10 95
352 9 0 75
352 9 3 79
352 9 5 81
352 9 6 74
352 9 7 81
352 9 9 78
352 9 10 85
352 9 11 84
352 10 0 73
352 10 1 77
352 10 3 79
352 10 5 72
352 10 6 79
352 10 7 76
352 10 10 83
352 10 11 82
352 11 1 81
352 11 2 79
352 11 3 86
352 11 7 79
352 11 8 80
352 11 9 88
352 11 10 79
352 11 11 89
352 13 0 73
352 13 1 77
352 13 2 79
352 13 5 72
352 13 7 79
352 13 8 76
352 13 9 83
352 13 10 82
353 1 0 93
353 1 1 100
353 1 2 107
353 1 4 91
353 1 6 104
353 1 7 106
353 1 8 103
353 1 9 104
353 2 0 96
353 2 1 89
353 2 2 94
353 2 3 83
353 2 6 86
353 2 7 86
353 2 9 97
353 2 10 91
353 8 1 97
353 8 5 87
353 8 6 90
353 8 7 85
353 8 8 86
353 8 9 86
353 8 10 97
353 8 11 97
353 11 1 85
353 11 2 83
353 11 3 90
353 11 7 83
353 11 8 84
353 11 9 92
353 11 10 83
353 11 11 93
353 12 0 86
353 12 3 84
353 12 4 91
353 12 7 84
353 12 8 85
353 12 9 93
353 12 10 84
353 12 11 94
354 0 1 71
354 0 2 71
354 0 4 64
354 0 6 69
354 0 7 68
354 0 8 70
354 0 10 67
354 0 11 61
354 4 0 68
354 4 1 72
354 4 2 74
354 4 5 67
354 4 6 74
354 4 7 71
354 4 10 78
354 4 11 77
354 7 0 70
354 7 1 74
354 7 3 76
354 7 5 69
354 7 6 76
354 7 8 73
354 7 9 80
354 7 10 79
354 9 0 70
354 9 3 70
354 9 5 63
354 9 6 68
354 9 7 67
354 9 9 69
354 9 10 66
354 9 11 60
355 1 0 11
355 1 1 12
355 1 2 12
355 1 4 10
355 1 6 12
355 1 7 11
355 1 8 13
355 1 9 13
355 2 0 12
355 2 1 13
355 2 2 13
355 2 3 11
355 2 6 13
355 2 7 12
355 2 9 14
355 2 10 14
355 5 0 12
355 5 1 13
355 5 3 13
355 5 4 11
355 5 5 13
355 5 6 12
355 5 7 14
355 5 11 14
356 1 0 80
356 1 1 78
356 1 2 85
356 1 4 78
356 1 6 79
356 1 7 87
356 1 8 78
356 1 9 88
356 9 0 78
356 9 3 76
356 9 5 83
356 9 6 76
356 9 7 77
356 9 9 85
356 9 10 76
356 9 11 86
356 11 1 85
356 11 2 83
356 11 3 90
356 11 7 83
356 11 8 84
356 11 9 92
356 11 10 83
356 11 11 93
357 2 0 46
357 2 1 46
357 2 2 49
357 2 3 44
357 2 6 45
357 2 7 45
357 2 9 46
357 2 10 46
357 3 1 46
357 3 3 46
357 3 4 49
357 3 5 44
357 3 6 45
357 3 8 45
357 3 9 46
357 3 11 46
357 10 0 51
357 10 1 53
357 10 3 55
357 10 5 51
357 10 6 51
357 10 7 52
357 10 10 50
357 10 11 55
358 3 1 22
358 3 3 22
358 3 4 20
358 3 5 20
358 3 6 21
358 3 8 21
358 3 9 22
358 3 11 22
358 7 0 21
358 7 1 25
358 7 3 26
358 7 5 25
358 7 6 26
358 7 8 22
358 7 9 25
358 7 10 23
358 10 0 22
358 10 1 26
358 10 3 27
358 10 5 26
358 10 6 27
358 10 7 23
358 10 10 26
358 10 11 24
358 11 1 21
358 11 2 25
358 11 3 26
358 11 7 25
358 11 8 26
358 11 9 22
358 11 10 25
358 11 11 23
358 12 0 22
358 12 3 26
358 12 4 27
358 12 7 26
358 12 8 27
358 12 9 23
358 12 10 26
358 12 11 24
359 3 1 71
359 3 3 75
359 3 4 77
359 3 5 70
359 3 6 77
359 3 8 74
359 3 9 81
359 3 11 80
359 5 0 75
359 5 1 79
359 5 3 81
359 5 4 74
359 5 5 81
359 5 6 78
359 5 7 85
359 5 11 84
359 7 0 78
359 7 1 76
359 7 3 83
359 7 5 76
359 7 6 77
359 7 8 85
359 7 9 76
359 7 10 86
359 9 0 70
359 9 3 74
359 9 5 76
359 9 6 69
359 9 7 76
359 9 9 73
359 9 10 80
359 9 11 79
359 13 0 78
359 13 1 76
359 13 2 83
359 13 5 76
359 13 7 77
359 13 8 85
359 13 9 76
359 13 10 86
360 3 1 30
360 3 3 30
360 3 4 30
360 3 5 28
360 3 6 27
360 3 8 29
360 3 9 33
360 3 11 27
360 4 0 30
360 4 1 32
360 4 2 33
360 4 5 29
360 4 6 33
360 4 7 31
360 4 10 35
360 4 11 34
360 8 1 31
360 8 5 33
360 8 6 34
360 8 7 30
360 8 8 34
360 8 9 32
360 8 10 36
360 8 11 35
360 9 0 26
360 9 3 30
360 9 5 31
360 9 6 30
360 9 7 31
360 9 9 27
360 9 10 30
360 9 11 28
361 2 0 41
361 2 1 41
361 2 2 44
361 2 3 39
361 2 6 40
361 2 7 40
361 2 9 41
361 2 10 41
361 7 0 41
361 7 1 41
361 7 3 44
361 7 5 39
361 7 6 40
361 7 8 40
361 7 9 41
361 7 10 41
361 10 0 44
361 10 1 44
361 10 3 47
361 10 5 42
361 10 6 43
361 10 7 43
361 10 10 44
361 10 11 44
362 1 0 70
362 1 1 70
362 1 2 63
362 1 4 68
362 1 6 67
362 1 7 69
362 1 8 66
362 1 9 60
362 3 1 70
362 3 3 70
362 3 4 63
362 3 5 68
362 3 6 67
362 3 8 69
362 3 9 66
362 3 11 60
362 4 0 62
362 4 1 55
362 4 2 64
362 4 5 57
362 4 6 61
362 4 7 57
362 4 10 64
362 4 11 54
362 5 0 68
362 5 1 68
362 5 3 61
362 5 4 66
362 5 5 65
362 5 6 67
362 5 7 64
362 5 11 58
362 6 0 67
362 6 3 67
362 6 4 60
362 6 5 65
362 6 6 64
362 6 8 66
362 6 9 63
362 6 10 57
363 0 1 21
363 0 2 25
363 0 4 26
363 0 6 25
363 0 7 26
363 0 8 22
363 0 10 25
363 0 11 23
363 6 0 25
363 6 3 29
363 6 4 30
363 6 5 29
363 6 6 30
363 6 8 26
363 6 9 29
363 6 10 27
363 7 0 26
363 7 1 30
363 7 3 31
363 7 5 30
363 7 6 31
363 7 8 27
363 7 9 30
363 7 10 28
363 10 0 25
363 10 1 29
363 10 3 30
363 10 5 29
363 10 6 30
363 10 7 26
363 10 10 29
363 10 11 27
363 13 0 26
363 13 1 30
363 13 2 31
363 13 5 30
363 13 7 31
363 13 8 27
363 13 9 30
363 13 10 28
364 5 0 72
364 5 1 67
364 5 3 65
364 5 4 70
364 5 5 71
364 5 6 76
364 5 7 67
364 5 11 77
364 8 1 72
364 8 5 67
364 8 6 65
364 8 7 70
364 8 8 71
364 8 9 76
364 8 10 67
364 8 11 77
364 12 0 66
364 12 3 66
364 12 4 59
364 12 7 64
364 12 8 63
364 12 9 65
364 12 10 62
364 12 11 56
364 13 0 71
364 13 1 71
364 13 2 64
364 13 5 69
364 13 7 68
364 13 8 70
364 13 9 67
364 13 10 61
365 2 0 31
365 2 1 33
365 2 2 34
365 2 3 30
365 2 6 34
365 2 7 32
365 2 9 36
365 2 10 35
365 4 0 33
365 4 1 35
365 4 2 36
365 4 5 32
365 4 6 36
365 4 7 34
365 4 10 38
365 4 11 37
365 10 0 34
365 10 1 36
365 10 3 37
365 10 5 33
365 10 6 37
365 10 7 35
365 10 10 39
365 10 11 38
365 12 0 30
365 12 3 32
365 12 4 33
365 12 7 29
365 12 8 33
365 12 9 31
365 12 10 35
365 12 11 34
365 14 1 34
365 14 2 36
365 14 3 37
365 14 6 33
365 14 8 37
365 14 9 35
365 14 10 39
365 14 11 38
366 5 0 9
366 5 1 10
366 5 3 11
366 5 4 10
366 5 5 11
366 5 6 10
366 5 7 10
366 5 11 11
366 9 0 10
366 9 3 11
366 9 5 11
366 9 6 9
366 9 7 11
366 9 9 10
366 9 10 12
366 9 11 12
366 11 1 10
366 11 2 11
366 11 3 11
366 11 7 9
366 11 8 11
366 11 9 10
366 11 10 12
366 11 11 12
366 12 0 8
366 12 3 9
366 12 4 9
366 12 7 8
366 12 8 9
366 12 9 8
366 12 10 9
366 12 11 9
367 1 0 80
367 1 1 78
367 1 2 85
367 1 4 78
367 1 6 79
367 1 7 87
367 1 8 78
367 1 9 88
367 3 1 78
367 3 3 76
367 3 4 83
367 3 5 76
367 3 6 77
367 3 8 85
367 3 9 76
367 3 11 86
367 8 1 85
367 8 5 83
367 8 6 90
367 8 7 83
367 8 8 84
367 8 9 92
367 8 10 83
367 8 11 93
367 11 1 78
367 11 2 76
367 11 3 83
367 11 7 76
367 11 8 77
367 11 9 85
367 11 10 76
367 11 11 86
367 12 0 79
367 12 3 77
367 12 4 84
367 12 7 77
367 12 8 78
367 12 9 86
367 12 10 77
367 12 11 87
368 3 1 41
368 3 3 41
368 3 4 44
368 3 5 39
368 3 6 40
368 3 8 40
368 3 9 41
368 3 11 41
368 10 0 42
368 10 1 40
368 10 3 38
368 10 5 40
368 10 6 41
368 10 7 40
368 10 10 40
368 10 11 41
368 12 0 36
368 12 3 38
368 12 4 39
368 12 7 35
368 12 8 39
368 12 9 37
368 12 10 41
368 12 11 40
369 4 0 72
369 4 1 72
369 4 2 65
369 4 5 70
369 4 6 69
369 4 7 71
369 4 10 68
369 4 11 62
369 5 0 72
369 5 1 72
369 5 3 65
369 5 4 70
369 5 5 69
369 5 6 71
369 5 7 68
369 5 11 62
369 11 1 65
369 11 2 65
369 11 3 58
369 11 7 63
369 11 8 62
369 11 9 64
369 11 10 61
369 11 11 55
370 1 0 72
370 1 1 72
370 1 2 65
370 1 4 70
370 1 6 69
370 1 7 71
370 1 8 68
370 1 9 62
370 2 0 72
370 2 1 72
370 2 2 65
370 2 3 70
370 2 6 69
370 2 7 71
370 2 9 68
370 2 10 62
370 5 0 65
370 5 1 65
370 5 3 58
370 5 4 63
370 5 5 62
370 5 6 64
370 5 7 61
370 5 11 55
370 12 0 70
370 12 3 70
370 12 4 63
370 12 7 68
370 12 8 67
370 12 9 69
370 12 10 66
370 12 11 60
371 1 0 9
371 1 1 10
371 1 2 11
371 1 4 10
371 1 6 11
371 1 7 10
371 1 8 10
371 1 9 11
371 5 0 10
371 5 1 11
371 5 3 11
371 5 4 9
371 5 5 11
371 5 6 10
371 5 7 12
371 5 11 12
371 10 0 10
371 10 1 11
371 10 3 11
371 10 5 9
371 10 6 11
371 10 7 10
371 10 10 12
371 10 11 12
372 1 0 17
372 1 1 18
372 1 2 18
372 1 4 16
372 1 6 18
372 1 7 17
372 1 8 19
372 1 9 19
372 5 0 19
372 5 1 23
372 5 3 24
372 5 4 23
372 5 5 24
372 5 6 20
372 5 7 23
372 5 11 21
372 8 1 20
372 8 5 24
372 8 6 25
372 8 7 24
372 8 8 25
372 8 9 21
372 8 10 24
372 8 11 22
372 11 1 19
372 11 2 23
372 11 3 24
372 11 7 23
372 11 8 24
372 11 9 20
372 11 10 23
372 11 11 21
373 2 0 72
373 2 1 67
373 2 2 65
373 2 3 70
373 2 6 71
373 2 7 76
373 2 9 67
373 2 10 77
373 8 1 70
373 8 5 74
373 8 6 76
373 8 7 69
373 8 8 76
373 8 9 73
373 8 10 80
373 8 11 79
373 9 0 72
373 9 3 76
373 9 5 78
373 9 6 71
373 9 7 78
373 9 9 75
373 9 10 82
373 9 11 81
374 1 0 97
374 1 1 99
374 1 2 112
374 1 4 97
374 1 6 108
374 1 7 98
374 1 8 107
374 1 9 101
374 7 0 96
374 7 1 86
374 7 3 89
374 7 5 84
374 7 6 85
374 7 8 85
374 7 9 96
374 7 10 96
374 10 0 99
374 10 1 89
374 10 3 92
374 10 5 87
374 10 6 88
374 10 7 88
374 10 10 99
374 10 11 99
374 12 0 96
374 12 3 89
374 12 4 94
374 12 7 83
374 12 8 86
374 12 9 86
374 12 10 97
374 12 11 91
374 14 1 95
374 14 2 85
374 14 3 88
374 14 6 83
374 14 8 84
374 14 9 84
374 14 10 95
374 14 11 95
