Jobs:
0 1 2 3 4 5 6 7 8 9 10 11 12 13 14 15 16 17 18 19 20 21 22 23 24 25 26 27 28 29
Machines:
0 1 2 3 4 5 6 7 8 9 10 11 12 13 14
Workers:
0 1 2 3 4 5 6 7 8 9 10 11 12 13 14
Operations per job:
0 1 2 3 4 5 6 7 8 9 10 11
12 13 14 15 16 17 18 19 20 21
22 23 24 25 26 27 28 29 30 31
32 33 34 35 36 37 38 39 40 41
42 43 44 45 46 47 48 49 50 51
52 53 54 55 56 57 58 59 60 61
62 63 64 65 66 67 68 69 70 71 72
73 74 75 76 77 78 79 80 81 82
83 84 85 86 87 88 89 90 91 92 93 94 95 96 97
98 99 100 101 102 103 104 105 106 107 108 109 110 111
112 113 114 115 116 117 118 119 120 121 122 123 124
125 126 127 128 129 130 131 132 133 134 135 136 137 138 139
140 141 142 143 144 145 146 147 148 149 150 151 152
153 154 155 156 157 158 159 160 161 162 163 164 165 166 167
168 169 170 171 172 173 174 175 176 177 178 179 180
181 182 183 184 185 186 187 188 189 190 191 192
193 194 195 196 197 198 199 200 201 202 203 204 205
206 207 208 209 210 211 212 213 214 215 216 217
218 219 220 221 222 223 224 225 226 227
228 229 230 231 232 233 234 235 236 237 238 239 240 241 242
243 244 245 246 247 248 249 250 251 252 253
254 255 256 257 258 259 260 261 262 263
264 265 266 267 268 269 270 271 272 273
274 275 276 277 278 279 280 281 282 283 284 285 286 287
288 289 290 291 292 293 294 295 296 297 298
299 300 301 302 303 304 305 306 307 308 309
310 311 312 313 314 315 316 317 318 319 320 321 322 323
324 325 326 327 328 329 330 331 332 333 334 335
336 337 338 339 340 341 342 343 344 345
346 347 348 349 350 351 352 353 354 355 356 357 358 359
Predecessors per operation:

0
1
2
3
4
5
6
7
8
9
10

12
13
14
15
16
17
18
19
20

22
23
24
25
26
27
28
29
30

32
33
34
35
36
37
38
39
40

42
43
44
45
46
47
48
49
50

52
53
54
55
56
57
58
59
60

62
63
64
65
66
67
68
69
70
71

73
74
75
76
77
78
79
80
81

83
84
85
86
87
88
89
90
91
92
93
94
95
96

98
99
100
101
102
103
104
105
106
107
108
109
110

112
113
114
115
116
117
118
119
120
121
122
123

125
126
127
128
129
130
131
132
133
134
135
136
137
138

140
141
142
143
144
145
146
147
148
149
150
151

153
154
155
156
157
158
159
160
161
162
163
164
165
166

168
169
170
171
172
173
174
175
176
177
178
179

181
182
183
184
185
186
187
188
189
190
191

193
194
195
196
197
198
199
200
201
202
203
204

206
207
208
209
210
211
212
213
214
215
216

218
219
220
221
222
223
224
225
226

228
229
230
231
232
233
234
235
236
237
238
239
240
241

243
244
245
246
247
248
249
250
251
252

254
255
256
257
258
259
260
261
262

264
265
266
267
268
269
270
271
272

274
275
276
277
278
279
280
281
282
283
284
285
286

288
289
290
291
292
293
294
295
296
297

299
300
301
302
303
304
305
306
307
308

310
311
312
313
314
315
316
317
318
319
320
321
322

324
325
326
327
328
329
330
331
332
333
334

336
337
338
339
340
341
342
343
344

346
347
348
349
350
351
352
353
354
355
356
357
358
Successors per operation:
1
2
3
4
5
6
7
8
9
10
11

13
14
15
16
17
18
19
20
21

23
24
25
26
27
28
29
30
31

33
34
35
36
37
38
39
40
41

43
44
45
46
47
48
49
50
51

53
54
55
56
57
58
59
60
61

63
64
65
66
67
68
69
70
71
72

74
75
76
77
78
79
80
81
82

84
85
86
87
88
89
90
91
92
93
94
95
96
97

99
100
101
102
103
104
105
106
107
108
109
110
111

113
114
115
116
117
118
119
120
121
122
123
124

126
127
128
129
130
131
132
133
134
135
136
137
138
139

141
142
143
144
145
146
147
148
149
150
151
152

154
155
156
157
158
159
160
161
162
163
164
165
166
167

169
170
171
172
173
174
175
176
177
178
179
180

182
183
184
185
186
187
188
189
190
191
192

194
195
196
197
198
199
200
201
202
203
204
205

207
208
209
210
211
212
213
214
215
216
217

219
220
221
222
223
224
225
226
227

229
230
231
232
233
234
235
236
237
238
239
240
241
242

244
245
246
247
248
249
250
251
252
253

255
256
257
258
259
260
261
262
263

265
266
267
268
269
270
271
272
273

275
276
277
278
279
280
281
282
283
284
285
286
287

289
290
291
292
293
294
295
296
297
298

300
301
302
303
304
305
306
307
308
309

311
312
313
314
315
316
317
318
319
320
321
322
323

325
326
327
328
329
330
331
332
333
334
335

337
338
339
340
341
342
343
344
345

347
348
349
350
351
352
353
354
355
356
357
358
359

Machines per operation:
5 6 9 12 13
8 10 12
0 2 5
3 8 12
8 9 11
1 6 9
1 2 4 10
6 7 13
7 9 10 11 14
6 8 10 12
0 9 12
5 6 7 9 11
1 3 11
2 7 8 12 14
1 4 12
1 2 3 9 14
4 5 8
5 9 10 11 14
7 10 11
0 4 5 8 9
8 9 10 13
0 10 11
0 12 14
4 6 7 12
0 4 9 13
2 3 4 8
5 7 11 12
0 3 6 13 14
6 7 12
0 5 10 11
0 2 4 6
1 2 8
4 5 6 11
0 4 5 7 14
1 6 7 12
8 10 11
0 4 7 12 13
1 2 9
5 6 8 9 12
3 10 14
3 10 14
4 7 8 9
4 6 10
1 7 14
0 1 11
0 4 6 8 13
3 6 8
4 6 9 13 14
0 6 12
0 3 4 13
6 7 14
2 3 8 13
1 2 3 5 12
0 3 5 8 10
2 4 13
0 4 6 9 10
4 6 9 13
1 2 12 13 14
0 2 3 4 5
2 3 10 12 13
5 9 14
2 3 7 9
1 3 6 9
3 4 7
0 7 8
3 6 8 9
2 3 7 8 14
4 5 6 7 14
1 2 6 7 10
3 4 12 13
7 8 9 10 14
0 5 6 10 13
3 6 7 12 13
2 3 9 10 14
3 4 5 7 13
6 9 13 14
3 9 13
0 5 6 11 12
3 4 8 12
1 5 9 10
3 8 9 10
0 4 7 8 13
6 11 13
6 8 9 12 14
4 7 9 10
7 9 10 13
7 8 12
3 4 5 13
5 8 9
2 8 9 11
2 3 4 5
2 4 11 13 14
0 3 4 10
1 4 6 10 13
1 11 13
4 10 14
3 4 6
4 7 10
0 1 5 7 11
0 2 3 9
2 4 5
3 8 9 10
1 7 8
3 4 5 13
9 13 14
2 10 12
6 10 11 14
0 1 4 6 8
0 6 7 10 11
2 8 10 11
2 3 10
1 2 7 10 12
0 4 14
2 3 11 14
0 3 5 7 11
0 2 4 14
0 6 8
1 2 5 9 13
10 13 14
0 1 14
4 9 13
5 7 8 10
0 10 14
6 7 10 11
1 3 5 11 12
6 9 13
4 7 10 11 12
1 3 10 12
0 9 11
0 2 4 6 9
0 2 13
7 8 9 11 12
0 1 9
0 4 9 10 14
1 2 3 5
3 4 9 12 13
0 2 6 12 13
0 6 7 14
3 4 7
5 12 14
3 8 9 10 11
0 8 11
5 9 10 11 13
0 9 12
0 1 3 13 14
0 4 9 14
5 6 9 12 13
3 11 12 13 14
2 3 5 12
0 1 7 10 11
5 8 9 10
1 2 13
2 3 4 6
3 4 5
5 7 9 12
0 5 7 9
7 9 14
1 2 4 8 9
1 6 9 10
2 4 7 8 12
0 9 11
0 7 8 12
5 7 10 14
0 3 12 14
3 6 8 11
6 9 13
1 8 10
2 3 9 13
0 1 2 11 12
0 5 6 8 13
2 3 7 8 9
2 6 9
5 8 10
0 1 12
4 8 10 11 13
8 10 14
6 7 12 13
6 7 14
2 5 7 11 12
1 2 3 9 12
0 2 3 14
0 10 12
0 3 4 9
0 7 8 9 13
6 7 10
6 7 9 12
3 5 6
1 4 6 8
0 2 8 10
3 8 9 10
1 3 7 8 10
3 4 5 8
2 4 7 10
9 11 13
0 5 8 9 14
0 1 2 8
2 9 10
4 10 11 12
0 3 5 6 9
0 5 7 10
0 1 4 6
1 5 11 13 14
2 4 11
5 8 10
0 5 7 10 13
2 5 9
1 11 12
2 6 12
4 8 12
1 2 5
2 8 11
5 6 10 11 13
0 4 6 9
1 9 10 11
3 8 14
7 11 12
2 4 13
2 6 8
1 10 11 14
0 8 14
6 8 12
6 13 14
0 3 10 13
1 3 5 6 8
2 11 12
9 12 13 14
1 6 7 11 12
2 3 8 9
1 2 7 11 12
10 13 14
0 1 4 11 13
5 6 8 11 14
4 5 11
3 5 8 11 14
6 7 9 12 14
0 1 5
1 5 6 10 11
2 3 6 10
1 4 6 8 14
0 7 14
2 3 7 8 9
9 11 12
3 7 12 14
1 3 9 14
0 7 8 10 12
0 8 9 10 14
0 1 4 10
8 12 14
3 6 10
2 8 9 13
0 5 6 13
0 6 7
3 10 13
2 4 7 11
0 1 11 13
4 8 12
5 10 11 13
0 5 6 7
1 5 8
3 8 9 13
3 4 5 11 12
1 12 13 14
3 4 8 9 13
2 4 6
2 5 8 11 12
6 9 13 14
2 3 4 9
1 10 11 12 14
0 4 11
0 1 8
0 4 9 10
2 4 5 10 11
1 3 4 7 11
0 5 11
1 5 8 9
0 5 10
5 12 14
6 10 11
3 4 11 12
1 5 8 9 11
1 2 3 11 12
4 6 11
0 3 5 13
4 9 11
0 7 10 13 14
4 6 8
0 12 13
4 10 13
1 4 7 12
5 10 12
1 6 14
0 7 12
1 6 8 13
6 8 13 14
2 3 6 12
5 7 9
1 2 4 8 13
1 7 14
0 5 7
5 9 14
0 6 8 11 14
7 11 12
3 4 6
3 4 10 11 12
1 2 10
1 4 5 6 12
0 3 7 9 11
0 1 6 7
5 6 9 10 12
5 11 13 14
1 6 7
3 4 5 8 13
0 4 8 11 12
3 5 12 13 14
0 1 6 12 14
1 3 5 6
3 5 7 9
2 4 9 13
0 4 5
1 5 8 13
1 4 7 8 12
2 7 9 10
1 3 13
1 2 4 13
4 8 9
0 7 8
0 5 6 12
4 6 7 8 13
6 8 10 13 14
0 7 10 14
3 4 9 10 12
0 6 8 13
0 1 13
3 10 12
3 6 10 11
4 7 8
6 10 11
4 8 9
4 5 6 12
3 10 12 13
9 13 14
2 5 14
2 8 9 10
2 3 6 11 14
4 5 9 10 13
1 4 7 13 14
6 9 12
1 2 7 12
1 2 4 11
8 9 12 13
0 1 3 6 10
6 10 12
0 3 9 13
3 9 11
1 2 5
2 4 6 10
6 7 10
3 7 13
1 4 14
1 4 10 11 13
Processing times (o m w p):
0 5 1 16
0 5 2 15
0 5 3 15
0 5 7 17
0 5 8 16
0 5 11 18
0 5 12 18
0 5 14 16
0 6 1 15
0 6 2 14
0 6 3 14
0 6 4 16
0 6 8 15
0 6 9 17
0 6 12 17
0 6 14 15
0 9 0 15
0 9 4 14
0 9 6 14
0 9 7 16
0 9 9 15
0 9 12 17
0 9 13 17
0 9 14 15
0 12 0 17
0 12 1 16
0 12 2 16
0 12 4 18
0 12 5 17
0 12 6 19
0 12 8 19
0 12 11 17
0 13 0 16
0 13 2 15
0 13 4 15
0 13 5 17
0 13 6 16
0 13 7 18
0 13 11 18
0 13 14 16
1 8 0 38
1 8 4 40
1 8 5 40
1 8 8 44
1 8 9 44
1 8 10 44
1 8 11 41
1 8 13 42
1 10 2 40
1 10 3 42
1 10 4 42
1 10 5 46
1 10 7 46
1 10 8 46
1 10 11 43
1 10 12 44
1 12 0 40
1 12 1 42
1 12 2 42
1 12 4 46
1 12 5 46
1 12 6 46
1 12 8 43
1 12 11 44
2 0 2 95
2 0 5 87
2 0 6 97
2 0 8 101
2 0 9 91
2 0 10 101
2 0 12 88
2 0 13 99
2 2 1 92
2 2 2 84
2 2 4 84
2 2 6 90
2 2 7 84
2 2 9 84
2 2 10 79
2 2 13 84
2 5 1 97
2 5 2 89
2 5 3 99
2 5 7 103
2 5 8 93
2 5 11 103
2 5 12 90
2 5 14 101
3 3 6 66
3 3 7 68
3 3 8 66
3 3 9 70
3 3 10 68
3 3 11 70
3 3 12 67
3 3 14 60
3 8 0 68
3 8 4 70
3 8 5 68
3 8 8 72
3 8 9 70
3 8 10 72
3 8 11 69
3 8 13 62
3 12 0 66
3 12 1 68
3 12 2 66
3 12 4 70
3 12 5 68
3 12 6 70
3 12 8 67
3 12 11 60
4 8 0 68
4 8 4 65
4 8 5 67
4 8 8 72
4 8 9 68
4 8 10 79
4 8 11 79
4 8 13 70
4 9 0 70
4 9 4 72
4 9 6 70
4 9 7 74
4 9 9 72
4 9 12 74
4 9 13 71
4 9 14 64
4 11 0 67
4 11 3 64
4 11 6 66
4 11 7 71
4 11 10 67
4 11 12 78
4 11 13 78
4 11 14 69
5 1 0 36
5 1 1 34
5 1 3 35
5 1 5 38
5 1 8 36
5 1 9 41
5 1 11 41
5 1 12 37
5 6 1 41
5 6 2 42
5 6 3 42
5 6 4 39
5 6 8 42
5 6 9 42
5 6 12 37
5 6 14 42
5 9 0 41
5 9 4 42
5 9 6 42
5 9 7 39
5 9 9 42
5 9 12 42
5 9 13 37
5 9 14 42
6 1 0 70
6 1 1 72
6 1 3 70
6 1 5 74
6 1 8 72
6 1 9 74
6 1 11 71
6 1 12 64
6 2 1 67
6 2 2 64
6 2 4 66
6 2 6 71
6 2 7 67
6 2 9 78
6 2 10 78
6 2 13 69
6 4 0 70
6 4 5 72
6 4 6 70
6 4 7 74
6 4 9 72
6 4 10 74
6 4 11 71
6 4 12 64
6 10 2 69
6 10 3 66
6 10 4 68
6 10 5 73
6 10 7 69
6 10 8 80
6 10 11 80
6 10 12 71
7 6 1 37
7 6 2 39
7 6 3 39
7 6 4 43
7 6 8 43
7 6 9 43
7 6 12 40
7 6 14 41
7 7 0 39
7 7 5 41
7 7 7 41
7 7 8 45
7 7 9 45
7 7 10 45
7 7 11 42
7 7 14 43
7 13 0 39
7 13 2 41
7 13 4 41
7 13 5 45
7 13 6 45
7 13 7 45
7 13 11 42
7 13 14 43
8 7 0 47
8 7 5 51
8 7 7 45
8 7 8 45
8 7 9 51
8 7 10 45
8 7 11 52
8 7 14 51
8 9 0 51
8 9 4 55
8 9 6 49
8 9 7 49
8 9 9 55
8 9 12 49
8 9 13 56
8 9 14 55
8 10 2 44
8 10 3 46
8 10 4 46
8 10 5 50
8 10 7 50
8 10 8 50
8 10 11 47
8 10 12 48
8 11 0 44
8 11 3 46
8 11 6 46
8 11 7 50
8 11 10 50
8 11 12 50
8 11 13 47
8 11 14 48
8 14 1 51
8 14 6 55
8 14 7 49
8 14 8 49
8 14 10 55
8 14 11 49
8 14 12 56
8 14 13 55
9 6 1 36
9 6 2 34
9 6 3 35
9 6 4 38
9 6 8 36
9 6 9 41
9 6 12 41
9 6 14 37
9 8 0 41
9 8 4 42
9 8 5 42
9 8 8 39
9 8 9 42
9 8 10 42
9 8 11 37
9 8 13 42
9 10 2 41
9 10 3 42
9 10 4 42
9 10 5 39
9 10 7 42
9 10 8 42
9 10 11 37
9 10 12 42
9 12 0 39
9 12 1 41
9 12 2 41
9 12 4 45
9 12 5 45
9 12 6 45
9 12 8 42
9 12 11 43
10 0 2 33
10 0 5 31
10 0 6 32
10 0 8 35
10 0 9 33
10 0 10 38
10 0 12 38
10 0 13 34
10 9 0 31
10 9 4 29
10 9 6 30
10 9 7 33
10 9 9 31
10 9 12 36
10 9 13 36
10 9 14 32
10 12 0 32
10 12 1 30
10 12 2 31
10 12 4 34
10 12 5 32
10 12 6 37
10 12 8 37
10 12 11 33
11 5 1 69
11 5 2 71
11 5 3 69
11 5 7 73
11 5 8 71
11 5 11 73
11 5 12 70
11 5 14 63
11 6 1 71
11 6 2 68
11 6 3 70
11 6 4 75
11 6 8 71
11 6 9 82
11 6 12 82
11 6 14 73
11 7 0 71
11 7 5 68
11 7 7 70
11 7 8 75
11 7 9 71
11 7 10 82
11 7 11 82
11 7 14 73
11 9 0 70
11 9 4 72
11 9 6 70
11 9 7 74
11 9 9 72
11 9 12 74
11 9 13 71
11 9 14 64
11 11 0 70
11 11 3 72
11 11 6 70
11 11 7 74
11 11 10 72
11 11 12 74
11 11 13 71
11 11 14 64
12 1 0 25
12 1 1 23
12 1 3 23
12 1 5 23
12 1 8 23
12 1 9 23
12 1 11 24
12 1 12 23
12 3 6 23
12 3 7 21
12 3 8 21
12 3 9 21
12 3 10 21
12 3 11 21
12 3 12 22
12 3 14 21
12 11 0 23
12 11 3 21
12 11 6 21
12 11 7 21
12 11 10 21
12 11 12 21
12 11 13 22
12 11 14 21
13 2 1 15
13 2 2 14
13 2 4 14
13 2 6 16
13 2 7 15
13 2 9 17
13 2 10 17
13 2 13 15
13 7 0 14
13 7 5 13
13 7 7 13
13 7 8 15
13 7 9 14
13 7 10 16
13 7 11 16
13 7 14 14
13 8 0 14
13 8 4 13
13 8 5 13
13 8 8 15
13 8 9 14
13 8 10 16
13 8 11 16
13 8 13 14
13 12 0 16
13 12 1 15
13 12 2 15
13 12 4 17
13 12 5 16
13 12 6 18
13 12 8 18
13 12 11 16
13 14 1 15
13 14 6 14
13 14 7 14
13 14 8 16
13 14 10 15
13 14 11 17
13 14 12 17
13 14 13 15
14 1 0 68
14 1 1 75
14 1 3 75
14 1 5 69
14 1 8 69
14 1 9 69
14 1 11 76
14 1 12 72
14 4 0 68
14 4 5 65
14 4 6 67
14 4 7 72
14 4 9 68
14 4 10 79
14 4 11 79
14 4 12 70
14 12 0 68
14 12 1 75
14 12 2 75
14 12 4 69
14 12 5 69
14 12 6 69
14 12 8 76
14 12 11 72
15 1 0 64
15 1 1 66
15 1 3 64
15 1 5 68
15 1 8 66
15 1 9 68
15 1 11 65
15 1 12 58
15 2 1 66
15 2 2 68
15 2 4 66
15 2 6 70
15 2 7 68
15 2 9 70
15 2 10 67
15 2 13 60
15 3 6 64
15 3 7 66
15 3 8 64
15 3 9 68
15 3 10 66
15 3 11 68
15 3 12 65
15 3 14 58
15 9 0 68
15 9 4 70
15 9 6 68
15 9 7 72
15 9 9 70
15 9 12 72
15 9 13 69
15 9 14 62
15 14 1 66
15 14 6 68
15 14 7 66
15 14 8 70
15 14 10 68
15 14 11 70
15 14 12 67
15 14 13 60
16 4 0 11
16 4 5 10
16 4 6 10
16 4 7 12
16 4 9 11
16 4 10 13
16 4 11 13
16 4 12 11
16 5 1 10
16 5 2 9
16 5 3 9
16 5 7 11
16 5 8 10
16 5 11 12
16 5 12 12
16 5 14 10
16 8 0 10
16 8 4 9
16 8 5 9
16 8 8 11
16 8 9 10
16 8 10 12
16 8 11 12
16 8 13 10
17 5 1 47
17 5 2 51
17 5 3 45
17 5 7 45
17 5 8 51
17 5 11 45
17 5 12 52
17 5 14 51
17 9 0 51
17 9 4 55
17 9 6 49
17 9 7 49
17 9 9 55
17 9 12 49
17 9 13 56
17 9 14 55
17 10 2 44
17 10 3 46
17 10 4 46
17 10 5 50
17 10 7 50
17 10 8 50
17 10 11 47
17 10 12 48
17 11 0 44
17 11 3 46
17 11 6 46
17 11 7 50
17 11 10 50
17 11 12 50
17 11 13 47
17 11 14 48
17 14 1 51
17 14 6 55
17 14 7 49
17 14 8 49
17 14 10 55
17 14 11 49
17 14 12 56
17 14 13 55
18 7 0 68
18 7 5 75
18 7 7 75
18 7 8 69
18 7 9 69
18 7 10 69
18 7 11 76
18 7 14 72
18 10 2 68
18 10 3 65
18 10 4 67
18 10 5 72
18 10 7 68
18 10 8 79
18 10 11 79
18 10 12 70
18 11 0 68
18 11 3 75
18 11 6 75
18 11 7 69
18 11 10 69
18 11 12 69
18 11 13 76
18 11 14 72
19 0 2 37
19 0 5 39
19 0 6 39
19 0 8 43
19 0 9 43
19 0 10 43
19 0 12 40
19 0 13 41
19 4 0 39
19 4 5 41
19 4 6 41
19 4 7 45
19 4 9 45
19 4 10 45
19 4 11 42
19 4 12 43
19 5 1 39
19 5 2 41
19 5 3 41
19 5 7 45
19 5 8 45
19 5 11 45
19 5 12 42
19 5 14 43
19 8 0 43
19 8 4 45
19 8 5 45
19 8 8 49
19 8 9 49
19 8 10 49
19 8 11 46
19 8 13 47
19 9 0 43
19 9 4 45
19 9 6 45
19 9 7 49
19 9 9 49
19 9 12 49
19 9 13 46
19 9 14 47
20 8 0 30
20 8 4 28
20 8 5 29
20 8 8 32
20 8 9 30
20 8 10 35
20 8 11 35
20 8 13 31
20 9 0 28
20 9 4 30
20 9 6 28
20 9 7 32
20 9 9 30
20 9 12 32
20 9 13 29
20 9 14 29
20 10 2 29
20 10 3 27
20 10 4 28
20 10 5 31
20 10 7 29
20 10 8 34
20 10 11 34
20 10 12 30
20 13 0 32
20 13 2 30
20 13 4 31
20 13 5 34
20 13 6 32
20 13 7 37
20 13 11 37
20 13 14 33
21 0 2 37
21 0 5 39
21 0 6 39
21 0 8 43
21 0 9 43
21 0 10 43
21 0 12 40
21 0 13 41
21 10 2 39
21 10 3 41
21 10 4 41
21 10 5 45
21 10 7 45
21 10 8 45
21 10 11 42
21 10 12 43
21 11 0 39
21 11 3 41
21 11 6 41
21 11 7 45
21 11 10 45
21 11 12 45
21 11 13 42
21 11 14 43
22 0 2 30
22 0 5 28
22 0 6 29
22 0 8 32
22 0 9 30
22 0 10 35
22 0 12 35
22 0 13 31
22 12 0 28
22 12 1 30
22 12 2 28
22 12 4 32
22 12 5 30
22 12 6 32
22 12 8 29
22 12 11 29
22 14 1 29
22 14 6 27
22 14 7 28
22 14 8 31
22 14 10 29
22 14 11 34
22 14 12 34
22 14 13 30
23 4 0 32
23 4 5 30
23 4 6 31
23 4 7 34
23 4 9 32
23 4 10 37
23 4 11 37
23 4 12 33
23 6 1 30
23 6 2 28
23 6 3 29
23 6 4 32
23 6 8 30
23 6 9 35
23 6 12 35
23 6 14 31
23 7 0 31
23 7 5 29
23 7 7 30
23 7 8 33
23 7 9 31
23 7 10 36
23 7 11 36
23 7 14 32
23 12 0 34
23 12 1 32
23 12 2 33
23 12 4 36
23 12 5 34
23 12 6 39
23 12 8 39
23 12 11 35
24 0 2 99
24 0 5 91
24 0 6 101
24 0 8 105
24 0 9 95
24 0 10 105
24 0 12 92
24 0 13 103
24 4 0 91
24 4 5 83
24 4 6 93
24 4 7 97
24 4 9 87
24 4 10 97
24 4 11 84
24 4 12 95
24 9 0 104
24 9 4 110
24 9 6 110
24 9 7 92
24 9 9 104
24 9 12 106
24 9 13 99
24 9 14 110
24 13 0 108
24 13 2 114
24 13 4 114
24 13 5 96
24 13 6 108
24 13 7 110
24 13 11 103
24 13 14 114
25 2 1 43
25 2 2 45
25 2 4 45
25 2 6 49
25 2 7 49
25 2 9 49
25 2 10 46
25 2 13 47
25 3 6 48
25 3 7 52
25 3 8 46
25 3 9 46
25 3 10 52
25 3 11 46
25 3 12 53
25 3 14 52
25 4 0 41
25 4 5 43
25 4 6 43
25 4 7 47
25 4 9 47
25 4 10 47
25 4 11 44
25 4 12 45
25 8 0 41
25 8 4 43
25 8 5 43
25 8 8 47
25 8 9 47
25 8 10 47
25 8 11 44
25 8 13 45
26 5 1 41
26 5 2 42
26 5 3 42
26 5 7 39
26 5 8 42
26 5 11 42
26 5 12 37
26 5 14 42
26 7 0 37
26 7 5 39
26 7 7 39
26 7 8 43
26 7 9 43
26 7 10 43
26 7 11 40
26 7 14 41
26 11 0 37
26 11 3 39
26 11 6 39
26 11 7 43
26 11 10 43
26 11 12 43
26 11 13 40
26 11 14 41
26 12 0 41
26 12 1 43
26 12 2 43
26 12 4 47
26 12 5 47
26 12 6 47
26 12 8 44
26 12 11 45
27 0 2 25
27 0 5 23
27 0 6 23
27 0 8 23
27 0 9 23
27 0 10 23
27 0 12 24
27 0 13 23
27 3 6 23
27 3 7 21
27 3 8 21
27 3 9 21
27 3 10 21
27 3 11 21
27 3 12 22
27 3 14 21
27 6 1 23
27 6 2 21
27 6 3 21
27 6 4 21
27 6 8 21
27 6 9 21
27 6 12 22
27 6 14 21
27 13 0 23
27 13 2 21
27 13 4 21
27 13 5 21
27 13 6 21
27 13 7 21
27 13 11 22
27 13 14 21
27 14 1 23
27 14 6 21
27 14 7 21
27 14 8 21
27 14 10 21
27 14 11 21
27 14 12 22
27 14 13 21
28 6 1 11
28 6 2 9
28 6 3 9
28 6 4 9
28 6 8 9
28 6 9 9
28 6 12 10
28 6 14 9
28 7 0 8
28 7 5 8
28 7 7 8
28 7 8 9
28 7 9 8
28 7 10 9
28 7 11 9
28 7 14 8
28 12 0 8
28 12 1 8
28 12 2 8
28 12 4 9
28 12 5 8
28 12 6 9
28 12 8 9
28 12 11 8
29 0 2 43
29 0 5 45
29 0 6 45
29 0 8 49
29 0 9 49
29 0 10 49
29 0 12 46
29 0 13 47
29 5 1 50
29 5 2 54
29 5 3 48
29 5 7 48
29 5 8 54
29 5 11 48
29 5 12 55
29 5 14 54
29 10 2 50
29 10 3 54
29 10 4 48
29 10 5 48
29 10 7 54
29 10 8 48
29 10 11 55
29 10 12 54
29 11 0 42
29 11 3 44
29 11 6 44
29 11 7 48
29 11 10 48
29 11 12 48
29 11 13 45
29 11 14 46
30 0 2 94
30 0 5 86
30 0 6 86
30 0 8 92
30 0 9 86
30 0 10 86
30 0 12 81
30 0 13 86
30 2 1 91
30 2 2 83
30 2 4 93
30 2 6 97
30 2 7 87
30 2 9 97
30 2 10 84
30 2 13 95
30 4 0 96
30 4 5 88
30 4 6 98
30 4 7 102
30 4 9 92
30 4 10 102
30 4 11 89
30 4 12 100
30 6 1 99
30 6 2 91
30 6 3 101
30 6 4 105
30 6 8 95
30 6 9 105
30 6 12 92
30 6 14 103
31 1 0 63
31 1 1 65
31 1 3 63
31 1 5 67
31 1 8 65
31 1 9 67
31 1 11 64
31 1 12 57
31 2 1 67
31 2 2 69
31 2 4 67
31 2 6 71
31 2 7 69
31 2 9 71
31 2 10 68
31 2 13 61
31 8 0 62
31 8 4 64
31 8 5 62
31 8 8 66
31 8 9 64
31 8 10 66
31 8 11 63
31 8 13 56
32 4 0 70
32 4 5 72
32 4 6 70
32 4 7 74
32 4 9 72
32 4 10 74
32 4 11 71
32 4 12 64
32 5 1 67
32 5 2 64
32 5 3 66
32 5 7 71
32 5 8 67
32 5 11 78
32 5 12 78
32 5 14 69
32 6 1 70
32 6 2 72
32 6 3 70
32 6 4 74
32 6 8 72
32 6 9 74
32 6 12 71
32 6 14 64
32 11 0 69
32 11 3 66
32 11 6 68
32 11 7 73
32 11 10 69
32 11 12 80
32 11 13 80
32 11 14 71
33 0 2 94
33 0 5 86
33 0 6 86
33 0 8 92
33 0 9 86
33 0 10 86
33 0 12 81
33 0 13 86
33 4 0 91
33 4 5 83
33 4 6 93
33 4 7 97
33 4 9 87
33 4 10 97
33 4 11 84
33 4 12 95
33 5 1 96
33 5 2 88
33 5 3 98
33 5 7 102
33 5 8 92
33 5 11 102
33 5 12 89
33 5 14 100
33 7 0 99
33 7 5 91
33 7 7 101
33 7 8 105
33 7 9 95
33 7 10 105
33 7 11 92
33 7 14 103
33 14 1 93
33 14 6 85
33 14 7 95
33 14 8 99
33 14 10 89
33 14 11 99
33 14 12 86
33 14 13 97
34 1 0 91
34 1 1 83
34 1 3 93
34 1 5 97
34 1 8 87
34 1 9 97
34 1 11 84
34 1 12 95
34 6 1 88
34 6 2 80
34 6 3 80
34 6 4 86
34 6 8 80
34 6 9 80
34 6 12 75
34 6 14 80
34 7 0 88
34 7 5 80
34 7 7 80
34 7 8 86
34 7 9 80
34 7 10 80
34 7 11 75
34 7 14 80
34 12 0 94
34 12 1 86
34 12 2 86
34 12 4 92
34 12 5 86
34 12 6 86
34 12 8 81
34 12 11 86
35 8 0 37
35 8 4 35
35 8 5 36
35 8 8 39
35 8 9 37
35 8 10 42
35 8 11 42
35 8 13 38
35 10 2 36
35 10 3 38
35 10 4 38
35 10 5 42
35 10 7 42
35 10 8 42
35 10 11 39
35 10 12 40
35 11 0 36
35 11 3 38
35 11 6 38
35 11 7 42
35 11 10 42
35 11 12 42
35 11 13 39
35 11 14 40
36 0 2 15
36 0 5 14
36 0 6 14
36 0 8 16
36 0 9 15
36 0 10 17
36 0 12 17
36 0 13 15
36 4 0 14
36 4 5 13
36 4 6 13
36 4 7 15
36 4 9 14
36 4 10 16
36 4 11 16
36 4 12 14
36 7 0 14
36 7 5 13
36 7 7 13
36 7 8 15
36 7 9 14
36 7 10 16
36 7 11 16
36 7 14 14
36 12 0 16
36 12 1 15
36 12 2 15
36 12 4 17
36 12 5 16
36 12 6 18
36 12 8 18
36 12 11 16
36 13 0 15
36 13 2 14
36 13 4 14
36 13 5 16
36 13 6 15
36 13 7 17
36 13 11 17
36 13 14 15
37 1 0 47
37 1 1 51
37 1 3 45
37 1 5 45
37 1 8 51
37 1 9 45
37 1 11 52
37 1 12 51
37 2 1 51
37 2 2 55
37 2 4 49
37 2 6 49
37 2 7 55
37 2 9 49
37 2 10 56
37 2 13 55
37 9 0 44
37 9 4 46
37 9 6 46
37 9 7 50
37 9 9 50
37 9 12 50
37 9 13 47
37 9 14 48
38 5 1 93
38 5 2 85
38 5 3 85
38 5 7 91
38 5 8 85
38 5 11 85
38 5 12 80
38 5 14 85
38 6 1 81
38 6 2 81
38 6 3 85
38 6 4 76
38 6 8 82
38 6 9 81
38 6 12 88
38 6 14 88
38 8 0 81
38 8 4 81
38 8 5 85
38 8 8 76
38 8 9 82
38 8 10 81
38 8 11 88
38 8 13 88
38 9 0 91
38 9 4 83
38 9 6 83
38 9 7 89
38 9 9 83
38 9 12 83
38 9 13 78
38 9 14 83
38 12 0 81
38 12 1 81
38 12 2 85
38 12 4 76
38 12 5 82
38 12 6 81
38 12 8 88
38 12 11 88
39 3 6 69
39 3 7 71
39 3 8 69
39 3 9 73
39 3 10 71
39 3 11 73
39 3 12 70
39 3 14 63
39 10 2 68
39 10 3 75
39 10 4 75
39 10 5 69
39 10 7 69
39 10 8 69
39 10 11 76
39 10 12 72
39 14 1 69
39 14 6 71
39 14 7 69
39 14 8 73
39 14 10 71
39 14 11 73
39 14 12 70
39 14 13 63
40 3 6 64
40 3 7 66
40 3 8 64
40 3 9 68
40 3 10 66
40 3 11 68
40 3 12 65
40 3 14 58
40 10 2 66
40 10 3 68
40 10 4 66
40 10 5 70
40 10 7 68
40 10 8 70
40 10 11 67
40 10 12 60
40 14 1 64
40 14 6 66
40 14 7 64
40 14 8 68
40 14 10 66
40 14 11 68
40 14 12 65
40 14 13 58
41 4 0 32
41 4 5 30
41 4 6 31
41 4 7 34
41 4 9 32
41 4 10 37
41 4 11 37
41 4 12 33
41 7 0 30
41 7 5 28
41 7 7 29
41 7 8 32
41 7 9 30
41 7 10 35
41 7 11 35
41 7 14 31
41 8 0 31
41 8 4 29
41 8 5 30
41 8 8 33
41 8 9 31
41 8 10 36
41 8 11 36
41 8 13 32
41 9 0 34
41 9 4 32
41 9 6 33
41 9 7 36
41 9 9 34
41 9 12 39
41 9 13 39
41 9 14 35
42 4 0 68
42 4 5 70
42 4 6 68
42 4 7 72
42 4 9 70
42 4 10 72
42 4 11 69
42 4 12 62
42 6 1 70
42 6 2 72
42 6 3 70
42 6 4 74
42 6 8 72
42 6 9 74
42 6 12 71
42 6 14 64
42 10 2 68
42 10 3 70
42 10 4 68
42 10 5 72
42 10 7 70
42 10 8 72
42 10 11 69
42 10 12 62
43 1 0 34
43 1 1 32
43 1 3 33
43 1 5 36
43 1 8 34
43 1 9 39
43 1 11 39
43 1 12 35
43 7 0 36
43 7 5 34
43 7 7 35
43 7 8 38
43 7 9 36
43 7 10 41
43 7 11 41
43 7 14 37
43 14 1 36
43 14 6 34
43 14 7 35
43 14 8 38
43 14 10 36
43 14 11 41
43 14 12 41
43 14 13 37
44 0 2 20
44 0 5 18
44 0 6 18
44 0 8 18
44 0 9 18
44 0 10 18
44 0 12 19
44 0 13 18
44 1 0 18
44 1 1 17
44 1 3 17
44 1 5 19
44 1 8 18
44 1 9 20
44 1 11 20
44 1 12 18
44 11 0 18
44 11 3 17
44 11 6 17
44 11 7 19
44 11 10 18
44 11 12 20
44 11 13 20
44 11 14 18
45 0 2 70
45 0 5 67
45 0 6 69
45 0 8 74
45 0 9 70
45 0 10 81
45 0 12 81
45 0 13 72
45 4 0 67
45 4 5 64
45 4 6 66
45 4 7 71
45 4 9 67
45 4 10 78
45 4 11 78
45 4 12 69
45 6 1 69
45 6 2 66
45 6 3 68
45 6 4 73
45 6 8 69
45 6 9 80
45 6 12 80
45 6 14 71
45 8 0 74
45 8 4 71
45 8 5 73
45 8 8 78
45 8 9 74
45 8 10 85
45 8 11 85
45 8 13 76
45 13 0 70
45 13 2 67
45 13 4 69
45 13 5 74
45 13 6 70
45 13 7 81
45 13 11 81
45 13 14 72
46 3 6 93
46 3 7 85
46 3 8 95
46 3 9 99
46 3 10 89
46 3 11 99
46 3 12 86
46 3 14 97
46 6 1 90
46 6 2 82
46 6 3 82
46 6 4 88
46 6 8 82
46 6 9 82
46 6 12 77
46 6 14 82
46 8 0 95
46 8 4 87
46 8 5 97
46 8 8 101
46 8 9 91
46 8 10 101
46 8 11 88
46 8 13 99
47 4 0 94
47 4 5 86
47 4 6 86
47 4 7 92
47 4 9 86
47 4 10 86
47 4 11 81
47 4 12 86
47 6 1 91
47 6 2 83
47 6 3 93
47 6 4 97
47 6 8 87
47 6 9 97
47 6 12 84
47 6 14 95
47 9 0 96
47 9 4 88
47 9 6 98
47 9 7 102
47 9 9 92
47 9 12 102
47 9 13 89
47 9 14 100
47 13 0 99
47 13 2 91
47 13 4 101
47 13 5 105
47 13 6 95
47 13 7 105
47 13 11 92
47 13 14 103
47 14 1 93
47 14 6 85
47 14 7 95
47 14 8 99
47 14 10 89
47 14 11 99
47 14 12 86
47 14 13 97
48 0 2 42
48 0 5 44
48 0 6 44
48 0 8 48
48 0 9 48
48 0 10 48
48 0 12 45
48 0 13 46
48 6 1 47
48 6 2 51
48 6 3 45
48 6 4 45
48 6 8 51
48 6 9 45
48 6 12 52
48 6 14 51
48 12 0 40
48 12 1 42
48 12 2 42
48 12 4 46
48 12 5 46
48 12 6 46
48 12 8 43
48 12 11 44
49 0 2 92
49 0 5 84
49 0 6 94
49 0 8 98
49 0 9 88
49 0 10 98
49 0 12 85
49 0 13 96
49 3 6 89
49 3 7 81
49 3 8 81
49 3 9 87
49 3 10 81
49 3 11 81
49 3 12 76
49 3 14 81
49 4 0 89
49 4 5 81
49 4 6 81
49 4 7 87
49 4 9 81
49 4 10 81
49 4 11 76
49 4 12 81
49 13 0 89
49 13 2 91
49 13 4 96
49 13 5 99
49 13 6 93
49 13 7 85
49 13 11 85
49 13 14 81
50 6 1 86
50 6 2 78
50 6 3 78
50 6 4 84
50 6 8 78
50 6 9 78
50 6 12 73
50 6 14 78
50 7 0 86
50 7 5 78
50 7 7 78
50 7 8 84
50 7 9 78
50 7 10 78
50 7 11 73
50 7 14 78
50 14 1 90
50 14 6 82
50 14 7 82
50 14 8 88
50 14 10 82
50 14 11 82
50 14 12 77
50 14 13 82
51 2 1 11
51 2 2 10
51 2 4 10
51 2 6 12
51 2 7 11
51 2 9 13
51 2 10 13
51 2 13 11
51 3 6 10
51 3 7 9
51 3 8 9
51 3 9 11
51 3 10 10
51 3 11 12
51 3 12 12
51 3 14 10
51 8 0 10
51 8 4 9
51 8 5 9
51 8 8 11
51 8 9 10
51 8 10 12
51 8 11 12
51 8 13 10
51 13 0 12
51 13 2 11
51 13 4 11
51 13 5 13
51 13 6 12
51 13 7 14
51 13 11 14
51 13 14 12
52 1 0 34
52 1 1 32
52 1 3 33
52 1 5 36
52 1 8 34
52 1 9 39
52 1 11 39
52 1 12 35
52 2 1 36
52 2 2 34
52 2 4 35
52 2 6 38
52 2 7 36
52 2 9 41
52 2 10 41
52 2 13 37
52 3 6 36
52 3 7 34
52 3 8 35
52 3 9 38
52 3 10 36
52 3 11 41
52 3 12 41
52 3 14 37
52 5 1 37
52 5 2 39
52 5 3 39
52 5 7 43
52 5 8 43
52 5 11 43
52 5 12 40
52 5 14 41
52 12 0 37
52 12 1 39
52 12 2 39
52 12 4 43
52 12 5 43
52 12 6 43
52 12 8 40
52 12 11 41
53 0 2 89
53 0 5 91
53 0 6 96
53 0 8 99
53 0 9 93
53 0 10 85
53 0 12 85
53 0 13 81
53 3 6 87
53 3 7 79
53 3 8 79
53 3 9 85
53 3 10 79
53 3 11 79
53 3 12 74
53 3 14 79
53 5 1 87
53 5 2 79
53 5 3 79
53 5 7 85
53 5 8 79
53 5 11 79
53 5 12 74
53 5 14 79
53 8 0 93
53 8 4 85
53 8 5 85
53 8 8 91
53 8 9 85
53 8 10 85
53 8 11 80
53 8 13 85
53 10 2 87
53 10 3 79
53 10 4 79
53 10 5 85
53 10 7 79
53 10 8 79
53 10 11 74
53 10 12 79
54 2 1 34
54 2 2 32
54 2 4 33
54 2 6 36
54 2 7 34
54 2 9 39
54 2 10 39
54 2 13 35
54 4 0 32
54 4 5 30
54 4 6 31
54 4 7 34
54 4 9 32
54 4 10 37
54 4 11 37
54 4 12 33
54 13 0 33
54 13 2 31
54 13 4 32
54 13 5 35
54 13 6 33
54 13 7 38
54 13 11 38
54 13 14 34
55 0 2 96
55 0 5 88
55 0 6 98
55 0 8 102
55 0 9 92
55 0 10 102
55 0 12 89
55 0 13 100
55 4 0 93
55 4 5 85
55 4 6 85
55 4 7 91
55 4 9 85
55 4 10 85
55 4 11 80
55 4 12 85
55 6 1 98
55 6 2 90
55 6 3 100
55 6 4 104
55 6 8 94
55 6 9 104
55 6 12 91
55 6 14 102
55 9 0 105
55 9 4 111
55 9 6 111
55 9 7 93
55 9 9 105
55 9 12 107
55 9 13 100
55 9 14 111
55 10 2 92
55 10 3 84
55 10 4 94
55 10 5 98
55 10 7 88
55 10 8 98
55 10 11 85
55 10 12 96
56 4 0 22
56 4 5 20
56 4 6 20
56 4 7 20
56 4 9 20
56 4 10 20
56 4 11 21
56 4 12 20
56 6 1 20
56 6 2 18
56 6 3 18
56 6 4 18
56 6 8 18
56 6 9 18
56 6 12 19
56 6 14 18
56 9 0 20
56 9 4 18
56 9 6 18
56 9 7 18
56 9 9 18
56 9 12 18
56 9 13 19
56 9 14 18
56 13 0 20
56 13 2 18
56 13 4 18
56 13 5 18
56 13 6 18
56 13 7 18
56 13 11 19
56 13 14 18
57 1 0 36
57 1 1 34
57 1 3 35
57 1 5 38
57 1 8 36
57 1 9 41
57 1 11 41
57 1 12 37
57 2 1 41
57 2 2 42
57 2 4 42
57 2 6 39
57 2 7 42
57 2 9 42
57 2 10 37
57 2 13 42
57 12 0 41
57 12 1 42
57 12 2 42
57 12 4 39
57 12 5 42
57 12 6 42
57 12 8 37
57 12 11 42
57 13 0 39
57 13 2 41
57 13 4 41
57 13 5 45
57 13 6 45
57 13 7 45
57 13 11 42
57 13 14 43
57 14 1 39
57 14 6 41
57 14 7 41
57 14 8 45
57 14 10 45
57 14 11 45
57 14 12 42
57 14 13 43
58 0 2 97
58 0 5 89
58 0 6 99
58 0 8 103
58 0 9 93
58 0 10 103
58 0 12 90
58 0 13 101
58 2 1 94
58 2 2 86
58 2 4 86
58 2 6 92
58 2 7 86
58 2 9 86
58 2 10 81
58 2 13 86
58 3 6 99
58 3 7 91
58 3 8 101
58 3 9 105
58 3 10 95
58 3 11 105
58 3 12 92
58 3 14 103
58 4 0 106
58 4 5 112
58 4 6 112
58 4 7 94
58 4 9 106
58 4 10 108
58 4 11 101
58 4 12 112
58 5 1 93
58 5 2 85
58 5 3 95
58 5 7 99
58 5 8 89
58 5 11 99
58 5 12 86
58 5 14 97
59 2 1 14
59 2 2 13
59 2 4 13
59 2 6 15
59 2 7 14
59 2 9 16
59 2 10 16
59 2 13 14
59 3 6 13
59 3 7 12
59 3 8 12
59 3 9 14
59 3 10 13
59 3 11 15
59 3 12 15
59 3 14 13
59 10 2 13
59 10 3 12
59 10 4 12
59 10 5 14
59 10 7 13
59 10 8 15
59 10 11 15
59 10 12 13
59 12 0 15
59 12 1 14
59 12 2 14
59 12 4 16
59 12 5 15
59 12 6 17
59 12 8 17
59 12 11 15
59 13 0 14
59 13 2 13
59 13 4 13
59 13 5 15
59 13 6 14
59 13 7 16
59 13 11 16
59 13 14 14
60 5 1 28
60 5 2 26
60 5 3 26
60 5 7 26
60 5 8 26
60 5 11 26
60 5 12 27
60 5 14 26
60 9 0 26
60 9 4 24
60 9 6 24
60 9 7 24
60 9 9 24
60 9 12 24
60 9 13 25
60 9 14 24
60 14 1 27
60 14 6 25
60 14 7 25
60 14 8 25
60 14 10 25
60 14 11 25
60 14 12 26
60 14 13 25
61 2 1 70
61 2 2 72
61 2 4 70
61 2 6 74
61 2 7 72
61 2 9 74
61 2 10 71
61 2 13 64
61 3 6 67
61 3 7 64
61 3 8 66
61 3 9 71
61 3 10 67
61 3 11 78
61 3 12 78
61 3 14 69
61 7 0 70
61 7 5 72
61 7 7 70
61 7 8 74
61 7 9 72
61 7 10 74
61 7 11 71
61 7 14 64
61 9 0 69
61 9 4 66
61 9 6 68
61 9 7 73
61 9 9 69
61 9 12 80
61 9 13 80
61 9 14 71
62 1 0 17
62 1 1 16
62 1 3 16
62 1 5 18
62 1 8 17
62 1 9 19
62 1 11 19
62 1 12 17
62 3 6 16
62 3 7 15
62 3 8 15
62 3 9 17
62 3 10 16
62 3 11 18
62 3 12 18
62 3 14 16
62 6 1 16
62 6 2 15
62 6 3 15
62 6 4 17
62 6 8 16
62 6 9 18
62 6 12 18
62 6 14 16
62 9 0 18
62 9 4 17
62 9 6 17
62 9 7 19
62 9 9 18
62 9 12 20
62 9 13 20
62 9 14 18
63 3 6 38
63 3 7 40
63 3 8 40
63 3 9 44
63 3 10 44
63 3 11 44
63 3 12 41
63 3 14 42
63 4 0 40
63 4 5 42
63 4 6 42
63 4 7 46
63 4 9 46
63 4 10 46
63 4 11 43
63 4 12 44
63 7 0 40
63 7 5 42
63 7 7 42
63 7 8 46
63 7 9 46
63 7 10 46
63 7 11 43
63 7 14 44
64 0 2 34
64 0 5 32
64 0 6 33
64 0 8 36
64 0 9 34
64 0 10 39
64 0 12 39
64 0 13 35
64 7 0 32
64 7 5 30
64 7 7 31
64 7 8 34
64 7 9 32
64 7 10 37
64 7 11 37
64 7 14 33
64 8 0 33
64 8 4 31
64 8 5 32
64 8 8 35
64 8 9 33
64 8 10 38
64 8 11 38
64 8 13 34
65 3 6 95
65 3 7 87
65 3 8 97
65 3 9 101
65 3 10 91
65 3 11 101
65 3 12 88
65 3 14 99
65 6 1 92
65 6 2 84
65 6 3 84
65 6 4 90
65 6 8 84
65 6 9 84
65 6 12 79
65 6 14 84
65 8 0 97
65 8 4 89
65 8 5 99
65 8 8 103
65 8 9 93
65 8 10 103
65 8 11 90
65 8 13 101
65 9 0 104
65 9 4 110
65 9 6 110
65 9 7 92
65 9 9 104
65 9 12 106
65 9 13 99
65 9 14 110
66 2 1 94
66 2 2 86
66 2 4 86
66 2 6 92
66 2 7 86
66 2 9 86
66 2 10 81
66 2 13 86
66 3 6 86
66 3 7 78
66 3 8 78
66 3 9 84
66 3 10 78
66 3 11 78
66 3 12 73
66 3 14 78
66 7 0 86
66 7 5 78
66 7 7 78
66 7 8 84
66 7 9 78
66 7 10 78
66 7 11 73
66 7 14 78
66 8 0 92
66 8 4 84
66 8 5 84
66 8 8 90
66 8 9 84
66 8 10 84
66 8 11 79
66 8 13 84
66 14 1 86
66 14 6 78
66 14 7 78
66 14 8 84
66 14 10 78
66 14 11 78
66 14 12 73
66 14 13 78
67 4 0 36
67 4 5 38
67 4 6 38
67 4 7 42
67 4 9 42
67 4 10 42
67 4 11 39
67 4 12 40
67 5 1 38
67 5 2 40
67 5 3 40
67 5 7 44
67 5 8 44
67 5 11 44
67 5 12 41
67 5 14 42
67 6 1 38
67 6 2 40
67 6 3 40
67 6 4 44
67 6 8 44
67 6 9 44
67 6 12 41
67 6 14 42
67 7 0 42
67 7 5 44
67 7 7 44
67 7 8 48
67 7 9 48
67 7 10 48
67 7 11 45
67 7 14 46
67 14 1 42
67 14 6 44
67 14 7 44
67 14 8 48
67 14 10 48
67 14 11 48
67 14 12 45
67 14 13 46
68 1 0 39
68 1 1 41
68 1 3 41
68 1 5 45
68 1 8 45
68 1 9 45
68 1 11 42
68 1 12 43
68 2 1 41
68 2 2 43
68 2 4 43
68 2 6 47
68 2 7 47
68 2 9 47
68 2 10 44
68 2 13 45
68 6 1 41
68 6 2 43
68 6 3 43
68 6 4 47
68 6 8 47
68 6 9 47
68 6 12 44
68 6 14 45
68 7 0 48
68 7 5 54
68 7 7 54
68 7 8 47
68 7 9 48
68 7 10 50
68 7 11 54
68 7 14 54
68 10 2 48
68 10 3 54
68 10 4 54
68 10 5 47
68 10 7 48
68 10 8 50
68 10 11 54
68 10 12 54
69 3 6 17
69 3 7 16
69 3 8 16
69 3 9 18
69 3 10 17
69 3 11 19
69 3 12 19
69 3 14 17
69 4 0 16
69 4 5 15
69 4 6 15
69 4 7 17
69 4 9 16
69 4 10 18
69 4 11 18
69 4 12 16
69 12 0 16
69 12 1 15
69 12 2 15
69 12 4 17
69 12 5 16
69 12 6 18
69 12 8 18
69 12 11 16
69 13 0 18
69 13 2 17
69 13 4 17
69 13 5 19
69 13 6 18
69 13 7 20
69 13 11 20
69 13 14 18
70 7 0 95
70 7 5 87
70 7 7 97
70 7 8 101
70 7 9 91
70 7 10 101
70 7 11 88
70 7 14 99
70 8 0 92
70 8 4 84
70 8 5 84
70 8 8 90
70 8 9 84
70 8 10 84
70 8 11 79
70 8 13 84
70 9 0 97
70 9 4 89
70 9 6 99
70 9 7 103
70 9 9 93
70 9 12 103
70 9 13 90
70 9 14 101
70 10 2 104
70 10 3 110
70 10 4 110
70 10 5 92
70 10 7 104
70 10 8 106
70 10 11 99
70 10 12 110
70 14 1 91
70 14 6 83
70 14 7 93
70 14 8 97
70 14 10 87
70 14 11 97
70 14 12 84
70 14 13 95
71 0 2 93
71 0 5 85
71 0 6 95
71 0 8 99
71 0 9 89
71 0 10 99
71 0 12 86
71 0 13 97
71 5 1 90
71 5 2 82
71 5 3 82
71 5 7 88
71 5 8 82
71 5 11 82
71 5 12 77
71 5 14 82
71 6 1 95
71 6 2 87
71 6 3 97
71 6 4 101
71 6 8 91
71 6 9 101
71 6 12 88
71 6 14 99
71 10 2 99
71 10 3 91
71 10 4 101
71 10 5 105
71 10 7 95
71 10 8 105
71 10 11 92
71 10 12 103
71 13 0 94
71 13 2 86
71 13 4 86
71 13 5 92
71 13 6 86
71 13 7 86
71 13 11 81
71 13 14 86
72 3 6 43
72 3 7 45
72 3 8 45
72 3 9 49
72 3 10 49
72 3 11 49
72 3 12 46
72 3 14 47
72 6 1 48
72 6 2 52
72 6 3 46
72 6 4 46
72 6 8 52
72 6 9 46
72 6 12 53
72 6 14 52
72 7 0 41
72 7 5 43
72 7 7 43
72 7 8 47
72 7 9 47
72 7 10 47
72 7 11 44
72 7 14 45
72 12 0 41
72 12 1 43
72 12 2 43
72 12 4 47
72 12 5 47
72 12 6 47
72 12 8 44
72 12 11 45
72 13 0 48
72 13 2 52
72 13 4 46
72 13 5 46
72 13 6 52
72 13 7 46
72 13 11 53
72 13 14 52
73 2 1 36
73 2 2 34
73 2 4 35
73 2 6 38
73 2 7 36
73 2 9 41
73 2 10 41
73 2 13 37
73 3 6 41
73 3 7 42
73 3 8 42
73 3 9 39
73 3 10 42
73 3 11 42
73 3 12 37
73 3 14 42
73 9 0 41
73 9 4 42
73 9 6 42
73 9 7 39
73 9 9 42
73 9 12 42
73 9 13 37
73 9 14 42
73 10 2 39
73 10 3 41
73 10 4 41
73 10 5 45
73 10 7 45
73 10 8 45
73 10 11 42
73 10 12 43
73 14 1 39
73 14 6 41
73 14 7 41
73 14 8 45
73 14 10 45
73 14 11 45
73 14 12 42
73 14 13 43
74 3 6 15
74 3 7 14
74 3 8 14
74 3 9 16
74 3 10 15
74 3 11 17
74 3 12 17
74 3 14 15
74 4 0 14
74 4 5 13
74 4 6 13
74 4 7 15
74 4 9 14
74 4 10 16
74 4 11 16
74 4 12 14
74 5 1 14
74 5 2 13
74 5 3 13
74 5 7 15
74 5 8 14
74 5 11 16
74 5 12 16
74 5 14 14
74 7 0 16
74 7 5 15
74 7 7 15
74 7 8 17
74 7 9 16
74 7 10 18
74 7 11 18
74 7 14 16
74 13 0 15
74 13 2 14
74 13 4 14
74 13 5 16
74 13 6 15
74 13 7 17
74 13 11 17
74 13 14 15
75 6 1 95
75 6 2 87
75 6 3 97
75 6 4 101
75 6 8 91
75 6 9 101
75 6 12 88
75 6 14 99
75 9 0 92
75 9 4 84
75 9 6 84
75 9 7 90
75 9 9 84
75 9 12 84
75 9 13 79
75 9 14 84
75 13 0 97
75 13 2 89
75 13 4 99
75 13 5 103
75 13 6 93
75 13 7 103
75 13 11 90
75 13 14 101
75 14 1 104
75 14 6 110
75 14 7 110
75 14 8 92
75 14 10 104
75 14 11 106
75 14 12 99
75 14 13 110
76 3 6 32
76 3 7 30
76 3 8 31
76 3 9 34
76 3 10 32
76 3 11 37
76 3 12 37
76 3 14 33
76 9 0 30
76 9 4 28
76 9 6 29
76 9 7 32
76 9 9 30
76 9 12 35
76 9 13 35
76 9 14 31
76 13 0 31
76 13 2 29
76 13 4 30
76 13 5 33
76 13 6 31
76 13 7 36
76 13 11 36
76 13 14 32
77 0 2 48
77 0 5 54
77 0 6 54
77 0 8 47
77 0 9 48
77 0 10 50
77 0 12 54
77 0 13 54
77 5 1 50
77 5 2 54
77 5 3 48
77 5 7 48
77 5 8 54
77 5 11 48
77 5 12 55
77 5 14 54
77 6 1 43
77 6 2 45
77 6 3 45
77 6 4 49
77 6 8 49
77 6 9 49
77 6 12 46
77 6 14 47
77 11 0 43
77 11 3 45
77 11 6 45
77 11 7 49
77 11 10 49
77 11 12 49
77 11 13 46
77 11 14 47
77 12 0 50
77 12 1 54
77 12 2 48
77 12 4 48
77 12 5 54
77 12 6 48
77 12 8 55
77 12 11 54
78 3 6 68
78 3 7 75
78 3 8 75
78 3 9 69
78 3 10 69
78 3 11 69
78 3 12 76
78 3 14 72
78 4 0 68
78 4 5 65
78 4 6 67
78 4 7 72
78 4 9 68
78 4 10 79
78 4 11 79
78 4 12 70
78 8 0 68
78 8 4 75
78 8 5 75
78 8 8 69
78 8 9 69
78 8 10 69
78 8 11 76
78 8 13 72
78 12 0 70
78 12 1 67
78 12 2 69
78 12 4 74
78 12 5 70
78 12 6 81
78 12 8 81
78 12 11 72
79 1 0 93
79 1 1 85
79 1 3 95
79 1 5 99
79 1 8 89
79 1 9 99
79 1 11 86
79 1 12 97
79 5 1 90
79 5 2 82
79 5 3 82
79 5 7 88
79 5 8 82
79 5 11 82
79 5 12 77
79 5 14 82
79 9 0 95
79 9 4 87
79 9 6 97
79 9 7 101
79 9 9 91
79 9 12 101
79 9 13 88
79 9 14 99
79 10 2 99
79 10 3 91
79 10 4 101
79 10 5 105
79 10 7 95
79 10 8 105
79 10 11 92
79 10 12 103
80 3 6 27
80 3 7 25
80 3 8 25
80 3 9 25
80 3 10 25
80 3 11 25
80 3 12 26
80 3 14 25
80 8 0 28
80 8 4 30
80 8 5 28
80 8 8 32
80 8 9 30
80 8 10 32
80 8 11 29
80 8 13 29
80 9 0 27
80 9 4 25
80 9 6 25
80 9 7 25
80 9 9 25
80 9 12 25
80 9 13 26
80 9 14 25
80 10 2 30
80 10 3 28
80 10 4 29
80 10 5 32
80 10 7 30
80 10 8 35
80 10 11 35
80 10 12 31
81 0 2 70
81 0 5 72
81 0 6 70
81 0 8 74
81 0 9 72
81 0 10 74
81 0 12 71
81 0 13 64
81 4 0 67
81 4 5 69
81 4 6 67
81 4 7 71
81 4 9 69
81 4 10 71
81 4 11 68
81 4 12 61
81 7 0 69
81 7 5 71
81 7 7 69
81 7 8 73
81 7 9 71
81 7 10 73
81 7 11 70
81 7 14 63
81 8 0 69
81 8 4 66
81 8 5 68
81 8 8 73
81 8 9 69
81 8 10 80
81 8 11 80
81 8 13 71
81 13 0 70
81 13 2 72
81 13 4 70
81 13 5 74
81 13 6 72
81 13 7 74
81 13 11 71
81 13 14 64
82 6 1 51
82 6 2 55
82 6 3 49
82 6 4 49
82 6 8 55
82 6 9 49
82 6 12 56
82 6 14 55
82 11 0 55
82 11 3 59
82 11 6 53
82 11 7 53
82 11 10 59
82 11 12 53
82 11 13 60
82 11 14 59
82 13 0 49
82 13 2 53
82 13 4 47
82 13 5 47
82 13 6 53
82 13 7 47
82 13 11 54
82 13 14 53
83 6 1 11
83 6 2 10
83 6 3 10
83 6 4 12
83 6 8 11
83 6 9 13
83 6 12 13
83 6 14 11
83 8 0 10
83 8 4 9
83 8 5 9
83 8 8 11
83 8 9 10
83 8 10 12
83 8 11 12
83 8 13 10
83 9 0 10
83 9 4 9
83 9 6 9
83 9 7 11
83 9 9 10
83 9 12 12
83 9 13 12
83 9 14 10
83 12 0 12
83 12 1 11
83 12 2 11
83 12 4 13
83 12 5 12
83 12 6 14
83 12 8 14
83 12 11 12
83 14 1 11
83 14 6 10
83 14 7 10
83 14 8 12
83 14 10 11
83 14 11 13
83 14 12 13
83 14 13 11
84 4 0 28
84 4 5 30
84 4 6 28
84 4 7 32
84 4 9 30
84 4 10 32
84 4 11 29
84 4 12 29
84 7 0 27
84 7 5 25
84 7 7 25
84 7 8 25
84 7 9 25
84 7 10 25
84 7 11 26
84 7 14 25
84 9 0 28
84 9 4 26
84 9 6 26
84 9 7 26
84 9 9 26
84 9 12 26
84 9 13 27
84 9 14 26
84 10 2 30
84 10 3 28
84 10 4 29
84 10 5 32
84 10 7 30
84 10 8 35
84 10 11 35
84 10 12 31
85 7 0 10
85 7 5 9
85 7 7 9
85 7 8 11
85 7 9 10
85 7 10 12
85 7 11 12
85 7 14 10
85 9 0 8
85 9 4 8
85 9 6 8
85 9 7 9
85 9 9 8
85 9 12 9
85 9 13 9
85 9 14 8
85 10 2 8
85 10 3 8
85 10 4 8
85 10 5 9
85 10 7 8
85 10 8 9
85 10 11 9
85 10 12 8
85 13 0 8
85 13 2 8
85 13 4 8
85 13 5 9
85 13 6 8
85 13 7 9
85 13 11 9
85 13 14 8
86 7 0 10
86 7 5 9
86 7 7 9
86 7 8 11
86 7 9 10
86 7 10 12
86 7 11 12
86 7 14 10
86 8 0 11
86 8 4 9
86 8 5 9
86 8 8 9
86 8 9 9
86 8 10 9
86 8 11 10
86 8 13 9
86 12 0 11
86 12 1 9
86 12 2 9
86 12 4 9
86 12 5 9
86 12 6 9
86 12 8 10
86 12 11 9
87 3 6 94
87 3 7 86
87 3 8 96
87 3 9 100
87 3 10 90
87 3 11 100
87 3 12 87
87 3 14 98
87 4 0 91
87 4 5 83
87 4 6 83
87 4 7 89
87 4 9 83
87 4 10 83
87 4 11 78
87 4 12 83
87 5 1 91
87 5 2 83
87 5 3 83
87 5 7 89
87 5 8 83
87 5 11 83
87 5 12 78
87 5 14 83
87 13 0 92
87 13 2 84
87 13 4 94
87 13 5 98
87 13 6 88
87 13 7 98
87 13 11 85
87 13 14 96
88 5 1 97
88 5 2 89
88 5 3 99
88 5 7 103
88 5 8 93
88 5 11 103
88 5 12 90
88 5 14 101
88 8 0 94
88 8 4 86
88 8 5 86
88 8 8 92
88 8 9 86
88 8 10 86
88 8 11 81
88 8 13 86
88 9 0 99
88 9 4 91
88 9 6 101
88 9 7 105
88 9 9 95
88 9 12 105
88 9 13 92
88 9 14 103
89 2 1 48
89 2 2 52
89 2 4 46
89 2 6 46
89 2 7 52
89 2 9 46
89 2 10 53
89 2 13 52
89 8 0 52
89 8 4 56
89 8 5 50
89 8 8 50
89 8 9 56
89 8 10 50
89 8 11 57
89 8 13 56
89 9 0 48
89 9 4 54
89 9 6 54
89 9 7 47
89 9 9 48
89 9 12 50
89 9 13 54
89 9 14 54
89 11 0 48
89 11 3 54
89 11 6 54
89 11 7 47
89 11 10 48
89 11 12 50
89 11 13 54
89 11 14 54
90 2 1 30
90 2 2 28
90 2 4 29
90 2 6 32
90 2 7 30
90 2 9 35
90 2 10 35
90 2 13 31
90 3 6 28
90 3 7 30
90 3 8 28
90 3 9 32
90 3 10 30
90 3 11 32
90 3 12 29
90 3 14 29
90 4 0 29
90 4 5 27
90 4 6 28
90 4 7 31
90 4 9 29
90 4 10 34
90 4 11 34
90 4 12 30
90 5 1 32
90 5 2 30
90 5 3 31
90 5 7 34
90 5 8 32
90 5 11 37
90 5 12 37
90 5 14 33
91 2 1 96
91 2 2 88
91 2 4 98
91 2 6 102
91 2 7 92
91 2 9 102
91 2 10 89
91 2 13 100
91 4 0 93
91 4 5 85
91 4 6 85
91 4 7 91
91 4 9 85
91 4 10 85
91 4 11 80
91 4 12 85
91 11 0 98
91 11 3 90
91 11 6 100
91 11 7 104
91 11 10 94
91 11 12 104
91 11 13 91
91 11 14 102
91 13 0 105
91 13 2 111
91 13 4 111
91 13 5 93
91 13 6 105
91 13 7 107
91 13 11 100
91 13 14 111
91 14 1 92
91 14 6 84
91 14 7 94
91 14 8 98
91 14 10 88
91 14 11 98
91 14 12 85
91 14 13 96
92 0 2 47
92 0 5 51
92 0 6 45
92 0 8 45
92 0 9 51
92 0 10 45
92 0 12 52
92 0 13 51
92 3 6 51
92 3 7 55
92 3 8 49
92 3 9 49
92 3 10 55
92 3 11 49
92 3 12 56
92 3 14 55
92 4 0 44
92 4 5 46
92 4 6 46
92 4 7 50
92 4 9 50
92 4 10 50
92 4 11 47
92 4 12 48
92 10 2 44
92 10 3 46
92 10 4 46
92 10 5 50
92 10 7 50
92 10 8 50
92 10 11 47
92 10 12 48
93 1 0 10
93 1 1 9
93 1 3 9
93 1 5 11
93 1 8 10
93 1 9 12
93 1 11 12
93 1 12 10
93 4 0 8
93 4 5 8
93 4 6 8
93 4 7 9
93 4 9 8
93 4 10 9
93 4 11 9
93 4 12 8
93 6 1 8
93 6 2 8
93 6 3 8
93 6 4 9
93 6 8 8
93 6 9 9
93 6 12 9
93 6 14 8
93 10 2 8
93 10 3 8
93 10 4 8
93 10 5 9
93 10 7 8
93 10 8 9
93 10 11 9
93 10 12 8
93 13 0 8
93 13 2 8
93 13 4 8
93 13 5 9
93 13 6 8
93 13 7 9
93 13 11 9
93 13 14 8
94 1 0 43
94 1 1 45
94 1 3 45
94 1 5 49
94 1 8 49
94 1 9 49
94 1 11 46
94 1 12 47
94 11 0 48
94 11 3 52
94 11 6 46
94 11 7 46
94 11 10 52
94 11 12 46
94 11 13 53
94 11 14 52
94 13 0 41
94 13 2 43
94 13 4 43
94 13 5 47
94 13 6 47
94 13 7 47
94 13 11 44
94 13 14 45
95 4 0 91
95 4 5 83
95 4 6 93
95 4 7 97
95 4 9 87
95 4 10 97
95 4 11 84
95 4 12 95
95 10 2 88
95 10 3 80
95 10 4 80
95 10 5 86
95 10 7 80
95 10 8 80
95 10 11 75
95 10 12 80
95 14 1 88
95 14 6 80
95 14 7 80
95 14 8 86
95 14 10 80
95 14 11 80
95 14 12 75
95 14 13 80
96 3 6 39
96 3 7 41
96 3 8 41
96 3 9 45
96 3 10 45
96 3 11 45
96 3 12 42
96 3 14 43
96 4 0 41
96 4 5 43
96 4 6 43
96 4 7 47
96 4 9 47
96 4 10 47
96 4 11 44
96 4 12 45
96 6 1 41
96 6 2 43
96 6 3 43
96 6 4 47
96 6 8 47
96 6 9 47
96 6 12 44
96 6 14 45
97 4 0 48
97 4 5 54
97 4 6 54
97 4 7 47
97 4 9 48
97 4 10 50
97 4 11 54
97 4 12 54
97 7 0 50
97 7 5 54
97 7 7 48
97 7 8 48
97 7 9 54
97 7 10 48
97 7 11 55
97 7 14 54
97 10 2 43
97 10 3 45
97 10 4 45
97 10 5 49
97 10 7 49
97 10 8 49
97 10 11 46
97 10 12 47
98 0 2 25
98 0 5 23
98 0 6 23
98 0 8 23
98 0 9 23
98 0 10 23
98 0 12 24
98 0 13 23
98 1 0 23
98 1 1 21
98 1 3 21
98 1 5 21
98 1 8 21
98 1 9 21
98 1 11 22
98 1 12 21
98 5 1 23
98 5 2 21
98 5 3 21
98 5 7 21
98 5 8 21
98 5 11 21
98 5 12 22
98 5 14 21
98 7 0 23
98 7 5 21
98 7 7 21
98 7 8 21
98 7 9 21
98 7 10 21
98 7 11 22
98 7 14 21
98 11 0 23
98 11 3 21
98 11 6 21
98 11 7 21
98 11 10 21
98 11 12 21
98 11 13 22
98 11 14 21
99 0 2 37
99 0 5 39
99 0 6 39
99 0 8 43
99 0 9 43
99 0 10 43
99 0 12 40
99 0 13 41
99 2 1 39
99 2 2 41
99 2 4 41
99 2 6 45
99 2 7 45
99 2 9 45
99 2 10 42
99 2 13 43
99 3 6 39
99 3 7 41
99 3 8 41
99 3 9 45
99 3 10 45
99 3 11 45
99 3 12 42
99 3 14 43
99 9 0 43
99 9 4 45
99 9 6 45
99 9 7 49
99 9 9 49
99 9 12 49
99 9 13 46
99 9 14 47
100 2 1 69
100 2 2 71
100 2 4 69
100 2 6 73
100 2 7 71
100 2 9 73
100 2 10 70
100 2 13 63
100 4 0 68
100 4 5 75
100 4 6 75
100 4 7 69
100 4 9 69
100 4 10 69
100 4 11 76
100 4 12 72
100 5 1 69
100 5 2 71
100 5 3 69
100 5 7 73
100 5 8 71
100 5 11 73
100 5 12 70
100 5 14 63
101 3 6 13
101 3 7 12
101 3 8 12
101 3 9 14
101 3 10 13
101 3 11 15
101 3 12 15
101 3 14 13
101 8 0 12
101 8 4 11
101 8 5 11
101 8 8 13
101 8 9 12
101 8 10 14
101 8 11 14
101 8 13 12
101 9 0 12
101 9 4 11
101 9 6 11
101 9 7 13
101 9 9 12
101 9 12 14
101 9 13 14
101 9 14 12
101 10 2 14
101 10 3 13
101 10 4 13
101 10 5 15
101 10 7 14
101 10 8 16
101 10 11 16
101 10 12 14
102 1 0 70
102 1 1 72
102 1 3 70
102 1 5 74
102 1 8 72
102 1 9 74
102 1 11 71
102 1 12 64
102 7 0 67
102 7 5 64
102 7 7 66
102 7 8 71
102 7 9 67
102 7 10 78
102 7 11 78
102 7 14 69
102 8 0 70
102 8 4 72
102 8 5 70
102 8 8 74
102 8 9 72
102 8 10 74
102 8 11 71
102 8 13 64
103 3 6 70
103 3 7 67
103 3 8 69
103 3 9 74
103 3 10 70
103 3 11 81
103 3 12 81
103 3 14 72
103 4 0 67
103 4 5 64
103 4 6 66
103 4 7 71
103 4 9 67
103 4 10 78
103 4 11 78
103 4 12 69
103 5 1 69
103 5 2 66
103 5 3 68
103 5 7 73
103 5 8 69
103 5 11 80
103 5 12 80
103 5 14 71
103 13 0 74
103 13 2 71
103 13 4 73
103 13 5 78
103 13 6 74
103 13 7 85
103 13 11 85
103 13 14 76
104 9 0 69
104 9 4 71
104 9 6 69
104 9 7 73
104 9 9 71
104 9 12 73
104 9 13 70
104 9 14 63
104 13 0 71
104 13 2 68
104 13 4 70
104 13 5 75
104 13 6 71
104 13 7 82
104 13 11 82
104 13 14 73
104 14 1 71
104 14 6 68
104 14 7 70
104 14 8 75
104 14 10 71
104 14 11 82
104 14 12 82
104 14 13 73
105 2 1 43
105 2 2 45
105 2 4 45
105 2 6 49
105 2 7 49
105 2 9 49
105 2 10 46
105 2 13 47
105 10 2 48
105 10 3 52
105 10 4 46
105 10 5 46
105 10 7 52
105 10 8 46
105 10 11 53
105 10 12 52
105 12 0 41
105 12 1 43
105 12 2 43
105 12 4 47
105 12 5 47
105 12 6 47
105 12 8 44
105 12 11 45
106 6 1 94
106 6 2 86
106 6 3 96
106 6 4 100
106 6 8 90
106 6 9 100
106 6 12 87
106 6 14 98
106 10 2 91
106 10 3 83
106 10 4 83
106 10 5 89
106 10 7 83
106 10 8 83
106 10 11 78
106 10 12 83
106 11 0 96
106 11 3 88
106 11 6 98
106 11 7 102
106 11 10 92
106 11 12 102
106 11 13 89
106 11 14 100
106 14 1 98
106 14 6 93
106 14 7 105
106 14 8 102
106 14 10 93
106 14 11 102
106 14 12 106
106 14 13 99
107 0 2 93
107 0 5 85
107 0 6 95
107 0 8 99
107 0 9 89
107 0 10 99
107 0 12 86
107 0 13 97
107 1 0 90
107 1 1 82
107 1 3 82
107 1 5 88
107 1 8 82
107 1 9 82
107 1 11 77
107 1 12 82
107 4 0 90
107 4 5 82
107 4 6 82
107 4 7 88
107 4 9 82
107 4 10 82
107 4 11 77
107 4 12 82
107 6 1 91
107 6 2 83
107 6 3 93
107 6 4 97
107 6 8 87
107 6 9 97
107 6 12 84
107 6 14 95
107 8 0 90
107 8 4 82
107 8 5 82
107 8 8 88
107 8 9 82
107 8 10 82
107 8 11 77
107 8 13 82
108 0 2 34
108 0 5 32
108 0 6 33
108 0 8 36
108 0 9 34
108 0 10 39
108 0 12 39
108 0 13 35
108 6 1 32
108 6 2 30
108 6 3 31
108 6 4 34
108 6 8 32
108 6 9 37
108 6 12 37
108 6 14 33
108 7 0 33
108 7 5 31
108 7 7 32
108 7 8 35
108 7 9 33
108 7 10 38
108 7 11 38
108 7 14 34
108 10 2 36
108 10 3 34
108 10 4 35
108 10 5 38
108 10 7 36
108 10 8 41
108 10 11 41
108 10 12 37
108 11 0 34
108 11 3 32
108 11 6 33
108 11 7 36
108 11 10 34
108 11 12 39
108 11 13 39
108 11 14 35
109 2 1 96
109 2 2 88
109 2 4 98
109 2 6 102
109 2 7 92
109 2 9 102
109 2 10 89
109 2 13 100
109 8 0 93
109 8 4 85
109 8 5 85
109 8 8 91
109 8 9 85
109 8 10 85
109 8 11 80
109 8 13 85
109 10 2 98
109 10 3 90
109 10 4 100
109 10 5 104
109 10 7 94
109 10 8 104
109 10 11 91
109 10 12 102
109 11 0 105
109 11 3 111
109 11 6 111
109 11 7 93
109 11 10 105
109 11 12 107
109 11 13 100
109 11 14 111
110 2 1 41
110 2 2 42
110 2 4 42
110 2 6 39
110 2 7 42
110 2 9 42
110 2 10 37
110 2 13 42
110 3 6 37
110 3 7 39
110 3 8 39
110 3 9 43
110 3 10 43
110 3 11 43
110 3 12 40
110 3 14 41
110 10 2 37
110 10 3 39
110 10 4 39
110 10 5 43
110 10 7 43
110 10 8 43
110 10 11 40
110 10 12 41
111 1 0 33
111 1 1 31
111 1 3 32
111 1 5 35
111 1 8 33
111 1 9 38
111 1 11 38
111 1 12 34
111 2 1 31
111 2 2 29
111 2 4 30
111 2 6 33
111 2 7 31
111 2 9 36
111 2 10 36
111 2 13 32
111 7 0 32
111 7 5 30
111 7 7 31
111 7 8 34
111 7 9 32
111 7 10 37
111 7 11 37
111 7 14 33
111 10 2 35
111 10 3 33
111 10 4 34
111 10 5 37
111 10 7 35
111 10 8 40
111 10 11 40
111 10 12 36
111 12 0 33
111 12 1 31
111 12 2 32
111 12 4 35
111 12 5 33
111 12 6 38
111 12 8 38
111 12 11 34
112 0 2 36
112 0 5 38
112 0 6 38
112 0 8 42
112 0 9 42
112 0 10 42
112 0 12 39
112 0 13 40
112 4 0 37
112 4 5 39
112 4 6 39
112 4 7 43
112 4 9 43
112 4 10 43
112 4 11 40
112 4 12 41
112 14 1 37
112 14 6 39
112 14 7 39
112 14 8 43
112 14 10 43
112 14 11 43
112 14 12 40
112 14 13 41
113 2 1 11
113 2 2 9
113 2 4 9
113 2 6 9
113 2 7 9
113 2 9 9
113 2 10 10
113 2 13 9
113 3 6 8
113 3 7 8
113 3 8 8
113 3 9 9
113 3 10 8
113 3 11 9
113 3 12 9
113 3 14 8
113 11 0 8
113 11 3 8
113 11 6 8
113 11 7 9
113 11 10 8
113 11 12 9
113 11 13 9
113 11 14 8
113 14 1 10
113 14 6 9
113 14 7 9
113 14 8 11
113 14 10 10
113 14 11 12
113 14 12 12
113 14 13 10
114 0 2 94
114 0 5 86
114 0 6 86
114 0 8 92
114 0 9 86
114 0 10 86
114 0 12 81
114 0 13 86
114 3 6 86
114 3 7 78
114 3 8 78
114 3 9 84
114 3 10 78
114 3 11 78
114 3 12 73
114 3 14 78
114 5 1 86
114 5 2 78
114 5 3 78
114 5 7 84
114 5 8 78
114 5 11 78
114 5 12 73
114 5 14 78
114 7 0 92
114 7 5 84
114 7 7 84
114 7 8 90
114 7 9 84
114 7 10 84
114 7 11 79
114 7 14 84
114 11 0 86
114 11 3 78
114 11 6 78
114 11 7 84
114 11 10 78
114 11 12 78
114 11 13 73
114 11 14 78
115 0 2 31
115 0 5 29
115 0 6 30
115 0 8 33
115 0 9 31
115 0 10 36
115 0 12 36
115 0 13 32
115 2 1 29
115 2 2 27
115 2 4 28
115 2 6 31
115 2 7 29
115 2 9 34
115 2 10 34
115 2 13 30
115 4 0 30
115 4 5 28
115 4 6 29
115 4 7 32
115 4 9 30
115 4 10 35
115 4 11 35
115 4 12 31
115 14 1 33
115 14 6 31
115 14 7 32
115 14 8 35
115 14 10 33
115 14 11 38
115 14 12 38
115 14 13 34
116 0 2 27
116 0 5 25
116 0 6 25
116 0 8 25
116 0 9 25
116 0 10 25
116 0 12 26
116 0 13 25
116 6 1 25
116 6 2 23
116 6 3 23
116 6 4 23
116 6 8 23
116 6 9 23
116 6 12 24
116 6 14 23
116 8 0 25
116 8 4 23
116 8 5 23
116 8 8 23
116 8 9 23
116 8 10 23
116 8 11 24
116 8 13 23
117 1 0 16
117 1 1 15
117 1 3 15
117 1 5 17
117 1 8 16
117 1 9 18
117 1 11 18
117 1 12 16
117 2 1 15
117 2 2 14
117 2 4 14
117 2 6 16
117 2 7 15
117 2 9 17
117 2 10 17
117 2 13 15
117 5 1 15
117 5 2 14
117 5 3 14
117 5 7 16
117 5 8 15
117 5 11 17
117 5 12 17
117 5 14 15
117 9 0 17
117 9 4 16
117 9 6 16
117 9 7 18
117 9 9 17
117 9 12 19
117 9 13 19
117 9 14 17
117 13 0 16
117 13 2 15
117 13 4 15
117 13 5 17
117 13 6 16
117 13 7 18
117 13 11 18
117 13 14 16
118 10 2 63
118 10 3 65
118 10 4 63
118 10 5 67
118 10 7 65
118 10 8 67
118 10 11 64
118 10 12 57
118 13 0 67
118 13 2 69
118 13 4 67
118 13 5 71
118 13 6 69
118 13 7 71
118 13 11 68
118 13 14 61
118 14 1 62
118 14 6 64
118 14 7 62
118 14 8 66
118 14 10 64
118 14 11 66
118 14 12 63
118 14 13 56
119 0 2 35
119 0 5 33
119 0 6 34
119 0 8 37
119 0 9 35
119 0 10 40
119 0 12 40
119 0 13 36
119 1 0 33
119 1 1 31
119 1 3 32
119 1 5 35
119 1 8 33
119 1 9 38
119 1 11 38
119 1 12 34
119 14 1 34
119 14 6 32
119 14 7 33
119 14 8 36
119 14 10 34
119 14 11 39
119 14 12 39
119 14 13 35
120 4 0 35
120 4 5 33
120 4 6 34
120 4 7 37
120 4 9 35
120 4 10 40
120 4 11 40
120 4 12 36
120 9 0 37
120 9 4 35
120 9 6 36
120 9 7 39
120 9 9 37
120 9 12 42
120 9 13 42
120 9 14 38
120 13 0 37
120 13 2 35
120 13 4 36
120 13 5 39
120 13 6 37
120 13 7 42
120 13 11 42
120 13 14 38
121 5 1 31
121 5 2 29
121 5 3 30
121 5 7 33
121 5 8 31
121 5 11 36
121 5 12 36
121 5 14 32
121 7 0 29
121 7 5 27
121 7 7 28
121 7 8 31
121 7 9 29
121 7 10 34
121 7 11 34
121 7 14 30
121 8 0 30
121 8 4 28
121 8 5 29
121 8 8 32
121 8 9 30
121 8 10 35
121 8 11 35
121 8 13 31
121 10 2 33
121 10 3 31
121 10 4 32
121 10 5 35
121 10 7 33
121 10 8 38
121 10 11 38
121 10 12 34
122 0 2 21
122 0 5 19
122 0 6 19
122 0 8 19
122 0 9 19
122 0 10 19
122 0 12 20
122 0 13 19
122 10 2 18
122 10 3 20
122 10 4 20
122 10 5 19
122 10 7 19
122 10 8 19
122 10 11 21
122 10 12 22
122 14 1 18
122 14 6 20
122 14 7 20
122 14 8 19
122 14 10 19
122 14 11 19
122 14 12 21
122 14 13 22
123 6 1 86
123 6 2 78
123 6 3 78
123 6 4 84
123 6 8 78
123 6 9 78
123 6 12 73
123 6 14 78
123 7 0 86
123 7 5 78
123 7 7 78
123 7 8 84
123 7 9 78
123 7 10 78
123 7 11 73
123 7 14 78
123 10 2 90
123 10 3 82
123 10 4 82
123 10 5 88
123 10 7 82
123 10 8 82
123 10 11 77
123 10 12 82
123 11 0 72
123 11 3 69
123 11 6 71
123 11 7 76
123 11 10 72
123 11 12 83
123 11 13 83
123 11 14 74
124 1 0 16
124 1 1 15
124 1 3 15
124 1 5 17
124 1 8 16
124 1 9 18
124 1 11 18
124 1 12 16
124 3 6 15
124 3 7 14
124 3 8 14
124 3 9 16
124 3 10 15
124 3 11 17
124 3 12 17
124 3 14 15
124 5 1 15
124 5 2 14
124 5 3 14
124 5 7 16
124 5 8 15
124 5 11 17
124 5 12 17
124 5 14 15
124 11 0 17
124 11 3 16
124 11 6 16
124 11 7 18
124 11 10 17
124 11 12 19
124 11 13 19
124 11 14 17
124 12 0 16
124 12 1 15
124 12 2 15
124 12 4 17
124 12 5 16
124 12 6 18
124 12 8 18
124 12 11 16
125 6 1 34
125 6 2 32
125 6 3 33
125 6 4 36
125 6 8 34
125 6 9 39
125 6 12 39
125 6 14 35
125 9 0 32
125 9 4 30
125 9 6 31
125 9 7 34
125 9 9 32
125 9 12 37
125 9 13 37
125 9 14 33
125 13 0 33
125 13 2 31
125 13 4 32
125 13 5 35
125 13 6 33
125 13 7 38
125 13 11 38
125 13 14 34
126 4 0 25
126 4 5 23
126 4 6 23
126 4 7 23
126 4 9 23
126 4 10 23
126 4 11 24
126 4 12 23
126 7 0 23
126 7 5 21
126 7 7 21
126 7 8 21
126 7 9 21
126 7 10 21
126 7 11 22
126 7 14 21
126 10 2 23
126 10 3 21
126 10 4 21
126 10 5 21
126 10 7 21
126 10 8 21
126 10 11 22
126 10 12 21
126 11 0 23
126 11 3 21
126 11 6 21
126 11 7 21
126 11 10 21
126 11 12 21
126 11 13 22
126 11 14 21
126 12 0 23
126 12 1 21
126 12 2 21
126 12 4 21
126 12 5 21
126 12 6 21
126 12 8 22
126 12 11 21
127 1 0 65
127 1 1 67
127 1 3 65
127 1 5 69
127 1 8 67
127 1 9 69
127 1 11 66
127 1 12 59
127 3 6 67
127 3 7 69
127 3 8 67
127 3 9 71
127 3 10 69
127 3 11 71
127 3 12 68
127 3 14 61
127 10 2 65
127 10 3 67
127 10 4 65
127 10 5 69
127 10 7 67
127 10 8 69
127 10 11 66
127 10 12 59
127 12 0 69
127 12 1 71
127 12 2 69
127 12 4 73
127 12 5 71
127 12 6 73
127 12 8 70
127 12 11 63
128 0 2 99
128 0 5 91
128 0 6 101
128 0 8 105
128 0 9 95
128 0 10 105
128 0 12 92
128 0 13 103
128 9 0 91
128 9 4 83
128 9 6 93
128 9 7 97
128 9 9 87
128 9 12 97
128 9 13 84
128 9 14 95
128 11 0 104
128 11 3 110
128 11 6 110
128 11 7 92
128 11 10 104
128 11 12 106
128 11 13 99
128 11 14 110
129 0 2 10
129 0 5 9
129 0 6 9
129 0 8 11
129 0 9 10
129 0 10 12
129 0 12 12
129 0 13 10
129 2 1 8
129 2 2 8
129 2 4 8
129 2 6 9
129 2 7 8
129 2 9 9
129 2 10 9
129 2 13 8
129 4 0 8
129 4 5 8
129 4 6 8
129 4 7 9
129 4 9 8
129 4 10 9
129 4 11 9
129 4 12 8
129 6 1 8
129 6 2 8
129 6 3 8
129 6 4 9
129 6 8 8
129 6 9 9
129 6 12 9
129 6 14 8
129 9 0 8
129 9 4 8
129 9 6 8
129 9 7 9
129 9 9 8
129 9 12 9
129 9 13 9
129 9 14 8
130 0 2 17
130 0 5 16
130 0 6 16
130 0 8 18
130 0 9 17
130 0 10 19
130 0 12 19
130 0 13 17
130 2 1 18
130 2 2 20
130 2 4 20
130 2 6 19
130 2 7 19
130 2 9 19
130 2 10 21
130 2 13 22
130 13 0 18
130 13 2 20
130 13 4 20
130 13 5 19
130 13 6 19
130 13 7 19
130 13 11 21
130 13 14 22
131 7 0 31
131 7 5 29
131 7 7 30
131 7 8 33
131 7 9 31
131 7 10 36
131 7 11 36
131 7 14 32
131 8 0 29
131 8 4 27
131 8 5 28
131 8 8 31
131 8 9 29
131 8 10 34
131 8 11 34
131 8 13 30
131 9 0 30
131 9 4 28
131 9 6 29
131 9 7 32
131 9 9 30
131 9 12 35
131 9 13 35
131 9 14 31
131 11 0 33
131 11 3 31
131 11 6 32
131 11 7 35
131 11 10 33
131 11 12 38
131 11 13 38
131 11 14 34
131 12 0 31
131 12 1 29
131 12 2 30
131 12 4 33
131 12 5 31
131 12 6 36
131 12 8 36
131 12 11 32
132 0 2 63
132 0 5 65
132 0 6 63
132 0 8 67
132 0 9 65
132 0 10 67
132 0 12 64
132 0 13 57
132 1 0 65
132 1 1 67
132 1 3 65
132 1 5 69
132 1 8 67
132 1 9 69
132 1 11 66
132 1 12 59
132 9 0 63
132 9 4 65
132 9 6 63
132 9 7 67
132 9 9 65
132 9 12 67
132 9 13 64
132 9 14 57
133 0 2 10
133 0 5 9
133 0 6 9
133 0 8 11
133 0 9 10
133 0 10 12
133 0 12 12
133 0 13 10
133 4 0 11
133 4 5 9
133 4 6 9
133 4 7 9
133 4 9 9
133 4 10 9
133 4 11 10
133 4 12 9
133 9 0 11
133 9 4 9
133 9 6 9
133 9 7 9
133 9 9 9
133 9 12 9
133 9 13 10
133 9 14 9
133 10 2 11
133 10 3 10
133 10 4 10
133 10 5 12
133 10 7 11
133 10 8 13
133 10 11 13
133 10 12 11
133 14 1 10
133 14 6 9
133 14 7 9
133 14 8 11
133 14 10 10
133 14 11 12
133 14 12 12
133 14 13 10
134 1 0 70
134 1 1 72
134 1 3 70
134 1 5 74
134 1 8 72
134 1 9 74
134 1 11 71
134 1 12 64
134 2 1 67
134 2 2 69
134 2 4 67
134 2 6 71
134 2 7 69
134 2 9 71
134 2 10 68
134 2 13 61
134 3 6 69
134 3 7 71
134 3 8 69
134 3 9 73
134 3 10 71
134 3 11 73
134 3 12 70
134 3 14 63
134 5 1 69
134 5 2 66
134 5 3 68
134 5 7 73
134 5 8 69
134 5 11 80
134 5 12 80
134 5 14 71
135 3 6 15
135 3 7 14
135 3 8 14
135 3 9 16
135 3 10 15
135 3 11 17
135 3 12 17
135 3 14 15
135 4 0 14
135 4 5 13
135 4 6 13
135 4 7 15
135 4 9 14
135 4 10 16
135 4 11 16
135 4 12 14
135 9 0 14
135 9 4 13
135 9 6 13
135 9 7 15
135 9 9 14
135 9 12 16
135 9 13 16
135 9 14 14
135 12 0 16
135 12 1 15
135 12 2 15
135 12 4 17
135 12 5 16
135 12 6 18
135 12 8 18
135 12 11 16
135 13 0 15
135 13 2 14
135 13 4 14
135 13 5 16
135 13 6 15
135 13 7 17
135 13 11 17
135 13 14 15
136 0 2 11
136 0 5 10
136 0 6 10
136 0 8 12
136 0 9 11
136 0 10 13
136 0 12 13
136 0 13 11
136 2 1 10
136 2 2 9
136 2 4 9
136 2 6 11
136 2 7 10
136 2 9 12
136 2 10 12
136 2 13 10
136 6 1 10
136 6 2 9
136 6 3 9
136 6 4 11
136 6 8 10
136 6 9 12
136 6 12 12
136 6 14 10
136 12 0 12
136 12 1 11
136 12 2 11
136 12 4 13
136 12 5 12
136 12 6 14
136 12 8 14
136 12 11 12
136 13 0 11
136 13 2 10
136 13 4 10
136 13 5 12
136 13 6 11
136 13 7 13
136 13 11 13
136 13 14 11
137 0 2 44
137 0 5 46
137 0 6 46
137 0 8 50
137 0 9 50
137 0 10 50
137 0 12 47
137 0 13 48
137 6 1 49
137 6 2 53
137 6 3 47
137 6 4 47
137 6 8 53
137 6 9 47
137 6 12 54
137 6 14 53
137 7 0 42
137 7 5 44
137 7 7 44
137 7 8 48
137 7 9 48
137 7 10 48
137 7 11 45
137 7 14 46
137 14 1 42
137 14 6 44
137 14 7 44
137 14 8 48
137 14 10 48
137 14 11 48
137 14 12 45
137 14 13 46
138 3 6 41
138 3 7 42
138 3 8 42
138 3 9 39
138 3 10 42
138 3 11 42
138 3 12 37
138 3 14 42
138 4 0 37
138 4 5 39
138 4 6 39
138 4 7 43
138 4 9 43
138 4 10 43
138 4 11 40
138 4 12 41
138 7 0 37
138 7 5 39
138 7 7 39
138 7 8 43
138 7 9 43
138 7 10 43
138 7 11 40
138 7 14 41
139 5 1 95
139 5 2 87
139 5 3 97
139 5 7 101
139 5 8 91
139 5 11 101
139 5 12 88
139 5 14 99
139 12 0 92
139 12 1 84
139 12 2 84
139 12 4 90
139 12 5 84
139 12 6 84
139 12 8 79
139 12 11 84
139 14 1 97
139 14 6 89
139 14 7 99
139 14 8 103
139 14 10 93
139 14 11 103
139 14 12 90
139 14 13 101
140 3 6 22
140 3 7 20
140 3 8 20
140 3 9 20
140 3 10 20
140 3 11 20
140 3 12 21
140 3 14 20
140 8 0 20
140 8 4 18
140 8 5 18
140 8 8 18
140 8 9 18
140 8 10 18
140 8 11 19
140 8 13 18
140 9 0 20
140 9 4 18
140 9 6 18
140 9 7 18
140 9 9 18
140 9 12 18
140 9 13 19
140 9 14 18
140 10 2 20
140 10 3 18
140 10 4 18
140 10 5 18
140 10 7 18
140 10 8 18
140 10 11 19
140 10 12 18
140 11 0 20
140 11 3 18
140 11 6 18
140 11 7 18
140 11 10 18
140 11 12 18
140 11 13 19
140 11 14 18
141 0 2 11
141 0 5 9
141 0 6 9
141 0 8 9
141 0 9 9
141 0 10 9
141 0 12 10
141 0 13 9
141 8 0 8
141 8 4 8
141 8 5 8
141 8 8 9
141 8 9 8
141 8 10 9
141 8 11 9
141 8 13 8
141 11 0 8
141 11 3 8
141 11 6 8
141 11 7 9
141 11 10 8
141 11 12 9
141 11 13 9
141 11 14 8
142 5 1 20
142 5 2 18
142 5 3 18
142 5 7 18
142 5 8 18
142 5 11 18
142 5 12 19
142 5 14 18
142 9 0 18
142 9 4 17
142 9 6 17
142 9 7 19
142 9 9 18
142 9 12 20
142 9 13 20
142 9 14 18
142 10 2 18
142 10 3 17
142 10 4 17
142 10 5 19
142 10 7 18
142 10 8 20
142 10 11 20
142 10 12 18
142 11 0 18
142 11 3 17
142 11 6 17
142 11 7 19
142 11 10 18
142 11 12 20
142 11 13 20
142 11 14 18
142 13 0 18
142 13 2 17
142 13 4 17
142 13 5 19
142 13 6 18
142 13 7 20
142 13 11 20
142 13 14 18
143 0 2 89
143 0 5 91
143 0 6 96
143 0 8 99
143 0 9 93
143 0 10 85
143 0 12 85
143 0 13 81
143 9 0 87
143 9 4 79
143 9 6 79
143 9 7 85
143 9 9 79
143 9 12 79
143 9 13 74
143 9 14 79
143 12 0 87
143 12 1 79
143 12 2 79
143 12 4 85
143 12 5 79
143 12 6 79
143 12 8 74
143 12 11 79
144 0 2 67
144 0 5 64
144 0 6 66
144 0 8 71
144 0 9 67
144 0 10 78
144 0 12 78
144 0 13 69
144 1 0 69
144 1 1 71
144 1 3 69
144 1 5 73
144 1 8 71
144 1 9 73
144 1 11 70
144 1 12 63
144 3 6 68
144 3 7 75
144 3 8 75
144 3 9 69
144 3 10 69
144 3 11 69
144 3 12 76
144 3 14 72
144 13 0 71
144 13 2 68
144 13 4 70
144 13 5 75
144 13 6 71
144 13 7 82
144 13 11 82
144 13 14 73
144 14 1 67
144 14 6 64
144 14 7 66
144 14 8 71
144 14 10 67
144 14 11 78
144 14 12 78
144 14 13 69
145 0 2 68
145 0 5 70
145 0 6 68
145 0 8 72
145 0 9 70
145 0 10 72
145 0 12 69
145 0 13 62
145 4 0 65
145 4 5 67
145 4 6 65
145 4 7 69
145 4 9 67
145 4 10 69
145 4 11 66
145 4 12 59
145 9 0 67
145 9 4 69
145 9 6 67
145 9 7 71
145 9 9 69
145 9 12 71
145 9 13 68
145 9 14 61
145 14 1 67
145 14 6 64
145 14 7 66
145 14 8 71
145 14 10 67
145 14 11 78
145 14 12 78
145 14 13 69
146 5 1 21
146 5 2 19
146 5 3 19
146 5 7 19
146 5 8 19
146 5 11 19
146 5 12 20
146 5 14 19
146 6 1 18
146 6 2 20
146 6 3 20
146 6 4 19
146 6 8 19
146 6 9 19
146 6 12 21
146 6 14 22
146 9 0 18
146 9 4 20
146 9 6 20
146 9 7 19
146 9 9 19
146 9 12 19
146 9 13 21
146 9 14 22
146 12 0 18
146 12 1 20
146 12 2 20
146 12 4 19
146 12 5 19
146 12 6 19
146 12 8 21
146 12 11 22
146 13 0 18
146 13 2 20
146 13 4 20
146 13 5 19
146 13 6 19
146 13 7 19
146 13 11 21
146 13 14 22
147 3 6 27
147 3 7 25
147 3 8 25
147 3 9 25
147 3 10 25
147 3 11 25
147 3 12 26
147 3 14 25
147 11 0 28
147 11 3 30
147 11 6 28
147 11 7 32
147 11 10 30
147 11 12 32
147 11 13 29
147 11 14 29
147 12 0 27
147 12 1 25
147 12 2 25
147 12 4 25
147 12 5 25
147 12 6 25
147 12 8 26
147 12 11 25
147 13 0 30
147 13 2 28
147 13 4 29
147 13 5 32
147 13 6 30
147 13 7 35
147 13 11 35
147 13 14 31
147 14 1 28
147 14 6 30
147 14 7 28
147 14 8 32
147 14 10 30
147 14 11 32
147 14 12 29
147 14 13 29
148 2 1 68
148 2 2 75
148 2 4 75
148 2 6 69
148 2 7 69
148 2 9 69
148 2 10 76
148 2 13 72
148 3 6 68
148 3 7 65
148 3 8 67
148 3 9 72
148 3 10 68
148 3 11 79
148 3 12 79
148 3 14 70
148 5 1 68
148 5 2 75
148 5 3 75
148 5 7 69
148 5 8 69
148 5 11 69
148 5 12 76
148 5 14 72
148 12 0 70
148 12 1 67
148 12 2 69
148 12 4 74
148 12 5 70
148 12 6 81
148 12 8 81
148 12 11 72
149 0 2 94
149 0 5 86
149 0 6 96
149 0 8 100
149 0 9 90
149 0 10 100
149 0 12 87
149 0 13 98
149 1 0 91
149 1 1 83
149 1 3 83
149 1 5 89
149 1 8 83
149 1 9 83
149 1 11 78
149 1 12 83
149 7 0 91
149 7 5 83
149 7 7 83
149 7 8 89
149 7 9 83
149 7 10 83
149 7 11 78
149 7 14 83
149 10 2 92
149 10 3 84
149 10 4 94
149 10 5 98
149 10 7 88
149 10 8 98
149 10 11 85
149 10 12 96
149 11 0 91
149 11 3 83
149 11 6 83
149 11 7 89
149 11 10 83
149 11 12 83
149 11 13 78
149 11 14 83
150 5 1 91
150 5 2 83
150 5 3 83
150 5 7 89
150 5 8 83
150 5 11 83
150 5 12 78
150 5 14 83
150 8 0 74
150 8 4 71
150 8 5 73
150 8 8 78
150 8 9 74
150 8 10 85
150 8 11 85
150 8 13 76
150 9 0 74
150 9 4 71
150 9 6 73
150 9 7 78
150 9 9 74
150 9 12 85
150 9 13 85
150 9 14 76
150 10 2 89
150 10 3 81
150 10 4 81
150 10 5 87
150 10 7 81
150 10 8 81
150 10 11 76
150 10 12 81
151 1 0 28
151 1 1 30
151 1 3 28
151 1 5 32
151 1 8 30
151 1 9 32
151 1 11 29
151 1 12 29
151 2 1 27
151 2 2 25
151 2 4 25
151 2 6 25
151 2 7 25
151 2 9 25
151 2 10 26
151 2 13 25
151 13 0 28
151 13 2 26
151 13 4 26
151 13 5 26
151 13 6 26
151 13 7 26
151 13 11 27
151 13 14 26
152 2 1 34
152 2 2 32
152 2 4 33
152 2 6 36
152 2 7 34
152 2 9 39
152 2 10 39
152 2 13 35
152 3 6 32
152 3 7 30
152 3 8 31
152 3 9 34
152 3 10 32
152 3 11 37
152 3 12 37
152 3 14 33
152 4 0 33
152 4 5 31
152 4 6 32
152 4 7 35
152 4 9 33
152 4 10 38
152 4 11 38
152 4 12 34
152 6 1 36
152 6 2 34
152 6 3 35
152 6 4 38
152 6 8 36
152 6 9 41
152 6 12 41
152 6 14 37
153 3 6 70
153 3 7 67
153 3 8 69
153 3 9 74
153 3 10 70
153 3 11 81
153 3 12 81
153 3 14 72
153 4 0 67
153 4 5 64
153 4 6 66
153 4 7 71
153 4 9 67
153 4 10 78
153 4 11 78
153 4 12 69
153 5 1 69
153 5 2 66
153 5 3 68
153 5 7 73
153 5 8 69
153 5 11 80
153 5 12 80
153 5 14 71
154 5 1 29
154 5 2 27
154 5 3 28
154 5 7 31
154 5 8 29
154 5 11 34
154 5 12 34
154 5 14 30
154 7 0 28
154 7 5 26
154 7 7 26
154 7 8 26
154 7 9 26
154 7 10 26
154 7 11 27
154 7 14 26
154 9 0 28
154 9 4 30
154 9 6 28
154 9 7 32
154 9 9 30
154 9 12 32
154 9 13 29
154 9 14 29
154 12 0 31
154 12 1 29
154 12 2 30
154 12 4 33
154 12 5 31
154 12 6 36
154 12 8 36
154 12 11 32
155 0 2 66
155 0 5 68
155 0 6 66
155 0 8 70
155 0 9 68
155 0 10 70
155 0 12 67
155 0 13 60
155 5 1 68
155 5 2 70
155 5 3 68
155 5 7 72
155 5 8 70
155 5 11 72
155 5 12 69
155 5 14 62
155 7 0 66
155 7 5 68
155 7 7 66
155 7 8 70
155 7 9 68
155 7 10 70
155 7 11 67
155 7 14 60
155 9 0 70
155 9 4 72
155 9 6 70
155 9 7 74
155 9 9 72
155 9 12 74
155 9 13 71
155 9 14 64
156 7 0 48
156 7 5 52
156 7 7 46
156 7 8 46
156 7 9 52
156 7 10 46
156 7 11 53
156 7 14 52
156 9 0 52
156 9 4 56
156 9 6 50
156 9 7 50
156 9 9 56
156 9 12 50
156 9 13 57
156 9 14 56
156 14 1 48
156 14 6 54
156 14 7 54
156 14 8 47
156 14 10 48
156 14 11 50
156 14 12 54
156 14 13 54
157 1 0 94
157 1 1 86
157 1 3 96
157 1 5 100
157 1 8 90
157 1 9 100
157 1 11 87
157 1 12 98
157 2 1 91
157 2 2 83
157 2 4 83
157 2 6 89
157 2 7 83
157 2 9 83
157 2 10 78
157 2 13 83
157 4 0 91
157 4 5 83
157 4 6 83
157 4 7 89
157 4 9 83
157 4 10 83
157 4 11 78
157 4 12 83
157 8 0 92
157 8 4 84
157 8 5 94
157 8 8 98
157 8 9 88
157 8 10 98
157 8 11 85
157 8 13 96
157 9 0 91
157 9 4 83
157 9 6 83
157 9 7 89
157 9 9 83
157 9 12 83
157 9 13 78
157 9 14 83
158 1 0 15
158 1 1 14
158 1 3 14
158 1 5 16
158 1 8 15
158 1 9 17
158 1 11 17
158 1 12 15
158 6 1 14
158 6 2 13
158 6 3 13
158 6 4 15
158 6 8 14
158 6 9 16
158 6 12 16
158 6 14 14
158 9 0 14
158 9 4 13
158 9 6 13
158 9 7 15
158 9 9 14
158 9 12 16
158 9 13 16
158 9 14 14
158 10 2 16
158 10 3 15
158 10 4 15
158 10 5 17
158 10 7 16
158 10 8 18
158 10 11 18
158 10 12 16
159 2 1 14
159 2 2 13
159 2 4 13
159 2 6 15
159 2 7 14
159 2 9 16
159 2 10 16
159 2 13 14
159 4 0 13
159 4 5 12
159 4 6 12
159 4 7 14
159 4 9 13
159 4 10 15
159 4 11 15
159 4 12 13
159 7 0 13
159 7 5 12
159 7 7 12
159 7 8 14
159 7 9 13
159 7 10 15
159 7 11 15
159 7 14 13
159 8 0 15
159 8 4 14
159 8 5 14
159 8 8 16
159 8 9 15
159 8 10 17
159 8 11 17
159 8 13 15
159 12 0 14
159 12 1 13
159 12 2 13
159 12 4 15
159 12 5 14
159 12 6 16
159 12 8 16
159 12 11 14
160 0 2 93
160 0 5 85
160 0 6 85
160 0 8 91
160 0 9 85
160 0 10 85
160 0 12 80
160 0 13 85
160 9 0 81
160 9 4 81
160 9 6 85
160 9 7 76
160 9 9 82
160 9 12 81
160 9 13 88
160 9 14 88
160 11 0 81
160 11 3 81
160 11 6 85
160 11 7 76
160 11 10 82
160 11 12 81
160 11 13 88
160 11 14 88
161 0 2 92
161 0 5 84
161 0 6 84
161 0 8 90
161 0 9 84
161 0 10 84
161 0 12 79
161 0 13 84
161 7 0 75
161 7 5 72
161 7 7 74
161 7 8 79
161 7 9 75
161 7 10 86
161 7 11 86
161 7 14 77
161 8 0 75
161 8 4 72
161 8 5 74
161 8 8 79
161 8 9 75
161 8 10 86
161 8 11 86
161 8 13 77
161 12 0 90
161 12 1 82
161 12 2 82
161 12 4 88
161 12 5 82
161 12 6 82
161 12 8 77
161 12 11 82
162 5 1 67
162 5 2 69
162 5 3 67
162 5 7 71
162 5 8 69
162 5 11 71
162 5 12 68
162 5 14 61
162 7 0 69
162 7 5 71
162 7 7 69
162 7 8 73
162 7 9 71
162 7 10 73
162 7 11 70
162 7 14 63
162 10 2 67
162 10 3 69
162 10 4 67
162 10 5 71
162 10 7 69
162 10 8 71
162 10 11 68
162 10 12 61
162 14 1 68
162 14 6 75
162 14 7 75
162 14 8 69
162 14 10 69
162 14 11 69
162 14 12 76
162 14 13 72
163 0 2 63
163 0 5 65
163 0 6 63
163 0 8 67
163 0 9 65
163 0 10 67
163 0 12 64
163 0 13 57
163 3 6 65
163 3 7 67
163 3 8 65
163 3 9 69
163 3 10 67
163 3 11 69
163 3 12 66
163 3 14 59
163 12 0 63
163 12 1 65
163 12 2 63
163 12 4 67
163 12 5 65
163 12 6 67
163 12 8 64
163 12 11 57
163 14 1 67
163 14 6 69
163 14 7 67
163 14 8 71
163 14 10 69
163 14 11 71
163 14 12 68
163 14 13 61
164 3 6 32
164 3 7 30
164 3 8 31
164 3 9 34
164 3 10 32
164 3 11 37
164 3 12 37
164 3 14 33
164 6 1 30
164 6 2 28
164 6 3 29
164 6 4 32
164 6 8 30
164 6 9 35
164 6 12 35
164 6 14 31
164 8 0 31
164 8 4 29
164 8 5 30
164 8 8 33
164 8 9 31
164 8 10 36
164 8 11 36
164 8 13 32
164 11 0 34
164 11 3 32
164 11 6 33
164 11 7 36
164 11 10 34
164 11 12 39
164 11 13 39
164 11 14 35
165 6 1 17
165 6 2 16
165 6 3 16
165 6 4 18
165 6 8 17
165 6 9 19
165 6 12 19
165 6 14 17
165 9 0 16
165 9 4 15
165 9 6 15
165 9 7 17
165 9 9 16
165 9 12 18
165 9 13 18
165 9 14 16
165 13 0 16
165 13 2 15
165 13 4 15
165 13 5 17
165 13 6 16
165 13 7 18
165 13 11 18
165 13 14 16
166 1 0 50
166 1 1 54
166 1 3 48
166 1 5 48
166 1 8 54
166 1 9 48
166 1 11 55
166 1 12 54
166 8 0 54
166 8 4 58
166 8 5 52
166 8 8 52
166 8 9 58
166 8 10 52
166 8 11 59
166 8 13 58
166 10 2 48
166 10 3 52
166 10 4 46
166 10 5 46
166 10 7 52
166 10 8 46
166 10 11 53
166 10 12 52
167 2 1 86
167 2 2 78
167 2 4 78
167 2 6 84
167 2 7 78
167 2 9 78
167 2 10 73
167 2 13 78
167 3 6 86
167 3 7 78
167 3 8 78
167 3 9 84
167 3 10 78
167 3 11 78
167 3 12 73
167 3 14 78
167 9 0 90
167 9 4 82
167 9 6 82
167 9 7 88
167 9 9 82
167 9 12 82
167 9 13 77
167 9 14 82
167 13 0 72
167 13 2 69
167 13 4 71
167 13 5 76
167 13 6 72
167 13 7 83
167 13 11 83
167 13 14 74
168 0 2 18
168 0 5 20
168 0 6 20
168 0 8 19
168 0 9 19
168 0 10 19
168 0 12 21
168 0 13 22
168 1 0 17
168 1 1 16
168 1 3 16
168 1 5 18
168 1 8 17
168 1 9 19
168 1 11 19
168 1 12 17
168 2 1 17
168 2 2 16
168 2 4 16
168 2 6 18
168 2 7 17
168 2 9 19
168 2 10 19
168 2 13 17
168 11 0 17
168 11 3 16
168 11 6 16
168 11 7 18
168 11 10 17
168 11 12 19
168 11 13 19
168 11 14 17
168 12 0 17
168 12 1 16
168 12 2 16
168 12 4 18
168 12 5 17
168 12 6 19
168 12 8 19
168 12 11 17
169 0 2 20
169 0 5 18
169 0 6 18
169 0 8 18
169 0 9 18
169 0 10 18
169 0 12 19
169 0 13 18
169 5 1 18
169 5 2 17
169 5 3 17
169 5 7 19
169 5 8 18
169 5 11 20
169 5 12 20
169 5 14 18
169 6 1 18
169 6 2 17
169 6 3 17
169 6 4 19
169 6 8 18
169 6 9 20
169 6 12 20
169 6 14 18
169 8 0 18
169 8 4 17
169 8 5 17
169 8 8 19
169 8 9 18
169 8 10 20
169 8 11 20
169 8 13 18
169 13 0 18
169 13 2 17
169 13 4 17
169 13 5 19
169 13 6 18
169 13 7 20
169 13 11 20
169 13 14 18
170 2 1 36
170 2 2 34
170 2 4 35
170 2 6 38
170 2 7 36
170 2 9 41
170 2 10 41
170 2 13 37
170 3 6 41
170 3 7 42
170 3 8 42
170 3 9 39
170 3 10 42
170 3 11 42
170 3 12 37
170 3 14 42
170 7 0 41
170 7 5 42
170 7 7 42
170 7 8 39
170 7 9 42
170 7 10 42
170 7 11 37
170 7 14 42
170 8 0 39
170 8 4 41
170 8 5 41
170 8 8 45
170 8 9 45
170 8 10 45
170 8 11 42
170 8 13 43
170 9 0 39
170 9 4 41
170 9 6 41
170 9 7 45
170 9 9 45
170 9 12 45
170 9 13 42
170 9 14 43
171 2 1 66
171 2 2 68
171 2 4 66
171 2 6 70
171 2 7 68
171 2 9 70
171 2 10 67
171 2 13 60
171 6 1 68
171 6 2 70
171 6 3 68
171 6 4 72
171 6 8 70
171 6 9 72
171 6 12 69
171 6 14 62
171 9 0 66
171 9 4 68
171 9 6 66
171 9 7 70
171 9 9 68
171 9 12 70
171 9 13 67
171 9 14 60
172 5 1 92
172 5 2 84
172 5 3 94
172 5 7 98
172 5 8 88
172 5 11 98
172 5 12 85
172 5 14 96
172 8 0 89
172 8 4 81
172 8 5 81
172 8 8 87
172 8 9 81
172 8 10 81
172 8 11 76
172 8 13 81
172 10 2 89
172 10 3 81
172 10 4 81
172 10 5 87
172 10 7 81
172 10 8 81
172 10 11 76
172 10 12 81
173 0 2 65
173 0 5 67
173 0 6 65
173 0 8 69
173 0 9 67
173 0 10 69
173 0 12 66
173 0 13 59
173 1 0 67
173 1 1 69
173 1 3 67
173 1 5 71
173 1 8 69
173 1 9 71
173 1 11 68
173 1 12 61
173 12 0 65
173 12 1 67
173 12 2 65
173 12 4 69
173 12 5 67
173 12 6 69
173 12 8 66
173 12 11 59
174 4 0 70
174 4 5 67
174 4 6 69
174 4 7 74
174 4 9 70
174 4 10 81
174 4 11 81
174 4 12 72
174 8 0 67
174 8 4 64
174 8 5 66
174 8 8 71
174 8 9 67
174 8 10 78
174 8 11 78
174 8 13 69
174 10 2 69
174 10 3 66
174 10 4 68
174 10 5 73
174 10 7 69
174 10 8 80
174 10 11 80
174 10 12 71
174 11 0 74
174 11 3 71
174 11 6 73
174 11 7 78
174 11 10 74
174 11 12 85
174 11 13 85
174 11 14 76
174 13 0 70
174 13 2 67
174 13 4 69
174 13 5 74
174 13 6 70
174 13 7 81
174 13 11 81
174 13 14 72
175 8 0 63
175 8 4 65
175 8 5 63
175 8 8 67
175 8 9 65
175 8 10 67
175 8 11 64
175 8 13 57
175 10 2 67
175 10 3 69
175 10 4 67
175 10 5 71
175 10 7 69
175 10 8 71
175 10 11 68
175 10 12 61
175 14 1 62
175 14 6 64
175 14 7 62
175 14 8 66
175 14 10 64
175 14 11 66
175 14 12 63
175 14 13 56
176 6 1 93
176 6 2 85
176 6 3 95
176 6 4 99
176 6 8 89
176 6 9 99
176 6 12 86
176 6 14 97
176 7 0 90
176 7 5 82
176 7 7 82
176 7 8 88
176 7 9 82
176 7 10 82
176 7 11 77
176 7 14 82
176 12 0 90
176 12 1 82
176 12 2 82
176 12 4 88
176 12 5 82
176 12 6 82
176 12 8 77
176 12 11 82
176 13 0 91
176 13 2 83
176 13 4 93
176 13 5 97
176 13 6 87
176 13 7 97
176 13 11 84
176 13 14 95
177 6 1 63
177 6 2 65
177 6 3 63
177 6 4 67
177 6 8 65
177 6 9 67
177 6 12 64
177 6 14 57
177 7 0 65
177 7 5 67
177 7 7 65
177 7 8 69
177 7 9 67
177 7 10 69
177 7 11 66
177 7 14 59
177 14 1 63
177 14 6 65
177 14 7 63
177 14 8 67
177 14 10 65
177 14 11 67
177 14 12 64
177 14 13 57
178 2 1 23
178 2 2 21
178 2 4 21
178 2 6 21
178 2 7 21
178 2 9 21
178 2 10 22
178 2 13 21
178 5 1 21
178 5 2 19
178 5 3 19
178 5 7 19
178 5 8 19
178 5 11 19
178 5 12 20
178 5 14 19
178 7 0 21
178 7 5 19
178 7 7 19
178 7 8 19
178 7 9 19
178 7 10 19
178 7 11 20
178 7 14 19
178 11 0 21
178 11 3 19
178 11 6 19
178 11 7 19
178 11 10 19
178 11 12 19
178 11 13 20
178 11 14 19
178 12 0 21
178 12 1 19
178 12 2 19
178 12 4 19
178 12 5 19
178 12 6 19
178 12 8 20
178 12 11 19
179 1 0 24
179 1 1 22
179 1 3 22
179 1 5 22
179 1 8 22
179 1 9 22
179 1 11 23
179 1 12 22
179 2 1 22
179 2 2 20
179 2 4 20
179 2 6 20
179 2 7 20
179 2 9 20
179 2 10 21
179 2 13 20
179 3 6 22
179 3 7 20
179 3 8 20
179 3 9 20
179 3 10 20
179 3 11 20
179 3 12 21
179 3 14 20
179 9 0 22
179 9 4 20
179 9 6 20
179 9 7 20
179 9 9 20
179 9 12 20
179 9 13 21
179 9 14 20
179 12 0 22
179 12 1 20
179 12 2 20
179 12 4 20
179 12 5 20
179 12 6 20
179 12 8 21
179 12 11 20
180 0 2 69
180 0 5 71
180 0 6 69
180 0 8 73
180 0 9 71
180 0 10 73
180 0 12 70
180 0 13 63
180 2 1 66
180 2 2 68
180 2 4 66
180 2 6 70
180 2 7 68
180 2 9 70
180 2 10 67
180 2 13 60
180 3 6 68
180 3 7 70
180 3 8 68
180 3 9 72
180 3 10 70
180 3 11 72
180 3 12 69
180 3 14 62
180 14 1 68
180 14 6 65
180 14 7 67
180 14 8 72
180 14 10 68
180 14 11 79
180 14 12 79
180 14 13 70
181 0 2 36
181 0 5 38
181 0 6 38
181 0 8 42
181 0 9 42
181 0 10 42
181 0 12 39
181 0 13 40
181 10 2 38
181 10 3 40
181 10 4 40
181 10 5 44
181 10 7 44
181 10 8 44
181 10 11 41
181 10 12 42
181 12 0 38
181 12 1 40
181 12 2 40
181 12 4 44
181 12 5 44
181 12 6 44
181 12 8 41
181 12 11 42
182 0 2 18
182 0 5 20
182 0 6 20
182 0 8 19
182 0 9 19
182 0 10 19
182 0 12 21
182 0 13 22
182 3 6 17
182 3 7 16
182 3 8 16
182 3 9 18
182 3 10 17
182 3 11 19
182 3 12 19
182 3 14 17
182 4 0 17
182 4 5 16
182 4 6 16
182 4 7 18
182 4 9 17
182 4 10 19
182 4 11 19
182 4 12 17
182 9 0 17
182 9 4 16
182 9 6 16
182 9 7 18
182 9 9 17
182 9 12 19
182 9 13 19
182 9 14 17
183 0 2 35
183 0 5 33
183 0 6 34
183 0 8 37
183 0 9 35
183 0 10 40
183 0 12 40
183 0 13 36
183 7 0 37
183 7 5 35
183 7 7 36
183 7 8 39
183 7 9 37
183 7 10 42
183 7 11 42
183 7 14 38
183 8 0 37
183 8 4 35
183 8 5 36
183 8 8 39
183 8 9 37
183 8 10 42
183 8 11 42
183 8 13 38
183 9 0 38
183 9 4 40
183 9 6 40
183 9 7 44
183 9 9 44
183 9 12 44
183 9 13 41
183 9 14 42
183 13 0 38
183 13 2 40
183 13 4 40
183 13 5 44
183 13 6 44
183 13 7 44
183 13 11 41
183 13 14 42
184 6 1 39
184 6 2 41
184 6 3 41
184 6 4 45
184 6 8 45
184 6 9 45
184 6 12 42
184 6 14 43
184 7 0 41
184 7 5 43
184 7 7 43
184 7 8 47
184 7 9 47
184 7 10 47
184 7 11 44
184 7 14 45
184 10 2 41
184 10 3 43
184 10 4 43
184 10 5 47
184 10 7 47
184 10 8 47
184 10 11 44
184 10 12 45
185 6 1 91
185 6 2 83
185 6 3 93
185 6 4 97
185 6 8 87
185 6 9 97
185 6 12 84
185 6 14 95
185 7 0 88
185 7 5 80
185 7 7 80
185 7 8 86
185 7 9 80
185 7 10 80
185 7 11 75
185 7 14 80
185 9 0 88
185 9 4 80
185 9 6 80
185 9 7 86
185 9 9 80
185 9 12 80
185 9 13 75
185 9 14 80
185 12 0 94
185 12 1 86
185 12 2 86
185 12 4 92
185 12 5 86
185 12 6 86
185 12 8 81
185 12 11 86
186 3 6 91
186 3 7 83
186 3 8 93
186 3 9 97
186 3 10 87
186 3 11 97
186 3 12 84
186 3 14 95
186 5 1 88
186 5 2 80
186 5 3 80
186 5 7 86
186 5 8 80
186 5 11 80
186 5 12 75
186 5 14 80
186 6 1 88
186 6 2 80
186 6 3 80
186 6 4 86
186 6 8 80
186 6 9 80
186 6 12 75
186 6 14 80
187 1 0 68
187 1 1 65
187 1 3 67
187 1 5 72
187 1 8 68
187 1 9 79
187 1 11 79
187 1 12 70
187 4 0 70
187 4 5 72
187 4 6 70
187 4 7 74
187 4 9 72
187 4 10 74
187 4 11 71
187 4 12 64
187 6 1 67
187 6 2 64
187 6 3 66
187 6 4 71
187 6 8 67
187 6 9 78
187 6 12 78
187 6 14 69
187 8 0 72
187 8 4 69
187 8 5 71
187 8 8 76
187 8 9 72
187 8 10 83
187 8 11 83
187 8 13 74
188 0 2 48
188 0 5 54
188 0 6 54
188 0 8 47
188 0 9 48
188 0 10 50
188 0 12 54
188 0 13 54
188 2 1 50
188 2 2 54
188 2 4 48
188 2 6 48
188 2 7 54
188 2 9 48
188 2 10 55
188 2 13 54
188 8 0 43
188 8 4 45
188 8 5 45
188 8 8 49
188 8 9 49
188 8 10 49
188 8 11 46
188 8 13 47
188 10 2 43
188 10 3 45
188 10 4 45
188 10 5 49
188 10 7 49
188 10 8 49
188 10 11 46
188 10 12 47
189 3 6 48
189 3 7 52
189 3 8 46
189 3 9 46
189 3 10 52
189 3 11 46
189 3 12 53
189 3 14 52
189 8 0 52
189 8 4 56
189 8 5 50
189 8 8 50
189 8 9 56
189 8 10 50
189 8 11 57
189 8 13 56
189 9 0 48
189 9 4 54
189 9 6 54
189 9 7 47
189 9 9 48
189 9 12 50
189 9 13 54
189 9 14 54
189 10 2 48
189 10 3 54
189 10 4 54
189 10 5 47
189 10 7 48
189 10 8 50
189 10 11 54
189 10 12 54
190 1 0 69
190 1 1 71
190 1 3 69
190 1 5 73
190 1 8 71
190 1 9 73
190 1 11 70
190 1 12 63
190 3 6 68
190 3 7 75
190 3 8 75
190 3 9 69
190 3 10 69
190 3 11 69
190 3 12 76
190 3 14 72
190 7 0 69
190 7 5 71
190 7 7 69
190 7 8 73
190 7 9 71
190 7 10 73
190 7 11 70
190 7 14 63
190 8 0 68
190 8 4 65
190 8 5 67
190 8 8 72
190 8 9 68
190 8 10 79
190 8 11 79
190 8 13 70
190 10 2 68
190 10 3 75
190 10 4 75
190 10 5 69
190 10 7 69
190 10 8 69
190 10 11 76
190 10 12 72
191 3 6 30
191 3 7 28
191 3 8 29
191 3 9 32
191 3 10 30
191 3 11 35
191 3 12 35
191 3 14 31
191 4 0 28
191 4 5 30
191 4 6 28
191 4 7 32
191 4 9 30
191 4 10 32
191 4 11 29
191 4 12 29
191 5 1 29
191 5 2 27
191 5 3 28
191 5 7 31
191 5 8 29
191 5 11 34
191 5 12 34
191 5 14 30
191 8 0 32
191 8 4 30
191 8 5 31
191 8 8 34
191 8 9 32
191 8 10 37
191 8 11 37
191 8 13 33
192 2 1 50
192 2 2 54
192 2 4 48
192 2 6 48
192 2 7 54
192 2 9 48
192 2 10 55
192 2 13 54
192 4 0 54
192 4 5 58
192 4 6 52
192 4 7 52
192 4 9 58
192 4 10 52
192 4 11 59
192 4 12 58
192 7 0 48
192 7 5 52
192 7 7 46
192 7 8 46
192 7 9 52
192 7 10 46
192 7 11 53
192 7 14 52
192 10 2 48
192 10 3 52
192 10 4 46
192 10 5 46
192 10 7 52
192 10 8 46
192 10 11 53
192 10 12 52
193 9 0 27
193 9 4 25
193 9 6 25
193 9 7 25
193 9 9 25
193 9 12 25
193 9 13 26
193 9 14 25
193 11 0 25
193 11 3 23
193 11 6 23
193 11 7 23
193 11 10 23
193 11 12 23
193 11 13 24
193 11 14 23
193 13 0 25
193 13 2 23
193 13 4 23
193 13 5 23
193 13 6 23
193 13 7 23
193 13 11 24
193 13 14 23
194 0 2 17
194 0 5 16
194 0 6 16
194 0 8 18
194 0 9 17
194 0 10 19
194 0 12 19
194 0 13 17
194 5 1 16
194 5 2 15
194 5 3 15
194 5 7 17
194 5 8 16
194 5 11 18
194 5 12 18
194 5 14 16
194 8 0 16
194 8 4 15
194 8 5 15
194 8 8 17
194 8 9 16
194 8 10 18
194 8 11 18
194 8 13 16
194 9 0 18
194 9 4 17
194 9 6 17
194 9 7 19
194 9 9 18
194 9 12 20
194 9 13 20
194 9 14 18
194 14 1 17
194 14 6 16
194 14 7 16
194 14 8 18
194 14 10 17
194 14 11 19
194 14 12 19
194 14 13 17
195 0 2 36
195 0 5 34
195 0 6 35
195 0 8 38
195 0 9 36
195 0 10 41
195 0 12 41
195 0 13 37
195 1 0 41
195 1 1 42
195 1 3 42
195 1 5 39
195 1 8 42
195 1 9 42
195 1 11 37
195 1 12 42
195 2 1 41
195 2 2 42
195 2 4 42
195 2 6 39
195 2 7 42
195 2 9 42
195 2 10 37
195 2 13 42
195 8 0 39
195 8 4 41
195 8 5 41
195 8 8 45
195 8 9 45
195 8 10 45
195 8 11 42
195 8 13 43
196 2 1 12
196 2 2 11
196 2 4 11
196 2 6 13
196 2 7 12
196 2 9 14
196 2 10 14
196 2 13 12
196 9 0 11
196 9 4 10
196 9 6 10
196 9 7 12
196 9 9 11
196 9 12 13
196 9 13 13
196 9 14 11
196 10 2 11
196 10 3 10
196 10 4 10
196 10 5 12
196 10 7 11
196 10 8 13
196 10 11 13
196 10 12 11
197 4 0 42
197 4 5 44
197 4 6 44
197 4 7 48
197 4 9 48
197 4 10 48
197 4 11 45
197 4 12 46
197 10 2 47
197 10 3 51
197 10 4 45
197 10 5 45
197 10 7 51
197 10 8 45
197 10 11 52
197 10 12 51
197 11 0 40
197 11 3 42
197 11 6 42
197 11 7 46
197 11 10 46
197 11 12 46
197 11 13 43
197 11 14 44
197 12 0 40
197 12 1 42
197 12 2 42
197 12 4 46
197 12 5 46
197 12 6 46
197 12 8 43
197 12 11 44
198 0 2 48
198 0 5 54
198 0 6 54
198 0 8 47
198 0 9 48
198 0 10 50
198 0 12 54
198 0 13 54
198 3 6 50
198 3 7 54
198 3 8 48
198 3 9 48
198 3 10 54
198 3 11 48
198 3 12 55
198 3 14 54
198 5 1 43
198 5 2 45
198 5 3 45
198 5 7 49
198 5 8 49
198 5 11 49
198 5 12 46
198 5 14 47
198 6 1 43
198 6 2 45
198 6 3 45
198 6 4 49
198 6 8 49
198 6 9 49
198 6 12 46
198 6 14 47
198 9 0 50
198 9 4 54
198 9 6 48
198 9 7 48
198 9 9 54
198 9 12 48
198 9 13 55
198 9 14 54
199 0 2 69
199 0 5 66
199 0 6 68
199 0 8 73
199 0 9 69
199 0 10 80
199 0 12 80
199 0 13 71
199 5 1 68
199 5 2 75
199 5 3 75
199 5 7 69
199 5 8 69
199 5 11 69
199 5 12 76
199 5 14 72
199 7 0 68
199 7 5 65
199 7 7 67
199 7 8 72
199 7 9 68
199 7 10 79
199 7 11 79
199 7 14 70
199 10 2 73
199 10 3 70
199 10 4 72
199 10 5 77
199 10 7 73
199 10 8 84
199 10 11 84
199 10 12 75
200 0 2 68
200 0 5 70
200 0 6 68
200 0 8 72
200 0 9 70
200 0 10 72
200 0 12 69
200 0 13 62
200 1 0 70
200 1 1 72
200 1 3 70
200 1 5 74
200 1 8 72
200 1 9 74
200 1 11 71
200 1 12 64
200 4 0 68
200 4 5 70
200 4 6 68
200 4 7 72
200 4 9 70
200 4 10 72
200 4 11 69
200 4 12 62
200 6 1 67
200 6 2 64
200 6 3 66
200 6 4 71
200 6 8 67
200 6 9 78
200 6 12 78
200 6 14 69
201 1 0 22
201 1 1 20
201 1 3 20
201 1 5 20
201 1 8 20
201 1 9 20
201 1 11 21
201 1 12 20
201 5 1 20
201 5 2 18
201 5 3 18
201 5 7 18
201 5 8 18
201 5 11 18
201 5 12 19
201 5 14 18
201 11 0 20
201 11 3 18
201 11 6 18
201 11 7 18
201 11 10 18
201 11 12 18
201 11 13 19
201 11 14 18
201 13 0 20
201 13 2 18
201 13 4 18
201 13 5 18
201 13 6 18
201 13 7 18
201 13 11 19
201 13 14 18
201 14 1 20
201 14 6 18
201 14 7 18
201 14 8 18
201 14 10 18
201 14 11 18
201 14 12 19
201 14 13 18
202 2 1 91
202 2 2 83
202 2 4 83
202 2 6 89
202 2 7 83
202 2 9 83
202 2 10 78
202 2 13 83
202 4 0 74
202 4 5 71
202 4 6 73
202 4 7 78
202 4 9 74
202 4 10 85
202 4 11 85
202 4 12 76
202 11 0 74
202 11 3 71
202 11 6 73
202 11 7 78
202 11 10 74
202 11 12 85
202 11 13 85
202 11 14 76
203 5 1 43
203 5 2 45
203 5 3 45
203 5 7 49
203 5 8 49
203 5 11 49
203 5 12 46
203 5 14 47
203 8 0 50
203 8 4 54
203 8 5 48
203 8 8 48
203 8 9 54
203 8 10 48
203 8 11 55
203 8 13 54
203 10 2 50
203 10 3 54
203 10 4 48
203 10 5 48
203 10 7 54
203 10 8 48
203 10 11 55
203 10 12 54
204 0 2 43
204 0 5 45
204 0 6 45
204 0 8 49
204 0 9 49
204 0 10 49
204 0 12 46
204 0 13 47
204 5 1 50
204 5 2 54
204 5 3 48
204 5 7 48
204 5 8 54
204 5 11 48
204 5 12 55
204 5 14 54
204 7 0 50
204 7 5 54
204 7 7 48
204 7 8 48
204 7 9 54
204 7 10 48
204 7 11 55
204 7 14 54
204 10 2 42
204 10 3 44
204 10 4 44
204 10 5 48
204 10 7 48
204 10 8 48
204 10 11 45
204 10 12 46
204 13 0 43
204 13 2 45
204 13 4 45
204 13 5 49
204 13 6 49
204 13 7 49
204 13 11 46
204 13 14 47
205 2 1 99
205 2 2 91
205 2 4 101
205 2 6 105
205 2 7 95
205 2 9 105
205 2 10 92
205 2 13 103
205 5 1 91
205 5 2 83
205 5 3 93
205 5 7 97
205 5 8 87
205 5 11 97
205 5 12 84
205 5 14 95
205 9 0 104
205 9 4 110
205 9 6 110
205 9 7 92
205 9 9 104
205 9 12 106
205 9 13 99
205 9 14 110
206 1 0 96
206 1 1 88
206 1 3 98
206 1 5 102
206 1 8 92
206 1 9 102
206 1 11 89
206 1 12 100
206 11 0 93
206 11 3 85
206 11 6 85
206 11 7 91
206 11 10 85
206 11 12 85
206 11 13 80
206 11 14 85
206 12 0 98
206 12 1 90
206 12 2 100
206 12 4 104
206 12 5 94
206 12 6 104
206 12 8 91
206 12 11 102
207 2 1 37
207 2 2 39
207 2 4 39
207 2 6 43
207 2 7 43
207 2 9 43
207 2 10 40
207 2 13 41
207 6 1 39
207 6 2 41
207 6 3 41
207 6 4 45
207 6 8 45
207 6 9 45
207 6 12 42
207 6 14 43
207 12 0 39
207 12 1 41
207 12 2 41
207 12 4 45
207 12 5 45
207 12 6 45
207 12 8 42
207 12 11 43
208 4 0 43
208 4 5 45
208 4 6 45
208 4 7 49
208 4 9 49
208 4 10 49
208 4 11 46
208 4 12 47
208 8 0 48
208 8 4 52
208 8 5 46
208 8 8 46
208 8 9 52
208 8 10 46
208 8 11 53
208 8 13 52
208 12 0 41
208 12 1 43
208 12 2 43
208 12 4 47
208 12 5 47
208 12 6 47
208 12 8 44
208 12 11 45
209 1 0 16
209 1 1 15
209 1 3 15
209 1 5 17
209 1 8 16
209 1 9 18
209 1 11 18
209 1 12 16
209 2 1 15
209 2 2 14
209 2 4 14
209 2 6 16
209 2 7 15
209 2 9 17
209 2 10 17
209 2 13 15
209 5 1 15
209 5 2 14
209 5 3 14
209 5 7 16
209 5 8 15
209 5 11 17
209 5 12 17
209 5 14 15
210 2 1 41
210 2 2 42
210 2 4 42
210 2 6 39
210 2 7 42
210 2 9 42
210 2 10 37
210 2 13 42
210 8 0 37
210 8 4 39
210 8 5 39
210 8 8 43
210 8 9 43
210 8 10 43
210 8 11 40
210 8 13 41
210 11 0 37
210 11 3 39
210 11 6 39
210 11 7 43
210 11 10 43
210 11 12 43
210 11 13 40
210 11 14 41
211 5 1 10
211 5 2 9
211 5 3 9
211 5 7 11
211 5 8 10
211 5 11 12
211 5 12 12
211 5 14 10
211 6 1 11
211 6 2 9
211 6 3 9
211 6 4 9
211 6 8 9
211 6 9 9
211 6 12 10
211 6 14 9
211 10 2 11
211 10 3 9
211 10 4 9
211 10 5 9
211 10 7 9
211 10 8 9
211 10 11 10
211 10 12 9
211 11 0 11
211 11 3 10
211 11 6 10
211 11 7 12
211 11 10 11
211 11 12 13
211 11 13 13
211 11 14 11
211 13 0 10
211 13 2 9
211 13 4 9
211 13 5 11
211 13 6 10
211 13 7 12
211 13 11 12
211 13 14 10
212 0 2 36
212 0 5 34
212 0 6 35
212 0 8 38
212 0 9 36
212 0 10 41
212 0 12 41
212 0 13 37
212 4 0 41
212 4 5 42
212 4 6 42
212 4 7 39
212 4 9 42
212 4 10 42
212 4 11 37
212 4 12 42
212 6 1 41
212 6 2 42
212 6 3 42
212 6 4 39
212 6 8 42
212 6 9 42
212 6 12 37
212 6 14 42
212 9 0 39
212 9 4 41
212 9 6 41
212 9 7 45
212 9 9 45
212 9 12 45
212 9 13 42
212 9 14 43
213 1 0 14
213 1 1 13
213 1 3 13
213 1 5 15
213 1 8 14
213 1 9 16
213 1 11 16
213 1 12 14
213 9 0 13
213 9 4 12
213 9 6 12
213 9 7 14
213 9 9 13
213 9 12 15
213 9 13 15
213 9 14 13
213 10 2 13
213 10 3 12
213 10 4 12
213 10 5 14
213 10 7 13
213 10 8 15
213 10 11 15
213 10 12 13
213 11 0 15
213 11 3 14
213 11 6 14
213 11 7 16
213 11 10 15
213 11 12 17
213 11 13 17
213 11 14 15
214 3 6 35
214 3 7 33
214 3 8 34
214 3 9 37
214 3 10 35
214 3 11 40
214 3 12 40
214 3 14 36
214 8 0 33
214 8 4 31
214 8 5 32
214 8 8 35
214 8 9 33
214 8 10 38
214 8 11 38
214 8 13 34
214 14 1 34
214 14 6 32
214 14 7 33
214 14 8 36
214 14 10 34
214 14 11 39
214 14 12 39
214 14 13 35
215 7 0 93
215 7 5 85
215 7 7 95
215 7 8 99
215 7 9 89
215 7 10 99
215 7 11 86
215 7 14 97
215 11 0 90
215 11 3 82
215 11 6 82
215 11 7 88
215 11 10 82
215 11 12 82
215 11 13 77
215 11 14 82
215 12 0 95
215 12 1 87
215 12 2 97
215 12 4 101
215 12 5 91
215 12 6 101
215 12 8 88
215 12 11 99
216 2 1 13
216 2 2 12
216 2 4 12
216 2 6 14
216 2 7 13
216 2 9 15
216 2 10 15
216 2 13 13
216 4 0 12
216 4 5 11
216 4 6 11
216 4 7 13
216 4 9 12
216 4 10 14
216 4 11 14
216 4 12 12
216 13 0 12
216 13 2 11
216 13 4 11
216 13 5 13
216 13 6 12
216 13 7 14
216 13 11 14
216 13 14 12
217 2 1 37
217 2 2 39
217 2 4 39
217 2 6 43
217 2 7 43
217 2 9 43
217 2 10 40
217 2 13 41
217 6 1 39
217 6 2 41
217 6 3 41
217 6 4 45
217 6 8 45
217 6 9 45
217 6 12 42
217 6 14 43
217 8 0 39
217 8 4 41
217 8 5 41
217 8 8 45
217 8 9 45
217 8 10 45
217 8 11 42
217 8 13 43
218 1 0 28
218 1 1 30
218 1 3 28
218 1 5 32
218 1 8 30
218 1 9 32
218 1 11 29
218 1 12 29
218 10 2 27
218 10 3 25
218 10 4 25
218 10 5 25
218 10 7 25
218 10 8 25
218 10 11 26
218 10 12 25
218 11 0 28
218 11 3 26
218 11 6 26
218 11 7 26
218 11 10 26
218 11 12 26
218 11 13 27
218 11 14 26
218 14 1 30
218 14 6 28
218 14 7 29
218 14 8 32
218 14 10 30
218 14 11 35
218 14 12 35
218 14 13 31
219 0 2 22
219 0 5 20
219 0 6 20
219 0 8 20
219 0 9 20
219 0 10 20
219 0 12 21
219 0 13 20
219 8 0 20
219 8 4 18
219 8 5 18
219 8 8 18
219 8 9 18
219 8 10 18
219 8 11 19
219 8 13 18
219 14 1 20
219 14 6 18
219 14 7 18
219 14 8 18
219 14 10 18
219 14 11 18
219 14 12 19
219 14 13 18
220 6 1 94
220 6 2 86
220 6 3 96
220 6 4 100
220 6 8 90
220 6 9 100
220 6 12 87
220 6 14 98
220 8 0 91
220 8 4 83
220 8 5 83
220 8 8 89
220 8 9 83
220 8 10 83
220 8 11 78
220 8 13 83
220 12 0 91
220 12 1 83
220 12 2 83
220 12 4 89
220 12 5 83
220 12 6 83
220 12 8 78
220 12 11 83
221 6 1 12
221 6 2 11
221 6 3 11
221 6 4 13
221 6 8 12
221 6 9 14
221 6 12 14
221 6 14 12
221 13 0 11
221 13 2 10
221 13 4 10
221 13 5 12
221 13 6 11
221 13 7 13
221 13 11 13
221 13 14 11
221 14 1 11
221 14 6 10
221 14 7 10
221 14 8 12
221 14 10 11
221 14 11 13
221 14 12 13
221 14 13 11
222 0 2 28
222 0 5 26
222 0 6 26
222 0 8 26
222 0 9 26
222 0 10 26
222 0 12 27
222 0 13 26
222 3 6 26
222 3 7 24
222 3 8 24
222 3 9 24
222 3 10 24
222 3 11 24
222 3 12 25
222 3 14 24
222 10 2 27
222 10 3 25
222 10 4 25
222 10 5 25
222 10 7 25
222 10 8 25
222 10 11 26
222 10 12 25
222 13 0 29
222 13 2 27
222 13 4 28
222 13 5 31
222 13 6 29
222 13 7 34
222 13 11 34
222 13 14 30
223 1 0 12
223 1 1 11
223 1 3 11
223 1 5 13
223 1 8 12
223 1 9 14
223 1 11 14
223 1 12 12
223 3 6 11
223 3 7 10
223 3 8 10
223 3 9 12
223 3 10 11
223 3 11 13
223 3 12 13
223 3 14 11
223 5 1 11
223 5 2 10
223 5 3 10
223 5 7 12
223 5 8 11
223 5 11 13
223 5 12 13
223 5 14 11
223 6 1 13
223 6 2 12
223 6 3 12
223 6 4 14
223 6 8 13
223 6 9 15
223 6 12 15
223 6 14 13
223 8 0 12
223 8 4 11
223 8 5 11
223 8 8 13
223 8 9 12
223 8 10 14
223 8 11 14
223 8 13 12
224 2 1 11
224 2 2 10
224 2 4 10
224 2 6 12
224 2 7 11
224 2 9 13
224 2 10 13
224 2 13 11
224 11 0 10
224 11 3 9
224 11 6 9
224 11 7 11
224 11 10 10
224 11 12 12
224 11 13 12
224 11 14 10
224 12 0 10
224 12 1 9
224 12 2 9
224 12 4 11
224 12 5 10
224 12 6 12
224 12 8 12
224 12 11 10
225 9 0 16
225 9 4 15
225 9 6 15
225 9 7 17
225 9 9 16
225 9 12 18
225 9 13 18
225 9 14 16
225 12 0 15
225 12 1 14
225 12 2 14
225 12 4 16
225 12 5 15
225 12 6 17
225 12 8 17
225 12 11 15
225 13 0 15
225 13 2 14
225 13 4 14
225 13 5 16
225 13 6 15
225 13 7 17
225 13 11 17
225 13 14 15
225 14 1 17
225 14 6 16
225 14 7 16
225 14 8 18
225 14 10 17
225 14 11 19
225 14 12 19
225 14 13 17
226 1 0 47
226 1 1 51
226 1 3 45
226 1 5 45
226 1 8 51
226 1 9 45
226 1 11 52
226 1 12 51
226 6 1 51
226 6 2 55
226 6 3 49
226 6 4 49
226 6 8 55
226 6 9 49
226 6 12 56
226 6 14 55
226 7 0 44
226 7 5 46
226 7 7 46
226 7 8 50
226 7 9 50
226 7 10 50
226 7 11 47
226 7 14 48
226 11 0 44
226 11 3 46
226 11 6 46
226 11 7 50
226 11 10 50
226 11 12 50
226 11 13 47
226 11 14 48
226 12 0 51
226 12 1 55
226 12 2 49
226 12 4 49
226 12 5 55
226 12 6 49
226 12 8 56
226 12 11 55
227 2 1 93
227 2 2 85
227 2 4 85
227 2 6 91
227 2 7 85
227 2 9 85
227 2 10 80
227 2 13 85
227 3 6 81
227 3 7 81
227 3 8 85
227 3 9 76
227 3 10 82
227 3 11 81
227 3 12 88
227 3 14 88
227 8 0 81
227 8 4 81
227 8 5 85
227 8 8 76
227 8 9 82
227 8 10 81
227 8 11 88
227 8 13 88
227 9 0 91
227 9 4 83
227 9 6 83
227 9 7 89
227 9 9 83
227 9 12 83
227 9 13 78
227 9 14 83
228 1 0 68
228 1 1 70
228 1 3 68
228 1 5 72
228 1 8 70
228 1 9 72
228 1 11 69
228 1 12 62
228 2 1 65
228 2 2 67
228 2 4 65
228 2 6 69
228 2 7 67
228 2 9 69
228 2 10 66
228 2 13 59
228 7 0 67
228 7 5 69
228 7 7 67
228 7 8 71
228 7 9 69
228 7 10 71
228 7 11 68
228 7 14 61
228 11 0 67
228 11 3 64
228 11 6 66
228 11 7 71
228 11 10 67
228 11 12 78
228 11 13 78
228 11 14 69
228 12 0 68
228 12 1 70
228 12 2 68
228 12 4 72
228 12 5 70
228 12 6 72
228 12 8 69
228 12 11 62
229 10 2 27
229 10 3 25
229 10 4 25
229 10 5 25
229 10 7 25
229 10 8 25
229 10 11 26
229 10 12 25
229 13 0 28
229 13 2 30
229 13 4 28
229 13 5 32
229 13 6 30
229 13 7 32
229 13 11 29
229 13 14 29
229 14 1 27
229 14 6 25
229 14 7 25
229 14 8 25
229 14 10 25
229 14 11 25
229 14 12 26
229 14 13 25
230 0 2 14
230 0 5 13
230 0 6 13
230 0 8 15
230 0 9 14
230 0 10 16
230 0 12 16
230 0 13 14
230 1 0 13
230 1 1 12
230 1 3 12
230 1 5 14
230 1 8 13
230 1 9 15
230 1 11 15
230 1 12 13
230 4 0 13
230 4 5 12
230 4 6 12
230 4 7 14
230 4 9 13
230 4 10 15
230 4 11 15
230 4 12 13
230 11 0 15
230 11 3 14
230 11 6 14
230 11 7 16
230 11 10 15
230 11 12 17
230 11 13 17
230 11 14 15
230 13 0 14
230 13 2 13
230 13 4 13
230 13 5 15
230 13 6 14
230 13 7 16
230 13 11 16
230 13 14 14
231 5 1 20
231 5 2 18
231 5 3 18
231 5 7 18
231 5 8 18
231 5 11 18
231 5 12 19
231 5 14 18
231 6 1 18
231 6 2 17
231 6 3 17
231 6 4 19
231 6 8 18
231 6 9 20
231 6 12 20
231 6 14 18
231 8 0 18
231 8 4 17
231 8 5 17
231 8 8 19
231 8 9 18
231 8 10 20
231 8 11 20
231 8 13 18
231 11 0 18
231 11 3 17
231 11 6 17
231 11 7 19
231 11 10 18
231 11 12 20
231 11 13 20
231 11 14 18
231 14 1 18
231 14 6 17
231 14 7 17
231 14 8 19
231 14 10 18
231 14 11 20
231 14 12 20
231 14 13 18
232 4 0 17
232 4 5 16
232 4 6 16
232 4 7 18
232 4 9 17
232 4 10 19
232 4 11 19
232 4 12 17
232 5 1 18
232 5 2 20
232 5 3 20
232 5 7 19
232 5 8 19
232 5 11 19
232 5 12 21
232 5 14 22
232 11 0 18
232 11 3 20
232 11 6 20
232 11 7 19
232 11 10 19
232 11 12 19
232 11 13 21
232 11 14 22
233 3 6 31
233 3 7 29
233 3 8 30
233 3 9 33
233 3 10 31
233 3 11 36
233 3 12 36
233 3 14 32
233 5 1 29
233 5 2 27
233 5 3 28
233 5 7 31
233 5 8 29
233 5 11 34
233 5 12 34
233 5 14 30
233 8 0 30
233 8 4 28
233 8 5 29
233 8 8 32
233 8 9 30
233 8 10 35
233 8 11 35
233 8 13 31
233 11 0 33
233 11 3 31
233 11 6 32
233 11 7 35
233 11 10 33
233 11 12 38
233 11 13 38
233 11 14 34
233 14 1 31
233 14 6 29
233 14 7 30
233 14 8 33
233 14 10 31
233 14 11 36
233 14 12 36
233 14 13 32
234 6 1 68
234 6 2 70
234 6 3 68
234 6 4 72
234 6 8 70
234 6 9 72
234 6 12 69
234 6 14 62
234 7 0 65
234 7 5 67
234 7 7 65
234 7 8 69
234 7 9 67
234 7 10 69
234 7 11 66
234 7 14 59
234 9 0 67
234 9 4 69
234 9 6 67
234 9 7 71
234 9 9 69
234 9 12 71
234 9 13 68
234 9 14 61
234 12 0 67
234 12 1 64
234 12 2 66
234 12 4 71
234 12 5 67
234 12 6 78
234 12 8 78
234 12 11 69
234 14 1 68
234 14 6 70
234 14 7 68
234 14 8 72
234 14 10 70
234 14 11 72
234 14 12 69
234 14 13 62
235 0 2 67
235 0 5 64
235 0 6 66
235 0 8 71
235 0 9 67
235 0 10 78
235 0 12 78
235 0 13 69
235 1 0 69
235 1 1 71
235 1 3 69
235 1 5 73
235 1 8 71
235 1 9 73
235 1 11 70
235 1 12 63
235 5 1 68
235 5 2 75
235 5 3 75
235 5 7 69
235 5 8 69
235 5 11 69
235 5 12 76
235 5 14 72
236 1 0 68
236 1 1 70
236 1 3 68
236 1 5 72
236 1 8 70
236 1 9 72
236 1 11 69
236 1 12 62
236 5 1 70
236 5 2 72
236 5 3 70
236 5 7 74
236 5 8 72
236 5 11 74
236 5 12 71
236 5 14 64
236 6 1 68
236 6 2 70
236 6 3 68
236 6 4 72
236 6 8 70
236 6 9 72
236 6 12 69
236 6 14 62
236 10 2 67
236 10 3 64
236 10 4 66
236 10 5 71
236 10 7 67
236 10 8 78
236 10 11 78
236 10 12 69
236 11 0 70
236 11 3 72
236 11 6 70
236 11 7 74
236 11 10 72
236 11 12 74
236 11 13 71
236 11 14 64
237 2 1 92
237 2 2 84
237 2 4 94
237 2 6 98
237 2 7 88
237 2 9 98
237 2 10 85
237 2 13 96
237 3 6 89
237 3 7 81
237 3 8 81
237 3 9 87
237 3 10 81
237 3 11 81
237 3 12 76
237 3 14 81
237 6 1 94
237 6 2 86
237 6 3 96
237 6 4 100
237 6 8 90
237 6 9 100
237 6 12 87
237 6 14 98
237 10 2 98
237 10 3 90
237 10 4 100
237 10 5 104
237 10 7 94
237 10 8 104
237 10 11 91
237 10 12 102
238 1 0 18
238 1 1 20
238 1 3 20
238 1 5 19
238 1 8 19
238 1 9 19
238 1 11 21
238 1 12 22
238 4 0 17
238 4 5 16
238 4 6 16
238 4 7 18
238 4 9 17
238 4 10 19
238 4 11 19
238 4 12 17
238 6 1 17
238 6 2 16
238 6 3 16
238 6 4 18
238 6 8 17
238 6 9 19
238 6 12 19
238 6 14 17
238 8 0 17
238 8 4 16
238 8 5 16
238 8 8 18
238 8 9 17
238 8 10 19
238 8 11 19
238 8 13 17
238 14 1 17
238 14 6 16
238 14 7 16
238 14 8 18
238 14 10 17
238 14 11 19
238 14 12 19
238 14 13 17
239 0 2 27
239 0 5 25
239 0 6 25
239 0 8 25
239 0 9 25
239 0 10 25
239 0 12 26
239 0 13 25
239 7 0 25
239 7 5 23
239 7 7 23
239 7 8 23
239 7 9 23
239 7 10 23
239 7 11 24
239 7 14 23
239 14 1 25
239 14 6 23
239 14 7 23
239 14 8 23
239 14 10 23
239 14 11 23
239 14 12 24
239 14 13 23
240 2 1 39
240 2 2 41
240 2 4 41
240 2 6 45
240 2 7 45
240 2 9 45
240 2 10 42
240 2 13 43
240 3 6 41
240 3 7 43
240 3 8 43
240 3 9 47
240 3 10 47
240 3 11 47
240 3 12 44
240 3 14 45
240 7 0 41
240 7 5 43
240 7 7 43
240 7 8 47
240 7 9 47
240 7 10 47
240 7 11 44
240 7 14 45
240 8 0 48
240 8 4 54
240 8 5 54
240 8 8 47
240 8 9 48
240 8 10 50
240 8 11 54
240 8 13 54
240 9 0 48
240 9 4 54
240 9 6 54
240 9 7 47
240 9 9 48
240 9 12 50
240 9 13 54
240 9 14 54
241 9 0 68
241 9 4 75
241 9 6 75
241 9 7 69
241 9 9 69
241 9 12 69
241 9 13 76
241 9 14 72
241 11 0 68
241 11 3 70
241 11 6 68
241 11 7 72
241 11 10 70
241 11 12 72
241 11 13 69
241 11 14 62
241 12 0 70
241 12 1 72
241 12 2 70
241 12 4 74
241 12 5 72
241 12 6 74
241 12 8 71
241 12 11 64
242 3 6 63
242 3 7 65
242 3 8 63
242 3 9 67
242 3 10 65
242 3 11 67
242 3 12 64
242 3 14 57
242 7 0 67
242 7 5 69
242 7 7 67
242 7 8 71
242 7 9 69
242 7 10 71
242 7 11 68
242 7 14 61
242 12 0 62
242 12 1 64
242 12 2 62
242 12 4 66
242 12 5 64
242 12 6 66
242 12 8 63
242 12 11 56
242 14 1 52
242 14 6 56
242 14 7 50
242 14 8 50
242 14 10 56
242 14 11 50
242 14 12 57
242 14 13 56
243 1 0 96
243 1 1 88
243 1 3 98
243 1 5 102
243 1 8 92
243 1 9 102
243 1 11 89
243 1 12 100
243 3 6 93
243 3 7 85
243 3 8 85
243 3 9 91
243 3 10 85
243 3 11 85
243 3 12 80
243 3 14 85
243 9 0 98
243 9 4 90
243 9 6 100
243 9 7 104
243 9 9 94
243 9 12 104
243 9 13 91
243 9 14 102
243 14 1 105
243 14 6 111
243 14 7 111
243 14 8 93
243 14 10 105
243 14 11 107
243 14 12 100
243 14 13 111
244 0 2 48
244 0 5 54
244 0 6 54
244 0 8 47
244 0 9 48
244 0 10 50
244 0 12 54
244 0 13 54
244 7 0 50
244 7 5 54
244 7 7 48
244 7 8 48
244 7 9 54
244 7 10 48
244 7 11 55
244 7 14 54
244 8 0 43
244 8 4 45
244 8 5 45
244 8 8 49
244 8 9 49
244 8 10 49
244 8 11 46
244 8 13 47
244 10 2 43
244 10 3 45
244 10 4 45
244 10 5 49
244 10 7 49
244 10 8 49
244 10 11 46
244 10 12 47
244 12 0 50
244 12 1 54
244 12 2 48
244 12 4 48
244 12 5 54
244 12 6 48
244 12 8 55
244 12 11 54
245 0 2 23
245 0 5 21
245 0 6 21
245 0 8 21
245 0 9 21
245 0 10 21
245 0 12 22
245 0 13 21
245 8 0 21
245 8 4 19
245 8 5 19
245 8 8 19
245 8 9 19
245 8 10 19
245 8 11 20
245 8 13 19
245 9 0 21
245 9 4 19
245 9 6 19
245 9 7 19
245 9 9 19
245 9 12 19
245 9 13 20
245 9 14 19
245 10 2 21
245 10 3 19
245 10 4 19
245 10 5 19
245 10 7 19
245 10 8 19
245 10 11 20
245 10 12 19
245 14 1 21
245 14 6 19
245 14 7 19
245 14 8 19
245 14 10 19
245 14 11 19
245 14 12 20
245 14 13 19
246 0 2 29
246 0 5 27
246 0 6 28
246 0 8 31
246 0 9 29
246 0 10 34
246 0 12 34
246 0 13 30
246 1 0 28
246 1 1 26
246 1 3 26
246 1 5 26
246 1 8 26
246 1 9 26
246 1 11 27
246 1 12 26
246 4 0 28
246 4 5 30
246 4 6 28
246 4 7 32
246 4 9 30
246 4 10 32
246 4 11 29
246 4 12 29
246 10 2 31
246 10 3 29
246 10 4 30
246 10 5 33
246 10 7 31
246 10 8 36
246 10 11 36
246 10 12 32
247 8 0 20
247 8 4 18
247 8 5 18
247 8 8 18
247 8 9 18
247 8 10 18
247 8 11 19
247 8 13 18
247 12 0 18
247 12 1 17
247 12 2 17
247 12 4 19
247 12 5 18
247 12 6 20
247 12 8 20
247 12 11 18
247 14 1 18
247 14 6 17
247 14 7 17
247 14 8 19
247 14 10 18
247 14 11 20
247 14 12 20
247 14 13 18
248 3 6 69
248 3 7 71
248 3 8 69
248 3 9 73
248 3 10 71
248 3 11 73
248 3 12 70
248 3 14 63
248 6 1 68
248 6 2 75
248 6 3 75
248 6 4 69
248 6 8 69
248 6 9 69
248 6 12 76
248 6 14 72
248 10 2 69
248 10 3 71
248 10 4 69
248 10 5 73
248 10 7 71
248 10 8 73
248 10 11 70
248 10 12 63
249 2 1 16
249 2 2 15
249 2 4 15
249 2 6 17
249 2 7 16
249 2 9 18
249 2 10 18
249 2 13 16
249 8 0 15
249 8 4 14
249 8 5 14
249 8 8 16
249 8 9 15
249 8 10 17
249 8 11 17
249 8 13 15
249 9 0 15
249 9 4 14
249 9 6 14
249 9 7 16
249 9 9 15
249 9 12 17
249 9 13 17
249 9 14 15
249 13 0 17
249 13 2 16
249 13 4 16
249 13 5 18
249 13 6 17
249 13 7 19
249 13 11 19
249 13 14 17
250 0 2 34
250 0 5 32
250 0 6 33
250 0 8 36
250 0 9 34
250 0 10 39
250 0 12 39
250 0 13 35
250 5 1 32
250 5 2 30
250 5 3 31
250 5 7 34
250 5 8 32
250 5 11 37
250 5 12 37
250 5 14 33
250 6 1 33
250 6 2 31
250 6 3 32
250 6 4 35
250 6 8 33
250 6 9 38
250 6 12 38
250 6 14 34
250 13 0 36
250 13 2 34
250 13 4 35
250 13 5 38
250 13 6 36
250 13 7 41
250 13 11 41
250 13 14 37
251 0 2 94
251 0 5 86
251 0 6 96
251 0 8 100
251 0 9 90
251 0 10 100
251 0 12 87
251 0 13 98
251 6 1 91
251 6 2 83
251 6 3 83
251 6 4 89
251 6 8 83
251 6 9 83
251 6 12 78
251 6 14 83
251 7 0 96
251 7 5 88
251 7 7 98
251 7 8 102
251 7 9 92
251 7 10 102
251 7 11 89
251 7 14 100
252 3 6 12
252 3 7 11
252 3 8 11
252 3 9 13
252 3 10 12
252 3 11 14
252 3 12 14
252 3 14 12
252 10 2 11
252 10 3 10
252 10 4 10
252 10 5 12
252 10 7 11
252 10 8 13
252 10 11 13
252 10 12 11
252 13 0 11
252 13 2 10
252 13 4 10
252 13 5 12
252 13 6 11
252 13 7 13
252 13 11 13
252 13 14 11
253 2 1 10
253 2 2 9
253 2 4 9
253 2 6 11
253 2 7 10
253 2 9 12
253 2 10 12
253 2 13 10
253 4 0 8
253 4 5 8
253 4 6 8
253 4 7 9
253 4 9 8
253 4 10 9
253 4 11 9
253 4 12 8
253 7 0 8
253 7 5 8
253 7 7 8
253 7 8 9
253 7 9 8
253 7 10 9
253 7 11 9
253 7 14 8
253 11 0 8
253 11 3 8
253 11 6 8
253 11 7 9
253 11 10 8
253 11 12 9
253 11 13 9
253 11 14 8
254 0 2 17
254 0 5 16
254 0 6 16
254 0 8 18
254 0 9 17
254 0 10 19
254 0 12 19
254 0 13 17
254 1 0 16
254 1 1 15
254 1 3 15
254 1 5 17
254 1 8 16
254 1 9 18
254 1 11 18
254 1 12 16
254 11 0 16
254 11 3 15
254 11 6 15
254 11 7 17
254 11 10 16
254 11 12 18
254 11 13 18
254 11 14 16
254 13 0 18
254 13 2 17
254 13 4 17
254 13 5 19
254 13 6 18
254 13 7 20
254 13 11 20
254 13 14 18
255 4 0 28
255 4 5 26
255 4 6 26
255 4 7 26
255 4 9 26
255 4 10 26
255 4 11 27
255 4 12 26
255 8 0 26
255 8 4 24
255 8 5 24
255 8 8 24
255 8 9 24
255 8 10 24
255 8 11 25
255 8 13 24
255 12 0 27
255 12 1 25
255 12 2 25
255 12 4 25
255 12 5 25
255 12 6 25
255 12 8 26
255 12 11 25
256 5 1 43
256 5 2 45
256 5 3 45
256 5 7 49
256 5 8 49
256 5 11 49
256 5 12 46
256 5 14 47
256 10 2 50
256 10 3 54
256 10 4 48
256 10 5 48
256 10 7 54
256 10 8 48
256 10 11 55
256 10 12 54
256 11 0 50
256 11 3 54
256 11 6 48
256 11 7 48
256 11 10 54
256 11 12 48
256 11 13 55
256 11 14 54
256 13 0 42
256 13 2 44
256 13 4 44
256 13 5 48
256 13 6 48
256 13 7 48
256 13 11 45
256 13 14 46
257 0 2 31
257 0 5 29
257 0 6 30
257 0 8 33
257 0 9 31
257 0 10 36
257 0 12 36
257 0 13 32
257 5 1 29
257 5 2 27
257 5 3 28
257 5 7 31
257 5 8 29
257 5 11 34
257 5 12 34
257 5 14 30
257 6 1 30
257 6 2 28
257 6 3 29
257 6 4 32
257 6 8 30
257 6 9 35
257 6 12 35
257 6 14 31
257 7 0 33
257 7 5 31
257 7 7 32
257 7 8 35
257 7 9 33
257 7 10 38
257 7 11 38
257 7 14 34
258 1 0 30
258 1 1 28
258 1 3 29
258 1 5 32
258 1 8 30
258 1 9 35
258 1 11 35
258 1 12 31
258 5 1 28
258 5 2 30
258 5 3 28
258 5 7 32
258 5 8 30
258 5 11 32
258 5 12 29
258 5 14 29
258 8 0 29
258 8 4 27
258 8 5 28
258 8 8 31
258 8 9 29
258 8 10 34
258 8 11 34
258 8 13 30
259 3 6 37
259 3 7 39
259 3 8 39
259 3 9 43
259 3 10 43
259 3 11 43
259 3 12 40
259 3 14 41
259 8 0 39
259 8 4 41
259 8 5 41
259 8 8 45
259 8 9 45
259 8 10 45
259 8 11 42
259 8 13 43
259 9 0 39
259 9 4 41
259 9 6 41
259 9 7 45
259 9 9 45
259 9 12 45
259 9 13 42
259 9 14 43
259 13 0 43
259 13 2 45
259 13 4 45
259 13 5 49
259 13 6 49
259 13 7 49
259 13 11 46
259 13 14 47
260 3 6 94
260 3 7 86
260 3 8 96
260 3 9 100
260 3 10 90
260 3 11 100
260 3 12 87
260 3 14 98
260 4 0 91
260 4 5 83
260 4 6 83
260 4 7 89
260 4 9 83
260 4 10 83
260 4 11 78
260 4 12 83
260 5 1 91
260 5 2 83
260 5 3 83
260 5 7 89
260 5 8 83
260 5 11 83
260 5 12 78
260 5 14 83
260 11 0 92
260 11 3 84
260 11 6 94
260 11 7 98
260 11 10 88
260 11 12 98
260 11 13 85
260 11 14 96
260 12 0 91
260 12 1 83
260 12 2 83
260 12 4 89
260 12 5 83
260 12 6 83
260 12 8 78
260 12 11 83
261 1 0 51
261 1 1 55
261 1 3 49
261 1 5 49
261 1 8 55
261 1 9 49
261 1 11 56
261 1 12 55
261 12 0 55
261 12 1 59
261 12 2 53
261 12 4 53
261 12 5 59
261 12 6 53
261 12 8 60
261 12 11 59
261 13 0 49
261 13 2 53
261 13 4 47
261 13 5 47
261 13 6 53
261 13 7 47
261 13 11 54
261 13 14 53
261 14 1 49
261 14 6 53
261 14 7 47
261 14 8 47
261 14 10 53
261 14 11 47
261 14 12 54
261 14 13 53
262 3 6 92
262 3 7 84
262 3 8 94
262 3 9 98
262 3 10 88
262 3 11 98
262 3 12 85
262 3 14 96
262 4 0 89
262 4 5 81
262 4 6 81
262 4 7 87
262 4 9 81
262 4 10 81
262 4 11 76
262 4 12 81
262 8 0 94
262 8 4 86
262 8 5 96
262 8 8 100
262 8 9 90
262 8 10 100
262 8 11 87
262 8 13 98
262 9 0 98
262 9 4 90
262 9 6 100
262 9 7 104
262 9 9 94
262 9 12 104
262 9 13 91
262 9 14 102
262 13 0 93
262 13 2 85
262 13 4 85
262 13 5 91
262 13 6 85
262 13 7 85
262 13 11 80
262 13 14 85
263 2 1 89
263 2 2 91
263 2 4 96
263 2 6 99
263 2 7 93
263 2 9 85
263 2 10 85
263 2 13 81
263 4 0 87
263 4 5 79
263 4 6 79
263 4 7 85
263 4 9 79
263 4 10 79
263 4 11 74
263 4 12 79
263 6 1 87
263 6 2 79
263 6 3 79
263 6 4 85
263 6 8 79
263 6 9 79
263 6 12 74
263 6 14 79
264 2 1 41
264 2 2 42
264 2 4 42
264 2 6 39
264 2 7 42
264 2 9 42
264 2 10 37
264 2 13 42
264 5 1 37
264 5 2 39
264 5 3 39
264 5 7 43
264 5 8 43
264 5 11 43
264 5 12 40
264 5 14 41
264 8 0 37
264 8 4 39
264 8 5 39
264 8 8 43
264 8 9 43
264 8 10 43
264 8 11 40
264 8 13 41
264 11 0 41
264 11 3 43
264 11 6 43
264 11 7 47
264 11 10 47
264 11 12 47
264 11 13 44
264 11 14 45
264 12 0 41
264 12 1 43
264 12 2 43
264 12 4 47
264 12 5 47
264 12 6 47
264 12 8 44
264 12 11 45
265 6 1 98
265 6 2 90
265 6 3 100
265 6 4 104
265 6 8 94
265 6 9 104
265 6 12 91
265 6 14 102
265 9 0 89
265 9 4 91
265 9 6 96
265 9 7 99
265 9 9 93
265 9 12 85
265 9 13 85
265 9 14 81
265 13 0 98
265 13 2 93
265 13 4 105
265 13 5 102
265 13 6 93
265 13 7 102
265 13 11 106
265 13 14 99
265 14 1 107
265 14 6 113
265 14 7 113
265 14 8 95
265 14 10 107
265 14 11 109
265 14 12 102
265 14 13 113
266 2 1 27
266 2 2 25
266 2 4 25
266 2 6 25
266 2 7 25
266 2 9 25
266 2 10 26
266 2 13 25
266 3 6 28
266 3 7 30
266 3 8 28
266 3 9 32
266 3 10 30
266 3 11 32
266 3 12 29
266 3 14 29
266 4 0 27
266 4 5 25
266 4 6 25
266 4 7 25
266 4 9 25
266 4 10 25
266 4 11 26
266 4 12 25
266 9 0 30
266 9 4 28
266 9 6 29
266 9 7 32
266 9 9 30
266 9 12 35
266 9 13 35
266 9 14 31
267 1 0 94
267 1 1 86
267 1 3 86
267 1 5 92
267 1 8 86
267 1 9 86
267 1 11 81
267 1 12 86
267 10 2 91
267 10 3 83
267 10 4 93
267 10 5 97
267 10 7 87
267 10 8 97
267 10 11 84
267 10 12 95
267 11 0 96
267 11 3 88
267 11 6 98
267 11 7 102
267 11 10 92
267 11 12 102
267 11 13 89
267 11 14 100
267 12 0 99
267 12 1 91
267 12 2 101
267 12 4 105
267 12 5 95
267 12 6 105
267 12 8 92
267 12 11 103
267 14 1 93
267 14 6 85
267 14 7 95
267 14 8 99
267 14 10 89
267 14 11 99
267 14 12 86
267 14 13 97
268 0 2 99
268 0 5 91
268 0 6 101
268 0 8 105
268 0 9 95
268 0 10 105
268 0 12 92
268 0 13 103
268 4 0 91
268 4 5 83
268 4 6 93
268 4 7 97
268 4 9 87
268 4 10 97
268 4 11 84
268 4 12 95
268 11 0 104
268 11 3 110
268 11 6 110
268 11 7 92
268 11 10 104
268 11 12 106
268 11 13 99
268 11 14 110
269 0 2 26
269 0 5 24
269 0 6 24
269 0 8 24
269 0 9 24
269 0 10 24
269 0 12 25
269 0 13 24
269 1 0 24
269 1 1 22
269 1 3 22
269 1 5 22
269 1 8 22
269 1 9 22
269 1 11 23
269 1 12 22
269 8 0 24
269 8 4 22
269 8 5 22
269 8 8 22
269 8 9 22
269 8 10 22
269 8 11 23
269 8 13 22
270 0 2 69
270 0 5 66
270 0 6 68
270 0 8 73
270 0 9 69
270 0 10 80
270 0 12 80
270 0 13 71
270 4 0 68
270 4 5 75
270 4 6 75
270 4 7 69
270 4 9 69
270 4 10 69
270 4 11 76
270 4 12 72
270 9 0 68
270 9 4 65
270 9 6 67
270 9 7 72
270 9 9 68
270 9 12 79
270 9 13 79
270 9 14 70
270 10 2 73
270 10 3 70
270 10 4 72
270 10 5 77
270 10 7 73
270 10 8 84
270 10 11 84
270 10 12 75
271 2 1 66
271 2 2 68
271 2 4 66
271 2 6 70
271 2 7 68
271 2 9 70
271 2 10 67
271 2 13 60
271 4 0 68
271 4 5 70
271 4 6 68
271 4 7 72
271 4 9 70
271 4 10 72
271 4 11 69
271 4 12 62
271 5 1 66
271 5 2 68
271 5 3 66
271 5 7 70
271 5 8 68
271 5 11 70
271 5 12 67
271 5 14 60
271 10 2 70
271 10 3 72
271 10 4 70
271 10 5 74
271 10 7 72
271 10 8 74
271 10 11 71
271 10 12 64
271 11 0 68
271 11 3 70
271 11 6 68
271 11 7 72
271 11 10 70
271 11 12 72
271 11 13 69
271 11 14 62
272 1 0 67
272 1 1 64
272 1 3 66
272 1 5 71
272 1 8 67
272 1 9 78
272 1 11 78
272 1 12 69
272 3 6 69
272 3 7 71
272 3 8 69
272 3 9 73
272 3 10 71
272 3 11 73
272 3 12 70
272 3 14 63
272 4 0 68
272 4 5 75
272 4 6 75
272 4 7 69
272 4 9 69
272 4 10 69
272 4 11 76
272 4 12 72
272 7 0 71
272 7 5 68
272 7 7 70
272 7 8 75
272 7 9 71
272 7 10 82
272 7 11 82
272 7 14 73
272 11 0 67
272 11 3 64
272 11 6 66
272 11 7 71
272 11 10 67
272 11 12 78
272 11 13 78
272 11 14 69
273 0 2 94
273 0 5 86
273 0 6 96
273 0 8 100
273 0 9 90
273 0 10 100
273 0 12 87
273 0 13 98
273 5 1 91
273 5 2 83
273 5 3 83
273 5 7 89
273 5 8 83
273 5 11 83
273 5 12 78
273 5 14 83
273 11 0 91
273 11 3 83
273 11 6 83
273 11 7 89
273 11 10 83
273 11 12 83
273 11 13 78
273 11 14 83
274 1 0 17
274 1 1 16
274 1 3 16
274 1 5 18
274 1 8 17
274 1 9 19
274 1 11 19
274 1 12 17
274 5 1 18
274 5 2 20
274 5 3 20
274 5 7 19
274 5 8 19
274 5 11 19
274 5 12 21
274 5 14 22
274 8 0 18
274 8 4 20
274 8 5 20
274 8 8 19
274 8 9 19
274 8 10 19
274 8 11 21
274 8 13 22
274 9 0 18
274 9 4 17
274 9 6 17
274 9 7 19
274 9 9 18
274 9 12 20
274 9 13 20
274 9 14 18
275 0 2 25
275 0 5 23
275 0 6 23
275 0 8 23
275 0 9 23
275 0 10 23
275 0 12 24
275 0 13 23
275 5 1 23
275 5 2 21
275 5 3 21
275 5 7 21
275 5 8 21
275 5 11 21
275 5 12 22
275 5 14 21
275 10 2 23
275 10 3 21
275 10 4 21
275 10 5 21
275 10 7 21
275 10 8 21
275 10 11 22
275 10 12 21
276 5 1 94
276 5 2 86
276 5 3 96
276 5 7 100
276 5 8 90
276 5 11 100
276 5 12 87
276 5 14 98
276 12 0 91
276 12 1 83
276 12 2 83
276 12 4 89
276 12 5 83
276 12 6 83
276 12 8 78
276 12 11 83
276 14 1 91
276 14 6 83
276 14 7 83
276 14 8 89
276 14 10 83
276 14 11 83
276 14 12 78
276 14 13 83
277 6 1 51
277 6 2 55
277 6 3 49
277 6 4 49
277 6 8 55
277 6 9 49
277 6 12 56
277 6 14 55
277 10 2 55
277 10 3 59
277 10 4 53
277 10 5 53
277 10 7 59
277 10 8 53
277 10 11 60
277 10 12 59
277 11 0 49
277 11 3 53
277 11 6 47
277 11 7 47
277 11 10 53
277 11 12 47
277 11 13 54
277 11 14 53
278 3 6 93
278 3 7 85
278 3 8 85
278 3 9 91
278 3 10 85
278 3 11 85
278 3 12 80
278 3 14 85
278 4 0 81
278 4 5 81
278 4 6 85
278 4 7 76
278 4 9 82
278 4 10 81
278 4 11 88
278 4 12 88
278 11 0 81
278 11 3 81
278 11 6 85
278 11 7 76
278 11 10 82
278 11 12 81
278 11 13 88
278 11 14 88
278 12 0 91
278 12 1 83
278 12 2 83
278 12 4 89
278 12 5 83
278 12 6 83
278 12 8 78
278 12 11 83
279 1 0 68
279 1 1 65
279 1 3 67
279 1 5 72
279 1 8 68
279 1 9 79
279 1 11 79
279 1 12 70
279 5 1 70
279 5 2 72
279 5 3 70
279 5 7 74
279 5 8 72
279 5 11 74
279 5 12 71
279 5 14 64
279 8 0 67
279 8 4 64
279 8 5 66
279 8 8 71
279 8 9 67
279 8 10 78
279 8 11 78
279 8 13 69
279 9 0 72
279 9 4 69
279 9 6 71
279 9 7 76
279 9 9 72
279 9 12 83
279 9 13 83
279 9 14 74
279 11 0 68
279 11 3 65
279 11 6 67
279 11 7 72
279 11 10 68
279 11 12 79
279 11 13 79
279 11 14 70
280 1 0 35
280 1 1 33
280 1 3 34
280 1 5 37
280 1 8 35
280 1 9 40
280 1 11 40
280 1 12 36
280 2 1 33
280 2 2 31
280 2 4 32
280 2 6 35
280 2 7 33
280 2 9 38
280 2 10 38
280 2 13 34
280 3 6 34
280 3 7 32
280 3 8 33
280 3 9 36
280 3 10 34
280 3 11 39
280 3 12 39
280 3 14 35
280 11 0 37
280 11 3 35
280 11 6 36
280 11 7 39
280 11 10 37
280 11 12 42
280 11 13 42
280 11 14 38
280 12 0 35
280 12 1 33
280 12 2 34
280 12 4 37
280 12 5 35
280 12 6 40
280 12 8 40
280 12 11 36
281 4 0 36
281 4 5 38
281 4 6 38
281 4 7 42
281 4 9 42
281 4 10 42
281 4 11 39
281 4 12 40
281 6 1 38
281 6 2 40
281 6 3 40
281 6 4 44
281 6 8 44
281 6 9 44
281 6 12 41
281 6 14 42
281 11 0 38
281 11 3 40
281 11 6 40
281 11 7 44
281 11 10 44
281 11 12 44
281 11 13 41
281 11 14 42
282 0 2 49
282 0 5 53
282 0 6 47
282 0 8 47
282 0 9 53
282 0 10 47
282 0 12 54
282 0 13 53
282 3 6 53
282 3 7 57
282 3 8 51
282 3 9 51
282 3 10 57
282 3 11 51
282 3 12 58
282 3 14 57
282 5 1 47
282 5 2 51
282 5 3 45
282 5 7 45
282 5 8 51
282 5 11 45
282 5 12 52
282 5 14 51
282 13 0 47
282 13 2 51
282 13 4 45
282 13 5 45
282 13 6 51
282 13 7 45
282 13 11 52
282 13 14 51
283 4 0 86
283 4 5 78
283 4 6 78
283 4 7 84
283 4 9 78
283 4 10 78
283 4 11 73
283 4 12 78
283 9 0 86
283 9 4 78
283 9 6 78
283 9 7 84
283 9 9 78
283 9 12 78
283 9 13 73
283 9 14 78
283 11 0 90
283 11 3 82
283 11 6 82
283 11 7 88
283 11 10 82
283 11 12 82
283 11 13 77
283 11 14 82
284 0 2 92
284 0 5 84
284 0 6 94
284 0 8 98
284 0 9 88
284 0 10 98
284 0 12 85
284 0 13 96
284 7 0 89
284 7 5 81
284 7 7 81
284 7 8 87
284 7 9 81
284 7 10 81
284 7 11 76
284 7 14 81
284 10 2 94
284 10 3 86
284 10 4 96
284 10 5 100
284 10 7 90
284 10 8 100
284 10 11 87
284 10 12 98
284 13 0 98
284 13 2 90
284 13 4 100
284 13 5 104
284 13 6 94
284 13 7 104
284 13 11 91
284 13 14 102
284 14 1 93
284 14 6 85
284 14 7 85
284 14 8 91
284 14 10 85
284 14 11 85
284 14 12 80
284 14 13 85
285 4 0 67
285 4 5 69
285 4 6 67
285 4 7 71
285 4 9 69
285 4 10 71
285 4 11 68
285 4 12 61
285 6 1 69
285 6 2 71
285 6 3 69
285 6 4 73
285 6 8 71
285 6 9 73
285 6 12 70
285 6 14 63
285 8 0 67
285 8 4 69
285 8 5 67
285 8 8 71
285 8 9 69
285 8 10 71
285 8 11 68
285 8 13 61
286 0 2 37
286 0 5 39
286 0 6 39
286 0 8 43
286 0 9 43
286 0 10 43
286 0 12 40
286 0 13 41
286 12 0 39
286 12 1 41
286 12 2 41
286 12 4 45
286 12 5 45
286 12 6 45
286 12 8 42
286 12 11 43
286 13 0 39
286 13 2 41
286 13 4 41
286 13 5 45
286 13 6 45
286 13 7 45
286 13 11 42
286 13 14 43
287 4 0 68
287 4 5 70
287 4 6 68
287 4 7 72
287 4 9 70
287 4 10 72
287 4 11 69
287 4 12 62
287 10 2 70
287 10 3 72
287 10 4 70
287 10 5 74
287 10 7 72
287 10 8 74
287 10 11 71
287 10 12 64
287 13 0 68
287 13 2 70
287 13 4 68
287 13 5 72
287 13 6 70
287 13 7 72
287 13 11 69
287 13 14 62
288 1 0 18
288 1 1 20
288 1 3 20
288 1 5 19
288 1 8 19
288 1 9 19
288 1 11 21
288 1 12 22
288 4 0 17
288 4 5 16
288 4 6 16
288 4 7 18
288 4 9 17
288 4 10 19
288 4 11 19
288 4 12 17
288 7 0 17
288 7 5 16
288 7 7 16
288 7 8 18
288 7 9 17
288 7 10 19
288 7 11 19
288 7 14 17
288 12 0 17
288 12 1 16
288 12 2 16
288 12 4 18
288 12 5 17
288 12 6 19
288 12 8 19
288 12 11 17
289 5 1 20
289 5 2 18
289 5 3 18
289 5 7 18
289 5 8 18
289 5 11 18
289 5 12 19
289 5 14 18
289 10 2 18
289 10 3 17
289 10 4 17
289 10 5 19
289 10 7 18
289 10 8 20
289 10 11 20
289 10 12 18
289 12 0 18
289 12 1 17
289 12 2 17
289 12 4 19
289 12 5 18
289 12 6 20
289 12 8 20
289 12 11 18
290 1 0 64
290 1 1 66
290 1 3 64
290 1 5 68
290 1 8 66
290 1 9 68
290 1 11 65
290 1 12 58
290 6 1 66
290 6 2 68
290 6 3 66
290 6 4 70
290 6 8 68
290 6 9 70
290 6 12 67
290 6 14 60
290 14 1 64
290 14 6 66
290 14 7 64
290 14 8 68
290 14 10 66
290 14 11 68
290 14 12 65
290 14 13 58
291 0 2 68
291 0 5 70
291 0 6 68
291 0 8 72
291 0 9 70
291 0 10 72
291 0 12 69
291 0 13 62
291 7 0 70
291 7 5 72
291 7 7 70
291 7 8 74
291 7 9 72
291 7 10 74
291 7 11 71
291 7 14 64
291 12 0 68
291 12 1 70
291 12 2 68
291 12 4 72
291 12 5 70
291 12 6 72
291 12 8 69
291 12 11 62
292 1 0 39
292 1 1 41
292 1 3 41
292 1 5 45
292 1 8 45
292 1 9 45
292 1 11 42
292 1 12 43
292 6 1 41
292 6 2 43
292 6 3 43
292 6 4 47
292 6 8 47
292 6 9 47
292 6 12 44
292 6 14 45
292 8 0 41
292 8 4 43
292 8 5 43
292 8 8 47
292 8 9 47
292 8 10 47
292 8 11 44
292 8 13 45
292 13 0 48
292 13 2 54
292 13 4 54
292 13 5 47
292 13 6 48
292 13 7 50
292 13 11 54
292 13 14 54
293 6 1 94
293 6 2 86
293 6 3 86
293 6 4 92
293 6 8 86
293 6 9 86
293 6 12 81
293 6 14 86
293 8 0 91
293 8 4 83
293 8 5 93
293 8 8 97
293 8 9 87
293 8 10 97
293 8 11 84
293 8 13 95
293 13 0 96
293 13 2 88
293 13 4 98
293 13 5 102
293 13 6 92
293 13 7 102
293 13 11 89
293 13 14 100
293 14 1 99
293 14 6 91
293 14 7 101
293 14 8 105
293 14 10 95
293 14 11 105
293 14 12 92
293 14 13 103
294 2 1 16
294 2 2 15
294 2 4 15
294 2 6 17
294 2 7 16
294 2 9 18
294 2 10 18
294 2 13 16
294 3 6 15
294 3 7 14
294 3 8 14
294 3 9 16
294 3 10 15
294 3 11 17
294 3 12 17
294 3 14 15
294 6 1 15
294 6 2 14
294 6 3 14
294 6 4 16
294 6 8 15
294 6 9 17
294 6 12 17
294 6 14 15
294 12 0 17
294 12 1 16
294 12 2 16
294 12 4 18
294 12 5 17
294 12 6 19
294 12 8 19
294 12 11 17
295 5 1 26
295 5 2 24
295 5 3 24
295 5 7 24
295 5 8 24
295 5 11 24
295 5 12 25
295 5 14 24
295 7 0 24
295 7 5 22
295 7 7 22
295 7 8 22
295 7 9 22
295 7 10 22
295 7 11 23
295 7 14 22
295 9 0 24
295 9 4 22
295 9 6 22
295 9 7 22
295 9 9 22
295 9 12 22
295 9 13 23
295 9 14 22
296 1 0 93
296 1 1 85
296 1 3 95
296 1 5 99
296 1 8 89
296 1 9 99
296 1 11 86
296 1 12 97
296 2 1 90
296 2 2 82
296 2 4 82
296 2 6 88
296 2 7 82
296 2 9 82
296 2 10 77
296 2 13 82
296 4 0 90
296 4 5 82
296 4 6 82
296 4 7 88
296 4 9 82
296 4 10 82
296 4 11 77
296 4 12 82
296 8 0 91
296 8 4 83
296 8 5 93
296 8 8 97
296 8 9 87
296 8 10 97
296 8 11 84
296 8 13 95
296 13 0 90
296 13 2 82
296 13 4 82
296 13 5 88
296 13 6 82
296 13 7 82
296 13 11 77
296 13 14 82
297 1 0 11
297 1 1 9
297 1 3 9
297 1 5 9
297 1 8 9
297 1 9 9
297 1 11 10
297 1 12 9
297 7 0 8
297 7 5 8
297 7 7 8
297 7 8 9
297 7 9 8
297 7 10 9
297 7 11 9
297 7 14 8
297 14 1 8
297 14 6 8
297 14 7 8
297 14 8 9
297 14 10 8
297 14 11 9
297 14 12 9
297 14 13 8
298 0 2 18
298 0 5 20
298 0 6 20
298 0 8 19
298 0 9 19
298 0 10 19
298 0 12 21
298 0 13 22
298 5 1 17
298 5 2 16
298 5 3 16
298 5 7 18
298 5 8 17
298 5 11 19
298 5 12 19
298 5 14 17
298 7 0 17
298 7 5 16
298 7 7 16
298 7 8 18
298 7 9 17
298 7 10 19
298 7 11 19
298 7 14 17
299 5 1 20
299 5 2 18
299 5 3 18
299 5 7 18
299 5 8 18
299 5 11 18
299 5 12 19
299 5 14 18
299 9 0 18
299 9 4 17
299 9 6 17
299 9 7 19
299 9 9 18
299 9 12 20
299 9 13 20
299 9 14 18
299 14 1 18
299 14 6 17
299 14 7 17
299 14 8 19
299 14 10 18
299 14 11 20
299 14 12 20
299 14 13 18
300 0 2 50
300 0 5 54
300 0 6 48
300 0 8 48
300 0 9 54
300 0 10 48
300 0 12 55
300 0 13 54
300 6 1 54
300 6 2 58
300 6 3 52
300 6 4 52
300 6 8 58
300 6 9 52
300 6 12 59
300 6 14 58
300 8 0 48
300 8 4 52
300 8 5 46
300 8 8 46
300 8 9 52
300 8 10 46
300 8 11 53
300 8 13 52
300 11 0 48
300 11 3 52
300 11 6 46
300 11 7 46
300 11 10 52
300 11 12 46
300 11 13 53
300 11 14 52
300 14 1 54
300 14 6 58
300 14 7 52
300 14 8 52
300 14 10 58
300 14 11 52
300 14 12 59
300 14 13 58
301 7 0 43
301 7 5 45
301 7 7 45
301 7 8 49
301 7 9 49
301 7 10 49
301 7 11 46
301 7 14 47
301 11 0 48
301 11 3 52
301 11 6 46
301 11 7 46
301 11 10 52
301 11 12 46
301 11 13 53
301 11 14 52
301 12 0 41
301 12 1 43
301 12 2 43
301 12 4 47
301 12 5 47
301 12 6 47
301 12 8 44
301 12 11 45
302 3 6 68
302 3 7 65
302 3 8 67
302 3 9 72
302 3 10 68
302 3 11 79
302 3 12 79
302 3 14 70
302 4 0 70
302 4 5 72
302 4 6 70
302 4 7 74
302 4 9 72
302 4 10 74
302 4 11 71
302 4 12 64
302 6 1 67
302 6 2 64
302 6 3 66
302 6 4 71
302 6 8 67
302 6 9 78
302 6 12 78
302 6 14 69
303 3 6 51
303 3 7 55
303 3 8 49
303 3 9 49
303 3 10 55
303 3 11 49
303 3 12 56
303 3 14 55
303 4 0 55
303 4 5 59
303 4 6 53
303 4 7 53
303 4 9 59
303 4 10 53
303 4 11 60
303 4 12 59
303 10 2 49
303 10 3 53
303 10 4 47
303 10 5 47
303 10 7 53
303 10 8 47
303 10 11 54
303 10 12 53
303 11 0 49
303 11 3 53
303 11 6 47
303 11 7 47
303 11 10 53
303 11 12 47
303 11 13 54
303 11 14 53
303 12 0 55
303 12 1 59
303 12 2 53
303 12 4 53
303 12 5 59
303 12 6 53
303 12 8 60
303 12 11 59
304 1 0 35
304 1 1 33
304 1 3 34
304 1 5 37
304 1 8 35
304 1 9 40
304 1 11 40
304 1 12 36
304 2 1 33
304 2 2 31
304 2 4 32
304 2 6 35
304 2 7 33
304 2 9 38
304 2 10 38
304 2 13 34
304 10 2 34
304 10 3 32
304 10 4 33
304 10 5 36
304 10 7 34
304 10 8 39
304 10 11 39
304 10 12 35
305 1 0 96
305 1 1 88
305 1 3 98
305 1 5 102
305 1 8 92
305 1 9 102
305 1 11 89
305 1 12 100
305 4 0 93
305 4 5 85
305 4 6 85
305 4 7 91
305 4 9 85
305 4 10 85
305 4 11 80
305 4 12 85
305 5 1 98
305 5 2 90
305 5 3 100
305 5 7 104
305 5 8 94
305 5 11 104
305 5 12 91
305 5 14 102
305 6 1 105
305 6 2 111
305 6 3 111
305 6 4 93
305 6 8 105
305 6 9 107
305 6 12 100
305 6 14 111
305 12 0 92
305 12 1 84
305 12 2 94
305 12 4 98
305 12 5 88
305 12 6 98
305 12 8 85
305 12 11 96
306 0 2 16
306 0 5 15
306 0 6 15
306 0 8 17
306 0 9 16
306 0 10 18
306 0 12 18
306 0 13 16
306 3 6 15
306 3 7 14
306 3 8 14
306 3 9 16
306 3 10 15
306 3 11 17
306 3 12 17
306 3 14 15
306 7 0 15
306 7 5 14
306 7 7 14
306 7 8 16
306 7 9 15
306 7 10 17
306 7 11 17
306 7 14 15
306 9 0 17
306 9 4 16
306 9 6 16
306 9 7 18
306 9 9 17
306 9 12 19
306 9 13 19
306 9 14 17
306 11 0 16
306 11 3 15
306 11 6 15
306 11 7 17
306 11 10 16
306 11 12 18
306 11 13 18
306 11 14 16
307 0 2 11
307 0 5 10
307 0 6 10
307 0 8 12
307 0 9 11
307 0 10 13
307 0 12 13
307 0 13 11
307 1 0 10
307 1 1 9
307 1 3 9
307 1 5 11
307 1 8 10
307 1 9 12
307 1 11 12
307 1 12 10
307 6 1 10
307 6 2 9
307 6 3 9
307 6 4 11
307 6 8 10
307 6 9 12
307 6 12 12
307 6 14 10
307 7 0 12
307 7 5 11
307 7 7 11
307 7 8 13
307 7 9 12
307 7 10 14
307 7 11 14
307 7 14 12
308 5 1 68
308 5 2 65
308 5 3 67
308 5 7 72
308 5 8 68
308 5 11 79
308 5 12 79
308 5 14 70
308 6 1 70
308 6 2 72
308 6 3 70
308 6 4 74
308 6 8 72
308 6 9 74
308 6 12 71
308 6 14 64
308 9 0 67
308 9 4 64
308 9 6 66
308 9 7 71
308 9 9 67
308 9 12 78
308 9 13 78
308 9 14 69
308 10 2 72
308 10 3 69
308 10 4 71
308 10 5 76
308 10 7 72
308 10 8 83
308 10 11 83
308 10 12 74
308 12 0 68
308 12 1 65
308 12 2 67
308 12 4 72
308 12 5 68
308 12 6 79
308 12 8 79
308 12 11 70
309 5 1 43
309 5 2 45
309 5 3 45
309 5 7 49
309 5 8 49
309 5 11 49
309 5 12 46
309 5 14 47
309 11 0 48
309 11 3 52
309 11 6 46
309 11 7 46
309 11 10 52
309 11 12 46
309 11 13 53
309 11 14 52
309 13 0 41
309 13 2 43
309 13 4 43
309 13 5 47
309 13 6 47
309 13 7 47
309 13 11 44
309 13 14 45
309 14 1 41
309 14 6 43
309 14 7 43
309 14 8 47
309 14 10 47
309 14 11 47
309 14 12 44
309 14 13 45
310 1 0 27
310 1 1 25
310 1 3 25
310 1 5 25
310 1 8 25
310 1 9 25
310 1 11 26
310 1 12 25
310 6 1 28
310 6 2 30
310 6 3 28
310 6 4 32
310 6 8 30
310 6 9 32
310 6 12 29
310 6 14 29
310 7 0 27
310 7 5 25
310 7 7 25
310 7 8 25
310 7 9 25
310 7 10 25
310 7 11 26
310 7 14 25
311 3 6 27
311 3 7 25
311 3 8 25
311 3 9 25
311 3 10 25
311 3 11 25
311 3 12 26
311 3 14 25
311 4 0 25
311 4 5 23
311 4 6 23
311 4 7 23
311 4 9 23
311 4 10 23
311 4 11 24
311 4 12 23
311 5 1 25
311 5 2 23
311 5 3 23
311 5 7 23
311 5 8 23
311 5 11 23
311 5 12 24
311 5 14 23
311 8 0 25
311 8 4 23
311 8 5 23
311 8 8 23
311 8 9 23
311 8 10 23
311 8 11 24
311 8 13 23
311 13 0 25
311 13 2 23
311 13 4 23
311 13 5 23
311 13 6 23
311 13 7 23
311 13 11 24
311 13 14 23
312 0 2 65
312 0 5 67
312 0 6 65
312 0 8 69
312 0 9 67
312 0 10 69
312 0 12 66
312 0 13 59
312 4 0 67
312 4 5 69
312 4 6 67
312 4 7 71
312 4 9 69
312 4 10 71
312 4 11 68
312 4 12 61
312 8 0 65
312 8 4 67
312 8 5 65
312 8 8 69
312 8 9 67
312 8 10 69
312 8 11 66
312 8 13 59
312 11 0 69
312 11 3 71
312 11 6 69
312 11 7 73
312 11 10 71
312 11 12 73
312 11 13 70
312 11 14 63
312 12 0 67
312 12 1 69
312 12 2 67
312 12 4 71
312 12 5 69
312 12 6 71
312 12 8 68
312 12 11 61
313 3 6 63
313 3 7 65
313 3 8 63
313 3 9 67
313 3 10 65
313 3 11 67
313 3 12 64
313 3 14 57
313 5 1 67
313 5 2 69
313 5 3 67
313 5 7 71
313 5 8 69
313 5 11 71
313 5 12 68
313 5 14 61
313 12 0 62
313 12 1 64
313 12 2 62
313 12 4 66
313 12 5 64
313 12 6 66
313 12 8 63
313 12 11 56
313 13 0 52
313 13 2 56
313 13 4 50
313 13 5 50
313 13 6 56
313 13 7 50
313 13 11 57
313 13 14 56
313 14 1 51
313 14 6 55
313 14 7 49
313 14 8 49
313 14 10 55
313 14 11 49
313 14 12 56
313 14 13 55
314 0 2 41
314 0 5 42
314 0 6 42
314 0 8 39
314 0 9 42
314 0 10 42
314 0 12 37
314 0 13 42
314 1 0 37
314 1 1 39
314 1 3 39
314 1 5 43
314 1 8 43
314 1 9 43
314 1 11 40
314 1 12 41
314 6 1 37
314 6 2 39
314 6 3 39
314 6 4 43
314 6 8 43
314 6 9 43
314 6 12 40
314 6 14 41
314 12 0 41
314 12 1 43
314 12 2 43
314 12 4 47
314 12 5 47
314 12 6 47
314 12 8 44
314 12 11 45
314 14 1 41
314 14 6 43
314 14 7 43
314 14 8 47
314 14 10 47
314 14 11 47
314 14 12 44
314 14 13 45
315 1 0 69
315 1 1 71
315 1 3 69
315 1 5 73
315 1 8 71
315 1 9 73
315 1 11 70
315 1 12 63
315 3 6 66
315 3 7 68
315 3 8 66
315 3 9 70
315 3 10 68
315 3 11 70
315 3 12 67
315 3 14 60
315 5 1 68
315 5 2 70
315 5 3 68
315 5 7 72
315 5 8 70
315 5 11 72
315 5 12 69
315 5 14 62
315 6 1 68
315 6 2 65
315 6 3 67
315 6 4 72
315 6 8 68
315 6 9 79
315 6 12 79
315 6 14 70
316 3 6 29
316 3 7 27
316 3 8 28
316 3 9 31
316 3 10 29
316 3 11 34
316 3 12 34
316 3 14 30
316 5 1 28
316 5 2 26
316 5 3 26
316 5 7 26
316 5 8 26
316 5 11 26
316 5 12 27
316 5 14 26
316 7 0 28
316 7 5 30
316 7 7 28
316 7 8 32
316 7 9 30
316 7 10 32
316 7 11 29
316 7 14 29
316 9 0 31
316 9 4 29
316 9 6 30
316 9 7 33
316 9 9 31
316 9 12 36
316 9 13 36
316 9 14 32
317 2 1 49
317 2 2 53
317 2 4 47
317 2 6 47
317 2 7 53
317 2 9 47
317 2 10 54
317 2 13 53
317 4 0 53
317 4 5 57
317 4 6 51
317 4 7 51
317 4 9 57
317 4 10 51
317 4 11 58
317 4 12 57
317 9 0 47
317 9 4 51
317 9 6 45
317 9 7 45
317 9 9 51
317 9 12 45
317 9 13 52
317 9 14 51
317 13 0 47
317 13 2 51
317 13 4 45
317 13 5 45
317 13 6 51
317 13 7 45
317 13 11 52
317 13 14 51
318 0 2 94
318 0 5 86
318 0 6 86
318 0 8 92
318 0 9 86
318 0 10 86
318 0 12 81
318 0 13 86
318 4 0 86
318 4 5 78
318 4 6 78
318 4 7 84
318 4 9 78
318 4 10 78
318 4 11 73
318 4 12 78
318 5 1 86
318 5 2 78
318 5 3 78
318 5 7 84
318 5 8 78
318 5 11 78
318 5 12 73
318 5 14 78
319 1 0 43
319 1 1 45
319 1 3 45
319 1 5 49
319 1 8 49
319 1 9 49
319 1 11 46
319 1 12 47
319 5 1 48
319 5 2 52
319 5 3 46
319 5 7 46
319 5 8 52
319 5 11 46
319 5 12 53
319 5 14 52
319 8 0 41
319 8 4 43
319 8 5 43
319 8 8 47
319 8 9 47
319 8 10 47
319 8 11 44
319 8 13 45
319 13 0 41
319 13 2 43
319 13 4 43
319 13 5 47
319 13 6 47
319 13 7 47
319 13 11 44
319 13 14 45
320 1 0 94
320 1 1 86
320 1 3 86
320 1 5 92
320 1 8 86
320 1 9 86
320 1 11 81
320 1 12 86
320 4 0 91
320 4 5 83
320 4 6 93
320 4 7 97
320 4 9 87
320 4 10 97
320 4 11 84
320 4 12 95
320 7 0 96
320 7 5 88
320 7 7 98
320 7 8 102
320 7 9 92
320 7 10 102
320 7 11 89
320 7 14 100
320 8 0 99
320 8 4 91
320 8 5 101
320 8 8 105
320 8 9 95
320 8 10 105
320 8 11 92
320 8 13 103
320 12 0 93
320 12 1 85
320 12 2 95
320 12 4 99
320 12 5 89
320 12 6 99
320 12 8 86
320 12 11 97
321 2 1 86
321 2 2 78
321 2 4 78
321 2 6 84
321 2 7 78
321 2 9 78
321 2 10 73
321 2 13 78
321 7 0 86
321 7 5 78
321 7 7 78
321 7 8 84
321 7 9 78
321 7 10 78
321 7 11 73
321 7 14 78
321 9 0 90
321 9 4 82
321 9 6 82
321 9 7 88
321 9 9 82
321 9 12 82
321 9 13 77
321 9 14 82
321 10 2 72
321 10 3 69
321 10 4 71
321 10 5 76
321 10 7 72
321 10 8 83
321 10 11 83
321 10 12 74
322 1 0 30
322 1 1 28
322 1 3 29
322 1 5 32
322 1 8 30
322 1 9 35
322 1 11 35
322 1 12 31
322 3 6 28
322 3 7 30
322 3 8 28
322 3 9 32
322 3 10 30
322 3 11 32
322 3 12 29
322 3 14 29
322 13 0 29
322 13 2 27
322 13 4 28
322 13 5 31
322 13 6 29
322 13 7 34
322 13 11 34
322 13 14 30
323 1 0 93
323 1 1 85
323 1 3 85
323 1 5 91
323 1 8 85
323 1 9 85
323 1 11 80
323 1 12 85
323 2 1 81
323 2 2 81
323 2 4 85
323 2 6 76
323 2 7 82
323 2 9 81
323 2 10 88
323 2 13 88
323 4 0 81
323 4 5 81
323 4 6 85
323 4 7 76
323 4 9 82
323 4 10 81
323 4 11 88
323 4 12 88
323 13 0 91
323 13 2 83
323 13 4 83
323 13 5 89
323 13 6 83
323 13 7 83
323 13 11 78
323 13 14 83
324 4 0 91
324 4 5 83
324 4 6 93
324 4 7 97
324 4 9 87
324 4 10 97
324 4 11 84
324 4 12 95
324 8 0 88
324 8 4 80
324 8 5 80
324 8 8 86
324 8 9 80
324 8 10 80
324 8 11 75
324 8 13 80
324 9 0 88
324 9 4 80
324 9 6 80
324 9 7 86
324 9 9 80
324 9 12 80
324 9 13 75
324 9 14 80
325 0 2 67
325 0 5 69
325 0 6 67
325 0 8 71
325 0 9 69
325 0 10 71
325 0 12 68
325 0 13 61
325 7 0 69
325 7 5 71
325 7 7 69
325 7 8 73
325 7 9 71
325 7 10 73
325 7 11 70
325 7 14 63
325 8 0 67
325 8 4 69
325 8 5 67
325 8 8 71
325 8 9 69
325 8 10 71
325 8 11 68
325 8 13 61
326 0 2 27
326 0 5 25
326 0 6 25
326 0 8 25
326 0 9 25
326 0 10 25
326 0 12 26
326 0 13 25
326 5 1 25
326 5 2 23
326 5 3 23
326 5 7 23
326 5 8 23
326 5 11 23
326 5 12 24
326 5 14 23
326 6 1 25
326 6 2 23
326 6 3 23
326 6 4 23
326 6 8 23
326 6 9 23
326 6 12 24
326 6 14 23
326 12 0 25
326 12 1 23
326 12 2 23
326 12 4 23
326 12 5 23
326 12 6 23
326 12 8 24
326 12 11 23
327 4 0 63
327 4 5 65
327 4 6 63
327 4 7 67
327 4 9 65
327 4 10 67
327 4 11 64
327 4 12 57
327 6 1 67
327 6 2 69
327 6 3 67
327 6 4 71
327 6 8 69
327 6 9 71
327 6 12 68
327 6 14 61
327 7 0 62
327 7 5 64
327 7 7 62
327 7 8 66
327 7 9 64
327 7 10 66
327 7 11 63
327 7 14 56
327 8 0 52
327 8 4 56
327 8 5 50
327 8 8 50
327 8 9 56
327 8 10 50
327 8 11 57
327 8 13 56
327 13 0 51
327 13 2 55
327 13 4 49
327 13 5 49
327 13 6 55
327 13 7 49
327 13 11 56
327 13 14 55
328 6 1 14
328 6 2 13
328 6 3 13
328 6 4 15
328 6 8 14
328 6 9 16
328 6 12 16
328 6 14 14
328 8 0 13
328 8 4 12
328 8 5 12
328 8 8 14
328 8 9 13
328 8 10 15
328 8 11 15
328 8 13 13
328 10 2 13
328 10 3 12
328 10 4 12
328 10 5 14
328 10 7 13
328 10 8 15
328 10 11 15
328 10 12 13
328 13 0 15
328 13 2 14
328 13 4 14
328 13 5 16
328 13 6 15
328 13 7 17
328 13 11 17
328 13 14 15
328 14 1 14
328 14 6 13
328 14 7 13
328 14 8 15
328 14 10 14
328 14 11 16
328 14 12 16
328 14 13 14
329 0 2 92
329 0 5 84
329 0 6 94
329 0 8 98
329 0 9 88
329 0 10 98
329 0 12 85
329 0 13 96
329 7 0 89
329 7 5 81
329 7 7 81
329 7 8 87
329 7 9 81
329 7 10 81
329 7 11 76
329 7 14 81
329 10 2 94
329 10 3 86
329 10 4 96
329 10 5 100
329 10 7 90
329 10 8 100
329 10 11 87
329 10 12 98
329 14 1 98
329 14 6 90
329 14 7 100
329 14 8 104
329 14 10 94
329 14 11 104
329 14 12 91
329 14 13 102
330 3 6 91
330 3 7 83
330 3 8 93
330 3 9 97
330 3 10 87
330 3 11 97
330 3 12 84
330 3 14 95
330 4 0 88
330 4 5 80
330 4 6 80
330 4 7 86
330 4 9 80
330 4 10 80
330 4 11 75
330 4 12 80
330 9 0 93
330 9 4 85
330 9 6 95
330 9 7 99
330 9 9 89
330 9 12 99
330 9 13 86
330 9 14 97
330 10 2 97
330 10 3 89
330 10 4 99
330 10 5 103
330 10 7 93
330 10 8 103
330 10 11 90
330 10 12 101
330 12 0 92
330 12 1 84
330 12 2 84
330 12 4 90
330 12 5 84
330 12 6 84
330 12 8 79
330 12 11 84
331 0 2 93
331 0 5 85
331 0 6 85
331 0 8 91
331 0 9 85
331 0 10 85
331 0 12 80
331 0 13 85
331 6 1 81
331 6 2 81
331 6 3 85
331 6 4 76
331 6 8 82
331 6 9 81
331 6 12 88
331 6 14 88
331 8 0 81
331 8 4 81
331 8 5 85
331 8 8 76
331 8 9 82
331 8 10 81
331 8 11 88
331 8 13 88
331 13 0 91
331 13 2 83
331 13 4 83
331 13 5 89
331 13 6 83
331 13 7 83
331 13 11 78
331 13 14 83
332 0 2 41
332 0 5 42
332 0 6 42
332 0 8 39
332 0 9 42
332 0 10 42
332 0 12 37
332 0 13 42
332 1 0 37
332 1 1 39
332 1 3 39
332 1 5 43
332 1 8 43
332 1 9 43
332 1 11 40
332 1 12 41
332 13 0 37
332 13 2 39
332 13 4 39
332 13 5 43
332 13 6 43
332 13 7 43
332 13 11 40
332 13 14 41
333 3 6 36
333 3 7 38
333 3 8 38
333 3 9 42
333 3 10 42
333 3 11 42
333 3 12 39
333 3 14 40
333 10 2 38
333 10 3 40
333 10 4 40
333 10 5 44
333 10 7 44
333 10 8 44
333 10 11 41
333 10 12 42
333 12 0 38
333 12 1 40
333 12 2 40
333 12 4 44
333 12 5 44
333 12 6 44
333 12 8 41
333 12 11 42
334 3 6 89
334 3 7 91
334 3 8 96
334 3 9 99
334 3 10 93
334 3 11 85
334 3 12 85
334 3 14 81
334 6 1 87
334 6 2 79
334 6 3 79
334 6 4 85
334 6 8 79
334 6 9 79
334 6 12 74
334 6 14 79
334 10 2 87
334 10 3 79
334 10 4 79
334 10 5 85
334 10 7 79
334 10 8 79
334 10 11 74
334 10 12 79
334 11 0 93
334 11 3 85
334 11 6 85
334 11 7 91
334 11 10 85
334 11 12 85
334 11 13 80
334 11 14 85
335 4 0 93
335 4 5 85
335 4 6 85
335 4 7 91
335 4 9 85
335 4 10 85
335 4 11 80
335 4 12 85
335 7 0 81
335 7 5 81
335 7 7 85
335 7 8 76
335 7 9 82
335 7 10 81
335 7 11 88
335 7 14 88
335 8 0 81
335 8 4 81
335 8 5 85
335 8 8 76
335 8 9 82
335 8 10 81
335 8 11 88
335 8 13 88
336 6 1 32
336 6 2 30
336 6 3 31
336 6 4 34
336 6 8 32
336 6 9 37
336 6 12 37
336 6 14 33
336 10 2 30
336 10 3 28
336 10 4 29
336 10 5 32
336 10 7 30
336 10 8 35
336 10 11 35
336 10 12 31
336 11 0 31
336 11 3 29
336 11 6 30
336 11 7 33
336 11 10 31
336 11 12 36
336 11 13 36
336 11 14 32
337 4 0 35
337 4 5 33
337 4 6 34
337 4 7 37
337 4 9 35
337 4 10 40
337 4 11 40
337 4 12 36
337 8 0 33
337 8 4 31
337 8 5 32
337 8 8 35
337 8 9 33
337 8 10 38
337 8 11 38
337 8 13 34
337 9 0 34
337 9 4 32
337 9 6 33
337 9 7 36
337 9 9 34
337 9 12 39
337 9 13 39
337 9 14 35
338 4 0 33
338 4 5 31
338 4 6 32
338 4 7 35
338 4 9 33
338 4 10 38
338 4 11 38
338 4 12 34
338 5 1 31
338 5 2 29
338 5 3 30
338 5 7 33
338 5 8 31
338 5 11 36
338 5 12 36
338 5 14 32
338 6 1 32
338 6 2 30
338 6 3 31
338 6 4 34
338 6 8 32
338 6 9 37
338 6 12 37
338 6 14 33
338 12 0 35
338 12 1 33
338 12 2 34
338 12 4 37
338 12 5 35
338 12 6 40
338 12 8 40
338 12 11 36
339 3 6 29
339 3 7 27
339 3 8 28
339 3 9 31
339 3 10 29
339 3 11 34
339 3 12 34
339 3 14 30
339 10 2 28
339 10 3 26
339 10 4 26
339 10 5 26
339 10 7 26
339 10 8 26
339 10 11 27
339 10 12 26
339 12 0 28
339 12 1 30
339 12 2 28
339 12 4 32
339 12 5 30
339 12 6 32
339 12 8 29
339 12 11 29
339 13 0 31
339 13 2 29
339 13 4 30
339 13 5 33
339 13 6 31
339 13 7 36
339 13 11 36
339 13 14 32
340 9 0 37
340 9 4 39
340 9 6 39
340 9 7 43
340 9 9 43
340 9 12 43
340 9 13 40
340 9 14 41
340 13 0 39
340 13 2 41
340 13 4 41
340 13 5 45
340 13 6 45
340 13 7 45
340 13 11 42
340 13 14 43
340 14 1 39
340 14 6 41
340 14 7 41
340 14 8 45
340 14 10 45
340 14 11 45
340 14 12 42
340 14 13 43
341 2 1 91
341 2 2 83
341 2 4 93
341 2 6 97
341 2 7 87
341 2 9 97
341 2 10 84
341 2 13 95
341 5 1 88
341 5 2 80
341 5 3 80
341 5 7 86
341 5 8 80
341 5 11 80
341 5 12 75
341 5 14 80
341 14 1 88
341 14 6 80
341 14 7 80
341 14 8 86
341 14 10 80
341 14 11 80
341 14 12 75
341 14 13 80
342 2 1 68
342 2 2 75
342 2 4 75
342 2 6 69
342 2 7 69
342 2 9 69
342 2 10 76
342 2 13 72
342 8 0 68
342 8 4 70
342 8 5 68
342 8 8 72
342 8 9 70
342 8 10 72
342 8 11 69
342 8 13 62
342 9 0 70
342 9 4 72
342 9 6 70
342 9 7 74
342 9 9 72
342 9 12 74
342 9 13 71
342 9 14 64
342 10 2 70
342 10 3 67
342 10 4 69
342 10 5 74
342 10 7 70
342 10 8 81
342 10 11 81
342 10 12 72
343 2 1 36
343 2 2 34
343 2 4 35
343 2 6 38
343 2 7 36
343 2 9 41
343 2 10 41
343 2 13 37
343 3 6 41
343 3 7 42
343 3 8 42
343 3 9 39
343 3 10 42
343 3 11 42
343 3 12 37
343 3 14 42
343 6 1 41
343 6 2 42
343 6 3 42
343 6 4 39
343 6 8 42
343 6 9 42
343 6 12 37
343 6 14 42
343 11 0 39
343 11 3 41
343 11 6 41
343 11 7 45
343 11 10 45
343 11 12 45
343 11 13 42
343 11 14 43
343 14 1 39
343 14 6 41
343 14 7 41
343 14 8 45
343 14 10 45
343 14 11 45
343 14 12 42
343 14 13 43
344 4 0 28
344 4 5 30
344 4 6 28
344 4 7 32
344 4 9 30
344 4 10 32
344 4 11 29
344 4 12 29
344 5 1 27
344 5 2 25
344 5 3 25
344 5 7 25
344 5 8 25
344 5 11 25
344 5 12 26
344 5 14 25
344 9 0 28
344 9 4 26
344 9 6 26
344 9 7 26
344 9 9 26
344 9 12 26
344 9 13 27
344 9 14 26
344 10 2 30
344 10 3 28
344 10 4 29
344 10 5 32
344 10 7 30
344 10 8 35
344 10 11 35
344 10 12 31
344 13 0 28
344 13 2 30
344 13 4 28
344 13 5 32
344 13 6 30
344 13 7 32
344 13 11 29
344 13 14 29
345 1 0 13
345 1 1 12
345 1 3 12
345 1 5 14
345 1 8 13
345 1 9 15
345 1 11 15
345 1 12 13
345 4 0 12
345 4 5 11
345 4 6 11
345 4 7 13
345 4 9 12
345 4 10 14
345 4 11 14
345 4 12 12
345 7 0 12
345 7 5 11
345 7 7 11
345 7 8 13
345 7 9 12
345 7 10 14
345 7 11 14
345 7 14 12
345 13 0 14
345 13 2 13
345 13 4 13
345 13 5 15
345 13 6 14
345 13 7 16
345 13 11 16
345 13 14 14
345 14 1 13
345 14 6 12
345 14 7 12
345 14 8 14
345 14 10 13
345 14 11 15
345 14 12 15
345 14 13 13
346 6 1 21
346 6 2 19
346 6 3 19
346 6 4 19
346 6 8 19
346 6 9 19
346 6 12 20
346 6 14 19
346 9 0 18
346 9 4 20
346 9 6 20
346 9 7 19
346 9 9 19
346 9 12 19
346 9 13 21
346 9 14 22
346 12 0 18
346 12 1 20
346 12 2 20
346 12 4 19
346 12 5 19
346 12 6 19
346 12 8 21
346 12 11 22
347 1 0 36
347 1 1 34
347 1 3 35
347 1 5 38
347 1 8 36
347 1 9 41
347 1 11 41
347 1 12 37
347 2 1 41
347 2 2 42
347 2 4 42
347 2 6 39
347 2 7 42
347 2 9 42
347 2 10 37
347 2 13 42
347 7 0 41
347 7 5 42
347 7 7 42
347 7 8 39
347 7 9 42
347 7 10 42
347 7 11 37
347 7 14 42
347 12 0 39
347 12 1 41
347 12 2 41
347 12 4 45
347 12 5 45
347 12 6 45
347 12 8 42
347 12 11 43
348 1 0 13
348 1 1 12
348 1 3 12
348 1 5 14
348 1 8 13
348 1 9 15
348 1 11 15
348 1 12 13
348 2 1 12
348 2 2 11
348 2 4 11
348 2 6 13
348 2 7 12
348 2 9 14
348 2 10 14
348 2 13 12
348 4 0 12
348 4 5 11
348 4 6 11
348 4 7 13
348 4 9 12
348 4 10 14
348 4 11 14
348 4 12 12
348 11 0 14
348 11 3 13
348 11 6 13
348 11 7 15
348 11 10 14
348 11 12 16
348 11 13 16
348 11 14 14
349 8 0 63
349 8 4 65
349 8 5 63
349 8 8 67
349 8 9 65
349 8 10 67
349 8 11 64
349 8 13 57
349 9 0 65
349 9 4 67
349 9 6 65
349 9 7 69
349 9 9 67
349 9 12 69
349 9 13 66
349 9 14 59
349 12 0 63
349 12 1 65
349 12 2 63
349 12 4 67
349 12 5 65
349 12 6 67
349 12 8 64
349 12 11 57
349 13 0 67
349 13 2 69
349 13 4 67
349 13 5 71
349 13 6 69
349 13 7 71
349 13 11 68
349 13 14 61
350 0 2 39
350 0 5 41
350 0 6 41
350 0 8 45
350 0 9 45
350 0 10 45
350 0 12 42
350 0 13 43
350 1 0 41
350 1 1 43
350 1 3 43
350 1 5 47
350 1 8 47
350 1 9 47
350 1 11 44
350 1 12 45
350 3 6 41
350 3 7 43
350 3 8 43
350 3 9 47
350 3 10 47
350 3 11 47
350 3 12 44
350 3 14 45
350 6 1 48
350 6 2 54
350 6 3 54
350 6 4 47
350 6 8 48
350 6 9 50
350 6 12 54
350 6 14 54
350 10 2 48
350 10 3 54
350 10 4 54
350 10 5 47
350 10 7 48
350 10 8 50
350 10 11 54
350 10 12 54
351 6 1 98
351 6 2 90
351 6 3 100
351 6 4 104
351 6 8 94
351 6 9 104
351 6 12 91
351 6 14 102
351 10 2 93
351 10 3 85
351 10 4 95
351 10 5 99
351 10 7 89
351 10 8 99
351 10 11 86
351 10 12 97
351 12 0 108
351 12 1 114
351 12 2 114
351 12 4 96
351 12 5 108
351 12 6 110
351 12 8 103
351 12 11 114
352 0 2 69
352 0 5 66
352 0 6 68
352 0 8 73
352 0 9 69
352 0 10 80
352 0 12 80
352 0 13 71
352 3 6 68
352 3 7 75
352 3 8 75
352 3 9 69
352 3 10 69
352 3 11 69
352 3 12 76
352 3 14 72
352 9 0 68
352 9 4 65
352 9 6 67
352 9 7 72
352 9 9 68
352 9 12 79
352 9 13 79
352 9 14 70
352 13 0 73
352 13 2 70
352 13 4 72
352 13 5 77
352 13 6 73
352 13 7 84
352 13 11 84
352 13 14 75
353 3 6 34
353 3 7 32
353 3 8 33
353 3 9 36
353 3 10 34
353 3 11 39
353 3 12 39
353 3 14 35
353 9 0 32
353 9 4 30
353 9 6 31
353 9 7 34
353 9 9 32
353 9 12 37
353 9 13 37
353 9 14 33
353 11 0 33
353 11 3 31
353 11 6 32
353 11 7 35
353 11 10 33
353 11 12 38
353 11 13 38
353 11 14 34
354 1 0 48
354 1 1 54
354 1 3 54
354 1 5 47
354 1 8 48
354 1 9 50
354 1 11 54
354 1 12 54
354 2 1 50
354 2 2 54
354 2 4 48
354 2 6 48
354 2 7 54
354 2 9 48
354 2 10 55
354 2 13 54
354 5 1 43
354 5 2 45
354 5 3 45
354 5 7 49
354 5 8 49
354 5 11 49
354 5 12 46
354 5 14 47
355 2 1 93
355 2 2 85
355 2 4 95
355 2 6 99
355 2 7 89
355 2 9 99
355 2 10 86
355 2 13 97
355 4 0 90
355 4 5 82
355 4 6 82
355 4 7 88
355 4 9 82
355 4 10 82
355 4 11 77
355 4 12 82
355 6 1 90
355 6 2 82
355 6 3 82
355 6 4 88
355 6 8 82
355 6 9 82
355 6 12 77
355 6 14 82
355 10 2 91
355 10 3 83
355 10 4 93
355 10 5 97
355 10 7 87
355 10 8 97
355 10 11 84
355 10 12 95
356 6 1 70
356 6 2 72
356 6 3 70
356 6 4 74
356 6 8 72
356 6 9 74
356 6 12 71
356 6 14 64
356 7 0 67
356 7 5 69
356 7 7 67
356 7 8 71
356 7 9 69
356 7 10 71
356 7 11 68
356 7 14 61
356 10 2 69
356 10 3 71
356 10 4 69
356 10 5 73
356 10 7 71
356 10 8 73
356 10 11 70
356 10 12 63
357 3 6 29
357 3 7 27
357 3 8 28
357 3 9 31
357 3 10 29
357 3 11 34
357 3 12 34
357 3 14 30
357 7 0 28
357 7 5 26
357 7 7 26
357 7 8 26
357 7 9 26
357 7 10 26
357 7 11 27
357 7 14 26
357 13 0 28
357 13 2 30
357 13 4 28
357 13 5 32
357 13 6 30
357 13 7 32
357 13 11 29
357 13 14 29
358 1 0 48
358 1 1 54
358 1 3 54
358 1 5 47
358 1 8 48
358 1 9 50
358 1 11 54
358 1 12 54
358 4 0 50
358 4 5 54
358 4 6 48
358 4 7 48
358 4 9 54
358 4 10 48
358 4 11 55
358 4 12 54
358 14 1 43
358 14 6 45
358 14 7 45
358 14 8 49
358 14 10 49
358 14 11 49
358 14 12 46
358 14 13 47
359 1 0 94
359 1 1 86
359 1 3 96
359 1 5 100
359 1 8 90
359 1 9 100
359 1 11 87
359 1 12 98
359 4 0 91
359 4 5 83
359 4 6 83
359 4 7 89
359 4 9 83
359 4 10 83
359 4 11 78
359 4 12 83
359 10 2 91
359 10 3 83
359 10 4 83
359 10 5 89
359 10 7 83
359 10 8 83
359 10 11 78
359 10 12 83
359 11 0 92
359 11 3 84
359 11 6 94
359 11 7 98
359 11 10 88
359 11 12 98
359 11 13 85
359 11 14 96
359 13 0 91
359 13 2 83
359 13 4 83
359 13 5 89
359 13 6 83
359 13 7 83
359 13 11 78
359 13 14 83
