Jobs:
0 1 2 3 4 5 6 7 8 9 10 11 12 13 14 15 16 17 18 19 20 21 22 23 24 25 26 27 28 29
Machines:
0 1 2 3 4 5 6 7 8 9 10 11 12 13 14
Workers:
0 1 2 3 4 5 6 7 8 9 10 11
Operations per job:
0 1 2 3 4 5 6 7 8 9 10 11 12 13
14 15 16 17 18 19 20 21 22 23 24 25 26 27
28 29 30 31 32 33 34 35 36 37 38 39
40 41 42 43 44 45 46 47 48 49 50
51 52 53 54 55 56 57 58 59 60 61 62
63 64 65 66 67 68 69 70 71 72 73
74 75 76 77 78 79 80 81 82 83 84 85 86
87 88 89 90 91 92 93 94 95 96 97 98 99 100
101 102 103 104 105 106 107 108 109 110 111 112 113
114 115 116 117 118 119 120 121 122 123 124 125 126 127
128 129 130 131 132 133 134 135 136 137 138 139 140 141
142 143 144 145 146 147 148 149 150 151 152 153 154
155 156 157 158 159 160 161 162 163 164 165 166 167 168 169
170 171 172 173 174 175 176 177 178 179 180 181 182 183 184
185 186 187 188 189 190 191 192 193 194 195 196
197 198 199 200 201 202 203 204 205 206 207 208 209 210
211 212 213 214 215 216 217 218 219 220 221 222
223 224 225 226 227 228 229 230 231 232 233 234 235
236 237 238 239 240 241 242 243 244 245 246 247 248 249
250 251 252 253 254 255 256 257 258 259 260 261 262
263 264 265 266 267 268 269 270 271 272
273 274 275 276 277 278 279 280 281 282 283 284 285 286 287
288 289 290 291 292 293 294 295 296 297 298
299 300 301 302 303 304 305 306 307 308 309 310 311
312 313 314 315 316 317 318 319 320 321 322
323 324 325 326 327 328 329 330 331 332 333
334 335 336 337 338 339 340 341 342 343 344 345 346 347 348
349 350 351 352 353 354 355 356 357 358
359 360 361 362 363 364 365 366 367 368
369 370 371 372 373 374 375 376 377 378 379 380
Predecessors per operation:

0
1
2
3
4
5
6
7
8
9
10
11
12

14
15
16
17
18
19
20
21
22
23
24
25
26

28
29
30
31
32
33
34
35
36
37
38

40
41
42
43
44
45
46
47
48
49

51
52
53
54
55
56
57
58
59
60
61

63
64
65
66
67
68
69
70
71
72

74
75
76
77
78
79
80
81
82
83
84
85

87
88
89
90
91
92
93
94
95
96
97
98
99

101
102
103
104
105
106
107
108
109
110
111
112

114
115
116
117
118
119
120
121
122
123
124
125
126

128
129
130
131
132
133
134
135
136
137
138
139
140

142
143
144
145
146
147
148
149
150
151
152
153

155
156
157
158
159
160
161
162
163
164
165
166
167
168

170
171
172
173
174
175
176
177
178
179
180
181
182
183

185
186
187
188
189
190
191
192
193
194
195

197
198
199
200
201
202
203
204
205
206
207
208
209

211
212
213
214
215
216
217
218
219
220
221

223
224
225
226
227
228
229
230
231
232
233
234

236
237
238
239
240
241
242
243
244
245
246
247
248

250
251
252
253
254
255
256
257
258
259
260
261

263
264
265
266
267
268
269
270
271

273
274
275
276
277
278
279
280
281
282
283
284
285
286

288
289
290
291
292
293
294
295
296
297

299
300
301
302
303
304
305
306
307
308
309
310

312
313
314
315
316
317
318
319
320
321

323
324
325
326
327
328
329
330
331
332

334
335
336
337
338
339
340
341
342
343
344
345
346
347

349
350
351
352
353
354
355
356
357

359
360
361
362
363
364
365
366
367

369
370
371
372
373
374
375
376
377
378
379
Successors per operation:
1
2
3
4
5
6
7
8
9
10
11
12
13

15
16
17
18
19
20
21
22
23
24
25
26
27

29
30
31
32
33
34
35
36
37
38
39

41
42
43
44
45
46
47
48
49
50

52
53
54
55
56
57
58
59
60
61
62

64
65
66
67
68
69
70
71
72
73

75
76
77
78
79
80
81
82
83
84
85
86

88
89
90
91
92
93
94
95
96
97
98
99
100

102
103
104
105
106
107
108
109
110
111
112
113

115
116
117
118
119
120
121
122
123
124
125
126
127

129
130
131
132
133
134
135
136
137
138
139
140
141

143
144
145
146
147
148
149
150
151
152
153
154

156
157
158
159
160
161
162
163
164
165
166
167
168
169

171
172
173
174
175
176
177
178
179
180
181
182
183
184

186
187
188
189
190
191
192
193
194
195
196

198
199
200
201
202
203
204
205
206
207
208
209
210

212
213
214
215
216
217
218
219
220
221
222

224
225
226
227
228
229
230
231
232
233
234
235

237
238
239
240
241
242
243
244
245
246
247
248
249

251
252
253
254
255
256
257
258
259
260
261
262

264
265
266
267
268
269
270
271
272

274
275
276
277
278
279
280
281
282
283
284
285
286
287

289
290
291
292
293
294
295
296
297
298

300
301
302
303
304
305
306
307
308
309
310
311

313
314
315
316
317
318
319
320
321
322

324
325
326
327
328
329
330
331
332
333

335
336
337
338
339
340
341
342
343
344
345
346
347
348

350
351
352
353
354
355
356
357
358

360
361
362
363
364
365
366
367
368

370
371
372
373
374
375
376
377
378
379
380

Machines per operation:
1 4 7 11
1 4 8 12
0 1 2 9 13
2 9 10 14
4 6 8 9 10
0 1 2 9
0 1 8
8 9 11 12
5 6 9
0 1 3 6
3 6 7 9
1 4 7
8 9 10 13 14
0 6 7 10 14
0 5 6 7 8
0 6 11 14
7 9 10 13 14
0 3 10
2 3 4 10
2 6 7
3 8 14
2 5 7 10 12
2 8 11 14
0 1 3
0 2 3 12
1 4 7 12
0 3 5 12 14
5 6 7
5 10 14
2 9 10 11 14
2 9 12 13
2 3 10 11 12
3 11 12 13 14
0 6 9
4 7 8 12 13
2 4 11
0 2 3 5 6
1 7 11
11 12 13
3 7 9 11
6 9 14
5 13 14
3 8 11
0 5 8 11
5 7 8
0 4 6
5 12 13
1 7 9 12
7 9 10 11
3 4 11 14
5 7 11 13
2 4 13 14
0 1 6 8 10
0 6 8 14
1 2 4 7
0 2 5 8 14
3 4 9 14
1 3 9
1 3 7 13 14
0 2 3 8
0 5 8 11
0 6 8
1 7 10
2 4 5 7 11
2 3 10 13
9 11 14
5 6 8
1 5 8 9
3 4 12 13 14
0 6 7 10 13
6 9 12
3 6 7 8 13
1 2 4 10 13
2 10 14
1 8 10 11
9 12 13 14
3 6 9 12 14
3 5 10
0 2 5 10
2 13 14
5 7 8
1 2 8 10
5 7 10 13
1 2 7 9 11
3 9 13
4 5 9 13
0 2 5 8 14
0 5 7
9 10 12 13
0 4 7 12 14
1 7 9 12 13
10 11 12
2 4 7 8 10
3 4 5
1 4 6 9 12
4 5 7 9
2 5 11 14
1 5 7 12 13
5 8 10 12 14
2 6 9 11 14
1 2 4 8 9
5 7 8
3 7 8
2 5 14
5 6 7 14
6 9 13
3 4 10 12 14
2 8 9
7 8 12
2 4 5 13
11 12 13
3 5 7 12
5 6 8 13
4 6 11 12 13
0 3 4 10 12
1 2 8 9 11
3 9 12
4 5 12
4 9 10
0 3 14
4 6 7
0 2 5 10 14
5 8 9 12
4 5 9 13 14
0 5 10 11 14
0 1 2 7
0 7 11
1 2 4 7 11
2 3 5 7 10
1 3 10
0 2 3 4 8
0 1 9 12 13
3 6 10 13
5 6 7 10
4 6 12
2 4 8 9 12
3 4 13
4 8 9 11 12
1 6 7
2 13 14
2 3 5 11 13
6 8 13 14
0 4 14
0 1 6 8 10
0 4 6 9 14
1 2 8 12
2 6 12
6 10 13
4 8 14
3 8 9
0 3 6 7 9
2 8 14
2 3 6 9
0 2 10 11
4 9 13 14
2 4 8 14
2 5 8 9
8 10 12 13
1 3 4 7 8
0 3 8 13 14
1 9 13
0 8 12
6 8 10
5 6 10 11 12
2 6 10
0 2 4 5 13
0 1 3 8 10
1 3 5 13
0 2 4 5 9
2 4 6 10
4 5 13 14
0 3 14
3 5 8 9 10
2 8 9
0 5 14
3 5 6 14
0 1 3 9 11
3 5 11 12 13
1 6 8
5 8 9
1 5 8 12 14
0 5 7 11 12
0 1 5 10
1 5 9 11 12
1 4 10
1 2 3 5 9
1 3 9
0 6 8 11 13
3 4 6 8 9
1 3 4 5 13
4 7 11 13 14
2 4 9 11
4 6 11 12 13
7 10 12 13 14
0 3 11 12
1 5 8
11 13 14
2 9 12
5 8 11 12 14
6 7 8 9 12
0 2 3 14
9 11 13 14
1 10 11 13
4 7 13 14
4 6 11 12
0 3 8
3 11 13
0 1 2 5
3 7 8 9 11
5 8 12
9 10 13 14
5 8 9 11 14
4 7 12 13
1 3 10 11 14
0 3 10
2 6 7 13
0 5 7 11
0 1 6 13
5 6 11 13 14
0 1 4 8 9
1 2 3 11 12
0 2 4 7 13
0 7 11 13
4 7 10 13
0 5 7 12 13
1 2 11
0 5 9 11
4 7 8 13
0 1 9
0 5 9 11
1 2 6 11 14
1 7 8 10 13
5 9 12
3 6 11
2 3 6 7 8
7 8 9 12 13
3 5 12 14
0 2 3 9 14
0 2 3 4
4 5 11 12
6 7 10 11 13
1 5 12 13 14
6 7 10 11 12
1 3 5 7 11
1 4 8 11 13
2 5 14
0 4 12
0 3 10 12
1 3 5 9 11
3 10 14
1 4 5
4 7 8 14
1 11 12
2 10 14
4 9 12 13
7 11 14
0 4 7 11
0 1 4 8 10
0 5 6 10
2 9 10
2 5 6 10 13
5 8 11 12 13
1 6 7 9 11
1 4 6
2 8 9
3 6 7 9 12
1 4 8 9 11
0 4 7 9 13
0 1 8 11 12
0 8 12
0 12 13
2 5 11 12
5 7 11 12
3 7 9 13
4 8 11 12
2 6 10 12 13
2 4 7 10 13
2 7 11 12
0 2 10 11 13
2 7 8 12 13
1 7 12 14
0 5 7 9 10
1 5 6 8 14
3 4 8 11
0 1 4 10
2 7 12
1 7 9 11 14
2 6 9 12 13
6 11 13
2 6 11 13 14
0 1 9 11 13
1 3 11
6 7 8 10 11
5 6 7
3 6 9 12
5 7 8 9 13
0 4 5 11 12
3 6 7
3 4 8 10 12
0 6 13
4 8 10 14
2 5 7 13
1 5 12 13
3 4 8 12
3 8 10 11
6 8 12
0 1 2
0 6 7
1 12 13
4 9 11
0 8 10
0 1 6 8
0 1 5 6 12
2 10 13 14
6 7 14
2 4 8 14
2 8 13
1 8 10 11
0 3 8 14
0 2 6 7 12
2 12 13 14
0 1 7 9
0 7 9 12
6 9 11 12
2 9 13 14
0 2 8 11
1 6 8 13 14
0 1 12 13 14
3 5 9 13
1 4 6 8
2 3 4 5 7
2 6 11 12 14
2 4 7
0 4 14
1 6 8 9 10
1 4 9 11
5 6 7 8 13
7 11 12
0 3 9
6 10 12
1 3 5 9 10
1 6 9
0 2 6 8
2 6 7 9 10
6 9 12
2 4 11 13
0 7 10
1 2 3 5 11
0 2 12
0 4 7 12
2 5 7 12 14
5 8 11 13 14
1 5 6 8 11
3 7 10 11
0 2 3 9
0 3 8 11 13
0 1 2 4 7
6 8 10 12 13
4 7 11 12
0 1 3 5 8
4 9 11 12
6 7 10 14
1 8 11 12
1 3 4 8
3 5 7 12 14
0 3 10 11 12
2 7 11 14
2 3 14
1 5 7 10 11
8 9 10 13
0 3 6 11
1 9 12
7 9 10 14
5 6 8
1 5 6 7 10
3 5 11
1 5 9 14
2 10 14
0 2 4 9
0 7 11 13 14
4 8 12 13 14
Processing times (o m w p):
0 1 1 74
0 1 3 75
0 1 5 81
0 1 6 79
0 1 7 82
0 1 8 71
0 1 10 72
0 1 11 73
0 4 2 97
0 4 3 93
0 4 4 87
0 4 6 90
0 4 7 99
0 4 8 90
0 4 9 98
0 4 11 97
0 7 0 72
0 7 2 73
0 7 5 79
0 7 6 77
0 7 8 80
0 7 9 69
0 7 10 70
0 7 11 71
0 11 2 77
0 11 3 89
0 11 4 75
0 11 6 80
0 11 7 87
0 11 8 80
0 11 9 76
0 11 11 89
1 1 1 59
1 1 3 61
1 1 5 59
1 1 6 64
1 1 7 59
1 1 8 60
1 1 10 62
1 1 11 61
1 4 2 61
1 4 3 63
1 4 4 61
1 4 6 66
1 4 7 61
1 4 8 62
1 4 9 64
1 4 11 63
1 8 0 59
1 8 1 61
1 8 2 59
1 8 3 64
1 8 6 59
1 8 7 60
1 8 10 62
1 8 11 61
1 12 1 64
1 12 3 66
1 12 4 64
1 12 6 69
1 12 7 64
1 12 8 65
1 12 9 67
1 12 10 66
2 0 1 67
2 0 2 68
2 0 4 74
2 0 5 72
2 0 6 75
2 0 9 64
2 0 10 65
2 0 11 66
2 1 1 68
2 1 3 69
2 1 5 75
2 1 6 73
2 1 7 76
2 1 8 65
2 1 10 66
2 1 11 67
2 2 0 74
2 2 1 75
2 2 3 81
2 2 5 79
2 2 6 82
2 2 8 71
2 2 10 72
2 2 11 73
2 9 3 72
2 9 5 73
2 9 6 79
2 9 7 77
2 9 8 80
2 9 9 69
2 9 10 70
2 9 11 71
2 13 0 76
2 13 1 74
2 13 3 83
2 13 5 75
2 13 6 72
2 13 7 76
2 13 9 74
2 13 11 77
3 2 0 62
3 2 1 64
3 2 3 62
3 2 5 67
3 2 6 62
3 2 8 63
3 2 10 65
3 2 11 64
3 9 3 64
3 9 5 66
3 9 6 64
3 9 7 69
3 9 8 64
3 9 9 65
3 9 10 67
3 9 11 66
3 10 0 62
3 10 1 64
3 10 2 62
3 10 3 67
3 10 6 62
3 10 7 63
3 10 9 65
3 10 11 64
3 14 0 64
3 14 1 70
3 14 2 74
3 14 3 67
3 14 4 71
3 14 5 67
3 14 8 75
3 14 9 64
4 4 2 103
4 4 3 95
4 4 4 103
4 4 6 100
4 4 7 95
4 4 8 102
4 4 9 102
4 4 11 95
4 6 0 94
4 6 2 103
4 6 3 101
4 6 4 106
4 6 5 101
4 6 9 109
4 6 10 90
4 6 11 103
4 8 0 100
4 8 1 96
4 8 2 90
4 8 3 93
4 8 6 102
4 8 7 93
4 8 10 101
4 8 11 100
4 9 3 103
4 9 5 99
4 9 6 93
4 9 7 96
4 9 8 105
4 9 9 96
4 9 10 104
4 9 11 103
4 10 0 105
4 10 1 97
4 10 2 105
4 10 3 102
4 10 6 97
4 10 7 104
4 10 9 104
4 10 11 97
5 0 1 31
5 0 2 33
5 0 4 31
5 0 5 29
5 0 6 31
5 0 9 32
5 0 10 27
5 0 11 33
5 1 1 31
5 1 3 33
5 1 5 31
5 1 6 29
5 1 7 31
5 1 8 32
5 1 10 27
5 1 11 33
5 2 0 29
5 2 1 29
5 2 3 27
5 2 5 26
5 2 6 27
5 2 8 26
5 2 10 28
5 2 11 29
5 9 3 28
5 9 5 28
5 9 6 26
5 9 7 25
5 9 8 26
5 9 9 25
5 9 10 27
5 9 11 28
6 0 1 47
6 0 2 43
6 0 4 47
6 0 5 50
6 0 6 49
6 0 9 50
6 0 10 48
6 0 11 47
6 1 1 43
6 1 3 39
6 1 5 43
6 1 6 46
6 1 7 45
6 1 8 46
6 1 10 44
6 1 11 43
6 8 0 47
6 8 1 43
6 8 2 47
6 8 3 50
6 8 6 49
6 8 7 50
6 8 10 48
6 8 11 47
7 8 0 12
7 8 1 13
7 8 2 14
7 8 3 14
7 8 6 14
7 8 7 12
7 8 10 12
7 8 11 12
7 9 3 13
7 9 5 14
7 9 6 15
7 9 7 15
7 9 8 15
7 9 9 13
7 9 10 13
7 9 11 13
7 11 2 14
7 11 3 15
7 11 4 16
7 11 6 16
7 11 7 16
7 11 8 14
7 11 9 14
7 11 11 14
7 12 1 14
7 12 3 15
7 12 4 16
7 12 6 16
7 12 7 16
7 12 8 14
7 12 9 14
7 12 10 14
8 5 0 49
8 5 1 49
8 5 2 47
8 5 3 46
8 5 7 47
8 5 8 46
8 5 9 54
8 5 11 49
8 6 0 49
8 6 2 49
8 6 3 47
8 6 4 46
8 6 5 47
8 6 9 46
8 6 10 54
8 6 11 49
8 9 3 50
8 9 5 46
8 9 6 50
8 9 7 53
8 9 8 52
8 9 9 53
8 9 10 51
8 9 11 50
9 0 1 25
9 0 2 25
9 0 4 23
9 0 5 22
9 0 6 23
9 0 9 22
9 0 10 24
9 0 11 25
9 1 1 25
9 1 3 25
9 1 5 23
9 1 6 22
9 1 7 23
9 1 8 22
9 1 10 24
9 1 11 25
9 3 0 23
9 3 4 23
9 3 5 21
9 3 6 20
9 3 7 21
9 3 8 20
9 3 9 22
9 3 10 23
9 6 0 22
9 6 2 22
9 6 3 20
9 6 4 19
9 6 5 20
9 6 9 19
9 6 10 21
9 6 11 22
10 3 0 13
10 3 4 14
10 3 5 15
10 3 6 15
10 3 7 15
10 3 8 13
10 3 9 13
10 3 10 13
10 6 0 14
10 6 2 15
10 6 3 16
10 6 4 16
10 6 5 16
10 6 9 14
10 6 10 14
10 6 11 14
10 7 0 15
10 7 2 16
10 7 5 17
10 7 6 17
10 7 8 17
10 7 9 15
10 7 10 15
10 7 11 15
10 9 3 15
10 9 5 16
10 9 6 17
10 9 7 17
10 9 8 17
10 9 9 15
10 9 10 15
10 9 11 15
11 1 1 43
11 1 3 39
11 1 5 43
11 1 6 46
11 1 7 45
11 1 8 46
11 1 10 44
11 1 11 43
11 4 2 35
11 4 3 36
11 4 4 39
11 4 6 38
11 4 7 39
11 4 8 34
11 4 9 34
11 4 11 35
11 7 0 43
11 7 2 39
11 7 5 43
11 7 6 46
11 7 8 45
11 7 9 46
11 7 10 44
11 7 11 43
12 8 0 67
12 8 1 68
12 8 2 74
12 8 3 72
12 8 6 75
12 8 7 64
12 8 10 65
12 8 11 66
12 9 3 68
12 9 5 69
12 9 6 75
12 9 7 73
12 9 8 76
12 9 9 65
12 9 10 66
12 9 11 67
12 10 0 74
12 10 1 75
12 10 2 81
12 10 3 79
12 10 6 82
12 10 7 71
12 10 9 72
12 10 11 73
12 13 0 72
12 13 1 73
12 13 3 79
12 13 5 77
12 13 6 80
12 13 7 69
12 13 9 70
12 13 11 71
12 14 0 76
12 14 1 74
12 14 2 83
12 14 3 75
12 14 4 72
12 14 5 76
12 14 8 74
12 14 9 77
13 0 1 25
13 0 2 25
13 0 4 23
13 0 5 22
13 0 6 23
13 0 9 22
13 0 10 24
13 0 11 25
13 6 0 25
13 6 2 25
13 6 3 23
13 6 4 22
13 6 5 23
13 6 9 22
13 6 10 24
13 6 11 25
13 7 0 23
13 7 2 23
13 7 5 21
13 7 6 20
13 7 8 21
13 7 9 20
13 7 10 22
13 7 11 23
13 10 0 22
13 10 1 22
13 10 2 20
13 10 3 19
13 10 6 20
13 10 7 19
13 10 9 21
13 10 11 22
13 14 0 23
13 14 1 23
13 14 2 21
13 14 3 20
13 14 4 21
13 14 5 20
13 14 8 22
13 14 9 23
14 0 1 76
14 0 2 74
14 0 4 83
14 0 5 75
14 0 6 72
14 0 9 76
14 0 10 74
14 0 11 77
14 5 0 98
14 5 1 94
14 5 2 88
14 5 3 91
14 5 7 100
14 5 8 91
14 5 9 99
14 5 11 98
14 6 0 73
14 6 2 74
14 6 3 80
14 6 4 78
14 6 5 81
14 6 9 70
14 6 10 71
14 6 11 72
14 7 0 78
14 7 2 90
14 7 5 76
14 7 6 81
14 7 8 88
14 7 9 81
14 7 10 77
14 7 11 90
14 8 0 95
14 8 1 95
14 8 2 81
14 8 3 87
14 8 6 83
14 8 7 89
14 8 10 88
14 8 11 81
15 0 1 76
15 0 2 88
15 0 4 74
15 0 5 79
15 0 6 86
15 0 9 79
15 0 10 75
15 0 11 88
15 6 0 99
15 6 2 95
15 6 3 89
15 6 4 92
15 6 5 101
15 6 9 92
15 6 10 100
15 6 11 99
15 11 2 74
15 11 3 75
15 11 4 81
15 11 6 79
15 11 7 82
15 11 8 71
15 11 9 72
15 11 11 73
15 14 0 79
15 14 1 91
15 14 2 77
15 14 3 82
15 14 4 89
15 14 5 82
15 14 8 78
15 14 9 91
16 7 0 59
16 7 2 61
16 7 5 59
16 7 6 64
16 7 8 59
16 7 9 60
16 7 10 62
16 7 11 61
16 9 3 61
16 9 5 63
16 9 6 61
16 9 7 66
16 9 8 61
16 9 9 62
16 9 10 64
16 9 11 63
16 10 0 59
16 10 1 61
16 10 2 59
16 10 3 64
16 10 6 59
16 10 7 60
16 10 9 62
16 10 11 61
16 13 0 64
16 13 1 66
16 13 3 64
16 13 5 69
16 13 6 64
16 13 7 65
16 13 9 67
16 13 11 66
16 14 0 59
16 14 1 61
16 14 2 59
16 14 3 64
16 14 4 59
16 14 5 60
16 14 8 62
16 14 9 61
17 0 1 51
17 0 2 51
17 0 4 49
17 0 5 48
17 0 6 49
17 0 9 48
17 0 10 56
17 0 11 51
17 3 0 51
17 3 4 51
17 3 5 49
17 3 6 48
17 3 7 49
17 3 8 48
17 3 9 56
17 3 10 51
17 10 0 49
17 10 1 49
17 10 2 47
17 10 3 46
17 10 6 47
17 10 7 46
17 10 9 54
17 10 11 49
18 2 0 32
18 2 1 33
18 2 3 36
18 2 5 35
18 2 6 36
18 2 8 31
18 2 10 31
18 2 11 32
18 3 0 33
18 3 4 34
18 3 5 37
18 3 6 36
18 3 7 37
18 3 8 32
18 3 9 32
18 3 10 33
18 4 2 36
18 4 3 37
18 4 4 40
18 4 6 39
18 4 7 40
18 4 8 35
18 4 9 35
18 4 11 36
18 10 0 35
18 10 1 36
18 10 2 39
18 10 3 38
18 10 6 39
18 10 7 34
18 10 9 34
18 10 11 35
19 2 0 15
19 2 1 16
19 2 3 17
19 2 5 17
19 2 6 17
19 2 8 15
19 2 10 15
19 2 11 15
19 6 0 16
19 6 2 17
19 6 3 18
19 6 4 18
19 6 5 18
19 6 9 16
19 6 10 16
19 6 11 16
19 7 0 17
19 7 2 18
19 7 5 19
19 7 6 19
19 7 8 19
19 7 9 17
19 7 10 17
19 7 11 17
20 3 0 49
20 3 4 49
20 3 5 47
20 3 6 46
20 3 7 47
20 3 8 46
20 3 9 54
20 3 10 49
20 8 0 49
20 8 1 49
20 8 2 47
20 8 3 46
20 8 6 47
20 8 7 46
20 8 10 54
20 8 11 49
20 14 0 50
20 14 1 46
20 14 2 50
20 14 3 53
20 14 4 52
20 14 5 53
20 14 8 51
20 14 9 50
21 2 0 76
21 2 1 88
21 2 3 74
21 2 5 79
21 2 6 86
21 2 8 79
21 2 10 75
21 2 11 88
21 5 0 99
21 5 1 95
21 5 2 89
21 5 3 92
21 5 7 101
21 5 8 92
21 5 9 100
21 5 11 99
21 7 0 74
21 7 2 75
21 7 5 81
21 7 6 79
21 7 8 82
21 7 9 71
21 7 10 72
21 7 11 73
21 10 0 79
21 10 1 91
21 10 2 77
21 10 3 82
21 10 6 89
21 10 7 82
21 10 9 78
21 10 11 91
21 12 1 97
21 12 3 93
21 12 4 87
21 12 6 90
21 12 7 99
21 12 8 90
21 12 9 98
21 12 10 97
22 2 0 9
22 2 1 10
22 2 3 11
22 2 5 11
22 2 6 11
22 2 8 9
22 2 10 9
22 2 11 9
22 8 0 10
22 8 1 11
22 8 2 12
22 8 3 12
22 8 6 12
22 8 7 10
22 8 10 10
22 8 11 10
22 11 2 11
22 11 3 12
22 11 4 13
22 11 6 13
22 11 7 13
22 11 8 11
22 11 9 11
22 11 11 11
22 14 0 11
22 14 1 12
22 14 2 13
22 14 3 13
22 14 4 13
22 14 5 11
22 14 8 11
22 14 9 11
23 0 1 63
23 0 2 65
23 0 4 63
23 0 5 68
23 0 6 63
23 0 9 64
23 0 10 66
23 0 11 65
23 1 1 65
23 1 3 67
23 1 5 65
23 1 6 70
23 1 7 65
23 1 8 66
23 1 10 68
23 1 11 67
23 3 0 63
23 3 4 65
23 3 5 63
23 3 6 68
23 3 7 63
23 3 8 64
23 3 9 66
23 3 10 65
24 0 1 73
24 0 2 74
24 0 4 80
24 0 5 78
24 0 6 81
24 0 9 70
24 0 10 71
24 0 11 72
24 2 0 95
24 2 1 95
24 2 3 81
24 2 5 87
24 2 6 83
24 2 8 89
24 2 10 88
24 2 11 81
24 3 0 71
24 3 4 72
24 3 5 78
24 3 6 76
24 3 7 79
24 3 8 68
24 3 9 69
24 3 10 70
24 12 1 76
24 12 3 88
24 12 4 74
24 12 6 79
24 12 7 86
24 12 8 79
24 12 9 75
24 12 10 88
25 1 1 10
25 1 3 11
25 1 5 12
25 1 6 12
25 1 7 12
25 1 8 10
25 1 10 10
25 1 11 10
25 4 2 11
25 4 3 12
25 4 4 13
25 4 6 13
25 4 7 13
25 4 8 11
25 4 9 11
25 4 11 11
25 7 0 12
25 7 2 13
25 7 5 14
25 7 6 14
25 7 8 14
25 7 9 12
25 7 10 12
25 7 11 12
25 12 1 12
25 12 3 13
25 12 4 14
25 12 6 14
25 12 7 14
25 12 8 12
25 12 9 12
25 12 10 12
26 0 1 72
26 0 2 73
26 0 4 79
26 0 5 77
26 0 6 80
26 0 9 69
26 0 10 70
26 0 11 71
26 3 0 84
26 3 4 96
26 3 5 82
26 3 6 87
26 3 7 94
26 3 8 87
26 3 9 83
26 3 10 96
26 5 0 70
26 5 1 71
26 5 2 77
26 5 3 75
26 5 7 78
26 5 8 67
26 5 9 68
26 5 11 69
26 12 1 76
26 12 3 74
26 12 4 83
26 12 6 75
26 12 7 72
26 12 8 76
26 12 9 74
26 12 10 77
26 14 0 82
26 14 1 94
26 14 2 80
26 14 3 85
26 14 4 92
26 14 5 85
26 14 8 81
26 14 9 94
27 5 0 74
27 5 1 75
27 5 2 81
27 5 3 79
27 5 7 82
27 5 8 71
27 5 9 72
27 5 11 73
27 6 0 97
27 6 2 93
27 6 3 87
27 6 4 90
27 6 5 99
27 6 9 90
27 6 10 98
27 6 11 97
27 7 0 72
27 7 2 73
27 7 5 79
27 7 6 77
27 7 8 80
27 7 9 69
27 7 10 70
27 7 11 71
28 5 0 104
28 5 1 100
28 5 2 94
28 5 3 97
28 5 7 106
28 5 8 97
28 5 9 105
28 5 11 104
28 10 0 100
28 10 1 96
28 10 2 90
28 10 3 93
28 10 6 102
28 10 7 93
28 10 9 101
28 10 11 100
28 14 0 83
28 14 1 95
28 14 2 81
28 14 3 86
28 14 4 93
28 14 5 86
28 14 8 82
28 14 9 95
29 2 0 51
29 2 1 51
29 2 3 49
29 2 5 48
29 2 6 49
29 2 8 48
29 2 10 56
29 2 11 51
29 9 3 51
29 9 5 51
29 9 6 49
29 9 7 48
29 9 8 49
29 9 9 48
29 9 10 56
29 9 11 51
29 10 0 49
29 10 1 49
29 10 2 47
29 10 3 46
29 10 6 47
29 10 7 46
29 10 9 54
29 10 11 49
29 11 2 55
29 11 3 47
29 11 4 55
29 11 6 52
29 11 7 47
29 11 8 54
29 11 9 54
29 11 11 47
29 14 0 49
29 14 1 49
29 14 2 47
29 14 3 46
29 14 4 47
29 14 5 46
29 14 8 54
29 14 9 49
30 2 0 104
30 2 1 100
30 2 3 94
30 2 5 97
30 2 6 106
30 2 8 97
30 2 10 105
30 2 11 104
30 9 3 100
30 9 5 96
30 9 6 90
30 9 7 93
30 9 8 102
30 9 9 93
30 9 10 101
30 9 11 100
30 12 1 83
30 12 3 95
30 12 4 81
30 12 6 86
30 12 7 93
30 12 8 86
30 12 9 82
30 12 10 95
30 13 0 97
30 13 1 93
30 13 3 87
30 13 5 90
30 13 6 99
30 13 7 90
30 13 9 98
30 13 11 97
31 2 0 66
31 2 1 68
31 2 3 66
31 2 5 71
31 2 6 66
31 2 8 67
31 2 10 69
31 2 11 68
31 3 0 64
31 3 4 70
31 3 5 74
31 3 6 67
31 3 7 71
31 3 8 67
31 3 9 75
31 3 10 64
31 10 0 71
31 10 1 72
31 10 2 78
31 10 3 76
31 10 6 79
31 10 7 68
31 10 9 69
31 10 11 70
31 11 2 69
31 11 3 70
31 11 4 76
31 11 6 74
31 11 7 77
31 11 8 66
31 11 9 67
31 11 11 68
31 12 1 72
31 12 3 73
31 12 4 79
31 12 6 77
31 12 7 80
31 12 8 69
31 12 9 70
31 12 10 71
32 3 0 71
32 3 4 72
32 3 5 78
32 3 6 76
32 3 7 79
32 3 8 68
32 3 9 69
32 3 10 70
32 11 2 69
32 11 3 70
32 11 4 76
32 11 6 74
32 11 7 77
32 11 8 66
32 11 9 67
32 11 11 68
32 12 1 78
32 12 3 90
32 12 4 76
32 12 6 81
32 12 7 88
32 12 8 81
32 12 9 77
32 12 10 90
32 13 0 70
32 13 1 71
32 13 3 77
32 13 5 75
32 13 6 78
32 13 7 67
32 13 9 68
32 13 11 69
32 14 0 67
32 14 1 68
32 14 2 74
32 14 3 72
32 14 4 75
32 14 5 64
32 14 8 65
32 14 9 66
33 0 1 55
33 0 2 47
33 0 4 55
33 0 5 52
33 0 6 47
33 0 9 54
33 0 10 54
33 0 11 47
33 6 0 47
33 6 2 43
33 6 3 47
33 6 4 50
33 6 5 49
33 6 9 50
33 6 10 48
33 6 11 47
33 9 3 55
33 9 5 47
33 9 6 55
33 9 7 52
33 9 8 47
33 9 9 54
33 9 10 54
33 9 11 47
34 4 2 15
34 4 3 16
34 4 4 17
34 4 6 17
34 4 7 17
34 4 8 15
34 4 9 15
34 4 11 15
34 7 0 16
34 7 2 17
34 7 5 18
34 7 6 18
34 7 8 18
34 7 9 16
34 7 10 16
34 7 11 16
34 8 0 17
34 8 1 18
34 8 2 19
34 8 3 19
34 8 6 19
34 8 7 17
34 8 10 17
34 8 11 17
34 12 1 17
34 12 3 18
34 12 4 19
34 12 6 19
34 12 7 19
34 12 8 17
34 12 9 17
34 12 10 17
34 13 0 17
34 13 1 18
34 13 3 19
34 13 5 19
34 13 6 19
34 13 7 17
34 13 9 17
34 13 11 17
35 2 0 65
35 2 1 67
35 2 3 65
35 2 5 70
35 2 6 65
35 2 8 66
35 2 10 68
35 2 11 67
35 4 2 66
35 4 3 68
35 4 4 66
35 4 6 71
35 4 7 66
35 4 8 67
35 4 9 69
35 4 11 68
35 11 2 70
35 11 3 71
35 11 4 77
35 11 6 75
35 11 7 78
35 11 8 67
35 11 9 68
35 11 11 69
36 0 1 30
36 0 2 30
36 0 4 28
36 0 5 27
36 0 6 28
36 0 9 27
36 0 10 29
36 0 11 30
36 2 0 30
36 2 1 30
36 2 3 28
36 2 5 27
36 2 6 28
36 2 8 27
36 2 10 29
36 2 11 30
36 3 0 28
36 3 4 28
36 3 5 26
36 3 6 25
36 3 7 26
36 3 8 25
36 3 9 27
36 3 10 28
36 5 0 27
36 5 1 27
36 5 2 25
36 5 3 24
36 5 7 25
36 5 8 24
36 5 9 26
36 5 11 27
36 6 0 28
36 6 2 28
36 6 3 26
36 6 4 25
36 6 5 26
36 6 9 25
36 6 10 27
36 6 11 28
37 1 1 25
37 1 3 25
37 1 5 23
37 1 6 22
37 1 7 23
37 1 8 22
37 1 10 24
37 1 11 25
37 7 0 25
37 7 2 25
37 7 5 23
37 7 6 22
37 7 8 23
37 7 9 22
37 7 10 24
37 7 11 25
37 11 2 23
37 11 3 23
37 11 4 21
37 11 6 20
37 11 7 21
37 11 8 20
37 11 9 22
37 11 11 23
38 11 2 62
38 11 3 64
38 11 4 62
38 11 6 67
38 11 7 62
38 11 8 63
38 11 9 65
38 11 11 64
38 12 1 64
38 12 3 66
38 12 4 64
38 12 6 69
38 12 7 64
38 12 8 65
38 12 9 67
38 12 10 66
38 13 0 62
38 13 1 64
38 13 3 62
38 13 5 67
38 13 6 62
38 13 7 63
38 13 9 65
38 13 11 64
39 3 0 50
39 3 4 46
39 3 5 50
39 3 6 53
39 3 7 52
39 3 8 53
39 3 9 51
39 3 10 50
39 7 0 50
39 7 2 46
39 7 5 50
39 7 6 53
39 7 8 52
39 7 9 53
39 7 10 51
39 7 11 50
39 9 3 48
39 9 5 44
39 9 6 48
39 9 7 51
39 9 8 50
39 9 9 51
39 9 10 49
39 9 11 48
39 11 2 47
39 11 3 43
39 11 4 47
39 11 6 50
39 11 7 49
39 11 8 50
39 11 9 48
39 11 11 47
40 6 0 63
40 6 2 57
40 6 3 56
40 6 4 60
40 6 5 64
40 6 9 60
40 6 10 63
40 6 11 60
40 9 3 59
40 9 5 61
40 9 6 59
40 9 7 64
40 9 8 59
40 9 9 60
40 9 10 62
40 9 11 61
40 14 0 63
40 14 1 57
40 14 2 56
40 14 3 60
40 14 4 64
40 14 5 60
40 14 8 63
40 14 9 60
41 5 0 31
41 5 1 32
41 5 2 35
41 5 3 34
41 5 7 35
41 5 8 30
41 5 9 30
41 5 11 31
41 13 0 32
41 13 1 33
41 13 3 36
41 13 5 35
41 13 6 36
41 13 7 31
41 13 9 31
41 13 11 32
41 14 0 35
41 14 1 36
41 14 2 39
41 14 3 38
41 14 4 39
41 14 5 34
41 14 8 34
41 14 9 35
42 3 0 55
42 3 4 55
42 3 5 53
42 3 6 52
42 3 7 53
42 3 8 52
42 3 9 60
42 3 10 55
42 8 0 55
42 8 1 55
42 8 2 53
42 8 3 52
42 8 6 53
42 8 7 52
42 8 10 60
42 8 11 55
42 11 2 53
42 11 3 53
42 11 4 51
42 11 6 50
42 11 7 51
42 11 8 50
42 11 9 58
42 11 11 53
43 0 1 71
43 0 2 72
43 0 4 78
43 0 5 76
43 0 6 79
43 0 9 68
43 0 10 69
43 0 11 70
43 5 0 83
43 5 1 95
43 5 2 81
43 5 3 86
43 5 7 93
43 5 8 86
43 5 9 82
43 5 11 95
43 8 0 69
43 8 1 70
43 8 2 76
43 8 3 74
43 8 6 77
43 8 7 66
43 8 10 67
43 8 11 68
43 11 2 74
43 11 3 75
43 11 4 81
43 11 6 79
43 11 7 82
43 11 8 71
43 11 9 72
43 11 11 73
44 5 0 74
44 5 1 75
44 5 2 81
44 5 3 79
44 5 7 82
44 5 8 71
44 5 9 72
44 5 11 73
44 7 0 97
44 7 2 93
44 7 5 87
44 7 6 90
44 7 8 99
44 7 9 90
44 7 10 98
44 7 11 97
44 8 0 72
44 8 1 73
44 8 2 79
44 8 3 77
44 8 6 80
44 8 7 69
44 8 10 70
44 8 11 71
45 0 1 63
45 0 2 65
45 0 4 63
45 0 5 68
45 0 6 63
45 0 9 64
45 0 10 66
45 0 11 65
45 4 2 65
45 4 3 67
45 4 4 65
45 4 6 70
45 4 7 65
45 4 8 66
45 4 9 68
45 4 11 67
45 6 0 63
45 6 2 65
45 6 3 63
45 6 4 68
45 6 5 63
45 6 9 64
45 6 10 66
45 6 11 65
46 5 0 30
46 5 1 31
46 5 2 34
46 5 3 33
46 5 7 34
46 5 8 29
46 5 9 29
46 5 11 30
46 12 1 31
46 12 3 32
46 12 4 35
46 12 6 34
46 12 7 35
46 12 8 30
46 12 9 30
46 12 10 31
46 13 0 34
46 13 1 35
46 13 3 38
46 13 5 37
46 13 6 38
46 13 7 33
46 13 9 33
46 13 11 34
47 1 1 28
47 1 3 28
47 1 5 26
47 1 6 25
47 1 7 26
47 1 8 25
47 1 10 27
47 1 11 28
47 7 0 28
47 7 2 28
47 7 5 26
47 7 6 25
47 7 8 26
47 7 9 25
47 7 10 27
47 7 11 28
47 9 3 26
47 9 5 26
47 9 6 24
47 9 7 23
47 9 8 24
47 9 9 23
47 9 10 25
47 9 11 26
47 12 1 25
47 12 3 25
47 12 4 23
47 12 6 22
47 12 7 23
47 12 8 22
47 12 9 24
47 12 10 25
48 7 0 63
48 7 2 65
48 7 5 63
48 7 6 68
48 7 8 63
48 7 9 64
48 7 10 66
48 7 11 65
48 9 3 65
48 9 5 67
48 9 6 65
48 9 7 70
48 9 8 65
48 9 9 66
48 9 10 68
48 9 11 67
48 10 0 63
48 10 1 65
48 10 2 63
48 10 3 68
48 10 6 63
48 10 7 64
48 10 9 66
48 10 11 65
48 11 2 66
48 11 3 67
48 11 4 73
48 11 6 71
48 11 7 74
48 11 8 63
48 11 9 64
48 11 11 65
49 3 0 29
49 3 4 30
49 3 5 33
49 3 6 32
49 3 7 33
49 3 8 28
49 3 9 28
49 3 10 29
49 4 2 30
49 4 3 31
49 4 4 34
49 4 6 33
49 4 7 34
49 4 8 29
49 4 9 29
49 4 11 30
49 11 2 33
49 11 3 34
49 11 4 37
49 11 6 36
49 11 7 37
49 11 8 32
49 11 9 32
49 11 11 33
49 14 0 32
49 14 1 33
49 14 2 36
49 14 3 35
49 14 4 36
49 14 5 31
49 14 8 31
49 14 9 32
50 5 0 53
50 5 1 53
50 5 2 51
50 5 3 50
50 5 7 51
50 5 8 50
50 5 9 58
50 5 11 53
50 7 0 53
50 7 2 53
50 7 5 51
50 7 6 50
50 7 8 51
50 7 9 50
50 7 10 58
50 7 11 53
50 11 2 51
50 11 3 51
50 11 4 49
50 11 6 48
50 11 7 49
50 11 8 48
50 11 9 56
50 11 11 51
50 13 0 50
50 13 1 50
50 13 3 48
50 13 5 47
50 13 6 48
50 13 7 47
50 13 9 55
50 13 11 50
51 2 0 30
51 2 1 30
51 2 3 28
51 2 5 27
51 2 6 28
51 2 8 27
51 2 10 29
51 2 11 30
51 4 2 31
51 4 3 33
51 4 4 31
51 4 6 29
51 4 7 31
51 4 8 32
51 4 9 27
51 4 11 33
51 13 0 30
51 13 1 31
51 13 3 34
51 13 5 33
51 13 6 34
51 13 7 29
51 13 9 29
51 13 11 30
51 14 0 29
51 14 1 30
51 14 2 33
51 14 3 32
51 14 4 33
51 14 5 28
51 14 8 28
51 14 9 29
52 0 1 104
52 0 2 96
52 0 4 104
52 0 5 101
52 0 6 96
52 0 9 103
52 0 10 103
52 0 11 96
52 1 1 100
52 1 3 92
52 1 5 100
52 1 6 97
52 1 7 92
52 1 8 99
52 1 10 99
52 1 11 92
52 6 0 101
52 6 2 97
52 6 3 91
52 6 4 94
52 6 5 103
52 6 9 94
52 6 10 102
52 6 11 101
52 8 0 104
52 8 1 100
52 8 2 94
52 8 3 97
52 8 6 106
52 8 7 97
52 8 10 105
52 8 11 104
52 10 0 106
52 10 1 98
52 10 2 106
52 10 3 103
52 10 6 98
52 10 7 105
52 10 9 105
52 10 11 98
53 0 1 40
53 0 2 43
53 0 4 38
53 0 5 43
53 0 6 41
53 0 9 43
53 0 10 39
53 0 11 43
53 6 0 44
53 6 2 40
53 6 3 44
53 6 4 47
53 6 5 46
53 6 9 47
53 6 10 45
53 6 11 44
53 8 0 35
53 8 1 36
53 8 2 39
53 8 3 38
53 8 6 39
53 8 7 34
53 8 10 34
53 8 11 35
53 14 0 44
53 14 1 40
53 14 2 44
53 14 3 47
53 14 4 46
53 14 5 47
53 14 8 45
53 14 9 44
54 1 1 13
54 1 3 14
54 1 5 15
54 1 6 15
54 1 7 15
54 1 8 13
54 1 10 13
54 1 11 13
54 2 0 14
54 2 1 15
54 2 3 16
54 2 5 16
54 2 6 16
54 2 8 14
54 2 10 14
54 2 11 14
54 4 2 15
54 4 3 16
54 4 4 17
54 4 6 17
54 4 7 17
54 4 8 15
54 4 9 15
54 4 11 15
54 7 0 15
54 7 2 16
54 7 5 17
54 7 6 17
54 7 8 17
54 7 9 15
54 7 10 15
54 7 11 15
55 0 1 30
55 0 2 30
55 0 4 28
55 0 5 27
55 0 6 28
55 0 9 27
55 0 10 29
55 0 11 30
55 2 0 31
55 2 1 33
55 2 3 31
55 2 5 29
55 2 6 31
55 2 8 32
55 2 10 27
55 2 11 33
55 5 0 30
55 5 1 31
55 5 2 34
55 5 3 33
55 5 7 34
55 5 8 29
55 5 9 29
55 5 11 30
55 8 0 29
55 8 1 30
55 8 2 33
55 8 3 32
55 8 6 33
55 8 7 28
55 8 10 28
55 8 11 29
55 14 0 30
55 14 1 31
55 14 2 34
55 14 3 33
55 14 4 34
55 14 5 29
55 14 8 29
55 14 9 30
56 3 0 76
56 3 4 74
56 3 5 83
56 3 6 75
56 3 7 72
56 3 8 76
56 3 9 74
56 3 10 77
56 4 2 98
56 4 3 94
56 4 4 88
56 4 6 91
56 4 7 100
56 4 8 91
56 4 9 99
56 4 11 98
56 9 3 73
56 9 5 74
56 9 6 80
56 9 7 78
56 9 8 81
56 9 9 70
56 9 10 71
56 9 11 72
56 14 0 78
56 14 1 90
56 14 2 76
56 14 3 81
56 14 4 88
56 14 5 81
56 14 8 77
56 14 9 90
57 1 1 11
57 1 3 12
57 1 5 13
57 1 6 13
57 1 7 13
57 1 8 11
57 1 10 11
57 1 11 11
57 3 0 12
57 3 4 13
57 3 5 14
57 3 6 14
57 3 7 14
57 3 8 12
57 3 9 12
57 3 10 12
57 9 3 13
57 9 5 14
57 9 6 15
57 9 7 15
57 9 8 15
57 9 9 13
57 9 10 13
57 9 11 13
58 1 1 73
58 1 3 74
58 1 5 80
58 1 6 78
58 1 7 81
58 1 8 70
58 1 10 71
58 1 11 72
58 3 0 95
58 3 4 95
58 3 5 81
58 3 6 87
58 3 7 83
58 3 8 89
58 3 9 88
58 3 10 81
58 7 0 71
58 7 2 72
58 7 5 78
58 7 6 76
58 7 8 79
58 7 9 68
58 7 10 69
58 7 11 70
58 13 0 76
58 13 1 88
58 13 3 74
58 13 5 79
58 13 6 86
58 13 7 79
58 13 9 75
58 13 11 88
58 14 0 83
58 14 1 95
58 14 2 81
58 14 3 86
58 14 4 93
58 14 5 86
58 14 8 82
58 14 9 95
59 0 1 48
59 0 2 44
59 0 4 48
59 0 5 51
59 0 6 50
59 0 9 51
59 0 10 49
59 0 11 48
59 2 0 44
59 2 1 40
59 2 3 44
59 2 5 47
59 2 6 46
59 2 8 47
59 2 10 45
59 2 11 44
59 3 0 48
59 3 4 44
59 3 5 48
59 3 6 51
59 3 7 50
59 3 8 51
59 3 9 49
59 3 10 48
59 8 0 55
59 8 1 47
59 8 2 55
59 8 3 52
59 8 6 47
59 8 7 54
59 8 10 54
59 8 11 47
60 0 1 59
60 0 2 61
60 0 4 59
60 0 5 64
60 0 6 59
60 0 9 60
60 0 10 62
60 0 11 61
60 5 0 61
60 5 1 63
60 5 2 61
60 5 3 66
60 5 7 61
60 5 8 62
60 5 9 64
60 5 11 63
60 8 0 59
60 8 1 61
60 8 2 59
60 8 3 64
60 8 6 59
60 8 7 60
60 8 10 62
60 8 11 61
60 11 2 64
60 11 3 66
60 11 4 64
60 11 6 69
60 11 7 64
60 11 8 65
60 11 9 67
60 11 11 66
61 0 1 48
61 0 2 44
61 0 4 48
61 0 5 51
61 0 6 50
61 0 9 51
61 0 10 49
61 0 11 48
61 6 0 44
61 6 2 40
61 6 3 44
61 6 4 47
61 6 5 46
61 6 9 47
61 6 10 45
61 6 11 44
61 8 0 48
61 8 1 44
61 8 2 48
61 8 3 51
61 8 6 50
61 8 7 51
61 8 10 49
61 8 11 48
62 1 1 30
62 1 3 31
62 1 5 34
62 1 6 33
62 1 7 34
62 1 8 29
62 1 10 29
62 1 11 30
62 7 0 31
62 7 2 32
62 7 5 35
62 7 6 34
62 7 8 35
62 7 9 30
62 7 10 30
62 7 11 31
62 10 0 34
62 10 1 35
62 10 2 38
62 10 3 37
62 10 6 38
62 10 7 33
62 10 9 33
62 10 11 34
63 2 0 11
63 2 1 12
63 2 3 13
63 2 5 13
63 2 6 13
63 2 8 11
63 2 10 11
63 2 11 11
63 4 2 12
63 4 3 13
63 4 4 14
63 4 6 14
63 4 7 14
63 4 8 12
63 4 9 12
63 4 11 12
63 5 0 13
63 5 1 14
63 5 2 15
63 5 3 15
63 5 7 15
63 5 8 13
63 5 9 13
63 5 11 13
63 7 0 13
63 7 2 14
63 7 5 15
63 7 6 15
63 7 8 15
63 7 9 13
63 7 10 13
63 7 11 13
63 11 2 13
63 11 3 14
63 11 4 15
63 11 6 15
63 11 7 15
63 11 8 13
63 11 9 13
63 11 11 13
64 2 0 29
64 2 1 29
64 2 3 27
64 2 5 26
64 2 6 27
64 2 8 26
64 2 10 28
64 2 11 29
64 3 0 29
64 3 4 29
64 3 5 27
64 3 6 26
64 3 7 27
64 3 8 26
64 3 9 28
64 3 10 29
64 10 0 27
64 10 1 27
64 10 2 25
64 10 3 24
64 10 6 25
64 10 7 24
64 10 9 26
64 10 11 27
64 13 0 26
64 13 1 26
64 13 3 24
64 13 5 23
64 13 6 24
64 13 7 23
64 13 9 25
64 13 11 26
65 9 3 53
65 9 5 53
65 9 6 51
65 9 7 50
65 9 8 51
65 9 9 50
65 9 10 58
65 9 11 53
65 11 2 48
65 11 3 44
65 11 4 48
65 11 6 51
65 11 7 50
65 11 8 51
65 11 9 49
65 11 11 48
65 14 0 53
65 14 1 53
65 14 2 51
65 14 3 50
65 14 4 51
65 14 5 50
65 14 8 58
65 14 9 53
66 5 0 63
66 5 1 57
66 5 2 56
66 5 3 60
66 5 7 64
66 5 8 60
66 5 9 63
66 5 11 60
66 6 0 59
66 6 2 61
66 6 3 59
66 6 4 64
66 6 5 59
66 6 9 60
66 6 10 62
66 6 11 61
66 8 0 63
66 8 1 57
66 8 2 56
66 8 3 60
66 8 6 64
66 8 7 60
66 8 10 63
66 8 11 60
67 1 1 47
67 1 3 43
67 1 5 47
67 1 6 50
67 1 7 49
67 1 8 50
67 1 10 48
67 1 11 47
67 5 0 43
67 5 1 39
67 5 2 43
67 5 3 46
67 5 7 45
67 5 8 46
67 5 9 44
67 5 11 43
67 8 0 47
67 8 1 43
67 8 2 47
67 8 3 50
67 8 6 49
67 8 7 50
67 8 10 48
67 8 11 47
67 9 3 50
67 9 5 46
67 9 6 50
67 9 7 53
67 9 8 52
67 9 9 53
67 9 10 51
67 9 11 50
68 3 0 31
68 3 4 32
68 3 5 35
68 3 6 34
68 3 7 35
68 3 8 30
68 3 9 30
68 3 10 31
68 4 2 32
68 4 3 33
68 4 4 36
68 4 6 35
68 4 7 36
68 4 8 31
68 4 9 31
68 4 11 32
68 12 1 35
68 12 3 36
68 12 4 39
68 12 6 38
68 12 7 39
68 12 8 34
68 12 9 34
68 12 10 35
68 13 0 34
68 13 1 35
68 13 3 38
68 13 5 37
68 13 6 38
68 13 7 33
68 13 9 33
68 13 11 34
68 14 0 35
68 14 1 36
68 14 2 39
68 14 3 38
68 14 4 39
68 14 5 34
68 14 8 34
68 14 9 35
69 0 1 56
69 0 2 56
69 0 4 54
69 0 5 53
69 0 6 54
69 0 9 53
69 0 10 61
69 0 11 56
69 6 0 63
69 6 2 57
69 6 3 56
69 6 4 60
69 6 5 64
69 6 9 60
69 6 10 63
69 6 11 60
69 7 0 56
69 7 2 56
69 7 5 54
69 7 6 53
69 7 8 54
69 7 9 53
69 7 10 61
69 7 11 56
69 10 0 60
69 10 1 62
69 10 2 60
69 10 3 65
69 10 6 60
69 10 7 61
69 10 9 63
69 10 11 62
69 13 0 56
69 13 1 56
69 13 3 54
69 13 5 53
69 13 6 54
69 13 7 53
69 13 9 61
69 13 11 56
70 6 0 62
70 6 2 64
70 6 3 62
70 6 4 67
70 6 5 62
70 6 9 63
70 6 10 65
70 6 11 64
70 9 3 64
70 9 5 66
70 9 6 64
70 9 7 69
70 9 8 64
70 9 9 65
70 9 10 67
70 9 11 66
70 12 1 62
70 12 3 64
70 12 4 62
70 12 6 67
70 12 7 62
70 12 8 63
70 12 9 65
70 12 10 64
71 3 0 33
71 3 4 34
71 3 5 37
71 3 6 36
71 3 7 37
71 3 8 32
71 3 9 32
71 3 10 33
71 6 0 34
71 6 2 35
71 6 3 38
71 6 4 37
71 6 5 38
71 6 9 33
71 6 10 33
71 6 11 34
71 7 0 40
71 7 2 43
71 7 5 38
71 7 6 43
71 7 8 41
71 7 9 43
71 7 10 39
71 7 11 43
71 8 0 36
71 8 1 37
71 8 2 40
71 8 3 39
71 8 6 40
71 8 7 35
71 8 10 35
71 8 11 36
71 13 0 40
71 13 1 43
71 13 3 38
71 13 5 43
71 13 6 41
71 13 7 43
71 13 9 39
71 13 11 43
72 1 1 50
72 1 3 50
72 1 5 48
72 1 6 47
72 1 7 48
72 1 8 47
72 1 10 55
72 1 11 50
72 2 0 50
72 2 1 50
72 2 3 48
72 2 5 47
72 2 6 48
72 2 8 47
72 2 10 55
72 2 11 50
72 4 2 55
72 4 3 47
72 4 4 55
72 4 6 52
72 4 7 47
72 4 8 54
72 4 9 54
72 4 11 47
72 10 0 50
72 10 1 46
72 10 2 50
72 10 3 53
72 10 6 52
72 10 7 53
72 10 9 51
72 10 11 50
72 13 0 55
72 13 1 47
72 13 3 55
72 13 5 52
72 13 6 47
72 13 7 54
72 13 9 54
72 13 11 47
73 2 0 78
73 2 1 90
73 2 3 76
73 2 5 81
73 2 6 88
73 2 8 81
73 2 10 77
73 2 11 90
73 10 0 101
73 10 1 97
73 10 2 91
73 10 3 94
73 10 6 103
73 10 7 94
73 10 9 102
73 10 11 101
73 14 0 76
73 14 1 88
73 14 2 74
73 14 3 79
73 14 4 86
73 14 5 79
73 14 8 75
73 14 9 88
74 1 1 55
74 1 3 47
74 1 5 55
74 1 6 52
74 1 7 47
74 1 8 54
74 1 10 54
74 1 11 47
74 8 0 47
74 8 1 43
74 8 2 47
74 8 3 50
74 8 6 49
74 8 7 50
74 8 10 48
74 8 11 47
74 10 0 55
74 10 1 47
74 10 2 55
74 10 3 52
74 10 6 47
74 10 7 54
74 10 9 54
74 10 11 47
74 11 2 51
74 11 3 51
74 11 4 49
74 11 6 48
74 11 7 49
74 11 8 48
74 11 9 56
74 11 11 51
75 9 3 9
75 9 5 10
75 9 6 11
75 9 7 11
75 9 8 11
75 9 9 9
75 9 10 9
75 9 11 9
75 12 1 10
75 12 3 11
75 12 4 12
75 12 6 12
75 12 7 12
75 12 8 10
75 12 9 10
75 12 10 10
75 13 0 11
75 13 1 12
75 13 3 13
75 13 5 13
75 13 6 13
75 13 7 11
75 13 9 11
75 13 11 11
75 14 0 11
75 14 1 12
75 14 2 13
75 14 3 13
75 14 4 13
75 14 5 11
75 14 8 11
75 14 9 11
76 3 0 69
76 3 4 70
76 3 5 76
76 3 6 74
76 3 7 77
76 3 8 66
76 3 9 67
76 3 10 68
76 6 0 70
76 6 2 71
76 6 3 77
76 6 4 75
76 6 5 78
76 6 9 67
76 6 10 68
76 6 11 69
76 9 3 76
76 9 5 88
76 9 6 74
76 9 7 79
76 9 8 86
76 9 9 79
76 9 10 75
76 9 11 88
76 12 1 74
76 12 3 75
76 12 4 81
76 12 6 79
76 12 7 82
76 12 8 71
76 12 9 72
76 12 10 73
76 14 0 77
76 14 1 89
76 14 2 75
76 14 3 80
76 14 4 87
76 14 5 80
76 14 8 76
76 14 9 89
77 3 0 51
77 3 4 51
77 3 5 49
77 3 6 48
77 3 7 49
77 3 8 48
77 3 9 56
77 3 10 51
77 5 0 51
77 5 1 51
77 5 2 49
77 5 3 48
77 5 7 49
77 5 8 48
77 5 9 56
77 5 11 51
77 10 0 49
77 10 1 49
77 10 2 47
77 10 3 46
77 10 6 47
77 10 7 46
77 10 9 54
77 10 11 49
78 0 1 26
78 0 2 26
78 0 4 24
78 0 5 23
78 0 6 24
78 0 9 23
78 0 10 25
78 0 11 26
78 2 0 26
78 2 1 26
78 2 3 24
78 2 5 23
78 2 6 24
78 2 8 23
78 2 10 25
78 2 11 26
78 5 0 24
78 5 1 24
78 5 2 22
78 5 3 21
78 5 7 22
78 5 8 21
78 5 9 23
78 5 11 24
78 10 0 23
78 10 1 23
78 10 2 21
78 10 3 20
78 10 6 21
78 10 7 20
78 10 9 22
78 10 11 23
79 2 0 76
79 2 1 88
79 2 3 74
79 2 5 79
79 2 6 86
79 2 8 79
79 2 10 75
79 2 11 88
79 13 0 99
79 13 1 95
79 13 3 89
79 13 5 92
79 13 6 101
79 13 7 92
79 13 9 100
79 13 11 99
79 14 0 74
79 14 1 75
79 14 2 81
79 14 3 79
79 14 4 82
79 14 5 71
79 14 8 72
79 14 9 73
80 5 0 61
80 5 1 63
80 5 2 61
80 5 3 66
80 5 7 61
80 5 8 62
80 5 9 64
80 5 11 63
80 7 0 63
80 7 2 65
80 7 5 63
80 7 6 68
80 7 8 63
80 7 9 64
80 7 10 66
80 7 11 65
80 8 0 61
80 8 1 63
80 8 2 61
80 8 3 66
80 8 6 61
80 8 7 62
80 8 10 64
80 8 11 63
81 1 1 60
81 1 3 62
81 1 5 60
81 1 6 65
81 1 7 60
81 1 8 61
81 1 10 63
81 1 11 62
81 2 0 55
81 2 1 55
81 2 3 53
81 2 5 52
81 2 6 53
81 2 8 52
81 2 10 60
81 2 11 55
81 8 0 54
81 8 1 54
81 8 2 52
81 8 3 51
81 8 6 52
81 8 7 51
81 8 10 59
81 8 11 54
81 10 0 63
81 10 1 57
81 10 2 56
81 10 3 60
81 10 6 64
81 10 7 60
81 10 9 63
81 10 11 60
82 5 0 56
82 5 1 56
82 5 2 54
82 5 3 53
82 5 7 54
82 5 8 53
82 5 9 61
82 5 11 56
82 7 0 63
82 7 2 57
82 7 5 56
82 7 6 60
82 7 8 64
82 7 9 60
82 7 10 63
82 7 11 60
82 10 0 56
82 10 1 56
82 10 2 54
82 10 3 53
82 10 6 54
82 10 7 53
82 10 9 61
82 10 11 56
82 13 0 60
82 13 1 62
82 13 3 60
82 13 5 65
82 13 6 60
82 13 7 61
82 13 9 63
82 13 11 62
83 1 1 31
83 1 3 33
83 1 5 31
83 1 6 29
83 1 7 31
83 1 8 32
83 1 10 27
83 1 11 33
83 2 0 28
83 2 1 29
83 2 3 32
83 2 5 31
83 2 6 32
83 2 8 27
83 2 10 27
83 2 11 28
83 7 0 31
83 7 2 32
83 7 5 35
83 7 6 34
83 7 8 35
83 7 9 30
83 7 10 30
83 7 11 31
83 9 3 30
83 9 5 31
83 9 6 34
83 9 7 33
83 9 8 34
83 9 9 29
83 9 10 29
83 9 11 30
83 11 2 31
83 11 3 32
83 11 4 35
83 11 6 34
83 11 7 35
83 11 8 30
83 11 9 30
83 11 11 31
84 3 0 105
84 3 4 101
84 3 5 95
84 3 6 98
84 3 7 107
84 3 8 98
84 3 9 106
84 3 10 105
84 9 3 101
84 9 5 97
84 9 6 91
84 9 7 94
84 9 8 103
84 9 9 94
84 9 10 102
84 9 11 101
84 13 0 84
84 13 1 96
84 13 3 82
84 13 5 87
84 13 6 94
84 13 7 87
84 13 9 83
84 13 11 96
85 4 2 24
85 4 3 24
85 4 4 22
85 4 6 21
85 4 7 22
85 4 8 21
85 4 9 23
85 4 11 24
85 5 0 24
85 5 1 24
85 5 2 22
85 5 3 21
85 5 7 22
85 5 8 21
85 5 9 23
85 5 11 24
85 9 3 22
85 9 5 22
85 9 6 20
85 9 7 19
85 9 8 20
85 9 9 19
85 9 10 21
85 9 11 22
85 13 0 19
85 13 1 20
85 13 3 19
85 13 5 22
85 13 6 21
85 13 7 22
85 13 9 20
85 13 11 19
86 0 1 31
86 0 2 33
86 0 4 31
86 0 5 29
86 0 6 31
86 0 9 32
86 0 10 27
86 0 11 33
86 2 0 31
86 2 1 33
86 2 3 31
86 2 5 29
86 2 6 31
86 2 8 32
86 2 10 27
86 2 11 33
86 5 0 29
86 5 1 29
86 5 2 27
86 5 3 26
86 5 7 27
86 5 8 26
86 5 9 28
86 5 11 29
86 8 0 28
86 8 1 28
86 8 2 26
86 8 3 25
86 8 6 26
86 8 7 25
86 8 10 27
86 8 11 28
86 14 0 29
86 14 1 29
86 14 2 27
86 14 3 26
86 14 4 27
86 14 5 26
86 14 8 28
86 14 9 29
87 0 1 44
87 0 2 40
87 0 4 44
87 0 5 47
87 0 6 46
87 0 9 47
87 0 10 45
87 0 11 44
87 5 0 36
87 5 1 37
87 5 2 40
87 5 3 39
87 5 7 40
87 5 8 35
87 5 9 35
87 5 11 36
87 7 0 44
87 7 2 40
87 7 5 44
87 7 6 47
87 7 8 46
87 7 9 47
87 7 10 45
87 7 11 44
88 9 3 64
88 9 5 70
88 9 6 74
88 9 7 67
88 9 8 71
88 9 9 67
88 9 10 75
88 9 11 64
88 10 0 66
88 10 1 67
88 10 2 73
88 10 3 71
88 10 6 74
88 10 7 63
88 10 9 64
88 10 11 65
88 12 1 72
88 12 3 73
88 12 4 79
88 12 6 77
88 12 7 80
88 12 8 69
88 12 9 70
88 12 10 71
88 13 0 70
88 13 1 71
88 13 3 77
88 13 5 75
88 13 6 78
88 13 7 67
88 13 9 68
88 13 11 69
89 0 1 47
89 0 2 43
89 0 4 47
89 0 5 50
89 0 6 49
89 0 9 50
89 0 10 48
89 0 11 47
89 4 2 43
89 4 3 39
89 4 4 43
89 4 6 46
89 4 7 45
89 4 8 46
89 4 9 44
89 4 11 43
89 7 0 47
89 7 2 43
89 7 5 47
89 7 6 50
89 7 8 49
89 7 9 50
89 7 10 48
89 7 11 47
89 12 1 50
89 12 3 46
89 12 4 50
89 12 6 53
89 12 7 52
89 12 8 53
89 12 9 51
89 12 10 50
89 14 0 49
89 14 1 45
89 14 2 49
89 14 3 52
89 14 4 51
89 14 5 52
89 14 8 50
89 14 9 49
90 1 1 26
90 1 3 26
90 1 5 24
90 1 6 23
90 1 7 24
90 1 8 23
90 1 10 25
90 1 11 26
90 7 0 26
90 7 2 26
90 7 5 24
90 7 6 23
90 7 8 24
90 7 9 23
90 7 10 25
90 7 11 26
90 9 3 24
90 9 5 24
90 9 6 22
90 9 7 21
90 9 8 22
90 9 9 21
90 9 10 23
90 9 11 24
90 12 1 23
90 12 3 23
90 12 4 21
90 12 6 20
90 12 7 21
90 12 8 20
90 12 9 22
90 12 10 23
90 13 0 24
90 13 1 24
90 13 3 22
90 13 5 21
90 13 6 22
90 13 7 21
90 13 9 23
90 13 11 24
91 10 0 30
91 10 1 30
91 10 2 28
91 10 3 27
91 10 6 28
91 10 7 27
91 10 9 29
91 10 11 30
91 11 2 30
91 11 3 30
91 11 4 28
91 11 6 27
91 11 7 28
91 11 8 27
91 11 9 29
91 11 11 30
91 12 1 28
91 12 3 28
91 12 4 26
91 12 6 25
91 12 7 26
91 12 8 25
91 12 9 27
91 12 10 28
92 2 0 68
92 2 1 69
92 2 3 75
92 2 5 73
92 2 6 76
92 2 8 65
92 2 10 66
92 2 11 67
92 4 2 69
92 4 3 70
92 4 4 76
92 4 6 74
92 4 7 77
92 4 8 66
92 4 9 67
92 4 11 68
92 7 0 76
92 7 2 74
92 7 5 83
92 7 6 75
92 7 8 72
92 7 9 76
92 7 10 74
92 7 11 77
92 8 0 73
92 8 1 74
92 8 2 80
92 8 3 78
92 8 6 81
92 8 7 70
92 8 10 71
92 8 11 72
92 10 0 76
92 10 1 88
92 10 2 74
92 10 3 79
92 10 6 86
92 10 7 79
92 10 9 75
92 10 11 88
93 3 0 56
93 3 4 56
93 3 5 54
93 3 6 53
93 3 7 54
93 3 8 53
93 3 9 61
93 3 10 56
93 4 2 63
93 4 3 57
93 4 4 56
93 4 6 60
93 4 7 64
93 4 8 60
93 4 9 63
93 4 11 60
93 5 0 56
93 5 1 56
93 5 2 54
93 5 3 53
93 5 7 54
93 5 8 53
93 5 9 61
93 5 11 56
94 1 1 46
94 1 3 42
94 1 5 46
94 1 6 49
94 1 7 48
94 1 8 49
94 1 10 47
94 1 11 46
94 4 2 42
94 4 3 38
94 4 4 42
94 4 6 45
94 4 7 44
94 4 8 45
94 4 9 43
94 4 11 42
94 6 0 46
94 6 2 42
94 6 3 46
94 6 4 49
94 6 5 48
94 6 9 49
94 6 10 47
94 6 11 46
94 9 3 49
94 9 5 45
94 9 6 49
94 9 7 52
94 9 8 51
94 9 9 52
94 9 10 50
94 9 11 49
94 12 1 48
94 12 3 44
94 12 4 48
94 12 6 51
94 12 7 50
94 12 8 51
94 12 9 49
94 12 10 48
95 4 2 49
95 4 3 45
95 4 4 49
95 4 6 52
95 4 7 51
95 4 8 52
95 4 9 50
95 4 11 49
95 5 0 45
95 5 1 41
95 5 2 45
95 5 3 48
95 5 7 47
95 5 8 48
95 5 9 46
95 5 11 45
95 7 0 49
95 7 2 45
95 7 5 49
95 7 6 52
95 7 8 51
95 7 9 52
95 7 10 50
95 7 11 49
95 9 3 49
95 9 5 49
95 9 6 47
95 9 7 46
95 9 8 47
95 9 9 46
95 9 10 54
95 9 11 49
96 2 0 66
96 2 1 67
96 2 3 73
96 2 5 71
96 2 6 74
96 2 8 63
96 2 10 64
96 2 11 65
96 5 0 67
96 5 1 68
96 5 2 74
96 5 3 72
96 5 7 75
96 5 8 64
96 5 9 65
96 5 11 66
96 11 2 73
96 11 3 74
96 11 4 80
96 11 6 78
96 11 7 81
96 11 8 70
96 11 9 71
96 11 11 72
96 14 0 71
96 14 1 72
96 14 2 78
96 14 3 76
96 14 4 79
96 14 5 68
96 14 8 69
96 14 9 70
97 1 1 66
97 1 3 68
97 1 5 66
97 1 6 71
97 1 7 66
97 1 8 67
97 1 10 69
97 1 11 68
97 5 0 64
97 5 1 70
97 5 2 74
97 5 3 67
97 5 7 71
97 5 8 67
97 5 9 75
97 5 11 64
97 7 0 71
97 7 2 72
97 7 5 78
97 7 6 76
97 7 8 79
97 7 9 68
97 7 10 69
97 7 11 70
97 12 1 69
97 12 3 70
97 12 4 76
97 12 6 74
97 12 7 77
97 12 8 66
97 12 9 67
97 12 10 68
97 13 0 72
97 13 1 73
97 13 3 79
97 13 5 77
97 13 6 80
97 13 7 69
97 13 9 70
97 13 11 71
98 5 0 47
98 5 1 43
98 5 2 47
98 5 3 50
98 5 7 49
98 5 8 50
98 5 9 48
98 5 11 47
98 8 0 43
98 8 1 39
98 8 2 43
98 8 3 46
98 8 6 45
98 8 7 46
98 8 10 44
98 8 11 43
98 10 0 47
98 10 1 43
98 10 2 47
98 10 3 50
98 10 6 49
98 10 7 50
98 10 9 48
98 10 11 47
98 12 1 50
98 12 3 46
98 12 4 50
98 12 6 53
98 12 7 52
98 12 8 53
98 12 9 51
98 12 10 50
98 14 0 49
98 14 1 45
98 14 2 49
98 14 3 52
98 14 4 51
98 14 5 52
98 14 8 50
98 14 9 49
99 2 0 12
99 2 1 13
99 2 3 14
99 2 5 14
99 2 6 14
99 2 8 12
99 2 10 12
99 2 11 12
99 6 0 13
99 6 2 14
99 6 3 15
99 6 4 15
99 6 5 15
99 6 9 13
99 6 10 13
99 6 11 13
99 9 3 14
99 9 5 15
99 9 6 16
99 9 7 16
99 9 8 16
99 9 9 14
99 9 10 14
99 9 11 14
99 11 2 14
99 11 3 15
99 11 4 16
99 11 6 16
99 11 7 16
99 11 8 14
99 11 9 14
99 11 11 14
99 14 0 14
99 14 1 15
99 14 2 16
99 14 3 16
99 14 4 16
99 14 5 14
99 14 8 14
99 14 9 14
100 1 1 53
100 1 3 53
100 1 5 51
100 1 6 50
100 1 7 51
100 1 8 50
100 1 10 58
100 1 11 53
100 2 0 48
100 2 1 44
100 2 3 48
100 2 5 51
100 2 6 50
100 2 8 51
100 2 10 49
100 2 11 48
100 4 2 53
100 4 3 53
100 4 4 51
100 4 6 50
100 4 7 51
100 4 8 50
100 4 9 58
100 4 11 53
100 8 0 50
100 8 1 50
100 8 2 48
100 8 3 47
100 8 6 48
100 8 7 47
100 8 10 55
100 8 11 50
100 9 3 48
100 9 5 44
100 9 6 48
100 9 7 51
100 9 8 50
100 9 9 51
100 9 10 49
100 9 11 48
101 5 0 30
101 5 1 30
101 5 2 28
101 5 3 27
101 5 7 28
101 5 8 27
101 5 9 29
101 5 11 30
101 7 0 31
101 7 2 33
101 7 5 31
101 7 6 29
101 7 8 31
101 7 9 32
101 7 10 27
101 7 11 33
101 8 0 30
101 8 1 31
101 8 2 34
101 8 3 33
101 8 6 34
101 8 7 29
101 8 10 29
101 8 11 30
102 3 0 31
102 3 4 33
102 3 5 31
102 3 6 29
102 3 7 31
102 3 8 32
102 3 9 27
102 3 10 33
102 7 0 28
102 7 2 29
102 7 5 32
102 7 6 31
102 7 8 32
102 7 9 27
102 7 10 27
102 7 11 28
102 8 0 31
102 8 1 32
102 8 2 35
102 8 3 34
102 8 6 35
102 8 7 30
102 8 10 30
102 8 11 31
103 2 0 50
103 2 1 50
103 2 3 48
103 2 5 47
103 2 6 48
103 2 8 47
103 2 10 55
103 2 11 50
103 5 0 50
103 5 1 50
103 5 2 48
103 5 3 47
103 5 7 48
103 5 8 47
103 5 9 55
103 5 11 50
103 14 0 55
103 14 1 47
103 14 2 55
103 14 3 52
103 14 4 47
103 14 5 54
103 14 8 54
103 14 9 47
104 5 0 17
104 5 1 18
104 5 2 19
104 5 3 19
104 5 7 19
104 5 8 17
104 5 9 17
104 5 11 17
104 6 0 19
104 6 2 20
104 6 3 19
104 6 4 22
104 6 5 21
104 6 9 22
104 6 10 20
104 6 11 19
104 7 0 17
104 7 2 18
104 7 5 19
104 7 6 19
104 7 8 19
104 7 9 17
104 7 10 17
104 7 11 17
104 14 0 23
104 14 1 23
104 14 2 21
104 14 3 20
104 14 4 21
104 14 5 20
104 14 8 22
104 14 9 23
105 6 0 73
105 6 2 74
105 6 3 80
105 6 4 78
105 6 5 81
105 6 9 70
105 6 10 71
105 6 11 72
105 9 3 95
105 9 5 95
105 9 6 81
105 9 7 87
105 9 8 83
105 9 9 89
105 9 10 88
105 9 11 81
105 13 0 71
105 13 1 72
105 13 3 78
105 13 5 76
105 13 6 79
105 13 7 68
105 13 9 69
105 13 11 70
106 3 0 77
106 3 4 89
106 3 5 75
106 3 6 80
106 3 7 87
106 3 8 80
106 3 9 76
106 3 10 89
106 4 2 100
106 4 3 96
106 4 4 90
106 4 6 93
106 4 7 102
106 4 8 93
106 4 9 101
106 4 11 100
106 10 0 76
106 10 1 74
106 10 2 83
106 10 3 75
106 10 6 72
106 10 7 76
106 10 9 74
106 10 11 77
106 12 1 80
106 12 3 92
106 12 4 78
106 12 6 83
106 12 7 90
106 12 8 83
106 12 9 79
106 12 10 92
106 14 0 98
106 14 1 94
106 14 2 88
106 14 3 91
106 14 4 100
106 14 5 91
106 14 8 99
106 14 9 98
107 2 0 49
107 2 1 49
107 2 3 47
107 2 5 46
107 2 6 47
107 2 8 46
107 2 10 54
107 2 11 49
107 8 0 49
107 8 1 49
107 8 2 47
107 8 3 46
107 8 6 47
107 8 7 46
107 8 10 54
107 8 11 49
107 9 3 50
107 9 5 46
107 9 6 50
107 9 7 53
107 9 8 52
107 9 9 53
107 9 10 51
107 9 11 50
108 7 0 47
108 7 2 43
108 7 5 47
108 7 6 50
108 7 8 49
108 7 9 50
108 7 10 48
108 7 11 47
108 8 0 43
108 8 1 39
108 8 2 43
108 8 3 46
108 8 6 45
108 8 7 46
108 8 10 44
108 8 11 43
108 12 1 47
108 12 3 43
108 12 4 47
108 12 6 50
108 12 7 49
108 12 8 50
108 12 9 48
108 12 10 47
109 2 0 64
109 2 1 66
109 2 3 64
109 2 5 69
109 2 6 64
109 2 8 65
109 2 10 67
109 2 11 66
109 4 2 65
109 4 3 67
109 4 4 65
109 4 6 70
109 4 7 65
109 4 8 66
109 4 9 68
109 4 11 67
109 5 0 69
109 5 1 70
109 5 2 76
109 5 3 74
109 5 7 77
109 5 8 66
109 5 9 67
109 5 11 68
109 13 0 67
109 13 1 68
109 13 3 74
109 13 5 72
109 13 6 75
109 13 7 64
109 13 9 65
109 13 11 66
110 11 2 68
110 11 3 69
110 11 4 75
110 11 6 73
110 11 7 76
110 11 8 65
110 11 9 66
110 11 11 67
110 12 1 69
110 12 3 70
110 12 4 76
110 12 6 74
110 12 7 77
110 12 8 66
110 12 9 67
110 12 10 68
110 13 0 76
110 13 1 74
110 13 3 83
110 13 5 75
110 13 6 72
110 13 7 76
110 13 9 74
110 13 11 77
111 3 0 51
111 3 4 51
111 3 5 49
111 3 6 48
111 3 7 49
111 3 8 48
111 3 9 56
111 3 10 51
111 5 0 51
111 5 1 51
111 5 2 49
111 5 3 48
111 5 7 49
111 5 8 48
111 5 9 56
111 5 11 51
111 7 0 49
111 7 2 49
111 7 5 47
111 7 6 46
111 7 8 47
111 7 9 46
111 7 10 54
111 7 11 49
111 12 1 55
111 12 3 47
111 12 4 55
111 12 6 52
111 12 7 47
111 12 8 54
111 12 9 54
111 12 10 47
112 5 0 66
112 5 1 67
112 5 2 73
112 5 3 71
112 5 7 74
112 5 8 63
112 5 9 64
112 5 11 65
112 6 0 67
112 6 2 68
112 6 3 74
112 6 4 72
112 6 5 75
112 6 9 64
112 6 10 65
112 6 11 66
112 8 0 73
112 8 1 74
112 8 2 80
112 8 3 78
112 8 6 81
112 8 7 70
112 8 10 71
112 8 11 72
112 13 0 71
112 13 1 72
112 13 3 78
112 13 5 76
112 13 6 79
112 13 7 68
112 13 9 69
112 13 11 70
113 4 2 73
113 4 3 74
113 4 4 80
113 4 6 78
113 4 7 81
113 4 8 70
113 4 9 71
113 4 11 72
113 6 0 95
113 6 2 95
113 6 3 81
113 6 4 87
113 6 5 83
113 6 9 89
113 6 10 88
113 6 11 81
113 11 2 71
113 11 3 72
113 11 4 78
113 11 6 76
113 11 7 79
113 11 8 68
113 11 9 69
113 11 11 70
113 12 1 76
113 12 3 88
113 12 4 74
113 12 6 79
113 12 7 86
113 12 8 79
113 12 9 75
113 12 10 88
113 13 0 83
113 13 1 95
113 13 3 81
113 13 5 86
113 13 6 93
113 13 7 86
113 13 9 82
113 13 11 95
114 0 1 10
114 0 2 10
114 0 4 11
114 0 5 10
114 0 6 11
114 0 9 10
114 0 10 9
114 0 11 10
114 3 0 10
114 3 4 10
114 3 5 11
114 3 6 10
114 3 7 11
114 3 8 10
114 3 9 9
114 3 10 10
114 4 2 9
114 4 3 10
114 4 4 11
114 4 6 11
114 4 7 11
114 4 8 9
114 4 9 9
114 4 11 9
114 10 0 10
114 10 1 10
114 10 2 11
114 10 3 10
114 10 6 11
114 10 7 10
114 10 9 9
114 10 11 10
114 12 1 9
114 12 3 10
114 12 4 11
114 12 6 11
114 12 7 11
114 12 8 9
114 12 9 9
114 12 10 9
115 1 1 105
115 1 3 101
115 1 5 95
115 1 6 98
115 1 7 107
115 1 8 98
115 1 10 106
115 1 11 105
115 2 0 101
115 2 1 97
115 2 3 91
115 2 5 94
115 2 6 103
115 2 8 94
115 2 10 102
115 2 11 101
115 8 0 84
115 8 1 96
115 8 2 82
115 8 3 87
115 8 6 94
115 8 7 87
115 8 10 83
115 8 11 96
115 9 3 98
115 9 5 94
115 9 6 88
115 9 7 91
115 9 8 100
115 9 9 91
115 9 10 99
115 9 11 98
115 11 2 100
115 11 3 92
115 11 4 100
115 11 6 97
115 11 7 92
115 11 8 99
115 11 9 99
115 11 11 92
116 3 0 52
116 3 4 52
116 3 5 50
116 3 6 49
116 3 7 50
116 3 8 49
116 3 9 57
116 3 10 52
116 9 3 52
116 9 5 52
116 9 6 50
116 9 7 49
116 9 8 50
116 9 9 49
116 9 10 57
116 9 11 52
116 12 1 50
116 12 3 50
116 12 4 48
116 12 6 47
116 12 7 48
116 12 8 47
116 12 9 55
116 12 10 50
117 4 2 72
117 4 3 73
117 4 4 79
117 4 6 77
117 4 7 80
117 4 8 69
117 4 9 70
117 4 11 71
117 5 0 84
117 5 1 96
117 5 2 82
117 5 3 87
117 5 7 94
117 5 8 87
117 5 9 83
117 5 11 96
117 12 1 70
117 12 3 71
117 12 4 77
117 12 6 75
117 12 7 78
117 12 8 67
117 12 9 68
117 12 10 69
118 4 2 28
118 4 3 29
118 4 4 32
118 4 6 31
118 4 7 32
118 4 8 27
118 4 9 27
118 4 11 28
118 9 3 30
118 9 5 31
118 9 6 34
118 9 7 33
118 9 8 34
118 9 9 29
118 9 10 29
118 9 11 30
118 10 0 28
118 10 1 29
118 10 2 32
118 10 3 31
118 10 6 32
118 10 7 27
118 10 9 27
118 10 11 28
119 0 1 51
119 0 2 51
119 0 4 49
119 0 5 48
119 0 6 49
119 0 9 48
119 0 10 56
119 0 11 51
119 3 0 51
119 3 4 51
119 3 5 49
119 3 6 48
119 3 7 49
119 3 8 48
119 3 9 56
119 3 10 51
119 14 0 49
119 14 1 49
119 14 2 47
119 14 3 46
119 14 4 47
119 14 5 46
119 14 8 54
119 14 9 49
120 4 2 31
120 4 3 33
120 4 4 31
120 4 6 29
120 4 7 31
120 4 8 32
120 4 9 27
120 4 11 33
120 6 0 28
120 6 2 29
120 6 3 32
120 6 4 31
120 6 5 32
120 6 9 27
120 6 10 27
120 6 11 28
120 7 0 31
120 7 2 32
120 7 5 35
120 7 6 34
120 7 8 35
120 7 9 30
120 7 10 30
120 7 11 31
121 0 1 29
121 0 2 30
121 0 4 33
121 0 5 32
121 0 6 33
121 0 9 28
121 0 10 28
121 0 11 29
121 2 0 30
121 2 1 31
121 2 3 34
121 2 5 33
121 2 6 34
121 2 8 29
121 2 10 29
121 2 11 30
121 5 0 33
121 5 1 34
121 5 2 37
121 5 3 36
121 5 7 37
121 5 8 32
121 5 9 32
121 5 11 33
121 10 0 32
121 10 1 33
121 10 2 36
121 10 3 35
121 10 6 36
121 10 7 31
121 10 9 31
121 10 11 32
121 14 0 33
121 14 1 34
121 14 2 37
121 14 3 36
121 14 4 37
121 14 5 32
121 14 8 32
121 14 9 33
122 5 0 33
122 5 1 34
122 5 2 37
122 5 3 36
122 5 7 37
122 5 8 32
122 5 9 32
122 5 11 33
122 8 0 34
122 8 1 35
122 8 2 38
122 8 3 37
122 8 6 38
122 8 7 33
122 8 10 33
122 8 11 34
122 9 3 40
122 9 5 43
122 9 6 38
122 9 7 43
122 9 8 41
122 9 9 43
122 9 10 39
122 9 11 43
122 12 1 36
122 12 3 37
122 12 4 40
122 12 6 39
122 12 7 40
122 12 8 35
122 12 9 35
122 12 10 36
123 4 2 60
123 4 3 62
123 4 4 60
123 4 6 65
123 4 7 60
123 4 8 61
123 4 9 63
123 4 11 62
123 5 0 62
123 5 1 64
123 5 2 62
123 5 3 67
123 5 7 62
123 5 8 63
123 5 9 65
123 5 11 64
123 9 3 60
123 9 5 62
123 9 6 60
123 9 7 65
123 9 8 60
123 9 9 61
123 9 10 63
123 9 11 62
123 13 0 65
123 13 1 67
123 13 3 65
123 13 5 70
123 13 6 65
123 13 7 66
123 13 9 68
123 13 11 67
123 14 0 60
123 14 1 62
123 14 2 60
123 14 3 65
123 14 4 60
123 14 5 61
123 14 8 63
123 14 9 62
124 0 1 47
124 0 2 43
124 0 4 47
124 0 5 50
124 0 6 49
124 0 9 50
124 0 10 48
124 0 11 47
124 5 0 43
124 5 1 39
124 5 2 43
124 5 3 46
124 5 7 45
124 5 8 46
124 5 9 44
124 5 11 43
124 10 0 47
124 10 1 43
124 10 2 47
124 10 3 50
124 10 6 49
124 10 7 50
124 10 9 48
124 10 11 47
124 11 2 50
124 11 3 46
124 11 4 50
124 11 6 53
124 11 7 52
124 11 8 53
124 11 9 51
124 11 11 50
124 14 0 49
124 14 1 45
124 14 2 49
124 14 3 52
124 14 4 51
124 14 5 52
124 14 8 50
124 14 9 49
125 0 1 72
125 0 2 73
125 0 4 79
125 0 5 77
125 0 6 80
125 0 9 69
125 0 10 70
125 0 11 71
125 1 1 84
125 1 3 96
125 1 5 82
125 1 6 87
125 1 7 94
125 1 8 87
125 1 10 83
125 1 11 96
125 2 0 70
125 2 1 71
125 2 3 77
125 2 5 75
125 2 6 78
125 2 8 67
125 2 10 68
125 2 11 69
125 7 0 76
125 7 2 74
125 7 5 83
125 7 6 75
125 7 8 72
125 7 9 76
125 7 10 74
125 7 11 77
126 0 1 79
126 0 2 91
126 0 4 77
126 0 5 82
126 0 6 89
126 0 9 82
126 0 10 78
126 0 11 91
126 7 0 102
126 7 2 98
126 7 5 92
126 7 6 95
126 7 8 104
126 7 9 95
126 7 10 103
126 7 11 102
126 11 2 77
126 11 3 89
126 11 4 75
126 11 6 80
126 11 7 87
126 11 8 80
126 11 9 76
126 11 11 89
127 1 1 51
127 1 3 51
127 1 5 49
127 1 6 48
127 1 7 49
127 1 8 48
127 1 10 56
127 1 11 51
127 2 0 51
127 2 1 51
127 2 3 49
127 2 5 48
127 2 6 49
127 2 8 48
127 2 10 56
127 2 11 51
127 4 2 49
127 4 3 49
127 4 4 47
127 4 6 46
127 4 7 47
127 4 8 46
127 4 9 54
127 4 11 49
127 7 0 55
127 7 2 47
127 7 5 55
127 7 6 52
127 7 8 47
127 7 9 54
127 7 10 54
127 7 11 47
127 11 2 49
127 11 3 49
127 11 4 47
127 11 6 46
127 11 7 47
127 11 8 46
127 11 9 54
127 11 11 49
128 2 0 28
128 2 1 29
128 2 3 32
128 2 5 31
128 2 6 32
128 2 8 27
128 2 10 27
128 2 11 28
128 3 0 30
128 3 4 31
128 3 5 34
128 3 6 33
128 3 7 34
128 3 8 29
128 3 9 29
128 3 10 30
128 5 0 28
128 5 1 29
128 5 2 32
128 5 3 31
128 5 7 32
128 5 8 27
128 5 9 27
128 5 11 28
128 7 0 30
128 7 2 30
128 7 5 28
128 7 6 27
128 7 8 28
128 7 9 27
128 7 10 29
128 7 11 30
128 10 0 28
128 10 1 29
128 10 2 32
128 10 3 31
128 10 6 32
128 10 7 27
128 10 9 27
128 10 11 28
129 1 1 77
129 1 3 89
129 1 5 75
129 1 6 80
129 1 7 87
129 1 8 80
129 1 10 76
129 1 11 89
129 3 0 100
129 3 4 96
129 3 5 90
129 3 6 93
129 3 7 102
129 3 8 93
129 3 9 101
129 3 10 100
129 10 0 76
129 10 1 74
129 10 2 83
129 10 3 75
129 10 6 72
129 10 7 76
129 10 9 74
129 10 11 77
130 0 1 68
130 0 2 69
130 0 4 75
130 0 5 73
130 0 6 76
130 0 9 65
130 0 10 66
130 0 11 67
130 2 0 69
130 2 1 70
130 2 3 76
130 2 5 74
130 2 6 77
130 2 8 66
130 2 10 67
130 2 11 68
130 3 0 76
130 3 4 74
130 3 5 83
130 3 6 75
130 3 7 72
130 3 8 76
130 3 9 74
130 3 10 77
130 4 2 73
130 4 3 74
130 4 4 80
130 4 6 78
130 4 7 81
130 4 8 70
130 4 9 71
130 4 11 72
130 8 0 76
130 8 1 88
130 8 2 74
130 8 3 79
130 8 6 86
130 8 7 79
130 8 10 75
130 8 11 88
131 0 1 49
131 0 2 45
131 0 4 49
131 0 5 52
131 0 6 51
131 0 9 52
131 0 10 50
131 0 11 49
131 1 1 45
131 1 3 41
131 1 5 45
131 1 6 48
131 1 7 47
131 1 8 48
131 1 10 46
131 1 11 45
131 9 3 49
131 9 5 45
131 9 6 49
131 9 7 52
131 9 8 51
131 9 9 52
131 9 10 50
131 9 11 49
131 12 1 49
131 12 3 49
131 12 4 47
131 12 6 46
131 12 7 47
131 12 8 46
131 12 9 54
131 12 10 49
131 13 0 55
131 13 1 47
131 13 3 55
131 13 5 52
131 13 6 47
131 13 7 54
131 13 9 54
131 13 11 47
132 3 0 51
132 3 4 51
132 3 5 49
132 3 6 48
132 3 7 49
132 3 8 48
132 3 9 56
132 3 10 51
132 6 0 51
132 6 2 51
132 6 3 49
132 6 4 48
132 6 5 49
132 6 9 48
132 6 10 56
132 6 11 51
132 10 0 49
132 10 1 49
132 10 2 47
132 10 3 46
132 10 6 47
132 10 7 46
132 10 9 54
132 10 11 49
132 13 0 55
132 13 1 47
132 13 3 55
132 13 5 52
132 13 6 47
132 13 7 54
132 13 9 54
132 13 11 47
133 5 0 15
133 5 1 16
133 5 2 17
133 5 3 17
133 5 7 17
133 5 8 15
133 5 9 15
133 5 11 15
133 6 0 16
133 6 2 17
133 6 3 18
133 6 4 18
133 6 5 18
133 6 9 16
133 6 10 16
133 6 11 16
133 7 0 17
133 7 2 18
133 7 5 19
133 7 6 19
133 7 8 19
133 7 9 17
133 7 10 17
133 7 11 17
133 10 0 17
133 10 1 18
133 10 2 19
133 10 3 19
133 10 6 19
133 10 7 17
133 10 9 17
133 10 11 17
134 4 2 48
134 4 3 44
134 4 4 48
134 4 6 51
134 4 7 50
134 4 8 51
134 4 9 49
134 4 11 48
134 6 0 44
134 6 2 40
134 6 3 44
134 6 4 47
134 6 5 46
134 6 9 47
134 6 10 45
134 6 11 44
134 12 1 48
134 12 3 44
134 12 4 48
134 12 6 51
134 12 7 50
134 12 8 51
134 12 9 49
134 12 10 48
135 2 0 44
135 2 1 40
135 2 3 44
135 2 5 47
135 2 6 46
135 2 8 47
135 2 10 45
135 2 11 44
135 4 2 36
135 4 3 37
135 4 4 40
135 4 6 39
135 4 7 40
135 4 8 35
135 4 9 35
135 4 11 36
135 8 0 44
135 8 1 40
135 8 2 44
135 8 3 47
135 8 6 46
135 8 7 47
135 8 10 45
135 8 11 44
135 9 3 47
135 9 5 43
135 9 6 47
135 9 7 50
135 9 8 49
135 9 9 50
135 9 10 48
135 9 11 47
135 12 1 46
135 12 3 42
135 12 4 46
135 12 6 49
135 12 7 48
135 12 8 49
135 12 9 47
135 12 10 46
136 3 0 33
136 3 4 34
136 3 5 37
136 3 6 36
136 3 7 37
136 3 8 32
136 3 9 32
136 3 10 33
136 4 2 34
136 4 3 35
136 4 4 38
136 4 6 37
136 4 7 38
136 4 8 33
136 4 9 33
136 4 11 34
136 13 0 40
136 13 1 43
136 13 3 38
136 13 5 43
136 13 6 41
136 13 7 43
136 13 9 39
136 13 11 43
137 4 2 60
137 4 3 62
137 4 4 60
137 4 6 65
137 4 7 60
137 4 8 61
137 4 9 63
137 4 11 62
137 8 0 55
137 8 1 55
137 8 2 53
137 8 3 52
137 8 6 53
137 8 7 52
137 8 10 60
137 8 11 55
137 9 3 54
137 9 5 54
137 9 6 52
137 9 7 51
137 9 8 52
137 9 9 51
137 9 10 59
137 9 11 54
137 11 2 63
137 11 3 57
137 11 4 56
137 11 6 60
137 11 7 64
137 11 8 60
137 11 9 63
137 11 11 60
137 12 1 61
137 12 3 63
137 12 4 61
137 12 6 66
137 12 7 61
137 12 8 62
137 12 9 64
137 12 10 63
138 1 1 51
138 1 3 51
138 1 5 49
138 1 6 48
138 1 7 49
138 1 8 48
138 1 10 56
138 1 11 51
138 6 0 51
138 6 2 51
138 6 3 49
138 6 4 48
138 6 5 49
138 6 9 48
138 6 10 56
138 6 11 51
138 7 0 49
138 7 2 49
138 7 5 47
138 7 6 46
138 7 8 47
138 7 9 46
138 7 10 54
138 7 11 49
139 2 0 14
139 2 1 15
139 2 3 16
139 2 5 16
139 2 6 16
139 2 8 14
139 2 10 14
139 2 11 14
139 13 0 15
139 13 1 16
139 13 3 17
139 13 5 17
139 13 6 17
139 13 7 15
139 13 9 15
139 13 11 15
139 14 0 16
139 14 1 17
139 14 2 18
139 14 3 18
139 14 4 18
139 14 5 16
139 14 8 16
139 14 9 16
140 2 0 28
140 2 1 28
140 2 3 26
140 2 5 25
140 2 6 26
140 2 8 25
140 2 10 27
140 2 11 28
140 3 0 28
140 3 4 28
140 3 5 26
140 3 6 25
140 3 7 26
140 3 8 25
140 3 9 27
140 3 10 28
140 5 0 26
140 5 1 26
140 5 2 24
140 5 3 23
140 5 7 24
140 5 8 23
140 5 9 25
140 5 11 26
140 11 2 25
140 11 3 25
140 11 4 23
140 11 6 22
140 11 7 23
140 11 8 22
140 11 9 24
140 11 11 25
140 13 0 26
140 13 1 26
140 13 3 24
140 13 5 23
140 13 6 24
140 13 7 23
140 13 9 25
140 13 11 26
141 6 0 49
141 6 2 49
141 6 3 47
141 6 4 46
141 6 5 47
141 6 9 46
141 6 10 54
141 6 11 49
141 8 0 49
141 8 1 49
141 8 2 47
141 8 3 46
141 8 6 47
141 8 7 46
141 8 10 54
141 8 11 49
141 13 0 50
141 13 1 46
141 13 3 50
141 13 5 53
141 13 6 52
141 13 7 53
141 13 9 51
141 13 11 50
141 14 0 49
141 14 1 45
141 14 2 49
141 14 3 52
141 14 4 51
141 14 5 52
141 14 8 50
141 14 9 49
142 0 1 103
142 0 2 95
142 0 4 103
142 0 5 100
142 0 6 95
142 0 9 102
142 0 10 102
142 0 11 95
142 4 2 94
142 4 3 103
142 4 4 101
142 4 6 106
142 4 7 101
142 4 8 109
142 4 9 90
142 4 11 103
142 14 0 100
142 14 1 96
142 14 2 90
142 14 3 93
142 14 4 102
142 14 5 93
142 14 8 101
142 14 9 100
143 0 1 45
143 0 2 41
143 0 4 45
143 0 5 48
143 0 6 47
143 0 9 48
143 0 10 46
143 0 11 45
143 1 1 40
143 1 3 43
143 1 5 38
143 1 6 43
143 1 7 41
143 1 8 43
143 1 10 39
143 1 11 43
143 6 0 45
143 6 2 41
143 6 3 45
143 6 4 48
143 6 5 47
143 6 9 48
143 6 10 46
143 6 11 45
143 8 0 48
143 8 1 44
143 8 2 48
143 8 3 51
143 8 6 50
143 8 7 51
143 8 10 49
143 8 11 48
143 10 0 47
143 10 1 43
143 10 2 47
143 10 3 50
143 10 6 49
143 10 7 50
143 10 9 48
143 10 11 47
144 0 1 64
144 0 2 66
144 0 4 64
144 0 5 69
144 0 6 64
144 0 9 65
144 0 10 67
144 0 11 66
144 4 2 65
144 4 3 67
144 4 4 65
144 4 6 70
144 4 7 65
144 4 8 66
144 4 9 68
144 4 11 67
144 6 0 69
144 6 2 70
144 6 3 76
144 6 4 74
144 6 5 77
144 6 9 66
144 6 10 67
144 6 11 68
144 9 3 67
144 9 5 68
144 9 6 74
144 9 7 72
144 9 8 75
144 9 9 64
144 9 10 65
144 9 11 66
144 14 0 70
144 14 1 71
144 14 2 77
144 14 3 75
144 14 4 78
144 14 5 67
144 14 8 68
144 14 9 69
145 1 1 73
145 1 3 74
145 1 5 80
145 1 6 78
145 1 7 81
145 1 8 70
145 1 10 71
145 1 11 72
145 2 0 95
145 2 1 95
145 2 3 81
145 2 5 87
145 2 6 83
145 2 8 89
145 2 10 88
145 2 11 81
145 8 0 71
145 8 1 72
145 8 2 78
145 8 3 76
145 8 6 79
145 8 7 68
145 8 10 69
145 8 11 70
145 12 1 76
145 12 3 88
145 12 4 74
145 12 6 79
145 12 7 86
145 12 8 79
145 12 9 75
145 12 10 88
146 2 0 30
146 2 1 30
146 2 3 28
146 2 5 27
146 2 6 28
146 2 8 27
146 2 10 29
146 2 11 30
146 6 0 31
146 6 2 33
146 6 3 31
146 6 4 29
146 6 5 31
146 6 9 32
146 6 10 27
146 6 11 33
146 12 1 30
146 12 3 31
146 12 4 34
146 12 6 33
146 12 7 34
146 12 8 29
146 12 9 29
146 12 10 30
147 6 0 72
147 6 2 73
147 6 3 79
147 6 4 77
147 6 5 80
147 6 9 69
147 6 10 70
147 6 11 71
147 10 0 84
147 10 1 96
147 10 2 82
147 10 3 87
147 10 6 94
147 10 7 87
147 10 9 83
147 10 11 96
147 13 0 70
147 13 1 71
147 13 3 77
147 13 5 75
147 13 6 78
147 13 7 67
147 13 9 68
147 13 11 69
148 4 2 12
148 4 3 13
148 4 4 14
148 4 6 14
148 4 7 14
148 4 8 12
148 4 9 12
148 4 11 12
148 8 0 13
148 8 1 14
148 8 2 15
148 8 3 15
148 8 6 15
148 8 7 13
148 8 10 13
148 8 11 13
148 14 0 14
148 14 1 15
148 14 2 16
148 14 3 16
148 14 4 16
148 14 5 14
148 14 8 14
148 14 9 14
149 3 0 40
149 3 4 43
149 3 5 38
149 3 6 43
149 3 7 41
149 3 8 43
149 3 9 39
149 3 10 43
149 8 0 44
149 8 1 40
149 8 2 44
149 8 3 47
149 8 6 46
149 8 7 47
149 8 10 45
149 8 11 44
149 9 3 35
149 9 5 36
149 9 6 39
149 9 7 38
149 9 8 39
149 9 9 34
149 9 10 34
149 9 11 35
150 0 1 55
150 0 2 47
150 0 4 55
150 0 5 52
150 0 6 47
150 0 9 54
150 0 10 54
150 0 11 47
150 3 0 47
150 3 4 43
150 3 5 47
150 3 6 50
150 3 7 49
150 3 8 50
150 3 9 48
150 3 10 47
150 6 0 55
150 6 2 47
150 6 3 55
150 6 4 52
150 6 5 47
150 6 9 54
150 6 10 54
150 6 11 47
150 7 0 51
150 7 2 51
150 7 5 49
150 7 6 48
150 7 8 49
150 7 9 48
150 7 10 56
150 7 11 51
150 9 3 50
150 9 5 50
150 9 6 48
150 9 7 47
150 9 8 48
150 9 9 47
150 9 10 55
150 9 11 50
151 2 0 31
151 2 1 33
151 2 3 31
151 2 5 29
151 2 6 31
151 2 8 32
151 2 10 27
151 2 11 33
151 8 0 31
151 8 1 33
151 8 2 31
151 8 3 29
151 8 6 31
151 8 7 32
151 8 10 27
151 8 11 33
151 14 0 29
151 14 1 29
151 14 2 27
151 14 3 26
151 14 4 27
151 14 5 26
151 14 8 28
151 14 9 29
152 2 0 29
152 2 1 30
152 2 3 33
152 2 5 32
152 2 6 33
152 2 8 28
152 2 10 28
152 2 11 29
152 3 0 30
152 3 4 31
152 3 5 34
152 3 6 33
152 3 7 34
152 3 8 29
152 3 9 29
152 3 10 30
152 6 0 33
152 6 2 34
152 6 3 37
152 6 4 36
152 6 5 37
152 6 9 32
152 6 10 32
152 6 11 33
152 9 3 32
152 9 5 33
152 9 6 36
152 9 7 35
152 9 8 36
152 9 9 31
152 9 10 31
152 9 11 32
153 0 1 64
153 0 2 66
153 0 4 64
153 0 5 69
153 0 6 64
153 0 9 65
153 0 10 67
153 0 11 66
153 2 0 65
153 2 1 67
153 2 3 65
153 2 5 70
153 2 6 65
153 2 8 66
153 2 10 68
153 2 11 67
153 10 0 69
153 10 1 70
153 10 2 76
153 10 3 74
153 10 6 77
153 10 7 66
153 10 9 67
153 10 11 68
153 11 2 67
153 11 3 68
153 11 4 74
153 11 6 72
153 11 7 75
153 11 8 64
153 11 9 65
153 11 11 66
154 4 2 102
154 4 3 94
154 4 4 102
154 4 6 99
154 4 7 94
154 4 8 101
154 4 9 101
154 4 11 94
154 9 3 105
154 9 5 101
154 9 6 95
154 9 7 98
154 9 8 107
154 9 9 98
154 9 10 106
154 9 11 105
154 13 0 99
154 13 1 95
154 13 3 89
154 13 5 92
154 13 6 101
154 13 7 92
154 13 9 100
154 13 11 99
154 14 0 102
154 14 1 98
154 14 2 92
154 14 3 95
154 14 4 104
154 14 5 95
154 14 8 103
154 14 9 102
155 2 0 100
155 2 1 92
155 2 3 100
155 2 5 97
155 2 6 92
155 2 8 99
155 2 10 99
155 2 11 92
155 4 2 103
155 4 3 99
155 4 4 93
155 4 6 96
155 4 7 105
155 4 8 96
155 4 9 104
155 4 11 103
155 8 0 97
155 8 1 93
155 8 2 87
155 8 3 90
155 8 6 99
155 8 7 90
155 8 10 98
155 8 11 97
155 14 0 100
155 14 1 96
155 14 2 90
155 14 3 93
155 14 4 102
155 14 5 93
155 14 8 101
155 14 9 100
156 2 0 71
156 2 1 72
156 2 3 78
156 2 5 76
156 2 6 79
156 2 8 68
156 2 10 69
156 2 11 70
156 5 0 83
156 5 1 95
156 5 2 81
156 5 3 86
156 5 7 93
156 5 8 86
156 5 9 82
156 5 11 95
156 8 0 69
156 8 1 70
156 8 2 76
156 8 3 74
156 8 6 77
156 8 7 66
156 8 10 67
156 8 11 68
156 9 3 74
156 9 5 75
156 9 6 81
156 9 7 79
156 9 8 82
156 9 9 71
156 9 10 72
156 9 11 73
157 8 0 23
157 8 1 23
157 8 2 21
157 8 3 20
157 8 6 21
157 8 7 20
157 8 10 22
157 8 11 23
157 10 0 23
157 10 1 23
157 10 2 21
157 10 3 20
157 10 6 21
157 10 7 20
157 10 9 22
157 10 11 23
157 12 1 19
157 12 3 20
157 12 4 19
157 12 6 22
157 12 7 21
157 12 8 22
157 12 9 20
157 12 10 19
157 13 0 17
157 13 1 18
157 13 3 19
157 13 5 19
157 13 6 19
157 13 7 17
157 13 9 17
157 13 11 17
158 1 1 28
158 1 3 29
158 1 5 32
158 1 6 31
158 1 7 32
158 1 8 27
158 1 10 27
158 1 11 28
158 3 0 29
158 3 4 30
158 3 5 33
158 3 6 32
158 3 7 33
158 3 8 28
158 3 9 28
158 3 10 29
158 4 2 32
158 4 3 33
158 4 4 36
158 4 6 35
158 4 7 36
158 4 8 31
158 4 9 31
158 4 11 32
158 7 0 31
158 7 2 32
158 7 5 35
158 7 6 34
158 7 8 35
158 7 9 30
158 7 10 30
158 7 11 31
158 8 0 32
158 8 1 33
158 8 2 36
158 8 3 35
158 8 6 36
158 8 7 31
158 8 10 31
158 8 11 32
159 0 1 31
159 0 2 33
159 0 4 31
159 0 5 29
159 0 6 31
159 0 9 32
159 0 10 27
159 0 11 33
159 3 0 28
159 3 4 29
159 3 5 32
159 3 6 31
159 3 7 32
159 3 8 27
159 3 9 27
159 3 10 28
159 8 0 31
159 8 1 32
159 8 2 35
159 8 3 34
159 8 6 35
159 8 7 30
159 8 10 30
159 8 11 31
159 13 0 30
159 13 1 31
159 13 3 34
159 13 5 33
159 13 6 34
159 13 7 29
159 13 9 29
159 13 11 30
159 14 0 31
159 14 1 32
159 14 2 35
159 14 3 34
159 14 4 35
159 14 5 30
159 14 8 30
159 14 9 31
160 1 1 65
160 1 3 67
160 1 5 65
160 1 6 70
160 1 7 65
160 1 8 66
160 1 10 68
160 1 11 67
160 9 3 66
160 9 5 68
160 9 6 66
160 9 7 71
160 9 8 66
160 9 9 67
160 9 10 69
160 9 11 68
160 13 0 70
160 13 1 71
160 13 3 77
160 13 5 75
160 13 6 78
160 13 7 67
160 13 9 68
160 13 11 69
161 0 1 51
161 0 2 51
161 0 4 49
161 0 5 48
161 0 6 49
161 0 9 48
161 0 10 56
161 0 11 51
161 8 0 51
161 8 1 51
161 8 2 49
161 8 3 48
161 8 6 49
161 8 7 48
161 8 10 56
161 8 11 51
161 12 1 49
161 12 3 49
161 12 4 47
161 12 6 46
161 12 7 47
161 12 8 46
161 12 9 54
161 12 10 49
162 6 0 71
162 6 2 72
162 6 3 78
162 6 4 76
162 6 5 79
162 6 9 68
162 6 10 69
162 6 11 70
162 8 0 83
162 8 1 95
162 8 2 81
162 8 3 86
162 8 6 93
162 8 7 86
162 8 10 82
162 8 11 95
162 10 0 69
162 10 1 70
162 10 2 76
162 10 3 74
162 10 6 77
162 10 7 66
162 10 9 67
162 10 11 68
163 5 0 71
163 5 1 72
163 5 2 78
163 5 3 76
163 5 7 79
163 5 8 68
163 5 9 69
163 5 11 70
163 6 0 83
163 6 2 95
163 6 3 81
163 6 4 86
163 6 5 93
163 6 9 86
163 6 10 82
163 6 11 95
163 10 0 69
163 10 1 70
163 10 2 76
163 10 3 74
163 10 6 77
163 10 7 66
163 10 9 67
163 10 11 68
163 11 2 74
163 11 3 75
163 11 4 81
163 11 6 79
163 11 7 82
163 11 8 71
163 11 9 72
163 11 11 73
163 12 1 81
163 12 3 93
163 12 4 79
163 12 6 84
163 12 7 91
163 12 8 84
163 12 9 80
163 12 10 93
164 2 0 29
164 2 1 29
164 2 3 27
164 2 5 26
164 2 6 27
164 2 8 26
164 2 10 28
164 2 11 29
164 6 0 29
164 6 2 29
164 6 3 27
164 6 4 26
164 6 5 27
164 6 9 26
164 6 10 28
164 6 11 29
164 10 0 27
164 10 1 27
164 10 2 25
164 10 3 24
164 10 6 25
164 10 7 24
164 10 9 26
164 10 11 27
165 0 1 9
165 0 2 10
165 0 4 11
165 0 5 11
165 0 6 11
165 0 9 9
165 0 10 9
165 0 11 9
165 2 0 10
165 2 1 11
165 2 3 12
165 2 5 12
165 2 6 12
165 2 8 10
165 2 10 10
165 2 11 10
165 4 2 11
165 4 3 12
165 4 4 13
165 4 6 13
165 4 7 13
165 4 8 11
165 4 9 11
165 4 11 11
165 5 0 11
165 5 1 12
165 5 2 13
165 5 3 13
165 5 7 13
165 5 8 11
165 5 9 11
165 5 11 11
165 13 0 11
165 13 1 12
165 13 3 13
165 13 5 13
165 13 6 13
165 13 7 11
165 13 9 11
165 13 11 11
166 0 1 29
166 0 2 29
166 0 4 27
166 0 5 26
166 0 6 27
166 0 9 26
166 0 10 28
166 0 11 29
166 1 1 30
166 1 3 30
166 1 5 28
166 1 6 27
166 1 7 28
166 1 8 27
166 1 10 29
166 1 11 30
166 3 0 29
166 3 4 30
166 3 5 33
166 3 6 32
166 3 7 33
166 3 8 28
166 3 9 28
166 3 10 29
166 8 0 28
166 8 1 29
166 8 2 32
166 8 3 31
166 8 6 32
166 8 7 27
166 8 10 27
166 8 11 28
166 10 0 29
166 10 1 30
166 10 2 33
166 10 3 32
166 10 6 33
166 10 7 28
166 10 9 28
166 10 11 29
167 1 1 40
167 1 3 43
167 1 5 38
167 1 6 43
167 1 7 41
167 1 8 43
167 1 10 39
167 1 11 43
167 3 0 44
167 3 4 40
167 3 5 44
167 3 6 47
167 3 7 46
167 3 8 47
167 3 9 45
167 3 10 44
167 5 0 35
167 5 1 36
167 5 2 39
167 5 3 38
167 5 7 39
167 5 8 34
167 5 9 34
167 5 11 35
167 13 0 44
167 13 1 40
167 13 3 44
167 13 5 47
167 13 6 46
167 13 7 47
167 13 9 45
167 13 11 44
168 0 1 64
168 0 2 66
168 0 4 64
168 0 5 69
168 0 6 64
168 0 9 65
168 0 10 67
168 0 11 66
168 2 0 65
168 2 1 67
168 2 3 65
168 2 5 70
168 2 6 65
168 2 8 66
168 2 10 68
168 2 11 67
168 4 2 69
168 4 3 70
168 4 4 76
168 4 6 74
168 4 7 77
168 4 8 66
168 4 9 67
168 4 11 68
168 5 0 67
168 5 1 68
168 5 2 74
168 5 3 72
168 5 7 75
168 5 8 64
168 5 9 65
168 5 11 66
168 9 3 70
168 9 5 71
168 9 6 77
168 9 7 75
168 9 8 78
168 9 9 67
168 9 10 68
168 9 11 69
169 2 0 72
169 2 1 73
169 2 3 79
169 2 5 77
169 2 6 80
169 2 8 69
169 2 10 70
169 2 11 71
169 4 2 84
169 4 3 96
169 4 4 82
169 4 6 87
169 4 7 94
169 4 8 87
169 4 9 83
169 4 11 96
169 6 0 70
169 6 2 71
169 6 3 77
169 6 4 75
169 6 5 78
169 6 9 67
169 6 10 68
169 6 11 69
169 10 0 76
169 10 1 74
169 10 2 83
169 10 3 75
169 10 6 72
169 10 7 76
169 10 9 74
169 10 11 77
170 4 2 66
170 4 3 67
170 4 4 73
170 4 6 71
170 4 7 74
170 4 8 63
170 4 9 64
170 4 11 65
170 5 0 67
170 5 1 68
170 5 2 74
170 5 3 72
170 5 7 75
170 5 8 64
170 5 9 65
170 5 11 66
170 13 0 73
170 13 1 74
170 13 3 80
170 13 5 78
170 13 6 81
170 13 7 70
170 13 9 71
170 13 11 72
170 14 0 71
170 14 1 72
170 14 2 78
170 14 3 76
170 14 4 79
170 14 5 68
170 14 8 69
170 14 9 70
171 0 1 94
171 0 2 103
171 0 4 101
171 0 5 106
171 0 6 101
171 0 9 109
171 0 10 90
171 0 11 103
171 3 0 102
171 3 4 98
171 3 5 92
171 3 6 95
171 3 7 104
171 3 8 95
171 3 9 103
171 3 10 102
171 14 0 95
171 14 1 95
171 14 2 81
171 14 3 87
171 14 4 83
171 14 5 89
171 14 8 88
171 14 9 81
172 3 0 26
172 3 4 26
172 3 5 24
172 3 6 23
172 3 7 24
172 3 8 23
172 3 9 25
172 3 10 26
172 5 0 26
172 5 1 26
172 5 2 24
172 5 3 23
172 5 7 24
172 5 8 23
172 5 9 25
172 5 11 26
172 8 0 24
172 8 1 24
172 8 2 22
172 8 3 21
172 8 6 22
172 8 7 21
172 8 10 23
172 8 11 24
172 9 3 23
172 9 5 23
172 9 6 21
172 9 7 20
172 9 8 21
172 9 9 20
172 9 10 22
172 9 11 23
172 10 0 24
172 10 1 24
172 10 2 22
172 10 3 21
172 10 6 22
172 10 7 21
172 10 9 23
172 10 11 24
173 2 0 100
173 2 1 92
173 2 3 100
173 2 5 97
173 2 6 92
173 2 8 99
173 2 10 99
173 2 11 92
173 8 0 103
173 8 1 99
173 8 2 93
173 8 3 96
173 8 6 105
173 8 7 96
173 8 10 104
173 8 11 103
173 9 3 97
173 9 5 93
173 9 6 87
173 9 7 90
173 9 8 99
173 9 9 90
173 9 10 98
173 9 11 97
174 0 1 71
174 0 2 72
174 0 4 78
174 0 5 76
174 0 6 79
174 0 9 68
174 0 10 69
174 0 11 70
174 5 0 83
174 5 1 95
174 5 2 81
174 5 3 86
174 5 7 93
174 5 8 86
174 5 9 82
174 5 11 95
174 14 0 69
174 14 1 70
174 14 2 76
174 14 3 74
174 14 4 77
174 14 5 66
174 14 8 67
174 14 9 68
175 3 0 103
175 3 4 99
175 3 5 93
175 3 6 96
175 3 7 105
175 3 8 96
175 3 9 104
175 3 10 103
175 5 0 99
175 5 1 95
175 5 2 89
175 5 3 92
175 5 7 101
175 5 8 92
175 5 9 100
175 5 11 99
175 6 0 82
175 6 2 94
175 6 3 80
175 6 4 85
175 6 5 92
175 6 9 85
175 6 10 81
175 6 11 94
175 14 0 95
175 14 1 95
175 14 2 81
175 14 3 87
175 14 4 83
175 14 5 89
175 14 8 88
175 14 9 81
176 0 1 29
176 0 2 29
176 0 4 27
176 0 5 26
176 0 6 27
176 0 9 26
176 0 10 28
176 0 11 29
176 1 1 30
176 1 3 30
176 1 5 28
176 1 6 27
176 1 7 28
176 1 8 27
176 1 10 29
176 1 11 30
176 3 0 29
176 3 4 30
176 3 5 33
176 3 6 32
176 3 7 33
176 3 8 28
176 3 9 28
176 3 10 29
176 9 3 28
176 9 5 29
176 9 6 32
176 9 7 31
176 9 8 32
176 9 9 27
176 9 10 27
176 9 11 28
176 11 2 29
176 11 3 30
176 11 4 33
176 11 6 32
176 11 7 33
176 11 8 28
176 11 9 28
176 11 11 29
177 3 0 12
177 3 4 13
177 3 5 14
177 3 6 14
177 3 7 14
177 3 8 12
177 3 9 12
177 3 10 12
177 5 0 13
177 5 1 14
177 5 2 15
177 5 3 15
177 5 7 15
177 5 8 13
177 5 9 13
177 5 11 13
177 11 2 14
177 11 3 15
177 11 4 16
177 11 6 16
177 11 7 16
177 11 8 14
177 11 9 14
177 11 11 14
177 12 1 14
177 12 3 15
177 12 4 16
177 12 6 16
177 12 7 16
177 12 8 14
177 12 9 14
177 12 10 14
177 13 0 14
177 13 1 15
177 13 3 16
177 13 5 16
177 13 6 16
177 13 7 14
177 13 9 14
177 13 11 14
178 1 1 45
178 1 3 41
178 1 5 45
178 1 6 48
178 1 7 47
178 1 8 48
178 1 10 46
178 1 11 45
178 6 0 40
178 6 2 43
178 6 3 38
178 6 4 43
178 6 5 41
178 6 9 43
178 6 10 39
178 6 11 43
178 8 0 45
178 8 1 41
178 8 2 45
178 8 3 48
178 8 6 47
178 8 7 48
178 8 10 46
178 8 11 45
179 5 0 47
179 5 1 43
179 5 2 47
179 5 3 50
179 5 7 49
179 5 8 50
179 5 9 48
179 5 11 47
179 8 0 43
179 8 1 39
179 8 2 43
179 8 3 46
179 8 6 45
179 8 7 46
179 8 10 44
179 8 11 43
179 9 3 47
179 9 5 43
179 9 6 47
179 9 7 50
179 9 8 49
179 9 9 50
179 9 10 48
179 9 11 47
180 1 1 26
180 1 3 26
180 1 5 24
180 1 6 23
180 1 7 24
180 1 8 23
180 1 10 25
180 1 11 26
180 5 0 26
180 5 1 26
180 5 2 24
180 5 3 23
180 5 7 24
180 5 8 23
180 5 9 25
180 5 11 26
180 8 0 24
180 8 1 24
180 8 2 22
180 8 3 21
180 8 6 22
180 8 7 21
180 8 10 23
180 8 11 24
180 12 1 23
180 12 3 23
180 12 4 21
180 12 6 20
180 12 7 21
180 12 8 20
180 12 9 22
180 12 10 23
180 14 0 24
180 14 1 24
180 14 2 22
180 14 3 21
180 14 4 22
180 14 5 21
180 14 8 23
180 14 9 24
181 0 1 76
181 0 2 88
181 0 4 74
181 0 5 79
181 0 6 86
181 0 9 79
181 0 10 75
181 0 11 88
181 5 0 99
181 5 1 95
181 5 2 89
181 5 3 92
181 5 7 101
181 5 8 92
181 5 9 100
181 5 11 99
181 7 0 74
181 7 2 75
181 7 5 81
181 7 6 79
181 7 8 82
181 7 9 71
181 7 10 72
181 7 11 73
181 11 2 79
181 11 3 91
181 11 4 77
181 11 6 82
181 11 7 89
181 11 8 82
181 11 9 78
181 11 11 91
181 12 1 97
181 12 3 93
181 12 4 87
181 12 6 90
181 12 7 99
181 12 8 90
181 12 9 98
181 12 10 97
182 0 1 32
182 0 2 33
182 0 4 36
182 0 5 35
182 0 6 36
182 0 9 31
182 0 10 31
182 0 11 32
182 1 1 33
182 1 3 34
182 1 5 37
182 1 6 36
182 1 7 37
182 1 8 32
182 1 10 32
182 1 11 33
182 5 0 36
182 5 1 37
182 5 2 40
182 5 3 39
182 5 7 40
182 5 8 35
182 5 9 35
182 5 11 36
182 10 0 35
182 10 1 36
182 10 2 39
182 10 3 38
182 10 6 39
182 10 7 34
182 10 9 34
182 10 11 35
183 1 1 76
183 1 3 74
183 1 5 83
183 1 6 75
183 1 7 72
183 1 8 76
183 1 10 74
183 1 11 77
183 5 0 98
183 5 1 94
183 5 2 88
183 5 3 91
183 5 7 100
183 5 8 91
183 5 9 99
183 5 11 98
183 9 3 73
183 9 5 74
183 9 6 80
183 9 7 78
183 9 8 81
183 9 9 70
183 9 10 71
183 9 11 72
183 11 2 78
183 11 3 90
183 11 4 76
183 11 6 81
183 11 7 88
183 11 8 81
183 11 9 77
183 11 11 90
183 12 1 95
183 12 3 95
183 12 4 81
183 12 6 87
183 12 7 83
183 12 8 89
183 12 9 88
183 12 10 81
184 1 1 66
184 1 3 68
184 1 5 66
184 1 6 71
184 1 7 66
184 1 8 67
184 1 10 69
184 1 11 68
184 4 2 64
184 4 3 70
184 4 4 74
184 4 6 67
184 4 7 71
184 4 8 67
184 4 9 75
184 4 11 64
184 10 0 71
184 10 1 72
184 10 2 78
184 10 3 76
184 10 6 79
184 10 7 68
184 10 9 69
184 10 11 70
185 1 1 67
185 1 3 68
185 1 5 74
185 1 6 72
185 1 7 75
185 1 8 64
185 1 10 65
185 1 11 66
185 2 0 68
185 2 1 69
185 2 3 75
185 2 5 73
185 2 6 76
185 2 8 65
185 2 10 66
185 2 11 67
185 3 0 74
185 3 4 75
185 3 5 81
185 3 6 79
185 3 7 82
185 3 8 71
185 3 9 72
185 3 10 73
185 5 0 72
185 5 1 73
185 5 2 79
185 5 3 77
185 5 7 80
185 5 8 69
185 5 9 70
185 5 11 71
185 9 3 76
185 9 5 74
185 9 6 83
185 9 7 75
185 9 8 72
185 9 9 76
185 9 10 74
185 9 11 77
186 1 1 63
186 1 3 65
186 1 5 63
186 1 6 68
186 1 7 63
186 1 8 64
186 1 10 66
186 1 11 65
186 3 0 64
186 3 4 66
186 3 5 64
186 3 6 69
186 3 7 64
186 3 8 65
186 3 9 67
186 3 10 66
186 9 3 68
186 9 5 69
186 9 6 75
186 9 7 73
186 9 8 76
186 9 9 65
186 9 10 66
186 9 11 67
187 0 1 28
187 0 2 29
187 0 4 32
187 0 5 31
187 0 6 32
187 0 9 27
187 0 10 27
187 0 11 28
187 6 0 29
187 6 2 30
187 6 3 33
187 6 4 32
187 6 5 33
187 6 9 28
187 6 10 28
187 6 11 29
187 8 0 32
187 8 1 33
187 8 2 36
187 8 3 35
187 8 6 36
187 8 7 31
187 8 10 31
187 8 11 32
187 11 2 31
187 11 3 32
187 11 4 35
187 11 6 34
187 11 7 35
187 11 8 30
187 11 9 30
187 11 11 31
187 13 0 32
187 13 1 33
187 13 3 36
187 13 5 35
187 13 6 36
187 13 7 31
187 13 9 31
187 13 11 32
188 3 0 71
188 3 4 72
188 3 5 78
188 3 6 76
188 3 7 79
188 3 8 68
188 3 9 69
188 3 10 70
188 4 2 83
188 4 3 95
188 4 4 81
188 4 6 86
188 4 7 93
188 4 8 86
188 4 9 82
188 4 11 95
188 6 0 69
188 6 2 70
188 6 3 76
188 6 4 74
188 6 5 77
188 6 9 66
188 6 10 67
188 6 11 68
188 8 0 74
188 8 1 75
188 8 2 81
188 8 3 79
188 8 6 82
188 8 7 71
188 8 10 72
188 8 11 73
188 9 3 81
188 9 5 93
188 9 6 79
188 9 7 84
188 9 8 91
188 9 9 84
188 9 10 80
188 9 11 93
189 1 1 46
189 1 3 42
189 1 5 46
189 1 6 49
189 1 7 48
189 1 8 49
189 1 10 47
189 1 11 46
189 3 0 42
189 3 4 38
189 3 5 42
189 3 6 45
189 3 7 44
189 3 8 45
189 3 9 43
189 3 10 42
189 4 2 46
189 4 3 42
189 4 4 46
189 4 6 49
189 4 7 48
189 4 8 49
189 4 9 47
189 4 11 46
189 5 0 49
189 5 1 45
189 5 2 49
189 5 3 52
189 5 7 51
189 5 8 52
189 5 9 50
189 5 11 49
189 13 0 48
189 13 1 44
189 13 3 48
189 13 5 51
189 13 6 50
189 13 7 51
189 13 9 49
189 13 11 48
190 4 2 61
190 4 3 63
190 4 4 61
190 4 6 66
190 4 7 61
190 4 8 62
190 4 9 64
190 4 11 63
190 7 0 63
190 7 2 65
190 7 5 63
190 7 6 68
190 7 8 63
190 7 9 64
190 7 10 66
190 7 11 65
190 11 2 61
190 11 3 63
190 11 4 61
190 11 6 66
190 11 7 61
190 11 8 62
190 11 9 64
190 11 11 63
190 13 0 66
190 13 1 68
190 13 3 66
190 13 5 71
190 13 6 66
190 13 7 67
190 13 9 69
190 13 11 68
190 14 0 61
190 14 1 63
190 14 2 61
190 14 3 66
190 14 4 61
190 14 5 62
190 14 8 64
190 14 9 63
191 2 0 78
191 2 1 90
191 2 3 76
191 2 5 81
191 2 6 88
191 2 8 81
191 2 10 77
191 2 11 90
191 4 2 101
191 4 3 97
191 4 4 91
191 4 6 94
191 4 7 103
191 4 8 94
191 4 9 102
191 4 11 101
191 9 3 76
191 9 5 88
191 9 6 74
191 9 7 79
191 9 8 86
191 9 9 79
191 9 10 75
191 9 11 88
191 11 2 81
191 11 3 93
191 11 4 79
191 11 6 84
191 11 7 91
191 11 8 84
191 11 9 80
191 11 11 93
192 4 2 59
192 4 3 61
192 4 4 59
192 4 6 64
192 4 7 59
192 4 8 60
192 4 9 62
192 4 11 61
192 6 0 61
192 6 2 63
192 6 3 61
192 6 4 66
192 6 5 61
192 6 9 62
192 6 10 64
192 6 11 63
192 11 2 59
192 11 3 61
192 11 4 59
192 11 6 64
192 11 7 59
192 11 8 60
192 11 9 62
192 11 11 61
192 12 1 64
192 12 3 66
192 12 4 64
192 12 6 69
192 12 7 64
192 12 8 65
192 12 9 67
192 12 10 66
192 13 0 59
192 13 1 61
192 13 3 59
192 13 5 64
192 13 6 59
192 13 7 60
192 13 9 62
192 13 11 61
193 7 0 60
193 7 2 62
193 7 5 60
193 7 6 65
193 7 8 60
193 7 9 61
193 7 10 63
193 7 11 62
193 10 0 62
193 10 1 64
193 10 2 62
193 10 3 67
193 10 6 62
193 10 7 63
193 10 9 65
193 10 11 64
193 12 1 60
193 12 3 62
193 12 4 60
193 12 6 65
193 12 7 60
193 12 8 61
193 12 9 63
193 12 10 62
193 13 0 65
193 13 1 67
193 13 3 65
193 13 5 70
193 13 6 65
193 13 7 66
193 13 9 68
193 13 11 67
193 14 0 60
193 14 1 62
193 14 2 60
193 14 3 65
193 14 4 60
193 14 5 61
193 14 8 63
193 14 9 62
194 0 1 68
194 0 2 69
194 0 4 75
194 0 5 73
194 0 6 76
194 0 9 65
194 0 10 66
194 0 11 67
194 3 0 69
194 3 4 70
194 3 5 76
194 3 6 74
194 3 7 77
194 3 8 66
194 3 9 67
194 3 10 68
194 11 2 76
194 11 3 74
194 11 4 83
194 11 6 75
194 11 7 72
194 11 8 76
194 11 9 74
194 11 11 77
194 12 1 73
194 12 3 74
194 12 4 80
194 12 6 78
194 12 7 81
194 12 8 70
194 12 9 71
194 12 10 72
195 1 1 31
195 1 3 33
195 1 5 31
195 1 6 29
195 1 7 31
195 1 8 32
195 1 10 27
195 1 11 33
195 5 0 31
195 5 1 33
195 5 2 31
195 5 3 29
195 5 7 31
195 5 8 32
195 5 9 27
195 5 11 33
195 8 0 29
195 8 1 29
195 8 2 27
195 8 3 26
195 8 6 27
195 8 7 26
195 8 10 28
195 8 11 29
196 11 2 17
196 11 3 18
196 11 4 19
196 11 6 19
196 11 7 19
196 11 8 17
196 11 9 17
196 11 11 17
196 13 0 19
196 13 1 20
196 13 3 19
196 13 5 22
196 13 6 21
196 13 7 22
196 13 9 20
196 13 11 19
196 14 0 17
196 14 1 18
196 14 2 19
196 14 3 19
196 14 4 19
196 14 5 17
196 14 8 17
196 14 9 17
197 2 0 25
197 2 1 25
197 2 3 23
197 2 5 22
197 2 6 23
197 2 8 22
197 2 10 24
197 2 11 25
197 9 3 25
197 9 5 25
197 9 6 23
197 9 7 22
197 9 8 23
197 9 9 22
197 9 10 24
197 9 11 25
197 12 1 23
197 12 3 23
197 12 4 21
197 12 6 20
197 12 7 21
197 12 8 20
197 12 9 22
197 12 10 23
198 5 0 72
198 5 1 73
198 5 2 79
198 5 3 77
198 5 7 80
198 5 8 69
198 5 9 70
198 5 11 71
198 8 0 84
198 8 1 96
198 8 2 82
198 8 3 87
198 8 6 94
198 8 7 87
198 8 10 83
198 8 11 96
198 11 2 70
198 11 3 71
198 11 4 77
198 11 6 75
198 11 7 78
198 11 8 67
198 11 9 68
198 11 11 69
198 12 1 76
198 12 3 74
198 12 4 83
198 12 6 75
198 12 7 72
198 12 8 76
198 12 9 74
198 12 10 77
198 14 0 82
198 14 1 94
198 14 2 80
198 14 3 85
198 14 4 92
198 14 5 85
198 14 8 81
198 14 9 94
199 6 0 45
199 6 2 41
199 6 3 45
199 6 4 48
199 6 5 47
199 6 9 48
199 6 10 46
199 6 11 45
199 7 0 40
199 7 2 43
199 7 5 38
199 7 6 43
199 7 8 41
199 7 9 43
199 7 10 39
199 7 11 43
199 8 0 45
199 8 1 41
199 8 2 45
199 8 3 48
199 8 6 47
199 8 7 48
199 8 10 46
199 8 11 45
199 9 3 48
199 9 5 44
199 9 6 48
199 9 7 51
199 9 8 50
199 9 9 51
199 9 10 49
199 9 11 48
199 12 1 47
199 12 3 43
199 12 4 47
199 12 6 50
199 12 7 49
199 12 8 50
199 12 9 48
199 12 10 47
200 0 1 10
200 0 2 11
200 0 4 12
200 0 5 12
200 0 6 12
200 0 9 10
200 0 10 10
200 0 11 10
200 2 0 11
200 2 1 12
200 2 3 13
200 2 5 13
200 2 6 13
200 2 8 11
200 2 10 11
200 2 11 11
200 3 0 12
200 3 4 13
200 3 5 14
200 3 6 14
200 3 7 14
200 3 8 12
200 3 9 12
200 3 10 12
200 14 0 12
200 14 1 13
200 14 2 14
200 14 3 14
200 14 4 14
200 14 5 12
200 14 8 12
200 14 9 12
201 9 3 29
201 9 5 30
201 9 6 33
201 9 7 32
201 9 8 33
201 9 9 28
201 9 10 28
201 9 11 29
201 11 2 30
201 11 3 31
201 11 4 34
201 11 6 33
201 11 7 34
201 11 8 29
201 11 9 29
201 11 11 30
201 13 0 33
201 13 1 34
201 13 3 37
201 13 5 36
201 13 6 37
201 13 7 32
201 13 9 32
201 13 11 33
201 14 0 32
201 14 1 33
201 14 2 36
201 14 3 35
201 14 4 36
201 14 5 31
201 14 8 31
201 14 9 32
202 1 1 63
202 1 3 65
202 1 5 63
202 1 6 68
202 1 7 63
202 1 8 64
202 1 10 66
202 1 11 65
202 10 0 64
202 10 1 66
202 10 2 64
202 10 3 69
202 10 6 64
202 10 7 65
202 10 9 67
202 10 11 66
202 11 2 68
202 11 3 69
202 11 4 75
202 11 6 73
202 11 7 76
202 11 8 65
202 11 9 66
202 11 11 67
202 13 0 66
202 13 1 67
202 13 3 73
202 13 5 71
202 13 6 74
202 13 7 63
202 13 9 64
202 13 11 65
203 4 2 79
203 4 3 91
203 4 4 77
203 4 6 82
203 4 7 89
203 4 8 82
203 4 9 78
203 4 11 91
203 7 0 102
203 7 2 98
203 7 5 92
203 7 6 95
203 7 8 104
203 7 9 95
203 7 10 103
203 7 11 102
203 13 0 77
203 13 1 89
203 13 3 75
203 13 5 80
203 13 6 87
203 13 7 80
203 13 9 76
203 13 11 89
203 14 0 82
203 14 1 94
203 14 2 80
203 14 3 85
203 14 4 92
203 14 5 85
203 14 8 81
203 14 9 94
204 4 2 12
204 4 3 13
204 4 4 14
204 4 6 14
204 4 7 14
204 4 8 12
204 4 9 12
204 4 11 12
204 6 0 13
204 6 2 14
204 6 3 15
204 6 4 15
204 6 5 15
204 6 9 13
204 6 10 13
204 6 11 13
204 11 2 14
204 11 3 15
204 11 4 16
204 11 6 16
204 11 7 16
204 11 8 14
204 11 9 14
204 11 11 14
204 12 1 14
204 12 3 15
204 12 4 16
204 12 6 16
204 12 7 16
204 12 8 14
204 12 9 14
204 12 10 14
205 0 1 72
205 0 2 73
205 0 4 79
205 0 5 77
205 0 6 80
205 0 9 69
205 0 10 70
205 0 11 71
205 3 0 84
205 3 4 96
205 3 5 82
205 3 6 87
205 3 7 94
205 3 8 87
205 3 9 83
205 3 10 96
205 8 0 70
205 8 1 71
205 8 2 77
205 8 3 75
205 8 6 78
205 8 7 67
205 8 10 68
205 8 11 69
206 3 0 30
206 3 4 30
206 3 5 28
206 3 6 27
206 3 7 28
206 3 8 27
206 3 9 29
206 3 10 30
206 11 2 30
206 11 3 30
206 11 4 28
206 11 6 27
206 11 7 28
206 11 8 27
206 11 9 29
206 11 11 30
206 13 0 28
206 13 1 28
206 13 3 26
206 13 5 25
206 13 6 26
206 13 7 25
206 13 9 27
206 13 11 28
207 0 1 77
207 0 2 89
207 0 4 75
207 0 5 80
207 0 6 87
207 0 9 80
207 0 10 76
207 0 11 89
207 1 1 100
207 1 3 96
207 1 5 90
207 1 6 93
207 1 7 102
207 1 8 93
207 1 10 101
207 1 11 100
207 2 0 76
207 2 1 74
207 2 3 83
207 2 5 75
207 2 6 72
207 2 8 76
207 2 10 74
207 2 11 77
207 5 0 80
207 5 1 92
207 5 2 78
207 5 3 83
207 5 7 90
207 5 8 83
207 5 9 79
207 5 11 92
208 3 0 29
208 3 4 29
208 3 5 27
208 3 6 26
208 3 7 27
208 3 8 26
208 3 9 28
208 3 10 29
208 7 0 29
208 7 2 29
208 7 5 27
208 7 6 26
208 7 8 27
208 7 9 26
208 7 10 28
208 7 11 29
208 8 0 27
208 8 1 27
208 8 2 25
208 8 3 24
208 8 6 25
208 8 7 24
208 8 10 26
208 8 11 27
208 9 3 26
208 9 5 26
208 9 6 24
208 9 7 23
208 9 8 24
208 9 9 23
208 9 10 25
208 9 11 26
208 11 2 27
208 11 3 27
208 11 4 25
208 11 6 24
208 11 7 25
208 11 8 24
208 11 9 26
208 11 11 27
209 5 0 13
209 5 1 14
209 5 2 15
209 5 3 15
209 5 7 15
209 5 8 13
209 5 9 13
209 5 11 13
209 8 0 14
209 8 1 15
209 8 2 16
209 8 3 16
209 8 6 16
209 8 7 14
209 8 10 14
209 8 11 14
209 12 1 15
209 12 3 16
209 12 4 17
209 12 6 17
209 12 7 17
209 12 8 15
209 12 9 15
209 12 10 15
210 9 3 28
210 9 5 29
210 9 6 32
210 9 7 31
210 9 8 32
210 9 9 27
210 9 10 27
210 9 11 28
210 10 0 29
210 10 1 30
210 10 2 33
210 10 3 32
210 10 6 33
210 10 7 28
210 10 9 28
210 10 11 29
210 13 0 32
210 13 1 33
210 13 3 36
210 13 5 35
210 13 6 36
210 13 7 31
210 13 9 31
210 13 11 32
210 14 0 31
210 14 1 32
210 14 2 35
210 14 3 34
210 14 4 35
210 14 5 30
210 14 8 30
210 14 9 31
211 5 0 64
211 5 1 66
211 5 2 64
211 5 3 69
211 5 7 64
211 5 8 65
211 5 9 67
211 5 11 66
211 8 0 65
211 8 1 67
211 8 2 65
211 8 3 70
211 8 6 65
211 8 7 66
211 8 10 68
211 8 11 67
211 9 3 69
211 9 5 70
211 9 6 76
211 9 7 74
211 9 8 77
211 9 9 66
211 9 10 67
211 9 11 68
211 11 2 67
211 11 3 68
211 11 4 74
211 11 6 72
211 11 7 75
211 11 8 64
211 11 9 65
211 11 11 66
211 14 0 70
211 14 1 71
211 14 2 77
211 14 3 75
211 14 4 78
211 14 5 67
211 14 8 68
211 14 9 69
212 4 2 65
212 4 3 67
212 4 4 65
212 4 6 70
212 4 7 65
212 4 8 66
212 4 9 68
212 4 11 67
212 7 0 66
212 7 2 68
212 7 5 66
212 7 6 71
212 7 8 66
212 7 9 67
212 7 10 69
212 7 11 68
212 12 1 70
212 12 3 71
212 12 4 77
212 12 6 75
212 12 7 78
212 12 8 67
212 12 9 68
212 12 10 69
212 13 0 68
212 13 1 69
212 13 3 75
212 13 5 73
212 13 6 76
212 13 7 65
212 13 9 66
212 13 11 67
213 1 1 55
213 1 3 47
213 1 5 55
213 1 6 52
213 1 7 47
213 1 8 54
213 1 10 54
213 1 11 47
213 3 0 47
213 3 4 43
213 3 5 47
213 3 6 50
213 3 7 49
213 3 8 50
213 3 9 48
213 3 10 47
213 10 0 55
213 10 1 47
213 10 2 55
213 10 3 52
213 10 6 47
213 10 7 54
213 10 9 54
213 10 11 47
213 11 2 51
213 11 3 51
213 11 4 49
213 11 6 48
213 11 7 49
213 11 8 48
213 11 9 56
213 11 11 51
213 14 0 50
213 14 1 50
213 14 2 48
213 14 3 47
213 14 4 48
213 14 5 47
213 14 8 55
213 14 9 50
214 0 1 29
214 0 2 30
214 0 4 33
214 0 5 32
214 0 6 33
214 0 9 28
214 0 10 28
214 0 11 29
214 3 0 30
214 3 4 31
214 3 5 34
214 3 6 33
214 3 7 34
214 3 8 29
214 3 9 29
214 3 10 30
214 10 0 33
214 10 1 34
214 10 2 37
214 10 3 36
214 10 6 37
214 10 7 32
214 10 9 32
214 10 11 33
215 2 0 43
215 2 1 39
215 2 3 43
215 2 5 46
215 2 6 45
215 2 8 46
215 2 10 44
215 2 11 43
215 6 0 35
215 6 2 36
215 6 3 39
215 6 4 38
215 6 5 39
215 6 9 34
215 6 10 34
215 6 11 35
215 7 0 43
215 7 2 39
215 7 5 43
215 7 6 46
215 7 8 45
215 7 9 46
215 7 10 44
215 7 11 43
215 13 0 46
215 13 1 42
215 13 3 46
215 13 5 49
215 13 6 48
215 13 7 49
215 13 9 47
215 13 11 46
216 0 1 31
216 0 2 33
216 0 4 31
216 0 5 29
216 0 6 31
216 0 9 32
216 0 10 27
216 0 11 33
216 5 0 28
216 5 1 29
216 5 2 32
216 5 3 31
216 5 7 32
216 5 8 27
216 5 9 27
216 5 11 28
216 7 0 31
216 7 2 32
216 7 5 35
216 7 6 34
216 7 8 35
216 7 9 30
216 7 10 30
216 7 11 31
216 11 2 30
216 11 3 31
216 11 4 34
216 11 6 33
216 11 7 34
216 11 8 29
216 11 9 29
216 11 11 30
217 0 1 13
217 0 2 14
217 0 4 15
217 0 5 15
217 0 6 15
217 0 9 13
217 0 10 13
217 0 11 13
217 1 1 14
217 1 3 15
217 1 5 16
217 1 6 16
217 1 7 16
217 1 8 14
217 1 10 14
217 1 11 14
217 6 0 15
217 6 2 16
217 6 3 17
217 6 4 17
217 6 5 17
217 6 9 15
217 6 10 15
217 6 11 15
217 13 0 15
217 13 1 16
217 13 3 17
217 13 5 17
217 13 6 17
217 13 7 15
217 13 9 15
217 13 11 15
218 5 0 30
218 5 1 30
218 5 2 28
218 5 3 27
218 5 7 28
218 5 8 27
218 5 9 29
218 5 11 30
218 6 0 31
218 6 2 33
218 6 3 31
218 6 4 29
218 6 5 31
218 6 9 32
218 6 10 27
218 6 11 33
218 11 2 30
218 11 3 31
218 11 4 34
218 11 6 33
218 11 7 34
218 11 8 29
218 11 9 29
218 11 11 30
218 13 0 29
218 13 1 30
218 13 3 33
218 13 5 32
218 13 6 33
218 13 7 28
218 13 9 28
218 13 11 29
218 14 0 30
218 14 1 31
218 14 2 34
218 14 3 33
218 14 4 34
218 14 5 29
218 14 8 29
218 14 9 30
219 0 1 47
219 0 2 43
219 0 4 47
219 0 5 50
219 0 6 49
219 0 9 50
219 0 10 48
219 0 11 47
219 1 1 43
219 1 3 39
219 1 5 43
219 1 6 46
219 1 7 45
219 1 8 46
219 1 10 44
219 1 11 43
219 4 2 47
219 4 3 43
219 4 4 47
219 4 6 50
219 4 7 49
219 4 8 50
219 4 9 48
219 4 11 47
219 8 0 50
219 8 1 46
219 8 2 50
219 8 3 53
219 8 6 52
219 8 7 53
219 8 10 51
219 8 11 50
219 9 3 49
219 9 5 45
219 9 6 49
219 9 7 52
219 9 8 51
219 9 9 52
219 9 10 50
219 9 11 49
220 1 1 94
220 1 3 103
220 1 5 101
220 1 6 106
220 1 7 101
220 1 8 109
220 1 10 90
220 1 11 103
220 2 0 102
220 2 1 98
220 2 3 92
220 2 5 95
220 2 6 104
220 2 8 95
220 2 10 103
220 2 11 102
220 3 0 95
220 3 4 95
220 3 5 81
220 3 6 87
220 3 7 83
220 3 8 89
220 3 9 88
220 3 10 81
220 11 2 99
220 11 3 95
220 11 4 89
220 11 6 92
220 11 7 101
220 11 8 92
220 11 9 100
220 11 11 99
220 12 1 101
220 12 3 93
220 12 4 101
220 12 6 98
220 12 7 93
220 12 8 100
220 12 9 100
220 12 10 93
221 0 1 74
221 0 2 75
221 0 4 81
221 0 5 79
221 0 6 82
221 0 9 71
221 0 10 72
221 0 11 73
221 2 0 97
221 2 1 93
221 2 3 87
221 2 5 90
221 2 6 99
221 2 8 90
221 2 10 98
221 2 11 97
221 4 2 72
221 4 3 73
221 4 4 79
221 4 6 77
221 4 7 80
221 4 8 69
221 4 9 70
221 4 11 71
221 7 0 77
221 7 2 89
221 7 5 75
221 7 6 80
221 7 8 87
221 7 9 80
221 7 10 76
221 7 11 89
221 13 0 84
221 13 1 96
221 13 3 82
221 13 5 87
221 13 6 94
221 13 7 87
221 13 9 83
221 13 11 96
222 0 1 69
222 0 2 70
222 0 4 76
222 0 5 74
222 0 6 77
222 0 9 66
222 0 10 67
222 0 11 68
222 7 0 70
222 7 2 71
222 7 5 77
222 7 6 75
222 7 8 78
222 7 9 67
222 7 10 68
222 7 11 69
222 11 2 76
222 11 3 88
222 11 4 74
222 11 6 79
222 11 7 86
222 11 8 79
222 11 9 75
222 11 11 88
222 13 0 74
222 13 1 75
222 13 3 81
222 13 5 79
222 13 6 82
222 13 7 71
222 13 9 72
222 13 11 73
223 4 2 56
223 4 3 56
223 4 4 54
223 4 6 53
223 4 7 54
223 4 8 53
223 4 9 61
223 4 11 56
223 7 0 63
223 7 2 57
223 7 5 56
223 7 6 60
223 7 8 64
223 7 9 60
223 7 10 63
223 7 11 60
223 10 0 56
223 10 1 56
223 10 2 54
223 10 3 53
223 10 6 54
223 10 7 53
223 10 9 61
223 10 11 56
223 13 0 60
223 13 1 62
223 13 3 60
223 13 5 65
223 13 6 60
223 13 7 61
223 13 9 63
223 13 11 62
224 0 1 68
224 0 2 69
224 0 4 75
224 0 5 73
224 0 6 76
224 0 9 65
224 0 10 66
224 0 11 67
224 5 0 69
224 5 1 70
224 5 2 76
224 5 3 74
224 5 7 77
224 5 8 66
224 5 9 67
224 5 11 68
224 7 0 76
224 7 2 74
224 7 5 83
224 7 6 75
224 7 8 72
224 7 9 76
224 7 10 74
224 7 11 77
224 12 1 73
224 12 3 74
224 12 4 80
224 12 6 78
224 12 7 81
224 12 8 70
224 12 9 71
224 12 10 72
224 13 0 76
224 13 1 88
224 13 3 74
224 13 5 79
224 13 6 86
224 13 7 79
224 13 9 75
224 13 11 88
225 1 1 26
225 1 3 26
225 1 5 24
225 1 6 23
225 1 7 24
225 1 8 23
225 1 10 25
225 1 11 26
225 2 0 26
225 2 1 26
225 2 3 24
225 2 5 23
225 2 6 24
225 2 8 23
225 2 10 25
225 2 11 26
225 11 2 24
225 11 3 24
225 11 4 22
225 11 6 21
225 11 7 22
225 11 8 21
225 11 9 23
225 11 11 24
226 0 1 31
226 0 2 33
226 0 4 31
226 0 5 29
226 0 6 31
226 0 9 32
226 0 10 27
226 0 11 33
226 5 0 28
226 5 1 29
226 5 2 32
226 5 3 31
226 5 7 32
226 5 8 27
226 5 9 27
226 5 11 28
226 9 3 31
226 9 5 32
226 9 6 35
226 9 7 34
226 9 8 35
226 9 9 30
226 9 10 30
226 9 11 31
226 11 2 30
226 11 3 31
226 11 4 34
226 11 6 33
226 11 7 34
226 11 8 29
226 11 9 29
226 11 11 30
227 4 2 101
227 4 3 93
227 4 4 101
227 4 6 98
227 4 7 93
227 4 8 100
227 4 9 100
227 4 11 93
227 7 0 104
227 7 2 100
227 7 5 94
227 7 6 97
227 7 8 106
227 7 9 97
227 7 10 105
227 7 11 104
227 8 0 98
227 8 1 94
227 8 2 88
227 8 3 91
227 8 6 100
227 8 7 91
227 8 10 99
227 8 11 98
227 13 0 101
227 13 1 97
227 13 3 91
227 13 5 94
227 13 6 103
227 13 7 94
227 13 9 102
227 13 11 101
228 0 1 49
228 0 2 45
228 0 4 49
228 0 5 52
228 0 6 51
228 0 9 52
228 0 10 50
228 0 11 49
228 1 1 45
228 1 3 41
228 1 5 45
228 1 6 48
228 1 7 47
228 1 8 48
228 1 10 46
228 1 11 45
228 9 3 49
228 9 5 45
228 9 6 49
228 9 7 52
228 9 8 51
228 9 9 52
228 9 10 50
228 9 11 49
229 0 1 51
229 0 2 51
229 0 4 49
229 0 5 48
229 0 6 49
229 0 9 48
229 0 10 56
229 0 11 51
229 5 0 51
229 5 1 51
229 5 2 49
229 5 3 48
229 5 7 49
229 5 8 48
229 5 9 56
229 5 11 51
229 9 3 49
229 9 5 49
229 9 6 47
229 9 7 46
229 9 8 47
229 9 9 46
229 9 10 54
229 9 11 49
229 11 2 55
229 11 3 47
229 11 4 55
229 11 6 52
229 11 7 47
229 11 8 54
229 11 9 54
229 11 11 47
230 1 1 51
230 1 3 51
230 1 5 49
230 1 6 48
230 1 7 49
230 1 8 48
230 1 10 56
230 1 11 51
230 2 0 51
230 2 1 51
230 2 3 49
230 2 5 48
230 2 6 49
230 2 8 48
230 2 10 56
230 2 11 51
230 6 0 49
230 6 2 49
230 6 3 47
230 6 4 46
230 6 5 47
230 6 9 46
230 6 10 54
230 6 11 49
230 11 2 55
230 11 3 47
230 11 4 55
230 11 6 52
230 11 7 47
230 11 8 54
230 11 9 54
230 11 11 47
230 14 0 49
230 14 1 49
230 14 2 47
230 14 3 46
230 14 4 47
230 14 5 46
230 14 8 54
230 14 9 49
231 1 1 77
231 1 3 89
231 1 5 75
231 1 6 80
231 1 7 87
231 1 8 80
231 1 10 76
231 1 11 89
231 7 0 100
231 7 2 96
231 7 5 90
231 7 6 93
231 7 8 102
231 7 9 93
231 7 10 101
231 7 11 100
231 8 0 76
231 8 1 74
231 8 2 83
231 8 3 75
231 8 6 72
231 8 7 76
231 8 10 74
231 8 11 77
231 10 0 80
231 10 1 92
231 10 2 78
231 10 3 83
231 10 6 90
231 10 7 83
231 10 9 79
231 10 11 92
231 13 0 98
231 13 1 94
231 13 3 88
231 13 5 91
231 13 6 100
231 13 7 91
231 13 9 99
231 13 11 98
232 5 0 53
232 5 1 53
232 5 2 51
232 5 3 50
232 5 7 51
232 5 8 50
232 5 9 58
232 5 11 53
232 9 3 48
232 9 5 44
232 9 6 48
232 9 7 51
232 9 8 50
232 9 9 51
232 9 10 49
232 9 11 48
232 12 1 53
232 12 3 53
232 12 4 51
232 12 6 50
232 12 7 51
232 12 8 50
232 12 9 58
232 12 10 53
233 3 0 60
233 3 4 62
233 3 5 60
233 3 6 65
233 3 7 60
233 3 8 61
233 3 9 63
233 3 10 62
233 6 0 62
233 6 2 64
233 6 3 62
233 6 4 67
233 6 5 62
233 6 9 63
233 6 10 65
233 6 11 64
233 11 2 60
233 11 3 62
233 11 4 60
233 11 6 65
233 11 7 60
233 11 8 61
233 11 9 63
233 11 11 62
234 2 0 65
234 2 1 67
234 2 3 65
234 2 5 70
234 2 6 65
234 2 8 66
234 2 10 68
234 2 11 67
234 3 0 66
234 3 4 68
234 3 5 66
234 3 6 71
234 3 7 66
234 3 8 67
234 3 9 69
234 3 10 68
234 6 0 70
234 6 2 71
234 6 3 77
234 6 4 75
234 6 5 78
234 6 9 67
234 6 10 68
234 6 11 69
234 7 0 68
234 7 2 69
234 7 5 75
234 7 6 73
234 7 8 76
234 7 9 65
234 7 10 66
234 7 11 67
234 8 0 71
234 8 1 72
234 8 2 78
234 8 3 76
234 8 6 79
234 8 7 68
234 8 10 69
234 8 11 70
235 7 0 105
235 7 2 101
235 7 5 95
235 7 6 98
235 7 8 107
235 7 9 98
235 7 10 106
235 7 11 105
235 8 0 101
235 8 1 97
235 8 2 91
235 8 3 94
235 8 6 103
235 8 7 94
235 8 10 102
235 8 11 101
235 9 3 84
235 9 5 96
235 9 6 82
235 9 7 87
235 9 8 94
235 9 9 87
235 9 10 83
235 9 11 96
235 12 1 98
235 12 3 94
235 12 4 88
235 12 6 91
235 12 7 100
235 12 8 91
235 12 9 99
235 12 10 98
235 13 0 100
235 13 1 92
235 13 3 100
235 13 5 97
235 13 6 92
235 13 7 99
235 13 9 99
235 13 11 92
236 3 0 10
236 3 4 10
236 3 5 11
236 3 6 10
236 3 7 11
236 3 8 10
236 3 9 9
236 3 10 10
236 5 0 10
236 5 1 10
236 5 2 11
236 5 3 10
236 5 7 11
236 5 8 10
236 5 9 9
236 5 11 10
236 12 1 9
236 12 3 10
236 12 4 11
236 12 6 11
236 12 7 11
236 12 8 9
236 12 9 9
236 12 10 9
236 14 0 10
236 14 1 10
236 14 2 11
236 14 3 10
236 14 4 11
236 14 5 10
236 14 8 9
236 14 9 10
237 0 1 29
237 0 2 30
237 0 4 33
237 0 5 32
237 0 6 33
237 0 9 28
237 0 10 28
237 0 11 29
237 2 0 30
237 2 1 31
237 2 3 34
237 2 5 33
237 2 6 34
237 2 8 29
237 2 10 29
237 2 11 30
237 3 0 33
237 3 4 34
237 3 5 37
237 3 6 36
237 3 7 37
237 3 8 32
237 3 9 32
237 3 10 33
237 9 3 32
237 9 5 33
237 9 6 36
237 9 7 35
237 9 8 36
237 9 9 31
237 9 10 31
237 9 11 32
237 14 0 33
237 14 1 34
237 14 2 37
237 14 3 36
237 14 4 37
237 14 5 32
237 14 8 32
237 14 9 33
238 0 1 61
238 0 2 63
238 0 4 61
238 0 5 66
238 0 6 61
238 0 9 62
238 0 10 64
238 0 11 63
238 2 0 63
238 2 1 65
238 2 3 63
238 2 5 68
238 2 6 63
238 2 8 64
238 2 10 66
238 2 11 65
238 3 0 61
238 3 4 63
238 3 5 61
238 3 6 66
238 3 7 61
238 3 8 62
238 3 9 64
238 3 10 63
238 4 2 66
238 4 3 68
238 4 4 66
238 4 6 71
238 4 7 66
238 4 8 67
238 4 9 69
238 4 11 68
239 4 2 28
239 4 3 29
239 4 4 32
239 4 6 31
239 4 7 32
239 4 8 27
239 4 9 27
239 4 11 28
239 5 0 30
239 5 1 31
239 5 2 34
239 5 3 33
239 5 7 34
239 5 8 29
239 5 9 29
239 5 11 30
239 11 2 28
239 11 3 29
239 11 4 32
239 11 6 31
239 11 7 32
239 11 8 27
239 11 9 27
239 11 11 28
239 12 1 30
239 12 3 30
239 12 4 28
239 12 6 27
239 12 7 28
239 12 8 27
239 12 9 29
239 12 10 30
240 6 0 58
240 6 2 60
240 6 3 58
240 6 4 63
240 6 5 58
240 6 9 59
240 6 10 61
240 6 11 60
240 7 0 60
240 7 2 62
240 7 5 60
240 7 6 65
240 7 8 60
240 7 9 61
240 7 10 63
240 7 11 62
240 10 0 58
240 10 1 60
240 10 2 58
240 10 3 63
240 10 6 58
240 10 7 59
240 10 9 61
240 10 11 60
240 11 2 63
240 11 3 65
240 11 4 63
240 11 6 68
240 11 7 63
240 11 8 64
240 11 9 66
240 11 11 65
240 13 0 58
240 13 1 60
240 13 3 58
240 13 5 63
240 13 6 58
240 13 7 59
240 13 9 61
240 13 11 60
241 1 1 47
241 1 3 43
241 1 5 47
241 1 6 50
241 1 7 49
241 1 8 50
241 1 10 48
241 1 11 47
241 5 0 43
241 5 1 39
241 5 2 43
241 5 3 46
241 5 7 45
241 5 8 46
241 5 9 44
241 5 11 43
241 12 1 47
241 12 3 43
241 12 4 47
241 12 6 50
241 12 7 49
241 12 8 50
241 12 9 48
241 12 10 47
241 13 0 50
241 13 1 46
241 13 3 50
241 13 5 53
241 13 6 52
241 13 7 53
241 13 9 51
241 13 11 50
241 14 0 49
241 14 1 45
241 14 2 49
241 14 3 52
241 14 4 51
241 14 5 52
241 14 8 50
241 14 9 49
242 6 0 68
242 6 2 69
242 6 3 75
242 6 4 73
242 6 5 76
242 6 9 65
242 6 10 66
242 6 11 67
242 7 0 69
242 7 2 70
242 7 5 76
242 7 6 74
242 7 8 77
242 7 9 66
242 7 10 67
242 7 11 68
242 10 0 76
242 10 1 74
242 10 2 83
242 10 3 75
242 10 6 72
242 10 7 76
242 10 9 74
242 10 11 77
242 11 2 73
242 11 3 74
242 11 4 80
242 11 6 78
242 11 7 81
242 11 8 70
242 11 9 71
242 11 11 72
242 12 1 76
242 12 3 88
242 12 4 74
242 12 6 79
242 12 7 86
242 12 8 79
242 12 9 75
242 12 10 88
243 1 1 66
243 1 3 68
243 1 5 66
243 1 6 71
243 1 7 66
243 1 8 67
243 1 10 69
243 1 11 68
243 3 0 64
243 3 4 70
243 3 5 74
243 3 6 67
243 3 7 71
243 3 8 67
243 3 9 75
243 3 10 64
243 5 0 71
243 5 1 72
243 5 2 78
243 5 3 76
243 5 7 79
243 5 8 68
243 5 9 69
243 5 11 70
243 7 0 69
243 7 2 70
243 7 5 76
243 7 6 74
243 7 8 77
243 7 9 66
243 7 10 67
243 7 11 68
243 11 2 72
243 11 3 73
243 11 4 79
243 11 6 77
243 11 7 80
243 11 8 69
243 11 9 70
243 11 11 71
244 1 1 45
244 1 3 41
244 1 5 45
244 1 6 48
244 1 7 47
244 1 8 48
244 1 10 46
244 1 11 45
244 4 2 40
244 4 3 43
244 4 4 38
244 4 6 43
244 4 7 41
244 4 8 43
244 4 9 39
244 4 11 43
244 8 0 45
244 8 1 41
244 8 2 45
244 8 3 48
244 8 6 47
244 8 7 48
244 8 10 46
244 8 11 45
244 11 2 48
244 11 3 44
244 11 4 48
244 11 6 51
244 11 7 50
244 11 8 51
244 11 9 49
244 11 11 48
244 13 0 47
244 13 1 43
244 13 3 47
244 13 5 50
244 13 6 49
244 13 7 50
244 13 9 48
244 13 11 47
245 2 0 30
245 2 1 31
245 2 3 34
245 2 5 33
245 2 6 34
245 2 8 29
245 2 10 29
245 2 11 30
245 5 0 31
245 5 1 32
245 5 2 35
245 5 3 34
245 5 7 35
245 5 8 30
245 5 9 30
245 5 11 31
245 14 0 34
245 14 1 35
245 14 2 38
245 14 3 37
245 14 4 38
245 14 5 33
245 14 8 33
245 14 9 34
246 0 1 10
246 0 2 10
246 0 4 11
246 0 5 10
246 0 6 11
246 0 9 10
246 0 10 9
246 0 11 10
246 4 2 9
246 4 3 10
246 4 4 11
246 4 6 11
246 4 7 11
246 4 8 9
246 4 9 9
246 4 11 9
246 12 1 10
246 12 3 11
246 12 4 12
246 12 6 12
246 12 7 12
246 12 8 10
246 12 9 10
246 12 10 10
247 0 1 44
247 0 2 40
247 0 4 44
247 0 5 47
247 0 6 46
247 0 9 47
247 0 10 45
247 0 11 44
247 3 0 36
247 3 4 37
247 3 5 40
247 3 6 39
247 3 7 40
247 3 8 35
247 3 9 35
247 3 10 36
247 10 0 44
247 10 1 40
247 10 2 44
247 10 3 47
247 10 6 46
247 10 7 47
247 10 9 45
247 10 11 44
247 12 1 47
247 12 3 43
247 12 4 47
247 12 6 50
247 12 7 49
247 12 8 50
247 12 9 48
247 12 10 47
248 1 1 31
248 1 3 32
248 1 5 35
248 1 6 34
248 1 7 35
248 1 8 30
248 1 10 30
248 1 11 31
248 3 0 32
248 3 4 33
248 3 5 36
248 3 6 35
248 3 7 36
248 3 8 31
248 3 9 31
248 3 10 32
248 5 0 35
248 5 1 36
248 5 2 39
248 5 3 38
248 5 7 39
248 5 8 34
248 5 9 34
248 5 11 35
248 9 3 34
248 9 5 35
248 9 6 38
248 9 7 37
248 9 8 38
248 9 9 33
248 9 10 33
248 9 11 34
248 11 2 35
248 11 3 36
248 11 4 39
248 11 6 38
248 11 7 39
248 11 8 34
248 11 9 34
248 11 11 35
249 3 0 53
249 3 4 53
249 3 5 51
249 3 6 50
249 3 7 51
249 3 8 50
249 3 9 58
249 3 10 53
249 10 0 53
249 10 1 53
249 10 2 51
249 10 3 50
249 10 6 51
249 10 7 50
249 10 9 58
249 10 11 53
249 14 0 51
249 14 1 51
249 14 2 49
249 14 3 48
249 14 4 49
249 14 5 48
249 14 8 56
249 14 9 51
250 1 1 54
250 1 3 54
250 1 5 52
250 1 6 51
250 1 7 52
250 1 8 51
250 1 10 59
250 1 11 54
250 4 2 54
250 4 3 54
250 4 4 52
250 4 6 51
250 4 7 52
250 4 8 51
250 4 9 59
250 4 11 54
250 5 0 52
250 5 1 52
250 5 2 50
250 5 3 49
250 5 7 50
250 5 8 49
250 5 9 57
250 5 11 52
251 4 2 68
251 4 3 69
251 4 4 75
251 4 6 73
251 4 7 76
251 4 8 65
251 4 9 66
251 4 11 67
251 7 0 69
251 7 2 70
251 7 5 76
251 7 6 74
251 7 8 77
251 7 9 66
251 7 10 67
251 7 11 68
251 8 0 76
251 8 1 74
251 8 2 83
251 8 3 75
251 8 6 72
251 8 7 76
251 8 10 74
251 8 11 77
251 14 0 73
251 14 1 74
251 14 2 80
251 14 3 78
251 14 4 81
251 14 5 70
251 14 8 71
251 14 9 72
252 1 1 29
252 1 3 29
252 1 5 27
252 1 6 26
252 1 7 27
252 1 8 26
252 1 10 28
252 1 11 29
252 11 2 29
252 11 3 29
252 11 4 27
252 11 6 26
252 11 7 27
252 11 8 26
252 11 9 28
252 11 11 29
252 12 1 27
252 12 3 27
252 12 4 25
252 12 6 24
252 12 7 25
252 12 8 24
252 12 9 26
252 12 10 27
253 2 0 28
253 2 1 29
253 2 3 32
253 2 5 31
253 2 6 32
253 2 8 27
253 2 10 27
253 2 11 28
253 10 0 30
253 10 1 31
253 10 2 34
253 10 3 33
253 10 6 34
253 10 7 29
253 10 9 29
253 10 11 30
253 14 0 28
253 14 1 29
253 14 2 32
253 14 3 31
253 14 4 32
253 14 5 27
253 14 8 27
253 14 9 28
254 4 2 50
254 4 3 50
254 4 4 48
254 4 6 47
254 4 7 48
254 4 8 47
254 4 9 55
254 4 11 50
254 9 3 50
254 9 5 50
254 9 6 48
254 9 7 47
254 9 8 48
254 9 9 47
254 9 10 55
254 9 11 50
254 12 1 55
254 12 3 47
254 12 4 55
254 12 6 52
254 12 7 47
254 12 8 54
254 12 9 54
254 12 10 47
254 13 0 50
254 13 1 46
254 13 3 50
254 13 5 53
254 13 6 52
254 13 7 53
254 13 9 51
254 13 11 50
255 7 0 69
255 7 2 70
255 7 5 76
255 7 6 74
255 7 8 77
255 7 9 66
255 7 10 67
255 7 11 68
255 11 2 70
255 11 3 71
255 11 4 77
255 11 6 75
255 11 7 78
255 11 8 67
255 11 9 68
255 11 11 69
255 14 0 76
255 14 1 88
255 14 2 74
255 14 3 79
255 14 4 86
255 14 5 79
255 14 8 75
255 14 9 88
256 0 1 63
256 0 2 65
256 0 4 63
256 0 5 68
256 0 6 63
256 0 9 64
256 0 10 66
256 0 11 65
256 4 2 64
256 4 3 66
256 4 4 64
256 4 6 69
256 4 7 64
256 4 8 65
256 4 9 67
256 4 11 66
256 7 0 68
256 7 2 69
256 7 5 75
256 7 6 73
256 7 8 76
256 7 9 65
256 7 10 66
256 7 11 67
256 11 2 66
256 11 3 67
256 11 4 73
256 11 6 71
256 11 7 74
256 11 8 63
256 11 9 64
256 11 11 65
257 0 1 101
257 0 2 97
257 0 4 91
257 0 5 94
257 0 6 103
257 0 9 94
257 0 10 102
257 0 11 101
257 1 1 101
257 1 3 97
257 1 5 91
257 1 6 94
257 1 7 103
257 1 8 94
257 1 10 102
257 1 11 101
257 4 2 76
257 4 3 88
257 4 4 74
257 4 6 79
257 4 7 86
257 4 8 79
257 4 9 75
257 4 11 88
257 8 0 82
257 8 1 94
257 8 2 80
257 8 3 85
257 8 6 92
257 8 7 85
257 8 10 81
257 8 11 94
257 10 0 78
257 10 1 90
257 10 2 76
257 10 3 81
257 10 6 88
257 10 7 81
257 10 9 77
257 10 11 90
258 0 1 31
258 0 2 33
258 0 4 31
258 0 5 29
258 0 6 31
258 0 9 32
258 0 10 27
258 0 11 33
258 5 0 31
258 5 1 33
258 5 2 31
258 5 3 29
258 5 7 31
258 5 8 32
258 5 9 27
258 5 11 33
258 6 0 29
258 6 2 29
258 6 3 27
258 6 4 26
258 6 5 27
258 6 9 26
258 6 10 28
258 6 11 29
258 10 0 28
258 10 1 28
258 10 2 26
258 10 3 25
258 10 6 26
258 10 7 25
258 10 9 27
258 10 11 28
259 2 0 28
259 2 1 29
259 2 3 32
259 2 5 31
259 2 6 32
259 2 8 27
259 2 10 27
259 2 11 28
259 9 3 29
259 9 5 30
259 9 6 33
259 9 7 32
259 9 8 33
259 9 9 28
259 9 10 28
259 9 11 29
259 10 0 32
259 10 1 33
259 10 2 36
259 10 3 35
259 10 6 36
259 10 7 31
259 10 9 31
259 10 11 32
260 2 0 66
260 2 1 67
260 2 3 73
260 2 5 71
260 2 6 74
260 2 8 63
260 2 10 64
260 2 11 65
260 5 0 67
260 5 1 68
260 5 2 74
260 5 3 72
260 5 7 75
260 5 8 64
260 5 9 65
260 5 11 66
260 6 0 73
260 6 2 74
260 6 3 80
260 6 4 78
260 6 5 81
260 6 9 70
260 6 10 71
260 6 11 72
260 10 0 71
260 10 1 72
260 10 2 78
260 10 3 76
260 10 6 79
260 10 7 68
260 10 9 69
260 10 11 70
260 13 0 74
260 13 1 75
260 13 3 81
260 13 5 79
260 13 6 82
260 13 7 71
260 13 9 72
260 13 11 73
261 5 0 53
261 5 1 53
261 5 2 51
261 5 3 50
261 5 7 51
261 5 8 50
261 5 9 58
261 5 11 53
261 8 0 53
261 8 1 53
261 8 2 51
261 8 3 50
261 8 6 51
261 8 7 50
261 8 10 58
261 8 11 53
261 11 2 51
261 11 3 51
261 11 4 49
261 11 6 48
261 11 7 49
261 11 8 48
261 11 9 56
261 11 11 51
261 12 1 50
261 12 3 50
261 12 4 48
261 12 6 47
261 12 7 48
261 12 8 47
261 12 9 55
261 12 10 50
261 13 0 51
261 13 1 51
261 13 3 49
261 13 5 48
261 13 6 49
261 13 7 48
261 13 9 56
261 13 11 51
262 1 1 63
262 1 3 57
262 1 5 56
262 1 6 60
262 1 7 64
262 1 8 60
262 1 10 63
262 1 11 60
262 6 0 59
262 6 2 61
262 6 3 59
262 6 4 64
262 6 5 59
262 6 9 60
262 6 10 62
262 6 11 61
262 7 0 63
262 7 2 57
262 7 5 56
262 7 6 60
262 7 8 64
262 7 9 60
262 7 10 63
262 7 11 60
262 9 3 62
262 9 5 64
262 9 6 62
262 9 7 67
262 9 8 62
262 9 9 63
262 9 10 65
262 9 11 64
262 11 2 63
262 11 3 57
262 11 4 56
262 11 6 60
262 11 7 64
262 11 8 60
262 11 9 63
262 11 11 60
263 1 1 60
263 1 3 62
263 1 5 60
263 1 6 65
263 1 7 60
263 1 8 61
263 1 10 63
263 1 11 62
263 4 2 55
263 4 3 55
263 4 4 53
263 4 6 52
263 4 7 53
263 4 8 52
263 4 9 60
263 4 11 55
263 6 0 54
263 6 2 54
263 6 3 52
263 6 4 51
263 6 5 52
263 6 9 51
263 6 10 59
263 6 11 54
264 2 0 68
264 2 1 69
264 2 3 75
264 2 5 73
264 2 6 76
264 2 8 65
264 2 10 66
264 2 11 67
264 8 0 69
264 8 1 70
264 8 2 76
264 8 3 74
264 8 6 77
264 8 7 66
264 8 10 67
264 8 11 68
264 9 3 76
264 9 5 74
264 9 6 83
264 9 7 75
264 9 8 72
264 9 9 76
264 9 10 74
264 9 11 77
265 3 0 68
265 3 4 69
265 3 5 75
265 3 6 73
265 3 7 76
265 3 8 65
265 3 9 66
265 3 10 67
265 6 0 69
265 6 2 70
265 6 3 76
265 6 4 74
265 6 5 77
265 6 9 66
265 6 10 67
265 6 11 68
265 7 0 76
265 7 2 74
265 7 5 83
265 7 6 75
265 7 8 72
265 7 9 76
265 7 10 74
265 7 11 77
265 9 3 73
265 9 5 74
265 9 6 80
265 9 7 78
265 9 8 81
265 9 9 70
265 9 10 71
265 9 11 72
265 12 1 76
265 12 3 88
265 12 4 74
265 12 6 79
265 12 7 86
265 12 8 79
265 12 9 75
265 12 10 88
266 1 1 73
266 1 3 74
266 1 5 80
266 1 6 78
266 1 7 81
266 1 8 70
266 1 10 71
266 1 11 72
266 4 2 95
266 4 3 95
266 4 4 81
266 4 6 87
266 4 7 83
266 4 8 89
266 4 9 88
266 4 11 81
266 8 0 71
266 8 1 72
266 8 2 78
266 8 3 76
266 8 6 79
266 8 7 68
266 8 10 69
266 8 11 70
266 9 3 76
266 9 5 88
266 9 6 74
266 9 7 79
266 9 8 86
266 9 9 79
266 9 10 75
266 9 11 88
266 11 2 83
266 11 3 95
266 11 4 81
266 11 6 86
266 11 7 93
266 11 8 86
266 11 9 82
266 11 11 95
267 0 1 52
267 0 2 52
267 0 4 50
267 0 5 49
267 0 6 50
267 0 9 49
267 0 10 57
267 0 11 52
267 4 2 52
267 4 3 52
267 4 4 50
267 4 6 49
267 4 7 50
267 4 8 49
267 4 9 57
267 4 11 52
267 7 0 50
267 7 2 50
267 7 5 48
267 7 6 47
267 7 8 48
267 7 9 47
267 7 10 55
267 7 11 50
267 9 3 49
267 9 5 49
267 9 6 47
267 9 7 46
267 9 8 47
267 9 9 46
267 9 10 54
267 9 11 49
267 13 0 50
267 13 1 50
267 13 3 48
267 13 5 47
267 13 6 48
267 13 7 47
267 13 9 55
267 13 11 50
268 0 1 33
268 0 2 34
268 0 4 37
268 0 5 36
268 0 6 37
268 0 9 32
268 0 10 32
268 0 11 33
268 1 1 34
268 1 3 35
268 1 5 38
268 1 6 37
268 1 7 38
268 1 8 33
268 1 10 33
268 1 11 34
268 8 0 40
268 8 1 43
268 8 2 38
268 8 3 43
268 8 6 41
268 8 7 43
268 8 10 39
268 8 11 43
268 11 2 36
268 11 3 37
268 11 4 40
268 11 6 39
268 11 7 40
268 11 8 35
268 11 9 35
268 11 11 36
268 12 1 40
268 12 3 43
268 12 4 38
268 12 6 43
268 12 7 41
268 12 8 43
268 12 9 39
268 12 10 43
269 0 1 29
269 0 2 29
269 0 4 27
269 0 5 26
269 0 6 27
269 0 9 26
269 0 10 28
269 0 11 29
269 8 0 29
269 8 1 29
269 8 2 27
269 8 3 26
269 8 6 27
269 8 7 26
269 8 10 28
269 8 11 29
269 12 1 27
269 12 3 27
269 12 4 25
269 12 6 24
269 12 7 25
269 12 8 24
269 12 9 26
269 12 10 27
270 0 1 43
270 0 2 39
270 0 4 43
270 0 5 46
270 0 6 45
270 0 9 46
270 0 10 44
270 0 11 43
270 12 1 35
270 12 3 36
270 12 4 39
270 12 6 38
270 12 7 39
270 12 8 34
270 12 9 34
270 12 10 35
270 13 0 43
270 13 1 39
270 13 3 43
270 13 5 46
270 13 6 45
270 13 7 46
270 13 9 44
270 13 11 43
271 2 0 71
271 2 1 72
271 2 3 78
271 2 5 76
271 2 6 79
271 2 8 68
271 2 10 69
271 2 11 70
271 5 0 69
271 5 1 70
271 5 2 76
271 5 3 74
271 5 7 77
271 5 8 66
271 5 9 67
271 5 11 68
271 11 2 78
271 11 3 90
271 11 4 76
271 11 6 81
271 11 7 88
271 11 8 81
271 11 9 77
271 11 11 90
271 12 1 70
271 12 3 71
271 12 4 77
271 12 6 75
271 12 7 78
271 12 8 67
271 12 9 68
271 12 10 69
272 5 0 15
272 5 1 16
272 5 2 17
272 5 3 17
272 5 7 17
272 5 8 15
272 5 9 15
272 5 11 15
272 7 0 16
272 7 2 17
272 7 5 18
272 7 6 18
272 7 8 18
272 7 9 16
272 7 10 16
272 7 11 16
272 11 2 17
272 11 3 18
272 11 4 19
272 11 6 19
272 11 7 19
272 11 8 17
272 11 9 17
272 11 11 17
272 12 1 17
272 12 3 18
272 12 4 19
272 12 6 19
272 12 7 19
272 12 8 17
272 12 9 17
272 12 10 17
273 3 0 105
273 3 4 101
273 3 5 95
273 3 6 98
273 3 7 107
273 3 8 98
273 3 9 106
273 3 10 105
273 7 0 101
273 7 2 97
273 7 5 91
273 7 6 94
273 7 8 103
273 7 9 94
273 7 10 102
273 7 11 101
273 9 3 84
273 9 5 96
273 9 6 82
273 9 7 87
273 9 8 94
273 9 9 87
273 9 10 83
273 9 11 96
273 13 0 98
273 13 1 94
273 13 3 88
273 13 5 91
273 13 6 100
273 13 7 91
273 13 9 99
273 13 11 98
274 4 2 102
274 4 3 94
274 4 4 102
274 4 6 99
274 4 7 94
274 4 8 101
274 4 9 101
274 4 11 94
274 8 0 105
274 8 1 101
274 8 2 95
274 8 3 98
274 8 6 107
274 8 7 98
274 8 10 106
274 8 11 105
274 11 2 99
274 11 3 95
274 11 4 89
274 11 6 92
274 11 7 101
274 11 8 92
274 11 9 100
274 11 11 99
274 12 1 102
274 12 3 98
274 12 4 92
274 12 6 95
274 12 7 104
274 12 8 95
274 12 9 103
274 12 10 102
275 2 0 49
275 2 1 45
275 2 3 49
275 2 5 52
275 2 6 51
275 2 8 52
275 2 10 50
275 2 11 49
275 6 0 45
275 6 2 41
275 6 3 45
275 6 4 48
275 6 5 47
275 6 9 48
275 6 10 46
275 6 11 45
275 10 0 49
275 10 1 45
275 10 2 49
275 10 3 52
275 10 6 51
275 10 7 52
275 10 9 50
275 10 11 49
275 12 1 49
275 12 3 49
275 12 4 47
275 12 6 46
275 12 7 47
275 12 8 46
275 12 9 54
275 12 10 49
275 13 0 55
275 13 1 47
275 13 3 55
275 13 5 52
275 13 6 47
275 13 7 54
275 13 9 54
275 13 11 47
276 2 0 105
276 2 1 101
276 2 3 95
276 2 5 98
276 2 6 107
276 2 8 98
276 2 10 106
276 2 11 105
276 4 2 101
276 4 3 97
276 4 4 91
276 4 6 94
276 4 7 103
276 4 8 94
276 4 9 102
276 4 11 101
276 7 0 84
276 7 2 96
276 7 5 82
276 7 6 87
276 7 8 94
276 7 9 87
276 7 10 83
276 7 11 96
276 10 0 98
276 10 1 94
276 10 2 88
276 10 3 91
276 10 6 100
276 10 7 91
276 10 9 99
276 10 11 98
276 13 0 100
276 13 1 92
276 13 3 100
276 13 5 97
276 13 6 92
276 13 7 99
276 13 9 99
276 13 11 92
277 2 0 49
277 2 1 49
277 2 3 47
277 2 5 46
277 2 6 47
277 2 8 46
277 2 10 54
277 2 11 49
277 7 0 49
277 7 2 49
277 7 5 47
277 7 6 46
277 7 8 47
277 7 9 46
277 7 10 54
277 7 11 49
277 11 2 50
277 11 3 46
277 11 4 50
277 11 6 53
277 11 7 52
277 11 8 53
277 11 9 51
277 11 11 50
277 12 1 49
277 12 3 45
277 12 4 49
277 12 6 52
277 12 7 51
277 12 8 52
277 12 9 50
277 12 10 49
278 0 1 28
278 0 2 29
278 0 4 32
278 0 5 31
278 0 6 32
278 0 9 27
278 0 10 27
278 0 11 28
278 2 0 30
278 2 1 31
278 2 3 34
278 2 5 33
278 2 6 34
278 2 8 29
278 2 10 29
278 2 11 30
278 10 0 28
278 10 1 29
278 10 2 32
278 10 3 31
278 10 6 32
278 10 7 27
278 10 9 27
278 10 11 28
278 11 2 30
278 11 3 30
278 11 4 28
278 11 6 27
278 11 7 28
278 11 8 27
278 11 9 29
278 11 11 30
278 13 0 28
278 13 1 29
278 13 3 32
278 13 5 31
278 13 6 32
278 13 7 27
278 13 9 27
278 13 11 28
279 2 0 31
279 2 1 33
279 2 3 31
279 2 5 29
279 2 6 31
279 2 8 32
279 2 10 27
279 2 11 33
279 7 0 28
279 7 2 29
279 7 5 32
279 7 6 31
279 7 8 32
279 7 9 27
279 7 10 27
279 7 11 28
279 8 0 31
279 8 1 32
279 8 2 35
279 8 3 34
279 8 6 35
279 8 7 30
279 8 10 30
279 8 11 31
279 12 1 30
279 12 3 31
279 12 4 34
279 12 6 33
279 12 7 34
279 12 8 29
279 12 9 29
279 12 10 30
279 13 0 31
279 13 1 32
279 13 3 35
279 13 5 34
279 13 6 35
279 13 7 30
279 13 9 30
279 13 11 31
280 1 1 49
280 1 3 45
280 1 5 49
280 1 6 52
280 1 7 51
280 1 8 52
280 1 10 50
280 1 11 49
280 7 0 45
280 7 2 41
280 7 5 45
280 7 6 48
280 7 8 47
280 7 9 48
280 7 10 46
280 7 11 45
280 12 1 49
280 12 3 45
280 12 4 49
280 12 6 52
280 12 7 51
280 12 8 52
280 12 9 50
280 12 10 49
280 14 0 49
280 14 1 49
280 14 2 47
280 14 3 46
280 14 4 47
280 14 5 46
280 14 8 54
280 14 9 49
281 0 1 55
281 0 2 47
281 0 4 55
281 0 5 52
281 0 6 47
281 0 9 54
281 0 10 54
281 0 11 47
281 5 0 55
281 5 1 47
281 5 2 55
281 5 3 52
281 5 7 47
281 5 8 54
281 5 9 54
281 5 11 47
281 7 0 49
281 7 2 45
281 7 5 49
281 7 6 52
281 7 8 51
281 7 9 52
281 7 10 50
281 7 11 49
281 9 3 48
281 9 5 44
281 9 6 48
281 9 7 51
281 9 8 50
281 9 9 51
281 9 10 49
281 9 11 48
281 10 0 49
281 10 1 45
281 10 2 49
281 10 3 52
281 10 6 51
281 10 7 52
281 10 9 50
281 10 11 49
282 1 1 60
282 1 3 62
282 1 5 60
282 1 6 65
282 1 7 60
282 1 8 61
282 1 10 63
282 1 11 62
282 5 0 55
282 5 1 55
282 5 2 53
282 5 3 52
282 5 7 53
282 5 8 52
282 5 9 60
282 5 11 55
282 6 0 54
282 6 2 54
282 6 3 52
282 6 4 51
282 6 5 52
282 6 9 51
282 6 10 59
282 6 11 54
282 8 0 63
282 8 1 57
282 8 2 56
282 8 3 60
282 8 6 64
282 8 7 60
282 8 10 63
282 8 11 60
282 14 0 61
282 14 1 63
282 14 2 61
282 14 3 66
282 14 4 61
282 14 5 62
282 14 8 64
282 14 9 63
283 3 0 61
283 3 4 63
283 3 5 61
283 3 6 66
283 3 7 61
283 3 8 62
283 3 9 64
283 3 10 63
283 4 2 64
283 4 3 70
283 4 4 74
283 4 6 67
283 4 7 71
283 4 8 67
283 4 9 75
283 4 11 64
283 8 0 69
283 8 1 70
283 8 2 76
283 8 3 74
283 8 6 77
283 8 7 66
283 8 10 67
283 8 11 68
283 11 2 64
283 11 3 66
283 11 4 64
283 11 6 69
283 11 7 64
283 11 8 65
283 11 9 67
283 11 11 66
284 0 1 10
284 0 2 10
284 0 4 11
284 0 5 10
284 0 6 11
284 0 9 10
284 0 10 9
284 0 11 10
284 1 1 9
284 1 3 10
284 1 5 11
284 1 6 11
284 1 7 11
284 1 8 9
284 1 10 9
284 1 11 9
284 4 2 10
284 4 3 11
284 4 4 12
284 4 6 12
284 4 7 12
284 4 8 10
284 4 9 10
284 4 11 10
284 10 0 10
284 10 1 11
284 10 2 12
284 10 3 12
284 10 6 12
284 10 7 10
284 10 9 10
284 10 11 10
285 2 0 51
285 2 1 51
285 2 3 49
285 2 5 48
285 2 6 49
285 2 8 48
285 2 10 56
285 2 11 51
285 7 0 51
285 7 2 51
285 7 5 49
285 7 6 48
285 7 8 49
285 7 9 48
285 7 10 56
285 7 11 51
285 12 1 49
285 12 3 49
285 12 4 47
285 12 6 46
285 12 7 47
285 12 8 46
285 12 9 54
285 12 10 49
286 1 1 73
286 1 3 74
286 1 5 80
286 1 6 78
286 1 7 81
286 1 8 70
286 1 10 71
286 1 11 72
286 7 0 95
286 7 2 95
286 7 5 81
286 7 6 87
286 7 8 83
286 7 9 89
286 7 10 88
286 7 11 81
286 9 3 71
286 9 5 72
286 9 6 78
286 9 7 76
286 9 8 79
286 9 9 68
286 9 10 69
286 9 11 70
286 11 2 76
286 11 3 88
286 11 4 74
286 11 6 79
286 11 7 86
286 11 8 79
286 11 9 75
286 11 11 88
286 14 0 83
286 14 1 95
286 14 2 81
286 14 3 86
286 14 4 93
286 14 5 86
286 14 8 82
286 14 9 95
287 2 0 100
287 2 1 92
287 2 3 100
287 2 5 97
287 2 6 92
287 2 8 99
287 2 10 99
287 2 11 92
287 6 0 103
287 6 2 99
287 6 3 93
287 6 4 96
287 6 5 105
287 6 9 96
287 6 10 104
287 6 11 103
287 9 3 97
287 9 5 93
287 9 6 87
287 9 7 90
287 9 8 99
287 9 9 90
287 9 10 98
287 9 11 97
287 12 1 100
287 12 3 96
287 12 4 90
287 12 6 93
287 12 7 102
287 12 8 93
287 12 9 101
287 12 10 100
287 13 0 102
287 13 1 94
287 13 3 102
287 13 5 99
287 13 6 94
287 13 7 101
287 13 9 101
287 13 11 94
288 6 0 15
288 6 2 16
288 6 3 17
288 6 4 17
288 6 5 17
288 6 9 15
288 6 10 15
288 6 11 15
288 11 2 16
288 11 3 17
288 11 4 18
288 11 6 18
288 11 7 18
288 11 8 16
288 11 9 16
288 11 11 16
288 13 0 17
288 13 1 18
288 13 3 19
288 13 5 19
288 13 6 19
288 13 7 17
288 13 9 17
288 13 11 17
289 2 0 66
289 2 1 67
289 2 3 73
289 2 5 71
289 2 6 74
289 2 8 63
289 2 10 64
289 2 11 65
289 6 0 67
289 6 2 68
289 6 3 74
289 6 4 72
289 6 5 75
289 6 9 64
289 6 10 65
289 6 11 66
289 11 2 73
289 11 3 74
289 11 4 80
289 11 6 78
289 11 7 81
289 11 8 70
289 11 9 71
289 11 11 72
289 13 0 71
289 13 1 72
289 13 3 78
289 13 5 76
289 13 6 79
289 13 7 68
289 13 9 69
289 13 11 70
289 14 0 74
289 14 1 75
289 14 2 81
289 14 3 79
289 14 4 82
289 14 5 71
289 14 8 72
289 14 9 73
290 0 1 72
290 0 2 73
290 0 4 79
290 0 5 77
290 0 6 80
290 0 9 69
290 0 10 70
290 0 11 71
290 1 1 84
290 1 3 96
290 1 5 82
290 1 6 87
290 1 7 94
290 1 8 87
290 1 10 83
290 1 11 96
290 9 3 70
290 9 5 71
290 9 6 77
290 9 7 75
290 9 8 78
290 9 9 67
290 9 10 68
290 9 11 69
290 11 2 76
290 11 3 74
290 11 4 83
290 11 6 75
290 11 7 72
290 11 8 76
290 11 9 74
290 11 11 77
290 13 0 82
290 13 1 94
290 13 3 80
290 13 5 85
290 13 6 92
290 13 7 85
290 13 9 81
290 13 11 94
291 1 1 102
291 1 3 94
291 1 5 102
291 1 6 99
291 1 7 94
291 1 8 101
291 1 10 101
291 1 11 94
291 3 0 105
291 3 4 101
291 3 5 95
291 3 6 98
291 3 7 107
291 3 8 98
291 3 9 106
291 3 10 105
291 11 2 99
291 11 3 95
291 11 4 89
291 11 6 92
291 11 7 101
291 11 8 92
291 11 9 100
291 11 11 99
292 6 0 63
292 6 2 65
292 6 3 63
292 6 4 68
292 6 5 63
292 6 9 64
292 6 10 66
292 6 11 65
292 7 0 64
292 7 2 66
292 7 5 64
292 7 6 69
292 7 8 64
292 7 9 65
292 7 10 67
292 7 11 66
292 8 0 68
292 8 1 69
292 8 2 75
292 8 3 73
292 8 6 76
292 8 7 65
292 8 10 66
292 8 11 67
292 10 0 66
292 10 1 67
292 10 2 73
292 10 3 71
292 10 6 74
292 10 7 63
292 10 9 64
292 10 11 65
292 11 2 69
292 11 3 70
292 11 4 76
292 11 6 74
292 11 7 77
292 11 8 66
292 11 9 67
292 11 11 68
293 5 0 31
293 5 1 33
293 5 2 31
293 5 3 29
293 5 7 31
293 5 8 32
293 5 9 27
293 5 11 33
293 6 0 28
293 6 2 29
293 6 3 32
293 6 4 31
293 6 5 32
293 6 9 27
293 6 10 27
293 6 11 28
293 7 0 31
293 7 2 32
293 7 5 35
293 7 6 34
293 7 8 35
293 7 9 30
293 7 10 30
293 7 11 31
294 3 0 46
294 3 4 42
294 3 5 46
294 3 6 49
294 3 7 48
294 3 8 49
294 3 9 47
294 3 10 46
294 6 0 42
294 6 2 38
294 6 3 42
294 6 4 45
294 6 5 44
294 6 9 45
294 6 10 43
294 6 11 42
294 9 3 46
294 9 5 42
294 9 6 46
294 9 7 49
294 9 8 48
294 9 9 49
294 9 10 47
294 9 11 46
294 12 1 49
294 12 3 45
294 12 4 49
294 12 6 52
294 12 7 51
294 12 8 52
294 12 9 50
294 12 10 49
295 5 0 72
295 5 1 73
295 5 2 79
295 5 3 77
295 5 7 80
295 5 8 69
295 5 9 70
295 5 11 71
295 7 0 84
295 7 2 96
295 7 5 82
295 7 6 87
295 7 8 94
295 7 9 87
295 7 10 83
295 7 11 96
295 8 0 70
295 8 1 71
295 8 2 77
295 8 3 75
295 8 6 78
295 8 7 67
295 8 10 68
295 8 11 69
295 9 3 76
295 9 5 74
295 9 6 83
295 9 7 75
295 9 8 72
295 9 9 76
295 9 10 74
295 9 11 77
295 13 0 82
295 13 1 94
295 13 3 80
295 13 5 85
295 13 6 92
295 13 7 85
295 13 9 81
295 13 11 94
296 0 1 59
296 0 2 61
296 0 4 59
296 0 5 64
296 0 6 59
296 0 9 60
296 0 10 62
296 0 11 61
296 4 2 61
296 4 3 63
296 4 4 61
296 4 6 66
296 4 7 61
296 4 8 62
296 4 9 64
296 4 11 63
296 5 0 59
296 5 1 61
296 5 2 59
296 5 3 64
296 5 7 59
296 5 8 60
296 5 9 62
296 5 11 61
296 11 2 64
296 11 3 66
296 11 4 64
296 11 6 69
296 11 7 64
296 11 8 65
296 11 9 67
296 11 11 66
296 12 1 59
296 12 3 61
296 12 4 59
296 12 6 64
296 12 7 59
296 12 8 60
296 12 9 62
296 12 10 61
297 3 0 45
297 3 4 41
297 3 5 45
297 3 6 48
297 3 7 47
297 3 8 48
297 3 9 46
297 3 10 45
297 6 0 40
297 6 2 43
297 6 3 38
297 6 4 43
297 6 5 41
297 6 9 43
297 6 10 39
297 6 11 43
297 7 0 45
297 7 2 41
297 7 5 45
297 7 6 48
297 7 8 47
297 7 9 48
297 7 10 46
297 7 11 45
298 3 0 49
298 3 4 45
298 3 5 49
298 3 6 52
298 3 7 51
298 3 8 52
298 3 9 50
298 3 10 49
298 4 2 45
298 4 3 41
298 4 4 45
298 4 6 48
298 4 7 47
298 4 8 48
298 4 9 46
298 4 11 45
298 8 0 49
298 8 1 45
298 8 2 49
298 8 3 52
298 8 6 51
298 8 7 52
298 8 10 50
298 8 11 49
298 10 0 49
298 10 1 49
298 10 2 47
298 10 3 46
298 10 6 47
298 10 7 46
298 10 9 54
298 10 11 49
298 12 1 55
298 12 3 47
298 12 4 55
298 12 6 52
298 12 7 47
298 12 8 54
298 12 9 54
298 12 10 47
299 0 1 52
299 0 2 52
299 0 4 50
299 0 5 49
299 0 6 50
299 0 9 49
299 0 10 57
299 0 11 52
299 6 0 52
299 6 2 52
299 6 3 50
299 6 4 49
299 6 5 50
299 6 9 49
299 6 10 57
299 6 11 52
299 13 0 50
299 13 1 50
299 13 3 48
299 13 5 47
299 13 6 48
299 13 7 47
299 13 9 55
299 13 11 50
300 4 2 17
300 4 3 18
300 4 4 19
300 4 6 19
300 4 7 19
300 4 8 17
300 4 9 17
300 4 11 17
300 8 0 19
300 8 1 20
300 8 2 19
300 8 3 22
300 8 6 21
300 8 7 22
300 8 10 20
300 8 11 19
300 10 0 17
300 10 1 18
300 10 2 19
300 10 3 19
300 10 6 19
300 10 7 17
300 10 9 17
300 10 11 17
300 14 0 23
300 14 1 23
300 14 2 21
300 14 3 20
300 14 4 21
300 14 5 20
300 14 8 22
300 14 9 23
301 2 0 15
301 2 1 16
301 2 3 17
301 2 5 17
301 2 6 17
301 2 8 15
301 2 10 15
301 2 11 15
301 5 0 16
301 5 1 17
301 5 2 18
301 5 3 18
301 5 7 18
301 5 8 16
301 5 9 16
301 5 11 16
301 7 0 17
301 7 2 18
301 7 5 19
301 7 6 19
301 7 8 19
301 7 9 17
301 7 10 17
301 7 11 17
301 13 0 17
301 13 1 18
301 13 3 19
301 13 5 19
301 13 6 19
301 13 7 17
301 13 9 17
301 13 11 17
302 1 1 73
302 1 3 74
302 1 5 80
302 1 6 78
302 1 7 81
302 1 8 70
302 1 10 71
302 1 11 72
302 5 0 95
302 5 1 95
302 5 2 81
302 5 3 87
302 5 7 83
302 5 8 89
302 5 9 88
302 5 11 81
302 12 1 71
302 12 3 72
302 12 4 78
302 12 6 76
302 12 7 79
302 12 8 68
302 12 9 69
302 12 10 70
302 13 0 76
302 13 1 88
302 13 3 74
302 13 5 79
302 13 6 86
302 13 7 79
302 13 9 75
302 13 11 88
303 3 0 55
303 3 4 47
303 3 5 55
303 3 6 52
303 3 7 47
303 3 8 54
303 3 9 54
303 3 10 47
303 4 2 55
303 4 3 47
303 4 4 55
303 4 6 52
303 4 7 47
303 4 8 54
303 4 9 54
303 4 11 47
303 8 0 49
303 8 1 45
303 8 2 49
303 8 3 52
303 8 6 51
303 8 7 52
303 8 10 50
303 8 11 49
303 12 1 48
303 12 3 44
303 12 4 48
303 12 6 51
303 12 7 50
303 12 8 51
303 12 9 49
303 12 10 48
304 3 0 26
304 3 4 26
304 3 5 24
304 3 6 23
304 3 7 24
304 3 8 23
304 3 9 25
304 3 10 26
304 8 0 26
304 8 1 26
304 8 2 24
304 8 3 23
304 8 6 24
304 8 7 23
304 8 10 25
304 8 11 26
304 10 0 24
304 10 1 24
304 10 2 22
304 10 3 21
304 10 6 22
304 10 7 21
304 10 9 23
304 10 11 24
304 11 2 23
304 11 3 23
304 11 4 21
304 11 6 20
304 11 7 21
304 11 8 20
304 11 9 22
304 11 11 23
305 6 0 31
305 6 2 33
305 6 3 31
305 6 4 29
305 6 5 31
305 6 9 32
305 6 10 27
305 6 11 33
305 8 0 28
305 8 1 29
305 8 2 32
305 8 3 31
305 8 6 32
305 8 7 27
305 8 10 27
305 8 11 28
305 12 1 31
305 12 3 32
305 12 4 35
305 12 6 34
305 12 7 35
305 12 8 30
305 12 9 30
305 12 10 31
306 0 1 30
306 0 2 30
306 0 4 28
306 0 5 27
306 0 6 28
306 0 9 27
306 0 10 29
306 0 11 30
306 1 1 30
306 1 3 30
306 1 5 28
306 1 6 27
306 1 7 28
306 1 8 27
306 1 10 29
306 1 11 30
306 2 0 28
306 2 1 28
306 2 3 26
306 2 5 25
306 2 6 26
306 2 8 25
306 2 10 27
306 2 11 28
307 0 1 10
307 0 2 10
307 0 4 11
307 0 5 10
307 0 6 11
307 0 9 10
307 0 10 9
307 0 11 10
307 6 0 10
307 6 2 10
307 6 3 11
307 6 4 10
307 6 5 11
307 6 9 10
307 6 10 9
307 6 11 10
307 7 0 9
307 7 2 10
307 7 5 11
307 7 6 11
307 7 8 11
307 7 9 9
307 7 10 9
307 7 11 9
308 1 1 53
308 1 3 53
308 1 5 51
308 1 6 50
308 1 7 51
308 1 8 50
308 1 10 58
308 1 11 53
308 12 1 53
308 12 3 53
308 12 4 51
308 12 6 50
308 12 7 51
308 12 8 50
308 12 9 58
308 12 10 53
308 13 0 51
308 13 1 51
308 13 3 49
308 13 5 48
308 13 6 49
308 13 7 48
308 13 9 56
308 13 11 51
309 4 2 60
309 4 3 62
309 4 4 60
309 4 6 65
309 4 7 60
309 4 8 61
309 4 9 63
309 4 11 62
309 9 3 55
309 9 5 55
309 9 6 53
309 9 7 52
309 9 8 53
309 9 9 52
309 9 10 60
309 9 11 55
309 11 2 54
309 11 3 54
309 11 4 52
309 11 6 51
309 11 7 52
309 11 8 51
309 11 9 59
309 11 11 54
310 0 1 29
310 0 2 30
310 0 4 33
310 0 5 32
310 0 6 33
310 0 9 28
310 0 10 28
310 0 11 29
310 8 0 30
310 8 1 31
310 8 2 34
310 8 3 33
310 8 6 34
310 8 7 29
310 8 10 29
310 8 11 30
310 10 0 33
310 10 1 34
310 10 2 37
310 10 3 36
310 10 6 37
310 10 7 32
310 10 9 32
310 10 11 33
311 0 1 63
311 0 2 57
311 0 4 56
311 0 5 60
311 0 6 64
311 0 9 60
311 0 10 63
311 0 11 60
311 1 1 59
311 1 3 61
311 1 5 59
311 1 6 64
311 1 7 59
311 1 8 60
311 1 10 62
311 1 11 61
311 6 0 63
311 6 2 57
311 6 3 56
311 6 4 60
311 6 5 64
311 6 9 60
311 6 10 63
311 6 11 60
311 8 0 62
311 8 1 64
311 8 2 62
311 8 3 67
311 8 6 62
311 8 7 63
311 8 10 65
311 8 11 64
312 0 1 61
312 0 2 63
312 0 4 61
312 0 5 66
312 0 6 61
312 0 9 62
312 0 10 64
312 0 11 63
312 1 1 64
312 1 3 70
312 1 5 74
312 1 6 67
312 1 7 71
312 1 8 67
312 1 10 75
312 1 11 64
312 5 0 69
312 5 1 70
312 5 2 76
312 5 3 74
312 5 7 77
312 5 8 66
312 5 9 67
312 5 11 68
312 6 0 64
312 6 2 66
312 6 3 64
312 6 4 69
312 6 5 64
312 6 9 65
312 6 10 67
312 6 11 66
312 12 1 66
312 12 3 67
312 12 4 73
312 12 6 71
312 12 7 74
312 12 8 63
312 12 9 64
312 12 10 65
313 2 0 63
313 2 1 65
313 2 3 63
313 2 5 68
313 2 6 63
313 2 8 64
313 2 10 66
313 2 11 65
313 10 0 64
313 10 1 66
313 10 2 64
313 10 3 69
313 10 6 64
313 10 7 65
313 10 9 67
313 10 11 66
313 13 0 68
313 13 1 69
313 13 3 75
313 13 5 73
313 13 6 76
313 13 7 65
313 13 9 66
313 13 11 67
313 14 0 66
313 14 1 67
313 14 2 73
313 14 3 71
313 14 4 74
313 14 5 63
313 14 8 64
313 14 9 65
314 6 0 30
314 6 2 31
314 6 3 34
314 6 4 33
314 6 5 34
314 6 9 29
314 6 10 29
314 6 11 30
314 7 0 31
314 7 2 32
314 7 5 35
314 7 6 34
314 7 8 35
314 7 9 30
314 7 10 30
314 7 11 31
314 14 0 34
314 14 1 35
314 14 2 38
314 14 3 37
314 14 4 38
314 14 5 33
314 14 8 33
314 14 9 34
315 2 0 74
315 2 1 75
315 2 3 81
315 2 5 79
315 2 6 82
315 2 8 71
315 2 10 72
315 2 11 73
315 4 2 97
315 4 3 93
315 4 4 87
315 4 6 90
315 4 7 99
315 4 8 90
315 4 9 98
315 4 11 97
315 8 0 72
315 8 1 73
315 8 2 79
315 8 3 77
315 8 6 80
315 8 7 69
315 8 10 70
315 8 11 71
315 14 0 77
315 14 1 89
315 14 2 75
315 14 3 80
315 14 4 87
315 14 5 80
315 14 8 76
315 14 9 89
316 2 0 64
316 2 1 70
316 2 3 74
316 2 5 67
316 2 6 71
316 2 8 67
316 2 10 75
316 2 11 64
316 8 0 66
316 8 1 67
316 8 2 73
316 8 3 71
316 8 6 74
316 8 7 63
316 8 10 64
316 8 11 65
316 13 0 72
316 13 1 73
316 13 3 79
316 13 5 77
316 13 6 80
316 13 7 69
316 13 9 70
316 13 11 71
317 1 1 10
317 1 3 10
317 1 5 11
317 1 6 10
317 1 7 11
317 1 8 10
317 1 10 9
317 1 11 10
317 8 0 9
317 8 1 10
317 8 2 11
317 8 3 11
317 8 6 11
317 8 7 9
317 8 10 9
317 8 11 9
317 10 0 10
317 10 1 11
317 10 2 12
317 10 3 12
317 10 6 12
317 10 7 10
317 10 9 10
317 10 11 10
317 11 2 10
317 11 3 11
317 11 4 12
317 11 6 12
317 11 7 12
317 11 8 10
317 11 9 10
317 11 11 10
318 0 1 71
318 0 2 72
318 0 4 78
318 0 5 76
318 0 6 79
318 0 9 68
318 0 10 69
318 0 11 70
318 3 0 69
318 3 4 70
318 3 5 76
318 3 6 74
318 3 7 77
318 3 8 66
318 3 9 67
318 3 10 68
318 8 0 78
318 8 1 90
318 8 2 76
318 8 3 81
318 8 6 88
318 8 7 81
318 8 10 77
318 8 11 90
318 14 0 70
318 14 1 71
318 14 2 77
318 14 3 75
318 14 4 78
318 14 5 67
318 14 8 68
318 14 9 69
319 0 1 68
319 0 2 69
319 0 4 75
319 0 5 73
319 0 6 76
319 0 9 65
319 0 10 66
319 0 11 67
319 2 0 69
319 2 1 70
319 2 3 76
319 2 5 74
319 2 6 77
319 2 8 66
319 2 10 67
319 2 11 68
319 6 0 76
319 6 2 74
319 6 3 83
319 6 4 75
319 6 5 72
319 6 9 76
319 6 10 74
319 6 11 77
319 7 0 73
319 7 2 74
319 7 5 80
319 7 6 78
319 7 8 81
319 7 9 70
319 7 10 71
319 7 11 72
319 12 1 76
319 12 3 88
319 12 4 74
319 12 6 79
319 12 7 86
319 12 8 79
319 12 9 75
319 12 10 88
320 2 0 62
320 2 1 64
320 2 3 62
320 2 5 67
320 2 6 62
320 2 8 63
320 2 10 65
320 2 11 64
320 12 1 64
320 12 3 66
320 12 4 64
320 12 6 69
320 12 7 64
320 12 8 65
320 12 9 67
320 12 10 66
320 13 0 62
320 13 1 64
320 13 3 62
320 13 5 67
320 13 6 62
320 13 7 63
320 13 9 65
320 13 11 64
320 14 0 64
320 14 1 70
320 14 2 74
320 14 3 67
320 14 4 71
320 14 5 67
320 14 8 75
320 14 9 64
321 0 1 29
321 0 2 29
321 0 4 27
321 0 5 26
321 0 6 27
321 0 9 26
321 0 10 28
321 0 11 29
321 1 1 30
321 1 3 30
321 1 5 28
321 1 6 27
321 1 7 28
321 1 8 27
321 1 10 29
321 1 11 30
321 7 0 29
321 7 2 30
321 7 5 33
321 7 6 32
321 7 8 33
321 7 9 28
321 7 10 28
321 7 11 29
321 9 3 28
321 9 5 29
321 9 6 32
321 9 7 31
321 9 8 32
321 9 9 27
321 9 10 27
321 9 11 28
322 0 1 68
322 0 2 69
322 0 4 75
322 0 5 73
322 0 6 76
322 0 9 65
322 0 10 66
322 0 11 67
322 7 0 69
322 7 2 70
322 7 5 76
322 7 6 74
322 7 8 77
322 7 9 66
322 7 10 67
322 7 11 68
322 9 3 76
322 9 5 74
322 9 6 83
322 9 7 75
322 9 8 72
322 9 9 76
322 9 10 74
322 9 11 77
322 12 1 73
322 12 3 74
322 12 4 80
322 12 6 78
322 12 7 81
322 12 8 70
322 12 9 71
322 12 10 72
323 6 0 31
323 6 2 32
323 6 3 35
323 6 4 34
323 6 5 35
323 6 9 30
323 6 10 30
323 6 11 31
323 9 3 32
323 9 5 33
323 9 6 36
323 9 7 35
323 9 8 36
323 9 9 31
323 9 10 31
323 9 11 32
323 11 2 35
323 11 3 36
323 11 4 39
323 11 6 38
323 11 7 39
323 11 8 34
323 11 9 34
323 11 11 35
323 12 1 34
323 12 3 35
323 12 4 38
323 12 6 37
323 12 7 38
323 12 8 33
323 12 9 33
323 12 10 34
324 2 0 24
324 2 1 24
324 2 3 22
324 2 5 21
324 2 6 22
324 2 8 21
324 2 10 23
324 2 11 24
324 9 3 24
324 9 5 24
324 9 6 22
324 9 7 21
324 9 8 22
324 9 9 21
324 9 10 23
324 9 11 24
324 13 0 22
324 13 1 22
324 13 3 20
324 13 5 19
324 13 6 20
324 13 7 19
324 13 9 21
324 13 11 22
324 14 0 19
324 14 1 20
324 14 2 19
324 14 3 22
324 14 4 21
324 14 5 22
324 14 8 20
324 14 9 19
325 0 1 33
325 0 2 34
325 0 4 37
325 0 5 36
325 0 6 37
325 0 9 32
325 0 10 32
325 0 11 33
325 2 0 34
325 2 1 35
325 2 3 38
325 2 5 37
325 2 6 38
325 2 8 33
325 2 10 33
325 2 11 34
325 8 0 40
325 8 1 43
325 8 2 38
325 8 3 43
325 8 6 41
325 8 7 43
325 8 10 39
325 8 11 43
325 11 2 36
325 11 3 37
325 11 4 40
325 11 6 39
325 11 7 40
325 11 8 35
325 11 9 35
325 11 11 36
326 1 1 8
326 1 3 8
326 1 5 9
326 1 6 9
326 1 7 9
326 1 8 8
326 1 10 8
326 1 11 8
326 6 0 10
326 6 2 10
326 6 3 11
326 6 4 10
326 6 5 11
326 6 9 10
326 6 10 9
326 6 11 10
326 8 0 9
326 8 1 10
326 8 2 11
326 8 3 11
326 8 6 11
326 8 7 9
326 8 10 9
326 8 11 9
326 13 0 9
326 13 1 10
326 13 3 11
326 13 5 11
326 13 6 11
326 13 7 9
326 13 9 9
326 13 11 9
326 14 0 9
326 14 1 10
326 14 2 11
326 14 3 11
326 14 4 11
326 14 5 9
326 14 8 9
326 14 9 9
327 0 1 25
327 0 2 25
327 0 4 23
327 0 5 22
327 0 6 23
327 0 9 22
327 0 10 24
327 0 11 25
327 1 1 25
327 1 3 25
327 1 5 23
327 1 6 22
327 1 7 23
327 1 8 22
327 1 10 24
327 1 11 25
327 12 1 23
327 12 3 23
327 12 4 21
327 12 6 20
327 12 7 21
327 12 8 20
327 12 9 22
327 12 10 23
327 13 0 22
327 13 1 22
327 13 3 20
327 13 5 19
327 13 6 20
327 13 7 19
327 13 9 21
327 13 11 22
327 14 0 23
327 14 1 23
327 14 2 21
327 14 3 20
327 14 4 21
327 14 5 20
327 14 8 22
327 14 9 23
328 3 0 49
328 3 4 45
328 3 5 49
328 3 6 52
328 3 7 51
328 3 8 52
328 3 9 50
328 3 10 49
328 5 0 45
328 5 1 41
328 5 2 45
328 5 3 48
328 5 7 47
328 5 8 48
328 5 9 46
328 5 11 45
328 9 3 49
328 9 5 45
328 9 6 49
328 9 7 52
328 9 8 51
328 9 9 52
328 9 10 50
328 9 11 49
328 13 0 49
328 13 1 49
328 13 3 47
328 13 5 46
328 13 6 47
328 13 7 46
328 13 9 54
328 13 11 49
329 1 1 103
329 1 3 99
329 1 5 93
329 1 6 96
329 1 7 105
329 1 8 96
329 1 10 104
329 1 11 103
329 4 2 99
329 4 3 95
329 4 4 89
329 4 6 92
329 4 7 101
329 4 8 92
329 4 9 100
329 4 11 99
329 6 0 82
329 6 2 94
329 6 3 80
329 6 4 85
329 6 5 92
329 6 9 85
329 6 10 81
329 6 11 94
329 8 0 95
329 8 1 95
329 8 2 81
329 8 3 87
329 8 6 83
329 8 7 89
329 8 10 88
329 8 11 81
330 2 0 63
330 2 1 57
330 2 3 56
330 2 5 60
330 2 6 64
330 2 8 60
330 2 10 63
330 2 11 60
330 3 0 59
330 3 4 61
330 3 5 59
330 3 6 64
330 3 7 59
330 3 8 60
330 3 9 62
330 3 10 61
330 4 2 63
330 4 3 57
330 4 4 56
330 4 6 60
330 4 7 64
330 4 8 60
330 4 9 63
330 4 11 60
330 5 0 62
330 5 1 64
330 5 2 62
330 5 3 67
330 5 7 62
330 5 8 63
330 5 9 65
330 5 11 64
330 7 0 63
330 7 2 57
330 7 5 56
330 7 6 60
330 7 8 64
330 7 9 60
330 7 10 63
330 7 11 60
331 2 0 51
331 2 1 51
331 2 3 49
331 2 5 48
331 2 6 49
331 2 8 48
331 2 10 56
331 2 11 51
331 6 0 51
331 6 2 51
331 6 3 49
331 6 4 48
331 6 5 49
331 6 9 48
331 6 10 56
331 6 11 51
331 11 2 49
331 11 3 49
331 11 4 47
331 11 6 46
331 11 7 47
331 11 8 46
331 11 9 54
331 11 11 49
331 12 1 55
331 12 3 47
331 12 4 55
331 12 6 52
331 12 7 47
331 12 8 54
331 12 9 54
331 12 10 47
331 14 0 49
331 14 1 49
331 14 2 47
331 14 3 46
331 14 4 47
331 14 5 46
331 14 8 54
331 14 9 49
332 2 0 105
332 2 1 101
332 2 3 95
332 2 5 98
332 2 6 107
332 2 8 98
332 2 10 106
332 2 11 105
332 4 2 101
332 4 3 97
332 4 4 91
332 4 6 94
332 4 7 103
332 4 8 94
332 4 9 102
332 4 11 101
332 7 0 84
332 7 2 96
332 7 5 82
332 7 6 87
332 7 8 94
332 7 9 87
332 7 10 83
332 7 11 96
333 0 1 23
333 0 2 23
333 0 4 21
333 0 5 20
333 0 6 21
333 0 9 20
333 0 10 22
333 0 11 23
333 4 2 23
333 4 3 23
333 4 4 21
333 4 6 20
333 4 7 21
333 4 8 20
333 4 9 22
333 4 11 23
333 14 0 19
333 14 1 20
333 14 2 19
333 14 3 22
333 14 4 21
333 14 5 22
333 14 8 20
333 14 9 19
334 1 1 30
334 1 3 30
334 1 5 28
334 1 6 27
334 1 7 28
334 1 8 27
334 1 10 29
334 1 11 30
334 6 0 31
334 6 2 33
334 6 3 31
334 6 4 29
334 6 5 31
334 6 9 32
334 6 10 27
334 6 11 33
334 8 0 30
334 8 1 31
334 8 2 34
334 8 3 33
334 8 6 34
334 8 7 29
334 8 10 29
334 8 11 30
334 9 3 29
334 9 5 30
334 9 6 33
334 9 7 32
334 9 8 33
334 9 9 28
334 9 10 28
334 9 11 29
334 10 0 30
334 10 1 31
334 10 2 34
334 10 3 33
334 10 6 34
334 10 7 29
334 10 9 29
334 10 11 30
335 1 1 50
335 1 3 46
335 1 5 50
335 1 6 53
335 1 7 52
335 1 8 53
335 1 10 51
335 1 11 50
335 4 2 50
335 4 3 46
335 4 4 50
335 4 6 53
335 4 7 52
335 4 8 53
335 4 9 51
335 4 11 50
335 9 3 48
335 9 5 44
335 9 6 48
335 9 7 51
335 9 8 50
335 9 9 51
335 9 10 49
335 9 11 48
335 11 2 47
335 11 3 43
335 11 4 47
335 11 6 50
335 11 7 49
335 11 8 50
335 11 9 48
335 11 11 47
336 5 0 54
336 5 1 54
336 5 2 52
336 5 3 51
336 5 7 52
336 5 8 51
336 5 9 59
336 5 11 54
336 6 0 54
336 6 2 54
336 6 3 52
336 6 4 51
336 6 5 52
336 6 9 51
336 6 10 59
336 6 11 54
336 7 0 52
336 7 2 52
336 7 5 50
336 7 6 49
336 7 8 50
336 7 9 49
336 7 10 57
336 7 11 52
336 8 0 51
336 8 1 51
336 8 2 49
336 8 3 48
336 8 6 49
336 8 7 48
336 8 10 56
336 8 11 51
336 13 0 52
336 13 1 52
336 13 3 50
336 13 5 49
336 13 6 50
336 13 7 49
336 13 9 57
336 13 11 52
337 7 0 26
337 7 2 26
337 7 5 24
337 7 6 23
337 7 8 24
337 7 9 23
337 7 10 25
337 7 11 26
337 11 2 26
337 11 3 26
337 11 4 24
337 11 6 23
337 11 7 24
337 11 8 23
337 11 9 25
337 11 11 26
337 12 1 24
337 12 3 24
337 12 4 22
337 12 6 21
337 12 7 22
337 12 8 21
337 12 9 23
337 12 10 24
338 0 1 74
338 0 2 75
338 0 4 81
338 0 5 79
338 0 6 82
338 0 9 71
338 0 10 72
338 0 11 73
338 3 0 97
338 3 4 93
338 3 5 87
338 3 6 90
338 3 7 99
338 3 8 90
338 3 9 98
338 3 10 97
338 9 3 72
338 9 5 73
338 9 6 79
338 9 7 77
338 9 8 80
338 9 9 69
338 9 10 70
338 9 11 71
339 6 0 25
339 6 2 25
339 6 3 23
339 6 4 22
339 6 5 23
339 6 9 22
339 6 10 24
339 6 11 25
339 10 0 25
339 10 1 25
339 10 2 23
339 10 3 22
339 10 6 23
339 10 7 22
339 10 9 24
339 10 11 25
339 12 1 23
339 12 3 23
339 12 4 21
339 12 6 20
339 12 7 21
339 12 8 20
339 12 9 22
339 12 10 23
340 1 1 31
340 1 3 32
340 1 5 35
340 1 6 34
340 1 7 35
340 1 8 30
340 1 10 30
340 1 11 31
340 3 0 32
340 3 4 33
340 3 5 36
340 3 6 35
340 3 7 36
340 3 8 31
340 3 9 31
340 3 10 32
340 5 0 35
340 5 1 36
340 5 2 39
340 5 3 38
340 5 7 39
340 5 8 34
340 5 9 34
340 5 11 35
340 9 3 34
340 9 5 35
340 9 6 38
340 9 7 37
340 9 8 38
340 9 9 33
340 9 10 33
340 9 11 34
340 10 0 35
340 10 1 36
340 10 2 39
340 10 3 38
340 10 6 39
340 10 7 34
340 10 9 34
340 10 11 35
341 1 1 76
341 1 3 88
341 1 5 74
341 1 6 79
341 1 7 86
341 1 8 79
341 1 10 75
341 1 11 88
341 6 0 99
341 6 2 95
341 6 3 89
341 6 4 92
341 6 5 101
341 6 9 92
341 6 10 100
341 6 11 99
341 9 3 74
341 9 5 75
341 9 6 81
341 9 7 79
341 9 8 82
341 9 9 71
341 9 10 72
341 9 11 73
342 0 1 13
342 0 2 14
342 0 4 15
342 0 5 15
342 0 6 15
342 0 9 13
342 0 10 13
342 0 11 13
342 2 0 14
342 2 1 15
342 2 3 16
342 2 5 16
342 2 6 16
342 2 8 14
342 2 10 14
342 2 11 14
342 6 0 15
342 6 2 16
342 6 3 17
342 6 4 17
342 6 5 17
342 6 9 15
342 6 10 15
342 6 11 15
342 8 0 15
342 8 1 16
342 8 2 17
342 8 3 17
342 8 6 17
342 8 7 15
342 8 10 15
342 8 11 15
343 2 0 28
343 2 1 28
343 2 3 26
343 2 5 25
343 2 6 26
343 2 8 25
343 2 10 27
343 2 11 28
343 6 0 28
343 6 2 28
343 6 3 26
343 6 4 25
343 6 5 26
343 6 9 25
343 6 10 27
343 6 11 28
343 7 0 26
343 7 2 26
343 7 5 24
343 7 6 23
343 7 8 24
343 7 9 23
343 7 10 25
343 7 11 26
343 9 3 25
343 9 5 25
343 9 6 23
343 9 7 22
343 9 8 23
343 9 9 22
343 9 10 24
343 9 11 25
343 10 0 26
343 10 1 26
343 10 2 24
343 10 3 23
343 10 6 24
343 10 7 23
343 10 9 25
343 10 11 26
344 6 0 71
344 6 2 72
344 6 3 78
344 6 4 76
344 6 5 79
344 6 9 68
344 6 10 69
344 6 11 70
344 9 3 83
344 9 5 95
344 9 6 81
344 9 7 86
344 9 8 93
344 9 9 86
344 9 10 82
344 9 11 95
344 12 1 69
344 12 3 70
344 12 4 76
344 12 6 74
344 12 7 77
344 12 8 66
344 12 9 67
344 12 10 68
345 2 0 59
345 2 1 61
345 2 3 59
345 2 5 64
345 2 6 59
345 2 8 60
345 2 10 62
345 2 11 61
345 4 2 61
345 4 3 63
345 4 4 61
345 4 6 66
345 4 7 61
345 4 8 62
345 4 9 64
345 4 11 63
345 11 2 59
345 11 3 61
345 11 4 59
345 11 6 64
345 11 7 59
345 11 8 60
345 11 9 62
345 11 11 61
345 13 0 64
345 13 1 66
345 13 3 64
345 13 5 69
345 13 6 64
345 13 7 65
345 13 9 67
345 13 11 66
346 0 1 28
346 0 2 28
346 0 4 26
346 0 5 25
346 0 6 26
346 0 9 25
346 0 10 27
346 0 11 28
346 7 0 28
346 7 2 28
346 7 5 26
346 7 6 25
346 7 8 26
346 7 9 25
346 7 10 27
346 7 11 28
346 10 0 26
346 10 1 26
346 10 2 24
346 10 3 23
346 10 6 24
346 10 7 23
346 10 9 25
346 10 11 26
347 1 1 50
347 1 3 50
347 1 5 48
347 1 6 47
347 1 7 48
347 1 8 47
347 1 10 55
347 1 11 50
347 2 0 50
347 2 1 50
347 2 3 48
347 2 5 47
347 2 6 48
347 2 8 47
347 2 10 55
347 2 11 50
347 3 0 55
347 3 4 47
347 3 5 55
347 3 6 52
347 3 7 47
347 3 8 54
347 3 9 54
347 3 10 47
347 5 0 50
347 5 1 46
347 5 2 50
347 5 3 53
347 5 7 52
347 5 8 53
347 5 9 51
347 5 11 50
347 11 2 55
347 11 3 47
347 11 4 55
347 11 6 52
347 11 7 47
347 11 8 54
347 11 9 54
347 11 11 47
348 0 1 30
348 0 2 30
348 0 4 28
348 0 5 27
348 0 6 28
348 0 9 27
348 0 10 29
348 0 11 30
348 2 0 31
348 2 1 33
348 2 3 31
348 2 5 29
348 2 6 31
348 2 8 32
348 2 10 27
348 2 11 33
348 12 1 30
348 12 3 31
348 12 4 34
348 12 6 33
348 12 7 34
348 12 8 29
348 12 9 29
348 12 10 30
349 0 1 30
349 0 2 30
349 0 4 28
349 0 5 27
349 0 6 28
349 0 9 27
349 0 10 29
349 0 11 30
349 4 2 31
349 4 3 33
349 4 4 31
349 4 6 29
349 4 7 31
349 4 8 32
349 4 9 27
349 4 11 33
349 7 0 30
349 7 2 31
349 7 5 34
349 7 6 33
349 7 8 34
349 7 9 29
349 7 10 29
349 7 11 30
349 12 1 29
349 12 3 30
349 12 4 33
349 12 6 32
349 12 7 33
349 12 8 28
349 12 9 28
349 12 10 29
350 2 0 17
350 2 1 18
350 2 3 19
350 2 5 19
350 2 6 19
350 2 8 17
350 2 10 17
350 2 11 17
350 5 0 19
350 5 1 20
350 5 2 19
350 5 3 22
350 5 7 21
350 5 8 22
350 5 9 20
350 5 11 19
350 7 0 17
350 7 2 18
350 7 5 19
350 7 6 19
350 7 8 19
350 7 9 17
350 7 10 17
350 7 11 17
350 12 1 23
350 12 3 23
350 12 4 21
350 12 6 20
350 12 7 21
350 12 8 20
350 12 9 22
350 12 10 23
350 14 0 22
350 14 1 22
350 14 2 20
350 14 3 19
350 14 4 20
350 14 5 19
350 14 8 21
350 14 9 22
351 5 0 43
351 5 1 39
351 5 2 43
351 5 3 46
351 5 7 45
351 5 8 46
351 5 9 44
351 5 11 43
351 8 0 35
351 8 1 36
351 8 2 39
351 8 3 38
351 8 6 39
351 8 7 34
351 8 10 34
351 8 11 35
351 11 2 43
351 11 3 39
351 11 4 43
351 11 6 46
351 11 7 45
351 11 8 46
351 11 9 44
351 11 11 43
351 13 0 46
351 13 1 42
351 13 3 46
351 13 5 49
351 13 6 48
351 13 7 49
351 13 9 47
351 13 11 46
351 14 0 45
351 14 1 41
351 14 2 45
351 14 3 48
351 14 4 47
351 14 5 48
351 14 8 46
351 14 9 45
352 1 1 78
352 1 3 90
352 1 5 76
352 1 6 81
352 1 7 88
352 1 8 81
352 1 10 77
352 1 11 90
352 5 0 101
352 5 1 97
352 5 2 91
352 5 3 94
352 5 7 103
352 5 8 94
352 5 9 102
352 5 11 101
352 6 0 76
352 6 2 88
352 6 3 74
352 6 4 79
352 6 5 86
352 6 9 79
352 6 10 75
352 6 11 88
352 8 0 81
352 8 1 93
352 8 2 79
352 8 3 84
352 8 6 91
352 8 7 84
352 8 10 80
352 8 11 93
352 11 2 99
352 11 3 95
352 11 4 89
352 11 6 92
352 11 7 101
352 11 8 92
352 11 9 100
352 11 11 99
353 3 0 10
353 3 4 10
353 3 5 11
353 3 6 10
353 3 7 11
353 3 8 10
353 3 9 9
353 3 10 10
353 7 0 10
353 7 2 10
353 7 5 11
353 7 6 10
353 7 8 11
353 7 9 10
353 7 10 9
353 7 11 10
353 10 0 9
353 10 1 10
353 10 2 11
353 10 3 11
353 10 6 11
353 10 7 9
353 10 9 9
353 10 11 9
353 11 2 10
353 11 3 10
353 11 4 11
353 11 6 10
353 11 7 11
353 11 8 10
353 11 9 9
353 11 11 10
354 0 1 46
354 0 2 42
354 0 4 46
354 0 5 49
354 0 6 48
354 0 9 49
354 0 10 47
354 0 11 46
354 2 0 42
354 2 1 38
354 2 3 42
354 2 5 45
354 2 6 44
354 2 8 45
354 2 10 43
354 2 11 42
354 3 0 46
354 3 4 42
354 3 5 46
354 3 6 49
354 3 7 48
354 3 8 49
354 3 9 47
354 3 10 46
354 9 3 49
354 9 5 45
354 9 6 49
354 9 7 52
354 9 8 51
354 9 9 52
354 9 10 50
354 9 11 49
355 0 1 31
355 0 2 33
355 0 4 31
355 0 5 29
355 0 6 31
355 0 9 32
355 0 10 27
355 0 11 33
355 3 0 31
355 3 4 33
355 3 5 31
355 3 6 29
355 3 7 31
355 3 8 32
355 3 9 27
355 3 10 33
355 8 0 29
355 8 1 29
355 8 2 27
355 8 3 26
355 8 6 27
355 8 7 26
355 8 10 28
355 8 11 29
355 11 2 28
355 11 3 28
355 11 4 26
355 11 6 25
355 11 7 26
355 11 8 25
355 11 9 27
355 11 11 28
355 13 0 29
355 13 1 29
355 13 3 27
355 13 5 26
355 13 6 27
355 13 7 26
355 13 9 28
355 13 11 29
356 0 1 102
356 0 2 94
356 0 4 102
356 0 5 99
356 0 6 94
356 0 9 101
356 0 10 101
356 0 11 94
356 1 1 105
356 1 3 101
356 1 5 95
356 1 6 98
356 1 7 107
356 1 8 98
356 1 10 106
356 1 11 105
356 2 0 99
356 2 1 95
356 2 3 89
356 2 5 92
356 2 6 101
356 2 8 92
356 2 10 100
356 2 11 99
356 4 2 102
356 4 3 98
356 4 4 92
356 4 6 95
356 4 7 104
356 4 8 95
356 4 9 103
356 4 11 102
356 7 0 104
356 7 2 96
356 7 5 104
356 7 6 101
356 7 8 96
356 7 9 103
356 7 10 103
356 7 11 96
357 6 0 66
357 6 2 67
357 6 3 73
357 6 4 71
357 6 5 74
357 6 9 63
357 6 10 64
357 6 11 65
357 8 0 67
357 8 1 68
357 8 2 74
357 8 3 72
357 8 6 75
357 8 7 64
357 8 10 65
357 8 11 66
357 10 0 73
357 10 1 74
357 10 2 80
357 10 3 78
357 10 6 81
357 10 7 70
357 10 9 71
357 10 11 72
357 12 1 71
357 12 3 72
357 12 4 78
357 12 6 76
357 12 7 79
357 12 8 68
357 12 9 69
357 12 10 70
357 13 0 74
357 13 1 75
357 13 3 81
357 13 5 79
357 13 6 82
357 13 7 71
357 13 9 72
357 13 11 73
358 4 2 61
358 4 3 63
358 4 4 61
358 4 6 66
358 4 7 61
358 4 8 62
358 4 9 64
358 4 11 63
358 7 0 63
358 7 2 65
358 7 5 63
358 7 6 68
358 7 8 63
358 7 9 64
358 7 10 66
358 7 11 65
358 11 2 61
358 11 3 63
358 11 4 61
358 11 6 66
358 11 7 61
358 11 8 62
358 11 9 64
358 11 11 63
358 12 1 66
358 12 3 68
358 12 4 66
358 12 6 71
358 12 7 66
358 12 8 67
358 12 9 69
358 12 10 68
359 0 1 24
359 0 2 24
359 0 4 22
359 0 5 21
359 0 6 22
359 0 9 21
359 0 10 23
359 0 11 24
359 1 1 24
359 1 3 24
359 1 5 22
359 1 6 21
359 1 7 22
359 1 8 21
359 1 10 23
359 1 11 24
359 3 0 22
359 3 4 22
359 3 5 20
359 3 6 19
359 3 7 20
359 3 8 19
359 3 9 21
359 3 10 22
359 5 0 19
359 5 1 20
359 5 2 19
359 5 3 22
359 5 7 21
359 5 8 22
359 5 9 20
359 5 11 19
359 8 0 22
359 8 1 22
359 8 2 20
359 8 3 19
359 8 6 20
359 8 7 19
359 8 10 21
359 8 11 22
360 4 2 31
360 4 3 32
360 4 4 35
360 4 6 34
360 4 7 35
360 4 8 30
360 4 9 30
360 4 11 31
360 9 3 32
360 9 5 33
360 9 6 36
360 9 7 35
360 9 8 36
360 9 9 31
360 9 10 31
360 9 11 32
360 11 2 35
360 11 3 36
360 11 4 39
360 11 6 38
360 11 7 39
360 11 8 34
360 11 9 34
360 11 11 35
360 12 1 34
360 12 3 35
360 12 4 38
360 12 6 37
360 12 7 38
360 12 8 33
360 12 9 33
360 12 10 34
361 6 0 29
361 6 2 29
361 6 3 27
361 6 4 26
361 6 5 27
361 6 9 26
361 6 10 28
361 6 11 29
361 7 0 30
361 7 2 30
361 7 5 28
361 7 6 27
361 7 8 28
361 7 9 27
361 7 10 29
361 7 11 30
361 10 0 29
361 10 1 30
361 10 2 33
361 10 3 32
361 10 6 33
361 10 7 28
361 10 9 28
361 10 11 29
361 14 0 28
361 14 1 29
361 14 2 32
361 14 3 31
361 14 4 32
361 14 5 27
361 14 8 27
361 14 9 28
362 1 1 53
362 1 3 53
362 1 5 51
362 1 6 50
362 1 7 51
362 1 8 50
362 1 10 58
362 1 11 53
362 8 0 53
362 8 1 53
362 8 2 51
362 8 3 50
362 8 6 51
362 8 7 50
362 8 10 58
362 8 11 53
362 11 2 51
362 11 3 51
362 11 4 49
362 11 6 48
362 11 7 49
362 11 8 48
362 11 9 56
362 11 11 51
362 12 1 50
362 12 3 50
362 12 4 48
362 12 6 47
362 12 7 48
362 12 8 47
362 12 9 55
362 12 10 50
363 1 1 53
363 1 3 53
363 1 5 51
363 1 6 50
363 1 7 51
363 1 8 50
363 1 10 58
363 1 11 53
363 3 0 48
363 3 4 44
363 3 5 48
363 3 6 51
363 3 7 50
363 3 8 51
363 3 9 49
363 3 10 48
363 4 2 53
363 4 3 53
363 4 4 51
363 4 6 50
363 4 7 51
363 4 8 50
363 4 9 58
363 4 11 53
363 8 0 50
363 8 1 50
363 8 2 48
363 8 3 47
363 8 6 48
363 8 7 47
363 8 10 55
363 8 11 50
364 3 0 10
364 3 4 10
364 3 5 11
364 3 6 10
364 3 7 11
364 3 8 10
364 3 9 9
364 3 10 10
364 5 0 9
364 5 1 10
364 5 2 11
364 5 3 11
364 5 7 11
364 5 8 9
364 5 9 9
364 5 11 9
364 7 0 10
364 7 2 11
364 7 5 12
364 7 6 12
364 7 8 12
364 7 9 10
364 7 10 10
364 7 11 10
364 12 1 10
364 12 3 11
364 12 4 12
364 12 6 12
364 12 7 12
364 12 8 10
364 12 9 10
364 12 10 10
364 14 0 10
364 14 1 11
364 14 2 12
364 14 3 12
364 14 4 12
364 14 5 10
364 14 8 10
364 14 9 10
365 0 1 56
365 0 2 56
365 0 4 54
365 0 5 53
365 0 6 54
365 0 9 53
365 0 10 61
365 0 11 56
365 3 0 63
365 3 4 57
365 3 5 56
365 3 6 60
365 3 7 64
365 3 8 60
365 3 9 63
365 3 10 60
365 10 0 56
365 10 1 56
365 10 2 54
365 10 3 53
365 10 6 54
365 10 7 53
365 10 9 61
365 10 11 56
365 11 2 60
365 11 3 62
365 11 4 60
365 11 6 65
365 11 7 60
365 11 8 61
365 11 9 63
365 11 11 62
365 12 1 56
365 12 3 56
365 12 4 54
365 12 6 53
365 12 7 54
365 12 8 53
365 12 9 61
365 12 10 56
366 2 0 55
366 2 1 47
366 2 3 55
366 2 5 52
366 2 6 47
366 2 8 54
366 2 10 54
366 2 11 47
366 7 0 47
366 7 2 43
366 7 5 47
366 7 6 50
366 7 8 49
366 7 9 50
366 7 10 48
366 7 11 47
366 11 2 55
366 11 3 47
366 11 4 55
366 11 6 52
366 11 7 47
366 11 8 54
366 11 9 54
366 11 11 47
366 14 0 51
366 14 1 51
366 14 2 49
366 14 3 48
366 14 4 49
366 14 5 48
366 14 8 56
366 14 9 51
367 2 0 78
367 2 1 90
367 2 3 76
367 2 5 81
367 2 6 88
367 2 8 81
367 2 10 77
367 2 11 90
367 3 0 101
367 3 4 97
367 3 5 91
367 3 6 94
367 3 7 103
367 3 8 94
367 3 9 102
367 3 10 101
367 14 0 76
367 14 1 88
367 14 2 74
367 14 3 79
367 14 4 86
367 14 5 79
367 14 8 75
367 14 9 88
368 1 1 45
368 1 3 41
368 1 5 45
368 1 6 48
368 1 7 47
368 1 8 48
368 1 10 46
368 1 11 45
368 5 0 40
368 5 1 43
368 5 2 38
368 5 3 43
368 5 7 41
368 5 8 43
368 5 9 39
368 5 11 43
368 7 0 45
368 7 2 41
368 7 5 45
368 7 6 48
368 7 8 47
368 7 9 48
368 7 10 46
368 7 11 45
368 10 0 48
368 10 1 44
368 10 2 48
368 10 3 51
368 10 6 50
368 10 7 51
368 10 9 49
368 10 11 48
368 11 2 47
368 11 3 43
368 11 4 47
368 11 6 50
368 11 7 49
368 11 8 50
368 11 9 48
368 11 11 47
369 8 0 28
369 8 1 28
369 8 2 26
369 8 3 25
369 8 6 26
369 8 7 25
369 8 10 27
369 8 11 28
369 9 3 28
369 9 5 28
369 9 6 26
369 9 7 25
369 9 8 26
369 9 9 25
369 9 10 27
369 9 11 28
369 10 0 26
369 10 1 26
369 10 2 24
369 10 3 23
369 10 6 24
369 10 7 23
369 10 9 25
369 10 11 26
369 13 0 25
369 13 1 25
369 13 3 23
369 13 5 22
369 13 6 23
369 13 7 22
369 13 9 24
369 13 11 25
370 0 1 66
370 0 2 68
370 0 4 66
370 0 5 71
370 0 6 66
370 0 9 67
370 0 10 69
370 0 11 68
370 3 0 64
370 3 4 70
370 3 5 74
370 3 6 67
370 3 7 71
370 3 8 67
370 3 9 75
370 3 10 64
370 6 0 71
370 6 2 72
370 6 3 78
370 6 4 76
370 6 5 79
370 6 9 68
370 6 10 69
370 6 11 70
370 11 2 69
370 11 3 70
370 11 4 76
370 11 6 74
370 11 7 77
370 11 8 66
370 11 9 67
370 11 11 68
371 1 1 55
371 1 3 47
371 1 5 55
371 1 6 52
371 1 7 47
371 1 8 54
371 1 10 54
371 1 11 47
371 9 3 55
371 9 5 47
371 9 6 55
371 9 7 52
371 9 8 47
371 9 9 54
371 9 10 54
371 9 11 47
371 12 1 49
371 12 3 45
371 12 4 49
371 12 6 52
371 12 7 51
371 12 8 52
371 12 9 50
371 12 10 49
372 7 0 24
372 7 2 24
372 7 5 22
372 7 6 21
372 7 8 22
372 7 9 21
372 7 10 23
372 7 11 24
372 9 3 24
372 9 5 24
372 9 6 22
372 9 7 21
372 9 8 22
372 9 9 21
372 9 10 23
372 9 11 24
372 10 0 22
372 10 1 22
372 10 2 20
372 10 3 19
372 10 6 20
372 10 7 19
372 10 9 21
372 10 11 22
372 14 0 19
372 14 1 20
372 14 2 19
372 14 3 22
372 14 4 21
372 14 5 22
372 14 8 20
372 14 9 19
373 5 0 56
373 5 1 56
373 5 2 54
373 5 3 53
373 5 7 54
373 5 8 53
373 5 9 61
373 5 11 56
373 6 0 63
373 6 2 57
373 6 3 56
373 6 4 60
373 6 5 64
373 6 9 60
373 6 10 63
373 6 11 60
373 8 0 56
373 8 1 56
373 8 2 54
373 8 3 53
373 8 6 54
373 8 7 53
373 8 10 61
373 8 11 56
374 1 1 15
374 1 3 16
374 1 5 17
374 1 6 17
374 1 7 17
374 1 8 15
374 1 10 15
374 1 11 15
374 5 0 16
374 5 1 17
374 5 2 18
374 5 3 18
374 5 7 18
374 5 8 16
374 5 9 16
374 5 11 16
374 6 0 17
374 6 2 18
374 6 3 19
374 6 4 19
374 6 5 19
374 6 9 17
374 6 10 17
374 6 11 17
374 7 0 17
374 7 2 18
374 7 5 19
374 7 6 19
374 7 8 19
374 7 9 17
374 7 10 17
374 7 11 17
374 10 0 17
374 10 1 18
374 10 2 19
374 10 3 19
374 10 6 19
374 10 7 17
374 10 9 17
374 10 11 17
375 3 0 9
375 3 4 10
375 3 5 11
375 3 6 11
375 3 7 11
375 3 8 9
375 3 9 9
375 3 10 9
375 5 0 10
375 5 1 11
375 5 2 12
375 5 3 12
375 5 7 12
375 5 8 10
375 5 9 10
375 5 11 10
375 11 2 11
375 11 3 12
375 11 4 13
375 11 6 13
375 11 7 13
375 11 8 11
375 11 9 11
375 11 11 11
376 1 1 43
376 1 3 39
376 1 5 43
376 1 6 46
376 1 7 45
376 1 8 46
376 1 10 44
376 1 11 43
376 5 0 35
376 5 1 36
376 5 2 39
376 5 3 38
376 5 7 39
376 5 8 34
376 5 9 34
376 5 11 35
376 9 3 43
376 9 5 39
376 9 6 43
376 9 7 46
376 9 8 45
376 9 9 46
376 9 10 44
376 9 11 43
376 14 0 46
376 14 1 42
376 14 2 46
376 14 3 49
376 14 4 48
376 14 5 49
376 14 8 47
376 14 9 46
377 2 0 50
377 2 1 50
377 2 3 48
377 2 5 47
377 2 6 48
377 2 8 47
377 2 10 55
377 2 11 50
377 10 0 50
377 10 1 50
377 10 2 48
377 10 3 47
377 10 6 48
377 10 7 47
377 10 9 55
377 10 11 50
377 14 0 55
377 14 1 47
377 14 2 55
377 14 3 52
377 14 4 47
377 14 5 54
377 14 8 54
377 14 9 47
378 0 1 104
378 0 2 100
378 0 4 94
378 0 5 97
378 0 6 106
378 0 9 97
378 0 10 105
378 0 11 104
378 2 0 100
378 2 1 96
378 2 3 90
378 2 5 93
378 2 6 102
378 2 8 93
378 2 10 101
378 2 11 100
378 4 2 83
378 4 3 95
378 4 4 81
378 4 6 86
378 4 7 93
378 4 8 86
378 4 9 82
378 4 11 95
378 9 3 97
378 9 5 93
378 9 6 87
378 9 7 90
378 9 8 99
378 9 9 90
378 9 10 98
378 9 11 97
379 0 1 9
379 0 2 10
379 0 4 11
379 0 5 11
379 0 6 11
379 0 9 9
379 0 10 9
379 0 11 9
379 7 0 10
379 7 2 11
379 7 5 12
379 7 6 12
379 7 8 12
379 7 9 10
379 7 10 10
379 7 11 10
379 11 2 11
379 11 3 12
379 11 4 13
379 11 6 13
379 11 7 13
379 11 8 11
379 11 9 11
379 11 11 11
379 13 0 11
379 13 1 12
379 13 3 13
379 13 5 13
379 13 6 13
379 13 7 11
379 13 9 11
379 13 11 11
379 14 0 11
379 14 1 12
379 14 2 13
379 14 3 13
379 14 4 13
379 14 5 11
379 14 8 11
379 14 9 11
380 4 2 11
380 4 3 12
380 4 4 13
380 4 6 13
380 4 7 13
380 4 8 11
380 4 9 11
380 4 11 11
380 8 0 12
380 8 1 13
380 8 2 14
380 8 3 14
380 8 6 14
380 8 7 12
380 8 10 12
380 8 11 12
380 12 1 13
380 12 3 14
380 12 4 15
380 12 6 15
380 12 7 15
380 12 8 13
380 12 9 13
380 12 10 13
380 13 0 13
380 13 1 14
380 13 3 15
380 13 5 15
380 13 6 15
380 13 7 13
380 13 9 13
380 13 11 13
380 14 0 13
380 14 1 14
380 14 2 15
380 14 3 15
380 14 4 15
380 14 5 13
380 14 8 13
380 14 9 13
