Jobs:
0 1 2 3 4 5 6 7 8 9 10 11 12 13 14 15 16 17 18 19 20 21 22 23 24 25 26 27 28 29
Machines:
0 1 2 3 4 5 6 7 8 9 10 11 12 13 14
Workers:
0 1 2 3 4 5 6 7 8 9 10 11 12 13 14
Operations per job:
0 1 2 3 4 5 6 7 8 9
10 11 12 13 14 15 16 17 18 19 20 21 22 23
24 25 26 27 28 29 30 31 32 33 34 35 36 37 38
39 40 41 42 43 44 45 46 47 48 49 50 51 52
53 54 55 56 57 58 59 60 61 62 63 64 65 66 67
68 69 70 71 72 73 74 75 76 77 78
79 80 81 82 83 84 85 86 87 88 89 90 91 92
93 94 95 96 97 98 99 100 101 102 103 104
105 106 107 108 109 110 111 112 113 114 115 116 117 118
119 120 121 122 123 124 125 126 127 128 129 130 131 132 133
134 135 136 137 138 139 140 141 142 143 144 145
146 147 148 149 150 151 152 153 154 155 156 157 158 159
160 161 162 163 164 165 166 167 168 169 170 171 172 173
174 175 176 177 178 179 180 181 182 183 184 185
186 187 188 189 190 191 192 193 194 195 196 197
198 199 200 201 202 203 204 205 206 207 208 209 210 211
212 213 214 215 216 217 218 219 220 221 222 223
224 225 226 227 228 229 230 231 232 233 234
235 236 237 238 239 240 241 242 243 244 245 246 247 248
249 250 251 252 253 254 255 256 257 258 259
260 261 262 263 264 265 266 267 268 269 270 271 272
273 274 275 276 277 278 279 280 281 282 283
284 285 286 287 288 289 290 291 292 293 294 295 296
297 298 299 300 301 302 303 304 305 306 307
308 309 310 311 312 313 314 315 316 317
318 319 320 321 322 323 324 325 326 327 328 329 330
331 332 333 334 335 336 337 338 339 340 341 342
343 344 345 346 347 348 349 350 351 352
353 354 355 356 357 358 359 360 361 362 363 364
365 366 367 368 369 370 371 372 373 374
Predecessors per operation:

0
1
2
3
4
5
6
7
8

10
11
12
13
14
15
16
17
18
19
20
21
22

24
25
26
27
28
29
30
31
32
33
34
35
36
37

39
40
41
42
43
44
45
46
47
48
49
50
51

53
54
55
56
57
58
59
60
61
62
63
64
65
66

68
69
70
71
72
73
74
75
76
77

79
80
81
82
83
84
85
86
87
88
89
90
91

93
94
95
96
97
98
99
100
101
102
103

105
106
107
108
109
110
111
112
113
114
115
116
117

119
120
121
122
123
124
125
126
127
128
129
130
131
132

134
135
136
137
138
139
140
141
142
143
144

146
147
148
149
150
151
152
153
154
155
156
157
158

160
161
162
163
164
165
166
167
168
169
170
171
172

174
175
176
177
178
179
180
181
182
183
184

186
187
188
189
190
191
192
193
194
195
196

198
199
200
201
202
203
204
205
206
207
208
209
210

212
213
214
215
216
217
218
219
220
221
222

224
225
226
227
228
229
230
231
232
233

235
236
237
238
239
240
241
242
243
244
245
246
247

249
250
251
252
253
254
255
256
257
258

260
261
262
263
264
265
266
267
268
269
270
271

273
274
275
276
277
278
279
280
281
282

284
285
286
287
288
289
290
291
292
293
294
295

297
298
299
300
301
302
303
304
305
306

308
309
310
311
312
313
314
315
316

318
319
320
321
322
323
324
325
326
327
328
329

331
332
333
334
335
336
337
338
339
340
341

343
344
345
346
347
348
349
350
351

353
354
355
356
357
358
359
360
361
362
363

365
366
367
368
369
370
371
372
373
Successors per operation:
1
2
3
4
5
6
7
8
9

11
12
13
14
15
16
17
18
19
20
21
22
23

25
26
27
28
29
30
31
32
33
34
35
36
37
38

40
41
42
43
44
45
46
47
48
49
50
51
52

54
55
56
57
58
59
60
61
62
63
64
65
66
67

69
70
71
72
73
74
75
76
77
78

80
81
82
83
84
85
86
87
88
89
90
91
92

94
95
96
97
98
99
100
101
102
103
104

106
107
108
109
110
111
112
113
114
115
116
117
118

120
121
122
123
124
125
126
127
128
129
130
131
132
133

135
136
137
138
139
140
141
142
143
144
145

147
148
149
150
151
152
153
154
155
156
157
158
159

161
162
163
164
165
166
167
168
169
170
171
172
173

175
176
177
178
179
180
181
182
183
184
185

187
188
189
190
191
192
193
194
195
196
197

199
200
201
202
203
204
205
206
207
208
209
210
211

213
214
215
216
217
218
219
220
221
222
223

225
226
227
228
229
230
231
232
233
234

236
237
238
239
240
241
242
243
244
245
246
247
248

250
251
252
253
254
255
256
257
258
259

261
262
263
264
265
266
267
268
269
270
271
272

274
275
276
277
278
279
280
281
282
283

285
286
287
288
289
290
291
292
293
294
295
296

298
299
300
301
302
303
304
305
306
307

309
310
311
312
313
314
315
316
317

319
320
321
322
323
324
325
326
327
328
329
330

332
333
334
335
336
337
338
339
340
341
342

344
345
346
347
348
349
350
351
352

354
355
356
357
358
359
360
361
362
363
364

366
367
368
369
370
371
372
373
374

Machines per operation:
2 4 9
4 7 8 13
4 5 7 13 14
4 6 10 14
3 4 8 9 10
0 3 6 8
0 1 8 9
0 1 6 12 13
6 9 10 14
0 1 5 8 9
0 6 8 13 14
1 2 5 14
0 2 5 13
1 3 4 5 13
3 7 8 11 13
0 8 9 10
0 6 9 10 13
4 8 11 12
1 8 12 14
1 5 9 10
3 9 12
2 8 9 10
1 3 7
0 4 5 14
1 3 10
1 2 10
0 3 6 9 12
3 5 13
1 9 12 13 14
2 11 12
2 4 7 9 14
10 12 14
4 8 11 12 14
1 7 9 11
8 9 10
2 4 13
6 7 10
5 11 12 13
4 7 12 14
3 5 10
1 2 14
2 11 12
3 4 11 13
0 2 9 11 13
0 9 13
0 3 4 8 11
2 3 6 11 13
3 10 11
2 5 6
4 8 11 13
1 4 5 8 10
1 7 9 10
0 2 5 10 11
3 5 9
5 6 12
3 6 9 13 14
1 4 11 13
0 2 3 9 10
6 11 12 13 14
2 4 6 8 10
0 1 5 6 9
0 1 3 9 11
0 2 5
1 2 3 4
0 1 8 9 10
6 10 11 13
5 8 11 13 14
0 1 4
0 1 10 13
5 9 10 13
4 11 12 14
2 9 10
9 11 12 13 14
0 5 8 10 12
4 8 9 12
2 4 6 12 13
2 9 14
1 3 5 10
0 4 5 13
3 6 8
2 4 7 11 12
1 6 8
0 9 10 13
5 9 12
2 9 12
7 11 12
1 2 3 7
4 7 11
5 12 14
1 2 3 7
0 5 6
5 7 9 13 14
2 7 9 10 14
1 4 5
0 4 7 10
1 2 5 13 14
0 1 2 8 14
0 2 7 10 11
1 8 9
3 5 11 12
2 10 11 13
5 8 14
7 8 14
0 5 10
0 5 8 11 12
1 5 10
2 6 7 9
4 8 9 10 11
0 2 9 14
3 6 8 9
0 6 7
4 6 7 9 14
7 9 10 13 14
0 2 5 9
1 7 12
2 12 13
3 7 8 13
3 4 6 7
0 8 9 10 12
0 5 6 11
0 7 9 11
0 7 13
4 9 11
1 2 11
0 11 13
5 6 7
9 12 14
2 6 9 11
0 2 3 4 11
7 8 10
0 6 13
1 2 3 5 8
0 2 7 8
5 7 9 14
0 8 9 12 13
8 13 14
5 6 10 11 13
0 1 3 11
1 9 10
5 7 10 11
1 5 8 11 13
0 4 5 12 14
0 5 11 13
6 8 13
2 8 12
6 9 11 13 14
0 2 3 9 14
3 4 10 12
1 2 7 8 9
0 2 10
0 5 7 10 12
0 1 4 7 10
1 8 12 14
2 8 9 11 13
0 6 7 14
3 4 6 7
10 11 13
6 7 8
5 7 10 11
7 10 11 12 14
1 5 6 13
1 2 5 6 11
3 4 9 13
2 3 4
0 5 6 14
0 5 7 8
1 2 6
2 5 6 7 13
0 5 6 10 12
1 2 5 7
5 6 8 9 13
0 1 3 4
0 4 13 14
0 6 7
5 8 12 13
1 5 7 14
2 4 7 10 14
7 10 14
0 3 4 8 13
4 6 8 13 14
6 7 10 12
2 13 14
0 9 11 12 13
2 4 7 10 13
2 4 6 8
2 4 7 9 12
4 8 12 14
3 4 9
1 10 11 12 13
1 2 6 9 11
0 2 9 11 14
3 12 13
0 3 5 9
7 9 12
1 2 3 12 14
0 1 13 14
2 3 14
4 9 13
5 7 11
2 4 5 10 12
1 3 4 10 11
2 3 8 10
0 11 12
4 8 13
0 2 8 10 13
0 1 7 12
3 4 11
3 10 11 13
1 4 8 12 13
1 2 6 9
0 6 10 13
6 13 14
2 6 7 11 13
1 10 13
0 2 6 8 10
0 7 9 11 13
2 4 6 7 14
2 5 13 14
1 4 7 8
1 2 4 5 14
0 1 2 11
2 3 8 11 13
1 2 3 13
2 9 12 13
0 2 9 10 12
2 7 9 13
0 2 9 12
9 12 14
1 2 6 11
2 7 10 11
0 4 6 7
1 9 11 12 13
6 7 11
0 3 4 8 12
1 2 4 5 7
1 2 3 8
0 5 7 8 13
3 6 7
0 2 4 11 13
1 4 6
2 6 7
5 6 11
0 1 4 11 14
8 9 11 13 14
2 8 12
0 4 6
1 9 13
0 2 5 14
5 7 10 13
0 1 3 10
5 6 10 11
0 7 10 13 14
0 9 13
0 2 12
2 5 10 14
6 9 11
0 4 9 12 13
1 2 3 5 9
1 9 11
1 10 11 12 13
0 2 10 11 12
5 7 8
4 5 12 13
1 2 10 14
0 2 4 10 11
11 13 14
1 2 6 10 13
7 8 9 10 13
4 6 7 14
4 6 9 10 14
0 7 10 14
0 6 8
4 7 13
1 10 11
0 5 12
2 3 8 14
2 5 7
5 7 12
0 1 2 7 11
3 8 11
1 10 11
0 1 6 7 14
3 5 7 10 14
1 5 7
5 6 7 9 12
3 10 12
0 2 4 10
2 3 5 13
1 2 10 11
5 6 7 13
6 7 11
0 1 4 7 13
2 6 8
3 4 7
1 8 11 13
1 4 12 14
3 5 7 8
2 9 12
0 2 7 9 10
3 5 8 9 14
1 7 8 9 13
1 2 6 9 13
2 3 8 9
4 11 12 13 14
0 5 7 14
0 6 10 14
0 7 9
4 7 10 14
1 6 9 11
2 5 6 7
1 5 6
3 5 6 8
4 6 8 9
2 3 9 13 14
2 5 8
0 6 12 14
5 8 9 10 14
2 3 4 9 11
0 2 4
0 6 10 13
1 9 14
2 7 11 13
0 5 9 12 13
3 4 5 9 12
5 8 11
2 4 12
1 4 11 13
0 1 6 11 12
2 4 8 10 11
5 7 13
6 9 10
0 2 7 13 14
4 7 10 11
1 2 8 9 14
0 3 9
5 8 9
0 3 9
1 3 10 11
5 9 11 14
4 6 9 10 12
4 6 12
2 4 7
3 4 7 8 13
2 6 8 12
0 5 6 9 10
0 8 14
3 6 7 9 12
4 5 9 12 14
5 8 9 13
6 8 10 14
3 4 8 10
5 8 13
9 10 11 13
1 2 8 11 12
0 4 7 9
1 2 5
1 9 11
2 3 10
3 7 10 11 12
3 5 7 9 13
3 4 8 9
2 7 10
1 3 4 5 6
0 6 7 10 13
5 8 12 13
2 4 10 12 14
5 9 11 12
1 3 8 11 12
3 10 12
4 5 11
1 2 5 12
1 5 10
1 5 8 11
2 8 9
1 7 10 12 14
Processing times (o m w p):
0 2 0 80
0 2 1 80
0 2 3 84
0 2 4 78
0 2 6 76
0 2 8 73
0 2 9 87
0 2 12 86
0 4 0 74
0 4 1 78
0 4 5 80
0 4 6 73
0 4 8 80
0 4 9 77
0 4 13 84
0 4 14 83
0 9 1 82
0 9 2 80
0 9 3 87
0 9 7 80
0 9 8 81
0 9 9 89
0 9 10 80
0 9 12 90
1 4 0 68
1 4 1 72
1 4 5 74
1 4 6 67
1 4 8 74
1 4 9 71
1 4 13 78
1 4 14 77
1 7 0 72
1 7 4 76
1 7 6 78
1 7 9 71
1 7 10 78
1 7 11 75
1 7 12 82
1 7 13 81
1 8 1 74
1 8 3 78
1 8 5 80
1 8 8 73
1 8 9 80
1 8 10 77
1 8 12 84
1 8 14 83
1 13 2 67
1 13 4 71
1 13 7 73
1 13 8 66
1 13 9 73
1 13 10 70
1 13 12 77
1 13 14 76
2 4 0 19
2 4 1 23
2 4 5 24
2 4 6 23
2 4 8 24
2 4 9 20
2 4 13 23
2 4 14 21
2 5 0 19
2 5 1 23
2 5 2 24
2 5 3 23
2 5 4 24
2 5 5 20
2 5 13 23
2 5 14 21
2 7 0 22
2 7 4 22
2 7 6 20
2 7 9 20
2 7 10 21
2 7 11 21
2 7 12 22
2 7 13 22
2 13 2 22
2 13 4 22
2 13 7 20
2 13 8 20
2 13 9 21
2 13 10 21
2 13 12 22
2 13 14 22
2 14 1 18
2 14 4 22
2 14 7 23
2 14 9 22
2 14 10 23
2 14 11 19
2 14 12 22
2 14 14 20
3 4 0 35
3 4 1 37
3 4 5 38
3 4 6 34
3 4 8 38
3 4 9 36
3 4 13 40
3 4 14 39
3 6 0 37
3 6 3 39
3 6 7 40
3 6 8 36
3 6 9 40
3 6 10 38
3 6 11 42
3 6 13 41
3 10 0 42
3 10 1 40
3 10 2 38
3 10 3 40
3 10 4 41
3 10 5 40
3 10 10 40
3 10 14 41
3 14 1 34
3 14 4 36
3 14 7 37
3 14 9 33
3 14 10 37
3 14 11 35
3 14 12 39
3 14 14 38
4 3 0 15
4 3 1 16
4 3 6 16
4 3 8 14
4 3 9 16
4 3 10 15
4 3 13 17
4 3 14 17
4 4 0 16
4 4 1 17
4 4 5 17
4 4 6 15
4 4 8 17
4 4 9 16
4 4 13 18
4 4 14 18
4 8 1 16
4 8 3 17
4 8 5 17
4 8 8 15
4 8 9 17
4 8 10 16
4 8 12 18
4 8 14 18
4 9 1 14
4 9 2 15
4 9 3 15
4 9 7 13
4 9 8 15
4 9 9 14
4 9 10 16
4 9 12 16
4 10 0 16
4 10 1 17
4 10 2 17
4 10 3 15
4 10 4 17
4 10 5 16
4 10 10 18
4 10 14 18
5 0 2 20
5 0 4 24
5 0 5 25
5 0 7 24
5 0 8 25
5 0 9 21
5 0 13 24
5 0 14 22
5 3 0 24
5 3 1 28
5 3 6 29
5 3 8 28
5 3 9 29
5 3 10 25
5 3 13 28
5 3 14 26
5 6 0 25
5 6 3 29
5 6 7 30
5 6 8 29
5 6 9 30
5 6 10 26
5 6 11 29
5 6 13 27
5 8 1 24
5 8 3 28
5 8 5 29
5 8 8 28
5 8 9 29
5 8 10 25
5 8 12 28
5 8 14 26
6 0 2 71
6 0 4 71
6 0 5 64
6 0 7 69
6 0 8 68
6 0 9 70
6 0 13 67
6 0 14 61
6 1 4 68
6 1 5 72
6 1 6 74
6 1 7 67
6 1 9 74
6 1 10 71
6 1 13 78
6 1 14 77
6 8 1 70
6 8 3 74
6 8 5 76
6 8 8 69
6 8 9 76
6 8 10 73
6 8 12 80
6 8 14 79
6 9 1 70
6 9 2 70
6 9 3 63
6 9 7 68
6 9 8 67
6 9 9 69
6 9 10 66
6 9 12 60
7 0 2 8
7 0 4 9
7 0 5 9
7 0 7 8
7 0 8 9
7 0 9 8
7 0 13 9
7 0 14 9
7 1 4 9
7 1 5 10
7 1 6 11
7 1 7 10
7 1 9 11
7 1 10 10
7 1 13 10
7 1 14 11
7 6 0 10
7 6 3 11
7 6 7 11
7 6 8 9
7 6 9 11
7 6 10 10
7 6 11 12
7 6 13 12
7 12 1 9
7 12 2 10
7 12 5 11
7 12 9 10
7 12 11 11
7 12 12 10
7 12 13 10
7 12 14 11
7 13 2 10
7 13 4 11
7 13 7 11
7 13 8 9
7 13 9 11
7 13 10 10
7 13 12 12
7 13 14 12
8 6 0 75
8 6 3 79
8 6 7 81
8 6 8 74
8 6 9 81
8 6 10 78
8 6 11 85
8 6 13 84
8 9 1 73
8 9 2 77
8 9 3 79
8 9 7 72
8 9 8 79
8 9 9 76
8 9 10 83
8 9 12 82
8 10 0 81
8 10 1 79
8 10 2 86
8 10 3 79
8 10 4 80
8 10 5 88
8 10 10 79
8 10 14 89
8 14 1 73
8 14 4 77
8 14 7 79
8 14 9 72
8 14 10 79
8 14 11 76
8 14 12 83
8 14 14 82
9 0 2 40
9 0 4 40
9 0 5 43
9 0 7 38
9 0 8 39
9 0 9 39
9 0 13 40
9 0 14 40
9 1 4 40
9 1 5 40
9 1 6 43
9 1 7 38
9 1 9 39
9 1 10 39
9 1 13 40
9 1 14 40
9 5 0 43
9 5 1 43
9 5 2 46
9 5 3 41
9 5 4 42
9 5 5 42
9 5 13 43
9 5 14 43
9 8 1 37
9 8 3 39
9 8 5 40
9 8 8 36
9 8 9 40
9 8 10 38
9 8 12 42
9 8 14 41
9 9 1 42
9 9 2 40
9 9 3 38
9 9 7 40
9 9 8 41
9 9 9 40
9 9 10 40
9 9 12 41
10 0 2 54
10 0 4 52
10 0 5 59
10 0 7 58
10 0 8 59
10 0 9 55
10 0 13 58
10 0 14 50
10 6 0 52
10 6 3 50
10 6 7 57
10 6 8 56
10 6 9 57
10 6 10 53
10 6 11 56
10 6 13 48
10 8 1 59
10 8 3 57
10 8 5 64
10 8 8 63
10 8 9 64
10 8 10 60
10 8 12 63
10 8 14 55
10 13 2 58
10 13 4 56
10 13 7 63
10 13 8 62
10 13 9 63
10 13 10 59
10 13 12 62
10 13 14 54
10 14 1 59
10 14 4 57
10 14 7 64
10 14 9 63
10 14 10 64
10 14 11 60
10 14 12 63
10 14 14 55
11 1 4 15
11 1 5 16
11 1 6 16
11 1 7 14
11 1 9 16
11 1 10 15
11 1 13 17
11 1 14 17
11 2 0 16
11 2 1 17
11 2 3 17
11 2 4 15
11 2 6 17
11 2 8 16
11 2 9 18
11 2 12 18
11 5 0 16
11 5 1 17
11 5 2 17
11 5 3 15
11 5 4 17
11 5 5 16
11 5 13 18
11 5 14 18
11 14 1 14
11 14 4 15
11 14 7 15
11 14 9 13
11 14 10 15
11 14 11 14
11 14 12 16
11 14 14 16
12 0 2 72
12 0 4 72
12 0 5 65
12 0 7 70
12 0 8 69
12 0 9 71
12 0 13 68
12 0 14 62
12 2 0 69
12 2 1 73
12 2 3 75
12 2 4 68
12 2 6 75
12 2 8 72
12 2 9 79
12 2 12 78
12 5 0 71
12 5 1 75
12 5 2 77
12 5 3 70
12 5 4 77
12 5 5 74
12 5 13 81
12 5 14 80
12 13 2 71
12 13 4 71
12 13 7 64
12 13 8 69
12 13 9 68
12 13 10 70
12 13 12 67
12 13 14 61
13 1 4 67
13 1 5 71
13 1 6 73
13 1 7 66
13 1 9 73
13 1 10 70
13 1 13 77
13 1 14 76
13 3 0 67
13 3 1 71
13 3 6 73
13 3 8 66
13 3 9 73
13 3 10 70
13 3 13 77
13 3 14 76
13 4 0 67
13 4 1 67
13 4 5 60
13 4 6 65
13 4 8 64
13 4 9 66
13 4 13 63
13 4 14 57
13 5 0 72
13 5 1 72
13 5 2 65
13 5 3 70
13 5 4 69
13 5 5 71
13 5 13 68
13 5 14 62
13 13 2 71
13 13 4 71
13 13 7 64
13 13 8 69
13 13 9 68
13 13 10 70
13 13 12 67
13 13 14 61
14 3 0 68
14 3 1 68
14 3 6 61
14 3 8 66
14 3 9 65
14 3 10 67
14 3 13 64
14 3 14 58
14 7 0 68
14 7 4 68
14 7 6 61
14 7 9 66
14 7 10 65
14 7 11 67
14 7 12 64
14 7 13 58
14 8 1 58
14 8 3 56
14 8 5 63
14 8 8 62
14 8 9 63
14 8 10 59
14 8 12 62
14 8 14 54
14 11 0 66
14 11 1 66
14 11 3 59
14 11 6 64
14 11 9 63
14 11 10 65
14 11 12 62
14 11 13 56
14 13 2 65
14 13 4 65
14 13 7 58
14 13 8 63
14 13 9 62
14 13 10 64
14 13 12 61
14 13 14 55
15 0 2 72
15 0 4 72
15 0 5 65
15 0 7 70
15 0 8 69
15 0 9 71
15 0 13 68
15 0 14 62
15 8 1 69
15 8 3 73
15 8 5 75
15 8 8 68
15 8 9 75
15 8 10 72
15 8 12 79
15 8 14 78
15 9 1 71
15 9 2 75
15 9 3 77
15 9 7 70
15 9 8 77
15 9 9 74
15 9 10 81
15 9 12 80
15 10 0 71
15 10 1 71
15 10 2 64
15 10 3 69
15 10 4 68
15 10 5 70
15 10 10 67
15 10 14 61
16 0 2 30
16 0 4 32
16 0 5 33
16 0 7 29
16 0 8 33
16 0 9 31
16 0 13 35
16 0 14 34
16 6 0 32
16 6 3 34
16 6 7 35
16 6 8 31
16 6 9 35
16 6 10 33
16 6 11 37
16 6 13 36
16 9 1 33
16 9 2 35
16 9 3 36
16 9 7 32
16 9 8 36
16 9 9 34
16 9 10 38
16 9 12 37
16 10 0 29
16 10 1 31
16 10 2 32
16 10 3 28
16 10 4 32
16 10 5 30
16 10 10 34
16 10 14 33
16 13 2 33
16 13 4 35
16 13 7 36
16 13 8 32
16 13 9 36
16 13 10 34
16 13 12 38
16 13 14 37
17 4 0 44
17 4 1 44
17 4 5 47
17 4 6 42
17 4 8 43
17 4 9 43
17 4 13 44
17 4 14 44
17 8 1 44
17 8 3 44
17 8 5 47
17 8 8 42
17 8 9 43
17 8 10 43
17 8 12 44
17 8 14 44
17 11 0 47
17 11 1 47
17 11 3 50
17 11 6 45
17 11 9 46
17 11 10 46
17 11 12 47
17 11 13 47
17 12 1 42
17 12 2 42
17 12 5 45
17 12 9 40
17 12 11 41
17 12 12 41
17 12 13 42
17 12 14 42
18 1 4 17
18 1 5 18
18 1 6 18
18 1 7 16
18 1 9 18
18 1 10 17
18 1 13 19
18 1 14 19
18 8 1 19
18 8 3 23
18 8 5 24
18 8 8 23
18 8 9 24
18 8 10 20
18 8 12 23
18 8 14 21
18 12 1 20
18 12 2 24
18 12 5 25
18 12 9 24
18 12 11 25
18 12 12 21
18 12 13 24
18 12 14 22
18 14 1 19
18 14 4 23
18 14 7 24
18 14 9 23
18 14 10 24
18 14 11 20
18 14 12 23
18 14 14 21
19 1 4 57
19 1 5 55
19 1 6 62
19 1 7 61
19 1 9 62
19 1 10 58
19 1 13 61
19 1 14 53
19 5 0 55
19 5 1 53
19 5 2 60
19 5 3 59
19 5 4 60
19 5 5 56
19 5 13 59
19 5 14 51
19 9 1 65
19 9 2 65
19 9 3 58
19 9 7 63
19 9 8 62
19 9 9 64
19 9 10 61
19 9 12 55
19 10 0 64
19 10 1 64
19 10 2 57
19 10 3 62
19 10 4 61
19 10 5 63
19 10 10 60
19 10 14 54
20 3 0 79
20 3 1 77
20 3 6 84
20 3 8 77
20 3 9 78
20 3 10 86
20 3 13 77
20 3 14 87
20 9 1 80
20 9 2 80
20 9 3 84
20 9 7 78
20 9 8 76
20 9 9 73
20 9 10 87
20 9 12 86
20 12 1 84
20 12 2 82
20 12 5 89
20 12 9 82
20 12 11 83
20 12 12 91
20 12 13 82
20 12 14 92
21 2 0 100
21 2 1 90
21 2 3 93
21 2 4 88
21 2 6 89
21 2 8 89
21 2 9 100
21 2 12 100
21 8 1 83
21 8 3 81
21 8 5 88
21 8 8 81
21 8 9 82
21 8 10 90
21 8 12 81
21 8 14 91
21 9 1 86
21 9 2 84
21 9 3 91
21 9 7 84
21 9 8 85
21 9 9 93
21 9 10 84
21 9 12 94
21 10 0 81
21 10 1 79
21 10 2 86
21 10 3 79
21 10 4 80
21 10 5 88
21 10 10 79
21 10 14 89
22 1 4 65
22 1 5 65
22 1 6 58
22 1 7 63
22 1 9 62
22 1 10 64
22 1 13 61
22 1 14 55
22 3 0 55
22 3 1 53
22 3 6 60
22 3 8 59
22 3 9 60
22 3 10 56
22 3 13 59
22 3 14 51
22 7 0 67
22 7 4 67
22 7 6 60
22 7 9 65
22 7 10 64
22 7 11 66
22 7 12 63
22 7 13 57
23 0 2 71
23 0 4 71
23 0 5 64
23 0 7 69
23 0 8 68
23 0 9 70
23 0 13 67
23 0 14 61
23 4 0 68
23 4 1 72
23 4 5 74
23 4 6 67
23 4 8 74
23 4 9 71
23 4 13 78
23 4 14 77
23 5 0 70
23 5 1 74
23 5 2 76
23 5 3 69
23 5 4 76
23 5 5 73
23 5 13 80
23 5 14 79
23 14 1 70
23 14 4 70
23 14 7 63
23 14 9 68
23 14 10 67
23 14 11 69
23 14 12 66
23 14 14 60
24 1 4 72
24 1 5 67
24 1 6 65
24 1 7 70
24 1 9 71
24 1 10 76
24 1 13 67
24 1 14 77
24 3 0 72
24 3 1 67
24 3 6 65
24 3 8 70
24 3 9 71
24 3 10 76
24 3 13 67
24 3 14 77
24 10 0 66
24 10 1 66
24 10 2 59
24 10 3 64
24 10 4 63
24 10 5 65
24 10 10 62
24 10 14 56
25 1 4 17
25 1 5 18
25 1 6 18
25 1 7 16
25 1 9 18
25 1 10 17
25 1 13 19
25 1 14 19
25 2 0 18
25 2 1 19
25 2 3 19
25 2 4 17
25 2 6 19
25 2 8 18
25 2 9 20
25 2 12 20
25 10 0 18
25 10 1 19
25 10 2 19
25 10 3 17
25 10 4 19
25 10 5 18
25 10 10 20
25 10 14 20
26 0 2 11
26 0 4 12
26 0 5 12
26 0 7 10
26 0 8 12
26 0 9 11
26 0 13 13
26 0 14 13
26 3 0 12
26 3 1 13
26 3 6 13
26 3 8 11
26 3 9 13
26 3 10 12
26 3 13 14
26 3 14 14
26 6 0 12
26 6 3 13
26 6 7 13
26 6 8 11
26 6 9 13
26 6 10 12
26 6 11 14
26 6 13 14
26 9 1 10
26 9 2 11
26 9 3 11
26 9 7 9
26 9 8 11
26 9 9 10
26 9 10 12
26 9 12 12
26 12 1 12
26 12 2 13
26 12 5 13
26 12 9 11
26 12 11 13
26 12 12 12
26 12 13 14
26 12 14 14
27 3 0 97
27 3 1 87
27 3 6 90
27 3 8 85
27 3 9 86
27 3 10 86
27 3 13 97
27 3 14 97
27 5 0 93
27 5 1 100
27 5 2 107
27 5 3 91
27 5 4 104
27 5 5 106
27 5 13 103
27 5 14 104
27 13 2 102
27 13 4 104
27 13 7 117
27 13 8 102
27 13 9 113
27 13 10 103
27 13 12 112
27 13 14 106
28 1 4 22
28 1 5 22
28 1 6 20
28 1 7 20
28 1 9 21
28 1 10 21
28 1 13 22
28 1 14 22
28 9 1 21
28 9 2 25
28 9 3 26
28 9 7 25
28 9 8 26
28 9 9 22
28 9 10 25
28 9 12 23
28 12 1 22
28 12 2 26
28 12 5 27
28 12 9 26
28 12 11 27
28 12 12 23
28 12 13 26
28 12 14 24
28 13 2 21
28 13 4 25
28 13 7 26
28 13 8 25
28 13 9 26
28 13 10 22
28 13 12 25
28 13 14 23
28 14 1 22
28 14 4 26
28 14 7 27
28 14 9 26
28 14 10 27
28 14 11 23
28 14 12 26
28 14 14 24
29 2 0 80
29 2 1 80
29 2 3 84
29 2 4 78
29 2 6 76
29 2 8 73
29 2 9 87
29 2 12 86
29 11 0 74
29 11 1 78
29 11 3 80
29 11 6 73
29 11 9 80
29 11 10 77
29 11 12 84
29 11 13 83
29 12 1 82
29 12 2 80
29 12 5 87
29 12 9 80
29 12 11 81
29 12 12 89
29 12 13 80
29 12 14 90
30 2 0 93
30 2 1 100
30 2 3 107
30 2 4 91
30 2 6 104
30 2 8 106
30 2 9 103
30 2 12 104
30 4 0 96
30 4 1 89
30 4 5 94
30 4 6 83
30 4 8 86
30 4 9 86
30 4 13 97
30 4 14 91
30 7 0 97
30 7 4 87
30 7 6 90
30 7 9 85
30 7 10 86
30 7 11 86
30 7 12 97
30 7 13 97
30 9 1 85
30 9 2 83
30 9 3 90
30 9 7 83
30 9 8 84
30 9 9 92
30 9 10 83
30 9 12 93
30 14 1 86
30 14 4 84
30 14 7 91
30 14 9 84
30 14 10 85
30 14 11 93
30 14 12 84
30 14 14 94
31 10 0 17
31 10 1 18
31 10 2 18
31 10 3 16
31 10 4 18
31 10 5 17
31 10 10 19
31 10 14 19
31 12 1 19
31 12 2 23
31 12 5 24
31 12 9 23
31 12 11 24
31 12 12 20
31 12 13 23
31 12 14 21
31 14 1 20
31 14 4 24
31 14 7 25
31 14 9 24
31 14 10 25
31 14 11 21
31 14 12 24
31 14 14 22
32 4 0 68
32 4 1 72
32 4 5 74
32 4 6 67
32 4 8 74
32 4 9 71
32 4 13 78
32 4 14 77
32 8 1 68
32 8 3 72
32 8 5 74
32 8 8 67
32 8 9 74
32 8 10 71
32 8 12 78
32 8 14 77
32 11 0 68
32 11 1 68
32 11 3 61
32 11 6 66
32 11 9 65
32 11 10 67
32 11 12 64
32 11 13 58
32 12 1 72
32 12 2 67
32 12 5 65
32 12 9 70
32 12 11 71
32 12 12 76
32 12 13 67
32 12 14 77
32 14 1 72
32 14 4 72
32 14 7 65
32 14 9 70
32 14 10 69
32 14 11 71
32 14 12 68
32 14 14 62
33 1 4 81
33 1 5 79
33 1 6 86
33 1 7 79
33 1 9 80
33 1 10 88
33 1 13 79
33 1 14 89
33 7 0 79
33 7 4 77
33 7 6 84
33 7 9 77
33 7 10 78
33 7 11 86
33 7 12 77
33 7 13 87
33 9 1 86
33 9 2 84
33 9 3 91
33 9 7 84
33 9 8 85
33 9 9 93
33 9 10 84
33 9 12 94
33 11 0 79
33 11 1 77
33 11 3 84
33 11 6 77
33 11 9 78
33 11 10 86
33 11 12 77
33 11 13 87
34 8 1 56
34 8 3 54
34 8 5 61
34 8 8 60
34 8 9 61
34 8 10 57
34 8 12 60
34 8 14 52
34 9 1 54
34 9 2 52
34 9 3 59
34 9 7 58
34 9 8 59
34 9 9 55
34 9 10 58
34 9 12 50
34 10 0 64
34 10 1 64
34 10 2 57
34 10 3 62
34 10 4 61
34 10 5 63
34 10 10 60
34 10 14 54
35 2 0 20
35 2 1 24
35 2 3 25
35 2 4 24
35 2 6 25
35 2 8 21
35 2 9 24
35 2 12 22
35 4 0 24
35 4 1 28
35 4 5 29
35 4 6 28
35 4 8 29
35 4 9 25
35 4 13 28
35 4 14 26
35 13 2 25
35 13 4 29
35 13 7 30
35 13 8 29
35 13 9 30
35 13 10 26
35 13 12 29
35 13 14 27
36 6 0 54
36 6 3 52
36 6 7 59
36 6 8 58
36 6 9 59
36 6 10 55
36 6 11 58
36 6 13 50
36 7 0 52
36 7 4 50
36 7 6 57
36 7 9 56
36 7 10 57
36 7 11 53
36 7 12 56
36 7 13 48
36 10 0 59
36 10 1 57
36 10 2 64
36 10 3 63
36 10 4 64
36 10 5 60
36 10 10 63
36 10 14 55
37 5 0 34
37 5 1 36
37 5 2 37
37 5 3 33
37 5 4 37
37 5 5 35
37 5 13 39
37 5 14 38
37 11 0 36
37 11 1 38
37 11 3 39
37 11 6 35
37 11 9 39
37 11 10 37
37 11 12 41
37 11 13 40
37 12 1 37
37 12 2 39
37 12 5 40
37 12 9 36
37 12 11 40
37 12 12 38
37 12 13 42
37 12 14 41
37 13 2 33
37 13 4 35
37 13 7 36
37 13 8 32
37 13 9 36
37 13 10 34
37 13 12 38
37 13 14 37
38 4 0 72
38 4 1 72
38 4 5 65
38 4 6 70
38 4 8 69
38 4 9 71
38 4 13 68
38 4 14 62
38 7 0 69
38 7 4 73
38 7 6 75
38 7 9 68
38 7 10 75
38 7 11 72
38 7 12 79
38 7 13 78
38 12 1 71
38 12 2 75
38 12 5 77
38 12 9 70
38 12 11 77
38 12 12 74
38 12 13 81
38 12 14 80
38 14 1 71
38 14 4 71
38 14 7 64
38 14 9 69
38 14 10 68
38 14 11 70
38 14 12 67
38 14 14 61
39 3 0 99
39 3 1 89
39 3 6 92
39 3 8 87
39 3 9 88
39 3 10 88
39 3 13 99
39 3 14 99
39 5 0 82
39 5 1 80
39 5 2 87
39 5 3 80
39 5 4 81
39 5 5 89
39 5 13 80
39 5 14 90
39 10 0 85
39 10 1 83
39 10 2 90
39 10 3 83
39 10 4 84
39 10 5 92
39 10 10 83
39 10 14 93
40 1 4 19
40 1 5 23
40 1 6 24
40 1 7 23
40 1 9 24
40 1 10 20
40 1 13 23
40 1 14 21
40 2 0 23
40 2 1 27
40 2 3 28
40 2 4 27
40 2 6 28
40 2 8 24
40 2 9 27
40 2 12 25
40 14 1 24
40 14 4 28
40 14 7 29
40 14 9 28
40 14 10 29
40 14 11 25
40 14 12 28
40 14 14 26
41 2 0 14
41 2 1 15
41 2 3 15
41 2 4 13
41 2 6 15
41 2 8 14
41 2 9 16
41 2 12 16
41 11 0 15
41 11 1 16
41 11 3 16
41 11 6 14
41 11 9 16
41 11 10 15
41 11 12 17
41 11 13 17
41 12 1 15
41 12 2 16
41 12 5 16
41 12 9 14
41 12 11 16
41 12 12 15
41 12 13 17
41 12 14 17
42 3 0 26
42 3 1 30
42 3 6 31
42 3 8 30
42 3 9 31
42 3 10 27
42 3 13 30
42 3 14 28
42 4 0 29
42 4 1 31
42 4 5 32
42 4 6 28
42 4 8 32
42 4 9 30
42 4 13 34
42 4 14 33
42 11 0 30
42 11 1 32
42 11 3 33
42 11 6 29
42 11 9 33
42 11 10 31
42 11 12 35
42 11 13 34
42 13 2 25
42 13 4 29
42 13 7 30
42 13 8 29
42 13 9 30
42 13 10 26
42 13 12 29
42 13 14 27
43 0 2 16
43 0 4 17
43 0 5 17
43 0 7 15
43 0 8 17
43 0 9 16
43 0 13 18
43 0 14 18
43 2 0 17
43 2 1 18
43 2 3 18
43 2 4 16
43 2 6 18
43 2 8 17
43 2 9 19
43 2 12 19
43 9 1 17
43 9 2 18
43 9 3 18
43 9 7 16
43 9 8 18
43 9 9 17
43 9 10 19
43 9 12 19
43 11 0 15
43 11 1 16
43 11 3 16
43 11 6 14
43 11 9 16
43 11 10 15
43 11 12 17
43 11 13 17
43 13 2 17
43 13 4 18
43 13 7 18
43 13 8 16
43 13 9 18
43 13 10 17
43 13 12 19
43 13 14 19
44 0 2 42
44 0 4 40
44 0 5 38
44 0 7 40
44 0 8 41
44 0 9 40
44 0 13 40
44 0 14 41
44 9 1 42
44 9 2 40
44 9 3 38
44 9 7 40
44 9 8 41
44 9 9 40
44 9 10 40
44 9 12 41
44 13 2 42
44 13 4 42
44 13 7 45
44 13 8 40
44 13 9 41
44 13 10 41
44 13 12 42
44 13 14 42
45 0 2 71
45 0 4 75
45 0 5 77
45 0 7 70
45 0 8 77
45 0 9 74
45 0 13 81
45 0 14 80
45 3 0 75
45 3 1 79
45 3 6 81
45 3 8 74
45 3 9 81
45 3 10 78
45 3 13 85
45 3 14 84
45 4 0 78
45 4 1 76
45 4 5 83
45 4 6 76
45 4 8 77
45 4 9 85
45 4 13 76
45 4 14 86
45 8 1 70
45 8 3 74
45 8 5 76
45 8 8 69
45 8 9 76
45 8 10 73
45 8 12 80
45 8 14 79
45 11 0 78
45 11 1 76
45 11 3 83
45 11 6 76
45 11 9 77
45 11 10 85
45 11 12 76
45 11 13 86
46 2 0 40
46 2 1 40
46 2 3 43
46 2 4 38
46 2 6 39
46 2 8 39
46 2 9 40
46 2 12 40
46 3 0 40
46 3 1 40
46 3 6 43
46 3 8 38
46 3 9 39
46 3 10 39
46 3 13 40
46 3 14 40
46 6 0 43
46 6 3 43
46 6 7 46
46 6 8 41
46 6 9 42
46 6 10 42
46 6 11 43
46 6 13 43
46 11 0 37
46 11 1 39
46 11 3 40
46 11 6 36
46 11 9 40
46 11 10 38
46 11 12 42
46 11 13 41
46 13 2 42
46 13 4 40
46 13 7 38
46 13 8 40
46 13 9 41
46 13 10 40
46 13 12 40
46 13 14 41
47 3 0 98
47 3 1 100
47 3 6 113
47 3 8 98
47 3 9 109
47 3 10 99
47 3 13 108
47 3 14 102
47 10 0 97
47 10 1 87
47 10 2 90
47 10 3 85
47 10 4 86
47 10 5 86
47 10 10 97
47 10 14 97
47 11 0 100
47 11 1 90
47 11 3 93
47 11 6 88
47 11 9 89
47 11 10 89
47 11 12 100
47 11 13 100
48 2 0 97
48 2 1 99
48 2 3 112
48 2 4 97
48 2 6 108
48 2 8 98
48 2 9 107
48 2 12 101
48 5 0 96
48 5 1 86
48 5 2 89
48 5 3 84
48 5 4 85
48 5 5 85
48 5 13 96
48 5 14 96
48 6 0 99
48 6 3 89
48 6 7 92
48 6 8 87
48 6 9 88
48 6 10 88
48 6 11 99
48 6 13 99
49 4 0 69
49 4 1 69
49 4 5 62
49 4 6 67
49 4 8 66
49 4 9 68
49 4 13 65
49 4 14 59
49 8 1 69
49 8 3 69
49 8 5 62
49 8 8 67
49 8 9 66
49 8 10 68
49 8 12 65
49 8 14 59
49 11 0 59
49 11 1 57
49 11 3 64
49 11 6 63
49 11 9 64
49 11 10 60
49 11 12 63
49 11 13 55
49 13 2 67
49 13 4 67
49 13 7 60
49 13 8 65
49 13 9 64
49 13 10 66
49 13 12 63
49 13 14 57
50 1 4 29
50 1 5 31
50 1 6 32
50 1 7 28
50 1 9 32
50 1 10 30
50 1 13 34
50 1 14 33
50 4 0 31
50 4 1 33
50 4 5 34
50 4 6 30
50 4 8 34
50 4 9 32
50 4 13 36
50 4 14 35
50 5 0 32
50 5 1 34
50 5 2 35
50 5 3 31
50 5 4 35
50 5 5 33
50 5 13 37
50 5 14 36
50 8 1 30
50 8 3 30
50 8 5 30
50 8 8 28
50 8 9 27
50 8 10 29
50 8 12 33
50 8 14 27
50 10 0 32
50 10 1 34
50 10 2 35
50 10 3 31
50 10 4 35
50 10 5 33
50 10 10 37
50 10 14 36
51 1 4 67
51 1 5 71
51 1 6 73
51 1 7 66
51 1 9 73
51 1 10 70
51 1 13 77
51 1 14 76
51 7 0 67
51 7 4 71
51 7 6 73
51 7 9 66
51 7 10 73
51 7 11 70
51 7 12 77
51 7 13 76
51 9 1 67
51 9 2 67
51 9 3 60
51 9 7 65
51 9 8 64
51 9 9 66
51 9 10 63
51 9 12 57
51 10 0 72
51 10 1 72
51 10 2 65
51 10 3 70
51 10 4 69
51 10 5 71
51 10 10 68
51 10 14 62
52 0 2 34
52 0 4 36
52 0 5 37
52 0 7 33
52 0 8 37
52 0 9 35
52 0 13 39
52 0 14 38
52 2 0 36
52 2 1 38
52 2 3 39
52 2 4 35
52 2 6 39
52 2 8 37
52 2 9 41
52 2 12 40
52 5 0 37
52 5 1 39
52 5 2 40
52 5 3 36
52 5 4 40
52 5 5 38
52 5 13 42
52 5 14 41
52 10 0 33
52 10 1 35
52 10 2 36
52 10 3 32
52 10 4 36
52 10 5 34
52 10 10 38
52 10 14 37
52 11 0 37
52 11 1 39
52 11 3 40
52 11 6 36
52 11 9 40
52 11 10 38
52 11 12 42
52 11 13 41
53 3 0 21
53 3 1 25
53 3 6 26
53 3 8 25
53 3 9 26
53 3 10 22
53 3 13 25
53 3 14 23
53 5 0 25
53 5 1 29
53 5 2 30
53 5 3 29
53 5 4 30
53 5 5 26
53 5 13 29
53 5 14 27
53 9 1 26
53 9 2 30
53 9 3 31
53 9 7 30
53 9 8 31
53 9 9 27
53 9 10 30
53 9 12 28
54 5 0 33
54 5 1 35
54 5 2 36
54 5 3 32
54 5 4 36
54 5 5 34
54 5 13 38
54 5 14 37
54 6 0 35
54 6 3 37
54 6 7 38
54 6 8 34
54 6 9 38
54 6 10 36
54 6 11 40
54 6 13 39
54 12 1 36
54 12 2 38
54 12 5 39
54 12 9 35
54 12 11 39
54 12 12 37
54 12 13 41
54 12 14 40
55 3 0 47
55 3 1 47
55 3 6 50
55 3 8 45
55 3 9 46
55 3 10 46
55 3 13 47
55 3 14 47
55 6 0 47
55 6 3 47
55 6 7 50
55 6 8 45
55 6 9 46
55 6 10 46
55 6 11 47
55 6 13 47
55 9 1 51
55 9 2 49
55 9 3 56
55 9 7 55
55 9 8 56
55 9 9 52
55 9 10 55
55 9 12 47
55 13 2 45
55 13 4 45
55 13 7 48
55 13 8 43
55 13 9 44
55 13 10 44
55 13 12 45
55 13 14 45
55 14 1 46
55 14 4 46
55 14 7 49
55 14 9 44
55 14 10 45
55 14 11 45
55 14 12 46
55 14 14 46
56 1 4 19
56 1 5 23
56 1 6 24
56 1 7 23
56 1 9 24
56 1 10 20
56 1 13 23
56 1 14 21
56 4 0 23
56 4 1 27
56 4 5 28
56 4 6 27
56 4 8 28
56 4 9 24
56 4 13 27
56 4 14 25
56 11 0 24
56 11 1 28
56 11 3 29
56 11 6 28
56 11 9 29
56 11 10 25
56 11 12 28
56 11 13 26
56 13 2 23
56 13 4 27
56 13 7 28
56 13 8 27
56 13 9 28
56 13 10 24
56 13 12 27
56 13 14 25
57 0 2 71
57 0 4 71
57 0 5 64
57 0 7 69
57 0 8 68
57 0 9 70
57 0 13 67
57 0 14 61
57 2 0 68
57 2 1 72
57 2 3 74
57 2 4 67
57 2 6 74
57 2 8 71
57 2 9 78
57 2 12 77
57 3 0 70
57 3 1 74
57 3 6 76
57 3 8 69
57 3 9 76
57 3 10 73
57 3 13 80
57 3 14 79
57 9 1 70
57 9 2 70
57 9 3 63
57 9 7 68
57 9 8 67
57 9 9 69
57 9 10 66
57 9 12 60
57 10 0 70
57 10 1 74
57 10 2 76
57 10 3 69
57 10 4 76
57 10 5 73
57 10 10 80
57 10 14 79
58 6 0 68
58 6 3 68
58 6 7 61
58 6 8 66
58 6 9 65
58 6 10 67
58 6 11 64
58 6 13 58
58 11 0 68
58 11 1 68
58 11 3 61
58 11 6 66
58 11 9 65
58 11 10 67
58 11 12 64
58 11 13 58
58 12 1 58
58 12 2 56
58 12 5 63
58 12 9 62
58 12 11 63
58 12 12 59
58 12 13 62
58 12 14 54
58 13 2 66
58 13 4 66
58 13 7 59
58 13 8 64
58 13 9 63
58 13 10 65
58 13 12 62
58 13 14 56
58 14 1 65
58 14 4 65
58 14 7 58
58 14 9 63
58 14 10 62
58 14 11 64
58 14 12 61
58 14 14 55
59 2 0 11
59 2 1 12
59 2 3 12
59 2 4 10
59 2 6 12
59 2 8 11
59 2 9 13
59 2 12 13
59 4 0 12
59 4 1 13
59 4 5 13
59 4 6 11
59 4 8 13
59 4 9 12
59 4 13 14
59 4 14 14
59 6 0 12
59 6 3 13
59 6 7 13
59 6 8 11
59 6 9 13
59 6 10 12
59 6 11 14
59 6 13 14
59 8 1 10
59 8 3 11
59 8 5 11
59 8 8 9
59 8 9 11
59 8 10 10
59 8 12 12
59 8 14 12
59 10 0 12
59 10 1 13
59 10 2 13
59 10 3 11
59 10 4 13
59 10 5 12
59 10 10 14
59 10 14 14
60 0 2 30
60 0 4 30
60 0 5 30
60 0 7 28
60 0 8 27
60 0 9 29
60 0 13 33
60 0 14 27
60 1 4 30
60 1 5 32
60 1 6 33
60 1 7 29
60 1 9 33
60 1 10 31
60 1 13 35
60 1 14 34
60 5 0 31
60 5 1 33
60 5 2 34
60 5 3 30
60 5 4 34
60 5 5 32
60 5 13 36
60 5 14 35
60 6 0 26
60 6 3 30
60 6 7 31
60 6 8 30
60 6 9 31
60 6 10 27
60 6 11 30
60 6 13 28
60 9 1 31
60 9 2 33
60 9 3 34
60 9 7 30
60 9 8 34
60 9 9 32
60 9 10 36
60 9 12 35
61 0 2 51
61 0 4 49
61 0 5 56
61 0 7 55
61 0 8 56
61 0 9 52
61 0 13 55
61 0 14 47
61 1 4 53
61 1 5 51
61 1 6 58
61 1 7 57
61 1 9 58
61 1 10 54
61 1 13 57
61 1 14 49
61 3 0 55
61 3 1 53
61 3 6 60
61 3 8 59
61 3 9 60
61 3 10 56
61 3 13 59
61 3 14 51
61 9 1 51
61 9 2 49
61 9 3 56
61 9 7 55
61 9 8 56
61 9 9 52
61 9 10 55
61 9 12 47
61 11 0 51
61 11 1 49
61 11 3 56
61 11 6 55
61 11 9 56
61 11 10 52
61 11 12 55
61 11 13 47
62 0 2 82
62 0 4 80
62 0 5 87
62 0 7 80
62 0 8 81
62 0 9 89
62 0 13 80
62 0 14 90
62 2 0 80
62 2 1 78
62 2 3 85
62 2 4 78
62 2 6 79
62 2 8 87
62 2 9 78
62 2 12 88
62 5 0 96
62 5 1 89
62 5 2 94
62 5 3 83
62 5 4 86
62 5 5 86
62 5 13 97
62 5 14 91
63 1 4 55
63 1 5 53
63 1 6 60
63 1 7 59
63 1 9 60
63 1 10 56
63 1 13 59
63 1 14 51
63 2 0 53
63 2 1 51
63 2 3 58
63 2 4 57
63 2 6 58
63 2 8 54
63 2 9 57
63 2 12 49
63 3 0 62
63 3 1 55
63 3 6 64
63 3 8 57
63 3 9 61
63 3 10 57
63 3 13 64
63 3 14 54
63 4 0 59
63 4 1 57
63 4 5 64
63 4 6 63
63 4 8 64
63 4 9 60
63 4 13 63
63 4 14 55
64 0 2 70
64 0 4 74
64 0 5 76
64 0 7 69
64 0 8 76
64 0 9 73
64 0 13 80
64 0 14 79
64 1 4 74
64 1 5 78
64 1 6 80
64 1 7 73
64 1 9 80
64 1 10 77
64 1 13 84
64 1 14 83
64 8 1 80
64 8 3 80
64 8 5 84
64 8 8 78
64 8 9 76
64 8 10 73
64 8 12 87
64 8 14 86
64 9 1 69
64 9 2 73
64 9 3 75
64 9 7 68
64 9 8 75
64 9 9 72
64 9 10 79
64 9 12 78
64 10 0 80
64 10 1 80
64 10 2 84
64 10 3 78
64 10 4 76
64 10 5 73
64 10 10 87
64 10 14 86
65 6 0 56
65 6 3 54
65 6 7 61
65 6 8 60
65 6 9 61
65 6 10 57
65 6 11 60
65 6 13 52
65 10 0 54
65 10 1 52
65 10 2 59
65 10 3 58
65 10 4 59
65 10 5 55
65 10 10 58
65 10 14 50
65 11 0 64
65 11 1 64
65 11 3 57
65 11 6 62
65 11 9 61
65 11 10 63
65 11 12 60
65 11 13 54
65 13 2 62
65 13 4 55
65 13 7 64
65 13 8 57
65 13 9 61
65 13 10 57
65 13 12 64
65 13 14 54
66 5 0 19
66 5 1 23
66 5 2 24
66 5 3 23
66 5 4 24
66 5 5 20
66 5 13 23
66 5 14 21
66 8 1 19
66 8 3 23
66 8 5 24
66 8 8 23
66 8 9 24
66 8 10 20
66 8 12 23
66 8 14 21
66 11 0 22
66 11 1 22
66 11 3 20
66 11 6 20
66 11 9 21
66 11 10 21
66 11 12 22
66 11 13 22
66 13 2 22
66 13 4 22
66 13 7 20
66 13 8 20
66 13 9 21
66 13 10 21
66 13 12 22
66 13 14 22
66 14 1 18
66 14 4 22
66 14 7 23
66 14 9 22
66 14 10 23
66 14 11 19
66 14 12 22
66 14 14 20
67 0 2 100
67 0 4 90
67 0 5 93
67 0 7 88
67 0 8 89
67 0 9 89
67 0 13 100
67 0 14 100
67 1 4 86
67 1 5 84
67 1 6 91
67 1 7 84
67 1 9 85
67 1 10 93
67 1 13 84
67 1 14 94
67 4 0 98
67 4 1 88
67 4 5 91
67 4 6 86
67 4 8 87
67 4 9 87
67 4 13 98
67 4 14 98
68 0 2 13
68 0 4 14
68 0 5 14
68 0 7 12
68 0 8 14
68 0 9 13
68 0 13 15
68 0 14 15
68 1 4 14
68 1 5 15
68 1 6 15
68 1 7 13
68 1 9 15
68 1 10 14
68 1 13 16
68 1 14 16
68 10 0 14
68 10 1 15
68 10 2 15
68 10 3 13
68 10 4 15
68 10 5 14
68 10 10 16
68 10 14 16
68 13 2 12
68 13 4 13
68 13 7 13
68 13 8 11
68 13 9 13
68 13 10 12
68 13 12 14
68 13 14 14
69 5 0 80
69 5 1 80
69 5 2 84
69 5 3 78
69 5 4 76
69 5 5 73
69 5 13 87
69 5 14 86
69 9 1 74
69 9 2 78
69 9 3 80
69 9 7 73
69 9 8 80
69 9 9 77
69 9 10 84
69 9 12 83
69 10 0 82
69 10 1 80
69 10 2 87
69 10 3 80
69 10 4 81
69 10 5 89
69 10 10 80
69 10 14 90
69 13 2 74
69 13 4 78
69 13 7 80
69 13 8 73
69 13 9 80
69 13 10 77
69 13 12 84
69 13 14 83
70 4 0 13
70 4 1 14
70 4 5 14
70 4 6 12
70 4 8 14
70 4 9 13
70 4 13 15
70 4 14 15
70 11 0 14
70 11 1 15
70 11 3 15
70 11 6 13
70 11 9 15
70 11 10 14
70 11 12 16
70 11 13 16
70 12 1 14
70 12 2 15
70 12 5 15
70 12 9 13
70 12 11 15
70 12 12 14
70 12 13 16
70 12 14 16
70 14 1 12
70 14 4 13
70 14 7 13
70 14 9 11
70 14 10 13
70 14 11 12
70 14 12 14
70 14 14 14
71 2 0 58
71 2 1 56
71 2 3 63
71 2 4 62
71 2 6 63
71 2 8 59
71 2 9 62
71 2 12 54
71 9 1 56
71 9 2 54
71 9 3 61
71 9 7 60
71 9 8 61
71 9 9 57
71 9 10 60
71 9 12 52
71 10 0 66
71 10 1 66
71 10 2 59
71 10 3 64
71 10 4 63
71 10 5 65
71 10 10 62
71 10 14 56
72 9 1 67
72 9 2 67
72 9 3 60
72 9 7 65
72 9 8 64
72 9 9 66
72 9 10 63
72 9 12 57
72 11 0 67
72 11 1 67
72 11 3 60
72 11 6 65
72 11 9 64
72 11 10 66
72 11 12 63
72 11 13 57
72 12 1 57
72 12 2 55
72 12 5 62
72 12 9 61
72 12 11 62
72 12 12 58
72 12 13 61
72 12 14 53
72 13 2 65
72 13 4 65
72 13 7 58
72 13 8 63
72 13 9 62
72 13 10 64
72 13 12 61
72 13 14 55
72 14 1 64
72 14 4 64
72 14 7 57
72 14 9 62
72 14 10 61
72 14 11 63
72 14 12 60
72 14 14 54
73 0 2 51
73 0 4 49
73 0 5 56
73 0 7 55
73 0 8 56
73 0 9 52
73 0 13 55
73 0 14 47
73 5 0 48
73 5 1 48
73 5 2 51
73 5 3 46
73 5 4 47
73 5 5 47
73 5 13 48
73 5 14 48
73 8 1 56
73 8 3 54
73 8 5 61
73 8 8 60
73 8 9 61
73 8 10 57
73 8 12 60
73 8 14 52
73 10 0 55
73 10 1 53
73 10 2 60
73 10 3 59
73 10 4 60
73 10 5 56
73 10 10 59
73 10 14 51
73 12 1 56
73 12 2 54
73 12 5 61
73 12 9 60
73 12 11 61
73 12 12 57
73 12 13 60
73 12 14 52
74 4 0 68
74 4 1 68
74 4 5 61
74 4 6 66
74 4 8 65
74 4 9 67
74 4 13 64
74 4 14 58
74 8 1 68
74 8 3 68
74 8 5 61
74 8 8 66
74 8 9 65
74 8 10 67
74 8 12 64
74 8 14 58
74 9 1 58
74 9 2 56
74 9 3 63
74 9 7 62
74 9 8 63
74 9 9 59
74 9 10 62
74 9 12 54
74 12 1 66
74 12 2 66
74 12 5 59
74 12 9 64
74 12 11 63
74 12 12 65
74 12 13 62
74 12 14 56
75 2 0 96
75 2 1 98
75 2 3 111
75 2 4 96
75 2 6 107
75 2 8 97
75 2 9 106
75 2 12 100
75 4 0 95
75 4 1 85
75 4 5 88
75 4 6 83
75 4 8 84
75 4 9 84
75 4 13 95
75 4 14 95
75 6 0 98
75 6 3 88
75 6 7 91
75 6 8 86
75 6 9 87
75 6 10 87
75 6 11 98
75 6 13 98
75 12 1 86
75 12 2 84
75 12 5 91
75 12 9 84
75 12 11 85
75 12 12 93
75 12 13 84
75 12 14 94
75 13 2 96
75 13 4 89
75 13 7 94
75 13 8 83
75 13 9 86
75 13 10 86
75 13 12 97
75 13 14 91
76 2 0 57
76 2 1 55
76 2 3 62
76 2 4 61
76 2 6 62
76 2 8 58
76 2 9 61
76 2 12 53
76 9 1 55
76 9 2 53
76 9 3 60
76 9 7 59
76 9 8 60
76 9 9 56
76 9 10 59
76 9 12 51
76 14 1 65
76 14 4 65
76 14 7 58
76 14 9 63
76 14 10 62
76 14 11 64
76 14 12 61
76 14 14 55
77 1 4 56
77 1 5 54
77 1 6 61
77 1 7 60
77 1 9 61
77 1 10 57
77 1 13 60
77 1 14 52
77 3 0 54
77 3 1 52
77 3 6 59
77 3 8 58
77 3 9 59
77 3 10 55
77 3 13 58
77 3 14 50
77 5 0 64
77 5 1 64
77 5 2 57
77 5 3 62
77 5 4 61
77 5 5 63
77 5 13 60
77 5 14 54
77 10 0 62
77 10 1 55
77 10 2 64
77 10 3 57
77 10 4 61
77 10 5 57
77 10 10 64
77 10 14 54
78 0 2 100
78 0 4 90
78 0 5 93
78 0 7 88
78 0 8 89
78 0 9 89
78 0 13 100
78 0 14 100
78 4 0 83
78 4 1 81
78 4 5 88
78 4 6 81
78 4 8 82
78 4 9 90
78 4 13 81
78 4 14 91
78 5 0 86
78 5 1 84
78 5 2 91
78 5 3 84
78 5 4 85
78 5 5 93
78 5 13 84
78 5 14 94
78 13 2 81
78 13 4 79
78 13 7 86
78 13 8 79
78 13 9 80
78 13 10 88
78 13 12 79
78 13 14 89
79 3 0 12
79 3 1 13
79 3 6 13
79 3 8 11
79 3 9 13
79 3 10 12
79 3 13 14
79 3 14 14
79 6 0 13
79 6 3 14
79 6 7 14
79 6 8 12
79 6 9 14
79 6 10 13
79 6 11 15
79 6 13 15
79 8 1 13
79 8 3 14
79 8 5 14
79 8 8 12
79 8 9 14
79 8 10 13
79 8 12 15
79 8 14 15
80 2 0 53
80 2 1 51
80 2 3 58
80 2 4 57
80 2 6 58
80 2 8 54
80 2 9 57
80 2 12 49
80 4 0 51
80 4 1 49
80 4 5 56
80 4 6 55
80 4 8 56
80 4 9 52
80 4 13 55
80 4 14 47
80 7 0 58
80 7 4 56
80 7 6 63
80 7 9 62
80 7 10 63
80 7 11 59
80 7 12 62
80 7 13 54
80 11 0 57
80 11 1 55
80 11 3 62
80 11 6 61
80 11 9 62
80 11 10 58
80 11 12 61
80 11 13 53
80 12 1 58
80 12 2 56
80 12 5 63
80 12 9 62
80 12 11 63
80 12 12 59
80 12 13 62
80 12 14 54
81 1 4 46
81 1 5 46
81 1 6 49
81 1 7 44
81 1 9 45
81 1 10 45
81 1 13 46
81 1 14 46
81 6 0 46
81 6 3 46
81 6 7 49
81 6 8 44
81 6 9 45
81 6 10 45
81 6 11 46
81 6 13 46
81 8 1 51
81 8 3 53
81 8 5 55
81 8 8 51
81 8 9 51
81 8 10 52
81 8 12 50
81 8 14 55
82 0 2 58
82 0 4 56
82 0 5 63
82 0 7 62
82 0 8 63
82 0 9 59
82 0 13 62
82 0 14 54
82 9 1 56
82 9 2 54
82 9 3 61
82 9 7 60
82 9 8 61
82 9 9 57
82 9 10 60
82 9 12 52
82 10 0 66
82 10 1 66
82 10 2 59
82 10 3 64
82 10 4 63
82 10 5 65
82 10 10 62
82 10 14 56
82 13 2 65
82 13 4 65
82 13 7 58
82 13 8 63
82 13 9 62
82 13 10 64
82 13 12 61
82 13 14 55
83 5 0 16
83 5 1 17
83 5 2 17
83 5 3 15
83 5 4 17
83 5 5 16
83 5 13 18
83 5 14 18
83 9 1 17
83 9 2 18
83 9 3 18
83 9 7 16
83 9 8 18
83 9 9 17
83 9 10 19
83 9 12 19
83 12 1 17
83 12 2 18
83 12 5 18
83 12 9 16
83 12 11 18
83 12 12 17
83 12 13 19
83 12 14 19
84 2 0 82
84 2 1 80
84 2 3 87
84 2 4 80
84 2 6 81
84 2 8 89
84 2 9 80
84 2 12 90
84 9 1 80
84 9 2 78
84 9 3 85
84 9 7 78
84 9 8 79
84 9 9 87
84 9 10 78
84 9 12 88
84 12 1 96
84 12 2 89
84 12 5 94
84 12 9 83
84 12 11 86
84 12 12 86
84 12 13 97
84 12 14 91
85 7 0 19
85 7 4 23
85 7 6 24
85 7 9 23
85 7 10 24
85 7 11 20
85 7 12 23
85 7 13 21
85 11 0 23
85 11 1 27
85 11 3 28
85 11 6 27
85 11 9 28
85 11 10 24
85 11 12 27
85 11 13 25
85 12 1 24
85 12 2 28
85 12 5 29
85 12 9 28
85 12 11 29
85 12 12 25
85 12 13 28
85 12 14 26
86 1 4 22
86 1 5 22
86 1 6 20
86 1 7 20
86 1 9 21
86 1 10 21
86 1 13 22
86 1 14 22
86 2 0 21
86 2 1 25
86 2 3 26
86 2 4 25
86 2 6 26
86 2 8 22
86 2 9 25
86 2 12 23
86 3 0 22
86 3 1 26
86 3 6 27
86 3 8 26
86 3 9 27
86 3 10 23
86 3 13 26
86 3 14 24
86 7 0 21
86 7 4 25
86 7 6 26
86 7 9 25
86 7 10 26
86 7 11 22
86 7 12 25
86 7 13 23
87 4 0 32
87 4 1 34
87 4 5 35
87 4 6 31
87 4 8 35
87 4 9 33
87 4 13 37
87 4 14 36
87 7 0 34
87 7 4 36
87 7 6 37
87 7 9 33
87 7 10 37
87 7 11 35
87 7 12 39
87 7 13 38
87 11 0 35
87 11 1 37
87 11 3 38
87 11 6 34
87 11 9 38
87 11 10 36
87 11 12 40
87 11 13 39
88 5 0 31
88 5 1 33
88 5 2 34
88 5 3 30
88 5 4 34
88 5 5 32
88 5 13 36
88 5 14 35
88 12 1 33
88 12 2 35
88 12 5 36
88 12 9 32
88 12 11 36
88 12 12 34
88 12 13 38
88 12 14 37
88 14 1 34
88 14 4 36
88 14 7 37
88 14 9 33
88 14 10 37
88 14 11 35
88 14 12 39
88 14 14 38
89 1 4 96
89 1 5 98
89 1 6 111
89 1 7 96
89 1 9 107
89 1 10 97
89 1 13 106
89 1 14 100
89 2 0 95
89 2 1 85
89 2 3 88
89 2 4 83
89 2 6 84
89 2 8 84
89 2 9 95
89 2 12 95
89 3 0 98
89 3 1 88
89 3 6 91
89 3 8 86
89 3 9 87
89 3 10 87
89 3 13 98
89 3 14 98
89 7 0 86
89 7 4 84
89 7 6 91
89 7 9 84
89 7 10 85
89 7 11 93
89 7 12 84
89 7 13 94
90 0 2 70
90 0 4 70
90 0 5 63
90 0 7 68
90 0 8 67
90 0 9 69
90 0 13 66
90 0 14 60
90 5 0 67
90 5 1 71
90 5 2 73
90 5 3 66
90 5 4 73
90 5 5 70
90 5 13 77
90 5 14 76
90 6 0 69
90 6 3 73
90 6 7 75
90 6 8 68
90 6 9 75
90 6 10 72
90 6 11 79
90 6 13 78
91 5 0 80
91 5 1 80
91 5 2 84
91 5 3 78
91 5 4 76
91 5 5 73
91 5 13 87
91 5 14 86
91 7 0 74
91 7 4 78
91 7 6 80
91 7 9 73
91 7 10 80
91 7 11 77
91 7 12 84
91 7 13 83
91 9 1 82
91 9 2 80
91 9 3 87
91 9 7 80
91 9 8 81
91 9 9 89
91 9 10 80
91 9 12 90
91 13 2 74
91 13 4 78
91 13 7 80
91 13 8 73
91 13 9 80
91 13 10 77
91 13 12 84
91 13 14 83
91 14 1 75
91 14 4 79
91 14 7 81
91 14 9 74
91 14 10 81
91 14 11 78
91 14 12 85
91 14 14 84
92 2 0 67
92 2 1 71
92 2 3 73
92 2 4 66
92 2 6 73
92 2 8 70
92 2 9 77
92 2 12 76
92 7 0 71
92 7 4 75
92 7 6 77
92 7 9 70
92 7 10 77
92 7 11 74
92 7 12 81
92 7 13 80
92 9 1 73
92 9 2 77
92 9 3 79
92 9 7 72
92 9 8 79
92 9 9 76
92 9 10 83
92 9 12 82
92 10 0 72
92 10 1 67
92 10 2 65
92 10 3 70
92 10 4 71
92 10 5 76
92 10 10 67
92 10 14 77
92 14 1 73
92 14 4 77
92 14 7 79
92 14 9 72
92 14 10 79
92 14 11 76
92 14 12 83
92 14 14 82
93 1 4 11
93 1 5 12
93 1 6 12
93 1 7 10
93 1 9 12
93 1 10 11
93 1 13 13
93 1 14 13
93 4 0 12
93 4 1 13
93 4 5 13
93 4 6 11
93 4 8 13
93 4 9 12
93 4 13 14
93 4 14 14
93 5 0 12
93 5 1 13
93 5 2 13
93 5 3 11
93 5 4 13
93 5 5 12
93 5 13 14
93 5 14 14
94 0 2 20
94 0 4 24
94 0 5 25
94 0 7 24
94 0 8 25
94 0 9 21
94 0 13 24
94 0 14 22
94 4 0 24
94 4 1 28
94 4 5 29
94 4 6 28
94 4 8 29
94 4 9 25
94 4 13 28
94 4 14 26
94 7 0 25
94 7 4 29
94 7 6 30
94 7 9 29
94 7 10 30
94 7 11 26
94 7 12 29
94 7 13 27
94 10 0 24
94 10 1 28
94 10 2 29
94 10 3 28
94 10 4 29
94 10 5 25
94 10 10 28
94 10 14 26
95 1 4 80
95 1 5 80
95 1 6 84
95 1 7 78
95 1 9 76
95 1 10 73
95 1 13 87
95 1 14 86
95 2 0 80
95 2 1 80
95 2 3 84
95 2 4 78
95 2 6 76
95 2 8 73
95 2 9 87
95 2 12 86
95 5 0 81
95 5 1 79
95 5 2 86
95 5 3 79
95 5 4 80
95 5 5 88
95 5 13 79
95 5 14 89
95 13 2 74
95 13 4 78
95 13 7 80
95 13 8 73
95 13 9 80
95 13 10 77
95 13 12 84
95 13 14 83
95 14 1 72
95 14 4 76
95 14 7 78
95 14 9 71
95 14 10 78
95 14 11 75
95 14 12 82
95 14 14 81
96 0 2 68
96 0 4 72
96 0 5 74
96 0 7 67
96 0 8 74
96 0 9 71
96 0 13 78
96 0 14 77
96 1 4 70
96 1 5 70
96 1 6 63
96 1 7 68
96 1 9 67
96 1 10 69
96 1 13 66
96 1 14 60
96 2 0 68
96 2 1 68
96 2 3 61
96 2 4 66
96 2 6 65
96 2 8 67
96 2 9 64
96 2 12 58
96 8 1 72
96 8 3 67
96 8 5 65
96 8 8 70
96 8 9 71
96 8 10 76
96 8 12 67
96 8 14 77
96 14 1 67
96 14 4 71
96 14 7 73
96 14 9 66
96 14 10 73
96 14 11 70
96 14 12 77
96 14 14 76
97 0 2 53
97 0 4 51
97 0 5 58
97 0 7 57
97 0 8 58
97 0 9 54
97 0 13 57
97 0 14 49
97 2 0 51
97 2 1 49
97 2 3 56
97 2 4 55
97 2 6 56
97 2 8 52
97 2 9 55
97 2 12 47
97 7 0 58
97 7 4 56
97 7 6 63
97 7 9 62
97 7 10 63
97 7 11 59
97 7 12 62
97 7 13 54
97 10 0 57
97 10 1 55
97 10 2 62
97 10 3 61
97 10 4 62
97 10 5 58
97 10 10 61
97 10 14 53
97 11 0 58
97 11 1 56
97 11 3 63
97 11 6 62
97 11 9 63
97 11 10 59
97 11 12 62
97 11 13 54
98 1 4 97
98 1 5 87
98 1 6 90
98 1 7 85
98 1 9 86
98 1 10 86
98 1 13 97
98 1 14 97
98 8 1 93
98 8 3 100
98 8 5 107
98 8 8 91
98 8 9 104
98 8 10 106
98 8 12 103
98 8 14 104
98 9 1 102
98 9 2 104
98 9 3 117
98 9 7 102
98 9 8 113
98 9 9 103
98 9 10 112
98 9 12 106
99 3 0 93
99 3 1 100
99 3 6 107
99 3 8 91
99 3 9 104
99 3 10 106
99 3 13 103
99 3 14 104
99 5 0 96
99 5 1 89
99 5 2 94
99 5 3 83
99 5 4 86
99 5 5 86
99 5 13 97
99 5 14 91
99 11 0 97
99 11 1 87
99 11 3 90
99 11 6 85
99 11 9 86
99 11 10 86
99 11 12 97
99 11 13 97
99 12 1 85
99 12 2 83
99 12 5 90
99 12 9 83
99 12 11 84
99 12 12 92
99 12 13 83
99 12 14 93
100 2 0 17
100 2 1 18
100 2 3 18
100 2 4 16
100 2 6 18
100 2 8 17
100 2 9 19
100 2 12 19
100 10 0 18
100 10 1 19
100 10 2 19
100 10 3 17
100 10 4 19
100 10 5 18
100 10 10 20
100 10 14 20
100 11 0 18
100 11 1 19
100 11 3 19
100 11 6 17
100 11 9 19
100 11 10 18
100 11 12 20
100 11 13 20
100 13 2 16
100 13 4 17
100 13 7 17
100 13 8 15
100 13 9 17
100 13 10 16
100 13 12 18
100 13 14 18
101 5 0 67
101 5 1 71
101 5 2 73
101 5 3 66
101 5 4 73
101 5 5 70
101 5 13 77
101 5 14 76
101 8 1 71
101 8 3 75
101 8 5 77
101 8 8 70
101 8 9 77
101 8 10 74
101 8 12 81
101 8 14 80
101 14 1 73
101 14 4 77
101 14 7 79
101 14 9 72
101 14 10 79
101 14 11 76
101 14 12 83
101 14 14 82
102 7 0 67
102 7 4 67
102 7 6 60
102 7 9 65
102 7 10 64
102 7 11 66
102 7 12 63
102 7 13 57
102 8 1 67
102 8 3 67
102 8 5 60
102 8 8 65
102 8 9 64
102 8 10 66
102 8 12 63
102 8 14 57
102 14 1 57
102 14 4 55
102 14 7 62
102 14 9 61
102 14 10 62
102 14 11 58
102 14 12 61
102 14 14 53
103 0 2 51
103 0 4 49
103 0 5 56
103 0 7 55
103 0 8 56
103 0 9 52
103 0 13 55
103 0 14 47
103 5 0 53
103 5 1 51
103 5 2 58
103 5 3 57
103 5 4 58
103 5 5 54
103 5 13 57
103 5 14 49
103 10 0 55
103 10 1 53
103 10 2 60
103 10 3 59
103 10 4 60
103 10 5 56
103 10 10 59
103 10 14 51
104 0 2 67
104 0 4 71
104 0 5 73
104 0 7 66
104 0 8 73
104 0 9 70
104 0 13 77
104 0 14 76
104 5 0 71
104 5 1 75
104 5 2 77
104 5 3 70
104 5 4 77
104 5 5 74
104 5 13 81
104 5 14 80
104 8 1 73
104 8 3 77
104 8 5 79
104 8 8 72
104 8 9 79
104 8 10 76
104 8 12 83
104 8 14 82
104 11 0 72
104 11 1 67
104 11 3 65
104 11 6 70
104 11 9 71
104 11 10 76
104 11 12 67
104 11 13 77
104 12 1 73
104 12 2 77
104 12 5 79
104 12 9 72
104 12 11 79
104 12 12 76
104 12 13 83
104 12 14 82
105 1 4 78
105 1 5 76
105 1 6 83
105 1 7 76
105 1 9 77
105 1 10 85
105 1 13 76
105 1 14 86
105 5 0 75
105 5 1 79
105 5 2 81
105 5 3 74
105 5 4 81
105 5 5 78
105 5 13 85
105 5 14 84
105 10 0 83
105 10 1 81
105 10 2 88
105 10 3 81
105 10 4 82
105 10 5 90
105 10 10 81
105 10 14 91
106 2 0 31
106 2 1 33
106 2 3 34
106 2 4 30
106 2 6 34
106 2 8 32
106 2 9 36
106 2 12 35
106 6 0 33
106 6 3 35
106 6 7 36
106 6 8 32
106 6 9 36
106 6 10 34
106 6 11 38
106 6 13 37
106 7 0 34
106 7 4 36
106 7 6 37
106 7 9 33
106 7 10 37
106 7 11 35
106 7 12 39
106 7 13 38
106 9 1 30
106 9 2 32
106 9 3 33
106 9 7 29
106 9 8 33
106 9 9 31
106 9 10 35
106 9 12 34
107 4 0 51
107 4 1 49
107 4 5 56
107 4 6 55
107 4 8 56
107 4 9 52
107 4 13 55
107 4 14 47
107 8 1 48
107 8 3 48
107 8 5 51
107 8 8 46
107 8 9 47
107 8 10 47
107 8 12 48
107 8 14 48
107 9 1 56
107 9 2 54
107 9 3 61
107 9 7 60
107 9 8 61
107 9 9 57
107 9 10 60
107 9 12 52
107 10 0 55
107 10 1 53
107 10 2 60
107 10 3 59
107 10 4 60
107 10 5 56
107 10 10 59
107 10 14 51
107 11 0 56
107 11 1 54
107 11 3 61
107 11 6 60
107 11 9 61
107 11 10 57
107 11 12 60
107 11 13 52
108 0 2 67
108 0 4 71
108 0 5 73
108 0 7 66
108 0 8 73
108 0 9 70
108 0 13 77
108 0 14 76
108 2 0 71
108 2 1 75
108 2 3 77
108 2 4 70
108 2 6 77
108 2 8 74
108 2 9 81
108 2 12 80
108 9 1 73
108 9 2 77
108 9 3 79
108 9 7 72
108 9 8 79
108 9 9 76
108 9 10 83
108 9 12 82
108 14 1 72
108 14 4 67
108 14 7 65
108 14 9 70
108 14 10 71
108 14 11 76
108 14 12 67
108 14 14 77
109 3 0 70
109 3 1 70
109 3 6 63
109 3 8 68
109 3 9 67
109 3 10 69
109 3 13 66
109 3 14 60
109 6 0 70
109 6 3 70
109 6 7 63
109 6 8 68
109 6 9 67
109 6 10 69
109 6 11 66
109 6 13 60
109 8 1 62
109 8 3 55
109 8 5 64
109 8 8 57
109 8 9 61
109 8 10 57
109 8 12 64
109 8 14 54
109 9 1 68
109 9 2 68
109 9 3 61
109 9 7 66
109 9 8 65
109 9 9 67
109 9 10 64
109 9 12 58
110 0 2 51
110 0 4 49
110 0 5 56
110 0 7 55
110 0 8 56
110 0 9 52
110 0 13 55
110 0 14 47
110 6 0 53
110 6 3 51
110 6 7 58
110 6 8 57
110 6 9 58
110 6 10 54
110 6 11 57
110 6 13 49
110 7 0 55
110 7 4 53
110 7 6 60
110 7 9 59
110 7 10 60
110 7 11 56
110 7 12 59
110 7 13 51
111 4 0 23
111 4 1 27
111 4 5 28
111 4 6 27
111 4 8 28
111 4 9 24
111 4 13 27
111 4 14 25
111 6 0 30
111 6 3 30
111 6 7 30
111 6 8 28
111 6 9 27
111 6 10 29
111 6 11 33
111 6 13 27
111 7 0 29
111 7 4 31
111 7 6 32
111 7 9 28
111 7 10 32
111 7 11 30
111 7 12 34
111 7 13 33
111 9 1 30
111 9 2 30
111 9 3 30
111 9 7 28
111 9 8 27
111 9 9 29
111 9 10 33
111 9 12 27
111 14 1 29
111 14 4 31
111 14 7 32
111 14 9 28
111 14 10 32
111 14 11 30
111 14 12 34
111 14 14 33
112 7 0 46
112 7 4 46
112 7 6 49
112 7 9 44
112 7 10 45
112 7 11 45
112 7 12 46
112 7 13 46
112 9 1 46
112 9 2 46
112 9 3 49
112 9 7 44
112 9 8 45
112 9 9 45
112 9 10 46
112 9 12 46
112 10 0 51
112 10 1 53
112 10 2 55
112 10 3 51
112 10 4 51
112 10 5 52
112 10 10 50
112 10 14 55
112 13 2 44
112 13 4 44
112 13 7 47
112 13 8 42
112 13 9 43
112 13 10 43
112 13 12 44
112 13 14 44
112 14 1 45
112 14 4 45
112 14 7 48
112 14 9 43
112 14 10 44
112 14 11 44
112 14 12 45
112 14 14 45
113 0 2 68
113 0 4 72
113 0 5 74
113 0 7 67
113 0 8 74
113 0 9 71
113 0 13 78
113 0 14 77
113 2 0 70
113 2 1 70
113 2 3 63
113 2 4 68
113 2 6 67
113 2 8 69
113 2 9 66
113 2 12 60
113 5 0 68
113 5 1 68
113 5 2 61
113 5 3 66
113 5 4 65
113 5 5 67
113 5 13 64
113 5 14 58
113 9 1 72
113 9 2 67
113 9 3 65
113 9 7 70
113 9 8 71
113 9 9 76
113 9 10 67
113 9 12 77
114 1 4 67
114 1 5 71
114 1 6 73
114 1 7 66
114 1 9 73
114 1 10 70
114 1 13 77
114 1 14 76
114 7 0 67
114 7 4 71
114 7 6 73
114 7 9 66
114 7 10 73
114 7 11 70
114 7 12 77
114 7 13 76
114 12 1 67
114 12 2 67
114 12 5 60
114 12 9 65
114 12 11 64
114 12 12 66
114 12 13 63
114 12 14 57
115 2 0 12
115 2 1 13
115 2 3 13
115 2 4 11
115 2 6 13
115 2 8 12
115 2 9 14
115 2 12 14
115 12 1 13
115 12 2 14
115 12 5 14
115 12 9 12
115 12 11 14
115 12 12 13
115 12 13 15
115 12 14 15
115 13 2 13
115 13 4 14
115 13 7 14
115 13 8 12
115 13 9 14
115 13 10 13
115 13 12 15
115 13 14 15
116 3 0 14
116 3 1 15
116 3 6 15
116 3 8 13
116 3 9 15
116 3 10 14
116 3 13 16
116 3 14 16
116 7 0 15
116 7 4 16
116 7 6 16
116 7 9 14
116 7 10 16
116 7 11 15
116 7 12 17
116 7 13 17
116 8 1 15
116 8 3 16
116 8 5 16
116 8 8 14
116 8 9 16
116 8 10 15
116 8 12 17
116 8 14 17
116 13 2 13
116 13 4 14
116 13 7 14
116 13 8 12
116 13 9 14
116 13 10 13
116 13 12 15
116 13 14 15
117 3 0 18
117 3 1 22
117 3 6 23
117 3 8 22
117 3 9 23
117 3 10 19
117 3 13 22
117 3 14 20
117 4 0 22
117 4 1 26
117 4 5 27
117 4 6 26
117 4 8 27
117 4 9 23
117 4 13 26
117 4 14 24
117 6 0 23
117 6 3 27
117 6 7 28
117 6 8 27
117 6 9 28
117 6 10 24
117 6 11 27
117 6 13 25
117 7 0 22
117 7 4 26
117 7 6 27
117 7 9 26
117 7 10 27
117 7 11 23
117 7 12 26
117 7 13 24
118 0 2 93
118 0 4 100
118 0 5 107
118 0 7 91
118 0 8 104
118 0 9 106
118 0 13 103
118 0 14 104
118 8 1 96
118 8 3 89
118 8 5 94
118 8 8 83
118 8 9 86
118 8 10 86
118 8 12 97
118 8 14 91
118 9 1 97
118 9 2 87
118 9 3 90
118 9 7 85
118 9 8 86
118 9 9 86
118 9 10 97
118 9 12 97
118 10 0 85
118 10 1 83
118 10 2 90
118 10 3 83
118 10 4 84
118 10 5 92
118 10 10 83
118 10 14 93
118 12 1 86
118 12 2 84
118 12 5 91
118 12 9 84
118 12 11 85
118 12 12 93
118 12 13 84
118 12 14 94
119 0 2 99
119 0 4 89
119 0 5 92
119 0 7 87
119 0 8 88
119 0 9 88
119 0 13 99
119 0 14 99
119 5 0 82
119 5 1 80
119 5 2 87
119 5 3 80
119 5 4 81
119 5 5 89
119 5 13 80
119 5 14 90
119 6 0 85
119 6 3 83
119 6 7 90
119 6 8 83
119 6 9 84
119 6 10 92
119 6 11 83
119 6 13 93
119 11 0 80
119 11 1 78
119 11 3 85
119 11 6 78
119 11 9 79
119 11 10 87
119 11 12 78
119 11 13 88
120 0 2 29
120 0 4 31
120 0 5 32
120 0 7 28
120 0 8 32
120 0 9 30
120 0 13 34
120 0 14 33
120 7 0 31
120 7 4 33
120 7 6 34
120 7 9 30
120 7 10 34
120 7 11 32
120 7 12 36
120 7 13 35
120 9 1 32
120 9 2 34
120 9 3 35
120 9 7 31
120 9 8 35
120 9 9 33
120 9 10 37
120 9 12 36
120 11 0 30
120 11 1 30
120 11 3 30
120 11 6 28
120 11 9 27
120 11 10 29
120 11 12 33
120 11 13 27
121 0 2 68
121 0 4 68
121 0 5 61
121 0 7 66
121 0 8 65
121 0 9 67
121 0 13 64
121 0 14 58
121 7 0 68
121 7 4 68
121 7 6 61
121 7 9 66
121 7 10 65
121 7 11 67
121 7 12 64
121 7 13 58
121 13 2 58
121 13 4 56
121 13 7 63
121 13 8 62
121 13 9 63
121 13 10 59
121 13 12 62
121 13 14 54
122 4 0 53
122 4 1 51
122 4 5 58
122 4 6 57
122 4 8 58
122 4 9 54
122 4 13 57
122 4 14 49
122 9 1 51
122 9 2 49
122 9 3 56
122 9 7 55
122 9 8 56
122 9 9 52
122 9 10 55
122 9 12 47
122 11 0 58
122 11 1 56
122 11 3 63
122 11 6 62
122 11 9 63
122 11 10 59
122 11 12 62
122 11 13 54
123 1 4 18
123 1 5 19
123 1 6 19
123 1 7 17
123 1 9 19
123 1 10 18
123 1 13 20
123 1 14 20
123 2 0 20
123 2 1 24
123 2 3 25
123 2 4 24
123 2 6 25
123 2 8 21
123 2 9 24
123 2 12 22
123 11 0 21
123 11 1 25
123 11 3 26
123 11 6 25
123 11 9 26
123 11 10 22
123 11 12 25
123 11 13 23
124 0 2 30
124 0 4 30
124 0 5 30
124 0 7 28
124 0 8 27
124 0 9 29
124 0 13 33
124 0 14 27
124 11 0 30
124 11 1 32
124 11 3 33
124 11 6 29
124 11 9 33
124 11 10 31
124 11 12 35
124 11 13 34
124 13 2 31
124 13 4 33
124 13 7 34
124 13 8 30
124 13 9 34
124 13 10 32
124 13 12 36
124 13 14 35
125 5 0 18
125 5 1 19
125 5 2 19
125 5 3 17
125 5 4 19
125 5 5 18
125 5 13 20
125 5 14 20
125 6 0 20
125 6 3 24
125 6 7 25
125 6 8 24
125 6 9 25
125 6 10 21
125 6 11 24
125 6 13 22
125 7 0 21
125 7 4 25
125 7 6 26
125 7 9 25
125 7 10 26
125 7 11 22
125 7 12 25
125 7 13 23
126 9 1 9
126 9 2 10
126 9 3 11
126 9 7 10
126 9 8 11
126 9 9 10
126 9 10 10
126 9 12 11
126 12 1 10
126 12 2 11
126 12 5 11
126 12 9 9
126 12 11 11
126 12 12 10
126 12 13 12
126 12 14 12
126 14 1 10
126 14 4 11
126 14 7 11
126 14 9 9
126 14 10 11
126 14 11 10
126 14 12 12
126 14 14 12
127 2 0 22
127 2 1 22
127 2 3 20
127 2 4 20
127 2 6 21
127 2 8 21
127 2 9 22
127 2 12 22
127 6 0 21
127 6 3 25
127 6 7 26
127 6 8 25
127 6 9 26
127 6 10 22
127 6 11 25
127 6 13 23
127 9 1 22
127 9 2 26
127 9 3 27
127 9 7 26
127 9 8 27
127 9 9 23
127 9 10 26
127 9 12 24
127 11 0 21
127 11 1 25
127 11 3 26
127 11 6 25
127 11 9 26
127 11 10 22
127 11 12 25
127 11 13 23
128 0 2 14
128 0 4 15
128 0 5 15
128 0 7 13
128 0 8 15
128 0 9 14
128 0 13 16
128 0 14 16
128 2 0 15
128 2 1 16
128 2 3 16
128 2 4 14
128 2 6 16
128 2 8 15
128 2 9 17
128 2 12 17
128 3 0 15
128 3 1 16
128 3 6 16
128 3 8 14
128 3 9 16
128 3 10 15
128 3 13 17
128 3 14 17
128 4 0 13
128 4 1 14
128 4 5 14
128 4 6 12
128 4 8 14
128 4 9 13
128 4 13 15
128 4 14 15
128 11 0 15
128 11 1 16
128 11 3 16
128 11 6 14
128 11 9 16
128 11 10 15
128 11 12 17
128 11 13 17
129 7 0 8
129 7 4 9
129 7 6 9
129 7 9 8
129 7 10 9
129 7 11 8
129 7 12 9
129 7 13 9
129 8 1 9
129 8 3 10
129 8 5 11
129 8 8 10
129 8 9 11
129 8 10 10
129 8 12 10
129 8 14 11
129 10 0 10
129 10 1 11
129 10 2 11
129 10 3 9
129 10 4 11
129 10 5 10
129 10 10 12
129 10 14 12
130 0 2 74
130 0 4 78
130 0 5 80
130 0 7 73
130 0 8 80
130 0 9 77
130 0 13 84
130 0 14 83
130 6 0 72
130 6 3 76
130 6 7 78
130 6 8 71
130 6 9 78
130 6 10 75
130 6 11 82
130 6 13 81
130 13 2 80
130 13 4 78
130 13 7 85
130 13 8 78
130 13 9 79
130 13 10 87
130 13 12 78
130 13 14 88
131 1 4 9
131 1 5 10
131 1 6 11
131 1 7 10
131 1 9 11
131 1 10 10
131 1 13 10
131 1 14 11
131 2 0 10
131 2 1 11
131 2 3 11
131 2 4 9
131 2 6 11
131 2 8 10
131 2 9 12
131 2 12 12
131 3 0 10
131 3 1 11
131 3 6 11
131 3 8 9
131 3 9 11
131 3 10 10
131 3 13 12
131 3 14 12
131 5 0 8
131 5 1 9
131 5 2 9
131 5 3 8
131 5 4 9
131 5 5 8
131 5 13 9
131 5 14 9
131 8 1 10
131 8 3 11
131 8 5 11
131 8 8 9
131 8 9 11
131 8 10 10
131 8 12 12
131 8 14 12
132 0 2 33
132 0 4 35
132 0 5 36
132 0 7 32
132 0 8 36
132 0 9 34
132 0 13 38
132 0 14 37
132 2 0 35
132 2 1 37
132 2 3 38
132 2 4 34
132 2 6 38
132 2 8 36
132 2 9 40
132 2 12 39
132 7 0 36
132 7 4 38
132 7 6 39
132 7 9 35
132 7 10 39
132 7 11 37
132 7 12 41
132 7 13 40
132 8 1 32
132 8 3 34
132 8 5 35
132 8 8 31
132 8 9 35
132 8 10 33
132 8 12 37
132 8 14 36
133 5 0 65
133 5 1 65
133 5 2 58
133 5 3 63
133 5 4 62
133 5 5 64
133 5 13 61
133 5 14 55
133 7 0 55
133 7 4 53
133 7 6 60
133 7 9 59
133 7 10 60
133 7 11 56
133 7 12 59
133 7 13 51
133 9 1 67
133 9 2 67
133 9 3 60
133 9 7 65
133 9 8 64
133 9 9 66
133 9 10 63
133 9 12 57
133 14 1 57
133 14 4 55
133 14 7 62
133 14 9 61
133 14 10 62
133 14 11 58
133 14 12 61
133 14 14 53
134 0 2 51
134 0 4 49
134 0 5 56
134 0 7 55
134 0 8 56
134 0 9 52
134 0 13 55
134 0 14 47
134 8 1 53
134 8 3 51
134 8 5 58
134 8 8 57
134 8 9 58
134 8 10 54
134 8 12 57
134 8 14 49
134 9 1 55
134 9 2 53
134 9 3 60
134 9 7 59
134 9 8 60
134 9 9 56
134 9 10 59
134 9 12 51
134 12 1 51
134 12 2 49
134 12 5 56
134 12 9 55
134 12 11 56
134 12 12 52
134 12 13 55
134 12 14 47
134 13 2 51
134 13 4 49
134 13 7 56
134 13 8 55
134 13 9 56
134 13 10 52
134 13 12 55
134 13 14 47
135 8 1 51
135 8 3 49
135 8 5 56
135 8 8 55
135 8 9 56
135 8 10 52
135 8 12 55
135 8 14 47
135 13 2 53
135 13 4 51
135 13 7 58
135 13 8 57
135 13 9 58
135 13 10 54
135 13 12 57
135 13 14 49
135 14 1 55
135 14 4 53
135 14 7 60
135 14 9 59
135 14 10 60
135 14 11 56
135 14 12 59
135 14 14 51
136 5 0 30
136 5 1 32
136 5 2 33
136 5 3 29
136 5 4 33
136 5 5 31
136 5 13 35
136 5 14 34
136 6 0 32
136 6 3 34
136 6 7 35
136 6 8 31
136 6 9 35
136 6 10 33
136 6 11 37
136 6 13 36
136 10 0 33
136 10 1 35
136 10 2 36
136 10 3 32
136 10 4 36
136 10 5 34
136 10 10 38
136 10 14 37
136 11 0 29
136 11 1 31
136 11 3 32
136 11 6 28
136 11 9 32
136 11 10 30
136 11 12 34
136 11 13 33
136 13 2 33
136 13 4 35
136 13 7 36
136 13 8 32
136 13 9 36
136 13 10 34
136 13 12 38
136 13 14 37
137 0 2 35
137 0 4 37
137 0 5 38
137 0 7 34
137 0 8 38
137 0 9 36
137 0 13 40
137 0 14 39
137 1 4 37
137 1 5 39
137 1 6 40
137 1 7 36
137 1 9 40
137 1 10 38
137 1 13 42
137 1 14 41
137 3 0 42
137 3 1 40
137 3 6 38
137 3 8 40
137 3 9 41
137 3 10 40
137 3 13 40
137 3 14 41
137 11 0 34
137 11 1 36
137 11 3 37
137 11 6 33
137 11 9 37
137 11 10 35
137 11 12 39
137 11 13 38
138 1 4 58
138 1 5 56
138 1 6 63
138 1 7 62
138 1 9 63
138 1 10 59
138 1 13 62
138 1 14 54
138 9 1 56
138 9 2 54
138 9 3 61
138 9 7 60
138 9 8 61
138 9 9 57
138 9 10 60
138 9 12 52
138 10 0 66
138 10 1 66
138 10 2 59
138 10 3 64
138 10 4 63
138 10 5 65
138 10 10 62
138 10 14 56
139 5 0 103
139 5 1 93
139 5 2 96
139 5 3 91
139 5 4 92
139 5 5 92
139 5 13 103
139 5 14 103
139 7 0 86
139 7 4 84
139 7 6 91
139 7 9 84
139 7 10 85
139 7 11 93
139 7 12 84
139 7 13 94
139 10 0 96
139 10 1 86
139 10 2 89
139 10 3 84
139 10 4 85
139 10 5 85
139 10 10 96
139 10 14 96
139 11 0 84
139 11 1 82
139 11 3 89
139 11 6 82
139 11 9 83
139 11 10 91
139 11 12 82
139 11 13 92
140 1 4 56
140 1 5 54
140 1 6 61
140 1 7 60
140 1 9 61
140 1 10 57
140 1 13 60
140 1 14 52
140 5 0 54
140 5 1 52
140 5 2 59
140 5 3 58
140 5 4 59
140 5 5 55
140 5 13 58
140 5 14 50
140 8 1 64
140 8 3 64
140 8 5 57
140 8 8 62
140 8 9 61
140 8 10 63
140 8 12 60
140 8 14 54
140 11 0 62
140 11 1 55
140 11 3 64
140 11 6 57
140 11 9 61
140 11 10 57
140 11 12 64
140 11 13 54
140 13 2 64
140 13 4 64
140 13 7 57
140 13 8 62
140 13 9 61
140 13 10 63
140 13 12 60
140 13 14 54
141 0 2 67
141 0 4 71
141 0 5 73
141 0 7 66
141 0 8 73
141 0 9 70
141 0 13 77
141 0 14 76
141 4 0 67
141 4 1 71
141 4 5 73
141 4 6 66
141 4 8 73
141 4 9 70
141 4 13 77
141 4 14 76
141 5 0 67
141 5 1 67
141 5 2 60
141 5 3 65
141 5 4 64
141 5 5 66
141 5 13 63
141 5 14 57
141 12 1 72
141 12 2 72
141 12 5 65
141 12 9 70
141 12 11 69
141 12 12 71
141 12 13 68
141 12 14 62
141 14 1 71
141 14 4 71
141 14 7 64
141 14 9 69
141 14 10 68
141 14 11 70
141 14 12 67
141 14 14 61
142 0 2 58
142 0 4 56
142 0 5 63
142 0 7 62
142 0 8 63
142 0 9 59
142 0 13 62
142 0 14 54
142 5 0 56
142 5 1 54
142 5 2 61
142 5 3 60
142 5 4 61
142 5 5 57
142 5 13 60
142 5 14 52
142 11 0 66
142 11 1 66
142 11 3 59
142 11 6 64
142 11 9 63
142 11 10 65
142 11 12 62
142 11 13 56
142 13 2 65
142 13 4 65
142 13 7 58
142 13 8 63
142 13 9 62
142 13 10 64
142 13 12 61
142 13 14 55
143 6 0 32
143 6 3 34
143 6 7 35
143 6 8 31
143 6 9 35
143 6 10 33
143 6 11 37
143 6 13 36
143 8 1 34
143 8 3 36
143 8 5 37
143 8 8 33
143 8 9 37
143 8 10 35
143 8 12 39
143 8 14 38
143 13 2 35
143 13 4 37
143 13 7 38
143 13 8 34
143 13 9 38
143 13 10 36
143 13 12 40
143 13 14 39
144 2 0 69
144 2 1 69
144 2 3 62
144 2 4 67
144 2 6 66
144 2 8 68
144 2 9 65
144 2 12 59
144 8 1 69
144 8 3 69
144 8 5 62
144 8 8 67
144 8 9 66
144 8 10 68
144 8 12 65
144 8 14 59
144 12 1 59
144 12 2 57
144 12 5 64
144 12 9 63
144 12 11 64
144 12 12 60
144 12 13 63
144 12 14 55
145 6 0 29
145 6 3 31
145 6 7 32
145 6 8 28
145 6 9 32
145 6 10 30
145 6 11 34
145 6 13 33
145 9 1 31
145 9 2 33
145 9 3 34
145 9 7 30
145 9 8 34
145 9 9 32
145 9 10 36
145 9 12 35
145 11 0 32
145 11 1 34
145 11 3 35
145 11 6 31
145 11 9 35
145 11 10 33
145 11 12 37
145 11 13 36
145 13 2 30
145 13 4 30
145 13 7 30
145 13 8 28
145 13 9 27
145 13 10 29
145 13 12 33
145 13 14 27
145 14 1 32
145 14 4 34
145 14 7 35
145 14 9 31
145 14 10 35
145 14 11 33
145 14 12 37
145 14 14 36
146 0 2 45
146 0 4 45
146 0 5 48
146 0 7 43
146 0 8 44
146 0 9 44
146 0 13 45
146 0 14 45
146 2 0 45
146 2 1 45
146 2 3 48
146 2 4 43
146 2 6 44
146 2 8 44
146 2 9 45
146 2 12 45
146 3 0 48
146 3 1 48
146 3 6 51
146 3 8 46
146 3 9 47
146 3 10 47
146 3 13 48
146 3 14 48
146 9 1 43
146 9 2 43
146 9 3 46
146 9 7 41
146 9 8 42
146 9 9 42
146 9 10 43
146 9 12 43
146 14 1 44
146 14 4 44
146 14 7 47
146 14 9 42
146 14 10 43
146 14 11 43
146 14 12 44
146 14 14 44
147 3 0 67
147 3 1 71
147 3 6 73
147 3 8 66
147 3 9 73
147 3 10 70
147 3 13 77
147 3 14 76
147 4 0 71
147 4 1 75
147 4 5 77
147 4 6 70
147 4 8 77
147 4 9 74
147 4 13 81
147 4 14 80
147 10 0 73
147 10 1 77
147 10 2 79
147 10 3 72
147 10 4 79
147 10 5 76
147 10 10 83
147 10 14 82
147 12 1 72
147 12 2 67
147 12 5 65
147 12 9 70
147 12 11 71
147 12 12 76
147 12 13 67
147 12 14 77
148 1 4 30
148 1 5 32
148 1 6 33
148 1 7 29
148 1 9 33
148 1 10 31
148 1 13 35
148 1 14 34
148 2 0 32
148 2 1 34
148 2 3 35
148 2 4 31
148 2 6 35
148 2 8 33
148 2 9 37
148 2 12 36
148 7 0 33
148 7 4 35
148 7 6 36
148 7 9 32
148 7 10 36
148 7 11 34
148 7 12 38
148 7 13 37
148 8 1 29
148 8 3 31
148 8 5 32
148 8 8 28
148 8 9 32
148 8 10 30
148 8 12 34
148 8 14 33
148 9 1 33
148 9 2 35
148 9 3 36
148 9 7 32
148 9 8 36
148 9 9 34
148 9 10 38
148 9 12 37
149 0 2 51
149 0 4 49
149 0 5 56
149 0 7 55
149 0 8 56
149 0 9 52
149 0 13 55
149 0 14 47
149 2 0 53
149 2 1 51
149 2 3 58
149 2 4 57
149 2 6 58
149 2 8 54
149 2 9 57
149 2 12 49
149 10 0 55
149 10 1 53
149 10 2 60
149 10 3 59
149 10 4 60
149 10 5 56
149 10 10 59
149 10 14 51
150 0 2 33
150 0 4 35
150 0 5 36
150 0 7 32
150 0 8 36
150 0 9 34
150 0 13 38
150 0 14 37
150 5 0 35
150 5 1 37
150 5 2 38
150 5 3 34
150 5 4 38
150 5 5 36
150 5 13 40
150 5 14 39
150 7 0 36
150 7 4 38
150 7 6 39
150 7 9 35
150 7 10 39
150 7 11 37
150 7 12 41
150 7 13 40
150 10 0 32
150 10 1 34
150 10 2 35
150 10 3 31
150 10 4 35
150 10 5 33
150 10 10 37
150 10 14 36
150 12 1 36
150 12 2 38
150 12 5 39
150 12 9 35
150 12 11 39
150 12 12 37
150 12 13 41
150 12 14 40
151 0 2 45
151 0 4 45
151 0 5 48
151 0 7 43
151 0 8 44
151 0 9 44
151 0 13 45
151 0 14 45
151 1 4 45
151 1 5 45
151 1 6 48
151 1 7 43
151 1 9 44
151 1 10 44
151 1 13 45
151 1 14 45
151 4 0 48
151 4 1 48
151 4 5 51
151 4 6 46
151 4 8 47
151 4 9 47
151 4 13 48
151 4 14 48
151 7 0 43
151 7 4 43
151 7 6 46
151 7 9 41
151 7 10 42
151 7 11 42
151 7 12 43
151 7 13 43
151 10 0 44
151 10 1 44
151 10 2 47
151 10 3 42
151 10 4 43
151 10 5 43
151 10 10 44
151 10 14 44
152 1 4 67
152 1 5 71
152 1 6 73
152 1 7 66
152 1 9 73
152 1 10 70
152 1 13 77
152 1 14 76
152 8 1 67
152 8 3 71
152 8 5 73
152 8 8 66
152 8 9 73
152 8 10 70
152 8 12 77
152 8 14 76
152 12 1 67
152 12 2 67
152 12 5 60
152 12 9 65
152 12 11 64
152 12 12 66
152 12 13 63
152 12 14 57
152 14 1 72
152 14 4 72
152 14 7 65
152 14 9 70
152 14 10 69
152 14 11 71
152 14 12 68
152 14 14 62
153 2 0 70
153 2 1 70
153 2 3 63
153 2 4 68
153 2 6 67
153 2 8 69
153 2 9 66
153 2 12 60
153 8 1 67
153 8 3 71
153 8 5 73
153 8 8 66
153 8 9 73
153 8 10 70
153 8 12 77
153 8 14 76
153 9 1 69
153 9 2 73
153 9 3 75
153 9 7 68
153 9 8 75
153 9 9 72
153 9 10 79
153 9 12 78
153 11 0 69
153 11 1 69
153 11 3 62
153 11 6 67
153 11 9 66
153 11 10 68
153 11 12 65
153 11 13 59
153 13 2 69
153 13 4 73
153 13 7 75
153 13 8 68
153 13 9 75
153 13 10 72
153 13 12 79
153 13 14 78
154 0 2 11
154 0 4 12
154 0 5 12
154 0 7 10
154 0 8 12
154 0 9 11
154 0 13 13
154 0 14 13
154 6 0 12
154 6 3 13
154 6 7 13
154 6 8 11
154 6 9 13
154 6 10 12
154 6 11 14
154 6 13 14
154 7 0 12
154 7 4 13
154 7 6 13
154 7 9 11
154 7 10 13
154 7 11 12
154 7 12 14
154 7 13 14
154 14 1 10
154 14 4 11
154 14 7 11
154 14 9 9
154 14 10 11
154 14 11 10
154 14 12 12
154 14 14 12
155 3 0 103
155 3 1 93
155 3 6 96
155 3 8 91
155 3 9 92
155 3 10 92
155 3 13 103
155 3 14 103
155 4 0 86
155 4 1 84
155 4 5 91
155 4 6 84
155 4 8 85
155 4 9 93
155 4 13 84
155 4 14 94
155 6 0 96
155 6 3 86
155 6 7 89
155 6 8 84
155 6 9 85
155 6 10 85
155 6 11 96
155 6 13 96
155 7 0 84
155 7 4 82
155 7 6 89
155 7 9 82
155 7 10 83
155 7 11 91
155 7 12 82
155 7 13 92
156 10 0 51
156 10 1 49
156 10 2 56
156 10 3 55
156 10 4 56
156 10 5 52
156 10 10 55
156 10 14 47
156 11 0 53
156 11 1 51
156 11 3 58
156 11 6 57
156 11 9 58
156 11 10 54
156 11 12 57
156 11 13 49
156 13 2 55
156 13 4 53
156 13 7 60
156 13 8 59
156 13 9 60
156 13 10 56
156 13 12 59
156 13 14 51
157 6 0 72
157 6 3 67
157 6 7 65
157 6 8 70
157 6 9 71
157 6 10 76
157 6 11 67
157 6 13 77
157 7 0 70
157 7 4 74
157 7 6 76
157 7 9 69
157 7 10 76
157 7 11 73
157 7 12 80
157 7 13 79
157 8 1 72
157 8 3 76
157 8 5 78
157 8 8 71
157 8 9 78
157 8 10 75
157 8 12 82
157 8 14 81
158 5 0 34
158 5 1 36
158 5 2 37
158 5 3 33
158 5 4 37
158 5 5 35
158 5 13 39
158 5 14 38
158 7 0 36
158 7 4 38
158 7 6 39
158 7 9 35
158 7 10 39
158 7 11 37
158 7 12 41
158 7 13 40
158 10 0 37
158 10 1 39
158 10 2 40
158 10 3 36
158 10 4 40
158 10 5 38
158 10 10 42
158 10 14 41
158 11 0 33
158 11 1 35
158 11 3 36
158 11 6 32
158 11 9 36
158 11 10 34
158 11 12 38
158 11 13 37
159 7 0 54
159 7 4 52
159 7 6 59
159 7 9 58
159 7 10 59
159 7 11 55
159 7 12 58
159 7 13 50
159 10 0 52
159 10 1 50
159 10 2 57
159 10 3 56
159 10 4 57
159 10 5 53
159 10 10 56
159 10 14 48
159 11 0 59
159 11 1 57
159 11 3 64
159 11 6 63
159 11 9 64
159 11 10 60
159 11 12 63
159 11 13 55
159 12 1 58
159 12 2 56
159 12 5 63
159 12 9 62
159 12 11 63
159 12 12 59
159 12 13 62
159 12 14 54
159 14 1 59
159 14 4 57
159 14 7 64
159 14 9 63
159 14 10 64
159 14 11 60
159 14 12 63
159 14 14 55
160 1 4 20
160 1 5 24
160 1 6 25
160 1 7 24
160 1 9 25
160 1 10 21
160 1 13 24
160 1 14 22
160 5 0 24
160 5 1 28
160 5 2 29
160 5 3 28
160 5 4 29
160 5 5 25
160 5 13 28
160 5 14 26
160 6 0 25
160 6 3 29
160 6 7 30
160 6 8 29
160 6 9 30
160 6 10 26
160 6 11 29
160 6 13 27
160 13 2 24
160 13 4 28
160 13 7 29
160 13 8 28
160 13 9 29
160 13 10 25
160 13 12 28
160 13 14 26
161 1 4 68
161 1 5 72
161 1 6 74
161 1 7 67
161 1 9 74
161 1 10 71
161 1 13 78
161 1 14 77
161 2 0 68
161 2 1 72
161 2 3 74
161 2 4 67
161 2 6 74
161 2 8 71
161 2 9 78
161 2 12 77
161 5 0 68
161 5 1 68
161 5 2 61
161 5 3 66
161 5 4 65
161 5 5 67
161 5 13 64
161 5 14 58
161 6 0 72
161 6 3 67
161 6 7 65
161 6 8 70
161 6 9 71
161 6 10 76
161 6 11 67
161 6 13 77
161 11 0 72
161 11 1 72
161 11 3 65
161 11 6 70
161 11 9 69
161 11 10 71
161 11 12 68
161 11 13 62
162 3 0 26
162 3 1 30
162 3 6 31
162 3 8 30
162 3 9 31
162 3 10 27
162 3 13 30
162 3 14 28
162 4 0 29
162 4 1 31
162 4 5 32
162 4 6 28
162 4 8 32
162 4 9 30
162 4 13 34
162 4 14 33
162 9 1 30
162 9 2 32
162 9 3 33
162 9 7 29
162 9 8 33
162 9 9 31
162 9 10 35
162 9 12 34
162 13 2 25
162 13 4 29
162 13 7 30
162 13 8 29
162 13 9 30
162 13 10 26
162 13 12 29
162 13 14 27
163 2 0 23
163 2 1 27
163 2 3 28
163 2 4 27
163 2 6 28
163 2 8 24
163 2 9 27
163 2 12 25
163 3 0 30
163 3 1 30
163 3 6 30
163 3 8 28
163 3 9 27
163 3 10 29
163 3 13 33
163 3 14 27
163 4 0 29
163 4 1 31
163 4 5 32
163 4 6 28
163 4 8 32
163 4 9 30
163 4 13 34
163 4 14 33
164 0 2 71
164 0 4 71
164 0 5 64
164 0 7 69
164 0 8 68
164 0 9 70
164 0 13 67
164 0 14 61
164 5 0 71
164 5 1 71
164 5 2 64
164 5 3 69
164 5 4 68
164 5 5 70
164 5 13 67
164 5 14 61
164 6 0 64
164 6 3 64
164 6 7 57
164 6 8 62
164 6 9 61
164 6 10 63
164 6 11 60
164 6 13 54
164 14 1 69
164 14 4 69
164 14 7 62
164 14 9 67
164 14 10 66
164 14 11 68
164 14 12 65
164 14 14 59
165 0 2 96
165 0 4 98
165 0 5 111
165 0 7 96
165 0 8 107
165 0 9 97
165 0 13 106
165 0 14 100
165 5 0 95
165 5 1 85
165 5 2 88
165 5 3 83
165 5 4 84
165 5 5 84
165 5 13 95
165 5 14 95
165 7 0 98
165 7 4 88
165 7 6 91
165 7 9 86
165 7 10 87
165 7 11 87
165 7 12 98
165 7 13 98
165 8 1 86
165 8 3 84
165 8 5 91
165 8 8 84
165 8 9 85
165 8 10 93
165 8 12 84
165 8 14 94
166 1 4 51
166 1 5 49
166 1 6 56
166 1 7 55
166 1 9 56
166 1 10 52
166 1 13 55
166 1 14 47
166 2 0 53
166 2 1 51
166 2 3 58
166 2 4 57
166 2 6 58
166 2 8 54
166 2 9 57
166 2 12 49
166 6 0 55
166 6 3 53
166 6 7 60
166 6 8 59
166 6 9 60
166 6 10 56
166 6 11 59
166 6 13 51
167 2 0 71
167 2 1 75
167 2 3 77
167 2 4 70
167 2 6 77
167 2 8 74
167 2 9 81
167 2 12 80
167 5 0 75
167 5 1 79
167 5 2 81
167 5 3 74
167 5 4 81
167 5 5 78
167 5 13 85
167 5 14 84
167 6 0 78
167 6 3 76
167 6 7 83
167 6 8 76
167 6 9 77
167 6 10 85
167 6 11 76
167 6 13 86
167 7 0 70
167 7 4 74
167 7 6 76
167 7 9 69
167 7 10 76
167 7 11 73
167 7 12 80
167 7 13 79
167 13 2 78
167 13 4 76
167 13 7 83
167 13 8 76
167 13 9 77
167 13 10 85
167 13 12 76
167 13 14 86
168 0 2 13
168 0 4 14
168 0 5 14
168 0 7 12
168 0 8 14
168 0 9 13
168 0 13 15
168 0 14 15
168 5 0 14
168 5 1 15
168 5 2 15
168 5 3 13
168 5 4 15
168 5 5 14
168 5 13 16
168 5 14 16
168 6 0 14
168 6 3 15
168 6 7 15
168 6 8 13
168 6 9 15
168 6 10 14
168 6 11 16
168 6 13 16
168 10 0 12
168 10 1 13
168 10 2 13
168 10 3 11
168 10 4 13
168 10 5 12
168 10 10 14
168 10 14 14
168 12 1 14
168 12 2 15
168 12 5 15
168 12 9 13
168 12 11 15
168 12 12 14
168 12 13 16
168 12 14 16
169 1 4 26
169 1 5 30
169 1 6 31
169 1 7 30
169 1 9 31
169 1 10 27
169 1 13 30
169 1 14 28
169 2 0 29
169 2 1 31
169 2 3 32
169 2 4 28
169 2 6 32
169 2 8 30
169 2 9 34
169 2 12 33
169 5 0 30
169 5 1 32
169 5 2 33
169 5 3 29
169 5 4 33
169 5 5 31
169 5 13 35
169 5 14 34
169 7 0 25
169 7 4 29
169 7 6 30
169 7 9 29
169 7 10 30
169 7 11 26
169 7 12 29
169 7 13 27
170 5 0 100
170 5 1 90
170 5 2 93
170 5 3 88
170 5 4 89
170 5 5 89
170 5 13 100
170 5 14 100
170 6 0 83
170 6 3 81
170 6 7 88
170 6 8 81
170 6 9 82
170 6 10 90
170 6 11 81
170 6 13 91
170 8 1 86
170 8 3 84
170 8 5 91
170 8 8 84
170 8 9 85
170 8 10 93
170 8 12 84
170 8 14 94
170 9 1 81
170 9 2 79
170 9 3 86
170 9 7 79
170 9 8 80
170 9 9 88
170 9 10 79
170 9 12 89
170 13 2 82
170 13 4 80
170 13 7 87
170 13 8 80
170 13 9 81
170 13 10 89
170 13 12 80
170 13 14 90
171 0 2 80
171 0 4 80
171 0 5 84
171 0 7 78
171 0 8 76
171 0 9 73
171 0 13 87
171 0 14 86
171 1 4 80
171 1 5 80
171 1 6 84
171 1 7 78
171 1 9 76
171 1 10 73
171 1 13 87
171 1 14 86
171 3 0 81
171 3 1 79
171 3 6 86
171 3 8 79
171 3 9 80
171 3 10 88
171 3 13 79
171 3 14 89
171 4 0 74
171 4 1 78
171 4 5 80
171 4 6 73
171 4 8 80
171 4 9 77
171 4 13 84
171 4 14 83
172 0 2 68
172 0 4 72
172 0 5 74
172 0 7 67
172 0 8 74
172 0 9 71
172 0 13 78
172 0 14 77
172 4 0 70
172 4 1 70
172 4 5 63
172 4 6 68
172 4 8 67
172 4 9 69
172 4 13 66
172 4 14 60
172 13 2 68
172 13 4 68
172 13 7 61
172 13 8 66
172 13 9 65
172 13 10 67
172 13 12 64
172 13 14 58
172 14 1 72
172 14 4 67
172 14 7 65
172 14 9 70
172 14 10 71
172 14 11 76
172 14 12 67
172 14 14 77
173 0 2 68
173 0 4 68
173 0 5 61
173 0 7 66
173 0 8 65
173 0 9 67
173 0 13 64
173 0 14 58
173 6 0 68
173 6 3 68
173 6 7 61
173 6 8 66
173 6 9 65
173 6 10 67
173 6 11 64
173 6 13 58
173 7 0 58
173 7 4 56
173 7 6 63
173 7 9 62
173 7 10 63
173 7 11 59
173 7 12 62
173 7 13 54
174 5 0 75
174 5 1 79
174 5 2 81
174 5 3 74
174 5 4 81
174 5 5 78
174 5 13 85
174 5 14 84
174 8 1 73
174 8 3 77
174 8 5 79
174 8 8 72
174 8 9 79
174 8 10 76
174 8 12 83
174 8 14 82
174 12 1 81
174 12 2 79
174 12 5 86
174 12 9 79
174 12 11 80
174 12 12 88
174 12 13 79
174 12 14 89
174 13 2 73
174 13 4 77
174 13 7 79
174 13 8 72
174 13 9 79
174 13 10 76
174 13 12 83
174 13 14 82
175 1 4 10
175 1 5 11
175 1 6 11
175 1 7 9
175 1 9 11
175 1 10 10
175 1 13 12
175 1 14 12
175 5 0 11
175 5 1 12
175 5 2 12
175 5 3 10
175 5 4 12
175 5 5 11
175 5 13 13
175 5 14 13
175 7 0 11
175 7 4 12
175 7 6 12
175 7 9 10
175 7 10 12
175 7 11 11
175 7 12 13
175 7 13 13
175 14 1 9
175 14 4 10
175 14 7 11
175 14 9 10
175 14 10 11
175 14 11 10
175 14 12 10
175 14 14 11
176 2 0 70
176 2 1 74
176 2 3 76
176 2 4 69
176 2 6 76
176 2 8 73
176 2 9 80
176 2 12 79
176 4 0 74
176 4 1 78
176 4 5 80
176 4 6 73
176 4 8 80
176 4 9 77
176 4 13 84
176 4 14 83
176 7 0 80
176 7 4 80
176 7 6 84
176 7 9 78
176 7 10 76
176 7 11 73
176 7 12 87
176 7 13 86
176 10 0 69
176 10 1 73
176 10 2 75
176 10 3 68
176 10 4 75
176 10 5 72
176 10 10 79
176 10 14 78
176 14 1 80
176 14 4 80
176 14 7 84
176 14 9 78
176 14 10 76
176 14 11 73
176 14 12 87
176 14 14 86
177 7 0 20
177 7 4 24
177 7 6 25
177 7 9 24
177 7 10 25
177 7 11 21
177 7 12 24
177 7 13 22
177 10 0 24
177 10 1 28
177 10 2 29
177 10 3 28
177 10 4 29
177 10 5 25
177 10 10 28
177 10 14 26
177 14 1 25
177 14 4 29
177 14 7 30
177 14 9 29
177 14 10 30
177 14 11 26
177 14 12 29
177 14 14 27
178 0 2 70
178 0 4 74
178 0 5 76
178 0 7 69
178 0 8 76
178 0 9 73
178 0 13 80
178 0 14 79
178 3 0 74
178 3 1 78
178 3 6 80
178 3 8 73
178 3 9 80
178 3 10 77
178 3 13 84
178 3 14 83
178 4 0 80
178 4 1 80
178 4 5 84
178 4 6 78
178 4 8 76
178 4 9 73
178 4 13 87
178 4 14 86
178 8 1 69
178 8 3 73
178 8 5 75
178 8 8 68
178 8 9 75
178 8 10 72
178 8 12 79
178 8 14 78
178 13 2 80
178 13 4 80
178 13 7 84
178 13 8 78
178 13 9 76
178 13 10 73
178 13 12 87
178 13 14 86
179 4 0 101
179 4 1 91
179 4 5 94
179 4 6 89
179 4 8 90
179 4 9 90
179 4 13 101
179 4 14 101
179 6 0 84
179 6 3 82
179 6 7 89
179 6 8 82
179 6 9 83
179 6 10 91
179 6 11 82
179 6 13 92
179 8 1 96
179 8 3 89
179 8 5 94
179 8 8 83
179 8 9 86
179 8 10 86
179 8 12 97
179 8 14 91
179 13 2 82
179 13 4 80
179 13 7 87
179 13 8 80
179 13 9 81
179 13 10 89
179 13 12 80
179 13 14 90
179 14 1 83
179 14 4 81
179 14 7 88
179 14 9 81
179 14 10 82
179 14 11 90
179 14 12 81
179 14 14 91
180 6 0 68
180 6 3 72
180 6 7 74
180 6 8 67
180 6 9 74
180 6 10 71
180 6 11 78
180 6 13 77
180 7 0 70
180 7 4 70
180 7 6 63
180 7 9 68
180 7 10 67
180 7 11 69
180 7 12 66
180 7 13 60
180 10 0 68
180 10 1 68
180 10 2 61
180 10 3 66
180 10 4 65
180 10 5 67
180 10 10 64
180 10 14 58
180 12 1 72
180 12 2 67
180 12 5 65
180 12 9 70
180 12 11 71
180 12 12 76
180 12 13 67
180 12 14 77
181 2 0 30
181 2 1 30
181 2 3 30
181 2 4 28
181 2 6 27
181 2 8 29
181 2 9 33
181 2 12 27
181 13 2 30
181 13 4 30
181 13 7 30
181 13 8 28
181 13 9 27
181 13 10 29
181 13 12 33
181 13 14 27
181 14 1 30
181 14 4 30
181 14 7 30
181 14 9 28
181 14 10 27
181 14 11 29
181 14 12 33
181 14 14 27
182 0 2 53
182 0 4 51
182 0 5 58
182 0 7 57
182 0 8 58
182 0 9 54
182 0 13 57
182 0 14 49
182 9 1 51
182 9 2 49
182 9 3 56
182 9 7 55
182 9 8 56
182 9 9 52
182 9 10 55
182 9 12 47
182 11 0 58
182 11 1 56
182 11 3 63
182 11 6 62
182 11 9 63
182 11 10 59
182 11 12 62
182 11 13 54
182 12 1 57
182 12 2 55
182 12 5 62
182 12 9 61
182 12 11 62
182 12 12 58
182 12 13 61
182 12 14 53
182 13 2 58
182 13 4 56
182 13 7 63
182 13 8 62
182 13 9 63
182 13 10 59
182 13 12 62
182 13 14 54
183 2 0 71
183 2 1 75
183 2 3 77
183 2 4 70
183 2 6 77
183 2 8 74
183 2 9 81
183 2 12 80
183 4 0 75
183 4 1 79
183 4 5 81
183 4 6 74
183 4 8 81
183 4 9 78
183 4 13 85
183 4 14 84
183 7 0 78
183 7 4 76
183 7 6 83
183 7 9 76
183 7 10 77
183 7 11 85
183 7 12 76
183 7 13 86
183 10 0 70
183 10 1 74
183 10 2 76
183 10 3 69
183 10 4 76
183 10 5 73
183 10 10 80
183 10 14 79
183 13 2 78
183 13 4 76
183 13 7 83
183 13 8 76
183 13 9 77
183 13 10 85
183 13 12 76
183 13 14 86
184 2 0 80
184 2 1 80
184 2 3 84
184 2 4 78
184 2 6 76
184 2 8 73
184 2 9 87
184 2 12 86
184 4 0 80
184 4 1 80
184 4 5 84
184 4 6 78
184 4 8 76
184 4 9 73
184 4 13 87
184 4 14 86
184 6 0 81
184 6 3 79
184 6 7 86
184 6 8 79
184 6 9 80
184 6 10 88
184 6 11 79
184 6 13 89
184 8 1 74
184 8 3 78
184 8 5 80
184 8 8 73
184 8 9 80
184 8 10 77
184 8 12 84
184 8 14 83
185 2 0 74
185 2 1 78
185 2 3 80
185 2 4 73
185 2 6 80
185 2 8 77
185 2 9 84
185 2 12 83
185 4 0 72
185 4 1 76
185 4 5 78
185 4 6 71
185 4 8 78
185 4 9 75
185 4 13 82
185 4 14 81
185 7 0 80
185 7 4 78
185 7 6 85
185 7 9 78
185 7 10 79
185 7 11 87
185 7 12 78
185 7 13 88
185 9 1 72
185 9 2 76
185 9 3 78
185 9 7 71
185 9 8 78
185 9 9 75
185 9 10 82
185 9 12 81
185 12 1 73
185 12 2 77
185 12 5 79
185 12 9 72
185 12 11 79
185 12 12 76
185 12 13 83
185 12 14 82
186 4 0 51
186 4 1 49
186 4 5 56
186 4 6 55
186 4 8 56
186 4 9 52
186 4 13 55
186 4 14 47
186 8 1 48
186 8 3 48
186 8 5 51
186 8 8 46
186 8 9 47
186 8 10 47
186 8 12 48
186 8 14 48
186 12 1 56
186 12 2 54
186 12 5 61
186 12 9 60
186 12 11 61
186 12 12 57
186 12 13 60
186 12 14 52
186 14 1 55
186 14 4 53
186 14 7 60
186 14 9 59
186 14 10 60
186 14 11 56
186 14 12 59
186 14 14 51
187 3 0 30
187 3 1 30
187 3 6 30
187 3 8 28
187 3 9 27
187 3 10 29
187 3 13 33
187 3 14 27
187 4 0 30
187 4 1 30
187 4 5 30
187 4 6 28
187 4 8 27
187 4 9 29
187 4 13 33
187 4 14 27
187 9 1 30
187 9 2 30
187 9 3 30
187 9 7 28
187 9 8 27
187 9 9 29
187 9 10 33
187 9 12 27
188 1 4 32
188 1 5 34
188 1 6 35
188 1 7 31
188 1 9 35
188 1 10 33
188 1 13 37
188 1 14 36
188 10 0 34
188 10 1 36
188 10 2 37
188 10 3 33
188 10 4 37
188 10 5 35
188 10 10 39
188 10 14 38
188 11 0 35
188 11 1 37
188 11 3 38
188 11 6 34
188 11 9 38
188 11 10 36
188 11 12 40
188 11 13 39
188 12 1 31
188 12 2 33
188 12 5 34
188 12 9 30
188 12 11 34
188 12 12 32
188 12 13 36
188 12 14 35
188 13 2 35
188 13 4 37
188 13 7 38
188 13 8 34
188 13 9 38
188 13 10 36
188 13 12 40
188 13 14 39
189 1 4 68
189 1 5 72
189 1 6 74
189 1 7 67
189 1 9 74
189 1 10 71
189 1 13 78
189 1 14 77
189 2 0 72
189 2 1 76
189 2 3 78
189 2 4 71
189 2 6 78
189 2 8 75
189 2 9 82
189 2 12 81
189 6 0 74
189 6 3 78
189 6 7 80
189 6 8 73
189 6 9 80
189 6 10 77
189 6 11 84
189 6 13 83
189 9 1 67
189 9 2 71
189 9 3 73
189 9 7 66
189 9 8 73
189 9 9 70
189 9 10 77
189 9 12 76
189 11 0 74
189 11 1 78
189 11 3 80
189 11 6 73
189 11 9 80
189 11 10 77
189 11 12 84
189 11 13 83
190 0 2 69
190 0 4 73
190 0 5 75
190 0 7 68
190 0 8 75
190 0 9 72
190 0 13 79
190 0 14 78
190 2 0 73
190 2 1 77
190 2 3 79
190 2 4 72
190 2 6 79
190 2 8 76
190 2 9 83
190 2 12 82
190 9 1 75
190 9 2 79
190 9 3 81
190 9 7 74
190 9 8 81
190 9 9 78
190 9 10 85
190 9 12 84
190 11 0 68
190 11 1 72
190 11 3 74
190 11 6 67
190 11 9 74
190 11 10 71
190 11 12 78
190 11 13 77
190 14 1 75
190 14 4 79
190 14 7 81
190 14 9 74
190 14 10 81
190 14 11 78
190 14 12 85
190 14 14 84
191 3 0 45
191 3 1 45
191 3 6 48
191 3 8 43
191 3 9 44
191 3 10 44
191 3 13 45
191 3 14 45
191 12 1 45
191 12 2 45
191 12 5 48
191 12 9 43
191 12 11 44
191 12 12 44
191 12 13 45
191 12 14 45
191 13 2 48
191 13 4 48
191 13 7 51
191 13 8 46
191 13 9 47
191 13 10 47
191 13 12 48
191 13 14 48
192 0 2 46
192 0 4 46
192 0 5 49
192 0 7 44
192 0 8 45
192 0 9 45
192 0 13 46
192 0 14 46
192 3 0 46
192 3 1 46
192 3 6 49
192 3 8 44
192 3 9 45
192 3 10 45
192 3 13 46
192 3 14 46
192 5 0 51
192 5 1 53
192 5 2 55
192 5 3 51
192 5 4 51
192 5 5 52
192 5 13 50
192 5 14 55
192 9 1 44
192 9 2 44
192 9 3 47
192 9 7 42
192 9 8 43
192 9 9 43
192 9 10 44
192 9 12 44
193 7 0 70
193 7 4 74
193 7 6 76
193 7 9 69
193 7 10 76
193 7 11 73
193 7 12 80
193 7 13 79
193 9 1 74
193 9 2 78
193 9 3 80
193 9 7 73
193 9 8 80
193 9 9 77
193 9 10 84
193 9 12 83
193 12 1 80
193 12 2 80
193 12 5 84
193 12 9 78
193 12 11 76
193 12 12 73
193 12 13 87
193 12 14 86
194 1 4 16
194 1 5 17
194 1 6 17
194 1 7 15
194 1 9 17
194 1 10 16
194 1 13 18
194 1 14 18
194 2 0 17
194 2 1 18
194 2 3 18
194 2 4 16
194 2 6 18
194 2 8 17
194 2 9 19
194 2 12 19
194 3 0 17
194 3 1 18
194 3 6 18
194 3 8 16
194 3 9 18
194 3 10 17
194 3 13 19
194 3 14 19
194 12 1 15
194 12 2 16
194 12 5 16
194 12 9 14
194 12 11 16
194 12 12 15
194 12 13 17
194 12 14 17
194 14 1 17
194 14 4 18
194 14 7 18
194 14 9 16
194 14 10 18
194 14 11 17
194 14 12 19
194 14 14 19
195 0 2 42
195 0 4 42
195 0 5 45
195 0 7 40
195 0 8 41
195 0 9 41
195 0 13 42
195 0 14 42
195 1 4 42
195 1 5 42
195 1 6 45
195 1 7 40
195 1 9 41
195 1 10 41
195 1 13 42
195 1 14 42
195 13 2 45
195 13 4 45
195 13 7 48
195 13 8 43
195 13 9 44
195 13 10 44
195 13 12 45
195 13 14 45
195 14 1 40
195 14 4 40
195 14 7 43
195 14 9 38
195 14 10 39
195 14 11 39
195 14 12 40
195 14 14 40
196 2 0 69
196 2 1 69
196 2 3 62
196 2 4 67
196 2 6 66
196 2 8 68
196 2 9 65
196 2 12 59
196 3 0 69
196 3 1 69
196 3 6 62
196 3 8 67
196 3 9 66
196 3 10 68
196 3 13 65
196 3 14 59
196 14 1 59
196 14 4 57
196 14 7 64
196 14 9 63
196 14 10 64
196 14 11 60
196 14 12 63
196 14 14 55
197 4 0 46
197 4 1 46
197 4 5 49
197 4 6 44
197 4 8 45
197 4 9 45
197 4 13 46
197 4 14 46
197 9 1 46
197 9 2 46
197 9 3 49
197 9 7 44
197 9 8 45
197 9 9 45
197 9 10 46
197 9 12 46
197 13 2 51
197 13 4 53
197 13 7 55
197 13 8 51
197 13 9 51
197 13 10 52
197 13 12 50
197 13 14 55
198 5 0 70
198 5 1 70
198 5 2 63
198 5 3 68
198 5 4 67
198 5 5 69
198 5 13 66
198 5 14 60
198 7 0 70
198 7 4 70
198 7 6 63
198 7 9 68
198 7 10 67
198 7 11 69
198 7 12 66
198 7 13 60
198 11 0 62
198 11 1 55
198 11 3 64
198 11 6 57
198 11 9 61
198 11 10 57
198 11 12 64
198 11 13 54
199 2 0 103
199 2 1 93
199 2 3 96
199 2 4 91
199 2 6 92
199 2 8 92
199 2 9 103
199 2 12 103
199 4 0 86
199 4 1 84
199 4 5 91
199 4 6 84
199 4 8 85
199 4 9 93
199 4 13 84
199 4 14 94
199 5 0 96
199 5 1 86
199 5 2 89
199 5 3 84
199 5 4 85
199 5 5 85
199 5 13 96
199 5 14 96
199 10 0 84
199 10 1 82
199 10 2 89
199 10 3 82
199 10 4 83
199 10 5 91
199 10 10 82
199 10 14 92
199 12 1 85
199 12 2 83
199 12 5 90
199 12 9 83
199 12 11 84
199 12 12 92
199 12 13 83
199 12 14 93
200 1 4 74
200 1 5 78
200 1 6 80
200 1 7 73
200 1 9 80
200 1 10 77
200 1 13 84
200 1 14 83
200 3 0 72
200 3 1 76
200 3 6 78
200 3 8 71
200 3 9 78
200 3 10 75
200 3 13 82
200 3 14 81
200 4 0 80
200 4 1 78
200 4 5 85
200 4 6 78
200 4 8 79
200 4 9 87
200 4 13 78
200 4 14 88
200 10 0 72
200 10 1 76
200 10 2 78
200 10 3 71
200 10 4 78
200 10 5 75
200 10 10 82
200 10 14 81
200 11 0 73
200 11 1 77
200 11 3 79
200 11 6 72
200 11 9 79
200 11 10 76
200 11 12 83
200 11 13 82
201 2 0 97
201 2 1 87
201 2 3 90
201 2 4 85
201 2 6 86
201 2 8 86
201 2 9 97
201 2 12 97
201 3 0 93
201 3 1 100
201 3 6 107
201 3 8 91
201 3 9 104
201 3 10 106
201 3 13 103
201 3 14 104
201 8 1 102
201 8 3 104
201 8 5 117
201 8 8 102
201 8 9 113
201 8 10 103
201 8 12 112
201 8 14 106
201 10 0 95
201 10 1 85
201 10 2 88
201 10 3 83
201 10 4 84
201 10 5 84
201 10 10 95
201 10 14 95
202 0 2 30
202 0 4 30
202 0 5 30
202 0 7 28
202 0 8 27
202 0 9 29
202 0 13 33
202 0 14 27
202 11 0 30
202 11 1 30
202 11 3 30
202 11 6 28
202 11 9 27
202 11 10 29
202 11 12 33
202 11 13 27
202 12 1 30
202 12 2 30
202 12 5 30
202 12 9 28
202 12 11 27
202 12 12 29
202 12 13 33
202 12 14 27
203 4 0 67
203 4 1 71
203 4 5 73
203 4 6 66
203 4 8 73
203 4 9 70
203 4 13 77
203 4 14 76
203 8 1 71
203 8 3 75
203 8 5 77
203 8 8 70
203 8 9 77
203 8 10 74
203 8 12 81
203 8 14 80
203 13 2 73
203 13 4 77
203 13 7 79
203 13 8 72
203 13 9 79
203 13 10 76
203 13 12 83
203 13 14 82
204 0 2 71
204 0 4 71
204 0 5 64
204 0 7 69
204 0 8 68
204 0 9 70
204 0 13 67
204 0 14 61
204 2 0 71
204 2 1 71
204 2 3 64
204 2 4 69
204 2 6 68
204 2 8 70
204 2 9 67
204 2 12 61
204 8 1 64
204 8 3 64
204 8 5 57
204 8 8 62
204 8 9 61
204 8 10 63
204 8 12 60
204 8 14 54
204 10 0 69
204 10 1 69
204 10 2 62
204 10 3 67
204 10 4 66
204 10 5 68
204 10 10 65
204 10 14 59
204 13 2 68
204 13 4 68
204 13 7 61
204 13 8 66
204 13 9 65
204 13 10 67
204 13 12 64
204 13 14 58
205 0 2 15
205 0 4 16
205 0 5 16
205 0 7 14
205 0 8 16
205 0 9 15
205 0 13 17
205 0 14 17
205 1 4 16
205 1 5 17
205 1 6 17
205 1 7 15
205 1 9 17
205 1 10 16
205 1 13 18
205 1 14 18
205 7 0 16
205 7 4 17
205 7 6 17
205 7 9 15
205 7 10 17
205 7 11 16
205 7 12 18
205 7 13 18
205 12 1 14
205 12 2 15
205 12 5 15
205 12 9 13
205 12 11 15
205 12 12 14
205 12 13 16
205 12 14 16
206 3 0 14
206 3 1 15
206 3 6 15
206 3 8 13
206 3 9 15
206 3 10 14
206 3 13 16
206 3 14 16
206 4 0 15
206 4 1 16
206 4 5 16
206 4 6 14
206 4 8 16
206 4 9 15
206 4 13 17
206 4 14 17
206 11 0 15
206 11 1 16
206 11 3 16
206 11 6 14
206 11 9 16
206 11 10 15
206 11 12 17
206 11 13 17
207 3 0 32
207 3 1 34
207 3 6 35
207 3 8 31
207 3 9 35
207 3 10 33
207 3 13 37
207 3 14 36
207 10 0 34
207 10 1 36
207 10 2 37
207 10 3 33
207 10 4 37
207 10 5 35
207 10 10 39
207 10 14 38
207 11 0 35
207 11 1 37
207 11 3 38
207 11 6 34
207 11 9 38
207 11 10 36
207 11 12 40
207 11 13 39
207 13 2 31
207 13 4 33
207 13 7 34
207 13 8 30
207 13 9 34
207 13 10 32
207 13 12 36
207 13 14 35
208 1 4 96
208 1 5 98
208 1 6 111
208 1 7 96
208 1 9 107
208 1 10 97
208 1 13 106
208 1 14 100
208 4 0 95
208 4 1 85
208 4 5 88
208 4 6 83
208 4 8 84
208 4 9 84
208 4 13 95
208 4 14 95
208 8 1 98
208 8 3 88
208 8 5 91
208 8 8 86
208 8 9 87
208 8 10 87
208 8 12 98
208 8 14 98
208 12 1 86
208 12 2 84
208 12 5 91
208 12 9 84
208 12 11 85
208 12 12 93
208 12 13 84
208 12 14 94
208 13 2 96
208 13 4 89
208 13 7 94
208 13 8 83
208 13 9 86
208 13 10 86
208 13 12 97
208 13 14 91
209 1 4 80
209 1 5 78
209 1 6 85
209 1 7 78
209 1 9 79
209 1 10 87
209 1 13 78
209 1 14 88
209 2 0 78
209 2 1 76
209 2 3 83
209 2 4 76
209 2 6 77
209 2 8 85
209 2 9 76
209 2 12 86
209 6 0 85
209 6 3 83
209 6 7 90
209 6 8 83
209 6 9 84
209 6 10 92
209 6 11 83
209 6 13 93
209 9 1 78
209 9 2 76
209 9 3 83
209 9 7 76
209 9 8 77
209 9 9 85
209 9 10 76
209 9 12 86
210 0 2 68
210 0 4 68
210 0 5 61
210 0 7 66
210 0 8 65
210 0 9 67
210 0 13 64
210 0 14 58
210 6 0 68
210 6 3 68
210 6 7 61
210 6 8 66
210 6 9 65
210 6 10 67
210 6 11 64
210 6 13 58
210 10 0 58
210 10 1 56
210 10 2 63
210 10 3 62
210 10 4 63
210 10 5 59
210 10 10 62
210 10 14 54
210 13 2 66
210 13 4 66
210 13 7 59
210 13 8 64
210 13 9 63
210 13 10 65
210 13 12 62
210 13 14 56
211 6 0 80
211 6 3 80
211 6 7 84
211 6 8 78
211 6 9 76
211 6 10 73
211 6 11 87
211 6 13 86
211 13 2 74
211 13 4 78
211 13 7 80
211 13 8 73
211 13 9 80
211 13 10 77
211 13 12 84
211 13 14 83
211 14 1 82
211 14 4 80
211 14 7 87
211 14 9 80
211 14 10 81
211 14 11 89
211 14 12 80
211 14 14 90
212 2 0 70
212 2 1 70
212 2 3 63
212 2 4 68
212 2 6 67
212 2 8 69
212 2 9 66
212 2 12 60
212 6 0 67
212 6 3 71
212 6 7 73
212 6 8 66
212 6 9 73
212 6 10 70
212 6 11 77
212 6 13 76
212 7 0 69
212 7 4 73
212 7 6 75
212 7 9 68
212 7 10 75
212 7 11 72
212 7 12 79
212 7 13 78
212 11 0 69
212 11 1 69
212 11 3 62
212 11 6 67
212 11 9 66
212 11 10 68
212 11 12 65
212 11 13 59
212 13 2 69
212 13 4 73
212 13 7 75
212 13 8 68
212 13 9 75
212 13 10 72
212 13 12 79
212 13 14 78
213 1 4 17
213 1 5 18
213 1 6 18
213 1 7 16
213 1 9 18
213 1 10 17
213 1 13 19
213 1 14 19
213 10 0 18
213 10 1 19
213 10 2 19
213 10 3 17
213 10 4 19
213 10 5 18
213 10 10 20
213 10 14 20
213 13 2 18
213 13 4 19
213 13 7 19
213 13 8 17
213 13 9 19
213 13 10 18
213 13 12 20
213 13 14 20
214 0 2 54
214 0 4 52
214 0 5 59
214 0 7 58
214 0 8 59
214 0 9 55
214 0 13 58
214 0 14 50
214 2 0 52
214 2 1 50
214 2 3 57
214 2 4 56
214 2 6 57
214 2 8 53
214 2 9 56
214 2 12 48
214 6 0 59
214 6 3 57
214 6 7 64
214 6 8 63
214 6 9 64
214 6 10 60
214 6 11 63
214 6 13 55
214 8 1 58
214 8 3 56
214 8 5 63
214 8 8 62
214 8 9 63
214 8 10 59
214 8 12 62
214 8 14 54
214 10 0 59
214 10 1 57
214 10 2 64
214 10 3 63
214 10 4 64
214 10 5 60
214 10 10 63
214 10 14 55
215 0 2 42
215 0 4 42
215 0 5 45
215 0 7 40
215 0 8 41
215 0 9 41
215 0 13 42
215 0 14 42
215 7 0 42
215 7 4 42
215 7 6 45
215 7 9 40
215 7 10 41
215 7 11 41
215 7 12 42
215 7 13 42
215 9 1 45
215 9 2 45
215 9 3 48
215 9 7 43
215 9 8 44
215 9 9 44
215 9 10 45
215 9 12 45
215 11 0 40
215 11 1 40
215 11 3 43
215 11 6 38
215 11 9 39
215 11 10 39
215 11 12 40
215 11 13 40
215 13 2 41
215 13 4 41
215 13 7 44
215 13 8 39
215 13 9 40
215 13 10 40
215 13 12 41
215 13 14 41
216 2 0 16
216 2 1 17
216 2 3 17
216 2 4 15
216 2 6 17
216 2 8 16
216 2 9 18
216 2 12 18
216 4 0 17
216 4 1 18
216 4 5 18
216 4 6 16
216 4 8 18
216 4 9 17
216 4 13 19
216 4 14 19
216 6 0 17
216 6 3 18
216 6 7 18
216 6 8 16
216 6 9 18
216 6 10 17
216 6 11 19
216 6 13 19
216 7 0 15
216 7 4 16
216 7 6 16
216 7 9 14
216 7 10 16
216 7 11 15
216 7 12 17
216 7 13 17
216 14 1 17
216 14 4 18
216 14 7 18
216 14 9 16
216 14 10 18
216 14 11 17
216 14 12 19
216 14 14 19
217 2 0 78
217 2 1 76
217 2 3 83
217 2 4 76
217 2 6 77
217 2 8 85
217 2 9 76
217 2 12 86
217 5 0 75
217 5 1 79
217 5 2 81
217 5 3 74
217 5 4 81
217 5 5 78
217 5 13 85
217 5 14 84
217 13 2 83
217 13 4 81
217 13 7 88
217 13 8 81
217 13 9 82
217 13 10 90
217 13 12 81
217 13 14 91
217 14 1 75
217 14 4 79
217 14 7 81
217 14 9 74
217 14 10 81
217 14 11 78
217 14 12 85
217 14 14 84
218 1 4 15
218 1 5 16
218 1 6 16
218 1 7 14
218 1 9 16
218 1 10 15
218 1 13 17
218 1 14 17
218 4 0 16
218 4 1 17
218 4 5 17
218 4 6 15
218 4 8 17
218 4 9 16
218 4 13 18
218 4 14 18
218 7 0 16
218 7 4 17
218 7 6 17
218 7 9 15
218 7 10 17
218 7 11 16
218 7 12 18
218 7 13 18
218 8 1 14
218 8 3 15
218 8 5 15
218 8 8 13
218 8 9 15
218 8 10 14
218 8 12 16
218 8 14 16
219 1 4 19
219 1 5 23
219 1 6 24
219 1 7 23
219 1 9 24
219 1 10 20
219 1 13 23
219 1 14 21
219 2 0 23
219 2 1 27
219 2 3 28
219 2 4 27
219 2 6 28
219 2 8 24
219 2 9 27
219 2 12 25
219 4 0 24
219 4 1 28
219 4 5 29
219 4 6 28
219 4 8 29
219 4 9 25
219 4 13 28
219 4 14 26
219 5 0 23
219 5 1 27
219 5 2 28
219 5 3 27
219 5 4 28
219 5 5 24
219 5 13 27
219 5 14 25
219 14 1 24
219 14 4 28
219 14 7 29
219 14 9 28
219 14 10 29
219 14 11 25
219 14 12 28
219 14 14 26
220 0 2 30
220 0 4 32
220 0 5 33
220 0 7 29
220 0 8 33
220 0 9 31
220 0 13 35
220 0 14 34
220 1 4 32
220 1 5 34
220 1 6 35
220 1 7 31
220 1 9 35
220 1 10 33
220 1 13 37
220 1 14 36
220 2 0 33
220 2 1 35
220 2 3 36
220 2 4 32
220 2 6 36
220 2 8 34
220 2 9 38
220 2 12 37
220 11 0 29
220 11 1 31
220 11 3 32
220 11 6 28
220 11 9 32
220 11 10 30
220 11 12 34
220 11 13 33
221 2 0 35
221 2 1 37
221 2 3 38
221 2 4 34
221 2 6 38
221 2 8 36
221 2 9 40
221 2 12 39
221 3 0 37
221 3 1 39
221 3 6 40
221 3 8 36
221 3 9 40
221 3 10 38
221 3 13 42
221 3 14 41
221 8 1 42
221 8 3 40
221 8 5 38
221 8 8 40
221 8 9 41
221 8 10 40
221 8 12 40
221 8 14 41
221 11 0 34
221 11 1 36
221 11 3 37
221 11 6 33
221 11 9 37
221 11 10 35
221 11 12 39
221 11 13 38
221 13 2 42
221 13 4 40
221 13 7 38
221 13 8 40
221 13 9 41
221 13 10 40
221 13 12 40
221 13 14 41
222 1 4 9
222 1 5 10
222 1 6 11
222 1 7 10
222 1 9 11
222 1 10 10
222 1 13 10
222 1 14 11
222 2 0 10
222 2 1 11
222 2 3 11
222 2 4 9
222 2 6 11
222 2 8 10
222 2 9 12
222 2 12 12
222 3 0 10
222 3 1 11
222 3 6 11
222 3 8 9
222 3 9 11
222 3 10 10
222 3 13 12
222 3 14 12
222 13 2 8
222 13 4 9
222 13 7 9
222 13 8 8
222 13 9 9
222 13 10 8
222 13 12 9
222 13 14 9
223 2 0 45
223 2 1 45
223 2 3 48
223 2 4 43
223 2 6 44
223 2 8 44
223 2 9 45
223 2 12 45
223 9 1 45
223 9 2 45
223 9 3 48
223 9 7 43
223 9 8 44
223 9 9 44
223 9 10 45
223 9 12 45
223 12 1 48
223 12 2 48
223 12 5 51
223 12 9 46
223 12 11 47
223 12 12 47
223 12 13 48
223 12 14 48
223 13 2 43
223 13 4 43
223 13 7 46
223 13 8 41
223 13 9 42
223 13 10 42
223 13 12 43
223 13 14 43
224 0 2 69
224 0 4 69
224 0 5 62
224 0 7 67
224 0 8 66
224 0 9 68
224 0 13 65
224 0 14 59
224 2 0 69
224 2 1 69
224 2 3 62
224 2 4 67
224 2 6 66
224 2 8 68
224 2 9 65
224 2 12 59
224 9 1 59
224 9 2 57
224 9 3 64
224 9 7 63
224 9 8 64
224 9 9 60
224 9 10 63
224 9 12 55
224 10 0 67
224 10 1 67
224 10 2 60
224 10 3 65
224 10 4 64
224 10 5 66
224 10 10 63
224 10 14 57
224 12 1 66
224 12 2 66
224 12 5 59
224 12 9 64
224 12 11 63
224 12 12 65
224 12 13 62
224 12 14 56
225 2 0 20
225 2 1 24
225 2 3 25
225 2 4 24
225 2 6 25
225 2 8 21
225 2 9 24
225 2 12 22
225 7 0 24
225 7 4 28
225 7 6 29
225 7 9 28
225 7 10 29
225 7 11 25
225 7 12 28
225 7 13 26
225 9 1 25
225 9 2 29
225 9 3 30
225 9 7 29
225 9 8 30
225 9 9 26
225 9 10 29
225 9 12 27
225 13 2 24
225 13 4 28
225 13 7 29
225 13 8 28
225 13 9 29
225 13 10 25
225 13 12 28
225 13 14 26
226 0 2 78
226 0 4 76
226 0 5 83
226 0 7 76
226 0 8 77
226 0 9 85
226 0 13 76
226 0 14 86
226 2 0 75
226 2 1 79
226 2 3 81
226 2 4 74
226 2 6 81
226 2 8 78
226 2 9 85
226 2 12 84
226 9 1 83
226 9 2 81
226 9 3 88
226 9 7 81
226 9 8 82
226 9 9 90
226 9 10 81
226 9 12 91
226 12 1 75
226 12 2 79
226 12 5 81
226 12 9 74
226 12 11 81
226 12 12 78
226 12 13 85
226 12 14 84
227 9 1 51
227 9 2 49
227 9 3 56
227 9 7 55
227 9 8 56
227 9 9 52
227 9 10 55
227 9 12 47
227 12 1 53
227 12 2 51
227 12 5 58
227 12 9 57
227 12 11 58
227 12 12 54
227 12 13 57
227 12 14 49
227 14 1 55
227 14 4 53
227 14 7 60
227 14 9 59
227 14 10 60
227 14 11 56
227 14 12 59
227 14 14 51
228 1 4 69
228 1 5 73
228 1 6 75
228 1 7 68
228 1 9 75
228 1 10 72
228 1 13 79
228 1 14 78
228 2 0 73
228 2 1 77
228 2 3 79
228 2 4 72
228 2 6 79
228 2 8 76
228 2 9 83
228 2 12 82
228 6 0 75
228 6 3 79
228 6 7 81
228 6 8 74
228 6 9 81
228 6 10 78
228 6 11 85
228 6 13 84
228 11 0 68
228 11 1 72
228 11 3 74
228 11 6 67
228 11 9 74
228 11 10 71
228 11 12 78
228 11 13 77
229 2 0 70
229 2 1 70
229 2 3 63
229 2 4 68
229 2 6 67
229 2 8 69
229 2 9 66
229 2 12 60
229 7 0 67
229 7 4 71
229 7 6 73
229 7 9 66
229 7 10 73
229 7 11 70
229 7 12 77
229 7 13 76
229 10 0 69
229 10 1 73
229 10 2 75
229 10 3 68
229 10 4 75
229 10 5 72
229 10 10 79
229 10 14 78
229 11 0 69
229 11 1 69
229 11 3 62
229 11 6 67
229 11 9 66
229 11 10 68
229 11 12 65
229 11 13 59
230 0 2 97
230 0 4 99
230 0 5 112
230 0 7 97
230 0 8 108
230 0 9 98
230 0 13 107
230 0 14 101
230 4 0 96
230 4 1 86
230 4 5 89
230 4 6 84
230 4 8 85
230 4 9 85
230 4 13 96
230 4 14 96
230 6 0 99
230 6 3 89
230 6 7 92
230 6 8 87
230 6 9 88
230 6 10 88
230 6 11 99
230 6 13 99
230 7 0 96
230 7 4 89
230 7 6 94
230 7 9 83
230 7 10 86
230 7 11 86
230 7 12 97
230 7 13 91
231 1 4 29
231 1 5 31
231 1 6 32
231 1 7 28
231 1 9 32
231 1 10 30
231 1 13 34
231 1 14 33
231 9 1 31
231 9 2 33
231 9 3 34
231 9 7 30
231 9 8 34
231 9 9 32
231 9 10 36
231 9 12 35
231 11 0 32
231 11 1 34
231 11 3 35
231 11 6 31
231 11 9 35
231 11 10 33
231 11 12 37
231 11 13 36
231 12 1 30
231 12 2 30
231 12 5 30
231 12 9 28
231 12 11 27
231 12 12 29
231 12 13 33
231 12 14 27
231 13 2 32
231 13 4 34
231 13 7 35
231 13 8 31
231 13 9 35
231 13 10 33
231 13 12 37
231 13 14 36
232 6 0 30
232 6 3 30
232 6 7 30
232 6 8 28
232 6 9 27
232 6 10 29
232 6 11 33
232 6 13 27
232 7 0 30
232 7 4 32
232 7 6 33
232 7 9 29
232 7 10 33
232 7 11 31
232 7 12 35
232 7 13 34
232 11 0 31
232 11 1 33
232 11 3 34
232 11 6 30
232 11 9 34
232 11 10 32
232 11 12 36
232 11 13 35
233 0 2 12
233 0 4 13
233 0 5 13
233 0 7 11
233 0 8 13
233 0 9 12
233 0 13 14
233 0 14 14
233 3 0 13
233 3 1 14
233 3 6 14
233 3 8 12
233 3 9 14
233 3 10 13
233 3 13 15
233 3 14 15
233 4 0 13
233 4 1 14
233 4 5 14
233 4 6 12
233 4 8 14
233 4 9 13
233 4 13 15
233 4 14 15
233 8 1 11
233 8 3 12
233 8 5 12
233 8 8 10
233 8 9 12
233 8 10 11
233 8 12 13
233 8 14 13
233 12 1 13
233 12 2 14
233 12 5 14
233 12 9 12
233 12 11 14
233 12 12 13
233 12 13 15
233 12 14 15
234 1 4 19
234 1 5 23
234 1 6 24
234 1 7 23
234 1 9 24
234 1 10 20
234 1 13 23
234 1 14 21
234 2 0 23
234 2 1 27
234 2 3 28
234 2 4 27
234 2 6 28
234 2 8 24
234 2 9 27
234 2 12 25
234 4 0 24
234 4 1 28
234 4 5 29
234 4 6 28
234 4 8 29
234 4 9 25
234 4 13 28
234 4 14 26
234 5 0 23
234 5 1 27
234 5 2 28
234 5 3 27
234 5 4 28
234 5 5 24
234 5 13 27
234 5 14 25
234 7 0 24
234 7 4 28
234 7 6 29
234 7 9 28
234 7 10 29
234 7 11 25
234 7 12 28
234 7 13 26
235 1 4 52
235 1 5 50
235 1 6 57
235 1 7 56
235 1 9 57
235 1 10 53
235 1 13 56
235 1 14 48
235 2 0 51
235 2 1 53
235 2 3 55
235 2 4 51
235 2 6 51
235 2 8 52
235 2 9 50
235 2 12 55
235 3 0 57
235 3 1 55
235 3 6 62
235 3 8 61
235 3 9 62
235 3 10 58
235 3 13 61
235 3 14 53
235 8 1 56
235 8 3 54
235 8 5 61
235 8 8 60
235 8 9 61
235 8 10 57
235 8 12 60
235 8 14 52
236 0 2 51
236 0 4 49
236 0 5 56
236 0 7 55
236 0 8 56
236 0 9 52
236 0 13 55
236 0 14 47
236 5 0 53
236 5 1 51
236 5 2 58
236 5 3 57
236 5 4 58
236 5 5 54
236 5 13 57
236 5 14 49
236 7 0 55
236 7 4 53
236 7 6 60
236 7 9 59
236 7 10 60
236 7 11 56
236 7 12 59
236 7 13 51
236 8 1 51
236 8 3 49
236 8 5 56
236 8 8 55
236 8 9 56
236 8 10 52
236 8 12 55
236 8 14 47
236 13 2 51
236 13 4 49
236 13 7 56
236 13 8 55
236 13 9 56
236 13 10 52
236 13 12 55
236 13 14 47
237 3 0 72
237 3 1 67
237 3 6 65
237 3 8 70
237 3 9 71
237 3 10 76
237 3 13 67
237 3 14 77
237 6 0 70
237 6 3 74
237 6 7 76
237 6 8 69
237 6 9 76
237 6 10 73
237 6 11 80
237 6 13 79
237 7 0 72
237 7 4 76
237 7 6 78
237 7 9 71
237 7 10 78
237 7 11 75
237 7 12 82
237 7 13 81
238 0 2 40
238 0 4 40
238 0 5 43
238 0 7 38
238 0 8 39
238 0 9 39
238 0 13 40
238 0 14 40
238 2 0 40
238 2 1 40
238 2 3 43
238 2 4 38
238 2 6 39
238 2 8 39
238 2 9 40
238 2 12 40
238 4 0 43
238 4 1 43
238 4 5 46
238 4 6 41
238 4 8 42
238 4 9 42
238 4 13 43
238 4 14 43
238 11 0 37
238 11 1 39
238 11 3 40
238 11 6 36
238 11 9 40
238 11 10 38
238 11 12 42
238 11 13 41
238 13 2 42
238 13 4 40
238 13 7 38
238 13 8 40
238 13 9 41
238 13 10 40
238 13 12 40
238 13 14 41
239 1 4 12
239 1 5 13
239 1 6 13
239 1 7 11
239 1 9 13
239 1 10 12
239 1 13 14
239 1 14 14
239 4 0 13
239 4 1 14
239 4 5 14
239 4 6 12
239 4 8 14
239 4 9 13
239 4 13 15
239 4 14 15
239 6 0 13
239 6 3 14
239 6 7 14
239 6 8 12
239 6 9 14
239 6 10 13
239 6 11 15
239 6 13 15
240 2 0 12
240 2 1 13
240 2 3 13
240 2 4 11
240 2 6 13
240 2 8 12
240 2 9 14
240 2 12 14
240 6 0 13
240 6 3 14
240 6 7 14
240 6 8 12
240 6 9 14
240 6 10 13
240 6 11 15
240 6 13 15
240 7 0 13
240 7 4 14
240 7 6 14
240 7 9 12
240 7 10 14
240 7 11 13
240 7 12 15
240 7 13 15
241 5 0 18
241 5 1 22
241 5 2 23
241 5 3 22
241 5 4 23
241 5 5 19
241 5 13 22
241 5 14 20
241 6 0 22
241 6 3 26
241 6 7 27
241 6 8 26
241 6 9 27
241 6 10 23
241 6 11 26
241 6 13 24
241 11 0 23
241 11 1 27
241 11 3 28
241 11 6 27
241 11 9 28
241 11 10 24
241 11 12 27
241 11 13 25
242 0 2 44
242 0 4 44
242 0 5 47
242 0 7 42
242 0 8 43
242 0 9 43
242 0 13 44
242 0 14 44
242 1 4 44
242 1 5 44
242 1 6 47
242 1 7 42
242 1 9 43
242 1 10 43
242 1 13 44
242 1 14 44
242 4 0 47
242 4 1 47
242 4 5 50
242 4 6 45
242 4 8 46
242 4 9 46
242 4 13 47
242 4 14 47
242 11 0 42
242 11 1 42
242 11 3 45
242 11 6 40
242 11 9 41
242 11 10 41
242 11 12 42
242 11 13 42
242 14 1 43
242 14 4 43
242 14 7 46
242 14 9 41
242 14 10 42
242 14 11 42
242 14 12 43
242 14 14 43
243 8 1 72
243 8 3 67
243 8 5 65
243 8 8 70
243 8 9 71
243 8 10 76
243 8 12 67
243 8 14 77
243 9 1 72
243 9 2 67
243 9 3 65
243 9 7 70
243 9 8 71
243 9 9 76
243 9 10 67
243 9 12 77
243 11 0 66
243 11 1 66
243 11 3 59
243 11 6 64
243 11 9 63
243 11 10 65
243 11 12 62
243 11 13 56
243 13 2 71
243 13 4 71
243 13 7 64
243 13 8 69
243 13 9 68
243 13 10 70
243 13 12 67
243 13 14 61
243 14 1 70
243 14 4 70
243 14 7 63
243 14 9 68
243 14 10 67
243 14 11 69
243 14 12 66
243 14 14 60
244 2 0 101
244 2 1 91
244 2 3 94
244 2 4 89
244 2 6 90
244 2 8 90
244 2 9 101
244 2 12 101
244 8 1 84
244 8 3 82
244 8 5 89
244 8 8 82
244 8 9 83
244 8 10 91
244 8 12 82
244 8 14 92
244 12 1 96
244 12 2 89
244 12 5 94
244 12 9 83
244 12 11 86
244 12 12 86
244 12 13 97
244 12 14 91
245 0 2 18
245 0 4 22
245 0 5 23
245 0 7 22
245 0 8 23
245 0 9 19
245 0 13 22
245 0 14 20
245 4 0 22
245 4 1 26
245 4 5 27
245 4 6 26
245 4 8 27
245 4 9 23
245 4 13 26
245 4 14 24
245 6 0 23
245 6 3 27
245 6 7 28
245 6 8 27
245 6 9 28
245 6 10 24
245 6 11 27
245 6 13 25
246 1 4 79
246 1 5 77
246 1 6 84
246 1 7 77
246 1 9 78
246 1 10 86
246 1 13 77
246 1 14 87
246 9 1 80
246 9 2 80
246 9 3 84
246 9 7 78
246 9 8 76
246 9 9 73
246 9 10 87
246 9 12 86
246 13 2 84
246 13 4 82
246 13 7 89
246 13 8 82
246 13 9 83
246 13 10 91
246 13 12 82
246 13 14 92
247 0 2 32
247 0 4 34
247 0 5 35
247 0 7 31
247 0 8 35
247 0 9 33
247 0 13 37
247 0 14 36
247 2 0 34
247 2 1 36
247 2 3 37
247 2 4 33
247 2 6 37
247 2 8 35
247 2 9 39
247 2 12 38
247 5 0 35
247 5 1 37
247 5 2 38
247 5 3 34
247 5 4 38
247 5 5 36
247 5 13 40
247 5 14 39
247 14 1 31
247 14 4 33
247 14 7 34
247 14 9 30
247 14 10 34
247 14 11 32
247 14 12 36
247 14 14 35
248 5 0 58
248 5 1 56
248 5 2 63
248 5 3 62
248 5 4 63
248 5 5 59
248 5 13 62
248 5 14 54
248 7 0 56
248 7 4 54
248 7 6 61
248 7 9 60
248 7 10 61
248 7 11 57
248 7 12 60
248 7 13 52
248 10 0 66
248 10 1 66
248 10 2 59
248 10 3 64
248 10 4 63
248 10 5 65
248 10 10 62
248 10 14 56
248 13 2 65
248 13 4 65
248 13 7 58
248 13 8 63
248 13 9 62
248 13 10 64
248 13 12 61
248 13 14 55
249 0 2 80
249 0 4 80
249 0 5 84
249 0 7 78
249 0 8 76
249 0 9 73
249 0 13 87
249 0 14 86
249 1 4 74
249 1 5 78
249 1 6 80
249 1 7 73
249 1 9 80
249 1 10 77
249 1 13 84
249 1 14 83
249 3 0 82
249 3 1 80
249 3 6 87
249 3 8 80
249 3 9 81
249 3 10 89
249 3 13 80
249 3 14 90
249 10 0 74
249 10 1 78
249 10 2 80
249 10 3 73
249 10 4 80
249 10 5 77
249 10 10 84
249 10 14 83
250 5 0 15
250 5 1 16
250 5 2 16
250 5 3 14
250 5 4 16
250 5 5 15
250 5 13 17
250 5 14 17
250 6 0 16
250 6 3 17
250 6 7 17
250 6 8 15
250 6 9 17
250 6 10 16
250 6 11 18
250 6 13 18
250 10 0 16
250 10 1 17
250 10 2 17
250 10 3 15
250 10 4 17
250 10 5 16
250 10 10 18
250 10 14 18
250 11 0 14
250 11 1 15
250 11 3 15
250 11 6 13
250 11 9 15
250 11 10 14
250 11 12 16
250 11 13 16
251 0 2 32
251 0 4 34
251 0 5 35
251 0 7 31
251 0 8 35
251 0 9 33
251 0 13 37
251 0 14 36
251 7 0 34
251 7 4 36
251 7 6 37
251 7 9 33
251 7 10 37
251 7 11 35
251 7 12 39
251 7 13 38
251 10 0 35
251 10 1 37
251 10 2 38
251 10 3 34
251 10 4 38
251 10 5 36
251 10 10 40
251 10 14 39
251 13 2 31
251 13 4 33
251 13 7 34
251 13 8 30
251 13 9 34
251 13 10 32
251 13 12 36
251 13 14 35
251 14 1 35
251 14 4 37
251 14 7 38
251 14 9 34
251 14 10 38
251 14 11 36
251 14 12 40
251 14 14 39
252 0 2 42
252 0 4 42
252 0 5 45
252 0 7 40
252 0 8 41
252 0 9 41
252 0 13 42
252 0 14 42
252 9 1 42
252 9 2 42
252 9 3 45
252 9 7 40
252 9 8 41
252 9 9 41
252 9 10 42
252 9 12 42
252 13 2 45
252 13 4 45
252 13 7 48
252 13 8 43
252 13 9 44
252 13 10 44
252 13 12 45
252 13 14 45
253 0 2 42
253 0 4 40
253 0 5 38
253 0 7 40
253 0 8 41
253 0 9 40
253 0 13 40
253 0 14 41
253 2 0 42
253 2 1 40
253 2 3 38
253 2 4 40
253 2 6 41
253 2 8 40
253 2 9 40
253 2 12 41
253 12 1 42
253 12 2 42
253 12 5 45
253 12 9 40
253 12 11 41
253 12 12 41
253 12 13 42
253 12 14 42
254 2 0 32
254 2 1 34
254 2 3 35
254 2 4 31
254 2 6 35
254 2 8 33
254 2 9 37
254 2 12 36
254 5 0 34
254 5 1 36
254 5 2 37
254 5 3 33
254 5 4 37
254 5 5 35
254 5 13 39
254 5 14 38
254 10 0 35
254 10 1 37
254 10 2 38
254 10 3 34
254 10 4 38
254 10 5 36
254 10 10 40
254 10 14 39
254 14 1 31
254 14 4 33
254 14 7 34
254 14 9 30
254 14 10 34
254 14 11 32
254 14 12 36
254 14 14 35
255 6 0 103
255 6 3 93
255 6 7 96
255 6 8 91
255 6 9 92
255 6 10 92
255 6 11 103
255 6 13 103
255 9 1 86
255 9 2 84
255 9 3 91
255 9 7 84
255 9 8 85
255 9 9 93
255 9 10 84
255 9 12 94
255 11 0 96
255 11 1 86
255 11 3 89
255 11 6 84
255 11 9 85
255 11 10 85
255 11 12 96
255 11 13 96
256 0 2 44
256 0 4 44
256 0 5 47
256 0 7 42
256 0 8 43
256 0 9 43
256 0 13 44
256 0 14 44
256 4 0 44
256 4 1 44
256 4 5 47
256 4 6 42
256 4 8 43
256 4 9 43
256 4 13 44
256 4 14 44
256 9 1 47
256 9 2 47
256 9 3 50
256 9 7 45
256 9 8 46
256 9 9 46
256 9 10 47
256 9 12 47
256 12 1 42
256 12 2 42
256 12 5 45
256 12 9 40
256 12 11 41
256 12 12 41
256 12 13 42
256 12 14 42
256 13 2 43
256 13 4 43
256 13 7 46
256 13 8 41
256 13 9 42
256 13 10 42
256 13 12 43
256 13 14 43
257 1 4 21
257 1 5 25
257 1 6 26
257 1 7 25
257 1 9 26
257 1 10 22
257 1 13 25
257 1 14 23
257 2 0 25
257 2 1 29
257 2 3 30
257 2 4 29
257 2 6 30
257 2 8 26
257 2 9 29
257 2 12 27
257 3 0 26
257 3 1 30
257 3 6 31
257 3 8 30
257 3 9 31
257 3 10 27
257 3 13 30
257 3 14 28
257 5 0 25
257 5 1 29
257 5 2 30
257 5 3 29
257 5 4 30
257 5 5 26
257 5 13 29
257 5 14 27
257 9 1 26
257 9 2 30
257 9 3 31
257 9 7 30
257 9 8 31
257 9 9 27
257 9 10 30
257 9 12 28
258 1 4 80
258 1 5 78
258 1 6 85
258 1 7 78
258 1 9 79
258 1 10 87
258 1 13 78
258 1 14 88
258 9 1 78
258 9 2 76
258 9 3 83
258 9 7 76
258 9 8 77
258 9 9 85
258 9 10 76
258 9 12 86
258 11 0 85
258 11 1 83
258 11 3 90
258 11 6 83
258 11 9 84
258 11 10 92
258 11 12 83
258 11 13 93
259 1 4 96
259 1 5 98
259 1 6 111
259 1 7 96
259 1 9 107
259 1 10 97
259 1 13 106
259 1 14 100
259 10 0 95
259 10 1 85
259 10 2 88
259 10 3 83
259 10 4 84
259 10 5 84
259 10 10 95
259 10 14 95
259 11 0 98
259 11 1 88
259 11 3 91
259 11 6 86
259 11 9 87
259 11 10 87
259 11 12 98
259 11 13 98
259 12 1 86
259 12 2 84
259 12 5 91
259 12 9 84
259 12 11 85
259 12 12 93
259 12 13 84
259 12 14 94
259 13 2 96
259 13 4 89
259 13 7 94
259 13 8 83
259 13 9 86
259 13 10 86
259 13 12 97
259 13 14 91
260 0 2 42
260 0 4 40
260 0 5 38
260 0 7 40
260 0 8 41
260 0 9 40
260 0 13 40
260 0 14 41
260 2 0 42
260 2 1 40
260 2 3 38
260 2 4 40
260 2 6 41
260 2 8 40
260 2 9 40
260 2 12 41
260 10 0 42
260 10 1 42
260 10 2 45
260 10 3 40
260 10 4 41
260 10 5 41
260 10 10 42
260 10 14 42
260 11 0 36
260 11 1 38
260 11 3 39
260 11 6 35
260 11 9 39
260 11 10 37
260 11 12 41
260 11 13 40
260 12 1 37
260 12 2 39
260 12 5 40
260 12 9 36
260 12 11 40
260 12 12 38
260 12 13 42
260 12 14 41
261 5 0 80
261 5 1 80
261 5 2 84
261 5 3 78
261 5 4 76
261 5 5 73
261 5 13 87
261 5 14 86
261 7 0 74
261 7 4 78
261 7 6 80
261 7 9 73
261 7 10 80
261 7 11 77
261 7 12 84
261 7 13 83
261 8 1 82
261 8 3 80
261 8 5 87
261 8 8 80
261 8 9 81
261 8 10 89
261 8 12 80
261 8 14 90
262 4 0 30
262 4 1 32
262 4 5 33
262 4 6 29
262 4 8 33
262 4 9 31
262 4 13 35
262 4 14 34
262 5 0 32
262 5 1 34
262 5 2 35
262 5 3 31
262 5 4 35
262 5 5 33
262 5 13 37
262 5 14 36
262 12 1 33
262 12 2 35
262 12 5 36
262 12 9 32
262 12 11 36
262 12 12 34
262 12 13 38
262 12 14 37
262 13 2 29
262 13 4 31
262 13 7 32
262 13 8 28
262 13 9 32
262 13 10 30
262 13 12 34
262 13 14 33
263 1 4 41
263 1 5 41
263 1 6 44
263 1 7 39
263 1 9 40
263 1 10 40
263 1 13 41
263 1 14 41
263 2 0 41
263 2 1 41
263 2 3 44
263 2 4 39
263 2 6 40
263 2 8 40
263 2 9 41
263 2 12 41
263 10 0 44
263 10 1 44
263 10 2 47
263 10 3 42
263 10 4 43
263 10 5 43
263 10 10 44
263 10 14 44
263 14 1 42
263 14 4 40
263 14 7 38
263 14 9 40
263 14 10 41
263 14 11 40
263 14 12 40
263 14 14 41
264 0 2 71
264 0 4 71
264 0 5 64
264 0 7 69
264 0 8 68
264 0 9 70
264 0 13 67
264 0 14 61
264 2 0 68
264 2 1 72
264 2 3 74
264 2 4 67
264 2 6 74
264 2 8 71
264 2 9 78
264 2 12 77
264 4 0 70
264 4 1 74
264 4 5 76
264 4 6 69
264 4 8 76
264 4 9 73
264 4 13 80
264 4 14 79
264 10 0 70
264 10 1 70
264 10 2 63
264 10 3 68
264 10 4 67
264 10 5 69
264 10 10 66
264 10 14 60
264 11 0 70
264 11 1 74
264 11 3 76
264 11 6 69
264 11 9 76
264 11 10 73
264 11 12 80
264 11 13 79
265 11 0 98
265 11 1 100
265 11 3 113
265 11 6 98
265 11 9 109
265 11 10 99
265 11 12 108
265 11 13 102
265 13 2 97
265 13 4 87
265 13 7 90
265 13 8 85
265 13 9 86
265 13 10 86
265 13 12 97
265 13 14 97
265 14 1 100
265 14 4 90
265 14 7 93
265 14 9 88
265 14 10 89
265 14 11 89
265 14 12 100
265 14 14 100
266 1 4 55
266 1 5 53
266 1 6 60
266 1 7 59
266 1 9 60
266 1 10 56
266 1 13 59
266 1 14 51
266 2 0 53
266 2 1 51
266 2 3 58
266 2 4 57
266 2 6 58
266 2 8 54
266 2 9 57
266 2 12 49
266 6 0 62
266 6 3 55
266 6 7 64
266 6 8 57
266 6 9 61
266 6 10 57
266 6 11 64
266 6 13 54
266 10 0 59
266 10 1 57
266 10 2 64
266 10 3 63
266 10 4 64
266 10 5 60
266 10 10 63
266 10 14 55
266 13 2 62
266 13 4 55
266 13 7 64
266 13 8 57
266 13 9 61
266 13 10 57
266 13 12 64
266 13 14 54
267 7 0 79
267 7 4 77
267 7 6 84
267 7 9 77
267 7 10 78
267 7 11 86
267 7 12 77
267 7 13 87
267 8 1 80
267 8 3 80
267 8 5 84
267 8 8 78
267 8 9 76
267 8 10 73
267 8 12 87
267 8 14 86
267 9 1 84
267 9 2 82
267 9 3 89
267 9 7 82
267 9 8 83
267 9 9 91
267 9 10 82
267 9 12 92
267 10 0 80
267 10 1 80
267 10 2 84
267 10 3 78
267 10 4 76
267 10 5 73
267 10 10 87
267 10 14 86
267 13 2 78
267 13 4 76
267 13 7 83
267 13 8 76
267 13 9 77
267 13 10 85
267 13 12 76
267 13 14 86
268 4 0 72
268 4 1 72
268 4 5 65
268 4 6 70
268 4 8 69
268 4 9 71
268 4 13 68
268 4 14 62
268 6 0 69
268 6 3 73
268 6 7 75
268 6 8 68
268 6 9 75
268 6 10 72
268 6 11 79
268 6 13 78
268 7 0 71
268 7 4 75
268 7 6 77
268 7 9 70
268 7 10 77
268 7 11 74
268 7 12 81
268 7 13 80
268 14 1 71
268 14 4 71
268 14 7 64
268 14 9 69
268 14 10 68
268 14 11 70
268 14 12 67
268 14 14 61
269 4 0 97
269 4 1 99
269 4 5 112
269 4 6 97
269 4 8 108
269 4 9 98
269 4 13 107
269 4 14 101
269 6 0 96
269 6 3 86
269 6 7 89
269 6 8 84
269 6 9 85
269 6 10 85
269 6 11 96
269 6 13 96
269 9 1 99
269 9 2 89
269 9 3 92
269 9 7 87
269 9 8 88
269 9 9 88
269 9 10 99
269 9 12 99
269 10 0 96
269 10 1 89
269 10 2 94
269 10 3 83
269 10 4 86
269 10 5 86
269 10 10 97
269 10 14 91
269 14 1 95
269 14 4 85
269 14 7 88
269 14 9 83
269 14 10 84
269 14 11 84
269 14 12 95
269 14 14 95
270 0 2 26
270 0 4 30
270 0 5 31
270 0 7 30
270 0 8 31
270 0 9 27
270 0 13 30
270 0 14 28
270 7 0 29
270 7 4 31
270 7 6 32
270 7 9 28
270 7 10 32
270 7 11 30
270 7 12 34
270 7 13 33
270 10 0 30
270 10 1 32
270 10 2 33
270 10 3 29
270 10 4 33
270 10 5 31
270 10 10 35
270 10 14 34
270 14 1 25
270 14 4 29
270 14 7 30
270 14 9 29
270 14 10 30
270 14 11 26
270 14 12 29
270 14 14 27
271 0 2 30
271 0 4 32
271 0 5 33
271 0 7 29
271 0 8 33
271 0 9 31
271 0 13 35
271 0 14 34
271 6 0 32
271 6 3 34
271 6 7 35
271 6 8 31
271 6 9 35
271 6 10 33
271 6 11 37
271 6 13 36
271 8 1 33
271 8 3 35
271 8 5 36
271 8 8 32
271 8 9 36
271 8 10 34
271 8 12 38
271 8 14 37
272 4 0 70
272 4 1 70
272 4 5 63
272 4 6 68
272 4 8 67
272 4 9 69
272 4 13 66
272 4 14 60
272 7 0 70
272 7 4 70
272 7 6 63
272 7 9 68
272 7 10 67
272 7 11 69
272 7 12 66
272 7 13 60
272 13 2 62
272 13 4 55
272 13 7 64
272 13 8 57
272 13 9 61
272 13 10 57
272 13 12 64
272 13 14 54
273 1 4 96
273 1 5 98
273 1 6 111
273 1 7 96
273 1 9 107
273 1 10 97
273 1 13 106
273 1 14 100
273 10 0 95
273 10 1 85
273 10 2 88
273 10 3 83
273 10 4 84
273 10 5 84
273 10 10 95
273 10 14 95
273 11 0 98
273 11 1 88
273 11 3 91
273 11 6 86
273 11 9 87
273 11 10 87
273 11 12 98
273 11 13 98
274 0 2 11
274 0 4 12
274 0 5 12
274 0 7 10
274 0 8 12
274 0 9 11
274 0 13 13
274 0 14 13
274 5 0 12
274 5 1 13
274 5 2 13
274 5 3 11
274 5 4 13
274 5 5 12
274 5 13 14
274 5 14 14
274 12 1 12
274 12 2 13
274 12 5 13
274 12 9 11
274 12 11 13
274 12 12 12
274 12 13 14
274 12 14 14
275 2 0 68
275 2 1 72
275 2 3 74
275 2 4 67
275 2 6 74
275 2 8 71
275 2 9 78
275 2 12 77
275 3 0 68
275 3 1 72
275 3 6 74
275 3 8 67
275 3 9 74
275 3 10 71
275 3 13 78
275 3 14 77
275 8 1 68
275 8 3 68
275 8 5 61
275 8 8 66
275 8 9 65
275 8 10 67
275 8 12 64
275 8 14 58
275 14 1 72
275 14 4 67
275 14 7 65
275 14 9 70
275 14 10 71
275 14 11 76
275 14 12 67
275 14 14 77
276 2 0 80
276 2 1 78
276 2 3 85
276 2 4 78
276 2 6 79
276 2 8 87
276 2 9 78
276 2 12 88
276 5 0 78
276 5 1 76
276 5 2 83
276 5 3 76
276 5 4 77
276 5 5 85
276 5 13 76
276 5 14 86
276 7 0 85
276 7 4 83
276 7 6 90
276 7 9 83
276 7 10 84
276 7 11 92
276 7 12 83
276 7 13 93
277 5 0 67
277 5 1 67
277 5 2 60
277 5 3 65
277 5 4 64
277 5 5 66
277 5 13 63
277 5 14 57
277 7 0 67
277 7 4 67
277 7 6 60
277 7 9 65
277 7 10 64
277 7 11 66
277 7 12 63
277 7 13 57
277 12 1 57
277 12 2 55
277 12 5 62
277 12 9 61
277 12 11 62
277 12 12 58
277 12 13 61
277 12 14 53
278 0 2 14
278 0 4 15
278 0 5 15
278 0 7 13
278 0 8 15
278 0 9 14
278 0 13 16
278 0 14 16
278 1 4 15
278 1 5 16
278 1 6 16
278 1 7 14
278 1 9 16
278 1 10 15
278 1 13 17
278 1 14 17
278 2 0 15
278 2 1 16
278 2 3 16
278 2 4 14
278 2 6 16
278 2 8 15
278 2 9 17
278 2 12 17
278 7 0 13
278 7 4 14
278 7 6 14
278 7 9 12
278 7 10 14
278 7 11 13
278 7 12 15
278 7 13 15
278 11 0 15
278 11 1 16
278 11 3 16
278 11 6 14
278 11 9 16
278 11 10 15
278 11 12 17
278 11 13 17
279 3 0 35
279 3 1 37
279 3 6 38
279 3 8 34
279 3 9 38
279 3 10 36
279 3 13 40
279 3 14 39
279 8 1 37
279 8 3 39
279 8 5 40
279 8 8 36
279 8 9 40
279 8 10 38
279 8 12 42
279 8 14 41
279 11 0 42
279 11 1 40
279 11 3 38
279 11 6 40
279 11 9 41
279 11 10 40
279 11 12 40
279 11 13 41
280 1 4 68
280 1 5 68
280 1 6 61
280 1 7 66
280 1 9 65
280 1 10 67
280 1 13 64
280 1 14 58
280 10 0 68
280 10 1 68
280 10 2 61
280 10 3 66
280 10 4 65
280 10 5 67
280 10 10 64
280 10 14 58
280 11 0 58
280 11 1 56
280 11 3 63
280 11 6 62
280 11 9 63
280 11 10 59
280 11 12 62
280 11 13 54
281 0 2 67
281 0 4 71
281 0 5 73
281 0 7 66
281 0 8 73
281 0 9 70
281 0 13 77
281 0 14 76
281 1 4 67
281 1 5 71
281 1 6 73
281 1 7 66
281 1 9 73
281 1 10 70
281 1 13 77
281 1 14 76
281 6 0 67
281 6 3 67
281 6 7 60
281 6 8 65
281 6 9 64
281 6 10 66
281 6 11 63
281 6 13 57
281 7 0 72
281 7 4 72
281 7 6 65
281 7 9 70
281 7 10 69
281 7 11 71
281 7 12 68
281 7 13 62
281 14 1 71
281 14 4 71
281 14 7 64
281 14 9 69
281 14 10 68
281 14 11 70
281 14 12 67
281 14 14 61
282 3 0 22
282 3 1 26
282 3 6 27
282 3 8 26
282 3 9 27
282 3 10 23
282 3 13 26
282 3 14 24
282 5 0 26
282 5 1 30
282 5 2 31
282 5 3 30
282 5 4 31
282 5 5 27
282 5 13 30
282 5 14 28
282 7 0 30
282 7 4 30
282 7 6 30
282 7 9 28
282 7 10 27
282 7 11 29
282 7 12 33
282 7 13 27
282 10 0 26
282 10 1 30
282 10 2 31
282 10 3 30
282 10 4 31
282 10 5 27
282 10 10 30
282 10 14 28
282 14 1 30
282 14 4 30
282 14 7 30
282 14 9 28
282 14 10 27
282 14 11 29
282 14 12 33
282 14 14 27
283 1 4 80
283 1 5 80
283 1 6 84
283 1 7 78
283 1 9 76
283 1 10 73
283 1 13 87
283 1 14 86
283 5 0 80
283 5 1 80
283 5 2 84
283 5 3 78
283 5 4 76
283 5 5 73
283 5 13 87
283 5 14 86
283 7 0 81
283 7 4 79
283 7 6 86
283 7 9 79
283 7 10 80
283 7 11 88
283 7 12 79
283 7 13 89
284 5 0 16
284 5 1 17
284 5 2 17
284 5 3 15
284 5 4 17
284 5 5 16
284 5 13 18
284 5 14 18
284 6 0 17
284 6 3 18
284 6 7 18
284 6 8 16
284 6 9 18
284 6 10 17
284 6 11 19
284 6 13 19
284 7 0 17
284 7 4 18
284 7 6 18
284 7 9 16
284 7 10 18
284 7 11 17
284 7 12 19
284 7 13 19
284 9 1 15
284 9 2 16
284 9 3 16
284 9 7 14
284 9 8 16
284 9 9 15
284 9 10 17
284 9 12 17
284 12 1 17
284 12 2 18
284 12 5 18
284 12 9 16
284 12 11 18
284 12 12 17
284 12 13 19
284 12 14 19
285 3 0 103
285 3 1 93
285 3 6 96
285 3 8 91
285 3 9 92
285 3 10 92
285 3 13 103
285 3 14 103
285 10 0 86
285 10 1 84
285 10 2 91
285 10 3 84
285 10 4 85
285 10 5 93
285 10 10 84
285 10 14 94
285 12 1 96
285 12 2 86
285 12 5 89
285 12 9 84
285 12 11 85
285 12 12 85
285 12 13 96
285 12 14 96
286 0 2 71
286 0 4 71
286 0 5 64
286 0 7 69
286 0 8 68
286 0 9 70
286 0 13 67
286 0 14 61
286 2 0 68
286 2 1 72
286 2 3 74
286 2 4 67
286 2 6 74
286 2 8 71
286 2 9 78
286 2 12 77
286 4 0 70
286 4 1 74
286 4 5 76
286 4 6 69
286 4 8 76
286 4 9 73
286 4 13 80
286 4 14 79
286 10 0 70
286 10 1 70
286 10 2 63
286 10 3 68
286 10 4 67
286 10 5 69
286 10 10 66
286 10 14 60
287 2 0 35
287 2 1 37
287 2 3 38
287 2 4 34
287 2 6 38
287 2 8 36
287 2 9 40
287 2 12 39
287 3 0 37
287 3 1 39
287 3 6 40
287 3 8 36
287 3 9 40
287 3 10 38
287 3 13 42
287 3 14 41
287 5 0 42
287 5 1 40
287 5 2 38
287 5 3 40
287 5 4 41
287 5 5 40
287 5 13 40
287 5 14 41
287 13 2 34
287 13 4 36
287 13 7 37
287 13 8 33
287 13 9 37
287 13 10 35
287 13 12 39
287 13 14 38
288 1 4 33
288 1 5 35
288 1 6 36
288 1 7 32
288 1 9 36
288 1 10 34
288 1 13 38
288 1 14 37
288 2 0 35
288 2 1 37
288 2 3 38
288 2 4 34
288 2 6 38
288 2 8 36
288 2 9 40
288 2 12 39
288 10 0 36
288 10 1 38
288 10 2 39
288 10 3 35
288 10 4 39
288 10 5 37
288 10 10 41
288 10 14 40
288 11 0 32
288 11 1 34
288 11 3 35
288 11 6 31
288 11 9 35
288 11 10 33
288 11 12 37
288 11 13 36
289 5 0 29
289 5 1 31
289 5 2 32
289 5 3 28
289 5 4 32
289 5 5 30
289 5 13 34
289 5 14 33
289 6 0 31
289 6 3 33
289 6 7 34
289 6 8 30
289 6 9 34
289 6 10 32
289 6 11 36
289 6 13 35
289 7 0 32
289 7 4 34
289 7 6 35
289 7 9 31
289 7 10 35
289 7 11 33
289 7 12 37
289 7 13 36
289 13 2 30
289 13 4 30
289 13 7 30
289 13 8 28
289 13 9 27
289 13 10 29
289 13 12 33
289 13 14 27
290 6 0 54
290 6 3 52
290 6 7 59
290 6 8 58
290 6 9 59
290 6 10 55
290 6 11 58
290 6 13 50
290 7 0 52
290 7 4 50
290 7 6 57
290 7 9 56
290 7 10 57
290 7 11 53
290 7 12 56
290 7 13 48
290 11 0 59
290 11 1 57
290 11 3 64
290 11 6 63
290 11 9 64
290 11 10 60
290 11 12 63
290 11 13 55
291 0 2 35
291 0 4 37
291 0 5 38
291 0 7 34
291 0 8 38
291 0 9 36
291 0 13 40
291 0 14 39
291 1 4 37
291 1 5 39
291 1 6 40
291 1 7 36
291 1 9 40
291 1 10 38
291 1 13 42
291 1 14 41
291 4 0 42
291 4 1 40
291 4 5 38
291 4 6 40
291 4 8 41
291 4 9 40
291 4 13 40
291 4 14 41
291 7 0 34
291 7 4 36
291 7 6 37
291 7 9 33
291 7 10 37
291 7 11 35
291 7 12 39
291 7 13 38
291 13 2 42
291 13 4 40
291 13 7 38
291 13 8 40
291 13 9 41
291 13 10 40
291 13 12 40
291 13 14 41
292 2 0 41
292 2 1 41
292 2 3 44
292 2 4 39
292 2 6 40
292 2 8 40
292 2 9 41
292 2 12 41
292 6 0 42
292 6 3 40
292 6 7 38
292 6 8 40
292 6 9 41
292 6 10 40
292 6 11 40
292 6 13 41
292 8 1 36
292 8 3 38
292 8 5 39
292 8 8 35
292 8 9 39
292 8 10 37
292 8 12 41
292 8 14 40
293 3 0 100
293 3 1 90
293 3 6 93
293 3 8 88
293 3 9 89
293 3 10 89
293 3 13 100
293 3 14 100
293 4 0 83
293 4 1 81
293 4 5 88
293 4 6 81
293 4 8 82
293 4 9 90
293 4 13 81
293 4 14 91
293 7 0 86
293 7 4 84
293 7 6 91
293 7 9 84
293 7 10 85
293 7 11 93
293 7 12 84
293 7 13 94
294 1 4 69
294 1 5 69
294 1 6 62
294 1 7 67
294 1 9 66
294 1 10 68
294 1 13 65
294 1 14 59
294 8 1 69
294 8 3 69
294 8 5 62
294 8 8 67
294 8 9 66
294 8 10 68
294 8 12 65
294 8 14 59
294 11 0 59
294 11 1 57
294 11 3 64
294 11 6 63
294 11 9 64
294 11 10 60
294 11 12 63
294 11 13 55
294 13 2 67
294 13 4 67
294 13 7 60
294 13 8 65
294 13 9 64
294 13 10 66
294 13 12 63
294 13 14 57
295 1 4 17
295 1 5 18
295 1 6 18
295 1 7 16
295 1 9 18
295 1 10 17
295 1 13 19
295 1 14 19
295 4 0 19
295 4 1 23
295 4 5 24
295 4 6 23
295 4 8 24
295 4 9 20
295 4 13 23
295 4 14 21
295 12 1 20
295 12 2 24
295 12 5 25
295 12 9 24
295 12 11 25
295 12 12 21
295 12 13 24
295 12 14 22
295 14 1 19
295 14 4 23
295 14 7 24
295 14 9 23
295 14 10 24
295 14 11 20
295 14 12 23
295 14 14 21
296 3 0 72
296 3 1 72
296 3 6 65
296 3 8 70
296 3 9 69
296 3 10 71
296 3 13 68
296 3 14 62
296 5 0 72
296 5 1 72
296 5 2 65
296 5 3 70
296 5 4 69
296 5 5 71
296 5 13 68
296 5 14 62
296 7 0 65
296 7 4 65
296 7 6 58
296 7 9 63
296 7 10 62
296 7 11 64
296 7 12 61
296 7 13 55
296 8 1 70
296 8 3 70
296 8 5 63
296 8 8 68
296 8 9 67
296 8 10 69
296 8 12 66
296 8 14 60
297 2 0 98
297 2 1 100
297 2 3 113
297 2 4 98
297 2 6 109
297 2 8 99
297 2 9 108
297 2 12 102
297 9 1 97
297 9 2 87
297 9 3 90
297 9 7 85
297 9 8 86
297 9 9 86
297 9 10 97
297 9 12 97
297 12 1 100
297 12 2 90
297 12 5 93
297 12 9 88
297 12 11 89
297 12 12 89
297 12 13 100
297 12 14 100
298 0 2 79
298 0 4 77
298 0 5 84
298 0 7 77
298 0 8 78
298 0 9 86
298 0 13 77
298 0 14 87
298 2 0 80
298 2 1 80
298 2 3 84
298 2 4 78
298 2 6 76
298 2 8 73
298 2 9 87
298 2 12 86
298 7 0 84
298 7 4 82
298 7 6 89
298 7 9 82
298 7 10 83
298 7 11 91
298 7 12 82
298 7 13 92
298 9 1 80
298 9 2 80
298 9 3 84
298 9 7 78
298 9 8 76
298 9 9 73
298 9 10 87
298 9 12 86
298 10 0 78
298 10 1 76
298 10 2 83
298 10 3 76
298 10 4 77
298 10 5 85
298 10 10 76
298 10 14 86
299 3 0 72
299 3 1 72
299 3 6 65
299 3 8 70
299 3 9 69
299 3 10 71
299 3 13 68
299 3 14 62
299 5 0 72
299 5 1 72
299 5 2 65
299 5 3 70
299 5 4 69
299 5 5 71
299 5 13 68
299 5 14 62
299 8 1 65
299 8 3 65
299 8 5 58
299 8 8 63
299 8 9 62
299 8 10 64
299 8 12 61
299 8 14 55
299 9 1 70
299 9 2 70
299 9 3 63
299 9 7 68
299 9 8 67
299 9 9 69
299 9 10 66
299 9 12 60
299 14 1 69
299 14 4 69
299 14 7 62
299 14 9 67
299 14 10 66
299 14 11 68
299 14 12 65
299 14 14 59
300 1 4 17
300 1 5 18
300 1 6 18
300 1 7 16
300 1 9 18
300 1 10 17
300 1 13 19
300 1 14 19
300 7 0 18
300 7 4 19
300 7 6 19
300 7 9 17
300 7 10 19
300 7 11 18
300 7 12 20
300 7 13 20
300 8 1 18
300 8 3 19
300 8 5 19
300 8 8 17
300 8 9 19
300 8 10 18
300 8 12 20
300 8 14 20
300 9 1 16
300 9 2 17
300 9 3 17
300 9 7 15
300 9 8 17
300 9 9 16
300 9 10 18
300 9 12 18
300 13 2 18
300 13 4 19
300 13 7 19
300 13 8 17
300 13 9 19
300 13 10 18
300 13 12 20
300 13 14 20
301 1 4 9
301 1 5 10
301 1 6 11
301 1 7 10
301 1 9 11
301 1 10 10
301 1 13 10
301 1 14 11
301 2 0 10
301 2 1 11
301 2 3 11
301 2 4 9
301 2 6 11
301 2 8 10
301 2 9 12
301 2 12 12
301 6 0 10
301 6 3 11
301 6 7 11
301 6 8 9
301 6 9 11
301 6 10 10
301 6 11 12
301 6 13 12
301 9 1 8
301 9 2 9
301 9 3 9
301 9 7 8
301 9 8 9
301 9 9 8
301 9 10 9
301 9 12 9
301 13 2 10
301 13 4 11
301 13 7 11
301 13 8 9
301 13 9 11
301 13 10 10
301 13 12 12
301 13 14 12
302 2 0 23
302 2 1 27
302 2 3 28
302 2 4 27
302 2 6 28
302 2 8 24
302 2 9 27
302 2 12 25
302 3 0 30
302 3 1 30
302 3 6 30
302 3 8 28
302 3 9 27
302 3 10 29
302 3 13 33
302 3 14 27
302 8 1 29
302 8 3 31
302 8 5 32
302 8 8 28
302 8 9 32
302 8 10 30
302 8 12 34
302 8 14 33
302 9 1 30
302 9 2 30
302 9 3 30
302 9 7 28
302 9 8 27
302 9 9 29
302 9 10 33
302 9 12 27
303 4 0 11
303 4 1 12
303 4 5 12
303 4 6 10
303 4 8 12
303 4 9 11
303 4 13 13
303 4 14 13
303 11 0 12
303 11 1 13
303 11 3 13
303 11 6 11
303 11 9 13
303 11 10 12
303 11 12 14
303 11 13 14
303 12 1 12
303 12 2 13
303 12 5 13
303 12 9 11
303 12 11 13
303 12 12 12
303 12 13 14
303 12 14 14
303 13 2 10
303 13 4 11
303 13 7 11
303 13 8 9
303 13 9 11
303 13 10 10
303 13 12 12
303 13 14 12
303 14 1 12
303 14 4 13
303 14 7 13
303 14 9 11
303 14 10 13
303 14 11 12
303 14 12 14
303 14 14 14
304 0 2 72
304 0 4 72
304 0 5 65
304 0 7 70
304 0 8 69
304 0 9 71
304 0 13 68
304 0 14 62
304 5 0 69
304 5 1 73
304 5 2 75
304 5 3 68
304 5 4 75
304 5 5 72
304 5 13 79
304 5 14 78
304 7 0 71
304 7 4 75
304 7 6 77
304 7 9 70
304 7 10 77
304 7 11 74
304 7 12 81
304 7 13 80
304 14 1 71
304 14 4 71
304 14 7 64
304 14 9 69
304 14 10 68
304 14 11 70
304 14 12 67
304 14 14 61
305 0 2 42
305 0 4 40
305 0 5 38
305 0 7 40
305 0 8 41
305 0 9 40
305 0 13 40
305 0 14 41
305 6 0 42
305 6 3 40
305 6 7 38
305 6 8 40
305 6 9 41
305 6 10 40
305 6 11 40
305 6 13 41
305 10 0 42
305 10 1 42
305 10 2 45
305 10 3 40
305 10 4 41
305 10 5 41
305 10 10 42
305 10 14 42
305 14 1 36
305 14 4 38
305 14 7 39
305 14 9 35
305 14 10 39
305 14 11 37
305 14 12 41
305 14 14 40
306 0 2 75
306 0 4 79
306 0 5 81
306 0 7 74
306 0 8 81
306 0 9 78
306 0 13 85
306 0 14 84
306 7 0 73
306 7 4 77
306 7 6 79
306 7 9 72
306 7 10 79
306 7 11 76
306 7 12 83
306 7 13 82
306 9 1 81
306 9 2 79
306 9 3 86
306 9 7 79
306 9 8 80
306 9 9 88
306 9 10 79
306 9 12 89
307 4 0 22
307 4 1 26
307 4 5 27
307 4 6 26
307 4 8 27
307 4 9 23
307 4 13 26
307 4 14 24
307 7 0 26
307 7 4 30
307 7 6 31
307 7 9 30
307 7 10 31
307 7 11 27
307 7 12 30
307 7 13 28
307 10 0 30
307 10 1 30
307 10 2 30
307 10 3 28
307 10 4 27
307 10 5 29
307 10 10 33
307 10 14 27
307 14 1 26
307 14 4 30
307 14 7 31
307 14 9 30
307 14 10 31
307 14 11 27
307 14 12 30
307 14 14 28
308 1 4 82
308 1 5 80
308 1 6 87
308 1 7 80
308 1 9 81
308 1 10 89
308 1 13 80
308 1 14 90
308 6 0 80
308 6 3 78
308 6 7 85
308 6 8 78
308 6 9 79
308 6 10 87
308 6 11 78
308 6 13 88
308 9 1 96
308 9 2 89
308 9 3 94
308 9 7 83
308 9 8 86
308 9 9 86
308 9 10 97
308 9 12 91
308 11 0 80
308 11 1 78
308 11 3 85
308 11 6 78
308 11 9 79
308 11 10 87
308 11 12 78
308 11 13 88
309 2 0 17
309 2 1 18
309 2 3 18
309 2 4 16
309 2 6 18
309 2 8 17
309 2 9 19
309 2 12 19
309 5 0 18
309 5 1 19
309 5 2 19
309 5 3 17
309 5 4 19
309 5 5 18
309 5 13 20
309 5 14 20
309 6 0 18
309 6 3 19
309 6 7 19
309 6 8 17
309 6 9 19
309 6 10 18
309 6 11 20
309 6 13 20
309 7 0 16
309 7 4 17
309 7 6 17
309 7 9 15
309 7 10 17
309 7 11 16
309 7 12 18
309 7 13 18
310 1 4 33
310 1 5 35
310 1 6 36
310 1 7 32
310 1 9 36
310 1 10 34
310 1 13 38
310 1 14 37
310 5 0 35
310 5 1 37
310 5 2 38
310 5 3 34
310 5 4 38
310 5 5 36
310 5 13 40
310 5 14 39
310 6 0 36
310 6 3 38
310 6 7 39
310 6 8 35
310 6 9 39
310 6 10 37
310 6 11 41
310 6 13 40
311 3 0 43
311 3 1 43
311 3 6 46
311 3 8 41
311 3 9 42
311 3 10 42
311 3 13 43
311 3 14 43
311 5 0 43
311 5 1 43
311 5 2 46
311 5 3 41
311 5 4 42
311 5 5 42
311 5 13 43
311 5 14 43
311 6 0 46
311 6 3 46
311 6 7 49
311 6 8 44
311 6 9 45
311 6 10 45
311 6 11 46
311 6 13 46
311 8 1 41
311 8 3 41
311 8 5 44
311 8 8 39
311 8 9 40
311 8 10 40
311 8 12 41
311 8 14 41
312 4 0 98
312 4 1 100
312 4 5 113
312 4 6 98
312 4 8 109
312 4 9 99
312 4 13 108
312 4 14 102
312 6 0 97
312 6 3 87
312 6 7 90
312 6 8 85
312 6 9 86
312 6 10 86
312 6 11 97
312 6 13 97
312 8 1 100
312 8 3 90
312 8 5 93
312 8 8 88
312 8 9 89
312 8 10 89
312 8 12 100
312 8 14 100
312 9 1 95
312 9 2 85
312 9 3 88
312 9 7 83
312 9 8 84
312 9 9 84
312 9 10 95
312 9 12 95
313 2 0 41
313 2 1 41
313 2 3 44
313 2 4 39
313 2 6 40
313 2 8 40
313 2 9 41
313 2 12 41
313 3 0 41
313 3 1 41
313 3 6 44
313 3 8 39
313 3 9 40
313 3 10 40
313 3 13 41
313 3 14 41
313 9 1 44
313 9 2 44
313 9 3 47
313 9 7 42
313 9 8 43
313 9 9 43
313 9 10 44
313 9 12 44
313 13 2 42
313 13 4 40
313 13 7 38
313 13 8 40
313 13 9 41
313 13 10 40
313 13 12 40
313 13 14 41
313 14 1 40
313 14 4 40
313 14 7 43
313 14 9 38
313 14 10 39
313 14 11 39
313 14 12 40
313 14 14 40
314 2 0 19
314 2 1 23
314 2 3 24
314 2 4 23
314 2 6 24
314 2 8 20
314 2 9 23
314 2 12 21
314 5 0 19
314 5 1 23
314 5 2 24
314 5 3 23
314 5 4 24
314 5 5 20
314 5 13 23
314 5 14 21
314 8 1 22
314 8 3 22
314 8 5 20
314 8 8 20
314 8 9 21
314 8 10 21
314 8 12 22
314 8 14 22
315 0 2 18
315 0 4 22
315 0 5 23
315 0 7 22
315 0 8 23
315 0 9 19
315 0 13 22
315 0 14 20
315 6 0 22
315 6 3 26
315 6 7 27
315 6 8 26
315 6 9 27
315 6 10 23
315 6 11 26
315 6 13 24
315 12 1 23
315 12 2 27
315 12 5 28
315 12 9 27
315 12 11 28
315 12 12 24
315 12 13 27
315 12 14 25
315 14 1 22
315 14 4 26
315 14 7 27
315 14 9 26
315 14 10 27
315 14 11 23
315 14 12 26
315 14 14 24
316 5 0 97
316 5 1 87
316 5 2 90
316 5 3 85
316 5 4 86
316 5 5 86
316 5 13 97
316 5 14 97
316 8 1 93
316 8 3 100
316 8 5 107
316 8 8 91
316 8 9 104
316 8 10 106
316 8 12 103
316 8 14 104
316 9 1 102
316 9 2 104
316 9 3 117
316 9 7 102
316 9 8 113
316 9 9 103
316 9 10 112
316 9 12 106
316 10 0 95
316 10 1 85
316 10 2 88
316 10 3 83
316 10 4 84
316 10 5 84
316 10 10 95
316 10 14 95
316 14 1 99
316 14 4 101
316 14 7 114
316 14 9 99
316 14 10 110
316 14 11 100
316 14 12 109
316 14 14 103
317 2 0 14
317 2 1 15
317 2 3 15
317 2 4 13
317 2 6 15
317 2 8 14
317 2 9 16
317 2 12 16
317 3 0 15
317 3 1 16
317 3 6 16
317 3 8 14
317 3 9 16
317 3 10 15
317 3 13 17
317 3 14 17
317 4 0 15
317 4 1 16
317 4 5 16
317 4 6 14
317 4 8 16
317 4 9 15
317 4 13 17
317 4 14 17
317 9 1 13
317 9 2 14
317 9 3 14
317 9 7 12
317 9 8 14
317 9 9 13
317 9 10 15
317 9 12 15
317 11 0 15
317 11 1 16
317 11 3 16
317 11 6 14
317 11 9 16
317 11 10 15
317 11 12 17
317 11 13 17
318 0 2 67
318 0 4 71
318 0 5 73
318 0 7 66
318 0 8 73
318 0 9 70
318 0 13 77
318 0 14 76
318 2 0 67
318 2 1 71
318 2 3 73
318 2 4 66
318 2 6 73
318 2 8 70
318 2 9 77
318 2 12 76
318 4 0 67
318 4 1 67
318 4 5 60
318 4 6 65
318 4 8 64
318 4 9 66
318 4 13 63
318 4 14 57
319 0 2 17
319 0 4 18
319 0 5 18
319 0 7 16
319 0 8 18
319 0 9 17
319 0 13 19
319 0 14 19
319 6 0 19
319 6 3 23
319 6 7 24
319 6 8 23
319 6 9 24
319 6 10 20
319 6 11 23
319 6 13 21
319 10 0 20
319 10 1 24
319 10 2 25
319 10 3 24
319 10 4 25
319 10 5 21
319 10 10 24
319 10 14 22
319 13 2 19
319 13 4 23
319 13 7 24
319 13 8 23
319 13 9 24
319 13 10 20
319 13 12 23
319 13 14 21
320 1 4 22
320 1 5 26
320 1 6 27
320 1 7 26
320 1 9 27
320 1 10 23
320 1 13 26
320 1 14 24
320 9 1 26
320 9 2 30
320 9 3 31
320 9 7 30
320 9 8 31
320 9 9 27
320 9 10 30
320 9 12 28
320 14 1 30
320 14 4 30
320 14 7 30
320 14 9 28
320 14 10 27
320 14 11 29
320 14 12 33
320 14 14 27
321 2 0 13
321 2 1 14
321 2 3 14
321 2 4 12
321 2 6 14
321 2 8 13
321 2 9 15
321 2 12 15
321 7 0 14
321 7 4 15
321 7 6 15
321 7 9 13
321 7 10 15
321 7 11 14
321 7 12 16
321 7 13 16
321 11 0 14
321 11 1 15
321 11 3 15
321 11 6 13
321 11 9 15
321 11 10 14
321 11 12 16
321 11 13 16
321 13 2 12
321 13 4 13
321 13 7 13
321 13 8 11
321 13 9 13
321 13 10 12
321 13 12 14
321 13 14 14
322 0 2 14
322 0 4 15
322 0 5 15
322 0 7 13
322 0 8 15
322 0 9 14
322 0 13 16
322 0 14 16
322 5 0 15
322 5 1 16
322 5 2 16
322 5 3 14
322 5 4 16
322 5 5 15
322 5 13 17
322 5 14 17
322 9 1 15
322 9 2 16
322 9 3 16
322 9 7 14
322 9 8 16
322 9 9 15
322 9 10 17
322 9 12 17
322 12 1 13
322 12 2 14
322 12 5 14
322 12 9 12
322 12 11 14
322 12 12 13
322 12 13 15
322 12 14 15
322 13 2 15
322 13 4 16
322 13 7 16
322 13 8 14
322 13 9 16
322 13 10 15
322 13 12 17
322 13 14 17
323 3 0 34
323 3 1 36
323 3 6 37
323 3 8 33
323 3 9 37
323 3 10 35
323 3 13 39
323 3 14 38
323 4 0 36
323 4 1 38
323 4 5 39
323 4 6 35
323 4 8 39
323 4 9 37
323 4 13 41
323 4 14 40
323 5 0 37
323 5 1 39
323 5 2 40
323 5 3 36
323 5 4 40
323 5 5 38
323 5 13 42
323 5 14 41
323 9 1 33
323 9 2 35
323 9 3 36
323 9 7 32
323 9 8 36
323 9 9 34
323 9 10 38
323 9 12 37
323 12 1 37
323 12 2 39
323 12 5 40
323 12 9 36
323 12 11 40
323 12 12 38
323 12 13 42
323 12 14 41
324 5 0 68
324 5 1 68
324 5 2 61
324 5 3 66
324 5 4 65
324 5 5 67
324 5 13 64
324 5 14 58
324 8 1 68
324 8 3 68
324 8 5 61
324 8 8 66
324 8 9 65
324 8 10 67
324 8 12 64
324 8 14 58
324 11 0 58
324 11 1 56
324 11 3 63
324 11 6 62
324 11 9 63
324 11 10 59
324 11 12 62
324 11 13 54
325 2 0 8
325 2 1 9
325 2 3 9
325 2 4 8
325 2 6 9
325 2 8 8
325 2 9 9
325 2 12 9
325 4 0 9
325 4 1 10
325 4 5 11
325 4 6 10
325 4 8 11
325 4 9 10
325 4 13 10
325 4 14 11
325 12 1 10
325 12 2 11
325 12 5 11
325 12 9 9
325 12 11 11
325 12 12 10
325 12 13 12
325 12 14 12
326 1 4 30
326 1 5 32
326 1 6 33
326 1 7 29
326 1 9 33
326 1 10 31
326 1 13 35
326 1 14 34
326 4 0 32
326 4 1 34
326 4 5 35
326 4 6 31
326 4 8 35
326 4 9 33
326 4 13 37
326 4 14 36
326 11 0 33
326 11 1 35
326 11 3 36
326 11 6 32
326 11 9 36
326 11 10 34
326 11 12 38
326 11 13 37
326 13 2 29
326 13 4 31
326 13 7 32
326 13 8 28
326 13 9 32
326 13 10 30
326 13 12 34
326 13 14 33
327 0 2 52
327 0 4 50
327 0 5 57
327 0 7 56
327 0 8 57
327 0 9 53
327 0 13 56
327 0 14 48
327 1 4 51
327 1 5 53
327 1 6 55
327 1 7 51
327 1 9 51
327 1 10 52
327 1 13 50
327 1 14 55
327 6 0 57
327 6 3 55
327 6 7 62
327 6 8 61
327 6 9 62
327 6 10 58
327 6 11 61
327 6 13 53
327 11 0 56
327 11 1 54
327 11 3 61
327 11 6 60
327 11 9 61
327 11 10 57
327 11 12 60
327 11 13 52
327 12 1 57
327 12 2 55
327 12 5 62
327 12 9 61
327 12 11 62
327 12 12 58
327 12 13 61
327 12 14 53
328 2 0 99
328 2 1 89
328 2 3 92
328 2 4 87
328 2 6 88
328 2 8 88
328 2 9 99
328 2 12 99
328 4 0 82
328 4 1 80
328 4 5 87
328 4 6 80
328 4 8 81
328 4 9 89
328 4 13 80
328 4 14 90
328 8 1 85
328 8 3 83
328 8 5 90
328 8 8 83
328 8 9 84
328 8 10 92
328 8 12 83
328 8 14 93
328 10 0 80
328 10 1 78
328 10 2 85
328 10 3 78
328 10 4 79
328 10 5 87
328 10 10 78
328 10 14 88
328 11 0 81
328 11 1 79
328 11 3 86
328 11 6 79
328 11 9 80
328 11 10 88
328 11 12 79
328 11 13 89
329 5 0 22
329 5 1 22
329 5 2 20
329 5 3 20
329 5 4 21
329 5 5 21
329 5 13 22
329 5 14 22
329 7 0 21
329 7 4 25
329 7 6 26
329 7 9 25
329 7 10 26
329 7 11 22
329 7 12 25
329 7 13 23
329 13 2 22
329 13 4 26
329 13 7 27
329 13 8 26
329 13 9 27
329 13 10 23
329 13 12 26
329 13 14 24
330 6 0 71
330 6 3 75
330 6 7 77
330 6 8 70
330 6 9 77
330 6 10 74
330 6 11 81
330 6 13 80
330 9 1 75
330 9 2 79
330 9 3 81
330 9 7 74
330 9 8 81
330 9 9 78
330 9 10 85
330 9 12 84
330 10 0 78
330 10 1 76
330 10 2 83
330 10 3 76
330 10 4 77
330 10 5 85
330 10 10 76
330 10 14 86
331 0 2 99
331 0 4 89
331 0 5 92
331 0 7 87
331 0 8 88
331 0 9 88
331 0 13 99
331 0 14 99
331 2 0 82
331 2 1 80
331 2 3 87
331 2 4 80
331 2 6 81
331 2 8 89
331 2 9 80
331 2 12 90
331 7 0 85
331 7 4 83
331 7 6 90
331 7 9 83
331 7 10 84
331 7 11 92
331 7 12 83
331 7 13 93
331 13 2 80
331 13 4 78
331 13 7 85
331 13 8 78
331 13 9 79
331 13 10 87
331 13 12 78
331 13 14 88
331 14 1 81
331 14 4 79
331 14 7 86
331 14 9 79
331 14 10 80
331 14 11 88
331 14 12 79
331 14 14 89
332 4 0 12
332 4 1 13
332 4 5 13
332 4 6 11
332 4 8 13
332 4 9 12
332 4 13 14
332 4 14 14
332 7 0 13
332 7 4 14
332 7 6 14
332 7 9 12
332 7 10 14
332 7 11 13
332 7 12 15
332 7 13 15
332 10 0 13
332 10 1 14
332 10 2 14
332 10 3 12
332 10 4 14
332 10 5 13
332 10 10 15
332 10 14 15
332 11 0 11
332 11 1 12
332 11 3 12
332 11 6 10
332 11 9 12
332 11 10 11
332 11 12 13
332 11 13 13
333 1 4 45
333 1 5 45
333 1 6 48
333 1 7 43
333 1 9 44
333 1 10 44
333 1 13 45
333 1 14 45
333 2 0 45
333 2 1 45
333 2 3 48
333 2 4 43
333 2 6 44
333 2 8 44
333 2 9 45
333 2 12 45
333 8 1 48
333 8 3 48
333 8 5 51
333 8 8 46
333 8 9 47
333 8 10 47
333 8 12 48
333 8 14 48
333 9 1 43
333 9 2 43
333 9 3 46
333 9 7 41
333 9 8 42
333 9 9 42
333 9 10 43
333 9 12 43
333 14 1 44
333 14 4 44
333 14 7 47
333 14 9 42
333 14 10 43
333 14 11 43
333 14 12 44
333 14 14 44
334 0 2 53
334 0 4 51
334 0 5 58
334 0 7 57
334 0 8 58
334 0 9 54
334 0 13 57
334 0 14 49
334 3 0 51
334 3 1 49
334 3 6 56
334 3 8 55
334 3 9 56
334 3 10 52
334 3 13 55
334 3 14 47
334 9 1 58
334 9 2 56
334 9 3 63
334 9 7 62
334 9 8 63
334 9 9 59
334 9 10 62
334 9 12 54
335 5 0 99
335 5 1 89
335 5 2 92
335 5 3 87
335 5 4 88
335 5 5 88
335 5 13 99
335 5 14 99
335 8 1 82
335 8 3 80
335 8 5 87
335 8 8 80
335 8 9 81
335 8 10 89
335 8 12 80
335 8 14 90
335 9 1 85
335 9 2 83
335 9 3 90
335 9 7 83
335 9 8 84
335 9 9 92
335 9 10 83
335 9 12 93
336 0 2 46
336 0 4 46
336 0 5 49
336 0 7 44
336 0 8 45
336 0 9 45
336 0 13 46
336 0 14 46
336 3 0 46
336 3 1 46
336 3 6 49
336 3 8 44
336 3 9 45
336 3 10 45
336 3 13 46
336 3 14 46
336 9 1 51
336 9 2 53
336 9 3 55
336 9 7 51
336 9 8 51
336 9 9 52
336 9 10 50
336 9 12 55
337 1 4 15
337 1 5 16
337 1 6 16
337 1 7 14
337 1 9 16
337 1 10 15
337 1 13 17
337 1 14 17
337 3 0 16
337 3 1 17
337 3 6 17
337 3 8 15
337 3 9 17
337 3 10 16
337 3 13 18
337 3 14 18
337 10 0 16
337 10 1 17
337 10 2 17
337 10 3 15
337 10 4 17
337 10 5 16
337 10 10 18
337 10 14 18
337 11 0 14
337 11 1 15
337 11 3 15
337 11 6 13
337 11 9 15
337 11 10 14
337 11 12 16
337 11 13 16
338 5 0 32
338 5 1 34
338 5 2 35
338 5 3 31
338 5 4 35
338 5 5 33
338 5 13 37
338 5 14 36
338 9 1 34
338 9 2 36
338 9 3 37
338 9 7 33
338 9 8 37
338 9 9 35
338 9 10 39
338 9 12 38
338 11 0 35
338 11 1 37
338 11 3 38
338 11 6 34
338 11 9 38
338 11 10 36
338 11 12 40
338 11 13 39
338 14 1 31
338 14 4 33
338 14 7 34
338 14 9 30
338 14 10 34
338 14 11 32
338 14 12 36
338 14 14 35
339 4 0 67
339 4 1 67
339 4 5 60
339 4 6 65
339 4 8 64
339 4 9 66
339 4 13 63
339 4 14 57
339 6 0 67
339 6 3 67
339 6 7 60
339 6 8 65
339 6 9 64
339 6 10 66
339 6 11 63
339 6 13 57
339 9 1 57
339 9 2 55
339 9 3 62
339 9 7 61
339 9 8 62
339 9 9 58
339 9 10 61
339 9 12 53
339 10 0 65
339 10 1 65
339 10 2 58
339 10 3 63
339 10 4 62
339 10 5 64
339 10 10 61
339 10 14 55
339 12 1 64
339 12 2 64
339 12 5 57
339 12 9 62
339 12 11 61
339 12 12 63
339 12 13 60
339 12 14 54
340 4 0 47
340 4 1 47
340 4 5 50
340 4 6 45
340 4 8 46
340 4 9 46
340 4 13 47
340 4 14 47
340 6 0 47
340 6 3 47
340 6 7 50
340 6 8 45
340 6 9 46
340 6 10 46
340 6 11 47
340 6 13 47
340 12 1 51
340 12 2 49
340 12 5 56
340 12 9 55
340 12 11 56
340 12 12 52
340 12 13 55
340 12 14 47
341 2 0 71
341 2 1 75
341 2 3 77
341 2 4 70
341 2 6 77
341 2 8 74
341 2 9 81
341 2 12 80
341 4 0 75
341 4 1 79
341 4 5 81
341 4 6 74
341 4 8 81
341 4 9 78
341 4 13 85
341 4 14 84
341 7 0 78
341 7 4 76
341 7 6 83
341 7 9 76
341 7 10 77
341 7 11 85
341 7 12 76
341 7 13 86
342 3 0 31
342 3 1 33
342 3 6 34
342 3 8 30
342 3 9 34
342 3 10 32
342 3 13 36
342 3 14 35
342 4 0 33
342 4 1 35
342 4 5 36
342 4 6 32
342 4 8 36
342 4 9 34
342 4 13 38
342 4 14 37
342 7 0 34
342 7 4 36
342 7 6 37
342 7 9 33
342 7 10 37
342 7 11 35
342 7 12 39
342 7 13 38
342 8 1 30
342 8 3 32
342 8 5 33
342 8 8 29
342 8 9 33
342 8 10 31
342 8 12 35
342 8 14 34
342 13 2 34
342 13 4 36
342 13 7 37
342 13 8 33
342 13 9 37
342 13 10 35
342 13 12 39
342 13 14 38
343 2 0 102
343 2 1 92
343 2 3 95
343 2 4 90
343 2 6 91
343 2 8 91
343 2 9 102
343 2 12 102
343 6 0 85
343 6 3 83
343 6 7 90
343 6 8 83
343 6 9 84
343 6 10 92
343 6 11 83
343 6 13 93
343 8 1 95
343 8 3 85
343 8 5 88
343 8 8 83
343 8 9 84
343 8 10 84
343 8 12 95
343 8 14 95
343 12 1 83
343 12 2 81
343 12 5 88
343 12 9 81
343 12 11 82
343 12 12 90
343 12 13 81
343 12 14 91
344 0 2 15
344 0 4 16
344 0 5 16
344 0 7 14
344 0 8 16
344 0 9 15
344 0 13 17
344 0 14 17
344 5 0 16
344 5 1 17
344 5 2 17
344 5 3 15
344 5 4 17
344 5 5 16
344 5 13 18
344 5 14 18
344 6 0 16
344 6 3 17
344 6 7 17
344 6 8 15
344 6 9 17
344 6 10 16
344 6 11 18
344 6 13 18
344 9 1 14
344 9 2 15
344 9 3 15
344 9 7 13
344 9 8 15
344 9 9 14
344 9 10 16
344 9 12 16
344 10 0 16
344 10 1 17
344 10 2 17
344 10 3 15
344 10 4 17
344 10 5 16
344 10 10 18
344 10 14 18
345 0 2 21
345 0 4 25
345 0 5 26
345 0 7 25
345 0 8 26
345 0 9 22
345 0 13 25
345 0 14 23
345 8 1 25
345 8 3 29
345 8 5 30
345 8 8 29
345 8 9 30
345 8 10 26
345 8 12 29
345 8 14 27
345 14 1 26
345 14 4 30
345 14 7 31
345 14 9 30
345 14 10 31
345 14 11 27
345 14 12 30
345 14 14 28
346 3 0 98
346 3 1 100
346 3 6 113
346 3 8 98
346 3 9 109
346 3 10 99
346 3 13 108
346 3 14 102
346 6 0 97
346 6 3 87
346 6 7 90
346 6 8 85
346 6 9 86
346 6 10 86
346 6 11 97
346 6 13 97
346 7 0 100
346 7 4 90
346 7 6 93
346 7 9 88
346 7 10 89
346 7 11 89
346 7 12 100
346 7 13 100
346 9 1 95
346 9 2 85
346 9 3 88
346 9 7 83
346 9 8 84
346 9 9 84
346 9 10 95
346 9 12 95
346 12 1 96
346 12 2 86
346 12 5 89
346 12 9 84
346 12 11 85
346 12 12 85
346 12 13 96
346 12 14 96
347 4 0 79
347 4 1 77
347 4 5 84
347 4 6 77
347 4 8 78
347 4 9 86
347 4 13 77
347 4 14 87
347 5 0 80
347 5 1 80
347 5 2 84
347 5 3 78
347 5 4 76
347 5 5 73
347 5 13 87
347 5 14 86
347 9 1 84
347 9 2 82
347 9 3 89
347 9 7 82
347 9 8 83
347 9 9 91
347 9 10 82
347 9 12 92
347 12 1 80
347 12 2 80
347 12 5 84
347 12 9 78
347 12 11 76
347 12 12 73
347 12 13 87
347 12 14 86
347 14 1 78
347 14 4 76
347 14 7 83
347 14 9 76
347 14 10 77
347 14 11 85
347 14 12 76
347 14 14 86
348 5 0 96
348 5 1 98
348 5 2 111
348 5 3 96
348 5 4 107
348 5 5 97
348 5 13 106
348 5 14 100
348 8 1 95
348 8 3 85
348 8 5 88
348 8 8 83
348 8 9 84
348 8 10 84
348 8 12 95
348 8 14 95
348 9 1 98
348 9 2 88
348 9 3 91
348 9 7 86
348 9 8 87
348 9 9 87
348 9 10 98
348 9 12 98
348 13 2 86
348 13 4 84
348 13 7 91
348 13 8 84
348 13 9 85
348 13 10 93
348 13 12 84
348 13 14 94
349 6 0 99
349 6 3 89
349 6 7 92
349 6 8 87
349 6 9 88
349 6 10 88
349 6 11 99
349 6 13 99
349 8 1 82
349 8 3 80
349 8 5 87
349 8 8 80
349 8 9 81
349 8 10 89
349 8 12 80
349 8 14 90
349 10 0 85
349 10 1 83
349 10 2 90
349 10 3 83
349 10 4 84
349 10 5 92
349 10 10 83
349 10 14 93
349 14 1 80
349 14 4 78
349 14 7 85
349 14 9 78
349 14 10 79
349 14 11 87
349 14 12 78
349 14 14 88
350 3 0 40
350 3 1 40
350 3 6 43
350 3 8 38
350 3 9 39
350 3 10 39
350 3 13 40
350 3 14 40
350 4 0 40
350 4 1 40
350 4 5 43
350 4 6 38
350 4 8 39
350 4 9 39
350 4 13 40
350 4 14 40
350 8 1 43
350 8 3 43
350 8 5 46
350 8 8 41
350 8 9 42
350 8 10 42
350 8 12 43
350 8 14 43
350 10 0 37
350 10 1 39
350 10 2 40
350 10 3 36
350 10 4 40
350 10 5 38
350 10 10 42
350 10 14 41
351 5 0 102
351 5 1 92
351 5 2 95
351 5 3 90
351 5 4 91
351 5 5 91
351 5 13 102
351 5 14 102
351 8 1 85
351 8 3 83
351 8 5 90
351 8 8 83
351 8 9 84
351 8 10 92
351 8 12 83
351 8 14 93
351 13 2 95
351 13 4 85
351 13 7 88
351 13 8 83
351 13 9 84
351 13 10 84
351 13 12 95
351 13 14 95
352 9 1 75
352 9 2 79
352 9 3 81
352 9 7 74
352 9 8 81
352 9 9 78
352 9 10 85
352 9 12 84
352 10 0 73
352 10 1 77
352 10 2 79
352 10 3 72
352 10 4 79
352 10 5 76
352 10 10 83
352 10 14 82
352 11 0 81
352 11 1 79
352 11 3 86
352 11 6 79
352 11 9 80
352 11 10 88
352 11 12 79
352 11 13 89
352 13 2 73
352 13 4 77
352 13 7 79
352 13 8 72
352 13 9 79
352 13 10 76
352 13 12 83
352 13 14 82
353 1 4 93
353 1 5 100
353 1 6 107
353 1 7 91
353 1 9 104
353 1 10 106
353 1 13 103
353 1 14 104
353 2 0 96
353 2 1 89
353 2 3 94
353 2 4 83
353 2 6 86
353 2 8 86
353 2 9 97
353 2 12 91
353 8 1 97
353 8 3 87
353 8 5 90
353 8 8 85
353 8 9 86
353 8 10 86
353 8 12 97
353 8 14 97
353 11 0 85
353 11 1 83
353 11 3 90
353 11 6 83
353 11 9 84
353 11 10 92
353 11 12 83
353 11 13 93
353 12 1 86
353 12 2 84
353 12 5 91
353 12 9 84
353 12 11 85
353 12 12 93
353 12 13 84
353 12 14 94
354 0 2 71
354 0 4 71
354 0 5 64
354 0 7 69
354 0 8 68
354 0 9 70
354 0 13 67
354 0 14 61
354 4 0 68
354 4 1 72
354 4 5 74
354 4 6 67
354 4 8 74
354 4 9 71
354 4 13 78
354 4 14 77
354 7 0 70
354 7 4 74
354 7 6 76
354 7 9 69
354 7 10 76
354 7 11 73
354 7 12 80
354 7 13 79
354 9 1 70
354 9 2 70
354 9 3 63
354 9 7 68
354 9 8 67
354 9 9 69
354 9 10 66
354 9 12 60
355 1 4 11
355 1 5 12
355 1 6 12
355 1 7 10
355 1 9 12
355 1 10 11
355 1 13 13
355 1 14 13
355 2 0 12
355 2 1 13
355 2 3 13
355 2 4 11
355 2 6 13
355 2 8 12
355 2 9 14
355 2 12 14
355 5 0 12
355 5 1 13
355 5 2 13
355 5 3 11
355 5 4 13
355 5 5 12
355 5 13 14
355 5 14 14
356 1 4 80
356 1 5 78
356 1 6 85
356 1 7 78
356 1 9 79
356 1 10 87
356 1 13 78
356 1 14 88
356 9 1 78
356 9 2 76
356 9 3 83
356 9 7 76
356 9 8 77
356 9 9 85
356 9 10 76
356 9 12 86
356 11 0 85
356 11 1 83
356 11 3 90
356 11 6 83
356 11 9 84
356 11 10 92
356 11 12 83
356 11 13 93
357 2 0 46
357 2 1 46
357 2 3 49
357 2 4 44
357 2 6 45
357 2 8 45
357 2 9 46
357 2 12 46
357 3 0 46
357 3 1 46
357 3 6 49
357 3 8 44
357 3 9 45
357 3 10 45
357 3 13 46
357 3 14 46
357 10 0 51
357 10 1 53
357 10 2 55
357 10 3 51
357 10 4 51
357 10 5 52
357 10 10 50
357 10 14 55
358 3 0 22
358 3 1 22
358 3 6 20
358 3 8 20
358 3 9 21
358 3 10 21
358 3 13 22
358 3 14 22
358 7 0 21
358 7 4 25
358 7 6 26
358 7 9 25
358 7 10 26
358 7 11 22
358 7 12 25
358 7 13 23
358 10 0 22
358 10 1 26
358 10 2 27
358 10 3 26
358 10 4 27
358 10 5 23
358 10 10 26
358 10 14 24
358 11 0 21
358 11 1 25
358 11 3 26
358 11 6 25
358 11 9 26
358 11 10 22
358 11 12 25
358 11 13 23
358 12 1 22
358 12 2 26
358 12 5 27
358 12 9 26
358 12 11 27
358 12 12 23
358 12 13 26
358 12 14 24
359 3 0 71
359 3 1 75
359 3 6 77
359 3 8 70
359 3 9 77
359 3 10 74
359 3 13 81
359 3 14 80
359 5 0 75
359 5 1 79
359 5 2 81
359 5 3 74
359 5 4 81
359 5 5 78
359 5 13 85
359 5 14 84
359 7 0 78
359 7 4 76
359 7 6 83
359 7 9 76
359 7 10 77
359 7 11 85
359 7 12 76
359 7 13 86
359 9 1 70
359 9 2 74
359 9 3 76
359 9 7 69
359 9 8 76
359 9 9 73
359 9 10 80
359 9 12 79
359 13 2 78
359 13 4 76
359 13 7 83
359 13 8 76
359 13 9 77
359 13 10 85
359 13 12 76
359 13 14 86
360 3 0 30
360 3 1 30
360 3 6 30
360 3 8 28
360 3 9 27
360 3 10 29
360 3 13 33
360 3 14 27
360 4 0 30
360 4 1 32
360 4 5 33
360 4 6 29
360 4 8 33
360 4 9 31
360 4 13 35
360 4 14 34
360 8 1 31
360 8 3 33
360 8 5 34
360 8 8 30
360 8 9 34
360 8 10 32
360 8 12 36
360 8 14 35
360 9 1 26
360 9 2 30
360 9 3 31
360 9 7 30
360 9 8 31
360 9 9 27
360 9 10 30
360 9 12 28
361 2 0 41
361 2 1 41
361 2 3 44
361 2 4 39
361 2 6 40
361 2 8 40
361 2 9 41
361 2 12 41
361 7 0 41
361 7 4 41
361 7 6 44
361 7 9 39
361 7 10 40
361 7 11 40
361 7 12 41
361 7 13 41
361 10 0 44
361 10 1 44
361 10 2 47
361 10 3 42
361 10 4 43
361 10 5 43
361 10 10 44
361 10 14 44
362 1 4 70
362 1 5 70
362 1 6 63
362 1 7 68
362 1 9 67
362 1 10 69
362 1 13 66
362 1 14 60
362 3 0 70
362 3 1 70
362 3 6 63
362 3 8 68
362 3 9 67
362 3 10 69
362 3 13 66
362 3 14 60
362 4 0 62
362 4 1 55
362 4 5 64
362 4 6 57
362 4 8 61
362 4 9 57
362 4 13 64
362 4 14 54
362 5 0 68
362 5 1 68
362 5 2 61
362 5 3 66
362 5 4 65
362 5 5 67
362 5 13 64
362 5 14 58
362 6 0 67
362 6 3 67
362 6 7 60
362 6 8 65
362 6 9 64
362 6 10 66
362 6 11 63
362 6 13 57
363 0 2 21
363 0 4 25
363 0 5 26
363 0 7 25
363 0 8 26
363 0 9 22
363 0 13 25
363 0 14 23
363 6 0 25
363 6 3 29
363 6 7 30
363 6 8 29
363 6 9 30
363 6 10 26
363 6 11 29
363 6 13 27
363 7 0 26
363 7 4 30
363 7 6 31
363 7 9 30
363 7 10 31
363 7 11 27
363 7 12 30
363 7 13 28
363 10 0 25
363 10 1 29
363 10 2 30
363 10 3 29
363 10 4 30
363 10 5 26
363 10 10 29
363 10 14 27
363 13 2 26
363 13 4 30
363 13 7 31
363 13 8 30
363 13 9 31
363 13 10 27
363 13 12 30
363 13 14 28
364 5 0 72
364 5 1 67
364 5 2 65
364 5 3 70
364 5 4 71
364 5 5 76
364 5 13 67
364 5 14 77
364 8 1 72
364 8 3 67
364 8 5 65
364 8 8 70
364 8 9 71
364 8 10 76
364 8 12 67
364 8 14 77
364 12 1 66
364 12 2 66
364 12 5 59
364 12 9 64
364 12 11 63
364 12 12 65
364 12 13 62
364 12 14 56
364 13 2 71
364 13 4 71
364 13 7 64
364 13 8 69
364 13 9 68
364 13 10 70
364 13 12 67
364 13 14 61
365 2 0 31
365 2 1 33
365 2 3 34
365 2 4 30
365 2 6 34
365 2 8 32
365 2 9 36
365 2 12 35
365 4 0 33
365 4 1 35
365 4 5 36
365 4 6 32
365 4 8 36
365 4 9 34
365 4 13 38
365 4 14 37
365 10 0 34
365 10 1 36
365 10 2 37
365 10 3 33
365 10 4 37
365 10 5 35
365 10 10 39
365 10 14 38
365 12 1 30
365 12 2 32
365 12 5 33
365 12 9 29
365 12 11 33
365 12 12 31
365 12 13 35
365 12 14 34
365 14 1 34
365 14 4 36
365 14 7 37
365 14 9 33
365 14 10 37
365 14 11 35
365 14 12 39
365 14 14 38
366 5 0 9
366 5 1 10
366 5 2 11
366 5 3 10
366 5 4 11
366 5 5 10
366 5 13 10
366 5 14 11
366 9 1 10
366 9 2 11
366 9 3 11
366 9 7 9
366 9 8 11
366 9 9 10
366 9 10 12
366 9 12 12
366 11 0 10
366 11 1 11
366 11 3 11
366 11 6 9
366 11 9 11
366 11 10 10
366 11 12 12
366 11 13 12
366 12 1 8
366 12 2 9
366 12 5 9
366 12 9 8
366 12 11 9
366 12 12 8
366 12 13 9
366 12 14 9
367 1 4 80
367 1 5 78
367 1 6 85
367 1 7 78
367 1 9 79
367 1 10 87
367 1 13 78
367 1 14 88
367 3 0 78
367 3 1 76
367 3 6 83
367 3 8 76
367 3 9 77
367 3 10 85
367 3 13 76
367 3 14 86
367 8 1 85
367 8 3 83
367 8 5 90
367 8 8 83
367 8 9 84
367 8 10 92
367 8 12 83
367 8 14 93
367 11 0 78
367 11 1 76
367 11 3 83
367 11 6 76
367 11 9 77
367 11 10 85
367 11 12 76
367 11 13 86
367 12 1 79
367 12 2 77
367 12 5 84
367 12 9 77
367 12 11 78
367 12 12 86
367 12 13 77
367 12 14 87
368 3 0 41
368 3 1 41
368 3 6 44
368 3 8 39
368 3 9 40
368 3 10 40
368 3 13 41
368 3 14 41
368 10 0 42
368 10 1 40
368 10 2 38
368 10 3 40
368 10 4 41
368 10 5 40
368 10 10 40
368 10 14 41
368 12 1 36
368 12 2 38
368 12 5 39
368 12 9 35
368 12 11 39
368 12 12 37
368 12 13 41
368 12 14 40
369 4 0 72
369 4 1 72
369 4 5 65
369 4 6 70
369 4 8 69
369 4 9 71
369 4 13 68
369 4 14 62
369 5 0 72
369 5 1 72
369 5 2 65
369 5 3 70
369 5 4 69
369 5 5 71
369 5 13 68
369 5 14 62
369 11 0 65
369 11 1 65
369 11 3 58
369 11 6 63
369 11 9 62
369 11 10 64
369 11 12 61
369 11 13 55
370 1 4 72
370 1 5 72
370 1 6 65
370 1 7 70
370 1 9 69
370 1 10 71
370 1 13 68
370 1 14 62
370 2 0 72
370 2 1 72
370 2 3 65
370 2 4 70
370 2 6 69
370 2 8 71
370 2 9 68
370 2 12 62
370 5 0 65
370 5 1 65
370 5 2 58
370 5 3 63
370 5 4 62
370 5 5 64
370 5 13 61
370 5 14 55
370 12 1 70
370 12 2 70
370 12 5 63
370 12 9 68
370 12 11 67
370 12 12 69
370 12 13 66
370 12 14 60
371 1 4 9
371 1 5 10
371 1 6 11
371 1 7 10
371 1 9 11
371 1 10 10
371 1 13 10
371 1 14 11
371 5 0 10
371 5 1 11
371 5 2 11
371 5 3 9
371 5 4 11
371 5 5 10
371 5 13 12
371 5 14 12
371 10 0 10
371 10 1 11
371 10 2 11
371 10 3 9
371 10 4 11
371 10 5 10
371 10 10 12
371 10 14 12
372 1 4 17
372 1 5 18
372 1 6 18
372 1 7 16
372 1 9 18
372 1 10 17
372 1 13 19
372 1 14 19
372 5 0 19
372 5 1 23
372 5 2 24
372 5 3 23
372 5 4 24
372 5 5 20
372 5 13 23
372 5 14 21
372 8 1 20
372 8 3 24
372 8 5 25
372 8 8 24
372 8 9 25
372 8 10 21
372 8 12 24
372 8 14 22
372 11 0 19
372 11 1 23
372 11 3 24
372 11 6 23
372 11 9 24
372 11 10 20
372 11 12 23
372 11 13 21
373 2 0 72
373 2 1 67
373 2 3 65
373 2 4 70
373 2 6 71
373 2 8 76
373 2 9 67
373 2 12 77
373 8 1 70
373 8 3 74
373 8 5 76
373 8 8 69
373 8 9 76
373 8 10 73
373 8 12 80
373 8 14 79
373 9 1 72
373 9 2 76
373 9 3 78
373 9 7 71
373 9 8 78
373 9 9 75
373 9 10 82
373 9 12 81
374 1 4 97
374 1 5 99
374 1 6 112
374 1 7 97
374 1 9 108
374 1 10 98
374 1 13 107
374 1 14 101
374 7 0 96
374 7 4 86
374 7 6 89
374 7 9 84
374 7 10 85
374 7 11 85
374 7 12 96
374 7 13 96
374 10 0 99
374 10 1 89
374 10 2 92
374 10 3 87
374 10 4 88
374 10 5 88
374 10 10 99
374 10 14 99
374 12 1 96
374 12 2 89
374 12 5 94
374 12 9 83
374 12 11 86
374 12 12 86
374 12 13 97
374 12 14 91
374 14 1 95
374 14 4 85
374 14 7 88
374 14 9 83
374 14 10 84
374 14 11 84
374 14 12 95
374 14 14 95
