Jobs:
0 1 2 3 4 5 6 7 8 9 10 11 12 13 14 15 16 17 18 19 20 21 22 23 24 25 26 27 28 29
Machines:
0 1 2 3 4 5 6 7 8 9 10 11 12 13 14
Workers:
0 1 2 3 4 5 6 7 8 9 10 11
Operations per job:
0 1 2 3 4 5 6 7 8 9 10 11 12 13
14 15 16 17 18 19 20 21 22 23 24 25 26
27 28 29 30 31 32 33 34 35 36 37 38 39 40 41
42 43 44 45 46 47 48 49 50 51 52 53 54
55 56 57 58 59 60 61 62 63 64 65 66 67 68 69
70 71 72 73 74 75 76 77 78 79 80 81 82 83 84
85 86 87 88 89 90 91 92 93 94 95 96 97 98
99 100 101 102 103 104 105 106 107 108 109 110
111 112 113 114 115 116 117 118 119 120 121
122 123 124 125 126 127 128 129 130 131 132 133 134
135 136 137 138 139 140 141 142 143 144 145 146 147 148
149 150 151 152 153 154 155 156 157 158 159 160 161 162 163
164 165 166 167 168 169 170 171 172 173 174 175 176 177 178
179 180 181 182 183 184 185 186 187 188 189
190 191 192 193 194 195 196 197 198 199 200 201
202 203 204 205 206 207 208 209 210 211 212 213
214 215 216 217 218 219 220 221 222 223 224 225 226 227 228
229 230 231 232 233 234 235 236 237 238 239
240 241 242 243 244 245 246 247 248 249 250 251 252 253
254 255 256 257 258 259 260 261 262 263 264 265 266 267
268 269 270 271 272 273 274 275 276 277 278
279 280 281 282 283 284 285 286 287 288 289 290
291 292 293 294 295 296 297 298 299 300 301 302 303
304 305 306 307 308 309 310 311 312 313 314 315
316 317 318 319 320 321 322 323 324 325 326 327 328
329 330 331 332 333 334 335 336 337 338
339 340 341 342 343 344 345 346 347 348
349 350 351 352 353 354 355 356 357 358 359
360 361 362 363 364 365 366 367 368 369 370 371 372 373
374 375 376 377 378 379 380 381 382 383 384
Predecessors per operation:

0
1
2
3
4
5
6
7
8
9
10
11
12

14
15
16
17
18
19
20
21
22
23
24
25

27
28
29
30
31
32
33
34
35
36
37
38
39
40

42
43
44
45
46
47
48
49
50
51
52
53

55
56
57
58
59
60
61
62
63
64
65
66
67
68

70
71
72
73
74
75
76
77
78
79
80
81
82
83

85
86
87
88
89
90
91
92
93
94
95
96
97

99
100
101
102
103
104
105
106
107
108
109

111
112
113
114
115
116
117
118
119
120

122
123
124
125
126
127
128
129
130
131
132
133

135
136
137
138
139
140
141
142
143
144
145
146
147

149
150
151
152
153
154
155
156
157
158
159
160
161
162

164
165
166
167
168
169
170
171
172
173
174
175
176
177

179
180
181
182
183
184
185
186
187
188

190
191
192
193
194
195
196
197
198
199
200

202
203
204
205
206
207
208
209
210
211
212

214
215
216
217
218
219
220
221
222
223
224
225
226
227

229
230
231
232
233
234
235
236
237
238

240
241
242
243
244
245
246
247
248
249
250
251
252

254
255
256
257
258
259
260
261
262
263
264
265
266

268
269
270
271
272
273
274
275
276
277

279
280
281
282
283
284
285
286
287
288
289

291
292
293
294
295
296
297
298
299
300
301
302

304
305
306
307
308
309
310
311
312
313
314

316
317
318
319
320
321
322
323
324
325
326
327

329
330
331
332
333
334
335
336
337

339
340
341
342
343
344
345
346
347

349
350
351
352
353
354
355
356
357
358

360
361
362
363
364
365
366
367
368
369
370
371
372

374
375
376
377
378
379
380
381
382
383
Successors per operation:
1
2
3
4
5
6
7
8
9
10
11
12
13

15
16
17
18
19
20
21
22
23
24
25
26

28
29
30
31
32
33
34
35
36
37
38
39
40
41

43
44
45
46
47
48
49
50
51
52
53
54

56
57
58
59
60
61
62
63
64
65
66
67
68
69

71
72
73
74
75
76
77
78
79
80
81
82
83
84

86
87
88
89
90
91
92
93
94
95
96
97
98

100
101
102
103
104
105
106
107
108
109
110

112
113
114
115
116
117
118
119
120
121

123
124
125
126
127
128
129
130
131
132
133
134

136
137
138
139
140
141
142
143
144
145
146
147
148

150
151
152
153
154
155
156
157
158
159
160
161
162
163

165
166
167
168
169
170
171
172
173
174
175
176
177
178

180
181
182
183
184
185
186
187
188
189

191
192
193
194
195
196
197
198
199
200
201

203
204
205
206
207
208
209
210
211
212
213

215
216
217
218
219
220
221
222
223
224
225
226
227
228

230
231
232
233
234
235
236
237
238
239

241
242
243
244
245
246
247
248
249
250
251
252
253

255
256
257
258
259
260
261
262
263
264
265
266
267

269
270
271
272
273
274
275
276
277
278

280
281
282
283
284
285
286
287
288
289
290

292
293
294
295
296
297
298
299
300
301
302
303

305
306
307
308
309
310
311
312
313
314
315

317
318
319
320
321
322
323
324
325
326
327
328

330
331
332
333
334
335
336
337
338

340
341
342
343
344
345
346
347
348

350
351
352
353
354
355
356
357
358
359

361
362
363
364
365
366
367
368
369
370
371
372
373

375
376
377
378
379
380
381
382
383
384

Machines per operation:
0 5 9 10
5 7 11
1 8 9 11 13
5 7 11
1 5 8 13 14
0 3 4 6 8
1 4 10 13
3 4 8 10 11
7 8 12 13
3 6 14
2 6 11 14
1 3 7 13 14
3 5 8 11 14
4 5 9 12
1 2 3 7 9
3 5 11 12 13
3 4 10 12 14
3 5 7 14
2 5 10 14
3 4 7 14
5 6 13 14
0 1 5 6 13
0 1 10
7 8 10 11 14
1 3 5
2 7 14
4 7 14
1 4 6 11
2 4 10 14
2 4 7 13
1 3 7 11
5 6 11 14
2 3 4 7 8
1 8 9 10
3 4 10
3 5 7 9
6 7 11
2 3 6 12
6 9 10 13 14
4 7 9 10
0 1 4 14
2 3 4 7 13
1 5 13
1 3 4 7 12
3 4 14
1 5 8
1 8 9 10 12
7 11 12
0 6 7 8 13
3 5 8 11 12
5 7 13
0 5 11 12 14
6 8 12 14
1 3 6 13
1 2 10 14
2 9 10 12 13
2 4 5 7 14
1 5 7 8 12
1 2 7 8 12
0 1 9
2 3 5 6 13
4 5 8 9 14
6 8 14
5 10 13 14
1 8 13
0 6 8 10 11
2 3 11
6 9 14
0 2 8 14
0 2 8 14
0 4 5
0 1 2 5 10
6 13 14
1 5 10 11 12
0 2 6 13
2 6 10 11
0 10 11
1 2 8 11
7 9 13
5 6 9 10 13
0 6 7 12 14
2 3 7 10 12
1 2 5 12 14
7 8 14
2 3 5 12
1 2 6 8 12
1 3 5 11
0 3 7 13 14
2 5 8 10 14
2 9 11 12
6 7 9 12 13
1 3 8 11
2 3 4 12
1 12 14
7 8 9 10 14
2 7 13 14
0 4 5 6 12
1 3 9 11 14
0 1 4 9
0 5 6 10 12
4 10 11
1 2 12
2 6 12 13
2 8 9
0 3 5 11 14
0 2 3 7
4 8 9 13
0 5 6 13
0 2 8 11
1 3 6
0 1 6 8 13
0 2 4 8 10
1 3 8 10 11
0 5 8 14
0 1 6 10
1 2 4 5
6 10 11
4 7 9 11 12
1 2 4 9 10
1 2 5 6
1 4 5 12 14
0 4 8 9
1 6 7 10
5 7 11 12 13
7 9 12
1 4 5 9
1 2 8 12 14
0 2 6 12
5 9 10 11 13
2 3 5 9 13
0 2 5 6
4 5 9 10 11
4 7 9 10
7 8 9 10
0 8 10 11
0 6 9 10 14
0 1 11 13
7 8 10 12
7 9 12 14
2 6 13
0 2 8 11
0 3 4 6 9
0 1 4 6 14
2 3 8 10 12
1 5 7 10 14
3 4 7
6 7 9 11
2 4 7 8 14
1 4 9 12 13
4 8 12
0 6 14
1 11 13 14
0 2 7
2 3 5 7 8
0 2 5 12 13
3 6 9 11
6 9 10
3 8 9 14
2 10 12
2 6 7 8
2 10 12 13
2 3 7 10
3 11 14
0 3 8 13
2 9 10
1 4 6 9 13
2 7 9 14
8 11 14
0 4 6 10
4 8 10 12 14
6 7 10
6 8 14
3 11 12
5 6 11
0 1 4 5 6
1 10 14
6 12 13 14
1 12 13
0 3 8 10
8 10 11 13 14
1 7 9
6 8 9 14
1 5 10 14
0 6 8 13
0 1 3 13
1 2 7 8
4 7 8
3 5 7 9 11
3 4 8 10 11
4 6 9 12
1 5 8 11
8 9 10 13
0 4 7 14
3 8 10
4 7 10 11
3 7 10 12
2 3 5 11 13
0 1 14
5 8 9 13
6 9 12
1 10 13 14
0 3 10 11
1 4 12
0 4 6 8 14
3 6 9 11
3 5 6 8 13
3 6 9 10 13
1 5 9 14
4 8 9 13
0 1 2 12 13
5 8 14
1 6 11
2 4 7 11
3 5 9 11 13
11 13 14
1 3 7 13
6 10 11 13
1 8 11
2 11 14
0 5 10 13
1 2 9 13 14
1 5 10
1 5 6 10 13
1 3 10
4 5 8 9 13
0 5 12 13 14
7 11 13 14
0 3 9 10
2 3 4 8 9
0 1 4 5 9
1 6 10
4 5 12
0 2 6 7 9
0 1 9 11 12
5 7 8
1 5 6 8 11
3 10 13
5 9 13
5 7 14
2 3 4 5 9
1 9 10 11
3 9 12
1 3 8 9
5 10 11
5 7 8 9
3 6 13 14
0 1 9 10 13
0 1 8 9 10
2 8 9 10
4 10 12
0 6 14
0 3 5 7 9
1 4 5 8
1 5 6 12 13
1 2 6 13
3 5 10 13
0 2 4 7 8
0 1 2 11 13
0 1 6 8 11
3 4 5 9
4 5 13
0 2 10 13
4 5 7 8 10
5 8 9 13
1 4 8 9 13
3 6 7 10
1 5 9
2 3 4 9 13
3 5 11 14
2 6 10
3 4 9 14
1 7 12
0 2 8
0 3 9 13
3 4 7 9 13
1 4 5 6 14
1 2 13
0 1 2 9 14
0 2 4 5 6
3 8 9 10
2 4 8
5 6 11 13
2 8 9 11 13
2 4 6 10 12
2 3 8
1 5 7 9 10
3 8 9 13 14
3 4 5 12
0 5 11 13 14
1 2 3 14
2 5 6 14
1 2 4 9
1 4 7 8
1 6 7 10 13
2 7 11
4 7 10 11
4 11 12 13 14
0 5 9
4 7 14
3 7 8 11 13
1 3 8 10 11
3 8 11 12 14
6 7 10
0 1 3 7 9
0 2 7
7 12 14
1 2 6 11 14
1 5 9
3 4 5 10 12
0 1 6 11 12
3 6 7 9 12
4 8 12
4 10 11 13 14
2 4 5 9 10
2 6 7 8 11
2 8 10
8 9 10 11
2 3 4 10 12
0 5 7 13
2 3 5
0 10 13
3 5 9 10 12
0 1 7
7 10 11
3 7 11 13
0 1 4 5 9
0 7 9
0 3 6 11 14
0 5 11 13
4 5 9 10 11
2 5 6 8
6 7 11 13 14
3 9 10
2 3 6 11
0 1 7 13 14
0 3 11
0 3 10 11
8 11 13
0 3 5 8 14
2 3 14
0 1 2 8 9
6 7 9 14
6 7 8 9
1 3 6 9 12
0 6 9 10 11
8 11 14
0 2 5 8 10
1 5 6 7 13
0 6 7 14
0 4 7 11 12
4 7 8 11
1 2 8 11
0 4 10
3 6 7 14
4 5 6
6 12 14
1 3 8 11
1 6 7 8 10
0 1 6
4 5 6 9 13
2 3 11 12 13
1 7 11
2 5 11
3 4 7
0 3 13
1 2 6 8
0 5 10 13
9 12 13
3 5 11 14
2 5 8 9 10
7 10 12
0 3 5 8 12
0 3 5 9 10
3 4 14
1 8 11 12
3 4 6 8 10
3 4 5 9
3 4 7 8 11
0 1 2 4 10
0 3 10 12 13
1 2 8
1 3 5 6 9
10 11 13
0 4 14
0 2 3 8 10
Processing times (o m w p):
0 0 2 84
0 0 3 79
0 0 4 77
0 0 5 72
0 0 7 78
0 0 8 73
0 0 10 86
0 0 11 74
0 5 0 79
0 5 2 74
0 5 3 72
0 5 7 67
0 5 8 73
0 5 9 68
0 5 10 81
0 5 11 69
0 9 1 77
0 9 2 72
0 9 4 70
0 9 5 65
0 9 8 71
0 9 9 66
0 9 10 79
0 9 11 67
0 10 0 68
0 10 1 65
0 10 2 67
0 10 4 61
0 10 8 73
0 10 9 67
0 10 10 64
0 10 11 66
1 5 0 17
1 5 2 16
1 5 3 15
1 5 7 14
1 5 8 15
1 5 9 14
1 5 10 17
1 5 11 14
1 7 1 16
1 7 5 15
1 7 6 14
1 7 7 13
1 7 8 14
1 7 9 13
1 7 10 16
1 7 11 13
1 11 0 15
1 11 1 14
1 11 2 13
1 11 5 12
1 11 6 13
1 11 7 12
1 11 8 15
1 11 10 12
2 1 0 19
2 1 2 18
2 1 3 17
2 1 5 16
2 1 6 17
2 1 7 16
2 1 8 19
2 1 10 16
2 8 2 18
2 8 3 17
2 8 4 16
2 8 5 15
2 8 7 16
2 8 8 15
2 8 9 18
2 8 10 15
2 9 1 17
2 9 2 16
2 9 4 15
2 9 5 14
2 9 8 15
2 9 9 14
2 9 10 17
2 9 11 14
2 11 0 16
2 11 1 15
2 11 2 14
2 11 5 13
2 11 6 14
2 11 7 13
2 11 8 16
2 11 10 13
2 13 0 17
2 13 1 16
2 13 3 15
2 13 5 14
2 13 6 15
2 13 7 14
2 13 8 17
2 13 9 14
3 5 0 78
3 5 2 89
3 5 3 85
3 5 7 83
3 5 8 79
3 5 9 91
3 5 10 78
3 5 11 88
3 7 1 94
3 7 5 103
3 7 6 99
3 7 7 99
3 7 8 99
3 7 9 85
3 7 10 96
3 7 11 92
3 11 0 83
3 11 1 94
3 11 2 98
3 11 5 83
3 11 6 81
3 11 7 94
3 11 8 83
3 11 10 84
4 1 0 79
4 1 2 90
4 1 3 86
4 1 5 84
4 1 6 80
4 1 7 92
4 1 8 79
4 1 10 89
4 5 0 84
4 5 2 79
4 5 3 77
4 5 7 72
4 5 8 78
4 5 9 73
4 5 10 86
4 5 11 74
4 8 2 82
4 8 3 77
4 8 4 75
4 8 5 70
4 8 7 76
4 8 8 71
4 8 9 84
4 8 10 72
4 13 0 77
4 13 1 72
4 13 3 70
4 13 5 65
4 13 6 71
4 13 7 66
4 13 8 79
4 13 9 67
4 14 1 83
4 14 3 78
4 14 4 76
4 14 5 71
4 14 7 77
4 14 9 72
4 14 10 85
4 14 11 73
5 0 2 83
5 0 3 78
5 0 4 76
5 0 5 71
5 0 7 77
5 0 8 72
5 0 10 85
5 0 11 73
5 3 0 78
5 3 1 73
5 3 2 71
5 3 3 66
5 3 5 72
5 3 6 67
5 3 7 80
5 3 8 68
5 4 0 76
5 4 2 71
5 4 4 69
5 4 5 64
5 4 6 70
5 4 8 65
5 4 10 78
5 4 11 66
5 6 0 67
5 6 2 64
5 6 3 66
5 6 4 60
5 6 5 72
5 6 7 66
5 6 8 63
5 6 10 65
5 8 2 77
5 8 3 72
5 8 4 70
5 8 5 65
5 8 7 71
5 8 8 66
5 8 9 79
5 8 10 67
6 1 0 84
6 1 2 79
6 1 3 77
6 1 5 72
6 1 6 78
6 1 7 73
6 1 8 86
6 1 10 74
6 4 0 83
6 4 2 94
6 4 4 98
6 4 5 83
6 4 6 81
6 4 8 94
6 4 10 83
6 4 11 84
6 10 0 81
6 10 1 92
6 10 2 88
6 10 4 86
6 10 8 82
6 10 9 94
6 10 10 81
6 10 11 91
6 13 0 79
6 13 1 90
6 13 3 86
6 13 5 84
6 13 6 80
6 13 7 92
6 13 8 79
6 13 9 89
7 3 0 41
7 3 1 39
7 3 2 38
7 3 3 35
7 3 5 38
7 3 6 36
7 3 7 42
7 3 8 36
7 4 0 39
7 4 2 37
7 4 4 36
7 4 5 33
7 4 6 36
7 4 8 34
7 4 10 40
7 4 11 34
7 8 2 38
7 8 3 36
7 8 4 35
7 8 5 32
7 8 7 35
7 8 8 33
7 8 9 39
7 8 10 33
7 10 0 35
7 10 1 33
7 10 2 32
7 10 4 29
7 10 8 32
7 10 9 30
7 10 10 36
7 10 11 30
7 11 0 38
7 11 1 36
7 11 2 35
7 11 5 32
7 11 6 35
7 11 7 33
7 11 8 39
7 11 10 33
8 7 1 91
8 7 5 100
8 7 6 96
8 7 7 96
8 7 8 96
8 7 9 82
8 7 10 93
8 7 11 89
8 8 2 111
8 8 3 104
8 8 4 98
8 8 5 110
8 8 7 100
8 8 8 94
8 8 9 97
8 8 10 103
8 12 1 113
8 12 3 106
8 12 4 100
8 12 5 112
8 12 6 102
8 12 8 96
8 12 9 99
8 12 10 105
8 13 0 114
8 13 1 107
8 13 3 101
8 13 5 113
8 13 6 103
8 13 7 97
8 13 8 100
8 13 9 106
9 3 0 17
9 3 1 16
9 3 2 15
9 3 3 14
9 3 5 15
9 3 6 14
9 3 7 17
9 3 8 14
9 6 0 16
9 6 2 15
9 6 3 14
9 6 4 13
9 6 5 14
9 6 7 13
9 6 8 16
9 6 10 13
9 14 1 15
9 14 3 14
9 14 4 13
9 14 5 12
9 14 7 13
9 14 9 12
9 14 10 15
9 14 11 12
10 2 1 66
10 2 2 63
10 2 4 65
10 2 5 59
10 2 6 71
10 2 7 65
10 2 9 62
10 2 10 64
10 6 0 63
10 6 2 60
10 6 3 62
10 6 4 56
10 6 5 68
10 6 7 62
10 6 8 59
10 6 10 61
10 11 0 65
10 11 1 62
10 11 2 64
10 11 5 58
10 11 6 70
10 11 7 64
10 11 8 61
10 11 10 63
10 14 1 62
10 14 3 55
10 14 4 63
10 14 5 55
10 14 7 63
10 14 9 57
10 14 10 56
10 14 11 60
11 1 0 94
11 1 2 103
11 1 3 99
11 1 5 99
11 1 6 99
11 1 7 85
11 1 8 96
11 1 10 92
11 3 0 112
11 3 1 105
11 3 2 99
11 3 3 111
11 3 5 101
11 3 6 95
11 3 7 98
11 3 8 104
11 7 1 99
11 7 5 108
11 7 6 104
11 7 7 104
11 7 8 104
11 7 9 90
11 7 10 101
11 7 11 97
11 13 0 99
11 13 1 108
11 13 3 104
11 13 5 104
11 13 6 104
11 13 7 90
11 13 8 101
11 13 9 97
11 14 1 99
11 14 3 108
11 14 4 104
11 14 5 104
11 14 7 104
11 14 9 90
11 14 10 101
11 14 11 97
12 3 0 18
12 3 1 22
12 3 2 18
12 3 3 18
12 3 5 18
12 3 6 19
12 3 7 20
12 3 8 21
12 5 0 20
12 5 2 19
12 5 3 18
12 5 7 17
12 5 8 18
12 5 9 17
12 5 10 20
12 5 11 17
12 8 2 19
12 8 3 18
12 8 4 17
12 8 5 16
12 8 7 17
12 8 8 16
12 8 9 19
12 8 10 16
12 11 0 18
12 11 1 17
12 11 2 16
12 11 5 15
12 11 6 16
12 11 7 15
12 11 8 18
12 11 10 15
12 14 1 19
12 14 3 18
12 14 4 17
12 14 5 16
12 14 7 17
12 14 9 16
12 14 10 19
12 14 11 16
13 4 0 95
13 4 2 104
13 4 4 100
13 4 5 100
13 4 6 100
13 4 8 86
13 4 10 97
13 4 11 93
13 5 0 113
13 5 2 106
13 5 3 100
13 5 7 112
13 5 8 102
13 5 9 96
13 5 10 99
13 5 11 105
13 9 1 91
13 9 2 102
13 9 4 104
13 9 5 105
13 9 8 110
13 9 9 104
13 9 10 94
13 9 11 110
13 12 1 91
13 12 3 102
13 12 4 104
13 12 5 105
13 12 6 110
13 12 8 104
13 12 9 94
13 12 10 110
14 1 0 92
14 1 2 101
14 1 3 97
14 1 5 97
14 1 6 97
14 1 7 83
14 1 8 94
14 1 10 90
14 2 1 110
14 2 2 103
14 2 4 97
14 2 5 109
14 2 6 99
14 2 7 93
14 2 9 96
14 2 10 102
14 3 0 97
14 3 1 106
14 3 2 102
14 3 3 102
14 3 5 102
14 3 6 88
14 3 7 99
14 3 8 95
14 7 1 97
14 7 5 106
14 7 6 102
14 7 7 102
14 7 8 102
14 7 9 88
14 7 10 99
14 7 11 95
14 9 1 97
14 9 2 106
14 9 4 102
14 9 5 102
14 9 8 102
14 9 9 88
14 9 10 99
14 9 11 95
15 3 0 30
15 3 1 29
15 3 2 31
15 3 3 29
15 3 5 31
15 3 6 31
15 3 7 30
15 3 8 28
15 5 0 29
15 5 2 28
15 5 3 30
15 5 7 28
15 5 8 30
15 5 9 30
15 5 10 29
15 5 11 27
15 11 0 28
15 11 1 32
15 11 2 27
15 11 5 28
15 11 6 33
15 11 7 27
15 11 8 31
15 11 10 33
15 12 1 29
15 12 3 28
15 12 4 30
15 12 5 28
15 12 6 30
15 12 8 30
15 12 9 29
15 12 10 27
15 13 0 28
15 13 1 32
15 13 3 27
15 13 5 28
15 13 6 33
15 13 7 27
15 13 8 31
15 13 9 33
16 3 0 63
16 3 1 60
16 3 2 62
16 3 3 56
16 3 5 68
16 3 6 62
16 3 7 59
16 3 8 61
16 4 0 59
16 4 2 52
16 4 4 60
16 4 5 52
16 4 6 60
16 4 8 54
16 4 10 53
16 4 11 57
16 10 0 64
16 10 1 61
16 10 2 63
16 10 4 57
16 10 8 69
16 10 9 63
16 10 10 60
16 10 11 62
16 12 1 59
16 12 3 52
16 12 4 60
16 12 5 52
16 12 6 60
16 12 8 54
16 12 9 53
16 12 10 57
16 14 1 64
16 14 3 61
16 14 4 63
16 14 5 57
16 14 7 69
16 14 9 63
16 14 10 60
16 14 11 62
17 3 0 20
17 3 1 19
17 3 2 18
17 3 3 17
17 3 5 18
17 3 6 17
17 3 7 20
17 3 8 17
17 5 0 19
17 5 2 18
17 5 3 17
17 5 7 16
17 5 8 17
17 5 9 16
17 5 10 19
17 5 11 16
17 7 1 18
17 7 5 17
17 7 6 16
17 7 7 15
17 7 8 16
17 7 9 15
17 7 10 18
17 7 11 15
17 14 1 17
17 14 3 16
17 14 4 15
17 14 5 14
17 14 7 15
17 14 9 14
17 14 10 17
17 14 11 14
18 2 1 76
18 2 2 87
18 2 4 83
18 2 5 81
18 2 6 77
18 2 7 89
18 2 9 76
18 2 10 86
18 5 0 77
18 5 2 72
18 5 3 70
18 5 7 65
18 5 8 71
18 5 9 66
18 5 10 79
18 5 11 67
18 10 0 78
18 10 1 89
18 10 2 85
18 10 4 83
18 10 8 79
18 10 9 91
18 10 10 78
18 10 11 88
18 14 1 82
18 14 3 77
18 14 4 75
18 14 5 70
18 14 7 76
18 14 9 71
18 14 10 84
18 14 11 72
19 3 0 15
19 3 1 14
19 3 2 13
19 3 3 12
19 3 5 13
19 3 6 12
19 3 7 15
19 3 8 12
19 4 0 14
19 4 2 13
19 4 4 12
19 4 5 11
19 4 6 12
19 4 8 11
19 4 10 14
19 4 11 11
19 7 1 13
19 7 5 12
19 7 6 11
19 7 7 10
19 7 8 11
19 7 9 10
19 7 10 13
19 7 11 10
19 14 1 12
19 14 3 11
19 14 4 10
19 14 5 9
19 14 7 10
19 14 9 9
19 14 10 12
19 14 11 9
20 5 0 28
20 5 2 27
20 5 3 29
20 5 7 27
20 5 8 29
20 5 9 29
20 5 10 28
20 5 11 26
20 6 0 27
20 6 2 26
20 6 3 28
20 6 4 26
20 6 5 28
20 6 7 28
20 6 8 27
20 6 10 25
20 13 0 29
20 13 1 28
20 13 3 30
20 13 5 28
20 13 6 30
20 13 7 30
20 13 8 29
20 13 9 27
20 14 1 27
20 14 3 26
20 14 4 28
20 14 5 26
20 14 7 28
20 14 9 28
20 14 10 27
20 14 11 25
21 0 2 59
21 0 3 52
21 0 4 60
21 0 5 52
21 0 7 60
21 0 8 54
21 0 10 53
21 0 11 57
21 1 0 43
21 1 2 52
21 1 3 48
21 1 5 48
21 1 6 48
21 1 7 44
21 1 8 45
21 1 10 51
21 5 0 60
21 5 2 53
21 5 3 61
21 5 7 53
21 5 8 61
21 5 9 55
21 5 10 54
21 5 11 58
21 6 0 43
21 6 2 52
21 6 3 48
21 6 4 48
21 6 5 48
21 6 7 44
21 6 8 45
21 6 10 51
21 13 0 60
21 13 1 53
21 13 3 61
21 13 5 53
21 13 6 61
21 13 7 55
21 13 8 54
21 13 9 58
22 0 2 92
22 0 3 101
22 0 4 97
22 0 5 97
22 0 7 97
22 0 8 83
22 0 10 94
22 0 11 90
22 1 0 110
22 1 2 103
22 1 3 97
22 1 5 109
22 1 6 99
22 1 7 93
22 1 8 96
22 1 10 102
22 10 0 97
22 10 1 106
22 10 2 102
22 10 4 102
22 10 8 102
22 10 9 88
22 10 10 99
22 10 11 95
23 7 1 73
23 7 5 72
23 7 6 68
23 7 7 63
23 7 8 68
23 7 9 74
23 7 10 70
23 7 11 71
23 8 2 68
23 8 3 65
23 8 4 67
23 8 5 61
23 8 7 73
23 8 8 67
23 8 9 64
23 8 10 66
23 10 0 70
23 10 1 67
23 10 2 69
23 10 4 63
23 10 8 75
23 10 9 69
23 10 10 66
23 10 11 68
23 11 0 64
23 11 1 61
23 11 2 63
23 11 5 57
23 11 6 69
23 11 7 63
23 11 8 60
23 11 10 62
23 14 1 80
23 14 3 75
23 14 4 73
23 14 5 68
23 14 7 74
23 14 9 69
23 14 10 82
23 14 11 70
24 1 0 28
24 1 2 32
24 1 3 27
24 1 5 28
24 1 6 33
24 1 7 27
24 1 8 31
24 1 10 33
24 3 0 30
24 3 1 29
24 3 2 31
24 3 3 29
24 3 5 31
24 3 6 31
24 3 7 30
24 3 8 28
24 5 0 33
24 5 2 31
24 5 3 30
24 5 7 27
24 5 8 30
24 5 9 28
24 5 10 34
24 5 11 28
25 2 1 82
25 2 2 77
25 2 4 75
25 2 5 70
25 2 6 76
25 2 7 71
25 2 9 84
25 2 10 72
25 7 1 83
25 7 5 94
25 7 6 90
25 7 7 88
25 7 8 84
25 7 9 96
25 7 10 83
25 7 11 93
25 14 1 79
25 14 3 90
25 14 4 86
25 14 5 84
25 14 7 80
25 14 9 92
25 14 10 79
25 14 11 89
26 4 0 96
26 4 2 105
26 4 4 101
26 4 5 101
26 4 6 101
26 4 8 87
26 4 10 98
26 4 11 94
26 7 1 114
26 7 5 107
26 7 6 101
26 7 7 113
26 7 8 103
26 7 9 97
26 7 10 100
26 7 11 106
26 14 1 110
26 14 3 103
26 14 4 97
26 14 5 109
26 14 7 99
26 14 9 93
26 14 10 96
26 14 11 102
27 1 0 13
27 1 2 12
27 1 3 11
27 1 5 10
27 1 6 11
27 1 7 10
27 1 8 13
27 1 10 10
27 4 0 12
27 4 2 11
27 4 4 10
27 4 5 9
27 4 6 10
27 4 8 9
27 4 10 12
27 4 11 9
27 6 0 10
27 6 2 9
27 6 3 11
27 6 4 9
27 6 5 11
27 6 7 11
27 6 8 10
27 6 10 11
27 11 0 9
27 11 1 9
27 11 2 8
27 11 5 8
27 11 6 8
27 11 7 8
27 11 8 9
27 11 10 8
28 2 1 39
28 2 2 37
28 2 4 36
28 2 5 33
28 2 6 36
28 2 7 34
28 2 9 40
28 2 10 34
28 4 0 37
28 4 2 35
28 4 4 34
28 4 5 31
28 4 6 34
28 4 8 32
28 4 10 38
28 4 11 32
28 10 0 36
28 10 1 34
28 10 2 33
28 10 4 30
28 10 8 33
28 10 9 31
28 10 10 37
28 10 11 31
28 14 1 33
28 14 3 31
28 14 4 30
28 14 5 27
28 14 7 30
28 14 9 28
28 14 10 34
28 14 11 28
29 2 1 97
29 2 2 106
29 2 4 102
29 2 5 102
29 2 6 102
29 2 7 88
29 2 9 99
29 2 10 95
29 4 0 115
29 4 2 108
29 4 4 102
29 4 5 114
29 4 6 104
29 4 8 98
29 4 10 101
29 4 11 107
29 7 1 111
29 7 5 104
29 7 6 98
29 7 7 110
29 7 8 100
29 7 9 94
29 7 10 97
29 7 11 103
29 13 0 111
29 13 1 104
29 13 3 98
29 13 5 110
29 13 6 100
29 13 7 94
29 13 8 97
29 13 9 103
30 1 0 36
30 1 2 45
30 1 3 41
30 1 5 41
30 1 6 41
30 1 7 37
30 1 8 38
30 1 10 44
30 3 0 41
30 3 1 39
30 3 2 38
30 3 3 35
30 3 5 38
30 3 6 36
30 3 7 42
30 3 8 36
30 7 1 40
30 7 5 38
30 7 6 37
30 7 7 34
30 7 8 37
30 7 9 35
30 7 10 41
30 7 11 35
30 11 0 37
30 11 1 35
30 11 2 34
30 11 5 31
30 11 6 34
30 11 7 32
30 11 8 38
30 11 10 32
31 5 0 28
31 5 2 32
31 5 3 27
31 5 7 28
31 5 8 33
31 5 9 27
31 5 10 31
31 5 11 33
31 6 0 30
31 6 2 29
31 6 3 31
31 6 4 29
31 6 5 31
31 6 7 31
31 6 8 30
31 6 10 28
31 11 0 33
31 11 1 31
31 11 2 30
31 11 5 27
31 11 6 30
31 11 7 28
31 11 8 34
31 11 10 28
31 14 1 30
31 14 3 29
31 14 4 31
31 14 5 29
31 14 7 31
31 14 9 31
31 14 10 30
31 14 11 28
32 2 1 69
32 2 2 66
32 2 4 68
32 2 5 62
32 2 6 74
32 2 7 68
32 2 9 65
32 2 10 67
32 3 0 66
32 3 1 63
32 3 2 65
32 3 3 59
32 3 5 71
32 3 6 65
32 3 7 62
32 3 8 64
32 4 0 68
32 4 2 65
32 4 4 67
32 4 5 61
32 4 6 73
32 4 8 67
32 4 10 64
32 4 11 66
32 7 1 62
32 7 5 59
32 7 6 61
32 7 7 55
32 7 8 67
32 7 9 61
32 7 10 58
32 7 11 60
32 8 2 78
32 8 3 73
32 8 4 71
32 8 5 66
32 8 7 72
32 8 8 67
32 8 9 80
32 8 10 68
33 1 0 67
33 1 2 64
33 1 3 66
33 1 5 60
33 1 6 72
33 1 7 66
33 1 8 63
33 1 10 65
33 8 2 64
33 8 3 61
33 8 4 63
33 8 5 57
33 8 7 69
33 8 8 63
33 8 9 60
33 8 10 62
33 9 1 66
33 9 2 63
33 9 4 65
33 9 5 59
33 9 8 71
33 9 9 65
33 9 10 62
33 9 11 64
33 10 0 63
33 10 1 56
33 10 2 64
33 10 4 56
33 10 8 64
33 10 9 58
33 10 10 57
33 10 11 61
34 3 0 69
34 3 1 66
34 3 2 68
34 3 3 62
34 3 5 74
34 3 6 68
34 3 7 65
34 3 8 67
34 4 0 66
34 4 2 63
34 4 4 65
34 4 5 59
34 4 6 71
34 4 8 65
34 4 10 62
34 4 11 64
34 10 0 68
34 10 1 65
34 10 2 67
34 10 4 61
34 10 8 73
34 10 9 67
34 10 10 64
34 10 11 66
35 3 0 97
35 3 1 106
35 3 2 102
35 3 3 102
35 3 5 102
35 3 6 88
35 3 7 99
35 3 8 95
35 5 0 115
35 5 2 108
35 5 3 102
35 5 7 114
35 5 8 104
35 5 9 98
35 5 10 101
35 5 11 107
35 7 1 111
35 7 5 104
35 7 6 98
35 7 7 110
35 7 8 100
35 7 9 94
35 7 10 97
35 7 11 103
35 9 1 111
35 9 2 104
35 9 4 98
35 9 5 110
35 9 8 100
35 9 9 94
35 9 10 97
35 9 11 103
36 6 0 92
36 6 2 101
36 6 3 97
36 6 4 97
36 6 5 97
36 6 7 83
36 6 8 94
36 6 10 90
36 7 1 110
36 7 5 103
36 7 6 97
36 7 7 109
36 7 8 99
36 7 9 93
36 7 10 96
36 7 11 102
36 11 0 97
36 11 1 106
36 11 2 102
36 11 5 102
36 11 6 102
36 11 7 88
36 11 8 99
36 11 10 95
37 2 1 19
37 2 2 18
37 2 4 17
37 2 5 16
37 2 6 17
37 2 7 16
37 2 9 19
37 2 10 16
37 3 0 18
37 3 1 17
37 3 2 16
37 3 3 15
37 3 5 16
37 3 6 15
37 3 7 18
37 3 8 15
37 6 0 17
37 6 2 16
37 6 3 15
37 6 4 14
37 6 5 15
37 6 7 14
37 6 8 17
37 6 10 14
37 12 1 16
37 12 3 15
37 12 4 14
37 12 5 13
37 12 6 14
37 12 8 13
37 12 9 16
37 12 10 13
38 6 0 28
38 6 2 32
38 6 3 27
38 6 4 28
38 6 5 33
38 6 7 27
38 6 8 31
38 6 10 33
38 9 1 30
38 9 2 29
38 9 4 31
38 9 5 29
38 9 8 31
38 9 9 31
38 9 10 30
38 9 11 28
38 10 0 33
38 10 1 31
38 10 2 30
38 10 4 27
38 10 8 30
38 10 9 28
38 10 10 34
38 10 11 28
38 13 0 30
38 13 1 29
38 13 3 31
38 13 5 29
38 13 6 31
38 13 7 31
38 13 8 30
38 13 9 28
38 14 1 33
38 14 3 31
38 14 4 30
38 14 5 27
38 14 7 30
38 14 9 28
38 14 10 34
38 14 11 28
39 4 0 81
39 4 2 76
39 4 4 74
39 4 5 69
39 4 6 75
39 4 8 70
39 4 10 83
39 4 11 71
39 7 1 82
39 7 5 93
39 7 6 89
39 7 7 87
39 7 8 83
39 7 9 95
39 7 10 82
39 7 11 92
39 9 1 78
39 9 2 89
39 9 4 85
39 9 5 83
39 9 8 79
39 9 9 91
39 9 10 78
39 9 11 88
39 10 0 76
39 10 1 87
39 10 2 83
39 10 4 81
39 10 8 77
39 10 9 89
39 10 10 76
39 10 11 86
40 0 2 18
40 0 3 17
40 0 4 16
40 0 5 15
40 0 7 16
40 0 8 15
40 0 10 18
40 0 11 15
40 1 0 17
40 1 2 16
40 1 3 15
40 1 5 14
40 1 6 15
40 1 7 14
40 1 8 17
40 1 10 14
40 4 0 16
40 4 2 15
40 4 4 14
40 4 5 13
40 4 6 14
40 4 8 13
40 4 10 16
40 4 11 13
40 14 1 15
40 14 3 14
40 14 4 13
40 14 5 12
40 14 7 13
40 14 9 12
40 14 10 15
40 14 11 12
41 2 1 25
41 2 2 24
41 2 4 26
41 2 5 24
41 2 6 26
41 2 7 26
41 2 9 25
41 2 10 23
41 3 0 24
41 3 1 23
41 3 2 25
41 3 3 23
41 3 5 25
41 3 6 25
41 3 7 24
41 3 8 22
41 4 0 26
41 4 2 25
41 4 4 27
41 4 5 25
41 4 6 27
41 4 8 27
41 4 10 26
41 4 11 24
41 7 1 24
41 7 5 23
41 7 6 25
41 7 7 23
41 7 8 25
41 7 9 25
41 7 10 24
41 7 11 22
41 13 0 26
41 13 1 25
41 13 3 27
41 13 5 25
41 13 6 27
41 13 7 27
41 13 8 26
41 13 9 24
42 1 0 66
42 1 2 59
42 1 3 61
42 1 5 54
42 1 6 58
42 1 7 65
42 1 8 63
42 1 10 55
42 5 0 57
42 5 2 50
42 5 3 58
42 5 7 50
42 5 8 58
42 5 9 52
42 5 10 51
42 5 11 55
42 13 0 62
42 13 1 59
42 13 3 61
42 13 5 55
42 13 6 67
42 13 7 61
42 13 8 58
42 13 9 60
43 1 0 41
43 1 2 39
43 1 3 38
43 1 5 35
43 1 6 38
43 1 7 36
43 1 8 42
43 1 10 36
43 3 0 39
43 3 1 37
43 3 2 36
43 3 3 33
43 3 5 36
43 3 6 34
43 3 7 40
43 3 8 34
43 4 0 38
43 4 2 36
43 4 4 35
43 4 5 32
43 4 6 35
43 4 8 33
43 4 10 39
43 4 11 33
43 7 1 35
43 7 5 33
43 7 6 32
43 7 7 29
43 7 8 32
43 7 9 30
43 7 10 36
43 7 11 30
43 12 1 38
43 12 3 36
43 12 4 35
43 12 5 32
43 12 6 35
43 12 8 33
43 12 9 39
43 12 10 33
44 3 0 62
44 3 1 55
44 3 2 63
44 3 3 55
44 3 5 63
44 3 6 57
44 3 7 56
44 3 8 60
44 4 0 55
44 4 2 48
44 4 4 56
44 4 5 48
44 4 6 56
44 4 8 50
44 4 10 49
44 4 11 53
44 14 1 63
44 14 3 56
44 14 4 64
44 14 5 56
44 14 7 64
44 14 9 58
44 14 10 57
44 14 11 61
45 1 0 93
45 1 2 102
45 1 3 98
45 1 5 98
45 1 6 98
45 1 7 84
45 1 8 95
45 1 10 91
45 5 0 111
45 5 2 104
45 5 3 98
45 5 7 110
45 5 8 100
45 5 9 94
45 5 10 97
45 5 11 103
45 8 2 98
45 8 3 107
45 8 4 103
45 8 5 103
45 8 7 103
45 8 8 89
45 8 9 100
45 8 10 96
46 1 0 76
46 1 2 87
46 1 3 83
46 1 5 81
46 1 6 77
46 1 7 89
46 1 8 76
46 1 10 86
46 8 2 81
46 8 3 76
46 8 4 74
46 8 5 69
46 8 7 75
46 8 8 70
46 8 9 83
46 8 10 71
46 9 1 79
46 9 2 74
46 9 4 72
46 9 5 67
46 9 8 73
46 9 9 68
46 9 10 81
46 9 11 69
46 10 0 70
46 10 1 67
46 10 2 69
46 10 4 63
46 10 8 75
46 10 9 69
46 10 10 66
46 10 11 68
46 12 1 80
46 12 3 75
46 12 4 73
46 12 5 68
46 12 6 74
46 12 8 69
46 12 9 82
46 12 10 70
47 7 1 83
47 7 5 78
47 7 6 76
47 7 7 71
47 7 8 77
47 7 9 72
47 7 10 85
47 7 11 73
47 11 0 84
47 11 1 95
47 11 2 91
47 11 5 89
47 11 6 85
47 11 7 97
47 11 8 84
47 11 10 94
47 12 1 80
47 12 3 91
47 12 4 87
47 12 5 85
47 12 6 81
47 12 8 93
47 12 9 80
47 12 10 90
48 0 2 20
48 0 3 19
48 0 4 18
48 0 5 17
48 0 7 18
48 0 8 17
48 0 10 20
48 0 11 17
48 6 0 19
48 6 2 18
48 6 3 17
48 6 4 16
48 6 5 17
48 6 7 16
48 6 8 19
48 6 10 16
48 7 1 18
48 7 5 17
48 7 6 16
48 7 7 15
48 7 8 16
48 7 9 15
48 7 10 18
48 7 11 15
48 8 2 17
48 8 3 16
48 8 4 15
48 8 5 14
48 8 7 15
48 8 8 14
48 8 9 17
48 8 10 14
48 13 0 18
48 13 1 17
48 13 3 16
48 13 5 15
48 13 6 16
48 13 7 15
48 13 8 18
48 13 9 15
49 3 0 18
49 3 1 17
49 3 2 16
49 3 3 15
49 3 5 16
49 3 6 15
49 3 7 18
49 3 8 15
49 5 0 17
49 5 2 16
49 5 3 15
49 5 7 14
49 5 8 15
49 5 9 14
49 5 10 17
49 5 11 14
49 8 2 16
49 8 3 15
49 8 4 14
49 8 5 13
49 8 7 14
49 8 8 13
49 8 9 16
49 8 10 13
49 11 0 15
49 11 1 14
49 11 2 13
49 11 5 12
49 11 6 13
49 11 7 12
49 11 8 15
49 11 10 12
49 12 1 16
49 12 3 15
49 12 4 14
49 12 5 13
49 12 6 14
49 12 8 13
49 12 9 16
49 12 10 13
50 5 0 66
50 5 2 59
50 5 3 61
50 5 7 54
50 5 8 58
50 5 9 65
50 5 10 63
50 5 11 55
50 7 1 57
50 7 5 50
50 7 6 58
50 7 7 50
50 7 8 58
50 7 9 52
50 7 10 51
50 7 11 55
50 13 0 62
50 13 1 59
50 13 3 61
50 13 5 55
50 13 6 67
50 13 7 61
50 13 8 58
50 13 9 60
51 0 2 78
51 0 3 73
51 0 4 71
51 0 5 66
51 0 7 72
51 0 8 67
51 0 10 80
51 0 11 68
51 5 0 77
51 5 2 72
51 5 3 70
51 5 7 65
51 5 8 71
51 5 9 66
51 5 10 79
51 5 11 67
51 11 0 69
51 11 1 66
51 11 2 68
51 11 5 62
51 11 6 74
51 11 7 68
51 11 8 65
51 11 10 67
51 12 1 64
51 12 3 61
51 12 4 63
51 12 5 57
51 12 6 69
51 12 8 63
51 12 9 60
51 12 10 62
51 14 1 69
51 14 3 66
51 14 4 68
51 14 5 62
51 14 7 74
51 14 9 68
51 14 10 65
51 14 11 67
52 6 0 41
52 6 2 39
52 6 3 38
52 6 4 35
52 6 5 38
52 6 7 36
52 6 8 42
52 6 10 36
52 8 2 39
52 8 3 37
52 8 4 36
52 8 5 33
52 8 7 36
52 8 8 34
52 8 9 40
52 8 10 34
52 12 1 38
52 12 3 36
52 12 4 35
52 12 5 32
52 12 6 35
52 12 8 33
52 12 9 39
52 12 10 33
52 14 1 35
52 14 3 33
52 14 4 32
52 14 5 29
52 14 7 32
52 14 9 30
52 14 10 36
52 14 11 30
53 1 0 23
53 1 2 22
53 1 3 24
53 1 5 22
53 1 6 24
53 1 7 24
53 1 8 23
53 1 10 21
53 3 0 22
53 3 1 21
53 3 2 23
53 3 3 21
53 3 5 23
53 3 6 23
53 3 7 22
53 3 8 20
53 6 0 24
53 6 2 23
53 6 3 25
53 6 4 23
53 6 5 25
53 6 7 25
53 6 8 24
53 6 10 22
53 13 0 22
53 13 1 21
53 13 3 23
53 13 5 21
53 13 6 23
53 13 7 23
53 13 8 22
53 13 9 20
54 1 0 64
54 1 2 61
54 1 3 63
54 1 5 57
54 1 6 69
54 1 7 63
54 1 8 60
54 1 10 62
54 2 1 60
54 2 2 53
54 2 4 61
54 2 5 53
54 2 6 61
54 2 7 55
54 2 9 54
54 2 10 58
54 10 0 65
54 10 1 62
54 10 2 64
54 10 4 58
54 10 8 70
54 10 9 64
54 10 10 61
54 10 11 63
54 14 1 60
54 14 3 53
54 14 4 61
54 14 5 53
54 14 7 61
54 14 9 55
54 14 10 54
54 14 11 58
55 2 1 27
55 2 2 26
55 2 4 28
55 2 5 26
55 2 6 28
55 2 7 28
55 2 9 27
55 2 10 25
55 9 1 26
55 9 2 25
55 9 4 27
55 9 5 25
55 9 8 27
55 9 9 27
55 9 10 26
55 9 11 24
55 10 0 28
55 10 1 27
55 10 2 29
55 10 4 27
55 10 8 29
55 10 9 29
55 10 10 28
55 10 11 26
55 12 1 26
55 12 3 25
55 12 4 27
55 12 5 25
55 12 6 27
55 12 8 27
55 12 9 26
55 12 10 24
55 13 0 28
55 13 1 27
55 13 3 29
55 13 5 27
55 13 6 29
55 13 7 29
55 13 8 28
55 13 9 26
56 2 1 35
56 2 2 33
56 2 4 32
56 2 5 29
56 2 6 32
56 2 7 30
56 2 9 36
56 2 10 30
56 4 0 33
56 4 2 31
56 4 4 30
56 4 5 27
56 4 6 30
56 4 8 28
56 4 10 34
56 4 11 28
56 5 0 28
56 5 2 32
56 5 3 27
56 5 7 28
56 5 8 33
56 5 9 27
56 5 10 31
56 5 11 33
56 7 1 28
56 7 5 27
56 7 6 29
56 7 7 27
56 7 8 29
56 7 9 29
56 7 10 28
56 7 11 26
56 14 1 28
56 14 3 32
56 14 4 27
56 14 5 28
56 14 7 33
56 14 9 27
56 14 10 31
56 14 11 33
57 1 0 78
57 1 2 89
57 1 3 85
57 1 5 83
57 1 6 79
57 1 7 91
57 1 8 78
57 1 10 88
57 5 0 83
57 5 2 78
57 5 3 76
57 5 7 71
57 5 8 77
57 5 9 72
57 5 10 85
57 5 11 73
57 7 1 81
57 7 5 76
57 7 6 74
57 7 7 69
57 7 8 75
57 7 9 70
57 7 10 83
57 7 11 71
57 8 2 76
57 8 3 71
57 8 4 69
57 8 5 64
57 8 7 70
57 8 8 65
57 8 9 78
57 8 10 66
57 12 1 82
57 12 3 77
57 12 4 75
57 12 5 70
57 12 6 76
57 12 8 71
57 12 9 84
57 12 10 72
58 1 0 79
58 1 2 90
58 1 3 86
58 1 5 84
58 1 6 80
58 1 7 92
58 1 8 79
58 1 10 89
58 2 1 84
58 2 2 79
58 2 4 77
58 2 5 72
58 2 6 78
58 2 7 73
58 2 9 86
58 2 10 74
58 7 1 82
58 7 5 77
58 7 6 75
58 7 7 70
58 7 8 76
58 7 9 71
58 7 10 84
58 7 11 72
58 8 2 77
58 8 3 72
58 8 4 70
58 8 5 65
58 8 7 71
58 8 8 66
58 8 9 79
58 8 10 67
58 12 1 83
58 12 3 78
58 12 4 76
58 12 5 71
58 12 6 77
58 12 8 72
58 12 9 85
58 12 10 73
59 0 2 91
59 0 3 100
59 0 4 96
59 0 5 96
59 0 7 96
59 0 8 82
59 0 10 93
59 0 11 89
59 1 0 111
59 1 2 104
59 1 3 98
59 1 5 110
59 1 6 100
59 1 7 94
59 1 8 97
59 1 10 103
59 9 1 113
59 9 2 106
59 9 4 100
59 9 5 112
59 9 8 102
59 9 9 96
59 9 10 99
59 9 11 105
60 2 1 97
60 2 2 106
60 2 4 102
60 2 5 102
60 2 6 102
60 2 7 88
60 2 9 99
60 2 10 95
60 3 0 115
60 3 1 108
60 3 2 102
60 3 3 114
60 3 5 104
60 3 6 98
60 3 7 101
60 3 8 107
60 5 0 111
60 5 2 104
60 5 3 98
60 5 7 110
60 5 8 100
60 5 9 94
60 5 10 97
60 5 11 103
60 6 0 111
60 6 2 104
60 6 3 98
60 6 4 110
60 6 5 100
60 6 7 94
60 6 8 97
60 6 10 103
60 13 0 111
60 13 1 104
60 13 3 98
60 13 5 110
60 13 6 100
60 13 7 94
60 13 8 97
60 13 9 103
61 4 0 13
61 4 2 12
61 4 4 11
61 4 5 10
61 4 6 11
61 4 8 10
61 4 10 13
61 4 11 10
61 5 0 12
61 5 2 11
61 5 3 10
61 5 7 9
61 5 8 10
61 5 9 9
61 5 10 12
61 5 11 9
61 8 2 10
61 8 3 9
61 8 4 11
61 8 5 9
61 8 7 11
61 8 8 11
61 8 9 10
61 8 10 11
61 9 1 9
61 9 2 9
61 9 4 8
61 9 5 8
61 9 8 8
61 9 9 8
61 9 10 9
61 9 11 8
61 14 1 10
61 14 3 9
61 14 4 11
61 14 5 9
61 14 7 11
61 14 9 11
61 14 10 10
61 14 11 11
62 6 0 64
62 6 2 61
62 6 3 63
62 6 4 57
62 6 5 69
62 6 7 63
62 6 8 60
62 6 10 62
62 8 2 60
62 8 3 53
62 8 4 61
62 8 5 53
62 8 7 61
62 8 8 55
62 8 9 54
62 8 10 58
62 14 1 65
62 14 3 62
62 14 4 64
62 14 5 58
62 14 7 70
62 14 9 64
62 14 10 61
62 14 11 63
63 5 0 96
63 5 2 105
63 5 3 101
63 5 7 101
63 5 8 101
63 5 9 87
63 5 10 98
63 5 11 94
63 10 0 114
63 10 1 107
63 10 2 101
63 10 4 113
63 10 8 103
63 10 9 97
63 10 10 100
63 10 11 106
63 13 0 110
63 13 1 103
63 13 3 97
63 13 5 109
63 13 6 99
63 13 7 93
63 13 8 96
63 13 9 102
63 14 1 110
63 14 3 103
63 14 4 97
63 14 5 109
63 14 7 99
63 14 9 93
63 14 10 96
63 14 11 102
64 1 0 41
64 1 2 39
64 1 3 38
64 1 5 35
64 1 6 38
64 1 7 36
64 1 8 42
64 1 10 36
64 8 2 43
64 8 3 52
64 8 4 48
64 8 5 48
64 8 7 48
64 8 8 44
64 8 9 45
64 8 10 51
64 13 0 39
64 13 1 48
64 13 3 44
64 13 5 44
64 13 6 44
64 13 7 40
64 13 8 41
64 13 9 47
65 0 2 29
65 0 3 28
65 0 4 30
65 0 5 28
65 0 7 30
65 0 8 30
65 0 10 29
65 0 11 27
65 6 0 28
65 6 2 27
65 6 3 29
65 6 4 27
65 6 5 29
65 6 7 29
65 6 8 28
65 6 10 26
65 8 2 30
65 8 3 29
65 8 4 31
65 8 5 29
65 8 7 31
65 8 8 31
65 8 9 30
65 8 10 28
65 10 0 28
65 10 1 27
65 10 2 29
65 10 4 27
65 10 8 29
65 10 9 29
65 10 10 28
65 10 11 26
65 11 0 30
65 11 1 29
65 11 2 31
65 11 5 29
65 11 6 31
65 11 7 31
65 11 8 30
65 11 10 28
66 2 1 64
66 2 2 61
66 2 4 63
66 2 5 57
66 2 6 69
66 2 7 63
66 2 9 60
66 2 10 62
66 3 0 66
66 3 1 59
66 3 2 61
66 3 3 54
66 3 5 58
66 3 6 65
66 3 7 63
66 3 8 55
66 11 0 63
66 11 1 60
66 11 2 62
66 11 5 56
66 11 6 68
66 11 7 62
66 11 8 59
66 11 10 61
67 6 0 37
67 6 2 46
67 6 3 42
67 6 4 42
67 6 5 42
67 6 7 38
67 6 8 39
67 6 10 45
67 9 1 55
67 9 2 48
67 9 4 56
67 9 5 48
67 9 8 56
67 9 9 50
67 9 10 49
67 9 11 53
67 14 1 42
67 14 3 51
67 14 4 47
67 14 5 47
67 14 7 47
67 14 9 43
67 14 10 44
67 14 11 50
68 0 2 81
68 0 3 72
68 0 4 83
68 0 5 77
68 0 7 85
68 0 8 73
68 0 10 84
68 0 11 79
68 2 1 91
68 2 2 100
68 2 4 96
68 2 5 96
68 2 6 96
68 2 7 82
68 2 9 93
68 2 10 89
68 8 2 82
68 8 3 93
68 8 4 89
68 8 5 87
68 8 7 83
68 8 8 95
68 8 9 82
68 8 10 92
68 14 1 80
68 14 3 91
68 14 4 87
68 14 5 85
68 14 7 81
68 14 9 93
68 14 10 80
68 14 11 90
69 0 2 13
69 0 3 12
69 0 4 11
69 0 5 10
69 0 7 11
69 0 8 10
69 0 10 13
69 0 11 10
69 2 1 12
69 2 2 11
69 2 4 10
69 2 5 9
69 2 6 10
69 2 7 9
69 2 9 12
69 2 10 9
69 8 2 10
69 8 3 9
69 8 4 11
69 8 5 9
69 8 7 11
69 8 8 11
69 8 9 10
69 8 10 11
69 14 1 9
69 14 3 9
69 14 4 8
69 14 5 8
69 14 7 8
69 14 9 8
69 14 10 9
69 14 11 8
70 0 2 95
70 0 3 104
70 0 4 100
70 0 5 100
70 0 7 100
70 0 8 86
70 0 10 97
70 0 11 93
70 4 0 113
70 4 2 106
70 4 4 100
70 4 5 112
70 4 6 102
70 4 8 96
70 4 10 99
70 4 11 105
70 5 0 91
70 5 2 102
70 5 3 104
70 5 7 105
70 5 8 110
70 5 9 104
70 5 10 94
70 5 11 110
71 0 2 66
71 0 3 63
71 0 4 65
71 0 5 59
71 0 7 71
71 0 8 65
71 0 10 62
71 0 11 64
71 1 0 63
71 1 2 60
71 1 3 62
71 1 5 56
71 1 6 68
71 1 7 62
71 1 8 59
71 1 10 61
71 2 1 65
71 2 2 62
71 2 4 64
71 2 5 58
71 2 6 70
71 2 7 64
71 2 9 61
71 2 10 63
71 5 0 62
71 5 2 55
71 5 3 63
71 5 7 55
71 5 8 63
71 5 9 57
71 5 10 56
71 5 11 60
71 10 0 73
71 10 1 72
71 10 2 68
71 10 4 63
71 10 8 68
71 10 9 74
71 10 10 70
71 10 11 71
72 6 0 29
72 6 2 28
72 6 3 30
72 6 4 28
72 6 5 30
72 6 7 30
72 6 8 29
72 6 10 27
72 13 0 34
72 13 1 32
72 13 3 31
72 13 5 28
72 13 6 31
72 13 7 29
72 13 8 35
72 13 9 29
72 14 1 28
72 14 3 27
72 14 4 29
72 14 5 27
72 14 7 29
72 14 9 29
72 14 10 28
72 14 11 26
73 1 0 79
73 1 2 90
73 1 3 86
73 1 5 84
73 1 6 80
73 1 7 92
73 1 8 79
73 1 10 89
73 5 0 84
73 5 2 79
73 5 3 77
73 5 7 72
73 5 8 78
73 5 9 73
73 5 10 86
73 5 11 74
73 10 0 82
73 10 1 77
73 10 2 75
73 10 4 70
73 10 8 76
73 10 9 71
73 10 10 84
73 10 11 72
73 11 0 77
73 11 1 72
73 11 2 70
73 11 5 65
73 11 6 71
73 11 7 66
73 11 8 79
73 11 10 67
73 12 1 83
73 12 3 78
73 12 4 76
73 12 5 71
73 12 6 77
73 12 8 72
73 12 9 85
73 12 10 73
74 0 2 30
74 0 3 29
74 0 4 31
74 0 5 29
74 0 7 31
74 0 8 31
74 0 10 30
74 0 11 28
74 2 1 29
74 2 2 28
74 2 4 30
74 2 5 28
74 2 6 30
74 2 7 30
74 2 9 29
74 2 10 27
74 6 0 28
74 6 2 32
74 6 3 27
74 6 4 28
74 6 5 33
74 6 7 27
74 6 8 31
74 6 10 33
74 13 0 29
74 13 1 28
74 13 3 30
74 13 5 28
74 13 6 30
74 13 7 30
74 13 8 29
74 13 9 27
75 2 1 67
75 2 2 64
75 2 4 66
75 2 5 60
75 2 6 72
75 2 7 66
75 2 9 63
75 2 10 65
75 6 0 63
75 6 2 56
75 6 3 64
75 6 4 56
75 6 5 64
75 6 7 58
75 6 8 57
75 6 10 61
75 10 0 62
75 10 1 59
75 10 2 61
75 10 4 55
75 10 8 67
75 10 9 61
75 10 10 58
75 10 11 60
75 11 0 58
75 11 1 51
75 11 2 59
75 11 5 51
75 11 6 59
75 11 7 53
75 11 8 52
75 11 10 56
76 0 2 15
76 0 3 14
76 0 4 13
76 0 5 12
76 0 7 13
76 0 8 12
76 0 10 15
76 0 11 12
76 10 0 14
76 10 1 13
76 10 2 12
76 10 4 11
76 10 8 12
76 10 9 11
76 10 10 14
76 10 11 11
76 11 0 13
76 11 1 12
76 11 2 11
76 11 5 10
76 11 6 11
76 11 7 10
76 11 8 13
76 11 10 10
77 1 0 36
77 1 2 34
77 1 3 33
77 1 5 30
77 1 6 33
77 1 7 31
77 1 8 37
77 1 10 31
77 2 1 34
77 2 2 32
77 2 4 31
77 2 5 28
77 2 6 31
77 2 7 29
77 2 9 35
77 2 10 29
77 8 2 33
77 8 3 31
77 8 4 30
77 8 5 27
77 8 7 30
77 8 8 28
77 8 9 34
77 8 10 28
77 11 0 29
77 11 1 28
77 11 2 30
77 11 5 28
77 11 6 30
77 11 7 30
77 11 8 29
77 11 10 27
78 7 1 15
78 7 5 14
78 7 6 13
78 7 7 12
78 7 8 13
78 7 9 12
78 7 10 15
78 7 11 12
78 9 1 14
78 9 2 13
78 9 4 12
78 9 5 11
78 9 8 12
78 9 9 11
78 9 10 14
78 9 11 11
78 13 0 13
78 13 1 12
78 13 3 11
78 13 5 10
78 13 6 11
78 13 7 10
78 13 8 13
78 13 9 10
79 5 0 79
79 5 2 90
79 5 3 86
79 5 7 84
79 5 8 80
79 5 9 92
79 5 10 79
79 5 11 89
79 6 0 84
79 6 2 79
79 6 3 77
79 6 4 72
79 6 5 78
79 6 7 73
79 6 8 86
79 6 10 74
79 9 1 82
79 9 2 77
79 9 4 75
79 9 5 70
79 9 8 76
79 9 9 71
79 9 10 84
79 9 11 72
79 10 0 77
79 10 1 72
79 10 2 70
79 10 4 65
79 10 8 71
79 10 9 66
79 10 10 79
79 10 11 67
79 13 0 83
79 13 1 78
79 13 3 76
79 13 5 71
79 13 6 77
79 13 7 72
79 13 8 85
79 13 9 73
80 0 2 81
80 0 3 72
80 0 4 83
80 0 5 77
80 0 7 85
80 0 8 73
80 0 10 84
80 0 11 79
80 6 0 91
80 6 2 100
80 6 3 96
80 6 4 96
80 6 5 96
80 6 7 82
80 6 8 93
80 6 10 89
80 7 1 82
80 7 5 93
80 7 6 89
80 7 7 87
80 7 8 83
80 7 9 95
80 7 10 82
80 7 11 92
80 12 1 80
80 12 3 91
80 12 4 87
80 12 5 85
80 12 6 81
80 12 8 93
80 12 9 80
80 12 10 90
80 14 1 76
80 14 3 87
80 14 4 83
80 14 5 81
80 14 7 77
80 14 9 89
80 14 10 76
80 14 11 86
81 2 1 63
81 2 2 56
81 2 4 64
81 2 5 56
81 2 6 64
81 2 7 58
81 2 9 57
81 2 10 61
81 3 0 56
81 3 1 49
81 3 2 57
81 3 3 49
81 3 5 57
81 3 6 51
81 3 7 50
81 3 8 54
81 7 1 66
81 7 5 59
81 7 6 61
81 7 7 54
81 7 8 58
81 7 9 65
81 7 10 63
81 7 11 55
81 10 0 56
81 10 1 49
81 10 2 57
81 10 4 49
81 10 8 57
81 10 9 51
81 10 10 50
81 10 11 54
81 12 1 66
81 12 3 59
81 12 4 61
81 12 5 54
81 12 6 58
81 12 8 65
81 12 9 63
81 12 10 55
82 1 0 20
82 1 2 19
82 1 3 18
82 1 5 17
82 1 6 18
82 1 7 17
82 1 8 20
82 1 10 17
82 2 1 19
82 2 2 18
82 2 4 17
82 2 5 16
82 2 6 17
82 2 7 16
82 2 9 19
82 2 10 16
82 5 0 18
82 5 2 17
82 5 3 16
82 5 7 15
82 5 8 16
82 5 9 15
82 5 10 18
82 5 11 15
82 12 1 17
82 12 3 16
82 12 4 15
82 12 5 14
82 12 6 15
82 12 8 14
82 12 9 17
82 12 10 14
82 14 1 18
82 14 3 17
82 14 4 16
82 14 5 15
82 14 7 16
82 14 9 15
82 14 10 18
82 14 11 15
83 7 1 40
83 7 5 38
83 7 6 37
83 7 7 34
83 7 8 37
83 7 9 35
83 7 10 41
83 7 11 35
83 8 2 38
83 8 3 36
83 8 4 35
83 8 5 32
83 8 7 35
83 8 8 33
83 8 9 39
83 8 10 33
83 14 1 37
83 14 3 35
83 14 4 34
83 14 5 31
83 14 7 34
83 14 9 32
83 14 10 38
83 14 11 32
84 2 1 17
84 2 2 16
84 2 4 15
84 2 5 14
84 2 6 15
84 2 7 14
84 2 9 17
84 2 10 14
84 3 0 16
84 3 1 15
84 3 2 14
84 3 3 13
84 3 5 14
84 3 6 13
84 3 7 16
84 3 8 13
84 5 0 15
84 5 2 14
84 5 3 13
84 5 7 12
84 5 8 13
84 5 9 12
84 5 10 15
84 5 11 12
84 12 1 14
84 12 3 13
84 12 4 12
84 12 5 11
84 12 6 12
84 12 8 11
84 12 9 14
84 12 10 11
85 1 0 84
85 1 2 79
85 1 3 77
85 1 5 72
85 1 6 78
85 1 7 73
85 1 8 86
85 1 10 74
85 2 1 83
85 2 2 94
85 2 4 98
85 2 5 83
85 2 6 81
85 2 7 94
85 2 9 83
85 2 10 84
85 6 0 81
85 6 2 92
85 6 3 88
85 6 4 86
85 6 5 82
85 6 7 94
85 6 8 81
85 6 10 91
85 8 2 79
85 8 3 90
85 8 4 86
85 8 5 84
85 8 7 80
85 8 8 92
85 8 9 79
85 8 10 89
85 12 1 81
85 12 3 72
85 12 4 83
85 12 5 77
85 12 6 85
85 12 8 73
85 12 9 84
85 12 10 79
86 1 0 41
86 1 2 39
86 1 3 38
86 1 5 35
86 1 6 38
86 1 7 36
86 1 8 42
86 1 10 36
86 3 0 43
86 3 1 52
86 3 2 48
86 3 3 48
86 3 5 48
86 3 6 44
86 3 7 45
86 3 8 51
86 5 0 39
86 5 2 48
86 5 3 44
86 5 7 44
86 5 8 44
86 5 9 40
86 5 10 41
86 5 11 47
86 11 0 39
86 11 1 48
86 11 2 44
86 11 5 44
86 11 6 44
86 11 7 40
86 11 8 41
86 11 10 47
87 0 2 41
87 0 3 39
87 0 4 38
87 0 5 35
87 0 7 38
87 0 8 36
87 0 10 42
87 0 11 36
87 3 0 39
87 3 1 37
87 3 2 36
87 3 3 33
87 3 5 36
87 3 6 34
87 3 7 40
87 3 8 34
87 7 1 38
87 7 5 36
87 7 6 35
87 7 7 32
87 7 8 35
87 7 9 33
87 7 10 39
87 7 11 33
87 13 0 35
87 13 1 33
87 13 3 32
87 13 5 29
87 13 6 32
87 13 7 30
87 13 8 36
87 13 9 30
87 14 1 38
87 14 3 36
87 14 4 35
87 14 5 32
87 14 7 35
87 14 9 33
87 14 10 39
87 14 11 33
88 2 1 23
88 2 2 22
88 2 4 24
88 2 5 22
88 2 6 24
88 2 7 24
88 2 9 23
88 2 10 21
88 5 0 22
88 5 2 21
88 5 3 23
88 5 7 21
88 5 8 23
88 5 9 23
88 5 10 22
88 5 11 20
88 8 2 24
88 8 3 23
88 8 4 25
88 8 5 23
88 8 7 25
88 8 8 25
88 8 9 24
88 8 10 22
88 10 0 22
88 10 1 21
88 10 2 23
88 10 4 21
88 10 8 23
88 10 9 23
88 10 10 22
88 10 11 20
88 14 1 24
88 14 3 23
88 14 4 25
88 14 5 23
88 14 7 25
88 14 9 25
88 14 10 24
88 14 11 22
89 2 1 38
89 2 2 36
89 2 4 35
89 2 5 32
89 2 6 35
89 2 7 33
89 2 9 39
89 2 10 33
89 9 1 36
89 9 2 34
89 9 4 33
89 9 5 30
89 9 8 33
89 9 9 31
89 9 10 37
89 9 11 31
89 11 0 35
89 11 1 33
89 11 2 32
89 11 5 29
89 11 6 32
89 11 7 30
89 11 8 36
89 11 10 30
89 12 1 28
89 12 3 32
89 12 4 27
89 12 5 28
89 12 6 33
89 12 8 27
89 12 9 31
89 12 10 33
90 6 0 61
90 6 2 54
90 6 3 62
90 6 4 54
90 6 5 62
90 6 7 56
90 6 8 55
90 6 10 59
90 7 1 54
90 7 5 47
90 7 6 52
90 7 7 53
90 7 8 54
90 7 9 48
90 7 10 51
90 7 11 46
90 9 1 62
90 9 2 55
90 9 4 63
90 9 5 55
90 9 8 63
90 9 9 57
90 9 10 56
90 9 11 60
90 12 1 54
90 12 3 47
90 12 4 52
90 12 5 53
90 12 6 54
90 12 8 48
90 12 9 51
90 12 10 46
90 13 0 62
90 13 1 55
90 13 3 63
90 13 5 55
90 13 6 63
90 13 7 57
90 13 8 56
90 13 9 60
91 1 0 59
91 1 2 52
91 1 3 60
91 1 5 52
91 1 6 60
91 1 7 54
91 1 8 53
91 1 10 57
91 3 0 43
91 3 1 52
91 3 2 48
91 3 3 48
91 3 5 48
91 3 6 44
91 3 7 45
91 3 8 51
91 8 2 60
91 8 3 53
91 8 4 61
91 8 5 53
91 8 7 61
91 8 8 55
91 8 9 54
91 8 10 58
91 11 0 43
91 11 1 52
91 11 2 48
91 11 5 48
91 11 6 48
91 11 7 44
91 11 8 45
91 11 10 51
92 2 1 26
92 2 2 25
92 2 4 27
92 2 5 25
92 2 6 27
92 2 7 27
92 2 9 26
92 2 10 24
92 3 0 25
92 3 1 24
92 3 2 26
92 3 3 24
92 3 5 26
92 3 6 26
92 3 7 25
92 3 8 23
92 4 0 27
92 4 2 26
92 4 4 28
92 4 5 26
92 4 6 28
92 4 8 28
92 4 10 27
92 4 11 25
92 12 1 25
92 12 3 24
92 12 4 26
92 12 5 24
92 12 6 26
92 12 8 26
92 12 9 25
92 12 10 23
93 1 0 35
93 1 2 33
93 1 3 32
93 1 5 29
93 1 6 32
93 1 7 30
93 1 8 36
93 1 10 30
93 12 1 33
93 12 3 31
93 12 4 30
93 12 5 27
93 12 6 30
93 12 8 28
93 12 9 34
93 12 10 28
93 14 1 28
93 14 3 32
93 14 4 27
93 14 5 28
93 14 7 33
93 14 9 27
93 14 10 31
93 14 11 33
94 7 1 40
94 7 5 42
94 7 6 38
94 7 7 36
94 7 8 41
94 7 9 44
94 7 10 40
94 7 11 41
94 8 2 37
94 8 3 46
94 8 4 42
94 8 5 42
94 8 7 42
94 8 8 38
94 8 9 39
94 8 10 45
94 9 1 40
94 9 2 38
94 9 4 37
94 9 5 34
94 9 8 37
94 9 9 35
94 9 10 41
94 9 11 35
94 10 0 38
94 10 1 36
94 10 2 35
94 10 4 32
94 10 8 35
94 10 9 33
94 10 10 39
94 10 11 33
94 14 1 36
94 14 3 45
94 14 4 41
94 14 5 41
94 14 7 41
94 14 9 37
94 14 10 38
94 14 11 44
95 2 1 82
95 2 2 77
95 2 4 75
95 2 5 70
95 2 6 76
95 2 7 71
95 2 9 84
95 2 10 72
95 7 1 83
95 7 5 94
95 7 6 90
95 7 7 88
95 7 8 84
95 7 9 96
95 7 10 83
95 7 11 93
95 13 0 79
95 13 1 90
95 13 3 86
95 13 5 84
95 13 6 80
95 13 7 92
95 13 8 79
95 13 9 89
95 14 1 77
95 14 3 88
95 14 4 84
95 14 5 82
95 14 7 78
95 14 9 90
95 14 10 77
95 14 11 87
96 0 2 40
96 0 3 42
96 0 4 38
96 0 5 36
96 0 7 41
96 0 8 44
96 0 10 40
96 0 11 41
96 4 0 40
96 4 2 38
96 4 4 37
96 4 5 34
96 4 6 37
96 4 8 35
96 4 10 41
96 4 11 35
96 5 0 39
96 5 2 37
96 5 3 36
96 5 7 33
96 5 8 36
96 5 9 34
96 5 10 40
96 5 11 34
96 6 0 36
96 6 2 34
96 6 3 33
96 6 4 30
96 6 5 33
96 6 7 31
96 6 8 37
96 6 10 31
96 12 1 39
96 12 3 37
96 12 4 36
96 12 5 33
96 12 6 36
96 12 8 34
96 12 9 40
96 12 10 34
97 1 0 76
97 1 2 87
97 1 3 83
97 1 5 81
97 1 6 77
97 1 7 89
97 1 8 76
97 1 10 86
97 3 0 92
97 3 1 101
97 3 2 97
97 3 3 97
97 3 5 97
97 3 6 83
97 3 7 94
97 3 8 90
97 9 1 83
97 9 2 94
97 9 4 90
97 9 5 88
97 9 8 84
97 9 9 96
97 9 10 83
97 9 11 93
97 11 0 81
97 11 1 92
97 11 2 88
97 11 5 86
97 11 6 82
97 11 7 94
97 11 8 81
97 11 10 91
97 14 1 77
97 14 3 88
97 14 4 84
97 14 5 82
97 14 7 78
97 14 9 90
97 14 10 77
97 14 11 87
98 0 2 91
98 0 3 100
98 0 4 96
98 0 5 96
98 0 7 96
98 0 8 82
98 0 10 93
98 0 11 89
98 1 0 111
98 1 2 104
98 1 3 98
98 1 5 110
98 1 6 100
98 1 7 94
98 1 8 97
98 1 10 103
98 4 0 113
98 4 2 106
98 4 4 100
98 4 5 112
98 4 6 102
98 4 8 96
98 4 10 99
98 4 11 105
98 9 1 114
98 9 2 107
98 9 4 101
98 9 5 113
98 9 8 103
98 9 9 97
98 9 10 100
98 9 11 106
99 0 2 81
99 0 3 72
99 0 4 83
99 0 5 77
99 0 7 85
99 0 8 73
99 0 10 84
99 0 11 79
99 5 0 91
99 5 2 100
99 5 3 96
99 5 7 96
99 5 8 96
99 5 9 82
99 5 10 93
99 5 11 89
99 6 0 82
99 6 2 93
99 6 3 89
99 6 4 87
99 6 5 83
99 6 7 95
99 6 8 82
99 6 10 92
99 10 0 80
99 10 1 91
99 10 2 87
99 10 4 85
99 10 8 81
99 10 9 93
99 10 10 80
99 10 11 90
99 12 1 76
99 12 3 87
99 12 4 83
99 12 5 81
99 12 6 77
99 12 8 89
99 12 9 76
99 12 10 86
100 4 0 62
100 4 2 59
100 4 4 61
100 4 5 55
100 4 6 67
100 4 8 61
100 4 10 58
100 4 11 60
100 10 0 58
100 10 1 51
100 10 2 59
100 10 4 51
100 10 8 59
100 10 9 53
100 10 10 52
100 10 11 56
100 11 0 63
100 11 1 60
100 11 2 62
100 11 5 56
100 11 6 68
100 11 7 62
100 11 8 59
100 11 10 61
101 1 0 41
101 1 2 39
101 1 3 38
101 1 5 35
101 1 6 38
101 1 7 36
101 1 8 42
101 1 10 36
101 2 1 39
101 2 2 37
101 2 4 36
101 2 5 33
101 2 6 36
101 2 7 34
101 2 9 40
101 2 10 34
101 12 1 38
101 12 3 36
101 12 4 35
101 12 5 32
101 12 6 35
101 12 8 33
101 12 9 39
101 12 10 33
102 2 1 91
102 2 2 100
102 2 4 96
102 2 5 96
102 2 6 96
102 2 7 82
102 2 9 93
102 2 10 89
102 6 0 111
102 6 2 104
102 6 3 98
102 6 4 110
102 6 5 100
102 6 7 94
102 6 8 97
102 6 10 103
102 12 1 113
102 12 3 106
102 12 4 100
102 12 5 112
102 12 6 102
102 12 8 96
102 12 9 99
102 12 10 105
102 13 0 114
102 13 1 107
102 13 3 101
102 13 5 113
102 13 6 103
102 13 7 97
102 13 8 100
102 13 9 106
103 2 1 78
103 2 2 89
103 2 4 85
103 2 5 83
103 2 6 79
103 2 7 91
103 2 9 78
103 2 10 88
103 8 2 83
103 8 3 78
103 8 4 76
103 8 5 71
103 8 7 77
103 8 8 72
103 8 9 85
103 8 10 73
103 9 1 81
103 9 2 76
103 9 4 74
103 9 5 69
103 9 8 75
103 9 9 70
103 9 10 83
103 9 11 71
104 0 2 40
104 0 3 38
104 0 4 37
104 0 5 34
104 0 7 37
104 0 8 35
104 0 10 41
104 0 11 35
104 3 0 38
104 3 1 36
104 3 2 35
104 3 3 32
104 3 5 35
104 3 6 33
104 3 7 39
104 3 8 33
104 5 0 37
104 5 2 35
104 5 3 34
104 5 7 31
104 5 8 34
104 5 9 32
104 5 10 38
104 5 11 32
104 11 0 34
104 11 1 32
104 11 2 31
104 11 5 28
104 11 6 31
104 11 7 29
104 11 8 35
104 11 10 29
104 14 1 37
104 14 3 35
104 14 4 34
104 14 5 31
104 14 7 34
104 14 9 32
104 14 10 38
104 14 11 32
105 0 2 15
105 0 3 14
105 0 4 13
105 0 5 12
105 0 7 13
105 0 8 12
105 0 10 15
105 0 11 12
105 2 1 14
105 2 2 13
105 2 4 12
105 2 5 11
105 2 6 12
105 2 7 11
105 2 9 14
105 2 10 11
105 3 0 13
105 3 1 12
105 3 2 11
105 3 3 10
105 3 5 11
105 3 6 10
105 3 7 13
105 3 8 10
105 7 1 12
105 7 5 11
105 7 6 10
105 7 7 9
105 7 8 10
105 7 9 9
105 7 10 12
105 7 11 9
106 4 0 78
106 4 2 73
106 4 4 71
106 4 5 66
106 4 6 72
106 4 8 67
106 4 10 80
106 4 11 68
106 8 2 77
106 8 3 72
106 8 4 70
106 8 5 65
106 8 7 71
106 8 8 66
106 8 9 79
106 8 10 67
106 9 1 69
106 9 2 66
106 9 4 68
106 9 5 62
106 9 8 74
106 9 9 68
106 9 10 65
106 9 11 67
106 13 0 64
106 13 1 61
106 13 3 63
106 13 5 57
106 13 6 69
106 13 7 63
106 13 8 60
106 13 9 62
107 0 2 36
107 0 3 45
107 0 4 41
107 0 5 41
107 0 7 41
107 0 8 37
107 0 10 38
107 0 11 44
107 5 0 54
107 5 2 47
107 5 3 52
107 5 7 53
107 5 8 54
107 5 9 48
107 5 10 51
107 5 11 46
107 6 0 41
107 6 2 50
107 6 3 46
107 6 4 46
107 6 5 46
107 6 7 42
107 6 8 43
107 6 10 49
107 13 0 41
107 13 1 50
107 13 3 46
107 13 5 46
107 13 6 46
107 13 7 42
107 13 8 43
107 13 9 49
108 0 2 84
108 0 3 79
108 0 4 77
108 0 5 72
108 0 7 78
108 0 8 73
108 0 10 86
108 0 11 74
108 2 1 79
108 2 2 74
108 2 4 72
108 2 5 67
108 2 6 73
108 2 7 68
108 2 9 81
108 2 10 69
108 8 2 77
108 8 3 72
108 8 4 70
108 8 5 65
108 8 7 71
108 8 8 66
108 8 9 79
108 8 10 67
108 11 0 68
108 11 1 65
108 11 2 67
108 11 5 61
108 11 6 73
108 11 7 67
108 11 8 64
108 11 10 66
109 1 0 96
109 1 2 105
109 1 3 101
109 1 5 101
109 1 6 101
109 1 7 87
109 1 8 98
109 1 10 94
109 3 0 114
109 3 1 107
109 3 2 101
109 3 3 113
109 3 5 103
109 3 6 97
109 3 7 100
109 3 8 106
109 6 0 110
109 6 2 103
109 6 3 97
109 6 4 109
109 6 5 99
109 6 7 93
109 6 8 96
109 6 10 102
110 0 2 95
110 0 3 104
110 0 4 100
110 0 5 100
110 0 7 100
110 0 8 86
110 0 10 97
110 0 11 93
110 1 0 113
110 1 2 106
110 1 3 100
110 1 5 112
110 1 6 102
110 1 7 96
110 1 8 99
110 1 10 105
110 6 0 91
110 6 2 102
110 6 3 104
110 6 4 105
110 6 5 110
110 6 7 104
110 6 8 94
110 6 10 110
110 8 2 91
110 8 3 102
110 8 4 104
110 8 5 105
110 8 7 110
110 8 8 104
110 8 9 94
110 8 10 110
110 13 0 91
110 13 1 102
110 13 3 104
110 13 5 105
110 13 6 110
110 13 7 104
110 13 8 94
110 13 9 110
111 0 2 99
111 0 3 108
111 0 4 104
111 0 5 104
111 0 7 104
111 0 8 90
111 0 10 101
111 0 11 97
111 2 1 117
111 2 2 110
111 2 4 104
111 2 5 116
111 2 6 106
111 2 7 100
111 2 9 103
111 2 10 109
111 4 0 113
111 4 2 106
111 4 4 100
111 4 5 112
111 4 6 102
111 4 8 96
111 4 10 99
111 4 11 105
111 8 2 113
111 8 3 106
111 8 4 100
111 8 5 112
111 8 7 102
111 8 8 96
111 8 9 99
111 8 10 105
111 10 0 113
111 10 1 106
111 10 2 100
111 10 4 112
111 10 8 102
111 10 9 96
111 10 10 99
111 10 11 105
112 1 0 61
112 1 2 54
112 1 3 62
112 1 5 54
112 1 6 62
112 1 7 56
112 1 8 55
112 1 10 59
112 3 0 54
112 3 1 47
112 3 2 52
112 3 3 53
112 3 5 54
112 3 6 48
112 3 7 51
112 3 8 46
112 8 2 62
112 8 3 55
112 8 4 63
112 8 5 55
112 8 7 63
112 8 8 57
112 8 9 56
112 8 10 60
112 10 0 54
112 10 1 47
112 10 2 52
112 10 4 53
112 10 8 54
112 10 9 48
112 10 10 51
112 10 11 46
112 11 0 62
112 11 1 55
112 11 2 63
112 11 5 55
112 11 6 63
112 11 7 57
112 11 8 56
112 11 10 60
113 0 2 41
113 0 3 39
113 0 4 38
113 0 5 35
113 0 7 38
113 0 8 36
113 0 10 42
113 0 11 36
113 5 0 39
113 5 2 37
113 5 3 36
113 5 7 33
113 5 8 36
113 5 9 34
113 5 10 40
113 5 11 34
113 8 2 38
113 8 3 36
113 8 4 35
113 8 5 32
113 8 7 35
113 8 8 33
113 8 9 39
113 8 10 33
113 14 1 35
113 14 3 33
113 14 4 32
113 14 5 29
113 14 7 32
113 14 9 30
113 14 10 36
113 14 11 30
114 0 2 25
114 0 3 24
114 0 4 26
114 0 5 24
114 0 7 26
114 0 8 26
114 0 10 25
114 0 11 23
114 1 0 24
114 1 2 23
114 1 3 25
114 1 5 23
114 1 6 25
114 1 7 25
114 1 8 24
114 1 10 22
114 6 0 26
114 6 2 25
114 6 3 27
114 6 4 25
114 6 5 27
114 6 7 27
114 6 8 26
114 6 10 24
114 10 0 24
114 10 1 23
114 10 2 25
114 10 4 23
114 10 8 25
114 10 9 25
114 10 10 24
114 10 11 22
115 1 0 38
115 1 2 47
115 1 3 43
115 1 5 43
115 1 6 43
115 1 7 39
115 1 8 40
115 1 10 46
115 2 1 56
115 2 2 49
115 2 4 57
115 2 5 49
115 2 6 57
115 2 7 51
115 2 9 50
115 2 10 54
115 4 0 43
115 4 2 52
115 4 4 48
115 4 5 48
115 4 6 48
115 4 8 44
115 4 10 45
115 4 11 51
115 5 0 43
115 5 2 52
115 5 3 48
115 5 7 48
115 5 8 48
115 5 9 44
115 5 10 45
115 5 11 51
116 6 0 39
116 6 2 37
116 6 3 36
116 6 4 33
116 6 5 36
116 6 7 34
116 6 8 40
116 6 10 34
116 10 0 41
116 10 1 50
116 10 2 46
116 10 4 46
116 10 8 46
116 10 9 42
116 10 10 43
116 10 11 49
116 11 0 37
116 11 1 46
116 11 2 42
116 11 5 42
116 11 6 42
116 11 7 38
116 11 8 39
116 11 10 45
117 4 0 15
117 4 2 14
117 4 4 13
117 4 5 12
117 4 6 13
117 4 8 12
117 4 10 15
117 4 11 12
117 7 1 14
117 7 5 13
117 7 6 12
117 7 7 11
117 7 8 12
117 7 9 11
117 7 10 14
117 7 11 11
117 9 1 13
117 9 2 12
117 9 4 11
117 9 5 10
117 9 8 11
117 9 9 10
117 9 10 13
117 9 11 10
117 11 0 12
117 11 1 11
117 11 2 10
117 11 5 9
117 11 6 10
117 11 7 9
117 11 8 12
117 11 10 9
117 12 1 13
117 12 3 12
117 12 4 11
117 12 5 10
117 12 6 11
117 12 8 10
117 12 9 13
117 12 10 10
118 1 0 84
118 1 2 79
118 1 3 77
118 1 5 72
118 1 6 78
118 1 7 73
118 1 8 86
118 1 10 74
118 2 1 79
118 2 2 74
118 2 4 72
118 2 5 67
118 2 6 73
118 2 7 68
118 2 9 81
118 2 10 69
118 4 0 77
118 4 2 72
118 4 4 70
118 4 5 65
118 4 6 71
118 4 8 66
118 4 10 79
118 4 11 67
118 9 1 68
118 9 2 65
118 9 4 67
118 9 5 61
118 9 8 73
118 9 9 67
118 9 10 64
118 9 11 66
118 10 0 78
118 10 1 73
118 10 2 71
118 10 4 66
118 10 8 72
118 10 9 67
118 10 10 80
118 10 11 68
119 1 0 82
119 1 2 77
119 1 3 75
119 1 5 70
119 1 6 76
119 1 7 71
119 1 8 84
119 1 10 72
119 2 1 83
119 2 2 94
119 2 4 90
119 2 5 88
119 2 6 84
119 2 7 96
119 2 9 83
119 2 10 93
119 5 0 79
119 5 2 90
119 5 3 86
119 5 7 84
119 5 8 80
119 5 9 92
119 5 10 79
119 5 11 89
119 6 0 77
119 6 2 88
119 6 3 84
119 6 4 82
119 6 5 78
119 6 7 90
119 6 8 77
119 6 10 87
120 1 0 19
120 1 2 18
120 1 3 17
120 1 5 16
120 1 6 17
120 1 7 16
120 1 8 19
120 1 10 16
120 4 0 18
120 4 2 17
120 4 4 16
120 4 5 15
120 4 6 16
120 4 8 15
120 4 10 18
120 4 11 15
120 5 0 17
120 5 2 16
120 5 3 15
120 5 7 14
120 5 8 15
120 5 9 14
120 5 10 17
120 5 11 14
120 12 1 16
120 12 3 15
120 12 4 14
120 12 5 13
120 12 6 14
120 12 8 13
120 12 9 16
120 12 10 13
120 14 1 17
120 14 3 16
120 14 4 15
120 14 5 14
120 14 7 15
120 14 9 14
120 14 10 17
120 14 11 14
121 0 2 67
121 0 3 64
121 0 4 66
121 0 5 60
121 0 7 72
121 0 8 66
121 0 10 63
121 0 11 65
121 4 0 64
121 4 2 61
121 4 4 63
121 4 5 57
121 4 6 69
121 4 8 63
121 4 10 60
121 4 11 62
121 8 2 66
121 8 3 63
121 8 4 65
121 8 5 59
121 8 7 71
121 8 8 65
121 8 9 62
121 8 10 64
121 9 1 63
121 9 2 56
121 9 4 64
121 9 5 56
121 9 8 64
121 9 9 58
121 9 10 57
121 9 11 61
122 1 0 40
122 1 2 42
122 1 3 38
122 1 5 36
122 1 6 41
122 1 7 44
122 1 8 40
122 1 10 41
122 6 0 44
122 6 2 53
122 6 3 49
122 6 4 49
122 6 5 49
122 6 7 45
122 6 8 46
122 6 10 52
122 7 1 40
122 7 5 49
122 7 6 45
122 7 7 45
122 7 8 45
122 7 9 41
122 7 10 42
122 7 11 48
122 10 0 40
122 10 1 49
122 10 2 45
122 10 4 45
122 10 8 45
122 10 9 41
122 10 10 42
122 10 11 48
123 5 0 28
123 5 2 32
123 5 3 27
123 5 7 28
123 5 8 33
123 5 9 27
123 5 10 31
123 5 11 33
123 7 1 30
123 7 5 29
123 7 6 31
123 7 7 29
123 7 8 31
123 7 9 31
123 7 10 30
123 7 11 28
123 11 0 33
123 11 1 31
123 11 2 30
123 11 5 27
123 11 6 30
123 11 7 28
123 11 8 34
123 11 10 28
123 12 1 30
123 12 3 29
123 12 4 31
123 12 5 29
123 12 6 31
123 12 8 31
123 12 9 30
123 12 10 28
123 13 0 33
123 13 1 31
123 13 3 30
123 13 5 27
123 13 6 30
123 13 7 28
123 13 8 34
123 13 9 28
124 7 1 81
124 7 5 72
124 7 6 83
124 7 7 77
124 7 8 85
124 7 9 73
124 7 10 84
124 7 11 79
124 9 1 80
124 9 2 75
124 9 4 73
124 9 5 68
124 9 8 74
124 9 9 69
124 9 10 82
124 9 11 70
124 12 1 78
124 12 3 73
124 12 4 71
124 12 5 66
124 12 6 72
124 12 8 67
124 12 9 80
124 12 10 68
125 1 0 61
125 1 2 54
125 1 3 62
125 1 5 54
125 1 6 62
125 1 7 56
125 1 8 55
125 1 10 59
125 4 0 54
125 4 2 47
125 4 4 52
125 4 5 53
125 4 6 54
125 4 8 48
125 4 10 51
125 4 11 46
125 5 0 62
125 5 2 55
125 5 3 63
125 5 7 55
125 5 8 63
125 5 9 57
125 5 10 56
125 5 11 60
125 9 1 54
125 9 2 47
125 9 4 52
125 9 5 53
125 9 8 54
125 9 9 48
125 9 10 51
125 9 11 46
126 1 0 67
126 1 2 64
126 1 3 66
126 1 5 60
126 1 6 72
126 1 7 66
126 1 8 63
126 1 10 65
126 2 1 64
126 2 2 61
126 2 4 63
126 2 5 57
126 2 6 69
126 2 7 63
126 2 9 60
126 2 10 62
126 8 2 66
126 8 3 63
126 8 4 65
126 8 5 59
126 8 7 71
126 8 8 65
126 8 9 62
126 8 10 64
126 12 1 63
126 12 3 56
126 12 4 64
126 12 5 56
126 12 6 64
126 12 8 58
126 12 9 57
126 12 10 61
126 14 1 76
126 14 3 71
126 14 4 69
126 14 5 64
126 14 7 70
126 14 9 65
126 14 10 78
126 14 11 66
127 0 2 65
127 0 3 62
127 0 4 64
127 0 5 58
127 0 7 70
127 0 8 64
127 0 10 61
127 0 11 63
127 2 1 62
127 2 2 59
127 2 4 61
127 2 5 55
127 2 6 67
127 2 7 61
127 2 9 58
127 2 10 60
127 6 0 64
127 6 2 61
127 6 3 63
127 6 4 57
127 6 5 69
127 6 7 63
127 6 8 60
127 6 10 62
127 12 1 61
127 12 3 54
127 12 4 62
127 12 5 54
127 12 6 62
127 12 8 56
127 12 9 55
127 12 10 59
128 5 0 81
128 5 2 76
128 5 3 74
128 5 7 69
128 5 8 75
128 5 9 70
128 5 10 83
128 5 11 71
128 9 1 82
128 9 2 93
128 9 4 89
128 9 5 87
128 9 8 83
128 9 9 95
128 9 10 82
128 9 11 92
128 10 0 78
128 10 1 89
128 10 2 85
128 10 4 83
128 10 8 79
128 10 9 91
128 10 10 78
128 10 11 88
128 11 0 76
128 11 1 87
128 11 2 83
128 11 5 81
128 11 6 77
128 11 7 89
128 11 8 76
128 11 10 86
128 13 0 82
128 13 1 77
128 13 3 75
128 13 5 70
128 13 6 76
128 13 7 71
128 13 8 84
128 13 9 72
129 2 1 81
129 2 2 72
129 2 4 83
129 2 5 77
129 2 6 85
129 2 7 73
129 2 9 84
129 2 10 79
129 3 0 91
129 3 1 100
129 3 2 96
129 3 3 96
129 3 5 96
129 3 6 82
129 3 7 93
129 3 8 89
129 5 0 82
129 5 2 93
129 5 3 89
129 5 7 87
129 5 8 83
129 5 9 95
129 5 10 82
129 5 11 92
129 9 1 80
129 9 2 91
129 9 4 87
129 9 5 85
129 9 8 81
129 9 9 93
129 9 10 80
129 9 11 90
129 13 0 76
129 13 1 87
129 13 3 83
129 13 5 81
129 13 6 77
129 13 7 89
129 13 8 76
129 13 9 86
130 0 2 26
130 0 3 25
130 0 4 27
130 0 5 25
130 0 7 27
130 0 8 27
130 0 10 26
130 0 11 24
130 2 1 25
130 2 2 24
130 2 4 26
130 2 5 24
130 2 6 26
130 2 7 26
130 2 9 25
130 2 10 23
130 5 0 27
130 5 2 26
130 5 3 28
130 5 7 26
130 5 8 28
130 5 9 28
130 5 10 27
130 5 11 25
130 6 0 25
130 6 2 24
130 6 3 26
130 6 4 24
130 6 5 26
130 6 7 26
130 6 8 25
130 6 10 23
131 4 0 66
131 4 2 63
131 4 4 65
131 4 5 59
131 4 6 71
131 4 8 65
131 4 10 62
131 4 11 64
131 5 0 63
131 5 2 60
131 5 3 62
131 5 7 56
131 5 8 68
131 5 9 62
131 5 10 59
131 5 11 61
131 9 1 65
131 9 2 62
131 9 4 64
131 9 5 58
131 9 8 70
131 9 9 64
131 9 10 61
131 9 11 63
131 10 0 62
131 10 1 55
131 10 2 63
131 10 4 55
131 10 8 63
131 10 9 57
131 10 10 56
131 10 11 60
131 11 0 73
131 11 1 72
131 11 2 68
131 11 5 63
131 11 6 68
131 11 7 74
131 11 8 70
131 11 10 71
132 4 0 23
132 4 2 22
132 4 4 24
132 4 5 22
132 4 6 24
132 4 8 24
132 4 10 23
132 4 11 21
132 7 1 22
132 7 5 21
132 7 6 23
132 7 7 21
132 7 8 23
132 7 9 23
132 7 10 22
132 7 11 20
132 9 1 24
132 9 2 23
132 9 4 25
132 9 5 23
132 9 8 25
132 9 9 25
132 9 10 24
132 9 11 22
132 10 0 22
132 10 1 21
132 10 2 23
132 10 4 21
132 10 8 23
132 10 9 23
132 10 10 22
132 10 11 20
133 7 1 68
133 7 5 65
133 7 6 67
133 7 7 61
133 7 8 73
133 7 9 67
133 7 10 64
133 7 11 66
133 8 2 65
133 8 3 62
133 8 4 64
133 8 5 58
133 8 7 70
133 8 8 64
133 8 9 61
133 8 10 63
133 9 1 67
133 9 2 64
133 9 4 66
133 9 5 60
133 9 8 72
133 9 9 66
133 9 10 63
133 9 11 65
133 10 0 66
133 10 1 59
133 10 2 61
133 10 4 54
133 10 8 58
133 10 9 65
133 10 10 63
133 10 11 55
134 0 2 37
134 0 3 46
134 0 4 42
134 0 5 42
134 0 7 42
134 0 8 38
134 0 10 39
134 0 11 45
134 8 2 55
134 8 3 48
134 8 4 56
134 8 5 48
134 8 7 56
134 8 8 50
134 8 9 49
134 8 10 53
134 10 0 42
134 10 1 51
134 10 2 47
134 10 4 47
134 10 8 47
134 10 9 43
134 10 10 44
134 10 11 50
134 11 0 42
134 11 1 51
134 11 2 47
134 11 5 47
134 11 6 47
134 11 7 43
134 11 8 44
134 11 10 50
135 0 2 28
135 0 3 27
135 0 4 29
135 0 5 27
135 0 7 29
135 0 8 29
135 0 10 28
135 0 11 26
135 6 0 27
135 6 2 26
135 6 3 28
135 6 4 26
135 6 5 28
135 6 7 28
135 6 8 27
135 6 10 25
135 9 1 29
135 9 2 28
135 9 4 30
135 9 5 28
135 9 8 30
135 9 9 30
135 9 10 29
135 9 11 27
135 10 0 27
135 10 1 26
135 10 2 28
135 10 4 26
135 10 8 28
135 10 9 28
135 10 10 27
135 10 11 25
135 14 1 29
135 14 3 28
135 14 4 30
135 14 5 28
135 14 7 30
135 14 9 30
135 14 10 29
135 14 11 27
136 0 2 81
136 0 3 76
136 0 4 74
136 0 5 69
136 0 7 75
136 0 8 70
136 0 10 83
136 0 11 71
136 1 0 76
136 1 2 71
136 1 3 69
136 1 5 64
136 1 6 70
136 1 7 65
136 1 8 78
136 1 10 66
136 11 0 70
136 11 1 67
136 11 2 69
136 11 5 63
136 11 6 75
136 11 7 69
136 11 8 66
136 11 10 68
136 13 0 65
136 13 1 62
136 13 3 64
136 13 5 58
136 13 6 70
136 13 7 64
136 13 8 61
136 13 9 63
137 7 1 67
137 7 5 64
137 7 6 66
137 7 7 60
137 7 8 72
137 7 9 66
137 7 10 63
137 7 11 65
137 8 2 63
137 8 3 56
137 8 4 64
137 8 5 56
137 8 7 64
137 8 8 58
137 8 9 57
137 8 10 61
137 10 0 62
137 10 1 59
137 10 2 61
137 10 4 55
137 10 8 67
137 10 9 61
137 10 10 58
137 10 11 60
137 12 1 58
137 12 3 51
137 12 4 59
137 12 5 51
137 12 6 59
137 12 8 53
137 12 9 52
137 12 10 56
138 7 1 38
138 7 5 36
138 7 6 35
138 7 7 32
138 7 8 35
138 7 9 33
138 7 10 39
138 7 11 33
138 9 1 40
138 9 2 49
138 9 4 45
138 9 5 45
138 9 8 45
138 9 9 41
138 9 10 42
138 9 11 48
138 12 1 36
138 12 3 45
138 12 4 41
138 12 5 41
138 12 6 41
138 12 8 37
138 12 9 38
138 12 10 44
138 14 1 36
138 14 3 45
138 14 4 41
138 14 5 41
138 14 7 41
138 14 9 37
138 14 10 38
138 14 11 44
139 2 1 59
139 2 2 52
139 2 4 60
139 2 5 52
139 2 6 60
139 2 7 54
139 2 9 53
139 2 10 57
139 6 0 43
139 6 2 52
139 6 3 48
139 6 4 48
139 6 5 48
139 6 7 44
139 6 8 45
139 6 10 51
139 13 0 60
139 13 1 53
139 13 3 61
139 13 5 53
139 13 6 61
139 13 7 55
139 13 8 54
139 13 9 58
140 0 2 62
140 0 3 55
140 0 4 63
140 0 5 55
140 0 7 63
140 0 8 57
140 0 10 56
140 0 11 60
140 2 1 55
140 2 2 48
140 2 4 56
140 2 5 48
140 2 6 56
140 2 7 50
140 2 9 49
140 2 10 53
140 8 2 63
140 8 3 56
140 8 4 64
140 8 5 56
140 8 7 64
140 8 8 58
140 8 9 57
140 8 10 61
140 11 0 55
140 11 1 48
140 11 2 56
140 11 5 48
140 11 6 56
140 11 7 50
140 11 8 49
140 11 10 53
141 0 2 28
141 0 3 27
141 0 4 29
141 0 5 27
141 0 7 29
141 0 8 29
141 0 10 28
141 0 11 26
141 3 0 27
141 3 1 26
141 3 2 28
141 3 3 26
141 3 5 28
141 3 6 28
141 3 7 27
141 3 8 25
141 4 0 29
141 4 2 28
141 4 4 30
141 4 5 28
141 4 6 30
141 4 8 30
141 4 10 29
141 4 11 27
141 6 0 27
141 6 2 26
141 6 3 28
141 6 4 26
141 6 5 28
141 6 7 28
141 6 8 27
141 6 10 25
141 9 1 29
141 9 2 28
141 9 4 30
141 9 5 28
141 9 8 30
141 9 9 30
141 9 10 29
141 9 11 27
142 0 2 37
142 0 3 35
142 0 4 34
142 0 5 31
142 0 7 34
142 0 8 32
142 0 10 38
142 0 11 32
142 1 0 35
142 1 2 33
142 1 3 32
142 1 5 29
142 1 6 32
142 1 7 30
142 1 8 36
142 1 10 30
142 4 0 34
142 4 2 32
142 4 4 31
142 4 5 28
142 4 6 31
142 4 8 29
142 4 10 35
142 4 11 29
142 6 0 30
142 6 2 29
142 6 3 31
142 6 4 29
142 6 5 31
142 6 7 31
142 6 8 30
142 6 10 28
142 14 1 34
142 14 3 32
142 14 4 31
142 14 5 28
142 14 7 31
142 14 9 29
142 14 10 35
142 14 11 29
143 2 1 96
143 2 2 105
143 2 4 101
143 2 5 101
143 2 6 101
143 2 7 87
143 2 9 98
143 2 10 94
143 3 0 114
143 3 1 107
143 3 2 101
143 3 3 113
143 3 5 103
143 3 6 97
143 3 7 100
143 3 8 106
143 8 2 110
143 8 3 103
143 8 4 97
143 8 5 109
143 8 7 99
143 8 8 93
143 8 9 96
143 8 10 102
143 10 0 110
143 10 1 103
143 10 2 97
143 10 4 109
143 10 8 99
143 10 9 93
143 10 10 96
143 10 11 102
143 12 1 110
143 12 3 103
143 12 4 97
143 12 5 109
143 12 6 99
143 12 8 93
143 12 9 96
143 12 10 102
144 1 0 76
144 1 2 87
144 1 3 83
144 1 5 81
144 1 6 77
144 1 7 89
144 1 8 76
144 1 10 86
144 5 0 77
144 5 2 72
144 5 3 70
144 5 7 65
144 5 8 71
144 5 9 66
144 5 10 79
144 5 11 67
144 7 1 78
144 7 5 89
144 7 6 85
144 7 7 83
144 7 8 79
144 7 9 91
144 7 10 78
144 7 11 88
144 10 0 82
144 10 1 77
144 10 2 75
144 10 4 70
144 10 8 76
144 10 9 71
144 10 10 84
144 10 11 72
144 14 1 80
144 14 3 91
144 14 4 87
144 14 5 85
144 14 7 81
144 14 9 93
144 14 10 80
144 14 11 90
145 3 0 19
145 3 1 18
145 3 2 17
145 3 3 16
145 3 5 17
145 3 6 16
145 3 7 19
145 3 8 16
145 4 0 18
145 4 2 17
145 4 4 16
145 4 5 15
145 4 6 16
145 4 8 15
145 4 10 18
145 4 11 15
145 7 1 17
145 7 5 16
145 7 6 15
145 7 7 14
145 7 8 15
145 7 9 14
145 7 10 17
145 7 11 14
146 6 0 26
146 6 2 25
146 6 3 27
146 6 4 25
146 6 5 27
146 6 7 27
146 6 8 26
146 6 10 24
146 7 1 25
146 7 5 24
146 7 6 26
146 7 7 24
146 7 8 26
146 7 9 26
146 7 10 25
146 7 11 23
146 9 1 27
146 9 2 26
146 9 4 28
146 9 5 26
146 9 8 28
146 9 9 28
146 9 10 27
146 9 11 25
146 11 0 25
146 11 1 24
146 11 2 26
146 11 5 24
146 11 6 26
146 11 7 26
146 11 8 25
146 11 10 23
147 2 1 84
147 2 2 79
147 2 4 77
147 2 5 72
147 2 6 78
147 2 7 73
147 2 9 86
147 2 10 74
147 4 0 79
147 4 2 74
147 4 4 72
147 4 5 67
147 4 6 73
147 4 8 68
147 4 10 81
147 4 11 69
147 7 1 77
147 7 5 72
147 7 6 70
147 7 7 65
147 7 8 71
147 7 9 66
147 7 10 79
147 7 11 67
147 8 2 68
147 8 3 65
147 8 4 67
147 8 5 61
147 8 7 73
147 8 8 67
147 8 9 64
147 8 10 66
147 14 1 78
147 14 3 73
147 14 4 71
147 14 5 66
147 14 7 72
147 14 9 67
147 14 10 80
147 14 11 68
148 1 0 63
148 1 2 60
148 1 3 62
148 1 5 56
148 1 6 68
148 1 7 62
148 1 8 59
148 1 10 61
148 4 0 63
148 4 2 56
148 4 4 64
148 4 5 56
148 4 6 64
148 4 8 58
148 4 10 57
148 4 11 61
148 9 1 62
148 9 2 59
148 9 4 61
148 9 5 55
148 9 8 67
148 9 9 61
148 9 10 58
148 9 11 60
148 12 1 59
148 12 3 52
148 12 4 60
148 12 5 52
148 12 6 60
148 12 8 54
148 12 9 53
148 12 10 57
148 13 0 68
148 13 1 65
148 13 3 67
148 13 5 61
148 13 6 73
148 13 7 67
148 13 8 64
148 13 9 66
149 4 0 66
149 4 2 63
149 4 4 65
149 4 5 59
149 4 6 71
149 4 8 65
149 4 10 62
149 4 11 64
149 8 2 63
149 8 3 60
149 8 4 62
149 8 5 56
149 8 7 68
149 8 8 62
149 8 9 59
149 8 10 61
149 12 1 65
149 12 3 62
149 12 4 64
149 12 5 58
149 12 6 70
149 12 8 64
149 12 9 61
149 12 10 63
150 0 2 59
150 0 3 52
150 0 4 60
150 0 5 52
150 0 7 60
150 0 8 54
150 0 10 53
150 0 11 57
150 6 0 43
150 6 2 52
150 6 3 48
150 6 4 48
150 6 5 48
150 6 7 44
150 6 8 45
150 6 10 51
150 14 1 60
150 14 3 53
150 14 4 61
150 14 5 53
150 14 7 61
150 14 9 55
150 14 10 54
150 14 11 58
151 1 0 39
151 1 2 37
151 1 3 36
151 1 5 33
151 1 6 36
151 1 7 34
151 1 8 40
151 1 10 34
151 11 0 41
151 11 1 50
151 11 2 46
151 11 5 46
151 11 6 46
151 11 7 42
151 11 8 43
151 11 10 49
151 13 0 37
151 13 1 46
151 13 3 42
151 13 5 42
151 13 6 42
151 13 7 38
151 13 8 39
151 13 9 45
151 14 1 37
151 14 3 46
151 14 4 42
151 14 5 42
151 14 7 42
151 14 9 38
151 14 10 39
151 14 11 45
152 0 2 37
152 0 3 35
152 0 4 34
152 0 5 31
152 0 7 34
152 0 8 32
152 0 10 38
152 0 11 32
152 2 1 35
152 2 2 33
152 2 4 32
152 2 5 29
152 2 6 32
152 2 7 30
152 2 9 36
152 2 10 30
152 7 1 34
152 7 5 32
152 7 6 31
152 7 7 28
152 7 8 31
152 7 9 29
152 7 10 35
152 7 11 29
153 2 1 70
153 2 2 67
153 2 4 69
153 2 5 63
153 2 6 75
153 2 7 69
153 2 9 66
153 2 10 68
153 3 0 67
153 3 1 64
153 3 2 66
153 3 3 60
153 3 5 72
153 3 6 66
153 3 7 63
153 3 8 65
153 5 0 69
153 5 2 66
153 5 3 68
153 5 7 62
153 5 8 74
153 5 9 68
153 5 10 65
153 5 11 67
153 7 1 63
153 7 5 60
153 7 6 62
153 7 7 56
153 7 8 68
153 7 9 62
153 7 10 59
153 7 11 61
153 8 2 79
153 8 3 74
153 8 4 72
153 8 5 67
153 8 7 73
153 8 8 68
153 8 9 81
153 8 10 69
154 0 2 39
154 0 3 48
154 0 4 44
154 0 5 44
154 0 7 44
154 0 8 40
154 0 10 41
154 0 11 47
154 2 1 57
154 2 2 50
154 2 4 58
154 2 5 50
154 2 6 58
154 2 7 52
154 2 9 51
154 2 10 55
154 5 0 44
154 5 2 53
154 5 3 49
154 5 7 49
154 5 8 49
154 5 9 45
154 5 10 46
154 5 11 52
154 12 1 44
154 12 3 53
154 12 4 49
154 12 5 49
154 12 6 49
154 12 8 45
154 12 9 46
154 12 10 52
154 13 0 44
154 13 1 53
154 13 3 49
154 13 5 49
154 13 6 49
154 13 7 45
154 13 8 46
154 13 9 52
155 3 0 40
155 3 1 42
155 3 2 38
155 3 3 36
155 3 5 41
155 3 6 44
155 3 7 40
155 3 8 41
155 6 0 37
155 6 2 46
155 6 3 42
155 6 4 42
155 6 5 42
155 6 7 38
155 6 8 39
155 6 10 45
155 9 1 40
155 9 2 38
155 9 4 37
155 9 5 34
155 9 8 37
155 9 9 35
155 9 10 41
155 9 11 35
155 11 0 38
155 11 1 36
155 11 2 35
155 11 5 32
155 11 6 35
155 11 7 33
155 11 8 39
155 11 10 33
156 6 0 41
156 6 2 39
156 6 3 38
156 6 4 35
156 6 5 38
156 6 7 36
156 6 8 42
156 6 10 36
156 9 1 39
156 9 2 37
156 9 4 36
156 9 5 33
156 9 8 36
156 9 9 34
156 9 10 40
156 9 11 34
156 10 0 38
156 10 1 36
156 10 2 35
156 10 4 32
156 10 8 35
156 10 9 33
156 10 10 39
156 10 11 33
157 3 0 24
157 3 1 23
157 3 2 25
157 3 3 23
157 3 5 25
157 3 6 25
157 3 7 24
157 3 8 22
157 8 2 23
157 8 3 22
157 8 4 24
157 8 5 22
157 8 7 24
157 8 8 24
157 8 9 23
157 8 10 21
157 9 1 25
157 9 2 24
157 9 4 26
157 9 5 24
157 9 8 26
157 9 9 26
157 9 10 25
157 9 11 23
157 14 1 23
157 14 3 22
157 14 4 24
157 14 5 22
157 14 7 24
157 14 9 24
157 14 10 23
157 14 11 21
158 2 1 40
158 2 2 42
158 2 4 38
158 2 5 36
158 2 6 41
158 2 7 44
158 2 9 40
158 2 10 41
158 10 0 44
158 10 1 53
158 10 2 49
158 10 4 49
158 10 8 49
158 10 9 45
158 10 10 46
158 10 11 52
158 12 1 40
158 12 3 49
158 12 4 45
158 12 5 45
158 12 6 45
158 12 8 41
158 12 9 42
158 12 10 48
159 2 1 40
159 2 2 42
159 2 4 38
159 2 5 36
159 2 6 41
159 2 7 44
159 2 9 40
159 2 10 41
159 6 0 44
159 6 2 53
159 6 3 49
159 6 4 49
159 6 5 49
159 6 7 45
159 6 8 46
159 6 10 52
159 7 1 40
159 7 5 49
159 7 6 45
159 7 7 45
159 7 8 45
159 7 9 41
159 7 10 42
159 7 11 48
159 8 2 40
159 8 3 49
159 8 4 45
159 8 5 45
159 8 7 45
159 8 8 41
159 8 9 42
159 8 10 48
160 2 1 39
160 2 2 37
160 2 4 36
160 2 5 33
160 2 6 36
160 2 7 34
160 2 9 40
160 2 10 34
160 10 0 41
160 10 1 50
160 10 2 46
160 10 4 46
160 10 8 46
160 10 9 42
160 10 10 43
160 10 11 49
160 12 1 37
160 12 3 46
160 12 4 42
160 12 5 42
160 12 6 42
160 12 8 38
160 12 9 39
160 12 10 45
160 13 0 37
160 13 1 46
160 13 3 42
160 13 5 42
160 13 6 42
160 13 7 38
160 13 8 39
160 13 9 45
161 2 1 66
161 2 2 63
161 2 4 65
161 2 5 59
161 2 6 71
161 2 7 65
161 2 9 62
161 2 10 64
161 3 0 63
161 3 1 60
161 3 2 62
161 3 3 56
161 3 5 68
161 3 6 62
161 3 7 59
161 3 8 61
161 7 1 65
161 7 5 62
161 7 6 64
161 7 7 58
161 7 8 70
161 7 9 64
161 7 10 61
161 7 11 63
161 10 0 62
161 10 1 55
161 10 2 63
161 10 4 55
161 10 8 63
161 10 9 57
161 10 10 56
161 10 11 60
162 3 0 77
162 3 1 88
162 3 2 84
162 3 3 82
162 3 5 78
162 3 6 90
162 3 7 77
162 3 8 87
162 11 0 82
162 11 1 77
162 11 2 75
162 11 5 70
162 11 6 76
162 11 7 71
162 11 8 84
162 11 10 72
162 14 1 80
162 14 3 75
162 14 4 73
162 14 5 68
162 14 7 74
162 14 9 69
162 14 10 82
162 14 11 70
163 0 2 70
163 0 3 67
163 0 4 69
163 0 5 63
163 0 7 75
163 0 8 69
163 0 10 66
163 0 11 68
163 3 0 67
163 3 1 64
163 3 2 66
163 3 3 60
163 3 5 72
163 3 6 66
163 3 7 63
163 3 8 65
163 8 2 69
163 8 3 66
163 8 4 68
163 8 5 62
163 8 7 74
163 8 8 68
163 8 9 65
163 8 10 67
163 13 0 63
163 13 1 60
163 13 3 62
163 13 5 56
163 13 6 68
163 13 7 62
163 13 8 59
163 13 9 61
164 2 1 37
164 2 2 46
164 2 4 42
164 2 5 42
164 2 6 42
164 2 7 38
164 2 9 39
164 2 10 45
164 9 1 55
164 9 2 48
164 9 4 56
164 9 5 48
164 9 8 56
164 9 9 50
164 9 10 49
164 9 11 53
164 10 0 42
164 10 1 51
164 10 2 47
164 10 4 47
164 10 8 47
164 10 9 43
164 10 10 44
164 10 11 50
165 1 0 67
165 1 2 64
165 1 3 66
165 1 5 60
165 1 6 72
165 1 7 66
165 1 8 63
165 1 10 65
165 4 0 63
165 4 2 56
165 4 4 64
165 4 5 56
165 4 6 64
165 4 8 58
165 4 10 57
165 4 11 61
165 6 0 62
165 6 2 59
165 6 3 61
165 6 4 55
165 6 5 67
165 6 7 61
165 6 8 58
165 6 10 60
165 9 1 58
165 9 2 51
165 9 4 59
165 9 5 51
165 9 8 59
165 9 9 53
165 9 10 52
165 9 11 56
165 13 0 62
165 13 1 55
165 13 3 63
165 13 5 55
165 13 6 63
165 13 7 57
165 13 8 56
165 13 9 60
166 2 1 78
166 2 2 89
166 2 4 85
166 2 5 83
166 2 6 79
166 2 7 91
166 2 9 78
166 2 10 88
166 7 1 94
166 7 5 103
166 7 6 99
166 7 7 99
166 7 8 99
166 7 9 85
166 7 10 96
166 7 11 92
166 9 1 83
166 9 2 94
166 9 4 98
166 9 5 83
166 9 8 81
166 9 9 94
166 9 10 83
166 9 11 84
166 14 1 83
166 14 3 94
166 14 4 90
166 14 5 88
166 14 7 84
166 14 9 96
166 14 10 83
166 14 11 93
167 8 2 28
167 8 3 32
167 8 4 27
167 8 5 28
167 8 7 33
167 8 8 27
167 8 9 31
167 8 10 33
167 11 0 30
167 11 1 29
167 11 2 31
167 11 5 29
167 11 6 31
167 11 7 31
167 11 8 30
167 11 10 28
167 14 1 33
167 14 3 31
167 14 4 30
167 14 5 27
167 14 7 30
167 14 9 28
167 14 10 34
167 14 11 28
168 0 2 78
168 0 3 89
168 0 4 85
168 0 5 83
168 0 7 79
168 0 8 91
168 0 10 78
168 0 11 88
168 4 0 94
168 4 2 103
168 4 4 99
168 4 5 99
168 4 6 99
168 4 8 85
168 4 10 96
168 4 11 92
168 6 0 98
168 6 2 107
168 6 3 103
168 6 4 103
168 6 5 103
168 6 7 89
168 6 8 100
168 6 10 96
168 10 0 78
168 10 1 89
168 10 2 85
168 10 4 83
168 10 8 79
168 10 9 91
168 10 10 78
168 10 11 88
169 4 0 25
169 4 2 24
169 4 4 26
169 4 5 24
169 4 6 26
169 4 8 26
169 4 10 25
169 4 11 23
169 8 2 24
169 8 3 23
169 8 4 25
169 8 5 23
169 8 7 25
169 8 8 25
169 8 9 24
169 8 10 22
169 10 0 26
169 10 1 25
169 10 2 27
169 10 4 25
169 10 8 27
169 10 9 27
169 10 10 26
169 10 11 24
169 12 1 24
169 12 3 23
169 12 4 25
169 12 5 23
169 12 6 25
169 12 8 25
169 12 9 24
169 12 10 22
169 14 1 26
169 14 3 25
169 14 4 27
169 14 5 25
169 14 7 27
169 14 9 27
169 14 10 26
169 14 11 24
170 6 0 67
170 6 2 64
170 6 3 66
170 6 4 60
170 6 5 72
170 6 7 66
170 6 8 63
170 6 10 65
170 7 1 63
170 7 5 56
170 7 6 64
170 7 7 56
170 7 8 64
170 7 9 58
170 7 10 57
170 7 11 61
170 10 0 62
170 10 1 59
170 10 2 61
170 10 4 55
170 10 8 67
170 10 9 61
170 10 10 58
170 10 11 60
171 6 0 40
171 6 2 42
171 6 3 38
171 6 4 36
171 6 5 41
171 6 7 44
171 6 8 40
171 6 10 41
171 8 2 37
171 8 3 46
171 8 4 42
171 8 5 42
171 8 7 42
171 8 8 38
171 8 9 39
171 8 10 45
171 14 1 40
171 14 3 38
171 14 4 37
171 14 5 34
171 14 7 37
171 14 9 35
171 14 10 41
171 14 11 35
172 3 0 14
172 3 1 13
172 3 2 12
172 3 3 11
172 3 5 12
172 3 6 11
172 3 7 14
172 3 8 11
172 11 0 13
172 11 1 12
172 11 2 11
172 11 5 10
172 11 6 11
172 11 7 10
172 11 8 13
172 11 10 10
172 12 1 12
172 12 3 11
172 12 4 10
172 12 5 9
172 12 6 10
172 12 8 9
172 12 9 12
172 12 10 9
173 5 0 81
173 5 2 72
173 5 3 83
173 5 7 77
173 5 8 85
173 5 9 73
173 5 10 84
173 5 11 79
173 6 0 91
173 6 2 100
173 6 3 96
173 6 4 96
173 6 5 96
173 6 7 82
173 6 8 93
173 6 10 89
173 11 0 82
173 11 1 93
173 11 2 89
173 11 5 87
173 11 6 83
173 11 7 95
173 11 8 82
173 11 10 92
174 0 2 76
174 0 3 87
174 0 4 83
174 0 5 81
174 0 7 77
174 0 8 89
174 0 10 76
174 0 11 86
174 1 0 92
174 1 2 101
174 1 3 97
174 1 5 97
174 1 6 97
174 1 7 83
174 1 8 94
174 1 10 90
174 4 0 83
174 4 2 94
174 4 4 90
174 4 5 88
174 4 6 84
174 4 8 96
174 4 10 83
174 4 11 93
174 5 0 81
174 5 2 92
174 5 3 88
174 5 7 86
174 5 8 82
174 5 9 94
174 5 10 81
174 5 11 91
174 6 0 77
174 6 2 88
174 6 3 84
174 6 4 82
174 6 5 78
174 6 7 90
174 6 8 77
174 6 10 87
175 1 0 70
175 1 2 67
175 1 3 69
175 1 5 63
175 1 6 75
175 1 7 69
175 1 8 66
175 1 10 68
175 10 0 67
175 10 1 64
175 10 2 66
175 10 4 60
175 10 8 72
175 10 9 66
175 10 10 63
175 10 11 65
175 14 1 69
175 14 3 66
175 14 4 68
175 14 5 62
175 14 7 74
175 14 9 68
175 14 10 65
175 14 11 67
176 6 0 77
176 6 2 88
176 6 3 84
176 6 4 82
176 6 5 78
176 6 7 90
176 6 8 77
176 6 10 87
176 12 1 82
176 12 3 77
176 12 4 75
176 12 5 70
176 12 6 76
176 12 8 71
176 12 9 84
176 12 10 72
176 13 0 80
176 13 1 75
176 13 3 73
176 13 5 68
176 13 6 74
176 13 7 69
176 13 8 82
176 13 9 70
176 14 1 73
176 14 3 72
176 14 4 68
176 14 5 63
176 14 7 68
176 14 9 74
176 14 10 70
176 14 11 71
177 1 0 76
177 1 2 87
177 1 3 83
177 1 5 81
177 1 6 77
177 1 7 89
177 1 8 76
177 1 10 86
177 12 1 77
177 12 3 72
177 12 4 70
177 12 5 65
177 12 6 71
177 12 8 66
177 12 9 79
177 12 10 67
177 13 0 78
177 13 1 89
177 13 3 85
177 13 5 83
177 13 6 79
177 13 7 91
177 13 8 78
177 13 9 88
178 0 2 99
178 0 3 108
178 0 4 104
178 0 5 104
178 0 7 104
178 0 8 90
178 0 10 101
178 0 11 97
178 3 0 117
178 3 1 110
178 3 2 104
178 3 3 116
178 3 5 106
178 3 6 100
178 3 7 103
178 3 8 109
178 8 2 113
178 8 3 106
178 8 4 100
178 8 5 112
178 8 7 102
178 8 8 96
178 8 9 99
178 8 10 105
178 10 0 113
178 10 1 106
178 10 2 100
178 10 4 112
178 10 8 102
178 10 9 96
178 10 10 99
178 10 11 105
179 8 2 76
179 8 3 87
179 8 4 83
179 8 5 81
179 8 7 77
179 8 8 89
179 8 9 76
179 8 10 86
179 10 0 77
179 10 1 72
179 10 2 70
179 10 4 65
179 10 8 71
179 10 9 66
179 10 10 79
179 10 11 67
179 11 0 78
179 11 1 89
179 11 2 85
179 11 5 83
179 11 6 79
179 11 7 91
179 11 8 78
179 11 10 88
179 13 0 82
179 13 1 77
179 13 3 75
179 13 5 70
179 13 6 76
179 13 7 71
179 13 8 84
179 13 9 72
179 14 1 80
179 14 3 91
179 14 4 87
179 14 5 85
179 14 7 81
179 14 9 93
179 14 10 80
179 14 11 90
180 1 0 40
180 1 2 38
180 1 3 37
180 1 5 34
180 1 6 37
180 1 7 35
180 1 8 41
180 1 10 35
180 7 1 42
180 7 5 51
180 7 6 47
180 7 7 47
180 7 8 47
180 7 9 43
180 7 10 44
180 7 11 50
180 9 1 38
180 9 2 47
180 9 4 43
180 9 5 43
180 9 8 43
180 9 9 39
180 9 10 40
180 9 11 46
181 6 0 23
181 6 2 22
181 6 3 24
181 6 4 22
181 6 5 24
181 6 7 24
181 6 8 23
181 6 10 21
181 8 2 22
181 8 3 21
181 8 4 23
181 8 5 21
181 8 7 23
181 8 8 23
181 8 9 22
181 8 10 20
181 9 1 24
181 9 2 23
181 9 4 25
181 9 5 23
181 9 8 25
181 9 9 25
181 9 10 24
181 9 11 22
181 14 1 22
181 14 3 21
181 14 4 23
181 14 5 21
181 14 7 23
181 14 9 23
181 14 10 22
181 14 11 20
182 1 0 64
182 1 2 61
182 1 3 63
182 1 5 57
182 1 6 69
182 1 7 63
182 1 8 60
182 1 10 62
182 5 0 66
182 5 2 59
182 5 3 61
182 5 7 54
182 5 8 58
182 5 9 65
182 5 10 63
182 5 11 55
182 10 0 63
182 10 1 60
182 10 2 62
182 10 4 56
182 10 8 68
182 10 9 62
182 10 10 59
182 10 11 61
182 14 1 60
182 14 3 53
182 14 4 61
182 14 5 53
182 14 7 61
182 14 9 55
182 14 10 54
182 14 11 58
183 0 2 83
183 0 3 78
183 0 4 76
183 0 5 71
183 0 7 77
183 0 8 72
183 0 10 85
183 0 11 73
183 6 0 78
183 6 2 73
183 6 3 71
183 6 4 66
183 6 5 72
183 6 7 67
183 6 8 80
183 6 10 68
183 8 2 76
183 8 3 71
183 8 4 69
183 8 5 64
183 8 7 70
183 8 8 65
183 8 9 78
183 8 10 66
183 13 0 67
183 13 1 64
183 13 3 66
183 13 5 60
183 13 6 72
183 13 7 66
183 13 8 63
183 13 9 65
184 0 2 78
184 0 3 89
184 0 4 85
184 0 5 83
184 0 7 79
184 0 8 91
184 0 10 78
184 0 11 88
184 1 0 83
184 1 2 78
184 1 3 76
184 1 5 71
184 1 6 77
184 1 7 72
184 1 8 85
184 1 10 73
184 3 0 81
184 3 1 76
184 3 2 74
184 3 3 69
184 3 5 75
184 3 6 70
184 3 7 83
184 3 8 71
184 13 0 76
184 13 1 71
184 13 3 69
184 13 5 64
184 13 6 70
184 13 7 65
184 13 8 78
184 13 9 66
185 1 0 94
185 1 2 103
185 1 3 99
185 1 5 99
185 1 6 99
185 1 7 85
185 1 8 96
185 1 10 92
185 2 1 112
185 2 2 105
185 2 4 99
185 2 5 111
185 2 6 101
185 2 7 95
185 2 9 98
185 2 10 104
185 7 1 99
185 7 5 108
185 7 6 104
185 7 7 104
185 7 8 104
185 7 9 90
185 7 10 101
185 7 11 97
185 8 2 99
185 8 3 108
185 8 4 104
185 8 5 104
185 8 7 104
185 8 8 90
185 8 9 101
185 8 10 97
186 4 0 63
186 4 2 56
186 4 4 64
186 4 5 56
186 4 6 64
186 4 8 58
186 4 10 57
186 4 11 61
186 7 1 56
186 7 5 49
186 7 6 57
186 7 7 49
186 7 8 57
186 7 9 51
186 7 10 50
186 7 11 54
186 8 2 66
186 8 3 59
186 8 4 61
186 8 5 54
186 8 7 58
186 8 8 65
186 8 9 63
186 8 10 55
187 3 0 27
187 3 1 26
187 3 2 28
187 3 3 26
187 3 5 28
187 3 6 28
187 3 7 27
187 3 8 25
187 5 0 26
187 5 2 25
187 5 3 27
187 5 7 25
187 5 8 27
187 5 9 27
187 5 10 26
187 5 11 24
187 7 1 28
187 7 5 27
187 7 6 29
187 7 7 27
187 7 8 29
187 7 9 29
187 7 10 28
187 7 11 26
187 9 1 26
187 9 2 25
187 9 4 27
187 9 5 25
187 9 8 27
187 9 9 27
187 9 10 26
187 9 11 24
187 11 0 28
187 11 1 27
187 11 2 29
187 11 5 27
187 11 6 29
187 11 7 29
187 11 8 28
187 11 10 26
188 3 0 19
188 3 1 18
188 3 2 17
188 3 3 16
188 3 5 17
188 3 6 16
188 3 7 19
188 3 8 16
188 4 0 23
188 4 2 22
188 4 4 24
188 4 5 22
188 4 6 24
188 4 8 24
188 4 10 23
188 4 11 21
188 8 2 19
188 8 3 18
188 8 4 17
188 8 5 16
188 8 7 17
188 8 8 16
188 8 9 19
188 8 10 16
188 10 0 19
188 10 1 18
188 10 2 17
188 10 4 16
188 10 8 17
188 10 9 16
188 10 10 19
188 10 11 16
188 11 0 19
188 11 1 18
188 11 2 17
188 11 5 16
188 11 6 17
188 11 7 16
188 11 8 19
188 11 10 16
189 4 0 97
189 4 2 106
189 4 4 102
189 4 5 102
189 4 6 102
189 4 8 88
189 4 10 99
189 4 11 95
189 6 0 115
189 6 2 108
189 6 3 102
189 6 4 114
189 6 5 104
189 6 7 98
189 6 8 101
189 6 10 107
189 9 1 111
189 9 2 104
189 9 4 98
189 9 5 110
189 9 8 100
189 9 9 94
189 9 10 97
189 9 11 103
189 12 1 111
189 12 3 104
189 12 4 98
189 12 5 110
189 12 6 100
189 12 8 94
189 12 9 97
189 12 10 103
190 1 0 38
190 1 2 36
190 1 3 35
190 1 5 32
190 1 6 35
190 1 7 33
190 1 8 39
190 1 10 33
190 5 0 36
190 5 2 34
190 5 3 33
190 5 7 30
190 5 8 33
190 5 9 31
190 5 10 37
190 5 11 31
190 8 2 35
190 8 3 33
190 8 4 32
190 8 5 29
190 8 7 32
190 8 8 30
190 8 9 36
190 8 10 30
190 11 0 28
190 11 1 32
190 11 2 27
190 11 5 28
190 11 6 33
190 11 7 27
190 11 8 31
190 11 10 33
191 8 2 29
191 8 3 28
191 8 4 30
191 8 5 28
191 8 7 30
191 8 8 30
191 8 9 29
191 8 10 27
191 9 1 34
191 9 2 32
191 9 4 31
191 9 5 28
191 9 8 31
191 9 9 29
191 9 10 35
191 9 11 29
191 10 0 28
191 10 1 27
191 10 2 29
191 10 4 27
191 10 8 29
191 10 9 29
191 10 10 28
191 10 11 26
191 13 0 29
191 13 1 28
191 13 3 30
191 13 5 28
191 13 6 30
191 13 7 30
191 13 8 29
191 13 9 27
192 0 2 40
192 0 3 42
192 0 4 38
192 0 5 36
192 0 7 41
192 0 8 44
192 0 10 40
192 0 11 41
192 4 0 40
192 4 2 38
192 4 4 37
192 4 5 34
192 4 6 37
192 4 8 35
192 4 10 41
192 4 11 35
192 7 1 39
192 7 5 37
192 7 6 36
192 7 7 33
192 7 8 36
192 7 9 34
192 7 10 40
192 7 11 34
192 14 1 36
192 14 3 34
192 14 4 33
192 14 5 30
192 14 7 33
192 14 9 31
192 14 10 37
192 14 11 31
193 3 0 78
193 3 1 89
193 3 2 85
193 3 3 83
193 3 5 79
193 3 6 91
193 3 7 78
193 3 8 88
193 8 2 94
193 8 3 103
193 8 4 99
193 8 5 99
193 8 7 99
193 8 8 85
193 8 9 96
193 8 10 92
193 10 0 83
193 10 1 94
193 10 2 98
193 10 4 83
193 10 8 81
193 10 9 94
193 10 10 83
193 10 11 84
194 4 0 76
194 4 2 87
194 4 4 83
194 4 5 81
194 4 6 77
194 4 8 89
194 4 10 76
194 4 11 86
194 7 1 81
194 7 5 76
194 7 6 74
194 7 7 69
194 7 8 75
194 7 9 70
194 7 10 83
194 7 11 71
194 10 0 79
194 10 1 74
194 10 2 72
194 10 4 67
194 10 8 73
194 10 9 68
194 10 10 81
194 10 11 69
194 11 0 70
194 11 1 67
194 11 2 69
194 11 5 63
194 11 6 75
194 11 7 69
194 11 8 66
194 11 10 68
195 3 0 40
195 3 1 42
195 3 2 38
195 3 3 36
195 3 5 41
195 3 6 44
195 3 7 40
195 3 8 41
195 7 1 44
195 7 5 53
195 7 6 49
195 7 7 49
195 7 8 49
195 7 9 45
195 7 10 46
195 7 11 52
195 10 0 40
195 10 1 49
195 10 2 45
195 10 4 45
195 10 8 45
195 10 9 41
195 10 10 42
195 10 11 48
195 12 1 40
195 12 3 49
195 12 4 45
195 12 5 45
195 12 6 45
195 12 8 41
195 12 9 42
195 12 10 48
196 2 1 63
196 2 2 60
196 2 4 62
196 2 5 56
196 2 6 68
196 2 7 62
196 2 9 59
196 2 10 61
196 3 0 59
196 3 1 52
196 3 2 60
196 3 3 52
196 3 5 60
196 3 6 54
196 3 7 53
196 3 8 57
196 5 0 64
196 5 2 61
196 5 3 63
196 5 7 57
196 5 8 69
196 5 9 63
196 5 10 60
196 5 11 62
196 11 0 59
196 11 1 52
196 11 2 60
196 11 5 52
196 11 6 60
196 11 7 54
196 11 8 53
196 11 10 57
196 13 0 64
196 13 1 61
196 13 3 63
196 13 5 57
196 13 6 69
196 13 7 63
196 13 8 60
196 13 9 62
197 0 2 13
197 0 3 12
197 0 4 11
197 0 5 10
197 0 7 11
197 0 8 10
197 0 10 13
197 0 11 10
197 1 0 12
197 1 2 11
197 1 3 10
197 1 5 9
197 1 6 10
197 1 7 9
197 1 8 12
197 1 10 9
197 14 1 10
197 14 3 9
197 14 4 11
197 14 5 9
197 14 7 11
197 14 9 11
197 14 10 10
197 14 11 11
198 5 0 82
198 5 2 77
198 5 3 75
198 5 7 70
198 5 8 76
198 5 9 71
198 5 10 84
198 5 11 72
198 8 2 83
198 8 3 94
198 8 4 90
198 8 5 88
198 8 7 84
198 8 8 96
198 8 9 83
198 8 10 93
198 9 1 79
198 9 2 90
198 9 4 86
198 9 5 84
198 9 8 80
198 9 9 92
198 9 10 79
198 9 11 89
198 13 0 77
198 13 1 88
198 13 3 84
198 13 5 82
198 13 6 78
198 13 7 90
198 13 8 77
198 13 9 87
199 6 0 14
199 6 2 13
199 6 3 12
199 6 4 11
199 6 5 12
199 6 7 11
199 6 8 14
199 6 10 11
199 9 1 13
199 9 2 12
199 9 4 11
199 9 5 10
199 9 8 11
199 9 9 10
199 9 10 13
199 9 11 10
199 12 1 12
199 12 3 11
199 12 4 10
199 12 5 9
199 12 6 10
199 12 8 9
199 12 9 12
199 12 10 9
200 1 0 66
200 1 2 63
200 1 3 65
200 1 5 59
200 1 6 71
200 1 7 65
200 1 8 62
200 1 10 64
200 10 0 63
200 10 1 60
200 10 2 62
200 10 4 56
200 10 8 68
200 10 9 62
200 10 10 59
200 10 11 61
200 13 0 65
200 13 1 62
200 13 3 64
200 13 5 58
200 13 6 70
200 13 7 64
200 13 8 61
200 13 9 63
200 14 1 62
200 14 3 55
200 14 4 63
200 14 5 55
200 14 7 63
200 14 9 57
200 14 10 56
200 14 11 60
201 0 2 66
201 0 3 59
201 0 4 61
201 0 5 54
201 0 7 58
201 0 8 65
201 0 10 63
201 0 11 55
201 3 0 57
201 3 1 50
201 3 2 58
201 3 3 50
201 3 5 58
201 3 6 52
201 3 7 51
201 3 8 55
201 10 0 62
201 10 1 59
201 10 2 61
201 10 4 55
201 10 8 67
201 10 9 61
201 10 10 58
201 10 11 60
201 11 0 57
201 11 1 50
201 11 2 58
201 11 5 50
201 11 6 58
201 11 7 52
201 11 8 51
201 11 10 55
202 1 0 14
202 1 2 13
202 1 3 12
202 1 5 11
202 1 6 12
202 1 7 11
202 1 8 14
202 1 10 11
202 4 0 13
202 4 2 12
202 4 4 11
202 4 5 10
202 4 6 11
202 4 8 10
202 4 10 13
202 4 11 10
202 12 1 12
202 12 3 11
202 12 4 10
202 12 5 9
202 12 6 10
202 12 8 9
202 12 9 12
202 12 10 9
203 0 2 84
203 0 3 79
203 0 4 77
203 0 5 72
203 0 7 78
203 0 8 73
203 0 10 86
203 0 11 74
203 4 0 79
203 4 2 74
203 4 4 72
203 4 5 67
203 4 6 73
203 4 8 68
203 4 10 81
203 4 11 69
203 6 0 77
203 6 2 72
203 6 3 70
203 6 4 65
203 6 5 71
203 6 7 66
203 6 8 79
203 6 10 67
203 8 2 68
203 8 3 65
203 8 4 67
203 8 5 61
203 8 7 73
203 8 8 67
203 8 9 64
203 8 10 66
203 14 1 78
203 14 3 73
203 14 4 71
203 14 5 66
203 14 7 72
203 14 9 67
203 14 10 80
203 14 11 68
204 3 0 82
204 3 1 77
204 3 2 75
204 3 3 70
204 3 5 76
204 3 6 71
204 3 7 84
204 3 8 72
204 6 0 77
204 6 2 72
204 6 3 70
204 6 4 65
204 6 5 71
204 6 7 66
204 6 8 79
204 6 10 67
204 9 1 73
204 9 2 72
204 9 4 68
204 9 5 63
204 9 8 68
204 9 9 74
204 9 10 70
204 9 11 71
204 11 0 66
204 11 1 63
204 11 2 65
204 11 5 59
204 11 6 71
204 11 7 65
204 11 8 62
204 11 10 64
205 3 0 66
205 3 1 59
205 3 2 61
205 3 3 54
205 3 5 58
205 3 6 65
205 3 7 63
205 3 8 55
205 5 0 57
205 5 2 50
205 5 3 58
205 5 7 50
205 5 8 58
205 5 9 52
205 5 10 51
205 5 11 55
205 6 0 62
205 6 2 59
205 6 3 61
205 6 4 55
205 6 5 67
205 6 7 61
205 6 8 58
205 6 10 60
205 8 2 57
205 8 3 50
205 8 4 58
205 8 5 50
205 8 7 58
205 8 8 52
205 8 9 51
205 8 10 55
205 13 0 62
205 13 1 59
205 13 3 61
205 13 5 55
205 13 6 67
205 13 7 61
205 13 8 58
205 13 9 60
206 3 0 79
206 3 1 90
206 3 2 86
206 3 3 84
206 3 5 80
206 3 6 92
206 3 7 79
206 3 8 89
206 6 0 84
206 6 2 79
206 6 3 77
206 6 4 72
206 6 5 78
206 6 7 73
206 6 8 86
206 6 10 74
206 9 1 82
206 9 2 77
206 9 4 75
206 9 5 70
206 9 8 76
206 9 9 71
206 9 10 84
206 9 11 72
206 10 0 77
206 10 1 72
206 10 2 70
206 10 4 65
206 10 8 71
206 10 9 66
206 10 10 79
206 10 11 67
206 13 0 83
206 13 1 78
206 13 3 76
206 13 5 71
206 13 6 77
206 13 7 72
206 13 8 85
206 13 9 73
207 1 0 13
207 1 2 12
207 1 3 11
207 1 5 10
207 1 6 11
207 1 7 10
207 1 8 13
207 1 10 10
207 5 0 12
207 5 2 11
207 5 3 10
207 5 7 9
207 5 8 10
207 5 9 9
207 5 10 12
207 5 11 9
207 9 1 10
207 9 2 9
207 9 4 11
207 9 5 9
207 9 8 11
207 9 9 11
207 9 10 10
207 9 11 11
207 14 1 9
207 14 3 9
207 14 4 8
207 14 5 8
207 14 7 8
207 14 9 8
207 14 10 9
207 14 11 8
208 4 0 83
208 4 2 78
208 4 4 76
208 4 5 71
208 4 6 77
208 4 8 72
208 4 10 85
208 4 11 73
208 8 2 84
208 8 3 95
208 8 4 91
208 8 5 89
208 8 7 85
208 8 8 97
208 8 9 84
208 8 10 94
208 9 1 80
208 9 2 91
208 9 4 87
208 9 5 85
208 9 8 81
208 9 9 93
208 9 10 80
208 9 11 90
208 13 0 78
208 13 1 89
208 13 3 85
208 13 5 83
208 13 6 79
208 13 7 91
208 13 8 78
208 13 9 88
209 0 2 26
209 0 3 25
209 0 4 27
209 0 5 25
209 0 7 27
209 0 8 27
209 0 10 26
209 0 11 24
209 1 0 25
209 1 2 24
209 1 3 26
209 1 5 24
209 1 6 26
209 1 7 26
209 1 8 25
209 1 10 23
209 2 1 27
209 2 2 26
209 2 4 28
209 2 5 26
209 2 6 28
209 2 7 28
209 2 9 27
209 2 10 25
209 12 1 25
209 12 3 24
209 12 4 26
209 12 5 24
209 12 6 26
209 12 8 26
209 12 9 25
209 12 10 23
209 13 0 27
209 13 1 26
209 13 3 28
209 13 5 26
209 13 6 28
209 13 7 28
209 13 8 27
209 13 9 25
210 5 0 38
210 5 2 47
210 5 3 43
210 5 7 43
210 5 8 43
210 5 9 39
210 5 10 40
210 5 11 46
210 8 2 56
210 8 3 49
210 8 4 57
210 8 5 49
210 8 7 57
210 8 8 51
210 8 9 50
210 8 10 54
210 14 1 43
210 14 3 52
210 14 4 48
210 14 5 48
210 14 7 48
210 14 9 44
210 14 10 45
210 14 11 51
211 1 0 63
211 1 2 60
211 1 3 62
211 1 5 56
211 1 6 68
211 1 7 62
211 1 8 59
211 1 10 61
211 6 0 63
211 6 2 56
211 6 3 64
211 6 4 56
211 6 5 64
211 6 7 58
211 6 8 57
211 6 10 61
211 11 0 62
211 11 1 59
211 11 2 61
211 11 5 55
211 11 6 67
211 11 7 61
211 11 8 58
211 11 10 60
212 2 1 27
212 2 2 26
212 2 4 28
212 2 5 26
212 2 6 28
212 2 7 28
212 2 9 27
212 2 10 25
212 4 0 26
212 4 2 25
212 4 4 27
212 4 5 25
212 4 6 27
212 4 8 27
212 4 10 26
212 4 11 24
212 7 1 28
212 7 5 27
212 7 6 29
212 7 7 27
212 7 8 29
212 7 9 29
212 7 10 28
212 7 11 26
212 11 0 26
212 11 1 25
212 11 2 27
212 11 5 25
212 11 6 27
212 11 7 27
212 11 8 26
212 11 10 24
213 3 0 18
213 3 1 22
213 3 2 18
213 3 3 18
213 3 5 18
213 3 6 19
213 3 7 20
213 3 8 21
213 5 0 20
213 5 2 19
213 5 3 18
213 5 7 17
213 5 8 18
213 5 9 17
213 5 10 20
213 5 11 17
213 9 1 19
213 9 2 18
213 9 4 17
213 9 5 16
213 9 8 17
213 9 9 16
213 9 10 19
213 9 11 16
213 11 0 18
213 11 1 17
213 11 2 16
213 11 5 15
213 11 6 16
213 11 7 15
213 11 8 18
213 11 10 15
213 13 0 19
213 13 1 18
213 13 3 17
213 13 5 16
213 13 6 17
213 13 7 16
213 13 8 19
213 13 9 16
214 11 0 97
214 11 1 106
214 11 2 102
214 11 5 102
214 11 6 102
214 11 7 88
214 11 8 99
214 11 10 95
214 13 0 115
214 13 1 108
214 13 3 102
214 13 5 114
214 13 6 104
214 13 7 98
214 13 8 101
214 13 9 107
214 14 1 111
214 14 3 104
214 14 4 98
214 14 5 110
214 14 7 100
214 14 9 94
214 14 10 97
214 14 11 103
215 1 0 36
215 1 2 45
215 1 3 41
215 1 5 41
215 1 6 41
215 1 7 37
215 1 8 38
215 1 10 44
215 3 0 41
215 3 1 39
215 3 2 38
215 3 3 35
215 3 5 38
215 3 6 36
215 3 7 42
215 3 8 36
215 7 1 40
215 7 5 38
215 7 6 37
215 7 7 34
215 7 8 37
215 7 9 35
215 7 10 41
215 7 11 35
215 13 0 37
215 13 1 35
215 13 3 34
215 13 5 31
215 13 6 34
215 13 7 32
215 13 8 38
215 13 9 32
216 6 0 77
216 6 2 88
216 6 3 84
216 6 4 82
216 6 5 78
216 6 7 90
216 6 8 77
216 6 10 87
216 10 0 93
216 10 1 102
216 10 2 98
216 10 4 98
216 10 8 98
216 10 9 84
216 10 10 95
216 10 11 91
216 11 0 84
216 11 1 95
216 11 2 91
216 11 5 89
216 11 6 85
216 11 7 97
216 11 8 84
216 11 10 94
216 13 0 82
216 13 1 93
216 13 3 89
216 13 5 87
216 13 6 83
216 13 7 95
216 13 8 82
216 13 9 92
217 1 0 81
217 1 2 76
217 1 3 74
217 1 5 69
217 1 6 75
217 1 7 70
217 1 8 83
217 1 10 71
217 8 2 82
217 8 3 93
217 8 4 89
217 8 5 87
217 8 7 83
217 8 8 95
217 8 9 82
217 8 10 92
217 11 0 78
217 11 1 89
217 11 2 85
217 11 5 83
217 11 6 79
217 11 7 91
217 11 8 78
217 11 10 88
218 2 1 19
218 2 2 18
218 2 4 17
218 2 5 16
218 2 6 17
218 2 7 16
218 2 9 19
218 2 10 16
218 11 0 18
218 11 1 17
218 11 2 16
218 11 5 15
218 11 6 16
218 11 7 15
218 11 8 18
218 11 10 15
218 14 1 17
218 14 3 16
218 14 4 15
218 14 5 14
218 14 7 15
218 14 9 14
218 14 10 17
218 14 11 14
219 0 2 81
219 0 3 76
219 0 4 74
219 0 5 69
219 0 7 75
219 0 8 70
219 0 10 83
219 0 11 71
219 5 0 76
219 5 2 71
219 5 3 69
219 5 7 64
219 5 8 70
219 5 9 65
219 5 10 78
219 5 11 66
219 10 0 70
219 10 1 67
219 10 2 69
219 10 4 63
219 10 8 75
219 10 9 69
219 10 10 66
219 10 11 68
219 13 0 65
219 13 1 62
219 13 3 64
219 13 5 58
219 13 6 70
219 13 7 64
219 13 8 61
219 13 9 63
220 1 0 20
220 1 2 19
220 1 3 18
220 1 5 17
220 1 6 18
220 1 7 17
220 1 8 20
220 1 10 17
220 2 1 19
220 2 2 18
220 2 4 17
220 2 5 16
220 2 6 17
220 2 7 16
220 2 9 19
220 2 10 16
220 9 1 18
220 9 2 17
220 9 4 16
220 9 5 15
220 9 8 16
220 9 9 15
220 9 10 18
220 9 11 15
220 13 0 17
220 13 1 16
220 13 3 15
220 13 5 14
220 13 6 15
220 13 7 14
220 13 8 17
220 13 9 14
220 14 1 18
220 14 3 17
220 14 4 16
220 14 5 15
220 14 7 16
220 14 9 15
220 14 10 18
220 14 11 15
221 1 0 94
221 1 2 103
221 1 3 99
221 1 5 99
221 1 6 99
221 1 7 85
221 1 8 96
221 1 10 92
221 5 0 112
221 5 2 105
221 5 3 99
221 5 7 111
221 5 8 101
221 5 9 95
221 5 10 98
221 5 11 104
221 10 0 99
221 10 1 108
221 10 2 104
221 10 4 104
221 10 8 104
221 10 9 90
221 10 10 101
221 10 11 97
222 1 0 62
222 1 2 59
222 1 3 61
222 1 5 55
222 1 6 67
222 1 7 61
222 1 8 58
222 1 10 60
222 5 0 58
222 5 2 51
222 5 3 59
222 5 7 51
222 5 8 59
222 5 9 53
222 5 10 52
222 5 11 56
222 6 0 63
222 6 2 60
222 6 3 62
222 6 4 56
222 6 5 68
222 6 7 62
222 6 8 59
222 6 10 61
222 10 0 58
222 10 1 51
222 10 2 59
222 10 4 51
222 10 8 59
222 10 9 53
222 10 10 52
222 10 11 56
222 13 0 63
222 13 1 60
222 13 3 62
222 13 5 56
222 13 6 68
222 13 7 62
222 13 8 59
222 13 9 61
223 1 0 36
223 1 2 45
223 1 3 41
223 1 5 41
223 1 6 41
223 1 7 37
223 1 8 38
223 1 10 44
223 3 0 54
223 3 1 47
223 3 2 52
223 3 3 53
223 3 5 54
223 3 6 48
223 3 7 51
223 3 8 46
223 10 0 41
223 10 1 50
223 10 2 46
223 10 4 46
223 10 8 46
223 10 9 42
223 10 10 43
223 10 11 49
224 4 0 10
224 4 2 9
224 4 4 11
224 4 5 9
224 4 6 11
224 4 8 11
224 4 10 10
224 4 11 11
224 5 0 9
224 5 2 9
224 5 3 8
224 5 7 8
224 5 8 8
224 5 9 8
224 5 10 9
224 5 11 8
224 8 2 12
224 8 3 11
224 8 4 10
224 8 5 9
224 8 7 10
224 8 8 9
224 8 9 12
224 8 10 9
224 9 1 9
224 9 2 9
224 9 4 8
224 9 5 8
224 9 8 8
224 9 9 8
224 9 10 9
224 9 11 8
224 13 0 12
224 13 1 11
224 13 3 10
224 13 5 9
224 13 6 10
224 13 7 9
224 13 8 12
224 13 9 9
225 0 2 93
225 0 3 102
225 0 4 98
225 0 5 98
225 0 7 98
225 0 8 84
225 0 10 95
225 0 11 91
225 5 0 111
225 5 2 104
225 5 3 98
225 5 7 110
225 5 8 100
225 5 9 94
225 5 10 97
225 5 11 103
225 12 1 98
225 12 3 107
225 12 4 103
225 12 5 103
225 12 6 103
225 12 8 89
225 12 9 100
225 12 10 96
225 13 0 98
225 13 1 107
225 13 3 103
225 13 5 103
225 13 6 103
225 13 7 89
225 13 8 100
225 13 9 96
225 14 1 98
225 14 3 107
225 14 4 103
225 14 5 103
225 14 7 103
225 14 9 89
225 14 10 100
225 14 11 96
226 7 1 30
226 7 5 29
226 7 6 31
226 7 7 29
226 7 8 31
226 7 9 31
226 7 10 30
226 7 11 28
226 11 0 29
226 11 1 28
226 11 2 30
226 11 5 28
226 11 6 30
226 11 7 30
226 11 8 29
226 11 10 27
226 13 0 28
226 13 1 32
226 13 3 27
226 13 5 28
226 13 6 33
226 13 7 27
226 13 8 31
226 13 9 33
226 14 1 29
226 14 3 28
226 14 4 30
226 14 5 28
226 14 7 30
226 14 9 30
226 14 10 29
226 14 11 27
227 0 2 30
227 0 3 29
227 0 4 31
227 0 5 29
227 0 7 31
227 0 8 31
227 0 10 30
227 0 11 28
227 3 0 29
227 3 1 28
227 3 2 30
227 3 3 28
227 3 5 30
227 3 6 30
227 3 7 29
227 3 8 27
227 9 1 28
227 9 2 32
227 9 4 27
227 9 5 28
227 9 8 33
227 9 9 27
227 9 10 31
227 9 11 33
227 10 0 29
227 10 1 28
227 10 2 30
227 10 4 28
227 10 8 30
227 10 9 30
227 10 10 29
227 10 11 27
228 2 1 30
228 2 2 29
228 2 4 31
228 2 5 29
228 2 6 31
228 2 7 31
228 2 9 30
228 2 10 28
228 3 0 29
228 3 1 28
228 3 2 30
228 3 3 28
228 3 5 30
228 3 6 30
228 3 7 29
228 3 8 27
228 4 0 28
228 4 2 32
228 4 4 27
228 4 5 28
228 4 6 33
228 4 8 27
228 4 10 31
228 4 11 33
228 8 2 29
228 8 3 28
228 8 4 30
228 8 5 28
228 8 7 30
228 8 8 30
228 8 9 29
228 8 10 27
228 9 1 28
228 9 2 32
228 9 4 27
228 9 5 28
228 9 8 33
228 9 9 27
228 9 10 31
228 9 11 33
229 0 2 36
229 0 3 45
229 0 4 41
229 0 5 41
229 0 7 41
229 0 8 37
229 0 10 38
229 0 11 44
229 1 0 54
229 1 2 47
229 1 3 52
229 1 5 53
229 1 6 54
229 1 7 48
229 1 8 51
229 1 10 46
229 4 0 41
229 4 2 50
229 4 4 46
229 4 5 46
229 4 6 46
229 4 8 42
229 4 10 43
229 4 11 49
229 5 0 41
229 5 2 50
229 5 3 46
229 5 7 46
229 5 8 46
229 5 9 42
229 5 10 43
229 5 11 49
229 9 1 41
229 9 2 50
229 9 4 46
229 9 5 46
229 9 8 46
229 9 9 42
229 9 10 43
229 9 11 49
230 1 0 40
230 1 2 38
230 1 3 37
230 1 5 34
230 1 6 37
230 1 7 35
230 1 8 41
230 1 10 35
230 6 0 38
230 6 2 36
230 6 3 35
230 6 4 32
230 6 5 35
230 6 7 33
230 6 8 39
230 6 10 33
230 10 0 37
230 10 1 35
230 10 2 34
230 10 4 31
230 10 8 34
230 10 9 32
230 10 10 38
230 10 11 32
231 4 0 66
231 4 2 59
231 4 4 61
231 4 5 54
231 4 6 58
231 4 8 65
231 4 10 63
231 4 11 55
231 5 0 57
231 5 2 50
231 5 3 58
231 5 7 50
231 5 8 58
231 5 9 52
231 5 10 51
231 5 11 55
231 12 1 62
231 12 3 59
231 12 4 61
231 12 5 55
231 12 6 67
231 12 8 61
231 12 9 58
231 12 10 60
232 0 2 58
232 0 3 51
232 0 4 59
232 0 5 51
232 0 7 59
232 0 8 53
232 0 10 52
232 0 11 56
232 2 1 42
232 2 2 51
232 2 4 47
232 2 5 47
232 2 6 47
232 2 7 43
232 2 9 44
232 2 10 50
232 6 0 56
232 6 2 49
232 6 3 57
232 6 4 49
232 6 5 57
232 6 7 51
232 6 8 50
232 6 10 54
232 7 1 57
232 7 5 50
232 7 6 58
232 7 7 50
232 7 8 58
232 7 9 52
232 7 10 51
232 7 11 55
232 9 1 58
232 9 2 51
232 9 4 59
232 9 5 51
232 9 8 59
232 9 9 53
232 9 10 52
232 9 11 56
233 0 2 27
233 0 3 26
233 0 4 28
233 0 5 26
233 0 7 28
233 0 8 28
233 0 10 27
233 0 11 25
233 1 0 26
233 1 2 25
233 1 3 27
233 1 5 25
233 1 6 27
233 1 7 27
233 1 8 26
233 1 10 24
233 9 1 28
233 9 2 27
233 9 4 29
233 9 5 27
233 9 8 29
233 9 9 29
233 9 10 28
233 9 11 26
233 11 0 26
233 11 1 25
233 11 2 27
233 11 5 25
233 11 6 27
233 11 7 27
233 11 8 26
233 11 10 24
233 12 1 28
233 12 3 27
233 12 4 29
233 12 5 27
233 12 6 29
233 12 8 29
233 12 9 28
233 12 10 26
234 5 0 40
234 5 2 42
234 5 3 38
234 5 7 36
234 5 8 41
234 5 9 44
234 5 10 40
234 5 11 41
234 7 1 44
234 7 5 53
234 7 6 49
234 7 7 49
234 7 8 49
234 7 9 45
234 7 10 46
234 7 11 52
234 8 2 40
234 8 3 49
234 8 4 45
234 8 5 45
234 8 7 45
234 8 8 41
234 8 9 42
234 8 10 48
235 1 0 40
235 1 2 38
235 1 3 37
235 1 5 34
235 1 6 37
235 1 7 35
235 1 8 41
235 1 10 35
235 5 0 38
235 5 2 36
235 5 3 35
235 5 7 32
235 5 8 35
235 5 9 33
235 5 10 39
235 5 11 33
235 6 0 37
235 6 2 35
235 6 3 34
235 6 4 31
235 6 5 34
235 6 7 32
235 6 8 38
235 6 10 32
235 8 2 34
235 8 3 32
235 8 4 31
235 8 5 28
235 8 7 31
235 8 8 29
235 8 9 35
235 8 10 29
235 11 0 37
235 11 1 35
235 11 2 34
235 11 5 31
235 11 6 34
235 11 7 32
235 11 8 38
235 11 10 32
236 3 0 91
236 3 1 100
236 3 2 96
236 3 3 96
236 3 5 96
236 3 6 82
236 3 7 93
236 3 8 89
236 10 0 91
236 10 1 102
236 10 2 104
236 10 4 105
236 10 8 110
236 10 9 104
236 10 10 94
236 10 11 110
236 13 0 96
236 13 1 105
236 13 3 101
236 13 5 101
236 13 6 101
236 13 7 87
236 13 8 98
236 13 9 94
237 5 0 81
237 5 2 72
237 5 3 83
237 5 7 77
237 5 8 85
237 5 9 73
237 5 10 84
237 5 11 79
237 9 1 80
237 9 2 75
237 9 4 73
237 9 5 68
237 9 8 74
237 9 9 69
237 9 10 82
237 9 11 70
237 13 0 78
237 13 1 73
237 13 3 71
237 13 5 66
237 13 6 72
237 13 7 67
237 13 8 80
237 13 9 68
238 5 0 76
238 5 2 87
238 5 3 83
238 5 7 81
238 5 8 77
238 5 9 89
238 5 10 76
238 5 11 86
238 7 1 77
238 7 5 72
238 7 6 70
238 7 7 65
238 7 8 71
238 7 9 66
238 7 10 79
238 7 11 67
238 14 1 78
238 14 3 89
238 14 4 85
238 14 5 83
238 14 7 79
238 14 9 91
238 14 10 78
238 14 11 88
239 2 1 27
239 2 2 26
239 2 4 28
239 2 5 26
239 2 6 28
239 2 7 28
239 2 9 27
239 2 10 25
239 3 0 26
239 3 1 25
239 3 2 27
239 3 3 25
239 3 5 27
239 3 6 27
239 3 7 26
239 3 8 24
239 4 0 28
239 4 2 27
239 4 4 29
239 4 5 27
239 4 6 29
239 4 8 29
239 4 10 28
239 4 11 26
239 5 0 26
239 5 2 25
239 5 3 27
239 5 7 25
239 5 8 27
239 5 9 27
239 5 10 26
239 5 11 24
239 9 1 28
239 9 2 27
239 9 4 29
239 9 5 27
239 9 8 29
239 9 9 29
239 9 10 28
239 9 11 26
240 1 0 19
240 1 2 18
240 1 3 17
240 1 5 16
240 1 6 17
240 1 7 16
240 1 8 19
240 1 10 16
240 9 1 23
240 9 2 22
240 9 4 24
240 9 5 22
240 9 8 24
240 9 9 24
240 9 10 23
240 9 11 21
240 10 0 19
240 10 1 18
240 10 2 17
240 10 4 16
240 10 8 17
240 10 9 16
240 10 10 19
240 10 11 16
240 11 0 19
240 11 1 18
240 11 2 17
240 11 5 16
240 11 6 17
240 11 7 16
240 11 8 19
240 11 10 16
241 3 0 37
241 3 1 35
241 3 2 34
241 3 3 31
241 3 5 34
241 3 6 32
241 3 7 38
241 3 8 32
241 9 1 35
241 9 2 33
241 9 4 32
241 9 5 29
241 9 8 32
241 9 9 30
241 9 10 36
241 9 11 30
241 12 1 34
241 12 3 32
241 12 4 31
241 12 5 28
241 12 6 31
241 12 8 29
241 12 9 35
241 12 10 29
242 1 0 40
242 1 2 38
242 1 3 37
242 1 5 34
242 1 6 37
242 1 7 35
242 1 8 41
242 1 10 35
242 3 0 42
242 3 1 51
242 3 2 47
242 3 3 47
242 3 5 47
242 3 6 43
242 3 7 44
242 3 8 50
242 8 2 38
242 8 3 47
242 8 4 43
242 8 5 43
242 8 7 43
242 8 8 39
242 8 9 40
242 8 10 46
242 9 1 38
242 9 2 47
242 9 4 43
242 9 5 43
242 9 8 43
242 9 9 39
242 9 10 40
242 9 11 46
243 5 0 35
243 5 2 33
243 5 3 32
243 5 7 29
243 5 8 32
243 5 9 30
243 5 10 36
243 5 11 30
243 10 0 33
243 10 1 31
243 10 2 30
243 10 4 27
243 10 8 30
243 10 9 28
243 10 10 34
243 10 11 28
243 11 0 28
243 11 1 32
243 11 2 27
243 11 5 28
243 11 6 33
243 11 7 27
243 11 8 31
243 11 10 33
244 5 0 73
244 5 2 72
244 5 3 68
244 5 7 63
244 5 8 68
244 5 9 74
244 5 10 70
244 5 11 71
244 7 1 68
244 7 5 65
244 7 6 67
244 7 7 61
244 7 8 73
244 7 9 67
244 7 10 64
244 7 11 66
244 8 2 70
244 8 3 67
244 8 4 69
244 8 5 63
244 8 7 75
244 8 8 69
244 8 9 66
244 8 10 68
244 9 1 64
244 9 2 61
244 9 4 63
244 9 5 57
244 9 8 69
244 9 9 63
244 9 10 60
244 9 11 62
245 3 0 93
245 3 1 102
245 3 2 98
245 3 3 98
245 3 5 98
245 3 6 84
245 3 7 95
245 3 8 91
245 6 0 111
245 6 2 104
245 6 3 98
245 6 4 110
245 6 5 100
245 6 7 94
245 6 8 97
245 6 10 103
245 13 0 98
245 13 1 107
245 13 3 103
245 13 5 103
245 13 6 103
245 13 7 89
245 13 8 100
245 13 9 96
245 14 1 98
245 14 3 107
245 14 4 103
245 14 5 103
245 14 7 103
245 14 9 89
245 14 10 100
245 14 11 96
246 0 2 40
246 0 3 38
246 0 4 37
246 0 5 34
246 0 7 37
246 0 8 35
246 0 10 41
246 0 11 35
246 1 0 38
246 1 2 36
246 1 3 35
246 1 5 32
246 1 6 35
246 1 7 33
246 1 8 39
246 1 10 33
246 9 1 37
246 9 2 35
246 9 4 34
246 9 5 31
246 9 8 34
246 9 9 32
246 9 10 38
246 9 11 32
246 10 0 34
246 10 1 32
246 10 2 31
246 10 4 28
246 10 8 31
246 10 9 29
246 10 10 35
246 10 11 29
246 13 0 37
246 13 1 35
246 13 3 34
246 13 5 31
246 13 6 34
246 13 7 32
246 13 8 38
246 13 9 32
247 0 2 23
247 0 3 22
247 0 4 24
247 0 5 22
247 0 7 24
247 0 8 24
247 0 10 23
247 0 11 21
247 1 0 22
247 1 2 21
247 1 3 23
247 1 5 21
247 1 6 23
247 1 7 23
247 1 8 22
247 1 10 20
247 8 2 24
247 8 3 23
247 8 4 25
247 8 5 23
247 8 7 25
247 8 8 25
247 8 9 24
247 8 10 22
247 9 1 22
247 9 2 21
247 9 4 23
247 9 5 21
247 9 8 23
247 9 9 23
247 9 10 22
247 9 11 20
247 10 0 24
247 10 1 23
247 10 2 25
247 10 4 23
247 10 8 25
247 10 9 25
247 10 10 24
247 10 11 22
248 2 1 29
248 2 2 28
248 2 4 30
248 2 5 28
248 2 6 30
248 2 7 30
248 2 9 29
248 2 10 27
248 8 2 28
248 8 3 27
248 8 4 29
248 8 5 27
248 8 7 29
248 8 8 29
248 8 9 28
248 8 10 26
248 9 1 30
248 9 2 29
248 9 4 31
248 9 5 29
248 9 8 31
248 9 9 31
248 9 10 30
248 9 11 28
248 10 0 28
248 10 1 27
248 10 2 29
248 10 4 27
248 10 8 29
248 10 9 29
248 10 10 28
248 10 11 26
249 4 0 41
249 4 2 39
249 4 4 38
249 4 5 35
249 4 6 38
249 4 8 36
249 4 10 42
249 4 11 36
249 10 0 39
249 10 1 37
249 10 2 36
249 10 4 33
249 10 8 36
249 10 9 34
249 10 10 40
249 10 11 34
249 12 1 38
249 12 3 36
249 12 4 35
249 12 5 32
249 12 6 35
249 12 8 33
249 12 9 39
249 12 10 33
250 0 2 65
250 0 3 62
250 0 4 64
250 0 5 58
250 0 7 70
250 0 8 64
250 0 10 61
250 0 11 63
250 6 0 62
250 6 2 59
250 6 3 61
250 6 4 55
250 6 5 67
250 6 7 61
250 6 8 58
250 6 10 60
250 14 1 64
250 14 3 61
250 14 4 63
250 14 5 57
250 14 7 69
250 14 9 63
250 14 10 60
250 14 11 62
251 0 2 15
251 0 3 14
251 0 4 13
251 0 5 12
251 0 7 13
251 0 8 12
251 0 10 15
251 0 11 12
251 3 0 14
251 3 1 13
251 3 2 12
251 3 3 11
251 3 5 12
251 3 6 11
251 3 7 14
251 3 8 11
251 5 0 13
251 5 2 12
251 5 3 11
251 5 7 10
251 5 8 11
251 5 9 10
251 5 10 13
251 5 11 10
251 7 1 12
251 7 5 11
251 7 6 10
251 7 7 9
251 7 8 10
251 7 9 9
251 7 10 12
251 7 11 9
251 9 1 13
251 9 2 12
251 9 4 11
251 9 5 10
251 9 8 11
251 9 9 10
251 9 10 13
251 9 11 10
252 1 0 37
252 1 2 35
252 1 3 34
252 1 5 31
252 1 6 34
252 1 7 32
252 1 8 38
252 1 10 32
252 4 0 35
252 4 2 33
252 4 4 32
252 4 5 29
252 4 6 32
252 4 8 30
252 4 10 36
252 4 11 30
252 5 0 34
252 5 2 32
252 5 3 31
252 5 7 28
252 5 8 31
252 5 9 29
252 5 10 35
252 5 11 29
252 8 2 30
252 8 3 29
252 8 4 31
252 8 5 29
252 8 7 31
252 8 8 31
252 8 9 30
252 8 10 28
253 1 0 77
253 1 2 88
253 1 3 84
253 1 5 82
253 1 6 78
253 1 7 90
253 1 8 77
253 1 10 87
253 5 0 82
253 5 2 77
253 5 3 75
253 5 7 70
253 5 8 76
253 5 9 71
253 5 10 84
253 5 11 72
253 6 0 80
253 6 2 75
253 6 3 73
253 6 4 68
253 6 5 74
253 6 7 69
253 6 8 82
253 6 10 70
253 12 1 73
253 12 3 72
253 12 4 68
253 12 5 63
253 12 6 68
253 12 8 74
253 12 9 70
253 12 10 71
253 13 0 81
253 13 1 76
253 13 3 74
253 13 5 69
253 13 6 75
253 13 7 70
253 13 8 83
253 13 9 71
254 1 0 70
254 1 2 67
254 1 3 69
254 1 5 63
254 1 6 75
254 1 7 69
254 1 8 66
254 1 10 68
254 2 1 67
254 2 2 64
254 2 4 66
254 2 5 60
254 2 6 72
254 2 7 66
254 2 9 63
254 2 10 65
254 6 0 69
254 6 2 66
254 6 3 68
254 6 4 62
254 6 5 74
254 6 7 68
254 6 8 65
254 6 10 67
254 13 0 63
254 13 1 60
254 13 3 62
254 13 5 56
254 13 6 68
254 13 7 62
254 13 8 59
254 13 9 61
255 3 0 37
255 3 1 35
255 3 2 34
255 3 3 31
255 3 5 34
255 3 6 32
255 3 7 38
255 3 8 32
255 5 0 35
255 5 2 33
255 5 3 32
255 5 7 29
255 5 8 32
255 5 9 30
255 5 10 36
255 5 11 30
255 10 0 34
255 10 1 32
255 10 2 31
255 10 4 28
255 10 8 31
255 10 9 29
255 10 10 35
255 10 11 29
255 13 0 30
255 13 1 29
255 13 3 31
255 13 5 29
255 13 6 31
255 13 7 31
255 13 8 30
255 13 9 28
256 0 2 35
256 0 3 33
256 0 4 32
256 0 5 29
256 0 7 32
256 0 8 30
256 0 10 36
256 0 11 30
256 2 1 33
256 2 2 31
256 2 4 30
256 2 5 27
256 2 6 30
256 2 7 28
256 2 9 34
256 2 10 28
256 4 0 28
256 4 2 32
256 4 4 27
256 4 5 28
256 4 6 33
256 4 8 27
256 4 10 31
256 4 11 33
256 7 1 28
256 7 5 27
256 7 6 29
256 7 7 27
256 7 8 29
256 7 9 29
256 7 10 28
256 7 11 26
256 8 2 28
256 8 3 32
256 8 4 27
256 8 5 28
256 8 7 33
256 8 8 27
256 8 9 31
256 8 10 33
257 0 2 36
257 0 3 45
257 0 4 41
257 0 5 41
257 0 7 41
257 0 8 37
257 0 10 38
257 0 11 44
257 1 0 41
257 1 2 39
257 1 3 38
257 1 5 35
257 1 6 38
257 1 7 36
257 1 8 42
257 1 10 36
257 2 1 40
257 2 2 38
257 2 4 37
257 2 5 34
257 2 6 37
257 2 7 35
257 2 9 41
257 2 10 35
257 11 0 37
257 11 1 35
257 11 2 34
257 11 5 31
257 11 6 34
257 11 7 32
257 11 8 38
257 11 10 32
257 13 0 40
257 13 1 38
257 13 3 37
257 13 5 34
257 13 6 37
257 13 7 35
257 13 8 41
257 13 9 35
258 0 2 41
258 0 3 39
258 0 4 38
258 0 5 35
258 0 7 38
258 0 8 36
258 0 10 42
258 0 11 36
258 1 0 39
258 1 2 37
258 1 3 36
258 1 5 33
258 1 6 36
258 1 7 34
258 1 8 40
258 1 10 34
258 6 0 38
258 6 2 36
258 6 3 35
258 6 4 32
258 6 5 35
258 6 7 33
258 6 8 39
258 6 10 33
258 8 2 35
258 8 3 33
258 8 4 32
258 8 5 29
258 8 7 32
258 8 8 30
258 8 9 36
258 8 10 30
258 11 0 38
258 11 1 36
258 11 2 35
258 11 5 32
258 11 6 35
258 11 7 33
258 11 8 39
258 11 10 33
259 3 0 66
259 3 1 59
259 3 2 61
259 3 3 54
259 3 5 58
259 3 6 65
259 3 7 63
259 3 8 55
259 4 0 57
259 4 2 50
259 4 4 58
259 4 5 50
259 4 6 58
259 4 8 52
259 4 10 51
259 4 11 55
259 5 0 62
259 5 2 59
259 5 3 61
259 5 7 55
259 5 8 67
259 5 9 61
259 5 10 58
259 5 11 60
259 9 1 57
259 9 2 50
259 9 4 58
259 9 5 50
259 9 8 58
259 9 9 52
259 9 10 51
259 9 11 55
260 4 0 27
260 4 2 26
260 4 4 28
260 4 5 26
260 4 6 28
260 4 8 28
260 4 10 27
260 4 11 25
260 5 0 26
260 5 2 25
260 5 3 27
260 5 7 25
260 5 8 27
260 5 9 27
260 5 10 26
260 5 11 24
260 13 0 28
260 13 1 27
260 13 3 29
260 13 5 27
260 13 6 29
260 13 7 29
260 13 8 28
260 13 9 26
261 0 2 78
261 0 3 89
261 0 4 85
261 0 5 83
261 0 7 79
261 0 8 91
261 0 10 78
261 0 11 88
261 2 1 83
261 2 2 78
261 2 4 76
261 2 5 71
261 2 6 77
261 2 7 72
261 2 9 85
261 2 10 73
261 10 0 81
261 10 1 76
261 10 2 74
261 10 4 69
261 10 8 75
261 10 9 70
261 10 10 83
261 10 11 71
261 13 0 76
261 13 1 71
261 13 3 69
261 13 5 64
261 13 6 70
261 13 7 65
261 13 8 78
261 13 9 66
262 4 0 38
262 4 2 36
262 4 4 35
262 4 5 32
262 4 6 35
262 4 8 33
262 4 10 39
262 4 11 33
262 5 0 40
262 5 2 49
262 5 3 45
262 5 7 45
262 5 8 45
262 5 9 41
262 5 10 42
262 5 11 48
262 7 1 36
262 7 5 45
262 7 6 41
262 7 7 41
262 7 8 41
262 7 9 37
262 7 10 38
262 7 11 44
262 8 2 36
262 8 3 45
262 8 4 41
262 8 5 41
262 8 7 41
262 8 8 37
262 8 9 38
262 8 10 44
262 10 0 36
262 10 1 45
262 10 2 41
262 10 4 41
262 10 8 41
262 10 9 37
262 10 10 38
262 10 11 44
263 5 0 95
263 5 2 104
263 5 3 100
263 5 7 100
263 5 8 100
263 5 9 86
263 5 10 97
263 5 11 93
263 8 2 113
263 8 3 106
263 8 4 100
263 8 5 112
263 8 7 102
263 8 8 96
263 8 9 99
263 8 10 105
263 9 1 91
263 9 2 102
263 9 4 104
263 9 5 105
263 9 8 110
263 9 9 104
263 9 10 94
263 9 11 110
263 13 0 91
263 13 1 102
263 13 3 104
263 13 5 105
263 13 6 110
263 13 7 104
263 13 8 94
263 13 9 110
264 1 0 39
264 1 2 37
264 1 3 36
264 1 5 33
264 1 6 36
264 1 7 34
264 1 8 40
264 1 10 34
264 4 0 37
264 4 2 35
264 4 4 34
264 4 5 31
264 4 6 34
264 4 8 32
264 4 10 38
264 4 11 32
264 8 2 36
264 8 3 34
264 8 4 33
264 8 5 30
264 8 7 33
264 8 8 31
264 8 9 37
264 8 10 31
264 9 1 33
264 9 2 31
264 9 4 30
264 9 5 27
264 9 8 30
264 9 9 28
264 9 10 34
264 9 11 28
264 13 0 36
264 13 1 34
264 13 3 33
264 13 5 30
264 13 6 33
264 13 7 31
264 13 8 37
264 13 9 31
265 3 0 63
265 3 1 60
265 3 2 62
265 3 3 56
265 3 5 68
265 3 6 62
265 3 7 59
265 3 8 61
265 6 0 59
265 6 2 52
265 6 3 60
265 6 4 52
265 6 5 60
265 6 7 54
265 6 8 53
265 6 10 57
265 7 1 64
265 7 5 61
265 7 6 63
265 7 7 57
265 7 8 69
265 7 9 63
265 7 10 60
265 7 11 62
265 10 0 59
265 10 1 52
265 10 2 60
265 10 4 52
265 10 8 60
265 10 9 54
265 10 10 53
265 10 11 57
266 1 0 99
266 1 2 108
266 1 3 104
266 1 5 104
266 1 6 104
266 1 7 90
266 1 8 101
266 1 10 97
266 5 0 117
266 5 2 110
266 5 3 104
266 5 7 116
266 5 8 106
266 5 9 100
266 5 10 103
266 5 11 109
266 9 1 113
266 9 2 106
266 9 4 100
266 9 5 112
266 9 8 102
266 9 9 96
266 9 10 99
266 9 11 105
267 2 1 59
267 2 2 52
267 2 4 60
267 2 5 52
267 2 6 60
267 2 7 54
267 2 9 53
267 2 10 57
267 3 0 43
267 3 1 52
267 3 2 48
267 3 3 48
267 3 5 48
267 3 6 44
267 3 7 45
267 3 8 51
267 4 0 60
267 4 2 53
267 4 4 61
267 4 5 53
267 4 6 61
267 4 8 55
267 4 10 54
267 4 11 58
267 9 1 43
267 9 2 52
267 9 4 48
267 9 5 48
267 9 8 48
267 9 9 44
267 9 10 45
267 9 11 51
267 13 0 60
267 13 1 53
267 13 3 61
267 13 5 53
267 13 6 61
267 13 7 55
267 13 8 54
267 13 9 58
268 3 0 36
268 3 1 45
268 3 2 41
268 3 3 41
268 3 5 41
268 3 6 37
268 3 7 38
268 3 8 44
268 5 0 41
268 5 2 39
268 5 3 38
268 5 7 35
268 5 8 38
268 5 9 36
268 5 10 42
268 5 11 36
268 11 0 40
268 11 1 38
268 11 2 37
268 11 5 34
268 11 6 37
268 11 7 35
268 11 8 41
268 11 10 35
268 14 1 37
268 14 3 35
268 14 4 34
268 14 5 31
268 14 7 34
268 14 9 32
268 14 10 38
268 14 11 32
269 2 1 60
269 2 2 53
269 2 4 61
269 2 5 53
269 2 6 61
269 2 7 55
269 2 9 54
269 2 10 58
269 6 0 44
269 6 2 53
269 6 3 49
269 6 4 49
269 6 5 49
269 6 7 45
269 6 8 46
269 6 10 52
269 10 0 61
269 10 1 54
269 10 2 62
269 10 4 54
269 10 8 62
269 10 9 56
269 10 10 55
269 10 11 59
270 3 0 37
270 3 1 46
270 3 2 42
270 3 3 42
270 3 5 42
270 3 6 38
270 3 7 39
270 3 8 45
270 4 0 55
270 4 2 48
270 4 4 56
270 4 5 48
270 4 6 56
270 4 8 50
270 4 10 49
270 4 11 53
270 9 1 42
270 9 2 51
270 9 4 47
270 9 5 47
270 9 8 47
270 9 9 43
270 9 10 44
270 9 11 50
270 14 1 42
270 14 3 51
270 14 4 47
270 14 5 47
270 14 7 47
270 14 9 43
270 14 10 44
270 14 11 50
271 1 0 81
271 1 2 76
271 1 3 74
271 1 5 69
271 1 6 75
271 1 7 70
271 1 8 83
271 1 10 71
271 7 1 76
271 7 5 71
271 7 6 69
271 7 7 64
271 7 8 70
271 7 9 65
271 7 10 78
271 7 11 66
271 12 1 70
271 12 3 67
271 12 4 69
271 12 5 63
271 12 6 75
271 12 8 69
271 12 9 66
271 12 10 68
272 0 2 60
272 0 3 53
272 0 4 61
272 0 5 53
272 0 7 61
272 0 8 55
272 0 10 54
272 0 11 58
272 2 1 44
272 2 2 53
272 2 4 49
272 2 5 49
272 2 6 49
272 2 7 45
272 2 9 46
272 2 10 52
272 8 2 61
272 8 3 54
272 8 4 62
272 8 5 54
272 8 7 62
272 8 8 56
272 8 9 55
272 8 10 59
273 0 2 25
273 0 3 24
273 0 4 26
273 0 5 24
273 0 7 26
273 0 8 26
273 0 10 25
273 0 11 23
273 3 0 24
273 3 1 23
273 3 2 25
273 3 3 23
273 3 5 25
273 3 6 25
273 3 7 24
273 3 8 22
273 9 1 26
273 9 2 25
273 9 4 27
273 9 5 25
273 9 8 27
273 9 9 27
273 9 10 26
273 9 11 24
273 13 0 24
273 13 1 23
273 13 3 25
273 13 5 23
273 13 6 25
273 13 7 25
273 13 8 24
273 13 9 22
274 3 0 26
274 3 1 25
274 3 2 27
274 3 3 25
274 3 5 27
274 3 6 27
274 3 7 26
274 3 8 24
274 4 0 25
274 4 2 24
274 4 4 26
274 4 5 24
274 4 6 26
274 4 8 26
274 4 10 25
274 4 11 23
274 7 1 27
274 7 5 26
274 7 6 28
274 7 7 26
274 7 8 28
274 7 9 28
274 7 10 27
274 7 11 25
274 9 1 25
274 9 2 24
274 9 4 26
274 9 5 24
274 9 8 26
274 9 9 26
274 9 10 25
274 9 11 23
274 13 0 27
274 13 1 26
274 13 3 28
274 13 5 26
274 13 6 28
274 13 7 28
274 13 8 27
274 13 9 25
275 1 0 41
275 1 2 39
275 1 3 38
275 1 5 35
275 1 6 38
275 1 7 36
275 1 8 42
275 1 10 36
275 4 0 43
275 4 2 52
275 4 4 48
275 4 5 48
275 4 6 48
275 4 8 44
275 4 10 45
275 4 11 51
275 5 0 39
275 5 2 48
275 5 3 44
275 5 7 44
275 5 8 44
275 5 9 40
275 5 10 41
275 5 11 47
275 6 0 39
275 6 2 48
275 6 3 44
275 6 4 44
275 6 5 44
275 6 7 40
275 6 8 41
275 6 10 47
275 14 1 39
275 14 3 48
275 14 4 44
275 14 5 44
275 14 7 44
275 14 9 40
275 14 10 41
275 14 11 47
276 1 0 40
276 1 2 42
276 1 3 38
276 1 5 36
276 1 6 41
276 1 7 44
276 1 8 40
276 1 10 41
276 2 1 44
276 2 2 53
276 2 4 49
276 2 5 49
276 2 6 49
276 2 7 45
276 2 9 46
276 2 10 52
276 13 0 40
276 13 1 49
276 13 3 45
276 13 5 45
276 13 6 45
276 13 7 41
276 13 8 42
276 13 9 48
277 0 2 38
277 0 3 36
277 0 4 35
277 0 5 32
277 0 7 35
277 0 8 33
277 0 10 39
277 0 11 33
277 1 0 36
277 1 2 34
277 1 3 33
277 1 5 30
277 1 6 33
277 1 7 31
277 1 8 37
277 1 10 31
277 2 1 35
277 2 2 33
277 2 4 32
277 2 5 29
277 2 6 32
277 2 7 30
277 2 9 36
277 2 10 30
277 9 1 28
277 9 2 32
277 9 4 27
277 9 5 28
277 9 8 33
277 9 9 27
277 9 10 31
277 9 11 33
277 14 1 35
277 14 3 33
277 14 4 32
277 14 5 29
277 14 7 32
277 14 9 30
277 14 10 36
277 14 11 30
278 0 2 82
278 0 3 77
278 0 4 75
278 0 5 70
278 0 7 76
278 0 8 71
278 0 10 84
278 0 11 72
278 2 1 77
278 2 2 72
278 2 4 70
278 2 5 65
278 2 6 71
278 2 7 66
278 2 9 79
278 2 10 67
278 4 0 73
278 4 2 72
278 4 4 68
278 4 5 63
278 4 6 68
278 4 8 74
278 4 10 70
278 4 11 71
278 5 0 66
278 5 2 63
278 5 3 65
278 5 7 59
278 5 8 71
278 5 9 65
278 5 10 62
278 5 11 64
278 6 0 76
278 6 2 71
278 6 3 69
278 6 4 64
278 6 5 70
278 6 7 65
278 6 8 78
278 6 10 66
279 3 0 83
279 3 1 78
279 3 2 76
279 3 3 71
279 3 5 77
279 3 6 72
279 3 7 85
279 3 8 73
279 8 2 78
279 8 3 73
279 8 4 71
279 8 5 66
279 8 7 72
279 8 8 67
279 8 9 80
279 8 10 68
279 9 1 76
279 9 2 71
279 9 4 69
279 9 5 64
279 9 8 70
279 9 9 65
279 9 10 78
279 9 11 66
279 10 0 67
279 10 1 64
279 10 2 66
279 10 4 60
279 10 8 72
279 10 9 66
279 10 10 63
279 10 11 65
280 2 1 66
280 2 2 59
280 2 4 61
280 2 5 54
280 2 6 58
280 2 7 65
280 2 9 63
280 2 10 55
280 4 0 57
280 4 2 50
280 4 4 58
280 4 5 50
280 4 6 58
280 4 8 52
280 4 10 51
280 4 11 55
280 8 2 62
280 8 3 59
280 8 4 61
280 8 5 55
280 8 7 67
280 8 8 61
280 8 9 58
280 8 10 60
281 5 0 82
281 5 2 77
281 5 3 75
281 5 7 70
281 5 8 76
281 5 9 71
281 5 10 84
281 5 11 72
281 6 0 77
281 6 2 72
281 6 3 70
281 6 4 65
281 6 5 71
281 6 7 66
281 6 8 79
281 6 10 67
281 11 0 73
281 11 1 72
281 11 2 68
281 11 5 63
281 11 6 68
281 11 7 74
281 11 8 70
281 11 10 71
281 13 0 66
281 13 1 63
281 13 3 65
281 13 5 59
281 13 6 71
281 13 7 65
281 13 8 62
281 13 9 64
282 2 1 40
282 2 2 38
282 2 4 37
282 2 5 34
282 2 6 37
282 2 7 35
282 2 9 41
282 2 10 35
282 8 2 42
282 8 3 51
282 8 4 47
282 8 5 47
282 8 7 47
282 8 8 43
282 8 9 44
282 8 10 50
282 9 1 38
282 9 2 47
282 9 4 43
282 9 5 43
282 9 8 43
282 9 9 39
282 9 10 40
282 9 11 46
282 11 0 38
282 11 1 47
282 11 2 43
282 11 5 43
282 11 6 43
282 11 7 39
282 11 8 40
282 11 10 46
282 13 0 38
282 13 1 47
282 13 3 43
282 13 5 43
282 13 6 43
282 13 7 39
282 13 8 40
282 13 9 46
283 2 1 98
283 2 2 107
283 2 4 103
283 2 5 103
283 2 6 103
283 2 7 89
283 2 9 100
283 2 10 96
283 4 0 116
283 4 2 109
283 4 4 103
283 4 5 115
283 4 6 105
283 4 8 99
283 4 10 102
283 4 11 108
283 6 0 112
283 6 2 105
283 6 3 99
283 6 4 111
283 6 5 101
283 6 7 95
283 6 8 98
283 6 10 104
283 10 0 112
283 10 1 105
283 10 2 99
283 10 4 111
283 10 8 101
283 10 9 95
283 10 10 98
283 10 11 104
283 12 1 112
283 12 3 105
283 12 4 99
283 12 5 111
283 12 6 101
283 12 8 95
283 12 9 98
283 12 10 104
284 2 1 38
284 2 2 47
284 2 4 43
284 2 5 43
284 2 6 43
284 2 7 39
284 2 9 40
284 2 10 46
284 3 0 56
284 3 1 49
284 3 2 57
284 3 3 49
284 3 5 57
284 3 6 51
284 3 7 50
284 3 8 54
284 8 2 43
284 8 3 52
284 8 4 48
284 8 5 48
284 8 7 48
284 8 8 44
284 8 9 45
284 8 10 51
285 1 0 99
285 1 2 108
285 1 3 104
285 1 5 104
285 1 6 104
285 1 7 90
285 1 8 101
285 1 10 97
285 5 0 117
285 5 2 110
285 5 3 104
285 5 7 116
285 5 8 106
285 5 9 100
285 5 10 103
285 5 11 109
285 7 1 113
285 7 5 106
285 7 6 100
285 7 7 112
285 7 8 102
285 7 9 96
285 7 10 99
285 7 11 105
285 9 1 113
285 9 2 106
285 9 4 100
285 9 5 112
285 9 8 102
285 9 9 96
285 9 10 99
285 9 11 105
285 10 0 113
285 10 1 106
285 10 2 100
285 10 4 112
285 10 8 102
285 10 9 96
285 10 10 99
285 10 11 105
286 3 0 36
286 3 1 45
286 3 2 41
286 3 3 41
286 3 5 41
286 3 6 37
286 3 7 38
286 3 8 44
286 8 2 41
286 8 3 39
286 8 4 38
286 8 5 35
286 8 7 38
286 8 8 36
286 8 9 42
286 8 10 36
286 9 1 40
286 9 2 38
286 9 4 37
286 9 5 34
286 9 8 37
286 9 9 35
286 9 10 41
286 9 11 35
286 13 0 37
286 13 1 35
286 13 3 34
286 13 5 31
286 13 6 34
286 13 7 32
286 13 8 38
286 13 9 32
286 14 1 40
286 14 3 38
286 14 4 37
286 14 5 34
286 14 7 37
286 14 9 35
286 14 10 41
286 14 11 35
287 3 0 68
287 3 1 65
287 3 2 67
287 3 3 61
287 3 5 73
287 3 6 67
287 3 7 64
287 3 8 66
287 4 0 65
287 4 2 62
287 4 4 64
287 4 5 58
287 4 6 70
287 4 8 64
287 4 10 61
287 4 11 63
287 5 0 67
287 5 2 64
287 5 3 66
287 5 7 60
287 5 8 72
287 5 9 66
287 5 10 63
287 5 11 65
287 12 1 66
287 12 3 59
287 12 4 61
287 12 5 54
287 12 6 58
287 12 8 65
287 12 9 63
287 12 10 55
288 0 2 60
288 0 3 53
288 0 4 61
288 0 5 53
288 0 7 61
288 0 8 55
288 0 10 54
288 0 11 58
288 5 0 44
288 5 2 53
288 5 3 49
288 5 7 49
288 5 8 49
288 5 9 45
288 5 10 46
288 5 11 52
288 11 0 61
288 11 1 54
288 11 2 62
288 11 5 54
288 11 6 62
288 11 7 56
288 11 8 55
288 11 10 59
288 13 0 44
288 13 1 53
288 13 3 49
288 13 5 49
288 13 6 49
288 13 7 45
288 13 8 46
288 13 9 52
288 14 1 61
288 14 3 54
288 14 4 62
288 14 5 54
288 14 7 62
288 14 9 56
288 14 10 55
288 14 11 59
289 1 0 77
289 1 2 88
289 1 3 84
289 1 5 82
289 1 6 78
289 1 7 90
289 1 8 77
289 1 10 87
289 2 1 82
289 2 2 77
289 2 4 75
289 2 5 70
289 2 6 76
289 2 7 71
289 2 9 84
289 2 10 72
289 3 0 80
289 3 1 75
289 3 2 73
289 3 3 68
289 3 5 74
289 3 6 69
289 3 7 82
289 3 8 70
289 14 1 73
289 14 3 72
289 14 4 68
289 14 5 63
289 14 7 68
289 14 9 74
289 14 10 70
289 14 11 71
290 2 1 39
290 2 2 48
290 2 4 44
290 2 5 44
290 2 6 44
290 2 7 40
290 2 9 41
290 2 10 47
290 5 0 57
290 5 2 50
290 5 3 58
290 5 7 50
290 5 8 58
290 5 9 52
290 5 10 51
290 5 11 55
290 6 0 44
290 6 2 53
290 6 3 49
290 6 4 49
290 6 5 49
290 6 7 45
290 6 8 46
290 6 10 52
290 14 1 44
290 14 3 53
290 14 4 49
290 14 5 49
290 14 7 49
290 14 9 45
290 14 10 46
290 14 11 52
291 1 0 63
291 1 2 56
291 1 3 64
291 1 5 56
291 1 6 64
291 1 7 58
291 1 8 57
291 1 10 61
291 2 1 56
291 2 2 49
291 2 4 57
291 2 5 49
291 2 6 57
291 2 7 51
291 2 9 50
291 2 10 54
291 4 0 66
291 4 2 59
291 4 4 61
291 4 5 54
291 4 6 58
291 4 8 65
291 4 10 63
291 4 11 55
291 9 1 56
291 9 2 49
291 9 4 57
291 9 5 49
291 9 8 57
291 9 9 51
291 9 10 50
291 9 11 54
292 1 0 25
292 1 2 24
292 1 3 26
292 1 5 24
292 1 6 26
292 1 7 26
292 1 8 25
292 1 10 23
292 4 0 24
292 4 2 23
292 4 4 25
292 4 5 23
292 4 6 25
292 4 8 25
292 4 10 24
292 4 11 22
292 7 1 26
292 7 5 25
292 7 6 27
292 7 7 25
292 7 8 27
292 7 9 27
292 7 10 26
292 7 11 24
292 8 2 24
292 8 3 23
292 8 4 25
292 8 5 23
292 8 7 25
292 8 8 25
292 8 9 24
292 8 10 22
293 1 0 81
293 1 2 72
293 1 3 83
293 1 5 77
293 1 6 85
293 1 7 73
293 1 8 84
293 1 10 79
293 6 0 80
293 6 2 75
293 6 3 73
293 6 4 68
293 6 5 74
293 6 7 69
293 6 8 82
293 6 10 70
293 7 1 78
293 7 5 73
293 7 6 71
293 7 7 66
293 7 8 72
293 7 9 67
293 7 10 80
293 7 11 68
293 10 0 69
293 10 1 66
293 10 2 68
293 10 4 62
293 10 8 74
293 10 9 68
293 10 10 65
293 10 11 67
293 13 0 79
293 13 1 74
293 13 3 72
293 13 5 67
293 13 6 73
293 13 7 68
293 13 8 81
293 13 9 69
294 2 1 41
294 2 2 39
294 2 4 38
294 2 5 35
294 2 6 38
294 2 7 36
294 2 9 42
294 2 10 36
294 7 1 43
294 7 5 52
294 7 6 48
294 7 7 48
294 7 8 48
294 7 9 44
294 7 10 45
294 7 11 51
294 11 0 39
294 11 1 48
294 11 2 44
294 11 5 44
294 11 6 44
294 11 7 40
294 11 8 41
294 11 10 47
295 4 0 76
295 4 2 87
295 4 4 83
295 4 5 81
295 4 6 77
295 4 8 89
295 4 10 76
295 4 11 86
295 7 1 81
295 7 5 76
295 7 6 74
295 7 7 69
295 7 8 75
295 7 9 70
295 7 10 83
295 7 11 71
295 10 0 79
295 10 1 74
295 10 2 72
295 10 4 67
295 10 8 73
295 10 9 68
295 10 10 81
295 10 11 69
295 11 0 70
295 11 1 67
295 11 2 69
295 11 5 63
295 11 6 75
295 11 7 69
295 11 8 66
295 11 10 68
296 4 0 68
296 4 2 65
296 4 4 67
296 4 5 61
296 4 6 73
296 4 8 67
296 4 10 64
296 4 11 66
296 11 0 65
296 11 1 62
296 11 2 64
296 11 5 58
296 11 6 70
296 11 7 64
296 11 8 61
296 11 10 63
296 12 1 67
296 12 3 64
296 12 4 66
296 12 5 60
296 12 6 72
296 12 8 66
296 12 9 63
296 12 10 65
296 13 0 66
296 13 1 59
296 13 3 61
296 13 5 54
296 13 6 58
296 13 7 65
296 13 8 63
296 13 9 55
296 14 1 77
296 14 3 72
296 14 4 70
296 14 5 65
296 14 7 71
296 14 9 66
296 14 10 79
296 14 11 67
297 0 2 15
297 0 3 14
297 0 4 13
297 0 5 12
297 0 7 13
297 0 8 12
297 0 10 15
297 0 11 12
297 5 0 14
297 5 2 13
297 5 3 12
297 5 7 11
297 5 8 12
297 5 9 11
297 5 10 14
297 5 11 11
297 9 1 13
297 9 2 12
297 9 4 11
297 9 5 10
297 9 8 11
297 9 9 10
297 9 10 13
297 9 11 10
298 4 0 23
298 4 2 22
298 4 4 24
298 4 5 22
298 4 6 24
298 4 8 24
298 4 10 23
298 4 11 21
298 7 1 22
298 7 5 21
298 7 6 23
298 7 7 21
298 7 8 23
298 7 9 23
298 7 10 22
298 7 11 20
298 14 1 24
298 14 3 23
298 14 4 25
298 14 5 23
298 14 7 25
298 14 9 25
298 14 10 24
298 14 11 22
299 3 0 73
299 3 1 72
299 3 2 68
299 3 3 63
299 3 5 68
299 3 6 74
299 3 7 70
299 3 8 71
299 7 1 68
299 7 5 65
299 7 6 67
299 7 7 61
299 7 8 73
299 7 9 67
299 7 10 64
299 7 11 66
299 8 2 70
299 8 3 67
299 8 4 69
299 8 5 63
299 8 7 75
299 8 8 69
299 8 9 66
299 8 10 68
299 11 0 64
299 11 1 61
299 11 2 63
299 11 5 57
299 11 6 69
299 11 7 63
299 11 8 60
299 11 10 62
299 13 0 80
299 13 1 75
299 13 3 73
299 13 5 68
299 13 6 74
299 13 7 69
299 13 8 82
299 13 9 70
300 1 0 37
300 1 2 46
300 1 3 42
300 1 5 42
300 1 6 42
300 1 7 38
300 1 8 39
300 1 10 45
300 3 0 55
300 3 1 48
300 3 2 56
300 3 3 48
300 3 5 56
300 3 6 50
300 3 7 49
300 3 8 53
300 8 2 42
300 8 3 51
300 8 4 47
300 8 5 47
300 8 7 47
300 8 8 43
300 8 9 44
300 8 10 50
300 10 0 42
300 10 1 51
300 10 2 47
300 10 4 47
300 10 8 47
300 10 9 43
300 10 10 44
300 10 11 50
300 11 0 42
300 11 1 51
300 11 2 47
300 11 5 47
300 11 6 47
300 11 7 43
300 11 8 44
300 11 10 50
301 3 0 81
301 3 1 76
301 3 2 74
301 3 3 69
301 3 5 75
301 3 6 70
301 3 7 83
301 3 8 71
301 8 2 76
301 8 3 71
301 8 4 69
301 8 5 64
301 8 7 70
301 8 8 65
301 8 9 78
301 8 10 66
301 11 0 70
301 11 1 67
301 11 2 69
301 11 5 63
301 11 6 75
301 11 7 69
301 11 8 66
301 11 10 68
301 12 1 65
301 12 3 62
301 12 4 64
301 12 5 58
301 12 6 70
301 12 8 64
301 12 9 61
301 12 10 63
301 14 1 73
301 14 3 72
301 14 4 68
301 14 5 63
301 14 7 68
301 14 9 74
301 14 10 70
301 14 11 71
302 6 0 14
302 6 2 13
302 6 3 12
302 6 4 11
302 6 5 12
302 6 7 11
302 6 8 14
302 6 10 11
302 7 1 13
302 7 5 12
302 7 6 11
302 7 7 10
302 7 8 11
302 7 9 10
302 7 10 13
302 7 11 10
302 10 0 12
302 10 1 11
302 10 2 10
302 10 4 9
302 10 8 10
302 10 9 9
302 10 10 12
302 10 11 9
303 0 2 29
303 0 3 28
303 0 4 30
303 0 5 28
303 0 7 30
303 0 8 30
303 0 10 29
303 0 11 27
303 1 0 34
303 1 2 32
303 1 3 31
303 1 5 28
303 1 6 31
303 1 7 29
303 1 8 35
303 1 10 29
303 3 0 28
303 3 1 27
303 3 2 29
303 3 3 27
303 3 5 29
303 3 6 29
303 3 7 28
303 3 8 26
303 7 1 29
303 7 5 28
303 7 6 30
303 7 7 28
303 7 8 30
303 7 9 30
303 7 10 29
303 7 11 27
303 9 1 35
303 9 2 33
303 9 4 32
303 9 5 29
303 9 8 32
303 9 9 30
303 9 10 36
303 9 11 30
304 0 2 79
304 0 3 90
304 0 4 86
304 0 5 84
304 0 7 80
304 0 8 92
304 0 10 79
304 0 11 89
304 2 1 95
304 2 2 104
304 2 4 100
304 2 5 100
304 2 6 100
304 2 7 86
304 2 9 97
304 2 10 93
304 7 1 91
304 7 5 100
304 7 6 96
304 7 7 96
304 7 8 96
304 7 9 82
304 7 10 93
304 7 11 89
305 7 1 28
305 7 5 32
305 7 6 27
305 7 7 28
305 7 8 33
305 7 9 27
305 7 10 31
305 7 11 33
305 12 1 30
305 12 3 29
305 12 4 31
305 12 5 29
305 12 6 31
305 12 8 31
305 12 9 30
305 12 10 28
305 14 1 33
305 14 3 31
305 14 4 30
305 14 5 27
305 14 7 30
305 14 9 28
305 14 10 34
305 14 11 28
306 1 0 67
306 1 2 64
306 1 3 66
306 1 5 60
306 1 6 72
306 1 7 66
306 1 8 63
306 1 10 65
306 2 1 64
306 2 2 61
306 2 4 63
306 2 5 57
306 2 6 69
306 2 7 63
306 2 9 60
306 2 10 62
306 6 0 66
306 6 2 63
306 6 3 65
306 6 4 59
306 6 5 71
306 6 7 65
306 6 8 62
306 6 10 64
306 11 0 63
306 11 1 56
306 11 2 64
306 11 5 56
306 11 6 64
306 11 7 58
306 11 8 57
306 11 10 61
306 14 1 76
306 14 3 71
306 14 4 69
306 14 5 64
306 14 7 70
306 14 9 65
306 14 10 78
306 14 11 66
307 1 0 19
307 1 2 18
307 1 3 17
307 1 5 16
307 1 6 17
307 1 7 16
307 1 8 19
307 1 10 16
307 5 0 18
307 5 2 17
307 5 3 16
307 5 7 15
307 5 8 16
307 5 9 15
307 5 10 18
307 5 11 15
307 9 1 17
307 9 2 16
307 9 4 15
307 9 5 14
307 9 8 15
307 9 9 14
307 9 10 17
307 9 11 14
308 3 0 30
308 3 1 29
308 3 2 31
308 3 3 29
308 3 5 31
308 3 6 31
308 3 7 30
308 3 8 28
308 4 0 29
308 4 2 28
308 4 4 30
308 4 5 28
308 4 6 30
308 4 8 30
308 4 10 29
308 4 11 27
308 5 0 28
308 5 2 32
308 5 3 27
308 5 7 28
308 5 8 33
308 5 9 27
308 5 10 31
308 5 11 33
308 10 0 29
308 10 1 28
308 10 2 30
308 10 4 28
308 10 8 30
308 10 9 30
308 10 10 29
308 10 11 27
308 12 1 28
308 12 3 32
308 12 4 27
308 12 5 28
308 12 6 33
308 12 8 27
308 12 9 31
308 12 10 33
309 0 2 91
309 0 3 100
309 0 4 96
309 0 5 96
309 0 7 96
309 0 8 82
309 0 10 93
309 0 11 89
309 1 0 91
309 1 2 102
309 1 3 104
309 1 5 105
309 1 6 110
309 1 7 104
309 1 8 94
309 1 10 110
309 6 0 96
309 6 2 105
309 6 3 101
309 6 4 101
309 6 5 101
309 6 7 87
309 6 8 98
309 6 10 94
309 11 0 96
309 11 1 105
309 11 2 101
309 11 5 101
309 11 6 101
309 11 7 87
309 11 8 98
309 11 10 94
309 12 1 96
309 12 3 105
309 12 4 101
309 12 5 101
309 12 6 101
309 12 8 87
309 12 9 98
309 12 10 94
310 3 0 82
310 3 1 77
310 3 2 75
310 3 3 70
310 3 5 76
310 3 6 71
310 3 7 84
310 3 8 72
310 6 0 77
310 6 2 72
310 6 3 70
310 6 4 65
310 6 5 71
310 6 7 66
310 6 8 79
310 6 10 67
310 7 1 73
310 7 5 72
310 7 6 68
310 7 7 63
310 7 8 68
310 7 9 74
310 7 10 70
310 7 11 71
310 9 1 66
310 9 2 63
310 9 4 65
310 9 5 59
310 9 8 71
310 9 9 65
310 9 10 62
310 9 11 64
310 12 1 76
310 12 3 71
310 12 4 69
310 12 5 64
310 12 6 70
310 12 8 65
310 12 9 78
310 12 10 66
311 4 0 84
311 4 2 79
311 4 4 77
311 4 5 72
311 4 6 78
311 4 8 73
311 4 10 86
311 4 11 74
311 8 2 83
311 8 3 94
311 8 4 98
311 8 5 83
311 8 7 81
311 8 8 94
311 8 9 83
311 8 10 84
311 12 1 81
311 12 3 92
311 12 4 88
311 12 5 86
311 12 6 82
311 12 8 94
311 12 9 81
311 12 10 91
312 4 0 94
312 4 2 103
312 4 4 99
312 4 5 99
312 4 6 99
312 4 8 85
312 4 10 96
312 4 11 92
312 10 0 112
312 10 1 105
312 10 2 99
312 10 4 111
312 10 8 101
312 10 9 95
312 10 10 98
312 10 11 104
312 11 0 99
312 11 1 108
312 11 2 104
312 11 5 104
312 11 6 104
312 11 7 90
312 11 8 101
312 11 10 97
312 13 0 99
312 13 1 108
312 13 3 104
312 13 5 104
312 13 6 104
312 13 7 90
312 13 8 101
312 13 9 97
312 14 1 99
312 14 3 108
312 14 4 104
312 14 5 104
312 14 7 104
312 14 9 90
312 14 10 101
312 14 11 97
313 2 1 78
313 2 2 89
313 2 4 85
313 2 5 83
313 2 6 79
313 2 7 91
313 2 9 78
313 2 10 88
313 4 0 94
313 4 2 103
313 4 4 99
313 4 5 99
313 4 6 99
313 4 8 85
313 4 10 96
313 4 11 92
313 5 0 98
313 5 2 107
313 5 3 103
313 5 7 103
313 5 8 103
313 5 9 89
313 5 10 100
313 5 11 96
313 9 1 78
313 9 2 89
313 9 4 85
313 9 5 83
313 9 8 79
313 9 9 91
313 9 10 78
313 9 11 88
313 10 0 76
313 10 1 87
313 10 2 83
313 10 4 81
313 10 8 77
313 10 9 89
313 10 10 76
313 10 11 86
314 2 1 67
314 2 2 64
314 2 4 66
314 2 5 60
314 2 6 72
314 2 7 66
314 2 9 63
314 2 10 65
314 6 0 63
314 6 2 56
314 6 3 64
314 6 4 56
314 6 5 64
314 6 7 58
314 6 8 57
314 6 10 61
314 7 1 62
314 7 5 59
314 7 6 61
314 7 7 55
314 7 8 67
314 7 9 61
314 7 10 58
314 7 11 60
314 8 2 58
314 8 3 51
314 8 4 59
314 8 5 51
314 8 7 59
314 8 8 53
314 8 9 52
314 8 10 56
314 11 0 62
314 11 1 55
314 11 2 63
314 11 5 55
314 11 6 63
314 11 7 57
314 11 8 56
314 11 10 60
315 2 1 30
315 2 2 29
315 2 4 31
315 2 5 29
315 2 6 31
315 2 7 31
315 2 9 30
315 2 10 28
315 8 2 29
315 8 3 28
315 8 4 30
315 8 5 28
315 8 7 30
315 8 8 30
315 8 9 29
315 8 10 27
315 10 0 28
315 10 1 32
315 10 2 27
315 10 4 28
315 10 8 33
315 10 9 27
315 10 10 31
315 10 11 33
316 8 2 64
316 8 3 61
316 8 4 63
316 8 5 57
316 8 7 69
316 8 8 63
316 8 9 60
316 8 10 62
316 9 1 60
316 9 2 53
316 9 4 61
316 9 5 53
316 9 8 61
316 9 9 55
316 9 10 54
316 9 11 58
316 10 0 65
316 10 1 62
316 10 2 64
316 10 4 58
316 10 8 70
316 10 9 64
316 10 10 61
316 10 11 63
316 11 0 60
316 11 1 53
316 11 2 61
316 11 5 53
316 11 6 61
316 11 7 55
316 11 8 54
316 11 10 58
317 2 1 19
317 2 2 18
317 2 4 17
317 2 5 16
317 2 6 17
317 2 7 16
317 2 9 19
317 2 10 16
317 3 0 23
317 3 1 22
317 3 2 24
317 3 3 22
317 3 5 24
317 3 6 24
317 3 7 23
317 3 8 21
317 4 0 19
317 4 2 18
317 4 4 17
317 4 5 16
317 4 6 17
317 4 8 16
317 4 10 19
317 4 11 16
317 10 0 19
317 10 1 18
317 10 2 17
317 10 4 16
317 10 8 17
317 10 9 16
317 10 10 19
317 10 11 16
317 12 1 19
317 12 3 18
317 12 4 17
317 12 5 16
317 12 6 17
317 12 8 16
317 12 9 19
317 12 10 16
318 0 2 39
318 0 3 37
318 0 4 36
318 0 5 33
318 0 7 36
318 0 8 34
318 0 10 40
318 0 11 34
318 5 0 41
318 5 2 50
318 5 3 46
318 5 7 46
318 5 8 46
318 5 9 42
318 5 10 43
318 5 11 49
318 7 1 37
318 7 5 46
318 7 6 42
318 7 7 42
318 7 8 42
318 7 9 38
318 7 10 39
318 7 11 45
318 13 0 37
318 13 1 46
318 13 3 42
318 13 5 42
318 13 6 42
318 13 7 38
318 13 8 39
318 13 9 45
319 2 1 40
319 2 2 42
319 2 4 38
319 2 5 36
319 2 6 41
319 2 7 44
319 2 9 40
319 2 10 41
319 3 0 44
319 3 1 53
319 3 2 49
319 3 3 49
319 3 5 49
319 3 6 45
319 3 7 46
319 3 8 52
319 5 0 40
319 5 2 49
319 5 3 45
319 5 7 45
319 5 8 45
319 5 9 41
319 5 10 42
319 5 11 48
320 0 2 96
320 0 3 105
320 0 4 101
320 0 5 101
320 0 7 101
320 0 8 87
320 0 10 98
320 0 11 94
320 10 0 114
320 10 1 107
320 10 2 101
320 10 4 113
320 10 8 103
320 10 9 97
320 10 10 100
320 10 11 106
320 13 0 110
320 13 1 103
320 13 3 97
320 13 5 109
320 13 6 99
320 13 7 93
320 13 8 96
320 13 9 102
321 3 0 83
321 3 1 78
321 3 2 76
321 3 3 71
321 3 5 77
321 3 6 72
321 3 7 85
321 3 8 73
321 5 0 84
321 5 2 95
321 5 3 91
321 5 7 89
321 5 8 85
321 5 9 97
321 5 10 84
321 5 11 94
321 9 1 80
321 9 2 91
321 9 4 87
321 9 5 85
321 9 8 81
321 9 9 93
321 9 10 80
321 9 11 90
321 10 0 78
321 10 1 89
321 10 2 85
321 10 4 83
321 10 8 79
321 10 9 91
321 10 10 78
321 10 11 88
321 12 1 84
321 12 3 79
321 12 4 77
321 12 5 72
321 12 6 78
321 12 8 73
321 12 9 86
321 12 10 74
322 0 2 78
322 0 3 73
322 0 4 71
322 0 5 66
322 0 7 72
322 0 8 67
322 0 10 80
322 0 11 68
322 1 0 77
322 1 2 72
322 1 3 70
322 1 5 65
322 1 6 71
322 1 7 66
322 1 8 79
322 1 10 67
322 7 1 69
322 7 5 66
322 7 6 68
322 7 7 62
322 7 8 74
322 7 9 68
322 7 10 65
322 7 11 67
323 7 1 81
323 7 5 72
323 7 6 83
323 7 7 77
323 7 8 85
323 7 9 73
323 7 10 84
323 7 11 79
323 10 0 91
323 10 1 100
323 10 2 96
323 10 4 96
323 10 8 96
323 10 9 82
323 10 10 93
323 10 11 89
323 11 0 82
323 11 1 93
323 11 2 89
323 11 5 87
323 11 6 83
323 11 7 95
323 11 8 82
323 11 10 92
324 3 0 78
324 3 1 73
324 3 2 71
324 3 3 66
324 3 5 72
324 3 6 67
324 3 7 80
324 3 8 68
324 7 1 77
324 7 5 72
324 7 6 70
324 7 7 65
324 7 8 71
324 7 9 66
324 7 10 79
324 7 11 67
324 11 0 69
324 11 1 66
324 11 2 68
324 11 5 62
324 11 6 74
324 11 7 68
324 11 8 65
324 11 10 67
324 13 0 64
324 13 1 61
324 13 3 63
324 13 5 57
324 13 6 69
324 13 7 63
324 13 8 60
324 13 9 62
325 0 2 67
325 0 3 64
325 0 4 66
325 0 5 60
325 0 7 72
325 0 8 66
325 0 10 63
325 0 11 65
325 1 0 63
325 1 2 56
325 1 3 64
325 1 5 56
325 1 6 64
325 1 7 58
325 1 8 57
325 1 10 61
325 4 0 62
325 4 2 59
325 4 4 61
325 4 5 55
325 4 6 67
325 4 8 61
325 4 10 58
325 4 11 60
325 5 0 58
325 5 2 51
325 5 3 59
325 5 7 51
325 5 8 59
325 5 9 53
325 5 10 52
325 5 11 56
325 9 1 62
325 9 2 55
325 9 4 63
325 9 5 55
325 9 8 63
325 9 9 57
325 9 10 56
325 9 11 60
326 0 2 19
326 0 3 18
326 0 4 17
326 0 5 16
326 0 7 17
326 0 8 16
326 0 10 19
326 0 11 16
326 7 1 23
326 7 5 22
326 7 6 24
326 7 7 22
326 7 8 24
326 7 9 24
326 7 10 23
326 7 11 21
326 9 1 19
326 9 2 18
326 9 4 17
326 9 5 16
326 9 8 17
326 9 9 16
326 9 10 19
326 9 11 16
327 0 2 63
327 0 3 56
327 0 4 64
327 0 5 56
327 0 7 64
327 0 8 58
327 0 10 57
327 0 11 61
327 3 0 56
327 3 1 49
327 3 2 57
327 3 3 49
327 3 5 57
327 3 6 51
327 3 7 50
327 3 8 54
327 6 0 66
327 6 2 59
327 6 3 61
327 6 4 54
327 6 5 58
327 6 7 65
327 6 8 63
327 6 10 55
327 11 0 56
327 11 1 49
327 11 2 57
327 11 5 49
327 11 6 57
327 11 7 51
327 11 8 50
327 11 10 54
327 14 1 66
327 14 3 59
327 14 4 61
327 14 5 54
327 14 7 58
327 14 9 65
327 14 10 63
327 14 11 55
328 0 2 19
328 0 3 18
328 0 4 17
328 0 5 16
328 0 7 17
328 0 8 16
328 0 10 19
328 0 11 16
328 5 0 23
328 5 2 22
328 5 3 24
328 5 7 22
328 5 8 24
328 5 9 24
328 5 10 23
328 5 11 21
328 11 0 19
328 11 1 18
328 11 2 17
328 11 5 16
328 11 6 17
328 11 7 16
328 11 8 19
328 11 10 16
328 13 0 19
328 13 1 18
328 13 3 17
328 13 5 16
328 13 6 17
328 13 7 16
328 13 8 19
328 13 9 16
329 4 0 79
329 4 2 90
329 4 4 86
329 4 5 84
329 4 6 80
329 4 8 92
329 4 10 79
329 4 11 89
329 5 0 95
329 5 2 104
329 5 3 100
329 5 7 100
329 5 8 100
329 5 9 86
329 5 10 97
329 5 11 93
329 9 1 91
329 9 2 100
329 9 4 96
329 9 5 96
329 9 8 96
329 9 9 82
329 9 10 93
329 9 11 89
329 10 0 84
329 10 1 95
329 10 2 91
329 10 4 89
329 10 8 85
329 10 9 97
329 10 10 84
329 10 11 94
329 11 0 80
329 11 1 91
329 11 2 87
329 11 5 85
329 11 6 81
329 11 7 93
329 11 8 80
329 11 10 90
330 2 1 66
330 2 2 63
330 2 4 65
330 2 5 59
330 2 6 71
330 2 7 65
330 2 9 62
330 2 10 64
330 5 0 63
330 5 2 60
330 5 3 62
330 5 7 56
330 5 8 68
330 5 9 62
330 5 10 59
330 5 11 61
330 6 0 65
330 6 2 62
330 6 3 64
330 6 4 58
330 6 5 70
330 6 7 64
330 6 8 61
330 6 10 63
330 8 2 62
330 8 3 55
330 8 4 63
330 8 5 55
330 8 7 63
330 8 8 57
330 8 9 56
330 8 10 60
331 6 0 28
331 6 2 32
331 6 3 27
331 6 4 28
331 6 5 33
331 6 7 27
331 6 8 31
331 6 10 33
331 7 1 30
331 7 5 29
331 7 6 31
331 7 7 29
331 7 8 31
331 7 9 31
331 7 10 30
331 7 11 28
331 11 0 33
331 11 1 31
331 11 2 30
331 11 5 27
331 11 6 30
331 11 7 28
331 11 8 34
331 11 10 28
331 13 0 30
331 13 1 29
331 13 3 31
331 13 5 29
331 13 6 31
331 13 7 31
331 13 8 30
331 13 9 28
331 14 1 33
331 14 3 31
331 14 4 30
331 14 5 27
331 14 7 30
331 14 9 28
331 14 10 34
331 14 11 28
332 3 0 23
332 3 1 22
332 3 2 24
332 3 3 22
332 3 5 24
332 3 6 24
332 3 7 23
332 3 8 21
332 9 1 22
332 9 2 21
332 9 4 23
332 9 5 21
332 9 8 23
332 9 9 23
332 9 10 22
332 9 11 20
332 10 0 24
332 10 1 23
332 10 2 25
332 10 4 23
332 10 8 25
332 10 9 25
332 10 10 24
332 10 11 22
333 2 1 36
333 2 2 34
333 2 4 33
333 2 5 30
333 2 6 33
333 2 7 31
333 2 9 37
333 2 10 31
333 3 0 34
333 3 1 32
333 3 2 31
333 3 3 28
333 3 5 31
333 3 6 29
333 3 7 35
333 3 8 29
333 6 0 33
333 6 2 31
333 6 3 30
333 6 4 27
333 6 5 30
333 6 7 28
333 6 8 34
333 6 10 28
333 11 0 29
333 11 1 28
333 11 2 30
333 11 5 28
333 11 6 30
333 11 7 30
333 11 8 29
333 11 10 27
334 0 2 39
334 0 3 37
334 0 4 36
334 0 5 33
334 0 7 36
334 0 8 34
334 0 10 40
334 0 11 34
334 1 0 37
334 1 2 35
334 1 3 34
334 1 5 31
334 1 6 34
334 1 7 32
334 1 8 38
334 1 10 32
334 7 1 36
334 7 5 34
334 7 6 33
334 7 7 30
334 7 8 33
334 7 9 31
334 7 10 37
334 7 11 31
334 13 0 33
334 13 1 31
334 13 3 30
334 13 5 27
334 13 6 30
334 13 7 28
334 13 8 34
334 13 9 28
334 14 1 36
334 14 3 34
334 14 4 33
334 14 5 30
334 14 7 33
334 14 9 31
334 14 10 37
334 14 11 31
335 0 2 92
335 0 3 101
335 0 4 97
335 0 5 97
335 0 7 97
335 0 8 83
335 0 10 94
335 0 11 90
335 3 0 110
335 3 1 103
335 3 2 97
335 3 3 109
335 3 5 99
335 3 6 93
335 3 7 96
335 3 8 102
335 11 0 97
335 11 1 106
335 11 2 102
335 11 5 102
335 11 6 102
335 11 7 88
335 11 8 99
335 11 10 95
336 0 2 29
336 0 3 28
336 0 4 30
336 0 5 28
336 0 7 30
336 0 8 30
336 0 10 29
336 0 11 27
336 3 0 28
336 3 1 27
336 3 2 29
336 3 3 27
336 3 5 29
336 3 6 29
336 3 7 28
336 3 8 26
336 10 0 30
336 10 1 29
336 10 2 31
336 10 4 29
336 10 8 31
336 10 9 31
336 10 10 30
336 10 11 28
336 11 0 28
336 11 1 27
336 11 2 29
336 11 5 27
336 11 6 29
336 11 7 29
336 11 8 28
336 11 10 26
337 8 2 27
337 8 3 26
337 8 4 28
337 8 5 26
337 8 7 28
337 8 8 28
337 8 9 27
337 8 10 25
337 11 0 26
337 11 1 25
337 11 2 27
337 11 5 25
337 11 6 27
337 11 7 27
337 11 8 26
337 11 10 24
337 13 0 28
337 13 1 27
337 13 3 29
337 13 5 27
337 13 6 29
337 13 7 29
337 13 8 28
337 13 9 26
338 0 2 66
338 0 3 59
338 0 4 61
338 0 5 54
338 0 7 58
338 0 8 65
338 0 10 63
338 0 11 55
338 3 0 57
338 3 1 50
338 3 2 58
338 3 3 50
338 3 5 58
338 3 6 52
338 3 7 51
338 3 8 55
338 5 0 62
338 5 2 59
338 5 3 61
338 5 7 55
338 5 8 67
338 5 9 61
338 5 10 58
338 5 11 60
338 8 2 57
338 8 3 50
338 8 4 58
338 8 5 50
338 8 7 58
338 8 8 52
338 8 9 51
338 8 10 55
338 14 1 62
338 14 3 59
338 14 4 61
338 14 5 55
338 14 7 67
338 14 9 61
338 14 10 58
338 14 11 60
339 2 1 40
339 2 2 42
339 2 4 38
339 2 5 36
339 2 6 41
339 2 7 44
339 2 9 40
339 2 10 41
339 3 0 40
339 3 1 38
339 3 2 37
339 3 3 34
339 3 5 37
339 3 6 35
339 3 7 41
339 3 8 35
339 14 1 39
339 14 3 37
339 14 4 36
339 14 5 33
339 14 7 36
339 14 9 34
339 14 10 40
339 14 11 34
340 0 2 82
340 0 3 77
340 0 4 75
340 0 5 70
340 0 7 76
340 0 8 71
340 0 10 84
340 0 11 72
340 1 0 83
340 1 2 94
340 1 3 90
340 1 5 88
340 1 6 84
340 1 7 96
340 1 8 83
340 1 10 93
340 2 1 79
340 2 2 90
340 2 4 86
340 2 5 84
340 2 6 80
340 2 7 92
340 2 9 79
340 2 10 89
340 8 2 77
340 8 3 88
340 8 4 84
340 8 5 82
340 8 7 78
340 8 8 90
340 8 9 77
340 8 10 87
340 9 1 83
340 9 2 78
340 9 4 76
340 9 5 71
340 9 8 77
340 9 9 72
340 9 10 85
340 9 11 73
341 6 0 40
341 6 2 42
341 6 3 38
341 6 4 36
341 6 5 41
341 6 7 44
341 6 8 40
341 6 10 41
341 7 1 44
341 7 5 53
341 7 6 49
341 7 7 49
341 7 8 49
341 7 9 45
341 7 10 46
341 7 11 52
341 9 1 40
341 9 2 49
341 9 4 45
341 9 5 45
341 9 8 45
341 9 9 41
341 9 10 42
341 9 11 48
341 14 1 40
341 14 3 49
341 14 4 45
341 14 5 45
341 14 7 45
341 14 9 41
341 14 10 42
341 14 11 48
342 6 0 96
342 6 2 105
342 6 3 101
342 6 4 101
342 6 5 101
342 6 7 87
342 6 8 98
342 6 10 94
342 7 1 114
342 7 5 107
342 7 6 101
342 7 7 113
342 7 8 103
342 7 9 97
342 7 10 100
342 7 11 106
342 8 2 110
342 8 3 103
342 8 4 97
342 8 5 109
342 8 7 99
342 8 8 93
342 8 9 96
342 8 10 102
342 9 1 110
342 9 2 103
342 9 4 97
342 9 5 109
342 9 8 99
342 9 9 93
342 9 10 96
342 9 11 102
343 1 0 67
343 1 2 64
343 1 3 66
343 1 5 60
343 1 6 72
343 1 7 66
343 1 8 63
343 1 10 65
343 3 0 63
343 3 1 56
343 3 2 64
343 3 3 56
343 3 5 64
343 3 6 58
343 3 7 57
343 3 8 61
343 6 0 62
343 6 2 59
343 6 3 61
343 6 4 55
343 6 5 67
343 6 7 61
343 6 8 58
343 6 10 60
343 9 1 58
343 9 2 51
343 9 4 59
343 9 5 51
343 9 8 59
343 9 9 53
343 9 10 52
343 9 11 56
343 12 1 62
343 12 3 55
343 12 4 63
343 12 5 55
343 12 6 63
343 12 8 57
343 12 9 56
343 12 10 60
344 0 2 16
344 0 3 15
344 0 4 14
344 0 5 13
344 0 7 14
344 0 8 13
344 0 10 16
344 0 11 13
344 6 0 15
344 6 2 14
344 6 3 13
344 6 4 12
344 6 5 13
344 6 7 12
344 6 8 15
344 6 10 12
344 9 1 14
344 9 2 13
344 9 4 12
344 9 5 11
344 9 8 12
344 9 9 11
344 9 10 14
344 9 11 11
344 10 0 13
344 10 1 12
344 10 2 11
344 10 4 10
344 10 8 11
344 10 9 10
344 10 10 13
344 10 11 10
344 11 0 14
344 11 1 13
344 11 2 12
344 11 5 11
344 11 6 12
344 11 7 11
344 11 8 14
344 11 10 11
345 8 2 63
345 8 3 56
345 8 4 64
345 8 5 56
345 8 7 64
345 8 8 58
345 8 9 57
345 8 10 61
345 11 0 56
345 11 1 49
345 11 2 57
345 11 5 49
345 11 6 57
345 11 7 51
345 11 8 50
345 11 10 54
345 14 1 66
345 14 3 59
345 14 4 61
345 14 5 54
345 14 7 58
345 14 9 65
345 14 10 63
345 14 11 55
346 0 2 28
346 0 3 27
346 0 4 29
346 0 5 27
346 0 7 29
346 0 8 29
346 0 10 28
346 0 11 26
346 2 1 27
346 2 2 26
346 2 4 28
346 2 5 26
346 2 6 28
346 2 7 28
346 2 9 27
346 2 10 25
346 5 0 29
346 5 2 28
346 5 3 30
346 5 7 28
346 5 8 30
346 5 9 30
346 5 10 29
346 5 11 27
346 8 2 27
346 8 3 26
346 8 4 28
346 8 5 26
346 8 7 28
346 8 8 28
346 8 9 27
346 8 10 25
346 10 0 29
346 10 1 28
346 10 2 30
346 10 4 28
346 10 8 30
346 10 9 30
346 10 10 29
346 10 11 27
347 1 0 40
347 1 2 42
347 1 3 38
347 1 5 36
347 1 6 41
347 1 7 44
347 1 8 40
347 1 10 41
347 5 0 40
347 5 2 38
347 5 3 37
347 5 7 34
347 5 8 37
347 5 9 35
347 5 10 41
347 5 11 35
347 6 0 39
347 6 2 37
347 6 3 36
347 6 4 33
347 6 5 36
347 6 7 34
347 6 8 40
347 6 10 34
347 7 1 36
347 7 5 34
347 7 6 33
347 7 7 30
347 7 8 33
347 7 9 31
347 7 10 37
347 7 11 31
347 13 0 39
347 13 1 37
347 13 3 36
347 13 5 33
347 13 6 36
347 13 7 34
347 13 8 40
347 13 9 34
348 0 2 39
348 0 3 48
348 0 4 44
348 0 5 44
348 0 7 44
348 0 8 40
348 0 10 41
348 0 11 47
348 6 0 57
348 6 2 50
348 6 3 58
348 6 4 50
348 6 5 58
348 6 7 52
348 6 8 51
348 6 10 55
348 7 1 44
348 7 5 53
348 7 6 49
348 7 7 49
348 7 8 49
348 7 9 45
348 7 10 46
348 7 11 52
348 14 1 44
348 14 3 53
348 14 4 49
348 14 5 49
348 14 7 49
348 14 9 45
348 14 10 46
348 14 11 52
349 0 2 40
349 0 3 42
349 0 4 38
349 0 5 36
349 0 7 41
349 0 8 44
349 0 10 40
349 0 11 41
349 4 0 37
349 4 2 46
349 4 4 42
349 4 5 42
349 4 6 42
349 4 8 38
349 4 10 39
349 4 11 45
349 7 1 40
349 7 5 38
349 7 6 37
349 7 7 34
349 7 8 37
349 7 9 35
349 7 10 41
349 7 11 35
349 11 0 38
349 11 1 36
349 11 2 35
349 11 5 32
349 11 6 35
349 11 7 33
349 11 8 39
349 11 10 33
349 12 1 36
349 12 3 45
349 12 4 41
349 12 5 41
349 12 6 41
349 12 8 37
349 12 9 38
349 12 10 44
350 4 0 62
350 4 2 59
350 4 4 61
350 4 5 55
350 4 6 67
350 4 8 61
350 4 10 58
350 4 11 60
350 7 1 58
350 7 5 51
350 7 6 59
350 7 7 51
350 7 8 59
350 7 9 53
350 7 10 52
350 7 11 56
350 8 2 63
350 8 3 60
350 8 4 62
350 8 5 56
350 8 7 68
350 8 8 62
350 8 9 59
350 8 10 61
350 11 0 58
350 11 1 51
350 11 2 59
350 11 5 51
350 11 6 59
350 11 7 53
350 11 8 52
350 11 10 56
351 1 0 38
351 1 2 36
351 1 3 35
351 1 5 32
351 1 6 35
351 1 7 33
351 1 8 39
351 1 10 33
351 2 1 36
351 2 2 34
351 2 4 33
351 2 5 30
351 2 6 33
351 2 7 31
351 2 9 37
351 2 10 31
351 8 2 35
351 8 3 33
351 8 4 32
351 8 5 29
351 8 7 32
351 8 8 30
351 8 9 36
351 8 10 30
351 11 0 28
351 11 1 32
351 11 2 27
351 11 5 28
351 11 6 33
351 11 7 27
351 11 8 31
351 11 10 33
352 0 2 38
352 0 3 36
352 0 4 35
352 0 5 32
352 0 7 35
352 0 8 33
352 0 10 39
352 0 11 33
352 4 0 40
352 4 2 49
352 4 4 45
352 4 5 45
352 4 6 45
352 4 8 41
352 4 10 42
352 4 11 48
352 10 0 36
352 10 1 45
352 10 2 41
352 10 4 41
352 10 8 41
352 10 9 37
352 10 10 38
352 10 11 44
353 3 0 40
353 3 1 42
353 3 2 38
353 3 3 36
353 3 5 41
353 3 6 44
353 3 7 40
353 3 8 41
353 6 0 37
353 6 2 46
353 6 3 42
353 6 4 42
353 6 5 42
353 6 7 38
353 6 8 39
353 6 10 45
353 7 1 40
353 7 5 38
353 7 6 37
353 7 7 34
353 7 8 37
353 7 9 35
353 7 10 41
353 7 11 35
353 14 1 38
353 14 3 36
353 14 4 35
353 14 5 32
353 14 7 35
353 14 9 33
353 14 10 39
353 14 11 33
354 4 0 77
354 4 2 88
354 4 4 84
354 4 5 82
354 4 6 78
354 4 8 90
354 4 10 77
354 4 11 87
354 5 0 82
354 5 2 77
354 5 3 75
354 5 7 70
354 5 8 76
354 5 9 71
354 5 10 84
354 5 11 72
354 6 0 80
354 6 2 75
354 6 3 73
354 6 4 68
354 6 5 74
354 6 7 69
354 6 8 82
354 6 10 70
355 6 0 38
355 6 2 47
355 6 3 43
355 6 4 43
355 6 5 43
355 6 7 39
355 6 8 40
355 6 10 46
355 12 1 56
355 12 3 49
355 12 4 57
355 12 5 49
355 12 6 57
355 12 8 51
355 12 9 50
355 12 10 54
355 14 1 43
355 14 3 52
355 14 4 48
355 14 5 48
355 14 7 48
355 14 9 44
355 14 10 45
355 14 11 51
356 1 0 63
356 1 2 60
356 1 3 62
356 1 5 56
356 1 6 68
356 1 7 62
356 1 8 59
356 1 10 61
356 3 0 63
356 3 1 56
356 3 2 64
356 3 3 56
356 3 5 64
356 3 6 58
356 3 7 57
356 3 8 61
356 8 2 62
356 8 3 59
356 8 4 61
356 8 5 55
356 8 7 67
356 8 8 61
356 8 9 58
356 8 10 60
356 11 0 59
356 11 1 52
356 11 2 60
356 11 5 52
356 11 6 60
356 11 7 54
356 11 8 53
356 11 10 57
357 1 0 76
357 1 2 87
357 1 3 83
357 1 5 81
357 1 6 77
357 1 7 89
357 1 8 76
357 1 10 86
357 6 0 77
357 6 2 72
357 6 3 70
357 6 4 65
357 6 5 71
357 6 7 66
357 6 8 79
357 6 10 67
357 7 1 78
357 7 5 89
357 7 6 85
357 7 7 83
357 7 8 79
357 7 9 91
357 7 10 78
357 7 11 88
357 8 2 82
357 8 3 77
357 8 4 75
357 8 5 70
357 8 7 76
357 8 8 71
357 8 9 84
357 8 10 72
357 10 0 80
357 10 1 91
357 10 2 87
357 10 4 85
357 10 8 81
357 10 9 93
357 10 10 80
357 10 11 90
358 0 2 81
358 0 3 72
358 0 4 83
358 0 5 77
358 0 7 85
358 0 8 73
358 0 10 84
358 0 11 79
358 1 0 91
358 1 2 100
358 1 3 96
358 1 5 96
358 1 6 96
358 1 7 82
358 1 8 93
358 1 10 89
358 6 0 82
358 6 2 93
358 6 3 89
358 6 4 87
358 6 5 83
358 6 7 95
358 6 8 82
358 6 10 92
359 4 0 81
359 4 2 72
359 4 4 83
359 4 5 77
359 4 6 85
359 4 8 73
359 4 10 84
359 4 11 79
359 5 0 91
359 5 2 100
359 5 3 96
359 5 7 96
359 5 8 96
359 5 9 82
359 5 10 93
359 5 11 89
359 6 0 82
359 6 2 93
359 6 3 89
359 6 4 87
359 6 5 83
359 6 7 95
359 6 8 82
359 6 10 92
359 9 1 80
359 9 2 91
359 9 4 87
359 9 5 85
359 9 8 81
359 9 9 93
359 9 10 80
359 9 11 90
359 13 0 76
359 13 1 87
359 13 3 83
359 13 5 81
359 13 6 77
359 13 7 89
359 13 8 76
359 13 9 86
360 2 1 36
360 2 2 45
360 2 4 41
360 2 5 41
360 2 6 41
360 2 7 37
360 2 9 38
360 2 10 44
360 3 0 41
360 3 1 39
360 3 2 38
360 3 3 35
360 3 5 38
360 3 6 36
360 3 7 42
360 3 8 36
360 11 0 40
360 11 1 38
360 11 2 37
360 11 5 34
360 11 6 37
360 11 7 35
360 11 8 41
360 11 10 35
360 12 1 37
360 12 3 35
360 12 4 34
360 12 5 31
360 12 6 34
360 12 8 32
360 12 9 38
360 12 10 32
360 13 0 40
360 13 1 38
360 13 3 37
360 13 5 34
360 13 6 37
360 13 7 35
360 13 8 41
360 13 9 35
361 1 0 91
361 1 2 100
361 1 3 96
361 1 5 96
361 1 6 96
361 1 7 82
361 1 8 93
361 1 10 89
361 7 1 91
361 7 5 102
361 7 6 104
361 7 7 105
361 7 8 110
361 7 9 104
361 7 10 94
361 7 11 110
361 11 0 96
361 11 1 105
361 11 2 101
361 11 5 101
361 11 6 101
361 11 7 87
361 11 8 98
361 11 10 94
362 2 1 65
362 2 2 62
362 2 4 64
362 2 5 58
362 2 6 70
362 2 7 64
362 2 9 61
362 2 10 63
362 5 0 62
362 5 2 59
362 5 3 61
362 5 7 55
362 5 8 67
362 5 9 61
362 5 10 58
362 5 11 60
362 11 0 64
362 11 1 61
362 11 2 63
362 11 5 57
362 11 6 69
362 11 7 63
362 11 8 60
362 11 10 62
363 3 0 13
363 3 1 12
363 3 2 11
363 3 3 10
363 3 5 11
363 3 6 10
363 3 7 13
363 3 8 10
363 4 0 12
363 4 2 11
363 4 4 10
363 4 5 9
363 4 6 10
363 4 8 9
363 4 10 12
363 4 11 9
363 7 1 10
363 7 5 9
363 7 6 11
363 7 7 9
363 7 8 11
363 7 9 11
363 7 10 10
363 7 11 11
364 0 2 40
364 0 3 42
364 0 4 38
364 0 5 36
364 0 7 41
364 0 8 44
364 0 10 40
364 0 11 41
364 3 0 40
364 3 1 38
364 3 2 37
364 3 3 34
364 3 5 37
364 3 6 35
364 3 7 41
364 3 8 35
364 13 0 39
364 13 1 37
364 13 3 36
364 13 5 33
364 13 6 36
364 13 7 34
364 13 8 40
364 13 9 34
365 1 0 95
365 1 2 104
365 1 3 100
365 1 5 100
365 1 6 100
365 1 7 86
365 1 8 97
365 1 10 93
365 2 1 113
365 2 2 106
365 2 4 100
365 2 5 112
365 2 6 102
365 2 7 96
365 2 9 99
365 2 10 105
365 6 0 91
365 6 2 102
365 6 3 104
365 6 4 105
365 6 5 110
365 6 7 104
365 6 8 94
365 6 10 110
365 8 2 91
365 8 3 102
365 8 4 104
365 8 5 105
365 8 7 110
365 8 8 104
365 8 9 94
365 8 10 110
366 0 2 39
366 0 3 48
366 0 4 44
366 0 5 44
366 0 7 44
366 0 8 40
366 0 10 41
366 0 11 47
366 5 0 57
366 5 2 50
366 5 3 58
366 5 7 50
366 5 8 58
366 5 9 52
366 5 10 51
366 5 11 55
366 10 0 44
366 10 1 53
366 10 2 49
366 10 4 49
366 10 8 49
366 10 9 45
366 10 10 46
366 10 11 52
366 13 0 44
366 13 1 53
366 13 3 49
366 13 5 49
366 13 6 49
366 13 7 45
366 13 8 46
366 13 9 52
367 9 1 83
367 9 2 78
367 9 4 76
367 9 5 71
367 9 8 77
367 9 9 72
367 9 10 85
367 9 11 73
367 12 1 84
367 12 3 95
367 12 4 91
367 12 5 89
367 12 6 85
367 12 8 97
367 12 9 84
367 12 10 94
367 13 0 80
367 13 1 91
367 13 3 87
367 13 5 85
367 13 6 81
367 13 7 93
367 13 8 80
367 13 9 90
368 3 0 19
368 3 1 18
368 3 2 17
368 3 3 16
368 3 5 17
368 3 6 16
368 3 7 19
368 3 8 16
368 5 0 23
368 5 2 22
368 5 3 24
368 5 7 22
368 5 8 24
368 5 9 24
368 5 10 23
368 5 11 21
368 11 0 19
368 11 1 18
368 11 2 17
368 11 5 16
368 11 6 17
368 11 7 16
368 11 8 19
368 11 10 16
368 14 1 19
368 14 3 18
368 14 4 17
368 14 5 16
368 14 7 17
368 14 9 16
368 14 10 19
368 14 11 16
369 2 1 70
369 2 2 67
369 2 4 69
369 2 5 63
369 2 6 75
369 2 7 69
369 2 9 66
369 2 10 68
369 5 0 67
369 5 2 64
369 5 3 66
369 5 7 60
369 5 8 72
369 5 9 66
369 5 10 63
369 5 11 65
369 8 2 69
369 8 3 66
369 8 4 68
369 8 5 62
369 8 7 74
369 8 8 68
369 8 9 65
369 8 10 67
369 9 1 63
369 9 2 60
369 9 4 62
369 9 5 56
369 9 8 68
369 9 9 62
369 9 10 59
369 9 11 61
369 10 0 79
369 10 1 74
369 10 2 72
369 10 4 67
369 10 8 73
369 10 9 68
369 10 10 81
369 10 11 69
370 7 1 66
370 7 5 63
370 7 6 65
370 7 7 59
370 7 8 71
370 7 9 65
370 7 10 62
370 7 11 64
370 10 0 63
370 10 1 60
370 10 2 62
370 10 4 56
370 10 8 68
370 10 9 62
370 10 10 59
370 10 11 61
370 12 1 65
370 12 3 62
370 12 4 64
370 12 5 58
370 12 6 70
370 12 8 64
370 12 9 61
370 12 10 63
371 0 2 91
371 0 3 100
371 0 4 96
371 0 5 96
371 0 7 96
371 0 8 82
371 0 10 93
371 0 11 89
371 3 0 111
371 3 1 104
371 3 2 98
371 3 3 110
371 3 5 100
371 3 6 94
371 3 7 97
371 3 8 103
371 5 0 113
371 5 2 106
371 5 3 100
371 5 7 112
371 5 8 102
371 5 9 96
371 5 10 99
371 5 11 105
371 8 2 114
371 8 3 107
371 8 4 101
371 8 5 113
371 8 7 103
371 8 8 97
371 8 9 100
371 8 10 106
371 12 1 116
371 12 3 101
371 12 4 118
371 12 5 113
371 12 6 120
371 12 8 101
371 12 9 113
371 12 10 100
372 0 2 40
372 0 3 42
372 0 4 38
372 0 5 36
372 0 7 41
372 0 8 44
372 0 10 40
372 0 11 41
372 3 0 44
372 3 1 53
372 3 2 49
372 3 3 49
372 3 5 49
372 3 6 45
372 3 7 46
372 3 8 52
372 5 0 40
372 5 2 49
372 5 3 45
372 5 7 45
372 5 8 45
372 5 9 41
372 5 10 42
372 5 11 48
372 9 1 40
372 9 2 49
372 9 4 45
372 9 5 45
372 9 8 45
372 9 9 41
372 9 10 42
372 9 11 48
372 10 0 40
372 10 1 49
372 10 2 45
372 10 4 45
372 10 8 45
372 10 9 41
372 10 10 42
372 10 11 48
373 3 0 35
373 3 1 33
373 3 2 32
373 3 3 29
373 3 5 32
373 3 6 30
373 3 7 36
373 3 8 30
373 4 0 33
373 4 2 31
373 4 4 30
373 4 5 27
373 4 6 30
373 4 8 28
373 4 10 34
373 4 11 28
373 14 1 28
373 14 3 32
373 14 4 27
373 14 5 28
373 14 7 33
373 14 9 27
373 14 10 31
373 14 11 33
374 1 0 78
374 1 2 89
374 1 3 85
374 1 5 83
374 1 6 79
374 1 7 91
374 1 8 78
374 1 10 88
374 8 2 94
374 8 3 103
374 8 4 99
374 8 5 99
374 8 7 99
374 8 8 85
374 8 9 96
374 8 10 92
374 11 0 98
374 11 1 107
374 11 2 103
374 11 5 103
374 11 6 103
374 11 7 89
374 11 8 100
374 11 10 96
374 12 1 78
374 12 3 89
374 12 4 85
374 12 5 83
374 12 6 79
374 12 8 91
374 12 9 78
374 12 10 88
375 3 0 16
375 3 1 15
375 3 2 14
375 3 3 13
375 3 5 14
375 3 6 13
375 3 7 16
375 3 8 13
375 4 0 15
375 4 2 14
375 4 4 13
375 4 5 12
375 4 6 13
375 4 8 12
375 4 10 15
375 4 11 12
375 6 0 14
375 6 2 13
375 6 3 12
375 6 4 11
375 6 5 12
375 6 7 11
375 6 8 14
375 6 10 11
375 8 2 13
375 8 3 12
375 8 4 11
375 8 5 10
375 8 7 11
375 8 8 10
375 8 9 13
375 8 10 10
375 10 0 14
375 10 1 13
375 10 2 12
375 10 4 11
375 10 8 12
375 10 9 11
375 10 10 14
375 10 11 11
376 3 0 65
376 3 1 62
376 3 2 64
376 3 3 58
376 3 5 70
376 3 6 64
376 3 7 61
376 3 8 63
376 4 0 62
376 4 2 59
376 4 4 61
376 4 5 55
376 4 6 67
376 4 8 61
376 4 10 58
376 4 11 60
376 5 0 64
376 5 2 61
376 5 3 63
376 5 7 57
376 5 8 69
376 5 9 63
376 5 10 60
376 5 11 62
376 9 1 61
376 9 2 54
376 9 4 62
376 9 5 54
376 9 8 62
376 9 9 56
376 9 10 55
376 9 11 59
377 3 0 36
377 3 1 45
377 3 2 41
377 3 3 41
377 3 5 41
377 3 6 37
377 3 7 38
377 3 8 44
377 4 0 41
377 4 2 39
377 4 4 38
377 4 5 35
377 4 6 38
377 4 8 36
377 4 10 42
377 4 11 36
377 7 1 40
377 7 5 38
377 7 6 37
377 7 7 34
377 7 8 37
377 7 9 35
377 7 10 41
377 7 11 35
377 8 2 37
377 8 3 35
377 8 4 34
377 8 5 31
377 8 7 34
377 8 8 32
377 8 9 38
377 8 10 32
377 11 0 40
377 11 1 38
377 11 2 37
377 11 5 34
377 11 6 37
377 11 7 35
377 11 8 41
377 11 10 35
378 0 2 36
378 0 3 45
378 0 4 41
378 0 5 41
378 0 7 41
378 0 8 37
378 0 10 38
378 0 11 44
378 1 0 54
378 1 2 47
378 1 3 52
378 1 5 53
378 1 6 54
378 1 7 48
378 1 8 51
378 1 10 46
378 2 1 41
378 2 2 50
378 2 4 46
378 2 5 46
378 2 6 46
378 2 7 42
378 2 9 43
378 2 10 49
378 4 0 41
378 4 2 50
378 4 4 46
378 4 5 46
378 4 6 46
378 4 8 42
378 4 10 43
378 4 11 49
378 10 0 41
378 10 1 50
378 10 2 46
378 10 4 46
378 10 8 46
378 10 9 42
378 10 10 43
378 10 11 49
379 0 2 62
379 0 3 55
379 0 4 63
379 0 5 55
379 0 7 63
379 0 8 57
379 0 10 56
379 0 11 60
379 3 0 55
379 3 1 48
379 3 2 56
379 3 3 48
379 3 5 56
379 3 6 50
379 3 7 49
379 3 8 53
379 10 0 63
379 10 1 56
379 10 2 64
379 10 4 56
379 10 8 64
379 10 9 58
379 10 10 57
379 10 11 61
379 12 1 55
379 12 3 48
379 12 4 56
379 12 5 48
379 12 6 56
379 12 8 50
379 12 9 49
379 12 10 53
379 13 0 63
379 13 1 56
379 13 3 64
379 13 5 56
379 13 6 64
379 13 7 58
379 13 8 57
379 13 9 61
380 1 0 10
380 1 2 9
380 1 3 11
380 1 5 9
380 1 6 11
380 1 7 11
380 1 8 10
380 1 10 11
380 2 1 9
380 2 2 9
380 2 4 8
380 2 5 8
380 2 6 8
380 2 7 8
380 2 9 9
380 2 10 8
380 8 2 12
380 8 3 11
380 8 4 10
380 8 5 9
380 8 7 10
380 8 8 9
380 8 9 12
380 8 10 9
381 1 0 58
381 1 2 51
381 1 3 59
381 1 5 51
381 1 6 59
381 1 7 53
381 1 8 52
381 1 10 56
381 3 0 42
381 3 1 51
381 3 2 47
381 3 3 47
381 3 5 47
381 3 6 43
381 3 7 44
381 3 8 50
381 5 0 56
381 5 2 49
381 5 3 57
381 5 7 49
381 5 8 57
381 5 9 51
381 5 10 50
381 5 11 54
381 6 0 57
381 6 2 50
381 6 3 58
381 6 4 50
381 6 5 58
381 6 7 52
381 6 8 51
381 6 10 55
381 9 1 58
381 9 2 51
381 9 4 59
381 9 5 51
381 9 8 59
381 9 9 53
381 9 10 52
381 9 11 56
382 10 0 29
382 10 1 28
382 10 2 30
382 10 4 28
382 10 8 30
382 10 9 30
382 10 10 29
382 10 11 27
382 11 0 28
382 11 1 27
382 11 2 29
382 11 5 27
382 11 6 29
382 11 7 29
382 11 8 28
382 11 10 26
382 13 0 30
382 13 1 29
382 13 3 31
382 13 5 29
382 13 6 31
382 13 7 31
382 13 8 30
382 13 9 28
383 0 2 78
383 0 3 89
383 0 4 85
383 0 5 83
383 0 7 79
383 0 8 91
383 0 10 78
383 0 11 88
383 4 0 94
383 4 2 103
383 4 4 99
383 4 5 99
383 4 6 99
383 4 8 85
383 4 10 96
383 4 11 92
383 14 1 98
383 14 3 107
383 14 4 103
383 14 5 103
383 14 7 103
383 14 9 89
383 14 10 100
383 14 11 96
384 0 2 13
384 0 3 12
384 0 4 11
384 0 5 10
384 0 7 11
384 0 8 10
384 0 10 13
384 0 11 10
384 2 1 12
384 2 2 11
384 2 4 10
384 2 5 9
384 2 6 10
384 2 7 9
384 2 9 12
384 2 10 9
384 3 0 10
384 3 1 9
384 3 2 11
384 3 3 9
384 3 5 11
384 3 6 11
384 3 7 10
384 3 8 11
384 8 2 9
384 8 3 9
384 8 4 8
384 8 5 8
384 8 7 8
384 8 8 8
384 8 9 9
384 8 10 8
384 10 0 10
384 10 1 9
384 10 2 11
384 10 4 9
384 10 8 11
384 10 9 11
384 10 10 10
384 10 11 11
