Jobs:
0 1 2 3 4 5 6 7 8 9 10 11 12 13 14 15 16 17 18 19 20 21 22 23 24 25 26 27 28 29
Machines:
0 1 2 3 4 5 6 7 8 9 10 11 12 13 14
Workers:
0 1 2 3 4 5 6 7 8 9 10 11 12 13 14
Operations per job:
0 1 2 3 4 5 6 7 8 9
10 11 12 13 14 15 16 17 18 19 20 21 22
23 24 25 26 27 28 29 30 31 32 33 34 35
36 37 38 39 40 41 42 43 44 45 46
47 48 49 50 51 52 53 54 55 56
57 58 59 60 61 62 63 64 65 66 67 68 69
70 71 72 73 74 75 76 77 78 79 80 81 82 83 84
85 86 87 88 89 90 91 92 93 94 95 96 97 98
99 100 101 102 103 104 105 106 107 108 109 110 111
112 113 114 115 116 117 118 119 120 121
122 123 124 125 126 127 128 129 130 131 132 133 134 135 136
137 138 139 140 141 142 143 144 145 146
147 148 149 150 151 152 153 154 155 156 157
158 159 160 161 162 163 164 165 166 167 168 169
170 171 172 173 174 175 176 177 178 179 180 181
182 183 184 185 186 187 188 189 190 191 192 193
194 195 196 197 198 199 200 201 202 203 204 205 206 207
208 209 210 211 212 213 214 215 216 217 218 219 220 221 222
223 224 225 226 227 228 229 230 231 232 233 234 235 236
237 238 239 240 241 242 243 244 245 246 247
248 249 250 251 252 253 254 255 256 257 258 259 260 261 262
263 264 265 266 267 268 269 270 271 272 273 274 275 276
277 278 279 280 281 282 283 284 285 286 287
288 289 290 291 292 293 294 295 296 297
298 299 300 301 302 303 304 305 306 307 308 309 310 311 312
313 314 315 316 317 318 319 320 321 322 323 324
325 326 327 328 329 330 331 332 333 334
335 336 337 338 339 340 341 342 343 344 345
346 347 348 349 350 351 352 353 354 355 356 357
358 359 360 361 362 363 364 365 366 367 368
Predecessors per operation:

0
1
2
3
4
5
6
7
8

10
11
12
13
14
15
16
17
18
19
20
21

23
24
25
26
27
28
29
30
31
32
33
34

36
37
38
39
40
41
42
43
44
45

47
48
49
50
51
52
53
54
55

57
58
59
60
61
62
63
64
65
66
67
68

70
71
72
73
74
75
76
77
78
79
80
81
82
83

85
86
87
88
89
90
91
92
93
94
95
96
97

99
100
101
102
103
104
105
106
107
108
109
110

112
113
114
115
116
117
118
119
120

122
123
124
125
126
127
128
129
130
131
132
133
134
135

137
138
139
140
141
142
143
144
145

147
148
149
150
151
152
153
154
155
156

158
159
160
161
162
163
164
165
166
167
168

170
171
172
173
174
175
176
177
178
179
180

182
183
184
185
186
187
188
189
190
191
192

194
195
196
197
198
199
200
201
202
203
204
205
206

208
209
210
211
212
213
214
215
216
217
218
219
220
221

223
224
225
226
227
228
229
230
231
232
233
234
235

237
238
239
240
241
242
243
244
245
246

248
249
250
251
252
253
254
255
256
257
258
259
260
261

263
264
265
266
267
268
269
270
271
272
273
274
275

277
278
279
280
281
282
283
284
285
286

288
289
290
291
292
293
294
295
296

298
299
300
301
302
303
304
305
306
307
308
309
310
311

313
314
315
316
317
318
319
320
321
322
323

325
326
327
328
329
330
331
332
333

335
336
337
338
339
340
341
342
343
344

346
347
348
349
350
351
352
353
354
355
356

358
359
360
361
362
363
364
365
366
367
Successors per operation:
1
2
3
4
5
6
7
8
9

11
12
13
14
15
16
17
18
19
20
21
22

24
25
26
27
28
29
30
31
32
33
34
35

37
38
39
40
41
42
43
44
45
46

48
49
50
51
52
53
54
55
56

58
59
60
61
62
63
64
65
66
67
68
69

71
72
73
74
75
76
77
78
79
80
81
82
83
84

86
87
88
89
90
91
92
93
94
95
96
97
98

100
101
102
103
104
105
106
107
108
109
110
111

113
114
115
116
117
118
119
120
121

123
124
125
126
127
128
129
130
131
132
133
134
135
136

138
139
140
141
142
143
144
145
146

148
149
150
151
152
153
154
155
156
157

159
160
161
162
163
164
165
166
167
168
169

171
172
173
174
175
176
177
178
179
180
181

183
184
185
186
187
188
189
190
191
192
193

195
196
197
198
199
200
201
202
203
204
205
206
207

209
210
211
212
213
214
215
216
217
218
219
220
221
222

224
225
226
227
228
229
230
231
232
233
234
235
236

238
239
240
241
242
243
244
245
246
247

249
250
251
252
253
254
255
256
257
258
259
260
261
262

264
265
266
267
268
269
270
271
272
273
274
275
276

278
279
280
281
282
283
284
285
286
287

289
290
291
292
293
294
295
296
297

299
300
301
302
303
304
305
306
307
308
309
310
311
312

314
315
316
317
318
319
320
321
322
323
324

326
327
328
329
330
331
332
333
334

336
337
338
339
340
341
342
343
344
345

347
348
349
350
351
352
353
354
355
356
357

359
360
361
362
363
364
365
366
367
368

Machines per operation:
4 6 9
6 13 14
6 12 14
1 2 8 14
1 8 10
1 2 13
3 7 8 9 10
1 8 9 12
3 4 7
0 7 14
2 6 9 10 12
0 3 4
0 4 9 13
0 1 7 9 12
2 8 9 11 12
0 1 6 11 14
2 9 10 11
0 4 9 10 12
0 11 12 13
2 4 5 8
2 3 6 8 12
5 7 12 14
1 3 8 14
2 11 12
4 5 7 9 10
1 2 7 9 11
8 11 13
9 10 11 13
0 1 5 6 10
1 2 3 9
0 3 10
3 7 14
5 11 14
2 4 6 8
0 4 12 13
9 11 12 13
5 6 14
4 6 9 10 14
2 7 11
2 5 9 12
6 8 10 11 13
4 6 8
1 9 14
1 3 9
0 5 9
3 4 10
3 7 9 13
0 4 14
4 9 14
1 3 4 5
2 8 10
0 4 5 9
2 3 8 9
7 9 12
6 7 12
2 5 11 14
6 10 12
4 5 7 9 12
0 8 10 12 14
6 13 14
3 5 9 11 13
0 2 11 13 14
7 9 12
5 6 11 13
5 7 8
0 4 5 8 14
0 9 12
4 5 7 8 9
1 3 9 12 13
6 7 10 13
2 5 7 8 9
5 6 12
7 8 12
8 10 11
0 4 6
0 1 13
4 8 11 13
1 7 10 11
1 2 5 12 14
8 9 10 11
0 6 14
2 8 11
5 6 11 12
0 10 12 13 14
0 2 4 11 13
1 6 8 9 14
1 7 11 13 14
3 6 11
6 12 14
9 10 12
0 1 13
3 5 8 12 13
9 11 13
1 2 3 6 9
1 3 11 12
0 1 7 8
0 1 3 6 8
0 4 5 10 11
0 2 7 8
5 6 7 9 14
0 1 2
7 8 10 12 14
3 4 5 8 12
4 6 13
0 1 6 8 10
3 5 9 13
6 8 11
0 6 8 9 14
1 5 8 13
5 7 8 14
1 11 14
0 3 4 7 10
1 2 3 4 5
0 2 7 9
4 5 12 13 14
1 8 11 13
0 2 4 5 7
5 8 9 10 12
2 4 6 8
0 4 5 7
1 3 12
3 5 11 14
0 6 8 10 11
0 2 8 14
9 12 14
1 3 9 12 13
0 4 10 12
5 6 11
3 4 6
4 5 7 10
1 11 13
5 6 11 12 14
3 5 7
1 3 4 6
3 5 10
7 13 14
3 4 5 9 12
0 8 13
2 6 10 13
0 3 8 10 12
3 5 6 11 14
0 1 3 5 13
0 4 7 11
0 5 9 10 11
4 6 7 12 13
0 1 2 14
0 1 8
1 2 4 7
6 7 8 13
9 11 14
7 8 12
1 5 7 12
1 3 9
3 10 11
4 7 9 12
2 7 9
0 3 7
5 10 11 12 14
3 5 9
0 1 2 6 8
4 7 8 10 14
4 5 12
0 1 2
2 5 7 14
1 9 11 14
4 6 11 14
1 5 7 11 13
2 5 10 14
4 5 7 10 11
5 7 8 12 13
1 6 8 11 14
0 8 10
4 6 10 11 14
2 9 10
3 5 10
1 2 5 7
4 6 7 13 14
1 3 8 11
1 3 10 14
1 4 7 12 14
5 11 14
1 5 8 10 12
1 3 7 13
1 4 8 9 14
7 12 13
0 1 9 11
2 7 10 14
1 4 8 12
3 6 11
7 8 13
5 12 13
0 1 6 9 10
5 6 11
0 3 4 12
0 5 9 11
0 3 8 11
1 3 6
2 7 9 13
0 9 11
7 12 13 14
5 13 14
2 7 12 14
3 8 11
4 5 9 10 14
0 1 7 13
2 10 11 13 14
1 3 13
3 7 9 13 14
0 5 6 13
7 8 11 14
5 6 13
1 8 9 10 13
0 1 5 13
0 1 2 3 9
0 8 9
1 2 7
0 3 6 12
2 4 5 11
4 5 6 7 11
2 3 10 12 14
8 10 11 12 14
9 10 13
2 3 4 5 6
0 5 9
3 5 7 9
3 6 12
6 7 9
6 8 12
0 5 9 10
7 12 13
3 4 6 9 14
3 7 12 13 14
4 8 9 10 13
0 1 2 5 13
0 3 4 8 9
6 10 12
7 9 11 12
1 4 8
0 4 5 13
4 10 11
0 1 3 6
0 2 3 8 12
7 10 12
4 6 8
0 3 7 9 14
4 7 8 14
0 3 4 8 10
1 3 8
6 12 14
0 4 8 9 14
4 10 13 14
7 12 13 14
1 4 8
3 7 14
0 5 7 10 12
1 4 6 11 12
0 1 2 7 14
10 11 12
0 2 5 10 11
0 5 7 14
7 8 14
0 2 5 6 8
3 5 13
6 12 14
1 9 12 13
7 9 13
2 6 12 13 14
4 5 6 13
2 9 10 12 14
1 5 10 14
0 2 3 13 14
0 2 8 10 13
3 4 5 9 12
2 4 6 7 11
2 6 11 12 13
0 1 4 8 10
2 4 6 9 12
0 4 7 9
0 2 6
0 9 13
1 2 11
0 3 4
6 7 12 14
1 2 5 13
2 4 12 14
3 6 8 10 12
1 5 8
0 4 10 11 12
0 6 7 12
1 4 13
3 7 10
1 9 10 14
7 9 11
2 5 9 13
1 8 9 11
1 5 8 11
1 8 14
3 4 7 9
0 3 6 11 13
0 4 10 11
0 2 6 7 11
6 9 10
2 7 8 11 12
1 3 13
0 9 11
1 11 14
7 10 13
0 3 4 6 14
3 9 10 11
2 4 7 11 14
4 10 12
9 10 12 14
1 2 7 10 14
0 1 3 5
0 3 7 8 9
6 7 12
1 3 5 12
0 1 14
6 12 14
2 4 9 11
7 9 10 13
4 8 11
3 4 8 13
1 2 6 10
1 2 3 6 8
0 7 11 14
3 6 10 13
1 8 9 10 12
0 2 4 11
4 5 10 14
0 3 7 10 13
2 5 8 12
1 6 9 12 14
0 2 5 7 9
0 4 7 8 9
1 7 9
0 3 9 10
0 1 7 9 10
4 7 9 10 14
0 1 8 10
2 5 6
4 8 9
2 4 12
6 7 10 12 13
1 3 9 12 14
2 3 4 9 13
4 5 8 9 10
1 4 5 10 13
0 7 9
7 8 9 10 13
8 9 12
0 1 2 8
0 3 6 7 13
4 8 10
1 4 10
1 3 9 10
0 8 11 13 14
0 2 8 10 14
2 9 11 12
0 1 7
5 7 12 13
2 3 7
0 2 13 14
0 5 6 9 12
5 6 8 9 12
4 8 14
8 11 12 13
6 7 9 11 14
2 10 12 14
Processing times (o m w p):
0 4 0 88
0 4 1 87
0 4 3 84
0 4 4 88
0 4 7 72
0 4 9 86
0 4 12 81
0 4 13 88
0 6 0 80
0 6 2 89
0 6 4 95
0 6 9 93
0 6 10 86
0 6 11 95
0 6 12 85
0 6 14 90
0 9 1 99
0 9 2 94
0 9 3 86
0 9 4 104
0 9 8 91
0 9 11 86
0 9 12 104
0 9 14 103
1 6 0 42
1 6 2 47
1 6 4 39
1 6 9 47
1 6 10 44
1 6 11 39
1 6 12 47
1 6 14 46
1 13 2 47
1 13 4 52
1 13 5 44
1 13 6 52
1 13 8 49
1 13 11 44
1 13 13 52
1 13 14 51
1 14 0 36
1 14 4 36
1 14 5 42
1 14 6 40
1 14 9 42
1 14 11 42
1 14 12 41
1 14 13 37
2 6 0 76
2 6 2 67
2 6 4 78
2 6 9 72
2 6 10 72
2 6 11 82
2 6 12 71
2 6 14 82
2 12 0 61
2 12 1 72
2 12 2 60
2 12 3 60
2 12 7 61
2 12 9 62
2 12 10 62
2 12 14 69
2 14 0 78
2 14 4 69
2 14 5 80
2 14 6 74
2 14 9 74
2 14 11 84
2 14 12 73
2 14 13 84
3 1 1 57
3 1 2 68
3 1 3 56
3 1 8 56
3 1 9 57
3 1 10 58
3 1 13 58
3 1 14 65
3 2 0 74
3 2 1 65
3 2 3 76
3 2 4 70
3 2 7 70
3 2 8 80
3 2 9 69
3 2 12 80
3 8 2 56
3 8 3 67
3 8 5 55
3 8 6 55
3 8 7 56
3 8 8 57
3 8 12 57
3 8 14 64
3 14 0 56
3 14 4 67
3 14 5 55
3 14 6 55
3 14 9 56
3 14 11 57
3 14 12 57
3 14 13 64
4 1 1 33
4 1 2 29
4 1 3 34
4 1 8 31
4 1 9 31
4 1 10 36
4 1 13 31
4 1 14 36
4 8 2 26
4 8 3 29
4 8 5 29
4 8 6 27
4 8 7 26
4 8 8 29
4 8 12 31
4 8 14 30
4 10 1 34
4 10 2 30
4 10 5 35
4 10 7 32
4 10 8 32
4 10 9 37
4 10 10 32
4 10 11 37
5 1 1 101
5 1 2 96
5 1 3 88
5 1 8 106
5 1 9 93
5 1 10 88
5 1 13 106
5 1 14 105
5 2 0 78
5 2 1 87
5 2 3 93
5 2 4 91
5 2 7 84
5 2 8 93
5 2 9 83
5 2 12 88
5 13 2 98
5 13 4 93
5 13 5 85
5 13 6 103
5 13 8 90
5 13 11 85
5 13 13 103
5 13 14 102
6 3 0 57
6 3 2 60
6 3 4 60
6 3 6 58
6 3 9 57
6 3 10 60
6 3 12 62
6 3 14 61
6 7 0 63
6 7 2 74
6 7 4 62
6 7 5 62
6 7 8 63
6 7 11 64
6 7 12 64
6 7 13 71
6 8 2 56
6 8 3 59
6 8 5 59
6 8 6 57
6 8 7 56
6 8 8 59
6 8 12 61
6 8 14 60
6 9 1 56
6 9 2 59
6 9 3 59
6 9 4 57
6 9 8 56
6 9 11 59
6 9 12 61
6 9 14 60
6 10 1 57
6 10 2 60
6 10 5 60
6 10 7 58
6 10 8 57
6 10 9 60
6 10 10 62
6 10 11 61
7 1 1 19
7 1 2 22
7 1 3 22
7 1 8 20
7 1 9 19
7 1 10 22
7 1 13 24
7 1 14 23
7 8 2 19
7 8 3 22
7 8 5 22
7 8 6 20
7 8 7 19
7 8 8 22
7 8 12 24
7 8 14 23
7 9 1 19
7 9 2 17
7 9 3 19
7 9 4 18
7 9 8 18
7 9 11 20
7 9 12 18
7 9 14 20
7 12 0 19
7 12 1 22
7 12 2 22
7 12 3 20
7 12 7 19
7 12 9 22
7 12 10 24
7 12 14 23
8 3 0 55
8 3 2 58
8 3 4 58
8 3 6 56
8 3 9 55
8 3 10 58
8 3 12 60
8 3 14 59
8 4 0 57
8 4 1 68
8 4 3 56
8 4 4 56
8 4 7 57
8 4 9 58
8 4 12 58
8 4 13 65
8 7 0 61
8 7 2 72
8 7 4 60
8 7 5 60
8 7 8 61
8 7 11 62
8 7 12 62
8 7 13 69
9 0 1 58
9 0 2 61
9 0 4 61
9 0 6 59
9 0 9 58
9 0 12 61
9 0 13 63
9 0 14 62
9 7 0 64
9 7 2 75
9 7 4 63
9 7 5 63
9 7 8 64
9 7 11 65
9 7 12 65
9 7 13 72
9 14 0 57
9 14 4 60
9 14 5 60
9 14 6 58
9 14 9 57
9 14 11 60
9 14 12 62
9 14 13 61
10 2 0 102
10 2 1 97
10 2 3 89
10 2 4 107
10 2 7 94
10 2 8 89
10 2 9 107
10 2 12 106
10 6 0 97
10 6 2 92
10 6 4 84
10 6 9 102
10 6 10 89
10 6 11 84
10 6 12 102
10 6 14 101
10 9 1 76
10 9 2 85
10 9 3 91
10 9 4 89
10 9 8 82
10 9 11 91
10 9 12 81
10 9 14 86
10 10 1 100
10 10 2 97
10 10 5 107
10 10 7 103
10 10 8 92
10 10 9 95
10 10 10 95
10 10 11 102
10 12 0 97
10 12 1 87
10 12 2 94
10 12 3 92
10 12 7 83
10 12 9 90
10 12 10 88
10 12 14 83
11 0 1 79
11 0 2 88
11 0 4 94
11 0 6 92
11 0 9 85
11 0 12 94
11 0 13 84
11 0 14 89
11 3 0 78
11 3 2 87
11 3 4 93
11 3 6 91
11 3 9 84
11 3 10 93
11 3 12 83
11 3 14 88
11 4 0 75
11 4 1 84
11 4 3 90
11 4 4 88
11 4 7 81
11 4 9 90
11 4 12 80
11 4 13 85
12 0 1 76
12 0 2 67
12 0 4 78
12 0 6 72
12 0 9 72
12 0 12 82
12 0 13 71
12 0 14 82
12 4 0 75
12 4 1 84
12 4 3 90
12 4 4 88
12 4 7 81
12 4 9 90
12 4 12 80
12 4 13 85
12 9 1 97
12 9 2 87
12 9 3 94
12 9 4 92
12 9 8 83
12 9 11 90
12 9 12 88
12 9 14 83
12 13 2 79
12 13 4 88
12 13 5 94
12 13 6 92
12 13 8 85
12 13 11 94
12 13 13 84
12 13 14 89
13 0 1 42
13 0 2 47
13 0 4 39
13 0 6 47
13 0 9 44
13 0 12 39
13 0 13 47
13 0 14 46
13 1 1 47
13 1 2 52
13 1 3 44
13 1 8 52
13 1 9 49
13 1 10 44
13 1 13 52
13 1 14 51
13 7 0 36
13 7 2 36
13 7 4 42
13 7 5 40
13 7 8 42
13 7 11 42
13 7 12 41
13 7 13 37
13 9 1 47
13 9 2 52
13 9 3 44
13 9 4 52
13 9 8 49
13 9 11 44
13 9 12 52
13 9 14 51
13 12 0 44
13 12 1 49
13 12 2 41
13 12 3 49
13 12 7 46
13 12 9 41
13 12 10 49
13 12 14 48
14 2 0 18
14 2 1 21
14 2 3 21
14 2 4 19
14 2 7 18
14 2 8 21
14 2 9 23
14 2 12 22
14 8 2 21
14 8 3 24
14 8 5 24
14 8 6 22
14 8 7 21
14 8 8 24
14 8 12 26
14 8 14 25
14 9 1 21
14 9 2 24
14 9 3 24
14 9 4 22
14 9 8 21
14 9 11 24
14 9 12 26
14 9 14 25
14 11 0 19
14 11 1 22
14 11 5 22
14 11 6 20
14 11 9 19
14 11 10 22
14 11 11 24
14 11 13 23
14 12 0 18
14 12 1 21
14 12 2 21
14 12 3 19
14 12 7 18
14 12 9 21
14 12 10 23
14 12 14 22
15 0 1 53
15 0 2 56
15 0 4 56
15 0 6 54
15 0 9 53
15 0 12 56
15 0 13 58
15 0 14 57
15 1 1 56
15 1 2 59
15 1 3 59
15 1 8 57
15 1 9 56
15 1 10 59
15 1 13 61
15 1 14 60
15 6 0 56
15 6 2 59
15 6 4 59
15 6 9 57
15 6 10 56
15 6 11 59
15 6 12 61
15 6 14 60
15 11 0 54
15 11 1 57
15 11 5 57
15 11 6 55
15 11 9 54
15 11 10 57
15 11 11 59
15 11 13 58
15 14 0 53
15 14 4 56
15 14 5 56
15 14 6 54
15 14 9 53
15 14 11 56
15 14 12 58
15 14 13 57
16 2 0 17
16 2 1 15
16 2 3 17
16 2 4 16
16 2 7 16
16 2 8 18
16 2 9 16
16 2 12 18
16 9 1 15
16 9 2 13
16 9 3 15
16 9 4 14
16 9 8 14
16 9 11 16
16 9 12 14
16 9 14 16
16 10 1 17
16 10 2 15
16 10 5 17
16 10 7 16
16 10 8 16
16 10 9 18
16 10 10 16
16 10 11 18
16 11 0 16
16 11 1 14
16 11 5 16
16 11 6 15
16 11 9 15
16 11 10 17
16 11 11 15
16 11 13 17
17 0 1 101
17 0 2 96
17 0 4 88
17 0 6 106
17 0 9 93
17 0 12 88
17 0 13 106
17 0 14 105
17 4 0 96
17 4 1 91
17 4 3 83
17 4 4 101
17 4 7 88
17 4 9 83
17 4 12 101
17 4 13 100
17 9 1 75
17 9 2 84
17 9 3 90
17 9 4 88
17 9 8 81
17 9 11 90
17 9 12 80
17 9 14 85
17 10 1 99
17 10 2 96
17 10 5 106
17 10 7 102
17 10 8 91
17 10 9 94
17 10 10 94
17 10 11 101
17 12 0 80
17 12 1 89
17 12 2 95
17 12 3 93
17 12 7 86
17 12 9 95
17 12 10 85
17 12 14 90
18 0 1 19
18 0 2 22
18 0 4 22
18 0 6 20
18 0 9 19
18 0 12 22
18 0 13 24
18 0 14 23
18 11 0 22
18 11 1 25
18 11 5 25
18 11 6 23
18 11 9 22
18 11 10 25
18 11 11 27
18 11 13 26
18 12 0 22
18 12 1 25
18 12 2 25
18 12 3 23
18 12 7 22
18 12 9 25
18 12 10 27
18 12 14 26
18 13 2 20
18 13 4 23
18 13 5 23
18 13 6 21
18 13 8 20
18 13 11 23
18 13 13 25
18 13 14 24
19 2 0 19
19 2 1 22
19 2 3 22
19 2 4 20
19 2 7 19
19 2 8 22
19 2 9 24
19 2 12 23
19 4 0 22
19 4 1 25
19 4 3 25
19 4 4 23
19 4 7 22
19 4 9 25
19 4 12 27
19 4 13 26
19 5 0 22
19 5 1 25
19 5 2 25
19 5 6 23
19 5 8 22
19 5 9 25
19 5 11 27
19 5 12 26
19 8 2 20
19 8 3 23
19 8 5 23
19 8 6 21
19 8 7 20
19 8 8 23
19 8 12 25
19 8 14 24
20 2 0 38
20 2 1 34
20 2 3 39
20 2 4 36
20 2 7 36
20 2 8 41
20 2 9 36
20 2 12 41
20 3 0 34
20 3 2 30
20 3 4 35
20 3 6 32
20 3 9 32
20 3 10 37
20 3 12 32
20 3 14 37
20 6 0 39
20 6 2 35
20 6 4 40
20 6 9 37
20 6 10 37
20 6 11 42
20 6 12 37
20 6 14 42
20 8 2 36
20 8 3 32
20 8 5 37
20 8 6 34
20 8 7 34
20 8 8 39
20 8 12 34
20 8 14 39
20 12 0 36
20 12 1 32
20 12 2 37
20 12 3 34
20 12 7 34
20 12 9 39
20 12 10 34
20 12 14 39
21 5 0 45
21 5 1 50
21 5 2 42
21 5 6 50
21 5 8 47
21 5 9 42
21 5 11 50
21 5 12 49
21 7 0 51
21 7 2 54
21 7 4 54
21 7 5 52
21 7 8 51
21 7 11 54
21 7 12 56
21 7 13 55
21 12 0 42
21 12 1 47
21 12 2 39
21 12 3 47
21 12 7 44
21 12 9 39
21 12 10 47
21 12 14 46
21 14 0 51
21 14 4 54
21 14 5 54
21 14 6 52
21 14 9 51
21 14 11 54
21 14 12 56
21 14 13 55
22 1 1 14
22 1 2 12
22 1 3 14
22 1 8 13
22 1 9 13
22 1 10 15
22 1 13 13
22 1 14 15
22 3 0 12
22 3 2 10
22 3 4 12
22 3 6 11
22 3 9 11
22 3 10 13
22 3 12 11
22 3 14 13
22 8 2 14
22 8 3 12
22 8 5 14
22 8 6 13
22 8 7 13
22 8 8 15
22 8 12 13
22 8 14 15
22 14 0 13
22 14 4 11
22 14 5 13
22 14 6 12
22 14 9 12
22 14 11 14
22 14 12 12
22 14 13 14
23 2 0 19
23 2 1 22
23 2 3 22
23 2 4 20
23 2 7 19
23 2 8 22
23 2 9 24
23 2 12 23
23 11 0 22
23 11 1 25
23 11 5 25
23 11 6 23
23 11 9 22
23 11 10 25
23 11 11 27
23 11 13 26
23 12 0 22
23 12 1 25
23 12 2 25
23 12 3 23
23 12 7 22
23 12 9 25
23 12 10 27
23 12 14 26
24 4 0 19
24 4 1 22
24 4 3 22
24 4 4 20
24 4 7 19
24 4 9 22
24 4 12 24
24 4 13 23
24 5 0 22
24 5 1 25
24 5 2 25
24 5 6 23
24 5 8 22
24 5 9 25
24 5 11 27
24 5 12 26
24 7 0 22
24 7 2 25
24 7 4 25
24 7 5 23
24 7 8 22
24 7 11 25
24 7 12 27
24 7 13 26
24 9 1 20
24 9 2 23
24 9 3 23
24 9 4 21
24 9 8 20
24 9 11 23
24 9 12 25
24 9 14 24
24 10 1 19
24 10 2 22
24 10 5 22
24 10 7 20
24 10 8 19
24 10 9 22
24 10 10 24
24 10 11 23
25 1 1 57
25 1 2 60
25 1 3 60
25 1 8 58
25 1 9 57
25 1 10 60
25 1 13 62
25 1 14 61
25 2 0 63
25 2 1 74
25 2 3 62
25 2 4 62
25 2 7 63
25 2 8 64
25 2 9 64
25 2 12 71
25 7 0 56
25 7 2 59
25 7 4 59
25 7 5 57
25 7 8 56
25 7 11 59
25 7 12 61
25 7 13 60
25 9 1 56
25 9 2 59
25 9 3 59
25 9 4 57
25 9 8 56
25 9 11 59
25 9 12 61
25 9 14 60
25 11 0 57
25 11 1 60
25 11 5 60
25 11 6 58
25 11 9 57
25 11 10 60
25 11 11 62
25 11 13 61
26 8 2 51
26 8 3 54
26 8 5 54
26 8 6 52
26 8 7 51
26 8 8 54
26 8 12 56
26 8 14 55
26 11 0 54
26 11 1 57
26 11 5 57
26 11 6 55
26 11 9 54
26 11 10 57
26 11 11 59
26 11 13 58
26 13 2 54
26 13 4 57
26 13 5 57
26 13 6 55
26 13 8 54
26 13 11 57
26 13 13 59
26 13 14 58
27 9 1 103
27 9 2 98
27 9 3 90
27 9 4 108
27 9 8 95
27 9 11 90
27 9 12 108
27 9 14 107
27 10 1 98
27 10 2 93
27 10 5 85
27 10 7 103
27 10 8 90
27 10 9 85
27 10 10 103
27 10 11 102
27 11 0 77
27 11 1 86
27 11 5 92
27 11 6 90
27 11 9 83
27 11 10 92
27 11 11 82
27 11 13 87
27 13 2 101
27 13 4 98
27 13 5 108
27 13 6 104
27 13 8 93
27 13 11 96
27 13 13 96
27 13 14 103
28 0 1 103
28 0 2 98
28 0 4 90
28 0 6 108
28 0 9 95
28 0 12 90
28 0 13 108
28 0 14 107
28 1 1 98
28 1 2 93
28 1 3 85
28 1 8 103
28 1 9 90
28 1 10 85
28 1 13 103
28 1 14 102
28 5 0 77
28 5 1 86
28 5 2 92
28 5 6 90
28 5 8 83
28 5 9 92
28 5 11 82
28 5 12 87
28 6 0 101
28 6 2 98
28 6 4 108
28 6 9 104
28 6 10 93
28 6 11 96
28 6 12 96
28 6 14 103
28 10 1 95
28 10 2 90
28 10 5 82
28 10 7 100
28 10 8 87
28 10 9 82
28 10 10 100
28 10 11 99
29 1 1 102
29 1 2 97
29 1 3 89
29 1 8 107
29 1 9 94
29 1 10 89
29 1 13 107
29 1 14 106
29 2 0 97
29 2 1 92
29 2 3 84
29 2 4 102
29 2 7 89
29 2 8 84
29 2 9 102
29 2 12 101
29 3 0 76
29 3 2 85
29 3 4 91
29 3 6 89
29 3 9 82
29 3 10 91
29 3 12 81
29 3 14 86
29 9 1 100
29 9 2 97
29 9 3 107
29 9 4 103
29 9 8 92
29 9 11 95
29 9 12 95
29 9 14 102
30 0 1 58
30 0 2 61
30 0 4 61
30 0 6 59
30 0 9 58
30 0 12 61
30 0 13 63
30 0 14 62
30 3 0 56
30 3 2 67
30 3 4 55
30 3 6 55
30 3 9 56
30 3 10 57
30 3 12 57
30 3 14 64
30 10 1 56
30 10 2 67
30 10 5 55
30 10 7 55
30 10 8 56
30 10 9 57
30 10 10 57
30 10 11 64
31 3 0 59
31 3 2 62
31 3 4 62
31 3 6 60
31 3 9 59
31 3 10 62
31 3 12 64
31 3 14 63
31 7 0 57
31 7 2 68
31 7 4 56
31 7 5 56
31 7 8 57
31 7 11 58
31 7 12 58
31 7 13 65
31 14 0 57
31 14 4 68
31 14 5 56
31 14 6 56
31 14 9 57
31 14 11 58
31 14 12 58
31 14 13 65
32 5 0 55
32 5 1 58
32 5 2 58
32 5 6 56
32 5 8 55
32 5 9 58
32 5 11 60
32 5 12 59
32 11 0 57
32 11 1 68
32 11 5 56
32 11 6 56
32 11 9 57
32 11 10 58
32 11 11 58
32 11 13 65
32 14 0 61
32 14 4 72
32 14 5 60
32 14 6 60
32 14 9 61
32 14 11 62
32 14 12 62
32 14 13 69
33 2 0 75
33 2 1 66
33 2 3 77
33 2 4 71
33 2 7 71
33 2 8 81
33 2 9 70
33 2 12 81
33 4 0 74
33 4 1 83
33 4 3 89
33 4 4 87
33 4 7 80
33 4 9 89
33 4 12 79
33 4 13 84
33 6 0 80
33 6 2 89
33 6 4 95
33 6 9 93
33 6 10 86
33 6 11 95
33 6 12 85
33 6 14 90
33 8 2 78
33 8 3 87
33 8 5 93
33 8 6 91
33 8 7 84
33 8 8 93
33 8 12 83
33 8 14 88
34 0 1 15
34 0 2 13
34 0 4 15
34 0 6 14
34 0 9 14
34 0 12 16
34 0 13 14
34 0 14 16
34 4 0 13
34 4 1 11
34 4 3 13
34 4 4 12
34 4 7 12
34 4 9 14
34 4 12 12
34 4 13 14
34 12 0 15
34 12 1 13
34 12 2 15
34 12 3 14
34 12 7 14
34 12 9 16
34 12 10 14
34 12 14 16
34 13 2 14
34 13 4 12
34 13 5 14
34 13 6 13
34 13 8 13
34 13 11 15
34 13 13 13
34 13 14 15
35 9 1 101
35 9 2 96
35 9 3 88
35 9 4 106
35 9 8 93
35 9 11 88
35 9 12 106
35 9 14 105
35 11 0 96
35 11 1 91
35 11 5 83
35 11 6 101
35 11 9 88
35 11 10 83
35 11 11 101
35 11 13 100
35 12 0 75
35 12 1 84
35 12 2 90
35 12 3 88
35 12 7 81
35 12 9 90
35 12 10 80
35 12 14 85
35 13 2 99
35 13 4 96
35 13 5 106
35 13 6 102
35 13 8 91
35 13 11 94
35 13 13 94
35 13 14 101
36 5 0 37
36 5 1 33
36 5 2 38
36 5 6 35
36 5 8 35
36 5 9 40
36 5 11 35
36 5 12 40
36 6 0 33
36 6 2 29
36 6 4 34
36 6 9 31
36 6 10 31
36 6 11 36
36 6 12 31
36 6 14 36
36 14 0 38
36 14 4 34
36 14 5 39
36 14 6 36
36 14 9 36
36 14 11 41
36 14 12 36
36 14 13 41
37 4 0 19
37 4 1 22
37 4 3 22
37 4 4 20
37 4 7 19
37 4 9 22
37 4 12 24
37 4 13 23
37 6 0 19
37 6 2 22
37 6 4 22
37 6 9 20
37 6 10 19
37 6 11 22
37 6 12 24
37 6 14 23
37 9 1 19
37 9 2 17
37 9 3 19
37 9 4 18
37 9 8 18
37 9 11 20
37 9 12 18
37 9 14 20
37 10 1 19
37 10 2 22
37 10 5 22
37 10 7 20
37 10 8 19
37 10 9 22
37 10 10 24
37 10 11 23
37 14 0 19
37 14 4 17
37 14 5 19
37 14 6 18
37 14 9 18
37 14 11 20
37 14 12 18
37 14 13 20
38 2 0 15
38 2 1 13
38 2 3 15
38 2 4 14
38 2 7 14
38 2 8 16
38 2 9 14
38 2 12 16
38 7 0 13
38 7 2 11
38 7 4 13
38 7 5 12
38 7 8 12
38 7 11 14
38 7 12 12
38 7 13 14
38 11 0 15
38 11 1 13
38 11 5 15
38 11 6 14
38 11 9 14
38 11 10 16
38 11 11 14
38 11 13 16
39 2 0 55
39 2 1 58
39 2 3 58
39 2 4 56
39 2 7 55
39 2 8 58
39 2 9 60
39 2 12 59
39 5 0 58
39 5 1 61
39 5 2 61
39 5 6 59
39 5 8 58
39 5 9 61
39 5 11 63
39 5 12 62
39 9 1 58
39 9 2 61
39 9 3 61
39 9 4 59
39 9 8 58
39 9 11 61
39 9 12 63
39 9 14 62
39 12 0 56
39 12 1 59
39 12 2 59
39 12 3 57
39 12 7 56
39 12 9 59
39 12 10 61
39 12 14 60
40 6 0 73
40 6 2 64
40 6 4 75
40 6 9 69
40 6 10 69
40 6 11 79
40 6 12 68
40 6 14 79
40 8 2 58
40 8 3 69
40 8 5 57
40 8 6 57
40 8 7 58
40 8 8 59
40 8 12 59
40 8 14 66
40 10 1 75
40 10 2 66
40 10 5 77
40 10 7 71
40 10 8 71
40 10 9 81
40 10 10 70
40 10 11 81
40 11 0 63
40 11 1 74
40 11 5 62
40 11 6 62
40 11 9 63
40 11 10 64
40 11 11 64
40 11 13 71
40 13 2 63
40 13 4 74
40 13 5 62
40 13 6 62
40 13 8 63
40 13 11 64
40 13 13 64
40 13 14 71
41 4 0 101
41 4 1 96
41 4 3 88
41 4 4 106
41 4 7 93
41 4 9 88
41 4 12 106
41 4 13 105
41 6 0 96
41 6 2 91
41 6 4 83
41 6 9 101
41 6 10 88
41 6 11 83
41 6 12 101
41 6 14 100
41 8 2 75
41 8 3 84
41 8 5 90
41 8 6 88
41 8 7 81
41 8 8 90
41 8 12 80
41 8 14 85
42 1 1 21
42 1 2 24
42 1 3 24
42 1 8 22
42 1 9 21
42 1 10 24
42 1 13 26
42 1 14 25
42 9 1 24
42 9 2 27
42 9 3 27
42 9 4 25
42 9 8 24
42 9 11 27
42 9 12 29
42 9 14 28
42 14 0 24
42 14 4 27
42 14 5 27
42 14 6 25
42 14 9 24
42 14 11 27
42 14 12 29
42 14 13 28
43 1 1 19
43 1 2 22
43 1 3 22
43 1 8 20
43 1 9 19
43 1 10 22
43 1 13 24
43 1 14 23
43 3 0 19
43 3 2 22
43 3 4 22
43 3 6 20
43 3 9 19
43 3 10 22
43 3 12 24
43 3 14 23
43 9 1 19
43 9 2 17
43 9 3 19
43 9 4 18
43 9 8 18
43 9 11 20
43 9 12 18
43 9 14 20
44 0 1 22
44 0 2 22
44 0 4 19
44 0 6 22
44 0 9 19
44 0 12 19
44 0 13 22
44 0 14 21
44 5 0 20
44 5 1 23
44 5 2 23
44 5 6 21
44 5 8 20
44 5 9 23
44 5 11 25
44 5 12 24
44 9 1 20
44 9 2 23
44 9 3 23
44 9 4 21
44 9 8 20
44 9 11 23
44 9 12 25
44 9 14 24
45 3 0 40
45 3 2 45
45 3 4 37
45 3 6 45
45 3 9 42
45 3 10 37
45 3 12 45
45 3 14 44
45 4 0 45
45 4 1 50
45 4 3 42
45 4 4 50
45 4 7 47
45 4 9 42
45 4 12 50
45 4 13 49
45 10 1 38
45 10 2 34
45 10 5 39
45 10 7 36
45 10 8 36
45 10 9 41
45 10 10 36
45 10 11 41
46 3 0 44
46 3 2 49
46 3 4 41
46 3 6 49
46 3 9 46
46 3 10 41
46 3 12 49
46 3 14 48
46 7 0 53
46 7 2 50
46 7 4 49
46 7 5 45
46 7 8 45
46 7 11 48
46 7 12 48
46 7 13 55
46 9 1 41
46 9 2 46
46 9 3 38
46 9 4 46
46 9 8 43
46 9 11 38
46 9 12 46
46 9 14 45
46 13 2 53
46 13 4 50
46 13 5 49
46 13 6 45
46 13 8 45
46 13 11 48
46 13 13 48
46 13 14 55
47 0 1 79
47 0 2 70
47 0 4 81
47 0 6 75
47 0 9 75
47 0 12 85
47 0 13 74
47 0 14 85
47 4 0 64
47 4 1 75
47 4 3 63
47 4 4 63
47 4 7 64
47 4 9 65
47 4 12 65
47 4 13 72
47 14 0 88
47 14 4 87
47 14 5 84
47 14 6 88
47 14 9 72
47 14 11 86
47 14 12 81
47 14 13 88
48 4 0 44
48 4 1 49
48 4 3 41
48 4 4 49
48 4 7 46
48 4 9 41
48 4 12 49
48 4 13 48
48 9 1 53
48 9 2 50
48 9 3 49
48 9 4 45
48 9 8 45
48 9 11 48
48 9 12 48
48 9 14 55
48 14 0 41
48 14 4 46
48 14 5 38
48 14 6 46
48 14 9 43
48 14 11 38
48 14 12 46
48 14 13 45
49 1 1 19
49 1 2 22
49 1 3 22
49 1 8 20
49 1 9 19
49 1 10 22
49 1 13 24
49 1 14 23
49 3 0 19
49 3 2 22
49 3 4 22
49 3 6 20
49 3 9 19
49 3 10 22
49 3 12 24
49 3 14 23
49 4 0 19
49 4 1 17
49 4 3 19
49 4 4 18
49 4 7 18
49 4 9 20
49 4 12 18
49 4 13 20
49 5 0 19
49 5 1 22
49 5 2 22
49 5 6 20
49 5 8 19
49 5 9 22
49 5 11 24
49 5 12 23
50 2 0 102
50 2 1 97
50 2 3 89
50 2 4 107
50 2 7 94
50 2 8 89
50 2 9 107
50 2 12 106
50 8 2 97
50 8 3 92
50 8 5 84
50 8 6 102
50 8 7 89
50 8 8 84
50 8 12 102
50 8 14 101
50 10 1 76
50 10 2 85
50 10 5 91
50 10 7 89
50 10 8 82
50 10 9 91
50 10 10 81
50 10 11 86
51 0 1 34
51 0 2 30
51 0 4 35
51 0 6 32
51 0 9 32
51 0 12 37
51 0 13 32
51 0 14 37
51 4 0 29
51 4 1 33
51 4 3 28
51 4 4 28
51 4 7 29
51 4 9 30
51 4 12 30
51 4 13 30
51 5 0 35
51 5 1 31
51 5 2 36
51 5 6 33
51 5 8 33
51 5 9 38
51 5 11 33
51 5 12 38
51 9 1 32
51 9 2 28
51 9 3 33
51 9 4 30
51 9 8 30
51 9 11 35
51 9 12 30
51 9 14 35
52 2 0 58
52 2 1 61
52 2 3 61
52 2 4 59
52 2 7 58
52 2 8 61
52 2 9 63
52 2 12 62
52 3 0 64
52 3 2 75
52 3 4 63
52 3 6 63
52 3 9 64
52 3 10 65
52 3 12 65
52 3 14 72
52 8 2 57
52 8 3 60
52 8 5 60
52 8 6 58
52 8 7 57
52 8 8 60
52 8 12 62
52 8 14 61
52 9 1 57
52 9 2 60
52 9 3 60
52 9 4 58
52 9 8 57
52 9 11 60
52 9 12 62
52 9 14 61
53 7 0 26
53 7 2 29
53 7 4 29
53 7 5 27
53 7 8 26
53 7 11 29
53 7 12 31
53 7 13 30
53 9 1 33
53 9 2 29
53 9 3 34
53 9 4 31
53 9 8 31
53 9 11 36
53 9 12 31
53 9 14 36
53 12 0 25
53 12 1 28
53 12 2 28
53 12 3 26
53 12 7 25
53 12 9 28
53 12 10 30
53 12 14 29
54 6 0 26
54 6 2 29
54 6 4 29
54 6 9 27
54 6 10 26
54 6 11 29
54 6 12 31
54 6 14 30
54 7 0 33
54 7 2 29
54 7 4 34
54 7 5 31
54 7 8 31
54 7 11 36
54 7 12 31
54 7 13 36
54 12 0 25
54 12 1 28
54 12 2 28
54 12 3 26
54 12 7 25
54 12 9 28
54 12 10 30
54 12 14 29
55 2 0 79
55 2 1 70
55 2 3 81
55 2 4 75
55 2 7 75
55 2 8 85
55 2 9 74
55 2 12 85
55 5 0 64
55 5 1 75
55 5 2 63
55 5 6 63
55 5 8 64
55 5 9 65
55 5 11 65
55 5 12 72
55 11 0 88
55 11 1 87
55 11 5 84
55 11 6 88
55 11 9 72
55 11 10 86
55 11 11 81
55 11 13 88
55 14 0 75
55 14 4 66
55 14 5 77
55 14 6 71
55 14 9 71
55 14 11 81
55 14 12 70
55 14 13 81
56 6 0 80
56 6 2 71
56 6 4 82
56 6 9 76
56 6 10 76
56 6 11 86
56 6 12 75
56 6 14 86
56 10 1 79
56 10 2 88
56 10 5 94
56 10 7 92
56 10 8 85
56 10 9 94
56 10 10 84
56 10 11 89
56 12 0 98
56 12 1 93
56 12 2 85
56 12 3 103
56 12 7 90
56 12 9 85
56 12 10 103
56 12 14 102
57 4 0 16
57 4 1 14
57 4 3 16
57 4 4 15
57 4 7 15
57 4 9 17
57 4 12 15
57 4 13 17
57 5 0 14
57 5 1 12
57 5 2 14
57 5 6 13
57 5 8 13
57 5 9 15
57 5 11 13
57 5 12 15
57 7 0 16
57 7 2 14
57 7 4 16
57 7 5 15
57 7 8 15
57 7 11 17
57 7 12 15
57 7 13 17
57 9 1 15
57 9 2 13
57 9 3 15
57 9 4 14
57 9 8 14
57 9 11 16
57 9 12 14
57 9 14 16
57 12 0 15
57 12 1 13
57 12 2 15
57 12 3 14
57 12 7 14
57 12 9 16
57 12 10 14
57 12 14 16
58 0 1 35
58 0 2 31
58 0 4 36
58 0 6 33
58 0 9 33
58 0 12 38
58 0 13 33
58 0 14 38
58 8 2 31
58 8 3 27
58 8 5 32
58 8 6 29
58 8 7 29
58 8 8 34
58 8 12 29
58 8 14 34
58 10 1 36
58 10 2 32
58 10 5 37
58 10 7 34
58 10 8 34
58 10 9 39
58 10 10 34
58 10 11 39
58 12 0 33
58 12 1 29
58 12 2 34
58 12 3 31
58 12 7 31
58 12 9 36
58 12 10 31
58 12 14 36
58 14 0 33
58 14 4 29
58 14 5 34
58 14 6 31
58 14 9 31
58 14 11 36
58 14 12 31
58 14 13 36
59 6 0 99
59 6 2 94
59 6 4 86
59 6 9 104
59 6 10 91
59 6 11 86
59 6 12 104
59 6 14 103
59 13 2 97
59 13 4 87
59 13 5 94
59 13 6 92
59 13 8 83
59 13 11 90
59 13 13 88
59 13 14 83
59 14 0 73
59 14 4 82
59 14 5 88
59 14 6 86
59 14 9 79
59 14 11 88
59 14 12 78
59 14 13 83
60 3 0 47
60 3 2 52
60 3 4 44
60 3 6 52
60 3 9 49
60 3 10 44
60 3 12 52
60 3 14 51
60 5 0 53
60 5 1 56
60 5 2 56
60 5 6 54
60 5 8 53
60 5 9 56
60 5 11 58
60 5 12 57
60 9 1 44
60 9 2 49
60 9 3 41
60 9 4 49
60 9 8 46
60 9 11 41
60 9 12 49
60 9 14 48
60 11 0 53
60 11 1 56
60 11 5 56
60 11 6 54
60 11 9 53
60 11 10 56
60 11 11 58
60 11 13 57
60 13 2 53
60 13 4 50
60 13 5 49
60 13 6 45
60 13 8 45
60 13 11 48
60 13 13 48
60 13 14 55
61 0 1 36
61 0 2 36
61 0 4 42
61 0 6 40
61 0 9 42
61 0 12 42
61 0 13 41
61 0 14 37
61 2 0 44
61 2 1 49
61 2 3 41
61 2 4 49
61 2 7 46
61 2 8 41
61 2 9 49
61 2 12 48
61 11 0 37
61 11 1 33
61 11 5 38
61 11 6 35
61 11 9 35
61 11 10 40
61 11 11 35
61 11 13 40
61 13 2 44
61 13 4 49
61 13 5 41
61 13 6 49
61 13 8 46
61 13 11 41
61 13 13 49
61 13 14 48
61 14 0 41
61 14 4 46
61 14 5 38
61 14 6 46
61 14 9 43
61 14 11 38
61 14 12 46
61 14 13 45
62 7 0 80
62 7 2 71
62 7 4 82
62 7 5 76
62 7 8 76
62 7 11 86
62 7 12 75
62 7 13 86
62 9 1 79
62 9 2 88
62 9 3 94
62 9 4 92
62 9 8 85
62 9 11 94
62 9 12 84
62 9 14 89
62 12 0 98
62 12 1 93
62 12 2 85
62 12 3 103
62 12 7 90
62 12 9 85
62 12 10 103
62 12 14 102
63 5 0 56
63 5 1 67
63 5 2 55
63 5 6 55
63 5 8 56
63 5 9 57
63 5 11 57
63 5 12 64
63 6 0 73
63 6 2 64
63 6 4 75
63 6 9 69
63 6 10 69
63 6 11 79
63 6 12 68
63 6 14 79
63 11 0 55
63 11 1 62
63 11 5 66
63 11 6 59
63 11 9 64
63 11 10 56
63 11 11 54
63 11 13 64
63 13 2 55
63 13 4 62
63 13 5 66
63 13 6 59
63 13 8 64
63 13 11 56
63 13 13 54
63 13 14 64
64 5 0 73
64 5 1 64
64 5 2 75
64 5 6 69
64 5 8 69
64 5 9 79
64 5 11 68
64 5 12 79
64 7 0 58
64 7 2 69
64 7 4 57
64 7 5 57
64 7 8 58
64 7 11 59
64 7 12 59
64 7 13 66
64 8 2 75
64 8 3 66
64 8 5 77
64 8 6 71
64 8 7 71
64 8 8 81
64 8 12 70
64 8 14 81
65 0 1 77
65 0 2 68
65 0 4 79
65 0 6 73
65 0 9 73
65 0 12 83
65 0 13 72
65 0 14 83
65 4 0 62
65 4 1 73
65 4 3 61
65 4 4 61
65 4 7 62
65 4 9 63
65 4 12 63
65 4 13 70
65 5 0 79
65 5 1 70
65 5 2 81
65 5 6 75
65 5 8 75
65 5 9 85
65 5 11 74
65 5 12 85
65 8 2 73
65 8 3 64
65 8 5 75
65 8 6 69
65 8 7 69
65 8 8 79
65 8 12 68
65 8 14 79
65 14 0 73
65 14 4 64
65 14 5 75
65 14 6 69
65 14 9 69
65 14 11 79
65 14 12 68
65 14 13 79
66 0 1 15
66 0 2 13
66 0 4 15
66 0 6 14
66 0 9 14
66 0 12 16
66 0 13 14
66 0 14 16
66 9 1 13
66 9 2 11
66 9 3 13
66 9 4 12
66 9 8 12
66 9 11 14
66 9 12 12
66 9 14 14
66 12 0 15
66 12 1 13
66 12 2 15
66 12 3 14
66 12 7 14
66 12 9 16
66 12 10 14
66 12 14 16
67 4 0 9
67 4 1 8
67 4 3 9
67 4 4 8
67 4 7 8
67 4 9 9
67 4 12 8
67 4 13 9
67 5 0 9
67 5 1 8
67 5 2 9
67 5 6 8
67 5 8 8
67 5 9 9
67 5 11 8
67 5 12 9
67 7 0 9
67 7 2 8
67 7 4 9
67 7 5 8
67 7 8 8
67 7 11 9
67 7 12 8
67 7 13 9
67 8 2 9
67 8 3 9
67 8 5 9
67 8 6 10
67 8 7 9
67 8 8 9
67 8 12 11
67 8 14 10
67 9 1 9
67 9 2 8
67 9 3 9
67 9 4 8
67 9 8 8
67 9 11 9
67 9 12 8
67 9 14 9
68 1 1 33
68 1 2 29
68 1 3 34
68 1 8 31
68 1 9 31
68 1 10 36
68 1 13 31
68 1 14 36
68 3 0 26
68 3 2 29
68 3 4 29
68 3 6 27
68 3 9 26
68 3 10 29
68 3 12 31
68 3 14 30
68 9 1 34
68 9 2 30
68 9 3 35
68 9 4 32
68 9 8 32
68 9 11 37
68 9 12 32
68 9 14 37
68 12 0 31
68 12 1 27
68 12 2 32
68 12 3 29
68 12 7 29
68 12 9 34
68 12 10 29
68 12 14 34
68 13 2 31
68 13 4 27
68 13 5 32
68 13 6 29
68 13 8 29
68 13 11 34
68 13 13 29
68 13 14 34
69 6 0 76
69 6 2 67
69 6 4 78
69 6 9 72
69 6 10 72
69 6 11 82
69 6 12 71
69 6 14 82
69 7 0 61
69 7 2 72
69 7 4 60
69 7 5 60
69 7 8 61
69 7 11 62
69 7 12 62
69 7 13 69
69 10 1 78
69 10 2 69
69 10 5 80
69 10 7 74
69 10 8 74
69 10 9 84
69 10 10 73
69 10 11 84
69 13 2 72
69 13 4 63
69 13 5 74
69 13 6 68
69 13 8 68
69 13 11 78
69 13 13 67
69 13 14 78
70 2 0 21
70 2 1 24
70 2 3 24
70 2 4 22
70 2 7 21
70 2 8 24
70 2 9 26
70 2 12 25
70 5 0 24
70 5 1 27
70 5 2 27
70 5 6 25
70 5 8 24
70 5 9 27
70 5 11 29
70 5 12 28
70 7 0 24
70 7 2 27
70 7 4 27
70 7 5 25
70 7 8 24
70 7 11 27
70 7 12 29
70 7 13 28
70 8 2 22
70 8 3 25
70 8 5 25
70 8 6 23
70 8 7 22
70 8 8 25
70 8 12 27
70 8 14 26
70 9 1 21
70 9 2 24
70 9 3 24
70 9 4 22
70 9 8 21
70 9 11 24
70 9 12 26
70 9 14 25
71 5 0 37
71 5 1 33
71 5 2 38
71 5 6 35
71 5 8 35
71 5 9 40
71 5 11 35
71 5 12 40
71 6 0 33
71 6 2 29
71 6 4 34
71 6 9 31
71 6 10 31
71 6 11 36
71 6 12 31
71 6 14 36
71 12 0 38
71 12 1 34
71 12 2 39
71 12 3 36
71 12 7 36
71 12 9 41
71 12 10 36
71 12 14 41
72 7 0 35
72 7 2 31
72 7 4 36
72 7 5 33
72 7 8 33
72 7 11 38
72 7 12 33
72 7 13 38
72 8 2 31
72 8 3 27
72 8 5 32
72 8 6 29
72 8 7 29
72 8 8 34
72 8 12 29
72 8 14 34
72 12 0 36
72 12 1 32
72 12 2 37
72 12 3 34
72 12 7 34
72 12 9 39
72 12 10 34
72 12 14 39
73 8 2 77
73 8 3 68
73 8 5 79
73 8 6 73
73 8 7 73
73 8 8 83
73 8 12 72
73 8 14 83
73 10 1 62
73 10 2 73
73 10 5 61
73 10 7 61
73 10 8 62
73 10 9 63
73 10 10 63
73 10 11 70
73 11 0 79
73 11 1 70
73 11 5 81
73 11 6 75
73 11 9 75
73 11 10 85
73 11 11 74
73 11 13 85
74 0 1 99
74 0 2 94
74 0 4 86
74 0 6 104
74 0 9 91
74 0 12 86
74 0 13 104
74 0 14 103
74 4 0 97
74 4 1 87
74 4 3 94
74 4 4 92
74 4 7 83
74 4 9 90
74 4 12 88
74 4 13 83
74 6 0 73
74 6 2 82
74 6 4 88
74 6 9 86
74 6 10 79
74 6 11 88
74 6 12 78
74 6 14 83
75 0 1 51
75 0 2 54
75 0 4 54
75 0 6 52
75 0 9 51
75 0 12 54
75 0 13 56
75 0 14 55
75 1 1 54
75 1 2 57
75 1 3 57
75 1 8 55
75 1 9 54
75 1 10 57
75 1 13 59
75 1 14 58
75 13 2 54
75 13 4 57
75 13 5 57
75 13 6 55
75 13 8 54
75 13 11 57
75 13 13 59
75 13 14 58
76 4 0 34
76 4 1 30
76 4 3 35
76 4 4 32
76 4 7 32
76 4 9 37
76 4 12 32
76 4 13 37
76 8 2 29
76 8 3 33
76 8 5 28
76 8 6 28
76 8 7 29
76 8 8 30
76 8 12 30
76 8 14 30
76 11 0 35
76 11 1 31
76 11 5 36
76 11 6 33
76 11 9 33
76 11 10 38
76 11 11 33
76 11 13 38
76 13 2 32
76 13 4 28
76 13 5 33
76 13 6 30
76 13 8 30
76 13 11 35
76 13 13 30
76 13 14 35
77 1 1 77
77 1 2 68
77 1 3 79
77 1 8 73
77 1 9 73
77 1 10 83
77 1 13 72
77 1 14 83
77 7 0 76
77 7 2 85
77 7 4 91
77 7 5 89
77 7 8 82
77 7 11 91
77 7 12 81
77 7 13 86
77 10 1 95
77 10 2 90
77 10 5 82
77 10 7 100
77 10 8 87
77 10 9 82
77 10 10 100
77 10 11 99
77 11 0 80
77 11 1 89
77 11 5 95
77 11 6 93
77 11 9 86
77 11 10 95
77 11 11 85
77 11 13 90
78 1 1 45
78 1 2 50
78 1 3 42
78 1 8 50
78 1 9 47
78 1 10 42
78 1 13 50
78 1 14 49
78 2 0 51
78 2 1 54
78 2 3 54
78 2 4 52
78 2 7 51
78 2 8 54
78 2 9 56
78 2 12 55
78 5 0 42
78 5 1 47
78 5 2 39
78 5 6 47
78 5 8 44
78 5 9 39
78 5 11 47
78 5 12 46
78 12 0 51
78 12 1 54
78 12 2 54
78 12 3 52
78 12 7 51
78 12 9 54
78 12 10 56
78 12 14 55
78 14 0 47
78 14 4 52
78 14 5 44
78 14 6 52
78 14 9 49
78 14 11 44
78 14 12 52
78 14 13 51
79 8 2 51
79 8 3 54
79 8 5 54
79 8 6 52
79 8 7 51
79 8 8 54
79 8 12 56
79 8 14 55
79 9 1 54
79 9 2 57
79 9 3 57
79 9 4 55
79 9 8 54
79 9 11 57
79 9 12 59
79 9 14 58
79 10 1 54
79 10 2 57
79 10 5 57
79 10 7 55
79 10 8 54
79 10 9 57
79 10 10 59
79 10 11 58
79 11 0 52
79 11 1 55
79 11 5 55
79 11 6 53
79 11 9 52
79 11 10 55
79 11 11 57
79 11 13 56
80 0 1 32
80 0 2 28
80 0 4 33
80 0 6 30
80 0 9 30
80 0 12 35
80 0 13 30
80 0 14 35
80 6 0 25
80 6 2 28
80 6 4 28
80 6 9 26
80 6 10 25
80 6 11 28
80 6 12 30
80 6 14 29
80 14 0 33
80 14 4 29
80 14 5 34
80 14 6 31
80 14 9 31
80 14 11 36
80 14 12 31
80 14 13 36
81 2 0 36
81 2 1 36
81 2 3 42
81 2 4 40
81 2 7 42
81 2 8 42
81 2 9 41
81 2 12 37
81 8 2 44
81 8 3 49
81 8 5 41
81 8 6 49
81 8 7 46
81 8 8 41
81 8 12 49
81 8 14 48
81 11 0 37
81 11 1 33
81 11 5 38
81 11 6 35
81 11 9 35
81 11 10 40
81 11 11 35
81 11 13 40
82 5 0 38
82 5 1 34
82 5 2 39
82 5 6 36
82 5 8 36
82 5 9 41
82 5 11 36
82 5 12 41
82 6 0 34
82 6 2 30
82 6 4 35
82 6 9 32
82 6 10 32
82 6 11 37
82 6 12 32
82 6 14 37
82 11 0 39
82 11 1 35
82 11 5 40
82 11 6 37
82 11 9 37
82 11 10 42
82 11 11 37
82 11 13 42
82 12 0 36
82 12 1 32
82 12 2 37
82 12 3 34
82 12 7 34
82 12 9 39
82 12 10 34
82 12 14 39
83 0 1 17
83 0 2 15
83 0 4 17
83 0 6 16
83 0 9 16
83 0 12 18
83 0 13 16
83 0 14 18
83 10 1 15
83 10 2 13
83 10 5 15
83 10 7 14
83 10 8 14
83 10 9 16
83 10 10 14
83 10 11 16
83 12 0 17
83 12 1 15
83 12 2 17
83 12 3 16
83 12 7 16
83 12 9 18
83 12 10 16
83 12 14 18
83 13 2 16
83 13 4 14
83 13 5 16
83 13 6 15
83 13 8 15
83 13 11 17
83 13 13 15
83 13 14 17
83 14 0 16
83 14 4 14
83 14 5 16
83 14 6 15
83 14 9 15
83 14 11 17
83 14 12 15
83 14 13 17
84 0 1 52
84 0 2 55
84 0 4 55
84 0 6 53
84 0 9 52
84 0 12 55
84 0 13 57
84 0 14 56
84 2 0 55
84 2 1 58
84 2 3 58
84 2 4 56
84 2 7 55
84 2 8 58
84 2 9 60
84 2 12 59
84 4 0 55
84 4 1 58
84 4 3 58
84 4 4 56
84 4 7 55
84 4 9 58
84 4 12 60
84 4 13 59
84 11 0 53
84 11 1 56
84 11 5 56
84 11 6 54
84 11 9 53
84 11 10 56
84 11 11 58
84 11 13 57
84 13 2 52
84 13 4 55
84 13 5 55
84 13 6 53
84 13 8 52
84 13 11 55
84 13 13 57
84 13 14 56
85 1 1 36
85 1 2 36
85 1 3 42
85 1 8 40
85 1 9 42
85 1 10 42
85 1 13 41
85 1 14 37
85 6 0 44
85 6 2 49
85 6 4 41
85 6 9 49
85 6 10 46
85 6 11 41
85 6 12 49
85 6 14 48
85 8 2 37
85 8 3 33
85 8 5 38
85 8 6 35
85 8 7 35
85 8 8 40
85 8 12 35
85 8 14 40
85 9 1 44
85 9 2 49
85 9 3 41
85 9 4 49
85 9 8 46
85 9 11 41
85 9 12 49
85 9 14 48
85 14 0 41
85 14 4 46
85 14 5 38
85 14 6 46
85 14 9 43
85 14 11 38
85 14 12 46
85 14 13 45
86 1 1 99
86 1 2 94
86 1 3 86
86 1 8 104
86 1 9 91
86 1 10 86
86 1 13 104
86 1 14 103
86 7 0 97
86 7 2 87
86 7 4 94
86 7 5 92
86 7 8 83
86 7 11 90
86 7 12 88
86 7 13 83
86 11 0 73
86 11 1 82
86 11 5 88
86 11 6 86
86 11 9 79
86 11 10 88
86 11 11 78
86 11 13 83
86 13 2 99
86 13 4 96
86 13 5 105
86 13 6 91
86 13 8 99
86 13 11 93
86 13 13 107
86 13 14 100
86 14 0 78
86 14 4 87
86 14 5 93
86 14 6 91
86 14 9 84
86 14 11 93
86 14 12 83
86 14 13 88
87 3 0 52
87 3 2 55
87 3 4 55
87 3 6 53
87 3 9 52
87 3 10 55
87 3 12 57
87 3 14 56
87 6 0 55
87 6 2 58
87 6 4 58
87 6 9 56
87 6 10 55
87 6 11 58
87 6 12 60
87 6 14 59
87 11 0 55
87 11 1 58
87 11 5 58
87 11 6 56
87 11 9 55
87 11 10 58
87 11 11 60
87 11 13 59
88 6 0 19
88 6 2 17
88 6 4 19
88 6 9 18
88 6 10 18
88 6 11 20
88 6 12 18
88 6 14 20
88 12 0 19
88 12 1 22
88 12 2 22
88 12 3 20
88 12 7 19
88 12 9 22
88 12 10 24
88 12 14 23
88 14 0 19
88 14 4 22
88 14 5 22
88 14 6 20
88 14 9 19
88 14 11 22
88 14 12 24
88 14 13 23
89 9 1 22
89 9 2 22
89 9 3 19
89 9 4 22
89 9 8 19
89 9 11 19
89 9 12 22
89 9 14 21
89 10 1 20
89 10 2 23
89 10 5 23
89 10 7 21
89 10 8 20
89 10 9 23
89 10 10 25
89 10 11 24
89 12 0 20
89 12 1 23
89 12 2 23
89 12 3 21
89 12 7 20
89 12 9 23
89 12 10 25
89 12 14 24
90 0 1 100
90 0 2 95
90 0 4 87
90 0 6 105
90 0 9 92
90 0 12 87
90 0 13 105
90 0 14 104
90 1 1 95
90 1 2 90
90 1 3 82
90 1 8 100
90 1 9 87
90 1 10 82
90 1 13 100
90 1 14 99
90 13 2 74
90 13 4 83
90 13 5 89
90 13 6 87
90 13 8 80
90 13 11 89
90 13 13 79
90 13 14 84
91 3 0 42
91 3 2 47
91 3 4 39
91 3 6 47
91 3 9 44
91 3 10 39
91 3 12 47
91 3 14 46
91 5 0 47
91 5 1 52
91 5 2 44
91 5 6 52
91 5 8 49
91 5 9 44
91 5 11 52
91 5 12 51
91 8 2 36
91 8 3 36
91 8 5 42
91 8 6 40
91 8 7 42
91 8 8 42
91 8 12 41
91 8 14 37
91 12 0 47
91 12 1 52
91 12 2 44
91 12 3 52
91 12 7 49
91 12 9 44
91 12 10 52
91 12 14 51
91 13 2 44
91 13 4 49
91 13 5 41
91 13 6 49
91 13 8 46
91 13 11 41
91 13 13 49
91 13 14 48
92 9 1 102
92 9 2 97
92 9 3 89
92 9 4 107
92 9 8 94
92 9 11 89
92 9 12 107
92 9 14 106
92 11 0 97
92 11 1 92
92 11 5 84
92 11 6 102
92 11 9 89
92 11 10 84
92 11 11 102
92 11 13 101
92 13 2 76
92 13 4 85
92 13 5 91
92 13 6 89
92 13 8 82
92 13 11 91
92 13 13 81
92 13 14 86
93 1 1 101
93 1 2 96
93 1 3 88
93 1 8 106
93 1 9 93
93 1 10 88
93 1 13 106
93 1 14 105
93 2 0 96
93 2 1 91
93 2 3 83
93 2 4 101
93 2 7 88
93 2 8 83
93 2 9 101
93 2 12 100
93 3 0 75
93 3 2 84
93 3 4 90
93 3 6 88
93 3 9 81
93 3 10 90
93 3 12 80
93 3 14 85
93 6 0 99
93 6 2 96
93 6 4 106
93 6 9 102
93 6 10 91
93 6 11 94
93 6 12 94
93 6 14 101
93 9 1 80
93 9 2 89
93 9 3 95
93 9 4 93
93 9 8 86
93 9 11 95
93 9 12 85
93 9 14 90
94 1 1 46
94 1 2 51
94 1 3 43
94 1 8 51
94 1 9 48
94 1 10 43
94 1 13 51
94 1 14 50
94 3 0 52
94 3 2 55
94 3 4 55
94 3 6 53
94 3 9 52
94 3 10 55
94 3 12 57
94 3 14 56
94 11 0 43
94 11 1 48
94 11 5 40
94 11 6 48
94 11 9 45
94 11 10 40
94 11 11 48
94 11 13 47
94 12 0 52
94 12 1 55
94 12 2 55
94 12 3 53
94 12 7 52
94 12 9 55
94 12 10 57
94 12 14 56
95 0 1 14
95 0 2 12
95 0 4 14
95 0 6 13
95 0 9 13
95 0 12 15
95 0 13 13
95 0 14 15
95 1 1 12
95 1 2 10
95 1 3 12
95 1 8 11
95 1 9 11
95 1 10 13
95 1 13 11
95 1 14 13
95 7 0 14
95 7 2 12
95 7 4 14
95 7 5 13
95 7 8 13
95 7 11 15
95 7 12 13
95 7 13 15
95 8 2 13
95 8 3 11
95 8 5 13
95 8 6 12
95 8 7 12
95 8 8 14
95 8 12 12
95 8 14 14
96 0 1 38
96 0 2 34
96 0 4 39
96 0 6 36
96 0 9 36
96 0 12 41
96 0 13 36
96 0 14 41
96 1 1 34
96 1 2 30
96 1 3 35
96 1 8 32
96 1 9 32
96 1 10 37
96 1 13 32
96 1 14 37
96 3 0 39
96 3 2 35
96 3 4 40
96 3 6 37
96 3 9 37
96 3 10 42
96 3 12 37
96 3 14 42
96 6 0 36
96 6 2 32
96 6 4 37
96 6 9 34
96 6 10 34
96 6 11 39
96 6 12 34
96 6 14 39
96 8 2 36
96 8 3 32
96 8 5 37
96 8 6 34
96 8 7 34
96 8 8 39
96 8 12 34
96 8 14 39
97 0 1 55
97 0 2 58
97 0 4 58
97 0 6 56
97 0 9 55
97 0 12 58
97 0 13 60
97 0 14 59
97 4 0 58
97 4 1 61
97 4 3 61
97 4 4 59
97 4 7 58
97 4 9 61
97 4 12 63
97 4 13 62
97 5 0 58
97 5 1 61
97 5 2 61
97 5 6 59
97 5 8 58
97 5 9 61
97 5 11 63
97 5 12 62
97 10 1 56
97 10 2 59
97 10 5 59
97 10 7 57
97 10 8 56
97 10 9 59
97 10 10 61
97 10 11 60
97 11 0 55
97 11 1 58
97 11 5 58
97 11 6 56
97 11 9 55
97 11 10 58
97 11 11 60
97 11 13 59
98 0 1 76
98 0 2 67
98 0 4 78
98 0 6 72
98 0 9 72
98 0 12 82
98 0 13 71
98 0 14 82
98 2 0 75
98 2 1 84
98 2 3 90
98 2 4 88
98 2 7 81
98 2 8 90
98 2 9 80
98 2 12 85
98 7 0 97
98 7 2 87
98 7 4 94
98 7 5 92
98 7 8 83
98 7 11 90
98 7 12 88
98 7 13 83
98 8 2 79
98 8 3 88
98 8 5 94
98 8 6 92
98 8 7 85
98 8 8 94
98 8 12 84
98 8 14 89
99 5 0 98
99 5 1 95
99 5 2 105
99 5 6 101
99 5 8 90
99 5 9 93
99 5 11 93
99 5 12 100
99 6 0 100
99 6 2 95
99 6 4 87
99 6 9 105
99 6 10 92
99 6 11 87
99 6 12 105
99 6 14 104
99 7 0 79
99 7 2 88
99 7 4 94
99 7 5 92
99 7 8 85
99 7 11 94
99 7 12 84
99 7 13 89
99 9 1 103
99 9 2 100
99 9 3 110
99 9 4 106
99 9 8 95
99 9 11 98
99 9 12 98
99 9 14 105
99 14 0 97
99 14 4 92
99 14 5 84
99 14 6 102
99 14 9 89
99 14 11 84
99 14 12 102
99 14 13 101
100 0 1 32
100 0 2 28
100 0 4 33
100 0 6 30
100 0 9 30
100 0 12 35
100 0 13 30
100 0 14 35
100 1 1 25
100 1 2 28
100 1 3 28
100 1 8 26
100 1 9 25
100 1 10 28
100 1 13 30
100 1 14 29
100 2 0 33
100 2 1 29
100 2 3 34
100 2 4 31
100 2 7 31
100 2 8 36
100 2 9 31
100 2 12 36
101 7 0 59
101 7 2 62
101 7 4 62
101 7 5 60
101 7 8 59
101 7 11 62
101 7 12 64
101 7 13 63
101 8 2 72
101 8 3 72
101 8 5 69
101 8 6 67
101 8 7 69
101 8 8 69
101 8 12 77
101 8 14 76
101 10 1 58
101 10 2 61
101 10 5 61
101 10 7 59
101 10 8 58
101 10 9 61
101 10 10 63
101 10 11 62
101 12 0 58
101 12 1 61
101 12 2 61
101 12 3 59
101 12 7 58
101 12 9 61
101 12 10 63
101 12 14 62
101 14 0 59
101 14 4 62
101 14 5 62
101 14 6 60
101 14 9 59
101 14 11 62
101 14 12 64
101 14 13 63
102 3 0 40
102 3 2 45
102 3 4 37
102 3 6 45
102 3 9 42
102 3 10 37
102 3 12 45
102 3 14 44
102 4 0 45
102 4 1 50
102 4 3 42
102 4 4 50
102 4 7 47
102 4 9 42
102 4 12 50
102 4 13 49
102 5 0 38
102 5 1 34
102 5 2 39
102 5 6 36
102 5 8 36
102 5 9 41
102 5 11 36
102 5 12 41
102 8 2 45
102 8 3 50
102 8 5 42
102 8 6 50
102 8 7 47
102 8 8 42
102 8 12 50
102 8 14 49
102 12 0 42
102 12 1 47
102 12 2 39
102 12 3 47
102 12 7 44
102 12 9 39
102 12 10 47
102 12 14 46
103 4 0 19
103 4 1 22
103 4 3 22
103 4 4 20
103 4 7 19
103 4 9 22
103 4 12 24
103 4 13 23
103 6 0 22
103 6 2 25
103 6 4 25
103 6 9 23
103 6 10 22
103 6 11 25
103 6 12 27
103 6 14 26
103 13 2 22
103 13 4 25
103 13 5 25
103 13 6 23
103 13 8 22
103 13 11 25
103 13 13 27
103 13 14 26
104 0 1 99
104 0 2 96
104 0 4 106
104 0 6 102
104 0 9 91
104 0 12 94
104 0 13 94
104 0 14 101
104 1 1 101
104 1 2 96
104 1 3 88
104 1 8 106
104 1 9 93
104 1 10 88
104 1 13 106
104 1 14 105
104 6 0 80
104 6 2 89
104 6 4 95
104 6 9 93
104 6 10 86
104 6 11 95
104 6 12 85
104 6 14 90
104 8 2 104
104 8 3 101
104 8 5 111
104 8 6 107
104 8 7 96
104 8 8 99
104 8 12 99
104 8 14 106
104 10 1 98
104 10 2 93
104 10 5 85
104 10 7 103
104 10 8 90
104 10 9 85
104 10 10 103
104 10 11 102
105 3 0 51
105 3 2 54
105 3 4 54
105 3 6 52
105 3 9 51
105 3 10 54
105 3 12 56
105 3 14 55
105 5 0 54
105 5 1 57
105 5 2 57
105 5 6 55
105 5 8 54
105 5 9 57
105 5 11 59
105 5 12 58
105 9 1 54
105 9 2 57
105 9 3 57
105 9 4 55
105 9 8 54
105 9 11 57
105 9 12 59
105 9 14 58
105 13 2 52
105 13 4 55
105 13 5 55
105 13 6 53
105 13 8 52
105 13 11 55
105 13 13 57
105 13 14 56
106 6 0 58
106 6 2 61
106 6 4 61
106 6 9 59
106 6 10 58
106 6 11 61
106 6 12 63
106 6 14 62
106 8 2 56
106 8 3 67
106 8 5 55
106 8 6 55
106 8 7 56
106 8 8 57
106 8 12 57
106 8 14 64
106 11 0 56
106 11 1 67
106 11 5 55
106 11 6 55
106 11 9 56
106 11 10 57
106 11 11 57
106 11 13 64
107 0 1 79
107 0 2 70
107 0 4 81
107 0 6 75
107 0 9 75
107 0 12 85
107 0 13 74
107 0 14 85
107 6 0 78
107 6 2 87
107 6 4 93
107 6 9 91
107 6 10 84
107 6 11 93
107 6 12 83
107 6 14 88
107 8 2 97
107 8 3 92
107 8 5 84
107 8 6 102
107 8 7 89
107 8 8 84
107 8 12 102
107 8 14 101
107 9 1 95
107 9 2 90
107 9 3 82
107 9 4 100
107 9 8 87
107 9 11 82
107 9 12 100
107 9 14 99
107 14 0 75
107 14 4 84
107 14 5 90
107 14 6 88
107 14 9 81
107 14 11 90
107 14 12 80
107 14 13 85
108 1 1 13
108 1 2 11
108 1 3 13
108 1 8 12
108 1 9 12
108 1 10 14
108 1 13 12
108 1 14 14
108 5 0 11
108 5 1 9
108 5 2 11
108 5 6 10
108 5 8 10
108 5 9 12
108 5 11 10
108 5 12 12
108 8 2 13
108 8 3 11
108 8 5 13
108 8 6 12
108 8 7 12
108 8 8 14
108 8 12 12
108 8 14 14
108 13 2 12
108 13 4 10
108 13 5 12
108 13 6 11
108 13 8 11
108 13 11 13
108 13 13 11
108 13 14 13
109 5 0 58
109 5 1 61
109 5 2 61
109 5 6 59
109 5 8 58
109 5 9 61
109 5 11 63
109 5 12 62
109 7 0 64
109 7 2 75
109 7 4 63
109 7 5 63
109 7 8 64
109 7 11 65
109 7 12 65
109 7 13 72
109 8 2 57
109 8 3 60
109 8 5 60
109 8 6 58
109 8 7 57
109 8 8 60
109 8 12 62
109 8 14 61
109 14 0 57
109 14 4 60
109 14 5 60
109 14 6 58
109 14 9 57
109 14 11 60
109 14 12 62
109 14 13 61
110 1 1 53
110 1 2 56
110 1 3 56
110 1 8 54
110 1 9 53
110 1 10 56
110 1 13 58
110 1 14 57
110 11 0 56
110 11 1 59
110 11 5 59
110 11 6 57
110 11 9 56
110 11 10 59
110 11 11 61
110 11 13 60
110 14 0 56
110 14 4 59
110 14 5 59
110 14 6 57
110 14 9 56
110 14 11 59
110 14 12 61
110 14 13 60
111 0 1 18
111 0 2 16
111 0 4 18
111 0 6 17
111 0 9 17
111 0 12 19
111 0 13 17
111 0 14 19
111 3 0 16
111 3 2 14
111 3 4 16
111 3 6 15
111 3 9 15
111 3 10 17
111 3 12 15
111 3 14 17
111 4 0 18
111 4 1 16
111 4 3 18
111 4 4 17
111 4 7 17
111 4 9 19
111 4 12 17
111 4 13 19
111 7 0 17
111 7 2 15
111 7 4 17
111 7 5 16
111 7 8 16
111 7 11 18
111 7 12 16
111 7 13 18
111 10 1 17
111 10 2 15
111 10 5 17
111 10 7 16
111 10 8 16
111 10 9 18
111 10 10 16
111 10 11 18
112 1 1 78
112 1 2 69
112 1 3 80
112 1 8 74
112 1 9 74
112 1 10 84
112 1 13 73
112 1 14 84
112 2 0 77
112 2 1 86
112 2 3 92
112 2 4 90
112 2 7 83
112 2 8 92
112 2 9 82
112 2 12 87
112 3 0 96
112 3 2 91
112 3 4 83
112 3 6 101
112 3 9 88
112 3 10 83
112 3 12 101
112 3 14 100
112 4 0 97
112 4 1 87
112 4 3 94
112 4 4 92
112 4 7 83
112 4 9 90
112 4 12 88
112 4 13 83
112 5 0 74
112 5 1 83
112 5 2 89
112 5 6 87
112 5 8 80
112 5 9 89
112 5 11 79
112 5 12 84
113 0 1 103
113 0 2 98
113 0 4 90
113 0 6 108
113 0 9 95
113 0 12 90
113 0 13 108
113 0 14 107
113 2 0 100
113 2 1 95
113 2 3 87
113 2 4 105
113 2 7 92
113 2 8 87
113 2 9 105
113 2 12 104
113 7 0 102
113 7 2 99
113 7 4 109
113 7 5 105
113 7 8 94
113 7 11 97
113 7 12 97
113 7 13 104
113 9 1 95
113 9 2 90
113 9 3 82
113 9 4 100
113 9 8 87
113 9 11 82
113 9 12 100
113 9 14 99
114 4 0 22
114 4 1 25
114 4 3 25
114 4 4 23
114 4 7 22
114 4 9 25
114 4 12 27
114 4 13 26
114 5 0 25
114 5 1 28
114 5 2 28
114 5 6 26
114 5 8 25
114 5 9 28
114 5 11 30
114 5 12 29
114 12 0 25
114 12 1 28
114 12 2 28
114 12 3 26
114 12 7 25
114 12 9 28
114 12 10 30
114 12 14 29
114 13 2 23
114 13 4 26
114 13 5 26
114 13 6 24
114 13 8 23
114 13 11 26
114 13 13 28
114 13 14 27
114 14 0 22
114 14 4 25
114 14 5 25
114 14 6 23
114 14 9 22
114 14 11 25
114 14 12 27
114 14 13 26
115 1 1 32
115 1 2 28
115 1 3 33
115 1 8 30
115 1 9 30
115 1 10 35
115 1 13 30
115 1 14 35
115 8 2 25
115 8 3 28
115 8 5 28
115 8 6 26
115 8 7 25
115 8 8 28
115 8 12 30
115 8 14 29
115 11 0 33
115 11 1 29
115 11 5 34
115 11 6 31
115 11 9 31
115 11 10 36
115 11 11 31
115 11 13 36
115 13 2 29
115 13 4 33
115 13 5 28
115 13 6 28
115 13 8 29
115 13 11 30
115 13 13 30
115 13 14 30
116 0 1 77
116 0 2 68
116 0 4 79
116 0 6 73
116 0 9 73
116 0 12 83
116 0 13 72
116 0 14 83
116 2 0 62
116 2 1 73
116 2 3 61
116 2 4 61
116 2 7 62
116 2 8 63
116 2 9 63
116 2 12 70
116 4 0 79
116 4 1 70
116 4 3 81
116 4 4 75
116 4 7 75
116 4 9 85
116 4 12 74
116 4 13 85
116 5 0 73
116 5 1 64
116 5 2 75
116 5 6 69
116 5 8 69
116 5 9 79
116 5 11 68
116 5 12 79
116 7 0 73
116 7 2 64
116 7 4 75
116 7 5 69
116 7 8 69
116 7 11 79
116 7 12 68
116 7 13 79
117 5 0 58
117 5 1 61
117 5 2 61
117 5 6 59
117 5 8 58
117 5 9 61
117 5 11 63
117 5 12 62
117 8 2 64
117 8 3 75
117 8 5 63
117 8 6 63
117 8 7 64
117 8 8 65
117 8 12 65
117 8 14 72
117 9 1 57
117 9 2 60
117 9 3 60
117 9 4 58
117 9 8 57
117 9 11 60
117 9 12 62
117 9 14 61
117 10 1 57
117 10 2 60
117 10 5 60
117 10 7 58
117 10 8 57
117 10 9 60
117 10 10 62
117 10 11 61
117 12 0 58
117 12 1 61
117 12 2 61
117 12 3 59
117 12 7 58
117 12 9 61
117 12 10 63
117 12 14 62
118 2 0 55
118 2 1 58
118 2 3 58
118 2 4 56
118 2 7 55
118 2 8 58
118 2 9 60
118 2 12 59
118 4 0 57
118 4 1 68
118 4 3 56
118 4 4 56
118 4 7 57
118 4 9 58
118 4 12 58
118 4 13 65
118 6 0 61
118 6 2 72
118 6 4 60
118 6 9 60
118 6 10 61
118 6 11 62
118 6 12 62
118 6 14 69
118 8 2 59
118 8 3 62
118 8 5 62
118 8 6 60
118 8 7 59
118 8 8 62
118 8 12 64
118 8 14 63
119 0 1 35
119 0 2 31
119 0 4 36
119 0 6 33
119 0 9 33
119 0 12 38
119 0 13 33
119 0 14 38
119 4 0 31
119 4 1 27
119 4 3 32
119 4 4 29
119 4 7 29
119 4 9 34
119 4 12 29
119 4 13 34
119 5 0 36
119 5 1 32
119 5 2 37
119 5 6 34
119 5 8 34
119 5 9 39
119 5 11 34
119 5 12 39
119 7 0 33
119 7 2 29
119 7 4 34
119 7 5 31
119 7 8 31
119 7 11 36
119 7 12 31
119 7 13 36
120 1 1 22
120 1 2 25
120 1 3 25
120 1 8 23
120 1 9 22
120 1 10 25
120 1 13 27
120 1 14 26
120 3 0 25
120 3 2 28
120 3 4 28
120 3 6 26
120 3 9 25
120 3 10 28
120 3 12 30
120 3 14 29
120 12 0 25
120 12 1 28
120 12 2 28
120 12 3 26
120 12 7 25
120 12 9 28
120 12 10 30
120 12 14 29
121 3 0 75
121 3 2 66
121 3 4 77
121 3 6 71
121 3 9 71
121 3 10 81
121 3 12 70
121 3 14 81
121 5 0 60
121 5 1 71
121 5 2 59
121 5 6 59
121 5 8 60
121 5 9 61
121 5 11 61
121 5 12 68
121 11 0 77
121 11 1 68
121 11 5 79
121 11 6 73
121 11 9 73
121 11 10 83
121 11 11 72
121 11 13 83
121 14 0 72
121 14 4 72
121 14 5 69
121 14 6 67
121 14 9 69
121 14 11 69
121 14 12 77
121 14 13 76
122 0 1 58
122 0 2 69
122 0 4 57
122 0 6 57
122 0 9 58
122 0 12 59
122 0 13 59
122 0 14 66
122 6 0 75
122 6 2 66
122 6 4 77
122 6 9 71
122 6 10 71
122 6 11 81
122 6 12 70
122 6 14 81
122 8 2 57
122 8 3 68
122 8 5 56
122 8 6 56
122 8 7 57
122 8 8 58
122 8 12 58
122 8 14 65
122 10 1 57
122 10 2 68
122 10 5 56
122 10 7 56
122 10 8 57
122 10 9 58
122 10 10 58
122 10 11 65
122 11 0 58
122 11 1 69
122 11 5 57
122 11 6 57
122 11 9 58
122 11 10 59
122 11 11 59
122 11 13 66
123 0 1 77
123 0 2 68
123 0 4 79
123 0 6 73
123 0 9 73
123 0 12 83
123 0 13 72
123 0 14 83
123 2 0 62
123 2 1 73
123 2 3 61
123 2 4 61
123 2 7 62
123 2 8 63
123 2 9 63
123 2 12 70
123 8 2 79
123 8 3 70
123 8 5 81
123 8 6 75
123 8 7 75
123 8 8 85
123 8 12 74
123 8 14 85
123 14 0 73
123 14 4 64
123 14 5 75
123 14 6 69
123 14 9 69
123 14 11 79
123 14 12 68
123 14 13 79
124 9 1 73
124 9 2 64
124 9 3 75
124 9 4 69
124 9 8 69
124 9 11 79
124 9 12 68
124 9 14 79
124 12 0 72
124 12 1 81
124 12 2 87
124 12 3 85
124 12 7 78
124 12 9 87
124 12 10 77
124 12 14 82
124 14 0 78
124 14 4 87
124 14 5 93
124 14 6 91
124 14 9 84
124 14 11 93
124 14 12 83
124 14 13 88
125 1 1 59
125 1 2 62
125 1 3 62
125 1 8 60
125 1 9 59
125 1 10 62
125 1 13 64
125 1 14 63
125 3 0 72
125 3 2 72
125 3 4 69
125 3 6 67
125 3 9 69
125 3 10 69
125 3 12 77
125 3 14 76
125 9 1 58
125 9 2 61
125 9 3 61
125 9 4 59
125 9 8 58
125 9 11 61
125 9 12 63
125 9 14 62
125 12 0 58
125 12 1 61
125 12 2 61
125 12 3 59
125 12 7 58
125 12 9 61
125 12 10 63
125 12 14 62
125 13 2 59
125 13 4 62
125 13 5 62
125 13 6 60
125 13 8 59
125 13 11 62
125 13 13 64
125 13 14 63
126 0 1 22
126 0 2 25
126 0 4 25
126 0 6 23
126 0 9 22
126 0 12 25
126 0 13 27
126 0 14 26
126 4 0 25
126 4 1 28
126 4 3 28
126 4 4 26
126 4 7 25
126 4 9 28
126 4 12 30
126 4 13 29
126 10 1 25
126 10 2 28
126 10 5 28
126 10 7 26
126 10 8 25
126 10 9 28
126 10 10 30
126 10 11 29
126 12 0 23
126 12 1 26
126 12 2 26
126 12 3 24
126 12 7 23
126 12 9 26
126 12 10 28
126 12 14 27
127 5 0 42
127 5 1 47
127 5 2 39
127 5 6 47
127 5 8 44
127 5 9 39
127 5 11 47
127 5 12 46
127 6 0 47
127 6 2 52
127 6 4 44
127 6 9 52
127 6 10 49
127 6 11 44
127 6 12 52
127 6 14 51
127 11 0 36
127 11 1 36
127 11 5 42
127 11 6 40
127 11 9 42
127 11 10 42
127 11 11 41
127 11 13 37
128 3 0 18
128 3 2 21
128 3 4 21
128 3 6 19
128 3 9 18
128 3 10 21
128 3 12 23
128 3 14 22
128 4 0 21
128 4 1 24
128 4 3 24
128 4 4 22
128 4 7 21
128 4 9 24
128 4 12 26
128 4 13 25
128 6 0 21
128 6 2 24
128 6 4 24
128 6 9 22
128 6 10 21
128 6 11 24
128 6 12 26
128 6 14 25
129 4 0 88
129 4 1 87
129 4 3 84
129 4 4 88
129 4 7 72
129 4 9 86
129 4 12 81
129 4 13 88
129 5 0 80
129 5 1 89
129 5 2 95
129 5 6 93
129 5 8 86
129 5 9 95
129 5 11 85
129 5 12 90
129 7 0 99
129 7 2 94
129 7 4 86
129 7 5 104
129 7 8 91
129 7 11 86
129 7 12 104
129 7 13 103
129 10 1 97
129 10 2 92
129 10 5 84
129 10 7 102
129 10 8 89
129 10 9 84
129 10 10 102
129 10 11 101
130 1 1 80
130 1 2 71
130 1 3 82
130 1 8 76
130 1 9 76
130 1 10 86
130 1 13 75
130 1 14 86
130 11 0 72
130 11 1 72
130 11 5 69
130 11 6 67
130 11 9 69
130 11 10 69
130 11 11 77
130 11 13 76
130 13 2 72
130 13 4 81
130 13 5 87
130 13 6 85
130 13 8 78
130 13 11 87
130 13 13 77
130 13 14 82
131 5 0 99
131 5 1 96
131 5 2 105
131 5 6 91
131 5 8 99
131 5 9 93
131 5 11 107
131 5 12 100
131 6 0 99
131 6 2 94
131 6 4 86
131 6 9 104
131 6 10 91
131 6 11 86
131 6 12 104
131 6 14 103
131 11 0 78
131 11 1 87
131 11 5 93
131 11 6 91
131 11 9 84
131 11 10 93
131 11 11 83
131 11 13 88
131 12 0 102
131 12 1 99
131 12 2 109
131 12 3 105
131 12 7 94
131 12 9 97
131 12 10 97
131 12 14 104
131 14 0 96
131 14 4 91
131 14 5 83
131 14 6 101
131 14 9 88
131 14 11 83
131 14 12 101
131 14 13 100
132 3 0 59
132 3 2 62
132 3 4 62
132 3 6 60
132 3 9 59
132 3 10 62
132 3 12 64
132 3 14 63
132 5 0 57
132 5 1 68
132 5 2 56
132 5 6 56
132 5 8 57
132 5 9 58
132 5 11 58
132 5 12 65
132 7 0 57
132 7 2 68
132 7 4 56
132 7 5 56
132 7 8 57
132 7 11 58
132 7 12 58
132 7 13 65
133 1 1 55
133 1 2 62
133 1 3 66
133 1 8 59
133 1 9 64
133 1 10 56
133 1 13 54
133 1 14 64
133 3 0 72
133 3 2 63
133 3 4 74
133 3 6 68
133 3 9 68
133 3 10 78
133 3 12 67
133 3 14 78
133 4 0 59
133 4 1 62
133 4 3 62
133 4 4 60
133 4 7 59
133 4 9 62
133 4 12 64
133 4 13 63
133 6 0 59
133 6 2 62
133 6 4 62
133 6 9 60
133 6 10 59
133 6 11 62
133 6 12 64
133 6 14 63
134 3 0 37
134 3 2 33
134 3 4 38
134 3 6 35
134 3 9 35
134 3 10 40
134 3 12 35
134 3 14 40
134 5 0 33
134 5 1 29
134 5 2 34
134 5 6 31
134 5 8 31
134 5 9 36
134 5 11 31
134 5 12 36
134 10 1 38
134 10 2 34
134 10 5 39
134 10 7 36
134 10 8 36
134 10 9 41
134 10 10 36
134 10 11 41
135 7 0 23
135 7 2 26
135 7 4 26
135 7 5 24
135 7 8 23
135 7 11 26
135 7 12 28
135 7 13 27
135 13 2 26
135 13 4 29
135 13 5 29
135 13 6 27
135 13 8 26
135 13 11 29
135 13 13 31
135 13 14 30
135 14 0 26
135 14 4 29
135 14 5 29
135 14 6 27
135 14 9 26
135 14 11 29
135 14 12 31
135 14 13 30
136 3 0 18
136 3 2 16
136 3 4 18
136 3 6 17
136 3 9 17
136 3 10 19
136 3 12 17
136 3 14 19
136 4 0 16
136 4 1 14
136 4 3 16
136 4 4 15
136 4 7 15
136 4 9 17
136 4 12 15
136 4 13 17
136 5 0 18
136 5 1 16
136 5 2 18
136 5 6 17
136 5 8 17
136 5 9 19
136 5 11 17
136 5 12 19
136 9 1 17
136 9 2 15
136 9 3 17
136 9 4 16
136 9 8 16
136 9 11 18
136 9 12 16
136 9 14 18
136 12 0 17
136 12 1 15
136 12 2 17
136 12 3 16
136 12 7 16
136 12 9 18
136 12 10 16
136 12 14 18
137 0 1 53
137 0 2 56
137 0 4 56
137 0 6 54
137 0 9 53
137 0 12 56
137 0 13 58
137 0 14 57
137 8 2 56
137 8 3 59
137 8 5 59
137 8 6 57
137 8 7 56
137 8 8 59
137 8 12 61
137 8 14 60
137 13 2 56
137 13 4 59
137 13 5 59
137 13 6 57
137 13 8 56
137 13 11 59
137 13 13 61
137 13 14 60
138 2 0 59
138 2 1 70
138 2 3 58
138 2 4 58
138 2 7 59
138 2 8 60
138 2 9 60
138 2 12 67
138 6 0 76
138 6 2 67
138 6 4 78
138 6 9 72
138 6 10 72
138 6 11 82
138 6 12 71
138 6 14 82
138 10 1 58
138 10 2 69
138 10 5 57
138 10 7 57
138 10 8 58
138 10 9 59
138 10 10 59
138 10 11 66
138 13 2 58
138 13 4 69
138 13 5 57
138 13 6 57
138 13 8 58
138 13 11 59
138 13 13 59
138 13 14 66
139 0 1 22
139 0 2 25
139 0 4 25
139 0 6 23
139 0 9 22
139 0 12 25
139 0 13 27
139 0 14 26
139 3 0 25
139 3 2 28
139 3 4 28
139 3 6 26
139 3 9 25
139 3 10 28
139 3 12 30
139 3 14 29
139 8 2 25
139 8 3 28
139 8 5 28
139 8 6 26
139 8 7 25
139 8 8 28
139 8 12 30
139 8 14 29
139 10 1 23
139 10 2 26
139 10 5 26
139 10 7 24
139 10 8 23
139 10 9 26
139 10 10 28
139 10 11 27
139 12 0 22
139 12 1 25
139 12 2 25
139 12 3 23
139 12 7 22
139 12 9 25
139 12 10 27
139 12 14 26
140 3 0 59
140 3 2 62
140 3 4 62
140 3 6 60
140 3 9 59
140 3 10 62
140 3 12 64
140 3 14 63
140 5 0 57
140 5 1 68
140 5 2 56
140 5 6 56
140 5 8 57
140 5 9 58
140 5 11 58
140 5 12 65
140 6 0 57
140 6 2 68
140 6 4 56
140 6 9 56
140 6 10 57
140 6 11 58
140 6 12 58
140 6 14 65
140 11 0 55
140 11 1 62
140 11 5 66
140 11 6 59
140 11 9 64
140 11 10 56
140 11 11 54
140 11 13 64
140 14 0 59
140 14 4 62
140 14 5 62
140 14 6 60
140 14 9 59
140 14 11 62
140 14 12 64
140 14 13 63
141 0 1 78
141 0 2 69
141 0 4 80
141 0 6 74
141 0 9 74
141 0 12 84
141 0 13 73
141 0 14 84
141 1 1 77
141 1 2 86
141 1 3 92
141 1 8 90
141 1 9 83
141 1 10 92
141 1 13 82
141 1 14 87
141 3 0 96
141 3 2 91
141 3 4 83
141 3 6 101
141 3 9 88
141 3 10 83
141 3 12 101
141 3 14 100
141 5 0 97
141 5 1 87
141 5 2 94
141 5 6 92
141 5 8 83
141 5 9 90
141 5 11 88
141 5 12 83
141 13 2 74
141 13 4 83
141 13 5 89
141 13 6 87
141 13 8 80
141 13 11 89
141 13 13 79
141 13 14 84
142 0 1 74
142 0 2 65
142 0 4 76
142 0 6 70
142 0 9 70
142 0 12 80
142 0 13 69
142 0 14 80
142 4 0 73
142 4 1 82
142 4 3 88
142 4 4 86
142 4 7 79
142 4 9 88
142 4 12 78
142 4 13 83
142 7 0 79
142 7 2 88
142 7 4 94
142 7 5 92
142 7 8 85
142 7 11 94
142 7 12 84
142 7 13 89
142 11 0 77
142 11 1 86
142 11 5 92
142 11 6 90
142 11 9 83
142 11 10 92
142 11 11 82
142 11 13 87
143 0 1 36
143 0 2 36
143 0 4 42
143 0 6 40
143 0 9 42
143 0 12 42
143 0 13 41
143 0 14 37
143 5 0 44
143 5 1 49
143 5 2 41
143 5 6 49
143 5 8 46
143 5 9 41
143 5 11 49
143 5 12 48
143 9 1 37
143 9 2 33
143 9 3 38
143 9 4 35
143 9 8 35
143 9 11 40
143 9 12 35
143 9 14 40
143 10 1 44
143 10 2 49
143 10 5 41
143 10 7 49
143 10 8 46
143 10 9 41
143 10 10 49
143 10 11 48
143 11 0 41
143 11 1 46
143 11 5 38
143 11 6 46
143 11 9 43
143 11 10 38
143 11 11 46
143 11 13 45
144 4 0 78
144 4 1 69
144 4 3 80
144 4 4 74
144 4 7 74
144 4 9 84
144 4 12 73
144 4 13 84
144 6 0 77
144 6 2 86
144 6 4 92
144 6 9 90
144 6 10 83
144 6 11 92
144 6 12 82
144 6 14 87
144 7 0 96
144 7 2 91
144 7 4 83
144 7 5 101
144 7 8 88
144 7 11 83
144 7 12 101
144 7 13 100
144 12 0 97
144 12 1 87
144 12 2 94
144 12 3 92
144 12 7 83
144 12 9 90
144 12 10 88
144 12 14 83
144 13 2 74
144 13 4 83
144 13 5 89
144 13 6 87
144 13 8 80
144 13 11 89
144 13 13 79
144 13 14 84
145 0 1 101
145 0 2 96
145 0 4 88
145 0 6 106
145 0 9 93
145 0 12 88
145 0 13 106
145 0 14 105
145 1 1 78
145 1 2 87
145 1 3 93
145 1 8 91
145 1 9 84
145 1 10 93
145 1 13 83
145 1 14 88
145 2 0 98
145 2 1 93
145 2 3 85
145 2 4 103
145 2 7 90
145 2 8 85
145 2 9 103
145 2 12 102
145 14 0 96
145 14 4 91
145 14 5 83
145 14 6 101
145 14 9 88
145 14 11 83
145 14 12 101
145 14 13 100
146 0 1 43
146 0 2 48
146 0 4 40
146 0 6 48
146 0 9 45
146 0 12 40
146 0 13 48
146 0 14 47
146 1 1 48
146 1 2 53
146 1 3 45
146 1 8 53
146 1 9 50
146 1 10 45
146 1 13 53
146 1 14 52
146 8 2 40
146 8 3 45
146 8 5 37
146 8 6 45
146 8 7 42
146 8 8 37
146 8 12 45
146 8 14 44
147 1 1 35
147 1 2 31
147 1 3 36
147 1 8 33
147 1 9 33
147 1 10 38
147 1 13 33
147 1 14 38
147 2 0 31
147 2 1 27
147 2 3 32
147 2 4 29
147 2 7 29
147 2 8 34
147 2 9 29
147 2 12 34
147 4 0 36
147 4 1 32
147 4 3 37
147 4 4 34
147 4 7 34
147 4 9 39
147 4 12 34
147 4 13 39
147 7 0 33
147 7 2 29
147 7 4 34
147 7 5 31
147 7 8 31
147 7 11 36
147 7 12 31
147 7 13 36
148 6 0 36
148 6 2 32
148 6 4 37
148 6 9 34
148 6 10 34
148 6 11 39
148 6 12 34
148 6 14 39
148 7 0 32
148 7 2 28
148 7 4 33
148 7 5 30
148 7 8 30
148 7 11 35
148 7 12 30
148 7 13 35
148 8 2 37
148 8 3 33
148 8 5 38
148 8 6 35
148 8 7 35
148 8 8 40
148 8 12 35
148 8 14 40
148 13 2 34
148 13 4 30
148 13 5 35
148 13 6 32
148 13 8 32
148 13 11 37
148 13 13 32
148 13 14 37
149 9 1 80
149 9 2 71
149 9 3 82
149 9 4 76
149 9 8 76
149 9 11 86
149 9 12 75
149 9 14 86
149 11 0 72
149 11 1 72
149 11 5 69
149 11 6 67
149 11 9 69
149 11 10 69
149 11 11 77
149 11 13 76
149 14 0 72
149 14 4 81
149 14 5 87
149 14 6 85
149 14 9 78
149 14 11 87
149 14 12 77
149 14 13 82
150 7 0 55
150 7 2 62
150 7 4 66
150 7 5 59
150 7 8 64
150 7 11 56
150 7 12 54
150 7 13 64
150 8 2 72
150 8 3 63
150 8 5 74
150 8 6 68
150 8 7 68
150 8 8 78
150 8 12 67
150 8 14 78
150 12 0 59
150 12 1 62
150 12 2 62
150 12 3 60
150 12 7 59
150 12 9 62
150 12 10 64
150 12 14 63
151 1 1 73
151 1 2 64
151 1 3 75
151 1 8 69
151 1 9 69
151 1 10 79
151 1 13 68
151 1 14 79
151 5 0 58
151 5 1 69
151 5 2 57
151 5 6 57
151 5 8 58
151 5 9 59
151 5 11 59
151 5 12 66
151 7 0 75
151 7 2 66
151 7 4 77
151 7 5 71
151 7 8 71
151 7 11 81
151 7 12 70
151 7 13 81
151 12 0 63
151 12 1 74
151 12 2 62
151 12 3 62
151 12 7 63
151 12 9 64
151 12 10 64
151 12 14 71
152 1 1 32
152 1 2 28
152 1 3 33
152 1 8 30
152 1 9 30
152 1 10 35
152 1 13 30
152 1 14 35
152 3 0 25
152 3 2 28
152 3 4 28
152 3 6 26
152 3 9 25
152 3 10 28
152 3 12 30
152 3 14 29
152 9 1 33
152 9 2 29
152 9 3 34
152 9 4 31
152 9 8 31
152 9 11 36
152 9 12 31
152 9 14 36
153 3 0 14
153 3 2 12
153 3 4 14
153 3 6 13
153 3 9 13
153 3 10 15
153 3 12 13
153 3 14 15
153 10 1 12
153 10 2 10
153 10 5 12
153 10 7 11
153 10 8 11
153 10 9 13
153 10 10 11
153 10 11 13
153 11 0 14
153 11 1 12
153 11 5 14
153 11 6 13
153 11 9 13
153 11 10 15
153 11 11 13
153 11 13 15
154 4 0 75
154 4 1 66
154 4 3 77
154 4 4 71
154 4 7 71
154 4 9 81
154 4 12 70
154 4 13 81
154 7 0 60
154 7 2 71
154 7 4 59
154 7 5 59
154 7 8 60
154 7 11 61
154 7 12 61
154 7 13 68
154 9 1 77
154 9 2 68
154 9 3 79
154 9 4 73
154 9 8 73
154 9 11 83
154 9 12 72
154 9 14 83
154 12 0 72
154 12 1 72
154 12 2 69
154 12 3 67
154 12 7 69
154 12 9 69
154 12 10 77
154 12 14 76
155 2 0 33
155 2 1 29
155 2 3 34
155 2 4 31
155 2 7 31
155 2 8 36
155 2 9 31
155 2 12 36
155 7 0 26
155 7 2 29
155 7 4 29
155 7 5 27
155 7 8 26
155 7 11 29
155 7 12 31
155 7 13 30
155 9 1 34
155 9 2 30
155 9 3 35
155 9 4 32
155 9 8 32
155 9 11 37
155 9 12 32
155 9 14 37
156 0 1 98
156 0 2 95
156 0 4 105
156 0 6 101
156 0 9 90
156 0 12 93
156 0 13 93
156 0 14 100
156 3 0 100
156 3 2 95
156 3 4 87
156 3 6 105
156 3 9 92
156 3 10 87
156 3 12 105
156 3 14 104
156 7 0 79
156 7 2 88
156 7 4 94
156 7 5 92
156 7 8 85
156 7 11 94
156 7 12 84
156 7 13 89
157 5 0 22
157 5 1 22
157 5 2 19
157 5 6 22
157 5 8 19
157 5 9 19
157 5 11 22
157 5 12 21
157 10 1 20
157 10 2 23
157 10 5 23
157 10 7 21
157 10 8 20
157 10 9 23
157 10 10 25
157 10 11 24
157 11 0 20
157 11 1 23
157 11 5 23
157 11 6 21
157 11 9 20
157 11 10 23
157 11 11 25
157 11 13 24
157 12 0 18
157 12 1 21
157 12 2 21
157 12 3 19
157 12 7 18
157 12 9 21
157 12 10 23
157 12 14 22
157 14 0 22
157 14 4 22
157 14 5 19
157 14 6 22
157 14 9 19
157 14 11 19
157 14 12 22
157 14 13 21
158 3 0 35
158 3 2 31
158 3 4 36
158 3 6 33
158 3 9 33
158 3 10 38
158 3 12 33
158 3 14 38
158 5 0 31
158 5 1 27
158 5 2 32
158 5 6 29
158 5 8 29
158 5 9 34
158 5 11 29
158 5 12 34
158 9 1 36
158 9 2 32
158 9 3 37
158 9 4 34
158 9 8 34
158 9 11 39
158 9 12 34
158 9 14 39
159 0 1 13
159 0 2 11
159 0 4 13
159 0 6 12
159 0 9 12
159 0 12 14
159 0 13 12
159 0 14 14
159 1 1 11
159 1 2 9
159 1 3 11
159 1 8 10
159 1 9 10
159 1 10 12
159 1 13 10
159 1 14 12
159 2 0 13
159 2 1 11
159 2 3 13
159 2 4 12
159 2 7 12
159 2 8 14
159 2 9 12
159 2 12 14
159 6 0 12
159 6 2 10
159 6 4 12
159 6 9 11
159 6 10 11
159 6 11 13
159 6 12 11
159 6 14 13
159 8 2 12
159 8 3 10
159 8 5 12
159 8 6 11
159 8 7 11
159 8 8 13
159 8 12 11
159 8 14 13
160 4 0 77
160 4 1 68
160 4 3 79
160 4 4 73
160 4 7 73
160 4 9 83
160 4 12 72
160 4 13 83
160 7 0 76
160 7 2 85
160 7 4 91
160 7 5 89
160 7 8 82
160 7 11 91
160 7 12 81
160 7 13 86
160 8 2 95
160 8 3 90
160 8 5 82
160 8 6 100
160 8 7 87
160 8 8 82
160 8 12 100
160 8 14 99
160 10 1 80
160 10 2 89
160 10 5 95
160 10 7 93
160 10 8 86
160 10 9 95
160 10 10 85
160 10 11 90
160 14 0 73
160 14 4 82
160 14 5 88
160 14 6 86
160 14 9 79
160 14 11 88
160 14 12 78
160 14 13 83
161 4 0 56
161 4 1 59
161 4 3 59
161 4 4 57
161 4 7 56
161 4 9 59
161 4 12 61
161 4 13 60
161 5 0 62
161 5 1 73
161 5 2 61
161 5 6 61
161 5 8 62
161 5 9 63
161 5 11 63
161 5 12 70
161 12 0 55
161 12 1 58
161 12 2 58
161 12 3 56
161 12 7 55
161 12 9 58
161 12 10 60
161 12 14 59
162 0 1 53
162 0 2 56
162 0 4 56
162 0 6 54
162 0 9 53
162 0 12 56
162 0 13 58
162 0 14 57
162 1 1 56
162 1 2 59
162 1 3 59
162 1 8 57
162 1 9 56
162 1 10 59
162 1 13 61
162 1 14 60
162 2 0 56
162 2 1 59
162 2 3 59
162 2 4 57
162 2 7 56
162 2 8 59
162 2 9 61
162 2 12 60
163 2 0 16
163 2 1 14
163 2 3 16
163 2 4 15
163 2 7 15
163 2 8 17
163 2 9 15
163 2 12 17
163 5 0 14
163 5 1 12
163 5 2 14
163 5 6 13
163 5 8 13
163 5 9 15
163 5 11 13
163 5 12 15
163 7 0 16
163 7 2 14
163 7 4 16
163 7 5 15
163 7 8 15
163 7 11 17
163 7 12 15
163 7 13 17
163 14 0 15
163 14 4 13
163 14 5 15
163 14 6 14
163 14 9 14
163 14 11 16
163 14 12 14
163 14 13 16
164 1 1 74
164 1 2 65
164 1 3 76
164 1 8 70
164 1 9 70
164 1 10 80
164 1 13 69
164 1 14 80
164 9 1 73
164 9 2 82
164 9 3 88
164 9 4 86
164 9 8 79
164 9 11 88
164 9 12 78
164 9 14 83
164 11 0 79
164 11 1 88
164 11 5 94
164 11 6 92
164 11 9 85
164 11 10 94
164 11 11 84
164 11 13 89
164 14 0 77
164 14 4 86
164 14 5 92
164 14 6 90
164 14 9 83
164 14 11 92
164 14 12 82
164 14 13 87
165 4 0 88
165 4 1 87
165 4 3 84
165 4 4 88
165 4 7 72
165 4 9 86
165 4 12 81
165 4 13 88
165 6 0 80
165 6 2 89
165 6 4 95
165 6 9 93
165 6 10 86
165 6 11 95
165 6 12 85
165 6 14 90
165 11 0 99
165 11 1 94
165 11 5 86
165 11 6 104
165 11 9 91
165 11 10 86
165 11 11 104
165 11 13 103
165 14 0 97
165 14 4 92
165 14 5 84
165 14 6 102
165 14 9 89
165 14 11 84
165 14 12 102
165 14 13 101
166 1 1 52
166 1 2 55
166 1 3 55
166 1 8 53
166 1 9 52
166 1 10 55
166 1 13 57
166 1 14 56
166 5 0 55
166 5 1 58
166 5 2 58
166 5 6 56
166 5 8 55
166 5 9 58
166 5 11 60
166 5 12 59
166 7 0 55
166 7 2 58
166 7 4 58
166 7 5 56
166 7 8 55
166 7 11 58
166 7 12 60
166 7 13 59
166 11 0 53
166 11 1 56
166 11 5 56
166 11 6 54
166 11 9 53
166 11 10 56
166 11 11 58
166 11 13 57
166 13 2 52
166 13 4 55
166 13 5 55
166 13 6 53
166 13 8 52
166 13 11 55
166 13 13 57
166 13 14 56
167 2 0 103
167 2 1 98
167 2 3 90
167 2 4 108
167 2 7 95
167 2 8 90
167 2 9 108
167 2 12 107
167 5 0 100
167 5 1 95
167 5 2 87
167 5 6 105
167 5 8 92
167 5 9 87
167 5 11 105
167 5 12 104
167 10 1 102
167 10 2 99
167 10 5 109
167 10 7 105
167 10 8 94
167 10 9 97
167 10 10 97
167 10 11 104
167 14 0 95
167 14 4 90
167 14 5 82
167 14 6 100
167 14 9 87
167 14 11 82
167 14 12 100
167 14 13 99
168 4 0 102
168 4 1 97
168 4 3 89
168 4 4 107
168 4 7 94
168 4 9 89
168 4 12 107
168 4 13 106
168 5 0 97
168 5 1 92
168 5 2 84
168 5 6 102
168 5 8 89
168 5 9 84
168 5 11 102
168 5 12 101
168 7 0 76
168 7 2 85
168 7 4 91
168 7 5 89
168 7 8 82
168 7 11 91
168 7 12 81
168 7 13 86
168 10 1 100
168 10 2 97
168 10 5 107
168 10 7 103
168 10 8 92
168 10 9 95
168 10 10 95
168 10 11 102
168 11 0 97
168 11 1 87
168 11 5 94
168 11 6 92
168 11 9 83
168 11 10 90
168 11 11 88
168 11 13 83
169 5 0 99
169 5 1 94
169 5 2 86
169 5 6 104
169 5 8 91
169 5 9 86
169 5 11 104
169 5 12 103
169 7 0 97
169 7 2 87
169 7 4 94
169 7 5 92
169 7 8 83
169 7 11 90
169 7 12 88
169 7 13 83
169 8 2 73
169 8 3 82
169 8 5 88
169 8 6 86
169 8 7 79
169 8 8 88
169 8 12 78
169 8 14 83
169 12 0 99
169 12 1 96
169 12 2 105
169 12 3 91
169 12 7 99
169 12 9 93
169 12 10 107
169 12 14 100
169 13 2 78
169 13 4 87
169 13 5 93
169 13 6 91
169 13 8 84
169 13 11 93
169 13 13 83
169 13 14 88
170 1 1 80
170 1 2 71
170 1 3 82
170 1 8 76
170 1 9 76
170 1 10 86
170 1 13 75
170 1 14 86
170 6 0 79
170 6 2 88
170 6 4 94
170 6 9 92
170 6 10 85
170 6 11 94
170 6 12 84
170 6 14 89
170 8 2 98
170 8 3 93
170 8 5 85
170 8 6 103
170 8 7 90
170 8 8 85
170 8 12 103
170 8 14 102
170 11 0 96
170 11 1 91
170 11 5 83
170 11 6 101
170 11 9 88
170 11 10 83
170 11 11 101
170 11 13 100
170 14 0 76
170 14 4 85
170 14 5 91
170 14 6 89
170 14 9 82
170 14 11 91
170 14 12 81
170 14 13 86
171 0 1 58
171 0 2 69
171 0 4 57
171 0 6 57
171 0 9 58
171 0 12 59
171 0 13 59
171 0 14 66
171 8 2 75
171 8 3 66
171 8 5 77
171 8 6 71
171 8 7 71
171 8 8 81
171 8 12 70
171 8 14 81
171 10 1 57
171 10 2 68
171 10 5 56
171 10 7 56
171 10 8 57
171 10 9 58
171 10 10 58
171 10 11 65
172 4 0 51
172 4 1 54
172 4 3 54
172 4 4 52
172 4 7 51
172 4 9 54
172 4 12 56
172 4 13 55
172 6 0 54
172 6 2 57
172 6 4 57
172 6 9 55
172 6 10 54
172 6 11 57
172 6 12 59
172 6 14 58
172 10 1 54
172 10 2 57
172 10 5 57
172 10 7 55
172 10 8 54
172 10 9 57
172 10 10 59
172 10 11 58
172 11 0 52
172 11 1 55
172 11 5 55
172 11 6 53
172 11 9 52
172 11 10 55
172 11 11 57
172 11 13 56
172 14 0 51
172 14 4 54
172 14 5 54
172 14 6 52
172 14 9 51
172 14 11 54
172 14 12 56
172 14 13 55
173 2 0 59
173 2 1 70
173 2 3 58
173 2 4 58
173 2 7 59
173 2 8 60
173 2 9 60
173 2 12 67
173 9 1 76
173 9 2 67
173 9 3 78
173 9 4 72
173 9 8 72
173 9 11 82
173 9 12 71
173 9 14 82
173 10 1 58
173 10 2 69
173 10 5 57
173 10 7 57
173 10 8 58
173 10 9 59
173 10 10 59
173 10 11 66
174 3 0 40
174 3 2 45
174 3 4 37
174 3 6 45
174 3 9 42
174 3 10 37
174 3 12 45
174 3 14 44
174 5 0 45
174 5 1 50
174 5 2 42
174 5 6 50
174 5 8 47
174 5 9 42
174 5 11 50
174 5 12 49
174 10 1 38
174 10 2 34
174 10 5 39
174 10 7 36
174 10 8 36
174 10 9 41
174 10 10 36
174 10 11 41
175 1 1 59
175 1 2 70
175 1 3 58
175 1 8 58
175 1 9 59
175 1 10 60
175 1 13 60
175 1 14 67
175 2 0 76
175 2 1 67
175 2 3 78
175 2 4 72
175 2 7 72
175 2 8 82
175 2 9 71
175 2 12 82
175 5 0 58
175 5 1 69
175 5 2 57
175 5 6 57
175 5 8 58
175 5 9 59
175 5 11 59
175 5 12 66
175 7 0 58
175 7 2 69
175 7 4 57
175 7 5 57
175 7 8 58
175 7 11 59
175 7 12 59
175 7 13 66
176 4 0 35
176 4 1 31
176 4 3 36
176 4 4 33
176 4 7 33
176 4 9 38
176 4 12 33
176 4 13 38
176 6 0 31
176 6 2 27
176 6 4 32
176 6 9 29
176 6 10 29
176 6 11 34
176 6 12 29
176 6 14 34
176 7 0 36
176 7 2 32
176 7 4 37
176 7 5 34
176 7 8 34
176 7 11 39
176 7 12 34
176 7 13 39
176 13 2 33
176 13 4 29
176 13 5 34
176 13 6 31
176 13 8 31
176 13 11 36
176 13 13 31
176 13 14 36
176 14 0 33
176 14 4 29
176 14 5 34
176 14 6 31
176 14 9 31
176 14 11 36
176 14 12 31
176 14 13 36
177 1 1 73
177 1 2 64
177 1 3 75
177 1 8 69
177 1 9 69
177 1 10 79
177 1 13 68
177 1 14 79
177 3 0 58
177 3 2 69
177 3 4 57
177 3 6 57
177 3 9 58
177 3 10 59
177 3 12 59
177 3 14 66
177 8 2 75
177 8 3 66
177 8 5 77
177 8 6 71
177 8 7 71
177 8 8 81
177 8 12 70
177 8 14 81
177 11 0 63
177 11 1 74
177 11 5 62
177 11 6 62
177 11 9 63
177 11 10 64
177 11 11 64
177 11 13 71
178 1 1 57
178 1 2 60
178 1 3 60
178 1 8 58
178 1 9 57
178 1 10 60
178 1 13 62
178 1 14 61
178 3 0 55
178 3 2 62
178 3 4 66
178 3 6 59
178 3 9 64
178 3 10 56
178 3 12 54
178 3 14 64
178 10 1 55
178 10 2 62
178 10 5 66
178 10 7 59
178 10 8 64
178 10 9 56
178 10 10 54
178 10 11 64
178 14 0 58
178 14 4 61
178 14 5 61
178 14 6 59
178 14 9 58
178 14 11 61
178 14 12 63
178 14 13 62
179 1 1 16
179 1 2 14
179 1 3 16
179 1 8 15
179 1 9 15
179 1 10 17
179 1 13 15
179 1 14 17
179 4 0 14
179 4 1 12
179 4 3 14
179 4 4 13
179 4 7 13
179 4 9 15
179 4 12 13
179 4 13 15
179 7 0 16
179 7 2 14
179 7 4 16
179 7 5 15
179 7 8 15
179 7 11 17
179 7 12 15
179 7 13 17
179 12 0 15
179 12 1 13
179 12 2 15
179 12 3 14
179 12 7 14
179 12 9 16
179 12 10 14
179 12 14 16
179 14 0 15
179 14 4 13
179 14 5 15
179 14 6 14
179 14 9 14
179 14 11 16
179 14 12 14
179 14 13 16
180 5 0 53
180 5 1 56
180 5 2 56
180 5 6 54
180 5 8 53
180 5 9 56
180 5 11 58
180 5 12 57
180 11 0 53
180 11 1 50
180 11 5 49
180 11 6 45
180 11 9 45
180 11 10 48
180 11 11 48
180 11 13 55
180 14 0 48
180 14 4 53
180 14 5 45
180 14 6 53
180 14 9 50
180 14 11 45
180 14 12 53
180 14 13 52
181 1 1 74
181 1 2 65
181 1 3 76
181 1 8 70
181 1 9 70
181 1 10 80
181 1 13 69
181 1 14 80
181 5 0 73
181 5 1 82
181 5 2 88
181 5 6 86
181 5 8 79
181 5 9 88
181 5 11 78
181 5 12 83
181 8 2 79
181 8 3 88
181 8 5 94
181 8 6 92
181 8 7 85
181 8 8 94
181 8 12 84
181 8 14 89
181 10 1 77
181 10 2 86
181 10 5 92
181 10 7 90
181 10 8 83
181 10 9 92
181 10 10 82
181 10 11 87
181 12 0 80
181 12 1 71
181 12 2 82
181 12 3 76
181 12 7 76
181 12 9 86
181 12 10 75
181 12 14 86
182 1 1 18
182 1 2 16
182 1 3 18
182 1 8 17
182 1 9 17
182 1 10 19
182 1 13 17
182 1 14 19
182 3 0 16
182 3 2 14
182 3 4 16
182 3 6 15
182 3 9 15
182 3 10 17
182 3 12 15
182 3 14 17
182 7 0 18
182 7 2 16
182 7 4 18
182 7 5 17
182 7 8 17
182 7 11 19
182 7 12 17
182 7 13 19
182 13 2 17
182 13 4 15
182 13 5 17
182 13 6 16
182 13 8 16
182 13 11 18
182 13 13 16
182 13 14 18
183 1 1 98
183 1 2 95
183 1 3 105
183 1 8 101
183 1 9 90
183 1 10 93
183 1 13 93
183 1 14 100
183 4 0 100
183 4 1 95
183 4 3 87
183 4 4 105
183 4 7 92
183 4 9 87
183 4 12 105
183 4 13 104
183 8 2 79
183 8 3 88
183 8 5 94
183 8 6 92
183 8 7 85
183 8 8 94
183 8 12 84
183 8 14 89
183 9 1 103
183 9 2 100
183 9 3 110
183 9 4 106
183 9 8 95
183 9 11 98
183 9 12 98
183 9 14 105
183 14 0 97
183 14 4 92
183 14 5 84
183 14 6 102
183 14 9 89
183 14 11 84
183 14 12 102
183 14 13 101
184 7 0 101
184 7 2 96
184 7 4 88
184 7 5 106
184 7 8 93
184 7 11 88
184 7 12 106
184 7 13 105
184 12 0 96
184 12 1 91
184 12 2 83
184 12 3 101
184 12 7 88
184 12 9 83
184 12 10 101
184 12 14 100
184 13 2 75
184 13 4 84
184 13 5 90
184 13 6 88
184 13 8 81
184 13 11 90
184 13 13 80
184 13 14 85
185 0 1 12
185 0 2 10
185 0 4 12
185 0 6 11
185 0 9 11
185 0 12 13
185 0 13 11
185 0 14 13
185 1 1 9
185 1 2 9
185 1 3 9
185 1 8 10
185 1 9 9
185 1 10 9
185 1 13 11
185 1 14 10
185 9 1 12
185 9 2 10
185 9 3 12
185 9 4 11
185 9 8 11
185 9 11 13
185 9 12 11
185 9 14 13
185 11 0 11
185 11 1 9
185 11 5 11
185 11 6 10
185 11 9 10
185 11 10 12
185 11 11 10
185 11 13 12
186 2 0 73
186 2 1 64
186 2 3 75
186 2 4 69
186 2 7 69
186 2 8 79
186 2 9 68
186 2 12 79
186 7 0 73
186 7 2 64
186 7 4 75
186 7 5 69
186 7 8 69
186 7 11 79
186 7 12 68
186 7 13 79
186 10 1 64
186 10 2 75
186 10 5 63
186 10 7 63
186 10 8 64
186 10 9 65
186 10 10 65
186 10 11 72
186 14 0 62
186 14 4 73
186 14 5 61
186 14 6 61
186 14 9 62
186 14 11 63
186 14 12 63
186 14 13 70
187 1 1 57
187 1 2 68
187 1 3 56
187 1 8 56
187 1 9 57
187 1 10 58
187 1 13 58
187 1 14 65
187 4 0 74
187 4 1 65
187 4 3 76
187 4 4 70
187 4 7 70
187 4 9 80
187 4 12 69
187 4 13 80
187 8 2 56
187 8 3 67
187 8 5 55
187 8 6 55
187 8 7 56
187 8 8 57
187 8 12 57
187 8 14 64
187 12 0 56
187 12 1 67
187 12 2 55
187 12 3 55
187 12 7 56
187 12 9 57
187 12 10 57
187 12 14 64
188 3 0 59
188 3 2 62
188 3 4 62
188 3 6 60
188 3 9 59
188 3 10 62
188 3 12 64
188 3 14 63
188 6 0 72
188 6 2 72
188 6 4 69
188 6 9 67
188 6 10 69
188 6 11 69
188 6 12 77
188 6 14 76
188 11 0 58
188 11 1 61
188 11 5 61
188 11 6 59
188 11 9 58
188 11 10 61
188 11 11 63
188 11 13 62
189 7 0 9
189 7 2 8
189 7 4 9
189 7 5 8
189 7 8 8
189 7 11 9
189 7 12 8
189 7 13 9
189 8 2 9
189 8 3 8
189 8 5 9
189 8 6 8
189 8 7 8
189 8 8 9
189 8 12 8
189 8 14 9
189 13 2 9
189 13 4 8
189 13 5 9
189 13 6 8
189 13 8 8
189 13 11 9
189 13 13 8
189 13 14 9
190 5 0 56
190 5 1 59
190 5 2 59
190 5 6 57
190 5 8 56
190 5 9 59
190 5 11 61
190 5 12 60
190 12 0 59
190 12 1 62
190 12 2 62
190 12 3 60
190 12 7 59
190 12 9 62
190 12 10 64
190 12 14 63
190 13 2 59
190 13 4 62
190 13 5 62
190 13 6 60
190 13 8 59
190 13 11 62
190 13 13 64
190 13 14 63
191 0 1 22
191 0 2 22
191 0 4 19
191 0 6 22
191 0 9 19
191 0 12 19
191 0 13 22
191 0 14 21
191 1 1 20
191 1 2 23
191 1 3 23
191 1 8 21
191 1 9 20
191 1 10 23
191 1 13 25
191 1 14 24
191 6 0 20
191 6 2 23
191 6 4 23
191 6 9 21
191 6 10 20
191 6 11 23
191 6 12 25
191 6 14 24
191 9 1 18
191 9 2 21
191 9 3 21
191 9 4 19
191 9 8 18
191 9 11 21
191 9 12 23
191 9 14 22
191 10 1 22
191 10 2 22
191 10 5 19
191 10 7 22
191 10 8 19
191 10 9 19
191 10 10 22
191 10 11 21
192 5 0 20
192 5 1 23
192 5 2 23
192 5 6 21
192 5 8 20
192 5 9 23
192 5 11 25
192 5 12 24
192 6 0 23
192 6 2 26
192 6 4 26
192 6 9 24
192 6 10 23
192 6 11 26
192 6 12 28
192 6 14 27
192 11 0 23
192 11 1 26
192 11 5 26
192 11 6 24
192 11 9 23
192 11 10 26
192 11 11 28
192 11 13 27
193 0 1 33
193 0 2 29
193 0 4 34
193 0 6 31
193 0 9 31
193 0 12 36
193 0 13 31
193 0 14 36
193 3 0 26
193 3 2 29
193 3 4 29
193 3 6 27
193 3 9 26
193 3 10 29
193 3 12 31
193 3 14 30
193 4 0 34
193 4 1 30
193 4 3 35
193 4 4 32
193 4 7 32
193 4 9 37
193 4 12 32
193 4 13 37
193 12 0 31
193 12 1 27
193 12 2 32
193 12 3 29
193 12 7 29
193 12 9 34
193 12 10 29
193 12 14 34
194 0 1 55
194 0 2 58
194 0 4 58
194 0 6 56
194 0 9 55
194 0 12 58
194 0 13 60
194 0 14 59
194 5 0 58
194 5 1 61
194 5 2 61
194 5 6 59
194 5 8 58
194 5 9 61
194 5 11 63
194 5 12 62
194 9 1 58
194 9 2 61
194 9 3 61
194 9 4 59
194 9 8 58
194 9 11 61
194 9 12 63
194 9 14 62
194 11 0 56
194 11 1 59
194 11 5 59
194 11 6 57
194 11 9 56
194 11 10 59
194 11 11 61
194 11 13 60
195 0 1 35
195 0 2 31
195 0 4 36
195 0 6 33
195 0 9 33
195 0 12 38
195 0 13 33
195 0 14 38
195 3 0 31
195 3 2 27
195 3 4 32
195 3 6 29
195 3 9 29
195 3 10 34
195 3 12 29
195 3 14 34
195 8 2 36
195 8 3 32
195 8 5 37
195 8 6 34
195 8 7 34
195 8 8 39
195 8 12 34
195 8 14 39
195 11 0 33
195 11 1 29
195 11 5 34
195 11 6 31
195 11 9 31
195 11 10 36
195 11 11 31
195 11 13 36
196 1 1 102
196 1 2 97
196 1 3 89
196 1 8 107
196 1 9 94
196 1 10 89
196 1 13 107
196 1 14 106
196 3 0 97
196 3 2 92
196 3 4 84
196 3 6 102
196 3 9 89
196 3 10 84
196 3 12 102
196 3 14 101
196 6 0 76
196 6 2 85
196 6 4 91
196 6 9 89
196 6 10 82
196 6 11 91
196 6 12 81
196 6 14 86
197 2 0 35
197 2 1 31
197 2 3 36
197 2 4 33
197 2 7 33
197 2 8 38
197 2 9 33
197 2 12 38
197 7 0 31
197 7 2 27
197 7 4 32
197 7 5 29
197 7 8 29
197 7 11 34
197 7 12 29
197 7 13 34
197 9 1 36
197 9 2 32
197 9 3 37
197 9 4 34
197 9 8 34
197 9 11 39
197 9 12 34
197 9 14 39
197 13 2 33
197 13 4 29
197 13 5 34
197 13 6 31
197 13 8 31
197 13 11 36
197 13 13 31
197 13 14 36
198 0 1 80
198 0 2 71
198 0 4 82
198 0 6 76
198 0 9 76
198 0 12 86
198 0 13 75
198 0 14 86
198 9 1 72
198 9 2 72
198 9 3 69
198 9 4 67
198 9 8 69
198 9 11 69
198 9 12 77
198 9 14 76
198 11 0 72
198 11 1 81
198 11 5 87
198 11 6 85
198 11 9 78
198 11 10 87
198 11 11 77
198 11 13 82
199 7 0 43
199 7 2 48
199 7 4 40
199 7 5 48
199 7 8 45
199 7 11 40
199 7 12 48
199 7 13 47
199 12 0 48
199 12 1 53
199 12 2 45
199 12 3 53
199 12 7 50
199 12 9 45
199 12 10 53
199 12 14 52
199 13 2 40
199 13 4 45
199 13 5 37
199 13 6 45
199 13 8 42
199 13 11 37
199 13 13 45
199 13 14 44
199 14 0 48
199 14 4 53
199 14 5 45
199 14 6 53
199 14 9 50
199 14 11 45
199 14 12 53
199 14 13 52
200 5 0 17
200 5 1 15
200 5 2 17
200 5 6 16
200 5 8 16
200 5 9 18
200 5 11 16
200 5 12 18
200 13 2 15
200 13 4 13
200 13 5 15
200 13 6 14
200 13 8 14
200 13 11 16
200 13 13 14
200 13 14 16
200 14 0 17
200 14 4 15
200 14 5 17
200 14 6 16
200 14 9 16
200 14 11 18
200 14 12 16
200 14 13 18
201 2 0 56
201 2 1 59
201 2 3 59
201 2 4 57
201 2 7 56
201 2 8 59
201 2 9 61
201 2 12 60
201 7 0 59
201 7 2 62
201 7 4 62
201 7 5 60
201 7 8 59
201 7 11 62
201 7 12 64
201 7 13 63
201 12 0 59
201 12 1 62
201 12 2 62
201 12 3 60
201 12 7 59
201 12 9 62
201 12 10 64
201 12 14 63
201 14 0 57
201 14 4 60
201 14 5 60
201 14 6 58
201 14 9 57
201 14 11 60
201 14 12 62
201 14 13 61
202 3 0 53
202 3 2 56
202 3 4 56
202 3 6 54
202 3 9 53
202 3 10 56
202 3 12 58
202 3 14 57
202 8 2 53
202 8 3 50
202 8 5 49
202 8 6 45
202 8 7 45
202 8 8 48
202 8 12 48
202 8 14 55
202 11 0 48
202 11 1 53
202 11 5 45
202 11 6 53
202 11 9 50
202 11 10 45
202 11 11 53
202 11 13 52
203 4 0 98
203 4 1 95
203 4 3 105
203 4 4 101
203 4 7 90
203 4 9 93
203 4 12 93
203 4 13 100
203 5 0 100
203 5 1 95
203 5 2 87
203 5 6 105
203 5 8 92
203 5 9 87
203 5 11 105
203 5 12 104
203 9 1 79
203 9 2 88
203 9 3 94
203 9 4 92
203 9 8 85
203 9 11 94
203 9 12 84
203 9 14 89
203 10 1 103
203 10 2 100
203 10 5 110
203 10 7 106
203 10 8 95
203 10 9 98
203 10 10 98
203 10 11 105
203 14 0 97
203 14 4 92
203 14 5 84
203 14 6 102
203 14 9 89
203 14 11 84
203 14 12 102
203 14 13 101
204 0 1 101
204 0 2 96
204 0 4 88
204 0 6 106
204 0 9 93
204 0 12 88
204 0 13 106
204 0 14 105
204 1 1 96
204 1 2 91
204 1 3 83
204 1 8 101
204 1 9 88
204 1 10 83
204 1 13 101
204 1 14 100
204 7 0 75
204 7 2 84
204 7 4 90
204 7 5 88
204 7 8 81
204 7 11 90
204 7 12 80
204 7 13 85
204 13 2 99
204 13 4 96
204 13 5 106
204 13 6 102
204 13 8 91
204 13 11 94
204 13 13 94
204 13 14 101
205 2 0 74
205 2 1 65
205 2 3 76
205 2 4 70
205 2 7 70
205 2 8 80
205 2 9 69
205 2 12 80
205 10 1 73
205 10 2 82
205 10 5 88
205 10 7 86
205 10 8 79
205 10 9 88
205 10 10 78
205 10 11 83
205 11 0 79
205 11 1 88
205 11 5 94
205 11 6 92
205 11 9 85
205 11 10 94
205 11 11 84
205 11 13 89
205 13 2 77
205 13 4 86
205 13 5 92
205 13 6 90
205 13 8 83
205 13 11 92
205 13 13 82
205 13 14 87
205 14 0 80
205 14 4 71
205 14 5 82
205 14 6 76
205 14 9 76
205 14 11 86
205 14 12 75
205 14 13 86
206 1 1 76
206 1 2 67
206 1 3 78
206 1 8 72
206 1 9 72
206 1 10 82
206 1 13 71
206 1 14 82
206 3 0 75
206 3 2 84
206 3 4 90
206 3 6 88
206 3 9 81
206 3 10 90
206 3 12 80
206 3 14 85
206 13 2 97
206 13 4 87
206 13 5 94
206 13 6 92
206 13 8 83
206 13 11 90
206 13 13 88
206 13 14 83
207 3 0 45
207 3 2 50
207 3 4 42
207 3 6 50
207 3 9 47
207 3 10 42
207 3 12 50
207 3 14 49
207 7 0 51
207 7 2 54
207 7 4 54
207 7 5 52
207 7 8 51
207 7 11 54
207 7 12 56
207 7 13 55
207 9 1 42
207 9 2 47
207 9 3 39
207 9 4 47
207 9 8 44
207 9 11 39
207 9 12 47
207 9 14 46
207 13 2 51
207 13 4 54
207 13 5 54
207 13 6 52
207 13 8 51
207 13 11 54
207 13 13 56
207 13 14 55
207 14 0 47
207 14 4 52
207 14 5 44
207 14 6 52
207 14 9 49
207 14 11 44
207 14 12 52
207 14 13 51
208 0 1 55
208 0 2 62
208 0 4 66
208 0 6 59
208 0 9 64
208 0 12 56
208 0 13 54
208 0 14 64
208 5 0 72
208 5 1 63
208 5 2 74
208 5 6 68
208 5 8 68
208 5 9 78
208 5 11 67
208 5 12 78
208 6 0 59
208 6 2 62
208 6 4 62
208 6 9 60
208 6 10 59
208 6 11 62
208 6 12 64
208 6 14 63
208 13 2 59
208 13 4 62
208 13 5 62
208 13 6 60
208 13 8 59
208 13 11 62
208 13 13 64
208 13 14 63
209 7 0 12
209 7 2 10
209 7 4 12
209 7 5 11
209 7 8 11
209 7 11 13
209 7 12 11
209 7 13 13
209 8 2 9
209 8 3 9
209 8 5 9
209 8 6 10
209 8 7 9
209 8 8 9
209 8 12 11
209 8 14 10
209 11 0 12
209 11 1 10
209 11 5 12
209 11 6 11
209 11 9 11
209 11 10 13
209 11 11 11
209 11 13 13
209 14 0 11
209 14 4 9
209 14 5 11
209 14 6 10
209 14 9 10
209 14 11 12
209 14 12 10
209 14 13 12
210 5 0 100
210 5 1 95
210 5 2 87
210 5 6 105
210 5 8 92
210 5 9 87
210 5 11 105
210 5 12 104
210 6 0 95
210 6 2 90
210 6 4 82
210 6 9 100
210 6 10 87
210 6 11 82
210 6 12 100
210 6 14 99
210 13 2 74
210 13 4 83
210 13 5 89
210 13 6 87
210 13 8 80
210 13 11 89
210 13 13 79
210 13 14 84
211 1 1 22
211 1 2 25
211 1 3 25
211 1 8 23
211 1 9 22
211 1 10 25
211 1 13 27
211 1 14 26
211 8 2 25
211 8 3 28
211 8 5 28
211 8 6 26
211 8 7 25
211 8 8 28
211 8 12 30
211 8 14 29
211 9 1 25
211 9 2 28
211 9 3 28
211 9 4 26
211 9 8 25
211 9 11 28
211 9 12 30
211 9 14 29
211 10 1 23
211 10 2 26
211 10 5 26
211 10 7 24
211 10 8 23
211 10 9 26
211 10 10 28
211 10 11 27
211 13 2 22
211 13 4 25
211 13 5 25
211 13 6 23
211 13 8 22
211 13 11 25
211 13 13 27
211 13 14 26
212 0 1 51
212 0 2 54
212 0 4 54
212 0 6 52
212 0 9 51
212 0 12 54
212 0 13 56
212 0 14 55
212 1 1 54
212 1 2 57
212 1 3 57
212 1 8 55
212 1 9 54
212 1 10 57
212 1 13 59
212 1 14 58
212 5 0 54
212 5 1 57
212 5 2 57
212 5 6 55
212 5 8 54
212 5 9 57
212 5 11 59
212 5 12 58
212 13 2 52
212 13 4 55
212 13 5 55
212 13 6 53
212 13 8 52
212 13 11 55
212 13 13 57
212 13 14 56
213 0 1 23
213 0 2 26
213 0 4 26
213 0 6 24
213 0 9 23
213 0 12 26
213 0 13 28
213 0 14 27
213 1 1 26
213 1 2 29
213 1 3 29
213 1 8 27
213 1 9 26
213 1 10 29
213 1 13 31
213 1 14 30
213 2 0 26
213 2 1 29
213 2 3 29
213 2 4 27
213 2 7 26
213 2 8 29
213 2 9 31
213 2 12 30
213 3 0 24
213 3 2 27
213 3 4 27
213 3 6 25
213 3 9 24
213 3 10 27
213 3 12 29
213 3 14 28
213 9 1 23
213 9 2 26
213 9 3 26
213 9 4 24
213 9 8 23
213 9 11 26
213 9 12 28
213 9 14 27
214 0 1 53
214 0 2 56
214 0 4 56
214 0 6 54
214 0 9 53
214 0 12 56
214 0 13 58
214 0 14 57
214 8 2 53
214 8 3 50
214 8 5 49
214 8 6 45
214 8 7 45
214 8 8 48
214 8 12 48
214 8 14 55
214 9 1 48
214 9 2 53
214 9 3 45
214 9 4 53
214 9 8 50
214 9 11 45
214 9 12 53
214 9 14 52
215 1 1 17
215 1 2 15
215 1 3 17
215 1 8 16
215 1 9 16
215 1 10 18
215 1 13 16
215 1 14 18
215 2 0 15
215 2 1 13
215 2 3 15
215 2 4 14
215 2 7 14
215 2 8 16
215 2 9 14
215 2 12 16
215 7 0 17
215 7 2 15
215 7 4 17
215 7 5 16
215 7 8 16
215 7 11 18
215 7 12 16
215 7 13 18
216 0 1 74
216 0 2 65
216 0 4 76
216 0 6 70
216 0 9 70
216 0 12 80
216 0 13 69
216 0 14 80
216 3 0 73
216 3 2 82
216 3 4 88
216 3 6 86
216 3 9 79
216 3 10 88
216 3 12 78
216 3 14 83
216 6 0 79
216 6 2 88
216 6 4 94
216 6 9 92
216 6 10 85
216 6 11 94
216 6 12 84
216 6 14 89
216 12 0 77
216 12 1 86
216 12 2 92
216 12 3 90
216 12 7 83
216 12 9 92
216 12 10 82
216 12 14 87
217 2 0 19
217 2 1 22
217 2 3 22
217 2 4 20
217 2 7 19
217 2 8 22
217 2 9 24
217 2 12 23
217 4 0 19
217 4 1 22
217 4 3 22
217 4 4 20
217 4 7 19
217 4 9 22
217 4 12 24
217 4 13 23
217 5 0 19
217 5 1 17
217 5 2 19
217 5 6 18
217 5 8 18
217 5 9 20
217 5 11 18
217 5 12 20
217 11 0 19
217 11 1 22
217 11 5 22
217 11 6 20
217 11 9 19
217 11 10 22
217 11 11 24
217 11 13 23
218 4 0 51
218 4 1 54
218 4 3 54
218 4 4 52
218 4 7 51
218 4 9 54
218 4 12 56
218 4 13 55
218 5 0 54
218 5 1 57
218 5 2 57
218 5 6 55
218 5 8 54
218 5 9 57
218 5 11 59
218 5 12 58
218 6 0 54
218 6 2 57
218 6 4 57
218 6 9 55
218 6 10 54
218 6 11 57
218 6 12 59
218 6 14 58
218 7 0 52
218 7 2 55
218 7 4 55
218 7 5 53
218 7 8 52
218 7 11 55
218 7 12 57
218 7 13 56
218 11 0 51
218 11 1 54
218 11 5 54
218 11 6 52
218 11 9 51
218 11 10 54
218 11 11 56
218 11 13 55
219 2 0 22
219 2 1 22
219 2 3 19
219 2 4 22
219 2 7 19
219 2 8 19
219 2 9 22
219 2 12 21
219 3 0 20
219 3 2 23
219 3 4 23
219 3 6 21
219 3 9 20
219 3 10 23
219 3 12 25
219 3 14 24
219 10 1 20
219 10 2 23
219 10 5 23
219 10 7 21
219 10 8 20
219 10 9 23
219 10 10 25
219 10 11 24
219 12 0 18
219 12 1 21
219 12 2 21
219 12 3 19
219 12 7 18
219 12 9 21
219 12 10 23
219 12 14 22
219 14 0 22
219 14 4 22
219 14 5 19
219 14 6 22
219 14 9 19
219 14 11 19
219 14 12 22
219 14 13 21
220 8 2 35
220 8 3 31
220 8 5 36
220 8 6 33
220 8 7 33
220 8 8 38
220 8 12 33
220 8 14 38
220 10 1 31
220 10 2 27
220 10 5 32
220 10 7 29
220 10 8 29
220 10 9 34
220 10 10 29
220 10 11 34
220 11 0 36
220 11 1 32
220 11 5 37
220 11 6 34
220 11 9 34
220 11 10 39
220 11 11 34
220 11 13 39
220 12 0 33
220 12 1 29
220 12 2 34
220 12 3 31
220 12 7 31
220 12 9 36
220 12 10 31
220 12 14 36
220 14 0 33
220 14 4 29
220 14 5 34
220 14 6 31
220 14 9 31
220 14 11 36
220 14 12 31
220 14 13 36
221 9 1 45
221 9 2 50
221 9 3 42
221 9 4 50
221 9 8 47
221 9 11 42
221 9 12 50
221 9 14 49
221 10 1 51
221 10 2 54
221 10 5 54
221 10 7 52
221 10 8 51
221 10 9 54
221 10 10 56
221 10 11 55
221 13 2 42
221 13 4 47
221 13 5 39
221 13 6 47
221 13 8 44
221 13 11 39
221 13 13 47
221 13 14 46
222 2 0 75
222 2 1 66
222 2 3 77
222 2 4 71
222 2 7 71
222 2 8 81
222 2 9 70
222 2 12 81
222 3 0 74
222 3 2 83
222 3 4 89
222 3 6 87
222 3 9 80
222 3 10 89
222 3 12 79
222 3 14 84
222 4 0 80
222 4 1 89
222 4 3 95
222 4 4 93
222 4 7 86
222 4 9 95
222 4 12 85
222 4 13 90
222 5 0 78
222 5 1 87
222 5 2 93
222 5 6 91
222 5 8 84
222 5 9 93
222 5 11 83
222 5 12 88
222 6 0 88
222 6 2 87
222 6 4 84
222 6 9 88
222 6 10 72
222 6 11 86
222 6 12 81
222 6 14 88
223 0 1 18
223 0 2 16
223 0 4 18
223 0 6 17
223 0 9 17
223 0 12 19
223 0 13 17
223 0 14 19
223 5 0 18
223 5 1 21
223 5 2 21
223 5 6 19
223 5 8 18
223 5 9 21
223 5 11 23
223 5 12 22
223 9 1 18
223 9 2 21
223 9 3 21
223 9 4 19
223 9 8 18
223 9 11 21
223 9 12 23
223 9 14 22
224 3 0 56
224 3 2 59
224 3 4 59
224 3 6 57
224 3 9 56
224 3 10 59
224 3 12 61
224 3 14 60
224 5 0 59
224 5 1 62
224 5 2 62
224 5 6 60
224 5 8 59
224 5 9 62
224 5 11 64
224 5 12 63
224 7 0 59
224 7 2 62
224 7 4 62
224 7 5 60
224 7 8 59
224 7 11 62
224 7 12 64
224 7 13 63
224 9 1 57
224 9 2 60
224 9 3 60
224 9 4 58
224 9 8 57
224 9 11 60
224 9 12 62
224 9 14 61
225 3 0 79
225 3 2 70
225 3 4 81
225 3 6 75
225 3 9 75
225 3 10 85
225 3 12 74
225 3 14 85
225 6 0 78
225 6 2 87
225 6 4 93
225 6 9 91
225 6 10 84
225 6 11 93
225 6 12 83
225 6 14 88
225 12 0 97
225 12 1 92
225 12 2 84
225 12 3 102
225 12 7 89
225 12 9 84
225 12 10 102
225 12 14 101
226 6 0 73
226 6 2 64
226 6 4 75
226 6 9 69
226 6 10 69
226 6 11 79
226 6 12 68
226 6 14 79
226 7 0 72
226 7 2 81
226 7 4 87
226 7 5 85
226 7 8 78
226 7 11 87
226 7 12 77
226 7 13 82
226 9 1 78
226 9 2 87
226 9 3 93
226 9 4 91
226 9 8 84
226 9 11 93
226 9 12 83
226 9 14 88
227 6 0 103
227 6 2 98
227 6 4 90
227 6 9 108
227 6 10 95
227 6 11 90
227 6 12 108
227 6 14 107
227 8 2 100
227 8 3 95
227 8 5 87
227 8 6 105
227 8 7 92
227 8 8 87
227 8 12 105
227 8 14 104
227 12 0 102
227 12 1 99
227 12 2 109
227 12 3 105
227 12 7 94
227 12 9 97
227 12 10 97
227 12 14 104
228 0 1 58
228 0 2 69
228 0 4 57
228 0 6 57
228 0 9 58
228 0 12 59
228 0 13 59
228 0 14 66
228 5 0 75
228 5 1 66
228 5 2 77
228 5 6 71
228 5 8 71
228 5 9 81
228 5 11 70
228 5 12 81
228 9 1 57
228 9 2 68
228 9 3 56
228 9 4 56
228 9 8 57
228 9 11 58
228 9 12 58
228 9 14 65
228 10 1 57
228 10 2 68
228 10 5 56
228 10 7 56
228 10 8 57
228 10 9 58
228 10 10 58
228 10 11 65
229 7 0 34
229 7 2 30
229 7 4 35
229 7 5 32
229 7 8 32
229 7 11 37
229 7 12 32
229 7 13 37
229 12 0 29
229 12 1 33
229 12 2 28
229 12 3 28
229 12 7 29
229 12 9 30
229 12 10 30
229 12 14 30
229 13 2 35
229 13 4 31
229 13 5 36
229 13 6 33
229 13 8 33
229 13 11 38
229 13 13 33
229 13 14 38
230 3 0 103
230 3 2 98
230 3 4 90
230 3 6 108
230 3 9 95
230 3 10 90
230 3 12 108
230 3 14 107
230 4 0 100
230 4 1 95
230 4 3 87
230 4 4 105
230 4 7 92
230 4 9 87
230 4 12 105
230 4 13 104
230 6 0 102
230 6 2 99
230 6 4 109
230 6 9 105
230 6 10 94
230 6 11 97
230 6 12 97
230 6 14 104
230 9 1 95
230 9 2 90
230 9 3 82
230 9 4 100
230 9 8 87
230 9 11 82
230 9 12 100
230 9 14 99
230 14 0 103
230 14 4 98
230 14 5 90
230 14 6 108
230 14 9 95
230 14 11 90
230 14 12 108
230 14 13 107
231 3 0 16
231 3 2 14
231 3 4 16
231 3 6 15
231 3 9 15
231 3 10 17
231 3 12 15
231 3 14 17
231 7 0 14
231 7 2 12
231 7 4 14
231 7 5 13
231 7 8 13
231 7 11 15
231 7 12 13
231 7 13 15
231 12 0 16
231 12 1 14
231 12 2 16
231 12 3 15
231 12 7 15
231 12 9 17
231 12 10 15
231 12 14 17
231 13 2 15
231 13 4 13
231 13 5 15
231 13 6 14
231 13 8 14
231 13 11 16
231 13 13 14
231 13 14 16
231 14 0 15
231 14 4 13
231 14 5 15
231 14 6 14
231 14 9 14
231 14 11 16
231 14 12 14
231 14 13 16
232 4 0 74
232 4 1 65
232 4 3 76
232 4 4 70
232 4 7 70
232 4 9 80
232 4 12 69
232 4 13 80
232 8 2 73
232 8 3 82
232 8 5 88
232 8 6 86
232 8 7 79
232 8 8 88
232 8 12 78
232 8 14 83
232 9 1 79
232 9 2 88
232 9 3 94
232 9 4 92
232 9 8 85
232 9 11 94
232 9 12 84
232 9 14 89
232 10 1 77
232 10 2 86
232 10 5 92
232 10 7 90
232 10 8 83
232 10 9 92
232 10 10 82
232 10 11 87
232 13 2 80
232 13 4 71
232 13 5 82
232 13 6 76
232 13 8 76
232 13 11 86
232 13 13 75
232 13 14 86
233 0 1 55
233 0 2 58
233 0 4 58
233 0 6 56
233 0 9 55
233 0 12 58
233 0 13 60
233 0 14 59
233 1 1 57
233 1 2 68
233 1 3 56
233 1 8 56
233 1 9 57
233 1 10 58
233 1 13 58
233 1 14 65
233 2 0 61
233 2 1 72
233 2 3 60
233 2 4 60
233 2 7 61
233 2 8 62
233 2 9 62
233 2 12 69
233 5 0 59
233 5 1 62
233 5 2 62
233 5 6 60
233 5 8 59
233 5 9 62
233 5 11 64
233 5 12 63
233 13 2 59
233 13 4 70
233 13 5 58
233 13 6 58
233 13 8 59
233 13 11 60
233 13 13 60
233 13 14 67
234 0 1 78
234 0 2 69
234 0 4 80
234 0 6 74
234 0 9 74
234 0 12 84
234 0 13 73
234 0 14 84
234 3 0 77
234 3 2 86
234 3 4 92
234 3 6 90
234 3 9 83
234 3 10 92
234 3 12 82
234 3 14 87
234 4 0 96
234 4 1 91
234 4 3 83
234 4 4 101
234 4 7 88
234 4 9 83
234 4 12 101
234 4 13 100
234 8 2 97
234 8 3 87
234 8 5 94
234 8 6 92
234 8 7 83
234 8 8 90
234 8 12 88
234 8 14 83
234 9 1 74
234 9 2 83
234 9 3 89
234 9 4 87
234 9 8 80
234 9 11 89
234 9 12 79
234 9 14 84
235 6 0 99
235 6 2 94
235 6 4 86
235 6 9 104
235 6 10 91
235 6 11 86
235 6 12 104
235 6 14 103
235 10 1 97
235 10 2 87
235 10 5 94
235 10 7 92
235 10 8 83
235 10 9 90
235 10 10 88
235 10 11 83
235 12 0 73
235 12 1 82
235 12 2 88
235 12 3 86
235 12 7 79
235 12 9 88
235 12 10 78
235 12 14 83
236 7 0 101
236 7 2 96
236 7 4 88
236 7 5 106
236 7 8 93
236 7 11 88
236 7 12 106
236 7 13 105
236 9 1 78
236 9 2 87
236 9 3 93
236 9 4 91
236 9 8 84
236 9 11 93
236 9 12 83
236 9 14 88
236 11 0 98
236 11 1 93
236 11 5 85
236 11 6 103
236 11 9 90
236 11 10 85
236 11 11 103
236 11 13 102
236 12 0 96
236 12 1 91
236 12 2 83
236 12 3 101
236 12 7 88
236 12 9 83
236 12 10 101
236 12 14 100
237 1 1 77
237 1 2 68
237 1 3 79
237 1 8 73
237 1 9 73
237 1 10 83
237 1 13 72
237 1 14 83
237 4 0 76
237 4 1 85
237 4 3 91
237 4 4 89
237 4 7 82
237 4 9 91
237 4 12 81
237 4 13 86
237 8 2 95
237 8 3 90
237 8 5 82
237 8 6 100
237 8 7 87
237 8 8 82
237 8 12 100
237 8 14 99
238 0 1 38
238 0 2 34
238 0 4 39
238 0 6 36
238 0 9 36
238 0 12 41
238 0 13 36
238 0 14 41
238 4 0 34
238 4 1 30
238 4 3 35
238 4 4 32
238 4 7 32
238 4 9 37
238 4 12 32
238 4 13 37
238 5 0 39
238 5 1 35
238 5 2 40
238 5 6 37
238 5 8 37
238 5 9 42
238 5 11 37
238 5 12 42
238 13 2 36
238 13 4 32
238 13 5 37
238 13 6 34
238 13 8 34
238 13 11 39
238 13 13 34
238 13 14 39
239 4 0 56
239 4 1 67
239 4 3 55
239 4 4 55
239 4 7 56
239 4 9 57
239 4 12 57
239 4 13 64
239 10 1 73
239 10 2 64
239 10 5 75
239 10 7 69
239 10 8 69
239 10 9 79
239 10 10 68
239 10 11 79
239 11 0 55
239 11 1 62
239 11 5 66
239 11 6 59
239 11 9 64
239 11 10 56
239 11 11 54
239 11 13 64
240 0 1 47
240 0 2 52
240 0 4 44
240 0 6 52
240 0 9 49
240 0 12 44
240 0 13 52
240 0 14 51
240 1 1 53
240 1 2 56
240 1 3 56
240 1 8 54
240 1 9 53
240 1 10 56
240 1 13 58
240 1 14 57
240 3 0 44
240 3 2 49
240 3 4 41
240 3 6 49
240 3 9 46
240 3 10 41
240 3 12 49
240 3 14 48
240 6 0 53
240 6 2 56
240 6 4 56
240 6 9 54
240 6 10 53
240 6 11 56
240 6 12 58
240 6 14 57
241 0 1 15
241 0 2 13
241 0 4 15
241 0 6 14
241 0 9 14
241 0 12 16
241 0 13 14
241 0 14 16
241 2 0 13
241 2 1 11
241 2 3 13
241 2 4 12
241 2 7 12
241 2 8 14
241 2 9 12
241 2 12 14
241 3 0 15
241 3 2 13
241 3 4 15
241 3 6 14
241 3 9 14
241 3 10 16
241 3 12 14
241 3 14 16
241 8 2 14
241 8 3 12
241 8 5 14
241 8 6 13
241 8 7 13
241 8 8 15
241 8 12 13
241 8 14 15
241 12 0 14
241 12 1 12
241 12 2 14
241 12 3 13
241 12 7 13
241 12 9 15
241 12 10 13
241 12 14 15
242 7 0 100
242 7 2 97
242 7 4 107
242 7 5 103
242 7 8 92
242 7 11 95
242 7 12 95
242 7 13 102
242 10 1 102
242 10 2 97
242 10 5 89
242 10 7 107
242 10 8 94
242 10 9 89
242 10 10 107
242 10 11 106
242 12 0 97
242 12 1 87
242 12 2 94
242 12 3 92
242 12 7 83
242 12 9 90
242 12 10 88
242 12 14 83
243 4 0 78
243 4 1 69
243 4 3 80
243 4 4 74
243 4 7 74
243 4 9 84
243 4 12 73
243 4 13 84
243 6 0 77
243 6 2 86
243 6 4 92
243 6 9 90
243 6 10 83
243 6 11 92
243 6 12 82
243 6 14 87
243 8 2 96
243 8 3 91
243 8 5 83
243 8 6 101
243 8 7 88
243 8 8 83
243 8 12 101
243 8 14 100
244 0 1 53
244 0 2 56
244 0 4 56
244 0 6 54
244 0 9 53
244 0 12 56
244 0 13 58
244 0 14 57
244 3 0 53
244 3 2 50
244 3 4 49
244 3 6 45
244 3 9 45
244 3 10 48
244 3 12 48
244 3 14 55
244 7 0 48
244 7 2 53
244 7 4 45
244 7 5 53
244 7 8 50
244 7 11 45
244 7 12 53
244 7 13 52
244 9 1 44
244 9 2 49
244 9 3 41
244 9 4 49
244 9 8 46
244 9 11 41
244 9 12 49
244 9 14 48
244 14 0 44
244 14 4 49
244 14 5 41
244 14 6 49
244 14 9 46
244 14 11 41
244 14 12 49
244 14 13 48
245 4 0 19
245 4 1 22
245 4 3 22
245 4 4 20
245 4 7 19
245 4 9 22
245 4 12 24
245 4 13 23
245 7 0 19
245 7 2 22
245 7 4 22
245 7 5 20
245 7 8 19
245 7 11 22
245 7 12 24
245 7 13 23
245 8 2 19
245 8 3 17
245 8 5 19
245 8 6 18
245 8 7 18
245 8 8 20
245 8 12 18
245 8 14 20
245 14 0 19
245 14 4 22
245 14 5 22
245 14 6 20
245 14 9 19
245 14 11 22
245 14 12 24
245 14 13 23
246 0 1 57
246 0 2 60
246 0 4 60
246 0 6 58
246 0 9 57
246 0 12 60
246 0 13 62
246 0 14 61
246 3 0 55
246 3 2 62
246 3 4 66
246 3 6 59
246 3 9 64
246 3 10 56
246 3 12 54
246 3 14 64
246 4 0 55
246 4 1 62
246 4 3 66
246 4 4 59
246 4 7 64
246 4 9 56
246 4 12 54
246 4 13 64
246 8 2 58
246 8 3 61
246 8 5 61
246 8 6 59
246 8 7 58
246 8 8 61
246 8 12 63
246 8 14 62
246 10 1 57
246 10 2 60
246 10 5 60
246 10 7 58
246 10 8 57
246 10 9 60
246 10 10 62
246 10 11 61
247 1 1 15
247 1 2 13
247 1 3 15
247 1 8 14
247 1 9 14
247 1 10 16
247 1 13 14
247 1 14 16
247 3 0 13
247 3 2 11
247 3 4 13
247 3 6 12
247 3 9 12
247 3 10 14
247 3 12 12
247 3 14 14
247 8 2 15
247 8 3 13
247 8 5 15
247 8 6 14
247 8 7 14
247 8 8 16
247 8 12 14
247 8 14 16
248 6 0 77
248 6 2 68
248 6 4 79
248 6 9 73
248 6 10 73
248 6 11 83
248 6 12 72
248 6 14 83
248 12 0 76
248 12 1 85
248 12 2 91
248 12 3 89
248 12 7 82
248 12 9 91
248 12 10 81
248 12 14 86
248 14 0 95
248 14 4 90
248 14 5 82
248 14 6 100
248 14 9 87
248 14 11 82
248 14 12 100
248 14 13 99
249 0 1 88
249 0 2 87
249 0 4 84
249 0 6 88
249 0 9 72
249 0 12 86
249 0 13 81
249 0 14 88
249 4 0 80
249 4 1 89
249 4 3 95
249 4 4 93
249 4 7 86
249 4 9 95
249 4 12 85
249 4 13 90
249 8 2 99
249 8 3 94
249 8 5 86
249 8 6 104
249 8 7 91
249 8 8 86
249 8 12 104
249 8 14 103
249 9 1 97
249 9 2 92
249 9 3 84
249 9 4 102
249 9 8 89
249 9 11 84
249 9 12 102
249 9 14 101
249 14 0 77
249 14 4 86
249 14 5 92
249 14 6 90
249 14 9 83
249 14 11 92
249 14 12 82
249 14 13 87
250 4 0 76
250 4 1 67
250 4 3 78
250 4 4 72
250 4 7 72
250 4 9 82
250 4 12 71
250 4 13 82
250 10 1 75
250 10 2 84
250 10 5 90
250 10 7 88
250 10 8 81
250 10 9 90
250 10 10 80
250 10 11 85
250 13 2 97
250 13 4 87
250 13 5 94
250 13 6 92
250 13 8 83
250 13 11 90
250 13 13 88
250 13 14 83
250 14 0 79
250 14 4 88
250 14 5 94
250 14 6 92
250 14 9 85
250 14 11 94
250 14 12 84
250 14 13 89
251 7 0 76
251 7 2 67
251 7 4 78
251 7 5 72
251 7 8 72
251 7 11 82
251 7 12 71
251 7 13 82
251 12 0 61
251 12 1 72
251 12 2 60
251 12 3 60
251 12 7 61
251 12 9 62
251 12 10 62
251 12 14 69
251 13 2 78
251 13 4 69
251 13 5 80
251 13 6 74
251 13 8 74
251 13 11 84
251 13 13 73
251 13 14 84
251 14 0 72
251 14 4 63
251 14 5 74
251 14 6 68
251 14 9 68
251 14 11 78
251 14 12 67
251 14 13 78
252 1 1 26
252 1 2 29
252 1 3 29
252 1 8 27
252 1 9 26
252 1 10 29
252 1 13 31
252 1 14 30
252 4 0 33
252 4 1 29
252 4 3 34
252 4 4 31
252 4 7 31
252 4 9 36
252 4 12 31
252 4 13 36
252 8 2 25
252 8 3 28
252 8 5 28
252 8 6 26
252 8 7 25
252 8 8 28
252 8 12 30
252 8 14 29
253 3 0 42
253 3 2 47
253 3 4 39
253 3 6 47
253 3 9 44
253 3 10 39
253 3 12 47
253 3 14 46
253 7 0 47
253 7 2 52
253 7 4 44
253 7 5 52
253 7 8 49
253 7 11 44
253 7 12 52
253 7 13 51
253 14 0 36
253 14 4 36
253 14 5 42
253 14 6 40
253 14 9 42
253 14 11 42
253 14 12 41
253 14 13 37
254 0 1 73
254 0 2 64
254 0 4 75
254 0 6 69
254 0 9 69
254 0 12 79
254 0 13 68
254 0 14 79
254 5 0 72
254 5 1 81
254 5 2 87
254 5 6 85
254 5 8 78
254 5 9 87
254 5 11 77
254 5 12 82
254 7 0 78
254 7 2 87
254 7 4 93
254 7 5 91
254 7 8 84
254 7 11 93
254 7 12 83
254 7 13 88
254 10 1 76
254 10 2 85
254 10 5 91
254 10 7 89
254 10 8 82
254 10 9 91
254 10 10 81
254 10 11 86
254 12 0 79
254 12 1 70
254 12 2 81
254 12 3 75
254 12 7 75
254 12 9 85
254 12 10 74
254 12 14 85
255 1 1 76
255 1 2 67
255 1 3 78
255 1 8 72
255 1 9 72
255 1 10 82
255 1 13 71
255 1 14 82
255 4 0 75
255 4 1 84
255 4 3 90
255 4 4 88
255 4 7 81
255 4 9 90
255 4 12 80
255 4 13 85
255 6 0 97
255 6 2 87
255 6 4 94
255 6 9 92
255 6 10 83
255 6 11 90
255 6 12 88
255 6 14 83
255 11 0 79
255 11 1 88
255 11 5 94
255 11 6 92
255 11 9 85
255 11 10 94
255 11 11 84
255 11 13 89
255 12 0 72
255 12 1 81
255 12 2 87
255 12 3 85
255 12 7 78
255 12 9 87
255 12 10 77
255 12 14 82
256 0 1 79
256 0 2 70
256 0 4 81
256 0 6 75
256 0 9 75
256 0 12 85
256 0 13 74
256 0 14 85
256 1 1 64
256 1 2 75
256 1 3 63
256 1 8 63
256 1 9 64
256 1 10 65
256 1 13 65
256 1 14 72
256 2 0 88
256 2 1 87
256 2 3 84
256 2 4 88
256 2 7 72
256 2 8 86
256 2 9 81
256 2 12 88
256 7 0 75
256 7 2 66
256 7 4 77
256 7 5 71
256 7 8 71
256 7 11 81
256 7 12 70
256 7 13 81
256 14 0 75
256 14 4 66
256 14 5 77
256 14 6 71
256 14 9 71
256 14 11 81
256 14 12 70
256 14 13 81
257 10 1 73
257 10 2 64
257 10 5 75
257 10 7 69
257 10 8 69
257 10 9 79
257 10 10 68
257 10 11 79
257 11 0 72
257 11 1 81
257 11 5 87
257 11 6 85
257 11 9 78
257 11 10 87
257 11 11 77
257 11 13 82
257 12 0 78
257 12 1 87
257 12 2 93
257 12 3 91
257 12 7 84
257 12 9 93
257 12 10 83
257 12 14 88
258 0 1 12
258 0 2 10
258 0 4 12
258 0 6 11
258 0 9 11
258 0 12 13
258 0 13 11
258 0 14 13
258 2 0 9
258 2 1 9
258 2 3 9
258 2 4 10
258 2 7 9
258 2 8 9
258 2 9 11
258 2 12 10
258 5 0 12
258 5 1 10
258 5 2 12
258 5 6 11
258 5 8 11
258 5 9 13
258 5 11 11
258 5 12 13
258 10 1 11
258 10 2 9
258 10 5 11
258 10 7 10
258 10 8 10
258 10 9 12
258 10 10 10
258 10 11 12
258 11 0 11
258 11 1 9
258 11 5 11
258 11 6 10
258 11 9 10
258 11 10 12
258 11 11 10
258 11 13 12
259 0 1 55
259 0 2 58
259 0 4 58
259 0 6 56
259 0 9 55
259 0 12 58
259 0 13 60
259 0 14 59
259 5 0 57
259 5 1 68
259 5 2 56
259 5 6 56
259 5 8 57
259 5 9 58
259 5 11 58
259 5 12 65
259 7 0 61
259 7 2 72
259 7 4 60
259 7 5 60
259 7 8 61
259 7 11 62
259 7 12 62
259 7 13 69
259 14 0 59
259 14 4 62
259 14 5 62
259 14 6 60
259 14 9 59
259 14 11 62
259 14 12 64
259 14 13 63
260 7 0 99
260 7 2 96
260 7 4 105
260 7 5 91
260 7 8 99
260 7 11 93
260 7 12 107
260 7 13 100
260 8 2 99
260 8 3 94
260 8 5 86
260 8 6 104
260 8 7 91
260 8 8 86
260 8 12 104
260 8 14 103
260 14 0 78
260 14 4 87
260 14 5 93
260 14 6 91
260 14 9 84
260 14 11 93
260 14 12 83
260 14 13 88
261 0 1 37
261 0 2 33
261 0 4 38
261 0 6 35
261 0 9 35
261 0 12 40
261 0 13 35
261 0 14 40
261 2 0 33
261 2 1 29
261 2 3 34
261 2 4 31
261 2 7 31
261 2 8 36
261 2 9 31
261 2 12 36
261 5 0 38
261 5 1 34
261 5 2 39
261 5 6 36
261 5 8 36
261 5 9 41
261 5 11 36
261 5 12 41
261 6 0 35
261 6 2 31
261 6 4 36
261 6 9 33
261 6 10 33
261 6 11 38
261 6 12 33
261 6 14 38
261 8 2 35
261 8 3 31
261 8 5 36
261 8 6 33
261 8 7 33
261 8 8 38
261 8 12 33
261 8 14 38
262 3 0 58
262 3 2 61
262 3 4 61
262 3 6 59
262 3 9 58
262 3 10 61
262 3 12 63
262 3 14 62
262 5 0 56
262 5 1 67
262 5 2 55
262 5 6 55
262 5 8 56
262 5 9 57
262 5 11 57
262 5 12 64
262 13 2 56
262 13 4 67
262 13 5 55
262 13 6 55
262 13 8 56
262 13 11 57
262 13 13 57
262 13 14 64
263 6 0 77
263 6 2 68
263 6 4 79
263 6 9 73
263 6 10 73
263 6 11 83
263 6 12 72
263 6 14 83
263 12 0 62
263 12 1 73
263 12 2 61
263 12 3 61
263 12 7 62
263 12 9 63
263 12 10 63
263 12 14 70
263 14 0 79
263 14 4 70
263 14 5 81
263 14 6 75
263 14 9 75
263 14 11 85
263 14 12 74
263 14 13 85
264 1 1 76
264 1 2 67
264 1 3 78
264 1 8 72
264 1 9 72
264 1 10 82
264 1 13 71
264 1 14 82
264 9 1 61
264 9 2 72
264 9 3 60
264 9 4 60
264 9 8 61
264 9 11 62
264 9 12 62
264 9 14 69
264 12 0 78
264 12 1 69
264 12 2 80
264 12 3 74
264 12 7 74
264 12 9 84
264 12 10 73
264 12 14 84
264 13 2 72
264 13 4 63
264 13 5 74
264 13 6 68
264 13 8 68
264 13 11 78
264 13 13 67
264 13 14 78
265 7 0 74
265 7 2 65
265 7 4 76
265 7 5 70
265 7 8 70
265 7 11 80
265 7 12 69
265 7 13 80
265 9 1 73
265 9 2 82
265 9 3 88
265 9 4 86
265 9 8 79
265 9 11 88
265 9 12 78
265 9 14 83
265 13 2 79
265 13 4 88
265 13 5 94
265 13 6 92
265 13 8 85
265 13 11 94
265 13 13 84
265 13 14 89
266 2 0 76
266 2 1 67
266 2 3 78
266 2 4 72
266 2 7 72
266 2 8 82
266 2 9 71
266 2 12 82
266 6 0 61
266 6 2 72
266 6 4 60
266 6 9 60
266 6 10 61
266 6 11 62
266 6 12 62
266 6 14 69
266 12 0 78
266 12 1 69
266 12 2 80
266 12 3 74
266 12 7 74
266 12 9 84
266 12 10 73
266 12 14 84
266 13 2 72
266 13 4 63
266 13 5 74
266 13 6 68
266 13 8 68
266 13 11 78
266 13 13 67
266 13 14 78
266 14 0 72
266 14 4 63
266 14 5 74
266 14 6 68
266 14 9 68
266 14 11 78
266 14 12 67
266 14 13 78
267 4 0 18
267 4 1 16
267 4 3 18
267 4 4 17
267 4 7 17
267 4 9 19
267 4 12 17
267 4 13 19
267 5 0 16
267 5 1 14
267 5 2 16
267 5 6 15
267 5 8 15
267 5 9 17
267 5 11 15
267 5 12 17
267 6 0 18
267 6 2 16
267 6 4 18
267 6 9 17
267 6 10 17
267 6 11 19
267 6 12 17
267 6 14 19
267 13 2 17
267 13 4 15
267 13 5 17
267 13 6 16
267 13 8 16
267 13 11 18
267 13 13 16
267 13 14 18
268 2 0 40
268 2 1 45
268 2 3 37
268 2 4 45
268 2 7 42
268 2 8 37
268 2 9 45
268 2 12 44
268 9 1 45
268 9 2 50
268 9 3 42
268 9 4 50
268 9 8 47
268 9 11 42
268 9 12 50
268 9 14 49
268 10 1 38
268 10 2 34
268 10 5 39
268 10 7 36
268 10 8 36
268 10 9 41
268 10 10 36
268 10 11 41
268 12 0 45
268 12 1 50
268 12 2 42
268 12 3 50
268 12 7 47
268 12 9 42
268 12 10 50
268 12 14 49
268 14 0 42
268 14 4 47
268 14 5 39
268 14 6 47
268 14 9 44
268 14 11 39
268 14 12 47
268 14 13 46
269 1 1 46
269 1 2 51
269 1 3 43
269 1 8 51
269 1 9 48
269 1 10 43
269 1 13 51
269 1 14 50
269 5 0 52
269 5 1 55
269 5 2 55
269 5 6 53
269 5 8 52
269 5 9 55
269 5 11 57
269 5 12 56
269 10 1 43
269 10 2 48
269 10 5 40
269 10 7 48
269 10 8 45
269 10 9 40
269 10 10 48
269 10 11 47
269 14 0 52
269 14 4 55
269 14 5 55
269 14 6 53
269 14 9 52
269 14 11 55
269 14 12 57
269 14 13 56
270 0 1 75
270 0 2 66
270 0 4 77
270 0 6 71
270 0 9 71
270 0 12 81
270 0 13 70
270 0 14 81
270 2 0 74
270 2 1 83
270 2 3 89
270 2 4 87
270 2 7 80
270 2 8 89
270 2 9 79
270 2 12 84
270 3 0 80
270 3 2 89
270 3 4 95
270 3 6 93
270 3 9 86
270 3 10 95
270 3 12 85
270 3 14 90
270 13 2 78
270 13 4 87
270 13 5 93
270 13 6 91
270 13 8 84
270 13 11 93
270 13 13 83
270 13 14 88
270 14 0 88
270 14 4 87
270 14 5 84
270 14 6 88
270 14 9 72
270 14 11 86
270 14 12 81
270 14 13 88
271 0 1 99
271 0 2 96
271 0 4 106
271 0 6 102
271 0 9 91
271 0 12 94
271 0 13 94
271 0 14 101
271 2 0 101
271 2 1 96
271 2 3 88
271 2 4 106
271 2 7 93
271 2 8 88
271 2 9 106
271 2 12 105
271 8 2 80
271 8 3 89
271 8 5 95
271 8 6 93
271 8 7 86
271 8 8 95
271 8 12 85
271 8 14 90
271 10 1 104
271 10 2 101
271 10 5 111
271 10 7 107
271 10 8 96
271 10 9 99
271 10 10 99
271 10 11 106
271 13 2 98
271 13 4 93
271 13 5 85
271 13 6 103
271 13 8 90
271 13 11 85
271 13 13 103
271 13 14 102
272 3 0 73
272 3 2 64
272 3 4 75
272 3 6 69
272 3 9 69
272 3 10 79
272 3 12 68
272 3 14 79
272 4 0 72
272 4 1 81
272 4 3 87
272 4 4 85
272 4 7 78
272 4 9 87
272 4 12 77
272 4 13 82
272 5 0 78
272 5 1 87
272 5 2 93
272 5 6 91
272 5 8 84
272 5 9 93
272 5 11 83
272 5 12 88
272 9 1 76
272 9 2 85
272 9 3 91
272 9 4 89
272 9 8 82
272 9 11 91
272 9 12 81
272 9 14 86
272 12 0 79
272 12 1 70
272 12 2 81
272 12 3 75
272 12 7 75
272 12 9 85
272 12 10 74
272 12 14 85
273 2 0 21
273 2 1 24
273 2 3 24
273 2 4 22
273 2 7 21
273 2 8 24
273 2 9 26
273 2 12 25
273 4 0 24
273 4 1 27
273 4 3 27
273 4 4 25
273 4 7 24
273 4 9 27
273 4 12 29
273 4 13 28
273 6 0 24
273 6 2 27
273 6 4 27
273 6 9 25
273 6 10 24
273 6 11 27
273 6 12 29
273 6 14 28
273 7 0 22
273 7 2 25
273 7 4 25
273 7 5 23
273 7 8 22
273 7 11 25
273 7 12 27
273 7 13 26
273 11 0 21
273 11 1 24
273 11 5 24
273 11 6 22
273 11 9 21
273 11 10 24
273 11 11 26
273 11 13 25
274 2 0 18
274 2 1 16
274 2 3 18
274 2 4 17
274 2 7 17
274 2 8 19
274 2 9 17
274 2 12 19
274 6 0 16
274 6 2 14
274 6 4 16
274 6 9 15
274 6 10 15
274 6 11 17
274 6 12 15
274 6 14 17
274 11 0 18
274 11 1 16
274 11 5 18
274 11 6 17
274 11 9 17
274 11 10 19
274 11 11 17
274 11 13 19
274 12 0 17
274 12 1 15
274 12 2 17
274 12 3 16
274 12 7 16
274 12 9 18
274 12 10 16
274 12 14 18
274 13 2 17
274 13 4 15
274 13 5 17
274 13 6 16
274 13 8 16
274 13 11 18
274 13 13 16
274 13 14 18
275 0 1 57
275 0 2 60
275 0 4 60
275 0 6 58
275 0 9 57
275 0 12 60
275 0 13 62
275 0 14 61
275 1 1 55
275 1 2 62
275 1 3 66
275 1 8 59
275 1 9 64
275 1 10 56
275 1 13 54
275 1 14 64
275 4 0 55
275 4 1 62
275 4 3 66
275 4 4 59
275 4 7 64
275 4 9 56
275 4 12 54
275 4 13 64
275 8 2 58
275 8 3 61
275 8 5 61
275 8 6 59
275 8 7 58
275 8 8 61
275 8 12 63
275 8 14 62
275 10 1 57
275 10 2 60
275 10 5 60
275 10 7 58
275 10 8 57
275 10 9 60
275 10 10 62
275 10 11 61
276 2 0 43
276 2 1 48
276 2 3 40
276 2 4 48
276 2 7 45
276 2 8 40
276 2 9 48
276 2 12 47
276 4 0 48
276 4 1 53
276 4 3 45
276 4 4 53
276 4 7 50
276 4 9 45
276 4 12 53
276 4 13 52
276 6 0 40
276 6 2 45
276 6 4 37
276 6 9 45
276 6 10 42
276 6 11 37
276 6 12 45
276 6 14 44
276 9 1 48
276 9 2 53
276 9 3 45
276 9 4 53
276 9 8 50
276 9 11 45
276 9 12 53
276 9 14 52
276 12 0 45
276 12 1 50
276 12 2 42
276 12 3 50
276 12 7 47
276 12 9 42
276 12 10 50
276 12 14 49
277 0 1 79
277 0 2 70
277 0 4 81
277 0 6 75
277 0 9 75
277 0 12 85
277 0 13 74
277 0 14 85
277 4 0 64
277 4 1 75
277 4 3 63
277 4 4 63
277 4 7 64
277 4 9 65
277 4 12 65
277 4 13 72
277 7 0 88
277 7 2 87
277 7 4 84
277 7 5 88
277 7 8 72
277 7 11 86
277 7 12 81
277 7 13 88
277 9 1 75
277 9 2 66
277 9 3 77
277 9 4 71
277 9 8 71
277 9 11 81
277 9 12 70
277 9 14 81
278 0 1 56
278 0 2 67
278 0 4 55
278 0 6 55
278 0 9 56
278 0 12 57
278 0 13 57
278 0 14 64
278 2 0 73
278 2 1 64
278 2 3 75
278 2 4 69
278 2 7 69
278 2 8 79
278 2 9 68
278 2 12 79
278 6 0 55
278 6 2 62
278 6 4 66
278 6 9 59
278 6 10 64
278 6 11 56
278 6 12 54
278 6 14 64
279 0 1 77
279 0 2 68
279 0 4 79
279 0 6 73
279 0 9 73
279 0 12 83
279 0 13 72
279 0 14 83
279 9 1 62
279 9 2 73
279 9 3 61
279 9 4 61
279 9 8 62
279 9 11 63
279 9 12 63
279 9 14 70
279 13 2 79
279 13 4 70
279 13 5 81
279 13 6 75
279 13 8 75
279 13 11 85
279 13 13 74
279 13 14 85
280 1 1 79
280 1 2 70
280 1 3 81
280 1 8 75
280 1 9 75
280 1 10 85
280 1 13 74
280 1 14 85
280 2 0 64
280 2 1 75
280 2 3 63
280 2 4 63
280 2 7 64
280 2 8 65
280 2 9 65
280 2 12 72
280 11 0 88
280 11 1 87
280 11 5 84
280 11 6 88
280 11 9 72
280 11 10 86
280 11 11 81
280 11 13 88
281 0 1 51
281 0 2 54
281 0 4 54
281 0 6 52
281 0 9 51
281 0 12 54
281 0 13 56
281 0 14 55
281 3 0 54
281 3 2 57
281 3 4 57
281 3 6 55
281 3 9 54
281 3 10 57
281 3 12 59
281 3 14 58
281 4 0 54
281 4 1 57
281 4 3 57
281 4 4 55
281 4 7 54
281 4 9 57
281 4 12 59
281 4 13 58
282 6 0 100
282 6 2 97
282 6 4 107
282 6 9 103
282 6 10 92
282 6 11 95
282 6 12 95
282 6 14 102
282 7 0 102
282 7 2 97
282 7 4 89
282 7 5 107
282 7 8 94
282 7 11 89
282 7 12 107
282 7 13 106
282 12 0 97
282 12 1 87
282 12 2 94
282 12 3 92
282 12 7 83
282 12 9 90
282 12 10 88
282 12 14 83
282 14 0 105
282 14 4 102
282 14 5 112
282 14 6 108
282 14 9 97
282 14 11 100
282 14 12 100
282 14 13 107
283 1 1 41
283 1 2 46
283 1 3 38
283 1 8 46
283 1 9 43
283 1 10 38
283 1 13 46
283 1 14 45
283 2 0 46
283 2 1 51
283 2 3 43
283 2 4 51
283 2 7 48
283 2 8 43
283 2 9 51
283 2 12 50
283 5 0 39
283 5 1 35
283 5 2 40
283 5 6 37
283 5 8 37
283 5 9 42
283 5 11 37
283 5 12 42
283 13 2 46
283 13 4 51
283 13 5 43
283 13 6 51
283 13 8 48
283 13 11 43
283 13 13 51
283 13 14 50
284 2 0 21
284 2 1 24
284 2 3 24
284 2 4 22
284 2 7 21
284 2 8 24
284 2 9 26
284 2 12 25
284 4 0 24
284 4 1 27
284 4 3 27
284 4 4 25
284 4 7 24
284 4 9 27
284 4 12 29
284 4 13 28
284 12 0 24
284 12 1 27
284 12 2 27
284 12 3 25
284 12 7 24
284 12 9 27
284 12 10 29
284 12 14 28
284 14 0 22
284 14 4 25
284 14 5 25
284 14 6 23
284 14 9 22
284 14 11 25
284 14 12 27
284 14 13 26
285 3 0 76
285 3 2 67
285 3 4 78
285 3 6 72
285 3 9 72
285 3 10 82
285 3 12 71
285 3 14 82
285 6 0 61
285 6 2 72
285 6 4 60
285 6 9 60
285 6 10 61
285 6 11 62
285 6 12 62
285 6 14 69
285 8 2 78
285 8 3 69
285 8 5 80
285 8 6 74
285 8 7 74
285 8 8 84
285 8 12 73
285 8 14 84
285 10 1 72
285 10 2 63
285 10 5 74
285 10 7 68
285 10 8 68
285 10 9 78
285 10 10 67
285 10 11 78
285 12 0 72
285 12 1 63
285 12 2 74
285 12 3 68
285 12 7 68
285 12 9 78
285 12 10 67
285 12 14 78
286 1 1 19
286 1 2 17
286 1 3 19
286 1 8 18
286 1 9 18
286 1 10 20
286 1 13 18
286 1 14 20
286 5 0 19
286 5 1 22
286 5 2 22
286 5 6 20
286 5 8 19
286 5 9 22
286 5 11 24
286 5 12 23
286 8 2 19
286 8 3 22
286 8 5 22
286 8 6 20
286 8 7 19
286 8 8 22
286 8 12 24
286 8 14 23
287 0 1 19
287 0 2 22
287 0 4 22
287 0 6 20
287 0 9 19
287 0 12 22
287 0 13 24
287 0 14 23
287 4 0 22
287 4 1 25
287 4 3 25
287 4 4 23
287 4 7 22
287 4 9 25
287 4 12 27
287 4 13 26
287 10 1 22
287 10 2 25
287 10 5 25
287 10 7 23
287 10 8 22
287 10 9 25
287 10 10 27
287 10 11 26
287 11 0 20
287 11 1 23
287 11 5 23
287 11 6 21
287 11 9 20
287 11 10 23
287 11 11 25
287 11 13 24
287 12 0 19
287 12 1 22
287 12 2 22
287 12 3 20
287 12 7 19
287 12 9 22
287 12 10 24
287 12 14 23
288 0 1 20
288 0 2 23
288 0 4 23
288 0 6 21
288 0 9 20
288 0 12 23
288 0 13 25
288 0 14 24
288 6 0 23
288 6 2 26
288 6 4 26
288 6 9 24
288 6 10 23
288 6 11 26
288 6 12 28
288 6 14 27
288 7 0 23
288 7 2 26
288 7 4 26
288 7 5 24
288 7 8 23
288 7 11 26
288 7 12 28
288 7 13 27
288 12 0 21
288 12 1 24
288 12 2 24
288 12 3 22
288 12 7 21
288 12 9 24
288 12 10 26
288 12 14 25
289 1 1 33
289 1 2 29
289 1 3 34
289 1 8 31
289 1 9 31
289 1 10 36
289 1 13 31
289 1 14 36
289 4 0 26
289 4 1 29
289 4 3 29
289 4 4 27
289 4 7 26
289 4 9 29
289 4 12 31
289 4 13 30
289 13 2 34
289 13 4 30
289 13 5 35
289 13 6 32
289 13 8 32
289 13 11 37
289 13 13 32
289 13 14 37
290 3 0 33
290 3 2 29
290 3 4 34
290 3 6 31
290 3 9 31
290 3 10 36
290 3 12 31
290 3 14 36
290 7 0 26
290 7 2 29
290 7 4 29
290 7 5 27
290 7 8 26
290 7 11 29
290 7 12 31
290 7 13 30
290 10 1 34
290 10 2 30
290 10 5 35
290 10 7 32
290 10 8 32
290 10 9 37
290 10 10 32
290 10 11 37
291 1 1 55
291 1 2 62
291 1 3 66
291 1 8 59
291 1 9 64
291 1 10 56
291 1 13 54
291 1 14 64
291 9 1 72
291 9 2 63
291 9 3 74
291 9 4 68
291 9 8 68
291 9 11 78
291 9 12 67
291 9 14 78
291 10 1 59
291 10 2 62
291 10 5 62
291 10 7 60
291 10 8 59
291 10 9 62
291 10 10 64
291 10 11 63
291 14 0 59
291 14 4 62
291 14 5 62
291 14 6 60
291 14 9 59
291 14 11 62
291 14 12 64
291 14 13 63
292 7 0 22
292 7 2 22
292 7 4 19
292 7 5 22
292 7 8 19
292 7 11 19
292 7 12 22
292 7 13 21
292 9 1 20
292 9 2 23
292 9 3 23
292 9 4 21
292 9 8 20
292 9 11 23
292 9 12 25
292 9 14 24
292 11 0 20
292 11 1 23
292 11 5 23
292 11 6 21
292 11 9 20
292 11 10 23
292 11 11 25
292 11 13 24
293 2 0 36
293 2 1 36
293 2 3 42
293 2 4 40
293 2 7 42
293 2 8 42
293 2 9 41
293 2 12 37
293 5 0 44
293 5 1 49
293 5 2 41
293 5 6 49
293 5 8 46
293 5 9 41
293 5 11 49
293 5 12 48
293 9 1 37
293 9 2 33
293 9 3 38
293 9 4 35
293 9 8 35
293 9 11 40
293 9 12 35
293 9 14 40
293 13 2 44
293 13 4 49
293 13 5 41
293 13 6 49
293 13 8 46
293 13 11 41
293 13 13 49
293 13 14 48
294 1 1 19
294 1 2 17
294 1 3 19
294 1 8 18
294 1 9 18
294 1 10 20
294 1 13 18
294 1 14 20
294 8 2 17
294 8 3 15
294 8 5 17
294 8 6 16
294 8 7 16
294 8 8 18
294 8 12 16
294 8 14 18
294 9 1 19
294 9 2 17
294 9 3 19
294 9 4 18
294 9 8 18
294 9 11 20
294 9 12 18
294 9 14 20
294 11 0 18
294 11 1 16
294 11 5 18
294 11 6 17
294 11 9 17
294 11 10 19
294 11 11 17
294 11 13 19
295 1 1 57
295 1 2 60
295 1 3 60
295 1 8 58
295 1 9 57
295 1 10 60
295 1 13 62
295 1 14 61
295 5 0 63
295 5 1 74
295 5 2 62
295 5 6 62
295 5 8 63
295 5 9 64
295 5 11 64
295 5 12 71
295 8 2 56
295 8 3 59
295 8 5 59
295 8 6 57
295 8 7 56
295 8 8 59
295 8 12 61
295 8 14 60
295 11 0 56
295 11 1 59
295 11 5 59
295 11 6 57
295 11 9 56
295 11 10 59
295 11 11 61
295 11 13 60
296 1 1 45
296 1 2 50
296 1 3 42
296 1 8 50
296 1 9 47
296 1 10 42
296 1 13 50
296 1 14 49
296 8 2 51
296 8 3 54
296 8 5 54
296 8 6 52
296 8 7 51
296 8 8 54
296 8 12 56
296 8 14 55
296 14 0 42
296 14 4 47
296 14 5 39
296 14 6 47
296 14 9 44
296 14 11 39
296 14 12 47
296 14 13 46
297 3 0 58
297 3 2 61
297 3 4 61
297 3 6 59
297 3 9 58
297 3 10 61
297 3 12 63
297 3 14 62
297 4 0 56
297 4 1 67
297 4 3 55
297 4 4 55
297 4 7 56
297 4 9 57
297 4 12 57
297 4 13 64
297 7 0 56
297 7 2 67
297 7 4 55
297 7 5 55
297 7 8 56
297 7 11 57
297 7 12 57
297 7 13 64
297 9 1 59
297 9 2 62
297 9 3 62
297 9 4 60
297 9 8 59
297 9 11 62
297 9 12 64
297 9 14 63
298 0 1 31
298 0 2 27
298 0 4 32
298 0 6 29
298 0 9 29
298 0 12 34
298 0 13 29
298 0 14 34
298 3 0 24
298 3 2 27
298 3 4 27
298 3 6 25
298 3 9 24
298 3 10 27
298 3 12 29
298 3 14 28
298 6 0 32
298 6 2 28
298 6 4 33
298 6 9 30
298 6 10 30
298 6 11 35
298 6 12 30
298 6 14 35
298 11 0 26
298 11 1 29
298 11 5 29
298 11 6 27
298 11 9 26
298 11 10 29
298 11 11 31
298 11 13 30
298 13 2 26
298 13 4 29
298 13 5 29
298 13 6 27
298 13 8 26
298 13 11 29
298 13 13 31
298 13 14 30
299 0 1 22
299 0 2 25
299 0 4 25
299 0 6 23
299 0 9 22
299 0 12 25
299 0 13 27
299 0 14 26
299 4 0 25
299 4 1 28
299 4 3 28
299 4 4 26
299 4 7 25
299 4 9 28
299 4 12 30
299 4 13 29
299 10 1 25
299 10 2 28
299 10 5 28
299 10 7 26
299 10 8 25
299 10 9 28
299 10 10 30
299 10 11 29
299 11 0 23
299 11 1 26
299 11 5 26
299 11 6 24
299 11 9 23
299 11 10 26
299 11 11 28
299 11 13 27
300 0 1 59
300 0 2 62
300 0 4 62
300 0 6 60
300 0 9 59
300 0 12 62
300 0 13 64
300 0 14 63
300 2 0 72
300 2 1 72
300 2 3 69
300 2 4 67
300 2 7 69
300 2 8 69
300 2 9 77
300 2 12 76
300 6 0 58
300 6 2 61
300 6 4 61
300 6 9 59
300 6 10 58
300 6 11 61
300 6 12 63
300 6 14 62
300 7 0 58
300 7 2 61
300 7 4 61
300 7 5 59
300 7 8 58
300 7 11 61
300 7 12 63
300 7 13 62
300 11 0 59
300 11 1 62
300 11 5 62
300 11 6 60
300 11 9 59
300 11 10 62
300 11 11 64
300 11 13 63
301 6 0 18
301 6 2 16
301 6 4 18
301 6 9 17
301 6 10 17
301 6 11 19
301 6 12 17
301 6 14 19
301 9 1 18
301 9 2 21
301 9 3 21
301 9 4 19
301 9 8 18
301 9 11 21
301 9 12 23
301 9 14 22
301 10 1 18
301 10 2 21
301 10 5 21
301 10 7 19
301 10 8 18
301 10 9 21
301 10 10 23
301 10 11 22
302 2 0 99
302 2 1 96
302 2 3 106
302 2 4 102
302 2 7 91
302 2 8 94
302 2 9 94
302 2 12 101
302 7 0 101
302 7 2 96
302 7 4 88
302 7 5 106
302 7 8 93
302 7 11 88
302 7 12 106
302 7 13 105
302 8 2 80
302 8 3 89
302 8 5 95
302 8 6 93
302 8 7 86
302 8 8 95
302 8 12 85
302 8 14 90
302 11 0 104
302 11 1 101
302 11 5 111
302 11 6 107
302 11 9 96
302 11 10 99
302 11 11 99
302 11 13 106
302 12 0 98
302 12 1 93
302 12 2 85
302 12 3 103
302 12 7 90
302 12 9 85
302 12 10 103
302 12 14 102
303 1 1 21
303 1 2 24
303 1 3 24
303 1 8 22
303 1 9 21
303 1 10 24
303 1 13 26
303 1 14 25
303 3 0 24
303 3 2 27
303 3 4 27
303 3 6 25
303 3 9 24
303 3 10 27
303 3 12 29
303 3 14 28
303 13 2 24
303 13 4 27
303 13 5 27
303 13 6 25
303 13 8 24
303 13 11 27
303 13 13 29
303 13 14 28
304 0 1 18
304 0 2 21
304 0 4 21
304 0 6 19
304 0 9 18
304 0 12 21
304 0 13 23
304 0 14 22
304 9 1 21
304 9 2 24
304 9 3 24
304 9 4 22
304 9 8 21
304 9 11 24
304 9 12 26
304 9 14 25
304 11 0 21
304 11 1 24
304 11 5 24
304 11 6 22
304 11 9 21
304 11 10 24
304 11 11 26
304 11 13 25
305 1 1 26
305 1 2 29
305 1 3 29
305 1 8 27
305 1 9 26
305 1 10 29
305 1 13 31
305 1 14 30
305 11 0 33
305 11 1 29
305 11 5 34
305 11 6 31
305 11 9 31
305 11 10 36
305 11 11 31
305 11 13 36
305 14 0 25
305 14 4 28
305 14 5 28
305 14 6 26
305 14 9 25
305 14 11 28
305 14 12 30
305 14 13 29
306 7 0 56
306 7 2 59
306 7 4 59
306 7 5 57
306 7 8 56
306 7 11 59
306 7 12 61
306 7 13 60
306 10 1 59
306 10 2 62
306 10 5 62
306 10 7 60
306 10 8 59
306 10 9 62
306 10 10 64
306 10 11 63
306 13 2 59
306 13 4 62
306 13 5 62
306 13 6 60
306 13 8 59
306 13 11 62
306 13 13 64
306 13 14 63
307 0 1 57
307 0 2 60
307 0 4 60
307 0 6 58
307 0 9 57
307 0 12 60
307 0 13 62
307 0 14 61
307 3 0 55
307 3 2 62
307 3 4 66
307 3 6 59
307 3 9 64
307 3 10 56
307 3 12 54
307 3 14 64
307 4 0 55
307 4 1 62
307 4 3 66
307 4 4 59
307 4 7 64
307 4 9 56
307 4 12 54
307 4 13 64
307 6 0 58
307 6 2 61
307 6 4 61
307 6 9 59
307 6 10 58
307 6 11 61
307 6 12 63
307 6 14 62
307 14 0 57
307 14 4 60
307 14 5 60
307 14 6 58
307 14 9 57
307 14 11 60
307 14 12 62
307 14 13 61
308 3 0 52
308 3 2 55
308 3 4 55
308 3 6 53
308 3 9 52
308 3 10 55
308 3 12 57
308 3 14 56
308 9 1 55
308 9 2 58
308 9 3 58
308 9 4 56
308 9 8 55
308 9 11 58
308 9 12 60
308 9 14 59
308 10 1 55
308 10 2 58
308 10 5 58
308 10 7 56
308 10 8 55
308 10 9 58
308 10 10 60
308 10 11 59
308 11 0 53
308 11 1 56
308 11 5 56
308 11 6 54
308 11 9 53
308 11 10 56
308 11 11 58
308 11 13 57
309 2 0 99
309 2 1 96
309 2 3 105
309 2 4 91
309 2 7 99
309 2 8 93
309 2 9 107
309 2 12 100
309 4 0 99
309 4 1 94
309 4 3 86
309 4 4 104
309 4 7 91
309 4 9 86
309 4 12 104
309 4 13 103
309 7 0 78
309 7 2 87
309 7 4 93
309 7 5 91
309 7 8 84
309 7 11 93
309 7 12 83
309 7 13 88
309 11 0 102
309 11 1 99
309 11 5 109
309 11 6 105
309 11 9 94
309 11 10 97
309 11 11 97
309 11 13 104
309 14 0 96
309 14 4 91
309 14 5 83
309 14 6 101
309 14 9 88
309 14 11 83
309 14 12 101
309 14 13 100
310 4 0 18
310 4 1 16
310 4 3 18
310 4 4 17
310 4 7 17
310 4 9 19
310 4 12 17
310 4 13 19
310 10 1 16
310 10 2 14
310 10 5 16
310 10 7 15
310 10 8 15
310 10 9 17
310 10 10 15
310 10 11 17
310 12 0 18
310 12 1 16
310 12 2 18
310 12 3 17
310 12 7 17
310 12 9 19
310 12 10 17
310 12 14 19
311 9 1 32
311 9 2 28
311 9 3 33
311 9 4 30
311 9 8 30
311 9 11 35
311 9 12 30
311 9 14 35
311 10 1 25
311 10 2 28
311 10 5 28
311 10 7 26
311 10 8 25
311 10 9 28
311 10 10 30
311 10 11 29
311 12 0 33
311 12 1 29
311 12 2 34
311 12 3 31
311 12 7 31
311 12 9 36
311 12 10 31
311 12 14 36
311 14 0 29
311 14 4 33
311 14 5 28
311 14 6 28
311 14 9 29
311 14 11 30
311 14 12 30
311 14 13 30
312 1 1 43
312 1 2 48
312 1 3 40
312 1 8 48
312 1 9 45
312 1 10 40
312 1 13 48
312 1 14 47
312 2 0 48
312 2 1 53
312 2 3 45
312 2 4 53
312 2 7 50
312 2 8 45
312 2 9 53
312 2 12 52
312 7 0 40
312 7 2 45
312 7 4 37
312 7 5 45
312 7 8 42
312 7 11 37
312 7 12 45
312 7 13 44
312 10 1 48
312 10 2 53
312 10 5 45
312 10 7 53
312 10 8 50
312 10 9 45
312 10 10 53
312 10 11 52
312 14 0 45
312 14 4 50
312 14 5 42
312 14 6 50
312 14 9 47
312 14 11 42
312 14 12 50
312 14 13 49
313 0 1 98
313 0 2 95
313 0 4 105
313 0 6 101
313 0 9 90
313 0 12 93
313 0 13 93
313 0 14 100
313 1 1 100
313 1 2 95
313 1 3 87
313 1 8 105
313 1 9 92
313 1 10 87
313 1 13 105
313 1 14 104
313 3 0 79
313 3 2 88
313 3 4 94
313 3 6 92
313 3 9 85
313 3 10 94
313 3 12 84
313 3 14 89
313 5 0 103
313 5 1 100
313 5 2 110
313 5 6 106
313 5 8 95
313 5 9 98
313 5 11 98
313 5 12 105
314 0 1 47
314 0 2 52
314 0 4 44
314 0 6 52
314 0 9 49
314 0 12 44
314 0 13 52
314 0 14 51
314 3 0 53
314 3 2 56
314 3 4 56
314 3 6 54
314 3 9 53
314 3 10 56
314 3 12 58
314 3 14 57
314 7 0 44
314 7 2 49
314 7 4 41
314 7 5 49
314 7 8 46
314 7 11 41
314 7 12 49
314 7 13 48
314 8 2 53
314 8 3 56
314 8 5 56
314 8 6 54
314 8 7 53
314 8 8 56
314 8 12 58
314 8 14 57
314 9 1 53
314 9 2 50
314 9 3 49
314 9 4 45
314 9 8 45
314 9 11 48
314 9 12 48
314 9 14 55
315 6 0 15
315 6 2 13
315 6 4 15
315 6 9 14
315 6 10 14
315 6 11 16
315 6 12 14
315 6 14 16
315 7 0 13
315 7 2 11
315 7 4 13
315 7 5 12
315 7 8 12
315 7 11 14
315 7 12 12
315 7 13 14
315 12 0 15
315 12 1 13
315 12 2 15
315 12 3 14
315 12 7 14
315 12 9 16
315 12 10 14
315 12 14 16
316 1 1 40
316 1 2 45
316 1 3 37
316 1 8 45
316 1 9 42
316 1 10 37
316 1 13 45
316 1 14 44
316 3 0 45
316 3 2 50
316 3 4 42
316 3 6 50
316 3 9 47
316 3 10 42
316 3 12 50
316 3 14 49
316 5 0 38
316 5 1 34
316 5 2 39
316 5 6 36
316 5 8 36
316 5 9 41
316 5 11 36
316 5 12 41
316 12 0 45
316 12 1 50
316 12 2 42
316 12 3 50
316 12 7 47
316 12 9 42
316 12 10 50
316 12 14 49
317 0 1 33
317 0 2 29
317 0 4 34
317 0 6 31
317 0 9 31
317 0 12 36
317 0 13 31
317 0 14 36
317 1 1 26
317 1 2 29
317 1 3 29
317 1 8 27
317 1 9 26
317 1 10 29
317 1 13 31
317 1 14 30
317 14 0 34
317 14 4 30
317 14 5 35
317 14 6 32
317 14 9 32
317 14 11 37
317 14 12 32
317 14 13 37
318 6 0 99
318 6 2 96
318 6 4 106
318 6 9 102
318 6 10 91
318 6 11 94
318 6 12 94
318 6 14 101
318 12 0 101
318 12 1 96
318 12 2 88
318 12 3 106
318 12 7 93
318 12 9 88
318 12 10 106
318 12 14 105
318 14 0 80
318 14 4 89
318 14 5 95
318 14 6 93
318 14 9 86
318 14 11 95
318 14 12 85
318 14 13 90
319 2 0 55
319 2 1 62
319 2 3 66
319 2 4 59
319 2 7 64
319 2 8 56
319 2 9 54
319 2 12 64
319 4 0 72
319 4 1 63
319 4 3 74
319 4 4 68
319 4 7 68
319 4 9 78
319 4 12 67
319 4 13 78
319 9 1 59
319 9 2 62
319 9 3 62
319 9 4 60
319 9 8 59
319 9 11 62
319 9 12 64
319 9 14 63
319 11 0 59
319 11 1 62
319 11 5 62
319 11 6 60
319 11 9 59
319 11 10 62
319 11 11 64
319 11 13 63
320 7 0 52
320 7 2 55
320 7 4 55
320 7 5 53
320 7 8 52
320 7 11 55
320 7 12 57
320 7 13 56
320 9 1 55
320 9 2 58
320 9 3 58
320 9 4 56
320 9 8 55
320 9 11 58
320 9 12 60
320 9 14 59
320 10 1 55
320 10 2 58
320 10 5 58
320 10 7 56
320 10 8 55
320 10 9 58
320 10 10 60
320 10 11 59
320 13 2 53
320 13 4 56
320 13 5 56
320 13 6 54
320 13 8 53
320 13 11 56
320 13 13 58
320 13 14 57
321 4 0 36
321 4 1 32
321 4 3 37
321 4 4 34
321 4 7 34
321 4 9 39
321 4 12 34
321 4 13 39
321 8 2 36
321 8 3 32
321 8 5 37
321 8 6 34
321 8 7 34
321 8 8 39
321 8 12 34
321 8 14 39
321 11 0 41
321 11 1 46
321 11 5 38
321 11 6 46
321 11 9 43
321 11 10 38
321 11 11 46
321 11 13 45
322 3 0 19
322 3 2 17
322 3 4 19
322 3 6 18
322 3 9 18
322 3 10 20
322 3 12 18
322 3 14 20
322 4 0 19
322 4 1 22
322 4 3 22
322 4 4 20
322 4 7 19
322 4 9 22
322 4 12 24
322 4 13 23
322 8 2 19
322 8 3 22
322 8 5 22
322 8 6 20
322 8 7 19
322 8 8 22
322 8 12 24
322 8 14 23
322 13 2 22
322 13 4 22
322 13 5 19
322 13 6 22
322 13 8 19
322 13 11 19
322 13 13 22
322 13 14 21
323 1 1 39
323 1 2 35
323 1 3 40
323 1 8 37
323 1 9 37
323 1 10 42
323 1 13 37
323 1 14 42
323 2 0 35
323 2 1 31
323 2 3 36
323 2 4 33
323 2 7 33
323 2 8 38
323 2 9 33
323 2 12 38
323 6 0 36
323 6 2 36
323 6 4 42
323 6 9 40
323 6 10 42
323 6 11 42
323 6 12 41
323 6 14 37
323 10 1 37
323 10 2 33
323 10 5 38
323 10 7 35
323 10 8 35
323 10 9 40
323 10 10 35
323 10 11 40
324 1 1 13
324 1 2 11
324 1 3 13
324 1 8 12
324 1 9 12
324 1 10 14
324 1 13 12
324 1 14 14
324 2 0 11
324 2 1 9
324 2 3 11
324 2 4 10
324 2 7 10
324 2 8 12
324 2 9 10
324 2 12 12
324 3 0 13
324 3 2 11
324 3 4 13
324 3 6 12
324 3 9 12
324 3 10 14
324 3 12 12
324 3 14 14
324 6 0 12
324 6 2 10
324 6 4 12
324 6 9 11
324 6 10 11
324 6 11 13
324 6 12 11
324 6 14 13
324 8 2 12
324 8 3 10
324 8 5 12
324 8 6 11
324 8 7 11
324 8 8 13
324 8 12 11
324 8 14 13
325 0 1 31
325 0 2 27
325 0 4 32
325 0 6 29
325 0 9 29
325 0 12 34
325 0 13 29
325 0 14 34
325 7 0 24
325 7 2 27
325 7 4 27
325 7 5 25
325 7 8 24
325 7 11 27
325 7 12 29
325 7 13 28
325 11 0 32
325 11 1 28
325 11 5 33
325 11 6 30
325 11 9 30
325 11 10 35
325 11 11 30
325 11 13 35
325 14 0 26
325 14 4 29
325 14 5 29
325 14 6 27
325 14 9 26
325 14 11 29
325 14 12 31
325 14 13 30
326 3 0 26
326 3 2 29
326 3 4 29
326 3 6 27
326 3 9 26
326 3 10 29
326 3 12 31
326 3 14 30
326 6 0 33
326 6 2 29
326 6 4 34
326 6 9 31
326 6 10 31
326 6 11 36
326 6 12 31
326 6 14 36
326 10 1 25
326 10 2 28
326 10 5 28
326 10 7 26
326 10 8 25
326 10 9 28
326 10 10 30
326 10 11 29
326 13 2 25
326 13 4 28
326 13 5 28
326 13 6 26
326 13 8 25
326 13 11 28
326 13 13 30
326 13 14 29
327 1 1 37
327 1 2 33
327 1 3 38
327 1 8 35
327 1 9 35
327 1 10 40
327 1 13 35
327 1 14 40
327 8 2 33
327 8 3 29
327 8 5 34
327 8 6 31
327 8 7 31
327 8 8 36
327 8 12 31
327 8 14 36
327 9 1 38
327 9 2 34
327 9 3 39
327 9 4 36
327 9 8 36
327 9 11 41
327 9 12 36
327 9 14 41
327 10 1 35
327 10 2 31
327 10 5 36
327 10 7 33
327 10 8 33
327 10 9 38
327 10 10 33
327 10 11 38
327 12 0 35
327 12 1 31
327 12 2 36
327 12 3 33
327 12 7 33
327 12 9 38
327 12 10 33
327 12 14 38
328 0 1 56
328 0 2 59
328 0 4 59
328 0 6 57
328 0 9 56
328 0 12 59
328 0 13 61
328 0 14 60
328 2 0 59
328 2 1 62
328 2 3 62
328 2 4 60
328 2 7 59
328 2 8 62
328 2 9 64
328 2 12 63
328 4 0 59
328 4 1 62
328 4 3 62
328 4 4 60
328 4 7 59
328 4 9 62
328 4 12 64
328 4 13 63
328 11 0 57
328 11 1 60
328 11 5 60
328 11 6 58
328 11 9 57
328 11 10 60
328 11 11 62
328 11 13 61
329 4 0 15
329 4 1 13
329 4 3 15
329 4 4 14
329 4 7 14
329 4 9 16
329 4 12 14
329 4 13 16
329 5 0 13
329 5 1 11
329 5 2 13
329 5 6 12
329 5 8 12
329 5 9 14
329 5 11 12
329 5 12 14
329 10 1 15
329 10 2 13
329 10 5 15
329 10 7 14
329 10 8 14
329 10 9 16
329 10 10 14
329 10 11 16
329 14 0 14
329 14 4 12
329 14 5 14
329 14 6 13
329 14 9 13
329 14 11 15
329 14 12 13
329 14 13 15
330 0 1 11
330 0 2 9
330 0 4 11
330 0 6 10
330 0 9 10
330 0 12 12
330 0 13 10
330 0 14 12
330 3 0 9
330 3 2 8
330 3 4 9
330 3 6 8
330 3 9 8
330 3 10 9
330 3 12 8
330 3 14 9
330 7 0 11
330 7 2 9
330 7 4 11
330 7 5 10
330 7 8 10
330 7 11 12
330 7 12 10
330 7 13 12
330 10 1 9
330 10 2 9
330 10 5 9
330 10 7 10
330 10 8 9
330 10 9 9
330 10 10 11
330 10 11 10
330 13 2 9
330 13 4 9
330 13 5 9
330 13 6 10
330 13 8 9
330 13 11 9
330 13 13 11
330 13 14 10
331 2 0 11
331 2 1 9
331 2 3 11
331 2 4 10
331 2 7 10
331 2 8 12
331 2 9 10
331 2 12 12
331 5 0 9
331 5 1 8
331 5 2 9
331 5 6 8
331 5 8 8
331 5 9 9
331 5 11 8
331 5 12 9
331 8 2 11
331 8 3 9
331 8 5 11
331 8 6 10
331 8 7 10
331 8 8 12
331 8 12 10
331 8 14 12
331 12 0 9
331 12 1 9
331 12 2 9
331 12 3 10
331 12 7 9
331 12 9 9
331 12 10 11
331 12 14 10
332 1 1 100
332 1 2 97
332 1 3 107
332 1 8 103
332 1 9 92
332 1 10 95
332 1 13 95
332 1 14 102
332 6 0 102
332 6 2 97
332 6 4 89
332 6 9 107
332 6 10 94
332 6 11 89
332 6 12 107
332 6 14 106
332 9 1 97
332 9 2 87
332 9 3 94
332 9 4 92
332 9 8 83
332 9 11 90
332 9 12 88
332 9 14 83
332 12 0 105
332 12 1 102
332 12 2 112
332 12 3 108
332 12 7 97
332 12 9 100
332 12 10 100
332 12 14 107
332 14 0 99
332 14 4 94
332 14 5 86
332 14 6 104
332 14 9 91
332 14 11 86
332 14 12 104
332 14 13 103
333 0 1 32
333 0 2 28
333 0 4 33
333 0 6 30
333 0 9 30
333 0 12 35
333 0 13 30
333 0 14 35
333 2 0 25
333 2 1 28
333 2 3 28
333 2 4 26
333 2 7 25
333 2 8 28
333 2 9 30
333 2 12 29
333 5 0 33
333 5 1 29
333 5 2 34
333 5 6 31
333 5 8 31
333 5 9 36
333 5 11 31
333 5 12 36
333 7 0 29
333 7 2 33
333 7 4 28
333 7 5 28
333 7 8 29
333 7 11 30
333 7 12 30
333 7 13 30
333 9 1 29
333 9 2 33
333 9 3 28
333 9 4 28
333 9 8 29
333 9 11 30
333 9 12 30
333 9 14 30
334 0 1 23
334 0 2 26
334 0 4 26
334 0 6 24
334 0 9 23
334 0 12 26
334 0 13 28
334 0 14 27
334 4 0 26
334 4 1 29
334 4 3 29
334 4 4 27
334 4 7 26
334 4 9 29
334 4 12 31
334 4 13 30
334 7 0 26
334 7 2 29
334 7 4 29
334 7 5 27
334 7 8 26
334 7 11 29
334 7 12 31
334 7 13 30
334 8 2 24
334 8 3 27
334 8 5 27
334 8 6 25
334 8 7 24
334 8 8 27
334 8 12 29
334 8 14 28
334 9 1 23
334 9 2 26
334 9 3 26
334 9 4 24
334 9 8 23
334 9 11 26
334 9 12 28
334 9 14 27
335 1 1 103
335 1 2 98
335 1 3 90
335 1 8 108
335 1 9 95
335 1 10 90
335 1 13 108
335 1 14 107
335 7 0 98
335 7 2 93
335 7 4 85
335 7 5 103
335 7 8 90
335 7 11 85
335 7 12 103
335 7 13 102
335 9 1 77
335 9 2 86
335 9 3 92
335 9 4 90
335 9 8 83
335 9 11 92
335 9 12 82
335 9 14 87
336 0 1 52
336 0 2 55
336 0 4 55
336 0 6 53
336 0 9 52
336 0 12 55
336 0 13 57
336 0 14 56
336 3 0 55
336 3 2 58
336 3 4 58
336 3 6 56
336 3 9 55
336 3 10 58
336 3 12 60
336 3 14 59
336 9 1 55
336 9 2 58
336 9 3 58
336 9 4 56
336 9 8 55
336 9 11 58
336 9 12 60
336 9 14 59
336 10 1 53
336 10 2 56
336 10 5 56
336 10 7 54
336 10 8 53
336 10 9 56
336 10 10 58
336 10 11 57
337 0 1 37
337 0 2 33
337 0 4 38
337 0 6 35
337 0 9 35
337 0 12 40
337 0 13 35
337 0 14 40
337 1 1 33
337 1 2 29
337 1 3 34
337 1 8 31
337 1 9 31
337 1 10 36
337 1 13 31
337 1 14 36
337 7 0 38
337 7 2 34
337 7 4 39
337 7 5 36
337 7 8 36
337 7 11 41
337 7 12 36
337 7 13 41
337 9 1 35
337 9 2 31
337 9 3 36
337 9 4 33
337 9 8 33
337 9 11 38
337 9 12 33
337 9 14 38
337 10 1 35
337 10 2 31
337 10 5 36
337 10 7 33
337 10 8 33
337 10 9 38
337 10 10 33
337 10 11 38
338 4 0 75
338 4 1 66
338 4 3 77
338 4 4 71
338 4 7 71
338 4 9 81
338 4 12 70
338 4 13 81
338 7 0 74
338 7 2 83
338 7 4 89
338 7 5 87
338 7 8 80
338 7 11 89
338 7 12 79
338 7 13 84
338 9 1 80
338 9 2 89
338 9 3 95
338 9 4 93
338 9 8 86
338 9 11 95
338 9 12 85
338 9 14 90
338 10 1 78
338 10 2 87
338 10 5 93
338 10 7 91
338 10 8 84
338 10 9 93
338 10 10 83
338 10 11 88
338 14 0 88
338 14 4 87
338 14 5 84
338 14 6 88
338 14 9 72
338 14 11 86
338 14 12 81
338 14 13 88
339 0 1 47
339 0 2 52
339 0 4 44
339 0 6 52
339 0 9 49
339 0 12 44
339 0 13 52
339 0 14 51
339 1 1 53
339 1 2 56
339 1 3 56
339 1 8 54
339 1 9 53
339 1 10 56
339 1 13 58
339 1 14 57
339 8 2 44
339 8 3 49
339 8 5 41
339 8 6 49
339 8 7 46
339 8 8 41
339 8 12 49
339 8 14 48
339 10 1 53
339 10 2 56
339 10 5 56
339 10 7 54
339 10 8 53
339 10 9 56
339 10 10 58
339 10 11 57
340 2 0 101
340 2 1 96
340 2 3 88
340 2 4 106
340 2 7 93
340 2 8 88
340 2 9 106
340 2 12 105
340 5 0 96
340 5 1 91
340 5 2 83
340 5 6 101
340 5 8 88
340 5 9 83
340 5 11 101
340 5 12 100
340 6 0 75
340 6 2 84
340 6 4 90
340 6 9 88
340 6 10 81
340 6 11 90
340 6 12 80
340 6 14 85
341 4 0 9
341 4 1 8
341 4 3 9
341 4 4 8
341 4 7 8
341 4 9 9
341 4 12 8
341 4 13 9
341 8 2 9
341 8 3 8
341 8 5 9
341 8 6 8
341 8 7 8
341 8 8 9
341 8 12 8
341 8 14 9
341 9 1 9
341 9 2 8
341 9 3 9
341 9 4 8
341 9 8 8
341 9 11 9
341 9 12 8
341 9 14 9
342 2 0 20
342 2 1 23
342 2 3 23
342 2 4 21
342 2 7 20
342 2 8 23
342 2 9 25
342 2 12 24
342 4 0 23
342 4 1 26
342 4 3 26
342 4 4 24
342 4 7 23
342 4 9 26
342 4 12 28
342 4 13 27
342 12 0 23
342 12 1 26
342 12 2 26
342 12 3 24
342 12 7 23
342 12 9 26
342 12 10 28
342 12 14 27
343 6 0 36
343 6 2 32
343 6 4 37
343 6 9 34
343 6 10 34
343 6 11 39
343 6 12 34
343 6 14 39
343 7 0 32
343 7 2 28
343 7 4 33
343 7 5 30
343 7 8 30
343 7 11 35
343 7 12 30
343 7 13 35
343 10 1 37
343 10 2 33
343 10 5 38
343 10 7 35
343 10 8 35
343 10 9 40
343 10 10 35
343 10 11 40
343 12 0 34
343 12 1 30
343 12 2 35
343 12 3 32
343 12 7 32
343 12 9 37
343 12 10 32
343 12 14 37
343 13 2 34
343 13 4 30
343 13 5 35
343 13 6 32
343 13 8 32
343 13 11 37
343 13 13 32
343 13 14 37
344 1 1 17
344 1 2 15
344 1 3 17
344 1 8 16
344 1 9 16
344 1 10 18
344 1 13 16
344 1 14 18
344 3 0 15
344 3 2 13
344 3 4 15
344 3 6 14
344 3 9 14
344 3 10 16
344 3 12 14
344 3 14 16
344 9 1 17
344 9 2 15
344 9 3 17
344 9 4 16
344 9 8 16
344 9 11 18
344 9 12 16
344 9 14 18
344 12 0 16
344 12 1 14
344 12 2 16
344 12 3 15
344 12 7 15
344 12 9 17
344 12 10 15
344 12 14 17
344 14 0 16
344 14 4 14
344 14 5 16
344 14 6 15
344 14 9 15
344 14 11 17
344 14 12 15
344 14 13 17
345 2 0 76
345 2 1 67
345 2 3 78
345 2 4 72
345 2 7 72
345 2 8 82
345 2 9 71
345 2 12 82
345 3 0 61
345 3 2 72
345 3 4 60
345 3 6 60
345 3 9 61
345 3 10 62
345 3 12 62
345 3 14 69
345 4 0 78
345 4 1 69
345 4 3 80
345 4 4 74
345 4 7 74
345 4 9 84
345 4 12 73
345 4 13 84
345 9 1 72
345 9 2 63
345 9 3 74
345 9 4 68
345 9 8 68
345 9 11 78
345 9 12 67
345 9 14 78
345 13 2 72
345 13 4 63
345 13 5 74
345 13 6 68
345 13 8 68
345 13 11 78
345 13 13 67
345 13 14 78
346 4 0 103
346 4 1 98
346 4 3 90
346 4 4 108
346 4 7 95
346 4 9 90
346 4 12 108
346 4 13 107
346 5 0 100
346 5 1 95
346 5 2 87
346 5 6 105
346 5 8 92
346 5 9 87
346 5 11 105
346 5 12 104
346 8 2 102
346 8 3 99
346 8 5 109
346 8 6 105
346 8 7 94
346 8 8 97
346 8 12 97
346 8 14 104
346 9 1 95
346 9 2 90
346 9 3 82
346 9 4 100
346 9 8 87
346 9 11 82
346 9 12 100
346 9 14 99
346 10 1 103
346 10 2 98
346 10 5 90
346 10 7 108
346 10 8 95
346 10 9 90
346 10 10 108
346 10 11 107
347 1 1 75
347 1 2 66
347 1 3 77
347 1 8 71
347 1 9 71
347 1 10 81
347 1 13 70
347 1 14 81
347 4 0 74
347 4 1 83
347 4 3 89
347 4 4 87
347 4 7 80
347 4 9 89
347 4 12 79
347 4 13 84
347 5 0 80
347 5 1 89
347 5 2 95
347 5 6 93
347 5 8 86
347 5 9 95
347 5 11 85
347 5 12 90
347 10 1 78
347 10 2 87
347 10 5 93
347 10 7 91
347 10 8 84
347 10 9 93
347 10 10 83
347 10 11 88
347 13 2 88
347 13 4 87
347 13 5 84
347 13 6 88
347 13 8 72
347 13 11 86
347 13 13 81
347 13 14 88
348 0 1 78
348 0 2 69
348 0 4 80
348 0 6 74
348 0 9 74
348 0 12 84
348 0 13 73
348 0 14 84
348 7 0 77
348 7 2 86
348 7 4 92
348 7 5 90
348 7 8 83
348 7 11 92
348 7 12 82
348 7 13 87
348 9 1 96
348 9 2 91
348 9 3 83
348 9 4 101
348 9 8 88
348 9 11 83
348 9 12 101
348 9 14 100
349 7 0 74
349 7 2 65
349 7 4 76
349 7 5 70
349 7 8 70
349 7 11 80
349 7 12 69
349 7 13 80
349 8 2 59
349 8 3 70
349 8 5 58
349 8 6 58
349 8 7 59
349 8 8 60
349 8 12 60
349 8 14 67
349 9 1 76
349 9 2 67
349 9 3 78
349 9 4 72
349 9 8 72
349 9 11 82
349 9 12 71
349 9 14 82
349 10 1 64
349 10 2 75
349 10 5 63
349 10 7 63
349 10 8 64
349 10 9 65
349 10 10 65
349 10 11 72
349 13 2 64
349 13 4 75
349 13 5 63
349 13 6 63
349 13 8 64
349 13 11 65
349 13 13 65
349 13 14 72
350 8 2 58
350 8 3 61
350 8 5 61
350 8 6 59
350 8 7 58
350 8 8 61
350 8 12 63
350 8 14 62
350 9 1 64
350 9 2 75
350 9 3 63
350 9 4 63
350 9 8 64
350 9 11 65
350 9 12 65
350 9 14 72
350 12 0 57
350 12 1 60
350 12 2 60
350 12 3 58
350 12 7 57
350 12 9 60
350 12 10 62
350 12 14 61
351 0 1 57
351 0 2 68
351 0 4 56
351 0 6 56
351 0 9 57
351 0 12 58
351 0 13 58
351 0 14 65
351 1 1 74
351 1 2 65
351 1 3 76
351 1 8 70
351 1 9 70
351 1 10 80
351 1 13 69
351 1 14 80
351 2 0 56
351 2 1 67
351 2 3 55
351 2 4 55
351 2 7 56
351 2 8 57
351 2 9 57
351 2 12 64
351 8 2 56
351 8 3 67
351 8 5 55
351 8 6 55
351 8 7 56
351 8 8 57
351 8 12 57
351 8 14 64
352 0 1 55
352 0 2 58
352 0 4 58
352 0 6 56
352 0 9 55
352 0 12 58
352 0 13 60
352 0 14 59
352 3 0 58
352 3 2 61
352 3 4 61
352 3 6 59
352 3 9 58
352 3 10 61
352 3 12 63
352 3 14 62
352 6 0 58
352 6 2 61
352 6 4 61
352 6 9 59
352 6 10 58
352 6 11 61
352 6 12 63
352 6 14 62
352 7 0 56
352 7 2 59
352 7 4 59
352 7 5 57
352 7 8 56
352 7 11 59
352 7 12 61
352 7 13 60
352 13 2 55
352 13 4 58
352 13 5 58
352 13 6 56
352 13 8 55
352 13 11 58
352 13 13 60
352 13 14 59
353 4 0 19
353 4 1 17
353 4 3 19
353 4 4 18
353 4 7 18
353 4 9 20
353 4 12 18
353 4 13 20
353 8 2 17
353 8 3 15
353 8 5 17
353 8 6 16
353 8 7 16
353 8 8 18
353 8 12 16
353 8 14 18
353 10 1 19
353 10 2 17
353 10 5 19
353 10 7 18
353 10 8 18
353 10 9 20
353 10 10 18
353 10 11 20
354 1 1 9
354 1 2 8
354 1 3 9
354 1 8 8
354 1 9 8
354 1 10 9
354 1 13 8
354 1 14 9
354 4 0 9
354 4 1 8
354 4 3 9
354 4 4 8
354 4 7 8
354 4 9 9
354 4 12 8
354 4 13 9
354 10 1 9
354 10 2 8
354 10 5 9
354 10 7 8
354 10 8 8
354 10 9 9
354 10 10 8
354 10 11 9
355 1 1 76
355 1 2 67
355 1 3 78
355 1 8 72
355 1 9 72
355 1 10 82
355 1 13 71
355 1 14 82
355 3 0 61
355 3 2 72
355 3 4 60
355 3 6 60
355 3 9 61
355 3 10 62
355 3 12 62
355 3 14 69
355 9 1 78
355 9 2 69
355 9 3 80
355 9 4 74
355 9 8 74
355 9 11 84
355 9 12 73
355 9 14 84
355 10 1 72
355 10 2 63
355 10 5 74
355 10 7 68
355 10 8 68
355 10 9 78
355 10 10 67
355 10 11 78
356 0 1 77
356 0 2 68
356 0 4 79
356 0 6 73
356 0 9 73
356 0 12 83
356 0 13 72
356 0 14 83
356 8 2 62
356 8 3 73
356 8 5 61
356 8 6 61
356 8 7 62
356 8 8 63
356 8 12 63
356 8 14 70
356 11 0 79
356 11 1 70
356 11 5 81
356 11 6 75
356 11 9 75
356 11 10 85
356 11 11 74
356 11 13 85
356 13 2 73
356 13 4 64
356 13 5 75
356 13 6 69
356 13 8 69
356 13 11 79
356 13 13 68
356 13 14 79
356 14 0 73
356 14 4 64
356 14 5 75
356 14 6 69
356 14 9 69
356 14 11 79
356 14 12 68
356 14 13 79
357 0 1 80
357 0 2 71
357 0 4 82
357 0 6 76
357 0 9 76
357 0 12 86
357 0 13 75
357 0 14 86
357 2 0 79
357 2 1 88
357 2 3 94
357 2 4 92
357 2 7 85
357 2 8 94
357 2 9 84
357 2 12 89
357 8 2 98
357 8 3 93
357 8 5 85
357 8 6 103
357 8 7 90
357 8 8 85
357 8 12 103
357 8 14 102
357 10 1 96
357 10 2 91
357 10 5 83
357 10 7 101
357 10 8 88
357 10 9 83
357 10 10 101
357 10 11 100
357 14 0 76
357 14 4 85
357 14 5 91
357 14 6 89
357 14 9 82
357 14 11 91
357 14 12 81
357 14 13 86
358 2 0 31
358 2 1 27
358 2 3 32
358 2 4 29
358 2 7 29
358 2 8 34
358 2 9 29
358 2 12 34
358 9 1 24
358 9 2 27
358 9 3 27
358 9 4 25
358 9 8 24
358 9 11 27
358 9 12 29
358 9 14 28
358 11 0 32
358 11 1 28
358 11 5 33
358 11 6 30
358 11 9 30
358 11 10 35
358 11 11 30
358 11 13 35
358 12 0 26
358 12 1 29
358 12 2 29
358 12 3 27
358 12 7 26
358 12 9 29
358 12 10 31
358 12 14 30
359 0 1 74
359 0 2 65
359 0 4 76
359 0 6 70
359 0 9 70
359 0 12 80
359 0 13 69
359 0 14 80
359 1 1 59
359 1 2 70
359 1 3 58
359 1 8 58
359 1 9 59
359 1 10 60
359 1 13 60
359 1 14 67
359 7 0 76
359 7 2 67
359 7 4 78
359 7 5 72
359 7 8 72
359 7 11 82
359 7 12 71
359 7 13 82
360 5 0 55
360 5 1 58
360 5 2 58
360 5 6 56
360 5 8 55
360 5 9 58
360 5 11 60
360 5 12 59
360 7 0 58
360 7 2 61
360 7 4 61
360 7 5 59
360 7 8 58
360 7 11 61
360 7 12 63
360 7 13 62
360 12 0 58
360 12 1 61
360 12 2 61
360 12 3 59
360 12 7 58
360 12 9 61
360 12 10 63
360 12 14 62
360 13 2 56
360 13 4 59
360 13 5 59
360 13 6 57
360 13 8 56
360 13 11 59
360 13 13 61
360 13 14 60
361 2 0 56
361 2 1 59
361 2 3 59
361 2 4 57
361 2 7 56
361 2 8 59
361 2 9 61
361 2 12 60
361 3 0 62
361 3 2 73
361 3 4 61
361 3 6 61
361 3 9 62
361 3 10 63
361 3 12 63
361 3 14 70
361 7 0 55
361 7 2 58
361 7 4 58
361 7 5 56
361 7 8 55
361 7 11 58
361 7 12 60
361 7 13 59
362 0 1 53
362 0 2 56
362 0 4 56
362 0 6 54
362 0 9 53
362 0 12 56
362 0 13 58
362 0 14 57
362 2 0 53
362 2 1 50
362 2 3 49
362 2 4 45
362 2 7 45
362 2 8 48
362 2 9 48
362 2 12 55
362 13 2 48
362 13 4 53
362 13 5 45
362 13 6 53
362 13 8 50
362 13 11 45
362 13 13 53
362 13 14 52
362 14 0 44
362 14 4 49
362 14 5 41
362 14 6 49
362 14 9 46
362 14 11 41
362 14 12 49
362 14 13 48
363 0 1 73
363 0 2 64
363 0 4 75
363 0 6 69
363 0 9 69
363 0 12 79
363 0 13 68
363 0 14 79
363 5 0 58
363 5 1 69
363 5 2 57
363 5 6 57
363 5 8 58
363 5 9 59
363 5 11 59
363 5 12 66
363 6 0 75
363 6 2 66
363 6 4 77
363 6 9 71
363 6 10 71
363 6 11 81
363 6 12 70
363 6 14 81
363 9 1 63
363 9 2 74
363 9 3 62
363 9 4 62
363 9 8 63
363 9 11 64
363 9 12 64
363 9 14 71
363 12 0 63
363 12 1 74
363 12 2 62
363 12 3 62
363 12 7 63
363 12 9 64
363 12 10 64
363 12 14 71
364 5 0 18
364 5 1 16
364 5 2 18
364 5 6 17
364 5 8 17
364 5 9 19
364 5 11 17
364 5 12 19
364 6 0 18
364 6 2 21
364 6 4 21
364 6 9 19
364 6 10 18
364 6 11 21
364 6 12 23
364 6 14 22
364 8 2 18
364 8 3 21
364 8 5 21
364 8 6 19
364 8 7 18
364 8 8 21
364 8 12 23
364 8 14 22
364 9 1 19
364 9 2 17
364 9 3 19
364 9 4 18
364 9 8 18
364 9 11 20
364 9 12 18
364 9 14 20
364 12 0 18
364 12 1 16
364 12 2 18
364 12 3 17
364 12 7 17
364 12 9 19
364 12 10 17
364 12 14 19
365 4 0 23
365 4 1 26
365 4 3 26
365 4 4 24
365 4 7 23
365 4 9 26
365 4 12 28
365 4 13 27
365 8 2 26
365 8 3 29
365 8 5 29
365 8 6 27
365 8 7 26
365 8 8 29
365 8 12 31
365 8 14 30
365 14 0 26
365 14 4 29
365 14 5 29
365 14 6 27
365 14 9 26
365 14 11 29
365 14 12 31
365 14 13 30
366 8 2 38
366 8 3 34
366 8 5 39
366 8 6 36
366 8 7 36
366 8 8 41
366 8 12 36
366 8 14 41
366 11 0 34
366 11 1 30
366 11 5 35
366 11 6 32
366 11 9 32
366 11 10 37
366 11 11 32
366 11 13 37
366 12 0 39
366 12 1 35
366 12 2 40
366 12 3 37
366 12 7 37
366 12 9 42
366 12 10 37
366 12 14 42
366 13 2 36
366 13 4 32
366 13 5 37
366 13 6 34
366 13 8 34
366 13 11 39
366 13 13 34
366 13 14 39
367 6 0 55
367 6 2 58
367 6 4 58
367 6 9 56
367 6 10 55
367 6 11 58
367 6 12 60
367 6 14 59
367 7 0 57
367 7 2 68
367 7 4 56
367 7 5 56
367 7 8 57
367 7 11 58
367 7 12 58
367 7 13 65
367 9 1 61
367 9 2 72
367 9 3 60
367 9 4 60
367 9 8 61
367 9 11 62
367 9 12 62
367 9 14 69
367 11 0 59
367 11 1 62
367 11 5 62
367 11 6 60
367 11 9 59
367 11 10 62
367 11 11 64
367 11 13 63
367 14 0 59
367 14 4 70
367 14 5 58
367 14 6 58
367 14 9 59
367 14 11 60
367 14 12 60
367 14 13 67
368 2 0 99
368 2 1 96
368 2 3 106
368 2 4 102
368 2 7 91
368 2 8 94
368 2 9 94
368 2 12 101
368 10 1 101
368 10 2 96
368 10 5 88
368 10 7 106
368 10 8 93
368 10 9 88
368 10 10 106
368 10 11 105
368 12 0 80
368 12 1 89
368 12 2 95
368 12 3 93
368 12 7 86
368 12 9 95
368 12 10 85
368 12 14 90
368 14 0 104
368 14 4 101
368 14 5 111
368 14 6 107
368 14 9 96
368 14 11 99
368 14 12 99
368 14 13 106
