Jobs:
0 1 2 3 4 5 6 7 8 9 10 11 12 13 14 15 16 17 18 19 20 21 22 23 24 25 26 27 28 29
Machines:
0 1 2 3 4 5 6 7 8 9 10 11 12 13 14
Workers:
0 1 2 3 4 5 6 7 8 9 10 11
Operations per job:
0 1 2 3 4 5 6 7 8 9
10 11 12 13 14 15 16 17 18 19 20 21 22
23 24 25 26 27 28 29 30 31 32 33 34 35
36 37 38 39 40 41 42 43 44 45 46
47 48 49 50 51 52 53 54 55 56
57 58 59 60 61 62 63 64 65 66 67 68 69
70 71 72 73 74 75 76 77 78 79 80 81 82 83 84
85 86 87 88 89 90 91 92 93 94 95 96 97 98
99 100 101 102 103 104 105 106 107 108 109 110 111
112 113 114 115 116 117 118 119 120 121
122 123 124 125 126 127 128 129 130 131 132 133 134 135 136
137 138 139 140 141 142 143 144 145 146
147 148 149 150 151 152 153 154 155 156 157
158 159 160 161 162 163 164 165 166 167 168 169
170 171 172 173 174 175 176 177 178 179 180 181
182 183 184 185 186 187 188 189 190 191 192 193
194 195 196 197 198 199 200 201 202 203 204 205 206 207
208 209 210 211 212 213 214 215 216 217 218 219 220 221 222
223 224 225 226 227 228 229 230 231 232 233 234 235 236
237 238 239 240 241 242 243 244 245 246 247
248 249 250 251 252 253 254 255 256 257 258 259 260 261 262
263 264 265 266 267 268 269 270 271 272 273 274 275 276
277 278 279 280 281 282 283 284 285 286 287
288 289 290 291 292 293 294 295 296 297
298 299 300 301 302 303 304 305 306 307 308 309 310 311 312
313 314 315 316 317 318 319 320 321 322 323 324
325 326 327 328 329 330 331 332 333 334
335 336 337 338 339 340 341 342 343 344 345
346 347 348 349 350 351 352 353 354 355 356 357
358 359 360 361 362 363 364 365 366 367 368
Predecessors per operation:

0
1
2
3
4
5
6
7
8

10
11
12
13
14
15
16
17
18
19
20
21

23
24
25
26
27
28
29
30
31
32
33
34

36
37
38
39
40
41
42
43
44
45

47
48
49
50
51
52
53
54
55

57
58
59
60
61
62
63
64
65
66
67
68

70
71
72
73
74
75
76
77
78
79
80
81
82
83

85
86
87
88
89
90
91
92
93
94
95
96
97

99
100
101
102
103
104
105
106
107
108
109
110

112
113
114
115
116
117
118
119
120

122
123
124
125
126
127
128
129
130
131
132
133
134
135

137
138
139
140
141
142
143
144
145

147
148
149
150
151
152
153
154
155
156

158
159
160
161
162
163
164
165
166
167
168

170
171
172
173
174
175
176
177
178
179
180

182
183
184
185
186
187
188
189
190
191
192

194
195
196
197
198
199
200
201
202
203
204
205
206

208
209
210
211
212
213
214
215
216
217
218
219
220
221

223
224
225
226
227
228
229
230
231
232
233
234
235

237
238
239
240
241
242
243
244
245
246

248
249
250
251
252
253
254
255
256
257
258
259
260
261

263
264
265
266
267
268
269
270
271
272
273
274
275

277
278
279
280
281
282
283
284
285
286

288
289
290
291
292
293
294
295
296

298
299
300
301
302
303
304
305
306
307
308
309
310
311

313
314
315
316
317
318
319
320
321
322
323

325
326
327
328
329
330
331
332
333

335
336
337
338
339
340
341
342
343
344

346
347
348
349
350
351
352
353
354
355
356

358
359
360
361
362
363
364
365
366
367
Successors per operation:
1
2
3
4
5
6
7
8
9

11
12
13
14
15
16
17
18
19
20
21
22

24
25
26
27
28
29
30
31
32
33
34
35

37
38
39
40
41
42
43
44
45
46

48
49
50
51
52
53
54
55
56

58
59
60
61
62
63
64
65
66
67
68
69

71
72
73
74
75
76
77
78
79
80
81
82
83
84

86
87
88
89
90
91
92
93
94
95
96
97
98

100
101
102
103
104
105
106
107
108
109
110
111

113
114
115
116
117
118
119
120
121

123
124
125
126
127
128
129
130
131
132
133
134
135
136

138
139
140
141
142
143
144
145
146

148
149
150
151
152
153
154
155
156
157

159
160
161
162
163
164
165
166
167
168
169

171
172
173
174
175
176
177
178
179
180
181

183
184
185
186
187
188
189
190
191
192
193

195
196
197
198
199
200
201
202
203
204
205
206
207

209
210
211
212
213
214
215
216
217
218
219
220
221
222

224
225
226
227
228
229
230
231
232
233
234
235
236

238
239
240
241
242
243
244
245
246
247

249
250
251
252
253
254
255
256
257
258
259
260
261
262

264
265
266
267
268
269
270
271
272
273
274
275
276

278
279
280
281
282
283
284
285
286
287

289
290
291
292
293
294
295
296
297

299
300
301
302
303
304
305
306
307
308
309
310
311
312

314
315
316
317
318
319
320
321
322
323
324

326
327
328
329
330
331
332
333
334

336
337
338
339
340
341
342
343
344
345

347
348
349
350
351
352
353
354
355
356
357

359
360
361
362
363
364
365
366
367
368

Machines per operation:
4 6 9
6 13 14
6 12 14
1 2 8 14
1 8 10
1 2 13
3 7 8 9 10
1 8 9 12
3 4 7
0 7 14
2 6 9 10 12
0 3 4
0 4 9 13
0 1 7 9 12
2 8 9 11 12
0 1 6 11 14
2 9 10 11
0 4 9 10 12
0 11 12 13
2 4 5 8
2 3 6 8 12
5 7 12 14
1 3 8 14
2 11 12
4 5 7 9 10
1 2 7 9 11
8 11 13
9 10 11 13
0 1 5 6 10
1 2 3 9
0 3 10
3 7 14
5 11 14
2 4 6 8
0 4 12 13
9 11 12 13
5 6 14
4 6 9 10 14
2 7 11
2 5 9 12
6 8 10 11 13
4 6 8
1 9 14
1 3 9
0 5 9
3 4 10
3 7 9 13
0 4 14
4 9 14
1 3 4 5
2 8 10
0 4 5 9
2 3 8 9
7 9 12
6 7 12
2 5 11 14
6 10 12
4 5 7 9 12
0 8 10 12 14
6 13 14
3 5 9 11 13
0 2 11 13 14
7 9 12
5 6 11 13
5 7 8
0 4 5 8 14
0 9 12
4 5 7 8 9
1 3 9 12 13
6 7 10 13
2 5 7 8 9
5 6 12
7 8 12
8 10 11
0 4 6
0 1 13
4 8 11 13
1 7 10 11
1 2 5 12 14
8 9 10 11
0 6 14
2 8 11
5 6 11 12
0 10 12 13 14
0 2 4 11 13
1 6 8 9 14
1 7 11 13 14
3 6 11
6 12 14
9 10 12
0 1 13
3 5 8 12 13
9 11 13
1 2 3 6 9
1 3 11 12
0 1 7 8
0 1 3 6 8
0 4 5 10 11
0 2 7 8
5 6 7 9 14
0 1 2
7 8 10 12 14
3 4 5 8 12
4 6 13
0 1 6 8 10
3 5 9 13
6 8 11
0 6 8 9 14
1 5 8 13
5 7 8 14
1 11 14
0 3 4 7 10
1 2 3 4 5
0 2 7 9
4 5 12 13 14
1 8 11 13
0 2 4 5 7
5 8 9 10 12
2 4 6 8
0 4 5 7
1 3 12
3 5 11 14
0 6 8 10 11
0 2 8 14
9 12 14
1 3 9 12 13
0 4 10 12
5 6 11
3 4 6
4 5 7 10
1 11 13
5 6 11 12 14
3 5 7
1 3 4 6
3 5 10
7 13 14
3 4 5 9 12
0 8 13
2 6 10 13
0 3 8 10 12
3 5 6 11 14
0 1 3 5 13
0 4 7 11
0 5 9 10 11
4 6 7 12 13
0 1 2 14
0 1 8
1 2 4 7
6 7 8 13
9 11 14
7 8 12
1 5 7 12
1 3 9
3 10 11
4 7 9 12
2 7 9
0 3 7
5 10 11 12 14
3 5 9
0 1 2 6 8
4 7 8 10 14
4 5 12
0 1 2
2 5 7 14
1 9 11 14
4 6 11 14
1 5 7 11 13
2 5 10 14
4 5 7 10 11
5 7 8 12 13
1 6 8 11 14
0 8 10
4 6 10 11 14
2 9 10
3 5 10
1 2 5 7
4 6 7 13 14
1 3 8 11
1 3 10 14
1 4 7 12 14
5 11 14
1 5 8 10 12
1 3 7 13
1 4 8 9 14
7 12 13
0 1 9 11
2 7 10 14
1 4 8 12
3 6 11
7 8 13
5 12 13
0 1 6 9 10
5 6 11
0 3 4 12
0 5 9 11
0 3 8 11
1 3 6
2 7 9 13
0 9 11
7 12 13 14
5 13 14
2 7 12 14
3 8 11
4 5 9 10 14
0 1 7 13
2 10 11 13 14
1 3 13
3 7 9 13 14
0 5 6 13
7 8 11 14
5 6 13
1 8 9 10 13
0 1 5 13
0 1 2 3 9
0 8 9
1 2 7
0 3 6 12
2 4 5 11
4 5 6 7 11
2 3 10 12 14
8 10 11 12 14
9 10 13
2 3 4 5 6
0 5 9
3 5 7 9
3 6 12
6 7 9
6 8 12
0 5 9 10
7 12 13
3 4 6 9 14
3 7 12 13 14
4 8 9 10 13
0 1 2 5 13
0 3 4 8 9
6 10 12
7 9 11 12
1 4 8
0 4 5 13
4 10 11
0 1 3 6
0 2 3 8 12
7 10 12
4 6 8
0 3 7 9 14
4 7 8 14
0 3 4 8 10
1 3 8
6 12 14
0 4 8 9 14
4 10 13 14
7 12 13 14
1 4 8
3 7 14
0 5 7 10 12
1 4 6 11 12
0 1 2 7 14
10 11 12
0 2 5 10 11
0 5 7 14
7 8 14
0 2 5 6 8
3 5 13
6 12 14
1 9 12 13
7 9 13
2 6 12 13 14
4 5 6 13
2 9 10 12 14
1 5 10 14
0 2 3 13 14
0 2 8 10 13
3 4 5 9 12
2 4 6 7 11
2 6 11 12 13
0 1 4 8 10
2 4 6 9 12
0 4 7 9
0 2 6
0 9 13
1 2 11
0 3 4
6 7 12 14
1 2 5 13
2 4 12 14
3 6 8 10 12
1 5 8
0 4 10 11 12
0 6 7 12
1 4 13
3 7 10
1 9 10 14
7 9 11
2 5 9 13
1 8 9 11
1 5 8 11
1 8 14
3 4 7 9
0 3 6 11 13
0 4 10 11
0 2 6 7 11
6 9 10
2 7 8 11 12
1 3 13
0 9 11
1 11 14
7 10 13
0 3 4 6 14
3 9 10 11
2 4 7 11 14
4 10 12
9 10 12 14
1 2 7 10 14
0 1 3 5
0 3 7 8 9
6 7 12
1 3 5 12
0 1 14
6 12 14
2 4 9 11
7 9 10 13
4 8 11
3 4 8 13
1 2 6 10
1 2 3 6 8
0 7 11 14
3 6 10 13
1 8 9 10 12
0 2 4 11
4 5 10 14
0 3 7 10 13
2 5 8 12
1 6 9 12 14
0 2 5 7 9
0 4 7 8 9
1 7 9
0 3 9 10
0 1 7 9 10
4 7 9 10 14
0 1 8 10
2 5 6
4 8 9
2 4 12
6 7 10 12 13
1 3 9 12 14
2 3 4 9 13
4 5 8 9 10
1 4 5 10 13
0 7 9
7 8 9 10 13
8 9 12
0 1 2 8
0 3 6 7 13
4 8 10
1 4 10
1 3 9 10
0 8 11 13 14
0 2 8 10 14
2 9 11 12
0 1 7
5 7 12 13
2 3 7
0 2 13 14
0 5 6 9 12
5 6 8 9 12
4 8 14
8 11 12 13
6 7 9 11 14
2 10 12 14
Processing times (o m w p):
0 4 0 88
0 4 1 87
0 4 2 84
0 4 3 88
0 4 6 72
0 4 7 86
0 4 9 81
0 4 11 88
0 6 1 80
0 6 2 89
0 6 3 95
0 6 5 93
0 6 6 86
0 6 7 95
0 6 9 85
0 6 11 90
0 9 0 99
0 9 1 94
0 9 2 86
0 9 3 104
0 9 4 91
0 9 5 86
0 9 10 104
0 9 11 103
1 6 1 42
1 6 2 47
1 6 3 39
1 6 5 47
1 6 6 44
1 6 7 39
1 6 9 47
1 6 11 46
1 13 0 47
1 13 1 52
1 13 2 44
1 13 3 52
1 13 4 49
1 13 5 44
1 13 9 52
1 13 11 51
1 14 0 36
1 14 1 36
1 14 2 42
1 14 3 40
1 14 4 42
1 14 5 42
1 14 6 41
1 14 11 37
2 6 1 76
2 6 2 67
2 6 3 78
2 6 5 72
2 6 6 72
2 6 7 82
2 6 9 71
2 6 11 82
2 12 0 61
2 12 4 72
2 12 6 60
2 12 7 60
2 12 8 61
2 12 9 62
2 12 10 62
2 12 11 69
2 14 0 78
2 14 1 69
2 14 2 80
2 14 3 74
2 14 4 74
2 14 5 84
2 14 6 73
2 14 11 84
3 1 0 57
3 1 1 68
3 1 2 56
3 1 4 56
3 1 7 57
3 1 8 58
3 1 10 58
3 1 11 65
3 2 0 74
3 2 2 65
3 2 5 76
3 2 6 70
3 2 7 70
3 2 8 80
3 2 9 69
3 2 10 80
3 8 0 56
3 8 2 67
3 8 3 55
3 8 5 55
3 8 7 56
3 8 8 57
3 8 10 57
3 8 11 64
3 14 0 56
3 14 1 67
3 14 2 55
3 14 3 55
3 14 4 56
3 14 5 57
3 14 6 57
3 14 11 64
4 1 0 33
4 1 1 29
4 1 2 34
4 1 4 31
4 1 7 31
4 1 8 36
4 1 10 31
4 1 11 36
4 8 0 26
4 8 2 29
4 8 3 29
4 8 5 27
4 8 7 26
4 8 8 29
4 8 10 31
4 8 11 30
4 10 0 34
4 10 4 30
4 10 5 35
4 10 6 32
4 10 7 32
4 10 9 37
4 10 10 32
4 10 11 37
5 1 0 101
5 1 1 96
5 1 2 88
5 1 4 106
5 1 7 93
5 1 8 88
5 1 10 106
5 1 11 105
5 2 0 78
5 2 2 87
5 2 5 93
5 2 6 91
5 2 7 84
5 2 8 93
5 2 9 83
5 2 10 88
5 13 0 98
5 13 1 93
5 13 2 85
5 13 3 103
5 13 4 90
5 13 5 85
5 13 9 103
5 13 11 102
6 3 0 57
6 3 1 60
6 3 3 60
6 3 5 58
6 3 6 57
6 3 7 60
6 3 8 62
6 3 10 61
6 7 0 63
6 7 3 74
6 7 6 62
6 7 7 62
6 7 8 63
6 7 9 64
6 7 10 64
6 7 11 71
6 8 0 56
6 8 2 59
6 8 3 59
6 8 5 57
6 8 7 56
6 8 8 59
6 8 10 61
6 8 11 60
6 9 0 56
6 9 1 59
6 9 2 59
6 9 3 57
6 9 4 56
6 9 5 59
6 9 10 61
6 9 11 60
6 10 0 57
6 10 4 60
6 10 5 60
6 10 6 58
6 10 7 57
6 10 9 60
6 10 10 62
6 10 11 61
7 1 0 19
7 1 1 22
7 1 2 22
7 1 4 20
7 1 7 19
7 1 8 22
7 1 10 24
7 1 11 23
7 8 0 19
7 8 2 22
7 8 3 22
7 8 5 20
7 8 7 19
7 8 8 22
7 8 10 24
7 8 11 23
7 9 0 19
7 9 1 17
7 9 2 19
7 9 3 18
7 9 4 18
7 9 5 20
7 9 10 18
7 9 11 20
7 12 0 19
7 12 4 22
7 12 6 22
7 12 7 20
7 12 8 19
7 12 9 22
7 12 10 24
7 12 11 23
8 3 0 55
8 3 1 58
8 3 3 58
8 3 5 56
8 3 6 55
8 3 7 58
8 3 8 60
8 3 10 59
8 4 0 57
8 4 1 68
8 4 2 56
8 4 3 56
8 4 6 57
8 4 7 58
8 4 9 58
8 4 11 65
8 7 0 61
8 7 3 72
8 7 6 60
8 7 7 60
8 7 8 61
8 7 9 62
8 7 10 62
8 7 11 69
9 0 0 58
9 0 3 61
9 0 5 61
9 0 6 59
9 0 7 58
9 0 9 61
9 0 10 63
9 0 11 62
9 7 0 64
9 7 3 75
9 7 6 63
9 7 7 63
9 7 8 64
9 7 9 65
9 7 10 65
9 7 11 72
9 14 0 57
9 14 1 60
9 14 2 60
9 14 3 58
9 14 4 57
9 14 5 60
9 14 6 62
9 14 11 61
10 2 0 102
10 2 2 97
10 2 5 89
10 2 6 107
10 2 7 94
10 2 8 89
10 2 9 107
10 2 10 106
10 6 1 97
10 6 2 92
10 6 3 84
10 6 5 102
10 6 6 89
10 6 7 84
10 6 9 102
10 6 11 101
10 9 0 76
10 9 1 85
10 9 2 91
10 9 3 89
10 9 4 82
10 9 5 91
10 9 10 81
10 9 11 86
10 10 0 100
10 10 4 97
10 10 5 107
10 10 6 103
10 10 7 92
10 10 9 95
10 10 10 95
10 10 11 102
10 12 0 97
10 12 4 87
10 12 6 94
10 12 7 92
10 12 8 83
10 12 9 90
10 12 10 88
10 12 11 83
11 0 0 79
11 0 3 88
11 0 5 94
11 0 6 92
11 0 7 85
11 0 9 94
11 0 10 84
11 0 11 89
11 3 0 78
11 3 1 87
11 3 3 93
11 3 5 91
11 3 6 84
11 3 7 93
11 3 8 83
11 3 10 88
11 4 0 75
11 4 1 84
11 4 2 90
11 4 3 88
11 4 6 81
11 4 7 90
11 4 9 80
11 4 11 85
12 0 0 76
12 0 3 67
12 0 5 78
12 0 6 72
12 0 7 72
12 0 9 82
12 0 10 71
12 0 11 82
12 4 0 75
12 4 1 84
12 4 2 90
12 4 3 88
12 4 6 81
12 4 7 90
12 4 9 80
12 4 11 85
12 9 0 97
12 9 1 87
12 9 2 94
12 9 3 92
12 9 4 83
12 9 5 90
12 9 10 88
12 9 11 83
12 13 0 79
12 13 1 88
12 13 2 94
12 13 3 92
12 13 4 85
12 13 5 94
12 13 9 84
12 13 11 89
13 0 0 42
13 0 3 47
13 0 5 39
13 0 6 47
13 0 7 44
13 0 9 39
13 0 10 47
13 0 11 46
13 1 0 47
13 1 1 52
13 1 2 44
13 1 4 52
13 1 7 49
13 1 8 44
13 1 10 52
13 1 11 51
13 7 0 36
13 7 3 36
13 7 6 42
13 7 7 40
13 7 8 42
13 7 9 42
13 7 10 41
13 7 11 37
13 9 0 47
13 9 1 52
13 9 2 44
13 9 3 52
13 9 4 49
13 9 5 44
13 9 10 52
13 9 11 51
13 12 0 44
13 12 4 49
13 12 6 41
13 12 7 49
13 12 8 46
13 12 9 41
13 12 10 49
13 12 11 48
14 2 0 18
14 2 2 21
14 2 5 21
14 2 6 19
14 2 7 18
14 2 8 21
14 2 9 23
14 2 10 22
14 8 0 21
14 8 2 24
14 8 3 24
14 8 5 22
14 8 7 21
14 8 8 24
14 8 10 26
14 8 11 25
14 9 0 21
14 9 1 24
14 9 2 24
14 9 3 22
14 9 4 21
14 9 5 24
14 9 10 26
14 9 11 25
14 11 1 19
14 11 3 22
14 11 4 22
14 11 5 20
14 11 6 19
14 11 7 22
14 11 8 24
14 11 11 23
14 12 0 18
14 12 4 21
14 12 6 21
14 12 7 19
14 12 8 18
14 12 9 21
14 12 10 23
14 12 11 22
15 0 0 53
15 0 3 56
15 0 5 56
15 0 6 54
15 0 7 53
15 0 9 56
15 0 10 58
15 0 11 57
15 1 0 56
15 1 1 59
15 1 2 59
15 1 4 57
15 1 7 56
15 1 8 59
15 1 10 61
15 1 11 60
15 6 1 56
15 6 2 59
15 6 3 59
15 6 5 57
15 6 6 56
15 6 7 59
15 6 9 61
15 6 11 60
15 11 1 54
15 11 3 57
15 11 4 57
15 11 5 55
15 11 6 54
15 11 7 57
15 11 8 59
15 11 11 58
15 14 0 53
15 14 1 56
15 14 2 56
15 14 3 54
15 14 4 53
15 14 5 56
15 14 6 58
15 14 11 57
16 2 0 17
16 2 2 15
16 2 5 17
16 2 6 16
16 2 7 16
16 2 8 18
16 2 9 16
16 2 10 18
16 9 0 15
16 9 1 13
16 9 2 15
16 9 3 14
16 9 4 14
16 9 5 16
16 9 10 14
16 9 11 16
16 10 0 17
16 10 4 15
16 10 5 17
16 10 6 16
16 10 7 16
16 10 9 18
16 10 10 16
16 10 11 18
16 11 1 16
16 11 3 14
16 11 4 16
16 11 5 15
16 11 6 15
16 11 7 17
16 11 8 15
16 11 11 17
17 0 0 101
17 0 3 96
17 0 5 88
17 0 6 106
17 0 7 93
17 0 9 88
17 0 10 106
17 0 11 105
17 4 0 96
17 4 1 91
17 4 2 83
17 4 3 101
17 4 6 88
17 4 7 83
17 4 9 101
17 4 11 100
17 9 0 75
17 9 1 84
17 9 2 90
17 9 3 88
17 9 4 81
17 9 5 90
17 9 10 80
17 9 11 85
17 10 0 99
17 10 4 96
17 10 5 106
17 10 6 102
17 10 7 91
17 10 9 94
17 10 10 94
17 10 11 101
17 12 0 80
17 12 4 89
17 12 6 95
17 12 7 93
17 12 8 86
17 12 9 95
17 12 10 85
17 12 11 90
18 0 0 19
18 0 3 22
18 0 5 22
18 0 6 20
18 0 7 19
18 0 9 22
18 0 10 24
18 0 11 23
18 11 1 22
18 11 3 25
18 11 4 25
18 11 5 23
18 11 6 22
18 11 7 25
18 11 8 27
18 11 11 26
18 12 0 22
18 12 4 25
18 12 6 25
18 12 7 23
18 12 8 22
18 12 9 25
18 12 10 27
18 12 11 26
18 13 0 20
18 13 1 23
18 13 2 23
18 13 3 21
18 13 4 20
18 13 5 23
18 13 9 25
18 13 11 24
19 2 0 19
19 2 2 22
19 2 5 22
19 2 6 20
19 2 7 19
19 2 8 22
19 2 9 24
19 2 10 23
19 4 0 22
19 4 1 25
19 4 2 25
19 4 3 23
19 4 6 22
19 4 7 25
19 4 9 27
19 4 11 26
19 5 0 22
19 5 1 25
19 5 2 25
19 5 5 23
19 5 6 22
19 5 8 25
19 5 9 27
19 5 10 26
19 8 0 20
19 8 2 23
19 8 3 23
19 8 5 21
19 8 7 20
19 8 8 23
19 8 10 25
19 8 11 24
20 2 0 38
20 2 2 34
20 2 5 39
20 2 6 36
20 2 7 36
20 2 8 41
20 2 9 36
20 2 10 41
20 3 0 34
20 3 1 30
20 3 3 35
20 3 5 32
20 3 6 32
20 3 7 37
20 3 8 32
20 3 10 37
20 6 1 39
20 6 2 35
20 6 3 40
20 6 5 37
20 6 6 37
20 6 7 42
20 6 9 37
20 6 11 42
20 8 0 36
20 8 2 32
20 8 3 37
20 8 5 34
20 8 7 34
20 8 8 39
20 8 10 34
20 8 11 39
20 12 0 36
20 12 4 32
20 12 6 37
20 12 7 34
20 12 8 34
20 12 9 39
20 12 10 34
20 12 11 39
21 5 0 45
21 5 1 50
21 5 2 42
21 5 5 50
21 5 6 47
21 5 8 42
21 5 9 50
21 5 10 49
21 7 0 51
21 7 3 54
21 7 6 54
21 7 7 52
21 7 8 51
21 7 9 54
21 7 10 56
21 7 11 55
21 12 0 42
21 12 4 47
21 12 6 39
21 12 7 47
21 12 8 44
21 12 9 39
21 12 10 47
21 12 11 46
21 14 0 51
21 14 1 54
21 14 2 54
21 14 3 52
21 14 4 51
21 14 5 54
21 14 6 56
21 14 11 55
22 1 0 14
22 1 1 12
22 1 2 14
22 1 4 13
22 1 7 13
22 1 8 15
22 1 10 13
22 1 11 15
22 3 0 12
22 3 1 10
22 3 3 12
22 3 5 11
22 3 6 11
22 3 7 13
22 3 8 11
22 3 10 13
22 8 0 14
22 8 2 12
22 8 3 14
22 8 5 13
22 8 7 13
22 8 8 15
22 8 10 13
22 8 11 15
22 14 0 13
22 14 1 11
22 14 2 13
22 14 3 12
22 14 4 12
22 14 5 14
22 14 6 12
22 14 11 14
23 2 0 19
23 2 2 22
23 2 5 22
23 2 6 20
23 2 7 19
23 2 8 22
23 2 9 24
23 2 10 23
23 11 1 22
23 11 3 25
23 11 4 25
23 11 5 23
23 11 6 22
23 11 7 25
23 11 8 27
23 11 11 26
23 12 0 22
23 12 4 25
23 12 6 25
23 12 7 23
23 12 8 22
23 12 9 25
23 12 10 27
23 12 11 26
24 4 0 19
24 4 1 22
24 4 2 22
24 4 3 20
24 4 6 19
24 4 7 22
24 4 9 24
24 4 11 23
24 5 0 22
24 5 1 25
24 5 2 25
24 5 5 23
24 5 6 22
24 5 8 25
24 5 9 27
24 5 10 26
24 7 0 22
24 7 3 25
24 7 6 25
24 7 7 23
24 7 8 22
24 7 9 25
24 7 10 27
24 7 11 26
24 9 0 20
24 9 1 23
24 9 2 23
24 9 3 21
24 9 4 20
24 9 5 23
24 9 10 25
24 9 11 24
24 10 0 19
24 10 4 22
24 10 5 22
24 10 6 20
24 10 7 19
24 10 9 22
24 10 10 24
24 10 11 23
25 1 0 57
25 1 1 60
25 1 2 60
25 1 4 58
25 1 7 57
25 1 8 60
25 1 10 62
25 1 11 61
25 2 0 63
25 2 2 74
25 2 5 62
25 2 6 62
25 2 7 63
25 2 8 64
25 2 9 64
25 2 10 71
25 7 0 56
25 7 3 59
25 7 6 59
25 7 7 57
25 7 8 56
25 7 9 59
25 7 10 61
25 7 11 60
25 9 0 56
25 9 1 59
25 9 2 59
25 9 3 57
25 9 4 56
25 9 5 59
25 9 10 61
25 9 11 60
25 11 1 57
25 11 3 60
25 11 4 60
25 11 5 58
25 11 6 57
25 11 7 60
25 11 8 62
25 11 11 61
26 8 0 51
26 8 2 54
26 8 3 54
26 8 5 52
26 8 7 51
26 8 8 54
26 8 10 56
26 8 11 55
26 11 1 54
26 11 3 57
26 11 4 57
26 11 5 55
26 11 6 54
26 11 7 57
26 11 8 59
26 11 11 58
26 13 0 54
26 13 1 57
26 13 2 57
26 13 3 55
26 13 4 54
26 13 5 57
26 13 9 59
26 13 11 58
27 9 0 103
27 9 1 98
27 9 2 90
27 9 3 108
27 9 4 95
27 9 5 90
27 9 10 108
27 9 11 107
27 10 0 98
27 10 4 93
27 10 5 85
27 10 6 103
27 10 7 90
27 10 9 85
27 10 10 103
27 10 11 102
27 11 1 77
27 11 3 86
27 11 4 92
27 11 5 90
27 11 6 83
27 11 7 92
27 11 8 82
27 11 11 87
27 13 0 101
27 13 1 98
27 13 2 108
27 13 3 104
27 13 4 93
27 13 5 96
27 13 9 96
27 13 11 103
28 0 0 103
28 0 3 98
28 0 5 90
28 0 6 108
28 0 7 95
28 0 9 90
28 0 10 108
28 0 11 107
28 1 0 98
28 1 1 93
28 1 2 85
28 1 4 103
28 1 7 90
28 1 8 85
28 1 10 103
28 1 11 102
28 5 0 77
28 5 1 86
28 5 2 92
28 5 5 90
28 5 6 83
28 5 8 92
28 5 9 82
28 5 10 87
28 6 1 101
28 6 2 98
28 6 3 108
28 6 5 104
28 6 6 93
28 6 7 96
28 6 9 96
28 6 11 103
28 10 0 95
28 10 4 90
28 10 5 82
28 10 6 100
28 10 7 87
28 10 9 82
28 10 10 100
28 10 11 99
29 1 0 102
29 1 1 97
29 1 2 89
29 1 4 107
29 1 7 94
29 1 8 89
29 1 10 107
29 1 11 106
29 2 0 97
29 2 2 92
29 2 5 84
29 2 6 102
29 2 7 89
29 2 8 84
29 2 9 102
29 2 10 101
29 3 0 76
29 3 1 85
29 3 3 91
29 3 5 89
29 3 6 82
29 3 7 91
29 3 8 81
29 3 10 86
29 9 0 100
29 9 1 97
29 9 2 107
29 9 3 103
29 9 4 92
29 9 5 95
29 9 10 95
29 9 11 102
30 0 0 58
30 0 3 61
30 0 5 61
30 0 6 59
30 0 7 58
30 0 9 61
30 0 10 63
30 0 11 62
30 3 0 56
30 3 1 67
30 3 3 55
30 3 5 55
30 3 6 56
30 3 7 57
30 3 8 57
30 3 10 64
30 10 0 56
30 10 4 67
30 10 5 55
30 10 6 55
30 10 7 56
30 10 9 57
30 10 10 57
30 10 11 64
31 3 0 59
31 3 1 62
31 3 3 62
31 3 5 60
31 3 6 59
31 3 7 62
31 3 8 64
31 3 10 63
31 7 0 57
31 7 3 68
31 7 6 56
31 7 7 56
31 7 8 57
31 7 9 58
31 7 10 58
31 7 11 65
31 14 0 57
31 14 1 68
31 14 2 56
31 14 3 56
31 14 4 57
31 14 5 58
31 14 6 58
31 14 11 65
32 5 0 55
32 5 1 58
32 5 2 58
32 5 5 56
32 5 6 55
32 5 8 58
32 5 9 60
32 5 10 59
32 11 1 57
32 11 3 68
32 11 4 56
32 11 5 56
32 11 6 57
32 11 7 58
32 11 8 58
32 11 11 65
32 14 0 61
32 14 1 72
32 14 2 60
32 14 3 60
32 14 4 61
32 14 5 62
32 14 6 62
32 14 11 69
33 2 0 75
33 2 2 66
33 2 5 77
33 2 6 71
33 2 7 71
33 2 8 81
33 2 9 70
33 2 10 81
33 4 0 74
33 4 1 83
33 4 2 89
33 4 3 87
33 4 6 80
33 4 7 89
33 4 9 79
33 4 11 84
33 6 1 80
33 6 2 89
33 6 3 95
33 6 5 93
33 6 6 86
33 6 7 95
33 6 9 85
33 6 11 90
33 8 0 78
33 8 2 87
33 8 3 93
33 8 5 91
33 8 7 84
33 8 8 93
33 8 10 83
33 8 11 88
34 0 0 15
34 0 3 13
34 0 5 15
34 0 6 14
34 0 7 14
34 0 9 16
34 0 10 14
34 0 11 16
34 4 0 13
34 4 1 11
34 4 2 13
34 4 3 12
34 4 6 12
34 4 7 14
34 4 9 12
34 4 11 14
34 12 0 15
34 12 4 13
34 12 6 15
34 12 7 14
34 12 8 14
34 12 9 16
34 12 10 14
34 12 11 16
34 13 0 14
34 13 1 12
34 13 2 14
34 13 3 13
34 13 4 13
34 13 5 15
34 13 9 13
34 13 11 15
35 9 0 101
35 9 1 96
35 9 2 88
35 9 3 106
35 9 4 93
35 9 5 88
35 9 10 106
35 9 11 105
35 11 1 96
35 11 3 91
35 11 4 83
35 11 5 101
35 11 6 88
35 11 7 83
35 11 8 101
35 11 11 100
35 12 0 75
35 12 4 84
35 12 6 90
35 12 7 88
35 12 8 81
35 12 9 90
35 12 10 80
35 12 11 85
35 13 0 99
35 13 1 96
35 13 2 106
35 13 3 102
35 13 4 91
35 13 5 94
35 13 9 94
35 13 11 101
36 5 0 37
36 5 1 33
36 5 2 38
36 5 5 35
36 5 6 35
36 5 8 40
36 5 9 35
36 5 10 40
36 6 1 33
36 6 2 29
36 6 3 34
36 6 5 31
36 6 6 31
36 6 7 36
36 6 9 31
36 6 11 36
36 14 0 38
36 14 1 34
36 14 2 39
36 14 3 36
36 14 4 36
36 14 5 41
36 14 6 36
36 14 11 41
37 4 0 19
37 4 1 22
37 4 2 22
37 4 3 20
37 4 6 19
37 4 7 22
37 4 9 24
37 4 11 23
37 6 1 19
37 6 2 22
37 6 3 22
37 6 5 20
37 6 6 19
37 6 7 22
37 6 9 24
37 6 11 23
37 9 0 19
37 9 1 17
37 9 2 19
37 9 3 18
37 9 4 18
37 9 5 20
37 9 10 18
37 9 11 20
37 10 0 19
37 10 4 22
37 10 5 22
37 10 6 20
37 10 7 19
37 10 9 22
37 10 10 24
37 10 11 23
37 14 0 19
37 14 1 17
37 14 2 19
37 14 3 18
37 14 4 18
37 14 5 20
37 14 6 18
37 14 11 20
38 2 0 15
38 2 2 13
38 2 5 15
38 2 6 14
38 2 7 14
38 2 8 16
38 2 9 14
38 2 10 16
38 7 0 13
38 7 3 11
38 7 6 13
38 7 7 12
38 7 8 12
38 7 9 14
38 7 10 12
38 7 11 14
38 11 1 15
38 11 3 13
38 11 4 15
38 11 5 14
38 11 6 14
38 11 7 16
38 11 8 14
38 11 11 16
39 2 0 55
39 2 2 58
39 2 5 58
39 2 6 56
39 2 7 55
39 2 8 58
39 2 9 60
39 2 10 59
39 5 0 58
39 5 1 61
39 5 2 61
39 5 5 59
39 5 6 58
39 5 8 61
39 5 9 63
39 5 10 62
39 9 0 58
39 9 1 61
39 9 2 61
39 9 3 59
39 9 4 58
39 9 5 61
39 9 10 63
39 9 11 62
39 12 0 56
39 12 4 59
39 12 6 59
39 12 7 57
39 12 8 56
39 12 9 59
39 12 10 61
39 12 11 60
40 6 1 73
40 6 2 64
40 6 3 75
40 6 5 69
40 6 6 69
40 6 7 79
40 6 9 68
40 6 11 79
40 8 0 58
40 8 2 69
40 8 3 57
40 8 5 57
40 8 7 58
40 8 8 59
40 8 10 59
40 8 11 66
40 10 0 75
40 10 4 66
40 10 5 77
40 10 6 71
40 10 7 71
40 10 9 81
40 10 10 70
40 10 11 81
40 11 1 63
40 11 3 74
40 11 4 62
40 11 5 62
40 11 6 63
40 11 7 64
40 11 8 64
40 11 11 71
40 13 0 63
40 13 1 74
40 13 2 62
40 13 3 62
40 13 4 63
40 13 5 64
40 13 9 64
40 13 11 71
41 4 0 101
41 4 1 96
41 4 2 88
41 4 3 106
41 4 6 93
41 4 7 88
41 4 9 106
41 4 11 105
41 6 1 96
41 6 2 91
41 6 3 83
41 6 5 101
41 6 6 88
41 6 7 83
41 6 9 101
41 6 11 100
41 8 0 75
41 8 2 84
41 8 3 90
41 8 5 88
41 8 7 81
41 8 8 90
41 8 10 80
41 8 11 85
42 1 0 21
42 1 1 24
42 1 2 24
42 1 4 22
42 1 7 21
42 1 8 24
42 1 10 26
42 1 11 25
42 9 0 24
42 9 1 27
42 9 2 27
42 9 3 25
42 9 4 24
42 9 5 27
42 9 10 29
42 9 11 28
42 14 0 24
42 14 1 27
42 14 2 27
42 14 3 25
42 14 4 24
42 14 5 27
42 14 6 29
42 14 11 28
43 1 0 19
43 1 1 22
43 1 2 22
43 1 4 20
43 1 7 19
43 1 8 22
43 1 10 24
43 1 11 23
43 3 0 19
43 3 1 22
43 3 3 22
43 3 5 20
43 3 6 19
43 3 7 22
43 3 8 24
43 3 10 23
43 9 0 19
43 9 1 17
43 9 2 19
43 9 3 18
43 9 4 18
43 9 5 20
43 9 10 18
43 9 11 20
44 0 0 22
44 0 3 22
44 0 5 19
44 0 6 22
44 0 7 19
44 0 9 19
44 0 10 22
44 0 11 21
44 5 0 20
44 5 1 23
44 5 2 23
44 5 5 21
44 5 6 20
44 5 8 23
44 5 9 25
44 5 10 24
44 9 0 20
44 9 1 23
44 9 2 23
44 9 3 21
44 9 4 20
44 9 5 23
44 9 10 25
44 9 11 24
45 3 0 40
45 3 1 45
45 3 3 37
45 3 5 45
45 3 6 42
45 3 7 37
45 3 8 45
45 3 10 44
45 4 0 45
45 4 1 50
45 4 2 42
45 4 3 50
45 4 6 47
45 4 7 42
45 4 9 50
45 4 11 49
45 10 0 38
45 10 4 34
45 10 5 39
45 10 6 36
45 10 7 36
45 10 9 41
45 10 10 36
45 10 11 41
46 3 0 44
46 3 1 49
46 3 3 41
46 3 5 49
46 3 6 46
46 3 7 41
46 3 8 49
46 3 10 48
46 7 0 53
46 7 3 50
46 7 6 49
46 7 7 45
46 7 8 45
46 7 9 48
46 7 10 48
46 7 11 55
46 9 0 41
46 9 1 46
46 9 2 38
46 9 3 46
46 9 4 43
46 9 5 38
46 9 10 46
46 9 11 45
46 13 0 53
46 13 1 50
46 13 2 49
46 13 3 45
46 13 4 45
46 13 5 48
46 13 9 48
46 13 11 55
47 0 0 79
47 0 3 70
47 0 5 81
47 0 6 75
47 0 7 75
47 0 9 85
47 0 10 74
47 0 11 85
47 4 0 64
47 4 1 75
47 4 2 63
47 4 3 63
47 4 6 64
47 4 7 65
47 4 9 65
47 4 11 72
47 14 0 88
47 14 1 87
47 14 2 84
47 14 3 88
47 14 4 72
47 14 5 86
47 14 6 81
47 14 11 88
48 4 0 44
48 4 1 49
48 4 2 41
48 4 3 49
48 4 6 46
48 4 7 41
48 4 9 49
48 4 11 48
48 9 0 53
48 9 1 50
48 9 2 49
48 9 3 45
48 9 4 45
48 9 5 48
48 9 10 48
48 9 11 55
48 14 0 41
48 14 1 46
48 14 2 38
48 14 3 46
48 14 4 43
48 14 5 38
48 14 6 46
48 14 11 45
49 1 0 19
49 1 1 22
49 1 2 22
49 1 4 20
49 1 7 19
49 1 8 22
49 1 10 24
49 1 11 23
49 3 0 19
49 3 1 22
49 3 3 22
49 3 5 20
49 3 6 19
49 3 7 22
49 3 8 24
49 3 10 23
49 4 0 19
49 4 1 17
49 4 2 19
49 4 3 18
49 4 6 18
49 4 7 20
49 4 9 18
49 4 11 20
49 5 0 19
49 5 1 22
49 5 2 22
49 5 5 20
49 5 6 19
49 5 8 22
49 5 9 24
49 5 10 23
50 2 0 102
50 2 2 97
50 2 5 89
50 2 6 107
50 2 7 94
50 2 8 89
50 2 9 107
50 2 10 106
50 8 0 97
50 8 2 92
50 8 3 84
50 8 5 102
50 8 7 89
50 8 8 84
50 8 10 102
50 8 11 101
50 10 0 76
50 10 4 85
50 10 5 91
50 10 6 89
50 10 7 82
50 10 9 91
50 10 10 81
50 10 11 86
51 0 0 34
51 0 3 30
51 0 5 35
51 0 6 32
51 0 7 32
51 0 9 37
51 0 10 32
51 0 11 37
51 4 0 29
51 4 1 33
51 4 2 28
51 4 3 28
51 4 6 29
51 4 7 30
51 4 9 30
51 4 11 30
51 5 0 35
51 5 1 31
51 5 2 36
51 5 5 33
51 5 6 33
51 5 8 38
51 5 9 33
51 5 10 38
51 9 0 32
51 9 1 28
51 9 2 33
51 9 3 30
51 9 4 30
51 9 5 35
51 9 10 30
51 9 11 35
52 2 0 58
52 2 2 61
52 2 5 61
52 2 6 59
52 2 7 58
52 2 8 61
52 2 9 63
52 2 10 62
52 3 0 64
52 3 1 75
52 3 3 63
52 3 5 63
52 3 6 64
52 3 7 65
52 3 8 65
52 3 10 72
52 8 0 57
52 8 2 60
52 8 3 60
52 8 5 58
52 8 7 57
52 8 8 60
52 8 10 62
52 8 11 61
52 9 0 57
52 9 1 60
52 9 2 60
52 9 3 58
52 9 4 57
52 9 5 60
52 9 10 62
52 9 11 61
53 7 0 26
53 7 3 29
53 7 6 29
53 7 7 27
53 7 8 26
53 7 9 29
53 7 10 31
53 7 11 30
53 9 0 33
53 9 1 29
53 9 2 34
53 9 3 31
53 9 4 31
53 9 5 36
53 9 10 31
53 9 11 36
53 12 0 25
53 12 4 28
53 12 6 28
53 12 7 26
53 12 8 25
53 12 9 28
53 12 10 30
53 12 11 29
54 6 1 26
54 6 2 29
54 6 3 29
54 6 5 27
54 6 6 26
54 6 7 29
54 6 9 31
54 6 11 30
54 7 0 33
54 7 3 29
54 7 6 34
54 7 7 31
54 7 8 31
54 7 9 36
54 7 10 31
54 7 11 36
54 12 0 25
54 12 4 28
54 12 6 28
54 12 7 26
54 12 8 25
54 12 9 28
54 12 10 30
54 12 11 29
55 2 0 79
55 2 2 70
55 2 5 81
55 2 6 75
55 2 7 75
55 2 8 85
55 2 9 74
55 2 10 85
55 5 0 64
55 5 1 75
55 5 2 63
55 5 5 63
55 5 6 64
55 5 8 65
55 5 9 65
55 5 10 72
55 11 1 88
55 11 3 87
55 11 4 84
55 11 5 88
55 11 6 72
55 11 7 86
55 11 8 81
55 11 11 88
55 14 0 75
55 14 1 66
55 14 2 77
55 14 3 71
55 14 4 71
55 14 5 81
55 14 6 70
55 14 11 81
56 6 1 80
56 6 2 71
56 6 3 82
56 6 5 76
56 6 6 76
56 6 7 86
56 6 9 75
56 6 11 86
56 10 0 79
56 10 4 88
56 10 5 94
56 10 6 92
56 10 7 85
56 10 9 94
56 10 10 84
56 10 11 89
56 12 0 98
56 12 4 93
56 12 6 85
56 12 7 103
56 12 8 90
56 12 9 85
56 12 10 103
56 12 11 102
57 4 0 16
57 4 1 14
57 4 2 16
57 4 3 15
57 4 6 15
57 4 7 17
57 4 9 15
57 4 11 17
57 5 0 14
57 5 1 12
57 5 2 14
57 5 5 13
57 5 6 13
57 5 8 15
57 5 9 13
57 5 10 15
57 7 0 16
57 7 3 14
57 7 6 16
57 7 7 15
57 7 8 15
57 7 9 17
57 7 10 15
57 7 11 17
57 9 0 15
57 9 1 13
57 9 2 15
57 9 3 14
57 9 4 14
57 9 5 16
57 9 10 14
57 9 11 16
57 12 0 15
57 12 4 13
57 12 6 15
57 12 7 14
57 12 8 14
57 12 9 16
57 12 10 14
57 12 11 16
58 0 0 35
58 0 3 31
58 0 5 36
58 0 6 33
58 0 7 33
58 0 9 38
58 0 10 33
58 0 11 38
58 8 0 31
58 8 2 27
58 8 3 32
58 8 5 29
58 8 7 29
58 8 8 34
58 8 10 29
58 8 11 34
58 10 0 36
58 10 4 32
58 10 5 37
58 10 6 34
58 10 7 34
58 10 9 39
58 10 10 34
58 10 11 39
58 12 0 33
58 12 4 29
58 12 6 34
58 12 7 31
58 12 8 31
58 12 9 36
58 12 10 31
58 12 11 36
58 14 0 33
58 14 1 29
58 14 2 34
58 14 3 31
58 14 4 31
58 14 5 36
58 14 6 31
58 14 11 36
59 6 1 99
59 6 2 94
59 6 3 86
59 6 5 104
59 6 6 91
59 6 7 86
59 6 9 104
59 6 11 103
59 13 0 97
59 13 1 87
59 13 2 94
59 13 3 92
59 13 4 83
59 13 5 90
59 13 9 88
59 13 11 83
59 14 0 73
59 14 1 82
59 14 2 88
59 14 3 86
59 14 4 79
59 14 5 88
59 14 6 78
59 14 11 83
60 3 0 47
60 3 1 52
60 3 3 44
60 3 5 52
60 3 6 49
60 3 7 44
60 3 8 52
60 3 10 51
60 5 0 53
60 5 1 56
60 5 2 56
60 5 5 54
60 5 6 53
60 5 8 56
60 5 9 58
60 5 10 57
60 9 0 44
60 9 1 49
60 9 2 41
60 9 3 49
60 9 4 46
60 9 5 41
60 9 10 49
60 9 11 48
60 11 1 53
60 11 3 56
60 11 4 56
60 11 5 54
60 11 6 53
60 11 7 56
60 11 8 58
60 11 11 57
60 13 0 53
60 13 1 50
60 13 2 49
60 13 3 45
60 13 4 45
60 13 5 48
60 13 9 48
60 13 11 55
61 0 0 36
61 0 3 36
61 0 5 42
61 0 6 40
61 0 7 42
61 0 9 42
61 0 10 41
61 0 11 37
61 2 0 44
61 2 2 49
61 2 5 41
61 2 6 49
61 2 7 46
61 2 8 41
61 2 9 49
61 2 10 48
61 11 1 37
61 11 3 33
61 11 4 38
61 11 5 35
61 11 6 35
61 11 7 40
61 11 8 35
61 11 11 40
61 13 0 44
61 13 1 49
61 13 2 41
61 13 3 49
61 13 4 46
61 13 5 41
61 13 9 49
61 13 11 48
61 14 0 41
61 14 1 46
61 14 2 38
61 14 3 46
61 14 4 43
61 14 5 38
61 14 6 46
61 14 11 45
62 7 0 80
62 7 3 71
62 7 6 82
62 7 7 76
62 7 8 76
62 7 9 86
62 7 10 75
62 7 11 86
62 9 0 79
62 9 1 88
62 9 2 94
62 9 3 92
62 9 4 85
62 9 5 94
62 9 10 84
62 9 11 89
62 12 0 98
62 12 4 93
62 12 6 85
62 12 7 103
62 12 8 90
62 12 9 85
62 12 10 103
62 12 11 102
63 5 0 56
63 5 1 67
63 5 2 55
63 5 5 55
63 5 6 56
63 5 8 57
63 5 9 57
63 5 10 64
63 6 1 73
63 6 2 64
63 6 3 75
63 6 5 69
63 6 6 69
63 6 7 79
63 6 9 68
63 6 11 79
63 11 1 55
63 11 3 62
63 11 4 66
63 11 5 59
63 11 6 64
63 11 7 56
63 11 8 54
63 11 11 64
63 13 0 55
63 13 1 62
63 13 2 66
63 13 3 59
63 13 4 64
63 13 5 56
63 13 9 54
63 13 11 64
64 5 0 73
64 5 1 64
64 5 2 75
64 5 5 69
64 5 6 69
64 5 8 79
64 5 9 68
64 5 10 79
64 7 0 58
64 7 3 69
64 7 6 57
64 7 7 57
64 7 8 58
64 7 9 59
64 7 10 59
64 7 11 66
64 8 0 75
64 8 2 66
64 8 3 77
64 8 5 71
64 8 7 71
64 8 8 81
64 8 10 70
64 8 11 81
65 0 0 77
65 0 3 68
65 0 5 79
65 0 6 73
65 0 7 73
65 0 9 83
65 0 10 72
65 0 11 83
65 4 0 62
65 4 1 73
65 4 2 61
65 4 3 61
65 4 6 62
65 4 7 63
65 4 9 63
65 4 11 70
65 5 0 79
65 5 1 70
65 5 2 81
65 5 5 75
65 5 6 75
65 5 8 85
65 5 9 74
65 5 10 85
65 8 0 73
65 8 2 64
65 8 3 75
65 8 5 69
65 8 7 69
65 8 8 79
65 8 10 68
65 8 11 79
65 14 0 73
65 14 1 64
65 14 2 75
65 14 3 69
65 14 4 69
65 14 5 79
65 14 6 68
65 14 11 79
66 0 0 15
66 0 3 13
66 0 5 15
66 0 6 14
66 0 7 14
66 0 9 16
66 0 10 14
66 0 11 16
66 9 0 13
66 9 1 11
66 9 2 13
66 9 3 12
66 9 4 12
66 9 5 14
66 9 10 12
66 9 11 14
66 12 0 15
66 12 4 13
66 12 6 15
66 12 7 14
66 12 8 14
66 12 9 16
66 12 10 14
66 12 11 16
67 4 0 9
67 4 1 8
67 4 2 9
67 4 3 8
67 4 6 8
67 4 7 9
67 4 9 8
67 4 11 9
67 5 0 9
67 5 1 8
67 5 2 9
67 5 5 8
67 5 6 8
67 5 8 9
67 5 9 8
67 5 10 9
67 7 0 9
67 7 3 8
67 7 6 9
67 7 7 8
67 7 8 8
67 7 9 9
67 7 10 8
67 7 11 9
67 8 0 9
67 8 2 9
67 8 3 9
67 8 5 10
67 8 7 9
67 8 8 9
67 8 10 11
67 8 11 10
67 9 0 9
67 9 1 8
67 9 2 9
67 9 3 8
67 9 4 8
67 9 5 9
67 9 10 8
67 9 11 9
68 1 0 33
68 1 1 29
68 1 2 34
68 1 4 31
68 1 7 31
68 1 8 36
68 1 10 31
68 1 11 36
68 3 0 26
68 3 1 29
68 3 3 29
68 3 5 27
68 3 6 26
68 3 7 29
68 3 8 31
68 3 10 30
68 9 0 34
68 9 1 30
68 9 2 35
68 9 3 32
68 9 4 32
68 9 5 37
68 9 10 32
68 9 11 37
68 12 0 31
68 12 4 27
68 12 6 32
68 12 7 29
68 12 8 29
68 12 9 34
68 12 10 29
68 12 11 34
68 13 0 31
68 13 1 27
68 13 2 32
68 13 3 29
68 13 4 29
68 13 5 34
68 13 9 29
68 13 11 34
69 6 1 76
69 6 2 67
69 6 3 78
69 6 5 72
69 6 6 72
69 6 7 82
69 6 9 71
69 6 11 82
69 7 0 61
69 7 3 72
69 7 6 60
69 7 7 60
69 7 8 61
69 7 9 62
69 7 10 62
69 7 11 69
69 10 0 78
69 10 4 69
69 10 5 80
69 10 6 74
69 10 7 74
69 10 9 84
69 10 10 73
69 10 11 84
69 13 0 72
69 13 1 63
69 13 2 74
69 13 3 68
69 13 4 68
69 13 5 78
69 13 9 67
69 13 11 78
70 2 0 21
70 2 2 24
70 2 5 24
70 2 6 22
70 2 7 21
70 2 8 24
70 2 9 26
70 2 10 25
70 5 0 24
70 5 1 27
70 5 2 27
70 5 5 25
70 5 6 24
70 5 8 27
70 5 9 29
70 5 10 28
70 7 0 24
70 7 3 27
70 7 6 27
70 7 7 25
70 7 8 24
70 7 9 27
70 7 10 29
70 7 11 28
70 8 0 22
70 8 2 25
70 8 3 25
70 8 5 23
70 8 7 22
70 8 8 25
70 8 10 27
70 8 11 26
70 9 0 21
70 9 1 24
70 9 2 24
70 9 3 22
70 9 4 21
70 9 5 24
70 9 10 26
70 9 11 25
71 5 0 37
71 5 1 33
71 5 2 38
71 5 5 35
71 5 6 35
71 5 8 40
71 5 9 35
71 5 10 40
71 6 1 33
71 6 2 29
71 6 3 34
71 6 5 31
71 6 6 31
71 6 7 36
71 6 9 31
71 6 11 36
71 12 0 38
71 12 4 34
71 12 6 39
71 12 7 36
71 12 8 36
71 12 9 41
71 12 10 36
71 12 11 41
72 7 0 35
72 7 3 31
72 7 6 36
72 7 7 33
72 7 8 33
72 7 9 38
72 7 10 33
72 7 11 38
72 8 0 31
72 8 2 27
72 8 3 32
72 8 5 29
72 8 7 29
72 8 8 34
72 8 10 29
72 8 11 34
72 12 0 36
72 12 4 32
72 12 6 37
72 12 7 34
72 12 8 34
72 12 9 39
72 12 10 34
72 12 11 39
73 8 0 77
73 8 2 68
73 8 3 79
73 8 5 73
73 8 7 73
73 8 8 83
73 8 10 72
73 8 11 83
73 10 0 62
73 10 4 73
73 10 5 61
73 10 6 61
73 10 7 62
73 10 9 63
73 10 10 63
73 10 11 70
73 11 1 79
73 11 3 70
73 11 4 81
73 11 5 75
73 11 6 75
73 11 7 85
73 11 8 74
73 11 11 85
74 0 0 99
74 0 3 94
74 0 5 86
74 0 6 104
74 0 7 91
74 0 9 86
74 0 10 104
74 0 11 103
74 4 0 97
74 4 1 87
74 4 2 94
74 4 3 92
74 4 6 83
74 4 7 90
74 4 9 88
74 4 11 83
74 6 1 73
74 6 2 82
74 6 3 88
74 6 5 86
74 6 6 79
74 6 7 88
74 6 9 78
74 6 11 83
75 0 0 51
75 0 3 54
75 0 5 54
75 0 6 52
75 0 7 51
75 0 9 54
75 0 10 56
75 0 11 55
75 1 0 54
75 1 1 57
75 1 2 57
75 1 4 55
75 1 7 54
75 1 8 57
75 1 10 59
75 1 11 58
75 13 0 54
75 13 1 57
75 13 2 57
75 13 3 55
75 13 4 54
75 13 5 57
75 13 9 59
75 13 11 58
76 4 0 34
76 4 1 30
76 4 2 35
76 4 3 32
76 4 6 32
76 4 7 37
76 4 9 32
76 4 11 37
76 8 0 29
76 8 2 33
76 8 3 28
76 8 5 28
76 8 7 29
76 8 8 30
76 8 10 30
76 8 11 30
76 11 1 35
76 11 3 31
76 11 4 36
76 11 5 33
76 11 6 33
76 11 7 38
76 11 8 33
76 11 11 38
76 13 0 32
76 13 1 28
76 13 2 33
76 13 3 30
76 13 4 30
76 13 5 35
76 13 9 30
76 13 11 35
77 1 0 77
77 1 1 68
77 1 2 79
77 1 4 73
77 1 7 73
77 1 8 83
77 1 10 72
77 1 11 83
77 7 0 76
77 7 3 85
77 7 6 91
77 7 7 89
77 7 8 82
77 7 9 91
77 7 10 81
77 7 11 86
77 10 0 95
77 10 4 90
77 10 5 82
77 10 6 100
77 10 7 87
77 10 9 82
77 10 10 100
77 10 11 99
77 11 1 80
77 11 3 89
77 11 4 95
77 11 5 93
77 11 6 86
77 11 7 95
77 11 8 85
77 11 11 90
78 1 0 45
78 1 1 50
78 1 2 42
78 1 4 50
78 1 7 47
78 1 8 42
78 1 10 50
78 1 11 49
78 2 0 51
78 2 2 54
78 2 5 54
78 2 6 52
78 2 7 51
78 2 8 54
78 2 9 56
78 2 10 55
78 5 0 42
78 5 1 47
78 5 2 39
78 5 5 47
78 5 6 44
78 5 8 39
78 5 9 47
78 5 10 46
78 12 0 51
78 12 4 54
78 12 6 54
78 12 7 52
78 12 8 51
78 12 9 54
78 12 10 56
78 12 11 55
78 14 0 47
78 14 1 52
78 14 2 44
78 14 3 52
78 14 4 49
78 14 5 44
78 14 6 52
78 14 11 51
79 8 0 51
79 8 2 54
79 8 3 54
79 8 5 52
79 8 7 51
79 8 8 54
79 8 10 56
79 8 11 55
79 9 0 54
79 9 1 57
79 9 2 57
79 9 3 55
79 9 4 54
79 9 5 57
79 9 10 59
79 9 11 58
79 10 0 54
79 10 4 57
79 10 5 57
79 10 6 55
79 10 7 54
79 10 9 57
79 10 10 59
79 10 11 58
79 11 1 52
79 11 3 55
79 11 4 55
79 11 5 53
79 11 6 52
79 11 7 55
79 11 8 57
79 11 11 56
80 0 0 32
80 0 3 28
80 0 5 33
80 0 6 30
80 0 7 30
80 0 9 35
80 0 10 30
80 0 11 35
80 6 1 25
80 6 2 28
80 6 3 28
80 6 5 26
80 6 6 25
80 6 7 28
80 6 9 30
80 6 11 29
80 14 0 33
80 14 1 29
80 14 2 34
80 14 3 31
80 14 4 31
80 14 5 36
80 14 6 31
80 14 11 36
81 2 0 36
81 2 2 36
81 2 5 42
81 2 6 40
81 2 7 42
81 2 8 42
81 2 9 41
81 2 10 37
81 8 0 44
81 8 2 49
81 8 3 41
81 8 5 49
81 8 7 46
81 8 8 41
81 8 10 49
81 8 11 48
81 11 1 37
81 11 3 33
81 11 4 38
81 11 5 35
81 11 6 35
81 11 7 40
81 11 8 35
81 11 11 40
82 5 0 38
82 5 1 34
82 5 2 39
82 5 5 36
82 5 6 36
82 5 8 41
82 5 9 36
82 5 10 41
82 6 1 34
82 6 2 30
82 6 3 35
82 6 5 32
82 6 6 32
82 6 7 37
82 6 9 32
82 6 11 37
82 11 1 39
82 11 3 35
82 11 4 40
82 11 5 37
82 11 6 37
82 11 7 42
82 11 8 37
82 11 11 42
82 12 0 36
82 12 4 32
82 12 6 37
82 12 7 34
82 12 8 34
82 12 9 39
82 12 10 34
82 12 11 39
83 0 0 17
83 0 3 15
83 0 5 17
83 0 6 16
83 0 7 16
83 0 9 18
83 0 10 16
83 0 11 18
83 10 0 15
83 10 4 13
83 10 5 15
83 10 6 14
83 10 7 14
83 10 9 16
83 10 10 14
83 10 11 16
83 12 0 17
83 12 4 15
83 12 6 17
83 12 7 16
83 12 8 16
83 12 9 18
83 12 10 16
83 12 11 18
83 13 0 16
83 13 1 14
83 13 2 16
83 13 3 15
83 13 4 15
83 13 5 17
83 13 9 15
83 13 11 17
83 14 0 16
83 14 1 14
83 14 2 16
83 14 3 15
83 14 4 15
83 14 5 17
83 14 6 15
83 14 11 17
84 0 0 52
84 0 3 55
84 0 5 55
84 0 6 53
84 0 7 52
84 0 9 55
84 0 10 57
84 0 11 56
84 2 0 55
84 2 2 58
84 2 5 58
84 2 6 56
84 2 7 55
84 2 8 58
84 2 9 60
84 2 10 59
84 4 0 55
84 4 1 58
84 4 2 58
84 4 3 56
84 4 6 55
84 4 7 58
84 4 9 60
84 4 11 59
84 11 1 53
84 11 3 56
84 11 4 56
84 11 5 54
84 11 6 53
84 11 7 56
84 11 8 58
84 11 11 57
84 13 0 52
84 13 1 55
84 13 2 55
84 13 3 53
84 13 4 52
84 13 5 55
84 13 9 57
84 13 11 56
85 1 0 36
85 1 1 36
85 1 2 42
85 1 4 40
85 1 7 42
85 1 8 42
85 1 10 41
85 1 11 37
85 6 1 44
85 6 2 49
85 6 3 41
85 6 5 49
85 6 6 46
85 6 7 41
85 6 9 49
85 6 11 48
85 8 0 37
85 8 2 33
85 8 3 38
85 8 5 35
85 8 7 35
85 8 8 40
85 8 10 35
85 8 11 40
85 9 0 44
85 9 1 49
85 9 2 41
85 9 3 49
85 9 4 46
85 9 5 41
85 9 10 49
85 9 11 48
85 14 0 41
85 14 1 46
85 14 2 38
85 14 3 46
85 14 4 43
85 14 5 38
85 14 6 46
85 14 11 45
86 1 0 99
86 1 1 94
86 1 2 86
86 1 4 104
86 1 7 91
86 1 8 86
86 1 10 104
86 1 11 103
86 7 0 97
86 7 3 87
86 7 6 94
86 7 7 92
86 7 8 83
86 7 9 90
86 7 10 88
86 7 11 83
86 11 1 73
86 11 3 82
86 11 4 88
86 11 5 86
86 11 6 79
86 11 7 88
86 11 8 78
86 11 11 83
86 13 0 99
86 13 1 96
86 13 2 105
86 13 3 91
86 13 4 99
86 13 5 93
86 13 9 107
86 13 11 100
86 14 0 78
86 14 1 87
86 14 2 93
86 14 3 91
86 14 4 84
86 14 5 93
86 14 6 83
86 14 11 88
87 3 0 52
87 3 1 55
87 3 3 55
87 3 5 53
87 3 6 52
87 3 7 55
87 3 8 57
87 3 10 56
87 6 1 55
87 6 2 58
87 6 3 58
87 6 5 56
87 6 6 55
87 6 7 58
87 6 9 60
87 6 11 59
87 11 1 55
87 11 3 58
87 11 4 58
87 11 5 56
87 11 6 55
87 11 7 58
87 11 8 60
87 11 11 59
88 6 1 19
88 6 2 17
88 6 3 19
88 6 5 18
88 6 6 18
88 6 7 20
88 6 9 18
88 6 11 20
88 12 0 19
88 12 4 22
88 12 6 22
88 12 7 20
88 12 8 19
88 12 9 22
88 12 10 24
88 12 11 23
88 14 0 19
88 14 1 22
88 14 2 22
88 14 3 20
88 14 4 19
88 14 5 22
88 14 6 24
88 14 11 23
89 9 0 22
89 9 1 22
89 9 2 19
89 9 3 22
89 9 4 19
89 9 5 19
89 9 10 22
89 9 11 21
89 10 0 20
89 10 4 23
89 10 5 23
89 10 6 21
89 10 7 20
89 10 9 23
89 10 10 25
89 10 11 24
89 12 0 20
89 12 4 23
89 12 6 23
89 12 7 21
89 12 8 20
89 12 9 23
89 12 10 25
89 12 11 24
90 0 0 100
90 0 3 95
90 0 5 87
90 0 6 105
90 0 7 92
90 0 9 87
90 0 10 105
90 0 11 104
90 1 0 95
90 1 1 90
90 1 2 82
90 1 4 100
90 1 7 87
90 1 8 82
90 1 10 100
90 1 11 99
90 13 0 74
90 13 1 83
90 13 2 89
90 13 3 87
90 13 4 80
90 13 5 89
90 13 9 79
90 13 11 84
91 3 0 42
91 3 1 47
91 3 3 39
91 3 5 47
91 3 6 44
91 3 7 39
91 3 8 47
91 3 10 46
91 5 0 47
91 5 1 52
91 5 2 44
91 5 5 52
91 5 6 49
91 5 8 44
91 5 9 52
91 5 10 51
91 8 0 36
91 8 2 36
91 8 3 42
91 8 5 40
91 8 7 42
91 8 8 42
91 8 10 41
91 8 11 37
91 12 0 47
91 12 4 52
91 12 6 44
91 12 7 52
91 12 8 49
91 12 9 44
91 12 10 52
91 12 11 51
91 13 0 44
91 13 1 49
91 13 2 41
91 13 3 49
91 13 4 46
91 13 5 41
91 13 9 49
91 13 11 48
92 9 0 102
92 9 1 97
92 9 2 89
92 9 3 107
92 9 4 94
92 9 5 89
92 9 10 107
92 9 11 106
92 11 1 97
92 11 3 92
92 11 4 84
92 11 5 102
92 11 6 89
92 11 7 84
92 11 8 102
92 11 11 101
92 13 0 76
92 13 1 85
92 13 2 91
92 13 3 89
92 13 4 82
92 13 5 91
92 13 9 81
92 13 11 86
93 1 0 101
93 1 1 96
93 1 2 88
93 1 4 106
93 1 7 93
93 1 8 88
93 1 10 106
93 1 11 105
93 2 0 96
93 2 2 91
93 2 5 83
93 2 6 101
93 2 7 88
93 2 8 83
93 2 9 101
93 2 10 100
93 3 0 75
93 3 1 84
93 3 3 90
93 3 5 88
93 3 6 81
93 3 7 90
93 3 8 80
93 3 10 85
93 6 1 99
93 6 2 96
93 6 3 106
93 6 5 102
93 6 6 91
93 6 7 94
93 6 9 94
93 6 11 101
93 9 0 80
93 9 1 89
93 9 2 95
93 9 3 93
93 9 4 86
93 9 5 95
93 9 10 85
93 9 11 90
94 1 0 46
94 1 1 51
94 1 2 43
94 1 4 51
94 1 7 48
94 1 8 43
94 1 10 51
94 1 11 50
94 3 0 52
94 3 1 55
94 3 3 55
94 3 5 53
94 3 6 52
94 3 7 55
94 3 8 57
94 3 10 56
94 11 1 43
94 11 3 48
94 11 4 40
94 11 5 48
94 11 6 45
94 11 7 40
94 11 8 48
94 11 11 47
94 12 0 52
94 12 4 55
94 12 6 55
94 12 7 53
94 12 8 52
94 12 9 55
94 12 10 57
94 12 11 56
95 0 0 14
95 0 3 12
95 0 5 14
95 0 6 13
95 0 7 13
95 0 9 15
95 0 10 13
95 0 11 15
95 1 0 12
95 1 1 10
95 1 2 12
95 1 4 11
95 1 7 11
95 1 8 13
95 1 10 11
95 1 11 13
95 7 0 14
95 7 3 12
95 7 6 14
95 7 7 13
95 7 8 13
95 7 9 15
95 7 10 13
95 7 11 15
95 8 0 13
95 8 2 11
95 8 3 13
95 8 5 12
95 8 7 12
95 8 8 14
95 8 10 12
95 8 11 14
96 0 0 38
96 0 3 34
96 0 5 39
96 0 6 36
96 0 7 36
96 0 9 41
96 0 10 36
96 0 11 41
96 1 0 34
96 1 1 30
96 1 2 35
96 1 4 32
96 1 7 32
96 1 8 37
96 1 10 32
96 1 11 37
96 3 0 39
96 3 1 35
96 3 3 40
96 3 5 37
96 3 6 37
96 3 7 42
96 3 8 37
96 3 10 42
96 6 1 36
96 6 2 32
96 6 3 37
96 6 5 34
96 6 6 34
96 6 7 39
96 6 9 34
96 6 11 39
96 8 0 36
96 8 2 32
96 8 3 37
96 8 5 34
96 8 7 34
96 8 8 39
96 8 10 34
96 8 11 39
97 0 0 55
97 0 3 58
97 0 5 58
97 0 6 56
97 0 7 55
97 0 9 58
97 0 10 60
97 0 11 59
97 4 0 58
97 4 1 61
97 4 2 61
97 4 3 59
97 4 6 58
97 4 7 61
97 4 9 63
97 4 11 62
97 5 0 58
97 5 1 61
97 5 2 61
97 5 5 59
97 5 6 58
97 5 8 61
97 5 9 63
97 5 10 62
97 10 0 56
97 10 4 59
97 10 5 59
97 10 6 57
97 10 7 56
97 10 9 59
97 10 10 61
97 10 11 60
97 11 1 55
97 11 3 58
97 11 4 58
97 11 5 56
97 11 6 55
97 11 7 58
97 11 8 60
97 11 11 59
98 0 0 76
98 0 3 67
98 0 5 78
98 0 6 72
98 0 7 72
98 0 9 82
98 0 10 71
98 0 11 82
98 2 0 75
98 2 2 84
98 2 5 90
98 2 6 88
98 2 7 81
98 2 8 90
98 2 9 80
98 2 10 85
98 7 0 97
98 7 3 87
98 7 6 94
98 7 7 92
98 7 8 83
98 7 9 90
98 7 10 88
98 7 11 83
98 8 0 79
98 8 2 88
98 8 3 94
98 8 5 92
98 8 7 85
98 8 8 94
98 8 10 84
98 8 11 89
99 5 0 98
99 5 1 95
99 5 2 105
99 5 5 101
99 5 6 90
99 5 8 93
99 5 9 93
99 5 10 100
99 6 1 100
99 6 2 95
99 6 3 87
99 6 5 105
99 6 6 92
99 6 7 87
99 6 9 105
99 6 11 104
99 7 0 79
99 7 3 88
99 7 6 94
99 7 7 92
99 7 8 85
99 7 9 94
99 7 10 84
99 7 11 89
99 9 0 103
99 9 1 100
99 9 2 110
99 9 3 106
99 9 4 95
99 9 5 98
99 9 10 98
99 9 11 105
99 14 0 97
99 14 1 92
99 14 2 84
99 14 3 102
99 14 4 89
99 14 5 84
99 14 6 102
99 14 11 101
100 0 0 32
100 0 3 28
100 0 5 33
100 0 6 30
100 0 7 30
100 0 9 35
100 0 10 30
100 0 11 35
100 1 0 25
100 1 1 28
100 1 2 28
100 1 4 26
100 1 7 25
100 1 8 28
100 1 10 30
100 1 11 29
100 2 0 33
100 2 2 29
100 2 5 34
100 2 6 31
100 2 7 31
100 2 8 36
100 2 9 31
100 2 10 36
101 7 0 59
101 7 3 62
101 7 6 62
101 7 7 60
101 7 8 59
101 7 9 62
101 7 10 64
101 7 11 63
101 8 0 72
101 8 2 72
101 8 3 69
101 8 5 67
101 8 7 69
101 8 8 69
101 8 10 77
101 8 11 76
101 10 0 58
101 10 4 61
101 10 5 61
101 10 6 59
101 10 7 58
101 10 9 61
101 10 10 63
101 10 11 62
101 12 0 58
101 12 4 61
101 12 6 61
101 12 7 59
101 12 8 58
101 12 9 61
101 12 10 63
101 12 11 62
101 14 0 59
101 14 1 62
101 14 2 62
101 14 3 60
101 14 4 59
101 14 5 62
101 14 6 64
101 14 11 63
102 3 0 40
102 3 1 45
102 3 3 37
102 3 5 45
102 3 6 42
102 3 7 37
102 3 8 45
102 3 10 44
102 4 0 45
102 4 1 50
102 4 2 42
102 4 3 50
102 4 6 47
102 4 7 42
102 4 9 50
102 4 11 49
102 5 0 38
102 5 1 34
102 5 2 39
102 5 5 36
102 5 6 36
102 5 8 41
102 5 9 36
102 5 10 41
102 8 0 45
102 8 2 50
102 8 3 42
102 8 5 50
102 8 7 47
102 8 8 42
102 8 10 50
102 8 11 49
102 12 0 42
102 12 4 47
102 12 6 39
102 12 7 47
102 12 8 44
102 12 9 39
102 12 10 47
102 12 11 46
103 4 0 19
103 4 1 22
103 4 2 22
103 4 3 20
103 4 6 19
103 4 7 22
103 4 9 24
103 4 11 23
103 6 1 22
103 6 2 25
103 6 3 25
103 6 5 23
103 6 6 22
103 6 7 25
103 6 9 27
103 6 11 26
103 13 0 22
103 13 1 25
103 13 2 25
103 13 3 23
103 13 4 22
103 13 5 25
103 13 9 27
103 13 11 26
104 0 0 99
104 0 3 96
104 0 5 106
104 0 6 102
104 0 7 91
104 0 9 94
104 0 10 94
104 0 11 101
104 1 0 101
104 1 1 96
104 1 2 88
104 1 4 106
104 1 7 93
104 1 8 88
104 1 10 106
104 1 11 105
104 6 1 80
104 6 2 89
104 6 3 95
104 6 5 93
104 6 6 86
104 6 7 95
104 6 9 85
104 6 11 90
104 8 0 104
104 8 2 101
104 8 3 111
104 8 5 107
104 8 7 96
104 8 8 99
104 8 10 99
104 8 11 106
104 10 0 98
104 10 4 93
104 10 5 85
104 10 6 103
104 10 7 90
104 10 9 85
104 10 10 103
104 10 11 102
105 3 0 51
105 3 1 54
105 3 3 54
105 3 5 52
105 3 6 51
105 3 7 54
105 3 8 56
105 3 10 55
105 5 0 54
105 5 1 57
105 5 2 57
105 5 5 55
105 5 6 54
105 5 8 57
105 5 9 59
105 5 10 58
105 9 0 54
105 9 1 57
105 9 2 57
105 9 3 55
105 9 4 54
105 9 5 57
105 9 10 59
105 9 11 58
105 13 0 52
105 13 1 55
105 13 2 55
105 13 3 53
105 13 4 52
105 13 5 55
105 13 9 57
105 13 11 56
106 6 1 58
106 6 2 61
106 6 3 61
106 6 5 59
106 6 6 58
106 6 7 61
106 6 9 63
106 6 11 62
106 8 0 56
106 8 2 67
106 8 3 55
106 8 5 55
106 8 7 56
106 8 8 57
106 8 10 57
106 8 11 64
106 11 1 56
106 11 3 67
106 11 4 55
106 11 5 55
106 11 6 56
106 11 7 57
106 11 8 57
106 11 11 64
107 0 0 79
107 0 3 70
107 0 5 81
107 0 6 75
107 0 7 75
107 0 9 85
107 0 10 74
107 0 11 85
107 6 1 78
107 6 2 87
107 6 3 93
107 6 5 91
107 6 6 84
107 6 7 93
107 6 9 83
107 6 11 88
107 8 0 97
107 8 2 92
107 8 3 84
107 8 5 102
107 8 7 89
107 8 8 84
107 8 10 102
107 8 11 101
107 9 0 95
107 9 1 90
107 9 2 82
107 9 3 100
107 9 4 87
107 9 5 82
107 9 10 100
107 9 11 99
107 14 0 75
107 14 1 84
107 14 2 90
107 14 3 88
107 14 4 81
107 14 5 90
107 14 6 80
107 14 11 85
108 1 0 13
108 1 1 11
108 1 2 13
108 1 4 12
108 1 7 12
108 1 8 14
108 1 10 12
108 1 11 14
108 5 0 11
108 5 1 9
108 5 2 11
108 5 5 10
108 5 6 10
108 5 8 12
108 5 9 10
108 5 10 12
108 8 0 13
108 8 2 11
108 8 3 13
108 8 5 12
108 8 7 12
108 8 8 14
108 8 10 12
108 8 11 14
108 13 0 12
108 13 1 10
108 13 2 12
108 13 3 11
108 13 4 11
108 13 5 13
108 13 9 11
108 13 11 13
109 5 0 58
109 5 1 61
109 5 2 61
109 5 5 59
109 5 6 58
109 5 8 61
109 5 9 63
109 5 10 62
109 7 0 64
109 7 3 75
109 7 6 63
109 7 7 63
109 7 8 64
109 7 9 65
109 7 10 65
109 7 11 72
109 8 0 57
109 8 2 60
109 8 3 60
109 8 5 58
109 8 7 57
109 8 8 60
109 8 10 62
109 8 11 61
109 14 0 57
109 14 1 60
109 14 2 60
109 14 3 58
109 14 4 57
109 14 5 60
109 14 6 62
109 14 11 61
110 1 0 53
110 1 1 56
110 1 2 56
110 1 4 54
110 1 7 53
110 1 8 56
110 1 10 58
110 1 11 57
110 11 1 56
110 11 3 59
110 11 4 59
110 11 5 57
110 11 6 56
110 11 7 59
110 11 8 61
110 11 11 60
110 14 0 56
110 14 1 59
110 14 2 59
110 14 3 57
110 14 4 56
110 14 5 59
110 14 6 61
110 14 11 60
111 0 0 18
111 0 3 16
111 0 5 18
111 0 6 17
111 0 7 17
111 0 9 19
111 0 10 17
111 0 11 19
111 3 0 16
111 3 1 14
111 3 3 16
111 3 5 15
111 3 6 15
111 3 7 17
111 3 8 15
111 3 10 17
111 4 0 18
111 4 1 16
111 4 2 18
111 4 3 17
111 4 6 17
111 4 7 19
111 4 9 17
111 4 11 19
111 7 0 17
111 7 3 15
111 7 6 17
111 7 7 16
111 7 8 16
111 7 9 18
111 7 10 16
111 7 11 18
111 10 0 17
111 10 4 15
111 10 5 17
111 10 6 16
111 10 7 16
111 10 9 18
111 10 10 16
111 10 11 18
112 1 0 78
112 1 1 69
112 1 2 80
112 1 4 74
112 1 7 74
112 1 8 84
112 1 10 73
112 1 11 84
112 2 0 77
112 2 2 86
112 2 5 92
112 2 6 90
112 2 7 83
112 2 8 92
112 2 9 82
112 2 10 87
112 3 0 96
112 3 1 91
112 3 3 83
112 3 5 101
112 3 6 88
112 3 7 83
112 3 8 101
112 3 10 100
112 4 0 97
112 4 1 87
112 4 2 94
112 4 3 92
112 4 6 83
112 4 7 90
112 4 9 88
112 4 11 83
112 5 0 74
112 5 1 83
112 5 2 89
112 5 5 87
112 5 6 80
112 5 8 89
112 5 9 79
112 5 10 84
113 0 0 103
113 0 3 98
113 0 5 90
113 0 6 108
113 0 7 95
113 0 9 90
113 0 10 108
113 0 11 107
113 2 0 100
113 2 2 95
113 2 5 87
113 2 6 105
113 2 7 92
113 2 8 87
113 2 9 105
113 2 10 104
113 7 0 102
113 7 3 99
113 7 6 109
113 7 7 105
113 7 8 94
113 7 9 97
113 7 10 97
113 7 11 104
113 9 0 95
113 9 1 90
113 9 2 82
113 9 3 100
113 9 4 87
113 9 5 82
113 9 10 100
113 9 11 99
114 4 0 22
114 4 1 25
114 4 2 25
114 4 3 23
114 4 6 22
114 4 7 25
114 4 9 27
114 4 11 26
114 5 0 25
114 5 1 28
114 5 2 28
114 5 5 26
114 5 6 25
114 5 8 28
114 5 9 30
114 5 10 29
114 12 0 25
114 12 4 28
114 12 6 28
114 12 7 26
114 12 8 25
114 12 9 28
114 12 10 30
114 12 11 29
114 13 0 23
114 13 1 26
114 13 2 26
114 13 3 24
114 13 4 23
114 13 5 26
114 13 9 28
114 13 11 27
114 14 0 22
114 14 1 25
114 14 2 25
114 14 3 23
114 14 4 22
114 14 5 25
114 14 6 27
114 14 11 26
115 1 0 32
115 1 1 28
115 1 2 33
115 1 4 30
115 1 7 30
115 1 8 35
115 1 10 30
115 1 11 35
115 8 0 25
115 8 2 28
115 8 3 28
115 8 5 26
115 8 7 25
115 8 8 28
115 8 10 30
115 8 11 29
115 11 1 33
115 11 3 29
115 11 4 34
115 11 5 31
115 11 6 31
115 11 7 36
115 11 8 31
115 11 11 36
115 13 0 29
115 13 1 33
115 13 2 28
115 13 3 28
115 13 4 29
115 13 5 30
115 13 9 30
115 13 11 30
116 0 0 77
116 0 3 68
116 0 5 79
116 0 6 73
116 0 7 73
116 0 9 83
116 0 10 72
116 0 11 83
116 2 0 62
116 2 2 73
116 2 5 61
116 2 6 61
116 2 7 62
116 2 8 63
116 2 9 63
116 2 10 70
116 4 0 79
116 4 1 70
116 4 2 81
116 4 3 75
116 4 6 75
116 4 7 85
116 4 9 74
116 4 11 85
116 5 0 73
116 5 1 64
116 5 2 75
116 5 5 69
116 5 6 69
116 5 8 79
116 5 9 68
116 5 10 79
116 7 0 73
116 7 3 64
116 7 6 75
116 7 7 69
116 7 8 69
116 7 9 79
116 7 10 68
116 7 11 79
117 5 0 58
117 5 1 61
117 5 2 61
117 5 5 59
117 5 6 58
117 5 8 61
117 5 9 63
117 5 10 62
117 8 0 64
117 8 2 75
117 8 3 63
117 8 5 63
117 8 7 64
117 8 8 65
117 8 10 65
117 8 11 72
117 9 0 57
117 9 1 60
117 9 2 60
117 9 3 58
117 9 4 57
117 9 5 60
117 9 10 62
117 9 11 61
117 10 0 57
117 10 4 60
117 10 5 60
117 10 6 58
117 10 7 57
117 10 9 60
117 10 10 62
117 10 11 61
117 12 0 58
117 12 4 61
117 12 6 61
117 12 7 59
117 12 8 58
117 12 9 61
117 12 10 63
117 12 11 62
118 2 0 55
118 2 2 58
118 2 5 58
118 2 6 56
118 2 7 55
118 2 8 58
118 2 9 60
118 2 10 59
118 4 0 57
118 4 1 68
118 4 2 56
118 4 3 56
118 4 6 57
118 4 7 58
118 4 9 58
118 4 11 65
118 6 1 61
118 6 2 72
118 6 3 60
118 6 5 60
118 6 6 61
118 6 7 62
118 6 9 62
118 6 11 69
118 8 0 59
118 8 2 62
118 8 3 62
118 8 5 60
118 8 7 59
118 8 8 62
118 8 10 64
118 8 11 63
119 0 0 35
119 0 3 31
119 0 5 36
119 0 6 33
119 0 7 33
119 0 9 38
119 0 10 33
119 0 11 38
119 4 0 31
119 4 1 27
119 4 2 32
119 4 3 29
119 4 6 29
119 4 7 34
119 4 9 29
119 4 11 34
119 5 0 36
119 5 1 32
119 5 2 37
119 5 5 34
119 5 6 34
119 5 8 39
119 5 9 34
119 5 10 39
119 7 0 33
119 7 3 29
119 7 6 34
119 7 7 31
119 7 8 31
119 7 9 36
119 7 10 31
119 7 11 36
120 1 0 22
120 1 1 25
120 1 2 25
120 1 4 23
120 1 7 22
120 1 8 25
120 1 10 27
120 1 11 26
120 3 0 25
120 3 1 28
120 3 3 28
120 3 5 26
120 3 6 25
120 3 7 28
120 3 8 30
120 3 10 29
120 12 0 25
120 12 4 28
120 12 6 28
120 12 7 26
120 12 8 25
120 12 9 28
120 12 10 30
120 12 11 29
121 3 0 75
121 3 1 66
121 3 3 77
121 3 5 71
121 3 6 71
121 3 7 81
121 3 8 70
121 3 10 81
121 5 0 60
121 5 1 71
121 5 2 59
121 5 5 59
121 5 6 60
121 5 8 61
121 5 9 61
121 5 10 68
121 11 1 77
121 11 3 68
121 11 4 79
121 11 5 73
121 11 6 73
121 11 7 83
121 11 8 72
121 11 11 83
121 14 0 72
121 14 1 72
121 14 2 69
121 14 3 67
121 14 4 69
121 14 5 69
121 14 6 77
121 14 11 76
122 0 0 58
122 0 3 69
122 0 5 57
122 0 6 57
122 0 7 58
122 0 9 59
122 0 10 59
122 0 11 66
122 6 1 75
122 6 2 66
122 6 3 77
122 6 5 71
122 6 6 71
122 6 7 81
122 6 9 70
122 6 11 81
122 8 0 57
122 8 2 68
122 8 3 56
122 8 5 56
122 8 7 57
122 8 8 58
122 8 10 58
122 8 11 65
122 10 0 57
122 10 4 68
122 10 5 56
122 10 6 56
122 10 7 57
122 10 9 58
122 10 10 58
122 10 11 65
122 11 1 58
122 11 3 69
122 11 4 57
122 11 5 57
122 11 6 58
122 11 7 59
122 11 8 59
122 11 11 66
123 0 0 77
123 0 3 68
123 0 5 79
123 0 6 73
123 0 7 73
123 0 9 83
123 0 10 72
123 0 11 83
123 2 0 62
123 2 2 73
123 2 5 61
123 2 6 61
123 2 7 62
123 2 8 63
123 2 9 63
123 2 10 70
123 8 0 79
123 8 2 70
123 8 3 81
123 8 5 75
123 8 7 75
123 8 8 85
123 8 10 74
123 8 11 85
123 14 0 73
123 14 1 64
123 14 2 75
123 14 3 69
123 14 4 69
123 14 5 79
123 14 6 68
123 14 11 79
124 9 0 73
124 9 1 64
124 9 2 75
124 9 3 69
124 9 4 69
124 9 5 79
124 9 10 68
124 9 11 79
124 12 0 72
124 12 4 81
124 12 6 87
124 12 7 85
124 12 8 78
124 12 9 87
124 12 10 77
124 12 11 82
124 14 0 78
124 14 1 87
124 14 2 93
124 14 3 91
124 14 4 84
124 14 5 93
124 14 6 83
124 14 11 88
125 1 0 59
125 1 1 62
125 1 2 62
125 1 4 60
125 1 7 59
125 1 8 62
125 1 10 64
125 1 11 63
125 3 0 72
125 3 1 72
125 3 3 69
125 3 5 67
125 3 6 69
125 3 7 69
125 3 8 77
125 3 10 76
125 9 0 58
125 9 1 61
125 9 2 61
125 9 3 59
125 9 4 58
125 9 5 61
125 9 10 63
125 9 11 62
125 12 0 58
125 12 4 61
125 12 6 61
125 12 7 59
125 12 8 58
125 12 9 61
125 12 10 63
125 12 11 62
125 13 0 59
125 13 1 62
125 13 2 62
125 13 3 60
125 13 4 59
125 13 5 62
125 13 9 64
125 13 11 63
126 0 0 22
126 0 3 25
126 0 5 25
126 0 6 23
126 0 7 22
126 0 9 25
126 0 10 27
126 0 11 26
126 4 0 25
126 4 1 28
126 4 2 28
126 4 3 26
126 4 6 25
126 4 7 28
126 4 9 30
126 4 11 29
126 10 0 25
126 10 4 28
126 10 5 28
126 10 6 26
126 10 7 25
126 10 9 28
126 10 10 30
126 10 11 29
126 12 0 23
126 12 4 26
126 12 6 26
126 12 7 24
126 12 8 23
126 12 9 26
126 12 10 28
126 12 11 27
127 5 0 42
127 5 1 47
127 5 2 39
127 5 5 47
127 5 6 44
127 5 8 39
127 5 9 47
127 5 10 46
127 6 1 47
127 6 2 52
127 6 3 44
127 6 5 52
127 6 6 49
127 6 7 44
127 6 9 52
127 6 11 51
127 11 1 36
127 11 3 36
127 11 4 42
127 11 5 40
127 11 6 42
127 11 7 42
127 11 8 41
127 11 11 37
128 3 0 18
128 3 1 21
128 3 3 21
128 3 5 19
128 3 6 18
128 3 7 21
128 3 8 23
128 3 10 22
128 4 0 21
128 4 1 24
128 4 2 24
128 4 3 22
128 4 6 21
128 4 7 24
128 4 9 26
128 4 11 25
128 6 1 21
128 6 2 24
128 6 3 24
128 6 5 22
128 6 6 21
128 6 7 24
128 6 9 26
128 6 11 25
129 4 0 88
129 4 1 87
129 4 2 84
129 4 3 88
129 4 6 72
129 4 7 86
129 4 9 81
129 4 11 88
129 5 0 80
129 5 1 89
129 5 2 95
129 5 5 93
129 5 6 86
129 5 8 95
129 5 9 85
129 5 10 90
129 7 0 99
129 7 3 94
129 7 6 86
129 7 7 104
129 7 8 91
129 7 9 86
129 7 10 104
129 7 11 103
129 10 0 97
129 10 4 92
129 10 5 84
129 10 6 102
129 10 7 89
129 10 9 84
129 10 10 102
129 10 11 101
130 1 0 80
130 1 1 71
130 1 2 82
130 1 4 76
130 1 7 76
130 1 8 86
130 1 10 75
130 1 11 86
130 11 1 72
130 11 3 72
130 11 4 69
130 11 5 67
130 11 6 69
130 11 7 69
130 11 8 77
130 11 11 76
130 13 0 72
130 13 1 81
130 13 2 87
130 13 3 85
130 13 4 78
130 13 5 87
130 13 9 77
130 13 11 82
131 5 0 99
131 5 1 96
131 5 2 105
131 5 5 91
131 5 6 99
131 5 8 93
131 5 9 107
131 5 10 100
131 6 1 99
131 6 2 94
131 6 3 86
131 6 5 104
131 6 6 91
131 6 7 86
131 6 9 104
131 6 11 103
131 11 1 78
131 11 3 87
131 11 4 93
131 11 5 91
131 11 6 84
131 11 7 93
131 11 8 83
131 11 11 88
131 12 0 102
131 12 4 99
131 12 6 109
131 12 7 105
131 12 8 94
131 12 9 97
131 12 10 97
131 12 11 104
131 14 0 96
131 14 1 91
131 14 2 83
131 14 3 101
131 14 4 88
131 14 5 83
131 14 6 101
131 14 11 100
132 3 0 59
132 3 1 62
132 3 3 62
132 3 5 60
132 3 6 59
132 3 7 62
132 3 8 64
132 3 10 63
132 5 0 57
132 5 1 68
132 5 2 56
132 5 5 56
132 5 6 57
132 5 8 58
132 5 9 58
132 5 10 65
132 7 0 57
132 7 3 68
132 7 6 56
132 7 7 56
132 7 8 57
132 7 9 58
132 7 10 58
132 7 11 65
133 1 0 55
133 1 1 62
133 1 2 66
133 1 4 59
133 1 7 64
133 1 8 56
133 1 10 54
133 1 11 64
133 3 0 72
133 3 1 63
133 3 3 74
133 3 5 68
133 3 6 68
133 3 7 78
133 3 8 67
133 3 10 78
133 4 0 59
133 4 1 62
133 4 2 62
133 4 3 60
133 4 6 59
133 4 7 62
133 4 9 64
133 4 11 63
133 6 1 59
133 6 2 62
133 6 3 62
133 6 5 60
133 6 6 59
133 6 7 62
133 6 9 64
133 6 11 63
134 3 0 37
134 3 1 33
134 3 3 38
134 3 5 35
134 3 6 35
134 3 7 40
134 3 8 35
134 3 10 40
134 5 0 33
134 5 1 29
134 5 2 34
134 5 5 31
134 5 6 31
134 5 8 36
134 5 9 31
134 5 10 36
134 10 0 38
134 10 4 34
134 10 5 39
134 10 6 36
134 10 7 36
134 10 9 41
134 10 10 36
134 10 11 41
135 7 0 23
135 7 3 26
135 7 6 26
135 7 7 24
135 7 8 23
135 7 9 26
135 7 10 28
135 7 11 27
135 13 0 26
135 13 1 29
135 13 2 29
135 13 3 27
135 13 4 26
135 13 5 29
135 13 9 31
135 13 11 30
135 14 0 26
135 14 1 29
135 14 2 29
135 14 3 27
135 14 4 26
135 14 5 29
135 14 6 31
135 14 11 30
136 3 0 18
136 3 1 16
136 3 3 18
136 3 5 17
136 3 6 17
136 3 7 19
136 3 8 17
136 3 10 19
136 4 0 16
136 4 1 14
136 4 2 16
136 4 3 15
136 4 6 15
136 4 7 17
136 4 9 15
136 4 11 17
136 5 0 18
136 5 1 16
136 5 2 18
136 5 5 17
136 5 6 17
136 5 8 19
136 5 9 17
136 5 10 19
136 9 0 17
136 9 1 15
136 9 2 17
136 9 3 16
136 9 4 16
136 9 5 18
136 9 10 16
136 9 11 18
136 12 0 17
136 12 4 15
136 12 6 17
136 12 7 16
136 12 8 16
136 12 9 18
136 12 10 16
136 12 11 18
137 0 0 53
137 0 3 56
137 0 5 56
137 0 6 54
137 0 7 53
137 0 9 56
137 0 10 58
137 0 11 57
137 8 0 56
137 8 2 59
137 8 3 59
137 8 5 57
137 8 7 56
137 8 8 59
137 8 10 61
137 8 11 60
137 13 0 56
137 13 1 59
137 13 2 59
137 13 3 57
137 13 4 56
137 13 5 59
137 13 9 61
137 13 11 60
138 2 0 59
138 2 2 70
138 2 5 58
138 2 6 58
138 2 7 59
138 2 8 60
138 2 9 60
138 2 10 67
138 6 1 76
138 6 2 67
138 6 3 78
138 6 5 72
138 6 6 72
138 6 7 82
138 6 9 71
138 6 11 82
138 10 0 58
138 10 4 69
138 10 5 57
138 10 6 57
138 10 7 58
138 10 9 59
138 10 10 59
138 10 11 66
138 13 0 58
138 13 1 69
138 13 2 57
138 13 3 57
138 13 4 58
138 13 5 59
138 13 9 59
138 13 11 66
139 0 0 22
139 0 3 25
139 0 5 25
139 0 6 23
139 0 7 22
139 0 9 25
139 0 10 27
139 0 11 26
139 3 0 25
139 3 1 28
139 3 3 28
139 3 5 26
139 3 6 25
139 3 7 28
139 3 8 30
139 3 10 29
139 8 0 25
139 8 2 28
139 8 3 28
139 8 5 26
139 8 7 25
139 8 8 28
139 8 10 30
139 8 11 29
139 10 0 23
139 10 4 26
139 10 5 26
139 10 6 24
139 10 7 23
139 10 9 26
139 10 10 28
139 10 11 27
139 12 0 22
139 12 4 25
139 12 6 25
139 12 7 23
139 12 8 22
139 12 9 25
139 12 10 27
139 12 11 26
140 3 0 59
140 3 1 62
140 3 3 62
140 3 5 60
140 3 6 59
140 3 7 62
140 3 8 64
140 3 10 63
140 5 0 57
140 5 1 68
140 5 2 56
140 5 5 56
140 5 6 57
140 5 8 58
140 5 9 58
140 5 10 65
140 6 1 57
140 6 2 68
140 6 3 56
140 6 5 56
140 6 6 57
140 6 7 58
140 6 9 58
140 6 11 65
140 11 1 55
140 11 3 62
140 11 4 66
140 11 5 59
140 11 6 64
140 11 7 56
140 11 8 54
140 11 11 64
140 14 0 59
140 14 1 62
140 14 2 62
140 14 3 60
140 14 4 59
140 14 5 62
140 14 6 64
140 14 11 63
141 0 0 78
141 0 3 69
141 0 5 80
141 0 6 74
141 0 7 74
141 0 9 84
141 0 10 73
141 0 11 84
141 1 0 77
141 1 1 86
141 1 2 92
141 1 4 90
141 1 7 83
141 1 8 92
141 1 10 82
141 1 11 87
141 3 0 96
141 3 1 91
141 3 3 83
141 3 5 101
141 3 6 88
141 3 7 83
141 3 8 101
141 3 10 100
141 5 0 97
141 5 1 87
141 5 2 94
141 5 5 92
141 5 6 83
141 5 8 90
141 5 9 88
141 5 10 83
141 13 0 74
141 13 1 83
141 13 2 89
141 13 3 87
141 13 4 80
141 13 5 89
141 13 9 79
141 13 11 84
142 0 0 74
142 0 3 65
142 0 5 76
142 0 6 70
142 0 7 70
142 0 9 80
142 0 10 69
142 0 11 80
142 4 0 73
142 4 1 82
142 4 2 88
142 4 3 86
142 4 6 79
142 4 7 88
142 4 9 78
142 4 11 83
142 7 0 79
142 7 3 88
142 7 6 94
142 7 7 92
142 7 8 85
142 7 9 94
142 7 10 84
142 7 11 89
142 11 1 77
142 11 3 86
142 11 4 92
142 11 5 90
142 11 6 83
142 11 7 92
142 11 8 82
142 11 11 87
143 0 0 36
143 0 3 36
143 0 5 42
143 0 6 40
143 0 7 42
143 0 9 42
143 0 10 41
143 0 11 37
143 5 0 44
143 5 1 49
143 5 2 41
143 5 5 49
143 5 6 46
143 5 8 41
143 5 9 49
143 5 10 48
143 9 0 37
143 9 1 33
143 9 2 38
143 9 3 35
143 9 4 35
143 9 5 40
143 9 10 35
143 9 11 40
143 10 0 44
143 10 4 49
143 10 5 41
143 10 6 49
143 10 7 46
143 10 9 41
143 10 10 49
143 10 11 48
143 11 1 41
143 11 3 46
143 11 4 38
143 11 5 46
143 11 6 43
143 11 7 38
143 11 8 46
143 11 11 45
144 4 0 78
144 4 1 69
144 4 2 80
144 4 3 74
144 4 6 74
144 4 7 84
144 4 9 73
144 4 11 84
144 6 1 77
144 6 2 86
144 6 3 92
144 6 5 90
144 6 6 83
144 6 7 92
144 6 9 82
144 6 11 87
144 7 0 96
144 7 3 91
144 7 6 83
144 7 7 101
144 7 8 88
144 7 9 83
144 7 10 101
144 7 11 100
144 12 0 97
144 12 4 87
144 12 6 94
144 12 7 92
144 12 8 83
144 12 9 90
144 12 10 88
144 12 11 83
144 13 0 74
144 13 1 83
144 13 2 89
144 13 3 87
144 13 4 80
144 13 5 89
144 13 9 79
144 13 11 84
145 0 0 101
145 0 3 96
145 0 5 88
145 0 6 106
145 0 7 93
145 0 9 88
145 0 10 106
145 0 11 105
145 1 0 78
145 1 1 87
145 1 2 93
145 1 4 91
145 1 7 84
145 1 8 93
145 1 10 83
145 1 11 88
145 2 0 98
145 2 2 93
145 2 5 85
145 2 6 103
145 2 7 90
145 2 8 85
145 2 9 103
145 2 10 102
145 14 0 96
145 14 1 91
145 14 2 83
145 14 3 101
145 14 4 88
145 14 5 83
145 14 6 101
145 14 11 100
146 0 0 43
146 0 3 48
146 0 5 40
146 0 6 48
146 0 7 45
146 0 9 40
146 0 10 48
146 0 11 47
146 1 0 48
146 1 1 53
146 1 2 45
146 1 4 53
146 1 7 50
146 1 8 45
146 1 10 53
146 1 11 52
146 8 0 40
146 8 2 45
146 8 3 37
146 8 5 45
146 8 7 42
146 8 8 37
146 8 10 45
146 8 11 44
147 1 0 35
147 1 1 31
147 1 2 36
147 1 4 33
147 1 7 33
147 1 8 38
147 1 10 33
147 1 11 38
147 2 0 31
147 2 2 27
147 2 5 32
147 2 6 29
147 2 7 29
147 2 8 34
147 2 9 29
147 2 10 34
147 4 0 36
147 4 1 32
147 4 2 37
147 4 3 34
147 4 6 34
147 4 7 39
147 4 9 34
147 4 11 39
147 7 0 33
147 7 3 29
147 7 6 34
147 7 7 31
147 7 8 31
147 7 9 36
147 7 10 31
147 7 11 36
148 6 1 36
148 6 2 32
148 6 3 37
148 6 5 34
148 6 6 34
148 6 7 39
148 6 9 34
148 6 11 39
148 7 0 32
148 7 3 28
148 7 6 33
148 7 7 30
148 7 8 30
148 7 9 35
148 7 10 30
148 7 11 35
148 8 0 37
148 8 2 33
148 8 3 38
148 8 5 35
148 8 7 35
148 8 8 40
148 8 10 35
148 8 11 40
148 13 0 34
148 13 1 30
148 13 2 35
148 13 3 32
148 13 4 32
148 13 5 37
148 13 9 32
148 13 11 37
149 9 0 80
149 9 1 71
149 9 2 82
149 9 3 76
149 9 4 76
149 9 5 86
149 9 10 75
149 9 11 86
149 11 1 72
149 11 3 72
149 11 4 69
149 11 5 67
149 11 6 69
149 11 7 69
149 11 8 77
149 11 11 76
149 14 0 72
149 14 1 81
149 14 2 87
149 14 3 85
149 14 4 78
149 14 5 87
149 14 6 77
149 14 11 82
150 7 0 55
150 7 3 62
150 7 6 66
150 7 7 59
150 7 8 64
150 7 9 56
150 7 10 54
150 7 11 64
150 8 0 72
150 8 2 63
150 8 3 74
150 8 5 68
150 8 7 68
150 8 8 78
150 8 10 67
150 8 11 78
150 12 0 59
150 12 4 62
150 12 6 62
150 12 7 60
150 12 8 59
150 12 9 62
150 12 10 64
150 12 11 63
151 1 0 73
151 1 1 64
151 1 2 75
151 1 4 69
151 1 7 69
151 1 8 79
151 1 10 68
151 1 11 79
151 5 0 58
151 5 1 69
151 5 2 57
151 5 5 57
151 5 6 58
151 5 8 59
151 5 9 59
151 5 10 66
151 7 0 75
151 7 3 66
151 7 6 77
151 7 7 71
151 7 8 71
151 7 9 81
151 7 10 70
151 7 11 81
151 12 0 63
151 12 4 74
151 12 6 62
151 12 7 62
151 12 8 63
151 12 9 64
151 12 10 64
151 12 11 71
152 1 0 32
152 1 1 28
152 1 2 33
152 1 4 30
152 1 7 30
152 1 8 35
152 1 10 30
152 1 11 35
152 3 0 25
152 3 1 28
152 3 3 28
152 3 5 26
152 3 6 25
152 3 7 28
152 3 8 30
152 3 10 29
152 9 0 33
152 9 1 29
152 9 2 34
152 9 3 31
152 9 4 31
152 9 5 36
152 9 10 31
152 9 11 36
153 3 0 14
153 3 1 12
153 3 3 14
153 3 5 13
153 3 6 13
153 3 7 15
153 3 8 13
153 3 10 15
153 10 0 12
153 10 4 10
153 10 5 12
153 10 6 11
153 10 7 11
153 10 9 13
153 10 10 11
153 10 11 13
153 11 1 14
153 11 3 12
153 11 4 14
153 11 5 13
153 11 6 13
153 11 7 15
153 11 8 13
153 11 11 15
154 4 0 75
154 4 1 66
154 4 2 77
154 4 3 71
154 4 6 71
154 4 7 81
154 4 9 70
154 4 11 81
154 7 0 60
154 7 3 71
154 7 6 59
154 7 7 59
154 7 8 60
154 7 9 61
154 7 10 61
154 7 11 68
154 9 0 77
154 9 1 68
154 9 2 79
154 9 3 73
154 9 4 73
154 9 5 83
154 9 10 72
154 9 11 83
154 12 0 72
154 12 4 72
154 12 6 69
154 12 7 67
154 12 8 69
154 12 9 69
154 12 10 77
154 12 11 76
155 2 0 33
155 2 2 29
155 2 5 34
155 2 6 31
155 2 7 31
155 2 8 36
155 2 9 31
155 2 10 36
155 7 0 26
155 7 3 29
155 7 6 29
155 7 7 27
155 7 8 26
155 7 9 29
155 7 10 31
155 7 11 30
155 9 0 34
155 9 1 30
155 9 2 35
155 9 3 32
155 9 4 32
155 9 5 37
155 9 10 32
155 9 11 37
156 0 0 98
156 0 3 95
156 0 5 105
156 0 6 101
156 0 7 90
156 0 9 93
156 0 10 93
156 0 11 100
156 3 0 100
156 3 1 95
156 3 3 87
156 3 5 105
156 3 6 92
156 3 7 87
156 3 8 105
156 3 10 104
156 7 0 79
156 7 3 88
156 7 6 94
156 7 7 92
156 7 8 85
156 7 9 94
156 7 10 84
156 7 11 89
157 5 0 22
157 5 1 22
157 5 2 19
157 5 5 22
157 5 6 19
157 5 8 19
157 5 9 22
157 5 10 21
157 10 0 20
157 10 4 23
157 10 5 23
157 10 6 21
157 10 7 20
157 10 9 23
157 10 10 25
157 10 11 24
157 11 1 20
157 11 3 23
157 11 4 23
157 11 5 21
157 11 6 20
157 11 7 23
157 11 8 25
157 11 11 24
157 12 0 18
157 12 4 21
157 12 6 21
157 12 7 19
157 12 8 18
157 12 9 21
157 12 10 23
157 12 11 22
157 14 0 22
157 14 1 22
157 14 2 19
157 14 3 22
157 14 4 19
157 14 5 19
157 14 6 22
157 14 11 21
158 3 0 35
158 3 1 31
158 3 3 36
158 3 5 33
158 3 6 33
158 3 7 38
158 3 8 33
158 3 10 38
158 5 0 31
158 5 1 27
158 5 2 32
158 5 5 29
158 5 6 29
158 5 8 34
158 5 9 29
158 5 10 34
158 9 0 36
158 9 1 32
158 9 2 37
158 9 3 34
158 9 4 34
158 9 5 39
158 9 10 34
158 9 11 39
159 0 0 13
159 0 3 11
159 0 5 13
159 0 6 12
159 0 7 12
159 0 9 14
159 0 10 12
159 0 11 14
159 1 0 11
159 1 1 9
159 1 2 11
159 1 4 10
159 1 7 10
159 1 8 12
159 1 10 10
159 1 11 12
159 2 0 13
159 2 2 11
159 2 5 13
159 2 6 12
159 2 7 12
159 2 8 14
159 2 9 12
159 2 10 14
159 6 1 12
159 6 2 10
159 6 3 12
159 6 5 11
159 6 6 11
159 6 7 13
159 6 9 11
159 6 11 13
159 8 0 12
159 8 2 10
159 8 3 12
159 8 5 11
159 8 7 11
159 8 8 13
159 8 10 11
159 8 11 13
160 4 0 77
160 4 1 68
160 4 2 79
160 4 3 73
160 4 6 73
160 4 7 83
160 4 9 72
160 4 11 83
160 7 0 76
160 7 3 85
160 7 6 91
160 7 7 89
160 7 8 82
160 7 9 91
160 7 10 81
160 7 11 86
160 8 0 95
160 8 2 90
160 8 3 82
160 8 5 100
160 8 7 87
160 8 8 82
160 8 10 100
160 8 11 99
160 10 0 80
160 10 4 89
160 10 5 95
160 10 6 93
160 10 7 86
160 10 9 95
160 10 10 85
160 10 11 90
160 14 0 73
160 14 1 82
160 14 2 88
160 14 3 86
160 14 4 79
160 14 5 88
160 14 6 78
160 14 11 83
161 4 0 56
161 4 1 59
161 4 2 59
161 4 3 57
161 4 6 56
161 4 7 59
161 4 9 61
161 4 11 60
161 5 0 62
161 5 1 73
161 5 2 61
161 5 5 61
161 5 6 62
161 5 8 63
161 5 9 63
161 5 10 70
161 12 0 55
161 12 4 58
161 12 6 58
161 12 7 56
161 12 8 55
161 12 9 58
161 12 10 60
161 12 11 59
162 0 0 53
162 0 3 56
162 0 5 56
162 0 6 54
162 0 7 53
162 0 9 56
162 0 10 58
162 0 11 57
162 1 0 56
162 1 1 59
162 1 2 59
162 1 4 57
162 1 7 56
162 1 8 59
162 1 10 61
162 1 11 60
162 2 0 56
162 2 2 59
162 2 5 59
162 2 6 57
162 2 7 56
162 2 8 59
162 2 9 61
162 2 10 60
163 2 0 16
163 2 2 14
163 2 5 16
163 2 6 15
163 2 7 15
163 2 8 17
163 2 9 15
163 2 10 17
163 5 0 14
163 5 1 12
163 5 2 14
163 5 5 13
163 5 6 13
163 5 8 15
163 5 9 13
163 5 10 15
163 7 0 16
163 7 3 14
163 7 6 16
163 7 7 15
163 7 8 15
163 7 9 17
163 7 10 15
163 7 11 17
163 14 0 15
163 14 1 13
163 14 2 15
163 14 3 14
163 14 4 14
163 14 5 16
163 14 6 14
163 14 11 16
164 1 0 74
164 1 1 65
164 1 2 76
164 1 4 70
164 1 7 70
164 1 8 80
164 1 10 69
164 1 11 80
164 9 0 73
164 9 1 82
164 9 2 88
164 9 3 86
164 9 4 79
164 9 5 88
164 9 10 78
164 9 11 83
164 11 1 79
164 11 3 88
164 11 4 94
164 11 5 92
164 11 6 85
164 11 7 94
164 11 8 84
164 11 11 89
164 14 0 77
164 14 1 86
164 14 2 92
164 14 3 90
164 14 4 83
164 14 5 92
164 14 6 82
164 14 11 87
165 4 0 88
165 4 1 87
165 4 2 84
165 4 3 88
165 4 6 72
165 4 7 86
165 4 9 81
165 4 11 88
165 6 1 80
165 6 2 89
165 6 3 95
165 6 5 93
165 6 6 86
165 6 7 95
165 6 9 85
165 6 11 90
165 11 1 99
165 11 3 94
165 11 4 86
165 11 5 104
165 11 6 91
165 11 7 86
165 11 8 104
165 11 11 103
165 14 0 97
165 14 1 92
165 14 2 84
165 14 3 102
165 14 4 89
165 14 5 84
165 14 6 102
165 14 11 101
166 1 0 52
166 1 1 55
166 1 2 55
166 1 4 53
166 1 7 52
166 1 8 55
166 1 10 57
166 1 11 56
166 5 0 55
166 5 1 58
166 5 2 58
166 5 5 56
166 5 6 55
166 5 8 58
166 5 9 60
166 5 10 59
166 7 0 55
166 7 3 58
166 7 6 58
166 7 7 56
166 7 8 55
166 7 9 58
166 7 10 60
166 7 11 59
166 11 1 53
166 11 3 56
166 11 4 56
166 11 5 54
166 11 6 53
166 11 7 56
166 11 8 58
166 11 11 57
166 13 0 52
166 13 1 55
166 13 2 55
166 13 3 53
166 13 4 52
166 13 5 55
166 13 9 57
166 13 11 56
167 2 0 103
167 2 2 98
167 2 5 90
167 2 6 108
167 2 7 95
167 2 8 90
167 2 9 108
167 2 10 107
167 5 0 100
167 5 1 95
167 5 2 87
167 5 5 105
167 5 6 92
167 5 8 87
167 5 9 105
167 5 10 104
167 10 0 102
167 10 4 99
167 10 5 109
167 10 6 105
167 10 7 94
167 10 9 97
167 10 10 97
167 10 11 104
167 14 0 95
167 14 1 90
167 14 2 82
167 14 3 100
167 14 4 87
167 14 5 82
167 14 6 100
167 14 11 99
168 4 0 102
168 4 1 97
168 4 2 89
168 4 3 107
168 4 6 94
168 4 7 89
168 4 9 107
168 4 11 106
168 5 0 97
168 5 1 92
168 5 2 84
168 5 5 102
168 5 6 89
168 5 8 84
168 5 9 102
168 5 10 101
168 7 0 76
168 7 3 85
168 7 6 91
168 7 7 89
168 7 8 82
168 7 9 91
168 7 10 81
168 7 11 86
168 10 0 100
168 10 4 97
168 10 5 107
168 10 6 103
168 10 7 92
168 10 9 95
168 10 10 95
168 10 11 102
168 11 1 97
168 11 3 87
168 11 4 94
168 11 5 92
168 11 6 83
168 11 7 90
168 11 8 88
168 11 11 83
169 5 0 99
169 5 1 94
169 5 2 86
169 5 5 104
169 5 6 91
169 5 8 86
169 5 9 104
169 5 10 103
169 7 0 97
169 7 3 87
169 7 6 94
169 7 7 92
169 7 8 83
169 7 9 90
169 7 10 88
169 7 11 83
169 8 0 73
169 8 2 82
169 8 3 88
169 8 5 86
169 8 7 79
169 8 8 88
169 8 10 78
169 8 11 83
169 12 0 99
169 12 4 96
169 12 6 105
169 12 7 91
169 12 8 99
169 12 9 93
169 12 10 107
169 12 11 100
169 13 0 78
169 13 1 87
169 13 2 93
169 13 3 91
169 13 4 84
169 13 5 93
169 13 9 83
169 13 11 88
170 1 0 80
170 1 1 71
170 1 2 82
170 1 4 76
170 1 7 76
170 1 8 86
170 1 10 75
170 1 11 86
170 6 1 79
170 6 2 88
170 6 3 94
170 6 5 92
170 6 6 85
170 6 7 94
170 6 9 84
170 6 11 89
170 8 0 98
170 8 2 93
170 8 3 85
170 8 5 103
170 8 7 90
170 8 8 85
170 8 10 103
170 8 11 102
170 11 1 96
170 11 3 91
170 11 4 83
170 11 5 101
170 11 6 88
170 11 7 83
170 11 8 101
170 11 11 100
170 14 0 76
170 14 1 85
170 14 2 91
170 14 3 89
170 14 4 82
170 14 5 91
170 14 6 81
170 14 11 86
171 0 0 58
171 0 3 69
171 0 5 57
171 0 6 57
171 0 7 58
171 0 9 59
171 0 10 59
171 0 11 66
171 8 0 75
171 8 2 66
171 8 3 77
171 8 5 71
171 8 7 71
171 8 8 81
171 8 10 70
171 8 11 81
171 10 0 57
171 10 4 68
171 10 5 56
171 10 6 56
171 10 7 57
171 10 9 58
171 10 10 58
171 10 11 65
172 4 0 51
172 4 1 54
172 4 2 54
172 4 3 52
172 4 6 51
172 4 7 54
172 4 9 56
172 4 11 55
172 6 1 54
172 6 2 57
172 6 3 57
172 6 5 55
172 6 6 54
172 6 7 57
172 6 9 59
172 6 11 58
172 10 0 54
172 10 4 57
172 10 5 57
172 10 6 55
172 10 7 54
172 10 9 57
172 10 10 59
172 10 11 58
172 11 1 52
172 11 3 55
172 11 4 55
172 11 5 53
172 11 6 52
172 11 7 55
172 11 8 57
172 11 11 56
172 14 0 51
172 14 1 54
172 14 2 54
172 14 3 52
172 14 4 51
172 14 5 54
172 14 6 56
172 14 11 55
173 2 0 59
173 2 2 70
173 2 5 58
173 2 6 58
173 2 7 59
173 2 8 60
173 2 9 60
173 2 10 67
173 9 0 76
173 9 1 67
173 9 2 78
173 9 3 72
173 9 4 72
173 9 5 82
173 9 10 71
173 9 11 82
173 10 0 58
173 10 4 69
173 10 5 57
173 10 6 57
173 10 7 58
173 10 9 59
173 10 10 59
173 10 11 66
174 3 0 40
174 3 1 45
174 3 3 37
174 3 5 45
174 3 6 42
174 3 7 37
174 3 8 45
174 3 10 44
174 5 0 45
174 5 1 50
174 5 2 42
174 5 5 50
174 5 6 47
174 5 8 42
174 5 9 50
174 5 10 49
174 10 0 38
174 10 4 34
174 10 5 39
174 10 6 36
174 10 7 36
174 10 9 41
174 10 10 36
174 10 11 41
175 1 0 59
175 1 1 70
175 1 2 58
175 1 4 58
175 1 7 59
175 1 8 60
175 1 10 60
175 1 11 67
175 2 0 76
175 2 2 67
175 2 5 78
175 2 6 72
175 2 7 72
175 2 8 82
175 2 9 71
175 2 10 82
175 5 0 58
175 5 1 69
175 5 2 57
175 5 5 57
175 5 6 58
175 5 8 59
175 5 9 59
175 5 10 66
175 7 0 58
175 7 3 69
175 7 6 57
175 7 7 57
175 7 8 58
175 7 9 59
175 7 10 59
175 7 11 66
176 4 0 35
176 4 1 31
176 4 2 36
176 4 3 33
176 4 6 33
176 4 7 38
176 4 9 33
176 4 11 38
176 6 1 31
176 6 2 27
176 6 3 32
176 6 5 29
176 6 6 29
176 6 7 34
176 6 9 29
176 6 11 34
176 7 0 36
176 7 3 32
176 7 6 37
176 7 7 34
176 7 8 34
176 7 9 39
176 7 10 34
176 7 11 39
176 13 0 33
176 13 1 29
176 13 2 34
176 13 3 31
176 13 4 31
176 13 5 36
176 13 9 31
176 13 11 36
176 14 0 33
176 14 1 29
176 14 2 34
176 14 3 31
176 14 4 31
176 14 5 36
176 14 6 31
176 14 11 36
177 1 0 73
177 1 1 64
177 1 2 75
177 1 4 69
177 1 7 69
177 1 8 79
177 1 10 68
177 1 11 79
177 3 0 58
177 3 1 69
177 3 3 57
177 3 5 57
177 3 6 58
177 3 7 59
177 3 8 59
177 3 10 66
177 8 0 75
177 8 2 66
177 8 3 77
177 8 5 71
177 8 7 71
177 8 8 81
177 8 10 70
177 8 11 81
177 11 1 63
177 11 3 74
177 11 4 62
177 11 5 62
177 11 6 63
177 11 7 64
177 11 8 64
177 11 11 71
178 1 0 57
178 1 1 60
178 1 2 60
178 1 4 58
178 1 7 57
178 1 8 60
178 1 10 62
178 1 11 61
178 3 0 55
178 3 1 62
178 3 3 66
178 3 5 59
178 3 6 64
178 3 7 56
178 3 8 54
178 3 10 64
178 10 0 55
178 10 4 62
178 10 5 66
178 10 6 59
178 10 7 64
178 10 9 56
178 10 10 54
178 10 11 64
178 14 0 58
178 14 1 61
178 14 2 61
178 14 3 59
178 14 4 58
178 14 5 61
178 14 6 63
178 14 11 62
179 1 0 16
179 1 1 14
179 1 2 16
179 1 4 15
179 1 7 15
179 1 8 17
179 1 10 15
179 1 11 17
179 4 0 14
179 4 1 12
179 4 2 14
179 4 3 13
179 4 6 13
179 4 7 15
179 4 9 13
179 4 11 15
179 7 0 16
179 7 3 14
179 7 6 16
179 7 7 15
179 7 8 15
179 7 9 17
179 7 10 15
179 7 11 17
179 12 0 15
179 12 4 13
179 12 6 15
179 12 7 14
179 12 8 14
179 12 9 16
179 12 10 14
179 12 11 16
179 14 0 15
179 14 1 13
179 14 2 15
179 14 3 14
179 14 4 14
179 14 5 16
179 14 6 14
179 14 11 16
180 5 0 53
180 5 1 56
180 5 2 56
180 5 5 54
180 5 6 53
180 5 8 56
180 5 9 58
180 5 10 57
180 11 1 53
180 11 3 50
180 11 4 49
180 11 5 45
180 11 6 45
180 11 7 48
180 11 8 48
180 11 11 55
180 14 0 48
180 14 1 53
180 14 2 45
180 14 3 53
180 14 4 50
180 14 5 45
180 14 6 53
180 14 11 52
181 1 0 74
181 1 1 65
181 1 2 76
181 1 4 70
181 1 7 70
181 1 8 80
181 1 10 69
181 1 11 80
181 5 0 73
181 5 1 82
181 5 2 88
181 5 5 86
181 5 6 79
181 5 8 88
181 5 9 78
181 5 10 83
181 8 0 79
181 8 2 88
181 8 3 94
181 8 5 92
181 8 7 85
181 8 8 94
181 8 10 84
181 8 11 89
181 10 0 77
181 10 4 86
181 10 5 92
181 10 6 90
181 10 7 83
181 10 9 92
181 10 10 82
181 10 11 87
181 12 0 80
181 12 4 71
181 12 6 82
181 12 7 76
181 12 8 76
181 12 9 86
181 12 10 75
181 12 11 86
182 1 0 18
182 1 1 16
182 1 2 18
182 1 4 17
182 1 7 17
182 1 8 19
182 1 10 17
182 1 11 19
182 3 0 16
182 3 1 14
182 3 3 16
182 3 5 15
182 3 6 15
182 3 7 17
182 3 8 15
182 3 10 17
182 7 0 18
182 7 3 16
182 7 6 18
182 7 7 17
182 7 8 17
182 7 9 19
182 7 10 17
182 7 11 19
182 13 0 17
182 13 1 15
182 13 2 17
182 13 3 16
182 13 4 16
182 13 5 18
182 13 9 16
182 13 11 18
183 1 0 98
183 1 1 95
183 1 2 105
183 1 4 101
183 1 7 90
183 1 8 93
183 1 10 93
183 1 11 100
183 4 0 100
183 4 1 95
183 4 2 87
183 4 3 105
183 4 6 92
183 4 7 87
183 4 9 105
183 4 11 104
183 8 0 79
183 8 2 88
183 8 3 94
183 8 5 92
183 8 7 85
183 8 8 94
183 8 10 84
183 8 11 89
183 9 0 103
183 9 1 100
183 9 2 110
183 9 3 106
183 9 4 95
183 9 5 98
183 9 10 98
183 9 11 105
183 14 0 97
183 14 1 92
183 14 2 84
183 14 3 102
183 14 4 89
183 14 5 84
183 14 6 102
183 14 11 101
184 7 0 101
184 7 3 96
184 7 6 88
184 7 7 106
184 7 8 93
184 7 9 88
184 7 10 106
184 7 11 105
184 12 0 96
184 12 4 91
184 12 6 83
184 12 7 101
184 12 8 88
184 12 9 83
184 12 10 101
184 12 11 100
184 13 0 75
184 13 1 84
184 13 2 90
184 13 3 88
184 13 4 81
184 13 5 90
184 13 9 80
184 13 11 85
185 0 0 12
185 0 3 10
185 0 5 12
185 0 6 11
185 0 7 11
185 0 9 13
185 0 10 11
185 0 11 13
185 1 0 9
185 1 1 9
185 1 2 9
185 1 4 10
185 1 7 9
185 1 8 9
185 1 10 11
185 1 11 10
185 9 0 12
185 9 1 10
185 9 2 12
185 9 3 11
185 9 4 11
185 9 5 13
185 9 10 11
185 9 11 13
185 11 1 11
185 11 3 9
185 11 4 11
185 11 5 10
185 11 6 10
185 11 7 12
185 11 8 10
185 11 11 12
186 2 0 73
186 2 2 64
186 2 5 75
186 2 6 69
186 2 7 69
186 2 8 79
186 2 9 68
186 2 10 79
186 7 0 73
186 7 3 64
186 7 6 75
186 7 7 69
186 7 8 69
186 7 9 79
186 7 10 68
186 7 11 79
186 10 0 64
186 10 4 75
186 10 5 63
186 10 6 63
186 10 7 64
186 10 9 65
186 10 10 65
186 10 11 72
186 14 0 62
186 14 1 73
186 14 2 61
186 14 3 61
186 14 4 62
186 14 5 63
186 14 6 63
186 14 11 70
187 1 0 57
187 1 1 68
187 1 2 56
187 1 4 56
187 1 7 57
187 1 8 58
187 1 10 58
187 1 11 65
187 4 0 74
187 4 1 65
187 4 2 76
187 4 3 70
187 4 6 70
187 4 7 80
187 4 9 69
187 4 11 80
187 8 0 56
187 8 2 67
187 8 3 55
187 8 5 55
187 8 7 56
187 8 8 57
187 8 10 57
187 8 11 64
187 12 0 56
187 12 4 67
187 12 6 55
187 12 7 55
187 12 8 56
187 12 9 57
187 12 10 57
187 12 11 64
188 3 0 59
188 3 1 62
188 3 3 62
188 3 5 60
188 3 6 59
188 3 7 62
188 3 8 64
188 3 10 63
188 6 1 72
188 6 2 72
188 6 3 69
188 6 5 67
188 6 6 69
188 6 7 69
188 6 9 77
188 6 11 76
188 11 1 58
188 11 3 61
188 11 4 61
188 11 5 59
188 11 6 58
188 11 7 61
188 11 8 63
188 11 11 62
189 7 0 9
189 7 3 8
189 7 6 9
189 7 7 8
189 7 8 8
189 7 9 9
189 7 10 8
189 7 11 9
189 8 0 9
189 8 2 8
189 8 3 9
189 8 5 8
189 8 7 8
189 8 8 9
189 8 10 8
189 8 11 9
189 13 0 9
189 13 1 8
189 13 2 9
189 13 3 8
189 13 4 8
189 13 5 9
189 13 9 8
189 13 11 9
190 5 0 56
190 5 1 59
190 5 2 59
190 5 5 57
190 5 6 56
190 5 8 59
190 5 9 61
190 5 10 60
190 12 0 59
190 12 4 62
190 12 6 62
190 12 7 60
190 12 8 59
190 12 9 62
190 12 10 64
190 12 11 63
190 13 0 59
190 13 1 62
190 13 2 62
190 13 3 60
190 13 4 59
190 13 5 62
190 13 9 64
190 13 11 63
191 0 0 22
191 0 3 22
191 0 5 19
191 0 6 22
191 0 7 19
191 0 9 19
191 0 10 22
191 0 11 21
191 1 0 20
191 1 1 23
191 1 2 23
191 1 4 21
191 1 7 20
191 1 8 23
191 1 10 25
191 1 11 24
191 6 1 20
191 6 2 23
191 6 3 23
191 6 5 21
191 6 6 20
191 6 7 23
191 6 9 25
191 6 11 24
191 9 0 18
191 9 1 21
191 9 2 21
191 9 3 19
191 9 4 18
191 9 5 21
191 9 10 23
191 9 11 22
191 10 0 22
191 10 4 22
191 10 5 19
191 10 6 22
191 10 7 19
191 10 9 19
191 10 10 22
191 10 11 21
192 5 0 20
192 5 1 23
192 5 2 23
192 5 5 21
192 5 6 20
192 5 8 23
192 5 9 25
192 5 10 24
192 6 1 23
192 6 2 26
192 6 3 26
192 6 5 24
192 6 6 23
192 6 7 26
192 6 9 28
192 6 11 27
192 11 1 23
192 11 3 26
192 11 4 26
192 11 5 24
192 11 6 23
192 11 7 26
192 11 8 28
192 11 11 27
193 0 0 33
193 0 3 29
193 0 5 34
193 0 6 31
193 0 7 31
193 0 9 36
193 0 10 31
193 0 11 36
193 3 0 26
193 3 1 29
193 3 3 29
193 3 5 27
193 3 6 26
193 3 7 29
193 3 8 31
193 3 10 30
193 4 0 34
193 4 1 30
193 4 2 35
193 4 3 32
193 4 6 32
193 4 7 37
193 4 9 32
193 4 11 37
193 12 0 31
193 12 4 27
193 12 6 32
193 12 7 29
193 12 8 29
193 12 9 34
193 12 10 29
193 12 11 34
194 0 0 55
194 0 3 58
194 0 5 58
194 0 6 56
194 0 7 55
194 0 9 58
194 0 10 60
194 0 11 59
194 5 0 58
194 5 1 61
194 5 2 61
194 5 5 59
194 5 6 58
194 5 8 61
194 5 9 63
194 5 10 62
194 9 0 58
194 9 1 61
194 9 2 61
194 9 3 59
194 9 4 58
194 9 5 61
194 9 10 63
194 9 11 62
194 11 1 56
194 11 3 59
194 11 4 59
194 11 5 57
194 11 6 56
194 11 7 59
194 11 8 61
194 11 11 60
195 0 0 35
195 0 3 31
195 0 5 36
195 0 6 33
195 0 7 33
195 0 9 38
195 0 10 33
195 0 11 38
195 3 0 31
195 3 1 27
195 3 3 32
195 3 5 29
195 3 6 29
195 3 7 34
195 3 8 29
195 3 10 34
195 8 0 36
195 8 2 32
195 8 3 37
195 8 5 34
195 8 7 34
195 8 8 39
195 8 10 34
195 8 11 39
195 11 1 33
195 11 3 29
195 11 4 34
195 11 5 31
195 11 6 31
195 11 7 36
195 11 8 31
195 11 11 36
196 1 0 102
196 1 1 97
196 1 2 89
196 1 4 107
196 1 7 94
196 1 8 89
196 1 10 107
196 1 11 106
196 3 0 97
196 3 1 92
196 3 3 84
196 3 5 102
196 3 6 89
196 3 7 84
196 3 8 102
196 3 10 101
196 6 1 76
196 6 2 85
196 6 3 91
196 6 5 89
196 6 6 82
196 6 7 91
196 6 9 81
196 6 11 86
197 2 0 35
197 2 2 31
197 2 5 36
197 2 6 33
197 2 7 33
197 2 8 38
197 2 9 33
197 2 10 38
197 7 0 31
197 7 3 27
197 7 6 32
197 7 7 29
197 7 8 29
197 7 9 34
197 7 10 29
197 7 11 34
197 9 0 36
197 9 1 32
197 9 2 37
197 9 3 34
197 9 4 34
197 9 5 39
197 9 10 34
197 9 11 39
197 13 0 33
197 13 1 29
197 13 2 34
197 13 3 31
197 13 4 31
197 13 5 36
197 13 9 31
197 13 11 36
198 0 0 80
198 0 3 71
198 0 5 82
198 0 6 76
198 0 7 76
198 0 9 86
198 0 10 75
198 0 11 86
198 9 0 72
198 9 1 72
198 9 2 69
198 9 3 67
198 9 4 69
198 9 5 69
198 9 10 77
198 9 11 76
198 11 1 72
198 11 3 81
198 11 4 87
198 11 5 85
198 11 6 78
198 11 7 87
198 11 8 77
198 11 11 82
199 7 0 43
199 7 3 48
199 7 6 40
199 7 7 48
199 7 8 45
199 7 9 40
199 7 10 48
199 7 11 47
199 12 0 48
199 12 4 53
199 12 6 45
199 12 7 53
199 12 8 50
199 12 9 45
199 12 10 53
199 12 11 52
199 13 0 40
199 13 1 45
199 13 2 37
199 13 3 45
199 13 4 42
199 13 5 37
199 13 9 45
199 13 11 44
199 14 0 48
199 14 1 53
199 14 2 45
199 14 3 53
199 14 4 50
199 14 5 45
199 14 6 53
199 14 11 52
200 5 0 17
200 5 1 15
200 5 2 17
200 5 5 16
200 5 6 16
200 5 8 18
200 5 9 16
200 5 10 18
200 13 0 15
200 13 1 13
200 13 2 15
200 13 3 14
200 13 4 14
200 13 5 16
200 13 9 14
200 13 11 16
200 14 0 17
200 14 1 15
200 14 2 17
200 14 3 16
200 14 4 16
200 14 5 18
200 14 6 16
200 14 11 18
201 2 0 56
201 2 2 59
201 2 5 59
201 2 6 57
201 2 7 56
201 2 8 59
201 2 9 61
201 2 10 60
201 7 0 59
201 7 3 62
201 7 6 62
201 7 7 60
201 7 8 59
201 7 9 62
201 7 10 64
201 7 11 63
201 12 0 59
201 12 4 62
201 12 6 62
201 12 7 60
201 12 8 59
201 12 9 62
201 12 10 64
201 12 11 63
201 14 0 57
201 14 1 60
201 14 2 60
201 14 3 58
201 14 4 57
201 14 5 60
201 14 6 62
201 14 11 61
202 3 0 53
202 3 1 56
202 3 3 56
202 3 5 54
202 3 6 53
202 3 7 56
202 3 8 58
202 3 10 57
202 8 0 53
202 8 2 50
202 8 3 49
202 8 5 45
202 8 7 45
202 8 8 48
202 8 10 48
202 8 11 55
202 11 1 48
202 11 3 53
202 11 4 45
202 11 5 53
202 11 6 50
202 11 7 45
202 11 8 53
202 11 11 52
203 4 0 98
203 4 1 95
203 4 2 105
203 4 3 101
203 4 6 90
203 4 7 93
203 4 9 93
203 4 11 100
203 5 0 100
203 5 1 95
203 5 2 87
203 5 5 105
203 5 6 92
203 5 8 87
203 5 9 105
203 5 10 104
203 9 0 79
203 9 1 88
203 9 2 94
203 9 3 92
203 9 4 85
203 9 5 94
203 9 10 84
203 9 11 89
203 10 0 103
203 10 4 100
203 10 5 110
203 10 6 106
203 10 7 95
203 10 9 98
203 10 10 98
203 10 11 105
203 14 0 97
203 14 1 92
203 14 2 84
203 14 3 102
203 14 4 89
203 14 5 84
203 14 6 102
203 14 11 101
204 0 0 101
204 0 3 96
204 0 5 88
204 0 6 106
204 0 7 93
204 0 9 88
204 0 10 106
204 0 11 105
204 1 0 96
204 1 1 91
204 1 2 83
204 1 4 101
204 1 7 88
204 1 8 83
204 1 10 101
204 1 11 100
204 7 0 75
204 7 3 84
204 7 6 90
204 7 7 88
204 7 8 81
204 7 9 90
204 7 10 80
204 7 11 85
204 13 0 99
204 13 1 96
204 13 2 106
204 13 3 102
204 13 4 91
204 13 5 94
204 13 9 94
204 13 11 101
205 2 0 74
205 2 2 65
205 2 5 76
205 2 6 70
205 2 7 70
205 2 8 80
205 2 9 69
205 2 10 80
205 10 0 73
205 10 4 82
205 10 5 88
205 10 6 86
205 10 7 79
205 10 9 88
205 10 10 78
205 10 11 83
205 11 1 79
205 11 3 88
205 11 4 94
205 11 5 92
205 11 6 85
205 11 7 94
205 11 8 84
205 11 11 89
205 13 0 77
205 13 1 86
205 13 2 92
205 13 3 90
205 13 4 83
205 13 5 92
205 13 9 82
205 13 11 87
205 14 0 80
205 14 1 71
205 14 2 82
205 14 3 76
205 14 4 76
205 14 5 86
205 14 6 75
205 14 11 86
206 1 0 76
206 1 1 67
206 1 2 78
206 1 4 72
206 1 7 72
206 1 8 82
206 1 10 71
206 1 11 82
206 3 0 75
206 3 1 84
206 3 3 90
206 3 5 88
206 3 6 81
206 3 7 90
206 3 8 80
206 3 10 85
206 13 0 97
206 13 1 87
206 13 2 94
206 13 3 92
206 13 4 83
206 13 5 90
206 13 9 88
206 13 11 83
207 3 0 45
207 3 1 50
207 3 3 42
207 3 5 50
207 3 6 47
207 3 7 42
207 3 8 50
207 3 10 49
207 7 0 51
207 7 3 54
207 7 6 54
207 7 7 52
207 7 8 51
207 7 9 54
207 7 10 56
207 7 11 55
207 9 0 42
207 9 1 47
207 9 2 39
207 9 3 47
207 9 4 44
207 9 5 39
207 9 10 47
207 9 11 46
207 13 0 51
207 13 1 54
207 13 2 54
207 13 3 52
207 13 4 51
207 13 5 54
207 13 9 56
207 13 11 55
207 14 0 47
207 14 1 52
207 14 2 44
207 14 3 52
207 14 4 49
207 14 5 44
207 14 6 52
207 14 11 51
208 0 0 55
208 0 3 62
208 0 5 66
208 0 6 59
208 0 7 64
208 0 9 56
208 0 10 54
208 0 11 64
208 5 0 72
208 5 1 63
208 5 2 74
208 5 5 68
208 5 6 68
208 5 8 78
208 5 9 67
208 5 10 78
208 6 1 59
208 6 2 62
208 6 3 62
208 6 5 60
208 6 6 59
208 6 7 62
208 6 9 64
208 6 11 63
208 13 0 59
208 13 1 62
208 13 2 62
208 13 3 60
208 13 4 59
208 13 5 62
208 13 9 64
208 13 11 63
209 7 0 12
209 7 3 10
209 7 6 12
209 7 7 11
209 7 8 11
209 7 9 13
209 7 10 11
209 7 11 13
209 8 0 9
209 8 2 9
209 8 3 9
209 8 5 10
209 8 7 9
209 8 8 9
209 8 10 11
209 8 11 10
209 11 1 12
209 11 3 10
209 11 4 12
209 11 5 11
209 11 6 11
209 11 7 13
209 11 8 11
209 11 11 13
209 14 0 11
209 14 1 9
209 14 2 11
209 14 3 10
209 14 4 10
209 14 5 12
209 14 6 10
209 14 11 12
210 5 0 100
210 5 1 95
210 5 2 87
210 5 5 105
210 5 6 92
210 5 8 87
210 5 9 105
210 5 10 104
210 6 1 95
210 6 2 90
210 6 3 82
210 6 5 100
210 6 6 87
210 6 7 82
210 6 9 100
210 6 11 99
210 13 0 74
210 13 1 83
210 13 2 89
210 13 3 87
210 13 4 80
210 13 5 89
210 13 9 79
210 13 11 84
211 1 0 22
211 1 1 25
211 1 2 25
211 1 4 23
211 1 7 22
211 1 8 25
211 1 10 27
211 1 11 26
211 8 0 25
211 8 2 28
211 8 3 28
211 8 5 26
211 8 7 25
211 8 8 28
211 8 10 30
211 8 11 29
211 9 0 25
211 9 1 28
211 9 2 28
211 9 3 26
211 9 4 25
211 9 5 28
211 9 10 30
211 9 11 29
211 10 0 23
211 10 4 26
211 10 5 26
211 10 6 24
211 10 7 23
211 10 9 26
211 10 10 28
211 10 11 27
211 13 0 22
211 13 1 25
211 13 2 25
211 13 3 23
211 13 4 22
211 13 5 25
211 13 9 27
211 13 11 26
212 0 0 51
212 0 3 54
212 0 5 54
212 0 6 52
212 0 7 51
212 0 9 54
212 0 10 56
212 0 11 55
212 1 0 54
212 1 1 57
212 1 2 57
212 1 4 55
212 1 7 54
212 1 8 57
212 1 10 59
212 1 11 58
212 5 0 54
212 5 1 57
212 5 2 57
212 5 5 55
212 5 6 54
212 5 8 57
212 5 9 59
212 5 10 58
212 13 0 52
212 13 1 55
212 13 2 55
212 13 3 53
212 13 4 52
212 13 5 55
212 13 9 57
212 13 11 56
213 0 0 23
213 0 3 26
213 0 5 26
213 0 6 24
213 0 7 23
213 0 9 26
213 0 10 28
213 0 11 27
213 1 0 26
213 1 1 29
213 1 2 29
213 1 4 27
213 1 7 26
213 1 8 29
213 1 10 31
213 1 11 30
213 2 0 26
213 2 2 29
213 2 5 29
213 2 6 27
213 2 7 26
213 2 8 29
213 2 9 31
213 2 10 30
213 3 0 24
213 3 1 27
213 3 3 27
213 3 5 25
213 3 6 24
213 3 7 27
213 3 8 29
213 3 10 28
213 9 0 23
213 9 1 26
213 9 2 26
213 9 3 24
213 9 4 23
213 9 5 26
213 9 10 28
213 9 11 27
214 0 0 53
214 0 3 56
214 0 5 56
214 0 6 54
214 0 7 53
214 0 9 56
214 0 10 58
214 0 11 57
214 8 0 53
214 8 2 50
214 8 3 49
214 8 5 45
214 8 7 45
214 8 8 48
214 8 10 48
214 8 11 55
214 9 0 48
214 9 1 53
214 9 2 45
214 9 3 53
214 9 4 50
214 9 5 45
214 9 10 53
214 9 11 52
215 1 0 17
215 1 1 15
215 1 2 17
215 1 4 16
215 1 7 16
215 1 8 18
215 1 10 16
215 1 11 18
215 2 0 15
215 2 2 13
215 2 5 15
215 2 6 14
215 2 7 14
215 2 8 16
215 2 9 14
215 2 10 16
215 7 0 17
215 7 3 15
215 7 6 17
215 7 7 16
215 7 8 16
215 7 9 18
215 7 10 16
215 7 11 18
216 0 0 74
216 0 3 65
216 0 5 76
216 0 6 70
216 0 7 70
216 0 9 80
216 0 10 69
216 0 11 80
216 3 0 73
216 3 1 82
216 3 3 88
216 3 5 86
216 3 6 79
216 3 7 88
216 3 8 78
216 3 10 83
216 6 1 79
216 6 2 88
216 6 3 94
216 6 5 92
216 6 6 85
216 6 7 94
216 6 9 84
216 6 11 89
216 12 0 77
216 12 4 86
216 12 6 92
216 12 7 90
216 12 8 83
216 12 9 92
216 12 10 82
216 12 11 87
217 2 0 19
217 2 2 22
217 2 5 22
217 2 6 20
217 2 7 19
217 2 8 22
217 2 9 24
217 2 10 23
217 4 0 19
217 4 1 22
217 4 2 22
217 4 3 20
217 4 6 19
217 4 7 22
217 4 9 24
217 4 11 23
217 5 0 19
217 5 1 17
217 5 2 19
217 5 5 18
217 5 6 18
217 5 8 20
217 5 9 18
217 5 10 20
217 11 1 19
217 11 3 22
217 11 4 22
217 11 5 20
217 11 6 19
217 11 7 22
217 11 8 24
217 11 11 23
218 4 0 51
218 4 1 54
218 4 2 54
218 4 3 52
218 4 6 51
218 4 7 54
218 4 9 56
218 4 11 55
218 5 0 54
218 5 1 57
218 5 2 57
218 5 5 55
218 5 6 54
218 5 8 57
218 5 9 59
218 5 10 58
218 6 1 54
218 6 2 57
218 6 3 57
218 6 5 55
218 6 6 54
218 6 7 57
218 6 9 59
218 6 11 58
218 7 0 52
218 7 3 55
218 7 6 55
218 7 7 53
218 7 8 52
218 7 9 55
218 7 10 57
218 7 11 56
218 11 1 51
218 11 3 54
218 11 4 54
218 11 5 52
218 11 6 51
218 11 7 54
218 11 8 56
218 11 11 55
219 2 0 22
219 2 2 22
219 2 5 19
219 2 6 22
219 2 7 19
219 2 8 19
219 2 9 22
219 2 10 21
219 3 0 20
219 3 1 23
219 3 3 23
219 3 5 21
219 3 6 20
219 3 7 23
219 3 8 25
219 3 10 24
219 10 0 20
219 10 4 23
219 10 5 23
219 10 6 21
219 10 7 20
219 10 9 23
219 10 10 25
219 10 11 24
219 12 0 18
219 12 4 21
219 12 6 21
219 12 7 19
219 12 8 18
219 12 9 21
219 12 10 23
219 12 11 22
219 14 0 22
219 14 1 22
219 14 2 19
219 14 3 22
219 14 4 19
219 14 5 19
219 14 6 22
219 14 11 21
220 8 0 35
220 8 2 31
220 8 3 36
220 8 5 33
220 8 7 33
220 8 8 38
220 8 10 33
220 8 11 38
220 10 0 31
220 10 4 27
220 10 5 32
220 10 6 29
220 10 7 29
220 10 9 34
220 10 10 29
220 10 11 34
220 11 1 36
220 11 3 32
220 11 4 37
220 11 5 34
220 11 6 34
220 11 7 39
220 11 8 34
220 11 11 39
220 12 0 33
220 12 4 29
220 12 6 34
220 12 7 31
220 12 8 31
220 12 9 36
220 12 10 31
220 12 11 36
220 14 0 33
220 14 1 29
220 14 2 34
220 14 3 31
220 14 4 31
220 14 5 36
220 14 6 31
220 14 11 36
221 9 0 45
221 9 1 50
221 9 2 42
221 9 3 50
221 9 4 47
221 9 5 42
221 9 10 50
221 9 11 49
221 10 0 51
221 10 4 54
221 10 5 54
221 10 6 52
221 10 7 51
221 10 9 54
221 10 10 56
221 10 11 55
221 13 0 42
221 13 1 47
221 13 2 39
221 13 3 47
221 13 4 44
221 13 5 39
221 13 9 47
221 13 11 46
222 2 0 75
222 2 2 66
222 2 5 77
222 2 6 71
222 2 7 71
222 2 8 81
222 2 9 70
222 2 10 81
222 3 0 74
222 3 1 83
222 3 3 89
222 3 5 87
222 3 6 80
222 3 7 89
222 3 8 79
222 3 10 84
222 4 0 80
222 4 1 89
222 4 2 95
222 4 3 93
222 4 6 86
222 4 7 95
222 4 9 85
222 4 11 90
222 5 0 78
222 5 1 87
222 5 2 93
222 5 5 91
222 5 6 84
222 5 8 93
222 5 9 83
222 5 10 88
222 6 1 88
222 6 2 87
222 6 3 84
222 6 5 88
222 6 6 72
222 6 7 86
222 6 9 81
222 6 11 88
223 0 0 18
223 0 3 16
223 0 5 18
223 0 6 17
223 0 7 17
223 0 9 19
223 0 10 17
223 0 11 19
223 5 0 18
223 5 1 21
223 5 2 21
223 5 5 19
223 5 6 18
223 5 8 21
223 5 9 23
223 5 10 22
223 9 0 18
223 9 1 21
223 9 2 21
223 9 3 19
223 9 4 18
223 9 5 21
223 9 10 23
223 9 11 22
224 3 0 56
224 3 1 59
224 3 3 59
224 3 5 57
224 3 6 56
224 3 7 59
224 3 8 61
224 3 10 60
224 5 0 59
224 5 1 62
224 5 2 62
224 5 5 60
224 5 6 59
224 5 8 62
224 5 9 64
224 5 10 63
224 7 0 59
224 7 3 62
224 7 6 62
224 7 7 60
224 7 8 59
224 7 9 62
224 7 10 64
224 7 11 63
224 9 0 57
224 9 1 60
224 9 2 60
224 9 3 58
224 9 4 57
224 9 5 60
224 9 10 62
224 9 11 61
225 3 0 79
225 3 1 70
225 3 3 81
225 3 5 75
225 3 6 75
225 3 7 85
225 3 8 74
225 3 10 85
225 6 1 78
225 6 2 87
225 6 3 93
225 6 5 91
225 6 6 84
225 6 7 93
225 6 9 83
225 6 11 88
225 12 0 97
225 12 4 92
225 12 6 84
225 12 7 102
225 12 8 89
225 12 9 84
225 12 10 102
225 12 11 101
226 6 1 73
226 6 2 64
226 6 3 75
226 6 5 69
226 6 6 69
226 6 7 79
226 6 9 68
226 6 11 79
226 7 0 72
226 7 3 81
226 7 6 87
226 7 7 85
226 7 8 78
226 7 9 87
226 7 10 77
226 7 11 82
226 9 0 78
226 9 1 87
226 9 2 93
226 9 3 91
226 9 4 84
226 9 5 93
226 9 10 83
226 9 11 88
227 6 1 103
227 6 2 98
227 6 3 90
227 6 5 108
227 6 6 95
227 6 7 90
227 6 9 108
227 6 11 107
227 8 0 100
227 8 2 95
227 8 3 87
227 8 5 105
227 8 7 92
227 8 8 87
227 8 10 105
227 8 11 104
227 12 0 102
227 12 4 99
227 12 6 109
227 12 7 105
227 12 8 94
227 12 9 97
227 12 10 97
227 12 11 104
228 0 0 58
228 0 3 69
228 0 5 57
228 0 6 57
228 0 7 58
228 0 9 59
228 0 10 59
228 0 11 66
228 5 0 75
228 5 1 66
228 5 2 77
228 5 5 71
228 5 6 71
228 5 8 81
228 5 9 70
228 5 10 81
228 9 0 57
228 9 1 68
228 9 2 56
228 9 3 56
228 9 4 57
228 9 5 58
228 9 10 58
228 9 11 65
228 10 0 57
228 10 4 68
228 10 5 56
228 10 6 56
228 10 7 57
228 10 9 58
228 10 10 58
228 10 11 65
229 7 0 34
229 7 3 30
229 7 6 35
229 7 7 32
229 7 8 32
229 7 9 37
229 7 10 32
229 7 11 37
229 12 0 29
229 12 4 33
229 12 6 28
229 12 7 28
229 12 8 29
229 12 9 30
229 12 10 30
229 12 11 30
229 13 0 35
229 13 1 31
229 13 2 36
229 13 3 33
229 13 4 33
229 13 5 38
229 13 9 33
229 13 11 38
230 3 0 103
230 3 1 98
230 3 3 90
230 3 5 108
230 3 6 95
230 3 7 90
230 3 8 108
230 3 10 107
230 4 0 100
230 4 1 95
230 4 2 87
230 4 3 105
230 4 6 92
230 4 7 87
230 4 9 105
230 4 11 104
230 6 1 102
230 6 2 99
230 6 3 109
230 6 5 105
230 6 6 94
230 6 7 97
230 6 9 97
230 6 11 104
230 9 0 95
230 9 1 90
230 9 2 82
230 9 3 100
230 9 4 87
230 9 5 82
230 9 10 100
230 9 11 99
230 14 0 103
230 14 1 98
230 14 2 90
230 14 3 108
230 14 4 95
230 14 5 90
230 14 6 108
230 14 11 107
231 3 0 16
231 3 1 14
231 3 3 16
231 3 5 15
231 3 6 15
231 3 7 17
231 3 8 15
231 3 10 17
231 7 0 14
231 7 3 12
231 7 6 14
231 7 7 13
231 7 8 13
231 7 9 15
231 7 10 13
231 7 11 15
231 12 0 16
231 12 4 14
231 12 6 16
231 12 7 15
231 12 8 15
231 12 9 17
231 12 10 15
231 12 11 17
231 13 0 15
231 13 1 13
231 13 2 15
231 13 3 14
231 13 4 14
231 13 5 16
231 13 9 14
231 13 11 16
231 14 0 15
231 14 1 13
231 14 2 15
231 14 3 14
231 14 4 14
231 14 5 16
231 14 6 14
231 14 11 16
232 4 0 74
232 4 1 65
232 4 2 76
232 4 3 70
232 4 6 70
232 4 7 80
232 4 9 69
232 4 11 80
232 8 0 73
232 8 2 82
232 8 3 88
232 8 5 86
232 8 7 79
232 8 8 88
232 8 10 78
232 8 11 83
232 9 0 79
232 9 1 88
232 9 2 94
232 9 3 92
232 9 4 85
232 9 5 94
232 9 10 84
232 9 11 89
232 10 0 77
232 10 4 86
232 10 5 92
232 10 6 90
232 10 7 83
232 10 9 92
232 10 10 82
232 10 11 87
232 13 0 80
232 13 1 71
232 13 2 82
232 13 3 76
232 13 4 76
232 13 5 86
232 13 9 75
232 13 11 86
233 0 0 55
233 0 3 58
233 0 5 58
233 0 6 56
233 0 7 55
233 0 9 58
233 0 10 60
233 0 11 59
233 1 0 57
233 1 1 68
233 1 2 56
233 1 4 56
233 1 7 57
233 1 8 58
233 1 10 58
233 1 11 65
233 2 0 61
233 2 2 72
233 2 5 60
233 2 6 60
233 2 7 61
233 2 8 62
233 2 9 62
233 2 10 69
233 5 0 59
233 5 1 62
233 5 2 62
233 5 5 60
233 5 6 59
233 5 8 62
233 5 9 64
233 5 10 63
233 13 0 59
233 13 1 70
233 13 2 58
233 13 3 58
233 13 4 59
233 13 5 60
233 13 9 60
233 13 11 67
234 0 0 78
234 0 3 69
234 0 5 80
234 0 6 74
234 0 7 74
234 0 9 84
234 0 10 73
234 0 11 84
234 3 0 77
234 3 1 86
234 3 3 92
234 3 5 90
234 3 6 83
234 3 7 92
234 3 8 82
234 3 10 87
234 4 0 96
234 4 1 91
234 4 2 83
234 4 3 101
234 4 6 88
234 4 7 83
234 4 9 101
234 4 11 100
234 8 0 97
234 8 2 87
234 8 3 94
234 8 5 92
234 8 7 83
234 8 8 90
234 8 10 88
234 8 11 83
234 9 0 74
234 9 1 83
234 9 2 89
234 9 3 87
234 9 4 80
234 9 5 89
234 9 10 79
234 9 11 84
235 6 1 99
235 6 2 94
235 6 3 86
235 6 5 104
235 6 6 91
235 6 7 86
235 6 9 104
235 6 11 103
235 10 0 97
235 10 4 87
235 10 5 94
235 10 6 92
235 10 7 83
235 10 9 90
235 10 10 88
235 10 11 83
235 12 0 73
235 12 4 82
235 12 6 88
235 12 7 86
235 12 8 79
235 12 9 88
235 12 10 78
235 12 11 83
236 7 0 101
236 7 3 96
236 7 6 88
236 7 7 106
236 7 8 93
236 7 9 88
236 7 10 106
236 7 11 105
236 9 0 78
236 9 1 87
236 9 2 93
236 9 3 91
236 9 4 84
236 9 5 93
236 9 10 83
236 9 11 88
236 11 1 98
236 11 3 93
236 11 4 85
236 11 5 103
236 11 6 90
236 11 7 85
236 11 8 103
236 11 11 102
236 12 0 96
236 12 4 91
236 12 6 83
236 12 7 101
236 12 8 88
236 12 9 83
236 12 10 101
236 12 11 100
237 1 0 77
237 1 1 68
237 1 2 79
237 1 4 73
237 1 7 73
237 1 8 83
237 1 10 72
237 1 11 83
237 4 0 76
237 4 1 85
237 4 2 91
237 4 3 89
237 4 6 82
237 4 7 91
237 4 9 81
237 4 11 86
237 8 0 95
237 8 2 90
237 8 3 82
237 8 5 100
237 8 7 87
237 8 8 82
237 8 10 100
237 8 11 99
238 0 0 38
238 0 3 34
238 0 5 39
238 0 6 36
238 0 7 36
238 0 9 41
238 0 10 36
238 0 11 41
238 4 0 34
238 4 1 30
238 4 2 35
238 4 3 32
238 4 6 32
238 4 7 37
238 4 9 32
238 4 11 37
238 5 0 39
238 5 1 35
238 5 2 40
238 5 5 37
238 5 6 37
238 5 8 42
238 5 9 37
238 5 10 42
238 13 0 36
238 13 1 32
238 13 2 37
238 13 3 34
238 13 4 34
238 13 5 39
238 13 9 34
238 13 11 39
239 4 0 56
239 4 1 67
239 4 2 55
239 4 3 55
239 4 6 56
239 4 7 57
239 4 9 57
239 4 11 64
239 10 0 73
239 10 4 64
239 10 5 75
239 10 6 69
239 10 7 69
239 10 9 79
239 10 10 68
239 10 11 79
239 11 1 55
239 11 3 62
239 11 4 66
239 11 5 59
239 11 6 64
239 11 7 56
239 11 8 54
239 11 11 64
240 0 0 47
240 0 3 52
240 0 5 44
240 0 6 52
240 0 7 49
240 0 9 44
240 0 10 52
240 0 11 51
240 1 0 53
240 1 1 56
240 1 2 56
240 1 4 54
240 1 7 53
240 1 8 56
240 1 10 58
240 1 11 57
240 3 0 44
240 3 1 49
240 3 3 41
240 3 5 49
240 3 6 46
240 3 7 41
240 3 8 49
240 3 10 48
240 6 1 53
240 6 2 56
240 6 3 56
240 6 5 54
240 6 6 53
240 6 7 56
240 6 9 58
240 6 11 57
241 0 0 15
241 0 3 13
241 0 5 15
241 0 6 14
241 0 7 14
241 0 9 16
241 0 10 14
241 0 11 16
241 2 0 13
241 2 2 11
241 2 5 13
241 2 6 12
241 2 7 12
241 2 8 14
241 2 9 12
241 2 10 14
241 3 0 15
241 3 1 13
241 3 3 15
241 3 5 14
241 3 6 14
241 3 7 16
241 3 8 14
241 3 10 16
241 8 0 14
241 8 2 12
241 8 3 14
241 8 5 13
241 8 7 13
241 8 8 15
241 8 10 13
241 8 11 15
241 12 0 14
241 12 4 12
241 12 6 14
241 12 7 13
241 12 8 13
241 12 9 15
241 12 10 13
241 12 11 15
242 7 0 100
242 7 3 97
242 7 6 107
242 7 7 103
242 7 8 92
242 7 9 95
242 7 10 95
242 7 11 102
242 10 0 102
242 10 4 97
242 10 5 89
242 10 6 107
242 10 7 94
242 10 9 89
242 10 10 107
242 10 11 106
242 12 0 97
242 12 4 87
242 12 6 94
242 12 7 92
242 12 8 83
242 12 9 90
242 12 10 88
242 12 11 83
243 4 0 78
243 4 1 69
243 4 2 80
243 4 3 74
243 4 6 74
243 4 7 84
243 4 9 73
243 4 11 84
243 6 1 77
243 6 2 86
243 6 3 92
243 6 5 90
243 6 6 83
243 6 7 92
243 6 9 82
243 6 11 87
243 8 0 96
243 8 2 91
243 8 3 83
243 8 5 101
243 8 7 88
243 8 8 83
243 8 10 101
243 8 11 100
244 0 0 53
244 0 3 56
244 0 5 56
244 0 6 54
244 0 7 53
244 0 9 56
244 0 10 58
244 0 11 57
244 3 0 53
244 3 1 50
244 3 3 49
244 3 5 45
244 3 6 45
244 3 7 48
244 3 8 48
244 3 10 55
244 7 0 48
244 7 3 53
244 7 6 45
244 7 7 53
244 7 8 50
244 7 9 45
244 7 10 53
244 7 11 52
244 9 0 44
244 9 1 49
244 9 2 41
244 9 3 49
244 9 4 46
244 9 5 41
244 9 10 49
244 9 11 48
244 14 0 44
244 14 1 49
244 14 2 41
244 14 3 49
244 14 4 46
244 14 5 41
244 14 6 49
244 14 11 48
245 4 0 19
245 4 1 22
245 4 2 22
245 4 3 20
245 4 6 19
245 4 7 22
245 4 9 24
245 4 11 23
245 7 0 19
245 7 3 22
245 7 6 22
245 7 7 20
245 7 8 19
245 7 9 22
245 7 10 24
245 7 11 23
245 8 0 19
245 8 2 17
245 8 3 19
245 8 5 18
245 8 7 18
245 8 8 20
245 8 10 18
245 8 11 20
245 14 0 19
245 14 1 22
245 14 2 22
245 14 3 20
245 14 4 19
245 14 5 22
245 14 6 24
245 14 11 23
246 0 0 57
246 0 3 60
246 0 5 60
246 0 6 58
246 0 7 57
246 0 9 60
246 0 10 62
246 0 11 61
246 3 0 55
246 3 1 62
246 3 3 66
246 3 5 59
246 3 6 64
246 3 7 56
246 3 8 54
246 3 10 64
246 4 0 55
246 4 1 62
246 4 2 66
246 4 3 59
246 4 6 64
246 4 7 56
246 4 9 54
246 4 11 64
246 8 0 58
246 8 2 61
246 8 3 61
246 8 5 59
246 8 7 58
246 8 8 61
246 8 10 63
246 8 11 62
246 10 0 57
246 10 4 60
246 10 5 60
246 10 6 58
246 10 7 57
246 10 9 60
246 10 10 62
246 10 11 61
247 1 0 15
247 1 1 13
247 1 2 15
247 1 4 14
247 1 7 14
247 1 8 16
247 1 10 14
247 1 11 16
247 3 0 13
247 3 1 11
247 3 3 13
247 3 5 12
247 3 6 12
247 3 7 14
247 3 8 12
247 3 10 14
247 8 0 15
247 8 2 13
247 8 3 15
247 8 5 14
247 8 7 14
247 8 8 16
247 8 10 14
247 8 11 16
248 6 1 77
248 6 2 68
248 6 3 79
248 6 5 73
248 6 6 73
248 6 7 83
248 6 9 72
248 6 11 83
248 12 0 76
248 12 4 85
248 12 6 91
248 12 7 89
248 12 8 82
248 12 9 91
248 12 10 81
248 12 11 86
248 14 0 95
248 14 1 90
248 14 2 82
248 14 3 100
248 14 4 87
248 14 5 82
248 14 6 100
248 14 11 99
249 0 0 88
249 0 3 87
249 0 5 84
249 0 6 88
249 0 7 72
249 0 9 86
249 0 10 81
249 0 11 88
249 4 0 80
249 4 1 89
249 4 2 95
249 4 3 93
249 4 6 86
249 4 7 95
249 4 9 85
249 4 11 90
249 8 0 99
249 8 2 94
249 8 3 86
249 8 5 104
249 8 7 91
249 8 8 86
249 8 10 104
249 8 11 103
249 9 0 97
249 9 1 92
249 9 2 84
249 9 3 102
249 9 4 89
249 9 5 84
249 9 10 102
249 9 11 101
249 14 0 77
249 14 1 86
249 14 2 92
249 14 3 90
249 14 4 83
249 14 5 92
249 14 6 82
249 14 11 87
250 4 0 76
250 4 1 67
250 4 2 78
250 4 3 72
250 4 6 72
250 4 7 82
250 4 9 71
250 4 11 82
250 10 0 75
250 10 4 84
250 10 5 90
250 10 6 88
250 10 7 81
250 10 9 90
250 10 10 80
250 10 11 85
250 13 0 97
250 13 1 87
250 13 2 94
250 13 3 92
250 13 4 83
250 13 5 90
250 13 9 88
250 13 11 83
250 14 0 79
250 14 1 88
250 14 2 94
250 14 3 92
250 14 4 85
250 14 5 94
250 14 6 84
250 14 11 89
251 7 0 76
251 7 3 67
251 7 6 78
251 7 7 72
251 7 8 72
251 7 9 82
251 7 10 71
251 7 11 82
251 12 0 61
251 12 4 72
251 12 6 60
251 12 7 60
251 12 8 61
251 12 9 62
251 12 10 62
251 12 11 69
251 13 0 78
251 13 1 69
251 13 2 80
251 13 3 74
251 13 4 74
251 13 5 84
251 13 9 73
251 13 11 84
251 14 0 72
251 14 1 63
251 14 2 74
251 14 3 68
251 14 4 68
251 14 5 78
251 14 6 67
251 14 11 78
252 1 0 26
252 1 1 29
252 1 2 29
252 1 4 27
252 1 7 26
252 1 8 29
252 1 10 31
252 1 11 30
252 4 0 33
252 4 1 29
252 4 2 34
252 4 3 31
252 4 6 31
252 4 7 36
252 4 9 31
252 4 11 36
252 8 0 25
252 8 2 28
252 8 3 28
252 8 5 26
252 8 7 25
252 8 8 28
252 8 10 30
252 8 11 29
253 3 0 42
253 3 1 47
253 3 3 39
253 3 5 47
253 3 6 44
253 3 7 39
253 3 8 47
253 3 10 46
253 7 0 47
253 7 3 52
253 7 6 44
253 7 7 52
253 7 8 49
253 7 9 44
253 7 10 52
253 7 11 51
253 14 0 36
253 14 1 36
253 14 2 42
253 14 3 40
253 14 4 42
253 14 5 42
253 14 6 41
253 14 11 37
254 0 0 73
254 0 3 64
254 0 5 75
254 0 6 69
254 0 7 69
254 0 9 79
254 0 10 68
254 0 11 79
254 5 0 72
254 5 1 81
254 5 2 87
254 5 5 85
254 5 6 78
254 5 8 87
254 5 9 77
254 5 10 82
254 7 0 78
254 7 3 87
254 7 6 93
254 7 7 91
254 7 8 84
254 7 9 93
254 7 10 83
254 7 11 88
254 10 0 76
254 10 4 85
254 10 5 91
254 10 6 89
254 10 7 82
254 10 9 91
254 10 10 81
254 10 11 86
254 12 0 79
254 12 4 70
254 12 6 81
254 12 7 75
254 12 8 75
254 12 9 85
254 12 10 74
254 12 11 85
255 1 0 76
255 1 1 67
255 1 2 78
255 1 4 72
255 1 7 72
255 1 8 82
255 1 10 71
255 1 11 82
255 4 0 75
255 4 1 84
255 4 2 90
255 4 3 88
255 4 6 81
255 4 7 90
255 4 9 80
255 4 11 85
255 6 1 97
255 6 2 87
255 6 3 94
255 6 5 92
255 6 6 83
255 6 7 90
255 6 9 88
255 6 11 83
255 11 1 79
255 11 3 88
255 11 4 94
255 11 5 92
255 11 6 85
255 11 7 94
255 11 8 84
255 11 11 89
255 12 0 72
255 12 4 81
255 12 6 87
255 12 7 85
255 12 8 78
255 12 9 87
255 12 10 77
255 12 11 82
256 0 0 79
256 0 3 70
256 0 5 81
256 0 6 75
256 0 7 75
256 0 9 85
256 0 10 74
256 0 11 85
256 1 0 64
256 1 1 75
256 1 2 63
256 1 4 63
256 1 7 64
256 1 8 65
256 1 10 65
256 1 11 72
256 2 0 88
256 2 2 87
256 2 5 84
256 2 6 88
256 2 7 72
256 2 8 86
256 2 9 81
256 2 10 88
256 7 0 75
256 7 3 66
256 7 6 77
256 7 7 71
256 7 8 71
256 7 9 81
256 7 10 70
256 7 11 81
256 14 0 75
256 14 1 66
256 14 2 77
256 14 3 71
256 14 4 71
256 14 5 81
256 14 6 70
256 14 11 81
257 10 0 73
257 10 4 64
257 10 5 75
257 10 6 69
257 10 7 69
257 10 9 79
257 10 10 68
257 10 11 79
257 11 1 72
257 11 3 81
257 11 4 87
257 11 5 85
257 11 6 78
257 11 7 87
257 11 8 77
257 11 11 82
257 12 0 78
257 12 4 87
257 12 6 93
257 12 7 91
257 12 8 84
257 12 9 93
257 12 10 83
257 12 11 88
258 0 0 12
258 0 3 10
258 0 5 12
258 0 6 11
258 0 7 11
258 0 9 13
258 0 10 11
258 0 11 13
258 2 0 9
258 2 2 9
258 2 5 9
258 2 6 10
258 2 7 9
258 2 8 9
258 2 9 11
258 2 10 10
258 5 0 12
258 5 1 10
258 5 2 12
258 5 5 11
258 5 6 11
258 5 8 13
258 5 9 11
258 5 10 13
258 10 0 11
258 10 4 9
258 10 5 11
258 10 6 10
258 10 7 10
258 10 9 12
258 10 10 10
258 10 11 12
258 11 1 11
258 11 3 9
258 11 4 11
258 11 5 10
258 11 6 10
258 11 7 12
258 11 8 10
258 11 11 12
259 0 0 55
259 0 3 58
259 0 5 58
259 0 6 56
259 0 7 55
259 0 9 58
259 0 10 60
259 0 11 59
259 5 0 57
259 5 1 68
259 5 2 56
259 5 5 56
259 5 6 57
259 5 8 58
259 5 9 58
259 5 10 65
259 7 0 61
259 7 3 72
259 7 6 60
259 7 7 60
259 7 8 61
259 7 9 62
259 7 10 62
259 7 11 69
259 14 0 59
259 14 1 62
259 14 2 62
259 14 3 60
259 14 4 59
259 14 5 62
259 14 6 64
259 14 11 63
260 7 0 99
260 7 3 96
260 7 6 105
260 7 7 91
260 7 8 99
260 7 9 93
260 7 10 107
260 7 11 100
260 8 0 99
260 8 2 94
260 8 3 86
260 8 5 104
260 8 7 91
260 8 8 86
260 8 10 104
260 8 11 103
260 14 0 78
260 14 1 87
260 14 2 93
260 14 3 91
260 14 4 84
260 14 5 93
260 14 6 83
260 14 11 88
261 0 0 37
261 0 3 33
261 0 5 38
261 0 6 35
261 0 7 35
261 0 9 40
261 0 10 35
261 0 11 40
261 2 0 33
261 2 2 29
261 2 5 34
261 2 6 31
261 2 7 31
261 2 8 36
261 2 9 31
261 2 10 36
261 5 0 38
261 5 1 34
261 5 2 39
261 5 5 36
261 5 6 36
261 5 8 41
261 5 9 36
261 5 10 41
261 6 1 35
261 6 2 31
261 6 3 36
261 6 5 33
261 6 6 33
261 6 7 38
261 6 9 33
261 6 11 38
261 8 0 35
261 8 2 31
261 8 3 36
261 8 5 33
261 8 7 33
261 8 8 38
261 8 10 33
261 8 11 38
262 3 0 58
262 3 1 61
262 3 3 61
262 3 5 59
262 3 6 58
262 3 7 61
262 3 8 63
262 3 10 62
262 5 0 56
262 5 1 67
262 5 2 55
262 5 5 55
262 5 6 56
262 5 8 57
262 5 9 57
262 5 10 64
262 13 0 56
262 13 1 67
262 13 2 55
262 13 3 55
262 13 4 56
262 13 5 57
262 13 9 57
262 13 11 64
263 6 1 77
263 6 2 68
263 6 3 79
263 6 5 73
263 6 6 73
263 6 7 83
263 6 9 72
263 6 11 83
263 12 0 62
263 12 4 73
263 12 6 61
263 12 7 61
263 12 8 62
263 12 9 63
263 12 10 63
263 12 11 70
263 14 0 79
263 14 1 70
263 14 2 81
263 14 3 75
263 14 4 75
263 14 5 85
263 14 6 74
263 14 11 85
264 1 0 76
264 1 1 67
264 1 2 78
264 1 4 72
264 1 7 72
264 1 8 82
264 1 10 71
264 1 11 82
264 9 0 61
264 9 1 72
264 9 2 60
264 9 3 60
264 9 4 61
264 9 5 62
264 9 10 62
264 9 11 69
264 12 0 78
264 12 4 69
264 12 6 80
264 12 7 74
264 12 8 74
264 12 9 84
264 12 10 73
264 12 11 84
264 13 0 72
264 13 1 63
264 13 2 74
264 13 3 68
264 13 4 68
264 13 5 78
264 13 9 67
264 13 11 78
265 7 0 74
265 7 3 65
265 7 6 76
265 7 7 70
265 7 8 70
265 7 9 80
265 7 10 69
265 7 11 80
265 9 0 73
265 9 1 82
265 9 2 88
265 9 3 86
265 9 4 79
265 9 5 88
265 9 10 78
265 9 11 83
265 13 0 79
265 13 1 88
265 13 2 94
265 13 3 92
265 13 4 85
265 13 5 94
265 13 9 84
265 13 11 89
266 2 0 76
266 2 2 67
266 2 5 78
266 2 6 72
266 2 7 72
266 2 8 82
266 2 9 71
266 2 10 82
266 6 1 61
266 6 2 72
266 6 3 60
266 6 5 60
266 6 6 61
266 6 7 62
266 6 9 62
266 6 11 69
266 12 0 78
266 12 4 69
266 12 6 80
266 12 7 74
266 12 8 74
266 12 9 84
266 12 10 73
266 12 11 84
266 13 0 72
266 13 1 63
266 13 2 74
266 13 3 68
266 13 4 68
266 13 5 78
266 13 9 67
266 13 11 78
266 14 0 72
266 14 1 63
266 14 2 74
266 14 3 68
266 14 4 68
266 14 5 78
266 14 6 67
266 14 11 78
267 4 0 18
267 4 1 16
267 4 2 18
267 4 3 17
267 4 6 17
267 4 7 19
267 4 9 17
267 4 11 19
267 5 0 16
267 5 1 14
267 5 2 16
267 5 5 15
267 5 6 15
267 5 8 17
267 5 9 15
267 5 10 17
267 6 1 18
267 6 2 16
267 6 3 18
267 6 5 17
267 6 6 17
267 6 7 19
267 6 9 17
267 6 11 19
267 13 0 17
267 13 1 15
267 13 2 17
267 13 3 16
267 13 4 16
267 13 5 18
267 13 9 16
267 13 11 18
268 2 0 40
268 2 2 45
268 2 5 37
268 2 6 45
268 2 7 42
268 2 8 37
268 2 9 45
268 2 10 44
268 9 0 45
268 9 1 50
268 9 2 42
268 9 3 50
268 9 4 47
268 9 5 42
268 9 10 50
268 9 11 49
268 10 0 38
268 10 4 34
268 10 5 39
268 10 6 36
268 10 7 36
268 10 9 41
268 10 10 36
268 10 11 41
268 12 0 45
268 12 4 50
268 12 6 42
268 12 7 50
268 12 8 47
268 12 9 42
268 12 10 50
268 12 11 49
268 14 0 42
268 14 1 47
268 14 2 39
268 14 3 47
268 14 4 44
268 14 5 39
268 14 6 47
268 14 11 46
269 1 0 46
269 1 1 51
269 1 2 43
269 1 4 51
269 1 7 48
269 1 8 43
269 1 10 51
269 1 11 50
269 5 0 52
269 5 1 55
269 5 2 55
269 5 5 53
269 5 6 52
269 5 8 55
269 5 9 57
269 5 10 56
269 10 0 43
269 10 4 48
269 10 5 40
269 10 6 48
269 10 7 45
269 10 9 40
269 10 10 48
269 10 11 47
269 14 0 52
269 14 1 55
269 14 2 55
269 14 3 53
269 14 4 52
269 14 5 55
269 14 6 57
269 14 11 56
270 0 0 75
270 0 3 66
270 0 5 77
270 0 6 71
270 0 7 71
270 0 9 81
270 0 10 70
270 0 11 81
270 2 0 74
270 2 2 83
270 2 5 89
270 2 6 87
270 2 7 80
270 2 8 89
270 2 9 79
270 2 10 84
270 3 0 80
270 3 1 89
270 3 3 95
270 3 5 93
270 3 6 86
270 3 7 95
270 3 8 85
270 3 10 90
270 13 0 78
270 13 1 87
270 13 2 93
270 13 3 91
270 13 4 84
270 13 5 93
270 13 9 83
270 13 11 88
270 14 0 88
270 14 1 87
270 14 2 84
270 14 3 88
270 14 4 72
270 14 5 86
270 14 6 81
270 14 11 88
271 0 0 99
271 0 3 96
271 0 5 106
271 0 6 102
271 0 7 91
271 0 9 94
271 0 10 94
271 0 11 101
271 2 0 101
271 2 2 96
271 2 5 88
271 2 6 106
271 2 7 93
271 2 8 88
271 2 9 106
271 2 10 105
271 8 0 80
271 8 2 89
271 8 3 95
271 8 5 93
271 8 7 86
271 8 8 95
271 8 10 85
271 8 11 90
271 10 0 104
271 10 4 101
271 10 5 111
271 10 6 107
271 10 7 96
271 10 9 99
271 10 10 99
271 10 11 106
271 13 0 98
271 13 1 93
271 13 2 85
271 13 3 103
271 13 4 90
271 13 5 85
271 13 9 103
271 13 11 102
272 3 0 73
272 3 1 64
272 3 3 75
272 3 5 69
272 3 6 69
272 3 7 79
272 3 8 68
272 3 10 79
272 4 0 72
272 4 1 81
272 4 2 87
272 4 3 85
272 4 6 78
272 4 7 87
272 4 9 77
272 4 11 82
272 5 0 78
272 5 1 87
272 5 2 93
272 5 5 91
272 5 6 84
272 5 8 93
272 5 9 83
272 5 10 88
272 9 0 76
272 9 1 85
272 9 2 91
272 9 3 89
272 9 4 82
272 9 5 91
272 9 10 81
272 9 11 86
272 12 0 79
272 12 4 70
272 12 6 81
272 12 7 75
272 12 8 75
272 12 9 85
272 12 10 74
272 12 11 85
273 2 0 21
273 2 2 24
273 2 5 24
273 2 6 22
273 2 7 21
273 2 8 24
273 2 9 26
273 2 10 25
273 4 0 24
273 4 1 27
273 4 2 27
273 4 3 25
273 4 6 24
273 4 7 27
273 4 9 29
273 4 11 28
273 6 1 24
273 6 2 27
273 6 3 27
273 6 5 25
273 6 6 24
273 6 7 27
273 6 9 29
273 6 11 28
273 7 0 22
273 7 3 25
273 7 6 25
273 7 7 23
273 7 8 22
273 7 9 25
273 7 10 27
273 7 11 26
273 11 1 21
273 11 3 24
273 11 4 24
273 11 5 22
273 11 6 21
273 11 7 24
273 11 8 26
273 11 11 25
274 2 0 18
274 2 2 16
274 2 5 18
274 2 6 17
274 2 7 17
274 2 8 19
274 2 9 17
274 2 10 19
274 6 1 16
274 6 2 14
274 6 3 16
274 6 5 15
274 6 6 15
274 6 7 17
274 6 9 15
274 6 11 17
274 11 1 18
274 11 3 16
274 11 4 18
274 11 5 17
274 11 6 17
274 11 7 19
274 11 8 17
274 11 11 19
274 12 0 17
274 12 4 15
274 12 6 17
274 12 7 16
274 12 8 16
274 12 9 18
274 12 10 16
274 12 11 18
274 13 0 17
274 13 1 15
274 13 2 17
274 13 3 16
274 13 4 16
274 13 5 18
274 13 9 16
274 13 11 18
275 0 0 57
275 0 3 60
275 0 5 60
275 0 6 58
275 0 7 57
275 0 9 60
275 0 10 62
275 0 11 61
275 1 0 55
275 1 1 62
275 1 2 66
275 1 4 59
275 1 7 64
275 1 8 56
275 1 10 54
275 1 11 64
275 4 0 55
275 4 1 62
275 4 2 66
275 4 3 59
275 4 6 64
275 4 7 56
275 4 9 54
275 4 11 64
275 8 0 58
275 8 2 61
275 8 3 61
275 8 5 59
275 8 7 58
275 8 8 61
275 8 10 63
275 8 11 62
275 10 0 57
275 10 4 60
275 10 5 60
275 10 6 58
275 10 7 57
275 10 9 60
275 10 10 62
275 10 11 61
276 2 0 43
276 2 2 48
276 2 5 40
276 2 6 48
276 2 7 45
276 2 8 40
276 2 9 48
276 2 10 47
276 4 0 48
276 4 1 53
276 4 2 45
276 4 3 53
276 4 6 50
276 4 7 45
276 4 9 53
276 4 11 52
276 6 1 40
276 6 2 45
276 6 3 37
276 6 5 45
276 6 6 42
276 6 7 37
276 6 9 45
276 6 11 44
276 9 0 48
276 9 1 53
276 9 2 45
276 9 3 53
276 9 4 50
276 9 5 45
276 9 10 53
276 9 11 52
276 12 0 45
276 12 4 50
276 12 6 42
276 12 7 50
276 12 8 47
276 12 9 42
276 12 10 50
276 12 11 49
277 0 0 79
277 0 3 70
277 0 5 81
277 0 6 75
277 0 7 75
277 0 9 85
277 0 10 74
277 0 11 85
277 4 0 64
277 4 1 75
277 4 2 63
277 4 3 63
277 4 6 64
277 4 7 65
277 4 9 65
277 4 11 72
277 7 0 88
277 7 3 87
277 7 6 84
277 7 7 88
277 7 8 72
277 7 9 86
277 7 10 81
277 7 11 88
277 9 0 75
277 9 1 66
277 9 2 77
277 9 3 71
277 9 4 71
277 9 5 81
277 9 10 70
277 9 11 81
278 0 0 56
278 0 3 67
278 0 5 55
278 0 6 55
278 0 7 56
278 0 9 57
278 0 10 57
278 0 11 64
278 2 0 73
278 2 2 64
278 2 5 75
278 2 6 69
278 2 7 69
278 2 8 79
278 2 9 68
278 2 10 79
278 6 1 55
278 6 2 62
278 6 3 66
278 6 5 59
278 6 6 64
278 6 7 56
278 6 9 54
278 6 11 64
279 0 0 77
279 0 3 68
279 0 5 79
279 0 6 73
279 0 7 73
279 0 9 83
279 0 10 72
279 0 11 83
279 9 0 62
279 9 1 73
279 9 2 61
279 9 3 61
279 9 4 62
279 9 5 63
279 9 10 63
279 9 11 70
279 13 0 79
279 13 1 70
279 13 2 81
279 13 3 75
279 13 4 75
279 13 5 85
279 13 9 74
279 13 11 85
280 1 0 79
280 1 1 70
280 1 2 81
280 1 4 75
280 1 7 75
280 1 8 85
280 1 10 74
280 1 11 85
280 2 0 64
280 2 2 75
280 2 5 63
280 2 6 63
280 2 7 64
280 2 8 65
280 2 9 65
280 2 10 72
280 11 1 88
280 11 3 87
280 11 4 84
280 11 5 88
280 11 6 72
280 11 7 86
280 11 8 81
280 11 11 88
281 0 0 51
281 0 3 54
281 0 5 54
281 0 6 52
281 0 7 51
281 0 9 54
281 0 10 56
281 0 11 55
281 3 0 54
281 3 1 57
281 3 3 57
281 3 5 55
281 3 6 54
281 3 7 57
281 3 8 59
281 3 10 58
281 4 0 54
281 4 1 57
281 4 2 57
281 4 3 55
281 4 6 54
281 4 7 57
281 4 9 59
281 4 11 58
282 6 1 100
282 6 2 97
282 6 3 107
282 6 5 103
282 6 6 92
282 6 7 95
282 6 9 95
282 6 11 102
282 7 0 102
282 7 3 97
282 7 6 89
282 7 7 107
282 7 8 94
282 7 9 89
282 7 10 107
282 7 11 106
282 12 0 97
282 12 4 87
282 12 6 94
282 12 7 92
282 12 8 83
282 12 9 90
282 12 10 88
282 12 11 83
282 14 0 105
282 14 1 102
282 14 2 112
282 14 3 108
282 14 4 97
282 14 5 100
282 14 6 100
282 14 11 107
283 1 0 41
283 1 1 46
283 1 2 38
283 1 4 46
283 1 7 43
283 1 8 38
283 1 10 46
283 1 11 45
283 2 0 46
283 2 2 51
283 2 5 43
283 2 6 51
283 2 7 48
283 2 8 43
283 2 9 51
283 2 10 50
283 5 0 39
283 5 1 35
283 5 2 40
283 5 5 37
283 5 6 37
283 5 8 42
283 5 9 37
283 5 10 42
283 13 0 46
283 13 1 51
283 13 2 43
283 13 3 51
283 13 4 48
283 13 5 43
283 13 9 51
283 13 11 50
284 2 0 21
284 2 2 24
284 2 5 24
284 2 6 22
284 2 7 21
284 2 8 24
284 2 9 26
284 2 10 25
284 4 0 24
284 4 1 27
284 4 2 27
284 4 3 25
284 4 6 24
284 4 7 27
284 4 9 29
284 4 11 28
284 12 0 24
284 12 4 27
284 12 6 27
284 12 7 25
284 12 8 24
284 12 9 27
284 12 10 29
284 12 11 28
284 14 0 22
284 14 1 25
284 14 2 25
284 14 3 23
284 14 4 22
284 14 5 25
284 14 6 27
284 14 11 26
285 3 0 76
285 3 1 67
285 3 3 78
285 3 5 72
285 3 6 72
285 3 7 82
285 3 8 71
285 3 10 82
285 6 1 61
285 6 2 72
285 6 3 60
285 6 5 60
285 6 6 61
285 6 7 62
285 6 9 62
285 6 11 69
285 8 0 78
285 8 2 69
285 8 3 80
285 8 5 74
285 8 7 74
285 8 8 84
285 8 10 73
285 8 11 84
285 10 0 72
285 10 4 63
285 10 5 74
285 10 6 68
285 10 7 68
285 10 9 78
285 10 10 67
285 10 11 78
285 12 0 72
285 12 4 63
285 12 6 74
285 12 7 68
285 12 8 68
285 12 9 78
285 12 10 67
285 12 11 78
286 1 0 19
286 1 1 17
286 1 2 19
286 1 4 18
286 1 7 18
286 1 8 20
286 1 10 18
286 1 11 20
286 5 0 19
286 5 1 22
286 5 2 22
286 5 5 20
286 5 6 19
286 5 8 22
286 5 9 24
286 5 10 23
286 8 0 19
286 8 2 22
286 8 3 22
286 8 5 20
286 8 7 19
286 8 8 22
286 8 10 24
286 8 11 23
287 0 0 19
287 0 3 22
287 0 5 22
287 0 6 20
287 0 7 19
287 0 9 22
287 0 10 24
287 0 11 23
287 4 0 22
287 4 1 25
287 4 2 25
287 4 3 23
287 4 6 22
287 4 7 25
287 4 9 27
287 4 11 26
287 10 0 22
287 10 4 25
287 10 5 25
287 10 6 23
287 10 7 22
287 10 9 25
287 10 10 27
287 10 11 26
287 11 1 20
287 11 3 23
287 11 4 23
287 11 5 21
287 11 6 20
287 11 7 23
287 11 8 25
287 11 11 24
287 12 0 19
287 12 4 22
287 12 6 22
287 12 7 20
287 12 8 19
287 12 9 22
287 12 10 24
287 12 11 23
288 0 0 20
288 0 3 23
288 0 5 23
288 0 6 21
288 0 7 20
288 0 9 23
288 0 10 25
288 0 11 24
288 6 1 23
288 6 2 26
288 6 3 26
288 6 5 24
288 6 6 23
288 6 7 26
288 6 9 28
288 6 11 27
288 7 0 23
288 7 3 26
288 7 6 26
288 7 7 24
288 7 8 23
288 7 9 26
288 7 10 28
288 7 11 27
288 12 0 21
288 12 4 24
288 12 6 24
288 12 7 22
288 12 8 21
288 12 9 24
288 12 10 26
288 12 11 25
289 1 0 33
289 1 1 29
289 1 2 34
289 1 4 31
289 1 7 31
289 1 8 36
289 1 10 31
289 1 11 36
289 4 0 26
289 4 1 29
289 4 2 29
289 4 3 27
289 4 6 26
289 4 7 29
289 4 9 31
289 4 11 30
289 13 0 34
289 13 1 30
289 13 2 35
289 13 3 32
289 13 4 32
289 13 5 37
289 13 9 32
289 13 11 37
290 3 0 33
290 3 1 29
290 3 3 34
290 3 5 31
290 3 6 31
290 3 7 36
290 3 8 31
290 3 10 36
290 7 0 26
290 7 3 29
290 7 6 29
290 7 7 27
290 7 8 26
290 7 9 29
290 7 10 31
290 7 11 30
290 10 0 34
290 10 4 30
290 10 5 35
290 10 6 32
290 10 7 32
290 10 9 37
290 10 10 32
290 10 11 37
291 1 0 55
291 1 1 62
291 1 2 66
291 1 4 59
291 1 7 64
291 1 8 56
291 1 10 54
291 1 11 64
291 9 0 72
291 9 1 63
291 9 2 74
291 9 3 68
291 9 4 68
291 9 5 78
291 9 10 67
291 9 11 78
291 10 0 59
291 10 4 62
291 10 5 62
291 10 6 60
291 10 7 59
291 10 9 62
291 10 10 64
291 10 11 63
291 14 0 59
291 14 1 62
291 14 2 62
291 14 3 60
291 14 4 59
291 14 5 62
291 14 6 64
291 14 11 63
292 7 0 22
292 7 3 22
292 7 6 19
292 7 7 22
292 7 8 19
292 7 9 19
292 7 10 22
292 7 11 21
292 9 0 20
292 9 1 23
292 9 2 23
292 9 3 21
292 9 4 20
292 9 5 23
292 9 10 25
292 9 11 24
292 11 1 20
292 11 3 23
292 11 4 23
292 11 5 21
292 11 6 20
292 11 7 23
292 11 8 25
292 11 11 24
293 2 0 36
293 2 2 36
293 2 5 42
293 2 6 40
293 2 7 42
293 2 8 42
293 2 9 41
293 2 10 37
293 5 0 44
293 5 1 49
293 5 2 41
293 5 5 49
293 5 6 46
293 5 8 41
293 5 9 49
293 5 10 48
293 9 0 37
293 9 1 33
293 9 2 38
293 9 3 35
293 9 4 35
293 9 5 40
293 9 10 35
293 9 11 40
293 13 0 44
293 13 1 49
293 13 2 41
293 13 3 49
293 13 4 46
293 13 5 41
293 13 9 49
293 13 11 48
294 1 0 19
294 1 1 17
294 1 2 19
294 1 4 18
294 1 7 18
294 1 8 20
294 1 10 18
294 1 11 20
294 8 0 17
294 8 2 15
294 8 3 17
294 8 5 16
294 8 7 16
294 8 8 18
294 8 10 16
294 8 11 18
294 9 0 19
294 9 1 17
294 9 2 19
294 9 3 18
294 9 4 18
294 9 5 20
294 9 10 18
294 9 11 20
294 11 1 18
294 11 3 16
294 11 4 18
294 11 5 17
294 11 6 17
294 11 7 19
294 11 8 17
294 11 11 19
295 1 0 57
295 1 1 60
295 1 2 60
295 1 4 58
295 1 7 57
295 1 8 60
295 1 10 62
295 1 11 61
295 5 0 63
295 5 1 74
295 5 2 62
295 5 5 62
295 5 6 63
295 5 8 64
295 5 9 64
295 5 10 71
295 8 0 56
295 8 2 59
295 8 3 59
295 8 5 57
295 8 7 56
295 8 8 59
295 8 10 61
295 8 11 60
295 11 1 56
295 11 3 59
295 11 4 59
295 11 5 57
295 11 6 56
295 11 7 59
295 11 8 61
295 11 11 60
296 1 0 45
296 1 1 50
296 1 2 42
296 1 4 50
296 1 7 47
296 1 8 42
296 1 10 50
296 1 11 49
296 8 0 51
296 8 2 54
296 8 3 54
296 8 5 52
296 8 7 51
296 8 8 54
296 8 10 56
296 8 11 55
296 14 0 42
296 14 1 47
296 14 2 39
296 14 3 47
296 14 4 44
296 14 5 39
296 14 6 47
296 14 11 46
297 3 0 58
297 3 1 61
297 3 3 61
297 3 5 59
297 3 6 58
297 3 7 61
297 3 8 63
297 3 10 62
297 4 0 56
297 4 1 67
297 4 2 55
297 4 3 55
297 4 6 56
297 4 7 57
297 4 9 57
297 4 11 64
297 7 0 56
297 7 3 67
297 7 6 55
297 7 7 55
297 7 8 56
297 7 9 57
297 7 10 57
297 7 11 64
297 9 0 59
297 9 1 62
297 9 2 62
297 9 3 60
297 9 4 59
297 9 5 62
297 9 10 64
297 9 11 63
298 0 0 31
298 0 3 27
298 0 5 32
298 0 6 29
298 0 7 29
298 0 9 34
298 0 10 29
298 0 11 34
298 3 0 24
298 3 1 27
298 3 3 27
298 3 5 25
298 3 6 24
298 3 7 27
298 3 8 29
298 3 10 28
298 6 1 32
298 6 2 28
298 6 3 33
298 6 5 30
298 6 6 30
298 6 7 35
298 6 9 30
298 6 11 35
298 11 1 26
298 11 3 29
298 11 4 29
298 11 5 27
298 11 6 26
298 11 7 29
298 11 8 31
298 11 11 30
298 13 0 26
298 13 1 29
298 13 2 29
298 13 3 27
298 13 4 26
298 13 5 29
298 13 9 31
298 13 11 30
299 0 0 22
299 0 3 25
299 0 5 25
299 0 6 23
299 0 7 22
299 0 9 25
299 0 10 27
299 0 11 26
299 4 0 25
299 4 1 28
299 4 2 28
299 4 3 26
299 4 6 25
299 4 7 28
299 4 9 30
299 4 11 29
299 10 0 25
299 10 4 28
299 10 5 28
299 10 6 26
299 10 7 25
299 10 9 28
299 10 10 30
299 10 11 29
299 11 1 23
299 11 3 26
299 11 4 26
299 11 5 24
299 11 6 23
299 11 7 26
299 11 8 28
299 11 11 27
300 0 0 59
300 0 3 62
300 0 5 62
300 0 6 60
300 0 7 59
300 0 9 62
300 0 10 64
300 0 11 63
300 2 0 72
300 2 2 72
300 2 5 69
300 2 6 67
300 2 7 69
300 2 8 69
300 2 9 77
300 2 10 76
300 6 1 58
300 6 2 61
300 6 3 61
300 6 5 59
300 6 6 58
300 6 7 61
300 6 9 63
300 6 11 62
300 7 0 58
300 7 3 61
300 7 6 61
300 7 7 59
300 7 8 58
300 7 9 61
300 7 10 63
300 7 11 62
300 11 1 59
300 11 3 62
300 11 4 62
300 11 5 60
300 11 6 59
300 11 7 62
300 11 8 64
300 11 11 63
301 6 1 18
301 6 2 16
301 6 3 18
301 6 5 17
301 6 6 17
301 6 7 19
301 6 9 17
301 6 11 19
301 9 0 18
301 9 1 21
301 9 2 21
301 9 3 19
301 9 4 18
301 9 5 21
301 9 10 23
301 9 11 22
301 10 0 18
301 10 4 21
301 10 5 21
301 10 6 19
301 10 7 18
301 10 9 21
301 10 10 23
301 10 11 22
302 2 0 99
302 2 2 96
302 2 5 106
302 2 6 102
302 2 7 91
302 2 8 94
302 2 9 94
302 2 10 101
302 7 0 101
302 7 3 96
302 7 6 88
302 7 7 106
302 7 8 93
302 7 9 88
302 7 10 106
302 7 11 105
302 8 0 80
302 8 2 89
302 8 3 95
302 8 5 93
302 8 7 86
302 8 8 95
302 8 10 85
302 8 11 90
302 11 1 104
302 11 3 101
302 11 4 111
302 11 5 107
302 11 6 96
302 11 7 99
302 11 8 99
302 11 11 106
302 12 0 98
302 12 4 93
302 12 6 85
302 12 7 103
302 12 8 90
302 12 9 85
302 12 10 103
302 12 11 102
303 1 0 21
303 1 1 24
303 1 2 24
303 1 4 22
303 1 7 21
303 1 8 24
303 1 10 26
303 1 11 25
303 3 0 24
303 3 1 27
303 3 3 27
303 3 5 25
303 3 6 24
303 3 7 27
303 3 8 29
303 3 10 28
303 13 0 24
303 13 1 27
303 13 2 27
303 13 3 25
303 13 4 24
303 13 5 27
303 13 9 29
303 13 11 28
304 0 0 18
304 0 3 21
304 0 5 21
304 0 6 19
304 0 7 18
304 0 9 21
304 0 10 23
304 0 11 22
304 9 0 21
304 9 1 24
304 9 2 24
304 9 3 22
304 9 4 21
304 9 5 24
304 9 10 26
304 9 11 25
304 11 1 21
304 11 3 24
304 11 4 24
304 11 5 22
304 11 6 21
304 11 7 24
304 11 8 26
304 11 11 25
305 1 0 26
305 1 1 29
305 1 2 29
305 1 4 27
305 1 7 26
305 1 8 29
305 1 10 31
305 1 11 30
305 11 1 33
305 11 3 29
305 11 4 34
305 11 5 31
305 11 6 31
305 11 7 36
305 11 8 31
305 11 11 36
305 14 0 25
305 14 1 28
305 14 2 28
305 14 3 26
305 14 4 25
305 14 5 28
305 14 6 30
305 14 11 29
306 7 0 56
306 7 3 59
306 7 6 59
306 7 7 57
306 7 8 56
306 7 9 59
306 7 10 61
306 7 11 60
306 10 0 59
306 10 4 62
306 10 5 62
306 10 6 60
306 10 7 59
306 10 9 62
306 10 10 64
306 10 11 63
306 13 0 59
306 13 1 62
306 13 2 62
306 13 3 60
306 13 4 59
306 13 5 62
306 13 9 64
306 13 11 63
307 0 0 57
307 0 3 60
307 0 5 60
307 0 6 58
307 0 7 57
307 0 9 60
307 0 10 62
307 0 11 61
307 3 0 55
307 3 1 62
307 3 3 66
307 3 5 59
307 3 6 64
307 3 7 56
307 3 8 54
307 3 10 64
307 4 0 55
307 4 1 62
307 4 2 66
307 4 3 59
307 4 6 64
307 4 7 56
307 4 9 54
307 4 11 64
307 6 1 58
307 6 2 61
307 6 3 61
307 6 5 59
307 6 6 58
307 6 7 61
307 6 9 63
307 6 11 62
307 14 0 57
307 14 1 60
307 14 2 60
307 14 3 58
307 14 4 57
307 14 5 60
307 14 6 62
307 14 11 61
308 3 0 52
308 3 1 55
308 3 3 55
308 3 5 53
308 3 6 52
308 3 7 55
308 3 8 57
308 3 10 56
308 9 0 55
308 9 1 58
308 9 2 58
308 9 3 56
308 9 4 55
308 9 5 58
308 9 10 60
308 9 11 59
308 10 0 55
308 10 4 58
308 10 5 58
308 10 6 56
308 10 7 55
308 10 9 58
308 10 10 60
308 10 11 59
308 11 1 53
308 11 3 56
308 11 4 56
308 11 5 54
308 11 6 53
308 11 7 56
308 11 8 58
308 11 11 57
309 2 0 99
309 2 2 96
309 2 5 105
309 2 6 91
309 2 7 99
309 2 8 93
309 2 9 107
309 2 10 100
309 4 0 99
309 4 1 94
309 4 2 86
309 4 3 104
309 4 6 91
309 4 7 86
309 4 9 104
309 4 11 103
309 7 0 78
309 7 3 87
309 7 6 93
309 7 7 91
309 7 8 84
309 7 9 93
309 7 10 83
309 7 11 88
309 11 1 102
309 11 3 99
309 11 4 109
309 11 5 105
309 11 6 94
309 11 7 97
309 11 8 97
309 11 11 104
309 14 0 96
309 14 1 91
309 14 2 83
309 14 3 101
309 14 4 88
309 14 5 83
309 14 6 101
309 14 11 100
310 4 0 18
310 4 1 16
310 4 2 18
310 4 3 17
310 4 6 17
310 4 7 19
310 4 9 17
310 4 11 19
310 10 0 16
310 10 4 14
310 10 5 16
310 10 6 15
310 10 7 15
310 10 9 17
310 10 10 15
310 10 11 17
310 12 0 18
310 12 4 16
310 12 6 18
310 12 7 17
310 12 8 17
310 12 9 19
310 12 10 17
310 12 11 19
311 9 0 32
311 9 1 28
311 9 2 33
311 9 3 30
311 9 4 30
311 9 5 35
311 9 10 30
311 9 11 35
311 10 0 25
311 10 4 28
311 10 5 28
311 10 6 26
311 10 7 25
311 10 9 28
311 10 10 30
311 10 11 29
311 12 0 33
311 12 4 29
311 12 6 34
311 12 7 31
311 12 8 31
311 12 9 36
311 12 10 31
311 12 11 36
311 14 0 29
311 14 1 33
311 14 2 28
311 14 3 28
311 14 4 29
311 14 5 30
311 14 6 30
311 14 11 30
312 1 0 43
312 1 1 48
312 1 2 40
312 1 4 48
312 1 7 45
312 1 8 40
312 1 10 48
312 1 11 47
312 2 0 48
312 2 2 53
312 2 5 45
312 2 6 53
312 2 7 50
312 2 8 45
312 2 9 53
312 2 10 52
312 7 0 40
312 7 3 45
312 7 6 37
312 7 7 45
312 7 8 42
312 7 9 37
312 7 10 45
312 7 11 44
312 10 0 48
312 10 4 53
312 10 5 45
312 10 6 53
312 10 7 50
312 10 9 45
312 10 10 53
312 10 11 52
312 14 0 45
312 14 1 50
312 14 2 42
312 14 3 50
312 14 4 47
312 14 5 42
312 14 6 50
312 14 11 49
313 0 0 98
313 0 3 95
313 0 5 105
313 0 6 101
313 0 7 90
313 0 9 93
313 0 10 93
313 0 11 100
313 1 0 100
313 1 1 95
313 1 2 87
313 1 4 105
313 1 7 92
313 1 8 87
313 1 10 105
313 1 11 104
313 3 0 79
313 3 1 88
313 3 3 94
313 3 5 92
313 3 6 85
313 3 7 94
313 3 8 84
313 3 10 89
313 5 0 103
313 5 1 100
313 5 2 110
313 5 5 106
313 5 6 95
313 5 8 98
313 5 9 98
313 5 10 105
314 0 0 47
314 0 3 52
314 0 5 44
314 0 6 52
314 0 7 49
314 0 9 44
314 0 10 52
314 0 11 51
314 3 0 53
314 3 1 56
314 3 3 56
314 3 5 54
314 3 6 53
314 3 7 56
314 3 8 58
314 3 10 57
314 7 0 44
314 7 3 49
314 7 6 41
314 7 7 49
314 7 8 46
314 7 9 41
314 7 10 49
314 7 11 48
314 8 0 53
314 8 2 56
314 8 3 56
314 8 5 54
314 8 7 53
314 8 8 56
314 8 10 58
314 8 11 57
314 9 0 53
314 9 1 50
314 9 2 49
314 9 3 45
314 9 4 45
314 9 5 48
314 9 10 48
314 9 11 55
315 6 1 15
315 6 2 13
315 6 3 15
315 6 5 14
315 6 6 14
315 6 7 16
315 6 9 14
315 6 11 16
315 7 0 13
315 7 3 11
315 7 6 13
315 7 7 12
315 7 8 12
315 7 9 14
315 7 10 12
315 7 11 14
315 12 0 15
315 12 4 13
315 12 6 15
315 12 7 14
315 12 8 14
315 12 9 16
315 12 10 14
315 12 11 16
316 1 0 40
316 1 1 45
316 1 2 37
316 1 4 45
316 1 7 42
316 1 8 37
316 1 10 45
316 1 11 44
316 3 0 45
316 3 1 50
316 3 3 42
316 3 5 50
316 3 6 47
316 3 7 42
316 3 8 50
316 3 10 49
316 5 0 38
316 5 1 34
316 5 2 39
316 5 5 36
316 5 6 36
316 5 8 41
316 5 9 36
316 5 10 41
316 12 0 45
316 12 4 50
316 12 6 42
316 12 7 50
316 12 8 47
316 12 9 42
316 12 10 50
316 12 11 49
317 0 0 33
317 0 3 29
317 0 5 34
317 0 6 31
317 0 7 31
317 0 9 36
317 0 10 31
317 0 11 36
317 1 0 26
317 1 1 29
317 1 2 29
317 1 4 27
317 1 7 26
317 1 8 29
317 1 10 31
317 1 11 30
317 14 0 34
317 14 1 30
317 14 2 35
317 14 3 32
317 14 4 32
317 14 5 37
317 14 6 32
317 14 11 37
318 6 1 99
318 6 2 96
318 6 3 106
318 6 5 102
318 6 6 91
318 6 7 94
318 6 9 94
318 6 11 101
318 12 0 101
318 12 4 96
318 12 6 88
318 12 7 106
318 12 8 93
318 12 9 88
318 12 10 106
318 12 11 105
318 14 0 80
318 14 1 89
318 14 2 95
318 14 3 93
318 14 4 86
318 14 5 95
318 14 6 85
318 14 11 90
319 2 0 55
319 2 2 62
319 2 5 66
319 2 6 59
319 2 7 64
319 2 8 56
319 2 9 54
319 2 10 64
319 4 0 72
319 4 1 63
319 4 2 74
319 4 3 68
319 4 6 68
319 4 7 78
319 4 9 67
319 4 11 78
319 9 0 59
319 9 1 62
319 9 2 62
319 9 3 60
319 9 4 59
319 9 5 62
319 9 10 64
319 9 11 63
319 11 1 59
319 11 3 62
319 11 4 62
319 11 5 60
319 11 6 59
319 11 7 62
319 11 8 64
319 11 11 63
320 7 0 52
320 7 3 55
320 7 6 55
320 7 7 53
320 7 8 52
320 7 9 55
320 7 10 57
320 7 11 56
320 9 0 55
320 9 1 58
320 9 2 58
320 9 3 56
320 9 4 55
320 9 5 58
320 9 10 60
320 9 11 59
320 10 0 55
320 10 4 58
320 10 5 58
320 10 6 56
320 10 7 55
320 10 9 58
320 10 10 60
320 10 11 59
320 13 0 53
320 13 1 56
320 13 2 56
320 13 3 54
320 13 4 53
320 13 5 56
320 13 9 58
320 13 11 57
321 4 0 36
321 4 1 32
321 4 2 37
321 4 3 34
321 4 6 34
321 4 7 39
321 4 9 34
321 4 11 39
321 8 0 36
321 8 2 32
321 8 3 37
321 8 5 34
321 8 7 34
321 8 8 39
321 8 10 34
321 8 11 39
321 11 1 41
321 11 3 46
321 11 4 38
321 11 5 46
321 11 6 43
321 11 7 38
321 11 8 46
321 11 11 45
322 3 0 19
322 3 1 17
322 3 3 19
322 3 5 18
322 3 6 18
322 3 7 20
322 3 8 18
322 3 10 20
322 4 0 19
322 4 1 22
322 4 2 22
322 4 3 20
322 4 6 19
322 4 7 22
322 4 9 24
322 4 11 23
322 8 0 19
322 8 2 22
322 8 3 22
322 8 5 20
322 8 7 19
322 8 8 22
322 8 10 24
322 8 11 23
322 13 0 22
322 13 1 22
322 13 2 19
322 13 3 22
322 13 4 19
322 13 5 19
322 13 9 22
322 13 11 21
323 1 0 39
323 1 1 35
323 1 2 40
323 1 4 37
323 1 7 37
323 1 8 42
323 1 10 37
323 1 11 42
323 2 0 35
323 2 2 31
323 2 5 36
323 2 6 33
323 2 7 33
323 2 8 38
323 2 9 33
323 2 10 38
323 6 1 36
323 6 2 36
323 6 3 42
323 6 5 40
323 6 6 42
323 6 7 42
323 6 9 41
323 6 11 37
323 10 0 37
323 10 4 33
323 10 5 38
323 10 6 35
323 10 7 35
323 10 9 40
323 10 10 35
323 10 11 40
324 1 0 13
324 1 1 11
324 1 2 13
324 1 4 12
324 1 7 12
324 1 8 14
324 1 10 12
324 1 11 14
324 2 0 11
324 2 2 9
324 2 5 11
324 2 6 10
324 2 7 10
324 2 8 12
324 2 9 10
324 2 10 12
324 3 0 13
324 3 1 11
324 3 3 13
324 3 5 12
324 3 6 12
324 3 7 14
324 3 8 12
324 3 10 14
324 6 1 12
324 6 2 10
324 6 3 12
324 6 5 11
324 6 6 11
324 6 7 13
324 6 9 11
324 6 11 13
324 8 0 12
324 8 2 10
324 8 3 12
324 8 5 11
324 8 7 11
324 8 8 13
324 8 10 11
324 8 11 13
325 0 0 31
325 0 3 27
325 0 5 32
325 0 6 29
325 0 7 29
325 0 9 34
325 0 10 29
325 0 11 34
325 7 0 24
325 7 3 27
325 7 6 27
325 7 7 25
325 7 8 24
325 7 9 27
325 7 10 29
325 7 11 28
325 11 1 32
325 11 3 28
325 11 4 33
325 11 5 30
325 11 6 30
325 11 7 35
325 11 8 30
325 11 11 35
325 14 0 26
325 14 1 29
325 14 2 29
325 14 3 27
325 14 4 26
325 14 5 29
325 14 6 31
325 14 11 30
326 3 0 26
326 3 1 29
326 3 3 29
326 3 5 27
326 3 6 26
326 3 7 29
326 3 8 31
326 3 10 30
326 6 1 33
326 6 2 29
326 6 3 34
326 6 5 31
326 6 6 31
326 6 7 36
326 6 9 31
326 6 11 36
326 10 0 25
326 10 4 28
326 10 5 28
326 10 6 26
326 10 7 25
326 10 9 28
326 10 10 30
326 10 11 29
326 13 0 25
326 13 1 28
326 13 2 28
326 13 3 26
326 13 4 25
326 13 5 28
326 13 9 30
326 13 11 29
327 1 0 37
327 1 1 33
327 1 2 38
327 1 4 35
327 1 7 35
327 1 8 40
327 1 10 35
327 1 11 40
327 8 0 33
327 8 2 29
327 8 3 34
327 8 5 31
327 8 7 31
327 8 8 36
327 8 10 31
327 8 11 36
327 9 0 38
327 9 1 34
327 9 2 39
327 9 3 36
327 9 4 36
327 9 5 41
327 9 10 36
327 9 11 41
327 10 0 35
327 10 4 31
327 10 5 36
327 10 6 33
327 10 7 33
327 10 9 38
327 10 10 33
327 10 11 38
327 12 0 35
327 12 4 31
327 12 6 36
327 12 7 33
327 12 8 33
327 12 9 38
327 12 10 33
327 12 11 38
328 0 0 56
328 0 3 59
328 0 5 59
328 0 6 57
328 0 7 56
328 0 9 59
328 0 10 61
328 0 11 60
328 2 0 59
328 2 2 62
328 2 5 62
328 2 6 60
328 2 7 59
328 2 8 62
328 2 9 64
328 2 10 63
328 4 0 59
328 4 1 62
328 4 2 62
328 4 3 60
328 4 6 59
328 4 7 62
328 4 9 64
328 4 11 63
328 11 1 57
328 11 3 60
328 11 4 60
328 11 5 58
328 11 6 57
328 11 7 60
328 11 8 62
328 11 11 61
329 4 0 15
329 4 1 13
329 4 2 15
329 4 3 14
329 4 6 14
329 4 7 16
329 4 9 14
329 4 11 16
329 5 0 13
329 5 1 11
329 5 2 13
329 5 5 12
329 5 6 12
329 5 8 14
329 5 9 12
329 5 10 14
329 10 0 15
329 10 4 13
329 10 5 15
329 10 6 14
329 10 7 14
329 10 9 16
329 10 10 14
329 10 11 16
329 14 0 14
329 14 1 12
329 14 2 14
329 14 3 13
329 14 4 13
329 14 5 15
329 14 6 13
329 14 11 15
330 0 0 11
330 0 3 9
330 0 5 11
330 0 6 10
330 0 7 10
330 0 9 12
330 0 10 10
330 0 11 12
330 3 0 9
330 3 1 8
330 3 3 9
330 3 5 8
330 3 6 8
330 3 7 9
330 3 8 8
330 3 10 9
330 7 0 11
330 7 3 9
330 7 6 11
330 7 7 10
330 7 8 10
330 7 9 12
330 7 10 10
330 7 11 12
330 10 0 9
330 10 4 9
330 10 5 9
330 10 6 10
330 10 7 9
330 10 9 9
330 10 10 11
330 10 11 10
330 13 0 9
330 13 1 9
330 13 2 9
330 13 3 10
330 13 4 9
330 13 5 9
330 13 9 11
330 13 11 10
331 2 0 11
331 2 2 9
331 2 5 11
331 2 6 10
331 2 7 10
331 2 8 12
331 2 9 10
331 2 10 12
331 5 0 9
331 5 1 8
331 5 2 9
331 5 5 8
331 5 6 8
331 5 8 9
331 5 9 8
331 5 10 9
331 8 0 11
331 8 2 9
331 8 3 11
331 8 5 10
331 8 7 10
331 8 8 12
331 8 10 10
331 8 11 12
331 12 0 9
331 12 4 9
331 12 6 9
331 12 7 10
331 12 8 9
331 12 9 9
331 12 10 11
331 12 11 10
332 1 0 100
332 1 1 97
332 1 2 107
332 1 4 103
332 1 7 92
332 1 8 95
332 1 10 95
332 1 11 102
332 6 1 102
332 6 2 97
332 6 3 89
332 6 5 107
332 6 6 94
332 6 7 89
332 6 9 107
332 6 11 106
332 9 0 97
332 9 1 87
332 9 2 94
332 9 3 92
332 9 4 83
332 9 5 90
332 9 10 88
332 9 11 83
332 12 0 105
332 12 4 102
332 12 6 112
332 12 7 108
332 12 8 97
332 12 9 100
332 12 10 100
332 12 11 107
332 14 0 99
332 14 1 94
332 14 2 86
332 14 3 104
332 14 4 91
332 14 5 86
332 14 6 104
332 14 11 103
333 0 0 32
333 0 3 28
333 0 5 33
333 0 6 30
333 0 7 30
333 0 9 35
333 0 10 30
333 0 11 35
333 2 0 25
333 2 2 28
333 2 5 28
333 2 6 26
333 2 7 25
333 2 8 28
333 2 9 30
333 2 10 29
333 5 0 33
333 5 1 29
333 5 2 34
333 5 5 31
333 5 6 31
333 5 8 36
333 5 9 31
333 5 10 36
333 7 0 29
333 7 3 33
333 7 6 28
333 7 7 28
333 7 8 29
333 7 9 30
333 7 10 30
333 7 11 30
333 9 0 29
333 9 1 33
333 9 2 28
333 9 3 28
333 9 4 29
333 9 5 30
333 9 10 30
333 9 11 30
334 0 0 23
334 0 3 26
334 0 5 26
334 0 6 24
334 0 7 23
334 0 9 26
334 0 10 28
334 0 11 27
334 4 0 26
334 4 1 29
334 4 2 29
334 4 3 27
334 4 6 26
334 4 7 29
334 4 9 31
334 4 11 30
334 7 0 26
334 7 3 29
334 7 6 29
334 7 7 27
334 7 8 26
334 7 9 29
334 7 10 31
334 7 11 30
334 8 0 24
334 8 2 27
334 8 3 27
334 8 5 25
334 8 7 24
334 8 8 27
334 8 10 29
334 8 11 28
334 9 0 23
334 9 1 26
334 9 2 26
334 9 3 24
334 9 4 23
334 9 5 26
334 9 10 28
334 9 11 27
335 1 0 103
335 1 1 98
335 1 2 90
335 1 4 108
335 1 7 95
335 1 8 90
335 1 10 108
335 1 11 107
335 7 0 98
335 7 3 93
335 7 6 85
335 7 7 103
335 7 8 90
335 7 9 85
335 7 10 103
335 7 11 102
335 9 0 77
335 9 1 86
335 9 2 92
335 9 3 90
335 9 4 83
335 9 5 92
335 9 10 82
335 9 11 87
336 0 0 52
336 0 3 55
336 0 5 55
336 0 6 53
336 0 7 52
336 0 9 55
336 0 10 57
336 0 11 56
336 3 0 55
336 3 1 58
336 3 3 58
336 3 5 56
336 3 6 55
336 3 7 58
336 3 8 60
336 3 10 59
336 9 0 55
336 9 1 58
336 9 2 58
336 9 3 56
336 9 4 55
336 9 5 58
336 9 10 60
336 9 11 59
336 10 0 53
336 10 4 56
336 10 5 56
336 10 6 54
336 10 7 53
336 10 9 56
336 10 10 58
336 10 11 57
337 0 0 37
337 0 3 33
337 0 5 38
337 0 6 35
337 0 7 35
337 0 9 40
337 0 10 35
337 0 11 40
337 1 0 33
337 1 1 29
337 1 2 34
337 1 4 31
337 1 7 31
337 1 8 36
337 1 10 31
337 1 11 36
337 7 0 38
337 7 3 34
337 7 6 39
337 7 7 36
337 7 8 36
337 7 9 41
337 7 10 36
337 7 11 41
337 9 0 35
337 9 1 31
337 9 2 36
337 9 3 33
337 9 4 33
337 9 5 38
337 9 10 33
337 9 11 38
337 10 0 35
337 10 4 31
337 10 5 36
337 10 6 33
337 10 7 33
337 10 9 38
337 10 10 33
337 10 11 38
338 4 0 75
338 4 1 66
338 4 2 77
338 4 3 71
338 4 6 71
338 4 7 81
338 4 9 70
338 4 11 81
338 7 0 74
338 7 3 83
338 7 6 89
338 7 7 87
338 7 8 80
338 7 9 89
338 7 10 79
338 7 11 84
338 9 0 80
338 9 1 89
338 9 2 95
338 9 3 93
338 9 4 86
338 9 5 95
338 9 10 85
338 9 11 90
338 10 0 78
338 10 4 87
338 10 5 93
338 10 6 91
338 10 7 84
338 10 9 93
338 10 10 83
338 10 11 88
338 14 0 88
338 14 1 87
338 14 2 84
338 14 3 88
338 14 4 72
338 14 5 86
338 14 6 81
338 14 11 88
339 0 0 47
339 0 3 52
339 0 5 44
339 0 6 52
339 0 7 49
339 0 9 44
339 0 10 52
339 0 11 51
339 1 0 53
339 1 1 56
339 1 2 56
339 1 4 54
339 1 7 53
339 1 8 56
339 1 10 58
339 1 11 57
339 8 0 44
339 8 2 49
339 8 3 41
339 8 5 49
339 8 7 46
339 8 8 41
339 8 10 49
339 8 11 48
339 10 0 53
339 10 4 56
339 10 5 56
339 10 6 54
339 10 7 53
339 10 9 56
339 10 10 58
339 10 11 57
340 2 0 101
340 2 2 96
340 2 5 88
340 2 6 106
340 2 7 93
340 2 8 88
340 2 9 106
340 2 10 105
340 5 0 96
340 5 1 91
340 5 2 83
340 5 5 101
340 5 6 88
340 5 8 83
340 5 9 101
340 5 10 100
340 6 1 75
340 6 2 84
340 6 3 90
340 6 5 88
340 6 6 81
340 6 7 90
340 6 9 80
340 6 11 85
341 4 0 9
341 4 1 8
341 4 2 9
341 4 3 8
341 4 6 8
341 4 7 9
341 4 9 8
341 4 11 9
341 8 0 9
341 8 2 8
341 8 3 9
341 8 5 8
341 8 7 8
341 8 8 9
341 8 10 8
341 8 11 9
341 9 0 9
341 9 1 8
341 9 2 9
341 9 3 8
341 9 4 8
341 9 5 9
341 9 10 8
341 9 11 9
342 2 0 20
342 2 2 23
342 2 5 23
342 2 6 21
342 2 7 20
342 2 8 23
342 2 9 25
342 2 10 24
342 4 0 23
342 4 1 26
342 4 2 26
342 4 3 24
342 4 6 23
342 4 7 26
342 4 9 28
342 4 11 27
342 12 0 23
342 12 4 26
342 12 6 26
342 12 7 24
342 12 8 23
342 12 9 26
342 12 10 28
342 12 11 27
343 6 1 36
343 6 2 32
343 6 3 37
343 6 5 34
343 6 6 34
343 6 7 39
343 6 9 34
343 6 11 39
343 7 0 32
343 7 3 28
343 7 6 33
343 7 7 30
343 7 8 30
343 7 9 35
343 7 10 30
343 7 11 35
343 10 0 37
343 10 4 33
343 10 5 38
343 10 6 35
343 10 7 35
343 10 9 40
343 10 10 35
343 10 11 40
343 12 0 34
343 12 4 30
343 12 6 35
343 12 7 32
343 12 8 32
343 12 9 37
343 12 10 32
343 12 11 37
343 13 0 34
343 13 1 30
343 13 2 35
343 13 3 32
343 13 4 32
343 13 5 37
343 13 9 32
343 13 11 37
344 1 0 17
344 1 1 15
344 1 2 17
344 1 4 16
344 1 7 16
344 1 8 18
344 1 10 16
344 1 11 18
344 3 0 15
344 3 1 13
344 3 3 15
344 3 5 14
344 3 6 14
344 3 7 16
344 3 8 14
344 3 10 16
344 9 0 17
344 9 1 15
344 9 2 17
344 9 3 16
344 9 4 16
344 9 5 18
344 9 10 16
344 9 11 18
344 12 0 16
344 12 4 14
344 12 6 16
344 12 7 15
344 12 8 15
344 12 9 17
344 12 10 15
344 12 11 17
344 14 0 16
344 14 1 14
344 14 2 16
344 14 3 15
344 14 4 15
344 14 5 17
344 14 6 15
344 14 11 17
345 2 0 76
345 2 2 67
345 2 5 78
345 2 6 72
345 2 7 72
345 2 8 82
345 2 9 71
345 2 10 82
345 3 0 61
345 3 1 72
345 3 3 60
345 3 5 60
345 3 6 61
345 3 7 62
345 3 8 62
345 3 10 69
345 4 0 78
345 4 1 69
345 4 2 80
345 4 3 74
345 4 6 74
345 4 7 84
345 4 9 73
345 4 11 84
345 9 0 72
345 9 1 63
345 9 2 74
345 9 3 68
345 9 4 68
345 9 5 78
345 9 10 67
345 9 11 78
345 13 0 72
345 13 1 63
345 13 2 74
345 13 3 68
345 13 4 68
345 13 5 78
345 13 9 67
345 13 11 78
346 4 0 103
346 4 1 98
346 4 2 90
346 4 3 108
346 4 6 95
346 4 7 90
346 4 9 108
346 4 11 107
346 5 0 100
346 5 1 95
346 5 2 87
346 5 5 105
346 5 6 92
346 5 8 87
346 5 9 105
346 5 10 104
346 8 0 102
346 8 2 99
346 8 3 109
346 8 5 105
346 8 7 94
346 8 8 97
346 8 10 97
346 8 11 104
346 9 0 95
346 9 1 90
346 9 2 82
346 9 3 100
346 9 4 87
346 9 5 82
346 9 10 100
346 9 11 99
346 10 0 103
346 10 4 98
346 10 5 90
346 10 6 108
346 10 7 95
346 10 9 90
346 10 10 108
346 10 11 107
347 1 0 75
347 1 1 66
347 1 2 77
347 1 4 71
347 1 7 71
347 1 8 81
347 1 10 70
347 1 11 81
347 4 0 74
347 4 1 83
347 4 2 89
347 4 3 87
347 4 6 80
347 4 7 89
347 4 9 79
347 4 11 84
347 5 0 80
347 5 1 89
347 5 2 95
347 5 5 93
347 5 6 86
347 5 8 95
347 5 9 85
347 5 10 90
347 10 0 78
347 10 4 87
347 10 5 93
347 10 6 91
347 10 7 84
347 10 9 93
347 10 10 83
347 10 11 88
347 13 0 88
347 13 1 87
347 13 2 84
347 13 3 88
347 13 4 72
347 13 5 86
347 13 9 81
347 13 11 88
348 0 0 78
348 0 3 69
348 0 5 80
348 0 6 74
348 0 7 74
348 0 9 84
348 0 10 73
348 0 11 84
348 7 0 77
348 7 3 86
348 7 6 92
348 7 7 90
348 7 8 83
348 7 9 92
348 7 10 82
348 7 11 87
348 9 0 96
348 9 1 91
348 9 2 83
348 9 3 101
348 9 4 88
348 9 5 83
348 9 10 101
348 9 11 100
349 7 0 74
349 7 3 65
349 7 6 76
349 7 7 70
349 7 8 70
349 7 9 80
349 7 10 69
349 7 11 80
349 8 0 59
349 8 2 70
349 8 3 58
349 8 5 58
349 8 7 59
349 8 8 60
349 8 10 60
349 8 11 67
349 9 0 76
349 9 1 67
349 9 2 78
349 9 3 72
349 9 4 72
349 9 5 82
349 9 10 71
349 9 11 82
349 10 0 64
349 10 4 75
349 10 5 63
349 10 6 63
349 10 7 64
349 10 9 65
349 10 10 65
349 10 11 72
349 13 0 64
349 13 1 75
349 13 2 63
349 13 3 63
349 13 4 64
349 13 5 65
349 13 9 65
349 13 11 72
350 8 0 58
350 8 2 61
350 8 3 61
350 8 5 59
350 8 7 58
350 8 8 61
350 8 10 63
350 8 11 62
350 9 0 64
350 9 1 75
350 9 2 63
350 9 3 63
350 9 4 64
350 9 5 65
350 9 10 65
350 9 11 72
350 12 0 57
350 12 4 60
350 12 6 60
350 12 7 58
350 12 8 57
350 12 9 60
350 12 10 62
350 12 11 61
351 0 0 57
351 0 3 68
351 0 5 56
351 0 6 56
351 0 7 57
351 0 9 58
351 0 10 58
351 0 11 65
351 1 0 74
351 1 1 65
351 1 2 76
351 1 4 70
351 1 7 70
351 1 8 80
351 1 10 69
351 1 11 80
351 2 0 56
351 2 2 67
351 2 5 55
351 2 6 55
351 2 7 56
351 2 8 57
351 2 9 57
351 2 10 64
351 8 0 56
351 8 2 67
351 8 3 55
351 8 5 55
351 8 7 56
351 8 8 57
351 8 10 57
351 8 11 64
352 0 0 55
352 0 3 58
352 0 5 58
352 0 6 56
352 0 7 55
352 0 9 58
352 0 10 60
352 0 11 59
352 3 0 58
352 3 1 61
352 3 3 61
352 3 5 59
352 3 6 58
352 3 7 61
352 3 8 63
352 3 10 62
352 6 1 58
352 6 2 61
352 6 3 61
352 6 5 59
352 6 6 58
352 6 7 61
352 6 9 63
352 6 11 62
352 7 0 56
352 7 3 59
352 7 6 59
352 7 7 57
352 7 8 56
352 7 9 59
352 7 10 61
352 7 11 60
352 13 0 55
352 13 1 58
352 13 2 58
352 13 3 56
352 13 4 55
352 13 5 58
352 13 9 60
352 13 11 59
353 4 0 19
353 4 1 17
353 4 2 19
353 4 3 18
353 4 6 18
353 4 7 20
353 4 9 18
353 4 11 20
353 8 0 17
353 8 2 15
353 8 3 17
353 8 5 16
353 8 7 16
353 8 8 18
353 8 10 16
353 8 11 18
353 10 0 19
353 10 4 17
353 10 5 19
353 10 6 18
353 10 7 18
353 10 9 20
353 10 10 18
353 10 11 20
354 1 0 9
354 1 1 8
354 1 2 9
354 1 4 8
354 1 7 8
354 1 8 9
354 1 10 8
354 1 11 9
354 4 0 9
354 4 1 8
354 4 2 9
354 4 3 8
354 4 6 8
354 4 7 9
354 4 9 8
354 4 11 9
354 10 0 9
354 10 4 8
354 10 5 9
354 10 6 8
354 10 7 8
354 10 9 9
354 10 10 8
354 10 11 9
355 1 0 76
355 1 1 67
355 1 2 78
355 1 4 72
355 1 7 72
355 1 8 82
355 1 10 71
355 1 11 82
355 3 0 61
355 3 1 72
355 3 3 60
355 3 5 60
355 3 6 61
355 3 7 62
355 3 8 62
355 3 10 69
355 9 0 78
355 9 1 69
355 9 2 80
355 9 3 74
355 9 4 74
355 9 5 84
355 9 10 73
355 9 11 84
355 10 0 72
355 10 4 63
355 10 5 74
355 10 6 68
355 10 7 68
355 10 9 78
355 10 10 67
355 10 11 78
356 0 0 77
356 0 3 68
356 0 5 79
356 0 6 73
356 0 7 73
356 0 9 83
356 0 10 72
356 0 11 83
356 8 0 62
356 8 2 73
356 8 3 61
356 8 5 61
356 8 7 62
356 8 8 63
356 8 10 63
356 8 11 70
356 11 1 79
356 11 3 70
356 11 4 81
356 11 5 75
356 11 6 75
356 11 7 85
356 11 8 74
356 11 11 85
356 13 0 73
356 13 1 64
356 13 2 75
356 13 3 69
356 13 4 69
356 13 5 79
356 13 9 68
356 13 11 79
356 14 0 73
356 14 1 64
356 14 2 75
356 14 3 69
356 14 4 69
356 14 5 79
356 14 6 68
356 14 11 79
357 0 0 80
357 0 3 71
357 0 5 82
357 0 6 76
357 0 7 76
357 0 9 86
357 0 10 75
357 0 11 86
357 2 0 79
357 2 2 88
357 2 5 94
357 2 6 92
357 2 7 85
357 2 8 94
357 2 9 84
357 2 10 89
357 8 0 98
357 8 2 93
357 8 3 85
357 8 5 103
357 8 7 90
357 8 8 85
357 8 10 103
357 8 11 102
357 10 0 96
357 10 4 91
357 10 5 83
357 10 6 101
357 10 7 88
357 10 9 83
357 10 10 101
357 10 11 100
357 14 0 76
357 14 1 85
357 14 2 91
357 14 3 89
357 14 4 82
357 14 5 91
357 14 6 81
357 14 11 86
358 2 0 31
358 2 2 27
358 2 5 32
358 2 6 29
358 2 7 29
358 2 8 34
358 2 9 29
358 2 10 34
358 9 0 24
358 9 1 27
358 9 2 27
358 9 3 25
358 9 4 24
358 9 5 27
358 9 10 29
358 9 11 28
358 11 1 32
358 11 3 28
358 11 4 33
358 11 5 30
358 11 6 30
358 11 7 35
358 11 8 30
358 11 11 35
358 12 0 26
358 12 4 29
358 12 6 29
358 12 7 27
358 12 8 26
358 12 9 29
358 12 10 31
358 12 11 30
359 0 0 74
359 0 3 65
359 0 5 76
359 0 6 70
359 0 7 70
359 0 9 80
359 0 10 69
359 0 11 80
359 1 0 59
359 1 1 70
359 1 2 58
359 1 4 58
359 1 7 59
359 1 8 60
359 1 10 60
359 1 11 67
359 7 0 76
359 7 3 67
359 7 6 78
359 7 7 72
359 7 8 72
359 7 9 82
359 7 10 71
359 7 11 82
360 5 0 55
360 5 1 58
360 5 2 58
360 5 5 56
360 5 6 55
360 5 8 58
360 5 9 60
360 5 10 59
360 7 0 58
360 7 3 61
360 7 6 61
360 7 7 59
360 7 8 58
360 7 9 61
360 7 10 63
360 7 11 62
360 12 0 58
360 12 4 61
360 12 6 61
360 12 7 59
360 12 8 58
360 12 9 61
360 12 10 63
360 12 11 62
360 13 0 56
360 13 1 59
360 13 2 59
360 13 3 57
360 13 4 56
360 13 5 59
360 13 9 61
360 13 11 60
361 2 0 56
361 2 2 59
361 2 5 59
361 2 6 57
361 2 7 56
361 2 8 59
361 2 9 61
361 2 10 60
361 3 0 62
361 3 1 73
361 3 3 61
361 3 5 61
361 3 6 62
361 3 7 63
361 3 8 63
361 3 10 70
361 7 0 55
361 7 3 58
361 7 6 58
361 7 7 56
361 7 8 55
361 7 9 58
361 7 10 60
361 7 11 59
362 0 0 53
362 0 3 56
362 0 5 56
362 0 6 54
362 0 7 53
362 0 9 56
362 0 10 58
362 0 11 57
362 2 0 53
362 2 2 50
362 2 5 49
362 2 6 45
362 2 7 45
362 2 8 48
362 2 9 48
362 2 10 55
362 13 0 48
362 13 1 53
362 13 2 45
362 13 3 53
362 13 4 50
362 13 5 45
362 13 9 53
362 13 11 52
362 14 0 44
362 14 1 49
362 14 2 41
362 14 3 49
362 14 4 46
362 14 5 41
362 14 6 49
362 14 11 48
363 0 0 73
363 0 3 64
363 0 5 75
363 0 6 69
363 0 7 69
363 0 9 79
363 0 10 68
363 0 11 79
363 5 0 58
363 5 1 69
363 5 2 57
363 5 5 57
363 5 6 58
363 5 8 59
363 5 9 59
363 5 10 66
363 6 1 75
363 6 2 66
363 6 3 77
363 6 5 71
363 6 6 71
363 6 7 81
363 6 9 70
363 6 11 81
363 9 0 63
363 9 1 74
363 9 2 62
363 9 3 62
363 9 4 63
363 9 5 64
363 9 10 64
363 9 11 71
363 12 0 63
363 12 4 74
363 12 6 62
363 12 7 62
363 12 8 63
363 12 9 64
363 12 10 64
363 12 11 71
364 5 0 18
364 5 1 16
364 5 2 18
364 5 5 17
364 5 6 17
364 5 8 19
364 5 9 17
364 5 10 19
364 6 1 18
364 6 2 21
364 6 3 21
364 6 5 19
364 6 6 18
364 6 7 21
364 6 9 23
364 6 11 22
364 8 0 18
364 8 2 21
364 8 3 21
364 8 5 19
364 8 7 18
364 8 8 21
364 8 10 23
364 8 11 22
364 9 0 19
364 9 1 17
364 9 2 19
364 9 3 18
364 9 4 18
364 9 5 20
364 9 10 18
364 9 11 20
364 12 0 18
364 12 4 16
364 12 6 18
364 12 7 17
364 12 8 17
364 12 9 19
364 12 10 17
364 12 11 19
365 4 0 23
365 4 1 26
365 4 2 26
365 4 3 24
365 4 6 23
365 4 7 26
365 4 9 28
365 4 11 27
365 8 0 26
365 8 2 29
365 8 3 29
365 8 5 27
365 8 7 26
365 8 8 29
365 8 10 31
365 8 11 30
365 14 0 26
365 14 1 29
365 14 2 29
365 14 3 27
365 14 4 26
365 14 5 29
365 14 6 31
365 14 11 30
366 8 0 38
366 8 2 34
366 8 3 39
366 8 5 36
366 8 7 36
366 8 8 41
366 8 10 36
366 8 11 41
366 11 1 34
366 11 3 30
366 11 4 35
366 11 5 32
366 11 6 32
366 11 7 37
366 11 8 32
366 11 11 37
366 12 0 39
366 12 4 35
366 12 6 40
366 12 7 37
366 12 8 37
366 12 9 42
366 12 10 37
366 12 11 42
366 13 0 36
366 13 1 32
366 13 2 37
366 13 3 34
366 13 4 34
366 13 5 39
366 13 9 34
366 13 11 39
367 6 1 55
367 6 2 58
367 6 3 58
367 6 5 56
367 6 6 55
367 6 7 58
367 6 9 60
367 6 11 59
367 7 0 57
367 7 3 68
367 7 6 56
367 7 7 56
367 7 8 57
367 7 9 58
367 7 10 58
367 7 11 65
367 9 0 61
367 9 1 72
367 9 2 60
367 9 3 60
367 9 4 61
367 9 5 62
367 9 10 62
367 9 11 69
367 11 1 59
367 11 3 62
367 11 4 62
367 11 5 60
367 11 6 59
367 11 7 62
367 11 8 64
367 11 11 63
367 14 0 59
367 14 1 70
367 14 2 58
367 14 3 58
367 14 4 59
367 14 5 60
367 14 6 60
367 14 11 67
368 2 0 99
368 2 2 96
368 2 5 106
368 2 6 102
368 2 7 91
368 2 8 94
368 2 9 94
368 2 10 101
368 10 0 101
368 10 4 96
368 10 5 88
368 10 6 106
368 10 7 93
368 10 9 88
368 10 10 106
368 10 11 105
368 12 0 80
368 12 4 89
368 12 6 95
368 12 7 93
368 12 8 86
368 12 9 95
368 12 10 85
368 12 11 90
368 14 0 104
368 14 1 101
368 14 2 111
368 14 3 107
368 14 4 96
368 14 5 99
368 14 6 99
368 14 11 106
