Jobs:
0 1 2 3 4 5 6 7 8 9 10 11 12 13 14 15 16 17 18 19 20 21 22 23 24 25 26 27 28 29
Machines:
0 1 2 3 4 5 6 7 8 9 10 11 12 13 14
Workers:
0 1 2 3 4 5 6 7 8 9 10 11 12 13 14
Operations per job:
0 1 2 3 4 5 6 7 8 9 10 11 12
13 14 15 16 17 18 19 20 21 22 23 24 25
26 27 28 29 30 31 32 33 34 35 36 37 38
39 40 41 42 43 44 45 46 47 48
49 50 51 52 53 54 55 56 57 58 59
60 61 62 63 64 65 66 67 68 69 70 71 72
73 74 75 76 77 78 79 80 81 82 83
84 85 86 87 88 89 90 91 92 93
94 95 96 97 98 99 100 101 102 103 104 105 106 107
108 109 110 111 112 113 114 115 116 117 118 119 120 121
122 123 124 125 126 127 128 129 130 131
132 133 134 135 136 137 138 139 140 141 142 143 144 145
146 147 148 149 150 151 152 153 154 155
156 157 158 159 160 161 162 163 164 165 166 167 168 169 170
171 172 173 174 175 176 177 178 179 180 181 182 183
184 185 186 187 188 189 190 191 192 193 194 195
196 197 198 199 200 201 202 203 204 205 206 207 208
209 210 211 212 213 214 215 216 217 218 219 220
221 222 223 224 225 226 227 228 229 230 231 232 233 234 235
236 237 238 239 240 241 242 243 244 245 246 247
248 249 250 251 252 253 254 255 256 257 258 259 260 261
262 263 264 265 266 267 268 269 270 271 272 273
274 275 276 277 278 279 280 281 282 283 284 285 286 287 288
289 290 291 292 293 294 295 296 297 298 299 300 301 302 303
304 305 306 307 308 309 310 311 312 313 314 315 316 317 318
319 320 321 322 323 324 325 326 327 328 329 330 331 332
333 334 335 336 337 338 339 340 341 342 343 344 345
346 347 348 349 350 351 352 353 354 355 356 357 358
359 360 361 362 363 364 365 366 367 368 369 370 371 372
373 374 375 376 377 378 379 380 381 382 383 384
Predecessors per operation:

0
1
2
3
4
5
6
7
8
9
10
11

13
14
15
16
17
18
19
20
21
22
23
24

26
27
28
29
30
31
32
33
34
35
36
37

39
40
41
42
43
44
45
46
47

49
50
51
52
53
54
55
56
57
58

60
61
62
63
64
65
66
67
68
69
70
71

73
74
75
76
77
78
79
80
81
82

84
85
86
87
88
89
90
91
92

94
95
96
97
98
99
100
101
102
103
104
105
106

108
109
110
111
112
113
114
115
116
117
118
119
120

122
123
124
125
126
127
128
129
130

132
133
134
135
136
137
138
139
140
141
142
143
144

146
147
148
149
150
151
152
153
154

156
157
158
159
160
161
162
163
164
165
166
167
168
169

171
172
173
174
175
176
177
178
179
180
181
182

184
185
186
187
188
189
190
191
192
193
194

196
197
198
199
200
201
202
203
204
205
206
207

209
210
211
212
213
214
215
216
217
218
219

221
222
223
224
225
226
227
228
229
230
231
232
233
234

236
237
238
239
240
241
242
243
244
245
246

248
249
250
251
252
253
254
255
256
257
258
259
260

262
263
264
265
266
267
268
269
270
271
272

274
275
276
277
278
279
280
281
282
283
284
285
286
287

289
290
291
292
293
294
295
296
297
298
299
300
301
302

304
305
306
307
308
309
310
311
312
313
314
315
316
317

319
320
321
322
323
324
325
326
327
328
329
330
331

333
334
335
336
337
338
339
340
341
342
343
344

346
347
348
349
350
351
352
353
354
355
356
357

359
360
361
362
363
364
365
366
367
368
369
370
371

373
374
375
376
377
378
379
380
381
382
383
Successors per operation:
1
2
3
4
5
6
7
8
9
10
11
12

14
15
16
17
18
19
20
21
22
23
24
25

27
28
29
30
31
32
33
34
35
36
37
38

40
41
42
43
44
45
46
47
48

50
51
52
53
54
55
56
57
58
59

61
62
63
64
65
66
67
68
69
70
71
72

74
75
76
77
78
79
80
81
82
83

85
86
87
88
89
90
91
92
93

95
96
97
98
99
100
101
102
103
104
105
106
107

109
110
111
112
113
114
115
116
117
118
119
120
121

123
124
125
126
127
128
129
130
131

133
134
135
136
137
138
139
140
141
142
143
144
145

147
148
149
150
151
152
153
154
155

157
158
159
160
161
162
163
164
165
166
167
168
169
170

172
173
174
175
176
177
178
179
180
181
182
183

185
186
187
188
189
190
191
192
193
194
195

197
198
199
200
201
202
203
204
205
206
207
208

210
211
212
213
214
215
216
217
218
219
220

222
223
224
225
226
227
228
229
230
231
232
233
234
235

237
238
239
240
241
242
243
244
245
246
247

249
250
251
252
253
254
255
256
257
258
259
260
261

263
264
265
266
267
268
269
270
271
272
273

275
276
277
278
279
280
281
282
283
284
285
286
287
288

290
291
292
293
294
295
296
297
298
299
300
301
302
303

305
306
307
308
309
310
311
312
313
314
315
316
317
318

320
321
322
323
324
325
326
327
328
329
330
331
332

334
335
336
337
338
339
340
341
342
343
344
345

347
348
349
350
351
352
353
354
355
356
357
358

360
361
362
363
364
365
366
367
368
369
370
371
372

374
375
376
377
378
379
380
381
382
383
384

Machines per operation:
0 9 12
1 3 10
4 12 13
0 1 3
0 3 11 14
2 5 11
2 5 8 13
3 9 13
0 6 13 14
0 4 6 7
2 8 11
2 5 7 8
2 4 10
4 6 10 11 12
2 9 13
6 7 9 10 14
9 10 11
2 3 8 9 13
1 2 6 9 10
3 6 11 13 14
4 7 9 12
1 4 5 9 10
4 6 8 11 12
0 1 8 12 13
6 7 8 10 11
0 7 10 14
0 1 13
3 10 14
0 2 3 12
1 2 5 12 14
3 5 7 8 11
5 6 13
4 9 13
4 8 9
8 10 12
1 8 10 11
0 2 4 12
0 1 3 12 14
0 1 4 6 9
0 3 6 7 9
1 6 11 12 13
0 3 5 11 12
5 6 8 10 14
5 6 10 12
1 3 7 8 10
3 8 9 11 13
2 6 11 12 14
3 4 9 11
2 4 9 12
0 5 13 14
3 4 6 7 12
1 13 14
0 3 5 14
1 2 5 7
5 6 7 12
10 11 13
0 2 5
8 12 13 14
0 6 9 10 11
6 8 14
0 3 5 9 14
9 10 11
5 8 11 12
2 12 13
2 7 9 10
3 8 9 10 14
8 9 12 13
8 9 11
1 3 7 9 14
3 6 7 10 13
1 2 11 14
3 11 14
1 9 13
5 7 14
1 6 9 14
0 3 8 12 14
8 13 14
1 3 9
1 8 9 11
6 8 14
3 7 12
2 3 5 6 9
3 9 10
0 1 3 5 9
1 8 9 13
8 9 11 14
2 6 8 13
0 4 8
2 3 9
2 4 7 11 12
7 10 12 14
1 4 5 14
2 6 10 13
3 4 14
5 7 9 13
0 1 4 10 13
6 7 10 14
9 11 13
2 5 10
2 4 7 10 13
2 6 8 12
0 5 13
1 4 5 6
1 9 10 13 14
0 5 12
0 2 5 8 13
5 8 14
0 2 9 12
5 6 10 11
2 6 8 13
5 7 12 14
0 2 4 5
1 8 12 13 14
5 7 8
0 4 6 9
2 4 8 11
2 7 9 11 13
1 3 12 13
1 7 14
1 8 11 13
3 9 11 13
0 10 11 13 14
9 10 14
0 7 12
6 13 14
10 11 12
0 3 9
9 10 11 12 13
0 4 8 12 13
4 6 10 12 14
3 4 5 6
1 2 3 11 14
2 4 5
1 2 6 8 13
1 2 4 10 13
2 10 12 13
5 6 9 12 13
1 2 10
1 4 5 8 10
6 8 11
1 5 7 11
0 11 12
3 4 6 7
2 4 6 7
4 5 6 8 11
4 8 11
1 2 13 14
1 11 14
3 6 11 14
6 7 10 11 13
4 5 11 14
3 9 10 11
0 2 7 12 14
0 1 3 5 9
5 11 13
1 5 7 9
3 11 14
0 5 8 9 10
4 8 12
4 7 8
0 5 9
2 4 7 8 11
6 11 13
6 8 11
1 6 8 12 14
0 7 12 13
2 3 11
7 11 12
8 11 13
0 2 6 8
0 8 9 14
5 6 7 8
3 10 13
1 2 3
6 11 13
6 9 10
0 11 12
0 2 7 11
3 10 13
0 8 10 11 13
6 7 13 14
5 12 13
2 7 9
2 3 14
2 7 11
3 6 7 10 14
4 9 11
0 5 11
2 3 6 7 12
3 4 5 8 10
4 7 9 11
0 2 7 11 13
5 6 9 10 13
0 1 5 9 10
2 8 12 13 14
4 5 8
1 9 10 14
5 8 12
0 1 2
1 4 5 8 9
0 6 7 10 12
0 1 7 8 10
4 5 9 11
1 4 13 14
4 5 13 14
1 3 7 8
0 2 9 13
1 2 6
4 11 12
0 1 2 11 12
0 4 5 10
6 7 12
2 3 7 9 11
2 5 8 13 14
2 4 11
3 9 10 11 13
8 10 11
0 4 6 12 14
0 2 9 11 14
1 3 10
0 7 8
8 11 13 14
0 4 11
1 5 9 14
0 4 9 11 14
1 9 14
1 2 7 11 12
4 5 7
0 2 3 9
1 3 7 10 11
0 8 11
0 3 8
4 6 9
4 7 8 13
0 3 6 10
5 6 8 10 14
7 9 10 11
0 4 5 8
0 3 5 6 11
0 11 12
2 5 11 13 14
0 4 5
1 3 8 9
8 10 11 12
2 3 6 7
0 2 5 8 10
2 8 10 12 14
2 6 14
0 1 4 8 12
4 6 8 14
2 9 10 12 13
2 5 14
0 9 10 12
6 7 9 14
6 7 11 12 13
0 1 7 8
0 1 10
0 4 5 10 12
1 5 6 8 13
1 2 5 8 13
3 4 6
3 4 9 14
1 6 7 8 10
1 4 9 12
1 2 6 8
5 9 10
4 5 10
2 7 13
2 4 8 11 13
4 6 8
7 8 9 11 14
1 3 5 9 11
3 4 7 9 10
3 5 8
1 2 11
1 2 9
1 2 10 11 14
2 6 11 12
1 6 9 12 13
0 7 11
5 8 10 12 13
5 6 11 13 14
4 6 8 11 13
0 4 5 7 9
0 2 9 13 14
1 2 7 11 13
1 5 6
2 4 12 14
7 11 14
2 5 10 13 14
1 4 8 9
1 2 3 6
0 2 12
0 1 5 6 12
2 4 10
3 6 7 8 11
9 12 14
5 6 7 9 13
1 3 7 10
6 8 9 12
1 2 3 13
1 7 11
0 2 3 4 9
0 9 10
2 5 6 7 11
1 2 4 10 12
0 2 13
3 4 7 14
2 7 8
0 3 5 7 8
1 3 11 14
7 9 12
5 6 8 13
5 8 9
3 6 9 14
5 6 7 9
0 4 5 7
2 3 7
1 5 9 13
3 5 6 7 10
0 1 7 8 11
1 3 6 9 12
0 3 7 12 14
1 3 8 10 14
1 8 14
0 6 10 11
9 12 14
0 6 11 12
10 11 12 13
1 8 9 11 12
0 2 4 13 14
1 3 12
1 5 9 10 12
4 5 8
3 8 10 14
0 3 8 13 14
11 12 14
0 6 10
1 2 3 6 8
4 8 13
1 10 12 14
2 5 8 9 13
4 5 6 10 14
0 9 12
5 10 11
0 3 11 14
2 7 11 12
3 5 7 10 14
1 3 10 11 14
8 13 14
2 4 7 9 14
3 5 6 7 11
0 5 6
2 7 12 13 14
1 4 5
1 2 8 12 13
2 11 14
0 2 9
1 2 11 14
4 7 12
3 4 5 6 12
5 6 8
4 5 7 8 11
0 4 12
0 9 11
3 9 11 14
0 3 4
3 9 13
2 3 6 8
4 8 10
1 6 11
1 6 11 12
0 1 8 11 12
1 5 13
1 2 7 9
2 8 13 14
6 9 10 13 14
5 6 7 9 13
3 4 6 8 13
0 4 9 10 13
1 9 12
4 7 10
2 6 8 9 12
6 8 9 10 12
2 8 11 13
Processing times (o m w p):
0 0 0 80
0 0 1 79
0 0 3 86
0 0 4 72
0 0 9 77
0 0 10 77
0 0 12 87
0 0 13 78
0 9 0 79
0 9 1 80
0 9 6 83
0 9 7 85
0 9 8 76
0 9 11 72
0 9 12 75
0 9 13 82
0 12 3 92
0 12 4 86
0 12 5 86
0 12 6 89
0 12 7 84
0 12 8 92
0 12 9 78
0 12 13 77
1 1 0 82
1 1 1 82
1 1 2 87
1 1 3 90
1 1 5 81
1 1 11 87
1 1 13 84
1 1 14 84
1 3 0 90
1 3 2 84
1 3 4 84
1 3 5 87
1 3 6 82
1 3 7 90
1 3 8 76
1 3 11 75
1 10 0 90
1 10 1 84
1 10 3 84
1 10 7 87
1 10 8 82
1 10 10 90
1 10 13 76
1 10 14 75
2 4 2 63
2 4 4 67
2 4 6 67
2 4 7 62
2 4 8 63
2 4 10 63
2 4 11 65
2 4 12 68
2 12 3 67
2 12 4 71
2 12 5 71
2 12 6 66
2 12 7 67
2 12 8 67
2 12 9 69
2 12 13 72
2 13 0 67
2 13 1 71
2 13 4 71
2 13 8 66
2 13 9 67
2 13 10 67
2 13 11 69
2 13 12 72
3 0 0 89
3 0 1 87
3 0 3 91
3 0 4 90
3 0 9 87
3 0 10 85
3 0 12 93
3 0 13 84
3 1 0 92
3 1 1 86
3 1 2 86
3 1 3 89
3 1 5 84
3 1 11 92
3 1 13 78
3 1 14 77
3 3 0 92
3 3 2 86
3 3 4 86
3 3 5 89
3 3 6 84
3 3 7 92
3 3 8 78
3 3 11 77
4 0 0 53
4 0 1 59
4 0 3 59
4 0 4 50
4 0 9 51
4 0 10 53
4 0 12 57
4 0 13 56
4 3 0 62
4 3 2 66
4 3 4 66
4 3 5 61
4 3 6 62
4 3 7 62
4 3 8 64
4 3 11 67
4 11 0 62
4 11 1 66
4 11 2 66
4 11 3 61
4 11 5 62
4 11 11 62
4 11 12 64
4 11 14 67
4 14 0 50
4 14 1 56
4 14 2 56
4 14 3 47
4 14 6 48
4 14 9 50
4 14 12 54
4 14 14 53
5 2 0 31
5 2 2 31
5 2 3 33
5 2 5 34
5 2 8 29
5 2 9 27
5 2 13 29
5 2 14 32
5 5 2 31
5 5 6 31
5 5 7 33
5 5 9 34
5 5 10 29
5 5 11 27
5 5 13 29
5 5 14 32
5 11 0 33
5 11 1 33
5 11 2 35
5 11 3 36
5 11 5 31
5 11 11 29
5 11 12 31
5 11 14 34
6 2 0 33
6 2 2 33
6 2 3 35
6 2 5 36
6 2 8 31
6 2 9 29
6 2 13 31
6 2 14 34
6 5 2 33
6 5 6 33
6 5 7 35
6 5 9 36
6 5 10 31
6 5 11 29
6 5 13 31
6 5 14 34
6 8 1 35
6 8 4 35
6 8 5 37
6 8 6 38
6 8 9 33
6 8 10 31
6 8 11 33
6 8 12 36
6 13 0 36
6 13 1 36
6 13 4 38
6 13 8 39
6 13 9 34
6 13 10 32
6 13 11 34
6 13 12 37
7 3 0 51
7 3 2 57
7 3 4 57
7 3 5 48
7 3 6 49
7 3 7 51
7 3 8 55
7 3 11 54
7 9 0 59
7 9 1 63
7 9 6 55
7 9 7 65
7 9 8 64
7 9 11 62
7 9 12 64
7 9 13 62
7 13 0 59
7 13 1 63
7 13 4 55
7 13 8 65
7 13 9 64
7 13 10 62
7 13 11 64
7 13 12 62
8 0 0 91
8 0 1 89
8 0 3 93
8 0 4 92
8 0 9 89
8 0 10 87
8 0 12 95
8 0 13 86
8 6 1 94
8 6 2 88
8 6 3 88
8 6 6 91
8 6 8 86
8 6 9 94
8 6 10 80
8 6 13 79
8 13 0 94
8 13 1 88
8 13 4 88
8 13 8 91
8 13 9 86
8 13 10 94
8 13 11 80
8 13 12 79
8 14 0 88
8 14 1 86
8 14 2 90
8 14 3 89
8 14 6 86
8 14 9 84
8 14 12 92
8 14 14 83
9 0 0 28
9 0 1 28
9 0 3 28
9 0 4 25
9 0 9 26
9 0 10 28
9 0 12 26
9 0 13 25
9 4 2 28
9 4 4 28
9 4 6 28
9 4 7 25
9 4 8 26
9 4 10 28
9 4 11 26
9 4 12 25
9 6 1 28
9 6 2 28
9 6 3 28
9 6 6 25
9 6 8 26
9 6 9 28
9 6 10 26
9 6 13 25
9 7 3 25
9 7 4 25
9 7 6 25
9 7 7 22
9 7 11 23
9 7 12 25
9 7 13 23
9 7 14 22
10 2 0 44
10 2 2 42
10 2 3 46
10 2 5 45
10 2 8 42
10 2 9 40
10 2 13 38
10 2 14 39
10 8 1 36
10 8 4 36
10 8 5 38
10 8 6 39
10 8 9 34
10 8 10 32
10 8 11 34
10 8 12 37
10 11 0 36
10 11 1 36
10 11 2 38
10 11 3 39
10 11 5 34
10 11 11 32
10 11 12 34
10 11 14 37
11 2 0 34
11 2 2 34
11 2 3 36
11 2 5 37
11 2 8 32
11 2 9 30
11 2 13 32
11 2 14 35
11 5 2 34
11 5 6 34
11 5 7 36
11 5 9 37
11 5 10 32
11 5 11 30
11 5 13 32
11 5 14 35
11 7 3 36
11 7 4 36
11 7 6 38
11 7 7 39
11 7 11 34
11 7 12 32
11 7 13 34
11 7 14 37
11 8 1 37
11 8 4 37
11 8 5 39
11 8 6 40
11 8 9 35
11 8 10 33
11 8 11 35
11 8 12 38
12 2 0 95
12 2 2 89
12 2 3 89
12 2 5 92
12 2 8 87
12 2 9 95
12 2 13 81
12 2 14 80
12 4 2 93
12 4 4 87
12 4 6 87
12 4 7 90
12 4 8 85
12 4 10 93
12 4 11 79
12 4 12 78
12 10 0 88
12 10 1 86
12 10 3 90
12 10 7 89
12 10 8 86
12 10 10 84
12 10 13 92
12 10 14 83
13 4 2 82
13 4 4 82
13 4 6 87
13 4 7 90
13 4 8 81
13 4 10 87
13 4 11 84
13 4 12 84
13 6 1 90
13 6 2 84
13 6 3 84
13 6 6 87
13 6 8 82
13 6 9 90
13 6 10 76
13 6 13 75
13 10 0 90
13 10 1 84
13 10 3 84
13 10 7 87
13 10 8 82
13 10 10 90
13 10 13 76
13 10 14 75
13 11 0 93
13 11 1 87
13 11 2 87
13 11 3 90
13 11 5 85
13 11 11 93
13 11 12 79
13 11 14 78
13 12 3 88
13 12 4 82
13 12 5 82
13 12 6 85
13 12 7 80
13 12 8 88
13 12 9 74
13 12 13 73
14 2 0 62
14 2 2 66
14 2 3 66
14 2 5 61
14 2 8 62
14 2 9 62
14 2 13 64
14 2 14 67
14 9 0 66
14 9 1 70
14 9 6 70
14 9 7 65
14 9 8 66
14 9 11 66
14 9 12 68
14 9 13 71
14 13 0 66
14 13 1 70
14 13 4 70
14 13 8 65
14 13 9 66
14 13 10 66
14 13 11 68
14 13 12 71
15 6 1 89
15 6 2 87
15 6 3 91
15 6 6 90
15 6 8 87
15 6 9 85
15 6 10 93
15 6 13 84
15 7 3 82
15 7 4 82
15 7 6 87
15 7 7 90
15 7 11 81
15 7 12 87
15 7 13 84
15 7 14 84
15 9 0 91
15 9 1 89
15 9 6 93
15 9 7 92
15 9 8 89
15 9 11 87
15 9 12 95
15 9 13 86
15 10 0 90
15 10 1 88
15 10 3 92
15 10 7 91
15 10 8 88
15 10 10 86
15 10 13 94
15 10 14 85
15 14 0 82
15 14 1 82
15 14 2 87
15 14 3 90
15 14 6 81
15 14 9 87
15 14 12 84
15 14 14 84
16 9 0 82
16 9 1 82
16 9 6 87
16 9 7 90
16 9 8 81
16 9 11 87
16 9 12 84
16 9 13 84
16 10 0 94
16 10 1 88
16 10 3 88
16 10 7 91
16 10 8 86
16 10 10 94
16 10 13 80
16 10 14 79
16 11 0 89
16 11 1 87
16 11 2 91
16 11 3 90
16 11 5 87
16 11 11 85
16 11 12 93
16 11 14 84
17 2 0 13
17 2 2 13
17 2 3 14
17 2 5 14
17 2 8 12
17 2 9 11
17 2 13 12
17 2 14 13
17 3 0 13
17 3 2 13
17 3 4 14
17 3 5 14
17 3 6 12
17 3 7 11
17 3 8 12
17 3 11 13
17 8 1 14
17 8 4 14
17 8 5 15
17 8 6 15
17 8 9 13
17 8 10 12
17 8 11 13
17 8 12 14
17 9 0 14
17 9 1 14
17 9 6 15
17 9 7 15
17 9 8 13
17 9 11 12
17 9 12 13
17 9 13 14
17 13 0 12
17 13 1 12
17 13 4 13
17 13 8 13
17 13 9 11
17 13 10 10
17 13 11 11
17 13 12 12
18 1 0 9
18 1 1 9
18 1 2 9
18 1 3 9
18 1 5 8
18 1 11 8
18 1 13 8
18 1 14 9
18 2 0 9
18 2 2 9
18 2 3 9
18 2 5 9
18 2 8 8
18 2 9 8
18 2 13 8
18 2 14 9
18 6 1 9
18 6 2 9
18 6 3 9
18 6 6 9
18 6 8 8
18 6 9 8
18 6 10 8
18 6 13 9
18 9 0 9
18 9 1 9
18 9 6 9
18 9 7 9
18 9 8 8
18 9 11 8
18 9 12 8
18 9 13 9
18 10 0 9
18 10 1 9
18 10 3 9
18 10 7 9
18 10 8 10
18 10 10 9
18 10 13 10
18 10 14 9
19 3 0 49
19 3 2 47
19 3 4 51
19 3 5 50
19 3 6 47
19 3 7 45
19 3 8 43
19 3 11 44
19 6 1 51
19 6 2 57
19 6 3 57
19 6 6 48
19 6 8 49
19 6 9 51
19 6 10 55
19 6 13 54
19 11 0 50
19 11 1 56
19 11 2 56
19 11 3 47
19 11 5 48
19 11 11 50
19 11 12 54
19 11 14 53
19 13 0 51
19 13 1 49
19 13 4 53
19 13 8 52
19 13 9 49
19 13 10 47
19 13 11 45
19 13 12 46
19 14 0 49
19 14 1 47
19 14 2 51
19 14 3 50
19 14 6 47
19 14 9 45
19 14 12 43
19 14 14 44
20 4 2 67
20 4 4 71
20 4 6 71
20 4 7 66
20 4 8 67
20 4 10 67
20 4 11 69
20 4 12 72
20 7 3 71
20 7 4 72
20 7 6 75
20 7 7 77
20 7 11 68
20 7 12 64
20 7 13 67
20 7 14 74
20 9 0 71
20 9 1 72
20 9 6 75
20 9 7 77
20 9 8 68
20 9 11 64
20 9 12 67
20 9 13 74
20 12 3 66
20 12 4 70
20 12 5 70
20 12 6 65
20 12 7 66
20 12 8 66
20 12 9 68
20 12 13 71
21 1 0 88
21 1 1 86
21 1 2 90
21 1 3 89
21 1 5 86
21 1 11 84
21 1 13 92
21 1 14 83
21 4 2 91
21 4 4 85
21 4 6 85
21 4 7 88
21 4 8 83
21 4 10 91
21 4 11 77
21 4 12 76
21 5 2 91
21 5 6 85
21 5 7 85
21 5 9 88
21 5 10 83
21 5 11 91
21 5 13 77
21 5 14 76
21 9 0 94
21 9 1 88
21 9 6 88
21 9 7 91
21 9 8 86
21 9 11 94
21 9 12 80
21 9 13 79
21 10 0 89
21 10 1 83
21 10 3 83
21 10 7 86
21 10 8 81
21 10 10 89
21 10 13 75
21 10 14 74
22 4 2 50
22 4 4 48
22 4 6 52
22 4 7 51
22 4 8 48
22 4 10 46
22 4 11 44
22 4 12 45
22 6 1 51
22 6 2 57
22 6 3 57
22 6 6 48
22 6 8 49
22 6 9 51
22 6 10 55
22 6 13 54
22 8 1 51
22 8 4 57
22 8 5 57
22 8 6 48
22 8 9 49
22 8 10 51
22 8 11 55
22 8 12 54
22 11 0 47
22 11 1 45
22 11 2 49
22 11 3 48
22 11 5 45
22 11 11 43
22 11 12 41
22 11 14 42
22 12 3 48
22 12 4 46
22 12 5 50
22 12 6 49
22 12 7 46
22 12 8 44
22 12 9 42
22 12 13 43
23 0 0 69
23 0 1 73
23 0 3 73
23 0 4 68
23 0 9 69
23 0 10 69
23 0 12 71
23 0 13 74
23 1 0 73
23 1 1 74
23 1 2 77
23 1 3 79
23 1 5 70
23 1 11 66
23 1 13 69
23 1 14 76
23 8 1 73
23 8 4 74
23 8 5 77
23 8 6 79
23 8 9 70
23 8 10 66
23 8 11 69
23 8 12 76
23 12 3 68
23 12 4 72
23 12 5 72
23 12 6 67
23 12 7 68
23 12 8 68
23 12 9 70
23 12 13 73
23 13 0 69
23 13 1 73
23 13 4 73
23 13 8 68
23 13 9 69
23 13 10 69
23 13 11 71
23 13 12 74
24 6 1 45
24 6 2 43
24 6 3 47
24 6 6 46
24 6 8 43
24 6 9 41
24 6 10 39
24 6 13 40
24 7 3 43
24 7 4 41
24 7 6 45
24 7 7 44
24 7 11 41
24 7 12 39
24 7 13 37
24 7 14 38
24 8 1 47
24 8 4 45
24 8 5 49
24 8 6 48
24 8 9 45
24 8 10 43
24 8 11 41
24 8 12 42
24 10 0 46
24 10 1 44
24 10 3 48
24 10 7 47
24 10 8 44
24 10 10 42
24 10 13 40
24 10 14 41
24 11 0 43
24 11 1 41
24 11 2 45
24 11 3 44
24 11 5 41
24 11 11 39
24 11 12 37
24 11 14 38
25 0 0 23
25 0 1 23
25 0 3 23
25 0 4 20
25 0 9 21
25 0 10 23
25 0 12 21
25 0 13 20
25 7 3 23
25 7 4 23
25 7 6 23
25 7 7 20
25 7 11 21
25 7 12 23
25 7 13 21
25 7 14 20
25 10 0 23
25 10 1 23
25 10 3 23
25 10 7 20
25 10 8 21
25 10 10 23
25 10 13 21
25 10 14 20
25 14 0 20
25 14 1 18
25 14 2 22
25 14 3 21
25 14 6 18
25 14 9 21
25 14 12 19
25 14 14 20
26 0 0 50
26 0 1 48
26 0 3 52
26 0 4 51
26 0 9 48
26 0 10 46
26 0 12 44
26 0 13 45
26 1 0 48
26 1 1 46
26 1 2 50
26 1 3 49
26 1 5 46
26 1 11 44
26 1 13 42
26 1 14 43
26 13 0 47
26 13 1 54
26 13 4 53
26 13 8 49
26 13 9 47
26 13 10 51
26 13 11 49
26 13 12 48
27 3 0 20
27 3 2 18
27 3 4 22
27 3 5 21
27 3 6 18
27 3 7 21
27 3 8 19
27 3 11 20
27 10 0 18
27 10 1 18
27 10 3 19
27 10 7 19
27 10 8 17
27 10 10 16
27 10 13 17
27 10 14 18
27 14 0 22
27 14 1 22
27 14 2 22
27 14 3 19
27 14 6 20
27 14 9 22
27 14 12 20
27 14 14 19
28 0 0 90
28 0 1 88
28 0 3 92
28 0 4 91
28 0 9 88
28 0 10 86
28 0 12 94
28 0 13 85
28 2 0 88
28 2 2 86
28 2 3 90
28 2 5 89
28 2 8 86
28 2 9 84
28 2 13 92
28 2 14 83
28 3 0 92
28 3 2 90
28 3 4 94
28 3 5 93
28 3 6 90
28 3 7 88
28 3 8 96
28 3 11 87
28 12 3 91
28 12 4 89
28 12 5 93
28 12 6 92
28 12 7 89
28 12 8 87
28 12 9 95
28 12 13 86
29 1 0 32
29 1 1 32
29 1 2 34
29 1 3 35
29 1 5 30
29 1 11 28
29 1 13 30
29 1 14 33
29 2 0 32
29 2 2 32
29 2 3 34
29 2 5 35
29 2 8 30
29 2 9 28
29 2 13 30
29 2 14 33
29 5 2 34
29 5 6 34
29 5 7 36
29 5 9 37
29 5 10 32
29 5 11 30
29 5 13 32
29 5 14 35
29 12 3 35
29 12 4 35
29 12 5 37
29 12 6 38
29 12 7 33
29 12 8 31
29 12 9 33
29 12 13 36
29 14 0 27
29 14 1 31
29 14 2 31
29 14 3 33
29 14 6 27
29 14 9 27
29 14 12 29
29 14 14 32
30 3 0 76
30 3 2 77
30 3 4 80
30 3 5 82
30 3 6 73
30 3 7 69
30 3 8 72
30 3 11 79
30 5 2 77
30 5 6 78
30 5 7 81
30 5 9 83
30 5 10 74
30 5 11 70
30 5 13 73
30 5 14 80
30 7 3 80
30 7 4 79
30 7 6 86
30 7 7 72
30 7 11 77
30 7 12 77
30 7 13 87
30 7 14 78
30 8 1 88
30 8 4 82
30 8 5 82
30 8 6 85
30 8 9 80
30 8 10 88
30 8 11 74
30 8 12 73
30 11 0 73
30 11 1 74
30 11 2 77
30 11 3 79
30 11 5 70
30 11 11 66
30 11 12 69
30 11 14 76
31 5 2 93
31 5 6 87
31 5 7 87
31 5 9 90
31 5 10 85
31 5 11 93
31 5 13 79
31 5 14 78
31 6 1 87
31 6 2 81
31 6 3 81
31 6 6 84
31 6 8 79
31 6 9 87
31 6 10 73
31 6 13 72
31 13 0 87
31 13 1 81
31 13 4 81
31 13 8 84
31 13 9 79
31 13 10 87
31 13 11 73
31 13 12 72
32 4 2 64
32 4 4 68
32 4 6 68
32 4 7 63
32 4 8 64
32 4 10 64
32 4 11 66
32 4 12 69
32 9 0 68
32 9 1 72
32 9 6 72
32 9 7 67
32 9 8 68
32 9 11 68
32 9 12 70
32 9 13 73
32 13 0 68
32 13 1 72
32 13 4 72
32 13 8 67
32 13 9 68
32 13 10 68
32 13 11 70
32 13 12 73
33 4 2 44
33 4 4 42
33 4 6 46
33 4 7 45
33 4 8 42
33 4 10 40
33 4 11 38
33 4 12 39
33 8 1 36
33 8 4 36
33 8 5 38
33 8 6 39
33 8 9 34
33 8 10 32
33 8 11 34
33 8 12 37
33 9 0 36
33 9 1 36
33 9 6 38
33 9 7 39
33 9 8 34
33 9 11 32
33 9 12 34
33 9 13 37
34 8 1 53
34 8 4 59
34 8 5 59
34 8 6 50
34 8 9 51
34 8 10 53
34 8 11 57
34 8 12 56
34 10 0 62
34 10 1 66
34 10 3 66
34 10 7 61
34 10 8 62
34 10 10 62
34 10 13 64
34 10 14 67
34 12 3 62
34 12 4 66
34 12 5 66
34 12 6 61
34 12 7 62
34 12 8 62
34 12 9 64
34 12 13 67
35 1 0 77
35 1 1 78
35 1 2 81
35 1 3 83
35 1 5 74
35 1 11 70
35 1 13 73
35 1 14 80
35 8 1 78
35 8 4 79
35 8 5 82
35 8 6 84
35 8 9 75
35 8 10 71
35 8 11 74
35 8 12 81
35 10 0 87
35 10 1 81
35 10 3 81
35 10 7 84
35 10 8 79
35 10 10 87
35 10 13 73
35 10 14 72
35 11 0 89
35 11 1 83
35 11 2 83
35 11 3 86
35 11 5 81
35 11 11 89
35 11 12 75
35 11 14 74
36 0 0 14
36 0 1 14
36 0 3 15
36 0 4 15
36 0 9 13
36 0 10 12
36 0 12 13
36 0 13 14
36 2 0 14
36 2 2 14
36 2 3 15
36 2 5 15
36 2 8 13
36 2 9 12
36 2 13 13
36 2 14 14
36 4 2 15
36 4 4 15
36 4 6 16
36 4 7 16
36 4 8 14
36 4 10 13
36 4 11 14
36 4 12 15
36 12 3 15
36 12 4 15
36 12 5 16
36 12 6 16
36 12 7 14
36 12 8 13
36 12 9 14
36 12 13 15
37 0 0 24
37 0 1 24
37 0 3 24
37 0 4 21
37 0 9 22
37 0 10 24
37 0 12 22
37 0 13 21
37 1 0 24
37 1 1 24
37 1 2 24
37 1 3 21
37 1 5 22
37 1 11 24
37 1 13 22
37 1 14 21
37 3 0 24
37 3 2 24
37 3 4 24
37 3 5 21
37 3 6 22
37 3 7 24
37 3 8 22
37 3 11 21
37 12 3 21
37 12 4 21
37 12 5 21
37 12 6 18
37 12 7 19
37 12 8 21
37 12 9 19
37 12 13 18
37 14 0 22
37 14 1 22
37 14 2 22
37 14 3 19
37 14 6 20
37 14 9 22
37 14 12 20
37 14 14 19
38 0 0 22
38 0 1 22
38 0 3 22
38 0 4 19
38 0 9 20
38 0 10 22
38 0 12 20
38 0 13 19
38 1 0 22
38 1 1 22
38 1 2 22
38 1 3 19
38 1 5 20
38 1 11 22
38 1 13 20
38 1 14 19
38 4 2 22
38 4 4 22
38 4 6 22
38 4 7 19
38 4 8 20
38 4 10 22
38 4 11 20
38 4 12 19
38 6 1 19
38 6 2 19
38 6 3 20
38 6 6 20
38 6 8 18
38 6 9 17
38 6 10 18
38 6 13 19
38 9 0 20
38 9 1 18
38 9 6 22
38 9 7 21
38 9 8 18
38 9 11 21
38 9 12 19
38 9 13 20
39 0 0 50
39 0 1 48
39 0 3 52
39 0 4 51
39 0 9 48
39 0 10 46
39 0 12 44
39 0 13 45
39 3 0 51
39 3 2 57
39 3 4 57
39 3 5 48
39 3 6 49
39 3 7 51
39 3 8 55
39 3 11 54
39 6 1 51
39 6 2 57
39 6 3 57
39 6 6 48
39 6 8 49
39 6 9 51
39 6 10 55
39 6 13 54
39 7 3 47
39 7 4 45
39 7 6 49
39 7 7 48
39 7 11 45
39 7 12 43
39 7 13 41
39 7 14 42
39 9 0 48
39 9 1 46
39 9 6 50
39 9 7 49
39 9 8 46
39 9 11 44
39 9 12 42
39 9 13 43
40 1 0 34
40 1 1 34
40 1 2 36
40 1 3 37
40 1 5 32
40 1 11 30
40 1 13 32
40 1 14 35
40 6 1 34
40 6 2 34
40 6 3 36
40 6 6 37
40 6 8 32
40 6 9 30
40 6 10 32
40 6 13 35
40 11 0 36
40 11 1 36
40 11 2 38
40 11 3 39
40 11 5 34
40 11 11 32
40 11 12 34
40 11 14 37
40 12 3 37
40 12 4 37
40 12 5 39
40 12 6 40
40 12 7 35
40 12 8 33
40 12 9 35
40 12 13 38
40 13 0 32
40 13 1 32
40 13 4 34
40 13 8 35
40 13 9 30
40 13 10 28
40 13 11 30
40 13 12 33
41 0 0 92
41 0 1 90
41 0 3 94
41 0 4 93
41 0 9 90
41 0 10 88
41 0 12 96
41 0 13 87
41 3 0 90
41 3 2 88
41 3 4 92
41 3 5 91
41 3 6 88
41 3 7 86
41 3 8 94
41 3 11 85
41 5 2 94
41 5 6 92
41 5 7 96
41 5 9 95
41 5 10 92
41 5 11 90
41 5 13 98
41 5 14 89
41 11 0 93
41 11 1 91
41 11 2 95
41 11 3 94
41 11 5 91
41 11 11 89
41 11 12 97
41 11 14 88
41 12 3 90
41 12 4 88
41 12 5 92
41 12 6 91
41 12 7 88
41 12 8 86
41 12 9 94
41 12 13 85
42 5 2 66
42 5 6 70
42 5 7 70
42 5 9 65
42 5 10 66
42 5 11 66
42 5 13 68
42 5 14 71
42 6 1 75
42 6 2 63
42 6 3 72
42 6 6 66
42 6 8 73
42 6 9 66
42 6 10 64
42 6 13 75
42 8 1 75
42 8 4 63
42 8 5 72
42 8 6 66
42 8 9 73
42 8 10 66
42 8 11 64
42 8 12 75
42 10 0 65
42 10 1 69
42 10 3 69
42 10 7 64
42 10 8 65
42 10 10 65
42 10 13 67
42 10 14 70
42 14 0 66
42 14 1 70
42 14 2 70
42 14 3 65
42 14 6 66
42 14 9 66
42 14 12 68
42 14 14 71
43 5 2 90
43 5 6 88
43 5 7 92
43 5 9 91
43 5 10 88
43 5 11 86
43 5 13 94
43 5 14 85
43 6 1 88
43 6 2 86
43 6 3 90
43 6 6 89
43 6 8 86
43 6 9 84
43 6 10 92
43 6 13 83
43 10 0 92
43 10 1 90
43 10 3 94
43 10 7 93
43 10 8 90
43 10 10 88
43 10 13 96
43 10 14 87
43 12 3 91
43 12 4 89
43 12 5 93
43 12 6 92
43 12 7 89
43 12 8 87
43 12 9 95
43 12 13 86
44 1 0 15
44 1 1 15
44 1 2 16
44 1 3 16
44 1 5 14
44 1 11 13
44 1 13 14
44 1 14 15
44 3 0 15
44 3 2 15
44 3 4 16
44 3 5 16
44 3 6 14
44 3 7 13
44 3 8 14
44 3 11 15
44 7 3 16
44 7 4 16
44 7 6 17
44 7 7 17
44 7 11 15
44 7 12 14
44 7 13 15
44 7 14 16
44 8 1 16
44 8 4 16
44 8 5 17
44 8 6 17
44 8 9 15
44 8 10 14
44 8 11 15
44 8 12 16
44 10 0 14
44 10 1 14
44 10 3 15
44 10 7 15
44 10 8 13
44 10 10 12
44 10 13 13
44 10 14 14
45 3 0 14
45 3 2 14
45 3 4 15
45 3 5 15
45 3 6 13
45 3 7 12
45 3 8 13
45 3 11 14
45 8 1 14
45 8 4 14
45 8 5 15
45 8 6 15
45 8 9 13
45 8 10 12
45 8 11 13
45 8 12 14
45 9 0 15
45 9 1 15
45 9 6 16
45 9 7 16
45 9 8 14
45 9 11 13
45 9 12 14
45 9 13 15
45 11 0 15
45 11 1 15
45 11 2 16
45 11 3 16
45 11 5 14
45 11 11 13
45 11 12 14
45 11 14 15
45 13 0 13
45 13 1 13
45 13 4 14
45 13 8 14
45 13 9 12
45 13 10 11
45 13 11 12
45 13 12 13
46 2 0 67
46 2 2 71
46 2 3 71
46 2 5 66
46 2 8 67
46 2 9 67
46 2 13 69
46 2 14 72
46 6 1 71
46 6 2 72
46 6 3 75
46 6 6 77
46 6 8 68
46 6 9 64
46 6 10 67
46 6 13 74
46 11 0 71
46 11 1 72
46 11 2 75
46 11 3 77
46 11 5 68
46 11 11 64
46 11 12 67
46 11 14 74
46 12 3 66
46 12 4 70
46 12 5 70
46 12 6 65
46 12 7 66
46 12 8 66
46 12 9 68
46 12 13 71
46 14 0 67
46 14 1 71
46 14 2 71
46 14 3 66
46 14 6 67
46 14 9 67
46 14 12 69
46 14 14 72
47 3 0 50
47 3 2 48
47 3 4 52
47 3 5 51
47 3 6 48
47 3 7 46
47 3 8 44
47 3 11 45
47 4 2 48
47 4 4 46
47 4 6 50
47 4 7 49
47 4 8 46
47 4 10 44
47 4 11 42
47 4 12 43
47 9 0 47
47 9 1 54
47 9 6 53
47 9 7 49
47 9 8 47
47 9 11 51
47 9 12 49
47 9 13 48
47 11 0 51
47 11 1 49
47 11 2 53
47 11 3 52
47 11 5 49
47 11 11 47
47 11 12 45
47 11 14 46
48 2 0 14
48 2 2 14
48 2 3 15
48 2 5 15
48 2 8 13
48 2 9 12
48 2 13 13
48 2 14 14
48 4 2 14
48 4 4 14
48 4 6 15
48 4 7 15
48 4 8 13
48 4 10 12
48 4 11 13
48 4 12 14
48 9 0 15
48 9 1 15
48 9 6 16
48 9 7 16
48 9 8 14
48 9 11 13
48 9 12 14
48 9 13 15
48 12 3 15
48 12 4 15
48 12 5 16
48 12 6 16
48 12 7 14
48 12 8 13
48 12 9 14
48 12 13 15
49 0 0 93
49 0 1 91
49 0 3 95
49 0 4 94
49 0 9 91
49 0 10 89
49 0 12 97
49 0 13 88
49 5 2 91
49 5 6 89
49 5 7 93
49 5 9 92
49 5 10 89
49 5 11 87
49 5 13 95
49 5 14 86
49 13 0 95
49 13 1 93
49 13 4 97
49 13 8 96
49 13 9 93
49 13 10 91
49 13 11 99
49 13 12 90
49 14 0 94
49 14 1 92
49 14 2 96
49 14 3 95
49 14 6 92
49 14 9 90
49 14 12 98
49 14 14 89
50 3 0 89
50 3 2 87
50 3 4 91
50 3 5 90
50 3 6 87
50 3 7 85
50 3 8 93
50 3 11 84
50 4 2 82
50 4 4 82
50 4 6 87
50 4 7 90
50 4 8 81
50 4 10 87
50 4 11 84
50 4 12 84
50 6 1 91
50 6 2 89
50 6 3 93
50 6 6 92
50 6 8 89
50 6 9 87
50 6 10 95
50 6 13 86
50 7 3 90
50 7 4 88
50 7 6 92
50 7 7 91
50 7 11 88
50 7 12 86
50 7 13 94
50 7 14 85
50 12 3 82
50 12 4 82
50 12 5 87
50 12 6 90
50 12 7 81
50 12 8 87
50 12 9 84
50 12 13 84
51 1 0 29
51 1 1 29
51 1 2 29
51 1 3 26
51 1 5 27
51 1 11 29
51 1 13 27
51 1 14 26
51 13 0 29
51 13 1 29
51 13 4 29
51 13 8 26
51 13 9 27
51 13 10 29
51 13 11 27
51 13 12 26
51 14 0 29
51 14 1 29
51 14 2 29
51 14 3 26
51 14 6 27
51 14 9 29
51 14 12 27
51 14 14 26
52 0 0 69
52 0 1 73
52 0 3 73
52 0 4 68
52 0 9 69
52 0 10 69
52 0 12 71
52 0 13 74
52 3 0 73
52 3 2 74
52 3 4 77
52 3 5 79
52 3 6 70
52 3 7 66
52 3 8 69
52 3 11 76
52 5 2 73
52 5 6 74
52 5 7 77
52 5 9 79
52 5 10 70
52 5 11 66
52 5 13 69
52 5 14 76
52 14 0 68
52 14 1 72
52 14 2 72
52 14 3 67
52 14 6 68
52 14 9 68
52 14 12 70
52 14 14 73
53 1 0 9
53 1 1 9
53 1 2 9
53 1 3 9
53 1 5 8
53 1 11 8
53 1 13 8
53 1 14 9
53 2 0 9
53 2 2 9
53 2 3 9
53 2 5 9
53 2 8 8
53 2 9 8
53 2 13 8
53 2 14 9
53 5 2 9
53 5 6 9
53 5 7 9
53 5 9 9
53 5 10 8
53 5 11 8
53 5 13 8
53 5 14 9
53 7 3 9
53 7 4 9
53 7 6 9
53 7 7 9
53 7 11 8
53 7 12 8
53 7 13 8
53 7 14 9
54 5 2 78
54 5 6 79
54 5 7 82
54 5 9 84
54 5 10 75
54 5 11 71
54 5 13 74
54 5 14 81
54 6 1 79
54 6 2 80
54 6 3 83
54 6 6 85
54 6 8 76
54 6 9 72
54 6 10 75
54 6 13 82
54 7 3 88
54 7 4 82
54 7 6 82
54 7 7 85
54 7 11 80
54 7 12 88
54 7 13 74
54 7 14 73
54 12 3 90
54 12 4 84
54 12 5 84
54 12 6 87
54 12 7 82
54 12 8 90
54 12 9 76
54 12 13 75
55 10 0 80
55 10 1 79
55 10 3 86
55 10 7 72
55 10 8 77
55 10 10 77
55 10 13 87
55 10 14 78
55 11 0 79
55 11 1 80
55 11 2 83
55 11 3 85
55 11 5 76
55 11 11 72
55 11 12 75
55 11 14 82
55 13 0 92
55 13 1 86
55 13 4 86
55 13 8 89
55 13 9 84
55 13 10 92
55 13 11 78
55 13 12 77
56 0 0 21
56 0 1 21
56 0 3 21
56 0 4 18
56 0 9 19
56 0 10 21
56 0 12 19
56 0 13 18
56 2 0 21
56 2 2 21
56 2 3 21
56 2 5 18
56 2 8 19
56 2 9 21
56 2 13 19
56 2 14 18
56 5 2 21
56 5 6 21
56 5 7 21
56 5 9 18
56 5 10 19
56 5 11 21
56 5 13 19
56 5 14 18
57 8 1 65
57 8 4 69
57 8 5 69
57 8 6 64
57 8 9 65
57 8 10 65
57 8 11 67
57 8 12 70
57 12 3 69
57 12 4 73
57 12 5 73
57 12 6 68
57 12 7 69
57 12 8 69
57 12 9 71
57 12 13 74
57 13 0 69
57 13 1 73
57 13 4 73
57 13 8 68
57 13 9 69
57 13 10 69
57 13 11 71
57 13 12 74
57 14 0 64
57 14 1 68
57 14 2 68
57 14 3 63
57 14 6 64
57 14 9 64
57 14 12 66
57 14 14 69
58 0 0 36
58 0 1 36
58 0 3 38
58 0 4 39
58 0 9 34
58 0 10 32
58 0 12 34
58 0 13 37
58 6 1 36
58 6 2 36
58 6 3 38
58 6 6 39
58 6 8 34
58 6 9 32
58 6 10 34
58 6 13 37
58 9 0 38
58 9 1 38
58 9 6 40
58 9 7 41
58 9 8 36
58 9 11 34
58 9 12 36
58 9 13 39
58 10 0 39
58 10 1 39
58 10 3 41
58 10 7 42
58 10 8 37
58 10 10 35
58 10 13 37
58 10 14 40
58 11 0 34
58 11 1 34
58 11 2 36
58 11 3 37
58 11 5 32
58 11 11 30
58 11 12 32
58 11 14 35
59 6 1 9
59 6 2 9
59 6 3 9
59 6 6 9
59 6 8 8
59 6 9 8
59 6 10 8
59 6 13 9
59 8 1 9
59 8 4 9
59 8 5 9
59 8 6 9
59 8 9 8
59 8 10 8
59 8 11 8
59 8 12 9
59 14 0 9
59 14 1 9
59 14 2 9
59 14 3 9
59 14 6 8
59 14 9 8
59 14 12 8
59 14 14 9
60 0 0 93
60 0 1 91
60 0 3 95
60 0 4 94
60 0 9 91
60 0 10 89
60 0 12 97
60 0 13 88
60 3 0 91
60 3 2 89
60 3 4 93
60 3 5 92
60 3 6 89
60 3 7 87
60 3 8 95
60 3 11 86
60 5 2 95
60 5 6 93
60 5 7 97
60 5 9 96
60 5 10 93
60 5 11 91
60 5 13 99
60 5 14 90
60 9 0 94
60 9 1 92
60 9 6 96
60 9 7 95
60 9 8 92
60 9 11 90
60 9 12 98
60 9 13 89
60 14 0 91
60 14 1 89
60 14 2 93
60 14 3 92
60 14 6 89
60 14 9 87
60 14 12 95
60 14 14 86
61 9 0 49
61 9 1 47
61 9 6 51
61 9 7 50
61 9 8 47
61 9 11 45
61 9 12 43
61 9 13 44
61 10 0 47
61 10 1 45
61 10 3 49
61 10 7 48
61 10 8 45
61 10 10 43
61 10 13 41
61 10 14 42
61 11 0 51
61 11 1 49
61 11 2 53
61 11 3 52
61 11 5 49
61 11 11 47
61 11 12 45
61 11 14 46
62 5 2 89
62 5 6 87
62 5 7 91
62 5 9 90
62 5 10 87
62 5 11 85
62 5 13 93
62 5 14 84
62 8 1 82
62 8 4 82
62 8 5 87
62 8 6 90
62 8 9 81
62 8 10 87
62 8 11 84
62 8 12 84
62 11 0 91
62 11 1 89
62 11 2 93
62 11 3 92
62 11 5 89
62 11 11 87
62 11 12 95
62 11 14 86
62 12 3 90
62 12 4 88
62 12 5 92
62 12 6 91
62 12 7 88
62 12 8 86
62 12 9 94
62 12 13 85
63 2 0 68
63 2 2 72
63 2 3 72
63 2 5 67
63 2 8 68
63 2 9 68
63 2 13 70
63 2 14 73
63 12 3 72
63 12 4 73
63 12 5 76
63 12 6 78
63 12 7 69
63 12 8 65
63 12 9 68
63 12 13 75
63 13 0 72
63 13 1 73
63 13 4 76
63 13 8 78
63 13 9 69
63 13 10 65
63 13 11 68
63 13 12 75
64 2 0 92
64 2 2 90
64 2 3 94
64 2 5 93
64 2 8 90
64 2 9 88
64 2 13 96
64 2 14 87
64 7 3 90
64 7 4 88
64 7 6 92
64 7 7 91
64 7 11 88
64 7 12 86
64 7 13 94
64 7 14 85
64 9 0 94
64 9 1 92
64 9 6 96
64 9 7 95
64 9 8 92
64 9 11 90
64 9 12 98
64 9 13 89
64 10 0 93
64 10 1 91
64 10 3 95
64 10 7 94
64 10 8 91
64 10 10 89
64 10 13 97
64 10 14 88
65 3 0 80
65 3 2 79
65 3 4 86
65 3 5 72
65 3 6 77
65 3 7 77
65 3 8 87
65 3 11 78
65 8 1 79
65 8 4 80
65 8 5 83
65 8 6 85
65 8 9 76
65 8 10 72
65 8 11 75
65 8 12 82
65 9 0 92
65 9 1 86
65 9 6 86
65 9 7 89
65 9 8 84
65 9 11 92
65 9 12 78
65 9 13 77
65 10 0 72
65 10 1 73
65 10 3 76
65 10 7 78
65 10 8 69
65 10 10 65
65 10 13 68
65 10 14 75
65 14 0 77
65 14 1 78
65 14 2 81
65 14 3 83
65 14 6 74
65 14 9 70
65 14 12 73
65 14 14 80
66 8 1 47
66 8 4 54
66 8 5 53
66 8 6 49
66 8 9 47
66 8 10 51
66 8 11 49
66 8 12 48
66 9 0 50
66 9 1 48
66 9 6 52
66 9 7 51
66 9 8 48
66 9 11 46
66 9 12 44
66 9 13 45
66 12 3 49
66 12 4 55
66 12 5 55
66 12 6 46
66 12 7 47
66 12 8 49
66 12 9 53
66 12 13 52
66 13 0 48
66 13 1 54
66 13 4 54
66 13 8 45
66 13 9 46
66 13 10 48
66 13 11 52
66 13 12 51
67 8 1 50
67 8 4 48
67 8 5 52
67 8 6 51
67 8 9 48
67 8 10 46
67 8 11 44
67 8 12 45
67 9 0 51
67 9 1 57
67 9 6 57
67 9 7 48
67 9 8 49
67 9 11 51
67 9 12 55
67 9 13 54
67 11 0 51
67 11 1 57
67 11 2 57
67 11 3 48
67 11 5 49
67 11 11 51
67 11 12 55
67 11 14 54
68 1 0 17
68 1 1 17
68 1 2 18
68 1 3 18
68 1 5 16
68 1 11 15
68 1 13 16
68 1 14 17
68 3 0 17
68 3 2 17
68 3 4 18
68 3 5 18
68 3 6 16
68 3 7 15
68 3 8 16
68 3 11 17
68 7 3 18
68 7 4 18
68 7 6 19
68 7 7 19
68 7 11 17
68 7 12 16
68 7 13 17
68 7 14 18
68 9 0 18
68 9 1 18
68 9 6 19
68 9 7 19
68 9 8 17
68 9 11 16
68 9 12 17
68 9 13 18
68 14 0 16
68 14 1 16
68 14 2 17
68 14 3 17
68 14 6 15
68 14 9 14
68 14 12 15
68 14 14 16
69 3 0 26
69 3 2 26
69 3 4 26
69 3 5 23
69 3 6 24
69 3 7 26
69 3 8 24
69 3 11 23
69 6 1 26
69 6 2 26
69 6 3 26
69 6 6 23
69 6 8 24
69 6 9 26
69 6 10 24
69 6 13 23
69 7 3 26
69 7 4 26
69 7 6 26
69 7 7 23
69 7 11 24
69 7 12 26
69 7 13 24
69 7 14 23
69 10 0 23
69 10 1 23
69 10 3 23
69 10 7 20
69 10 8 21
69 10 10 23
69 10 13 21
69 10 14 20
69 13 0 24
69 13 1 24
69 13 4 24
69 13 8 21
69 13 9 22
69 13 10 24
69 13 11 22
69 13 12 21
70 1 0 22
70 1 1 22
70 1 2 22
70 1 3 19
70 1 5 20
70 1 11 22
70 1 13 20
70 1 14 19
70 2 0 22
70 2 2 22
70 2 3 22
70 2 5 19
70 2 8 20
70 2 9 22
70 2 13 20
70 2 14 19
70 11 0 22
70 11 1 22
70 11 2 22
70 11 3 19
70 11 5 20
70 11 11 22
70 11 12 20
70 11 14 19
70 14 0 19
70 14 1 19
70 14 2 20
70 14 3 20
70 14 6 18
70 14 9 17
70 14 12 18
70 14 14 19
71 3 0 24
71 3 2 24
71 3 4 24
71 3 5 21
71 3 6 22
71 3 7 24
71 3 8 22
71 3 11 21
71 11 0 24
71 11 1 24
71 11 2 24
71 11 3 21
71 11 5 22
71 11 11 24
71 11 12 22
71 11 14 21
71 14 0 24
71 14 1 24
71 14 2 24
71 14 3 21
71 14 6 22
71 14 9 24
71 14 12 22
71 14 14 21
72 1 0 51
72 1 1 49
72 1 2 53
72 1 3 52
72 1 5 49
72 1 11 47
72 1 13 45
72 1 14 46
72 9 0 52
72 9 1 58
72 9 6 58
72 9 7 49
72 9 8 50
72 9 11 52
72 9 12 56
72 9 13 55
72 13 0 52
72 13 1 58
72 13 4 58
72 13 8 49
72 13 9 50
72 13 10 52
72 13 11 56
72 13 12 55
73 5 2 48
73 5 6 54
73 5 7 54
73 5 9 45
73 5 10 46
73 5 11 48
73 5 13 52
73 5 14 51
73 7 3 51
73 7 4 49
73 7 6 53
73 7 7 52
73 7 11 49
73 7 12 47
73 7 13 45
73 7 14 46
73 14 0 50
73 14 1 56
73 14 2 56
73 14 3 47
73 14 6 48
73 14 9 50
73 14 12 54
73 14 14 53
74 1 0 23
74 1 1 23
74 1 2 23
74 1 3 20
74 1 5 21
74 1 11 23
74 1 13 21
74 1 14 20
74 6 1 23
74 6 2 23
74 6 3 23
74 6 6 20
74 6 8 21
74 6 9 23
74 6 10 21
74 6 13 20
74 9 0 23
74 9 1 23
74 9 6 23
74 9 7 20
74 9 8 21
74 9 11 23
74 9 12 21
74 9 13 20
74 14 0 20
74 14 1 18
74 14 2 22
74 14 3 21
74 14 6 18
74 14 9 21
74 14 12 19
74 14 14 20
75 0 0 68
75 0 1 72
75 0 3 72
75 0 4 67
75 0 9 68
75 0 10 68
75 0 12 70
75 0 13 73
75 3 0 72
75 3 2 73
75 3 4 76
75 3 5 78
75 3 6 69
75 3 7 65
75 3 8 68
75 3 11 75
75 8 1 72
75 8 4 73
75 8 5 76
75 8 6 78
75 8 9 69
75 8 10 65
75 8 11 68
75 8 12 75
75 12 3 67
75 12 4 71
75 12 5 71
75 12 6 66
75 12 7 67
75 12 8 67
75 12 9 69
75 12 13 72
75 14 0 68
75 14 1 72
75 14 2 72
75 14 3 67
75 14 6 68
75 14 9 68
75 14 12 70
75 14 14 73
76 8 1 51
76 8 4 49
76 8 5 53
76 8 6 52
76 8 9 49
76 8 10 47
76 8 11 45
76 8 12 46
76 13 0 49
76 13 1 47
76 13 4 51
76 13 8 50
76 13 9 47
76 13 10 45
76 13 11 43
76 13 12 44
76 14 0 48
76 14 1 54
76 14 2 54
76 14 3 45
76 14 6 46
76 14 9 48
76 14 12 52
76 14 14 51
77 1 0 45
77 1 1 43
77 1 2 47
77 1 3 46
77 1 5 43
77 1 11 41
77 1 13 39
77 1 14 40
77 3 0 43
77 3 2 41
77 3 4 45
77 3 5 44
77 3 6 41
77 3 7 39
77 3 8 37
77 3 11 38
77 9 0 47
77 9 1 45
77 9 6 49
77 9 7 48
77 9 8 45
77 9 11 43
77 9 12 41
77 9 13 42
78 1 0 38
78 1 1 38
78 1 2 40
78 1 3 41
78 1 5 36
78 1 11 34
78 1 13 36
78 1 14 39
78 8 1 38
78 8 4 38
78 8 5 40
78 8 6 41
78 8 9 36
78 8 10 34
78 8 11 36
78 8 12 39
78 9 0 42
78 9 1 36
78 9 6 36
78 9 7 39
78 9 8 43
78 9 11 42
78 9 12 37
78 9 13 36
78 11 0 43
78 11 1 41
78 11 2 45
78 11 3 44
78 11 5 41
78 11 11 39
78 11 12 37
78 11 14 38
79 6 1 82
79 6 2 82
79 6 3 87
79 6 6 90
79 6 8 81
79 6 9 87
79 6 10 84
79 6 13 84
79 8 1 94
79 8 4 88
79 8 5 88
79 8 6 91
79 8 9 86
79 8 10 94
79 8 11 80
79 8 12 79
79 14 0 89
79 14 1 87
79 14 2 91
79 14 3 90
79 14 6 87
79 14 9 85
79 14 12 93
79 14 14 84
80 3 0 37
80 3 2 37
80 3 4 39
80 3 5 40
80 3 6 35
80 3 7 33
80 3 8 35
80 3 11 38
80 7 3 37
80 7 4 37
80 7 6 39
80 7 7 40
80 7 11 35
80 7 12 33
80 7 13 35
80 7 14 38
80 12 3 39
80 12 4 39
80 12 5 41
80 12 6 42
80 12 7 37
80 12 8 35
80 12 9 37
80 12 13 40
81 2 0 35
81 2 2 35
81 2 3 37
81 2 5 38
81 2 8 33
81 2 9 31
81 2 13 33
81 2 14 36
81 3 0 35
81 3 2 35
81 3 4 37
81 3 5 38
81 3 6 33
81 3 7 31
81 3 8 33
81 3 11 36
81 5 2 37
81 5 6 37
81 5 7 39
81 5 9 40
81 5 10 35
81 5 11 33
81 5 13 35
81 5 14 38
81 6 1 38
81 6 2 38
81 6 3 40
81 6 6 41
81 6 8 36
81 6 9 34
81 6 10 36
81 6 13 39
81 9 0 33
81 9 1 33
81 9 6 35
81 9 7 36
81 9 8 31
81 9 11 29
81 9 12 31
81 9 13 34
82 3 0 27
82 3 2 27
82 3 4 27
82 3 5 24
82 3 6 25
82 3 7 27
82 3 8 25
82 3 11 24
82 9 0 27
82 9 1 27
82 9 6 27
82 9 7 24
82 9 8 25
82 9 11 27
82 9 12 25
82 9 13 24
82 10 0 27
82 10 1 27
82 10 3 27
82 10 7 24
82 10 8 25
82 10 10 27
82 10 13 25
82 10 14 24
83 0 0 12
83 0 1 12
83 0 3 13
83 0 4 13
83 0 9 11
83 0 10 10
83 0 12 11
83 0 13 12
83 1 0 12
83 1 1 12
83 1 2 13
83 1 3 13
83 1 5 11
83 1 11 10
83 1 13 11
83 1 14 12
83 3 0 13
83 3 2 13
83 3 4 14
83 3 5 14
83 3 6 12
83 3 7 11
83 3 8 12
83 3 11 13
83 5 2 13
83 5 6 13
83 5 7 14
83 5 9 14
83 5 10 12
83 5 11 11
83 5 13 12
83 5 14 13
83 9 0 11
83 9 1 11
83 9 6 12
83 9 7 12
83 9 8 10
83 9 11 9
83 9 12 10
83 9 13 11
84 1 0 92
84 1 1 90
84 1 2 94
84 1 3 93
84 1 5 90
84 1 11 88
84 1 13 96
84 1 14 87
84 8 1 95
84 8 4 89
84 8 5 89
84 8 6 92
84 8 9 87
84 8 10 95
84 8 11 81
84 8 12 80
84 9 0 95
84 9 1 89
84 9 6 89
84 9 7 92
84 9 8 87
84 9 11 95
84 9 12 81
84 9 13 80
84 13 0 89
84 13 1 87
84 13 4 91
84 13 8 90
84 13 9 87
84 13 10 85
84 13 11 93
84 13 12 84
85 8 1 36
85 8 4 36
85 8 5 38
85 8 6 39
85 8 9 34
85 8 10 32
85 8 11 34
85 8 12 37
85 9 0 36
85 9 1 36
85 9 6 38
85 9 7 39
85 9 8 34
85 9 11 32
85 9 12 34
85 9 13 37
85 11 0 38
85 11 1 38
85 11 2 40
85 11 3 41
85 11 5 36
85 11 11 34
85 11 12 36
85 11 14 39
85 14 0 39
85 14 1 39
85 14 2 41
85 14 3 42
85 14 6 37
85 14 9 35
85 14 12 37
85 14 14 40
86 2 0 38
86 2 2 38
86 2 3 40
86 2 5 41
86 2 8 36
86 2 9 34
86 2 13 36
86 2 14 39
86 6 1 38
86 6 2 38
86 6 3 40
86 6 6 41
86 6 8 36
86 6 9 34
86 6 10 36
86 6 13 39
86 8 1 42
86 8 4 36
86 8 5 36
86 8 6 39
86 8 9 43
86 8 10 42
86 8 11 37
86 8 12 36
86 13 0 43
86 13 1 41
86 13 4 45
86 13 8 44
86 13 9 41
86 13 10 39
86 13 11 37
86 13 12 38
87 0 0 65
87 0 1 69
87 0 3 69
87 0 4 64
87 0 9 65
87 0 10 65
87 0 12 67
87 0 13 70
87 4 2 69
87 4 4 73
87 4 6 73
87 4 7 68
87 4 8 69
87 4 10 69
87 4 11 71
87 4 12 74
87 8 1 69
87 8 4 73
87 8 5 73
87 8 6 68
87 8 9 69
87 8 10 69
87 8 11 71
87 8 12 74
88 2 0 75
88 2 2 76
88 2 3 79
88 2 5 81
88 2 8 72
88 2 9 68
88 2 13 71
88 2 14 78
88 3 0 76
88 3 2 77
88 3 4 80
88 3 5 82
88 3 6 73
88 3 7 69
88 3 8 72
88 3 11 79
88 9 0 79
88 9 1 80
88 9 6 83
88 9 7 85
88 9 8 76
88 9 11 72
88 9 12 75
88 9 13 82
89 2 0 16
89 2 2 16
89 2 3 17
89 2 5 17
89 2 8 15
89 2 9 14
89 2 13 15
89 2 14 16
89 4 2 16
89 4 4 16
89 4 6 17
89 4 7 17
89 4 8 15
89 4 10 14
89 4 11 15
89 4 12 16
89 7 3 17
89 7 4 17
89 7 6 18
89 7 7 18
89 7 11 16
89 7 12 15
89 7 13 16
89 7 14 17
89 11 0 17
89 11 1 17
89 11 2 18
89 11 3 18
89 11 5 16
89 11 11 15
89 11 12 16
89 11 14 17
89 12 3 15
89 12 4 15
89 12 5 16
89 12 6 16
89 12 7 14
89 12 8 13
89 12 9 14
89 12 13 15
90 7 3 95
90 7 4 89
90 7 6 89
90 7 7 92
90 7 11 87
90 7 12 95
90 7 13 81
90 7 14 80
90 10 0 93
90 10 1 87
90 10 3 87
90 10 7 90
90 10 8 85
90 10 10 93
90 10 13 79
90 10 14 78
90 12 3 88
90 12 4 86
90 12 5 90
90 12 6 89
90 12 7 86
90 12 8 84
90 12 9 92
90 12 13 83
90 14 0 82
90 14 1 82
90 14 2 87
90 14 3 90
90 14 6 81
90 14 9 87
90 14 12 84
90 14 14 84
91 1 0 65
91 1 1 69
91 1 2 69
91 1 3 64
91 1 5 65
91 1 11 65
91 1 13 67
91 1 14 70
91 4 2 69
91 4 4 73
91 4 6 73
91 4 7 68
91 4 8 69
91 4 10 69
91 4 11 71
91 4 12 74
91 5 2 69
91 5 6 73
91 5 7 73
91 5 9 68
91 5 10 69
91 5 11 69
91 5 13 71
91 5 14 74
91 14 0 64
91 14 1 68
91 14 2 68
91 14 3 63
91 14 6 64
91 14 9 64
91 14 12 66
91 14 14 69
92 2 0 32
92 2 2 32
92 2 3 34
92 2 5 35
92 2 8 30
92 2 9 28
92 2 13 30
92 2 14 33
92 6 1 32
92 6 2 32
92 6 3 34
92 6 6 35
92 6 8 30
92 6 9 28
92 6 10 30
92 6 13 33
92 10 0 34
92 10 1 34
92 10 3 36
92 10 7 37
92 10 8 32
92 10 10 30
92 10 13 32
92 10 14 35
92 13 0 35
92 13 1 35
92 13 4 37
92 13 8 38
92 13 9 33
92 13 10 31
92 13 11 33
92 13 12 36
93 3 0 18
93 3 2 18
93 3 4 19
93 3 5 19
93 3 6 17
93 3 7 16
93 3 8 17
93 3 11 18
93 4 2 18
93 4 4 18
93 4 6 19
93 4 7 19
93 4 8 17
93 4 10 16
93 4 11 17
93 4 12 18
93 14 0 19
93 14 1 19
93 14 2 20
93 14 3 20
93 14 6 18
93 14 9 17
93 14 12 18
93 14 14 19
94 5 2 93
94 5 6 91
94 5 7 95
94 5 9 94
94 5 10 91
94 5 11 89
94 5 13 97
94 5 14 88
94 7 3 91
94 7 4 89
94 7 6 93
94 7 7 92
94 7 11 89
94 7 12 87
94 7 13 95
94 7 14 86
94 9 0 95
94 9 1 93
94 9 6 97
94 9 7 96
94 9 8 93
94 9 11 91
94 9 12 99
94 9 13 90
94 13 0 94
94 13 1 92
94 13 4 96
94 13 8 95
94 13 9 92
94 13 10 90
94 13 11 98
94 13 12 89
95 0 0 51
95 0 1 49
95 0 3 53
95 0 4 52
95 0 9 49
95 0 10 47
95 0 12 45
95 0 13 46
95 1 0 52
95 1 1 58
95 1 2 58
95 1 3 49
95 1 5 50
95 1 11 52
95 1 13 56
95 1 14 55
95 4 2 52
95 4 4 58
95 4 6 58
95 4 7 49
95 4 8 50
95 4 10 52
95 4 11 56
95 4 12 55
95 10 0 48
95 10 1 46
95 10 3 50
95 10 7 49
95 10 8 46
95 10 10 44
95 10 13 42
95 10 14 43
95 13 0 49
95 13 1 47
95 13 4 51
95 13 8 50
95 13 9 47
95 13 10 45
95 13 11 43
95 13 12 44
96 6 1 94
96 6 2 88
96 6 3 88
96 6 6 91
96 6 8 86
96 6 9 94
96 6 10 80
96 6 13 79
96 7 3 88
96 7 4 82
96 7 6 82
96 7 7 85
96 7 11 80
96 7 12 88
96 7 13 74
96 7 14 73
96 10 0 88
96 10 1 82
96 10 3 82
96 10 7 85
96 10 8 80
96 10 10 88
96 10 13 74
96 10 14 73
96 14 0 91
96 14 1 85
96 14 2 85
96 14 3 88
96 14 6 83
96 14 9 91
96 14 12 77
96 14 14 76
97 9 0 93
97 9 1 87
97 9 6 87
97 9 7 90
97 9 8 85
97 9 11 93
97 9 12 79
97 9 13 78
97 11 0 87
97 11 1 81
97 11 2 81
97 11 3 84
97 11 5 79
97 11 11 87
97 11 12 73
97 11 14 72
97 13 0 87
97 13 1 81
97 13 4 81
97 13 8 84
97 13 9 79
97 13 10 87
97 13 11 73
97 13 12 72
98 2 0 66
98 2 2 70
98 2 3 70
98 2 5 65
98 2 8 66
98 2 9 66
98 2 13 68
98 2 14 71
98 5 2 75
98 5 6 63
98 5 7 72
98 5 9 66
98 5 10 73
98 5 11 66
98 5 13 64
98 5 14 75
98 10 0 75
98 10 1 63
98 10 3 72
98 10 7 66
98 10 8 73
98 10 10 66
98 10 13 64
98 10 14 75
99 2 0 90
99 2 2 88
99 2 3 92
99 2 5 91
99 2 8 88
99 2 9 86
99 2 13 94
99 2 14 85
99 4 2 93
99 4 4 87
99 4 6 87
99 4 7 90
99 4 8 85
99 4 10 93
99 4 11 79
99 4 12 78
99 7 3 93
99 7 4 87
99 7 6 87
99 7 7 90
99 7 11 85
99 7 12 93
99 7 13 79
99 7 14 78
99 10 0 82
99 10 1 82
99 10 3 87
99 10 7 90
99 10 8 81
99 10 10 87
99 10 13 84
99 10 14 84
99 13 0 91
99 13 1 85
99 13 4 85
99 13 8 88
99 13 9 83
99 13 10 91
99 13 11 77
99 13 12 76
100 2 0 89
100 2 2 87
100 2 3 91
100 2 5 90
100 2 8 87
100 2 9 85
100 2 13 93
100 2 14 84
100 6 1 82
100 6 2 82
100 6 3 87
100 6 6 90
100 6 8 81
100 6 9 87
100 6 10 84
100 6 13 84
100 8 1 91
100 8 4 89
100 8 5 93
100 8 6 92
100 8 9 89
100 8 10 87
100 8 11 95
100 8 12 86
100 12 3 90
100 12 4 88
100 12 5 92
100 12 6 91
100 12 7 88
100 12 8 86
100 12 9 94
100 12 13 85
101 0 0 80
101 0 1 79
101 0 3 86
101 0 4 72
101 0 9 77
101 0 10 77
101 0 12 87
101 0 13 78
101 5 2 79
101 5 6 80
101 5 7 83
101 5 9 85
101 5 10 76
101 5 11 72
101 5 13 75
101 5 14 82
101 13 0 92
101 13 1 86
101 13 4 86
101 13 8 89
101 13 9 84
101 13 10 92
101 13 11 78
101 13 12 77
102 1 0 92
102 1 1 90
102 1 2 94
102 1 3 93
102 1 5 90
102 1 11 88
102 1 13 96
102 1 14 87
102 4 2 90
102 4 4 88
102 4 6 92
102 4 7 91
102 4 8 88
102 4 10 86
102 4 11 94
102 4 12 85
102 5 2 94
102 5 6 92
102 5 7 96
102 5 9 95
102 5 10 92
102 5 11 90
102 5 13 98
102 5 14 89
102 6 1 93
102 6 2 91
102 6 3 95
102 6 6 94
102 6 8 91
102 6 9 89
102 6 10 97
102 6 13 88
103 1 0 92
103 1 1 90
103 1 2 94
103 1 3 93
103 1 5 90
103 1 11 88
103 1 13 96
103 1 14 87
103 9 0 95
103 9 1 89
103 9 6 89
103 9 7 92
103 9 8 87
103 9 11 95
103 9 12 81
103 9 13 80
103 10 0 95
103 10 1 89
103 10 3 89
103 10 7 92
103 10 8 87
103 10 10 95
103 10 13 81
103 10 14 80
103 13 0 89
103 13 1 87
103 13 4 91
103 13 8 90
103 13 9 87
103 13 10 85
103 13 11 93
103 13 12 84
103 14 0 93
103 14 1 87
103 14 2 87
103 14 3 90
103 14 6 85
103 14 9 93
103 14 12 79
103 14 14 78
104 0 0 46
104 0 1 44
104 0 3 48
104 0 4 47
104 0 9 44
104 0 10 42
104 0 12 40
104 0 13 41
104 5 2 44
104 5 6 42
104 5 7 46
104 5 9 45
104 5 10 42
104 5 11 40
104 5 13 38
104 5 14 39
104 12 3 48
104 12 4 46
104 12 5 50
104 12 6 49
104 12 7 46
104 12 8 44
104 12 9 42
104 12 13 43
105 0 0 32
105 0 1 32
105 0 3 34
105 0 4 35
105 0 9 30
105 0 10 28
105 0 12 30
105 0 13 33
105 2 0 32
105 2 2 32
105 2 3 34
105 2 5 35
105 2 8 30
105 2 9 28
105 2 13 30
105 2 14 33
105 5 2 34
105 5 6 34
105 5 7 36
105 5 9 37
105 5 10 32
105 5 11 30
105 5 13 32
105 5 14 35
105 8 1 35
105 8 4 35
105 8 5 37
105 8 6 38
105 8 9 33
105 8 10 31
105 8 11 33
105 8 12 36
105 13 0 27
105 13 1 31
105 13 4 31
105 13 8 33
105 13 9 27
105 13 10 27
105 13 11 29
105 13 12 32
106 5 2 51
106 5 6 49
106 5 7 53
106 5 9 52
106 5 10 49
106 5 11 47
106 5 13 45
106 5 14 46
106 8 1 49
106 8 4 47
106 8 5 51
106 8 6 50
106 8 9 47
106 8 10 45
106 8 11 43
106 8 12 44
106 14 0 48
106 14 1 54
106 14 2 54
106 14 3 45
106 14 6 46
106 14 9 48
106 14 12 52
106 14 14 51
107 0 0 93
107 0 1 87
107 0 3 87
107 0 4 90
107 0 9 85
107 0 10 93
107 0 12 79
107 0 13 78
107 2 0 87
107 2 2 81
107 2 3 81
107 2 5 84
107 2 8 79
107 2 9 87
107 2 13 73
107 2 14 72
107 9 0 87
107 9 1 81
107 9 6 81
107 9 7 84
107 9 8 79
107 9 11 87
107 9 12 73
107 9 13 72
107 12 3 90
107 12 4 84
107 12 5 84
107 12 6 87
107 12 7 82
107 12 8 90
107 12 9 76
107 12 13 75
108 5 2 15
108 5 6 15
108 5 7 16
108 5 9 16
108 5 10 14
108 5 11 13
108 5 13 14
108 5 14 15
108 6 1 15
108 6 2 15
108 6 3 16
108 6 6 16
108 6 8 14
108 6 9 13
108 6 10 14
108 6 13 15
108 10 0 16
108 10 1 16
108 10 3 17
108 10 7 17
108 10 8 15
108 10 10 14
108 10 13 15
108 10 14 16
108 11 0 16
108 11 1 16
108 11 2 17
108 11 3 17
108 11 5 15
108 11 11 14
108 11 12 15
108 11 14 16
109 2 0 88
109 2 2 86
109 2 3 90
109 2 5 89
109 2 8 86
109 2 9 84
109 2 13 92
109 2 14 83
109 6 1 91
109 6 2 85
109 6 3 85
109 6 6 88
109 6 8 83
109 6 9 91
109 6 10 77
109 6 13 76
109 8 1 91
109 8 4 85
109 8 5 85
109 8 6 88
109 8 9 83
109 8 10 91
109 8 11 77
109 8 12 76
109 13 0 94
109 13 1 88
109 13 4 88
109 13 8 91
109 13 9 86
109 13 10 94
109 13 11 80
109 13 12 79
110 5 2 13
110 5 6 13
110 5 7 14
110 5 9 14
110 5 10 12
110 5 11 11
110 5 13 12
110 5 14 13
110 7 3 13
110 7 4 13
110 7 6 14
110 7 7 14
110 7 11 12
110 7 12 11
110 7 13 12
110 7 14 13
110 12 3 14
110 12 4 14
110 12 5 15
110 12 6 15
110 12 7 13
110 12 8 12
110 12 9 13
110 12 13 14
110 14 0 14
110 14 1 14
110 14 2 15
110 14 3 15
110 14 6 13
110 14 9 12
110 14 12 13
110 14 14 14
111 0 0 67
111 0 1 71
111 0 3 71
111 0 4 66
111 0 9 67
111 0 10 67
111 0 12 69
111 0 13 72
111 2 0 71
111 2 2 72
111 2 3 75
111 2 5 77
111 2 8 68
111 2 9 64
111 2 13 67
111 2 14 74
111 4 2 71
111 4 4 72
111 4 6 75
111 4 7 77
111 4 8 68
111 4 10 64
111 4 11 67
111 4 12 74
111 5 2 66
111 5 6 70
111 5 7 70
111 5 9 65
111 5 10 66
111 5 11 66
111 5 13 68
111 5 14 71
112 1 0 67
112 1 1 71
112 1 2 71
112 1 3 66
112 1 5 67
112 1 11 67
112 1 13 69
112 1 14 72
112 8 1 71
112 8 4 72
112 8 5 75
112 8 6 77
112 8 9 68
112 8 10 64
112 8 11 67
112 8 12 74
112 12 3 71
112 12 4 72
112 12 5 75
112 12 6 77
112 12 7 68
112 12 8 64
112 12 9 67
112 12 13 74
112 13 0 66
112 13 1 70
112 13 4 70
112 13 8 65
112 13 9 66
112 13 10 66
112 13 11 68
112 13 12 71
112 14 0 67
112 14 1 71
112 14 2 71
112 14 3 66
112 14 6 67
112 14 9 67
112 14 12 69
112 14 14 72
113 5 2 47
113 5 6 54
113 5 7 53
113 5 9 49
113 5 10 47
113 5 11 51
113 5 13 49
113 5 14 48
113 7 3 53
113 7 4 59
113 7 6 59
113 7 7 50
113 7 11 51
113 7 12 53
113 7 13 57
113 7 14 56
113 8 1 53
113 8 4 59
113 8 5 59
113 8 6 50
113 8 9 51
113 8 10 53
113 8 11 57
113 8 12 56
114 0 0 92
114 0 1 90
114 0 3 94
114 0 4 93
114 0 9 90
114 0 10 88
114 0 12 96
114 0 13 87
114 4 2 90
114 4 4 88
114 4 6 92
114 4 7 91
114 4 8 88
114 4 10 86
114 4 11 94
114 4 12 85
114 6 1 94
114 6 2 92
114 6 3 96
114 6 6 95
114 6 8 92
114 6 9 90
114 6 10 98
114 6 13 89
114 9 0 93
114 9 1 91
114 9 6 95
114 9 7 94
114 9 8 91
114 9 11 89
114 9 12 97
114 9 13 88
115 2 0 77
115 2 2 78
115 2 3 81
115 2 5 83
115 2 8 74
115 2 9 70
115 2 13 73
115 2 14 80
115 4 2 78
115 4 4 79
115 4 6 82
115 4 7 84
115 4 8 75
115 4 10 71
115 4 11 74
115 4 12 81
115 8 1 87
115 8 4 81
115 8 5 81
115 8 6 84
115 8 9 79
115 8 10 87
115 8 11 73
115 8 12 72
115 11 0 89
115 11 1 83
115 11 2 83
115 11 3 86
115 11 5 81
115 11 11 89
115 11 12 75
115 11 14 74
116 2 0 94
116 2 2 88
116 2 3 88
116 2 5 91
116 2 8 86
116 2 9 94
116 2 13 80
116 2 14 79
116 7 3 92
116 7 4 86
116 7 6 86
116 7 7 89
116 7 11 84
116 7 12 92
116 7 13 78
116 7 14 77
116 9 0 82
116 9 1 82
116 9 6 87
116 9 7 90
116 9 8 81
116 9 11 87
116 9 12 84
116 9 13 84
116 11 0 95
116 11 1 89
116 11 2 89
116 11 3 92
116 11 5 87
116 11 11 95
116 11 12 81
116 11 14 80
116 13 0 92
116 13 1 86
116 13 4 86
116 13 8 89
116 13 9 84
116 13 10 92
116 13 11 78
116 13 12 77
117 1 0 79
117 1 1 80
117 1 2 83
117 1 3 85
117 1 5 76
117 1 11 72
117 1 13 75
117 1 14 82
117 3 0 80
117 3 2 79
117 3 4 86
117 3 5 72
117 3 6 77
117 3 7 77
117 3 8 87
117 3 11 78
117 12 3 89
117 12 4 83
117 12 5 83
117 12 6 86
117 12 7 81
117 12 8 89
117 12 9 75
117 12 13 74
117 13 0 91
117 13 1 85
117 13 4 85
117 13 8 88
117 13 9 83
117 13 10 91
117 13 11 77
117 13 12 76
118 1 0 69
118 1 1 73
118 1 2 73
118 1 3 68
118 1 5 69
118 1 11 69
118 1 13 71
118 1 14 74
118 7 3 73
118 7 4 74
118 7 6 77
118 7 7 79
118 7 11 70
118 7 12 66
118 7 13 69
118 7 14 76
118 14 0 73
118 14 1 74
118 14 2 77
118 14 3 79
118 14 6 70
118 14 9 66
118 14 12 69
118 14 14 76
119 1 0 82
119 1 1 82
119 1 2 87
119 1 3 90
119 1 5 81
119 1 11 87
119 1 13 84
119 1 14 84
119 8 1 94
119 8 4 88
119 8 5 88
119 8 6 91
119 8 9 86
119 8 10 94
119 8 11 80
119 8 12 79
119 11 0 89
119 11 1 87
119 11 2 91
119 11 3 90
119 11 5 87
119 11 11 85
119 11 12 93
119 11 14 84
119 13 0 88
119 13 1 86
119 13 4 90
119 13 8 89
119 13 9 86
119 13 10 84
119 13 11 92
119 13 12 83
120 3 0 32
120 3 2 32
120 3 4 34
120 3 5 35
120 3 6 30
120 3 7 28
120 3 8 30
120 3 11 33
120 9 0 32
120 9 1 32
120 9 6 34
120 9 7 35
120 9 8 30
120 9 11 28
120 9 12 30
120 9 13 33
120 11 0 34
120 11 1 34
120 11 2 36
120 11 3 37
120 11 5 32
120 11 11 30
120 11 12 32
120 11 14 35
120 13 0 35
120 13 1 35
120 13 4 37
120 13 8 38
120 13 9 33
120 13 10 31
120 13 11 33
120 13 12 36
121 0 0 39
121 0 1 39
121 0 3 41
121 0 4 42
121 0 9 37
121 0 10 35
121 0 12 37
121 0 13 40
121 10 0 39
121 10 1 39
121 10 3 41
121 10 7 42
121 10 8 37
121 10 10 35
121 10 13 37
121 10 14 40
121 11 0 43
121 11 1 41
121 11 2 45
121 11 3 44
121 11 5 41
121 11 11 39
121 11 12 37
121 11 14 38
121 13 0 44
121 13 1 42
121 13 4 46
121 13 8 45
121 13 9 42
121 13 10 40
121 13 11 38
121 13 12 39
121 14 0 37
121 14 1 37
121 14 2 39
121 14 3 40
121 14 6 35
121 14 9 33
121 14 12 35
121 14 14 38
122 9 0 95
122 9 1 89
122 9 6 89
122 9 7 92
122 9 8 87
122 9 11 95
122 9 12 81
122 9 13 80
122 10 0 93
122 10 1 87
122 10 3 87
122 10 7 90
122 10 8 85
122 10 10 93
122 10 13 79
122 10 14 78
122 14 0 88
122 14 1 86
122 14 2 90
122 14 3 89
122 14 6 86
122 14 9 84
122 14 12 92
122 14 14 83
123 0 0 27
123 0 1 27
123 0 3 27
123 0 4 24
123 0 9 25
123 0 10 27
123 0 12 25
123 0 13 24
123 7 3 27
123 7 4 27
123 7 6 27
123 7 7 24
123 7 11 25
123 7 12 27
123 7 13 25
123 7 14 24
123 12 3 27
123 12 4 27
123 12 5 27
123 12 6 24
123 12 7 25
123 12 8 27
123 12 9 25
123 12 13 24
124 6 1 73
124 6 2 74
124 6 3 77
124 6 6 79
124 6 8 70
124 6 9 66
124 6 10 69
124 6 13 76
124 13 0 74
124 13 1 75
124 13 4 78
124 13 8 80
124 13 9 71
124 13 10 67
124 13 11 70
124 13 12 77
124 14 0 77
124 14 1 78
124 14 2 81
124 14 3 83
124 14 6 74
124 14 9 70
124 14 12 73
124 14 14 80
125 10 0 18
125 10 1 18
125 10 3 19
125 10 7 19
125 10 8 17
125 10 10 16
125 10 13 17
125 10 14 18
125 11 0 18
125 11 1 18
125 11 2 19
125 11 3 19
125 11 5 17
125 11 11 16
125 11 12 17
125 11 14 18
125 12 3 19
125 12 4 19
125 12 5 20
125 12 6 20
125 12 7 18
125 12 8 17
125 12 9 18
125 12 13 19
126 0 0 25
126 0 1 25
126 0 3 25
126 0 4 22
126 0 9 23
126 0 10 25
126 0 12 23
126 0 13 22
126 3 0 25
126 3 2 25
126 3 4 25
126 3 5 22
126 3 6 23
126 3 7 25
126 3 8 23
126 3 11 22
126 9 0 25
126 9 1 25
126 9 6 25
126 9 7 22
126 9 8 23
126 9 11 25
126 9 12 23
126 9 13 22
127 9 0 45
127 9 1 43
127 9 6 47
127 9 7 46
127 9 8 43
127 9 11 41
127 9 12 39
127 9 13 40
127 10 0 43
127 10 1 41
127 10 3 45
127 10 7 44
127 10 8 41
127 10 10 39
127 10 13 37
127 10 14 38
127 11 0 47
127 11 1 45
127 11 2 49
127 11 3 48
127 11 5 45
127 11 11 43
127 11 12 41
127 11 14 42
127 12 3 46
127 12 4 44
127 12 5 48
127 12 6 47
127 12 7 44
127 12 8 42
127 12 9 40
127 12 13 41
127 13 0 43
127 13 1 41
127 13 4 45
127 13 8 44
127 13 9 41
127 13 10 39
127 13 11 37
127 13 12 38
128 0 0 31
128 0 1 31
128 0 3 33
128 0 4 34
128 0 9 29
128 0 10 27
128 0 12 29
128 0 13 32
128 4 2 31
128 4 4 31
128 4 6 33
128 4 7 34
128 4 8 29
128 4 10 27
128 4 11 29
128 4 12 32
128 8 1 33
128 8 4 33
128 8 5 35
128 8 6 36
128 8 9 31
128 8 10 29
128 8 11 31
128 8 12 34
128 12 3 34
128 12 4 34
128 12 5 36
128 12 6 37
128 12 7 32
128 12 8 30
128 12 9 32
128 12 13 35
128 13 0 29
128 13 1 29
128 13 4 29
128 13 8 26
128 13 9 27
128 13 10 29
128 13 11 27
128 13 12 26
129 4 2 27
129 4 4 27
129 4 6 27
129 4 7 24
129 4 8 25
129 4 10 27
129 4 11 25
129 4 12 24
129 6 1 31
129 6 2 31
129 6 3 33
129 6 6 34
129 6 8 29
129 6 9 27
129 6 10 29
129 6 13 32
129 10 0 31
129 10 1 31
129 10 3 33
129 10 7 34
129 10 8 29
129 10 10 27
129 10 13 29
129 10 14 32
129 12 3 33
129 12 4 33
129 12 5 35
129 12 6 36
129 12 7 31
129 12 8 29
129 12 9 31
129 12 13 34
129 14 0 27
129 14 1 27
129 14 2 27
129 14 3 24
129 14 6 25
129 14 9 27
129 14 12 25
129 14 14 24
130 3 0 44
130 3 2 42
130 3 4 46
130 3 5 45
130 3 6 42
130 3 7 40
130 3 8 38
130 3 11 39
130 4 2 36
130 4 4 36
130 4 6 38
130 4 7 39
130 4 8 34
130 4 10 32
130 4 11 34
130 4 12 37
130 5 2 36
130 5 6 36
130 5 7 38
130 5 9 39
130 5 10 34
130 5 11 32
130 5 13 34
130 5 14 37
130 6 1 39
130 6 2 39
130 6 3 41
130 6 6 42
130 6 8 37
130 6 9 35
130 6 10 37
130 6 13 40
131 1 0 51
131 1 1 49
131 1 2 53
131 1 3 52
131 1 5 49
131 1 11 47
131 1 13 45
131 1 14 46
131 2 0 52
131 2 2 58
131 2 3 58
131 2 5 49
131 2 8 50
131 2 9 52
131 2 13 56
131 2 14 55
131 3 0 52
131 3 2 58
131 3 4 58
131 3 5 49
131 3 6 50
131 3 7 52
131 3 8 56
131 3 11 55
131 11 0 48
131 11 1 46
131 11 2 50
131 11 3 49
131 11 5 46
131 11 11 44
131 11 12 42
131 11 14 43
131 14 0 49
131 14 1 47
131 14 2 51
131 14 3 50
131 14 6 47
131 14 9 45
131 14 12 43
131 14 14 44
132 2 0 22
132 2 2 22
132 2 3 22
132 2 5 19
132 2 8 20
132 2 9 22
132 2 13 20
132 2 14 19
132 4 2 22
132 4 4 22
132 4 6 22
132 4 7 19
132 4 8 20
132 4 10 22
132 4 11 20
132 4 12 19
132 5 2 22
132 5 6 22
132 5 7 22
132 5 9 19
132 5 10 20
132 5 11 22
132 5 13 20
132 5 14 19
133 1 0 90
133 1 1 88
133 1 2 92
133 1 3 91
133 1 5 88
133 1 11 86
133 1 13 94
133 1 14 85
133 2 0 88
133 2 2 86
133 2 3 90
133 2 5 89
133 2 8 86
133 2 9 84
133 2 13 92
133 2 14 83
133 6 1 92
133 6 2 90
133 6 3 94
133 6 6 93
133 6 8 90
133 6 9 88
133 6 10 96
133 6 13 87
133 8 1 91
133 8 4 89
133 8 5 93
133 8 6 92
133 8 9 89
133 8 10 87
133 8 11 95
133 8 12 86
133 13 0 88
133 13 1 86
133 13 4 90
133 13 8 89
133 13 9 86
133 13 10 84
133 13 11 92
133 13 12 83
134 1 0 11
134 1 1 11
134 1 2 12
134 1 3 12
134 1 5 10
134 1 11 9
134 1 13 10
134 1 14 11
134 2 0 11
134 2 2 11
134 2 3 12
134 2 5 12
134 2 8 10
134 2 9 9
134 2 13 10
134 2 14 11
134 4 2 12
134 4 4 12
134 4 6 13
134 4 7 13
134 4 8 11
134 4 10 10
134 4 11 11
134 4 12 12
134 10 0 12
134 10 1 12
134 10 3 13
134 10 7 13
134 10 8 11
134 10 10 10
134 10 13 11
134 10 14 12
134 13 0 9
134 13 1 9
134 13 4 9
134 13 8 9
134 13 9 10
134 13 10 9
134 13 11 10
134 13 12 9
135 2 0 94
135 2 2 88
135 2 3 88
135 2 5 91
135 2 8 86
135 2 9 94
135 2 13 80
135 2 14 79
135 10 0 88
135 10 1 82
135 10 3 82
135 10 7 85
135 10 8 80
135 10 10 88
135 10 13 74
135 10 14 73
135 12 3 88
135 12 4 82
135 12 5 82
135 12 6 85
135 12 7 80
135 12 8 88
135 12 9 74
135 12 13 73
135 13 0 91
135 13 1 85
135 13 4 85
135 13 8 88
135 13 9 83
135 13 10 91
135 13 11 77
135 13 12 76
136 5 2 15
136 5 6 15
136 5 7 16
136 5 9 16
136 5 10 14
136 5 11 13
136 5 13 14
136 5 14 15
136 6 1 15
136 6 2 15
136 6 3 16
136 6 6 16
136 6 8 14
136 6 9 13
136 6 10 14
136 6 13 15
136 9 0 16
136 9 1 16
136 9 6 17
136 9 7 17
136 9 8 15
136 9 11 14
136 9 12 15
136 9 13 16
136 12 3 16
136 12 4 16
136 12 5 17
136 12 6 17
136 12 7 15
136 12 8 14
136 12 9 15
136 12 13 16
136 13 0 14
136 13 1 14
136 13 4 15
136 13 8 15
136 13 9 13
136 13 10 12
136 13 11 13
136 13 12 14
137 1 0 63
137 1 1 67
137 1 2 67
137 1 3 62
137 1 5 63
137 1 11 63
137 1 13 65
137 1 14 68
137 2 0 67
137 2 2 71
137 2 3 71
137 2 5 66
137 2 8 67
137 2 9 67
137 2 13 69
137 2 14 72
137 10 0 67
137 10 1 71
137 10 3 71
137 10 7 66
137 10 8 67
137 10 10 67
137 10 13 69
137 10 14 72
138 1 0 88
138 1 1 82
138 1 2 82
138 1 3 85
138 1 5 80
138 1 11 88
138 1 13 74
138 1 14 73
138 4 2 88
138 4 4 82
138 4 6 82
138 4 7 85
138 4 8 80
138 4 10 88
138 4 11 74
138 4 12 73
138 5 2 93
138 5 6 87
138 5 7 87
138 5 9 90
138 5 10 85
138 5 11 93
138 5 13 79
138 5 14 78
138 8 1 82
138 8 4 82
138 8 5 87
138 8 6 90
138 8 9 81
138 8 10 87
138 8 11 84
138 8 12 84
138 10 0 87
138 10 1 81
138 10 3 81
138 10 7 84
138 10 8 79
138 10 10 87
138 10 13 73
138 10 14 72
139 6 1 25
139 6 2 25
139 6 3 25
139 6 6 22
139 6 8 23
139 6 9 25
139 6 10 23
139 6 13 22
139 8 1 25
139 8 4 25
139 8 5 25
139 8 6 22
139 8 9 23
139 8 10 25
139 8 11 23
139 8 12 22
139 11 0 25
139 11 1 25
139 11 2 25
139 11 3 22
139 11 5 23
139 11 11 25
139 11 12 23
139 11 14 22
140 1 0 69
140 1 1 73
140 1 2 73
140 1 3 68
140 1 5 69
140 1 11 69
140 1 13 71
140 1 14 74
140 5 2 73
140 5 6 74
140 5 7 77
140 5 9 79
140 5 10 70
140 5 11 66
140 5 13 69
140 5 14 76
140 7 3 73
140 7 4 74
140 7 6 77
140 7 7 79
140 7 11 70
140 7 12 66
140 7 13 69
140 7 14 76
140 11 0 68
140 11 1 72
140 11 2 72
140 11 3 67
140 11 5 68
140 11 11 68
140 11 12 70
140 11 14 73
141 0 0 75
141 0 1 76
141 0 3 79
141 0 4 81
141 0 9 72
141 0 10 68
141 0 12 71
141 0 13 78
141 11 0 76
141 11 1 77
141 11 2 80
141 11 3 82
141 11 5 73
141 11 11 69
141 11 12 72
141 11 14 79
141 12 3 79
141 12 4 80
141 12 5 83
141 12 6 85
141 12 7 76
141 12 8 72
141 12 9 75
141 12 13 82
142 3 0 53
142 3 2 59
142 3 4 59
142 3 5 50
142 3 6 51
142 3 7 53
142 3 8 57
142 3 11 56
142 4 2 62
142 4 4 66
142 4 6 66
142 4 7 61
142 4 8 62
142 4 10 62
142 4 11 64
142 4 12 67
142 6 1 62
142 6 2 66
142 6 3 66
142 6 6 61
142 6 8 62
142 6 9 62
142 6 10 64
142 6 13 67
142 7 3 50
142 7 4 56
142 7 6 56
142 7 7 47
142 7 11 48
142 7 12 50
142 7 13 54
142 7 14 53
143 2 0 93
143 2 2 91
143 2 3 95
143 2 5 94
143 2 8 91
143 2 9 89
143 2 13 97
143 2 14 88
143 4 2 91
143 4 4 89
143 4 6 93
143 4 7 92
143 4 8 89
143 4 10 87
143 4 11 95
143 4 12 86
143 6 1 95
143 6 2 93
143 6 3 97
143 6 6 96
143 6 8 93
143 6 9 91
143 6 10 99
143 6 13 90
143 7 3 94
143 7 4 92
143 7 6 96
143 7 7 95
143 7 11 92
143 7 12 90
143 7 13 98
143 7 14 89
144 4 2 63
144 4 4 67
144 4 6 67
144 4 7 62
144 4 8 63
144 4 10 63
144 4 11 65
144 4 12 68
144 5 2 67
144 5 6 71
144 5 7 71
144 5 9 66
144 5 10 67
144 5 11 67
144 5 13 69
144 5 14 72
144 6 1 67
144 6 2 71
144 6 3 71
144 6 6 66
144 6 8 67
144 6 9 67
144 6 10 69
144 6 13 72
144 8 1 62
144 8 4 66
144 8 5 66
144 8 6 61
144 8 9 62
144 8 10 62
144 8 11 64
144 8 12 67
144 11 0 63
144 11 1 67
144 11 2 67
144 11 3 62
144 11 5 63
144 11 11 63
144 11 12 65
144 11 14 68
145 4 2 68
145 4 4 72
145 4 6 72
145 4 7 67
145 4 8 68
145 4 10 68
145 4 11 70
145 4 12 73
145 8 1 72
145 8 4 73
145 8 5 76
145 8 6 78
145 8 9 69
145 8 10 65
145 8 11 68
145 8 12 75
145 11 0 72
145 11 1 73
145 11 2 76
145 11 3 78
145 11 5 69
145 11 11 65
145 11 12 68
145 11 14 75
146 1 0 13
146 1 1 13
146 1 2 14
146 1 3 14
146 1 5 12
146 1 11 11
146 1 13 12
146 1 14 13
146 2 0 13
146 2 2 13
146 2 3 14
146 2 5 14
146 2 8 12
146 2 9 11
146 2 13 12
146 2 14 13
146 13 0 14
146 13 1 14
146 13 4 15
146 13 8 15
146 13 9 13
146 13 10 12
146 13 11 13
146 13 12 14
146 14 0 14
146 14 1 14
146 14 2 15
146 14 3 15
146 14 6 13
146 14 9 12
146 14 12 13
146 14 14 14
147 1 0 95
147 1 1 89
147 1 2 89
147 1 3 92
147 1 5 87
147 1 11 95
147 1 13 81
147 1 14 80
147 11 0 89
147 11 1 83
147 11 2 83
147 11 3 86
147 11 5 81
147 11 11 89
147 11 12 75
147 11 14 74
147 14 0 89
147 14 1 83
147 14 2 83
147 14 3 86
147 14 6 81
147 14 9 89
147 14 12 75
147 14 14 74
148 3 0 71
148 3 2 72
148 3 4 75
148 3 5 77
148 3 6 68
148 3 7 64
148 3 8 67
148 3 11 74
148 6 1 72
148 6 2 73
148 6 3 76
148 6 6 78
148 6 8 69
148 6 9 65
148 6 10 68
148 6 13 75
148 11 0 75
148 11 1 76
148 11 2 79
148 11 3 81
148 11 5 72
148 11 11 68
148 11 12 71
148 11 14 78
148 14 0 77
148 14 1 78
148 14 2 81
148 14 3 83
148 14 6 74
148 14 9 70
148 14 12 73
148 14 14 80
149 6 1 92
149 6 2 90
149 6 3 94
149 6 6 93
149 6 8 90
149 6 9 88
149 6 10 96
149 6 13 87
149 7 3 95
149 7 4 89
149 7 6 89
149 7 7 92
149 7 11 87
149 7 12 95
149 7 13 81
149 7 14 80
149 10 0 95
149 10 1 89
149 10 3 89
149 10 7 92
149 10 8 87
149 10 10 95
149 10 13 81
149 10 14 80
149 11 0 89
149 11 1 87
149 11 2 91
149 11 3 90
149 11 5 87
149 11 11 85
149 11 12 93
149 11 14 84
149 13 0 93
149 13 1 87
149 13 4 87
149 13 8 90
149 13 9 85
149 13 10 93
149 13 11 79
149 13 12 78
150 4 2 48
150 4 4 46
150 4 6 50
150 4 7 49
150 4 8 46
150 4 10 44
150 4 11 42
150 4 12 43
150 5 2 46
150 5 6 44
150 5 7 48
150 5 9 47
150 5 10 44
150 5 11 42
150 5 13 40
150 5 14 41
150 11 0 50
150 11 1 48
150 11 2 52
150 11 3 51
150 11 5 48
150 11 11 46
150 11 12 44
150 11 14 45
150 14 0 49
150 14 1 47
150 14 2 51
150 14 3 50
150 14 6 47
150 14 9 45
150 14 12 43
150 14 14 44
151 3 0 13
151 3 2 13
151 3 4 14
151 3 5 14
151 3 6 12
151 3 7 11
151 3 8 12
151 3 11 13
151 9 0 13
151 9 1 13
151 9 6 14
151 9 7 14
151 9 8 12
151 9 11 11
151 9 12 12
151 9 13 13
151 10 0 14
151 10 1 14
151 10 3 15
151 10 7 15
151 10 8 13
151 10 10 12
151 10 13 13
151 10 14 14
151 11 0 14
151 11 1 14
151 11 2 15
151 11 3 15
151 11 5 13
151 11 11 12
151 11 12 13
151 11 14 14
152 0 0 34
152 0 1 34
152 0 3 36
152 0 4 37
152 0 9 32
152 0 10 30
152 0 12 32
152 0 13 35
152 2 0 34
152 2 2 34
152 2 3 36
152 2 5 37
152 2 8 32
152 2 9 30
152 2 13 32
152 2 14 35
152 7 3 36
152 7 4 36
152 7 6 38
152 7 7 39
152 7 11 34
152 7 12 32
152 7 13 34
152 7 14 37
152 12 3 37
152 12 4 37
152 12 5 39
152 12 6 40
152 12 7 35
152 12 8 33
152 12 9 35
152 12 13 38
152 14 0 32
152 14 1 32
152 14 2 34
152 14 3 35
152 14 6 30
152 14 9 28
152 14 12 30
152 14 14 33
153 0 0 93
153 0 1 87
153 0 3 87
153 0 4 90
153 0 9 85
153 0 10 93
153 0 12 79
153 0 13 78
153 1 0 87
153 1 1 81
153 1 2 81
153 1 3 84
153 1 5 79
153 1 11 87
153 1 13 73
153 1 14 72
153 3 0 87
153 3 2 81
153 3 4 81
153 3 5 84
153 3 6 79
153 3 7 87
153 3 8 73
153 3 11 72
153 5 2 90
153 5 6 84
153 5 7 84
153 5 9 87
153 5 10 82
153 5 11 90
153 5 13 76
153 5 14 75
153 9 0 79
153 9 1 80
153 9 6 83
153 9 7 85
153 9 8 76
153 9 11 72
153 9 12 75
153 9 13 82
154 5 2 75
154 5 6 76
154 5 7 79
154 5 9 81
154 5 10 72
154 5 11 68
154 5 13 71
154 5 14 78
154 11 0 76
154 11 1 77
154 11 2 80
154 11 3 82
154 11 5 73
154 11 11 69
154 11 12 72
154 11 14 79
154 13 0 79
154 13 1 80
154 13 4 83
154 13 8 85
154 13 9 76
154 13 10 72
154 13 11 75
154 13 12 82
155 1 0 89
155 1 1 87
155 1 2 91
155 1 3 90
155 1 5 87
155 1 11 85
155 1 13 93
155 1 14 84
155 5 2 82
155 5 6 82
155 5 7 87
155 5 9 90
155 5 10 81
155 5 11 87
155 5 13 84
155 5 14 84
155 7 3 91
155 7 4 89
155 7 6 93
155 7 7 92
155 7 11 89
155 7 12 87
155 7 13 95
155 7 14 86
155 9 0 90
155 9 1 88
155 9 6 92
155 9 7 91
155 9 8 88
155 9 11 86
155 9 12 94
155 9 13 85
156 3 0 94
156 3 2 88
156 3 4 88
156 3 5 91
156 3 6 86
156 3 7 94
156 3 8 80
156 3 11 79
156 11 0 92
156 11 1 86
156 11 2 86
156 11 3 89
156 11 5 84
156 11 11 92
156 11 12 78
156 11 14 77
156 14 0 82
156 14 1 82
156 14 2 87
156 14 3 90
156 14 6 81
156 14 9 87
156 14 12 84
156 14 14 84
157 0 0 92
157 0 1 90
157 0 3 94
157 0 4 93
157 0 9 90
157 0 10 88
157 0 12 96
157 0 13 87
157 5 2 95
157 5 6 89
157 5 7 89
157 5 9 92
157 5 10 87
157 5 11 95
157 5 13 81
157 5 14 80
157 8 1 95
157 8 4 89
157 8 5 89
157 8 6 92
157 8 9 87
157 8 10 95
157 8 11 81
157 8 12 80
157 9 0 89
157 9 1 87
157 9 6 91
157 9 7 90
157 9 8 87
157 9 11 85
157 9 12 93
157 9 13 84
157 10 0 93
157 10 1 87
157 10 3 87
157 10 7 90
157 10 8 85
157 10 10 93
157 10 13 79
157 10 14 78
158 4 2 36
158 4 4 36
158 4 6 38
158 4 7 39
158 4 8 34
158 4 10 32
158 4 11 34
158 4 12 37
158 8 1 36
158 8 4 36
158 8 5 38
158 8 6 39
158 8 9 34
158 8 10 32
158 8 11 34
158 8 12 37
158 12 3 38
158 12 4 38
158 12 5 40
158 12 6 41
158 12 7 36
158 12 8 34
158 12 9 36
158 12 13 39
159 4 2 27
159 4 4 27
159 4 6 27
159 4 7 24
159 4 8 25
159 4 10 27
159 4 11 25
159 4 12 24
159 7 3 31
159 7 4 31
159 7 6 33
159 7 7 34
159 7 11 29
159 7 12 27
159 7 13 29
159 7 14 32
159 8 1 31
159 8 4 31
159 8 5 33
159 8 6 34
159 8 9 29
159 8 10 27
159 8 11 29
159 8 12 32
160 0 0 74
160 0 1 75
160 0 3 78
160 0 4 80
160 0 9 71
160 0 10 67
160 0 12 70
160 0 13 77
160 5 2 75
160 5 6 76
160 5 7 79
160 5 9 81
160 5 10 72
160 5 11 68
160 5 13 71
160 5 14 78
160 9 0 78
160 9 1 79
160 9 6 82
160 9 7 84
160 9 8 75
160 9 11 71
160 9 12 74
160 9 13 81
161 2 0 88
161 2 2 86
161 2 3 90
161 2 5 89
161 2 8 86
161 2 9 84
161 2 13 92
161 2 14 83
161 4 2 91
161 4 4 85
161 4 6 85
161 4 7 88
161 4 8 83
161 4 10 91
161 4 11 77
161 4 12 76
161 7 3 91
161 7 4 85
161 7 6 85
161 7 7 88
161 7 11 83
161 7 12 91
161 7 13 77
161 7 14 76
161 8 1 94
161 8 4 88
161 8 5 88
161 8 6 91
161 8 9 86
161 8 10 94
161 8 11 80
161 8 12 79
161 11 0 89
161 11 1 83
161 11 2 83
161 11 3 86
161 11 5 81
161 11 11 89
161 11 12 75
161 11 14 74
162 6 1 31
162 6 2 31
162 6 3 33
162 6 6 34
162 6 8 29
162 6 9 27
162 6 10 29
162 6 13 32
162 11 0 31
162 11 1 31
162 11 2 33
162 11 3 34
162 11 5 29
162 11 11 27
162 11 12 29
162 11 14 32
162 13 0 33
162 13 1 33
162 13 4 35
162 13 8 36
162 13 9 31
162 13 10 29
162 13 11 31
162 13 12 34
163 6 1 61
163 6 2 65
163 6 3 65
163 6 6 60
163 6 8 61
163 6 9 61
163 6 10 63
163 6 13 66
163 8 1 65
163 8 4 69
163 8 5 69
163 8 6 64
163 8 9 65
163 8 10 65
163 8 11 67
163 8 12 70
163 11 0 65
163 11 1 69
163 11 2 69
163 11 3 64
163 11 5 65
163 11 11 65
163 11 12 67
163 11 14 70
164 1 0 91
164 1 1 89
164 1 2 93
164 1 3 92
164 1 5 89
164 1 11 87
164 1 13 95
164 1 14 86
164 6 1 94
164 6 2 88
164 6 3 88
164 6 6 91
164 6 8 86
164 6 9 94
164 6 10 80
164 6 13 79
164 8 1 94
164 8 4 88
164 8 5 88
164 8 6 91
164 8 9 86
164 8 10 94
164 8 11 80
164 8 12 79
164 12 3 88
164 12 4 86
164 12 5 90
164 12 6 89
164 12 7 86
164 12 8 84
164 12 9 92
164 12 13 83
164 14 0 92
164 14 1 86
164 14 2 86
164 14 3 89
164 14 6 84
164 14 9 92
164 14 12 78
164 14 14 77
165 0 0 51
165 0 1 49
165 0 3 53
165 0 4 52
165 0 9 49
165 0 10 47
165 0 12 45
165 0 13 46
165 7 3 49
165 7 4 47
165 7 6 51
165 7 7 50
165 7 11 47
165 7 12 45
165 7 13 43
165 7 14 44
165 12 3 48
165 12 4 54
165 12 5 54
165 12 6 45
165 12 7 46
165 12 8 48
165 12 9 52
165 12 13 51
165 13 0 47
165 13 1 54
165 13 4 53
165 13 8 49
165 13 9 47
165 13 10 51
165 13 11 49
165 13 12 48
166 2 0 75
166 2 2 76
166 2 3 79
166 2 5 81
166 2 8 72
166 2 9 68
166 2 13 71
166 2 14 78
166 3 0 76
166 3 2 77
166 3 4 80
166 3 5 82
166 3 6 73
166 3 7 69
166 3 8 72
166 3 11 79
166 11 0 79
166 11 1 80
166 11 2 83
166 11 3 85
166 11 5 76
166 11 11 72
166 11 12 75
166 11 14 82
167 7 3 74
167 7 4 75
167 7 6 78
167 7 7 80
167 7 11 71
167 7 12 67
167 7 13 70
167 7 14 77
167 11 0 75
167 11 1 76
167 11 2 79
167 11 3 81
167 11 5 72
167 11 11 68
167 11 12 71
167 11 14 78
167 12 3 78
167 12 4 79
167 12 5 82
167 12 6 84
167 12 7 75
167 12 8 71
167 12 9 74
167 12 13 81
168 8 1 44
168 8 4 42
168 8 5 46
168 8 6 45
168 8 9 42
168 8 10 40
168 8 11 38
168 8 12 39
168 11 0 36
168 11 1 36
168 11 2 38
168 11 3 39
168 11 5 34
168 11 11 32
168 11 12 34
168 11 14 37
168 13 0 36
168 13 1 36
168 13 4 38
168 13 8 39
168 13 9 34
168 13 10 32
168 13 11 34
168 13 12 37
169 0 0 49
169 0 1 47
169 0 3 51
169 0 4 50
169 0 9 47
169 0 10 45
169 0 12 43
169 0 13 44
169 2 0 47
169 2 2 45
169 2 3 49
169 2 5 48
169 2 8 45
169 2 9 43
169 2 13 41
169 2 14 42
169 6 1 51
169 6 2 49
169 6 3 53
169 6 6 52
169 6 8 49
169 6 9 47
169 6 10 45
169 6 13 46
169 8 1 50
169 8 4 48
169 8 5 52
169 8 6 51
169 8 9 48
169 8 10 46
169 8 11 44
169 8 12 45
170 0 0 47
170 0 1 54
170 0 3 53
170 0 4 49
170 0 9 47
170 0 10 51
170 0 12 49
170 0 13 48
170 8 1 50
170 8 4 48
170 8 5 52
170 8 6 51
170 8 9 48
170 8 10 46
170 8 11 44
170 8 12 45
170 9 0 49
170 9 1 55
170 9 6 55
170 9 7 46
170 9 8 47
170 9 11 49
170 9 12 53
170 9 13 52
170 14 0 48
170 14 1 54
170 14 2 54
170 14 3 45
170 14 6 46
170 14 9 48
170 14 12 52
170 14 14 51
171 5 2 88
171 5 6 86
171 5 7 90
171 5 9 89
171 5 10 86
171 5 11 84
171 5 13 92
171 5 14 83
171 6 1 95
171 6 2 89
171 6 3 89
171 6 6 92
171 6 8 87
171 6 9 95
171 6 10 81
171 6 13 80
171 7 3 90
171 7 4 88
171 7 6 92
171 7 7 91
171 7 11 88
171 7 12 86
171 7 13 94
171 7 14 85
171 8 1 89
171 8 4 87
171 8 5 91
171 8 6 90
171 8 9 87
171 8 10 85
171 8 11 93
171 8 12 84
172 3 0 82
172 3 2 82
172 3 4 87
172 3 5 90
172 3 6 81
172 3 7 87
172 3 8 84
172 3 11 84
172 10 0 94
172 10 1 88
172 10 3 88
172 10 7 91
172 10 8 86
172 10 10 94
172 10 13 80
172 10 14 79
172 13 0 89
172 13 1 87
172 13 4 91
172 13 8 90
172 13 9 87
172 13 10 85
172 13 11 93
172 13 12 84
173 1 0 62
173 1 1 66
173 1 2 66
173 1 3 61
173 1 5 62
173 1 11 62
173 1 13 64
173 1 14 67
173 2 0 66
173 2 2 70
173 2 3 70
173 2 5 65
173 2 8 66
173 2 9 66
173 2 13 68
173 2 14 71
173 3 0 66
173 3 2 70
173 3 4 70
173 3 5 65
173 3 6 66
173 3 7 66
173 3 8 68
173 3 11 71
174 6 1 31
174 6 2 31
174 6 3 33
174 6 6 34
174 6 8 29
174 6 9 27
174 6 10 29
174 6 13 32
174 11 0 31
174 11 1 31
174 11 2 33
174 11 3 34
174 11 5 29
174 11 11 27
174 11 12 29
174 11 14 32
174 13 0 33
174 13 1 33
174 13 4 35
174 13 8 36
174 13 9 31
174 13 10 29
174 13 11 31
174 13 12 34
175 6 1 91
175 6 2 89
175 6 3 93
175 6 6 92
175 6 8 89
175 6 9 87
175 6 10 95
175 6 13 86
175 9 0 89
175 9 1 87
175 9 6 91
175 9 7 90
175 9 8 87
175 9 11 85
175 9 12 93
175 9 13 84
175 10 0 93
175 10 1 91
175 10 3 95
175 10 7 94
175 10 8 91
175 10 10 89
175 10 13 97
175 10 14 88
176 0 0 51
176 0 1 49
176 0 3 53
176 0 4 52
176 0 9 49
176 0 10 47
176 0 12 45
176 0 13 46
176 11 0 49
176 11 1 47
176 11 2 51
176 11 3 50
176 11 5 47
176 11 11 45
176 11 12 43
176 11 14 44
176 12 3 48
176 12 4 54
176 12 5 54
176 12 6 45
176 12 7 46
176 12 8 48
176 12 9 52
176 12 13 51
177 0 0 92
177 0 1 90
177 0 3 94
177 0 4 93
177 0 9 90
177 0 10 88
177 0 12 96
177 0 13 87
177 2 0 95
177 2 2 89
177 2 3 89
177 2 5 92
177 2 8 87
177 2 9 95
177 2 13 81
177 2 14 80
177 7 3 95
177 7 4 89
177 7 6 89
177 7 7 92
177 7 11 87
177 7 12 95
177 7 13 81
177 7 14 80
177 11 0 89
177 11 1 87
177 11 2 91
177 11 3 90
177 11 5 87
177 11 11 85
177 11 12 93
177 11 14 84
178 3 0 15
178 3 2 15
178 3 4 16
178 3 5 16
178 3 6 14
178 3 7 13
178 3 8 14
178 3 11 15
178 10 0 15
178 10 1 15
178 10 3 16
178 10 7 16
178 10 8 14
178 10 10 13
178 10 13 14
178 10 14 15
178 13 0 16
178 13 1 16
178 13 4 17
178 13 8 17
178 13 9 15
178 13 10 14
178 13 11 15
178 13 12 16
179 0 0 66
179 0 1 70
179 0 3 70
179 0 4 65
179 0 9 66
179 0 10 66
179 0 12 68
179 0 13 71
179 8 1 75
179 8 4 63
179 8 5 72
179 8 6 66
179 8 9 73
179 8 10 66
179 8 11 64
179 8 12 75
179 10 0 75
179 10 1 63
179 10 3 72
179 10 7 66
179 10 8 73
179 10 10 66
179 10 13 64
179 10 14 75
179 11 0 65
179 11 1 69
179 11 2 69
179 11 3 64
179 11 5 65
179 11 11 65
179 11 12 67
179 11 14 70
179 13 0 66
179 13 1 70
179 13 4 70
179 13 8 65
179 13 9 66
179 13 10 66
179 13 11 68
179 13 12 71
180 6 1 14
180 6 2 14
180 6 3 15
180 6 6 15
180 6 8 13
180 6 9 12
180 6 10 13
180 6 13 14
180 7 3 14
180 7 4 14
180 7 6 15
180 7 7 15
180 7 11 13
180 7 12 12
180 7 13 13
180 7 14 14
180 13 0 15
180 13 1 15
180 13 4 16
180 13 8 16
180 13 9 14
180 13 10 13
180 13 11 14
180 13 12 15
180 14 0 15
180 14 1 15
180 14 2 16
180 14 3 16
180 14 6 14
180 14 9 13
180 14 12 14
180 14 14 15
181 5 2 63
181 5 6 67
181 5 7 67
181 5 9 62
181 5 10 63
181 5 11 63
181 5 13 65
181 5 14 68
181 12 3 67
181 12 4 71
181 12 5 71
181 12 6 66
181 12 7 67
181 12 8 67
181 12 9 69
181 12 13 72
181 13 0 67
181 13 1 71
181 13 4 71
181 13 8 66
181 13 9 67
181 13 10 67
181 13 11 69
181 13 12 72
182 2 0 22
182 2 2 22
182 2 3 22
182 2 5 19
182 2 8 20
182 2 9 22
182 2 13 20
182 2 14 19
182 7 3 22
182 7 4 22
182 7 6 22
182 7 7 19
182 7 11 20
182 7 12 22
182 7 13 20
182 7 14 19
182 9 0 22
182 9 1 22
182 9 6 22
182 9 7 19
182 9 8 20
182 9 11 22
182 9 12 20
182 9 13 19
183 2 0 50
183 2 2 56
183 2 3 56
183 2 5 47
183 2 8 48
183 2 9 50
183 2 13 54
183 2 14 53
183 3 0 56
183 3 2 62
183 3 4 62
183 3 5 53
183 3 6 54
183 3 7 56
183 3 8 60
183 3 11 59
183 14 0 56
183 14 1 62
183 14 2 62
183 14 3 53
183 14 6 54
183 14 9 56
183 14 12 60
183 14 14 59
184 2 0 67
184 2 2 71
184 2 3 71
184 2 5 66
184 2 8 67
184 2 9 67
184 2 13 69
184 2 14 72
184 7 3 71
184 7 4 72
184 7 6 75
184 7 7 77
184 7 11 68
184 7 12 64
184 7 13 67
184 7 14 74
184 11 0 71
184 11 1 72
184 11 2 75
184 11 3 77
184 11 5 68
184 11 11 64
184 11 12 67
184 11 14 74
185 3 0 94
185 3 2 88
185 3 4 88
185 3 5 91
185 3 6 86
185 3 7 94
185 3 8 80
185 3 11 79
185 6 1 88
185 6 2 82
185 6 3 82
185 6 6 85
185 6 8 80
185 6 9 88
185 6 10 74
185 6 13 73
185 7 3 88
185 7 4 82
185 7 6 82
185 7 7 85
185 7 11 80
185 7 12 88
185 7 13 74
185 7 14 73
185 10 0 91
185 10 1 85
185 10 3 85
185 10 7 88
185 10 8 83
185 10 10 91
185 10 13 77
185 10 14 76
185 14 0 80
185 14 1 79
185 14 2 86
185 14 3 72
185 14 6 77
185 14 9 77
185 14 12 87
185 14 14 78
186 4 2 92
186 4 4 90
186 4 6 94
186 4 7 93
186 4 8 90
186 4 10 88
186 4 11 96
186 4 12 87
186 9 0 90
186 9 1 88
186 9 6 92
186 9 7 91
186 9 8 88
186 9 11 86
186 9 12 94
186 9 13 85
186 11 0 94
186 11 1 92
186 11 2 96
186 11 3 95
186 11 5 92
186 11 11 90
186 11 12 98
186 11 14 89
187 0 0 90
187 0 1 88
187 0 3 92
187 0 4 91
187 0 9 88
187 0 10 86
187 0 12 94
187 0 13 85
187 5 2 93
187 5 6 87
187 5 7 87
187 5 9 90
187 5 10 85
187 5 11 93
187 5 13 79
187 5 14 78
187 11 0 93
187 11 1 87
187 11 2 87
187 11 3 90
187 11 5 85
187 11 11 93
187 11 12 79
187 11 14 78
188 2 0 61
188 2 2 65
188 2 3 65
188 2 5 60
188 2 8 61
188 2 9 61
188 2 13 63
188 2 14 66
188 3 0 65
188 3 2 69
188 3 4 69
188 3 5 64
188 3 6 65
188 3 7 65
188 3 8 67
188 3 11 70
188 6 1 65
188 6 2 69
188 6 3 69
188 6 6 64
188 6 8 65
188 6 9 65
188 6 10 67
188 6 13 70
188 7 3 59
188 7 4 63
188 7 6 55
188 7 7 65
188 7 11 64
188 7 12 62
188 7 13 64
188 7 14 62
188 12 3 61
188 12 4 65
188 12 5 65
188 12 6 60
188 12 7 61
188 12 8 61
188 12 9 63
188 12 13 66
189 3 0 44
189 3 2 42
189 3 4 46
189 3 5 45
189 3 6 42
189 3 7 40
189 3 8 38
189 3 11 39
189 4 2 36
189 4 4 36
189 4 6 38
189 4 7 39
189 4 8 34
189 4 10 32
189 4 11 34
189 4 12 37
189 5 2 36
189 5 6 36
189 5 7 38
189 5 9 39
189 5 10 34
189 5 11 32
189 5 13 34
189 5 14 37
189 8 1 39
189 8 4 39
189 8 5 41
189 8 6 42
189 8 9 37
189 8 10 35
189 8 11 37
189 8 12 40
189 10 0 45
189 10 1 43
189 10 3 47
189 10 7 46
189 10 8 43
189 10 10 41
189 10 13 39
189 10 14 40
190 4 2 25
190 4 4 25
190 4 6 25
190 4 7 22
190 4 8 23
190 4 10 25
190 4 11 23
190 4 12 22
190 7 3 25
190 7 4 25
190 7 6 25
190 7 7 22
190 7 11 23
190 7 12 25
190 7 13 23
190 7 14 22
190 9 0 25
190 9 1 25
190 9 6 25
190 9 7 22
190 9 8 23
190 9 11 25
190 9 12 23
190 9 13 22
190 11 0 22
190 11 1 22
190 11 2 22
190 11 3 19
190 11 5 20
190 11 11 22
190 11 12 20
190 11 14 19
191 0 0 92
191 0 1 90
191 0 3 94
191 0 4 93
191 0 9 90
191 0 10 88
191 0 12 96
191 0 13 87
191 2 0 90
191 2 2 88
191 2 3 92
191 2 5 91
191 2 8 88
191 2 9 86
191 2 13 94
191 2 14 85
191 7 3 94
191 7 4 92
191 7 6 96
191 7 7 95
191 7 11 92
191 7 12 90
191 7 13 98
191 7 14 89
191 11 0 93
191 11 1 91
191 11 2 95
191 11 3 94
191 11 5 91
191 11 11 89
191 11 12 97
191 11 14 88
191 13 0 90
191 13 1 88
191 13 4 92
191 13 8 91
191 13 9 88
191 13 10 86
191 13 11 94
191 13 12 85
192 5 2 49
192 5 6 55
192 5 7 55
192 5 9 46
192 5 10 47
192 5 11 49
192 5 13 53
192 5 14 52
192 6 1 55
192 6 2 61
192 6 3 61
192 6 6 52
192 6 8 53
192 6 9 55
192 6 10 59
192 6 13 58
192 9 0 55
192 9 1 61
192 9 6 61
192 9 7 52
192 9 8 53
192 9 11 55
192 9 12 59
192 9 13 58
192 10 0 51
192 10 1 49
192 10 3 53
192 10 7 52
192 10 8 49
192 10 10 47
192 10 13 45
192 10 14 46
192 13 0 47
192 13 1 54
192 13 4 53
192 13 8 49
192 13 9 47
192 13 10 51
192 13 11 49
192 13 12 48
193 0 0 50
193 0 1 56
193 0 3 56
193 0 4 47
193 0 9 48
193 0 10 50
193 0 12 54
193 0 13 53
193 1 0 56
193 1 1 62
193 1 2 62
193 1 3 53
193 1 5 54
193 1 11 56
193 1 13 60
193 1 14 59
193 5 2 56
193 5 6 62
193 5 7 62
193 5 9 53
193 5 10 54
193 5 11 56
193 5 13 60
193 5 14 59
193 9 0 47
193 9 1 54
193 9 6 53
193 9 7 49
193 9 8 47
193 9 11 51
193 9 12 49
193 9 13 48
193 10 0 48
193 10 1 54
193 10 3 54
193 10 7 45
193 10 8 46
193 10 10 48
193 10 13 52
193 10 14 51
194 2 0 68
194 2 2 72
194 2 3 72
194 2 5 67
194 2 8 68
194 2 9 68
194 2 13 70
194 2 14 73
194 8 1 72
194 8 4 73
194 8 5 76
194 8 6 78
194 8 9 69
194 8 10 65
194 8 11 68
194 8 12 75
194 12 3 72
194 12 4 73
194 12 5 76
194 12 6 78
194 12 7 69
194 12 8 65
194 12 9 68
194 12 13 75
194 13 0 67
194 13 1 71
194 13 4 71
194 13 8 66
194 13 9 67
194 13 10 67
194 13 11 69
194 13 12 72
194 14 0 68
194 14 1 72
194 14 2 72
194 14 3 67
194 14 6 68
194 14 9 68
194 14 12 70
194 14 14 73
195 4 2 34
195 4 4 34
195 4 6 36
195 4 7 37
195 4 8 32
195 4 10 30
195 4 11 32
195 4 12 35
195 5 2 34
195 5 6 34
195 5 7 36
195 5 9 37
195 5 10 32
195 5 11 30
195 5 13 32
195 5 14 35
195 8 1 36
195 8 4 36
195 8 5 38
195 8 6 39
195 8 9 34
195 8 10 32
195 8 11 34
195 8 12 37
196 1 0 95
196 1 1 89
196 1 2 89
196 1 3 92
196 1 5 87
196 1 11 95
196 1 13 81
196 1 14 80
196 9 0 93
196 9 1 87
196 9 6 87
196 9 7 90
196 9 8 85
196 9 11 93
196 9 12 79
196 9 13 78
196 10 0 88
196 10 1 86
196 10 3 90
196 10 7 89
196 10 8 86
196 10 10 84
196 10 13 92
196 10 14 83
196 14 0 82
196 14 1 82
196 14 2 87
196 14 3 90
196 14 6 81
196 14 9 87
196 14 12 84
196 14 14 84
197 5 2 51
197 5 6 57
197 5 7 57
197 5 9 48
197 5 10 49
197 5 11 51
197 5 13 55
197 5 14 54
197 8 1 59
197 8 4 63
197 8 5 55
197 8 6 65
197 8 9 64
197 8 10 62
197 8 11 64
197 8 12 62
197 12 3 59
197 12 4 63
197 12 5 55
197 12 6 65
197 12 7 64
197 12 8 62
197 12 9 64
197 12 13 62
198 0 0 32
198 0 1 32
198 0 3 34
198 0 4 35
198 0 9 30
198 0 10 28
198 0 12 30
198 0 13 33
198 1 0 32
198 1 1 32
198 1 2 34
198 1 3 35
198 1 5 30
198 1 11 28
198 1 13 30
198 1 14 33
198 2 0 34
198 2 2 34
198 2 3 36
198 2 5 37
198 2 8 32
198 2 9 30
198 2 13 32
198 2 14 35
199 1 0 88
199 1 1 86
199 1 2 90
199 1 3 89
199 1 5 86
199 1 11 84
199 1 13 92
199 1 14 83
199 4 2 91
199 4 4 85
199 4 6 85
199 4 7 88
199 4 8 83
199 4 10 91
199 4 11 77
199 4 12 76
199 5 2 91
199 5 6 85
199 5 7 85
199 5 9 88
199 5 10 83
199 5 11 91
199 5 13 77
199 5 14 76
199 8 1 94
199 8 4 88
199 8 5 88
199 8 6 91
199 8 9 86
199 8 10 94
199 8 11 80
199 8 12 79
199 9 0 89
199 9 1 83
199 9 6 83
199 9 7 86
199 9 8 81
199 9 11 89
199 9 12 75
199 9 13 74
200 0 0 37
200 0 1 37
200 0 3 39
200 0 4 40
200 0 9 35
200 0 10 33
200 0 12 35
200 0 13 38
200 6 1 37
200 6 2 37
200 6 3 39
200 6 6 40
200 6 8 35
200 6 9 33
200 6 10 35
200 6 13 38
200 7 3 39
200 7 4 39
200 7 6 41
200 7 7 42
200 7 11 37
200 7 12 35
200 7 13 37
200 7 14 40
200 10 0 42
200 10 1 36
200 10 3 36
200 10 7 39
200 10 8 43
200 10 10 42
200 10 13 37
200 10 14 36
200 12 3 35
200 12 4 35
200 12 5 37
200 12 6 38
200 12 7 33
200 12 8 31
200 12 9 33
200 12 13 36
201 0 0 15
201 0 1 15
201 0 3 16
201 0 4 16
201 0 9 14
201 0 10 13
201 0 12 14
201 0 13 15
201 1 0 15
201 1 1 15
201 1 2 16
201 1 3 16
201 1 5 14
201 1 11 13
201 1 13 14
201 1 14 15
201 7 3 16
201 7 4 16
201 7 6 17
201 7 7 17
201 7 11 15
201 7 12 14
201 7 13 15
201 7 14 16
201 8 1 16
201 8 4 16
201 8 5 17
201 8 6 17
201 8 9 15
201 8 10 14
201 8 11 15
201 8 12 16
201 10 0 14
201 10 1 14
201 10 3 15
201 10 7 15
201 10 8 13
201 10 10 12
201 10 13 13
201 10 14 14
202 4 2 29
202 4 4 29
202 4 6 29
202 4 7 26
202 4 8 27
202 4 10 29
202 4 11 27
202 4 12 26
202 5 2 29
202 5 6 29
202 5 7 29
202 5 9 26
202 5 10 27
202 5 11 29
202 5 13 27
202 5 14 26
202 9 0 29
202 9 1 29
202 9 6 29
202 9 7 26
202 9 8 27
202 9 11 29
202 9 12 27
202 9 13 26
202 11 0 26
202 11 1 26
202 11 2 26
202 11 3 23
202 11 5 24
202 11 11 26
202 11 12 24
202 11 14 23
203 1 0 36
203 1 1 36
203 1 2 38
203 1 3 39
203 1 5 34
203 1 11 32
203 1 13 34
203 1 14 37
203 4 2 36
203 4 4 36
203 4 6 38
203 4 7 39
203 4 8 34
203 4 10 32
203 4 11 34
203 4 12 37
203 13 0 38
203 13 1 38
203 13 4 40
203 13 8 41
203 13 9 36
203 13 10 34
203 13 11 36
203 13 12 39
203 14 0 39
203 14 1 39
203 14 2 41
203 14 3 42
203 14 6 37
203 14 9 35
203 14 12 37
203 14 14 40
204 4 2 27
204 4 4 27
204 4 6 27
204 4 7 24
204 4 8 25
204 4 10 27
204 4 11 25
204 4 12 24
204 5 2 27
204 5 6 27
204 5 7 27
204 5 9 24
204 5 10 25
204 5 11 27
204 5 13 25
204 5 14 24
204 13 0 27
204 13 1 27
204 13 4 27
204 13 8 24
204 13 9 25
204 13 10 27
204 13 11 25
204 13 12 24
204 14 0 24
204 14 1 24
204 14 2 24
204 14 3 21
204 14 6 22
204 14 9 24
204 14 12 22
204 14 14 21
205 1 0 32
205 1 1 32
205 1 2 34
205 1 3 35
205 1 5 30
205 1 11 28
205 1 13 30
205 1 14 33
205 3 0 32
205 3 2 32
205 3 4 34
205 3 5 35
205 3 6 30
205 3 7 28
205 3 8 30
205 3 11 33
205 7 3 34
205 7 4 34
205 7 6 36
205 7 7 37
205 7 11 32
205 7 12 30
205 7 13 32
205 7 14 35
205 8 1 35
205 8 4 35
205 8 5 37
205 8 6 38
205 8 9 33
205 8 10 31
205 8 11 33
205 8 12 36
206 0 0 37
206 0 1 37
206 0 3 39
206 0 4 40
206 0 9 35
206 0 10 33
206 0 12 35
206 0 13 38
206 2 0 37
206 2 2 37
206 2 3 39
206 2 5 40
206 2 8 35
206 2 9 33
206 2 13 35
206 2 14 38
206 9 0 39
206 9 1 39
206 9 6 41
206 9 7 42
206 9 8 37
206 9 11 35
206 9 12 37
206 9 13 40
206 13 0 42
206 13 1 36
206 13 4 36
206 13 8 39
206 13 9 43
206 13 10 42
206 13 11 37
206 13 12 36
207 1 0 48
207 1 1 54
207 1 2 54
207 1 3 45
207 1 5 46
207 1 11 48
207 1 13 52
207 1 14 51
207 2 0 54
207 2 2 60
207 2 3 60
207 2 5 51
207 2 8 52
207 2 9 54
207 2 13 58
207 2 14 57
207 6 1 54
207 6 2 60
207 6 3 60
207 6 6 51
207 6 8 52
207 6 9 54
207 6 10 58
207 6 13 57
208 4 2 88
208 4 4 86
208 4 6 90
208 4 7 89
208 4 8 86
208 4 10 84
208 4 11 92
208 4 12 83
208 11 0 91
208 11 1 85
208 11 2 85
208 11 3 88
208 11 5 83
208 11 11 91
208 11 12 77
208 11 14 76
208 12 3 91
208 12 4 85
208 12 5 85
208 12 6 88
208 12 7 83
208 12 8 91
208 12 9 77
208 12 13 76
209 0 0 31
209 0 1 31
209 0 3 33
209 0 4 34
209 0 9 29
209 0 10 27
209 0 12 29
209 0 13 32
209 1 0 31
209 1 1 31
209 1 2 33
209 1 3 34
209 1 5 29
209 1 11 27
209 1 13 29
209 1 14 32
209 2 0 33
209 2 2 33
209 2 3 35
209 2 5 36
209 2 8 31
209 2 9 29
209 2 13 31
209 2 14 34
209 11 0 34
209 11 1 34
209 11 2 36
209 11 3 37
209 11 5 32
209 11 11 30
209 11 12 32
209 11 14 35
209 12 3 29
209 12 4 29
209 12 5 29
209 12 6 26
209 12 7 27
209 12 8 29
209 12 9 27
209 12 13 26
210 0 0 49
210 0 1 47
210 0 3 51
210 0 4 50
210 0 9 47
210 0 10 45
210 0 12 43
210 0 13 44
210 4 2 51
210 4 4 57
210 4 6 57
210 4 7 48
210 4 8 49
210 4 10 51
210 4 11 55
210 4 12 54
210 5 2 50
210 5 6 56
210 5 7 56
210 5 9 47
210 5 10 48
210 5 11 50
210 5 13 54
210 5 14 53
210 10 0 51
210 10 1 49
210 10 3 53
210 10 7 52
210 10 8 49
210 10 10 47
210 10 13 45
210 10 14 46
211 6 1 94
211 6 2 88
211 6 3 88
211 6 6 91
211 6 8 86
211 6 9 94
211 6 10 80
211 6 13 79
211 7 3 92
211 7 4 86
211 7 6 86
211 7 7 89
211 7 11 84
211 7 12 92
211 7 13 78
211 7 14 77
211 12 3 82
211 12 4 82
211 12 5 87
211 12 6 90
211 12 7 81
211 12 8 87
211 12 9 84
211 12 13 84
212 2 0 62
212 2 2 66
212 2 3 66
212 2 5 61
212 2 8 62
212 2 9 62
212 2 13 64
212 2 14 67
212 3 0 66
212 3 2 70
212 3 4 70
212 3 5 65
212 3 6 66
212 3 7 66
212 3 8 68
212 3 11 71
212 7 3 66
212 7 4 70
212 7 6 70
212 7 7 65
212 7 11 66
212 7 12 66
212 7 13 68
212 7 14 71
212 9 0 61
212 9 1 65
212 9 6 65
212 9 7 60
212 9 8 61
212 9 11 61
212 9 12 63
212 9 13 66
212 11 0 62
212 11 1 66
212 11 2 66
212 11 3 61
212 11 5 62
212 11 11 62
212 11 12 64
212 11 14 67
213 2 0 26
213 2 2 26
213 2 3 26
213 2 5 23
213 2 8 24
213 2 9 26
213 2 13 24
213 2 14 23
213 5 2 26
213 5 6 26
213 5 7 26
213 5 9 23
213 5 10 24
213 5 11 26
213 5 13 24
213 5 14 23
213 8 1 26
213 8 4 26
213 8 5 26
213 8 6 23
213 8 9 24
213 8 10 26
213 8 11 24
213 8 12 23
213 13 0 23
213 13 1 23
213 13 4 23
213 13 8 20
213 13 9 21
213 13 10 23
213 13 11 21
213 13 12 20
213 14 0 24
213 14 1 24
213 14 2 24
213 14 3 21
213 14 6 22
213 14 9 24
213 14 12 22
213 14 14 21
214 2 0 76
214 2 2 77
214 2 3 80
214 2 5 82
214 2 8 73
214 2 9 69
214 2 13 72
214 2 14 79
214 4 2 77
214 4 4 78
214 4 6 81
214 4 7 83
214 4 8 74
214 4 10 70
214 4 11 73
214 4 12 80
214 11 0 80
214 11 1 79
214 11 2 86
214 11 3 72
214 11 5 77
214 11 11 77
214 11 12 87
214 11 14 78
215 3 0 22
215 3 2 22
215 3 4 22
215 3 5 19
215 3 6 20
215 3 7 22
215 3 8 20
215 3 11 19
215 9 0 22
215 9 1 22
215 9 6 22
215 9 7 19
215 9 8 20
215 9 11 22
215 9 12 20
215 9 13 19
215 10 0 22
215 10 1 22
215 10 3 22
215 10 7 19
215 10 8 20
215 10 10 22
215 10 13 20
215 10 14 19
215 11 0 19
215 11 1 19
215 11 2 20
215 11 3 20
215 11 5 18
215 11 11 17
215 11 12 18
215 11 14 19
215 13 0 20
215 13 1 18
215 13 4 22
215 13 8 21
215 13 9 18
215 13 10 21
215 13 11 19
215 13 12 20
216 8 1 90
216 8 4 88
216 8 5 92
216 8 6 91
216 8 9 88
216 8 10 86
216 8 11 94
216 8 12 85
216 10 0 93
216 10 1 87
216 10 3 87
216 10 7 90
216 10 8 85
216 10 10 93
216 10 13 79
216 10 14 78
216 11 0 93
216 11 1 87
216 11 2 87
216 11 3 90
216 11 5 85
216 11 11 93
216 11 12 79
216 11 14 78
217 0 0 27
217 0 1 27
217 0 3 27
217 0 4 24
217 0 9 25
217 0 10 27
217 0 12 25
217 0 13 24
217 4 2 27
217 4 4 27
217 4 6 27
217 4 7 24
217 4 8 25
217 4 10 27
217 4 11 25
217 4 12 24
217 6 1 27
217 6 2 27
217 6 3 27
217 6 6 24
217 6 8 25
217 6 9 27
217 6 10 25
217 6 13 24
217 12 3 24
217 12 4 24
217 12 5 24
217 12 6 21
217 12 7 22
217 12 8 24
217 12 9 22
217 12 13 21
217 14 0 25
217 14 1 25
217 14 2 25
217 14 3 22
217 14 6 23
217 14 9 25
217 14 12 23
217 14 14 22
218 0 0 64
218 0 1 68
218 0 3 68
218 0 4 63
218 0 9 64
218 0 10 64
218 0 12 66
218 0 13 69
218 2 0 68
218 2 2 72
218 2 3 72
218 2 5 67
218 2 8 68
218 2 9 68
218 2 13 70
218 2 14 73
218 9 0 68
218 9 1 72
218 9 6 72
218 9 7 67
218 9 8 68
218 9 11 68
218 9 12 70
218 9 13 73
218 11 0 63
218 11 1 67
218 11 2 67
218 11 3 62
218 11 5 63
218 11 11 63
218 11 12 65
218 11 14 68
218 14 0 64
218 14 1 68
218 14 2 68
218 14 3 63
218 14 6 64
218 14 9 64
218 14 12 66
218 14 14 69
219 1 0 22
219 1 1 22
219 1 2 22
219 1 3 19
219 1 5 20
219 1 11 22
219 1 13 20
219 1 14 19
219 3 0 22
219 3 2 22
219 3 4 22
219 3 5 19
219 3 6 20
219 3 7 22
219 3 8 20
219 3 11 19
219 10 0 22
219 10 1 22
219 10 3 22
219 10 7 19
219 10 8 20
219 10 10 22
219 10 13 20
219 10 14 19
220 0 0 32
220 0 1 32
220 0 3 34
220 0 4 35
220 0 9 30
220 0 10 28
220 0 12 30
220 0 13 33
220 7 3 32
220 7 4 32
220 7 6 34
220 7 7 35
220 7 11 30
220 7 12 28
220 7 13 30
220 7 14 33
220 8 1 34
220 8 4 34
220 8 5 36
220 8 6 37
220 8 9 32
220 8 10 30
220 8 11 32
220 8 12 35
221 8 1 82
221 8 4 82
221 8 5 87
221 8 6 90
221 8 9 81
221 8 10 87
221 8 11 84
221 8 12 84
221 11 0 94
221 11 1 88
221 11 2 88
221 11 3 91
221 11 5 86
221 11 11 94
221 11 12 80
221 11 14 79
221 13 0 89
221 13 1 87
221 13 4 91
221 13 8 90
221 13 9 87
221 13 10 85
221 13 11 93
221 13 12 84
221 14 0 88
221 14 1 86
221 14 2 90
221 14 3 89
221 14 6 86
221 14 9 84
221 14 12 92
221 14 14 83
222 0 0 64
222 0 1 68
222 0 3 68
222 0 4 63
222 0 9 64
222 0 10 64
222 0 12 66
222 0 13 69
222 4 2 68
222 4 4 72
222 4 6 72
222 4 7 67
222 4 8 68
222 4 10 68
222 4 11 70
222 4 12 73
222 11 0 68
222 11 1 72
222 11 2 72
222 11 3 67
222 11 5 68
222 11 11 68
222 11 12 70
222 11 14 73
223 1 0 26
223 1 1 26
223 1 2 26
223 1 3 23
223 1 5 24
223 1 11 26
223 1 13 24
223 1 14 23
223 5 2 26
223 5 6 26
223 5 7 26
223 5 9 23
223 5 10 24
223 5 11 26
223 5 13 24
223 5 14 23
223 9 0 26
223 9 1 26
223 9 6 26
223 9 7 23
223 9 8 24
223 9 11 26
223 9 12 24
223 9 13 23
223 14 0 23
223 14 1 23
223 14 2 23
223 14 3 20
223 14 6 21
223 14 9 23
223 14 12 21
223 14 14 20
224 0 0 21
224 0 1 21
224 0 3 21
224 0 4 18
224 0 9 19
224 0 10 21
224 0 12 19
224 0 13 18
224 4 2 21
224 4 4 21
224 4 6 21
224 4 7 18
224 4 8 19
224 4 10 21
224 4 11 19
224 4 12 18
224 9 0 21
224 9 1 21
224 9 6 21
224 9 7 18
224 9 8 19
224 9 11 21
224 9 12 19
224 9 13 18
224 11 0 18
224 11 1 18
224 11 2 19
224 11 3 19
224 11 5 17
224 11 11 16
224 11 12 17
224 11 14 18
224 14 0 19
224 14 1 19
224 14 2 20
224 14 3 20
224 14 6 18
224 14 9 17
224 14 12 18
224 14 14 19
225 1 0 35
225 1 1 35
225 1 2 37
225 1 3 38
225 1 5 33
225 1 11 31
225 1 13 33
225 1 14 36
225 9 0 35
225 9 1 35
225 9 6 37
225 9 7 38
225 9 8 33
225 9 11 31
225 9 12 33
225 9 13 36
225 14 0 37
225 14 1 37
225 14 2 39
225 14 3 40
225 14 6 35
225 14 9 33
225 14 12 35
225 14 14 38
226 1 0 74
226 1 1 75
226 1 2 78
226 1 3 80
226 1 5 71
226 1 11 67
226 1 13 70
226 1 14 77
226 2 0 75
226 2 2 76
226 2 3 79
226 2 5 81
226 2 8 72
226 2 9 68
226 2 13 71
226 2 14 78
226 7 3 78
226 7 4 79
226 7 6 82
226 7 7 84
226 7 11 75
226 7 12 71
226 7 13 74
226 7 14 81
226 11 0 80
226 11 1 79
226 11 2 86
226 11 3 72
226 11 5 77
226 11 11 77
226 11 12 87
226 11 14 78
226 12 3 71
226 12 4 72
226 12 5 75
226 12 6 77
226 12 7 68
226 12 8 64
226 12 9 67
226 12 13 74
227 4 2 90
227 4 4 88
227 4 6 92
227 4 7 91
227 4 8 88
227 4 10 86
227 4 11 94
227 4 12 85
227 5 2 93
227 5 6 87
227 5 7 87
227 5 9 90
227 5 10 85
227 5 11 93
227 5 13 79
227 5 14 78
227 7 3 93
227 7 4 87
227 7 6 87
227 7 7 90
227 7 11 85
227 7 12 93
227 7 13 79
227 7 14 78
228 0 0 75
228 0 1 76
228 0 3 79
228 0 4 81
228 0 9 72
228 0 10 68
228 0 12 71
228 0 13 78
228 2 0 63
228 2 2 67
228 2 3 67
228 2 5 62
228 2 8 63
228 2 9 63
228 2 13 65
228 2 14 68
228 3 0 72
228 3 2 73
228 3 4 76
228 3 5 78
228 3 6 69
228 3 7 65
228 3 8 68
228 3 11 75
228 9 0 66
228 9 1 70
228 9 6 70
228 9 7 65
228 9 8 66
228 9 11 66
228 9 12 68
228 9 13 71
229 1 0 46
229 1 1 44
229 1 2 48
229 1 3 47
229 1 5 44
229 1 11 42
229 1 13 40
229 1 14 41
229 3 0 44
229 3 2 42
229 3 4 46
229 3 5 45
229 3 6 42
229 3 7 40
229 3 8 38
229 3 11 39
229 7 3 48
229 7 4 46
229 7 6 50
229 7 7 49
229 7 11 46
229 7 12 44
229 7 13 42
229 7 14 43
229 10 0 47
229 10 1 45
229 10 3 49
229 10 7 48
229 10 8 45
229 10 10 43
229 10 13 41
229 10 14 42
229 11 0 44
229 11 1 42
229 11 2 46
229 11 3 45
229 11 5 42
229 11 11 40
229 11 12 38
229 11 14 39
230 0 0 51
230 0 1 49
230 0 3 53
230 0 4 52
230 0 9 49
230 0 10 47
230 0 12 45
230 0 13 46
230 8 1 52
230 8 4 58
230 8 5 58
230 8 6 49
230 8 9 50
230 8 10 52
230 8 11 56
230 8 12 55
230 11 0 52
230 11 1 58
230 11 2 58
230 11 3 49
230 11 5 50
230 11 11 52
230 11 12 56
230 11 14 55
231 0 0 49
231 0 1 47
231 0 3 51
231 0 4 50
231 0 9 47
231 0 10 45
231 0 12 43
231 0 13 44
231 3 0 51
231 3 2 57
231 3 4 57
231 3 5 48
231 3 6 49
231 3 7 51
231 3 8 55
231 3 11 54
231 8 1 50
231 8 4 56
231 8 5 56
231 8 6 47
231 8 9 48
231 8 10 50
231 8 11 54
231 8 12 53
232 4 2 89
232 4 4 87
232 4 6 91
232 4 7 90
232 4 8 87
232 4 10 85
232 4 11 93
232 4 12 84
232 6 1 92
232 6 2 86
232 6 3 86
232 6 6 89
232 6 8 84
232 6 9 92
232 6 10 78
232 6 13 77
232 9 0 92
232 9 1 86
232 9 6 86
232 9 7 89
232 9 8 84
232 9 11 92
232 9 12 78
232 9 13 77
233 4 2 90
233 4 4 88
233 4 6 92
233 4 7 91
233 4 8 88
233 4 10 86
233 4 11 94
233 4 12 85
233 7 3 88
233 7 4 86
233 7 6 90
233 7 7 89
233 7 11 86
233 7 12 84
233 7 13 92
233 7 14 83
233 8 1 92
233 8 4 90
233 8 5 94
233 8 6 93
233 8 9 90
233 8 10 88
233 8 11 96
233 8 12 87
233 13 0 91
233 13 1 89
233 13 4 93
233 13 8 92
233 13 9 89
233 13 10 87
233 13 11 95
233 13 12 86
234 0 0 82
234 0 1 82
234 0 3 87
234 0 4 90
234 0 9 81
234 0 10 87
234 0 12 84
234 0 13 84
234 3 0 94
234 3 2 88
234 3 4 88
234 3 5 91
234 3 6 86
234 3 7 94
234 3 8 80
234 3 11 79
234 6 1 89
234 6 2 87
234 6 3 91
234 6 6 90
234 6 8 87
234 6 9 85
234 6 10 93
234 6 13 84
234 10 0 88
234 10 1 86
234 10 3 90
234 10 7 89
234 10 8 86
234 10 10 84
234 10 13 92
234 10 14 83
235 5 2 48
235 5 6 54
235 5 7 54
235 5 9 45
235 5 10 46
235 5 11 48
235 5 13 52
235 5 14 51
235 6 1 54
235 6 2 60
235 6 3 60
235 6 6 51
235 6 8 52
235 6 9 54
235 6 10 58
235 6 13 57
235 8 1 54
235 8 4 60
235 8 5 60
235 8 6 51
235 8 9 52
235 8 10 54
235 8 11 58
235 8 12 57
235 10 0 50
235 10 1 48
235 10 3 52
235 10 7 51
235 10 8 48
235 10 10 46
235 10 13 44
235 10 14 45
235 14 0 51
235 14 1 49
235 14 2 53
235 14 3 52
235 14 6 49
235 14 9 47
235 14 12 45
235 14 14 46
236 7 3 61
236 7 4 65
236 7 6 65
236 7 7 60
236 7 11 61
236 7 12 61
236 7 13 63
236 7 14 66
236 9 0 65
236 9 1 69
236 9 6 69
236 9 7 64
236 9 8 65
236 9 11 65
236 9 12 67
236 9 13 70
236 10 0 65
236 10 1 69
236 10 3 69
236 10 7 64
236 10 8 65
236 10 10 65
236 10 13 67
236 10 14 70
236 11 0 59
236 11 1 63
236 11 2 55
236 11 3 65
236 11 5 64
236 11 11 62
236 11 12 64
236 11 14 62
237 0 0 9
237 0 1 9
237 0 3 9
237 0 4 9
237 0 9 8
237 0 10 8
237 0 12 8
237 0 13 9
237 4 2 9
237 4 4 9
237 4 6 9
237 4 7 9
237 4 8 8
237 4 10 8
237 4 11 8
237 4 12 9
237 5 2 9
237 5 6 9
237 5 7 9
237 5 9 9
237 5 10 8
237 5 11 8
237 5 13 8
237 5 14 9
237 8 1 9
237 8 4 9
237 8 5 9
237 8 6 9
237 8 9 8
237 8 10 8
237 8 11 8
237 8 12 9
238 0 0 14
238 0 1 14
238 0 3 15
238 0 4 15
238 0 9 13
238 0 10 12
238 0 12 13
238 0 13 14
238 3 0 14
238 3 2 14
238 3 4 15
238 3 5 15
238 3 6 13
238 3 7 12
238 3 8 13
238 3 11 14
238 5 2 15
238 5 6 15
238 5 7 16
238 5 9 16
238 5 10 14
238 5 11 13
238 5 13 14
238 5 14 15
238 6 1 15
238 6 2 15
238 6 3 16
238 6 6 16
238 6 8 14
238 6 9 13
238 6 10 14
238 6 13 15
238 11 0 13
238 11 1 13
238 11 2 14
238 11 3 14
238 11 5 12
238 11 11 11
238 11 12 12
238 11 14 13
239 0 0 56
239 0 1 62
239 0 3 62
239 0 4 53
239 0 9 54
239 0 10 56
239 0 12 60
239 0 13 59
239 11 0 63
239 11 1 67
239 11 2 67
239 11 3 62
239 11 5 63
239 11 11 63
239 11 12 65
239 11 14 68
239 12 3 52
239 12 4 58
239 12 5 58
239 12 6 49
239 12 7 50
239 12 8 52
239 12 9 56
239 12 13 55
240 2 0 35
240 2 2 35
240 2 3 37
240 2 5 38
240 2 8 33
240 2 9 31
240 2 13 33
240 2 14 36
240 5 2 35
240 5 6 35
240 5 7 37
240 5 9 38
240 5 10 33
240 5 11 31
240 5 13 33
240 5 14 36
240 11 0 37
240 11 1 37
240 11 2 39
240 11 3 40
240 11 5 35
240 11 11 33
240 11 12 35
240 11 14 38
240 13 0 38
240 13 1 38
240 13 4 40
240 13 8 41
240 13 9 36
240 13 10 34
240 13 11 36
240 13 12 39
240 14 0 33
240 14 1 33
240 14 2 35
240 14 3 36
240 14 6 31
240 14 9 29
240 14 12 31
240 14 14 34
241 0 0 9
241 0 1 9
241 0 3 9
241 0 4 9
241 0 9 8
241 0 10 8
241 0 12 8
241 0 13 9
241 4 2 9
241 4 4 9
241 4 6 9
241 4 7 9
241 4 8 8
241 4 10 8
241 4 11 8
241 4 12 9
241 5 2 9
241 5 6 9
241 5 7 9
241 5 9 9
241 5 10 8
241 5 11 8
241 5 13 8
241 5 14 9
242 1 0 93
242 1 1 87
242 1 2 87
242 1 3 90
242 1 5 85
242 1 11 93
242 1 13 79
242 1 14 78
242 3 0 87
242 3 2 81
242 3 4 81
242 3 5 84
242 3 6 79
242 3 7 87
242 3 8 73
242 3 11 72
242 8 1 87
242 8 4 81
242 8 5 81
242 8 6 84
242 8 9 79
242 8 10 87
242 8 11 73
242 8 12 72
242 9 0 90
242 9 1 84
242 9 6 84
242 9 7 87
242 9 8 82
242 9 11 90
242 9 12 76
242 9 13 75
243 8 1 53
243 8 4 59
243 8 5 59
243 8 6 50
243 8 9 51
243 8 10 53
243 8 11 57
243 8 12 56
243 10 0 62
243 10 1 66
243 10 3 66
243 10 7 61
243 10 8 62
243 10 10 62
243 10 13 64
243 10 14 67
243 11 0 62
243 11 1 66
243 11 2 66
243 11 3 61
243 11 5 62
243 11 11 62
243 11 12 64
243 11 14 67
243 12 3 50
243 12 4 56
243 12 5 56
243 12 6 47
243 12 7 48
243 12 8 50
243 12 9 54
243 12 13 53
244 2 0 90
244 2 2 88
244 2 3 92
244 2 5 91
244 2 8 88
244 2 9 86
244 2 13 94
244 2 14 85
244 3 0 88
244 3 2 86
244 3 4 90
244 3 5 89
244 3 6 86
244 3 7 84
244 3 8 92
244 3 11 83
244 6 1 92
244 6 2 90
244 6 3 94
244 6 6 93
244 6 8 90
244 6 9 88
244 6 10 96
244 6 13 87
244 7 3 91
244 7 4 89
244 7 6 93
244 7 7 92
244 7 11 89
244 7 12 87
244 7 13 95
244 7 14 86
245 0 0 9
245 0 1 9
245 0 3 9
245 0 4 9
245 0 9 8
245 0 10 8
245 0 12 8
245 0 13 9
245 2 0 9
245 2 2 9
245 2 3 9
245 2 5 9
245 2 8 8
245 2 9 8
245 2 13 8
245 2 14 9
245 5 2 9
245 5 6 9
245 5 7 9
245 5 9 9
245 5 10 8
245 5 11 8
245 5 13 8
245 5 14 9
245 8 1 9
245 8 4 9
245 8 5 9
245 8 6 9
245 8 9 8
245 8 10 8
245 8 11 8
245 8 12 9
245 10 0 9
245 10 1 9
245 10 3 9
245 10 7 9
245 10 8 10
245 10 10 9
245 10 13 10
245 10 14 9
246 2 0 12
246 2 2 12
246 2 3 13
246 2 5 13
246 2 8 11
246 2 9 10
246 2 13 11
246 2 14 12
246 8 1 12
246 8 4 12
246 8 5 13
246 8 6 13
246 8 9 11
246 8 10 10
246 8 11 11
246 8 12 12
246 10 0 13
246 10 1 13
246 10 3 14
246 10 7 14
246 10 8 12
246 10 10 11
246 10 13 12
246 10 14 13
246 12 3 13
246 12 4 13
246 12 5 14
246 12 6 14
246 12 7 12
246 12 8 11
246 12 9 12
246 12 13 13
246 14 0 11
246 14 1 11
246 14 2 12
246 14 3 12
246 14 6 10
246 14 9 9
246 14 12 10
246 14 14 11
247 2 0 31
247 2 2 31
247 2 3 33
247 2 5 34
247 2 8 29
247 2 9 27
247 2 13 29
247 2 14 32
247 6 1 31
247 6 2 31
247 6 3 33
247 6 6 34
247 6 8 29
247 6 9 27
247 6 10 29
247 6 13 32
247 14 0 33
247 14 1 33
247 14 2 35
247 14 3 36
247 14 6 31
247 14 9 29
247 14 12 31
247 14 14 34
248 0 0 65
248 0 1 69
248 0 3 69
248 0 4 64
248 0 9 65
248 0 10 65
248 0 12 67
248 0 13 70
248 1 0 69
248 1 1 73
248 1 2 73
248 1 3 68
248 1 5 69
248 1 11 69
248 1 13 71
248 1 14 74
248 4 2 69
248 4 4 73
248 4 6 73
248 4 7 68
248 4 8 69
248 4 10 69
248 4 11 71
248 4 12 74
248 8 1 64
248 8 4 68
248 8 5 68
248 8 6 63
248 8 9 64
248 8 10 64
248 8 11 66
248 8 12 69
248 12 3 65
248 12 4 69
248 12 5 69
248 12 6 64
248 12 7 65
248 12 8 65
248 12 9 67
248 12 13 70
249 4 2 78
249 4 4 79
249 4 6 82
249 4 7 84
249 4 8 75
249 4 10 71
249 4 11 74
249 4 12 81
249 6 1 79
249 6 2 80
249 6 3 83
249 6 6 85
249 6 8 76
249 6 9 72
249 6 10 75
249 6 13 82
249 8 1 88
249 8 4 82
249 8 5 82
249 8 6 85
249 8 9 80
249 8 10 88
249 8 11 74
249 8 12 73
249 14 0 90
249 14 1 84
249 14 2 84
249 14 3 87
249 14 6 82
249 14 9 90
249 14 12 76
249 14 14 75
250 2 0 49
250 2 2 47
250 2 3 51
250 2 5 50
250 2 8 47
250 2 9 45
250 2 13 43
250 2 14 44
250 9 0 51
250 9 1 57
250 9 6 57
250 9 7 48
250 9 8 49
250 9 11 51
250 9 12 55
250 9 13 54
250 10 0 50
250 10 1 56
250 10 3 56
250 10 7 47
250 10 8 48
250 10 10 50
250 10 13 54
250 10 14 53
250 12 3 51
250 12 4 49
250 12 5 53
250 12 6 52
250 12 7 49
250 12 8 47
250 12 9 45
250 12 13 46
250 13 0 49
250 13 1 47
250 13 4 51
250 13 8 50
250 13 9 47
250 13 10 45
250 13 11 43
250 13 12 44
251 2 0 49
251 2 2 47
251 2 3 51
251 2 5 50
251 2 8 47
251 2 9 45
251 2 13 43
251 2 14 44
251 5 2 51
251 5 6 57
251 5 7 57
251 5 9 48
251 5 10 49
251 5 11 51
251 5 13 55
251 5 14 54
251 14 0 50
251 14 1 56
251 14 2 56
251 14 3 47
251 14 6 48
251 14 9 50
251 14 12 54
251 14 14 53
252 0 0 51
252 0 1 57
252 0 3 57
252 0 4 48
252 0 9 49
252 0 10 51
252 0 12 55
252 0 13 54
252 9 0 59
252 9 1 63
252 9 6 55
252 9 7 65
252 9 8 64
252 9 11 62
252 9 12 64
252 9 13 62
252 10 0 59
252 10 1 63
252 10 3 55
252 10 7 65
252 10 8 64
252 10 10 62
252 10 13 64
252 10 14 62
252 12 3 48
252 12 4 54
252 12 5 54
252 12 6 45
252 12 7 46
252 12 8 48
252 12 9 52
252 12 13 51
253 6 1 89
253 6 2 87
253 6 3 91
253 6 6 90
253 6 8 87
253 6 9 85
253 6 10 93
253 6 13 84
253 7 3 92
253 7 4 86
253 7 6 86
253 7 7 89
253 7 11 84
253 7 12 92
253 7 13 78
253 7 14 77
253 9 0 92
253 9 1 86
253 9 6 86
253 9 7 89
253 9 8 84
253 9 11 92
253 9 12 78
253 9 13 77
253 14 0 95
253 14 1 89
253 14 2 89
253 14 3 92
253 14 6 87
253 14 9 95
253 14 12 81
253 14 14 80
254 6 1 47
254 6 2 54
254 6 3 53
254 6 6 49
254 6 8 47
254 6 9 51
254 6 10 49
254 6 13 48
254 7 3 53
254 7 4 59
254 7 6 59
254 7 7 50
254 7 11 51
254 7 12 53
254 7 13 57
254 7 14 56
254 11 0 53
254 11 1 59
254 11 2 59
254 11 3 50
254 11 5 51
254 11 11 53
254 11 12 57
254 11 14 56
254 12 3 49
254 12 4 47
254 12 5 51
254 12 6 50
254 12 7 47
254 12 8 45
254 12 9 43
254 12 13 44
254 13 0 50
254 13 1 48
254 13 4 52
254 13 8 51
254 13 9 48
254 13 10 46
254 13 11 44
254 13 12 45
255 0 0 16
255 0 1 16
255 0 3 17
255 0 4 17
255 0 9 15
255 0 10 14
255 0 12 15
255 0 13 16
255 1 0 16
255 1 1 16
255 1 2 17
255 1 3 17
255 1 5 15
255 1 11 14
255 1 13 15
255 1 14 16
255 7 3 17
255 7 4 17
255 7 6 18
255 7 7 18
255 7 11 16
255 7 12 15
255 7 13 16
255 7 14 17
255 8 1 17
255 8 4 17
255 8 5 18
255 8 6 18
255 8 9 16
255 8 10 15
255 8 11 16
255 8 12 17
256 0 0 22
256 0 1 22
256 0 3 22
256 0 4 19
256 0 9 20
256 0 10 22
256 0 12 20
256 0 13 19
256 1 0 22
256 1 1 22
256 1 2 22
256 1 3 19
256 1 5 20
256 1 11 22
256 1 13 20
256 1 14 19
256 10 0 22
256 10 1 22
256 10 3 22
256 10 7 19
256 10 8 20
256 10 10 22
256 10 13 20
256 10 14 19
257 0 0 65
257 0 1 69
257 0 3 69
257 0 4 64
257 0 9 65
257 0 10 65
257 0 12 67
257 0 13 70
257 4 2 69
257 4 4 73
257 4 6 73
257 4 7 68
257 4 8 69
257 4 10 69
257 4 11 71
257 4 12 74
257 5 2 69
257 5 6 73
257 5 7 73
257 5 9 68
257 5 10 69
257 5 11 69
257 5 13 71
257 5 14 74
257 10 0 64
257 10 1 68
257 10 3 68
257 10 7 63
257 10 8 64
257 10 10 64
257 10 13 66
257 10 14 69
257 12 3 65
257 12 4 69
257 12 5 69
257 12 6 64
257 12 7 65
257 12 8 65
257 12 9 67
257 12 13 70
258 1 0 88
258 1 1 86
258 1 2 90
258 1 3 89
258 1 5 86
258 1 11 84
258 1 13 92
258 1 14 83
258 5 2 95
258 5 6 89
258 5 7 89
258 5 9 92
258 5 10 87
258 5 11 95
258 5 13 81
258 5 14 80
258 6 1 90
258 6 2 88
258 6 3 92
258 6 6 91
258 6 8 88
258 6 9 86
258 6 10 94
258 6 13 85
258 8 1 89
258 8 4 87
258 8 5 91
258 8 6 90
258 8 9 87
258 8 10 85
258 8 11 93
258 8 12 84
258 13 0 95
258 13 1 89
258 13 4 89
258 13 8 92
258 13 9 87
258 13 10 95
258 13 11 81
258 13 12 80
259 1 0 95
259 1 1 89
259 1 2 89
259 1 3 92
259 1 5 87
259 1 11 95
259 1 13 81
259 1 14 80
259 2 0 93
259 2 2 87
259 2 3 87
259 2 5 90
259 2 8 85
259 2 9 93
259 2 13 79
259 2 14 78
259 5 2 88
259 5 6 86
259 5 7 90
259 5 9 89
259 5 10 86
259 5 11 84
259 5 13 92
259 5 14 83
259 8 1 82
259 8 4 82
259 8 5 87
259 8 6 90
259 8 9 81
259 8 10 87
259 8 11 84
259 8 12 84
259 13 0 93
259 13 1 87
259 13 4 87
259 13 8 90
259 13 9 85
259 13 10 93
259 13 11 79
259 13 12 78
260 3 0 48
260 3 2 54
260 3 4 54
260 3 5 45
260 3 6 46
260 3 7 48
260 3 8 52
260 3 11 51
260 4 2 51
260 4 4 49
260 4 6 53
260 4 7 52
260 4 8 49
260 4 10 47
260 4 11 45
260 4 12 46
260 6 1 50
260 6 2 56
260 6 3 56
260 6 6 47
260 6 8 48
260 6 9 50
260 6 10 54
260 6 13 53
261 3 0 23
261 3 2 23
261 3 4 23
261 3 5 20
261 3 6 21
261 3 7 23
261 3 8 21
261 3 11 20
261 4 2 23
261 4 4 23
261 4 6 23
261 4 7 20
261 4 8 21
261 4 10 23
261 4 11 21
261 4 12 20
261 9 0 23
261 9 1 23
261 9 6 23
261 9 7 20
261 9 8 21
261 9 11 23
261 9 12 21
261 9 13 20
261 14 0 20
261 14 1 18
261 14 2 22
261 14 3 21
261 14 6 18
261 14 9 21
261 14 12 19
261 14 14 20
262 1 0 11
262 1 1 11
262 1 2 12
262 1 3 12
262 1 5 10
262 1 11 9
262 1 13 10
262 1 14 11
262 6 1 11
262 6 2 11
262 6 3 12
262 6 6 12
262 6 8 10
262 6 9 9
262 6 10 10
262 6 13 11
262 7 3 12
262 7 4 12
262 7 6 13
262 7 7 13
262 7 11 11
262 7 12 10
262 7 13 11
262 7 14 12
262 8 1 12
262 8 4 12
262 8 5 13
262 8 6 13
262 8 9 11
262 8 10 10
262 8 11 11
262 8 12 12
262 10 0 9
262 10 1 9
262 10 3 9
262 10 7 9
262 10 8 10
262 10 10 9
262 10 13 10
262 10 14 9
263 1 0 49
263 1 1 47
263 1 2 51
263 1 3 50
263 1 5 47
263 1 11 45
263 1 13 43
263 1 14 44
263 4 2 51
263 4 4 57
263 4 6 57
263 4 7 48
263 4 8 49
263 4 10 51
263 4 11 55
263 4 12 54
263 9 0 50
263 9 1 56
263 9 6 56
263 9 7 47
263 9 8 48
263 9 11 50
263 9 12 54
263 9 13 53
263 12 3 51
263 12 4 49
263 12 5 53
263 12 6 52
263 12 7 49
263 12 8 47
263 12 9 45
263 12 13 46
264 1 0 27
264 1 1 27
264 1 2 27
264 1 3 24
264 1 5 25
264 1 11 27
264 1 13 25
264 1 14 24
264 2 0 31
264 2 2 31
264 2 3 33
264 2 5 34
264 2 8 29
264 2 9 27
264 2 13 29
264 2 14 32
264 6 1 31
264 6 2 31
264 6 3 33
264 6 6 34
264 6 8 29
264 6 9 27
264 6 10 29
264 6 13 32
264 8 1 33
264 8 4 33
264 8 5 35
264 8 6 36
264 8 9 31
264 8 10 29
264 8 11 31
264 8 12 34
265 5 2 73
265 5 6 74
265 5 7 77
265 5 9 79
265 5 10 70
265 5 11 66
265 5 13 69
265 5 14 76
265 9 0 74
265 9 1 75
265 9 6 78
265 9 7 80
265 9 8 71
265 9 11 67
265 9 12 70
265 9 13 77
265 10 0 77
265 10 1 78
265 10 3 81
265 10 7 83
265 10 8 74
265 10 10 70
265 10 13 73
265 10 14 80
266 4 2 35
266 4 4 35
266 4 6 37
266 4 7 38
266 4 8 33
266 4 10 31
266 4 11 33
266 4 12 36
266 5 2 35
266 5 6 35
266 5 7 37
266 5 9 38
266 5 10 33
266 5 11 31
266 5 13 33
266 5 14 36
266 10 0 37
266 10 1 37
266 10 3 39
266 10 7 40
266 10 8 35
266 10 10 33
266 10 13 35
266 10 14 38
267 2 0 75
267 2 2 76
267 2 3 79
267 2 5 81
267 2 8 72
267 2 9 68
267 2 13 71
267 2 14 78
267 7 3 76
267 7 4 77
267 7 6 80
267 7 7 82
267 7 11 73
267 7 12 69
267 7 13 72
267 7 14 79
267 13 0 79
267 13 1 80
267 13 4 83
267 13 8 85
267 13 9 76
267 13 10 72
267 13 11 75
267 13 12 82
268 2 0 50
268 2 2 48
268 2 3 52
268 2 5 51
268 2 8 48
268 2 9 46
268 2 13 44
268 2 14 45
268 4 2 48
268 4 4 46
268 4 6 50
268 4 7 49
268 4 8 46
268 4 10 44
268 4 11 42
268 4 12 43
268 8 1 47
268 8 4 54
268 8 5 53
268 8 6 49
268 8 9 47
268 8 10 51
268 8 11 49
268 8 12 48
268 11 0 51
268 11 1 49
268 11 2 53
268 11 3 52
268 11 5 49
268 11 11 47
268 11 12 45
268 11 14 46
268 13 0 48
268 13 1 46
268 13 4 50
268 13 8 49
268 13 9 46
268 13 10 44
268 13 11 42
268 13 12 43
269 4 2 32
269 4 4 32
269 4 6 34
269 4 7 35
269 4 8 30
269 4 10 28
269 4 11 30
269 4 12 33
269 6 1 32
269 6 2 32
269 6 3 34
269 6 6 35
269 6 8 30
269 6 9 28
269 6 10 30
269 6 13 33
269 8 1 34
269 8 4 34
269 8 5 36
269 8 6 37
269 8 9 32
269 8 10 30
269 8 11 32
269 8 12 35
270 7 3 53
270 7 4 59
270 7 6 59
270 7 7 50
270 7 11 51
270 7 12 53
270 7 13 57
270 7 14 56
270 8 1 62
270 8 4 66
270 8 5 66
270 8 6 61
270 8 9 62
270 8 10 62
270 8 11 64
270 8 12 67
270 9 0 62
270 9 1 66
270 9 6 66
270 9 7 61
270 9 8 62
270 9 11 62
270 9 12 64
270 9 13 67
270 11 0 50
270 11 1 56
270 11 2 56
270 11 3 47
270 11 5 48
270 11 11 50
270 11 12 54
270 11 14 53
270 14 0 51
270 14 1 57
270 14 2 57
270 14 3 48
270 14 6 49
270 14 9 51
270 14 12 55
270 14 14 54
271 1 0 88
271 1 1 82
271 1 2 82
271 1 3 85
271 1 5 80
271 1 11 88
271 1 13 74
271 1 14 73
271 3 0 88
271 3 2 82
271 3 4 82
271 3 5 85
271 3 6 80
271 3 7 88
271 3 8 74
271 3 11 73
271 5 2 93
271 5 6 87
271 5 7 87
271 5 9 90
271 5 10 85
271 5 11 93
271 5 13 79
271 5 14 78
271 9 0 82
271 9 1 82
271 9 6 87
271 9 7 90
271 9 8 81
271 9 11 87
271 9 12 84
271 9 13 84
271 11 0 87
271 11 1 81
271 11 2 81
271 11 3 84
271 11 5 79
271 11 11 87
271 11 12 73
271 11 14 72
272 3 0 26
272 3 2 26
272 3 4 26
272 3 5 23
272 3 6 24
272 3 7 26
272 3 8 24
272 3 11 23
272 4 2 26
272 4 4 26
272 4 6 26
272 4 7 23
272 4 8 24
272 4 10 26
272 4 11 24
272 4 12 23
272 7 3 26
272 7 4 26
272 7 6 26
272 7 7 23
272 7 11 24
272 7 12 26
272 7 13 24
272 7 14 23
272 9 0 23
272 9 1 23
272 9 6 23
272 9 7 20
272 9 8 21
272 9 11 23
272 9 12 21
272 9 13 20
272 10 0 24
272 10 1 24
272 10 3 24
272 10 7 21
272 10 8 22
272 10 10 24
272 10 13 22
272 10 14 21
273 3 0 76
273 3 2 77
273 3 4 80
273 3 5 82
273 3 6 73
273 3 7 69
273 3 8 72
273 3 11 79
273 5 2 77
273 5 6 78
273 5 7 81
273 5 9 83
273 5 10 74
273 5 11 70
273 5 13 73
273 5 14 80
273 8 1 80
273 8 4 79
273 8 5 86
273 8 6 72
273 8 9 77
273 8 10 77
273 8 11 87
273 8 12 78
274 1 0 89
274 1 1 87
274 1 2 91
274 1 3 90
274 1 5 87
274 1 11 85
274 1 13 93
274 1 14 84
274 2 0 82
274 2 2 82
274 2 3 87
274 2 5 90
274 2 8 81
274 2 9 87
274 2 13 84
274 2 14 84
274 11 0 91
274 11 1 89
274 11 2 93
274 11 3 92
274 11 5 89
274 11 11 87
274 11 12 95
274 11 14 86
275 1 0 66
275 1 1 70
275 1 2 70
275 1 3 65
275 1 5 66
275 1 11 66
275 1 13 68
275 1 14 71
275 2 0 75
275 2 2 63
275 2 3 72
275 2 5 66
275 2 8 73
275 2 9 66
275 2 13 64
275 2 14 75
275 9 0 75
275 9 1 63
275 9 6 72
275 9 7 66
275 9 8 73
275 9 11 66
275 9 12 64
275 9 13 75
276 1 0 95
276 1 1 89
276 1 2 89
276 1 3 92
276 1 5 87
276 1 11 95
276 1 13 81
276 1 14 80
276 2 0 93
276 2 2 87
276 2 3 87
276 2 5 90
276 2 8 85
276 2 9 93
276 2 13 79
276 2 14 78
276 10 0 88
276 10 1 86
276 10 3 90
276 10 7 89
276 10 8 86
276 10 10 84
276 10 13 92
276 10 14 83
276 11 0 82
276 11 1 82
276 11 2 87
276 11 3 90
276 11 5 81
276 11 11 87
276 11 12 84
276 11 14 84
276 14 0 93
276 14 1 87
276 14 2 87
276 14 3 90
276 14 6 85
276 14 9 93
276 14 12 79
276 14 14 78
277 2 0 39
277 2 2 39
277 2 3 41
277 2 5 42
277 2 8 37
277 2 9 35
277 2 13 37
277 2 14 40
277 6 1 39
277 6 2 39
277 6 3 41
277 6 6 42
277 6 8 37
277 6 9 35
277 6 10 37
277 6 13 40
277 11 0 43
277 11 1 41
277 11 2 45
277 11 3 44
277 11 5 41
277 11 11 39
277 11 12 37
277 11 14 38
277 12 3 44
277 12 4 42
277 12 5 46
277 12 6 45
277 12 7 42
277 12 8 40
277 12 9 38
277 12 13 39
278 1 0 21
278 1 1 21
278 1 2 21
278 1 3 18
278 1 5 19
278 1 11 21
278 1 13 19
278 1 14 18
278 6 1 21
278 6 2 21
278 6 3 21
278 6 6 18
278 6 8 19
278 6 9 21
278 6 10 19
278 6 13 18
278 9 0 21
278 9 1 21
278 9 6 21
278 9 7 18
278 9 8 19
278 9 11 21
278 9 12 19
278 9 13 18
278 12 3 18
278 12 4 18
278 12 5 19
278 12 6 19
278 12 7 17
278 12 8 16
278 12 9 17
278 12 13 18
278 13 0 19
278 13 1 19
278 13 4 20
278 13 8 20
278 13 9 18
278 13 10 17
278 13 11 18
278 13 12 19
279 0 0 48
279 0 1 46
279 0 3 50
279 0 4 49
279 0 9 46
279 0 10 44
279 0 12 42
279 0 13 43
279 7 3 46
279 7 4 44
279 7 6 48
279 7 7 47
279 7 11 44
279 7 12 42
279 7 13 40
279 7 14 41
279 11 0 50
279 11 1 48
279 11 2 52
279 11 3 51
279 11 5 48
279 11 11 46
279 11 12 44
279 11 14 45
280 5 2 66
280 5 6 70
280 5 7 70
280 5 9 65
280 5 10 66
280 5 11 66
280 5 13 68
280 5 14 71
280 8 1 75
280 8 4 63
280 8 5 72
280 8 6 66
280 8 9 73
280 8 10 66
280 8 11 64
280 8 12 75
280 10 0 75
280 10 1 63
280 10 3 72
280 10 7 66
280 10 8 73
280 10 10 66
280 10 13 64
280 10 14 75
280 12 3 65
280 12 4 69
280 12 5 69
280 12 6 64
280 12 7 65
280 12 8 65
280 12 9 67
280 12 13 70
280 13 0 66
280 13 1 70
280 13 4 70
280 13 8 65
280 13 9 66
280 13 10 66
280 13 11 68
280 13 12 71
281 5 2 76
281 5 6 77
281 5 7 80
281 5 9 82
281 5 10 73
281 5 11 69
281 5 13 72
281 5 14 79
281 6 1 77
281 6 2 78
281 6 3 81
281 6 6 83
281 6 8 74
281 6 9 70
281 6 10 73
281 6 13 80
281 11 0 80
281 11 1 79
281 11 2 86
281 11 3 72
281 11 5 77
281 11 11 77
281 11 12 87
281 11 14 78
281 13 0 88
281 13 1 82
281 13 4 82
281 13 8 85
281 13 9 80
281 13 10 88
281 13 11 74
281 13 12 73
281 14 0 73
281 14 1 74
281 14 2 77
281 14 3 79
281 14 6 70
281 14 9 66
281 14 12 69
281 14 14 76
282 4 2 62
282 4 4 66
282 4 6 66
282 4 7 61
282 4 8 62
282 4 10 62
282 4 11 64
282 4 12 67
282 6 1 66
282 6 2 70
282 6 3 70
282 6 6 65
282 6 8 66
282 6 9 66
282 6 10 68
282 6 13 71
282 8 1 66
282 8 4 70
282 8 5 70
282 8 6 65
282 8 9 66
282 8 10 66
282 8 11 68
282 8 12 71
282 11 0 61
282 11 1 65
282 11 2 65
282 11 3 60
282 11 5 61
282 11 11 61
282 11 12 63
282 11 14 66
282 13 0 62
282 13 1 66
282 13 4 66
282 13 8 61
282 13 9 62
282 13 10 62
282 13 11 64
282 13 12 67
283 0 0 91
283 0 1 89
283 0 3 93
283 0 4 92
283 0 9 89
283 0 10 87
283 0 12 95
283 0 13 86
283 4 2 89
283 4 4 87
283 4 6 91
283 4 7 90
283 4 8 87
283 4 10 85
283 4 11 93
283 4 12 84
283 5 2 93
283 5 6 91
283 5 7 95
283 5 9 94
283 5 10 91
283 5 11 89
283 5 13 97
283 5 14 88
283 7 3 92
283 7 4 90
283 7 6 94
283 7 7 93
283 7 11 90
283 7 12 88
283 7 13 96
283 7 14 87
283 9 0 89
283 9 1 87
283 9 6 91
283 9 7 90
283 9 8 87
283 9 11 85
283 9 12 93
283 9 13 84
284 0 0 88
284 0 1 86
284 0 3 90
284 0 4 89
284 0 9 86
284 0 10 84
284 0 12 92
284 0 13 83
284 2 0 95
284 2 2 89
284 2 3 89
284 2 5 92
284 2 8 87
284 2 9 95
284 2 13 81
284 2 14 80
284 9 0 90
284 9 1 88
284 9 6 92
284 9 7 91
284 9 8 88
284 9 11 86
284 9 12 94
284 9 13 85
284 13 0 89
284 13 1 87
284 13 4 91
284 13 8 90
284 13 9 87
284 13 10 85
284 13 11 93
284 13 12 84
284 14 0 95
284 14 1 89
284 14 2 89
284 14 3 92
284 14 6 87
284 14 9 95
284 14 12 81
284 14 14 80
285 1 0 34
285 1 1 34
285 1 2 36
285 1 3 37
285 1 5 32
285 1 11 30
285 1 13 32
285 1 14 35
285 2 0 34
285 2 2 34
285 2 3 36
285 2 5 37
285 2 8 32
285 2 9 30
285 2 13 32
285 2 14 35
285 7 3 36
285 7 4 36
285 7 6 38
285 7 7 39
285 7 11 34
285 7 12 32
285 7 13 34
285 7 14 37
285 11 0 37
285 11 1 37
285 11 2 39
285 11 3 40
285 11 5 35
285 11 11 33
285 11 12 35
285 11 14 38
285 13 0 32
285 13 1 32
285 13 4 34
285 13 8 35
285 13 9 30
285 13 10 28
285 13 11 30
285 13 12 33
286 1 0 63
286 1 1 67
286 1 2 67
286 1 3 62
286 1 5 63
286 1 11 63
286 1 13 65
286 1 14 68
286 5 2 67
286 5 6 71
286 5 7 71
286 5 9 66
286 5 10 67
286 5 11 67
286 5 13 69
286 5 14 72
286 6 1 67
286 6 2 71
286 6 3 71
286 6 6 66
286 6 8 67
286 6 9 67
286 6 10 69
286 6 13 72
287 2 0 50
287 2 2 48
287 2 3 52
287 2 5 51
287 2 8 48
287 2 9 46
287 2 13 44
287 2 14 45
287 4 2 51
287 4 4 57
287 4 6 57
287 4 7 48
287 4 8 49
287 4 10 51
287 4 11 55
287 4 12 54
287 12 3 51
287 12 4 57
287 12 5 57
287 12 6 48
287 12 7 49
287 12 8 51
287 12 9 55
287 12 13 54
287 14 0 47
287 14 1 45
287 14 2 49
287 14 3 48
287 14 6 45
287 14 9 43
287 14 12 41
287 14 14 42
288 7 3 16
288 7 4 16
288 7 6 17
288 7 7 17
288 7 11 15
288 7 12 14
288 7 13 15
288 7 14 16
288 11 0 16
288 11 1 16
288 11 2 17
288 11 3 17
288 11 5 15
288 11 11 14
288 11 12 15
288 11 14 16
288 14 0 17
288 14 1 17
288 14 2 18
288 14 3 18
288 14 6 16
288 14 9 15
288 14 12 16
288 14 14 17
289 2 0 25
289 2 2 25
289 2 3 25
289 2 5 22
289 2 8 23
289 2 9 25
289 2 13 23
289 2 14 22
289 5 2 25
289 5 6 25
289 5 7 25
289 5 9 22
289 5 10 23
289 5 11 25
289 5 13 23
289 5 14 22
289 10 0 25
289 10 1 25
289 10 3 25
289 10 7 22
289 10 8 23
289 10 10 25
289 10 13 23
289 10 14 22
289 13 0 22
289 13 1 22
289 13 4 22
289 13 8 19
289 13 9 20
289 13 10 22
289 13 11 20
289 13 12 19
289 14 0 23
289 14 1 23
289 14 2 23
289 14 3 20
289 14 6 21
289 14 9 23
289 14 12 21
289 14 14 20
290 1 0 50
290 1 1 48
290 1 2 52
290 1 3 51
290 1 5 48
290 1 11 46
290 1 13 44
290 1 14 45
290 4 2 51
290 4 4 57
290 4 6 57
290 4 7 48
290 4 8 49
290 4 10 51
290 4 11 55
290 4 12 54
290 8 1 51
290 8 4 57
290 8 5 57
290 8 6 48
290 8 9 49
290 8 10 51
290 8 11 55
290 8 12 54
290 9 0 47
290 9 1 45
290 9 6 49
290 9 7 48
290 9 8 45
290 9 11 43
290 9 12 41
290 9 13 42
291 1 0 56
291 1 1 62
291 1 2 62
291 1 3 53
291 1 5 54
291 1 11 56
291 1 13 60
291 1 14 59
291 2 0 63
291 2 2 67
291 2 3 67
291 2 5 62
291 2 8 63
291 2 9 63
291 2 13 65
291 2 14 68
291 3 0 52
291 3 2 58
291 3 4 58
291 3 5 49
291 3 6 50
291 3 7 52
291 3 8 56
291 3 11 55
291 6 1 65
291 6 2 69
291 6 3 69
291 6 6 64
291 6 8 65
291 6 9 65
291 6 10 67
291 6 13 70
292 0 0 29
292 0 1 29
292 0 3 29
292 0 4 26
292 0 9 27
292 0 10 29
292 0 12 27
292 0 13 26
292 2 0 29
292 2 2 29
292 2 3 29
292 2 5 26
292 2 8 27
292 2 9 29
292 2 13 27
292 2 14 26
292 12 3 29
292 12 4 29
292 12 5 29
292 12 6 26
292 12 7 27
292 12 8 29
292 12 9 27
292 12 13 26
293 0 0 74
293 0 1 75
293 0 3 78
293 0 4 80
293 0 9 71
293 0 10 67
293 0 12 70
293 0 13 77
293 1 0 75
293 1 1 76
293 1 2 79
293 1 3 81
293 1 5 72
293 1 11 68
293 1 13 71
293 1 14 78
293 5 2 78
293 5 6 79
293 5 7 82
293 5 9 84
293 5 10 75
293 5 11 71
293 5 13 74
293 5 14 81
293 6 1 80
293 6 2 79
293 6 3 86
293 6 6 72
293 6 8 77
293 6 9 77
293 6 10 87
293 6 13 78
293 12 3 71
293 12 4 72
293 12 5 75
293 12 6 77
293 12 7 68
293 12 8 64
293 12 9 67
293 12 13 74
294 2 0 12
294 2 2 12
294 2 3 13
294 2 5 13
294 2 8 11
294 2 9 10
294 2 13 11
294 2 14 12
294 4 2 12
294 4 4 12
294 4 6 13
294 4 7 13
294 4 8 11
294 4 10 10
294 4 11 11
294 4 12 12
294 10 0 13
294 10 1 13
294 10 3 14
294 10 7 14
294 10 8 12
294 10 10 11
294 10 13 12
294 10 14 13
295 3 0 90
295 3 2 88
295 3 4 92
295 3 5 91
295 3 6 88
295 3 7 86
295 3 8 94
295 3 11 85
295 6 1 93
295 6 2 87
295 6 3 87
295 6 6 90
295 6 8 85
295 6 9 93
295 6 10 79
295 6 13 78
295 7 3 93
295 7 4 87
295 7 6 87
295 7 7 90
295 7 11 85
295 7 12 93
295 7 13 79
295 7 14 78
295 8 1 82
295 8 4 82
295 8 5 87
295 8 6 90
295 8 9 81
295 8 10 87
295 8 11 84
295 8 12 84
295 11 0 91
295 11 1 85
295 11 2 85
295 11 3 88
295 11 5 83
295 11 11 91
295 11 12 77
295 11 14 76
296 9 0 75
296 9 1 76
296 9 6 79
296 9 7 81
296 9 8 72
296 9 11 68
296 9 12 71
296 9 13 78
296 12 3 63
296 12 4 67
296 12 5 67
296 12 6 62
296 12 7 63
296 12 8 63
296 12 9 65
296 12 13 68
296 14 0 72
296 14 1 73
296 14 2 76
296 14 3 78
296 14 6 69
296 14 9 65
296 14 12 68
296 14 14 75
297 5 2 51
297 5 6 49
297 5 7 53
297 5 9 52
297 5 10 49
297 5 11 47
297 5 13 45
297 5 14 46
297 6 1 52
297 6 2 58
297 6 3 58
297 6 6 49
297 6 8 50
297 6 9 52
297 6 10 56
297 6 13 55
297 7 3 52
297 7 4 58
297 7 6 58
297 7 7 49
297 7 11 50
297 7 12 52
297 7 13 56
297 7 14 55
297 9 0 48
297 9 1 46
297 9 6 50
297 9 7 49
297 9 8 46
297 9 11 44
297 9 12 42
297 9 13 43
297 13 0 49
297 13 1 47
297 13 4 51
297 13 8 50
297 13 9 47
297 13 10 45
297 13 11 43
297 13 12 44
298 1 0 89
298 1 1 87
298 1 2 91
298 1 3 90
298 1 5 87
298 1 11 85
298 1 13 93
298 1 14 84
298 3 0 82
298 3 2 82
298 3 4 87
298 3 5 90
298 3 6 81
298 3 7 87
298 3 8 84
298 3 11 84
298 7 3 91
298 7 4 89
298 7 6 93
298 7 7 92
298 7 11 89
298 7 12 87
298 7 13 95
298 7 14 86
298 10 0 90
298 10 1 88
298 10 3 92
298 10 7 91
298 10 8 88
298 10 10 86
298 10 13 94
298 10 14 85
299 6 1 15
299 6 2 15
299 6 3 16
299 6 6 16
299 6 8 14
299 6 9 13
299 6 10 14
299 6 13 15
299 8 1 15
299 8 4 15
299 8 5 16
299 8 6 16
299 8 9 14
299 8 10 13
299 8 11 14
299 8 12 15
299 9 0 16
299 9 1 16
299 9 6 17
299 9 7 17
299 9 8 15
299 9 11 14
299 9 12 15
299 9 13 16
299 12 3 16
299 12 4 16
299 12 5 17
299 12 6 17
299 12 7 15
299 12 8 14
299 12 9 15
299 12 13 16
300 1 0 82
300 1 1 82
300 1 2 87
300 1 3 90
300 1 5 81
300 1 11 87
300 1 13 84
300 1 14 84
300 2 0 90
300 2 2 84
300 2 3 84
300 2 5 87
300 2 8 82
300 2 9 90
300 2 13 76
300 2 14 75
300 3 0 90
300 3 2 84
300 3 4 84
300 3 5 87
300 3 6 82
300 3 7 90
300 3 8 76
300 3 11 75
300 13 0 93
300 13 1 87
300 13 4 87
300 13 8 90
300 13 9 85
300 13 10 93
300 13 11 79
300 13 12 78
301 1 0 32
301 1 1 32
301 1 2 34
301 1 3 35
301 1 5 30
301 1 11 28
301 1 13 30
301 1 14 33
301 7 3 32
301 7 4 32
301 7 6 34
301 7 7 35
301 7 11 30
301 7 12 28
301 7 13 30
301 7 14 33
301 11 0 34
301 11 1 34
301 11 2 36
301 11 3 37
301 11 5 32
301 11 11 30
301 11 12 32
301 11 14 35
302 0 0 34
302 0 1 34
302 0 3 36
302 0 4 37
302 0 9 32
302 0 10 30
302 0 12 32
302 0 13 35
302 2 0 34
302 2 2 34
302 2 3 36
302 2 5 37
302 2 8 32
302 2 9 30
302 2 13 32
302 2 14 35
302 3 0 36
302 3 2 36
302 3 4 38
302 3 5 39
302 3 6 34
302 3 7 32
302 3 8 34
302 3 11 37
302 4 2 37
302 4 4 37
302 4 6 39
302 4 7 40
302 4 8 35
302 4 10 33
302 4 11 35
302 4 12 38
302 9 0 32
302 9 1 32
302 9 6 34
302 9 7 35
302 9 8 30
302 9 11 28
302 9 12 30
302 9 13 33
303 0 0 39
303 0 1 39
303 0 3 41
303 0 4 42
303 0 9 37
303 0 10 35
303 0 12 37
303 0 13 40
303 9 0 39
303 9 1 39
303 9 6 41
303 9 7 42
303 9 8 37
303 9 11 35
303 9 12 37
303 9 13 40
303 10 0 43
303 10 1 41
303 10 3 45
303 10 7 44
303 10 8 41
303 10 10 39
303 10 13 37
303 10 14 38
304 2 0 88
304 2 2 86
304 2 3 90
304 2 5 89
304 2 8 86
304 2 9 84
304 2 13 92
304 2 14 83
304 5 2 91
304 5 6 85
304 5 7 85
304 5 9 88
304 5 10 83
304 5 11 91
304 5 13 77
304 5 14 76
304 6 1 91
304 6 2 85
304 6 3 85
304 6 6 88
304 6 8 83
304 6 9 91
304 6 10 77
304 6 13 76
304 7 3 94
304 7 4 88
304 7 6 88
304 7 7 91
304 7 11 86
304 7 12 94
304 7 13 80
304 7 14 79
304 11 0 89
304 11 1 83
304 11 2 83
304 11 3 86
304 11 5 81
304 11 11 89
304 11 12 75
304 11 14 74
305 1 0 49
305 1 1 55
305 1 2 55
305 1 3 46
305 1 5 47
305 1 11 49
305 1 13 53
305 1 14 52
305 2 0 55
305 2 2 61
305 2 3 61
305 2 5 52
305 2 8 53
305 2 9 55
305 2 13 59
305 2 14 58
305 4 2 55
305 4 4 61
305 4 6 61
305 4 7 52
305 4 8 53
305 4 10 55
305 4 11 59
305 4 12 58
305 10 0 51
305 10 1 49
305 10 3 53
305 10 7 52
305 10 8 49
305 10 10 47
305 10 13 45
305 10 14 46
305 12 3 47
305 12 4 54
305 12 5 53
305 12 6 49
305 12 7 47
305 12 8 51
305 12 9 49
305 12 13 48
306 0 0 93
306 0 1 87
306 0 3 87
306 0 4 90
306 0 9 85
306 0 10 93
306 0 12 79
306 0 13 78
306 2 0 87
306 2 2 81
306 2 3 81
306 2 5 84
306 2 8 79
306 2 9 87
306 2 13 73
306 2 14 72
306 13 0 87
306 13 1 81
306 13 4 81
306 13 8 84
306 13 9 79
306 13 10 87
306 13 11 73
306 13 12 72
307 3 0 64
307 3 2 68
307 3 4 68
307 3 5 63
307 3 6 64
307 3 7 64
307 3 8 66
307 3 11 69
307 4 2 68
307 4 4 72
307 4 6 72
307 4 7 67
307 4 8 68
307 4 10 68
307 4 11 70
307 4 12 73
307 7 3 68
307 7 4 72
307 7 6 72
307 7 7 67
307 7 11 68
307 7 12 68
307 7 13 70
307 7 14 73
307 14 0 63
307 14 1 67
307 14 2 67
307 14 3 62
307 14 6 63
307 14 9 63
307 14 12 65
307 14 14 68
308 2 0 16
308 2 2 16
308 2 3 17
308 2 5 17
308 2 8 15
308 2 9 14
308 2 13 15
308 2 14 16
308 7 3 16
308 7 4 16
308 7 6 17
308 7 7 17
308 7 11 15
308 7 12 14
308 7 13 15
308 7 14 16
308 8 1 17
308 8 4 17
308 8 5 18
308 8 6 18
308 8 9 16
308 8 10 15
308 8 11 16
308 8 12 17
309 0 0 22
309 0 1 22
309 0 3 22
309 0 4 19
309 0 9 20
309 0 10 22
309 0 12 20
309 0 13 19
309 3 0 22
309 3 2 22
309 3 4 22
309 3 5 19
309 3 6 20
309 3 7 22
309 3 8 20
309 3 11 19
309 5 2 22
309 5 6 22
309 5 7 22
309 5 9 19
309 5 10 20
309 5 11 22
309 5 13 20
309 5 14 19
309 7 3 19
309 7 4 19
309 7 6 20
309 7 7 20
309 7 11 18
309 7 12 17
309 7 13 18
309 7 14 19
309 8 1 20
309 8 4 18
309 8 5 22
309 8 6 21
309 8 9 18
309 8 10 21
309 8 11 19
309 8 12 20
310 1 0 31
310 1 1 31
310 1 2 33
310 1 3 34
310 1 5 29
310 1 11 27
310 1 13 29
310 1 14 32
310 3 0 31
310 3 2 31
310 3 4 33
310 3 5 34
310 3 6 29
310 3 7 27
310 3 8 29
310 3 11 32
310 11 0 33
310 11 1 33
310 11 2 35
310 11 3 36
310 11 5 31
310 11 11 29
310 11 12 31
310 11 14 34
310 14 0 34
310 14 1 34
310 14 2 36
310 14 3 37
310 14 6 32
310 14 9 30
310 14 12 32
310 14 14 35
311 7 3 66
311 7 4 70
311 7 6 70
311 7 7 65
311 7 11 66
311 7 12 66
311 7 13 68
311 7 14 71
311 9 0 75
311 9 1 63
311 9 6 72
311 9 7 66
311 9 8 73
311 9 11 66
311 9 12 64
311 9 13 75
311 12 3 75
311 12 4 63
311 12 5 72
311 12 6 66
311 12 7 73
311 12 8 66
311 12 9 64
311 12 13 75
312 5 2 19
312 5 6 19
312 5 7 20
312 5 9 20
312 5 10 18
312 5 11 17
312 5 13 18
312 5 14 19
312 6 1 19
312 6 2 19
312 6 3 20
312 6 6 20
312 6 8 18
312 6 9 17
312 6 10 18
312 6 13 19
312 8 1 20
312 8 4 18
312 8 5 22
312 8 6 21
312 8 9 18
312 8 10 21
312 8 11 19
312 8 12 20
312 13 0 20
312 13 1 18
312 13 4 22
312 13 8 21
312 13 9 18
312 13 10 21
312 13 11 19
312 13 12 20
313 5 2 51
313 5 6 57
313 5 7 57
313 5 9 48
313 5 10 49
313 5 11 51
313 5 13 55
313 5 14 54
313 8 1 59
313 8 4 63
313 8 5 55
313 8 6 65
313 8 9 64
313 8 10 62
313 8 11 64
313 8 12 62
313 9 0 59
313 9 1 63
313 9 6 55
313 9 7 65
313 9 8 64
313 9 11 62
313 9 12 64
313 9 13 62
314 3 0 89
314 3 2 87
314 3 4 91
314 3 5 90
314 3 6 87
314 3 7 85
314 3 8 93
314 3 11 84
314 6 1 92
314 6 2 86
314 6 3 86
314 6 6 89
314 6 8 84
314 6 9 92
314 6 10 78
314 6 13 77
314 9 0 92
314 9 1 86
314 9 6 86
314 9 7 89
314 9 8 84
314 9 11 92
314 9 12 78
314 9 13 77
314 14 0 95
314 14 1 89
314 14 2 89
314 14 3 92
314 14 6 87
314 14 9 95
314 14 12 81
314 14 14 80
315 5 2 95
315 5 6 89
315 5 7 89
315 5 9 92
315 5 10 87
315 5 11 95
315 5 13 81
315 5 14 80
315 6 1 93
315 6 2 87
315 6 3 87
315 6 6 90
315 6 8 85
315 6 9 93
315 6 10 79
315 6 13 78
315 7 3 88
315 7 4 86
315 7 6 90
315 7 7 89
315 7 11 86
315 7 12 84
315 7 13 92
315 7 14 83
315 9 0 82
315 9 1 82
315 9 6 87
315 9 7 90
315 9 8 81
315 9 11 87
315 9 12 84
315 9 13 84
316 0 0 50
316 0 1 56
316 0 3 56
316 0 4 47
316 0 9 48
316 0 10 50
316 0 12 54
316 0 13 53
316 4 2 56
316 4 4 62
316 4 6 62
316 4 7 53
316 4 8 54
316 4 10 56
316 4 11 60
316 4 12 59
316 5 2 56
316 5 6 62
316 5 7 62
316 5 9 53
316 5 10 54
316 5 11 56
316 5 13 60
316 5 14 59
316 7 3 47
316 7 4 54
316 7 6 53
316 7 7 49
316 7 11 47
316 7 12 51
316 7 13 49
316 7 14 48
317 2 0 94
317 2 2 88
317 2 3 88
317 2 5 91
317 2 8 86
317 2 9 94
317 2 13 80
317 2 14 79
317 3 0 88
317 3 2 82
317 3 4 82
317 3 5 85
317 3 6 80
317 3 7 88
317 3 8 74
317 3 11 73
317 7 3 88
317 7 4 82
317 7 6 82
317 7 7 85
317 7 11 80
317 7 12 88
317 7 13 74
317 7 14 73
318 1 0 22
318 1 1 22
318 1 2 22
318 1 3 19
318 1 5 20
318 1 11 22
318 1 13 20
318 1 14 19
318 5 2 22
318 5 6 22
318 5 7 22
318 5 9 19
318 5 10 20
318 5 11 22
318 5 13 20
318 5 14 19
318 9 0 22
318 9 1 22
318 9 6 22
318 9 7 19
318 9 8 20
318 9 11 22
318 9 12 20
318 9 13 19
318 13 0 19
318 13 1 19
318 13 4 20
318 13 8 20
318 13 9 18
318 13 10 17
318 13 11 18
318 13 12 19
319 3 0 65
319 3 2 69
319 3 4 69
319 3 5 64
319 3 6 65
319 3 7 65
319 3 8 67
319 3 11 70
319 5 2 69
319 5 6 73
319 5 7 73
319 5 9 68
319 5 10 69
319 5 11 69
319 5 13 71
319 5 14 74
319 6 1 69
319 6 2 73
319 6 3 73
319 6 6 68
319 6 8 69
319 6 9 69
319 6 10 71
319 6 13 74
319 7 3 64
319 7 4 68
319 7 6 68
319 7 7 63
319 7 11 64
319 7 12 64
319 7 13 66
319 7 14 69
319 10 0 65
319 10 1 69
319 10 3 69
319 10 7 64
319 10 8 65
319 10 10 65
319 10 13 67
319 10 14 70
320 0 0 33
320 0 1 33
320 0 3 35
320 0 4 36
320 0 9 31
320 0 10 29
320 0 12 31
320 0 13 34
320 1 0 33
320 1 1 33
320 1 2 35
320 1 3 36
320 1 5 31
320 1 11 29
320 1 13 31
320 1 14 34
320 7 3 35
320 7 4 35
320 7 6 37
320 7 7 38
320 7 11 33
320 7 12 31
320 7 13 33
320 7 14 36
320 8 1 36
320 8 4 36
320 8 5 38
320 8 6 39
320 8 9 34
320 8 10 32
320 8 11 34
320 8 12 37
320 11 0 31
320 11 1 31
320 11 2 33
320 11 3 34
320 11 5 29
320 11 11 27
320 11 12 29
320 11 14 32
321 1 0 61
321 1 1 65
321 1 2 65
321 1 3 60
321 1 5 61
321 1 11 61
321 1 13 63
321 1 14 66
321 3 0 65
321 3 2 69
321 3 4 69
321 3 5 64
321 3 6 65
321 3 7 65
321 3 8 67
321 3 11 70
321 6 1 65
321 6 2 69
321 6 3 69
321 6 6 64
321 6 8 65
321 6 9 65
321 6 10 67
321 6 13 70
321 9 0 59
321 9 1 63
321 9 6 55
321 9 7 65
321 9 8 64
321 9 11 62
321 9 12 64
321 9 13 62
321 12 3 61
321 12 4 65
321 12 5 65
321 12 6 60
321 12 7 61
321 12 8 61
321 12 9 63
321 12 13 66
322 0 0 22
322 0 1 22
322 0 3 22
322 0 4 19
322 0 9 20
322 0 10 22
322 0 12 20
322 0 13 19
322 3 0 22
322 3 2 22
322 3 4 22
322 3 5 19
322 3 6 20
322 3 7 22
322 3 8 20
322 3 11 19
322 7 3 22
322 7 4 22
322 7 6 22
322 7 7 19
322 7 11 20
322 7 12 22
322 7 13 20
322 7 14 19
322 12 3 19
322 12 4 19
322 12 5 20
322 12 6 20
322 12 7 18
322 12 8 17
322 12 9 18
322 12 13 19
322 14 0 20
322 14 1 18
322 14 2 22
322 14 3 21
322 14 6 18
322 14 9 21
322 14 12 19
322 14 14 20
323 1 0 26
323 1 1 26
323 1 2 26
323 1 3 23
323 1 5 24
323 1 11 26
323 1 13 24
323 1 14 23
323 3 0 26
323 3 2 26
323 3 4 26
323 3 5 23
323 3 6 24
323 3 7 26
323 3 8 24
323 3 11 23
323 8 1 26
323 8 4 26
323 8 5 26
323 8 6 23
323 8 9 24
323 8 10 26
323 8 11 24
323 8 12 23
323 10 0 23
323 10 1 23
323 10 3 23
323 10 7 20
323 10 8 21
323 10 10 23
323 10 13 21
323 10 14 20
323 14 0 24
323 14 1 24
323 14 2 24
323 14 3 21
323 14 6 22
323 14 9 24
323 14 12 22
323 14 14 21
324 1 0 21
324 1 1 21
324 1 2 21
324 1 3 18
324 1 5 19
324 1 11 21
324 1 13 19
324 1 14 18
324 8 1 21
324 8 4 21
324 8 5 21
324 8 6 18
324 8 9 19
324 8 10 21
324 8 11 19
324 8 12 18
324 14 0 21
324 14 1 21
324 14 2 21
324 14 3 18
324 14 6 19
324 14 9 21
324 14 12 19
324 14 14 18
325 0 0 44
325 0 1 42
325 0 3 46
325 0 4 45
325 0 9 42
325 0 10 40
325 0 12 38
325 0 13 39
325 6 1 36
325 6 2 36
325 6 3 38
325 6 6 39
325 6 8 34
325 6 9 32
325 6 10 34
325 6 13 37
325 10 0 36
325 10 1 36
325 10 3 38
325 10 7 39
325 10 8 34
325 10 10 32
325 10 13 34
325 10 14 37
325 11 0 39
325 11 1 39
325 11 2 41
325 11 3 42
325 11 5 37
325 11 11 35
325 11 12 37
325 11 14 40
326 9 0 47
326 9 1 54
326 9 6 53
326 9 7 49
326 9 8 47
326 9 11 51
326 9 12 49
326 9 13 48
326 12 3 53
326 12 4 59
326 12 5 59
326 12 6 50
326 12 7 51
326 12 8 53
326 12 9 57
326 12 13 56
326 14 0 53
326 14 1 59
326 14 2 59
326 14 3 50
326 14 6 51
326 14 9 53
326 14 12 57
326 14 14 56
327 0 0 76
327 0 1 77
327 0 3 80
327 0 4 82
327 0 9 73
327 0 10 69
327 0 12 72
327 0 13 79
327 6 1 77
327 6 2 78
327 6 3 81
327 6 6 83
327 6 8 74
327 6 9 70
327 6 10 73
327 6 13 80
327 11 0 80
327 11 1 79
327 11 2 86
327 11 3 72
327 11 5 77
327 11 11 77
327 11 12 87
327 11 14 78
327 12 3 88
327 12 4 82
327 12 5 82
327 12 6 85
327 12 7 80
327 12 8 88
327 12 9 74
327 12 13 73
328 10 0 89
328 10 1 87
328 10 3 91
328 10 7 90
328 10 8 87
328 10 10 85
328 10 13 93
328 10 14 84
328 11 0 92
328 11 1 86
328 11 2 86
328 11 3 89
328 11 5 84
328 11 11 92
328 11 12 78
328 11 14 77
328 12 3 92
328 12 4 86
328 12 5 86
328 12 6 89
328 12 7 84
328 12 8 92
328 12 9 78
328 12 13 77
328 13 0 95
328 13 1 89
328 13 4 89
328 13 8 92
328 13 9 87
328 13 10 95
328 13 11 81
328 13 12 80
329 1 0 79
329 1 1 80
329 1 2 83
329 1 3 85
329 1 5 76
329 1 11 72
329 1 13 75
329 1 14 82
329 8 1 80
329 8 4 79
329 8 5 86
329 8 6 72
329 8 9 77
329 8 10 77
329 8 11 87
329 8 12 78
329 9 0 89
329 9 1 83
329 9 6 83
329 9 7 86
329 9 8 81
329 9 11 89
329 9 12 75
329 9 13 74
329 11 0 91
329 11 1 85
329 11 2 85
329 11 3 88
329 11 5 83
329 11 11 91
329 11 12 77
329 11 14 76
329 12 3 76
329 12 4 77
329 12 5 80
329 12 6 82
329 12 7 73
329 12 8 69
329 12 9 72
329 12 13 79
330 0 0 47
330 0 1 54
330 0 3 53
330 0 4 49
330 0 9 47
330 0 10 51
330 0 12 49
330 0 13 48
330 2 0 53
330 2 2 59
330 2 3 59
330 2 5 50
330 2 8 51
330 2 9 53
330 2 13 57
330 2 14 56
330 4 2 53
330 4 4 59
330 4 6 59
330 4 7 50
330 4 8 51
330 4 10 53
330 4 11 57
330 4 12 56
330 13 0 49
330 13 1 47
330 13 4 51
330 13 8 50
330 13 9 47
330 13 10 45
330 13 11 43
330 13 12 44
330 14 0 50
330 14 1 48
330 14 2 52
330 14 3 51
330 14 6 48
330 14 9 46
330 14 12 44
330 14 14 45
331 1 0 74
331 1 1 75
331 1 2 78
331 1 3 80
331 1 5 71
331 1 11 67
331 1 13 70
331 1 14 77
331 3 0 75
331 3 2 76
331 3 4 79
331 3 5 81
331 3 6 72
331 3 7 68
331 3 8 71
331 3 11 78
331 12 3 78
331 12 4 79
331 12 5 82
331 12 6 84
331 12 7 75
331 12 8 71
331 12 9 74
331 12 13 81
332 1 0 62
332 1 1 66
332 1 2 66
332 1 3 61
332 1 5 62
332 1 11 62
332 1 13 64
332 1 14 67
332 5 2 66
332 5 6 70
332 5 7 70
332 5 9 65
332 5 10 66
332 5 11 66
332 5 13 68
332 5 14 71
332 9 0 66
332 9 1 70
332 9 6 70
332 9 7 65
332 9 8 66
332 9 11 66
332 9 12 68
332 9 13 71
332 10 0 61
332 10 1 65
332 10 3 65
332 10 7 60
332 10 8 61
332 10 10 61
332 10 13 63
332 10 14 66
332 12 3 62
332 12 4 66
332 12 5 66
332 12 6 61
332 12 7 62
332 12 8 62
332 12 9 64
332 12 13 67
333 4 2 62
333 4 4 66
333 4 6 66
333 4 7 61
333 4 8 62
333 4 10 62
333 4 11 64
333 4 12 67
333 5 2 66
333 5 6 70
333 5 7 70
333 5 9 65
333 5 10 66
333 5 11 66
333 5 13 68
333 5 14 71
333 8 1 66
333 8 4 70
333 8 5 70
333 8 6 65
333 8 9 66
333 8 10 66
333 8 11 68
333 8 12 71
334 3 0 47
334 3 2 45
334 3 4 49
334 3 5 48
334 3 6 45
334 3 7 43
334 3 8 41
334 3 11 42
334 8 1 45
334 8 4 43
334 8 5 47
334 8 6 46
334 8 9 43
334 8 10 41
334 8 11 39
334 8 12 40
334 10 0 49
334 10 1 47
334 10 3 51
334 10 7 50
334 10 8 47
334 10 10 45
334 10 13 43
334 10 14 44
334 14 0 48
334 14 1 46
334 14 2 50
334 14 3 49
334 14 6 46
334 14 9 44
334 14 12 42
334 14 14 43
335 0 0 31
335 0 1 31
335 0 3 33
335 0 4 34
335 0 9 29
335 0 10 27
335 0 12 29
335 0 13 32
335 3 0 31
335 3 2 31
335 3 4 33
335 3 5 34
335 3 6 29
335 3 7 27
335 3 8 29
335 3 11 32
335 8 1 33
335 8 4 33
335 8 5 35
335 8 6 36
335 8 9 31
335 8 10 29
335 8 11 31
335 8 12 34
335 13 0 34
335 13 1 34
335 13 4 36
335 13 8 37
335 13 9 32
335 13 10 30
335 13 11 32
335 13 12 35
335 14 0 29
335 14 1 29
335 14 2 29
335 14 3 26
335 14 6 27
335 14 9 29
335 14 12 27
335 14 14 26
336 11 0 49
336 11 1 47
336 11 2 51
336 11 3 50
336 11 5 47
336 11 11 45
336 11 12 43
336 11 14 44
336 12 3 47
336 12 4 45
336 12 5 49
336 12 6 48
336 12 7 45
336 12 8 43
336 12 9 41
336 12 13 42
336 14 0 51
336 14 1 49
336 14 2 53
336 14 3 52
336 14 6 49
336 14 9 47
336 14 12 45
336 14 14 46
337 0 0 47
337 0 1 45
337 0 3 49
337 0 4 48
337 0 9 45
337 0 10 43
337 0 12 41
337 0 13 42
337 6 1 45
337 6 2 43
337 6 3 47
337 6 6 46
337 6 8 43
337 6 9 41
337 6 10 39
337 6 13 40
337 10 0 49
337 10 1 47
337 10 3 51
337 10 7 50
337 10 8 47
337 10 10 45
337 10 13 43
337 10 14 44
338 1 0 50
338 1 1 48
338 1 2 52
338 1 3 51
338 1 5 48
338 1 11 46
338 1 13 44
338 1 14 45
338 2 0 48
338 2 2 46
338 2 3 50
338 2 5 49
338 2 8 46
338 2 9 44
338 2 13 42
338 2 14 43
338 3 0 47
338 3 2 54
338 3 4 53
338 3 5 49
338 3 6 47
338 3 7 51
338 3 8 49
338 3 11 48
338 6 1 51
338 6 2 49
338 6 3 53
338 6 6 52
338 6 8 49
338 6 9 47
338 6 10 45
338 6 13 46
338 8 1 48
338 8 4 46
338 8 5 50
338 8 6 49
338 8 9 46
338 8 10 44
338 8 11 42
338 8 12 43
339 4 2 13
339 4 4 13
339 4 6 14
339 4 7 14
339 4 8 12
339 4 10 11
339 4 11 12
339 4 12 13
339 8 1 13
339 8 4 13
339 8 5 14
339 8 6 14
339 8 9 12
339 8 10 11
339 8 11 12
339 8 12 13
339 13 0 14
339 13 1 14
339 13 4 15
339 13 8 15
339 13 9 13
339 13 10 12
339 13 11 13
339 13 12 14
340 1 0 62
340 1 1 66
340 1 2 66
340 1 3 61
340 1 5 62
340 1 11 62
340 1 13 64
340 1 14 67
340 10 0 66
340 10 1 70
340 10 3 70
340 10 7 65
340 10 8 66
340 10 10 66
340 10 13 68
340 10 14 71
340 12 3 66
340 12 4 70
340 12 5 70
340 12 6 65
340 12 7 66
340 12 8 66
340 12 9 68
340 12 13 71
340 14 0 61
340 14 1 65
340 14 2 65
340 14 3 60
340 14 6 61
340 14 9 61
340 14 12 63
340 14 14 66
341 2 0 27
341 2 2 27
341 2 3 27
341 2 5 24
341 2 8 25
341 2 9 27
341 2 13 25
341 2 14 24
341 5 2 31
341 5 6 31
341 5 7 33
341 5 9 34
341 5 10 29
341 5 11 27
341 5 13 29
341 5 14 32
341 8 1 31
341 8 4 31
341 8 5 33
341 8 6 34
341 8 9 29
341 8 10 27
341 8 11 29
341 8 12 32
341 9 0 33
341 9 1 33
341 9 6 35
341 9 7 36
341 9 8 31
341 9 11 29
341 9 12 31
341 9 13 34
341 13 0 27
341 13 1 27
341 13 4 27
341 13 8 24
341 13 9 25
341 13 10 27
341 13 11 25
341 13 12 24
342 4 2 91
342 4 4 89
342 4 6 93
342 4 7 92
342 4 8 89
342 4 10 87
342 4 11 95
342 4 12 86
342 5 2 94
342 5 6 88
342 5 7 88
342 5 9 91
342 5 10 86
342 5 11 94
342 5 13 80
342 5 14 79
342 6 1 94
342 6 2 88
342 6 3 88
342 6 6 91
342 6 8 86
342 6 9 94
342 6 10 80
342 6 13 79
342 10 0 88
342 10 1 86
342 10 3 90
342 10 7 89
342 10 8 86
342 10 10 84
342 10 13 92
342 10 14 83
342 14 0 92
342 14 1 86
342 14 2 86
342 14 3 89
342 14 6 84
342 14 9 92
342 14 12 78
342 14 14 77
343 0 0 51
343 0 1 49
343 0 3 53
343 0 4 52
343 0 9 49
343 0 10 47
343 0 12 45
343 0 13 46
343 9 0 52
343 9 1 58
343 9 6 58
343 9 7 49
343 9 8 50
343 9 11 52
343 9 12 56
343 9 13 55
343 12 3 52
343 12 4 58
343 12 5 58
343 12 6 49
343 12 7 50
343 12 8 52
343 12 9 56
343 12 13 55
344 5 2 74
344 5 6 75
344 5 7 78
344 5 9 80
344 5 10 71
344 5 11 67
344 5 13 70
344 5 14 77
344 10 0 75
344 10 1 76
344 10 3 79
344 10 7 81
344 10 8 72
344 10 10 68
344 10 13 71
344 10 14 78
344 11 0 78
344 11 1 79
344 11 2 82
344 11 3 84
344 11 5 75
344 11 11 71
344 11 12 74
344 11 14 81
345 0 0 91
345 0 1 89
345 0 3 93
345 0 4 92
345 0 9 89
345 0 10 87
345 0 12 95
345 0 13 86
345 3 0 89
345 3 2 87
345 3 4 91
345 3 5 90
345 3 6 87
345 3 7 85
345 3 8 93
345 3 11 84
345 11 0 93
345 11 1 91
345 11 2 95
345 11 3 94
345 11 5 91
345 11 11 89
345 11 12 97
345 11 14 88
345 14 0 92
345 14 1 90
345 14 2 94
345 14 3 93
345 14 6 90
345 14 9 88
345 14 12 96
345 14 14 87
346 2 0 80
346 2 2 79
346 2 3 86
346 2 5 72
346 2 8 77
346 2 9 77
346 2 13 87
346 2 14 78
346 7 3 79
346 7 4 80
346 7 6 83
346 7 7 85
346 7 11 76
346 7 12 72
346 7 13 75
346 7 14 82
346 11 0 92
346 11 1 86
346 11 2 86
346 11 3 89
346 11 5 84
346 11 11 92
346 11 12 78
346 11 14 77
346 12 3 72
346 12 4 73
346 12 5 76
346 12 6 78
346 12 7 69
346 12 8 65
346 12 9 68
346 12 13 75
347 3 0 80
347 3 2 79
347 3 4 86
347 3 5 72
347 3 6 77
347 3 7 77
347 3 8 87
347 3 11 78
347 5 2 79
347 5 6 80
347 5 7 83
347 5 9 85
347 5 10 76
347 5 11 72
347 5 13 75
347 5 14 82
347 7 3 92
347 7 4 86
347 7 6 86
347 7 7 89
347 7 11 84
347 7 12 92
347 7 13 78
347 7 14 77
347 10 0 72
347 10 1 73
347 10 3 76
347 10 7 78
347 10 8 69
347 10 10 65
347 10 13 68
347 10 14 75
347 14 0 77
347 14 1 78
347 14 2 81
347 14 3 83
347 14 6 74
347 14 9 70
347 14 12 73
347 14 14 80
348 1 0 64
348 1 1 68
348 1 2 68
348 1 3 63
348 1 5 64
348 1 11 64
348 1 13 66
348 1 14 69
348 3 0 68
348 3 2 72
348 3 4 72
348 3 5 67
348 3 6 68
348 3 7 68
348 3 8 70
348 3 11 73
348 10 0 68
348 10 1 72
348 10 3 72
348 10 7 67
348 10 8 68
348 10 10 68
348 10 13 70
348 10 14 73
348 11 0 63
348 11 1 67
348 11 2 67
348 11 3 62
348 11 5 63
348 11 11 63
348 11 12 65
348 11 14 68
348 14 0 64
348 14 1 68
348 14 2 68
348 14 3 63
348 14 6 64
348 14 9 64
348 14 12 66
348 14 14 69
349 8 1 47
349 8 4 54
349 8 5 53
349 8 6 49
349 8 9 47
349 8 10 51
349 8 11 49
349 8 12 48
349 13 0 53
349 13 1 59
349 13 4 59
349 13 8 50
349 13 9 51
349 13 10 53
349 13 11 57
349 13 12 56
349 14 0 53
349 14 1 59
349 14 2 59
349 14 3 50
349 14 6 51
349 14 9 53
349 14 12 57
349 14 14 56
350 2 0 88
350 2 2 86
350 2 3 90
350 2 5 89
350 2 8 86
350 2 9 84
350 2 13 92
350 2 14 83
350 4 2 95
350 4 4 89
350 4 6 89
350 4 7 92
350 4 8 87
350 4 10 95
350 4 11 81
350 4 12 80
350 7 3 90
350 7 4 88
350 7 6 92
350 7 7 91
350 7 11 88
350 7 12 86
350 7 13 94
350 7 14 85
350 9 0 89
350 9 1 87
350 9 6 91
350 9 7 90
350 9 8 87
350 9 11 85
350 9 12 93
350 9 13 84
350 14 0 95
350 14 1 89
350 14 2 89
350 14 3 92
350 14 6 87
350 14 9 95
350 14 12 81
350 14 14 80
351 3 0 11
351 3 2 11
351 3 4 12
351 3 5 12
351 3 6 10
351 3 7 9
351 3 8 10
351 3 11 11
351 5 2 11
351 5 6 11
351 5 7 12
351 5 9 12
351 5 10 10
351 5 11 9
351 5 13 10
351 5 14 11
351 6 1 12
351 6 2 12
351 6 3 13
351 6 6 13
351 6 8 11
351 6 9 10
351 6 10 11
351 6 13 12
351 7 3 12
351 7 4 12
351 7 6 13
351 7 7 13
351 7 11 11
351 7 12 10
351 7 13 11
351 7 14 12
351 11 0 9
351 11 1 9
351 11 2 9
351 11 3 9
351 11 5 10
351 11 11 9
351 11 12 10
351 11 14 9
352 0 0 78
352 0 1 79
352 0 3 82
352 0 4 84
352 0 9 75
352 0 10 71
352 0 12 74
352 0 13 81
352 5 2 79
352 5 6 80
352 5 7 83
352 5 9 85
352 5 10 76
352 5 11 72
352 5 13 75
352 5 14 82
352 6 1 88
352 6 2 82
352 6 3 82
352 6 6 85
352 6 8 80
352 6 9 88
352 6 10 74
352 6 13 73
353 2 0 19
353 2 2 19
353 2 3 20
353 2 5 20
353 2 8 18
353 2 9 17
353 2 13 18
353 2 14 19
353 7 3 19
353 7 4 19
353 7 6 20
353 7 7 20
353 7 11 18
353 7 12 17
353 7 13 18
353 7 14 19
353 12 3 20
353 12 4 18
353 12 5 22
353 12 6 21
353 12 7 18
353 12 8 21
353 12 9 19
353 12 13 20
353 13 0 20
353 13 1 18
353 13 4 22
353 13 8 21
353 13 9 18
353 13 10 21
353 13 11 19
353 13 12 20
353 14 0 18
353 14 1 18
353 14 2 19
353 14 3 19
353 14 6 17
353 14 9 16
353 14 12 17
353 14 14 18
354 1 0 19
354 1 1 19
354 1 2 20
354 1 3 20
354 1 5 18
354 1 11 17
354 1 13 18
354 1 14 19
354 4 2 19
354 4 4 19
354 4 6 20
354 4 7 20
354 4 8 18
354 4 10 17
354 4 11 18
354 4 12 19
354 5 2 20
354 5 6 18
354 5 7 22
354 5 9 21
354 5 10 18
354 5 11 21
354 5 13 19
354 5 14 20
355 1 0 26
355 1 1 26
355 1 2 26
355 1 3 23
355 1 5 24
355 1 11 26
355 1 13 24
355 1 14 23
355 2 0 26
355 2 2 26
355 2 3 26
355 2 5 23
355 2 8 24
355 2 9 26
355 2 13 24
355 2 14 23
355 8 1 26
355 8 4 26
355 8 5 26
355 8 6 23
355 8 9 24
355 8 10 26
355 8 11 24
355 8 12 23
355 12 3 23
355 12 4 23
355 12 5 23
355 12 6 20
355 12 7 21
355 12 8 23
355 12 9 21
355 12 13 20
355 13 0 24
355 13 1 24
355 13 4 24
355 13 8 21
355 13 9 22
355 13 10 24
355 13 11 22
355 13 12 21
356 2 0 88
356 2 2 86
356 2 3 90
356 2 5 89
356 2 8 86
356 2 9 84
356 2 13 92
356 2 14 83
356 11 0 95
356 11 1 89
356 11 2 89
356 11 3 92
356 11 5 87
356 11 11 95
356 11 12 81
356 11 14 80
356 14 0 90
356 14 1 88
356 14 2 92
356 14 3 91
356 14 6 88
356 14 9 86
356 14 12 94
356 14 14 85
357 0 0 26
357 0 1 26
357 0 3 26
357 0 4 23
357 0 9 24
357 0 10 26
357 0 12 24
357 0 13 23
357 2 0 26
357 2 2 26
357 2 3 26
357 2 5 23
357 2 8 24
357 2 9 26
357 2 13 24
357 2 14 23
357 9 0 26
357 9 1 26
357 9 6 26
357 9 7 23
357 9 8 24
357 9 11 26
357 9 12 24
357 9 13 23
358 1 0 95
358 1 1 89
358 1 2 89
358 1 3 92
358 1 5 87
358 1 11 95
358 1 13 81
358 1 14 80
358 2 0 89
358 2 2 83
358 2 3 83
358 2 5 86
358 2 8 81
358 2 9 89
358 2 13 75
358 2 14 74
358 11 0 89
358 11 1 83
358 11 2 83
358 11 3 86
358 11 5 81
358 11 11 89
358 11 12 75
358 11 14 74
358 14 0 92
358 14 1 86
358 14 2 86
358 14 3 89
358 14 6 84
358 14 9 92
358 14 12 78
358 14 14 77
359 4 2 51
359 4 4 49
359 4 6 53
359 4 7 52
359 4 8 49
359 4 10 47
359 4 11 45
359 4 12 46
359 7 3 52
359 7 4 58
359 7 6 58
359 7 7 49
359 7 11 50
359 7 12 52
359 7 13 56
359 7 14 55
359 12 3 52
359 12 4 58
359 12 5 58
359 12 6 49
359 12 7 50
359 12 8 52
359 12 9 56
359 12 13 55
360 3 0 13
360 3 2 13
360 3 4 14
360 3 5 14
360 3 6 12
360 3 7 11
360 3 8 12
360 3 11 13
360 4 2 13
360 4 4 13
360 4 6 14
360 4 7 14
360 4 8 12
360 4 10 11
360 4 11 12
360 4 12 13
360 5 2 14
360 5 6 14
360 5 7 15
360 5 9 15
360 5 10 13
360 5 11 12
360 5 13 13
360 5 14 14
360 6 1 14
360 6 2 14
360 6 3 15
360 6 6 15
360 6 8 13
360 6 9 12
360 6 10 13
360 6 13 14
360 12 3 12
360 12 4 12
360 12 5 13
360 12 6 13
360 12 7 11
360 12 8 10
360 12 9 11
360 12 13 12
361 5 2 69
361 5 6 73
361 5 7 73
361 5 9 68
361 5 10 69
361 5 11 69
361 5 13 71
361 5 14 74
361 6 1 73
361 6 2 74
361 6 3 77
361 6 6 79
361 6 8 70
361 6 9 66
361 6 10 69
361 6 13 76
361 8 1 73
361 8 4 74
361 8 5 77
361 8 6 79
361 8 9 70
361 8 10 66
361 8 11 69
361 8 12 76
362 4 2 88
362 4 4 86
362 4 6 90
362 4 7 89
362 4 8 86
362 4 10 84
362 4 11 92
362 4 12 83
362 5 2 95
362 5 6 89
362 5 7 89
362 5 9 92
362 5 10 87
362 5 11 95
362 5 13 81
362 5 14 80
362 7 3 90
362 7 4 88
362 7 6 92
362 7 7 91
362 7 11 88
362 7 12 86
362 7 13 94
362 7 14 85
362 8 1 89
362 8 4 87
362 8 5 91
362 8 6 90
362 8 9 87
362 8 10 85
362 8 11 93
362 8 12 84
362 11 0 95
362 11 1 89
362 11 2 89
362 11 3 92
362 11 5 87
362 11 11 95
362 11 12 81
362 11 14 80
363 0 0 11
363 0 1 11
363 0 3 12
363 0 4 12
363 0 9 10
363 0 10 9
363 0 12 10
363 0 13 11
363 4 2 11
363 4 4 11
363 4 6 12
363 4 7 12
363 4 8 10
363 4 10 9
363 4 11 10
363 4 12 11
363 12 3 12
363 12 4 12
363 12 5 13
363 12 6 13
363 12 7 11
363 12 8 10
363 12 9 11
363 12 13 12
364 0 0 17
364 0 1 17
364 0 3 18
364 0 4 18
364 0 9 16
364 0 10 15
364 0 12 16
364 0 13 17
364 9 0 17
364 9 1 17
364 9 6 18
364 9 7 18
364 9 8 16
364 9 11 15
364 9 12 16
364 9 13 17
364 11 0 18
364 11 1 18
364 11 2 19
364 11 3 19
364 11 5 17
364 11 11 16
364 11 12 17
364 11 14 18
365 3 0 45
365 3 2 43
365 3 4 47
365 3 5 46
365 3 6 43
365 3 7 41
365 3 8 39
365 3 11 40
365 9 0 43
365 9 1 41
365 9 6 45
365 9 7 44
365 9 8 41
365 9 11 39
365 9 12 37
365 9 13 38
365 11 0 47
365 11 1 45
365 11 2 49
365 11 3 48
365 11 5 45
365 11 11 43
365 11 12 41
365 11 14 42
365 14 0 46
365 14 1 44
365 14 2 48
365 14 3 47
365 14 6 44
365 14 9 42
365 14 12 40
365 14 14 41
366 0 0 90
366 0 1 88
366 0 3 92
366 0 4 91
366 0 9 88
366 0 10 86
366 0 12 94
366 0 13 85
366 3 0 88
366 3 2 86
366 3 4 90
366 3 5 89
366 3 6 86
366 3 7 84
366 3 8 92
366 3 11 83
366 4 2 92
366 4 4 90
366 4 6 94
366 4 7 93
366 4 8 90
366 4 10 88
366 4 11 96
366 4 12 87
367 3 0 39
367 3 2 39
367 3 4 41
367 3 5 42
367 3 6 37
367 3 7 35
367 3 8 37
367 3 11 40
367 9 0 39
367 9 1 39
367 9 6 41
367 9 7 42
367 9 8 37
367 9 11 35
367 9 12 37
367 9 13 40
367 13 0 43
367 13 1 41
367 13 4 45
367 13 8 44
367 13 9 41
367 13 10 39
367 13 11 37
367 13 12 38
368 2 0 28
368 2 2 28
368 2 3 28
368 2 5 25
368 2 8 26
368 2 9 28
368 2 13 26
368 2 14 25
368 3 0 28
368 3 2 28
368 3 4 28
368 3 5 25
368 3 6 26
368 3 7 28
368 3 8 26
368 3 11 25
368 6 1 28
368 6 2 28
368 6 3 28
368 6 6 25
368 6 8 26
368 6 9 28
368 6 10 26
368 6 13 25
368 8 1 25
368 8 4 25
368 8 5 25
368 8 6 22
368 8 9 23
368 8 10 25
368 8 11 23
368 8 12 22
369 4 2 92
369 4 4 90
369 4 6 94
369 4 7 93
369 4 8 90
369 4 10 88
369 4 11 96
369 4 12 87
369 8 1 90
369 8 4 88
369 8 5 92
369 8 6 91
369 8 9 88
369 8 10 86
369 8 11 94
369 8 12 85
369 10 0 94
369 10 1 92
369 10 3 96
369 10 7 95
369 10 8 92
369 10 10 90
369 10 13 98
369 10 14 89
370 1 0 92
370 1 1 90
370 1 2 94
370 1 3 93
370 1 5 90
370 1 11 88
370 1 13 96
370 1 14 87
370 6 1 95
370 6 2 89
370 6 3 89
370 6 6 92
370 6 8 87
370 6 9 95
370 6 10 81
370 6 13 80
370 11 0 95
370 11 1 89
370 11 2 89
370 11 3 92
370 11 5 87
370 11 11 95
370 11 12 81
370 11 14 80
371 1 0 27
371 1 1 27
371 1 2 27
371 1 3 24
371 1 5 25
371 1 11 27
371 1 13 25
371 1 14 24
371 6 1 27
371 6 2 27
371 6 3 27
371 6 6 24
371 6 8 25
371 6 9 27
371 6 10 25
371 6 13 24
371 11 0 27
371 11 1 27
371 11 2 27
371 11 3 24
371 11 5 25
371 11 11 27
371 11 12 25
371 11 14 24
371 12 3 24
371 12 4 24
371 12 5 24
371 12 6 21
371 12 7 22
371 12 8 24
371 12 9 22
371 12 13 21
372 0 0 71
372 0 1 72
372 0 3 75
372 0 4 77
372 0 9 68
372 0 10 64
372 0 12 67
372 0 13 74
372 1 0 72
372 1 1 73
372 1 2 76
372 1 3 78
372 1 5 69
372 1 11 65
372 1 13 68
372 1 14 75
372 8 1 75
372 8 4 76
372 8 5 79
372 8 6 81
372 8 9 72
372 8 10 68
372 8 11 71
372 8 12 78
372 11 0 77
372 11 1 78
372 11 2 81
372 11 3 83
372 11 5 74
372 11 11 70
372 11 12 73
372 11 14 80
372 12 3 68
372 12 4 72
372 12 5 72
372 12 6 67
372 12 7 68
372 12 8 68
372 12 9 70
372 12 13 73
373 1 0 71
373 1 1 72
373 1 2 75
373 1 3 77
373 1 5 68
373 1 11 64
373 1 13 67
373 1 14 74
373 5 2 72
373 5 6 73
373 5 7 76
373 5 9 78
373 5 10 69
373 5 11 65
373 5 13 68
373 5 14 75
373 13 0 75
373 13 1 76
373 13 4 79
373 13 8 81
373 13 9 72
373 13 10 68
373 13 11 71
373 13 12 78
374 1 0 88
374 1 1 82
374 1 2 82
374 1 3 85
374 1 5 80
374 1 11 88
374 1 13 74
374 1 14 73
374 2 0 88
374 2 2 82
374 2 3 82
374 2 5 85
374 2 8 80
374 2 9 88
374 2 13 74
374 2 14 73
374 7 3 93
374 7 4 87
374 7 6 87
374 7 7 90
374 7 11 85
374 7 12 93
374 7 13 79
374 7 14 78
374 9 0 82
374 9 1 82
374 9 6 87
374 9 7 90
374 9 8 81
374 9 11 87
374 9 12 84
374 9 13 84
375 2 0 95
375 2 2 89
375 2 3 89
375 2 5 92
375 2 8 87
375 2 9 95
375 2 13 81
375 2 14 80
375 8 1 89
375 8 4 83
375 8 5 83
375 8 6 86
375 8 9 81
375 8 10 89
375 8 11 75
375 8 12 74
375 13 0 89
375 13 1 83
375 13 4 83
375 13 8 86
375 13 9 81
375 13 10 89
375 13 11 75
375 13 12 74
375 14 0 92
375 14 1 86
375 14 2 86
375 14 3 89
375 14 6 84
375 14 9 92
375 14 12 78
375 14 14 77
376 6 1 92
376 6 2 90
376 6 3 94
376 6 6 93
376 6 8 90
376 6 9 88
376 6 10 96
376 6 13 87
376 9 0 95
376 9 1 89
376 9 6 89
376 9 7 92
376 9 8 87
376 9 11 95
376 9 12 81
376 9 13 80
376 10 0 95
376 10 1 89
376 10 3 89
376 10 7 92
376 10 8 87
376 10 10 95
376 10 13 81
376 10 14 80
376 13 0 89
376 13 1 87
376 13 4 91
376 13 8 90
376 13 9 87
376 13 10 85
376 13 11 93
376 13 12 84
376 14 0 93
376 14 1 87
376 14 2 87
376 14 3 90
376 14 6 85
376 14 9 93
376 14 12 79
376 14 14 78
377 5 2 39
377 5 6 39
377 5 7 41
377 5 9 42
377 5 10 37
377 5 11 35
377 5 13 37
377 5 14 40
377 6 1 39
377 6 2 39
377 6 3 41
377 6 6 42
377 6 8 37
377 6 9 35
377 6 10 37
377 6 13 40
377 7 3 43
377 7 4 41
377 7 6 45
377 7 7 44
377 7 11 41
377 7 12 39
377 7 13 37
377 7 14 38
377 9 0 44
377 9 1 42
377 9 6 46
377 9 7 45
377 9 8 42
377 9 11 40
377 9 12 38
377 9 13 39
377 13 0 37
377 13 1 37
377 13 4 39
377 13 8 40
377 13 9 35
377 13 10 33
377 13 11 35
377 13 12 38
378 3 0 75
378 3 2 76
378 3 4 79
378 3 5 81
378 3 6 72
378 3 7 68
378 3 8 71
378 3 11 78
378 4 2 76
378 4 4 77
378 4 6 80
378 4 7 82
378 4 8 73
378 4 10 69
378 4 11 72
378 4 12 79
378 6 1 79
378 6 2 80
378 6 3 83
378 6 6 85
378 6 8 76
378 6 9 72
378 6 10 75
378 6 13 82
378 8 1 87
378 8 4 81
378 8 5 81
378 8 6 84
378 8 9 79
378 8 10 87
378 8 11 73
378 8 12 72
378 13 0 72
378 13 1 73
378 13 4 76
378 13 8 78
378 13 9 69
378 13 10 65
378 13 11 68
378 13 12 75
379 0 0 44
379 0 1 42
379 0 3 46
379 0 4 45
379 0 9 42
379 0 10 40
379 0 12 38
379 0 13 39
379 4 2 36
379 4 4 36
379 4 6 38
379 4 7 39
379 4 8 34
379 4 10 32
379 4 11 34
379 4 12 37
379 9 0 36
379 9 1 36
379 9 6 38
379 9 7 39
379 9 8 34
379 9 11 32
379 9 12 34
379 9 13 37
379 10 0 39
379 10 1 39
379 10 3 41
379 10 7 42
379 10 8 37
379 10 10 35
379 10 13 37
379 10 14 40
379 13 0 45
379 13 1 43
379 13 4 47
379 13 8 46
379 13 9 43
379 13 10 41
379 13 11 39
379 13 12 40
380 1 0 46
380 1 1 44
380 1 2 48
380 1 3 47
380 1 5 44
380 1 11 42
380 1 13 40
380 1 14 41
380 9 0 44
380 9 1 42
380 9 6 46
380 9 7 45
380 9 8 42
380 9 11 40
380 9 12 38
380 9 13 39
380 12 3 48
380 12 4 46
380 12 5 50
380 12 6 49
380 12 7 46
380 12 8 44
380 12 9 42
380 12 13 43
381 4 2 56
381 4 4 62
381 4 6 62
381 4 7 53
381 4 8 54
381 4 10 56
381 4 11 60
381 4 12 59
381 7 3 63
381 7 4 67
381 7 6 67
381 7 7 62
381 7 11 63
381 7 12 63
381 7 13 65
381 7 14 68
381 10 0 52
381 10 1 58
381 10 3 58
381 10 7 49
381 10 8 50
381 10 10 52
381 10 13 56
381 10 14 55
382 2 0 64
382 2 2 68
382 2 3 68
382 2 5 63
382 2 8 64
382 2 9 64
382 2 13 66
382 2 14 69
382 6 1 68
382 6 2 72
382 6 3 72
382 6 6 67
382 6 8 68
382 6 9 68
382 6 10 70
382 6 13 73
382 8 1 68
382 8 4 72
382 8 5 72
382 8 6 67
382 8 9 68
382 8 10 68
382 8 11 70
382 8 12 73
382 9 0 63
382 9 1 67
382 9 6 67
382 9 7 62
382 9 8 63
382 9 11 63
382 9 12 65
382 9 13 68
382 12 3 64
382 12 4 68
382 12 5 68
382 12 6 63
382 12 7 64
382 12 8 64
382 12 9 66
382 12 13 69
383 6 1 9
383 6 2 9
383 6 3 9
383 6 6 9
383 6 8 8
383 6 9 8
383 6 10 8
383 6 13 9
383 8 1 9
383 8 4 9
383 8 5 9
383 8 6 9
383 8 9 8
383 8 10 8
383 8 11 8
383 8 12 9
383 9 0 9
383 9 1 9
383 9 6 9
383 9 7 9
383 9 8 8
383 9 11 8
383 9 12 8
383 9 13 9
383 10 0 9
383 10 1 9
383 10 3 9
383 10 7 9
383 10 8 8
383 10 10 8
383 10 13 8
383 10 14 9
383 12 3 9
383 12 4 9
383 12 5 9
383 12 6 9
383 12 7 10
383 12 8 9
383 12 9 10
383 12 13 9
384 2 0 51
384 2 2 49
384 2 3 53
384 2 5 52
384 2 8 49
384 2 9 47
384 2 13 45
384 2 14 46
384 8 1 52
384 8 4 58
384 8 5 58
384 8 6 49
384 8 9 50
384 8 10 52
384 8 11 56
384 8 12 55
384 11 0 52
384 11 1 58
384 11 2 58
384 11 3 49
384 11 5 50
384 11 11 52
384 11 12 56
384 11 14 55
384 13 0 48
384 13 1 46
384 13 4 50
384 13 8 49
384 13 9 46
384 13 10 44
384 13 11 42
384 13 12 43
