Jobs:
0 1 2 3 4 5 6 7 8 9 10 11 12 13 14 15 16 17 18 19 20 21 22 23 24 25 26 27 28 29
Machines:
0 1 2 3 4 5 6 7 8 9 10 11 12 13 14
Workers:
0 1 2 3 4 5 6 7 8 9 10 11 12 13 14
Operations per job:
0 1 2 3 4 5 6 7 8 9 10 11 12
13 14 15 16 17 18 19 20 21 22 23 24 25 26 27
28 29 30 31 32 33 34 35 36 37 38 39 40 41 42
43 44 45 46 47 48 49 50 51 52
53 54 55 56 57 58 59 60 61 62 63 64 65 66 67
68 69 70 71 72 73 74 75 76 77 78
79 80 81 82 83 84 85 86 87 88 89 90 91 92
93 94 95 96 97 98 99 100 101 102 103 104 105
106 107 108 109 110 111 112 113 114 115 116 117 118
119 120 121 122 123 124 125 126 127 128
129 130 131 132 133 134 135 136 137 138
139 140 141 142 143 144 145 146 147 148 149 150 151 152 153
154 155 156 157 158 159 160 161 162 163 164 165 166 167 168
169 170 171 172 173 174 175 176 177 178 179 180 181 182 183
184 185 186 187 188 189 190 191 192 193
194 195 196 197 198 199 200 201 202 203 204 205 206
207 208 209 210 211 212 213 214 215 216 217
218 219 220 221 222 223 224 225 226 227 228 229 230 231
232 233 234 235 236 237 238 239 240 241 242 243 244
245 246 247 248 249 250 251 252 253 254 255 256 257 258 259
260 261 262 263 264 265 266 267 268 269 270 271 272
273 274 275 276 277 278 279 280 281 282
283 284 285 286 287 288 289 290 291 292 293 294 295
296 297 298 299 300 301 302 303 304 305 306 307 308 309 310
311 312 313 314 315 316 317 318 319 320 321 322 323 324
325 326 327 328 329 330 331 332 333 334
335 336 337 338 339 340 341 342 343 344
345 346 347 348 349 350 351 352 353 354 355 356 357 358 359
360 361 362 363 364 365 366 367 368 369 370 371 372 373 374
375 376 377 378 379 380 381 382 383 384 385
Predecessors per operation:

0
1
2
3
4
5
6
7
8
9
10
11

13
14
15
16
17
18
19
20
21
22
23
24
25
26

28
29
30
31
32
33
34
35
36
37
38
39
40
41

43
44
45
46
47
48
49
50
51

53
54
55
56
57
58
59
60
61
62
63
64
65
66

68
69
70
71
72
73
74
75
76
77

79
80
81
82
83
84
85
86
87
88
89
90
91

93
94
95
96
97
98
99
100
101
102
103
104

106
107
108
109
110
111
112
113
114
115
116
117

119
120
121
122
123
124
125
126
127

129
130
131
132
133
134
135
136
137

139
140
141
142
143
144
145
146
147
148
149
150
151
152

154
155
156
157
158
159
160
161
162
163
164
165
166
167

169
170
171
172
173
174
175
176
177
178
179
180
181
182

184
185
186
187
188
189
190
191
192

194
195
196
197
198
199
200
201
202
203
204
205

207
208
209
210
211
212
213
214
215
216

218
219
220
221
222
223
224
225
226
227
228
229
230

232
233
234
235
236
237
238
239
240
241
242
243

245
246
247
248
249
250
251
252
253
254
255
256
257
258

260
261
262
263
264
265
266
267
268
269
270
271

273
274
275
276
277
278
279
280
281

283
284
285
286
287
288
289
290
291
292
293
294

296
297
298
299
300
301
302
303
304
305
306
307
308
309

311
312
313
314
315
316
317
318
319
320
321
322
323

325
326
327
328
329
330
331
332
333

335
336
337
338
339
340
341
342
343

345
346
347
348
349
350
351
352
353
354
355
356
357
358

360
361
362
363
364
365
366
367
368
369
370
371
372
373

375
376
377
378
379
380
381
382
383
384
Successors per operation:
1
2
3
4
5
6
7
8
9
10
11
12

14
15
16
17
18
19
20
21
22
23
24
25
26
27

29
30
31
32
33
34
35
36
37
38
39
40
41
42

44
45
46
47
48
49
50
51
52

54
55
56
57
58
59
60
61
62
63
64
65
66
67

69
70
71
72
73
74
75
76
77
78

80
81
82
83
84
85
86
87
88
89
90
91
92

94
95
96
97
98
99
100
101
102
103
104
105

107
108
109
110
111
112
113
114
115
116
117
118

120
121
122
123
124
125
126
127
128

130
131
132
133
134
135
136
137
138

140
141
142
143
144
145
146
147
148
149
150
151
152
153

155
156
157
158
159
160
161
162
163
164
165
166
167
168

170
171
172
173
174
175
176
177
178
179
180
181
182
183

185
186
187
188
189
190
191
192
193

195
196
197
198
199
200
201
202
203
204
205
206

208
209
210
211
212
213
214
215
216
217

219
220
221
222
223
224
225
226
227
228
229
230
231

233
234
235
236
237
238
239
240
241
242
243
244

246
247
248
249
250
251
252
253
254
255
256
257
258
259

261
262
263
264
265
266
267
268
269
270
271
272

274
275
276
277
278
279
280
281
282

284
285
286
287
288
289
290
291
292
293
294
295

297
298
299
300
301
302
303
304
305
306
307
308
309
310

312
313
314
315
316
317
318
319
320
321
322
323
324

326
327
328
329
330
331
332
333
334

336
337
338
339
340
341
342
343
344

346
347
348
349
350
351
352
353
354
355
356
357
358
359

361
362
363
364
365
366
367
368
369
370
371
372
373
374

376
377
378
379
380
381
382
383
384
385

Machines per operation:
5 6 8
0 1 7 8 9
0 2 6 9 11
2 6 12
0 1 8 10 12
3 10 12 14
0 3 4 8
1 7 14
0 3 13
2 7 9
6 10 14
2 3 9 10 11
0 2 6 7 9
1 4 7 13 14
2 8 12
3 7 12
3 4 12 14
1 8 10 13
2 9 13
1 8 11 13 14
11 12 14
0 11 14
4 7 14
0 4 8 13 14
0 1 11 12
0 7 10
2 3 6
4 6 8 10 12
1 5 7 10 14
5 9 10 11
4 5 6 9 13
1 3 7 13
4 6 8 12
3 7 9 14
2 7 12
0 1 8 10
0 7 9
3 6 8
2 4 8 10 12
1 3 4 9
0 3 11
6 9 10 14
2 5 7 8 13
2 3 8 13 14
7 9 14
5 8 14
1 2 6 10 13
0 4 6 10 11
8 9 11
5 10 11
2 3 4 10
3 4 7 11 12
0 4 8 10 12
6 8 9
5 8 14
2 3 5 7 12
0 9 12
3 4 6 10
5 6 12 13
3 4 7 13
4 6 10 14
1 3 4 6 9
3 6 7 12
2 3 7 8 10
5 11 14
2 5 9 10 12
0 1 2 7
3 11 13
1 2 14
2 3 5 6 14
3 5 6
2 10 11 13
3 11 13
0 2 7 9
0 1 6 8
1 9 11 12 14
3 5 6 9
3 7 8 13
2 6 8
3 6 10 12 14
3 5 9 11
0 3 4 5 14
2 3 5 10
1 5 10 11 12
1 7 8 9 13
0 1 10 12
3 6 7 10 14
4 5 7
6 7 9 11 14
0 1 3 6 8
5 9 12
5 6 12
2 6 8 11 13
4 6 7 10
3 4 5 12
0 1 2 8 11
4 5 10 11 14
6 7 13
3 8 10 12 14
7 9 11 12 13
1 4 10 13
2 3 7 12
0 3 7 10
0 5 13
5 6 7 10 13
1 8 14
5 11 12 13
1 6 7 9
1 2 8
0 3 10 11
4 8 10
2 4 8 12 13
2 6 13
0 5 6 11 14
1 3 13 14
1 3 5
0 2 3 6
6 7 10
1 10 12 14
0 3 6 9 14
1 2 11 13
2 8 9 11 14
0 3 5 6
6 8 11
1 4 9 10 11
0 2 3 9 13
6 8 9 12
0 2 9 12 13
4 5 9 13
0 11 13
5 8 10 14
1 4 13
5 8 10 12
2 6 10 11
0 2 6 11
2 10 11
2 4 5 14
4 8 13
2 4 5 7 14
2 8 12 13
0 5 12
0 9 10
1 8 11
5 6 8 14
3 4 10 11 14
2 11 13
1 4 6 11
3 4 11 12 14
1 2 4 14
6 8 14
1 2 10 11 13
2 6 7 13
3 8 10 12
0 8 13
8 9 12
0 4 7
3 6 12
2 8 9 10 13
2 8 12 14
0 5 6
0 2 6
2 5 11 12
1 3 5 8 13
1 2 5 6 9
0 1 9
2 5 6 10
0 2 4 10
1 3 9
0 12 13
0 5 13
1 7 8
4 8 9 12 13
0 8 11 14
8 9 10 12
3 5 7 8 9
0 1 13
5 9 13
2 7 12 14
1 8 11 12
2 3 5 7 12
3 4 7 11 12
0 1 2 4 8
0 2 7 11
2 3 7 14
2 3 12
1 8 10 13 14
3 4 6 9 10
1 9 10 11 12
3 4 9 13 14
3 8 9 12
0 2 11
0 5 6 12 13
7 8 9 10 14
0 6 7 9 13
0 2 6 8 13
3 4 5 7
7 13 14
0 1 11 13
5 6 14
6 11 12 14
1 6 13
3 4 7 11 13
0 3 6 8 11
0 3 9 12
8 9 12 13
0 1 3
6 9 13
1 6 7 8 9
8 10 14
0 6 7 12 14
2 7 11 12
0 4 7 8 11
3 4 7 9 10
0 8 9
0 6 9 13
3 6 8 10 13
0 4 11 14
3 7 8 14
2 3 4 8
8 9 12
4 11 12
0 3 13
3 4 7 10 11
7 9 10 14
2 7 10
1 4 12
3 4 6 9 10
4 10 11 13
3 9 10
2 3 14
3 8 10
1 2 7 12 13
3 4 5 8 12
0 1 2 4 10
1 4 6 11 14
3 7 8 14
0 2 8
0 4 10 11 13
2 3 11 12 13
2 4 7 10 12
2 10 11
8 10 11
6 9 10
4 6 10
2 5 12
6 7 9 13
1 7 8
2 5 9 10
1 2 4 6 8
5 7 12
0 6 7 11
1 2 13
1 4 13
0 5 7 12
4 5 7 13
6 7 9 12
1 4 10 13
3 7 8 11
6 12 14
5 8 10 13
1 2 4 13 14
3 7 9 10
0 6 11
1 12 13
1 6 11 13
6 7 12
3 8 9
5 7 9 13
0 3 7
0 1 7
0 11 13
3 5 6 11 13
2 8 11 13 14
1 2 12 14
1 6 8
2 4 5 12 14
2 7 9 10
2 3 10 11 12
0 7 8 10 13
2 9 10 13 14
4 5 9
1 7 11
2 3 4 7 14
6 9 10 12 14
3 9 10 12
0 1 13
0 6 13
1 3 6 9
4 7 13
2 7 10 13
0 7 8 14
2 3 4 6 8
1 3 6 13
0 2 4
1 5 6 11 12
1 6 7 8
2 4 10 11 13
4 5 9 10
7 9 11 13 14
2 3 7 13 14
0 3 8
2 13 14
4 5 7 11 12
4 6 8 12 13
6 8 9
1 4 8
0 3 4 7 13
0 1 6 14
0 4 8 9 13
2 4 6 14
0 1 5 7 14
4 8 14
0 7 11 13
6 7 8 10 13
5 9 11
1 4 7 8 10
7 9 11
2 3 7 14
5 7 8 9
7 9 13
0 1 3
0 3 9
4 11 12 13 14
2 9 12
0 7 8 9
1 2 8 9 14
3 13 14
4 6 8 11 14
4 6 7 9 12
0 1 6
3 12 14
0 10 13
3 11 13
1 5 11 12
3 5 7 11 13
0 2 4
0 2 5 8 13
3 8 11 12 14
6 8 11 14
7 8 10 13 14
2 5 6
0 3 6 8 12
3 5 8
3 4 6 14
5 9 10
1 5 14
1 2 4 8 9
0 6 14
1 2 4 6 8
1 2 3 7 8
1 4 11
4 8 10 13
4 6 12
1 4 6 13 14
1 6 9
2 7 8
1 3 4 9 12
3 5 9 13
3 5 7 9 11
0 3 9 10 12
1 2 8 12
5 8 10 11 12
8 12 14
2 5 7 9 10
2 5 6 11
1 2 7
6 7 8 10 12
0 3 9 14
1 3 5 8
10 11 12
0 3 7 10
0 2 3 10
6 8 10 12 13
6 7 9 10
1 5 8 11
3 9 11
5 7 11
3 5 6
10 11 13
3 11 14
0 5 7 11
1 2 8 9 14
4 5 7 9
0 4 13
0 5 8 14
5 10 11 12
Processing times (o m w p):
0 5 1 85
0 5 2 87
0 5 4 89
0 5 7 84
0 5 8 97
0 5 12 95
0 5 13 86
0 5 14 93
0 6 1 90
0 6 3 80
0 6 4 80
0 6 7 75
0 6 8 92
0 6 12 82
0 6 13 91
0 6 14 90
0 8 0 90
0 8 1 80
0 8 4 80
0 8 7 75
0 8 8 92
0 8 11 82
0 8 12 91
0 8 14 90
1 0 0 15
1 0 1 12
1 0 5 14
1 0 6 15
1 0 7 13
1 0 8 15
1 0 9 12
1 0 11 15
1 1 0 12
1 1 1 9
1 1 2 11
1 1 3 12
1 1 6 10
1 1 8 12
1 1 10 9
1 1 12 12
1 7 1 14
1 7 2 11
1 7 8 13
1 7 9 14
1 7 10 12
1 7 11 14
1 7 13 11
1 7 14 14
1 8 0 15
1 8 1 12
1 8 4 14
1 8 7 15
1 8 8 13
1 8 11 15
1 8 12 12
1 8 14 15
1 9 0 13
1 9 1 10
1 9 4 12
1 9 7 13
1 9 11 11
1 9 12 13
1 9 13 10
1 9 14 13
2 0 0 42
2 0 1 41
2 0 5 41
2 0 6 36
2 0 7 44
2 0 8 43
2 0 9 43
2 0 11 42
2 2 0 38
2 2 1 40
2 2 3 42
2 2 4 37
2 2 7 40
2 2 8 38
2 2 10 39
2 2 14 46
2 6 1 40
2 6 3 42
2 6 4 44
2 6 7 39
2 6 8 42
2 6 12 40
2 6 13 41
2 6 14 48
2 9 0 42
2 9 1 36
2 9 4 40
2 9 7 41
2 9 11 37
2 9 12 42
2 9 13 36
2 9 14 42
2 11 1 38
2 11 5 40
2 11 6 42
2 11 7 37
2 11 9 40
2 11 10 38
2 11 12 39
2 11 14 46
3 2 0 95
3 2 1 113
3 2 3 113
3 2 4 112
3 2 7 101
3 2 8 111
3 2 10 100
3 2 14 105
3 6 1 97
3 6 3 115
3 6 4 115
3 6 7 114
3 6 8 103
3 6 12 113
3 6 13 102
3 6 14 107
3 12 4 99
3 12 5 110
3 12 6 112
3 12 7 100
3 12 9 109
3 12 10 120
3 12 11 110
3 12 13 121
4 0 0 23
4 0 1 25
4 0 5 25
4 0 6 20
4 0 7 25
4 0 8 21
4 0 9 24
4 0 11 23
4 1 0 25
4 1 1 27
4 1 2 27
4 1 3 22
4 1 6 27
4 1 8 23
4 1 10 26
4 1 12 25
4 8 0 25
4 8 1 27
4 8 4 27
4 8 7 22
4 8 8 27
4 8 11 23
4 8 12 26
4 8 14 25
4 10 0 19
4 10 2 21
4 10 3 18
4 10 4 18
4 10 6 21
4 10 7 19
4 10 8 20
4 10 10 22
4 12 4 25
4 12 5 27
4 12 6 27
4 12 7 22
4 12 9 27
4 12 10 23
4 12 11 26
4 12 13 25
5 3 0 42
5 3 2 41
5 3 3 41
5 3 6 36
5 3 7 44
5 3 9 43
5 3 10 43
5 3 13 42
5 10 0 38
5 10 2 40
5 10 3 42
5 10 4 37
5 10 6 40
5 10 7 38
5 10 8 39
5 10 10 46
5 12 4 40
5 12 5 42
5 12 6 44
5 12 7 39
5 12 9 42
5 12 10 40
5 12 11 41
5 12 13 48
5 14 0 42
5 14 1 36
5 14 2 40
5 14 7 41
5 14 8 37
5 14 10 42
5 14 12 36
5 14 14 42
6 0 0 40
6 0 1 34
6 0 5 38
6 0 6 39
6 0 7 35
6 0 8 40
6 0 9 34
6 0 11 40
6 3 0 34
6 3 2 28
6 3 3 32
6 3 6 33
6 3 7 29
6 3 9 34
6 3 10 28
6 3 13 34
6 4 0 38
6 4 2 32
6 4 3 36
6 4 6 37
6 4 9 33
6 4 10 38
6 4 11 32
6 4 14 38
6 8 0 39
6 8 1 33
6 8 4 37
6 8 7 38
6 8 8 34
6 8 11 39
6 8 12 33
6 8 14 39
7 1 0 37
7 1 1 39
7 1 2 41
7 1 3 36
7 1 6 39
7 1 8 37
7 1 10 38
7 1 12 45
7 7 1 39
7 7 2 41
7 7 8 43
7 7 9 38
7 7 10 41
7 7 11 39
7 7 13 40
7 7 14 47
7 14 0 41
7 14 1 43
7 14 2 45
7 14 7 40
7 14 8 43
7 14 10 41
7 14 12 42
7 14 14 49
8 0 0 13
8 0 1 10
8 0 5 12
8 0 6 13
8 0 7 11
8 0 8 13
8 0 9 10
8 0 11 13
8 3 0 9
8 3 2 8
8 3 3 9
8 3 6 9
8 3 7 8
8 3 9 9
8 3 10 8
8 3 13 9
8 13 1 12
8 13 3 9
8 13 4 11
8 13 6 12
8 13 7 10
8 13 8 12
8 13 9 9
8 13 12 12
9 2 0 41
9 2 1 35
9 2 3 39
9 2 4 40
9 2 7 36
9 2 8 41
9 2 10 35
9 2 14 41
9 7 1 42
9 7 2 41
9 7 8 41
9 7 9 36
9 7 10 44
9 7 11 43
9 7 13 43
9 7 14 42
9 9 0 38
9 9 1 40
9 9 4 42
9 9 7 37
9 9 11 40
9 9 12 38
9 9 13 39
9 9 14 46
10 6 1 90
10 6 3 80
10 6 4 80
10 6 7 75
10 6 8 92
10 6 12 82
10 6 13 91
10 6 14 90
10 10 0 92
10 10 2 82
10 10 3 82
10 10 4 77
10 10 6 94
10 10 7 84
10 10 8 93
10 10 10 92
10 14 0 94
10 14 1 84
10 14 2 84
10 14 7 79
10 14 8 96
10 14 10 86
10 14 12 95
10 14 14 94
11 2 0 63
11 2 1 65
11 2 3 75
11 2 4 68
11 2 7 75
11 2 8 75
11 2 10 72
11 2 14 69
11 3 0 78
11 3 2 66
11 3 3 73
11 3 6 75
11 3 7 68
11 3 9 78
11 3 10 65
11 3 13 77
11 9 0 62
11 9 1 64
11 9 4 74
11 9 7 67
11 9 11 74
11 9 12 74
11 9 13 71
11 9 14 68
11 10 0 57
11 10 2 59
11 10 3 69
11 10 4 62
11 10 6 69
11 10 7 69
11 10 8 66
11 10 10 63
11 11 1 78
11 11 5 66
11 11 6 73
11 11 7 75
11 11 9 68
11 11 10 78
11 11 12 65
11 11 14 77
12 0 0 89
12 0 1 79
12 0 5 79
12 0 6 74
12 0 7 91
12 0 8 81
12 0 9 90
12 0 11 89
12 2 0 91
12 2 1 81
12 2 3 81
12 2 4 76
12 2 7 93
12 2 8 83
12 2 10 92
12 2 14 91
12 6 1 93
12 6 3 83
12 6 4 83
12 6 7 78
12 6 8 95
12 6 12 85
12 6 13 94
12 6 14 93
12 7 1 88
12 7 2 78
12 7 8 78
12 7 9 73
12 7 10 90
12 7 11 80
12 7 13 89
12 7 14 88
12 9 0 86
12 9 1 88
12 9 4 90
12 9 7 85
12 9 11 98
12 9 12 96
12 9 13 87
12 9 14 94
13 1 0 55
13 1 1 57
13 1 2 67
13 1 3 60
13 1 6 67
13 1 8 67
13 1 10 64
13 1 12 61
13 4 0 57
13 4 2 59
13 4 3 69
13 4 6 62
13 4 9 69
13 4 10 69
13 4 11 66
13 4 14 63
13 7 1 60
13 7 2 62
13 7 8 56
13 7 9 51
13 7 10 56
13 7 11 58
13 7 13 61
13 7 14 60
13 13 1 55
13 13 3 57
13 13 4 51
13 13 6 46
13 13 7 51
13 13 8 53
13 13 9 56
13 13 12 55
13 14 0 60
13 14 1 62
13 14 2 56
13 14 7 51
13 14 8 56
13 14 10 58
13 14 12 61
13 14 14 60
14 2 0 38
14 2 1 40
14 2 3 42
14 2 4 37
14 2 7 40
14 2 8 38
14 2 10 39
14 2 14 46
14 8 0 39
14 8 1 33
14 8 4 37
14 8 7 38
14 8 8 34
14 8 11 39
14 8 12 33
14 8 14 39
14 12 4 42
14 12 5 41
14 12 6 41
14 12 7 36
14 12 9 44
14 12 10 43
14 12 11 43
14 12 13 42
15 3 0 19
15 3 2 21
15 3 3 18
15 3 6 18
15 3 7 21
15 3 9 19
15 3 10 20
15 3 13 22
15 7 1 18
15 7 2 15
15 7 8 17
15 7 9 18
15 7 10 16
15 7 11 18
15 7 13 15
15 7 14 18
15 12 4 20
15 12 5 17
15 12 6 19
15 12 7 20
15 12 9 18
15 12 10 20
15 12 11 17
15 12 13 20
16 3 0 82
16 3 2 84
16 3 3 86
16 3 6 81
16 3 7 94
16 3 9 92
16 3 10 83
16 3 13 90
16 4 0 87
16 4 2 77
16 4 3 77
16 4 6 72
16 4 9 89
16 4 10 79
16 4 11 88
16 4 14 87
16 12 4 87
16 12 5 77
16 12 6 77
16 12 7 72
16 12 9 89
16 12 10 79
16 12 11 88
16 12 13 87
16 14 0 83
16 14 1 71
16 14 2 78
16 14 7 80
16 14 8 73
16 14 10 83
16 14 12 70
16 14 14 82
17 1 0 89
17 1 1 79
17 1 2 79
17 1 3 74
17 1 6 91
17 1 8 81
17 1 10 90
17 1 12 89
17 8 0 78
17 8 1 66
17 8 4 73
17 8 7 75
17 8 8 68
17 8 11 78
17 8 12 65
17 8 14 77
17 10 0 85
17 10 2 73
17 10 3 80
17 10 4 82
17 10 6 75
17 10 7 85
17 10 8 72
17 10 10 84
17 13 1 83
17 13 3 83
17 13 4 74
17 13 6 84
17 13 7 82
17 13 8 84
17 13 9 74
17 13 12 76
18 2 0 54
18 2 1 57
18 2 3 62
18 2 4 66
18 2 7 54
18 2 8 62
18 2 10 65
18 2 14 63
18 9 0 56
18 9 1 58
18 9 4 68
18 9 7 61
18 9 11 68
18 9 12 68
18 9 13 65
18 9 14 62
18 13 1 79
18 13 3 67
18 13 4 74
18 13 6 76
18 13 7 69
18 13 8 79
18 13 9 66
18 13 12 78
19 1 0 89
19 1 1 79
19 1 2 79
19 1 3 74
19 1 6 91
19 1 8 81
19 1 10 90
19 1 12 89
19 8 0 78
19 8 1 66
19 8 4 73
19 8 7 75
19 8 8 68
19 8 11 78
19 8 12 65
19 8 14 77
19 11 1 85
19 11 5 73
19 11 6 80
19 11 7 82
19 11 9 75
19 11 10 85
19 11 12 72
19 11 14 84
19 13 1 83
19 13 3 83
19 13 4 74
19 13 6 84
19 13 7 82
19 13 8 84
19 13 9 74
19 13 12 76
19 14 0 80
19 14 1 68
19 14 2 75
19 14 7 77
19 14 8 70
19 14 10 80
19 14 12 67
19 14 14 79
20 11 1 85
20 11 5 73
20 11 6 80
20 11 7 82
20 11 9 75
20 11 10 85
20 11 12 72
20 11 14 84
20 12 4 60
20 12 5 62
20 12 6 72
20 12 7 65
20 12 9 72
20 12 10 72
20 12 11 69
20 12 13 66
20 14 0 80
20 14 1 68
20 14 2 75
20 14 7 77
20 14 8 70
20 14 10 80
20 14 12 67
20 14 14 79
21 0 0 37
21 0 1 31
21 0 5 35
21 0 6 36
21 0 7 32
21 0 8 37
21 0 9 31
21 0 11 37
21 11 1 28
21 11 5 30
21 11 6 30
21 11 7 25
21 11 9 30
21 11 10 26
21 11 12 29
21 11 14 28
21 14 0 35
21 14 1 29
21 14 2 33
21 14 7 34
21 14 8 30
21 14 10 35
21 14 12 29
21 14 14 35
22 4 0 14
22 4 2 11
22 4 3 13
22 4 6 14
22 4 9 12
22 4 10 14
22 4 11 11
22 4 14 14
22 7 1 9
22 7 2 11
22 7 8 11
22 7 9 9
22 7 10 11
22 7 11 10
22 7 13 10
22 7 14 9
22 14 0 13
22 14 1 10
22 14 2 12
22 14 7 13
22 14 8 11
22 14 10 13
22 14 12 10
22 14 14 13
23 0 0 83
23 0 1 85
23 0 5 87
23 0 6 82
23 0 7 95
23 0 8 93
23 0 9 84
23 0 11 91
23 4 0 88
23 4 2 78
23 4 3 78
23 4 6 73
23 4 9 90
23 4 10 80
23 4 11 89
23 4 14 88
23 8 0 88
23 8 1 78
23 8 4 78
23 8 7 73
23 8 8 90
23 8 11 80
23 8 12 89
23 8 14 88
23 13 1 84
23 13 3 72
23 13 4 79
23 13 6 81
23 13 7 74
23 13 8 84
23 13 9 71
23 13 12 83
23 14 0 85
23 14 1 87
23 14 2 89
23 14 7 84
23 14 8 97
23 14 10 95
23 14 12 86
23 14 14 93
24 0 0 16
24 0 1 13
24 0 5 15
24 0 6 16
24 0 7 14
24 0 8 16
24 0 9 13
24 0 11 16
24 1 0 13
24 1 1 10
24 1 2 12
24 1 3 13
24 1 6 11
24 1 8 13
24 1 10 10
24 1 12 13
24 11 1 15
24 11 5 12
24 11 6 14
24 11 7 15
24 11 9 13
24 11 10 15
24 11 12 12
24 11 14 15
24 12 4 16
24 12 5 13
24 12 6 15
24 12 7 16
24 12 9 14
24 12 10 16
24 12 11 13
24 12 13 16
25 0 0 54
25 0 1 57
25 0 5 62
25 0 6 66
25 0 7 54
25 0 8 62
25 0 9 65
25 0 11 63
25 7 1 56
25 7 2 58
25 7 8 68
25 7 9 61
25 7 10 68
25 7 11 68
25 7 13 65
25 7 14 62
25 10 0 79
25 10 2 67
25 10 3 74
25 10 4 76
25 10 6 69
25 10 7 79
25 10 8 66
25 10 10 78
26 2 0 15
26 2 1 12
26 2 3 14
26 2 4 15
26 2 7 13
26 2 8 15
26 2 10 12
26 2 14 15
26 3 0 12
26 3 2 9
26 3 3 11
26 3 6 12
26 3 7 10
26 3 9 12
26 3 10 9
26 3 13 12
26 6 1 14
26 6 3 11
26 6 4 13
26 6 7 14
26 6 8 12
26 6 12 14
26 6 13 11
26 6 14 14
27 4 0 89
27 4 2 79
27 4 3 79
27 4 6 74
27 4 9 91
27 4 10 81
27 4 11 90
27 4 14 89
27 6 1 91
27 6 3 81
27 6 4 81
27 6 7 76
27 6 8 93
27 6 12 83
27 6 13 92
27 6 14 91
27 8 0 93
27 8 1 83
27 8 4 83
27 8 7 78
27 8 8 95
27 8 11 85
27 8 12 94
27 8 14 93
27 10 0 88
27 10 2 78
27 10 3 78
27 10 4 73
27 10 6 90
27 10 7 80
27 10 8 89
27 10 10 88
27 12 4 86
27 12 5 88
27 12 6 90
27 12 7 85
27 12 9 98
27 12 10 96
27 12 11 87
27 12 13 94
28 1 0 59
28 1 1 61
28 1 2 55
28 1 3 50
28 1 6 55
28 1 8 57
28 1 10 60
28 1 12 59
28 5 1 61
28 5 2 63
28 5 4 57
28 5 7 52
28 5 8 57
28 5 12 59
28 5 13 62
28 5 14 61
28 7 1 55
28 7 2 57
28 7 8 51
28 7 9 46
28 7 10 51
28 7 11 53
28 7 13 56
28 7 14 55
28 10 0 43
28 10 2 45
28 10 3 47
28 10 4 42
28 10 6 45
28 10 7 43
28 10 8 44
28 10 10 51
28 14 0 55
28 14 1 57
28 14 2 51
28 14 7 46
28 14 8 51
28 14 10 53
28 14 12 56
28 14 14 55
29 5 1 28
29 5 2 30
29 5 4 30
29 5 7 25
29 5 8 30
29 5 12 26
29 5 13 29
29 5 14 28
29 9 0 28
29 9 1 30
29 9 4 33
29 9 7 33
29 9 11 33
29 9 12 33
29 9 13 30
29 9 14 27
29 10 0 36
29 10 2 30
29 10 3 34
29 10 4 35
29 10 6 31
29 10 7 36
29 10 8 30
29 10 10 36
29 11 1 36
29 11 5 30
29 11 6 34
29 11 7 35
29 11 9 31
29 11 10 36
29 11 12 30
29 11 14 36
30 4 0 93
30 4 2 83
30 4 3 83
30 4 6 78
30 4 9 95
30 4 10 85
30 4 11 94
30 4 14 93
30 5 1 84
30 5 2 72
30 5 4 79
30 5 7 81
30 5 8 74
30 5 12 84
30 5 13 71
30 5 14 83
30 6 1 84
30 6 3 72
30 6 4 79
30 6 7 81
30 6 8 74
30 6 12 84
30 6 13 71
30 6 14 83
30 9 0 79
30 9 1 67
30 9 4 74
30 9 7 76
30 9 11 69
30 9 12 79
30 9 13 66
30 9 14 78
30 13 1 95
30 13 3 85
30 13 4 85
30 13 6 80
30 13 7 97
30 13 8 87
30 13 9 96
30 13 12 95
31 1 0 88
31 1 1 78
31 1 2 78
31 1 3 73
31 1 6 90
31 1 8 80
31 1 10 89
31 1 12 88
31 3 0 90
31 3 2 80
31 3 3 80
31 3 6 75
31 3 7 92
31 3 9 82
31 3 10 91
31 3 13 90
31 7 1 92
31 7 2 82
31 7 8 82
31 7 9 77
31 7 10 94
31 7 11 84
31 7 13 93
31 7 14 92
31 13 1 87
31 13 3 77
31 13 4 77
31 13 6 72
31 13 7 89
31 13 8 79
31 13 9 88
31 13 12 87
32 4 0 93
32 4 2 83
32 4 3 83
32 4 6 78
32 4 9 95
32 4 10 85
32 4 11 94
32 4 14 93
32 6 1 84
32 6 3 72
32 6 4 79
32 6 7 81
32 6 8 74
32 6 12 84
32 6 13 71
32 6 14 83
32 8 0 84
32 8 1 72
32 8 4 79
32 8 7 81
32 8 8 74
32 8 11 84
32 8 12 71
32 8 14 83
32 12 4 79
32 12 5 67
32 12 6 74
32 12 7 76
32 12 9 69
32 12 10 79
32 12 11 66
32 12 13 78
33 3 0 15
33 3 2 12
33 3 3 14
33 3 6 15
33 3 7 13
33 3 9 15
33 3 10 12
33 3 13 15
33 7 1 12
33 7 2 9
33 7 8 11
33 7 9 12
33 7 10 10
33 7 11 12
33 7 13 9
33 7 14 12
33 9 0 14
33 9 1 11
33 9 4 13
33 9 7 14
33 9 11 12
33 9 12 14
33 9 13 11
33 9 14 14
33 14 0 15
33 14 1 12
33 14 2 14
33 14 7 15
33 14 8 13
33 14 10 15
33 14 12 12
33 14 14 15
34 2 0 91
34 2 1 81
34 2 3 81
34 2 4 76
34 2 7 93
34 2 8 83
34 2 10 92
34 2 14 91
34 7 1 80
34 7 2 68
34 7 8 75
34 7 9 77
34 7 10 70
34 7 11 80
34 7 13 67
34 7 14 79
34 12 4 83
34 12 5 83
34 12 6 74
34 12 7 84
34 12 9 82
34 12 10 84
34 12 11 74
34 12 13 76
35 0 0 84
35 0 1 86
35 0 5 88
35 0 6 83
35 0 7 96
35 0 8 94
35 0 9 85
35 0 11 92
35 1 0 89
35 1 1 79
35 1 2 79
35 1 3 74
35 1 6 91
35 1 8 81
35 1 10 90
35 1 12 89
35 8 0 89
35 8 1 79
35 8 4 79
35 8 7 74
35 8 8 91
35 8 11 81
35 8 12 90
35 8 14 89
35 10 0 85
35 10 2 73
35 10 3 80
35 10 4 82
35 10 6 75
35 10 7 85
35 10 8 72
35 10 10 84
36 0 0 24
36 0 1 26
36 0 5 26
36 0 6 21
36 0 7 26
36 0 8 22
36 0 9 25
36 0 11 24
36 7 1 26
36 7 2 28
36 7 8 28
36 7 9 23
36 7 10 28
36 7 11 24
36 7 13 27
36 7 14 26
36 9 0 26
36 9 1 28
36 9 4 28
36 9 7 23
36 9 11 28
36 9 12 24
36 9 13 27
36 9 14 26
37 3 0 23
37 3 2 25
37 3 3 25
37 3 6 20
37 3 7 25
37 3 9 21
37 3 10 24
37 3 13 23
37 6 1 25
37 6 3 27
37 6 4 27
37 6 7 22
37 6 8 27
37 6 12 23
37 6 13 26
37 6 14 25
37 8 0 25
37 8 1 27
37 8 4 27
37 8 7 22
37 8 8 27
37 8 11 23
37 8 12 26
37 8 14 25
38 2 0 37
38 2 1 39
38 2 3 41
38 2 4 36
38 2 7 39
38 2 8 37
38 2 10 38
38 2 14 45
38 4 0 38
38 4 2 32
38 4 3 36
38 4 6 37
38 4 9 33
38 4 10 38
38 4 11 32
38 4 14 38
38 8 0 42
38 8 1 36
38 8 4 40
38 8 7 41
38 8 8 37
38 8 11 42
38 8 12 36
38 8 14 42
38 10 0 42
38 10 2 41
38 10 3 41
38 10 4 36
38 10 6 44
38 10 7 43
38 10 8 43
38 10 10 42
38 12 4 39
38 12 5 33
38 12 6 37
38 12 7 38
38 12 9 34
38 12 10 39
38 12 11 33
38 12 13 39
39 1 0 87
39 1 1 77
39 1 2 77
39 1 3 72
39 1 6 89
39 1 8 79
39 1 10 88
39 1 12 87
39 3 0 63
39 3 2 65
39 3 3 75
39 3 6 68
39 3 7 75
39 3 9 75
39 3 10 72
39 3 13 69
39 4 0 83
39 4 2 71
39 4 3 78
39 4 6 80
39 4 9 73
39 4 10 83
39 4 11 70
39 4 14 82
39 9 0 85
39 9 1 73
39 9 4 80
39 9 7 82
39 9 11 75
39 9 12 85
39 9 13 72
39 9 14 84
40 0 0 91
40 0 1 81
40 0 5 81
40 0 6 76
40 0 7 93
40 0 8 83
40 0 9 92
40 0 11 91
40 3 0 80
40 3 2 68
40 3 3 75
40 3 6 77
40 3 7 70
40 3 9 80
40 3 10 67
40 3 13 79
40 11 1 83
40 11 5 83
40 11 6 74
40 11 7 84
40 11 9 82
40 11 10 84
40 11 12 74
40 11 14 76
41 6 1 94
41 6 3 84
41 6 4 84
41 6 7 79
41 6 8 96
41 6 12 86
41 6 13 95
41 6 14 94
41 9 0 85
41 9 1 73
41 9 4 80
41 9 7 82
41 9 11 75
41 9 12 85
41 9 13 72
41 9 14 84
41 10 0 85
41 10 2 73
41 10 3 80
41 10 4 82
41 10 6 75
41 10 7 85
41 10 8 72
41 10 10 84
41 14 0 80
41 14 1 68
41 14 2 75
41 14 7 77
41 14 8 70
41 14 10 80
41 14 12 67
41 14 14 79
42 2 0 87
42 2 1 89
42 2 3 91
42 2 4 86
42 2 7 99
42 2 8 97
42 2 10 88
42 2 14 95
42 5 1 82
42 5 2 84
42 5 4 86
42 5 7 81
42 5 8 94
42 5 12 92
42 5 13 83
42 5 14 90
42 7 1 84
42 7 2 86
42 7 8 88
42 7 9 83
42 7 10 96
42 7 11 94
42 7 13 85
42 7 14 92
42 8 0 93
42 8 1 83
42 8 4 83
42 8 7 78
42 8 8 95
42 8 11 85
42 8 12 94
42 8 14 93
42 13 1 84
42 13 3 86
42 13 4 88
42 13 6 83
42 13 7 96
42 13 8 94
42 13 9 85
42 13 12 92
43 2 0 41
43 2 1 35
43 2 3 39
43 2 4 40
43 2 7 36
43 2 8 41
43 2 10 35
43 2 14 41
43 3 0 42
43 3 2 41
43 3 3 41
43 3 6 36
43 3 7 44
43 3 9 43
43 3 10 43
43 3 13 42
43 8 0 38
43 8 1 40
43 8 4 42
43 8 7 37
43 8 8 40
43 8 11 38
43 8 12 39
43 8 14 46
43 13 1 40
43 13 3 34
43 13 4 38
43 13 6 39
43 13 7 35
43 13 8 40
43 13 9 34
43 13 12 40
43 14 0 42
43 14 1 41
43 14 2 41
43 14 7 36
43 14 8 44
43 14 10 43
43 14 12 43
43 14 14 42
44 7 1 25
44 7 2 27
44 7 8 27
44 7 9 22
44 7 10 27
44 7 11 23
44 7 13 26
44 7 14 25
44 9 0 27
44 9 1 29
44 9 4 29
44 9 7 24
44 9 11 29
44 9 12 25
44 9 13 28
44 9 14 27
44 14 0 27
44 14 1 29
44 14 2 29
44 14 7 24
44 14 8 29
44 14 10 25
44 14 12 28
44 14 14 27
45 5 1 42
45 5 2 36
45 5 4 40
45 5 7 41
45 5 8 37
45 5 12 42
45 5 13 36
45 5 14 42
45 8 0 37
45 8 1 39
45 8 4 41
45 8 7 36
45 8 8 39
45 8 11 37
45 8 12 38
45 8 14 45
45 14 0 39
45 14 1 41
45 14 2 43
45 14 7 38
45 14 8 41
45 14 10 39
45 14 12 40
45 14 14 47
46 1 0 93
46 1 1 83
46 1 2 83
46 1 3 78
46 1 6 95
46 1 8 85
46 1 10 94
46 1 12 93
46 2 0 95
46 2 1 85
46 2 3 85
46 2 4 80
46 2 7 97
46 2 8 87
46 2 10 96
46 2 14 95
46 6 1 82
46 6 3 84
46 6 4 86
46 6 7 81
46 6 8 94
46 6 12 92
46 6 13 83
46 6 14 90
46 10 0 92
46 10 2 82
46 10 3 82
46 10 4 77
46 10 6 94
46 10 7 84
46 10 8 93
46 10 10 92
46 13 1 90
46 13 3 92
46 13 4 94
46 13 6 89
46 13 7 102
46 13 8 100
46 13 9 91
46 13 12 98
47 0 0 54
47 0 1 57
47 0 5 62
47 0 6 66
47 0 7 54
47 0 8 62
47 0 9 65
47 0 11 63
47 4 0 56
47 4 2 58
47 4 3 68
47 4 6 61
47 4 9 68
47 4 10 68
47 4 11 65
47 4 14 62
47 6 1 79
47 6 3 67
47 6 4 74
47 6 7 76
47 6 8 69
47 6 12 79
47 6 13 66
47 6 14 78
47 10 0 59
47 10 2 61
47 10 3 71
47 10 4 64
47 10 6 71
47 10 7 71
47 10 8 68
47 10 10 65
47 11 1 79
47 11 5 67
47 11 6 74
47 11 7 76
47 11 9 69
47 11 10 79
47 11 12 66
47 11 14 78
48 8 0 56
48 8 1 58
48 8 4 68
48 8 7 61
48 8 8 68
48 8 11 68
48 8 12 65
48 8 14 62
48 9 0 58
48 9 1 60
48 9 4 70
48 9 7 63
48 9 11 70
48 9 12 70
48 9 13 67
48 9 14 64
48 11 1 81
48 11 5 69
48 11 6 76
48 11 7 78
48 11 9 71
48 11 10 81
48 11 12 68
48 11 14 80
49 5 1 61
49 5 2 63
49 5 4 57
49 5 7 52
49 5 8 57
49 5 12 59
49 5 13 62
49 5 14 61
49 10 0 54
49 10 2 57
49 10 3 62
49 10 4 66
49 10 6 54
49 10 7 62
49 10 8 65
49 10 10 63
49 11 1 69
49 11 5 71
49 11 6 68
49 11 7 63
49 11 9 71
49 11 10 64
49 11 12 70
49 11 14 72
50 2 0 22
50 2 1 24
50 2 3 24
50 2 4 19
50 2 7 24
50 2 8 20
50 2 10 23
50 2 14 22
50 3 0 24
50 3 2 26
50 3 3 26
50 3 6 21
50 3 7 26
50 3 9 22
50 3 10 25
50 3 13 24
50 4 0 24
50 4 2 26
50 4 3 26
50 4 6 21
50 4 9 26
50 4 10 22
50 4 11 25
50 4 14 24
50 10 0 20
50 10 2 17
50 10 3 19
50 10 4 20
50 10 6 18
50 10 7 20
50 10 8 17
50 10 10 20
51 3 0 37
51 3 2 39
51 3 3 41
51 3 6 36
51 3 7 39
51 3 9 37
51 3 10 38
51 3 13 45
51 4 0 38
51 4 2 32
51 4 3 36
51 4 6 37
51 4 9 33
51 4 10 38
51 4 11 32
51 4 14 38
51 7 1 42
51 7 2 36
51 7 8 40
51 7 9 41
51 7 10 37
51 7 11 42
51 7 13 36
51 7 14 42
51 11 1 42
51 11 5 41
51 11 6 41
51 11 7 36
51 11 9 44
51 11 10 43
51 11 12 43
51 11 14 42
51 12 4 39
51 12 5 33
51 12 6 37
51 12 7 38
51 12 9 34
51 12 10 39
51 12 11 33
51 12 13 39
52 0 0 88
52 0 1 78
52 0 5 78
52 0 6 73
52 0 7 90
52 0 8 80
52 0 9 89
52 0 11 88
52 4 0 69
52 4 2 71
52 4 3 68
52 4 6 63
52 4 9 71
52 4 10 64
52 4 11 70
52 4 14 72
52 8 0 84
52 8 1 72
52 8 4 79
52 8 7 81
52 8 8 74
52 8 11 84
52 8 12 71
52 8 14 83
52 10 0 86
52 10 2 74
52 10 3 81
52 10 4 83
52 10 6 76
52 10 7 86
52 10 8 73
52 10 10 85
52 12 4 79
52 12 5 67
52 12 6 74
52 12 7 76
52 12 9 69
52 12 10 79
52 12 11 66
52 12 13 78
53 6 1 28
53 6 3 30
53 6 4 30
53 6 7 25
53 6 8 30
53 6 12 26
53 6 13 29
53 6 14 28
53 8 0 28
53 8 1 30
53 8 4 33
53 8 7 33
53 8 8 33
53 8 11 33
53 8 12 30
53 8 14 27
53 9 0 36
53 9 1 30
53 9 4 34
53 9 7 35
53 9 11 31
53 9 12 36
53 9 13 30
53 9 14 36
54 5 1 17
54 5 2 14
54 5 4 16
54 5 7 17
54 5 8 15
54 5 12 17
54 5 13 14
54 5 14 17
54 8 0 14
54 8 1 11
54 8 4 13
54 8 7 14
54 8 8 12
54 8 11 14
54 8 12 11
54 8 14 14
54 14 0 16
54 14 1 13
54 14 2 15
54 14 7 16
54 14 8 14
54 14 10 16
54 14 12 13
54 14 14 16
55 2 0 42
55 2 1 44
55 2 3 46
55 2 4 41
55 2 7 44
55 2 8 42
55 2 10 43
55 2 14 50
55 3 0 56
55 3 2 58
55 3 3 52
55 3 6 47
55 3 7 52
55 3 9 54
55 3 10 57
55 3 13 56
55 5 1 56
55 5 2 58
55 5 4 52
55 5 7 47
55 5 8 52
55 5 12 54
55 5 13 57
55 5 14 56
55 7 1 55
55 7 2 57
55 7 8 51
55 7 9 46
55 7 10 51
55 7 11 53
55 7 13 56
55 7 14 55
55 12 4 55
55 12 5 57
55 12 6 51
55 12 7 46
55 12 9 51
55 12 10 53
55 12 11 56
55 12 13 55
56 0 0 83
56 0 1 83
56 0 5 74
56 0 6 84
56 0 7 82
56 0 8 84
56 0 9 74
56 0 11 76
56 9 0 62
56 9 1 64
56 9 4 74
56 9 7 67
56 9 11 74
56 9 12 74
56 9 13 71
56 9 14 68
56 12 4 82
56 12 5 70
56 12 6 77
56 12 7 79
56 12 9 72
56 12 10 82
56 12 11 69
56 12 13 81
57 3 0 39
57 3 2 41
57 3 3 43
57 3 6 38
57 3 7 41
57 3 9 39
57 3 10 40
57 3 13 47
57 4 0 41
57 4 2 43
57 4 3 45
57 4 6 40
57 4 9 43
57 4 10 41
57 4 11 42
57 4 14 49
57 6 1 43
57 6 3 45
57 6 4 47
57 6 7 42
57 6 8 45
57 6 12 43
57 6 13 44
57 6 14 51
57 10 0 38
57 10 2 40
57 10 3 42
57 10 4 37
57 10 6 40
57 10 7 38
57 10 8 39
57 10 10 46
58 5 1 37
58 5 2 39
58 5 4 41
58 5 7 36
58 5 8 39
58 5 12 37
58 5 13 38
58 5 14 45
58 6 1 39
58 6 3 41
58 6 4 43
58 6 7 38
58 6 8 41
58 6 12 39
58 6 13 40
58 6 14 47
58 12 4 41
58 12 5 43
58 12 6 45
58 12 7 40
58 12 9 43
58 12 10 41
58 12 11 42
58 12 13 49
58 13 1 42
58 13 3 41
58 13 4 41
58 13 6 36
58 13 7 44
58 13 8 43
58 13 9 43
58 13 12 42
59 3 0 22
59 3 2 24
59 3 3 24
59 3 6 19
59 3 7 24
59 3 9 20
59 3 10 23
59 3 13 22
59 4 0 24
59 4 2 26
59 4 3 26
59 4 6 21
59 4 9 26
59 4 10 22
59 4 11 25
59 4 14 24
59 7 1 24
59 7 2 26
59 7 8 26
59 7 9 21
59 7 10 26
59 7 11 22
59 7 13 25
59 7 14 24
59 13 1 20
59 13 3 17
59 13 4 19
59 13 6 20
59 13 7 18
59 13 8 20
59 13 9 17
59 13 12 20
60 4 0 25
60 4 2 27
60 4 3 27
60 4 6 22
60 4 9 27
60 4 10 23
60 4 11 26
60 4 14 25
60 6 1 27
60 6 3 29
60 6 4 29
60 6 7 24
60 6 8 29
60 6 12 25
60 6 13 28
60 6 14 27
60 10 0 27
60 10 2 29
60 10 3 29
60 10 4 24
60 10 6 29
60 10 7 25
60 10 8 28
60 10 10 27
60 14 0 22
60 14 1 24
60 14 2 24
60 14 7 19
60 14 8 24
60 14 10 20
60 14 12 23
60 14 14 22
61 1 0 41
61 1 1 35
61 1 2 39
61 1 3 40
61 1 6 36
61 1 8 41
61 1 10 35
61 1 12 41
61 3 0 35
61 3 2 29
61 3 3 33
61 3 6 34
61 3 7 30
61 3 9 35
61 3 10 29
61 3 13 35
61 4 0 39
61 4 2 33
61 4 3 37
61 4 6 38
61 4 9 34
61 4 10 39
61 4 11 33
61 4 14 39
61 6 1 40
61 6 3 34
61 6 4 38
61 6 7 39
61 6 8 35
61 6 12 40
61 6 13 34
61 6 14 40
61 9 0 36
61 9 1 30
61 9 4 34
61 9 7 35
61 9 11 31
61 9 12 36
61 9 13 30
61 9 14 36
62 3 0 62
62 3 2 64
62 3 3 58
62 3 6 53
62 3 7 58
62 3 9 60
62 3 10 63
62 3 13 62
62 6 1 55
62 6 3 57
62 6 4 67
62 6 7 60
62 6 8 67
62 6 12 67
62 6 13 64
62 6 14 61
62 7 1 58
62 7 2 60
62 7 8 54
62 7 9 49
62 7 10 54
62 7 11 56
62 7 13 59
62 7 14 58
62 12 4 46
62 12 5 53
62 12 6 53
62 12 7 52
62 12 9 52
62 12 10 51
62 12 11 51
62 12 13 45
63 2 0 63
63 2 1 65
63 2 3 75
63 2 4 68
63 2 7 75
63 2 8 75
63 2 10 72
63 2 14 69
63 3 0 78
63 3 2 66
63 3 3 73
63 3 6 75
63 3 7 68
63 3 9 78
63 3 10 65
63 3 13 77
63 7 1 62
63 7 2 64
63 7 8 74
63 7 9 67
63 7 10 74
63 7 11 74
63 7 13 71
63 7 14 68
63 8 0 57
63 8 1 59
63 8 4 69
63 8 7 62
63 8 8 69
63 8 11 69
63 8 12 66
63 8 14 63
63 10 0 78
63 10 2 66
63 10 3 73
63 10 4 75
63 10 6 68
63 10 7 78
63 10 8 65
63 10 10 77
64 5 1 85
64 5 2 87
64 5 4 89
64 5 7 84
64 5 8 97
64 5 12 95
64 5 13 86
64 5 14 93
64 11 1 90
64 11 5 80
64 11 6 80
64 11 7 75
64 11 9 92
64 11 10 82
64 11 12 91
64 11 14 90
64 14 0 90
64 14 1 80
64 14 2 80
64 14 7 75
64 14 8 92
64 14 10 82
64 14 12 91
64 14 14 90
65 2 0 57
65 2 1 59
65 2 3 53
65 2 4 48
65 2 7 53
65 2 8 55
65 2 10 58
65 2 14 57
65 5 1 60
65 5 2 62
65 5 4 56
65 5 7 51
65 5 8 56
65 5 12 58
65 5 13 61
65 5 14 60
65 9 0 56
65 9 1 58
65 9 4 68
65 9 7 61
65 9 11 68
65 9 12 68
65 9 13 65
65 9 14 62
65 10 0 60
65 10 2 62
65 10 3 72
65 10 4 65
65 10 6 72
65 10 7 72
65 10 8 69
65 10 10 66
65 12 4 57
65 12 5 59
65 12 6 53
65 12 7 48
65 12 9 53
65 12 10 55
65 12 11 58
65 12 13 57
66 0 0 92
66 0 1 82
66 0 5 82
66 0 6 77
66 0 7 94
66 0 8 84
66 0 9 93
66 0 11 92
66 1 0 81
66 1 1 69
66 1 2 76
66 1 3 78
66 1 6 71
66 1 8 81
66 1 10 68
66 1 12 80
66 2 0 87
66 2 1 77
66 2 3 77
66 2 4 72
66 2 7 89
66 2 8 79
66 2 10 88
66 2 14 87
66 7 1 89
66 7 2 79
66 7 8 79
66 7 9 74
66 7 10 91
66 7 11 81
66 7 13 90
66 7 14 89
67 3 0 85
67 3 2 87
67 3 3 89
67 3 6 84
67 3 7 97
67 3 9 95
67 3 10 86
67 3 13 93
67 11 1 90
67 11 5 80
67 11 6 80
67 11 7 75
67 11 9 92
67 11 10 82
67 11 12 91
67 11 14 90
67 13 1 90
67 13 3 80
67 13 4 80
67 13 6 75
67 13 7 92
67 13 8 82
67 13 9 91
67 13 12 90
68 1 0 56
68 1 1 58
68 1 2 68
68 1 3 61
68 1 6 68
68 1 8 68
68 1 10 65
68 1 12 62
68 2 0 58
68 2 1 60
68 2 3 70
68 2 4 63
68 2 7 70
68 2 8 70
68 2 10 67
68 2 14 64
68 14 0 81
68 14 1 69
68 14 2 76
68 14 7 78
68 14 8 71
68 14 10 81
68 14 12 68
68 14 14 80
69 2 0 57
69 2 1 59
69 2 3 69
69 2 4 62
69 2 7 69
69 2 8 69
69 2 10 66
69 2 14 63
69 3 0 59
69 3 2 61
69 3 3 71
69 3 6 64
69 3 7 71
69 3 9 71
69 3 10 68
69 3 13 65
69 5 1 82
69 5 2 70
69 5 4 77
69 5 7 79
69 5 8 72
69 5 12 82
69 5 13 69
69 5 14 81
69 6 1 62
69 6 3 64
69 6 4 74
69 6 7 67
69 6 8 74
69 6 12 74
69 6 13 71
69 6 14 68
69 14 0 82
69 14 1 70
69 14 2 77
69 14 7 79
69 14 8 72
69 14 10 82
69 14 12 69
69 14 14 81
70 3 0 20
70 3 2 17
70 3 3 19
70 3 6 20
70 3 7 18
70 3 9 20
70 3 10 17
70 3 13 20
70 5 1 21
70 5 2 23
70 5 4 23
70 5 7 18
70 5 8 23
70 5 12 19
70 5 13 22
70 5 14 21
70 6 1 19
70 6 3 16
70 6 4 18
70 6 7 19
70 6 8 17
70 6 12 19
70 6 13 16
70 6 14 19
71 2 0 62
71 2 1 64
71 2 3 58
71 2 4 53
71 2 7 58
71 2 8 60
71 2 10 63
71 2 14 62
71 10 0 55
71 10 2 57
71 10 3 67
71 10 4 60
71 10 6 67
71 10 7 67
71 10 8 64
71 10 10 61
71 11 1 58
71 11 5 60
71 11 6 54
71 11 7 49
71 11 9 54
71 11 10 56
71 11 12 59
71 11 14 58
71 13 1 46
71 13 3 53
71 13 4 53
71 13 6 52
71 13 7 52
71 13 8 51
71 13 9 51
71 13 12 45
72 3 0 57
72 3 2 59
72 3 3 69
72 3 6 62
72 3 7 69
72 3 9 69
72 3 10 66
72 3 13 63
72 11 1 59
72 11 5 61
72 11 6 71
72 11 7 64
72 11 9 71
72 11 10 71
72 11 12 68
72 11 14 65
72 13 1 82
72 13 3 70
72 13 4 77
72 13 6 79
72 13 7 72
72 13 8 82
72 13 9 69
72 13 12 81
73 0 0 88
73 0 1 78
73 0 5 78
73 0 6 73
73 0 7 90
73 0 8 80
73 0 9 89
73 0 11 88
73 2 0 90
73 2 1 80
73 2 3 80
73 2 4 75
73 2 7 92
73 2 8 82
73 2 10 91
73 2 14 90
73 7 1 92
73 7 2 82
73 7 8 82
73 7 9 77
73 7 10 94
73 7 11 84
73 7 13 93
73 7 14 92
73 9 0 87
73 9 1 77
73 9 4 77
73 9 7 72
73 9 11 89
73 9 12 79
73 9 13 88
73 9 14 87
74 0 0 42
74 0 1 44
74 0 5 46
74 0 6 41
74 0 7 44
74 0 8 42
74 0 9 43
74 0 11 50
74 1 0 56
74 1 1 58
74 1 2 52
74 1 3 47
74 1 6 52
74 1 8 54
74 1 10 57
74 1 12 56
74 6 1 56
74 6 3 58
74 6 4 52
74 6 7 47
74 6 8 52
74 6 12 54
74 6 13 57
74 6 14 56
74 8 0 55
74 8 1 57
74 8 4 51
74 8 7 46
74 8 8 51
74 8 11 53
74 8 12 56
74 8 14 55
75 1 0 21
75 1 1 23
75 1 2 23
75 1 3 18
75 1 6 23
75 1 8 19
75 1 10 22
75 1 12 21
75 9 0 23
75 9 1 25
75 9 4 25
75 9 7 20
75 9 11 25
75 9 12 21
75 9 13 24
75 9 14 23
75 11 1 23
75 11 5 25
75 11 6 25
75 11 7 20
75 11 9 25
75 11 10 21
75 11 12 24
75 11 14 23
75 12 4 19
75 12 5 16
75 12 6 18
75 12 7 19
75 12 9 17
75 12 10 19
75 12 11 16
75 12 13 19
75 14 0 23
75 14 1 25
75 14 2 25
75 14 7 20
75 14 8 25
75 14 10 21
75 14 12 24
75 14 14 23
76 3 0 42
76 3 2 36
76 3 3 40
76 3 6 41
76 3 7 37
76 3 9 42
76 3 10 36
76 3 13 42
76 5 1 37
76 5 2 39
76 5 4 41
76 5 7 36
76 5 8 39
76 5 12 37
76 5 13 38
76 5 14 45
76 6 1 39
76 6 3 41
76 6 4 43
76 6 7 38
76 6 8 41
76 6 12 39
76 6 13 40
76 6 14 47
76 9 0 41
76 9 1 35
76 9 4 39
76 9 7 40
76 9 11 36
76 9 12 41
76 9 13 35
76 9 14 41
77 3 0 93
77 3 2 83
77 3 3 83
77 3 6 78
77 3 7 95
77 3 9 85
77 3 10 94
77 3 13 93
77 7 1 84
77 7 2 72
77 7 8 79
77 7 9 81
77 7 10 74
77 7 11 84
77 7 13 71
77 7 14 83
77 8 0 84
77 8 1 72
77 8 4 79
77 8 7 81
77 8 8 74
77 8 11 84
77 8 12 71
77 8 14 83
77 13 1 79
77 13 3 67
77 13 4 74
77 13 6 76
77 13 7 69
77 13 8 79
77 13 9 66
77 13 12 78
78 2 0 40
78 2 1 34
78 2 3 38
78 2 4 39
78 2 7 35
78 2 8 40
78 2 10 34
78 2 14 40
78 6 1 42
78 6 3 36
78 6 4 40
78 6 7 41
78 6 8 37
78 6 12 42
78 6 13 36
78 6 14 42
78 8 0 37
78 8 1 39
78 8 4 41
78 8 7 36
78 8 8 39
78 8 11 37
78 8 12 38
78 8 14 45
79 3 0 37
79 3 2 39
79 3 3 41
79 3 6 36
79 3 7 39
79 3 9 37
79 3 10 38
79 3 13 45
79 6 1 38
79 6 3 32
79 6 4 36
79 6 7 37
79 6 8 33
79 6 12 38
79 6 13 32
79 6 14 38
79 10 0 42
79 10 2 36
79 10 3 40
79 10 4 41
79 10 6 37
79 10 7 42
79 10 8 36
79 10 10 42
79 12 4 42
79 12 5 41
79 12 6 41
79 12 7 36
79 12 9 44
79 12 10 43
79 12 11 43
79 12 13 42
79 14 0 39
79 14 1 33
79 14 2 37
79 14 7 38
79 14 8 34
79 14 10 39
79 14 12 33
79 14 14 39
80 3 0 95
80 3 2 85
80 3 3 85
80 3 6 80
80 3 7 97
80 3 9 87
80 3 10 96
80 3 13 95
80 5 1 86
80 5 2 74
80 5 4 81
80 5 7 83
80 5 8 76
80 5 12 86
80 5 13 73
80 5 14 85
80 9 0 86
80 9 1 74
80 9 4 81
80 9 7 83
80 9 11 76
80 9 12 86
80 9 13 73
80 9 14 85
80 11 1 81
80 11 5 69
80 11 6 76
80 11 7 78
80 11 9 71
80 11 10 81
80 11 12 68
80 11 14 80
81 0 0 17
81 0 1 14
81 0 5 16
81 0 6 17
81 0 7 15
81 0 8 17
81 0 9 14
81 0 11 17
81 3 0 14
81 3 2 11
81 3 3 13
81 3 6 14
81 3 7 12
81 3 9 14
81 3 10 11
81 3 13 14
81 4 0 16
81 4 2 13
81 4 3 15
81 4 6 16
81 4 9 14
81 4 10 16
81 4 11 13
81 4 14 16
81 5 1 17
81 5 2 14
81 5 4 16
81 5 7 17
81 5 8 15
81 5 12 17
81 5 13 14
81 5 14 17
81 14 0 15
81 14 1 12
81 14 2 14
81 14 7 15
81 14 8 13
81 14 10 15
81 14 12 12
81 14 14 15
82 2 0 19
82 2 1 16
82 2 3 18
82 2 4 19
82 2 7 17
82 2 8 19
82 2 10 16
82 2 14 19
82 3 0 16
82 3 2 13
82 3 3 15
82 3 6 16
82 3 7 14
82 3 9 16
82 3 10 13
82 3 13 16
82 5 1 18
82 5 2 15
82 5 4 17
82 5 7 18
82 5 8 16
82 5 12 18
82 5 13 15
82 5 14 18
82 10 0 19
82 10 2 16
82 10 3 18
82 10 4 19
82 10 6 17
82 10 7 19
82 10 8 16
82 10 10 19
83 1 0 57
83 1 1 59
83 1 2 53
83 1 3 48
83 1 6 53
83 1 8 55
83 1 10 58
83 1 12 57
83 5 1 60
83 5 2 62
83 5 4 56
83 5 7 51
83 5 8 56
83 5 12 58
83 5 13 61
83 5 14 60
83 10 0 56
83 10 2 58
83 10 3 68
83 10 4 61
83 10 6 68
83 10 7 68
83 10 8 65
83 10 10 62
83 11 1 60
83 11 5 62
83 11 6 72
83 11 7 65
83 11 9 72
83 11 10 72
83 11 12 69
83 11 14 66
83 12 4 57
83 12 5 59
83 12 6 53
83 12 7 48
83 12 9 53
83 12 10 55
83 12 11 58
83 12 13 57
84 1 0 23
84 1 1 25
84 1 2 25
84 1 3 20
84 1 6 25
84 1 8 21
84 1 10 24
84 1 12 23
84 7 1 25
84 7 2 27
84 7 8 27
84 7 9 22
84 7 10 27
84 7 11 23
84 7 13 26
84 7 14 25
84 8 0 25
84 8 1 27
84 8 4 27
84 8 7 22
84 8 8 27
84 8 11 23
84 8 12 26
84 8 14 25
84 9 0 19
84 9 1 21
84 9 4 18
84 9 7 18
84 9 11 21
84 9 12 19
84 9 13 20
84 9 14 22
84 13 1 25
84 13 3 27
84 13 4 27
84 13 6 22
84 13 7 27
84 13 8 23
84 13 9 26
84 13 12 25
85 0 0 28
85 0 1 30
85 0 5 30
85 0 6 25
85 0 7 30
85 0 8 26
85 0 9 29
85 0 11 28
85 1 0 28
85 1 1 30
85 1 2 33
85 1 3 33
85 1 6 33
85 1 8 33
85 1 10 30
85 1 12 27
85 10 0 28
85 10 2 30
85 10 3 33
85 10 4 33
85 10 6 33
85 10 7 33
85 10 8 30
85 10 10 27
85 12 4 25
85 12 5 27
85 12 6 27
85 12 7 22
85 12 9 27
85 12 10 23
85 12 11 26
85 12 13 25
86 3 0 54
86 3 2 57
86 3 3 62
86 3 6 66
86 3 7 54
86 3 9 62
86 3 10 65
86 3 13 63
86 6 1 56
86 6 3 58
86 6 4 68
86 6 7 61
86 6 8 68
86 6 12 68
86 6 13 65
86 6 14 62
86 7 1 79
86 7 2 67
86 7 8 74
86 7 9 76
86 7 10 69
86 7 11 79
86 7 13 66
86 7 14 78
86 10 0 59
86 10 2 61
86 10 3 71
86 10 4 64
86 10 6 71
86 10 7 71
86 10 8 68
86 10 10 65
86 14 0 79
86 14 1 67
86 14 2 74
86 14 7 76
86 14 8 69
86 14 10 79
86 14 12 66
86 14 14 78
87 4 0 55
87 4 2 57
87 4 3 67
87 4 6 60
87 4 9 67
87 4 10 67
87 4 11 64
87 4 14 61
87 5 1 57
87 5 2 59
87 5 4 69
87 5 7 62
87 5 8 69
87 5 12 69
87 5 13 66
87 5 14 63
87 7 1 60
87 7 2 62
87 7 8 56
87 7 9 51
87 7 10 56
87 7 11 58
87 7 13 61
87 7 14 60
88 6 1 59
88 6 3 61
88 6 4 55
88 6 7 50
88 6 8 55
88 6 12 57
88 6 13 60
88 6 14 59
88 7 1 61
88 7 2 63
88 7 8 57
88 7 9 52
88 7 10 57
88 7 11 59
88 7 13 62
88 7 14 61
88 9 0 55
88 9 1 57
88 9 4 51
88 9 7 46
88 9 11 51
88 9 12 53
88 9 13 56
88 9 14 55
88 11 1 43
88 11 5 45
88 11 6 47
88 11 7 42
88 11 9 45
88 11 10 43
88 11 12 44
88 11 14 51
88 14 0 55
88 14 1 57
88 14 2 51
88 14 7 46
88 14 8 51
88 14 10 53
88 14 12 56
88 14 14 55
89 0 0 14
89 0 1 11
89 0 5 13
89 0 6 14
89 0 7 12
89 0 8 14
89 0 9 11
89 0 11 14
89 1 0 9
89 1 1 11
89 1 2 11
89 1 3 9
89 1 6 11
89 1 8 10
89 1 10 10
89 1 12 9
89 3 0 13
89 3 2 10
89 3 3 12
89 3 6 13
89 3 7 11
89 3 9 13
89 3 10 10
89 3 13 13
89 6 1 14
89 6 3 11
89 6 4 13
89 6 7 14
89 6 8 12
89 6 12 14
89 6 13 11
89 6 14 14
89 8 0 12
89 8 1 9
89 8 4 11
89 8 7 12
89 8 8 10
89 8 11 12
89 8 12 9
89 8 14 12
90 5 1 88
90 5 2 78
90 5 4 78
90 5 7 73
90 5 8 90
90 5 12 80
90 5 13 89
90 5 14 88
90 9 0 90
90 9 1 80
90 9 4 80
90 9 7 75
90 9 11 92
90 9 12 82
90 9 13 91
90 9 14 90
90 12 4 92
90 12 5 82
90 12 6 82
90 12 7 77
90 12 9 94
90 12 10 84
90 12 11 93
90 12 13 92
91 5 1 29
91 5 2 31
91 5 4 31
91 5 7 26
91 5 8 31
91 5 12 27
91 5 13 30
91 5 14 29
91 6 1 34
91 6 3 28
91 6 4 32
91 6 7 33
91 6 8 29
91 6 12 34
91 6 13 28
91 6 14 34
91 12 4 34
91 12 5 28
91 12 6 32
91 12 7 33
91 12 9 29
91 12 10 34
91 12 11 28
91 12 13 34
92 2 0 42
92 2 1 36
92 2 3 40
92 2 4 41
92 2 7 37
92 2 8 42
92 2 10 36
92 2 14 42
92 6 1 36
92 6 3 30
92 6 4 34
92 6 7 35
92 6 8 31
92 6 12 36
92 6 13 30
92 6 14 36
92 8 0 40
92 8 1 34
92 8 4 38
92 8 7 39
92 8 8 35
92 8 11 40
92 8 12 34
92 8 14 40
92 11 1 41
92 11 5 35
92 11 6 39
92 11 7 40
92 11 9 36
92 11 10 41
92 11 12 35
92 11 14 41
92 13 1 37
92 13 3 31
92 13 4 35
92 13 6 36
92 13 7 32
92 13 8 37
92 13 9 31
92 13 12 37
93 4 0 20
93 4 2 17
93 4 3 19
93 4 6 20
93 4 9 18
93 4 10 20
93 4 11 17
93 4 14 20
93 6 1 17
93 6 3 14
93 6 4 16
93 6 7 17
93 6 8 15
93 6 12 17
93 6 13 14
93 6 14 17
93 7 1 19
93 7 2 16
93 7 8 18
93 7 9 19
93 7 10 17
93 7 11 19
93 7 13 16
93 7 14 19
93 10 0 20
93 10 2 17
93 10 3 19
93 10 4 20
93 10 6 18
93 10 7 20
93 10 8 17
93 10 10 20
94 3 0 41
94 3 2 35
94 3 3 39
94 3 6 40
94 3 7 36
94 3 9 41
94 3 10 35
94 3 13 41
94 4 0 35
94 4 2 29
94 4 3 33
94 4 6 34
94 4 9 30
94 4 10 35
94 4 11 29
94 4 14 35
94 5 1 39
94 5 2 33
94 5 4 37
94 5 7 38
94 5 8 34
94 5 12 39
94 5 13 33
94 5 14 39
94 12 4 40
94 12 5 34
94 12 6 38
94 12 7 39
94 12 9 35
94 12 10 40
94 12 11 34
94 12 13 40
95 0 0 93
95 0 1 83
95 0 5 83
95 0 6 78
95 0 7 95
95 0 8 85
95 0 9 94
95 0 11 93
95 1 0 84
95 1 1 72
95 1 2 79
95 1 3 81
95 1 6 74
95 1 8 84
95 1 10 71
95 1 12 83
95 2 0 84
95 2 1 72
95 2 3 79
95 2 4 81
95 2 7 74
95 2 8 84
95 2 10 71
95 2 14 83
95 8 0 79
95 8 1 67
95 8 4 74
95 8 7 76
95 8 8 69
95 8 11 79
95 8 12 66
95 8 14 78
95 11 1 95
95 11 5 85
95 11 6 85
95 11 7 80
95 11 9 97
95 11 10 87
95 11 12 96
95 11 14 95
96 4 0 15
96 4 2 12
96 4 3 14
96 4 6 15
96 4 9 13
96 4 10 15
96 4 11 12
96 4 14 15
96 5 1 12
96 5 2 9
96 5 4 11
96 5 7 12
96 5 8 10
96 5 12 12
96 5 13 9
96 5 14 12
96 10 0 14
96 10 2 11
96 10 3 13
96 10 4 14
96 10 6 12
96 10 7 14
96 10 8 11
96 10 10 14
96 11 1 15
96 11 5 12
96 11 6 14
96 11 7 15
96 11 9 13
96 11 10 15
96 11 12 12
96 11 14 15
96 14 0 13
96 14 1 10
96 14 2 12
96 14 7 13
96 14 8 11
96 14 10 13
96 14 12 10
96 14 14 13
97 6 1 58
97 6 3 60
97 6 4 54
97 6 7 49
97 6 8 54
97 6 12 56
97 6 13 59
97 6 14 58
97 7 1 60
97 7 2 62
97 7 8 56
97 7 9 51
97 7 10 56
97 7 11 58
97 7 13 61
97 7 14 60
97 13 1 61
97 13 3 63
97 13 4 73
97 13 6 66
97 13 7 73
97 13 8 73
97 13 9 70
97 13 12 67
98 3 0 19
98 3 2 21
98 3 3 18
98 3 6 18
98 3 7 21
98 3 9 19
98 3 10 20
98 3 13 22
98 8 0 18
98 8 1 15
98 8 4 17
98 8 7 18
98 8 8 16
98 8 11 18
98 8 12 15
98 8 14 18
98 10 0 20
98 10 2 17
98 10 3 19
98 10 4 20
98 10 6 18
98 10 7 20
98 10 8 17
98 10 10 20
98 12 4 19
98 12 5 21
98 12 6 18
98 12 7 18
98 12 9 21
98 12 10 19
98 12 11 20
98 12 13 22
98 14 0 19
98 14 1 16
98 14 2 18
98 14 7 19
98 14 8 17
98 14 10 19
98 14 12 16
98 14 14 19
99 7 1 56
99 7 2 58
99 7 8 68
99 7 9 61
99 7 10 68
99 7 11 68
99 7 13 65
99 7 14 62
99 9 0 58
99 9 1 60
99 9 4 70
99 9 7 63
99 9 11 70
99 9 12 70
99 9 13 67
99 9 14 64
99 11 1 81
99 11 5 69
99 11 6 76
99 11 7 78
99 11 9 71
99 11 10 81
99 11 12 68
99 11 14 80
99 12 4 61
99 12 5 63
99 12 6 73
99 12 7 66
99 12 9 73
99 12 10 73
99 12 11 70
99 12 13 67
99 13 1 81
99 13 3 69
99 13 4 76
99 13 6 78
99 13 7 71
99 13 8 81
99 13 9 68
99 13 12 80
100 1 0 83
100 1 1 85
100 1 2 87
100 1 3 82
100 1 6 95
100 1 8 93
100 1 10 84
100 1 12 91
100 4 0 88
100 4 2 78
100 4 3 78
100 4 6 73
100 4 9 90
100 4 10 80
100 4 11 89
100 4 14 88
100 10 0 88
100 10 2 78
100 10 3 78
100 10 4 73
100 10 6 90
100 10 7 80
100 10 8 89
100 10 10 88
100 13 1 84
100 13 3 72
100 13 4 79
100 13 6 81
100 13 7 74
100 13 8 84
100 13 9 71
100 13 12 83
101 2 0 28
101 2 1 30
101 2 3 30
101 2 4 25
101 2 7 30
101 2 8 26
101 2 10 29
101 2 14 28
101 3 0 28
101 3 2 30
101 3 3 33
101 3 6 33
101 3 7 33
101 3 9 33
101 3 10 30
101 3 13 27
101 7 1 28
101 7 2 30
101 7 8 33
101 7 9 33
101 7 10 33
101 7 11 33
101 7 13 30
101 7 14 27
101 12 4 25
101 12 5 27
101 12 6 27
101 12 7 22
101 12 9 27
101 12 10 23
101 12 11 26
101 12 13 25
102 0 0 94
102 0 1 84
102 0 5 84
102 0 6 79
102 0 7 96
102 0 8 86
102 0 9 95
102 0 11 94
102 3 0 96
102 3 2 91
102 3 3 93
102 3 6 87
102 3 7 93
102 3 9 82
102 3 10 89
102 3 13 97
102 7 1 83
102 7 2 85
102 7 8 87
102 7 9 82
102 7 10 95
102 7 11 93
102 7 13 84
102 7 14 91
102 10 0 93
102 10 2 83
102 10 3 83
102 10 4 78
102 10 6 95
102 10 7 85
102 10 8 94
102 10 10 93
103 0 0 59
103 0 1 61
103 0 5 55
103 0 6 50
103 0 7 55
103 0 8 57
103 0 9 60
103 0 11 59
103 5 1 61
103 5 2 63
103 5 4 57
103 5 7 52
103 5 8 57
103 5 12 59
103 5 13 62
103 5 14 61
103 13 1 55
103 13 3 57
103 13 4 51
103 13 6 46
103 13 7 51
103 13 8 53
103 13 9 56
103 13 12 55
104 5 1 39
104 5 2 33
104 5 4 37
104 5 7 38
104 5 8 34
104 5 12 39
104 5 13 33
104 5 14 39
104 6 1 28
104 6 3 30
104 6 4 33
104 6 7 33
104 6 8 33
104 6 12 33
104 6 13 30
104 6 14 27
104 7 1 37
104 7 2 31
104 7 8 35
104 7 9 36
104 7 10 32
104 7 11 37
104 7 13 31
104 7 14 37
104 10 0 38
104 10 2 32
104 10 3 36
104 10 4 37
104 10 6 33
104 10 7 38
104 10 8 32
104 10 10 38
104 13 1 34
104 13 3 28
104 13 4 32
104 13 6 33
104 13 7 29
104 13 8 34
104 13 9 28
104 13 12 34
105 1 0 62
105 1 1 64
105 1 2 58
105 1 3 53
105 1 6 58
105 1 8 60
105 1 10 63
105 1 12 62
105 8 0 55
105 8 1 57
105 8 4 67
105 8 7 60
105 8 8 67
105 8 11 67
105 8 12 64
105 8 14 61
105 14 0 78
105 14 1 66
105 14 2 73
105 14 7 75
105 14 8 68
105 14 10 78
105 14 12 65
105 14 14 77
106 5 1 60
106 5 2 62
106 5 4 56
106 5 7 51
106 5 8 56
106 5 12 58
106 5 13 61
106 5 14 60
106 11 1 62
106 11 5 64
106 11 6 58
106 11 7 53
106 11 9 58
106 11 10 60
106 11 12 63
106 11 14 62
106 12 4 56
106 12 5 58
106 12 6 52
106 12 7 47
106 12 9 52
106 12 10 54
106 12 11 57
106 12 13 56
106 13 1 44
106 13 3 46
106 13 4 48
106 13 6 43
106 13 7 46
106 13 8 44
106 13 9 45
106 13 12 52
107 1 0 39
107 1 1 33
107 1 2 37
107 1 3 38
107 1 6 34
107 1 8 39
107 1 10 33
107 1 12 39
107 6 1 28
107 6 3 30
107 6 4 33
107 6 7 33
107 6 8 33
107 6 12 33
107 6 13 30
107 6 14 27
107 7 1 37
107 7 2 31
107 7 8 35
107 7 9 36
107 7 10 32
107 7 11 37
107 7 13 31
107 7 14 37
107 9 0 38
107 9 1 32
107 9 4 36
107 9 7 37
107 9 11 33
107 9 12 38
107 9 13 32
107 9 14 38
108 1 0 54
108 1 1 57
108 1 2 62
108 1 3 66
108 1 6 54
108 1 8 62
108 1 10 65
108 1 12 63
108 2 0 56
108 2 1 58
108 2 3 68
108 2 4 61
108 2 7 68
108 2 8 68
108 2 10 65
108 2 14 62
108 8 0 79
108 8 1 67
108 8 4 74
108 8 7 76
108 8 8 69
108 8 11 79
108 8 12 66
108 8 14 78
109 0 0 28
109 0 1 30
109 0 5 30
109 0 6 25
109 0 7 30
109 0 8 26
109 0 9 29
109 0 11 28
109 3 0 28
109 3 2 30
109 3 3 33
109 3 6 33
109 3 7 33
109 3 9 33
109 3 10 30
109 3 13 27
109 10 0 28
109 10 2 30
109 10 3 33
109 10 4 33
109 10 6 33
109 10 7 33
109 10 8 30
109 10 10 27
109 11 1 25
109 11 5 27
109 11 6 27
109 11 7 22
109 11 9 27
109 11 10 23
109 11 12 26
109 11 14 25
110 4 0 40
110 4 2 34
110 4 3 38
110 4 6 39
110 4 9 35
110 4 10 40
110 4 11 34
110 4 14 40
110 8 0 34
110 8 1 28
110 8 4 32
110 8 7 33
110 8 8 29
110 8 11 34
110 8 12 28
110 8 14 34
110 10 0 38
110 10 2 32
110 10 3 36
110 10 4 37
110 10 6 33
110 10 7 38
110 10 8 32
110 10 10 38
111 2 0 17
111 2 1 14
111 2 3 16
111 2 4 17
111 2 7 15
111 2 8 17
111 2 10 14
111 2 14 17
111 4 0 14
111 4 2 11
111 4 3 13
111 4 6 14
111 4 9 12
111 4 10 14
111 4 11 11
111 4 14 14
111 8 0 16
111 8 1 13
111 8 4 15
111 8 7 16
111 8 8 14
111 8 11 16
111 8 12 13
111 8 14 16
111 12 4 17
111 12 5 14
111 12 6 16
111 12 7 17
111 12 9 15
111 12 10 17
111 12 11 14
111 12 13 17
111 13 1 15
111 13 3 12
111 13 4 14
111 13 6 15
111 13 7 13
111 13 8 15
111 13 9 12
111 13 12 15
112 2 0 28
112 2 1 30
112 2 3 30
112 2 4 25
112 2 7 30
112 2 8 26
112 2 10 29
112 2 14 28
112 6 1 28
112 6 3 30
112 6 4 33
112 6 7 33
112 6 8 33
112 6 12 33
112 6 13 30
112 6 14 27
112 13 1 28
112 13 3 30
112 13 4 33
112 13 6 33
112 13 7 33
112 13 8 33
112 13 9 30
112 13 12 27
113 0 0 42
113 0 1 41
113 0 5 41
113 0 6 36
113 0 7 44
113 0 8 43
113 0 9 43
113 0 11 42
113 5 1 38
113 5 2 40
113 5 4 42
113 5 7 37
113 5 8 40
113 5 12 38
113 5 13 39
113 5 14 46
113 6 1 40
113 6 3 42
113 6 4 44
113 6 7 39
113 6 8 42
113 6 12 40
113 6 13 41
113 6 14 48
113 11 1 42
113 11 5 36
113 11 6 40
113 11 7 41
113 11 9 37
113 11 10 42
113 11 12 36
113 11 14 42
113 14 0 38
113 14 1 40
113 14 2 42
113 14 7 37
113 14 8 40
113 14 10 38
113 14 12 39
113 14 14 46
114 1 0 88
114 1 1 78
114 1 2 78
114 1 3 73
114 1 6 90
114 1 8 80
114 1 10 89
114 1 12 88
114 3 0 69
114 3 2 71
114 3 3 68
114 3 6 63
114 3 7 71
114 3 9 64
114 3 10 70
114 3 13 72
114 13 1 84
114 13 3 72
114 13 4 79
114 13 6 81
114 13 7 74
114 13 8 84
114 13 9 71
114 13 12 83
114 14 0 86
114 14 1 74
114 14 2 81
114 14 7 83
114 14 8 76
114 14 10 86
114 14 12 73
114 14 14 85
115 1 0 59
115 1 1 61
115 1 2 55
115 1 3 50
115 1 6 55
115 1 8 57
115 1 10 60
115 1 12 59
115 3 0 61
115 3 2 63
115 3 3 57
115 3 6 52
115 3 7 57
115 3 9 59
115 3 10 62
115 3 13 61
115 5 1 55
115 5 2 57
115 5 4 51
115 5 7 46
115 5 8 51
115 5 12 53
115 5 13 56
115 5 14 55
116 0 0 89
116 0 1 79
116 0 5 79
116 0 6 74
116 0 7 91
116 0 8 81
116 0 9 90
116 0 11 89
116 2 0 78
116 2 1 66
116 2 3 73
116 2 4 75
116 2 7 68
116 2 8 78
116 2 10 65
116 2 14 77
116 3 0 85
116 3 2 73
116 3 3 80
116 3 6 82
116 3 7 75
116 3 9 85
116 3 10 72
116 3 13 84
116 6 1 83
116 6 3 83
116 6 4 74
116 6 7 84
116 6 8 82
116 6 12 84
116 6 13 74
116 6 14 76
117 6 1 19
117 6 3 16
117 6 4 18
117 6 7 19
117 6 8 17
117 6 12 19
117 6 13 16
117 6 14 19
117 7 1 16
117 7 2 13
117 7 8 15
117 7 9 16
117 7 10 14
117 7 11 16
117 7 13 13
117 7 14 16
117 10 0 18
117 10 2 15
117 10 3 17
117 10 4 18
117 10 6 16
117 10 7 18
117 10 8 15
117 10 10 18
118 1 0 58
118 1 1 60
118 1 2 54
118 1 3 49
118 1 6 54
118 1 8 56
118 1 10 59
118 1 12 58
118 10 0 60
118 10 2 62
118 10 3 56
118 10 4 51
118 10 6 56
118 10 7 58
118 10 8 61
118 10 10 60
118 12 4 54
118 12 5 56
118 12 6 50
118 12 7 45
118 12 9 50
118 12 10 52
118 12 11 55
118 12 13 54
118 14 0 42
118 14 1 44
118 14 2 46
118 14 7 41
118 14 8 44
118 14 10 42
118 14 12 43
118 14 14 50
119 0 0 40
119 0 1 42
119 0 5 44
119 0 6 39
119 0 7 42
119 0 8 40
119 0 9 41
119 0 11 48
119 3 0 42
119 3 2 44
119 3 3 46
119 3 6 41
119 3 7 44
119 3 9 42
119 3 10 43
119 3 13 50
119 6 1 44
119 6 3 46
119 6 4 48
119 6 7 43
119 6 8 46
119 6 12 44
119 6 13 45
119 6 14 52
119 9 0 39
119 9 1 41
119 9 4 43
119 9 7 38
119 9 11 41
119 9 12 39
119 9 13 40
119 9 14 47
119 14 0 42
119 14 1 44
119 14 2 46
119 14 7 41
119 14 8 44
119 14 10 42
119 14 12 43
119 14 14 50
120 1 0 38
120 1 1 32
120 1 2 36
120 1 3 37
120 1 6 33
120 1 8 38
120 1 10 32
120 1 12 38
120 2 0 29
120 2 1 31
120 2 3 31
120 2 4 26
120 2 7 31
120 2 8 27
120 2 10 30
120 2 14 29
120 11 1 36
120 11 5 30
120 11 6 34
120 11 7 35
120 11 9 31
120 11 10 36
120 11 12 30
120 11 14 36
120 13 1 37
120 13 3 31
120 13 4 35
120 13 6 36
120 13 7 32
120 13 8 37
120 13 9 31
120 13 12 37
121 2 0 92
121 2 1 82
121 2 3 82
121 2 4 77
121 2 7 94
121 2 8 84
121 2 10 93
121 2 14 92
121 8 0 94
121 8 1 84
121 8 4 84
121 8 7 79
121 8 8 96
121 8 11 86
121 8 12 95
121 8 14 94
121 9 0 96
121 9 1 91
121 9 4 93
121 9 7 87
121 9 11 93
121 9 12 82
121 9 13 89
121 9 14 97
121 11 1 91
121 11 5 81
121 11 6 81
121 11 7 76
121 11 9 93
121 11 10 83
121 11 12 92
121 11 14 91
121 14 0 89
121 14 1 91
121 14 2 93
121 14 7 88
121 14 8 101
121 14 10 99
121 14 12 90
121 14 14 97
122 0 0 39
122 0 1 41
122 0 5 43
122 0 6 38
122 0 7 41
122 0 8 39
122 0 9 40
122 0 11 47
122 3 0 41
122 3 2 43
122 3 3 45
122 3 6 40
122 3 7 43
122 3 9 41
122 3 10 42
122 3 13 49
122 5 1 43
122 5 2 45
122 5 4 47
122 5 7 42
122 5 8 45
122 5 12 43
122 5 13 44
122 5 14 51
122 6 1 38
122 6 3 40
122 6 4 42
122 6 7 37
122 6 8 40
122 6 12 38
122 6 13 39
122 6 14 46
123 6 1 83
123 6 3 85
123 6 4 87
123 6 7 82
123 6 8 95
123 6 12 93
123 6 13 84
123 6 14 91
123 8 0 88
123 8 1 78
123 8 4 78
123 8 7 73
123 8 8 90
123 8 11 80
123 8 12 89
123 8 14 88
123 11 1 88
123 11 5 78
123 11 6 78
123 11 7 73
123 11 9 90
123 11 10 80
123 11 12 89
123 11 14 88
124 1 0 93
124 1 1 83
124 1 2 83
124 1 3 78
124 1 6 95
124 1 8 85
124 1 10 94
124 1 12 93
124 4 0 95
124 4 2 85
124 4 3 85
124 4 6 80
124 4 9 97
124 4 10 87
124 4 11 96
124 4 14 95
124 9 0 82
124 9 1 84
124 9 4 86
124 9 7 81
124 9 11 94
124 9 12 92
124 9 13 83
124 9 14 90
124 10 0 92
124 10 2 82
124 10 3 82
124 10 4 77
124 10 6 94
124 10 7 84
124 10 8 93
124 10 10 92
124 11 1 90
124 11 5 92
124 11 6 94
124 11 7 89
124 11 9 102
124 11 10 100
124 11 12 91
124 11 14 98
125 0 0 96
125 0 1 91
125 0 5 93
125 0 6 87
125 0 7 93
125 0 8 82
125 0 9 89
125 0 11 97
125 2 0 83
125 2 1 85
125 2 3 87
125 2 4 82
125 2 7 95
125 2 8 93
125 2 10 84
125 2 14 91
125 3 0 85
125 3 2 87
125 3 3 89
125 3 6 84
125 3 7 97
125 3 9 95
125 3 10 86
125 3 13 93
125 9 0 95
125 9 1 85
125 9 4 85
125 9 7 80
125 9 11 97
125 9 12 87
125 9 13 96
125 9 14 95
125 13 1 92
125 13 3 110
125 13 4 110
125 13 6 109
125 13 7 98
125 13 8 108
125 13 9 97
125 13 12 102
126 6 1 42
126 6 3 41
126 6 4 41
126 6 7 36
126 6 8 44
126 6 12 43
126 6 13 43
126 6 14 42
126 8 0 37
126 8 1 31
126 8 4 35
126 8 7 36
126 8 8 32
126 8 11 37
126 8 12 31
126 8 14 37
126 9 0 41
126 9 1 35
126 9 4 39
126 9 7 40
126 9 11 36
126 9 12 41
126 9 13 35
126 9 14 41
126 12 4 42
126 12 5 36
126 12 6 40
126 12 7 41
126 12 9 37
126 12 10 42
126 12 11 36
126 12 13 42
127 0 0 40
127 0 1 34
127 0 5 38
127 0 6 39
127 0 7 35
127 0 8 40
127 0 9 34
127 0 11 40
127 2 0 42
127 2 1 36
127 2 3 40
127 2 4 41
127 2 7 37
127 2 8 42
127 2 10 36
127 2 14 42
127 9 0 37
127 9 1 39
127 9 4 41
127 9 7 36
127 9 11 39
127 9 12 37
127 9 13 38
127 9 14 45
127 12 4 39
127 12 5 33
127 12 6 37
127 12 7 38
127 12 9 34
127 12 10 39
127 12 11 33
127 12 13 39
127 13 1 42
127 13 3 36
127 13 4 40
127 13 6 41
127 13 7 37
127 13 8 42
127 13 9 36
127 13 12 42
128 4 0 20
128 4 2 17
128 4 3 19
128 4 6 20
128 4 9 18
128 4 10 20
128 4 11 17
128 4 14 20
128 5 1 17
128 5 2 14
128 5 4 16
128 5 7 17
128 5 8 15
128 5 12 17
128 5 13 14
128 5 14 17
128 9 0 19
128 9 1 16
128 9 4 18
128 9 7 19
128 9 11 17
128 9 12 19
128 9 13 16
128 9 14 19
128 13 1 20
128 13 3 17
128 13 4 19
128 13 6 20
128 13 7 18
128 13 8 20
128 13 9 17
128 13 12 20
129 0 0 38
129 0 1 32
129 0 5 36
129 0 6 37
129 0 7 33
129 0 8 38
129 0 9 32
129 0 11 38
129 11 1 29
129 11 5 31
129 11 6 31
129 11 7 26
129 11 9 31
129 11 10 27
129 11 12 30
129 11 14 29
129 13 1 36
129 13 3 30
129 13 4 34
129 13 6 35
129 13 7 31
129 13 8 36
129 13 9 30
129 13 12 36
130 5 1 38
130 5 2 40
130 5 4 42
130 5 7 37
130 5 8 40
130 5 12 38
130 5 13 39
130 5 14 46
130 8 0 39
130 8 1 33
130 8 4 37
130 8 7 38
130 8 8 34
130 8 11 39
130 8 12 33
130 8 14 39
130 10 0 42
130 10 2 41
130 10 3 41
130 10 4 36
130 10 6 44
130 10 7 43
130 10 8 43
130 10 10 42
130 14 0 37
130 14 1 39
130 14 2 41
130 14 7 36
130 14 8 39
130 14 10 37
130 14 12 38
130 14 14 45
131 1 0 19
131 1 1 16
131 1 2 18
131 1 3 19
131 1 6 17
131 1 8 19
131 1 10 16
131 1 12 19
131 4 0 16
131 4 2 13
131 4 3 15
131 4 6 16
131 4 9 14
131 4 10 16
131 4 11 13
131 4 14 16
131 13 1 18
131 13 3 15
131 13 4 17
131 13 6 18
131 13 7 16
131 13 8 18
131 13 9 15
131 13 12 18
132 5 1 42
132 5 2 44
132 5 4 46
132 5 7 41
132 5 8 44
132 5 12 42
132 5 13 43
132 5 14 50
132 8 0 56
132 8 1 58
132 8 4 52
132 8 7 47
132 8 8 52
132 8 11 54
132 8 12 57
132 8 14 56
132 10 0 56
132 10 2 58
132 10 3 52
132 10 4 47
132 10 6 52
132 10 7 54
132 10 8 57
132 10 10 56
132 12 4 55
132 12 5 57
132 12 6 51
132 12 7 46
132 12 9 51
132 12 10 53
132 12 11 56
132 12 13 55
133 2 0 93
133 2 1 83
133 2 3 83
133 2 4 78
133 2 7 95
133 2 8 85
133 2 10 94
133 2 14 93
133 6 1 95
133 6 3 85
133 6 4 85
133 6 7 80
133 6 8 97
133 6 12 87
133 6 13 96
133 6 14 95
133 10 0 82
133 10 2 84
133 10 3 86
133 10 4 81
133 10 6 94
133 10 7 92
133 10 8 83
133 10 10 90
133 11 1 92
133 11 5 82
133 11 6 82
133 11 7 77
133 11 9 94
133 11 10 84
133 11 12 93
133 11 14 92
134 0 0 9
134 0 1 8
134 0 5 9
134 0 6 9
134 0 7 8
134 0 8 9
134 0 9 8
134 0 11 9
134 2 0 12
134 2 1 9
134 2 3 11
134 2 4 12
134 2 7 10
134 2 8 12
134 2 10 9
134 2 14 12
134 6 1 12
134 6 3 9
134 6 4 11
134 6 7 12
134 6 8 10
134 6 12 12
134 6 13 9
134 6 14 12
134 11 1 9
134 11 5 8
134 11 6 9
134 11 7 9
134 11 9 8
134 11 10 9
134 11 12 8
134 11 14 9
135 2 0 39
135 2 1 41
135 2 3 43
135 2 4 38
135 2 7 41
135 2 8 39
135 2 10 40
135 2 14 47
135 10 0 41
135 10 2 43
135 10 3 45
135 10 4 40
135 10 6 43
135 10 7 41
135 10 8 42
135 10 10 49
135 11 1 43
135 11 5 45
135 11 6 47
135 11 7 42
135 11 9 45
135 11 10 43
135 11 12 44
135 11 14 51
136 2 0 89
136 2 1 79
136 2 3 79
136 2 4 74
136 2 7 91
136 2 8 81
136 2 10 90
136 2 14 89
136 4 0 89
136 4 2 79
136 4 3 79
136 4 6 74
136 4 9 91
136 4 10 81
136 4 11 90
136 4 14 89
136 5 1 81
136 5 2 69
136 5 4 76
136 5 7 78
136 5 8 71
136 5 12 81
136 5 13 68
136 5 14 80
136 14 0 90
136 14 1 80
136 14 2 80
136 14 7 75
136 14 8 92
136 14 10 82
136 14 12 91
136 14 14 90
137 4 0 55
137 4 2 57
137 4 3 67
137 4 6 60
137 4 9 67
137 4 10 67
137 4 11 64
137 4 14 61
137 8 0 57
137 8 1 59
137 8 4 69
137 8 7 62
137 8 8 69
137 8 11 69
137 8 12 66
137 8 14 63
137 13 1 60
137 13 3 62
137 13 4 56
137 13 6 51
137 13 7 56
137 13 8 58
137 13 9 61
137 13 12 60
138 2 0 89
138 2 1 79
138 2 3 79
138 2 4 74
138 2 7 91
138 2 8 81
138 2 10 90
138 2 14 89
138 4 0 78
138 4 2 66
138 4 3 73
138 4 6 75
138 4 9 68
138 4 10 78
138 4 11 65
138 4 14 77
138 5 1 85
138 5 2 73
138 5 4 80
138 5 7 82
138 5 8 75
138 5 12 85
138 5 13 72
138 5 14 84
138 7 1 83
138 7 2 83
138 7 8 74
138 7 9 84
138 7 10 82
138 7 11 84
138 7 13 74
138 7 14 76
138 14 0 80
138 14 1 68
138 14 2 75
138 14 7 77
138 14 8 70
138 14 10 80
138 14 12 67
138 14 14 79
139 2 0 16
139 2 1 13
139 2 3 15
139 2 4 16
139 2 7 14
139 2 8 16
139 2 10 13
139 2 14 16
139 8 0 13
139 8 1 10
139 8 4 12
139 8 7 13
139 8 8 11
139 8 11 13
139 8 12 10
139 8 14 13
139 12 4 15
139 12 5 12
139 12 6 14
139 12 7 15
139 12 9 13
139 12 10 15
139 12 11 12
139 12 13 15
139 13 1 16
139 13 3 13
139 13 4 15
139 13 6 16
139 13 7 14
139 13 8 16
139 13 9 13
139 13 12 16
140 0 0 41
140 0 1 35
140 0 5 39
140 0 6 40
140 0 7 36
140 0 8 41
140 0 9 35
140 0 11 41
140 5 1 42
140 5 2 41
140 5 4 41
140 5 7 36
140 5 8 44
140 5 12 43
140 5 13 43
140 5 14 42
140 12 4 38
140 12 5 40
140 12 6 42
140 12 7 37
140 12 9 40
140 12 10 38
140 12 11 39
140 12 13 46
141 0 0 57
141 0 1 59
141 0 5 53
141 0 6 48
141 0 7 53
141 0 8 55
141 0 9 58
141 0 11 57
141 9 0 59
141 9 1 61
141 9 4 55
141 9 7 50
141 9 11 55
141 9 12 57
141 9 13 60
141 9 14 59
141 10 0 46
141 10 2 53
141 10 3 53
141 10 4 52
141 10 6 52
141 10 7 51
141 10 8 51
141 10 10 45
142 1 0 61
142 1 1 63
142 1 2 57
142 1 3 52
142 1 6 57
142 1 8 59
142 1 10 62
142 1 12 61
142 8 0 54
142 8 1 57
142 8 4 62
142 8 7 66
142 8 8 54
142 8 11 62
142 8 12 65
142 8 14 63
142 11 1 57
142 11 5 59
142 11 6 53
142 11 7 48
142 11 9 53
142 11 10 55
142 11 12 58
142 11 14 57
143 5 1 93
143 5 2 83
143 5 4 83
143 5 7 78
143 5 8 95
143 5 12 85
143 5 13 94
143 5 14 93
143 6 1 84
143 6 3 72
143 6 4 79
143 6 7 81
143 6 8 74
143 6 12 84
143 6 13 71
143 6 14 83
143 8 0 84
143 8 1 72
143 8 4 79
143 8 7 81
143 8 8 74
143 8 11 84
143 8 12 71
143 8 14 83
143 14 0 79
143 14 1 67
143 14 2 74
143 14 7 76
143 14 8 69
143 14 10 79
143 14 12 66
143 14 14 78
144 3 0 83
144 3 2 83
144 3 3 74
144 3 6 84
144 3 7 82
144 3 9 84
144 3 10 74
144 3 13 76
144 4 0 62
144 4 2 64
144 4 3 74
144 4 6 67
144 4 9 74
144 4 10 74
144 4 11 71
144 4 14 68
144 10 0 82
144 10 2 70
144 10 3 77
144 10 4 79
144 10 6 72
144 10 7 82
144 10 8 69
144 10 10 81
144 11 1 84
144 11 5 72
144 11 6 79
144 11 7 81
144 11 9 74
144 11 10 84
144 11 12 71
144 11 14 83
144 14 0 69
144 14 1 71
144 14 2 68
144 14 7 63
144 14 8 71
144 14 10 64
144 14 12 70
144 14 14 72
145 2 0 58
145 2 1 60
145 2 3 54
145 2 4 49
145 2 7 54
145 2 8 56
145 2 10 59
145 2 14 58
145 11 1 60
145 11 5 62
145 11 6 56
145 11 7 51
145 11 9 56
145 11 10 58
145 11 12 61
145 11 14 60
145 13 1 61
145 13 3 63
145 13 4 73
145 13 6 66
145 13 7 73
145 13 8 73
145 13 9 70
145 13 12 67
146 1 0 27
146 1 1 29
146 1 2 29
146 1 3 24
146 1 6 29
146 1 8 25
146 1 10 28
146 1 12 27
146 4 0 29
146 4 2 31
146 4 3 31
146 4 6 26
146 4 9 31
146 4 10 27
146 4 11 30
146 4 14 29
146 6 1 29
146 6 3 31
146 6 4 31
146 6 7 26
146 6 8 31
146 6 12 27
146 6 13 30
146 6 14 29
146 11 1 24
146 11 5 26
146 11 6 26
146 11 7 21
146 11 9 26
146 11 10 22
146 11 12 25
146 11 14 24
147 3 0 96
147 3 2 91
147 3 3 93
147 3 6 87
147 3 7 93
147 3 9 82
147 3 10 89
147 3 13 97
147 4 0 83
147 4 2 85
147 4 3 87
147 4 6 82
147 4 9 95
147 4 10 93
147 4 11 84
147 4 14 91
147 11 1 85
147 11 5 87
147 11 6 89
147 11 7 84
147 11 9 97
147 11 10 95
147 11 12 86
147 11 14 93
147 12 4 95
147 12 5 85
147 12 6 85
147 12 7 80
147 12 9 97
147 12 10 87
147 12 11 96
147 12 13 95
147 14 0 92
147 14 1 110
147 14 2 110
147 14 7 109
147 14 8 98
147 14 10 108
147 14 12 97
147 14 14 102
148 1 0 93
148 1 1 83
148 1 2 83
148 1 3 78
148 1 6 95
148 1 8 85
148 1 10 94
148 1 12 93
148 2 0 95
148 2 1 85
148 2 3 85
148 2 4 80
148 2 7 97
148 2 8 87
148 2 10 96
148 2 14 95
148 4 0 82
148 4 2 84
148 4 3 86
148 4 6 81
148 4 9 94
148 4 10 92
148 4 11 83
148 4 14 90
148 14 0 92
148 14 1 82
148 14 2 82
148 14 7 77
148 14 8 94
148 14 10 84
148 14 12 93
148 14 14 92
149 6 1 42
149 6 3 36
149 6 4 40
149 6 7 41
149 6 8 37
149 6 12 42
149 6 13 36
149 6 14 42
149 8 0 36
149 8 1 30
149 8 4 34
149 8 7 35
149 8 8 31
149 8 11 36
149 8 12 30
149 8 14 36
149 14 0 40
149 14 1 34
149 14 2 38
149 14 7 39
149 14 8 35
149 14 10 40
149 14 12 34
149 14 14 40
150 1 0 90
150 1 1 80
150 1 2 80
150 1 3 75
150 1 6 92
150 1 8 82
150 1 10 91
150 1 12 90
150 2 0 79
150 2 1 67
150 2 3 74
150 2 4 76
150 2 7 69
150 2 8 79
150 2 10 66
150 2 14 78
150 10 0 86
150 10 2 74
150 10 3 81
150 10 4 83
150 10 6 76
150 10 7 86
150 10 8 73
150 10 10 85
150 11 1 87
150 11 5 77
150 11 6 77
150 11 7 72
150 11 9 89
150 11 10 79
150 11 12 88
150 11 14 87
150 13 1 81
150 13 3 69
150 13 4 76
150 13 6 78
150 13 7 71
150 13 8 81
150 13 9 68
150 13 12 80
151 2 0 82
151 2 1 84
151 2 3 86
151 2 4 81
151 2 7 94
151 2 8 92
151 2 10 83
151 2 14 90
151 6 1 87
151 6 3 77
151 6 4 77
151 6 7 72
151 6 8 89
151 6 12 79
151 6 13 88
151 6 14 87
151 7 1 87
151 7 2 77
151 7 8 77
151 7 9 72
151 7 10 89
151 7 11 79
151 7 13 88
151 7 14 87
151 13 1 83
151 13 3 71
151 13 4 78
151 13 6 80
151 13 7 73
151 13 8 83
151 13 9 70
151 13 12 82
152 3 0 19
152 3 2 21
152 3 3 18
152 3 6 18
152 3 7 21
152 3 9 19
152 3 10 20
152 3 13 22
152 8 0 18
152 8 1 15
152 8 4 17
152 8 7 18
152 8 8 16
152 8 11 18
152 8 12 15
152 8 14 18
152 10 0 20
152 10 2 17
152 10 3 19
152 10 4 20
152 10 6 18
152 10 7 20
152 10 8 17
152 10 10 20
152 12 4 19
152 12 5 21
152 12 6 18
152 12 7 18
152 12 9 21
152 12 10 19
152 12 11 20
152 12 13 22
153 0 0 29
153 0 1 31
153 0 5 31
153 0 6 26
153 0 7 31
153 0 8 27
153 0 9 30
153 0 11 29
153 8 0 34
153 8 1 28
153 8 4 32
153 8 7 33
153 8 8 29
153 8 11 34
153 8 12 28
153 8 14 34
153 13 1 34
153 13 3 28
153 13 4 32
153 13 6 33
153 13 7 29
153 13 8 34
153 13 9 28
153 13 12 34
154 8 0 39
154 8 1 33
154 8 4 37
154 8 7 38
154 8 8 34
154 8 11 39
154 8 12 33
154 8 14 39
154 9 0 28
154 9 1 30
154 9 4 33
154 9 7 33
154 9 11 33
154 9 12 33
154 9 13 30
154 9 14 27
154 12 4 37
154 12 5 31
154 12 6 35
154 12 7 36
154 12 9 32
154 12 10 37
154 12 11 31
154 12 13 37
155 0 0 27
155 0 1 29
155 0 5 29
155 0 6 24
155 0 7 29
155 0 8 25
155 0 9 28
155 0 11 27
155 4 0 29
155 4 2 31
155 4 3 31
155 4 6 26
155 4 9 31
155 4 10 27
155 4 11 30
155 4 14 29
155 7 1 29
155 7 2 31
155 7 8 31
155 7 9 26
155 7 10 31
155 7 11 27
155 7 13 30
155 7 14 29
156 3 0 89
156 3 2 79
156 3 3 79
156 3 6 74
156 3 7 91
156 3 9 81
156 3 10 90
156 3 13 89
156 6 1 89
156 6 3 79
156 6 4 79
156 6 7 74
156 6 8 91
156 6 12 81
156 6 13 90
156 6 14 89
156 12 4 81
156 12 5 69
156 12 6 76
156 12 7 78
156 12 9 71
156 12 10 81
156 12 11 68
156 12 13 80
157 2 0 42
157 2 1 44
157 2 3 46
157 2 4 41
157 2 7 44
157 2 8 42
157 2 10 43
157 2 14 50
157 8 0 56
157 8 1 58
157 8 4 52
157 8 7 47
157 8 8 52
157 8 11 54
157 8 12 57
157 8 14 56
157 9 0 56
157 9 1 58
157 9 4 52
157 9 7 47
157 9 11 52
157 9 12 54
157 9 13 57
157 9 14 56
157 10 0 55
157 10 2 57
157 10 3 51
157 10 4 46
157 10 6 51
157 10 7 53
157 10 8 56
157 10 10 55
157 13 1 55
157 13 3 57
157 13 4 51
157 13 6 46
157 13 7 51
157 13 8 53
157 13 9 56
157 13 12 55
158 2 0 92
158 2 1 82
158 2 3 82
158 2 4 77
158 2 7 94
158 2 8 84
158 2 10 93
158 2 14 92
158 8 0 81
158 8 1 69
158 8 4 76
158 8 7 78
158 8 8 71
158 8 11 81
158 8 12 68
158 8 14 80
158 12 4 87
158 12 5 77
158 12 6 77
158 12 7 72
158 12 9 89
158 12 10 79
158 12 11 88
158 12 13 87
158 14 0 89
158 14 1 79
158 14 2 79
158 14 7 74
158 14 8 91
158 14 10 81
158 14 12 90
158 14 14 89
159 0 0 42
159 0 1 41
159 0 5 41
159 0 6 36
159 0 7 44
159 0 8 43
159 0 9 43
159 0 11 42
159 5 1 37
159 5 2 31
159 5 4 35
159 5 7 36
159 5 8 32
159 5 12 37
159 5 13 31
159 5 14 37
159 6 1 41
159 6 3 35
159 6 4 39
159 6 7 40
159 6 8 36
159 6 12 41
159 6 13 35
159 6 14 41
160 0 0 55
160 0 1 57
160 0 5 67
160 0 6 60
160 0 7 67
160 0 8 67
160 0 9 64
160 0 11 61
160 2 0 57
160 2 1 59
160 2 3 69
160 2 4 62
160 2 7 69
160 2 8 69
160 2 10 66
160 2 14 63
160 6 1 80
160 6 3 68
160 6 4 75
160 6 7 77
160 6 8 70
160 6 12 80
160 6 13 67
160 6 14 79
161 2 0 87
161 2 1 89
161 2 3 91
161 2 4 86
161 2 7 99
161 2 8 97
161 2 10 88
161 2 14 95
161 5 1 82
161 5 2 84
161 5 4 86
161 5 7 81
161 5 8 94
161 5 12 92
161 5 13 83
161 5 14 90
161 11 1 84
161 11 5 86
161 11 6 88
161 11 7 83
161 11 9 96
161 11 10 94
161 11 12 85
161 11 14 92
161 12 4 93
161 12 5 83
161 12 6 83
161 12 7 78
161 12 9 95
161 12 10 85
161 12 11 94
161 12 13 93
162 1 0 96
162 1 1 91
162 1 2 93
162 1 3 87
162 1 6 93
162 1 8 82
162 1 10 89
162 1 12 97
162 3 0 83
162 3 2 83
162 3 3 74
162 3 6 84
162 3 7 82
162 3 9 84
162 3 10 74
162 3 13 76
162 5 1 83
162 5 2 83
162 5 4 74
162 5 7 84
162 5 8 82
162 5 12 84
162 5 13 74
162 5 14 76
162 8 0 82
162 8 1 70
162 8 4 77
162 8 7 79
162 8 8 72
162 8 11 82
162 8 12 69
162 8 14 81
162 13 1 83
162 13 3 85
162 13 4 87
162 13 6 82
162 13 7 95
162 13 8 93
162 13 9 84
162 13 12 91
163 1 0 57
163 1 1 59
163 1 2 69
163 1 3 62
163 1 6 69
163 1 8 69
163 1 10 66
163 1 12 63
163 2 0 59
163 2 1 61
163 2 3 71
163 2 4 64
163 2 7 71
163 2 8 71
163 2 10 68
163 2 14 65
163 5 1 82
163 5 2 70
163 5 4 77
163 5 7 79
163 5 8 72
163 5 12 82
163 5 13 69
163 5 14 81
163 6 1 62
163 6 3 64
163 6 4 74
163 6 7 67
163 6 8 74
163 6 12 74
163 6 13 71
163 6 14 68
163 9 0 82
163 9 1 70
163 9 4 77
163 9 7 79
163 9 11 72
163 9 12 82
163 9 13 69
163 9 14 81
164 0 0 94
164 0 1 84
164 0 5 84
164 0 6 79
164 0 7 96
164 0 8 86
164 0 9 95
164 0 11 94
164 1 0 96
164 1 1 91
164 1 2 93
164 1 3 87
164 1 6 93
164 1 8 82
164 1 10 89
164 1 12 97
164 9 0 83
164 9 1 85
164 9 4 87
164 9 7 82
164 9 11 95
164 9 12 93
164 9 13 84
164 9 14 91
165 2 0 24
165 2 1 26
165 2 3 26
165 2 4 21
165 2 7 26
165 2 8 22
165 2 10 25
165 2 14 24
165 5 1 26
165 5 2 28
165 5 4 28
165 5 7 23
165 5 8 28
165 5 12 24
165 5 13 27
165 5 14 26
165 6 1 26
165 6 3 28
165 6 4 28
165 6 7 23
165 6 8 28
165 6 12 24
165 6 13 27
165 6 14 26
165 10 0 21
165 10 2 23
165 10 3 23
165 10 4 18
165 10 6 23
165 10 7 19
165 10 8 22
165 10 10 21
166 0 0 38
166 0 1 32
166 0 5 36
166 0 6 37
166 0 7 33
166 0 8 38
166 0 9 32
166 0 11 38
166 2 0 29
166 2 1 31
166 2 3 31
166 2 4 26
166 2 7 31
166 2 8 27
166 2 10 30
166 2 14 29
166 4 0 36
166 4 2 30
166 4 3 34
166 4 6 35
166 4 9 31
166 4 10 36
166 4 11 30
166 4 14 36
166 10 0 37
166 10 2 31
166 10 3 35
166 10 4 36
166 10 6 32
166 10 7 37
166 10 8 31
166 10 10 37
167 1 0 9
167 1 1 8
167 1 2 9
167 1 3 9
167 1 6 8
167 1 8 9
167 1 10 8
167 1 12 9
167 3 0 12
167 3 2 9
167 3 3 11
167 3 6 12
167 3 7 10
167 3 9 12
167 3 10 9
167 3 13 12
167 9 0 12
167 9 1 9
167 9 4 11
167 9 7 12
167 9 11 10
167 9 12 12
167 9 13 9
167 9 14 12
168 0 0 85
168 0 1 73
168 0 5 80
168 0 6 82
168 0 7 75
168 0 8 85
168 0 9 72
168 0 11 84
168 12 4 60
168 12 5 62
168 12 6 72
168 12 7 65
168 12 9 72
168 12 10 72
168 12 11 69
168 12 13 66
168 13 1 80
168 13 3 68
168 13 4 75
168 13 6 77
168 13 7 70
168 13 8 80
168 13 9 67
168 13 12 79
169 0 0 96
169 0 1 91
169 0 5 93
169 0 6 87
169 0 7 93
169 0 8 82
169 0 9 89
169 0 11 97
169 5 1 83
169 5 2 83
169 5 4 74
169 5 7 84
169 5 8 82
169 5 12 84
169 5 13 74
169 5 14 76
169 13 1 83
169 13 3 83
169 13 4 74
169 13 6 84
169 13 7 82
169 13 8 84
169 13 9 74
169 13 12 76
170 1 0 20
170 1 1 17
170 1 2 19
170 1 3 20
170 1 6 18
170 1 8 20
170 1 10 17
170 1 12 20
170 7 1 21
170 7 2 23
170 7 8 23
170 7 9 18
170 7 10 23
170 7 11 19
170 7 13 22
170 7 14 21
170 8 0 19
170 8 1 16
170 8 4 18
170 8 7 19
170 8 8 17
170 8 11 19
170 8 12 16
170 8 14 19
171 4 0 38
171 4 2 40
171 4 3 42
171 4 6 37
171 4 9 40
171 4 10 38
171 4 11 39
171 4 14 46
171 8 0 37
171 8 1 39
171 8 4 41
171 8 7 36
171 8 8 39
171 8 11 37
171 8 12 38
171 8 14 45
171 9 0 37
171 9 1 39
171 9 4 41
171 9 7 36
171 9 11 39
171 9 12 37
171 9 13 38
171 9 14 45
171 12 4 39
171 12 5 33
171 12 6 37
171 12 7 38
171 12 9 34
171 12 10 39
171 12 11 33
171 12 13 39
171 13 1 40
171 13 3 42
171 13 4 44
171 13 6 39
171 13 7 42
171 13 8 40
171 13 9 41
171 13 12 48
172 0 0 18
172 0 1 15
172 0 5 17
172 0 6 18
172 0 7 16
172 0 8 18
172 0 9 15
172 0 11 18
172 8 0 15
172 8 1 12
172 8 4 14
172 8 7 15
172 8 8 13
172 8 11 15
172 8 12 12
172 8 14 15
172 11 1 17
172 11 5 14
172 11 6 16
172 11 7 17
172 11 9 15
172 11 10 17
172 11 12 14
172 11 14 17
172 14 0 18
172 14 1 15
172 14 2 17
172 14 7 18
172 14 8 16
172 14 10 18
172 14 12 15
172 14 14 18
173 8 0 39
173 8 1 33
173 8 4 37
173 8 7 38
173 8 8 34
173 8 11 39
173 8 12 33
173 8 14 39
173 9 0 28
173 9 1 30
173 9 4 33
173 9 7 33
173 9 11 33
173 9 12 33
173 9 13 30
173 9 14 27
173 10 0 37
173 10 2 31
173 10 3 35
173 10 4 36
173 10 6 32
173 10 7 37
173 10 8 31
173 10 10 37
173 12 4 38
173 12 5 32
173 12 6 36
173 12 7 37
173 12 9 33
173 12 10 38
173 12 11 32
173 12 13 38
174 3 0 42
174 3 2 41
174 3 3 41
174 3 6 36
174 3 7 44
174 3 9 43
174 3 10 43
174 3 13 42
174 5 1 37
174 5 2 31
174 5 4 35
174 5 7 36
174 5 8 32
174 5 12 37
174 5 13 31
174 5 14 37
174 7 1 41
174 7 2 35
174 7 8 39
174 7 9 40
174 7 10 36
174 7 11 41
174 7 13 35
174 7 14 41
174 8 0 42
174 8 1 36
174 8 4 40
174 8 7 41
174 8 8 37
174 8 11 42
174 8 12 36
174 8 14 42
174 9 0 38
174 9 1 32
174 9 4 36
174 9 7 37
174 9 11 33
174 9 12 38
174 9 13 32
174 9 14 38
175 0 0 60
175 0 1 62
175 0 5 56
175 0 6 51
175 0 7 56
175 0 8 58
175 0 9 61
175 0 11 60
175 1 0 62
175 1 1 64
175 1 2 58
175 1 3 53
175 1 6 58
175 1 8 60
175 1 10 63
175 1 12 62
175 13 1 56
175 13 3 58
175 13 4 52
175 13 6 47
175 13 7 52
175 13 8 54
175 13 9 57
175 13 12 56
176 5 1 26
176 5 2 28
176 5 4 28
176 5 7 23
176 5 8 28
176 5 12 24
176 5 13 27
176 5 14 26
176 9 0 28
176 9 1 30
176 9 4 30
176 9 7 25
176 9 11 30
176 9 12 26
176 9 13 29
176 9 14 28
176 13 1 28
176 13 3 30
176 13 4 30
176 13 6 25
176 13 7 30
176 13 8 26
176 13 9 29
176 13 12 28
177 2 0 22
177 2 1 24
177 2 3 24
177 2 4 19
177 2 7 24
177 2 8 20
177 2 10 23
177 2 14 22
177 7 1 24
177 7 2 26
177 7 8 26
177 7 9 21
177 7 10 26
177 7 11 22
177 7 13 25
177 7 14 24
177 12 4 24
177 12 5 26
177 12 6 26
177 12 7 21
177 12 9 26
177 12 10 22
177 12 11 25
177 12 13 24
177 14 0 20
177 14 1 17
177 14 2 19
177 14 7 20
177 14 8 18
177 14 10 20
177 14 12 17
177 14 14 20
178 1 0 38
178 1 1 40
178 1 2 42
178 1 3 37
178 1 6 40
178 1 8 38
178 1 10 39
178 1 12 46
178 8 0 37
178 8 1 39
178 8 4 41
178 8 7 36
178 8 8 39
178 8 11 37
178 8 12 38
178 8 14 45
178 11 1 37
178 11 5 39
178 11 6 41
178 11 7 36
178 11 9 39
178 11 10 37
178 11 12 38
178 11 14 45
178 12 4 39
178 12 5 33
178 12 6 37
178 12 7 38
178 12 9 34
178 12 10 39
178 12 11 33
178 12 13 39
179 2 0 61
179 2 1 63
179 2 3 57
179 2 4 52
179 2 7 57
179 2 8 59
179 2 10 62
179 2 14 61
179 3 0 54
179 3 2 57
179 3 3 62
179 3 6 66
179 3 7 54
179 3 9 62
179 3 10 65
179 3 13 63
179 5 1 69
179 5 2 71
179 5 4 68
179 5 7 63
179 5 8 71
179 5 12 64
179 5 13 70
179 5 14 72
179 7 1 57
179 7 2 59
179 7 8 69
179 7 9 62
179 7 10 69
179 7 11 69
179 7 13 66
179 7 14 63
179 12 4 69
179 12 5 71
179 12 6 68
179 12 7 63
179 12 9 71
179 12 10 64
179 12 11 70
179 12 13 72
180 3 0 22
180 3 2 24
180 3 3 24
180 3 6 19
180 3 7 24
180 3 9 20
180 3 10 23
180 3 13 22
180 4 0 24
180 4 2 26
180 4 3 26
180 4 6 21
180 4 9 26
180 4 10 22
180 4 11 25
180 4 14 24
180 7 1 24
180 7 2 26
180 7 8 26
180 7 9 21
180 7 10 26
180 7 11 22
180 7 13 25
180 7 14 24
180 11 1 20
180 11 5 17
180 11 6 19
180 11 7 20
180 11 9 18
180 11 10 20
180 11 12 17
180 11 14 20
180 12 4 24
180 12 5 26
180 12 6 26
180 12 7 21
180 12 9 26
180 12 10 22
180 12 11 25
180 12 13 24
181 0 0 15
181 0 1 12
181 0 5 14
181 0 6 15
181 0 7 13
181 0 8 15
181 0 9 12
181 0 11 15
181 1 0 12
181 1 1 9
181 1 2 11
181 1 3 12
181 1 6 10
181 1 8 12
181 1 10 9
181 1 12 12
181 2 0 14
181 2 1 11
181 2 3 13
181 2 4 14
181 2 7 12
181 2 8 14
181 2 10 11
181 2 14 14
181 4 0 15
181 4 2 12
181 4 3 14
181 4 6 15
181 4 9 13
181 4 10 15
181 4 11 12
181 4 14 15
181 8 0 13
181 8 1 10
181 8 4 12
181 8 7 13
181 8 8 11
181 8 11 13
181 8 12 10
181 8 14 13
182 0 0 41
182 0 1 43
182 0 5 45
182 0 6 40
182 0 7 43
182 0 8 41
182 0 9 42
182 0 11 49
182 2 0 43
182 2 1 45
182 2 3 47
182 2 4 42
182 2 7 45
182 2 8 43
182 2 10 44
182 2 14 51
182 7 1 45
182 7 2 47
182 7 8 49
182 7 9 44
182 7 10 47
182 7 11 45
182 7 13 46
182 7 14 53
182 11 1 40
182 11 5 42
182 11 6 44
182 11 7 39
182 11 9 42
182 11 10 40
182 11 12 41
182 11 14 48
183 2 0 93
183 2 1 83
183 2 3 83
183 2 4 78
183 2 7 95
183 2 8 85
183 2 10 94
183 2 14 93
183 3 0 84
183 3 2 72
183 3 3 79
183 3 6 81
183 3 7 74
183 3 9 84
183 3 10 71
183 3 13 83
183 7 1 84
183 7 2 72
183 7 8 79
183 7 9 81
183 7 10 74
183 7 11 84
183 7 13 71
183 7 14 83
183 14 0 79
183 14 1 67
183 14 2 74
183 14 7 76
183 14 8 69
183 14 10 79
183 14 12 66
183 14 14 78
184 2 0 25
184 2 1 27
184 2 3 27
184 2 4 22
184 2 7 27
184 2 8 23
184 2 10 26
184 2 14 25
184 3 0 27
184 3 2 29
184 3 3 29
184 3 6 24
184 3 7 29
184 3 9 25
184 3 10 28
184 3 13 27
184 12 4 27
184 12 5 29
184 12 6 29
184 12 7 24
184 12 9 29
184 12 10 25
184 12 11 28
184 12 13 27
185 1 0 54
185 1 1 57
185 1 2 62
185 1 3 66
185 1 6 54
185 1 8 62
185 1 10 65
185 1 12 63
185 8 0 56
185 8 1 58
185 8 4 68
185 8 7 61
185 8 8 68
185 8 11 68
185 8 12 65
185 8 14 62
185 10 0 59
185 10 2 61
185 10 3 55
185 10 4 50
185 10 6 55
185 10 7 57
185 10 8 60
185 10 10 59
185 13 1 54
185 13 3 56
185 13 4 50
185 13 6 45
185 13 7 50
185 13 8 52
185 13 9 55
185 13 12 54
185 14 0 59
185 14 1 61
185 14 2 55
185 14 7 50
185 14 8 55
185 14 10 57
185 14 12 60
185 14 14 59
186 3 0 42
186 3 2 44
186 3 3 46
186 3 6 41
186 3 7 44
186 3 9 42
186 3 10 43
186 3 13 50
186 4 0 56
186 4 2 58
186 4 3 52
186 4 6 47
186 4 9 52
186 4 10 54
186 4 11 57
186 4 14 56
186 6 1 56
186 6 3 58
186 6 4 52
186 6 7 47
186 6 8 52
186 6 12 54
186 6 13 57
186 6 14 56
186 9 0 55
186 9 1 57
186 9 4 51
186 9 7 46
186 9 11 51
186 9 12 53
186 9 13 56
186 9 14 55
186 10 0 55
186 10 2 57
186 10 3 51
186 10 4 46
186 10 6 51
186 10 7 53
186 10 8 56
186 10 10 55
187 1 0 9
187 1 1 8
187 1 2 9
187 1 3 9
187 1 6 8
187 1 8 9
187 1 10 8
187 1 12 9
187 9 0 12
187 9 1 9
187 9 4 11
187 9 7 12
187 9 11 10
187 9 12 12
187 9 13 9
187 9 14 12
187 10 0 12
187 10 2 9
187 10 3 11
187 10 4 12
187 10 6 10
187 10 7 12
187 10 8 9
187 10 10 12
187 11 1 9
187 11 5 8
187 11 6 9
187 11 7 9
187 11 9 8
187 11 10 9
187 11 12 8
187 11 14 9
187 12 4 12
187 12 5 9
187 12 6 11
187 12 7 12
187 12 9 10
187 12 10 12
187 12 11 9
187 12 13 12
188 3 0 96
188 3 2 91
188 3 3 93
188 3 6 87
188 3 7 93
188 3 9 82
188 3 10 89
188 3 13 97
188 4 0 83
188 4 2 85
188 4 3 87
188 4 6 82
188 4 9 95
188 4 10 93
188 4 11 84
188 4 14 91
188 9 0 85
188 9 1 87
188 9 4 89
188 9 7 84
188 9 11 97
188 9 12 95
188 9 13 86
188 9 14 93
188 13 1 95
188 13 3 85
188 13 4 85
188 13 6 80
188 13 7 97
188 13 8 87
188 13 9 96
188 13 12 95
188 14 0 92
188 14 1 110
188 14 2 110
188 14 7 109
188 14 8 98
188 14 10 108
188 14 12 97
188 14 14 102
189 3 0 95
189 3 2 85
189 3 3 85
189 3 6 80
189 3 7 97
189 3 9 87
189 3 10 96
189 3 13 95
189 8 0 86
189 8 1 74
189 8 4 81
189 8 7 83
189 8 8 76
189 8 11 86
189 8 12 73
189 8 14 85
189 9 0 86
189 9 1 74
189 9 4 81
189 9 7 83
189 9 11 76
189 9 12 86
189 9 13 73
189 9 14 85
189 12 4 81
189 12 5 69
189 12 6 76
189 12 7 78
189 12 9 71
189 12 10 81
189 12 11 68
189 12 13 80
190 0 0 86
190 0 1 74
190 0 5 81
190 0 6 83
190 0 7 76
190 0 8 86
190 0 9 73
190 0 11 85
190 2 0 61
190 2 1 63
190 2 3 73
190 2 4 66
190 2 7 73
190 2 8 73
190 2 10 70
190 2 14 67
190 11 1 81
190 11 5 69
190 11 6 76
190 11 7 78
190 11 9 71
190 11 10 81
190 11 12 68
190 11 14 80
191 0 0 85
191 0 1 87
191 0 5 89
191 0 6 84
191 0 7 97
191 0 8 95
191 0 9 86
191 0 11 93
191 5 1 90
191 5 2 80
191 5 4 80
191 5 7 75
191 5 8 92
191 5 12 82
191 5 13 91
191 5 14 90
191 6 1 90
191 6 3 80
191 6 4 80
191 6 7 75
191 6 8 92
191 6 12 82
191 6 13 91
191 6 14 90
191 12 4 86
191 12 5 74
191 12 6 81
191 12 7 83
191 12 9 76
191 12 10 86
191 12 11 73
191 12 13 85
191 13 1 87
191 13 3 89
191 13 4 91
191 13 6 86
191 13 7 99
191 13 8 97
191 13 9 88
191 13 12 95
192 7 1 41
192 7 2 35
192 7 8 39
192 7 9 40
192 7 10 36
192 7 11 41
192 7 13 35
192 7 14 41
192 8 0 35
192 8 1 29
192 8 4 33
192 8 7 34
192 8 8 30
192 8 11 35
192 8 12 29
192 8 14 35
192 9 0 39
192 9 1 33
192 9 4 37
192 9 7 38
192 9 11 34
192 9 12 39
192 9 13 33
192 9 14 39
192 10 0 40
192 10 2 34
192 10 3 38
192 10 4 39
192 10 6 35
192 10 7 40
192 10 8 34
192 10 10 40
192 14 0 36
192 14 1 30
192 14 2 34
192 14 7 35
192 14 8 31
192 14 10 36
192 14 12 30
192 14 14 36
193 0 0 83
193 0 1 83
193 0 5 74
193 0 6 84
193 0 7 82
193 0 8 84
193 0 9 74
193 0 11 76
193 6 1 62
193 6 3 64
193 6 4 74
193 6 7 67
193 6 8 74
193 6 12 74
193 6 13 71
193 6 14 68
193 7 1 82
193 7 2 70
193 7 8 77
193 7 9 79
193 7 10 72
193 7 11 82
193 7 13 69
193 7 14 81
193 9 0 84
193 9 1 72
193 9 4 79
193 9 7 81
193 9 11 74
193 9 12 84
193 9 13 71
193 9 14 83
193 13 1 69
193 13 3 71
193 13 4 68
193 13 6 63
193 13 7 71
193 13 8 64
193 13 9 70
193 13 12 72
194 0 0 56
194 0 1 58
194 0 5 68
194 0 6 61
194 0 7 68
194 0 8 68
194 0 9 65
194 0 11 62
194 2 0 58
194 2 1 60
194 2 3 70
194 2 4 63
194 2 7 70
194 2 8 70
194 2 10 67
194 2 14 64
194 6 1 81
194 6 3 69
194 6 4 76
194 6 7 78
194 6 8 71
194 6 12 81
194 6 13 68
194 6 14 80
194 8 0 61
194 8 1 63
194 8 4 73
194 8 7 66
194 8 8 73
194 8 11 73
194 8 12 70
194 8 14 67
194 13 1 81
194 13 3 69
194 13 4 76
194 13 6 78
194 13 7 71
194 13 8 81
194 13 9 68
194 13 12 80
195 3 0 41
195 3 2 35
195 3 3 39
195 3 6 40
195 3 7 36
195 3 9 41
195 3 10 35
195 3 13 41
195 4 0 42
195 4 2 41
195 4 3 41
195 4 6 36
195 4 9 44
195 4 10 43
195 4 11 43
195 4 14 42
195 5 1 38
195 5 2 40
195 5 4 42
195 5 7 37
195 5 8 40
195 5 12 38
195 5 13 39
195 5 14 46
195 7 1 40
195 7 2 34
195 7 8 38
195 7 9 39
195 7 10 35
195 7 11 40
195 7 13 34
195 7 14 40
196 7 1 38
196 7 2 40
196 7 8 42
196 7 9 37
196 7 10 40
196 7 11 38
196 7 13 39
196 7 14 46
196 13 1 40
196 13 3 42
196 13 4 44
196 13 6 39
196 13 7 42
196 13 8 40
196 13 9 41
196 13 12 48
196 14 0 42
196 14 1 44
196 14 2 46
196 14 7 41
196 14 8 44
196 14 10 42
196 14 12 43
196 14 14 50
197 0 0 84
197 0 1 86
197 0 5 88
197 0 6 83
197 0 7 96
197 0 8 94
197 0 9 85
197 0 11 92
197 1 0 89
197 1 1 79
197 1 2 79
197 1 3 74
197 1 6 91
197 1 8 81
197 1 10 90
197 1 12 89
197 11 1 89
197 11 5 79
197 11 6 79
197 11 7 74
197 11 9 91
197 11 10 81
197 11 12 90
197 11 14 89
197 13 1 85
197 13 3 73
197 13 4 80
197 13 6 82
197 13 7 75
197 13 8 85
197 13 9 72
197 13 12 84
198 5 1 61
198 5 2 63
198 5 4 57
198 5 7 52
198 5 8 57
198 5 12 59
198 5 13 62
198 5 14 61
198 6 1 54
198 6 3 57
198 6 4 62
198 6 7 66
198 6 8 54
198 6 12 62
198 6 13 65
198 6 14 63
198 14 0 57
198 14 1 59
198 14 2 53
198 14 7 48
198 14 8 53
198 14 10 55
198 14 12 58
198 14 14 57
199 6 1 14
199 6 3 11
199 6 4 13
199 6 7 14
199 6 8 12
199 6 12 14
199 6 13 11
199 6 14 14
199 11 1 9
199 11 5 11
199 11 6 11
199 11 7 9
199 11 9 11
199 11 10 10
199 11 12 10
199 11 14 9
199 12 4 13
199 12 5 10
199 12 6 12
199 12 7 13
199 12 9 11
199 12 10 13
199 12 11 10
199 12 13 13
199 14 0 14
199 14 1 11
199 14 2 13
199 14 7 14
199 14 8 12
199 14 10 14
199 14 12 11
199 14 14 14
200 1 0 82
200 1 1 84
200 1 2 86
200 1 3 81
200 1 6 94
200 1 8 92
200 1 10 83
200 1 12 90
200 6 1 87
200 6 3 77
200 6 4 77
200 6 7 72
200 6 8 89
200 6 12 79
200 6 13 88
200 6 14 87
200 13 1 87
200 13 3 77
200 13 4 77
200 13 6 72
200 13 7 89
200 13 8 79
200 13 9 88
200 13 12 87
201 3 0 58
201 3 2 60
201 3 3 54
201 3 6 49
201 3 7 54
201 3 9 56
201 3 10 59
201 3 13 58
201 4 0 60
201 4 2 62
201 4 3 56
201 4 6 51
201 4 9 56
201 4 10 58
201 4 11 61
201 4 14 60
201 7 1 54
201 7 2 56
201 7 8 50
201 7 9 45
201 7 10 50
201 7 11 52
201 7 13 55
201 7 14 54
201 11 1 42
201 11 5 44
201 11 6 46
201 11 7 41
201 11 9 44
201 11 10 42
201 11 12 43
201 11 14 50
201 13 1 54
201 13 3 56
201 13 4 50
201 13 6 45
201 13 7 50
201 13 8 52
201 13 9 55
201 13 12 54
202 0 0 25
202 0 1 27
202 0 5 27
202 0 6 22
202 0 7 27
202 0 8 23
202 0 9 26
202 0 11 25
202 3 0 27
202 3 2 29
202 3 3 29
202 3 6 24
202 3 7 29
202 3 9 25
202 3 10 28
202 3 13 27
202 6 1 27
202 6 3 29
202 6 4 29
202 6 7 24
202 6 8 29
202 6 12 25
202 6 13 28
202 6 14 27
202 8 0 22
202 8 1 24
202 8 4 24
202 8 7 19
202 8 8 24
202 8 11 20
202 8 12 23
202 8 14 22
202 11 1 27
202 11 5 29
202 11 6 29
202 11 7 24
202 11 9 29
202 11 10 25
202 11 12 28
202 11 14 27
203 0 0 59
203 0 1 61
203 0 5 55
203 0 6 50
203 0 7 55
203 0 8 57
203 0 9 60
203 0 11 59
203 3 0 61
203 3 2 63
203 3 3 57
203 3 6 52
203 3 7 57
203 3 9 59
203 3 10 62
203 3 13 61
203 9 0 62
203 9 1 64
203 9 4 74
203 9 7 67
203 9 11 74
203 9 12 74
203 9 13 71
203 9 14 68
203 12 4 55
203 12 5 57
203 12 6 67
203 12 7 60
203 12 9 67
203 12 10 67
203 12 11 64
203 12 13 61
204 8 0 85
204 8 1 73
204 8 4 80
204 8 7 82
204 8 8 75
204 8 11 85
204 8 12 72
204 8 14 84
204 9 0 60
204 9 1 62
204 9 4 72
204 9 7 65
204 9 11 72
204 9 12 72
204 9 13 69
204 9 14 66
204 12 4 80
204 12 5 68
204 12 6 75
204 12 7 77
204 12 9 70
204 12 10 80
204 12 11 67
204 12 13 79
204 13 1 82
204 13 3 70
204 13 4 77
204 13 6 79
204 13 7 72
204 13 8 82
204 13 9 69
204 13 12 81
205 0 0 37
205 0 1 31
205 0 5 35
205 0 6 36
205 0 7 32
205 0 8 37
205 0 9 31
205 0 11 37
205 1 0 28
205 1 1 30
205 1 2 30
205 1 3 25
205 1 6 30
205 1 8 26
205 1 10 29
205 1 12 28
205 3 0 35
205 3 2 29
205 3 3 33
205 3 6 34
205 3 7 30
205 3 9 35
205 3 10 29
205 3 13 35
206 6 1 90
206 6 3 80
206 6 4 80
206 6 7 75
206 6 8 92
206 6 12 82
206 6 13 91
206 6 14 90
206 9 0 92
206 9 1 82
206 9 4 82
206 9 7 77
206 9 11 94
206 9 12 84
206 9 13 93
206 9 14 92
206 13 1 94
206 13 3 84
206 13 4 84
206 13 6 79
206 13 7 96
206 13 8 86
206 13 9 95
206 13 12 94
207 1 0 42
207 1 1 36
207 1 2 40
207 1 3 41
207 1 6 37
207 1 8 42
207 1 10 36
207 1 12 42
207 6 1 37
207 6 3 39
207 6 4 41
207 6 7 36
207 6 8 39
207 6 12 37
207 6 13 38
207 6 14 45
207 7 1 39
207 7 2 41
207 7 8 43
207 7 9 38
207 7 10 41
207 7 11 39
207 7 13 40
207 7 14 47
207 8 0 41
207 8 1 35
207 8 4 39
207 8 7 40
207 8 8 36
207 8 11 41
207 8 12 35
207 8 14 41
207 9 0 37
207 9 1 39
207 9 4 41
207 9 7 36
207 9 11 39
207 9 12 37
207 9 13 38
207 9 14 45
208 8 0 16
208 8 1 13
208 8 4 15
208 8 7 16
208 8 8 14
208 8 11 16
208 8 12 13
208 8 14 16
208 10 0 13
208 10 2 10
208 10 3 12
208 10 4 13
208 10 6 11
208 10 7 13
208 10 8 10
208 10 10 13
208 14 0 15
208 14 1 12
208 14 2 14
208 14 7 15
208 14 8 13
208 14 10 15
208 14 12 12
208 14 14 15
209 0 0 58
209 0 1 60
209 0 5 54
209 0 6 49
209 0 7 54
209 0 8 56
209 0 9 59
209 0 11 58
209 6 1 60
209 6 3 62
209 6 4 56
209 6 7 51
209 6 8 56
209 6 12 58
209 6 13 61
209 6 14 60
209 7 1 54
209 7 2 56
209 7 8 50
209 7 9 45
209 7 10 50
209 7 11 52
209 7 13 55
209 7 14 54
209 12 4 42
209 12 5 44
209 12 6 46
209 12 7 41
209 12 9 44
209 12 10 42
209 12 11 43
209 12 13 50
209 14 0 54
209 14 1 56
209 14 2 50
209 14 7 45
209 14 8 50
209 14 10 52
209 14 12 55
209 14 14 54
210 2 0 9
210 2 1 8
210 2 3 9
210 2 4 9
210 2 7 8
210 2 8 9
210 2 10 8
210 2 14 9
210 7 1 12
210 7 2 9
210 7 8 11
210 7 9 12
210 7 10 10
210 7 11 12
210 7 13 9
210 7 14 12
210 11 1 12
210 11 5 9
210 11 6 11
210 11 7 12
210 11 9 10
210 11 10 12
210 11 12 9
210 11 14 12
210 12 4 9
210 12 5 8
210 12 6 9
210 12 7 9
210 12 9 8
210 12 10 9
210 12 11 8
210 12 13 9
211 0 0 17
211 0 1 14
211 0 5 16
211 0 6 17
211 0 7 15
211 0 8 17
211 0 9 14
211 0 11 17
211 4 0 14
211 4 2 11
211 4 3 13
211 4 6 14
211 4 9 12
211 4 10 14
211 4 11 11
211 4 14 14
211 7 1 16
211 7 2 13
211 7 8 15
211 7 9 16
211 7 10 14
211 7 11 16
211 7 13 13
211 7 14 16
211 8 0 17
211 8 1 14
211 8 4 16
211 8 7 17
211 8 8 15
211 8 11 17
211 8 12 14
211 8 14 17
211 11 1 15
211 11 5 12
211 11 6 14
211 11 7 15
211 11 9 13
211 11 10 15
211 11 12 12
211 11 14 15
212 3 0 56
212 3 2 58
212 3 3 68
212 3 6 61
212 3 7 68
212 3 9 68
212 3 10 65
212 3 13 62
212 4 0 58
212 4 2 60
212 4 3 70
212 4 6 63
212 4 9 70
212 4 10 70
212 4 11 67
212 4 14 64
212 7 1 61
212 7 2 63
212 7 8 57
212 7 9 52
212 7 10 57
212 7 11 59
212 7 13 62
212 7 14 61
212 9 0 56
212 9 1 58
212 9 4 52
212 9 7 47
212 9 11 52
212 9 12 54
212 9 13 57
212 9 14 56
212 10 0 61
212 10 2 63
212 10 3 57
212 10 4 52
212 10 6 57
212 10 7 59
212 10 8 62
212 10 10 61
213 0 0 41
213 0 1 35
213 0 5 39
213 0 6 40
213 0 7 36
213 0 8 41
213 0 9 35
213 0 11 41
213 8 0 35
213 8 1 29
213 8 4 33
213 8 7 34
213 8 8 30
213 8 11 35
213 8 12 29
213 8 14 35
213 9 0 39
213 9 1 33
213 9 4 37
213 9 7 38
213 9 11 34
213 9 12 39
213 9 13 33
213 9 14 39
214 0 0 93
214 0 1 83
214 0 5 83
214 0 6 78
214 0 7 95
214 0 8 85
214 0 9 94
214 0 11 93
214 6 1 84
214 6 3 72
214 6 4 79
214 6 7 81
214 6 8 74
214 6 12 84
214 6 13 71
214 6 14 83
214 9 0 84
214 9 1 72
214 9 4 79
214 9 7 81
214 9 11 74
214 9 12 84
214 9 13 71
214 9 14 83
214 13 1 79
214 13 3 67
214 13 4 74
214 13 6 76
214 13 7 69
214 13 8 79
214 13 9 66
214 13 12 78
215 3 0 39
215 3 2 41
215 3 3 43
215 3 6 38
215 3 7 41
215 3 9 39
215 3 10 40
215 3 13 47
215 6 1 41
215 6 3 43
215 6 4 45
215 6 7 40
215 6 8 43
215 6 12 41
215 6 13 42
215 6 14 49
215 8 0 43
215 8 1 45
215 8 4 47
215 8 7 42
215 8 8 45
215 8 11 43
215 8 12 44
215 8 14 51
215 10 0 38
215 10 2 40
215 10 3 42
215 10 4 37
215 10 6 40
215 10 7 38
215 10 8 39
215 10 10 46
215 13 1 41
215 13 3 43
215 13 4 45
215 13 6 40
215 13 7 43
215 13 8 41
215 13 9 42
215 13 12 49
216 0 0 38
216 0 1 32
216 0 5 36
216 0 6 37
216 0 7 33
216 0 8 38
216 0 9 32
216 0 11 38
216 4 0 29
216 4 2 31
216 4 3 31
216 4 6 26
216 4 9 31
216 4 10 27
216 4 11 30
216 4 14 29
216 11 1 36
216 11 5 30
216 11 6 34
216 11 7 35
216 11 9 31
216 11 10 36
216 11 12 30
216 11 14 36
216 14 0 37
216 14 1 31
216 14 2 35
216 14 7 36
216 14 8 32
216 14 10 37
216 14 12 31
216 14 14 37
217 3 0 19
217 3 2 21
217 3 3 18
217 3 6 18
217 3 7 21
217 3 9 19
217 3 10 20
217 3 13 22
217 7 1 18
217 7 2 15
217 7 8 17
217 7 9 18
217 7 10 16
217 7 11 18
217 7 13 15
217 7 14 18
217 8 0 20
217 8 1 17
217 8 4 19
217 8 7 20
217 8 8 18
217 8 11 20
217 8 12 17
217 8 14 20
217 14 0 19
217 14 1 21
217 14 2 18
217 14 7 18
217 14 8 21
217 14 10 19
217 14 12 20
217 14 14 22
218 2 0 87
218 2 1 77
218 2 3 77
218 2 4 72
218 2 7 89
218 2 8 79
218 2 10 88
218 2 14 87
218 3 0 63
218 3 2 65
218 3 3 75
218 3 6 68
218 3 7 75
218 3 9 75
218 3 10 72
218 3 13 69
218 4 0 83
218 4 2 71
218 4 3 78
218 4 6 80
218 4 9 73
218 4 10 83
218 4 11 70
218 4 14 82
218 8 0 85
218 8 1 73
218 8 4 80
218 8 7 82
218 8 8 75
218 8 11 85
218 8 12 72
218 8 14 84
219 8 0 94
219 8 1 84
219 8 4 84
219 8 7 79
219 8 8 96
219 8 11 86
219 8 12 95
219 8 14 94
219 9 0 96
219 9 1 91
219 9 4 93
219 9 7 87
219 9 11 93
219 9 12 82
219 9 13 89
219 9 14 97
219 12 4 83
219 12 5 85
219 12 6 87
219 12 7 82
219 12 9 95
219 12 10 93
219 12 11 84
219 12 13 91
220 4 0 88
220 4 2 78
220 4 3 78
220 4 6 73
220 4 9 90
220 4 10 80
220 4 11 89
220 4 14 88
220 11 1 69
220 11 5 71
220 11 6 68
220 11 7 63
220 11 9 71
220 11 10 64
220 11 12 70
220 11 14 72
220 12 4 84
220 12 5 72
220 12 6 79
220 12 7 81
220 12 9 74
220 12 10 84
220 12 11 71
220 12 13 83
221 0 0 84
221 0 1 86
221 0 5 88
221 0 6 83
221 0 7 96
221 0 8 94
221 0 9 85
221 0 11 92
221 3 0 89
221 3 2 79
221 3 3 79
221 3 6 74
221 3 7 91
221 3 9 81
221 3 10 90
221 3 13 89
221 13 1 89
221 13 3 79
221 13 4 79
221 13 6 74
221 13 7 91
221 13 8 81
221 13 9 90
221 13 12 89
222 3 0 54
222 3 2 57
222 3 3 62
222 3 6 66
222 3 7 54
222 3 9 62
222 3 10 65
222 3 13 63
222 4 0 56
222 4 2 58
222 4 3 68
222 4 6 61
222 4 9 68
222 4 10 68
222 4 11 65
222 4 14 62
222 7 1 59
222 7 2 61
222 7 8 55
222 7 9 50
222 7 10 55
222 7 11 57
222 7 13 60
222 7 14 59
222 10 0 54
222 10 2 56
222 10 3 50
222 10 4 45
222 10 6 50
222 10 7 52
222 10 8 55
222 10 10 54
222 11 1 59
222 11 5 61
222 11 6 55
222 11 7 50
222 11 9 55
222 11 10 57
222 11 12 60
222 11 14 59
223 7 1 89
223 7 2 79
223 7 8 79
223 7 9 74
223 7 10 91
223 7 11 81
223 7 13 90
223 7 14 89
223 9 0 91
223 9 1 81
223 9 4 81
223 9 7 76
223 9 11 93
223 9 12 83
223 9 13 92
223 9 14 91
223 10 0 93
223 10 2 83
223 10 3 83
223 10 4 78
223 10 6 95
223 10 7 85
223 10 8 94
223 10 10 93
223 14 0 88
223 14 1 78
223 14 2 78
223 14 7 73
223 14 8 90
223 14 10 80
223 14 12 89
223 14 14 88
224 2 0 41
224 2 1 43
224 2 3 45
224 2 4 40
224 2 7 43
224 2 8 41
224 2 10 42
224 2 14 49
224 7 1 43
224 7 2 45
224 7 8 47
224 7 9 42
224 7 10 45
224 7 11 43
224 7 13 44
224 7 14 51
224 10 0 45
224 10 2 47
224 10 3 49
224 10 4 44
224 10 6 47
224 10 7 45
224 10 8 46
224 10 10 53
225 1 0 60
225 1 1 62
225 1 2 56
225 1 3 51
225 1 6 56
225 1 8 58
225 1 10 61
225 1 12 60
225 4 0 62
225 4 2 64
225 4 3 58
225 4 6 53
225 4 9 58
225 4 10 60
225 4 11 63
225 4 14 62
225 12 4 56
225 12 5 58
225 12 6 52
225 12 7 47
225 12 9 52
225 12 10 54
225 12 11 57
225 12 13 56
226 3 0 61
226 3 2 63
226 3 3 57
226 3 6 52
226 3 7 57
226 3 9 59
226 3 10 62
226 3 13 61
226 4 0 54
226 4 2 57
226 4 3 62
226 4 6 66
226 4 9 54
226 4 10 62
226 4 11 65
226 4 14 63
226 6 1 69
226 6 3 71
226 6 4 68
226 6 7 63
226 6 8 71
226 6 12 64
226 6 13 70
226 6 14 72
226 9 0 57
226 9 1 59
226 9 4 69
226 9 7 62
226 9 11 69
226 9 12 69
226 9 13 66
226 9 14 63
226 10 0 69
226 10 2 71
226 10 3 68
226 10 4 63
226 10 6 71
226 10 7 64
226 10 8 70
226 10 10 72
227 4 0 96
227 4 2 91
227 4 3 93
227 4 6 87
227 4 9 93
227 4 10 82
227 4 11 89
227 4 14 97
227 10 0 83
227 10 2 83
227 10 3 74
227 10 4 84
227 10 6 82
227 10 7 84
227 10 8 74
227 10 10 76
227 11 1 83
227 11 5 83
227 11 6 74
227 11 7 84
227 11 9 82
227 11 10 84
227 11 12 74
227 11 14 76
227 13 1 82
227 13 3 70
227 13 4 77
227 13 6 79
227 13 7 72
227 13 8 82
227 13 9 69
227 13 12 81
228 3 0 87
228 3 2 77
228 3 3 77
228 3 6 72
228 3 7 89
228 3 9 79
228 3 10 88
228 3 13 87
228 9 0 63
228 9 1 65
228 9 4 75
228 9 7 68
228 9 11 75
228 9 12 75
228 9 13 72
228 9 14 69
228 10 0 83
228 10 2 71
228 10 3 78
228 10 4 80
228 10 6 73
228 10 7 83
228 10 8 70
228 10 10 82
229 2 0 38
229 2 1 40
229 2 3 42
229 2 4 37
229 2 7 40
229 2 8 38
229 2 10 39
229 2 14 46
229 3 0 37
229 3 2 39
229 3 3 41
229 3 6 36
229 3 7 39
229 3 9 37
229 3 10 38
229 3 13 45
229 14 0 37
229 14 1 39
229 14 2 41
229 14 7 36
229 14 8 39
229 14 10 37
229 14 12 38
229 14 14 45
230 3 0 91
230 3 2 81
230 3 3 81
230 3 6 76
230 3 7 93
230 3 9 83
230 3 10 92
230 3 13 91
230 8 0 93
230 8 1 83
230 8 4 83
230 8 7 78
230 8 8 95
230 8 11 85
230 8 12 94
230 8 14 93
230 10 0 95
230 10 2 85
230 10 3 85
230 10 4 80
230 10 6 97
230 10 7 87
230 10 8 96
230 10 10 95
231 1 0 88
231 1 1 78
231 1 2 78
231 1 3 73
231 1 6 90
231 1 8 80
231 1 10 89
231 1 12 88
231 2 0 90
231 2 1 80
231 2 3 80
231 2 4 75
231 2 7 92
231 2 8 82
231 2 10 91
231 2 14 90
231 7 1 92
231 7 2 82
231 7 8 82
231 7 9 77
231 7 10 94
231 7 11 84
231 7 13 93
231 7 14 92
231 12 4 87
231 12 5 77
231 12 6 77
231 12 7 72
231 12 9 89
231 12 10 79
231 12 11 88
231 12 13 87
231 13 1 85
231 13 3 87
231 13 4 89
231 13 6 84
231 13 7 97
231 13 8 95
231 13 9 86
231 13 12 93
232 3 0 95
232 3 2 113
232 3 3 113
232 3 6 112
232 3 7 101
232 3 9 111
232 3 10 100
232 3 13 105
232 4 0 97
232 4 2 115
232 4 3 115
232 4 6 114
232 4 9 103
232 4 10 113
232 4 11 102
232 4 14 107
232 5 1 99
232 5 2 110
232 5 4 112
232 5 7 100
232 5 8 109
232 5 12 120
232 5 13 110
232 5 14 121
232 8 0 87
232 8 1 89
232 8 4 91
232 8 7 86
232 8 8 99
232 8 11 97
232 8 12 88
232 8 14 95
232 12 4 99
232 12 5 110
232 12 6 112
232 12 7 100
232 12 9 109
232 12 10 120
232 12 11 110
232 12 13 121
233 0 0 92
233 0 1 82
233 0 5 82
233 0 6 77
233 0 7 94
233 0 8 84
233 0 9 93
233 0 11 92
233 1 0 94
233 1 1 84
233 1 2 84
233 1 3 79
233 1 6 96
233 1 8 86
233 1 10 95
233 1 12 94
233 2 0 96
233 2 1 91
233 2 3 93
233 2 4 87
233 2 7 93
233 2 8 82
233 2 10 89
233 2 14 97
233 4 0 91
233 4 2 81
233 4 3 81
233 4 6 76
233 4 9 93
233 4 10 83
233 4 11 92
233 4 14 91
233 10 0 89
233 10 2 91
233 10 3 93
233 10 4 88
233 10 6 101
233 10 7 99
233 10 8 90
233 10 10 97
234 1 0 96
234 1 1 91
234 1 2 93
234 1 3 87
234 1 6 93
234 1 8 82
234 1 10 89
234 1 12 97
234 4 0 83
234 4 2 83
234 4 3 74
234 4 6 84
234 4 9 82
234 4 10 84
234 4 11 74
234 4 14 76
234 6 1 83
234 6 3 83
234 6 4 74
234 6 7 84
234 6 8 82
234 6 12 84
234 6 13 74
234 6 14 76
234 11 1 82
234 11 5 70
234 11 6 77
234 11 7 79
234 11 9 72
234 11 10 82
234 11 12 69
234 11 14 81
234 14 0 83
234 14 1 85
234 14 2 87
234 14 7 82
234 14 8 95
234 14 10 93
234 14 12 84
234 14 14 91
235 3 0 21
235 3 2 23
235 3 3 23
235 3 6 18
235 3 7 23
235 3 9 19
235 3 10 22
235 3 13 21
235 7 1 23
235 7 2 25
235 7 8 25
235 7 9 20
235 7 10 25
235 7 11 21
235 7 13 24
235 7 14 23
235 8 0 23
235 8 1 25
235 8 4 25
235 8 7 20
235 8 8 25
235 8 11 21
235 8 12 24
235 8 14 23
235 14 0 19
235 14 1 16
235 14 2 18
235 14 7 19
235 14 8 17
235 14 10 19
235 14 12 16
235 14 14 19
236 0 0 85
236 0 1 73
236 0 5 80
236 0 6 82
236 0 7 75
236 0 8 85
236 0 9 72
236 0 11 84
236 2 0 60
236 2 1 62
236 2 3 72
236 2 4 65
236 2 7 72
236 2 8 72
236 2 10 69
236 2 14 66
236 8 0 80
236 8 1 68
236 8 4 75
236 8 7 77
236 8 8 70
236 8 11 80
236 8 12 67
236 8 14 79
237 0 0 95
237 0 1 85
237 0 5 85
237 0 6 80
237 0 7 97
237 0 8 87
237 0 9 96
237 0 11 95
237 4 0 82
237 4 2 84
237 4 3 86
237 4 6 81
237 4 9 94
237 4 10 92
237 4 11 83
237 4 14 90
237 10 0 84
237 10 2 86
237 10 3 88
237 10 4 83
237 10 6 96
237 10 7 94
237 10 8 85
237 10 10 92
237 11 1 94
237 11 5 84
237 11 6 84
237 11 7 79
237 11 9 96
237 11 10 86
237 11 12 95
237 11 14 94
237 13 1 91
237 13 3 109
237 13 4 109
237 13 6 108
237 13 7 97
237 13 8 107
237 13 9 96
237 13 12 101
238 2 0 60
238 2 1 62
238 2 3 56
238 2 4 51
238 2 7 56
238 2 8 58
238 2 10 61
238 2 14 60
238 3 0 62
238 3 2 64
238 3 3 58
238 3 6 53
238 3 7 58
238 3 9 60
238 3 10 63
238 3 13 62
238 11 1 63
238 11 5 65
238 11 6 75
238 11 7 68
238 11 9 75
238 11 10 75
238 11 12 72
238 11 14 69
238 12 4 56
238 12 5 58
238 12 6 68
238 12 7 61
238 12 9 68
238 12 10 68
238 12 11 65
238 12 13 62
238 13 1 63
238 13 3 65
238 13 4 75
238 13 6 68
238 13 7 75
238 13 8 75
238 13 9 72
238 13 12 69
239 2 0 95
239 2 1 113
239 2 3 113
239 2 4 112
239 2 7 101
239 2 8 111
239 2 10 100
239 2 14 105
239 4 0 97
239 4 2 115
239 4 3 115
239 4 6 114
239 4 9 103
239 4 10 113
239 4 11 102
239 4 14 107
239 7 1 99
239 7 2 110
239 7 8 112
239 7 9 100
239 7 10 109
239 7 11 120
239 7 13 110
239 7 14 121
239 10 0 87
239 10 2 89
239 10 3 91
239 10 4 86
239 10 6 99
239 10 7 97
239 10 8 88
239 10 10 95
239 12 4 99
239 12 5 110
239 12 6 112
239 12 7 100
239 12 9 109
239 12 10 120
239 12 11 110
239 12 13 121
240 2 0 13
240 2 1 10
240 2 3 12
240 2 4 13
240 2 7 11
240 2 8 13
240 2 10 10
240 2 14 13
240 10 0 9
240 10 2 8
240 10 3 9
240 10 4 9
240 10 6 8
240 10 7 9
240 10 8 8
240 10 10 9
240 11 1 12
240 11 5 9
240 11 6 11
240 11 7 12
240 11 9 10
240 11 10 12
240 11 12 9
240 11 14 12
241 8 0 39
241 8 1 33
241 8 4 37
241 8 7 38
241 8 8 34
241 8 11 39
241 8 12 33
241 8 14 39
241 10 0 28
241 10 2 30
241 10 3 33
241 10 4 33
241 10 6 33
241 10 7 33
241 10 8 30
241 10 10 27
241 11 1 37
241 11 5 31
241 11 6 35
241 11 7 36
241 11 9 32
241 11 10 37
241 11 12 31
241 11 14 37
242 6 1 17
242 6 3 14
242 6 4 16
242 6 7 17
242 6 8 15
242 6 12 17
242 6 13 14
242 6 14 17
242 9 0 14
242 9 1 11
242 9 4 13
242 9 7 14
242 9 11 12
242 9 12 14
242 9 13 11
242 9 14 14
242 10 0 16
242 10 2 13
242 10 3 15
242 10 4 16
242 10 6 14
242 10 7 16
242 10 8 13
242 10 10 16
243 4 0 26
243 4 2 28
243 4 3 28
243 4 6 23
243 4 9 28
243 4 10 24
243 4 11 27
243 4 14 26
243 6 1 28
243 6 3 30
243 6 4 30
243 6 7 25
243 6 8 30
243 6 12 26
243 6 13 29
243 6 14 28
243 10 0 28
243 10 2 30
243 10 3 30
243 10 4 25
243 10 6 30
243 10 7 26
243 10 8 29
243 10 10 28
244 2 0 91
244 2 1 81
244 2 3 81
244 2 4 76
244 2 7 93
244 2 8 83
244 2 10 92
244 2 14 91
244 5 1 80
244 5 2 68
244 5 4 75
244 5 7 77
244 5 8 70
244 5 12 80
244 5 13 67
244 5 14 79
244 12 4 83
244 12 5 83
244 12 6 74
244 12 7 84
244 12 9 82
244 12 10 84
244 12 11 74
244 12 13 76
245 6 1 95
245 6 3 85
245 6 4 85
245 6 7 80
245 6 8 97
245 6 12 87
245 6 13 96
245 6 14 95
245 7 1 86
245 7 2 74
245 7 8 81
245 7 9 83
245 7 10 76
245 7 11 86
245 7 13 73
245 7 14 85
245 9 0 86
245 9 1 74
245 9 4 81
245 9 7 83
245 9 11 76
245 9 12 86
245 9 13 73
245 9 14 85
245 13 1 81
245 13 3 69
245 13 4 76
245 13 6 78
245 13 7 71
245 13 8 81
245 13 9 68
245 13 12 80
246 1 0 82
246 1 1 84
246 1 2 86
246 1 3 81
246 1 6 94
246 1 8 92
246 1 10 83
246 1 12 90
246 7 1 87
246 7 2 77
246 7 8 77
246 7 9 72
246 7 10 89
246 7 11 79
246 7 13 88
246 7 14 87
246 8 0 87
246 8 1 77
246 8 4 77
246 8 7 72
246 8 8 89
246 8 11 79
246 8 12 88
246 8 14 87
247 2 0 38
247 2 1 40
247 2 3 42
247 2 4 37
247 2 7 40
247 2 8 38
247 2 10 39
247 2 14 46
247 5 1 40
247 5 2 42
247 5 4 44
247 5 7 39
247 5 8 42
247 5 12 40
247 5 13 41
247 5 14 48
247 9 0 42
247 9 1 44
247 9 4 46
247 9 7 41
247 9 11 44
247 9 12 42
247 9 13 43
247 9 14 50
247 10 0 37
247 10 2 39
247 10 3 41
247 10 4 36
247 10 6 39
247 10 7 37
247 10 8 38
247 10 10 45
248 1 0 38
248 1 1 40
248 1 2 42
248 1 3 37
248 1 6 40
248 1 8 38
248 1 10 39
248 1 12 46
248 2 0 39
248 2 1 33
248 2 3 37
248 2 4 38
248 2 7 34
248 2 8 39
248 2 10 33
248 2 14 39
248 4 0 42
248 4 2 41
248 4 3 41
248 4 6 36
248 4 9 44
248 4 10 43
248 4 11 43
248 4 14 42
248 6 1 37
248 6 3 39
248 6 4 41
248 6 7 36
248 6 8 39
248 6 12 37
248 6 13 38
248 6 14 45
248 8 0 40
248 8 1 34
248 8 4 38
248 8 7 39
248 8 8 35
248 8 11 40
248 8 12 34
248 8 14 40
249 5 1 42
249 5 2 44
249 5 4 46
249 5 7 41
249 5 8 44
249 5 12 42
249 5 13 43
249 5 14 50
249 7 1 56
249 7 2 58
249 7 8 52
249 7 9 47
249 7 10 52
249 7 11 54
249 7 13 57
249 7 14 56
249 12 4 56
249 12 5 58
249 12 6 52
249 12 7 47
249 12 9 52
249 12 10 54
249 12 11 57
249 12 13 56
250 0 0 83
250 0 1 85
250 0 5 87
250 0 6 82
250 0 7 95
250 0 8 93
250 0 9 84
250 0 11 91
250 6 1 88
250 6 3 78
250 6 4 78
250 6 7 73
250 6 8 90
250 6 12 80
250 6 13 89
250 6 14 88
250 7 1 88
250 7 2 78
250 7 8 78
250 7 9 73
250 7 10 90
250 7 11 80
250 7 13 89
250 7 14 88
250 11 1 84
250 11 5 72
250 11 6 79
250 11 7 81
250 11 9 74
250 11 10 84
250 11 12 71
250 11 14 83
251 1 0 58
251 1 1 60
251 1 2 54
251 1 3 49
251 1 6 54
251 1 8 56
251 1 10 59
251 1 12 58
251 2 0 60
251 2 1 62
251 2 3 56
251 2 4 51
251 2 7 56
251 2 8 58
251 2 10 61
251 2 14 60
251 13 1 61
251 13 3 63
251 13 4 73
251 13 6 66
251 13 7 73
251 13 8 73
251 13 9 70
251 13 12 67
252 1 0 41
252 1 1 35
252 1 2 39
252 1 3 40
252 1 6 36
252 1 8 41
252 1 10 35
252 1 12 41
252 4 0 35
252 4 2 29
252 4 3 33
252 4 6 34
252 4 9 30
252 4 10 35
252 4 11 29
252 4 14 35
252 13 1 39
252 13 3 33
252 13 4 37
252 13 6 38
252 13 7 34
252 13 8 39
252 13 9 33
252 13 12 39
253 0 0 15
253 0 1 12
253 0 5 14
253 0 6 15
253 0 7 13
253 0 8 15
253 0 9 12
253 0 11 15
253 5 1 12
253 5 2 9
253 5 4 11
253 5 7 12
253 5 8 10
253 5 12 12
253 5 13 9
253 5 14 12
253 7 1 14
253 7 2 11
253 7 8 13
253 7 9 14
253 7 10 12
253 7 11 14
253 7 13 11
253 7 14 14
253 12 4 15
253 12 5 12
253 12 6 14
253 12 7 15
253 12 9 13
253 12 10 15
253 12 11 12
253 12 13 15
254 4 0 39
254 4 2 33
254 4 3 37
254 4 6 38
254 4 9 34
254 4 10 39
254 4 11 33
254 4 14 39
254 5 1 28
254 5 2 30
254 5 4 33
254 5 7 33
254 5 8 33
254 5 12 33
254 5 13 30
254 5 14 27
254 7 1 37
254 7 2 31
254 7 8 35
254 7 9 36
254 7 10 32
254 7 11 37
254 7 13 31
254 7 14 37
254 13 1 38
254 13 3 32
254 13 4 36
254 13 6 37
254 13 7 33
254 13 8 38
254 13 9 32
254 13 12 38
255 6 1 41
255 6 3 43
255 6 4 45
255 6 7 40
255 6 8 43
255 6 12 41
255 6 13 42
255 6 14 49
255 7 1 43
255 7 2 45
255 7 8 47
255 7 9 42
255 7 10 45
255 7 11 43
255 7 13 44
255 7 14 51
255 9 0 45
255 9 1 47
255 9 4 49
255 9 7 44
255 9 11 47
255 9 12 45
255 9 13 46
255 9 14 53
255 12 4 40
255 12 5 42
255 12 6 44
255 12 7 39
255 12 9 42
255 12 10 40
255 12 11 41
255 12 13 48
256 1 0 40
256 1 1 34
256 1 2 38
256 1 3 39
256 1 6 35
256 1 8 40
256 1 10 34
256 1 12 40
256 4 0 42
256 4 2 36
256 4 3 40
256 4 6 41
256 4 9 37
256 4 10 42
256 4 11 36
256 4 14 42
256 10 0 37
256 10 2 39
256 10 3 41
256 10 4 36
256 10 6 39
256 10 7 37
256 10 8 38
256 10 10 45
256 13 1 39
256 13 3 33
256 13 4 37
256 13 6 38
256 13 7 34
256 13 8 39
256 13 9 33
256 13 12 39
257 3 0 18
257 3 2 15
257 3 3 17
257 3 6 18
257 3 7 16
257 3 9 18
257 3 10 15
257 3 13 18
257 7 1 15
257 7 2 12
257 7 8 14
257 7 9 15
257 7 10 13
257 7 11 15
257 7 13 12
257 7 14 15
257 8 0 17
257 8 1 14
257 8 4 16
257 8 7 17
257 8 8 15
257 8 11 17
257 8 12 14
257 8 14 17
257 11 1 18
257 11 5 15
257 11 6 17
257 11 7 18
257 11 9 16
257 11 10 18
257 11 12 15
257 11 14 18
258 6 1 93
258 6 3 83
258 6 4 83
258 6 7 78
258 6 8 95
258 6 12 85
258 6 13 94
258 6 14 93
258 12 4 95
258 12 5 85
258 12 6 85
258 12 7 80
258 12 9 97
258 12 10 87
258 12 11 96
258 12 13 95
258 14 0 82
258 14 1 84
258 14 2 86
258 14 7 81
258 14 8 94
258 14 10 92
258 14 12 83
258 14 14 90
259 5 1 95
259 5 2 85
259 5 4 85
259 5 7 80
259 5 8 97
259 5 12 87
259 5 13 96
259 5 14 95
259 8 0 86
259 8 1 74
259 8 4 81
259 8 7 83
259 8 8 76
259 8 11 86
259 8 12 73
259 8 14 85
259 10 0 86
259 10 2 74
259 10 3 81
259 10 4 83
259 10 6 76
259 10 7 86
259 10 8 73
259 10 10 85
259 13 1 81
259 13 3 69
259 13 4 76
259 13 6 78
259 13 7 71
259 13 8 81
259 13 9 68
259 13 12 80
260 1 0 37
260 1 1 39
260 1 2 41
260 1 3 36
260 1 6 39
260 1 8 37
260 1 10 38
260 1 12 45
260 2 0 39
260 2 1 41
260 2 3 43
260 2 4 38
260 2 7 41
260 2 8 39
260 2 10 40
260 2 14 47
260 4 0 41
260 4 2 43
260 4 3 45
260 4 6 40
260 4 9 43
260 4 10 41
260 4 11 42
260 4 14 49
260 13 1 42
260 13 3 41
260 13 4 41
260 13 6 36
260 13 7 44
260 13 8 43
260 13 9 43
260 13 12 42
260 14 0 39
260 14 1 41
260 14 2 43
260 14 7 38
260 14 8 41
260 14 10 39
260 14 12 40
260 14 14 47
261 3 0 41
261 3 2 35
261 3 3 39
261 3 6 40
261 3 7 36
261 3 9 41
261 3 10 35
261 3 13 41
261 7 1 35
261 7 2 29
261 7 8 33
261 7 9 34
261 7 10 30
261 7 11 35
261 7 13 29
261 7 14 35
261 9 0 39
261 9 1 33
261 9 4 37
261 9 7 38
261 9 11 34
261 9 12 39
261 9 13 33
261 9 14 39
261 10 0 40
261 10 2 34
261 10 3 38
261 10 4 39
261 10 6 35
261 10 7 40
261 10 8 34
261 10 10 40
262 0 0 84
262 0 1 86
262 0 5 88
262 0 6 83
262 0 7 96
262 0 8 94
262 0 9 85
262 0 11 92
262 6 1 89
262 6 3 79
262 6 4 79
262 6 7 74
262 6 8 91
262 6 12 81
262 6 13 90
262 6 14 89
262 11 1 89
262 11 5 79
262 11 6 79
262 11 7 74
262 11 9 91
262 11 10 81
262 11 12 90
262 11 14 89
263 1 0 94
263 1 1 84
263 1 2 84
263 1 3 79
263 1 6 96
263 1 8 86
263 1 10 95
263 1 12 94
263 12 4 96
263 12 5 91
263 12 6 93
263 12 7 87
263 12 9 93
263 12 10 82
263 12 11 89
263 12 13 97
263 13 1 83
263 13 3 85
263 13 4 87
263 13 6 82
263 13 7 95
263 13 8 93
263 13 9 84
263 13 12 91
264 1 0 15
264 1 1 12
264 1 2 14
264 1 3 15
264 1 6 13
264 1 8 15
264 1 10 12
264 1 12 15
264 6 1 12
264 6 3 9
264 6 4 11
264 6 7 12
264 6 8 10
264 6 12 12
264 6 13 9
264 6 14 12
264 11 1 14
264 11 5 11
264 11 6 13
264 11 7 14
264 11 9 12
264 11 10 14
264 11 12 11
264 11 14 14
264 13 1 15
264 13 3 12
264 13 4 14
264 13 6 15
264 13 7 13
264 13 8 15
264 13 9 12
264 13 12 15
265 6 1 26
265 6 3 28
265 6 4 28
265 6 7 23
265 6 8 28
265 6 12 24
265 6 13 27
265 6 14 26
265 7 1 28
265 7 2 30
265 7 8 30
265 7 9 25
265 7 10 30
265 7 11 26
265 7 13 29
265 7 14 28
265 12 4 28
265 12 5 30
265 12 6 30
265 12 7 25
265 12 9 30
265 12 10 26
265 12 11 29
265 12 13 28
266 3 0 38
266 3 2 40
266 3 3 42
266 3 6 37
266 3 7 40
266 3 9 38
266 3 10 39
266 3 13 46
266 8 0 40
266 8 1 42
266 8 4 44
266 8 7 39
266 8 8 42
266 8 11 40
266 8 12 41
266 8 14 48
266 9 0 42
266 9 1 44
266 9 4 46
266 9 7 41
266 9 11 44
266 9 12 42
266 9 13 43
266 9 14 50
267 5 1 37
267 5 2 39
267 5 4 41
267 5 7 36
267 5 8 39
267 5 12 37
267 5 13 38
267 5 14 45
267 7 1 38
267 7 2 32
267 7 8 36
267 7 9 37
267 7 10 33
267 7 11 38
267 7 13 32
267 7 14 38
267 9 0 42
267 9 1 36
267 9 4 40
267 9 7 41
267 9 11 37
267 9 12 42
267 9 13 36
267 9 14 42
267 13 1 42
267 13 3 41
267 13 4 41
267 13 6 36
267 13 7 44
267 13 8 43
267 13 9 43
267 13 12 42
268 0 0 89
268 0 1 79
268 0 5 79
268 0 6 74
268 0 7 91
268 0 8 81
268 0 9 90
268 0 11 89
268 3 0 91
268 3 2 81
268 3 3 81
268 3 6 76
268 3 7 93
268 3 9 83
268 3 10 92
268 3 13 91
268 7 1 93
268 7 2 83
268 7 8 83
268 7 9 78
268 7 10 95
268 7 11 85
268 7 13 94
268 7 14 93
269 0 0 62
269 0 1 64
269 0 5 58
269 0 6 53
269 0 7 58
269 0 8 60
269 0 9 63
269 0 11 62
269 1 0 55
269 1 1 57
269 1 2 67
269 1 3 60
269 1 6 67
269 1 8 67
269 1 10 64
269 1 12 61
269 7 1 78
269 7 2 66
269 7 8 73
269 7 9 75
269 7 10 68
269 7 11 78
269 7 13 65
269 7 14 77
270 0 0 60
270 0 1 62
270 0 5 56
270 0 6 51
270 0 7 56
270 0 8 58
270 0 9 61
270 0 11 60
270 11 1 62
270 11 5 64
270 11 6 58
270 11 7 53
270 11 9 58
270 11 10 60
270 11 12 63
270 11 14 62
270 13 1 63
270 13 3 65
270 13 4 75
270 13 6 68
270 13 7 75
270 13 8 75
270 13 9 72
270 13 12 69
271 3 0 88
271 3 2 78
271 3 3 78
271 3 6 73
271 3 7 90
271 3 9 80
271 3 10 89
271 3 13 88
271 5 1 90
271 5 2 80
271 5 4 80
271 5 7 75
271 5 8 92
271 5 12 82
271 5 13 91
271 5 14 90
271 6 1 92
271 6 3 82
271 6 4 82
271 6 7 77
271 6 8 94
271 6 12 84
271 6 13 93
271 6 14 92
271 11 1 87
271 11 5 77
271 11 6 77
271 11 7 72
271 11 9 89
271 11 10 79
271 11 12 88
271 11 14 87
271 13 1 85
271 13 3 87
271 13 4 89
271 13 6 84
271 13 7 97
271 13 8 95
271 13 9 86
271 13 12 93
272 2 0 9
272 2 1 8
272 2 3 9
272 2 4 9
272 2 7 8
272 2 8 9
272 2 10 8
272 2 14 9
272 8 0 12
272 8 1 9
272 8 4 11
272 8 7 12
272 8 8 10
272 8 11 12
272 8 12 9
272 8 14 12
272 11 1 12
272 11 5 9
272 11 6 11
272 11 7 12
272 11 9 10
272 11 10 12
272 11 12 9
272 11 14 12
272 13 1 9
272 13 3 8
272 13 4 9
272 13 6 9
272 13 7 8
272 13 8 9
272 13 9 8
272 13 12 9
272 14 0 12
272 14 1 9
272 14 2 11
272 14 7 12
272 14 8 10
272 14 10 12
272 14 12 9
272 14 14 12
273 1 0 61
273 1 1 63
273 1 2 57
273 1 3 52
273 1 6 57
273 1 8 59
273 1 10 62
273 1 12 61
273 2 0 54
273 2 1 57
273 2 3 62
273 2 4 66
273 2 7 54
273 2 8 62
273 2 10 65
273 2 14 63
273 12 4 57
273 12 5 59
273 12 6 53
273 12 7 48
273 12 9 53
273 12 10 55
273 12 11 58
273 12 13 57
273 14 0 45
273 14 1 47
273 14 2 49
273 14 7 44
273 14 8 47
273 14 10 45
273 14 12 46
273 14 14 53
274 1 0 94
274 1 1 84
274 1 2 84
274 1 3 79
274 1 6 96
274 1 8 86
274 1 10 95
274 1 12 94
274 6 1 96
274 6 3 91
274 6 4 93
274 6 7 87
274 6 8 93
274 6 12 82
274 6 13 89
274 6 14 97
274 8 0 83
274 8 1 85
274 8 4 87
274 8 7 82
274 8 8 95
274 8 11 93
274 8 12 84
274 8 14 91
275 2 0 54
275 2 1 57
275 2 3 62
275 2 4 66
275 2 7 54
275 2 8 62
275 2 10 65
275 2 14 63
275 4 0 56
275 4 2 58
275 4 3 68
275 4 6 61
275 4 9 68
275 4 10 68
275 4 11 65
275 4 14 62
275 5 1 59
275 5 2 61
275 5 4 55
275 5 7 50
275 5 8 55
275 5 12 57
275 5 13 60
275 5 14 59
275 12 4 54
275 12 5 56
275 12 6 50
275 12 7 45
275 12 9 50
275 12 10 52
275 12 11 55
275 12 13 54
275 14 0 59
275 14 1 61
275 14 2 55
275 14 7 50
275 14 8 55
275 14 10 57
275 14 12 60
275 14 14 59
276 2 0 26
276 2 1 28
276 2 3 28
276 2 4 23
276 2 7 28
276 2 8 24
276 2 10 27
276 2 14 26
276 7 1 28
276 7 2 30
276 7 8 30
276 7 9 25
276 7 10 30
276 7 11 26
276 7 13 29
276 7 14 28
276 9 0 28
276 9 1 30
276 9 4 30
276 9 7 25
276 9 11 30
276 9 12 26
276 9 13 29
276 9 14 28
276 10 0 23
276 10 2 25
276 10 3 25
276 10 4 20
276 10 6 25
276 10 7 21
276 10 8 24
276 10 10 23
277 2 0 40
277 2 1 34
277 2 3 38
277 2 4 39
277 2 7 35
277 2 8 40
277 2 10 34
277 2 14 40
277 3 0 42
277 3 2 36
277 3 3 40
277 3 6 41
277 3 7 37
277 3 9 42
277 3 10 36
277 3 13 42
277 10 0 37
277 10 2 39
277 10 3 41
277 10 4 36
277 10 6 39
277 10 7 37
277 10 8 38
277 10 10 45
277 11 1 39
277 11 5 33
277 11 6 37
277 11 7 38
277 11 9 34
277 11 10 39
277 11 12 33
277 11 14 39
277 12 4 42
277 12 5 36
277 12 6 40
277 12 7 41
277 12 9 37
277 12 10 42
277 12 11 36
277 12 13 42
278 0 0 90
278 0 1 80
278 0 5 80
278 0 6 75
278 0 7 92
278 0 8 82
278 0 9 91
278 0 11 90
278 7 1 79
278 7 2 67
278 7 8 74
278 7 9 76
278 7 10 69
278 7 11 79
278 7 13 66
278 7 14 78
278 8 0 86
278 8 1 74
278 8 4 81
278 8 7 83
278 8 8 76
278 8 11 86
278 8 12 73
278 8 14 85
278 10 0 87
278 10 2 77
278 10 3 77
278 10 4 72
278 10 6 89
278 10 7 79
278 10 8 88
278 10 10 87
278 13 1 81
278 13 3 69
278 13 4 76
278 13 6 78
278 13 7 71
278 13 8 81
278 13 9 68
278 13 12 80
279 2 0 88
279 2 1 78
279 2 3 78
279 2 4 73
279 2 7 90
279 2 8 80
279 2 10 89
279 2 14 88
279 9 0 90
279 9 1 80
279 9 4 80
279 9 7 75
279 9 11 92
279 9 12 82
279 9 13 91
279 9 14 90
279 10 0 92
279 10 2 82
279 10 3 82
279 10 4 77
279 10 6 94
279 10 7 84
279 10 8 93
279 10 10 92
279 13 1 87
279 13 3 77
279 13 4 77
279 13 6 72
279 13 7 89
279 13 8 79
279 13 9 88
279 13 12 87
279 14 0 85
279 14 1 87
279 14 2 89
279 14 7 84
279 14 8 97
279 14 10 95
279 14 12 86
279 14 14 93
280 4 0 42
280 4 2 36
280 4 3 40
280 4 6 41
280 4 9 37
280 4 10 42
280 4 11 36
280 4 14 42
280 5 1 37
280 5 2 39
280 5 4 41
280 5 7 36
280 5 8 39
280 5 12 37
280 5 13 38
280 5 14 45
280 9 0 39
280 9 1 41
280 9 4 43
280 9 7 38
280 9 11 41
280 9 12 39
280 9 13 40
280 9 14 47
281 1 0 55
281 1 1 57
281 1 2 67
281 1 3 60
281 1 6 67
281 1 8 67
281 1 10 64
281 1 12 61
281 7 1 57
281 7 2 59
281 7 8 69
281 7 9 62
281 7 10 69
281 7 11 69
281 7 13 66
281 7 14 63
281 11 1 60
281 11 5 62
281 11 6 56
281 11 7 51
281 11 9 56
281 11 10 58
281 11 12 61
281 11 14 60
282 2 0 60
282 2 1 62
282 2 3 56
282 2 4 51
282 2 7 56
282 2 8 58
282 2 10 61
282 2 14 60
282 3 0 62
282 3 2 64
282 3 3 58
282 3 6 53
282 3 7 58
282 3 9 60
282 3 10 63
282 3 13 62
282 4 0 56
282 4 2 58
282 4 3 52
282 4 6 47
282 4 9 52
282 4 10 54
282 4 11 57
282 4 14 56
282 7 1 44
282 7 2 46
282 7 8 48
282 7 9 43
282 7 10 46
282 7 11 44
282 7 13 45
282 7 14 52
282 14 0 56
282 14 1 58
282 14 2 52
282 14 7 47
282 14 8 52
282 14 10 54
282 14 12 57
282 14 14 56
283 6 1 61
283 6 3 63
283 6 4 57
283 6 7 52
283 6 8 57
283 6 12 59
283 6 13 62
283 6 14 61
283 9 0 54
283 9 1 57
283 9 4 62
283 9 7 66
283 9 11 54
283 9 12 62
283 9 13 65
283 9 14 63
283 10 0 57
283 10 2 59
283 10 3 53
283 10 4 48
283 10 6 53
283 10 7 55
283 10 8 58
283 10 10 57
283 12 4 45
283 12 5 47
283 12 6 49
283 12 7 44
283 12 9 47
283 12 10 45
283 12 11 46
283 12 13 53
283 14 0 57
283 14 1 59
283 14 2 53
283 14 7 48
283 14 8 53
283 14 10 55
283 14 12 58
283 14 14 57
284 3 0 91
284 3 2 81
284 3 3 81
284 3 6 76
284 3 7 93
284 3 9 83
284 3 10 92
284 3 13 91
284 9 0 80
284 9 1 68
284 9 4 75
284 9 7 77
284 9 11 70
284 9 12 80
284 9 13 67
284 9 14 79
284 10 0 83
284 10 2 83
284 10 3 74
284 10 4 84
284 10 6 82
284 10 7 84
284 10 8 74
284 10 10 76
284 12 4 88
284 12 5 78
284 12 6 78
284 12 7 73
284 12 9 90
284 12 10 80
284 12 11 89
284 12 13 88
285 0 0 23
285 0 1 25
285 0 5 25
285 0 6 20
285 0 7 25
285 0 8 21
285 0 9 24
285 0 11 23
285 1 0 25
285 1 1 27
285 1 2 27
285 1 3 22
285 1 6 27
285 1 8 23
285 1 10 26
285 1 12 25
285 13 1 25
285 13 3 27
285 13 4 27
285 13 6 22
285 13 7 27
285 13 8 23
285 13 9 26
285 13 12 25
286 0 0 84
286 0 1 86
286 0 5 88
286 0 6 83
286 0 7 96
286 0 8 94
286 0 9 85
286 0 11 92
286 6 1 89
286 6 3 79
286 6 4 79
286 6 7 74
286 6 8 91
286 6 12 81
286 6 13 90
286 6 14 89
286 13 1 89
286 13 3 79
286 13 4 79
286 13 6 74
286 13 7 91
286 13 8 81
286 13 9 90
286 13 12 89
287 1 0 28
287 1 1 30
287 1 2 30
287 1 3 25
287 1 6 30
287 1 8 26
287 1 10 29
287 1 12 28
287 3 0 28
287 3 2 30
287 3 3 33
287 3 6 33
287 3 7 33
287 3 9 33
287 3 10 30
287 3 13 27
287 6 1 28
287 6 3 30
287 6 4 33
287 6 7 33
287 6 8 33
287 6 12 33
287 6 13 30
287 6 14 27
287 9 0 25
287 9 1 27
287 9 4 27
287 9 7 22
287 9 11 27
287 9 12 23
287 9 13 26
287 9 14 25
288 4 0 61
288 4 2 63
288 4 3 57
288 4 6 52
288 4 9 57
288 4 10 59
288 4 11 62
288 4 14 61
288 7 1 54
288 7 2 57
288 7 8 62
288 7 9 66
288 7 10 54
288 7 11 62
288 7 13 65
288 7 14 63
288 13 1 57
288 13 3 59
288 13 4 53
288 13 6 48
288 13 7 53
288 13 8 55
288 13 9 58
288 13 12 57
289 2 0 55
289 2 1 57
289 2 3 67
289 2 4 60
289 2 7 67
289 2 8 67
289 2 10 64
289 2 14 61
289 7 1 57
289 7 2 59
289 7 8 69
289 7 9 62
289 7 10 69
289 7 11 69
289 7 13 66
289 7 14 63
289 10 0 80
289 10 2 68
289 10 3 75
289 10 4 77
289 10 6 70
289 10 7 80
289 10 8 67
289 10 10 79
289 13 1 60
289 13 3 62
289 13 4 72
289 13 6 65
289 13 7 72
289 13 8 72
289 13 9 69
289 13 12 66
290 0 0 94
290 0 1 84
290 0 5 84
290 0 6 79
290 0 7 96
290 0 8 86
290 0 9 95
290 0 11 94
290 7 1 85
290 7 2 73
290 7 8 80
290 7 9 82
290 7 10 75
290 7 11 85
290 7 13 72
290 7 14 84
290 8 0 85
290 8 1 73
290 8 4 80
290 8 7 82
290 8 8 75
290 8 11 85
290 8 12 72
290 8 14 84
290 14 0 80
290 14 1 68
290 14 2 75
290 14 7 77
290 14 8 70
290 14 10 80
290 14 12 67
290 14 14 79
291 2 0 14
291 2 1 11
291 2 3 13
291 2 4 14
291 2 7 12
291 2 8 14
291 2 10 11
291 2 14 14
291 3 0 9
291 3 2 11
291 3 3 11
291 3 6 9
291 3 7 11
291 3 9 10
291 3 10 10
291 3 13 9
291 4 0 13
291 4 2 10
291 4 3 12
291 4 6 13
291 4 9 11
291 4 10 13
291 4 11 10
291 4 14 13
291 6 1 14
291 6 3 11
291 6 4 13
291 6 7 14
291 6 8 12
291 6 12 14
291 6 13 11
291 6 14 14
291 8 0 12
291 8 1 9
291 8 4 11
291 8 7 12
291 8 8 10
291 8 11 12
291 8 12 9
291 8 14 12
292 1 0 94
292 1 1 84
292 1 2 84
292 1 3 79
292 1 6 96
292 1 8 86
292 1 10 95
292 1 12 94
292 3 0 96
292 3 2 91
292 3 3 93
292 3 6 87
292 3 7 93
292 3 9 82
292 3 10 89
292 3 13 97
292 6 1 83
292 6 3 85
292 6 4 87
292 6 7 82
292 6 8 95
292 6 12 93
292 6 13 84
292 6 14 91
292 13 1 93
292 13 3 83
292 13 4 83
292 13 6 78
292 13 7 95
292 13 8 85
292 13 9 94
292 13 12 93
293 0 0 89
293 0 1 79
293 0 5 79
293 0 6 74
293 0 7 91
293 0 8 81
293 0 9 90
293 0 11 89
293 2 0 91
293 2 1 81
293 2 3 81
293 2 4 76
293 2 7 93
293 2 8 83
293 2 10 92
293 2 14 91
293 4 0 93
293 4 2 83
293 4 3 83
293 4 6 78
293 4 9 95
293 4 10 85
293 4 11 94
293 4 14 93
294 1 0 86
294 1 1 74
294 1 2 81
294 1 3 83
294 1 6 76
294 1 8 86
294 1 10 73
294 1 12 85
294 5 1 61
294 5 2 63
294 5 4 73
294 5 7 66
294 5 8 73
294 5 12 73
294 5 13 70
294 5 14 67
294 6 1 81
294 6 3 69
294 6 4 76
294 6 7 78
294 6 8 71
294 6 12 81
294 6 13 68
294 6 14 80
294 11 1 83
294 11 5 71
294 11 6 78
294 11 7 80
294 11 9 73
294 11 10 83
294 11 12 70
294 11 14 82
294 12 4 63
294 12 5 65
294 12 6 75
294 12 7 68
294 12 9 75
294 12 10 75
294 12 11 72
294 12 13 69
295 1 0 17
295 1 1 14
295 1 2 16
295 1 3 17
295 1 6 15
295 1 8 17
295 1 10 14
295 1 12 17
295 6 1 14
295 6 3 11
295 6 4 13
295 6 7 14
295 6 8 12
295 6 12 14
295 6 13 11
295 6 14 14
295 7 1 16
295 7 2 13
295 7 8 15
295 7 9 16
295 7 10 14
295 7 11 16
295 7 13 13
295 7 14 16
295 8 0 17
295 8 1 14
295 8 4 16
295 8 7 17
295 8 8 15
295 8 11 17
295 8 12 14
295 8 14 17
296 2 0 59
296 2 1 61
296 2 3 55
296 2 4 50
296 2 7 55
296 2 8 57
296 2 10 60
296 2 14 59
296 4 0 61
296 4 2 63
296 4 3 57
296 4 6 52
296 4 9 57
296 4 10 59
296 4 11 62
296 4 14 61
296 10 0 62
296 10 2 64
296 10 3 74
296 10 4 67
296 10 6 74
296 10 7 74
296 10 8 71
296 10 10 68
296 11 1 55
296 11 5 57
296 11 6 67
296 11 7 60
296 11 9 67
296 11 10 67
296 11 12 64
296 11 14 61
296 13 1 62
296 13 3 64
296 13 4 74
296 13 6 67
296 13 7 74
296 13 8 74
296 13 9 71
296 13 12 68
297 4 0 92
297 4 2 82
297 4 3 82
297 4 6 77
297 4 9 94
297 4 10 84
297 4 11 93
297 4 14 92
297 5 1 81
297 5 2 69
297 5 4 76
297 5 7 78
297 5 8 71
297 5 12 81
297 5 13 68
297 5 14 80
297 9 0 87
297 9 1 77
297 9 4 77
297 9 7 72
297 9 11 89
297 9 12 79
297 9 13 88
297 9 14 87
297 10 0 89
297 10 2 79
297 10 3 79
297 10 4 74
297 10 6 91
297 10 7 81
297 10 8 90
297 10 10 89
298 7 1 19
298 7 2 21
298 7 8 18
298 7 9 18
298 7 10 21
298 7 11 19
298 7 13 20
298 7 14 22
298 9 0 18
298 9 1 15
298 9 4 17
298 9 7 18
298 9 11 16
298 9 12 18
298 9 13 15
298 9 14 18
298 11 1 20
298 11 5 17
298 11 6 19
298 11 7 20
298 11 9 18
298 11 10 20
298 11 12 17
298 11 14 20
298 13 1 19
298 13 3 21
298 13 4 18
298 13 6 18
298 13 7 21
298 13 8 19
298 13 9 20
298 13 12 22
298 14 0 19
298 14 1 16
298 14 2 18
298 14 7 19
298 14 8 17
298 14 10 19
298 14 12 16
298 14 14 19
299 2 0 18
299 2 1 15
299 2 3 17
299 2 4 18
299 2 7 16
299 2 8 18
299 2 10 15
299 2 14 18
299 3 0 15
299 3 2 12
299 3 3 14
299 3 6 15
299 3 7 13
299 3 9 15
299 3 10 12
299 3 13 15
299 7 1 17
299 7 2 14
299 7 8 16
299 7 9 17
299 7 10 15
299 7 11 17
299 7 13 14
299 7 14 17
299 13 1 18
299 13 3 15
299 13 4 17
299 13 6 18
299 13 7 16
299 13 8 18
299 13 9 15
299 13 12 18
299 14 0 16
299 14 1 13
299 14 2 15
299 14 7 16
299 14 8 14
299 14 10 16
299 14 12 13
299 14 14 16
300 0 0 56
300 0 1 58
300 0 5 68
300 0 6 61
300 0 7 68
300 0 8 68
300 0 9 65
300 0 11 62
300 3 0 58
300 3 2 60
300 3 3 70
300 3 6 63
300 3 7 70
300 3 9 70
300 3 10 67
300 3 13 64
300 8 0 61
300 8 1 63
300 8 4 57
300 8 7 52
300 8 8 57
300 8 11 59
300 8 12 62
300 8 14 61
301 2 0 55
301 2 1 57
301 2 3 67
301 2 4 60
301 2 7 67
301 2 8 67
301 2 10 64
301 2 14 61
301 13 1 57
301 13 3 59
301 13 4 69
301 13 6 62
301 13 7 69
301 13 8 69
301 13 9 66
301 13 12 63
301 14 0 60
301 14 1 62
301 14 2 56
301 14 7 51
301 14 8 56
301 14 10 58
301 14 12 61
301 14 14 60
302 4 0 42
302 4 2 41
302 4 3 41
302 4 6 36
302 4 9 44
302 4 10 43
302 4 11 43
302 4 14 42
302 5 1 38
302 5 2 40
302 5 4 42
302 5 7 37
302 5 8 40
302 5 12 38
302 5 13 39
302 5 14 46
302 7 1 40
302 7 2 42
302 7 8 44
302 7 9 39
302 7 10 42
302 7 11 40
302 7 13 41
302 7 14 48
302 11 1 42
302 11 5 36
302 11 6 40
302 11 7 41
302 11 9 37
302 11 10 42
302 11 12 36
302 11 14 42
302 12 4 38
302 12 5 40
302 12 6 42
302 12 7 37
302 12 9 40
302 12 10 38
302 12 11 39
302 12 13 46
303 4 0 16
303 4 2 13
303 4 3 15
303 4 6 16
303 4 9 14
303 4 10 16
303 4 11 13
303 4 14 16
303 6 1 13
303 6 3 10
303 6 4 12
303 6 7 13
303 6 8 11
303 6 12 13
303 6 13 10
303 6 14 13
303 8 0 15
303 8 1 12
303 8 4 14
303 8 7 15
303 8 8 13
303 8 11 15
303 8 12 12
303 8 14 15
303 12 4 16
303 12 5 13
303 12 6 15
303 12 7 16
303 12 9 14
303 12 10 16
303 12 11 13
303 12 13 16
303 13 1 14
303 13 3 11
303 13 4 13
303 13 6 14
303 13 7 12
303 13 8 14
303 13 9 11
303 13 12 14
304 6 1 54
304 6 3 57
304 6 4 62
304 6 7 66
304 6 8 54
304 6 12 62
304 6 13 65
304 6 14 63
304 8 0 56
304 8 1 58
304 8 4 68
304 8 7 61
304 8 8 68
304 8 11 68
304 8 12 65
304 8 14 62
304 9 0 59
304 9 1 61
304 9 4 55
304 9 7 50
304 9 11 55
304 9 12 57
304 9 13 60
304 9 14 59
305 1 0 41
305 1 1 43
305 1 2 45
305 1 3 40
305 1 6 43
305 1 8 41
305 1 10 42
305 1 12 49
305 4 0 43
305 4 2 45
305 4 3 47
305 4 6 42
305 4 9 45
305 4 10 43
305 4 11 44
305 4 14 51
305 8 0 45
305 8 1 47
305 8 4 49
305 8 7 44
305 8 8 47
305 8 11 45
305 8 12 46
305 8 14 53
306 0 0 20
306 0 1 17
306 0 5 19
306 0 6 20
306 0 7 18
306 0 8 20
306 0 9 17
306 0 11 20
306 3 0 17
306 3 2 14
306 3 3 16
306 3 6 17
306 3 7 15
306 3 9 17
306 3 10 14
306 3 13 17
306 4 0 19
306 4 2 16
306 4 3 18
306 4 6 19
306 4 9 17
306 4 10 19
306 4 11 16
306 4 14 19
306 7 1 20
306 7 2 17
306 7 8 19
306 7 9 20
306 7 10 18
306 7 11 20
306 7 13 17
306 7 14 20
306 13 1 18
306 13 3 15
306 13 4 17
306 13 6 18
306 13 7 16
306 13 8 18
306 13 9 15
306 13 12 18
307 0 0 29
307 0 1 31
307 0 5 31
307 0 6 26
307 0 7 31
307 0 8 27
307 0 9 30
307 0 11 29
307 1 0 34
307 1 1 28
307 1 2 32
307 1 3 33
307 1 6 29
307 1 8 34
307 1 10 28
307 1 12 34
307 6 1 34
307 6 3 28
307 6 4 32
307 6 7 33
307 6 8 29
307 6 12 34
307 6 13 28
307 6 14 34
307 14 0 26
307 14 1 28
307 14 2 28
307 14 7 23
307 14 8 28
307 14 10 24
307 14 12 27
307 14 14 26
308 0 0 18
308 0 1 15
308 0 5 17
308 0 6 18
308 0 7 16
308 0 8 18
308 0 9 15
308 0 11 18
308 4 0 15
308 4 2 12
308 4 3 14
308 4 6 15
308 4 9 13
308 4 10 15
308 4 11 12
308 4 14 15
308 8 0 17
308 8 1 14
308 8 4 16
308 8 7 17
308 8 8 15
308 8 11 17
308 8 12 14
308 8 14 17
308 9 0 18
308 9 1 15
308 9 4 17
308 9 7 18
308 9 11 16
308 9 12 18
308 9 13 15
308 9 14 18
308 13 1 16
308 13 3 13
308 13 4 15
308 13 6 16
308 13 7 14
308 13 8 16
308 13 9 13
308 13 12 16
309 2 0 38
309 2 1 40
309 2 3 42
309 2 4 37
309 2 7 40
309 2 8 38
309 2 10 39
309 2 14 46
309 4 0 39
309 4 2 33
309 4 3 37
309 4 6 38
309 4 9 34
309 4 10 39
309 4 11 33
309 4 14 39
309 6 1 42
309 6 3 41
309 6 4 41
309 6 7 36
309 6 8 44
309 6 12 43
309 6 13 43
309 6 14 42
309 14 0 37
309 14 1 39
309 14 2 41
309 14 7 36
309 14 8 39
309 14 10 37
309 14 12 38
309 14 14 45
310 0 0 56
310 0 1 58
310 0 5 68
310 0 6 61
310 0 7 68
310 0 8 68
310 0 9 65
310 0 11 62
310 1 0 58
310 1 1 60
310 1 2 70
310 1 3 63
310 1 6 70
310 1 8 70
310 1 10 67
310 1 12 64
310 5 1 81
310 5 2 69
310 5 4 76
310 5 7 78
310 5 8 71
310 5 12 81
310 5 13 68
310 5 14 80
310 7 1 61
310 7 2 63
310 7 8 73
310 7 9 66
310 7 10 73
310 7 11 73
310 7 13 70
310 7 14 67
310 14 0 81
310 14 1 69
310 14 2 76
310 14 7 78
310 14 8 71
310 14 10 81
310 14 12 68
310 14 14 80
311 4 0 13
311 4 2 10
311 4 3 12
311 4 6 13
311 4 9 11
311 4 10 13
311 4 11 10
311 4 14 13
311 8 0 9
311 8 1 8
311 8 4 9
311 8 7 9
311 8 8 8
311 8 11 9
311 8 12 8
311 8 14 9
311 14 0 12
311 14 1 9
311 14 2 11
311 14 7 12
311 14 8 10
311 14 10 12
311 14 12 9
311 14 14 12
312 0 0 26
312 0 1 28
312 0 5 28
312 0 6 23
312 0 7 28
312 0 8 24
312 0 9 27
312 0 11 26
312 7 1 28
312 7 2 30
312 7 8 30
312 7 9 25
312 7 10 30
312 7 11 26
312 7 13 29
312 7 14 28
312 11 1 28
312 11 5 30
312 11 6 30
312 11 7 25
312 11 9 30
312 11 10 26
312 11 12 29
312 11 14 28
312 13 1 23
312 13 3 25
312 13 4 25
312 13 6 20
312 13 7 25
312 13 8 21
312 13 9 24
312 13 12 23
313 6 1 41
313 6 3 35
313 6 4 39
313 6 7 40
313 6 8 36
313 6 12 41
313 6 13 35
313 6 14 41
313 7 1 42
313 7 2 41
313 7 8 41
313 7 9 36
313 7 10 44
313 7 11 43
313 7 13 43
313 7 14 42
313 8 0 38
313 8 1 40
313 8 4 42
313 8 7 37
313 8 8 40
313 8 11 38
313 8 12 39
313 8 14 46
313 10 0 40
313 10 2 34
313 10 3 38
313 10 4 39
313 10 6 35
313 10 7 40
313 10 8 34
313 10 10 40
313 13 1 42
313 13 3 41
313 13 4 41
313 13 6 36
313 13 7 44
313 13 8 43
313 13 9 43
313 13 12 42
314 5 1 57
314 5 2 59
314 5 4 69
314 5 7 62
314 5 8 69
314 5 12 69
314 5 13 66
314 5 14 63
314 9 0 59
314 9 1 61
314 9 4 71
314 9 7 64
314 9 11 71
314 9 12 71
314 9 13 68
314 9 14 65
314 11 1 82
314 11 5 70
314 11 6 77
314 11 7 79
314 11 9 72
314 11 10 82
314 11 12 69
314 11 14 81
315 1 0 23
315 1 1 25
315 1 2 25
315 1 3 20
315 1 6 25
315 1 8 21
315 1 10 24
315 1 12 23
315 4 0 25
315 4 2 27
315 4 3 27
315 4 6 22
315 4 9 27
315 4 10 23
315 4 11 26
315 4 14 25
315 7 1 25
315 7 2 27
315 7 8 27
315 7 9 22
315 7 10 27
315 7 11 23
315 7 13 26
315 7 14 25
315 8 0 19
315 8 1 21
315 8 4 18
315 8 7 18
315 8 8 21
315 8 11 19
315 8 12 20
315 8 14 22
315 10 0 25
315 10 2 27
315 10 3 27
315 10 4 22
315 10 6 27
315 10 7 23
315 10 8 26
315 10 10 25
316 7 1 87
316 7 2 77
316 7 8 77
316 7 9 72
316 7 10 89
316 7 11 79
316 7 13 88
316 7 14 87
316 9 0 63
316 9 1 65
316 9 4 75
316 9 7 68
316 9 11 75
316 9 12 75
316 9 13 72
316 9 14 69
316 11 1 83
316 11 5 71
316 11 6 78
316 11 7 80
316 11 9 73
316 11 10 83
316 11 12 70
316 11 14 82
317 2 0 40
317 2 1 42
317 2 3 44
317 2 4 39
317 2 7 42
317 2 8 40
317 2 10 41
317 2 14 48
317 3 0 42
317 3 2 44
317 3 3 46
317 3 6 41
317 3 7 44
317 3 9 42
317 3 10 43
317 3 13 50
317 7 1 44
317 7 2 46
317 7 8 48
317 7 9 43
317 7 10 46
317 7 11 44
317 7 13 45
317 7 14 52
317 14 0 39
317 14 1 41
317 14 2 43
317 14 7 38
317 14 8 41
317 14 10 39
317 14 12 40
317 14 14 47
318 5 1 38
318 5 2 32
318 5 4 36
318 5 7 37
318 5 8 33
318 5 12 38
318 5 13 32
318 5 14 38
318 7 1 29
318 7 2 31
318 7 8 31
318 7 9 26
318 7 10 31
318 7 11 27
318 7 13 30
318 7 14 29
318 8 0 36
318 8 1 30
318 8 4 34
318 8 7 35
318 8 8 31
318 8 11 36
318 8 12 30
318 8 14 36
318 9 0 37
318 9 1 31
318 9 4 35
318 9 7 36
318 9 11 32
318 9 12 37
318 9 13 31
318 9 14 37
319 7 1 92
319 7 2 82
319 7 8 82
319 7 9 77
319 7 10 94
319 7 11 84
319 7 13 93
319 7 14 92
319 9 0 94
319 9 1 84
319 9 4 84
319 9 7 79
319 9 11 96
319 9 12 86
319 9 13 95
319 9 14 94
319 13 1 96
319 13 3 91
319 13 4 93
319 13 6 87
319 13 7 93
319 13 8 82
319 13 9 89
319 13 12 97
320 0 0 41
320 0 1 35
320 0 5 39
320 0 6 40
320 0 7 36
320 0 8 41
320 0 9 35
320 0 11 41
320 1 0 35
320 1 1 29
320 1 2 33
320 1 3 34
320 1 6 30
320 1 8 35
320 1 10 29
320 1 12 35
320 3 0 39
320 3 2 33
320 3 3 37
320 3 6 38
320 3 7 34
320 3 9 39
320 3 10 33
320 3 13 39
321 0 0 41
321 0 1 35
321 0 5 39
321 0 6 40
321 0 7 36
321 0 8 41
321 0 9 35
321 0 11 41
321 3 0 42
321 3 2 41
321 3 3 41
321 3 6 36
321 3 7 44
321 3 9 43
321 3 10 43
321 3 13 42
321 9 0 38
321 9 1 40
321 9 4 42
321 9 7 37
321 9 11 40
321 9 12 38
321 9 13 39
321 9 14 46
322 4 0 54
322 4 2 57
322 4 3 62
322 4 6 66
322 4 9 54
322 4 10 62
322 4 11 65
322 4 14 63
322 11 1 56
322 11 5 58
322 11 6 68
322 11 7 61
322 11 9 68
322 11 10 68
322 11 12 65
322 11 14 62
322 12 4 79
322 12 5 67
322 12 6 74
322 12 7 76
322 12 9 69
322 12 10 79
322 12 11 66
322 12 13 78
322 13 1 59
322 13 3 61
322 13 4 71
322 13 6 64
322 13 7 71
322 13 8 71
322 13 9 68
322 13 12 65
322 14 0 79
322 14 1 67
322 14 2 74
322 14 7 76
322 14 8 69
322 14 10 79
322 14 12 66
322 14 14 78
323 2 0 57
323 2 1 59
323 2 3 53
323 2 4 48
323 2 7 53
323 2 8 55
323 2 10 58
323 2 14 57
323 9 0 59
323 9 1 61
323 9 4 55
323 9 7 50
323 9 11 55
323 9 12 57
323 9 13 60
323 9 14 59
323 12 4 46
323 12 5 53
323 12 6 53
323 12 7 52
323 12 9 52
323 12 10 51
323 12 11 51
323 12 13 45
324 0 0 91
324 0 1 81
324 0 5 81
324 0 6 76
324 0 7 93
324 0 8 83
324 0 9 92
324 0 11 91
324 7 1 80
324 7 2 68
324 7 8 75
324 7 9 77
324 7 10 70
324 7 11 80
324 7 13 67
324 7 14 79
324 8 0 83
324 8 1 83
324 8 4 74
324 8 7 84
324 8 8 82
324 8 11 84
324 8 12 74
324 8 14 76
324 9 0 88
324 9 1 78
324 9 4 78
324 9 7 73
324 9 11 90
324 9 12 80
324 9 13 89
324 9 14 88
325 1 0 60
325 1 1 62
325 1 2 56
325 1 3 51
325 1 6 56
325 1 8 58
325 1 10 61
325 1 12 60
325 2 0 62
325 2 1 64
325 2 3 58
325 2 4 53
325 2 7 58
325 2 8 60
325 2 10 63
325 2 14 62
325 8 0 56
325 8 1 58
325 8 4 52
325 8 7 47
325 8 8 52
325 8 11 54
325 8 12 57
325 8 14 56
325 9 0 44
325 9 1 46
325 9 4 48
325 9 7 43
325 9 11 46
325 9 12 44
325 9 13 45
325 9 14 52
325 14 0 56
325 14 1 58
325 14 2 52
325 14 7 47
325 14 8 52
325 14 10 54
325 14 12 57
325 14 14 56
326 3 0 23
326 3 2 25
326 3 3 25
326 3 6 20
326 3 7 25
326 3 9 21
326 3 10 24
326 3 13 23
326 13 1 25
326 13 3 27
326 13 4 27
326 13 6 22
326 13 7 27
326 13 8 23
326 13 9 26
326 13 12 25
326 14 0 25
326 14 1 27
326 14 2 27
326 14 7 22
326 14 8 27
326 14 10 23
326 14 12 26
326 14 14 25
327 4 0 56
327 4 2 58
327 4 3 68
327 4 6 61
327 4 9 68
327 4 10 68
327 4 11 65
327 4 14 62
327 6 1 58
327 6 3 60
327 6 4 70
327 6 7 63
327 6 8 70
327 6 12 70
327 6 13 67
327 6 14 64
327 8 0 81
327 8 1 69
327 8 4 76
327 8 7 78
327 8 8 71
327 8 11 81
327 8 12 68
327 8 14 80
327 11 1 61
327 11 5 63
327 11 6 73
327 11 7 66
327 11 9 73
327 11 10 73
327 11 12 70
327 11 14 67
327 14 0 81
327 14 1 69
327 14 2 76
327 14 7 78
327 14 8 71
327 14 10 81
327 14 12 68
327 14 14 80
328 4 0 42
328 4 2 44
328 4 3 46
328 4 6 41
328 4 9 44
328 4 10 42
328 4 11 43
328 4 14 50
328 6 1 56
328 6 3 58
328 6 4 52
328 6 7 47
328 6 8 52
328 6 12 54
328 6 13 57
328 6 14 56
328 7 1 56
328 7 2 58
328 7 8 52
328 7 9 47
328 7 10 52
328 7 11 54
328 7 13 57
328 7 14 56
328 9 0 55
328 9 1 57
328 9 4 51
328 9 7 46
328 9 11 51
328 9 12 53
328 9 13 56
328 9 14 55
328 12 4 55
328 12 5 57
328 12 6 51
328 12 7 46
328 12 9 51
328 12 10 53
328 12 11 56
328 12 13 55
329 0 0 95
329 0 1 85
329 0 5 85
329 0 6 80
329 0 7 97
329 0 8 87
329 0 9 96
329 0 11 95
329 1 0 86
329 1 1 74
329 1 2 81
329 1 3 83
329 1 6 76
329 1 8 86
329 1 10 73
329 1 12 85
329 6 1 86
329 6 3 74
329 6 4 81
329 6 7 83
329 6 8 76
329 6 12 86
329 6 13 73
329 6 14 85
330 3 0 25
330 3 2 27
330 3 3 27
330 3 6 22
330 3 7 27
330 3 9 23
330 3 10 26
330 3 13 25
330 12 4 27
330 12 5 29
330 12 6 29
330 12 7 24
330 12 9 29
330 12 10 25
330 12 11 28
330 12 13 27
330 14 0 27
330 14 1 29
330 14 2 29
330 14 7 24
330 14 8 29
330 14 10 25
330 14 12 28
330 14 14 27
331 0 0 59
331 0 1 61
331 0 5 55
331 0 6 50
331 0 7 55
331 0 8 57
331 0 9 60
331 0 11 59
331 10 0 61
331 10 2 63
331 10 3 57
331 10 4 52
331 10 6 57
331 10 7 59
331 10 8 62
331 10 10 61
331 13 1 62
331 13 3 64
331 13 4 74
331 13 6 67
331 13 7 74
331 13 8 74
331 13 9 71
331 13 12 68
332 3 0 54
332 3 2 57
332 3 3 62
332 3 6 66
332 3 7 54
332 3 9 62
332 3 10 65
332 3 13 63
332 11 1 56
332 11 5 58
332 11 6 68
332 11 7 61
332 11 9 68
332 11 10 68
332 11 12 65
332 11 14 62
332 13 1 79
332 13 3 67
332 13 4 74
332 13 6 76
332 13 7 69
332 13 8 79
332 13 9 66
332 13 12 78
333 1 0 90
333 1 1 80
333 1 2 80
333 1 3 75
333 1 6 92
333 1 8 82
333 1 10 91
333 1 12 90
333 5 1 79
333 5 2 67
333 5 4 74
333 5 7 76
333 5 8 69
333 5 12 79
333 5 13 66
333 5 14 78
333 11 1 86
333 11 5 74
333 11 6 81
333 11 7 83
333 11 9 76
333 11 10 86
333 11 12 73
333 11 14 85
333 12 4 87
333 12 5 77
333 12 6 77
333 12 7 72
333 12 9 89
333 12 10 79
333 12 11 88
333 12 13 87
334 3 0 62
334 3 2 64
334 3 3 58
334 3 6 53
334 3 7 58
334 3 9 60
334 3 10 63
334 3 13 62
334 5 1 55
334 5 2 57
334 5 4 67
334 5 7 60
334 5 8 67
334 5 12 67
334 5 13 64
334 5 14 61
334 7 1 78
334 7 2 66
334 7 8 73
334 7 9 75
334 7 10 68
334 7 11 78
334 7 13 65
334 7 14 77
334 11 1 58
334 11 5 60
334 11 6 70
334 11 7 63
334 11 9 70
334 11 10 70
334 11 12 67
334 11 14 64
334 13 1 78
334 13 3 66
334 13 4 73
334 13 6 75
334 13 7 68
334 13 8 78
334 13 9 65
334 13 12 77
335 0 0 59
335 0 1 61
335 0 5 55
335 0 6 50
335 0 7 55
335 0 8 57
335 0 9 60
335 0 11 59
335 2 0 61
335 2 1 63
335 2 3 57
335 2 4 52
335 2 7 57
335 2 8 59
335 2 10 62
335 2 14 61
335 4 0 55
335 4 2 57
335 4 3 51
335 4 6 46
335 4 9 51
335 4 10 53
335 4 11 56
335 4 14 55
336 0 0 22
336 0 1 24
336 0 5 24
336 0 6 19
336 0 7 24
336 0 8 20
336 0 9 23
336 0 11 22
336 2 0 24
336 2 1 26
336 2 3 26
336 2 4 21
336 2 7 26
336 2 8 22
336 2 10 25
336 2 14 24
336 5 1 24
336 5 2 26
336 5 4 26
336 5 7 21
336 5 8 26
336 5 12 22
336 5 13 25
336 5 14 24
336 8 0 20
336 8 1 17
336 8 4 19
336 8 7 20
336 8 8 18
336 8 11 20
336 8 12 17
336 8 14 20
336 13 1 24
336 13 3 26
336 13 4 26
336 13 6 21
336 13 7 26
336 13 8 22
336 13 9 25
336 13 12 24
337 3 0 62
337 3 2 64
337 3 3 58
337 3 6 53
337 3 7 58
337 3 9 60
337 3 10 63
337 3 13 62
337 8 0 55
337 8 1 57
337 8 4 67
337 8 7 60
337 8 8 67
337 8 11 67
337 8 12 64
337 8 14 61
337 11 1 78
337 11 5 66
337 11 6 73
337 11 7 75
337 11 9 68
337 11 10 78
337 11 12 65
337 11 14 77
337 12 4 58
337 12 5 60
337 12 6 70
337 12 7 63
337 12 9 70
337 12 10 70
337 12 11 67
337 12 13 64
337 14 0 78
337 14 1 66
337 14 2 73
337 14 7 75
337 14 8 68
337 14 10 78
337 14 12 65
337 14 14 77
338 6 1 17
338 6 3 14
338 6 4 16
338 6 7 17
338 6 8 15
338 6 12 17
338 6 13 14
338 6 14 17
338 8 0 14
338 8 1 11
338 8 4 13
338 8 7 14
338 8 8 12
338 8 11 14
338 8 12 11
338 8 14 14
338 11 1 16
338 11 5 13
338 11 6 15
338 11 7 16
338 11 9 14
338 11 10 16
338 11 12 13
338 11 14 16
338 14 0 17
338 14 1 14
338 14 2 16
338 14 7 17
338 14 8 15
338 14 10 17
338 14 12 14
338 14 14 17
339 7 1 24
339 7 2 26
339 7 8 26
339 7 9 21
339 7 10 26
339 7 11 22
339 7 13 25
339 7 14 24
339 8 0 26
339 8 1 28
339 8 4 28
339 8 7 23
339 8 8 28
339 8 11 24
339 8 12 27
339 8 14 26
339 10 0 26
339 10 2 28
339 10 3 28
339 10 4 23
339 10 6 28
339 10 7 24
339 10 8 27
339 10 10 26
339 13 1 21
339 13 3 23
339 13 4 23
339 13 6 18
339 13 7 23
339 13 8 19
339 13 9 22
339 13 12 21
339 14 0 26
339 14 1 28
339 14 2 28
339 14 7 23
339 14 8 28
339 14 10 24
339 14 12 27
339 14 14 26
340 2 0 57
340 2 1 59
340 2 3 53
340 2 4 48
340 2 7 53
340 2 8 55
340 2 10 58
340 2 14 57
340 5 1 59
340 5 2 61
340 5 4 55
340 5 7 50
340 5 8 55
340 5 12 57
340 5 13 60
340 5 14 59
340 6 1 46
340 6 3 53
340 6 4 53
340 6 7 52
340 6 8 52
340 6 12 51
340 6 13 51
340 6 14 45
341 0 0 40
341 0 1 34
341 0 5 38
341 0 6 39
341 0 7 35
341 0 8 40
341 0 9 34
341 0 11 40
341 3 0 42
341 3 2 36
341 3 3 40
341 3 6 41
341 3 7 37
341 3 9 42
341 3 10 36
341 3 13 42
341 6 1 37
341 6 3 39
341 6 4 41
341 6 7 36
341 6 8 39
341 6 12 37
341 6 13 38
341 6 14 45
341 8 0 39
341 8 1 33
341 8 4 37
341 8 7 38
341 8 8 34
341 8 11 39
341 8 12 33
341 8 14 39
341 12 4 42
341 12 5 36
341 12 6 40
341 12 7 41
341 12 9 37
341 12 10 42
341 12 11 36
341 12 13 42
342 3 0 41
342 3 2 43
342 3 3 45
342 3 6 40
342 3 7 43
342 3 9 41
342 3 10 42
342 3 13 49
342 5 1 43
342 5 2 45
342 5 4 47
342 5 7 42
342 5 8 45
342 5 12 43
342 5 13 44
342 5 14 51
342 8 0 45
342 8 1 47
342 8 4 49
342 8 7 44
342 8 8 47
342 8 11 45
342 8 12 46
342 8 14 53
343 3 0 83
343 3 2 85
343 3 3 87
343 3 6 82
343 3 7 95
343 3 9 93
343 3 10 84
343 3 13 91
343 4 0 88
343 4 2 78
343 4 3 78
343 4 6 73
343 4 9 90
343 4 10 80
343 4 11 89
343 4 14 88
343 6 1 88
343 6 3 78
343 6 4 78
343 6 7 73
343 6 8 90
343 6 12 80
343 6 13 89
343 6 14 88
343 14 0 84
343 14 1 72
343 14 2 79
343 14 7 81
343 14 8 74
343 14 10 84
343 14 12 71
343 14 14 83
344 5 1 90
344 5 2 80
344 5 4 80
344 5 7 75
344 5 8 92
344 5 12 82
344 5 13 91
344 5 14 90
344 9 0 92
344 9 1 82
344 9 4 82
344 9 7 77
344 9 11 94
344 9 12 84
344 9 13 93
344 9 14 92
344 10 0 94
344 10 2 84
344 10 3 84
344 10 4 79
344 10 6 96
344 10 7 86
344 10 8 95
344 10 10 94
345 1 0 54
345 1 1 57
345 1 2 62
345 1 3 66
345 1 6 54
345 1 8 62
345 1 10 65
345 1 12 63
345 5 1 56
345 5 2 58
345 5 4 68
345 5 7 61
345 5 8 68
345 5 12 68
345 5 13 65
345 5 14 62
345 14 0 59
345 14 1 61
345 14 2 55
345 14 7 50
345 14 8 55
345 14 10 57
345 14 12 60
345 14 14 59
346 1 0 91
346 1 1 81
346 1 2 81
346 1 3 76
346 1 6 93
346 1 8 83
346 1 10 92
346 1 12 91
346 2 0 80
346 2 1 68
346 2 3 75
346 2 4 77
346 2 7 70
346 2 8 80
346 2 10 67
346 2 14 79
346 4 0 83
346 4 2 83
346 4 3 74
346 4 6 84
346 4 9 82
346 4 10 84
346 4 11 74
346 4 14 76
346 8 0 88
346 8 1 78
346 8 4 78
346 8 7 73
346 8 8 90
346 8 11 80
346 8 12 89
346 8 14 88
346 9 0 82
346 9 1 70
346 9 4 77
346 9 7 79
346 9 11 72
346 9 12 82
346 9 13 69
346 9 14 81
347 0 0 41
347 0 1 35
347 0 5 39
347 0 6 40
347 0 7 36
347 0 8 41
347 0 9 35
347 0 11 41
347 6 1 35
347 6 3 29
347 6 4 33
347 6 7 34
347 6 8 30
347 6 12 35
347 6 13 29
347 6 14 35
347 14 0 39
347 14 1 33
347 14 2 37
347 14 7 38
347 14 8 34
347 14 10 39
347 14 12 33
347 14 14 39
348 1 0 15
348 1 1 12
348 1 2 14
348 1 3 15
348 1 6 13
348 1 8 15
348 1 10 12
348 1 12 15
348 2 0 12
348 2 1 9
348 2 3 11
348 2 4 12
348 2 7 10
348 2 8 12
348 2 10 9
348 2 14 12
348 4 0 14
348 4 2 11
348 4 3 13
348 4 6 14
348 4 9 12
348 4 10 14
348 4 11 11
348 4 14 14
348 6 1 15
348 6 3 12
348 6 4 14
348 6 7 15
348 6 8 13
348 6 12 15
348 6 13 12
348 6 14 15
348 8 0 13
348 8 1 10
348 8 4 12
348 8 7 13
348 8 8 11
348 8 11 13
348 8 12 10
348 8 14 13
349 1 0 86
349 1 1 74
349 1 2 81
349 1 3 83
349 1 6 76
349 1 8 86
349 1 10 73
349 1 12 85
349 2 0 61
349 2 1 63
349 2 3 73
349 2 4 66
349 2 7 73
349 2 8 73
349 2 10 70
349 2 14 67
349 3 0 81
349 3 2 69
349 3 3 76
349 3 6 78
349 3 7 71
349 3 9 81
349 3 10 68
349 3 13 80
349 7 1 83
349 7 2 71
349 7 8 78
349 7 9 80
349 7 10 73
349 7 11 83
349 7 13 70
349 7 14 82
349 8 0 63
349 8 1 65
349 8 4 75
349 8 7 68
349 8 8 75
349 8 11 75
349 8 12 72
349 8 14 69
350 1 0 23
350 1 1 25
350 1 2 25
350 1 3 20
350 1 6 25
350 1 8 21
350 1 10 24
350 1 12 23
350 4 0 25
350 4 2 27
350 4 3 27
350 4 6 22
350 4 9 27
350 4 10 23
350 4 11 26
350 4 14 25
350 11 1 25
350 11 5 27
350 11 6 27
350 11 7 22
350 11 9 27
350 11 10 23
350 11 12 26
350 11 14 25
351 4 0 95
351 4 2 113
351 4 3 113
351 4 6 112
351 4 9 101
351 4 10 111
351 4 11 100
351 4 14 105
351 8 0 97
351 8 1 115
351 8 4 115
351 8 7 114
351 8 8 103
351 8 11 113
351 8 12 102
351 8 14 107
351 10 0 99
351 10 2 110
351 10 3 112
351 10 4 100
351 10 6 109
351 10 7 120
351 10 8 110
351 10 10 121
351 13 1 87
351 13 3 89
351 13 4 91
351 13 6 86
351 13 7 99
351 13 8 97
351 13 9 88
351 13 12 95
352 4 0 91
352 4 2 81
352 4 3 81
352 4 6 76
352 4 9 93
352 4 10 83
352 4 11 92
352 4 14 91
352 6 1 80
352 6 3 68
352 6 4 75
352 6 7 77
352 6 8 70
352 6 12 80
352 6 13 67
352 6 14 79
352 12 4 83
352 12 5 83
352 12 6 74
352 12 7 84
352 12 9 82
352 12 10 84
352 12 11 74
352 12 13 76
353 1 0 24
353 1 1 26
353 1 2 26
353 1 3 21
353 1 6 26
353 1 8 22
353 1 10 25
353 1 12 24
353 4 0 26
353 4 2 28
353 4 3 28
353 4 6 23
353 4 9 28
353 4 10 24
353 4 11 27
353 4 14 26
353 6 1 26
353 6 3 28
353 6 4 28
353 6 7 23
353 6 8 28
353 6 12 24
353 6 13 27
353 6 14 26
353 13 1 21
353 13 3 23
353 13 4 23
353 13 6 18
353 13 7 23
353 13 8 19
353 13 9 22
353 13 12 21
353 14 0 26
353 14 1 28
353 14 2 28
353 14 7 23
353 14 8 28
353 14 10 24
353 14 12 27
353 14 14 26
354 1 0 60
354 1 1 62
354 1 2 56
354 1 3 51
354 1 6 56
354 1 8 58
354 1 10 61
354 1 12 60
354 6 1 62
354 6 3 64
354 6 4 58
354 6 7 53
354 6 8 58
354 6 12 60
354 6 13 63
354 6 14 62
354 9 0 56
354 9 1 58
354 9 4 52
354 9 7 47
354 9 11 52
354 9 12 54
354 9 13 57
354 9 14 56
355 2 0 15
355 2 1 12
355 2 3 14
355 2 4 15
355 2 7 13
355 2 8 15
355 2 10 12
355 2 14 15
355 7 1 12
355 7 2 9
355 7 8 11
355 7 9 12
355 7 10 10
355 7 11 12
355 7 13 9
355 7 14 12
355 8 0 14
355 8 1 11
355 8 4 13
355 8 7 14
355 8 8 12
355 8 11 14
355 8 12 11
355 8 14 14
356 1 0 24
356 1 1 26
356 1 2 26
356 1 3 21
356 1 6 26
356 1 8 22
356 1 10 25
356 1 12 24
356 3 0 26
356 3 2 28
356 3 3 28
356 3 6 23
356 3 7 28
356 3 9 24
356 3 10 27
356 3 13 26
356 4 0 26
356 4 2 28
356 4 3 28
356 4 6 23
356 4 9 28
356 4 10 24
356 4 11 27
356 4 14 26
356 9 0 21
356 9 1 23
356 9 4 23
356 9 7 18
356 9 11 23
356 9 12 19
356 9 13 22
356 9 14 21
356 12 4 26
356 12 5 28
356 12 6 28
356 12 7 23
356 12 9 28
356 12 10 24
356 12 11 27
356 12 13 26
357 3 0 29
357 3 2 31
357 3 3 31
357 3 6 26
357 3 7 31
357 3 9 27
357 3 10 30
357 3 13 29
357 5 1 34
357 5 2 28
357 5 4 32
357 5 7 33
357 5 8 29
357 5 12 34
357 5 13 28
357 5 14 34
357 9 0 34
357 9 1 28
357 9 4 32
357 9 7 33
357 9 11 29
357 9 12 34
357 9 13 28
357 9 14 34
357 13 1 26
357 13 3 28
357 13 4 28
357 13 6 23
357 13 7 28
357 13 8 24
357 13 9 27
357 13 12 26
358 3 0 24
358 3 2 26
358 3 3 26
358 3 6 21
358 3 7 26
358 3 9 22
358 3 10 25
358 3 13 24
358 5 1 26
358 5 2 28
358 5 4 28
358 5 7 23
358 5 8 28
358 5 12 24
358 5 13 27
358 5 14 26
358 7 1 26
358 7 2 28
358 7 8 28
358 7 9 23
358 7 10 28
358 7 11 24
358 7 13 27
358 7 14 26
358 9 0 21
358 9 1 23
358 9 4 23
358 9 7 18
358 9 11 23
358 9 12 19
358 9 13 22
358 9 14 21
358 11 1 26
358 11 5 28
358 11 6 28
358 11 7 23
358 11 9 28
358 11 10 24
358 11 12 27
358 11 14 26
359 0 0 19
359 0 1 21
359 0 5 18
359 0 6 18
359 0 7 21
359 0 8 19
359 0 9 20
359 0 11 22
359 3 0 18
359 3 2 15
359 3 3 17
359 3 6 18
359 3 7 16
359 3 9 18
359 3 10 15
359 3 13 18
359 9 0 20
359 9 1 17
359 9 4 19
359 9 7 20
359 9 11 18
359 9 12 20
359 9 13 17
359 9 14 20
359 10 0 19
359 10 2 21
359 10 3 18
359 10 4 18
359 10 6 21
359 10 7 19
359 10 8 20
359 10 10 22
359 12 4 19
359 12 5 16
359 12 6 18
359 12 7 19
359 12 9 17
359 12 10 19
359 12 11 16
359 12 13 19
360 1 0 55
360 1 1 57
360 1 2 67
360 1 3 60
360 1 6 67
360 1 8 67
360 1 10 64
360 1 12 61
360 2 0 57
360 2 1 59
360 2 3 69
360 2 4 62
360 2 7 69
360 2 8 69
360 2 10 66
360 2 14 63
360 8 0 80
360 8 1 68
360 8 4 75
360 8 7 77
360 8 8 70
360 8 11 80
360 8 12 67
360 8 14 79
360 12 4 60
360 12 5 62
360 12 6 72
360 12 7 65
360 12 9 72
360 12 10 72
360 12 11 69
360 12 13 66
361 5 1 85
361 5 2 87
361 5 4 89
361 5 7 84
361 5 8 97
361 5 12 95
361 5 13 86
361 5 14 93
361 8 0 90
361 8 1 80
361 8 4 80
361 8 7 75
361 8 8 92
361 8 11 82
361 8 12 91
361 8 14 90
361 10 0 90
361 10 2 80
361 10 3 80
361 10 4 75
361 10 6 92
361 10 7 82
361 10 8 91
361 10 10 90
361 11 1 86
361 11 5 74
361 11 6 81
361 11 7 83
361 11 9 76
361 11 10 86
361 11 12 73
361 11 14 85
361 12 4 87
361 12 5 89
361 12 6 91
361 12 7 86
361 12 9 99
361 12 10 97
361 12 11 88
361 12 13 95
362 8 0 54
362 8 1 57
362 8 4 62
362 8 7 66
362 8 8 54
362 8 11 62
362 8 12 65
362 8 14 63
362 12 4 56
362 12 5 58
362 12 6 68
362 12 7 61
362 12 9 68
362 12 10 68
362 12 11 65
362 12 13 62
362 14 0 59
362 14 1 61
362 14 2 55
362 14 7 50
362 14 8 55
362 14 10 57
362 14 12 60
362 14 14 59
363 2 0 38
363 2 1 32
363 2 3 36
363 2 4 37
363 2 7 33
363 2 8 38
363 2 10 32
363 2 14 38
363 5 1 29
363 5 2 31
363 5 4 31
363 5 7 26
363 5 8 31
363 5 12 27
363 5 13 30
363 5 14 29
363 7 1 36
363 7 2 30
363 7 8 34
363 7 9 35
363 7 10 31
363 7 11 36
363 7 13 30
363 7 14 36
363 9 0 37
363 9 1 31
363 9 4 35
363 9 7 36
363 9 11 32
363 9 12 37
363 9 13 31
363 9 14 37
363 10 0 28
363 10 2 30
363 10 3 33
363 10 4 33
363 10 6 33
363 10 7 33
363 10 8 30
363 10 10 27
364 2 0 18
364 2 1 15
364 2 3 17
364 2 4 18
364 2 7 16
364 2 8 18
364 2 10 15
364 2 14 18
364 5 1 15
364 5 2 12
364 5 4 14
364 5 7 15
364 5 8 13
364 5 12 15
364 5 13 12
364 5 14 15
364 6 1 17
364 6 3 14
364 6 4 16
364 6 7 17
364 6 8 15
364 6 12 17
364 6 13 14
364 6 14 17
364 11 1 18
364 11 5 15
364 11 6 17
364 11 7 18
364 11 9 16
364 11 10 18
364 11 12 15
364 11 14 18
365 1 0 86
365 1 1 88
365 1 2 90
365 1 3 85
365 1 6 98
365 1 8 96
365 1 10 87
365 1 12 94
365 2 0 91
365 2 1 81
365 2 3 81
365 2 4 76
365 2 7 93
365 2 8 83
365 2 10 92
365 2 14 91
365 7 1 91
365 7 2 81
365 7 8 81
365 7 9 76
365 7 10 93
365 7 11 83
365 7 13 92
365 7 14 91
366 6 1 29
366 6 3 31
366 6 4 31
366 6 7 26
366 6 8 31
366 6 12 27
366 6 13 30
366 6 14 29
366 7 1 34
366 7 2 28
366 7 8 32
366 7 9 33
366 7 10 29
366 7 11 34
366 7 13 28
366 7 14 34
366 8 0 34
366 8 1 28
366 8 4 32
366 8 7 33
366 8 8 29
366 8 11 34
366 8 12 28
366 8 14 34
366 10 0 26
366 10 2 28
366 10 3 28
366 10 4 23
366 10 6 28
366 10 7 24
366 10 8 27
366 10 10 26
366 12 4 34
366 12 5 28
366 12 6 32
366 12 7 33
366 12 9 29
366 12 10 34
366 12 11 28
366 12 13 34
367 0 0 86
367 0 1 74
367 0 5 81
367 0 6 83
367 0 7 76
367 0 8 86
367 0 9 73
367 0 11 85
367 3 0 61
367 3 2 63
367 3 3 73
367 3 6 66
367 3 7 73
367 3 9 73
367 3 10 70
367 3 13 67
367 9 0 81
367 9 1 69
367 9 4 76
367 9 7 78
367 9 11 71
367 9 12 81
367 9 13 68
367 9 14 80
367 14 0 83
367 14 1 71
367 14 2 78
367 14 7 80
367 14 8 73
367 14 10 83
367 14 12 70
367 14 14 82
368 1 0 57
368 1 1 59
368 1 2 53
368 1 3 48
368 1 6 53
368 1 8 55
368 1 10 58
368 1 12 57
368 3 0 59
368 3 2 61
368 3 3 55
368 3 6 50
368 3 7 55
368 3 9 57
368 3 10 60
368 3 13 59
368 5 1 46
368 5 2 53
368 5 4 53
368 5 7 52
368 5 8 52
368 5 12 51
368 5 13 51
368 5 14 45
368 8 0 41
368 8 1 43
368 8 4 45
368 8 7 40
368 8 8 43
368 8 11 41
368 8 12 42
368 8 14 49
369 10 0 63
369 10 2 65
369 10 3 75
369 10 4 68
369 10 6 75
369 10 7 75
369 10 8 72
369 10 10 69
369 11 1 78
369 11 5 66
369 11 6 73
369 11 7 75
369 11 9 68
369 11 10 78
369 11 12 65
369 11 14 77
369 12 4 62
369 12 5 64
369 12 6 74
369 12 7 67
369 12 9 74
369 12 10 74
369 12 11 71
369 12 13 68
370 0 0 60
370 0 1 62
370 0 5 56
370 0 6 51
370 0 7 56
370 0 8 58
370 0 9 61
370 0 11 60
370 3 0 62
370 3 2 64
370 3 3 58
370 3 6 53
370 3 7 58
370 3 9 60
370 3 10 63
370 3 13 62
370 7 1 63
370 7 2 65
370 7 8 75
370 7 9 68
370 7 10 75
370 7 11 75
370 7 13 72
370 7 14 69
370 10 0 56
370 10 2 58
370 10 3 68
370 10 4 61
370 10 6 68
370 10 7 68
370 10 8 65
370 10 10 62
371 0 0 60
371 0 1 62
371 0 5 56
371 0 6 51
371 0 7 56
371 0 8 58
371 0 9 61
371 0 11 60
371 2 0 62
371 2 1 64
371 2 3 58
371 2 4 53
371 2 7 58
371 2 8 60
371 2 10 63
371 2 14 62
371 3 0 56
371 3 2 58
371 3 3 52
371 3 6 47
371 3 7 52
371 3 9 54
371 3 10 57
371 3 13 56
371 10 0 44
371 10 2 46
371 10 3 48
371 10 4 43
371 10 6 46
371 10 7 44
371 10 8 45
371 10 10 52
372 6 1 13
372 6 3 10
372 6 4 12
372 6 7 13
372 6 8 11
372 6 12 13
372 6 13 10
372 6 14 13
372 8 0 9
372 8 1 8
372 8 4 9
372 8 7 9
372 8 8 8
372 8 11 9
372 8 12 8
372 8 14 9
372 10 0 12
372 10 2 9
372 10 3 11
372 10 4 12
372 10 6 10
372 10 7 12
372 10 8 9
372 10 10 12
372 12 4 13
372 12 5 10
372 12 6 12
372 12 7 13
372 12 9 11
372 12 10 13
372 12 11 10
372 12 13 13
372 13 1 9
372 13 3 11
372 13 4 11
372 13 6 9
372 13 7 11
372 13 8 10
372 13 9 10
372 13 12 9
373 6 1 88
373 6 3 78
373 6 4 78
373 6 7 73
373 6 8 90
373 6 12 80
373 6 13 89
373 6 14 88
373 7 1 69
373 7 2 71
373 7 8 68
373 7 9 63
373 7 10 71
373 7 11 64
373 7 13 70
373 7 14 72
373 9 0 84
373 9 1 72
373 9 4 79
373 9 7 81
373 9 11 74
373 9 12 84
373 9 13 71
373 9 14 83
373 10 0 86
373 10 2 74
373 10 3 81
373 10 4 83
373 10 6 76
373 10 7 86
373 10 8 73
373 10 10 85
374 1 0 37
374 1 1 39
374 1 2 41
374 1 3 36
374 1 6 39
374 1 8 37
374 1 10 38
374 1 12 45
374 5 1 38
374 5 2 32
374 5 4 36
374 5 7 37
374 5 8 33
374 5 12 38
374 5 13 32
374 5 14 38
374 8 0 42
374 8 1 36
374 8 4 40
374 8 7 41
374 8 8 37
374 8 11 42
374 8 12 36
374 8 14 42
374 11 1 42
374 11 5 41
374 11 6 41
374 11 7 36
374 11 9 44
374 11 10 43
374 11 12 43
374 11 14 42
375 3 0 22
375 3 2 24
375 3 3 24
375 3 6 19
375 3 7 24
375 3 9 20
375 3 10 23
375 3 13 22
375 9 0 24
375 9 1 26
375 9 4 26
375 9 7 21
375 9 11 26
375 9 12 22
375 9 13 25
375 9 14 24
375 11 1 24
375 11 5 26
375 11 6 26
375 11 7 21
375 11 9 26
375 11 10 22
375 11 12 25
375 11 14 24
376 5 1 19
376 5 2 16
376 5 4 18
376 5 7 19
376 5 8 17
376 5 12 19
376 5 13 16
376 5 14 19
376 7 1 16
376 7 2 13
376 7 8 15
376 7 9 16
376 7 10 14
376 7 11 16
376 7 13 13
376 7 14 16
376 11 1 18
376 11 5 15
376 11 6 17
376 11 7 18
376 11 9 16
376 11 10 18
376 11 12 15
376 11 14 18
377 3 0 17
377 3 2 14
377 3 3 16
377 3 6 17
377 3 7 15
377 3 9 17
377 3 10 14
377 3 13 17
377 5 1 14
377 5 2 11
377 5 4 13
377 5 7 14
377 5 8 12
377 5 12 14
377 5 13 11
377 5 14 14
377 6 1 16
377 6 3 13
377 6 4 15
377 6 7 16
377 6 8 14
377 6 12 16
377 6 13 13
377 6 14 16
378 10 0 56
378 10 2 58
378 10 3 68
378 10 4 61
378 10 6 68
378 10 7 68
378 10 8 65
378 10 10 62
378 11 1 58
378 11 5 60
378 11 6 70
378 11 7 63
378 11 9 70
378 11 10 70
378 11 12 67
378 11 14 64
378 13 1 61
378 13 3 63
378 13 4 57
378 13 6 52
378 13 7 57
378 13 8 59
378 13 9 62
378 13 12 61
379 3 0 60
379 3 2 62
379 3 3 56
379 3 6 51
379 3 7 56
379 3 9 58
379 3 10 61
379 3 13 60
379 11 1 62
379 11 5 64
379 11 6 58
379 11 7 53
379 11 9 58
379 11 10 60
379 11 12 63
379 11 14 62
379 14 0 56
379 14 1 58
379 14 2 52
379 14 7 47
379 14 8 52
379 14 10 54
379 14 12 57
379 14 14 56
380 0 0 17
380 0 1 14
380 0 5 16
380 0 6 17
380 0 7 15
380 0 8 17
380 0 9 14
380 0 11 17
380 5 1 14
380 5 2 11
380 5 4 13
380 5 7 14
380 5 8 12
380 5 12 14
380 5 13 11
380 5 14 14
380 7 1 16
380 7 2 13
380 7 8 15
380 7 9 16
380 7 10 14
380 7 11 16
380 7 13 13
380 7 14 16
380 11 1 17
380 11 5 14
380 11 6 16
380 11 7 17
380 11 9 15
380 11 10 17
380 11 12 14
380 11 14 17
381 1 0 27
381 1 1 29
381 1 2 29
381 1 3 24
381 1 6 29
381 1 8 25
381 1 10 28
381 1 12 27
381 2 0 29
381 2 1 31
381 2 3 31
381 2 4 26
381 2 7 31
381 2 8 27
381 2 10 30
381 2 14 29
381 8 0 29
381 8 1 31
381 8 4 31
381 8 7 26
381 8 8 31
381 8 11 27
381 8 12 30
381 8 14 29
381 9 0 24
381 9 1 26
381 9 4 26
381 9 7 21
381 9 11 26
381 9 12 22
381 9 13 25
381 9 14 24
381 14 0 29
381 14 1 31
381 14 2 31
381 14 7 26
381 14 8 31
381 14 10 27
381 14 12 30
381 14 14 29
382 4 0 57
382 4 2 59
382 4 3 53
382 4 6 48
382 4 9 53
382 4 10 55
382 4 11 58
382 4 14 57
382 5 1 60
382 5 2 62
382 5 4 56
382 5 7 51
382 5 8 56
382 5 12 58
382 5 13 61
382 5 14 60
382 7 1 56
382 7 2 58
382 7 8 68
382 7 9 61
382 7 10 68
382 7 11 68
382 7 13 65
382 7 14 62
382 9 0 60
382 9 1 62
382 9 4 72
382 9 7 65
382 9 11 72
382 9 12 72
382 9 13 69
382 9 14 66
383 0 0 87
383 0 1 89
383 0 5 91
383 0 6 86
383 0 7 99
383 0 8 97
383 0 9 88
383 0 11 95
383 4 0 82
383 4 2 84
383 4 3 86
383 4 6 81
383 4 9 94
383 4 10 92
383 4 11 83
383 4 14 90
383 13 1 84
383 13 3 86
383 13 4 88
383 13 6 83
383 13 7 96
383 13 8 94
383 13 9 85
383 13 12 92
384 0 0 39
384 0 1 33
384 0 5 37
384 0 6 38
384 0 7 34
384 0 8 39
384 0 9 33
384 0 11 39
384 5 1 28
384 5 2 30
384 5 4 33
384 5 7 33
384 5 8 33
384 5 12 33
384 5 13 30
384 5 14 27
384 8 0 37
384 8 1 31
384 8 4 35
384 8 7 36
384 8 8 32
384 8 11 37
384 8 12 31
384 8 14 37
384 14 0 38
384 14 1 32
384 14 2 36
384 14 7 37
384 14 8 33
384 14 10 38
384 14 12 32
384 14 14 38
385 5 1 59
385 5 2 61
385 5 4 55
385 5 7 50
385 5 8 55
385 5 12 57
385 5 13 60
385 5 14 59
385 10 0 61
385 10 2 63
385 10 3 57
385 10 4 52
385 10 6 57
385 10 7 59
385 10 8 62
385 10 10 61
385 11 1 55
385 11 5 57
385 11 6 51
385 11 7 46
385 11 9 51
385 11 10 53
385 11 12 56
385 11 14 55
385 12 4 43
385 12 5 45
385 12 6 47
385 12 7 42
385 12 9 45
385 12 10 43
385 12 11 44
385 12 13 51
