Jobs:
0 1 2 3 4 5 6 7 8 9 10 11 12 13 14 15 16 17 18 19 20 21 22 23 24 25 26 27 28 29
Machines:
0 1 2 3 4 5 6 7 8 9 10 11 12 13 14
Workers:
0 1 2 3 4 5 6 7 8 9 10 11 12 13 14
Operations per job:
0 1 2 3 4 5 6 7 8 9 10 11 12 13
14 15 16 17 18 19 20 21 22 23 24 25 26
27 28 29 30 31 32 33 34 35 36 37 38 39 40 41
42 43 44 45 46 47 48 49 50 51 52 53 54
55 56 57 58 59 60 61 62 63 64 65 66 67 68 69
70 71 72 73 74 75 76 77 78 79 80 81 82 83 84
85 86 87 88 89 90 91 92 93 94 95 96 97 98
99 100 101 102 103 104 105 106 107 108 109 110
111 112 113 114 115 116 117 118 119 120 121
122 123 124 125 126 127 128 129 130 131 132 133 134
135 136 137 138 139 140 141 142 143 144 145 146 147 148
149 150 151 152 153 154 155 156 157 158 159 160 161 162 163
164 165 166 167 168 169 170 171 172 173 174 175 176 177 178
179 180 181 182 183 184 185 186 187 188 189
190 191 192 193 194 195 196 197 198 199 200 201
202 203 204 205 206 207 208 209 210 211 212 213
214 215 216 217 218 219 220 221 222 223 224 225 226 227 228
229 230 231 232 233 234 235 236 237 238 239
240 241 242 243 244 245 246 247 248 249 250 251 252 253
254 255 256 257 258 259 260 261 262 263 264 265 266 267
268 269 270 271 272 273 274 275 276 277 278
279 280 281 282 283 284 285 286 287 288 289 290
291 292 293 294 295 296 297 298 299 300 301 302 303
304 305 306 307 308 309 310 311 312 313 314 315
316 317 318 319 320 321 322 323 324 325 326 327 328
329 330 331 332 333 334 335 336 337 338
339 340 341 342 343 344 345 346 347 348
349 350 351 352 353 354 355 356 357 358 359
360 361 362 363 364 365 366 367 368 369 370 371 372 373
374 375 376 377 378 379 380 381 382 383 384
Predecessors per operation:

0
1
2
3
4
5
6
7
8
9
10
11
12

14
15
16
17
18
19
20
21
22
23
24
25

27
28
29
30
31
32
33
34
35
36
37
38
39
40

42
43
44
45
46
47
48
49
50
51
52
53

55
56
57
58
59
60
61
62
63
64
65
66
67
68

70
71
72
73
74
75
76
77
78
79
80
81
82
83

85
86
87
88
89
90
91
92
93
94
95
96
97

99
100
101
102
103
104
105
106
107
108
109

111
112
113
114
115
116
117
118
119
120

122
123
124
125
126
127
128
129
130
131
132
133

135
136
137
138
139
140
141
142
143
144
145
146
147

149
150
151
152
153
154
155
156
157
158
159
160
161
162

164
165
166
167
168
169
170
171
172
173
174
175
176
177

179
180
181
182
183
184
185
186
187
188

190
191
192
193
194
195
196
197
198
199
200

202
203
204
205
206
207
208
209
210
211
212

214
215
216
217
218
219
220
221
222
223
224
225
226
227

229
230
231
232
233
234
235
236
237
238

240
241
242
243
244
245
246
247
248
249
250
251
252

254
255
256
257
258
259
260
261
262
263
264
265
266

268
269
270
271
272
273
274
275
276
277

279
280
281
282
283
284
285
286
287
288
289

291
292
293
294
295
296
297
298
299
300
301
302

304
305
306
307
308
309
310
311
312
313
314

316
317
318
319
320
321
322
323
324
325
326
327

329
330
331
332
333
334
335
336
337

339
340
341
342
343
344
345
346
347

349
350
351
352
353
354
355
356
357
358

360
361
362
363
364
365
366
367
368
369
370
371
372

374
375
376
377
378
379
380
381
382
383
Successors per operation:
1
2
3
4
5
6
7
8
9
10
11
12
13

15
16
17
18
19
20
21
22
23
24
25
26

28
29
30
31
32
33
34
35
36
37
38
39
40
41

43
44
45
46
47
48
49
50
51
52
53
54

56
57
58
59
60
61
62
63
64
65
66
67
68
69

71
72
73
74
75
76
77
78
79
80
81
82
83
84

86
87
88
89
90
91
92
93
94
95
96
97
98

100
101
102
103
104
105
106
107
108
109
110

112
113
114
115
116
117
118
119
120
121

123
124
125
126
127
128
129
130
131
132
133
134

136
137
138
139
140
141
142
143
144
145
146
147
148

150
151
152
153
154
155
156
157
158
159
160
161
162
163

165
166
167
168
169
170
171
172
173
174
175
176
177
178

180
181
182
183
184
185
186
187
188
189

191
192
193
194
195
196
197
198
199
200
201

203
204
205
206
207
208
209
210
211
212
213

215
216
217
218
219
220
221
222
223
224
225
226
227
228

230
231
232
233
234
235
236
237
238
239

241
242
243
244
245
246
247
248
249
250
251
252
253

255
256
257
258
259
260
261
262
263
264
265
266
267

269
270
271
272
273
274
275
276
277
278

280
281
282
283
284
285
286
287
288
289
290

292
293
294
295
296
297
298
299
300
301
302
303

305
306
307
308
309
310
311
312
313
314
315

317
318
319
320
321
322
323
324
325
326
327
328

330
331
332
333
334
335
336
337
338

340
341
342
343
344
345
346
347
348

350
351
352
353
354
355
356
357
358
359

361
362
363
364
365
366
367
368
369
370
371
372
373

375
376
377
378
379
380
381
382
383
384

Machines per operation:
0 5 9 10
5 7 11
1 8 9 11 13
5 7 11
1 5 8 13 14
0 3 4 6 8
1 4 10 13
3 4 8 10 11
7 8 12 13
3 6 14
2 6 11 14
1 3 7 13 14
3 5 8 11 14
4 5 9 12
1 2 3 7 9
3 5 11 12 13
3 4 10 12 14
3 5 7 14
2 5 10 14
3 4 7 14
5 6 13 14
0 1 5 6 13
0 1 10
7 8 10 11 14
1 3 5
2 7 14
4 7 14
1 4 6 11
2 4 10 14
2 4 7 13
1 3 7 11
5 6 11 14
2 3 4 7 8
1 8 9 10
3 4 10
3 5 7 9
6 7 11
2 3 6 12
6 9 10 13 14
4 7 9 10
0 1 4 14
2 3 4 7 13
1 5 13
1 3 4 7 12
3 4 14
1 5 8
1 8 9 10 12
7 11 12
0 6 7 8 13
3 5 8 11 12
5 7 13
0 5 11 12 14
6 8 12 14
1 3 6 13
1 2 10 14
2 9 10 12 13
2 4 5 7 14
1 5 7 8 12
1 2 7 8 12
0 1 9
2 3 5 6 13
4 5 8 9 14
6 8 14
5 10 13 14
1 8 13
0 6 8 10 11
2 3 11
6 9 14
0 2 8 14
0 2 8 14
0 4 5
0 1 2 5 10
6 13 14
1 5 10 11 12
0 2 6 13
2 6 10 11
0 10 11
1 2 8 11
7 9 13
5 6 9 10 13
0 6 7 12 14
2 3 7 10 12
1 2 5 12 14
7 8 14
2 3 5 12
1 2 6 8 12
1 3 5 11
0 3 7 13 14
2 5 8 10 14
2 9 11 12
6 7 9 12 13
1 3 8 11
2 3 4 12
1 12 14
7 8 9 10 14
2 7 13 14
0 4 5 6 12
1 3 9 11 14
0 1 4 9
0 5 6 10 12
4 10 11
1 2 12
2 6 12 13
2 8 9
0 3 5 11 14
0 2 3 7
4 8 9 13
0 5 6 13
0 2 8 11
1 3 6
0 1 6 8 13
0 2 4 8 10
1 3 8 10 11
0 5 8 14
0 1 6 10
1 2 4 5
6 10 11
4 7 9 11 12
1 2 4 9 10
1 2 5 6
1 4 5 12 14
0 4 8 9
1 6 7 10
5 7 11 12 13
7 9 12
1 4 5 9
1 2 8 12 14
0 2 6 12
5 9 10 11 13
2 3 5 9 13
0 2 5 6
4 5 9 10 11
4 7 9 10
7 8 9 10
0 8 10 11
0 6 9 10 14
0 1 11 13
7 8 10 12
7 9 12 14
2 6 13
0 2 8 11
0 3 4 6 9
0 1 4 6 14
2 3 8 10 12
1 5 7 10 14
3 4 7
6 7 9 11
2 4 7 8 14
1 4 9 12 13
4 8 12
0 6 14
1 11 13 14
0 2 7
2 3 5 7 8
0 2 5 12 13
3 6 9 11
6 9 10
3 8 9 14
2 10 12
2 6 7 8
2 10 12 13
2 3 7 10
3 11 14
0 3 8 13
2 9 10
1 4 6 9 13
2 7 9 14
8 11 14
0 4 6 10
4 8 10 12 14
6 7 10
6 8 14
3 11 12
5 6 11
0 1 4 5 6
1 10 14
6 12 13 14
1 12 13
0 3 8 10
8 10 11 13 14
1 7 9
6 8 9 14
1 5 10 14
0 6 8 13
0 1 3 13
1 2 7 8
4 7 8
3 5 7 9 11
3 4 8 10 11
4 6 9 12
1 5 8 11
8 9 10 13
0 4 7 14
3 8 10
4 7 10 11
3 7 10 12
2 3 5 11 13
0 1 14
5 8 9 13
6 9 12
1 10 13 14
0 3 10 11
1 4 12
0 4 6 8 14
3 6 9 11
3 5 6 8 13
3 6 9 10 13
1 5 9 14
4 8 9 13
0 1 2 12 13
5 8 14
1 6 11
2 4 7 11
3 5 9 11 13
11 13 14
1 3 7 13
6 10 11 13
1 8 11
2 11 14
0 5 10 13
1 2 9 13 14
1 5 10
1 5 6 10 13
1 3 10
4 5 8 9 13
0 5 12 13 14
7 11 13 14
0 3 9 10
2 3 4 8 9
0 1 4 5 9
1 6 10
4 5 12
0 2 6 7 9
0 1 9 11 12
5 7 8
1 5 6 8 11
3 10 13
5 9 13
5 7 14
2 3 4 5 9
1 9 10 11
3 9 12
1 3 8 9
5 10 11
5 7 8 9
3 6 13 14
0 1 9 10 13
0 1 8 9 10
2 8 9 10
4 10 12
0 6 14
0 3 5 7 9
1 4 5 8
1 5 6 12 13
1 2 6 13
3 5 10 13
0 2 4 7 8
0 1 2 11 13
0 1 6 8 11
3 4 5 9
4 5 13
0 2 10 13
4 5 7 8 10
5 8 9 13
1 4 8 9 13
3 6 7 10
1 5 9
2 3 4 9 13
3 5 11 14
2 6 10
3 4 9 14
1 7 12
0 2 8
0 3 9 13
3 4 7 9 13
1 4 5 6 14
1 2 13
0 1 2 9 14
0 2 4 5 6
3 8 9 10
2 4 8
5 6 11 13
2 8 9 11 13
2 4 6 10 12
2 3 8
1 5 7 9 10
3 8 9 13 14
3 4 5 12
0 5 11 13 14
1 2 3 14
2 5 6 14
1 2 4 9
1 4 7 8
1 6 7 10 13
2 7 11
4 7 10 11
4 11 12 13 14
0 5 9
4 7 14
3 7 8 11 13
1 3 8 10 11
3 8 11 12 14
6 7 10
0 1 3 7 9
0 2 7
7 12 14
1 2 6 11 14
1 5 9
3 4 5 10 12
0 1 6 11 12
3 6 7 9 12
4 8 12
4 10 11 13 14
2 4 5 9 10
2 6 7 8 11
2 8 10
8 9 10 11
2 3 4 10 12
0 5 7 13
2 3 5
0 10 13
3 5 9 10 12
0 1 7
7 10 11
3 7 11 13
0 1 4 5 9
0 7 9
0 3 6 11 14
0 5 11 13
4 5 9 10 11
2 5 6 8
6 7 11 13 14
3 9 10
2 3 6 11
0 1 7 13 14
0 3 11
0 3 10 11
8 11 13
0 3 5 8 14
2 3 14
0 1 2 8 9
6 7 9 14
6 7 8 9
1 3 6 9 12
0 6 9 10 11
8 11 14
0 2 5 8 10
1 5 6 7 13
0 6 7 14
0 4 7 11 12
4 7 8 11
1 2 8 11
0 4 10
3 6 7 14
4 5 6
6 12 14
1 3 8 11
1 6 7 8 10
0 1 6
4 5 6 9 13
2 3 11 12 13
1 7 11
2 5 11
3 4 7
0 3 13
1 2 6 8
0 5 10 13
9 12 13
3 5 11 14
2 5 8 9 10
7 10 12
0 3 5 8 12
0 3 5 9 10
3 4 14
1 8 11 12
3 4 6 8 10
3 4 5 9
3 4 7 8 11
0 1 2 4 10
0 3 10 12 13
1 2 8
1 3 5 6 9
10 11 13
0 4 14
0 2 3 8 10
Processing times (o m w p):
0 0 0 84
0 0 5 79
0 0 7 77
0 0 8 72
0 0 9 78
0 0 10 73
0 0 11 86
0 0 13 74
0 5 3 79
0 5 4 74
0 5 5 72
0 5 8 67
0 5 9 73
0 5 11 68
0 5 12 81
0 5 14 69
0 9 0 77
0 9 1 72
0 9 5 70
0 9 6 65
0 9 8 71
0 9 10 66
0 9 13 79
0 9 14 67
0 10 1 68
0 10 2 65
0 10 3 67
0 10 5 61
0 10 7 73
0 10 10 67
0 10 11 64
0 10 14 66
1 5 3 17
1 5 4 16
1 5 5 15
1 5 8 14
1 5 9 15
1 5 11 14
1 5 12 17
1 5 14 14
1 7 3 16
1 7 4 15
1 7 5 14
1 7 7 13
1 7 10 14
1 7 12 13
1 7 13 16
1 7 14 13
1 11 1 15
1 11 2 14
1 11 4 13
1 11 6 12
1 11 7 13
1 11 10 12
1 11 11 15
1 11 14 12
2 1 1 19
2 1 5 18
2 1 7 17
2 1 8 16
2 1 9 17
2 1 11 16
2 1 13 19
2 1 14 16
2 8 2 18
2 8 3 17
2 8 4 16
2 8 5 15
2 8 7 16
2 8 10 15
2 8 13 18
2 8 14 15
2 9 0 17
2 9 1 16
2 9 5 15
2 9 6 14
2 9 8 15
2 9 10 14
2 9 13 17
2 9 14 14
2 11 1 16
2 11 2 15
2 11 4 14
2 11 6 13
2 11 7 14
2 11 10 13
2 11 11 16
2 11 14 13
2 13 2 17
2 13 3 16
2 13 4 15
2 13 5 14
2 13 6 15
2 13 7 14
2 13 8 17
2 13 11 14
3 5 3 78
3 5 4 89
3 5 5 85
3 5 8 83
3 5 9 79
3 5 11 91
3 5 12 78
3 5 14 88
3 7 3 94
3 7 4 103
3 7 5 99
3 7 7 99
3 7 10 99
3 7 12 85
3 7 13 96
3 7 14 92
3 11 1 83
3 11 2 94
3 11 4 98
3 11 6 83
3 11 7 81
3 11 10 94
3 11 11 83
3 11 14 84
4 1 1 79
4 1 5 90
4 1 7 86
4 1 8 84
4 1 9 80
4 1 11 92
4 1 13 79
4 1 14 89
4 5 3 84
4 5 4 79
4 5 5 77
4 5 8 72
4 5 9 78
4 5 11 73
4 5 12 86
4 5 14 74
4 8 2 82
4 8 3 77
4 8 4 75
4 8 5 70
4 8 7 76
4 8 10 71
4 8 13 84
4 8 14 72
4 13 2 77
4 13 3 72
4 13 4 70
4 13 5 65
4 13 6 71
4 13 7 66
4 13 8 79
4 13 11 67
4 14 1 83
4 14 3 78
4 14 4 76
4 14 5 71
4 14 7 77
4 14 8 72
4 14 9 85
4 14 10 73
5 0 0 83
5 0 5 78
5 0 7 76
5 0 8 71
5 0 9 77
5 0 10 72
5 0 11 85
5 0 13 73
5 3 3 78
5 3 4 73
5 3 7 71
5 3 8 66
5 3 10 72
5 3 11 67
5 3 12 80
5 3 13 68
5 4 1 76
5 4 2 71
5 4 3 69
5 4 6 64
5 4 7 70
5 4 11 65
5 4 13 78
5 4 14 66
5 6 1 67
5 6 2 64
5 6 3 66
5 6 5 60
5 6 7 72
5 6 9 66
5 6 11 63
5 6 12 65
5 8 2 77
5 8 3 72
5 8 4 70
5 8 5 65
5 8 7 71
5 8 10 66
5 8 13 79
5 8 14 67
6 1 1 84
6 1 5 79
6 1 7 77
6 1 8 72
6 1 9 78
6 1 11 73
6 1 13 86
6 1 14 74
6 4 1 83
6 4 2 94
6 4 3 98
6 4 6 83
6 4 7 81
6 4 11 94
6 4 13 83
6 4 14 84
6 10 1 81
6 10 2 92
6 10 3 88
6 10 5 86
6 10 7 82
6 10 10 94
6 10 11 81
6 10 14 91
6 13 2 79
6 13 3 90
6 13 4 86
6 13 5 84
6 13 6 80
6 13 7 92
6 13 8 79
6 13 11 89
7 3 3 41
7 3 4 39
7 3 7 38
7 3 8 35
7 3 10 38
7 3 11 36
7 3 12 42
7 3 13 36
7 4 1 39
7 4 2 37
7 4 3 36
7 4 6 33
7 4 7 36
7 4 11 34
7 4 13 40
7 4 14 34
7 8 2 38
7 8 3 36
7 8 4 35
7 8 5 32
7 8 7 35
7 8 10 33
7 8 13 39
7 8 14 33
7 10 1 35
7 10 2 33
7 10 3 32
7 10 5 29
7 10 7 32
7 10 10 30
7 10 11 36
7 10 14 30
7 11 1 38
7 11 2 36
7 11 4 35
7 11 6 32
7 11 7 35
7 11 10 33
7 11 11 39
7 11 14 33
8 7 3 91
8 7 4 100
8 7 5 96
8 7 7 96
8 7 10 96
8 7 12 82
8 7 13 93
8 7 14 89
8 8 2 111
8 8 3 104
8 8 4 98
8 8 5 110
8 8 7 100
8 8 10 94
8 8 13 97
8 8 14 103
8 12 1 113
8 12 2 106
8 12 3 100
8 12 4 112
8 12 7 102
8 12 11 96
8 12 13 99
8 12 14 105
8 13 2 114
8 13 3 107
8 13 4 101
8 13 5 113
8 13 6 103
8 13 7 97
8 13 8 100
8 13 11 106
9 3 3 17
9 3 4 16
9 3 7 15
9 3 8 14
9 3 10 15
9 3 11 14
9 3 12 17
9 3 13 14
9 6 1 16
9 6 2 15
9 6 3 14
9 6 5 13
9 6 7 14
9 6 9 13
9 6 11 16
9 6 12 13
9 14 1 15
9 14 3 14
9 14 4 13
9 14 5 12
9 14 7 13
9 14 8 12
9 14 9 15
9 14 10 12
10 2 0 66
10 2 1 63
10 2 3 65
10 2 4 59
10 2 6 71
10 2 8 65
10 2 10 62
10 2 13 64
10 6 1 63
10 6 2 60
10 6 3 62
10 6 5 56
10 6 7 68
10 6 9 62
10 6 11 59
10 6 12 61
10 11 1 65
10 11 2 62
10 11 4 64
10 11 6 58
10 11 7 70
10 11 10 64
10 11 11 61
10 11 14 63
10 14 1 62
10 14 3 55
10 14 4 63
10 14 5 55
10 14 7 63
10 14 8 57
10 14 9 56
10 14 10 60
11 1 1 94
11 1 5 103
11 1 7 99
11 1 8 99
11 1 9 99
11 1 11 85
11 1 13 96
11 1 14 92
11 3 3 112
11 3 4 105
11 3 7 99
11 3 8 111
11 3 10 101
11 3 11 95
11 3 12 98
11 3 13 104
11 7 3 99
11 7 4 108
11 7 5 104
11 7 7 104
11 7 10 104
11 7 12 90
11 7 13 101
11 7 14 97
11 13 2 99
11 13 3 108
11 13 4 104
11 13 5 104
11 13 6 104
11 13 7 90
11 13 8 101
11 13 11 97
11 14 1 99
11 14 3 108
11 14 4 104
11 14 5 104
11 14 7 104
11 14 8 90
11 14 9 101
11 14 10 97
12 3 3 18
12 3 4 22
12 3 7 18
12 3 8 18
12 3 10 18
12 3 11 19
12 3 12 20
12 3 13 21
12 5 3 20
12 5 4 19
12 5 5 18
12 5 8 17
12 5 9 18
12 5 11 17
12 5 12 20
12 5 14 17
12 8 2 19
12 8 3 18
12 8 4 17
12 8 5 16
12 8 7 17
12 8 10 16
12 8 13 19
12 8 14 16
12 11 1 18
12 11 2 17
12 11 4 16
12 11 6 15
12 11 7 16
12 11 10 15
12 11 11 18
12 11 14 15
12 14 1 19
12 14 3 18
12 14 4 17
12 14 5 16
12 14 7 17
12 14 8 16
12 14 9 19
12 14 10 16
13 4 1 95
13 4 2 104
13 4 3 100
13 4 6 100
13 4 7 100
13 4 11 86
13 4 13 97
13 4 14 93
13 5 3 113
13 5 4 106
13 5 5 100
13 5 8 112
13 5 9 102
13 5 11 96
13 5 12 99
13 5 14 105
13 9 0 91
13 9 1 102
13 9 5 104
13 9 6 105
13 9 8 110
13 9 10 104
13 9 13 94
13 9 14 110
13 12 1 91
13 12 2 102
13 12 3 104
13 12 4 105
13 12 7 110
13 12 11 104
13 12 13 94
13 12 14 110
14 1 1 92
14 1 5 101
14 1 7 97
14 1 8 97
14 1 9 97
14 1 11 83
14 1 13 94
14 1 14 90
14 2 0 110
14 2 1 103
14 2 3 97
14 2 4 109
14 2 6 99
14 2 8 93
14 2 10 96
14 2 13 102
14 3 3 97
14 3 4 106
14 3 7 102
14 3 8 102
14 3 10 102
14 3 11 88
14 3 12 99
14 3 13 95
14 7 3 97
14 7 4 106
14 7 5 102
14 7 7 102
14 7 10 102
14 7 12 88
14 7 13 99
14 7 14 95
14 9 0 97
14 9 1 106
14 9 5 102
14 9 6 102
14 9 8 102
14 9 10 88
14 9 13 99
14 9 14 95
15 3 3 30
15 3 4 29
15 3 7 31
15 3 8 29
15 3 10 31
15 3 11 31
15 3 12 30
15 3 13 28
15 5 3 29
15 5 4 28
15 5 5 30
15 5 8 28
15 5 9 30
15 5 11 30
15 5 12 29
15 5 14 27
15 11 1 28
15 11 2 32
15 11 4 27
15 11 6 28
15 11 7 33
15 11 10 27
15 11 11 31
15 11 14 33
15 12 1 29
15 12 2 28
15 12 3 30
15 12 4 28
15 12 7 30
15 12 11 30
15 12 13 29
15 12 14 27
15 13 2 28
15 13 3 32
15 13 4 27
15 13 5 28
15 13 6 33
15 13 7 27
15 13 8 31
15 13 11 33
16 3 3 63
16 3 4 60
16 3 7 62
16 3 8 56
16 3 10 68
16 3 11 62
16 3 12 59
16 3 13 61
16 4 1 59
16 4 2 52
16 4 3 60
16 4 6 52
16 4 7 60
16 4 11 54
16 4 13 53
16 4 14 57
16 10 1 64
16 10 2 61
16 10 3 63
16 10 5 57
16 10 7 69
16 10 10 63
16 10 11 60
16 10 14 62
16 12 1 59
16 12 2 52
16 12 3 60
16 12 4 52
16 12 7 60
16 12 11 54
16 12 13 53
16 12 14 57
16 14 1 64
16 14 3 61
16 14 4 63
16 14 5 57
16 14 7 69
16 14 8 63
16 14 9 60
16 14 10 62
17 3 3 20
17 3 4 19
17 3 7 18
17 3 8 17
17 3 10 18
17 3 11 17
17 3 12 20
17 3 13 17
17 5 3 19
17 5 4 18
17 5 5 17
17 5 8 16
17 5 9 17
17 5 11 16
17 5 12 19
17 5 14 16
17 7 3 18
17 7 4 17
17 7 5 16
17 7 7 15
17 7 10 16
17 7 12 15
17 7 13 18
17 7 14 15
17 14 1 17
17 14 3 16
17 14 4 15
17 14 5 14
17 14 7 15
17 14 8 14
17 14 9 17
17 14 10 14
18 2 0 76
18 2 1 87
18 2 3 83
18 2 4 81
18 2 6 77
18 2 8 89
18 2 10 76
18 2 13 86
18 5 3 77
18 5 4 72
18 5 5 70
18 5 8 65
18 5 9 71
18 5 11 66
18 5 12 79
18 5 14 67
18 10 1 78
18 10 2 89
18 10 3 85
18 10 5 83
18 10 7 79
18 10 10 91
18 10 11 78
18 10 14 88
18 14 1 82
18 14 3 77
18 14 4 75
18 14 5 70
18 14 7 76
18 14 8 71
18 14 9 84
18 14 10 72
19 3 3 15
19 3 4 14
19 3 7 13
19 3 8 12
19 3 10 13
19 3 11 12
19 3 12 15
19 3 13 12
19 4 1 14
19 4 2 13
19 4 3 12
19 4 6 11
19 4 7 12
19 4 11 11
19 4 13 14
19 4 14 11
19 7 3 13
19 7 4 12
19 7 5 11
19 7 7 10
19 7 10 11
19 7 12 10
19 7 13 13
19 7 14 10
19 14 1 12
19 14 3 11
19 14 4 10
19 14 5 9
19 14 7 10
19 14 8 9
19 14 9 12
19 14 10 9
20 5 3 28
20 5 4 27
20 5 5 29
20 5 8 27
20 5 9 29
20 5 11 29
20 5 12 28
20 5 14 26
20 6 1 27
20 6 2 26
20 6 3 28
20 6 5 26
20 6 7 28
20 6 9 28
20 6 11 27
20 6 12 25
20 13 2 29
20 13 3 28
20 13 4 30
20 13 5 28
20 13 6 30
20 13 7 30
20 13 8 29
20 13 11 27
20 14 1 27
20 14 3 26
20 14 4 28
20 14 5 26
20 14 7 28
20 14 8 28
20 14 9 27
20 14 10 25
21 0 0 59
21 0 5 52
21 0 7 60
21 0 8 52
21 0 9 60
21 0 10 54
21 0 11 53
21 0 13 57
21 1 1 43
21 1 5 52
21 1 7 48
21 1 8 48
21 1 9 48
21 1 11 44
21 1 13 45
21 1 14 51
21 5 3 60
21 5 4 53
21 5 5 61
21 5 8 53
21 5 9 61
21 5 11 55
21 5 12 54
21 5 14 58
21 6 1 43
21 6 2 52
21 6 3 48
21 6 5 48
21 6 7 48
21 6 9 44
21 6 11 45
21 6 12 51
21 13 2 60
21 13 3 53
21 13 4 61
21 13 5 53
21 13 6 61
21 13 7 55
21 13 8 54
21 13 11 58
22 0 0 92
22 0 5 101
22 0 7 97
22 0 8 97
22 0 9 97
22 0 10 83
22 0 11 94
22 0 13 90
22 1 1 110
22 1 5 103
22 1 7 97
22 1 8 109
22 1 9 99
22 1 11 93
22 1 13 96
22 1 14 102
22 10 1 97
22 10 2 106
22 10 3 102
22 10 5 102
22 10 7 102
22 10 10 88
22 10 11 99
22 10 14 95
23 7 3 73
23 7 4 72
23 7 5 68
23 7 7 63
23 7 10 68
23 7 12 74
23 7 13 70
23 7 14 71
23 8 2 68
23 8 3 65
23 8 4 67
23 8 5 61
23 8 7 73
23 8 10 67
23 8 13 64
23 8 14 66
23 10 1 70
23 10 2 67
23 10 3 69
23 10 5 63
23 10 7 75
23 10 10 69
23 10 11 66
23 10 14 68
23 11 1 64
23 11 2 61
23 11 4 63
23 11 6 57
23 11 7 69
23 11 10 63
23 11 11 60
23 11 14 62
23 14 1 80
23 14 3 75
23 14 4 73
23 14 5 68
23 14 7 74
23 14 8 69
23 14 9 82
23 14 10 70
24 1 1 28
24 1 5 32
24 1 7 27
24 1 8 28
24 1 9 33
24 1 11 27
24 1 13 31
24 1 14 33
24 3 3 30
24 3 4 29
24 3 7 31
24 3 8 29
24 3 10 31
24 3 11 31
24 3 12 30
24 3 13 28
24 5 3 33
24 5 4 31
24 5 5 30
24 5 8 27
24 5 9 30
24 5 11 28
24 5 12 34
24 5 14 28
25 2 0 82
25 2 1 77
25 2 3 75
25 2 4 70
25 2 6 76
25 2 8 71
25 2 10 84
25 2 13 72
25 7 3 83
25 7 4 94
25 7 5 90
25 7 7 88
25 7 10 84
25 7 12 96
25 7 13 83
25 7 14 93
25 14 1 79
25 14 3 90
25 14 4 86
25 14 5 84
25 14 7 80
25 14 8 92
25 14 9 79
25 14 10 89
26 4 1 96
26 4 2 105
26 4 3 101
26 4 6 101
26 4 7 101
26 4 11 87
26 4 13 98
26 4 14 94
26 7 3 114
26 7 4 107
26 7 5 101
26 7 7 113
26 7 10 103
26 7 12 97
26 7 13 100
26 7 14 106
26 14 1 110
26 14 3 103
26 14 4 97
26 14 5 109
26 14 7 99
26 14 8 93
26 14 9 96
26 14 10 102
27 1 1 13
27 1 5 12
27 1 7 11
27 1 8 10
27 1 9 11
27 1 11 10
27 1 13 13
27 1 14 10
27 4 1 12
27 4 2 11
27 4 3 10
27 4 6 9
27 4 7 10
27 4 11 9
27 4 13 12
27 4 14 9
27 6 1 10
27 6 2 9
27 6 3 11
27 6 5 9
27 6 7 11
27 6 9 11
27 6 11 10
27 6 12 11
27 11 1 9
27 11 2 9
27 11 4 8
27 11 6 8
27 11 7 8
27 11 10 8
27 11 11 9
27 11 14 8
28 2 0 39
28 2 1 37
28 2 3 36
28 2 4 33
28 2 6 36
28 2 8 34
28 2 10 40
28 2 13 34
28 4 1 37
28 4 2 35
28 4 3 34
28 4 6 31
28 4 7 34
28 4 11 32
28 4 13 38
28 4 14 32
28 10 1 36
28 10 2 34
28 10 3 33
28 10 5 30
28 10 7 33
28 10 10 31
28 10 11 37
28 10 14 31
28 14 1 33
28 14 3 31
28 14 4 30
28 14 5 27
28 14 7 30
28 14 8 28
28 14 9 34
28 14 10 28
29 2 0 97
29 2 1 106
29 2 3 102
29 2 4 102
29 2 6 102
29 2 8 88
29 2 10 99
29 2 13 95
29 4 1 115
29 4 2 108
29 4 3 102
29 4 6 114
29 4 7 104
29 4 11 98
29 4 13 101
29 4 14 107
29 7 3 111
29 7 4 104
29 7 5 98
29 7 7 110
29 7 10 100
29 7 12 94
29 7 13 97
29 7 14 103
29 13 2 111
29 13 3 104
29 13 4 98
29 13 5 110
29 13 6 100
29 13 7 94
29 13 8 97
29 13 11 103
30 1 1 36
30 1 5 45
30 1 7 41
30 1 8 41
30 1 9 41
30 1 11 37
30 1 13 38
30 1 14 44
30 3 3 41
30 3 4 39
30 3 7 38
30 3 8 35
30 3 10 38
30 3 11 36
30 3 12 42
30 3 13 36
30 7 3 40
30 7 4 38
30 7 5 37
30 7 7 34
30 7 10 37
30 7 12 35
30 7 13 41
30 7 14 35
30 11 1 37
30 11 2 35
30 11 4 34
30 11 6 31
30 11 7 34
30 11 10 32
30 11 11 38
30 11 14 32
31 5 3 28
31 5 4 32
31 5 5 27
31 5 8 28
31 5 9 33
31 5 11 27
31 5 12 31
31 5 14 33
31 6 1 30
31 6 2 29
31 6 3 31
31 6 5 29
31 6 7 31
31 6 9 31
31 6 11 30
31 6 12 28
31 11 1 33
31 11 2 31
31 11 4 30
31 11 6 27
31 11 7 30
31 11 10 28
31 11 11 34
31 11 14 28
31 14 1 30
31 14 3 29
31 14 4 31
31 14 5 29
31 14 7 31
31 14 8 31
31 14 9 30
31 14 10 28
32 2 0 69
32 2 1 66
32 2 3 68
32 2 4 62
32 2 6 74
32 2 8 68
32 2 10 65
32 2 13 67
32 3 3 66
32 3 4 63
32 3 7 65
32 3 8 59
32 3 10 71
32 3 11 65
32 3 12 62
32 3 13 64
32 4 1 68
32 4 2 65
32 4 3 67
32 4 6 61
32 4 7 73
32 4 11 67
32 4 13 64
32 4 14 66
32 7 3 62
32 7 4 59
32 7 5 61
32 7 7 55
32 7 10 67
32 7 12 61
32 7 13 58
32 7 14 60
32 8 2 78
32 8 3 73
32 8 4 71
32 8 5 66
32 8 7 72
32 8 10 67
32 8 13 80
32 8 14 68
33 1 1 67
33 1 5 64
33 1 7 66
33 1 8 60
33 1 9 72
33 1 11 66
33 1 13 63
33 1 14 65
33 8 2 64
33 8 3 61
33 8 4 63
33 8 5 57
33 8 7 69
33 8 10 63
33 8 13 60
33 8 14 62
33 9 0 66
33 9 1 63
33 9 5 65
33 9 6 59
33 9 8 71
33 9 10 65
33 9 13 62
33 9 14 64
33 10 1 63
33 10 2 56
33 10 3 64
33 10 5 56
33 10 7 64
33 10 10 58
33 10 11 57
33 10 14 61
34 3 3 69
34 3 4 66
34 3 7 68
34 3 8 62
34 3 10 74
34 3 11 68
34 3 12 65
34 3 13 67
34 4 1 66
34 4 2 63
34 4 3 65
34 4 6 59
34 4 7 71
34 4 11 65
34 4 13 62
34 4 14 64
34 10 1 68
34 10 2 65
34 10 3 67
34 10 5 61
34 10 7 73
34 10 10 67
34 10 11 64
34 10 14 66
35 3 3 97
35 3 4 106
35 3 7 102
35 3 8 102
35 3 10 102
35 3 11 88
35 3 12 99
35 3 13 95
35 5 3 115
35 5 4 108
35 5 5 102
35 5 8 114
35 5 9 104
35 5 11 98
35 5 12 101
35 5 14 107
35 7 3 111
35 7 4 104
35 7 5 98
35 7 7 110
35 7 10 100
35 7 12 94
35 7 13 97
35 7 14 103
35 9 0 111
35 9 1 104
35 9 5 98
35 9 6 110
35 9 8 100
35 9 10 94
35 9 13 97
35 9 14 103
36 6 1 92
36 6 2 101
36 6 3 97
36 6 5 97
36 6 7 97
36 6 9 83
36 6 11 94
36 6 12 90
36 7 3 110
36 7 4 103
36 7 5 97
36 7 7 109
36 7 10 99
36 7 12 93
36 7 13 96
36 7 14 102
36 11 1 97
36 11 2 106
36 11 4 102
36 11 6 102
36 11 7 102
36 11 10 88
36 11 11 99
36 11 14 95
37 2 0 19
37 2 1 18
37 2 3 17
37 2 4 16
37 2 6 17
37 2 8 16
37 2 10 19
37 2 13 16
37 3 3 18
37 3 4 17
37 3 7 16
37 3 8 15
37 3 10 16
37 3 11 15
37 3 12 18
37 3 13 15
37 6 1 17
37 6 2 16
37 6 3 15
37 6 5 14
37 6 7 15
37 6 9 14
37 6 11 17
37 6 12 14
37 12 1 16
37 12 2 15
37 12 3 14
37 12 4 13
37 12 7 14
37 12 11 13
37 12 13 16
37 12 14 13
38 6 1 28
38 6 2 32
38 6 3 27
38 6 5 28
38 6 7 33
38 6 9 27
38 6 11 31
38 6 12 33
38 9 0 30
38 9 1 29
38 9 5 31
38 9 6 29
38 9 8 31
38 9 10 31
38 9 13 30
38 9 14 28
38 10 1 33
38 10 2 31
38 10 3 30
38 10 5 27
38 10 7 30
38 10 10 28
38 10 11 34
38 10 14 28
38 13 2 30
38 13 3 29
38 13 4 31
38 13 5 29
38 13 6 31
38 13 7 31
38 13 8 30
38 13 11 28
38 14 1 33
38 14 3 31
38 14 4 30
38 14 5 27
38 14 7 30
38 14 8 28
38 14 9 34
38 14 10 28
39 4 1 81
39 4 2 76
39 4 3 74
39 4 6 69
39 4 7 75
39 4 11 70
39 4 13 83
39 4 14 71
39 7 3 82
39 7 4 93
39 7 5 89
39 7 7 87
39 7 10 83
39 7 12 95
39 7 13 82
39 7 14 92
39 9 0 78
39 9 1 89
39 9 5 85
39 9 6 83
39 9 8 79
39 9 10 91
39 9 13 78
39 9 14 88
39 10 1 76
39 10 2 87
39 10 3 83
39 10 5 81
39 10 7 77
39 10 10 89
39 10 11 76
39 10 14 86
40 0 0 18
40 0 5 17
40 0 7 16
40 0 8 15
40 0 9 16
40 0 10 15
40 0 11 18
40 0 13 15
40 1 1 17
40 1 5 16
40 1 7 15
40 1 8 14
40 1 9 15
40 1 11 14
40 1 13 17
40 1 14 14
40 4 1 16
40 4 2 15
40 4 3 14
40 4 6 13
40 4 7 14
40 4 11 13
40 4 13 16
40 4 14 13
40 14 1 15
40 14 3 14
40 14 4 13
40 14 5 12
40 14 7 13
40 14 8 12
40 14 9 15
40 14 10 12
41 2 0 25
41 2 1 24
41 2 3 26
41 2 4 24
41 2 6 26
41 2 8 26
41 2 10 25
41 2 13 23
41 3 3 24
41 3 4 23
41 3 7 25
41 3 8 23
41 3 10 25
41 3 11 25
41 3 12 24
41 3 13 22
41 4 1 26
41 4 2 25
41 4 3 27
41 4 6 25
41 4 7 27
41 4 11 27
41 4 13 26
41 4 14 24
41 7 3 24
41 7 4 23
41 7 5 25
41 7 7 23
41 7 10 25
41 7 12 25
41 7 13 24
41 7 14 22
41 13 2 26
41 13 3 25
41 13 4 27
41 13 5 25
41 13 6 27
41 13 7 27
41 13 8 26
41 13 11 24
42 1 1 66
42 1 5 59
42 1 7 61
42 1 8 54
42 1 9 58
42 1 11 65
42 1 13 63
42 1 14 55
42 5 3 57
42 5 4 50
42 5 5 58
42 5 8 50
42 5 9 58
42 5 11 52
42 5 12 51
42 5 14 55
42 13 2 62
42 13 3 59
42 13 4 61
42 13 5 55
42 13 6 67
42 13 7 61
42 13 8 58
42 13 11 60
43 1 1 41
43 1 5 39
43 1 7 38
43 1 8 35
43 1 9 38
43 1 11 36
43 1 13 42
43 1 14 36
43 3 3 39
43 3 4 37
43 3 7 36
43 3 8 33
43 3 10 36
43 3 11 34
43 3 12 40
43 3 13 34
43 4 1 38
43 4 2 36
43 4 3 35
43 4 6 32
43 4 7 35
43 4 11 33
43 4 13 39
43 4 14 33
43 7 3 35
43 7 4 33
43 7 5 32
43 7 7 29
43 7 10 32
43 7 12 30
43 7 13 36
43 7 14 30
43 12 1 38
43 12 2 36
43 12 3 35
43 12 4 32
43 12 7 35
43 12 11 33
43 12 13 39
43 12 14 33
44 3 3 62
44 3 4 55
44 3 7 63
44 3 8 55
44 3 10 63
44 3 11 57
44 3 12 56
44 3 13 60
44 4 1 55
44 4 2 48
44 4 3 56
44 4 6 48
44 4 7 56
44 4 11 50
44 4 13 49
44 4 14 53
44 14 1 63
44 14 3 56
44 14 4 64
44 14 5 56
44 14 7 64
44 14 8 58
44 14 9 57
44 14 10 61
45 1 1 93
45 1 5 102
45 1 7 98
45 1 8 98
45 1 9 98
45 1 11 84
45 1 13 95
45 1 14 91
45 5 3 111
45 5 4 104
45 5 5 98
45 5 8 110
45 5 9 100
45 5 11 94
45 5 12 97
45 5 14 103
45 8 2 98
45 8 3 107
45 8 4 103
45 8 5 103
45 8 7 103
45 8 10 89
45 8 13 100
45 8 14 96
46 1 1 76
46 1 5 87
46 1 7 83
46 1 8 81
46 1 9 77
46 1 11 89
46 1 13 76
46 1 14 86
46 8 2 81
46 8 3 76
46 8 4 74
46 8 5 69
46 8 7 75
46 8 10 70
46 8 13 83
46 8 14 71
46 9 0 79
46 9 1 74
46 9 5 72
46 9 6 67
46 9 8 73
46 9 10 68
46 9 13 81
46 9 14 69
46 10 1 70
46 10 2 67
46 10 3 69
46 10 5 63
46 10 7 75
46 10 10 69
46 10 11 66
46 10 14 68
46 12 1 80
46 12 2 75
46 12 3 73
46 12 4 68
46 12 7 74
46 12 11 69
46 12 13 82
46 12 14 70
47 7 3 83
47 7 4 78
47 7 5 76
47 7 7 71
47 7 10 77
47 7 12 72
47 7 13 85
47 7 14 73
47 11 1 84
47 11 2 95
47 11 4 91
47 11 6 89
47 11 7 85
47 11 10 97
47 11 11 84
47 11 14 94
47 12 1 80
47 12 2 91
47 12 3 87
47 12 4 85
47 12 7 81
47 12 11 93
47 12 13 80
47 12 14 90
48 0 0 20
48 0 5 19
48 0 7 18
48 0 8 17
48 0 9 18
48 0 10 17
48 0 11 20
48 0 13 17
48 6 1 19
48 6 2 18
48 6 3 17
48 6 5 16
48 6 7 17
48 6 9 16
48 6 11 19
48 6 12 16
48 7 3 18
48 7 4 17
48 7 5 16
48 7 7 15
48 7 10 16
48 7 12 15
48 7 13 18
48 7 14 15
48 8 2 17
48 8 3 16
48 8 4 15
48 8 5 14
48 8 7 15
48 8 10 14
48 8 13 17
48 8 14 14
48 13 2 18
48 13 3 17
48 13 4 16
48 13 5 15
48 13 6 16
48 13 7 15
48 13 8 18
48 13 11 15
49 3 3 18
49 3 4 17
49 3 7 16
49 3 8 15
49 3 10 16
49 3 11 15
49 3 12 18
49 3 13 15
49 5 3 17
49 5 4 16
49 5 5 15
49 5 8 14
49 5 9 15
49 5 11 14
49 5 12 17
49 5 14 14
49 8 2 16
49 8 3 15
49 8 4 14
49 8 5 13
49 8 7 14
49 8 10 13
49 8 13 16
49 8 14 13
49 11 1 15
49 11 2 14
49 11 4 13
49 11 6 12
49 11 7 13
49 11 10 12
49 11 11 15
49 11 14 12
49 12 1 16
49 12 2 15
49 12 3 14
49 12 4 13
49 12 7 14
49 12 11 13
49 12 13 16
49 12 14 13
50 5 3 66
50 5 4 59
50 5 5 61
50 5 8 54
50 5 9 58
50 5 11 65
50 5 12 63
50 5 14 55
50 7 3 57
50 7 4 50
50 7 5 58
50 7 7 50
50 7 10 58
50 7 12 52
50 7 13 51
50 7 14 55
50 13 2 62
50 13 3 59
50 13 4 61
50 13 5 55
50 13 6 67
50 13 7 61
50 13 8 58
50 13 11 60
51 0 0 78
51 0 5 73
51 0 7 71
51 0 8 66
51 0 9 72
51 0 10 67
51 0 11 80
51 0 13 68
51 5 3 77
51 5 4 72
51 5 5 70
51 5 8 65
51 5 9 71
51 5 11 66
51 5 12 79
51 5 14 67
51 11 1 69
51 11 2 66
51 11 4 68
51 11 6 62
51 11 7 74
51 11 10 68
51 11 11 65
51 11 14 67
51 12 1 64
51 12 2 61
51 12 3 63
51 12 4 57
51 12 7 69
51 12 11 63
51 12 13 60
51 12 14 62
51 14 1 69
51 14 3 66
51 14 4 68
51 14 5 62
51 14 7 74
51 14 8 68
51 14 9 65
51 14 10 67
52 6 1 41
52 6 2 39
52 6 3 38
52 6 5 35
52 6 7 38
52 6 9 36
52 6 11 42
52 6 12 36
52 8 2 39
52 8 3 37
52 8 4 36
52 8 5 33
52 8 7 36
52 8 10 34
52 8 13 40
52 8 14 34
52 12 1 38
52 12 2 36
52 12 3 35
52 12 4 32
52 12 7 35
52 12 11 33
52 12 13 39
52 12 14 33
52 14 1 35
52 14 3 33
52 14 4 32
52 14 5 29
52 14 7 32
52 14 8 30
52 14 9 36
52 14 10 30
53 1 1 23
53 1 5 22
53 1 7 24
53 1 8 22
53 1 9 24
53 1 11 24
53 1 13 23
53 1 14 21
53 3 3 22
53 3 4 21
53 3 7 23
53 3 8 21
53 3 10 23
53 3 11 23
53 3 12 22
53 3 13 20
53 6 1 24
53 6 2 23
53 6 3 25
53 6 5 23
53 6 7 25
53 6 9 25
53 6 11 24
53 6 12 22
53 13 2 22
53 13 3 21
53 13 4 23
53 13 5 21
53 13 6 23
53 13 7 23
53 13 8 22
53 13 11 20
54 1 1 64
54 1 5 61
54 1 7 63
54 1 8 57
54 1 9 69
54 1 11 63
54 1 13 60
54 1 14 62
54 2 0 60
54 2 1 53
54 2 3 61
54 2 4 53
54 2 6 61
54 2 8 55
54 2 10 54
54 2 13 58
54 10 1 65
54 10 2 62
54 10 3 64
54 10 5 58
54 10 7 70
54 10 10 64
54 10 11 61
54 10 14 63
54 14 1 60
54 14 3 53
54 14 4 61
54 14 5 53
54 14 7 61
54 14 8 55
54 14 9 54
54 14 10 58
55 2 0 27
55 2 1 26
55 2 3 28
55 2 4 26
55 2 6 28
55 2 8 28
55 2 10 27
55 2 13 25
55 9 0 26
55 9 1 25
55 9 5 27
55 9 6 25
55 9 8 27
55 9 10 27
55 9 13 26
55 9 14 24
55 10 1 28
55 10 2 27
55 10 3 29
55 10 5 27
55 10 7 29
55 10 10 29
55 10 11 28
55 10 14 26
55 12 1 26
55 12 2 25
55 12 3 27
55 12 4 25
55 12 7 27
55 12 11 27
55 12 13 26
55 12 14 24
55 13 2 28
55 13 3 27
55 13 4 29
55 13 5 27
55 13 6 29
55 13 7 29
55 13 8 28
55 13 11 26
56 2 0 35
56 2 1 33
56 2 3 32
56 2 4 29
56 2 6 32
56 2 8 30
56 2 10 36
56 2 13 30
56 4 1 33
56 4 2 31
56 4 3 30
56 4 6 27
56 4 7 30
56 4 11 28
56 4 13 34
56 4 14 28
56 5 3 28
56 5 4 32
56 5 5 27
56 5 8 28
56 5 9 33
56 5 11 27
56 5 12 31
56 5 14 33
56 7 3 28
56 7 4 27
56 7 5 29
56 7 7 27
56 7 10 29
56 7 12 29
56 7 13 28
56 7 14 26
56 14 1 28
56 14 3 32
56 14 4 27
56 14 5 28
56 14 7 33
56 14 8 27
56 14 9 31
56 14 10 33
57 1 1 78
57 1 5 89
57 1 7 85
57 1 8 83
57 1 9 79
57 1 11 91
57 1 13 78
57 1 14 88
57 5 3 83
57 5 4 78
57 5 5 76
57 5 8 71
57 5 9 77
57 5 11 72
57 5 12 85
57 5 14 73
57 7 3 81
57 7 4 76
57 7 5 74
57 7 7 69
57 7 10 75
57 7 12 70
57 7 13 83
57 7 14 71
57 8 2 76
57 8 3 71
57 8 4 69
57 8 5 64
57 8 7 70
57 8 10 65
57 8 13 78
57 8 14 66
57 12 1 82
57 12 2 77
57 12 3 75
57 12 4 70
57 12 7 76
57 12 11 71
57 12 13 84
57 12 14 72
58 1 1 79
58 1 5 90
58 1 7 86
58 1 8 84
58 1 9 80
58 1 11 92
58 1 13 79
58 1 14 89
58 2 0 84
58 2 1 79
58 2 3 77
58 2 4 72
58 2 6 78
58 2 8 73
58 2 10 86
58 2 13 74
58 7 3 82
58 7 4 77
58 7 5 75
58 7 7 70
58 7 10 76
58 7 12 71
58 7 13 84
58 7 14 72
58 8 2 77
58 8 3 72
58 8 4 70
58 8 5 65
58 8 7 71
58 8 10 66
58 8 13 79
58 8 14 67
58 12 1 83
58 12 2 78
58 12 3 76
58 12 4 71
58 12 7 77
58 12 11 72
58 12 13 85
58 12 14 73
59 0 0 91
59 0 5 100
59 0 7 96
59 0 8 96
59 0 9 96
59 0 10 82
59 0 11 93
59 0 13 89
59 1 1 111
59 1 5 104
59 1 7 98
59 1 8 110
59 1 9 100
59 1 11 94
59 1 13 97
59 1 14 103
59 9 0 113
59 9 1 106
59 9 5 100
59 9 6 112
59 9 8 102
59 9 10 96
59 9 13 99
59 9 14 105
60 2 0 97
60 2 1 106
60 2 3 102
60 2 4 102
60 2 6 102
60 2 8 88
60 2 10 99
60 2 13 95
60 3 3 115
60 3 4 108
60 3 7 102
60 3 8 114
60 3 10 104
60 3 11 98
60 3 12 101
60 3 13 107
60 5 3 111
60 5 4 104
60 5 5 98
60 5 8 110
60 5 9 100
60 5 11 94
60 5 12 97
60 5 14 103
60 6 1 111
60 6 2 104
60 6 3 98
60 6 5 110
60 6 7 100
60 6 9 94
60 6 11 97
60 6 12 103
60 13 2 111
60 13 3 104
60 13 4 98
60 13 5 110
60 13 6 100
60 13 7 94
60 13 8 97
60 13 11 103
61 4 1 13
61 4 2 12
61 4 3 11
61 4 6 10
61 4 7 11
61 4 11 10
61 4 13 13
61 4 14 10
61 5 3 12
61 5 4 11
61 5 5 10
61 5 8 9
61 5 9 10
61 5 11 9
61 5 12 12
61 5 14 9
61 8 2 10
61 8 3 9
61 8 4 11
61 8 5 9
61 8 7 11
61 8 10 11
61 8 13 10
61 8 14 11
61 9 0 9
61 9 1 9
61 9 5 8
61 9 6 8
61 9 8 8
61 9 10 8
61 9 13 9
61 9 14 8
61 14 1 10
61 14 3 9
61 14 4 11
61 14 5 9
61 14 7 11
61 14 8 11
61 14 9 10
61 14 10 11
62 6 1 64
62 6 2 61
62 6 3 63
62 6 5 57
62 6 7 69
62 6 9 63
62 6 11 60
62 6 12 62
62 8 2 60
62 8 3 53
62 8 4 61
62 8 5 53
62 8 7 61
62 8 10 55
62 8 13 54
62 8 14 58
62 14 1 65
62 14 3 62
62 14 4 64
62 14 5 58
62 14 7 70
62 14 8 64
62 14 9 61
62 14 10 63
63 5 3 96
63 5 4 105
63 5 5 101
63 5 8 101
63 5 9 101
63 5 11 87
63 5 12 98
63 5 14 94
63 10 1 114
63 10 2 107
63 10 3 101
63 10 5 113
63 10 7 103
63 10 10 97
63 10 11 100
63 10 14 106
63 13 2 110
63 13 3 103
63 13 4 97
63 13 5 109
63 13 6 99
63 13 7 93
63 13 8 96
63 13 11 102
63 14 1 110
63 14 3 103
63 14 4 97
63 14 5 109
63 14 7 99
63 14 8 93
63 14 9 96
63 14 10 102
64 1 1 41
64 1 5 39
64 1 7 38
64 1 8 35
64 1 9 38
64 1 11 36
64 1 13 42
64 1 14 36
64 8 2 43
64 8 3 52
64 8 4 48
64 8 5 48
64 8 7 48
64 8 10 44
64 8 13 45
64 8 14 51
64 13 2 39
64 13 3 48
64 13 4 44
64 13 5 44
64 13 6 44
64 13 7 40
64 13 8 41
64 13 11 47
65 0 0 29
65 0 5 28
65 0 7 30
65 0 8 28
65 0 9 30
65 0 10 30
65 0 11 29
65 0 13 27
65 6 1 28
65 6 2 27
65 6 3 29
65 6 5 27
65 6 7 29
65 6 9 29
65 6 11 28
65 6 12 26
65 8 2 30
65 8 3 29
65 8 4 31
65 8 5 29
65 8 7 31
65 8 10 31
65 8 13 30
65 8 14 28
65 10 1 28
65 10 2 27
65 10 3 29
65 10 5 27
65 10 7 29
65 10 10 29
65 10 11 28
65 10 14 26
65 11 1 30
65 11 2 29
65 11 4 31
65 11 6 29
65 11 7 31
65 11 10 31
65 11 11 30
65 11 14 28
66 2 0 64
66 2 1 61
66 2 3 63
66 2 4 57
66 2 6 69
66 2 8 63
66 2 10 60
66 2 13 62
66 3 3 66
66 3 4 59
66 3 7 61
66 3 8 54
66 3 10 58
66 3 11 65
66 3 12 63
66 3 13 55
66 11 1 63
66 11 2 60
66 11 4 62
66 11 6 56
66 11 7 68
66 11 10 62
66 11 11 59
66 11 14 61
67 6 1 37
67 6 2 46
67 6 3 42
67 6 5 42
67 6 7 42
67 6 9 38
67 6 11 39
67 6 12 45
67 9 0 55
67 9 1 48
67 9 5 56
67 9 6 48
67 9 8 56
67 9 10 50
67 9 13 49
67 9 14 53
67 14 1 42
67 14 3 51
67 14 4 47
67 14 5 47
67 14 7 47
67 14 8 43
67 14 9 44
67 14 10 50
68 0 0 81
68 0 5 72
68 0 7 83
68 0 8 77
68 0 9 85
68 0 10 73
68 0 11 84
68 0 13 79
68 2 0 91
68 2 1 100
68 2 3 96
68 2 4 96
68 2 6 96
68 2 8 82
68 2 10 93
68 2 13 89
68 8 2 82
68 8 3 93
68 8 4 89
68 8 5 87
68 8 7 83
68 8 10 95
68 8 13 82
68 8 14 92
68 14 1 80
68 14 3 91
68 14 4 87
68 14 5 85
68 14 7 81
68 14 8 93
68 14 9 80
68 14 10 90
69 0 0 13
69 0 5 12
69 0 7 11
69 0 8 10
69 0 9 11
69 0 10 10
69 0 11 13
69 0 13 10
69 2 0 12
69 2 1 11
69 2 3 10
69 2 4 9
69 2 6 10
69 2 8 9
69 2 10 12
69 2 13 9
69 8 2 10
69 8 3 9
69 8 4 11
69 8 5 9
69 8 7 11
69 8 10 11
69 8 13 10
69 8 14 11
69 14 1 9
69 14 3 9
69 14 4 8
69 14 5 8
69 14 7 8
69 14 8 8
69 14 9 9
69 14 10 8
70 0 0 95
70 0 5 104
70 0 7 100
70 0 8 100
70 0 9 100
70 0 10 86
70 0 11 97
70 0 13 93
70 4 1 113
70 4 2 106
70 4 3 100
70 4 6 112
70 4 7 102
70 4 11 96
70 4 13 99
70 4 14 105
70 5 3 91
70 5 4 102
70 5 5 104
70 5 8 105
70 5 9 110
70 5 11 104
70 5 12 94
70 5 14 110
71 0 0 66
71 0 5 63
71 0 7 65
71 0 8 59
71 0 9 71
71 0 10 65
71 0 11 62
71 0 13 64
71 1 1 63
71 1 5 60
71 1 7 62
71 1 8 56
71 1 9 68
71 1 11 62
71 1 13 59
71 1 14 61
71 2 0 65
71 2 1 62
71 2 3 64
71 2 4 58
71 2 6 70
71 2 8 64
71 2 10 61
71 2 13 63
71 5 3 62
71 5 4 55
71 5 5 63
71 5 8 55
71 5 9 63
71 5 11 57
71 5 12 56
71 5 14 60
71 10 1 73
71 10 2 72
71 10 3 68
71 10 5 63
71 10 7 68
71 10 10 74
71 10 11 70
71 10 14 71
72 6 1 29
72 6 2 28
72 6 3 30
72 6 5 28
72 6 7 30
72 6 9 30
72 6 11 29
72 6 12 27
72 13 2 34
72 13 3 32
72 13 4 31
72 13 5 28
72 13 6 31
72 13 7 29
72 13 8 35
72 13 11 29
72 14 1 28
72 14 3 27
72 14 4 29
72 14 5 27
72 14 7 29
72 14 8 29
72 14 9 28
72 14 10 26
73 1 1 79
73 1 5 90
73 1 7 86
73 1 8 84
73 1 9 80
73 1 11 92
73 1 13 79
73 1 14 89
73 5 3 84
73 5 4 79
73 5 5 77
73 5 8 72
73 5 9 78
73 5 11 73
73 5 12 86
73 5 14 74
73 10 1 82
73 10 2 77
73 10 3 75
73 10 5 70
73 10 7 76
73 10 10 71
73 10 11 84
73 10 14 72
73 11 1 77
73 11 2 72
73 11 4 70
73 11 6 65
73 11 7 71
73 11 10 66
73 11 11 79
73 11 14 67
73 12 1 83
73 12 2 78
73 12 3 76
73 12 4 71
73 12 7 77
73 12 11 72
73 12 13 85
73 12 14 73
74 0 0 30
74 0 5 29
74 0 7 31
74 0 8 29
74 0 9 31
74 0 10 31
74 0 11 30
74 0 13 28
74 2 0 29
74 2 1 28
74 2 3 30
74 2 4 28
74 2 6 30
74 2 8 30
74 2 10 29
74 2 13 27
74 6 1 28
74 6 2 32
74 6 3 27
74 6 5 28
74 6 7 33
74 6 9 27
74 6 11 31
74 6 12 33
74 13 2 29
74 13 3 28
74 13 4 30
74 13 5 28
74 13 6 30
74 13 7 30
74 13 8 29
74 13 11 27
75 2 0 67
75 2 1 64
75 2 3 66
75 2 4 60
75 2 6 72
75 2 8 66
75 2 10 63
75 2 13 65
75 6 1 63
75 6 2 56
75 6 3 64
75 6 5 56
75 6 7 64
75 6 9 58
75 6 11 57
75 6 12 61
75 10 1 62
75 10 2 59
75 10 3 61
75 10 5 55
75 10 7 67
75 10 10 61
75 10 11 58
75 10 14 60
75 11 1 58
75 11 2 51
75 11 4 59
75 11 6 51
75 11 7 59
75 11 10 53
75 11 11 52
75 11 14 56
76 0 0 15
76 0 5 14
76 0 7 13
76 0 8 12
76 0 9 13
76 0 10 12
76 0 11 15
76 0 13 12
76 10 1 14
76 10 2 13
76 10 3 12
76 10 5 11
76 10 7 12
76 10 10 11
76 10 11 14
76 10 14 11
76 11 1 13
76 11 2 12
76 11 4 11
76 11 6 10
76 11 7 11
76 11 10 10
76 11 11 13
76 11 14 10
77 1 1 36
77 1 5 34
77 1 7 33
77 1 8 30
77 1 9 33
77 1 11 31
77 1 13 37
77 1 14 31
77 2 0 34
77 2 1 32
77 2 3 31
77 2 4 28
77 2 6 31
77 2 8 29
77 2 10 35
77 2 13 29
77 8 2 33
77 8 3 31
77 8 4 30
77 8 5 27
77 8 7 30
77 8 10 28
77 8 13 34
77 8 14 28
77 11 1 29
77 11 2 28
77 11 4 30
77 11 6 28
77 11 7 30
77 11 10 30
77 11 11 29
77 11 14 27
78 7 3 15
78 7 4 14
78 7 5 13
78 7 7 12
78 7 10 13
78 7 12 12
78 7 13 15
78 7 14 12
78 9 0 14
78 9 1 13
78 9 5 12
78 9 6 11
78 9 8 12
78 9 10 11
78 9 13 14
78 9 14 11
78 13 2 13
78 13 3 12
78 13 4 11
78 13 5 10
78 13 6 11
78 13 7 10
78 13 8 13
78 13 11 10
79 5 3 79
79 5 4 90
79 5 5 86
79 5 8 84
79 5 9 80
79 5 11 92
79 5 12 79
79 5 14 89
79 6 1 84
79 6 2 79
79 6 3 77
79 6 5 72
79 6 7 78
79 6 9 73
79 6 11 86
79 6 12 74
79 9 0 82
79 9 1 77
79 9 5 75
79 9 6 70
79 9 8 76
79 9 10 71
79 9 13 84
79 9 14 72
79 10 1 77
79 10 2 72
79 10 3 70
79 10 5 65
79 10 7 71
79 10 10 66
79 10 11 79
79 10 14 67
79 13 2 83
79 13 3 78
79 13 4 76
79 13 5 71
79 13 6 77
79 13 7 72
79 13 8 85
79 13 11 73
80 0 0 81
80 0 5 72
80 0 7 83
80 0 8 77
80 0 9 85
80 0 10 73
80 0 11 84
80 0 13 79
80 6 1 91
80 6 2 100
80 6 3 96
80 6 5 96
80 6 7 96
80 6 9 82
80 6 11 93
80 6 12 89
80 7 3 82
80 7 4 93
80 7 5 89
80 7 7 87
80 7 10 83
80 7 12 95
80 7 13 82
80 7 14 92
80 12 1 80
80 12 2 91
80 12 3 87
80 12 4 85
80 12 7 81
80 12 11 93
80 12 13 80
80 12 14 90
80 14 1 76
80 14 3 87
80 14 4 83
80 14 5 81
80 14 7 77
80 14 8 89
80 14 9 76
80 14 10 86
81 2 0 63
81 2 1 56
81 2 3 64
81 2 4 56
81 2 6 64
81 2 8 58
81 2 10 57
81 2 13 61
81 3 3 56
81 3 4 49
81 3 7 57
81 3 8 49
81 3 10 57
81 3 11 51
81 3 12 50
81 3 13 54
81 7 3 66
81 7 4 59
81 7 5 61
81 7 7 54
81 7 10 58
81 7 12 65
81 7 13 63
81 7 14 55
81 10 1 56
81 10 2 49
81 10 3 57
81 10 5 49
81 10 7 57
81 10 10 51
81 10 11 50
81 10 14 54
81 12 1 66
81 12 2 59
81 12 3 61
81 12 4 54
81 12 7 58
81 12 11 65
81 12 13 63
81 12 14 55
82 1 1 20
82 1 5 19
82 1 7 18
82 1 8 17
82 1 9 18
82 1 11 17
82 1 13 20
82 1 14 17
82 2 0 19
82 2 1 18
82 2 3 17
82 2 4 16
82 2 6 17
82 2 8 16
82 2 10 19
82 2 13 16
82 5 3 18
82 5 4 17
82 5 5 16
82 5 8 15
82 5 9 16
82 5 11 15
82 5 12 18
82 5 14 15
82 12 1 17
82 12 2 16
82 12 3 15
82 12 4 14
82 12 7 15
82 12 11 14
82 12 13 17
82 12 14 14
82 14 1 18
82 14 3 17
82 14 4 16
82 14 5 15
82 14 7 16
82 14 8 15
82 14 9 18
82 14 10 15
83 7 3 40
83 7 4 38
83 7 5 37
83 7 7 34
83 7 10 37
83 7 12 35
83 7 13 41
83 7 14 35
83 8 2 38
83 8 3 36
83 8 4 35
83 8 5 32
83 8 7 35
83 8 10 33
83 8 13 39
83 8 14 33
83 14 1 37
83 14 3 35
83 14 4 34
83 14 5 31
83 14 7 34
83 14 8 32
83 14 9 38
83 14 10 32
84 2 0 17
84 2 1 16
84 2 3 15
84 2 4 14
84 2 6 15
84 2 8 14
84 2 10 17
84 2 13 14
84 3 3 16
84 3 4 15
84 3 7 14
84 3 8 13
84 3 10 14
84 3 11 13
84 3 12 16
84 3 13 13
84 5 3 15
84 5 4 14
84 5 5 13
84 5 8 12
84 5 9 13
84 5 11 12
84 5 12 15
84 5 14 12
84 12 1 14
84 12 2 13
84 12 3 12
84 12 4 11
84 12 7 12
84 12 11 11
84 12 13 14
84 12 14 11
85 1 1 84
85 1 5 79
85 1 7 77
85 1 8 72
85 1 9 78
85 1 11 73
85 1 13 86
85 1 14 74
85 2 0 83
85 2 1 94
85 2 3 98
85 2 4 83
85 2 6 81
85 2 8 94
85 2 10 83
85 2 13 84
85 6 1 81
85 6 2 92
85 6 3 88
85 6 5 86
85 6 7 82
85 6 9 94
85 6 11 81
85 6 12 91
85 8 2 79
85 8 3 90
85 8 4 86
85 8 5 84
85 8 7 80
85 8 10 92
85 8 13 79
85 8 14 89
85 12 1 81
85 12 2 72
85 12 3 83
85 12 4 77
85 12 7 85
85 12 11 73
85 12 13 84
85 12 14 79
86 1 1 41
86 1 5 39
86 1 7 38
86 1 8 35
86 1 9 38
86 1 11 36
86 1 13 42
86 1 14 36
86 3 3 43
86 3 4 52
86 3 7 48
86 3 8 48
86 3 10 48
86 3 11 44
86 3 12 45
86 3 13 51
86 5 3 39
86 5 4 48
86 5 5 44
86 5 8 44
86 5 9 44
86 5 11 40
86 5 12 41
86 5 14 47
86 11 1 39
86 11 2 48
86 11 4 44
86 11 6 44
86 11 7 44
86 11 10 40
86 11 11 41
86 11 14 47
87 0 0 41
87 0 5 39
87 0 7 38
87 0 8 35
87 0 9 38
87 0 10 36
87 0 11 42
87 0 13 36
87 3 3 39
87 3 4 37
87 3 7 36
87 3 8 33
87 3 10 36
87 3 11 34
87 3 12 40
87 3 13 34
87 7 3 38
87 7 4 36
87 7 5 35
87 7 7 32
87 7 10 35
87 7 12 33
87 7 13 39
87 7 14 33
87 13 2 35
87 13 3 33
87 13 4 32
87 13 5 29
87 13 6 32
87 13 7 30
87 13 8 36
87 13 11 30
87 14 1 38
87 14 3 36
87 14 4 35
87 14 5 32
87 14 7 35
87 14 8 33
87 14 9 39
87 14 10 33
88 2 0 23
88 2 1 22
88 2 3 24
88 2 4 22
88 2 6 24
88 2 8 24
88 2 10 23
88 2 13 21
88 5 3 22
88 5 4 21
88 5 5 23
88 5 8 21
88 5 9 23
88 5 11 23
88 5 12 22
88 5 14 20
88 8 2 24
88 8 3 23
88 8 4 25
88 8 5 23
88 8 7 25
88 8 10 25
88 8 13 24
88 8 14 22
88 10 1 22
88 10 2 21
88 10 3 23
88 10 5 21
88 10 7 23
88 10 10 23
88 10 11 22
88 10 14 20
88 14 1 24
88 14 3 23
88 14 4 25
88 14 5 23
88 14 7 25
88 14 8 25
88 14 9 24
88 14 10 22
89 2 0 38
89 2 1 36
89 2 3 35
89 2 4 32
89 2 6 35
89 2 8 33
89 2 10 39
89 2 13 33
89 9 0 36
89 9 1 34
89 9 5 33
89 9 6 30
89 9 8 33
89 9 10 31
89 9 13 37
89 9 14 31
89 11 1 35
89 11 2 33
89 11 4 32
89 11 6 29
89 11 7 32
89 11 10 30
89 11 11 36
89 11 14 30
89 12 1 28
89 12 2 32
89 12 3 27
89 12 4 28
89 12 7 33
89 12 11 27
89 12 13 31
89 12 14 33
90 6 1 61
90 6 2 54
90 6 3 62
90 6 5 54
90 6 7 62
90 6 9 56
90 6 11 55
90 6 12 59
90 7 3 54
90 7 4 47
90 7 5 52
90 7 7 53
90 7 10 54
90 7 12 48
90 7 13 51
90 7 14 46
90 9 0 62
90 9 1 55
90 9 5 63
90 9 6 55
90 9 8 63
90 9 10 57
90 9 13 56
90 9 14 60
90 12 1 54
90 12 2 47
90 12 3 52
90 12 4 53
90 12 7 54
90 12 11 48
90 12 13 51
90 12 14 46
90 13 2 62
90 13 3 55
90 13 4 63
90 13 5 55
90 13 6 63
90 13 7 57
90 13 8 56
90 13 11 60
91 1 1 59
91 1 5 52
91 1 7 60
91 1 8 52
91 1 9 60
91 1 11 54
91 1 13 53
91 1 14 57
91 3 3 43
91 3 4 52
91 3 7 48
91 3 8 48
91 3 10 48
91 3 11 44
91 3 12 45
91 3 13 51
91 8 2 60
91 8 3 53
91 8 4 61
91 8 5 53
91 8 7 61
91 8 10 55
91 8 13 54
91 8 14 58
91 11 1 43
91 11 2 52
91 11 4 48
91 11 6 48
91 11 7 48
91 11 10 44
91 11 11 45
91 11 14 51
92 2 0 26
92 2 1 25
92 2 3 27
92 2 4 25
92 2 6 27
92 2 8 27
92 2 10 26
92 2 13 24
92 3 3 25
92 3 4 24
92 3 7 26
92 3 8 24
92 3 10 26
92 3 11 26
92 3 12 25
92 3 13 23
92 4 1 27
92 4 2 26
92 4 3 28
92 4 6 26
92 4 7 28
92 4 11 28
92 4 13 27
92 4 14 25
92 12 1 25
92 12 2 24
92 12 3 26
92 12 4 24
92 12 7 26
92 12 11 26
92 12 13 25
92 12 14 23
93 1 1 35
93 1 5 33
93 1 7 32
93 1 8 29
93 1 9 32
93 1 11 30
93 1 13 36
93 1 14 30
93 12 1 33
93 12 2 31
93 12 3 30
93 12 4 27
93 12 7 30
93 12 11 28
93 12 13 34
93 12 14 28
93 14 1 28
93 14 3 32
93 14 4 27
93 14 5 28
93 14 7 33
93 14 8 27
93 14 9 31
93 14 10 33
94 7 3 40
94 7 4 42
94 7 5 38
94 7 7 36
94 7 10 41
94 7 12 44
94 7 13 40
94 7 14 41
94 8 2 37
94 8 3 46
94 8 4 42
94 8 5 42
94 8 7 42
94 8 10 38
94 8 13 39
94 8 14 45
94 9 0 40
94 9 1 38
94 9 5 37
94 9 6 34
94 9 8 37
94 9 10 35
94 9 13 41
94 9 14 35
94 10 1 38
94 10 2 36
94 10 3 35
94 10 5 32
94 10 7 35
94 10 10 33
94 10 11 39
94 10 14 33
94 14 1 36
94 14 3 45
94 14 4 41
94 14 5 41
94 14 7 41
94 14 8 37
94 14 9 38
94 14 10 44
95 2 0 82
95 2 1 77
95 2 3 75
95 2 4 70
95 2 6 76
95 2 8 71
95 2 10 84
95 2 13 72
95 7 3 83
95 7 4 94
95 7 5 90
95 7 7 88
95 7 10 84
95 7 12 96
95 7 13 83
95 7 14 93
95 13 2 79
95 13 3 90
95 13 4 86
95 13 5 84
95 13 6 80
95 13 7 92
95 13 8 79
95 13 11 89
95 14 1 77
95 14 3 88
95 14 4 84
95 14 5 82
95 14 7 78
95 14 8 90
95 14 9 77
95 14 10 87
96 0 0 40
96 0 5 42
96 0 7 38
96 0 8 36
96 0 9 41
96 0 10 44
96 0 11 40
96 0 13 41
96 4 1 40
96 4 2 38
96 4 3 37
96 4 6 34
96 4 7 37
96 4 11 35
96 4 13 41
96 4 14 35
96 5 3 39
96 5 4 37
96 5 5 36
96 5 8 33
96 5 9 36
96 5 11 34
96 5 12 40
96 5 14 34
96 6 1 36
96 6 2 34
96 6 3 33
96 6 5 30
96 6 7 33
96 6 9 31
96 6 11 37
96 6 12 31
96 12 1 39
96 12 2 37
96 12 3 36
96 12 4 33
96 12 7 36
96 12 11 34
96 12 13 40
96 12 14 34
97 1 1 76
97 1 5 87
97 1 7 83
97 1 8 81
97 1 9 77
97 1 11 89
97 1 13 76
97 1 14 86
97 3 3 92
97 3 4 101
97 3 7 97
97 3 8 97
97 3 10 97
97 3 11 83
97 3 12 94
97 3 13 90
97 9 0 83
97 9 1 94
97 9 5 90
97 9 6 88
97 9 8 84
97 9 10 96
97 9 13 83
97 9 14 93
97 11 1 81
97 11 2 92
97 11 4 88
97 11 6 86
97 11 7 82
97 11 10 94
97 11 11 81
97 11 14 91
97 14 1 77
97 14 3 88
97 14 4 84
97 14 5 82
97 14 7 78
97 14 8 90
97 14 9 77
97 14 10 87
98 0 0 91
98 0 5 100
98 0 7 96
98 0 8 96
98 0 9 96
98 0 10 82
98 0 11 93
98 0 13 89
98 1 1 111
98 1 5 104
98 1 7 98
98 1 8 110
98 1 9 100
98 1 11 94
98 1 13 97
98 1 14 103
98 4 1 113
98 4 2 106
98 4 3 100
98 4 6 112
98 4 7 102
98 4 11 96
98 4 13 99
98 4 14 105
98 9 0 114
98 9 1 107
98 9 5 101
98 9 6 113
98 9 8 103
98 9 10 97
98 9 13 100
98 9 14 106
99 0 0 81
99 0 5 72
99 0 7 83
99 0 8 77
99 0 9 85
99 0 10 73
99 0 11 84
99 0 13 79
99 5 3 91
99 5 4 100
99 5 5 96
99 5 8 96
99 5 9 96
99 5 11 82
99 5 12 93
99 5 14 89
99 6 1 82
99 6 2 93
99 6 3 89
99 6 5 87
99 6 7 83
99 6 9 95
99 6 11 82
99 6 12 92
99 10 1 80
99 10 2 91
99 10 3 87
99 10 5 85
99 10 7 81
99 10 10 93
99 10 11 80
99 10 14 90
99 12 1 76
99 12 2 87
99 12 3 83
99 12 4 81
99 12 7 77
99 12 11 89
99 12 13 76
99 12 14 86
100 4 1 62
100 4 2 59
100 4 3 61
100 4 6 55
100 4 7 67
100 4 11 61
100 4 13 58
100 4 14 60
100 10 1 58
100 10 2 51
100 10 3 59
100 10 5 51
100 10 7 59
100 10 10 53
100 10 11 52
100 10 14 56
100 11 1 63
100 11 2 60
100 11 4 62
100 11 6 56
100 11 7 68
100 11 10 62
100 11 11 59
100 11 14 61
101 1 1 41
101 1 5 39
101 1 7 38
101 1 8 35
101 1 9 38
101 1 11 36
101 1 13 42
101 1 14 36
101 2 0 39
101 2 1 37
101 2 3 36
101 2 4 33
101 2 6 36
101 2 8 34
101 2 10 40
101 2 13 34
101 12 1 38
101 12 2 36
101 12 3 35
101 12 4 32
101 12 7 35
101 12 11 33
101 12 13 39
101 12 14 33
102 2 0 91
102 2 1 100
102 2 3 96
102 2 4 96
102 2 6 96
102 2 8 82
102 2 10 93
102 2 13 89
102 6 1 111
102 6 2 104
102 6 3 98
102 6 5 110
102 6 7 100
102 6 9 94
102 6 11 97
102 6 12 103
102 12 1 113
102 12 2 106
102 12 3 100
102 12 4 112
102 12 7 102
102 12 11 96
102 12 13 99
102 12 14 105
102 13 2 114
102 13 3 107
102 13 4 101
102 13 5 113
102 13 6 103
102 13 7 97
102 13 8 100
102 13 11 106
103 2 0 78
103 2 1 89
103 2 3 85
103 2 4 83
103 2 6 79
103 2 8 91
103 2 10 78
103 2 13 88
103 8 2 83
103 8 3 78
103 8 4 76
103 8 5 71
103 8 7 77
103 8 10 72
103 8 13 85
103 8 14 73
103 9 0 81
103 9 1 76
103 9 5 74
103 9 6 69
103 9 8 75
103 9 10 70
103 9 13 83
103 9 14 71
104 0 0 40
104 0 5 38
104 0 7 37
104 0 8 34
104 0 9 37
104 0 10 35
104 0 11 41
104 0 13 35
104 3 3 38
104 3 4 36
104 3 7 35
104 3 8 32
104 3 10 35
104 3 11 33
104 3 12 39
104 3 13 33
104 5 3 37
104 5 4 35
104 5 5 34
104 5 8 31
104 5 9 34
104 5 11 32
104 5 12 38
104 5 14 32
104 11 1 34
104 11 2 32
104 11 4 31
104 11 6 28
104 11 7 31
104 11 10 29
104 11 11 35
104 11 14 29
104 14 1 37
104 14 3 35
104 14 4 34
104 14 5 31
104 14 7 34
104 14 8 32
104 14 9 38
104 14 10 32
105 0 0 15
105 0 5 14
105 0 7 13
105 0 8 12
105 0 9 13
105 0 10 12
105 0 11 15
105 0 13 12
105 2 0 14
105 2 1 13
105 2 3 12
105 2 4 11
105 2 6 12
105 2 8 11
105 2 10 14
105 2 13 11
105 3 3 13
105 3 4 12
105 3 7 11
105 3 8 10
105 3 10 11
105 3 11 10
105 3 12 13
105 3 13 10
105 7 3 12
105 7 4 11
105 7 5 10
105 7 7 9
105 7 10 10
105 7 12 9
105 7 13 12
105 7 14 9
106 4 1 78
106 4 2 73
106 4 3 71
106 4 6 66
106 4 7 72
106 4 11 67
106 4 13 80
106 4 14 68
106 8 2 77
106 8 3 72
106 8 4 70
106 8 5 65
106 8 7 71
106 8 10 66
106 8 13 79
106 8 14 67
106 9 0 69
106 9 1 66
106 9 5 68
106 9 6 62
106 9 8 74
106 9 10 68
106 9 13 65
106 9 14 67
106 13 2 64
106 13 3 61
106 13 4 63
106 13 5 57
106 13 6 69
106 13 7 63
106 13 8 60
106 13 11 62
107 0 0 36
107 0 5 45
107 0 7 41
107 0 8 41
107 0 9 41
107 0 10 37
107 0 11 38
107 0 13 44
107 5 3 54
107 5 4 47
107 5 5 52
107 5 8 53
107 5 9 54
107 5 11 48
107 5 12 51
107 5 14 46
107 6 1 41
107 6 2 50
107 6 3 46
107 6 5 46
107 6 7 46
107 6 9 42
107 6 11 43
107 6 12 49
107 13 2 41
107 13 3 50
107 13 4 46
107 13 5 46
107 13 6 46
107 13 7 42
107 13 8 43
107 13 11 49
108 0 0 84
108 0 5 79
108 0 7 77
108 0 8 72
108 0 9 78
108 0 10 73
108 0 11 86
108 0 13 74
108 2 0 79
108 2 1 74
108 2 3 72
108 2 4 67
108 2 6 73
108 2 8 68
108 2 10 81
108 2 13 69
108 8 2 77
108 8 3 72
108 8 4 70
108 8 5 65
108 8 7 71
108 8 10 66
108 8 13 79
108 8 14 67
108 11 1 68
108 11 2 65
108 11 4 67
108 11 6 61
108 11 7 73
108 11 10 67
108 11 11 64
108 11 14 66
109 1 1 96
109 1 5 105
109 1 7 101
109 1 8 101
109 1 9 101
109 1 11 87
109 1 13 98
109 1 14 94
109 3 3 114
109 3 4 107
109 3 7 101
109 3 8 113
109 3 10 103
109 3 11 97
109 3 12 100
109 3 13 106
109 6 1 110
109 6 2 103
109 6 3 97
109 6 5 109
109 6 7 99
109 6 9 93
109 6 11 96
109 6 12 102
110 0 0 95
110 0 5 104
110 0 7 100
110 0 8 100
110 0 9 100
110 0 10 86
110 0 11 97
110 0 13 93
110 1 1 113
110 1 5 106
110 1 7 100
110 1 8 112
110 1 9 102
110 1 11 96
110 1 13 99
110 1 14 105
110 6 1 91
110 6 2 102
110 6 3 104
110 6 5 105
110 6 7 110
110 6 9 104
110 6 11 94
110 6 12 110
110 8 2 91
110 8 3 102
110 8 4 104
110 8 5 105
110 8 7 110
110 8 10 104
110 8 13 94
110 8 14 110
110 13 2 91
110 13 3 102
110 13 4 104
110 13 5 105
110 13 6 110
110 13 7 104
110 13 8 94
110 13 11 110
111 0 0 99
111 0 5 108
111 0 7 104
111 0 8 104
111 0 9 104
111 0 10 90
111 0 11 101
111 0 13 97
111 2 0 117
111 2 1 110
111 2 3 104
111 2 4 116
111 2 6 106
111 2 8 100
111 2 10 103
111 2 13 109
111 4 1 113
111 4 2 106
111 4 3 100
111 4 6 112
111 4 7 102
111 4 11 96
111 4 13 99
111 4 14 105
111 8 2 113
111 8 3 106
111 8 4 100
111 8 5 112
111 8 7 102
111 8 10 96
111 8 13 99
111 8 14 105
111 10 1 113
111 10 2 106
111 10 3 100
111 10 5 112
111 10 7 102
111 10 10 96
111 10 11 99
111 10 14 105
112 1 1 61
112 1 5 54
112 1 7 62
112 1 8 54
112 1 9 62
112 1 11 56
112 1 13 55
112 1 14 59
112 3 3 54
112 3 4 47
112 3 7 52
112 3 8 53
112 3 10 54
112 3 11 48
112 3 12 51
112 3 13 46
112 8 2 62
112 8 3 55
112 8 4 63
112 8 5 55
112 8 7 63
112 8 10 57
112 8 13 56
112 8 14 60
112 10 1 54
112 10 2 47
112 10 3 52
112 10 5 53
112 10 7 54
112 10 10 48
112 10 11 51
112 10 14 46
112 11 1 62
112 11 2 55
112 11 4 63
112 11 6 55
112 11 7 63
112 11 10 57
112 11 11 56
112 11 14 60
113 0 0 41
113 0 5 39
113 0 7 38
113 0 8 35
113 0 9 38
113 0 10 36
113 0 11 42
113 0 13 36
113 5 3 39
113 5 4 37
113 5 5 36
113 5 8 33
113 5 9 36
113 5 11 34
113 5 12 40
113 5 14 34
113 8 2 38
113 8 3 36
113 8 4 35
113 8 5 32
113 8 7 35
113 8 10 33
113 8 13 39
113 8 14 33
113 14 1 35
113 14 3 33
113 14 4 32
113 14 5 29
113 14 7 32
113 14 8 30
113 14 9 36
113 14 10 30
114 0 0 25
114 0 5 24
114 0 7 26
114 0 8 24
114 0 9 26
114 0 10 26
114 0 11 25
114 0 13 23
114 1 1 24
114 1 5 23
114 1 7 25
114 1 8 23
114 1 9 25
114 1 11 25
114 1 13 24
114 1 14 22
114 6 1 26
114 6 2 25
114 6 3 27
114 6 5 25
114 6 7 27
114 6 9 27
114 6 11 26
114 6 12 24
114 10 1 24
114 10 2 23
114 10 3 25
114 10 5 23
114 10 7 25
114 10 10 25
114 10 11 24
114 10 14 22
115 1 1 38
115 1 5 47
115 1 7 43
115 1 8 43
115 1 9 43
115 1 11 39
115 1 13 40
115 1 14 46
115 2 0 56
115 2 1 49
115 2 3 57
115 2 4 49
115 2 6 57
115 2 8 51
115 2 10 50
115 2 13 54
115 4 1 43
115 4 2 52
115 4 3 48
115 4 6 48
115 4 7 48
115 4 11 44
115 4 13 45
115 4 14 51
115 5 3 43
115 5 4 52
115 5 5 48
115 5 8 48
115 5 9 48
115 5 11 44
115 5 12 45
115 5 14 51
116 6 1 39
116 6 2 37
116 6 3 36
116 6 5 33
116 6 7 36
116 6 9 34
116 6 11 40
116 6 12 34
116 10 1 41
116 10 2 50
116 10 3 46
116 10 5 46
116 10 7 46
116 10 10 42
116 10 11 43
116 10 14 49
116 11 1 37
116 11 2 46
116 11 4 42
116 11 6 42
116 11 7 42
116 11 10 38
116 11 11 39
116 11 14 45
117 4 1 15
117 4 2 14
117 4 3 13
117 4 6 12
117 4 7 13
117 4 11 12
117 4 13 15
117 4 14 12
117 7 3 14
117 7 4 13
117 7 5 12
117 7 7 11
117 7 10 12
117 7 12 11
117 7 13 14
117 7 14 11
117 9 0 13
117 9 1 12
117 9 5 11
117 9 6 10
117 9 8 11
117 9 10 10
117 9 13 13
117 9 14 10
117 11 1 12
117 11 2 11
117 11 4 10
117 11 6 9
117 11 7 10
117 11 10 9
117 11 11 12
117 11 14 9
117 12 1 13
117 12 2 12
117 12 3 11
117 12 4 10
117 12 7 11
117 12 11 10
117 12 13 13
117 12 14 10
118 1 1 84
118 1 5 79
118 1 7 77
118 1 8 72
118 1 9 78
118 1 11 73
118 1 13 86
118 1 14 74
118 2 0 79
118 2 1 74
118 2 3 72
118 2 4 67
118 2 6 73
118 2 8 68
118 2 10 81
118 2 13 69
118 4 1 77
118 4 2 72
118 4 3 70
118 4 6 65
118 4 7 71
118 4 11 66
118 4 13 79
118 4 14 67
118 9 0 68
118 9 1 65
118 9 5 67
118 9 6 61
118 9 8 73
118 9 10 67
118 9 13 64
118 9 14 66
118 10 1 78
118 10 2 73
118 10 3 71
118 10 5 66
118 10 7 72
118 10 10 67
118 10 11 80
118 10 14 68
119 1 1 82
119 1 5 77
119 1 7 75
119 1 8 70
119 1 9 76
119 1 11 71
119 1 13 84
119 1 14 72
119 2 0 83
119 2 1 94
119 2 3 90
119 2 4 88
119 2 6 84
119 2 8 96
119 2 10 83
119 2 13 93
119 5 3 79
119 5 4 90
119 5 5 86
119 5 8 84
119 5 9 80
119 5 11 92
119 5 12 79
119 5 14 89
119 6 1 77
119 6 2 88
119 6 3 84
119 6 5 82
119 6 7 78
119 6 9 90
119 6 11 77
119 6 12 87
120 1 1 19
120 1 5 18
120 1 7 17
120 1 8 16
120 1 9 17
120 1 11 16
120 1 13 19
120 1 14 16
120 4 1 18
120 4 2 17
120 4 3 16
120 4 6 15
120 4 7 16
120 4 11 15
120 4 13 18
120 4 14 15
120 5 3 17
120 5 4 16
120 5 5 15
120 5 8 14
120 5 9 15
120 5 11 14
120 5 12 17
120 5 14 14
120 12 1 16
120 12 2 15
120 12 3 14
120 12 4 13
120 12 7 14
120 12 11 13
120 12 13 16
120 12 14 13
120 14 1 17
120 14 3 16
120 14 4 15
120 14 5 14
120 14 7 15
120 14 8 14
120 14 9 17
120 14 10 14
121 0 0 67
121 0 5 64
121 0 7 66
121 0 8 60
121 0 9 72
121 0 10 66
121 0 11 63
121 0 13 65
121 4 1 64
121 4 2 61
121 4 3 63
121 4 6 57
121 4 7 69
121 4 11 63
121 4 13 60
121 4 14 62
121 8 2 66
121 8 3 63
121 8 4 65
121 8 5 59
121 8 7 71
121 8 10 65
121 8 13 62
121 8 14 64
121 9 0 63
121 9 1 56
121 9 5 64
121 9 6 56
121 9 8 64
121 9 10 58
121 9 13 57
121 9 14 61
122 1 1 40
122 1 5 42
122 1 7 38
122 1 8 36
122 1 9 41
122 1 11 44
122 1 13 40
122 1 14 41
122 6 1 44
122 6 2 53
122 6 3 49
122 6 5 49
122 6 7 49
122 6 9 45
122 6 11 46
122 6 12 52
122 7 3 40
122 7 4 49
122 7 5 45
122 7 7 45
122 7 10 45
122 7 12 41
122 7 13 42
122 7 14 48
122 10 1 40
122 10 2 49
122 10 3 45
122 10 5 45
122 10 7 45
122 10 10 41
122 10 11 42
122 10 14 48
123 5 3 28
123 5 4 32
123 5 5 27
123 5 8 28
123 5 9 33
123 5 11 27
123 5 12 31
123 5 14 33
123 7 3 30
123 7 4 29
123 7 5 31
123 7 7 29
123 7 10 31
123 7 12 31
123 7 13 30
123 7 14 28
123 11 1 33
123 11 2 31
123 11 4 30
123 11 6 27
123 11 7 30
123 11 10 28
123 11 11 34
123 11 14 28
123 12 1 30
123 12 2 29
123 12 3 31
123 12 4 29
123 12 7 31
123 12 11 31
123 12 13 30
123 12 14 28
123 13 2 33
123 13 3 31
123 13 4 30
123 13 5 27
123 13 6 30
123 13 7 28
123 13 8 34
123 13 11 28
124 7 3 81
124 7 4 72
124 7 5 83
124 7 7 77
124 7 10 85
124 7 12 73
124 7 13 84
124 7 14 79
124 9 0 80
124 9 1 75
124 9 5 73
124 9 6 68
124 9 8 74
124 9 10 69
124 9 13 82
124 9 14 70
124 12 1 78
124 12 2 73
124 12 3 71
124 12 4 66
124 12 7 72
124 12 11 67
124 12 13 80
124 12 14 68
125 1 1 61
125 1 5 54
125 1 7 62
125 1 8 54
125 1 9 62
125 1 11 56
125 1 13 55
125 1 14 59
125 4 1 54
125 4 2 47
125 4 3 52
125 4 6 53
125 4 7 54
125 4 11 48
125 4 13 51
125 4 14 46
125 5 3 62
125 5 4 55
125 5 5 63
125 5 8 55
125 5 9 63
125 5 11 57
125 5 12 56
125 5 14 60
125 9 0 54
125 9 1 47
125 9 5 52
125 9 6 53
125 9 8 54
125 9 10 48
125 9 13 51
125 9 14 46
126 1 1 67
126 1 5 64
126 1 7 66
126 1 8 60
126 1 9 72
126 1 11 66
126 1 13 63
126 1 14 65
126 2 0 64
126 2 1 61
126 2 3 63
126 2 4 57
126 2 6 69
126 2 8 63
126 2 10 60
126 2 13 62
126 8 2 66
126 8 3 63
126 8 4 65
126 8 5 59
126 8 7 71
126 8 10 65
126 8 13 62
126 8 14 64
126 12 1 63
126 12 2 56
126 12 3 64
126 12 4 56
126 12 7 64
126 12 11 58
126 12 13 57
126 12 14 61
126 14 1 76
126 14 3 71
126 14 4 69
126 14 5 64
126 14 7 70
126 14 8 65
126 14 9 78
126 14 10 66
127 0 0 65
127 0 5 62
127 0 7 64
127 0 8 58
127 0 9 70
127 0 10 64
127 0 11 61
127 0 13 63
127 2 0 62
127 2 1 59
127 2 3 61
127 2 4 55
127 2 6 67
127 2 8 61
127 2 10 58
127 2 13 60
127 6 1 64
127 6 2 61
127 6 3 63
127 6 5 57
127 6 7 69
127 6 9 63
127 6 11 60
127 6 12 62
127 12 1 61
127 12 2 54
127 12 3 62
127 12 4 54
127 12 7 62
127 12 11 56
127 12 13 55
127 12 14 59
128 5 3 81
128 5 4 76
128 5 5 74
128 5 8 69
128 5 9 75
128 5 11 70
128 5 12 83
128 5 14 71
128 9 0 82
128 9 1 93
128 9 5 89
128 9 6 87
128 9 8 83
128 9 10 95
128 9 13 82
128 9 14 92
128 10 1 78
128 10 2 89
128 10 3 85
128 10 5 83
128 10 7 79
128 10 10 91
128 10 11 78
128 10 14 88
128 11 1 76
128 11 2 87
128 11 4 83
128 11 6 81
128 11 7 77
128 11 10 89
128 11 11 76
128 11 14 86
128 13 2 82
128 13 3 77
128 13 4 75
128 13 5 70
128 13 6 76
128 13 7 71
128 13 8 84
128 13 11 72
129 2 0 81
129 2 1 72
129 2 3 83
129 2 4 77
129 2 6 85
129 2 8 73
129 2 10 84
129 2 13 79
129 3 3 91
129 3 4 100
129 3 7 96
129 3 8 96
129 3 10 96
129 3 11 82
129 3 12 93
129 3 13 89
129 5 3 82
129 5 4 93
129 5 5 89
129 5 8 87
129 5 9 83
129 5 11 95
129 5 12 82
129 5 14 92
129 9 0 80
129 9 1 91
129 9 5 87
129 9 6 85
129 9 8 81
129 9 10 93
129 9 13 80
129 9 14 90
129 13 2 76
129 13 3 87
129 13 4 83
129 13 5 81
129 13 6 77
129 13 7 89
129 13 8 76
129 13 11 86
130 0 0 26
130 0 5 25
130 0 7 27
130 0 8 25
130 0 9 27
130 0 10 27
130 0 11 26
130 0 13 24
130 2 0 25
130 2 1 24
130 2 3 26
130 2 4 24
130 2 6 26
130 2 8 26
130 2 10 25
130 2 13 23
130 5 3 27
130 5 4 26
130 5 5 28
130 5 8 26
130 5 9 28
130 5 11 28
130 5 12 27
130 5 14 25
130 6 1 25
130 6 2 24
130 6 3 26
130 6 5 24
130 6 7 26
130 6 9 26
130 6 11 25
130 6 12 23
131 4 1 66
131 4 2 63
131 4 3 65
131 4 6 59
131 4 7 71
131 4 11 65
131 4 13 62
131 4 14 64
131 5 3 63
131 5 4 60
131 5 5 62
131 5 8 56
131 5 9 68
131 5 11 62
131 5 12 59
131 5 14 61
131 9 0 65
131 9 1 62
131 9 5 64
131 9 6 58
131 9 8 70
131 9 10 64
131 9 13 61
131 9 14 63
131 10 1 62
131 10 2 55
131 10 3 63
131 10 5 55
131 10 7 63
131 10 10 57
131 10 11 56
131 10 14 60
131 11 1 73
131 11 2 72
131 11 4 68
131 11 6 63
131 11 7 68
131 11 10 74
131 11 11 70
131 11 14 71
132 4 1 23
132 4 2 22
132 4 3 24
132 4 6 22
132 4 7 24
132 4 11 24
132 4 13 23
132 4 14 21
132 7 3 22
132 7 4 21
132 7 5 23
132 7 7 21
132 7 10 23
132 7 12 23
132 7 13 22
132 7 14 20
132 9 0 24
132 9 1 23
132 9 5 25
132 9 6 23
132 9 8 25
132 9 10 25
132 9 13 24
132 9 14 22
132 10 1 22
132 10 2 21
132 10 3 23
132 10 5 21
132 10 7 23
132 10 10 23
132 10 11 22
132 10 14 20
133 7 3 68
133 7 4 65
133 7 5 67
133 7 7 61
133 7 10 73
133 7 12 67
133 7 13 64
133 7 14 66
133 8 2 65
133 8 3 62
133 8 4 64
133 8 5 58
133 8 7 70
133 8 10 64
133 8 13 61
133 8 14 63
133 9 0 67
133 9 1 64
133 9 5 66
133 9 6 60
133 9 8 72
133 9 10 66
133 9 13 63
133 9 14 65
133 10 1 66
133 10 2 59
133 10 3 61
133 10 5 54
133 10 7 58
133 10 10 65
133 10 11 63
133 10 14 55
134 0 0 37
134 0 5 46
134 0 7 42
134 0 8 42
134 0 9 42
134 0 10 38
134 0 11 39
134 0 13 45
134 8 2 55
134 8 3 48
134 8 4 56
134 8 5 48
134 8 7 56
134 8 10 50
134 8 13 49
134 8 14 53
134 10 1 42
134 10 2 51
134 10 3 47
134 10 5 47
134 10 7 47
134 10 10 43
134 10 11 44
134 10 14 50
134 11 1 42
134 11 2 51
134 11 4 47
134 11 6 47
134 11 7 47
134 11 10 43
134 11 11 44
134 11 14 50
135 0 0 28
135 0 5 27
135 0 7 29
135 0 8 27
135 0 9 29
135 0 10 29
135 0 11 28
135 0 13 26
135 6 1 27
135 6 2 26
135 6 3 28
135 6 5 26
135 6 7 28
135 6 9 28
135 6 11 27
135 6 12 25
135 9 0 29
135 9 1 28
135 9 5 30
135 9 6 28
135 9 8 30
135 9 10 30
135 9 13 29
135 9 14 27
135 10 1 27
135 10 2 26
135 10 3 28
135 10 5 26
135 10 7 28
135 10 10 28
135 10 11 27
135 10 14 25
135 14 1 29
135 14 3 28
135 14 4 30
135 14 5 28
135 14 7 30
135 14 8 30
135 14 9 29
135 14 10 27
136 0 0 81
136 0 5 76
136 0 7 74
136 0 8 69
136 0 9 75
136 0 10 70
136 0 11 83
136 0 13 71
136 1 1 76
136 1 5 71
136 1 7 69
136 1 8 64
136 1 9 70
136 1 11 65
136 1 13 78
136 1 14 66
136 11 1 70
136 11 2 67
136 11 4 69
136 11 6 63
136 11 7 75
136 11 10 69
136 11 11 66
136 11 14 68
136 13 2 65
136 13 3 62
136 13 4 64
136 13 5 58
136 13 6 70
136 13 7 64
136 13 8 61
136 13 11 63
137 7 3 67
137 7 4 64
137 7 5 66
137 7 7 60
137 7 10 72
137 7 12 66
137 7 13 63
137 7 14 65
137 8 2 63
137 8 3 56
137 8 4 64
137 8 5 56
137 8 7 64
137 8 10 58
137 8 13 57
137 8 14 61
137 10 1 62
137 10 2 59
137 10 3 61
137 10 5 55
137 10 7 67
137 10 10 61
137 10 11 58
137 10 14 60
137 12 1 58
137 12 2 51
137 12 3 59
137 12 4 51
137 12 7 59
137 12 11 53
137 12 13 52
137 12 14 56
138 7 3 38
138 7 4 36
138 7 5 35
138 7 7 32
138 7 10 35
138 7 12 33
138 7 13 39
138 7 14 33
138 9 0 40
138 9 1 49
138 9 5 45
138 9 6 45
138 9 8 45
138 9 10 41
138 9 13 42
138 9 14 48
138 12 1 36
138 12 2 45
138 12 3 41
138 12 4 41
138 12 7 41
138 12 11 37
138 12 13 38
138 12 14 44
138 14 1 36
138 14 3 45
138 14 4 41
138 14 5 41
138 14 7 41
138 14 8 37
138 14 9 38
138 14 10 44
139 2 0 59
139 2 1 52
139 2 3 60
139 2 4 52
139 2 6 60
139 2 8 54
139 2 10 53
139 2 13 57
139 6 1 43
139 6 2 52
139 6 3 48
139 6 5 48
139 6 7 48
139 6 9 44
139 6 11 45
139 6 12 51
139 13 2 60
139 13 3 53
139 13 4 61
139 13 5 53
139 13 6 61
139 13 7 55
139 13 8 54
139 13 11 58
140 0 0 62
140 0 5 55
140 0 7 63
140 0 8 55
140 0 9 63
140 0 10 57
140 0 11 56
140 0 13 60
140 2 0 55
140 2 1 48
140 2 3 56
140 2 4 48
140 2 6 56
140 2 8 50
140 2 10 49
140 2 13 53
140 8 2 63
140 8 3 56
140 8 4 64
140 8 5 56
140 8 7 64
140 8 10 58
140 8 13 57
140 8 14 61
140 11 1 55
140 11 2 48
140 11 4 56
140 11 6 48
140 11 7 56
140 11 10 50
140 11 11 49
140 11 14 53
141 0 0 28
141 0 5 27
141 0 7 29
141 0 8 27
141 0 9 29
141 0 10 29
141 0 11 28
141 0 13 26
141 3 3 27
141 3 4 26
141 3 7 28
141 3 8 26
141 3 10 28
141 3 11 28
141 3 12 27
141 3 13 25
141 4 1 29
141 4 2 28
141 4 3 30
141 4 6 28
141 4 7 30
141 4 11 30
141 4 13 29
141 4 14 27
141 6 1 27
141 6 2 26
141 6 3 28
141 6 5 26
141 6 7 28
141 6 9 28
141 6 11 27
141 6 12 25
141 9 0 29
141 9 1 28
141 9 5 30
141 9 6 28
141 9 8 30
141 9 10 30
141 9 13 29
141 9 14 27
142 0 0 37
142 0 5 35
142 0 7 34
142 0 8 31
142 0 9 34
142 0 10 32
142 0 11 38
142 0 13 32
142 1 1 35
142 1 5 33
142 1 7 32
142 1 8 29
142 1 9 32
142 1 11 30
142 1 13 36
142 1 14 30
142 4 1 34
142 4 2 32
142 4 3 31
142 4 6 28
142 4 7 31
142 4 11 29
142 4 13 35
142 4 14 29
142 6 1 30
142 6 2 29
142 6 3 31
142 6 5 29
142 6 7 31
142 6 9 31
142 6 11 30
142 6 12 28
142 14 1 34
142 14 3 32
142 14 4 31
142 14 5 28
142 14 7 31
142 14 8 29
142 14 9 35
142 14 10 29
143 2 0 96
143 2 1 105
143 2 3 101
143 2 4 101
143 2 6 101
143 2 8 87
143 2 10 98
143 2 13 94
143 3 3 114
143 3 4 107
143 3 7 101
143 3 8 113
143 3 10 103
143 3 11 97
143 3 12 100
143 3 13 106
143 8 2 110
143 8 3 103
143 8 4 97
143 8 5 109
143 8 7 99
143 8 10 93
143 8 13 96
143 8 14 102
143 10 1 110
143 10 2 103
143 10 3 97
143 10 5 109
143 10 7 99
143 10 10 93
143 10 11 96
143 10 14 102
143 12 1 110
143 12 2 103
143 12 3 97
143 12 4 109
143 12 7 99
143 12 11 93
143 12 13 96
143 12 14 102
144 1 1 76
144 1 5 87
144 1 7 83
144 1 8 81
144 1 9 77
144 1 11 89
144 1 13 76
144 1 14 86
144 5 3 77
144 5 4 72
144 5 5 70
144 5 8 65
144 5 9 71
144 5 11 66
144 5 12 79
144 5 14 67
144 7 3 78
144 7 4 89
144 7 5 85
144 7 7 83
144 7 10 79
144 7 12 91
144 7 13 78
144 7 14 88
144 10 1 82
144 10 2 77
144 10 3 75
144 10 5 70
144 10 7 76
144 10 10 71
144 10 11 84
144 10 14 72
144 14 1 80
144 14 3 91
144 14 4 87
144 14 5 85
144 14 7 81
144 14 8 93
144 14 9 80
144 14 10 90
145 3 3 19
145 3 4 18
145 3 7 17
145 3 8 16
145 3 10 17
145 3 11 16
145 3 12 19
145 3 13 16
145 4 1 18
145 4 2 17
145 4 3 16
145 4 6 15
145 4 7 16
145 4 11 15
145 4 13 18
145 4 14 15
145 7 3 17
145 7 4 16
145 7 5 15
145 7 7 14
145 7 10 15
145 7 12 14
145 7 13 17
145 7 14 14
146 6 1 26
146 6 2 25
146 6 3 27
146 6 5 25
146 6 7 27
146 6 9 27
146 6 11 26
146 6 12 24
146 7 3 25
146 7 4 24
146 7 5 26
146 7 7 24
146 7 10 26
146 7 12 26
146 7 13 25
146 7 14 23
146 9 0 27
146 9 1 26
146 9 5 28
146 9 6 26
146 9 8 28
146 9 10 28
146 9 13 27
146 9 14 25
146 11 1 25
146 11 2 24
146 11 4 26
146 11 6 24
146 11 7 26
146 11 10 26
146 11 11 25
146 11 14 23
147 2 0 84
147 2 1 79
147 2 3 77
147 2 4 72
147 2 6 78
147 2 8 73
147 2 10 86
147 2 13 74
147 4 1 79
147 4 2 74
147 4 3 72
147 4 6 67
147 4 7 73
147 4 11 68
147 4 13 81
147 4 14 69
147 7 3 77
147 7 4 72
147 7 5 70
147 7 7 65
147 7 10 71
147 7 12 66
147 7 13 79
147 7 14 67
147 8 2 68
147 8 3 65
147 8 4 67
147 8 5 61
147 8 7 73
147 8 10 67
147 8 13 64
147 8 14 66
147 14 1 78
147 14 3 73
147 14 4 71
147 14 5 66
147 14 7 72
147 14 8 67
147 14 9 80
147 14 10 68
148 1 1 63
148 1 5 60
148 1 7 62
148 1 8 56
148 1 9 68
148 1 11 62
148 1 13 59
148 1 14 61
148 4 1 63
148 4 2 56
148 4 3 64
148 4 6 56
148 4 7 64
148 4 11 58
148 4 13 57
148 4 14 61
148 9 0 62
148 9 1 59
148 9 5 61
148 9 6 55
148 9 8 67
148 9 10 61
148 9 13 58
148 9 14 60
148 12 1 59
148 12 2 52
148 12 3 60
148 12 4 52
148 12 7 60
148 12 11 54
148 12 13 53
148 12 14 57
148 13 2 68
148 13 3 65
148 13 4 67
148 13 5 61
148 13 6 73
148 13 7 67
148 13 8 64
148 13 11 66
149 4 1 66
149 4 2 63
149 4 3 65
149 4 6 59
149 4 7 71
149 4 11 65
149 4 13 62
149 4 14 64
149 8 2 63
149 8 3 60
149 8 4 62
149 8 5 56
149 8 7 68
149 8 10 62
149 8 13 59
149 8 14 61
149 12 1 65
149 12 2 62
149 12 3 64
149 12 4 58
149 12 7 70
149 12 11 64
149 12 13 61
149 12 14 63
150 0 0 59
150 0 5 52
150 0 7 60
150 0 8 52
150 0 9 60
150 0 10 54
150 0 11 53
150 0 13 57
150 6 1 43
150 6 2 52
150 6 3 48
150 6 5 48
150 6 7 48
150 6 9 44
150 6 11 45
150 6 12 51
150 14 1 60
150 14 3 53
150 14 4 61
150 14 5 53
150 14 7 61
150 14 8 55
150 14 9 54
150 14 10 58
151 1 1 39
151 1 5 37
151 1 7 36
151 1 8 33
151 1 9 36
151 1 11 34
151 1 13 40
151 1 14 34
151 11 1 41
151 11 2 50
151 11 4 46
151 11 6 46
151 11 7 46
151 11 10 42
151 11 11 43
151 11 14 49
151 13 2 37
151 13 3 46
151 13 4 42
151 13 5 42
151 13 6 42
151 13 7 38
151 13 8 39
151 13 11 45
151 14 1 37
151 14 3 46
151 14 4 42
151 14 5 42
151 14 7 42
151 14 8 38
151 14 9 39
151 14 10 45
152 0 0 37
152 0 5 35
152 0 7 34
152 0 8 31
152 0 9 34
152 0 10 32
152 0 11 38
152 0 13 32
152 2 0 35
152 2 1 33
152 2 3 32
152 2 4 29
152 2 6 32
152 2 8 30
152 2 10 36
152 2 13 30
152 7 3 34
152 7 4 32
152 7 5 31
152 7 7 28
152 7 10 31
152 7 12 29
152 7 13 35
152 7 14 29
153 2 0 70
153 2 1 67
153 2 3 69
153 2 4 63
153 2 6 75
153 2 8 69
153 2 10 66
153 2 13 68
153 3 3 67
153 3 4 64
153 3 7 66
153 3 8 60
153 3 10 72
153 3 11 66
153 3 12 63
153 3 13 65
153 5 3 69
153 5 4 66
153 5 5 68
153 5 8 62
153 5 9 74
153 5 11 68
153 5 12 65
153 5 14 67
153 7 3 63
153 7 4 60
153 7 5 62
153 7 7 56
153 7 10 68
153 7 12 62
153 7 13 59
153 7 14 61
153 8 2 79
153 8 3 74
153 8 4 72
153 8 5 67
153 8 7 73
153 8 10 68
153 8 13 81
153 8 14 69
154 0 0 39
154 0 5 48
154 0 7 44
154 0 8 44
154 0 9 44
154 0 10 40
154 0 11 41
154 0 13 47
154 2 0 57
154 2 1 50
154 2 3 58
154 2 4 50
154 2 6 58
154 2 8 52
154 2 10 51
154 2 13 55
154 5 3 44
154 5 4 53
154 5 5 49
154 5 8 49
154 5 9 49
154 5 11 45
154 5 12 46
154 5 14 52
154 12 1 44
154 12 2 53
154 12 3 49
154 12 4 49
154 12 7 49
154 12 11 45
154 12 13 46
154 12 14 52
154 13 2 44
154 13 3 53
154 13 4 49
154 13 5 49
154 13 6 49
154 13 7 45
154 13 8 46
154 13 11 52
155 3 3 40
155 3 4 42
155 3 7 38
155 3 8 36
155 3 10 41
155 3 11 44
155 3 12 40
155 3 13 41
155 6 1 37
155 6 2 46
155 6 3 42
155 6 5 42
155 6 7 42
155 6 9 38
155 6 11 39
155 6 12 45
155 9 0 40
155 9 1 38
155 9 5 37
155 9 6 34
155 9 8 37
155 9 10 35
155 9 13 41
155 9 14 35
155 11 1 38
155 11 2 36
155 11 4 35
155 11 6 32
155 11 7 35
155 11 10 33
155 11 11 39
155 11 14 33
156 6 1 41
156 6 2 39
156 6 3 38
156 6 5 35
156 6 7 38
156 6 9 36
156 6 11 42
156 6 12 36
156 9 0 39
156 9 1 37
156 9 5 36
156 9 6 33
156 9 8 36
156 9 10 34
156 9 13 40
156 9 14 34
156 10 1 38
156 10 2 36
156 10 3 35
156 10 5 32
156 10 7 35
156 10 10 33
156 10 11 39
156 10 14 33
157 3 3 24
157 3 4 23
157 3 7 25
157 3 8 23
157 3 10 25
157 3 11 25
157 3 12 24
157 3 13 22
157 8 2 23
157 8 3 22
157 8 4 24
157 8 5 22
157 8 7 24
157 8 10 24
157 8 13 23
157 8 14 21
157 9 0 25
157 9 1 24
157 9 5 26
157 9 6 24
157 9 8 26
157 9 10 26
157 9 13 25
157 9 14 23
157 14 1 23
157 14 3 22
157 14 4 24
157 14 5 22
157 14 7 24
157 14 8 24
157 14 9 23
157 14 10 21
158 2 0 40
158 2 1 42
158 2 3 38
158 2 4 36
158 2 6 41
158 2 8 44
158 2 10 40
158 2 13 41
158 10 1 44
158 10 2 53
158 10 3 49
158 10 5 49
158 10 7 49
158 10 10 45
158 10 11 46
158 10 14 52
158 12 1 40
158 12 2 49
158 12 3 45
158 12 4 45
158 12 7 45
158 12 11 41
158 12 13 42
158 12 14 48
159 2 0 40
159 2 1 42
159 2 3 38
159 2 4 36
159 2 6 41
159 2 8 44
159 2 10 40
159 2 13 41
159 6 1 44
159 6 2 53
159 6 3 49
159 6 5 49
159 6 7 49
159 6 9 45
159 6 11 46
159 6 12 52
159 7 3 40
159 7 4 49
159 7 5 45
159 7 7 45
159 7 10 45
159 7 12 41
159 7 13 42
159 7 14 48
159 8 2 40
159 8 3 49
159 8 4 45
159 8 5 45
159 8 7 45
159 8 10 41
159 8 13 42
159 8 14 48
160 2 0 39
160 2 1 37
160 2 3 36
160 2 4 33
160 2 6 36
160 2 8 34
160 2 10 40
160 2 13 34
160 10 1 41
160 10 2 50
160 10 3 46
160 10 5 46
160 10 7 46
160 10 10 42
160 10 11 43
160 10 14 49
160 12 1 37
160 12 2 46
160 12 3 42
160 12 4 42
160 12 7 42
160 12 11 38
160 12 13 39
160 12 14 45
160 13 2 37
160 13 3 46
160 13 4 42
160 13 5 42
160 13 6 42
160 13 7 38
160 13 8 39
160 13 11 45
161 2 0 66
161 2 1 63
161 2 3 65
161 2 4 59
161 2 6 71
161 2 8 65
161 2 10 62
161 2 13 64
161 3 3 63
161 3 4 60
161 3 7 62
161 3 8 56
161 3 10 68
161 3 11 62
161 3 12 59
161 3 13 61
161 7 3 65
161 7 4 62
161 7 5 64
161 7 7 58
161 7 10 70
161 7 12 64
161 7 13 61
161 7 14 63
161 10 1 62
161 10 2 55
161 10 3 63
161 10 5 55
161 10 7 63
161 10 10 57
161 10 11 56
161 10 14 60
162 3 3 77
162 3 4 88
162 3 7 84
162 3 8 82
162 3 10 78
162 3 11 90
162 3 12 77
162 3 13 87
162 11 1 82
162 11 2 77
162 11 4 75
162 11 6 70
162 11 7 76
162 11 10 71
162 11 11 84
162 11 14 72
162 14 1 80
162 14 3 75
162 14 4 73
162 14 5 68
162 14 7 74
162 14 8 69
162 14 9 82
162 14 10 70
163 0 0 70
163 0 5 67
163 0 7 69
163 0 8 63
163 0 9 75
163 0 10 69
163 0 11 66
163 0 13 68
163 3 3 67
163 3 4 64
163 3 7 66
163 3 8 60
163 3 10 72
163 3 11 66
163 3 12 63
163 3 13 65
163 8 2 69
163 8 3 66
163 8 4 68
163 8 5 62
163 8 7 74
163 8 10 68
163 8 13 65
163 8 14 67
163 13 2 63
163 13 3 60
163 13 4 62
163 13 5 56
163 13 6 68
163 13 7 62
163 13 8 59
163 13 11 61
164 2 0 37
164 2 1 46
164 2 3 42
164 2 4 42
164 2 6 42
164 2 8 38
164 2 10 39
164 2 13 45
164 9 0 55
164 9 1 48
164 9 5 56
164 9 6 48
164 9 8 56
164 9 10 50
164 9 13 49
164 9 14 53
164 10 1 42
164 10 2 51
164 10 3 47
164 10 5 47
164 10 7 47
164 10 10 43
164 10 11 44
164 10 14 50
165 1 1 67
165 1 5 64
165 1 7 66
165 1 8 60
165 1 9 72
165 1 11 66
165 1 13 63
165 1 14 65
165 4 1 63
165 4 2 56
165 4 3 64
165 4 6 56
165 4 7 64
165 4 11 58
165 4 13 57
165 4 14 61
165 6 1 62
165 6 2 59
165 6 3 61
165 6 5 55
165 6 7 67
165 6 9 61
165 6 11 58
165 6 12 60
165 9 0 58
165 9 1 51
165 9 5 59
165 9 6 51
165 9 8 59
165 9 10 53
165 9 13 52
165 9 14 56
165 13 2 62
165 13 3 55
165 13 4 63
165 13 5 55
165 13 6 63
165 13 7 57
165 13 8 56
165 13 11 60
166 2 0 78
166 2 1 89
166 2 3 85
166 2 4 83
166 2 6 79
166 2 8 91
166 2 10 78
166 2 13 88
166 7 3 94
166 7 4 103
166 7 5 99
166 7 7 99
166 7 10 99
166 7 12 85
166 7 13 96
166 7 14 92
166 9 0 83
166 9 1 94
166 9 5 98
166 9 6 83
166 9 8 81
166 9 10 94
166 9 13 83
166 9 14 84
166 14 1 83
166 14 3 94
166 14 4 90
166 14 5 88
166 14 7 84
166 14 8 96
166 14 9 83
166 14 10 93
167 8 2 28
167 8 3 32
167 8 4 27
167 8 5 28
167 8 7 33
167 8 10 27
167 8 13 31
167 8 14 33
167 11 1 30
167 11 2 29
167 11 4 31
167 11 6 29
167 11 7 31
167 11 10 31
167 11 11 30
167 11 14 28
167 14 1 33
167 14 3 31
167 14 4 30
167 14 5 27
167 14 7 30
167 14 8 28
167 14 9 34
167 14 10 28
168 0 0 78
168 0 5 89
168 0 7 85
168 0 8 83
168 0 9 79
168 0 10 91
168 0 11 78
168 0 13 88
168 4 1 94
168 4 2 103
168 4 3 99
168 4 6 99
168 4 7 99
168 4 11 85
168 4 13 96
168 4 14 92
168 6 1 98
168 6 2 107
168 6 3 103
168 6 5 103
168 6 7 103
168 6 9 89
168 6 11 100
168 6 12 96
168 10 1 78
168 10 2 89
168 10 3 85
168 10 5 83
168 10 7 79
168 10 10 91
168 10 11 78
168 10 14 88
169 4 1 25
169 4 2 24
169 4 3 26
169 4 6 24
169 4 7 26
169 4 11 26
169 4 13 25
169 4 14 23
169 8 2 24
169 8 3 23
169 8 4 25
169 8 5 23
169 8 7 25
169 8 10 25
169 8 13 24
169 8 14 22
169 10 1 26
169 10 2 25
169 10 3 27
169 10 5 25
169 10 7 27
169 10 10 27
169 10 11 26
169 10 14 24
169 12 1 24
169 12 2 23
169 12 3 25
169 12 4 23
169 12 7 25
169 12 11 25
169 12 13 24
169 12 14 22
169 14 1 26
169 14 3 25
169 14 4 27
169 14 5 25
169 14 7 27
169 14 8 27
169 14 9 26
169 14 10 24
170 6 1 67
170 6 2 64
170 6 3 66
170 6 5 60
170 6 7 72
170 6 9 66
170 6 11 63
170 6 12 65
170 7 3 63
170 7 4 56
170 7 5 64
170 7 7 56
170 7 10 64
170 7 12 58
170 7 13 57
170 7 14 61
170 10 1 62
170 10 2 59
170 10 3 61
170 10 5 55
170 10 7 67
170 10 10 61
170 10 11 58
170 10 14 60
171 6 1 40
171 6 2 42
171 6 3 38
171 6 5 36
171 6 7 41
171 6 9 44
171 6 11 40
171 6 12 41
171 8 2 37
171 8 3 46
171 8 4 42
171 8 5 42
171 8 7 42
171 8 10 38
171 8 13 39
171 8 14 45
171 14 1 40
171 14 3 38
171 14 4 37
171 14 5 34
171 14 7 37
171 14 8 35
171 14 9 41
171 14 10 35
172 3 3 14
172 3 4 13
172 3 7 12
172 3 8 11
172 3 10 12
172 3 11 11
172 3 12 14
172 3 13 11
172 11 1 13
172 11 2 12
172 11 4 11
172 11 6 10
172 11 7 11
172 11 10 10
172 11 11 13
172 11 14 10
172 12 1 12
172 12 2 11
172 12 3 10
172 12 4 9
172 12 7 10
172 12 11 9
172 12 13 12
172 12 14 9
173 5 3 81
173 5 4 72
173 5 5 83
173 5 8 77
173 5 9 85
173 5 11 73
173 5 12 84
173 5 14 79
173 6 1 91
173 6 2 100
173 6 3 96
173 6 5 96
173 6 7 96
173 6 9 82
173 6 11 93
173 6 12 89
173 11 1 82
173 11 2 93
173 11 4 89
173 11 6 87
173 11 7 83
173 11 10 95
173 11 11 82
173 11 14 92
174 0 0 76
174 0 5 87
174 0 7 83
174 0 8 81
174 0 9 77
174 0 10 89
174 0 11 76
174 0 13 86
174 1 1 92
174 1 5 101
174 1 7 97
174 1 8 97
174 1 9 97
174 1 11 83
174 1 13 94
174 1 14 90
174 4 1 83
174 4 2 94
174 4 3 90
174 4 6 88
174 4 7 84
174 4 11 96
174 4 13 83
174 4 14 93
174 5 3 81
174 5 4 92
174 5 5 88
174 5 8 86
174 5 9 82
174 5 11 94
174 5 12 81
174 5 14 91
174 6 1 77
174 6 2 88
174 6 3 84
174 6 5 82
174 6 7 78
174 6 9 90
174 6 11 77
174 6 12 87
175 1 1 70
175 1 5 67
175 1 7 69
175 1 8 63
175 1 9 75
175 1 11 69
175 1 13 66
175 1 14 68
175 10 1 67
175 10 2 64
175 10 3 66
175 10 5 60
175 10 7 72
175 10 10 66
175 10 11 63
175 10 14 65
175 14 1 69
175 14 3 66
175 14 4 68
175 14 5 62
175 14 7 74
175 14 8 68
175 14 9 65
175 14 10 67
176 6 1 77
176 6 2 88
176 6 3 84
176 6 5 82
176 6 7 78
176 6 9 90
176 6 11 77
176 6 12 87
176 12 1 82
176 12 2 77
176 12 3 75
176 12 4 70
176 12 7 76
176 12 11 71
176 12 13 84
176 12 14 72
176 13 2 80
176 13 3 75
176 13 4 73
176 13 5 68
176 13 6 74
176 13 7 69
176 13 8 82
176 13 11 70
176 14 1 73
176 14 3 72
176 14 4 68
176 14 5 63
176 14 7 68
176 14 8 74
176 14 9 70
176 14 10 71
177 1 1 76
177 1 5 87
177 1 7 83
177 1 8 81
177 1 9 77
177 1 11 89
177 1 13 76
177 1 14 86
177 12 1 77
177 12 2 72
177 12 3 70
177 12 4 65
177 12 7 71
177 12 11 66
177 12 13 79
177 12 14 67
177 13 2 78
177 13 3 89
177 13 4 85
177 13 5 83
177 13 6 79
177 13 7 91
177 13 8 78
177 13 11 88
178 0 0 99
178 0 5 108
178 0 7 104
178 0 8 104
178 0 9 104
178 0 10 90
178 0 11 101
178 0 13 97
178 3 3 117
178 3 4 110
178 3 7 104
178 3 8 116
178 3 10 106
178 3 11 100
178 3 12 103
178 3 13 109
178 8 2 113
178 8 3 106
178 8 4 100
178 8 5 112
178 8 7 102
178 8 10 96
178 8 13 99
178 8 14 105
178 10 1 113
178 10 2 106
178 10 3 100
178 10 5 112
178 10 7 102
178 10 10 96
178 10 11 99
178 10 14 105
179 8 2 76
179 8 3 87
179 8 4 83
179 8 5 81
179 8 7 77
179 8 10 89
179 8 13 76
179 8 14 86
179 10 1 77
179 10 2 72
179 10 3 70
179 10 5 65
179 10 7 71
179 10 10 66
179 10 11 79
179 10 14 67
179 11 1 78
179 11 2 89
179 11 4 85
179 11 6 83
179 11 7 79
179 11 10 91
179 11 11 78
179 11 14 88
179 13 2 82
179 13 3 77
179 13 4 75
179 13 5 70
179 13 6 76
179 13 7 71
179 13 8 84
179 13 11 72
179 14 1 80
179 14 3 91
179 14 4 87
179 14 5 85
179 14 7 81
179 14 8 93
179 14 9 80
179 14 10 90
180 1 1 40
180 1 5 38
180 1 7 37
180 1 8 34
180 1 9 37
180 1 11 35
180 1 13 41
180 1 14 35
180 7 3 42
180 7 4 51
180 7 5 47
180 7 7 47
180 7 10 47
180 7 12 43
180 7 13 44
180 7 14 50
180 9 0 38
180 9 1 47
180 9 5 43
180 9 6 43
180 9 8 43
180 9 10 39
180 9 13 40
180 9 14 46
181 6 1 23
181 6 2 22
181 6 3 24
181 6 5 22
181 6 7 24
181 6 9 24
181 6 11 23
181 6 12 21
181 8 2 22
181 8 3 21
181 8 4 23
181 8 5 21
181 8 7 23
181 8 10 23
181 8 13 22
181 8 14 20
181 9 0 24
181 9 1 23
181 9 5 25
181 9 6 23
181 9 8 25
181 9 10 25
181 9 13 24
181 9 14 22
181 14 1 22
181 14 3 21
181 14 4 23
181 14 5 21
181 14 7 23
181 14 8 23
181 14 9 22
181 14 10 20
182 1 1 64
182 1 5 61
182 1 7 63
182 1 8 57
182 1 9 69
182 1 11 63
182 1 13 60
182 1 14 62
182 5 3 66
182 5 4 59
182 5 5 61
182 5 8 54
182 5 9 58
182 5 11 65
182 5 12 63
182 5 14 55
182 10 1 63
182 10 2 60
182 10 3 62
182 10 5 56
182 10 7 68
182 10 10 62
182 10 11 59
182 10 14 61
182 14 1 60
182 14 3 53
182 14 4 61
182 14 5 53
182 14 7 61
182 14 8 55
182 14 9 54
182 14 10 58
183 0 0 83
183 0 5 78
183 0 7 76
183 0 8 71
183 0 9 77
183 0 10 72
183 0 11 85
183 0 13 73
183 6 1 78
183 6 2 73
183 6 3 71
183 6 5 66
183 6 7 72
183 6 9 67
183 6 11 80
183 6 12 68
183 8 2 76
183 8 3 71
183 8 4 69
183 8 5 64
183 8 7 70
183 8 10 65
183 8 13 78
183 8 14 66
183 13 2 67
183 13 3 64
183 13 4 66
183 13 5 60
183 13 6 72
183 13 7 66
183 13 8 63
183 13 11 65
184 0 0 78
184 0 5 89
184 0 7 85
184 0 8 83
184 0 9 79
184 0 10 91
184 0 11 78
184 0 13 88
184 1 1 83
184 1 5 78
184 1 7 76
184 1 8 71
184 1 9 77
184 1 11 72
184 1 13 85
184 1 14 73
184 3 3 81
184 3 4 76
184 3 7 74
184 3 8 69
184 3 10 75
184 3 11 70
184 3 12 83
184 3 13 71
184 13 2 76
184 13 3 71
184 13 4 69
184 13 5 64
184 13 6 70
184 13 7 65
184 13 8 78
184 13 11 66
185 1 1 94
185 1 5 103
185 1 7 99
185 1 8 99
185 1 9 99
185 1 11 85
185 1 13 96
185 1 14 92
185 2 0 112
185 2 1 105
185 2 3 99
185 2 4 111
185 2 6 101
185 2 8 95
185 2 10 98
185 2 13 104
185 7 3 99
185 7 4 108
185 7 5 104
185 7 7 104
185 7 10 104
185 7 12 90
185 7 13 101
185 7 14 97
185 8 2 99
185 8 3 108
185 8 4 104
185 8 5 104
185 8 7 104
185 8 10 90
185 8 13 101
185 8 14 97
186 4 1 63
186 4 2 56
186 4 3 64
186 4 6 56
186 4 7 64
186 4 11 58
186 4 13 57
186 4 14 61
186 7 3 56
186 7 4 49
186 7 5 57
186 7 7 49
186 7 10 57
186 7 12 51
186 7 13 50
186 7 14 54
186 8 2 66
186 8 3 59
186 8 4 61
186 8 5 54
186 8 7 58
186 8 10 65
186 8 13 63
186 8 14 55
187 3 3 27
187 3 4 26
187 3 7 28
187 3 8 26
187 3 10 28
187 3 11 28
187 3 12 27
187 3 13 25
187 5 3 26
187 5 4 25
187 5 5 27
187 5 8 25
187 5 9 27
187 5 11 27
187 5 12 26
187 5 14 24
187 7 3 28
187 7 4 27
187 7 5 29
187 7 7 27
187 7 10 29
187 7 12 29
187 7 13 28
187 7 14 26
187 9 0 26
187 9 1 25
187 9 5 27
187 9 6 25
187 9 8 27
187 9 10 27
187 9 13 26
187 9 14 24
187 11 1 28
187 11 2 27
187 11 4 29
187 11 6 27
187 11 7 29
187 11 10 29
187 11 11 28
187 11 14 26
188 3 3 19
188 3 4 18
188 3 7 17
188 3 8 16
188 3 10 17
188 3 11 16
188 3 12 19
188 3 13 16
188 4 1 23
188 4 2 22
188 4 3 24
188 4 6 22
188 4 7 24
188 4 11 24
188 4 13 23
188 4 14 21
188 8 2 19
188 8 3 18
188 8 4 17
188 8 5 16
188 8 7 17
188 8 10 16
188 8 13 19
188 8 14 16
188 10 1 19
188 10 2 18
188 10 3 17
188 10 5 16
188 10 7 17
188 10 10 16
188 10 11 19
188 10 14 16
188 11 1 19
188 11 2 18
188 11 4 17
188 11 6 16
188 11 7 17
188 11 10 16
188 11 11 19
188 11 14 16
189 4 1 97
189 4 2 106
189 4 3 102
189 4 6 102
189 4 7 102
189 4 11 88
189 4 13 99
189 4 14 95
189 6 1 115
189 6 2 108
189 6 3 102
189 6 5 114
189 6 7 104
189 6 9 98
189 6 11 101
189 6 12 107
189 9 0 111
189 9 1 104
189 9 5 98
189 9 6 110
189 9 8 100
189 9 10 94
189 9 13 97
189 9 14 103
189 12 1 111
189 12 2 104
189 12 3 98
189 12 4 110
189 12 7 100
189 12 11 94
189 12 13 97
189 12 14 103
190 1 1 38
190 1 5 36
190 1 7 35
190 1 8 32
190 1 9 35
190 1 11 33
190 1 13 39
190 1 14 33
190 5 3 36
190 5 4 34
190 5 5 33
190 5 8 30
190 5 9 33
190 5 11 31
190 5 12 37
190 5 14 31
190 8 2 35
190 8 3 33
190 8 4 32
190 8 5 29
190 8 7 32
190 8 10 30
190 8 13 36
190 8 14 30
190 11 1 28
190 11 2 32
190 11 4 27
190 11 6 28
190 11 7 33
190 11 10 27
190 11 11 31
190 11 14 33
191 8 2 29
191 8 3 28
191 8 4 30
191 8 5 28
191 8 7 30
191 8 10 30
191 8 13 29
191 8 14 27
191 9 0 34
191 9 1 32
191 9 5 31
191 9 6 28
191 9 8 31
191 9 10 29
191 9 13 35
191 9 14 29
191 10 1 28
191 10 2 27
191 10 3 29
191 10 5 27
191 10 7 29
191 10 10 29
191 10 11 28
191 10 14 26
191 13 2 29
191 13 3 28
191 13 4 30
191 13 5 28
191 13 6 30
191 13 7 30
191 13 8 29
191 13 11 27
192 0 0 40
192 0 5 42
192 0 7 38
192 0 8 36
192 0 9 41
192 0 10 44
192 0 11 40
192 0 13 41
192 4 1 40
192 4 2 38
192 4 3 37
192 4 6 34
192 4 7 37
192 4 11 35
192 4 13 41
192 4 14 35
192 7 3 39
192 7 4 37
192 7 5 36
192 7 7 33
192 7 10 36
192 7 12 34
192 7 13 40
192 7 14 34
192 14 1 36
192 14 3 34
192 14 4 33
192 14 5 30
192 14 7 33
192 14 8 31
192 14 9 37
192 14 10 31
193 3 3 78
193 3 4 89
193 3 7 85
193 3 8 83
193 3 10 79
193 3 11 91
193 3 12 78
193 3 13 88
193 8 2 94
193 8 3 103
193 8 4 99
193 8 5 99
193 8 7 99
193 8 10 85
193 8 13 96
193 8 14 92
193 10 1 83
193 10 2 94
193 10 3 98
193 10 5 83
193 10 7 81
193 10 10 94
193 10 11 83
193 10 14 84
194 4 1 76
194 4 2 87
194 4 3 83
194 4 6 81
194 4 7 77
194 4 11 89
194 4 13 76
194 4 14 86
194 7 3 81
194 7 4 76
194 7 5 74
194 7 7 69
194 7 10 75
194 7 12 70
194 7 13 83
194 7 14 71
194 10 1 79
194 10 2 74
194 10 3 72
194 10 5 67
194 10 7 73
194 10 10 68
194 10 11 81
194 10 14 69
194 11 1 70
194 11 2 67
194 11 4 69
194 11 6 63
194 11 7 75
194 11 10 69
194 11 11 66
194 11 14 68
195 3 3 40
195 3 4 42
195 3 7 38
195 3 8 36
195 3 10 41
195 3 11 44
195 3 12 40
195 3 13 41
195 7 3 44
195 7 4 53
195 7 5 49
195 7 7 49
195 7 10 49
195 7 12 45
195 7 13 46
195 7 14 52
195 10 1 40
195 10 2 49
195 10 3 45
195 10 5 45
195 10 7 45
195 10 10 41
195 10 11 42
195 10 14 48
195 12 1 40
195 12 2 49
195 12 3 45
195 12 4 45
195 12 7 45
195 12 11 41
195 12 13 42
195 12 14 48
196 2 0 63
196 2 1 60
196 2 3 62
196 2 4 56
196 2 6 68
196 2 8 62
196 2 10 59
196 2 13 61
196 3 3 59
196 3 4 52
196 3 7 60
196 3 8 52
196 3 10 60
196 3 11 54
196 3 12 53
196 3 13 57
196 5 3 64
196 5 4 61
196 5 5 63
196 5 8 57
196 5 9 69
196 5 11 63
196 5 12 60
196 5 14 62
196 11 1 59
196 11 2 52
196 11 4 60
196 11 6 52
196 11 7 60
196 11 10 54
196 11 11 53
196 11 14 57
196 13 2 64
196 13 3 61
196 13 4 63
196 13 5 57
196 13 6 69
196 13 7 63
196 13 8 60
196 13 11 62
197 0 0 13
197 0 5 12
197 0 7 11
197 0 8 10
197 0 9 11
197 0 10 10
197 0 11 13
197 0 13 10
197 1 1 12
197 1 5 11
197 1 7 10
197 1 8 9
197 1 9 10
197 1 11 9
197 1 13 12
197 1 14 9
197 14 1 10
197 14 3 9
197 14 4 11
197 14 5 9
197 14 7 11
197 14 8 11
197 14 9 10
197 14 10 11
198 5 3 82
198 5 4 77
198 5 5 75
198 5 8 70
198 5 9 76
198 5 11 71
198 5 12 84
198 5 14 72
198 8 2 83
198 8 3 94
198 8 4 90
198 8 5 88
198 8 7 84
198 8 10 96
198 8 13 83
198 8 14 93
198 9 0 79
198 9 1 90
198 9 5 86
198 9 6 84
198 9 8 80
198 9 10 92
198 9 13 79
198 9 14 89
198 13 2 77
198 13 3 88
198 13 4 84
198 13 5 82
198 13 6 78
198 13 7 90
198 13 8 77
198 13 11 87
199 6 1 14
199 6 2 13
199 6 3 12
199 6 5 11
199 6 7 12
199 6 9 11
199 6 11 14
199 6 12 11
199 9 0 13
199 9 1 12
199 9 5 11
199 9 6 10
199 9 8 11
199 9 10 10
199 9 13 13
199 9 14 10
199 12 1 12
199 12 2 11
199 12 3 10
199 12 4 9
199 12 7 10
199 12 11 9
199 12 13 12
199 12 14 9
200 1 1 66
200 1 5 63
200 1 7 65
200 1 8 59
200 1 9 71
200 1 11 65
200 1 13 62
200 1 14 64
200 10 1 63
200 10 2 60
200 10 3 62
200 10 5 56
200 10 7 68
200 10 10 62
200 10 11 59
200 10 14 61
200 13 2 65
200 13 3 62
200 13 4 64
200 13 5 58
200 13 6 70
200 13 7 64
200 13 8 61
200 13 11 63
200 14 1 62
200 14 3 55
200 14 4 63
200 14 5 55
200 14 7 63
200 14 8 57
200 14 9 56
200 14 10 60
201 0 0 66
201 0 5 59
201 0 7 61
201 0 8 54
201 0 9 58
201 0 10 65
201 0 11 63
201 0 13 55
201 3 3 57
201 3 4 50
201 3 7 58
201 3 8 50
201 3 10 58
201 3 11 52
201 3 12 51
201 3 13 55
201 10 1 62
201 10 2 59
201 10 3 61
201 10 5 55
201 10 7 67
201 10 10 61
201 10 11 58
201 10 14 60
201 11 1 57
201 11 2 50
201 11 4 58
201 11 6 50
201 11 7 58
201 11 10 52
201 11 11 51
201 11 14 55
202 1 1 14
202 1 5 13
202 1 7 12
202 1 8 11
202 1 9 12
202 1 11 11
202 1 13 14
202 1 14 11
202 4 1 13
202 4 2 12
202 4 3 11
202 4 6 10
202 4 7 11
202 4 11 10
202 4 13 13
202 4 14 10
202 12 1 12
202 12 2 11
202 12 3 10
202 12 4 9
202 12 7 10
202 12 11 9
202 12 13 12
202 12 14 9
203 0 0 84
203 0 5 79
203 0 7 77
203 0 8 72
203 0 9 78
203 0 10 73
203 0 11 86
203 0 13 74
203 4 1 79
203 4 2 74
203 4 3 72
203 4 6 67
203 4 7 73
203 4 11 68
203 4 13 81
203 4 14 69
203 6 1 77
203 6 2 72
203 6 3 70
203 6 5 65
203 6 7 71
203 6 9 66
203 6 11 79
203 6 12 67
203 8 2 68
203 8 3 65
203 8 4 67
203 8 5 61
203 8 7 73
203 8 10 67
203 8 13 64
203 8 14 66
203 14 1 78
203 14 3 73
203 14 4 71
203 14 5 66
203 14 7 72
203 14 8 67
203 14 9 80
203 14 10 68
204 3 3 82
204 3 4 77
204 3 7 75
204 3 8 70
204 3 10 76
204 3 11 71
204 3 12 84
204 3 13 72
204 6 1 77
204 6 2 72
204 6 3 70
204 6 5 65
204 6 7 71
204 6 9 66
204 6 11 79
204 6 12 67
204 9 0 73
204 9 1 72
204 9 5 68
204 9 6 63
204 9 8 68
204 9 10 74
204 9 13 70
204 9 14 71
204 11 1 66
204 11 2 63
204 11 4 65
204 11 6 59
204 11 7 71
204 11 10 65
204 11 11 62
204 11 14 64
205 3 3 66
205 3 4 59
205 3 7 61
205 3 8 54
205 3 10 58
205 3 11 65
205 3 12 63
205 3 13 55
205 5 3 57
205 5 4 50
205 5 5 58
205 5 8 50
205 5 9 58
205 5 11 52
205 5 12 51
205 5 14 55
205 6 1 62
205 6 2 59
205 6 3 61
205 6 5 55
205 6 7 67
205 6 9 61
205 6 11 58
205 6 12 60
205 8 2 57
205 8 3 50
205 8 4 58
205 8 5 50
205 8 7 58
205 8 10 52
205 8 13 51
205 8 14 55
205 13 2 62
205 13 3 59
205 13 4 61
205 13 5 55
205 13 6 67
205 13 7 61
205 13 8 58
205 13 11 60
206 3 3 79
206 3 4 90
206 3 7 86
206 3 8 84
206 3 10 80
206 3 11 92
206 3 12 79
206 3 13 89
206 6 1 84
206 6 2 79
206 6 3 77
206 6 5 72
206 6 7 78
206 6 9 73
206 6 11 86
206 6 12 74
206 9 0 82
206 9 1 77
206 9 5 75
206 9 6 70
206 9 8 76
206 9 10 71
206 9 13 84
206 9 14 72
206 10 1 77
206 10 2 72
206 10 3 70
206 10 5 65
206 10 7 71
206 10 10 66
206 10 11 79
206 10 14 67
206 13 2 83
206 13 3 78
206 13 4 76
206 13 5 71
206 13 6 77
206 13 7 72
206 13 8 85
206 13 11 73
207 1 1 13
207 1 5 12
207 1 7 11
207 1 8 10
207 1 9 11
207 1 11 10
207 1 13 13
207 1 14 10
207 5 3 12
207 5 4 11
207 5 5 10
207 5 8 9
207 5 9 10
207 5 11 9
207 5 12 12
207 5 14 9
207 9 0 10
207 9 1 9
207 9 5 11
207 9 6 9
207 9 8 11
207 9 10 11
207 9 13 10
207 9 14 11
207 14 1 9
207 14 3 9
207 14 4 8
207 14 5 8
207 14 7 8
207 14 8 8
207 14 9 9
207 14 10 8
208 4 1 83
208 4 2 78
208 4 3 76
208 4 6 71
208 4 7 77
208 4 11 72
208 4 13 85
208 4 14 73
208 8 2 84
208 8 3 95
208 8 4 91
208 8 5 89
208 8 7 85
208 8 10 97
208 8 13 84
208 8 14 94
208 9 0 80
208 9 1 91
208 9 5 87
208 9 6 85
208 9 8 81
208 9 10 93
208 9 13 80
208 9 14 90
208 13 2 78
208 13 3 89
208 13 4 85
208 13 5 83
208 13 6 79
208 13 7 91
208 13 8 78
208 13 11 88
209 0 0 26
209 0 5 25
209 0 7 27
209 0 8 25
209 0 9 27
209 0 10 27
209 0 11 26
209 0 13 24
209 1 1 25
209 1 5 24
209 1 7 26
209 1 8 24
209 1 9 26
209 1 11 26
209 1 13 25
209 1 14 23
209 2 0 27
209 2 1 26
209 2 3 28
209 2 4 26
209 2 6 28
209 2 8 28
209 2 10 27
209 2 13 25
209 12 1 25
209 12 2 24
209 12 3 26
209 12 4 24
209 12 7 26
209 12 11 26
209 12 13 25
209 12 14 23
209 13 2 27
209 13 3 26
209 13 4 28
209 13 5 26
209 13 6 28
209 13 7 28
209 13 8 27
209 13 11 25
210 5 3 38
210 5 4 47
210 5 5 43
210 5 8 43
210 5 9 43
210 5 11 39
210 5 12 40
210 5 14 46
210 8 2 56
210 8 3 49
210 8 4 57
210 8 5 49
210 8 7 57
210 8 10 51
210 8 13 50
210 8 14 54
210 14 1 43
210 14 3 52
210 14 4 48
210 14 5 48
210 14 7 48
210 14 8 44
210 14 9 45
210 14 10 51
211 1 1 63
211 1 5 60
211 1 7 62
211 1 8 56
211 1 9 68
211 1 11 62
211 1 13 59
211 1 14 61
211 6 1 63
211 6 2 56
211 6 3 64
211 6 5 56
211 6 7 64
211 6 9 58
211 6 11 57
211 6 12 61
211 11 1 62
211 11 2 59
211 11 4 61
211 11 6 55
211 11 7 67
211 11 10 61
211 11 11 58
211 11 14 60
212 2 0 27
212 2 1 26
212 2 3 28
212 2 4 26
212 2 6 28
212 2 8 28
212 2 10 27
212 2 13 25
212 4 1 26
212 4 2 25
212 4 3 27
212 4 6 25
212 4 7 27
212 4 11 27
212 4 13 26
212 4 14 24
212 7 3 28
212 7 4 27
212 7 5 29
212 7 7 27
212 7 10 29
212 7 12 29
212 7 13 28
212 7 14 26
212 11 1 26
212 11 2 25
212 11 4 27
212 11 6 25
212 11 7 27
212 11 10 27
212 11 11 26
212 11 14 24
213 3 3 18
213 3 4 22
213 3 7 18
213 3 8 18
213 3 10 18
213 3 11 19
213 3 12 20
213 3 13 21
213 5 3 20
213 5 4 19
213 5 5 18
213 5 8 17
213 5 9 18
213 5 11 17
213 5 12 20
213 5 14 17
213 9 0 19
213 9 1 18
213 9 5 17
213 9 6 16
213 9 8 17
213 9 10 16
213 9 13 19
213 9 14 16
213 11 1 18
213 11 2 17
213 11 4 16
213 11 6 15
213 11 7 16
213 11 10 15
213 11 11 18
213 11 14 15
213 13 2 19
213 13 3 18
213 13 4 17
213 13 5 16
213 13 6 17
213 13 7 16
213 13 8 19
213 13 11 16
214 11 1 97
214 11 2 106
214 11 4 102
214 11 6 102
214 11 7 102
214 11 10 88
214 11 11 99
214 11 14 95
214 13 2 115
214 13 3 108
214 13 4 102
214 13 5 114
214 13 6 104
214 13 7 98
214 13 8 101
214 13 11 107
214 14 1 111
214 14 3 104
214 14 4 98
214 14 5 110
214 14 7 100
214 14 8 94
214 14 9 97
214 14 10 103
215 1 1 36
215 1 5 45
215 1 7 41
215 1 8 41
215 1 9 41
215 1 11 37
215 1 13 38
215 1 14 44
215 3 3 41
215 3 4 39
215 3 7 38
215 3 8 35
215 3 10 38
215 3 11 36
215 3 12 42
215 3 13 36
215 7 3 40
215 7 4 38
215 7 5 37
215 7 7 34
215 7 10 37
215 7 12 35
215 7 13 41
215 7 14 35
215 13 2 37
215 13 3 35
215 13 4 34
215 13 5 31
215 13 6 34
215 13 7 32
215 13 8 38
215 13 11 32
216 6 1 77
216 6 2 88
216 6 3 84
216 6 5 82
216 6 7 78
216 6 9 90
216 6 11 77
216 6 12 87
216 10 1 93
216 10 2 102
216 10 3 98
216 10 5 98
216 10 7 98
216 10 10 84
216 10 11 95
216 10 14 91
216 11 1 84
216 11 2 95
216 11 4 91
216 11 6 89
216 11 7 85
216 11 10 97
216 11 11 84
216 11 14 94
216 13 2 82
216 13 3 93
216 13 4 89
216 13 5 87
216 13 6 83
216 13 7 95
216 13 8 82
216 13 11 92
217 1 1 81
217 1 5 76
217 1 7 74
217 1 8 69
217 1 9 75
217 1 11 70
217 1 13 83
217 1 14 71
217 8 2 82
217 8 3 93
217 8 4 89
217 8 5 87
217 8 7 83
217 8 10 95
217 8 13 82
217 8 14 92
217 11 1 78
217 11 2 89
217 11 4 85
217 11 6 83
217 11 7 79
217 11 10 91
217 11 11 78
217 11 14 88
218 2 0 19
218 2 1 18
218 2 3 17
218 2 4 16
218 2 6 17
218 2 8 16
218 2 10 19
218 2 13 16
218 11 1 18
218 11 2 17
218 11 4 16
218 11 6 15
218 11 7 16
218 11 10 15
218 11 11 18
218 11 14 15
218 14 1 17
218 14 3 16
218 14 4 15
218 14 5 14
218 14 7 15
218 14 8 14
218 14 9 17
218 14 10 14
219 0 0 81
219 0 5 76
219 0 7 74
219 0 8 69
219 0 9 75
219 0 10 70
219 0 11 83
219 0 13 71
219 5 3 76
219 5 4 71
219 5 5 69
219 5 8 64
219 5 9 70
219 5 11 65
219 5 12 78
219 5 14 66
219 10 1 70
219 10 2 67
219 10 3 69
219 10 5 63
219 10 7 75
219 10 10 69
219 10 11 66
219 10 14 68
219 13 2 65
219 13 3 62
219 13 4 64
219 13 5 58
219 13 6 70
219 13 7 64
219 13 8 61
219 13 11 63
220 1 1 20
220 1 5 19
220 1 7 18
220 1 8 17
220 1 9 18
220 1 11 17
220 1 13 20
220 1 14 17
220 2 0 19
220 2 1 18
220 2 3 17
220 2 4 16
220 2 6 17
220 2 8 16
220 2 10 19
220 2 13 16
220 9 0 18
220 9 1 17
220 9 5 16
220 9 6 15
220 9 8 16
220 9 10 15
220 9 13 18
220 9 14 15
220 13 2 17
220 13 3 16
220 13 4 15
220 13 5 14
220 13 6 15
220 13 7 14
220 13 8 17
220 13 11 14
220 14 1 18
220 14 3 17
220 14 4 16
220 14 5 15
220 14 7 16
220 14 8 15
220 14 9 18
220 14 10 15
221 1 1 94
221 1 5 103
221 1 7 99
221 1 8 99
221 1 9 99
221 1 11 85
221 1 13 96
221 1 14 92
221 5 3 112
221 5 4 105
221 5 5 99
221 5 8 111
221 5 9 101
221 5 11 95
221 5 12 98
221 5 14 104
221 10 1 99
221 10 2 108
221 10 3 104
221 10 5 104
221 10 7 104
221 10 10 90
221 10 11 101
221 10 14 97
222 1 1 62
222 1 5 59
222 1 7 61
222 1 8 55
222 1 9 67
222 1 11 61
222 1 13 58
222 1 14 60
222 5 3 58
222 5 4 51
222 5 5 59
222 5 8 51
222 5 9 59
222 5 11 53
222 5 12 52
222 5 14 56
222 6 1 63
222 6 2 60
222 6 3 62
222 6 5 56
222 6 7 68
222 6 9 62
222 6 11 59
222 6 12 61
222 10 1 58
222 10 2 51
222 10 3 59
222 10 5 51
222 10 7 59
222 10 10 53
222 10 11 52
222 10 14 56
222 13 2 63
222 13 3 60
222 13 4 62
222 13 5 56
222 13 6 68
222 13 7 62
222 13 8 59
222 13 11 61
223 1 1 36
223 1 5 45
223 1 7 41
223 1 8 41
223 1 9 41
223 1 11 37
223 1 13 38
223 1 14 44
223 3 3 54
223 3 4 47
223 3 7 52
223 3 8 53
223 3 10 54
223 3 11 48
223 3 12 51
223 3 13 46
223 10 1 41
223 10 2 50
223 10 3 46
223 10 5 46
223 10 7 46
223 10 10 42
223 10 11 43
223 10 14 49
224 4 1 10
224 4 2 9
224 4 3 11
224 4 6 9
224 4 7 11
224 4 11 11
224 4 13 10
224 4 14 11
224 5 3 9
224 5 4 9
224 5 5 8
224 5 8 8
224 5 9 8
224 5 11 8
224 5 12 9
224 5 14 8
224 8 2 12
224 8 3 11
224 8 4 10
224 8 5 9
224 8 7 10
224 8 10 9
224 8 13 12
224 8 14 9
224 9 0 9
224 9 1 9
224 9 5 8
224 9 6 8
224 9 8 8
224 9 10 8
224 9 13 9
224 9 14 8
224 13 2 12
224 13 3 11
224 13 4 10
224 13 5 9
224 13 6 10
224 13 7 9
224 13 8 12
224 13 11 9
225 0 0 93
225 0 5 102
225 0 7 98
225 0 8 98
225 0 9 98
225 0 10 84
225 0 11 95
225 0 13 91
225 5 3 111
225 5 4 104
225 5 5 98
225 5 8 110
225 5 9 100
225 5 11 94
225 5 12 97
225 5 14 103
225 12 1 98
225 12 2 107
225 12 3 103
225 12 4 103
225 12 7 103
225 12 11 89
225 12 13 100
225 12 14 96
225 13 2 98
225 13 3 107
225 13 4 103
225 13 5 103
225 13 6 103
225 13 7 89
225 13 8 100
225 13 11 96
225 14 1 98
225 14 3 107
225 14 4 103
225 14 5 103
225 14 7 103
225 14 8 89
225 14 9 100
225 14 10 96
226 7 3 30
226 7 4 29
226 7 5 31
226 7 7 29
226 7 10 31
226 7 12 31
226 7 13 30
226 7 14 28
226 11 1 29
226 11 2 28
226 11 4 30
226 11 6 28
226 11 7 30
226 11 10 30
226 11 11 29
226 11 14 27
226 13 2 28
226 13 3 32
226 13 4 27
226 13 5 28
226 13 6 33
226 13 7 27
226 13 8 31
226 13 11 33
226 14 1 29
226 14 3 28
226 14 4 30
226 14 5 28
226 14 7 30
226 14 8 30
226 14 9 29
226 14 10 27
227 0 0 30
227 0 5 29
227 0 7 31
227 0 8 29
227 0 9 31
227 0 10 31
227 0 11 30
227 0 13 28
227 3 3 29
227 3 4 28
227 3 7 30
227 3 8 28
227 3 10 30
227 3 11 30
227 3 12 29
227 3 13 27
227 9 0 28
227 9 1 32
227 9 5 27
227 9 6 28
227 9 8 33
227 9 10 27
227 9 13 31
227 9 14 33
227 10 1 29
227 10 2 28
227 10 3 30
227 10 5 28
227 10 7 30
227 10 10 30
227 10 11 29
227 10 14 27
228 2 0 30
228 2 1 29
228 2 3 31
228 2 4 29
228 2 6 31
228 2 8 31
228 2 10 30
228 2 13 28
228 3 3 29
228 3 4 28
228 3 7 30
228 3 8 28
228 3 10 30
228 3 11 30
228 3 12 29
228 3 13 27
228 4 1 28
228 4 2 32
228 4 3 27
228 4 6 28
228 4 7 33
228 4 11 27
228 4 13 31
228 4 14 33
228 8 2 29
228 8 3 28
228 8 4 30
228 8 5 28
228 8 7 30
228 8 10 30
228 8 13 29
228 8 14 27
228 9 0 28
228 9 1 32
228 9 5 27
228 9 6 28
228 9 8 33
228 9 10 27
228 9 13 31
228 9 14 33
229 0 0 36
229 0 5 45
229 0 7 41
229 0 8 41
229 0 9 41
229 0 10 37
229 0 11 38
229 0 13 44
229 1 1 54
229 1 5 47
229 1 7 52
229 1 8 53
229 1 9 54
229 1 11 48
229 1 13 51
229 1 14 46
229 4 1 41
229 4 2 50
229 4 3 46
229 4 6 46
229 4 7 46
229 4 11 42
229 4 13 43
229 4 14 49
229 5 3 41
229 5 4 50
229 5 5 46
229 5 8 46
229 5 9 46
229 5 11 42
229 5 12 43
229 5 14 49
229 9 0 41
229 9 1 50
229 9 5 46
229 9 6 46
229 9 8 46
229 9 10 42
229 9 13 43
229 9 14 49
230 1 1 40
230 1 5 38
230 1 7 37
230 1 8 34
230 1 9 37
230 1 11 35
230 1 13 41
230 1 14 35
230 6 1 38
230 6 2 36
230 6 3 35
230 6 5 32
230 6 7 35
230 6 9 33
230 6 11 39
230 6 12 33
230 10 1 37
230 10 2 35
230 10 3 34
230 10 5 31
230 10 7 34
230 10 10 32
230 10 11 38
230 10 14 32
231 4 1 66
231 4 2 59
231 4 3 61
231 4 6 54
231 4 7 58
231 4 11 65
231 4 13 63
231 4 14 55
231 5 3 57
231 5 4 50
231 5 5 58
231 5 8 50
231 5 9 58
231 5 11 52
231 5 12 51
231 5 14 55
231 12 1 62
231 12 2 59
231 12 3 61
231 12 4 55
231 12 7 67
231 12 11 61
231 12 13 58
231 12 14 60
232 0 0 58
232 0 5 51
232 0 7 59
232 0 8 51
232 0 9 59
232 0 10 53
232 0 11 52
232 0 13 56
232 2 0 42
232 2 1 51
232 2 3 47
232 2 4 47
232 2 6 47
232 2 8 43
232 2 10 44
232 2 13 50
232 6 1 56
232 6 2 49
232 6 3 57
232 6 5 49
232 6 7 57
232 6 9 51
232 6 11 50
232 6 12 54
232 7 3 57
232 7 4 50
232 7 5 58
232 7 7 50
232 7 10 58
232 7 12 52
232 7 13 51
232 7 14 55
232 9 0 58
232 9 1 51
232 9 5 59
232 9 6 51
232 9 8 59
232 9 10 53
232 9 13 52
232 9 14 56
233 0 0 27
233 0 5 26
233 0 7 28
233 0 8 26
233 0 9 28
233 0 10 28
233 0 11 27
233 0 13 25
233 1 1 26
233 1 5 25
233 1 7 27
233 1 8 25
233 1 9 27
233 1 11 27
233 1 13 26
233 1 14 24
233 9 0 28
233 9 1 27
233 9 5 29
233 9 6 27
233 9 8 29
233 9 10 29
233 9 13 28
233 9 14 26
233 11 1 26
233 11 2 25
233 11 4 27
233 11 6 25
233 11 7 27
233 11 10 27
233 11 11 26
233 11 14 24
233 12 1 28
233 12 2 27
233 12 3 29
233 12 4 27
233 12 7 29
233 12 11 29
233 12 13 28
233 12 14 26
234 5 3 40
234 5 4 42
234 5 5 38
234 5 8 36
234 5 9 41
234 5 11 44
234 5 12 40
234 5 14 41
234 7 3 44
234 7 4 53
234 7 5 49
234 7 7 49
234 7 10 49
234 7 12 45
234 7 13 46
234 7 14 52
234 8 2 40
234 8 3 49
234 8 4 45
234 8 5 45
234 8 7 45
234 8 10 41
234 8 13 42
234 8 14 48
235 1 1 40
235 1 5 38
235 1 7 37
235 1 8 34
235 1 9 37
235 1 11 35
235 1 13 41
235 1 14 35
235 5 3 38
235 5 4 36
235 5 5 35
235 5 8 32
235 5 9 35
235 5 11 33
235 5 12 39
235 5 14 33
235 6 1 37
235 6 2 35
235 6 3 34
235 6 5 31
235 6 7 34
235 6 9 32
235 6 11 38
235 6 12 32
235 8 2 34
235 8 3 32
235 8 4 31
235 8 5 28
235 8 7 31
235 8 10 29
235 8 13 35
235 8 14 29
235 11 1 37
235 11 2 35
235 11 4 34
235 11 6 31
235 11 7 34
235 11 10 32
235 11 11 38
235 11 14 32
236 3 3 91
236 3 4 100
236 3 7 96
236 3 8 96
236 3 10 96
236 3 11 82
236 3 12 93
236 3 13 89
236 10 1 91
236 10 2 102
236 10 3 104
236 10 5 105
236 10 7 110
236 10 10 104
236 10 11 94
236 10 14 110
236 13 2 96
236 13 3 105
236 13 4 101
236 13 5 101
236 13 6 101
236 13 7 87
236 13 8 98
236 13 11 94
237 5 3 81
237 5 4 72
237 5 5 83
237 5 8 77
237 5 9 85
237 5 11 73
237 5 12 84
237 5 14 79
237 9 0 80
237 9 1 75
237 9 5 73
237 9 6 68
237 9 8 74
237 9 10 69
237 9 13 82
237 9 14 70
237 13 2 78
237 13 3 73
237 13 4 71
237 13 5 66
237 13 6 72
237 13 7 67
237 13 8 80
237 13 11 68
238 5 3 76
238 5 4 87
238 5 5 83
238 5 8 81
238 5 9 77
238 5 11 89
238 5 12 76
238 5 14 86
238 7 3 77
238 7 4 72
238 7 5 70
238 7 7 65
238 7 10 71
238 7 12 66
238 7 13 79
238 7 14 67
238 14 1 78
238 14 3 89
238 14 4 85
238 14 5 83
238 14 7 79
238 14 8 91
238 14 9 78
238 14 10 88
239 2 0 27
239 2 1 26
239 2 3 28
239 2 4 26
239 2 6 28
239 2 8 28
239 2 10 27
239 2 13 25
239 3 3 26
239 3 4 25
239 3 7 27
239 3 8 25
239 3 10 27
239 3 11 27
239 3 12 26
239 3 13 24
239 4 1 28
239 4 2 27
239 4 3 29
239 4 6 27
239 4 7 29
239 4 11 29
239 4 13 28
239 4 14 26
239 5 3 26
239 5 4 25
239 5 5 27
239 5 8 25
239 5 9 27
239 5 11 27
239 5 12 26
239 5 14 24
239 9 0 28
239 9 1 27
239 9 5 29
239 9 6 27
239 9 8 29
239 9 10 29
239 9 13 28
239 9 14 26
240 1 1 19
240 1 5 18
240 1 7 17
240 1 8 16
240 1 9 17
240 1 11 16
240 1 13 19
240 1 14 16
240 9 0 23
240 9 1 22
240 9 5 24
240 9 6 22
240 9 8 24
240 9 10 24
240 9 13 23
240 9 14 21
240 10 1 19
240 10 2 18
240 10 3 17
240 10 5 16
240 10 7 17
240 10 10 16
240 10 11 19
240 10 14 16
240 11 1 19
240 11 2 18
240 11 4 17
240 11 6 16
240 11 7 17
240 11 10 16
240 11 11 19
240 11 14 16
241 3 3 37
241 3 4 35
241 3 7 34
241 3 8 31
241 3 10 34
241 3 11 32
241 3 12 38
241 3 13 32
241 9 0 35
241 9 1 33
241 9 5 32
241 9 6 29
241 9 8 32
241 9 10 30
241 9 13 36
241 9 14 30
241 12 1 34
241 12 2 32
241 12 3 31
241 12 4 28
241 12 7 31
241 12 11 29
241 12 13 35
241 12 14 29
242 1 1 40
242 1 5 38
242 1 7 37
242 1 8 34
242 1 9 37
242 1 11 35
242 1 13 41
242 1 14 35
242 3 3 42
242 3 4 51
242 3 7 47
242 3 8 47
242 3 10 47
242 3 11 43
242 3 12 44
242 3 13 50
242 8 2 38
242 8 3 47
242 8 4 43
242 8 5 43
242 8 7 43
242 8 10 39
242 8 13 40
242 8 14 46
242 9 0 38
242 9 1 47
242 9 5 43
242 9 6 43
242 9 8 43
242 9 10 39
242 9 13 40
242 9 14 46
243 5 3 35
243 5 4 33
243 5 5 32
243 5 8 29
243 5 9 32
243 5 11 30
243 5 12 36
243 5 14 30
243 10 1 33
243 10 2 31
243 10 3 30
243 10 5 27
243 10 7 30
243 10 10 28
243 10 11 34
243 10 14 28
243 11 1 28
243 11 2 32
243 11 4 27
243 11 6 28
243 11 7 33
243 11 10 27
243 11 11 31
243 11 14 33
244 5 3 73
244 5 4 72
244 5 5 68
244 5 8 63
244 5 9 68
244 5 11 74
244 5 12 70
244 5 14 71
244 7 3 68
244 7 4 65
244 7 5 67
244 7 7 61
244 7 10 73
244 7 12 67
244 7 13 64
244 7 14 66
244 8 2 70
244 8 3 67
244 8 4 69
244 8 5 63
244 8 7 75
244 8 10 69
244 8 13 66
244 8 14 68
244 9 0 64
244 9 1 61
244 9 5 63
244 9 6 57
244 9 8 69
244 9 10 63
244 9 13 60
244 9 14 62
245 3 3 93
245 3 4 102
245 3 7 98
245 3 8 98
245 3 10 98
245 3 11 84
245 3 12 95
245 3 13 91
245 6 1 111
245 6 2 104
245 6 3 98
245 6 5 110
245 6 7 100
245 6 9 94
245 6 11 97
245 6 12 103
245 13 2 98
245 13 3 107
245 13 4 103
245 13 5 103
245 13 6 103
245 13 7 89
245 13 8 100
245 13 11 96
245 14 1 98
245 14 3 107
245 14 4 103
245 14 5 103
245 14 7 103
245 14 8 89
245 14 9 100
245 14 10 96
246 0 0 40
246 0 5 38
246 0 7 37
246 0 8 34
246 0 9 37
246 0 10 35
246 0 11 41
246 0 13 35
246 1 1 38
246 1 5 36
246 1 7 35
246 1 8 32
246 1 9 35
246 1 11 33
246 1 13 39
246 1 14 33
246 9 0 37
246 9 1 35
246 9 5 34
246 9 6 31
246 9 8 34
246 9 10 32
246 9 13 38
246 9 14 32
246 10 1 34
246 10 2 32
246 10 3 31
246 10 5 28
246 10 7 31
246 10 10 29
246 10 11 35
246 10 14 29
246 13 2 37
246 13 3 35
246 13 4 34
246 13 5 31
246 13 6 34
246 13 7 32
246 13 8 38
246 13 11 32
247 0 0 23
247 0 5 22
247 0 7 24
247 0 8 22
247 0 9 24
247 0 10 24
247 0 11 23
247 0 13 21
247 1 1 22
247 1 5 21
247 1 7 23
247 1 8 21
247 1 9 23
247 1 11 23
247 1 13 22
247 1 14 20
247 8 2 24
247 8 3 23
247 8 4 25
247 8 5 23
247 8 7 25
247 8 10 25
247 8 13 24
247 8 14 22
247 9 0 22
247 9 1 21
247 9 5 23
247 9 6 21
247 9 8 23
247 9 10 23
247 9 13 22
247 9 14 20
247 10 1 24
247 10 2 23
247 10 3 25
247 10 5 23
247 10 7 25
247 10 10 25
247 10 11 24
247 10 14 22
248 2 0 29
248 2 1 28
248 2 3 30
248 2 4 28
248 2 6 30
248 2 8 30
248 2 10 29
248 2 13 27
248 8 2 28
248 8 3 27
248 8 4 29
248 8 5 27
248 8 7 29
248 8 10 29
248 8 13 28
248 8 14 26
248 9 0 30
248 9 1 29
248 9 5 31
248 9 6 29
248 9 8 31
248 9 10 31
248 9 13 30
248 9 14 28
248 10 1 28
248 10 2 27
248 10 3 29
248 10 5 27
248 10 7 29
248 10 10 29
248 10 11 28
248 10 14 26
249 4 1 41
249 4 2 39
249 4 3 38
249 4 6 35
249 4 7 38
249 4 11 36
249 4 13 42
249 4 14 36
249 10 1 39
249 10 2 37
249 10 3 36
249 10 5 33
249 10 7 36
249 10 10 34
249 10 11 40
249 10 14 34
249 12 1 38
249 12 2 36
249 12 3 35
249 12 4 32
249 12 7 35
249 12 11 33
249 12 13 39
249 12 14 33
250 0 0 65
250 0 5 62
250 0 7 64
250 0 8 58
250 0 9 70
250 0 10 64
250 0 11 61
250 0 13 63
250 6 1 62
250 6 2 59
250 6 3 61
250 6 5 55
250 6 7 67
250 6 9 61
250 6 11 58
250 6 12 60
250 14 1 64
250 14 3 61
250 14 4 63
250 14 5 57
250 14 7 69
250 14 8 63
250 14 9 60
250 14 10 62
251 0 0 15
251 0 5 14
251 0 7 13
251 0 8 12
251 0 9 13
251 0 10 12
251 0 11 15
251 0 13 12
251 3 3 14
251 3 4 13
251 3 7 12
251 3 8 11
251 3 10 12
251 3 11 11
251 3 12 14
251 3 13 11
251 5 3 13
251 5 4 12
251 5 5 11
251 5 8 10
251 5 9 11
251 5 11 10
251 5 12 13
251 5 14 10
251 7 3 12
251 7 4 11
251 7 5 10
251 7 7 9
251 7 10 10
251 7 12 9
251 7 13 12
251 7 14 9
251 9 0 13
251 9 1 12
251 9 5 11
251 9 6 10
251 9 8 11
251 9 10 10
251 9 13 13
251 9 14 10
252 1 1 37
252 1 5 35
252 1 7 34
252 1 8 31
252 1 9 34
252 1 11 32
252 1 13 38
252 1 14 32
252 4 1 35
252 4 2 33
252 4 3 32
252 4 6 29
252 4 7 32
252 4 11 30
252 4 13 36
252 4 14 30
252 5 3 34
252 5 4 32
252 5 5 31
252 5 8 28
252 5 9 31
252 5 11 29
252 5 12 35
252 5 14 29
252 8 2 30
252 8 3 29
252 8 4 31
252 8 5 29
252 8 7 31
252 8 10 31
252 8 13 30
252 8 14 28
253 1 1 77
253 1 5 88
253 1 7 84
253 1 8 82
253 1 9 78
253 1 11 90
253 1 13 77
253 1 14 87
253 5 3 82
253 5 4 77
253 5 5 75
253 5 8 70
253 5 9 76
253 5 11 71
253 5 12 84
253 5 14 72
253 6 1 80
253 6 2 75
253 6 3 73
253 6 5 68
253 6 7 74
253 6 9 69
253 6 11 82
253 6 12 70
253 12 1 73
253 12 2 72
253 12 3 68
253 12 4 63
253 12 7 68
253 12 11 74
253 12 13 70
253 12 14 71
253 13 2 81
253 13 3 76
253 13 4 74
253 13 5 69
253 13 6 75
253 13 7 70
253 13 8 83
253 13 11 71
254 1 1 70
254 1 5 67
254 1 7 69
254 1 8 63
254 1 9 75
254 1 11 69
254 1 13 66
254 1 14 68
254 2 0 67
254 2 1 64
254 2 3 66
254 2 4 60
254 2 6 72
254 2 8 66
254 2 10 63
254 2 13 65
254 6 1 69
254 6 2 66
254 6 3 68
254 6 5 62
254 6 7 74
254 6 9 68
254 6 11 65
254 6 12 67
254 13 2 63
254 13 3 60
254 13 4 62
254 13 5 56
254 13 6 68
254 13 7 62
254 13 8 59
254 13 11 61
255 3 3 37
255 3 4 35
255 3 7 34
255 3 8 31
255 3 10 34
255 3 11 32
255 3 12 38
255 3 13 32
255 5 3 35
255 5 4 33
255 5 5 32
255 5 8 29
255 5 9 32
255 5 11 30
255 5 12 36
255 5 14 30
255 10 1 34
255 10 2 32
255 10 3 31
255 10 5 28
255 10 7 31
255 10 10 29
255 10 11 35
255 10 14 29
255 13 2 30
255 13 3 29
255 13 4 31
255 13 5 29
255 13 6 31
255 13 7 31
255 13 8 30
255 13 11 28
256 0 0 35
256 0 5 33
256 0 7 32
256 0 8 29
256 0 9 32
256 0 10 30
256 0 11 36
256 0 13 30
256 2 0 33
256 2 1 31
256 2 3 30
256 2 4 27
256 2 6 30
256 2 8 28
256 2 10 34
256 2 13 28
256 4 1 28
256 4 2 32
256 4 3 27
256 4 6 28
256 4 7 33
256 4 11 27
256 4 13 31
256 4 14 33
256 7 3 28
256 7 4 27
256 7 5 29
256 7 7 27
256 7 10 29
256 7 12 29
256 7 13 28
256 7 14 26
256 8 2 28
256 8 3 32
256 8 4 27
256 8 5 28
256 8 7 33
256 8 10 27
256 8 13 31
256 8 14 33
257 0 0 36
257 0 5 45
257 0 7 41
257 0 8 41
257 0 9 41
257 0 10 37
257 0 11 38
257 0 13 44
257 1 1 41
257 1 5 39
257 1 7 38
257 1 8 35
257 1 9 38
257 1 11 36
257 1 13 42
257 1 14 36
257 2 0 40
257 2 1 38
257 2 3 37
257 2 4 34
257 2 6 37
257 2 8 35
257 2 10 41
257 2 13 35
257 11 1 37
257 11 2 35
257 11 4 34
257 11 6 31
257 11 7 34
257 11 10 32
257 11 11 38
257 11 14 32
257 13 2 40
257 13 3 38
257 13 4 37
257 13 5 34
257 13 6 37
257 13 7 35
257 13 8 41
257 13 11 35
258 0 0 41
258 0 5 39
258 0 7 38
258 0 8 35
258 0 9 38
258 0 10 36
258 0 11 42
258 0 13 36
258 1 1 39
258 1 5 37
258 1 7 36
258 1 8 33
258 1 9 36
258 1 11 34
258 1 13 40
258 1 14 34
258 6 1 38
258 6 2 36
258 6 3 35
258 6 5 32
258 6 7 35
258 6 9 33
258 6 11 39
258 6 12 33
258 8 2 35
258 8 3 33
258 8 4 32
258 8 5 29
258 8 7 32
258 8 10 30
258 8 13 36
258 8 14 30
258 11 1 38
258 11 2 36
258 11 4 35
258 11 6 32
258 11 7 35
258 11 10 33
258 11 11 39
258 11 14 33
259 3 3 66
259 3 4 59
259 3 7 61
259 3 8 54
259 3 10 58
259 3 11 65
259 3 12 63
259 3 13 55
259 4 1 57
259 4 2 50
259 4 3 58
259 4 6 50
259 4 7 58
259 4 11 52
259 4 13 51
259 4 14 55
259 5 3 62
259 5 4 59
259 5 5 61
259 5 8 55
259 5 9 67
259 5 11 61
259 5 12 58
259 5 14 60
259 9 0 57
259 9 1 50
259 9 5 58
259 9 6 50
259 9 8 58
259 9 10 52
259 9 13 51
259 9 14 55
260 4 1 27
260 4 2 26
260 4 3 28
260 4 6 26
260 4 7 28
260 4 11 28
260 4 13 27
260 4 14 25
260 5 3 26
260 5 4 25
260 5 5 27
260 5 8 25
260 5 9 27
260 5 11 27
260 5 12 26
260 5 14 24
260 13 2 28
260 13 3 27
260 13 4 29
260 13 5 27
260 13 6 29
260 13 7 29
260 13 8 28
260 13 11 26
261 0 0 78
261 0 5 89
261 0 7 85
261 0 8 83
261 0 9 79
261 0 10 91
261 0 11 78
261 0 13 88
261 2 0 83
261 2 1 78
261 2 3 76
261 2 4 71
261 2 6 77
261 2 8 72
261 2 10 85
261 2 13 73
261 10 1 81
261 10 2 76
261 10 3 74
261 10 5 69
261 10 7 75
261 10 10 70
261 10 11 83
261 10 14 71
261 13 2 76
261 13 3 71
261 13 4 69
261 13 5 64
261 13 6 70
261 13 7 65
261 13 8 78
261 13 11 66
262 4 1 38
262 4 2 36
262 4 3 35
262 4 6 32
262 4 7 35
262 4 11 33
262 4 13 39
262 4 14 33
262 5 3 40
262 5 4 49
262 5 5 45
262 5 8 45
262 5 9 45
262 5 11 41
262 5 12 42
262 5 14 48
262 7 3 36
262 7 4 45
262 7 5 41
262 7 7 41
262 7 10 41
262 7 12 37
262 7 13 38
262 7 14 44
262 8 2 36
262 8 3 45
262 8 4 41
262 8 5 41
262 8 7 41
262 8 10 37
262 8 13 38
262 8 14 44
262 10 1 36
262 10 2 45
262 10 3 41
262 10 5 41
262 10 7 41
262 10 10 37
262 10 11 38
262 10 14 44
263 5 3 95
263 5 4 104
263 5 5 100
263 5 8 100
263 5 9 100
263 5 11 86
263 5 12 97
263 5 14 93
263 8 2 113
263 8 3 106
263 8 4 100
263 8 5 112
263 8 7 102
263 8 10 96
263 8 13 99
263 8 14 105
263 9 0 91
263 9 1 102
263 9 5 104
263 9 6 105
263 9 8 110
263 9 10 104
263 9 13 94
263 9 14 110
263 13 2 91
263 13 3 102
263 13 4 104
263 13 5 105
263 13 6 110
263 13 7 104
263 13 8 94
263 13 11 110
264 1 1 39
264 1 5 37
264 1 7 36
264 1 8 33
264 1 9 36
264 1 11 34
264 1 13 40
264 1 14 34
264 4 1 37
264 4 2 35
264 4 3 34
264 4 6 31
264 4 7 34
264 4 11 32
264 4 13 38
264 4 14 32
264 8 2 36
264 8 3 34
264 8 4 33
264 8 5 30
264 8 7 33
264 8 10 31
264 8 13 37
264 8 14 31
264 9 0 33
264 9 1 31
264 9 5 30
264 9 6 27
264 9 8 30
264 9 10 28
264 9 13 34
264 9 14 28
264 13 2 36
264 13 3 34
264 13 4 33
264 13 5 30
264 13 6 33
264 13 7 31
264 13 8 37
264 13 11 31
265 3 3 63
265 3 4 60
265 3 7 62
265 3 8 56
265 3 10 68
265 3 11 62
265 3 12 59
265 3 13 61
265 6 1 59
265 6 2 52
265 6 3 60
265 6 5 52
265 6 7 60
265 6 9 54
265 6 11 53
265 6 12 57
265 7 3 64
265 7 4 61
265 7 5 63
265 7 7 57
265 7 10 69
265 7 12 63
265 7 13 60
265 7 14 62
265 10 1 59
265 10 2 52
265 10 3 60
265 10 5 52
265 10 7 60
265 10 10 54
265 10 11 53
265 10 14 57
266 1 1 99
266 1 5 108
266 1 7 104
266 1 8 104
266 1 9 104
266 1 11 90
266 1 13 101
266 1 14 97
266 5 3 117
266 5 4 110
266 5 5 104
266 5 8 116
266 5 9 106
266 5 11 100
266 5 12 103
266 5 14 109
266 9 0 113
266 9 1 106
266 9 5 100
266 9 6 112
266 9 8 102
266 9 10 96
266 9 13 99
266 9 14 105
267 2 0 59
267 2 1 52
267 2 3 60
267 2 4 52
267 2 6 60
267 2 8 54
267 2 10 53
267 2 13 57
267 3 3 43
267 3 4 52
267 3 7 48
267 3 8 48
267 3 10 48
267 3 11 44
267 3 12 45
267 3 13 51
267 4 1 60
267 4 2 53
267 4 3 61
267 4 6 53
267 4 7 61
267 4 11 55
267 4 13 54
267 4 14 58
267 9 0 43
267 9 1 52
267 9 5 48
267 9 6 48
267 9 8 48
267 9 10 44
267 9 13 45
267 9 14 51
267 13 2 60
267 13 3 53
267 13 4 61
267 13 5 53
267 13 6 61
267 13 7 55
267 13 8 54
267 13 11 58
268 3 3 36
268 3 4 45
268 3 7 41
268 3 8 41
268 3 10 41
268 3 11 37
268 3 12 38
268 3 13 44
268 5 3 41
268 5 4 39
268 5 5 38
268 5 8 35
268 5 9 38
268 5 11 36
268 5 12 42
268 5 14 36
268 11 1 40
268 11 2 38
268 11 4 37
268 11 6 34
268 11 7 37
268 11 10 35
268 11 11 41
268 11 14 35
268 14 1 37
268 14 3 35
268 14 4 34
268 14 5 31
268 14 7 34
268 14 8 32
268 14 9 38
268 14 10 32
269 2 0 60
269 2 1 53
269 2 3 61
269 2 4 53
269 2 6 61
269 2 8 55
269 2 10 54
269 2 13 58
269 6 1 44
269 6 2 53
269 6 3 49
269 6 5 49
269 6 7 49
269 6 9 45
269 6 11 46
269 6 12 52
269 10 1 61
269 10 2 54
269 10 3 62
269 10 5 54
269 10 7 62
269 10 10 56
269 10 11 55
269 10 14 59
270 3 3 37
270 3 4 46
270 3 7 42
270 3 8 42
270 3 10 42
270 3 11 38
270 3 12 39
270 3 13 45
270 4 1 55
270 4 2 48
270 4 3 56
270 4 6 48
270 4 7 56
270 4 11 50
270 4 13 49
270 4 14 53
270 9 0 42
270 9 1 51
270 9 5 47
270 9 6 47
270 9 8 47
270 9 10 43
270 9 13 44
270 9 14 50
270 14 1 42
270 14 3 51
270 14 4 47
270 14 5 47
270 14 7 47
270 14 8 43
270 14 9 44
270 14 10 50
271 1 1 81
271 1 5 76
271 1 7 74
271 1 8 69
271 1 9 75
271 1 11 70
271 1 13 83
271 1 14 71
271 7 3 76
271 7 4 71
271 7 5 69
271 7 7 64
271 7 10 70
271 7 12 65
271 7 13 78
271 7 14 66
271 12 1 70
271 12 2 67
271 12 3 69
271 12 4 63
271 12 7 75
271 12 11 69
271 12 13 66
271 12 14 68
272 0 0 60
272 0 5 53
272 0 7 61
272 0 8 53
272 0 9 61
272 0 10 55
272 0 11 54
272 0 13 58
272 2 0 44
272 2 1 53
272 2 3 49
272 2 4 49
272 2 6 49
272 2 8 45
272 2 10 46
272 2 13 52
272 8 2 61
272 8 3 54
272 8 4 62
272 8 5 54
272 8 7 62
272 8 10 56
272 8 13 55
272 8 14 59
273 0 0 25
273 0 5 24
273 0 7 26
273 0 8 24
273 0 9 26
273 0 10 26
273 0 11 25
273 0 13 23
273 3 3 24
273 3 4 23
273 3 7 25
273 3 8 23
273 3 10 25
273 3 11 25
273 3 12 24
273 3 13 22
273 9 0 26
273 9 1 25
273 9 5 27
273 9 6 25
273 9 8 27
273 9 10 27
273 9 13 26
273 9 14 24
273 13 2 24
273 13 3 23
273 13 4 25
273 13 5 23
273 13 6 25
273 13 7 25
273 13 8 24
273 13 11 22
274 3 3 26
274 3 4 25
274 3 7 27
274 3 8 25
274 3 10 27
274 3 11 27
274 3 12 26
274 3 13 24
274 4 1 25
274 4 2 24
274 4 3 26
274 4 6 24
274 4 7 26
274 4 11 26
274 4 13 25
274 4 14 23
274 7 3 27
274 7 4 26
274 7 5 28
274 7 7 26
274 7 10 28
274 7 12 28
274 7 13 27
274 7 14 25
274 9 0 25
274 9 1 24
274 9 5 26
274 9 6 24
274 9 8 26
274 9 10 26
274 9 13 25
274 9 14 23
274 13 2 27
274 13 3 26
274 13 4 28
274 13 5 26
274 13 6 28
274 13 7 28
274 13 8 27
274 13 11 25
275 1 1 41
275 1 5 39
275 1 7 38
275 1 8 35
275 1 9 38
275 1 11 36
275 1 13 42
275 1 14 36
275 4 1 43
275 4 2 52
275 4 3 48
275 4 6 48
275 4 7 48
275 4 11 44
275 4 13 45
275 4 14 51
275 5 3 39
275 5 4 48
275 5 5 44
275 5 8 44
275 5 9 44
275 5 11 40
275 5 12 41
275 5 14 47
275 6 1 39
275 6 2 48
275 6 3 44
275 6 5 44
275 6 7 44
275 6 9 40
275 6 11 41
275 6 12 47
275 14 1 39
275 14 3 48
275 14 4 44
275 14 5 44
275 14 7 44
275 14 8 40
275 14 9 41
275 14 10 47
276 1 1 40
276 1 5 42
276 1 7 38
276 1 8 36
276 1 9 41
276 1 11 44
276 1 13 40
276 1 14 41
276 2 0 44
276 2 1 53
276 2 3 49
276 2 4 49
276 2 6 49
276 2 8 45
276 2 10 46
276 2 13 52
276 13 2 40
276 13 3 49
276 13 4 45
276 13 5 45
276 13 6 45
276 13 7 41
276 13 8 42
276 13 11 48
277 0 0 38
277 0 5 36
277 0 7 35
277 0 8 32
277 0 9 35
277 0 10 33
277 0 11 39
277 0 13 33
277 1 1 36
277 1 5 34
277 1 7 33
277 1 8 30
277 1 9 33
277 1 11 31
277 1 13 37
277 1 14 31
277 2 0 35
277 2 1 33
277 2 3 32
277 2 4 29
277 2 6 32
277 2 8 30
277 2 10 36
277 2 13 30
277 9 0 28
277 9 1 32
277 9 5 27
277 9 6 28
277 9 8 33
277 9 10 27
277 9 13 31
277 9 14 33
277 14 1 35
277 14 3 33
277 14 4 32
277 14 5 29
277 14 7 32
277 14 8 30
277 14 9 36
277 14 10 30
278 0 0 82
278 0 5 77
278 0 7 75
278 0 8 70
278 0 9 76
278 0 10 71
278 0 11 84
278 0 13 72
278 2 0 77
278 2 1 72
278 2 3 70
278 2 4 65
278 2 6 71
278 2 8 66
278 2 10 79
278 2 13 67
278 4 1 73
278 4 2 72
278 4 3 68
278 4 6 63
278 4 7 68
278 4 11 74
278 4 13 70
278 4 14 71
278 5 3 66
278 5 4 63
278 5 5 65
278 5 8 59
278 5 9 71
278 5 11 65
278 5 12 62
278 5 14 64
278 6 1 76
278 6 2 71
278 6 3 69
278 6 5 64
278 6 7 70
278 6 9 65
278 6 11 78
278 6 12 66
279 3 3 83
279 3 4 78
279 3 7 76
279 3 8 71
279 3 10 77
279 3 11 72
279 3 12 85
279 3 13 73
279 8 2 78
279 8 3 73
279 8 4 71
279 8 5 66
279 8 7 72
279 8 10 67
279 8 13 80
279 8 14 68
279 9 0 76
279 9 1 71
279 9 5 69
279 9 6 64
279 9 8 70
279 9 10 65
279 9 13 78
279 9 14 66
279 10 1 67
279 10 2 64
279 10 3 66
279 10 5 60
279 10 7 72
279 10 10 66
279 10 11 63
279 10 14 65
280 2 0 66
280 2 1 59
280 2 3 61
280 2 4 54
280 2 6 58
280 2 8 65
280 2 10 63
280 2 13 55
280 4 1 57
280 4 2 50
280 4 3 58
280 4 6 50
280 4 7 58
280 4 11 52
280 4 13 51
280 4 14 55
280 8 2 62
280 8 3 59
280 8 4 61
280 8 5 55
280 8 7 67
280 8 10 61
280 8 13 58
280 8 14 60
281 5 3 82
281 5 4 77
281 5 5 75
281 5 8 70
281 5 9 76
281 5 11 71
281 5 12 84
281 5 14 72
281 6 1 77
281 6 2 72
281 6 3 70
281 6 5 65
281 6 7 71
281 6 9 66
281 6 11 79
281 6 12 67
281 11 1 73
281 11 2 72
281 11 4 68
281 11 6 63
281 11 7 68
281 11 10 74
281 11 11 70
281 11 14 71
281 13 2 66
281 13 3 63
281 13 4 65
281 13 5 59
281 13 6 71
281 13 7 65
281 13 8 62
281 13 11 64
282 2 0 40
282 2 1 38
282 2 3 37
282 2 4 34
282 2 6 37
282 2 8 35
282 2 10 41
282 2 13 35
282 8 2 42
282 8 3 51
282 8 4 47
282 8 5 47
282 8 7 47
282 8 10 43
282 8 13 44
282 8 14 50
282 9 0 38
282 9 1 47
282 9 5 43
282 9 6 43
282 9 8 43
282 9 10 39
282 9 13 40
282 9 14 46
282 11 1 38
282 11 2 47
282 11 4 43
282 11 6 43
282 11 7 43
282 11 10 39
282 11 11 40
282 11 14 46
282 13 2 38
282 13 3 47
282 13 4 43
282 13 5 43
282 13 6 43
282 13 7 39
282 13 8 40
282 13 11 46
283 2 0 98
283 2 1 107
283 2 3 103
283 2 4 103
283 2 6 103
283 2 8 89
283 2 10 100
283 2 13 96
283 4 1 116
283 4 2 109
283 4 3 103
283 4 6 115
283 4 7 105
283 4 11 99
283 4 13 102
283 4 14 108
283 6 1 112
283 6 2 105
283 6 3 99
283 6 5 111
283 6 7 101
283 6 9 95
283 6 11 98
283 6 12 104
283 10 1 112
283 10 2 105
283 10 3 99
283 10 5 111
283 10 7 101
283 10 10 95
283 10 11 98
283 10 14 104
283 12 1 112
283 12 2 105
283 12 3 99
283 12 4 111
283 12 7 101
283 12 11 95
283 12 13 98
283 12 14 104
284 2 0 38
284 2 1 47
284 2 3 43
284 2 4 43
284 2 6 43
284 2 8 39
284 2 10 40
284 2 13 46
284 3 3 56
284 3 4 49
284 3 7 57
284 3 8 49
284 3 10 57
284 3 11 51
284 3 12 50
284 3 13 54
284 8 2 43
284 8 3 52
284 8 4 48
284 8 5 48
284 8 7 48
284 8 10 44
284 8 13 45
284 8 14 51
285 1 1 99
285 1 5 108
285 1 7 104
285 1 8 104
285 1 9 104
285 1 11 90
285 1 13 101
285 1 14 97
285 5 3 117
285 5 4 110
285 5 5 104
285 5 8 116
285 5 9 106
285 5 11 100
285 5 12 103
285 5 14 109
285 7 3 113
285 7 4 106
285 7 5 100
285 7 7 112
285 7 10 102
285 7 12 96
285 7 13 99
285 7 14 105
285 9 0 113
285 9 1 106
285 9 5 100
285 9 6 112
285 9 8 102
285 9 10 96
285 9 13 99
285 9 14 105
285 10 1 113
285 10 2 106
285 10 3 100
285 10 5 112
285 10 7 102
285 10 10 96
285 10 11 99
285 10 14 105
286 3 3 36
286 3 4 45
286 3 7 41
286 3 8 41
286 3 10 41
286 3 11 37
286 3 12 38
286 3 13 44
286 8 2 41
286 8 3 39
286 8 4 38
286 8 5 35
286 8 7 38
286 8 10 36
286 8 13 42
286 8 14 36
286 9 0 40
286 9 1 38
286 9 5 37
286 9 6 34
286 9 8 37
286 9 10 35
286 9 13 41
286 9 14 35
286 13 2 37
286 13 3 35
286 13 4 34
286 13 5 31
286 13 6 34
286 13 7 32
286 13 8 38
286 13 11 32
286 14 1 40
286 14 3 38
286 14 4 37
286 14 5 34
286 14 7 37
286 14 8 35
286 14 9 41
286 14 10 35
287 3 3 68
287 3 4 65
287 3 7 67
287 3 8 61
287 3 10 73
287 3 11 67
287 3 12 64
287 3 13 66
287 4 1 65
287 4 2 62
287 4 3 64
287 4 6 58
287 4 7 70
287 4 11 64
287 4 13 61
287 4 14 63
287 5 3 67
287 5 4 64
287 5 5 66
287 5 8 60
287 5 9 72
287 5 11 66
287 5 12 63
287 5 14 65
287 12 1 66
287 12 2 59
287 12 3 61
287 12 4 54
287 12 7 58
287 12 11 65
287 12 13 63
287 12 14 55
288 0 0 60
288 0 5 53
288 0 7 61
288 0 8 53
288 0 9 61
288 0 10 55
288 0 11 54
288 0 13 58
288 5 3 44
288 5 4 53
288 5 5 49
288 5 8 49
288 5 9 49
288 5 11 45
288 5 12 46
288 5 14 52
288 11 1 61
288 11 2 54
288 11 4 62
288 11 6 54
288 11 7 62
288 11 10 56
288 11 11 55
288 11 14 59
288 13 2 44
288 13 3 53
288 13 4 49
288 13 5 49
288 13 6 49
288 13 7 45
288 13 8 46
288 13 11 52
288 14 1 61
288 14 3 54
288 14 4 62
288 14 5 54
288 14 7 62
288 14 8 56
288 14 9 55
288 14 10 59
289 1 1 77
289 1 5 88
289 1 7 84
289 1 8 82
289 1 9 78
289 1 11 90
289 1 13 77
289 1 14 87
289 2 0 82
289 2 1 77
289 2 3 75
289 2 4 70
289 2 6 76
289 2 8 71
289 2 10 84
289 2 13 72
289 3 3 80
289 3 4 75
289 3 7 73
289 3 8 68
289 3 10 74
289 3 11 69
289 3 12 82
289 3 13 70
289 14 1 73
289 14 3 72
289 14 4 68
289 14 5 63
289 14 7 68
289 14 8 74
289 14 9 70
289 14 10 71
290 2 0 39
290 2 1 48
290 2 3 44
290 2 4 44
290 2 6 44
290 2 8 40
290 2 10 41
290 2 13 47
290 5 3 57
290 5 4 50
290 5 5 58
290 5 8 50
290 5 9 58
290 5 11 52
290 5 12 51
290 5 14 55
290 6 1 44
290 6 2 53
290 6 3 49
290 6 5 49
290 6 7 49
290 6 9 45
290 6 11 46
290 6 12 52
290 14 1 44
290 14 3 53
290 14 4 49
290 14 5 49
290 14 7 49
290 14 8 45
290 14 9 46
290 14 10 52
291 1 1 63
291 1 5 56
291 1 7 64
291 1 8 56
291 1 9 64
291 1 11 58
291 1 13 57
291 1 14 61
291 2 0 56
291 2 1 49
291 2 3 57
291 2 4 49
291 2 6 57
291 2 8 51
291 2 10 50
291 2 13 54
291 4 1 66
291 4 2 59
291 4 3 61
291 4 6 54
291 4 7 58
291 4 11 65
291 4 13 63
291 4 14 55
291 9 0 56
291 9 1 49
291 9 5 57
291 9 6 49
291 9 8 57
291 9 10 51
291 9 13 50
291 9 14 54
292 1 1 25
292 1 5 24
292 1 7 26
292 1 8 24
292 1 9 26
292 1 11 26
292 1 13 25
292 1 14 23
292 4 1 24
292 4 2 23
292 4 3 25
292 4 6 23
292 4 7 25
292 4 11 25
292 4 13 24
292 4 14 22
292 7 3 26
292 7 4 25
292 7 5 27
292 7 7 25
292 7 10 27
292 7 12 27
292 7 13 26
292 7 14 24
292 8 2 24
292 8 3 23
292 8 4 25
292 8 5 23
292 8 7 25
292 8 10 25
292 8 13 24
292 8 14 22
293 1 1 81
293 1 5 72
293 1 7 83
293 1 8 77
293 1 9 85
293 1 11 73
293 1 13 84
293 1 14 79
293 6 1 80
293 6 2 75
293 6 3 73
293 6 5 68
293 6 7 74
293 6 9 69
293 6 11 82
293 6 12 70
293 7 3 78
293 7 4 73
293 7 5 71
293 7 7 66
293 7 10 72
293 7 12 67
293 7 13 80
293 7 14 68
293 10 1 69
293 10 2 66
293 10 3 68
293 10 5 62
293 10 7 74
293 10 10 68
293 10 11 65
293 10 14 67
293 13 2 79
293 13 3 74
293 13 4 72
293 13 5 67
293 13 6 73
293 13 7 68
293 13 8 81
293 13 11 69
294 2 0 41
294 2 1 39
294 2 3 38
294 2 4 35
294 2 6 38
294 2 8 36
294 2 10 42
294 2 13 36
294 7 3 43
294 7 4 52
294 7 5 48
294 7 7 48
294 7 10 48
294 7 12 44
294 7 13 45
294 7 14 51
294 11 1 39
294 11 2 48
294 11 4 44
294 11 6 44
294 11 7 44
294 11 10 40
294 11 11 41
294 11 14 47
295 4 1 76
295 4 2 87
295 4 3 83
295 4 6 81
295 4 7 77
295 4 11 89
295 4 13 76
295 4 14 86
295 7 3 81
295 7 4 76
295 7 5 74
295 7 7 69
295 7 10 75
295 7 12 70
295 7 13 83
295 7 14 71
295 10 1 79
295 10 2 74
295 10 3 72
295 10 5 67
295 10 7 73
295 10 10 68
295 10 11 81
295 10 14 69
295 11 1 70
295 11 2 67
295 11 4 69
295 11 6 63
295 11 7 75
295 11 10 69
295 11 11 66
295 11 14 68
296 4 1 68
296 4 2 65
296 4 3 67
296 4 6 61
296 4 7 73
296 4 11 67
296 4 13 64
296 4 14 66
296 11 1 65
296 11 2 62
296 11 4 64
296 11 6 58
296 11 7 70
296 11 10 64
296 11 11 61
296 11 14 63
296 12 1 67
296 12 2 64
296 12 3 66
296 12 4 60
296 12 7 72
296 12 11 66
296 12 13 63
296 12 14 65
296 13 2 66
296 13 3 59
296 13 4 61
296 13 5 54
296 13 6 58
296 13 7 65
296 13 8 63
296 13 11 55
296 14 1 77
296 14 3 72
296 14 4 70
296 14 5 65
296 14 7 71
296 14 8 66
296 14 9 79
296 14 10 67
297 0 0 15
297 0 5 14
297 0 7 13
297 0 8 12
297 0 9 13
297 0 10 12
297 0 11 15
297 0 13 12
297 5 3 14
297 5 4 13
297 5 5 12
297 5 8 11
297 5 9 12
297 5 11 11
297 5 12 14
297 5 14 11
297 9 0 13
297 9 1 12
297 9 5 11
297 9 6 10
297 9 8 11
297 9 10 10
297 9 13 13
297 9 14 10
298 4 1 23
298 4 2 22
298 4 3 24
298 4 6 22
298 4 7 24
298 4 11 24
298 4 13 23
298 4 14 21
298 7 3 22
298 7 4 21
298 7 5 23
298 7 7 21
298 7 10 23
298 7 12 23
298 7 13 22
298 7 14 20
298 14 1 24
298 14 3 23
298 14 4 25
298 14 5 23
298 14 7 25
298 14 8 25
298 14 9 24
298 14 10 22
299 3 3 73
299 3 4 72
299 3 7 68
299 3 8 63
299 3 10 68
299 3 11 74
299 3 12 70
299 3 13 71
299 7 3 68
299 7 4 65
299 7 5 67
299 7 7 61
299 7 10 73
299 7 12 67
299 7 13 64
299 7 14 66
299 8 2 70
299 8 3 67
299 8 4 69
299 8 5 63
299 8 7 75
299 8 10 69
299 8 13 66
299 8 14 68
299 11 1 64
299 11 2 61
299 11 4 63
299 11 6 57
299 11 7 69
299 11 10 63
299 11 11 60
299 11 14 62
299 13 2 80
299 13 3 75
299 13 4 73
299 13 5 68
299 13 6 74
299 13 7 69
299 13 8 82
299 13 11 70
300 1 1 37
300 1 5 46
300 1 7 42
300 1 8 42
300 1 9 42
300 1 11 38
300 1 13 39
300 1 14 45
300 3 3 55
300 3 4 48
300 3 7 56
300 3 8 48
300 3 10 56
300 3 11 50
300 3 12 49
300 3 13 53
300 8 2 42
300 8 3 51
300 8 4 47
300 8 5 47
300 8 7 47
300 8 10 43
300 8 13 44
300 8 14 50
300 10 1 42
300 10 2 51
300 10 3 47
300 10 5 47
300 10 7 47
300 10 10 43
300 10 11 44
300 10 14 50
300 11 1 42
300 11 2 51
300 11 4 47
300 11 6 47
300 11 7 47
300 11 10 43
300 11 11 44
300 11 14 50
301 3 3 81
301 3 4 76
301 3 7 74
301 3 8 69
301 3 10 75
301 3 11 70
301 3 12 83
301 3 13 71
301 8 2 76
301 8 3 71
301 8 4 69
301 8 5 64
301 8 7 70
301 8 10 65
301 8 13 78
301 8 14 66
301 11 1 70
301 11 2 67
301 11 4 69
301 11 6 63
301 11 7 75
301 11 10 69
301 11 11 66
301 11 14 68
301 12 1 65
301 12 2 62
301 12 3 64
301 12 4 58
301 12 7 70
301 12 11 64
301 12 13 61
301 12 14 63
301 14 1 73
301 14 3 72
301 14 4 68
301 14 5 63
301 14 7 68
301 14 8 74
301 14 9 70
301 14 10 71
302 6 1 14
302 6 2 13
302 6 3 12
302 6 5 11
302 6 7 12
302 6 9 11
302 6 11 14
302 6 12 11
302 7 3 13
302 7 4 12
302 7 5 11
302 7 7 10
302 7 10 11
302 7 12 10
302 7 13 13
302 7 14 10
302 10 1 12
302 10 2 11
302 10 3 10
302 10 5 9
302 10 7 10
302 10 10 9
302 10 11 12
302 10 14 9
303 0 0 29
303 0 5 28
303 0 7 30
303 0 8 28
303 0 9 30
303 0 10 30
303 0 11 29
303 0 13 27
303 1 1 34
303 1 5 32
303 1 7 31
303 1 8 28
303 1 9 31
303 1 11 29
303 1 13 35
303 1 14 29
303 3 3 28
303 3 4 27
303 3 7 29
303 3 8 27
303 3 10 29
303 3 11 29
303 3 12 28
303 3 13 26
303 7 3 29
303 7 4 28
303 7 5 30
303 7 7 28
303 7 10 30
303 7 12 30
303 7 13 29
303 7 14 27
303 9 0 35
303 9 1 33
303 9 5 32
303 9 6 29
303 9 8 32
303 9 10 30
303 9 13 36
303 9 14 30
304 0 0 79
304 0 5 90
304 0 7 86
304 0 8 84
304 0 9 80
304 0 10 92
304 0 11 79
304 0 13 89
304 2 0 95
304 2 1 104
304 2 3 100
304 2 4 100
304 2 6 100
304 2 8 86
304 2 10 97
304 2 13 93
304 7 3 91
304 7 4 100
304 7 5 96
304 7 7 96
304 7 10 96
304 7 12 82
304 7 13 93
304 7 14 89
305 7 3 28
305 7 4 32
305 7 5 27
305 7 7 28
305 7 10 33
305 7 12 27
305 7 13 31
305 7 14 33
305 12 1 30
305 12 2 29
305 12 3 31
305 12 4 29
305 12 7 31
305 12 11 31
305 12 13 30
305 12 14 28
305 14 1 33
305 14 3 31
305 14 4 30
305 14 5 27
305 14 7 30
305 14 8 28
305 14 9 34
305 14 10 28
306 1 1 67
306 1 5 64
306 1 7 66
306 1 8 60
306 1 9 72
306 1 11 66
306 1 13 63
306 1 14 65
306 2 0 64
306 2 1 61
306 2 3 63
306 2 4 57
306 2 6 69
306 2 8 63
306 2 10 60
306 2 13 62
306 6 1 66
306 6 2 63
306 6 3 65
306 6 5 59
306 6 7 71
306 6 9 65
306 6 11 62
306 6 12 64
306 11 1 63
306 11 2 56
306 11 4 64
306 11 6 56
306 11 7 64
306 11 10 58
306 11 11 57
306 11 14 61
306 14 1 76
306 14 3 71
306 14 4 69
306 14 5 64
306 14 7 70
306 14 8 65
306 14 9 78
306 14 10 66
307 1 1 19
307 1 5 18
307 1 7 17
307 1 8 16
307 1 9 17
307 1 11 16
307 1 13 19
307 1 14 16
307 5 3 18
307 5 4 17
307 5 5 16
307 5 8 15
307 5 9 16
307 5 11 15
307 5 12 18
307 5 14 15
307 9 0 17
307 9 1 16
307 9 5 15
307 9 6 14
307 9 8 15
307 9 10 14
307 9 13 17
307 9 14 14
308 3 3 30
308 3 4 29
308 3 7 31
308 3 8 29
308 3 10 31
308 3 11 31
308 3 12 30
308 3 13 28
308 4 1 29
308 4 2 28
308 4 3 30
308 4 6 28
308 4 7 30
308 4 11 30
308 4 13 29
308 4 14 27
308 5 3 28
308 5 4 32
308 5 5 27
308 5 8 28
308 5 9 33
308 5 11 27
308 5 12 31
308 5 14 33
308 10 1 29
308 10 2 28
308 10 3 30
308 10 5 28
308 10 7 30
308 10 10 30
308 10 11 29
308 10 14 27
308 12 1 28
308 12 2 32
308 12 3 27
308 12 4 28
308 12 7 33
308 12 11 27
308 12 13 31
308 12 14 33
309 0 0 91
309 0 5 100
309 0 7 96
309 0 8 96
309 0 9 96
309 0 10 82
309 0 11 93
309 0 13 89
309 1 1 91
309 1 5 102
309 1 7 104
309 1 8 105
309 1 9 110
309 1 11 104
309 1 13 94
309 1 14 110
309 6 1 96
309 6 2 105
309 6 3 101
309 6 5 101
309 6 7 101
309 6 9 87
309 6 11 98
309 6 12 94
309 11 1 96
309 11 2 105
309 11 4 101
309 11 6 101
309 11 7 101
309 11 10 87
309 11 11 98
309 11 14 94
309 12 1 96
309 12 2 105
309 12 3 101
309 12 4 101
309 12 7 101
309 12 11 87
309 12 13 98
309 12 14 94
310 3 3 82
310 3 4 77
310 3 7 75
310 3 8 70
310 3 10 76
310 3 11 71
310 3 12 84
310 3 13 72
310 6 1 77
310 6 2 72
310 6 3 70
310 6 5 65
310 6 7 71
310 6 9 66
310 6 11 79
310 6 12 67
310 7 3 73
310 7 4 72
310 7 5 68
310 7 7 63
310 7 10 68
310 7 12 74
310 7 13 70
310 7 14 71
310 9 0 66
310 9 1 63
310 9 5 65
310 9 6 59
310 9 8 71
310 9 10 65
310 9 13 62
310 9 14 64
310 12 1 76
310 12 2 71
310 12 3 69
310 12 4 64
310 12 7 70
310 12 11 65
310 12 13 78
310 12 14 66
311 4 1 84
311 4 2 79
311 4 3 77
311 4 6 72
311 4 7 78
311 4 11 73
311 4 13 86
311 4 14 74
311 8 2 83
311 8 3 94
311 8 4 98
311 8 5 83
311 8 7 81
311 8 10 94
311 8 13 83
311 8 14 84
311 12 1 81
311 12 2 92
311 12 3 88
311 12 4 86
311 12 7 82
311 12 11 94
311 12 13 81
311 12 14 91
312 4 1 94
312 4 2 103
312 4 3 99
312 4 6 99
312 4 7 99
312 4 11 85
312 4 13 96
312 4 14 92
312 10 1 112
312 10 2 105
312 10 3 99
312 10 5 111
312 10 7 101
312 10 10 95
312 10 11 98
312 10 14 104
312 11 1 99
312 11 2 108
312 11 4 104
312 11 6 104
312 11 7 104
312 11 10 90
312 11 11 101
312 11 14 97
312 13 2 99
312 13 3 108
312 13 4 104
312 13 5 104
312 13 6 104
312 13 7 90
312 13 8 101
312 13 11 97
312 14 1 99
312 14 3 108
312 14 4 104
312 14 5 104
312 14 7 104
312 14 8 90
312 14 9 101
312 14 10 97
313 2 0 78
313 2 1 89
313 2 3 85
313 2 4 83
313 2 6 79
313 2 8 91
313 2 10 78
313 2 13 88
313 4 1 94
313 4 2 103
313 4 3 99
313 4 6 99
313 4 7 99
313 4 11 85
313 4 13 96
313 4 14 92
313 5 3 98
313 5 4 107
313 5 5 103
313 5 8 103
313 5 9 103
313 5 11 89
313 5 12 100
313 5 14 96
313 9 0 78
313 9 1 89
313 9 5 85
313 9 6 83
313 9 8 79
313 9 10 91
313 9 13 78
313 9 14 88
313 10 1 76
313 10 2 87
313 10 3 83
313 10 5 81
313 10 7 77
313 10 10 89
313 10 11 76
313 10 14 86
314 2 0 67
314 2 1 64
314 2 3 66
314 2 4 60
314 2 6 72
314 2 8 66
314 2 10 63
314 2 13 65
314 6 1 63
314 6 2 56
314 6 3 64
314 6 5 56
314 6 7 64
314 6 9 58
314 6 11 57
314 6 12 61
314 7 3 62
314 7 4 59
314 7 5 61
314 7 7 55
314 7 10 67
314 7 12 61
314 7 13 58
314 7 14 60
314 8 2 58
314 8 3 51
314 8 4 59
314 8 5 51
314 8 7 59
314 8 10 53
314 8 13 52
314 8 14 56
314 11 1 62
314 11 2 55
314 11 4 63
314 11 6 55
314 11 7 63
314 11 10 57
314 11 11 56
314 11 14 60
315 2 0 30
315 2 1 29
315 2 3 31
315 2 4 29
315 2 6 31
315 2 8 31
315 2 10 30
315 2 13 28
315 8 2 29
315 8 3 28
315 8 4 30
315 8 5 28
315 8 7 30
315 8 10 30
315 8 13 29
315 8 14 27
315 10 1 28
315 10 2 32
315 10 3 27
315 10 5 28
315 10 7 33
315 10 10 27
315 10 11 31
315 10 14 33
316 8 2 64
316 8 3 61
316 8 4 63
316 8 5 57
316 8 7 69
316 8 10 63
316 8 13 60
316 8 14 62
316 9 0 60
316 9 1 53
316 9 5 61
316 9 6 53
316 9 8 61
316 9 10 55
316 9 13 54
316 9 14 58
316 10 1 65
316 10 2 62
316 10 3 64
316 10 5 58
316 10 7 70
316 10 10 64
316 10 11 61
316 10 14 63
316 11 1 60
316 11 2 53
316 11 4 61
316 11 6 53
316 11 7 61
316 11 10 55
316 11 11 54
316 11 14 58
317 2 0 19
317 2 1 18
317 2 3 17
317 2 4 16
317 2 6 17
317 2 8 16
317 2 10 19
317 2 13 16
317 3 3 23
317 3 4 22
317 3 7 24
317 3 8 22
317 3 10 24
317 3 11 24
317 3 12 23
317 3 13 21
317 4 1 19
317 4 2 18
317 4 3 17
317 4 6 16
317 4 7 17
317 4 11 16
317 4 13 19
317 4 14 16
317 10 1 19
317 10 2 18
317 10 3 17
317 10 5 16
317 10 7 17
317 10 10 16
317 10 11 19
317 10 14 16
317 12 1 19
317 12 2 18
317 12 3 17
317 12 4 16
317 12 7 17
317 12 11 16
317 12 13 19
317 12 14 16
318 0 0 39
318 0 5 37
318 0 7 36
318 0 8 33
318 0 9 36
318 0 10 34
318 0 11 40
318 0 13 34
318 5 3 41
318 5 4 50
318 5 5 46
318 5 8 46
318 5 9 46
318 5 11 42
318 5 12 43
318 5 14 49
318 7 3 37
318 7 4 46
318 7 5 42
318 7 7 42
318 7 10 42
318 7 12 38
318 7 13 39
318 7 14 45
318 13 2 37
318 13 3 46
318 13 4 42
318 13 5 42
318 13 6 42
318 13 7 38
318 13 8 39
318 13 11 45
319 2 0 40
319 2 1 42
319 2 3 38
319 2 4 36
319 2 6 41
319 2 8 44
319 2 10 40
319 2 13 41
319 3 3 44
319 3 4 53
319 3 7 49
319 3 8 49
319 3 10 49
319 3 11 45
319 3 12 46
319 3 13 52
319 5 3 40
319 5 4 49
319 5 5 45
319 5 8 45
319 5 9 45
319 5 11 41
319 5 12 42
319 5 14 48
320 0 0 96
320 0 5 105
320 0 7 101
320 0 8 101
320 0 9 101
320 0 10 87
320 0 11 98
320 0 13 94
320 10 1 114
320 10 2 107
320 10 3 101
320 10 5 113
320 10 7 103
320 10 10 97
320 10 11 100
320 10 14 106
320 13 2 110
320 13 3 103
320 13 4 97
320 13 5 109
320 13 6 99
320 13 7 93
320 13 8 96
320 13 11 102
321 3 3 83
321 3 4 78
321 3 7 76
321 3 8 71
321 3 10 77
321 3 11 72
321 3 12 85
321 3 13 73
321 5 3 84
321 5 4 95
321 5 5 91
321 5 8 89
321 5 9 85
321 5 11 97
321 5 12 84
321 5 14 94
321 9 0 80
321 9 1 91
321 9 5 87
321 9 6 85
321 9 8 81
321 9 10 93
321 9 13 80
321 9 14 90
321 10 1 78
321 10 2 89
321 10 3 85
321 10 5 83
321 10 7 79
321 10 10 91
321 10 11 78
321 10 14 88
321 12 1 84
321 12 2 79
321 12 3 77
321 12 4 72
321 12 7 78
321 12 11 73
321 12 13 86
321 12 14 74
322 0 0 78
322 0 5 73
322 0 7 71
322 0 8 66
322 0 9 72
322 0 10 67
322 0 11 80
322 0 13 68
322 1 1 77
322 1 5 72
322 1 7 70
322 1 8 65
322 1 9 71
322 1 11 66
322 1 13 79
322 1 14 67
322 7 3 69
322 7 4 66
322 7 5 68
322 7 7 62
322 7 10 74
322 7 12 68
322 7 13 65
322 7 14 67
323 7 3 81
323 7 4 72
323 7 5 83
323 7 7 77
323 7 10 85
323 7 12 73
323 7 13 84
323 7 14 79
323 10 1 91
323 10 2 100
323 10 3 96
323 10 5 96
323 10 7 96
323 10 10 82
323 10 11 93
323 10 14 89
323 11 1 82
323 11 2 93
323 11 4 89
323 11 6 87
323 11 7 83
323 11 10 95
323 11 11 82
323 11 14 92
324 3 3 78
324 3 4 73
324 3 7 71
324 3 8 66
324 3 10 72
324 3 11 67
324 3 12 80
324 3 13 68
324 7 3 77
324 7 4 72
324 7 5 70
324 7 7 65
324 7 10 71
324 7 12 66
324 7 13 79
324 7 14 67
324 11 1 69
324 11 2 66
324 11 4 68
324 11 6 62
324 11 7 74
324 11 10 68
324 11 11 65
324 11 14 67
324 13 2 64
324 13 3 61
324 13 4 63
324 13 5 57
324 13 6 69
324 13 7 63
324 13 8 60
324 13 11 62
325 0 0 67
325 0 5 64
325 0 7 66
325 0 8 60
325 0 9 72
325 0 10 66
325 0 11 63
325 0 13 65
325 1 1 63
325 1 5 56
325 1 7 64
325 1 8 56
325 1 9 64
325 1 11 58
325 1 13 57
325 1 14 61
325 4 1 62
325 4 2 59
325 4 3 61
325 4 6 55
325 4 7 67
325 4 11 61
325 4 13 58
325 4 14 60
325 5 3 58
325 5 4 51
325 5 5 59
325 5 8 51
325 5 9 59
325 5 11 53
325 5 12 52
325 5 14 56
325 9 0 62
325 9 1 55
325 9 5 63
325 9 6 55
325 9 8 63
325 9 10 57
325 9 13 56
325 9 14 60
326 0 0 19
326 0 5 18
326 0 7 17
326 0 8 16
326 0 9 17
326 0 10 16
326 0 11 19
326 0 13 16
326 7 3 23
326 7 4 22
326 7 5 24
326 7 7 22
326 7 10 24
326 7 12 24
326 7 13 23
326 7 14 21
326 9 0 19
326 9 1 18
326 9 5 17
326 9 6 16
326 9 8 17
326 9 10 16
326 9 13 19
326 9 14 16
327 0 0 63
327 0 5 56
327 0 7 64
327 0 8 56
327 0 9 64
327 0 10 58
327 0 11 57
327 0 13 61
327 3 3 56
327 3 4 49
327 3 7 57
327 3 8 49
327 3 10 57
327 3 11 51
327 3 12 50
327 3 13 54
327 6 1 66
327 6 2 59
327 6 3 61
327 6 5 54
327 6 7 58
327 6 9 65
327 6 11 63
327 6 12 55
327 11 1 56
327 11 2 49
327 11 4 57
327 11 6 49
327 11 7 57
327 11 10 51
327 11 11 50
327 11 14 54
327 14 1 66
327 14 3 59
327 14 4 61
327 14 5 54
327 14 7 58
327 14 8 65
327 14 9 63
327 14 10 55
328 0 0 19
328 0 5 18
328 0 7 17
328 0 8 16
328 0 9 17
328 0 10 16
328 0 11 19
328 0 13 16
328 5 3 23
328 5 4 22
328 5 5 24
328 5 8 22
328 5 9 24
328 5 11 24
328 5 12 23
328 5 14 21
328 11 1 19
328 11 2 18
328 11 4 17
328 11 6 16
328 11 7 17
328 11 10 16
328 11 11 19
328 11 14 16
328 13 2 19
328 13 3 18
328 13 4 17
328 13 5 16
328 13 6 17
328 13 7 16
328 13 8 19
328 13 11 16
329 4 1 79
329 4 2 90
329 4 3 86
329 4 6 84
329 4 7 80
329 4 11 92
329 4 13 79
329 4 14 89
329 5 3 95
329 5 4 104
329 5 5 100
329 5 8 100
329 5 9 100
329 5 11 86
329 5 12 97
329 5 14 93
329 9 0 91
329 9 1 100
329 9 5 96
329 9 6 96
329 9 8 96
329 9 10 82
329 9 13 93
329 9 14 89
329 10 1 84
329 10 2 95
329 10 3 91
329 10 5 89
329 10 7 85
329 10 10 97
329 10 11 84
329 10 14 94
329 11 1 80
329 11 2 91
329 11 4 87
329 11 6 85
329 11 7 81
329 11 10 93
329 11 11 80
329 11 14 90
330 2 0 66
330 2 1 63
330 2 3 65
330 2 4 59
330 2 6 71
330 2 8 65
330 2 10 62
330 2 13 64
330 5 3 63
330 5 4 60
330 5 5 62
330 5 8 56
330 5 9 68
330 5 11 62
330 5 12 59
330 5 14 61
330 6 1 65
330 6 2 62
330 6 3 64
330 6 5 58
330 6 7 70
330 6 9 64
330 6 11 61
330 6 12 63
330 8 2 62
330 8 3 55
330 8 4 63
330 8 5 55
330 8 7 63
330 8 10 57
330 8 13 56
330 8 14 60
331 6 1 28
331 6 2 32
331 6 3 27
331 6 5 28
331 6 7 33
331 6 9 27
331 6 11 31
331 6 12 33
331 7 3 30
331 7 4 29
331 7 5 31
331 7 7 29
331 7 10 31
331 7 12 31
331 7 13 30
331 7 14 28
331 11 1 33
331 11 2 31
331 11 4 30
331 11 6 27
331 11 7 30
331 11 10 28
331 11 11 34
331 11 14 28
331 13 2 30
331 13 3 29
331 13 4 31
331 13 5 29
331 13 6 31
331 13 7 31
331 13 8 30
331 13 11 28
331 14 1 33
331 14 3 31
331 14 4 30
331 14 5 27
331 14 7 30
331 14 8 28
331 14 9 34
331 14 10 28
332 3 3 23
332 3 4 22
332 3 7 24
332 3 8 22
332 3 10 24
332 3 11 24
332 3 12 23
332 3 13 21
332 9 0 22
332 9 1 21
332 9 5 23
332 9 6 21
332 9 8 23
332 9 10 23
332 9 13 22
332 9 14 20
332 10 1 24
332 10 2 23
332 10 3 25
332 10 5 23
332 10 7 25
332 10 10 25
332 10 11 24
332 10 14 22
333 2 0 36
333 2 1 34
333 2 3 33
333 2 4 30
333 2 6 33
333 2 8 31
333 2 10 37
333 2 13 31
333 3 3 34
333 3 4 32
333 3 7 31
333 3 8 28
333 3 10 31
333 3 11 29
333 3 12 35
333 3 13 29
333 6 1 33
333 6 2 31
333 6 3 30
333 6 5 27
333 6 7 30
333 6 9 28
333 6 11 34
333 6 12 28
333 11 1 29
333 11 2 28
333 11 4 30
333 11 6 28
333 11 7 30
333 11 10 30
333 11 11 29
333 11 14 27
334 0 0 39
334 0 5 37
334 0 7 36
334 0 8 33
334 0 9 36
334 0 10 34
334 0 11 40
334 0 13 34
334 1 1 37
334 1 5 35
334 1 7 34
334 1 8 31
334 1 9 34
334 1 11 32
334 1 13 38
334 1 14 32
334 7 3 36
334 7 4 34
334 7 5 33
334 7 7 30
334 7 10 33
334 7 12 31
334 7 13 37
334 7 14 31
334 13 2 33
334 13 3 31
334 13 4 30
334 13 5 27
334 13 6 30
334 13 7 28
334 13 8 34
334 13 11 28
334 14 1 36
334 14 3 34
334 14 4 33
334 14 5 30
334 14 7 33
334 14 8 31
334 14 9 37
334 14 10 31
335 0 0 92
335 0 5 101
335 0 7 97
335 0 8 97
335 0 9 97
335 0 10 83
335 0 11 94
335 0 13 90
335 3 3 110
335 3 4 103
335 3 7 97
335 3 8 109
335 3 10 99
335 3 11 93
335 3 12 96
335 3 13 102
335 11 1 97
335 11 2 106
335 11 4 102
335 11 6 102
335 11 7 102
335 11 10 88
335 11 11 99
335 11 14 95
336 0 0 29
336 0 5 28
336 0 7 30
336 0 8 28
336 0 9 30
336 0 10 30
336 0 11 29
336 0 13 27
336 3 3 28
336 3 4 27
336 3 7 29
336 3 8 27
336 3 10 29
336 3 11 29
336 3 12 28
336 3 13 26
336 10 1 30
336 10 2 29
336 10 3 31
336 10 5 29
336 10 7 31
336 10 10 31
336 10 11 30
336 10 14 28
336 11 1 28
336 11 2 27
336 11 4 29
336 11 6 27
336 11 7 29
336 11 10 29
336 11 11 28
336 11 14 26
337 8 2 27
337 8 3 26
337 8 4 28
337 8 5 26
337 8 7 28
337 8 10 28
337 8 13 27
337 8 14 25
337 11 1 26
337 11 2 25
337 11 4 27
337 11 6 25
337 11 7 27
337 11 10 27
337 11 11 26
337 11 14 24
337 13 2 28
337 13 3 27
337 13 4 29
337 13 5 27
337 13 6 29
337 13 7 29
337 13 8 28
337 13 11 26
338 0 0 66
338 0 5 59
338 0 7 61
338 0 8 54
338 0 9 58
338 0 10 65
338 0 11 63
338 0 13 55
338 3 3 57
338 3 4 50
338 3 7 58
338 3 8 50
338 3 10 58
338 3 11 52
338 3 12 51
338 3 13 55
338 5 3 62
338 5 4 59
338 5 5 61
338 5 8 55
338 5 9 67
338 5 11 61
338 5 12 58
338 5 14 60
338 8 2 57
338 8 3 50
338 8 4 58
338 8 5 50
338 8 7 58
338 8 10 52
338 8 13 51
338 8 14 55
338 14 1 62
338 14 3 59
338 14 4 61
338 14 5 55
338 14 7 67
338 14 8 61
338 14 9 58
338 14 10 60
339 2 0 40
339 2 1 42
339 2 3 38
339 2 4 36
339 2 6 41
339 2 8 44
339 2 10 40
339 2 13 41
339 3 3 40
339 3 4 38
339 3 7 37
339 3 8 34
339 3 10 37
339 3 11 35
339 3 12 41
339 3 13 35
339 14 1 39
339 14 3 37
339 14 4 36
339 14 5 33
339 14 7 36
339 14 8 34
339 14 9 40
339 14 10 34
340 0 0 82
340 0 5 77
340 0 7 75
340 0 8 70
340 0 9 76
340 0 10 71
340 0 11 84
340 0 13 72
340 1 1 83
340 1 5 94
340 1 7 90
340 1 8 88
340 1 9 84
340 1 11 96
340 1 13 83
340 1 14 93
340 2 0 79
340 2 1 90
340 2 3 86
340 2 4 84
340 2 6 80
340 2 8 92
340 2 10 79
340 2 13 89
340 8 2 77
340 8 3 88
340 8 4 84
340 8 5 82
340 8 7 78
340 8 10 90
340 8 13 77
340 8 14 87
340 9 0 83
340 9 1 78
340 9 5 76
340 9 6 71
340 9 8 77
340 9 10 72
340 9 13 85
340 9 14 73
341 6 1 40
341 6 2 42
341 6 3 38
341 6 5 36
341 6 7 41
341 6 9 44
341 6 11 40
341 6 12 41
341 7 3 44
341 7 4 53
341 7 5 49
341 7 7 49
341 7 10 49
341 7 12 45
341 7 13 46
341 7 14 52
341 9 0 40
341 9 1 49
341 9 5 45
341 9 6 45
341 9 8 45
341 9 10 41
341 9 13 42
341 9 14 48
341 14 1 40
341 14 3 49
341 14 4 45
341 14 5 45
341 14 7 45
341 14 8 41
341 14 9 42
341 14 10 48
342 6 1 96
342 6 2 105
342 6 3 101
342 6 5 101
342 6 7 101
342 6 9 87
342 6 11 98
342 6 12 94
342 7 3 114
342 7 4 107
342 7 5 101
342 7 7 113
342 7 10 103
342 7 12 97
342 7 13 100
342 7 14 106
342 8 2 110
342 8 3 103
342 8 4 97
342 8 5 109
342 8 7 99
342 8 10 93
342 8 13 96
342 8 14 102
342 9 0 110
342 9 1 103
342 9 5 97
342 9 6 109
342 9 8 99
342 9 10 93
342 9 13 96
342 9 14 102
343 1 1 67
343 1 5 64
343 1 7 66
343 1 8 60
343 1 9 72
343 1 11 66
343 1 13 63
343 1 14 65
343 3 3 63
343 3 4 56
343 3 7 64
343 3 8 56
343 3 10 64
343 3 11 58
343 3 12 57
343 3 13 61
343 6 1 62
343 6 2 59
343 6 3 61
343 6 5 55
343 6 7 67
343 6 9 61
343 6 11 58
343 6 12 60
343 9 0 58
343 9 1 51
343 9 5 59
343 9 6 51
343 9 8 59
343 9 10 53
343 9 13 52
343 9 14 56
343 12 1 62
343 12 2 55
343 12 3 63
343 12 4 55
343 12 7 63
343 12 11 57
343 12 13 56
343 12 14 60
344 0 0 16
344 0 5 15
344 0 7 14
344 0 8 13
344 0 9 14
344 0 10 13
344 0 11 16
344 0 13 13
344 6 1 15
344 6 2 14
344 6 3 13
344 6 5 12
344 6 7 13
344 6 9 12
344 6 11 15
344 6 12 12
344 9 0 14
344 9 1 13
344 9 5 12
344 9 6 11
344 9 8 12
344 9 10 11
344 9 13 14
344 9 14 11
344 10 1 13
344 10 2 12
344 10 3 11
344 10 5 10
344 10 7 11
344 10 10 10
344 10 11 13
344 10 14 10
344 11 1 14
344 11 2 13
344 11 4 12
344 11 6 11
344 11 7 12
344 11 10 11
344 11 11 14
344 11 14 11
345 8 2 63
345 8 3 56
345 8 4 64
345 8 5 56
345 8 7 64
345 8 10 58
345 8 13 57
345 8 14 61
345 11 1 56
345 11 2 49
345 11 4 57
345 11 6 49
345 11 7 57
345 11 10 51
345 11 11 50
345 11 14 54
345 14 1 66
345 14 3 59
345 14 4 61
345 14 5 54
345 14 7 58
345 14 8 65
345 14 9 63
345 14 10 55
346 0 0 28
346 0 5 27
346 0 7 29
346 0 8 27
346 0 9 29
346 0 10 29
346 0 11 28
346 0 13 26
346 2 0 27
346 2 1 26
346 2 3 28
346 2 4 26
346 2 6 28
346 2 8 28
346 2 10 27
346 2 13 25
346 5 3 29
346 5 4 28
346 5 5 30
346 5 8 28
346 5 9 30
346 5 11 30
346 5 12 29
346 5 14 27
346 8 2 27
346 8 3 26
346 8 4 28
346 8 5 26
346 8 7 28
346 8 10 28
346 8 13 27
346 8 14 25
346 10 1 29
346 10 2 28
346 10 3 30
346 10 5 28
346 10 7 30
346 10 10 30
346 10 11 29
346 10 14 27
347 1 1 40
347 1 5 42
347 1 7 38
347 1 8 36
347 1 9 41
347 1 11 44
347 1 13 40
347 1 14 41
347 5 3 40
347 5 4 38
347 5 5 37
347 5 8 34
347 5 9 37
347 5 11 35
347 5 12 41
347 5 14 35
347 6 1 39
347 6 2 37
347 6 3 36
347 6 5 33
347 6 7 36
347 6 9 34
347 6 11 40
347 6 12 34
347 7 3 36
347 7 4 34
347 7 5 33
347 7 7 30
347 7 10 33
347 7 12 31
347 7 13 37
347 7 14 31
347 13 2 39
347 13 3 37
347 13 4 36
347 13 5 33
347 13 6 36
347 13 7 34
347 13 8 40
347 13 11 34
348 0 0 39
348 0 5 48
348 0 7 44
348 0 8 44
348 0 9 44
348 0 10 40
348 0 11 41
348 0 13 47
348 6 1 57
348 6 2 50
348 6 3 58
348 6 5 50
348 6 7 58
348 6 9 52
348 6 11 51
348 6 12 55
348 7 3 44
348 7 4 53
348 7 5 49
348 7 7 49
348 7 10 49
348 7 12 45
348 7 13 46
348 7 14 52
348 14 1 44
348 14 3 53
348 14 4 49
348 14 5 49
348 14 7 49
348 14 8 45
348 14 9 46
348 14 10 52
349 0 0 40
349 0 5 42
349 0 7 38
349 0 8 36
349 0 9 41
349 0 10 44
349 0 11 40
349 0 13 41
349 4 1 37
349 4 2 46
349 4 3 42
349 4 6 42
349 4 7 42
349 4 11 38
349 4 13 39
349 4 14 45
349 7 3 40
349 7 4 38
349 7 5 37
349 7 7 34
349 7 10 37
349 7 12 35
349 7 13 41
349 7 14 35
349 11 1 38
349 11 2 36
349 11 4 35
349 11 6 32
349 11 7 35
349 11 10 33
349 11 11 39
349 11 14 33
349 12 1 36
349 12 2 45
349 12 3 41
349 12 4 41
349 12 7 41
349 12 11 37
349 12 13 38
349 12 14 44
350 4 1 62
350 4 2 59
350 4 3 61
350 4 6 55
350 4 7 67
350 4 11 61
350 4 13 58
350 4 14 60
350 7 3 58
350 7 4 51
350 7 5 59
350 7 7 51
350 7 10 59
350 7 12 53
350 7 13 52
350 7 14 56
350 8 2 63
350 8 3 60
350 8 4 62
350 8 5 56
350 8 7 68
350 8 10 62
350 8 13 59
350 8 14 61
350 11 1 58
350 11 2 51
350 11 4 59
350 11 6 51
350 11 7 59
350 11 10 53
350 11 11 52
350 11 14 56
351 1 1 38
351 1 5 36
351 1 7 35
351 1 8 32
351 1 9 35
351 1 11 33
351 1 13 39
351 1 14 33
351 2 0 36
351 2 1 34
351 2 3 33
351 2 4 30
351 2 6 33
351 2 8 31
351 2 10 37
351 2 13 31
351 8 2 35
351 8 3 33
351 8 4 32
351 8 5 29
351 8 7 32
351 8 10 30
351 8 13 36
351 8 14 30
351 11 1 28
351 11 2 32
351 11 4 27
351 11 6 28
351 11 7 33
351 11 10 27
351 11 11 31
351 11 14 33
352 0 0 38
352 0 5 36
352 0 7 35
352 0 8 32
352 0 9 35
352 0 10 33
352 0 11 39
352 0 13 33
352 4 1 40
352 4 2 49
352 4 3 45
352 4 6 45
352 4 7 45
352 4 11 41
352 4 13 42
352 4 14 48
352 10 1 36
352 10 2 45
352 10 3 41
352 10 5 41
352 10 7 41
352 10 10 37
352 10 11 38
352 10 14 44
353 3 3 40
353 3 4 42
353 3 7 38
353 3 8 36
353 3 10 41
353 3 11 44
353 3 12 40
353 3 13 41
353 6 1 37
353 6 2 46
353 6 3 42
353 6 5 42
353 6 7 42
353 6 9 38
353 6 11 39
353 6 12 45
353 7 3 40
353 7 4 38
353 7 5 37
353 7 7 34
353 7 10 37
353 7 12 35
353 7 13 41
353 7 14 35
353 14 1 38
353 14 3 36
353 14 4 35
353 14 5 32
353 14 7 35
353 14 8 33
353 14 9 39
353 14 10 33
354 4 1 77
354 4 2 88
354 4 3 84
354 4 6 82
354 4 7 78
354 4 11 90
354 4 13 77
354 4 14 87
354 5 3 82
354 5 4 77
354 5 5 75
354 5 8 70
354 5 9 76
354 5 11 71
354 5 12 84
354 5 14 72
354 6 1 80
354 6 2 75
354 6 3 73
354 6 5 68
354 6 7 74
354 6 9 69
354 6 11 82
354 6 12 70
355 6 1 38
355 6 2 47
355 6 3 43
355 6 5 43
355 6 7 43
355 6 9 39
355 6 11 40
355 6 12 46
355 12 1 56
355 12 2 49
355 12 3 57
355 12 4 49
355 12 7 57
355 12 11 51
355 12 13 50
355 12 14 54
355 14 1 43
355 14 3 52
355 14 4 48
355 14 5 48
355 14 7 48
355 14 8 44
355 14 9 45
355 14 10 51
356 1 1 63
356 1 5 60
356 1 7 62
356 1 8 56
356 1 9 68
356 1 11 62
356 1 13 59
356 1 14 61
356 3 3 63
356 3 4 56
356 3 7 64
356 3 8 56
356 3 10 64
356 3 11 58
356 3 12 57
356 3 13 61
356 8 2 62
356 8 3 59
356 8 4 61
356 8 5 55
356 8 7 67
356 8 10 61
356 8 13 58
356 8 14 60
356 11 1 59
356 11 2 52
356 11 4 60
356 11 6 52
356 11 7 60
356 11 10 54
356 11 11 53
356 11 14 57
357 1 1 76
357 1 5 87
357 1 7 83
357 1 8 81
357 1 9 77
357 1 11 89
357 1 13 76
357 1 14 86
357 6 1 77
357 6 2 72
357 6 3 70
357 6 5 65
357 6 7 71
357 6 9 66
357 6 11 79
357 6 12 67
357 7 3 78
357 7 4 89
357 7 5 85
357 7 7 83
357 7 10 79
357 7 12 91
357 7 13 78
357 7 14 88
357 8 2 82
357 8 3 77
357 8 4 75
357 8 5 70
357 8 7 76
357 8 10 71
357 8 13 84
357 8 14 72
357 10 1 80
357 10 2 91
357 10 3 87
357 10 5 85
357 10 7 81
357 10 10 93
357 10 11 80
357 10 14 90
358 0 0 81
358 0 5 72
358 0 7 83
358 0 8 77
358 0 9 85
358 0 10 73
358 0 11 84
358 0 13 79
358 1 1 91
358 1 5 100
358 1 7 96
358 1 8 96
358 1 9 96
358 1 11 82
358 1 13 93
358 1 14 89
358 6 1 82
358 6 2 93
358 6 3 89
358 6 5 87
358 6 7 83
358 6 9 95
358 6 11 82
358 6 12 92
359 4 1 81
359 4 2 72
359 4 3 83
359 4 6 77
359 4 7 85
359 4 11 73
359 4 13 84
359 4 14 79
359 5 3 91
359 5 4 100
359 5 5 96
359 5 8 96
359 5 9 96
359 5 11 82
359 5 12 93
359 5 14 89
359 6 1 82
359 6 2 93
359 6 3 89
359 6 5 87
359 6 7 83
359 6 9 95
359 6 11 82
359 6 12 92
359 9 0 80
359 9 1 91
359 9 5 87
359 9 6 85
359 9 8 81
359 9 10 93
359 9 13 80
359 9 14 90
359 13 2 76
359 13 3 87
359 13 4 83
359 13 5 81
359 13 6 77
359 13 7 89
359 13 8 76
359 13 11 86
360 2 0 36
360 2 1 45
360 2 3 41
360 2 4 41
360 2 6 41
360 2 8 37
360 2 10 38
360 2 13 44
360 3 3 41
360 3 4 39
360 3 7 38
360 3 8 35
360 3 10 38
360 3 11 36
360 3 12 42
360 3 13 36
360 11 1 40
360 11 2 38
360 11 4 37
360 11 6 34
360 11 7 37
360 11 10 35
360 11 11 41
360 11 14 35
360 12 1 37
360 12 2 35
360 12 3 34
360 12 4 31
360 12 7 34
360 12 11 32
360 12 13 38
360 12 14 32
360 13 2 40
360 13 3 38
360 13 4 37
360 13 5 34
360 13 6 37
360 13 7 35
360 13 8 41
360 13 11 35
361 1 1 91
361 1 5 100
361 1 7 96
361 1 8 96
361 1 9 96
361 1 11 82
361 1 13 93
361 1 14 89
361 7 3 91
361 7 4 102
361 7 5 104
361 7 7 105
361 7 10 110
361 7 12 104
361 7 13 94
361 7 14 110
361 11 1 96
361 11 2 105
361 11 4 101
361 11 6 101
361 11 7 101
361 11 10 87
361 11 11 98
361 11 14 94
362 2 0 65
362 2 1 62
362 2 3 64
362 2 4 58
362 2 6 70
362 2 8 64
362 2 10 61
362 2 13 63
362 5 3 62
362 5 4 59
362 5 5 61
362 5 8 55
362 5 9 67
362 5 11 61
362 5 12 58
362 5 14 60
362 11 1 64
362 11 2 61
362 11 4 63
362 11 6 57
362 11 7 69
362 11 10 63
362 11 11 60
362 11 14 62
363 3 3 13
363 3 4 12
363 3 7 11
363 3 8 10
363 3 10 11
363 3 11 10
363 3 12 13
363 3 13 10
363 4 1 12
363 4 2 11
363 4 3 10
363 4 6 9
363 4 7 10
363 4 11 9
363 4 13 12
363 4 14 9
363 7 3 10
363 7 4 9
363 7 5 11
363 7 7 9
363 7 10 11
363 7 12 11
363 7 13 10
363 7 14 11
364 0 0 40
364 0 5 42
364 0 7 38
364 0 8 36
364 0 9 41
364 0 10 44
364 0 11 40
364 0 13 41
364 3 3 40
364 3 4 38
364 3 7 37
364 3 8 34
364 3 10 37
364 3 11 35
364 3 12 41
364 3 13 35
364 13 2 39
364 13 3 37
364 13 4 36
364 13 5 33
364 13 6 36
364 13 7 34
364 13 8 40
364 13 11 34
365 1 1 95
365 1 5 104
365 1 7 100
365 1 8 100
365 1 9 100
365 1 11 86
365 1 13 97
365 1 14 93
365 2 0 113
365 2 1 106
365 2 3 100
365 2 4 112
365 2 6 102
365 2 8 96
365 2 10 99
365 2 13 105
365 6 1 91
365 6 2 102
365 6 3 104
365 6 5 105
365 6 7 110
365 6 9 104
365 6 11 94
365 6 12 110
365 8 2 91
365 8 3 102
365 8 4 104
365 8 5 105
365 8 7 110
365 8 10 104
365 8 13 94
365 8 14 110
366 0 0 39
366 0 5 48
366 0 7 44
366 0 8 44
366 0 9 44
366 0 10 40
366 0 11 41
366 0 13 47
366 5 3 57
366 5 4 50
366 5 5 58
366 5 8 50
366 5 9 58
366 5 11 52
366 5 12 51
366 5 14 55
366 10 1 44
366 10 2 53
366 10 3 49
366 10 5 49
366 10 7 49
366 10 10 45
366 10 11 46
366 10 14 52
366 13 2 44
366 13 3 53
366 13 4 49
366 13 5 49
366 13 6 49
366 13 7 45
366 13 8 46
366 13 11 52
367 9 0 83
367 9 1 78
367 9 5 76
367 9 6 71
367 9 8 77
367 9 10 72
367 9 13 85
367 9 14 73
367 12 1 84
367 12 2 95
367 12 3 91
367 12 4 89
367 12 7 85
367 12 11 97
367 12 13 84
367 12 14 94
367 13 2 80
367 13 3 91
367 13 4 87
367 13 5 85
367 13 6 81
367 13 7 93
367 13 8 80
367 13 11 90
368 3 3 19
368 3 4 18
368 3 7 17
368 3 8 16
368 3 10 17
368 3 11 16
368 3 12 19
368 3 13 16
368 5 3 23
368 5 4 22
368 5 5 24
368 5 8 22
368 5 9 24
368 5 11 24
368 5 12 23
368 5 14 21
368 11 1 19
368 11 2 18
368 11 4 17
368 11 6 16
368 11 7 17
368 11 10 16
368 11 11 19
368 11 14 16
368 14 1 19
368 14 3 18
368 14 4 17
368 14 5 16
368 14 7 17
368 14 8 16
368 14 9 19
368 14 10 16
369 2 0 70
369 2 1 67
369 2 3 69
369 2 4 63
369 2 6 75
369 2 8 69
369 2 10 66
369 2 13 68
369 5 3 67
369 5 4 64
369 5 5 66
369 5 8 60
369 5 9 72
369 5 11 66
369 5 12 63
369 5 14 65
369 8 2 69
369 8 3 66
369 8 4 68
369 8 5 62
369 8 7 74
369 8 10 68
369 8 13 65
369 8 14 67
369 9 0 63
369 9 1 60
369 9 5 62
369 9 6 56
369 9 8 68
369 9 10 62
369 9 13 59
369 9 14 61
369 10 1 79
369 10 2 74
369 10 3 72
369 10 5 67
369 10 7 73
369 10 10 68
369 10 11 81
369 10 14 69
370 7 3 66
370 7 4 63
370 7 5 65
370 7 7 59
370 7 10 71
370 7 12 65
370 7 13 62
370 7 14 64
370 10 1 63
370 10 2 60
370 10 3 62
370 10 5 56
370 10 7 68
370 10 10 62
370 10 11 59
370 10 14 61
370 12 1 65
370 12 2 62
370 12 3 64
370 12 4 58
370 12 7 70
370 12 11 64
370 12 13 61
370 12 14 63
371 0 0 91
371 0 5 100
371 0 7 96
371 0 8 96
371 0 9 96
371 0 10 82
371 0 11 93
371 0 13 89
371 3 3 111
371 3 4 104
371 3 7 98
371 3 8 110
371 3 10 100
371 3 11 94
371 3 12 97
371 3 13 103
371 5 3 113
371 5 4 106
371 5 5 100
371 5 8 112
371 5 9 102
371 5 11 96
371 5 12 99
371 5 14 105
371 8 2 114
371 8 3 107
371 8 4 101
371 8 5 113
371 8 7 103
371 8 10 97
371 8 13 100
371 8 14 106
371 12 1 116
371 12 2 101
371 12 3 118
371 12 4 113
371 12 7 120
371 12 11 101
371 12 13 113
371 12 14 100
372 0 0 40
372 0 5 42
372 0 7 38
372 0 8 36
372 0 9 41
372 0 10 44
372 0 11 40
372 0 13 41
372 3 3 44
372 3 4 53
372 3 7 49
372 3 8 49
372 3 10 49
372 3 11 45
372 3 12 46
372 3 13 52
372 5 3 40
372 5 4 49
372 5 5 45
372 5 8 45
372 5 9 45
372 5 11 41
372 5 12 42
372 5 14 48
372 9 0 40
372 9 1 49
372 9 5 45
372 9 6 45
372 9 8 45
372 9 10 41
372 9 13 42
372 9 14 48
372 10 1 40
372 10 2 49
372 10 3 45
372 10 5 45
372 10 7 45
372 10 10 41
372 10 11 42
372 10 14 48
373 3 3 35
373 3 4 33
373 3 7 32
373 3 8 29
373 3 10 32
373 3 11 30
373 3 12 36
373 3 13 30
373 4 1 33
373 4 2 31
373 4 3 30
373 4 6 27
373 4 7 30
373 4 11 28
373 4 13 34
373 4 14 28
373 14 1 28
373 14 3 32
373 14 4 27
373 14 5 28
373 14 7 33
373 14 8 27
373 14 9 31
373 14 10 33
374 1 1 78
374 1 5 89
374 1 7 85
374 1 8 83
374 1 9 79
374 1 11 91
374 1 13 78
374 1 14 88
374 8 2 94
374 8 3 103
374 8 4 99
374 8 5 99
374 8 7 99
374 8 10 85
374 8 13 96
374 8 14 92
374 11 1 98
374 11 2 107
374 11 4 103
374 11 6 103
374 11 7 103
374 11 10 89
374 11 11 100
374 11 14 96
374 12 1 78
374 12 2 89
374 12 3 85
374 12 4 83
374 12 7 79
374 12 11 91
374 12 13 78
374 12 14 88
375 3 3 16
375 3 4 15
375 3 7 14
375 3 8 13
375 3 10 14
375 3 11 13
375 3 12 16
375 3 13 13
375 4 1 15
375 4 2 14
375 4 3 13
375 4 6 12
375 4 7 13
375 4 11 12
375 4 13 15
375 4 14 12
375 6 1 14
375 6 2 13
375 6 3 12
375 6 5 11
375 6 7 12
375 6 9 11
375 6 11 14
375 6 12 11
375 8 2 13
375 8 3 12
375 8 4 11
375 8 5 10
375 8 7 11
375 8 10 10
375 8 13 13
375 8 14 10
375 10 1 14
375 10 2 13
375 10 3 12
375 10 5 11
375 10 7 12
375 10 10 11
375 10 11 14
375 10 14 11
376 3 3 65
376 3 4 62
376 3 7 64
376 3 8 58
376 3 10 70
376 3 11 64
376 3 12 61
376 3 13 63
376 4 1 62
376 4 2 59
376 4 3 61
376 4 6 55
376 4 7 67
376 4 11 61
376 4 13 58
376 4 14 60
376 5 3 64
376 5 4 61
376 5 5 63
376 5 8 57
376 5 9 69
376 5 11 63
376 5 12 60
376 5 14 62
376 9 0 61
376 9 1 54
376 9 5 62
376 9 6 54
376 9 8 62
376 9 10 56
376 9 13 55
376 9 14 59
377 3 3 36
377 3 4 45
377 3 7 41
377 3 8 41
377 3 10 41
377 3 11 37
377 3 12 38
377 3 13 44
377 4 1 41
377 4 2 39
377 4 3 38
377 4 6 35
377 4 7 38
377 4 11 36
377 4 13 42
377 4 14 36
377 7 3 40
377 7 4 38
377 7 5 37
377 7 7 34
377 7 10 37
377 7 12 35
377 7 13 41
377 7 14 35
377 8 2 37
377 8 3 35
377 8 4 34
377 8 5 31
377 8 7 34
377 8 10 32
377 8 13 38
377 8 14 32
377 11 1 40
377 11 2 38
377 11 4 37
377 11 6 34
377 11 7 37
377 11 10 35
377 11 11 41
377 11 14 35
378 0 0 36
378 0 5 45
378 0 7 41
378 0 8 41
378 0 9 41
378 0 10 37
378 0 11 38
378 0 13 44
378 1 1 54
378 1 5 47
378 1 7 52
378 1 8 53
378 1 9 54
378 1 11 48
378 1 13 51
378 1 14 46
378 2 0 41
378 2 1 50
378 2 3 46
378 2 4 46
378 2 6 46
378 2 8 42
378 2 10 43
378 2 13 49
378 4 1 41
378 4 2 50
378 4 3 46
378 4 6 46
378 4 7 46
378 4 11 42
378 4 13 43
378 4 14 49
378 10 1 41
378 10 2 50
378 10 3 46
378 10 5 46
378 10 7 46
378 10 10 42
378 10 11 43
378 10 14 49
379 0 0 62
379 0 5 55
379 0 7 63
379 0 8 55
379 0 9 63
379 0 10 57
379 0 11 56
379 0 13 60
379 3 3 55
379 3 4 48
379 3 7 56
379 3 8 48
379 3 10 56
379 3 11 50
379 3 12 49
379 3 13 53
379 10 1 63
379 10 2 56
379 10 3 64
379 10 5 56
379 10 7 64
379 10 10 58
379 10 11 57
379 10 14 61
379 12 1 55
379 12 2 48
379 12 3 56
379 12 4 48
379 12 7 56
379 12 11 50
379 12 13 49
379 12 14 53
379 13 2 63
379 13 3 56
379 13 4 64
379 13 5 56
379 13 6 64
379 13 7 58
379 13 8 57
379 13 11 61
380 1 1 10
380 1 5 9
380 1 7 11
380 1 8 9
380 1 9 11
380 1 11 11
380 1 13 10
380 1 14 11
380 2 0 9
380 2 1 9
380 2 3 8
380 2 4 8
380 2 6 8
380 2 8 8
380 2 10 9
380 2 13 8
380 8 2 12
380 8 3 11
380 8 4 10
380 8 5 9
380 8 7 10
380 8 10 9
380 8 13 12
380 8 14 9
381 1 1 58
381 1 5 51
381 1 7 59
381 1 8 51
381 1 9 59
381 1 11 53
381 1 13 52
381 1 14 56
381 3 3 42
381 3 4 51
381 3 7 47
381 3 8 47
381 3 10 47
381 3 11 43
381 3 12 44
381 3 13 50
381 5 3 56
381 5 4 49
381 5 5 57
381 5 8 49
381 5 9 57
381 5 11 51
381 5 12 50
381 5 14 54
381 6 1 57
381 6 2 50
381 6 3 58
381 6 5 50
381 6 7 58
381 6 9 52
381 6 11 51
381 6 12 55
381 9 0 58
381 9 1 51
381 9 5 59
381 9 6 51
381 9 8 59
381 9 10 53
381 9 13 52
381 9 14 56
382 10 1 29
382 10 2 28
382 10 3 30
382 10 5 28
382 10 7 30
382 10 10 30
382 10 11 29
382 10 14 27
382 11 1 28
382 11 2 27
382 11 4 29
382 11 6 27
382 11 7 29
382 11 10 29
382 11 11 28
382 11 14 26
382 13 2 30
382 13 3 29
382 13 4 31
382 13 5 29
382 13 6 31
382 13 7 31
382 13 8 30
382 13 11 28
383 0 0 78
383 0 5 89
383 0 7 85
383 0 8 83
383 0 9 79
383 0 10 91
383 0 11 78
383 0 13 88
383 4 1 94
383 4 2 103
383 4 3 99
383 4 6 99
383 4 7 99
383 4 11 85
383 4 13 96
383 4 14 92
383 14 1 98
383 14 3 107
383 14 4 103
383 14 5 103
383 14 7 103
383 14 8 89
383 14 9 100
383 14 10 96
384 0 0 13
384 0 5 12
384 0 7 11
384 0 8 10
384 0 9 11
384 0 10 10
384 0 11 13
384 0 13 10
384 2 0 12
384 2 1 11
384 2 3 10
384 2 4 9
384 2 6 10
384 2 8 9
384 2 10 12
384 2 13 9
384 3 3 10
384 3 4 9
384 3 7 11
384 3 8 9
384 3 10 11
384 3 11 11
384 3 12 10
384 3 13 11
384 8 2 9
384 8 3 9
384 8 4 8
384 8 5 8
384 8 7 8
384 8 10 8
384 8 13 9
384 8 14 8
384 10 1 10
384 10 2 9
384 10 3 11
384 10 5 9
384 10 7 11
384 10 10 11
384 10 11 10
384 10 14 11
