Jobs:
0 1 2 3 4 5 6 7 8 9 10 11 12 13 14 15 16 17 18 19 20 21 22 23 24 25 26 27 28 29 30 31 32 33 34 35 36 37 38 39
Machines:
0 1 2 3 4 5 6 7 8 9 10 11 12 13 14
Workers:
0 1 2 3 4 5 6 7 8 9 10 11
Operations per job:
0 1 2 3 4 5 6 7
8 9 10 11 12 13 14 15 16 17
18 19 20 21 22 23 24 25 26 27
28 29 30 31 32
33 34 35 36 37 38 39 40 41 42
43 44 45 46 47 48
49 50 51 52 53 54 55 56 57
58 59 60 61 62 63 64 65
66 67 68 69 70 71 72 73
74 75 76 77 78
79 80 81 82 83
84 85 86 87 88 89 90 91 92 93
94 95 96 97 98 99 100 101 102 103
104 105 106 107 108 109 110 111 112 113
114 115 116 117 118
119 120 121 122 123 124 125 126
127 128 129 130 131 132
133 134 135 136 137 138 139 140 141
142 143 144 145 146 147 148 149
150 151 152 153 154 155 156 157 158 159
160 161 162 163 164 165 166 167
168 169 170 171 172
173 174 175 176 177 178 179 180
181 182 183 184 185 186 187 188 189 190
191 192 193 194 195 196 197 198 199
200 201 202 203 204
205 206 207 208 209
210 211 212 213 214 215 216 217 218 219
220 221 222 223 224 225 226 227 228 229
230 231 232 233 234 235
236 237 238 239 240 241 242
243 244 245 246 247 248 249 250 251
252 253 254 255 256 257 258 259 260
261 262 263 264 265 266 267 268 269
270 271 272 273 274 275 276 277
278 279 280 281 282 283
284 285 286 287 288
289 290 291 292 293 294 295 296
297 298 299 300 301 302 303
304 305 306 307 308 309 310 311 312
Predecessors per operation:

0
1
2
3
4
5
6

8
9
10
11
12
13
14
15
16

18
19
20
21
22
23
24
25
26

28
29
30
31

33
34
35
36
37
38
39
40
41

43
44
45
46
47

49
50
51
52
53
54
55
56

58
59
60
61
62
63
64

66
67
68
69
70
71
72

74
75
76
77

79
80
81
82

84
85
86
87
88
89
90
91
92

94
95
96
97
98
99
100
101
102

104
105
106
107
108
109
110
111
112

114
115
116
117

119
120
121
122
123
124
125

127
128
129
130
131

133
134
135
136
137
138
139
140

142
143
144
145
146
147
148

150
151
152
153
154
155
156
157
158

160
161
162
163
164
165
166

168
169
170
171

173
174
175
176
177
178
179

181
182
183
184
185
186
187
188
189

191
192
193
194
195
196
197
198

200
201
202
203

205
206
207
208

210
211
212
213
214
215
216
217
218

220
221
222
223
224
225
226
227
228

230
231
232
233
234

236
237
238
239
240
241

243
244
245
246
247
248
249
250

252
253
254
255
256
257
258
259

261
262
263
264
265
266
267
268

270
271
272
273
274
275
276

278
279
280
281
282

284
285
286
287

289
290
291
292
293
294
295

297
298
299
300
301
302

304
305
306
307
308
309
310
311
Successors per operation:
1
2
3
4
5
6
7

9
10
11
12
13
14
15
16
17

19
20
21
22
23
24
25
26
27

29
30
31
32

34
35
36
37
38
39
40
41
42

44
45
46
47
48

50
51
52
53
54
55
56
57

59
60
61
62
63
64
65

67
68
69
70
71
72
73

75
76
77
78

80
81
82
83

85
86
87
88
89
90
91
92
93

95
96
97
98
99
100
101
102
103

105
106
107
108
109
110
111
112
113

115
116
117
118

120
121
122
123
124
125
126

128
129
130
131
132

134
135
136
137
138
139
140
141

143
144
145
146
147
148
149

151
152
153
154
155
156
157
158
159

161
162
163
164
165
166
167

169
170
171
172

174
175
176
177
178
179
180

182
183
184
185
186
187
188
189
190

192
193
194
195
196
197
198
199

201
202
203
204

206
207
208
209

211
212
213
214
215
216
217
218
219

221
222
223
224
225
226
227
228
229

231
232
233
234
235

237
238
239
240
241
242

244
245
246
247
248
249
250
251

253
254
255
256
257
258
259
260

262
263
264
265
266
267
268
269

271
272
273
274
275
276
277

279
280
281
282
283

285
286
287
288

290
291
292
293
294
295
296

298
299
300
301
302
303

305
306
307
308
309
310
311
312

Machines per operation:
0 1 5 6 8
7 9
0 6 9 11
1 2 6 10 12
0 8 12
0 3 10 12 14
3 8
1 4 7 8 14
0 2 3 9 13
2 6 7 10 14
2 3 9 10
0 2 6 9 11
1 7 13
2 4 7 14
3 7 8 12
1 3 4 12 14
8 13
1 2 9 10
1 8 11 13 14
11 12
0 11 14
0 4 7 8 14
1 4 13 14
0 7 10 11 12
2 3 6 8
4 6
7 10 12 14
1 5 9
4 5 6 10 11
7 9 13
1 3 12
4 8
3 6 7 9
1 2 7 12 14
0 7 8 10
0 3 6 9
4 8 10 12
1 2 3 4 8
3 9
0 3 10 11
9 10 14
6 13
2 5 7 8 13
3 13
2 7 8 14
5 8 9 14
1 6 10 13
2 4 6 10 11
0 6 8 9
3 5 10 11
2 3 4 7 10
11 12
0 4 8 10 12
5 6 8 9 14
3 5 7
0 2 6 9 12
3 4 5 10 12
3 4 6 7 13
4 6 10 13 14
1 4 6 9
3 6 7 12
3 8 10 12
2 3 7 11 14
2 5 9 12
0 1 7 10
1 2 13
1 2 3 11 14
6 14
2 3 5 6 10
2 11 13
3 13
0 11
1 2 6 7 9
0 1 6 8 12
9 14
5 11
3 6 9
3 7 8 13
2 6 8
3 6 10 12 14
9 11
0 3 4 5
0 3 5 14
2 3 5 10
1 5 10 11 12
1 9 13
7 8 10
0 1 6 12
3 6 7 14
5 6 7 10
4 6 9 11
7 11
0 6 8 14
1 3 5 9 12
5 12
2 6 8 11 13
3 4 6 7 10
3 4 5 12
1 11
0 1 2 8 11
4 5 10 14
6 7 11 13 14
3 10 14
8 9 12 13
7 11
4 10 12
1 13
0 2 3 7 12
3 7 10
0 5
6 7 13
1 5 10 13 14
5 8 11 12
1 6 7 9 13
1 2
0 3 8 10 11
4 8 10 12 13
2 6
0 2 13 14
6 11
1 3 5 14
1 3 5 13 14
0 2 3 5 6
6 7
1 10 12 14
3 6 9
0 1 2 3 14
11 13
2 8 11
3 5 6 9 14
0 6 8 11
1 4
2 3 9 10 11
0 6 9 12 13
8 9 12
0 2
5 9 13
4 11 13
0 5 8 10 14
1 4
5 8 12 13
2 6 10 11
0 2 11
2 6 10 11
2 4 5
4 13 14
8 14
5 7
2 7
4 8 13
0 2 12
5 9
0 8 10
1 5 6 11 14
3 6 8 11 14
3 4 10 13
2 11
4 11
1 4 6 12
3 4 11 12
1 4 14
2 6 8 10 14
1 2 11 13
2 6 7 13
3 8 12
0 8 10 13
8 9 12
0 4 7
3 6 8 9 12
2 10
2 8 12 13 14
0 5 6
0 2 6 11
2 5 11 12 13
1 8
2 3 5 6
0 1 5 9 10
2 5 6 10
2 4 10
0 1 4
3 9
0 5 7 12 13
1 8 12 13
4 8 9 11 14
0 8
9 10 12
5 7 8
3 9 13
0 1 5 9 13
1 2 7 12 14
8 11
3 7 12
3 5
2 7 11
7 12
0 1 2 3 4
0 2 4 8
0 7
2 3 7 11
2 3 7 12 14
8 13 14
1 4 10
3 9
3 4 6 10 11
1 9 11 12
3 10 13
4 9 13
3 8 9 14
0 2 11 12 13
5 12
0 6 7
8 9 10 14
0 6 7 9 13
0 2 6 8 13
3 4 5
7 14
7 13
0 1 11 13
5 6 12 14
6 11 14
1 6 13
4 7 11
0 3 6 11 13
8 11 12
0 3 8 9
1 12 13
0 3 13
1 6 7 8 9
7 8 10 12 14
0 6 11
2 4 7 11 12
0 3 7 8 10
0 4 7 9
6 8 9 13
0 3 8 10 13
6 11
0 4 8 14
3 7 8 14
2 3 8
4 8 9
0 3 4 11 12
3 11 13
3 4 7 10 14
9 10
2 7 10
1 4 12
3 6 10
4 9 10
4 10 11 13
3 9 10
2 3 10 14
3 7 8 12
1 2 13
3 8
4 12
1 5
0 2 4 10 14
1 6
4 8 11
3 8 14
0 7
2 8 11
0 11
3 4 10 12 13
2 3 13
2 11 13
4 10 12
2 7
2 8 10 11
4 6 9 10
2 5 6 10 12
6 7 8 9 13
1 2 5 10
1 2 8 9
4 6
7 12
0 5 6 7 11
2 13
1 4 13
0 4 5 7 12
5 6 7 13
9 12
4 7 12
1 10 13
3 7 8 11 12
12 14
6 10
5 8 13
1 2 4 13 14
3 7 9 10
0 1 6 11
1 6 12 13
11 13
1 7 12
6 9
3 7 8 13
0 5 7 9 13
3 7
0 1 7 11 13
0 6 11 13
3 5
2 13
1 2 8 11 14
1 2 8 12 14
2 4 6 12 14
5 7 10
2 3 9 10 11
3 12 13
0 7 8 9 10
2 13 14
5 10
4 9
1 2 3 7 11
Processing times (o m w p):
0 0 0 85
0 0 3 87
0 0 5 89
0 0 6 84
0 0 7 97
0 0 9 95
0 0 10 86
0 0 11 93
0 1 0 90
0 1 3 80
0 1 4 80
0 1 5 75
0 1 6 92
0 1 7 82
0 1 10 91
0 1 11 90
0 5 0 90
0 5 1 80
0 5 2 80
0 5 4 75
0 5 5 92
0 5 9 82
0 5 10 91
0 5 11 90
0 6 0 86
0 6 1 74
0 6 2 81
0 6 4 83
0 6 6 76
0 6 7 86
0 6 8 73
0 6 9 85
0 8 0 87
0 8 2 89
0 8 4 91
0 8 5 86
0 8 6 99
0 8 8 97
0 8 9 88
0 8 10 95
1 7 0 15
1 7 2 12
1 7 4 14
1 7 5 15
1 7 7 13
1 7 8 15
1 7 10 12
1 7 11 15
1 9 1 12
1 9 2 9
1 9 3 11
1 9 5 12
1 9 7 10
1 9 9 12
1 9 10 9
1 9 11 12
2 0 0 42
2 0 3 41
2 0 5 41
2 0 6 36
2 0 7 44
2 0 9 43
2 0 10 43
2 0 11 42
2 6 0 38
2 6 1 40
2 6 2 42
2 6 4 37
2 6 6 40
2 6 7 38
2 6 8 39
2 6 9 46
2 9 1 40
2 9 2 42
2 9 3 44
2 9 5 39
2 9 7 42
2 9 9 40
2 9 10 41
2 9 11 48
2 11 1 42
2 11 2 36
2 11 5 40
2 11 6 41
2 11 7 37
2 11 9 42
2 11 10 36
2 11 11 42
3 1 0 95
3 1 3 113
3 1 4 113
3 1 5 112
3 1 6 101
3 1 7 111
3 1 10 100
3 1 11 105
3 2 1 97
3 2 2 115
3 2 4 115
3 2 5 114
3 2 7 103
3 2 9 113
3 2 10 102
3 2 11 107
3 6 0 99
3 6 1 110
3 6 2 112
3 6 4 100
3 6 6 109
3 6 7 120
3 6 8 110
3 6 9 121
3 10 1 87
3 10 2 89
3 10 4 91
3 10 5 86
3 10 6 99
3 10 7 97
3 10 9 88
3 10 10 95
3 12 0 99
3 12 1 110
3 12 3 112
3 12 5 100
3 12 6 109
3 12 7 120
3 12 10 110
3 12 11 121
4 0 0 23
4 0 3 25
4 0 5 25
4 0 6 20
4 0 7 25
4 0 9 21
4 0 10 24
4 0 11 23
4 8 0 25
4 8 2 27
4 8 4 27
4 8 5 22
4 8 6 27
4 8 8 23
4 8 9 26
4 8 10 25
4 12 0 25
4 12 1 27
4 12 3 27
4 12 5 22
4 12 6 27
4 12 7 23
4 12 10 26
4 12 11 25
5 0 0 42
5 0 3 41
5 0 5 41
5 0 6 36
5 0 7 44
5 0 9 43
5 0 10 43
5 0 11 42
5 3 3 38
5 3 4 40
5 3 5 42
5 3 6 37
5 3 8 40
5 3 9 38
5 3 10 39
5 3 11 46
5 10 1 40
5 10 2 42
5 10 4 44
5 10 5 39
5 10 6 42
5 10 7 40
5 10 9 41
5 10 10 48
5 12 0 42
5 12 1 36
5 12 3 40
5 12 5 41
5 12 6 37
5 12 7 42
5 12 10 36
5 12 11 42
5 14 1 38
5 14 2 40
5 14 3 42
5 14 4 37
5 14 5 40
5 14 7 38
5 14 9 39
5 14 10 46
6 3 3 40
6 3 4 34
6 3 5 38
6 3 6 39
6 3 8 35
6 3 9 40
6 3 10 34
6 3 11 40
6 8 0 34
6 8 2 28
6 8 4 32
6 8 5 33
6 8 6 29
6 8 8 34
6 8 9 28
6 8 10 34
7 1 0 37
7 1 3 39
7 1 4 41
7 1 5 36
7 1 6 39
7 1 7 37
7 1 10 38
7 1 11 45
7 4 0 39
7 4 1 41
7 4 3 43
7 4 4 38
7 4 5 41
7 4 6 39
7 4 10 40
7 4 11 47
7 7 0 41
7 7 2 43
7 7 4 45
7 7 5 40
7 7 7 43
7 7 8 41
7 7 10 42
7 7 11 49
7 8 0 42
7 8 2 41
7 8 4 41
7 8 5 36
7 8 6 44
7 8 8 43
7 8 9 43
7 8 10 42
7 14 1 39
7 14 2 41
7 14 3 43
7 14 4 38
7 14 5 41
7 14 7 39
7 14 9 40
7 14 10 47
8 0 0 13
8 0 3 10
8 0 5 12
8 0 6 13
8 0 7 11
8 0 9 13
8 0 10 10
8 0 11 13
8 2 1 9
8 2 2 8
8 2 4 9
8 2 5 9
8 2 7 8
8 2 9 9
8 2 10 8
8 2 11 9
8 3 3 12
8 3 4 9
8 3 5 11
8 3 6 12
8 3 8 10
8 3 9 12
8 3 10 9
8 3 11 12
8 9 1 13
8 9 2 10
8 9 3 12
8 9 5 13
8 9 7 11
8 9 9 13
8 9 10 10
8 9 11 13
8 13 0 9
8 13 1 11
8 13 2 11
8 13 4 9
8 13 5 11
8 13 6 10
8 13 7 10
8 13 9 9
9 2 1 41
9 2 2 35
9 2 4 39
9 2 5 40
9 2 7 36
9 2 9 41
9 2 10 35
9 2 11 41
9 6 0 42
9 6 1 41
9 6 2 41
9 6 4 36
9 6 6 44
9 6 7 43
9 6 8 43
9 6 9 42
9 7 0 38
9 7 2 40
9 7 4 42
9 7 5 37
9 7 7 40
9 7 8 38
9 7 10 39
9 7 11 46
9 10 1 40
9 10 2 34
9 10 4 38
9 10 5 39
9 10 6 35
9 10 7 40
9 10 9 34
9 10 10 40
9 14 1 42
9 14 2 41
9 14 3 41
9 14 4 36
9 14 5 44
9 14 7 43
9 14 9 43
9 14 10 42
10 2 1 90
10 2 2 80
10 2 4 80
10 2 5 75
10 2 7 92
10 2 9 82
10 2 10 91
10 2 11 90
10 3 3 92
10 3 4 82
10 3 5 82
10 3 6 77
10 3 8 94
10 3 9 84
10 3 10 93
10 3 11 92
10 9 1 94
10 9 2 84
10 9 3 84
10 9 5 79
10 9 7 96
10 9 9 86
10 9 10 95
10 9 11 94
10 10 1 89
10 10 2 79
10 10 4 79
10 10 5 74
10 10 6 91
10 10 7 81
10 10 9 90
10 10 10 89
11 0 0 63
11 0 3 65
11 0 5 75
11 0 6 68
11 0 7 75
11 0 9 75
11 0 10 72
11 0 11 69
11 2 1 78
11 2 2 66
11 2 4 73
11 2 5 75
11 2 7 68
11 2 9 78
11 2 10 65
11 2 11 77
11 6 0 62
11 6 1 64
11 6 2 74
11 6 4 67
11 6 6 74
11 6 7 74
11 6 8 71
11 6 9 68
11 9 1 57
11 9 2 59
11 9 3 69
11 9 5 62
11 9 7 69
11 9 9 69
11 9 10 66
11 9 11 63
11 11 1 78
11 11 2 66
11 11 5 73
11 11 6 75
11 11 7 68
11 11 9 78
11 11 10 65
11 11 11 77
12 1 0 89
12 1 3 79
12 1 4 79
12 1 5 74
12 1 6 91
12 1 7 81
12 1 10 90
12 1 11 89
12 7 0 91
12 7 2 81
12 7 4 81
12 7 5 76
12 7 7 93
12 7 8 83
12 7 10 92
12 7 11 91
12 13 0 93
12 13 1 83
12 13 2 83
12 13 4 78
12 13 5 95
12 13 6 85
12 13 7 94
12 13 9 93
13 2 1 55
13 2 2 57
13 2 4 67
13 2 5 60
13 2 7 67
13 2 9 67
13 2 10 64
13 2 11 61
13 4 0 57
13 4 1 59
13 4 3 69
13 4 4 62
13 4 5 69
13 4 6 69
13 4 10 66
13 4 11 63
13 7 0 60
13 7 2 62
13 7 4 56
13 7 5 51
13 7 7 56
13 7 8 58
13 7 10 61
13 7 11 60
13 14 1 55
13 14 2 57
13 14 3 51
13 14 4 46
13 14 5 51
13 14 7 53
13 14 9 56
13 14 10 55
14 3 3 38
14 3 4 40
14 3 5 42
14 3 6 37
14 3 8 40
14 3 9 38
14 3 10 39
14 3 11 46
14 7 0 39
14 7 2 33
14 7 4 37
14 7 5 38
14 7 7 34
14 7 8 39
14 7 10 33
14 7 11 39
14 8 0 42
14 8 2 41
14 8 4 41
14 8 5 36
14 8 6 44
14 8 8 43
14 8 9 43
14 8 10 42
14 12 0 37
14 12 1 39
14 12 3 41
14 12 5 36
14 12 6 39
14 12 7 37
14 12 10 38
14 12 11 45
15 1 0 19
15 1 3 21
15 1 4 18
15 1 5 18
15 1 6 21
15 1 7 19
15 1 10 20
15 1 11 22
15 3 3 18
15 3 4 15
15 3 5 17
15 3 6 18
15 3 8 16
15 3 9 18
15 3 10 15
15 3 11 18
15 4 0 20
15 4 1 17
15 4 3 19
15 4 4 20
15 4 5 18
15 4 6 20
15 4 10 17
15 4 11 20
15 12 0 19
15 12 1 21
15 12 3 18
15 12 5 18
15 12 6 21
15 12 7 19
15 12 10 20
15 12 11 22
15 14 1 19
15 14 2 16
15 14 3 18
15 14 4 19
15 14 5 17
15 14 7 19
15 14 9 16
15 14 10 19
16 8 0 82
16 8 2 84
16 8 4 86
16 8 5 81
16 8 6 94
16 8 8 92
16 8 9 83
16 8 10 90
16 13 0 87
16 13 1 77
16 13 2 77
16 13 4 72
16 13 5 89
16 13 6 79
16 13 7 88
16 13 9 87
17 1 0 89
17 1 3 79
17 1 4 79
17 1 5 74
17 1 6 91
17 1 7 81
17 1 10 90
17 1 11 89
17 2 1 78
17 2 2 66
17 2 4 73
17 2 5 75
17 2 7 68
17 2 9 78
17 2 10 65
17 2 11 77
17 9 1 85
17 9 2 73
17 9 3 80
17 9 5 82
17 9 7 75
17 9 9 85
17 9 10 72
17 9 11 84
17 10 1 83
17 10 2 83
17 10 4 74
17 10 5 84
17 10 6 82
17 10 7 84
17 10 9 74
17 10 10 76
18 1 0 54
18 1 3 57
18 1 4 62
18 1 5 66
18 1 6 54
18 1 7 62
18 1 10 65
18 1 11 63
18 8 0 56
18 8 2 58
18 8 4 68
18 8 5 61
18 8 6 68
18 8 8 68
18 8 9 65
18 8 10 62
18 11 1 79
18 11 2 67
18 11 5 74
18 11 6 76
18 11 7 69
18 11 9 79
18 11 10 66
18 11 11 78
18 13 0 59
18 13 1 61
18 13 2 71
18 13 4 64
18 13 5 71
18 13 6 71
18 13 7 68
18 13 9 65
18 14 1 79
18 14 2 67
18 14 3 74
18 14 4 76
18 14 5 69
18 14 7 79
18 14 9 66
18 14 10 78
19 11 1 89
19 11 2 79
19 11 5 79
19 11 6 74
19 11 7 91
19 11 9 81
19 11 10 90
19 11 11 89
19 12 0 78
19 12 1 66
19 12 3 73
19 12 5 75
19 12 6 68
19 12 7 78
19 12 10 65
19 12 11 77
20 0 0 85
20 0 3 73
20 0 5 80
20 0 6 82
20 0 7 75
20 0 9 85
20 0 10 72
20 0 11 84
20 11 1 60
20 11 2 62
20 11 5 72
20 11 6 65
20 11 7 72
20 11 9 72
20 11 10 69
20 11 11 66
20 14 1 80
20 14 2 68
20 14 3 75
20 14 4 77
20 14 5 70
20 14 7 80
20 14 9 67
20 14 10 79
21 0 0 37
21 0 3 31
21 0 5 35
21 0 6 36
21 0 7 32
21 0 9 37
21 0 10 31
21 0 11 37
21 4 0 28
21 4 1 30
21 4 3 30
21 4 4 25
21 4 5 30
21 4 6 26
21 4 10 29
21 4 11 28
21 7 0 35
21 7 2 29
21 7 4 33
21 7 5 34
21 7 7 30
21 7 8 35
21 7 10 29
21 7 11 35
21 8 0 36
21 8 2 30
21 8 4 34
21 8 5 35
21 8 6 31
21 8 8 36
21 8 9 30
21 8 10 36
21 14 1 29
21 14 2 31
21 14 3 31
21 14 4 26
21 14 5 31
21 14 7 27
21 14 9 30
21 14 10 29
22 1 0 14
22 1 3 11
22 1 4 13
22 1 5 14
22 1 6 12
22 1 7 14
22 1 10 11
22 1 11 14
22 4 0 9
22 4 1 11
22 4 3 11
22 4 4 9
22 4 5 11
22 4 6 10
22 4 10 10
22 4 11 9
22 13 0 13
22 13 1 10
22 13 2 12
22 13 4 13
22 13 5 11
22 13 6 13
22 13 7 10
22 13 9 13
22 14 1 14
22 14 2 11
22 14 3 13
22 14 4 14
22 14 5 12
22 14 7 14
22 14 9 11
22 14 10 14
23 0 0 83
23 0 3 85
23 0 5 87
23 0 6 82
23 0 7 95
23 0 9 93
23 0 10 84
23 0 11 91
23 7 0 88
23 7 2 78
23 7 4 78
23 7 5 73
23 7 7 90
23 7 8 80
23 7 10 89
23 7 11 88
23 10 1 88
23 10 2 78
23 10 4 78
23 10 5 73
23 10 6 90
23 10 7 80
23 10 9 89
23 10 10 88
23 11 1 84
23 11 2 72
23 11 5 79
23 11 6 81
23 11 7 74
23 11 9 84
23 11 10 71
23 11 11 83
23 12 0 85
23 12 1 87
23 12 3 89
23 12 5 84
23 12 6 97
23 12 7 95
23 12 10 86
23 12 11 93
24 2 1 16
24 2 2 13
24 2 4 15
24 2 5 16
24 2 7 14
24 2 9 16
24 2 10 13
24 2 11 16
24 3 3 13
24 3 4 10
24 3 5 12
24 3 6 13
24 3 8 11
24 3 9 13
24 3 10 10
24 3 11 13
24 6 0 15
24 6 1 12
24 6 2 14
24 6 4 15
24 6 6 13
24 6 7 15
24 6 8 12
24 6 9 15
24 8 0 16
24 8 2 13
24 8 4 15
24 8 5 16
24 8 6 14
24 8 8 16
24 8 9 13
24 8 10 16
25 4 0 54
25 4 1 57
25 4 3 62
25 4 4 66
25 4 5 54
25 4 6 62
25 4 10 65
25 4 11 63
25 6 0 56
25 6 1 58
25 6 2 68
25 6 4 61
25 6 6 68
25 6 7 68
25 6 8 65
25 6 9 62
26 7 0 15
26 7 2 12
26 7 4 14
26 7 5 15
26 7 7 13
26 7 8 15
26 7 10 12
26 7 11 15
26 10 1 12
26 10 2 9
26 10 4 11
26 10 5 12
26 10 6 10
26 10 7 12
26 10 9 9
26 10 10 12
26 12 0 14
26 12 1 11
26 12 3 13
26 12 5 14
26 12 6 12
26 12 7 14
26 12 10 11
26 12 11 14
26 14 1 15
26 14 2 12
26 14 3 14
26 14 4 15
26 14 5 13
26 14 7 15
26 14 9 12
26 14 10 15
27 1 0 89
27 1 3 79
27 1 4 79
27 1 5 74
27 1 6 91
27 1 7 81
27 1 10 90
27 1 11 89
27 5 0 91
27 5 1 81
27 5 2 81
27 5 4 76
27 5 5 93
27 5 9 83
27 5 10 92
27 5 11 91
27 9 1 93
27 9 2 83
27 9 3 83
27 9 5 78
27 9 7 95
27 9 9 85
27 9 10 94
27 9 11 93
28 4 0 59
28 4 1 61
28 4 3 55
28 4 4 50
28 4 5 55
28 4 6 57
28 4 10 60
28 4 11 59
28 5 0 61
28 5 1 63
28 5 2 57
28 5 4 52
28 5 5 57
28 5 9 59
28 5 10 62
28 5 11 61
28 6 0 55
28 6 1 57
28 6 2 51
28 6 4 46
28 6 6 51
28 6 7 53
28 6 8 56
28 6 9 55
28 10 1 43
28 10 2 45
28 10 4 47
28 10 5 42
28 10 6 45
28 10 7 43
28 10 9 44
28 10 10 51
28 11 1 55
28 11 2 57
28 11 5 51
28 11 6 46
28 11 7 51
28 11 9 53
28 11 10 56
28 11 11 55
29 7 0 28
29 7 2 30
29 7 4 30
29 7 5 25
29 7 7 30
29 7 8 26
29 7 10 29
29 7 11 28
29 9 1 28
29 9 2 30
29 9 3 33
29 9 5 33
29 9 7 33
29 9 9 33
29 9 10 30
29 9 11 27
29 13 0 36
29 13 1 30
29 13 2 34
29 13 4 35
29 13 5 31
29 13 6 36
29 13 7 30
29 13 9 36
30 1 0 93
30 1 3 83
30 1 4 83
30 1 5 78
30 1 6 95
30 1 7 85
30 1 10 94
30 1 11 93
30 3 3 84
30 3 4 72
30 3 5 79
30 3 6 81
30 3 8 74
30 3 9 84
30 3 10 71
30 3 11 83
30 12 0 84
30 12 1 72
30 12 3 79
30 12 5 81
30 12 6 74
30 12 7 84
30 12 10 71
30 12 11 83
31 4 0 88
31 4 1 78
31 4 3 78
31 4 4 73
31 4 5 90
31 4 6 80
31 4 10 89
31 4 11 88
31 8 0 90
31 8 2 80
31 8 4 80
31 8 5 75
31 8 6 92
31 8 8 82
31 8 9 91
31 8 10 90
32 3 3 93
32 3 4 83
32 3 5 83
32 3 6 78
32 3 8 95
32 3 9 85
32 3 10 94
32 3 11 93
32 6 0 84
32 6 1 72
32 6 2 79
32 6 4 81
32 6 6 74
32 6 7 84
32 6 8 71
32 6 9 83
32 7 0 84
32 7 2 72
32 7 4 79
32 7 5 81
32 7 7 74
32 7 8 84
32 7 10 71
32 7 11 83
32 9 1 79
32 9 2 67
32 9 3 74
32 9 5 76
32 9 7 69
32 9 9 79
32 9 10 66
32 9 11 78
33 1 0 15
33 1 3 12
33 1 4 14
33 1 5 15
33 1 6 13
33 1 7 15
33 1 10 12
33 1 11 15
33 2 1 12
33 2 2 9
33 2 4 11
33 2 5 12
33 2 7 10
33 2 9 12
33 2 10 9
33 2 11 12
33 7 0 14
33 7 2 11
33 7 4 13
33 7 5 14
33 7 7 12
33 7 8 14
33 7 10 11
33 7 11 14
33 12 0 15
33 12 1 12
33 12 3 14
33 12 5 15
33 12 6 13
33 12 7 15
33 12 10 12
33 12 11 15
33 14 1 13
33 14 2 10
33 14 3 12
33 14 4 13
33 14 5 11
33 14 7 13
33 14 9 10
33 14 10 13
34 0 0 91
34 0 3 81
34 0 5 81
34 0 6 76
34 0 7 93
34 0 9 83
34 0 10 92
34 0 11 91
34 7 0 80
34 7 2 68
34 7 4 75
34 7 5 77
34 7 7 70
34 7 8 80
34 7 10 67
34 7 11 79
34 8 0 83
34 8 2 83
34 8 4 74
34 8 5 84
34 8 6 82
34 8 8 84
34 8 9 74
34 8 10 76
34 10 1 88
34 10 2 78
34 10 4 78
34 10 5 73
34 10 6 90
34 10 7 80
34 10 9 89
34 10 10 88
35 0 0 84
35 0 3 86
35 0 5 88
35 0 6 83
35 0 7 96
35 0 9 94
35 0 10 85
35 0 11 92
35 3 3 89
35 3 4 79
35 3 5 79
35 3 6 74
35 3 8 91
35 3 9 81
35 3 10 90
35 3 11 89
35 6 0 89
35 6 1 79
35 6 2 79
35 6 4 74
35 6 6 91
35 6 7 81
35 6 8 90
35 6 9 89
35 9 1 85
35 9 2 73
35 9 3 80
35 9 5 82
35 9 7 75
35 9 9 85
35 9 10 72
35 9 11 84
36 4 0 24
36 4 1 26
36 4 3 26
36 4 4 21
36 4 5 26
36 4 6 22
36 4 10 25
36 4 11 24
36 8 0 26
36 8 2 28
36 8 4 28
36 8 5 23
36 8 6 28
36 8 8 24
36 8 9 27
36 8 10 26
36 10 1 26
36 10 2 28
36 10 4 28
36 10 5 23
36 10 6 28
36 10 7 24
36 10 9 27
36 10 10 26
36 12 0 21
36 12 1 23
36 12 3 23
36 12 5 18
36 12 6 23
36 12 7 19
36 12 10 22
36 12 11 21
37 1 0 23
37 1 3 25
37 1 4 25
37 1 5 20
37 1 6 25
37 1 7 21
37 1 10 24
37 1 11 23
37 2 1 25
37 2 2 27
37 2 4 27
37 2 5 22
37 2 7 27
37 2 9 23
37 2 10 26
37 2 11 25
37 3 3 25
37 3 4 27
37 3 5 27
37 3 6 22
37 3 8 27
37 3 9 23
37 3 10 26
37 3 11 25
37 4 0 19
37 4 1 21
37 4 3 18
37 4 4 18
37 4 5 21
37 4 6 19
37 4 10 20
37 4 11 22
37 8 0 25
37 8 2 27
37 8 4 27
37 8 5 22
37 8 6 27
37 8 8 23
37 8 9 26
37 8 10 25
38 3 3 37
38 3 4 39
38 3 5 41
38 3 6 36
38 3 8 39
38 3 9 37
38 3 10 38
38 3 11 45
38 9 1 38
38 9 2 32
38 9 3 36
38 9 5 37
38 9 7 33
38 9 9 38
38 9 10 32
38 9 11 38
39 0 0 87
39 0 3 77
39 0 5 77
39 0 6 72
39 0 7 89
39 0 9 79
39 0 10 88
39 0 11 87
39 3 3 63
39 3 4 65
39 3 5 75
39 3 6 68
39 3 8 75
39 3 9 75
39 3 10 72
39 3 11 69
39 10 1 83
39 10 2 71
39 10 4 78
39 10 5 80
39 10 6 73
39 10 7 83
39 10 9 70
39 10 10 82
39 11 1 85
39 11 2 73
39 11 5 80
39 11 6 82
39 11 7 75
39 11 9 85
39 11 10 72
39 11 11 84
40 9 1 91
40 9 2 81
40 9 3 81
40 9 5 76
40 9 7 93
40 9 9 83
40 9 10 92
40 9 11 91
40 10 1 80
40 10 2 68
40 10 4 75
40 10 5 77
40 10 6 70
40 10 7 80
40 10 9 67
40 10 10 79
40 14 1 83
40 14 2 83
40 14 3 74
40 14 4 84
40 14 5 82
40 14 7 84
40 14 9 74
40 14 10 76
41 6 0 94
41 6 1 84
41 6 2 84
41 6 4 79
41 6 6 96
41 6 7 86
41 6 8 95
41 6 9 94
41 13 0 85
41 13 1 73
41 13 2 80
41 13 4 82
41 13 5 75
41 13 6 85
41 13 7 72
41 13 9 84
42 2 1 87
42 2 2 89
42 2 4 91
42 2 5 86
42 2 7 99
42 2 9 97
42 2 10 88
42 2 11 95
42 5 0 82
42 5 1 84
42 5 2 86
42 5 4 81
42 5 5 94
42 5 9 92
42 5 10 83
42 5 11 90
42 7 0 84
42 7 2 86
42 7 4 88
42 7 5 83
42 7 7 96
42 7 8 94
42 7 10 85
42 7 11 92
42 8 0 93
42 8 2 83
42 8 4 83
42 8 5 78
42 8 6 95
42 8 8 85
42 8 9 94
42 8 10 93
42 13 0 84
42 13 1 86
42 13 2 88
42 13 4 83
42 13 5 96
42 13 6 94
42 13 7 85
42 13 9 92
43 3 3 41
43 3 4 35
43 3 5 39
43 3 6 40
43 3 8 36
43 3 9 41
43 3 10 35
43 3 11 41
43 13 0 42
43 13 1 41
43 13 2 41
43 13 4 36
43 13 5 44
43 13 6 43
43 13 7 43
43 13 9 42
44 2 1 25
44 2 2 27
44 2 4 27
44 2 5 22
44 2 7 27
44 2 9 23
44 2 10 26
44 2 11 25
44 7 0 27
44 7 2 29
44 7 4 29
44 7 5 24
44 7 7 29
44 7 8 25
44 7 10 28
44 7 11 27
44 8 0 27
44 8 2 29
44 8 4 29
44 8 5 24
44 8 6 29
44 8 8 25
44 8 9 28
44 8 10 27
44 14 1 22
44 14 2 24
44 14 3 24
44 14 4 19
44 14 5 24
44 14 7 20
44 14 9 23
44 14 10 22
45 5 0 42
45 5 1 36
45 5 2 40
45 5 4 41
45 5 5 37
45 5 9 42
45 5 10 36
45 5 11 42
45 8 0 37
45 8 2 39
45 8 4 41
45 8 5 36
45 8 6 39
45 8 8 37
45 8 9 38
45 8 10 45
45 9 1 39
45 9 2 41
45 9 3 43
45 9 5 38
45 9 7 41
45 9 9 39
45 9 10 40
45 9 11 47
45 14 1 41
45 14 2 35
45 14 3 39
45 14 4 40
45 14 5 36
45 14 7 41
45 14 9 35
45 14 10 41
46 1 0 93
46 1 3 83
46 1 4 83
46 1 5 78
46 1 6 95
46 1 7 85
46 1 10 94
46 1 11 93
46 6 0 95
46 6 1 85
46 6 2 85
46 6 4 80
46 6 6 97
46 6 7 87
46 6 8 96
46 6 9 95
46 10 1 82
46 10 2 84
46 10 4 86
46 10 5 81
46 10 6 94
46 10 7 92
46 10 9 83
46 10 10 90
46 13 0 92
46 13 1 82
46 13 2 82
46 13 4 77
46 13 5 94
46 13 6 84
46 13 7 93
46 13 9 92
47 2 1 54
47 2 2 57
47 2 4 62
47 2 5 66
47 2 7 54
47 2 9 62
47 2 10 65
47 2 11 63
47 4 0 56
47 4 1 58
47 4 3 68
47 4 4 61
47 4 5 68
47 4 6 68
47 4 10 65
47 4 11 62
47 6 0 79
47 6 1 67
47 6 2 74
47 6 4 76
47 6 6 69
47 6 7 79
47 6 8 66
47 6 9 78
47 10 1 59
47 10 2 61
47 10 4 71
47 10 5 64
47 10 6 71
47 10 7 71
47 10 9 68
47 10 10 65
47 11 1 79
47 11 2 67
47 11 5 74
47 11 6 76
47 11 7 69
47 11 9 79
47 11 10 66
47 11 11 78
48 0 0 56
48 0 3 58
48 0 5 68
48 0 6 61
48 0 7 68
48 0 9 68
48 0 10 65
48 0 11 62
48 6 0 58
48 6 1 60
48 6 2 70
48 6 4 63
48 6 6 70
48 6 7 70
48 6 8 67
48 6 9 64
48 8 0 81
48 8 2 69
48 8 4 76
48 8 5 78
48 8 6 71
48 8 8 81
48 8 9 68
48 8 10 80
48 9 1 61
48 9 2 63
48 9 3 73
48 9 5 66
48 9 7 73
48 9 9 73
48 9 10 70
48 9 11 67
49 3 3 61
49 3 4 63
49 3 5 57
49 3 6 52
49 3 8 57
49 3 9 59
49 3 10 62
49 3 11 61
49 5 0 54
49 5 1 57
49 5 2 62
49 5 4 66
49 5 5 54
49 5 9 62
49 5 10 65
49 5 11 63
49 10 1 69
49 10 2 71
49 10 4 68
49 10 5 63
49 10 6 71
49 10 7 64
49 10 9 70
49 10 10 72
49 11 1 57
49 11 2 59
49 11 5 69
49 11 6 62
49 11 7 69
49 11 9 69
49 11 10 66
49 11 11 63
50 2 1 22
50 2 2 24
50 2 4 24
50 2 5 19
50 2 7 24
50 2 9 20
50 2 10 23
50 2 11 22
50 3 3 24
50 3 4 26
50 3 5 26
50 3 6 21
50 3 8 26
50 3 9 22
50 3 10 25
50 3 11 24
50 4 0 24
50 4 1 26
50 4 3 26
50 4 4 21
50 4 5 26
50 4 6 22
50 4 10 25
50 4 11 24
50 7 0 20
50 7 2 17
50 7 4 19
50 7 5 20
50 7 7 18
50 7 8 20
50 7 10 17
50 7 11 20
50 10 1 24
50 10 2 26
50 10 4 26
50 10 5 21
50 10 6 26
50 10 7 22
50 10 9 25
50 10 10 24
51 11 1 37
51 11 2 39
51 11 5 41
51 11 6 36
51 11 7 39
51 11 9 37
51 11 10 38
51 11 11 45
51 12 0 38
51 12 1 32
51 12 3 36
51 12 5 37
51 12 6 33
51 12 7 38
51 12 10 32
51 12 11 38
52 0 0 88
52 0 3 78
52 0 5 78
52 0 6 73
52 0 7 90
52 0 9 80
52 0 10 89
52 0 11 88
52 4 0 69
52 4 1 71
52 4 3 68
52 4 4 63
52 4 5 71
52 4 6 64
52 4 10 70
52 4 11 72
52 8 0 84
52 8 2 72
52 8 4 79
52 8 5 81
52 8 6 74
52 8 8 84
52 8 9 71
52 8 10 83
52 10 1 86
52 10 2 74
52 10 4 81
52 10 5 83
52 10 6 76
52 10 7 86
52 10 9 73
52 10 10 85
52 12 0 79
52 12 1 67
52 12 3 74
52 12 5 76
52 12 6 69
52 12 7 79
52 12 10 66
52 12 11 78
53 5 0 28
53 5 1 30
53 5 2 30
53 5 4 25
53 5 5 30
53 5 9 26
53 5 10 29
53 5 11 28
53 6 0 28
53 6 1 30
53 6 2 33
53 6 4 33
53 6 6 33
53 6 7 33
53 6 8 30
53 6 9 27
53 8 0 36
53 8 2 30
53 8 4 34
53 8 5 35
53 8 6 31
53 8 8 36
53 8 9 30
53 8 10 36
53 9 1 36
53 9 2 30
53 9 3 34
53 9 5 35
53 9 7 31
53 9 9 36
53 9 10 30
53 9 11 36
53 14 1 36
53 14 2 30
53 14 3 34
53 14 4 35
53 14 5 31
53 14 7 36
53 14 9 30
53 14 10 36
54 3 3 17
54 3 4 14
54 3 5 16
54 3 6 17
54 3 8 15
54 3 9 17
54 3 10 14
54 3 11 17
54 5 0 14
54 5 1 11
54 5 2 13
54 5 4 14
54 5 5 12
54 5 9 14
54 5 10 11
54 5 11 14
54 7 0 16
54 7 2 13
54 7 4 15
54 7 5 16
54 7 7 14
54 7 8 16
54 7 10 13
54 7 11 16
55 0 0 42
55 0 3 44
55 0 5 46
55 0 6 41
55 0 7 44
55 0 9 42
55 0 10 43
55 0 11 50
55 2 1 56
55 2 2 58
55 2 4 52
55 2 5 47
55 2 7 52
55 2 9 54
55 2 10 57
55 2 11 56
55 6 0 56
55 6 1 58
55 6 2 52
55 6 4 47
55 6 6 52
55 6 7 54
55 6 8 57
55 6 9 56
55 9 1 55
55 9 2 57
55 9 3 51
55 9 5 46
55 9 7 51
55 9 9 53
55 9 10 56
55 9 11 55
55 12 0 55
55 12 1 57
55 12 3 51
55 12 5 46
55 12 6 51
55 12 7 53
55 12 10 56
55 12 11 55
56 3 3 83
56 3 4 83
56 3 5 74
56 3 6 84
56 3 8 82
56 3 9 84
56 3 10 74
56 3 11 76
56 4 0 62
56 4 1 64
56 4 3 74
56 4 4 67
56 4 5 74
56 4 6 74
56 4 10 71
56 4 11 68
56 5 0 82
56 5 1 70
56 5 2 77
56 5 4 79
56 5 5 72
56 5 9 82
56 5 10 69
56 5 11 81
56 10 1 84
56 10 2 72
56 10 4 79
56 10 5 81
56 10 6 74
56 10 7 84
56 10 9 71
56 10 10 83
56 12 0 69
56 12 1 71
56 12 3 68
56 12 5 63
56 12 6 71
56 12 7 64
56 12 10 70
56 12 11 72
57 3 3 39
57 3 4 41
57 3 5 43
57 3 6 38
57 3 8 41
57 3 9 39
57 3 10 40
57 3 11 47
57 4 0 41
57 4 1 43
57 4 3 45
57 4 4 40
57 4 5 43
57 4 6 41
57 4 10 42
57 4 11 49
57 6 0 43
57 6 1 45
57 6 2 47
57 6 4 42
57 6 6 45
57 6 7 43
57 6 8 44
57 6 9 51
57 7 0 38
57 7 2 40
57 7 4 42
57 7 5 37
57 7 7 40
57 7 8 38
57 7 10 39
57 7 11 46
57 13 0 41
57 13 1 43
57 13 2 45
57 13 4 40
57 13 5 43
57 13 6 41
57 13 7 42
57 13 9 49
58 4 0 37
58 4 1 39
58 4 3 41
58 4 4 36
58 4 5 39
58 4 6 37
58 4 10 38
58 4 11 45
58 6 0 39
58 6 1 41
58 6 2 43
58 6 4 38
58 6 6 41
58 6 7 39
58 6 8 40
58 6 9 47
58 10 1 41
58 10 2 43
58 10 4 45
58 10 5 40
58 10 6 43
58 10 7 41
58 10 9 42
58 10 10 49
58 13 0 42
58 13 1 41
58 13 2 41
58 13 4 36
58 13 5 44
58 13 6 43
58 13 7 43
58 13 9 42
58 14 1 39
58 14 2 41
58 14 3 43
58 14 4 38
58 14 5 41
58 14 7 39
58 14 9 40
58 14 10 47
59 1 0 22
59 1 3 24
59 1 4 24
59 1 5 19
59 1 6 24
59 1 7 20
59 1 10 23
59 1 11 22
59 4 0 24
59 4 1 26
59 4 3 26
59 4 4 21
59 4 5 26
59 4 6 22
59 4 10 25
59 4 11 24
59 6 0 24
59 6 1 26
59 6 2 26
59 6 4 21
59 6 6 26
59 6 7 22
59 6 8 25
59 6 9 24
59 9 1 20
59 9 2 17
59 9 3 19
59 9 5 20
59 9 7 18
59 9 9 20
59 9 10 17
59 9 11 20
60 3 3 25
60 3 4 27
60 3 5 27
60 3 6 22
60 3 8 27
60 3 9 23
60 3 10 26
60 3 11 25
60 6 0 27
60 6 1 29
60 6 2 29
60 6 4 24
60 6 6 29
60 6 7 25
60 6 8 28
60 6 9 27
60 7 0 27
60 7 2 29
60 7 4 29
60 7 5 24
60 7 7 29
60 7 8 25
60 7 10 28
60 7 11 27
60 12 0 22
60 12 1 24
60 12 3 24
60 12 5 19
60 12 6 24
60 12 7 20
60 12 10 23
60 12 11 22
61 3 3 41
61 3 4 35
61 3 5 39
61 3 6 40
61 3 8 36
61 3 9 41
61 3 10 35
61 3 11 41
61 8 0 35
61 8 2 29
61 8 4 33
61 8 5 34
61 8 6 30
61 8 8 35
61 8 9 29
61 8 10 35
61 10 1 39
61 10 2 33
61 10 4 37
61 10 5 38
61 10 6 34
61 10 7 39
61 10 9 33
61 10 10 39
61 12 0 40
61 12 1 34
61 12 3 38
61 12 5 39
61 12 6 35
61 12 7 40
61 12 10 34
61 12 11 40
62 2 1 62
62 2 2 64
62 2 4 58
62 2 5 53
62 2 7 58
62 2 9 60
62 2 10 63
62 2 11 62
62 3 3 55
62 3 4 57
62 3 5 67
62 3 6 60
62 3 8 67
62 3 9 67
62 3 10 64
62 3 11 61
62 7 0 58
62 7 2 60
62 7 4 54
62 7 5 49
62 7 7 54
62 7 8 56
62 7 10 59
62 7 11 58
62 11 1 46
62 11 2 53
62 11 5 53
62 11 6 52
62 11 7 52
62 11 9 51
62 11 10 51
62 11 11 45
62 14 1 58
62 14 2 60
62 14 3 54
62 14 4 49
62 14 5 54
62 14 7 56
62 14 9 59
62 14 10 58
63 2 1 63
63 2 2 65
63 2 4 75
63 2 5 68
63 2 7 75
63 2 9 75
63 2 10 72
63 2 11 69
63 5 0 78
63 5 1 66
63 5 2 73
63 5 4 75
63 5 5 68
63 5 9 78
63 5 10 65
63 5 11 77
63 9 1 62
63 9 2 64
63 9 3 74
63 9 5 67
63 9 7 74
63 9 9 74
63 9 10 71
63 9 11 68
63 12 0 57
63 12 1 59
63 12 3 69
63 12 5 62
63 12 6 69
63 12 7 69
63 12 10 66
63 12 11 63
64 0 0 85
64 0 3 87
64 0 5 89
64 0 6 84
64 0 7 97
64 0 9 95
64 0 10 86
64 0 11 93
64 1 0 90
64 1 3 80
64 1 4 80
64 1 5 75
64 1 6 92
64 1 7 82
64 1 10 91
64 1 11 90
64 7 0 90
64 7 2 80
64 7 4 80
64 7 5 75
64 7 7 92
64 7 8 82
64 7 10 91
64 7 11 90
64 10 1 86
64 10 2 74
64 10 4 81
64 10 5 83
64 10 6 76
64 10 7 86
64 10 9 73
64 10 10 85
65 1 0 57
65 1 3 59
65 1 4 53
65 1 5 48
65 1 6 53
65 1 7 55
65 1 10 58
65 1 11 57
65 2 1 60
65 2 2 62
65 2 4 56
65 2 5 51
65 2 7 56
65 2 9 58
65 2 10 61
65 2 11 60
65 13 0 56
65 13 1 58
65 13 2 68
65 13 4 61
65 13 5 68
65 13 6 68
65 13 7 65
65 13 9 62
66 1 0 92
66 1 3 82
66 1 4 82
66 1 5 77
66 1 6 94
66 1 7 84
66 1 10 93
66 1 11 92
66 2 1 81
66 2 2 69
66 2 4 76
66 2 5 78
66 2 7 71
66 2 9 81
66 2 10 68
66 2 11 80
66 3 3 87
66 3 4 77
66 3 5 77
66 3 6 72
66 3 8 89
66 3 9 79
66 3 10 88
66 3 11 87
66 11 1 89
66 11 2 79
66 11 5 79
66 11 6 74
66 11 7 91
66 11 9 81
66 11 10 90
66 11 11 89
66 14 1 83
66 14 2 71
66 14 3 78
66 14 4 80
66 14 5 73
66 14 7 83
66 14 9 70
66 14 10 82
67 6 0 85
67 6 1 87
67 6 2 89
67 6 4 84
67 6 6 97
67 6 7 95
67 6 8 86
67 6 9 93
67 14 1 90
67 14 2 80
67 14 3 80
67 14 4 75
67 14 5 92
67 14 7 82
67 14 9 91
67 14 10 90
68 2 1 56
68 2 2 58
68 2 4 68
68 2 5 61
68 2 7 68
68 2 9 68
68 2 10 65
68 2 11 62
68 3 3 58
68 3 4 60
68 3 5 70
68 3 6 63
68 3 8 70
68 3 9 70
68 3 10 67
68 3 11 64
68 5 0 81
68 5 1 69
68 5 2 76
68 5 4 78
68 5 5 71
68 5 9 81
68 5 10 68
68 5 11 80
68 6 0 61
68 6 1 63
68 6 2 73
68 6 4 66
68 6 6 73
68 6 7 73
68 6 8 70
68 6 9 67
68 10 1 81
68 10 2 69
68 10 4 76
68 10 5 78
68 10 6 71
68 10 7 81
68 10 9 68
68 10 10 80
69 2 1 57
69 2 2 59
69 2 4 69
69 2 5 62
69 2 7 69
69 2 9 69
69 2 10 66
69 2 11 63
69 11 1 59
69 11 2 61
69 11 5 71
69 11 6 64
69 11 7 71
69 11 9 71
69 11 10 68
69 11 11 65
69 13 0 82
69 13 1 70
69 13 2 77
69 13 4 79
69 13 5 72
69 13 6 82
69 13 7 69
69 13 9 81
70 3 3 20
70 3 4 17
70 3 5 19
70 3 6 20
70 3 8 18
70 3 9 20
70 3 10 17
70 3 11 20
70 13 0 21
70 13 1 23
70 13 2 23
70 13 4 18
70 13 5 23
70 13 6 19
70 13 7 22
70 13 9 21
71 0 0 62
71 0 3 64
71 0 5 58
71 0 6 53
71 0 7 58
71 0 9 60
71 0 10 63
71 0 11 62
71 11 1 55
71 11 2 57
71 11 5 67
71 11 6 60
71 11 7 67
71 11 9 67
71 11 10 64
71 11 11 61
72 1 0 57
72 1 3 59
72 1 4 69
72 1 5 62
72 1 6 69
72 1 7 69
72 1 10 66
72 1 11 63
72 2 1 59
72 2 2 61
72 2 4 71
72 2 5 64
72 2 7 71
72 2 9 71
72 2 10 68
72 2 11 65
72 6 0 82
72 6 1 70
72 6 2 77
72 6 4 79
72 6 6 72
72 6 7 82
72 6 8 69
72 6 9 81
72 7 0 62
72 7 2 64
72 7 4 74
72 7 5 67
72 7 7 74
72 7 8 74
72 7 10 71
72 7 11 68
72 9 1 82
72 9 2 70
72 9 3 77
72 9 5 79
72 9 7 72
72 9 9 82
72 9 10 69
72 9 11 81
73 0 0 88
73 0 3 78
73 0 5 78
73 0 6 73
73 0 7 90
73 0 9 80
73 0 10 89
73 0 11 88
73 1 0 90
73 1 3 80
73 1 4 80
73 1 5 75
73 1 6 92
73 1 7 82
73 1 10 91
73 1 11 90
73 6 0 92
73 6 1 82
73 6 2 82
73 6 4 77
73 6 6 94
73 6 7 84
73 6 8 93
73 6 9 92
73 8 0 87
73 8 2 77
73 8 4 77
73 8 5 72
73 8 6 89
73 8 8 79
73 8 9 88
73 8 10 87
73 12 0 85
73 12 1 87
73 12 3 89
73 12 5 84
73 12 6 97
73 12 7 95
73 12 10 86
73 12 11 93
74 9 1 42
74 9 2 44
74 9 3 46
74 9 5 41
74 9 7 44
74 9 9 42
74 9 10 43
74 9 11 50
74 14 1 56
74 14 2 58
74 14 3 52
74 14 4 47
74 14 5 52
74 14 7 54
74 14 9 57
74 14 10 56
75 5 0 21
75 5 1 23
75 5 2 23
75 5 4 18
75 5 5 23
75 5 9 19
75 5 10 22
75 5 11 21
75 11 1 23
75 11 2 25
75 11 5 25
75 11 6 20
75 11 7 25
75 11 9 21
75 11 10 24
75 11 11 23
76 3 3 42
76 3 4 36
76 3 5 40
76 3 6 41
76 3 8 37
76 3 9 42
76 3 10 36
76 3 11 42
76 6 0 37
76 6 1 39
76 6 2 41
76 6 4 36
76 6 6 39
76 6 7 37
76 6 8 38
76 6 9 45
76 9 1 39
76 9 2 41
76 9 3 43
76 9 5 38
76 9 7 41
76 9 9 39
76 9 10 40
76 9 11 47
77 3 3 93
77 3 4 83
77 3 5 83
77 3 6 78
77 3 8 95
77 3 9 85
77 3 10 94
77 3 11 93
77 7 0 84
77 7 2 72
77 7 4 79
77 7 5 81
77 7 7 74
77 7 8 84
77 7 10 71
77 7 11 83
77 8 0 84
77 8 2 72
77 8 4 79
77 8 5 81
77 8 6 74
77 8 8 84
77 8 9 71
77 8 10 83
77 13 0 79
77 13 1 67
77 13 2 74
77 13 4 76
77 13 5 69
77 13 6 79
77 13 7 66
77 13 9 78
78 2 1 40
78 2 2 34
78 2 4 38
78 2 5 39
78 2 7 35
78 2 9 40
78 2 10 34
78 2 11 40
78 6 0 42
78 6 1 36
78 6 2 40
78 6 4 41
78 6 6 37
78 6 7 42
78 6 8 36
78 6 9 42
78 8 0 37
78 8 2 39
78 8 4 41
78 8 5 36
78 8 6 39
78 8 8 37
78 8 9 38
78 8 10 45
79 3 3 37
79 3 4 39
79 3 5 41
79 3 6 36
79 3 8 39
79 3 9 37
79 3 10 38
79 3 11 45
79 6 0 38
79 6 1 32
79 6 2 36
79 6 4 37
79 6 6 33
79 6 7 38
79 6 8 32
79 6 9 38
79 10 1 42
79 10 2 36
79 10 4 40
79 10 5 41
79 10 6 37
79 10 7 42
79 10 9 36
79 10 10 42
79 12 0 42
79 12 1 41
79 12 3 41
79 12 5 36
79 12 6 44
79 12 7 43
79 12 10 43
79 12 11 42
79 14 1 39
79 14 2 33
79 14 3 37
79 14 4 38
79 14 5 34
79 14 7 39
79 14 9 33
79 14 10 39
80 9 1 95
80 9 2 85
80 9 3 85
80 9 5 80
80 9 7 97
80 9 9 87
80 9 10 96
80 9 11 95
80 11 1 86
80 11 2 74
80 11 5 81
80 11 6 83
80 11 7 76
80 11 9 86
80 11 10 73
80 11 11 85
81 0 0 17
81 0 3 14
81 0 5 16
81 0 6 17
81 0 7 15
81 0 9 17
81 0 10 14
81 0 11 17
81 3 3 14
81 3 4 11
81 3 5 13
81 3 6 14
81 3 8 12
81 3 9 14
81 3 10 11
81 3 11 14
81 4 0 16
81 4 1 13
81 4 3 15
81 4 4 16
81 4 5 14
81 4 6 16
81 4 10 13
81 4 11 16
81 5 0 17
81 5 1 14
81 5 2 16
81 5 4 17
81 5 5 15
81 5 9 17
81 5 10 14
81 5 11 17
82 0 0 19
82 0 3 16
82 0 5 18
82 0 6 19
82 0 7 17
82 0 9 19
82 0 10 16
82 0 11 19
82 3 3 16
82 3 4 13
82 3 5 15
82 3 6 16
82 3 8 14
82 3 9 16
82 3 10 13
82 3 11 16
82 5 0 18
82 5 1 15
82 5 2 17
82 5 4 18
82 5 5 16
82 5 9 18
82 5 10 15
82 5 11 18
82 14 1 19
82 14 2 16
82 14 3 18
82 14 4 19
82 14 5 17
82 14 7 19
82 14 9 16
82 14 10 19
83 2 1 57
83 2 2 59
83 2 4 53
83 2 5 48
83 2 7 53
83 2 9 55
83 2 10 58
83 2 11 57
83 3 3 60
83 3 4 62
83 3 5 56
83 3 6 51
83 3 8 56
83 3 9 58
83 3 10 61
83 3 11 60
83 5 0 56
83 5 1 58
83 5 2 68
83 5 4 61
83 5 5 68
83 5 9 68
83 5 10 65
83 5 11 62
83 10 1 60
83 10 2 62
83 10 4 72
83 10 5 65
83 10 6 72
83 10 7 72
83 10 9 69
83 10 10 66
84 1 0 23
84 1 3 25
84 1 4 25
84 1 5 20
84 1 6 25
84 1 7 21
84 1 10 24
84 1 11 23
84 5 0 25
84 5 1 27
84 5 2 27
84 5 4 22
84 5 5 27
84 5 9 23
84 5 10 26
84 5 11 25
84 10 1 25
84 10 2 27
84 10 4 27
84 10 5 22
84 10 6 27
84 10 7 23
84 10 9 26
84 10 10 25
84 11 1 19
84 11 2 21
84 11 5 18
84 11 6 18
84 11 7 21
84 11 9 19
84 11 10 20
84 11 11 22
84 12 0 25
84 12 1 27
84 12 3 27
84 12 5 22
84 12 6 27
84 12 7 23
84 12 10 26
84 12 11 25
85 1 0 28
85 1 3 30
85 1 4 30
85 1 5 25
85 1 6 30
85 1 7 26
85 1 10 29
85 1 11 28
85 9 1 28
85 9 2 30
85 9 3 33
85 9 5 33
85 9 7 33
85 9 9 33
85 9 10 30
85 9 11 27
85 13 0 28
85 13 1 30
85 13 2 33
85 13 4 33
85 13 5 33
85 13 6 33
85 13 7 30
85 13 9 27
86 7 0 54
86 7 2 57
86 7 4 62
86 7 5 66
86 7 7 54
86 7 8 62
86 7 10 65
86 7 11 63
86 8 0 56
86 8 2 58
86 8 4 68
86 8 5 61
86 8 6 68
86 8 8 68
86 8 9 65
86 8 10 62
86 10 1 79
86 10 2 67
86 10 4 74
86 10 5 76
86 10 6 69
86 10 7 79
86 10 9 66
86 10 10 78
87 0 0 55
87 0 3 57
87 0 5 67
87 0 6 60
87 0 7 67
87 0 9 67
87 0 10 64
87 0 11 61
87 1 0 57
87 1 3 59
87 1 4 69
87 1 5 62
87 1 6 69
87 1 7 69
87 1 10 66
87 1 11 63
87 6 0 60
87 6 1 62
87 6 2 56
87 6 4 51
87 6 6 56
87 6 7 58
87 6 8 61
87 6 9 60
87 12 0 55
87 12 1 57
87 12 3 51
87 12 5 46
87 12 6 51
87 12 7 53
87 12 10 56
87 12 11 55
88 3 3 59
88 3 4 61
88 3 5 55
88 3 6 50
88 3 8 55
88 3 9 57
88 3 10 60
88 3 11 59
88 6 0 61
88 6 1 63
88 6 2 57
88 6 4 52
88 6 6 57
88 6 7 59
88 6 8 62
88 6 9 61
88 7 0 55
88 7 2 57
88 7 4 51
88 7 5 46
88 7 7 51
88 7 8 53
88 7 10 56
88 7 11 55
88 14 1 43
88 14 2 45
88 14 3 47
88 14 4 42
88 14 5 45
88 14 7 43
88 14 9 44
88 14 10 51
89 5 0 14
89 5 1 11
89 5 2 13
89 5 4 14
89 5 5 12
89 5 9 14
89 5 10 11
89 5 11 14
89 6 0 9
89 6 1 11
89 6 2 11
89 6 4 9
89 6 6 11
89 6 7 10
89 6 8 10
89 6 9 9
89 7 0 13
89 7 2 10
89 7 4 12
89 7 5 13
89 7 7 11
89 7 8 13
89 7 10 10
89 7 11 13
89 10 1 14
89 10 2 11
89 10 4 13
89 10 5 14
89 10 6 12
89 10 7 14
89 10 9 11
89 10 10 14
90 4 0 88
90 4 1 78
90 4 3 78
90 4 4 73
90 4 5 90
90 4 6 80
90 4 10 89
90 4 11 88
90 6 0 90
90 6 1 80
90 6 2 80
90 6 4 75
90 6 6 92
90 6 7 82
90 6 8 91
90 6 9 90
90 9 1 92
90 9 2 82
90 9 3 82
90 9 5 77
90 9 7 94
90 9 9 84
90 9 10 93
90 9 11 92
90 11 1 87
90 11 2 77
90 11 5 77
90 11 6 72
90 11 7 89
90 11 9 79
90 11 10 88
90 11 11 87
91 7 0 29
91 7 2 31
91 7 4 31
91 7 5 26
91 7 7 31
91 7 8 27
91 7 10 30
91 7 11 29
91 11 1 34
91 11 2 28
91 11 5 32
91 11 6 33
91 11 7 29
91 11 9 34
91 11 10 28
91 11 11 34
92 0 0 42
92 0 3 36
92 0 5 40
92 0 6 41
92 0 7 37
92 0 9 42
92 0 10 36
92 0 11 42
92 6 0 36
92 6 1 30
92 6 2 34
92 6 4 35
92 6 6 31
92 6 7 36
92 6 8 30
92 6 9 36
92 8 0 40
92 8 2 34
92 8 4 38
92 8 5 39
92 8 6 35
92 8 8 40
92 8 9 34
92 8 10 40
92 14 1 41
92 14 2 35
92 14 3 39
92 14 4 40
92 14 5 36
92 14 7 41
92 14 9 35
92 14 10 41
93 1 0 20
93 1 3 17
93 1 4 19
93 1 5 20
93 1 6 18
93 1 7 20
93 1 10 17
93 1 11 20
93 3 3 17
93 3 4 14
93 3 5 16
93 3 6 17
93 3 8 15
93 3 9 17
93 3 10 14
93 3 11 17
93 5 0 19
93 5 1 16
93 5 2 18
93 5 4 19
93 5 5 17
93 5 9 19
93 5 10 16
93 5 11 19
93 9 1 20
93 9 2 17
93 9 3 19
93 9 5 20
93 9 7 18
93 9 9 20
93 9 10 17
93 9 11 20
93 12 0 18
93 12 1 15
93 12 3 17
93 12 5 18
93 12 6 16
93 12 7 18
93 12 10 15
93 12 11 18
94 5 0 41
94 5 1 35
94 5 2 39
94 5 4 40
94 5 5 36
94 5 9 41
94 5 10 35
94 5 11 41
94 12 0 35
94 12 1 29
94 12 3 33
94 12 5 34
94 12 6 30
94 12 7 35
94 12 10 29
94 12 11 35
95 2 1 93
95 2 2 83
95 2 4 83
95 2 5 78
95 2 7 95
95 2 9 85
95 2 10 94
95 2 11 93
95 6 0 84
95 6 1 72
95 6 2 79
95 6 4 81
95 6 6 74
95 6 7 84
95 6 8 71
95 6 9 83
95 8 0 84
95 8 2 72
95 8 4 79
95 8 5 81
95 8 6 74
95 8 8 84
95 8 9 71
95 8 10 83
95 11 1 79
95 11 2 67
95 11 5 74
95 11 6 76
95 11 7 69
95 11 9 79
95 11 10 66
95 11 11 78
95 13 0 95
95 13 1 85
95 13 2 85
95 13 4 80
95 13 5 97
95 13 6 87
95 13 7 96
95 13 9 95
96 3 3 15
96 3 4 12
96 3 5 14
96 3 6 15
96 3 8 13
96 3 9 15
96 3 10 12
96 3 11 15
96 4 0 12
96 4 1 9
96 4 3 11
96 4 4 12
96 4 5 10
96 4 6 12
96 4 10 9
96 4 11 12
96 6 0 14
96 6 1 11
96 6 2 13
96 6 4 14
96 6 6 12
96 6 7 14
96 6 8 11
96 6 9 14
96 7 0 15
96 7 2 12
96 7 4 14
96 7 5 15
96 7 7 13
96 7 8 15
96 7 10 12
96 7 11 15
96 10 1 13
96 10 2 10
96 10 4 12
96 10 5 13
96 10 6 11
96 10 7 13
96 10 9 10
96 10 10 13
97 3 3 58
97 3 4 60
97 3 5 54
97 3 6 49
97 3 8 54
97 3 9 56
97 3 10 59
97 3 11 58
97 4 0 60
97 4 1 62
97 4 3 56
97 4 4 51
97 4 5 56
97 4 6 58
97 4 10 61
97 4 11 60
97 5 0 61
97 5 1 63
97 5 2 73
97 5 4 66
97 5 5 73
97 5 9 73
97 5 10 70
97 5 11 67
97 12 0 54
97 12 1 57
97 12 3 62
97 12 5 66
97 12 6 54
97 12 7 62
97 12 10 65
97 12 11 63
98 1 0 19
98 1 3 21
98 1 4 18
98 1 5 18
98 1 6 21
98 1 7 19
98 1 10 20
98 1 11 22
98 11 1 18
98 11 2 15
98 11 5 17
98 11 6 18
98 11 7 16
98 11 9 18
98 11 10 15
98 11 11 18
99 0 0 56
99 0 3 58
99 0 5 68
99 0 6 61
99 0 7 68
99 0 9 68
99 0 10 65
99 0 11 62
99 1 0 58
99 1 3 60
99 1 4 70
99 1 5 63
99 1 6 70
99 1 7 70
99 1 10 67
99 1 11 64
99 2 1 81
99 2 2 69
99 2 4 76
99 2 5 78
99 2 7 71
99 2 9 81
99 2 10 68
99 2 11 80
99 8 0 61
99 8 2 63
99 8 4 73
99 8 5 66
99 8 6 73
99 8 8 73
99 8 9 70
99 8 10 67
99 11 1 81
99 11 2 69
99 11 5 76
99 11 6 78
99 11 7 71
99 11 9 81
99 11 10 68
99 11 11 80
100 4 0 83
100 4 1 85
100 4 3 87
100 4 4 82
100 4 5 95
100 4 6 93
100 4 10 84
100 4 11 91
100 5 0 88
100 5 1 78
100 5 2 78
100 5 4 73
100 5 5 90
100 5 9 80
100 5 10 89
100 5 11 88
100 10 1 88
100 10 2 78
100 10 4 78
100 10 5 73
100 10 6 90
100 10 7 80
100 10 9 89
100 10 10 88
100 14 1 84
100 14 2 72
100 14 3 79
100 14 4 81
100 14 5 74
100 14 7 84
100 14 9 71
100 14 10 83
101 6 0 28
101 6 1 30
101 6 2 30
101 6 4 25
101 6 6 30
101 6 7 26
101 6 8 29
101 6 9 28
101 7 0 28
101 7 2 30
101 7 4 33
101 7 5 33
101 7 7 33
101 7 8 33
101 7 10 30
101 7 11 27
101 11 1 28
101 11 2 30
101 11 5 33
101 11 6 33
101 11 7 33
101 11 9 33
101 11 10 30
101 11 11 27
101 13 0 25
101 13 1 27
101 13 2 27
101 13 4 22
101 13 5 27
101 13 6 23
101 13 7 26
101 13 9 25
101 14 1 28
101 14 2 30
101 14 3 33
101 14 4 33
101 14 5 33
101 14 7 33
101 14 9 30
101 14 10 27
102 3 3 94
102 3 4 84
102 3 5 84
102 3 6 79
102 3 8 96
102 3 9 86
102 3 10 95
102 3 11 94
102 10 1 96
102 10 2 91
102 10 4 93
102 10 5 87
102 10 6 93
102 10 7 82
102 10 9 89
102 10 10 97
102 14 1 83
102 14 2 85
102 14 3 87
102 14 4 82
102 14 5 95
102 14 7 93
102 14 9 84
102 14 10 91
103 8 0 59
103 8 2 61
103 8 4 55
103 8 5 50
103 8 6 55
103 8 8 57
103 8 9 60
103 8 10 59
103 9 1 61
103 9 2 63
103 9 3 57
103 9 5 52
103 9 7 57
103 9 9 59
103 9 10 62
103 9 11 61
103 12 0 55
103 12 1 57
103 12 3 51
103 12 5 46
103 12 6 51
103 12 7 53
103 12 10 56
103 12 11 55
103 13 0 43
103 13 1 45
103 13 2 47
103 13 4 42
103 13 5 45
103 13 6 43
103 13 7 44
103 13 9 51
104 7 0 39
104 7 2 33
104 7 4 37
104 7 5 38
104 7 7 34
104 7 8 39
104 7 10 33
104 7 11 39
104 11 1 28
104 11 2 30
104 11 5 33
104 11 6 33
104 11 7 33
104 11 9 33
104 11 10 30
104 11 11 27
105 4 0 62
105 4 1 64
105 4 3 58
105 4 4 53
105 4 5 58
105 4 6 60
105 4 10 63
105 4 11 62
105 10 1 55
105 10 2 57
105 10 4 67
105 10 5 60
105 10 6 67
105 10 7 67
105 10 9 64
105 10 10 61
105 12 0 78
105 12 1 66
105 12 3 73
105 12 5 75
105 12 6 68
105 12 7 78
105 12 10 65
105 12 11 77
106 1 0 60
106 1 3 62
106 1 4 56
106 1 5 51
106 1 6 56
106 1 7 58
106 1 10 61
106 1 11 60
106 13 0 62
106 13 1 64
106 13 2 58
106 13 4 53
106 13 5 58
106 13 6 60
106 13 7 63
106 13 9 62
107 0 0 39
107 0 3 33
107 0 5 37
107 0 6 38
107 0 7 34
107 0 9 39
107 0 10 33
107 0 11 39
107 2 1 28
107 2 2 30
107 2 4 33
107 2 5 33
107 2 7 33
107 2 9 33
107 2 10 30
107 2 11 27
107 3 3 37
107 3 4 31
107 3 5 35
107 3 6 36
107 3 8 32
107 3 9 37
107 3 10 31
107 3 11 37
107 7 0 38
107 7 2 32
107 7 4 36
107 7 5 37
107 7 7 33
107 7 8 38
107 7 10 32
107 7 11 38
107 12 0 34
107 12 1 28
107 12 3 32
107 12 5 33
107 12 6 29
107 12 7 34
107 12 10 28
107 12 11 34
108 3 3 54
108 3 4 57
108 3 5 62
108 3 6 66
108 3 8 54
108 3 9 62
108 3 10 65
108 3 11 63
108 7 0 56
108 7 2 58
108 7 4 68
108 7 5 61
108 7 7 68
108 7 8 68
108 7 10 65
108 7 11 62
108 10 1 79
108 10 2 67
108 10 4 74
108 10 5 76
108 10 6 69
108 10 7 79
108 10 9 66
108 10 10 78
109 0 0 28
109 0 3 30
109 0 5 30
109 0 6 25
109 0 7 30
109 0 9 26
109 0 10 29
109 0 11 28
109 5 0 28
109 5 1 30
109 5 2 33
109 5 4 33
109 5 5 33
109 5 9 33
109 5 10 30
109 5 11 27
110 6 0 40
110 6 1 34
110 6 2 38
110 6 4 39
110 6 6 35
110 6 7 40
110 6 8 34
110 6 9 40
110 7 0 34
110 7 2 28
110 7 4 32
110 7 5 33
110 7 7 29
110 7 8 34
110 7 10 28
110 7 11 34
110 13 0 38
110 13 1 32
110 13 2 36
110 13 4 37
110 13 5 33
110 13 6 38
110 13 7 32
110 13 9 38
111 1 0 17
111 1 3 14
111 1 4 16
111 1 5 17
111 1 6 15
111 1 7 17
111 1 10 14
111 1 11 17
111 5 0 14
111 5 1 11
111 5 2 13
111 5 4 14
111 5 5 12
111 5 9 14
111 5 10 11
111 5 11 14
111 10 1 16
111 10 2 13
111 10 4 15
111 10 5 16
111 10 6 14
111 10 7 16
111 10 9 13
111 10 10 16
111 13 0 17
111 13 1 14
111 13 2 16
111 13 4 17
111 13 5 15
111 13 6 17
111 13 7 14
111 13 9 17
111 14 1 15
111 14 2 12
111 14 3 14
111 14 4 15
111 14 5 13
111 14 7 15
111 14 9 12
111 14 10 15
112 5 0 28
112 5 1 30
112 5 2 30
112 5 4 25
112 5 5 30
112 5 9 26
112 5 10 29
112 5 11 28
112 8 0 28
112 8 2 30
112 8 4 33
112 8 5 33
112 8 6 33
112 8 8 33
112 8 9 30
112 8 10 27
112 11 1 28
112 11 2 30
112 11 5 33
112 11 6 33
112 11 7 33
112 11 9 33
112 11 10 30
112 11 11 27
112 12 0 25
112 12 1 27
112 12 3 27
112 12 5 22
112 12 6 27
112 12 7 23
112 12 10 26
112 12 11 25
113 1 0 42
113 1 3 41
113 1 4 41
113 1 5 36
113 1 6 44
113 1 7 43
113 1 10 43
113 1 11 42
113 6 0 38
113 6 1 40
113 6 2 42
113 6 4 37
113 6 6 40
113 6 7 38
113 6 8 39
113 6 9 46
113 7 0 40
113 7 2 42
113 7 4 44
113 7 5 39
113 7 7 42
113 7 8 40
113 7 10 41
113 7 11 48
113 9 1 42
113 9 2 36
113 9 3 40
113 9 5 41
113 9 7 37
113 9 9 42
113 9 10 36
113 9 11 42
113 13 0 38
113 13 1 40
113 13 2 42
113 13 4 37
113 13 5 40
113 13 6 38
113 13 7 39
113 13 9 46
114 1 0 88
114 1 3 78
114 1 4 78
114 1 5 73
114 1 6 90
114 1 7 80
114 1 10 89
114 1 11 88
114 2 1 69
114 2 2 71
114 2 4 68
114 2 5 63
114 2 7 71
114 2 9 64
114 2 10 70
114 2 11 72
115 0 0 59
115 0 3 61
115 0 5 55
115 0 6 50
115 0 7 55
115 0 9 57
115 0 10 60
115 0 11 59
115 3 3 61
115 3 4 63
115 3 5 57
115 3 6 52
115 3 8 57
115 3 9 59
115 3 10 62
115 3 11 61
115 8 0 55
115 8 2 57
115 8 4 51
115 8 5 46
115 8 6 51
115 8 8 53
115 8 9 56
115 8 10 55
115 10 1 43
115 10 2 45
115 10 4 47
115 10 5 42
115 10 6 45
115 10 7 43
115 10 9 44
115 10 10 51
115 11 1 55
115 11 2 57
115 11 5 51
115 11 6 46
115 11 7 51
115 11 9 53
115 11 10 56
115 11 11 55
116 4 0 89
116 4 1 79
116 4 3 79
116 4 4 74
116 4 5 91
116 4 6 81
116 4 10 90
116 4 11 89
116 8 0 78
116 8 2 66
116 8 4 73
116 8 5 75
116 8 6 68
116 8 8 78
116 8 9 65
116 8 10 77
116 10 1 85
116 10 2 73
116 10 4 80
116 10 5 82
116 10 6 75
116 10 7 85
116 10 9 72
116 10 10 84
116 12 0 83
116 12 1 83
116 12 3 74
116 12 5 84
116 12 6 82
116 12 7 84
116 12 10 74
116 12 11 76
116 13 0 80
116 13 1 68
116 13 2 75
116 13 4 77
116 13 5 70
116 13 6 80
116 13 7 67
116 13 9 79
117 2 1 19
117 2 2 16
117 2 4 18
117 2 5 19
117 2 7 17
117 2 9 19
117 2 10 16
117 2 11 19
117 6 0 16
117 6 1 13
117 6 2 15
117 6 4 16
117 6 6 14
117 6 7 16
117 6 8 13
117 6 9 16
118 0 0 58
118 0 3 60
118 0 5 54
118 0 6 49
118 0 7 54
118 0 9 56
118 0 10 59
118 0 11 58
118 2 1 60
118 2 2 62
118 2 4 56
118 2 5 51
118 2 7 56
118 2 9 58
118 2 10 61
118 2 11 60
118 13 0 54
118 13 1 56
118 13 2 50
118 13 4 45
118 13 5 50
118 13 6 52
118 13 7 55
118 13 9 54
118 14 1 42
118 14 2 44
118 14 3 46
118 14 4 41
118 14 5 44
118 14 7 42
118 14 9 43
118 14 10 50
119 6 0 40
119 6 1 42
119 6 2 44
119 6 4 39
119 6 6 42
119 6 7 40
119 6 8 41
119 6 9 48
119 11 1 42
119 11 2 44
119 11 5 46
119 11 6 41
119 11 7 44
119 11 9 42
119 11 10 43
119 11 11 50
120 1 0 38
120 1 3 32
120 1 4 36
120 1 5 37
120 1 6 33
120 1 7 38
120 1 10 32
120 1 11 38
120 3 3 29
120 3 4 31
120 3 5 31
120 3 6 26
120 3 8 31
120 3 9 27
120 3 10 30
120 3 11 29
120 5 0 36
120 5 1 30
120 5 2 34
120 5 4 35
120 5 5 31
120 5 9 36
120 5 10 30
120 5 11 36
120 14 1 37
120 14 2 31
120 14 3 35
120 14 4 36
120 14 5 32
120 14 7 37
120 14 9 31
120 14 10 37
121 1 0 92
121 1 3 82
121 1 4 82
121 1 5 77
121 1 6 94
121 1 7 84
121 1 10 93
121 1 11 92
121 3 3 94
121 3 4 84
121 3 5 84
121 3 6 79
121 3 8 96
121 3 9 86
121 3 10 95
121 3 11 94
121 5 0 96
121 5 1 91
121 5 2 93
121 5 4 87
121 5 5 93
121 5 9 82
121 5 10 89
121 5 11 97
121 13 0 91
121 13 1 81
121 13 2 81
121 13 4 76
121 13 5 93
121 13 6 83
121 13 7 92
121 13 9 91
121 14 1 89
121 14 2 91
121 14 3 93
121 14 4 88
121 14 5 101
121 14 7 99
121 14 9 90
121 14 10 97
122 0 0 39
122 0 3 41
122 0 5 43
122 0 6 38
122 0 7 41
122 0 9 39
122 0 10 40
122 0 11 47
122 2 1 41
122 2 2 43
122 2 4 45
122 2 5 40
122 2 7 43
122 2 9 41
122 2 10 42
122 2 11 49
122 3 3 43
122 3 4 45
122 3 5 47
122 3 6 42
122 3 8 45
122 3 9 43
122 3 10 44
122 3 11 51
122 5 0 38
122 5 1 40
122 5 2 42
122 5 4 37
122 5 5 40
122 5 9 38
122 5 10 39
122 5 11 46
122 6 0 41
122 6 1 43
122 6 2 45
122 6 4 40
122 6 6 43
122 6 7 41
122 6 8 42
122 6 9 49
123 6 0 83
123 6 1 85
123 6 2 87
123 6 4 82
123 6 6 95
123 6 7 93
123 6 8 84
123 6 9 91
123 7 0 88
123 7 2 78
123 7 4 78
123 7 5 73
123 7 7 90
123 7 8 80
123 7 10 89
123 7 11 88
124 1 0 93
124 1 3 83
124 1 4 83
124 1 5 78
124 1 6 95
124 1 7 85
124 1 10 94
124 1 11 93
124 10 1 95
124 10 2 85
124 10 4 85
124 10 5 80
124 10 6 97
124 10 7 87
124 10 9 96
124 10 10 95
124 12 0 82
124 12 1 84
124 12 3 86
124 12 5 81
124 12 6 94
124 12 7 92
124 12 10 83
124 12 11 90
124 14 1 92
124 14 2 82
124 14 3 82
124 14 4 77
124 14 5 94
124 14 7 84
124 14 9 93
124 14 10 92
125 3 3 96
125 3 4 91
125 3 5 93
125 3 6 87
125 3 8 93
125 3 9 82
125 3 10 89
125 3 11 97
125 6 0 83
125 6 1 85
125 6 2 87
125 6 4 82
125 6 6 95
125 6 7 93
125 6 8 84
125 6 9 91
125 9 1 85
125 9 2 87
125 9 3 89
125 9 5 84
125 9 7 97
125 9 9 95
125 9 10 86
125 9 11 93
126 0 0 42
126 0 3 41
126 0 5 41
126 0 6 36
126 0 7 44
126 0 9 43
126 0 10 43
126 0 11 42
126 1 0 37
126 1 3 31
126 1 4 35
126 1 5 36
126 1 6 32
126 1 7 37
126 1 10 31
126 1 11 37
126 2 1 41
126 2 2 35
126 2 4 39
126 2 5 40
126 2 7 36
126 2 9 41
126 2 10 35
126 2 11 41
126 3 3 42
126 3 4 36
126 3 5 40
126 3 6 41
126 3 8 37
126 3 9 42
126 3 10 36
126 3 11 42
126 14 1 38
126 14 2 32
126 14 3 36
126 14 4 37
126 14 5 33
126 14 7 38
126 14 9 32
126 14 10 38
127 11 1 40
127 11 2 34
127 11 5 38
127 11 6 39
127 11 7 35
127 11 9 40
127 11 10 34
127 11 11 40
127 13 0 42
127 13 1 36
127 13 2 40
127 13 4 41
127 13 5 37
127 13 6 42
127 13 7 36
127 13 9 42
128 2 1 20
128 2 2 17
128 2 4 19
128 2 5 20
128 2 7 18
128 2 9 20
128 2 10 17
128 2 11 20
128 8 0 17
128 8 2 14
128 8 4 16
128 8 5 17
128 8 6 15
128 8 8 17
128 8 9 14
128 8 10 17
128 11 1 19
128 11 2 16
128 11 5 18
128 11 6 19
128 11 7 17
128 11 9 19
128 11 10 16
128 11 11 19
129 3 3 38
129 3 4 32
129 3 5 36
129 3 6 37
129 3 8 33
129 3 9 38
129 3 10 32
129 3 11 38
129 5 0 29
129 5 1 31
129 5 2 31
129 5 4 26
129 5 5 31
129 5 9 27
129 5 10 30
129 5 11 29
129 6 0 36
129 6 1 30
129 6 2 34
129 6 4 35
129 6 6 31
129 6 7 36
129 6 8 30
129 6 9 36
129 9 1 37
129 9 2 31
129 9 3 35
129 9 5 36
129 9 7 32
129 9 9 37
129 9 10 31
129 9 11 37
129 14 1 28
129 14 2 30
129 14 3 33
129 14 4 33
129 14 5 33
129 14 7 33
129 14 9 30
129 14 10 27
130 0 0 38
130 0 3 40
130 0 5 42
130 0 6 37
130 0 7 40
130 0 9 38
130 0 10 39
130 0 11 46
130 6 0 39
130 6 1 33
130 6 2 37
130 6 4 38
130 6 6 34
130 6 7 39
130 6 8 33
130 6 9 39
130 8 0 42
130 8 2 41
130 8 4 41
130 8 5 36
130 8 6 44
130 8 8 43
130 8 9 43
130 8 10 42
130 11 1 37
130 11 2 39
130 11 5 41
130 11 6 36
130 11 7 39
130 11 9 37
130 11 10 38
130 11 11 45
131 1 0 19
131 1 3 16
131 1 4 18
131 1 5 19
131 1 6 17
131 1 7 19
131 1 10 16
131 1 11 19
131 4 0 16
131 4 1 13
131 4 3 15
131 4 4 16
131 4 5 14
131 4 6 16
131 4 10 13
131 4 11 16
132 2 1 42
132 2 2 44
132 2 4 46
132 2 5 41
132 2 7 44
132 2 9 42
132 2 10 43
132 2 11 50
132 3 3 56
132 3 4 58
132 3 5 52
132 3 6 47
132 3 8 52
132 3 9 54
132 3 10 57
132 3 11 56
132 9 1 56
132 9 2 58
132 9 3 52
132 9 5 47
132 9 7 52
132 9 9 54
132 9 10 57
132 9 11 56
132 10 1 55
132 10 2 57
132 10 4 51
132 10 5 46
132 10 6 51
132 10 7 53
132 10 9 56
132 10 10 55
132 11 1 55
132 11 2 57
132 11 5 51
132 11 6 46
132 11 7 51
132 11 9 53
132 11 10 56
132 11 11 55
133 0 0 93
133 0 3 83
133 0 5 83
133 0 6 78
133 0 7 95
133 0 9 85
133 0 10 94
133 0 11 93
133 6 0 95
133 6 1 85
133 6 2 85
133 6 4 80
133 6 6 97
133 6 7 87
133 6 8 96
133 6 9 95
133 9 1 82
133 9 2 84
133 9 3 86
133 9 5 81
133 9 7 94
133 9 9 92
133 9 10 83
133 9 11 90
133 12 0 92
133 12 1 82
133 12 3 82
133 12 5 77
133 12 6 94
133 12 7 84
133 12 10 93
133 12 11 92
133 13 0 90
133 13 1 92
133 13 2 94
133 13 4 89
133 13 5 102
133 13 6 100
133 13 7 91
133 13 9 98
134 8 0 9
134 8 2 8
134 8 4 9
134 8 5 9
134 8 6 8
134 8 8 9
134 8 9 8
134 8 10 9
134 9 1 12
134 9 2 9
134 9 3 11
134 9 5 12
134 9 7 10
134 9 9 12
134 9 10 9
134 9 11 12
134 12 0 12
134 12 1 9
134 12 3 11
134 12 5 12
134 12 6 10
134 12 7 12
134 12 10 9
134 12 11 12
135 0 0 39
135 0 3 41
135 0 5 43
135 0 6 38
135 0 7 41
135 0 9 39
135 0 10 40
135 0 11 47
135 2 1 41
135 2 2 43
135 2 4 45
135 2 5 40
135 2 7 43
135 2 9 41
135 2 10 42
135 2 11 49
136 5 0 89
136 5 1 79
136 5 2 79
136 5 4 74
136 5 5 91
136 5 9 81
136 5 10 90
136 5 11 89
136 9 1 89
136 9 2 79
136 9 3 79
136 9 5 74
136 9 7 91
136 9 9 81
136 9 10 90
136 9 11 89
136 13 0 81
136 13 1 69
136 13 2 76
136 13 4 78
136 13 5 71
136 13 6 81
136 13 7 68
136 13 9 80
137 4 0 55
137 4 1 57
137 4 3 67
137 4 4 60
137 4 5 67
137 4 6 67
137 4 10 64
137 4 11 61
137 11 1 57
137 11 2 59
137 11 5 69
137 11 6 62
137 11 7 69
137 11 9 69
137 11 10 66
137 11 11 63
137 13 0 60
137 13 1 62
137 13 2 56
137 13 4 51
137 13 5 56
137 13 6 58
137 13 7 61
137 13 9 60
138 0 0 89
138 0 3 79
138 0 5 79
138 0 6 74
138 0 7 91
138 0 9 81
138 0 10 90
138 0 11 89
138 5 0 78
138 5 1 66
138 5 2 73
138 5 4 75
138 5 5 68
138 5 9 78
138 5 10 65
138 5 11 77
138 8 0 85
138 8 2 73
138 8 4 80
138 8 5 82
138 8 6 75
138 8 8 85
138 8 9 72
138 8 10 84
138 10 1 83
138 10 2 83
138 10 4 74
138 10 5 84
138 10 6 82
138 10 7 84
138 10 9 74
138 10 10 76
138 14 1 80
138 14 2 68
138 14 3 75
138 14 4 77
138 14 5 70
138 14 7 80
138 14 9 67
138 14 10 79
139 1 0 16
139 1 3 13
139 1 4 15
139 1 5 16
139 1 6 14
139 1 7 16
139 1 10 13
139 1 11 16
139 4 0 13
139 4 1 10
139 4 3 12
139 4 4 13
139 4 5 11
139 4 6 13
139 4 10 10
139 4 11 13
140 5 0 41
140 5 1 35
140 5 2 39
140 5 4 40
140 5 5 36
140 5 9 41
140 5 10 35
140 5 11 41
140 8 0 42
140 8 2 41
140 8 4 41
140 8 5 36
140 8 6 44
140 8 8 43
140 8 9 43
140 8 10 42
140 12 0 38
140 12 1 40
140 12 3 42
140 12 5 37
140 12 6 40
140 12 7 38
140 12 10 39
140 12 11 46
140 13 0 40
140 13 1 34
140 13 2 38
140 13 4 39
140 13 5 35
140 13 6 40
140 13 7 34
140 13 9 40
141 2 1 57
141 2 2 59
141 2 4 53
141 2 5 48
141 2 7 53
141 2 9 55
141 2 10 58
141 2 11 57
141 6 0 59
141 6 1 61
141 6 2 55
141 6 4 50
141 6 6 55
141 6 7 57
141 6 8 60
141 6 9 59
141 10 1 46
141 10 2 53
141 10 4 53
141 10 5 52
141 10 6 52
141 10 7 51
141 10 9 51
141 10 10 45
141 11 1 41
141 11 2 43
141 11 5 45
141 11 6 40
141 11 7 43
141 11 9 41
141 11 10 42
141 11 11 49
142 0 0 61
142 0 3 63
142 0 5 57
142 0 6 52
142 0 7 57
142 0 9 59
142 0 10 62
142 0 11 61
142 2 1 54
142 2 2 57
142 2 4 62
142 2 5 66
142 2 7 54
142 2 9 62
142 2 10 65
142 2 11 63
142 11 1 57
142 11 2 59
142 11 5 53
142 11 6 48
142 11 7 53
142 11 9 55
142 11 10 58
142 11 11 57
143 2 1 93
143 2 2 83
143 2 4 83
143 2 5 78
143 2 7 95
143 2 9 85
143 2 10 94
143 2 11 93
143 6 0 84
143 6 1 72
143 6 2 79
143 6 4 81
143 6 6 74
143 6 7 84
143 6 8 71
143 6 9 83
143 10 1 84
143 10 2 72
143 10 4 79
143 10 5 81
143 10 6 74
143 10 7 84
143 10 9 71
143 10 10 83
143 11 1 79
143 11 2 67
143 11 5 74
143 11 6 76
143 11 7 69
143 11 9 79
143 11 10 66
143 11 11 78
144 2 1 83
144 2 2 83
144 2 4 74
144 2 5 84
144 2 7 82
144 2 9 84
144 2 10 74
144 2 11 76
144 4 0 62
144 4 1 64
144 4 3 74
144 4 4 67
144 4 5 74
144 4 6 74
144 4 10 71
144 4 11 68
144 5 0 82
144 5 1 70
144 5 2 77
144 5 4 79
144 5 5 72
144 5 9 82
144 5 10 69
144 5 11 81
145 4 0 58
145 4 1 60
145 4 3 54
145 4 4 49
145 4 5 54
145 4 6 56
145 4 10 59
145 4 11 58
145 13 0 60
145 13 1 62
145 13 2 56
145 13 4 51
145 13 5 56
145 13 6 58
145 13 7 61
145 13 9 60
145 14 1 61
145 14 2 63
145 14 3 73
145 14 4 66
145 14 5 73
145 14 7 73
145 14 9 70
145 14 10 67
146 8 0 27
146 8 2 29
146 8 4 29
146 8 5 24
146 8 6 29
146 8 8 25
146 8 9 28
146 8 10 27
146 14 1 29
146 14 2 31
146 14 3 31
146 14 4 26
146 14 5 31
146 14 7 27
146 14 9 30
146 14 10 29
147 5 0 96
147 5 1 91
147 5 2 93
147 5 4 87
147 5 5 93
147 5 9 82
147 5 10 89
147 5 11 97
147 7 0 83
147 7 2 85
147 7 4 87
147 7 5 82
147 7 7 95
147 7 8 93
147 7 10 84
147 7 11 91
148 2 1 93
148 2 2 83
148 2 4 83
148 2 5 78
148 2 7 95
148 2 9 85
148 2 10 94
148 2 11 93
148 7 0 95
148 7 2 85
148 7 4 85
148 7 5 80
148 7 7 97
148 7 8 87
148 7 10 96
148 7 11 95
149 4 0 42
149 4 1 36
149 4 3 40
149 4 4 41
149 4 5 37
149 4 6 42
149 4 10 36
149 4 11 42
149 8 0 36
149 8 2 30
149 8 4 34
149 8 5 35
149 8 6 31
149 8 8 36
149 8 9 30
149 8 10 36
149 13 0 40
149 13 1 34
149 13 2 38
149 13 4 39
149 13 5 35
149 13 6 40
149 13 7 34
149 13 9 40
150 0 0 90
150 0 3 80
150 0 5 80
150 0 6 75
150 0 7 92
150 0 9 82
150 0 10 91
150 0 11 90
150 2 1 79
150 2 2 67
150 2 4 74
150 2 5 76
150 2 7 69
150 2 9 79
150 2 10 66
150 2 11 78
150 12 0 86
150 12 1 74
150 12 3 81
150 12 5 83
150 12 6 76
150 12 7 86
150 12 10 73
150 12 11 85
151 5 0 82
151 5 1 84
151 5 2 86
151 5 4 81
151 5 5 94
151 5 9 92
151 5 10 83
151 5 11 90
151 9 1 87
151 9 2 77
151 9 3 77
151 9 5 72
151 9 7 89
151 9 9 79
151 9 10 88
151 9 11 87
152 0 0 19
152 0 3 21
152 0 5 18
152 0 6 18
152 0 7 21
152 0 9 19
152 0 10 20
152 0 11 22
152 8 0 18
152 8 2 15
152 8 4 17
152 8 5 18
152 8 6 16
152 8 8 18
152 8 9 15
152 8 10 18
152 10 1 20
152 10 2 17
152 10 4 19
152 10 5 20
152 10 6 18
152 10 7 20
152 10 9 17
152 10 10 20
153 1 0 29
153 1 3 31
153 1 4 31
153 1 5 26
153 1 6 31
153 1 7 27
153 1 10 30
153 1 11 29
153 5 0 34
153 5 1 28
153 5 2 32
153 5 4 33
153 5 5 29
153 5 9 34
153 5 10 28
153 5 11 34
153 6 0 34
153 6 1 28
153 6 2 32
153 6 4 33
153 6 6 29
153 6 7 34
153 6 8 28
153 6 9 34
153 11 1 26
153 11 2 28
153 11 5 28
153 11 6 23
153 11 7 28
153 11 9 24
153 11 10 27
153 11 11 26
153 14 1 34
153 14 2 28
153 14 3 32
153 14 4 33
153 14 5 29
153 14 7 34
153 14 9 28
153 14 10 34
154 3 3 39
154 3 4 33
154 3 5 37
154 3 6 38
154 3 8 34
154 3 9 39
154 3 10 33
154 3 11 39
154 6 0 28
154 6 1 30
154 6 2 33
154 6 4 33
154 6 6 33
154 6 7 33
154 6 8 30
154 6 9 27
154 8 0 37
154 8 2 31
154 8 4 35
154 8 5 36
154 8 6 32
154 8 8 37
154 8 9 31
154 8 10 37
154 11 1 38
154 11 2 32
154 11 5 36
154 11 6 37
154 11 7 33
154 11 9 38
154 11 10 32
154 11 11 38
154 14 1 34
154 14 2 28
154 14 3 32
154 14 4 33
154 14 5 29
154 14 7 34
154 14 9 28
154 14 10 34
155 3 3 27
155 3 4 29
155 3 5 29
155 3 6 24
155 3 8 29
155 3 9 25
155 3 10 28
155 3 11 27
155 4 0 29
155 4 1 31
155 4 3 31
155 4 4 26
155 4 5 31
155 4 6 27
155 4 10 30
155 4 11 29
155 10 1 29
155 10 2 31
155 10 4 31
155 10 5 26
155 10 6 31
155 10 7 27
155 10 9 30
155 10 10 29
155 13 0 24
155 13 1 26
155 13 2 26
155 13 4 21
155 13 5 26
155 13 6 22
155 13 7 25
155 13 9 24
156 2 1 89
156 2 2 79
156 2 4 79
156 2 5 74
156 2 7 91
156 2 9 81
156 2 10 90
156 2 11 89
156 11 1 89
156 11 2 79
156 11 5 79
156 11 6 74
156 11 7 91
156 11 9 81
156 11 10 90
156 11 11 89
157 4 0 42
157 4 1 44
157 4 3 46
157 4 4 41
157 4 5 44
157 4 6 42
157 4 10 43
157 4 11 50
157 11 1 56
157 11 2 58
157 11 5 52
157 11 6 47
157 11 7 52
157 11 9 54
157 11 10 57
157 11 11 56
158 1 0 92
158 1 3 82
158 1 4 82
158 1 5 77
158 1 6 94
158 1 7 84
158 1 10 93
158 1 11 92
158 4 0 81
158 4 1 69
158 4 3 76
158 4 4 78
158 4 5 71
158 4 6 81
158 4 10 68
158 4 11 80
158 6 0 87
158 6 1 77
158 6 2 77
158 6 4 72
158 6 6 89
158 6 7 79
158 6 8 88
158 6 9 87
158 12 0 89
158 12 1 79
158 12 3 79
158 12 5 74
158 12 6 91
158 12 7 81
158 12 10 90
158 12 11 89
159 3 3 42
159 3 4 41
159 3 5 41
159 3 6 36
159 3 8 44
159 3 9 43
159 3 10 43
159 3 11 42
159 4 0 37
159 4 1 31
159 4 3 35
159 4 4 36
159 4 5 32
159 4 6 37
159 4 10 31
159 4 11 37
159 11 1 41
159 11 2 35
159 11 5 39
159 11 6 40
159 11 7 36
159 11 9 41
159 11 10 35
159 11 11 41
159 12 0 42
159 12 1 36
159 12 3 40
159 12 5 41
159 12 6 37
159 12 7 42
159 12 10 36
159 12 11 42
160 1 0 55
160 1 3 57
160 1 4 67
160 1 5 60
160 1 6 67
160 1 7 67
160 1 10 64
160 1 11 61
160 4 0 57
160 4 1 59
160 4 3 69
160 4 4 62
160 4 5 69
160 4 6 69
160 4 10 66
160 4 11 63
160 14 1 80
160 14 2 68
160 14 3 75
160 14 4 77
160 14 5 70
160 14 7 80
160 14 9 67
160 14 10 79
161 2 1 87
161 2 2 89
161 2 4 91
161 2 5 86
161 2 7 99
161 2 9 97
161 2 10 88
161 2 11 95
161 6 0 82
161 6 1 84
161 6 2 86
161 6 4 81
161 6 6 94
161 6 7 92
161 6 8 83
161 6 9 90
161 8 0 84
161 8 2 86
161 8 4 88
161 8 5 83
161 8 6 96
161 8 8 94
161 8 9 85
161 8 10 92
161 10 1 93
161 10 2 83
161 10 4 83
161 10 5 78
161 10 6 95
161 10 7 85
161 10 9 94
161 10 10 93
161 14 1 84
161 14 2 86
161 14 3 88
161 14 4 83
161 14 5 96
161 14 7 94
161 14 9 85
161 14 10 92
162 1 0 96
162 1 3 91
162 1 4 93
162 1 5 87
162 1 6 93
162 1 7 82
162 1 10 89
162 1 11 97
162 2 1 83
162 2 2 83
162 2 4 74
162 2 5 84
162 2 7 82
162 2 9 84
162 2 10 74
162 2 11 76
162 11 1 83
162 11 2 83
162 11 5 74
162 11 6 84
162 11 7 82
162 11 9 84
162 11 10 74
162 11 11 76
162 13 0 82
162 13 1 70
162 13 2 77
162 13 4 79
162 13 5 72
162 13 6 82
162 13 7 69
162 13 9 81
163 2 1 57
163 2 2 59
163 2 4 69
163 2 5 62
163 2 7 69
163 2 9 69
163 2 10 66
163 2 11 63
163 6 0 59
163 6 1 61
163 6 2 71
163 6 4 64
163 6 6 71
163 6 7 71
163 6 8 68
163 6 9 65
163 7 0 82
163 7 2 70
163 7 4 77
163 7 5 79
163 7 7 72
163 7 8 82
163 7 10 69
163 7 11 81
163 13 0 62
163 13 1 64
163 13 2 74
163 13 4 67
163 13 5 74
163 13 6 74
163 13 7 71
163 13 9 68
164 3 3 94
164 3 4 84
164 3 5 84
164 3 6 79
164 3 8 96
164 3 9 86
164 3 10 95
164 3 11 94
164 8 0 96
164 8 2 91
164 8 4 93
164 8 5 87
164 8 6 93
164 8 8 82
164 8 9 89
164 8 10 97
164 12 0 83
164 12 1 85
164 12 3 87
164 12 5 82
164 12 6 95
164 12 7 93
164 12 10 84
164 12 11 91
165 0 0 24
165 0 3 26
165 0 5 26
165 0 6 21
165 0 7 26
165 0 9 22
165 0 10 25
165 0 11 24
165 8 0 26
165 8 2 28
165 8 4 28
165 8 5 23
165 8 6 28
165 8 8 24
165 8 9 27
165 8 10 26
165 10 1 26
165 10 2 28
165 10 4 28
165 10 5 23
165 10 6 28
165 10 7 24
165 10 9 27
165 10 10 26
165 13 0 21
165 13 1 23
165 13 2 23
165 13 4 18
165 13 5 23
165 13 6 19
165 13 7 22
165 13 9 21
166 8 0 38
166 8 2 32
166 8 4 36
166 8 5 37
166 8 6 33
166 8 8 38
166 8 9 32
166 8 10 38
166 9 1 29
166 9 2 31
166 9 3 31
166 9 5 26
166 9 7 31
166 9 9 27
166 9 10 30
166 9 11 29
166 12 0 36
166 12 1 30
166 12 3 34
166 12 5 35
166 12 6 31
166 12 7 36
166 12 10 30
166 12 11 36
167 0 0 9
167 0 3 8
167 0 5 9
167 0 6 9
167 0 7 8
167 0 9 9
167 0 10 8
167 0 11 9
167 4 0 12
167 4 1 9
167 4 3 11
167 4 4 12
167 4 5 10
167 4 6 12
167 4 10 9
167 4 11 12
167 7 0 12
167 7 2 9
167 7 4 11
167 7 5 12
167 7 7 10
167 7 8 12
167 7 10 9
167 7 11 12
168 3 3 85
168 3 4 73
168 3 5 80
168 3 6 82
168 3 8 75
168 3 9 85
168 3 10 72
168 3 11 84
168 6 0 60
168 6 1 62
168 6 2 72
168 6 4 65
168 6 6 72
168 6 7 72
168 6 8 69
168 6 9 66
168 8 0 80
168 8 2 68
168 8 4 75
168 8 5 77
168 8 6 70
168 8 8 80
168 8 9 67
168 8 10 79
168 9 1 82
168 9 2 70
168 9 3 77
168 9 5 79
168 9 7 72
168 9 9 82
168 9 10 69
168 9 11 81
168 12 0 62
168 12 1 64
168 12 3 74
168 12 5 67
168 12 6 74
168 12 7 74
168 12 10 71
168 12 11 68
169 2 1 96
169 2 2 91
169 2 4 93
169 2 5 87
169 2 7 93
169 2 9 82
169 2 10 89
169 2 11 97
169 10 1 83
169 10 2 83
169 10 4 74
169 10 5 84
169 10 6 82
169 10 7 84
169 10 9 74
169 10 10 76
170 2 1 20
170 2 2 17
170 2 4 19
170 2 5 20
170 2 7 18
170 2 9 20
170 2 10 17
170 2 11 20
170 8 0 21
170 8 2 23
170 8 4 23
170 8 5 18
170 8 6 23
170 8 8 19
170 8 9 22
170 8 10 21
170 12 0 19
170 12 1 16
170 12 3 18
170 12 5 19
170 12 6 17
170 12 7 19
170 12 10 16
170 12 11 19
170 13 0 19
170 13 1 16
170 13 2 18
170 13 4 19
170 13 5 17
170 13 6 19
170 13 7 16
170 13 9 19
170 14 1 21
170 14 2 23
170 14 3 23
170 14 4 18
170 14 5 23
170 14 7 19
170 14 9 22
170 14 10 21
171 0 0 38
171 0 3 40
171 0 5 42
171 0 6 37
171 0 7 40
171 0 9 38
171 0 10 39
171 0 11 46
171 5 0 37
171 5 1 39
171 5 2 41
171 5 4 36
171 5 5 39
171 5 9 37
171 5 10 38
171 5 11 45
171 6 0 37
171 6 1 39
171 6 2 41
171 6 4 36
171 6 6 39
171 6 7 37
171 6 8 38
171 6 9 45
172 0 0 18
172 0 3 15
172 0 5 17
172 0 6 18
172 0 7 16
172 0 9 18
172 0 10 15
172 0 11 18
172 2 1 15
172 2 2 12
172 2 4 14
172 2 5 15
172 2 7 13
172 2 9 15
172 2 10 12
172 2 11 15
172 6 0 17
172 6 1 14
172 6 2 16
172 6 4 17
172 6 6 15
172 6 7 17
172 6 8 14
172 6 9 17
172 11 1 18
172 11 2 15
172 11 5 17
172 11 6 18
172 11 7 16
172 11 9 18
172 11 10 15
172 11 11 18
173 2 1 39
173 2 2 33
173 2 4 37
173 2 5 38
173 2 7 34
173 2 9 39
173 2 10 33
173 2 11 39
173 5 0 28
173 5 1 30
173 5 2 33
173 5 4 33
173 5 5 33
173 5 9 33
173 5 10 30
173 5 11 27
173 11 1 37
173 11 2 31
173 11 5 35
173 11 6 36
173 11 7 32
173 11 9 37
173 11 10 31
173 11 11 37
173 12 0 38
173 12 1 32
173 12 3 36
173 12 5 37
173 12 6 33
173 12 7 38
173 12 10 32
173 12 11 38
173 13 0 34
173 13 1 28
173 13 2 32
173 13 4 33
173 13 5 29
173 13 6 34
173 13 7 28
173 13 9 34
174 1 0 42
174 1 3 41
174 1 4 41
174 1 5 36
174 1 6 44
174 1 7 43
174 1 10 43
174 1 11 42
174 8 0 37
174 8 2 31
174 8 4 35
174 8 5 36
174 8 6 32
174 8 8 37
174 8 9 31
174 8 10 37
175 2 1 60
175 2 2 62
175 2 4 56
175 2 5 51
175 2 7 56
175 2 9 58
175 2 10 61
175 2 11 60
175 3 3 62
175 3 4 64
175 3 5 58
175 3 6 53
175 3 8 58
175 3 9 60
175 3 10 63
175 3 11 62
175 5 0 56
175 5 1 58
175 5 2 52
175 5 4 47
175 5 5 52
175 5 9 54
175 5 10 57
175 5 11 56
175 6 0 44
175 6 1 46
175 6 2 48
175 6 4 43
175 6 6 46
175 6 7 44
175 6 8 45
175 6 9 52
176 0 0 26
176 0 3 28
176 0 5 28
176 0 6 23
176 0 7 28
176 0 9 24
176 0 10 27
176 0 11 26
176 1 0 28
176 1 3 30
176 1 4 30
176 1 5 25
176 1 6 30
176 1 7 26
176 1 10 29
176 1 11 28
176 5 0 28
176 5 1 30
176 5 2 30
176 5 4 25
176 5 5 30
176 5 9 26
176 5 10 29
176 5 11 28
176 9 1 23
176 9 2 25
176 9 3 25
176 9 5 20
176 9 7 25
176 9 9 21
176 9 10 24
176 9 11 23
176 10 1 28
176 10 2 30
176 10 4 30
176 10 5 25
176 10 6 30
176 10 7 26
176 10 9 29
176 10 10 28
177 2 1 22
177 2 2 24
177 2 4 24
177 2 5 19
177 2 7 24
177 2 9 20
177 2 10 23
177 2 11 22
177 5 0 24
177 5 1 26
177 5 2 26
177 5 4 21
177 5 5 26
177 5 9 22
177 5 10 25
177 5 11 24
177 6 0 24
177 6 1 26
177 6 2 26
177 6 4 21
177 6 6 26
177 6 7 22
177 6 8 25
177 6 9 24
177 10 1 20
177 10 2 17
177 10 4 19
177 10 5 20
177 10 6 18
177 10 7 20
177 10 9 17
177 10 10 20
178 2 1 38
178 2 2 40
178 2 4 42
178 2 5 37
178 2 7 40
178 2 9 38
178 2 10 39
178 2 11 46
178 4 0 37
178 4 1 39
178 4 3 41
178 4 4 36
178 4 5 39
178 4 6 37
178 4 10 38
178 4 11 45
178 10 1 37
178 10 2 39
178 10 4 41
178 10 5 36
178 10 6 39
178 10 7 37
178 10 9 38
178 10 10 45
179 0 0 61
179 0 3 63
179 0 5 57
179 0 6 52
179 0 7 57
179 0 9 59
179 0 10 62
179 0 11 61
179 1 0 54
179 1 3 57
179 1 4 62
179 1 5 66
179 1 6 54
179 1 7 62
179 1 10 65
179 1 11 63
179 4 0 69
179 4 1 71
179 4 3 68
179 4 4 63
179 4 5 71
179 4 6 64
179 4 10 70
179 4 11 72
180 3 3 22
180 3 4 24
180 3 5 24
180 3 6 19
180 3 8 24
180 3 9 20
180 3 10 23
180 3 11 22
180 9 1 24
180 9 2 26
180 9 3 26
180 9 5 21
180 9 7 26
180 9 9 22
180 9 10 25
180 9 11 24
181 0 0 15
181 0 3 12
181 0 5 14
181 0 6 15
181 0 7 13
181 0 9 15
181 0 10 12
181 0 11 15
181 5 0 12
181 5 1 9
181 5 2 11
181 5 4 12
181 5 5 10
181 5 9 12
181 5 10 9
181 5 11 12
181 7 0 14
181 7 2 11
181 7 4 13
181 7 5 14
181 7 7 12
181 7 8 14
181 7 10 11
181 7 11 14
181 12 0 15
181 12 1 12
181 12 3 14
181 12 5 15
181 12 6 13
181 12 7 15
181 12 10 12
181 12 11 15
181 13 0 13
181 13 1 10
181 13 2 12
181 13 4 13
181 13 5 11
181 13 6 13
181 13 7 10
181 13 9 13
182 1 0 41
182 1 3 43
182 1 4 45
182 1 5 40
182 1 6 43
182 1 7 41
182 1 10 42
182 1 11 49
182 8 0 43
182 8 2 45
182 8 4 47
182 8 5 42
182 8 6 45
182 8 8 43
182 8 9 44
182 8 10 51
182 12 0 45
182 12 1 47
182 12 3 49
182 12 5 44
182 12 6 47
182 12 7 45
182 12 10 46
182 12 11 53
182 13 0 40
182 13 1 42
182 13 2 44
182 13 4 39
182 13 5 42
182 13 6 40
182 13 7 41
182 13 9 48
183 4 0 93
183 4 1 83
183 4 3 83
183 4 4 78
183 4 5 95
183 4 6 85
183 4 10 94
183 4 11 93
183 8 0 84
183 8 2 72
183 8 4 79
183 8 5 81
183 8 6 74
183 8 8 84
183 8 9 71
183 8 10 83
183 9 1 84
183 9 2 72
183 9 3 79
183 9 5 81
183 9 7 74
183 9 9 84
183 9 10 71
183 9 11 83
183 11 1 79
183 11 2 67
183 11 5 74
183 11 6 76
183 11 7 69
183 11 9 79
183 11 10 66
183 11 11 78
183 14 1 95
183 14 2 85
183 14 3 85
183 14 4 80
183 14 5 97
183 14 7 87
183 14 9 96
183 14 10 95
184 0 0 25
184 0 3 27
184 0 5 27
184 0 6 22
184 0 7 27
184 0 9 23
184 0 10 26
184 0 11 25
184 8 0 27
184 8 2 29
184 8 4 29
184 8 5 24
184 8 6 29
184 8 8 25
184 8 9 28
184 8 10 27
185 9 1 54
185 9 2 57
185 9 3 62
185 9 5 66
185 9 7 54
185 9 9 62
185 9 10 65
185 9 11 63
185 10 1 56
185 10 2 58
185 10 4 68
185 10 5 61
185 10 6 68
185 10 7 68
185 10 9 65
185 10 10 62
185 12 0 59
185 12 1 61
185 12 3 55
185 12 5 50
185 12 6 55
185 12 7 57
185 12 10 60
185 12 11 59
186 5 0 42
186 5 1 44
186 5 2 46
186 5 4 41
186 5 5 44
186 5 9 42
186 5 10 43
186 5 11 50
186 7 0 56
186 7 2 58
186 7 4 52
186 7 5 47
186 7 7 52
186 7 8 54
186 7 10 57
186 7 11 56
186 8 0 56
186 8 2 58
186 8 4 52
186 8 5 47
186 8 6 52
186 8 8 54
186 8 9 57
186 8 10 56
187 3 3 9
187 3 4 8
187 3 5 9
187 3 6 9
187 3 8 8
187 3 9 9
187 3 10 8
187 3 11 9
187 9 1 12
187 9 2 9
187 9 3 11
187 9 5 12
187 9 7 10
187 9 9 12
187 9 10 9
187 9 11 12
187 13 0 12
187 13 1 9
187 13 2 11
187 13 4 12
187 13 5 10
187 13 6 12
187 13 7 9
187 13 9 12
188 0 0 96
188 0 3 91
188 0 5 93
188 0 6 87
188 0 7 93
188 0 9 82
188 0 10 89
188 0 11 97
188 1 0 83
188 1 3 85
188 1 4 87
188 1 5 82
188 1 6 95
188 1 7 93
188 1 10 84
188 1 11 91
188 5 0 85
188 5 1 87
188 5 2 89
188 5 4 84
188 5 5 97
188 5 9 95
188 5 10 86
188 5 11 93
188 9 1 95
188 9 2 85
188 9 3 85
188 9 5 80
188 9 7 97
188 9 9 87
188 9 10 96
188 9 11 95
188 13 0 92
188 13 1 110
188 13 2 110
188 13 4 109
188 13 5 98
188 13 6 108
188 13 7 97
188 13 9 102
189 1 0 95
189 1 3 85
189 1 4 85
189 1 5 80
189 1 6 97
189 1 7 87
189 1 10 96
189 1 11 95
189 2 1 86
189 2 2 74
189 2 4 81
189 2 5 83
189 2 7 76
189 2 9 86
189 2 10 73
189 2 11 85
189 7 0 86
189 7 2 74
189 7 4 81
189 7 5 83
189 7 7 76
189 7 8 86
189 7 10 73
189 7 11 85
189 12 0 81
189 12 1 69
189 12 3 76
189 12 5 78
189 12 6 71
189 12 7 81
189 12 10 68
189 12 11 80
189 14 1 82
189 14 2 84
189 14 3 86
189 14 4 81
189 14 5 94
189 14 7 92
189 14 9 83
189 14 10 90
190 8 0 86
190 8 2 74
190 8 4 81
190 8 5 83
190 8 6 76
190 8 8 86
190 8 9 73
190 8 10 85
190 11 1 61
190 11 2 63
190 11 5 73
190 11 6 66
190 11 7 73
190 11 9 73
190 11 10 70
190 11 11 67
191 3 3 85
191 3 4 87
191 3 5 89
191 3 6 84
191 3 8 97
191 3 9 95
191 3 10 86
191 3 11 93
191 7 0 90
191 7 2 80
191 7 4 80
191 7 5 75
191 7 7 92
191 7 8 82
191 7 10 91
191 7 11 90
191 12 0 90
191 12 1 80
191 12 3 80
191 12 5 75
191 12 6 92
191 12 7 82
191 12 10 91
191 12 11 90
192 3 3 41
192 3 4 35
192 3 5 39
192 3 6 40
192 3 8 36
192 3 9 41
192 3 10 35
192 3 11 41
192 5 0 35
192 5 1 29
192 5 2 33
192 5 4 34
192 5 5 30
192 5 9 35
192 5 10 29
192 5 11 35
193 2 1 83
193 2 2 83
193 2 4 74
193 2 5 84
193 2 7 82
193 2 9 84
193 2 10 74
193 2 11 76
193 7 0 62
193 7 2 64
193 7 4 74
193 7 5 67
193 7 7 74
193 7 8 74
193 7 10 71
193 7 11 68
193 11 1 82
193 11 2 70
193 11 5 77
193 11 6 79
193 11 7 72
193 11 9 82
193 11 10 69
193 11 11 81
194 7 0 56
194 7 2 58
194 7 4 68
194 7 5 61
194 7 7 68
194 7 8 68
194 7 10 65
194 7 11 62
194 12 0 58
194 12 1 60
194 12 3 70
194 12 5 63
194 12 6 70
194 12 7 70
194 12 10 67
194 12 11 64
195 0 0 41
195 0 3 35
195 0 5 39
195 0 6 40
195 0 7 36
195 0 9 41
195 0 10 35
195 0 11 41
195 1 0 42
195 1 3 41
195 1 4 41
195 1 5 36
195 1 6 44
195 1 7 43
195 1 10 43
195 1 11 42
195 2 1 38
195 2 2 40
195 2 4 42
195 2 5 37
195 2 7 40
195 2 9 38
195 2 10 39
195 2 11 46
195 3 3 40
195 3 4 34
195 3 5 38
195 3 6 39
195 3 8 35
195 3 9 40
195 3 10 34
195 3 11 40
195 4 0 42
195 4 1 41
195 4 3 41
195 4 4 36
195 4 5 44
195 4 6 43
195 4 10 43
195 4 11 42
196 0 0 38
196 0 3 40
196 0 5 42
196 0 6 37
196 0 7 40
196 0 9 38
196 0 10 39
196 0 11 46
196 2 1 40
196 2 2 42
196 2 4 44
196 2 5 39
196 2 7 42
196 2 9 40
196 2 10 41
196 2 11 48
196 4 0 42
196 4 1 44
196 4 3 46
196 4 4 41
196 4 5 44
196 4 6 42
196 4 10 43
196 4 11 50
196 8 0 37
196 8 2 39
196 8 4 41
196 8 5 36
196 8 6 39
196 8 8 37
196 8 9 38
196 8 10 45
197 0 0 84
197 0 3 86
197 0 5 88
197 0 6 83
197 0 7 96
197 0 9 94
197 0 10 85
197 0 11 92
197 7 0 89
197 7 2 79
197 7 4 79
197 7 5 74
197 7 7 91
197 7 8 81
197 7 10 90
197 7 11 89
198 2 1 61
198 2 2 63
198 2 4 57
198 2 5 52
198 2 7 57
198 2 9 59
198 2 10 62
198 2 11 61
198 3 3 54
198 3 4 57
198 3 5 62
198 3 6 66
198 3 8 54
198 3 9 62
198 3 10 65
198 3 11 63
198 7 0 57
198 7 2 59
198 7 4 53
198 7 5 48
198 7 7 53
198 7 8 55
198 7 10 58
198 7 11 57
198 11 1 45
198 11 2 47
198 11 5 49
198 11 6 44
198 11 7 47
198 11 9 45
198 11 10 46
198 11 11 53
199 2 1 14
199 2 2 11
199 2 4 13
199 2 5 14
199 2 7 12
199 2 9 14
199 2 10 11
199 2 11 14
199 3 3 9
199 3 4 11
199 3 5 11
199 3 6 9
199 3 8 11
199 3 9 10
199 3 10 10
199 3 11 9
199 7 0 13
199 7 2 10
199 7 4 12
199 7 5 13
199 7 7 11
199 7 8 13
199 7 10 10
199 7 11 13
199 12 0 14
199 12 1 11
199 12 3 13
199 12 5 14
199 12 6 12
199 12 7 14
199 12 10 11
199 12 11 14
199 14 1 12
199 14 2 9
199 14 3 11
199 14 4 12
199 14 5 10
199 14 7 12
199 14 9 9
199 14 10 12
200 8 0 82
200 8 2 84
200 8 4 86
200 8 5 81
200 8 6 94
200 8 8 92
200 8 9 83
200 8 10 90
200 13 0 87
200 13 1 77
200 13 2 77
200 13 4 72
200 13 5 89
200 13 6 79
200 13 7 88
200 13 9 87
200 14 1 87
200 14 2 77
200 14 3 77
200 14 4 72
200 14 5 89
200 14 7 79
200 14 9 88
200 14 10 87
201 1 0 58
201 1 3 60
201 1 4 54
201 1 5 49
201 1 6 54
201 1 7 56
201 1 10 59
201 1 11 58
201 4 0 60
201 4 1 62
201 4 3 56
201 4 4 51
201 4 5 56
201 4 6 58
201 4 10 61
201 4 11 60
201 10 1 54
201 10 2 56
201 10 4 50
201 10 5 45
201 10 6 50
201 10 7 52
201 10 9 55
201 10 10 54
202 3 3 25
202 3 4 27
202 3 5 27
202 3 6 22
202 3 8 27
202 3 9 23
202 3 10 26
202 3 11 25
202 9 1 27
202 9 2 29
202 9 3 29
202 9 5 24
202 9 7 29
202 9 9 25
202 9 10 28
202 9 11 27
203 3 3 59
203 3 4 61
203 3 5 55
203 3 6 50
203 3 8 55
203 3 9 57
203 3 10 60
203 3 11 59
203 4 0 61
203 4 1 63
203 4 3 57
203 4 4 52
203 4 5 57
203 4 6 59
203 4 10 62
203 4 11 61
203 6 0 62
203 6 1 64
203 6 2 74
203 6 4 67
203 6 6 74
203 6 7 74
203 6 8 71
203 6 9 68
203 10 1 55
203 10 2 57
203 10 4 67
203 10 5 60
203 10 6 67
203 10 7 67
203 10 9 64
203 10 10 61
203 11 1 62
203 11 2 64
203 11 5 74
203 11 6 67
203 11 7 74
203 11 9 74
203 11 10 71
203 11 11 68
204 1 0 85
204 1 3 73
204 1 4 80
204 1 5 82
204 1 6 75
204 1 7 85
204 1 10 72
204 1 11 84
204 9 1 60
204 9 2 62
204 9 3 72
204 9 5 65
204 9 7 72
204 9 9 72
204 9 10 69
204 9 11 66
204 11 1 80
204 11 2 68
204 11 5 75
204 11 6 77
204 11 7 70
204 11 9 80
204 11 10 67
204 11 11 79
204 12 0 82
204 12 1 70
204 12 3 77
204 12 5 79
204 12 6 72
204 12 7 82
204 12 10 69
204 12 11 81
205 3 3 37
205 3 4 31
205 3 5 35
205 3 6 36
205 3 8 32
205 3 9 37
205 3 10 31
205 3 11 37
205 10 1 28
205 10 2 30
205 10 4 30
205 10 5 25
205 10 6 30
205 10 7 26
205 10 9 29
205 10 10 28
205 13 0 35
205 13 1 29
205 13 2 33
205 13 4 34
205 13 5 30
205 13 6 35
205 13 7 29
205 13 9 35
206 4 0 90
206 4 1 80
206 4 3 80
206 4 4 75
206 4 5 92
206 4 6 82
206 4 10 91
206 4 11 90
206 9 1 92
206 9 2 82
206 9 3 82
206 9 5 77
206 9 7 94
206 9 9 84
206 9 10 93
206 9 11 92
206 13 0 94
206 13 1 84
206 13 2 84
206 13 4 79
206 13 5 96
206 13 6 86
206 13 7 95
206 13 9 94
207 3 3 42
207 3 4 36
207 3 5 40
207 3 6 41
207 3 8 37
207 3 9 42
207 3 10 36
207 3 11 42
207 8 0 37
207 8 2 39
207 8 4 41
207 8 5 36
207 8 6 39
207 8 8 37
207 8 9 38
207 8 10 45
207 9 1 39
207 9 2 41
207 9 3 43
207 9 5 38
207 9 7 41
207 9 9 39
207 9 10 40
207 9 11 47
207 14 1 41
207 14 2 35
207 14 3 39
207 14 4 40
207 14 5 36
207 14 7 41
207 14 9 35
207 14 10 41
208 0 0 16
208 0 3 13
208 0 5 15
208 0 6 16
208 0 7 14
208 0 9 16
208 0 10 13
208 0 11 16
208 2 1 13
208 2 2 10
208 2 4 12
208 2 5 13
208 2 7 11
208 2 9 13
208 2 10 10
208 2 11 13
208 11 1 15
208 11 2 12
208 11 5 14
208 11 6 15
208 11 7 13
208 11 9 15
208 11 10 12
208 11 11 15
208 12 0 16
208 12 1 13
208 12 3 15
208 12 5 16
208 12 6 14
208 12 7 16
208 12 10 13
208 12 11 16
208 13 0 14
208 13 1 11
208 13 2 13
208 13 4 14
208 13 5 12
208 13 6 14
208 13 7 11
208 13 9 14
209 5 0 58
209 5 1 60
209 5 2 54
209 5 4 49
209 5 5 54
209 5 9 56
209 5 10 59
209 5 11 58
209 12 0 60
209 12 1 62
209 12 3 56
209 12 5 51
209 12 6 56
209 12 7 58
209 12 10 61
209 12 11 60
210 0 0 9
210 0 3 8
210 0 5 9
210 0 6 9
210 0 7 8
210 0 9 9
210 0 10 8
210 0 11 9
210 6 0 12
210 6 1 9
210 6 2 11
210 6 4 12
210 6 6 10
210 6 7 12
210 6 8 9
210 6 9 12
210 7 0 12
210 7 2 9
210 7 4 11
210 7 5 12
210 7 7 10
210 7 8 12
210 7 10 9
210 7 11 12
211 8 0 17
211 8 2 14
211 8 4 16
211 8 5 17
211 8 6 15
211 8 8 17
211 8 9 14
211 8 10 17
211 9 1 14
211 9 2 11
211 9 3 13
211 9 5 14
211 9 7 12
211 9 9 14
211 9 10 11
211 9 11 14
211 10 1 16
211 10 2 13
211 10 4 15
211 10 5 16
211 10 6 14
211 10 7 16
211 10 9 13
211 10 10 16
211 14 1 17
211 14 2 14
211 14 3 16
211 14 4 17
211 14 5 15
211 14 7 17
211 14 9 14
211 14 10 17
212 0 0 56
212 0 3 58
212 0 5 68
212 0 6 61
212 0 7 68
212 0 9 68
212 0 10 65
212 0 11 62
212 6 0 58
212 6 1 60
212 6 2 70
212 6 4 63
212 6 6 70
212 6 7 70
212 6 8 67
212 6 9 64
212 7 0 61
212 7 2 63
212 7 4 57
212 7 5 52
212 7 7 57
212 7 8 59
212 7 10 62
212 7 11 61
212 9 1 56
212 9 2 58
212 9 3 52
212 9 5 47
212 9 7 52
212 9 9 54
212 9 10 57
212 9 11 56
212 13 0 61
212 13 1 63
212 13 2 57
212 13 4 52
212 13 5 57
212 13 6 59
212 13 7 62
212 13 9 61
213 0 0 41
213 0 3 35
213 0 5 39
213 0 6 40
213 0 7 36
213 0 9 41
213 0 10 35
213 0 11 41
213 2 1 35
213 2 2 29
213 2 4 33
213 2 5 34
213 2 7 30
213 2 9 35
213 2 10 29
213 2 11 35
213 6 0 39
213 6 1 33
213 6 2 37
213 6 4 38
213 6 6 34
213 6 7 39
213 6 8 33
213 6 9 39
213 8 0 40
213 8 2 34
213 8 4 38
213 8 5 39
213 8 6 35
213 8 8 40
213 8 9 34
213 8 10 40
213 13 0 36
213 13 1 30
213 13 2 34
213 13 4 35
213 13 5 31
213 13 6 36
213 13 7 30
213 13 9 36
214 3 3 93
214 3 4 83
214 3 5 83
214 3 6 78
214 3 8 95
214 3 9 85
214 3 10 94
214 3 11 93
214 4 0 84
214 4 1 72
214 4 3 79
214 4 4 81
214 4 5 74
214 4 6 84
214 4 10 71
214 4 11 83
214 5 0 84
214 5 1 72
214 5 2 79
214 5 4 81
214 5 5 74
214 5 9 84
214 5 10 71
214 5 11 83
215 7 0 39
215 7 2 41
215 7 4 43
215 7 5 38
215 7 7 41
215 7 8 39
215 7 10 40
215 7 11 47
215 14 1 41
215 14 2 43
215 14 3 45
215 14 4 40
215 14 5 43
215 14 7 41
215 14 9 42
215 14 10 49
216 7 0 38
216 7 2 32
216 7 4 36
216 7 5 37
216 7 7 33
216 7 8 38
216 7 10 32
216 7 11 38
216 13 0 29
216 13 1 31
216 13 2 31
216 13 4 26
216 13 5 31
216 13 6 27
216 13 7 30
216 13 9 29
217 0 0 19
217 0 3 21
217 0 5 18
217 0 6 18
217 0 7 21
217 0 9 19
217 0 10 20
217 0 11 22
217 1 0 18
217 1 3 15
217 1 4 17
217 1 5 18
217 1 6 16
217 1 7 18
217 1 10 15
217 1 11 18
217 11 1 20
217 11 2 17
217 11 5 19
217 11 6 20
217 11 7 18
217 11 9 20
217 11 10 17
217 11 11 20
217 13 0 19
217 13 1 21
217 13 2 18
217 13 4 18
217 13 5 21
217 13 6 19
217 13 7 20
217 13 9 22
218 5 0 87
218 5 1 77
218 5 2 77
218 5 4 72
218 5 5 89
218 5 9 79
218 5 10 88
218 5 11 87
218 6 0 63
218 6 1 65
218 6 2 75
218 6 4 68
218 6 6 75
218 6 7 75
218 6 8 72
218 6 9 69
218 12 0 83
218 12 1 71
218 12 3 78
218 12 5 80
218 12 6 73
218 12 7 83
218 12 10 70
218 12 11 82
218 14 1 85
218 14 2 73
218 14 3 80
218 14 4 82
218 14 5 75
218 14 7 85
218 14 9 72
218 14 10 84
219 6 0 94
219 6 1 84
219 6 2 84
219 6 4 79
219 6 6 96
219 6 7 86
219 6 8 95
219 6 9 94
219 11 1 96
219 11 2 91
219 11 5 93
219 11 6 87
219 11 7 93
219 11 9 82
219 11 10 89
219 11 11 97
219 14 1 83
219 14 2 85
219 14 3 87
219 14 4 82
219 14 5 95
219 14 7 93
219 14 9 84
219 14 10 91
220 1 0 88
220 1 3 78
220 1 4 78
220 1 5 73
220 1 6 90
220 1 7 80
220 1 10 89
220 1 11 88
220 6 0 69
220 6 1 71
220 6 2 68
220 6 4 63
220 6 6 71
220 6 7 64
220 6 8 70
220 6 9 72
220 13 0 84
220 13 1 72
220 13 2 79
220 13 4 81
220 13 5 74
220 13 6 84
220 13 7 71
220 13 9 83
221 4 0 84
221 4 1 86
221 4 3 88
221 4 4 83
221 4 5 96
221 4 6 94
221 4 10 85
221 4 11 92
221 7 0 89
221 7 2 79
221 7 4 79
221 7 5 74
221 7 7 91
221 7 8 81
221 7 10 90
221 7 11 89
221 11 1 89
221 11 2 79
221 11 5 79
221 11 6 74
221 11 7 91
221 11 9 81
221 11 10 90
221 11 11 89
222 0 0 54
222 0 3 57
222 0 5 62
222 0 6 66
222 0 7 54
222 0 9 62
222 0 10 65
222 0 11 63
222 3 3 56
222 3 4 58
222 3 5 68
222 3 6 61
222 3 8 68
222 3 9 68
222 3 10 65
222 3 11 62
222 6 0 59
222 6 1 61
222 6 2 55
222 6 4 50
222 6 6 55
222 6 7 57
222 6 8 60
222 6 9 59
222 11 1 54
222 11 2 56
222 11 5 50
222 11 6 45
222 11 7 50
222 11 9 52
222 11 10 55
222 11 11 54
222 13 0 59
222 13 1 61
222 13 2 55
222 13 4 50
222 13 5 55
222 13 6 57
222 13 7 60
222 13 9 59
223 8 0 89
223 8 2 79
223 8 4 79
223 8 5 74
223 8 6 91
223 8 8 81
223 8 9 90
223 8 10 89
223 11 1 91
223 11 2 81
223 11 5 81
223 11 6 76
223 11 7 93
223 11 9 83
223 11 10 92
223 11 11 91
223 12 0 93
223 12 1 83
223 12 3 83
223 12 5 78
223 12 6 95
223 12 7 85
223 12 10 94
223 12 11 93
224 0 0 41
224 0 3 43
224 0 5 45
224 0 6 40
224 0 7 43
224 0 9 41
224 0 10 42
224 0 11 49
224 3 3 43
224 3 4 45
224 3 5 47
224 3 6 42
224 3 8 45
224 3 9 43
224 3 10 44
224 3 11 51
224 8 0 45
224 8 2 47
224 8 4 49
224 8 5 44
224 8 6 47
224 8 8 45
224 8 9 46
224 8 10 53
224 9 1 40
224 9 2 42
224 9 3 44
224 9 5 39
224 9 7 42
224 9 9 40
224 9 10 41
224 9 11 48
225 1 0 60
225 1 3 62
225 1 4 56
225 1 5 51
225 1 6 56
225 1 7 58
225 1 10 61
225 1 11 60
225 12 0 62
225 12 1 64
225 12 3 58
225 12 5 53
225 12 6 58
225 12 7 60
225 12 10 63
225 12 11 62
225 13 0 56
225 13 1 58
225 13 2 52
225 13 4 47
225 13 5 52
225 13 6 54
225 13 7 57
225 13 9 56
226 0 0 61
226 0 3 63
226 0 5 57
226 0 6 52
226 0 7 57
226 0 9 59
226 0 10 62
226 0 11 61
226 3 3 54
226 3 4 57
226 3 5 62
226 3 6 66
226 3 8 54
226 3 9 62
226 3 10 65
226 3 11 63
226 13 0 69
226 13 1 71
226 13 2 68
226 13 4 63
226 13 5 71
226 13 6 64
226 13 7 70
226 13 9 72
227 1 0 96
227 1 3 91
227 1 4 93
227 1 5 87
227 1 6 93
227 1 7 82
227 1 10 89
227 1 11 97
227 6 0 83
227 6 1 83
227 6 2 74
227 6 4 84
227 6 6 82
227 6 7 84
227 6 8 74
227 6 9 76
227 7 0 83
227 7 2 83
227 7 4 74
227 7 5 84
227 7 7 82
227 7 8 84
227 7 10 74
227 7 11 76
227 8 0 82
227 8 2 70
227 8 4 77
227 8 5 79
227 8 6 72
227 8 8 82
227 8 9 69
227 8 10 81
227 9 1 83
227 9 2 85
227 9 3 87
227 9 5 82
227 9 7 95
227 9 9 93
227 9 10 84
227 9 11 91
228 7 0 87
228 7 2 77
228 7 4 77
228 7 5 72
228 7 7 89
228 7 8 79
228 7 10 88
228 7 11 87
228 8 0 63
228 8 2 65
228 8 4 75
228 8 5 68
228 8 6 75
228 8 8 75
228 8 9 72
228 8 10 69
228 10 1 83
228 10 2 71
228 10 4 78
228 10 5 80
228 10 6 73
228 10 7 83
228 10 9 70
228 10 10 82
228 12 0 85
228 12 1 73
228 12 3 80
228 12 5 82
228 12 6 75
228 12 7 85
228 12 10 72
228 12 11 84
228 14 1 78
228 14 2 66
228 14 3 73
228 14 4 75
228 14 5 68
228 14 7 78
228 14 9 65
228 14 10 77
229 0 0 38
229 0 3 40
229 0 5 42
229 0 6 37
229 0 7 40
229 0 9 38
229 0 10 39
229 0 11 46
229 6 0 37
229 6 1 39
229 6 2 41
229 6 4 36
229 6 6 39
229 6 7 37
229 6 8 38
229 6 9 45
229 11 1 37
229 11 2 39
229 11 5 41
229 11 6 36
229 11 7 39
229 11 9 37
229 11 10 38
229 11 11 45
230 2 1 91
230 2 2 81
230 2 4 81
230 2 5 76
230 2 7 93
230 2 9 83
230 2 10 92
230 2 11 91
230 4 0 93
230 4 1 83
230 4 3 83
230 4 4 78
230 4 5 95
230 4 6 85
230 4 10 94
230 4 11 93
230 7 0 95
230 7 2 85
230 7 4 85
230 7 5 80
230 7 7 97
230 7 8 87
230 7 10 96
230 7 11 95
230 11 1 90
230 11 2 80
230 11 5 80
230 11 6 75
230 11 7 92
230 11 9 82
230 11 10 91
230 11 11 90
230 12 0 88
230 12 1 90
230 12 3 92
230 12 5 87
230 12 6 100
230 12 7 98
230 12 10 89
230 12 11 96
231 0 0 88
231 0 3 78
231 0 5 78
231 0 6 73
231 0 7 90
231 0 9 80
231 0 10 89
231 0 11 88
231 3 3 90
231 3 4 80
231 3 5 80
231 3 6 75
231 3 8 92
231 3 9 82
231 3 10 91
231 3 11 90
231 7 0 92
231 7 2 82
231 7 4 82
231 7 5 77
231 7 7 94
231 7 8 84
231 7 10 93
231 7 11 92
231 8 0 87
231 8 2 77
231 8 4 77
231 8 5 72
231 8 6 89
231 8 8 79
231 8 9 88
231 8 10 87
231 10 1 85
231 10 2 87
231 10 4 89
231 10 5 84
231 10 6 97
231 10 7 95
231 10 9 86
231 10 10 93
232 0 0 95
232 0 3 113
232 0 5 113
232 0 6 112
232 0 7 101
232 0 9 111
232 0 10 100
232 0 11 105
232 4 0 97
232 4 1 115
232 4 3 115
232 4 4 114
232 4 5 103
232 4 6 113
232 4 10 102
232 4 11 107
232 7 0 99
232 7 2 110
232 7 4 112
232 7 5 100
232 7 7 109
232 7 8 120
232 7 10 110
232 7 11 121
232 9 1 87
232 9 2 89
232 9 3 91
232 9 5 86
232 9 7 99
232 9 9 97
232 9 10 88
232 9 11 95
233 6 0 92
233 6 1 82
233 6 2 82
233 6 4 77
233 6 6 94
233 6 7 84
233 6 8 93
233 6 9 92
233 8 0 94
233 8 2 84
233 8 4 84
233 8 5 79
233 8 6 96
233 8 8 86
233 8 9 95
233 8 10 94
233 9 1 96
233 9 2 91
233 9 3 93
233 9 5 87
233 9 7 93
233 9 9 82
233 9 10 89
233 9 11 97
233 13 0 91
233 13 1 81
233 13 2 81
233 13 4 76
233 13 5 93
233 13 6 83
233 13 7 92
233 13 9 91
234 0 0 96
234 0 3 91
234 0 5 93
234 0 6 87
234 0 7 93
234 0 9 82
234 0 10 89
234 0 11 97
234 3 3 83
234 3 4 83
234 3 5 74
234 3 6 84
234 3 8 82
234 3 9 84
234 3 10 74
234 3 11 76
234 8 0 83
234 8 2 83
234 8 4 74
234 8 5 84
234 8 6 82
234 8 8 84
234 8 9 74
234 8 10 76
234 10 1 82
234 10 2 70
234 10 4 77
234 10 5 79
234 10 6 72
234 10 7 82
234 10 9 69
234 10 10 81
234 13 0 83
234 13 1 85
234 13 2 87
234 13 4 82
234 13 5 95
234 13 6 93
234 13 7 84
234 13 9 91
235 6 0 21
235 6 1 23
235 6 2 23
235 6 4 18
235 6 6 23
235 6 7 19
235 6 8 22
235 6 9 21
235 11 1 23
235 11 2 25
235 11 5 25
235 11 6 20
235 11 7 25
235 11 9 21
235 11 10 24
235 11 11 23
236 0 0 85
236 0 3 73
236 0 5 80
236 0 6 82
236 0 7 75
236 0 9 85
236 0 10 72
236 0 11 84
236 4 0 60
236 4 1 62
236 4 3 72
236 4 4 65
236 4 5 72
236 4 6 72
236 4 10 69
236 4 11 66
236 8 0 80
236 8 2 68
236 8 4 75
236 8 5 77
236 8 6 70
236 8 8 80
236 8 9 67
236 8 10 79
236 14 1 82
236 14 2 70
236 14 3 77
236 14 4 79
236 14 5 72
236 14 7 82
236 14 9 69
236 14 10 81
237 3 3 95
237 3 4 85
237 3 5 85
237 3 6 80
237 3 8 97
237 3 9 87
237 3 10 96
237 3 11 95
237 7 0 82
237 7 2 84
237 7 4 86
237 7 5 81
237 7 7 94
237 7 8 92
237 7 10 83
237 7 11 90
237 8 0 84
237 8 2 86
237 8 4 88
237 8 5 83
237 8 6 96
237 8 8 94
237 8 9 85
237 8 10 92
237 14 1 94
237 14 2 84
237 14 3 84
237 14 4 79
237 14 5 96
237 14 7 86
237 14 9 95
237 14 10 94
238 2 1 60
238 2 2 62
238 2 4 56
238 2 5 51
238 2 7 56
238 2 9 58
238 2 10 61
238 2 11 60
238 3 3 62
238 3 4 64
238 3 5 58
238 3 6 53
238 3 8 58
238 3 9 60
238 3 10 63
238 3 11 62
238 8 0 63
238 8 2 65
238 8 4 75
238 8 5 68
238 8 6 75
238 8 8 75
238 8 9 72
238 8 10 69
239 4 0 95
239 4 1 113
239 4 3 113
239 4 4 112
239 4 5 101
239 4 6 111
239 4 10 100
239 4 11 105
239 8 0 97
239 8 2 115
239 8 4 115
239 8 5 114
239 8 6 103
239 8 8 113
239 8 9 102
239 8 10 107
239 9 1 99
239 9 2 110
239 9 3 112
239 9 5 100
239 9 7 109
239 9 9 120
239 9 10 110
239 9 11 121
240 0 0 13
240 0 3 10
240 0 5 12
240 0 6 13
240 0 7 11
240 0 9 13
240 0 10 10
240 0 11 13
240 3 3 9
240 3 4 8
240 3 5 9
240 3 6 9
240 3 8 8
240 3 9 9
240 3 10 8
240 3 11 9
240 4 0 12
240 4 1 9
240 4 3 11
240 4 4 12
240 4 5 10
240 4 6 12
240 4 10 9
240 4 11 12
240 11 1 13
240 11 2 10
240 11 5 12
240 11 6 13
240 11 7 11
240 11 9 13
240 11 10 10
240 11 11 13
240 12 0 9
240 12 1 11
240 12 3 11
240 12 5 9
240 12 6 11
240 12 7 10
240 12 10 10
240 12 11 9
241 3 3 39
241 3 4 33
241 3 5 37
241 3 6 38
241 3 8 34
241 3 9 39
241 3 10 33
241 3 11 39
241 11 1 28
241 11 2 30
241 11 5 33
241 11 6 33
241 11 7 33
241 11 9 33
241 11 10 30
241 11 11 27
241 13 0 37
241 13 1 31
241 13 2 35
241 13 4 36
241 13 5 32
241 13 6 37
241 13 7 31
241 13 9 37
242 3 3 17
242 3 4 14
242 3 5 16
242 3 6 17
242 3 8 15
242 3 9 17
242 3 10 14
242 3 11 17
242 4 0 14
242 4 1 11
242 4 3 13
242 4 4 14
242 4 5 12
242 4 6 14
242 4 10 11
242 4 11 14
242 7 0 16
242 7 2 13
242 7 4 15
242 7 5 16
242 7 7 14
242 7 8 16
242 7 10 13
242 7 11 16
242 10 1 17
242 10 2 14
242 10 4 16
242 10 5 17
242 10 6 15
242 10 7 17
242 10 9 14
242 10 10 17
242 14 1 15
242 14 2 12
242 14 3 14
242 14 4 15
242 14 5 13
242 14 7 15
242 14 9 12
242 14 10 15
243 9 1 26
243 9 2 28
243 9 3 28
243 9 5 23
243 9 7 28
243 9 9 24
243 9 10 27
243 9 11 26
243 10 1 28
243 10 2 30
243 10 4 30
243 10 5 25
243 10 6 30
243 10 7 26
243 10 9 29
243 10 10 28
244 2 1 91
244 2 2 81
244 2 4 81
244 2 5 76
244 2 7 93
244 2 9 83
244 2 10 92
244 2 11 91
244 7 0 80
244 7 2 68
244 7 4 75
244 7 5 77
244 7 7 70
244 7 8 80
244 7 10 67
244 7 11 79
244 10 1 83
244 10 2 83
244 10 4 74
244 10 5 84
244 10 6 82
244 10 7 84
244 10 9 74
244 10 10 76
245 1 0 95
245 1 3 85
245 1 4 85
245 1 5 80
245 1 6 97
245 1 7 87
245 1 10 96
245 1 11 95
245 4 0 86
245 4 1 74
245 4 3 81
245 4 4 83
245 4 5 76
245 4 6 86
245 4 10 73
245 4 11 85
245 12 0 86
245 12 1 74
245 12 3 81
245 12 5 83
245 12 6 76
245 12 7 86
245 12 10 73
245 12 11 85
246 3 3 82
246 3 4 84
246 3 5 86
246 3 6 81
246 3 8 94
246 3 9 92
246 3 10 83
246 3 11 90
246 6 0 87
246 6 1 77
246 6 2 77
246 6 4 72
246 6 6 89
246 6 7 79
246 6 8 88
246 6 9 87
246 10 1 87
246 10 2 77
246 10 4 77
246 10 5 72
246 10 6 89
246 10 7 79
246 10 9 88
246 10 10 87
247 4 0 38
247 4 1 40
247 4 3 42
247 4 4 37
247 4 5 40
247 4 6 38
247 4 10 39
247 4 11 46
247 9 1 40
247 9 2 42
247 9 3 44
247 9 5 39
247 9 7 42
247 9 9 40
247 9 10 41
247 9 11 48
247 10 1 42
247 10 2 44
247 10 4 46
247 10 5 41
247 10 6 44
247 10 7 42
247 10 9 43
247 10 10 50
248 4 0 38
248 4 1 40
248 4 3 42
248 4 4 37
248 4 5 40
248 4 6 38
248 4 10 39
248 4 11 46
248 10 1 39
248 10 2 33
248 10 4 37
248 10 5 38
248 10 6 34
248 10 7 39
248 10 9 33
248 10 10 39
248 11 1 42
248 11 2 41
248 11 5 41
248 11 6 36
248 11 7 44
248 11 9 43
248 11 10 43
248 11 11 42
248 13 0 37
248 13 1 39
248 13 2 41
248 13 4 36
248 13 5 39
248 13 6 37
248 13 7 38
248 13 9 45
249 3 3 42
249 3 4 44
249 3 5 46
249 3 6 41
249 3 8 44
249 3 9 42
249 3 10 43
249 3 11 50
249 9 1 56
249 9 2 58
249 9 3 52
249 9 5 47
249 9 7 52
249 9 9 54
249 9 10 57
249 9 11 56
249 10 1 56
249 10 2 58
249 10 4 52
249 10 5 47
249 10 6 52
249 10 7 54
249 10 9 57
249 10 10 56
250 2 1 83
250 2 2 85
250 2 4 87
250 2 5 82
250 2 7 95
250 2 9 93
250 2 10 84
250 2 11 91
250 3 3 88
250 3 4 78
250 3 5 78
250 3 6 73
250 3 8 90
250 3 9 80
250 3 10 89
250 3 11 88
250 10 1 88
250 10 2 78
250 10 4 78
250 10 5 73
250 10 6 90
250 10 7 80
250 10 9 89
250 10 10 88
250 14 1 84
250 14 2 72
250 14 3 79
250 14 4 81
250 14 5 74
250 14 7 84
250 14 9 71
250 14 10 83
251 3 3 58
251 3 4 60
251 3 5 54
251 3 6 49
251 3 8 54
251 3 9 56
251 3 10 59
251 3 11 58
251 7 0 60
251 7 2 62
251 7 4 56
251 7 5 51
251 7 7 56
251 7 8 58
251 7 10 61
251 7 11 60
251 8 0 61
251 8 2 63
251 8 4 73
251 8 5 66
251 8 6 73
251 8 8 73
251 8 9 70
251 8 10 67
251 12 0 54
251 12 1 57
251 12 3 62
251 12 5 66
251 12 6 54
251 12 7 62
251 12 10 65
251 12 11 63
252 1 0 41
252 1 3 35
252 1 4 39
252 1 5 40
252 1 6 36
252 1 7 41
252 1 10 35
252 1 11 41
252 2 1 35
252 2 2 29
252 2 4 33
252 2 5 34
252 2 7 30
252 2 9 35
252 2 10 29
252 2 11 35
252 13 0 39
252 13 1 33
252 13 2 37
252 13 4 38
252 13 5 34
252 13 6 39
252 13 7 33
252 13 9 39
253 3 3 15
253 3 4 12
253 3 5 14
253 3 6 15
253 3 8 13
253 3 9 15
253 3 10 12
253 3 11 15
253 8 0 12
253 8 2 9
253 8 4 11
253 8 5 12
253 8 6 10
253 8 8 12
253 8 9 9
253 8 10 12
254 4 0 39
254 4 1 33
254 4 3 37
254 4 4 38
254 4 5 34
254 4 6 39
254 4 10 33
254 4 11 39
254 12 0 28
254 12 1 30
254 12 3 33
254 12 5 33
254 12 6 33
254 12 7 33
254 12 10 30
254 12 11 27
255 1 0 41
255 1 3 43
255 1 4 45
255 1 5 40
255 1 6 43
255 1 7 41
255 1 10 42
255 1 11 49
255 5 0 43
255 5 1 45
255 5 2 47
255 5 4 42
255 5 5 45
255 5 9 43
255 5 10 44
255 5 11 51
256 0 0 40
256 0 3 34
256 0 5 38
256 0 6 39
256 0 7 35
256 0 9 40
256 0 10 34
256 0 11 40
256 2 1 42
256 2 2 36
256 2 4 40
256 2 5 41
256 2 7 37
256 2 9 42
256 2 10 36
256 2 11 42
256 4 0 37
256 4 1 39
256 4 3 41
256 4 4 36
256 4 5 39
256 4 6 37
256 4 10 38
256 4 11 45
256 10 1 39
256 10 2 33
256 10 4 37
256 10 5 38
256 10 6 34
256 10 7 39
256 10 9 33
256 10 10 39
256 14 1 42
256 14 2 36
256 14 3 40
256 14 4 41
256 14 5 37
256 14 7 42
256 14 9 36
256 14 10 42
257 1 0 18
257 1 3 15
257 1 4 17
257 1 5 18
257 1 6 16
257 1 7 18
257 1 10 15
257 1 11 18
257 6 0 15
257 6 1 12
257 6 2 14
257 6 4 15
257 6 6 13
257 6 7 15
257 6 8 12
257 6 9 15
258 4 0 93
258 4 1 83
258 4 3 83
258 4 4 78
258 4 5 95
258 4 6 85
258 4 10 94
258 4 11 93
258 8 0 95
258 8 2 85
258 8 4 85
258 8 5 80
258 8 6 97
258 8 8 87
258 8 9 96
258 8 10 95
258 11 1 82
258 11 2 84
258 11 5 86
258 11 6 81
258 11 7 94
258 11 9 92
258 11 10 83
258 11 11 90
259 3 3 95
259 3 4 85
259 3 5 85
259 3 6 80
259 3 8 97
259 3 9 87
259 3 10 96
259 3 11 95
259 8 0 86
259 8 2 74
259 8 4 81
259 8 5 83
259 8 6 76
259 8 8 86
259 8 9 73
259 8 10 85
259 14 1 86
259 14 2 74
259 14 3 81
259 14 4 83
259 14 5 76
259 14 7 86
259 14 9 73
259 14 10 85
260 0 0 37
260 0 3 39
260 0 5 41
260 0 6 36
260 0 7 39
260 0 9 37
260 0 10 38
260 0 11 45
260 7 0 39
260 7 2 41
260 7 4 43
260 7 5 38
260 7 7 41
260 7 8 39
260 7 10 40
260 7 11 47
261 2 1 41
261 2 2 35
261 2 4 39
261 2 5 40
261 2 7 36
261 2 9 41
261 2 10 35
261 2 11 41
261 8 0 35
261 8 2 29
261 8 4 33
261 8 5 34
261 8 6 30
261 8 8 35
261 8 9 29
261 8 10 35
261 11 1 39
261 11 2 33
261 11 5 37
261 11 6 38
261 11 7 34
261 11 9 39
261 11 10 33
261 11 11 39
262 0 0 84
262 0 3 86
262 0 5 88
262 0 6 83
262 0 7 96
262 0 9 94
262 0 10 85
262 0 11 92
262 11 1 89
262 11 2 79
262 11 5 79
262 11 6 74
262 11 7 91
262 11 9 81
262 11 10 90
262 11 11 89
263 3 3 94
263 3 4 84
263 3 5 84
263 3 6 79
263 3 8 96
263 3 9 86
263 3 10 95
263 3 11 94
263 4 0 96
263 4 1 91
263 4 3 93
263 4 4 87
263 4 5 93
263 4 6 82
263 4 10 89
263 4 11 97
263 10 1 83
263 10 2 85
263 10 4 87
263 10 5 82
263 10 6 95
263 10 7 93
263 10 9 84
263 10 10 91
263 12 0 93
263 12 1 83
263 12 3 83
263 12 5 78
263 12 6 95
263 12 7 85
263 12 10 94
263 12 11 93
263 13 0 105
263 13 1 107
263 13 2 110
263 13 4 96
263 13 5 110
263 13 6 103
263 13 7 100
263 13 9 90
264 2 1 15
264 2 2 12
264 2 4 14
264 2 5 15
264 2 7 13
264 2 9 15
264 2 10 12
264 2 11 15
264 3 3 12
264 3 4 9
264 3 5 11
264 3 6 12
264 3 8 10
264 3 9 12
264 3 10 9
264 3 11 12
264 13 0 14
264 13 1 11
264 13 2 13
264 13 4 14
264 13 5 12
264 13 6 14
264 13 7 11
264 13 9 14
265 2 1 26
265 2 2 28
265 2 4 28
265 2 5 23
265 2 7 28
265 2 9 24
265 2 10 27
265 2 11 26
265 11 1 28
265 11 2 30
265 11 5 30
265 11 6 25
265 11 7 30
265 11 9 26
265 11 10 29
265 11 11 28
265 13 0 28
265 13 1 30
265 13 2 30
265 13 4 25
265 13 5 30
265 13 6 26
265 13 7 29
265 13 9 28
266 4 0 38
266 4 1 40
266 4 3 42
266 4 4 37
266 4 5 40
266 4 6 38
266 4 10 39
266 4 11 46
266 10 1 40
266 10 2 42
266 10 4 44
266 10 5 39
266 10 6 42
266 10 7 40
266 10 9 41
266 10 10 48
266 12 0 42
266 12 1 44
266 12 3 46
266 12 5 41
266 12 6 44
266 12 7 42
266 12 10 43
266 12 11 50
267 2 1 37
267 2 2 39
267 2 4 41
267 2 5 36
267 2 7 39
267 2 9 37
267 2 10 38
267 2 11 45
267 7 0 38
267 7 2 32
267 7 4 36
267 7 5 37
267 7 7 33
267 7 8 38
267 7 10 32
267 7 11 38
268 2 1 89
268 2 2 79
268 2 4 79
268 2 5 74
268 2 7 91
268 2 9 81
268 2 10 90
268 2 11 89
268 8 0 91
268 8 2 81
268 8 4 81
268 8 5 76
268 8 6 93
268 8 8 83
268 8 9 92
268 8 10 91
268 10 1 93
268 10 2 83
268 10 4 83
268 10 5 78
268 10 6 95
268 10 7 85
268 10 9 94
268 10 10 93
268 11 1 88
268 11 2 78
268 11 5 78
268 11 6 73
268 11 7 90
268 11 9 80
268 11 10 89
268 11 11 88
269 4 0 62
269 4 1 64
269 4 3 58
269 4 4 53
269 4 5 58
269 4 6 60
269 4 10 63
269 4 11 62
269 6 0 55
269 6 1 57
269 6 2 67
269 6 4 60
269 6 6 67
269 6 7 67
269 6 8 64
269 6 9 61
269 9 1 78
269 9 2 66
269 9 3 73
269 9 5 75
269 9 7 68
269 9 9 78
269 9 10 65
269 9 11 77
269 10 1 58
269 10 2 60
269 10 4 70
269 10 5 63
269 10 6 70
269 10 7 70
269 10 9 67
269 10 10 64
270 2 1 60
270 2 2 62
270 2 4 56
270 2 5 51
270 2 7 56
270 2 9 58
270 2 10 61
270 2 11 60
270 5 0 62
270 5 1 64
270 5 2 58
270 5 4 53
270 5 5 58
270 5 9 60
270 5 10 63
270 5 11 62
270 6 0 63
270 6 1 65
270 6 2 75
270 6 4 68
270 6 6 75
270 6 7 75
270 6 8 72
270 6 9 69
270 10 1 56
270 10 2 58
270 10 4 68
270 10 5 61
270 10 6 68
270 10 7 68
270 10 9 65
270 10 10 62
270 12 0 63
270 12 1 65
270 12 3 75
270 12 5 68
270 12 6 75
270 12 7 75
270 12 10 72
270 12 11 69
271 6 0 88
271 6 1 78
271 6 2 78
271 6 4 73
271 6 6 90
271 6 7 80
271 6 8 89
271 6 9 88
271 7 0 90
271 7 2 80
271 7 4 80
271 7 5 75
271 7 7 92
271 7 8 82
271 7 10 91
271 7 11 90
271 8 0 92
271 8 2 82
271 8 4 82
271 8 5 77
271 8 6 94
271 8 8 84
271 8 9 93
271 8 10 92
271 9 1 87
271 9 2 77
271 9 3 77
271 9 5 72
271 9 7 89
271 9 9 79
271 9 10 88
271 9 11 87
271 13 0 85
271 13 1 87
271 13 2 89
271 13 4 84
271 13 5 97
271 13 6 95
271 13 7 86
271 13 9 93
272 1 0 9
272 1 3 8
272 1 4 9
272 1 5 9
272 1 6 8
272 1 7 9
272 1 10 8
272 1 11 9
272 2 1 12
272 2 2 9
272 2 4 11
272 2 5 12
272 2 7 10
272 2 9 12
272 2 10 9
272 2 11 12
272 5 0 12
272 5 1 9
272 5 2 11
272 5 4 12
272 5 5 10
272 5 9 12
272 5 10 9
272 5 11 12
272 10 1 9
272 10 2 8
272 10 4 9
272 10 5 9
272 10 6 8
272 10 7 9
272 10 9 8
272 10 10 9
273 1 0 61
273 1 3 63
273 1 4 57
273 1 5 52
273 1 6 57
273 1 7 59
273 1 10 62
273 1 11 61
273 2 1 54
273 2 2 57
273 2 4 62
273 2 5 66
273 2 7 54
273 2 9 62
273 2 10 65
273 2 11 63
273 8 0 57
273 8 2 59
273 8 4 53
273 8 5 48
273 8 6 53
273 8 8 55
273 8 9 58
273 8 10 57
273 9 1 45
273 9 2 47
273 9 3 49
273 9 5 44
273 9 7 47
273 9 9 45
273 9 10 46
273 9 11 53
274 4 0 94
274 4 1 84
274 4 3 84
274 4 4 79
274 4 5 96
274 4 6 86
274 4 10 95
274 4 11 94
274 6 0 96
274 6 1 91
274 6 2 93
274 6 4 87
274 6 6 93
274 6 7 82
274 6 8 89
274 6 9 97
275 7 0 54
275 7 2 57
275 7 4 62
275 7 5 66
275 7 7 54
275 7 8 62
275 7 10 65
275 7 11 63
275 12 0 56
275 12 1 58
275 12 3 68
275 12 5 61
275 12 6 68
275 12 7 68
275 12 10 65
275 12 11 62
276 0 0 26
276 0 3 28
276 0 5 28
276 0 6 23
276 0 7 28
276 0 9 24
276 0 10 27
276 0 11 26
276 5 0 28
276 5 1 30
276 5 2 30
276 5 4 25
276 5 5 30
276 5 9 26
276 5 10 29
276 5 11 28
276 6 0 28
276 6 1 30
276 6 2 30
276 6 4 25
276 6 6 30
276 6 7 26
276 6 8 29
276 6 9 28
276 7 0 23
276 7 2 25
276 7 4 25
276 7 5 20
276 7 7 25
276 7 8 21
276 7 10 24
276 7 11 23
276 11 1 28
276 11 2 30
276 11 5 30
276 11 6 25
276 11 7 30
276 11 9 26
276 11 10 29
276 11 11 28
277 2 1 40
277 2 2 34
277 2 4 38
277 2 5 39
277 2 7 35
277 2 9 40
277 2 10 34
277 2 11 40
277 13 0 42
277 13 1 36
277 13 2 40
277 13 4 41
277 13 5 37
277 13 6 42
277 13 7 36
277 13 9 42
278 1 0 90
278 1 3 80
278 1 4 80
278 1 5 75
278 1 6 92
278 1 7 82
278 1 10 91
278 1 11 90
278 4 0 79
278 4 1 67
278 4 3 74
278 4 4 76
278 4 5 69
278 4 6 79
278 4 10 66
278 4 11 78
278 13 0 86
278 13 1 74
278 13 2 81
278 13 4 83
278 13 5 76
278 13 6 86
278 13 7 73
278 13 9 85
279 0 0 88
279 0 3 78
279 0 5 78
279 0 6 73
279 0 7 90
279 0 9 80
279 0 10 89
279 0 11 88
279 4 0 90
279 4 1 80
279 4 3 80
279 4 4 75
279 4 5 92
279 4 6 82
279 4 10 91
279 4 11 90
279 5 0 92
279 5 1 82
279 5 2 82
279 5 4 77
279 5 5 94
279 5 9 84
279 5 10 93
279 5 11 92
279 7 0 87
279 7 2 77
279 7 4 77
279 7 5 72
279 7 7 89
279 7 8 79
279 7 10 88
279 7 11 87
279 12 0 85
279 12 1 87
279 12 3 89
279 12 5 84
279 12 6 97
279 12 7 95
279 12 10 86
279 12 11 93
280 5 0 42
280 5 1 36
280 5 2 40
280 5 4 41
280 5 5 37
280 5 9 42
280 5 10 36
280 5 11 42
280 6 0 37
280 6 1 39
280 6 2 41
280 6 4 36
280 6 6 39
280 6 7 37
280 6 8 38
280 6 9 45
280 7 0 39
280 7 2 41
280 7 4 43
280 7 5 38
280 7 7 41
280 7 8 39
280 7 10 40
280 7 11 47
280 13 0 41
280 13 1 35
280 13 2 39
280 13 4 40
280 13 5 36
280 13 6 41
280 13 7 35
280 13 9 41
281 9 1 55
281 9 2 57
281 9 3 67
281 9 5 60
281 9 7 67
281 9 9 67
281 9 10 64
281 9 11 61
281 12 0 57
281 12 1 59
281 12 3 69
281 12 5 62
281 12 6 69
281 12 7 69
281 12 10 66
281 12 11 63
282 4 0 60
282 4 1 62
282 4 3 56
282 4 4 51
282 4 5 56
282 4 6 58
282 4 10 61
282 4 11 60
282 7 0 62
282 7 2 64
282 7 4 58
282 7 5 53
282 7 7 58
282 7 8 60
282 7 10 63
282 7 11 62
282 12 0 56
282 12 1 58
282 12 3 52
282 12 5 47
282 12 6 52
282 12 7 54
282 12 10 57
282 12 11 56
283 1 0 61
283 1 3 63
283 1 4 57
283 1 5 52
283 1 6 57
283 1 7 59
283 1 10 62
283 1 11 61
283 10 1 54
283 10 2 57
283 10 4 62
283 10 5 66
283 10 6 54
283 10 7 62
283 10 9 65
283 10 10 63
283 13 0 57
283 13 1 59
283 13 2 53
283 13 4 48
283 13 5 53
283 13 6 55
283 13 7 58
283 13 9 57
284 3 3 91
284 3 4 81
284 3 5 81
284 3 6 76
284 3 8 93
284 3 9 83
284 3 10 92
284 3 11 91
284 7 0 80
284 7 2 68
284 7 4 75
284 7 5 77
284 7 7 70
284 7 8 80
284 7 10 67
284 7 11 79
284 8 0 83
284 8 2 83
284 8 4 74
284 8 5 84
284 8 6 82
284 8 8 84
284 8 9 74
284 8 10 76
284 11 1 88
284 11 2 78
284 11 5 78
284 11 6 73
284 11 7 90
284 11 9 80
284 11 10 89
284 11 11 88
284 12 0 82
284 12 1 70
284 12 3 77
284 12 5 79
284 12 6 72
284 12 7 82
284 12 10 69
284 12 11 81
285 12 0 23
285 12 1 25
285 12 3 25
285 12 5 20
285 12 6 25
285 12 7 21
285 12 10 24
285 12 11 23
285 14 1 25
285 14 2 27
285 14 3 27
285 14 4 22
285 14 5 27
285 14 7 23
285 14 9 26
285 14 10 25
286 6 0 84
286 6 1 86
286 6 2 88
286 6 4 83
286 6 6 96
286 6 7 94
286 6 8 85
286 6 9 92
286 10 1 89
286 10 2 79
286 10 4 79
286 10 5 74
286 10 6 91
286 10 7 81
286 10 9 90
286 10 10 89
287 5 0 28
287 5 1 30
287 5 2 30
287 5 4 25
287 5 5 30
287 5 9 26
287 5 10 29
287 5 11 28
287 8 0 28
287 8 2 30
287 8 4 33
287 8 5 33
287 8 6 33
287 8 8 33
287 8 9 30
287 8 10 27
287 13 0 28
287 13 1 30
287 13 2 33
287 13 4 33
287 13 5 33
287 13 6 33
287 13 7 30
287 13 9 27
288 1 0 61
288 1 3 63
288 1 4 57
288 1 5 52
288 1 6 57
288 1 7 59
288 1 10 62
288 1 11 61
288 2 1 54
288 2 2 57
288 2 4 62
288 2 5 66
288 2 7 54
288 2 9 62
288 2 10 65
288 2 11 63
288 4 0 57
288 4 1 59
288 4 3 53
288 4 4 48
288 4 5 53
288 4 6 55
288 4 10 58
288 4 11 57
288 13 0 45
288 13 1 47
288 13 2 49
288 13 4 44
288 13 5 47
288 13 6 45
288 13 7 46
288 13 9 53
288 14 1 57
288 14 2 59
288 14 3 53
288 14 4 48
288 14 5 53
288 14 7 55
288 14 9 58
288 14 10 57
289 3 3 55
289 3 4 57
289 3 5 67
289 3 6 60
289 3 8 67
289 3 9 67
289 3 10 64
289 3 11 61
289 7 0 57
289 7 2 59
289 7 4 69
289 7 5 62
289 7 7 69
289 7 8 69
289 7 10 66
289 7 11 63
289 9 1 80
289 9 2 68
289 9 3 75
289 9 5 77
289 9 7 70
289 9 9 80
289 9 10 67
289 9 11 79
289 10 1 60
289 10 2 62
289 10 4 72
289 10 5 65
289 10 6 72
289 10 7 72
289 10 9 69
289 10 10 66
290 0 0 94
290 0 3 84
290 0 5 84
290 0 6 79
290 0 7 96
290 0 9 86
290 0 10 95
290 0 11 94
290 1 0 85
290 1 3 73
290 1 4 80
290 1 5 82
290 1 6 75
290 1 7 85
290 1 10 72
290 1 11 84
290 6 0 85
290 6 1 73
290 6 2 80
290 6 4 82
290 6 6 75
290 6 7 85
290 6 8 72
290 6 9 84
290 11 1 80
290 11 2 68
290 11 5 75
290 11 6 77
290 11 7 70
290 11 9 80
290 11 10 67
290 11 11 79
291 1 0 14
291 1 3 11
291 1 4 13
291 1 5 14
291 1 6 12
291 1 7 14
291 1 10 11
291 1 11 14
291 6 0 9
291 6 1 11
291 6 2 11
291 6 4 9
291 6 6 11
291 6 7 10
291 6 8 10
291 6 9 9
291 12 0 13
291 12 1 10
291 12 3 12
291 12 5 13
291 12 6 11
291 12 7 13
291 12 10 10
291 12 11 13
291 13 0 14
291 13 1 11
291 13 2 13
291 13 4 14
291 13 5 12
291 13 6 14
291 13 7 11
291 13 9 14
292 11 1 94
292 11 2 84
292 11 5 84
292 11 6 79
292 11 7 96
292 11 9 86
292 11 10 95
292 11 11 94
292 13 0 96
292 13 1 91
292 13 2 93
292 13 4 87
292 13 5 93
292 13 6 82
292 13 7 89
292 13 9 97
293 1 0 89
293 1 3 79
293 1 4 79
293 1 5 74
293 1 6 91
293 1 7 81
293 1 10 90
293 1 11 89
293 7 0 91
293 7 2 81
293 7 4 81
293 7 5 76
293 7 7 93
293 7 8 83
293 7 10 92
293 7 11 91
293 12 0 93
293 12 1 83
293 12 3 83
293 12 5 78
293 12 6 95
293 12 7 85
293 12 10 94
293 12 11 93
294 6 0 86
294 6 1 74
294 6 2 81
294 6 4 83
294 6 6 76
294 6 7 86
294 6 8 73
294 6 9 85
294 9 1 61
294 9 2 63
294 9 3 73
294 9 5 66
294 9 7 73
294 9 9 73
294 9 10 70
294 9 11 67
295 3 3 17
295 3 4 14
295 3 5 16
295 3 6 17
295 3 8 15
295 3 9 17
295 3 10 14
295 3 11 17
295 7 0 14
295 7 2 11
295 7 4 13
295 7 5 14
295 7 7 12
295 7 8 14
295 7 10 11
295 7 11 14
295 8 0 16
295 8 2 13
295 8 4 15
295 8 5 16
295 8 6 14
295 8 8 16
295 8 9 13
295 8 10 16
295 13 0 17
295 13 1 14
295 13 2 16
295 13 4 17
295 13 5 15
295 13 6 17
295 13 7 14
295 13 9 17
296 0 0 59
296 0 3 61
296 0 5 55
296 0 6 50
296 0 7 55
296 0 9 57
296 0 10 60
296 0 11 59
296 5 0 61
296 5 1 63
296 5 2 57
296 5 4 52
296 5 5 57
296 5 9 59
296 5 10 62
296 5 11 61
296 7 0 62
296 7 2 64
296 7 4 74
296 7 5 67
296 7 7 74
296 7 8 74
296 7 10 71
296 7 11 68
296 9 1 55
296 9 2 57
296 9 3 67
296 9 5 60
296 9 7 67
296 9 9 67
296 9 10 64
296 9 11 61
296 13 0 62
296 13 1 64
296 13 2 74
296 13 4 67
296 13 5 74
296 13 6 74
296 13 7 71
296 13 9 68
297 3 3 92
297 3 4 82
297 3 5 82
297 3 6 77
297 3 8 94
297 3 9 84
297 3 10 93
297 3 11 92
297 7 0 81
297 7 2 69
297 7 4 76
297 7 5 78
297 7 7 71
297 7 8 81
297 7 10 68
297 7 11 80
298 0 0 19
298 0 3 21
298 0 5 18
298 0 6 18
298 0 7 21
298 0 9 19
298 0 10 20
298 0 11 22
298 1 0 18
298 1 3 15
298 1 4 17
298 1 5 18
298 1 6 16
298 1 7 18
298 1 10 15
298 1 11 18
298 7 0 20
298 7 2 17
298 7 4 19
298 7 5 20
298 7 7 18
298 7 8 20
298 7 10 17
298 7 11 20
298 11 1 19
298 11 2 21
298 11 5 18
298 11 6 18
298 11 7 21
298 11 9 19
298 11 10 20
298 11 11 22
298 13 0 19
298 13 1 16
298 13 2 18
298 13 4 19
298 13 5 17
298 13 6 19
298 13 7 16
298 13 9 19
299 0 0 18
299 0 3 15
299 0 5 17
299 0 6 18
299 0 7 16
299 0 9 18
299 0 10 15
299 0 11 18
299 6 0 15
299 6 1 12
299 6 2 14
299 6 4 15
299 6 6 13
299 6 7 15
299 6 8 12
299 6 9 15
299 11 1 17
299 11 2 14
299 11 5 16
299 11 6 17
299 11 7 15
299 11 9 17
299 11 10 14
299 11 11 17
299 13 0 18
299 13 1 15
299 13 2 17
299 13 4 18
299 13 5 16
299 13 6 18
299 13 7 15
299 13 9 18
300 3 3 56
300 3 4 58
300 3 5 68
300 3 6 61
300 3 8 68
300 3 9 68
300 3 10 65
300 3 11 62
300 5 0 58
300 5 1 60
300 5 2 70
300 5 4 63
300 5 5 70
300 5 9 70
300 5 10 67
300 5 11 64
301 2 1 55
301 2 2 57
301 2 4 67
301 2 5 60
301 2 7 67
301 2 9 67
301 2 10 64
301 2 11 61
301 13 0 57
301 13 1 59
301 13 2 69
301 13 4 62
301 13 5 69
301 13 6 69
301 13 7 66
301 13 9 63
302 1 0 42
302 1 3 41
302 1 4 41
302 1 5 36
302 1 6 44
302 1 7 43
302 1 10 43
302 1 11 42
302 2 1 38
302 2 2 40
302 2 4 42
302 2 5 37
302 2 7 40
302 2 9 38
302 2 10 39
302 2 11 46
302 8 0 40
302 8 2 42
302 8 4 44
302 8 5 39
302 8 6 42
302 8 8 40
302 8 9 41
302 8 10 48
302 11 1 42
302 11 2 36
302 11 5 40
302 11 6 41
302 11 7 37
302 11 9 42
302 11 10 36
302 11 11 42
302 14 1 38
302 14 2 40
302 14 3 42
302 14 4 37
302 14 5 40
302 14 7 38
302 14 9 39
302 14 10 46
303 1 0 16
303 1 3 13
303 1 4 15
303 1 5 16
303 1 6 14
303 1 7 16
303 1 10 13
303 1 11 16
303 2 1 13
303 2 2 10
303 2 4 12
303 2 5 13
303 2 7 11
303 2 9 13
303 2 10 10
303 2 11 13
303 8 0 15
303 8 2 12
303 8 4 14
303 8 5 15
303 8 6 13
303 8 8 15
303 8 9 12
303 8 10 15
303 12 0 16
303 12 1 13
303 12 3 15
303 12 5 16
303 12 6 14
303 12 7 16
303 12 10 13
303 12 11 16
303 14 1 14
303 14 2 11
303 14 3 13
303 14 4 14
303 14 5 12
303 14 7 14
303 14 9 11
303 14 10 14
304 2 1 54
304 2 2 57
304 2 4 62
304 2 5 66
304 2 7 54
304 2 9 62
304 2 10 65
304 2 11 63
304 4 0 56
304 4 1 58
304 4 3 68
304 4 4 61
304 4 5 68
304 4 6 68
304 4 10 65
304 4 11 62
304 6 0 59
304 6 1 61
304 6 2 55
304 6 4 50
304 6 6 55
304 6 7 57
304 6 8 60
304 6 9 59
304 12 0 54
304 12 1 56
304 12 3 50
304 12 5 45
304 12 6 50
304 12 7 52
304 12 10 55
304 12 11 54
304 14 1 59
304 14 2 61
304 14 3 55
304 14 4 50
304 14 5 55
304 14 7 57
304 14 9 60
304 14 10 59
305 5 0 41
305 5 1 43
305 5 2 45
305 5 4 40
305 5 5 43
305 5 9 41
305 5 10 42
305 5 11 49
305 7 0 43
305 7 2 45
305 7 4 47
305 7 5 42
305 7 7 45
305 7 8 43
305 7 10 44
305 7 11 51
305 10 1 45
305 10 2 47
305 10 4 49
305 10 5 44
305 10 6 47
305 10 7 45
305 10 9 46
305 10 10 53
306 2 1 20
306 2 2 17
306 2 4 19
306 2 5 20
306 2 7 18
306 2 9 20
306 2 10 17
306 2 11 20
306 3 3 17
306 3 4 14
306 3 5 16
306 3 6 17
306 3 8 15
306 3 9 17
306 3 10 14
306 3 11 17
306 9 1 19
306 9 2 16
306 9 3 18
306 9 5 19
306 9 7 17
306 9 9 19
306 9 10 16
306 9 11 19
306 10 1 20
306 10 2 17
306 10 4 19
306 10 5 20
306 10 6 18
306 10 7 20
306 10 9 17
306 10 10 20
306 11 1 18
306 11 2 15
306 11 5 17
306 11 6 18
306 11 7 16
306 11 9 18
306 11 10 15
306 11 11 18
307 3 3 29
307 3 4 31
307 3 5 31
307 3 6 26
307 3 8 31
307 3 9 27
307 3 10 30
307 3 11 29
307 12 0 34
307 12 1 28
307 12 3 32
307 12 5 33
307 12 6 29
307 12 7 34
307 12 10 28
307 12 11 34
307 13 0 34
307 13 1 28
307 13 2 32
307 13 4 33
307 13 5 29
307 13 6 34
307 13 7 28
307 13 9 34
308 0 0 18
308 0 3 15
308 0 5 17
308 0 6 18
308 0 7 16
308 0 9 18
308 0 10 15
308 0 11 18
308 7 0 15
308 7 2 12
308 7 4 14
308 7 5 15
308 7 7 13
308 7 8 15
308 7 10 12
308 7 11 15
308 8 0 17
308 8 2 14
308 8 4 16
308 8 5 17
308 8 6 15
308 8 8 17
308 8 9 14
308 8 10 17
308 9 1 18
308 9 2 15
308 9 3 17
308 9 5 18
308 9 7 16
308 9 9 18
308 9 10 15
308 9 11 18
308 10 1 16
308 10 2 13
308 10 4 15
308 10 5 16
308 10 6 14
308 10 7 16
308 10 9 13
308 10 10 16
309 2 1 38
309 2 2 40
309 2 4 42
309 2 5 37
309 2 7 40
309 2 9 38
309 2 10 39
309 2 11 46
309 13 0 39
309 13 1 33
309 13 2 37
309 13 4 38
309 13 5 34
309 13 6 39
309 13 7 33
309 13 9 39
309 14 1 42
309 14 2 41
309 14 3 41
309 14 4 36
309 14 5 44
309 14 7 43
309 14 9 43
309 14 10 42
310 5 0 56
310 5 1 58
310 5 2 68
310 5 4 61
310 5 5 68
310 5 9 68
310 5 10 65
310 5 11 62
310 10 1 58
310 10 2 60
310 10 4 70
310 10 5 63
310 10 6 70
310 10 7 70
310 10 9 67
310 10 10 64
311 4 0 13
311 4 1 10
311 4 3 12
311 4 4 13
311 4 5 11
311 4 6 13
311 4 10 10
311 4 11 13
311 9 1 9
311 9 2 8
311 9 3 9
311 9 5 9
311 9 7 8
311 9 9 9
311 9 10 8
311 9 11 9
312 1 0 26
312 1 3 28
312 1 4 28
312 1 5 23
312 1 6 28
312 1 7 24
312 1 10 27
312 1 11 26
312 2 1 28
312 2 2 30
312 2 4 30
312 2 5 25
312 2 7 30
312 2 9 26
312 2 10 29
312 2 11 28
312 3 3 28
312 3 4 30
312 3 5 30
312 3 6 25
312 3 8 30
312 3 9 26
312 3 10 29
312 3 11 28
312 7 0 23
312 7 2 25
312 7 4 25
312 7 5 20
312 7 7 25
312 7 8 21
312 7 10 24
312 7 11 23
312 11 1 28
312 11 2 30
312 11 5 30
312 11 6 25
312 11 7 30
312 11 9 26
312 11 10 29
312 11 11 28
