Jobs:
0 1 2 3 4 5 6 7 8 9 10 11 12 13 14 15 16 17 18 19 20 21 22 23 24 25 26 27 28 29 30 31 32 33 34 35 36 37 38 39
Machines:
0 1 2 3 4 5 6 7 8 9 10 11 12 13 14
Workers:
0 1 2 3 4 5 6 7 8 9 10 11 12 13 14
Operations per job:
0 1 2 3 4 5 6 7 8
9 10 11 12 13 14 15 16
17 18 19 20 21 22 23 24
25 26 27 28 29 30 31 32 33 34
35 36 37 38 39 40 41 42
43 44 45 46 47 48 49
50 51 52 53 54 55 56 57 58 59
60 61 62 63 64 65 66
67 68 69 70 71 72
73 74 75 76 77 78 79 80
81 82 83 84 85 86 87 88 89
90 91 92 93 94 95
96 97 98 99 100 101 102 103 104 105
106 107 108 109 110 111 112 113
114 115 116 117 118 119 120 121
122 123 124 125 126 127 128
129 130 131 132 133 134 135 136 137
138 139 140 141 142 143 144 145
146 147 148 149 150
151 152 153 154 155 156 157 158 159
160 161 162 163 164 165 166 167 168 169
170 171 172 173 174 175
176 177 178 179 180 181 182 183 184 185
186 187 188 189 190 191
192 193 194 195 196 197 198 199 200
201 202 203 204 205
206 207 208 209 210 211 212 213 214
215 216 217 218 219 220 221
222 223 224 225 226 227 228
229 230 231 232 233 234 235 236 237
238 239 240 241 242 243
244 245 246 247 248 249 250 251 252
253 254 255 256 257 258 259 260 261
262 263 264 265 266 267 268 269 270
271 272 273 274 275 276 277 278 279 280
281 282 283 284 285
286 287 288 289 290
291 292 293 294 295 296 297 298
299 300 301 302 303 304 305 306 307
308 309 310 311 312 313
Predecessors per operation:

0
1
2
3
4
5
6
7

9
10
11
12
13
14
15

17
18
19
20
21
22
23

25
26
27
28
29
30
31
32
33

35
36
37
38
39
40
41

43
44
45
46
47
48

50
51
52
53
54
55
56
57
58

60
61
62
63
64
65

67
68
69
70
71

73
74
75
76
77
78
79

81
82
83
84
85
86
87
88

90
91
92
93
94

96
97
98
99
100
101
102
103
104

106
107
108
109
110
111
112

114
115
116
117
118
119
120

122
123
124
125
126
127

129
130
131
132
133
134
135
136

138
139
140
141
142
143
144

146
147
148
149

151
152
153
154
155
156
157
158

160
161
162
163
164
165
166
167
168

170
171
172
173
174

176
177
178
179
180
181
182
183
184

186
187
188
189
190

192
193
194
195
196
197
198
199

201
202
203
204

206
207
208
209
210
211
212
213

215
216
217
218
219
220

222
223
224
225
226
227

229
230
231
232
233
234
235
236

238
239
240
241
242

244
245
246
247
248
249
250
251

253
254
255
256
257
258
259
260

262
263
264
265
266
267
268
269

271
272
273
274
275
276
277
278
279

281
282
283
284

286
287
288
289

291
292
293
294
295
296
297

299
300
301
302
303
304
305
306

308
309
310
311
312
Successors per operation:
1
2
3
4
5
6
7
8

10
11
12
13
14
15
16

18
19
20
21
22
23
24

26
27
28
29
30
31
32
33
34

36
37
38
39
40
41
42

44
45
46
47
48
49

51
52
53
54
55
56
57
58
59

61
62
63
64
65
66

68
69
70
71
72

74
75
76
77
78
79
80

82
83
84
85
86
87
88
89

91
92
93
94
95

97
98
99
100
101
102
103
104
105

107
108
109
110
111
112
113

115
116
117
118
119
120
121

123
124
125
126
127
128

130
131
132
133
134
135
136
137

139
140
141
142
143
144
145

147
148
149
150

152
153
154
155
156
157
158
159

161
162
163
164
165
166
167
168
169

171
172
173
174
175

177
178
179
180
181
182
183
184
185

187
188
189
190
191

193
194
195
196
197
198
199
200

202
203
204
205

207
208
209
210
211
212
213
214

216
217
218
219
220
221

223
224
225
226
227
228

230
231
232
233
234
235
236
237

239
240
241
242
243

245
246
247
248
249
250
251
252

254
255
256
257
258
259
260
261

263
264
265
266
267
268
269
270

272
273
274
275
276
277
278
279
280

282
283
284
285

287
288
289
290

292
293
294
295
296
297
298

300
301
302
303
304
305
306
307

309
310
311
312
313

Machines per operation:
3 4 9 11
2 4 6 13 14
5 12 13
0 2 3 4 6
2 5 7 10
3 7 8 10 13
1 5
1 4 13
0 9 10 11 13
1 13
3 7
2 6 10 14
2 4 5 7
0 3 5 13
5 6 7 11
5 7 8
4 8
0 6 8
1 2 3 8 13
4 6 9 12
2 3 5 6 14
0 9
1 3 6 11 14
2 6 7 8 11
2 4 14
2 4 13
5 12 13
0 1 7
3 11 13 14
8 13
5 9 11
4 10
7 8 9
3 4 11 14
6 8
3 6 10 13
8 9 14
10 11
0 10
3 5 6 11 12
2 5 8 12 13
8 10 12 13
2 3 6 11
2 4 13
0 3 4 5 6
4 7 8 9
6 7 10 12 13
1 7 8 10
4 6 11
3 6 7 10 13
9 12
7 11
3 6 14
0 3 12
7 10 12
1 2 7
0 4 7 12
1 5 6
0 7
1 12
4 9 14
11 13
1 6 10 11 14
5 6 7
0 2 3 8 11
0 5 6 8 10
2 6 7 11
2 4 6
2 14
0 6 8 10 14
2 3 5 9
0 6
0 11
0 1 2 6 8
0 3 4 12
1 5 10
6 8
0 1 5 10
2 9
7 13
1 5 7 13
1 9 12
3 5 8 12
2 14
2 4 7
0 7 14
2 3 9 10
3 5
1 2 3 12
4 10 12
5 12 14
3 4 8 11 14
0 3 4 6
0 9 10 11 13
4 7 8 9 12
0 3 8 14
1 5 8 12 14
4 5 8
2 6
1 5 9 11
2 5 8 10
1 7
3 4 9 10 14
0 4 8
10 13
0 5 9
1 9 12
1 6 11 12
8 10
5 8 13 14
2 9 10 12
7 8
5 6
5 10 11
1 2 11
5 9 10
2 14
1 5 8 10
2 4 9
2 6 9 13
3 9
4 8 13
0 8 14
4 8 14
2 14
2 10 13 14
3 5 12 13
2 4 6 9
1 9 13
1 8 10 11
5 6 10 14
11 13
1 2
1 10 12
0 2 5 7 14
3 7 9
1 7 8 14
7 9 10 11
6 7 8 9 13
6 7 9 10 14
2 6 9 11
4 13
2 6 9 14
1 11 13
8 9 13
0 3 6 11 14
6 12 14
0 2 10 12
3 14
7 12
4 9 11
1 8 13
0 4 9 11 13
4 12 13
0 10
1 2 6
0 3 4 11
4 11 12
5 14
0 8 9
0 4 6 11 13
6 7 9 11
0 7 9 12
6 10 14
0 14
1 4 8 12
1 2 5 12
0 3 5 11
1 14
0 7 12
5 9 11
4 6 8
1 2 8 14
7 12
6 8 9
2 8 13
0 1 2 10 13
5 6 8 11 13
2 7 11
0 2 9 10 13
8 9 12
3 5 10 14
1 4 5 8 13
0 4 6 9
2 11
2 4 9 11
2 3 5 7 12
2 7 12
0 3 4 11 13
2 3 7 11
1 2 7 9 10
0 2 7 8
1 8
0 2 8 9
7 9 10 13 14
4 6
3 8 10
5 8 10 11 12
0 3 10 13
0 6
1 3 12
4 5 6 7 12
0 2 4 5 8
9 11
7 8
1 2 3 4 13
4 5 7 8
4 7 9
5 6 7 14
5 7 11
1 5 6 10 13
0 2
0 1 2 10
6 8 9 14
1 11 12
4 5 12 13
2 4 5 7 12
5 7 12 14
5 7 9 13
1 5 11 12
4 9 14
0 2 3 13
0 3 4 6 10
3 4 6 9 13
0 6 8
4 9
7 14
2 4 6 13
8 12
9 14
0 4 8
4 14
7 9 12
3 7 8 10 11
2 4 5 6 8
0 6 7 12 13
0 10
0 4 7 8
0 3 7 11 13
0 2 9 10 14
2 4 6 7 10
2 6 12 13 14
0 3 4 8 11
3 12
2 6 9 11 12
1 3 5 7
4 12 14
6 7 11 13 14
10 12
1 3 7 8
4 8 10 11 13
8 13
1 14
10 14
1 3 4 6 13
3 5 6 8
8 10 14
0 7 14
7 10 13
0 2 8 11 14
1 2 3 8 14
5 7 12
4 8 12
9 11
2 3 4 7 13
0 7 10 12 13
10 11 14
0 4
3 8 11
0 3 7 14
0 6 9 13
1 2 4
2 7 13
5 10
5 8 10 14
5 7 8
5 6 7 10 11
0 3 14
7 11 14
1 2 5 8 11
0 2 6
1 6 7 9 14
0 2 3 10
4 9
1 3 4 5 13
3 11 14
8 11 14
0 3 11
0 3 14
1 4 9 13
2 6
1 4 7 8 13
3 6 7
2 4 6 9
2 8 14
0 6
7 14
2 6 9 14
6 8 9 11
4 5 6 9 13
0 1 3 9
9 14
0 3 11
4 11
8 10 11
7 9
1 8
3 6
7 8
0 9 11 13 14
3 6 8 12
5 10
1 2 3 14
7 10
Processing times (o m w p):
0 3 0 63
0 3 1 70
0 3 4 62
0 3 7 64
0 3 9 58
0 3 10 67
0 3 11 68
0 3 13 59
0 4 2 74
0 4 3 75
0 4 4 70
0 4 5 78
0 4 6 71
0 4 7 76
0 4 10 65
0 4 14 67
0 9 2 62
0 9 4 69
0 9 6 61
0 9 7 63
0 9 8 57
0 9 11 66
0 9 13 67
0 9 14 58
0 11 3 64
0 11 5 71
0 11 8 63
0 11 9 65
0 11 10 59
0 11 11 68
0 11 13 69
0 11 14 60
1 2 1 42
1 2 2 41
1 2 3 41
1 2 5 39
1 2 7 47
1 2 8 42
1 2 10 45
1 2 13 40
1 4 2 41
1 4 3 40
1 4 4 40
1 4 5 38
1 4 6 46
1 4 7 41
1 4 10 44
1 4 14 39
1 6 0 41
1 6 1 40
1 6 4 40
1 6 5 38
1 6 6 46
1 6 7 41
1 6 8 44
1 6 13 39
1 13 3 43
1 13 6 36
1 13 8 42
1 13 9 38
1 13 10 42
1 13 11 41
1 13 13 44
1 13 14 44
1 14 0 47
1 14 3 46
1 14 5 46
1 14 6 44
1 14 10 52
1 14 11 47
1 14 12 50
1 14 13 45
2 5 0 62
2 5 3 69
2 5 5 61
2 5 6 63
2 5 7 57
2 5 8 66
2 5 11 67
2 5 13 58
2 12 3 67
2 12 4 66
2 12 6 66
2 12 7 74
2 12 8 72
2 12 9 77
2 12 11 65
2 12 14 65
2 13 3 61
2 13 6 68
2 13 8 60
2 13 9 62
2 13 10 56
2 13 11 65
2 13 13 66
2 13 14 57
3 0 2 43
3 0 3 42
3 0 4 42
3 0 6 40
3 0 9 48
3 0 11 43
3 0 13 46
3 0 14 41
3 2 1 42
3 2 2 41
3 2 3 41
3 2 5 39
3 2 7 47
3 2 8 42
3 2 10 45
3 2 13 40
3 3 0 42
3 3 1 41
3 3 4 41
3 3 7 39
3 3 9 47
3 3 10 42
3 3 11 45
3 3 13 40
3 4 2 40
3 4 3 39
3 4 4 39
3 4 5 37
3 4 6 45
3 4 7 40
3 4 10 43
3 4 14 38
3 6 0 48
3 6 1 47
3 6 4 47
3 6 5 45
3 6 6 53
3 6 7 48
3 6 8 51
3 6 13 46
4 2 1 96
4 2 2 89
4 2 3 95
4 2 5 91
4 2 7 95
4 2 8 94
4 2 10 97
4 2 13 88
4 5 0 95
4 5 3 88
4 5 5 94
4 5 6 90
4 5 7 94
4 5 8 93
4 5 11 96
4 5 13 87
4 7 2 95
4 7 3 88
4 7 4 94
4 7 6 90
4 7 8 94
4 7 9 93
4 7 12 96
4 7 14 87
4 10 0 90
4 10 1 89
4 10 2 89
4 10 4 97
4 10 5 95
4 10 7 90
4 10 12 93
4 10 13 88
5 3 0 92
5 3 1 85
5 3 4 91
5 3 7 87
5 3 9 91
5 3 10 90
5 3 11 93
5 3 13 84
5 7 2 89
5 7 3 88
5 7 4 88
5 7 6 96
5 7 8 94
5 7 9 89
5 7 12 92
5 7 14 87
5 8 0 92
5 8 1 91
5 8 2 91
5 8 3 99
5 8 5 97
5 8 6 92
5 8 9 95
5 8 11 90
5 10 0 92
5 10 1 85
5 10 2 91
5 10 4 87
5 10 5 91
5 10 7 90
5 10 12 93
5 10 13 84
5 13 3 89
5 13 6 88
5 13 8 88
5 13 9 96
5 13 10 94
5 13 11 89
5 13 13 92
5 13 14 87
6 1 0 30
6 1 2 29
6 1 3 29
6 1 4 31
6 1 5 29
6 1 6 28
6 1 12 31
6 1 13 28
6 5 0 29
6 5 3 28
6 5 5 28
6 5 6 30
6 5 7 28
6 5 8 27
6 5 11 30
6 5 13 27
7 1 0 28
7 1 2 27
7 1 3 27
7 1 4 29
7 1 5 27
7 1 6 26
7 1 12 29
7 1 13 26
7 4 2 27
7 4 3 26
7 4 4 26
7 4 5 28
7 4 6 26
7 4 7 25
7 4 10 28
7 4 14 25
7 13 3 27
7 13 6 26
7 13 8 26
7 13 9 28
7 13 10 26
7 13 11 25
7 13 13 28
7 13 14 25
8 0 2 87
8 0 3 86
8 0 4 86
8 0 6 94
8 0 9 92
8 0 11 87
8 0 13 90
8 0 14 85
8 9 2 86
8 9 4 85
8 9 6 85
8 9 7 93
8 9 8 91
8 9 11 86
8 9 13 89
8 9 14 84
8 10 0 86
8 10 1 85
8 10 2 85
8 10 4 93
8 10 5 91
8 10 7 86
8 10 12 89
8 10 13 84
8 11 3 103
8 11 5 96
8 11 8 102
8 11 9 104
8 11 10 105
8 11 11 107
8 11 13 101
8 11 14 92
8 13 3 92
8 13 6 91
8 13 8 91
8 13 9 99
8 13 10 97
8 13 11 92
8 13 13 95
8 13 14 90
9 1 0 14
9 1 2 15
9 1 3 13
9 1 4 15
9 1 5 14
9 1 6 15
9 1 12 12
9 1 13 13
9 13 3 15
9 13 6 16
9 13 8 14
9 13 9 16
9 13 10 15
9 13 11 16
9 13 13 13
9 13 14 14
10 3 0 96
10 3 1 89
10 3 4 95
10 3 7 91
10 3 9 95
10 3 10 94
10 3 11 97
10 3 13 88
10 7 2 89
10 7 3 82
10 7 4 88
10 7 6 84
10 7 8 88
10 7 9 87
10 7 12 90
10 7 14 81
11 2 1 77
11 2 2 78
11 2 3 73
11 2 5 81
11 2 7 74
11 2 8 79
11 2 10 68
11 2 13 70
11 6 0 78
11 6 1 79
11 6 4 74
11 6 5 82
11 6 6 75
11 6 7 80
11 6 8 69
11 6 13 71
11 10 0 67
11 10 1 66
11 10 2 66
11 10 4 74
11 10 5 72
11 10 7 77
11 10 12 65
11 10 13 65
11 14 0 81
11 14 3 82
11 14 5 77
11 14 6 85
11 14 10 78
11 14 11 83
11 14 12 72
11 14 13 74
12 2 1 33
12 2 2 34
12 2 3 31
12 2 5 35
12 2 7 32
12 2 8 34
12 2 10 29
12 2 13 30
12 4 2 34
12 4 3 35
12 4 4 32
12 4 5 36
12 4 6 33
12 4 7 35
12 4 10 30
12 4 14 31
12 5 0 33
12 5 3 33
12 5 5 32
12 5 6 27
12 5 7 28
12 5 8 30
12 5 11 31
12 5 13 29
12 7 2 35
12 7 3 36
12 7 4 33
12 7 6 37
12 7 8 34
12 7 9 36
12 7 12 31
12 7 14 32
13 0 2 38
13 0 3 39
13 0 4 36
13 0 6 40
13 0 9 37
13 0 11 39
13 0 13 34
13 0 14 35
13 3 0 39
13 3 1 40
13 3 4 37
13 3 7 41
13 3 9 38
13 3 10 40
13 3 11 35
13 3 13 36
13 5 0 36
13 5 3 37
13 5 5 34
13 5 6 38
13 5 7 35
13 5 8 37
13 5 11 32
13 5 13 33
13 13 3 40
13 13 6 41
13 13 8 38
13 13 9 42
13 13 10 39
13 13 11 41
13 13 13 36
13 13 14 37
14 5 0 60
14 5 3 67
14 5 5 59
14 5 6 61
14 5 7 55
14 5 8 64
14 5 11 65
14 5 13 56
14 6 0 67
14 6 1 74
14 6 4 66
14 6 5 68
14 6 6 62
14 6 7 71
14 6 8 72
14 6 13 63
14 7 2 57
14 7 3 62
14 7 4 56
14 7 6 63
14 7 8 61
14 7 9 56
14 7 12 59
14 7 14 57
14 11 3 61
14 11 5 68
14 11 8 60
14 11 9 62
14 11 10 56
14 11 11 65
14 11 13 66
14 11 14 57
15 5 0 85
15 5 3 95
15 5 5 98
15 5 6 85
15 5 7 95
15 5 8 99
15 5 11 89
15 5 13 97
15 7 2 90
15 7 3 83
15 7 4 89
15 7 6 85
15 7 8 89
15 7 9 88
15 7 12 91
15 7 14 82
15 8 0 96
15 8 1 89
15 8 2 95
15 8 3 91
15 8 5 95
15 8 6 94
15 8 9 97
15 8 11 88
16 4 2 80
16 4 3 81
16 4 4 76
16 4 5 84
16 4 6 77
16 4 7 82
16 4 10 71
16 4 14 73
16 8 0 81
16 8 1 82
16 8 2 77
16 8 3 85
16 8 5 78
16 8 6 83
16 8 9 72
16 8 11 74
17 0 2 92
17 0 3 85
17 0 4 91
17 0 6 87
17 0 9 91
17 0 11 90
17 0 13 93
17 0 14 84
17 6 0 91
17 6 1 84
17 6 4 90
17 6 5 86
17 6 6 90
17 6 7 89
17 6 8 92
17 6 13 83
17 8 0 91
17 8 1 84
17 8 2 90
17 8 3 86
17 8 5 90
17 8 6 89
17 8 9 92
17 8 11 83
18 1 0 29
18 1 2 28
18 1 3 28
18 1 4 30
18 1 5 28
18 1 6 27
18 1 12 30
18 1 13 27
18 2 1 28
18 2 2 27
18 2 3 27
18 2 5 29
18 2 7 27
18 2 8 26
18 2 10 29
18 2 13 26
18 3 0 28
18 3 1 27
18 3 4 27
18 3 7 29
18 3 9 27
18 3 10 26
18 3 11 29
18 3 13 26
18 8 0 30
18 8 1 29
18 8 2 29
18 8 3 31
18 8 5 29
18 8 6 28
18 8 9 31
18 8 11 28
18 13 3 28
18 13 6 27
18 13 8 27
18 13 9 29
18 13 10 27
18 13 11 26
18 13 13 29
18 13 14 26
19 4 2 49
19 4 3 48
19 4 4 48
19 4 5 56
19 4 6 54
19 4 7 53
19 4 10 56
19 4 14 47
19 6 0 51
19 6 1 45
19 6 4 46
19 6 5 47
19 6 6 52
19 6 7 45
19 6 8 45
19 6 13 55
19 9 2 51
19 9 4 45
19 9 6 46
19 9 7 47
19 9 8 52
19 9 11 45
19 9 13 45
19 9 14 55
19 12 3 56
19 12 4 55
19 12 6 55
19 12 7 63
19 12 8 61
19 12 9 60
19 12 11 63
19 12 14 54
20 2 1 55
20 2 2 54
20 2 3 54
20 2 5 62
20 2 7 60
20 2 8 59
20 2 10 62
20 2 13 53
20 3 0 61
20 3 1 68
20 3 4 60
20 3 7 62
20 3 9 56
20 3 10 65
20 3 11 66
20 3 13 57
20 5 0 54
20 5 3 53
20 5 5 53
20 5 6 61
20 5 7 59
20 5 8 58
20 5 11 61
20 5 13 52
20 6 0 62
20 6 1 69
20 6 4 61
20 6 5 63
20 6 6 57
20 6 7 66
20 6 8 67
20 6 13 58
20 14 0 60
20 14 3 67
20 14 5 59
20 14 6 61
20 14 10 55
20 14 11 64
20 14 12 65
20 14 13 56
21 0 2 43
21 0 3 42
21 0 4 42
21 0 6 40
21 0 9 48
21 0 11 43
21 0 13 46
21 0 14 41
21 9 2 42
21 9 4 41
21 9 6 41
21 9 7 39
21 9 8 47
21 9 11 42
21 9 13 45
21 9 14 40
22 1 0 96
22 1 2 89
22 1 3 95
22 1 4 91
22 1 5 95
22 1 6 94
22 1 12 97
22 1 13 88
22 3 0 89
22 3 1 82
22 3 4 88
22 3 7 84
22 3 9 88
22 3 10 87
22 3 11 90
22 3 13 81
22 6 0 95
22 6 1 88
22 6 4 94
22 6 5 90
22 6 6 94
22 6 7 93
22 6 8 96
22 6 13 87
22 11 3 91
22 11 5 84
22 11 8 90
22 11 9 86
22 11 10 90
22 11 11 89
22 11 13 92
22 11 14 83
22 14 0 95
22 14 3 88
22 14 5 94
22 14 6 90
22 14 10 94
22 14 11 93
22 14 12 96
22 14 13 87
23 2 1 79
23 2 2 80
23 2 3 75
23 2 5 83
23 2 7 76
23 2 8 81
23 2 10 70
23 2 13 72
23 6 0 80
23 6 1 81
23 6 4 76
23 6 5 84
23 6 6 77
23 6 7 82
23 6 8 71
23 6 13 73
23 7 2 75
23 7 3 76
23 7 4 71
23 7 6 79
23 7 8 72
23 7 9 77
23 7 12 66
23 7 14 68
23 8 0 85
23 8 1 75
23 8 2 85
23 8 3 75
23 8 5 86
23 8 6 84
23 8 9 77
23 8 11 86
23 11 3 76
23 11 5 77
23 11 8 72
23 11 9 80
23 11 10 73
23 11 11 78
23 11 13 67
23 11 14 69
24 2 1 57
24 2 2 62
24 2 3 56
24 2 5 63
24 2 7 61
24 2 8 56
24 2 10 59
24 2 13 57
24 4 2 66
24 4 3 73
24 4 4 65
24 4 5 67
24 4 6 61
24 4 7 70
24 4 10 71
24 4 14 62
24 14 0 57
24 14 3 56
24 14 5 56
24 14 6 64
24 14 10 62
24 14 11 61
24 14 12 64
24 14 13 55
25 2 1 40
25 2 2 41
25 2 3 38
25 2 5 42
25 2 7 39
25 2 8 41
25 2 10 36
25 2 13 37
25 4 2 43
25 4 3 36
25 4 4 42
25 4 5 38
25 4 6 42
25 4 7 41
25 4 10 44
25 4 14 44
25 13 3 38
25 13 6 39
25 13 8 36
25 13 9 40
25 13 10 37
25 13 11 39
25 13 13 34
25 13 14 35
26 5 0 34
26 5 3 35
26 5 5 32
26 5 6 36
26 5 7 33
26 5 8 35
26 5 11 30
26 5 13 31
26 12 3 35
26 12 4 36
26 12 6 33
26 12 7 37
26 12 8 34
26 12 9 36
26 12 11 31
26 12 14 32
26 13 3 32
26 13 6 33
26 13 8 30
26 13 9 34
26 13 10 31
26 13 11 33
26 13 13 28
26 13 14 29
27 0 2 10
27 0 3 9
27 0 4 9
27 0 6 11
27 0 9 9
27 0 11 11
27 0 13 11
27 0 14 11
27 1 0 9
27 1 2 9
27 1 3 8
27 1 4 9
27 1 5 9
27 1 6 9
27 1 12 8
27 1 13 8
27 7 2 9
27 7 3 9
27 7 4 8
27 7 6 9
27 7 8 9
27 7 9 9
27 7 12 8
27 7 14 8
28 3 0 66
28 3 1 73
28 3 4 65
28 3 7 67
28 3 9 61
28 3 10 70
28 3 11 71
28 3 13 62
28 11 3 77
28 11 5 78
28 11 8 73
28 11 9 81
28 11 10 74
28 11 11 79
28 11 13 68
28 11 14 70
28 13 3 65
28 13 6 72
28 13 8 64
28 13 9 66
28 13 10 60
28 13 11 69
28 13 13 70
28 13 14 61
28 14 0 67
28 14 3 74
28 14 5 66
28 14 6 68
28 14 10 62
28 14 11 71
28 14 12 72
28 14 13 63
29 8 0 86
29 8 1 85
29 8 2 85
29 8 3 93
29 8 5 91
29 8 6 86
29 8 9 89
29 8 11 84
29 13 3 85
29 13 6 84
29 13 8 84
29 13 9 92
29 13 10 90
29 13 11 85
29 13 13 88
29 13 14 83
30 5 0 51
30 5 3 45
30 5 5 46
30 5 6 47
30 5 7 52
30 5 8 45
30 5 11 45
30 5 13 55
30 9 2 48
30 9 4 47
30 9 6 47
30 9 7 45
30 9 8 53
30 9 11 48
30 9 13 51
30 9 14 46
30 11 3 48
30 11 5 47
30 11 8 47
30 11 9 45
30 11 10 53
30 11 11 48
30 11 13 51
30 11 14 46
31 4 2 14
31 4 3 15
31 4 4 13
31 4 5 15
31 4 6 14
31 4 7 15
31 4 10 12
31 4 14 13
31 10 0 15
31 10 1 16
31 10 2 14
31 10 4 16
31 10 5 15
31 10 7 16
31 10 12 13
31 10 13 14
32 7 2 95
32 7 3 88
32 7 4 94
32 7 6 90
32 7 8 94
32 7 9 93
32 7 12 96
32 7 14 87
32 8 0 88
32 8 1 81
32 8 2 87
32 8 3 83
32 8 5 87
32 8 6 86
32 8 9 89
32 8 11 80
32 9 2 94
32 9 4 87
32 9 6 93
32 9 7 89
32 9 8 93
32 9 11 92
32 9 13 95
32 9 14 86
33 3 0 80
33 3 1 81
33 3 4 76
33 3 7 84
33 3 9 77
33 3 10 82
33 3 11 71
33 3 13 73
33 4 2 81
33 4 3 82
33 4 4 77
33 4 5 85
33 4 6 78
33 4 7 83
33 4 10 72
33 4 14 74
33 11 3 76
33 11 5 77
33 11 8 72
33 11 9 80
33 11 10 73
33 11 11 78
33 11 13 67
33 11 14 69
33 14 0 88
33 14 3 81
33 14 5 87
33 14 6 83
33 14 10 87
33 14 11 86
33 14 12 89
33 14 13 80
34 6 0 39
34 6 1 40
34 6 4 37
34 6 5 41
34 6 6 38
34 6 7 40
34 6 8 35
34 6 13 36
34 8 0 40
34 8 1 41
34 8 2 38
34 8 3 42
34 8 5 39
34 8 6 41
34 8 9 36
34 8 11 37
35 3 0 80
35 3 1 81
35 3 4 76
35 3 7 84
35 3 9 77
35 3 10 82
35 3 11 71
35 3 13 73
35 6 0 81
35 6 1 82
35 6 4 77
35 6 5 85
35 6 6 78
35 6 7 83
35 6 8 72
35 6 13 74
35 10 0 76
35 10 1 77
35 10 2 72
35 10 4 80
35 10 5 73
35 10 7 78
35 10 12 67
35 10 13 69
35 13 3 88
35 13 6 81
35 13 8 87
35 13 9 83
35 13 10 87
35 13 11 86
35 13 13 89
35 13 14 80
36 8 0 41
36 8 1 40
36 8 2 40
36 8 3 38
36 8 5 46
36 8 6 41
36 8 9 44
36 8 11 39
36 9 2 40
36 9 4 39
36 9 6 39
36 9 7 37
36 9 8 45
36 9 11 40
36 9 13 43
36 9 14 38
36 14 0 40
36 14 3 39
36 14 5 39
36 14 6 37
36 14 10 45
36 14 11 40
36 14 12 43
36 14 13 38
37 10 0 26
37 10 1 25
37 10 2 25
37 10 4 27
37 10 5 25
37 10 7 24
37 10 12 27
37 10 13 24
37 11 3 25
37 11 5 24
37 11 8 24
37 11 9 26
37 11 10 24
37 11 11 23
37 11 13 26
37 11 14 23
38 0 2 86
38 0 3 85
38 0 4 85
38 0 6 93
38 0 9 91
38 0 11 86
38 0 13 89
38 0 14 84
38 10 0 92
38 10 1 85
38 10 2 91
38 10 4 87
38 10 5 91
38 10 7 90
38 10 12 93
38 10 13 84
39 3 0 40
39 3 1 41
39 3 4 38
39 3 7 42
39 3 9 39
39 3 10 41
39 3 11 36
39 3 13 37
39 5 0 43
39 5 3 36
39 5 5 42
39 5 6 38
39 5 7 42
39 5 8 41
39 5 11 44
39 5 13 44
39 6 0 38
39 6 1 39
39 6 4 36
39 6 5 40
39 6 6 37
39 6 7 39
39 6 8 34
39 6 13 35
39 11 3 40
39 11 5 39
39 11 8 39
39 11 9 37
39 11 10 45
39 11 11 40
39 11 13 43
39 11 14 38
39 12 3 39
39 12 4 40
39 12 6 37
39 12 7 41
39 12 8 38
39 12 9 40
39 12 11 35
39 12 14 36
40 2 1 51
40 2 2 50
40 2 3 50
40 2 5 58
40 2 7 56
40 2 8 55
40 2 10 58
40 2 13 49
40 5 0 50
40 5 3 49
40 5 5 49
40 5 6 57
40 5 7 55
40 5 8 54
40 5 11 57
40 5 13 48
40 8 0 50
40 8 1 49
40 8 2 49
40 8 3 57
40 8 5 55
40 8 6 54
40 8 9 57
40 8 11 48
40 12 3 57
40 12 4 62
40 12 6 56
40 12 7 63
40 12 8 61
40 12 9 56
40 12 11 59
40 12 14 57
40 13 3 56
40 13 6 55
40 13 8 55
40 13 9 63
40 13 10 61
40 13 11 60
40 13 13 63
40 13 14 54
41 8 0 47
41 8 1 46
41 8 2 46
41 8 3 44
41 8 5 52
41 8 6 47
41 8 9 50
41 8 11 45
41 10 0 46
41 10 1 45
41 10 2 45
41 10 4 43
41 10 5 51
41 10 7 46
41 10 12 49
41 10 13 44
41 12 3 46
41 12 4 45
41 12 6 45
41 12 7 43
41 12 8 51
41 12 9 46
41 12 11 49
41 12 14 44
41 13 3 44
41 13 6 43
41 13 8 43
41 13 9 41
41 13 10 49
41 13 11 44
41 13 13 47
41 13 14 42
42 2 1 67
42 2 2 74
42 2 3 66
42 2 5 68
42 2 7 62
42 2 8 71
42 2 10 72
42 2 13 63
42 3 0 78
42 3 1 79
42 3 4 74
42 3 7 82
42 3 9 75
42 3 10 80
42 3 11 69
42 3 13 71
42 6 0 66
42 6 1 73
42 6 4 65
42 6 5 67
42 6 6 61
42 6 7 70
42 6 8 71
42 6 13 62
42 11 3 68
42 11 5 75
42 11 8 67
42 11 9 69
42 11 10 63
42 11 11 72
42 11 13 73
42 11 14 64
43 2 1 86
43 2 2 85
43 2 3 85
43 2 5 93
43 2 7 91
43 2 8 86
43 2 10 89
43 2 13 84
43 4 2 92
43 4 3 85
43 4 4 91
43 4 5 87
43 4 6 91
43 4 7 90
43 4 10 93
43 4 14 84
43 13 3 85
43 13 6 84
43 13 8 84
43 13 9 92
43 13 10 90
43 13 11 85
43 13 13 88
43 13 14 83
44 0 2 90
44 0 3 89
44 0 4 89
44 0 6 97
44 0 9 95
44 0 11 90
44 0 13 93
44 0 14 88
44 3 0 96
44 3 1 89
44 3 4 95
44 3 7 91
44 3 9 95
44 3 10 94
44 3 11 97
44 3 13 88
44 4 2 89
44 4 3 88
44 4 4 88
44 4 5 96
44 4 6 94
44 4 7 89
44 4 10 92
44 4 14 87
44 5 0 85
44 5 3 84
44 5 5 84
44 5 6 92
44 5 7 90
44 5 8 85
44 5 11 88
44 5 13 83
44 6 0 89
44 6 1 88
44 6 4 88
44 6 5 96
44 6 6 94
44 6 7 89
44 6 8 92
44 6 13 87
45 4 2 50
45 4 3 49
45 4 4 49
45 4 5 57
45 4 6 55
45 4 7 54
45 4 10 57
45 4 14 48
45 7 2 49
45 7 3 48
45 7 4 48
45 7 6 56
45 7 8 54
45 7 9 53
45 7 12 56
45 7 14 47
45 8 0 49
45 8 1 48
45 8 2 48
45 8 3 56
45 8 5 54
45 8 6 53
45 8 9 56
45 8 11 47
45 9 2 57
45 9 4 56
45 9 6 56
45 9 7 64
45 9 8 62
45 9 11 61
45 9 13 64
45 9 14 55
46 6 0 92
46 6 1 85
46 6 4 91
46 6 5 87
46 6 6 91
46 6 7 90
46 6 8 93
46 6 13 84
46 7 2 91
46 7 3 84
46 7 4 90
46 7 6 86
46 7 8 90
46 7 9 89
46 7 12 92
46 7 14 83
46 10 0 91
46 10 1 84
46 10 2 90
46 10 4 86
46 10 5 90
46 10 7 89
46 10 12 92
46 10 13 83
46 12 3 86
46 12 4 85
46 12 6 85
46 12 7 93
46 12 8 91
46 12 9 86
46 12 11 89
46 12 14 84
46 13 3 85
46 13 6 95
46 13 8 98
46 13 9 85
46 13 10 95
46 13 11 99
46 13 13 89
46 13 14 97
47 1 0 35
47 1 2 36
47 1 3 33
47 1 4 37
47 1 5 34
47 1 6 36
47 1 12 31
47 1 13 32
47 7 2 36
47 7 3 37
47 7 4 34
47 7 6 38
47 7 8 35
47 7 9 37
47 7 12 32
47 7 14 33
47 8 0 33
47 8 1 34
47 8 2 31
47 8 3 35
47 8 5 32
47 8 6 34
47 8 9 29
47 8 11 30
47 10 0 37
47 10 1 38
47 10 2 35
47 10 4 39
47 10 5 36
47 10 7 38
47 10 12 33
47 10 13 34
48 4 2 46
48 4 3 45
48 4 4 45
48 4 5 43
48 4 6 51
48 4 7 46
48 4 10 49
48 4 14 44
48 6 0 45
48 6 1 44
48 6 4 44
48 6 5 42
48 6 6 50
48 6 7 45
48 6 8 48
48 6 13 43
48 11 3 45
48 11 5 44
48 11 8 44
48 11 9 42
48 11 10 50
48 11 11 45
48 11 13 48
48 11 14 43
49 3 0 14
49 3 1 15
49 3 4 13
49 3 7 15
49 3 9 14
49 3 10 15
49 3 11 12
49 3 13 13
49 6 0 15
49 6 1 16
49 6 4 14
49 6 5 16
49 6 6 15
49 6 7 16
49 6 8 13
49 6 13 14
49 7 2 13
49 7 3 14
49 7 4 12
49 7 6 14
49 7 8 13
49 7 9 14
49 7 12 11
49 7 14 12
49 10 0 15
49 10 1 16
49 10 2 14
49 10 4 16
49 10 5 15
49 10 7 16
49 10 12 13
49 10 13 14
49 13 3 14
49 13 6 15
49 13 8 13
49 13 9 15
49 13 10 14
49 13 11 15
49 13 13 12
49 13 14 13
50 9 2 96
50 9 4 89
50 9 6 95
50 9 7 91
50 9 8 95
50 9 11 94
50 9 13 97
50 9 14 88
50 12 3 89
50 12 4 82
50 12 6 88
50 12 7 84
50 12 8 88
50 12 9 87
50 12 11 90
50 12 14 81
51 7 2 33
51 7 3 33
51 7 4 32
51 7 6 27
51 7 8 28
51 7 9 30
51 7 12 31
51 7 14 29
51 11 3 30
51 11 5 29
51 11 8 29
51 11 9 31
51 11 10 29
51 11 11 28
51 11 13 31
51 11 14 28
52 3 0 12
52 3 1 13
52 3 4 11
52 3 7 13
52 3 9 12
52 3 10 13
52 3 11 10
52 3 13 11
52 6 0 13
52 6 1 14
52 6 4 12
52 6 5 14
52 6 6 13
52 6 7 14
52 6 8 11
52 6 13 12
52 14 0 11
52 14 3 12
52 14 5 10
52 14 6 12
52 14 10 11
52 14 11 12
52 14 12 9
52 14 13 10
53 0 2 48
53 0 3 47
53 0 4 47
53 0 6 45
53 0 9 53
53 0 11 48
53 0 13 51
53 0 14 46
53 3 0 47
53 3 1 46
53 3 4 46
53 3 7 44
53 3 9 52
53 3 10 47
53 3 11 50
53 3 13 45
53 12 3 47
53 12 4 46
53 12 6 46
53 12 7 44
53 12 8 52
53 12 9 47
53 12 11 50
53 12 14 45
54 7 2 88
54 7 3 87
54 7 4 87
54 7 6 95
54 7 8 93
54 7 9 88
54 7 12 91
54 7 14 86
54 10 0 94
54 10 1 87
54 10 2 93
54 10 4 89
54 10 5 93
54 10 7 92
54 10 12 95
54 10 13 86
54 12 3 87
54 12 4 86
54 12 6 86
54 12 7 94
54 12 8 92
54 12 9 87
54 12 11 90
54 12 14 85
55 1 0 11
55 1 2 12
55 1 3 10
55 1 4 12
55 1 5 11
55 1 6 12
55 1 12 9
55 1 13 10
55 2 1 12
55 2 2 13
55 2 3 11
55 2 5 13
55 2 7 12
55 2 8 13
55 2 10 10
55 2 13 11
55 7 2 10
55 7 3 9
55 7 4 9
55 7 6 11
55 7 8 9
55 7 9 11
55 7 12 11
55 7 14 11
56 0 2 88
56 0 3 81
56 0 4 87
56 0 6 83
56 0 9 87
56 0 11 86
56 0 13 89
56 0 14 80
56 4 2 89
56 4 3 82
56 4 4 88
56 4 5 84
56 4 6 88
56 4 7 87
56 4 10 90
56 4 14 81
56 7 2 80
56 7 3 81
56 7 4 76
56 7 6 84
56 7 8 77
56 7 9 82
56 7 12 71
56 7 14 73
56 12 3 92
56 12 4 85
56 12 6 91
56 12 7 87
56 12 8 91
56 12 9 90
56 12 11 93
56 12 14 84
57 1 0 66
57 1 2 73
57 1 3 65
57 1 4 67
57 1 5 61
57 1 6 70
57 1 12 71
57 1 13 62
57 5 0 65
57 5 3 72
57 5 5 64
57 5 6 66
57 5 7 60
57 5 8 69
57 5 11 70
57 5 13 61
57 6 0 65
57 6 1 72
57 6 4 64
57 6 5 66
57 6 6 60
57 6 7 69
57 6 8 70
57 6 13 61
58 0 2 63
58 0 3 70
58 0 4 62
58 0 6 64
58 0 9 58
58 0 11 67
58 0 13 68
58 0 14 59
58 7 2 74
58 7 3 75
58 7 4 70
58 7 6 78
58 7 8 71
58 7 9 76
58 7 12 65
58 7 14 67
59 1 0 51
59 1 2 45
59 1 3 46
59 1 4 47
59 1 5 52
59 1 6 45
59 1 12 45
59 1 13 55
59 12 3 48
59 12 4 47
59 12 6 47
59 12 7 45
59 12 8 53
59 12 9 48
59 12 11 51
59 12 14 46
60 4 2 92
60 4 3 85
60 4 4 91
60 4 5 87
60 4 6 91
60 4 7 90
60 4 10 93
60 4 14 84
60 9 2 89
60 9 4 88
60 9 6 88
60 9 7 96
60 9 8 94
60 9 11 89
60 9 13 92
60 9 14 87
60 14 0 92
60 14 3 91
60 14 5 91
60 14 6 99
60 14 10 97
60 14 11 92
60 14 12 95
60 14 13 90
61 11 3 12
61 11 5 13
61 11 8 11
61 11 9 13
61 11 10 12
61 11 11 13
61 11 13 10
61 11 14 11
61 13 3 13
61 13 6 14
61 13 8 12
61 13 9 14
61 13 10 13
61 13 11 14
61 13 13 11
61 13 14 12
62 1 0 89
62 1 2 88
62 1 3 88
62 1 4 96
62 1 5 94
62 1 6 89
62 1 12 92
62 1 13 87
62 6 0 95
62 6 1 88
62 6 4 94
62 6 5 90
62 6 6 94
62 6 7 93
62 6 8 96
62 6 13 87
62 10 0 88
62 10 1 87
62 10 2 87
62 10 4 95
62 10 5 93
62 10 7 88
62 10 12 91
62 10 13 86
62 11 3 85
62 11 5 95
62 11 8 98
62 11 9 85
62 11 10 95
62 11 11 99
62 11 13 89
62 11 14 97
62 14 0 88
62 14 3 87
62 14 5 87
62 14 6 95
62 14 10 93
62 14 11 88
62 14 12 91
62 14 13 86
63 5 0 54
63 5 3 53
63 5 5 53
63 5 6 61
63 5 7 59
63 5 8 58
63 5 11 61
63 5 13 52
63 6 0 53
63 6 1 52
63 6 4 52
63 6 5 60
63 6 6 58
63 6 7 57
63 6 8 60
63 6 13 51
63 7 2 53
63 7 3 52
63 7 4 52
63 7 6 60
63 7 8 58
63 7 9 57
63 7 12 60
63 7 14 51
64 0 2 23
64 0 3 22
64 0 4 22
64 0 6 24
64 0 9 22
64 0 11 21
64 0 13 24
64 0 14 21
64 2 1 22
64 2 2 21
64 2 3 21
64 2 5 23
64 2 7 21
64 2 8 20
64 2 10 23
64 2 13 20
64 3 0 22
64 3 1 21
64 3 4 21
64 3 7 23
64 3 9 21
64 3 10 20
64 3 11 23
64 3 13 20
64 8 0 24
64 8 1 23
64 8 2 23
64 8 3 25
64 8 5 23
64 8 6 22
64 8 9 25
64 8 11 22
64 11 3 22
64 11 5 21
64 11 8 21
64 11 9 23
64 11 10 21
64 11 11 20
64 11 13 23
64 11 14 20
65 0 2 28
65 0 3 27
65 0 4 27
65 0 6 29
65 0 9 27
65 0 11 26
65 0 13 29
65 0 14 26
65 5 0 27
65 5 3 26
65 5 5 26
65 5 6 28
65 5 7 26
65 5 8 25
65 5 11 28
65 5 13 25
65 6 0 27
65 6 1 26
65 6 4 26
65 6 5 28
65 6 6 26
65 6 7 25
65 6 8 28
65 6 13 25
65 8 0 29
65 8 1 28
65 8 2 28
65 8 3 30
65 8 5 28
65 8 6 27
65 8 9 30
65 8 11 27
65 10 0 27
65 10 1 26
65 10 2 26
65 10 4 28
65 10 5 26
65 10 7 25
65 10 12 28
65 10 13 25
66 2 1 86
66 2 2 85
66 2 3 85
66 2 5 93
66 2 7 91
66 2 8 86
66 2 10 89
66 2 13 84
66 6 0 92
66 6 1 85
66 6 4 91
66 6 5 87
66 6 6 91
66 6 7 90
66 6 8 93
66 6 13 84
66 7 2 85
66 7 3 84
66 7 4 84
66 7 6 92
66 7 8 90
66 7 9 85
66 7 12 88
66 7 14 83
66 11 3 94
66 11 5 87
66 11 8 93
66 11 9 89
66 11 10 93
66 11 11 92
66 11 13 95
66 11 14 86
67 2 1 42
67 2 2 41
67 2 3 41
67 2 5 39
67 2 7 47
67 2 8 42
67 2 10 45
67 2 13 40
67 4 2 41
67 4 3 40
67 4 4 40
67 4 5 38
67 4 6 46
67 4 7 41
67 4 10 44
67 4 14 39
67 6 0 41
67 6 1 40
67 6 4 40
67 6 5 38
67 6 6 46
67 6 7 41
67 6 8 44
67 6 13 39
68 2 1 93
68 2 2 86
68 2 3 92
68 2 5 88
68 2 7 92
68 2 8 91
68 2 10 94
68 2 13 85
68 14 0 92
68 14 3 85
68 14 5 91
68 14 6 87
68 14 10 91
68 14 11 90
68 14 12 93
68 14 13 84
69 0 2 67
69 0 3 74
69 0 4 66
69 0 6 68
69 0 9 62
69 0 11 71
69 0 13 72
69 0 14 63
69 6 0 78
69 6 1 79
69 6 4 74
69 6 5 82
69 6 6 75
69 6 7 80
69 6 8 69
69 6 13 71
69 8 0 66
69 8 1 73
69 8 2 65
69 8 3 67
69 8 5 61
69 8 6 70
69 8 9 71
69 8 11 62
69 10 0 68
69 10 1 75
69 10 2 67
69 10 4 69
69 10 5 63
69 10 7 72
69 10 12 73
69 10 13 64
69 14 0 62
69 14 3 69
69 14 5 61
69 14 6 63
69 14 10 57
69 14 11 66
69 14 12 67
69 14 13 58
70 2 1 14
70 2 2 15
70 2 3 13
70 2 5 15
70 2 7 14
70 2 8 15
70 2 10 12
70 2 13 13
70 3 0 15
70 3 1 16
70 3 4 14
70 3 7 16
70 3 9 15
70 3 10 16
70 3 11 13
70 3 13 14
70 5 0 13
70 5 3 14
70 5 5 12
70 5 6 14
70 5 7 13
70 5 8 14
70 5 11 11
70 5 13 12
70 9 2 15
70 9 4 16
70 9 6 14
70 9 7 16
70 9 8 15
70 9 11 16
70 9 13 13
70 9 14 14
71 0 2 34
71 0 3 35
71 0 4 32
71 0 6 36
71 0 9 33
71 0 11 35
71 0 13 30
71 0 14 31
71 6 0 35
71 6 1 36
71 6 4 33
71 6 5 37
71 6 6 34
71 6 7 36
71 6 8 31
71 6 13 32
72 0 2 42
72 0 3 41
72 0 4 41
72 0 6 39
72 0 9 47
72 0 11 42
72 0 13 45
72 0 14 40
72 11 3 37
72 11 5 38
72 11 8 35
72 11 9 39
72 11 10 36
72 11 11 38
72 11 13 33
72 11 14 34
73 0 2 90
73 0 3 89
73 0 4 89
73 0 6 97
73 0 9 95
73 0 11 90
73 0 13 93
73 0 14 88
73 1 0 96
73 1 2 89
73 1 3 95
73 1 4 91
73 1 5 95
73 1 6 94
73 1 12 97
73 1 13 88
73 2 1 89
73 2 2 88
73 2 3 88
73 2 5 96
73 2 7 94
73 2 8 89
73 2 10 92
73 2 13 87
73 6 0 85
73 6 1 84
73 6 4 84
73 6 5 92
73 6 6 90
73 6 7 85
73 6 8 88
73 6 13 83
73 8 0 89
73 8 1 88
73 8 2 88
73 8 3 96
73 8 5 94
73 8 6 89
73 8 9 92
73 8 11 87
74 0 2 40
74 0 3 41
74 0 4 38
74 0 6 42
74 0 9 39
74 0 11 41
74 0 13 36
74 0 14 37
74 3 0 43
74 3 1 36
74 3 4 42
74 3 7 38
74 3 9 42
74 3 10 41
74 3 11 44
74 3 13 44
74 4 2 38
74 4 3 39
74 4 4 36
74 4 5 40
74 4 6 37
74 4 7 39
74 4 10 34
74 4 14 35
74 12 3 40
74 12 4 39
74 12 6 39
74 12 7 37
74 12 8 45
74 12 9 40
74 12 11 43
74 12 14 38
75 1 0 45
75 1 2 44
75 1 3 44
75 1 4 42
75 1 5 50
75 1 6 45
75 1 12 48
75 1 13 43
75 5 0 44
75 5 3 43
75 5 5 43
75 5 6 41
75 5 7 49
75 5 8 44
75 5 11 47
75 5 13 42
75 10 0 44
75 10 1 43
75 10 2 43
75 10 4 41
75 10 5 49
75 10 7 44
75 10 12 47
75 10 13 42
76 6 0 10
76 6 1 9
76 6 4 9
76 6 5 11
76 6 6 9
76 6 7 11
76 6 8 11
76 6 13 11
76 8 0 9
76 8 1 9
76 8 2 8
76 8 3 9
76 8 5 9
76 8 6 9
76 8 9 8
76 8 11 8
77 0 2 25
77 0 3 24
77 0 4 24
77 0 6 26
77 0 9 24
77 0 11 23
77 0 13 26
77 0 14 23
77 1 0 24
77 1 2 23
77 1 3 23
77 1 4 25
77 1 5 23
77 1 6 22
77 1 12 25
77 1 13 22
77 5 0 24
77 5 3 23
77 5 5 23
77 5 6 25
77 5 7 23
77 5 8 22
77 5 11 25
77 5 13 22
77 10 0 26
77 10 1 25
77 10 2 25
77 10 4 27
77 10 5 25
77 10 7 24
77 10 12 27
77 10 13 24
78 2 1 95
78 2 2 88
78 2 3 94
78 2 5 90
78 2 7 94
78 2 8 93
78 2 10 96
78 2 13 87
78 9 2 88
78 9 4 81
78 9 6 87
78 9 7 83
78 9 8 87
78 9 11 86
78 9 13 89
78 9 14 80
79 7 2 98
79 7 3 103
79 7 4 93
79 7 6 105
79 7 8 99
79 7 9 92
79 7 12 103
79 7 14 102
79 13 3 90
79 13 6 89
79 13 8 89
79 13 9 97
79 13 10 95
79 13 11 90
79 13 13 93
79 13 14 88
80 1 0 12
80 1 2 13
80 1 3 11
80 1 4 13
80 1 5 12
80 1 6 13
80 1 12 10
80 1 13 11
80 5 0 13
80 5 3 14
80 5 5 12
80 5 6 14
80 5 7 13
80 5 8 14
80 5 11 11
80 5 13 12
80 7 2 11
80 7 3 12
80 7 4 10
80 7 6 12
80 7 8 11
80 7 9 12
80 7 12 9
80 7 14 10
80 13 3 13
80 13 6 14
80 13 8 12
80 13 9 14
80 13 10 13
80 13 11 14
80 13 13 11
80 13 14 12
81 1 0 26
81 1 2 25
81 1 3 25
81 1 4 27
81 1 5 25
81 1 6 24
81 1 12 27
81 1 13 24
81 9 2 25
81 9 4 24
81 9 6 24
81 9 7 26
81 9 8 24
81 9 11 23
81 9 13 26
81 9 14 23
81 12 3 25
81 12 4 24
81 12 6 24
81 12 7 26
81 12 8 24
81 12 9 23
81 12 11 26
81 12 14 23
82 3 0 11
82 3 1 12
82 3 4 10
82 3 7 12
82 3 9 11
82 3 10 12
82 3 11 9
82 3 13 10
82 5 0 12
82 5 3 13
82 5 5 11
82 5 6 13
82 5 7 12
82 5 8 13
82 5 11 10
82 5 13 11
82 8 0 10
82 8 1 9
82 8 2 9
82 8 3 11
82 8 5 9
82 8 6 11
82 8 9 11
82 8 11 11
82 12 3 12
82 12 4 13
82 12 6 11
82 12 7 13
82 12 8 12
82 12 9 13
82 12 11 10
82 12 14 11
83 2 1 98
83 2 2 103
83 2 3 93
83 2 5 105
83 2 7 99
83 2 8 92
83 2 10 103
83 2 13 102
83 14 0 90
83 14 3 89
83 14 5 89
83 14 6 97
83 14 10 95
83 14 11 90
83 14 12 93
83 14 13 88
84 2 1 19
84 2 2 20
84 2 3 18
84 2 5 20
84 2 7 19
84 2 8 20
84 2 10 17
84 2 13 18
84 4 2 22
84 4 3 21
84 4 4 21
84 4 5 19
84 4 6 22
84 4 7 22
84 4 10 20
84 4 14 20
84 7 2 18
84 7 3 19
84 7 4 17
84 7 6 19
84 7 8 18
84 7 9 19
84 7 12 16
84 7 14 17
85 0 2 85
85 0 3 75
85 0 4 85
85 0 6 75
85 0 9 86
85 0 11 84
85 0 13 77
85 0 14 86
85 7 2 88
85 7 3 81
85 7 4 87
85 7 6 83
85 7 8 87
85 7 9 86
85 7 12 89
85 7 14 80
85 14 0 79
85 14 3 80
85 14 5 75
85 14 6 83
85 14 10 76
85 14 11 81
85 14 12 70
85 14 13 72
86 2 1 89
86 2 2 88
86 2 3 88
86 2 5 96
86 2 7 94
86 2 8 89
86 2 10 92
86 2 13 87
86 3 0 95
86 3 1 88
86 3 4 94
86 3 7 90
86 3 9 94
86 3 10 93
86 3 11 96
86 3 13 87
86 9 2 88
86 9 4 87
86 9 6 87
86 9 7 95
86 9 8 93
86 9 11 88
86 9 13 91
86 9 14 86
86 10 0 85
86 10 1 95
86 10 2 98
86 10 4 85
86 10 5 95
86 10 7 99
86 10 12 89
86 10 13 97
87 3 0 53
87 3 1 52
87 3 4 52
87 3 7 60
87 3 9 58
87 3 10 57
87 3 11 60
87 3 13 51
87 5 0 52
87 5 3 51
87 5 5 51
87 5 6 59
87 5 7 57
87 5 8 56
87 5 11 59
87 5 13 50
88 1 0 25
88 1 2 24
88 1 3 24
88 1 4 26
88 1 5 24
88 1 6 23
88 1 12 26
88 1 13 23
88 2 1 24
88 2 2 23
88 2 3 23
88 2 5 25
88 2 7 23
88 2 8 22
88 2 10 25
88 2 13 22
88 3 0 24
88 3 1 23
88 3 4 23
88 3 7 25
88 3 9 23
88 3 10 22
88 3 11 25
88 3 13 22
88 12 3 26
88 12 4 25
88 12 6 25
88 12 7 27
88 12 8 25
88 12 9 24
88 12 11 27
88 12 14 24
89 4 2 34
89 4 3 35
89 4 4 32
89 4 5 36
89 4 6 33
89 4 7 35
89 4 10 30
89 4 14 31
89 10 0 34
89 10 1 35
89 10 2 32
89 10 4 36
89 10 5 33
89 10 7 35
89 10 12 30
89 10 13 31
89 12 3 33
89 12 4 34
89 12 6 31
89 12 7 35
89 12 8 32
89 12 9 34
89 12 11 29
89 12 14 30
90 5 0 85
90 5 3 84
90 5 5 84
90 5 6 92
90 5 7 90
90 5 8 85
90 5 11 88
90 5 13 83
90 12 3 85
90 12 4 95
90 12 6 98
90 12 7 85
90 12 8 95
90 12 9 99
90 12 11 89
90 12 14 97
90 14 0 85
90 14 3 95
90 14 5 98
90 14 6 85
90 14 10 95
90 14 11 99
90 14 12 89
90 14 13 97
91 3 0 18
91 3 1 19
91 3 4 17
91 3 7 19
91 3 9 18
91 3 10 19
91 3 11 16
91 3 13 17
91 4 2 19
91 4 3 20
91 4 4 18
91 4 5 20
91 4 6 19
91 4 7 20
91 4 10 17
91 4 14 18
91 8 0 17
91 8 1 18
91 8 2 16
91 8 3 18
91 8 5 17
91 8 6 18
91 8 9 15
91 8 11 16
91 11 3 19
91 11 5 20
91 11 8 18
91 11 9 20
91 11 10 19
91 11 11 20
91 11 13 17
91 11 14 18
91 14 0 18
91 14 3 19
91 14 5 17
91 14 6 19
91 14 10 18
91 14 11 19
91 14 12 16
91 14 13 17
92 0 2 18
92 0 3 19
92 0 4 17
92 0 6 19
92 0 9 18
92 0 11 19
92 0 13 16
92 0 14 17
92 3 0 19
92 3 1 20
92 3 4 18
92 3 7 20
92 3 9 19
92 3 10 20
92 3 11 17
92 3 13 18
92 4 2 17
92 4 3 18
92 4 4 16
92 4 5 18
92 4 6 17
92 4 7 18
92 4 10 15
92 4 14 16
92 6 0 19
92 6 1 20
92 6 4 18
92 6 5 20
92 6 6 19
92 6 7 20
92 6 8 17
92 6 13 18
93 0 2 43
93 0 3 36
93 0 4 42
93 0 6 38
93 0 9 42
93 0 11 41
93 0 13 44
93 0 14 44
93 9 2 40
93 9 4 41
93 9 6 38
93 9 7 42
93 9 8 39
93 9 11 41
93 9 13 36
93 9 14 37
93 10 0 40
93 10 1 41
93 10 2 38
93 10 4 42
93 10 5 39
93 10 7 41
93 10 12 36
93 10 13 37
93 11 3 38
93 11 5 39
93 11 8 36
93 11 9 40
93 11 10 37
93 11 11 39
93 11 13 34
93 11 14 35
93 13 3 44
93 13 6 43
93 13 8 43
93 13 9 41
93 13 10 49
93 13 11 44
93 13 13 47
93 13 14 42
94 4 2 51
94 4 3 50
94 4 4 50
94 4 5 58
94 4 6 56
94 4 7 55
94 4 10 58
94 4 14 49
94 7 2 50
94 7 3 49
94 7 4 49
94 7 6 57
94 7 8 55
94 7 9 54
94 7 12 57
94 7 14 48
94 8 0 50
94 8 1 49
94 8 2 49
94 8 3 57
94 8 5 55
94 8 6 54
94 8 9 57
94 8 11 48
94 9 2 57
94 9 4 62
94 9 6 56
94 9 7 63
94 9 8 61
94 9 11 56
94 9 13 59
94 9 14 57
94 12 3 56
94 12 4 55
94 12 6 55
94 12 7 63
94 12 8 61
94 12 9 60
94 12 11 63
94 12 14 54
95 0 2 49
95 0 3 48
95 0 4 48
95 0 6 56
95 0 9 54
95 0 11 53
95 0 13 56
95 0 14 47
95 3 0 44
95 3 1 43
95 3 4 43
95 3 7 41
95 3 9 49
95 3 10 44
95 3 11 47
95 3 13 42
95 8 0 45
95 8 1 44
95 8 2 44
95 8 3 42
95 8 5 50
95 8 6 45
95 8 9 48
95 8 11 43
95 14 0 46
95 14 3 45
95 14 5 45
95 14 6 43
95 14 10 51
95 14 11 46
95 14 12 49
95 14 13 44
96 1 0 89
96 1 2 88
96 1 3 88
96 1 4 96
96 1 5 94
96 1 6 89
96 1 12 92
96 1 13 87
96 5 0 95
96 5 3 88
96 5 5 94
96 5 6 90
96 5 7 94
96 5 8 93
96 5 11 96
96 5 13 87
96 8 0 88
96 8 1 87
96 8 2 87
96 8 3 95
96 8 5 93
96 8 6 88
96 8 9 91
96 8 11 86
96 12 3 85
96 12 4 95
96 12 6 98
96 12 7 85
96 12 8 95
96 12 9 99
96 12 11 89
96 12 14 97
96 14 0 88
96 14 3 87
96 14 5 87
96 14 6 95
96 14 10 93
96 14 11 88
96 14 12 91
96 14 13 86
97 4 2 96
97 4 3 89
97 4 4 95
97 4 5 91
97 4 6 95
97 4 7 94
97 4 10 97
97 4 14 88
97 5 0 95
97 5 3 88
97 5 5 94
97 5 6 90
97 5 7 94
97 5 8 93
97 5 11 96
97 5 13 87
97 8 0 95
97 8 1 88
97 8 2 94
97 8 3 90
97 8 5 94
97 8 6 93
97 8 9 96
97 8 11 87
98 2 1 29
98 2 2 28
98 2 3 28
98 2 5 30
98 2 7 28
98 2 8 27
98 2 10 30
98 2 13 27
98 6 0 28
98 6 1 27
98 6 4 27
98 6 5 29
98 6 6 27
98 6 7 26
98 6 8 29
98 6 13 26
99 1 0 67
99 1 2 74
99 1 3 66
99 1 4 68
99 1 5 62
99 1 6 71
99 1 12 72
99 1 13 63
99 5 0 78
99 5 3 79
99 5 5 74
99 5 6 82
99 5 7 75
99 5 8 80
99 5 11 69
99 5 13 71
99 9 2 66
99 9 4 73
99 9 6 65
99 9 7 67
99 9 8 61
99 9 11 70
99 9 13 71
99 9 14 62
99 11 3 68
99 11 5 75
99 11 8 67
99 11 9 69
99 11 10 63
99 11 11 72
99 11 13 73
99 11 14 64
100 2 1 55
100 2 2 54
100 2 3 54
100 2 5 62
100 2 7 60
100 2 8 59
100 2 10 62
100 2 13 53
100 5 0 61
100 5 3 68
100 5 5 60
100 5 6 62
100 5 7 56
100 5 8 65
100 5 11 66
100 5 13 57
100 8 0 54
100 8 1 53
100 8 2 53
100 8 3 61
100 8 5 59
100 8 6 58
100 8 9 61
100 8 11 52
100 10 0 62
100 10 1 69
100 10 2 61
100 10 4 63
100 10 5 57
100 10 7 66
100 10 12 67
100 10 13 58
101 1 0 11
101 1 2 12
101 1 3 10
101 1 4 12
101 1 5 11
101 1 6 12
101 1 12 9
101 1 13 10
101 7 2 12
101 7 3 13
101 7 4 11
101 7 6 13
101 7 8 12
101 7 9 13
101 7 12 10
101 7 14 11
102 3 0 40
102 3 1 41
102 3 4 38
102 3 7 42
102 3 9 39
102 3 10 41
102 3 11 36
102 3 13 37
102 4 2 43
102 4 3 36
102 4 4 42
102 4 5 38
102 4 6 42
102 4 7 41
102 4 10 44
102 4 14 44
102 9 2 38
102 9 4 39
102 9 6 36
102 9 7 40
102 9 8 37
102 9 11 39
102 9 13 34
102 9 14 35
102 10 0 40
102 10 1 39
102 10 2 39
102 10 4 37
102 10 5 45
102 10 7 40
102 10 12 43
102 10 13 38
102 14 0 39
102 14 3 40
102 14 5 37
102 14 6 41
102 14 10 38
102 14 11 40
102 14 12 35
102 14 13 36
103 0 2 50
103 0 3 49
103 0 4 49
103 0 6 57
103 0 9 55
103 0 11 54
103 0 13 57
103 0 14 48
103 4 2 49
103 4 3 48
103 4 4 48
103 4 5 56
103 4 6 54
103 4 7 53
103 4 10 56
103 4 14 47
103 8 0 49
103 8 1 48
103 8 2 48
103 8 3 56
103 8 5 54
103 8 6 53
103 8 9 56
103 8 11 47
104 10 0 16
104 10 1 17
104 10 2 15
104 10 4 17
104 10 5 16
104 10 7 17
104 10 12 14
104 10 13 15
104 13 3 17
104 13 6 18
104 13 8 16
104 13 9 18
104 13 10 17
104 13 11 18
104 13 13 15
104 13 14 16
105 0 2 34
105 0 3 35
105 0 4 32
105 0 6 36
105 0 9 33
105 0 11 35
105 0 13 30
105 0 14 31
105 5 0 34
105 5 3 35
105 5 5 32
105 5 6 36
105 5 7 33
105 5 8 35
105 5 11 30
105 5 13 31
105 9 2 33
105 9 4 34
105 9 6 31
105 9 7 35
105 9 8 32
105 9 11 34
105 9 13 29
105 9 14 30
106 1 0 23
106 1 2 22
106 1 3 22
106 1 4 24
106 1 5 22
106 1 6 21
106 1 12 24
106 1 13 21
106 9 2 22
106 9 4 21
106 9 6 21
106 9 7 23
106 9 8 21
106 9 11 20
106 9 13 23
106 9 14 20
106 12 3 22
106 12 4 21
106 12 6 21
106 12 7 23
106 12 8 21
106 12 9 20
106 12 11 23
106 12 14 20
107 1 0 43
107 1 2 36
107 1 3 42
107 1 4 38
107 1 5 42
107 1 6 41
107 1 12 44
107 1 13 44
107 6 0 40
107 6 1 41
107 6 4 38
107 6 5 42
107 6 6 39
107 6 7 41
107 6 8 36
107 6 13 37
107 11 3 40
107 11 5 41
107 11 8 38
107 11 9 42
107 11 10 39
107 11 11 41
107 11 13 36
107 11 14 37
107 12 3 38
107 12 4 39
107 12 6 36
107 12 7 40
107 12 8 37
107 12 9 39
107 12 11 34
107 12 14 35
108 8 0 98
108 8 1 103
108 8 2 93
108 8 3 105
108 8 5 99
108 8 6 92
108 8 9 103
108 8 11 102
108 10 0 90
108 10 1 89
108 10 2 89
108 10 4 97
108 10 5 95
108 10 7 90
108 10 12 93
108 10 13 88
109 5 0 37
109 5 3 38
109 5 5 35
109 5 6 39
109 5 7 36
109 5 8 38
109 5 11 33
109 5 13 34
109 8 0 38
109 8 1 39
109 8 2 36
109 8 3 40
109 8 5 37
109 8 6 39
109 8 9 34
109 8 11 35
109 13 3 35
109 13 6 36
109 13 8 33
109 13 9 37
109 13 10 34
109 13 11 36
109 13 13 31
109 13 14 32
109 14 0 39
109 14 3 40
109 14 5 37
109 14 6 41
109 14 10 38
109 14 11 40
109 14 12 35
109 14 13 36
110 2 1 30
110 2 2 29
110 2 3 29
110 2 5 31
110 2 7 29
110 2 8 28
110 2 10 31
110 2 13 28
110 9 2 29
110 9 4 28
110 9 6 28
110 9 7 30
110 9 8 28
110 9 11 27
110 9 13 30
110 9 14 27
110 10 0 29
110 10 1 28
110 10 2 28
110 10 4 30
110 10 5 28
110 10 7 27
110 10 12 30
110 10 13 27
110 12 3 33
110 12 4 33
110 12 6 32
110 12 7 27
110 12 8 28
110 12 9 30
110 12 11 31
110 12 14 29
111 7 2 85
111 7 3 84
111 7 4 84
111 7 6 92
111 7 8 90
111 7 9 85
111 7 12 88
111 7 14 83
111 8 0 91
111 8 1 84
111 8 2 90
111 8 3 86
111 8 5 90
111 8 6 89
111 8 9 92
111 8 11 83
112 5 0 27
112 5 3 26
112 5 5 26
112 5 6 28
112 5 7 26
112 5 8 25
112 5 11 28
112 5 13 25
112 6 0 26
112 6 1 25
112 6 4 25
112 6 5 27
112 6 6 25
112 6 7 24
112 6 8 27
112 6 13 24
113 5 0 53
113 5 3 52
113 5 5 52
113 5 6 60
113 5 7 58
113 5 8 57
113 5 11 60
113 5 13 51
113 10 0 52
113 10 1 51
113 10 2 51
113 10 4 59
113 10 5 57
113 10 7 56
113 10 12 59
113 10 13 50
113 11 3 52
113 11 5 51
113 11 8 51
113 11 9 59
113 11 10 57
113 11 11 56
113 11 13 59
113 11 14 50
114 1 0 78
114 1 2 79
114 1 3 74
114 1 4 82
114 1 5 75
114 1 6 80
114 1 12 69
114 1 13 71
114 2 1 79
114 2 2 80
114 2 3 75
114 2 5 83
114 2 7 76
114 2 8 81
114 2 10 70
114 2 13 72
114 11 3 74
114 11 5 75
114 11 8 70
114 11 9 78
114 11 10 71
114 11 11 76
114 11 13 65
114 11 14 67
115 5 0 95
115 5 3 88
115 5 5 94
115 5 6 90
115 5 7 94
115 5 8 93
115 5 11 96
115 5 13 87
115 9 2 88
115 9 4 81
115 9 6 87
115 9 7 83
115 9 8 87
115 9 11 86
115 9 13 89
115 9 14 80
115 10 0 94
115 10 1 87
115 10 2 93
115 10 4 89
115 10 5 93
115 10 7 92
115 10 12 95
115 10 13 86
116 2 1 85
116 2 2 84
116 2 3 84
116 2 5 92
116 2 7 90
116 2 8 85
116 2 10 88
116 2 13 83
116 14 0 85
116 14 3 95
116 14 5 98
116 14 6 85
116 14 10 95
116 14 11 99
116 14 12 89
116 14 13 97
117 1 0 35
117 1 2 36
117 1 3 33
117 1 4 37
117 1 5 34
117 1 6 36
117 1 12 31
117 1 13 32
117 5 0 36
117 5 3 37
117 5 5 34
117 5 6 38
117 5 7 35
117 5 8 37
117 5 11 32
117 5 13 33
117 8 0 33
117 8 1 34
117 8 2 31
117 8 3 35
117 8 5 32
117 8 6 34
117 8 9 29
117 8 11 30
117 10 0 37
117 10 1 38
117 10 2 35
117 10 4 39
117 10 5 36
117 10 7 38
117 10 12 33
117 10 13 34
118 2 1 16
118 2 2 17
118 2 3 15
118 2 5 17
118 2 7 16
118 2 8 17
118 2 10 14
118 2 13 15
118 4 2 17
118 4 3 18
118 4 4 16
118 4 5 18
118 4 6 17
118 4 7 18
118 4 10 15
118 4 14 16
118 9 2 15
118 9 4 16
118 9 6 14
118 9 7 16
118 9 8 15
118 9 11 16
118 9 13 13
118 9 14 14
119 2 1 12
119 2 2 13
119 2 3 11
119 2 5 13
119 2 7 12
119 2 8 13
119 2 10 10
119 2 13 11
119 6 0 13
119 6 1 14
119 6 4 12
119 6 5 14
119 6 6 13
119 6 7 14
119 6 8 11
119 6 13 12
119 9 2 11
119 9 4 12
119 9 6 10
119 9 7 12
119 9 8 11
119 9 11 12
119 9 13 9
119 9 14 10
119 13 3 13
119 13 6 14
119 13 8 12
119 13 9 14
119 13 10 13
119 13 11 14
119 13 13 11
119 13 14 12
120 3 0 23
120 3 1 22
120 3 4 22
120 3 7 24
120 3 9 22
120 3 10 21
120 3 11 24
120 3 13 21
120 9 2 22
120 9 4 21
120 9 6 21
120 9 7 23
120 9 8 21
120 9 11 20
120 9 13 23
120 9 14 20
121 4 2 85
121 4 3 95
121 4 4 98
121 4 5 85
121 4 6 95
121 4 7 99
121 4 10 89
121 4 14 97
121 8 0 96
121 8 1 89
121 8 2 95
121 8 3 91
121 8 5 95
121 8 6 94
121 8 9 97
121 8 11 88
121 13 3 96
121 13 6 89
121 13 8 95
121 13 9 91
121 13 10 95
121 13 11 94
121 13 13 97
121 13 14 88
122 0 2 17
122 0 3 18
122 0 4 16
122 0 6 18
122 0 9 17
122 0 11 18
122 0 13 15
122 0 14 16
122 8 0 18
122 8 1 19
122 8 2 17
122 8 3 19
122 8 5 18
122 8 6 19
122 8 9 16
122 8 11 17
122 14 0 16
122 14 3 17
122 14 5 15
122 14 6 17
122 14 10 16
122 14 11 17
122 14 12 14
122 14 13 15
123 4 2 28
123 4 3 27
123 4 4 27
123 4 5 29
123 4 6 27
123 4 7 26
123 4 10 29
123 4 14 26
123 8 0 27
123 8 1 26
123 8 2 26
123 8 3 28
123 8 5 26
123 8 6 25
123 8 9 28
123 8 11 25
123 14 0 27
123 14 3 26
123 14 5 26
123 14 6 28
123 14 10 26
123 14 11 25
123 14 12 28
123 14 13 25
124 2 1 89
124 2 2 82
124 2 3 88
124 2 5 84
124 2 7 88
124 2 8 87
124 2 10 90
124 2 13 81
124 14 0 90
124 14 3 83
124 14 5 89
124 14 6 85
124 14 10 89
124 14 11 88
124 14 12 91
124 14 13 82
125 2 1 65
125 2 2 72
125 2 3 64
125 2 5 66
125 2 7 60
125 2 8 69
125 2 10 70
125 2 13 61
125 10 0 76
125 10 1 77
125 10 2 72
125 10 4 80
125 10 5 73
125 10 7 78
125 10 12 67
125 10 13 69
125 13 3 64
125 13 6 71
125 13 8 63
125 13 9 65
125 13 10 59
125 13 11 68
125 13 13 69
125 13 14 60
125 14 0 66
125 14 3 73
125 14 5 65
125 14 6 67
125 14 10 61
125 14 11 70
125 14 12 71
125 14 13 62
126 3 0 49
126 3 1 48
126 3 4 48
126 3 7 56
126 3 9 54
126 3 10 53
126 3 11 56
126 3 13 47
126 5 0 44
126 5 3 43
126 5 5 43
126 5 6 41
126 5 7 49
126 5 8 44
126 5 11 47
126 5 13 42
126 12 3 45
126 12 4 44
126 12 6 44
126 12 7 42
126 12 8 50
126 12 9 45
126 12 11 48
126 12 14 43
126 13 3 46
126 13 6 45
126 13 8 45
126 13 9 43
126 13 10 51
126 13 11 46
126 13 13 49
126 13 14 44
127 2 1 93
127 2 2 86
127 2 3 92
127 2 5 88
127 2 7 92
127 2 8 91
127 2 10 94
127 2 13 85
127 4 2 92
127 4 3 85
127 4 4 91
127 4 5 87
127 4 6 91
127 4 7 90
127 4 10 93
127 4 14 84
127 6 0 92
127 6 1 85
127 6 4 91
127 6 5 87
127 6 6 91
127 6 7 90
127 6 8 93
127 6 13 84
127 9 2 87
127 9 4 86
127 9 6 86
127 9 7 94
127 9 8 92
127 9 11 87
127 9 13 90
127 9 14 85
128 1 0 46
128 1 2 45
128 1 3 45
128 1 4 43
128 1 5 51
128 1 6 46
128 1 12 49
128 1 13 44
128 9 2 45
128 9 4 44
128 9 6 44
128 9 7 42
128 9 8 50
128 9 11 45
128 9 13 48
128 9 14 43
128 13 3 45
128 13 6 44
128 13 8 44
128 13 9 42
128 13 10 50
128 13 11 45
128 13 13 48
128 13 14 43
129 1 0 11
129 1 2 12
129 1 3 10
129 1 4 12
129 1 5 11
129 1 6 12
129 1 12 9
129 1 13 10
129 8 0 12
129 8 1 13
129 8 2 11
129 8 3 13
129 8 5 12
129 8 6 13
129 8 9 10
129 8 11 11
129 10 0 10
129 10 1 9
129 10 2 9
129 10 4 11
129 10 5 9
129 10 7 11
129 10 12 11
129 10 13 11
129 11 3 12
129 11 5 13
129 11 8 11
129 11 9 13
129 11 10 12
129 11 11 13
129 11 13 10
129 11 14 11
130 5 0 80
130 5 3 81
130 5 5 76
130 5 6 84
130 5 7 77
130 5 8 82
130 5 11 71
130 5 13 73
130 6 0 81
130 6 1 82
130 6 4 77
130 6 5 85
130 6 6 78
130 6 7 83
130 6 8 72
130 6 13 74
130 10 0 76
130 10 1 77
130 10 2 72
130 10 4 80
130 10 5 73
130 10 7 78
130 10 12 67
130 10 13 69
130 14 0 88
130 14 3 81
130 14 5 87
130 14 6 83
130 14 10 87
130 14 11 86
130 14 12 89
130 14 13 80
131 11 3 18
131 11 5 19
131 11 8 17
131 11 9 19
131 11 10 18
131 11 11 19
131 11 13 16
131 11 14 17
131 13 3 19
131 13 6 20
131 13 8 18
131 13 9 20
131 13 10 19
131 13 11 20
131 13 13 17
131 13 14 18
132 1 0 53
132 1 2 52
132 1 3 52
132 1 4 60
132 1 5 58
132 1 6 57
132 1 12 60
132 1 13 51
132 2 1 52
132 2 2 51
132 2 3 51
132 2 5 59
132 2 7 57
132 2 8 56
132 2 10 59
132 2 13 50
133 1 0 52
133 1 2 51
133 1 3 51
133 1 4 59
133 1 5 57
133 1 6 56
133 1 12 59
133 1 13 50
133 10 0 51
133 10 1 50
133 10 2 50
133 10 4 58
133 10 5 56
133 10 7 55
133 10 12 58
133 10 13 49
133 12 3 51
133 12 4 50
133 12 6 50
133 12 7 58
133 12 8 56
133 12 9 55
133 12 11 58
133 12 14 49
134 0 2 17
134 0 3 18
134 0 4 16
134 0 6 18
134 0 9 17
134 0 11 18
134 0 13 15
134 0 14 16
134 2 1 18
134 2 2 19
134 2 3 17
134 2 5 19
134 2 7 18
134 2 8 19
134 2 10 16
134 2 13 17
134 5 0 16
134 5 3 17
134 5 5 15
134 5 6 17
134 5 7 16
134 5 8 17
134 5 11 14
134 5 13 15
134 7 2 18
134 7 3 19
134 7 4 17
134 7 6 19
134 7 8 18
134 7 9 19
134 7 12 16
134 7 14 17
134 14 0 17
134 14 3 18
134 14 5 16
134 14 6 18
134 14 10 17
134 14 11 18
134 14 12 15
134 14 13 16
135 3 0 36
135 3 1 37
135 3 4 34
135 3 7 38
135 3 9 35
135 3 10 37
135 3 11 32
135 3 13 33
135 7 2 37
135 7 3 38
135 7 4 35
135 7 6 39
135 7 8 36
135 7 9 38
135 7 12 33
135 7 14 34
135 9 2 34
135 9 4 35
135 9 6 32
135 9 7 36
135 9 8 33
135 9 11 35
135 9 13 30
135 9 14 31
136 1 0 78
136 1 2 79
136 1 3 74
136 1 4 82
136 1 5 75
136 1 6 80
136 1 12 69
136 1 13 71
136 7 2 79
136 7 3 80
136 7 4 75
136 7 6 83
136 7 8 76
136 7 9 81
136 7 12 70
136 7 14 72
136 8 0 74
136 8 1 75
136 8 2 70
136 8 3 78
136 8 5 71
136 8 6 76
136 8 9 65
136 8 11 67
136 14 0 82
136 14 3 83
136 14 5 78
136 14 6 86
136 14 10 79
136 14 11 84
136 14 12 73
136 14 13 75
137 7 2 50
137 7 3 49
137 7 4 49
137 7 6 57
137 7 8 55
137 7 9 54
137 7 12 57
137 7 14 48
137 9 2 49
137 9 4 48
137 9 6 48
137 9 7 56
137 9 8 54
137 9 11 53
137 9 13 56
137 9 14 47
137 10 0 49
137 10 1 48
137 10 2 48
137 10 4 56
137 10 5 54
137 10 7 53
137 10 12 56
137 10 13 47
137 11 3 57
137 11 5 56
137 11 8 56
137 11 9 64
137 11 10 62
137 11 11 61
137 11 13 64
137 11 14 55
138 6 0 55
138 6 1 54
138 6 4 54
138 6 5 62
138 6 6 60
138 6 7 59
138 6 8 62
138 6 13 53
138 7 2 54
138 7 3 53
138 7 4 53
138 7 6 61
138 7 8 59
138 7 9 58
138 7 12 61
138 7 14 52
138 8 0 54
138 8 1 53
138 8 2 53
138 8 3 61
138 8 5 59
138 8 6 58
138 8 9 61
138 8 11 52
138 9 2 63
138 9 4 70
138 9 6 62
138 9 7 64
138 9 8 58
138 9 11 67
138 9 13 68
138 9 14 59
138 13 3 61
138 13 6 68
138 13 8 60
138 13 9 62
138 13 10 56
138 13 11 65
138 13 13 66
138 13 14 57
139 6 0 57
139 6 1 62
139 6 4 56
139 6 5 63
139 6 6 61
139 6 7 56
139 6 8 59
139 6 13 57
139 7 2 66
139 7 3 73
139 7 4 65
139 7 6 67
139 7 8 61
139 7 9 70
139 7 12 71
139 7 14 62
139 9 2 57
139 9 4 56
139 9 6 56
139 9 7 64
139 9 8 62
139 9 11 61
139 9 13 64
139 9 14 55
139 10 0 60
139 10 1 67
139 10 2 59
139 10 4 61
139 10 5 55
139 10 7 64
139 10 12 65
139 10 13 56
139 14 0 53
139 14 3 52
139 14 5 52
139 14 6 60
139 14 10 58
139 14 11 57
139 14 12 60
139 14 13 51
140 2 1 88
140 2 2 87
140 2 3 87
140 2 5 95
140 2 7 93
140 2 8 88
140 2 10 91
140 2 13 86
140 6 0 94
140 6 1 87
140 6 4 93
140 6 5 89
140 6 6 93
140 6 7 92
140 6 8 95
140 6 13 86
140 9 2 87
140 9 4 86
140 9 6 86
140 9 7 94
140 9 8 92
140 9 11 87
140 9 13 90
140 9 14 85
140 11 3 96
140 11 5 89
140 11 8 95
140 11 9 91
140 11 10 95
140 11 11 94
140 11 13 97
140 11 14 88
141 4 2 92
141 4 3 85
141 4 4 91
141 4 5 87
141 4 6 91
141 4 7 90
141 4 10 93
141 4 14 84
141 13 3 91
141 13 6 84
141 13 8 90
141 13 9 86
141 13 10 90
141 13 11 89
141 13 13 92
141 13 14 83
142 2 1 89
142 2 2 88
142 2 3 88
142 2 5 96
142 2 7 94
142 2 8 89
142 2 10 92
142 2 13 87
142 6 0 95
142 6 1 88
142 6 4 94
142 6 5 90
142 6 6 94
142 6 7 93
142 6 8 96
142 6 13 87
142 9 2 88
142 9 4 87
142 9 6 87
142 9 7 95
142 9 8 93
142 9 11 88
142 9 13 91
142 9 14 86
142 14 0 85
142 14 3 95
142 14 5 98
142 14 6 85
142 14 10 95
142 14 11 99
142 14 12 89
142 14 13 97
143 1 0 34
143 1 2 35
143 1 3 32
143 1 4 36
143 1 5 33
143 1 6 35
143 1 12 30
143 1 13 31
143 11 3 35
143 11 5 36
143 11 8 33
143 11 9 37
143 11 10 34
143 11 11 36
143 11 13 31
143 11 14 32
143 13 3 32
143 13 6 33
143 13 8 30
143 13 9 34
143 13 10 31
143 13 11 33
143 13 13 28
143 13 14 29
144 8 0 64
144 8 1 71
144 8 2 63
144 8 3 65
144 8 5 59
144 8 6 68
144 8 9 69
144 8 11 60
144 9 2 75
144 9 4 76
144 9 6 71
144 9 7 79
144 9 8 72
144 9 11 77
144 9 13 66
144 9 14 68
144 13 3 63
144 13 6 70
144 13 8 62
144 13 9 64
144 13 10 58
144 13 11 67
144 13 13 68
144 13 14 59
145 0 2 96
145 0 3 89
145 0 4 95
145 0 6 91
145 0 9 95
145 0 11 94
145 0 13 97
145 0 14 88
145 3 0 89
145 3 1 82
145 3 4 88
145 3 7 84
145 3 9 88
145 3 10 87
145 3 11 90
145 3 13 81
145 6 0 95
145 6 1 88
145 6 4 94
145 6 5 90
145 6 6 94
145 6 7 93
145 6 8 96
145 6 13 87
145 11 3 91
145 11 5 84
145 11 8 90
145 11 9 86
145 11 10 90
145 11 11 89
145 11 13 92
145 11 14 83
145 14 0 95
145 14 3 88
145 14 5 94
145 14 6 90
145 14 10 94
145 14 11 93
145 14 12 96
145 14 13 87
146 6 0 66
146 6 1 73
146 6 4 65
146 6 5 67
146 6 6 61
146 6 7 70
146 6 8 71
146 6 13 62
146 12 3 77
146 12 4 78
146 12 6 73
146 12 7 81
146 12 8 74
146 12 9 79
146 12 11 68
146 12 14 70
146 14 0 65
146 14 3 72
146 14 5 64
146 14 6 66
146 14 10 60
146 14 11 69
146 14 12 70
146 14 13 61
147 0 2 40
147 0 3 41
147 0 4 38
147 0 6 42
147 0 9 39
147 0 11 41
147 0 13 36
147 0 14 37
147 2 1 43
147 2 2 36
147 2 3 42
147 2 5 38
147 2 7 42
147 2 8 41
147 2 10 44
147 2 13 44
147 10 0 38
147 10 1 39
147 10 2 36
147 10 4 40
147 10 5 37
147 10 7 39
147 10 12 34
147 10 13 35
147 12 3 40
147 12 4 39
147 12 6 39
147 12 7 37
147 12 8 45
147 12 9 40
147 12 11 43
147 12 14 38
148 3 0 88
148 3 1 81
148 3 4 87
148 3 7 83
148 3 9 87
148 3 10 86
148 3 11 89
148 3 13 80
148 14 0 89
148 14 3 82
148 14 5 88
148 14 6 84
148 14 10 88
148 14 11 87
148 14 12 90
148 14 13 81
149 7 2 63
149 7 3 70
149 7 4 62
149 7 6 64
149 7 8 58
149 7 9 67
149 7 12 68
149 7 14 59
149 12 3 74
149 12 4 75
149 12 6 70
149 12 7 78
149 12 8 71
149 12 9 76
149 12 11 65
149 12 14 67
150 4 2 89
150 4 3 82
150 4 4 88
150 4 5 84
150 4 6 88
150 4 7 87
150 4 10 90
150 4 14 81
150 9 2 90
150 9 4 83
150 9 6 89
150 9 7 85
150 9 8 89
150 9 11 88
150 9 13 91
150 9 14 82
150 11 3 81
150 11 5 82
150 11 8 77
150 11 9 85
150 11 10 78
150 11 11 83
150 11 13 72
150 11 14 74
151 1 0 19
151 1 2 20
151 1 3 18
151 1 4 20
151 1 5 19
151 1 6 20
151 1 12 17
151 1 13 18
151 8 0 22
151 8 1 21
151 8 2 21
151 8 3 19
151 8 5 22
151 8 6 22
151 8 9 20
151 8 11 20
151 13 3 18
151 13 6 19
151 13 8 17
151 13 9 19
151 13 10 18
151 13 11 19
151 13 13 16
151 13 14 17
152 0 2 42
152 0 3 41
152 0 4 41
152 0 6 39
152 0 9 47
152 0 11 42
152 0 13 45
152 0 14 40
152 4 2 37
152 4 3 38
152 4 4 35
152 4 5 39
152 4 6 36
152 4 7 38
152 4 10 33
152 4 14 34
152 9 2 41
152 9 4 40
152 9 6 40
152 9 7 38
152 9 8 46
152 9 11 41
152 9 13 44
152 9 14 39
152 11 3 39
152 11 5 40
152 11 8 37
152 11 9 41
152 11 10 38
152 11 11 40
152 11 13 35
152 11 14 36
152 13 3 41
152 13 6 40
152 13 8 40
152 13 9 38
152 13 10 46
152 13 11 41
152 13 13 44
152 13 14 39
153 4 2 85
153 4 3 95
153 4 4 98
153 4 5 85
153 4 6 95
153 4 7 99
153 4 10 89
153 4 14 97
153 12 3 90
153 12 4 83
153 12 6 89
153 12 7 85
153 12 8 89
153 12 9 88
153 12 11 91
153 12 14 82
153 13 3 96
153 13 6 89
153 13 8 95
153 13 9 91
153 13 10 95
153 13 11 94
153 13 13 97
153 13 14 88
154 0 2 42
154 0 3 41
154 0 4 41
154 0 6 39
154 0 9 47
154 0 11 42
154 0 13 45
154 0 14 40
154 10 0 41
154 10 1 40
154 10 2 40
154 10 4 38
154 10 5 46
154 10 7 41
154 10 12 44
154 10 13 39
155 1 0 63
155 1 2 70
155 1 3 62
155 1 4 64
155 1 5 58
155 1 6 67
155 1 12 68
155 1 13 59
155 2 1 74
155 2 2 75
155 2 3 70
155 2 5 78
155 2 7 71
155 2 8 76
155 2 10 65
155 2 13 67
155 6 0 62
155 6 1 69
155 6 4 61
155 6 5 63
155 6 6 57
155 6 7 66
155 6 8 67
155 6 13 58
156 0 2 61
156 0 3 68
156 0 4 60
156 0 6 62
156 0 9 56
156 0 11 65
156 0 13 66
156 0 14 57
156 3 0 68
156 3 1 75
156 3 4 67
156 3 7 69
156 3 9 63
156 3 10 72
156 3 11 73
156 3 13 64
156 4 2 60
156 4 3 67
156 4 4 59
156 4 5 61
156 4 6 55
156 4 7 64
156 4 10 65
156 4 14 56
156 11 3 62
156 11 5 69
156 11 8 61
156 11 9 63
156 11 10 57
156 11 11 66
156 11 13 67
156 11 14 58
157 4 2 89
157 4 3 88
157 4 4 88
157 4 5 96
157 4 6 94
157 4 7 89
157 4 10 92
157 4 14 87
157 11 3 95
157 11 5 88
157 11 8 94
157 11 9 90
157 11 10 94
157 11 11 93
157 11 13 96
157 11 14 87
157 12 3 88
157 12 4 87
157 12 6 87
157 12 7 95
157 12 8 93
157 12 9 88
157 12 11 91
157 12 14 86
158 5 0 85
158 5 3 95
158 5 5 98
158 5 6 85
158 5 7 95
158 5 8 99
158 5 11 89
158 5 13 97
158 14 0 96
158 14 3 89
158 14 5 95
158 14 6 91
158 14 10 95
158 14 11 94
158 14 12 97
158 14 13 88
159 0 2 96
159 0 3 89
159 0 4 95
159 0 6 91
159 0 9 95
159 0 11 94
159 0 13 97
159 0 14 88
159 8 0 95
159 8 1 88
159 8 2 94
159 8 3 90
159 8 5 94
159 8 6 93
159 8 9 96
159 8 11 87
159 9 2 95
159 9 4 88
159 9 6 94
159 9 7 90
159 9 8 94
159 9 11 93
159 9 13 96
159 9 14 87
160 0 2 25
160 0 3 24
160 0 4 24
160 0 6 26
160 0 9 24
160 0 11 23
160 0 13 26
160 0 14 23
160 4 2 24
160 4 3 23
160 4 4 23
160 4 5 25
160 4 6 23
160 4 7 22
160 4 10 25
160 4 14 22
160 6 0 24
160 6 1 23
160 6 4 23
160 6 5 25
160 6 6 23
160 6 7 22
160 6 8 25
160 6 13 22
160 11 3 26
160 11 5 25
160 11 8 25
160 11 9 27
160 11 10 25
160 11 11 24
160 11 13 27
160 11 14 24
160 13 3 24
160 13 6 23
160 13 8 23
160 13 9 25
160 13 10 23
160 13 11 22
160 13 13 25
160 13 14 22
161 6 0 80
161 6 1 81
161 6 4 76
161 6 5 84
161 6 6 77
161 6 7 82
161 6 8 71
161 6 13 73
161 7 2 81
161 7 3 82
161 7 4 77
161 7 6 85
161 7 8 78
161 7 9 83
161 7 12 72
161 7 14 74
161 9 2 76
161 9 4 77
161 9 6 72
161 9 7 80
161 9 8 73
161 9 11 78
161 9 13 67
161 9 14 69
161 11 3 88
161 11 5 81
161 11 8 87
161 11 9 83
161 11 10 87
161 11 11 86
161 11 13 89
161 11 14 80
162 0 2 67
162 0 3 74
162 0 4 66
162 0 6 68
162 0 9 62
162 0 11 71
162 0 13 72
162 0 14 63
162 7 2 78
162 7 3 79
162 7 4 74
162 7 6 82
162 7 8 75
162 7 9 80
162 7 12 69
162 7 14 71
162 9 2 66
162 9 4 73
162 9 6 65
162 9 7 67
162 9 8 61
162 9 11 70
162 9 13 71
162 9 14 62
162 12 3 68
162 12 4 75
162 12 6 67
162 12 7 69
162 12 8 63
162 12 9 72
162 12 11 73
162 12 14 64
163 6 0 80
163 6 1 81
163 6 4 76
163 6 5 84
163 6 6 77
163 6 7 82
163 6 8 71
163 6 13 73
163 10 0 81
163 10 1 82
163 10 2 77
163 10 4 85
163 10 5 78
163 10 7 83
163 10 12 72
163 10 13 74
163 14 0 76
163 14 3 77
163 14 5 72
163 14 6 80
163 14 10 73
163 14 11 78
163 14 12 67
163 14 13 69
164 0 2 15
164 0 3 16
164 0 4 14
164 0 6 16
164 0 9 15
164 0 11 16
164 0 13 13
164 0 14 14
164 14 0 16
164 14 3 17
164 14 5 15
164 14 6 17
164 14 10 16
164 14 11 17
164 14 12 14
164 14 13 15
165 1 0 60
165 1 2 67
165 1 3 59
165 1 4 61
165 1 5 55
165 1 6 64
165 1 12 65
165 1 13 56
165 4 2 67
165 4 3 74
165 4 4 66
165 4 5 68
165 4 6 62
165 4 7 71
165 4 10 72
165 4 14 63
165 8 0 57
165 8 1 62
165 8 2 56
165 8 3 63
165 8 5 61
165 8 6 56
165 8 9 59
165 8 11 57
165 12 3 61
165 12 4 68
165 12 6 60
165 12 7 62
165 12 8 56
165 12 9 65
165 12 11 66
165 12 14 57
166 1 0 92
166 1 2 85
166 1 3 91
166 1 4 87
166 1 5 91
166 1 6 90
166 1 12 93
166 1 13 84
166 2 1 91
166 2 2 84
166 2 3 90
166 2 5 86
166 2 7 90
166 2 8 89
166 2 10 92
166 2 13 83
166 5 0 91
166 5 3 84
166 5 5 90
166 5 6 86
166 5 7 90
166 5 8 89
166 5 11 92
166 5 13 83
166 12 3 86
166 12 4 85
166 12 6 85
166 12 7 93
166 12 8 91
166 12 9 86
166 12 11 89
166 12 14 84
167 0 2 92
167 0 3 85
167 0 4 91
167 0 6 87
167 0 9 91
167 0 11 90
167 0 13 93
167 0 14 84
167 3 0 91
167 3 1 84
167 3 4 90
167 3 7 86
167 3 9 90
167 3 10 89
167 3 11 92
167 3 13 83
167 5 0 91
167 5 3 84
167 5 5 90
167 5 6 86
167 5 7 90
167 5 8 89
167 5 11 92
167 5 13 83
167 11 3 86
167 11 5 85
167 11 8 85
167 11 9 93
167 11 10 91
167 11 11 86
167 11 13 89
167 11 14 84
168 1 0 53
168 1 2 52
168 1 3 52
168 1 4 60
168 1 5 58
168 1 6 57
168 1 12 60
168 1 13 51
168 14 0 52
168 14 3 51
168 14 5 51
168 14 6 59
168 14 10 57
168 14 11 56
168 14 12 59
168 14 13 50
169 0 2 30
169 0 3 29
169 0 4 29
169 0 6 31
169 0 9 29
169 0 11 28
169 0 13 31
169 0 14 28
169 7 2 29
169 7 3 28
169 7 4 28
169 7 6 30
169 7 8 28
169 7 9 27
169 7 12 30
169 7 14 27
169 12 3 29
169 12 4 28
169 12 6 28
169 12 7 30
169 12 8 28
169 12 9 27
169 12 11 30
169 12 14 27
170 5 0 54
170 5 3 53
170 5 5 53
170 5 6 61
170 5 7 59
170 5 8 58
170 5 11 61
170 5 13 52
170 9 2 53
170 9 4 52
170 9 6 52
170 9 7 60
170 9 8 58
170 9 11 57
170 9 13 60
170 9 14 51
170 11 3 53
170 11 5 52
170 11 8 52
170 11 9 60
170 11 10 58
170 11 11 57
170 11 13 60
170 11 14 51
171 4 2 29
171 4 3 28
171 4 4 28
171 4 5 30
171 4 6 28
171 4 7 27
171 4 10 30
171 4 14 27
171 6 0 28
171 6 1 27
171 6 4 27
171 6 5 29
171 6 6 27
171 6 7 26
171 6 8 29
171 6 13 26
171 8 0 28
171 8 1 27
171 8 2 27
171 8 3 29
171 8 5 27
171 8 6 26
171 8 9 29
171 8 11 26
172 1 0 42
172 1 2 41
172 1 3 41
172 1 4 39
172 1 5 47
172 1 6 42
172 1 12 45
172 1 13 40
172 2 1 41
172 2 2 40
172 2 3 40
172 2 5 38
172 2 7 46
172 2 8 41
172 2 10 44
172 2 13 39
172 8 0 41
172 8 1 40
172 8 2 40
172 8 3 38
172 8 5 46
172 8 6 41
172 8 9 44
172 8 11 39
172 14 0 43
172 14 3 36
172 14 5 42
172 14 6 38
172 14 10 42
172 14 11 41
172 14 12 44
172 14 13 44
173 7 2 79
173 7 3 80
173 7 4 75
173 7 6 83
173 7 8 76
173 7 9 81
173 7 12 70
173 7 14 72
173 12 3 80
173 12 4 81
173 12 6 76
173 12 7 84
173 12 8 77
173 12 9 82
173 12 11 71
173 12 14 73
174 6 0 79
174 6 1 80
174 6 4 75
174 6 5 83
174 6 6 76
174 6 7 81
174 6 8 70
174 6 13 72
174 8 0 80
174 8 1 81
174 8 2 76
174 8 3 84
174 8 5 77
174 8 6 82
174 8 9 71
174 8 11 73
174 9 2 75
174 9 4 76
174 9 6 71
174 9 7 79
174 9 8 72
174 9 11 77
174 9 13 66
174 9 14 68
175 2 1 85
175 2 2 95
175 2 3 98
175 2 5 85
175 2 7 95
175 2 8 99
175 2 10 89
175 2 13 97
175 8 0 90
175 8 1 83
175 8 2 89
175 8 3 85
175 8 5 89
175 8 6 88
175 8 9 91
175 8 11 82
175 13 3 96
175 13 6 89
175 13 8 95
175 13 9 91
175 13 10 95
175 13 11 94
175 13 13 97
175 13 14 88
176 0 2 89
176 0 3 82
176 0 4 88
176 0 6 84
176 0 9 88
176 0 11 87
176 0 13 90
176 0 14 81
176 1 0 90
176 1 2 83
176 1 3 89
176 1 4 85
176 1 5 89
176 1 6 88
176 1 12 91
176 1 13 82
176 2 1 81
176 2 2 82
176 2 3 77
176 2 5 85
176 2 7 78
176 2 8 83
176 2 10 72
176 2 13 74
176 10 0 93
176 10 1 86
176 10 2 92
176 10 4 88
176 10 5 92
176 10 7 91
176 10 12 94
176 10 13 85
176 13 3 82
176 13 6 83
176 13 8 78
176 13 9 86
176 13 10 79
176 13 11 84
176 13 13 73
176 13 14 75
177 5 0 89
177 5 3 88
177 5 5 88
177 5 6 96
177 5 7 94
177 5 8 89
177 5 11 92
177 5 13 87
177 6 0 95
177 6 1 88
177 6 4 94
177 6 5 90
177 6 6 94
177 6 7 93
177 6 8 96
177 6 13 87
177 8 0 88
177 8 1 87
177 8 2 87
177 8 3 95
177 8 5 93
177 8 6 88
177 8 9 91
177 8 11 86
177 11 3 85
177 11 5 95
177 11 8 98
177 11 9 85
177 11 10 95
177 11 11 99
177 11 13 89
177 11 14 97
177 13 3 88
177 13 6 87
177 13 8 87
177 13 9 95
177 13 10 93
177 13 11 88
177 13 13 91
177 13 14 86
178 2 1 55
178 2 2 54
178 2 3 54
178 2 5 62
178 2 7 60
178 2 8 59
178 2 10 62
178 2 13 53
178 7 2 61
178 7 3 68
178 7 4 60
178 7 6 62
178 7 8 56
178 7 9 65
178 7 12 66
178 7 14 57
178 11 3 54
178 11 5 53
178 11 8 53
178 11 9 61
178 11 10 59
178 11 11 58
178 11 13 61
178 11 14 52
179 0 2 96
179 0 3 89
179 0 4 95
179 0 6 91
179 0 9 95
179 0 11 94
179 0 13 97
179 0 14 88
179 2 1 89
179 2 2 82
179 2 3 88
179 2 5 84
179 2 7 88
179 2 8 87
179 2 10 90
179 2 13 81
179 9 2 95
179 9 4 88
179 9 6 94
179 9 7 90
179 9 8 94
179 9 11 93
179 9 13 96
179 9 14 87
179 10 0 91
179 10 1 84
179 10 2 90
179 10 4 86
179 10 5 90
179 10 7 89
179 10 12 92
179 10 13 83
179 13 3 95
179 13 6 88
179 13 8 94
179 13 9 90
179 13 10 94
179 13 11 93
179 13 13 96
179 13 14 87
180 8 0 16
180 8 1 17
180 8 2 15
180 8 3 17
180 8 5 16
180 8 6 17
180 8 9 14
180 8 11 15
180 9 2 17
180 9 4 18
180 9 6 16
180 9 7 18
180 9 8 17
180 9 11 18
180 9 13 15
180 9 14 16
180 12 3 15
180 12 4 16
180 12 6 14
180 12 7 16
180 12 8 15
180 12 9 16
180 12 11 13
180 12 14 14
181 3 0 23
181 3 1 22
181 3 4 22
181 3 7 24
181 3 9 22
181 3 10 21
181 3 11 24
181 3 13 21
181 5 0 22
181 5 3 21
181 5 5 21
181 5 6 23
181 5 7 21
181 5 8 20
181 5 11 23
181 5 13 20
181 10 0 22
181 10 1 21
181 10 2 21
181 10 4 23
181 10 5 21
181 10 7 20
181 10 12 23
181 10 13 20
181 14 0 19
181 14 3 20
181 14 5 18
181 14 6 20
181 14 10 19
181 14 11 20
181 14 12 17
181 14 13 18
182 1 0 89
182 1 2 88
182 1 3 88
182 1 4 96
182 1 5 94
182 1 6 89
182 1 12 92
182 1 13 87
182 4 2 95
182 4 3 88
182 4 4 94
182 4 5 90
182 4 6 94
182 4 7 93
182 4 10 96
182 4 14 87
182 5 0 88
182 5 3 87
182 5 5 87
182 5 6 95
182 5 7 93
182 5 8 88
182 5 11 91
182 5 13 86
182 8 0 85
182 8 1 95
182 8 2 98
182 8 3 85
182 8 5 95
182 8 6 99
182 8 9 89
182 8 11 97
182 13 3 88
182 13 6 87
182 13 8 87
182 13 9 95
182 13 10 93
182 13 11 88
182 13 13 91
182 13 14 86
183 0 2 93
183 0 3 86
183 0 4 92
183 0 6 88
183 0 9 92
183 0 11 91
183 0 13 94
183 0 14 85
183 4 2 92
183 4 3 85
183 4 4 91
183 4 5 87
183 4 6 91
183 4 7 90
183 4 10 93
183 4 14 84
183 6 0 92
183 6 1 85
183 6 4 91
183 6 5 87
183 6 6 91
183 6 7 90
183 6 8 93
183 6 13 84
183 9 2 87
183 9 4 86
183 9 6 86
183 9 7 94
183 9 8 92
183 9 11 87
183 9 13 90
183 9 14 85
184 2 1 44
184 2 2 43
184 2 3 43
184 2 5 41
184 2 7 49
184 2 8 44
184 2 10 47
184 2 13 42
184 11 3 43
184 11 5 42
184 11 8 42
184 11 9 40
184 11 10 48
184 11 11 43
184 11 13 46
184 11 14 41
185 2 1 66
185 2 2 73
185 2 3 65
185 2 5 67
185 2 7 61
185 2 8 70
185 2 10 71
185 2 13 62
185 4 2 77
185 4 3 78
185 4 4 73
185 4 5 81
185 4 6 74
185 4 7 79
185 4 10 68
185 4 14 70
185 9 2 65
185 9 4 72
185 9 6 64
185 9 7 66
185 9 8 60
185 9 11 69
185 9 13 70
185 9 14 61
185 11 3 67
185 11 5 74
185 11 8 66
185 11 9 68
185 11 10 62
185 11 11 71
185 11 13 72
185 11 14 63
186 2 1 12
186 2 2 13
186 2 3 11
186 2 5 13
186 2 7 12
186 2 8 13
186 2 10 10
186 2 13 11
186 3 0 13
186 3 1 14
186 3 4 12
186 3 7 14
186 3 9 13
186 3 10 14
186 3 11 11
186 3 13 12
186 5 0 11
186 5 3 12
186 5 5 10
186 5 6 12
186 5 7 11
186 5 8 12
186 5 11 9
186 5 13 10
186 7 2 13
186 7 3 14
186 7 4 12
186 7 6 14
186 7 8 13
186 7 9 14
186 7 12 11
186 7 14 12
186 12 3 12
186 12 4 13
186 12 6 11
186 12 7 13
186 12 8 12
186 12 9 13
186 12 11 10
186 12 14 11
187 2 1 86
187 2 2 85
187 2 3 85
187 2 5 93
187 2 7 91
187 2 8 86
187 2 10 89
187 2 13 84
187 7 2 92
187 7 3 85
187 7 4 91
187 7 6 87
187 7 8 91
187 7 9 90
187 7 12 93
187 7 14 84
187 12 3 85
187 12 4 84
187 12 6 84
187 12 7 92
187 12 8 90
187 12 9 85
187 12 11 88
187 12 14 83
188 0 2 26
188 0 3 25
188 0 4 25
188 0 6 27
188 0 9 25
188 0 11 24
188 0 13 27
188 0 14 24
188 3 0 25
188 3 1 24
188 3 4 24
188 3 7 26
188 3 9 24
188 3 10 23
188 3 11 26
188 3 13 23
188 4 2 25
188 4 3 24
188 4 4 24
188 4 5 26
188 4 6 24
188 4 7 23
188 4 10 26
188 4 14 23
188 11 3 27
188 11 5 26
188 11 8 26
188 11 9 28
188 11 10 26
188 11 11 25
188 11 13 28
188 11 14 25
188 13 3 25
188 13 6 24
188 13 8 24
188 13 9 26
188 13 10 24
188 13 11 23
188 13 13 26
188 13 14 23
189 2 1 95
189 2 2 88
189 2 3 94
189 2 5 90
189 2 7 94
189 2 8 93
189 2 10 96
189 2 13 87
189 3 0 94
189 3 1 87
189 3 4 93
189 3 7 89
189 3 9 93
189 3 10 92
189 3 11 95
189 3 13 86
189 7 2 94
189 7 3 87
189 7 4 93
189 7 6 89
189 7 8 93
189 7 9 92
189 7 12 95
189 7 14 86
189 11 3 89
189 11 5 88
189 11 8 88
189 11 9 96
189 11 10 94
189 11 11 89
189 11 13 92
189 11 14 87
190 1 0 45
190 1 2 44
190 1 3 44
190 1 4 42
190 1 5 50
190 1 6 45
190 1 12 48
190 1 13 43
190 2 1 44
190 2 2 43
190 2 3 43
190 2 5 41
190 2 7 49
190 2 8 44
190 2 10 47
190 2 13 42
190 7 2 44
190 7 3 43
190 7 4 43
190 7 6 41
190 7 8 49
190 7 9 44
190 7 12 47
190 7 14 42
190 9 2 42
190 9 4 41
190 9 6 41
190 9 7 39
190 9 8 47
190 9 11 42
190 9 13 45
190 9 14 40
190 10 0 49
190 10 1 48
190 10 2 48
190 10 4 56
190 10 5 54
190 10 7 53
190 10 12 56
190 10 13 47
191 0 2 93
191 0 3 86
191 0 4 92
191 0 6 88
191 0 9 92
191 0 11 91
191 0 13 94
191 0 14 85
191 2 1 92
191 2 2 85
191 2 3 91
191 2 5 87
191 2 7 91
191 2 8 90
191 2 10 93
191 2 13 84
191 7 2 92
191 7 3 85
191 7 4 91
191 7 6 87
191 7 8 91
191 7 9 90
191 7 12 93
191 7 14 84
191 8 0 87
191 8 1 86
191 8 2 86
191 8 3 94
191 8 5 92
191 8 6 87
191 8 9 90
191 8 11 85
192 1 0 45
192 1 2 44
192 1 3 44
192 1 4 42
192 1 5 50
192 1 6 45
192 1 12 48
192 1 13 43
192 8 0 44
192 8 1 43
192 8 2 43
192 8 3 41
192 8 5 49
192 8 6 44
192 8 9 47
192 8 11 42
193 0 2 87
193 0 3 86
193 0 4 86
193 0 6 94
193 0 9 92
193 0 11 87
193 0 13 90
193 0 14 85
193 2 1 86
193 2 2 85
193 2 3 85
193 2 5 93
193 2 7 91
193 2 8 86
193 2 10 89
193 2 13 84
193 8 0 86
193 8 1 85
193 8 2 85
193 8 3 93
193 8 5 91
193 8 6 86
193 8 9 89
193 8 11 84
193 9 2 103
193 9 4 96
193 9 6 102
193 9 7 104
193 9 8 105
193 9 11 107
193 9 13 101
193 9 14 92
194 7 2 54
194 7 3 53
194 7 4 53
194 7 6 61
194 7 8 59
194 7 9 58
194 7 12 61
194 7 14 52
194 9 2 53
194 9 4 52
194 9 6 52
194 9 7 60
194 9 8 58
194 9 11 57
194 9 13 60
194 9 14 51
194 10 0 53
194 10 1 52
194 10 2 52
194 10 4 60
194 10 5 58
194 10 7 57
194 10 12 60
194 10 13 51
194 13 3 62
194 13 6 69
194 13 8 61
194 13 9 63
194 13 10 57
194 13 11 66
194 13 13 67
194 13 14 58
194 14 0 60
194 14 3 67
194 14 5 59
194 14 6 61
194 14 10 55
194 14 11 64
194 14 12 65
194 14 13 56
195 4 2 95
195 4 3 88
195 4 4 94
195 4 5 90
195 4 6 94
195 4 7 93
195 4 10 96
195 4 14 87
195 6 0 88
195 6 1 81
195 6 4 87
195 6 5 83
195 6 6 87
195 6 7 86
195 6 8 89
195 6 13 80
196 3 0 65
196 3 1 72
196 3 4 64
196 3 7 66
196 3 9 60
196 3 10 69
196 3 11 70
196 3 13 61
196 8 0 76
196 8 1 77
196 8 2 72
196 8 3 80
196 8 5 73
196 8 6 78
196 8 9 67
196 8 11 69
196 10 0 64
196 10 1 71
196 10 2 63
196 10 4 65
196 10 5 59
196 10 7 68
196 10 12 69
196 10 13 60
197 5 0 98
197 5 3 103
197 5 5 93
197 5 6 105
197 5 7 99
197 5 8 92
197 5 11 103
197 5 13 102
197 8 0 90
197 8 1 89
197 8 2 89
197 8 3 97
197 8 5 95
197 8 6 90
197 8 9 93
197 8 11 88
197 10 0 97
197 10 1 102
197 10 2 92
197 10 4 104
197 10 5 98
197 10 7 91
197 10 12 102
197 10 13 101
197 11 3 99
197 11 5 104
197 11 8 94
197 11 9 106
197 11 10 100
197 11 11 93
197 11 13 104
197 11 14 103
197 12 3 100
197 12 4 105
197 12 6 95
197 12 7 107
197 12 8 101
197 12 9 94
197 12 11 105
197 12 14 104
198 0 2 50
198 0 3 49
198 0 4 49
198 0 6 57
198 0 9 55
198 0 11 54
198 0 13 57
198 0 14 48
198 3 0 49
198 3 1 48
198 3 4 48
198 3 7 56
198 3 9 54
198 3 10 53
198 3 11 56
198 3 13 47
198 10 0 49
198 10 1 48
198 10 2 48
198 10 4 56
198 10 5 54
198 10 7 53
198 10 12 56
198 10 13 47
198 13 3 57
198 13 6 56
198 13 8 56
198 13 9 64
198 13 10 62
198 13 11 61
198 13 13 64
198 13 14 55
199 0 2 17
199 0 3 18
199 0 4 16
199 0 6 18
199 0 9 17
199 0 11 18
199 0 13 15
199 0 14 16
199 6 0 18
199 6 1 19
199 6 4 17
199 6 5 19
199 6 6 18
199 6 7 19
199 6 8 16
199 6 13 17
200 1 0 17
200 1 2 18
200 1 3 16
200 1 4 18
200 1 5 17
200 1 6 18
200 1 12 15
200 1 13 16
200 3 0 18
200 3 1 19
200 3 4 17
200 3 7 19
200 3 9 18
200 3 10 19
200 3 11 16
200 3 13 17
200 12 3 16
200 12 4 17
200 12 6 15
200 12 7 17
200 12 8 16
200 12 9 17
200 12 11 14
200 12 14 15
201 4 2 42
201 4 3 41
201 4 4 41
201 4 5 39
201 4 6 47
201 4 7 42
201 4 10 45
201 4 14 40
201 5 0 37
201 5 3 38
201 5 5 35
201 5 6 39
201 5 7 36
201 5 8 38
201 5 11 33
201 5 13 34
201 6 0 41
201 6 1 40
201 6 4 40
201 6 5 38
201 6 6 46
201 6 7 41
201 6 8 44
201 6 13 39
201 7 2 39
201 7 3 40
201 7 4 37
201 7 6 41
201 7 8 38
201 7 9 40
201 7 12 35
201 7 14 36
201 12 3 41
201 12 4 40
201 12 6 40
201 12 7 38
201 12 8 46
201 12 9 41
201 12 11 44
201 12 14 39
202 0 2 87
202 0 3 86
202 0 4 86
202 0 6 94
202 0 9 92
202 0 11 87
202 0 13 90
202 0 14 85
202 2 1 93
202 2 2 86
202 2 3 92
202 2 5 88
202 2 7 92
202 2 8 91
202 2 10 94
202 2 13 85
202 4 2 86
202 4 3 85
202 4 4 85
202 4 5 93
202 4 6 91
202 4 7 86
202 4 10 89
202 4 14 84
202 5 0 95
202 5 3 88
202 5 5 94
202 5 6 90
202 5 7 94
202 5 8 93
202 5 11 96
202 5 13 87
202 8 0 86
202 8 1 85
202 8 2 85
202 8 3 93
202 8 5 91
202 8 6 86
202 8 9 89
202 8 11 84
203 9 2 63
203 9 4 70
203 9 6 62
203 9 7 64
203 9 8 58
203 9 11 67
203 9 13 68
203 9 14 59
203 11 3 74
203 11 5 75
203 11 8 70
203 11 9 78
203 11 10 71
203 11 11 76
203 11 13 65
203 11 14 67
204 7 2 46
204 7 3 45
204 7 4 45
204 7 6 43
204 7 8 51
204 7 9 46
204 7 12 49
204 7 14 44
204 8 0 45
204 8 1 44
204 8 2 44
204 8 3 42
204 8 5 50
204 8 6 45
204 8 9 48
204 8 11 43
205 1 0 77
205 1 2 78
205 1 3 73
205 1 4 81
205 1 5 74
205 1 6 79
205 1 12 68
205 1 13 70
205 2 1 78
205 2 2 79
205 2 3 74
205 2 5 82
205 2 7 75
205 2 8 80
205 2 10 69
205 2 13 71
205 3 0 67
205 3 1 66
205 3 4 66
205 3 7 74
205 3 9 72
205 3 10 77
205 3 11 65
205 3 13 65
205 4 2 81
205 4 3 82
205 4 4 77
205 4 5 85
205 4 6 78
205 4 7 83
205 4 10 72
205 4 14 74
205 13 3 74
205 13 6 75
205 13 8 70
205 13 9 78
205 13 10 71
205 13 11 76
205 13 13 65
205 13 14 67
206 4 2 96
206 4 3 89
206 4 4 95
206 4 5 91
206 4 6 95
206 4 7 94
206 4 10 97
206 4 14 88
206 5 0 89
206 5 3 82
206 5 5 88
206 5 6 84
206 5 7 88
206 5 8 87
206 5 11 90
206 5 13 81
206 7 2 95
206 7 3 88
206 7 4 94
206 7 6 90
206 7 8 94
206 7 9 93
206 7 12 96
206 7 14 87
206 8 0 91
206 8 1 84
206 8 2 90
206 8 3 86
206 8 5 90
206 8 6 89
206 8 9 92
206 8 11 83
207 4 2 34
207 4 3 35
207 4 4 32
207 4 5 36
207 4 6 33
207 4 7 35
207 4 10 30
207 4 14 31
207 7 2 35
207 7 3 36
207 7 4 33
207 7 6 37
207 7 8 34
207 7 9 36
207 7 12 31
207 7 14 32
207 9 2 32
207 9 4 33
207 9 6 30
207 9 7 34
207 9 8 31
207 9 11 33
207 9 13 28
207 9 14 29
208 5 0 35
208 5 3 36
208 5 5 33
208 5 6 37
208 5 7 34
208 5 8 36
208 5 11 31
208 5 13 32
208 6 0 36
208 6 1 37
208 6 4 34
208 6 5 38
208 6 6 35
208 6 7 37
208 6 8 32
208 6 13 33
208 7 2 33
208 7 3 34
208 7 4 31
208 7 6 35
208 7 8 32
208 7 9 34
208 7 12 29
208 7 14 30
208 14 0 37
208 14 3 38
208 14 5 35
208 14 6 39
208 14 10 36
208 14 11 38
208 14 12 33
208 14 13 34
209 5 0 11
209 5 3 12
209 5 5 10
209 5 6 12
209 5 7 11
209 5 8 12
209 5 11 9
209 5 13 10
209 7 2 12
209 7 3 13
209 7 4 11
209 7 6 13
209 7 8 12
209 7 9 13
209 7 12 10
209 7 14 11
209 11 3 10
209 11 5 9
209 11 8 9
209 11 9 11
209 11 10 9
209 11 11 11
209 11 13 11
209 11 14 11
210 1 0 33
210 1 2 34
210 1 3 31
210 1 4 35
210 1 5 32
210 1 6 34
210 1 12 29
210 1 13 30
210 5 0 34
210 5 3 35
210 5 5 32
210 5 6 36
210 5 7 33
210 5 8 35
210 5 11 30
210 5 13 31
210 6 0 33
210 6 1 33
210 6 4 32
210 6 5 27
210 6 6 28
210 6 7 30
210 6 8 31
210 6 13 29
210 10 0 35
210 10 1 36
210 10 2 33
210 10 4 37
210 10 5 34
210 10 7 36
210 10 12 31
210 10 13 32
210 13 3 32
210 13 6 33
210 13 8 30
210 13 9 34
210 13 10 31
210 13 11 33
210 13 13 28
210 13 14 29
211 0 2 24
211 0 3 23
211 0 4 23
211 0 6 25
211 0 9 23
211 0 11 22
211 0 13 25
211 0 14 22
211 2 1 23
211 2 2 22
211 2 3 22
211 2 5 24
211 2 7 22
211 2 8 21
211 2 10 24
211 2 13 21
212 0 2 40
212 0 3 41
212 0 4 38
212 0 6 42
212 0 9 39
212 0 11 41
212 0 13 36
212 0 14 37
212 1 0 43
212 1 2 36
212 1 3 42
212 1 4 38
212 1 5 42
212 1 6 41
212 1 12 44
212 1 13 44
212 2 1 38
212 2 2 39
212 2 3 36
212 2 5 40
212 2 7 37
212 2 8 39
212 2 10 34
212 2 13 35
212 10 0 40
212 10 1 39
212 10 2 39
212 10 4 37
212 10 5 45
212 10 7 40
212 10 12 43
212 10 13 38
213 6 0 44
213 6 1 43
213 6 4 43
213 6 5 41
213 6 6 49
213 6 7 44
213 6 8 47
213 6 13 42
213 8 0 43
213 8 1 42
213 8 2 42
213 8 3 40
213 8 5 48
213 8 6 43
213 8 9 46
213 8 11 41
213 9 2 43
213 9 4 42
213 9 6 42
213 9 7 40
213 9 8 48
213 9 11 43
213 9 13 46
213 9 14 41
213 14 0 41
213 14 3 40
213 14 5 40
213 14 6 38
213 14 10 46
213 14 11 41
213 14 12 44
213 14 13 39
214 1 0 65
214 1 2 72
214 1 3 64
214 1 4 66
214 1 5 60
214 1 6 69
214 1 12 70
214 1 13 61
214 11 3 76
214 11 5 77
214 11 8 72
214 11 9 80
214 11 10 73
214 11 11 78
214 11 13 67
214 11 14 69
214 12 3 64
214 12 4 71
214 12 6 63
214 12 7 65
214 12 8 59
214 12 9 68
214 12 11 69
214 12 14 60
215 4 2 96
215 4 3 89
215 4 4 95
215 4 5 91
215 4 6 95
215 4 7 94
215 4 10 97
215 4 14 88
215 5 0 95
215 5 3 88
215 5 5 94
215 5 6 90
215 5 7 94
215 5 8 93
215 5 11 96
215 5 13 87
215 12 3 95
215 12 4 88
215 12 6 94
215 12 7 90
215 12 8 94
215 12 9 93
215 12 11 96
215 12 14 87
215 13 3 90
215 13 6 89
215 13 8 89
215 13 9 97
215 13 10 95
215 13 11 90
215 13 13 93
215 13 14 88
216 2 1 51
216 2 2 45
216 2 3 46
216 2 5 47
216 2 7 52
216 2 8 45
216 2 10 45
216 2 13 55
216 4 2 48
216 4 3 47
216 4 4 47
216 4 5 45
216 4 6 53
216 4 7 48
216 4 10 51
216 4 14 46
216 5 0 48
216 5 3 47
216 5 5 47
216 5 6 45
216 5 7 53
216 5 8 48
216 5 11 51
216 5 13 46
216 7 2 55
216 7 3 54
216 7 4 54
216 7 6 62
216 7 8 60
216 7 9 59
216 7 12 62
216 7 14 53
216 12 3 53
216 12 4 52
216 12 6 52
216 12 7 60
216 12 8 58
216 12 9 57
216 12 11 60
216 12 14 51
217 5 0 80
217 5 3 81
217 5 5 76
217 5 6 84
217 5 7 77
217 5 8 82
217 5 11 71
217 5 13 73
217 7 2 81
217 7 3 82
217 7 4 77
217 7 6 85
217 7 8 78
217 7 9 83
217 7 12 72
217 7 14 74
217 12 3 76
217 12 4 77
217 12 6 72
217 12 7 80
217 12 8 73
217 12 9 78
217 12 11 67
217 12 14 69
217 14 0 88
217 14 3 81
217 14 5 87
217 14 6 83
217 14 10 87
217 14 11 86
217 14 12 89
217 14 13 80
218 5 0 45
218 5 3 44
218 5 5 44
218 5 6 42
218 5 7 50
218 5 8 45
218 5 11 48
218 5 13 43
218 7 2 44
218 7 3 43
218 7 4 43
218 7 6 41
218 7 8 49
218 7 9 44
218 7 12 47
218 7 14 42
218 9 2 44
218 9 4 43
218 9 6 43
218 9 7 41
218 9 8 49
218 9 11 44
218 9 13 47
218 9 14 42
218 13 3 42
218 13 6 41
218 13 8 41
218 13 9 39
218 13 10 47
218 13 11 42
218 13 13 45
218 13 14 40
219 1 0 90
219 1 2 89
219 1 3 89
219 1 4 97
219 1 5 95
219 1 6 90
219 1 12 93
219 1 13 88
219 5 0 96
219 5 3 89
219 5 5 95
219 5 6 91
219 5 7 95
219 5 8 94
219 5 11 97
219 5 13 88
219 11 3 89
219 11 5 88
219 11 8 88
219 11 9 96
219 11 10 94
219 11 11 89
219 11 13 92
219 11 14 87
219 12 3 85
219 12 4 84
219 12 6 84
219 12 7 92
219 12 8 90
219 12 9 85
219 12 11 88
219 12 14 83
220 4 2 80
220 4 3 81
220 4 4 76
220 4 5 84
220 4 6 77
220 4 7 82
220 4 10 71
220 4 14 73
220 9 2 81
220 9 4 82
220 9 6 77
220 9 7 85
220 9 8 78
220 9 11 83
220 9 13 72
220 9 14 74
220 14 0 76
220 14 3 77
220 14 5 72
220 14 6 80
220 14 10 73
220 14 11 78
220 14 12 67
220 14 13 69
221 0 2 96
221 0 3 89
221 0 4 95
221 0 6 91
221 0 9 95
221 0 11 94
221 0 13 97
221 0 14 88
221 2 1 95
221 2 2 88
221 2 3 94
221 2 5 90
221 2 7 94
221 2 8 93
221 2 10 96
221 2 13 87
221 3 0 95
221 3 1 88
221 3 4 94
221 3 7 90
221 3 9 94
221 3 10 93
221 3 11 96
221 3 13 87
221 13 3 90
221 13 6 89
221 13 8 89
221 13 9 97
221 13 10 95
221 13 11 90
221 13 13 93
221 13 14 88
222 0 2 49
222 0 3 48
222 0 4 48
222 0 6 56
222 0 9 54
222 0 11 53
222 0 13 56
222 0 14 47
222 3 0 51
222 3 1 45
222 3 4 46
222 3 7 47
222 3 9 52
222 3 10 45
222 3 11 45
222 3 13 55
222 4 2 51
222 4 3 45
222 4 4 46
222 4 5 47
222 4 6 52
222 4 7 45
222 4 10 45
222 4 14 55
222 6 0 56
222 6 1 55
222 6 4 55
222 6 5 63
222 6 6 61
222 6 7 60
222 6 8 63
222 6 13 54
222 10 0 54
222 10 1 53
222 10 2 53
222 10 4 61
222 10 5 59
222 10 7 58
222 10 12 61
222 10 13 52
223 3 0 63
223 3 1 70
223 3 4 62
223 3 7 64
223 3 9 58
223 3 10 67
223 3 11 68
223 3 13 59
223 4 2 74
223 4 3 75
223 4 4 70
223 4 5 78
223 4 6 71
223 4 7 76
223 4 10 65
223 4 14 67
223 6 0 62
223 6 1 69
223 6 4 61
223 6 5 63
223 6 6 57
223 6 7 66
223 6 8 67
223 6 13 58
223 9 2 64
223 9 4 71
223 9 6 63
223 9 7 65
223 9 8 59
223 9 11 68
223 9 13 69
223 9 14 60
223 13 3 57
223 13 6 56
223 13 8 56
223 13 9 64
223 13 10 62
223 13 11 61
223 13 13 64
223 13 14 55
224 0 2 95
224 0 3 88
224 0 4 94
224 0 6 90
224 0 9 94
224 0 11 93
224 0 13 96
224 0 14 87
224 6 0 88
224 6 1 81
224 6 4 87
224 6 5 83
224 6 6 87
224 6 7 86
224 6 8 89
224 6 13 80
224 8 0 94
224 8 1 87
224 8 2 93
224 8 3 89
224 8 5 93
224 8 6 92
224 8 9 95
224 8 11 86
225 4 2 43
225 4 3 36
225 4 4 42
225 4 5 38
225 4 6 42
225 4 7 41
225 4 10 44
225 4 14 44
225 9 2 40
225 9 4 39
225 9 6 39
225 9 7 37
225 9 8 45
225 9 11 40
225 9 13 43
225 9 14 38
226 7 2 25
226 7 3 24
226 7 4 24
226 7 6 26
226 7 8 24
226 7 9 23
226 7 12 26
226 7 14 23
226 14 0 24
226 14 3 23
226 14 5 23
226 14 6 25
226 14 10 23
226 14 11 22
226 14 12 25
226 14 13 22
227 2 1 55
227 2 2 54
227 2 3 54
227 2 5 62
227 2 7 60
227 2 8 59
227 2 10 62
227 2 13 53
227 4 2 61
227 4 3 68
227 4 4 60
227 4 5 62
227 4 6 56
227 4 7 65
227 4 10 66
227 4 14 57
227 6 0 54
227 6 1 53
227 6 4 53
227 6 5 61
227 6 6 59
227 6 7 58
227 6 8 61
227 6 13 52
227 13 3 62
227 13 6 69
227 13 8 61
227 13 9 63
227 13 10 57
227 13 11 66
227 13 13 67
227 13 14 58
228 8 0 92
228 8 1 85
228 8 2 91
228 8 3 87
228 8 5 91
228 8 6 90
228 8 9 93
228 8 11 84
228 12 3 91
228 12 4 84
228 12 6 90
228 12 7 86
228 12 8 90
228 12 9 89
228 12 11 92
228 12 14 83
229 9 2 43
229 9 4 36
229 9 6 42
229 9 7 38
229 9 8 42
229 9 11 41
229 9 13 44
229 9 14 44
229 14 0 40
229 14 3 39
229 14 5 39
229 14 6 37
229 14 10 45
229 14 11 40
229 14 12 43
229 14 13 38
230 0 2 92
230 0 3 85
230 0 4 91
230 0 6 87
230 0 9 91
230 0 11 90
230 0 13 93
230 0 14 84
230 4 2 89
230 4 3 88
230 4 4 88
230 4 5 96
230 4 6 94
230 4 7 89
230 4 10 92
230 4 14 87
230 8 0 92
230 8 1 91
230 8 2 91
230 8 3 99
230 8 5 97
230 8 6 92
230 8 9 95
230 8 11 90
231 4 2 50
231 4 3 49
231 4 4 49
231 4 5 57
231 4 6 55
231 4 7 54
231 4 10 57
231 4 14 48
231 14 0 49
231 14 3 48
231 14 5 48
231 14 6 56
231 14 10 54
231 14 11 53
231 14 12 56
231 14 13 47
232 7 2 80
232 7 3 81
232 7 4 76
232 7 6 84
232 7 8 77
232 7 9 82
232 7 12 71
232 7 14 73
232 9 2 81
232 9 4 82
232 9 6 77
232 9 7 85
232 9 8 78
232 9 11 83
232 9 13 72
232 9 14 74
232 12 3 76
232 12 4 77
232 12 6 72
232 12 7 80
232 12 8 73
232 12 9 78
232 12 11 67
232 12 14 69
233 3 0 85
233 3 1 75
233 3 4 85
233 3 7 75
233 3 9 86
233 3 10 84
233 3 11 77
233 3 13 86
233 7 2 88
233 7 3 81
233 7 4 87
233 7 6 83
233 7 8 87
233 7 9 86
233 7 12 89
233 7 14 80
233 8 0 79
233 8 1 80
233 8 2 75
233 8 3 83
233 8 5 76
233 8 6 81
233 8 9 70
233 8 11 72
233 10 0 91
233 10 1 84
233 10 2 90
233 10 4 86
233 10 5 90
233 10 7 89
233 10 12 92
233 10 13 83
233 11 3 80
233 11 5 81
233 11 8 76
233 11 9 84
233 11 10 77
233 11 11 82
233 11 13 71
233 11 14 73
234 2 1 87
234 2 2 86
234 2 3 86
234 2 5 94
234 2 7 92
234 2 8 87
234 2 10 90
234 2 13 85
234 4 2 86
234 4 3 85
234 4 4 85
234 4 5 93
234 4 6 91
234 4 7 86
234 4 10 89
234 4 14 84
234 5 0 86
234 5 3 85
234 5 5 85
234 5 6 93
234 5 7 91
234 5 8 86
234 5 11 89
234 5 13 84
234 6 0 103
234 6 1 96
234 6 4 102
234 6 5 104
234 6 6 105
234 6 7 107
234 6 8 101
234 6 13 92
234 8 0 92
234 8 1 91
234 8 2 91
234 8 3 99
234 8 5 97
234 8 6 92
234 8 9 95
234 8 11 90
235 0 2 42
235 0 3 41
235 0 4 41
235 0 6 39
235 0 9 47
235 0 11 42
235 0 13 45
235 0 14 40
235 6 0 37
235 6 1 38
235 6 4 35
235 6 5 39
235 6 6 36
235 6 7 38
235 6 8 33
235 6 13 34
235 7 2 41
235 7 3 40
235 7 4 40
235 7 6 38
235 7 8 46
235 7 9 41
235 7 12 44
235 7 14 39
235 12 3 39
235 12 4 40
235 12 6 37
235 12 7 41
235 12 8 38
235 12 9 40
235 12 11 35
235 12 14 36
235 13 3 41
235 13 6 40
235 13 8 40
235 13 9 38
235 13 10 46
235 13 11 41
235 13 13 44
235 13 14 39
236 0 2 85
236 0 3 75
236 0 4 85
236 0 6 75
236 0 9 86
236 0 11 84
236 0 13 77
236 0 14 86
236 10 0 88
236 10 1 81
236 10 2 87
236 10 4 83
236 10 5 87
236 10 7 86
236 10 12 89
236 10 13 80
237 0 2 51
237 0 3 45
237 0 4 46
237 0 6 47
237 0 9 52
237 0 11 45
237 0 13 45
237 0 14 55
237 4 2 48
237 4 3 47
237 4 4 47
237 4 5 45
237 4 6 53
237 4 7 48
237 4 10 51
237 4 14 46
237 7 2 48
237 7 3 47
237 7 4 47
237 7 6 45
237 7 8 53
237 7 9 48
237 7 12 51
237 7 14 46
237 8 0 55
237 8 1 54
237 8 2 54
237 8 3 62
237 8 5 60
237 8 6 59
237 8 9 62
237 8 11 53
238 0 2 43
238 0 3 42
238 0 4 42
238 0 6 40
238 0 9 48
238 0 11 43
238 0 13 46
238 0 14 41
238 3 0 42
238 3 1 41
238 3 4 41
238 3 7 39
238 3 9 47
238 3 10 42
238 3 11 45
238 3 13 40
238 7 2 42
238 7 3 41
238 7 4 41
238 7 6 39
238 7 8 47
238 7 9 42
238 7 12 45
238 7 14 40
238 11 3 40
238 11 5 39
238 11 8 39
238 11 9 37
238 11 10 45
238 11 11 40
238 11 13 43
238 11 14 38
238 13 3 48
238 13 6 47
238 13 8 47
238 13 9 45
238 13 10 53
238 13 11 48
238 13 13 51
238 13 14 46
239 0 2 77
239 0 3 78
239 0 4 73
239 0 6 81
239 0 9 74
239 0 11 79
239 0 13 68
239 0 14 70
239 2 1 78
239 2 2 79
239 2 3 74
239 2 5 82
239 2 7 75
239 2 8 80
239 2 10 69
239 2 13 71
239 9 2 67
239 9 4 66
239 9 6 66
239 9 7 74
239 9 8 72
239 9 11 77
239 9 13 65
239 9 14 65
239 10 0 81
239 10 1 82
239 10 2 77
239 10 4 85
239 10 5 78
239 10 7 83
239 10 12 72
239 10 13 74
239 14 0 74
239 14 3 75
239 14 5 70
239 14 6 78
239 14 10 71
239 14 11 76
239 14 12 65
239 14 13 67
240 2 1 94
240 2 2 87
240 2 3 93
240 2 5 89
240 2 7 93
240 2 8 92
240 2 10 95
240 2 13 86
240 4 2 93
240 4 3 86
240 4 4 92
240 4 5 88
240 4 6 92
240 4 7 91
240 4 10 94
240 4 14 85
240 6 0 93
240 6 1 86
240 6 4 92
240 6 5 88
240 6 6 92
240 6 7 91
240 6 8 94
240 6 13 85
240 7 2 88
240 7 3 87
240 7 4 87
240 7 6 95
240 7 8 93
240 7 9 88
240 7 12 91
240 7 14 86
240 10 0 86
240 10 1 85
240 10 2 85
240 10 4 93
240 10 5 91
240 10 7 86
240 10 12 89
240 10 13 84
241 2 1 87
241 2 2 86
241 2 3 86
241 2 5 94
241 2 7 92
241 2 8 87
241 2 10 90
241 2 13 85
241 6 0 93
241 6 1 86
241 6 4 92
241 6 5 88
241 6 6 92
241 6 7 91
241 6 8 94
241 6 13 85
241 12 3 86
241 12 4 85
241 12 6 85
241 12 7 93
241 12 8 91
241 12 9 86
241 12 11 89
241 12 14 84
241 13 3 95
241 13 6 88
241 13 8 94
241 13 9 90
241 13 10 94
241 13 11 93
241 13 13 96
241 13 14 87
241 14 0 86
241 14 3 85
241 14 5 85
241 14 6 93
241 14 10 91
241 14 11 86
241 14 12 89
241 14 13 84
242 0 2 96
242 0 3 89
242 0 4 95
242 0 6 91
242 0 9 95
242 0 11 94
242 0 13 97
242 0 14 88
242 3 0 95
242 3 1 88
242 3 4 94
242 3 7 90
242 3 9 94
242 3 10 93
242 3 11 96
242 3 13 87
242 4 2 95
242 4 3 88
242 4 4 94
242 4 5 90
242 4 6 94
242 4 7 93
242 4 10 96
242 4 14 87
242 8 0 90
242 8 1 89
242 8 2 89
242 8 3 97
242 8 5 95
242 8 6 90
242 8 9 93
242 8 11 88
242 11 3 88
242 11 5 87
242 11 8 87
242 11 9 95
242 11 10 93
242 11 11 88
242 11 13 91
242 11 14 86
243 3 0 10
243 3 1 9
243 3 4 9
243 3 7 11
243 3 9 9
243 3 10 11
243 3 11 11
243 3 13 11
243 12 3 9
243 12 4 9
243 12 6 8
243 12 7 9
243 12 8 9
243 12 9 9
243 12 11 8
243 12 14 8
244 2 1 63
244 2 2 70
244 2 3 62
244 2 5 64
244 2 7 58
244 2 8 67
244 2 10 68
244 2 13 59
244 6 0 74
244 6 1 75
244 6 4 70
244 6 5 78
244 6 6 71
244 6 7 76
244 6 8 65
244 6 13 67
244 9 2 62
244 9 4 69
244 9 6 61
244 9 7 63
244 9 8 57
244 9 11 66
244 9 13 67
244 9 14 58
244 11 3 64
244 11 5 71
244 11 8 63
244 11 9 65
244 11 10 59
244 11 11 68
244 11 13 69
244 11 14 60
244 12 3 57
244 12 4 56
244 12 6 56
244 12 7 64
244 12 8 62
244 12 9 61
244 12 11 64
244 12 14 55
245 1 0 85
245 1 2 95
245 1 3 98
245 1 4 85
245 1 5 95
245 1 6 99
245 1 12 89
245 1 13 97
245 3 0 96
245 3 1 89
245 3 4 95
245 3 7 91
245 3 9 95
245 3 10 94
245 3 11 97
245 3 13 88
245 5 0 96
245 5 3 89
245 5 5 95
245 5 6 91
245 5 7 95
245 5 8 94
245 5 11 97
245 5 13 88
245 7 2 91
245 7 3 90
245 7 4 90
245 7 6 98
245 7 8 96
245 7 9 91
245 7 12 94
245 7 14 89
246 4 2 98
246 4 3 103
246 4 4 93
246 4 5 105
246 4 6 99
246 4 7 92
246 4 10 103
246 4 14 102
246 12 3 90
246 12 4 89
246 12 6 89
246 12 7 97
246 12 8 95
246 12 9 90
246 12 11 93
246 12 14 88
246 14 0 97
246 14 3 102
246 14 5 92
246 14 6 104
246 14 10 98
246 14 11 91
246 14 12 102
246 14 13 101
247 6 0 41
247 6 1 40
247 6 4 40
247 6 5 38
247 6 6 46
247 6 7 41
247 6 8 44
247 6 13 39
247 7 2 40
247 7 3 39
247 7 4 39
247 7 6 37
247 7 8 45
247 7 9 40
247 7 12 43
247 7 14 38
247 11 3 40
247 11 5 39
247 11 8 39
247 11 9 37
247 11 10 45
247 11 11 40
247 11 13 43
247 11 14 38
247 13 3 40
247 13 6 41
247 13 8 38
247 13 9 42
247 13 10 39
247 13 11 41
247 13 13 36
247 13 14 37
247 14 0 46
247 14 3 45
247 14 5 45
247 14 6 43
247 14 10 51
247 14 11 46
247 14 12 49
247 14 13 44
248 10 0 88
248 10 1 81
248 10 2 87
248 10 4 83
248 10 5 87
248 10 7 86
248 10 12 89
248 10 13 80
248 12 3 89
248 12 4 82
248 12 6 88
248 12 7 84
248 12 8 88
248 12 9 87
248 12 11 90
248 12 14 81
249 1 0 39
249 1 2 40
249 1 3 37
249 1 4 41
249 1 5 38
249 1 6 40
249 1 12 35
249 1 13 36
249 3 0 40
249 3 1 41
249 3 4 38
249 3 7 42
249 3 9 39
249 3 10 41
249 3 11 36
249 3 13 37
249 7 2 37
249 7 3 38
249 7 4 35
249 7 6 39
249 7 8 36
249 7 9 38
249 7 12 33
249 7 14 34
249 8 0 43
249 8 1 36
249 8 2 42
249 8 3 38
249 8 5 42
249 8 6 41
249 8 9 44
249 8 11 44
250 4 2 66
250 4 3 73
250 4 4 65
250 4 5 67
250 4 6 61
250 4 7 70
250 4 10 71
250 4 14 62
250 8 0 65
250 8 1 72
250 8 2 64
250 8 3 66
250 8 5 60
250 8 6 69
250 8 9 70
250 8 11 61
250 10 0 65
250 10 1 72
250 10 2 64
250 10 4 66
250 10 5 60
250 10 7 69
250 10 12 70
250 10 13 61
250 11 3 77
250 11 5 78
250 11 8 73
250 11 9 81
250 11 10 74
250 11 11 79
250 11 13 68
250 11 14 70
250 13 3 75
250 13 6 76
250 13 8 71
250 13 9 79
250 13 10 72
250 13 11 77
250 13 13 66
250 13 14 68
251 8 0 33
251 8 1 34
251 8 2 31
251 8 3 35
251 8 5 32
251 8 6 34
251 8 9 29
251 8 11 30
251 13 3 34
251 13 6 35
251 13 8 32
251 13 9 36
251 13 10 33
251 13 11 35
251 13 13 30
251 13 14 31
252 1 0 86
252 1 2 85
252 1 3 85
252 1 4 93
252 1 5 91
252 1 6 86
252 1 12 89
252 1 13 84
252 14 0 85
252 14 3 84
252 14 5 84
252 14 6 92
252 14 10 90
252 14 11 85
252 14 12 88
252 14 13 83
253 10 0 17
253 10 1 18
253 10 2 16
253 10 4 18
253 10 5 17
253 10 7 18
253 10 12 15
253 10 13 16
253 14 0 18
253 14 3 19
253 14 5 17
253 14 6 19
253 14 10 18
253 14 11 19
253 14 12 16
253 14 13 17
254 1 0 85
254 1 2 95
254 1 3 98
254 1 4 85
254 1 5 95
254 1 6 99
254 1 12 89
254 1 13 97
254 3 0 96
254 3 1 89
254 3 4 95
254 3 7 91
254 3 9 95
254 3 10 94
254 3 11 97
254 3 13 88
254 4 2 96
254 4 3 89
254 4 4 95
254 4 5 91
254 4 6 95
254 4 7 94
254 4 10 97
254 4 14 88
254 6 0 91
254 6 1 90
254 6 4 90
254 6 5 98
254 6 6 96
254 6 7 91
254 6 8 94
254 6 13 89
254 13 3 89
254 13 6 88
254 13 8 88
254 13 9 96
254 13 10 94
254 13 11 89
254 13 13 92
254 13 14 87
255 3 0 85
255 3 1 75
255 3 4 85
255 3 7 75
255 3 9 86
255 3 10 84
255 3 11 77
255 3 13 86
255 5 0 88
255 5 3 81
255 5 5 87
255 5 6 83
255 5 7 87
255 5 8 86
255 5 11 89
255 5 13 80
255 6 0 79
255 6 1 80
255 6 4 75
255 6 5 83
255 6 6 76
255 6 7 81
255 6 8 70
255 6 13 72
255 8 0 91
255 8 1 84
255 8 2 90
255 8 3 86
255 8 5 90
255 8 6 89
255 8 9 92
255 8 11 83
256 8 0 50
256 8 1 49
256 8 2 49
256 8 3 57
256 8 5 55
256 8 6 54
256 8 9 57
256 8 11 48
256 10 0 49
256 10 1 48
256 10 2 48
256 10 4 56
256 10 5 54
256 10 7 53
256 10 12 56
256 10 13 47
256 14 0 49
256 14 3 48
256 14 5 48
256 14 6 56
256 14 10 54
256 14 11 53
256 14 12 56
256 14 13 47
257 0 2 49
257 0 3 48
257 0 4 48
257 0 6 56
257 0 9 54
257 0 11 53
257 0 13 56
257 0 14 47
257 7 2 44
257 7 3 43
257 7 4 43
257 7 6 41
257 7 8 49
257 7 9 44
257 7 12 47
257 7 14 42
257 14 0 45
257 14 3 44
257 14 5 44
257 14 6 42
257 14 10 50
257 14 11 45
257 14 12 48
257 14 13 43
258 7 2 28
258 7 3 27
258 7 4 27
258 7 6 29
258 7 8 27
258 7 9 26
258 7 12 29
258 7 14 26
258 10 0 27
258 10 1 26
258 10 2 26
258 10 4 28
258 10 5 26
258 10 7 25
258 10 12 28
258 10 13 25
258 13 3 27
258 13 6 26
258 13 8 26
258 13 9 28
258 13 10 26
258 13 11 25
258 13 13 28
258 13 14 25
259 0 2 61
259 0 3 68
259 0 4 60
259 0 6 62
259 0 9 56
259 0 11 65
259 0 13 66
259 0 14 57
259 2 1 68
259 2 2 75
259 2 3 67
259 2 5 69
259 2 7 63
259 2 8 72
259 2 10 73
259 2 13 64
259 8 0 60
259 8 1 67
259 8 2 59
259 8 3 61
259 8 5 55
259 8 6 64
259 8 9 65
259 8 11 56
259 11 3 62
259 11 5 69
259 11 8 61
259 11 9 63
259 11 10 57
259 11 11 66
259 11 13 67
259 11 14 58
259 14 0 55
259 14 3 54
259 14 5 54
259 14 6 62
259 14 10 60
259 14 11 59
259 14 12 62
259 14 13 53
260 1 0 47
260 1 2 46
260 1 3 46
260 1 4 44
260 1 5 52
260 1 6 47
260 1 12 50
260 1 13 45
260 2 1 46
260 2 2 45
260 2 3 45
260 2 5 43
260 2 7 51
260 2 8 46
260 2 10 49
260 2 13 44
260 3 0 46
260 3 1 45
260 3 4 45
260 3 7 43
260 3 9 51
260 3 10 46
260 3 11 49
260 3 13 44
260 8 0 44
260 8 1 43
260 8 2 43
260 8 3 41
260 8 5 49
260 8 6 44
260 8 9 47
260 8 11 42
260 14 0 51
260 14 3 50
260 14 5 50
260 14 6 58
260 14 10 56
260 14 11 55
260 14 12 58
260 14 13 49
261 5 0 40
261 5 3 41
261 5 5 38
261 5 6 42
261 5 7 39
261 5 8 41
261 5 11 36
261 5 13 37
261 7 2 43
261 7 3 36
261 7 4 42
261 7 6 38
261 7 8 42
261 7 9 41
261 7 12 44
261 7 14 44
261 12 3 38
261 12 4 39
261 12 6 36
261 12 7 40
261 12 8 37
261 12 9 39
261 12 11 34
261 12 14 35
262 4 2 25
262 4 3 24
262 4 4 24
262 4 5 26
262 4 6 24
262 4 7 23
262 4 10 26
262 4 14 23
262 8 0 24
262 8 1 23
262 8 2 23
262 8 3 25
262 8 5 23
262 8 6 22
262 8 9 25
262 8 11 22
262 12 3 24
262 12 4 23
262 12 6 23
262 12 7 25
262 12 8 23
262 12 9 22
262 12 11 25
262 12 14 22
263 9 2 49
263 9 4 48
263 9 6 48
263 9 7 56
263 9 8 54
263 9 11 53
263 9 13 56
263 9 14 47
263 11 3 44
263 11 5 43
263 11 8 43
263 11 9 41
263 11 10 49
263 11 11 44
263 11 13 47
263 11 14 42
264 2 1 90
264 2 2 89
264 2 3 89
264 2 5 97
264 2 7 95
264 2 8 90
264 2 10 93
264 2 13 88
264 3 0 96
264 3 1 89
264 3 4 95
264 3 7 91
264 3 9 95
264 3 10 94
264 3 11 97
264 3 13 88
264 4 2 89
264 4 3 88
264 4 4 88
264 4 5 96
264 4 6 94
264 4 7 89
264 4 10 92
264 4 14 87
264 7 2 85
264 7 3 84
264 7 4 84
264 7 6 92
264 7 8 90
264 7 9 85
264 7 12 88
264 7 14 83
264 13 3 89
264 13 6 88
264 13 8 88
264 13 9 96
264 13 10 94
264 13 11 89
264 13 13 92
264 13 14 87
265 0 2 30
265 0 3 29
265 0 4 29
265 0 6 31
265 0 9 29
265 0 11 28
265 0 13 31
265 0 14 28
265 7 2 29
265 7 3 28
265 7 4 28
265 7 6 30
265 7 8 28
265 7 9 27
265 7 12 30
265 7 14 27
265 10 0 29
265 10 1 28
265 10 2 28
265 10 4 30
265 10 5 28
265 10 7 27
265 10 12 30
265 10 13 27
265 12 3 33
265 12 4 33
265 12 6 32
265 12 7 27
265 12 8 28
265 12 9 30
265 12 11 31
265 12 14 29
265 13 3 29
265 13 6 28
265 13 8 28
265 13 9 30
265 13 10 28
265 13 11 27
265 13 13 30
265 13 14 27
266 10 0 48
266 10 1 47
266 10 2 47
266 10 4 45
266 10 5 53
266 10 7 48
266 10 12 51
266 10 13 46
266 11 3 47
266 11 5 46
266 11 8 46
266 11 9 44
266 11 10 52
266 11 11 47
266 11 13 50
266 11 14 45
266 14 0 47
266 14 3 46
266 14 5 46
266 14 6 44
266 14 10 52
266 14 11 47
266 14 12 50
266 14 13 45
267 0 2 85
267 0 3 95
267 0 4 98
267 0 6 85
267 0 9 95
267 0 11 99
267 0 13 89
267 0 14 97
267 4 2 96
267 4 3 89
267 4 4 95
267 4 5 91
267 4 6 95
267 4 7 94
267 4 10 97
267 4 14 88
268 3 0 61
268 3 1 68
268 3 4 60
268 3 7 62
268 3 9 56
268 3 10 65
268 3 11 66
268 3 13 57
268 8 0 68
268 8 1 75
268 8 2 67
268 8 3 69
268 8 5 63
268 8 6 72
268 8 9 73
268 8 11 64
268 11 3 60
268 11 5 67
268 11 8 59
268 11 9 61
268 11 10 55
268 11 11 64
268 11 13 65
268 11 14 56
269 0 2 95
269 0 3 88
269 0 4 94
269 0 6 90
269 0 9 94
269 0 11 93
269 0 13 96
269 0 14 87
269 3 0 94
269 3 1 87
269 3 4 93
269 3 7 89
269 3 9 93
269 3 10 92
269 3 11 95
269 3 13 86
269 7 2 94
269 7 3 87
269 7 4 93
269 7 6 89
269 7 8 93
269 7 9 92
269 7 12 95
269 7 14 86
269 14 0 89
269 14 3 88
269 14 5 88
269 14 6 96
269 14 10 94
269 14 11 89
269 14 12 92
269 14 13 87
270 0 2 77
270 0 3 78
270 0 4 73
270 0 6 81
270 0 9 74
270 0 11 79
270 0 13 68
270 0 14 70
270 6 0 78
270 6 1 79
270 6 4 74
270 6 5 82
270 6 6 75
270 6 7 80
270 6 8 69
270 6 13 71
270 9 2 67
270 9 4 66
270 9 6 66
270 9 7 74
270 9 8 72
270 9 11 77
270 9 13 65
270 9 14 65
270 13 3 81
270 13 6 82
270 13 8 77
270 13 9 85
270 13 10 78
270 13 11 83
270 13 13 72
270 13 14 74
271 1 0 78
271 1 2 79
271 1 3 74
271 1 4 82
271 1 5 75
271 1 6 80
271 1 12 69
271 1 13 71
271 2 1 79
271 2 2 80
271 2 3 75
271 2 5 83
271 2 7 76
271 2 8 81
271 2 10 70
271 2 13 72
271 4 2 74
271 4 3 75
271 4 4 70
271 4 5 78
271 4 6 71
271 4 7 76
271 4 10 65
271 4 14 67
272 2 1 85
272 2 2 84
272 2 3 84
272 2 5 92
272 2 7 90
272 2 8 85
272 2 10 88
272 2 13 83
272 7 2 85
272 7 3 95
272 7 4 98
272 7 6 85
272 7 8 95
272 7 9 99
272 7 12 89
272 7 14 97
272 13 3 85
272 13 6 95
272 13 8 98
272 13 9 85
272 13 10 95
272 13 11 99
272 13 13 89
272 13 14 97
273 5 0 66
273 5 3 73
273 5 5 65
273 5 6 67
273 5 7 61
273 5 8 70
273 5 11 71
273 5 13 62
273 10 0 77
273 10 1 78
273 10 2 73
273 10 4 81
273 10 5 74
273 10 7 79
273 10 12 68
273 10 13 70
274 5 0 94
274 5 3 87
274 5 5 93
274 5 6 89
274 5 7 93
274 5 8 92
274 5 11 95
274 5 13 86
274 8 0 93
274 8 1 86
274 8 2 92
274 8 3 88
274 8 5 92
274 8 6 91
274 8 9 94
274 8 11 85
274 10 0 93
274 10 1 86
274 10 2 92
274 10 4 88
274 10 5 92
274 10 7 91
274 10 12 94
274 10 13 85
274 14 0 88
274 14 3 87
274 14 5 87
274 14 6 95
274 14 10 93
274 14 11 88
274 14 12 91
274 14 13 86
275 5 0 34
275 5 3 35
275 5 5 32
275 5 6 36
275 5 7 33
275 5 8 35
275 5 11 30
275 5 13 31
275 7 2 34
275 7 3 35
275 7 4 32
275 7 6 36
275 7 8 33
275 7 9 35
275 7 12 30
275 7 14 31
275 8 0 33
275 8 1 34
275 8 2 31
275 8 3 35
275 8 5 32
275 8 6 34
275 8 9 29
275 8 11 30
276 5 0 96
276 5 3 89
276 5 5 95
276 5 6 91
276 5 7 95
276 5 8 94
276 5 11 97
276 5 13 88
276 6 0 89
276 6 1 82
276 6 4 88
276 6 5 84
276 6 6 88
276 6 7 87
276 6 8 90
276 6 13 81
276 7 2 95
276 7 3 88
276 7 4 94
276 7 6 90
276 7 8 94
276 7 9 93
276 7 12 96
276 7 14 87
276 10 0 91
276 10 1 84
276 10 2 90
276 10 4 86
276 10 5 90
276 10 7 89
276 10 12 92
276 10 13 83
276 11 3 95
276 11 5 88
276 11 8 94
276 11 9 90
276 11 10 94
276 11 11 93
276 11 13 96
276 11 14 87
277 0 2 88
277 0 3 81
277 0 4 87
277 0 6 83
277 0 9 87
277 0 11 86
277 0 13 89
277 0 14 80
277 3 0 89
277 3 1 82
277 3 4 88
277 3 7 84
277 3 9 88
277 3 10 87
277 3 11 90
277 3 13 81
277 14 0 80
277 14 3 81
277 14 5 76
277 14 6 84
277 14 10 77
277 14 11 82
277 14 12 71
277 14 13 73
278 7 2 95
278 7 3 88
278 7 4 94
278 7 6 90
278 7 8 94
278 7 9 93
278 7 12 96
278 7 14 87
278 11 3 94
278 11 5 87
278 11 8 93
278 11 9 89
278 11 10 93
278 11 11 92
278 11 13 95
278 11 14 86
278 14 0 94
278 14 3 87
278 14 5 93
278 14 6 89
278 14 10 93
278 14 11 92
278 14 12 95
278 14 13 86
279 1 0 39
279 1 2 40
279 1 3 37
279 1 4 41
279 1 5 38
279 1 6 40
279 1 12 35
279 1 13 36
279 2 1 40
279 2 2 41
279 2 3 38
279 2 5 42
279 2 7 39
279 2 8 41
279 2 10 36
279 2 13 37
279 5 0 37
279 5 3 38
279 5 5 35
279 5 6 39
279 5 7 36
279 5 8 38
279 5 11 33
279 5 13 34
279 8 0 43
279 8 1 36
279 8 2 42
279 8 3 38
279 8 5 42
279 8 6 41
279 8 9 44
279 8 11 44
279 11 3 38
279 11 5 39
279 11 8 36
279 11 9 40
279 11 10 37
279 11 11 39
279 11 13 34
279 11 14 35
280 0 2 34
280 0 3 35
280 0 4 32
280 0 6 36
280 0 9 33
280 0 11 35
280 0 13 30
280 0 14 31
280 2 1 34
280 2 2 35
280 2 3 32
280 2 5 36
280 2 7 33
280 2 8 35
280 2 10 30
280 2 13 31
280 6 0 33
280 6 1 34
280 6 4 31
280 6 5 35
280 6 6 32
280 6 7 34
280 6 8 29
280 6 13 30
281 1 0 29
281 1 2 28
281 1 3 28
281 1 4 30
281 1 5 28
281 1 6 27
281 1 12 30
281 1 13 27
281 6 0 28
281 6 1 27
281 6 4 27
281 6 5 29
281 6 6 27
281 6 7 26
281 6 8 29
281 6 13 26
281 7 2 28
281 7 3 27
281 7 4 27
281 7 6 29
281 7 8 27
281 7 9 26
281 7 12 29
281 7 14 26
281 9 2 30
281 9 4 29
281 9 6 29
281 9 7 31
281 9 8 29
281 9 11 28
281 9 13 31
281 9 14 28
281 14 0 28
281 14 3 27
281 14 5 27
281 14 6 29
281 14 10 27
281 14 11 26
281 14 12 29
281 14 13 26
282 0 2 80
282 0 3 81
282 0 4 76
282 0 6 84
282 0 9 77
282 0 11 82
282 0 13 71
282 0 14 73
282 2 1 81
282 2 2 82
282 2 3 77
282 2 5 85
282 2 7 78
282 2 8 83
282 2 10 72
282 2 13 74
282 3 0 76
282 3 1 77
282 3 4 72
282 3 7 80
282 3 9 73
282 3 10 78
282 3 11 67
282 3 13 69
282 10 0 88
282 10 1 81
282 10 2 87
282 10 4 83
282 10 5 87
282 10 7 86
282 10 12 89
282 10 13 80
283 4 2 51
283 4 3 45
283 4 4 46
283 4 5 47
283 4 6 52
283 4 7 45
283 4 10 45
283 4 14 55
283 9 2 48
283 9 4 47
283 9 6 47
283 9 7 45
283 9 8 53
283 9 11 48
283 9 13 51
283 9 14 46
284 1 0 52
284 1 2 51
284 1 3 51
284 1 4 59
284 1 5 57
284 1 6 56
284 1 12 59
284 1 13 50
284 3 0 51
284 3 1 50
284 3 4 50
284 3 7 58
284 3 9 56
284 3 10 55
284 3 11 58
284 3 13 49
284 4 2 51
284 4 3 50
284 4 4 50
284 4 5 58
284 4 6 56
284 4 7 55
284 4 10 58
284 4 14 49
284 5 0 60
284 5 3 67
284 5 5 59
284 5 6 61
284 5 7 55
284 5 8 64
284 5 11 65
284 5 13 56
284 13 3 57
284 13 6 56
284 13 8 56
284 13 9 64
284 13 10 62
284 13 11 61
284 13 13 64
284 13 14 55
285 3 0 23
285 3 1 22
285 3 4 22
285 3 7 24
285 3 9 22
285 3 10 21
285 3 11 24
285 3 13 21
285 11 3 22
285 11 5 21
285 11 8 21
285 11 9 23
285 11 10 21
285 11 11 20
285 11 13 23
285 11 14 20
285 14 0 22
285 14 3 21
285 14 5 21
285 14 6 23
285 14 10 21
285 14 11 20
285 14 12 23
285 14 13 20
286 8 0 92
286 8 1 85
286 8 2 91
286 8 3 87
286 8 5 91
286 8 6 90
286 8 9 93
286 8 11 84
286 11 3 91
286 11 5 84
286 11 8 90
286 11 9 86
286 11 10 90
286 11 11 89
286 11 13 92
286 11 14 83
286 14 0 91
286 14 3 84
286 14 5 90
286 14 6 86
286 14 10 90
286 14 11 89
286 14 12 92
286 14 13 83
287 0 2 95
287 0 3 88
287 0 4 94
287 0 6 90
287 0 9 94
287 0 11 93
287 0 13 96
287 0 14 87
287 3 0 94
287 3 1 87
287 3 4 93
287 3 7 89
287 3 9 93
287 3 10 92
287 3 11 95
287 3 13 86
287 11 3 94
287 11 5 87
287 11 8 93
287 11 9 89
287 11 10 93
287 11 11 92
287 11 13 95
287 11 14 86
288 0 2 27
288 0 3 26
288 0 4 26
288 0 6 28
288 0 9 26
288 0 11 25
288 0 13 28
288 0 14 25
288 3 0 26
288 3 1 25
288 3 4 25
288 3 7 27
288 3 9 25
288 3 10 24
288 3 11 27
288 3 13 24
288 14 0 26
288 14 3 25
288 14 5 25
288 14 6 27
288 14 10 25
288 14 11 24
288 14 12 27
288 14 13 24
289 1 0 53
289 1 2 52
289 1 3 52
289 1 4 60
289 1 5 58
289 1 6 57
289 1 12 60
289 1 13 51
289 4 2 52
289 4 3 51
289 4 4 51
289 4 5 59
289 4 6 57
289 4 7 56
289 4 10 59
289 4 14 50
289 9 2 52
289 9 4 51
289 9 6 51
289 9 7 59
289 9 8 57
289 9 11 56
289 9 13 59
289 9 14 50
289 13 3 61
289 13 6 68
289 13 8 60
289 13 9 62
289 13 10 56
289 13 11 65
289 13 13 66
289 13 14 57
290 2 1 96
290 2 2 89
290 2 3 95
290 2 5 91
290 2 7 95
290 2 8 94
290 2 10 97
290 2 13 88
290 6 0 95
290 6 1 88
290 6 4 94
290 6 5 90
290 6 6 94
290 6 7 93
290 6 8 96
290 6 13 87
291 1 0 50
291 1 2 49
291 1 3 49
291 1 4 57
291 1 5 55
291 1 6 54
291 1 12 57
291 1 13 48
291 4 2 49
291 4 3 48
291 4 4 48
291 4 5 56
291 4 6 54
291 4 7 53
291 4 10 56
291 4 14 47
291 7 2 49
291 7 3 48
291 7 4 48
291 7 6 56
291 7 8 54
291 7 9 53
291 7 12 56
291 7 14 47
291 8 0 57
291 8 1 56
291 8 2 56
291 8 3 64
291 8 5 62
291 8 6 61
291 8 9 64
291 8 11 55
291 13 3 55
291 13 6 54
291 13 8 54
291 13 9 62
291 13 10 60
291 13 11 59
291 13 13 62
291 13 14 53
292 3 0 55
292 3 1 54
292 3 4 54
292 3 7 62
292 3 9 60
292 3 10 59
292 3 11 62
292 3 13 53
292 6 0 61
292 6 1 68
292 6 4 60
292 6 5 62
292 6 6 56
292 6 7 65
292 6 8 66
292 6 13 57
292 7 2 54
292 7 3 53
292 7 4 53
292 7 6 61
292 7 8 59
292 7 9 58
292 7 12 61
292 7 14 52
293 2 1 47
293 2 2 46
293 2 3 46
293 2 5 44
293 2 7 52
293 2 8 47
293 2 10 50
293 2 13 45
293 4 2 46
293 4 3 45
293 4 4 45
293 4 5 43
293 4 6 51
293 4 7 46
293 4 10 49
293 4 14 44
293 6 0 46
293 6 1 45
293 6 4 45
293 6 5 43
293 6 6 51
293 6 7 46
293 6 8 49
293 6 13 44
293 9 2 44
293 9 4 43
293 9 6 43
293 9 7 41
293 9 8 49
293 9 11 44
293 9 13 47
293 9 14 42
294 2 1 18
294 2 2 19
294 2 3 17
294 2 5 19
294 2 7 18
294 2 8 19
294 2 10 16
294 2 13 17
294 8 0 19
294 8 1 20
294 8 2 18
294 8 3 20
294 8 5 19
294 8 6 20
294 8 9 17
294 8 11 18
294 14 0 17
294 14 3 18
294 14 5 16
294 14 6 18
294 14 10 17
294 14 11 18
294 14 12 15
294 14 13 16
295 0 2 36
295 0 3 37
295 0 4 34
295 0 6 38
295 0 9 35
295 0 11 37
295 0 13 32
295 0 14 33
295 6 0 37
295 6 1 38
295 6 4 35
295 6 5 39
295 6 6 36
295 6 7 38
295 6 8 33
295 6 13 34
296 7 2 88
296 7 3 87
296 7 4 87
296 7 6 95
296 7 8 93
296 7 9 88
296 7 12 91
296 7 14 86
296 14 0 94
296 14 3 87
296 14 5 93
296 14 6 89
296 14 10 93
296 14 11 92
296 14 12 95
296 14 13 86
297 2 1 43
297 2 2 36
297 2 3 42
297 2 5 38
297 2 7 42
297 2 8 41
297 2 10 44
297 2 13 44
297 6 0 40
297 6 1 41
297 6 4 38
297 6 5 42
297 6 6 39
297 6 7 41
297 6 8 36
297 6 13 37
297 9 2 40
297 9 4 41
297 9 6 38
297 9 7 42
297 9 8 39
297 9 11 41
297 9 13 36
297 9 14 37
297 14 0 38
297 14 3 39
297 14 5 36
297 14 6 40
297 14 10 37
297 14 11 39
297 14 12 34
297 14 13 35
298 6 0 44
298 6 1 43
298 6 4 43
298 6 5 41
298 6 6 49
298 6 7 44
298 6 8 47
298 6 13 42
298 8 0 43
298 8 1 42
298 8 2 42
298 8 3 40
298 8 5 48
298 8 6 43
298 8 9 46
298 8 11 41
298 9 2 43
298 9 4 42
298 9 6 42
298 9 7 40
298 9 8 48
298 9 11 43
298 9 13 46
298 9 14 41
298 11 3 41
298 11 5 40
298 11 8 40
298 11 9 38
298 11 10 46
298 11 11 41
298 11 13 44
298 11 14 39
299 4 2 44
299 4 3 43
299 4 4 43
299 4 5 41
299 4 6 49
299 4 7 44
299 4 10 47
299 4 14 42
299 5 0 43
299 5 3 42
299 5 5 42
299 5 6 40
299 5 7 48
299 5 8 43
299 5 11 46
299 5 13 41
299 6 0 43
299 6 1 42
299 6 4 42
299 6 5 40
299 6 6 48
299 6 7 43
299 6 8 46
299 6 13 41
299 9 2 41
299 9 4 40
299 9 6 40
299 9 7 38
299 9 8 46
299 9 11 41
299 9 13 44
299 9 14 39
299 13 3 51
299 13 6 45
299 13 8 46
299 13 9 47
299 13 10 52
299 13 11 45
299 13 13 45
299 13 14 55
300 0 2 66
300 0 3 73
300 0 4 65
300 0 6 67
300 0 9 61
300 0 11 70
300 0 13 71
300 0 14 62
300 1 0 77
300 1 2 78
300 1 3 73
300 1 4 81
300 1 5 74
300 1 6 79
300 1 12 68
300 1 13 70
300 3 0 65
300 3 1 72
300 3 4 64
300 3 7 66
300 3 9 60
300 3 10 69
300 3 11 70
300 3 13 61
300 9 2 67
300 9 4 74
300 9 6 66
300 9 7 68
300 9 8 62
300 9 11 71
300 9 13 72
300 9 14 63
301 9 2 92
301 9 4 85
301 9 6 91
301 9 7 87
301 9 8 91
301 9 11 90
301 9 13 93
301 9 14 84
301 14 0 91
301 14 3 84
301 14 5 90
301 14 6 86
301 14 10 90
301 14 11 89
301 14 12 92
301 14 13 83
302 0 2 52
302 0 3 51
302 0 4 51
302 0 6 59
302 0 9 57
302 0 11 56
302 0 13 59
302 0 14 50
302 3 0 51
302 3 1 50
302 3 4 50
302 3 7 58
302 3 9 56
302 3 10 55
302 3 11 58
302 3 13 49
302 11 3 51
302 11 5 50
302 11 8 50
302 11 9 58
302 11 10 56
302 11 11 55
302 11 13 58
302 11 14 49
303 4 2 95
303 4 3 88
303 4 4 94
303 4 5 90
303 4 6 94
303 4 7 93
303 4 10 96
303 4 14 87
303 11 3 88
303 11 5 81
303 11 8 87
303 11 9 83
303 11 10 87
303 11 11 86
303 11 13 89
303 11 14 80
304 8 0 63
304 8 1 70
304 8 2 62
304 8 3 64
304 8 5 58
304 8 6 67
304 8 9 68
304 8 11 59
304 10 0 74
304 10 1 75
304 10 2 70
304 10 4 78
304 10 5 71
304 10 7 76
304 10 12 65
304 10 13 67
304 11 3 62
304 11 5 69
304 11 8 61
304 11 9 63
304 11 10 57
304 11 11 66
304 11 13 67
304 11 14 58
305 7 2 98
305 7 3 103
305 7 4 93
305 7 6 105
305 7 8 99
305 7 9 92
305 7 12 103
305 7 14 102
305 9 2 90
305 9 4 89
305 9 6 89
305 9 7 97
305 9 8 95
305 9 11 90
305 9 13 93
305 9 14 88
306 1 0 37
306 1 2 38
306 1 3 35
306 1 4 39
306 1 5 36
306 1 6 38
306 1 12 33
306 1 13 34
306 8 0 38
306 8 1 39
306 8 2 36
306 8 3 40
306 8 5 37
306 8 6 39
306 8 9 34
306 8 11 35
307 3 0 85
307 3 1 84
307 3 4 84
307 3 7 92
307 3 9 90
307 3 10 85
307 3 11 88
307 3 13 83
307 6 0 85
307 6 1 95
307 6 4 98
307 6 5 85
307 6 6 95
307 6 7 99
307 6 8 89
307 6 13 97
308 7 2 14
308 7 3 15
308 7 4 13
308 7 6 15
308 7 8 14
308 7 9 15
308 7 12 12
308 7 14 13
308 8 0 15
308 8 1 16
308 8 2 14
308 8 3 16
308 8 5 15
308 8 6 16
308 8 9 13
308 8 11 14
309 0 2 23
309 0 3 22
309 0 4 22
309 0 6 24
309 0 9 22
309 0 11 21
309 0 13 24
309 0 14 21
309 9 2 22
309 9 4 21
309 9 6 21
309 9 7 23
309 9 8 21
309 9 11 20
309 9 13 23
309 9 14 20
309 11 3 22
309 11 5 21
309 11 8 21
309 11 9 23
309 11 10 21
309 11 11 20
309 11 13 23
309 11 14 20
309 13 3 19
309 13 6 20
309 13 8 18
309 13 9 20
309 13 10 19
309 13 11 20
309 13 13 17
309 13 14 18
309 14 0 23
309 14 3 22
309 14 5 22
309 14 6 24
309 14 10 22
309 14 11 21
309 14 12 24
309 14 13 21
310 3 0 85
310 3 1 95
310 3 4 98
310 3 7 85
310 3 9 95
310 3 10 99
310 3 11 89
310 3 13 97
310 6 0 90
310 6 1 83
310 6 4 89
310 6 5 85
310 6 6 89
310 6 7 88
310 6 8 91
310 6 13 82
310 8 0 96
310 8 1 89
310 8 2 95
310 8 3 91
310 8 5 95
310 8 6 94
310 8 9 97
310 8 11 88
310 12 3 92
310 12 4 85
310 12 6 91
310 12 7 87
310 12 8 91
310 12 9 90
310 12 11 93
310 12 14 84
311 5 0 87
311 5 3 86
311 5 5 86
311 5 6 94
311 5 7 92
311 5 8 87
311 5 11 90
311 5 13 85
311 10 0 86
311 10 1 85
311 10 2 85
311 10 4 93
311 10 5 91
311 10 7 86
311 10 12 89
311 10 13 84
312 1 0 43
312 1 2 36
312 1 3 42
312 1 4 38
312 1 5 42
312 1 6 41
312 1 12 44
312 1 13 44
312 2 1 40
312 2 2 39
312 2 3 39
312 2 5 37
312 2 7 45
312 2 8 40
312 2 10 43
312 2 13 38
312 3 0 39
312 3 1 40
312 3 4 37
312 3 7 41
312 3 9 38
312 3 10 40
312 3 11 35
312 3 13 36
312 14 0 41
312 14 3 40
312 14 5 40
312 14 6 38
312 14 10 46
312 14 11 41
312 14 12 44
312 14 13 39
313 7 2 40
313 7 3 39
313 7 4 39
313 7 6 37
313 7 8 45
313 7 9 40
313 7 12 43
313 7 14 38
313 10 0 43
313 10 1 36
313 10 2 42
313 10 4 38
313 10 5 42
313 10 7 41
313 10 12 44
313 10 13 44
