Jobs:
0 1 2 3 4 5 6 7 8 9 10 11 12 13 14 15 16 17 18 19 20 21 22 23 24 25 26 27 28 29
Machines:
0 1 2 3 4 5 6 7 8 9 10 11 12 13 14
Workers:
0 1 2 3 4 5 6 7 8 9 10 11
Operations per job:
0 1 2 3 4 5 6 7 8 9 10 11 12 13
14 15 16 17 18 19 20 21 22 23 24 25 26
27 28 29 30 31 32 33 34 35 36 37 38 39
40 41 42 43 44 45 46 47 48 49 50 51 52 53 54
55 56 57 58 59 60 61 62 63 64 65 66 67
68 69 70 71 72 73 74 75 76 77 78 79
80 81 82 83 84 85 86 87 88 89 90 91 92 93 94
95 96 97 98 99 100 101 102 103 104 105 106
107 108 109 110 111 112 113 114 115 116 117
118 119 120 121 122 123 124 125 126 127 128 129 130
131 132 133 134 135 136 137 138 139 140 141 142 143 144
145 146 147 148 149 150 151 152 153 154 155
156 157 158 159 160 161 162 163 164 165 166 167 168 169 170
171 172 173 174 175 176 177 178 179 180 181 182 183
184 185 186 187 188 189 190 191 192 193 194 195 196
197 198 199 200 201 202 203 204 205 206 207 208
209 210 211 212 213 214 215 216 217 218 219 220 221 222
223 224 225 226 227 228 229 230 231 232 233 234 235
236 237 238 239 240 241 242 243 244 245
246 247 248 249 250 251 252 253 254 255 256 257 258 259
260 261 262 263 264 265 266 267 268 269 270 271 272 273 274
275 276 277 278 279 280 281 282 283 284 285
286 287 288 289 290 291 292 293 294 295 296 297 298 299 300
301 302 303 304 305 306 307 308 309 310 311
312 313 314 315 316 317 318 319 320 321 322 323 324 325
326 327 328 329 330 331 332 333 334 335
336 337 338 339 340 341 342 343 344 345 346 347 348 349
350 351 352 353 354 355 356 357 358 359 360 361
362 363 364 365 366 367 368 369 370 371 372 373
374 375 376 377 378 379 380 381 382 383 384 385 386 387
Predecessors per operation:

0
1
2
3
4
5
6
7
8
9
10
11
12

14
15
16
17
18
19
20
21
22
23
24
25

27
28
29
30
31
32
33
34
35
36
37
38

40
41
42
43
44
45
46
47
48
49
50
51
52
53

55
56
57
58
59
60
61
62
63
64
65
66

68
69
70
71
72
73
74
75
76
77
78

80
81
82
83
84
85
86
87
88
89
90
91
92
93

95
96
97
98
99
100
101
102
103
104
105

107
108
109
110
111
112
113
114
115
116

118
119
120
121
122
123
124
125
126
127
128
129

131
132
133
134
135
136
137
138
139
140
141
142
143

145
146
147
148
149
150
151
152
153
154

156
157
158
159
160
161
162
163
164
165
166
167
168
169

171
172
173
174
175
176
177
178
179
180
181
182

184
185
186
187
188
189
190
191
192
193
194
195

197
198
199
200
201
202
203
204
205
206
207

209
210
211
212
213
214
215
216
217
218
219
220
221

223
224
225
226
227
228
229
230
231
232
233
234

236
237
238
239
240
241
242
243
244

246
247
248
249
250
251
252
253
254
255
256
257
258

260
261
262
263
264
265
266
267
268
269
270
271
272
273

275
276
277
278
279
280
281
282
283
284

286
287
288
289
290
291
292
293
294
295
296
297
298
299

301
302
303
304
305
306
307
308
309
310

312
313
314
315
316
317
318
319
320
321
322
323
324

326
327
328
329
330
331
332
333
334

336
337
338
339
340
341
342
343
344
345
346
347
348

350
351
352
353
354
355
356
357
358
359
360

362
363
364
365
366
367
368
369
370
371
372

374
375
376
377
378
379
380
381
382
383
384
385
386
Successors per operation:
1
2
3
4
5
6
7
8
9
10
11
12
13

15
16
17
18
19
20
21
22
23
24
25
26

28
29
30
31
32
33
34
35
36
37
38
39

41
42
43
44
45
46
47
48
49
50
51
52
53
54

56
57
58
59
60
61
62
63
64
65
66
67

69
70
71
72
73
74
75
76
77
78
79

81
82
83
84
85
86
87
88
89
90
91
92
93
94

96
97
98
99
100
101
102
103
104
105
106

108
109
110
111
112
113
114
115
116
117

119
120
121
122
123
124
125
126
127
128
129
130

132
133
134
135
136
137
138
139
140
141
142
143
144

146
147
148
149
150
151
152
153
154
155

157
158
159
160
161
162
163
164
165
166
167
168
169
170

172
173
174
175
176
177
178
179
180
181
182
183

185
186
187
188
189
190
191
192
193
194
195
196

198
199
200
201
202
203
204
205
206
207
208

210
211
212
213
214
215
216
217
218
219
220
221
222

224
225
226
227
228
229
230
231
232
233
234
235

237
238
239
240
241
242
243
244
245

247
248
249
250
251
252
253
254
255
256
257
258
259

261
262
263
264
265
266
267
268
269
270
271
272
273
274

276
277
278
279
280
281
282
283
284
285

287
288
289
290
291
292
293
294
295
296
297
298
299
300

302
303
304
305
306
307
308
309
310
311

313
314
315
316
317
318
319
320
321
322
323
324
325

327
328
329
330
331
332
333
334
335

337
338
339
340
341
342
343
344
345
346
347
348
349

351
352
353
354
355
356
357
358
359
360
361

363
364
365
366
367
368
369
370
371
372
373

375
376
377
378
379
380
381
382
383
384
385
386
387

Machines per operation:
3 4 9 11
2 4 14
5 6 13
0 2 3 4 12
5 6 7
2 3 7 10 13
1 4 5 8 13
0 9 10 11 13
1 3 7 13
2 10 14
2 4 5 6
0 3 5 7
5 6 7 11 13
5 7 8
4 6 8
0 1 3 8 13
2 4 8 12
6 9 14
2 5 6
0 1 3 9
3 6 8 11 14
2 6 7 11
2 4 5 13 14
0 7 12 13
1 3 11 13
8 13 14
5 9 10 11
3 4 7 8 9
4 6 8 11 14
3 6 10 13
8 9 11 14
0 3 6 10
5 11 12 13
2 8 10 12
2 3 6 11 13
2 4 13
3 5 6
0 4 6
4 7 8 9
6 7 12 13
1 7 8 10
3 4 6 11
7 10 13
6 7 9 11 12
0 3 6 12 14
1 2 7 10 12
0 4 7 12
1 5 6
0 1 7 12
4 9 11 13 14
1 6 10 11 14
5 6 7 11
0 2 3
0 5 6 8 10
2 6 7
2 4 6 11
2 10 14
0 3 6 8 9
0 2 5 9
0 1 6 8 11
0 1 2 6 12
1 3 4 5 10
0 5 6 8 10
1 2 9 13
1 5 7 13
1 8 9 12
2 3 5 7 14
0 2 4
0 7 14
2 3 5 9 10
1 2 3 12
4 5 10 12
3 4 14
0 4 8 11 14
0 3 6 9 10
8 11 13
4 7 8 12
3 9 14
0 8 12
1 5 8 12 14
1 2 4 5 6
5 9 11
2 5 7 8 10
1 9 10
4 9 14
0 3 8
4 5 10 13
0 5 9
1 9 12
1 11 12
5 6 8 10 14
5 8 9 12 13
2 6 7 8 10
5 10 11
1 2 9 10 11
1 2 5 10 14
2 5 8
2 4 9
2 3 6 9 13
4 8 9 13
0 2 4 8 14
2 3 10 13 14
4 5 12 13
2 4 6 9
1 8 9 11 13
5 6 10 14
1 2 10 11 13
1 10 12
0 2 7 14
3 5 7
1 8 9 14
7 9 10 11
6 7 8 9 13
6 7 9 10 14
2 6 9 11
4 13 14
1 2 6 9
3 8 9 11 13
0 6 11 14
0 2 6 12 14
3 7 10 12 14
4 7 9 11 12
1 8 13
0 4 11 13
4 9 12 13
0 2 10
0 1 4 6 11
3 4 11 12
0 5 14
4 6 8 9 11
0 9 11 13
0 6 7 9 12
6 7 10
0 1 4 12 14
1 2 5 8
0 5 12
1 3 11 14
0 7 12
5 6 8 9 11
1 2 4 8 14
7 9 12
0 2 6 8 13
1 2 10 13
5 11 13
2 5 6 8
7 10 11
0 9 10
2 8 13
3 9 12
1 4 5 10 14
1 8 13
0 4 5 6 9
2 4 5 9 11
3 7 12
2 3 7 12
0 3 13
2 3 4 7 11
1 2 7 10 11
0 2 7 8 9
0 1 8
0 2 8 9 13
7 9 10 14
3 4 6 10
5 8 10 11 12
0 10 13
0 1 3 6 12
4 5 7
0 4 6 8 12
2 5 9 11
2 7 8 13
1 2 3 4 13
4 5 8
4 7 9
5 6 7
5 11 14
1 6 7 10
1 5 6 13
0 1 2 8 10
6 9 12 14
1 5 11
4 5 12 13
2 4 5 7
5 7 12 14
5 7 9
5 9 13
1 9 11 12
0 4 13 14
0 2 3 4
0 4 6 10
3 4 6 9 13
0 6 8
4 7 9 14
2 4 6 12 13
8 9 14
0 4 8 14
4 7 9 12
7 8 10 11
2 3 5
2 4 8
6 7 13
0 4 8 10 12
0 7 11 13
0 3 14
2 7 9 10 14
2 6 7
4 6 14
12 13 14
0 2 3
4 8 11
3 6 9 12
2 3 7 11
1 5 14
4 7 11 12
6 10 13 14
1 3 7 8 12
8 11 13
4 8 10
1 10 13 14
3 13 14
1 4 5 6
3 6 8
0 7 8 10 14
7 10 13
0 8 11 14
1 2 8
3 5 12 14
7 8 12
2 4 9 11
3 4 7 13
0 7 10 12 13
10 11 14
0 3 4 8 11
0 3 7 13 14
0 2 6 9
1 2 4 7
5 8 10 13 14
5 6 7 8
7 10 11
0 3 5 7 14
1 2 11 14
5 8 11
0 1 2 6 14
0 6 7 9 14
2 3 10
3 4 5 9 13
4 5 13
1 3 8 11 14
0 3 11 13 14
1 2 4 6 9
4 8 13
1 6 7
2 3 6
2 4 8 9
0 8 14
2 6 7 14
6 8 9 11 13
1 4 5 6 9
0 3 9
0 3 9 11 14
4 10 11
8 9 10 11
1 3 6 7 8
7 8 9 11 13
0 3 6 8 14
1 5 10 12
2 3 14
0 3 4 7 10
0 2 3
0 2 12
1 4 6
1 10 12
0 5 8 10 11
1 7 8 11 13
1 3 11
4 7 10
1 10 12
0 4 10
0 1 4 10 13
2 10 13 14
1 2 3 9
4 6 10
1 3 7 9 13
1 4 8 14
1 8 9 11 14
5 9 14
0 2 13
2 3 13
1 6 8
0 1 5 13
0 1 2 9 14
0 7 11 13
0 1 6 8
4 10 11
1 2 10
0 6 7 8 12
1 2 4 11
0 1 5 11 12
2 11 12
4 5 7 10
4 11 13
2 10 14
0 4 6 9 12
6 9 11 13
0 3 5 12
1 8 11 14
2 6 7 8 14
4 6 7 9
0 1 2 9
5 6 12
1 5 6 14
4 7 13
0 5 6
3 7 8 9 12
3 4 10 12 13
3 7 13
0 8 9 10 14
0 2 9 13 14
4 9 10 12
1 3 4 9 11
4 9 11 12
2 5 13
4 5 7
9 10 11 12 14
2 10 13 14
2 3 5 12 13
12 13 14
2 7 8
6 7 10 11
8 13 14
1 3 7 12 13
4 8 13
4 8 10 14
3 11 12
0 3 5 7 11
0 1 9 10
2 7 8 14
2 3 7 8
4 9 12
1 5 9
6 8 10 11 14
1 6 10 13 14
2 6 8 13
1 10 12
0 2 5 12 14
0 3 5 6 10
0 1 2 9 13
0 7 10 11 14
1 2 6 7
5 8 13 14
1 2 3
0 8 10
3 13 14
4 5 11
4 5 9
2 11 14
8 11 12
4 6 8
4 5 6 10
1 4 7 9 12
0 1 10 12
1 4 6 7 9
2 3 8 10
9 11 13
3 5 10 13
2 3 5 10 13
3 11 14
4 6 13
0 3 4 5 11
0 5 9
0 5 7 9 10
1 5 6 8 11
3 9 12
3 4 9 11
1 4 8 9 12
3 4 7 9 11
1 3 14
0 6 7 9 14
6 7 10 11 13
3 4 7 8 10
7 10 12 13
0 3 6 8 10
4 8 12
0 10 13 14
9 10 13
2 3 4 5 7
1 2 7 8 13
0 2 4 11
0 1 2 7 12
Processing times (o m w p):
0 3 0 63
0 3 1 70
0 3 5 62
0 3 6 64
0 3 7 58
0 3 9 67
0 3 10 68
0 3 11 59
0 4 0 74
0 4 1 75
0 4 3 70
0 4 5 78
0 4 7 71
0 4 8 76
0 4 9 65
0 4 10 67
0 9 0 62
0 9 2 69
0 9 3 61
0 9 4 63
0 9 7 57
0 9 8 66
0 9 10 67
0 9 11 58
0 11 2 64
0 11 3 71
0 11 5 63
0 11 6 65
0 11 7 59
0 11 8 68
0 11 9 69
0 11 10 60
1 2 0 42
1 2 1 41
1 2 2 41
1 2 4 39
1 2 7 47
1 2 8 42
1 2 10 45
1 2 11 40
1 4 0 41
1 4 1 40
1 4 3 40
1 4 5 38
1 4 7 46
1 4 8 41
1 4 9 44
1 4 10 39
1 14 0 41
1 14 4 40
1 14 5 40
1 14 6 38
1 14 8 46
1 14 9 41
1 14 10 44
1 14 11 39
2 5 1 62
2 5 2 69
2 5 4 61
2 5 5 63
2 5 6 57
2 5 8 66
2 5 10 67
2 5 11 58
2 6 0 67
2 6 1 66
2 6 2 66
2 6 5 74
2 6 6 72
2 6 7 77
2 6 8 65
2 6 10 65
2 13 1 61
2 13 2 68
2 13 3 60
2 13 6 62
2 13 7 56
2 13 9 65
2 13 10 66
2 13 11 57
3 0 2 43
3 0 3 42
3 0 4 42
3 0 7 40
3 0 8 48
3 0 9 43
3 0 10 46
3 0 11 41
3 2 0 42
3 2 1 41
3 2 2 41
3 2 4 39
3 2 7 47
3 2 8 42
3 2 10 45
3 2 11 40
3 3 0 42
3 3 1 41
3 3 5 41
3 3 6 39
3 3 7 47
3 3 9 42
3 3 10 45
3 3 11 40
3 4 0 40
3 4 1 39
3 4 3 39
3 4 5 37
3 4 7 45
3 4 8 40
3 4 9 43
3 4 10 38
3 12 0 48
3 12 1 47
3 12 2 47
3 12 3 45
3 12 5 53
3 12 6 48
3 12 9 51
3 12 10 46
4 5 1 96
4 5 2 89
4 5 4 95
4 5 5 91
4 5 6 95
4 5 8 94
4 5 10 97
4 5 11 88
4 6 0 95
4 6 1 88
4 6 2 94
4 6 5 90
4 6 6 94
4 6 7 93
4 6 8 96
4 6 10 87
4 7 0 95
4 7 1 88
4 7 3 94
4 7 5 90
4 7 6 94
4 7 8 93
4 7 9 96
4 7 11 87
5 2 0 92
5 2 1 85
5 2 2 91
5 2 4 87
5 2 7 91
5 2 8 90
5 2 10 93
5 2 11 84
5 3 0 89
5 3 1 88
5 3 5 88
5 3 6 96
5 3 7 94
5 3 9 89
5 3 10 92
5 3 11 87
5 7 0 92
5 7 1 91
5 7 3 91
5 7 5 99
5 7 6 97
5 7 8 92
5 7 9 95
5 7 11 90
5 10 1 92
5 10 2 85
5 10 4 91
5 10 5 87
5 10 6 91
5 10 8 90
5 10 9 93
5 10 11 84
5 13 1 89
5 13 2 88
5 13 3 88
5 13 6 96
5 13 7 94
5 13 9 89
5 13 10 92
5 13 11 87
6 1 0 30
6 1 1 29
6 1 2 29
6 1 3 31
6 1 4 29
6 1 5 28
6 1 9 31
6 1 10 28
6 4 0 29
6 4 1 28
6 4 3 28
6 4 5 30
6 4 7 28
6 4 8 27
6 4 9 30
6 4 10 27
6 5 1 29
6 5 2 28
6 5 4 28
6 5 5 30
6 5 6 28
6 5 8 27
6 5 10 30
6 5 11 27
6 8 0 33
6 8 2 33
6 8 3 32
6 8 4 27
6 8 5 28
6 8 7 30
6 8 8 31
6 8 11 29
6 13 1 29
6 13 2 28
6 13 3 28
6 13 6 30
6 13 7 28
6 13 9 27
6 13 10 30
6 13 11 27
7 0 2 28
7 0 3 27
7 0 4 27
7 0 7 29
7 0 8 27
7 0 9 26
7 0 10 29
7 0 11 26
7 9 0 27
7 9 2 26
7 9 3 26
7 9 4 28
7 9 7 26
7 9 8 25
7 9 10 28
7 9 11 25
7 10 1 27
7 10 2 26
7 10 4 26
7 10 5 28
7 10 6 26
7 10 8 25
7 10 9 28
7 10 11 25
7 11 2 29
7 11 3 28
7 11 5 28
7 11 6 30
7 11 7 28
7 11 8 27
7 11 9 30
7 11 10 27
7 13 1 27
7 13 2 26
7 13 3 26
7 13 6 28
7 13 7 26
7 13 9 25
7 13 10 28
7 13 11 25
8 1 0 87
8 1 1 86
8 1 2 86
8 1 3 94
8 1 4 92
8 1 5 87
8 1 9 90
8 1 10 85
8 3 0 86
8 3 1 85
8 3 5 85
8 3 6 93
8 3 7 91
8 3 9 86
8 3 10 89
8 3 11 84
8 7 0 86
8 7 1 85
8 7 3 85
8 7 5 93
8 7 6 91
8 7 8 86
8 7 9 89
8 7 11 84
8 13 1 103
8 13 2 96
8 13 3 102
8 13 6 104
8 13 7 105
8 13 9 107
8 13 10 101
8 13 11 92
9 2 0 14
9 2 1 15
9 2 2 13
9 2 4 15
9 2 7 14
9 2 8 15
9 2 10 12
9 2 11 13
9 10 1 15
9 10 2 16
9 10 4 14
9 10 5 16
9 10 6 15
9 10 8 16
9 10 9 13
9 10 11 14
9 14 0 13
9 14 4 14
9 14 5 12
9 14 6 14
9 14 8 13
9 14 9 14
9 14 10 11
9 14 11 12
10 2 0 96
10 2 1 89
10 2 2 95
10 2 4 91
10 2 7 95
10 2 8 94
10 2 10 97
10 2 11 88
10 4 0 89
10 4 1 82
10 4 3 88
10 4 5 84
10 4 7 88
10 4 8 87
10 4 9 90
10 4 10 81
10 5 1 95
10 5 2 88
10 5 4 94
10 5 5 90
10 5 6 94
10 5 8 93
10 5 10 96
10 5 11 87
10 6 0 91
10 6 1 84
10 6 2 90
10 6 5 86
10 6 6 90
10 6 7 89
10 6 8 92
10 6 10 83
11 0 2 77
11 0 3 78
11 0 4 73
11 0 7 81
11 0 8 74
11 0 9 79
11 0 10 68
11 0 11 70
11 3 0 78
11 3 1 79
11 3 5 74
11 3 6 82
11 3 7 75
11 3 9 80
11 3 10 69
11 3 11 71
11 5 1 67
11 5 2 66
11 5 4 66
11 5 5 74
11 5 6 72
11 5 8 77
11 5 10 65
11 5 11 65
11 7 0 81
11 7 1 82
11 7 3 77
11 7 5 85
11 7 6 78
11 7 8 83
11 7 9 72
11 7 11 74
12 5 1 33
12 5 2 34
12 5 4 31
12 5 5 35
12 5 6 32
12 5 8 34
12 5 10 29
12 5 11 30
12 6 0 34
12 6 1 35
12 6 2 32
12 6 5 36
12 6 6 33
12 6 7 35
12 6 8 30
12 6 10 31
12 7 0 33
12 7 1 33
12 7 3 32
12 7 5 27
12 7 6 28
12 7 8 30
12 7 9 31
12 7 11 29
12 11 2 35
12 11 3 36
12 11 5 33
12 11 6 37
12 11 7 34
12 11 8 36
12 11 9 31
12 11 10 32
12 13 1 32
12 13 2 33
12 13 3 30
12 13 6 34
12 13 7 31
12 13 9 33
12 13 10 28
12 13 11 29
13 5 1 38
13 5 2 39
13 5 4 36
13 5 5 40
13 5 6 37
13 5 8 39
13 5 10 34
13 5 11 35
13 7 0 39
13 7 1 40
13 7 3 37
13 7 5 41
13 7 6 38
13 7 8 40
13 7 9 35
13 7 11 36
13 8 0 36
13 8 2 37
13 8 3 34
13 8 4 38
13 8 5 35
13 8 7 37
13 8 8 32
13 8 11 33
14 4 0 60
14 4 1 67
14 4 3 59
14 4 5 61
14 4 7 55
14 4 8 64
14 4 9 65
14 4 10 56
14 6 0 67
14 6 1 74
14 6 2 66
14 6 5 68
14 6 6 62
14 6 7 71
14 6 8 72
14 6 10 63
14 8 0 57
14 8 2 62
14 8 3 56
14 8 4 63
14 8 5 61
14 8 7 56
14 8 8 59
14 8 11 57
15 0 2 85
15 0 3 95
15 0 4 98
15 0 7 85
15 0 8 95
15 0 9 99
15 0 10 89
15 0 11 97
15 1 0 90
15 1 1 83
15 1 2 89
15 1 3 85
15 1 4 89
15 1 5 88
15 1 9 91
15 1 10 82
15 3 0 96
15 3 1 89
15 3 5 95
15 3 6 91
15 3 7 95
15 3 9 94
15 3 10 97
15 3 11 88
15 8 0 92
15 8 2 85
15 8 3 91
15 8 4 87
15 8 5 91
15 8 7 90
15 8 8 93
15 8 11 84
15 13 1 96
15 13 2 89
15 13 3 95
15 13 6 91
15 13 7 95
15 13 9 94
15 13 10 97
15 13 11 88
16 2 0 80
16 2 1 81
16 2 2 76
16 2 4 84
16 2 7 77
16 2 8 82
16 2 10 71
16 2 11 73
16 4 0 81
16 4 1 82
16 4 3 77
16 4 5 85
16 4 7 78
16 4 8 83
16 4 9 72
16 4 10 74
16 8 0 76
16 8 2 77
16 8 3 72
16 8 4 80
16 8 5 73
16 8 7 78
16 8 8 67
16 8 11 69
16 12 0 88
16 12 1 81
16 12 2 87
16 12 3 83
16 12 5 87
16 12 6 86
16 12 9 89
16 12 10 80
17 6 0 92
17 6 1 85
17 6 2 91
17 6 5 87
17 6 6 91
17 6 7 90
17 6 8 93
17 6 10 84
17 9 0 91
17 9 2 84
17 9 3 90
17 9 4 86
17 9 7 90
17 9 8 89
17 9 10 92
17 9 11 83
17 14 0 91
17 14 4 84
17 14 5 90
17 14 6 86
17 14 8 90
17 14 9 89
17 14 10 92
17 14 11 83
18 2 0 29
18 2 1 28
18 2 2 28
18 2 4 30
18 2 7 28
18 2 8 27
18 2 10 30
18 2 11 27
18 5 1 28
18 5 2 27
18 5 4 27
18 5 5 29
18 5 6 27
18 5 8 26
18 5 10 29
18 5 11 26
18 6 0 28
18 6 1 27
18 6 2 27
18 6 5 29
18 6 6 27
18 6 7 26
18 6 8 29
18 6 10 26
19 0 2 49
19 0 3 48
19 0 4 48
19 0 7 56
19 0 8 54
19 0 9 53
19 0 10 56
19 0 11 47
19 1 0 51
19 1 1 45
19 1 2 46
19 1 3 47
19 1 4 52
19 1 5 45
19 1 9 45
19 1 10 55
19 3 0 51
19 3 1 45
19 3 5 46
19 3 6 47
19 3 7 52
19 3 9 45
19 3 10 45
19 3 11 55
19 9 0 56
19 9 2 55
19 9 3 55
19 9 4 63
19 9 7 61
19 9 8 60
19 9 10 63
19 9 11 54
20 3 0 55
20 3 1 54
20 3 5 54
20 3 6 62
20 3 7 60
20 3 9 59
20 3 10 62
20 3 11 53
20 6 0 61
20 6 1 68
20 6 2 60
20 6 5 62
20 6 6 56
20 6 7 65
20 6 8 66
20 6 10 57
20 8 0 54
20 8 2 53
20 8 3 53
20 8 4 61
20 8 5 59
20 8 7 58
20 8 8 61
20 8 11 52
20 11 2 62
20 11 3 69
20 11 5 61
20 11 6 63
20 11 7 57
20 11 8 66
20 11 9 67
20 11 10 58
20 14 0 60
20 14 4 67
20 14 5 59
20 14 6 61
20 14 8 55
20 14 9 64
20 14 10 65
20 14 11 56
21 2 0 43
21 2 1 42
21 2 2 42
21 2 4 40
21 2 7 48
21 2 8 43
21 2 10 46
21 2 11 41
21 6 0 42
21 6 1 41
21 6 2 41
21 6 5 39
21 6 6 47
21 6 7 42
21 6 8 45
21 6 10 40
21 7 0 42
21 7 1 41
21 7 3 41
21 7 5 39
21 7 6 47
21 7 8 42
21 7 9 45
21 7 11 40
21 11 2 40
21 11 3 39
21 11 5 39
21 11 6 37
21 11 7 45
21 11 8 40
21 11 9 43
21 11 10 38
22 2 0 96
22 2 1 89
22 2 2 95
22 2 4 91
22 2 7 95
22 2 8 94
22 2 10 97
22 2 11 88
22 4 0 89
22 4 1 82
22 4 3 88
22 4 5 84
22 4 7 88
22 4 8 87
22 4 9 90
22 4 10 81
22 5 1 95
22 5 2 88
22 5 4 94
22 5 5 90
22 5 6 94
22 5 8 93
22 5 10 96
22 5 11 87
22 13 1 91
22 13 2 84
22 13 3 90
22 13 6 86
22 13 7 90
22 13 9 89
22 13 10 92
22 13 11 83
22 14 0 95
22 14 4 88
22 14 5 94
22 14 6 90
22 14 8 94
22 14 9 93
22 14 10 96
22 14 11 87
23 0 2 79
23 0 3 80
23 0 4 75
23 0 7 83
23 0 8 76
23 0 9 81
23 0 10 70
23 0 11 72
23 7 0 80
23 7 1 81
23 7 3 76
23 7 5 84
23 7 6 77
23 7 8 82
23 7 9 71
23 7 11 73
23 12 0 75
23 12 1 76
23 12 2 71
23 12 3 79
23 12 5 72
23 12 6 77
23 12 9 66
23 12 10 68
23 13 1 85
23 13 2 75
23 13 3 85
23 13 6 75
23 13 7 86
23 13 9 84
23 13 10 77
23 13 11 86
24 1 0 57
24 1 1 62
24 1 2 56
24 1 3 63
24 1 4 61
24 1 5 56
24 1 9 59
24 1 10 57
24 3 0 66
24 3 1 73
24 3 5 65
24 3 6 67
24 3 7 61
24 3 9 70
24 3 10 71
24 3 11 62
24 11 2 57
24 11 3 56
24 11 5 56
24 11 6 64
24 11 7 62
24 11 8 61
24 11 9 64
24 11 10 55
24 13 1 60
24 13 2 67
24 13 3 59
24 13 6 61
24 13 7 55
24 13 9 64
24 13 10 65
24 13 11 56
25 8 0 40
25 8 2 41
25 8 3 38
25 8 4 42
25 8 5 39
25 8 7 41
25 8 8 36
25 8 11 37
25 13 1 43
25 13 2 36
25 13 3 42
25 13 6 38
25 13 7 42
25 13 9 41
25 13 10 44
25 13 11 44
25 14 0 38
25 14 4 39
25 14 5 36
25 14 6 40
25 14 8 37
25 14 9 39
25 14 10 34
25 14 11 35
26 5 1 34
26 5 2 35
26 5 4 32
26 5 5 36
26 5 6 33
26 5 8 35
26 5 10 30
26 5 11 31
26 9 0 35
26 9 2 36
26 9 3 33
26 9 4 37
26 9 7 34
26 9 8 36
26 9 10 31
26 9 11 32
26 10 1 32
26 10 2 33
26 10 4 30
26 10 5 34
26 10 6 31
26 10 8 33
26 10 9 28
26 10 11 29
26 11 2 36
26 11 3 37
26 11 5 34
26 11 6 38
26 11 7 35
26 11 8 37
26 11 9 32
26 11 10 33
27 3 0 10
27 3 1 9
27 3 5 9
27 3 6 11
27 3 7 9
27 3 9 11
27 3 10 11
27 3 11 11
27 4 0 9
27 4 1 9
27 4 3 8
27 4 5 9
27 4 7 9
27 4 8 9
27 4 9 8
27 4 10 8
27 7 0 9
27 7 1 9
27 7 3 8
27 7 5 9
27 7 6 9
27 7 8 9
27 7 9 8
27 7 11 8
27 8 0 11
27 8 2 12
27 8 3 10
27 8 4 12
27 8 5 11
27 8 7 12
27 8 8 9
27 8 11 10
27 9 0 9
27 9 2 9
27 9 3 8
27 9 4 9
27 9 7 9
27 9 8 9
27 9 10 8
27 9 11 8
28 4 0 66
28 4 1 73
28 4 3 65
28 4 5 67
28 4 7 61
28 4 8 70
28 4 9 71
28 4 10 62
28 6 0 77
28 6 1 78
28 6 2 73
28 6 5 81
28 6 6 74
28 6 7 79
28 6 8 68
28 6 10 70
28 8 0 65
28 8 2 72
28 8 3 64
28 8 4 66
28 8 5 60
28 8 7 69
28 8 8 70
28 8 11 61
28 11 2 67
28 11 3 74
28 11 5 66
28 11 6 68
28 11 7 62
28 11 8 71
28 11 9 72
28 11 10 63
28 14 0 61
28 14 4 68
28 14 5 60
28 14 6 62
28 14 8 56
28 14 9 65
28 14 10 66
28 14 11 57
29 3 0 86
29 3 1 85
29 3 5 85
29 3 6 93
29 3 7 91
29 3 9 86
29 3 10 89
29 3 11 84
29 6 0 85
29 6 1 84
29 6 2 84
29 6 5 92
29 6 6 90
29 6 7 85
29 6 8 88
29 6 10 83
29 10 1 85
29 10 2 84
29 10 4 84
29 10 5 92
29 10 6 90
29 10 8 85
29 10 9 88
29 10 11 83
29 13 1 93
29 13 2 92
29 13 3 92
29 13 6 100
29 13 7 98
29 13 9 93
29 13 10 96
29 13 11 91
30 8 0 51
30 8 2 45
30 8 3 46
30 8 4 47
30 8 5 52
30 8 7 45
30 8 8 45
30 8 11 55
30 9 0 48
30 9 2 47
30 9 3 47
30 9 4 45
30 9 7 53
30 9 8 48
30 9 10 51
30 9 11 46
30 11 2 48
30 11 3 47
30 11 5 47
30 11 6 45
30 11 7 53
30 11 8 48
30 11 9 51
30 11 10 46
30 14 0 55
30 14 4 54
30 14 5 54
30 14 6 62
30 14 8 60
30 14 9 59
30 14 10 62
30 14 11 53
31 0 2 14
31 0 3 15
31 0 4 13
31 0 7 15
31 0 8 14
31 0 9 15
31 0 10 12
31 0 11 13
31 3 0 15
31 3 1 16
31 3 5 14
31 3 6 16
31 3 7 15
31 3 9 16
31 3 10 13
31 3 11 14
31 6 0 13
31 6 1 14
31 6 2 12
31 6 5 14
31 6 6 13
31 6 7 14
31 6 8 11
31 6 10 12
31 10 1 15
31 10 2 16
31 10 4 14
31 10 5 16
31 10 6 15
31 10 8 16
31 10 9 13
31 10 11 14
32 5 1 95
32 5 2 88
32 5 4 94
32 5 5 90
32 5 6 94
32 5 8 93
32 5 10 96
32 5 11 87
32 11 2 88
32 11 3 81
32 11 5 87
32 11 6 83
32 11 7 87
32 11 8 86
32 11 9 89
32 11 10 80
32 12 0 94
32 12 1 87
32 12 2 93
32 12 3 89
32 12 5 93
32 12 6 92
32 12 9 95
32 12 10 86
32 13 1 90
32 13 2 83
32 13 3 89
32 13 6 85
32 13 7 89
32 13 9 88
32 13 10 91
32 13 11 82
33 2 0 80
33 2 1 81
33 2 2 76
33 2 4 84
33 2 7 77
33 2 8 82
33 2 10 71
33 2 11 73
33 8 0 81
33 8 2 82
33 8 3 77
33 8 4 85
33 8 5 78
33 8 7 83
33 8 8 72
33 8 11 74
33 10 1 76
33 10 2 77
33 10 4 72
33 10 5 80
33 10 6 73
33 10 8 78
33 10 9 67
33 10 11 69
33 12 0 88
33 12 1 81
33 12 2 87
33 12 3 83
33 12 5 87
33 12 6 86
33 12 9 89
33 12 10 80
34 2 0 39
34 2 1 40
34 2 2 37
34 2 4 41
34 2 7 38
34 2 8 40
34 2 10 35
34 2 11 36
34 3 0 40
34 3 1 41
34 3 5 38
34 3 6 42
34 3 7 39
34 3 9 41
34 3 10 36
34 3 11 37
34 6 0 37
34 6 1 38
34 6 2 35
34 6 5 39
34 6 6 36
34 6 7 38
34 6 8 33
34 6 10 34
34 11 2 43
34 11 3 36
34 11 5 42
34 11 6 38
34 11 7 42
34 11 8 41
34 11 9 44
34 11 10 44
34 13 1 38
34 13 2 39
34 13 3 36
34 13 6 40
34 13 7 37
34 13 9 39
34 13 10 34
34 13 11 35
35 2 0 80
35 2 1 81
35 2 2 76
35 2 4 84
35 2 7 77
35 2 8 82
35 2 10 71
35 2 11 73
35 4 0 81
35 4 1 82
35 4 3 77
35 4 5 85
35 4 7 78
35 4 8 83
35 4 9 72
35 4 10 74
35 13 1 76
35 13 2 77
35 13 3 72
35 13 6 80
35 13 7 73
35 13 9 78
35 13 10 67
35 13 11 69
36 3 0 41
36 3 1 40
36 3 5 40
36 3 6 38
36 3 7 46
36 3 9 41
36 3 10 44
36 3 11 39
36 5 1 40
36 5 2 39
36 5 4 39
36 5 5 37
36 5 6 45
36 5 8 40
36 5 10 43
36 5 11 38
36 6 0 40
36 6 1 39
36 6 2 39
36 6 5 37
36 6 6 45
36 6 7 40
36 6 8 43
36 6 10 38
37 0 2 26
37 0 3 25
37 0 4 25
37 0 7 27
37 0 8 25
37 0 9 24
37 0 10 27
37 0 11 24
37 4 0 25
37 4 1 24
37 4 3 24
37 4 5 26
37 4 7 24
37 4 8 23
37 4 9 26
37 4 10 23
37 6 0 25
37 6 1 24
37 6 2 24
37 6 5 26
37 6 6 24
37 6 7 23
37 6 8 26
37 6 10 23
38 4 0 86
38 4 1 85
38 4 3 85
38 4 5 93
38 4 7 91
38 4 8 86
38 4 9 89
38 4 10 84
38 7 0 92
38 7 1 85
38 7 3 91
38 7 5 87
38 7 6 91
38 7 8 90
38 7 9 93
38 7 11 84
38 8 0 85
38 8 2 84
38 8 3 84
38 8 4 92
38 8 5 90
38 8 7 85
38 8 8 88
38 8 11 83
38 9 0 94
38 9 2 87
38 9 3 93
38 9 4 89
38 9 7 93
38 9 8 92
38 9 10 95
38 9 11 86
39 6 0 40
39 6 1 41
39 6 2 38
39 6 5 42
39 6 6 39
39 6 7 41
39 6 8 36
39 6 10 37
39 7 0 43
39 7 1 36
39 7 3 42
39 7 5 38
39 7 6 42
39 7 8 41
39 7 9 44
39 7 11 44
39 12 0 38
39 12 1 39
39 12 2 36
39 12 3 40
39 12 5 37
39 12 6 39
39 12 9 34
39 12 10 35
39 13 1 40
39 13 2 39
39 13 3 39
39 13 6 37
39 13 7 45
39 13 9 40
39 13 10 43
39 13 11 38
40 1 0 51
40 1 1 50
40 1 2 50
40 1 3 58
40 1 4 56
40 1 5 55
40 1 9 58
40 1 10 49
40 7 0 50
40 7 1 49
40 7 3 49
40 7 5 57
40 7 6 55
40 7 8 54
40 7 9 57
40 7 11 48
40 8 0 50
40 8 2 49
40 8 3 49
40 8 4 57
40 8 5 55
40 8 7 54
40 8 8 57
40 8 11 48
40 10 1 57
40 10 2 62
40 10 4 56
40 10 5 63
40 10 6 61
40 10 8 56
40 10 9 59
40 10 11 57
41 3 0 47
41 3 1 46
41 3 5 46
41 3 6 44
41 3 7 52
41 3 9 47
41 3 10 50
41 3 11 45
41 4 0 46
41 4 1 45
41 4 3 45
41 4 5 43
41 4 7 51
41 4 8 46
41 4 9 49
41 4 10 44
41 6 0 46
41 6 1 45
41 6 2 45
41 6 5 43
41 6 6 51
41 6 7 46
41 6 8 49
41 6 10 44
41 11 2 44
41 11 3 43
41 11 5 43
41 11 6 41
41 11 7 49
41 11 8 44
41 11 9 47
41 11 10 42
42 7 0 67
42 7 1 74
42 7 3 66
42 7 5 68
42 7 6 62
42 7 8 71
42 7 9 72
42 7 11 63
42 10 1 78
42 10 2 79
42 10 4 74
42 10 5 82
42 10 6 75
42 10 8 80
42 10 9 69
42 10 11 71
42 13 1 66
42 13 2 73
42 13 3 65
42 13 6 67
42 13 7 61
42 13 9 70
42 13 10 71
42 13 11 62
43 6 0 86
43 6 1 85
43 6 2 85
43 6 5 93
43 6 6 91
43 6 7 86
43 6 8 89
43 6 10 84
43 7 0 92
43 7 1 85
43 7 3 91
43 7 5 87
43 7 6 91
43 7 8 90
43 7 9 93
43 7 11 84
43 9 0 85
43 9 2 84
43 9 3 84
43 9 4 92
43 9 7 90
43 9 8 85
43 9 10 88
43 9 11 83
43 11 2 94
43 11 3 87
43 11 5 93
43 11 6 89
43 11 7 93
43 11 8 92
43 11 9 95
43 11 10 86
43 12 0 85
43 12 1 84
43 12 2 84
43 12 3 92
43 12 5 90
43 12 6 85
43 12 9 88
43 12 10 83
44 0 2 90
44 0 3 89
44 0 4 89
44 0 7 97
44 0 8 95
44 0 9 90
44 0 10 93
44 0 11 88
44 3 0 96
44 3 1 89
44 3 5 95
44 3 6 91
44 3 7 95
44 3 9 94
44 3 10 97
44 3 11 88
44 6 0 89
44 6 1 88
44 6 2 88
44 6 5 96
44 6 6 94
44 6 7 89
44 6 8 92
44 6 10 87
44 12 0 85
44 12 1 84
44 12 2 84
44 12 3 92
44 12 5 90
44 12 6 85
44 12 9 88
44 12 10 83
44 14 0 89
44 14 4 88
44 14 5 88
44 14 6 96
44 14 8 94
44 14 9 89
44 14 10 92
44 14 11 87
45 1 0 50
45 1 1 49
45 1 2 49
45 1 3 57
45 1 4 55
45 1 5 54
45 1 9 57
45 1 10 48
45 2 0 49
45 2 1 48
45 2 2 48
45 2 4 56
45 2 7 54
45 2 8 53
45 2 10 56
45 2 11 47
45 7 0 49
45 7 1 48
45 7 3 48
45 7 5 56
45 7 6 54
45 7 8 53
45 7 9 56
45 7 11 47
45 10 1 57
45 10 2 56
45 10 4 56
45 10 5 64
45 10 6 62
45 10 8 61
45 10 9 64
45 10 11 55
45 12 0 55
45 12 1 54
45 12 2 54
45 12 3 62
45 12 5 60
45 12 6 59
45 12 9 62
45 12 10 53
46 0 2 92
46 0 3 85
46 0 4 91
46 0 7 87
46 0 8 91
46 0 9 90
46 0 10 93
46 0 11 84
46 4 0 91
46 4 1 84
46 4 3 90
46 4 5 86
46 4 7 90
46 4 8 89
46 4 9 92
46 4 10 83
46 7 0 91
46 7 1 84
46 7 3 90
46 7 5 86
46 7 6 90
46 7 8 89
46 7 9 92
46 7 11 83
46 12 0 86
46 12 1 85
46 12 2 85
46 12 3 93
46 12 5 91
46 12 6 86
46 12 9 89
46 12 10 84
47 1 0 35
47 1 1 36
47 1 2 33
47 1 3 37
47 1 4 34
47 1 5 36
47 1 9 31
47 1 10 32
47 5 1 36
47 5 2 37
47 5 4 34
47 5 5 38
47 5 6 35
47 5 8 37
47 5 10 32
47 5 11 33
47 6 0 33
47 6 1 34
47 6 2 31
47 6 5 35
47 6 6 32
47 6 7 34
47 6 8 29
47 6 10 30
48 0 2 46
48 0 3 45
48 0 4 45
48 0 7 43
48 0 8 51
48 0 9 46
48 0 10 49
48 0 11 44
48 1 0 45
48 1 1 44
48 1 2 44
48 1 3 42
48 1 4 50
48 1 5 45
48 1 9 48
48 1 10 43
48 7 0 45
48 7 1 44
48 7 3 44
48 7 5 42
48 7 6 50
48 7 8 45
48 7 9 48
48 7 11 43
48 12 0 43
48 12 1 42
48 12 2 42
48 12 3 40
48 12 5 48
48 12 6 43
48 12 9 46
48 12 10 41
49 4 0 14
49 4 1 15
49 4 3 13
49 4 5 15
49 4 7 14
49 4 8 15
49 4 9 12
49 4 10 13
49 9 0 15
49 9 2 16
49 9 3 14
49 9 4 16
49 9 7 15
49 9 8 16
49 9 10 13
49 9 11 14
49 11 2 13
49 11 3 14
49 11 5 12
49 11 6 14
49 11 7 13
49 11 8 14
49 11 9 11
49 11 10 12
49 13 1 15
49 13 2 16
49 13 3 14
49 13 6 16
49 13 7 15
49 13 9 16
49 13 10 13
49 13 11 14
49 14 0 14
49 14 4 15
49 14 5 13
49 14 6 15
49 14 8 14
49 14 9 15
49 14 10 12
49 14 11 13
50 1 0 96
50 1 1 89
50 1 2 95
50 1 3 91
50 1 4 95
50 1 5 94
50 1 9 97
50 1 10 88
50 6 0 89
50 6 1 82
50 6 2 88
50 6 5 84
50 6 6 88
50 6 7 87
50 6 8 90
50 6 10 81
50 10 1 95
50 10 2 88
50 10 4 94
50 10 5 90
50 10 6 94
50 10 8 93
50 10 9 96
50 10 11 87
50 11 2 91
50 11 3 84
50 11 5 90
50 11 6 86
50 11 7 90
50 11 8 89
50 11 9 92
50 11 10 83
50 14 0 95
50 14 4 88
50 14 5 94
50 14 6 90
50 14 8 94
50 14 9 93
50 14 10 96
50 14 11 87
51 5 1 33
51 5 2 33
51 5 4 32
51 5 5 27
51 5 6 28
51 5 8 30
51 5 10 31
51 5 11 29
51 6 0 30
51 6 1 29
51 6 2 29
51 6 5 31
51 6 6 29
51 6 7 28
51 6 8 31
51 6 10 28
51 7 0 30
51 7 1 29
51 7 3 29
51 7 5 31
51 7 6 29
51 7 8 28
51 7 9 31
51 7 11 28
51 11 2 32
51 11 3 33
51 11 5 30
51 11 6 34
51 11 7 31
51 11 8 33
51 11 9 28
51 11 10 29
52 0 2 12
52 0 3 13
52 0 4 11
52 0 7 13
52 0 8 12
52 0 9 13
52 0 10 10
52 0 11 11
52 2 0 13
52 2 1 14
52 2 2 12
52 2 4 14
52 2 7 13
52 2 8 14
52 2 10 11
52 2 11 12
52 3 0 11
52 3 1 12
52 3 5 10
52 3 6 12
52 3 7 11
52 3 9 12
52 3 10 9
52 3 11 10
53 0 2 48
53 0 3 47
53 0 4 47
53 0 7 45
53 0 8 53
53 0 9 48
53 0 10 51
53 0 11 46
53 5 1 47
53 5 2 46
53 5 4 46
53 5 5 44
53 5 6 52
53 5 8 47
53 5 10 50
53 5 11 45
53 6 0 47
53 6 1 46
53 6 2 46
53 6 5 44
53 6 6 52
53 6 7 47
53 6 8 50
53 6 10 45
53 8 0 54
53 8 2 53
53 8 3 53
53 8 4 61
53 8 5 59
53 8 7 58
53 8 8 61
53 8 11 52
53 10 1 52
53 10 2 51
53 10 4 51
53 10 5 59
53 10 6 57
53 10 8 56
53 10 9 59
53 10 11 50
54 2 0 88
54 2 1 87
54 2 2 87
54 2 4 95
54 2 7 93
54 2 8 88
54 2 10 91
54 2 11 86
54 6 0 94
54 6 1 87
54 6 2 93
54 6 5 89
54 6 6 93
54 6 7 92
54 6 8 95
54 6 10 86
54 7 0 87
54 7 1 86
54 7 3 86
54 7 5 94
54 7 6 92
54 7 8 87
54 7 9 90
54 7 11 85
55 2 0 11
55 2 1 12
55 2 2 10
55 2 4 12
55 2 7 11
55 2 8 12
55 2 10 9
55 2 11 10
55 4 0 12
55 4 1 13
55 4 3 11
55 4 5 13
55 4 7 12
55 4 8 13
55 4 9 10
55 4 10 11
55 6 0 10
55 6 1 9
55 6 2 9
55 6 5 11
55 6 6 9
55 6 7 11
55 6 8 11
55 6 10 11
55 11 2 12
55 11 3 13
55 11 5 11
55 11 6 13
55 11 7 12
55 11 8 13
55 11 9 10
55 11 10 11
56 2 0 88
56 2 1 81
56 2 2 87
56 2 4 83
56 2 7 87
56 2 8 86
56 2 10 89
56 2 11 80
56 10 1 89
56 10 2 82
56 10 4 88
56 10 5 84
56 10 6 88
56 10 8 87
56 10 9 90
56 10 11 81
56 14 0 80
56 14 4 81
56 14 5 76
56 14 6 84
56 14 8 77
56 14 9 82
56 14 10 71
56 14 11 73
57 0 2 66
57 0 3 73
57 0 4 65
57 0 7 67
57 0 8 61
57 0 9 70
57 0 10 71
57 0 11 62
57 3 0 65
57 3 1 72
57 3 5 64
57 3 6 66
57 3 7 60
57 3 9 69
57 3 10 70
57 3 11 61
57 6 0 65
57 6 1 72
57 6 2 64
57 6 5 66
57 6 6 60
57 6 7 69
57 6 8 70
57 6 10 61
57 8 0 77
57 8 2 78
57 8 3 73
57 8 4 81
57 8 5 74
57 8 7 79
57 8 8 68
57 8 11 70
57 9 0 75
57 9 2 76
57 9 3 71
57 9 4 79
57 9 7 72
57 9 8 77
57 9 10 66
57 9 11 68
58 0 2 63
58 0 3 70
58 0 4 62
58 0 7 64
58 0 8 58
58 0 9 67
58 0 10 68
58 0 11 59
58 2 0 74
58 2 1 75
58 2 2 70
58 2 4 78
58 2 7 71
58 2 8 76
58 2 10 65
58 2 11 67
58 5 1 62
58 5 2 69
58 5 4 61
58 5 5 63
58 5 6 57
58 5 8 66
58 5 10 67
58 5 11 58
58 9 0 64
58 9 2 71
58 9 3 63
58 9 4 65
58 9 7 59
58 9 8 68
58 9 10 69
58 9 11 60
59 0 2 51
59 0 3 45
59 0 4 46
59 0 7 47
59 0 8 52
59 0 9 45
59 0 10 45
59 0 11 55
59 1 0 48
59 1 1 47
59 1 2 47
59 1 3 45
59 1 4 53
59 1 5 48
59 1 9 51
59 1 10 46
59 6 0 48
59 6 1 47
59 6 2 47
59 6 5 45
59 6 6 53
59 6 7 48
59 6 8 51
59 6 10 46
59 8 0 55
59 8 2 54
59 8 3 54
59 8 4 62
59 8 5 60
59 8 7 59
59 8 8 62
59 8 11 53
59 11 2 53
59 11 3 52
59 11 5 52
59 11 6 60
59 11 7 58
59 11 8 57
59 11 9 60
59 11 10 51
60 0 2 92
60 0 3 85
60 0 4 91
60 0 7 87
60 0 8 91
60 0 9 90
60 0 10 93
60 0 11 84
60 1 0 89
60 1 1 88
60 1 2 88
60 1 3 96
60 1 4 94
60 1 5 89
60 1 9 92
60 1 10 87
60 2 0 92
60 2 1 91
60 2 2 91
60 2 4 99
60 2 7 97
60 2 8 92
60 2 10 95
60 2 11 90
60 6 0 92
60 6 1 85
60 6 2 91
60 6 5 87
60 6 6 91
60 6 7 90
60 6 8 93
60 6 10 84
60 12 0 89
60 12 1 88
60 12 2 88
60 12 3 96
60 12 5 94
60 12 6 89
60 12 9 92
60 12 10 87
61 1 0 12
61 1 1 13
61 1 2 11
61 1 3 13
61 1 4 12
61 1 5 13
61 1 9 10
61 1 10 11
61 3 0 13
61 3 1 14
61 3 5 12
61 3 6 14
61 3 7 13
61 3 9 14
61 3 10 11
61 3 11 12
61 4 0 11
61 4 1 12
61 4 3 10
61 4 5 12
61 4 7 11
61 4 8 12
61 4 9 9
61 4 10 10
61 5 1 13
61 5 2 14
61 5 4 12
61 5 5 14
61 5 6 13
61 5 8 14
61 5 10 11
61 5 11 12
61 10 1 12
61 10 2 13
61 10 4 11
61 10 5 13
61 10 6 12
61 10 8 13
61 10 9 10
61 10 11 11
62 0 2 89
62 0 3 88
62 0 4 88
62 0 7 96
62 0 8 94
62 0 9 89
62 0 10 92
62 0 11 87
62 5 1 95
62 5 2 88
62 5 4 94
62 5 5 90
62 5 6 94
62 5 8 93
62 5 10 96
62 5 11 87
62 6 0 88
62 6 1 87
62 6 2 87
62 6 5 95
62 6 6 93
62 6 7 88
62 6 8 91
62 6 10 86
62 8 0 85
62 8 2 95
62 8 3 98
62 8 4 85
62 8 5 95
62 8 7 99
62 8 8 89
62 8 11 97
62 10 1 88
62 10 2 87
62 10 4 87
62 10 5 95
62 10 6 93
62 10 8 88
62 10 9 91
62 10 11 86
63 1 0 54
63 1 1 53
63 1 2 53
63 1 3 61
63 1 4 59
63 1 5 58
63 1 9 61
63 1 10 52
63 2 0 53
63 2 1 52
63 2 2 52
63 2 4 60
63 2 7 58
63 2 8 57
63 2 10 60
63 2 11 51
63 9 0 53
63 9 2 52
63 9 3 52
63 9 4 60
63 9 7 58
63 9 8 57
63 9 10 60
63 9 11 51
63 13 1 62
63 13 2 69
63 13 3 61
63 13 6 63
63 13 7 57
63 13 9 66
63 13 10 67
63 13 11 58
64 1 0 23
64 1 1 22
64 1 2 22
64 1 3 24
64 1 4 22
64 1 5 21
64 1 9 24
64 1 10 21
64 5 1 22
64 5 2 21
64 5 4 21
64 5 5 23
64 5 6 21
64 5 8 20
64 5 10 23
64 5 11 20
64 7 0 22
64 7 1 21
64 7 3 21
64 7 5 23
64 7 6 21
64 7 8 20
64 7 9 23
64 7 11 20
64 13 1 24
64 13 2 23
64 13 3 23
64 13 6 25
64 13 7 23
64 13 9 22
64 13 10 25
64 13 11 22
65 1 0 28
65 1 1 27
65 1 2 27
65 1 3 29
65 1 4 27
65 1 5 26
65 1 9 29
65 1 10 26
65 8 0 27
65 8 2 26
65 8 3 26
65 8 4 28
65 8 5 26
65 8 7 25
65 8 8 28
65 8 11 25
65 9 0 27
65 9 2 26
65 9 3 26
65 9 4 28
65 9 7 26
65 9 8 25
65 9 10 28
65 9 11 25
65 12 0 29
65 12 1 28
65 12 2 28
65 12 3 30
65 12 5 28
65 12 6 27
65 12 9 30
65 12 10 27
66 2 0 86
66 2 1 85
66 2 2 85
66 2 4 93
66 2 7 91
66 2 8 86
66 2 10 89
66 2 11 84
66 3 0 92
66 3 1 85
66 3 5 91
66 3 6 87
66 3 7 91
66 3 9 90
66 3 10 93
66 3 11 84
66 5 1 85
66 5 2 84
66 5 4 84
66 5 5 92
66 5 6 90
66 5 8 85
66 5 10 88
66 5 11 83
66 7 0 94
66 7 1 87
66 7 3 93
66 7 5 89
66 7 6 93
66 7 8 92
66 7 9 95
66 7 11 86
66 14 0 85
66 14 4 84
66 14 5 84
66 14 6 92
66 14 8 90
66 14 9 85
66 14 10 88
66 14 11 83
67 0 2 42
67 0 3 41
67 0 4 41
67 0 7 39
67 0 8 47
67 0 9 42
67 0 10 45
67 0 11 40
67 2 0 41
67 2 1 40
67 2 2 40
67 2 4 38
67 2 7 46
67 2 8 41
67 2 10 44
67 2 11 39
67 4 0 41
67 4 1 40
67 4 3 40
67 4 5 38
67 4 7 46
67 4 8 41
67 4 9 44
67 4 10 39
68 0 2 93
68 0 3 86
68 0 4 92
68 0 7 88
68 0 8 92
68 0 9 91
68 0 10 94
68 0 11 85
68 7 0 92
68 7 1 85
68 7 3 91
68 7 5 87
68 7 6 91
68 7 8 90
68 7 9 93
68 7 11 84
68 14 0 92
68 14 4 85
68 14 5 91
68 14 6 87
68 14 8 91
68 14 9 90
68 14 10 93
68 14 11 84
69 2 0 67
69 2 1 74
69 2 2 66
69 2 4 68
69 2 7 62
69 2 8 71
69 2 10 72
69 2 11 63
69 3 0 78
69 3 1 79
69 3 5 74
69 3 6 82
69 3 7 75
69 3 9 80
69 3 10 69
69 3 11 71
69 5 1 66
69 5 2 73
69 5 4 65
69 5 5 67
69 5 6 61
69 5 8 70
69 5 10 71
69 5 11 62
69 9 0 68
69 9 2 75
69 9 3 67
69 9 4 69
69 9 7 63
69 9 8 72
69 9 10 73
69 9 11 64
69 10 1 62
69 10 2 69
69 10 4 61
69 10 5 63
69 10 6 57
69 10 8 66
69 10 9 67
69 10 11 58
70 1 0 14
70 1 1 15
70 1 2 13
70 1 3 15
70 1 4 14
70 1 5 15
70 1 9 12
70 1 10 13
70 2 0 15
70 2 1 16
70 2 2 14
70 2 4 16
70 2 7 15
70 2 8 16
70 2 10 13
70 2 11 14
70 3 0 13
70 3 1 14
70 3 5 12
70 3 6 14
70 3 7 13
70 3 9 14
70 3 10 11
70 3 11 12
70 12 0 15
70 12 1 16
70 12 2 14
70 12 3 16
70 12 5 15
70 12 6 16
70 12 9 13
70 12 10 14
71 4 0 34
71 4 1 35
71 4 3 32
71 4 5 36
71 4 7 33
71 4 8 35
71 4 9 30
71 4 10 31
71 5 1 35
71 5 2 36
71 5 4 33
71 5 5 37
71 5 6 34
71 5 8 36
71 5 10 31
71 5 11 32
71 10 1 32
71 10 2 33
71 10 4 30
71 10 5 34
71 10 6 31
71 10 8 33
71 10 9 28
71 10 11 29
71 12 0 36
71 12 1 37
71 12 2 34
71 12 3 38
71 12 5 35
71 12 6 37
71 12 9 32
71 12 10 33
72 3 0 42
72 3 1 41
72 3 5 41
72 3 6 39
72 3 7 47
72 3 9 42
72 3 10 45
72 3 11 40
72 4 0 37
72 4 1 38
72 4 3 35
72 4 5 39
72 4 7 36
72 4 8 38
72 4 9 33
72 4 10 34
72 14 0 41
72 14 4 40
72 14 5 40
72 14 6 38
72 14 8 46
72 14 9 41
72 14 10 44
72 14 11 39
73 0 2 90
73 0 3 89
73 0 4 89
73 0 7 97
73 0 8 95
73 0 9 90
73 0 10 93
73 0 11 88
73 4 0 96
73 4 1 89
73 4 3 95
73 4 5 91
73 4 7 95
73 4 8 94
73 4 9 97
73 4 10 88
73 8 0 89
73 8 2 88
73 8 3 88
73 8 4 96
73 8 5 94
73 8 7 89
73 8 8 92
73 8 11 87
73 11 2 85
73 11 3 84
73 11 5 84
73 11 6 92
73 11 7 90
73 11 8 85
73 11 9 88
73 11 10 83
73 14 0 89
73 14 4 88
73 14 5 88
73 14 6 96
73 14 8 94
73 14 9 89
73 14 10 92
73 14 11 87
74 0 2 40
74 0 3 41
74 0 4 38
74 0 7 42
74 0 8 39
74 0 9 41
74 0 10 36
74 0 11 37
74 3 0 43
74 3 1 36
74 3 5 42
74 3 6 38
74 3 7 42
74 3 9 41
74 3 10 44
74 3 11 44
74 6 0 38
74 6 1 39
74 6 2 36
74 6 5 40
74 6 6 37
74 6 7 39
74 6 8 34
74 6 10 35
74 9 0 40
74 9 2 39
74 9 3 39
74 9 4 37
74 9 7 45
74 9 8 40
74 9 10 43
74 9 11 38
74 10 1 39
74 10 2 40
74 10 4 37
74 10 5 41
74 10 6 38
74 10 8 40
74 10 9 35
74 10 11 36
75 8 0 45
75 8 2 44
75 8 3 44
75 8 4 42
75 8 5 50
75 8 7 45
75 8 8 48
75 8 11 43
75 11 2 44
75 11 3 43
75 11 5 43
75 11 6 41
75 11 7 49
75 11 8 44
75 11 9 47
75 11 10 42
75 13 1 44
75 13 2 43
75 13 3 43
75 13 6 41
75 13 7 49
75 13 9 44
75 13 10 47
75 13 11 42
76 4 0 10
76 4 1 9
76 4 3 9
76 4 5 11
76 4 7 9
76 4 8 11
76 4 9 11
76 4 10 11
76 7 0 9
76 7 1 9
76 7 3 8
76 7 5 9
76 7 6 9
76 7 8 9
76 7 9 8
76 7 11 8
76 8 0 9
76 8 2 9
76 8 3 8
76 8 4 9
76 8 5 9
76 8 7 9
76 8 8 8
76 8 11 8
76 12 0 11
76 12 1 12
76 12 2 10
76 12 3 12
76 12 5 11
76 12 6 12
76 12 9 9
76 12 10 10
77 3 0 25
77 3 1 24
77 3 5 24
77 3 6 26
77 3 7 24
77 3 9 23
77 3 10 26
77 3 11 23
77 9 0 24
77 9 2 23
77 9 3 23
77 9 4 25
77 9 7 23
77 9 8 22
77 9 10 25
77 9 11 22
77 14 0 24
77 14 4 23
77 14 5 23
77 14 6 25
77 14 8 23
77 14 9 22
77 14 10 25
77 14 11 22
78 0 2 95
78 0 3 88
78 0 4 94
78 0 7 90
78 0 8 94
78 0 9 93
78 0 10 96
78 0 11 87
78 8 0 88
78 8 2 81
78 8 3 87
78 8 4 83
78 8 5 87
78 8 7 86
78 8 8 89
78 8 11 80
78 12 0 94
78 12 1 87
78 12 2 93
78 12 3 89
78 12 5 93
78 12 6 92
78 12 9 95
78 12 10 86
79 1 0 98
79 1 1 103
79 1 2 93
79 1 3 105
79 1 4 99
79 1 5 92
79 1 9 103
79 1 10 102
79 5 1 90
79 5 2 89
79 5 4 89
79 5 5 97
79 5 6 95
79 5 8 90
79 5 10 93
79 5 11 88
79 8 0 97
79 8 2 102
79 8 3 92
79 8 4 104
79 8 5 98
79 8 7 91
79 8 8 102
79 8 11 101
79 12 0 99
79 12 1 104
79 12 2 94
79 12 3 106
79 12 5 100
79 12 6 93
79 12 9 104
79 12 10 103
79 14 0 100
79 14 4 105
79 14 5 95
79 14 6 107
79 14 8 101
79 14 9 94
79 14 10 105
79 14 11 104
80 1 0 12
80 1 1 13
80 1 2 11
80 1 3 13
80 1 4 12
80 1 5 13
80 1 9 10
80 1 10 11
80 2 0 13
80 2 1 14
80 2 2 12
80 2 4 14
80 2 7 13
80 2 8 14
80 2 10 11
80 2 11 12
80 4 0 11
80 4 1 12
80 4 3 10
80 4 5 12
80 4 7 11
80 4 8 12
80 4 9 9
80 4 10 10
80 5 1 13
80 5 2 14
80 5 4 12
80 5 5 14
80 5 6 13
80 5 8 14
80 5 10 11
80 5 11 12
80 6 0 12
80 6 1 13
80 6 2 11
80 6 5 13
80 6 6 12
80 6 7 13
80 6 8 10
80 6 10 11
81 5 1 26
81 5 2 25
81 5 4 25
81 5 5 27
81 5 6 25
81 5 8 24
81 5 10 27
81 5 11 24
81 9 0 25
81 9 2 24
81 9 3 24
81 9 4 26
81 9 7 24
81 9 8 23
81 9 10 26
81 9 11 23
81 11 2 25
81 11 3 24
81 11 5 24
81 11 6 26
81 11 7 24
81 11 8 23
81 11 9 26
81 11 10 23
82 2 0 11
82 2 1 12
82 2 2 10
82 2 4 12
82 2 7 11
82 2 8 12
82 2 10 9
82 2 11 10
82 5 1 12
82 5 2 13
82 5 4 11
82 5 5 13
82 5 6 12
82 5 8 13
82 5 10 10
82 5 11 11
82 7 0 10
82 7 1 9
82 7 3 9
82 7 5 11
82 7 6 9
82 7 8 11
82 7 9 11
82 7 11 11
82 8 0 12
82 8 2 13
82 8 3 11
82 8 4 13
82 8 5 12
82 8 7 13
82 8 8 10
82 8 11 11
82 10 1 11
82 10 2 12
82 10 4 10
82 10 5 12
82 10 6 11
82 10 8 12
82 10 9 9
82 10 11 10
83 1 0 98
83 1 1 103
83 1 2 93
83 1 3 105
83 1 4 99
83 1 5 92
83 1 9 103
83 1 10 102
83 9 0 90
83 9 2 89
83 9 3 89
83 9 4 97
83 9 7 95
83 9 8 90
83 9 10 93
83 9 11 88
83 10 1 97
83 10 2 102
83 10 4 92
83 10 5 104
83 10 6 98
83 10 8 91
83 10 9 102
83 10 11 101
84 4 0 19
84 4 1 20
84 4 3 18
84 4 5 20
84 4 7 19
84 4 8 20
84 4 9 17
84 4 10 18
84 9 0 22
84 9 2 21
84 9 3 21
84 9 4 19
84 9 7 22
84 9 8 22
84 9 10 20
84 9 11 20
84 14 0 18
84 14 4 19
84 14 5 17
84 14 6 19
84 14 8 18
84 14 9 19
84 14 10 16
84 14 11 17
85 0 2 85
85 0 3 75
85 0 4 85
85 0 7 75
85 0 8 86
85 0 9 84
85 0 10 77
85 0 11 86
85 3 0 88
85 3 1 81
85 3 5 87
85 3 6 83
85 3 7 87
85 3 9 86
85 3 10 89
85 3 11 80
85 8 0 79
85 8 2 80
85 8 3 75
85 8 4 83
85 8 5 76
85 8 7 81
85 8 8 70
85 8 11 72
86 4 0 89
86 4 1 88
86 4 3 88
86 4 5 96
86 4 7 94
86 4 8 89
86 4 9 92
86 4 10 87
86 5 1 95
86 5 2 88
86 5 4 94
86 5 5 90
86 5 6 94
86 5 8 93
86 5 10 96
86 5 11 87
86 10 1 88
86 10 2 87
86 10 4 87
86 10 5 95
86 10 6 93
86 10 8 88
86 10 9 91
86 10 11 86
86 13 1 85
86 13 2 95
86 13 3 98
86 13 6 85
86 13 7 95
86 13 9 99
86 13 10 89
86 13 11 97
87 0 2 53
87 0 3 52
87 0 4 52
87 0 7 60
87 0 8 58
87 0 9 57
87 0 10 60
87 0 11 51
87 5 1 52
87 5 2 51
87 5 4 51
87 5 5 59
87 5 6 57
87 5 8 56
87 5 10 59
87 5 11 50
87 9 0 52
87 9 2 51
87 9 3 51
87 9 4 59
87 9 7 57
87 9 8 56
87 9 10 59
87 9 11 50
88 1 0 25
88 1 1 24
88 1 2 24
88 1 3 26
88 1 4 24
88 1 5 23
88 1 9 26
88 1 10 23
88 9 0 24
88 9 2 23
88 9 3 23
88 9 4 25
88 9 7 23
88 9 8 22
88 9 10 25
88 9 11 22
88 12 0 24
88 12 1 23
88 12 2 23
88 12 3 25
88 12 5 23
88 12 6 22
88 12 9 25
88 12 10 22
89 1 0 34
89 1 1 35
89 1 2 32
89 1 3 36
89 1 4 33
89 1 5 35
89 1 9 30
89 1 10 31
89 11 2 34
89 11 3 35
89 11 5 32
89 11 6 36
89 11 7 33
89 11 8 35
89 11 9 30
89 11 10 31
89 12 0 33
89 12 1 34
89 12 2 31
89 12 3 35
89 12 5 32
89 12 6 34
89 12 9 29
89 12 10 30
90 5 1 85
90 5 2 84
90 5 4 84
90 5 5 92
90 5 6 90
90 5 8 85
90 5 10 88
90 5 11 83
90 6 0 85
90 6 1 95
90 6 2 98
90 6 5 85
90 6 6 95
90 6 7 99
90 6 8 89
90 6 10 97
90 8 0 85
90 8 2 95
90 8 3 98
90 8 4 85
90 8 5 95
90 8 7 99
90 8 8 89
90 8 11 97
90 10 1 92
90 10 2 91
90 10 4 91
90 10 5 99
90 10 6 97
90 10 8 92
90 10 9 95
90 10 11 90
90 14 0 90
90 14 4 89
90 14 5 89
90 14 6 97
90 14 8 95
90 14 9 90
90 14 10 93
90 14 11 88
91 5 1 18
91 5 2 19
91 5 4 17
91 5 5 19
91 5 6 18
91 5 8 19
91 5 10 16
91 5 11 17
91 8 0 19
91 8 2 20
91 8 3 18
91 8 4 20
91 8 5 19
91 8 7 20
91 8 8 17
91 8 11 18
91 9 0 17
91 9 2 18
91 9 3 16
91 9 4 18
91 9 7 17
91 9 8 18
91 9 10 15
91 9 11 16
91 12 0 19
91 12 1 20
91 12 2 18
91 12 3 20
91 12 5 19
91 12 6 20
91 12 9 17
91 12 10 18
91 13 1 18
91 13 2 19
91 13 3 17
91 13 6 19
91 13 7 18
91 13 9 19
91 13 10 16
91 13 11 17
92 2 0 18
92 2 1 19
92 2 2 17
92 2 4 19
92 2 7 18
92 2 8 19
92 2 10 16
92 2 11 17
92 6 0 19
92 6 1 20
92 6 2 18
92 6 5 20
92 6 6 19
92 6 7 20
92 6 8 17
92 6 10 18
92 7 0 17
92 7 1 18
92 7 3 16
92 7 5 18
92 7 6 17
92 7 8 18
92 7 9 15
92 7 11 16
92 8 0 19
92 8 2 20
92 8 3 18
92 8 4 20
92 8 5 19
92 8 7 20
92 8 8 17
92 8 11 18
92 10 1 18
92 10 2 19
92 10 4 17
92 10 5 19
92 10 6 18
92 10 8 19
92 10 9 16
92 10 11 17
93 5 1 43
93 5 2 36
93 5 4 42
93 5 5 38
93 5 6 42
93 5 8 41
93 5 10 44
93 5 11 44
93 10 1 40
93 10 2 41
93 10 4 38
93 10 5 42
93 10 6 39
93 10 8 41
93 10 9 36
93 10 11 37
93 11 2 40
93 11 3 41
93 11 5 38
93 11 6 42
93 11 7 39
93 11 8 41
93 11 9 36
93 11 10 37
94 1 0 51
94 1 1 50
94 1 2 50
94 1 3 58
94 1 4 56
94 1 5 55
94 1 9 58
94 1 10 49
94 2 0 50
94 2 1 49
94 2 2 49
94 2 4 57
94 2 7 55
94 2 8 54
94 2 10 57
94 2 11 48
94 9 0 50
94 9 2 49
94 9 3 49
94 9 4 57
94 9 7 55
94 9 8 54
94 9 10 57
94 9 11 48
94 10 1 57
94 10 2 62
94 10 4 56
94 10 5 63
94 10 6 61
94 10 8 56
94 10 9 59
94 10 11 57
94 11 2 56
94 11 3 55
94 11 5 55
94 11 6 63
94 11 7 61
94 11 8 60
94 11 9 63
94 11 10 54
95 1 0 49
95 1 1 48
95 1 2 48
95 1 3 56
95 1 4 54
95 1 5 53
95 1 9 56
95 1 10 47
95 2 0 44
95 2 1 43
95 2 2 43
95 2 4 41
95 2 7 49
95 2 8 44
95 2 10 47
95 2 11 42
95 5 1 45
95 5 2 44
95 5 4 44
95 5 5 42
95 5 6 50
95 5 8 45
95 5 10 48
95 5 11 43
95 10 1 46
95 10 2 45
95 10 4 45
95 10 5 43
95 10 6 51
95 10 8 46
95 10 9 49
95 10 11 44
95 14 0 50
95 14 4 49
95 14 5 49
95 14 6 57
95 14 8 55
95 14 9 54
95 14 10 57
95 14 11 48
96 2 0 89
96 2 1 88
96 2 2 88
96 2 4 96
96 2 7 94
96 2 8 89
96 2 10 92
96 2 11 87
96 5 1 95
96 5 2 88
96 5 4 94
96 5 5 90
96 5 6 94
96 5 8 93
96 5 10 96
96 5 11 87
96 8 0 88
96 8 2 87
96 8 3 87
96 8 4 95
96 8 5 93
96 8 7 88
96 8 8 91
96 8 11 86
97 2 0 96
97 2 1 89
97 2 2 95
97 2 4 91
97 2 7 95
97 2 8 94
97 2 10 97
97 2 11 88
97 4 0 95
97 4 1 88
97 4 3 94
97 4 5 90
97 4 7 94
97 4 8 93
97 4 9 96
97 4 10 87
97 9 0 95
97 9 2 88
97 9 3 94
97 9 4 90
97 9 7 94
97 9 8 93
97 9 10 96
97 9 11 87
98 2 0 29
98 2 1 28
98 2 2 28
98 2 4 30
98 2 7 28
98 2 8 27
98 2 10 30
98 2 11 27
98 3 0 28
98 3 1 27
98 3 5 27
98 3 6 29
98 3 7 27
98 3 9 26
98 3 10 29
98 3 11 26
98 6 0 28
98 6 1 27
98 6 2 27
98 6 5 29
98 6 6 27
98 6 7 26
98 6 8 29
98 6 10 26
98 9 0 30
98 9 2 29
98 9 3 29
98 9 4 31
98 9 7 29
98 9 8 28
98 9 10 31
98 9 11 28
98 13 1 28
98 13 2 27
98 13 3 27
98 13 6 29
98 13 7 27
98 13 9 26
98 13 10 29
98 13 11 26
99 4 0 67
99 4 1 74
99 4 3 66
99 4 5 68
99 4 7 62
99 4 8 71
99 4 9 72
99 4 10 63
99 8 0 78
99 8 2 79
99 8 3 74
99 8 4 82
99 8 5 75
99 8 7 80
99 8 8 69
99 8 11 71
99 9 0 66
99 9 2 73
99 9 3 65
99 9 4 67
99 9 7 61
99 9 8 70
99 9 10 71
99 9 11 62
99 13 1 68
99 13 2 75
99 13 3 67
99 13 6 69
99 13 7 63
99 13 9 72
99 13 10 73
99 13 11 64
100 0 2 55
100 0 3 54
100 0 4 54
100 0 7 62
100 0 8 60
100 0 9 59
100 0 10 62
100 0 11 53
100 2 0 61
100 2 1 68
100 2 2 60
100 2 4 62
100 2 7 56
100 2 8 65
100 2 10 66
100 2 11 57
100 4 0 54
100 4 1 53
100 4 3 53
100 4 5 61
100 4 7 59
100 4 8 58
100 4 9 61
100 4 10 52
100 8 0 62
100 8 2 69
100 8 3 61
100 8 4 63
100 8 5 57
100 8 7 66
100 8 8 67
100 8 11 58
100 14 0 60
100 14 4 67
100 14 5 59
100 14 6 61
100 14 8 55
100 14 9 64
100 14 10 65
100 14 11 56
101 2 0 11
101 2 1 12
101 2 2 10
101 2 4 12
101 2 7 11
101 2 8 12
101 2 10 9
101 2 11 10
101 3 0 12
101 3 1 13
101 3 5 11
101 3 6 13
101 3 7 12
101 3 9 13
101 3 10 10
101 3 11 11
101 10 1 10
101 10 2 9
101 10 4 9
101 10 5 11
101 10 6 9
101 10 8 11
101 10 9 11
101 10 11 11
101 13 1 12
101 13 2 13
101 13 3 11
101 13 6 13
101 13 7 12
101 13 9 13
101 13 10 10
101 13 11 11
101 14 0 11
101 14 4 12
101 14 5 10
101 14 6 12
101 14 8 11
101 14 9 12
101 14 10 9
101 14 11 10
102 4 0 40
102 4 1 41
102 4 3 38
102 4 5 42
102 4 7 39
102 4 8 41
102 4 9 36
102 4 10 37
102 5 1 43
102 5 2 36
102 5 4 42
102 5 5 38
102 5 6 42
102 5 8 41
102 5 10 44
102 5 11 44
102 12 0 38
102 12 1 39
102 12 2 36
102 12 3 40
102 12 5 37
102 12 6 39
102 12 9 34
102 12 10 35
102 13 1 40
102 13 2 39
102 13 3 39
102 13 6 37
102 13 7 45
102 13 9 40
102 13 10 43
102 13 11 38
103 2 0 50
103 2 1 49
103 2 2 49
103 2 4 57
103 2 7 55
103 2 8 54
103 2 10 57
103 2 11 48
103 4 0 49
103 4 1 48
103 4 3 48
103 4 5 56
103 4 7 54
103 4 8 53
103 4 9 56
103 4 10 47
103 6 0 49
103 6 1 48
103 6 2 48
103 6 5 56
103 6 6 54
103 6 7 53
103 6 8 56
103 6 10 47
103 9 0 57
103 9 2 56
103 9 3 56
103 9 4 64
103 9 7 62
103 9 8 61
103 9 10 64
103 9 11 55
104 1 0 16
104 1 1 17
104 1 2 15
104 1 3 17
104 1 4 16
104 1 5 17
104 1 9 14
104 1 10 15
104 8 0 17
104 8 2 18
104 8 3 16
104 8 4 18
104 8 5 17
104 8 7 18
104 8 8 15
104 8 11 16
104 9 0 15
104 9 2 16
104 9 3 14
104 9 4 16
104 9 7 15
104 9 8 16
104 9 10 13
104 9 11 14
104 11 2 17
104 11 3 18
104 11 5 16
104 11 6 18
104 11 7 17
104 11 8 18
104 11 9 15
104 11 10 16
104 13 1 16
104 13 2 17
104 13 3 15
104 13 6 17
104 13 7 16
104 13 9 17
104 13 10 14
104 13 11 15
105 5 1 34
105 5 2 35
105 5 4 32
105 5 5 36
105 5 6 33
105 5 8 35
105 5 10 30
105 5 11 31
105 6 0 34
105 6 1 35
105 6 2 32
105 6 5 36
105 6 6 33
105 6 7 35
105 6 8 30
105 6 10 31
105 10 1 33
105 10 2 34
105 10 4 31
105 10 5 35
105 10 6 32
105 10 8 34
105 10 9 29
105 10 11 30
105 14 0 28
105 14 4 27
105 14 5 27
105 14 6 29
105 14 8 27
105 14 9 26
105 14 10 29
105 14 11 26
106 1 0 23
106 1 1 22
106 1 2 22
106 1 3 24
106 1 4 22
106 1 5 21
106 1 9 24
106 1 10 21
106 2 0 22
106 2 1 21
106 2 2 21
106 2 4 23
106 2 7 21
106 2 8 20
106 2 10 23
106 2 11 20
106 10 1 22
106 10 2 21
106 10 4 21
106 10 5 23
106 10 6 21
106 10 8 20
106 10 9 23
106 10 11 20
106 11 2 19
106 11 3 20
106 11 5 18
106 11 6 20
106 11 7 19
106 11 8 20
106 11 9 17
106 11 10 18
106 13 1 23
106 13 2 22
106 13 3 22
106 13 6 24
106 13 7 22
106 13 9 21
106 13 10 24
106 13 11 21
107 1 0 43
107 1 1 36
107 1 2 42
107 1 3 38
107 1 4 42
107 1 5 41
107 1 9 44
107 1 10 44
107 10 1 40
107 10 2 41
107 10 4 38
107 10 5 42
107 10 6 39
107 10 8 41
107 10 9 36
107 10 11 37
107 12 0 40
107 12 1 41
107 12 2 38
107 12 3 42
107 12 5 39
107 12 6 41
107 12 9 36
107 12 10 37
108 0 2 98
108 0 3 103
108 0 4 93
108 0 7 105
108 0 8 99
108 0 9 92
108 0 10 103
108 0 11 102
108 2 0 90
108 2 1 89
108 2 2 89
108 2 4 97
108 2 7 95
108 2 8 90
108 2 10 93
108 2 11 88
108 7 0 97
108 7 1 102
108 7 3 92
108 7 5 104
108 7 6 98
108 7 8 91
108 7 9 102
108 7 11 101
108 14 0 99
108 14 4 104
108 14 5 94
108 14 6 106
108 14 8 100
108 14 9 93
108 14 10 104
108 14 11 103
109 3 0 37
109 3 1 38
109 3 5 35
109 3 6 39
109 3 7 36
109 3 9 38
109 3 10 33
109 3 11 34
109 5 1 38
109 5 2 39
109 5 4 36
109 5 5 40
109 5 6 37
109 5 8 39
109 5 10 34
109 5 11 35
109 7 0 35
109 7 1 36
109 7 3 33
109 7 5 37
109 7 6 34
109 7 8 36
109 7 9 31
109 7 11 32
110 1 0 30
110 1 1 29
110 1 2 29
110 1 3 31
110 1 4 29
110 1 5 28
110 1 9 31
110 1 10 28
110 8 0 29
110 8 2 28
110 8 3 28
110 8 4 30
110 8 5 28
110 8 7 27
110 8 8 30
110 8 11 27
110 9 0 29
110 9 2 28
110 9 3 28
110 9 4 30
110 9 7 28
110 9 8 27
110 9 10 30
110 9 11 27
110 14 0 33
110 14 4 33
110 14 5 32
110 14 6 27
110 14 8 28
110 14 9 30
110 14 10 31
110 14 11 29
111 7 0 85
111 7 1 84
111 7 3 84
111 7 5 92
111 7 6 90
111 7 8 85
111 7 9 88
111 7 11 83
111 9 0 91
111 9 2 84
111 9 3 90
111 9 4 86
111 9 7 90
111 9 8 89
111 9 10 92
111 9 11 83
111 10 1 85
111 10 2 95
111 10 4 98
111 10 5 85
111 10 6 95
111 10 8 99
111 10 9 89
111 10 11 97
111 11 2 93
111 11 3 86
111 11 5 92
111 11 6 88
111 11 7 92
111 11 8 91
111 11 9 94
111 11 10 85
112 6 0 27
112 6 1 26
112 6 2 26
112 6 5 28
112 6 6 26
112 6 7 25
112 6 8 28
112 6 10 25
112 7 0 26
112 7 1 25
112 7 3 25
112 7 5 27
112 7 6 25
112 7 8 24
112 7 9 27
112 7 11 24
112 8 0 26
112 8 2 25
112 8 3 25
112 8 4 27
112 8 5 25
112 8 7 24
112 8 8 27
112 8 11 24
112 9 0 28
112 9 2 27
112 9 3 27
112 9 4 29
112 9 7 27
112 9 8 26
112 9 10 29
112 9 11 26
112 13 1 26
112 13 2 25
112 13 3 25
112 13 6 27
112 13 7 25
112 13 9 24
112 13 10 27
112 13 11 24
113 6 0 53
113 6 1 52
113 6 2 52
113 6 5 60
113 6 6 58
113 6 7 57
113 6 8 60
113 6 10 51
113 7 0 52
113 7 1 51
113 7 3 51
113 7 5 59
113 7 6 57
113 7 8 56
113 7 9 59
113 7 11 50
113 9 0 52
113 9 2 51
113 9 3 51
113 9 4 59
113 9 7 57
113 9 8 56
113 9 10 59
113 9 11 50
113 10 1 61
113 10 2 68
113 10 4 60
113 10 5 62
113 10 6 56
113 10 8 65
113 10 9 66
113 10 11 57
113 14 0 57
113 14 4 62
113 14 5 56
113 14 6 63
113 14 8 61
113 14 9 56
113 14 10 59
113 14 11 57
114 2 0 78
114 2 1 79
114 2 2 74
114 2 4 82
114 2 7 75
114 2 8 80
114 2 10 69
114 2 11 71
114 6 0 79
114 6 1 80
114 6 2 75
114 6 5 83
114 6 6 76
114 6 7 81
114 6 8 70
114 6 10 72
114 9 0 74
114 9 2 75
114 9 3 70
114 9 4 78
114 9 7 71
114 9 8 76
114 9 10 65
114 9 11 67
114 11 2 82
114 11 3 83
114 11 5 78
114 11 6 86
114 11 7 79
114 11 8 84
114 11 9 73
114 11 10 75
115 4 0 95
115 4 1 88
115 4 3 94
115 4 5 90
115 4 7 94
115 4 8 93
115 4 9 96
115 4 10 87
115 13 1 88
115 13 2 81
115 13 3 87
115 13 6 83
115 13 7 87
115 13 9 86
115 13 10 89
115 13 11 80
115 14 0 94
115 14 4 87
115 14 5 93
115 14 6 89
115 14 8 93
115 14 9 92
115 14 10 95
115 14 11 86
116 1 0 85
116 1 1 84
116 1 2 84
116 1 3 92
116 1 4 90
116 1 5 85
116 1 9 88
116 1 10 83
116 2 0 85
116 2 1 95
116 2 2 98
116 2 4 85
116 2 7 95
116 2 8 99
116 2 10 89
116 2 11 97
116 6 0 85
116 6 1 95
116 6 2 98
116 6 5 85
116 6 6 95
116 6 7 99
116 6 8 89
116 6 10 97
116 9 0 92
116 9 2 91
116 9 3 91
116 9 4 99
116 9 7 97
116 9 8 92
116 9 10 95
116 9 11 90
117 3 0 35
117 3 1 36
117 3 5 33
117 3 6 37
117 3 7 34
117 3 9 36
117 3 10 31
117 3 11 32
117 8 0 36
117 8 2 37
117 8 3 34
117 8 4 38
117 8 5 35
117 8 7 37
117 8 8 32
117 8 11 33
117 9 0 33
117 9 2 34
117 9 3 31
117 9 4 35
117 9 7 32
117 9 8 34
117 9 10 29
117 9 11 30
117 11 2 37
117 11 3 38
117 11 5 35
117 11 6 39
117 11 7 36
117 11 8 38
117 11 9 33
117 11 10 34
117 13 1 34
117 13 2 35
117 13 3 32
117 13 6 36
117 13 7 33
117 13 9 35
117 13 10 30
117 13 11 31
118 0 2 16
118 0 3 17
118 0 4 15
118 0 7 17
118 0 8 16
118 0 9 17
118 0 10 14
118 0 11 15
118 6 0 17
118 6 1 18
118 6 2 16
118 6 5 18
118 6 6 17
118 6 7 18
118 6 8 15
118 6 10 16
118 11 2 15
118 11 3 16
118 11 5 14
118 11 6 16
118 11 7 15
118 11 8 16
118 11 9 13
118 11 10 14
118 14 0 17
118 14 4 18
118 14 5 16
118 14 6 18
118 14 8 17
118 14 9 18
118 14 10 15
118 14 11 16
119 0 2 12
119 0 3 13
119 0 4 11
119 0 7 13
119 0 8 12
119 0 9 13
119 0 10 10
119 0 11 11
119 2 0 13
119 2 1 14
119 2 2 12
119 2 4 14
119 2 7 13
119 2 8 14
119 2 10 11
119 2 11 12
119 6 0 11
119 6 1 12
119 6 2 10
119 6 5 12
119 6 6 11
119 6 7 12
119 6 8 9
119 6 10 10
119 12 0 13
119 12 1 14
119 12 2 12
119 12 3 14
119 12 5 13
119 12 6 14
119 12 9 11
119 12 10 12
119 14 0 12
119 14 4 13
119 14 5 11
119 14 6 13
119 14 8 12
119 14 9 13
119 14 10 10
119 14 11 11
120 3 0 23
120 3 1 22
120 3 5 22
120 3 6 24
120 3 7 22
120 3 9 21
120 3 10 24
120 3 11 21
120 7 0 22
120 7 1 21
120 7 3 21
120 7 5 23
120 7 6 21
120 7 8 20
120 7 9 23
120 7 11 20
120 10 1 22
120 10 2 21
120 10 4 21
120 10 5 23
120 10 6 21
120 10 8 20
120 10 9 23
120 10 11 20
120 12 0 24
120 12 1 23
120 12 2 23
120 12 3 25
120 12 5 23
120 12 6 22
120 12 9 25
120 12 10 22
120 14 0 22
120 14 4 21
120 14 5 21
120 14 6 23
120 14 8 21
120 14 9 20
120 14 10 23
120 14 11 20
121 4 0 85
121 4 1 95
121 4 3 98
121 4 5 85
121 4 7 95
121 4 8 99
121 4 9 89
121 4 10 97
121 7 0 96
121 7 1 89
121 7 3 95
121 7 5 91
121 7 6 95
121 7 8 94
121 7 9 97
121 7 11 88
121 9 0 96
121 9 2 89
121 9 3 95
121 9 4 91
121 9 7 95
121 9 8 94
121 9 10 97
121 9 11 88
121 11 2 91
121 11 3 90
121 11 5 90
121 11 6 98
121 11 7 96
121 11 8 91
121 11 9 94
121 11 10 89
121 12 0 89
121 12 1 88
121 12 2 88
121 12 3 96
121 12 5 94
121 12 6 89
121 12 9 92
121 12 10 87
122 1 0 17
122 1 1 18
122 1 2 16
122 1 3 18
122 1 4 17
122 1 5 18
122 1 9 15
122 1 10 16
122 8 0 18
122 8 2 19
122 8 3 17
122 8 4 19
122 8 5 18
122 8 7 19
122 8 8 16
122 8 11 17
122 13 1 16
122 13 2 17
122 13 3 15
122 13 6 17
122 13 7 16
122 13 9 17
122 13 10 14
122 13 11 15
123 0 2 28
123 0 3 27
123 0 4 27
123 0 7 29
123 0 8 27
123 0 9 26
123 0 10 29
123 0 11 26
123 4 0 27
123 4 1 26
123 4 3 26
123 4 5 28
123 4 7 26
123 4 8 25
123 4 9 28
123 4 10 25
123 11 2 27
123 11 3 26
123 11 5 26
123 11 6 28
123 11 7 26
123 11 8 25
123 11 9 28
123 11 10 25
123 13 1 29
123 13 2 28
123 13 3 28
123 13 6 30
123 13 7 28
123 13 9 27
123 13 10 30
123 13 11 27
124 4 0 89
124 4 1 82
124 4 3 88
124 4 5 84
124 4 7 88
124 4 8 87
124 4 9 90
124 4 10 81
124 9 0 90
124 9 2 83
124 9 3 89
124 9 4 85
124 9 7 89
124 9 8 88
124 9 10 91
124 9 11 82
124 12 0 81
124 12 1 82
124 12 2 77
124 12 3 85
124 12 5 78
124 12 6 83
124 12 9 72
124 12 10 74
124 13 1 93
124 13 2 86
124 13 3 92
124 13 6 88
124 13 7 92
124 13 9 91
124 13 10 94
124 13 11 85
125 0 2 65
125 0 3 72
125 0 4 64
125 0 7 66
125 0 8 60
125 0 9 69
125 0 10 70
125 0 11 61
125 2 0 76
125 2 1 77
125 2 2 72
125 2 4 80
125 2 7 73
125 2 8 78
125 2 10 67
125 2 11 69
125 10 1 64
125 10 2 71
125 10 4 63
125 10 5 65
125 10 6 59
125 10 8 68
125 10 9 69
125 10 11 60
126 0 2 49
126 0 3 48
126 0 4 48
126 0 7 56
126 0 8 54
126 0 9 53
126 0 10 56
126 0 11 47
126 1 0 44
126 1 1 43
126 1 2 43
126 1 3 41
126 1 4 49
126 1 5 44
126 1 9 47
126 1 10 42
126 4 0 45
126 4 1 44
126 4 3 44
126 4 5 42
126 4 7 50
126 4 8 45
126 4 9 48
126 4 10 43
126 6 0 46
126 6 1 45
126 6 2 45
126 6 5 43
126 6 6 51
126 6 7 46
126 6 8 49
126 6 10 44
126 11 2 50
126 11 3 49
126 11 5 49
126 11 6 57
126 11 7 55
126 11 8 54
126 11 9 57
126 11 10 48
127 3 0 93
127 3 1 86
127 3 5 92
127 3 6 88
127 3 7 92
127 3 9 91
127 3 10 94
127 3 11 85
127 4 0 92
127 4 1 85
127 4 3 91
127 4 5 87
127 4 7 91
127 4 8 90
127 4 9 93
127 4 10 84
127 11 2 92
127 11 3 85
127 11 5 91
127 11 6 87
127 11 7 91
127 11 8 90
127 11 9 93
127 11 10 84
127 12 0 87
127 12 1 86
127 12 2 86
127 12 3 94
127 12 5 92
127 12 6 87
127 12 9 90
127 12 10 85
128 0 2 46
128 0 3 45
128 0 4 45
128 0 7 43
128 0 8 51
128 0 9 46
128 0 10 49
128 0 11 44
128 5 1 45
128 5 2 44
128 5 4 44
128 5 5 42
128 5 6 50
128 5 8 45
128 5 10 48
128 5 11 43
128 14 0 45
128 14 4 44
128 14 5 44
128 14 6 42
128 14 8 50
128 14 9 45
128 14 10 48
128 14 11 43
129 4 0 11
129 4 1 12
129 4 3 10
129 4 5 12
129 4 7 11
129 4 8 12
129 4 9 9
129 4 10 10
129 6 0 12
129 6 1 13
129 6 2 11
129 6 5 13
129 6 6 12
129 6 7 13
129 6 8 10
129 6 10 11
129 8 0 10
129 8 2 9
129 8 3 9
129 8 4 11
129 8 5 9
129 8 7 11
129 8 8 11
129 8 11 11
129 9 0 12
129 9 2 13
129 9 3 11
129 9 4 13
129 9 7 12
129 9 8 13
129 9 10 10
129 9 11 11
129 11 2 11
129 11 3 12
129 11 5 10
129 11 6 12
129 11 7 11
129 11 8 12
129 11 9 9
129 11 10 10
130 0 2 80
130 0 3 81
130 0 4 76
130 0 7 84
130 0 8 77
130 0 9 82
130 0 10 71
130 0 11 73
130 9 0 81
130 9 2 82
130 9 3 77
130 9 4 85
130 9 7 78
130 9 8 83
130 9 10 72
130 9 11 74
130 11 2 76
130 11 3 77
130 11 5 72
130 11 6 80
130 11 7 73
130 11 8 78
130 11 9 67
130 11 10 69
130 13 1 88
130 13 2 81
130 13 3 87
130 13 6 83
130 13 7 87
130 13 9 86
130 13 10 89
130 13 11 80
131 0 2 18
131 0 3 19
131 0 4 17
131 0 7 19
131 0 8 18
131 0 9 19
131 0 10 16
131 0 11 17
131 6 0 19
131 6 1 20
131 6 2 18
131 6 5 20
131 6 6 19
131 6 7 20
131 6 8 17
131 6 10 18
131 7 0 17
131 7 1 18
131 7 3 16
131 7 5 18
131 7 6 17
131 7 8 18
131 7 9 15
131 7 11 16
131 9 0 19
131 9 2 20
131 9 3 18
131 9 4 20
131 9 7 19
131 9 8 20
131 9 10 17
131 9 11 18
131 12 0 18
131 12 1 19
131 12 2 17
131 12 3 19
131 12 5 18
131 12 6 19
131 12 9 16
131 12 10 17
132 6 0 53
132 6 1 52
132 6 2 52
132 6 5 60
132 6 6 58
132 6 7 57
132 6 8 60
132 6 10 51
132 7 0 52
132 7 1 51
132 7 3 51
132 7 5 59
132 7 6 57
132 7 8 56
132 7 9 59
132 7 11 50
132 10 1 52
132 10 2 51
132 10 4 51
132 10 5 59
132 10 6 57
132 10 8 56
132 10 9 59
132 10 11 50
133 0 2 52
133 0 3 51
133 0 4 51
133 0 7 59
133 0 8 57
133 0 9 56
133 0 10 59
133 0 11 50
133 1 0 51
133 1 1 50
133 1 2 50
133 1 3 58
133 1 4 56
133 1 5 55
133 1 9 58
133 1 10 49
133 4 0 51
133 4 1 50
133 4 3 50
133 4 5 58
133 4 7 56
133 4 8 55
133 4 9 58
133 4 10 49
133 12 0 60
133 12 1 67
133 12 2 59
133 12 3 61
133 12 5 55
133 12 6 64
133 12 9 65
133 12 10 56
133 14 0 57
133 14 4 56
133 14 5 56
133 14 6 64
133 14 8 62
133 14 9 61
133 14 10 64
133 14 11 55
134 1 0 17
134 1 1 18
134 1 2 16
134 1 3 18
134 1 4 17
134 1 5 18
134 1 9 15
134 1 10 16
134 2 0 18
134 2 1 19
134 2 2 17
134 2 4 19
134 2 7 18
134 2 8 19
134 2 10 16
134 2 11 17
134 5 1 16
134 5 2 17
134 5 4 15
134 5 5 17
134 5 6 16
134 5 8 17
134 5 10 14
134 5 11 15
134 8 0 18
134 8 2 19
134 8 3 17
134 8 4 19
134 8 5 18
134 8 7 19
134 8 8 16
134 8 11 17
135 0 2 36
135 0 3 37
135 0 4 34
135 0 7 38
135 0 8 35
135 0 9 37
135 0 10 32
135 0 11 33
135 5 1 37
135 5 2 38
135 5 4 35
135 5 5 39
135 5 6 36
135 5 8 38
135 5 10 33
135 5 11 34
135 12 0 34
135 12 1 35
135 12 2 32
135 12 3 36
135 12 5 33
135 12 6 35
135 12 9 30
135 12 10 31
136 1 0 78
136 1 1 79
136 1 2 74
136 1 3 82
136 1 4 75
136 1 5 80
136 1 9 69
136 1 10 71
136 3 0 79
136 3 1 80
136 3 5 75
136 3 6 83
136 3 7 76
136 3 9 81
136 3 10 70
136 3 11 72
136 11 2 74
136 11 3 75
136 11 5 70
136 11 6 78
136 11 7 71
136 11 8 76
136 11 9 65
136 11 10 67
136 14 0 82
136 14 4 83
136 14 5 78
136 14 6 86
136 14 8 79
136 14 9 84
136 14 10 73
136 14 11 75
137 0 2 50
137 0 3 49
137 0 4 49
137 0 7 57
137 0 8 55
137 0 9 54
137 0 10 57
137 0 11 48
137 7 0 49
137 7 1 48
137 7 3 48
137 7 5 56
137 7 6 54
137 7 8 53
137 7 9 56
137 7 11 47
137 12 0 49
137 12 1 48
137 12 2 48
137 12 3 56
137 12 5 54
137 12 6 53
137 12 9 56
137 12 10 47
138 5 1 55
138 5 2 54
138 5 4 54
138 5 5 62
138 5 6 60
138 5 8 59
138 5 10 62
138 5 11 53
138 6 0 54
138 6 1 53
138 6 2 53
138 6 5 61
138 6 6 59
138 6 7 58
138 6 8 61
138 6 10 52
138 8 0 54
138 8 2 53
138 8 3 53
138 8 4 61
138 8 5 59
138 8 7 58
138 8 8 61
138 8 11 52
138 9 0 63
138 9 2 70
138 9 3 62
138 9 4 64
138 9 7 58
138 9 8 67
138 9 10 68
138 9 11 59
138 11 2 61
138 11 3 68
138 11 5 60
138 11 6 62
138 11 7 56
138 11 8 65
138 11 9 66
138 11 10 57
139 1 0 57
139 1 1 62
139 1 2 56
139 1 3 63
139 1 4 61
139 1 5 56
139 1 9 59
139 1 10 57
139 2 0 66
139 2 1 73
139 2 2 65
139 2 4 67
139 2 7 61
139 2 8 70
139 2 10 71
139 2 11 62
139 4 0 57
139 4 1 56
139 4 3 56
139 4 5 64
139 4 7 62
139 4 8 61
139 4 9 64
139 4 10 55
139 8 0 60
139 8 2 67
139 8 3 59
139 8 4 61
139 8 5 55
139 8 7 64
139 8 8 65
139 8 11 56
139 14 0 53
139 14 4 52
139 14 5 52
139 14 6 60
139 14 8 58
139 14 9 57
139 14 10 60
139 14 11 51
140 7 0 88
140 7 1 87
140 7 3 87
140 7 5 95
140 7 6 93
140 7 8 88
140 7 9 91
140 7 11 86
140 9 0 94
140 9 2 87
140 9 3 93
140 9 4 89
140 9 7 93
140 9 8 92
140 9 10 95
140 9 11 86
140 12 0 87
140 12 1 86
140 12 2 86
140 12 3 94
140 12 5 92
140 12 6 87
140 12 9 90
140 12 10 85
141 0 2 92
141 0 3 85
141 0 4 91
141 0 7 87
141 0 8 91
141 0 9 90
141 0 10 93
141 0 11 84
141 2 0 91
141 2 1 84
141 2 2 90
141 2 4 86
141 2 7 90
141 2 8 89
141 2 10 92
141 2 11 83
141 6 0 91
141 6 1 84
141 6 2 90
141 6 5 86
141 6 6 90
141 6 7 89
141 6 8 92
141 6 10 83
141 8 0 86
141 8 2 85
141 8 3 85
141 8 4 93
141 8 5 91
141 8 7 86
141 8 8 89
141 8 11 84
141 13 1 85
141 13 2 95
141 13 3 98
141 13 6 85
141 13 7 95
141 13 9 99
141 13 10 89
141 13 11 97
142 1 0 89
142 1 1 88
142 1 2 88
142 1 3 96
142 1 4 94
142 1 5 89
142 1 9 92
142 1 10 87
142 2 0 95
142 2 1 88
142 2 2 94
142 2 4 90
142 2 7 94
142 2 8 93
142 2 10 96
142 2 11 87
142 10 1 88
142 10 2 87
142 10 4 87
142 10 5 95
142 10 6 93
142 10 8 88
142 10 9 91
142 10 11 86
142 13 1 85
142 13 2 95
142 13 3 98
142 13 6 85
142 13 7 95
142 13 9 99
142 13 10 89
142 13 11 97
143 5 1 34
143 5 2 35
143 5 4 32
143 5 5 36
143 5 6 33
143 5 8 35
143 5 10 30
143 5 11 31
143 11 2 35
143 11 3 36
143 11 5 33
143 11 6 37
143 11 7 34
143 11 8 36
143 11 9 31
143 11 10 32
143 13 1 32
143 13 2 33
143 13 3 30
143 13 6 34
143 13 7 31
143 13 9 33
143 13 10 28
143 13 11 29
144 2 0 64
144 2 1 71
144 2 2 63
144 2 4 65
144 2 7 59
144 2 8 68
144 2 10 69
144 2 11 60
144 5 1 75
144 5 2 76
144 5 4 71
144 5 5 79
144 5 6 72
144 5 8 77
144 5 10 66
144 5 11 68
144 6 0 63
144 6 1 70
144 6 2 62
144 6 5 64
144 6 6 58
144 6 7 67
144 6 8 68
144 6 10 59
144 8 0 65
144 8 2 72
144 8 3 64
144 8 4 66
144 8 5 60
144 8 7 69
144 8 8 70
144 8 11 61
145 7 0 96
145 7 1 89
145 7 3 95
145 7 5 91
145 7 6 95
145 7 8 94
145 7 9 97
145 7 11 88
145 10 1 89
145 10 2 82
145 10 4 88
145 10 5 84
145 10 6 88
145 10 8 87
145 10 9 90
145 10 11 81
145 11 2 95
145 11 3 88
145 11 5 94
145 11 6 90
145 11 7 94
145 11 8 93
145 11 9 96
145 11 10 87
146 0 2 66
146 0 3 73
146 0 4 65
146 0 7 67
146 0 8 61
146 0 9 70
146 0 10 71
146 0 11 62
146 9 0 77
146 9 2 78
146 9 3 73
146 9 4 81
146 9 7 74
146 9 8 79
146 9 10 68
146 9 11 70
146 10 1 65
146 10 2 72
146 10 4 64
146 10 5 66
146 10 6 60
146 10 8 69
146 10 9 70
146 10 11 61
147 2 0 40
147 2 1 41
147 2 2 38
147 2 4 42
147 2 7 39
147 2 8 41
147 2 10 36
147 2 11 37
147 8 0 43
147 8 2 36
147 8 3 42
147 8 4 38
147 8 5 42
147 8 7 41
147 8 8 44
147 8 11 44
147 13 1 38
147 13 2 39
147 13 3 36
147 13 6 40
147 13 7 37
147 13 9 39
147 13 10 34
147 13 11 35
148 3 0 88
148 3 1 81
148 3 5 87
148 3 6 83
148 3 7 87
148 3 9 86
148 3 10 89
148 3 11 80
148 9 0 89
148 9 2 82
148 9 3 88
148 9 4 84
148 9 7 88
148 9 8 87
148 9 10 90
148 9 11 81
148 12 0 80
148 12 1 81
148 12 2 76
148 12 3 84
148 12 5 77
148 12 6 82
148 12 9 71
148 12 10 73
149 1 0 63
149 1 1 70
149 1 2 62
149 1 3 64
149 1 4 58
149 1 5 67
149 1 9 68
149 1 10 59
149 4 0 74
149 4 1 75
149 4 3 70
149 4 5 78
149 4 7 71
149 4 8 76
149 4 9 65
149 4 10 67
149 5 1 62
149 5 2 69
149 5 4 61
149 5 5 63
149 5 6 57
149 5 8 66
149 5 10 67
149 5 11 58
149 10 1 64
149 10 2 71
149 10 4 63
149 10 5 65
149 10 6 59
149 10 8 68
149 10 9 69
149 10 11 60
149 14 0 57
149 14 4 56
149 14 5 56
149 14 6 64
149 14 8 62
149 14 9 61
149 14 10 64
149 14 11 55
150 1 0 89
150 1 1 82
150 1 2 88
150 1 3 84
150 1 4 88
150 1 5 87
150 1 9 90
150 1 10 81
150 8 0 90
150 8 2 83
150 8 3 89
150 8 4 85
150 8 5 89
150 8 7 88
150 8 8 91
150 8 11 82
150 13 1 81
150 13 2 82
150 13 3 77
150 13 6 85
150 13 7 78
150 13 9 83
150 13 10 72
150 13 11 74
151 0 2 19
151 0 3 20
151 0 4 18
151 0 7 20
151 0 8 19
151 0 9 20
151 0 10 17
151 0 11 18
151 4 0 22
151 4 1 21
151 4 3 21
151 4 5 19
151 4 7 22
151 4 8 22
151 4 9 20
151 4 10 20
151 5 1 18
151 5 2 19
151 5 4 17
151 5 5 19
151 5 6 18
151 5 8 19
151 5 10 16
151 5 11 17
151 6 0 22
151 6 1 21
151 6 2 21
151 6 5 19
151 6 6 22
151 6 7 22
151 6 8 20
151 6 10 20
151 9 0 19
151 9 2 20
151 9 3 18
151 9 4 20
151 9 7 19
151 9 8 20
151 9 10 17
151 9 11 18
152 2 0 42
152 2 1 41
152 2 2 41
152 2 4 39
152 2 7 47
152 2 8 42
152 2 10 45
152 2 11 40
152 4 0 37
152 4 1 38
152 4 3 35
152 4 5 39
152 4 7 36
152 4 8 38
152 4 9 33
152 4 10 34
152 5 1 41
152 5 2 40
152 5 4 40
152 5 5 38
152 5 6 46
152 5 8 41
152 5 10 44
152 5 11 39
152 9 0 39
152 9 2 40
152 9 3 37
152 9 4 41
152 9 7 38
152 9 8 40
152 9 10 35
152 9 11 36
152 11 2 41
152 11 3 40
152 11 5 40
152 11 6 38
152 11 7 46
152 11 8 41
152 11 9 44
152 11 10 39
153 3 0 85
153 3 1 95
153 3 5 98
153 3 6 85
153 3 7 95
153 3 9 99
153 3 10 89
153 3 11 97
153 7 0 90
153 7 1 83
153 7 3 89
153 7 5 85
153 7 6 89
153 7 8 88
153 7 9 91
153 7 11 82
153 12 0 96
153 12 1 89
153 12 2 95
153 12 3 91
153 12 5 95
153 12 6 94
153 12 9 97
153 12 10 88
154 2 0 42
154 2 1 41
154 2 2 41
154 2 4 39
154 2 7 47
154 2 8 42
154 2 10 45
154 2 11 40
154 3 0 41
154 3 1 40
154 3 5 40
154 3 6 38
154 3 7 46
154 3 9 41
154 3 10 44
154 3 11 39
154 7 0 41
154 7 1 40
154 7 3 40
154 7 5 38
154 7 6 46
154 7 8 41
154 7 9 44
154 7 11 39
154 12 0 43
154 12 1 36
154 12 2 42
154 12 3 38
154 12 5 42
154 12 6 41
154 12 9 44
154 12 10 44
155 0 2 63
155 0 3 70
155 0 4 62
155 0 7 64
155 0 8 58
155 0 9 67
155 0 10 68
155 0 11 59
155 3 0 74
155 3 1 75
155 3 5 70
155 3 6 78
155 3 7 71
155 3 9 76
155 3 10 65
155 3 11 67
155 13 1 62
155 13 2 69
155 13 3 61
155 13 6 63
155 13 7 57
155 13 9 66
155 13 10 67
155 13 11 58
156 2 0 61
156 2 1 68
156 2 2 60
156 2 4 62
156 2 7 56
156 2 8 65
156 2 10 66
156 2 11 57
156 3 0 68
156 3 1 75
156 3 5 67
156 3 6 69
156 3 7 63
156 3 9 72
156 3 10 73
156 3 11 64
156 4 0 60
156 4 1 67
156 4 3 59
156 4 5 61
156 4 7 55
156 4 8 64
156 4 9 65
156 4 10 56
156 7 0 62
156 7 1 69
156 7 3 61
156 7 5 63
156 7 6 57
156 7 8 66
156 7 9 67
156 7 11 58
156 11 2 55
156 11 3 54
156 11 5 54
156 11 6 62
156 11 7 60
156 11 8 59
156 11 9 62
156 11 10 53
157 1 0 89
157 1 1 88
157 1 2 88
157 1 3 96
157 1 4 94
157 1 5 89
157 1 9 92
157 1 10 87
157 2 0 95
157 2 1 88
157 2 2 94
157 2 4 90
157 2 7 94
157 2 8 93
157 2 10 96
157 2 11 87
157 7 0 88
157 7 1 87
157 7 3 87
157 7 5 95
157 7 6 93
157 7 8 88
157 7 9 91
157 7 11 86
157 10 1 85
157 10 2 95
157 10 4 98
157 10 5 85
157 10 6 95
157 10 8 99
157 10 9 89
157 10 11 97
157 11 2 88
157 11 3 87
157 11 5 87
157 11 6 95
157 11 7 93
157 11 8 88
157 11 9 91
157 11 10 86
158 0 2 85
158 0 3 95
158 0 4 98
158 0 7 85
158 0 8 95
158 0 9 99
158 0 10 89
158 0 11 97
158 2 0 96
158 2 1 89
158 2 2 95
158 2 4 91
158 2 7 95
158 2 8 94
158 2 10 97
158 2 11 88
158 7 0 96
158 7 1 89
158 7 3 95
158 7 5 91
158 7 6 95
158 7 8 94
158 7 9 97
158 7 11 88
158 8 0 91
158 8 2 90
158 8 3 90
158 8 4 98
158 8 5 96
158 8 7 91
158 8 8 94
158 8 11 89
158 9 0 89
158 9 2 88
158 9 3 88
158 9 4 96
158 9 7 94
158 9 8 89
158 9 10 92
158 9 11 87
159 0 2 96
159 0 3 89
159 0 4 95
159 0 7 91
159 0 8 95
159 0 9 94
159 0 10 97
159 0 11 88
159 1 0 95
159 1 1 88
159 1 2 94
159 1 3 90
159 1 4 94
159 1 5 93
159 1 9 96
159 1 10 87
159 8 0 95
159 8 2 88
159 8 3 94
159 8 4 90
159 8 5 94
159 8 7 93
159 8 8 96
159 8 11 87
160 0 2 25
160 0 3 24
160 0 4 24
160 0 7 26
160 0 8 24
160 0 9 23
160 0 10 26
160 0 11 23
160 2 0 24
160 2 1 23
160 2 2 23
160 2 4 25
160 2 7 23
160 2 8 22
160 2 10 25
160 2 11 22
160 8 0 24
160 8 2 23
160 8 3 23
160 8 4 25
160 8 5 23
160 8 7 22
160 8 8 25
160 8 11 22
160 9 0 26
160 9 2 25
160 9 3 25
160 9 4 27
160 9 7 25
160 9 8 24
160 9 10 27
160 9 11 24
160 13 1 24
160 13 2 23
160 13 3 23
160 13 6 25
160 13 7 23
160 13 9 22
160 13 10 25
160 13 11 22
161 7 0 80
161 7 1 81
161 7 3 76
161 7 5 84
161 7 6 77
161 7 8 82
161 7 9 71
161 7 11 73
161 9 0 81
161 9 2 82
161 9 3 77
161 9 4 85
161 9 7 78
161 9 8 83
161 9 10 72
161 9 11 74
161 10 1 76
161 10 2 77
161 10 4 72
161 10 5 80
161 10 6 73
161 10 8 78
161 10 9 67
161 10 11 69
161 14 0 88
161 14 4 81
161 14 5 87
161 14 6 83
161 14 8 87
161 14 9 86
161 14 10 89
161 14 11 80
162 3 0 67
162 3 1 74
162 3 5 66
162 3 6 68
162 3 7 62
162 3 9 71
162 3 10 72
162 3 11 63
162 4 0 78
162 4 1 79
162 4 3 74
162 4 5 82
162 4 7 75
162 4 8 80
162 4 9 69
162 4 10 71
162 6 0 66
162 6 1 73
162 6 2 65
162 6 5 67
162 6 6 61
162 6 7 70
162 6 8 71
162 6 10 62
162 10 1 68
162 10 2 75
162 10 4 67
162 10 5 69
162 10 6 63
162 10 8 72
162 10 9 73
162 10 11 64
163 5 1 80
163 5 2 81
163 5 4 76
163 5 5 84
163 5 6 77
163 5 8 82
163 5 10 71
163 5 11 73
163 8 0 81
163 8 2 82
163 8 3 77
163 8 4 85
163 8 5 78
163 8 7 83
163 8 8 72
163 8 11 74
163 10 1 76
163 10 2 77
163 10 4 72
163 10 5 80
163 10 6 73
163 10 8 78
163 10 9 67
163 10 11 69
163 11 2 88
163 11 3 81
163 11 5 87
163 11 6 83
163 11 7 87
163 11 8 86
163 11 9 89
163 11 10 80
163 12 0 77
163 12 1 78
163 12 2 73
163 12 3 81
163 12 5 74
163 12 6 79
163 12 9 68
163 12 10 70
164 0 2 15
164 0 3 16
164 0 4 14
164 0 7 16
164 0 8 15
164 0 9 16
164 0 10 13
164 0 11 14
164 10 1 16
164 10 2 17
164 10 4 15
164 10 5 17
164 10 6 16
164 10 8 17
164 10 9 14
164 10 11 15
164 13 1 14
164 13 2 15
164 13 3 13
164 13 6 15
164 13 7 14
164 13 9 15
164 13 10 12
164 13 11 13
165 0 2 60
165 0 3 67
165 0 4 59
165 0 7 61
165 0 8 55
165 0 9 64
165 0 10 65
165 0 11 56
165 1 0 67
165 1 1 74
165 1 2 66
165 1 3 68
165 1 4 62
165 1 5 71
165 1 9 72
165 1 10 63
165 3 0 57
165 3 1 62
165 3 5 56
165 3 6 63
165 3 7 61
165 3 9 56
165 3 10 59
165 3 11 57
165 6 0 61
165 6 1 68
165 6 2 60
165 6 5 62
165 6 6 56
165 6 7 65
165 6 8 66
165 6 10 57
165 12 0 54
165 12 1 53
165 12 2 53
165 12 3 61
165 12 5 59
165 12 6 58
165 12 9 61
165 12 10 52
166 4 0 92
166 4 1 85
166 4 3 91
166 4 5 87
166 4 7 91
166 4 8 90
166 4 9 93
166 4 10 84
166 5 1 91
166 5 2 84
166 5 4 90
166 5 5 86
166 5 6 90
166 5 8 89
166 5 10 92
166 5 11 83
166 7 0 91
166 7 1 84
166 7 3 90
166 7 5 86
166 7 6 90
166 7 8 89
166 7 9 92
166 7 11 83
167 0 2 92
167 0 3 85
167 0 4 91
167 0 7 87
167 0 8 91
167 0 9 90
167 0 10 93
167 0 11 84
167 4 0 91
167 4 1 84
167 4 3 90
167 4 5 86
167 4 7 90
167 4 8 89
167 4 9 92
167 4 10 83
167 6 0 91
167 6 1 84
167 6 2 90
167 6 5 86
167 6 6 90
167 6 7 89
167 6 8 92
167 6 10 83
167 8 0 86
167 8 2 85
167 8 3 85
167 8 4 93
167 8 5 91
167 8 7 86
167 8 8 89
167 8 11 84
167 12 0 85
167 12 1 95
167 12 2 98
167 12 3 85
167 12 5 95
167 12 6 99
167 12 9 89
167 12 10 97
168 2 0 53
168 2 1 52
168 2 2 52
168 2 4 60
168 2 7 58
168 2 8 57
168 2 10 60
168 2 11 51
168 5 1 52
168 5 2 51
168 5 4 51
168 5 5 59
168 5 6 57
168 5 8 56
168 5 10 59
168 5 11 50
168 9 0 52
168 9 2 51
168 9 3 51
168 9 4 59
168 9 7 57
168 9 8 56
168 9 10 59
168 9 11 50
168 11 2 61
168 11 3 68
168 11 5 60
168 11 6 62
168 11 7 56
168 11 8 65
168 11 9 66
168 11 10 57
169 2 0 30
169 2 1 29
169 2 2 29
169 2 4 31
169 2 7 29
169 2 8 28
169 2 10 31
169 2 11 28
169 7 0 29
169 7 1 28
169 7 3 28
169 7 5 30
169 7 6 28
169 7 8 27
169 7 9 30
169 7 11 27
169 8 0 29
169 8 2 28
169 8 3 28
169 8 4 30
169 8 5 28
169 8 7 27
169 8 8 30
169 8 11 27
169 13 1 33
169 13 2 33
169 13 3 32
169 13 6 27
169 13 7 28
169 13 9 30
169 13 10 31
169 13 11 29
170 1 0 54
170 1 1 53
170 1 2 53
170 1 3 61
170 1 4 59
170 1 5 58
170 1 9 61
170 1 10 52
170 2 0 53
170 2 1 52
170 2 2 52
170 2 4 60
170 2 7 58
170 2 8 57
170 2 10 60
170 2 11 51
170 3 0 53
170 3 1 52
170 3 5 52
170 3 6 60
170 3 7 58
170 3 9 57
170 3 10 60
170 3 11 51
170 4 0 62
170 4 1 69
170 4 3 61
170 4 5 63
170 4 7 57
170 4 8 66
170 4 9 67
170 4 10 58
170 13 1 60
170 13 2 67
170 13 3 59
170 13 6 61
170 13 7 55
170 13 9 64
170 13 10 65
170 13 11 56
171 4 0 29
171 4 1 28
171 4 3 28
171 4 5 30
171 4 7 28
171 4 8 27
171 4 9 30
171 4 10 27
171 5 1 28
171 5 2 27
171 5 4 27
171 5 5 29
171 5 6 27
171 5 8 26
171 5 10 29
171 5 11 26
171 8 0 28
171 8 2 27
171 8 3 27
171 8 4 29
171 8 5 27
171 8 7 26
171 8 8 29
171 8 11 26
172 4 0 42
172 4 1 41
172 4 3 41
172 4 5 39
172 4 7 47
172 4 8 42
172 4 9 45
172 4 10 40
172 7 0 41
172 7 1 40
172 7 3 40
172 7 5 38
172 7 6 46
172 7 8 41
172 7 9 44
172 7 11 39
172 9 0 41
172 9 2 40
172 9 3 40
172 9 4 38
172 9 7 46
172 9 8 41
172 9 10 44
172 9 11 39
173 5 1 79
173 5 2 80
173 5 4 75
173 5 5 83
173 5 6 76
173 5 8 81
173 5 10 70
173 5 11 72
173 6 0 80
173 6 1 81
173 6 2 76
173 6 5 84
173 6 6 77
173 6 7 82
173 6 8 71
173 6 10 73
173 7 0 75
173 7 1 76
173 7 3 71
173 7 5 79
173 7 6 72
173 7 8 77
173 7 9 66
173 7 11 68
174 5 1 79
174 5 2 80
174 5 4 75
174 5 5 83
174 5 6 76
174 5 8 81
174 5 10 70
174 5 11 72
174 11 2 80
174 11 3 81
174 11 5 76
174 11 6 84
174 11 7 77
174 11 8 82
174 11 9 71
174 11 10 73
174 14 0 75
174 14 4 76
174 14 5 71
174 14 6 79
174 14 8 72
174 14 9 77
174 14 10 66
174 14 11 68
175 1 0 85
175 1 1 95
175 1 2 98
175 1 3 85
175 1 4 95
175 1 5 99
175 1 9 89
175 1 10 97
175 6 0 90
175 6 1 83
175 6 2 89
175 6 5 85
175 6 6 89
175 6 7 88
175 6 8 91
175 6 10 82
175 7 0 96
175 7 1 89
175 7 3 95
175 7 5 91
175 7 6 95
175 7 8 94
175 7 9 97
175 7 11 88
175 10 1 92
175 10 2 85
175 10 4 91
175 10 5 87
175 10 6 91
175 10 8 90
175 10 9 93
175 10 11 84
176 1 0 89
176 1 1 82
176 1 2 88
176 1 3 84
176 1 4 88
176 1 5 87
176 1 9 90
176 1 10 81
176 5 1 90
176 5 2 83
176 5 4 89
176 5 5 85
176 5 6 89
176 5 8 88
176 5 10 91
176 5 11 82
176 6 0 81
176 6 1 82
176 6 2 77
176 6 5 85
176 6 6 78
176 6 7 83
176 6 8 72
176 6 10 74
176 13 1 93
176 13 2 86
176 13 3 92
176 13 6 88
176 13 7 92
176 13 9 91
176 13 10 94
176 13 11 85
177 0 2 89
177 0 3 88
177 0 4 88
177 0 7 96
177 0 8 94
177 0 9 89
177 0 10 92
177 0 11 87
177 1 0 95
177 1 1 88
177 1 2 94
177 1 3 90
177 1 4 94
177 1 5 93
177 1 9 96
177 1 10 87
177 2 0 88
177 2 1 87
177 2 2 87
177 2 4 95
177 2 7 93
177 2 8 88
177 2 10 91
177 2 11 86
177 8 0 85
177 8 2 95
177 8 3 98
177 8 4 85
177 8 5 95
177 8 7 99
177 8 8 89
177 8 11 97
177 10 1 88
177 10 2 87
177 10 4 87
177 10 5 95
177 10 6 93
177 10 8 88
177 10 9 91
177 10 11 86
178 6 0 55
178 6 1 54
178 6 2 54
178 6 5 62
178 6 6 60
178 6 7 59
178 6 8 62
178 6 10 53
178 9 0 61
178 9 2 68
178 9 3 60
178 9 4 62
178 9 7 56
178 9 8 65
178 9 10 66
178 9 11 57
178 12 0 54
178 12 1 53
178 12 2 53
178 12 3 61
178 12 5 59
178 12 6 58
178 12 9 61
178 12 10 52
178 14 0 62
178 14 4 69
178 14 5 61
178 14 6 63
178 14 8 57
178 14 9 66
178 14 10 67
178 14 11 58
179 1 0 96
179 1 1 89
179 1 2 95
179 1 3 91
179 1 4 95
179 1 5 94
179 1 9 97
179 1 10 88
179 5 1 89
179 5 2 82
179 5 4 88
179 5 5 84
179 5 6 88
179 5 8 87
179 5 10 90
179 5 11 81
179 11 2 95
179 11 3 88
179 11 5 94
179 11 6 90
179 11 7 94
179 11 8 93
179 11 9 96
179 11 10 87
180 4 0 16
180 4 1 17
180 4 3 15
180 4 5 17
180 4 7 16
180 4 8 17
180 4 9 14
180 4 10 15
180 5 1 17
180 5 2 18
180 5 4 16
180 5 5 18
180 5 6 17
180 5 8 18
180 5 10 15
180 5 11 16
180 12 0 15
180 12 1 16
180 12 2 14
180 12 3 16
180 12 5 15
180 12 6 16
180 12 9 13
180 12 10 14
180 13 1 17
180 13 2 18
180 13 3 16
180 13 6 18
180 13 7 17
180 13 9 18
180 13 10 15
180 13 11 16
181 2 0 23
181 2 1 22
181 2 2 22
181 2 4 24
181 2 7 22
181 2 8 21
181 2 10 24
181 2 11 21
181 4 0 22
181 4 1 21
181 4 3 21
181 4 5 23
181 4 7 21
181 4 8 20
181 4 9 23
181 4 10 20
181 5 1 22
181 5 2 21
181 5 4 21
181 5 5 23
181 5 6 21
181 5 8 20
181 5 10 23
181 5 11 20
181 7 0 19
181 7 1 20
181 7 3 18
181 7 5 20
181 7 6 19
181 7 8 20
181 7 9 17
181 7 11 18
182 5 1 89
182 5 2 88
182 5 4 88
182 5 5 96
182 5 6 94
182 5 8 89
182 5 10 92
182 5 11 87
182 7 0 95
182 7 1 88
182 7 3 94
182 7 5 90
182 7 6 94
182 7 8 93
182 7 9 96
182 7 11 87
182 12 0 88
182 12 1 87
182 12 2 87
182 12 3 95
182 12 5 93
182 12 6 88
182 12 9 91
182 12 10 86
182 14 0 85
182 14 4 95
182 14 5 98
182 14 6 85
182 14 8 95
182 14 9 99
182 14 10 89
182 14 11 97
183 5 1 93
183 5 2 86
183 5 4 92
183 5 5 88
183 5 6 92
183 5 8 91
183 5 10 94
183 5 11 85
183 7 0 92
183 7 1 85
183 7 3 91
183 7 5 87
183 7 6 91
183 7 8 90
183 7 9 93
183 7 11 84
183 9 0 92
183 9 2 85
183 9 3 91
183 9 4 87
183 9 7 91
183 9 8 90
183 9 10 93
183 9 11 84
184 5 1 44
184 5 2 43
184 5 4 43
184 5 5 41
184 5 6 49
184 5 8 44
184 5 10 47
184 5 11 42
184 9 0 43
184 9 2 42
184 9 3 42
184 9 4 40
184 9 7 48
184 9 8 43
184 9 10 46
184 9 11 41
184 13 1 43
184 13 2 42
184 13 3 42
184 13 6 40
184 13 7 48
184 13 9 43
184 13 10 46
184 13 11 41
185 1 0 66
185 1 1 73
185 1 2 65
185 1 3 67
185 1 4 61
185 1 5 70
185 1 9 71
185 1 10 62
185 9 0 77
185 9 2 78
185 9 3 73
185 9 4 81
185 9 7 74
185 9 8 79
185 9 10 68
185 9 11 70
185 11 2 65
185 11 3 72
185 11 5 64
185 11 6 66
185 11 7 60
185 11 8 69
185 11 9 70
185 11 10 61
185 12 0 67
185 12 1 74
185 12 2 66
185 12 3 68
185 12 5 62
185 12 6 71
185 12 9 72
185 12 10 63
186 0 2 12
186 0 3 13
186 0 4 11
186 0 7 13
186 0 8 12
186 0 9 13
186 0 10 10
186 0 11 11
186 4 0 13
186 4 1 14
186 4 3 12
186 4 5 14
186 4 7 13
186 4 8 14
186 4 9 11
186 4 10 12
186 13 1 11
186 13 2 12
186 13 3 10
186 13 6 12
186 13 7 11
186 13 9 12
186 13 10 9
186 13 11 10
186 14 0 13
186 14 4 14
186 14 5 12
186 14 6 14
186 14 8 13
186 14 9 14
186 14 10 11
186 14 11 12
187 0 2 86
187 0 3 85
187 0 4 85
187 0 7 93
187 0 8 91
187 0 9 86
187 0 10 89
187 0 11 84
187 2 0 92
187 2 1 85
187 2 2 91
187 2 4 87
187 2 7 91
187 2 8 90
187 2 10 93
187 2 11 84
187 3 0 85
187 3 1 84
187 3 5 84
187 3 6 92
187 3 7 90
187 3 9 85
187 3 10 88
187 3 11 83
187 4 0 94
187 4 1 87
187 4 3 93
187 4 5 89
187 4 7 93
187 4 8 92
187 4 9 95
187 4 10 86
188 0 2 26
188 0 3 25
188 0 4 25
188 0 7 27
188 0 8 25
188 0 9 24
188 0 10 27
188 0 11 24
188 4 0 25
188 4 1 24
188 4 3 24
188 4 5 26
188 4 7 24
188 4 8 23
188 4 9 26
188 4 10 23
188 6 0 25
188 6 1 24
188 6 2 24
188 6 5 26
188 6 6 24
188 6 7 23
188 6 8 26
188 6 10 23
188 10 1 27
188 10 2 26
188 10 4 26
188 10 5 28
188 10 6 26
188 10 8 25
188 10 9 28
188 10 11 25
189 3 0 95
189 3 1 88
189 3 5 94
189 3 6 90
189 3 7 94
189 3 9 93
189 3 10 96
189 3 11 87
189 4 0 94
189 4 1 87
189 4 3 93
189 4 5 89
189 4 7 93
189 4 8 92
189 4 9 95
189 4 10 86
189 6 0 94
189 6 1 87
189 6 2 93
189 6 5 89
189 6 6 93
189 6 7 92
189 6 8 95
189 6 10 86
189 9 0 89
189 9 2 88
189 9 3 88
189 9 4 96
189 9 7 94
189 9 8 89
189 9 10 92
189 9 11 87
189 13 1 87
189 13 2 86
189 13 3 86
189 13 6 94
189 13 7 92
189 13 9 87
189 13 10 90
189 13 11 85
190 0 2 45
190 0 3 44
190 0 4 44
190 0 7 42
190 0 8 50
190 0 9 45
190 0 10 48
190 0 11 43
190 6 0 44
190 6 1 43
190 6 2 43
190 6 5 41
190 6 6 49
190 6 7 44
190 6 8 47
190 6 10 42
190 8 0 44
190 8 2 43
190 8 3 43
190 8 4 41
190 8 5 49
190 8 7 44
190 8 8 47
190 8 11 42
191 4 0 93
191 4 1 86
191 4 3 92
191 4 5 88
191 4 7 92
191 4 8 91
191 4 9 94
191 4 10 85
191 7 0 92
191 7 1 85
191 7 3 91
191 7 5 87
191 7 6 91
191 7 8 90
191 7 9 93
191 7 11 84
191 9 0 92
191 9 2 85
191 9 3 91
191 9 4 87
191 9 7 91
191 9 8 90
191 9 10 93
191 9 11 84
191 14 0 87
191 14 4 86
191 14 5 86
191 14 6 94
191 14 8 92
191 14 9 87
191 14 10 90
191 14 11 85
192 2 0 45
192 2 1 44
192 2 2 44
192 2 4 42
192 2 7 50
192 2 8 45
192 2 10 48
192 2 11 43
192 4 0 44
192 4 1 43
192 4 3 43
192 4 5 41
192 4 7 49
192 4 8 44
192 4 9 47
192 4 10 42
192 6 0 44
192 6 1 43
192 6 2 43
192 6 5 41
192 6 6 49
192 6 7 44
192 6 8 47
192 6 10 42
192 12 0 42
192 12 1 41
192 12 2 41
192 12 3 39
192 12 5 47
192 12 6 42
192 12 9 45
192 12 10 40
192 13 1 49
192 13 2 48
192 13 3 48
192 13 6 56
192 13 7 54
192 13 9 53
192 13 10 56
192 13 11 47
193 8 0 87
193 8 2 86
193 8 3 86
193 8 4 94
193 8 5 92
193 8 7 87
193 8 8 90
193 8 11 85
193 9 0 86
193 9 2 85
193 9 3 85
193 9 4 93
193 9 7 91
193 9 8 86
193 9 10 89
193 9 11 84
193 14 0 86
193 14 4 85
193 14 5 85
193 14 6 93
193 14 8 91
193 14 9 86
193 14 10 89
193 14 11 84
194 0 2 54
194 0 3 53
194 0 4 53
194 0 7 61
194 0 8 59
194 0 9 58
194 0 10 61
194 0 11 52
194 4 0 53
194 4 1 52
194 4 3 52
194 4 5 60
194 4 7 58
194 4 8 57
194 4 9 60
194 4 10 51
194 8 0 53
194 8 2 52
194 8 3 52
194 8 4 60
194 8 5 58
194 8 7 57
194 8 8 60
194 8 11 51
194 14 0 62
194 14 4 69
194 14 5 61
194 14 6 63
194 14 8 57
194 14 9 66
194 14 10 67
194 14 11 58
195 4 0 95
195 4 1 88
195 4 3 94
195 4 5 90
195 4 7 94
195 4 8 93
195 4 9 96
195 4 10 87
195 7 0 88
195 7 1 81
195 7 3 87
195 7 5 83
195 7 6 87
195 7 8 86
195 7 9 89
195 7 11 80
195 9 0 94
195 9 2 87
195 9 3 93
195 9 4 89
195 9 7 93
195 9 8 92
195 9 10 95
195 9 11 86
195 12 0 90
195 12 1 83
195 12 2 89
195 12 3 85
195 12 5 89
195 12 6 88
195 12 9 91
195 12 10 82
196 7 0 65
196 7 1 72
196 7 3 64
196 7 5 66
196 7 6 60
196 7 8 69
196 7 9 70
196 7 11 61
196 8 0 76
196 8 2 77
196 8 3 72
196 8 4 80
196 8 5 73
196 8 7 78
196 8 8 67
196 8 11 69
196 10 1 64
196 10 2 71
196 10 4 63
196 10 5 65
196 10 6 59
196 10 8 68
196 10 9 69
196 10 11 60
196 11 2 66
196 11 3 73
196 11 5 65
196 11 6 67
196 11 7 61
196 11 8 70
196 11 9 71
196 11 10 62
197 2 0 98
197 2 1 103
197 2 2 93
197 2 4 105
197 2 7 99
197 2 8 92
197 2 10 103
197 2 11 102
197 3 0 90
197 3 1 89
197 3 5 89
197 3 6 97
197 3 7 95
197 3 9 90
197 3 10 93
197 3 11 88
197 5 1 97
197 5 2 102
197 5 4 92
197 5 5 104
197 5 6 98
197 5 8 91
197 5 10 102
197 5 11 101
198 2 0 50
198 2 1 49
198 2 2 49
198 2 4 57
198 2 7 55
198 2 8 54
198 2 10 57
198 2 11 48
198 4 0 49
198 4 1 48
198 4 3 48
198 4 5 56
198 4 7 54
198 4 8 53
198 4 9 56
198 4 10 47
198 8 0 49
198 8 2 48
198 8 3 48
198 8 4 56
198 8 5 54
198 8 7 53
198 8 8 56
198 8 11 47
199 6 0 17
199 6 1 18
199 6 2 16
199 6 5 18
199 6 6 17
199 6 7 18
199 6 8 15
199 6 10 16
199 7 0 18
199 7 1 19
199 7 3 17
199 7 5 19
199 7 6 18
199 7 8 19
199 7 9 16
199 7 11 17
199 13 1 16
199 13 2 17
199 13 3 15
199 13 6 17
199 13 7 16
199 13 9 17
199 13 10 14
199 13 11 15
200 0 2 17
200 0 3 18
200 0 4 16
200 0 7 18
200 0 8 17
200 0 9 18
200 0 10 15
200 0 11 16
200 4 0 18
200 4 1 19
200 4 3 17
200 4 5 19
200 4 7 18
200 4 8 19
200 4 9 16
200 4 10 17
200 8 0 16
200 8 2 17
200 8 3 15
200 8 4 17
200 8 5 16
200 8 7 17
200 8 8 14
200 8 11 15
200 10 1 18
200 10 2 19
200 10 4 17
200 10 5 19
200 10 6 18
200 10 8 19
200 10 9 16
200 10 11 17
200 12 0 17
200 12 1 18
200 12 2 16
200 12 3 18
200 12 5 17
200 12 6 18
200 12 9 15
200 12 10 16
201 0 2 42
201 0 3 41
201 0 4 41
201 0 7 39
201 0 8 47
201 0 9 42
201 0 10 45
201 0 11 40
201 7 0 37
201 7 1 38
201 7 3 35
201 7 5 39
201 7 6 36
201 7 8 38
201 7 9 33
201 7 11 34
201 11 2 41
201 11 3 40
201 11 5 40
201 11 6 38
201 11 7 46
201 11 8 41
201 11 9 44
201 11 10 39
201 13 1 39
201 13 2 40
201 13 3 37
201 13 6 41
201 13 7 38
201 13 9 40
201 13 10 35
201 13 11 36
202 0 2 87
202 0 3 86
202 0 4 86
202 0 7 94
202 0 8 92
202 0 9 87
202 0 10 90
202 0 11 85
202 3 0 93
202 3 1 86
202 3 5 92
202 3 6 88
202 3 7 92
202 3 9 91
202 3 10 94
202 3 11 85
202 14 0 86
202 14 4 85
202 14 5 85
202 14 6 93
202 14 8 91
202 14 9 86
202 14 10 89
202 14 11 84
203 2 0 63
203 2 1 70
203 2 2 62
203 2 4 64
203 2 7 58
203 2 8 67
203 2 10 68
203 2 11 59
203 7 0 74
203 7 1 75
203 7 3 70
203 7 5 78
203 7 6 71
203 7 8 76
203 7 9 65
203 7 11 67
203 9 0 62
203 9 2 69
203 9 3 61
203 9 4 63
203 9 7 57
203 9 8 66
203 9 10 67
203 9 11 58
203 10 1 64
203 10 2 71
203 10 4 63
203 10 5 65
203 10 6 59
203 10 8 68
203 10 9 69
203 10 11 60
203 14 0 57
203 14 4 56
203 14 5 56
203 14 6 64
203 14 8 62
203 14 9 61
203 14 10 64
203 14 11 55
204 2 0 46
204 2 1 45
204 2 2 45
204 2 4 43
204 2 7 51
204 2 8 46
204 2 10 49
204 2 11 44
204 6 0 45
204 6 1 44
204 6 2 44
204 6 5 42
204 6 6 50
204 6 7 45
204 6 8 48
204 6 10 43
204 7 0 45
204 7 1 44
204 7 3 44
204 7 5 42
204 7 6 50
204 7 8 45
204 7 9 48
204 7 11 43
205 4 0 77
205 4 1 78
205 4 3 73
205 4 5 81
205 4 7 74
205 4 8 79
205 4 9 68
205 4 10 70
205 6 0 78
205 6 1 79
205 6 2 74
205 6 5 82
205 6 6 75
205 6 7 80
205 6 8 69
205 6 10 71
205 14 0 67
205 14 4 66
205 14 5 66
205 14 6 74
205 14 8 72
205 14 9 77
205 14 10 65
205 14 11 65
206 12 0 96
206 12 1 89
206 12 2 95
206 12 3 91
206 12 5 95
206 12 6 94
206 12 9 97
206 12 10 88
206 13 1 89
206 13 2 82
206 13 3 88
206 13 6 84
206 13 7 88
206 13 9 87
206 13 10 90
206 13 11 81
206 14 0 95
206 14 4 88
206 14 5 94
206 14 6 90
206 14 8 94
206 14 9 93
206 14 10 96
206 14 11 87
207 0 2 34
207 0 3 35
207 0 4 32
207 0 7 36
207 0 8 33
207 0 9 35
207 0 10 30
207 0 11 31
207 2 0 35
207 2 1 36
207 2 2 33
207 2 4 37
207 2 7 34
207 2 8 36
207 2 10 31
207 2 11 32
207 3 0 32
207 3 1 33
207 3 5 30
207 3 6 34
207 3 7 31
207 3 9 33
207 3 10 28
207 3 11 29
208 4 0 35
208 4 1 36
208 4 3 33
208 4 5 37
208 4 7 34
208 4 8 36
208 4 9 31
208 4 10 32
208 8 0 36
208 8 2 37
208 8 3 34
208 8 4 38
208 8 5 35
208 8 7 37
208 8 8 32
208 8 11 33
208 11 2 33
208 11 3 34
208 11 5 31
208 11 6 35
208 11 7 32
208 11 8 34
208 11 9 29
208 11 10 30
209 3 0 11
209 3 1 12
209 3 5 10
209 3 6 12
209 3 7 11
209 3 9 12
209 3 10 9
209 3 11 10
209 6 0 12
209 6 1 13
209 6 2 11
209 6 5 13
209 6 6 12
209 6 7 13
209 6 8 10
209 6 10 11
209 9 0 10
209 9 2 9
209 9 3 9
209 9 4 11
209 9 7 9
209 9 8 11
209 9 10 11
209 9 11 11
209 12 0 12
209 12 1 13
209 12 2 11
209 12 3 13
209 12 5 12
209 12 6 13
209 12 9 10
209 12 10 11
210 2 0 33
210 2 1 34
210 2 2 31
210 2 4 35
210 2 7 32
210 2 8 34
210 2 10 29
210 2 11 30
210 3 0 34
210 3 1 35
210 3 5 32
210 3 6 36
210 3 7 33
210 3 9 35
210 3 10 30
210 3 11 31
210 7 0 33
210 7 1 33
210 7 3 32
210 7 5 27
210 7 6 28
210 7 8 30
210 7 9 31
210 7 11 29
210 11 2 35
210 11 3 36
210 11 5 33
210 11 6 37
210 11 7 34
210 11 8 36
210 11 9 31
210 11 10 32
211 1 0 24
211 1 1 23
211 1 2 23
211 1 3 25
211 1 4 23
211 1 5 22
211 1 9 25
211 1 10 22
211 5 1 23
211 5 2 22
211 5 4 22
211 5 5 24
211 5 6 22
211 5 8 21
211 5 10 24
211 5 11 21
211 14 0 23
211 14 4 22
211 14 5 22
211 14 6 24
211 14 8 22
211 14 9 21
211 14 10 24
211 14 11 21
212 4 0 40
212 4 1 41
212 4 3 38
212 4 5 42
212 4 7 39
212 4 8 41
212 4 9 36
212 4 10 37
212 7 0 43
212 7 1 36
212 7 3 42
212 7 5 38
212 7 6 42
212 7 8 41
212 7 9 44
212 7 11 44
212 11 2 38
212 11 3 39
212 11 5 36
212 11 6 40
212 11 7 37
212 11 8 39
212 11 9 34
212 11 10 35
212 12 0 40
212 12 1 39
212 12 2 39
212 12 3 37
212 12 5 45
212 12 6 40
212 12 9 43
212 12 10 38
213 6 0 44
213 6 1 43
213 6 2 43
213 6 5 41
213 6 6 49
213 6 7 44
213 6 8 47
213 6 10 42
213 10 1 43
213 10 2 42
213 10 4 42
213 10 5 40
213 10 6 48
213 10 8 43
213 10 9 46
213 10 11 41
213 13 1 43
213 13 2 42
213 13 3 42
213 13 6 40
213 13 7 48
213 13 9 43
213 13 10 46
213 13 11 41
213 14 0 41
213 14 4 40
213 14 5 40
213 14 6 38
213 14 8 46
213 14 9 41
213 14 10 44
213 14 11 39
214 1 0 65
214 1 1 72
214 1 2 64
214 1 3 66
214 1 4 60
214 1 5 69
214 1 9 70
214 1 10 61
214 3 0 76
214 3 1 77
214 3 5 72
214 3 6 80
214 3 7 73
214 3 9 78
214 3 10 67
214 3 11 69
214 7 0 64
214 7 1 71
214 7 3 63
214 7 5 65
214 7 6 59
214 7 8 68
214 7 9 69
214 7 11 60
214 8 0 66
214 8 2 73
214 8 3 65
214 8 4 67
214 8 5 61
214 8 7 70
214 8 8 71
214 8 11 62
214 12 0 60
214 12 1 67
214 12 2 59
214 12 3 61
214 12 5 55
214 12 6 64
214 12 9 65
214 12 10 56
215 8 0 96
215 8 2 89
215 8 3 95
215 8 4 91
215 8 5 95
215 8 7 94
215 8 8 97
215 8 11 88
215 11 2 95
215 11 3 88
215 11 5 94
215 11 6 90
215 11 7 94
215 11 8 93
215 11 9 96
215 11 10 87
215 13 1 95
215 13 2 88
215 13 3 94
215 13 6 90
215 13 7 94
215 13 9 93
215 13 10 96
215 13 11 87
216 4 0 51
216 4 1 45
216 4 3 46
216 4 5 47
216 4 7 52
216 4 8 45
216 4 9 45
216 4 10 55
216 8 0 48
216 8 2 47
216 8 3 47
216 8 4 45
216 8 5 53
216 8 7 48
216 8 8 51
216 8 11 46
216 10 1 48
216 10 2 47
216 10 4 47
216 10 5 45
216 10 6 53
216 10 8 48
216 10 9 51
216 10 11 46
217 1 0 80
217 1 1 81
217 1 2 76
217 1 3 84
217 1 4 77
217 1 5 82
217 1 9 71
217 1 10 73
217 10 1 81
217 10 2 82
217 10 4 77
217 10 5 85
217 10 6 78
217 10 8 83
217 10 9 72
217 10 11 74
217 13 1 76
217 13 2 77
217 13 3 72
217 13 6 80
217 13 7 73
217 13 9 78
217 13 10 67
217 13 11 69
217 14 0 88
217 14 4 81
217 14 5 87
217 14 6 83
217 14 8 87
217 14 9 86
217 14 10 89
217 14 11 80
218 3 0 45
218 3 1 44
218 3 5 44
218 3 6 42
218 3 7 50
218 3 9 45
218 3 10 48
218 3 11 43
218 13 1 44
218 13 2 43
218 13 3 43
218 13 6 41
218 13 7 49
218 13 9 44
218 13 10 47
218 13 11 42
218 14 0 44
218 14 4 43
218 14 5 43
218 14 6 41
218 14 8 49
218 14 9 44
218 14 10 47
218 14 11 42
219 1 0 90
219 1 1 89
219 1 2 89
219 1 3 97
219 1 4 95
219 1 5 90
219 1 9 93
219 1 10 88
219 4 0 96
219 4 1 89
219 4 3 95
219 4 5 91
219 4 7 95
219 4 8 94
219 4 9 97
219 4 10 88
219 5 1 89
219 5 2 88
219 5 4 88
219 5 5 96
219 5 6 94
219 5 8 89
219 5 10 92
219 5 11 87
219 6 0 85
219 6 1 84
219 6 2 84
219 6 5 92
219 6 6 90
219 6 7 85
219 6 8 88
219 6 10 83
220 3 0 80
220 3 1 81
220 3 5 76
220 3 6 84
220 3 7 77
220 3 9 82
220 3 10 71
220 3 11 73
220 6 0 81
220 6 1 82
220 6 2 77
220 6 5 85
220 6 6 78
220 6 7 83
220 6 8 72
220 6 10 74
220 8 0 76
220 8 2 77
220 8 3 72
220 8 4 80
220 8 5 73
220 8 7 78
220 8 8 67
220 8 11 69
221 0 2 96
221 0 3 89
221 0 4 95
221 0 7 91
221 0 8 95
221 0 9 94
221 0 10 97
221 0 11 88
221 7 0 95
221 7 1 88
221 7 3 94
221 7 5 90
221 7 6 94
221 7 8 93
221 7 9 96
221 7 11 87
221 8 0 95
221 8 2 88
221 8 3 94
221 8 4 90
221 8 5 94
221 8 7 93
221 8 8 96
221 8 11 87
221 10 1 90
221 10 2 89
221 10 4 89
221 10 5 97
221 10 6 95
221 10 8 90
221 10 9 93
221 10 11 88
221 14 0 88
221 14 4 87
221 14 5 87
221 14 6 95
221 14 8 93
221 14 9 88
221 14 10 91
221 14 11 86
222 7 0 49
222 7 1 48
222 7 3 48
222 7 5 56
222 7 6 54
222 7 8 53
222 7 9 56
222 7 11 47
222 10 1 51
222 10 2 45
222 10 4 46
222 10 5 47
222 10 6 52
222 10 8 45
222 10 9 45
222 10 11 55
222 13 1 51
222 13 2 45
222 13 3 46
222 13 6 47
222 13 7 52
222 13 9 45
222 13 10 45
222 13 11 55
223 0 2 63
223 0 3 70
223 0 4 62
223 0 7 64
223 0 8 58
223 0 9 67
223 0 10 68
223 0 11 59
223 8 0 74
223 8 2 75
223 8 3 70
223 8 4 78
223 8 5 71
223 8 7 76
223 8 8 65
223 8 11 67
223 11 2 62
223 11 3 69
223 11 5 61
223 11 6 63
223 11 7 57
223 11 8 66
223 11 9 67
223 11 10 58
223 14 0 64
223 14 4 71
223 14 5 63
223 14 6 65
223 14 8 59
223 14 9 68
223 14 10 69
223 14 11 60
224 1 0 95
224 1 1 88
224 1 2 94
224 1 3 90
224 1 4 94
224 1 5 93
224 1 9 96
224 1 10 87
224 2 0 88
224 2 1 81
224 2 2 87
224 2 4 83
224 2 7 87
224 2 8 86
224 2 10 89
224 2 11 80
224 8 0 94
224 8 2 87
224 8 3 93
224 8 4 89
224 8 5 93
224 8 7 92
224 8 8 95
224 8 11 86
225 3 0 43
225 3 1 36
225 3 5 42
225 3 6 38
225 3 7 42
225 3 9 41
225 3 10 44
225 3 11 44
225 5 1 40
225 5 2 39
225 5 4 39
225 5 5 37
225 5 6 45
225 5 8 40
225 5 10 43
225 5 11 38
225 12 0 39
225 12 1 40
225 12 2 37
225 12 3 41
225 12 5 38
225 12 6 40
225 12 9 35
225 12 10 36
225 14 0 41
225 14 4 40
225 14 5 40
225 14 6 38
225 14 8 46
225 14 9 41
225 14 10 44
225 14 11 39
226 7 0 25
226 7 1 24
226 7 3 24
226 7 5 26
226 7 6 24
226 7 8 23
226 7 9 26
226 7 11 23
226 8 0 24
226 8 2 23
226 8 3 23
226 8 4 25
226 8 5 23
226 8 7 22
226 8 8 25
226 8 11 22
226 12 0 24
226 12 1 23
226 12 2 23
226 12 3 25
226 12 5 23
226 12 6 22
226 12 9 25
226 12 10 22
227 2 0 55
227 2 1 54
227 2 2 54
227 2 4 62
227 2 7 60
227 2 8 59
227 2 10 62
227 2 11 53
227 4 0 61
227 4 1 68
227 4 3 60
227 4 5 62
227 4 7 56
227 4 8 65
227 4 9 66
227 4 10 57
227 9 0 54
227 9 2 53
227 9 3 53
227 9 4 61
227 9 7 59
227 9 8 58
227 9 10 61
227 9 11 52
227 11 2 62
227 11 3 69
227 11 5 61
227 11 6 63
227 11 7 57
227 11 8 66
227 11 9 67
227 11 10 58
228 3 0 92
228 3 1 85
228 3 5 91
228 3 6 87
228 3 7 91
228 3 9 90
228 3 10 93
228 3 11 84
228 4 0 91
228 4 1 84
228 4 3 90
228 4 5 86
228 4 7 90
228 4 8 89
228 4 9 92
228 4 10 83
228 7 0 91
228 7 1 84
228 7 3 90
228 7 5 86
228 7 6 90
228 7 8 89
228 7 9 92
228 7 11 83
228 13 1 86
228 13 2 85
228 13 3 85
228 13 6 93
228 13 7 91
228 13 9 86
228 13 10 89
228 13 11 84
229 0 2 43
229 0 3 36
229 0 4 42
229 0 7 38
229 0 8 42
229 0 9 41
229 0 10 44
229 0 11 44
229 7 0 40
229 7 1 39
229 7 3 39
229 7 5 37
229 7 6 45
229 7 8 40
229 7 9 43
229 7 11 38
229 10 1 39
229 10 2 40
229 10 4 37
229 10 5 41
229 10 6 38
229 10 8 40
229 10 9 35
229 10 11 36
229 12 0 41
229 12 1 40
229 12 2 40
229 12 3 38
229 12 5 46
229 12 6 41
229 12 9 44
229 12 10 39
229 13 1 40
229 13 2 41
229 13 3 38
229 13 6 42
229 13 7 39
229 13 9 41
229 13 10 36
229 13 11 37
230 10 1 92
230 10 2 85
230 10 4 91
230 10 5 87
230 10 6 91
230 10 8 90
230 10 9 93
230 10 11 84
230 11 2 89
230 11 3 88
230 11 5 88
230 11 6 96
230 11 7 94
230 11 8 89
230 11 9 92
230 11 10 87
230 14 0 92
230 14 4 91
230 14 5 91
230 14 6 99
230 14 8 97
230 14 9 92
230 14 10 95
230 14 11 90
231 0 2 50
231 0 3 49
231 0 4 49
231 0 7 57
231 0 8 55
231 0 9 54
231 0 10 57
231 0 11 48
231 3 0 49
231 3 1 48
231 3 5 48
231 3 6 56
231 3 7 54
231 3 9 53
231 3 10 56
231 3 11 47
231 4 0 49
231 4 1 48
231 4 3 48
231 4 5 56
231 4 7 54
231 4 8 53
231 4 9 56
231 4 10 47
231 8 0 57
231 8 2 56
231 8 3 56
231 8 4 64
231 8 5 62
231 8 7 61
231 8 8 64
231 8 11 55
231 11 2 55
231 11 3 54
231 11 5 54
231 11 6 62
231 11 7 60
231 11 8 59
231 11 9 62
231 11 10 53
232 0 2 80
232 0 3 81
232 0 4 76
232 0 7 84
232 0 8 77
232 0 9 82
232 0 10 71
232 0 11 73
232 3 0 81
232 3 1 82
232 3 5 77
232 3 6 85
232 3 7 78
232 3 9 83
232 3 10 72
232 3 11 74
232 7 0 76
232 7 1 77
232 7 3 72
232 7 5 80
232 7 6 73
232 7 8 78
232 7 9 67
232 7 11 69
232 13 1 88
232 13 2 81
232 13 3 87
232 13 6 83
232 13 7 87
232 13 9 86
232 13 10 89
232 13 11 80
232 14 0 77
232 14 4 78
232 14 5 73
232 14 6 81
232 14 8 74
232 14 9 79
232 14 10 68
232 14 11 70
233 0 2 85
233 0 3 75
233 0 4 85
233 0 7 75
233 0 8 86
233 0 9 84
233 0 10 77
233 0 11 86
233 2 0 88
233 2 1 81
233 2 2 87
233 2 4 83
233 2 7 87
233 2 8 86
233 2 10 89
233 2 11 80
233 6 0 79
233 6 1 80
233 6 2 75
233 6 5 83
233 6 6 76
233 6 7 81
233 6 8 70
233 6 10 72
233 9 0 91
233 9 2 84
233 9 3 90
233 9 4 86
233 9 7 90
233 9 8 89
233 9 10 92
233 9 11 83
234 1 0 87
234 1 1 86
234 1 2 86
234 1 3 94
234 1 4 92
234 1 5 87
234 1 9 90
234 1 10 85
234 2 0 86
234 2 1 85
234 2 2 85
234 2 4 93
234 2 7 91
234 2 8 86
234 2 10 89
234 2 11 84
234 4 0 86
234 4 1 85
234 4 3 85
234 4 5 93
234 4 7 91
234 4 8 86
234 4 9 89
234 4 10 84
234 7 0 103
234 7 1 96
234 7 3 102
234 7 5 104
234 7 6 105
234 7 8 107
234 7 9 101
234 7 11 92
235 5 1 42
235 5 2 41
235 5 4 41
235 5 5 39
235 5 6 47
235 5 8 42
235 5 10 45
235 5 11 40
235 8 0 37
235 8 2 38
235 8 3 35
235 8 4 39
235 8 5 36
235 8 7 38
235 8 8 33
235 8 11 34
235 10 1 41
235 10 2 40
235 10 4 40
235 10 5 38
235 10 6 46
235 10 8 41
235 10 9 44
235 10 11 39
235 13 1 39
235 13 2 40
235 13 3 37
235 13 6 41
235 13 7 38
235 13 9 40
235 13 10 35
235 13 11 36
235 14 0 41
235 14 4 40
235 14 5 40
235 14 6 38
235 14 8 46
235 14 9 41
235 14 10 44
235 14 11 39
236 5 1 85
236 5 2 75
236 5 4 85
236 5 5 75
236 5 6 86
236 5 8 84
236 5 10 77
236 5 11 86
236 6 0 88
236 6 1 81
236 6 2 87
236 6 5 83
236 6 6 87
236 6 7 86
236 6 8 89
236 6 10 80
236 7 0 79
236 7 1 80
236 7 3 75
236 7 5 83
236 7 6 76
236 7 8 81
236 7 9 70
236 7 11 72
236 8 0 91
236 8 2 84
236 8 3 90
236 8 4 86
236 8 5 90
236 8 7 89
236 8 8 92
236 8 11 83
237 7 0 51
237 7 1 45
237 7 3 46
237 7 5 47
237 7 6 52
237 7 8 45
237 7 9 45
237 7 11 55
237 10 1 48
237 10 2 47
237 10 4 47
237 10 5 45
237 10 6 53
237 10 8 48
237 10 9 51
237 10 11 46
237 11 2 48
237 11 3 47
237 11 5 47
237 11 6 45
237 11 7 53
237 11 8 48
237 11 9 51
237 11 10 46
238 0 2 43
238 0 3 42
238 0 4 42
238 0 7 40
238 0 8 48
238 0 9 43
238 0 10 46
238 0 11 41
238 3 0 42
238 3 1 41
238 3 5 41
238 3 6 39
238 3 7 47
238 3 9 42
238 3 10 45
238 3 11 40
238 5 1 42
238 5 2 41
238 5 4 41
238 5 5 39
238 5 6 47
238 5 8 42
238 5 10 45
238 5 11 40
238 7 0 40
238 7 1 39
238 7 3 39
238 7 5 37
238 7 6 45
238 7 8 40
238 7 9 43
238 7 11 38
238 14 0 48
238 14 4 47
238 14 5 47
238 14 6 45
238 14 8 53
238 14 9 48
238 14 10 51
238 14 11 46
239 1 0 77
239 1 1 78
239 1 2 73
239 1 3 81
239 1 4 74
239 1 5 79
239 1 9 68
239 1 10 70
239 2 0 78
239 2 1 79
239 2 2 74
239 2 4 82
239 2 7 75
239 2 8 80
239 2 10 69
239 2 11 71
239 11 2 67
239 11 3 66
239 11 5 66
239 11 6 74
239 11 7 72
239 11 8 77
239 11 9 65
239 11 10 65
239 14 0 81
239 14 4 82
239 14 5 77
239 14 6 85
239 14 8 78
239 14 9 83
239 14 10 72
239 14 11 74
240 5 1 94
240 5 2 87
240 5 4 93
240 5 5 89
240 5 6 93
240 5 8 92
240 5 10 95
240 5 11 86
240 8 0 93
240 8 2 86
240 8 3 92
240 8 4 88
240 8 5 92
240 8 7 91
240 8 8 94
240 8 11 85
240 11 2 93
240 11 3 86
240 11 5 92
240 11 6 88
240 11 7 92
240 11 8 91
240 11 9 94
240 11 10 85
241 0 2 87
241 0 3 86
241 0 4 86
241 0 7 94
241 0 8 92
241 0 9 87
241 0 10 90
241 0 11 85
241 1 0 93
241 1 1 86
241 1 2 92
241 1 3 88
241 1 4 92
241 1 5 91
241 1 9 94
241 1 10 85
241 2 0 86
241 2 1 85
241 2 2 85
241 2 4 93
241 2 7 91
241 2 8 86
241 2 10 89
241 2 11 84
241 6 0 95
241 6 1 88
241 6 2 94
241 6 5 90
241 6 6 94
241 6 7 93
241 6 8 96
241 6 10 87
241 14 0 86
241 14 4 85
241 14 5 85
241 14 6 93
241 14 8 91
241 14 9 86
241 14 10 89
241 14 11 84
242 0 2 96
242 0 3 89
242 0 4 95
242 0 7 91
242 0 8 95
242 0 9 94
242 0 10 97
242 0 11 88
242 6 0 95
242 6 1 88
242 6 2 94
242 6 5 90
242 6 6 94
242 6 7 93
242 6 8 96
242 6 10 87
242 7 0 95
242 7 1 88
242 7 3 94
242 7 5 90
242 7 6 94
242 7 8 93
242 7 9 96
242 7 11 87
242 9 0 90
242 9 2 89
242 9 3 89
242 9 4 97
242 9 7 95
242 9 8 90
242 9 10 93
242 9 11 88
242 14 0 88
242 14 4 87
242 14 5 87
242 14 6 95
242 14 8 93
242 14 9 88
242 14 10 91
242 14 11 86
243 2 0 10
243 2 1 9
243 2 2 9
243 2 4 11
243 2 7 9
243 2 8 11
243 2 10 11
243 2 11 11
243 3 0 9
243 3 1 9
243 3 5 8
243 3 6 9
243 3 7 9
243 3 9 9
243 3 10 8
243 3 11 8
243 10 1 9
243 10 2 9
243 10 4 8
243 10 5 9
243 10 6 9
243 10 8 9
243 10 9 8
243 10 11 8
244 3 0 63
244 3 1 70
244 3 5 62
244 3 6 64
244 3 7 58
244 3 9 67
244 3 10 68
244 3 11 59
244 4 0 74
244 4 1 75
244 4 3 70
244 4 5 78
244 4 7 71
244 4 8 76
244 4 9 65
244 4 10 67
244 5 1 62
244 5 2 69
244 5 4 61
244 5 5 63
244 5 6 57
244 5 8 66
244 5 10 67
244 5 11 58
244 9 0 64
244 9 2 71
244 9 3 63
244 9 4 65
244 9 7 59
244 9 8 68
244 9 10 69
244 9 11 60
244 13 1 57
244 13 2 56
244 13 3 56
244 13 6 64
244 13 7 62
244 13 9 61
244 13 10 64
244 13 11 55
245 4 0 85
245 4 1 95
245 4 3 98
245 4 5 85
245 4 7 95
245 4 8 99
245 4 9 89
245 4 10 97
245 5 1 96
245 5 2 89
245 5 4 95
245 5 5 91
245 5 6 95
245 5 8 94
245 5 10 97
245 5 11 88
245 13 1 96
245 13 2 89
245 13 3 95
245 13 6 91
245 13 7 95
245 13 9 94
245 13 10 97
245 13 11 88
246 1 0 98
246 1 1 103
246 1 2 93
246 1 3 105
246 1 4 99
246 1 5 92
246 1 9 103
246 1 10 102
246 3 0 90
246 3 1 89
246 3 5 89
246 3 6 97
246 3 7 95
246 3 9 90
246 3 10 93
246 3 11 88
246 8 0 97
246 8 2 102
246 8 3 92
246 8 4 104
246 8 5 98
246 8 7 91
246 8 8 102
246 8 11 101
246 11 2 99
246 11 3 104
246 11 5 94
246 11 6 106
246 11 7 100
246 11 8 93
246 11 9 104
246 11 10 103
246 14 0 100
246 14 4 105
246 14 5 95
246 14 6 107
246 14 8 101
246 14 9 94
246 14 10 105
246 14 11 104
247 0 2 41
247 0 3 40
247 0 4 40
247 0 7 38
247 0 8 46
247 0 9 41
247 0 10 44
247 0 11 39
247 3 0 40
247 3 1 39
247 3 5 39
247 3 6 37
247 3 7 45
247 3 9 40
247 3 10 43
247 3 11 38
247 11 2 40
247 11 3 39
247 11 5 39
247 11 6 37
247 11 7 45
247 11 8 40
247 11 9 43
247 11 10 38
247 13 1 40
247 13 2 41
247 13 3 38
247 13 6 42
247 13 7 39
247 13 9 41
247 13 10 36
247 13 11 37
247 14 0 46
247 14 4 45
247 14 5 45
247 14 6 43
247 14 8 51
247 14 9 46
247 14 10 49
247 14 11 44
248 1 0 88
248 1 1 81
248 1 2 87
248 1 3 83
248 1 4 87
248 1 5 86
248 1 9 89
248 1 10 80
248 2 0 89
248 2 1 82
248 2 2 88
248 2 4 84
248 2 7 88
248 2 8 87
248 2 10 90
248 2 11 81
248 4 0 80
248 4 1 81
248 4 3 76
248 4 5 84
248 4 7 77
248 4 8 82
248 4 9 71
248 4 10 73
248 6 0 92
248 6 1 85
248 6 2 91
248 6 5 87
248 6 6 91
248 6 7 90
248 6 8 93
248 6 10 84
248 9 0 81
248 9 2 82
248 9 3 77
248 9 4 85
248 9 7 78
248 9 8 83
248 9 10 72
248 9 11 74
249 4 0 39
249 4 1 40
249 4 3 37
249 4 5 41
249 4 7 38
249 4 8 40
249 4 9 35
249 4 10 36
249 8 0 40
249 8 2 41
249 8 3 38
249 8 4 42
249 8 5 39
249 8 7 41
249 8 8 36
249 8 11 37
249 13 1 37
249 13 2 38
249 13 3 35
249 13 6 39
249 13 7 36
249 13 9 38
249 13 10 33
249 13 11 34
250 1 0 66
250 1 1 73
250 1 2 65
250 1 3 67
250 1 4 61
250 1 5 70
250 1 9 71
250 1 10 62
250 6 0 65
250 6 1 72
250 6 2 64
250 6 5 66
250 6 6 60
250 6 7 69
250 6 8 70
250 6 10 61
250 7 0 65
250 7 1 72
250 7 3 64
250 7 5 66
250 7 6 60
250 7 8 69
250 7 9 70
250 7 11 61
251 2 0 33
251 2 1 34
251 2 2 31
251 2 4 35
251 2 7 32
251 2 8 34
251 2 10 29
251 2 11 30
251 3 0 34
251 3 1 35
251 3 5 32
251 3 6 36
251 3 7 33
251 3 9 35
251 3 10 30
251 3 11 31
251 6 0 33
251 6 1 33
251 6 2 32
251 6 5 27
251 6 6 28
251 6 7 30
251 6 8 31
251 6 10 29
252 2 0 86
252 2 1 85
252 2 2 85
252 2 4 93
252 2 7 91
252 2 8 86
252 2 10 89
252 2 11 84
252 4 0 85
252 4 1 84
252 4 3 84
252 4 5 92
252 4 7 90
252 4 8 85
252 4 9 88
252 4 10 83
252 8 0 85
252 8 2 84
252 8 3 84
252 8 4 92
252 8 5 90
252 8 7 85
252 8 8 88
252 8 11 83
252 9 0 93
252 9 2 92
252 9 3 92
252 9 4 100
252 9 7 98
252 9 8 93
252 9 10 96
252 9 11 91
253 0 2 17
253 0 3 18
253 0 4 16
253 0 7 18
253 0 8 17
253 0 9 18
253 0 10 15
253 0 11 16
253 8 0 18
253 8 2 19
253 8 3 17
253 8 4 19
253 8 5 18
253 8 7 19
253 8 8 16
253 8 11 17
253 14 0 16
253 14 4 17
253 14 5 15
253 14 6 17
253 14 8 16
253 14 9 17
253 14 10 14
253 14 11 15
254 2 0 85
254 2 1 95
254 2 2 98
254 2 4 85
254 2 7 95
254 2 8 99
254 2 10 89
254 2 11 97
254 6 0 96
254 6 1 89
254 6 2 95
254 6 5 91
254 6 6 95
254 6 7 94
254 6 8 97
254 6 10 88
254 7 0 96
254 7 1 89
254 7 3 95
254 7 5 91
254 7 6 95
254 7 8 94
254 7 9 97
254 7 11 88
254 14 0 91
254 14 4 90
254 14 5 90
254 14 6 98
254 14 8 96
254 14 9 91
254 14 10 94
254 14 11 89
255 6 0 85
255 6 1 75
255 6 2 85
255 6 5 75
255 6 6 86
255 6 7 84
255 6 8 77
255 6 10 86
255 8 0 88
255 8 2 81
255 8 3 87
255 8 4 83
255 8 5 87
255 8 7 86
255 8 8 89
255 8 11 80
255 9 0 79
255 9 2 80
255 9 3 75
255 9 4 83
255 9 7 76
255 9 8 81
255 9 10 70
255 9 11 72
255 11 2 91
255 11 3 84
255 11 5 90
255 11 6 86
255 11 7 90
255 11 8 89
255 11 9 92
255 11 10 83
255 13 1 80
255 13 2 81
255 13 3 76
255 13 6 84
255 13 7 77
255 13 9 82
255 13 10 71
255 13 11 73
256 1 0 50
256 1 1 49
256 1 2 49
256 1 3 57
256 1 4 55
256 1 5 54
256 1 9 57
256 1 10 48
256 4 0 49
256 4 1 48
256 4 3 48
256 4 5 56
256 4 7 54
256 4 8 53
256 4 9 56
256 4 10 47
256 5 1 49
256 5 2 48
256 5 4 48
256 5 5 56
256 5 6 54
256 5 8 53
256 5 10 56
256 5 11 47
256 6 0 57
256 6 1 56
256 6 2 56
256 6 5 64
256 6 6 62
256 6 7 61
256 6 8 64
256 6 10 55
256 9 0 55
256 9 2 54
256 9 3 54
256 9 4 62
256 9 7 60
256 9 8 59
256 9 10 62
256 9 11 53
257 0 2 49
257 0 3 48
257 0 4 48
257 0 7 56
257 0 8 54
257 0 9 53
257 0 10 56
257 0 11 47
257 3 0 44
257 3 1 43
257 3 5 43
257 3 6 41
257 3 7 49
257 3 9 44
257 3 10 47
257 3 11 42
257 9 0 45
257 9 2 44
257 9 3 44
257 9 4 42
257 9 7 50
257 9 8 45
257 9 10 48
257 9 11 43
258 0 2 28
258 0 3 27
258 0 4 27
258 0 7 29
258 0 8 27
258 0 9 26
258 0 10 29
258 0 11 26
258 3 0 27
258 3 1 26
258 3 5 26
258 3 6 28
258 3 7 26
258 3 9 25
258 3 10 28
258 3 11 25
258 9 0 27
258 9 2 26
258 9 3 26
258 9 4 28
258 9 7 26
258 9 8 25
258 9 10 28
258 9 11 25
258 11 2 29
258 11 3 28
258 11 5 28
258 11 6 30
258 11 7 28
258 11 8 27
258 11 9 30
258 11 10 27
258 14 0 27
258 14 4 26
258 14 5 26
258 14 6 28
258 14 8 26
258 14 9 25
258 14 10 28
258 14 11 25
259 4 0 61
259 4 1 68
259 4 3 60
259 4 5 62
259 4 7 56
259 4 8 65
259 4 9 66
259 4 10 57
259 10 1 68
259 10 2 75
259 10 4 67
259 10 5 69
259 10 6 63
259 10 8 72
259 10 9 73
259 10 11 64
259 11 2 60
259 11 3 67
259 11 5 59
259 11 6 61
259 11 7 55
259 11 8 64
259 11 9 65
259 11 10 56
260 8 0 47
260 8 2 46
260 8 3 46
260 8 4 44
260 8 5 52
260 8 7 47
260 8 8 50
260 8 11 45
260 9 0 46
260 9 2 45
260 9 3 45
260 9 4 43
260 9 7 51
260 9 8 46
260 9 10 49
260 9 11 44
260 10 1 46
260 10 2 45
260 10 4 45
260 10 5 43
260 10 6 51
260 10 8 46
260 10 9 49
260 10 11 44
260 11 2 44
260 11 3 43
260 11 5 43
260 11 6 41
260 11 7 49
260 11 8 44
260 11 9 47
260 11 10 42
261 1 0 40
261 1 1 41
261 1 2 38
261 1 3 42
261 1 4 39
261 1 5 41
261 1 9 36
261 1 10 37
261 3 0 43
261 3 1 36
261 3 5 42
261 3 6 38
261 3 7 42
261 3 9 41
261 3 10 44
261 3 11 44
261 6 0 38
261 6 1 39
261 6 2 36
261 6 5 40
261 6 6 37
261 6 7 39
261 6 8 34
261 6 10 35
261 7 0 40
261 7 1 39
261 7 3 39
261 7 5 37
261 7 6 45
261 7 8 40
261 7 9 43
261 7 11 38
261 8 0 39
261 8 2 40
261 8 3 37
261 8 4 41
261 8 5 38
261 8 7 40
261 8 8 35
261 8 11 36
262 7 0 25
262 7 1 24
262 7 3 24
262 7 5 26
262 7 6 24
262 7 8 23
262 7 9 26
262 7 11 23
262 8 0 24
262 8 2 23
262 8 3 23
262 8 4 25
262 8 5 23
262 8 7 22
262 8 8 25
262 8 11 22
262 9 0 24
262 9 2 23
262 9 3 23
262 9 4 25
262 9 7 23
262 9 8 22
262 9 10 25
262 9 11 22
262 11 2 26
262 11 3 25
262 11 5 25
262 11 6 27
262 11 7 25
262 11 8 24
262 11 9 27
262 11 10 24
262 13 1 24
262 13 2 23
262 13 3 23
262 13 6 25
262 13 7 23
262 13 9 22
262 13 10 25
262 13 11 22
263 0 2 49
263 0 3 48
263 0 4 48
263 0 7 56
263 0 8 54
263 0 9 53
263 0 10 56
263 0 11 47
263 3 0 44
263 3 1 43
263 3 5 43
263 3 6 41
263 3 7 49
263 3 9 44
263 3 10 47
263 3 11 42
263 6 0 45
263 6 1 44
263 6 2 44
263 6 5 42
263 6 6 50
263 6 7 45
263 6 8 48
263 6 10 43
263 8 0 46
263 8 2 45
263 8 3 45
263 8 4 43
263 8 5 51
263 8 7 46
263 8 8 49
263 8 11 44
263 14 0 50
263 14 4 49
263 14 5 49
263 14 6 57
263 14 8 55
263 14 9 54
263 14 10 57
263 14 11 48
264 1 0 90
264 1 1 89
264 1 2 89
264 1 3 97
264 1 4 95
264 1 5 90
264 1 9 93
264 1 10 88
264 5 1 96
264 5 2 89
264 5 4 95
264 5 5 91
264 5 6 95
264 5 8 94
264 5 10 97
264 5 11 88
264 10 1 89
264 10 2 88
264 10 4 88
264 10 5 96
264 10 6 94
264 10 8 89
264 10 9 92
264 10 11 87
264 12 0 85
264 12 1 84
264 12 2 84
264 12 3 92
264 12 5 90
264 12 6 85
264 12 9 88
264 12 10 83
265 2 0 30
265 2 1 29
265 2 2 29
265 2 4 31
265 2 7 29
265 2 8 28
265 2 10 31
265 2 11 28
265 3 0 29
265 3 1 28
265 3 5 28
265 3 6 30
265 3 7 28
265 3 9 27
265 3 10 30
265 3 11 27
265 14 0 29
265 14 4 28
265 14 5 28
265 14 6 30
265 14 8 28
265 14 9 27
265 14 10 30
265 14 11 27
266 0 2 48
266 0 3 47
266 0 4 47
266 0 7 45
266 0 8 53
266 0 9 48
266 0 10 51
266 0 11 46
266 3 0 47
266 3 1 46
266 3 5 46
266 3 6 44
266 3 7 52
266 3 9 47
266 3 10 50
266 3 11 45
266 4 0 47
266 4 1 46
266 4 3 46
266 4 5 44
266 4 7 52
266 4 8 47
266 4 9 50
266 4 10 45
266 7 0 54
266 7 1 53
266 7 3 53
266 7 5 61
266 7 6 59
266 7 8 58
266 7 9 61
266 7 11 52
266 10 1 52
266 10 2 51
266 10 4 51
266 10 5 59
266 10 6 57
266 10 8 56
266 10 9 59
266 10 11 50
267 0 2 85
267 0 3 95
267 0 4 98
267 0 7 85
267 0 8 95
267 0 9 99
267 0 10 89
267 0 11 97
267 2 0 96
267 2 1 89
267 2 2 95
267 2 4 91
267 2 7 95
267 2 8 94
267 2 10 97
267 2 11 88
267 3 0 96
267 3 1 89
267 3 5 95
267 3 6 91
267 3 7 95
267 3 9 94
267 3 10 97
267 3 11 88
268 0 2 61
268 0 3 68
268 0 4 60
268 0 7 62
268 0 8 56
268 0 9 65
268 0 10 66
268 0 11 57
268 2 0 68
268 2 1 75
268 2 2 67
268 2 4 69
268 2 7 63
268 2 8 72
268 2 10 73
268 2 11 64
268 12 0 60
268 12 1 67
268 12 2 59
268 12 3 61
268 12 5 55
268 12 6 64
268 12 9 65
268 12 10 56
269 1 0 95
269 1 1 88
269 1 2 94
269 1 3 90
269 1 4 94
269 1 5 93
269 1 9 96
269 1 10 87
269 4 0 94
269 4 1 87
269 4 3 93
269 4 5 89
269 4 7 93
269 4 8 92
269 4 9 95
269 4 10 86
269 6 0 94
269 6 1 87
269 6 2 93
269 6 5 89
269 6 6 93
269 6 7 92
269 6 8 95
269 6 10 86
270 1 0 77
270 1 1 78
270 1 2 73
270 1 3 81
270 1 4 74
270 1 5 79
270 1 9 68
270 1 10 70
270 10 1 78
270 10 2 79
270 10 4 74
270 10 5 82
270 10 6 75
270 10 8 80
270 10 9 69
270 10 11 71
270 12 0 67
270 12 1 66
270 12 2 66
270 12 3 74
270 12 5 72
270 12 6 77
270 12 9 65
270 12 10 65
271 0 2 78
271 0 3 79
271 0 4 74
271 0 7 82
271 0 8 75
271 0 9 80
271 0 10 69
271 0 11 71
271 5 1 79
271 5 2 80
271 5 4 75
271 5 5 83
271 5 6 76
271 5 8 81
271 5 10 70
271 5 11 72
271 8 0 74
271 8 2 75
271 8 3 70
271 8 4 78
271 8 5 71
271 8 7 76
271 8 8 65
271 8 11 67
271 10 1 82
271 10 2 83
271 10 4 78
271 10 5 86
271 10 6 79
271 10 8 84
271 10 9 73
271 10 11 75
271 11 2 75
271 11 3 76
271 11 5 71
271 11 6 79
271 11 7 72
271 11 8 77
271 11 9 66
271 11 10 68
272 1 0 85
272 1 1 84
272 1 2 84
272 1 3 92
272 1 4 90
272 1 5 85
272 1 9 88
272 1 10 83
272 7 0 85
272 7 1 95
272 7 3 98
272 7 5 85
272 7 6 95
272 7 8 99
272 7 9 89
272 7 11 97
272 8 0 85
272 8 2 95
272 8 3 98
272 8 4 85
272 8 5 95
272 8 7 99
272 8 8 89
272 8 11 97
272 11 2 92
272 11 3 91
272 11 5 91
272 11 6 99
272 11 7 97
272 11 8 92
272 11 9 95
272 11 10 90
272 13 1 90
272 13 2 89
272 13 3 89
272 13 6 97
272 13 7 95
272 13 9 90
272 13 10 93
272 13 11 88
273 1 0 66
273 1 1 73
273 1 2 65
273 1 3 67
273 1 4 61
273 1 5 70
273 1 9 71
273 1 10 62
273 3 0 77
273 3 1 78
273 3 5 73
273 3 6 81
273 3 7 74
273 3 9 79
273 3 10 68
273 3 11 70
273 11 2 65
273 11 3 72
273 11 5 64
273 11 6 66
273 11 7 60
273 11 8 69
273 11 9 70
273 11 10 61
274 4 0 94
274 4 1 87
274 4 3 93
274 4 5 89
274 4 7 93
274 4 8 92
274 4 9 95
274 4 10 86
274 7 0 93
274 7 1 86
274 7 3 92
274 7 5 88
274 7 6 92
274 7 8 91
274 7 9 94
274 7 11 85
274 10 1 93
274 10 2 86
274 10 4 92
274 10 5 88
274 10 6 92
274 10 8 91
274 10 9 94
274 10 11 85
275 1 0 34
275 1 1 35
275 1 2 32
275 1 3 36
275 1 4 33
275 1 5 35
275 1 9 30
275 1 10 31
275 10 1 34
275 10 2 35
275 10 4 32
275 10 5 36
275 10 6 33
275 10 8 35
275 10 9 30
275 10 11 31
275 12 0 33
275 12 1 34
275 12 2 31
275 12 3 35
275 12 5 32
275 12 6 34
275 12 9 29
275 12 10 30
276 0 2 96
276 0 3 89
276 0 4 95
276 0 7 91
276 0 8 95
276 0 9 94
276 0 10 97
276 0 11 88
276 4 0 89
276 4 1 82
276 4 3 88
276 4 5 84
276 4 7 88
276 4 8 87
276 4 9 90
276 4 10 81
276 10 1 95
276 10 2 88
276 10 4 94
276 10 5 90
276 10 6 94
276 10 8 93
276 10 9 96
276 10 11 87
277 0 2 88
277 0 3 81
277 0 4 87
277 0 7 83
277 0 8 87
277 0 9 86
277 0 10 89
277 0 11 80
277 1 0 89
277 1 1 82
277 1 2 88
277 1 3 84
277 1 4 88
277 1 5 87
277 1 9 90
277 1 10 81
277 4 0 80
277 4 1 81
277 4 3 76
277 4 5 84
277 4 7 77
277 4 8 82
277 4 9 71
277 4 10 73
277 10 1 92
277 10 2 85
277 10 4 91
277 10 5 87
277 10 6 91
277 10 8 90
277 10 9 93
277 10 11 84
277 13 1 81
277 13 2 82
277 13 3 77
277 13 6 85
277 13 7 78
277 13 9 83
277 13 10 72
277 13 11 74
278 2 0 95
278 2 1 88
278 2 2 94
278 2 4 90
278 2 7 94
278 2 8 93
278 2 10 96
278 2 11 87
278 10 1 94
278 10 2 87
278 10 4 93
278 10 5 89
278 10 6 93
278 10 8 92
278 10 9 95
278 10 11 86
278 13 1 94
278 13 2 87
278 13 3 93
278 13 6 89
278 13 7 93
278 13 9 92
278 13 10 95
278 13 11 86
278 14 0 89
278 14 4 88
278 14 5 88
278 14 6 96
278 14 8 94
278 14 9 89
278 14 10 92
278 14 11 87
279 1 0 39
279 1 1 40
279 1 2 37
279 1 3 41
279 1 4 38
279 1 5 40
279 1 9 35
279 1 10 36
279 2 0 40
279 2 1 41
279 2 2 38
279 2 4 42
279 2 7 39
279 2 8 41
279 2 10 36
279 2 11 37
279 3 0 37
279 3 1 38
279 3 5 35
279 3 6 39
279 3 7 36
279 3 9 38
279 3 10 33
279 3 11 34
279 9 0 43
279 9 2 36
279 9 3 42
279 9 4 38
279 9 7 42
279 9 8 41
279 9 10 44
279 9 11 44
280 4 0 34
280 4 1 35
280 4 3 32
280 4 5 36
280 4 7 33
280 4 8 35
280 4 9 30
280 4 10 31
280 6 0 34
280 6 1 35
280 6 2 32
280 6 5 36
280 6 6 33
280 6 7 35
280 6 8 30
280 6 10 31
280 10 1 33
280 10 2 34
280 10 4 31
280 10 5 35
280 10 6 32
280 10 8 34
280 10 9 29
280 10 11 30
281 1 0 29
281 1 1 28
281 1 2 28
281 1 3 30
281 1 4 28
281 1 5 27
281 1 9 30
281 1 10 27
281 3 0 28
281 3 1 27
281 3 5 27
281 3 6 29
281 3 7 27
281 3 9 26
281 3 10 29
281 3 11 26
281 7 0 28
281 7 1 27
281 7 3 27
281 7 5 29
281 7 6 27
281 7 8 26
281 7 9 29
281 7 11 26
281 9 0 30
281 9 2 29
281 9 3 29
281 9 4 31
281 9 7 29
281 9 8 28
281 9 10 31
281 9 11 28
281 13 1 28
281 13 2 27
281 13 3 27
281 13 6 29
281 13 7 27
281 13 9 26
281 13 10 29
281 13 11 26
282 1 0 80
282 1 1 81
282 1 2 76
282 1 3 84
282 1 4 77
282 1 5 82
282 1 9 71
282 1 10 73
282 4 0 81
282 4 1 82
282 4 3 77
282 4 5 85
282 4 7 78
282 4 8 83
282 4 9 72
282 4 10 74
282 8 0 76
282 8 2 77
282 8 3 72
282 8 4 80
282 8 5 73
282 8 7 78
282 8 8 67
282 8 11 69
282 14 0 88
282 14 4 81
282 14 5 87
282 14 6 83
282 14 8 87
282 14 9 86
282 14 10 89
282 14 11 80
283 1 0 51
283 1 1 45
283 1 2 46
283 1 3 47
283 1 4 52
283 1 5 45
283 1 9 45
283 1 10 55
283 8 0 48
283 8 2 47
283 8 3 47
283 8 4 45
283 8 5 53
283 8 7 48
283 8 8 51
283 8 11 46
283 9 0 48
283 9 2 47
283 9 3 47
283 9 4 45
283 9 7 53
283 9 8 48
283 9 10 51
283 9 11 46
283 11 2 55
283 11 3 54
283 11 5 54
283 11 6 62
283 11 7 60
283 11 8 59
283 11 9 62
283 11 10 53
283 14 0 53
283 14 4 52
283 14 5 52
283 14 6 60
283 14 8 58
283 14 9 57
283 14 10 60
283 14 11 51
284 5 1 52
284 5 2 51
284 5 4 51
284 5 5 59
284 5 6 57
284 5 8 56
284 5 10 59
284 5 11 50
284 9 0 51
284 9 2 50
284 9 3 50
284 9 4 58
284 9 7 56
284 9 8 55
284 9 10 58
284 9 11 49
284 14 0 51
284 14 4 50
284 14 5 50
284 14 6 58
284 14 8 56
284 14 9 55
284 14 10 58
284 14 11 49
285 0 2 23
285 0 3 22
285 0 4 22
285 0 7 24
285 0 8 22
285 0 9 21
285 0 10 24
285 0 11 21
285 2 0 22
285 2 1 21
285 2 2 21
285 2 4 23
285 2 7 21
285 2 8 20
285 2 10 23
285 2 11 20
285 13 1 22
285 13 2 21
285 13 3 21
285 13 6 23
285 13 7 21
285 13 9 20
285 13 10 23
285 13 11 20
286 2 0 92
286 2 1 85
286 2 2 91
286 2 4 87
286 2 7 91
286 2 8 90
286 2 10 93
286 2 11 84
286 3 0 91
286 3 1 84
286 3 5 90
286 3 6 86
286 3 7 90
286 3 9 89
286 3 10 92
286 3 11 83
286 13 1 91
286 13 2 84
286 13 3 90
286 13 6 86
286 13 7 90
286 13 9 89
286 13 10 92
286 13 11 83
287 1 0 95
287 1 1 88
287 1 2 94
287 1 3 90
287 1 4 94
287 1 5 93
287 1 9 96
287 1 10 87
287 6 0 94
287 6 1 87
287 6 2 93
287 6 5 89
287 6 6 93
287 6 7 92
287 6 8 95
287 6 10 86
287 8 0 94
287 8 2 87
287 8 3 93
287 8 4 89
287 8 5 93
287 8 7 92
287 8 8 95
287 8 11 86
288 0 2 27
288 0 3 26
288 0 4 26
288 0 7 28
288 0 8 26
288 0 9 25
288 0 10 28
288 0 11 25
288 1 0 26
288 1 1 25
288 1 2 25
288 1 3 27
288 1 4 25
288 1 5 24
288 1 9 27
288 1 10 24
288 5 1 26
288 5 2 25
288 5 4 25
288 5 5 27
288 5 6 25
288 5 8 24
288 5 10 27
288 5 11 24
288 13 1 28
288 13 2 27
288 13 3 27
288 13 6 29
288 13 7 27
288 13 9 26
288 13 10 29
288 13 11 26
289 0 2 53
289 0 3 52
289 0 4 52
289 0 7 60
289 0 8 58
289 0 9 57
289 0 10 60
289 0 11 51
289 1 0 52
289 1 1 51
289 1 2 51
289 1 3 59
289 1 4 57
289 1 5 56
289 1 9 59
289 1 10 50
289 2 0 52
289 2 1 51
289 2 2 51
289 2 4 59
289 2 7 57
289 2 8 56
289 2 10 59
289 2 11 50
289 9 0 61
289 9 2 68
289 9 3 60
289 9 4 62
289 9 7 56
289 9 8 65
289 9 10 66
289 9 11 57
289 14 0 57
289 14 4 62
289 14 5 56
289 14 6 63
289 14 8 61
289 14 9 56
289 14 10 59
289 14 11 57
290 0 2 96
290 0 3 89
290 0 4 95
290 0 7 91
290 0 8 95
290 0 9 94
290 0 10 97
290 0 11 88
290 7 0 95
290 7 1 88
290 7 3 94
290 7 5 90
290 7 6 94
290 7 8 93
290 7 9 96
290 7 11 87
290 11 2 95
290 11 3 88
290 11 5 94
290 11 6 90
290 11 7 94
290 11 8 93
290 11 9 96
290 11 10 87
290 13 1 90
290 13 2 89
290 13 3 89
290 13 6 97
290 13 7 95
290 13 9 90
290 13 10 93
290 13 11 88
291 0 2 50
291 0 3 49
291 0 4 49
291 0 7 57
291 0 8 55
291 0 9 54
291 0 10 57
291 0 11 48
291 1 0 49
291 1 1 48
291 1 2 48
291 1 3 56
291 1 4 54
291 1 5 53
291 1 9 56
291 1 10 47
291 6 0 49
291 6 1 48
291 6 2 48
291 6 5 56
291 6 6 54
291 6 7 53
291 6 8 56
291 6 10 47
291 8 0 57
291 8 2 56
291 8 3 56
291 8 4 64
291 8 5 62
291 8 7 61
291 8 8 64
291 8 11 55
292 4 0 55
292 4 1 54
292 4 3 54
292 4 5 62
292 4 7 60
292 4 8 59
292 4 9 62
292 4 10 53
292 10 1 61
292 10 2 68
292 10 4 60
292 10 5 62
292 10 6 56
292 10 8 65
292 10 9 66
292 10 11 57
292 11 2 54
292 11 3 53
292 11 5 53
292 11 6 61
292 11 7 59
292 11 8 58
292 11 9 61
292 11 10 52
293 1 0 47
293 1 1 46
293 1 2 46
293 1 3 44
293 1 4 52
293 1 5 47
293 1 9 50
293 1 10 45
293 2 0 46
293 2 1 45
293 2 2 45
293 2 4 43
293 2 7 51
293 2 8 46
293 2 10 49
293 2 11 44
293 10 1 46
293 10 2 45
293 10 4 45
293 10 5 43
293 10 6 51
293 10 8 46
293 10 9 49
293 10 11 44
294 0 2 18
294 0 3 19
294 0 4 17
294 0 7 19
294 0 8 18
294 0 9 19
294 0 10 16
294 0 11 17
294 6 0 19
294 6 1 20
294 6 2 18
294 6 5 20
294 6 6 19
294 6 7 20
294 6 8 17
294 6 10 18
294 7 0 17
294 7 1 18
294 7 3 16
294 7 5 18
294 7 6 17
294 7 8 18
294 7 9 15
294 7 11 16
294 8 0 19
294 8 2 20
294 8 3 18
294 8 4 20
294 8 5 19
294 8 7 20
294 8 8 17
294 8 11 18
294 12 0 18
294 12 1 19
294 12 2 17
294 12 3 19
294 12 5 18
294 12 6 19
294 12 9 16
294 12 10 17
295 1 0 36
295 1 1 37
295 1 2 34
295 1 3 38
295 1 4 35
295 1 5 37
295 1 9 32
295 1 10 33
295 2 0 37
295 2 1 38
295 2 2 35
295 2 4 39
295 2 7 36
295 2 8 38
295 2 10 33
295 2 11 34
295 4 0 34
295 4 1 35
295 4 3 32
295 4 5 36
295 4 7 33
295 4 8 35
295 4 9 30
295 4 10 31
295 11 2 38
295 11 3 39
295 11 5 36
295 11 6 40
295 11 7 37
295 11 8 39
295 11 9 34
295 11 10 35
296 0 2 88
296 0 3 87
296 0 4 87
296 0 7 95
296 0 8 93
296 0 9 88
296 0 10 91
296 0 11 86
296 1 0 94
296 1 1 87
296 1 2 93
296 1 3 89
296 1 4 93
296 1 5 92
296 1 9 95
296 1 10 86
296 5 1 87
296 5 2 86
296 5 4 86
296 5 5 94
296 5 6 92
296 5 8 87
296 5 10 90
296 5 11 85
296 11 2 96
296 11 3 89
296 11 5 95
296 11 6 91
296 11 7 95
296 11 8 94
296 11 9 97
296 11 10 88
296 12 0 87
296 12 1 86
296 12 2 86
296 12 3 94
296 12 5 92
296 12 6 87
296 12 9 90
296 12 10 85
297 2 0 43
297 2 1 36
297 2 2 42
297 2 4 38
297 2 7 42
297 2 8 41
297 2 10 44
297 2 11 44
297 11 2 40
297 11 3 41
297 11 5 38
297 11 6 42
297 11 7 39
297 11 8 41
297 11 9 36
297 11 10 37
297 12 0 40
297 12 1 41
297 12 2 38
297 12 3 42
297 12 5 39
297 12 6 41
297 12 9 36
297 12 10 37
298 4 0 44
298 4 1 43
298 4 3 43
298 4 5 41
298 4 7 49
298 4 8 44
298 4 9 47
298 4 10 42
298 5 1 43
298 5 2 42
298 5 4 42
298 5 5 40
298 5 6 48
298 5 8 43
298 5 10 46
298 5 11 41
298 7 0 43
298 7 1 42
298 7 3 42
298 7 5 40
298 7 6 48
298 7 8 43
298 7 9 46
298 7 11 41
298 10 1 41
298 10 2 40
298 10 4 40
298 10 5 38
298 10 6 46
298 10 8 41
298 10 9 44
298 10 11 39
299 4 0 44
299 4 1 43
299 4 3 43
299 4 5 41
299 4 7 49
299 4 8 44
299 4 9 47
299 4 10 42
299 11 2 43
299 11 3 42
299 11 5 42
299 11 6 40
299 11 7 48
299 11 8 43
299 11 9 46
299 11 10 41
299 13 1 43
299 13 2 42
299 13 3 42
299 13 6 40
299 13 7 48
299 13 9 43
299 13 10 46
299 13 11 41
300 2 0 66
300 2 1 73
300 2 2 65
300 2 4 67
300 2 7 61
300 2 8 70
300 2 10 71
300 2 11 62
300 10 1 77
300 10 2 78
300 10 4 73
300 10 5 81
300 10 6 74
300 10 8 79
300 10 9 68
300 10 11 70
300 14 0 65
300 14 4 72
300 14 5 64
300 14 6 66
300 14 8 60
300 14 9 69
300 14 10 70
300 14 11 61
301 0 2 92
301 0 3 85
301 0 4 91
301 0 7 87
301 0 8 91
301 0 9 90
301 0 10 93
301 0 11 84
301 4 0 91
301 4 1 84
301 4 3 90
301 4 5 86
301 4 7 90
301 4 8 89
301 4 9 92
301 4 10 83
301 6 0 91
301 6 1 84
301 6 2 90
301 6 5 86
301 6 6 90
301 6 7 89
301 6 8 92
301 6 10 83
301 9 0 86
301 9 2 85
301 9 3 85
301 9 4 93
301 9 7 91
301 9 8 86
301 9 10 89
301 9 11 84
301 12 0 85
301 12 1 95
301 12 2 98
301 12 3 85
301 12 5 95
301 12 6 99
301 12 9 89
301 12 10 97
302 6 0 52
302 6 1 51
302 6 2 51
302 6 5 59
302 6 6 57
302 6 7 56
302 6 8 59
302 6 10 50
302 9 0 51
302 9 2 50
302 9 3 50
302 9 4 58
302 9 7 56
302 9 8 55
302 9 10 58
302 9 11 49
302 11 2 51
302 11 3 50
302 11 5 50
302 11 6 58
302 11 7 56
302 11 8 55
302 11 9 58
302 11 10 49
302 13 1 60
302 13 2 67
302 13 3 59
302 13 6 61
302 13 7 55
302 13 9 64
302 13 10 65
302 13 11 56
303 0 2 95
303 0 3 88
303 0 4 94
303 0 7 90
303 0 8 94
303 0 9 93
303 0 10 96
303 0 11 87
303 3 0 88
303 3 1 81
303 3 5 87
303 3 6 83
303 3 7 87
303 3 9 86
303 3 10 89
303 3 11 80
303 5 1 94
303 5 2 87
303 5 4 93
303 5 5 89
303 5 6 93
303 5 8 92
303 5 10 95
303 5 11 86
303 12 0 90
303 12 1 83
303 12 2 89
303 12 3 85
303 12 5 89
303 12 6 88
303 12 9 91
303 12 10 82
304 1 0 63
304 1 1 70
304 1 2 62
304 1 3 64
304 1 4 58
304 1 5 67
304 1 9 68
304 1 10 59
304 8 0 74
304 8 2 75
304 8 3 70
304 8 4 78
304 8 5 71
304 8 7 76
304 8 8 65
304 8 11 67
304 11 2 62
304 11 3 69
304 11 5 61
304 11 6 63
304 11 7 57
304 11 8 66
304 11 9 67
304 11 10 58
304 14 0 64
304 14 4 71
304 14 5 63
304 14 6 65
304 14 8 59
304 14 9 68
304 14 10 69
304 14 11 60
305 2 0 98
305 2 1 103
305 2 2 93
305 2 4 105
305 2 7 99
305 2 8 92
305 2 10 103
305 2 11 102
305 6 0 90
305 6 1 89
305 6 2 89
305 6 5 97
305 6 6 95
305 6 7 90
305 6 8 93
305 6 10 88
305 7 0 97
305 7 1 102
305 7 3 92
305 7 5 104
305 7 6 98
305 7 8 91
305 7 9 102
305 7 11 101
305 8 0 99
305 8 2 104
305 8 3 94
305 8 4 106
305 8 5 100
305 8 7 93
305 8 8 104
305 8 11 103
305 14 0 100
305 14 4 105
305 14 5 95
305 14 6 107
305 14 8 101
305 14 9 94
305 14 10 105
305 14 11 104
306 4 0 37
306 4 1 38
306 4 3 35
306 4 5 39
306 4 7 36
306 4 8 38
306 4 9 33
306 4 10 34
306 6 0 38
306 6 1 39
306 6 2 36
306 6 5 40
306 6 6 37
306 6 7 39
306 6 8 34
306 6 10 35
306 7 0 35
306 7 1 36
306 7 3 33
306 7 5 37
306 7 6 34
306 7 8 36
306 7 9 31
306 7 11 32
306 9 0 39
306 9 2 40
306 9 3 37
306 9 4 41
306 9 7 38
306 9 8 40
306 9 10 35
306 9 11 36
307 0 2 85
307 0 3 84
307 0 4 84
307 0 7 92
307 0 8 90
307 0 9 85
307 0 10 88
307 0 11 83
307 1 0 85
307 1 1 95
307 1 2 98
307 1 3 85
307 1 4 95
307 1 5 99
307 1 9 89
307 1 10 97
307 2 0 85
307 2 1 95
307 2 2 98
307 2 4 85
307 2 7 95
307 2 8 99
307 2 10 89
307 2 11 97
307 9 0 92
307 9 2 91
307 9 3 91
307 9 4 99
307 9 7 97
307 9 8 92
307 9 10 95
307 9 11 90
308 5 1 14
308 5 2 15
308 5 4 13
308 5 5 15
308 5 6 14
308 5 8 15
308 5 10 12
308 5 11 13
308 6 0 15
308 6 1 16
308 6 2 14
308 6 5 16
308 6 6 15
308 6 7 16
308 6 8 13
308 6 10 14
308 12 0 13
308 12 1 14
308 12 2 12
308 12 3 14
308 12 5 13
308 12 6 14
308 12 9 11
308 12 10 12
309 1 0 23
309 1 1 22
309 1 2 22
309 1 3 24
309 1 4 22
309 1 5 21
309 1 9 24
309 1 10 21
309 5 1 22
309 5 2 21
309 5 4 21
309 5 5 23
309 5 6 21
309 5 8 20
309 5 10 23
309 5 11 20
309 6 0 22
309 6 1 21
309 6 2 21
309 6 5 23
309 6 6 21
309 6 7 20
309 6 8 23
309 6 10 20
309 14 0 19
309 14 4 20
309 14 5 18
309 14 6 20
309 14 8 19
309 14 9 20
309 14 10 17
309 14 11 18
310 4 0 85
310 4 1 95
310 4 3 98
310 4 5 85
310 4 7 95
310 4 8 99
310 4 9 89
310 4 10 97
310 7 0 90
310 7 1 83
310 7 3 89
310 7 5 85
310 7 6 89
310 7 8 88
310 7 9 91
310 7 11 82
310 13 1 96
310 13 2 89
310 13 3 95
310 13 6 91
310 13 7 95
310 13 9 94
310 13 10 97
310 13 11 88
311 0 2 87
311 0 3 86
311 0 4 86
311 0 7 94
311 0 8 92
311 0 9 87
311 0 10 90
311 0 11 85
311 5 1 86
311 5 2 85
311 5 4 85
311 5 5 93
311 5 6 91
311 5 8 86
311 5 10 89
311 5 11 84
311 6 0 86
311 6 1 85
311 6 2 85
311 6 5 93
311 6 6 91
311 6 7 86
311 6 8 89
311 6 10 84
312 3 0 43
312 3 1 36
312 3 5 42
312 3 6 38
312 3 7 42
312 3 9 41
312 3 10 44
312 3 11 44
312 7 0 40
312 7 1 39
312 7 3 39
312 7 5 37
312 7 6 45
312 7 8 40
312 7 9 43
312 7 11 38
312 8 0 39
312 8 2 40
312 8 3 37
312 8 4 41
312 8 5 38
312 8 7 40
312 8 8 35
312 8 11 36
312 9 0 41
312 9 2 40
312 9 3 40
312 9 4 38
312 9 7 46
312 9 8 41
312 9 10 44
312 9 11 39
312 12 0 40
312 12 1 41
312 12 2 38
312 12 3 42
312 12 5 39
312 12 6 41
312 12 9 36
312 12 10 37
313 3 0 40
313 3 1 39
313 3 5 39
313 3 6 37
313 3 7 45
313 3 9 40
313 3 10 43
313 3 11 38
313 4 0 43
313 4 1 36
313 4 3 42
313 4 5 38
313 4 7 42
313 4 8 41
313 4 9 44
313 4 10 44
313 10 1 43
313 10 2 36
313 10 4 42
313 10 5 38
313 10 6 42
313 10 8 41
313 10 9 44
313 10 11 44
313 12 0 39
313 12 1 40
313 12 2 37
313 12 3 41
313 12 5 38
313 12 6 40
313 12 9 35
313 12 10 36
313 13 1 45
313 13 2 44
313 13 3 44
313 13 6 42
313 13 7 50
313 13 9 45
313 13 10 48
313 13 11 43
314 3 0 23
314 3 1 22
314 3 5 22
314 3 6 24
314 3 7 22
314 3 9 21
314 3 10 24
314 3 11 21
314 7 0 22
314 7 1 21
314 7 3 21
314 7 5 23
314 7 6 21
314 7 8 20
314 7 9 23
314 7 11 20
314 13 1 22
314 13 2 21
314 13 3 21
314 13 6 23
314 13 7 21
314 13 9 20
314 13 10 23
314 13 11 20
315 0 2 39
315 0 3 40
315 0 4 37
315 0 7 41
315 0 8 38
315 0 9 40
315 0 10 35
315 0 11 36
315 8 0 40
315 8 2 41
315 8 3 38
315 8 4 42
315 8 5 39
315 8 7 41
315 8 8 36
315 8 11 37
315 9 0 37
315 9 2 38
315 9 3 35
315 9 4 39
315 9 7 36
315 9 8 38
315 9 10 33
315 9 11 34
315 10 1 43
315 10 2 36
315 10 4 42
315 10 5 38
315 10 6 42
315 10 8 41
315 10 9 44
315 10 11 44
315 14 0 38
315 14 4 39
315 14 5 36
315 14 6 40
315 14 8 37
315 14 9 39
315 14 10 34
315 14 11 35
316 0 2 46
316 0 3 45
316 0 4 45
316 0 7 43
316 0 8 51
316 0 9 46
316 0 10 49
316 0 11 44
316 2 0 45
316 2 1 44
316 2 2 44
316 2 4 42
316 2 7 50
316 2 8 45
316 2 10 48
316 2 11 43
316 9 0 45
316 9 2 44
316 9 3 44
316 9 4 42
316 9 7 50
316 9 8 45
316 9 10 48
316 9 11 43
316 13 1 43
316 13 2 42
316 13 3 42
316 13 6 40
316 13 7 48
316 13 9 43
316 13 10 46
316 13 11 41
316 14 0 50
316 14 4 49
316 14 5 49
316 14 6 57
316 14 8 55
316 14 9 54
316 14 10 57
316 14 11 48
317 4 0 12
317 4 1 13
317 4 3 11
317 4 5 13
317 4 7 12
317 4 8 13
317 4 9 10
317 4 10 11
317 9 0 13
317 9 2 14
317 9 3 12
317 9 4 14
317 9 7 13
317 9 8 14
317 9 10 11
317 9 11 12
317 10 1 11
317 10 2 12
317 10 4 10
317 10 5 12
317 10 6 11
317 10 8 12
317 10 9 9
317 10 11 10
317 12 0 13
317 12 1 14
317 12 2 12
317 12 3 14
317 12 5 13
317 12 6 14
317 12 9 11
317 12 10 12
318 1 0 66
318 1 1 73
318 1 2 65
318 1 3 67
318 1 4 61
318 1 5 70
318 1 9 71
318 1 10 62
318 3 0 77
318 3 1 78
318 3 5 73
318 3 6 81
318 3 7 74
318 3 9 79
318 3 10 68
318 3 11 70
318 4 0 65
318 4 1 72
318 4 3 64
318 4 5 66
318 4 7 60
318 4 8 69
318 4 9 70
318 4 10 61
318 9 0 67
318 9 2 74
318 9 3 66
318 9 4 68
318 9 7 62
318 9 8 71
318 9 10 72
318 9 11 63
318 11 2 61
318 11 3 68
318 11 5 60
318 11 6 62
318 11 7 56
318 11 8 65
318 11 9 66
318 11 10 57
319 4 0 46
319 4 1 45
319 4 3 45
319 4 5 43
319 4 7 51
319 4 8 46
319 4 9 49
319 4 10 44
319 9 0 45
319 9 2 44
319 9 3 44
319 9 4 42
319 9 7 50
319 9 8 45
319 9 10 48
319 9 11 43
319 11 2 45
319 11 3 44
319 11 5 44
319 11 6 42
319 11 7 50
319 11 8 45
319 11 9 48
319 11 10 43
319 12 0 43
319 12 1 42
319 12 2 42
319 12 3 40
319 12 5 48
319 12 6 43
319 12 9 46
319 12 10 41
320 2 0 60
320 2 1 67
320 2 2 59
320 2 4 61
320 2 7 55
320 2 8 64
320 2 10 65
320 2 11 56
320 5 1 67
320 5 2 74
320 5 4 66
320 5 5 68
320 5 6 62
320 5 8 71
320 5 10 72
320 5 11 63
320 13 1 57
320 13 2 62
320 13 3 56
320 13 6 63
320 13 7 61
320 13 9 56
320 13 10 59
320 13 11 57
321 4 0 64
321 4 1 71
321 4 3 63
321 4 5 65
321 4 7 59
321 4 8 68
321 4 9 69
321 4 10 60
321 5 1 75
321 5 2 76
321 5 4 71
321 5 5 79
321 5 6 72
321 5 8 77
321 5 10 66
321 5 11 68
321 7 0 63
321 7 1 70
321 7 3 62
321 7 5 64
321 7 6 58
321 7 8 67
321 7 9 68
321 7 11 59
322 9 0 85
322 9 2 95
322 9 3 98
322 9 4 85
322 9 7 95
322 9 8 99
322 9 10 89
322 9 11 97
322 10 1 96
322 10 2 89
322 10 4 95
322 10 5 91
322 10 6 95
322 10 8 94
322 10 9 97
322 10 11 88
322 11 2 96
322 11 3 89
322 11 5 95
322 11 6 91
322 11 7 95
322 11 8 94
322 11 9 97
322 11 10 88
322 12 0 91
322 12 1 90
322 12 2 90
322 12 3 98
322 12 5 96
322 12 6 91
322 12 9 94
322 12 10 89
322 14 0 89
322 14 4 88
322 14 5 88
322 14 6 96
322 14 8 94
322 14 9 89
322 14 10 92
322 14 11 87
323 2 0 36
323 2 1 37
323 2 2 34
323 2 4 38
323 2 7 35
323 2 8 37
323 2 10 32
323 2 11 33
323 10 1 37
323 10 2 38
323 10 4 35
323 10 5 39
323 10 6 36
323 10 8 38
323 10 9 33
323 10 11 34
323 13 1 34
323 13 2 35
323 13 3 32
323 13 6 36
323 13 7 33
323 13 9 35
323 13 10 30
323 13 11 31
323 14 0 38
323 14 4 39
323 14 5 36
323 14 6 40
323 14 8 37
323 14 9 39
323 14 10 34
323 14 11 35
324 2 0 81
324 2 1 82
324 2 2 77
324 2 4 85
324 2 7 78
324 2 8 83
324 2 10 72
324 2 11 74
324 3 0 82
324 3 1 83
324 3 5 78
324 3 6 86
324 3 7 79
324 3 9 84
324 3 10 73
324 3 11 75
324 5 1 77
324 5 2 78
324 5 4 73
324 5 5 81
324 5 6 74
324 5 8 79
324 5 10 68
324 5 11 70
324 12 0 89
324 12 1 82
324 12 2 88
324 12 3 84
324 12 5 88
324 12 6 87
324 12 9 90
324 12 10 81
324 13 1 78
324 13 2 79
324 13 3 74
324 13 6 82
324 13 7 75
324 13 9 80
324 13 10 69
324 13 11 71
325 12 0 86
325 12 1 85
325 12 2 85
325 12 3 93
325 12 5 91
325 12 6 86
325 12 9 89
325 12 10 84
325 13 1 85
325 13 2 84
325 13 3 84
325 13 6 92
325 13 7 90
325 13 9 85
325 13 10 88
325 13 11 83
325 14 0 85
325 14 4 84
325 14 5 84
325 14 6 92
325 14 8 90
325 14 9 85
325 14 10 88
325 14 11 83
326 2 0 23
326 2 1 22
326 2 2 22
326 2 4 24
326 2 7 22
326 2 8 21
326 2 10 24
326 2 11 21
326 7 0 22
326 7 1 21
326 7 3 21
326 7 5 23
326 7 6 21
326 7 8 20
326 7 9 23
326 7 11 20
326 8 0 22
326 8 2 21
326 8 3 21
326 8 4 23
326 8 5 21
326 8 7 20
326 8 8 23
326 8 11 20
327 6 0 63
327 6 1 70
327 6 2 62
327 6 5 64
327 6 6 58
327 6 7 67
327 6 8 68
327 6 10 59
327 7 0 74
327 7 1 75
327 7 3 70
327 7 5 78
327 7 6 71
327 7 8 76
327 7 9 65
327 7 11 67
327 10 1 62
327 10 2 69
327 10 4 61
327 10 5 63
327 10 6 57
327 10 8 66
327 10 9 67
327 10 11 58
327 11 2 64
327 11 3 71
327 11 5 63
327 11 6 65
327 11 7 59
327 11 8 68
327 11 9 69
327 11 10 60
328 8 0 85
328 8 2 84
328 8 3 84
328 8 4 92
328 8 5 90
328 8 7 85
328 8 8 88
328 8 11 83
328 13 1 85
328 13 2 95
328 13 3 98
328 13 6 85
328 13 7 95
328 13 9 99
328 13 10 89
328 13 11 97
328 14 0 85
328 14 4 95
328 14 5 98
328 14 6 85
328 14 8 95
328 14 9 99
328 14 10 89
328 14 11 97
329 1 0 94
329 1 1 87
329 1 2 93
329 1 3 89
329 1 4 93
329 1 5 92
329 1 9 95
329 1 10 86
329 3 0 93
329 3 1 86
329 3 5 92
329 3 6 88
329 3 7 92
329 3 9 91
329 3 10 94
329 3 11 85
329 7 0 93
329 7 1 86
329 7 3 92
329 7 5 88
329 7 6 92
329 7 8 91
329 7 9 94
329 7 11 85
329 12 0 88
329 12 1 87
329 12 2 87
329 12 3 95
329 12 5 93
329 12 6 88
329 12 9 91
329 12 10 86
329 13 1 86
329 13 2 85
329 13 3 85
329 13 6 93
329 13 7 91
329 13 9 86
329 13 10 89
329 13 11 84
330 4 0 92
330 4 1 85
330 4 3 91
330 4 5 87
330 4 7 91
330 4 8 90
330 4 9 93
330 4 10 84
330 8 0 89
330 8 2 88
330 8 3 88
330 8 4 96
330 8 5 94
330 8 7 89
330 8 8 92
330 8 11 87
330 13 1 92
330 13 2 91
330 13 3 91
330 13 6 99
330 13 7 97
330 13 9 92
330 13 10 95
330 13 11 90
331 4 0 18
331 4 1 19
331 4 3 17
331 4 5 19
331 4 7 18
331 4 8 19
331 4 9 16
331 4 10 17
331 8 0 19
331 8 2 20
331 8 3 18
331 8 4 20
331 8 5 19
331 8 7 20
331 8 8 17
331 8 11 18
331 10 1 17
331 10 2 18
331 10 4 16
331 10 5 18
331 10 6 17
331 10 8 18
331 10 9 15
331 10 11 16
331 14 0 19
331 14 4 20
331 14 5 18
331 14 6 20
331 14 8 19
331 14 9 20
331 14 10 17
331 14 11 18
332 3 0 28
332 3 1 27
332 3 5 27
332 3 6 29
332 3 7 27
332 3 9 26
332 3 10 29
332 3 11 26
332 11 2 27
332 11 3 26
332 11 5 26
332 11 6 28
332 11 7 26
332 11 8 25
332 11 9 28
332 11 10 25
332 12 0 27
332 12 1 26
332 12 2 26
332 12 3 28
332 12 5 26
332 12 6 25
332 12 9 28
332 12 10 25
333 0 2 37
333 0 3 38
333 0 4 35
333 0 7 39
333 0 8 36
333 0 9 38
333 0 10 33
333 0 11 34
333 3 0 38
333 3 1 39
333 3 5 36
333 3 6 40
333 3 7 37
333 3 9 39
333 3 10 34
333 3 11 35
333 5 1 35
333 5 2 36
333 5 4 33
333 5 5 37
333 5 6 34
333 5 8 36
333 5 10 31
333 5 11 32
333 7 0 39
333 7 1 40
333 7 3 37
333 7 5 41
333 7 6 38
333 7 8 40
333 7 9 35
333 7 11 36
333 11 2 36
333 11 3 37
333 11 5 34
333 11 6 38
333 11 7 35
333 11 8 37
333 11 9 32
333 11 10 33
334 0 2 96
334 0 3 89
334 0 4 95
334 0 7 91
334 0 8 95
334 0 9 94
334 0 10 97
334 0 11 88
334 1 0 89
334 1 1 82
334 1 2 88
334 1 3 84
334 1 4 88
334 1 5 87
334 1 9 90
334 1 10 81
334 9 0 95
334 9 2 88
334 9 3 94
334 9 4 90
334 9 7 94
334 9 8 93
334 9 10 96
334 9 11 87
334 10 1 91
334 10 2 84
334 10 4 90
334 10 5 86
334 10 6 90
334 10 8 89
334 10 9 92
334 10 11 83
335 2 0 40
335 2 1 39
335 2 2 39
335 2 4 37
335 2 7 45
335 2 8 40
335 2 10 43
335 2 11 38
335 7 0 43
335 7 1 36
335 7 3 42
335 7 5 38
335 7 6 42
335 7 8 41
335 7 9 44
335 7 11 44
335 8 0 43
335 8 2 36
335 8 3 42
335 8 4 38
335 8 5 42
335 8 7 41
335 8 8 44
335 8 11 44
335 14 0 39
335 14 4 40
335 14 5 37
335 14 6 41
335 14 8 38
335 14 9 40
335 14 10 35
335 14 11 36
336 2 0 65
336 2 1 72
336 2 2 64
336 2 4 66
336 2 7 60
336 2 8 69
336 2 10 70
336 2 11 61
336 3 0 76
336 3 1 77
336 3 5 72
336 3 6 80
336 3 7 73
336 3 9 78
336 3 10 67
336 3 11 69
336 7 0 64
336 7 1 71
336 7 3 63
336 7 5 65
336 7 6 59
336 7 8 68
336 7 9 69
336 7 11 60
336 8 0 66
336 8 2 73
336 8 3 65
336 8 4 67
336 8 5 61
336 8 7 70
336 8 8 71
336 8 11 62
337 4 0 40
337 4 1 41
337 4 3 38
337 4 5 42
337 4 7 39
337 4 8 41
337 4 9 36
337 4 10 37
337 9 0 43
337 9 2 36
337 9 3 42
337 9 4 38
337 9 7 42
337 9 8 41
337 9 10 44
337 9 11 44
337 12 0 38
337 12 1 39
337 12 2 36
337 12 3 40
337 12 5 37
337 12 6 39
337 12 9 34
337 12 10 35
338 1 0 64
338 1 1 71
338 1 2 63
338 1 3 65
338 1 4 59
338 1 5 68
338 1 9 69
338 1 10 60
338 5 1 75
338 5 2 76
338 5 4 71
338 5 5 79
338 5 6 72
338 5 8 77
338 5 10 66
338 5 11 68
338 9 0 63
338 9 2 70
338 9 3 62
338 9 4 64
338 9 7 58
338 9 8 67
338 9 10 68
338 9 11 59
339 6 0 50
339 6 1 49
339 6 2 49
339 6 5 57
339 6 6 55
339 6 7 54
339 6 8 57
339 6 10 48
339 8 0 49
339 8 2 48
339 8 3 48
339 8 4 56
339 8 5 54
339 8 7 53
339 8 8 56
339 8 11 47
339 10 1 49
339 10 2 48
339 10 4 48
339 10 5 56
339 10 6 54
339 10 8 53
339 10 9 56
339 10 11 47
339 11 2 57
339 11 3 56
339 11 5 56
339 11 6 64
339 11 7 62
339 11 8 61
339 11 9 64
339 11 10 55
339 14 0 55
339 14 4 54
339 14 5 54
339 14 6 62
339 14 8 60
339 14 9 59
339 14 10 62
339 14 11 53
340 1 0 43
340 1 1 36
340 1 2 42
340 1 3 38
340 1 4 42
340 1 5 41
340 1 9 44
340 1 10 44
340 6 0 40
340 6 1 39
340 6 2 39
340 6 5 37
340 6 6 45
340 6 7 40
340 6 8 43
340 6 10 38
340 10 1 39
340 10 2 40
340 10 4 37
340 10 5 41
340 10 6 38
340 10 8 40
340 10 9 35
340 10 11 36
340 13 1 41
340 13 2 40
340 13 3 40
340 13 6 38
340 13 7 46
340 13 9 41
340 13 10 44
340 13 11 39
340 14 0 40
340 14 4 41
340 14 5 38
340 14 6 42
340 14 8 39
340 14 9 41
340 14 10 36
340 14 11 37
341 2 0 79
341 2 1 80
341 2 2 75
341 2 4 83
341 2 7 76
341 2 8 81
341 2 10 70
341 2 11 72
341 6 0 80
341 6 1 81
341 6 2 76
341 6 5 84
341 6 6 77
341 6 7 82
341 6 8 71
341 6 10 73
341 8 0 75
341 8 2 76
341 8 3 71
341 8 4 79
341 8 5 72
341 8 7 77
341 8 8 66
341 8 11 68
341 13 1 85
341 13 2 75
341 13 3 85
341 13 6 75
341 13 7 86
341 13 9 84
341 13 10 77
341 13 11 86
342 1 0 49
342 1 1 48
342 1 2 48
342 1 3 56
342 1 4 54
342 1 5 53
342 1 9 56
342 1 10 47
342 10 1 44
342 10 2 43
342 10 4 43
342 10 5 41
342 10 6 49
342 10 8 44
342 10 9 47
342 10 11 42
342 12 0 45
342 12 1 44
342 12 2 44
342 12 3 42
342 12 5 50
342 12 6 45
342 12 9 48
342 12 10 43
343 0 2 98
343 0 3 103
343 0 4 93
343 0 7 105
343 0 8 99
343 0 9 92
343 0 10 103
343 0 11 102
343 2 0 90
343 2 1 89
343 2 2 89
343 2 4 97
343 2 7 95
343 2 8 90
343 2 10 93
343 2 11 88
343 5 1 97
343 5 2 102
343 5 4 92
343 5 5 104
343 5 6 98
343 5 8 91
343 5 10 102
343 5 11 101
343 12 0 99
343 12 1 104
343 12 2 94
343 12 3 106
343 12 5 100
343 12 6 93
343 12 9 104
343 12 10 103
343 14 0 100
343 14 4 105
343 14 5 95
343 14 6 107
343 14 8 101
343 14 9 94
343 14 10 105
343 14 11 104
344 0 2 86
344 0 3 85
344 0 4 85
344 0 7 93
344 0 8 91
344 0 9 86
344 0 10 89
344 0 11 84
344 3 0 85
344 3 1 84
344 3 5 84
344 3 6 92
344 3 7 90
344 3 9 85
344 3 10 88
344 3 11 83
344 5 1 85
344 5 2 84
344 5 4 84
344 5 5 92
344 5 6 90
344 5 8 85
344 5 10 88
344 5 11 83
344 6 0 93
344 6 1 92
344 6 2 92
344 6 5 100
344 6 6 98
344 6 7 93
344 6 8 96
344 6 10 91
344 10 1 91
344 10 2 90
344 10 4 90
344 10 5 98
344 10 6 96
344 10 8 91
344 10 9 94
344 10 11 89
345 0 2 26
345 0 3 25
345 0 4 25
345 0 7 27
345 0 8 25
345 0 9 24
345 0 10 27
345 0 11 24
345 1 0 25
345 1 1 24
345 1 2 24
345 1 3 26
345 1 4 24
345 1 5 23
345 1 9 26
345 1 10 23
345 2 0 25
345 2 1 24
345 2 2 24
345 2 4 26
345 2 7 24
345 2 8 23
345 2 10 26
345 2 11 23
345 9 0 27
345 9 2 26
345 9 3 26
345 9 4 28
345 9 7 26
345 9 8 25
345 9 10 28
345 9 11 25
345 13 1 25
345 13 2 24
345 13 3 24
345 13 6 26
345 13 7 24
345 13 9 23
345 13 10 26
345 13 11 23
346 0 2 26
346 0 3 25
346 0 4 25
346 0 7 27
346 0 8 25
346 0 9 24
346 0 10 27
346 0 11 24
346 7 0 25
346 7 1 24
346 7 3 24
346 7 5 26
346 7 6 24
346 7 8 23
346 7 9 26
346 7 11 23
346 10 1 25
346 10 2 24
346 10 4 24
346 10 5 26
346 10 6 24
346 10 8 23
346 10 9 26
346 10 11 23
346 11 2 27
346 11 3 26
346 11 5 26
346 11 6 28
346 11 7 26
346 11 8 25
346 11 9 28
346 11 10 25
346 14 0 25
346 14 4 24
346 14 5 24
346 14 6 26
346 14 8 24
346 14 9 23
346 14 10 26
346 14 11 23
347 1 0 55
347 1 1 54
347 1 2 54
347 1 3 62
347 1 4 60
347 1 5 59
347 1 9 62
347 1 10 53
347 2 0 54
347 2 1 53
347 2 2 53
347 2 4 61
347 2 7 59
347 2 8 58
347 2 10 61
347 2 11 52
347 6 0 54
347 6 1 53
347 6 2 53
347 6 5 61
347 6 6 59
347 6 7 58
347 6 8 61
347 6 10 52
347 7 0 63
347 7 1 70
347 7 3 62
347 7 5 64
347 7 6 58
347 7 8 67
347 7 9 68
347 7 11 59
348 5 1 92
348 5 2 85
348 5 4 91
348 5 5 87
348 5 6 91
348 5 8 90
348 5 10 93
348 5 11 84
348 8 0 89
348 8 2 88
348 8 3 88
348 8 4 96
348 8 5 94
348 8 7 89
348 8 8 92
348 8 11 87
348 13 1 92
348 13 2 91
348 13 3 91
348 13 6 99
348 13 7 97
348 13 9 92
348 13 10 95
348 13 11 90
348 14 0 92
348 14 4 85
348 14 5 91
348 14 6 87
348 14 8 91
348 14 9 90
348 14 10 93
348 14 11 84
349 1 0 49
349 1 1 48
349 1 2 48
349 1 3 56
349 1 4 54
349 1 5 53
349 1 9 56
349 1 10 47
349 2 0 51
349 2 1 45
349 2 2 46
349 2 4 47
349 2 7 52
349 2 8 45
349 2 10 45
349 2 11 55
349 3 0 51
349 3 1 45
349 3 5 46
349 3 6 47
349 3 7 52
349 3 9 45
349 3 10 45
349 3 11 55
350 0 2 12
350 0 3 13
350 0 4 11
350 0 7 13
350 0 8 12
350 0 9 13
350 0 10 10
350 0 11 11
350 8 0 13
350 8 2 14
350 8 3 12
350 8 4 14
350 8 5 13
350 8 7 14
350 8 8 11
350 8 11 12
350 10 1 11
350 10 2 12
350 10 4 10
350 10 5 12
350 10 6 11
350 10 8 12
350 10 9 9
350 10 11 10
351 3 0 49
351 3 1 48
351 3 5 48
351 3 6 56
351 3 7 54
351 3 9 53
351 3 10 56
351 3 11 47
351 13 1 51
351 13 2 45
351 13 3 46
351 13 6 47
351 13 7 52
351 13 9 45
351 13 10 45
351 13 11 55
351 14 0 51
351 14 4 45
351 14 5 46
351 14 6 47
351 14 8 52
351 14 9 45
351 14 10 45
351 14 11 55
352 4 0 35
352 4 1 36
352 4 3 33
352 4 5 37
352 4 7 34
352 4 8 36
352 4 9 31
352 4 10 32
352 5 1 36
352 5 2 37
352 5 4 34
352 5 5 38
352 5 6 35
352 5 8 37
352 5 10 32
352 5 11 33
352 11 2 33
352 11 3 34
352 11 5 31
352 11 6 35
352 11 7 32
352 11 8 34
352 11 9 29
352 11 10 30
353 4 0 44
353 4 1 43
353 4 3 43
353 4 5 41
353 4 7 49
353 4 8 44
353 4 9 47
353 4 10 42
353 5 1 43
353 5 2 42
353 5 4 42
353 5 5 40
353 5 6 48
353 5 8 43
353 5 10 46
353 5 11 41
353 9 0 43
353 9 2 42
353 9 3 42
353 9 4 40
353 9 7 48
353 9 8 43
353 9 10 46
353 9 11 41
354 2 0 54
354 2 1 53
354 2 2 53
354 2 4 61
354 2 7 59
354 2 8 58
354 2 10 61
354 2 11 52
354 11 2 53
354 11 3 52
354 11 5 52
354 11 6 60
354 11 7 58
354 11 8 57
354 11 9 60
354 11 10 51
354 14 0 53
354 14 4 52
354 14 5 52
354 14 6 60
354 14 8 58
354 14 9 57
354 14 10 60
354 14 11 51
355 8 0 67
355 8 2 74
355 8 3 66
355 8 4 68
355 8 5 62
355 8 7 71
355 8 8 72
355 8 11 63
355 11 2 78
355 11 3 79
355 11 5 74
355 11 6 82
355 11 7 75
355 11 8 80
355 11 9 69
355 11 10 71
355 12 0 66
355 12 1 73
355 12 2 65
355 12 3 67
355 12 5 61
355 12 6 70
355 12 9 71
355 12 10 62
356 4 0 51
356 4 1 50
356 4 3 50
356 4 5 58
356 4 7 56
356 4 8 55
356 4 9 58
356 4 10 49
356 6 0 50
356 6 1 49
356 6 2 49
356 6 5 57
356 6 6 55
356 6 7 54
356 6 8 57
356 6 10 48
356 8 0 50
356 8 2 49
356 8 3 49
356 8 4 57
356 8 5 55
356 8 7 54
356 8 8 57
356 8 11 48
357 4 0 85
357 4 1 95
357 4 3 98
357 4 5 85
357 4 7 95
357 4 8 99
357 4 9 89
357 4 10 97
357 5 1 90
357 5 2 83
357 5 4 89
357 5 5 85
357 5 6 89
357 5 8 88
357 5 10 91
357 5 11 82
357 6 0 96
357 6 1 89
357 6 2 95
357 6 5 91
357 6 6 95
357 6 7 94
357 6 8 97
357 6 10 88
357 10 1 92
357 10 2 85
357 10 4 91
357 10 5 87
357 10 6 91
357 10 8 90
357 10 9 93
357 10 11 84
358 1 0 92
358 1 1 85
358 1 2 91
358 1 3 87
358 1 4 91
358 1 5 90
358 1 9 93
358 1 10 84
358 4 0 89
358 4 1 88
358 4 3 88
358 4 5 96
358 4 7 94
358 4 8 89
358 4 9 92
358 4 10 87
358 7 0 92
358 7 1 91
358 7 3 91
358 7 5 99
358 7 6 97
358 7 8 92
358 7 9 95
358 7 11 90
358 9 0 92
358 9 2 85
358 9 3 91
358 9 4 87
358 9 7 91
358 9 8 90
358 9 10 93
358 9 11 84
358 12 0 89
358 12 1 88
358 12 2 88
358 12 3 96
358 12 5 94
358 12 6 89
358 12 9 92
358 12 10 87
359 0 2 27
359 0 3 26
359 0 4 26
359 0 7 28
359 0 8 26
359 0 9 25
359 0 10 28
359 0 11 25
359 1 0 26
359 1 1 25
359 1 2 25
359 1 3 27
359 1 4 25
359 1 5 24
359 1 9 27
359 1 10 24
359 10 1 26
359 10 2 25
359 10 4 25
359 10 5 27
359 10 6 25
359 10 8 24
359 10 9 27
359 10 11 24
359 12 0 28
359 12 1 27
359 12 2 27
359 12 3 29
359 12 5 27
359 12 6 26
359 12 9 29
359 12 10 26
360 1 0 43
360 1 1 36
360 1 2 42
360 1 3 38
360 1 4 42
360 1 5 41
360 1 9 44
360 1 10 44
360 4 0 40
360 4 1 39
360 4 3 39
360 4 5 37
360 4 7 45
360 4 8 40
360 4 9 43
360 4 10 38
360 6 0 39
360 6 1 40
360 6 2 37
360 6 5 41
360 6 6 38
360 6 7 40
360 6 8 35
360 6 10 36
360 7 0 41
360 7 1 40
360 7 3 40
360 7 5 38
360 7 6 46
360 7 8 41
360 7 9 44
360 7 11 39
360 9 0 40
360 9 2 41
360 9 3 38
360 9 4 42
360 9 7 39
360 9 8 41
360 9 10 36
360 9 11 37
361 2 0 88
361 2 1 87
361 2 2 87
361 2 4 95
361 2 7 93
361 2 8 88
361 2 10 91
361 2 11 86
361 3 0 94
361 3 1 87
361 3 5 93
361 3 6 89
361 3 7 93
361 3 9 92
361 3 10 95
361 3 11 86
361 8 0 87
361 8 2 86
361 8 3 86
361 8 4 94
361 8 5 92
361 8 7 87
361 8 8 90
361 8 11 85
361 10 1 96
361 10 2 89
361 10 4 95
361 10 5 91
361 10 6 95
361 10 8 94
361 10 9 97
361 10 11 88
362 9 0 98
362 9 2 103
362 9 3 93
362 9 4 105
362 9 7 99
362 9 8 92
362 9 10 103
362 9 11 102
362 11 2 90
362 11 3 89
362 11 5 89
362 11 6 97
362 11 7 95
362 11 8 90
362 11 9 93
362 11 10 88
362 13 1 97
362 13 2 102
362 13 3 92
362 13 6 104
362 13 7 98
362 13 9 91
362 13 10 102
362 13 11 101
363 3 0 30
363 3 1 29
363 3 5 29
363 3 6 31
363 3 7 29
363 3 9 28
363 3 10 31
363 3 11 28
363 5 1 29
363 5 2 28
363 5 4 28
363 5 5 30
363 5 6 28
363 5 8 27
363 5 10 30
363 5 11 27
363 10 1 29
363 10 2 28
363 10 4 28
363 10 5 30
363 10 6 28
363 10 8 27
363 10 9 30
363 10 11 27
363 13 1 33
363 13 2 33
363 13 3 32
363 13 6 27
363 13 7 28
363 13 9 30
363 13 10 31
363 13 11 29
364 2 0 66
364 2 1 73
364 2 2 65
364 2 4 67
364 2 7 61
364 2 8 70
364 2 10 71
364 2 11 62
364 3 0 65
364 3 1 72
364 3 5 64
364 3 6 66
364 3 7 60
364 3 9 69
364 3 10 70
364 3 11 61
364 5 1 65
364 5 2 72
364 5 4 64
364 5 5 66
364 5 6 60
364 5 8 69
364 5 10 70
364 5 11 61
364 10 1 77
364 10 2 78
364 10 4 73
364 10 5 81
364 10 6 74
364 10 8 79
364 10 9 68
364 10 11 70
364 13 1 75
364 13 2 76
364 13 3 71
364 13 6 79
364 13 7 72
364 13 9 77
364 13 10 66
364 13 11 68
365 3 0 85
365 3 1 95
365 3 5 98
365 3 6 85
365 3 7 95
365 3 9 99
365 3 10 89
365 3 11 97
365 11 2 96
365 11 3 89
365 11 5 95
365 11 6 91
365 11 7 95
365 11 8 94
365 11 9 97
365 11 10 88
365 14 0 96
365 14 4 89
365 14 5 95
365 14 6 91
365 14 8 95
365 14 9 94
365 14 10 97
365 14 11 88
366 4 0 50
366 4 1 49
366 4 3 49
366 4 5 57
366 4 7 55
366 4 8 54
366 4 9 57
366 4 10 48
366 6 0 49
366 6 1 48
366 6 2 48
366 6 5 56
366 6 6 54
366 6 7 53
366 6 8 56
366 6 10 47
366 13 1 49
366 13 2 48
366 13 3 48
366 13 6 56
366 13 7 54
366 13 9 53
366 13 10 56
366 13 11 47
367 0 2 62
367 0 3 69
367 0 4 61
367 0 7 63
367 0 8 57
367 0 9 66
367 0 10 67
367 0 11 58
367 3 0 67
367 3 1 66
367 3 5 66
367 3 6 74
367 3 7 72
367 3 9 77
367 3 10 65
367 3 11 65
367 4 0 61
367 4 1 68
367 4 3 60
367 4 5 62
367 4 7 56
367 4 8 65
367 4 9 66
367 4 10 57
367 5 1 63
367 5 2 70
367 5 4 62
367 5 5 64
367 5 6 58
367 5 8 67
367 5 10 68
367 5 11 59
367 11 2 56
367 11 3 55
367 11 5 55
367 11 6 63
367 11 7 61
367 11 8 60
367 11 9 63
367 11 10 54
368 0 2 96
368 0 3 89
368 0 4 95
368 0 7 91
368 0 8 95
368 0 9 94
368 0 10 97
368 0 11 88
368 5 1 89
368 5 2 82
368 5 4 88
368 5 5 84
368 5 6 88
368 5 8 87
368 5 10 90
368 5 11 81
368 9 0 95
368 9 2 88
368 9 3 94
368 9 4 90
368 9 7 94
368 9 8 93
368 9 10 96
368 9 11 87
369 0 2 82
369 0 3 83
369 0 4 78
369 0 7 86
369 0 8 79
369 0 9 84
369 0 10 73
369 0 11 75
369 5 1 85
369 5 2 75
369 5 4 85
369 5 5 75
369 5 6 86
369 5 8 84
369 5 10 77
369 5 11 86
369 7 0 78
369 7 1 79
369 7 3 74
369 7 5 82
369 7 6 75
369 7 8 80
369 7 9 69
369 7 11 71
369 9 0 90
369 9 2 83
369 9 3 89
369 9 4 85
369 9 7 89
369 9 8 88
369 9 10 91
369 9 11 82
369 10 1 79
369 10 2 80
369 10 4 75
369 10 5 83
369 10 6 76
369 10 8 81
369 10 9 70
369 10 11 72
370 1 0 17
370 1 1 18
370 1 2 16
370 1 3 18
370 1 4 17
370 1 5 18
370 1 9 15
370 1 10 16
370 5 1 18
370 5 2 19
370 5 4 17
370 5 5 19
370 5 6 18
370 5 8 19
370 5 10 16
370 5 11 17
370 6 0 16
370 6 1 17
370 6 2 15
370 6 5 17
370 6 6 16
370 6 7 17
370 6 8 14
370 6 10 15
370 8 0 18
370 8 2 19
370 8 3 17
370 8 4 19
370 8 5 18
370 8 7 19
370 8 8 16
370 8 11 17
370 11 2 17
370 11 3 18
370 11 5 16
370 11 6 18
370 11 7 17
370 11 8 18
370 11 9 15
370 11 10 16
371 3 0 85
371 3 1 95
371 3 5 98
371 3 6 85
371 3 7 95
371 3 9 99
371 3 10 89
371 3 11 97
371 9 0 96
371 9 2 89
371 9 3 95
371 9 4 91
371 9 7 95
371 9 8 94
371 9 10 97
371 9 11 88
371 12 0 96
371 12 1 89
371 12 2 95
371 12 3 91
371 12 5 95
371 12 6 94
371 12 9 97
371 12 10 88
372 3 0 60
372 3 1 67
372 3 5 59
372 3 6 61
372 3 7 55
372 3 9 64
372 3 10 65
372 3 11 56
372 4 0 67
372 4 1 74
372 4 3 66
372 4 5 68
372 4 7 62
372 4 8 71
372 4 9 72
372 4 10 63
372 9 0 57
372 9 2 62
372 9 3 56
372 9 4 63
372 9 7 61
372 9 8 56
372 9 10 59
372 9 11 57
372 11 2 61
372 11 3 68
372 11 5 60
372 11 6 62
372 11 7 56
372 11 8 65
372 11 9 66
372 11 10 57
373 1 0 86
373 1 1 85
373 1 2 85
373 1 3 93
373 1 4 91
373 1 5 86
373 1 9 89
373 1 10 84
373 4 0 85
373 4 1 84
373 4 3 84
373 4 5 92
373 4 7 90
373 4 8 85
373 4 9 88
373 4 10 83
373 8 0 85
373 8 2 84
373 8 3 84
373 8 4 92
373 8 5 90
373 8 7 85
373 8 8 88
373 8 11 83
373 9 0 93
373 9 2 92
373 9 3 92
373 9 4 100
373 9 7 98
373 9 8 93
373 9 10 96
373 9 11 91
373 12 0 91
373 12 1 90
373 12 2 90
373 12 3 98
373 12 5 96
373 12 6 91
373 12 9 94
373 12 10 89
374 3 0 60
374 3 1 67
374 3 5 59
374 3 6 61
374 3 7 55
374 3 9 64
374 3 10 65
374 3 11 56
374 4 0 67
374 4 1 74
374 4 3 66
374 4 5 68
374 4 7 62
374 4 8 71
374 4 9 72
374 4 10 63
374 7 0 57
374 7 1 62
374 7 3 56
374 7 5 63
374 7 6 61
374 7 8 56
374 7 9 59
374 7 11 57
374 9 0 61
374 9 2 68
374 9 3 60
374 9 4 62
374 9 7 56
374 9 8 65
374 9 10 66
374 9 11 57
374 11 2 54
374 11 3 53
374 11 5 53
374 11 6 61
374 11 7 59
374 11 8 58
374 11 9 61
374 11 10 52
375 1 0 23
375 1 1 22
375 1 2 22
375 1 3 24
375 1 4 22
375 1 5 21
375 1 9 24
375 1 10 21
375 3 0 22
375 3 1 21
375 3 5 21
375 3 6 23
375 3 7 21
375 3 9 20
375 3 10 23
375 3 11 20
375 14 0 22
375 14 4 21
375 14 5 21
375 14 6 23
375 14 8 21
375 14 9 20
375 14 10 23
375 14 11 20
376 0 2 44
376 0 3 43
376 0 4 43
376 0 7 41
376 0 8 49
376 0 9 44
376 0 10 47
376 0 11 42
376 6 0 43
376 6 1 42
376 6 2 42
376 6 5 40
376 6 6 48
376 6 7 43
376 6 8 46
376 6 10 41
376 7 0 43
376 7 1 42
376 7 3 42
376 7 5 40
376 7 6 48
376 7 8 43
376 7 9 46
376 7 11 41
376 9 0 41
376 9 2 40
376 9 3 40
376 9 4 38
376 9 7 46
376 9 8 41
376 9 10 44
376 9 11 39
376 14 0 51
376 14 4 45
376 14 5 46
376 14 6 47
376 14 8 52
376 14 9 45
376 14 10 45
376 14 11 55
377 6 0 85
377 6 1 84
377 6 2 84
377 6 5 92
377 6 6 90
377 6 7 85
377 6 8 88
377 6 10 83
377 7 0 91
377 7 1 84
377 7 3 90
377 7 5 86
377 7 6 90
377 7 8 89
377 7 9 92
377 7 11 83
377 10 1 85
377 10 2 95
377 10 4 98
377 10 5 85
377 10 6 95
377 10 8 99
377 10 9 89
377 10 11 97
377 11 2 93
377 11 3 86
377 11 5 92
377 11 6 88
377 11 7 92
377 11 8 91
377 11 9 94
377 11 10 85
377 13 1 85
377 13 2 95
377 13 3 98
377 13 6 85
377 13 7 95
377 13 9 99
377 13 10 89
377 13 11 97
378 3 0 96
378 3 1 89
378 3 5 95
378 3 6 91
378 3 7 95
378 3 9 94
378 3 10 97
378 3 11 88
378 4 0 89
378 4 1 82
378 4 3 88
378 4 5 84
378 4 7 88
378 4 8 87
378 4 9 90
378 4 10 81
378 7 0 95
378 7 1 88
378 7 3 94
378 7 5 90
378 7 6 94
378 7 8 93
378 7 9 96
378 7 11 87
378 8 0 91
378 8 2 84
378 8 3 90
378 8 4 86
378 8 5 90
378 8 7 89
378 8 8 92
378 8 11 83
378 10 1 95
378 10 2 88
378 10 4 94
378 10 5 90
378 10 6 94
378 10 8 93
378 10 9 96
378 10 11 87
379 7 0 82
379 7 1 83
379 7 3 78
379 7 5 86
379 7 6 79
379 7 8 84
379 7 9 73
379 7 11 75
379 10 1 85
379 10 2 75
379 10 4 85
379 10 5 75
379 10 6 86
379 10 8 84
379 10 9 77
379 10 11 86
379 12 0 78
379 12 1 79
379 12 2 74
379 12 3 82
379 12 5 75
379 12 6 80
379 12 9 69
379 12 10 71
379 13 1 90
379 13 2 83
379 13 3 89
379 13 6 85
379 13 7 89
379 13 9 88
379 13 10 91
379 13 11 82
380 0 2 67
380 0 3 74
380 0 4 66
380 0 7 68
380 0 8 62
380 0 9 71
380 0 10 72
380 0 11 63
380 3 0 78
380 3 1 79
380 3 5 74
380 3 6 82
380 3 7 75
380 3 9 80
380 3 10 69
380 3 11 71
380 6 0 66
380 6 1 73
380 6 2 65
380 6 5 67
380 6 6 61
380 6 7 70
380 6 8 71
380 6 10 62
380 8 0 68
380 8 2 75
380 8 3 67
380 8 4 69
380 8 5 63
380 8 7 72
380 8 8 73
380 8 11 64
380 10 1 62
380 10 2 69
380 10 4 61
380 10 5 63
380 10 6 57
380 10 8 66
380 10 9 67
380 10 11 58
381 4 0 19
381 4 1 20
381 4 3 18
381 4 5 20
381 4 7 19
381 4 8 20
381 4 9 17
381 4 10 18
381 8 0 22
381 8 2 21
381 8 3 21
381 8 4 19
381 8 5 22
381 8 7 22
381 8 8 20
381 8 11 20
381 12 0 18
381 12 1 19
381 12 2 17
381 12 3 19
381 12 5 18
381 12 6 19
381 12 9 16
381 12 10 17
382 0 2 88
382 0 3 81
382 0 4 87
382 0 7 83
382 0 8 87
382 0 9 86
382 0 10 89
382 0 11 80
382 10 1 89
382 10 2 82
382 10 4 88
382 10 5 84
382 10 6 88
382 10 8 87
382 10 9 90
382 10 11 81
382 13 1 80
382 13 2 81
382 13 3 76
382 13 6 84
382 13 7 77
382 13 9 82
382 13 10 71
382 13 11 73
382 14 0 92
382 14 4 85
382 14 5 91
382 14 6 87
382 14 8 91
382 14 9 90
382 14 10 93
382 14 11 84
383 9 0 44
383 9 2 43
383 9 3 43
383 9 4 41
383 9 7 49
383 9 8 44
383 9 10 47
383 9 11 42
383 10 1 43
383 10 2 42
383 10 4 42
383 10 5 40
383 10 6 48
383 10 8 43
383 10 9 46
383 10 11 41
383 13 1 43
383 13 2 42
383 13 3 42
383 13 6 40
383 13 7 48
383 13 9 43
383 13 10 46
383 13 11 41
384 2 0 33
384 2 1 34
384 2 2 31
384 2 4 35
384 2 7 32
384 2 8 34
384 2 10 29
384 2 11 30
384 3 0 34
384 3 1 35
384 3 5 32
384 3 6 36
384 3 7 33
384 3 9 35
384 3 10 30
384 3 11 31
384 4 0 33
384 4 1 33
384 4 3 32
384 4 5 27
384 4 7 28
384 4 8 30
384 4 9 31
384 4 10 29
384 5 1 35
384 5 2 36
384 5 4 33
384 5 5 37
384 5 6 34
384 5 8 36
384 5 10 31
384 5 11 32
384 7 0 32
384 7 1 33
384 7 3 30
384 7 5 34
384 7 6 31
384 7 8 33
384 7 9 28
384 7 11 29
385 1 0 43
385 1 1 42
385 1 2 42
385 1 3 40
385 1 4 48
385 1 5 43
385 1 9 46
385 1 10 41
385 2 0 42
385 2 1 41
385 2 2 41
385 2 4 39
385 2 7 47
385 2 8 42
385 2 10 45
385 2 11 40
385 7 0 42
385 7 1 41
385 7 3 41
385 7 5 39
385 7 6 47
385 7 8 42
385 7 9 45
385 7 11 40
385 8 0 40
385 8 2 39
385 8 3 39
385 8 4 37
385 8 5 45
385 8 7 40
385 8 8 43
385 8 11 38
385 13 1 48
385 13 2 47
385 13 3 47
385 13 6 45
385 13 7 53
385 13 9 48
385 13 10 51
385 13 11 46
386 0 2 85
386 0 3 95
386 0 4 98
386 0 7 85
386 0 8 95
386 0 9 99
386 0 10 89
386 0 11 97
386 2 0 96
386 2 1 89
386 2 2 95
386 2 4 91
386 2 7 95
386 2 8 94
386 2 10 97
386 2 11 88
386 4 0 96
386 4 1 89
386 4 3 95
386 4 5 91
386 4 7 95
386 4 8 94
386 4 9 97
386 4 10 88
386 11 2 91
386 11 3 90
386 11 5 90
386 11 6 98
386 11 7 96
386 11 8 91
386 11 9 94
386 11 10 89
387 0 2 64
387 0 3 71
387 0 4 63
387 0 7 65
387 0 8 59
387 0 9 68
387 0 10 69
387 0 11 60
387 1 0 75
387 1 1 76
387 1 2 71
387 1 3 79
387 1 4 72
387 1 5 77
387 1 9 66
387 1 10 68
387 2 0 63
387 2 1 70
387 2 2 62
387 2 4 64
387 2 7 58
387 2 8 67
387 2 10 68
387 2 11 59
387 7 0 65
387 7 1 72
387 7 3 64
387 7 5 66
387 7 6 60
387 7 8 69
387 7 9 70
387 7 11 61
387 12 0 57
387 12 1 62
387 12 2 56
387 12 3 63
387 12 5 61
387 12 6 56
387 12 9 59
387 12 10 57
