Jobs:
0 1 2 3 4 5 6 7 8 9 10 11 12 13 14 15 16 17 18 19 20 21 22 23 24 25 26 27 28 29
Machines:
0 1 2 3 4 5 6 7 8 9 10 11 12 13 14
Workers:
0 1 2 3 4 5 6 7 8 9 10 11
Operations per job:
0 1 2 3 4 5 6 7 8 9
10 11 12 13 14 15 16 17 18 19 20 21 22
23 24 25 26 27 28 29 30 31 32 33 34
35 36 37 38 39 40 41 42 43 44 45 46 47 48 49
50 51 52 53 54 55 56 57 58 59 60 61
62 63 64 65 66 67 68 69 70 71 72 73 74
75 76 77 78 79 80 81 82 83 84 85
86 87 88 89 90 91 92 93 94 95 96
97 98 99 100 101 102 103 104 105 106 107 108 109
110 111 112 113 114 115 116 117 118 119 120 121 122 123
124 125 126 127 128 129 130 131 132 133 134 135
136 137 138 139 140 141 142 143 144 145 146 147 148
149 150 151 152 153 154 155 156 157 158 159 160 161
162 163 164 165 166 167 168 169 170 171 172 173
174 175 176 177 178 179 180 181 182 183 184 185 186
187 188 189 190 191 192 193 194 195 196 197 198 199 200
201 202 203 204 205 206 207 208 209 210 211
212 213 214 215 216 217 218 219 220 221 222 223 224 225 226
227 228 229 230 231 232 233 234 235 236 237 238 239
240 241 242 243 244 245 246 247 248 249 250
251 252 253 254 255 256 257 258 259 260
261 262 263 264 265 266 267 268 269 270 271 272 273
274 275 276 277 278 279 280 281 282 283 284 285 286
287 288 289 290 291 292 293 294 295 296
297 298 299 300 301 302 303 304 305 306 307 308 309 310
311 312 313 314 315 316 317 318 319 320 321 322
323 324 325 326 327 328 329 330 331 332 333 334 335
336 337 338 339 340 341 342 343 344 345 346 347 348 349
350 351 352 353 354 355 356 357 358 359 360
361 362 363 364 365 366 367 368 369 370 371 372
Predecessors per operation:

0
1
2
3
4
5
6
7
8

10
11
12
13
14
15
16
17
18
19
20
21

23
24
25
26
27
28
29
30
31
32
33

35
36
37
38
39
40
41
42
43
44
45
46
47
48

50
51
52
53
54
55
56
57
58
59
60

62
63
64
65
66
67
68
69
70
71
72
73

75
76
77
78
79
80
81
82
83
84

86
87
88
89
90
91
92
93
94
95

97
98
99
100
101
102
103
104
105
106
107
108

110
111
112
113
114
115
116
117
118
119
120
121
122

124
125
126
127
128
129
130
131
132
133
134

136
137
138
139
140
141
142
143
144
145
146
147

149
150
151
152
153
154
155
156
157
158
159
160

162
163
164
165
166
167
168
169
170
171
172

174
175
176
177
178
179
180
181
182
183
184
185

187
188
189
190
191
192
193
194
195
196
197
198
199

201
202
203
204
205
206
207
208
209
210

212
213
214
215
216
217
218
219
220
221
222
223
224
225

227
228
229
230
231
232
233
234
235
236
237
238

240
241
242
243
244
245
246
247
248
249

251
252
253
254
255
256
257
258
259

261
262
263
264
265
266
267
268
269
270
271
272

274
275
276
277
278
279
280
281
282
283
284
285

287
288
289
290
291
292
293
294
295

297
298
299
300
301
302
303
304
305
306
307
308
309

311
312
313
314
315
316
317
318
319
320
321

323
324
325
326
327
328
329
330
331
332
333
334

336
337
338
339
340
341
342
343
344
345
346
347
348

350
351
352
353
354
355
356
357
358
359

361
362
363
364
365
366
367
368
369
370
371
Successors per operation:
1
2
3
4
5
6
7
8
9

11
12
13
14
15
16
17
18
19
20
21
22

24
25
26
27
28
29
30
31
32
33
34

36
37
38
39
40
41
42
43
44
45
46
47
48
49

51
52
53
54
55
56
57
58
59
60
61

63
64
65
66
67
68
69
70
71
72
73
74

76
77
78
79
80
81
82
83
84
85

87
88
89
90
91
92
93
94
95
96

98
99
100
101
102
103
104
105
106
107
108
109

111
112
113
114
115
116
117
118
119
120
121
122
123

125
126
127
128
129
130
131
132
133
134
135

137
138
139
140
141
142
143
144
145
146
147
148

150
151
152
153
154
155
156
157
158
159
160
161

163
164
165
166
167
168
169
170
171
172
173

175
176
177
178
179
180
181
182
183
184
185
186

188
189
190
191
192
193
194
195
196
197
198
199
200

202
203
204
205
206
207
208
209
210
211

213
214
215
216
217
218
219
220
221
222
223
224
225
226

228
229
230
231
232
233
234
235
236
237
238
239

241
242
243
244
245
246
247
248
249
250

252
253
254
255
256
257
258
259
260

262
263
264
265
266
267
268
269
270
271
272
273

275
276
277
278
279
280
281
282
283
284
285
286

288
289
290
291
292
293
294
295
296

298
299
300
301
302
303
304
305
306
307
308
309
310

312
313
314
315
316
317
318
319
320
321
322

324
325
326
327
328
329
330
331
332
333
334
335

337
338
339
340
341
342
343
344
345
346
347
348
349

351
352
353
354
355
356
357
358
359
360

362
363
364
365
366
367
368
369
370
371
372

Machines per operation:
0 6 14
5 9 11
1 4 6 11 13
1 2 3 6 12
6 7 9 10 14
3 4 6
4 9 10 11
0 1 8 14
1 4 8
4 5 8 9
2 9 11 12 14
4 7 12
3 4 12
2 4 8 12 14
1 6 8
1 3 4 10
1 4 7 14
0 2 5 9 11
7 9 10
1 3 4 5
0 1 5
6 7 8
3 4 13
4 13 14
6 8 12 14
2 3 4 5 10
1 5 7
2 6 9 11
2 3 4 7
0 1 9 10 14
4 5 11 12
1 3 4 7 8
1 2 9
4 7 9 10 11
2 3 6 7
2 3 6 10
0 5 11 14
4 5 6 12
0 1 6 12 13
0 1 7 10 12
2 6 10
1 8 10 12 13
1 12 13
0 2 5
0 1 2 6 8
0 1 3 8 10
1 3 4 9
0 7 11
5 6 12 13
2 10 11
1 4 5 7
0 3 11
1 4 5 11 14
0 1 3 6 10
5 6 7
4 8 9 10 12
1 4 10 12
3 5 7 14
4 10 13
0 1 3 4 12
1 7 11 13
1 6 11 13
2 6 8 9
1 3 7
4 5 7 8 13
7 9 12 14
1 6 10 13
3 7 11 13
3 9 11
2 5 7 9 10
0 2 6 8 14
2 6 9
2 8 11 12 14
4 6 7
2 6 12 13
0 4 6 9
9 10 11 12
2 3 7 8
2 4 5 12 14
0 4 5
2 8 13 14
0 1 3 4 14
0 1 11
0 4 8 10
2 8 14
1 2 10
0 1 6 9 11
0 4 7 9
3 8 11 12
1 8 11
6 8 9 14
1 6 8 11 12
0 2 10 13
2 3 7
1 2 5 8 12
1 4 6 10 13
6 12 14
1 8 10 14
5 7 9 11 12
4 6 14
2 6 8 12 14
0 2 7 13
1 7 9 11 13
4 7 9 14
5 6 7 9
3 5 9 12 14
9 12 14
2 3 8 9 12
0 4 11
0 1 4 7 13
2 6 11 13
2 8 9 13
0 2 4 8 11
3 7 12
4 6 10 12
4 5 11
8 9 14
0 6 12 14
4 6 7 9 12
0 1 8 13 14
2 10 12 14
0 1 7 14
1 4 6 10 13
2 5 11
2 4 14
2 6 7 12
4 7 12 13 14
2 3 7 11
4 7 10 14
3 5 9 14
3 6 12 14
5 6 9 10
0 2 13
2 6 8 12 13
1 7 8 14
0 2 7
0 5 12 13
4 11 12 14
1 3 9 10 11
0 2 6 10 14
3 4 11
0 6 9 14
0 2 4 8 12
2 3 5 11
0 8 14
4 8 9
0 3 10
5 8 12
3 7 9 10 13
2 6 10 12
4 7 11 12 13
2 4 5 12 13
4 5 6 13 14
3 6 11
1 3 13
0 1 8 11
2 11 12
4 7 8 12 13
4 7 8
4 7 8 11
0 9 12
0 8 10 14
0 7 12
7 8 14
4 6 10 11
0 2 5 14
0 2 6 12
3 5 10 14
2 10 11
0 8 10
2 3 4
2 4 6
1 4 5 10
4 8 9 13 14
4 5 9 11
3 6 12 14
0 3 9 11
0 1 3 5 10
0 4 14
3 5 11 14
1 4 5 12
2 9 12
0 5 9
2 10 12 13 14
5 7 9 13 14
2 3 5 8 12
4 5 6 12
7 9 13
6 7 12
4 7 13
3 7 8 10 11
3 9 10 14
4 6 14
0 3 9
1 3 5 6
5 7 9 13
6 10 12 13 14
3 10 13 14
0 2 3 10
5 6 8
5 7 13
7 8 13
3 6 10 12
3 7 8 12 14
0 2 4 7 10
6 9 11
1 4 7
0 6 7 13
6 7 8 11 14
1 5 6 8 14
5 7 12 13
5 9 10 11 13
2 4 10 11 14
3 7 10 13
1 3 13 14
0 1 10 11
0 6 9
1 3 7 9 10
0 6 13
6 7 9 14
1 2 11 13
1 6 7 11 13
0 7 13 14
0 5 7 8 14
0 6 7 8 13
2 3 6 7 12
2 3 8 14
1 5 13
4 12 14
0 1 5 9
2 7 8 9
0 1 9
3 9 10
0 2 5 9 14
1 5 8 11 12
8 12 13
6 9 10 14
1 7 14
2 5 11 12
1 6 8 12
2 6 13
6 7 8 9 11
1 7 12
6 10 12 14
2 6 10
0 1 8 13
1 5 10 14
1 5 13
1 3 11 13 14
6 8 13 14
0 2 11 12
0 5 6 8 10
5 11 12 14
2 4 10 13
0 2 8 12
3 5 8
2 6 13
3 4 8 12
5 8 13
1 2 5 9
1 3 6
2 8 13
3 8 11 12 13
3 7 8 9
11 12 13 14
6 7 9 14
0 6 9 10 14
5 6 14
1 7 9 13
2 3 6 7 12
2 3 7 11
1 2 4 5 7
1 9 10
0 7 9
0 1 2 7 13
2 5 11
0 5 7 10
3 10 11 12
0 1 12 14
3 4 7 8 11
0 3 7 10 11
2 5 8 13
0 1 5 14
7 11 13
0 2 5
3 6 10
1 7 8 11
6 10 12
8 9 11 12 13
2 3 6 12
2 4 6 14
9 11 14
7 8 10 12
4 8 10
0 8 10 13
1 2 4 10 11
1 6 8 13
0 1 4 5 7
8 11 14
4 12 14
0 1 6 9 10
2 5 6 10 11
7 9 12
0 3 6 12 14
2 5 11 14
1 3 13
2 6 7 10
4 6 8 10 12
5 8 12
0 1 6 12 14
0 1 14
1 5 11
1 10 14
3 4 6 10 11
3 6 9 13 14
0 1 2 5 13
9 12 14
0 11 14
2 5 8 10 13
5 8 9 11 14
0 2 7 8 9
2 8 9 10 11
4 8 10 12 13
1 4 9
1 7 12
5 7 8 10 11
0 4 6
4 5 10 11
3 6 8 10
0 8 10
1 9 10 11
4 6 8 9 14
0 3 11
3 7 8 10
0 4 8
0 4 9
10 11 12
0 2 6 10 14
4 8 13 14
8 10 13
2 3 4
0 4 8 14
4 6 12
1 10 14
6 9 13
2 4 9 10 12
0 2 4 10 12
0 6 9 11 14
1 6 7 14
0 5 6 8 14
0 9 11 12
4 10 13
4 6 9 10 13
0 3 4 6 7
0 1 5 6 14
8 10 13
2 3 9 12
3 5 8 12
1 4 6 8 13
1 8 10 11 12
1 4 5 7 8
0 5 7 10 13
2 3 4
7 9 11 12
7 9 11
0 2 5 12
7 8 10 12 14
4 7 10 12
2 3 14
2 4 7 8 11
0 1 9 10
1 2 3
1 2 5 11 12
Processing times (o m w p):
0 0 1 27
0 0 2 32
0 0 3 33
0 0 4 29
0 0 6 30
0 0 8 33
0 0 9 31
0 0 11 31
0 6 2 24
0 6 4 27
0 6 6 26
0 6 7 29
0 6 8 26
0 6 9 27
0 6 10 25
0 6 11 25
0 14 1 30
0 14 2 27
0 14 3 31
0 14 7 28
0 14 8 31
0 14 9 32
0 14 10 27
0 14 11 27
1 5 2 62
1 5 4 67
1 5 5 68
1 5 6 71
1 5 7 72
1 5 8 75
1 5 9 73
1 5 10 73
1 9 1 57
1 9 2 62
1 9 5 63
1 9 7 66
1 9 8 67
1 9 9 70
1 9 10 68
1 9 11 68
1 11 0 69
1 11 1 64
1 11 5 71
1 11 6 65
1 11 7 72
1 11 8 74
1 11 9 63
1 11 11 64
2 1 1 24
2 1 2 27
2 1 3 26
2 1 4 29
2 1 7 26
2 1 8 27
2 1 9 25
2 1 11 25
2 4 2 31
2 4 3 28
2 4 4 32
2 4 5 29
2 4 6 32
2 4 7 33
2 4 8 28
2 4 9 28
2 6 2 32
2 6 4 29
2 6 6 33
2 6 7 30
2 6 8 33
2 6 9 34
2 6 10 29
2 6 11 29
2 11 0 26
2 11 1 29
2 11 5 28
2 11 6 31
2 11 7 28
2 11 8 29
2 11 9 27
2 11 11 27
2 13 0 27
2 13 1 32
2 13 3 33
2 13 4 29
2 13 6 30
2 13 7 33
2 13 9 31
2 13 10 31
3 1 1 54
3 1 2 59
3 1 3 60
3 1 4 63
3 1 7 64
3 1 8 67
3 1 9 65
3 1 11 65
3 2 0 59
3 2 1 64
3 2 2 65
3 2 3 68
3 2 4 69
3 2 6 72
3 2 9 70
3 2 10 70
3 3 0 60
3 3 1 65
3 3 2 66
3 3 4 69
3 3 5 70
3 3 7 73
3 3 8 71
3 3 11 71
3 6 2 69
3 6 4 63
3 6 6 77
3 6 7 74
3 6 8 68
3 6 9 72
3 6 10 67
3 6 11 76
3 12 0 69
3 12 1 64
3 12 2 71
3 12 6 65
3 12 7 72
3 12 8 74
3 12 9 63
3 12 11 64
4 6 2 72
4 6 4 67
4 6 6 74
4 6 7 68
4 6 8 75
4 6 9 77
4 6 10 66
4 6 11 67
4 7 1 75
4 7 3 70
4 7 4 77
4 7 5 71
4 7 6 78
4 7 8 80
4 7 10 69
4 7 11 70
4 9 1 73
4 9 2 76
4 9 5 81
4 9 7 90
4 9 8 81
4 9 9 76
4 9 10 74
4 9 11 74
4 10 1 87
4 10 3 86
4 10 4 95
4 10 5 92
4 10 6 81
4 10 7 100
4 10 8 90
4 10 10 94
4 14 1 73
4 14 2 76
4 14 3 81
4 14 7 90
4 14 8 81
4 14 9 76
4 14 10 74
4 14 11 74
5 3 0 58
5 3 1 61
5 3 2 54
5 3 4 63
5 3 5 60
5 3 7 55
5 3 8 53
5 3 11 53
5 4 2 56
5 4 3 61
5 4 4 62
5 4 5 65
5 4 6 66
5 4 7 69
5 4 8 67
5 4 9 67
5 6 2 57
5 6 4 62
5 6 6 63
5 6 7 66
5 6 8 67
5 6 9 70
5 6 10 68
5 6 11 68
6 4 2 62
6 4 3 67
6 4 4 68
6 4 5 71
6 4 6 72
6 4 7 75
6 4 8 73
6 4 9 73
6 9 1 56
6 9 2 61
6 9 5 62
6 9 7 65
6 9 8 66
6 9 9 69
6 9 10 67
6 9 11 67
6 10 1 75
6 10 3 70
6 10 4 77
6 10 5 71
6 10 6 78
6 10 7 80
6 10 8 69
6 10 10 70
6 11 0 72
6 11 1 67
6 11 5 74
6 11 6 68
6 11 7 75
6 11 8 77
6 11 9 66
6 11 11 67
7 0 1 12
7 0 2 11
7 0 3 13
7 0 4 11
7 0 6 13
7 0 8 13
7 0 9 11
7 0 11 11
7 1 1 11
7 1 2 10
7 1 3 12
7 1 4 10
7 1 7 12
7 1 8 12
7 1 9 10
7 1 11 10
7 8 1 13
7 8 2 12
7 8 3 14
7 8 4 12
7 8 5 14
7 8 6 14
7 8 10 12
7 8 11 12
7 14 1 11
7 14 2 10
7 14 3 12
7 14 7 10
7 14 8 12
7 14 9 12
7 14 10 10
7 14 11 10
8 1 1 51
8 1 2 54
8 1 3 47
8 1 4 56
8 1 7 53
8 1 8 48
8 1 9 46
8 1 11 46
8 4 2 54
8 4 3 57
8 4 4 50
8 4 5 59
8 4 6 56
8 4 7 51
8 4 8 49
8 4 9 49
8 8 1 48
8 8 2 47
8 8 3 46
8 8 4 43
8 8 5 42
8 8 6 51
8 8 10 51
8 8 11 45
9 4 2 55
9 4 3 58
9 4 4 51
9 4 5 60
9 4 6 57
9 4 7 52
9 4 8 50
9 4 9 50
9 5 2 58
9 5 4 61
9 5 5 54
9 5 6 63
9 5 7 60
9 5 8 55
9 5 9 53
9 5 10 53
9 8 1 51
9 8 2 54
9 8 3 47
9 8 4 56
9 8 5 53
9 8 6 48
9 8 10 46
9 8 11 46
9 9 1 62
9 9 2 63
9 9 5 61
9 9 7 60
9 9 8 62
9 9 9 57
9 9 10 62
9 9 11 58
10 2 0 30
10 2 1 27
10 2 2 31
10 2 3 28
10 2 4 31
10 2 6 32
10 2 9 27
10 2 10 27
10 9 1 25
10 9 2 28
10 9 5 27
10 9 7 30
10 9 8 27
10 9 9 28
10 9 10 26
10 9 11 26
10 11 0 31
10 11 1 28
10 11 5 32
10 11 6 29
10 11 7 32
10 11 8 33
10 11 9 28
10 11 11 28
10 12 0 26
10 12 1 29
10 12 2 28
10 12 6 31
10 12 7 28
10 12 8 29
10 12 9 27
10 12 11 27
10 14 1 31
10 14 2 28
10 14 3 32
10 14 7 29
10 14 8 32
10 14 9 33
10 14 10 28
10 14 11 28
11 4 2 89
11 4 3 88
11 4 4 97
11 4 5 94
11 4 6 83
11 4 7 102
11 4 8 92
11 4 9 96
11 7 1 88
11 7 3 87
11 7 4 96
11 7 5 93
11 7 6 82
11 7 8 101
11 7 10 91
11 7 11 95
11 12 0 104
11 12 1 103
11 12 2 106
11 12 6 109
11 12 7 104
11 12 8 105
11 12 9 95
11 12 11 97
12 3 0 8
12 3 1 8
12 3 2 9
12 3 4 8
12 3 5 9
12 3 7 9
12 3 8 8
12 3 11 8
12 4 2 8
12 4 3 8
12 4 4 9
12 4 5 8
12 4 6 9
12 4 7 9
12 4 8 8
12 4 9 8
12 12 0 10
12 12 1 9
12 12 2 11
12 12 6 9
12 12 7 11
12 12 8 11
12 12 9 9
12 12 11 9
13 2 0 90
13 2 1 89
13 2 2 98
13 2 3 95
13 2 4 84
13 2 6 103
13 2 9 93
13 2 10 97
13 4 2 89
13 4 3 88
13 4 4 97
13 4 5 94
13 4 6 83
13 4 7 102
13 4 8 92
13 4 9 96
13 8 1 105
13 8 2 104
13 8 3 107
13 8 4 110
13 8 5 105
13 8 6 106
13 8 10 96
13 8 11 98
13 12 0 95
13 12 1 94
13 12 2 103
13 12 6 100
13 12 7 89
13 12 8 108
13 12 9 98
13 12 11 102
13 14 1 79
13 14 2 82
13 14 3 87
13 14 7 96
13 14 8 87
13 14 9 82
13 14 10 80
13 14 11 80
14 1 1 19
14 1 2 18
14 1 3 22
14 1 4 19
14 1 7 18
14 1 8 22
14 1 9 22
14 1 11 21
14 6 2 20
14 6 4 23
14 6 6 22
14 6 7 25
14 6 8 22
14 6 9 23
14 6 10 21
14 6 11 21
14 8 1 19
14 8 2 22
14 8 3 21
14 8 4 24
14 8 5 21
14 8 6 22
14 8 10 20
14 8 11 20
15 1 1 58
15 1 2 61
15 1 3 54
15 1 4 63
15 1 7 60
15 1 8 55
15 1 9 53
15 1 11 53
15 3 0 56
15 3 1 61
15 3 2 62
15 3 4 65
15 3 5 66
15 3 7 69
15 3 8 67
15 3 11 67
15 4 2 57
15 4 3 62
15 4 4 63
15 4 5 66
15 4 6 67
15 4 7 70
15 4 8 68
15 4 9 68
15 10 1 60
15 10 3 65
15 10 4 66
15 10 5 69
15 10 6 70
15 10 7 73
15 10 8 71
15 10 10 71
16 1 1 74
16 1 2 69
16 1 3 76
16 1 4 70
16 1 7 77
16 1 8 79
16 1 9 68
16 1 11 69
16 4 2 77
16 4 3 72
16 4 4 79
16 4 5 73
16 4 6 80
16 4 7 82
16 4 8 71
16 4 9 72
16 7 1 75
16 7 3 78
16 7 4 83
16 7 5 92
16 7 6 83
16 7 8 78
16 7 10 76
16 7 11 76
16 14 1 89
16 14 2 88
16 14 3 97
16 14 7 94
16 14 8 83
16 14 9 102
16 14 10 92
16 14 11 96
17 0 1 31
17 0 2 28
17 0 3 32
17 0 4 29
17 0 6 32
17 0 8 33
17 0 9 28
17 0 11 28
17 2 0 26
17 2 1 29
17 2 2 28
17 2 3 31
17 2 4 28
17 2 6 29
17 2 9 27
17 2 10 27
17 5 2 32
17 5 4 29
17 5 5 33
17 5 6 30
17 5 7 33
17 5 8 34
17 5 9 29
17 5 10 29
17 9 1 27
17 9 2 32
17 9 5 33
17 9 7 29
17 9 8 30
17 9 9 33
17 9 10 31
17 9 11 31
17 11 0 32
17 11 1 29
17 11 5 33
17 11 6 30
17 11 7 33
17 11 8 34
17 11 9 29
17 11 11 29
18 7 1 55
18 7 3 60
18 7 4 61
18 7 5 64
18 7 6 65
18 7 8 68
18 7 10 66
18 7 11 66
18 9 1 56
18 9 2 61
18 9 5 62
18 9 7 65
18 9 8 66
18 9 9 69
18 9 10 67
18 9 11 67
18 10 1 54
18 10 3 59
18 10 4 60
18 10 5 63
18 10 6 64
18 10 7 67
18 10 8 65
18 10 10 65
19 1 1 49
19 1 2 48
19 1 3 47
19 1 4 44
19 1 7 43
19 1 8 52
19 1 9 52
19 1 11 46
19 3 0 48
19 3 1 47
19 3 2 46
19 3 4 43
19 3 5 42
19 3 7 51
19 3 8 51
19 3 11 45
19 4 2 47
19 4 3 46
19 4 4 45
19 4 5 42
19 4 6 41
19 4 7 50
19 4 8 50
19 4 9 44
19 5 2 44
19 5 4 43
19 5 5 42
19 5 6 39
19 5 7 38
19 5 8 47
19 5 9 47
19 5 10 41
20 0 1 47
20 0 2 46
20 0 3 45
20 0 4 42
20 0 6 41
20 0 8 50
20 0 9 50
20 0 11 44
20 1 1 46
20 1 2 45
20 1 3 44
20 1 4 41
20 1 7 40
20 1 8 49
20 1 9 49
20 1 11 43
20 5 2 45
20 5 4 44
20 5 5 43
20 5 6 40
20 5 7 39
20 5 8 48
20 5 9 48
20 5 10 42
21 6 2 44
21 6 4 43
21 6 6 42
21 6 7 39
21 6 8 38
21 6 9 47
21 6 10 47
21 6 11 41
21 7 1 43
21 7 3 42
21 7 4 41
21 7 5 38
21 7 6 37
21 7 8 46
21 7 10 46
21 7 11 40
21 8 1 42
21 8 2 41
21 8 3 40
21 8 4 37
21 8 5 36
21 8 6 45
21 8 10 45
21 8 11 39
22 3 0 55
22 3 1 58
22 3 2 51
22 3 4 60
22 3 5 57
22 3 7 52
22 3 8 50
22 3 11 50
22 4 2 62
22 4 3 63
22 4 4 61
22 4 5 60
22 4 6 62
22 4 7 57
22 4 8 62
22 4 9 58
22 13 0 54
22 13 1 59
22 13 3 60
22 13 4 63
22 13 6 64
22 13 7 67
22 13 9 65
22 13 10 65
23 4 2 59
23 4 3 62
23 4 4 55
23 4 5 64
23 4 6 61
23 4 7 56
23 4 8 54
23 4 9 54
23 13 0 55
23 13 1 60
23 13 3 61
23 13 4 64
23 13 6 65
23 13 7 68
23 13 9 66
23 13 10 66
23 14 1 55
23 14 2 58
23 14 3 51
23 14 7 60
23 14 8 57
23 14 9 52
23 14 10 50
23 14 11 50
24 6 2 69
24 6 4 63
24 6 6 77
24 6 7 74
24 6 8 68
24 6 9 72
24 6 10 67
24 6 11 76
24 8 1 58
24 8 2 63
24 8 3 64
24 8 4 67
24 8 5 68
24 8 6 71
24 8 10 69
24 8 11 69
24 12 0 70
24 12 1 65
24 12 2 72
24 12 6 66
24 12 7 73
24 12 8 75
24 12 9 64
24 12 11 65
24 14 1 59
24 14 2 64
24 14 3 65
24 14 7 68
24 14 8 69
24 14 9 72
24 14 10 70
24 14 11 70
25 2 0 89
25 2 1 88
25 2 2 97
25 2 3 94
25 2 4 83
25 2 6 102
25 2 9 92
25 2 10 96
25 3 0 88
25 3 1 87
25 3 2 96
25 3 4 93
25 3 5 82
25 3 7 101
25 3 8 91
25 3 11 95
25 4 2 104
25 4 3 103
25 4 4 106
25 4 5 109
25 4 6 104
25 4 7 105
25 4 8 95
25 4 9 97
25 5 2 94
25 5 4 93
25 5 5 102
25 5 6 99
25 5 7 88
25 5 8 107
25 5 9 97
25 5 10 101
25 10 1 78
25 10 3 81
25 10 4 86
25 10 5 95
25 10 6 86
25 10 7 81
25 10 8 79
25 10 10 79
26 1 1 74
26 1 2 69
26 1 3 76
26 1 4 70
26 1 7 77
26 1 8 79
26 1 9 68
26 1 11 69
26 5 2 77
26 5 4 72
26 5 5 79
26 5 6 73
26 5 7 80
26 5 8 82
26 5 9 71
26 5 10 72
26 7 1 75
26 7 3 78
26 7 4 83
26 7 5 92
26 7 6 83
26 7 8 78
26 7 10 76
26 7 11 76
27 2 0 72
27 2 1 67
27 2 2 74
27 2 3 68
27 2 4 75
27 2 6 77
27 2 9 66
27 2 10 67
27 6 2 62
27 6 4 67
27 6 6 68
27 6 7 71
27 6 8 72
27 6 9 75
27 6 10 73
27 6 11 73
27 9 1 74
27 9 2 69
27 9 5 76
27 9 7 70
27 9 8 77
27 9 9 79
27 9 10 68
27 9 11 69
27 11 0 69
27 11 1 63
27 11 5 77
27 11 6 74
27 11 7 68
27 11 8 72
27 11 9 67
27 11 11 76
28 2 0 62
28 2 1 67
28 2 2 68
28 2 3 71
28 2 4 72
28 2 6 75
28 2 9 73
28 2 10 73
28 3 0 56
28 3 1 61
28 3 2 62
28 3 4 65
28 3 5 66
28 3 7 69
28 3 8 67
28 3 11 67
28 4 2 75
28 4 3 70
28 4 4 77
28 4 5 71
28 4 6 78
28 4 7 80
28 4 8 69
28 4 9 70
28 7 1 72
28 7 3 67
28 7 4 74
28 7 5 68
28 7 6 75
28 7 8 77
28 7 10 66
28 7 11 67
29 0 1 73
29 0 2 68
29 0 3 75
29 0 4 69
29 0 6 76
29 0 8 78
29 0 9 67
29 0 11 68
29 1 1 76
29 1 2 71
29 1 3 78
29 1 4 72
29 1 7 79
29 1 8 81
29 1 9 70
29 1 11 71
29 9 1 74
29 9 2 77
29 9 5 82
29 9 7 91
29 9 8 82
29 9 9 77
29 9 10 75
29 9 11 75
29 10 1 88
29 10 3 87
29 10 4 96
29 10 5 93
29 10 6 82
29 10 7 101
29 10 8 91
29 10 10 95
29 14 1 74
29 14 2 77
29 14 3 82
29 14 7 91
29 14 8 82
29 14 9 77
29 14 10 75
29 14 11 75
30 4 2 71
30 4 3 66
30 4 4 73
30 4 5 67
30 4 6 74
30 4 7 76
30 4 8 65
30 4 9 66
30 5 2 61
30 5 4 66
30 5 5 67
30 5 6 70
30 5 7 71
30 5 8 74
30 5 9 72
30 5 10 72
30 11 0 73
30 11 1 68
30 11 5 75
30 11 6 69
30 11 7 76
30 11 8 78
30 11 9 67
30 11 11 68
30 12 0 62
30 12 1 67
30 12 2 68
30 12 6 71
30 12 7 72
30 12 8 75
30 12 9 73
30 12 11 73
31 1 1 70
31 1 2 65
31 1 3 72
31 1 4 66
31 1 7 73
31 1 8 75
31 1 9 64
31 1 11 65
31 3 0 60
31 3 1 65
31 3 2 66
31 3 4 69
31 3 5 70
31 3 7 73
31 3 8 71
31 3 11 71
31 4 2 72
31 4 3 67
31 4 4 74
31 4 5 68
31 4 6 75
31 4 7 77
31 4 8 66
31 4 9 67
31 7 1 61
31 7 3 66
31 7 4 67
31 7 5 70
31 7 6 71
31 7 8 74
31 7 10 72
31 7 11 72
31 8 1 73
31 8 2 68
31 8 3 75
31 8 4 69
31 8 5 76
31 8 6 78
31 8 10 67
31 8 11 68
32 1 1 58
32 1 2 61
32 1 3 54
32 1 4 63
32 1 7 60
32 1 8 55
32 1 9 53
32 1 11 53
32 2 0 56
32 2 1 61
32 2 2 62
32 2 3 65
32 2 4 66
32 2 6 69
32 2 9 67
32 2 10 67
32 9 1 57
32 9 2 62
32 9 5 63
32 9 7 66
32 9 8 67
32 9 9 70
32 9 10 68
32 9 11 68
33 4 2 35
33 4 3 32
33 4 4 36
33 4 5 33
33 4 6 36
33 4 7 37
33 4 8 32
33 4 9 32
33 7 1 38
33 7 3 35
33 7 4 39
33 7 5 36
33 7 6 39
33 7 8 40
33 7 10 35
33 7 11 35
33 9 1 45
33 9 2 44
33 9 5 43
33 9 7 40
33 9 8 39
33 9 9 48
33 9 10 48
33 9 11 42
33 10 1 45
33 10 3 44
33 10 4 43
33 10 5 40
33 10 6 39
33 10 7 48
33 10 8 48
33 10 10 42
33 11 0 45
33 11 1 44
33 11 5 43
33 11 6 40
33 11 7 39
33 11 8 48
33 11 9 48
33 11 11 42
34 2 0 91
34 2 1 90
34 2 2 99
34 2 3 96
34 2 4 85
34 2 6 104
34 2 9 94
34 2 10 98
34 3 0 90
34 3 1 89
34 3 2 98
34 3 4 95
34 3 5 84
34 3 7 103
34 3 8 93
34 3 11 97
34 6 2 106
34 6 4 105
34 6 6 108
34 6 7 111
34 6 8 106
34 6 9 107
34 6 10 97
34 6 11 99
34 7 1 90
34 7 3 102
34 7 4 110
34 7 5 92
34 7 6 107
34 7 8 96
34 7 10 94
34 7 11 94
35 2 0 89
35 2 1 88
35 2 2 97
35 2 3 94
35 2 4 83
35 2 6 102
35 2 9 92
35 2 10 96
35 3 0 88
35 3 1 87
35 3 2 96
35 3 4 93
35 3 5 82
35 3 7 101
35 3 8 91
35 3 11 95
35 6 2 104
35 6 4 103
35 6 6 106
35 6 7 109
35 6 8 104
35 6 9 105
35 6 10 95
35 6 11 97
35 10 1 94
35 10 3 93
35 10 4 102
35 10 5 99
35 10 6 88
35 10 7 107
35 10 8 97
35 10 10 101
36 0 1 23
36 0 2 26
36 0 3 25
36 0 4 28
36 0 6 25
36 0 8 26
36 0 9 24
36 0 11 24
36 5 2 26
36 5 4 29
36 5 5 28
36 5 6 31
36 5 7 28
36 5 8 29
36 5 9 27
36 5 10 27
36 11 0 25
36 11 1 28
36 11 5 27
36 11 6 30
36 11 7 27
36 11 8 28
36 11 9 26
36 11 11 26
36 14 1 30
36 14 2 27
36 14 3 31
36 14 7 28
36 14 8 31
36 14 9 32
36 14 10 27
36 14 11 27
37 4 2 22
37 4 3 25
37 4 4 24
37 4 5 27
37 4 6 24
37 4 7 25
37 4 8 23
37 4 9 23
37 5 2 25
37 5 4 28
37 5 5 27
37 5 6 30
37 5 7 27
37 5 8 28
37 5 9 26
37 5 10 26
37 6 2 24
37 6 4 27
37 6 6 26
37 6 7 29
37 6 8 26
37 6 9 27
37 6 10 25
37 6 11 25
37 12 0 27
37 12 1 32
37 12 2 33
37 12 6 29
37 12 7 30
37 12 8 33
37 12 9 31
37 12 11 31
38 0 1 72
38 0 2 67
38 0 3 74
38 0 4 68
38 0 6 75
38 0 8 77
38 0 9 66
38 0 11 67
38 1 1 62
38 1 2 67
38 1 3 68
38 1 4 71
38 1 7 72
38 1 8 75
38 1 9 73
38 1 11 73
38 6 2 74
38 6 4 69
38 6 6 76
38 6 7 70
38 6 8 77
38 6 9 79
38 6 10 68
38 6 11 69
38 12 0 69
38 12 1 63
38 12 2 77
38 12 6 74
38 12 7 68
38 12 8 72
38 12 9 67
38 12 11 76
38 13 0 75
38 13 1 70
38 13 3 77
38 13 4 71
38 13 6 78
38 13 7 80
38 13 9 69
38 13 10 70
39 0 1 11
39 0 2 10
39 0 3 12
39 0 4 10
39 0 6 12
39 0 8 12
39 0 9 10
39 0 11 10
39 1 1 10
39 1 2 9
39 1 3 11
39 1 4 9
39 1 7 11
39 1 8 11
39 1 9 9
39 1 11 9
39 7 1 12
39 7 3 11
39 7 4 13
39 7 5 11
39 7 6 13
39 7 8 13
39 7 10 11
39 7 11 11
39 10 1 10
39 10 3 9
39 10 4 11
39 10 5 9
39 10 6 11
39 10 7 11
39 10 8 9
39 10 10 9
39 12 0 12
39 12 1 11
39 12 2 13
39 12 6 11
39 12 7 13
39 12 8 13
39 12 9 11
39 12 11 11
40 2 0 71
40 2 1 66
40 2 2 73
40 2 3 67
40 2 4 74
40 2 6 76
40 2 9 65
40 2 10 66
40 6 2 74
40 6 4 69
40 6 6 76
40 6 7 70
40 6 8 77
40 6 9 79
40 6 10 68
40 6 11 69
40 10 1 72
40 10 3 75
40 10 4 80
40 10 5 89
40 10 6 80
40 10 7 75
40 10 8 73
40 10 10 73
41 1 1 31
41 1 2 28
41 1 3 32
41 1 4 29
41 1 7 32
41 1 8 33
41 1 9 28
41 1 11 28
41 8 1 26
41 8 2 29
41 8 3 28
41 8 4 31
41 8 5 28
41 8 6 29
41 8 10 27
41 8 11 27
41 10 1 32
41 10 3 29
41 10 4 33
41 10 5 30
41 10 6 33
41 10 7 34
41 10 8 29
41 10 10 29
41 12 0 27
41 12 1 32
41 12 2 33
41 12 6 29
41 12 7 30
41 12 8 33
41 12 9 31
41 12 11 31
41 13 0 32
41 13 1 29
41 13 3 33
41 13 4 30
41 13 6 33
41 13 7 34
41 13 9 29
41 13 10 29
42 1 1 9
42 1 2 9
42 1 3 11
42 1 4 11
42 1 7 11
42 1 8 9
42 1 9 10
42 1 11 10
42 12 0 8
42 12 1 8
42 12 2 9
42 12 6 8
42 12 7 9
42 12 8 9
42 12 9 8
42 12 11 8
42 13 0 10
42 13 1 9
42 13 3 11
42 13 4 9
42 13 6 11
42 13 7 11
42 13 9 9
42 13 10 9
43 0 1 49
43 0 2 48
43 0 3 47
43 0 4 44
43 0 6 43
43 0 8 52
43 0 9 52
43 0 11 46
43 2 0 48
43 2 1 47
43 2 2 46
43 2 3 43
43 2 4 42
43 2 6 51
43 2 9 51
43 2 10 45
43 5 2 47
43 5 4 46
43 5 5 45
43 5 6 42
43 5 7 41
43 5 8 50
43 5 9 50
43 5 10 44
44 0 1 45
44 0 2 44
44 0 3 43
44 0 4 40
44 0 6 39
44 0 8 48
44 0 9 48
44 0 11 42
44 1 1 44
44 1 2 43
44 1 3 42
44 1 4 39
44 1 7 38
44 1 8 47
44 1 9 47
44 1 11 41
44 2 0 43
44 2 1 42
44 2 2 41
44 2 3 38
44 2 4 37
44 2 6 46
44 2 9 46
44 2 10 40
44 6 2 38
44 6 4 35
44 6 6 39
44 6 7 36
44 6 8 39
44 6 9 40
44 6 10 35
44 6 11 35
44 8 1 37
44 8 2 34
44 8 3 38
44 8 4 35
44 8 5 38
44 8 6 39
44 8 10 34
44 8 11 34
45 0 1 53
45 0 2 56
45 0 3 49
45 0 4 58
45 0 6 55
45 0 8 50
45 0 9 48
45 0 11 48
45 1 1 56
45 1 2 59
45 1 3 52
45 1 4 61
45 1 7 58
45 1 8 53
45 1 9 51
45 1 11 51
45 3 0 50
45 3 1 49
45 3 2 48
45 3 4 45
45 3 5 44
45 3 7 53
45 3 8 53
45 3 11 47
45 8 1 58
45 8 2 61
45 8 3 54
45 8 4 63
45 8 5 60
45 8 6 55
45 8 10 53
45 8 11 53
45 10 1 55
45 10 3 58
45 10 4 51
45 10 5 60
45 10 6 57
45 10 7 52
45 10 8 50
45 10 10 50
46 1 1 90
46 1 2 89
46 1 3 98
46 1 4 95
46 1 7 84
46 1 8 103
46 1 9 93
46 1 11 97
46 3 0 89
46 3 1 88
46 3 2 97
46 3 4 94
46 3 5 83
46 3 7 102
46 3 8 92
46 3 11 96
46 4 2 105
46 4 3 104
46 4 4 107
46 4 5 110
46 4 6 105
46 4 7 106
46 4 8 96
46 4 9 98
46 9 1 95
46 9 2 94
46 9 5 103
46 9 7 100
46 9 8 89
46 9 9 108
46 9 10 98
46 9 11 102
47 0 1 43
47 0 2 42
47 0 3 41
47 0 4 38
47 0 6 37
47 0 8 46
47 0 9 46
47 0 11 40
47 7 1 42
47 7 3 41
47 7 4 40
47 7 5 37
47 7 6 36
47 7 8 45
47 7 10 45
47 7 11 39
47 11 0 36
47 11 1 39
47 11 5 44
47 11 6 44
47 11 7 44
47 11 8 39
47 11 9 37
47 11 11 37
48 5 2 51
48 5 4 54
48 5 5 47
48 5 6 56
48 5 7 53
48 5 8 48
48 5 9 46
48 5 10 46
48 6 2 54
48 6 4 57
48 6 6 50
48 6 7 59
48 6 8 56
48 6 9 51
48 6 10 49
48 6 11 49
48 12 0 48
48 12 1 47
48 12 2 46
48 12 6 43
48 12 7 42
48 12 8 51
48 12 9 51
48 12 11 45
48 13 0 56
48 13 1 59
48 13 3 52
48 13 4 61
48 13 6 58
48 13 7 53
48 13 9 51
48 13 10 51
49 2 0 57
49 2 1 60
49 2 2 53
49 2 3 62
49 2 4 59
49 2 6 54
49 2 9 52
49 2 10 52
49 10 1 55
49 10 3 60
49 10 4 61
49 10 5 64
49 10 6 65
49 10 7 68
49 10 8 66
49 10 10 66
49 11 0 56
49 11 1 61
49 11 5 62
49 11 6 65
49 11 7 66
49 11 8 69
49 11 9 67
49 11 11 67
50 1 1 72
50 1 2 75
50 1 3 80
50 1 4 89
50 1 7 80
50 1 8 75
50 1 9 73
50 1 11 73
50 4 2 75
50 4 3 78
50 4 4 83
50 4 5 92
50 4 6 83
50 4 7 78
50 4 8 76
50 4 9 76
50 5 2 81
50 5 4 84
50 5 5 90
50 5 6 84
50 5 7 89
50 5 8 94
50 5 9 85
50 5 10 94
50 7 1 75
50 7 3 78
50 7 4 83
50 7 5 92
50 7 6 83
50 7 8 78
50 7 10 76
50 7 11 76
51 0 1 13
51 0 2 12
51 0 3 14
51 0 4 12
51 0 6 14
51 0 8 14
51 0 9 12
51 0 11 12
51 3 0 12
51 3 1 11
51 3 2 13
51 3 4 11
51 3 5 13
51 3 7 13
51 3 8 11
51 3 11 11
51 11 0 14
51 11 1 13
51 11 5 15
51 11 6 13
51 11 7 15
51 11 8 15
51 11 9 13
51 11 11 13
52 1 1 17
52 1 2 16
52 1 3 18
52 1 4 16
52 1 7 18
52 1 8 18
52 1 9 16
52 1 11 16
52 4 2 16
52 4 3 15
52 4 4 17
52 4 5 15
52 4 6 17
52 4 7 17
52 4 8 15
52 4 9 15
52 5 2 18
52 5 4 17
52 5 5 19
52 5 6 17
52 5 7 19
52 5 8 19
52 5 9 17
52 5 10 17
52 11 0 16
52 11 1 15
52 11 5 17
52 11 6 15
52 11 7 17
52 11 8 17
52 11 9 15
52 11 11 15
52 14 1 18
52 14 2 17
52 14 3 19
52 14 7 17
52 14 8 19
52 14 9 19
52 14 10 17
52 14 11 17
53 0 1 48
53 0 2 47
53 0 3 46
53 0 4 43
53 0 6 42
53 0 8 51
53 0 9 51
53 0 11 45
53 1 1 47
53 1 2 46
53 1 3 45
53 1 4 42
53 1 7 41
53 1 8 50
53 1 9 50
53 1 11 44
53 3 0 46
53 3 1 45
53 3 2 44
53 3 4 41
53 3 5 40
53 3 7 49
53 3 8 49
53 3 11 43
53 6 2 43
53 6 4 42
53 6 6 41
53 6 7 38
53 6 8 37
53 6 9 46
53 6 10 46
53 6 11 40
53 10 1 42
53 10 3 41
53 10 4 40
53 10 5 37
53 10 6 36
53 10 7 45
53 10 8 45
53 10 10 39
54 5 2 56
54 5 4 59
54 5 5 52
54 5 6 61
54 5 7 58
54 5 8 53
54 5 9 51
54 5 10 51
54 6 2 54
54 6 4 59
54 6 6 60
54 6 7 63
54 6 8 64
54 6 9 67
54 6 10 65
54 6 11 65
54 7 1 55
54 7 3 60
54 7 4 61
54 7 5 64
54 7 6 65
54 7 8 68
54 7 10 66
54 7 11 66
55 4 2 17
55 4 3 16
55 4 4 18
55 4 5 16
55 4 6 18
55 4 7 18
55 4 8 16
55 4 9 16
55 8 1 16
55 8 2 15
55 8 3 17
55 8 4 15
55 8 5 17
55 8 6 17
55 8 10 15
55 8 11 15
55 9 1 18
55 9 2 17
55 9 5 19
55 9 7 17
55 9 8 19
55 9 9 19
55 9 10 17
55 9 11 17
55 10 1 16
55 10 3 15
55 10 4 17
55 10 5 15
55 10 6 17
55 10 7 17
55 10 8 15
55 10 10 15
55 12 0 18
55 12 1 17
55 12 2 19
55 12 6 17
55 12 7 19
55 12 8 19
55 12 9 17
55 12 11 17
56 1 1 74
56 1 2 69
56 1 3 76
56 1 4 70
56 1 7 77
56 1 8 79
56 1 9 68
56 1 11 69
56 4 2 72
56 4 3 67
56 4 4 74
56 4 5 68
56 4 6 75
56 4 7 77
56 4 8 66
56 4 9 67
56 10 1 73
56 10 3 68
56 10 4 75
56 10 5 69
56 10 6 76
56 10 7 78
56 10 8 67
56 10 10 68
56 12 0 72
56 12 1 67
56 12 2 74
56 12 6 68
56 12 7 75
56 12 8 77
56 12 9 66
56 12 11 67
57 3 0 54
57 3 1 57
57 3 2 50
57 3 4 59
57 3 5 56
57 3 7 51
57 3 8 49
57 3 11 49
57 5 2 57
57 5 4 60
57 5 5 53
57 5 6 62
57 5 7 59
57 5 8 54
57 5 9 52
57 5 10 52
57 7 1 48
57 7 3 47
57 7 4 50
57 7 5 53
57 7 6 48
57 7 8 49
57 7 10 50
57 7 11 52
57 14 1 59
57 14 2 62
57 14 3 55
57 14 7 64
57 14 8 61
57 14 9 56
57 14 10 54
57 14 11 54
58 4 2 73
58 4 3 68
58 4 4 75
58 4 5 69
58 4 6 76
58 4 7 78
58 4 8 67
58 4 9 68
58 10 1 69
58 10 3 63
58 10 4 77
58 10 5 74
58 10 6 68
58 10 7 72
58 10 8 67
58 10 10 76
58 13 0 75
58 13 1 70
58 13 3 77
58 13 4 71
58 13 6 78
58 13 7 80
58 13 9 69
58 13 10 70
59 0 1 44
59 0 2 43
59 0 3 42
59 0 4 39
59 0 6 38
59 0 8 47
59 0 9 47
59 0 11 41
59 1 1 43
59 1 2 42
59 1 3 41
59 1 4 38
59 1 7 37
59 1 8 46
59 1 9 46
59 1 11 40
59 3 0 42
59 3 1 41
59 3 2 40
59 3 4 37
59 3 5 36
59 3 7 45
59 3 8 45
59 3 11 39
59 4 2 37
59 4 3 34
59 4 4 38
59 4 5 35
59 4 6 38
59 4 7 39
59 4 8 34
59 4 9 34
59 12 0 36
59 12 1 33
59 12 2 37
59 12 6 34
59 12 7 37
59 12 8 38
59 12 9 33
59 12 11 33
60 1 1 81
60 1 2 84
60 1 3 90
60 1 4 84
60 1 7 89
60 1 8 94
60 1 9 85
60 1 11 94
60 7 1 105
60 7 3 104
60 7 4 107
60 7 5 110
60 7 6 105
60 7 8 106
60 7 10 96
60 7 11 98
60 11 0 108
60 11 1 121
60 11 5 109
60 11 6 99
60 11 7 121
60 11 8 110
60 11 9 108
60 11 11 121
60 13 0 88
60 13 1 87
60 13 3 96
60 13 4 93
60 13 6 82
60 13 7 101
60 13 9 91
60 13 10 95
61 1 1 57
61 1 2 60
61 1 3 53
61 1 4 62
61 1 7 59
61 1 8 54
61 1 9 52
61 1 11 52
61 6 2 55
61 6 4 60
61 6 6 61
61 6 7 64
61 6 8 65
61 6 9 68
61 6 10 66
61 6 11 66
61 11 0 56
61 11 1 61
61 11 5 62
61 11 6 65
61 11 7 66
61 11 8 69
61 11 9 67
61 11 11 67
61 13 0 59
61 13 1 64
61 13 3 65
61 13 4 68
61 13 6 69
61 13 7 72
61 13 9 70
61 13 10 70
62 2 0 22
62 2 1 25
62 2 2 24
62 2 3 27
62 2 4 24
62 2 6 25
62 2 9 23
62 2 10 23
62 6 2 25
62 6 4 28
62 6 6 27
62 6 7 30
62 6 8 27
62 6 9 28
62 6 10 26
62 6 11 26
62 8 1 24
62 8 2 27
62 8 3 26
62 8 4 29
62 8 5 26
62 8 6 27
62 8 10 25
62 8 11 25
62 9 1 27
62 9 2 32
62 9 5 33
62 9 7 29
62 9 8 30
62 9 9 33
62 9 10 31
62 9 11 31
63 1 1 18
63 1 2 17
63 1 3 19
63 1 4 17
63 1 7 19
63 1 8 19
63 1 9 17
63 1 11 17
63 3 0 19
63 3 1 22
63 3 2 21
63 3 4 24
63 3 5 21
63 3 7 22
63 3 8 20
63 3 11 20
63 7 1 18
63 7 3 21
63 7 4 20
63 7 5 23
63 7 6 20
63 7 8 21
63 7 10 19
63 7 11 19
64 4 2 49
64 4 3 48
64 4 4 47
64 4 5 44
64 4 6 43
64 4 7 52
64 4 8 52
64 4 9 46
64 5 2 48
64 5 4 47
64 5 5 46
64 5 6 43
64 5 7 42
64 5 8 51
64 5 9 51
64 5 10 45
64 7 1 47
64 7 3 46
64 7 4 45
64 7 5 42
64 7 6 41
64 7 8 50
64 7 10 50
64 7 11 44
64 8 1 44
64 8 2 43
64 8 3 42
64 8 4 39
64 8 5 38
64 8 6 47
64 8 10 47
64 8 11 41
64 13 0 43
64 13 1 42
64 13 3 41
64 13 4 38
64 13 6 37
64 13 7 46
64 13 9 46
64 13 10 40
65 7 1 70
65 7 3 65
65 7 4 72
65 7 5 66
65 7 6 73
65 7 8 75
65 7 10 64
65 7 11 65
65 9 1 73
65 9 2 68
65 9 5 75
65 9 7 69
65 9 8 76
65 9 9 78
65 9 10 67
65 9 11 68
65 12 0 76
65 12 1 74
65 12 2 75
65 12 6 74
65 12 7 84
65 12 8 87
65 12 9 84
65 12 11 75
65 14 1 80
65 14 2 83
65 14 3 88
65 14 7 97
65 14 8 88
65 14 9 83
65 14 10 81
65 14 11 81
66 1 1 16
66 1 2 15
66 1 3 17
66 1 4 15
66 1 7 17
66 1 8 17
66 1 9 15
66 1 11 15
66 6 2 15
66 6 4 14
66 6 6 16
66 6 7 14
66 6 8 16
66 6 9 16
66 6 10 14
66 6 11 14
66 10 1 17
66 10 3 16
66 10 4 18
66 10 5 16
66 10 6 18
66 10 7 18
66 10 8 16
66 10 10 16
66 13 0 15
66 13 1 14
66 13 3 16
66 13 4 14
66 13 6 16
66 13 7 16
66 13 9 14
66 13 10 14
67 3 0 19
67 3 1 18
67 3 2 22
67 3 4 19
67 3 5 18
67 3 7 22
67 3 8 22
67 3 11 21
67 7 1 20
67 7 3 23
67 7 4 22
67 7 5 25
67 7 6 22
67 7 8 23
67 7 10 21
67 7 11 21
67 11 0 19
67 11 1 22
67 11 5 21
67 11 6 24
67 11 7 21
67 11 8 22
67 11 9 20
67 11 11 20
67 13 0 22
67 13 1 25
67 13 3 24
67 13 4 27
67 13 6 24
67 13 7 25
67 13 9 23
67 13 10 23
68 3 0 48
68 3 1 47
68 3 2 46
68 3 4 43
68 3 5 42
68 3 7 51
68 3 8 51
68 3 11 45
68 9 1 47
68 9 2 46
68 9 5 45
68 9 7 42
68 9 8 41
68 9 9 50
68 9 10 50
68 9 11 44
68 11 0 46
68 11 1 45
68 11 5 44
68 11 6 41
68 11 7 40
68 11 8 49
68 11 9 49
68 11 11 43
69 2 0 52
69 2 1 55
69 2 2 48
69 2 3 57
69 2 4 54
69 2 6 49
69 2 9 47
69 2 10 47
69 5 2 55
69 5 4 58
69 5 5 51
69 5 6 60
69 5 7 57
69 5 8 52
69 5 9 50
69 5 10 50
69 7 1 49
69 7 3 48
69 7 4 47
69 7 5 44
69 7 6 43
69 7 8 52
69 7 10 52
69 7 11 46
69 9 1 57
69 9 2 60
69 9 5 53
69 9 7 62
69 9 8 59
69 9 9 54
69 9 10 52
69 9 11 52
69 10 1 54
69 10 3 57
69 10 4 50
69 10 5 59
69 10 6 56
69 10 7 51
69 10 8 49
69 10 10 49
70 0 1 56
70 0 2 59
70 0 3 52
70 0 4 61
70 0 6 58
70 0 8 53
70 0 9 51
70 0 11 51
70 2 0 59
70 2 1 62
70 2 2 55
70 2 3 64
70 2 4 61
70 2 6 56
70 2 9 54
70 2 10 54
70 6 2 52
70 6 4 55
70 6 6 48
70 6 7 57
70 6 8 54
70 6 9 49
70 6 10 47
70 6 11 47
70 8 1 54
70 8 2 59
70 8 3 60
70 8 4 63
70 8 5 64
70 8 6 67
70 8 10 65
70 8 11 65
70 14 1 58
70 14 2 61
70 14 3 54
70 14 7 63
70 14 8 60
70 14 9 55
70 14 10 53
70 14 11 53
71 2 0 17
71 2 1 16
71 2 2 18
71 2 3 16
71 2 4 18
71 2 6 18
71 2 9 16
71 2 10 16
71 6 2 16
71 6 4 15
71 6 6 17
71 6 7 15
71 6 8 17
71 6 9 17
71 6 10 15
71 6 11 15
71 9 1 18
71 9 2 17
71 9 5 19
71 9 7 17
71 9 8 19
71 9 9 19
71 9 10 17
71 9 11 17
72 2 0 73
72 2 1 68
72 2 2 75
72 2 3 69
72 2 4 76
72 2 6 78
72 2 9 67
72 2 10 68
72 8 1 69
72 8 2 63
72 8 3 77
72 8 4 74
72 8 5 68
72 8 6 72
72 8 10 67
72 8 11 76
72 11 0 75
72 11 1 70
72 11 5 77
72 11 6 71
72 11 7 78
72 11 8 80
72 11 9 69
72 11 11 70
72 12 0 69
72 12 1 64
72 12 2 71
72 12 6 65
72 12 7 72
72 12 8 74
72 12 9 63
72 12 11 64
72 14 1 76
72 14 2 71
72 14 3 78
72 14 7 72
72 14 8 79
72 14 9 81
72 14 10 70
72 14 11 71
73 4 2 50
73 4 3 49
73 4 4 48
73 4 5 45
73 4 6 44
73 4 7 53
73 4 8 53
73 4 9 47
73 6 2 49
73 6 4 48
73 6 6 47
73 6 7 44
73 6 8 43
73 6 9 52
73 6 10 52
73 6 11 46
73 7 1 48
73 7 3 47
73 7 4 46
73 7 5 43
73 7 6 42
73 7 8 51
73 7 10 51
73 7 11 45
74 2 0 32
74 2 1 29
74 2 2 33
74 2 3 30
74 2 4 33
74 2 6 34
74 2 9 29
74 2 10 29
74 6 2 27
74 6 4 32
74 6 6 33
74 6 7 29
74 6 8 30
74 6 9 33
74 6 10 31
74 6 11 31
74 12 0 33
74 12 1 30
74 12 2 34
74 12 6 31
74 12 7 34
74 12 8 35
74 12 9 30
74 12 11 30
74 13 0 30
74 13 1 27
74 13 3 31
74 13 4 28
74 13 6 31
74 13 7 32
74 13 9 27
74 13 10 27
75 0 1 33
75 0 2 30
75 0 3 34
75 0 4 31
75 0 6 34
75 0 8 35
75 0 9 30
75 0 11 30
75 4 2 30
75 4 3 27
75 4 4 31
75 4 5 28
75 4 6 31
75 4 7 32
75 4 8 27
75 4 9 27
75 6 2 34
75 6 4 31
75 6 6 35
75 6 7 32
75 6 8 35
75 6 9 36
75 6 10 31
75 6 11 31
75 9 1 31
75 9 2 28
75 9 5 32
75 9 7 29
75 9 8 32
75 9 9 33
75 9 10 28
75 9 11 28
76 9 1 22
76 9 2 25
76 9 5 24
76 9 7 27
76 9 8 24
76 9 9 25
76 9 10 23
76 9 11 23
76 10 1 25
76 10 3 28
76 10 4 27
76 10 5 30
76 10 6 27
76 10 7 28
76 10 8 26
76 10 10 26
76 11 0 24
76 11 1 27
76 11 5 26
76 11 6 29
76 11 7 26
76 11 8 27
76 11 9 25
76 11 11 25
76 12 0 27
76 12 1 32
76 12 2 33
76 12 6 29
76 12 7 30
76 12 8 33
76 12 9 31
76 12 11 31
77 2 0 62
77 2 1 63
77 2 2 61
77 2 3 60
77 2 4 62
77 2 6 57
77 2 9 62
77 2 10 58
77 3 0 58
77 3 1 63
77 3 2 64
77 3 4 67
77 3 5 68
77 3 7 71
77 3 8 69
77 3 11 69
77 7 1 59
77 7 3 64
77 7 4 65
77 7 5 68
77 7 6 69
77 7 8 72
77 7 10 70
77 7 11 70
77 8 1 62
77 8 2 67
77 8 3 68
77 8 4 71
77 8 5 72
77 8 6 75
77 8 10 73
77 8 11 73
78 2 0 47
78 2 1 46
78 2 2 45
78 2 3 42
78 2 4 41
78 2 6 50
78 2 9 50
78 2 10 44
78 4 2 46
78 4 3 45
78 4 4 44
78 4 5 41
78 4 6 40
78 4 7 49
78 4 8 49
78 4 9 43
78 5 2 45
78 5 4 44
78 5 5 43
78 5 6 40
78 5 7 39
78 5 8 48
78 5 9 48
78 5 10 42
78 12 0 42
78 12 1 41
78 12 2 40
78 12 6 37
78 12 7 36
78 12 8 45
78 12 9 45
78 12 11 39
78 14 1 36
78 14 2 39
78 14 3 44
78 14 7 44
78 14 8 44
78 14 9 39
78 14 10 37
78 14 11 37
79 0 1 23
79 0 2 26
79 0 3 25
79 0 4 28
79 0 6 25
79 0 8 26
79 0 9 24
79 0 11 24
79 4 2 26
79 4 3 29
79 4 4 28
79 4 5 31
79 4 6 28
79 4 7 29
79 4 8 27
79 4 9 27
79 5 2 25
79 5 4 28
79 5 5 27
79 5 6 30
79 5 7 27
79 5 8 28
79 5 9 26
79 5 10 26
80 2 0 75
80 2 1 70
80 2 2 77
80 2 3 71
80 2 4 78
80 2 6 80
80 2 9 69
80 2 10 70
80 8 1 76
80 8 2 74
80 8 3 75
80 8 4 74
80 8 5 84
80 8 6 87
80 8 10 84
80 8 11 75
80 13 0 76
80 13 1 79
80 13 3 84
80 13 4 93
80 13 6 84
80 13 7 79
80 13 9 77
80 13 10 77
80 14 1 90
80 14 2 89
80 14 3 98
80 14 7 95
80 14 8 84
80 14 9 103
80 14 10 93
80 14 11 97
81 0 1 22
81 0 2 25
81 0 3 24
81 0 4 27
81 0 6 24
81 0 8 25
81 0 9 23
81 0 11 23
81 1 1 25
81 1 2 28
81 1 3 27
81 1 4 30
81 1 7 27
81 1 8 28
81 1 9 26
81 1 11 26
81 3 0 24
81 3 1 27
81 3 2 26
81 3 4 29
81 3 5 26
81 3 7 27
81 3 8 25
81 3 11 25
81 4 2 27
81 4 3 32
81 4 4 33
81 4 5 29
81 4 6 30
81 4 7 33
81 4 8 31
81 4 9 31
81 14 1 24
81 14 2 27
81 14 3 26
81 14 7 29
81 14 8 26
81 14 9 27
81 14 10 25
81 14 11 25
82 0 1 54
82 0 2 59
82 0 3 60
82 0 4 63
82 0 6 64
82 0 8 67
82 0 9 65
82 0 11 65
82 1 1 59
82 1 2 64
82 1 3 65
82 1 4 68
82 1 7 69
82 1 8 72
82 1 9 70
82 1 11 70
82 11 0 60
82 11 1 65
82 11 5 66
82 11 6 69
82 11 7 70
82 11 8 73
82 11 9 71
82 11 11 71
83 0 1 69
83 0 2 63
83 0 3 77
83 0 4 74
83 0 6 68
83 0 8 72
83 0 9 67
83 0 11 76
83 4 2 58
83 4 3 63
83 4 4 64
83 4 5 67
83 4 6 68
83 4 7 71
83 4 8 69
83 4 9 69
83 8 1 70
83 8 2 65
83 8 3 72
83 8 4 66
83 8 5 73
83 8 6 75
83 8 10 64
83 8 11 65
83 10 1 59
83 10 3 64
83 10 4 65
83 10 5 68
83 10 6 69
83 10 7 72
83 10 8 70
83 10 10 70
84 2 0 78
84 2 1 81
84 2 2 86
84 2 3 95
84 2 4 86
84 2 6 81
84 2 9 79
84 2 10 79
84 8 1 77
84 8 2 80
84 8 3 85
84 8 4 94
84 8 5 85
84 8 6 80
84 8 10 78
84 8 11 78
84 14 1 91
84 14 2 90
84 14 3 99
84 14 7 96
84 14 8 85
84 14 9 104
84 14 10 94
84 14 11 98
85 1 1 88
85 1 2 87
85 1 3 96
85 1 4 93
85 1 7 82
85 1 8 101
85 1 9 91
85 1 11 95
85 2 0 87
85 2 1 86
85 2 2 95
85 2 3 92
85 2 4 81
85 2 6 100
85 2 9 90
85 2 10 94
85 10 1 90
85 10 3 102
85 10 4 110
85 10 5 92
85 10 6 107
85 10 7 96
85 10 8 94
85 10 10 94
86 0 1 45
86 0 2 44
86 0 3 43
86 0 4 40
86 0 6 39
86 0 8 48
86 0 9 48
86 0 11 42
86 1 1 44
86 1 2 43
86 1 3 42
86 1 4 39
86 1 7 38
86 1 8 47
86 1 9 47
86 1 11 41
86 6 2 43
86 6 4 42
86 6 6 41
86 6 7 38
86 6 8 37
86 6 9 46
86 6 10 46
86 6 11 40
86 9 1 38
86 9 2 35
86 9 5 39
86 9 7 36
86 9 8 39
86 9 9 40
86 9 10 35
86 9 11 35
86 11 0 37
86 11 1 34
86 11 5 38
86 11 6 35
86 11 7 38
86 11 8 39
86 11 9 34
86 11 11 34
87 0 1 75
87 0 2 70
87 0 3 77
87 0 4 71
87 0 6 78
87 0 8 80
87 0 9 69
87 0 11 70
87 4 2 70
87 4 3 65
87 4 4 72
87 4 5 66
87 4 6 73
87 4 7 75
87 4 8 64
87 4 9 65
87 7 1 77
87 7 3 72
87 7 4 79
87 7 5 73
87 7 6 80
87 7 8 82
87 7 10 71
87 7 11 72
87 9 1 71
87 9 2 66
87 9 5 73
87 9 7 67
87 9 8 74
87 9 9 76
87 9 10 65
87 9 11 66
88 3 0 56
88 3 1 59
88 3 2 52
88 3 4 61
88 3 5 58
88 3 7 53
88 3 8 51
88 3 11 51
88 8 1 54
88 8 2 59
88 8 3 60
88 8 4 63
88 8 5 64
88 8 6 67
88 8 10 65
88 8 11 65
88 11 0 55
88 11 1 60
88 11 5 61
88 11 6 64
88 11 7 65
88 11 8 68
88 11 9 66
88 11 11 66
88 12 0 58
88 12 1 63
88 12 2 64
88 12 6 67
88 12 7 68
88 12 8 71
88 12 9 69
88 12 11 69
89 1 1 72
89 1 2 75
89 1 3 80
89 1 4 89
89 1 7 80
89 1 8 75
89 1 9 73
89 1 11 73
89 8 1 75
89 8 2 78
89 8 3 83
89 8 4 92
89 8 5 83
89 8 6 78
89 8 10 76
89 8 11 76
89 11 0 81
89 11 1 84
89 11 5 90
89 11 6 84
89 11 7 89
89 11 8 94
89 11 9 85
89 11 11 94
90 6 2 55
90 6 4 58
90 6 6 51
90 6 7 60
90 6 8 57
90 6 9 52
90 6 10 50
90 6 11 50
90 8 1 62
90 8 2 63
90 8 3 61
90 8 4 60
90 8 5 62
90 8 6 57
90 8 10 62
90 8 11 58
90 9 1 54
90 9 2 59
90 9 5 60
90 9 7 63
90 9 8 64
90 9 9 67
90 9 10 65
90 9 11 65
90 14 1 57
90 14 2 62
90 14 3 63
90 14 7 66
90 14 8 67
90 14 9 70
90 14 10 68
90 14 11 68
91 1 1 75
91 1 2 70
91 1 3 77
91 1 4 71
91 1 7 78
91 1 8 80
91 1 9 69
91 1 11 70
91 6 2 76
91 6 4 74
91 6 6 75
91 6 7 74
91 6 8 84
91 6 9 87
91 6 10 84
91 6 11 75
91 8 1 76
91 8 2 79
91 8 3 84
91 8 4 93
91 8 5 84
91 8 6 79
91 8 10 77
91 8 11 77
91 11 0 90
91 11 1 89
91 11 5 98
91 11 6 95
91 11 7 84
91 11 8 103
91 11 9 93
91 11 11 97
91 12 0 76
91 12 1 79
91 12 2 84
91 12 6 93
91 12 7 84
91 12 8 79
91 12 9 77
91 12 11 77
92 0 1 77
92 0 2 72
92 0 3 79
92 0 4 73
92 0 6 80
92 0 8 82
92 0 9 71
92 0 11 72
92 2 0 73
92 2 1 76
92 2 2 81
92 2 3 90
92 2 4 81
92 2 6 76
92 2 9 74
92 2 10 74
92 10 1 78
92 10 3 81
92 10 4 86
92 10 5 95
92 10 6 86
92 10 7 81
92 10 8 79
92 10 10 79
92 13 0 92
92 13 1 91
92 13 3 100
92 13 4 97
92 13 6 86
92 13 7 105
92 13 9 95
92 13 10 99
93 2 0 70
93 2 1 65
93 2 2 72
93 2 3 66
93 2 4 73
93 2 6 75
93 2 9 64
93 2 10 65
93 3 0 60
93 3 1 65
93 3 2 66
93 3 4 69
93 3 5 70
93 3 7 73
93 3 8 71
93 3 11 71
93 7 1 72
93 7 3 67
93 7 4 74
93 7 5 68
93 7 6 75
93 7 8 77
93 7 10 66
93 7 11 67
94 1 1 18
94 1 2 17
94 1 3 19
94 1 4 17
94 1 7 19
94 1 8 19
94 1 9 17
94 1 11 17
94 2 0 19
94 2 1 22
94 2 2 21
94 2 3 24
94 2 4 21
94 2 6 22
94 2 9 20
94 2 10 20
94 5 2 18
94 5 4 21
94 5 5 20
94 5 6 23
94 5 7 20
94 5 8 21
94 5 9 19
94 5 10 19
94 8 1 21
94 8 2 24
94 8 3 23
94 8 4 26
94 8 5 23
94 8 6 24
94 8 10 22
94 8 11 22
94 12 0 18
94 12 1 21
94 12 2 20
94 12 6 23
94 12 7 20
94 12 8 21
94 12 9 19
94 12 11 19
95 1 1 72
95 1 2 67
95 1 3 74
95 1 4 68
95 1 7 75
95 1 8 77
95 1 9 66
95 1 11 67
95 4 2 62
95 4 3 67
95 4 4 68
95 4 5 71
95 4 6 72
95 4 7 75
95 4 8 73
95 4 9 73
95 6 2 74
95 6 4 69
95 6 6 76
95 6 7 70
95 6 8 77
95 6 9 79
95 6 10 68
95 6 11 69
95 10 1 69
95 10 3 63
95 10 4 77
95 10 5 74
95 10 6 68
95 10 7 72
95 10 8 67
95 10 10 76
95 13 0 75
95 13 1 70
95 13 3 77
95 13 4 71
95 13 6 78
95 13 7 80
95 13 9 69
95 13 10 70
96 6 2 58
96 6 4 61
96 6 6 54
96 6 7 63
96 6 8 60
96 6 9 55
96 6 10 53
96 6 11 53
96 12 0 56
96 12 1 61
96 12 2 62
96 12 6 65
96 12 7 66
96 12 8 69
96 12 9 67
96 12 11 67
96 14 1 57
96 14 2 62
96 14 3 63
96 14 7 66
96 14 8 67
96 14 9 70
96 14 10 68
96 14 11 68
97 1 1 91
97 1 2 90
97 1 3 99
97 1 4 96
97 1 7 85
97 1 8 104
97 1 9 94
97 1 11 98
97 8 1 90
97 8 2 89
97 8 3 98
97 8 4 95
97 8 5 84
97 8 6 103
97 8 10 93
97 8 11 97
97 10 1 106
97 10 3 105
97 10 4 108
97 10 5 111
97 10 6 106
97 10 7 107
97 10 8 97
97 10 10 99
97 14 1 90
97 14 2 102
97 14 3 110
97 14 7 92
97 14 8 107
97 14 9 96
97 14 10 94
97 14 11 94
98 5 2 54
98 5 4 57
98 5 5 50
98 5 6 59
98 5 7 56
98 5 8 51
98 5 9 49
98 5 10 49
98 7 1 59
98 7 3 62
98 7 4 55
98 7 5 64
98 7 6 61
98 7 8 56
98 7 10 54
98 7 11 54
98 9 1 62
98 9 2 63
98 9 5 61
98 9 7 60
98 9 8 62
98 9 9 57
98 9 10 62
98 9 11 58
98 11 0 56
98 11 1 61
98 11 5 62
98 11 6 65
98 11 7 66
98 11 8 69
98 11 9 67
98 11 11 67
98 12 0 57
98 12 1 62
98 12 2 63
98 12 6 66
98 12 7 67
98 12 8 70
98 12 9 68
98 12 11 68
99 4 2 55
99 4 3 60
99 4 4 61
99 4 5 64
99 4 6 65
99 4 7 68
99 4 8 66
99 4 9 66
99 6 2 60
99 6 4 65
99 6 6 66
99 6 7 69
99 6 8 70
99 6 9 73
99 6 10 71
99 6 11 71
99 14 1 61
99 14 2 66
99 14 3 67
99 14 7 70
99 14 8 71
99 14 9 74
99 14 10 72
99 14 11 72
100 2 0 69
100 2 1 63
100 2 2 77
100 2 3 74
100 2 4 68
100 2 6 72
100 2 9 67
100 2 10 76
100 6 2 58
100 6 4 63
100 6 6 64
100 6 7 67
100 6 8 68
100 6 9 71
100 6 10 69
100 6 11 69
100 8 1 70
100 8 2 65
100 8 3 72
100 8 4 66
100 8 5 73
100 8 6 75
100 8 10 64
100 8 11 65
100 12 0 59
100 12 1 64
100 12 2 65
100 12 6 68
100 12 7 69
100 12 8 72
100 12 9 70
100 12 11 70
100 14 1 71
100 14 2 66
100 14 3 73
100 14 7 67
100 14 8 74
100 14 9 76
100 14 10 65
100 14 11 66
101 0 1 88
101 0 2 87
101 0 3 96
101 0 4 93
101 0 6 82
101 0 8 101
101 0 9 91
101 0 11 95
101 2 0 87
101 2 1 86
101 2 2 95
101 2 3 92
101 2 4 81
101 2 6 100
101 2 9 90
101 2 10 94
101 7 1 90
101 7 3 102
101 7 4 110
101 7 5 92
101 7 6 107
101 7 8 96
101 7 10 94
101 7 11 94
101 13 0 93
101 13 1 92
101 13 3 101
101 13 4 98
101 13 6 87
101 13 7 106
101 13 9 96
101 13 10 100
102 1 1 81
102 1 2 84
102 1 3 90
102 1 4 84
102 1 7 89
102 1 8 94
102 1 9 85
102 1 11 94
102 7 1 105
102 7 3 104
102 7 4 107
102 7 5 110
102 7 6 105
102 7 8 106
102 7 10 96
102 7 11 98
102 9 1 108
102 9 2 121
102 9 5 109
102 9 7 99
102 9 8 121
102 9 9 110
102 9 10 108
102 9 11 121
102 11 0 88
102 11 1 87
102 11 5 96
102 11 6 93
102 11 7 82
102 11 8 101
102 11 9 91
102 11 11 95
102 13 0 110
102 13 1 109
102 13 3 112
102 13 4 115
102 13 6 110
102 13 7 111
102 13 9 101
102 13 10 103
103 4 2 62
103 4 3 67
103 4 4 68
103 4 5 71
103 4 6 72
103 4 7 75
103 4 8 73
103 4 9 73
103 7 1 57
103 7 3 62
103 7 4 63
103 7 5 66
103 7 6 67
103 7 8 70
103 7 10 68
103 7 11 68
103 9 1 69
103 9 2 64
103 9 5 71
103 9 7 65
103 9 8 72
103 9 9 74
103 9 10 63
103 9 11 64
103 14 1 58
103 14 2 63
103 14 3 64
103 14 7 67
103 14 8 68
103 14 9 71
103 14 10 69
103 14 11 69
104 5 2 88
104 5 4 87
104 5 5 96
104 5 6 93
104 5 7 82
104 5 8 101
104 5 9 91
104 5 10 95
104 6 2 87
104 6 4 86
104 6 6 95
104 6 7 92
104 6 8 81
104 6 9 100
104 6 10 90
104 6 11 94
104 7 1 90
104 7 3 102
104 7 4 110
104 7 5 92
104 7 6 107
104 7 8 96
104 7 10 94
104 7 11 94
104 9 1 93
104 9 2 92
104 9 5 101
104 9 7 98
104 9 8 87
104 9 9 106
104 9 10 96
104 9 11 100
105 3 0 24
105 3 1 27
105 3 2 26
105 3 4 29
105 3 5 26
105 3 7 27
105 3 8 25
105 3 11 25
105 5 2 31
105 5 4 28
105 5 5 32
105 5 6 29
105 5 7 32
105 5 8 33
105 5 9 28
105 5 10 28
105 9 1 32
105 9 2 29
105 9 5 33
105 9 7 30
105 9 8 33
105 9 9 34
105 9 10 29
105 9 11 29
105 12 0 26
105 12 1 29
105 12 2 28
105 12 6 31
105 12 7 28
105 12 8 29
105 12 9 27
105 12 11 27
105 14 1 27
105 14 2 32
105 14 3 33
105 14 7 29
105 14 8 30
105 14 9 33
105 14 10 31
105 14 11 31
106 9 1 17
106 9 2 16
106 9 5 18
106 9 7 16
106 9 8 18
106 9 9 18
106 9 10 16
106 9 11 16
106 12 0 18
106 12 1 21
106 12 2 20
106 12 6 23
106 12 7 20
106 12 8 21
106 12 9 19
106 12 11 19
106 14 1 19
106 14 2 18
106 14 3 22
106 14 7 19
106 14 8 18
106 14 9 22
106 14 10 22
106 14 11 21
107 2 0 74
107 2 1 69
107 2 2 76
107 2 3 70
107 2 4 77
107 2 6 79
107 2 9 68
107 2 10 69
107 3 0 69
107 3 1 64
107 3 2 71
107 3 4 65
107 3 5 72
107 3 7 74
107 3 8 63
107 3 11 64
107 8 1 76
107 8 2 71
107 8 3 78
107 8 4 72
107 8 5 79
107 8 6 81
107 8 10 70
107 8 11 71
107 9 1 70
107 9 2 65
107 9 5 72
107 9 7 66
107 9 8 73
107 9 9 75
107 9 10 64
107 9 11 65
107 12 0 77
107 12 1 72
107 12 2 79
107 12 6 73
107 12 7 80
107 12 8 82
107 12 9 71
107 12 11 72
108 0 1 32
108 0 2 29
108 0 3 33
108 0 4 30
108 0 6 33
108 0 8 34
108 0 9 29
108 0 11 29
108 4 2 27
108 4 3 32
108 4 4 33
108 4 5 29
108 4 6 30
108 4 7 33
108 4 8 31
108 4 9 31
108 11 0 33
108 11 1 30
108 11 5 34
108 11 6 31
108 11 7 34
108 11 8 35
108 11 9 30
108 11 11 30
109 0 1 19
109 0 2 18
109 0 3 22
109 0 4 19
109 0 6 18
109 0 8 22
109 0 9 22
109 0 11 21
109 1 1 20
109 1 2 23
109 1 3 22
109 1 4 25
109 1 7 22
109 1 8 23
109 1 9 21
109 1 11 21
109 4 2 19
109 4 3 22
109 4 4 21
109 4 5 24
109 4 6 21
109 4 7 22
109 4 8 20
109 4 9 20
109 7 1 22
109 7 3 25
109 7 4 24
109 7 5 27
109 7 6 24
109 7 8 25
109 7 10 23
109 7 11 23
109 13 0 19
109 13 1 22
109 13 3 21
109 13 4 24
109 13 6 21
109 13 7 22
109 13 9 20
109 13 10 20
110 2 0 55
110 2 1 58
110 2 2 51
110 2 3 60
110 2 4 57
110 2 6 52
110 2 9 50
110 2 10 50
110 6 2 58
110 6 4 61
110 6 6 54
110 6 7 63
110 6 8 60
110 6 9 55
110 6 10 53
110 6 11 53
110 11 0 51
110 11 1 54
110 11 5 47
110 11 6 56
110 11 7 53
110 11 8 48
110 11 9 46
110 11 11 46
110 13 0 62
110 13 1 63
110 13 3 61
110 13 4 60
110 13 6 62
110 13 7 57
110 13 9 62
110 13 10 58
111 2 0 74
111 2 1 69
111 2 2 76
111 2 3 70
111 2 4 77
111 2 6 79
111 2 9 68
111 2 10 69
111 8 1 69
111 8 2 64
111 8 3 71
111 8 4 65
111 8 5 72
111 8 6 74
111 8 10 63
111 8 11 64
111 9 1 76
111 9 2 71
111 9 5 78
111 9 7 72
111 9 8 79
111 9 9 81
111 9 10 70
111 9 11 71
111 13 0 70
111 13 1 65
111 13 3 72
111 13 4 66
111 13 6 73
111 13 7 75
111 13 9 64
111 13 10 65
112 0 1 43
112 0 2 42
112 0 3 41
112 0 4 38
112 0 6 37
112 0 8 46
112 0 9 46
112 0 11 40
112 2 0 42
112 2 1 41
112 2 2 40
112 2 3 37
112 2 4 36
112 2 6 45
112 2 9 45
112 2 10 39
112 4 2 36
112 4 3 39
112 4 4 44
112 4 5 44
112 4 6 44
112 4 7 39
112 4 8 37
112 4 9 37
112 8 1 36
112 8 2 33
112 8 3 37
112 8 4 34
112 8 5 37
112 8 6 38
112 8 10 33
112 8 11 33
112 11 0 35
112 11 1 32
112 11 5 36
112 11 6 33
112 11 7 36
112 11 8 37
112 11 9 32
112 11 11 32
113 3 0 62
113 3 1 67
113 3 2 68
113 3 4 71
113 3 5 72
113 3 7 75
113 3 8 73
113 3 11 73
113 7 1 57
113 7 3 62
113 7 4 63
113 7 5 66
113 7 6 67
113 7 8 70
113 7 10 68
113 7 11 68
113 12 0 69
113 12 1 64
113 12 2 71
113 12 6 65
113 12 7 72
113 12 8 74
113 12 9 63
113 12 11 64
114 4 2 57
114 4 3 60
114 4 4 53
114 4 5 62
114 4 6 59
114 4 7 54
114 4 8 52
114 4 9 52
114 6 2 62
114 6 4 63
114 6 6 61
114 6 7 60
114 6 8 62
114 6 9 57
114 6 10 62
114 6 11 58
114 10 1 53
114 10 3 56
114 10 4 49
114 10 5 58
114 10 6 55
114 10 7 50
114 10 8 48
114 10 10 48
114 12 0 55
114 12 1 60
114 12 2 61
114 12 6 64
114 12 7 65
114 12 8 68
114 12 9 66
114 12 11 66
115 4 2 91
115 4 3 90
115 4 4 99
115 4 5 96
115 4 6 85
115 4 7 104
115 4 8 94
115 4 9 98
115 5 2 90
115 5 4 89
115 5 5 98
115 5 6 95
115 5 7 84
115 5 8 103
115 5 9 93
115 5 10 97
115 11 0 106
115 11 1 105
115 11 5 108
115 11 6 111
115 11 7 106
115 11 8 107
115 11 9 97
115 11 11 99
116 8 1 50
116 8 2 49
116 8 3 48
116 8 4 45
116 8 5 44
116 8 6 53
116 8 10 53
116 8 11 47
116 9 1 49
116 9 2 48
116 9 5 47
116 9 7 44
116 9 8 43
116 9 9 52
116 9 10 52
116 9 11 46
116 14 1 48
116 14 2 47
116 14 3 46
116 14 7 43
116 14 8 42
116 14 9 51
116 14 10 51
116 14 11 45
117 0 1 79
117 0 2 82
117 0 3 87
117 0 4 96
117 0 6 87
117 0 8 82
117 0 9 80
117 0 11 80
117 6 2 78
117 6 4 81
117 6 6 86
117 6 7 95
117 6 8 86
117 6 9 81
117 6 10 79
117 6 11 79
117 12 0 92
117 12 1 91
117 12 2 100
117 12 6 97
117 12 7 86
117 12 8 105
117 12 9 95
117 12 11 99
117 14 1 89
117 14 2 88
117 14 3 97
117 14 7 94
117 14 8 83
117 14 9 102
117 14 10 92
117 14 11 96
118 4 2 13
118 4 3 12
118 4 4 14
118 4 5 12
118 4 6 14
118 4 7 14
118 4 8 12
118 4 9 12
118 6 2 12
118 6 4 11
118 6 6 13
118 6 7 11
118 6 8 13
118 6 9 13
118 6 10 11
118 6 11 11
118 7 1 14
118 7 3 13
118 7 4 15
118 7 5 13
118 7 6 15
118 7 8 15
118 7 10 13
118 7 11 13
118 9 1 12
118 9 2 11
118 9 5 13
118 9 7 11
118 9 8 13
118 9 9 13
118 9 10 11
118 9 11 11
118 12 0 14
118 12 1 13
118 12 2 15
118 12 6 13
118 12 7 15
118 12 8 15
118 12 9 13
118 12 11 13
119 0 1 55
119 0 2 60
119 0 3 61
119 0 4 64
119 0 6 65
119 0 8 68
119 0 9 66
119 0 11 66
119 1 1 56
119 1 2 61
119 1 3 62
119 1 4 65
119 1 7 66
119 1 8 69
119 1 9 67
119 1 11 67
119 8 1 54
119 8 2 59
119 8 3 60
119 8 4 63
119 8 5 64
119 8 6 67
119 8 10 65
119 8 11 65
119 13 0 62
119 13 1 63
119 13 3 61
119 13 4 60
119 13 6 62
119 13 7 57
119 13 9 62
119 13 10 58
119 14 1 55
119 14 2 60
119 14 3 61
119 14 7 64
119 14 8 65
119 14 9 68
119 14 10 66
119 14 11 66
120 2 0 17
120 2 1 16
120 2 2 18
120 2 3 16
120 2 4 18
120 2 6 18
120 2 9 16
120 2 10 16
120 10 1 16
120 10 3 15
120 10 4 17
120 10 5 15
120 10 6 17
120 10 7 17
120 10 8 15
120 10 10 15
120 12 0 18
120 12 1 17
120 12 2 19
120 12 6 17
120 12 7 19
120 12 8 19
120 12 9 17
120 12 11 17
120 14 1 16
120 14 2 15
120 14 3 17
120 14 7 15
120 14 8 17
120 14 9 17
120 14 10 15
120 14 11 15
121 0 1 74
121 0 2 69
121 0 3 76
121 0 4 70
121 0 6 77
121 0 8 79
121 0 9 68
121 0 11 69
121 1 1 72
121 1 2 67
121 1 3 74
121 1 4 68
121 1 7 75
121 1 8 77
121 1 9 66
121 1 11 67
121 7 1 73
121 7 3 68
121 7 4 75
121 7 5 69
121 7 6 76
121 7 8 78
121 7 10 67
121 7 11 68
121 14 1 72
121 14 2 67
121 14 3 74
121 14 7 68
121 14 8 75
121 14 9 77
121 14 10 66
121 14 11 67
122 1 1 70
122 1 2 65
122 1 3 72
122 1 4 66
122 1 7 73
122 1 8 75
122 1 9 64
122 1 11 65
122 4 2 60
122 4 3 65
122 4 4 66
122 4 5 69
122 4 6 70
122 4 7 73
122 4 8 71
122 4 9 71
122 6 2 72
122 6 4 67
122 6 6 74
122 6 7 68
122 6 8 75
122 6 9 77
122 6 10 66
122 6 11 67
122 10 1 61
122 10 3 66
122 10 4 67
122 10 5 70
122 10 6 71
122 10 7 74
122 10 8 72
122 10 10 72
122 13 0 73
122 13 1 68
122 13 3 75
122 13 4 69
122 13 6 76
122 13 7 78
122 13 9 67
122 13 10 68
123 2 0 36
123 2 1 33
123 2 2 37
123 2 3 34
123 2 4 37
123 2 6 38
123 2 9 33
123 2 10 33
123 5 2 33
123 5 4 30
123 5 5 34
123 5 6 31
123 5 7 34
123 5 8 35
123 5 9 30
123 5 10 30
123 11 0 37
123 11 1 34
123 11 5 38
123 11 6 35
123 11 7 38
123 11 8 39
123 11 9 34
123 11 11 34
124 2 0 88
124 2 1 87
124 2 2 96
124 2 3 93
124 2 4 82
124 2 6 101
124 2 9 91
124 2 10 95
124 4 2 87
124 4 3 86
124 4 4 95
124 4 5 92
124 4 6 81
124 4 7 100
124 4 8 90
124 4 9 94
124 14 1 90
124 14 2 102
124 14 3 110
124 14 7 92
124 14 8 107
124 14 9 96
124 14 10 94
124 14 11 94
125 2 0 49
125 2 1 48
125 2 2 47
125 2 3 44
125 2 4 43
125 2 6 52
125 2 9 52
125 2 10 46
125 6 2 48
125 6 4 47
125 6 6 46
125 6 7 43
125 6 8 42
125 6 9 51
125 6 10 51
125 6 11 45
125 7 1 47
125 7 3 46
125 7 4 45
125 7 5 42
125 7 6 41
125 7 8 50
125 7 10 50
125 7 11 44
125 12 0 44
125 12 1 43
125 12 2 42
125 12 6 39
125 12 7 38
125 12 8 47
125 12 9 47
125 12 11 41
126 4 2 54
126 4 3 57
126 4 4 50
126 4 5 59
126 4 6 56
126 4 7 51
126 4 8 49
126 4 9 49
126 7 1 59
126 7 3 62
126 7 4 55
126 7 5 64
126 7 6 61
126 7 8 56
126 7 10 54
126 7 11 54
126 12 0 62
126 12 1 63
126 12 2 61
126 12 6 60
126 12 7 62
126 12 8 57
126 12 9 62
126 12 11 58
126 13 0 56
126 13 1 61
126 13 3 62
126 13 4 65
126 13 6 66
126 13 7 69
126 13 9 67
126 13 10 67
126 14 1 57
126 14 2 62
126 14 3 63
126 14 7 66
126 14 8 67
126 14 9 70
126 14 10 68
126 14 11 68
127 2 0 49
127 2 1 48
127 2 2 47
127 2 3 44
127 2 4 43
127 2 6 52
127 2 9 52
127 2 10 46
127 3 0 48
127 3 1 47
127 3 2 46
127 3 4 43
127 3 5 42
127 3 7 51
127 3 8 51
127 3 11 45
127 7 1 48
127 7 3 47
127 7 4 50
127 7 5 53
127 7 6 48
127 7 8 49
127 7 10 50
127 7 11 52
127 11 0 53
127 11 1 56
127 11 5 49
127 11 6 58
127 11 7 55
127 11 8 50
127 11 9 48
127 11 11 48
128 4 2 17
128 4 3 16
128 4 4 18
128 4 5 16
128 4 6 18
128 4 7 18
128 4 8 16
128 4 9 16
128 7 1 18
128 7 3 21
128 7 4 20
128 7 5 23
128 7 6 20
128 7 8 21
128 7 10 19
128 7 11 19
128 10 1 19
128 10 3 18
128 10 4 22
128 10 5 19
128 10 6 18
128 10 7 22
128 10 8 22
128 10 10 21
128 14 1 20
128 14 2 23
128 14 3 22
128 14 7 25
128 14 8 22
128 14 9 23
128 14 10 21
128 14 11 21
129 3 0 32
129 3 1 29
129 3 2 33
129 3 4 30
129 3 5 33
129 3 7 34
129 3 8 29
129 3 11 29
129 5 2 27
129 5 4 32
129 5 5 33
129 5 6 29
129 5 7 30
129 5 8 33
129 5 9 31
129 5 10 31
129 9 1 33
129 9 2 30
129 9 5 34
129 9 7 31
129 9 8 34
129 9 9 35
129 9 10 30
129 9 11 30
129 14 1 30
129 14 2 27
129 14 3 31
129 14 7 28
129 14 8 31
129 14 9 32
129 14 10 27
129 14 11 27
130 3 0 56
130 3 1 59
130 3 2 52
130 3 4 61
130 3 5 58
130 3 7 53
130 3 8 51
130 3 11 51
130 6 2 54
130 6 4 59
130 6 6 60
130 6 7 63
130 6 8 64
130 6 9 67
130 6 10 65
130 6 11 65
130 12 0 55
130 12 1 60
130 12 2 61
130 12 6 64
130 12 7 65
130 12 8 68
130 12 9 66
130 12 11 66
130 14 1 58
130 14 2 63
130 14 3 64
130 14 7 67
130 14 8 68
130 14 9 71
130 14 10 69
130 14 11 69
131 5 2 74
131 5 4 69
131 5 5 76
131 5 6 70
131 5 7 77
131 5 8 79
131 5 9 68
131 5 10 69
131 6 2 69
131 6 4 64
131 6 6 71
131 6 7 65
131 6 8 72
131 6 9 74
131 6 10 63
131 6 11 64
131 9 1 76
131 9 2 71
131 9 5 78
131 9 7 72
131 9 8 79
131 9 9 81
131 9 10 70
131 9 11 71
131 10 1 70
131 10 3 65
131 10 4 72
131 10 5 66
131 10 6 73
131 10 7 75
131 10 8 64
131 10 10 65
132 0 1 69
132 0 2 64
132 0 3 71
132 0 4 65
132 0 6 72
132 0 8 74
132 0 9 63
132 0 11 64
132 2 0 59
132 2 1 64
132 2 2 65
132 2 3 68
132 2 4 69
132 2 6 72
132 2 9 70
132 2 10 70
132 13 0 71
132 13 1 66
132 13 3 73
132 13 4 67
132 13 6 74
132 13 7 76
132 13 9 65
132 13 10 66
133 2 0 72
133 2 1 67
133 2 2 74
133 2 3 68
133 2 4 75
133 2 6 77
133 2 9 66
133 2 10 67
133 6 2 62
133 6 4 67
133 6 6 68
133 6 7 71
133 6 8 72
133 6 9 75
133 6 10 73
133 6 11 73
133 8 1 74
133 8 2 69
133 8 3 76
133 8 4 70
133 8 5 77
133 8 6 79
133 8 10 68
133 8 11 69
133 12 0 69
133 12 1 63
133 12 2 77
133 12 6 74
133 12 7 68
133 12 8 72
133 12 9 67
133 12 11 76
133 13 0 75
133 13 1 70
133 13 3 77
133 13 4 71
133 13 6 78
133 13 7 80
133 13 9 69
133 13 10 70
134 1 1 73
134 1 2 68
134 1 3 75
134 1 4 69
134 1 7 76
134 1 8 78
134 1 9 67
134 1 11 68
134 7 1 69
134 7 3 63
134 7 4 77
134 7 5 74
134 7 6 68
134 7 8 72
134 7 10 67
134 7 11 76
134 8 1 75
134 8 2 70
134 8 3 77
134 8 4 71
134 8 5 78
134 8 6 80
134 8 10 69
134 8 11 70
134 14 1 69
134 14 2 64
134 14 3 71
134 14 7 65
134 14 8 72
134 14 9 74
134 14 10 63
134 14 11 64
135 0 1 27
135 0 2 32
135 0 3 33
135 0 4 29
135 0 6 30
135 0 8 33
135 0 9 31
135 0 11 31
135 2 0 24
135 2 1 27
135 2 2 26
135 2 3 29
135 2 4 26
135 2 6 27
135 2 9 25
135 2 10 25
135 7 1 30
135 7 3 27
135 7 4 31
135 7 5 28
135 7 6 31
135 7 8 32
135 7 10 27
135 7 11 27
136 0 1 52
136 0 2 55
136 0 3 48
136 0 4 57
136 0 6 54
136 0 8 49
136 0 9 47
136 0 11 47
136 5 2 55
136 5 4 58
136 5 5 51
136 5 6 60
136 5 7 57
136 5 8 52
136 5 9 50
136 5 10 50
136 12 0 49
136 12 1 48
136 12 2 47
136 12 6 44
136 12 7 43
136 12 8 52
136 12 9 52
136 12 11 46
136 13 0 57
136 13 1 60
136 13 3 53
136 13 4 62
136 13 6 59
136 13 7 54
136 13 9 52
136 13 10 52
137 4 2 18
137 4 3 17
137 4 4 19
137 4 5 17
137 4 6 19
137 4 7 19
137 4 8 17
137 4 9 17
137 11 0 19
137 11 1 22
137 11 5 21
137 11 6 24
137 11 7 21
137 11 8 22
137 11 9 20
137 11 11 20
137 12 0 18
137 12 1 21
137 12 2 20
137 12 6 23
137 12 7 20
137 12 8 21
137 12 9 19
137 12 11 19
137 14 1 21
137 14 2 24
137 14 3 23
137 14 7 26
137 14 8 23
137 14 9 24
137 14 10 22
137 14 11 22
138 1 1 46
138 1 2 45
138 1 3 44
138 1 4 41
138 1 7 40
138 1 8 49
138 1 9 49
138 1 11 43
138 3 0 45
138 3 1 44
138 3 2 43
138 3 4 40
138 3 5 39
138 3 7 48
138 3 8 48
138 3 11 42
138 9 1 44
138 9 2 43
138 9 5 42
138 9 7 39
138 9 8 38
138 9 9 47
138 9 10 47
138 9 11 41
138 10 1 36
138 10 3 39
138 10 4 44
138 10 5 44
138 10 6 44
138 10 7 39
138 10 8 37
138 10 10 37
138 11 0 38
138 11 1 35
138 11 5 39
138 11 6 36
138 11 7 39
138 11 8 40
138 11 9 35
138 11 11 35
139 0 1 31
139 0 2 28
139 0 3 32
139 0 4 29
139 0 6 32
139 0 8 33
139 0 9 28
139 0 11 28
139 2 0 26
139 2 1 29
139 2 2 28
139 2 3 31
139 2 4 28
139 2 6 29
139 2 9 27
139 2 10 27
139 6 2 32
139 6 4 29
139 6 6 33
139 6 7 30
139 6 8 33
139 6 9 34
139 6 10 29
139 6 11 29
139 10 1 27
139 10 3 32
139 10 4 33
139 10 5 29
139 10 6 30
139 10 7 33
139 10 8 31
139 10 10 31
139 14 1 32
139 14 2 29
139 14 3 33
139 14 7 30
139 14 8 33
139 14 9 34
139 14 10 29
139 14 11 29
140 3 0 55
140 3 1 58
140 3 2 51
140 3 4 60
140 3 5 57
140 3 7 52
140 3 8 50
140 3 11 50
140 4 2 62
140 4 3 63
140 4 4 61
140 4 5 60
140 4 6 62
140 4 7 57
140 4 8 62
140 4 9 58
140 11 0 54
140 11 1 59
140 11 5 60
140 11 6 63
140 11 7 64
140 11 8 67
140 11 9 65
140 11 11 65
141 0 1 18
141 0 2 17
141 0 3 19
141 0 4 17
141 0 6 19
141 0 8 19
141 0 9 17
141 0 11 17
141 6 2 19
141 6 4 22
141 6 6 21
141 6 7 24
141 6 8 21
141 6 9 22
141 6 10 20
141 6 11 20
141 9 1 18
141 9 2 21
141 9 5 20
141 9 7 23
141 9 8 20
141 9 9 21
141 9 10 19
141 9 11 19
141 14 1 21
141 14 2 24
141 14 3 23
141 14 7 26
141 14 8 23
141 14 9 24
141 14 10 22
141 14 11 22
142 0 1 44
142 0 2 43
142 0 3 42
142 0 4 39
142 0 6 38
142 0 8 47
142 0 9 47
142 0 11 41
142 2 0 43
142 2 1 42
142 2 2 41
142 2 3 38
142 2 4 37
142 2 6 46
142 2 9 46
142 2 10 40
142 4 2 42
142 4 3 41
142 4 4 40
142 4 5 37
142 4 6 36
142 4 7 45
142 4 8 45
142 4 9 39
142 8 1 37
142 8 2 34
142 8 3 38
142 8 4 35
142 8 5 38
142 8 6 39
142 8 10 34
142 8 11 34
142 12 0 36
142 12 1 33
142 12 2 37
142 12 6 34
142 12 7 37
142 12 8 38
142 12 9 33
142 12 11 33
143 2 0 62
143 2 1 63
143 2 2 61
143 2 3 60
143 2 4 62
143 2 6 57
143 2 9 62
143 2 10 58
143 3 0 58
143 3 1 63
143 3 2 64
143 3 4 67
143 3 5 68
143 3 7 71
143 3 8 69
143 3 11 69
143 5 2 59
143 5 4 64
143 5 5 65
143 5 6 68
143 5 7 69
143 5 8 72
143 5 9 70
143 5 10 70
143 11 0 62
143 11 1 67
143 11 5 68
143 11 6 71
143 11 7 72
143 11 8 75
143 11 9 73
143 11 11 73
144 0 1 34
144 0 2 31
144 0 3 35
144 0 4 32
144 0 6 35
144 0 8 36
144 0 9 31
144 0 11 31
144 8 1 31
144 8 2 28
144 8 3 32
144 8 4 29
144 8 5 32
144 8 6 33
144 8 10 28
144 8 11 28
144 14 1 35
144 14 2 32
144 14 3 36
144 14 7 33
144 14 8 36
144 14 9 37
144 14 10 32
144 14 11 32
145 4 2 48
145 4 3 47
145 4 4 46
145 4 5 43
145 4 6 42
145 4 7 51
145 4 8 51
145 4 9 45
145 8 1 47
145 8 2 46
145 8 3 45
145 8 4 42
145 8 5 41
145 8 6 50
145 8 10 50
145 8 11 44
145 9 1 46
145 9 2 45
145 9 5 44
145 9 7 41
145 9 8 40
145 9 9 49
145 9 10 49
145 9 11 43
146 0 1 62
146 0 2 67
146 0 3 68
146 0 4 71
146 0 6 72
146 0 8 75
146 0 9 73
146 0 11 73
146 3 0 56
146 3 1 61
146 3 2 62
146 3 4 65
146 3 5 66
146 3 7 69
146 3 8 67
146 3 11 67
146 10 1 75
146 10 3 70
146 10 4 77
146 10 5 71
146 10 6 78
146 10 7 80
146 10 8 69
146 10 10 70
147 5 2 62
147 5 4 67
147 5 5 68
147 5 6 71
147 5 7 72
147 5 8 75
147 5 9 73
147 5 10 73
147 8 1 57
147 8 2 62
147 8 3 63
147 8 4 66
147 8 5 67
147 8 6 70
147 8 10 68
147 8 11 68
147 12 0 69
147 12 1 64
147 12 2 71
147 12 6 65
147 12 7 72
147 12 8 74
147 12 9 63
147 12 11 64
148 3 0 71
148 3 1 66
148 3 2 73
148 3 4 67
148 3 5 74
148 3 7 76
148 3 8 65
148 3 11 66
148 7 1 61
148 7 3 66
148 7 4 67
148 7 5 70
148 7 6 71
148 7 8 74
148 7 10 72
148 7 11 72
148 9 1 73
148 9 2 68
148 9 5 75
148 9 7 69
148 9 8 76
148 9 9 78
148 9 10 67
148 9 11 68
148 10 1 62
148 10 3 67
148 10 4 68
148 10 5 71
148 10 6 72
148 10 7 75
148 10 8 73
148 10 10 73
148 13 0 74
148 13 1 69
148 13 3 76
148 13 4 70
148 13 6 77
148 13 7 79
148 13 9 68
148 13 10 69
149 2 0 12
149 2 1 11
149 2 2 13
149 2 3 11
149 2 4 13
149 2 6 13
149 2 9 11
149 2 10 11
149 6 2 11
149 6 4 10
149 6 6 12
149 6 7 10
149 6 8 12
149 6 9 12
149 6 10 10
149 6 11 10
149 10 1 13
149 10 3 12
149 10 4 14
149 10 5 12
149 10 6 14
149 10 7 14
149 10 8 12
149 10 10 12
149 12 0 11
149 12 1 10
149 12 2 12
149 12 6 10
149 12 7 12
149 12 8 12
149 12 9 10
149 12 11 10
150 4 2 88
150 4 3 87
150 4 4 96
150 4 5 93
150 4 6 82
150 4 7 101
150 4 8 91
150 4 9 95
150 7 1 87
150 7 3 86
150 7 4 95
150 7 5 92
150 7 6 81
150 7 8 100
150 7 10 90
150 7 11 94
150 11 0 90
150 11 1 102
150 11 5 110
150 11 6 92
150 11 7 107
150 11 8 96
150 11 9 94
150 11 11 94
150 12 0 93
150 12 1 92
150 12 2 101
150 12 6 98
150 12 7 87
150 12 8 106
150 12 9 96
150 12 11 100
150 13 0 77
150 13 1 80
150 13 3 85
150 13 4 94
150 13 6 85
150 13 7 80
150 13 9 78
150 13 10 78
151 2 0 19
151 2 1 22
151 2 2 21
151 2 3 24
151 2 4 21
151 2 6 22
151 2 9 20
151 2 10 20
151 4 2 22
151 4 3 25
151 4 4 24
151 4 5 27
151 4 6 24
151 4 7 25
151 4 8 23
151 4 9 23
151 5 2 21
151 5 4 24
151 5 5 23
151 5 6 26
151 5 7 23
151 5 8 24
151 5 9 22
151 5 10 22
151 12 0 24
151 12 1 27
151 12 2 26
151 12 6 29
151 12 7 26
151 12 8 27
151 12 9 25
151 12 11 25
151 13 0 21
151 13 1 24
151 13 3 23
151 13 4 26
151 13 6 23
151 13 7 24
151 13 9 22
151 13 10 22
152 4 2 74
152 4 3 69
152 4 4 76
152 4 5 70
152 4 6 77
152 4 7 79
152 4 8 68
152 4 9 69
152 5 2 72
152 5 4 67
152 5 5 74
152 5 6 68
152 5 7 75
152 5 8 77
152 5 9 66
152 5 10 67
152 6 2 73
152 6 4 68
152 6 6 75
152 6 7 69
152 6 8 76
152 6 9 78
152 6 10 67
152 6 11 68
152 13 0 72
152 13 1 67
152 13 3 74
152 13 4 68
152 13 6 75
152 13 7 77
152 13 9 66
152 13 10 67
152 14 1 75
152 14 2 78
152 14 3 83
152 14 7 92
152 14 8 83
152 14 9 78
152 14 10 76
152 14 11 76
153 3 0 55
153 3 1 58
153 3 2 51
153 3 4 60
153 3 5 57
153 3 7 52
153 3 8 50
153 3 11 50
153 6 2 58
153 6 4 61
153 6 6 54
153 6 7 63
153 6 8 60
153 6 9 55
153 6 10 53
153 6 11 53
153 11 0 51
153 11 1 54
153 11 5 47
153 11 6 56
153 11 7 53
153 11 8 48
153 11 9 46
153 11 11 46
154 1 1 15
154 1 2 14
154 1 3 16
154 1 4 14
154 1 7 16
154 1 8 16
154 1 9 14
154 1 11 14
154 3 0 14
154 3 1 13
154 3 2 15
154 3 4 13
154 3 5 15
154 3 7 15
154 3 8 13
154 3 11 13
154 13 0 16
154 13 1 15
154 13 3 17
154 13 4 15
154 13 6 17
154 13 7 17
154 13 9 15
154 13 10 15
155 0 1 71
155 0 2 66
155 0 3 73
155 0 4 67
155 0 6 74
155 0 8 76
155 0 9 65
155 0 11 66
155 1 1 74
155 1 2 69
155 1 3 76
155 1 4 70
155 1 7 77
155 1 8 79
155 1 9 68
155 1 11 69
155 8 1 72
155 8 2 75
155 8 3 80
155 8 4 89
155 8 5 80
155 8 6 75
155 8 10 73
155 8 11 73
155 11 0 81
155 11 1 84
155 11 5 90
155 11 6 84
155 11 7 89
155 11 8 94
155 11 9 85
155 11 11 94
156 2 0 11
156 2 1 10
156 2 2 12
156 2 3 10
156 2 4 12
156 2 6 12
156 2 9 10
156 2 10 10
156 11 0 10
156 11 1 9
156 11 5 11
156 11 6 9
156 11 7 11
156 11 8 11
156 11 9 9
156 11 11 9
156 12 0 12
156 12 1 11
156 12 2 13
156 12 6 11
156 12 7 13
156 12 8 13
156 12 9 11
156 12 11 11
157 4 2 51
157 4 3 54
157 4 4 47
157 4 5 56
157 4 6 53
157 4 7 48
157 4 8 46
157 4 9 46
157 7 1 54
157 7 3 57
157 7 4 50
157 7 5 59
157 7 6 56
157 7 8 51
157 7 10 49
157 7 11 49
157 8 1 48
157 8 2 47
157 8 3 46
157 8 4 43
157 8 5 42
157 8 6 51
157 8 10 51
157 8 11 45
157 12 0 56
157 12 1 59
157 12 2 52
157 12 6 61
157 12 7 58
157 12 8 53
157 12 9 51
157 12 11 51
157 13 0 53
157 13 1 56
157 13 3 49
157 13 4 58
157 13 6 55
157 13 7 50
157 13 9 48
157 13 10 48
158 4 2 59
158 4 3 62
158 4 4 55
158 4 5 64
158 4 6 61
158 4 7 56
158 4 8 54
158 4 9 54
158 7 1 57
158 7 3 62
158 7 4 63
158 7 5 66
158 7 6 67
158 7 8 70
158 7 10 68
158 7 11 68
158 8 1 58
158 8 2 63
158 8 3 64
158 8 4 67
158 8 5 68
158 8 6 71
158 8 10 69
158 8 11 69
159 4 2 56
159 4 3 59
159 4 4 52
159 4 5 61
159 4 6 58
159 4 7 53
159 4 8 51
159 4 9 51
159 7 1 59
159 7 3 62
159 7 4 55
159 7 5 64
159 7 6 61
159 7 8 56
159 7 10 54
159 7 11 54
159 8 1 52
159 8 2 55
159 8 3 48
159 8 4 57
159 8 5 54
159 8 6 49
159 8 10 47
159 8 11 47
159 11 0 54
159 11 1 59
159 11 5 60
159 11 6 63
159 11 7 64
159 11 8 67
159 11 9 65
159 11 11 65
160 0 1 90
160 0 2 89
160 0 3 98
160 0 4 95
160 0 6 84
160 0 8 103
160 0 9 93
160 0 11 97
160 9 1 89
160 9 2 88
160 9 5 97
160 9 7 94
160 9 8 83
160 9 9 102
160 9 10 92
160 9 11 96
160 12 0 105
160 12 1 104
160 12 2 107
160 12 6 110
160 12 7 105
160 12 8 106
160 12 9 96
160 12 11 98
161 0 1 33
161 0 2 30
161 0 3 34
161 0 4 31
161 0 6 34
161 0 8 35
161 0 9 30
161 0 11 30
161 8 1 30
161 8 2 27
161 8 3 31
161 8 4 28
161 8 5 31
161 8 6 32
161 8 10 27
161 8 11 27
161 10 1 34
161 10 3 31
161 10 4 35
161 10 5 32
161 10 6 35
161 10 7 36
161 10 8 31
161 10 10 31
161 14 1 31
161 14 2 28
161 14 3 32
161 14 7 29
161 14 8 32
161 14 9 33
161 14 10 28
161 14 11 28
162 0 1 18
162 0 2 17
162 0 3 19
162 0 4 17
162 0 6 19
162 0 8 19
162 0 9 17
162 0 11 17
162 7 1 19
162 7 3 22
162 7 4 21
162 7 5 24
162 7 6 21
162 7 8 22
162 7 10 20
162 7 11 20
162 12 0 18
162 12 1 21
162 12 2 20
162 12 6 23
162 12 7 20
162 12 8 21
162 12 9 19
162 12 11 19
163 7 1 72
163 7 3 67
163 7 4 74
163 7 5 68
163 7 6 75
163 7 8 77
163 7 10 66
163 7 11 67
163 8 1 75
163 8 2 70
163 8 3 77
163 8 4 71
163 8 5 78
163 8 6 80
163 8 10 69
163 8 11 70
163 14 1 73
163 14 2 76
163 14 3 81
163 14 7 90
163 14 8 81
163 14 9 76
163 14 10 74
163 14 11 74
164 4 2 18
164 4 3 17
164 4 4 19
164 4 5 17
164 4 6 19
164 4 7 19
164 4 8 17
164 4 9 17
164 6 2 17
164 6 4 16
164 6 6 18
164 6 7 16
164 6 8 18
164 6 9 18
164 6 10 16
164 6 11 16
164 10 1 19
164 10 3 22
164 10 4 21
164 10 5 24
164 10 6 21
164 10 7 22
164 10 8 20
164 10 10 20
164 11 0 18
164 11 1 17
164 11 5 19
164 11 6 17
164 11 7 19
164 11 8 19
164 11 9 17
164 11 11 17
165 0 1 79
165 0 2 82
165 0 3 87
165 0 4 96
165 0 6 87
165 0 8 82
165 0 9 80
165 0 11 80
165 2 0 78
165 2 1 81
165 2 2 86
165 2 3 95
165 2 4 86
165 2 6 81
165 2 9 79
165 2 10 79
165 5 2 92
165 5 4 91
165 5 5 100
165 5 6 97
165 5 7 86
165 5 8 105
165 5 9 95
165 5 10 99
165 14 1 89
165 14 2 88
165 14 3 97
165 14 7 94
165 14 8 83
165 14 9 102
165 14 10 92
165 14 11 96
166 0 1 24
166 0 2 27
166 0 3 26
166 0 4 29
166 0 6 26
166 0 8 27
166 0 9 25
166 0 11 25
166 2 0 31
166 2 1 28
166 2 2 32
166 2 3 29
166 2 4 32
166 2 6 33
166 2 9 28
166 2 10 28
166 6 2 32
166 6 4 29
166 6 6 33
166 6 7 30
166 6 8 33
166 6 9 34
166 6 10 29
166 6 11 29
166 12 0 26
166 12 1 29
166 12 2 28
166 12 6 31
166 12 7 28
166 12 8 29
166 12 9 27
166 12 11 27
167 3 0 55
167 3 1 58
167 3 2 51
167 3 4 60
167 3 5 57
167 3 7 52
167 3 8 50
167 3 11 50
167 5 2 58
167 5 4 61
167 5 5 54
167 5 6 63
167 5 7 60
167 5 8 55
167 5 9 53
167 5 10 53
167 10 1 51
167 10 3 54
167 10 4 47
167 10 5 56
167 10 6 53
167 10 7 48
167 10 8 46
167 10 10 46
167 14 1 62
167 14 2 63
167 14 3 61
167 14 7 60
167 14 8 62
167 14 9 57
167 14 10 62
167 14 11 58
168 2 0 12
168 2 1 11
168 2 2 13
168 2 3 11
168 2 4 13
168 2 6 13
168 2 9 11
168 2 10 11
168 10 1 11
168 10 3 10
168 10 4 12
168 10 5 10
168 10 6 12
168 10 7 12
168 10 8 10
168 10 10 10
168 11 0 13
168 11 1 12
168 11 5 14
168 11 6 12
168 11 7 14
168 11 8 14
168 11 9 12
168 11 11 12
169 0 1 62
169 0 2 63
169 0 3 61
169 0 4 60
169 0 6 62
169 0 8 57
169 0 9 62
169 0 11 58
169 8 1 58
169 8 2 63
169 8 3 64
169 8 4 67
169 8 5 68
169 8 6 71
169 8 10 69
169 8 11 69
169 10 1 59
169 10 3 64
169 10 4 65
169 10 5 68
169 10 6 69
169 10 7 72
169 10 8 70
169 10 10 70
170 2 0 71
170 2 1 66
170 2 2 73
170 2 3 67
170 2 4 74
170 2 6 76
170 2 9 65
170 2 10 66
170 3 0 61
170 3 1 66
170 3 2 67
170 3 4 70
170 3 5 71
170 3 7 74
170 3 8 72
170 3 11 72
170 4 2 73
170 4 3 68
170 4 4 75
170 4 5 69
170 4 6 76
170 4 7 78
170 4 8 67
170 4 9 68
171 2 0 43
171 2 1 42
171 2 2 41
171 2 3 38
171 2 4 37
171 2 6 46
171 2 9 46
171 2 10 40
171 4 2 42
171 4 3 41
171 4 4 40
171 4 5 37
171 4 6 36
171 4 7 45
171 4 8 45
171 4 9 39
171 6 2 36
171 6 4 39
171 6 6 44
171 6 7 44
171 6 8 44
171 6 9 39
171 6 10 37
171 6 11 37
172 1 1 56
172 1 2 59
172 1 3 52
172 1 4 61
172 1 7 58
172 1 8 53
172 1 9 51
172 1 11 51
172 4 2 59
172 4 3 62
172 4 4 55
172 4 5 64
172 4 6 61
172 4 7 56
172 4 8 54
172 4 9 54
172 5 2 52
172 5 4 55
172 5 5 48
172 5 6 57
172 5 7 54
172 5 8 49
172 5 9 47
172 5 10 47
172 10 1 54
172 10 3 59
172 10 4 60
172 10 5 63
172 10 6 64
172 10 7 67
172 10 8 65
172 10 10 65
173 4 2 55
173 4 3 60
173 4 4 61
173 4 5 64
173 4 6 65
173 4 7 68
173 4 8 66
173 4 9 66
173 8 1 60
173 8 2 65
173 8 3 66
173 8 4 69
173 8 5 70
173 8 6 73
173 8 10 71
173 8 11 71
173 9 1 61
173 9 2 66
173 9 5 67
173 9 7 70
173 9 8 71
173 9 9 74
173 9 10 72
173 9 11 72
173 13 0 69
173 13 1 64
173 13 3 71
173 13 4 65
173 13 6 72
173 13 7 74
173 13 9 63
173 13 10 64
173 14 1 70
173 14 2 65
173 14 3 72
173 14 7 66
173 14 8 73
173 14 9 75
173 14 10 64
173 14 11 65
174 4 2 53
174 4 3 56
174 4 4 49
174 4 5 58
174 4 6 55
174 4 7 50
174 4 8 48
174 4 9 48
174 5 2 56
174 5 4 59
174 5 5 52
174 5 6 61
174 5 7 58
174 5 8 53
174 5 9 51
174 5 10 51
174 9 1 50
174 9 2 49
174 9 5 48
174 9 7 45
174 9 8 44
174 9 9 53
174 9 10 53
174 9 11 47
174 11 0 58
174 11 1 61
174 11 5 54
174 11 6 63
174 11 7 60
174 11 8 55
174 11 9 53
174 11 11 53
175 3 0 69
175 3 1 63
175 3 2 77
175 3 4 74
175 3 5 68
175 3 7 72
175 3 8 67
175 3 11 76
175 6 2 58
175 6 4 63
175 6 6 64
175 6 7 67
175 6 8 68
175 6 9 71
175 6 10 69
175 6 11 69
175 12 0 70
175 12 1 65
175 12 2 72
175 12 6 66
175 12 7 73
175 12 8 75
175 12 9 64
175 12 11 65
175 14 1 59
175 14 2 64
175 14 3 65
175 14 7 68
175 14 8 69
175 14 9 72
175 14 10 70
175 14 11 70
176 0 1 14
176 0 2 13
176 0 3 15
176 0 4 13
176 0 6 15
176 0 8 15
176 0 9 13
176 0 11 13
176 3 0 13
176 3 1 12
176 3 2 14
176 3 4 12
176 3 5 14
176 3 7 14
176 3 8 12
176 3 11 12
176 9 1 15
176 9 2 14
176 9 5 16
176 9 7 14
176 9 8 16
176 9 9 16
176 9 10 14
176 9 11 14
176 11 0 13
176 11 1 12
176 11 5 14
176 11 6 12
176 11 7 14
176 11 8 14
176 11 9 12
176 11 11 12
177 0 1 77
177 0 2 72
177 0 3 79
177 0 4 73
177 0 6 80
177 0 8 82
177 0 9 71
177 0 11 72
177 1 1 73
177 1 2 76
177 1 3 81
177 1 4 90
177 1 7 81
177 1 8 76
177 1 9 74
177 1 11 74
177 3 0 78
177 3 1 81
177 3 2 86
177 3 4 95
177 3 5 86
177 3 7 81
177 3 8 79
177 3 11 79
177 5 2 92
177 5 4 91
177 5 5 100
177 5 6 97
177 5 7 86
177 5 8 105
177 5 9 95
177 5 10 99
177 10 1 78
177 10 3 81
177 10 4 86
177 10 5 95
177 10 6 86
177 10 7 81
177 10 8 79
177 10 10 79
178 0 1 56
178 0 2 59
178 0 3 52
178 0 4 61
178 0 6 58
178 0 8 53
178 0 9 51
178 0 11 51
178 4 2 54
178 4 3 59
178 4 4 60
178 4 5 63
178 4 6 64
178 4 7 67
178 4 8 65
178 4 9 65
178 14 1 55
178 14 2 60
178 14 3 61
178 14 7 64
178 14 8 65
178 14 9 68
178 14 10 66
178 14 11 66
179 3 0 56
179 3 1 59
179 3 2 52
179 3 4 61
179 3 5 58
179 3 7 53
179 3 8 51
179 3 11 51
179 5 2 54
179 5 4 59
179 5 5 60
179 5 6 63
179 5 7 64
179 5 8 67
179 5 9 65
179 5 10 65
179 11 0 55
179 11 1 60
179 11 5 61
179 11 6 64
179 11 7 65
179 11 8 68
179 11 9 66
179 11 11 66
179 14 1 58
179 14 2 63
179 14 3 64
179 14 7 67
179 14 8 68
179 14 9 71
179 14 10 69
179 14 11 69
180 1 1 81
180 1 2 84
180 1 3 90
180 1 4 84
180 1 7 89
180 1 8 94
180 1 9 85
180 1 11 94
180 4 2 105
180 4 3 104
180 4 4 107
180 4 5 110
180 4 6 105
180 4 7 106
180 4 8 96
180 4 9 98
180 5 2 108
180 5 4 121
180 5 5 109
180 5 6 99
180 5 7 121
180 5 8 110
180 5 9 108
180 5 10 121
180 12 0 88
180 12 1 87
180 12 2 96
180 12 6 93
180 12 7 82
180 12 8 101
180 12 9 91
180 12 11 95
181 2 0 15
181 2 1 14
181 2 2 16
181 2 3 14
181 2 4 16
181 2 6 16
181 2 9 14
181 2 10 14
181 9 1 14
181 9 2 13
181 9 5 15
181 9 7 13
181 9 8 15
181 9 9 15
181 9 10 13
181 9 11 13
181 12 0 16
181 12 1 15
181 12 2 17
181 12 6 15
181 12 7 17
181 12 8 17
181 12 9 15
181 12 11 15
182 0 1 36
182 0 2 33
182 0 3 37
182 0 4 34
182 0 6 37
182 0 8 38
182 0 9 33
182 0 11 33
182 5 2 33
182 5 4 30
182 5 5 34
182 5 6 31
182 5 7 34
182 5 8 35
182 5 9 30
182 5 10 30
182 9 1 37
182 9 2 34
182 9 5 38
182 9 7 35
182 9 8 38
182 9 9 39
182 9 10 34
182 9 11 34
183 2 0 30
183 2 1 27
183 2 2 31
183 2 3 28
183 2 4 31
183 2 6 32
183 2 9 27
183 2 10 27
183 10 1 25
183 10 3 28
183 10 4 27
183 10 5 30
183 10 6 27
183 10 7 28
183 10 8 26
183 10 10 26
183 12 0 31
183 12 1 28
183 12 2 32
183 12 6 29
183 12 7 32
183 12 8 33
183 12 9 28
183 12 11 28
183 13 0 26
183 13 1 29
183 13 3 28
183 13 4 31
183 13 6 28
183 13 7 29
183 13 9 27
183 13 10 27
183 14 1 31
183 14 2 28
183 14 3 32
183 14 7 29
183 14 8 32
183 14 9 33
183 14 10 28
183 14 11 28
184 5 2 31
184 5 4 28
184 5 5 32
184 5 6 29
184 5 7 32
184 5 8 33
184 5 9 28
184 5 10 28
184 7 1 26
184 7 3 29
184 7 4 28
184 7 5 31
184 7 6 28
184 7 8 29
184 7 10 27
184 7 11 27
184 9 1 32
184 9 2 29
184 9 5 33
184 9 7 30
184 9 8 33
184 9 9 34
184 9 10 29
184 9 11 29
184 13 0 27
184 13 1 32
184 13 3 33
184 13 4 29
184 13 6 30
184 13 7 33
184 13 9 31
184 13 10 31
184 14 1 32
184 14 2 29
184 14 3 33
184 14 7 30
184 14 8 33
184 14 9 34
184 14 10 29
184 14 11 29
185 2 0 34
185 2 1 31
185 2 2 35
185 2 3 32
185 2 4 35
185 2 6 36
185 2 9 31
185 2 10 31
185 3 0 31
185 3 1 28
185 3 2 32
185 3 4 29
185 3 5 32
185 3 7 33
185 3 8 28
185 3 11 28
185 5 2 35
185 5 4 32
185 5 5 36
185 5 6 33
185 5 7 36
185 5 8 37
185 5 9 32
185 5 10 32
185 8 1 32
185 8 2 29
185 8 3 33
185 8 4 30
185 8 5 33
185 8 6 34
185 8 10 29
185 8 11 29
185 12 0 35
185 12 1 32
185 12 2 36
185 12 6 33
185 12 7 36
185 12 8 37
185 12 9 32
185 12 11 32
186 4 2 49
186 4 3 48
186 4 4 47
186 4 5 44
186 4 6 43
186 4 7 52
186 4 8 52
186 4 9 46
186 5 2 48
186 5 4 47
186 5 5 46
186 5 6 43
186 5 7 42
186 5 8 51
186 5 9 51
186 5 10 45
186 6 2 48
186 6 4 47
186 6 6 50
186 6 7 53
186 6 8 48
186 6 9 49
186 6 10 50
186 6 11 52
186 12 0 53
186 12 1 56
186 12 2 49
186 12 6 58
186 12 7 55
186 12 8 50
186 12 9 48
186 12 11 48
187 7 1 8
187 7 3 8
187 7 4 9
187 7 5 8
187 7 6 9
187 7 8 9
187 7 10 8
187 7 11 8
187 9 1 8
187 9 2 8
187 9 5 9
187 9 7 8
187 9 8 9
187 9 9 9
187 9 10 8
187 9 11 8
187 13 0 10
187 13 1 9
187 13 3 11
187 13 4 9
187 13 6 11
187 13 7 11
187 13 9 9
187 13 10 9
188 6 2 35
188 6 4 32
188 6 6 36
188 6 7 33
188 6 8 36
188 6 9 37
188 6 10 32
188 6 11 32
188 7 1 32
188 7 3 29
188 7 4 33
188 7 5 30
188 7 6 33
188 7 8 34
188 7 10 29
188 7 11 29
188 12 0 36
188 12 1 33
188 12 2 37
188 12 6 34
188 12 7 37
188 12 8 38
188 12 9 33
188 12 11 33
189 4 2 36
189 4 3 33
189 4 4 37
189 4 5 34
189 4 6 37
189 4 7 38
189 4 8 33
189 4 9 33
189 7 1 33
189 7 3 30
189 7 4 34
189 7 5 31
189 7 6 34
189 7 8 35
189 7 10 30
189 7 11 30
189 13 0 37
189 13 1 34
189 13 3 38
189 13 4 35
189 13 6 38
189 13 7 39
189 13 9 34
189 13 10 34
190 3 0 24
190 3 1 27
190 3 2 26
190 3 4 29
190 3 5 26
190 3 7 27
190 3 8 25
190 3 11 25
190 7 1 31
190 7 3 28
190 7 4 32
190 7 5 29
190 7 6 32
190 7 8 33
190 7 10 28
190 7 11 28
190 8 1 32
190 8 2 29
190 8 3 33
190 8 4 30
190 8 5 33
190 8 6 34
190 8 10 29
190 8 11 29
190 10 1 26
190 10 3 29
190 10 4 28
190 10 5 31
190 10 6 28
190 10 7 29
190 10 8 27
190 10 10 27
190 11 0 27
190 11 1 32
190 11 5 33
190 11 6 29
190 11 7 30
190 11 8 33
190 11 9 31
190 11 11 31
191 3 0 91
191 3 1 90
191 3 2 99
191 3 4 96
191 3 5 85
191 3 7 104
191 3 8 94
191 3 11 98
191 9 1 90
191 9 2 89
191 9 5 98
191 9 7 95
191 9 8 84
191 9 9 103
191 9 10 93
191 9 11 97
191 10 1 106
191 10 3 105
191 10 4 108
191 10 5 111
191 10 6 106
191 10 7 107
191 10 8 97
191 10 10 99
191 14 1 90
191 14 2 102
191 14 3 110
191 14 7 92
191 14 8 107
191 14 9 96
191 14 10 94
191 14 11 94
192 4 2 35
192 4 3 32
192 4 4 36
192 4 5 33
192 4 6 36
192 4 7 37
192 4 8 32
192 4 9 32
192 6 2 38
192 6 4 35
192 6 6 39
192 6 7 36
192 6 8 39
192 6 9 40
192 6 10 35
192 6 11 35
192 14 1 45
192 14 2 44
192 14 3 43
192 14 7 40
192 14 8 39
192 14 9 48
192 14 10 48
192 14 11 42
193 0 1 20
193 0 2 23
193 0 3 22
193 0 4 25
193 0 6 22
193 0 8 23
193 0 9 21
193 0 11 21
193 3 0 23
193 3 1 26
193 3 2 25
193 3 4 28
193 3 5 25
193 3 7 26
193 3 8 24
193 3 11 24
193 9 1 22
193 9 2 25
193 9 5 24
193 9 7 27
193 9 8 24
193 9 9 25
193 9 10 23
193 9 11 23
194 1 1 46
194 1 2 45
194 1 3 44
194 1 4 41
194 1 7 40
194 1 8 49
194 1 9 49
194 1 11 43
194 3 0 45
194 3 1 44
194 3 2 43
194 3 4 40
194 3 5 39
194 3 7 48
194 3 8 48
194 3 11 42
194 5 2 44
194 5 4 43
194 5 5 42
194 5 6 39
194 5 7 38
194 5 8 47
194 5 9 47
194 5 10 41
194 6 2 36
194 6 4 39
194 6 6 44
194 6 7 44
194 6 8 44
194 6 9 39
194 6 10 37
194 6 11 37
195 5 2 34
195 5 4 31
195 5 5 35
195 5 6 32
195 5 7 35
195 5 8 36
195 5 9 31
195 5 10 31
195 7 1 31
195 7 3 28
195 7 4 32
195 7 5 29
195 7 6 32
195 7 8 33
195 7 10 28
195 7 11 28
195 9 1 35
195 9 2 32
195 9 5 36
195 9 7 33
195 9 8 36
195 9 9 37
195 9 10 32
195 9 11 32
195 13 0 32
195 13 1 29
195 13 3 33
195 13 4 30
195 13 6 33
195 13 7 34
195 13 9 29
195 13 10 29
196 6 2 56
196 6 4 59
196 6 6 52
196 6 7 61
196 6 8 58
196 6 9 53
196 6 10 51
196 6 11 51
196 10 1 54
196 10 3 59
196 10 4 60
196 10 5 63
196 10 6 64
196 10 7 67
196 10 8 65
196 10 10 65
196 12 0 55
196 12 1 60
196 12 2 61
196 12 6 64
196 12 7 65
196 12 8 68
196 12 9 66
196 12 11 66
196 13 0 58
196 13 1 63
196 13 3 64
196 13 4 67
196 13 6 68
196 13 7 71
196 13 9 69
196 13 10 69
196 14 1 59
196 14 2 64
196 14 3 65
196 14 7 68
196 14 8 69
196 14 9 72
196 14 10 70
196 14 11 70
197 3 0 19
197 3 1 18
197 3 2 22
197 3 4 19
197 3 5 18
197 3 7 22
197 3 8 22
197 3 11 21
197 10 1 20
197 10 3 23
197 10 4 22
197 10 5 25
197 10 6 22
197 10 7 23
197 10 8 21
197 10 10 21
197 13 0 19
197 13 1 22
197 13 3 21
197 13 4 24
197 13 6 21
197 13 7 22
197 13 9 20
197 13 10 20
197 14 1 22
197 14 2 25
197 14 3 24
197 14 7 27
197 14 8 24
197 14 9 25
197 14 10 23
197 14 11 23
198 0 1 24
198 0 2 27
198 0 3 26
198 0 4 29
198 0 6 26
198 0 8 27
198 0 9 25
198 0 11 25
198 2 0 31
198 2 1 28
198 2 2 32
198 2 3 29
198 2 4 32
198 2 6 33
198 2 9 28
198 2 10 28
198 3 0 32
198 3 1 29
198 3 2 33
198 3 4 30
198 3 5 33
198 3 7 34
198 3 8 29
198 3 11 29
198 10 1 26
198 10 3 29
198 10 4 28
198 10 5 31
198 10 6 28
198 10 7 29
198 10 8 27
198 10 10 27
199 5 2 48
199 5 4 47
199 5 5 50
199 5 6 53
199 5 7 48
199 5 8 49
199 5 9 50
199 5 10 52
199 6 2 50
199 6 4 49
199 6 6 48
199 6 7 45
199 6 8 44
199 6 9 53
199 6 10 53
199 6 11 47
199 8 1 49
199 8 2 48
199 8 3 47
199 8 4 44
199 8 5 43
199 8 6 52
199 8 10 52
199 8 11 46
200 5 2 91
200 5 4 90
200 5 5 99
200 5 6 96
200 5 7 85
200 5 8 104
200 5 9 94
200 5 10 98
200 7 1 90
200 7 3 89
200 7 4 98
200 7 5 95
200 7 6 84
200 7 8 103
200 7 10 93
200 7 11 97
200 13 0 106
200 13 1 105
200 13 3 108
200 13 4 111
200 13 6 106
200 13 7 107
200 13 9 97
200 13 10 99
201 7 1 55
201 7 3 58
201 7 4 51
201 7 5 60
201 7 6 57
201 7 8 52
201 7 10 50
201 7 11 50
201 8 1 58
201 8 2 61
201 8 3 54
201 8 4 63
201 8 5 60
201 8 6 55
201 8 10 53
201 8 11 53
201 13 0 51
201 13 1 54
201 13 3 47
201 13 4 56
201 13 6 53
201 13 7 48
201 13 9 46
201 13 10 46
202 3 0 49
202 3 1 48
202 3 2 47
202 3 4 44
202 3 5 43
202 3 7 52
202 3 8 52
202 3 11 46
202 6 2 48
202 6 4 47
202 6 6 46
202 6 7 43
202 6 8 42
202 6 9 51
202 6 10 51
202 6 11 45
202 10 1 47
202 10 3 46
202 10 4 45
202 10 5 42
202 10 6 41
202 10 7 50
202 10 8 50
202 10 10 44
202 12 0 44
202 12 1 43
202 12 2 42
202 12 6 39
202 12 7 38
202 12 8 47
202 12 9 47
202 12 11 41
203 3 0 71
203 3 1 66
203 3 2 73
203 3 4 67
203 3 5 74
203 3 7 76
203 3 8 65
203 3 11 66
203 7 1 61
203 7 3 66
203 7 4 67
203 7 5 70
203 7 6 71
203 7 8 74
203 7 10 72
203 7 11 72
203 8 1 73
203 8 2 68
203 8 3 75
203 8 4 69
203 8 5 76
203 8 6 78
203 8 10 67
203 8 11 68
203 12 0 62
203 12 1 67
203 12 2 68
203 12 6 71
203 12 7 72
203 12 8 75
203 12 9 73
203 12 11 73
203 14 1 74
203 14 2 69
203 14 3 76
203 14 7 70
203 14 8 77
203 14 9 79
203 14 10 68
203 14 11 69
204 0 1 36
204 0 2 33
204 0 3 37
204 0 4 34
204 0 6 37
204 0 8 38
204 0 9 33
204 0 11 33
204 2 0 33
204 2 1 30
204 2 2 34
204 2 3 31
204 2 4 34
204 2 6 35
204 2 9 30
204 2 10 30
204 4 2 37
204 4 3 34
204 4 4 38
204 4 5 35
204 4 6 38
204 4 7 39
204 4 8 34
204 4 9 34
204 7 1 34
204 7 3 31
204 7 4 35
204 7 5 32
204 7 6 35
204 7 8 36
204 7 10 31
204 7 11 31
204 10 1 37
204 10 3 34
204 10 4 38
204 10 5 35
204 10 6 38
204 10 7 39
204 10 8 34
204 10 10 34
205 6 2 27
205 6 4 32
205 6 6 33
205 6 7 29
205 6 8 30
205 6 9 33
205 6 10 31
205 6 11 31
205 9 1 24
205 9 2 27
205 9 5 26
205 9 7 29
205 9 8 26
205 9 9 27
205 9 10 25
205 9 11 25
205 11 0 30
205 11 1 27
205 11 5 31
205 11 6 28
205 11 7 31
205 11 8 32
205 11 9 27
205 11 11 27
206 1 1 77
206 1 2 72
206 1 3 79
206 1 4 73
206 1 7 80
206 1 8 82
206 1 9 71
206 1 11 72
206 4 2 73
206 4 3 76
206 4 4 81
206 4 5 90
206 4 6 81
206 4 7 76
206 4 8 74
206 4 9 74
206 7 1 78
206 7 3 81
206 7 4 86
206 7 5 95
206 7 6 86
206 7 8 81
206 7 10 79
206 7 11 79
207 0 1 57
207 0 2 60
207 0 3 53
207 0 4 62
207 0 6 59
207 0 8 54
207 0 9 52
207 0 11 52
207 6 2 62
207 6 4 63
207 6 6 61
207 6 7 60
207 6 8 62
207 6 9 57
207 6 10 62
207 6 11 58
207 7 1 53
207 7 3 56
207 7 4 49
207 7 5 58
207 7 6 55
207 7 8 50
207 7 10 48
207 7 11 48
207 13 0 55
207 13 1 60
207 13 3 61
207 13 4 64
207 13 6 65
207 13 7 68
207 13 9 66
207 13 10 66
208 6 2 17
208 6 4 16
208 6 6 18
208 6 7 16
208 6 8 18
208 6 9 18
208 6 10 16
208 6 11 16
208 7 1 16
208 7 3 15
208 7 4 17
208 7 5 15
208 7 6 17
208 7 8 17
208 7 10 15
208 7 11 15
208 8 1 18
208 8 2 17
208 8 3 19
208 8 4 17
208 8 5 19
208 8 6 19
208 8 10 17
208 8 11 17
208 11 0 16
208 11 1 15
208 11 5 17
208 11 6 15
208 11 7 17
208 11 8 17
208 11 9 15
208 11 11 15
208 14 1 18
208 14 2 17
208 14 3 19
208 14 7 17
208 14 8 19
208 14 9 19
208 14 10 17
208 14 11 17
209 1 1 74
209 1 2 69
209 1 3 76
209 1 4 70
209 1 7 77
209 1 8 79
209 1 9 68
209 1 11 69
209 5 2 77
209 5 4 72
209 5 5 79
209 5 6 73
209 5 7 80
209 5 8 82
209 5 9 71
209 5 10 72
209 6 2 75
209 6 4 78
209 6 6 83
209 6 7 92
209 6 8 83
209 6 9 78
209 6 10 76
209 6 11 76
209 8 1 89
209 8 2 88
209 8 3 97
209 8 4 94
209 8 5 83
209 8 6 102
209 8 10 92
209 8 11 96
209 14 1 75
209 14 2 78
209 14 3 83
209 14 7 92
209 14 8 83
209 14 9 78
209 14 10 76
209 14 11 76
210 5 2 43
210 5 4 42
210 5 5 41
210 5 6 38
210 5 7 37
210 5 8 46
210 5 9 46
210 5 10 40
210 7 1 42
210 7 3 41
210 7 4 40
210 7 5 37
210 7 6 36
210 7 8 45
210 7 10 45
210 7 11 39
210 12 0 36
210 12 1 39
210 12 2 44
210 12 6 44
210 12 7 44
210 12 8 39
210 12 9 37
210 12 11 37
210 13 0 36
210 13 1 33
210 13 3 37
210 13 4 34
210 13 6 37
210 13 7 38
210 13 9 33
210 13 10 33
211 5 2 78
211 5 4 81
211 5 5 86
211 5 6 95
211 5 7 86
211 5 8 81
211 5 9 79
211 5 10 79
211 9 1 77
211 9 2 80
211 9 5 85
211 9 7 94
211 9 8 85
211 9 9 80
211 9 10 78
211 9 11 78
211 10 1 91
211 10 3 90
211 10 4 99
211 10 5 96
211 10 6 85
211 10 7 104
211 10 8 94
211 10 10 98
211 11 0 88
211 11 1 87
211 11 5 96
211 11 6 93
211 11 7 82
211 11 8 101
211 11 9 91
211 11 11 95
211 13 0 72
211 13 1 75
211 13 3 80
211 13 4 89
211 13 6 80
211 13 7 75
211 13 9 73
211 13 10 73
212 2 0 59
212 2 1 62
212 2 2 55
212 2 3 64
212 2 4 61
212 2 6 56
212 2 9 54
212 2 10 54
212 4 2 57
212 4 3 62
212 4 4 63
212 4 5 66
212 4 6 67
212 4 7 70
212 4 8 68
212 4 9 68
212 10 1 58
212 10 3 63
212 10 4 64
212 10 5 67
212 10 6 68
212 10 7 71
212 10 8 69
212 10 10 69
212 11 0 61
212 11 1 66
212 11 5 67
212 11 6 70
212 11 7 71
212 11 8 74
212 11 9 72
212 11 11 72
212 14 1 62
212 14 2 67
212 14 3 68
212 14 7 71
212 14 8 72
212 14 9 75
212 14 10 73
212 14 11 73
213 3 0 74
213 3 1 69
213 3 2 76
213 3 4 70
213 3 5 77
213 3 7 79
213 3 8 68
213 3 11 69
213 7 1 69
213 7 3 64
213 7 4 71
213 7 5 65
213 7 6 72
213 7 8 74
213 7 10 63
213 7 11 64
213 10 1 76
213 10 3 71
213 10 4 78
213 10 5 72
213 10 6 79
213 10 7 81
213 10 8 70
213 10 10 71
213 13 0 70
213 13 1 65
213 13 3 72
213 13 4 66
213 13 6 73
213 13 7 75
213 13 9 64
213 13 10 65
214 1 1 58
214 1 2 61
214 1 3 54
214 1 4 63
214 1 7 60
214 1 8 55
214 1 9 53
214 1 11 53
214 3 0 54
214 3 1 59
214 3 2 60
214 3 4 63
214 3 5 64
214 3 7 67
214 3 8 65
214 3 11 65
214 13 0 54
214 13 1 57
214 13 3 50
214 13 4 59
214 13 6 56
214 13 7 51
214 13 9 49
214 13 10 49
214 14 1 56
214 14 2 61
214 14 3 62
214 14 7 65
214 14 8 66
214 14 9 69
214 14 10 67
214 14 11 67
215 0 1 72
215 0 2 67
215 0 3 74
215 0 4 68
215 0 6 75
215 0 8 77
215 0 9 66
215 0 11 67
215 1 1 62
215 1 2 67
215 1 3 68
215 1 4 71
215 1 7 72
215 1 8 75
215 1 9 73
215 1 11 73
215 10 1 74
215 10 3 69
215 10 4 76
215 10 5 70
215 10 6 77
215 10 7 79
215 10 8 68
215 10 10 69
215 11 0 69
215 11 1 63
215 11 5 77
215 11 6 74
215 11 7 68
215 11 8 72
215 11 9 67
215 11 11 76
216 0 1 74
216 0 2 69
216 0 3 76
216 0 4 70
216 0 6 77
216 0 8 79
216 0 9 68
216 0 11 69
216 6 2 77
216 6 4 72
216 6 6 79
216 6 7 73
216 6 8 80
216 6 9 82
216 6 10 71
216 6 11 72
216 9 1 75
216 9 2 78
216 9 5 83
216 9 7 92
216 9 8 83
216 9 9 78
216 9 10 76
216 9 11 76
217 1 1 9
217 1 2 9
217 1 3 11
217 1 4 11
217 1 7 11
217 1 8 9
217 1 9 10
217 1 11 10
217 3 0 8
217 3 1 8
217 3 2 9
217 3 4 8
217 3 5 9
217 3 7 9
217 3 8 8
217 3 11 8
217 7 1 10
217 7 3 9
217 7 4 11
217 7 5 9
217 7 6 11
217 7 8 11
217 7 10 9
217 7 11 9
217 9 1 8
217 9 2 8
217 9 5 9
217 9 7 8
217 9 8 9
217 9 9 9
217 9 10 8
217 9 11 8
217 10 1 10
217 10 3 9
217 10 4 11
217 10 5 9
217 10 6 11
217 10 7 11
217 10 8 9
217 10 10 9
218 0 1 76
218 0 2 71
218 0 3 78
218 0 4 72
218 0 6 79
218 0 8 81
218 0 9 70
218 0 11 71
218 6 2 72
218 6 4 75
218 6 6 80
218 6 7 89
218 6 8 80
218 6 9 75
218 6 10 73
218 6 11 73
218 13 0 77
218 13 1 80
218 13 3 85
218 13 4 94
218 13 6 85
218 13 7 80
218 13 9 78
218 13 10 78
219 6 2 48
219 6 4 47
219 6 6 50
219 6 7 53
219 6 8 48
219 6 9 49
219 6 10 50
219 6 11 52
219 7 1 50
219 7 3 49
219 7 4 48
219 7 5 45
219 7 6 44
219 7 8 53
219 7 10 53
219 7 11 47
219 9 1 49
219 9 2 48
219 9 5 47
219 9 7 44
219 9 8 43
219 9 9 52
219 9 10 52
219 9 11 46
219 14 1 46
219 14 2 45
219 14 3 44
219 14 7 41
219 14 8 40
219 14 9 49
219 14 10 49
219 14 11 43
220 1 1 62
220 1 2 67
220 1 3 68
220 1 4 71
220 1 7 72
220 1 8 75
220 1 9 73
220 1 11 73
220 2 0 57
220 2 1 62
220 2 2 63
220 2 3 66
220 2 4 67
220 2 6 70
220 2 9 68
220 2 10 68
220 11 0 69
220 11 1 64
220 11 5 71
220 11 6 65
220 11 7 72
220 11 8 74
220 11 9 63
220 11 11 64
220 13 0 58
220 13 1 63
220 13 3 64
220 13 4 67
220 13 6 68
220 13 7 71
220 13 9 69
220 13 10 69
221 1 1 58
221 1 2 61
221 1 3 54
221 1 4 63
221 1 7 60
221 1 8 55
221 1 9 53
221 1 11 53
221 6 2 56
221 6 4 61
221 6 6 62
221 6 7 65
221 6 8 66
221 6 9 69
221 6 10 67
221 6 11 67
221 7 1 57
221 7 3 62
221 7 4 63
221 7 5 66
221 7 6 67
221 7 8 70
221 7 10 68
221 7 11 68
221 11 0 60
221 11 1 65
221 11 5 66
221 11 6 69
221 11 7 70
221 11 8 73
221 11 9 71
221 11 11 71
221 13 0 61
221 13 1 66
221 13 3 67
221 13 4 70
221 13 6 71
221 13 7 74
221 13 9 72
221 13 10 72
222 0 1 44
222 0 2 43
222 0 3 42
222 0 4 39
222 0 6 38
222 0 8 47
222 0 9 47
222 0 11 41
222 7 1 43
222 7 3 42
222 7 4 41
222 7 5 38
222 7 6 37
222 7 8 46
222 7 10 46
222 7 11 40
222 13 0 42
222 13 1 41
222 13 3 40
222 13 4 37
222 13 6 36
222 13 7 45
222 13 9 45
222 13 10 39
222 14 1 37
222 14 2 34
222 14 3 38
222 14 7 35
222 14 8 38
222 14 9 39
222 14 10 34
222 14 11 34
223 0 1 45
223 0 2 44
223 0 3 43
223 0 4 40
223 0 6 39
223 0 8 48
223 0 9 48
223 0 11 42
223 5 2 44
223 5 4 43
223 5 5 42
223 5 6 39
223 5 7 38
223 5 8 47
223 5 9 47
223 5 10 41
223 7 1 43
223 7 3 42
223 7 4 41
223 7 5 38
223 7 6 37
223 7 8 46
223 7 10 46
223 7 11 40
223 8 1 38
223 8 2 35
223 8 3 39
223 8 4 36
223 8 5 39
223 8 6 40
223 8 10 35
223 8 11 35
223 14 1 37
223 14 2 34
223 14 3 38
223 14 7 35
223 14 8 38
223 14 9 39
223 14 10 34
223 14 11 34
224 0 1 32
224 0 2 29
224 0 3 33
224 0 4 30
224 0 6 33
224 0 8 34
224 0 9 29
224 0 11 29
224 6 2 27
224 6 4 32
224 6 6 33
224 6 7 29
224 6 8 30
224 6 9 33
224 6 10 31
224 6 11 31
224 7 1 33
224 7 3 30
224 7 4 34
224 7 5 31
224 7 6 34
224 7 8 35
224 7 10 30
224 7 11 30
224 8 1 30
224 8 2 27
224 8 3 31
224 8 4 28
224 8 5 31
224 8 6 32
224 8 10 27
224 8 11 27
224 13 0 33
224 13 1 30
224 13 3 34
224 13 4 31
224 13 6 34
224 13 7 35
224 13 9 30
224 13 10 30
225 2 0 9
225 2 1 9
225 2 2 11
225 2 3 11
225 2 4 11
225 2 6 9
225 2 9 10
225 2 10 10
225 3 0 8
225 3 1 8
225 3 2 9
225 3 4 8
225 3 5 9
225 3 7 9
225 3 8 8
225 3 11 8
225 6 2 10
225 6 4 9
225 6 6 11
225 6 7 9
225 6 8 11
225 6 9 11
225 6 10 9
225 6 11 9
225 7 1 8
225 7 3 8
225 7 4 9
225 7 5 8
225 7 6 9
225 7 8 9
225 7 10 8
225 7 11 8
225 12 0 10
225 12 1 9
225 12 2 11
225 12 6 9
225 12 7 11
225 12 8 11
225 12 9 9
225 12 11 9
226 2 0 56
226 2 1 59
226 2 2 52
226 2 3 61
226 2 4 58
226 2 6 53
226 2 9 51
226 2 10 51
226 3 0 54
226 3 1 59
226 3 2 60
226 3 4 63
226 3 5 64
226 3 7 67
226 3 8 65
226 3 11 65
226 8 1 55
226 8 2 60
226 8 3 61
226 8 4 64
226 8 5 65
226 8 6 68
226 8 10 66
226 8 11 66
226 14 1 58
226 14 2 63
226 14 3 64
226 14 7 67
226 14 8 68
226 14 9 71
226 14 10 69
226 14 11 69
227 1 1 56
227 1 2 59
227 1 3 52
227 1 4 61
227 1 7 58
227 1 8 53
227 1 9 51
227 1 11 51
227 5 2 59
227 5 4 62
227 5 5 55
227 5 6 64
227 5 7 61
227 5 8 56
227 5 9 54
227 5 10 54
227 13 0 52
227 13 1 55
227 13 3 48
227 13 4 57
227 13 6 54
227 13 7 49
227 13 9 47
227 13 10 47
228 4 2 37
228 4 3 34
228 4 4 38
228 4 5 35
228 4 6 38
228 4 7 39
228 4 8 34
228 4 9 34
228 12 0 34
228 12 1 31
228 12 2 35
228 12 6 32
228 12 7 35
228 12 8 36
228 12 9 31
228 12 11 31
228 14 1 38
228 14 2 35
228 14 3 39
228 14 7 36
228 14 8 39
228 14 9 40
228 14 10 35
228 14 11 35
229 0 1 74
229 0 2 69
229 0 3 76
229 0 4 70
229 0 6 77
229 0 8 79
229 0 9 68
229 0 11 69
229 1 1 69
229 1 2 64
229 1 3 71
229 1 4 65
229 1 7 72
229 1 8 74
229 1 9 63
229 1 11 64
229 5 2 76
229 5 4 71
229 5 5 78
229 5 6 72
229 5 7 79
229 5 8 81
229 5 9 70
229 5 10 71
229 9 1 70
229 9 2 65
229 9 5 72
229 9 7 66
229 9 8 73
229 9 9 75
229 9 10 64
229 9 11 65
230 2 0 58
230 2 1 61
230 2 2 54
230 2 3 63
230 2 4 60
230 2 6 55
230 2 9 53
230 2 10 53
230 7 1 56
230 7 3 61
230 7 4 62
230 7 5 65
230 7 6 66
230 7 8 69
230 7 10 67
230 7 11 67
230 8 1 57
230 8 2 62
230 8 3 63
230 8 4 66
230 8 5 67
230 8 6 70
230 8 10 68
230 8 11 68
230 9 1 60
230 9 2 65
230 9 5 66
230 9 7 69
230 9 8 70
230 9 9 73
230 9 10 71
230 9 11 71
231 0 1 75
231 0 2 70
231 0 3 77
231 0 4 71
231 0 6 78
231 0 8 80
231 0 9 69
231 0 11 70
231 1 1 70
231 1 2 65
231 1 3 72
231 1 4 66
231 1 7 73
231 1 8 75
231 1 9 64
231 1 11 65
231 9 1 77
231 9 2 72
231 9 5 79
231 9 7 73
231 9 8 80
231 9 9 82
231 9 10 71
231 9 11 72
232 3 0 49
232 3 1 48
232 3 2 47
232 3 4 44
232 3 5 43
232 3 7 52
232 3 8 52
232 3 11 46
232 9 1 48
232 9 2 47
232 9 5 46
232 9 7 43
232 9 8 42
232 9 9 51
232 9 10 51
232 9 11 45
232 10 1 47
232 10 3 46
232 10 4 45
232 10 5 42
232 10 6 41
232 10 7 50
232 10 8 50
232 10 10 44
233 0 1 76
233 0 2 71
233 0 3 78
233 0 4 72
233 0 6 79
233 0 8 81
233 0 9 70
233 0 11 71
233 2 0 72
233 2 1 75
233 2 2 80
233 2 3 89
233 2 4 80
233 2 6 75
233 2 9 73
233 2 10 73
233 5 2 77
233 5 4 80
233 5 5 85
233 5 6 94
233 5 7 85
233 5 8 80
233 5 9 78
233 5 10 78
233 9 1 91
233 9 2 90
233 9 5 99
233 9 7 96
233 9 8 85
233 9 9 104
233 9 10 94
233 9 11 98
233 14 1 77
233 14 2 80
233 14 3 85
233 14 7 94
233 14 8 85
233 14 9 80
233 14 10 78
233 14 11 78
234 1 1 20
234 1 2 23
234 1 3 22
234 1 4 25
234 1 7 22
234 1 8 23
234 1 9 21
234 1 11 21
234 5 2 23
234 5 4 26
234 5 5 25
234 5 6 28
234 5 7 25
234 5 8 26
234 5 9 24
234 5 10 24
234 8 1 22
234 8 2 25
234 8 3 24
234 8 4 27
234 8 5 24
234 8 6 25
234 8 10 23
234 8 11 23
234 11 0 25
234 11 1 28
234 11 5 27
234 11 6 30
234 11 7 27
234 11 8 28
234 11 9 26
234 11 11 26
234 12 0 22
234 12 1 25
234 12 2 24
234 12 6 27
234 12 7 24
234 12 8 25
234 12 9 23
234 12 11 23
235 8 1 17
235 8 2 16
235 8 3 18
235 8 4 16
235 8 5 18
235 8 6 18
235 8 10 16
235 8 11 16
235 12 0 18
235 12 1 21
235 12 2 20
235 12 6 23
235 12 7 20
235 12 8 21
235 12 9 19
235 12 11 19
235 13 0 19
235 13 1 18
235 13 3 22
235 13 4 19
235 13 6 18
235 13 7 22
235 13 9 22
235 13 10 21
236 6 2 78
236 6 4 81
236 6 6 86
236 6 7 95
236 6 8 86
236 6 9 81
236 6 10 79
236 6 11 79
236 9 1 77
236 9 2 80
236 9 5 85
236 9 7 94
236 9 8 85
236 9 9 80
236 9 10 78
236 9 11 78
236 10 1 91
236 10 3 90
236 10 4 99
236 10 5 96
236 10 6 85
236 10 7 104
236 10 8 94
236 10 10 98
236 14 1 88
236 14 2 87
236 14 3 96
236 14 7 93
236 14 8 82
236 14 9 101
236 14 10 91
236 14 11 95
237 1 1 54
237 1 2 57
237 1 3 50
237 1 4 59
237 1 7 56
237 1 8 51
237 1 9 49
237 1 11 49
237 7 1 59
237 7 3 62
237 7 4 55
237 7 5 64
237 7 6 61
237 7 8 56
237 7 10 54
237 7 11 54
237 14 1 62
237 14 2 63
237 14 3 61
237 14 7 60
237 14 8 62
237 14 9 57
237 14 10 62
237 14 11 58
238 2 0 72
238 2 1 75
238 2 2 80
238 2 3 89
238 2 4 80
238 2 6 75
238 2 9 73
238 2 10 73
238 5 2 75
238 5 4 78
238 5 5 83
238 5 6 92
238 5 7 83
238 5 8 78
238 5 9 76
238 5 10 76
238 11 0 81
238 11 1 84
238 11 5 90
238 11 6 84
238 11 7 89
238 11 8 94
238 11 9 85
238 11 11 94
238 12 0 75
238 12 1 78
238 12 2 83
238 12 6 92
238 12 7 83
238 12 8 78
238 12 9 76
238 12 11 76
239 1 1 34
239 1 2 31
239 1 3 35
239 1 4 32
239 1 7 35
239 1 8 36
239 1 9 31
239 1 11 31
239 6 2 31
239 6 4 28
239 6 6 32
239 6 7 29
239 6 8 32
239 6 9 33
239 6 10 28
239 6 11 28
239 8 1 35
239 8 2 32
239 8 3 36
239 8 4 33
239 8 5 36
239 8 6 37
239 8 10 32
239 8 11 32
239 12 0 32
239 12 1 29
239 12 2 33
239 12 6 30
239 12 7 33
239 12 8 34
239 12 9 29
239 12 11 29
240 2 0 73
240 2 1 68
240 2 2 75
240 2 3 69
240 2 4 76
240 2 6 78
240 2 9 67
240 2 10 68
240 6 2 76
240 6 4 71
240 6 6 78
240 6 7 72
240 6 8 79
240 6 9 81
240 6 10 70
240 6 11 71
240 13 0 74
240 13 1 77
240 13 3 82
240 13 4 91
240 13 6 82
240 13 7 77
240 13 9 75
240 13 10 75
241 6 2 8
241 6 4 8
241 6 6 9
241 6 7 8
241 6 8 9
241 6 9 9
241 6 10 8
241 6 11 8
241 7 1 8
241 7 3 8
241 7 4 9
241 7 5 8
241 7 6 9
241 7 8 9
241 7 10 8
241 7 11 8
241 8 1 10
241 8 2 9
241 8 3 11
241 8 4 9
241 8 5 11
241 8 6 11
241 8 10 9
241 8 11 9
241 9 1 10
241 9 2 9
241 9 5 11
241 9 7 9
241 9 8 11
241 9 9 11
241 9 10 9
241 9 11 9
241 11 0 10
241 11 1 9
241 11 5 11
241 11 6 9
241 11 7 11
241 11 8 11
241 11 9 9
241 11 11 9
242 1 1 78
242 1 2 81
242 1 3 86
242 1 4 95
242 1 7 86
242 1 8 81
242 1 9 79
242 1 11 79
242 7 1 77
242 7 3 80
242 7 4 85
242 7 5 94
242 7 6 85
242 7 8 80
242 7 10 78
242 7 11 78
242 12 0 91
242 12 1 90
242 12 2 99
242 12 6 96
242 12 7 85
242 12 8 104
242 12 9 94
242 12 11 98
243 6 2 72
243 6 4 67
243 6 6 74
243 6 7 68
243 6 8 75
243 6 9 77
243 6 10 66
243 6 11 67
243 10 1 62
243 10 3 67
243 10 4 68
243 10 5 71
243 10 6 72
243 10 7 75
243 10 8 73
243 10 10 73
243 12 0 74
243 12 1 69
243 12 2 76
243 12 6 70
243 12 7 77
243 12 8 79
243 12 9 68
243 12 11 69
243 14 1 69
243 14 2 63
243 14 3 77
243 14 7 74
243 14 8 68
243 14 9 72
243 14 10 67
243 14 11 76
244 2 0 56
244 2 1 59
244 2 2 52
244 2 3 61
244 2 4 58
244 2 6 53
244 2 9 51
244 2 10 51
244 6 2 59
244 6 4 62
244 6 6 55
244 6 7 64
244 6 8 61
244 6 9 56
244 6 10 54
244 6 11 54
244 10 1 52
244 10 3 55
244 10 4 48
244 10 5 57
244 10 6 54
244 10 7 49
244 10 8 47
244 10 10 47
245 0 1 71
245 0 2 66
245 0 3 73
245 0 4 67
245 0 6 74
245 0 8 76
245 0 9 65
245 0 11 66
245 1 1 61
245 1 2 66
245 1 3 67
245 1 4 70
245 1 7 71
245 1 8 74
245 1 9 72
245 1 11 72
245 8 1 73
245 8 2 68
245 8 3 75
245 8 4 69
245 8 5 76
245 8 6 78
245 8 10 67
245 8 11 68
245 13 0 62
245 13 1 67
245 13 3 68
245 13 4 71
245 13 6 72
245 13 7 75
245 13 9 73
245 13 10 73
246 1 1 75
246 1 2 70
246 1 3 77
246 1 4 71
246 1 7 78
246 1 8 80
246 1 9 69
246 1 11 70
246 5 2 70
246 5 4 65
246 5 5 72
246 5 6 66
246 5 7 73
246 5 8 75
246 5 9 64
246 5 10 65
246 10 1 77
246 10 3 72
246 10 4 79
246 10 5 73
246 10 6 80
246 10 7 82
246 10 8 71
246 10 10 72
246 14 1 71
246 14 2 66
246 14 3 73
246 14 7 67
246 14 8 74
246 14 9 76
246 14 10 65
246 14 11 66
247 1 1 75
247 1 2 70
247 1 3 77
247 1 4 71
247 1 7 78
247 1 8 80
247 1 9 69
247 1 11 70
247 5 2 76
247 5 4 74
247 5 5 75
247 5 6 74
247 5 7 84
247 5 8 87
247 5 9 84
247 5 10 75
247 13 0 76
247 13 1 79
247 13 3 84
247 13 4 93
247 13 6 84
247 13 7 79
247 13 9 77
247 13 10 77
248 1 1 22
248 1 2 25
248 1 3 24
248 1 4 27
248 1 7 24
248 1 8 25
248 1 9 23
248 1 11 23
248 3 0 25
248 3 1 28
248 3 2 27
248 3 4 30
248 3 5 27
248 3 7 28
248 3 8 26
248 3 11 26
248 11 0 24
248 11 1 27
248 11 5 26
248 11 6 29
248 11 7 26
248 11 8 27
248 11 9 25
248 11 11 25
248 13 0 27
248 13 1 32
248 13 3 33
248 13 4 29
248 13 6 30
248 13 7 33
248 13 9 31
248 13 10 31
248 14 1 24
248 14 2 27
248 14 3 26
248 14 7 29
248 14 8 26
248 14 9 27
248 14 10 25
248 14 11 25
249 6 2 8
249 6 4 8
249 6 6 9
249 6 7 8
249 6 8 9
249 6 9 9
249 6 10 8
249 6 11 8
249 8 1 8
249 8 2 8
249 8 3 9
249 8 4 8
249 8 5 9
249 8 6 9
249 8 10 8
249 8 11 8
249 13 0 10
249 13 1 9
249 13 3 11
249 13 4 9
249 13 6 11
249 13 7 11
249 13 9 9
249 13 10 9
249 14 1 10
249 14 2 9
249 14 3 11
249 14 7 9
249 14 8 11
249 14 9 11
249 14 10 9
249 14 11 9
250 0 1 76
250 0 2 71
250 0 3 78
250 0 4 72
250 0 6 79
250 0 8 81
250 0 9 70
250 0 11 71
250 2 0 72
250 2 1 75
250 2 2 80
250 2 3 89
250 2 4 80
250 2 6 75
250 2 9 73
250 2 10 73
250 11 0 77
250 11 1 80
250 11 5 85
250 11 6 94
250 11 7 85
250 11 8 80
250 11 9 78
250 11 11 78
250 12 0 91
250 12 1 90
250 12 2 99
250 12 6 96
250 12 7 85
250 12 8 104
250 12 9 94
250 12 11 98
251 0 1 22
251 0 2 25
251 0 3 24
251 0 4 27
251 0 6 24
251 0 8 25
251 0 9 23
251 0 11 23
251 5 2 25
251 5 4 28
251 5 5 27
251 5 6 30
251 5 7 27
251 5 8 28
251 5 9 26
251 5 10 26
251 6 2 24
251 6 4 27
251 6 6 26
251 6 7 29
251 6 8 26
251 6 9 27
251 6 10 25
251 6 11 25
251 8 1 27
251 8 2 32
251 8 3 33
251 8 4 29
251 8 5 30
251 8 6 33
251 8 10 31
251 8 11 31
251 10 1 24
251 10 3 27
251 10 4 26
251 10 5 29
251 10 6 26
251 10 7 27
251 10 8 25
251 10 10 25
252 5 2 71
252 5 4 66
252 5 5 73
252 5 6 67
252 5 7 74
252 5 8 76
252 5 9 65
252 5 10 66
252 11 0 74
252 11 1 69
252 11 5 76
252 11 6 70
252 11 7 77
252 11 8 79
252 11 9 68
252 11 11 69
252 12 0 72
252 12 1 75
252 12 2 80
252 12 6 89
252 12 7 80
252 12 8 75
252 12 9 73
252 12 11 73
252 14 1 81
252 14 2 84
252 14 3 90
252 14 7 84
252 14 8 89
252 14 9 94
252 14 10 85
252 14 11 94
253 2 0 91
253 2 1 90
253 2 2 99
253 2 3 96
253 2 4 85
253 2 6 104
253 2 9 94
253 2 10 98
253 4 2 90
253 4 3 89
253 4 4 98
253 4 5 95
253 4 6 84
253 4 7 103
253 4 8 93
253 4 9 97
253 10 1 106
253 10 3 105
253 10 4 108
253 10 5 111
253 10 6 106
253 10 7 107
253 10 8 97
253 10 10 99
253 13 0 90
253 13 1 102
253 13 3 110
253 13 4 92
253 13 6 107
253 13 7 96
253 13 9 94
253 13 10 94
254 0 1 35
254 0 2 32
254 0 3 36
254 0 4 33
254 0 6 36
254 0 8 37
254 0 9 32
254 0 11 32
254 2 0 32
254 2 1 29
254 2 2 33
254 2 3 30
254 2 4 33
254 2 6 34
254 2 9 29
254 2 10 29
254 8 1 36
254 8 2 33
254 8 3 37
254 8 4 34
254 8 5 37
254 8 6 38
254 8 10 33
254 8 11 33
254 12 0 33
254 12 1 30
254 12 2 34
254 12 6 31
254 12 7 34
254 12 8 35
254 12 9 30
254 12 11 30
255 3 0 55
255 3 1 60
255 3 2 61
255 3 4 64
255 3 5 65
255 3 7 68
255 3 8 66
255 3 11 66
255 5 2 56
255 5 4 61
255 5 5 62
255 5 6 65
255 5 7 66
255 5 8 69
255 5 9 67
255 5 10 67
255 8 1 54
255 8 2 59
255 8 3 60
255 8 4 63
255 8 5 64
255 8 6 67
255 8 10 65
255 8 11 65
256 2 0 72
256 2 1 67
256 2 2 74
256 2 3 68
256 2 4 75
256 2 6 77
256 2 9 66
256 2 10 67
256 6 2 62
256 6 4 67
256 6 6 68
256 6 7 71
256 6 8 72
256 6 9 75
256 6 10 73
256 6 11 73
256 13 0 74
256 13 1 69
256 13 3 76
256 13 4 70
256 13 6 77
256 13 7 79
256 13 9 68
256 13 10 69
257 3 0 91
257 3 1 90
257 3 2 99
257 3 4 96
257 3 5 85
257 3 7 104
257 3 8 94
257 3 11 98
257 4 2 90
257 4 3 89
257 4 4 98
257 4 5 95
257 4 6 84
257 4 7 103
257 4 8 93
257 4 9 97
257 8 1 106
257 8 2 105
257 8 3 108
257 8 4 111
257 8 5 106
257 8 6 107
257 8 10 97
257 8 11 99
257 12 0 90
257 12 1 102
257 12 2 110
257 12 6 92
257 12 7 107
257 12 8 96
257 12 9 94
257 12 11 94
258 5 2 73
258 5 4 68
258 5 5 75
258 5 6 69
258 5 7 76
258 5 8 78
258 5 9 67
258 5 10 68
258 8 1 76
258 8 2 71
258 8 3 78
258 8 4 72
258 8 5 79
258 8 6 81
258 8 10 70
258 8 11 71
258 13 0 74
258 13 1 77
258 13 3 82
258 13 4 91
258 13 6 82
258 13 7 77
258 13 9 75
258 13 10 75
259 1 1 76
259 1 2 71
259 1 3 78
259 1 4 72
259 1 7 79
259 1 8 81
259 1 9 70
259 1 11 71
259 2 0 72
259 2 1 75
259 2 2 80
259 2 3 89
259 2 4 80
259 2 6 75
259 2 9 73
259 2 10 73
259 5 2 77
259 5 4 80
259 5 5 85
259 5 6 94
259 5 7 85
259 5 8 80
259 5 9 78
259 5 10 78
259 9 1 91
259 9 2 90
259 9 5 99
259 9 7 96
259 9 8 85
259 9 9 104
259 9 10 94
259 9 11 98
260 1 1 55
260 1 2 60
260 1 3 61
260 1 4 64
260 1 7 65
260 1 8 68
260 1 9 66
260 1 11 66
260 3 0 56
260 3 1 61
260 3 2 62
260 3 4 65
260 3 5 66
260 3 7 69
260 3 8 67
260 3 11 67
260 6 2 54
260 6 4 59
260 6 6 60
260 6 7 63
260 6 8 64
260 6 9 67
260 6 10 65
260 6 11 65
261 2 0 18
261 2 1 17
261 2 2 19
261 2 3 17
261 2 4 19
261 2 6 19
261 2 9 17
261 2 10 17
261 8 1 19
261 8 2 22
261 8 3 21
261 8 4 24
261 8 5 21
261 8 6 22
261 8 10 20
261 8 11 20
261 13 0 18
261 13 1 21
261 13 3 20
261 13 4 23
261 13 6 20
261 13 7 21
261 13 9 19
261 13 10 19
262 3 0 54
262 3 1 59
262 3 2 60
262 3 4 63
262 3 5 64
262 3 7 67
262 3 8 65
262 3 11 65
262 8 1 59
262 8 2 64
262 8 3 65
262 8 4 68
262 8 5 69
262 8 6 72
262 8 10 70
262 8 11 70
262 11 0 60
262 11 1 65
262 11 5 66
262 11 6 69
262 11 7 70
262 11 8 73
262 11 9 71
262 11 11 71
262 12 0 69
262 12 1 63
262 12 2 77
262 12 6 74
262 12 7 68
262 12 8 72
262 12 9 67
262 12 11 76
262 13 0 69
262 13 1 64
262 13 3 71
262 13 4 65
262 13 6 72
262 13 7 74
262 13 9 63
262 13 10 64
263 3 0 62
263 3 1 67
263 3 2 68
263 3 4 71
263 3 5 72
263 3 7 75
263 3 8 73
263 3 11 73
263 7 1 57
263 7 3 62
263 7 4 63
263 7 5 66
263 7 6 67
263 7 8 70
263 7 10 68
263 7 11 68
263 8 1 69
263 8 2 64
263 8 3 71
263 8 4 65
263 8 5 72
263 8 6 74
263 8 10 63
263 8 11 64
263 9 1 58
263 9 2 63
263 9 5 64
263 9 7 67
263 9 8 68
263 9 9 71
263 9 10 69
263 9 11 69
264 11 0 30
264 11 1 27
264 11 5 31
264 11 6 28
264 11 7 31
264 11 8 32
264 11 9 27
264 11 11 27
264 12 0 25
264 12 1 28
264 12 2 27
264 12 6 30
264 12 7 27
264 12 8 28
264 12 9 26
264 12 11 26
264 13 0 31
264 13 1 28
264 13 3 32
264 13 4 29
264 13 6 32
264 13 7 33
264 13 9 28
264 13 10 28
264 14 1 26
264 14 2 29
264 14 3 28
264 14 7 31
264 14 8 28
264 14 9 29
264 14 10 27
264 14 11 27
265 6 2 56
265 6 4 59
265 6 6 52
265 6 7 61
265 6 8 58
265 6 9 53
265 6 10 51
265 6 11 51
265 7 1 54
265 7 3 59
265 7 4 60
265 7 5 63
265 7 6 64
265 7 8 67
265 7 10 65
265 7 11 65
265 9 1 55
265 9 2 60
265 9 5 61
265 9 7 64
265 9 8 65
265 9 9 68
265 9 10 66
265 9 11 66
265 14 1 58
265 14 2 63
265 14 3 64
265 14 7 67
265 14 8 68
265 14 9 71
265 14 10 69
265 14 11 69
266 0 1 74
266 0 2 69
266 0 3 76
266 0 4 70
266 0 6 77
266 0 8 79
266 0 9 68
266 0 11 69
266 6 2 69
266 6 4 64
266 6 6 71
266 6 7 65
266 6 8 72
266 6 9 74
266 6 10 63
266 6 11 64
266 9 1 76
266 9 2 71
266 9 5 78
266 9 7 72
266 9 8 79
266 9 9 81
266 9 10 70
266 9 11 71
266 10 1 70
266 10 3 65
266 10 4 72
266 10 5 66
266 10 6 73
266 10 7 75
266 10 8 64
266 10 10 65
266 14 1 77
266 14 2 72
266 14 3 79
266 14 7 73
266 14 8 80
266 14 9 82
266 14 10 71
266 14 11 72
267 5 2 75
267 5 4 70
267 5 5 77
267 5 6 71
267 5 7 78
267 5 8 80
267 5 9 69
267 5 10 70
267 6 2 76
267 6 4 74
267 6 6 75
267 6 7 74
267 6 8 84
267 6 9 87
267 6 10 84
267 6 11 75
267 14 1 76
267 14 2 79
267 14 3 84
267 14 7 93
267 14 8 84
267 14 9 79
267 14 10 77
267 14 11 77
268 1 1 90
268 1 2 89
268 1 3 98
268 1 4 95
268 1 7 84
268 1 8 103
268 1 9 93
268 1 11 97
268 7 1 89
268 7 3 88
268 7 4 97
268 7 5 94
268 7 6 83
268 7 8 102
268 7 10 92
268 7 11 96
268 9 1 105
268 9 2 104
268 9 5 107
268 9 7 110
268 9 8 105
268 9 9 106
268 9 10 96
268 9 11 98
268 13 0 95
268 13 1 94
268 13 3 103
268 13 4 100
268 13 6 89
268 13 7 108
268 13 9 98
268 13 10 102
269 2 0 54
269 2 1 57
269 2 2 50
269 2 3 59
269 2 4 56
269 2 6 51
269 2 9 49
269 2 10 49
269 3 0 57
269 3 1 60
269 3 2 53
269 3 4 62
269 3 5 59
269 3 7 54
269 3 8 52
269 3 11 52
269 6 2 48
269 6 4 47
269 6 6 50
269 6 7 53
269 6 8 48
269 6 9 49
269 6 10 50
269 6 11 52
269 7 1 59
269 7 3 62
269 7 4 55
269 7 5 64
269 7 6 61
269 7 8 56
269 7 10 54
269 7 11 54
269 12 0 56
269 12 1 59
269 12 2 52
269 12 6 61
269 12 7 58
269 12 8 53
269 12 9 51
269 12 11 51
270 2 0 55
270 2 1 58
270 2 2 51
270 2 3 60
270 2 4 57
270 2 6 52
270 2 9 50
270 2 10 50
270 3 0 62
270 3 1 63
270 3 2 61
270 3 4 60
270 3 5 62
270 3 7 57
270 3 8 62
270 3 11 58
270 7 1 54
270 7 3 59
270 7 4 60
270 7 5 63
270 7 6 64
270 7 8 67
270 7 10 65
270 7 11 65
270 11 0 57
270 11 1 62
270 11 5 63
270 11 6 66
270 11 7 67
270 11 8 70
270 11 9 68
270 11 11 68
271 1 1 35
271 1 2 32
271 1 3 36
271 1 4 33
271 1 7 36
271 1 8 37
271 1 9 32
271 1 11 32
271 2 0 32
271 2 1 29
271 2 2 33
271 2 3 30
271 2 4 33
271 2 6 34
271 2 9 29
271 2 10 29
271 4 2 36
271 4 3 33
271 4 4 37
271 4 5 34
271 4 6 37
271 4 7 38
271 4 8 33
271 4 9 33
271 5 2 33
271 5 4 30
271 5 5 34
271 5 6 31
271 5 7 34
271 5 8 35
271 5 9 30
271 5 10 30
271 7 1 36
271 7 3 33
271 7 4 37
271 7 5 34
271 7 6 37
271 7 8 38
271 7 10 33
271 7 11 33
272 1 1 81
272 1 2 84
272 1 3 90
272 1 4 84
272 1 7 89
272 1 8 94
272 1 9 85
272 1 11 94
272 9 1 80
272 9 2 83
272 9 5 88
272 9 7 97
272 9 8 88
272 9 9 83
272 9 10 81
272 9 11 81
272 10 1 94
272 10 3 93
272 10 4 102
272 10 5 99
272 10 6 88
272 10 7 107
272 10 8 97
272 10 10 101
273 0 1 75
273 0 2 70
273 0 3 77
273 0 4 71
273 0 6 78
273 0 8 80
273 0 9 69
273 0 11 70
273 7 1 70
273 7 3 65
273 7 4 72
273 7 5 66
273 7 6 73
273 7 8 75
273 7 10 64
273 7 11 65
273 9 1 77
273 9 2 72
273 9 5 79
273 9 7 73
273 9 8 80
273 9 9 82
273 9 10 71
273 9 11 72
274 0 1 73
274 0 2 68
274 0 3 75
274 0 4 69
274 0 6 76
274 0 8 78
274 0 9 67
274 0 11 68
274 1 1 76
274 1 2 71
274 1 3 78
274 1 4 72
274 1 7 79
274 1 8 81
274 1 9 70
274 1 11 71
274 2 0 74
274 2 1 77
274 2 2 82
274 2 3 91
274 2 4 82
274 2 6 77
274 2 9 75
274 2 10 75
274 7 1 88
274 7 3 87
274 7 4 96
274 7 5 93
274 7 6 82
274 7 8 101
274 7 10 91
274 7 11 95
274 13 0 74
274 13 1 77
274 13 3 82
274 13 4 91
274 13 6 82
274 13 7 77
274 13 9 75
274 13 10 75
275 2 0 11
275 2 1 10
275 2 2 12
275 2 3 10
275 2 4 12
275 2 6 12
275 2 9 10
275 2 10 10
275 5 2 10
275 5 4 9
275 5 5 11
275 5 6 9
275 5 7 11
275 5 8 11
275 5 9 9
275 5 10 9
275 11 0 12
275 11 1 11
275 11 5 13
275 11 6 11
275 11 7 13
275 11 8 13
275 11 9 11
275 11 11 11
276 0 1 11
276 0 2 10
276 0 3 12
276 0 4 10
276 0 6 12
276 0 8 12
276 0 9 10
276 0 11 10
276 5 2 10
276 5 4 9
276 5 5 11
276 5 6 9
276 5 7 11
276 5 8 11
276 5 9 9
276 5 10 9
276 7 1 12
276 7 3 11
276 7 4 13
276 7 5 11
276 7 6 13
276 7 8 13
276 7 10 11
276 7 11 11
276 10 1 10
276 10 3 9
276 10 4 11
276 10 5 9
276 10 6 11
276 10 7 11
276 10 8 9
276 10 10 9
277 3 0 89
277 3 1 88
277 3 2 97
277 3 4 94
277 3 5 83
277 3 7 102
277 3 8 92
277 3 11 96
277 10 1 88
277 10 3 87
277 10 4 96
277 10 5 93
277 10 6 82
277 10 7 101
277 10 8 91
277 10 10 95
277 11 0 104
277 11 1 103
277 11 5 106
277 11 6 109
277 11 7 104
277 11 8 105
277 11 9 95
277 11 11 97
277 12 0 94
277 12 1 93
277 12 2 102
277 12 6 99
277 12 7 88
277 12 8 107
277 12 9 97
277 12 11 101
278 0 1 23
278 0 2 26
278 0 3 25
278 0 4 28
278 0 6 25
278 0 8 26
278 0 9 24
278 0 11 24
278 1 1 26
278 1 2 29
278 1 3 28
278 1 4 31
278 1 7 28
278 1 8 29
278 1 9 27
278 1 11 27
278 12 0 25
278 12 1 28
278 12 2 27
278 12 6 30
278 12 7 27
278 12 8 28
278 12 9 26
278 12 11 26
278 14 1 30
278 14 2 27
278 14 3 31
278 14 7 28
278 14 8 31
278 14 9 32
278 14 10 27
278 14 11 27
279 3 0 50
279 3 1 49
279 3 2 48
279 3 4 45
279 3 5 44
279 3 7 53
279 3 8 53
279 3 11 47
279 4 2 49
279 4 3 48
279 4 4 47
279 4 5 44
279 4 6 43
279 4 7 52
279 4 8 52
279 4 9 46
279 7 1 48
279 7 3 47
279 7 4 46
279 7 5 43
279 7 6 42
279 7 8 51
279 7 10 51
279 7 11 45
279 8 1 45
279 8 2 44
279 8 3 43
279 8 4 40
279 8 5 39
279 8 6 48
279 8 10 48
279 8 11 42
279 11 0 44
279 11 1 43
279 11 5 42
279 11 6 39
279 11 7 38
279 11 8 47
279 11 9 47
279 11 11 41
280 0 1 70
280 0 2 65
280 0 3 72
280 0 4 66
280 0 6 73
280 0 8 75
280 0 9 64
280 0 11 65
280 3 0 60
280 3 1 65
280 3 2 66
280 3 4 69
280 3 5 70
280 3 7 73
280 3 8 71
280 3 11 71
280 7 1 72
280 7 3 67
280 7 4 74
280 7 5 68
280 7 6 75
280 7 8 77
280 7 10 66
280 7 11 67
280 10 1 61
280 10 3 66
280 10 4 67
280 10 5 70
280 10 6 71
280 10 7 74
280 10 8 72
280 10 10 72
280 11 0 73
280 11 1 68
280 11 5 75
280 11 6 69
280 11 7 76
280 11 8 78
280 11 9 67
280 11 11 68
281 2 0 81
281 2 1 84
281 2 2 90
281 2 3 84
281 2 4 89
281 2 6 94
281 2 9 85
281 2 10 94
281 5 2 105
281 5 4 104
281 5 5 107
281 5 6 110
281 5 7 105
281 5 8 106
281 5 9 96
281 5 10 98
281 8 1 108
281 8 2 121
281 8 3 109
281 8 4 99
281 8 5 121
281 8 6 110
281 8 10 108
281 8 11 121
281 13 0 88
281 13 1 87
281 13 3 96
281 13 4 93
281 13 6 82
281 13 7 101
281 13 9 91
281 13 10 95
282 0 1 23
282 0 2 26
282 0 3 25
282 0 4 28
282 0 6 25
282 0 8 26
282 0 9 24
282 0 11 24
282 1 1 26
282 1 2 29
282 1 3 28
282 1 4 31
282 1 7 28
282 1 8 29
282 1 9 27
282 1 11 27
282 5 2 25
282 5 4 28
282 5 5 27
282 5 6 30
282 5 7 27
282 5 8 28
282 5 9 26
282 5 10 26
282 14 1 30
282 14 2 27
282 14 3 31
282 14 7 28
282 14 8 31
282 14 9 32
282 14 10 27
282 14 11 27
283 7 1 34
283 7 3 31
283 7 4 35
283 7 5 32
283 7 6 35
283 7 8 36
283 7 10 31
283 7 11 31
283 11 0 31
283 11 1 28
283 11 5 32
283 11 6 29
283 11 7 32
283 11 8 33
283 11 9 28
283 11 11 28
283 13 0 35
283 13 1 32
283 13 3 36
283 13 4 33
283 13 6 36
283 13 7 37
283 13 9 32
283 13 10 32
284 0 1 52
284 0 2 55
284 0 3 48
284 0 4 57
284 0 6 54
284 0 8 49
284 0 9 47
284 0 11 47
284 2 0 55
284 2 1 58
284 2 2 51
284 2 3 60
284 2 4 57
284 2 6 52
284 2 9 50
284 2 10 50
284 5 2 49
284 5 4 48
284 5 5 47
284 5 6 44
284 5 7 43
284 5 8 52
284 5 9 52
284 5 10 46
285 3 0 54
285 3 1 59
285 3 2 60
285 3 4 63
285 3 5 64
285 3 7 67
285 3 8 65
285 3 11 65
285 6 2 59
285 6 4 64
285 6 6 65
285 6 7 68
285 6 8 69
285 6 9 72
285 6 10 70
285 6 11 70
285 10 1 60
285 10 3 65
285 10 4 66
285 10 5 69
285 10 6 70
285 10 7 73
285 10 8 71
285 10 10 71
286 1 1 58
286 1 2 61
286 1 3 54
286 1 4 63
286 1 7 60
286 1 8 55
286 1 9 53
286 1 11 53
286 7 1 56
286 7 3 61
286 7 4 62
286 7 5 65
286 7 6 66
286 7 8 69
286 7 10 67
286 7 11 67
286 8 1 57
286 8 2 62
286 8 3 63
286 8 4 66
286 8 5 67
286 8 6 70
286 8 10 68
286 8 11 68
286 11 0 60
286 11 1 65
286 11 5 66
286 11 6 69
286 11 7 70
286 11 8 73
286 11 9 71
286 11 11 71
287 6 2 46
287 6 4 45
287 6 6 44
287 6 7 41
287 6 8 40
287 6 9 49
287 6 10 49
287 6 11 43
287 10 1 45
287 10 3 44
287 10 4 43
287 10 5 40
287 10 6 39
287 10 7 48
287 10 8 48
287 10 10 42
287 12 0 44
287 12 1 43
287 12 2 42
287 12 6 39
287 12 7 38
287 12 8 47
287 12 9 47
287 12 11 41
288 8 1 17
288 8 2 16
288 8 3 18
288 8 4 16
288 8 5 18
288 8 6 18
288 8 10 16
288 8 11 16
288 9 1 16
288 9 2 15
288 9 5 17
288 9 7 15
288 9 8 17
288 9 9 17
288 9 10 15
288 9 11 15
288 11 0 18
288 11 1 17
288 11 5 19
288 11 6 17
288 11 7 19
288 11 8 19
288 11 9 17
288 11 11 17
288 12 0 16
288 12 1 15
288 12 2 17
288 12 6 15
288 12 7 17
288 12 8 17
288 12 9 15
288 12 11 15
288 13 0 18
288 13 1 17
288 13 3 19
288 13 4 17
288 13 6 19
288 13 7 19
288 13 9 17
288 13 10 17
289 2 0 34
289 2 1 31
289 2 2 35
289 2 3 32
289 2 4 35
289 2 6 36
289 2 9 31
289 2 10 31
289 3 0 31
289 3 1 28
289 3 2 32
289 3 4 29
289 3 5 32
289 3 7 33
289 3 8 28
289 3 11 28
289 6 2 35
289 6 4 32
289 6 6 36
289 6 7 33
289 6 8 36
289 6 9 37
289 6 10 32
289 6 11 32
289 12 0 32
289 12 1 29
289 12 2 33
289 12 6 30
289 12 7 33
289 12 8 34
289 12 9 29
289 12 11 29
290 2 0 8
290 2 1 8
290 2 2 9
290 2 3 8
290 2 4 9
290 2 6 9
290 2 9 8
290 2 10 8
290 4 2 8
290 4 3 8
290 4 4 9
290 4 5 8
290 4 6 9
290 4 7 9
290 4 8 8
290 4 9 8
290 6 2 10
290 6 4 9
290 6 6 11
290 6 7 9
290 6 8 11
290 6 9 11
290 6 10 9
290 6 11 9
290 14 1 10
290 14 2 9
290 14 3 11
290 14 7 9
290 14 8 11
290 14 9 11
290 14 10 9
290 14 11 9
291 9 1 75
291 9 2 70
291 9 5 77
291 9 7 71
291 9 8 78
291 9 9 80
291 9 10 69
291 9 11 70
291 11 0 70
291 11 1 65
291 11 5 72
291 11 6 66
291 11 7 73
291 11 8 75
291 11 9 64
291 11 11 65
291 14 1 77
291 14 2 72
291 14 3 79
291 14 7 73
291 14 8 80
291 14 9 82
291 14 10 71
291 14 11 72
292 7 1 57
292 7 3 60
292 7 4 53
292 7 5 62
292 7 6 59
292 7 8 54
292 7 10 52
292 7 11 52
292 8 1 55
292 8 2 60
292 8 3 61
292 8 4 64
292 8 5 65
292 8 6 68
292 8 10 66
292 8 11 66
292 10 1 56
292 10 3 61
292 10 4 62
292 10 5 65
292 10 6 66
292 10 7 69
292 10 8 67
292 10 10 67
292 12 0 59
292 12 1 64
292 12 2 65
292 12 6 68
292 12 7 69
292 12 8 72
292 12 9 70
292 12 11 70
293 4 2 48
293 4 3 47
293 4 4 50
293 4 5 53
293 4 6 48
293 4 7 49
293 4 8 50
293 4 9 52
293 8 1 50
293 8 2 49
293 8 3 48
293 8 4 45
293 8 5 44
293 8 6 53
293 8 10 53
293 8 11 47
293 10 1 49
293 10 3 48
293 10 4 47
293 10 5 44
293 10 6 43
293 10 7 52
293 10 8 52
293 10 10 46
294 0 1 53
294 0 2 56
294 0 3 49
294 0 4 58
294 0 6 55
294 0 8 50
294 0 9 48
294 0 11 48
294 8 1 56
294 8 2 59
294 8 3 52
294 8 4 61
294 8 5 58
294 8 6 53
294 8 10 51
294 8 11 51
294 10 1 50
294 10 3 49
294 10 4 48
294 10 5 45
294 10 6 44
294 10 7 53
294 10 8 53
294 10 10 47
294 13 0 58
294 13 1 61
294 13 3 54
294 13 4 63
294 13 6 60
294 13 7 55
294 13 9 53
294 13 10 53
295 1 1 81
295 1 2 84
295 1 3 90
295 1 4 84
295 1 7 89
295 1 8 94
295 1 9 85
295 1 11 94
295 2 0 80
295 2 1 83
295 2 2 88
295 2 3 97
295 2 4 88
295 2 6 83
295 2 9 81
295 2 10 81
295 4 2 94
295 4 3 93
295 4 4 102
295 4 5 99
295 4 6 88
295 4 7 107
295 4 8 97
295 4 9 101
295 10 1 91
295 10 3 90
295 10 4 99
295 10 5 96
295 10 6 85
295 10 7 104
295 10 8 94
295 10 10 98
295 11 0 75
295 11 1 78
295 11 5 83
295 11 6 92
295 11 7 83
295 11 8 78
295 11 9 76
295 11 11 76
296 1 1 48
296 1 2 47
296 1 3 46
296 1 4 43
296 1 7 42
296 1 8 51
296 1 9 51
296 1 11 45
296 6 2 47
296 6 4 46
296 6 6 45
296 6 7 42
296 6 8 41
296 6 9 50
296 6 10 50
296 6 11 44
296 8 1 46
296 8 2 45
296 8 3 44
296 8 4 41
296 8 5 40
296 8 6 49
296 8 10 49
296 8 11 43
296 13 0 43
296 13 1 42
296 13 3 41
296 13 4 38
296 13 6 37
296 13 7 46
296 13 9 46
296 13 10 40
297 0 1 62
297 0 2 63
297 0 3 61
297 0 4 60
297 0 6 62
297 0 8 57
297 0 9 62
297 0 11 58
297 1 1 58
297 1 2 63
297 1 3 64
297 1 4 67
297 1 7 68
297 1 8 71
297 1 9 69
297 1 11 69
297 4 2 59
297 4 3 64
297 4 4 65
297 4 5 68
297 4 6 69
297 4 7 72
297 4 8 70
297 4 9 70
297 5 2 62
297 5 4 67
297 5 5 68
297 5 6 71
297 5 7 72
297 5 8 75
297 5 9 73
297 5 10 73
297 7 1 69
297 7 3 63
297 7 4 77
297 7 5 74
297 7 6 68
297 7 8 72
297 7 10 67
297 7 11 76
298 8 1 20
298 8 2 23
298 8 3 22
298 8 4 25
298 8 5 22
298 8 6 23
298 8 10 21
298 8 11 21
298 11 0 23
298 11 1 26
298 11 5 25
298 11 6 28
298 11 7 25
298 11 8 26
298 11 9 24
298 11 11 24
298 14 1 22
298 14 2 25
298 14 3 24
298 14 7 27
298 14 8 24
298 14 9 25
298 14 10 23
298 14 11 23
299 4 2 15
299 4 3 14
299 4 4 16
299 4 5 14
299 4 6 16
299 4 7 16
299 4 8 14
299 4 9 14
299 12 0 14
299 12 1 13
299 12 2 15
299 12 6 13
299 12 7 15
299 12 8 15
299 12 9 13
299 12 11 13
299 14 1 16
299 14 2 15
299 14 3 17
299 14 7 15
299 14 8 17
299 14 9 17
299 14 10 15
299 14 11 15
300 0 1 14
300 0 2 13
300 0 3 15
300 0 4 13
300 0 6 15
300 0 8 15
300 0 9 13
300 0 11 13
300 1 1 13
300 1 2 12
300 1 3 14
300 1 4 12
300 1 7 14
300 1 8 14
300 1 9 12
300 1 11 12
300 6 2 15
300 6 4 14
300 6 6 16
300 6 7 14
300 6 8 16
300 6 9 16
300 6 10 14
300 6 11 14
300 9 1 13
300 9 2 12
300 9 5 14
300 9 7 12
300 9 8 14
300 9 9 14
300 9 10 12
300 9 11 12
300 10 1 15
300 10 3 14
300 10 4 16
300 10 5 14
300 10 6 16
300 10 7 16
300 10 8 14
300 10 10 14
301 2 0 20
301 2 1 23
301 2 2 22
301 2 3 25
301 2 4 22
301 2 6 23
301 2 9 21
301 2 10 21
301 5 2 23
301 5 4 26
301 5 5 25
301 5 6 28
301 5 7 25
301 5 8 26
301 5 9 24
301 5 10 24
301 6 2 22
301 6 4 25
301 6 6 24
301 6 7 27
301 6 8 24
301 6 9 25
301 6 10 23
301 6 11 23
301 10 1 25
301 10 3 28
301 10 4 27
301 10 5 30
301 10 6 27
301 10 7 28
301 10 8 26
301 10 10 26
301 11 0 22
301 11 1 25
301 11 5 24
301 11 6 27
301 11 7 24
301 11 8 25
301 11 9 23
301 11 11 23
302 7 1 10
302 7 3 9
302 7 4 11
302 7 5 9
302 7 6 11
302 7 8 11
302 7 10 9
302 7 11 9
302 9 1 9
302 9 2 9
302 9 5 11
302 9 7 11
302 9 8 11
302 9 9 9
302 9 10 10
302 9 11 10
302 12 0 11
302 12 1 10
302 12 2 12
302 12 6 10
302 12 7 12
302 12 8 12
302 12 9 10
302 12 11 10
303 0 1 58
303 0 2 61
303 0 3 54
303 0 4 63
303 0 6 60
303 0 8 55
303 0 9 53
303 0 11 53
303 3 0 54
303 3 1 59
303 3 2 60
303 3 4 63
303 3 5 64
303 3 7 67
303 3 8 65
303 3 11 65
303 6 2 54
303 6 4 57
303 6 6 50
303 6 7 59
303 6 8 56
303 6 9 51
303 6 10 49
303 6 11 49
303 12 0 56
303 12 1 61
303 12 2 62
303 12 6 65
303 12 7 66
303 12 8 69
303 12 9 67
303 12 11 67
303 14 1 62
303 14 2 63
303 14 3 61
303 14 7 60
303 14 8 62
303 14 9 57
303 14 10 62
303 14 11 58
304 2 0 69
304 2 1 63
304 2 2 77
304 2 3 74
304 2 4 68
304 2 6 72
304 2 9 67
304 2 10 76
304 5 2 58
304 5 4 63
304 5 5 64
304 5 6 67
304 5 7 68
304 5 8 71
304 5 9 69
304 5 10 69
304 11 0 70
304 11 1 65
304 11 5 72
304 11 6 66
304 11 7 73
304 11 8 75
304 11 9 64
304 11 11 65
304 14 1 59
304 14 2 64
304 14 3 65
304 14 7 68
304 14 8 69
304 14 9 72
304 14 10 70
304 14 11 70
305 1 1 19
305 1 2 18
305 1 3 22
305 1 4 19
305 1 7 18
305 1 8 22
305 1 9 22
305 1 11 21
305 3 0 20
305 3 1 23
305 3 2 22
305 3 4 25
305 3 5 22
305 3 7 23
305 3 8 21
305 3 11 21
305 13 0 19
305 13 1 22
305 13 3 21
305 13 4 24
305 13 6 21
305 13 7 22
305 13 9 20
305 13 10 20
306 2 0 58
306 2 1 61
306 2 2 54
306 2 3 63
306 2 4 60
306 2 6 55
306 2 9 53
306 2 10 53
306 6 2 54
306 6 4 59
306 6 6 60
306 6 7 63
306 6 8 64
306 6 9 67
306 6 10 65
306 6 11 65
306 7 1 54
306 7 3 57
306 7 4 50
306 7 5 59
306 7 6 56
306 7 8 51
306 7 10 49
306 7 11 49
306 10 1 56
306 10 3 61
306 10 4 62
306 10 5 65
306 10 6 66
306 10 7 69
306 10 8 67
306 10 10 67
307 4 2 79
307 4 3 82
307 4 4 87
307 4 5 96
307 4 6 87
307 4 7 82
307 4 8 80
307 4 9 80
307 6 2 78
307 6 4 81
307 6 6 86
307 6 7 95
307 6 8 86
307 6 9 81
307 6 10 79
307 6 11 79
307 8 1 92
307 8 2 91
307 8 3 100
307 8 4 97
307 8 5 86
307 8 6 105
307 8 10 95
307 8 11 99
307 10 1 89
307 10 3 88
307 10 4 97
307 10 5 94
307 10 6 83
307 10 7 102
307 10 8 92
307 10 10 96
307 12 0 73
307 12 1 76
307 12 2 81
307 12 6 90
307 12 7 81
307 12 8 76
307 12 9 74
307 12 11 74
308 5 2 62
308 5 4 67
308 5 5 68
308 5 6 71
308 5 7 72
308 5 8 75
308 5 9 73
308 5 10 73
308 8 1 57
308 8 2 62
308 8 3 63
308 8 4 66
308 8 5 67
308 8 6 70
308 8 10 68
308 8 11 68
308 12 0 69
308 12 1 64
308 12 2 71
308 12 6 65
308 12 7 72
308 12 8 74
308 12 9 63
308 12 11 64
309 0 1 62
309 0 2 63
309 0 3 61
309 0 4 60
309 0 6 62
309 0 8 57
309 0 9 62
309 0 11 58
309 1 1 58
309 1 2 63
309 1 3 64
309 1 4 67
309 1 7 68
309 1 8 71
309 1 9 69
309 1 11 69
309 6 2 59
309 6 4 64
309 6 6 65
309 6 7 68
309 6 8 69
309 6 9 72
309 6 10 70
309 6 11 70
309 12 0 62
309 12 1 67
309 12 2 68
309 12 6 71
309 12 7 72
309 12 8 75
309 12 9 73
309 12 11 73
309 14 1 69
309 14 2 63
309 14 3 77
309 14 7 74
309 14 8 68
309 14 9 72
309 14 10 67
309 14 11 76
310 0 1 32
310 0 2 29
310 0 3 33
310 0 4 30
310 0 6 33
310 0 8 34
310 0 9 29
310 0 11 29
310 1 1 27
310 1 2 32
310 1 3 33
310 1 4 29
310 1 7 30
310 1 8 33
310 1 9 31
310 1 11 31
310 14 1 33
310 14 2 30
310 14 3 34
310 14 7 31
310 14 8 34
310 14 9 35
310 14 10 30
310 14 11 30
311 1 1 37
311 1 2 34
311 1 3 38
311 1 4 35
311 1 7 38
311 1 8 39
311 1 9 34
311 1 11 34
311 5 2 34
311 5 4 31
311 5 5 35
311 5 6 32
311 5 7 35
311 5 8 36
311 5 9 31
311 5 10 31
311 11 0 38
311 11 1 35
311 11 5 39
311 11 6 36
311 11 7 39
311 11 8 40
311 11 9 35
311 11 11 35
312 1 1 47
312 1 2 46
312 1 3 45
312 1 4 42
312 1 7 41
312 1 8 50
312 1 9 50
312 1 11 44
312 10 1 46
312 10 3 45
312 10 4 44
312 10 5 41
312 10 6 40
312 10 7 49
312 10 8 49
312 10 10 43
312 14 1 45
312 14 2 44
312 14 3 43
312 14 7 40
312 14 8 39
312 14 9 48
312 14 10 48
312 14 11 42
313 3 0 76
313 3 1 71
313 3 2 78
313 3 4 72
313 3 5 79
313 3 7 81
313 3 8 70
313 3 11 71
313 4 2 72
313 4 3 75
313 4 4 80
313 4 5 89
313 4 6 80
313 4 7 75
313 4 8 73
313 4 9 73
313 6 2 77
313 6 4 80
313 6 6 85
313 6 7 94
313 6 8 85
313 6 9 80
313 6 10 78
313 6 11 78
313 10 1 91
313 10 3 90
313 10 4 99
313 10 5 96
313 10 6 85
313 10 7 104
313 10 8 94
313 10 10 98
313 11 0 77
313 11 1 80
313 11 5 85
313 11 6 94
313 11 7 85
313 11 8 80
313 11 9 78
313 11 11 78
314 3 0 16
314 3 1 15
314 3 2 17
314 3 4 15
314 3 5 17
314 3 7 17
314 3 8 15
314 3 11 15
314 6 2 15
314 6 4 14
314 6 6 16
314 6 7 14
314 6 8 16
314 6 9 16
314 6 10 14
314 6 11 14
314 9 1 17
314 9 2 16
314 9 5 18
314 9 7 16
314 9 8 18
314 9 9 18
314 9 10 16
314 9 11 16
314 13 0 15
314 13 1 14
314 13 3 16
314 13 4 14
314 13 6 16
314 13 7 16
314 13 9 14
314 13 10 14
314 14 1 17
314 14 2 16
314 14 3 18
314 14 7 16
314 14 8 18
314 14 9 18
314 14 10 16
314 14 11 16
315 0 1 31
315 0 2 28
315 0 3 32
315 0 4 29
315 0 6 32
315 0 8 33
315 0 9 28
315 0 11 28
315 1 1 26
315 1 2 29
315 1 3 28
315 1 4 31
315 1 7 28
315 1 8 29
315 1 9 27
315 1 11 27
315 2 0 32
315 2 1 29
315 2 2 33
315 2 3 30
315 2 4 33
315 2 6 34
315 2 9 29
315 2 10 29
315 5 2 27
315 5 4 32
315 5 5 33
315 5 6 29
315 5 7 30
315 5 8 33
315 5 9 31
315 5 10 31
315 13 0 32
315 13 1 29
315 13 3 33
315 13 4 30
315 13 6 33
315 13 7 34
315 13 9 29
315 13 10 29
316 9 1 71
316 9 2 66
316 9 5 73
316 9 7 67
316 9 8 74
316 9 9 76
316 9 10 65
316 9 11 66
316 12 0 61
316 12 1 66
316 12 2 67
316 12 6 70
316 12 7 71
316 12 8 74
316 12 9 72
316 12 11 72
316 14 1 73
316 14 2 68
316 14 3 75
316 14 7 69
316 14 8 76
316 14 9 78
316 14 10 67
316 14 11 68
317 0 1 54
317 0 2 59
317 0 3 60
317 0 4 63
317 0 6 64
317 0 8 67
317 0 9 65
317 0 11 65
317 11 0 59
317 11 1 64
317 11 5 65
317 11 6 68
317 11 7 69
317 11 8 72
317 11 9 70
317 11 11 70
317 14 1 60
317 14 2 65
317 14 3 66
317 14 7 69
317 14 8 70
317 14 9 73
317 14 10 71
317 14 11 71
318 2 0 18
318 2 1 17
318 2 2 19
318 2 3 17
318 2 4 19
318 2 6 19
318 2 9 17
318 2 10 17
318 5 2 19
318 5 4 22
318 5 5 21
318 5 6 24
318 5 7 21
318 5 8 22
318 5 9 20
318 5 10 20
318 8 1 18
318 8 2 21
318 8 3 20
318 8 4 23
318 8 5 20
318 8 6 21
318 8 10 19
318 8 11 19
318 10 1 21
318 10 3 24
318 10 4 23
318 10 5 26
318 10 6 23
318 10 7 24
318 10 8 22
318 10 10 22
318 13 0 18
318 13 1 21
318 13 3 20
318 13 4 23
318 13 6 20
318 13 7 21
318 13 9 19
318 13 10 19
319 5 2 81
319 5 4 84
319 5 5 90
319 5 6 84
319 5 7 89
319 5 8 94
319 5 9 85
319 5 10 94
319 8 1 80
319 8 2 83
319 8 3 88
319 8 4 97
319 8 5 88
319 8 6 83
319 8 10 81
319 8 11 81
319 9 1 94
319 9 2 93
319 9 5 102
319 9 7 99
319 9 8 88
319 9 9 107
319 9 10 97
319 9 11 101
319 11 0 91
319 11 1 90
319 11 5 99
319 11 6 96
319 11 7 85
319 11 8 104
319 11 9 94
319 11 11 98
319 14 1 75
319 14 2 78
319 14 3 83
319 14 7 92
319 14 8 83
319 14 9 78
319 14 10 76
319 14 11 76
320 0 1 30
320 0 2 27
320 0 3 31
320 0 4 28
320 0 6 31
320 0 8 32
320 0 9 27
320 0 11 27
320 2 0 25
320 2 1 28
320 2 2 27
320 2 3 30
320 2 4 27
320 2 6 28
320 2 9 26
320 2 10 26
320 7 1 31
320 7 3 28
320 7 4 32
320 7 5 29
320 7 6 32
320 7 8 33
320 7 10 28
320 7 11 28
320 8 1 26
320 8 2 29
320 8 3 28
320 8 4 31
320 8 5 28
320 8 6 29
320 8 10 27
320 8 11 27
320 9 1 31
320 9 2 28
320 9 5 32
320 9 7 29
320 9 8 32
320 9 9 33
320 9 10 28
320 9 11 28
321 2 0 78
321 2 1 81
321 2 2 86
321 2 3 95
321 2 4 86
321 2 6 81
321 2 9 79
321 2 10 79
321 8 1 77
321 8 2 80
321 8 3 85
321 8 4 94
321 8 5 85
321 8 6 80
321 8 10 78
321 8 11 78
321 9 1 91
321 9 2 90
321 9 5 99
321 9 7 96
321 9 8 85
321 9 9 104
321 9 10 94
321 9 11 98
321 10 1 88
321 10 3 87
321 10 4 96
321 10 5 93
321 10 6 82
321 10 7 101
321 10 8 91
321 10 10 95
321 11 0 72
321 11 1 75
321 11 5 80
321 11 6 89
321 11 7 80
321 11 8 75
321 11 9 73
321 11 11 73
322 4 2 18
322 4 3 21
322 4 4 20
322 4 5 23
322 4 6 20
322 4 7 21
322 4 8 19
322 4 9 19
322 8 1 21
322 8 2 24
322 8 3 23
322 8 4 26
322 8 5 23
322 8 6 24
322 8 10 22
322 8 11 22
322 10 1 20
322 10 3 23
322 10 4 22
322 10 5 25
322 10 6 22
322 10 7 23
322 10 8 21
322 10 10 21
322 12 0 23
322 12 1 26
322 12 2 25
322 12 6 28
322 12 7 25
322 12 8 26
322 12 9 24
322 12 11 24
322 13 0 20
322 13 1 23
322 13 3 22
322 13 4 25
322 13 6 22
322 13 7 23
322 13 9 21
322 13 10 21
323 1 1 31
323 1 2 28
323 1 3 32
323 1 4 29
323 1 7 32
323 1 8 33
323 1 9 28
323 1 11 28
323 4 2 26
323 4 3 29
323 4 4 28
323 4 5 31
323 4 6 28
323 4 7 29
323 4 8 27
323 4 9 27
323 9 1 32
323 9 2 29
323 9 5 33
323 9 7 30
323 9 8 33
323 9 9 34
323 9 10 29
323 9 11 29
324 1 1 48
324 1 2 47
324 1 3 46
324 1 4 43
324 1 7 42
324 1 8 51
324 1 9 51
324 1 11 45
324 7 1 47
324 7 3 46
324 7 4 45
324 7 5 42
324 7 6 41
324 7 8 50
324 7 10 50
324 7 11 44
324 12 0 46
324 12 1 45
324 12 2 44
324 12 6 41
324 12 7 40
324 12 8 49
324 12 9 49
324 12 11 43
325 5 2 44
325 5 4 43
325 5 5 42
325 5 6 39
325 5 7 38
325 5 8 47
325 5 9 47
325 5 10 41
325 7 1 43
325 7 3 42
325 7 4 41
325 7 5 38
325 7 6 37
325 7 8 46
325 7 10 46
325 7 11 40
325 8 1 42
325 8 2 41
325 8 3 40
325 8 4 37
325 8 5 36
325 8 6 45
325 8 10 45
325 8 11 39
325 10 1 37
325 10 3 34
325 10 4 38
325 10 5 35
325 10 6 38
325 10 7 39
325 10 8 34
325 10 10 34
325 11 0 36
325 11 1 33
325 11 5 37
325 11 6 34
325 11 7 37
325 11 8 38
325 11 9 33
325 11 11 33
326 0 1 47
326 0 2 46
326 0 3 45
326 0 4 42
326 0 6 41
326 0 8 50
326 0 9 50
326 0 11 44
326 4 2 46
326 4 3 45
326 4 4 44
326 4 5 41
326 4 6 40
326 4 7 49
326 4 8 49
326 4 9 43
326 6 2 45
326 6 4 44
326 6 6 43
326 6 7 40
326 6 8 39
326 6 9 48
326 6 10 48
326 6 11 42
327 4 2 10
327 4 3 9
327 4 4 11
327 4 5 9
327 4 6 11
327 4 7 11
327 4 8 9
327 4 9 9
327 5 2 9
327 5 4 9
327 5 5 11
327 5 6 11
327 5 7 11
327 5 8 9
327 5 9 10
327 5 10 10
327 10 1 11
327 10 3 10
327 10 4 12
327 10 5 10
327 10 6 12
327 10 7 12
327 10 8 10
327 10 10 10
327 11 0 9
327 11 1 9
327 11 5 11
327 11 6 11
327 11 7 11
327 11 8 9
327 11 9 10
327 11 11 10
328 3 0 62
328 3 1 67
328 3 2 68
328 3 4 71
328 3 5 72
328 3 7 75
328 3 8 73
328 3 11 73
328 6 2 57
328 6 4 62
328 6 6 63
328 6 7 66
328 6 8 67
328 6 9 70
328 6 10 68
328 6 11 68
328 8 1 69
328 8 2 64
328 8 3 71
328 8 4 65
328 8 5 72
328 8 6 74
328 8 10 63
328 8 11 64
328 10 1 58
328 10 3 63
328 10 4 64
328 10 5 67
328 10 6 68
328 10 7 71
328 10 8 69
328 10 10 69
329 0 1 18
329 0 2 17
329 0 3 19
329 0 4 17
329 0 6 19
329 0 8 19
329 0 9 17
329 0 11 17
329 8 1 17
329 8 2 16
329 8 3 18
329 8 4 16
329 8 5 18
329 8 6 18
329 8 10 16
329 8 11 16
329 10 1 19
329 10 3 22
329 10 4 21
329 10 5 24
329 10 6 21
329 10 7 22
329 10 8 20
329 10 10 20
330 1 1 75
330 1 2 70
330 1 3 77
330 1 4 71
330 1 7 78
330 1 8 80
330 1 9 69
330 1 11 70
330 9 1 70
330 9 2 65
330 9 5 72
330 9 7 66
330 9 8 73
330 9 9 75
330 9 10 64
330 9 11 65
330 10 1 77
330 10 3 72
330 10 4 79
330 10 5 73
330 10 6 80
330 10 7 82
330 10 8 71
330 10 10 72
330 11 0 71
330 11 1 66
330 11 5 73
330 11 6 67
330 11 7 74
330 11 8 76
330 11 9 65
330 11 11 66
331 4 2 55
331 4 3 60
331 4 4 61
331 4 5 64
331 4 6 65
331 4 7 68
331 4 8 66
331 4 9 66
331 6 2 56
331 6 4 61
331 6 6 62
331 6 7 65
331 6 8 66
331 6 9 69
331 6 10 67
331 6 11 67
331 8 1 54
331 8 2 59
331 8 3 60
331 8 4 63
331 8 5 64
331 8 6 67
331 8 10 65
331 8 11 65
331 9 1 62
331 9 2 63
331 9 5 61
331 9 7 60
331 9 8 62
331 9 9 57
331 9 10 62
331 9 11 58
331 14 1 55
331 14 2 60
331 14 3 61
331 14 7 64
331 14 8 65
331 14 9 68
331 14 10 66
331 14 11 66
332 0 1 56
332 0 2 59
332 0 3 52
332 0 4 61
332 0 6 58
332 0 8 53
332 0 9 51
332 0 11 51
332 3 0 59
332 3 1 62
332 3 2 55
332 3 4 64
332 3 5 61
332 3 7 56
332 3 8 54
332 3 11 54
332 11 0 52
332 11 1 55
332 11 5 48
332 11 6 57
332 11 7 54
332 11 8 49
332 11 9 47
332 11 11 47
333 3 0 9
333 3 1 9
333 3 2 11
333 3 4 11
333 3 5 11
333 3 7 9
333 3 8 10
333 3 11 10
333 7 1 8
333 7 3 8
333 7 4 9
333 7 5 8
333 7 6 9
333 7 8 9
333 7 10 8
333 7 11 8
333 8 1 10
333 8 2 9
333 8 3 11
333 8 4 9
333 8 5 11
333 8 6 11
333 8 10 9
333 8 11 9
333 10 1 8
333 10 3 8
333 10 4 9
333 10 5 8
333 10 6 9
333 10 7 9
333 10 8 8
333 10 10 8
334 0 1 52
334 0 2 55
334 0 3 48
334 0 4 57
334 0 6 54
334 0 8 49
334 0 9 47
334 0 11 47
334 4 2 55
334 4 3 58
334 4 4 51
334 4 5 60
334 4 6 57
334 4 7 52
334 4 8 50
334 4 9 50
334 8 1 49
334 8 2 48
334 8 3 47
334 8 4 44
334 8 5 43
334 8 6 52
334 8 10 52
334 8 11 46
335 0 1 55
335 0 2 58
335 0 3 51
335 0 4 60
335 0 6 57
335 0 8 52
335 0 9 50
335 0 11 50
335 4 2 58
335 4 3 61
335 4 4 54
335 4 5 63
335 4 6 60
335 4 7 55
335 4 8 53
335 4 9 53
335 9 1 51
335 9 2 54
335 9 5 47
335 9 7 56
335 9 8 53
335 9 9 48
335 9 10 46
335 9 11 46
336 10 1 55
336 10 3 60
336 10 4 61
336 10 5 64
336 10 6 65
336 10 7 68
336 10 8 66
336 10 10 66
336 11 0 60
336 11 1 65
336 11 5 66
336 11 6 69
336 11 7 70
336 11 8 73
336 11 9 71
336 11 11 71
336 12 0 61
336 12 1 66
336 12 2 67
336 12 6 70
336 12 7 71
336 12 8 74
336 12 9 72
336 12 11 72
337 0 1 78
337 0 2 81
337 0 3 86
337 0 4 95
337 0 6 86
337 0 8 81
337 0 9 79
337 0 11 79
337 2 0 77
337 2 1 80
337 2 2 85
337 2 3 94
337 2 4 85
337 2 6 80
337 2 9 78
337 2 10 78
337 6 2 91
337 6 4 90
337 6 6 99
337 6 7 96
337 6 8 85
337 6 9 104
337 6 10 94
337 6 11 98
337 10 1 88
337 10 3 87
337 10 4 96
337 10 5 93
337 10 6 82
337 10 7 101
337 10 8 91
337 10 10 95
337 14 1 72
337 14 2 75
337 14 3 80
337 14 7 89
337 14 8 80
337 14 9 75
337 14 10 73
337 14 11 73
338 4 2 54
338 4 3 57
338 4 4 50
338 4 5 59
338 4 6 56
338 4 7 51
338 4 8 49
338 4 9 49
338 8 1 57
338 8 2 60
338 8 3 53
338 8 4 62
338 8 5 59
338 8 6 54
338 8 10 52
338 8 11 52
338 13 0 48
338 13 1 47
338 13 3 50
338 13 4 53
338 13 6 48
338 13 7 49
338 13 9 50
338 13 10 52
338 14 1 59
338 14 2 62
338 14 3 55
338 14 7 64
338 14 8 61
338 14 9 56
338 14 10 54
338 14 11 54
339 8 1 55
339 8 2 60
339 8 3 61
339 8 4 64
339 8 5 65
339 8 6 68
339 8 10 66
339 8 11 66
339 10 1 56
339 10 3 61
339 10 4 62
339 10 5 65
339 10 6 66
339 10 7 69
339 10 8 67
339 10 10 67
339 13 0 54
339 13 1 59
339 13 3 60
339 13 4 63
339 13 6 64
339 13 7 67
339 13 9 65
339 13 10 65
340 2 0 55
340 2 1 60
340 2 2 61
340 2 3 64
340 2 4 65
340 2 6 68
340 2 9 66
340 2 10 66
340 3 0 60
340 3 1 65
340 3 2 66
340 3 4 69
340 3 5 70
340 3 7 73
340 3 8 71
340 3 11 71
340 4 2 61
340 4 3 66
340 4 4 67
340 4 5 70
340 4 6 71
340 4 7 74
340 4 8 72
340 4 9 72
341 0 1 72
341 0 2 67
341 0 3 74
341 0 4 68
341 0 6 75
341 0 8 77
341 0 9 66
341 0 11 67
341 4 2 62
341 4 3 67
341 4 4 68
341 4 5 71
341 4 6 72
341 4 7 75
341 4 8 73
341 4 9 73
341 8 1 74
341 8 2 69
341 8 3 76
341 8 4 70
341 8 5 77
341 8 6 79
341 8 10 68
341 8 11 69
341 14 1 69
341 14 2 63
341 14 3 77
341 14 7 74
341 14 8 68
341 14 9 72
341 14 10 67
341 14 11 76
342 4 2 80
342 4 3 83
342 4 4 88
342 4 5 97
342 4 6 88
342 4 7 83
342 4 8 81
342 4 9 81
342 6 2 79
342 6 4 82
342 6 6 87
342 6 7 96
342 6 8 87
342 6 9 82
342 6 10 80
342 6 11 80
342 12 0 93
342 12 1 92
342 12 2 101
342 12 6 98
342 12 7 87
342 12 8 106
342 12 9 96
342 12 11 100
343 1 1 62
343 1 2 67
343 1 3 68
343 1 4 71
343 1 7 72
343 1 8 75
343 1 9 73
343 1 11 73
343 10 1 56
343 10 3 61
343 10 4 62
343 10 5 65
343 10 6 66
343 10 7 69
343 10 8 67
343 10 10 67
343 14 1 75
343 14 2 70
343 14 3 77
343 14 7 71
343 14 8 78
343 14 9 80
343 14 10 69
343 14 11 70
344 6 2 54
344 6 4 59
344 6 6 60
344 6 7 63
344 6 8 64
344 6 9 67
344 6 10 65
344 6 11 65
344 9 1 59
344 9 2 64
344 9 5 65
344 9 7 68
344 9 8 69
344 9 9 72
344 9 10 70
344 9 11 70
344 13 0 60
344 13 1 65
344 13 3 66
344 13 4 69
344 13 6 70
344 13 7 73
344 13 9 71
344 13 10 71
345 2 0 23
345 2 1 26
345 2 2 25
345 2 3 28
345 2 4 25
345 2 6 26
345 2 9 24
345 2 10 24
345 4 2 26
345 4 3 29
345 4 4 28
345 4 5 31
345 4 6 28
345 4 7 29
345 4 8 27
345 4 9 27
345 9 1 25
345 9 2 28
345 9 5 27
345 9 7 30
345 9 8 27
345 9 9 28
345 9 10 26
345 9 11 26
345 10 1 30
345 10 3 27
345 10 4 31
345 10 5 28
345 10 6 31
345 10 7 32
345 10 8 27
345 10 10 27
345 12 0 25
345 12 1 28
345 12 2 27
345 12 6 30
345 12 7 27
345 12 8 28
345 12 9 26
345 12 11 26
346 0 1 55
346 0 2 60
346 0 3 61
346 0 4 64
346 0 6 65
346 0 8 68
346 0 9 66
346 0 11 66
346 2 0 60
346 2 1 65
346 2 2 66
346 2 3 69
346 2 4 70
346 2 6 73
346 2 9 71
346 2 10 71
346 4 2 61
346 4 3 66
346 4 4 67
346 4 5 70
346 4 6 71
346 4 7 74
346 4 8 72
346 4 9 72
346 10 1 69
346 10 3 64
346 10 4 71
346 10 5 65
346 10 6 72
346 10 7 74
346 10 8 63
346 10 10 64
346 12 0 70
346 12 1 65
346 12 2 72
346 12 6 66
346 12 7 73
346 12 8 75
346 12 9 64
346 12 11 65
347 0 1 50
347 0 2 49
347 0 3 48
347 0 4 45
347 0 6 44
347 0 8 53
347 0 9 53
347 0 11 47
347 6 2 49
347 6 4 48
347 6 6 47
347 6 7 44
347 6 8 43
347 6 9 52
347 6 10 52
347 6 11 46
347 9 1 48
347 9 2 47
347 9 5 46
347 9 7 43
347 9 8 42
347 9 9 51
347 9 10 51
347 9 11 45
347 11 0 45
347 11 1 44
347 11 5 43
347 11 6 40
347 11 7 39
347 11 8 48
347 11 9 48
347 11 11 42
347 14 1 44
347 14 2 43
347 14 3 42
347 14 7 39
347 14 8 38
347 14 9 47
347 14 10 47
347 14 11 41
348 1 1 74
348 1 2 69
348 1 3 76
348 1 4 70
348 1 7 77
348 1 8 79
348 1 9 68
348 1 11 69
348 6 2 77
348 6 4 72
348 6 6 79
348 6 7 73
348 6 8 80
348 6 9 82
348 6 10 71
348 6 11 72
348 7 1 75
348 7 3 78
348 7 4 83
348 7 5 92
348 7 6 83
348 7 8 78
348 7 10 76
348 7 11 76
348 14 1 89
348 14 2 88
348 14 3 97
348 14 7 94
348 14 8 83
348 14 9 102
348 14 10 92
348 14 11 96
349 0 1 32
349 0 2 29
349 0 3 33
349 0 4 30
349 0 6 33
349 0 8 34
349 0 9 29
349 0 11 29
349 5 2 27
349 5 4 32
349 5 5 33
349 5 6 29
349 5 7 30
349 5 8 33
349 5 9 31
349 5 10 31
349 6 2 33
349 6 4 30
349 6 6 34
349 6 7 31
349 6 8 34
349 6 9 35
349 6 10 30
349 6 11 30
349 8 1 30
349 8 2 27
349 8 3 31
349 8 4 28
349 8 5 31
349 8 6 32
349 8 10 27
349 8 11 27
349 14 1 33
349 14 2 30
349 14 3 34
349 14 7 31
349 14 8 34
349 14 9 35
349 14 10 30
349 14 11 30
350 0 1 81
350 0 2 84
350 0 3 90
350 0 4 84
350 0 6 89
350 0 8 94
350 0 9 85
350 0 11 94
350 9 1 80
350 9 2 83
350 9 5 88
350 9 7 97
350 9 8 88
350 9 9 83
350 9 10 81
350 9 11 81
350 11 0 94
350 11 1 93
350 11 5 102
350 11 6 99
350 11 7 88
350 11 8 107
350 11 9 97
350 11 11 101
350 12 0 91
350 12 1 90
350 12 2 99
350 12 6 96
350 12 7 85
350 12 8 104
350 12 9 94
350 12 11 98
351 4 2 23
351 4 3 26
351 4 4 25
351 4 5 28
351 4 6 25
351 4 7 26
351 4 8 24
351 4 9 24
351 10 1 26
351 10 3 29
351 10 4 28
351 10 5 31
351 10 6 28
351 10 7 29
351 10 8 27
351 10 10 27
351 13 0 25
351 13 1 28
351 13 3 27
351 13 4 30
351 13 6 27
351 13 7 28
351 13 9 26
351 13 10 26
352 4 2 53
352 4 3 56
352 4 4 49
352 4 5 58
352 4 6 55
352 4 7 50
352 4 8 48
352 4 9 48
352 6 2 56
352 6 4 59
352 6 6 52
352 6 7 61
352 6 8 58
352 6 9 53
352 6 10 51
352 6 11 51
352 9 1 50
352 9 2 49
352 9 5 48
352 9 7 45
352 9 8 44
352 9 9 53
352 9 10 53
352 9 11 47
352 10 1 58
352 10 3 61
352 10 4 54
352 10 5 63
352 10 6 60
352 10 7 55
352 10 8 53
352 10 10 53
352 13 0 55
352 13 1 58
352 13 3 51
352 13 4 60
352 13 6 57
352 13 7 52
352 13 9 50
352 13 10 50
353 0 1 56
353 0 2 59
353 0 3 52
353 0 4 61
353 0 6 58
353 0 8 53
353 0 9 51
353 0 11 51
353 3 0 54
353 3 1 59
353 3 2 60
353 3 4 63
353 3 5 64
353 3 7 67
353 3 8 65
353 3 11 65
353 4 2 55
353 4 3 60
353 4 4 61
353 4 5 64
353 4 6 65
353 4 7 68
353 4 8 66
353 4 9 66
353 6 2 58
353 6 4 63
353 6 6 64
353 6 7 67
353 6 8 68
353 6 9 71
353 6 10 69
353 6 11 69
353 7 1 59
353 7 3 64
353 7 4 65
353 7 5 68
353 7 6 69
353 7 8 72
353 7 10 70
353 7 11 70
354 0 1 55
354 0 2 58
354 0 3 51
354 0 4 60
354 0 6 57
354 0 8 52
354 0 9 50
354 0 11 50
354 1 1 62
354 1 2 63
354 1 3 61
354 1 4 60
354 1 7 62
354 1 8 57
354 1 9 62
354 1 11 58
354 5 2 54
354 5 4 59
354 5 5 60
354 5 6 63
354 5 7 64
354 5 8 67
354 5 9 65
354 5 10 65
354 6 2 57
354 6 4 62
354 6 6 63
354 6 7 66
354 6 8 67
354 6 9 70
354 6 10 68
354 6 11 68
354 14 1 58
354 14 2 63
354 14 3 64
354 14 7 67
354 14 8 68
354 14 9 71
354 14 10 69
354 14 11 69
355 8 1 54
355 8 2 57
355 8 3 50
355 8 4 59
355 8 5 56
355 8 6 51
355 8 10 49
355 8 11 49
355 10 1 59
355 10 3 62
355 10 4 55
355 10 5 64
355 10 6 61
355 10 7 56
355 10 8 54
355 10 10 54
355 13 0 62
355 13 1 63
355 13 3 61
355 13 4 60
355 13 6 62
355 13 7 57
355 13 9 62
355 13 10 58
356 2 0 43
356 2 1 42
356 2 2 41
356 2 3 38
356 2 4 37
356 2 6 46
356 2 9 46
356 2 10 40
356 3 0 42
356 3 1 41
356 3 2 40
356 3 4 37
356 3 5 36
356 3 7 45
356 3 8 45
356 3 11 39
356 9 1 36
356 9 2 39
356 9 5 44
356 9 7 44
356 9 8 44
356 9 9 39
356 9 10 37
356 9 11 37
356 12 0 36
356 12 1 33
356 12 2 37
356 12 6 34
356 12 7 37
356 12 8 38
356 12 9 33
356 12 11 33
357 3 0 55
357 3 1 60
357 3 2 61
357 3 4 64
357 3 5 65
357 3 7 68
357 3 8 66
357 3 11 66
357 5 2 60
357 5 4 65
357 5 5 66
357 5 6 69
357 5 7 70
357 5 8 73
357 5 9 71
357 5 10 71
357 8 1 61
357 8 2 66
357 8 3 67
357 8 4 70
357 8 5 71
357 8 6 74
357 8 10 72
357 8 11 72
357 12 0 69
357 12 1 64
357 12 2 71
357 12 6 65
357 12 7 72
357 12 8 74
357 12 9 63
357 12 11 64
358 1 1 79
358 1 2 82
358 1 3 87
358 1 4 96
358 1 7 87
358 1 8 82
358 1 9 80
358 1 11 80
358 4 2 78
358 4 3 81
358 4 4 86
358 4 5 95
358 4 6 86
358 4 7 81
358 4 8 79
358 4 9 79
358 6 2 92
358 6 4 91
358 6 6 100
358 6 7 97
358 6 8 86
358 6 9 105
358 6 10 95
358 6 11 99
358 8 1 89
358 8 2 88
358 8 3 97
358 8 4 94
358 8 5 83
358 8 6 102
358 8 10 92
358 8 11 96
358 13 0 73
358 13 1 76
358 13 3 81
358 13 4 90
358 13 6 81
358 13 7 76
358 13 9 74
358 13 10 74
359 1 1 76
359 1 2 71
359 1 3 78
359 1 4 72
359 1 7 79
359 1 8 81
359 1 9 70
359 1 11 71
359 8 1 72
359 8 2 75
359 8 3 80
359 8 4 89
359 8 5 80
359 8 6 75
359 8 10 73
359 8 11 73
359 10 1 77
359 10 3 80
359 10 4 85
359 10 5 94
359 10 6 85
359 10 7 80
359 10 8 78
359 10 10 78
359 11 0 91
359 11 1 90
359 11 5 99
359 11 6 96
359 11 7 85
359 11 8 104
359 11 9 94
359 11 11 98
359 12 0 77
359 12 1 80
359 12 2 85
359 12 6 94
359 12 7 85
359 12 8 80
359 12 9 78
359 12 11 78
360 1 1 35
360 1 2 32
360 1 3 36
360 1 4 33
360 1 7 36
360 1 8 37
360 1 9 32
360 1 11 32
360 4 2 38
360 4 3 35
360 4 4 39
360 4 5 36
360 4 6 39
360 4 7 40
360 4 8 35
360 4 9 35
360 5 2 45
360 5 4 44
360 5 5 43
360 5 6 40
360 5 7 39
360 5 8 48
360 5 9 48
360 5 10 42
360 7 1 45
360 7 3 44
360 7 4 43
360 7 5 40
360 7 6 39
360 7 8 48
360 7 10 48
360 7 11 42
360 8 1 45
360 8 2 44
360 8 3 43
360 8 4 40
360 8 5 39
360 8 6 48
360 8 10 48
360 8 11 42
361 0 1 78
361 0 2 81
361 0 3 86
361 0 4 95
361 0 6 86
361 0 8 81
361 0 9 79
361 0 11 79
361 5 2 77
361 5 4 80
361 5 5 85
361 5 6 94
361 5 7 85
361 5 8 80
361 5 9 78
361 5 10 78
361 7 1 91
361 7 3 90
361 7 4 99
361 7 5 96
361 7 6 85
361 7 8 104
361 7 10 94
361 7 11 98
361 10 1 88
361 10 3 87
361 10 4 96
361 10 5 93
361 10 6 82
361 10 7 101
361 10 8 91
361 10 10 95
361 13 0 72
361 13 1 75
361 13 3 80
361 13 4 89
361 13 6 80
361 13 7 75
361 13 9 73
361 13 10 73
362 2 0 45
362 2 1 44
362 2 2 43
362 2 3 40
362 2 4 39
362 2 6 48
362 2 9 48
362 2 10 42
362 3 0 44
362 3 1 43
362 3 2 42
362 3 4 39
362 3 5 38
362 3 7 47
362 3 8 47
362 3 11 41
362 4 2 43
362 4 3 42
362 4 4 41
362 4 5 38
362 4 6 37
362 4 7 46
362 4 8 46
362 4 9 40
363 7 1 53
363 7 3 56
363 7 4 49
363 7 5 58
363 7 6 55
363 7 8 50
363 7 10 48
363 7 11 48
363 9 1 56
363 9 2 59
363 9 5 52
363 9 7 61
363 9 8 58
363 9 9 53
363 9 10 51
363 9 11 51
363 11 0 50
363 11 1 49
363 11 5 48
363 11 6 45
363 11 7 44
363 11 8 53
363 11 9 53
363 11 11 47
363 12 0 58
363 12 1 61
363 12 2 54
363 12 6 63
363 12 7 60
363 12 8 55
363 12 9 53
363 12 11 53
364 7 1 55
364 7 3 58
364 7 4 51
364 7 5 60
364 7 6 57
364 7 8 52
364 7 10 50
364 7 11 50
364 9 1 62
364 9 2 63
364 9 5 61
364 9 7 60
364 9 8 62
364 9 9 57
364 9 10 62
364 9 11 58
364 11 0 54
364 11 1 59
364 11 5 60
364 11 6 63
364 11 7 64
364 11 8 67
364 11 9 65
364 11 11 65
365 0 1 59
365 0 2 62
365 0 3 55
365 0 4 64
365 0 6 61
365 0 8 56
365 0 9 54
365 0 11 54
365 2 0 57
365 2 1 62
365 2 2 63
365 2 3 66
365 2 4 67
365 2 6 70
365 2 9 68
365 2 10 68
365 5 2 58
365 5 4 63
365 5 5 64
365 5 6 67
365 5 7 68
365 5 8 71
365 5 9 69
365 5 10 69
365 12 0 61
365 12 1 66
365 12 2 67
365 12 6 70
365 12 7 71
365 12 8 74
365 12 9 72
365 12 11 72
366 7 1 69
366 7 3 63
366 7 4 77
366 7 5 74
366 7 6 68
366 7 8 72
366 7 10 67
366 7 11 76
366 8 1 58
366 8 2 63
366 8 3 64
366 8 4 67
366 8 5 68
366 8 6 71
366 8 10 69
366 8 11 69
366 10 1 70
366 10 3 65
366 10 4 72
366 10 5 66
366 10 6 73
366 10 7 75
366 10 8 64
366 10 10 65
366 12 0 59
366 12 1 64
366 12 2 65
366 12 6 68
366 12 7 69
366 12 8 72
366 12 9 70
366 12 11 70
366 14 1 71
366 14 2 66
366 14 3 73
366 14 7 67
366 14 8 74
366 14 9 76
366 14 10 65
366 14 11 66
367 4 2 72
367 4 3 67
367 4 4 74
367 4 5 68
367 4 6 75
367 4 7 77
367 4 8 66
367 4 9 67
367 7 1 75
367 7 3 70
367 7 4 77
367 7 5 71
367 7 6 78
367 7 8 80
367 7 10 69
367 7 11 70
367 10 1 73
367 10 3 76
367 10 4 81
367 10 5 90
367 10 6 81
367 10 7 76
367 10 8 74
367 10 10 74
367 12 0 87
367 12 1 86
367 12 2 95
367 12 6 92
367 12 7 81
367 12 8 100
367 12 9 90
367 12 11 94
368 2 0 70
368 2 1 65
368 2 2 72
368 2 3 66
368 2 4 73
368 2 6 75
368 2 9 64
368 2 10 65
368 3 0 73
368 3 1 68
368 3 2 75
368 3 4 69
368 3 5 76
368 3 7 78
368 3 8 67
368 3 11 68
368 14 1 76
368 14 2 74
368 14 3 75
368 14 7 74
368 14 8 84
368 14 9 87
368 14 10 84
368 14 11 75
369 2 0 14
369 2 1 13
369 2 2 15
369 2 3 13
369 2 4 15
369 2 6 15
369 2 9 13
369 2 10 13
369 4 2 13
369 4 3 12
369 4 4 14
369 4 5 12
369 4 6 14
369 4 7 14
369 4 8 12
369 4 9 12
369 7 1 15
369 7 3 14
369 7 4 16
369 7 5 14
369 7 6 16
369 7 8 16
369 7 10 14
369 7 11 14
369 8 1 13
369 8 2 12
369 8 3 14
369 8 4 12
369 8 5 14
369 8 6 14
369 8 10 12
369 8 11 12
369 11 0 15
369 11 1 14
369 11 5 16
369 11 6 14
369 11 7 16
369 11 8 16
369 11 9 14
369 11 11 14
370 0 1 58
370 0 2 61
370 0 3 54
370 0 4 63
370 0 6 60
370 0 8 55
370 0 9 53
370 0 11 53
370 1 1 54
370 1 2 59
370 1 3 60
370 1 4 63
370 1 7 64
370 1 8 67
370 1 9 65
370 1 11 65
370 9 1 54
370 9 2 57
370 9 5 50
370 9 7 59
370 9 8 56
370 9 9 51
370 9 10 49
370 9 11 49
370 10 1 56
370 10 3 61
370 10 4 62
370 10 5 65
370 10 6 66
370 10 7 69
370 10 8 67
370 10 10 67
371 1 1 51
371 1 2 54
371 1 3 47
371 1 4 56
371 1 7 53
371 1 8 48
371 1 9 46
371 1 11 46
371 2 0 54
371 2 1 57
371 2 2 50
371 2 3 59
371 2 4 56
371 2 6 51
371 2 9 49
371 2 10 49
371 3 0 48
371 3 1 47
371 3 2 46
371 3 4 43
371 3 5 42
371 3 7 51
371 3 8 51
371 3 11 45
372 1 1 14
372 1 2 13
372 1 3 15
372 1 4 13
372 1 7 15
372 1 8 15
372 1 9 13
372 1 11 13
372 2 0 13
372 2 1 12
372 2 2 14
372 2 3 12
372 2 4 14
372 2 6 14
372 2 9 12
372 2 10 12
372 5 2 15
372 5 4 14
372 5 5 16
372 5 6 14
372 5 7 16
372 5 8 16
372 5 9 14
372 5 10 14
372 11 0 13
372 11 1 12
372 11 5 14
372 11 6 12
372 11 7 14
372 11 8 14
372 11 9 12
372 11 11 12
372 12 0 15
372 12 1 14
372 12 2 16
372 12 6 14
372 12 7 16
372 12 8 16
372 12 9 14
372 12 11 14
