Jobs:
0 1 2 3 4 5 6 7 8 9 10 11 12 13 14 15 16 17 18 19 20 21 22 23 24 25 26 27 28 29
Machines:
0 1 2 3 4 5 6 7 8 9 10 11 12 13 14
Workers:
0 1 2 3 4 5 6 7 8 9 10 11
Operations per job:
0 1 2 3 4 5 6 7 8 9
10 11 12 13 14 15 16 17 18 19 20 21 22 23
24 25 26 27 28 29 30 31 32 33 34 35
36 37 38 39 40 41 42 43 44 45 46
47 48 49 50 51 52 53 54 55 56 57 58
59 60 61 62 63 64 65 66 67 68 69 70 71 72
73 74 75 76 77 78 79 80 81 82 83 84 85
86 87 88 89 90 91 92 93 94 95
96 97 98 99 100 101 102 103 104 105 106
107 108 109 110 111 112 113 114 115 116 117 118 119 120
121 122 123 124 125 126 127 128 129 130 131 132
133 134 135 136 137 138 139 140 141 142 143 144
145 146 147 148 149 150 151 152 153 154 155 156 157
158 159 160 161 162 163 164 165 166 167 168 169 170 171
172 173 174 175 176 177 178 179 180 181 182 183
184 185 186 187 188 189 190 191 192 193 194 195 196 197
198 199 200 201 202 203 204 205 206 207 208 209 210 211 212
213 214 215 216 217 218 219 220 221 222
223 224 225 226 227 228 229 230 231 232 233 234 235 236 237
238 239 240 241 242 243 244 245 246 247 248 249
250 251 252 253 254 255 256 257 258 259
260 261 262 263 264 265 266 267 268 269
270 271 272 273 274 275 276 277 278 279
280 281 282 283 284 285 286 287 288 289 290
291 292 293 294 295 296 297 298 299 300 301 302 303
304 305 306 307 308 309 310 311 312 313 314 315 316 317
318 319 320 321 322 323 324 325 326 327 328 329
330 331 332 333 334 335 336 337 338 339 340
341 342 343 344 345 346 347 348 349 350
351 352 353 354 355 356 357 358 359 360 361 362 363 364
Predecessors per operation:

0
1
2
3
4
5
6
7
8

10
11
12
13
14
15
16
17
18
19
20
21
22

24
25
26
27
28
29
30
31
32
33
34

36
37
38
39
40
41
42
43
44
45

47
48
49
50
51
52
53
54
55
56
57

59
60
61
62
63
64
65
66
67
68
69
70
71

73
74
75
76
77
78
79
80
81
82
83
84

86
87
88
89
90
91
92
93
94

96
97
98
99
100
101
102
103
104
105

107
108
109
110
111
112
113
114
115
116
117
118
119

121
122
123
124
125
126
127
128
129
130
131

133
134
135
136
137
138
139
140
141
142
143

145
146
147
148
149
150
151
152
153
154
155
156

158
159
160
161
162
163
164
165
166
167
168
169
170

172
173
174
175
176
177
178
179
180
181
182

184
185
186
187
188
189
190
191
192
193
194
195
196

198
199
200
201
202
203
204
205
206
207
208
209
210
211

213
214
215
216
217
218
219
220
221

223
224
225
226
227
228
229
230
231
232
233
234
235
236

238
239
240
241
242
243
244
245
246
247
248

250
251
252
253
254
255
256
257
258

260
261
262
263
264
265
266
267
268

270
271
272
273
274
275
276
277
278

280
281
282
283
284
285
286
287
288
289

291
292
293
294
295
296
297
298
299
300
301
302

304
305
306
307
308
309
310
311
312
313
314
315
316

318
319
320
321
322
323
324
325
326
327
328

330
331
332
333
334
335
336
337
338
339

341
342
343
344
345
346
347
348
349

351
352
353
354
355
356
357
358
359
360
361
362
363
Successors per operation:
1
2
3
4
5
6
7
8
9

11
12
13
14
15
16
17
18
19
20
21
22
23

25
26
27
28
29
30
31
32
33
34
35

37
38
39
40
41
42
43
44
45
46

48
49
50
51
52
53
54
55
56
57
58

60
61
62
63
64
65
66
67
68
69
70
71
72

74
75
76
77
78
79
80
81
82
83
84
85

87
88
89
90
91
92
93
94
95

97
98
99
100
101
102
103
104
105
106

108
109
110
111
112
113
114
115
116
117
118
119
120

122
123
124
125
126
127
128
129
130
131
132

134
135
136
137
138
139
140
141
142
143
144

146
147
148
149
150
151
152
153
154
155
156
157

159
160
161
162
163
164
165
166
167
168
169
170
171

173
174
175
176
177
178
179
180
181
182
183

185
186
187
188
189
190
191
192
193
194
195
196
197

199
200
201
202
203
204
205
206
207
208
209
210
211
212

214
215
216
217
218
219
220
221
222

224
225
226
227
228
229
230
231
232
233
234
235
236
237

239
240
241
242
243
244
245
246
247
248
249

251
252
253
254
255
256
257
258
259

261
262
263
264
265
266
267
268
269

271
272
273
274
275
276
277
278
279

281
282
283
284
285
286
287
288
289
290

292
293
294
295
296
297
298
299
300
301
302
303

305
306
307
308
309
310
311
312
313
314
315
316
317

319
320
321
322
323
324
325
326
327
328
329

331
332
333
334
335
336
337
338
339
340

342
343
344
345
346
347
348
349
350

352
353
354
355
356
357
358
359
360
361
362
363
364

Machines per operation:
3 7 11
4 5 6 10
5 6 7 10 11
4 6 7 14
3 5 6 8 9
5 6 7 13
1 9 10
2 13 14
4 8 10 11
5 7 11 12
0 1 2 6 11
1 4 5 10 14
4 9 10
1 8 9 11
6 8 10 12 14
0 1 7 8
0 5 8 10 12
0 5 13
4 5 8 9 10
2 3 4 11 12
10 12 13
1 6 12
5 7 12
6 10 11 14
0 3 7
6 8 10 14
0 3 8 13 14
4 6 7 12
0 3 12
2 10 11 13
0 2 4 6 12
3 9 12 13 14
2 6 7 14
1 3 6 11
0 4 7 11
4 5 7 8 12
0 1 5 11 14
0 5 10 12 13
3 4 7 8 9
2 4 5 10 11
4 5 8 10 12
5 10 13
1 3 6 13 14
1 5 8 10
8 9 10
1 2 4 11 14
1 10 12 13
6 10 12
0 3 6 11 12
6 8 9 11 14
3 6 7 10
1 2 6 12 14
0 4 7 14
5 10 12 14
0 1 5 9
1 3 9
3 8 14
3 5 10 12
6 9 11 13
0 5 7 8 11
3 7 8 13
3 5 6 12 13
7 10 11
0 3 4 9 13
3 4 10 13
0 3 12
1 2 3 5 12
0 10 11
2 6 13
0 2 4 9 10
3 5 8 10
5 6 7 8
6 13 14
1 4 9 13
3 8 9 11
0 2 3 6 9
2 4 5 7 9
4 11 12
2 8 9
3 5 6 8 10
2 8 9 14
6 7 10
0 3 9 11 12
3 11 12 13 14
1 4 11 14
1 6 7 8
0 1 2 13
2 4 7 9 14
1 3 5 8 9
1 2 10 11 12
1 4 11
2 9 11
0 7 12
3 4 8 10 14
3 5 8 10
2 13 14
0 4 6 14
2 8 9 11
3 7 13
2 3 6 12
1 5 7
1 2 6 8
4 6 8 9 10
2 9 10
0 1 3 10 13
7 8 11
1 4 7 10
3 13 14
2 6 10 13 14
0 2 9
8 10 12
2 8 11
2 7 12 13
0 2 4 5 10
0 1 5 7 13
3 4 5
2 4 6 8
7 12 14
0 2 6 7 11
2 5 7 11 12
7 12 14
1 4 8 14
5 10 13
5 9 11
4 5 6 7
3 4 8 10
2 7 12
1 6 14
5 13 14
2 3 5 6 9
4 5 8 9 12
4 5 7 11 13
0 1 5 9
4 5 11 12
1 2 6
3 5 7 8
0 4 8
2 3 5 7 11
5 10 12
1 2 3 6 9
2 6 12 13
2 12 13
0 6 9 12
4 6 9
2 11 14
2 12 13 14
4 5 6 13 14
11 13 14
0 6 10 11 12
7 8 11
9 10 13
6 10 14
6 9 14
0 2 3 8 12
4 7 8 12
2 3 9 12
2 4 13 14
7 11 13
3 5 6 13 14
4 5 6 7
1 2 5 11 14
2 3 7 9 14
5 6 10 12
0 13 14
2 4 7 8 10
3 4 6 11 12
4 9 11
0 1 4 7 8
1 2 3 6
2 9 13
0 2 12 13
0 1 8 11 14
3 5 8 11
3 4 6
3 9 10
0 1 5 6 8
2 8 9 12
1 4 5 9
2 3 9
2 8 12 14
9 10 11 13
2 3 5 9 10
0 7 9 12 13
1 8 10 11 13
5 8 11 13 14
0 5 6 13 14
1 4 8 9
0 2 8
5 6 7 10 11
3 8 11 14
0 3 4 7 12
0 3 7 10
5 6 7 12
1 4 8
2 9 14
0 1 11 13
0 1 3 9 12
4 9 10 11
8 9 12
2 8 9
3 5 12 14
0 1 2 6 8
2 3 4 12
2 10 11 14
3 5 9 11 13
1 2 9 12
1 7 9
0 4 6 13 14
5 7 8 11 14
1 2 5 13
1 11 12 13 14
1 8 9 12
3 8 10 13
0 2 3 6 12
0 1 4 9 12
0 10 11 14
2 5 7 8
2 9 11
0 2 6 8
1 4 5
3 6 12 14
7 11 14
0 3 7 11 12
3 9 12
5 7 12
1 10 13
0 2 8
4 11 13
5 7 14
3 8 9 10 13
3 10 12
1 3 4 7 11
3 4 6 9 14
1 9 12
4 6 8 10 13
1 5 9 10 13
1 11 12
0 5 8
2 5 8 13
4 5 10 14
0 1 7 8 12
2 12 13
2 10 12
3 6 8 12
2 5 8 11 12
2 6 11
3 6 9 12 13
3 7 11 12
0 1 5 8
1 4 9 13 14
3 6 12 13
1 2 11
0 8 12 13
0 1 2 11 12
0 5 6 12
0 2 4 12
3 5 6 10 11
5 8 9
1 2 5 6 13
1 4 11
3 9 11
3 6 11
0 1 6 13
0 3 5 6 9
0 3 5
0 1 6
1 3 4 11 13
3 4 11
4 5 11 13
2 5 6 11 12
0 4 11
6 7 12
5 7 14
1 5 9
2 3 5 12
2 3 5 11
5 7 9 10 13
9 11 12 13
5 6 7 12 14
2 10 13
0 2 3 4 6
4 6 7 8 12
5 7 12
6 12 13 14
4 5 6 11
2 4 5 7 14
0 5 11
3 4 14
6 9 10 12
1 2 4 11 14
2 6 10
2 4 7 12
2 5 9 11 13
2 8 12 14
4 7 9
8 9 10
1 2 4 13
0 6 8
7 8 13 14
0 9 11 14
2 3 9 11
0 1 8
0 1 3 4
2 8 11
0 4 13
1 10 13
2 4 5 10 14
5 6 9 13
0 1 5
1 4 8
5 9 10 13 14
0 6 10 14
1 4 10 13
8 9 11
0 2 4 8 14
7 9 10
1 3 4 8
2 7 9 12 13
3 5 13
0 5 8 14
7 8 9 12
1 2 5 6 10
0 4 12
0 2 6 8 13
1 5 7 11
1 4 9 13 14
0 4 10 11 14
4 12 13
3 5 6 10 14
3 13 14
4 6 7 8 14
2 5 10 12
4 8 12 13
2 4 8
0 4 6 9 12
9 11 13
0 4 5 13
0 9 10 13
0 5 10 12
0 2 3 10
3 7 9 13
0 1 3 11 13
0 1 8
1 5 8
1 7 10 12 13
0 7 11
0 3 13
12 13 14
0 3 10
2 4 6 9 12
1 5 10
3 5 6 7 14
0 10 12 13
2 7 8 14
2 4 7 9
3 4 5 6 9
0 12 13
1 5 8 10 12
0 1 6 9
2 5 6 7 12
1 3 5 11 14
7 8 13
7 8 10 12 13
1 5 6 9 12
8 9 12
Processing times (o m w p):
0 3 0 85
0 3 1 83
0 3 2 78
0 3 5 83
0 3 8 76
0 3 9 80
0 3 10 83
0 3 11 86
0 7 0 83
0 7 1 81
0 7 2 76
0 7 3 81
0 7 4 74
0 7 8 78
0 7 9 81
0 7 10 84
0 11 0 78
0 11 3 76
0 11 4 71
0 11 6 76
0 11 7 69
0 11 8 73
0 11 10 76
0 11 11 79
1 4 1 21
1 4 2 25
1 4 3 23
1 4 5 22
1 4 6 23
1 4 7 25
1 4 10 24
1 4 11 21
1 5 0 25
1 5 2 29
1 5 3 27
1 5 4 26
1 5 7 27
1 5 9 29
1 5 10 28
1 5 11 25
1 6 1 23
1 6 2 27
1 6 3 25
1 6 5 24
1 6 6 25
1 6 7 27
1 6 9 26
1 6 10 23
1 10 0 22
1 10 2 26
1 10 3 24
1 10 4 23
1 10 6 24
1 10 7 26
1 10 8 25
1 10 10 22
2 5 0 48
2 5 2 42
2 5 3 46
2 5 4 45
2 5 7 40
2 5 9 44
2 5 10 41
2 5 11 46
2 6 1 52
2 6 2 46
2 6 3 50
2 6 5 49
2 6 6 44
2 6 7 48
2 6 9 45
2 6 10 50
2 7 0 47
2 7 1 51
2 7 2 55
2 7 3 54
2 7 4 55
2 7 8 57
2 7 9 56
2 7 10 53
2 10 0 46
2 10 2 50
2 10 3 54
2 10 4 53
2 10 6 54
2 10 7 56
2 10 8 55
2 10 10 52
2 11 0 47
2 11 3 51
2 11 4 55
2 11 6 54
2 11 7 55
2 11 8 57
2 11 10 56
2 11 11 53
3 4 1 91
3 4 2 95
3 4 3 99
3 4 5 98
3 4 6 83
3 4 7 97
3 4 10 84
3 4 11 89
3 6 1 95
3 6 2 99
3 6 3 103
3 6 5 102
3 6 6 87
3 6 7 101
3 6 9 88
3 6 10 93
3 7 0 106
3 7 1 110
3 7 2 108
3 7 3 109
3 7 4 92
3 7 8 90
3 7 9 101
3 7 10 110
3 14 1 90
3 14 2 100
3 14 3 110
3 14 4 91
3 14 7 92
3 14 9 100
3 14 10 105
3 14 11 90
4 3 0 83
4 3 1 81
4 3 2 79
4 3 5 84
4 3 8 91
4 3 9 81
4 3 10 80
4 3 11 89
4 5 0 81
4 5 2 79
4 5 3 77
4 5 4 82
4 5 7 89
4 5 9 79
4 5 10 78
4 5 11 87
4 6 1 79
4 6 2 77
4 6 3 75
4 6 5 80
4 6 6 87
4 6 7 77
4 6 9 76
4 6 10 85
4 8 0 84
4 8 1 82
4 8 3 80
4 8 4 85
4 8 6 92
4 8 8 82
4 8 9 81
4 8 11 90
4 9 1 92
4 9 2 96
4 9 3 100
4 9 4 99
4 9 5 84
4 9 6 98
4 9 8 85
4 9 9 90
5 5 0 55
5 5 2 65
5 5 3 61
5 5 4 56
5 5 7 57
5 5 9 65
5 5 10 56
5 5 11 55
5 6 1 78
5 6 2 76
5 6 3 71
5 6 5 76
5 6 6 69
5 6 7 73
5 6 9 76
5 6 10 79
5 7 0 61
5 7 1 71
5 7 2 67
5 7 3 62
5 7 4 63
5 7 8 71
5 7 9 62
5 7 10 61
5 13 0 56
5 13 3 66
5 13 4 62
5 13 5 57
5 13 6 58
5 13 7 66
5 13 8 57
5 13 10 56
6 1 0 85
6 1 2 79
6 1 4 84
6 1 6 88
6 1 8 72
6 1 9 86
6 1 10 88
6 1 11 88
6 9 1 84
6 9 2 82
6 9 3 77
6 9 4 82
6 9 5 75
6 9 6 79
6 9 8 82
6 9 9 85
6 10 0 79
6 10 2 77
6 10 3 72
6 10 4 77
6 10 6 70
6 10 7 74
6 10 8 77
6 10 10 80
7 2 0 37
7 2 1 36
7 2 2 33
7 2 3 36
7 2 4 32
7 2 7 34
7 2 8 36
7 2 10 37
7 13 0 36
7 13 3 35
7 13 4 32
7 13 5 35
7 13 6 31
7 13 7 33
7 13 8 35
7 13 10 36
7 14 1 27
7 14 2 30
7 14 3 33
7 14 4 28
7 14 7 29
7 14 9 30
7 14 10 28
7 14 11 27
8 4 1 42
8 4 2 40
8 4 3 38
8 4 5 43
8 4 6 41
8 4 7 40
8 4 10 39
8 4 11 39
8 8 0 42
8 8 1 41
8 8 3 38
8 8 4 41
8 8 6 37
8 8 8 39
8 8 9 41
8 8 11 42
8 10 0 39
8 10 2 38
8 10 3 35
8 10 4 38
8 10 6 34
8 10 7 36
8 10 8 38
8 10 10 39
8 11 0 42
8 11 3 41
8 11 4 38
8 11 6 41
8 11 7 37
8 11 8 39
8 11 10 41
8 11 11 42
9 5 0 40
9 5 2 39
9 5 3 36
9 5 4 39
9 5 7 35
9 5 9 37
9 5 10 39
9 5 11 40
9 7 0 39
9 7 1 38
9 7 2 35
9 7 3 38
9 7 4 34
9 7 8 36
9 7 9 38
9 7 10 39
9 11 0 36
9 11 3 35
9 11 4 32
9 11 6 35
9 11 7 31
9 11 8 33
9 11 10 35
9 11 11 36
9 12 0 39
9 12 2 38
9 12 3 35
9 12 6 38
9 12 7 34
9 12 8 36
9 12 10 38
9 12 11 39
10 0 0 9
10 0 2 9
10 0 4 8
10 0 6 9
10 0 7 8
10 0 8 9
10 0 9 9
10 0 10 9
10 1 0 9
10 1 2 10
10 1 4 11
10 1 6 10
10 1 8 11
10 1 9 10
10 1 10 9
10 1 11 9
10 2 0 12
10 2 1 12
10 2 2 10
10 2 3 12
10 2 4 10
10 2 7 11
10 2 8 12
10 2 10 12
10 6 1 9
10 6 2 10
10 6 3 11
10 6 5 10
10 6 6 11
10 6 7 10
10 6 9 9
10 6 10 9
10 11 0 12
10 11 3 12
10 11 4 10
10 11 6 12
10 11 7 10
10 11 8 11
10 11 10 12
10 11 11 12
11 1 0 18
11 1 2 18
11 1 4 16
11 1 6 18
11 1 8 16
11 1 9 17
11 1 10 18
11 1 11 18
11 4 1 18
11 4 2 18
11 4 3 16
11 4 5 18
11 4 6 16
11 4 7 17
11 4 10 18
11 4 11 18
11 5 0 16
11 5 2 16
11 5 3 14
11 5 4 16
11 5 7 14
11 5 9 15
11 5 10 16
11 5 11 16
11 10 0 18
11 10 2 18
11 10 3 16
11 10 4 18
11 10 6 16
11 10 7 17
11 10 8 18
11 10 10 18
11 14 1 16
11 14 2 16
11 14 3 14
11 14 4 16
11 14 7 14
11 14 9 15
11 14 10 16
11 14 11 16
12 4 1 16
12 4 2 16
12 4 3 14
12 4 5 16
12 4 6 14
12 4 7 15
12 4 10 16
12 4 11 16
12 9 1 16
12 9 2 16
12 9 3 14
12 9 4 16
12 9 5 14
12 9 6 15
12 9 8 16
12 9 9 16
12 10 0 14
12 10 2 14
12 10 3 12
12 10 4 14
12 10 6 12
12 10 7 13
12 10 8 14
12 10 10 14
13 1 0 46
13 1 2 50
13 1 4 54
13 1 6 53
13 1 8 54
13 1 9 56
13 1 10 55
13 1 11 52
13 8 0 49
13 8 1 43
13 8 3 47
13 8 4 46
13 8 6 41
13 8 8 45
13 8 9 42
13 8 11 47
13 9 1 50
13 9 2 54
13 9 3 52
13 9 4 53
13 9 5 47
13 9 6 45
13 9 8 45
13 9 9 54
13 11 0 52
13 11 3 46
13 11 4 50
13 11 6 49
13 11 7 44
13 11 8 48
13 11 10 45
13 11 11 50
14 6 1 55
14 6 2 65
14 6 3 61
14 6 5 56
14 6 6 57
14 6 7 65
14 6 9 56
14 6 10 55
14 8 0 78
14 8 1 76
14 8 3 71
14 8 4 76
14 8 6 69
14 8 8 73
14 8 9 76
14 8 11 79
14 10 0 61
14 10 2 71
14 10 3 67
14 10 4 62
14 10 6 63
14 10 7 71
14 10 8 62
14 10 10 61
14 12 0 56
14 12 2 66
14 12 3 62
14 12 6 57
14 12 7 58
14 12 8 66
14 12 10 57
14 12 11 56
14 14 1 57
14 14 2 67
14 14 3 63
14 14 4 58
14 14 7 59
14 14 9 67
14 14 10 58
14 14 11 57
15 0 0 49
15 0 2 43
15 0 4 47
15 0 6 46
15 0 7 41
15 0 8 45
15 0 9 42
15 0 10 47
15 1 0 50
15 1 2 54
15 1 4 52
15 1 6 53
15 1 8 47
15 1 9 45
15 1 10 45
15 1 11 54
15 7 0 48
15 7 1 52
15 7 2 56
15 7 3 55
15 7 4 56
15 7 8 58
15 7 9 57
15 7 10 54
15 8 0 47
15 8 1 51
15 8 3 55
15 8 4 54
15 8 6 55
15 8 8 57
15 8 9 56
15 8 11 53
16 0 0 21
16 0 2 25
16 0 4 23
16 0 6 22
16 0 7 23
16 0 8 25
16 0 9 24
16 0 10 21
16 5 0 25
16 5 2 29
16 5 3 27
16 5 4 26
16 5 7 27
16 5 9 29
16 5 10 28
16 5 11 25
16 8 0 23
16 8 1 27
16 8 3 25
16 8 4 24
16 8 6 25
16 8 8 27
16 8 9 26
16 8 11 23
16 10 0 22
16 10 2 26
16 10 3 24
16 10 4 23
16 10 6 24
16 10 7 26
16 10 8 25
16 10 10 22
16 12 0 23
16 12 2 27
16 12 3 25
16 12 6 24
16 12 7 25
16 12 8 27
16 12 10 26
16 12 11 23
17 0 0 9
17 0 2 9
17 0 4 8
17 0 6 9
17 0 7 8
17 0 8 9
17 0 9 9
17 0 10 9
17 5 0 9
17 5 2 10
17 5 3 11
17 5 4 10
17 5 7 11
17 5 9 10
17 5 10 9
17 5 11 9
17 13 0 12
17 13 3 12
17 13 4 10
17 13 5 12
17 13 6 10
17 13 7 11
17 13 8 12
17 13 10 12
18 4 1 51
18 4 2 55
18 4 3 59
18 4 5 58
18 4 6 59
18 4 7 61
18 4 10 60
18 4 11 57
18 5 0 60
18 5 2 70
18 5 3 66
18 5 4 61
18 5 7 62
18 5 9 70
18 5 10 61
18 5 11 60
18 8 0 56
18 8 1 66
18 8 3 62
18 8 4 57
18 8 6 58
18 8 8 66
18 8 9 57
18 8 11 56
18 9 1 52
18 9 2 56
18 9 3 60
18 9 4 59
18 9 5 60
18 9 6 62
18 9 8 61
18 9 9 58
18 10 0 53
18 10 2 57
18 10 3 61
18 10 4 60
18 10 6 61
18 10 7 63
18 10 8 62
18 10 10 59
19 2 0 48
19 2 1 42
19 2 2 46
19 2 3 45
19 2 4 40
19 2 7 44
19 2 8 41
19 2 10 46
19 3 0 52
19 3 1 46
19 3 2 50
19 3 5 49
19 3 8 44
19 3 9 48
19 3 10 45
19 3 11 50
19 4 1 47
19 4 2 51
19 4 3 55
19 4 5 54
19 4 6 55
19 4 7 57
19 4 10 56
19 4 11 53
19 11 0 46
19 11 3 50
19 11 4 54
19 11 6 53
19 11 7 54
19 11 8 56
19 11 10 55
19 11 11 52
19 12 0 47
19 12 2 51
19 12 3 55
19 12 6 54
19 12 7 55
19 12 8 57
19 12 10 56
19 12 11 53
20 10 0 91
20 10 2 95
20 10 3 99
20 10 4 98
20 10 6 83
20 10 7 97
20 10 8 84
20 10 10 89
20 12 0 95
20 12 2 99
20 12 3 103
20 12 6 102
20 12 7 87
20 12 8 101
20 12 10 88
20 12 11 93
20 13 0 106
20 13 3 110
20 13 4 108
20 13 5 109
20 13 6 92
20 13 7 90
20 13 8 101
20 13 10 110
21 1 0 90
21 1 2 94
21 1 4 98
21 1 6 97
21 1 8 82
21 1 9 96
21 1 10 83
21 1 11 88
21 6 1 94
21 6 2 98
21 6 3 102
21 6 5 101
21 6 6 86
21 6 7 100
21 6 9 87
21 6 10 92
21 12 0 90
21 12 2 100
21 12 3 110
21 12 6 91
21 12 7 92
21 12 8 100
21 12 10 105
21 12 11 90
22 5 0 46
22 5 2 50
22 5 3 54
22 5 4 53
22 5 7 54
22 5 9 56
22 5 10 55
22 5 11 52
22 7 0 49
22 7 1 43
22 7 2 47
22 7 3 46
22 7 4 41
22 7 8 45
22 7 9 42
22 7 10 47
22 12 0 50
22 12 2 54
22 12 3 52
22 12 6 53
22 12 7 47
22 12 8 45
22 12 10 45
22 12 11 54
23 6 1 85
23 6 2 83
23 6 3 78
23 6 5 83
23 6 6 76
23 6 7 80
23 6 9 83
23 6 10 86
23 10 0 83
23 10 2 81
23 10 3 76
23 10 4 81
23 10 6 74
23 10 7 78
23 10 8 81
23 10 10 84
23 11 0 78
23 11 3 76
23 11 4 71
23 11 6 76
23 11 7 69
23 11 8 73
23 11 10 76
23 11 11 79
23 14 1 83
23 14 2 81
23 14 3 76
23 14 4 81
23 14 7 74
23 14 9 78
23 14 10 81
23 14 11 84
24 0 0 16
24 0 2 16
24 0 4 14
24 0 6 16
24 0 7 14
24 0 8 15
24 0 9 16
24 0 10 16
24 3 0 16
24 3 1 16
24 3 2 14
24 3 5 16
24 3 8 14
24 3 9 15
24 3 10 16
24 3 11 16
24 7 0 14
24 7 1 14
24 7 2 12
24 7 3 14
24 7 4 12
24 7 8 13
24 7 9 14
24 7 10 14
25 6 1 39
25 6 2 38
25 6 3 35
25 6 5 38
25 6 6 34
25 6 7 36
25 6 9 38
25 6 10 39
25 8 0 38
25 8 1 37
25 8 3 34
25 8 4 37
25 8 6 33
25 8 8 35
25 8 9 37
25 8 11 38
25 10 0 35
25 10 2 34
25 10 3 31
25 10 4 34
25 10 6 30
25 10 7 32
25 10 8 34
25 10 10 35
25 14 1 38
25 14 2 37
25 14 3 34
25 14 4 37
25 14 7 33
25 14 9 35
25 14 10 37
25 14 11 38
26 0 0 20
26 0 2 24
26 0 4 22
26 0 6 21
26 0 7 22
26 0 8 24
26 0 9 23
26 0 10 20
26 3 0 24
26 3 1 28
26 3 2 26
26 3 5 25
26 3 8 26
26 3 9 28
26 3 10 27
26 3 11 24
26 8 0 22
26 8 1 26
26 8 3 24
26 8 4 23
26 8 6 24
26 8 8 26
26 8 9 25
26 8 11 22
26 13 0 21
26 13 3 25
26 13 4 23
26 13 5 22
26 13 6 23
26 13 7 25
26 13 8 24
26 13 10 21
26 14 1 22
26 14 2 26
26 14 3 24
26 14 4 23
26 14 7 24
26 14 9 26
26 14 10 25
26 14 11 22
27 4 1 21
27 4 2 25
27 4 3 23
27 4 5 22
27 4 6 23
27 4 7 25
27 4 10 24
27 4 11 21
27 6 1 25
27 6 2 29
27 6 3 27
27 6 5 26
27 6 6 27
27 6 7 29
27 6 9 28
27 6 10 25
27 7 0 23
27 7 1 27
27 7 2 25
27 7 3 24
27 7 4 25
27 7 8 27
27 7 9 26
27 7 10 23
27 12 0 22
27 12 2 26
27 12 3 24
27 12 6 23
27 12 7 24
27 12 8 26
27 12 10 25
27 12 11 22
28 0 0 45
28 0 2 49
28 0 4 53
28 0 6 52
28 0 7 53
28 0 8 55
28 0 9 54
28 0 10 51
28 3 0 49
28 3 1 53
28 3 2 57
28 3 5 56
28 3 8 57
28 3 9 59
28 3 10 58
28 3 11 55
28 12 0 53
28 12 2 57
28 12 3 61
28 12 6 60
28 12 7 61
28 12 8 63
28 12 10 62
28 12 11 59
29 2 0 83
29 2 1 81
29 2 2 79
29 2 3 84
29 2 4 91
29 2 7 81
29 2 8 80
29 2 10 89
29 10 0 81
29 10 2 79
29 10 3 77
29 10 4 82
29 10 6 89
29 10 7 79
29 10 8 78
29 10 10 87
29 11 0 79
29 11 3 77
29 11 4 75
29 11 6 80
29 11 7 87
29 11 8 77
29 11 10 76
29 11 11 85
29 13 0 84
29 13 3 82
29 13 4 80
29 13 5 85
29 13 6 92
29 13 7 82
29 13 8 81
29 13 10 90
30 0 0 49
30 0 2 43
30 0 4 47
30 0 6 46
30 0 7 41
30 0 8 45
30 0 9 42
30 0 10 47
30 2 0 42
30 2 1 40
30 2 2 38
30 2 3 43
30 2 4 41
30 2 7 40
30 2 8 39
30 2 10 39
30 4 1 47
30 4 2 41
30 4 3 45
30 4 5 44
30 4 6 39
30 4 7 43
30 4 10 40
30 4 11 45
30 6 1 46
30 6 2 40
30 6 3 44
30 6 5 43
30 6 6 38
30 6 7 42
30 6 9 39
30 6 10 44
30 12 0 41
30 12 2 40
30 12 3 37
30 12 6 40
30 12 7 36
30 12 8 38
30 12 10 40
30 12 11 41
31 3 0 65
31 3 1 58
31 3 2 56
31 3 5 61
31 3 8 55
31 3 9 61
31 3 10 66
31 3 11 62
31 9 1 66
31 9 2 70
31 9 3 74
31 9 4 73
31 9 5 68
31 9 6 67
31 9 8 69
31 9 9 69
31 12 0 59
31 12 2 69
31 12 3 65
31 12 6 60
31 12 7 61
31 12 8 69
31 12 10 60
31 12 11 59
31 13 0 54
31 13 3 64
31 13 4 60
31 13 5 55
31 13 6 56
31 13 7 64
31 13 8 55
31 13 10 54
31 14 1 55
31 14 2 65
31 14 3 61
31 14 4 56
31 14 7 57
31 14 9 65
31 14 10 56
31 14 11 55
32 2 0 89
32 2 1 93
32 2 2 97
32 2 3 96
32 2 4 81
32 2 7 95
32 2 8 82
32 2 10 87
32 6 1 93
32 6 2 97
32 6 3 101
32 6 5 100
32 6 6 85
32 6 7 99
32 6 9 86
32 6 10 91
32 7 0 97
32 7 1 101
32 7 2 105
32 7 3 104
32 7 4 89
32 7 8 103
32 7 9 90
32 7 10 95
32 14 1 96
32 14 2 100
32 14 3 104
32 14 4 103
32 14 7 88
32 14 9 102
32 14 10 89
32 14 11 94
33 1 0 46
33 1 2 50
33 1 4 54
33 1 6 53
33 1 8 54
33 1 9 56
33 1 10 55
33 1 11 52
33 3 0 49
33 3 1 43
33 3 2 47
33 3 5 46
33 3 8 41
33 3 9 45
33 3 10 42
33 3 11 47
33 6 1 50
33 6 2 54
33 6 3 52
33 6 5 53
33 6 6 47
33 6 7 45
33 6 9 45
33 6 10 54
33 11 0 52
33 11 3 46
33 11 4 50
33 11 6 49
33 11 7 44
33 11 8 48
33 11 10 45
33 11 11 50
34 0 0 15
34 0 2 15
34 0 4 13
34 0 6 15
34 0 7 13
34 0 8 14
34 0 9 15
34 0 10 15
34 4 1 15
34 4 2 15
34 4 3 13
34 4 5 15
34 4 6 13
34 4 7 14
34 4 10 15
34 4 11 15
34 7 0 13
34 7 1 13
34 7 2 11
34 7 3 13
34 7 4 11
34 7 8 12
34 7 9 13
34 7 10 13
34 11 0 15
34 11 3 15
34 11 4 13
34 11 6 15
34 11 7 13
34 11 8 14
34 11 10 15
34 11 11 15
35 4 1 48
35 4 2 42
35 4 3 46
35 4 5 45
35 4 6 40
35 4 7 44
35 4 10 41
35 4 11 46
35 5 0 52
35 5 2 46
35 5 3 50
35 5 4 49
35 5 7 44
35 5 9 48
35 5 10 45
35 5 11 50
35 7 0 47
35 7 1 51
35 7 2 55
35 7 3 54
35 7 4 55
35 7 8 57
35 7 9 56
35 7 10 53
35 8 0 46
35 8 1 50
35 8 3 54
35 8 4 53
35 8 6 54
35 8 8 56
35 8 9 55
35 8 11 52
35 12 0 47
35 12 2 51
35 12 3 55
35 12 6 54
35 12 7 55
35 12 8 57
35 12 10 56
35 12 11 53
36 0 0 22
36 0 2 26
36 0 4 24
36 0 6 23
36 0 7 24
36 0 8 26
36 0 9 25
36 0 10 22
36 1 0 26
36 1 2 30
36 1 4 28
36 1 6 27
36 1 8 28
36 1 9 30
36 1 10 29
36 1 11 26
36 5 0 24
36 5 2 28
36 5 3 26
36 5 4 25
36 5 7 26
36 5 9 28
36 5 10 27
36 5 11 24
36 11 0 23
36 11 3 27
36 11 4 25
36 11 6 24
36 11 7 25
36 11 8 27
36 11 10 26
36 11 11 23
36 14 1 24
36 14 2 28
36 14 3 26
36 14 4 25
36 14 7 26
36 14 9 28
36 14 10 27
36 14 11 24
37 0 0 38
37 0 2 37
37 0 4 34
37 0 6 37
37 0 7 33
37 0 8 35
37 0 9 37
37 0 10 38
37 5 0 37
37 5 2 36
37 5 3 33
37 5 4 36
37 5 7 32
37 5 9 34
37 5 10 36
37 5 11 37
37 10 0 34
37 10 2 33
37 10 3 30
37 10 4 33
37 10 6 29
37 10 7 31
37 10 8 33
37 10 10 34
37 12 0 37
37 12 2 36
37 12 3 33
37 12 6 36
37 12 7 32
37 12 8 34
37 12 10 36
37 12 11 37
37 13 0 27
37 13 3 30
37 13 4 33
37 13 5 28
37 13 6 29
37 13 7 30
37 13 8 28
37 13 10 27
38 3 0 83
38 3 1 81
38 3 2 76
38 3 5 81
38 3 8 74
38 3 9 78
38 3 10 81
38 3 11 84
38 4 1 81
38 4 2 79
38 4 3 74
38 4 5 79
38 4 6 72
38 4 7 76
38 4 10 79
38 4 11 82
38 7 0 66
38 7 1 70
38 7 2 74
38 7 3 73
38 7 4 68
38 7 8 67
38 7 9 69
38 7 10 69
38 8 0 81
38 8 1 79
38 8 3 74
38 8 4 79
38 8 6 72
38 8 8 76
38 8 9 79
38 8 11 82
38 9 1 61
38 9 2 71
38 9 3 67
38 9 4 62
38 9 5 63
38 9 6 71
38 9 8 62
38 9 9 61
39 2 0 65
39 2 1 58
39 2 2 56
39 2 3 61
39 2 4 55
39 2 7 61
39 2 8 66
39 2 10 62
39 4 1 66
39 4 2 70
39 4 3 74
39 4 5 73
39 4 6 68
39 4 7 67
39 4 10 69
39 4 11 69
39 5 0 59
39 5 2 69
39 5 3 65
39 5 4 60
39 5 7 61
39 5 9 69
39 5 10 60
39 5 11 59
39 10 0 54
39 10 2 64
39 10 3 60
39 10 4 55
39 10 6 56
39 10 7 64
39 10 8 55
39 10 10 54
39 11 0 55
39 11 3 65
39 11 4 61
39 11 6 56
39 11 7 57
39 11 8 65
39 11 10 56
39 11 11 55
40 4 1 38
40 4 2 37
40 4 3 34
40 4 5 37
40 4 6 33
40 4 7 35
40 4 10 37
40 4 11 38
40 5 0 37
40 5 2 36
40 5 3 33
40 5 4 36
40 5 7 32
40 5 9 34
40 5 10 36
40 5 11 37
40 8 0 34
40 8 1 33
40 8 3 30
40 8 4 33
40 8 6 29
40 8 8 31
40 8 9 33
40 8 11 34
40 10 0 37
40 10 2 36
40 10 3 33
40 10 4 36
40 10 6 32
40 10 7 34
40 10 8 36
40 10 10 37
40 12 0 27
40 12 2 30
40 12 3 33
40 12 6 28
40 12 7 29
40 12 8 30
40 12 10 28
40 12 11 27
41 5 0 90
41 5 2 94
41 5 3 98
41 5 4 97
41 5 7 82
41 5 9 96
41 5 10 83
41 5 11 88
41 10 0 94
41 10 2 98
41 10 3 102
41 10 4 101
41 10 6 86
41 10 7 100
41 10 8 87
41 10 10 92
41 13 0 90
41 13 3 100
41 13 4 110
41 13 5 91
41 13 6 92
41 13 7 100
41 13 8 105
41 13 10 90
42 1 0 23
42 1 2 27
42 1 4 25
42 1 6 24
42 1 8 25
42 1 9 27
42 1 10 26
42 1 11 23
42 3 0 27
42 3 1 30
42 3 2 33
42 3 5 28
42 3 8 29
42 3 9 30
42 3 10 28
42 3 11 27
42 6 1 25
42 6 2 29
42 6 3 27
42 6 5 26
42 6 6 27
42 6 7 29
42 6 9 28
42 6 10 25
42 13 0 24
42 13 3 28
42 13 4 26
42 13 5 25
42 13 6 26
42 13 7 28
42 13 8 27
42 13 10 24
42 14 1 25
42 14 2 29
42 14 3 27
42 14 4 26
42 14 7 27
42 14 9 29
42 14 10 28
42 14 11 25
43 1 0 53
43 1 2 57
43 1 4 61
43 1 6 60
43 1 8 61
43 1 9 63
43 1 10 62
43 1 11 59
43 5 0 62
43 5 2 72
43 5 3 68
43 5 4 63
43 5 7 64
43 5 9 72
43 5 10 63
43 5 11 62
43 8 0 58
43 8 1 68
43 8 3 64
43 8 4 59
43 8 6 60
43 8 8 68
43 8 9 59
43 8 11 58
43 10 0 65
43 10 2 58
43 10 3 56
43 10 4 61
43 10 6 55
43 10 7 61
43 10 8 66
43 10 10 62
44 8 0 13
44 8 1 13
44 8 3 11
44 8 4 13
44 8 6 11
44 8 8 12
44 8 9 13
44 8 11 13
44 9 1 13
44 9 2 13
44 9 3 11
44 9 4 13
44 9 5 11
44 9 6 12
44 9 8 13
44 9 9 13
44 10 0 9
44 10 2 10
44 10 3 11
44 10 4 10
44 10 6 11
44 10 7 10
44 10 8 9
44 10 10 9
45 1 0 14
45 1 2 14
45 1 4 12
45 1 6 14
45 1 8 12
45 1 9 13
45 1 10 14
45 1 11 14
45 2 0 14
45 2 1 14
45 2 2 12
45 2 3 14
45 2 4 12
45 2 7 13
45 2 8 14
45 2 10 14
45 4 1 12
45 4 2 12
45 4 3 10
45 4 5 12
45 4 6 10
45 4 7 11
45 4 10 12
45 4 11 12
45 11 0 14
45 11 3 14
45 11 4 12
45 11 6 14
45 11 7 12
45 11 8 13
45 11 10 14
45 11 11 14
45 14 1 12
45 14 2 12
45 14 3 10
45 14 4 12
45 14 7 10
45 14 9 11
45 14 10 12
45 14 11 12
46 1 0 85
46 1 2 83
46 1 4 78
46 1 6 83
46 1 8 76
46 1 9 80
46 1 10 83
46 1 11 86
46 10 0 83
46 10 2 81
46 10 3 76
46 10 4 81
46 10 6 74
46 10 7 78
46 10 8 81
46 10 10 84
46 12 0 81
46 12 2 79
46 12 3 74
46 12 6 79
46 12 7 72
46 12 8 76
46 12 10 79
46 12 11 82
46 13 0 85
46 13 3 79
46 13 4 84
46 13 5 88
46 13 6 72
46 13 7 86
46 13 8 88
46 13 10 88
47 6 1 9
47 6 2 9
47 6 3 8
47 6 5 9
47 6 6 8
47 6 7 9
47 6 9 9
47 6 10 9
47 10 0 9
47 10 2 10
47 10 3 11
47 10 4 10
47 10 6 11
47 10 7 10
47 10 8 9
47 10 10 9
47 12 0 12
47 12 2 12
47 12 3 10
47 12 6 12
47 12 7 10
47 12 8 11
47 12 10 12
47 12 11 12
48 0 0 9
48 0 2 9
48 0 4 8
48 0 6 9
48 0 7 8
48 0 8 9
48 0 9 9
48 0 10 9
48 3 0 9
48 3 1 10
48 3 2 11
48 3 5 10
48 3 8 11
48 3 9 10
48 3 10 9
48 3 11 9
48 6 1 12
48 6 2 12
48 6 3 10
48 6 5 12
48 6 6 10
48 6 7 11
48 6 9 12
48 6 10 12
48 11 0 9
48 11 3 10
48 11 4 11
48 11 6 10
48 11 7 11
48 11 8 10
48 11 10 9
48 11 11 9
48 12 0 12
48 12 2 12
48 12 3 10
48 12 6 12
48 12 7 10
48 12 8 11
48 12 10 12
48 12 11 12
49 6 1 50
49 6 2 44
49 6 3 48
49 6 5 47
49 6 6 42
49 6 7 46
49 6 9 43
49 6 10 48
49 8 0 44
49 8 1 38
49 8 3 42
49 8 4 41
49 8 6 36
49 8 8 40
49 8 9 37
49 8 11 42
49 9 1 48
49 9 2 42
49 9 3 46
49 9 4 45
49 9 5 40
49 9 6 44
49 9 8 41
49 9 9 46
49 11 0 47
49 11 3 41
49 11 4 45
49 11 6 44
49 11 7 39
49 11 8 43
49 11 10 40
49 11 11 45
49 14 1 42
49 14 2 41
49 14 3 38
49 14 4 41
49 14 7 37
49 14 9 39
49 14 10 41
49 14 11 42
50 3 0 79
50 3 1 77
50 3 2 75
50 3 5 80
50 3 8 87
50 3 9 77
50 3 10 76
50 3 11 85
50 6 1 85
50 6 2 79
50 6 3 84
50 6 5 88
50 6 6 72
50 6 7 86
50 6 9 88
50 6 10 88
50 7 0 84
50 7 1 82
50 7 2 77
50 7 3 82
50 7 4 75
50 7 8 79
50 7 9 82
50 7 10 85
50 10 0 80
50 10 2 78
50 10 3 76
50 10 4 81
50 10 6 88
50 10 7 78
50 10 8 77
50 10 10 86
51 1 0 17
51 1 2 17
51 1 4 15
51 1 6 17
51 1 8 15
51 1 9 16
51 1 10 17
51 1 11 17
51 2 0 17
51 2 1 17
51 2 2 15
51 2 3 17
51 2 4 15
51 2 7 16
51 2 8 17
51 2 10 17
51 6 1 15
51 6 2 15
51 6 3 13
51 6 5 15
51 6 6 13
51 6 7 14
51 6 9 15
51 6 10 15
51 12 0 17
51 12 2 17
51 12 3 15
51 12 6 17
51 12 7 15
51 12 8 16
51 12 10 17
51 12 11 17
51 14 1 15
51 14 2 15
51 14 3 13
51 14 4 15
51 14 7 13
51 14 9 14
51 14 10 15
51 14 11 15
52 0 0 65
52 0 2 58
52 0 4 56
52 0 6 61
52 0 7 55
52 0 8 61
52 0 9 66
52 0 10 62
52 4 1 66
52 4 2 70
52 4 3 74
52 4 5 73
52 4 6 68
52 4 7 67
52 4 10 69
52 4 11 69
52 7 0 59
52 7 1 69
52 7 2 65
52 7 3 60
52 7 4 61
52 7 8 69
52 7 9 60
52 7 10 59
52 14 1 54
52 14 2 64
52 14 3 60
52 14 4 55
52 14 7 56
52 14 9 64
52 14 10 55
52 14 11 54
53 5 0 49
53 5 2 53
53 5 3 57
53 5 4 56
53 5 7 57
53 5 9 59
53 5 10 58
53 5 11 55
53 10 0 58
53 10 2 68
53 10 3 64
53 10 4 59
53 10 6 60
53 10 7 68
53 10 8 59
53 10 10 58
53 12 0 54
53 12 2 64
53 12 3 60
53 12 6 55
53 12 7 56
53 12 8 64
53 12 10 55
53 12 11 54
53 14 1 50
53 14 2 54
53 14 3 58
53 14 4 57
53 14 7 58
53 14 9 60
53 14 10 59
53 14 11 56
54 0 0 48
54 0 2 42
54 0 4 46
54 0 6 45
54 0 7 40
54 0 8 44
54 0 9 41
54 0 10 46
54 1 0 42
54 1 2 41
54 1 4 38
54 1 6 41
54 1 8 37
54 1 9 39
54 1 10 41
54 1 11 42
54 5 0 46
54 5 2 40
54 5 3 44
54 5 4 43
54 5 7 38
54 5 9 42
54 5 10 39
54 5 11 44
54 9 1 45
54 9 2 39
54 9 3 43
54 9 4 42
54 9 5 37
54 9 6 41
54 9 8 38
54 9 9 43
55 1 0 49
55 1 2 43
55 1 4 47
55 1 6 46
55 1 8 41
55 1 9 45
55 1 10 42
55 1 11 47
55 3 0 42
55 3 1 40
55 3 2 38
55 3 5 43
55 3 8 41
55 3 9 40
55 3 10 39
55 3 11 39
55 9 1 47
55 9 2 41
55 9 3 45
55 9 4 44
55 9 5 39
55 9 6 43
55 9 8 40
55 9 9 45
56 3 0 94
56 3 1 98
56 3 2 102
56 3 5 101
56 3 8 86
56 3 9 100
56 3 10 87
56 3 11 92
56 8 0 90
56 8 1 100
56 8 3 110
56 8 4 91
56 8 6 92
56 8 8 100
56 8 9 105
56 8 11 90
56 14 1 109
56 14 2 113
56 14 3 111
56 14 4 112
56 14 7 95
56 14 9 93
56 14 10 104
56 14 11 113
57 3 0 50
57 3 1 44
57 3 2 48
57 3 5 47
57 3 8 42
57 3 9 46
57 3 10 43
57 3 11 48
57 5 0 44
57 5 2 38
57 5 3 42
57 5 4 41
57 5 7 36
57 5 9 40
57 5 10 37
57 5 11 42
57 10 0 48
57 10 2 42
57 10 3 46
57 10 4 45
57 10 6 40
57 10 7 44
57 10 8 41
57 10 10 46
57 12 0 47
57 12 2 41
57 12 3 45
57 12 6 44
57 12 7 39
57 12 8 43
57 12 10 40
57 12 11 45
58 6 1 91
58 6 2 95
58 6 3 99
58 6 5 98
58 6 6 83
58 6 7 97
58 6 9 84
58 6 10 89
58 9 1 95
58 9 2 99
58 9 3 103
58 9 4 102
58 9 5 87
58 9 6 101
58 9 8 88
58 9 9 93
58 11 0 106
58 11 3 110
58 11 4 108
58 11 6 109
58 11 7 92
58 11 8 90
58 11 10 101
58 11 11 110
58 13 0 90
58 13 3 100
58 13 4 110
58 13 5 91
58 13 6 92
58 13 7 100
58 13 8 105
58 13 10 90
59 0 0 54
59 0 2 64
59 0 4 60
59 0 6 55
59 0 7 56
59 0 8 64
59 0 9 55
59 0 10 54
59 5 0 77
59 5 2 75
59 5 3 70
59 5 4 75
59 5 7 68
59 5 9 72
59 5 10 75
59 5 11 78
59 7 0 60
59 7 1 70
59 7 2 66
59 7 3 61
59 7 4 62
59 7 8 70
59 7 9 61
59 7 10 60
59 8 0 55
59 8 1 65
59 8 3 61
59 8 4 56
59 8 6 57
59 8 8 65
59 8 9 56
59 8 11 55
59 11 0 56
59 11 3 66
59 11 4 62
59 11 6 57
59 11 7 58
59 11 8 66
59 11 10 57
59 11 11 56
60 3 0 21
60 3 1 25
60 3 2 23
60 3 5 22
60 3 8 23
60 3 9 25
60 3 10 24
60 3 11 21
60 7 0 25
60 7 1 29
60 7 2 27
60 7 3 26
60 7 4 27
60 7 8 29
60 7 9 28
60 7 10 25
60 8 0 23
60 8 1 27
60 8 3 25
60 8 4 24
60 8 6 25
60 8 8 27
60 8 9 26
60 8 11 23
60 13 0 22
60 13 3 26
60 13 4 24
60 13 5 23
60 13 6 24
60 13 7 26
60 13 8 25
60 13 10 22
61 3 0 55
61 3 1 65
61 3 2 61
61 3 5 56
61 3 8 57
61 3 9 65
61 3 10 56
61 3 11 55
61 5 0 78
61 5 2 76
61 5 3 71
61 5 4 76
61 5 7 69
61 5 9 73
61 5 10 76
61 5 11 79
61 6 1 61
61 6 2 71
61 6 3 67
61 6 5 62
61 6 6 63
61 6 7 71
61 6 9 62
61 6 10 61
61 12 0 56
61 12 2 66
61 12 3 62
61 12 6 57
61 12 7 58
61 12 8 66
61 12 10 57
61 12 11 56
61 13 0 57
61 13 3 67
61 13 4 63
61 13 5 58
61 13 6 59
61 13 7 67
61 13 8 58
61 13 10 57
62 7 0 18
62 7 1 22
62 7 2 20
62 7 3 19
62 7 4 20
62 7 8 22
62 7 9 21
62 7 10 18
62 10 0 21
62 10 2 20
62 10 3 19
62 10 4 18
62 10 6 18
62 10 7 22
62 10 8 19
62 10 10 19
62 11 0 20
62 11 3 20
62 11 4 18
62 11 6 20
62 11 7 18
62 11 8 19
62 11 10 20
62 11 11 20
63 0 0 50
63 0 2 44
63 0 4 48
63 0 6 47
63 0 7 42
63 0 8 46
63 0 9 43
63 0 10 48
63 3 0 44
63 3 1 38
63 3 2 42
63 3 5 41
63 3 8 36
63 3 9 40
63 3 10 37
63 3 11 42
63 4 1 48
63 4 2 42
63 4 3 46
63 4 5 45
63 4 6 40
63 4 7 44
63 4 10 41
63 4 11 46
63 9 1 47
63 9 2 41
63 9 3 45
63 9 4 44
63 9 5 39
63 9 6 43
63 9 8 40
63 9 9 45
63 13 0 42
63 13 3 41
63 13 4 38
63 13 5 41
63 13 6 37
63 13 7 39
63 13 8 41
63 13 10 42
64 3 0 91
64 3 1 95
64 3 2 99
64 3 5 98
64 3 8 83
64 3 9 97
64 3 10 84
64 3 11 89
64 4 1 95
64 4 2 99
64 4 3 103
64 4 5 102
64 4 6 87
64 4 7 101
64 4 10 88
64 4 11 93
64 10 0 106
64 10 2 110
64 10 3 108
64 10 4 109
64 10 6 92
64 10 7 90
64 10 8 101
64 10 10 110
64 13 0 90
64 13 3 100
64 13 4 110
64 13 5 91
64 13 6 92
64 13 7 100
64 13 8 105
64 13 10 90
65 0 0 39
65 0 2 38
65 0 4 35
65 0 6 38
65 0 7 34
65 0 8 36
65 0 9 38
65 0 10 39
65 3 0 38
65 3 1 37
65 3 2 34
65 3 5 37
65 3 8 33
65 3 9 35
65 3 10 37
65 3 11 38
65 12 0 35
65 12 2 34
65 12 3 31
65 12 6 34
65 12 7 30
65 12 8 32
65 12 10 34
65 12 11 35
66 1 0 21
66 1 2 20
66 1 4 19
66 1 6 18
66 1 8 18
66 1 9 22
66 1 10 19
66 1 11 19
66 2 0 21
66 2 1 20
66 2 2 19
66 2 3 18
66 2 4 18
66 2 7 22
66 2 8 19
66 2 10 19
66 3 0 19
66 3 1 19
66 3 2 17
66 3 5 19
66 3 8 17
66 3 9 18
66 3 10 19
66 3 11 19
66 5 0 21
66 5 2 20
66 5 3 19
66 5 4 18
66 5 7 18
66 5 9 22
66 5 10 19
66 5 11 19
66 12 0 19
66 12 2 19
66 12 3 17
66 12 6 19
66 12 7 17
66 12 8 18
66 12 10 19
66 12 11 19
67 0 0 52
67 0 2 46
67 0 4 50
67 0 6 49
67 0 7 44
67 0 8 48
67 0 9 45
67 0 10 50
67 10 0 47
67 10 2 51
67 10 3 55
67 10 4 54
67 10 6 55
67 10 7 57
67 10 8 56
67 10 10 53
67 11 0 51
67 11 3 55
67 11 4 59
67 11 6 58
67 11 7 59
67 11 8 61
67 11 10 60
67 11 11 57
68 2 0 50
68 2 1 54
68 2 2 58
68 2 3 57
68 2 4 58
68 2 7 60
68 2 8 59
68 2 10 56
68 6 1 59
68 6 2 69
68 6 3 65
68 6 5 60
68 6 6 61
68 6 7 69
68 6 9 60
68 6 10 59
68 13 0 55
68 13 3 65
68 13 4 61
68 13 5 56
68 13 6 57
68 13 7 65
68 13 8 56
68 13 10 55
69 0 0 59
69 0 2 69
69 0 4 65
69 0 6 60
69 0 7 61
69 0 8 69
69 0 9 60
69 0 10 59
69 2 0 66
69 2 1 70
69 2 2 74
69 2 3 73
69 2 4 68
69 2 7 67
69 2 8 69
69 2 10 69
69 4 1 80
69 4 2 78
69 4 3 73
69 4 5 78
69 4 6 71
69 4 7 75
69 4 10 78
69 4 11 81
69 9 1 79
69 9 2 77
69 9 3 72
69 9 4 77
69 9 5 70
69 9 6 74
69 9 8 77
69 9 9 80
69 10 0 61
69 10 2 71
69 10 3 67
69 10 4 62
69 10 6 63
69 10 7 71
69 10 8 62
69 10 10 61
70 3 0 48
70 3 1 42
70 3 2 46
70 3 5 45
70 3 8 40
70 3 9 44
70 3 10 41
70 3 11 46
70 5 0 42
70 5 2 41
70 5 3 38
70 5 4 41
70 5 7 37
70 5 9 39
70 5 10 41
70 5 11 42
70 8 0 46
70 8 1 40
70 8 3 44
70 8 4 43
70 8 6 38
70 8 8 42
70 8 9 39
70 8 11 44
70 10 0 45
70 10 2 39
70 10 3 43
70 10 4 42
70 10 6 37
70 10 7 41
70 10 8 38
70 10 10 43
71 5 0 22
71 5 2 26
71 5 3 24
71 5 4 23
71 5 7 24
71 5 9 26
71 5 10 25
71 5 11 22
71 6 1 26
71 6 2 30
71 6 3 28
71 6 5 27
71 6 6 28
71 6 7 30
71 6 9 29
71 6 10 26
71 7 0 24
71 7 1 28
71 7 2 26
71 7 3 25
71 7 4 26
71 7 8 28
71 7 9 27
71 7 10 24
71 8 0 23
71 8 1 27
71 8 3 25
71 8 4 24
71 8 6 25
71 8 8 27
71 8 9 26
71 8 11 23
72 6 1 42
72 6 2 40
72 6 3 38
72 6 5 43
72 6 6 41
72 6 7 40
72 6 9 39
72 6 10 39
72 13 0 42
72 13 3 41
72 13 4 38
72 13 5 41
72 13 6 37
72 13 7 39
72 13 8 41
72 13 10 42
72 14 1 39
72 14 2 38
72 14 3 35
72 14 4 38
72 14 7 34
72 14 9 36
72 14 10 38
72 14 11 39
73 1 0 48
73 1 2 42
73 1 4 46
73 1 6 45
73 1 8 40
73 1 9 44
73 1 10 41
73 1 11 46
73 4 1 42
73 4 2 41
73 4 3 38
73 4 5 41
73 4 6 37
73 4 7 39
73 4 10 41
73 4 11 42
73 9 1 46
73 9 2 40
73 9 3 44
73 9 4 43
73 9 5 38
73 9 6 42
73 9 8 39
73 9 9 44
73 13 0 45
73 13 3 39
73 13 4 43
73 13 5 42
73 13 6 37
73 13 7 41
73 13 8 38
73 13 10 43
74 3 0 47
74 3 1 41
74 3 2 45
74 3 5 44
74 3 8 39
74 3 9 43
74 3 10 40
74 3 11 45
74 8 0 41
74 8 1 40
74 8 3 37
74 8 4 40
74 8 6 36
74 8 8 38
74 8 9 40
74 8 11 41
74 9 1 45
74 9 2 39
74 9 3 43
74 9 4 42
74 9 5 37
74 9 6 41
74 9 8 38
74 9 9 43
74 11 0 44
74 11 3 38
74 11 4 42
74 11 6 41
74 11 7 36
74 11 8 40
74 11 10 37
74 11 11 42
75 0 0 50
75 0 2 44
75 0 4 48
75 0 6 47
75 0 7 42
75 0 8 46
75 0 9 43
75 0 10 48
75 2 0 45
75 2 1 49
75 2 2 53
75 2 3 52
75 2 4 53
75 2 7 55
75 2 8 54
75 2 10 51
75 3 0 49
75 3 1 53
75 3 2 57
75 3 5 56
75 3 8 57
75 3 9 59
75 3 10 58
75 3 11 55
75 6 1 48
75 6 2 52
75 6 3 56
75 6 5 55
75 6 6 56
75 6 7 58
75 6 9 57
75 6 10 54
75 9 1 49
75 9 2 53
75 9 3 57
75 9 4 56
75 9 5 57
75 9 6 59
75 9 8 58
75 9 9 55
76 2 0 85
76 2 1 79
76 2 2 84
76 2 3 88
76 2 4 72
76 2 7 86
76 2 8 88
76 2 10 88
76 4 1 84
76 4 2 82
76 4 3 77
76 4 5 82
76 4 6 75
76 4 7 79
76 4 10 82
76 4 11 85
76 5 0 82
76 5 2 80
76 5 3 75
76 5 4 80
76 5 7 73
76 5 9 77
76 5 10 80
76 5 11 83
76 7 0 78
76 7 1 76
76 7 2 74
76 7 3 79
76 7 4 86
76 7 8 76
76 7 9 75
76 7 10 84
76 9 1 85
76 9 2 83
76 9 3 81
76 9 4 86
76 9 5 93
76 9 6 83
76 9 8 82
76 9 9 91
77 4 1 81
77 4 2 79
77 4 3 77
77 4 5 82
77 4 6 89
77 4 7 79
77 4 10 78
77 4 11 87
77 11 0 79
77 11 3 77
77 11 4 75
77 11 6 80
77 11 7 87
77 11 8 77
77 11 10 76
77 11 11 85
77 12 0 85
77 12 2 79
77 12 3 84
77 12 6 88
77 12 7 72
77 12 8 86
77 12 10 88
77 12 11 88
78 2 0 84
78 2 1 82
78 2 2 77
78 2 3 82
78 2 4 75
78 2 7 79
78 2 8 82
78 2 10 85
78 8 0 82
78 8 1 80
78 8 3 75
78 8 4 80
78 8 6 73
78 8 8 77
78 8 9 80
78 8 11 83
78 9 1 80
78 9 2 78
78 9 3 73
78 9 4 78
78 9 5 71
78 9 6 75
78 9 8 78
78 9 9 81
79 3 0 94
79 3 1 98
79 3 2 102
79 3 5 101
79 3 8 86
79 3 9 100
79 3 10 87
79 3 11 92
79 5 0 90
79 5 2 100
79 5 3 110
79 5 4 91
79 5 7 92
79 5 9 100
79 5 10 105
79 5 11 90
79 6 1 109
79 6 2 113
79 6 3 111
79 6 5 112
79 6 6 95
79 6 7 93
79 6 9 104
79 6 10 113
79 8 0 108
79 8 1 112
79 8 3 110
79 8 4 111
79 8 6 94
79 8 8 92
79 8 9 103
79 8 11 112
79 10 0 85
79 10 2 83
79 10 3 81
79 10 4 86
79 10 6 93
79 10 7 83
79 10 8 82
79 10 10 91
80 2 0 83
80 2 1 81
80 2 2 76
80 2 3 81
80 2 4 74
80 2 7 78
80 2 8 81
80 2 10 84
80 8 0 81
80 8 1 79
80 8 3 74
80 8 4 79
80 8 6 72
80 8 8 76
80 8 9 79
80 8 11 82
80 9 1 66
80 9 2 70
80 9 3 74
80 9 4 73
80 9 5 68
80 9 6 67
80 9 8 69
80 9 9 69
80 14 1 81
80 14 2 79
80 14 3 74
80 14 4 79
80 14 7 72
80 14 9 76
80 14 10 79
80 14 11 82
81 6 1 48
81 6 2 42
81 6 3 46
81 6 5 45
81 6 6 40
81 6 7 44
81 6 9 41
81 6 10 46
81 7 0 42
81 7 1 41
81 7 2 38
81 7 3 41
81 7 4 37
81 7 8 39
81 7 9 41
81 7 10 42
81 10 0 46
81 10 2 40
81 10 3 44
81 10 4 43
81 10 6 38
81 10 7 42
81 10 8 39
81 10 10 44
82 0 0 17
82 0 2 17
82 0 4 15
82 0 6 17
82 0 7 15
82 0 8 16
82 0 9 17
82 0 10 17
82 3 0 17
82 3 1 17
82 3 2 15
82 3 5 17
82 3 8 15
82 3 9 16
82 3 10 17
82 3 11 17
82 9 1 15
82 9 2 15
82 9 3 13
82 9 4 15
82 9 5 13
82 9 6 14
82 9 8 15
82 9 9 15
82 11 0 17
82 11 3 17
82 11 4 15
82 11 6 17
82 11 7 15
82 11 8 16
82 11 10 17
82 11 11 17
82 12 0 15
82 12 2 15
82 12 3 13
82 12 6 15
82 12 7 13
82 12 8 14
82 12 10 15
82 12 11 15
83 3 0 20
83 3 1 20
83 3 2 18
83 3 5 20
83 3 8 18
83 3 9 19
83 3 10 20
83 3 11 20
83 11 0 20
83 11 3 24
83 11 4 22
83 11 6 21
83 11 7 22
83 11 8 24
83 11 10 23
83 11 11 20
83 12 0 18
83 12 2 22
83 12 3 20
83 12 6 19
83 12 7 20
83 12 8 22
83 12 10 21
83 12 11 18
83 13 0 21
83 13 3 20
83 13 4 19
83 13 5 18
83 13 6 18
83 13 7 22
83 13 8 19
83 13 10 19
83 14 1 18
83 14 2 22
83 14 3 20
83 14 4 19
83 14 7 20
83 14 9 22
83 14 10 21
83 14 11 18
84 1 0 9
84 1 2 9
84 1 4 8
84 1 6 9
84 1 8 8
84 1 9 9
84 1 10 9
84 1 11 9
84 4 1 9
84 4 2 10
84 4 3 11
84 4 5 10
84 4 6 11
84 4 7 10
84 4 10 9
84 4 11 9
84 11 0 12
84 11 3 12
84 11 4 10
84 11 6 12
84 11 7 10
84 11 8 11
84 11 10 12
84 11 11 12
84 14 1 9
84 14 2 10
84 14 3 11
84 14 4 10
84 14 7 11
84 14 9 10
84 14 10 9
84 14 11 9
85 1 0 81
85 1 2 79
85 1 4 77
85 1 6 82
85 1 8 89
85 1 9 79
85 1 10 78
85 1 11 87
85 6 1 79
85 6 2 77
85 6 3 75
85 6 5 80
85 6 6 87
85 6 7 77
85 6 9 76
85 6 10 85
85 7 0 85
85 7 1 79
85 7 2 84
85 7 3 88
85 7 4 72
85 7 8 86
85 7 9 88
85 7 10 88
85 8 0 82
85 8 1 80
85 8 3 78
85 8 4 83
85 8 6 90
85 8 8 80
85 8 9 79
85 8 11 88
86 0 0 45
86 0 2 39
86 0 4 43
86 0 6 42
86 0 7 37
86 0 8 41
86 0 9 38
86 0 10 43
86 1 0 44
86 1 2 38
86 1 4 42
86 1 6 41
86 1 8 36
86 1 9 40
86 1 10 37
86 1 11 42
86 2 0 41
86 2 1 40
86 2 2 37
86 2 3 40
86 2 4 36
86 2 7 38
86 2 8 40
86 2 10 41
86 13 0 44
86 13 3 38
86 13 4 42
86 13 5 41
86 13 6 36
86 13 7 40
86 13 8 37
86 13 10 42
87 2 0 37
87 2 1 36
87 2 2 33
87 2 3 36
87 2 4 32
87 2 7 34
87 2 8 36
87 2 10 37
87 4 1 36
87 4 2 35
87 4 3 32
87 4 5 35
87 4 6 31
87 4 7 33
87 4 10 35
87 4 11 36
87 7 0 27
87 7 1 30
87 7 2 33
87 7 3 28
87 7 4 29
87 7 8 30
87 7 9 28
87 7 10 27
87 9 1 36
87 9 2 35
87 9 3 32
87 9 4 35
87 9 5 31
87 9 6 33
87 9 8 35
87 9 9 36
87 14 1 26
87 14 2 30
87 14 3 28
87 14 4 27
87 14 7 28
87 14 9 30
87 14 10 29
87 14 11 26
88 1 0 19
88 1 2 19
88 1 4 17
88 1 6 19
88 1 8 17
88 1 9 18
88 1 10 19
88 1 11 19
88 3 0 19
88 3 1 19
88 3 2 17
88 3 5 19
88 3 8 17
88 3 9 18
88 3 10 19
88 3 11 19
88 5 0 17
88 5 2 17
88 5 3 15
88 5 4 17
88 5 7 15
88 5 9 16
88 5 10 17
88 5 11 17
88 8 0 19
88 8 1 19
88 8 3 17
88 8 4 19
88 8 6 17
88 8 8 18
88 8 9 19
88 8 11 19
88 9 1 17
88 9 2 17
88 9 3 15
88 9 4 17
88 9 5 15
88 9 6 16
88 9 8 17
88 9 9 17
89 1 0 38
89 1 2 37
89 1 4 34
89 1 6 37
89 1 8 33
89 1 9 35
89 1 10 37
89 1 11 38
89 2 0 37
89 2 1 36
89 2 2 33
89 2 3 36
89 2 4 32
89 2 7 34
89 2 8 36
89 2 10 37
89 10 0 34
89 10 2 33
89 10 3 30
89 10 4 33
89 10 6 29
89 10 7 31
89 10 8 33
89 10 10 34
89 11 0 37
89 11 3 36
89 11 4 33
89 11 6 36
89 11 7 32
89 11 8 34
89 11 10 36
89 11 11 37
89 12 0 27
89 12 2 30
89 12 3 33
89 12 6 28
89 12 7 29
89 12 8 30
89 12 10 28
89 12 11 27
90 1 0 49
90 1 2 53
90 1 4 57
90 1 6 56
90 1 8 57
90 1 9 59
90 1 10 58
90 1 11 55
90 4 1 58
90 4 2 68
90 4 3 64
90 4 5 59
90 4 6 60
90 4 7 68
90 4 10 59
90 4 11 58
90 11 0 54
90 11 3 64
90 11 4 60
90 11 6 55
90 11 7 56
90 11 8 64
90 11 10 55
90 11 11 54
91 2 0 17
91 2 1 17
91 2 2 15
91 2 3 17
91 2 4 15
91 2 7 16
91 2 8 17
91 2 10 17
91 9 1 17
91 9 2 17
91 9 3 15
91 9 4 17
91 9 5 15
91 9 6 16
91 9 8 17
91 9 9 17
91 11 0 15
91 11 3 15
91 11 4 13
91 11 6 15
91 11 7 13
91 11 8 14
91 11 10 15
91 11 11 15
92 0 0 46
92 0 2 50
92 0 4 54
92 0 6 53
92 0 7 54
92 0 8 56
92 0 9 55
92 0 10 52
92 7 0 50
92 7 1 54
92 7 2 58
92 7 3 57
92 7 4 58
92 7 8 60
92 7 9 59
92 7 10 56
92 12 0 65
92 12 2 58
92 12 3 56
92 12 6 61
92 12 7 55
92 12 8 61
92 12 10 66
92 12 11 62
93 3 0 85
93 3 1 83
93 3 2 78
93 3 5 83
93 3 8 76
93 3 9 80
93 3 10 83
93 3 11 86
93 4 1 83
93 4 2 81
93 4 3 76
93 4 5 81
93 4 6 74
93 4 7 78
93 4 10 81
93 4 11 84
93 8 0 78
93 8 1 76
93 8 3 71
93 8 4 76
93 8 6 69
93 8 8 73
93 8 9 76
93 8 11 79
93 10 0 83
93 10 2 81
93 10 3 76
93 10 4 81
93 10 6 74
93 10 7 78
93 10 8 81
93 10 10 84
93 14 1 66
93 14 2 70
93 14 3 74
93 14 4 73
93 14 7 68
93 14 9 67
93 14 10 69
93 14 11 69
94 3 0 20
94 3 1 20
94 3 2 18
94 3 5 20
94 3 8 18
94 3 9 19
94 3 10 20
94 3 11 20
94 5 0 20
94 5 2 24
94 5 3 22
94 5 4 21
94 5 7 22
94 5 9 24
94 5 10 23
94 5 11 20
94 8 0 18
94 8 1 22
94 8 3 20
94 8 4 19
94 8 6 20
94 8 8 22
94 8 9 21
94 8 11 18
94 10 0 21
94 10 2 20
94 10 3 19
94 10 4 18
94 10 6 18
94 10 7 22
94 10 8 19
94 10 10 19
95 2 0 19
95 2 1 23
95 2 2 21
95 2 3 20
95 2 4 21
95 2 7 23
95 2 8 22
95 2 10 19
95 13 0 23
95 13 3 27
95 13 4 25
95 13 5 24
95 13 6 25
95 13 7 27
95 13 8 26
95 13 10 23
95 14 1 21
95 14 2 25
95 14 3 23
95 14 4 22
95 14 7 23
95 14 9 25
95 14 10 24
95 14 11 21
96 0 0 54
96 0 2 64
96 0 4 60
96 0 6 55
96 0 7 56
96 0 8 64
96 0 9 55
96 0 10 54
96 4 1 77
96 4 2 75
96 4 3 70
96 4 5 75
96 4 6 68
96 4 7 72
96 4 10 75
96 4 11 78
96 6 1 60
96 6 2 70
96 6 3 66
96 6 5 61
96 6 6 62
96 6 7 70
96 6 9 61
96 6 10 60
96 14 1 55
96 14 2 65
96 14 3 61
96 14 4 56
96 14 7 57
96 14 9 65
96 14 10 56
96 14 11 55
97 2 0 13
97 2 1 13
97 2 2 11
97 2 3 13
97 2 4 11
97 2 7 12
97 2 8 13
97 2 10 13
97 8 0 13
97 8 1 13
97 8 3 11
97 8 4 13
97 8 6 11
97 8 8 12
97 8 9 13
97 8 11 13
97 9 1 9
97 9 2 10
97 9 3 11
97 9 4 10
97 9 5 11
97 9 6 10
97 9 8 9
97 9 9 9
97 11 0 13
97 11 3 13
97 11 4 11
97 11 6 13
97 11 7 11
97 11 8 12
97 11 10 13
97 11 11 13
98 3 0 84
98 3 1 89
98 3 2 92
98 3 5 81
98 3 8 84
98 3 9 90
98 3 10 89
98 3 11 94
98 7 0 90
98 7 1 100
98 7 2 110
98 7 3 91
98 7 4 92
98 7 8 100
98 7 9 105
98 7 10 90
98 13 0 106
98 13 3 102
98 13 4 121
98 13 5 117
98 13 6 104
98 13 7 119
98 13 8 104
98 13 10 110
99 2 0 85
99 2 1 79
99 2 2 84
99 2 3 88
99 2 4 72
99 2 7 86
99 2 8 88
99 2 10 88
99 3 0 84
99 3 1 82
99 3 2 77
99 3 5 82
99 3 8 75
99 3 9 79
99 3 10 82
99 3 11 85
99 6 1 79
99 6 2 77
99 6 3 72
99 6 5 77
99 6 6 70
99 6 7 74
99 6 9 77
99 6 10 80
99 12 0 84
99 12 2 82
99 12 3 77
99 12 6 82
99 12 7 75
99 12 8 79
99 12 10 82
99 12 11 85
100 1 0 49
100 1 2 53
100 1 4 57
100 1 6 56
100 1 8 57
100 1 9 59
100 1 10 58
100 1 11 55
100 5 0 58
100 5 2 68
100 5 3 64
100 5 4 59
100 5 7 60
100 5 9 68
100 5 10 59
100 5 11 58
100 7 0 54
100 7 1 64
100 7 2 60
100 7 3 55
100 7 4 56
100 7 8 64
100 7 9 55
100 7 10 54
101 1 0 49
101 1 2 43
101 1 4 47
101 1 6 46
101 1 8 41
101 1 9 45
101 1 10 42
101 1 11 47
101 2 0 42
101 2 1 40
101 2 2 38
101 2 3 43
101 2 4 41
101 2 7 40
101 2 8 39
101 2 10 39
101 6 1 47
101 6 2 41
101 6 3 45
101 6 5 44
101 6 6 39
101 6 7 43
101 6 9 40
101 6 10 45
101 8 0 46
101 8 1 40
101 8 3 44
101 8 4 43
101 8 6 38
101 8 8 42
101 8 9 39
101 8 11 44
102 4 1 86
102 4 2 84
102 4 3 82
102 4 5 87
102 4 6 94
102 4 7 84
102 4 10 83
102 4 11 92
102 6 1 91
102 6 2 95
102 6 3 99
102 6 5 98
102 6 6 83
102 6 7 97
102 6 9 84
102 6 10 89
102 8 0 95
102 8 1 99
102 8 3 103
102 8 4 102
102 8 6 87
102 8 8 101
102 8 9 88
102 8 11 93
102 9 1 94
102 9 2 98
102 9 3 102
102 9 4 101
102 9 5 86
102 9 6 100
102 9 8 87
102 9 9 92
102 10 0 78
102 10 2 76
102 10 3 74
102 10 4 79
102 10 6 86
102 10 7 76
102 10 8 75
102 10 10 84
103 2 0 85
103 2 1 79
103 2 2 84
103 2 3 88
103 2 4 72
103 2 7 86
103 2 8 88
103 2 10 88
103 9 1 84
103 9 2 82
103 9 3 77
103 9 4 82
103 9 5 75
103 9 6 79
103 9 8 82
103 9 9 85
103 10 0 79
103 10 2 77
103 10 3 72
103 10 4 77
103 10 6 70
103 10 7 74
103 10 8 77
103 10 10 80
104 0 0 42
104 0 2 40
104 0 4 38
104 0 6 43
104 0 7 41
104 0 8 40
104 0 9 39
104 0 10 39
104 1 0 42
104 1 2 41
104 1 4 38
104 1 6 41
104 1 8 37
104 1 9 39
104 1 10 41
104 1 11 42
104 3 0 39
104 3 1 38
104 3 2 35
104 3 5 38
104 3 8 34
104 3 9 36
104 3 10 38
104 3 11 39
104 10 0 42
104 10 2 41
104 10 3 38
104 10 4 41
104 10 6 37
104 10 7 39
104 10 8 41
104 10 10 42
104 13 0 38
104 13 3 37
104 13 4 34
104 13 5 37
104 13 6 33
104 13 7 35
104 13 8 37
104 13 10 38
105 7 0 55
105 7 1 65
105 7 2 61
105 7 3 56
105 7 4 57
105 7 8 65
105 7 9 56
105 7 10 55
105 8 0 78
105 8 1 76
105 8 3 71
105 8 4 76
105 8 6 69
105 8 8 73
105 8 9 76
105 8 11 79
105 11 0 61
105 11 3 71
105 11 4 67
105 11 6 62
105 11 7 63
105 11 8 71
105 11 10 62
105 11 11 61
106 1 0 21
106 1 2 20
106 1 4 19
106 1 6 18
106 1 8 18
106 1 9 22
106 1 10 19
106 1 11 19
106 4 1 21
106 4 2 20
106 4 3 19
106 4 5 18
106 4 6 18
106 4 7 22
106 4 10 19
106 4 11 19
106 7 0 19
106 7 1 19
106 7 2 17
106 7 3 19
106 7 4 17
106 7 8 18
106 7 9 19
106 7 10 19
106 10 0 21
106 10 2 20
106 10 3 19
106 10 4 18
106 10 6 18
106 10 7 22
106 10 8 19
106 10 10 19
107 3 0 50
107 3 1 44
107 3 2 48
107 3 5 47
107 3 8 42
107 3 9 46
107 3 10 43
107 3 11 48
107 13 0 44
107 13 3 38
107 13 4 42
107 13 5 41
107 13 6 36
107 13 7 40
107 13 8 37
107 13 10 42
107 14 1 48
107 14 2 42
107 14 3 46
107 14 4 45
107 14 7 40
107 14 9 44
107 14 10 41
107 14 11 46
108 2 0 15
108 2 1 15
108 2 2 13
108 2 3 15
108 2 4 13
108 2 7 14
108 2 8 15
108 2 10 15
108 6 1 15
108 6 2 15
108 6 3 13
108 6 5 15
108 6 6 13
108 6 7 14
108 6 9 15
108 6 10 15
108 10 0 13
108 10 2 13
108 10 3 11
108 10 4 13
108 10 6 11
108 10 7 12
108 10 8 13
108 10 10 13
108 13 0 15
108 13 3 15
108 13 4 13
108 13 5 15
108 13 6 13
108 13 7 14
108 13 8 15
108 13 10 15
108 14 1 13
108 14 2 13
108 14 3 11
108 14 4 13
108 14 7 11
108 14 9 12
108 14 10 13
108 14 11 13
109 0 0 82
109 0 2 80
109 0 4 78
109 0 6 83
109 0 7 90
109 0 8 80
109 0 9 79
109 0 10 88
109 2 0 80
109 2 1 78
109 2 2 76
109 2 3 81
109 2 4 88
109 2 7 78
109 2 8 77
109 2 10 86
109 9 1 78
109 9 2 76
109 9 3 74
109 9 4 79
109 9 5 86
109 9 6 76
109 9 8 75
109 9 9 84
110 8 0 54
110 8 1 64
110 8 3 60
110 8 4 55
110 8 6 56
110 8 8 64
110 8 9 55
110 8 11 54
110 10 0 77
110 10 2 75
110 10 3 70
110 10 4 75
110 10 6 68
110 10 7 72
110 10 8 75
110 10 10 78
110 12 0 60
110 12 2 70
110 12 3 66
110 12 6 61
110 12 7 62
110 12 8 70
110 12 10 61
110 12 11 60
111 2 0 85
111 2 1 83
111 2 2 78
111 2 3 83
111 2 4 76
111 2 7 80
111 2 8 83
111 2 10 86
111 8 0 83
111 8 1 81
111 8 3 76
111 8 4 81
111 8 6 74
111 8 8 78
111 8 9 81
111 8 11 84
111 11 0 78
111 11 3 76
111 11 4 71
111 11 6 76
111 11 7 69
111 11 8 73
111 11 10 76
111 11 11 79
112 2 0 20
112 2 1 24
112 2 2 22
112 2 3 21
112 2 4 22
112 2 7 24
112 2 8 23
112 2 10 20
112 7 0 24
112 7 1 28
112 7 2 26
112 7 3 25
112 7 4 26
112 7 8 28
112 7 9 27
112 7 10 24
112 12 0 22
112 12 2 26
112 12 3 24
112 12 6 23
112 12 7 24
112 12 8 26
112 12 10 25
112 12 11 22
112 13 0 21
112 13 3 25
112 13 4 23
112 13 5 22
112 13 6 23
112 13 7 25
112 13 8 24
112 13 10 21
113 0 0 21
113 0 2 20
113 0 4 19
113 0 6 18
113 0 7 18
113 0 8 22
113 0 9 19
113 0 10 19
113 2 0 21
113 2 1 25
113 2 2 23
113 2 3 22
113 2 4 23
113 2 7 25
113 2 8 24
113 2 10 21
113 4 1 19
113 4 2 23
113 4 3 21
113 4 5 20
113 4 6 21
113 4 7 23
113 4 10 22
113 4 11 19
113 5 0 18
113 5 2 22
113 5 3 20
113 5 4 19
113 5 7 20
113 5 9 22
113 5 10 21
113 5 11 18
113 10 0 19
113 10 2 23
113 10 3 21
113 10 4 20
113 10 6 21
113 10 7 23
113 10 8 22
113 10 10 19
114 0 0 84
114 0 2 82
114 0 4 77
114 0 6 82
114 0 7 75
114 0 8 79
114 0 9 82
114 0 10 85
114 1 0 82
114 1 2 80
114 1 4 75
114 1 6 80
114 1 8 73
114 1 9 77
114 1 10 80
114 1 11 83
114 5 0 80
114 5 2 78
114 5 3 73
114 5 4 78
114 5 7 71
114 5 9 75
114 5 10 78
114 5 11 81
114 7 0 85
114 7 1 83
114 7 2 78
114 7 3 83
114 7 4 76
114 7 8 80
114 7 9 83
114 7 10 86
114 13 0 83
114 13 3 81
114 13 4 79
114 13 5 84
114 13 6 91
114 13 7 81
114 13 8 80
114 13 10 89
115 3 0 21
115 3 1 20
115 3 2 19
115 3 5 18
115 3 8 18
115 3 9 22
115 3 10 19
115 3 11 19
115 4 1 21
115 4 2 25
115 4 3 23
115 4 5 22
115 4 6 23
115 4 7 25
115 4 10 24
115 4 11 21
115 5 0 19
115 5 2 23
115 5 3 21
115 5 4 20
115 5 7 21
115 5 9 23
115 5 10 22
115 5 11 19
116 2 0 89
116 2 1 93
116 2 2 97
116 2 3 96
116 2 4 81
116 2 7 95
116 2 8 82
116 2 10 87
116 4 1 93
116 4 2 97
116 4 3 101
116 4 5 100
116 4 6 85
116 4 7 99
116 4 10 86
116 4 11 91
116 6 1 97
116 6 2 101
116 6 3 105
116 6 5 104
116 6 6 89
116 6 7 103
116 6 9 90
116 6 10 95
116 8 0 96
116 8 1 100
116 8 3 104
116 8 4 103
116 8 6 88
116 8 8 102
116 8 9 89
116 8 11 94
117 7 0 95
117 7 1 99
117 7 2 103
117 7 3 102
117 7 4 87
117 7 8 101
117 7 9 88
117 7 10 93
117 12 0 106
117 12 2 110
117 12 3 108
117 12 6 109
117 12 7 92
117 12 8 90
117 12 10 101
117 12 11 110
117 14 1 110
117 14 2 114
117 14 3 112
117 14 4 113
117 14 7 96
117 14 9 94
117 14 10 105
117 14 11 114
118 0 0 14
118 0 2 14
118 0 4 12
118 0 6 14
118 0 7 12
118 0 8 13
118 0 9 14
118 0 10 14
118 2 0 14
118 2 1 14
118 2 2 12
118 2 3 14
118 2 4 12
118 2 7 13
118 2 8 14
118 2 10 14
118 6 1 12
118 6 2 12
118 6 3 10
118 6 5 12
118 6 6 10
118 6 7 11
118 6 9 12
118 6 10 12
118 7 0 14
118 7 1 14
118 7 2 12
118 7 3 14
118 7 4 12
118 7 8 13
118 7 9 14
118 7 10 14
118 11 0 12
118 11 3 12
118 11 4 10
118 11 6 12
118 11 7 10
118 11 8 11
118 11 10 12
118 11 11 12
119 2 0 21
119 2 1 25
119 2 2 23
119 2 3 22
119 2 4 23
119 2 7 25
119 2 8 24
119 2 10 21
119 5 0 25
119 5 2 29
119 5 3 27
119 5 4 26
119 5 7 27
119 5 9 29
119 5 10 28
119 5 11 25
119 7 0 23
119 7 1 27
119 7 2 25
119 7 3 24
119 7 4 25
119 7 8 27
119 7 9 26
119 7 10 23
119 11 0 22
119 11 3 26
119 11 4 24
119 11 6 23
119 11 7 24
119 11 8 26
119 11 10 25
119 11 11 22
119 12 0 23
119 12 2 27
119 12 3 25
119 12 6 24
119 12 7 25
119 12 8 27
119 12 10 26
119 12 11 23
120 7 0 19
120 7 1 19
120 7 2 17
120 7 3 19
120 7 4 17
120 7 8 18
120 7 9 19
120 7 10 19
120 12 0 19
120 12 2 19
120 12 3 17
120 12 6 19
120 12 7 17
120 12 8 18
120 12 10 19
120 12 11 19
120 14 1 17
120 14 2 17
120 14 3 15
120 14 4 17
120 14 7 15
120 14 9 16
120 14 10 17
120 14 11 17
121 1 0 86
121 1 2 84
121 1 4 82
121 1 6 87
121 1 8 94
121 1 9 84
121 1 10 83
121 1 11 92
121 4 1 91
121 4 2 95
121 4 3 99
121 4 5 98
121 4 6 83
121 4 7 97
121 4 10 84
121 4 11 89
121 8 0 95
121 8 1 99
121 8 3 103
121 8 4 102
121 8 6 87
121 8 8 101
121 8 9 88
121 8 11 93
121 14 1 94
121 14 2 98
121 14 3 102
121 14 4 101
121 14 7 86
121 14 9 100
121 14 10 87
121 14 11 92
122 5 0 47
122 5 2 51
122 5 3 55
122 5 4 54
122 5 7 55
122 5 9 57
122 5 10 56
122 5 11 53
122 10 0 51
122 10 2 55
122 10 3 59
122 10 4 58
122 10 6 59
122 10 7 61
122 10 8 60
122 10 10 57
122 13 0 54
122 13 3 64
122 13 4 60
122 13 5 55
122 13 6 56
122 13 7 64
122 13 8 55
122 13 10 54
123 5 0 79
123 5 2 77
123 5 3 75
123 5 4 80
123 5 7 87
123 5 9 77
123 5 10 76
123 5 11 85
123 9 1 85
123 9 2 79
123 9 3 84
123 9 4 88
123 9 5 72
123 9 6 86
123 9 8 88
123 9 9 88
123 11 0 81
123 11 3 79
123 11 4 74
123 11 6 79
123 11 7 72
123 11 8 76
123 11 10 79
123 11 11 82
124 4 1 49
124 4 2 53
124 4 3 57
124 4 5 56
124 4 6 57
124 4 7 59
124 4 10 58
124 4 11 55
124 5 0 58
124 5 2 68
124 5 3 64
124 5 4 59
124 5 7 60
124 5 9 68
124 5 10 59
124 5 11 58
124 6 1 54
124 6 2 64
124 6 3 60
124 6 5 55
124 6 6 56
124 6 7 64
124 6 9 55
124 6 10 54
124 7 0 50
124 7 1 54
124 7 2 58
124 7 3 57
124 7 4 58
124 7 8 60
124 7 9 59
124 7 10 56
125 3 0 50
125 3 1 54
125 3 2 52
125 3 5 53
125 3 8 47
125 3 9 45
125 3 10 45
125 3 11 54
125 4 1 47
125 4 2 41
125 4 3 45
125 4 5 44
125 4 6 39
125 4 7 43
125 4 10 40
125 4 11 45
125 8 0 51
125 8 1 45
125 8 3 49
125 8 4 48
125 8 6 43
125 8 8 47
125 8 9 44
125 8 11 49
125 10 0 50
125 10 2 44
125 10 3 48
125 10 4 47
125 10 6 42
125 10 7 46
125 10 8 43
125 10 10 48
126 2 0 47
126 2 1 41
126 2 2 45
126 2 3 44
126 2 4 39
126 2 7 43
126 2 8 40
126 2 10 45
126 7 0 41
126 7 1 40
126 7 2 37
126 7 3 40
126 7 4 36
126 7 8 38
126 7 9 40
126 7 10 41
126 12 0 45
126 12 2 39
126 12 3 43
126 12 6 42
126 12 7 37
126 12 8 41
126 12 10 38
126 12 11 43
127 1 0 37
127 1 2 36
127 1 4 33
127 1 6 36
127 1 8 32
127 1 9 34
127 1 10 36
127 1 11 37
127 6 1 36
127 6 2 35
127 6 3 32
127 6 5 35
127 6 6 31
127 6 7 33
127 6 9 35
127 6 10 36
127 14 1 27
127 14 2 30
127 14 3 33
127 14 4 28
127 14 7 29
127 14 9 30
127 14 10 28
127 14 11 27
128 5 0 24
128 5 2 28
128 5 3 26
128 5 4 25
128 5 7 26
128 5 9 28
128 5 10 27
128 5 11 24
128 13 0 27
128 13 3 30
128 13 4 33
128 13 5 28
128 13 6 29
128 13 7 30
128 13 8 28
128 13 10 27
128 14 1 36
128 14 2 35
128 14 3 32
128 14 4 35
128 14 7 31
128 14 9 33
128 14 10 35
128 14 11 36
129 2 0 95
129 2 1 99
129 2 2 103
129 2 3 102
129 2 4 87
129 2 7 101
129 2 8 88
129 2 10 93
129 3 0 106
129 3 1 110
129 3 2 108
129 3 5 109
129 3 8 92
129 3 9 90
129 3 10 101
129 3 11 110
129 5 0 110
129 5 2 114
129 5 3 112
129 5 4 113
129 5 7 96
129 5 9 94
129 5 10 105
129 5 11 114
129 6 1 109
129 6 2 113
129 6 3 111
129 6 5 112
129 6 6 95
129 6 7 93
129 6 9 104
129 6 10 113
129 9 1 86
129 9 2 84
129 9 3 82
129 9 4 87
129 9 5 94
129 9 6 84
129 9 8 83
129 9 9 92
130 4 1 21
130 4 2 25
130 4 3 23
130 4 5 22
130 4 6 23
130 4 7 25
130 4 10 24
130 4 11 21
130 5 0 25
130 5 2 29
130 5 3 27
130 5 4 26
130 5 7 27
130 5 9 29
130 5 10 28
130 5 11 25
130 8 0 23
130 8 1 27
130 8 3 25
130 8 4 24
130 8 6 25
130 8 8 27
130 8 9 26
130 8 11 23
130 9 1 22
130 9 2 26
130 9 3 24
130 9 4 23
130 9 5 24
130 9 6 26
130 9 8 25
130 9 9 22
130 12 0 23
130 12 2 27
130 12 3 25
130 12 6 24
130 12 7 25
130 12 8 27
130 12 10 26
130 12 11 23
131 4 1 22
131 4 2 26
131 4 3 24
131 4 5 23
131 4 6 24
131 4 7 26
131 4 10 25
131 4 11 22
131 5 0 26
131 5 2 30
131 5 3 28
131 5 4 27
131 5 7 28
131 5 9 30
131 5 10 29
131 5 11 26
131 7 0 24
131 7 1 28
131 7 2 26
131 7 3 25
131 7 4 26
131 7 8 28
131 7 9 27
131 7 10 24
131 11 0 23
131 11 3 27
131 11 4 25
131 11 6 24
131 11 7 25
131 11 8 27
131 11 10 26
131 11 11 23
131 13 0 24
131 13 3 28
131 13 4 26
131 13 5 25
131 13 6 26
131 13 7 28
131 13 8 27
131 13 10 24
132 0 0 47
132 0 2 41
132 0 4 45
132 0 6 44
132 0 7 39
132 0 8 43
132 0 9 40
132 0 10 45
132 1 0 41
132 1 2 40
132 1 4 37
132 1 6 40
132 1 8 36
132 1 9 38
132 1 10 40
132 1 11 41
132 5 0 45
132 5 2 39
132 5 3 43
132 5 4 42
132 5 7 37
132 5 9 41
132 5 10 38
132 5 11 43
132 9 1 44
132 9 2 38
132 9 3 42
132 9 4 41
132 9 5 36
132 9 6 40
132 9 8 37
132 9 9 42
133 4 1 18
133 4 2 18
133 4 3 16
133 4 5 18
133 4 6 16
133 4 7 17
133 4 10 18
133 4 11 18
133 5 0 18
133 5 2 18
133 5 3 16
133 5 4 18
133 5 7 16
133 5 9 17
133 5 10 18
133 5 11 18
133 11 0 16
133 11 3 16
133 11 4 14
133 11 6 16
133 11 7 14
133 11 8 15
133 11 10 16
133 11 11 16
133 12 0 18
133 12 2 18
133 12 3 16
133 12 6 18
133 12 7 16
133 12 8 17
133 12 10 18
133 12 11 18
134 1 0 48
134 1 2 42
134 1 4 46
134 1 6 45
134 1 8 40
134 1 9 44
134 1 10 41
134 1 11 46
134 2 0 52
134 2 1 46
134 2 2 50
134 2 3 49
134 2 4 44
134 2 7 48
134 2 8 45
134 2 10 50
134 6 1 47
134 6 2 51
134 6 3 55
134 6 5 54
134 6 6 55
134 6 7 57
134 6 9 56
134 6 10 53
135 3 0 82
135 3 1 80
135 3 2 78
135 3 5 83
135 3 8 90
135 3 9 80
135 3 10 79
135 3 11 88
135 5 0 80
135 5 2 78
135 5 3 76
135 5 4 81
135 5 7 88
135 5 9 78
135 5 10 77
135 5 11 86
135 7 0 78
135 7 1 76
135 7 2 74
135 7 3 79
135 7 4 86
135 7 8 76
135 7 9 75
135 7 10 84
135 8 0 83
135 8 1 81
135 8 3 79
135 8 4 84
135 8 6 91
135 8 8 81
135 8 9 80
135 8 11 89
136 0 0 53
136 0 2 57
136 0 4 61
136 0 6 60
136 0 7 61
136 0 8 63
136 0 9 62
136 0 10 59
136 4 1 62
136 4 2 72
136 4 3 68
136 4 5 63
136 4 6 64
136 4 7 72
136 4 10 63
136 4 11 62
136 8 0 58
136 8 1 68
136 8 3 64
136 8 4 59
136 8 6 60
136 8 8 68
136 8 9 59
136 8 11 58
137 2 0 44
137 2 1 38
137 2 2 42
137 2 3 41
137 2 4 36
137 2 7 40
137 2 8 37
137 2 10 42
137 3 0 42
137 3 1 40
137 3 2 38
137 3 5 43
137 3 8 41
137 3 9 40
137 3 10 39
137 3 11 39
137 5 0 40
137 5 2 39
137 5 3 36
137 5 4 39
137 5 7 35
137 5 9 37
137 5 10 39
137 5 11 40
137 7 0 42
137 7 1 40
137 7 2 38
137 7 3 43
137 7 4 41
137 7 8 40
137 7 9 39
137 7 10 39
137 11 0 39
137 11 3 38
137 11 4 35
137 11 6 38
137 11 7 34
137 11 8 36
137 11 10 38
137 11 11 39
138 5 0 95
138 5 2 99
138 5 3 103
138 5 4 102
138 5 7 87
138 5 9 101
138 5 10 88
138 5 11 93
138 10 0 106
138 10 2 110
138 10 3 108
138 10 4 109
138 10 6 92
138 10 7 90
138 10 8 101
138 10 10 110
138 12 0 110
138 12 2 114
138 12 3 112
138 12 6 113
138 12 7 96
138 12 8 94
138 12 10 105
138 12 11 114
139 1 0 44
139 1 2 38
139 1 4 42
139 1 6 41
139 1 8 36
139 1 9 40
139 1 10 37
139 1 11 42
139 2 0 42
139 2 1 40
139 2 2 38
139 2 3 43
139 2 4 41
139 2 7 40
139 2 8 39
139 2 10 39
139 3 0 40
139 3 1 39
139 3 2 36
139 3 5 39
139 3 8 35
139 3 9 37
139 3 10 39
139 3 11 40
139 6 1 42
139 6 2 40
139 6 3 38
139 6 5 43
139 6 6 41
139 6 7 40
139 6 9 39
139 6 10 39
139 9 1 39
139 9 2 38
139 9 3 35
139 9 4 38
139 9 5 34
139 9 6 36
139 9 8 38
139 9 9 39
140 2 0 78
140 2 1 76
140 2 2 74
140 2 3 79
140 2 4 86
140 2 7 76
140 2 8 75
140 2 10 84
140 6 1 85
140 6 2 83
140 6 3 78
140 6 5 83
140 6 6 76
140 6 7 80
140 6 9 83
140 6 10 86
140 12 0 83
140 12 2 81
140 12 3 76
140 12 6 81
140 12 7 74
140 12 8 78
140 12 10 81
140 12 11 84
140 13 0 79
140 13 3 77
140 13 4 75
140 13 5 80
140 13 6 87
140 13 7 77
140 13 8 76
140 13 10 85
141 2 0 82
141 2 1 80
141 2 2 78
141 2 3 83
141 2 4 90
141 2 7 80
141 2 8 79
141 2 10 88
141 12 0 80
141 12 2 78
141 12 3 76
141 12 6 81
141 12 7 88
141 12 8 78
141 12 10 77
141 12 11 86
141 13 0 84
141 13 3 82
141 13 4 77
141 13 5 82
141 13 6 75
141 13 7 79
141 13 8 82
141 13 10 85
142 0 0 50
142 0 2 54
142 0 4 52
142 0 6 53
142 0 7 47
142 0 8 45
142 0 9 45
142 0 10 54
142 6 1 47
142 6 2 41
142 6 3 45
142 6 5 44
142 6 6 39
142 6 7 43
142 6 9 40
142 6 10 45
142 9 1 51
142 9 2 45
142 9 3 49
142 9 4 48
142 9 5 43
142 9 6 47
142 9 8 44
142 9 9 49
142 12 0 50
142 12 2 44
142 12 3 48
142 12 6 47
142 12 7 42
142 12 8 46
142 12 10 43
142 12 11 48
143 4 1 83
143 4 2 81
143 4 3 79
143 4 5 84
143 4 6 91
143 4 7 81
143 4 10 80
143 4 11 89
143 6 1 81
143 6 2 79
143 6 3 77
143 6 5 82
143 6 6 89
143 6 7 79
143 6 9 78
143 6 10 87
143 9 1 79
143 9 2 77
143 9 3 75
143 9 4 80
143 9 5 87
143 9 6 77
143 9 8 76
143 9 9 85
144 2 0 83
144 2 1 81
144 2 2 76
144 2 3 81
144 2 4 74
144 2 7 78
144 2 8 81
144 2 10 84
144 11 0 81
144 11 3 79
144 11 4 74
144 11 6 79
144 11 7 72
144 11 8 76
144 11 10 79
144 11 11 82
144 14 1 66
144 14 2 70
144 14 3 74
144 14 4 73
144 14 7 68
144 14 9 67
144 14 10 69
144 14 11 69
145 2 0 46
145 2 1 50
145 2 2 54
145 2 3 53
145 2 4 54
145 2 7 56
145 2 8 55
145 2 10 52
145 12 0 50
145 12 2 54
145 12 3 58
145 12 6 57
145 12 7 58
145 12 8 60
145 12 10 59
145 12 11 56
145 13 0 65
145 13 3 58
145 13 4 56
145 13 5 61
145 13 6 55
145 13 7 61
145 13 8 66
145 13 10 62
145 14 1 53
145 14 2 57
145 14 3 61
145 14 4 60
145 14 7 61
145 14 9 63
145 14 10 62
145 14 11 59
146 4 1 44
146 4 2 38
146 4 3 42
146 4 5 41
146 4 6 36
146 4 7 40
146 4 10 37
146 4 11 42
146 5 0 42
146 5 2 40
146 5 3 38
146 5 4 43
146 5 7 41
146 5 9 40
146 5 10 39
146 5 11 39
146 6 1 40
146 6 2 39
146 6 3 36
146 6 5 39
146 6 6 35
146 6 7 37
146 6 9 39
146 6 10 40
146 13 0 42
146 13 3 40
146 13 4 38
146 13 5 43
146 13 6 41
146 13 7 40
146 13 8 39
146 13 10 39
146 14 1 39
146 14 2 38
146 14 3 35
146 14 4 38
146 14 7 34
146 14 9 36
146 14 10 38
146 14 11 39
147 11 0 65
147 11 3 58
147 11 4 56
147 11 6 61
147 11 7 55
147 11 8 61
147 11 10 66
147 11 11 62
147 13 0 66
147 13 3 70
147 13 4 74
147 13 5 73
147 13 6 68
147 13 7 67
147 13 8 69
147 13 10 69
147 14 1 59
147 14 2 69
147 14 3 65
147 14 4 60
147 14 7 61
147 14 9 69
147 14 10 60
147 14 11 59
148 0 0 82
148 0 2 80
148 0 4 78
148 0 6 83
148 0 7 90
148 0 8 80
148 0 9 79
148 0 10 88
148 6 1 85
148 6 2 83
148 6 3 78
148 6 5 83
148 6 6 76
148 6 7 80
148 6 9 83
148 6 10 86
148 10 0 81
148 10 2 79
148 10 3 77
148 10 4 82
148 10 6 89
148 10 7 79
148 10 8 78
148 10 10 87
148 11 0 85
148 11 3 83
148 11 4 81
148 11 6 86
148 11 7 93
148 11 8 83
148 11 10 82
148 11 11 91
148 12 0 78
148 12 2 76
148 12 3 71
148 12 6 76
148 12 7 69
148 12 8 73
148 12 10 76
148 12 11 79
149 7 0 85
149 7 1 79
149 7 2 84
149 7 3 88
149 7 4 72
149 7 8 86
149 7 9 88
149 7 10 88
149 8 0 84
149 8 1 82
149 8 3 77
149 8 4 82
149 8 6 75
149 8 8 79
149 8 9 82
149 8 11 85
149 11 0 79
149 11 3 77
149 11 4 72
149 11 6 77
149 11 7 70
149 11 8 74
149 11 10 77
149 11 11 80
150 9 1 45
150 9 2 39
150 9 3 43
150 9 4 42
150 9 5 37
150 9 6 41
150 9 8 38
150 9 9 43
150 10 0 44
150 10 2 38
150 10 3 42
150 10 4 41
150 10 6 36
150 10 7 40
150 10 8 37
150 10 10 42
150 13 0 41
150 13 3 40
150 13 4 37
150 13 5 40
150 13 6 36
150 13 7 38
150 13 8 40
150 13 10 41
151 6 1 58
151 6 2 68
151 6 3 64
151 6 5 59
151 6 6 60
151 6 7 68
151 6 9 59
151 6 10 58
151 10 0 52
151 10 2 56
151 10 3 60
151 10 4 59
151 10 6 60
151 10 7 62
151 10 8 61
151 10 10 58
151 14 1 50
151 14 2 54
151 14 3 58
151 14 4 57
151 14 7 58
151 14 9 60
151 14 10 59
151 14 11 56
152 6 1 53
152 6 2 57
152 6 3 61
152 6 5 60
152 6 6 61
152 6 7 63
152 6 9 62
152 6 10 59
152 9 1 62
152 9 2 72
152 9 3 68
152 9 4 63
152 9 5 64
152 9 6 72
152 9 8 63
152 9 9 62
152 14 1 58
152 14 2 68
152 14 3 64
152 14 4 59
152 14 7 60
152 14 9 68
152 14 10 59
152 14 11 58
153 0 0 53
153 0 2 57
153 0 4 61
153 0 6 60
153 0 7 61
153 0 8 63
153 0 9 62
153 0 10 59
153 2 0 62
153 2 1 72
153 2 2 68
153 2 3 63
153 2 4 64
153 2 7 72
153 2 8 63
153 2 10 62
153 3 0 58
153 3 1 68
153 3 2 64
153 3 5 59
153 3 8 60
153 3 9 68
153 3 10 59
153 3 11 58
153 8 0 65
153 8 1 58
153 8 3 56
153 8 4 61
153 8 6 55
153 8 8 61
153 8 9 66
153 8 11 62
153 12 0 54
153 12 2 64
153 12 3 60
153 12 6 55
153 12 7 56
153 12 8 64
153 12 10 55
153 12 11 54
154 4 1 52
154 4 2 46
154 4 3 50
154 4 5 49
154 4 6 44
154 4 7 48
154 4 10 45
154 4 11 50
154 7 0 47
154 7 1 51
154 7 2 55
154 7 3 54
154 7 4 55
154 7 8 57
154 7 9 56
154 7 10 53
154 8 0 51
154 8 1 55
154 8 3 59
154 8 4 58
154 8 6 59
154 8 8 61
154 8 9 60
154 8 11 57
154 12 0 50
154 12 2 54
154 12 3 58
154 12 6 57
154 12 7 58
154 12 8 60
154 12 10 59
154 12 11 56
155 2 0 45
155 2 1 39
155 2 2 43
155 2 3 42
155 2 4 37
155 2 7 41
155 2 8 38
155 2 10 43
155 3 0 42
155 3 1 40
155 3 2 38
155 3 5 43
155 3 8 41
155 3 9 40
155 3 10 39
155 3 11 39
155 9 1 41
155 9 2 40
155 9 3 37
155 9 4 40
155 9 5 36
155 9 6 38
155 9 8 40
155 9 9 41
155 12 0 46
155 12 2 40
155 12 3 44
155 12 6 43
155 12 7 38
155 12 8 42
155 12 10 39
155 12 11 44
156 2 0 49
156 2 1 43
156 2 2 47
156 2 3 46
156 2 4 41
156 2 7 45
156 2 8 42
156 2 10 47
156 4 1 42
156 4 2 40
156 4 3 38
156 4 5 43
156 4 6 41
156 4 7 40
156 4 10 39
156 4 11 39
156 13 0 47
156 13 3 41
156 13 4 45
156 13 5 44
156 13 6 39
156 13 7 43
156 13 8 40
156 13 10 45
156 14 1 46
156 14 2 40
156 14 3 44
156 14 4 43
156 14 7 38
156 14 9 42
156 14 10 39
156 14 11 44
157 7 0 78
157 7 1 76
157 7 2 74
157 7 3 79
157 7 4 86
157 7 8 76
157 7 9 75
157 7 10 84
157 11 0 85
157 11 3 83
157 11 4 78
157 11 6 83
157 11 7 76
157 11 8 80
157 11 10 83
157 11 11 86
157 13 0 80
157 13 3 78
157 13 4 73
157 13 5 78
157 13 6 71
157 13 7 75
157 13 8 78
157 13 10 81
158 3 0 46
158 3 1 50
158 3 2 54
158 3 5 53
158 3 8 54
158 3 9 56
158 3 10 55
158 3 11 52
158 5 0 49
158 5 2 43
158 5 3 47
158 5 4 46
158 5 7 41
158 5 9 45
158 5 10 42
158 5 11 47
158 6 1 50
158 6 2 54
158 6 3 52
158 6 5 53
158 6 6 47
158 6 7 45
158 6 9 45
158 6 10 54
158 13 0 52
158 13 3 46
158 13 4 50
158 13 5 49
158 13 6 44
158 13 7 48
158 13 8 45
158 13 10 50
158 14 1 47
158 14 2 41
158 14 3 45
158 14 4 44
158 14 7 39
158 14 9 43
158 14 10 40
158 14 11 45
159 4 1 53
159 4 2 57
159 4 3 61
159 4 5 60
159 4 6 61
159 4 7 63
159 4 10 62
159 4 11 59
159 5 0 62
159 5 2 72
159 5 3 68
159 5 4 63
159 5 7 64
159 5 9 72
159 5 10 63
159 5 11 62
159 6 1 58
159 6 2 68
159 6 3 64
159 6 5 59
159 6 6 60
159 6 7 68
159 6 9 59
159 6 10 58
159 7 0 65
159 7 1 58
159 7 2 56
159 7 3 61
159 7 4 55
159 7 8 61
159 7 9 66
159 7 10 62
160 1 0 80
160 1 2 78
160 1 4 76
160 1 6 81
160 1 8 88
160 1 9 78
160 1 10 77
160 1 11 86
160 2 0 78
160 2 1 76
160 2 2 74
160 2 3 79
160 2 4 86
160 2 7 76
160 2 8 75
160 2 10 84
160 5 0 85
160 5 2 83
160 5 3 78
160 5 4 83
160 5 7 76
160 5 9 80
160 5 10 83
160 5 11 86
160 11 0 81
160 11 3 79
160 11 4 77
160 11 6 82
160 11 7 89
160 11 8 79
160 11 10 78
160 11 11 87
160 14 1 89
160 14 2 93
160 14 3 97
160 14 4 96
160 14 7 81
160 14 9 95
160 14 10 82
160 14 11 87
161 2 0 80
161 2 1 78
161 2 2 76
161 2 3 81
161 2 4 88
161 2 7 78
161 2 8 77
161 2 10 86
161 3 0 78
161 3 1 76
161 3 2 74
161 3 5 79
161 3 8 86
161 3 9 76
161 3 10 75
161 3 11 84
161 7 0 82
161 7 1 80
161 7 2 75
161 7 3 80
161 7 4 73
161 7 8 77
161 7 9 80
161 7 10 83
161 9 1 78
161 9 2 76
161 9 3 74
161 9 4 79
161 9 5 86
161 9 6 76
161 9 8 75
161 9 9 84
161 14 1 80
161 14 2 78
161 14 3 73
161 14 4 78
161 14 7 71
161 14 9 75
161 14 10 78
161 14 11 81
162 5 0 21
162 5 2 25
162 5 3 23
162 5 4 22
162 5 7 23
162 5 9 25
162 5 10 24
162 5 11 21
162 6 1 25
162 6 2 29
162 6 3 27
162 6 5 26
162 6 6 27
162 6 7 29
162 6 9 28
162 6 10 25
162 10 0 23
162 10 2 27
162 10 3 25
162 10 4 24
162 10 6 25
162 10 7 27
162 10 8 26
162 10 10 23
162 12 0 22
162 12 2 26
162 12 3 24
162 12 6 23
162 12 7 24
162 12 8 26
162 12 10 25
162 12 11 22
163 0 0 19
163 0 2 19
163 0 4 17
163 0 6 19
163 0 7 17
163 0 8 18
163 0 9 19
163 0 10 19
163 13 0 19
163 13 3 19
163 13 4 17
163 13 5 19
163 13 6 17
163 13 7 18
163 13 8 19
163 13 10 19
163 14 1 17
163 14 2 17
163 14 3 15
163 14 4 17
163 14 7 15
163 14 9 16
163 14 10 17
163 14 11 17
164 2 0 45
164 2 1 49
164 2 2 53
164 2 3 52
164 2 4 53
164 2 7 55
164 2 8 54
164 2 10 51
164 4 1 48
164 4 2 42
164 4 3 46
164 4 5 45
164 4 6 40
164 4 7 44
164 4 10 41
164 4 11 46
164 7 0 52
164 7 1 46
164 7 2 50
164 7 3 49
164 7 4 44
164 7 8 48
164 7 9 45
164 7 10 50
164 8 0 51
164 8 1 45
164 8 3 49
164 8 4 48
164 8 6 43
164 8 8 47
164 8 9 44
164 8 11 49
164 10 0 46
164 10 2 40
164 10 3 44
164 10 4 43
164 10 6 38
164 10 7 42
164 10 8 39
164 10 10 44
165 3 0 18
165 3 1 18
165 3 2 16
165 3 5 18
165 3 8 16
165 3 9 17
165 3 10 18
165 3 11 18
165 4 1 18
165 4 2 18
165 4 3 16
165 4 5 18
165 4 6 16
165 4 7 17
165 4 10 18
165 4 11 18
165 6 1 16
165 6 2 16
165 6 3 14
165 6 5 16
165 6 6 14
165 6 7 15
165 6 9 16
165 6 10 16
165 11 0 18
165 11 3 18
165 11 4 16
165 11 6 18
165 11 7 16
165 11 8 17
165 11 10 18
165 11 11 18
165 12 0 16
165 12 2 16
165 12 3 14
165 12 6 16
165 12 7 14
165 12 8 15
165 12 10 16
165 12 11 16
166 4 1 19
166 4 2 19
166 4 3 17
166 4 5 19
166 4 6 17
166 4 7 18
166 4 10 19
166 4 11 19
166 9 1 19
166 9 2 19
166 9 3 17
166 9 4 19
166 9 5 17
166 9 6 18
166 9 8 19
166 9 9 19
166 11 0 17
166 11 3 17
166 11 4 15
166 11 6 17
166 11 7 15
166 11 8 16
166 11 10 17
166 11 11 17
167 0 0 55
167 0 2 65
167 0 4 61
167 0 6 56
167 0 7 57
167 0 8 65
167 0 9 56
167 0 10 55
167 1 0 78
167 1 2 76
167 1 4 71
167 1 6 76
167 1 8 69
167 1 9 73
167 1 10 76
167 1 11 79
167 4 1 61
167 4 2 71
167 4 3 67
167 4 5 62
167 4 6 63
167 4 7 71
167 4 10 62
167 4 11 61
167 7 0 56
167 7 1 66
167 7 2 62
167 7 3 57
167 7 4 58
167 7 8 66
167 7 9 57
167 7 10 56
167 8 0 57
167 8 1 67
167 8 3 63
167 8 4 58
167 8 6 59
167 8 8 67
167 8 9 58
167 8 11 57
168 1 0 39
168 1 2 38
168 1 4 35
168 1 6 38
168 1 8 34
168 1 9 36
168 1 10 38
168 1 11 39
168 2 0 38
168 2 1 37
168 2 2 34
168 2 3 37
168 2 4 33
168 2 7 35
168 2 8 37
168 2 10 38
168 3 0 35
168 3 1 34
168 3 2 31
168 3 5 34
168 3 8 30
168 3 9 32
168 3 10 34
168 3 11 35
168 6 1 38
168 6 2 37
168 6 3 34
168 6 5 37
168 6 6 33
168 6 7 35
168 6 9 37
168 6 10 38
169 2 0 20
169 2 1 24
169 2 2 22
169 2 3 21
169 2 4 22
169 2 7 24
169 2 8 23
169 2 10 20
169 9 1 24
169 9 2 28
169 9 3 26
169 9 4 25
169 9 5 26
169 9 6 28
169 9 8 27
169 9 9 24
169 13 0 22
169 13 3 26
169 13 4 24
169 13 5 23
169 13 6 24
169 13 7 26
169 13 8 25
169 13 10 22
170 0 0 79
170 0 2 77
170 0 4 75
170 0 6 80
170 0 7 87
170 0 8 77
170 0 9 76
170 0 10 85
170 2 0 85
170 2 1 79
170 2 2 84
170 2 3 88
170 2 4 72
170 2 7 86
170 2 8 88
170 2 10 88
170 12 0 81
170 12 2 79
170 12 3 74
170 12 6 79
170 12 7 72
170 12 8 76
170 12 10 79
170 12 11 82
170 13 0 85
170 13 3 79
170 13 4 84
170 13 5 88
170 13 6 72
170 13 7 86
170 13 8 88
170 13 10 88
171 0 0 82
171 0 2 80
171 0 4 78
171 0 6 83
171 0 7 90
171 0 8 80
171 0 9 79
171 0 10 88
171 1 0 85
171 1 2 83
171 1 4 78
171 1 6 83
171 1 8 76
171 1 9 80
171 1 10 83
171 1 11 86
171 8 0 81
171 8 1 79
171 8 3 77
171 8 4 82
171 8 6 89
171 8 8 79
171 8 9 78
171 8 11 87
171 11 0 85
171 11 3 83
171 11 4 81
171 11 6 86
171 11 7 93
171 11 8 83
171 11 10 82
171 11 11 91
171 14 1 78
171 14 2 76
171 14 3 71
171 14 4 76
171 14 7 69
171 14 9 73
171 14 10 76
171 14 11 79
172 3 0 20
172 3 1 20
172 3 2 18
172 3 5 20
172 3 8 18
172 3 9 19
172 3 10 20
172 3 11 20
172 5 0 20
172 5 2 24
172 5 3 22
172 5 4 21
172 5 7 22
172 5 9 24
172 5 10 23
172 5 11 20
172 8 0 18
172 8 1 22
172 8 3 20
172 8 4 19
172 8 6 20
172 8 8 22
172 8 9 21
172 8 11 18
172 11 0 21
172 11 3 20
172 11 4 19
172 11 6 18
172 11 7 18
172 11 8 22
172 11 10 19
172 11 11 19
173 3 0 49
173 3 1 43
173 3 2 47
173 3 5 46
173 3 8 41
173 3 9 45
173 3 10 42
173 3 11 47
173 4 1 50
173 4 2 54
173 4 3 52
173 4 5 53
173 4 6 47
173 4 7 45
173 4 10 45
173 4 11 54
173 6 1 48
173 6 2 52
173 6 3 56
173 6 5 55
173 6 6 56
173 6 7 58
173 6 9 57
173 6 10 54
174 3 0 81
174 3 1 79
174 3 2 77
174 3 5 82
174 3 8 89
174 3 9 79
174 3 10 78
174 3 11 87
174 9 1 79
174 9 2 77
174 9 3 75
174 9 4 80
174 9 5 87
174 9 6 77
174 9 8 76
174 9 9 85
174 10 0 85
174 10 2 79
174 10 3 84
174 10 4 88
174 10 6 72
174 10 7 86
174 10 8 88
174 10 10 88
175 0 0 82
175 0 2 80
175 0 4 78
175 0 6 83
175 0 7 90
175 0 8 80
175 0 9 79
175 0 10 88
175 1 0 80
175 1 2 78
175 1 4 76
175 1 6 81
175 1 8 88
175 1 9 78
175 1 10 77
175 1 11 86
175 5 0 84
175 5 2 82
175 5 3 77
175 5 4 82
175 5 7 75
175 5 9 79
175 5 10 82
175 5 11 85
175 6 1 80
175 6 2 78
175 6 3 76
175 6 5 81
175 6 6 88
175 6 7 78
175 6 9 77
175 6 10 86
175 8 0 82
175 8 1 80
175 8 3 75
175 8 4 80
175 8 6 73
175 8 8 77
175 8 9 80
175 8 11 83
176 2 0 39
176 2 1 38
176 2 2 35
176 2 3 38
176 2 4 34
176 2 7 36
176 2 8 38
176 2 10 39
176 8 0 38
176 8 1 37
176 8 3 34
176 8 4 37
176 8 6 33
176 8 8 35
176 8 9 37
176 8 11 38
176 9 1 35
176 9 2 34
176 9 3 31
176 9 4 34
176 9 5 30
176 9 6 32
176 9 8 34
176 9 9 35
176 12 0 38
176 12 2 37
176 12 3 34
176 12 6 37
176 12 7 33
176 12 8 35
176 12 10 37
176 12 11 38
177 1 0 42
177 1 2 40
177 1 4 38
177 1 6 43
177 1 8 41
177 1 9 40
177 1 10 39
177 1 11 39
177 4 1 42
177 4 2 41
177 4 3 38
177 4 5 41
177 4 6 37
177 4 7 39
177 4 10 41
177 4 11 42
177 5 0 39
177 5 2 38
177 5 3 35
177 5 4 38
177 5 7 34
177 5 9 36
177 5 10 38
177 5 11 39
177 9 1 42
177 9 2 41
177 9 3 38
177 9 4 41
177 9 5 37
177 9 6 39
177 9 8 41
177 9 9 42
178 2 0 49
178 2 1 43
178 2 2 47
178 2 3 46
178 2 4 41
178 2 7 45
178 2 8 42
178 2 10 47
178 3 0 42
178 3 1 40
178 3 2 38
178 3 5 43
178 3 8 41
178 3 9 40
178 3 10 39
178 3 11 39
178 9 1 47
178 9 2 41
178 9 3 45
178 9 4 44
178 9 5 39
178 9 6 43
178 9 8 40
178 9 9 45
179 2 0 42
179 2 1 40
179 2 2 38
179 2 3 43
179 2 4 41
179 2 7 40
179 2 8 39
179 2 10 39
179 8 0 42
179 8 1 41
179 8 3 38
179 8 4 41
179 8 6 37
179 8 8 39
179 8 9 41
179 8 11 42
179 12 0 39
179 12 2 38
179 12 3 35
179 12 6 38
179 12 7 34
179 12 8 36
179 12 10 38
179 12 11 39
179 14 1 42
179 14 2 41
179 14 3 38
179 14 4 41
179 14 7 37
179 14 9 39
179 14 10 41
179 14 11 42
180 9 1 82
180 9 2 80
180 9 3 78
180 9 4 83
180 9 5 90
180 9 6 80
180 9 8 79
180 9 9 88
180 10 0 80
180 10 2 78
180 10 3 76
180 10 4 81
180 10 6 88
180 10 7 78
180 10 8 77
180 10 10 86
180 11 0 78
180 11 3 76
180 11 4 74
180 11 6 79
180 11 7 86
180 11 8 76
180 11 10 75
180 11 11 84
180 13 0 83
180 13 3 81
180 13 4 79
180 13 5 84
180 13 6 91
180 13 7 81
180 13 8 80
180 13 10 89
181 2 0 50
181 2 1 54
181 2 2 52
181 2 3 53
181 2 4 47
181 2 7 45
181 2 8 45
181 2 10 54
181 3 0 48
181 3 1 52
181 3 2 56
181 3 5 55
181 3 8 56
181 3 9 58
181 3 10 57
181 3 11 54
181 5 0 52
181 5 2 56
181 5 3 60
181 5 4 59
181 5 7 60
181 5 9 62
181 5 10 61
181 5 11 58
181 9 1 51
181 9 2 55
181 9 3 59
181 9 4 58
181 9 5 59
181 9 6 61
181 9 8 60
181 9 9 57
181 10 0 52
181 10 2 56
181 10 3 60
181 10 4 59
181 10 6 60
181 10 7 62
181 10 8 61
181 10 10 58
182 0 0 80
182 0 2 78
182 0 4 76
182 0 6 81
182 0 7 88
182 0 8 78
182 0 9 77
182 0 10 86
182 7 0 78
182 7 1 76
182 7 2 74
182 7 3 79
182 7 4 86
182 7 8 76
182 7 9 75
182 7 10 84
182 9 1 82
182 9 2 80
182 9 3 75
182 9 4 80
182 9 5 73
182 9 6 77
182 9 8 80
182 9 9 83
182 12 0 78
182 12 2 76
182 12 3 74
182 12 6 79
182 12 7 86
182 12 8 76
182 12 10 75
182 12 11 84
182 13 0 80
182 13 3 78
182 13 4 73
182 13 5 78
182 13 6 71
182 13 7 75
182 13 8 78
182 13 10 81
183 1 0 24
183 1 2 28
183 1 4 26
183 1 6 25
183 1 8 26
183 1 9 28
183 1 10 27
183 1 11 24
183 8 0 27
183 8 1 30
183 8 3 33
183 8 4 28
183 8 6 29
183 8 8 30
183 8 9 28
183 8 11 27
183 10 0 36
183 10 2 35
183 10 3 32
183 10 4 35
183 10 6 31
183 10 7 33
183 10 8 35
183 10 10 36
183 11 0 25
183 11 3 29
183 11 4 27
183 11 6 26
183 11 7 27
183 11 8 29
183 11 10 28
183 11 11 25
183 13 0 26
183 13 3 30
183 13 4 28
183 13 5 27
183 13 6 28
183 13 7 30
183 13 8 29
183 13 10 26
184 5 0 78
184 5 2 76
184 5 3 74
184 5 4 79
184 5 7 86
184 5 9 76
184 5 10 75
184 5 11 84
184 8 0 85
184 8 1 83
184 8 3 78
184 8 4 83
184 8 6 76
184 8 8 80
184 8 9 83
184 8 11 86
184 11 0 83
184 11 3 81
184 11 4 76
184 11 6 81
184 11 7 74
184 11 8 78
184 11 10 81
184 11 11 84
184 13 0 79
184 13 3 77
184 13 4 75
184 13 5 80
184 13 6 87
184 13 7 77
184 13 8 76
184 13 10 85
184 14 1 86
184 14 2 84
184 14 3 82
184 14 4 87
184 14 7 94
184 14 9 84
184 14 10 83
184 14 11 92
185 0 0 95
185 0 2 99
185 0 4 103
185 0 6 102
185 0 7 87
185 0 8 101
185 0 9 88
185 0 10 93
185 5 0 106
185 5 2 110
185 5 3 108
185 5 4 109
185 5 7 92
185 5 9 90
185 5 10 101
185 5 11 110
185 6 1 110
185 6 2 114
185 6 3 112
185 6 5 113
185 6 6 96
185 6 7 94
185 6 9 105
185 6 10 114
185 13 0 109
185 13 3 113
185 13 4 111
185 13 5 112
185 13 6 95
185 13 7 93
185 13 8 104
185 13 10 113
185 14 1 86
185 14 2 84
185 14 3 82
185 14 4 87
185 14 7 94
185 14 9 84
185 14 10 83
185 14 11 92
186 1 0 41
186 1 2 40
186 1 4 37
186 1 6 40
186 1 8 36
186 1 9 38
186 1 10 40
186 1 11 41
186 4 1 40
186 4 2 39
186 4 3 36
186 4 5 39
186 4 6 35
186 4 7 37
186 4 10 39
186 4 11 40
186 8 0 37
186 8 1 36
186 8 3 33
186 8 4 36
186 8 6 32
186 8 8 34
186 8 9 36
186 8 11 37
186 9 1 40
186 9 2 39
186 9 3 36
186 9 4 39
186 9 5 35
186 9 6 37
186 9 8 39
186 9 9 40
187 0 0 19
187 0 2 19
187 0 4 17
187 0 6 19
187 0 7 17
187 0 8 18
187 0 9 19
187 0 10 19
187 2 0 19
187 2 1 23
187 2 2 21
187 2 3 20
187 2 4 21
187 2 7 23
187 2 8 22
187 2 10 19
187 8 0 21
187 8 1 20
187 8 3 19
187 8 4 18
187 8 6 18
187 8 8 22
187 8 9 19
187 8 11 19
188 5 0 53
188 5 2 57
188 5 3 61
188 5 4 60
188 5 7 61
188 5 9 63
188 5 10 62
188 5 11 59
188 6 1 62
188 6 2 72
188 6 3 68
188 6 5 63
188 6 6 64
188 6 7 72
188 6 9 63
188 6 10 62
188 7 0 58
188 7 1 68
188 7 2 64
188 7 3 59
188 7 4 60
188 7 8 68
188 7 9 59
188 7 10 58
188 10 0 65
188 10 2 58
188 10 3 56
188 10 4 61
188 10 6 55
188 10 7 61
188 10 8 66
188 10 10 62
188 11 0 54
188 11 3 64
188 11 4 60
188 11 6 55
188 11 7 56
188 11 8 64
188 11 10 55
188 11 11 54
189 3 0 44
189 3 1 38
189 3 2 42
189 3 5 41
189 3 8 36
189 3 9 40
189 3 10 37
189 3 11 42
189 8 0 42
189 8 1 40
189 8 3 38
189 8 4 43
189 8 6 41
189 8 8 40
189 8 9 39
189 8 11 39
189 11 0 40
189 11 3 39
189 11 4 36
189 11 6 39
189 11 7 35
189 11 8 37
189 11 10 39
189 11 11 40
189 14 1 42
189 14 2 40
189 14 3 38
189 14 4 43
189 14 7 41
189 14 9 40
189 14 10 39
189 14 11 39
190 0 0 94
190 0 2 98
190 0 4 102
190 0 6 101
190 0 7 86
190 0 8 100
190 0 9 87
190 0 10 92
190 3 0 90
190 3 1 100
190 3 2 110
190 3 5 91
190 3 8 92
190 3 9 100
190 3 10 105
190 3 11 90
190 4 1 109
190 4 2 113
190 4 3 111
190 4 5 112
190 4 6 95
190 4 7 93
190 4 10 104
190 4 11 113
190 7 0 108
190 7 1 112
190 7 2 110
190 7 3 111
190 7 4 94
190 7 8 92
190 7 9 103
190 7 10 112
190 12 0 85
190 12 2 83
190 12 3 81
190 12 6 86
190 12 7 93
190 12 8 83
190 12 10 82
190 12 11 91
191 0 0 49
191 0 2 43
191 0 4 47
191 0 6 46
191 0 7 41
191 0 8 45
191 0 9 42
191 0 10 47
191 3 0 42
191 3 1 40
191 3 2 38
191 3 5 43
191 3 8 41
191 3 9 40
191 3 10 39
191 3 11 39
191 7 0 47
191 7 1 41
191 7 2 45
191 7 3 44
191 7 4 39
191 7 8 43
191 7 9 40
191 7 10 45
191 10 0 46
191 10 2 40
191 10 3 44
191 10 4 43
191 10 6 38
191 10 7 42
191 10 8 39
191 10 10 44
192 5 0 20
192 5 2 20
192 5 3 18
192 5 4 20
192 5 7 18
192 5 9 19
192 5 10 20
192 5 11 20
192 6 1 20
192 6 2 24
192 6 3 22
192 6 5 21
192 6 6 22
192 6 7 24
192 6 9 23
192 6 10 20
192 7 0 18
192 7 1 22
192 7 2 20
192 7 3 19
192 7 4 20
192 7 8 22
192 7 9 21
192 7 10 18
192 12 0 21
192 12 2 20
192 12 3 19
192 12 6 18
192 12 7 18
192 12 8 22
192 12 10 19
192 12 11 19
193 1 0 52
193 1 2 46
193 1 4 50
193 1 6 49
193 1 8 44
193 1 9 48
193 1 10 45
193 1 11 50
193 4 1 46
193 4 2 40
193 4 3 44
193 4 5 43
193 4 6 38
193 4 7 42
193 4 10 39
193 4 11 44
193 8 0 50
193 8 1 44
193 8 3 48
193 8 4 47
193 8 6 42
193 8 8 46
193 8 9 43
193 8 11 48
194 2 0 59
194 2 1 69
194 2 2 65
194 2 3 60
194 2 4 61
194 2 7 69
194 2 8 60
194 2 10 59
194 9 1 66
194 9 2 70
194 9 3 74
194 9 4 73
194 9 5 68
194 9 6 67
194 9 8 69
194 9 9 69
194 14 1 80
194 14 2 78
194 14 3 73
194 14 4 78
194 14 7 71
194 14 9 75
194 14 10 78
194 14 11 81
195 0 0 93
195 0 2 97
195 0 4 101
195 0 6 100
195 0 7 85
195 0 8 99
195 0 9 86
195 0 10 91
195 1 0 97
195 1 2 101
195 1 4 105
195 1 6 104
195 1 8 89
195 1 9 103
195 1 10 90
195 1 11 95
195 11 0 108
195 11 3 112
195 11 4 110
195 11 6 111
195 11 7 94
195 11 8 92
195 11 10 103
195 11 11 112
195 13 0 107
195 13 3 111
195 13 4 109
195 13 5 110
195 13 6 93
195 13 7 91
195 13 8 102
195 13 10 111
196 0 0 9
196 0 2 9
196 0 4 8
196 0 6 9
196 0 7 8
196 0 8 9
196 0 9 9
196 0 10 9
196 1 0 9
196 1 2 10
196 1 4 11
196 1 6 10
196 1 8 11
196 1 9 10
196 1 10 9
196 1 11 9
196 3 0 12
196 3 1 12
196 3 2 10
196 3 5 12
196 3 8 10
196 3 9 11
196 3 10 12
196 3 11 12
196 9 1 9
196 9 2 10
196 9 3 11
196 9 4 10
196 9 5 11
196 9 6 10
196 9 8 9
196 9 9 9
196 12 0 12
196 12 2 12
196 12 3 10
196 12 6 12
196 12 7 10
196 12 8 11
196 12 10 12
196 12 11 12
197 4 1 81
197 4 2 79
197 4 3 77
197 4 5 82
197 4 6 89
197 4 7 79
197 4 10 78
197 4 11 87
197 9 1 86
197 9 2 84
197 9 3 82
197 9 4 87
197 9 5 94
197 9 6 84
197 9 8 83
197 9 9 92
197 10 0 90
197 10 2 94
197 10 3 98
197 10 4 97
197 10 6 82
197 10 7 96
197 10 8 83
197 10 10 88
197 11 0 78
197 11 3 76
197 11 4 74
197 11 6 79
197 11 7 86
197 11 8 76
197 11 10 75
197 11 11 84
198 8 0 52
198 8 1 56
198 8 3 60
198 8 4 59
198 8 6 60
198 8 8 62
198 8 9 61
198 8 11 58
198 9 1 61
198 9 2 71
198 9 3 67
198 9 4 62
198 9 5 63
198 9 6 71
198 9 8 62
198 9 9 61
198 12 0 57
198 12 2 67
198 12 3 63
198 12 6 58
198 12 7 59
198 12 8 67
198 12 10 58
198 12 11 57
199 2 0 51
199 2 1 55
199 2 2 59
199 2 3 58
199 2 4 59
199 2 7 61
199 2 8 60
199 2 10 57
199 8 0 60
199 8 1 70
199 8 3 66
199 8 4 61
199 8 6 62
199 8 8 70
199 8 9 61
199 8 11 60
199 9 1 56
199 9 2 66
199 9 3 62
199 9 4 57
199 9 5 58
199 9 6 66
199 9 8 57
199 9 9 56
200 3 0 45
200 3 1 39
200 3 2 43
200 3 5 42
200 3 8 37
200 3 9 41
200 3 10 38
200 3 11 43
200 5 0 44
200 5 2 38
200 5 3 42
200 5 4 41
200 5 7 36
200 5 9 40
200 5 10 37
200 5 11 42
200 12 0 41
200 12 2 40
200 12 3 37
200 12 6 40
200 12 7 36
200 12 8 38
200 12 10 40
200 12 11 41
200 14 1 44
200 14 2 38
200 14 3 42
200 14 4 41
200 14 7 36
200 14 9 40
200 14 10 37
200 14 11 42
201 0 0 78
201 0 2 76
201 0 4 74
201 0 6 79
201 0 7 86
201 0 8 76
201 0 9 75
201 0 10 84
201 1 0 85
201 1 2 83
201 1 4 78
201 1 6 83
201 1 8 76
201 1 9 80
201 1 10 83
201 1 11 86
201 2 0 83
201 2 1 81
201 2 2 76
201 2 3 81
201 2 4 74
201 2 7 78
201 2 8 81
201 2 10 84
201 6 1 79
201 6 2 77
201 6 3 75
201 6 5 80
201 6 6 87
201 6 7 77
201 6 9 76
201 6 10 85
201 8 0 86
201 8 1 84
201 8 3 82
201 8 4 87
201 8 6 94
201 8 8 84
201 8 9 83
201 8 11 92
202 2 0 48
202 2 1 52
202 2 2 56
202 2 3 55
202 2 4 56
202 2 7 58
202 2 8 57
202 2 10 54
202 3 0 57
202 3 1 67
202 3 2 63
202 3 5 58
202 3 8 59
202 3 9 67
202 3 10 58
202 3 11 57
202 4 1 65
202 4 2 58
202 4 3 56
202 4 5 61
202 4 6 55
202 4 7 61
202 4 10 66
202 4 11 62
202 12 0 49
202 12 2 53
202 12 3 57
202 12 6 56
202 12 7 57
202 12 8 59
202 12 10 58
202 12 11 55
203 2 0 58
203 2 1 68
203 2 2 64
203 2 3 59
203 2 4 60
203 2 7 68
203 2 8 59
203 2 10 58
203 10 0 52
203 10 2 56
203 10 3 60
203 10 4 59
203 10 6 60
203 10 7 62
203 10 8 61
203 10 10 58
203 11 0 50
203 11 3 54
203 11 4 58
203 11 6 57
203 11 7 58
203 11 8 60
203 11 10 59
203 11 11 56
203 14 1 54
203 14 2 64
203 14 3 60
203 14 4 55
203 14 7 56
203 14 9 64
203 14 10 55
203 14 11 54
204 3 0 24
204 3 1 28
204 3 2 26
204 3 5 25
204 3 8 26
204 3 9 28
204 3 10 27
204 3 11 24
204 5 0 27
204 5 2 30
204 5 3 33
204 5 4 28
204 5 7 29
204 5 9 30
204 5 10 28
204 5 11 27
204 9 1 36
204 9 2 35
204 9 3 32
204 9 4 35
204 9 5 31
204 9 6 33
204 9 8 35
204 9 9 36
204 11 0 25
204 11 3 29
204 11 4 27
204 11 6 26
204 11 7 27
204 11 8 29
204 11 10 28
204 11 11 25
204 13 0 26
204 13 3 30
204 13 4 28
204 13 5 27
204 13 6 28
204 13 7 30
204 13 8 29
204 13 10 26
205 1 0 85
205 1 2 79
205 1 4 84
205 1 6 88
205 1 8 72
205 1 9 86
205 1 10 88
205 1 11 88
205 2 0 84
205 2 1 82
205 2 2 77
205 2 3 82
205 2 4 75
205 2 7 79
205 2 8 82
205 2 10 85
205 9 1 82
205 9 2 80
205 9 3 75
205 9 4 80
205 9 5 73
205 9 6 77
205 9 8 80
205 9 9 83
205 12 0 78
205 12 2 76
205 12 3 74
205 12 6 79
205 12 7 86
205 12 8 76
205 12 10 75
205 12 11 84
206 1 0 24
206 1 2 28
206 1 4 26
206 1 6 25
206 1 8 26
206 1 9 28
206 1 10 27
206 1 11 24
206 7 0 27
206 7 1 30
206 7 2 33
206 7 3 28
206 7 4 29
206 7 8 30
206 7 9 28
206 7 10 27
206 9 1 36
206 9 2 35
206 9 3 32
206 9 4 35
206 9 5 31
206 9 6 33
206 9 8 35
206 9 9 36
207 0 0 49
207 0 2 43
207 0 4 47
207 0 6 46
207 0 7 41
207 0 8 45
207 0 9 42
207 0 10 47
207 4 1 50
207 4 2 54
207 4 3 52
207 4 5 53
207 4 6 47
207 4 7 45
207 4 10 45
207 4 11 54
207 6 1 48
207 6 2 52
207 6 3 56
207 6 5 55
207 6 6 56
207 6 7 58
207 6 9 57
207 6 10 54
207 13 0 47
207 13 3 51
207 13 4 55
207 13 5 54
207 13 6 55
207 13 7 57
207 13 8 56
207 13 10 53
207 14 1 48
207 14 2 52
207 14 3 56
207 14 4 55
207 14 7 56
207 14 9 58
207 14 10 57
207 14 11 54
208 5 0 19
208 5 2 23
208 5 3 21
208 5 4 20
208 5 7 21
208 5 9 23
208 5 10 22
208 5 11 19
208 7 0 23
208 7 1 27
208 7 2 25
208 7 3 24
208 7 4 25
208 7 8 27
208 7 9 26
208 7 10 23
208 8 0 21
208 8 1 25
208 8 3 23
208 8 4 22
208 8 6 23
208 8 8 25
208 8 9 24
208 8 11 21
208 11 0 20
208 11 3 24
208 11 4 22
208 11 6 21
208 11 7 22
208 11 8 24
208 11 10 23
208 11 11 20
208 14 1 21
208 14 2 25
208 14 3 23
208 14 4 22
208 14 7 23
208 14 9 25
208 14 10 24
208 14 11 21
209 1 0 50
209 1 2 54
209 1 4 52
209 1 6 53
209 1 8 47
209 1 9 45
209 1 10 45
209 1 11 54
209 2 0 48
209 2 1 52
209 2 2 56
209 2 3 55
209 2 4 56
209 2 7 58
209 2 8 57
209 2 10 54
209 5 0 52
209 5 2 56
209 5 3 60
209 5 4 59
209 5 7 60
209 5 9 62
209 5 10 61
209 5 11 58
209 13 0 51
209 13 3 55
209 13 4 59
209 13 5 58
209 13 6 59
209 13 7 61
209 13 8 60
209 13 10 57
210 1 0 20
210 1 2 20
210 1 4 18
210 1 6 20
210 1 8 18
210 1 9 19
210 1 10 20
210 1 11 20
210 11 0 20
210 11 3 24
210 11 4 22
210 11 6 21
210 11 7 22
210 11 8 24
210 11 10 23
210 11 11 20
210 12 0 18
210 12 2 22
210 12 3 20
210 12 6 19
210 12 7 20
210 12 8 22
210 12 10 21
210 12 11 18
210 13 0 21
210 13 3 20
210 13 4 19
210 13 5 18
210 13 6 18
210 13 7 22
210 13 8 19
210 13 10 19
210 14 1 18
210 14 2 22
210 14 3 20
210 14 4 19
210 14 7 20
210 14 9 22
210 14 10 21
210 14 11 18
211 1 0 84
211 1 2 82
211 1 4 77
211 1 6 82
211 1 8 75
211 1 9 79
211 1 10 82
211 1 11 85
211 8 0 82
211 8 1 80
211 8 3 75
211 8 4 80
211 8 6 73
211 8 8 77
211 8 9 80
211 8 11 83
211 9 1 77
211 9 2 75
211 9 3 70
211 9 4 75
211 9 5 68
211 9 6 72
211 9 8 75
211 9 9 78
211 12 0 82
211 12 2 80
211 12 3 75
211 12 6 80
211 12 7 73
211 12 8 77
211 12 10 80
211 12 11 83
212 3 0 20
212 3 1 20
212 3 2 18
212 3 5 20
212 3 8 18
212 3 9 19
212 3 10 20
212 3 11 20
212 8 0 20
212 8 1 24
212 8 3 22
212 8 4 21
212 8 6 22
212 8 8 24
212 8 9 23
212 8 11 20
212 10 0 18
212 10 2 22
212 10 3 20
212 10 4 19
212 10 6 20
212 10 7 22
212 10 8 21
212 10 10 18
212 13 0 21
212 13 3 20
212 13 4 19
212 13 5 18
212 13 6 18
212 13 7 22
212 13 8 19
212 13 10 19
213 0 0 82
213 0 2 80
213 0 4 78
213 0 6 83
213 0 7 90
213 0 8 80
213 0 9 79
213 0 10 88
213 2 0 80
213 2 1 78
213 2 2 76
213 2 3 81
213 2 4 88
213 2 7 78
213 2 8 77
213 2 10 86
213 3 0 84
213 3 1 82
213 3 2 77
213 3 5 82
213 3 8 75
213 3 9 79
213 3 10 82
213 3 11 85
213 6 1 80
213 6 2 78
213 6 3 76
213 6 5 81
213 6 6 88
213 6 7 78
213 6 9 77
213 6 10 86
213 12 0 82
213 12 2 80
213 12 3 75
213 12 6 80
213 12 7 73
213 12 8 77
213 12 10 80
213 12 11 83
214 0 0 19
214 0 2 23
214 0 4 21
214 0 6 20
214 0 7 21
214 0 8 23
214 0 9 22
214 0 10 19
214 1 0 23
214 1 2 27
214 1 4 25
214 1 6 24
214 1 8 25
214 1 9 27
214 1 10 26
214 1 11 23
214 4 1 21
214 4 2 25
214 4 3 23
214 4 5 22
214 4 6 23
214 4 7 25
214 4 10 24
214 4 11 21
214 9 1 20
214 9 2 24
214 9 3 22
214 9 4 21
214 9 5 22
214 9 6 24
214 9 8 23
214 9 9 20
214 12 0 21
214 12 2 25
214 12 3 23
214 12 6 22
214 12 7 23
214 12 8 25
214 12 10 24
214 12 11 21
215 0 0 82
215 0 2 80
215 0 4 78
215 0 6 83
215 0 7 90
215 0 8 80
215 0 9 79
215 0 10 88
215 10 0 80
215 10 2 78
215 10 3 76
215 10 4 81
215 10 6 88
215 10 7 78
215 10 8 77
215 10 10 86
215 11 0 84
215 11 3 82
215 11 4 77
215 11 6 82
215 11 7 75
215 11 8 79
215 11 10 82
215 11 11 85
215 14 1 80
215 14 2 78
215 14 3 76
215 14 4 81
215 14 7 88
215 14 9 78
215 14 10 77
215 14 11 86
216 2 0 20
216 2 1 20
216 2 2 18
216 2 3 20
216 2 4 18
216 2 7 19
216 2 8 20
216 2 10 20
216 5 0 20
216 5 2 20
216 5 3 18
216 5 4 20
216 5 7 18
216 5 9 19
216 5 10 20
216 5 11 20
216 7 0 18
216 7 1 18
216 7 2 16
216 7 3 18
216 7 4 16
216 7 8 17
216 7 9 18
216 7 10 18
216 8 0 20
216 8 1 20
216 8 3 18
216 8 4 20
216 8 6 18
216 8 8 19
216 8 9 20
216 8 11 20
217 2 0 45
217 2 1 49
217 2 2 53
217 2 3 52
217 2 4 53
217 2 7 55
217 2 8 54
217 2 10 51
217 9 1 49
217 9 2 53
217 9 3 57
217 9 4 56
217 9 5 57
217 9 6 59
217 9 8 58
217 9 9 55
217 11 0 53
217 11 3 57
217 11 4 61
217 11 6 60
217 11 7 61
217 11 8 63
217 11 10 62
217 11 11 59
218 0 0 45
218 0 2 39
218 0 4 43
218 0 6 42
218 0 7 37
218 0 8 41
218 0 9 38
218 0 10 43
218 2 0 44
218 2 1 38
218 2 2 42
218 2 3 41
218 2 4 36
218 2 7 40
218 2 8 37
218 2 10 42
218 6 1 41
218 6 2 40
218 6 3 37
218 6 5 40
218 6 6 36
218 6 7 38
218 6 9 40
218 6 10 41
218 8 0 44
218 8 1 38
218 8 3 42
218 8 4 41
218 8 6 36
218 8 8 40
218 8 9 37
218 8 11 42
219 1 0 82
219 1 2 80
219 1 4 78
219 1 6 83
219 1 8 90
219 1 9 80
219 1 10 79
219 1 11 88
219 4 1 80
219 4 2 78
219 4 3 76
219 4 5 81
219 4 6 88
219 4 7 78
219 4 10 77
219 4 11 86
219 5 0 78
219 5 2 76
219 5 3 74
219 5 4 79
219 5 7 86
219 5 9 76
219 5 10 75
219 5 11 84
220 3 0 46
220 3 1 50
220 3 2 54
220 3 5 53
220 3 8 54
220 3 9 56
220 3 10 55
220 3 11 52
220 6 1 49
220 6 2 43
220 6 3 47
220 6 5 46
220 6 6 41
220 6 7 45
220 6 9 42
220 6 10 47
220 12 0 50
220 12 2 54
220 12 3 52
220 12 6 53
220 12 7 47
220 12 8 45
220 12 10 45
220 12 11 54
220 14 1 52
220 14 2 46
220 14 3 50
220 14 4 49
220 14 7 44
220 14 9 48
220 14 10 45
220 14 11 50
221 7 0 46
221 7 1 50
221 7 2 54
221 7 3 53
221 7 4 54
221 7 8 56
221 7 9 55
221 7 10 52
221 11 0 49
221 11 3 43
221 11 4 47
221 11 6 46
221 11 7 41
221 11 8 45
221 11 10 42
221 11 11 47
221 14 1 50
221 14 2 54
221 14 3 52
221 14 4 53
221 14 7 47
221 14 9 45
221 14 10 45
221 14 11 54
222 0 0 82
222 0 2 80
222 0 4 78
222 0 6 83
222 0 7 90
222 0 8 80
222 0 9 79
222 0 10 88
222 3 0 85
222 3 1 83
222 3 2 78
222 3 5 83
222 3 8 76
222 3 9 80
222 3 10 83
222 3 11 86
222 7 0 81
222 7 1 79
222 7 2 77
222 7 3 82
222 7 4 89
222 7 8 79
222 7 9 78
222 7 10 87
222 11 0 85
222 11 3 83
222 11 4 81
222 11 6 86
222 11 7 93
222 11 8 83
222 11 10 82
222 11 11 91
222 12 0 78
222 12 2 76
222 12 3 71
222 12 6 76
222 12 7 69
222 12 8 73
222 12 10 76
222 12 11 79
223 3 0 38
223 3 1 37
223 3 2 34
223 3 5 37
223 3 8 33
223 3 9 35
223 3 10 37
223 3 11 38
223 9 1 37
223 9 2 36
223 9 3 33
223 9 4 36
223 9 5 32
223 9 6 34
223 9 8 36
223 9 9 37
223 12 0 34
223 12 2 33
223 12 3 30
223 12 6 33
223 12 7 29
223 12 8 31
223 12 10 33
223 12 11 34
224 5 0 46
224 5 2 50
224 5 3 54
224 5 4 53
224 5 7 54
224 5 9 56
224 5 10 55
224 5 11 52
224 7 0 49
224 7 1 43
224 7 2 47
224 7 3 46
224 7 4 41
224 7 8 45
224 7 9 42
224 7 10 47
224 12 0 50
224 12 2 54
224 12 3 52
224 12 6 53
224 12 7 47
224 12 8 45
224 12 10 45
224 12 11 54
225 1 0 91
225 1 2 95
225 1 4 99
225 1 6 98
225 1 8 83
225 1 9 97
225 1 10 84
225 1 11 89
225 10 0 95
225 10 2 99
225 10 3 103
225 10 4 102
225 10 6 87
225 10 7 101
225 10 8 88
225 10 10 93
225 13 0 106
225 13 3 110
225 13 4 108
225 13 5 109
225 13 6 92
225 13 7 90
225 13 8 101
225 13 10 110
226 0 0 19
226 0 2 23
226 0 4 21
226 0 6 20
226 0 7 21
226 0 8 23
226 0 9 22
226 0 10 19
226 2 0 23
226 2 1 27
226 2 2 25
226 2 3 24
226 2 4 25
226 2 7 27
226 2 8 26
226 2 10 23
226 8 0 21
226 8 1 25
226 8 3 23
226 8 4 22
226 8 6 23
226 8 8 25
226 8 9 24
226 8 11 21
227 4 1 85
227 4 2 83
227 4 3 78
227 4 5 83
227 4 6 76
227 4 7 80
227 4 10 83
227 4 11 86
227 11 0 83
227 11 3 81
227 11 4 76
227 11 6 81
227 11 7 74
227 11 8 78
227 11 10 81
227 11 11 84
227 13 0 78
227 13 3 76
227 13 4 71
227 13 5 76
227 13 6 69
227 13 7 73
227 13 8 76
227 13 10 79
228 5 0 46
228 5 2 50
228 5 3 54
228 5 4 53
228 5 7 54
228 5 9 56
228 5 10 55
228 5 11 52
228 7 0 50
228 7 1 54
228 7 2 58
228 7 3 57
228 7 4 58
228 7 8 60
228 7 9 59
228 7 10 56
228 14 1 65
228 14 2 58
228 14 3 56
228 14 4 61
228 14 7 55
228 14 9 61
228 14 10 66
228 14 11 62
229 3 0 49
229 3 1 53
229 3 2 57
229 3 5 56
229 3 8 57
229 3 9 59
229 3 10 58
229 3 11 55
229 8 0 58
229 8 1 68
229 8 3 64
229 8 4 59
229 8 6 60
229 8 8 68
229 8 9 59
229 8 11 58
229 9 1 54
229 9 2 64
229 9 3 60
229 9 4 55
229 9 5 56
229 9 6 64
229 9 8 55
229 9 9 54
229 10 0 50
229 10 2 54
229 10 3 58
229 10 4 57
229 10 6 58
229 10 7 60
229 10 8 59
229 10 10 56
229 13 0 51
229 13 3 55
229 13 4 59
229 13 5 58
229 13 6 59
229 13 7 61
229 13 8 60
229 13 10 57
230 3 0 18
230 3 1 22
230 3 2 20
230 3 5 19
230 3 8 20
230 3 9 22
230 3 10 21
230 3 11 18
230 10 0 22
230 10 2 26
230 10 3 24
230 10 4 23
230 10 6 24
230 10 7 26
230 10 8 25
230 10 10 22
230 12 0 20
230 12 2 24
230 12 3 22
230 12 6 21
230 12 7 22
230 12 8 24
230 12 10 23
230 12 11 20
231 1 0 84
231 1 2 89
231 1 4 92
231 1 6 81
231 1 8 84
231 1 9 90
231 1 10 89
231 1 11 94
231 3 0 92
231 3 1 96
231 3 2 100
231 3 5 99
231 3 8 84
231 3 9 98
231 3 10 85
231 3 11 90
231 4 1 96
231 4 2 100
231 4 3 104
231 4 5 103
231 4 6 88
231 4 7 102
231 4 10 89
231 4 11 94
231 7 0 95
231 7 1 99
231 7 2 103
231 7 3 102
231 7 4 87
231 7 8 101
231 7 9 88
231 7 10 93
231 11 0 79
231 11 3 77
231 11 4 75
231 11 6 80
231 11 7 87
231 11 8 77
231 11 10 76
231 11 11 85
232 3 0 38
232 3 1 37
232 3 2 34
232 3 5 37
232 3 8 33
232 3 9 35
232 3 10 37
232 3 11 38
232 4 1 37
232 4 2 36
232 4 3 33
232 4 5 36
232 4 6 32
232 4 7 34
232 4 10 36
232 4 11 37
232 6 1 34
232 6 2 33
232 6 3 30
232 6 5 33
232 6 6 29
232 6 7 31
232 6 9 33
232 6 10 34
232 9 1 37
232 9 2 36
232 9 3 33
232 9 4 36
232 9 5 32
232 9 6 34
232 9 8 36
232 9 9 37
232 14 1 27
232 14 2 30
232 14 3 33
232 14 4 28
232 14 7 29
232 14 9 30
232 14 10 28
232 14 11 27
233 1 0 50
233 1 2 54
233 1 4 58
233 1 6 57
233 1 8 58
233 1 9 60
233 1 10 59
233 1 11 56
233 9 1 59
233 9 2 69
233 9 3 65
233 9 4 60
233 9 5 61
233 9 6 69
233 9 8 60
233 9 9 59
233 12 0 55
233 12 2 65
233 12 3 61
233 12 6 56
233 12 7 57
233 12 8 65
233 12 10 56
233 12 11 55
234 4 1 40
234 4 2 39
234 4 3 36
234 4 5 39
234 4 6 35
234 4 7 37
234 4 10 39
234 4 11 40
234 6 1 39
234 6 2 38
234 6 3 35
234 6 5 38
234 6 6 34
234 6 7 36
234 6 9 38
234 6 10 39
234 8 0 36
234 8 1 35
234 8 3 32
234 8 4 35
234 8 6 31
234 8 8 33
234 8 9 35
234 8 11 36
234 10 0 39
234 10 2 38
234 10 3 35
234 10 4 38
234 10 6 34
234 10 7 36
234 10 8 38
234 10 10 39
234 13 0 35
234 13 3 34
234 13 4 31
234 13 5 34
234 13 6 30
234 13 7 32
234 13 8 34
234 13 10 35
235 1 0 81
235 1 2 79
235 1 4 77
235 1 6 82
235 1 8 89
235 1 9 79
235 1 10 78
235 1 11 87
235 5 0 79
235 5 2 77
235 5 3 75
235 5 4 80
235 5 7 87
235 5 9 77
235 5 10 76
235 5 11 85
235 9 1 85
235 9 2 79
235 9 3 84
235 9 4 88
235 9 5 72
235 9 6 86
235 9 8 88
235 9 9 88
235 10 0 82
235 10 2 80
235 10 3 78
235 10 4 83
235 10 6 90
235 10 7 80
235 10 8 79
235 10 10 88
235 13 0 90
235 13 3 94
235 13 4 98
235 13 5 97
235 13 6 82
235 13 7 96
235 13 8 83
235 13 10 88
236 1 0 45
236 1 2 39
236 1 4 43
236 1 6 42
236 1 8 37
236 1 9 41
236 1 10 38
236 1 11 43
236 11 0 44
236 11 3 38
236 11 4 42
236 11 6 41
236 11 7 36
236 11 8 40
236 11 10 37
236 11 11 42
236 12 0 41
236 12 2 40
236 12 3 37
236 12 6 40
236 12 7 36
236 12 8 38
236 12 10 40
236 12 11 41
237 0 0 20
237 0 2 20
237 0 4 18
237 0 6 20
237 0 7 18
237 0 8 19
237 0 9 20
237 0 10 20
237 5 0 20
237 5 2 24
237 5 3 22
237 5 4 21
237 5 7 22
237 5 9 24
237 5 10 23
237 5 11 20
237 8 0 18
237 8 1 22
237 8 3 20
237 8 4 19
237 8 6 20
237 8 8 22
237 8 9 21
237 8 11 18
238 2 0 52
238 2 1 46
238 2 2 50
238 2 3 49
238 2 4 44
238 2 7 48
238 2 8 45
238 2 10 50
238 5 0 47
238 5 2 51
238 5 3 55
238 5 4 54
238 5 7 55
238 5 9 57
238 5 10 56
238 5 11 53
238 8 0 51
238 8 1 55
238 8 3 59
238 8 4 58
238 8 6 59
238 8 8 61
238 8 9 60
238 8 11 57
238 13 0 50
238 13 3 54
238 13 4 58
238 13 5 57
238 13 6 58
238 13 7 60
238 13 8 59
238 13 10 56
239 4 1 84
239 4 2 89
239 4 3 92
239 4 5 81
239 4 6 84
239 4 7 90
239 4 10 89
239 4 11 94
239 5 0 90
239 5 2 100
239 5 3 110
239 5 4 91
239 5 7 92
239 5 9 100
239 5 10 105
239 5 11 90
239 10 0 106
239 10 2 102
239 10 3 121
239 10 4 117
239 10 6 104
239 10 7 119
239 10 8 104
239 10 10 110
239 14 1 89
239 14 2 93
239 14 3 97
239 14 4 96
239 14 7 81
239 14 9 95
239 14 10 82
239 14 11 87
240 0 0 95
240 0 2 99
240 0 4 103
240 0 6 102
240 0 7 87
240 0 8 101
240 0 9 88
240 0 10 93
240 1 0 106
240 1 2 110
240 1 4 108
240 1 6 109
240 1 8 92
240 1 9 90
240 1 10 101
240 1 11 110
240 7 0 110
240 7 1 114
240 7 2 112
240 7 3 113
240 7 4 96
240 7 8 94
240 7 9 105
240 7 10 114
240 8 0 109
240 8 1 113
240 8 3 111
240 8 4 112
240 8 6 95
240 8 8 93
240 8 9 104
240 8 11 113
240 12 0 86
240 12 2 84
240 12 3 82
240 12 6 87
240 12 7 94
240 12 8 84
240 12 10 83
240 12 11 92
241 2 0 13
241 2 1 13
241 2 2 11
241 2 3 13
241 2 4 11
241 2 7 12
241 2 8 13
241 2 10 13
241 12 0 13
241 12 2 13
241 12 3 11
241 12 6 13
241 12 7 11
241 12 8 12
241 12 10 13
241 12 11 13
241 13 0 9
241 13 3 10
241 13 4 11
241 13 5 10
241 13 6 11
241 13 7 10
241 13 8 9
241 13 10 9
242 2 0 45
242 2 1 49
242 2 2 53
242 2 3 52
242 2 4 53
242 2 7 55
242 2 8 54
242 2 10 51
242 10 0 48
242 10 2 42
242 10 3 46
242 10 4 45
242 10 6 40
242 10 7 44
242 10 8 41
242 10 10 46
242 12 0 52
242 12 2 46
242 12 3 50
242 12 6 49
242 12 7 44
242 12 8 48
242 12 10 45
242 12 11 50
243 3 0 19
243 3 1 23
243 3 2 21
243 3 5 20
243 3 8 21
243 3 9 23
243 3 10 22
243 3 11 19
243 6 1 23
243 6 2 27
243 6 3 25
243 6 5 24
243 6 6 25
243 6 7 27
243 6 9 26
243 6 10 23
243 8 0 21
243 8 1 25
243 8 3 23
243 8 4 22
243 8 6 23
243 8 8 25
243 8 9 24
243 8 11 21
243 12 0 20
243 12 2 24
243 12 3 22
243 12 6 21
243 12 7 22
243 12 8 24
243 12 10 23
243 12 11 20
244 2 0 22
244 2 1 26
244 2 2 24
244 2 3 23
244 2 4 24
244 2 7 26
244 2 8 25
244 2 10 22
244 5 0 26
244 5 2 30
244 5 3 28
244 5 4 27
244 5 7 28
244 5 9 30
244 5 10 29
244 5 11 26
244 8 0 24
244 8 1 28
244 8 3 26
244 8 4 25
244 8 6 26
244 8 8 28
244 8 9 27
244 8 11 24
244 11 0 23
244 11 3 27
244 11 4 25
244 11 6 24
244 11 7 25
244 11 8 27
244 11 10 26
244 11 11 23
244 12 0 24
244 12 2 28
244 12 3 26
244 12 6 25
244 12 7 26
244 12 8 28
244 12 10 27
244 12 11 24
245 2 0 82
245 2 1 80
245 2 2 78
245 2 3 83
245 2 4 90
245 2 7 80
245 2 8 79
245 2 10 88
245 6 1 85
245 6 2 83
245 6 3 78
245 6 5 83
245 6 6 76
245 6 7 80
245 6 9 83
245 6 10 86
245 11 0 81
245 11 3 79
245 11 4 77
245 11 6 82
245 11 7 89
245 11 8 79
245 11 10 78
245 11 11 87
246 3 0 20
246 3 1 20
246 3 2 18
246 3 5 20
246 3 8 18
246 3 9 19
246 3 10 20
246 3 11 20
246 6 1 20
246 6 2 20
246 6 3 18
246 6 5 20
246 6 6 18
246 6 7 19
246 6 9 20
246 6 10 20
246 9 1 18
246 9 2 18
246 9 3 16
246 9 4 18
246 9 5 16
246 9 6 17
246 9 8 18
246 9 9 18
246 12 0 20
246 12 2 20
246 12 3 18
246 12 6 20
246 12 7 18
246 12 8 19
246 12 10 20
246 12 11 20
246 13 0 18
246 13 3 18
246 13 4 16
246 13 5 18
246 13 6 16
246 13 7 17
246 13 8 18
246 13 10 18
247 3 0 49
247 3 1 43
247 3 2 47
247 3 5 46
247 3 8 41
247 3 9 45
247 3 10 42
247 3 11 47
247 7 0 50
247 7 1 54
247 7 2 52
247 7 3 53
247 7 4 47
247 7 8 45
247 7 9 45
247 7 10 54
247 11 0 48
247 11 3 52
247 11 4 56
247 11 6 55
247 11 7 56
247 11 8 58
247 11 10 57
247 11 11 54
247 12 0 47
247 12 2 51
247 12 3 55
247 12 6 54
247 12 7 55
247 12 8 57
247 12 10 56
247 12 11 53
248 0 0 13
248 0 2 13
248 0 4 11
248 0 6 13
248 0 7 11
248 0 8 12
248 0 9 13
248 0 10 13
248 1 0 13
248 1 2 13
248 1 4 11
248 1 6 13
248 1 8 11
248 1 9 12
248 1 10 13
248 1 11 13
248 5 0 9
248 5 2 10
248 5 3 11
248 5 4 10
248 5 7 11
248 5 9 10
248 5 10 9
248 5 11 9
248 8 0 13
248 8 1 13
248 8 3 11
248 8 4 13
248 8 6 11
248 8 8 12
248 8 9 13
248 8 11 13
249 1 0 51
249 1 2 55
249 1 4 59
249 1 6 58
249 1 8 59
249 1 9 61
249 1 10 60
249 1 11 57
249 4 1 60
249 4 2 70
249 4 3 66
249 4 5 61
249 4 6 62
249 4 7 70
249 4 10 61
249 4 11 60
249 9 1 56
249 9 2 66
249 9 3 62
249 9 4 57
249 9 5 58
249 9 6 66
249 9 8 57
249 9 9 56
249 13 0 52
249 13 3 56
249 13 4 60
249 13 5 59
249 13 6 60
249 13 7 62
249 13 8 61
249 13 10 58
249 14 1 53
249 14 2 57
249 14 3 61
249 14 4 60
249 14 7 61
249 14 9 63
249 14 10 62
249 14 11 59
250 3 0 78
250 3 1 76
250 3 2 74
250 3 5 79
250 3 8 86
250 3 9 76
250 3 10 75
250 3 11 84
250 6 1 85
250 6 2 83
250 6 3 78
250 6 5 83
250 6 6 76
250 6 7 80
250 6 9 83
250 6 10 86
250 12 0 80
250 12 2 78
250 12 3 73
250 12 6 78
250 12 7 71
250 12 8 75
250 12 10 78
250 12 11 81
250 13 0 85
250 13 3 83
250 13 4 78
250 13 5 83
250 13 6 76
250 13 7 80
250 13 8 83
250 13 10 86
251 1 0 49
251 1 2 53
251 1 4 57
251 1 6 56
251 1 8 57
251 1 9 59
251 1 10 58
251 1 11 55
251 2 0 58
251 2 1 68
251 2 2 64
251 2 3 59
251 2 4 60
251 2 7 68
251 2 8 59
251 2 10 58
251 11 0 54
251 11 3 64
251 11 4 60
251 11 6 55
251 11 7 56
251 11 8 64
251 11 10 55
251 11 11 54
252 0 0 50
252 0 2 54
252 0 4 52
252 0 6 53
252 0 7 47
252 0 8 45
252 0 9 45
252 0 10 54
252 8 0 48
252 8 1 52
252 8 3 56
252 8 4 55
252 8 6 56
252 8 8 58
252 8 9 57
252 8 11 54
252 12 0 46
252 12 2 50
252 12 3 54
252 12 6 53
252 12 7 54
252 12 8 56
252 12 10 55
252 12 11 52
252 13 0 47
252 13 3 51
252 13 4 55
252 13 5 54
252 13 6 55
252 13 7 57
252 13 8 56
252 13 10 53
253 0 0 82
253 0 2 80
253 0 4 78
253 0 6 83
253 0 7 90
253 0 8 80
253 0 9 79
253 0 10 88
253 1 0 80
253 1 2 78
253 1 4 76
253 1 6 81
253 1 8 88
253 1 9 78
253 1 10 77
253 1 11 86
253 2 0 78
253 2 1 76
253 2 2 74
253 2 3 79
253 2 4 86
253 2 7 76
253 2 8 75
253 2 10 84
253 11 0 83
253 11 3 81
253 11 4 79
253 11 6 84
253 11 7 91
253 11 8 81
253 11 10 80
253 11 11 89
253 12 0 91
253 12 2 95
253 12 3 99
253 12 6 98
253 12 7 83
253 12 8 97
253 12 10 84
253 12 11 89
254 0 0 50
254 0 2 54
254 0 4 52
254 0 6 53
254 0 7 47
254 0 8 45
254 0 9 45
254 0 10 54
254 5 0 48
254 5 2 52
254 5 3 56
254 5 4 55
254 5 7 56
254 5 9 58
254 5 10 57
254 5 11 54
254 6 1 46
254 6 2 50
254 6 3 54
254 6 5 53
254 6 6 54
254 6 7 56
254 6 9 55
254 6 10 52
254 12 0 47
254 12 2 51
254 12 3 55
254 12 6 54
254 12 7 55
254 12 8 57
254 12 10 56
254 12 11 53
255 0 0 81
255 0 2 79
255 0 4 77
255 0 6 82
255 0 7 89
255 0 8 79
255 0 9 78
255 0 10 87
255 2 0 79
255 2 1 77
255 2 2 75
255 2 3 80
255 2 4 87
255 2 7 77
255 2 8 76
255 2 10 85
255 4 1 85
255 4 2 79
255 4 3 84
255 4 5 88
255 4 6 72
255 4 7 86
255 4 10 88
255 4 11 88
255 12 0 82
255 12 2 80
255 12 3 78
255 12 6 83
255 12 7 90
255 12 8 80
255 12 10 79
255 12 11 88
256 3 0 49
256 3 1 43
256 3 2 47
256 3 5 46
256 3 8 41
256 3 9 45
256 3 10 42
256 3 11 47
256 5 0 42
256 5 2 40
256 5 3 38
256 5 4 43
256 5 7 41
256 5 9 40
256 5 10 39
256 5 11 39
256 6 1 47
256 6 2 41
256 6 3 45
256 6 5 44
256 6 6 39
256 6 7 43
256 6 9 40
256 6 10 45
256 10 0 46
256 10 2 40
256 10 3 44
256 10 4 43
256 10 6 38
256 10 7 42
256 10 8 39
256 10 10 44
256 11 0 41
256 11 3 40
256 11 4 37
256 11 6 40
256 11 7 36
256 11 8 38
256 11 10 40
256 11 11 41
257 5 0 14
257 5 2 14
257 5 3 12
257 5 4 14
257 5 7 12
257 5 9 13
257 5 10 14
257 5 11 14
257 8 0 14
257 8 1 14
257 8 3 12
257 8 4 14
257 8 6 12
257 8 8 13
257 8 9 14
257 8 11 14
257 9 1 12
257 9 2 12
257 9 3 10
257 9 4 12
257 9 5 10
257 9 6 11
257 9 8 12
257 9 9 12
258 1 0 45
258 1 2 49
258 1 4 53
258 1 6 52
258 1 8 53
258 1 9 55
258 1 10 54
258 1 11 51
258 2 0 49
258 2 1 53
258 2 2 57
258 2 3 56
258 2 4 57
258 2 7 59
258 2 8 58
258 2 10 55
258 5 0 53
258 5 2 57
258 5 3 61
258 5 4 60
258 5 7 61
258 5 9 63
258 5 10 62
258 5 11 59
258 6 1 52
258 6 2 56
258 6 3 60
258 6 5 59
258 6 6 60
258 6 7 62
258 6 9 61
258 6 10 58
258 13 0 53
258 13 3 57
258 13 4 61
258 13 5 60
258 13 6 61
258 13 7 63
258 13 8 62
258 13 10 59
259 1 0 22
259 1 2 26
259 1 4 24
259 1 6 23
259 1 8 24
259 1 9 26
259 1 10 25
259 1 11 22
259 4 1 26
259 4 2 30
259 4 3 28
259 4 5 27
259 4 6 28
259 4 7 30
259 4 10 29
259 4 11 26
259 11 0 24
259 11 3 28
259 11 4 26
259 11 6 25
259 11 7 26
259 11 8 28
259 11 10 27
259 11 11 24
260 3 0 84
260 3 1 82
260 3 2 77
260 3 5 82
260 3 8 75
260 3 9 79
260 3 10 82
260 3 11 85
260 9 1 82
260 9 2 80
260 9 3 75
260 9 4 80
260 9 5 73
260 9 6 77
260 9 8 80
260 9 9 83
260 11 0 80
260 11 3 78
260 11 4 73
260 11 6 78
260 11 7 71
260 11 8 75
260 11 10 78
260 11 11 81
261 3 0 65
261 3 1 58
261 3 2 56
261 3 5 61
261 3 8 55
261 3 9 61
261 3 10 66
261 3 11 62
261 6 1 66
261 6 2 70
261 6 3 74
261 6 5 73
261 6 6 68
261 6 7 67
261 6 9 69
261 6 10 69
261 11 0 59
261 11 3 69
261 11 4 65
261 11 6 60
261 11 7 61
261 11 8 69
261 11 10 60
261 11 11 59
262 0 0 14
262 0 2 14
262 0 4 12
262 0 6 14
262 0 7 12
262 0 8 13
262 0 9 14
262 0 10 14
262 1 0 14
262 1 2 14
262 1 4 12
262 1 6 14
262 1 8 12
262 1 9 13
262 1 10 14
262 1 11 14
262 6 1 12
262 6 2 12
262 6 3 10
262 6 5 12
262 6 6 10
262 6 7 11
262 6 9 12
262 6 10 12
262 13 0 14
262 13 3 14
262 13 4 12
262 13 5 14
262 13 6 12
262 13 7 13
262 13 8 14
262 13 10 14
263 0 0 81
263 0 2 79
263 0 4 77
263 0 6 82
263 0 7 89
263 0 8 79
263 0 9 78
263 0 10 87
263 3 0 79
263 3 1 77
263 3 2 75
263 3 5 80
263 3 8 87
263 3 9 77
263 3 10 76
263 3 11 85
263 5 0 83
263 5 2 81
263 5 3 76
263 5 4 81
263 5 7 74
263 5 9 78
263 5 10 81
263 5 11 84
263 6 1 79
263 6 2 77
263 6 3 75
263 6 5 80
263 6 6 87
263 6 7 77
263 6 9 76
263 6 10 85
263 9 1 81
263 9 2 79
263 9 3 74
263 9 4 79
263 9 5 72
263 9 6 76
263 9 8 79
263 9 9 82
264 0 0 53
264 0 2 57
264 0 4 61
264 0 6 60
264 0 7 61
264 0 8 63
264 0 9 62
264 0 10 59
264 3 0 62
264 3 1 72
264 3 2 68
264 3 5 63
264 3 8 64
264 3 9 72
264 3 10 63
264 3 11 62
264 5 0 58
264 5 2 68
264 5 3 64
264 5 4 59
264 5 7 60
264 5 9 68
264 5 10 59
264 5 11 58
265 0 0 18
265 0 2 22
265 0 4 20
265 0 6 19
265 0 7 20
265 0 8 22
265 0 9 21
265 0 10 18
265 1 0 22
265 1 2 26
265 1 4 24
265 1 6 23
265 1 8 24
265 1 9 26
265 1 10 25
265 1 11 22
265 6 1 20
265 6 2 24
265 6 3 22
265 6 5 21
265 6 6 22
265 6 7 24
265 6 9 23
265 6 10 20
266 1 0 41
266 1 2 40
266 1 4 37
266 1 6 40
266 1 8 36
266 1 9 38
266 1 10 40
266 1 11 41
266 3 0 40
266 3 1 39
266 3 2 36
266 3 5 39
266 3 8 35
266 3 9 37
266 3 10 39
266 3 11 40
266 4 1 37
266 4 2 36
266 4 3 33
266 4 5 36
266 4 6 32
266 4 7 34
266 4 10 36
266 4 11 37
266 11 0 40
266 11 3 39
266 11 4 36
266 11 6 39
266 11 7 35
266 11 8 37
266 11 10 39
266 11 11 40
266 13 0 36
266 13 3 35
266 13 4 32
266 13 5 35
266 13 6 31
266 13 7 33
266 13 8 35
266 13 10 36
267 3 0 19
267 3 1 23
267 3 2 21
267 3 5 20
267 3 8 21
267 3 9 23
267 3 10 22
267 3 11 19
267 4 1 23
267 4 2 27
267 4 3 25
267 4 5 24
267 4 6 25
267 4 7 27
267 4 10 26
267 4 11 23
267 11 0 21
267 11 3 25
267 11 4 23
267 11 6 22
267 11 7 23
267 11 8 25
267 11 10 24
267 11 11 21
268 4 1 20
268 4 2 20
268 4 3 18
268 4 5 20
268 4 6 18
268 4 7 19
268 4 10 20
268 4 11 20
268 5 0 20
268 5 2 20
268 5 3 18
268 5 4 20
268 5 7 18
268 5 9 19
268 5 10 20
268 5 11 20
268 11 0 18
268 11 3 18
268 11 4 16
268 11 6 18
268 11 7 16
268 11 8 17
268 11 10 18
268 11 11 18
268 13 0 20
268 13 3 20
268 13 4 18
268 13 5 20
268 13 6 18
268 13 7 19
268 13 8 20
268 13 10 20
269 2 0 38
269 2 1 37
269 2 2 34
269 2 3 37
269 2 4 33
269 2 7 35
269 2 8 37
269 2 10 38
269 5 0 37
269 5 2 36
269 5 3 33
269 5 4 36
269 5 7 32
269 5 9 34
269 5 10 36
269 5 11 37
269 6 1 34
269 6 2 33
269 6 3 30
269 6 5 33
269 6 6 29
269 6 7 31
269 6 9 33
269 6 10 34
269 11 0 37
269 11 3 36
269 11 4 33
269 11 6 36
269 11 7 32
269 11 8 34
269 11 10 36
269 11 11 37
269 12 0 27
269 12 2 30
269 12 3 33
269 12 6 28
269 12 7 29
269 12 8 30
269 12 10 28
269 12 11 27
270 0 0 86
270 0 2 84
270 0 4 82
270 0 6 87
270 0 7 94
270 0 8 84
270 0 9 83
270 0 10 92
270 4 1 91
270 4 2 95
270 4 3 99
270 4 5 98
270 4 6 83
270 4 7 97
270 4 10 84
270 4 11 89
270 11 0 95
270 11 3 99
270 11 4 103
270 11 6 102
270 11 7 87
270 11 8 101
270 11 10 88
270 11 11 93
271 6 1 20
271 6 2 24
271 6 3 22
271 6 5 21
271 6 6 22
271 6 7 24
271 6 9 23
271 6 10 20
271 7 0 24
271 7 1 28
271 7 2 26
271 7 3 25
271 7 4 26
271 7 8 28
271 7 9 27
271 7 10 24
271 12 0 22
271 12 2 26
271 12 3 24
271 12 6 23
271 12 7 24
271 12 8 26
271 12 10 25
271 12 11 22
272 5 0 48
272 5 2 42
272 5 3 46
272 5 4 45
272 5 7 40
272 5 9 44
272 5 10 41
272 5 11 46
272 7 0 42
272 7 1 41
272 7 2 38
272 7 3 41
272 7 4 37
272 7 8 39
272 7 9 41
272 7 10 42
272 14 1 46
272 14 2 40
272 14 3 44
272 14 4 43
272 14 7 38
272 14 9 42
272 14 10 39
272 14 11 44
273 1 0 21
273 1 2 25
273 1 4 23
273 1 6 22
273 1 8 23
273 1 9 25
273 1 10 24
273 1 11 21
273 5 0 25
273 5 2 29
273 5 3 27
273 5 4 26
273 5 7 27
273 5 9 29
273 5 10 28
273 5 11 25
273 9 1 23
273 9 2 27
273 9 3 25
273 9 4 24
273 9 5 25
273 9 6 27
273 9 8 26
273 9 9 23
274 2 0 37
274 2 1 36
274 2 2 33
274 2 3 36
274 2 4 32
274 2 7 34
274 2 8 36
274 2 10 37
274 3 0 36
274 3 1 35
274 3 2 32
274 3 5 35
274 3 8 31
274 3 9 33
274 3 10 35
274 3 11 36
274 5 0 27
274 5 2 30
274 5 3 33
274 5 4 28
274 5 7 29
274 5 9 30
274 5 10 28
274 5 11 27
274 12 0 36
274 12 2 35
274 12 3 32
274 12 6 35
274 12 7 31
274 12 8 33
274 12 10 35
274 12 11 36
275 2 0 53
275 2 1 57
275 2 2 61
275 2 3 60
275 2 4 61
275 2 7 63
275 2 8 62
275 2 10 59
275 3 0 62
275 3 1 72
275 3 2 68
275 3 5 63
275 3 8 64
275 3 9 72
275 3 10 63
275 3 11 62
275 5 0 58
275 5 2 68
275 5 3 64
275 5 4 59
275 5 7 60
275 5 9 68
275 5 10 59
275 5 11 58
275 11 0 65
275 11 3 58
275 11 4 56
275 11 6 61
275 11 7 55
275 11 8 61
275 11 10 66
275 11 11 62
276 5 0 84
276 5 2 89
276 5 3 92
276 5 4 81
276 5 7 84
276 5 9 90
276 5 10 89
276 5 11 94
276 7 0 92
276 7 1 96
276 7 2 100
276 7 3 99
276 7 4 84
276 7 8 98
276 7 9 85
276 7 10 90
276 9 1 96
276 9 2 100
276 9 3 104
276 9 4 103
276 9 5 88
276 9 6 102
276 9 8 89
276 9 9 94
276 10 0 95
276 10 2 99
276 10 3 103
276 10 4 102
276 10 6 87
276 10 7 101
276 10 8 88
276 10 10 93
276 13 0 79
276 13 3 77
276 13 4 75
276 13 5 80
276 13 6 87
276 13 7 77
276 13 8 76
276 13 10 85
277 9 1 48
277 9 2 42
277 9 3 46
277 9 4 45
277 9 5 40
277 9 6 44
277 9 8 41
277 9 9 46
277 11 0 42
277 11 3 41
277 11 4 38
277 11 6 41
277 11 7 37
277 11 8 39
277 11 10 41
277 11 11 42
277 12 0 46
277 12 2 40
277 12 3 44
277 12 6 43
277 12 7 38
277 12 8 42
277 12 10 39
277 12 11 44
277 13 0 45
277 13 3 39
277 13 4 43
277 13 5 42
277 13 6 37
277 13 7 41
277 13 8 38
277 13 10 43
278 5 0 92
278 5 2 96
278 5 3 100
278 5 4 99
278 5 7 84
278 5 9 98
278 5 10 85
278 5 11 90
278 6 1 96
278 6 2 100
278 6 3 104
278 6 5 103
278 6 6 88
278 6 7 102
278 6 9 89
278 6 10 94
278 7 0 107
278 7 1 111
278 7 2 109
278 7 3 110
278 7 4 93
278 7 8 91
278 7 9 102
278 7 10 111
278 12 0 106
278 12 2 110
278 12 3 108
278 12 6 109
278 12 7 92
278 12 8 90
278 12 10 101
278 12 11 110
278 14 1 83
278 14 2 81
278 14 3 79
278 14 4 84
278 14 7 91
278 14 9 81
278 14 10 80
278 14 11 89
279 2 0 18
279 2 1 22
279 2 2 20
279 2 3 19
279 2 4 20
279 2 7 22
279 2 8 21
279 2 10 18
279 10 0 22
279 10 2 26
279 10 3 24
279 10 4 23
279 10 6 24
279 10 7 26
279 10 8 25
279 10 10 22
279 13 0 20
279 13 3 24
279 13 4 22
279 13 5 21
279 13 6 22
279 13 7 24
279 13 8 23
279 13 10 20
280 0 0 83
280 0 2 81
280 0 4 76
280 0 6 81
280 0 7 74
280 0 8 78
280 0 9 81
280 0 10 84
280 2 0 81
280 2 1 79
280 2 2 74
280 2 3 79
280 2 4 72
280 2 7 76
280 2 8 79
280 2 10 82
280 3 0 66
280 3 1 70
280 3 2 74
280 3 5 73
280 3 8 68
280 3 9 67
280 3 10 69
280 3 11 69
280 4 1 81
280 4 2 79
280 4 3 74
280 4 5 79
280 4 6 72
280 4 7 76
280 4 10 79
280 4 11 82
280 6 1 61
280 6 2 71
280 6 3 67
280 6 5 62
280 6 6 63
280 6 7 71
280 6 9 62
280 6 10 61
281 4 1 39
281 4 2 38
281 4 3 35
281 4 5 38
281 4 6 34
281 4 7 36
281 4 10 38
281 4 11 39
281 6 1 38
281 6 2 37
281 6 3 34
281 6 5 37
281 6 6 33
281 6 7 35
281 6 9 37
281 6 10 38
281 7 0 35
281 7 1 34
281 7 2 31
281 7 3 34
281 7 4 30
281 7 8 32
281 7 9 34
281 7 10 35
281 8 0 38
281 8 1 37
281 8 3 34
281 8 4 37
281 8 6 33
281 8 8 35
281 8 9 37
281 8 11 38
281 12 0 34
281 12 2 33
281 12 3 30
281 12 6 33
281 12 7 29
281 12 8 31
281 12 10 33
281 12 11 34
282 5 0 52
282 5 2 56
282 5 3 60
282 5 4 59
282 5 7 60
282 5 9 62
282 5 10 61
282 5 11 58
282 7 0 61
282 7 1 71
282 7 2 67
282 7 3 62
282 7 4 63
282 7 8 71
282 7 9 62
282 7 10 61
282 12 0 57
282 12 2 67
282 12 3 63
282 12 6 58
282 12 7 59
282 12 8 67
282 12 10 58
282 12 11 57
283 6 1 59
283 6 2 69
283 6 3 65
283 6 5 60
283 6 6 61
283 6 7 69
283 6 9 60
283 6 10 59
283 12 0 66
283 12 2 70
283 12 3 74
283 12 6 73
283 12 7 68
283 12 8 67
283 12 10 69
283 12 11 69
283 13 0 80
283 13 3 78
283 13 4 73
283 13 5 78
283 13 6 71
283 13 7 75
283 13 8 78
283 13 10 81
283 14 1 79
283 14 2 77
283 14 3 72
283 14 4 77
283 14 7 70
283 14 9 74
283 14 10 77
283 14 11 80
284 4 1 51
284 4 2 45
284 4 3 49
284 4 5 48
284 4 6 43
284 4 7 47
284 4 10 44
284 4 11 49
284 5 0 46
284 5 2 50
284 5 3 54
284 5 4 53
284 5 7 54
284 5 9 56
284 5 10 55
284 5 11 52
284 6 1 50
284 6 2 54
284 6 3 58
284 6 5 57
284 6 6 58
284 6 7 60
284 6 9 59
284 6 10 56
284 11 0 49
284 11 3 53
284 11 4 57
284 11 6 56
284 11 7 57
284 11 8 59
284 11 10 58
284 11 11 55
285 2 0 45
285 2 1 49
285 2 2 53
285 2 3 52
285 2 4 53
285 2 7 55
285 2 8 54
285 2 10 51
285 4 1 48
285 4 2 42
285 4 3 46
285 4 5 45
285 4 6 40
285 4 7 44
285 4 10 41
285 4 11 46
285 5 0 52
285 5 2 46
285 5 3 50
285 5 4 49
285 5 7 44
285 5 9 48
285 5 10 45
285 5 11 50
285 7 0 51
285 7 1 45
285 7 2 49
285 7 3 48
285 7 4 43
285 7 8 47
285 7 9 44
285 7 10 49
285 14 1 46
285 14 2 40
285 14 3 44
285 14 4 43
285 14 7 38
285 14 9 42
285 14 10 39
285 14 11 44
286 0 0 21
286 0 2 25
286 0 4 23
286 0 6 22
286 0 7 23
286 0 8 25
286 0 9 24
286 0 10 21
286 5 0 25
286 5 2 29
286 5 3 27
286 5 4 26
286 5 7 27
286 5 9 29
286 5 10 28
286 5 11 25
286 11 0 23
286 11 3 27
286 11 4 25
286 11 6 24
286 11 7 25
286 11 8 27
286 11 10 26
286 11 11 23
287 3 0 9
287 3 1 9
287 3 2 8
287 3 5 9
287 3 8 8
287 3 9 9
287 3 10 9
287 3 11 9
287 4 1 9
287 4 2 10
287 4 3 11
287 4 5 10
287 4 6 11
287 4 7 10
287 4 10 9
287 4 11 9
287 14 1 12
287 14 2 12
287 14 3 10
287 14 4 12
287 14 7 10
287 14 9 11
287 14 10 12
287 14 11 12
288 6 1 39
288 6 2 38
288 6 3 35
288 6 5 38
288 6 6 34
288 6 7 36
288 6 9 38
288 6 10 39
288 9 1 38
288 9 2 37
288 9 3 34
288 9 4 37
288 9 5 33
288 9 6 35
288 9 8 37
288 9 9 38
288 10 0 35
288 10 2 34
288 10 3 31
288 10 4 34
288 10 6 30
288 10 7 32
288 10 8 34
288 10 10 35
288 12 0 38
288 12 2 37
288 12 3 34
288 12 6 37
288 12 7 33
288 12 8 35
288 12 10 37
288 12 11 38
289 1 0 83
289 1 2 81
289 1 4 79
289 1 6 84
289 1 8 91
289 1 9 81
289 1 10 80
289 1 11 89
289 2 0 81
289 2 1 79
289 2 2 77
289 2 3 82
289 2 4 89
289 2 7 79
289 2 8 78
289 2 10 87
289 4 1 79
289 4 2 77
289 4 3 75
289 4 5 80
289 4 6 87
289 4 7 77
289 4 10 76
289 4 11 85
289 11 0 84
289 11 3 82
289 11 4 80
289 11 6 85
289 11 7 92
289 11 8 82
289 11 10 81
289 11 11 90
289 14 1 92
289 14 2 96
289 14 3 100
289 14 4 99
289 14 7 84
289 14 9 98
289 14 10 85
289 14 11 90
290 2 0 20
290 2 1 20
290 2 2 18
290 2 3 20
290 2 4 18
290 2 7 19
290 2 8 20
290 2 10 20
290 6 1 20
290 6 2 24
290 6 3 22
290 6 5 21
290 6 6 22
290 6 7 24
290 6 9 23
290 6 10 20
290 10 0 18
290 10 2 22
290 10 3 20
290 10 4 19
290 10 6 20
290 10 7 22
290 10 8 21
290 10 10 18
291 2 0 48
291 2 1 42
291 2 2 46
291 2 3 45
291 2 4 40
291 2 7 44
291 2 8 41
291 2 10 46
291 4 1 52
291 4 2 46
291 4 3 50
291 4 5 49
291 4 6 44
291 4 7 48
291 4 10 45
291 4 11 50
291 7 0 47
291 7 1 51
291 7 2 55
291 7 3 54
291 7 4 55
291 7 8 57
291 7 9 56
291 7 10 53
291 12 0 46
291 12 2 50
291 12 3 54
291 12 6 53
291 12 7 54
291 12 8 56
291 12 10 55
291 12 11 52
292 2 0 24
292 2 1 28
292 2 2 26
292 2 3 25
292 2 4 26
292 2 7 28
292 2 8 27
292 2 10 24
292 5 0 27
292 5 2 30
292 5 3 33
292 5 4 28
292 5 7 29
292 5 9 30
292 5 10 28
292 5 11 27
292 9 1 36
292 9 2 35
292 9 3 32
292 9 4 35
292 9 5 31
292 9 6 33
292 9 8 35
292 9 9 36
292 11 0 25
292 11 3 29
292 11 4 27
292 11 6 26
292 11 7 27
292 11 8 29
292 11 10 28
292 11 11 25
292 13 0 26
292 13 3 30
292 13 4 28
292 13 5 27
292 13 6 28
292 13 7 30
292 13 8 29
292 13 10 26
293 2 0 82
293 2 1 80
293 2 2 78
293 2 3 83
293 2 4 90
293 2 7 80
293 2 8 79
293 2 10 88
293 8 0 85
293 8 1 83
293 8 3 78
293 8 4 83
293 8 6 76
293 8 8 80
293 8 9 83
293 8 11 86
293 12 0 81
293 12 2 79
293 12 3 77
293 12 6 82
293 12 7 89
293 12 8 79
293 12 10 78
293 12 11 87
293 14 1 85
293 14 2 83
293 14 3 81
293 14 4 86
293 14 7 93
293 14 9 83
293 14 10 82
293 14 11 91
294 4 1 50
294 4 2 54
294 4 3 58
294 4 5 57
294 4 6 58
294 4 7 60
294 4 10 59
294 4 11 56
294 7 0 59
294 7 1 69
294 7 2 65
294 7 3 60
294 7 4 61
294 7 8 69
294 7 9 60
294 7 10 59
294 9 1 55
294 9 2 65
294 9 3 61
294 9 4 56
294 9 5 57
294 9 6 65
294 9 8 56
294 9 9 55
295 8 0 17
295 8 1 17
295 8 3 15
295 8 4 17
295 8 6 15
295 8 8 16
295 8 9 17
295 8 11 17
295 9 1 17
295 9 2 17
295 9 3 15
295 9 4 17
295 9 5 15
295 9 6 16
295 9 8 17
295 9 9 17
295 10 0 15
295 10 2 15
295 10 3 13
295 10 4 15
295 10 6 13
295 10 7 14
295 10 8 15
295 10 10 15
296 1 0 65
296 1 2 58
296 1 4 56
296 1 6 61
296 1 8 55
296 1 9 61
296 1 10 66
296 1 11 62
296 2 0 66
296 2 1 70
296 2 2 74
296 2 3 73
296 2 4 68
296 2 7 67
296 2 8 69
296 2 10 69
296 4 1 59
296 4 2 69
296 4 3 65
296 4 5 60
296 4 6 61
296 4 7 69
296 4 10 60
296 4 11 59
296 13 0 54
296 13 3 64
296 13 4 60
296 13 5 55
296 13 6 56
296 13 7 64
296 13 8 55
296 13 10 54
297 0 0 55
297 0 2 65
297 0 4 61
297 0 6 56
297 0 7 57
297 0 8 65
297 0 9 56
297 0 10 55
297 6 1 78
297 6 2 76
297 6 3 71
297 6 5 76
297 6 6 69
297 6 7 73
297 6 9 76
297 6 10 79
297 8 0 61
297 8 1 71
297 8 3 67
297 8 4 62
297 8 6 63
297 8 8 71
297 8 9 62
297 8 11 61
298 7 0 58
298 7 1 68
298 7 2 64
298 7 3 59
298 7 4 60
298 7 8 68
298 7 9 59
298 7 10 58
298 8 0 52
298 8 1 56
298 8 3 60
298 8 4 59
298 8 6 60
298 8 8 62
298 8 9 61
298 8 11 58
298 13 0 50
298 13 3 54
298 13 4 58
298 13 5 57
298 13 6 58
298 13 7 60
298 13 8 59
298 13 10 56
298 14 1 54
298 14 2 64
298 14 3 60
298 14 4 55
298 14 7 56
298 14 9 64
298 14 10 55
298 14 11 54
299 0 0 82
299 0 2 80
299 0 4 78
299 0 6 83
299 0 7 90
299 0 8 80
299 0 9 79
299 0 10 88
299 9 1 80
299 9 2 78
299 9 3 76
299 9 4 81
299 9 5 88
299 9 6 78
299 9 8 77
299 9 9 86
299 11 0 84
299 11 3 82
299 11 4 77
299 11 6 82
299 11 7 75
299 11 8 79
299 11 10 82
299 11 11 85
299 14 1 80
299 14 2 78
299 14 3 76
299 14 4 81
299 14 7 88
299 14 9 78
299 14 10 77
299 14 11 86
300 2 0 84
300 2 1 89
300 2 2 92
300 2 3 81
300 2 4 84
300 2 7 90
300 2 8 89
300 2 10 94
300 3 0 90
300 3 1 100
300 3 2 110
300 3 5 91
300 3 8 92
300 3 9 100
300 3 10 105
300 3 11 90
300 9 1 106
300 9 2 102
300 9 3 121
300 9 4 117
300 9 5 104
300 9 6 119
300 9 8 104
300 9 9 110
300 11 0 89
300 11 3 93
300 11 4 97
300 11 6 96
300 11 7 81
300 11 8 95
300 11 10 82
300 11 11 87
301 0 0 50
301 0 2 54
301 0 4 58
301 0 6 57
301 0 7 58
301 0 8 60
301 0 9 59
301 0 10 56
301 1 0 59
301 1 2 69
301 1 4 65
301 1 6 60
301 1 8 61
301 1 9 69
301 1 10 60
301 1 11 59
301 8 0 55
301 8 1 65
301 8 3 61
301 8 4 56
301 8 6 57
301 8 8 65
301 8 9 56
301 8 11 55
302 0 0 50
302 0 2 54
302 0 4 52
302 0 6 53
302 0 7 47
302 0 8 45
302 0 9 45
302 0 10 54
302 1 0 48
302 1 2 52
302 1 4 56
302 1 6 55
302 1 8 56
302 1 9 58
302 1 10 57
302 1 11 54
302 3 0 46
302 3 1 50
302 3 2 54
302 3 5 53
302 3 8 54
302 3 9 56
302 3 10 55
302 3 11 52
302 4 1 47
302 4 2 51
302 4 3 55
302 4 5 54
302 4 6 55
302 4 7 57
302 4 10 56
302 4 11 53
303 2 0 85
303 2 1 83
303 2 2 78
303 2 3 83
303 2 4 76
303 2 7 80
303 2 8 83
303 2 10 86
303 8 0 83
303 8 1 81
303 8 3 76
303 8 4 81
303 8 6 74
303 8 8 78
303 8 9 81
303 8 11 84
303 11 0 81
303 11 3 79
303 11 4 74
303 11 6 79
303 11 7 72
303 11 8 76
303 11 10 79
303 11 11 82
304 0 0 50
304 0 2 54
304 0 4 52
304 0 6 53
304 0 7 47
304 0 8 45
304 0 9 45
304 0 10 54
304 4 1 47
304 4 2 41
304 4 3 45
304 4 5 44
304 4 6 39
304 4 7 43
304 4 10 40
304 4 11 45
304 13 0 51
304 13 3 45
304 13 4 49
304 13 5 48
304 13 6 43
304 13 7 47
304 13 8 44
304 13 10 49
305 1 0 42
305 1 2 41
305 1 4 38
305 1 6 41
305 1 8 37
305 1 9 39
305 1 10 41
305 1 11 42
305 10 0 41
305 10 2 40
305 10 3 37
305 10 4 40
305 10 6 36
305 10 7 38
305 10 8 40
305 10 10 41
305 13 0 38
305 13 3 37
305 13 4 34
305 13 5 37
305 13 6 33
305 13 7 35
305 13 8 37
305 13 10 38
306 2 0 22
306 2 1 26
306 2 2 24
306 2 3 23
306 2 4 24
306 2 7 26
306 2 8 25
306 2 10 22
306 4 1 26
306 4 2 30
306 4 3 28
306 4 5 27
306 4 6 28
306 4 7 30
306 4 10 29
306 4 11 26
306 5 0 24
306 5 2 28
306 5 3 26
306 5 4 25
306 5 7 26
306 5 9 28
306 5 10 27
306 5 11 24
306 10 0 23
306 10 2 27
306 10 3 25
306 10 4 24
306 10 6 25
306 10 7 27
306 10 8 26
306 10 10 23
306 14 1 24
306 14 2 28
306 14 3 26
306 14 4 25
306 14 7 26
306 14 9 28
306 14 10 27
306 14 11 24
307 5 0 41
307 5 2 40
307 5 3 37
307 5 4 40
307 5 7 36
307 5 9 38
307 5 10 40
307 5 11 41
307 6 1 40
307 6 2 39
307 6 3 36
307 6 5 39
307 6 6 35
307 6 7 37
307 6 9 39
307 6 10 40
307 9 1 37
307 9 2 36
307 9 3 33
307 9 4 36
307 9 5 32
307 9 6 34
307 9 8 36
307 9 9 37
307 13 0 40
307 13 3 39
307 13 4 36
307 13 5 39
307 13 6 35
307 13 7 37
307 13 8 39
307 13 10 40
308 0 0 47
308 0 2 51
308 0 4 55
308 0 6 54
308 0 7 55
308 0 8 57
308 0 9 56
308 0 10 53
308 1 0 51
308 1 2 55
308 1 4 59
308 1 6 58
308 1 8 59
308 1 9 61
308 1 10 60
308 1 11 57
308 5 0 54
308 5 2 64
308 5 3 60
308 5 4 55
308 5 7 56
308 5 9 64
308 5 10 55
308 5 11 54
309 1 0 50
309 1 2 54
309 1 4 52
309 1 6 53
309 1 8 47
309 1 9 45
309 1 10 45
309 1 11 54
309 4 1 48
309 4 2 52
309 4 3 56
309 4 5 55
309 4 6 56
309 4 7 58
309 4 10 57
309 4 11 54
309 8 0 46
309 8 1 50
309 8 3 54
309 8 4 53
309 8 6 54
309 8 8 56
309 8 9 55
309 8 11 52
310 5 0 19
310 5 2 19
310 5 3 17
310 5 4 19
310 5 7 17
310 5 9 18
310 5 10 19
310 5 11 19
310 9 1 19
310 9 2 23
310 9 3 21
310 9 4 20
310 9 5 21
310 9 6 23
310 9 8 22
310 9 9 19
310 10 0 21
310 10 2 20
310 10 3 19
310 10 4 18
310 10 6 18
310 10 7 22
310 10 8 19
310 10 10 19
310 13 0 20
310 13 3 20
310 13 4 18
310 13 5 20
310 13 6 18
310 13 7 19
310 13 8 20
310 13 10 20
310 14 1 21
310 14 2 20
310 14 3 19
310 14 4 18
310 14 7 18
310 14 9 22
310 14 10 19
310 14 11 19
311 0 0 65
311 0 2 58
311 0 4 56
311 0 6 61
311 0 7 55
311 0 8 61
311 0 9 66
311 0 10 62
311 6 1 66
311 6 2 70
311 6 3 74
311 6 5 73
311 6 6 68
311 6 7 67
311 6 9 69
311 6 10 69
311 10 0 59
311 10 2 69
311 10 3 65
311 10 4 60
311 10 6 61
311 10 7 69
311 10 8 60
311 10 10 59
311 14 1 54
311 14 2 64
311 14 3 60
311 14 4 55
311 14 7 56
311 14 9 64
311 14 10 55
311 14 11 54
312 1 0 59
312 1 2 69
312 1 4 65
312 1 6 60
312 1 8 61
312 1 9 69
312 1 10 60
312 1 11 59
312 4 1 66
312 4 2 70
312 4 3 74
312 4 5 73
312 4 6 68
312 4 7 67
312 4 10 69
312 4 11 69
312 10 0 80
312 10 2 78
312 10 3 73
312 10 4 78
312 10 6 71
312 10 7 75
312 10 8 78
312 10 10 81
312 13 0 79
312 13 3 77
312 13 4 72
312 13 5 77
312 13 6 70
312 13 7 74
312 13 8 77
312 13 10 80
313 8 0 49
313 8 1 53
313 8 3 57
313 8 4 56
313 8 6 57
313 8 8 59
313 8 9 58
313 8 11 55
313 9 1 58
313 9 2 68
313 9 3 64
313 9 4 59
313 9 5 60
313 9 6 68
313 9 8 59
313 9 9 58
313 11 0 54
313 11 3 64
313 11 4 60
313 11 6 55
313 11 7 56
313 11 8 64
313 11 10 55
313 11 11 54
314 0 0 50
314 0 2 44
314 0 4 48
314 0 6 47
314 0 7 42
314 0 8 46
314 0 9 43
314 0 10 48
314 2 0 44
314 2 1 38
314 2 2 42
314 2 3 41
314 2 4 36
314 2 7 40
314 2 8 37
314 2 10 42
314 4 1 48
314 4 2 42
314 4 3 46
314 4 5 45
314 4 6 40
314 4 7 44
314 4 10 41
314 4 11 46
314 8 0 47
314 8 1 41
314 8 3 45
314 8 4 44
314 8 6 39
314 8 8 43
314 8 9 40
314 8 11 45
314 14 1 42
314 14 2 41
314 14 3 38
314 14 4 41
314 14 7 37
314 14 9 39
314 14 10 41
314 14 11 42
315 7 0 47
315 7 1 51
315 7 2 55
315 7 3 54
315 7 4 55
315 7 8 57
315 7 9 56
315 7 10 53
315 9 1 51
315 9 2 55
315 9 3 59
315 9 4 58
315 9 5 59
315 9 6 61
315 9 8 60
315 9 9 57
315 10 0 54
315 10 2 64
315 10 3 60
315 10 4 55
315 10 6 56
315 10 7 64
315 10 8 55
315 10 10 54
316 1 0 79
316 1 2 77
316 1 4 75
316 1 6 80
316 1 8 87
316 1 9 77
316 1 10 76
316 1 11 85
316 3 0 85
316 3 1 79
316 3 2 84
316 3 5 88
316 3 8 72
316 3 9 86
316 3 10 88
316 3 11 88
316 4 1 84
316 4 2 82
316 4 3 77
316 4 5 82
316 4 6 75
316 4 7 79
316 4 10 82
316 4 11 85
316 8 0 80
316 8 1 78
316 8 3 76
316 8 4 81
316 8 6 88
316 8 8 78
316 8 9 77
316 8 11 86
317 2 0 21
317 2 1 20
317 2 2 19
317 2 3 18
317 2 4 18
317 2 7 22
317 2 8 19
317 2 10 19
317 7 0 21
317 7 1 25
317 7 2 23
317 7 3 22
317 7 4 23
317 7 8 25
317 7 9 24
317 7 10 21
317 9 1 19
317 9 2 23
317 9 3 21
317 9 4 20
317 9 5 21
317 9 6 23
317 9 8 22
317 9 9 19
317 12 0 18
317 12 2 22
317 12 3 20
317 12 6 19
317 12 7 20
317 12 8 22
317 12 10 21
317 12 11 18
317 13 0 19
317 13 3 23
317 13 4 21
317 13 5 20
317 13 6 21
317 13 7 23
317 13 8 22
317 13 10 19
318 3 0 24
318 3 1 28
318 3 2 26
318 3 5 25
318 3 8 26
318 3 9 28
318 3 10 27
318 3 11 24
318 5 0 27
318 5 2 30
318 5 3 33
318 5 4 28
318 5 7 29
318 5 9 30
318 5 10 28
318 5 11 27
318 13 0 36
318 13 3 35
318 13 4 32
318 13 5 35
318 13 6 31
318 13 7 33
318 13 8 35
318 13 10 36
319 0 0 19
319 0 2 23
319 0 4 21
319 0 6 20
319 0 7 21
319 0 8 23
319 0 9 22
319 0 10 19
319 5 0 23
319 5 2 27
319 5 3 25
319 5 4 24
319 5 7 25
319 5 9 27
319 5 10 26
319 5 11 23
319 8 0 21
319 8 1 25
319 8 3 23
319 8 4 22
319 8 6 23
319 8 8 25
319 8 9 24
319 8 11 21
319 14 1 20
319 14 2 24
319 14 3 22
319 14 4 21
319 14 7 22
319 14 9 24
319 14 10 23
319 14 11 20
320 7 0 18
320 7 1 22
320 7 2 20
320 7 3 19
320 7 4 20
320 7 8 22
320 7 9 21
320 7 10 18
320 8 0 21
320 8 1 20
320 8 3 19
320 8 4 18
320 8 6 18
320 8 8 22
320 8 9 19
320 8 11 19
320 9 1 20
320 9 2 20
320 9 3 18
320 9 4 20
320 9 5 18
320 9 6 19
320 9 8 20
320 9 9 20
320 12 0 19
320 12 2 19
320 12 3 17
320 12 6 19
320 12 7 17
320 12 8 18
320 12 10 19
320 12 11 19
321 1 0 65
321 1 2 58
321 1 4 56
321 1 6 61
321 1 8 55
321 1 9 61
321 1 10 66
321 1 11 62
321 2 0 66
321 2 1 70
321 2 2 74
321 2 3 73
321 2 4 68
321 2 7 67
321 2 8 69
321 2 10 69
321 5 0 59
321 5 2 69
321 5 3 65
321 5 4 60
321 5 7 61
321 5 9 69
321 5 10 60
321 5 11 59
321 6 1 54
321 6 2 64
321 6 3 60
321 6 5 55
321 6 6 56
321 6 7 64
321 6 9 55
321 6 10 54
321 10 0 55
321 10 2 65
321 10 3 61
321 10 4 56
321 10 6 57
321 10 7 65
321 10 8 56
321 10 10 55
322 0 0 51
322 0 2 45
322 0 4 49
322 0 6 48
322 0 7 43
322 0 8 47
322 0 9 44
322 0 10 49
322 4 1 45
322 4 2 39
322 4 3 43
322 4 5 42
322 4 6 37
322 4 7 41
322 4 10 38
322 4 11 43
322 12 0 49
322 12 2 43
322 12 3 47
322 12 6 46
322 12 7 41
322 12 8 45
322 12 10 42
322 12 11 47
323 0 0 81
323 0 2 79
323 0 4 77
323 0 6 82
323 0 7 89
323 0 8 79
323 0 9 78
323 0 10 87
323 2 0 79
323 2 1 77
323 2 2 75
323 2 3 80
323 2 4 87
323 2 7 77
323 2 8 76
323 2 10 85
323 6 1 85
323 6 2 79
323 6 3 84
323 6 5 88
323 6 6 72
323 6 7 86
323 6 9 88
323 6 10 88
323 8 0 82
323 8 1 80
323 8 3 78
323 8 4 83
323 8 6 90
323 8 8 80
323 8 9 79
323 8 11 88
323 13 0 90
323 13 3 94
323 13 4 98
323 13 5 97
323 13 6 82
323 13 7 96
323 13 8 83
323 13 10 88
324 1 0 85
324 1 2 83
324 1 4 78
324 1 6 83
324 1 8 76
324 1 9 80
324 1 10 83
324 1 11 86
324 5 0 83
324 5 2 81
324 5 3 76
324 5 4 81
324 5 7 74
324 5 9 78
324 5 10 81
324 5 11 84
324 7 0 78
324 7 1 76
324 7 2 71
324 7 3 76
324 7 4 69
324 7 8 73
324 7 9 76
324 7 10 79
324 11 0 83
324 11 3 81
324 11 4 76
324 11 6 81
324 11 7 74
324 11 8 78
324 11 10 81
324 11 11 84
325 1 0 38
325 1 2 37
325 1 4 34
325 1 6 37
325 1 8 33
325 1 9 35
325 1 10 37
325 1 11 38
325 4 1 37
325 4 2 36
325 4 3 33
325 4 5 36
325 4 6 32
325 4 7 34
325 4 10 36
325 4 11 37
325 9 1 34
325 9 2 33
325 9 3 30
325 9 4 33
325 9 5 29
325 9 6 31
325 9 8 33
325 9 9 34
325 13 0 37
325 13 3 36
325 13 4 33
325 13 5 36
325 13 6 32
325 13 7 34
325 13 8 36
325 13 10 37
325 14 1 27
325 14 2 30
325 14 3 33
325 14 4 28
325 14 7 29
325 14 9 30
325 14 10 28
325 14 11 27
326 0 0 49
326 0 2 43
326 0 4 47
326 0 6 46
326 0 7 41
326 0 8 45
326 0 9 42
326 0 10 47
326 4 1 42
326 4 2 40
326 4 3 38
326 4 5 43
326 4 6 41
326 4 7 40
326 4 10 39
326 4 11 39
326 10 0 47
326 10 2 41
326 10 3 45
326 10 4 44
326 10 6 39
326 10 7 43
326 10 8 40
326 10 10 45
326 11 0 46
326 11 3 40
326 11 4 44
326 11 6 43
326 11 7 38
326 11 8 42
326 11 10 39
326 11 11 44
326 14 1 41
326 14 2 40
326 14 3 37
326 14 4 40
326 14 7 36
326 14 9 38
326 14 10 40
326 14 11 41
327 4 1 50
327 4 2 54
327 4 3 52
327 4 5 53
327 4 6 47
327 4 7 45
327 4 10 45
327 4 11 54
327 12 0 47
327 12 2 41
327 12 3 45
327 12 6 44
327 12 7 39
327 12 8 43
327 12 10 40
327 12 11 45
327 13 0 51
327 13 3 45
327 13 4 49
327 13 5 48
327 13 6 43
327 13 7 47
327 13 8 44
327 13 10 49
328 3 0 51
328 3 1 55
328 3 2 59
328 3 5 58
328 3 8 59
328 3 9 61
328 3 10 60
328 3 11 57
328 5 0 60
328 5 2 70
328 5 3 66
328 5 4 61
328 5 7 62
328 5 9 70
328 5 10 61
328 5 11 60
328 6 1 56
328 6 2 66
328 6 3 62
328 6 5 57
328 6 6 58
328 6 7 66
328 6 9 57
328 6 10 56
328 10 0 52
328 10 2 56
328 10 3 60
328 10 4 59
328 10 6 60
328 10 7 62
328 10 8 61
328 10 10 58
328 14 1 53
328 14 2 57
328 14 3 61
328 14 4 60
328 14 7 61
328 14 9 63
328 14 10 62
328 14 11 59
329 3 0 46
329 3 1 50
329 3 2 54
329 3 5 53
329 3 8 54
329 3 9 56
329 3 10 55
329 3 11 52
329 13 0 50
329 13 3 54
329 13 4 58
329 13 5 57
329 13 6 58
329 13 7 60
329 13 8 59
329 13 10 56
329 14 1 65
329 14 2 58
329 14 3 56
329 14 4 61
329 14 7 55
329 14 9 61
329 14 10 66
329 14 11 62
330 4 1 82
330 4 2 80
330 4 3 78
330 4 5 83
330 4 6 90
330 4 7 80
330 4 10 79
330 4 11 88
330 6 1 85
330 6 2 83
330 6 3 78
330 6 5 83
330 6 6 76
330 6 7 80
330 6 9 83
330 6 10 86
330 7 0 81
330 7 1 79
330 7 2 77
330 7 3 82
330 7 4 89
330 7 8 79
330 7 9 78
330 7 10 87
330 8 0 85
330 8 1 83
330 8 3 81
330 8 4 86
330 8 6 93
330 8 8 83
330 8 9 82
330 8 11 91
330 14 1 78
330 14 2 76
330 14 3 71
330 14 4 76
330 14 7 69
330 14 9 73
330 14 10 76
330 14 11 79
331 2 0 13
331 2 1 13
331 2 2 11
331 2 3 13
331 2 4 11
331 2 7 12
331 2 8 13
331 2 10 13
331 5 0 13
331 5 2 13
331 5 3 11
331 5 4 13
331 5 7 11
331 5 9 12
331 5 10 13
331 5 11 13
331 10 0 9
331 10 2 10
331 10 3 11
331 10 4 10
331 10 6 11
331 10 7 10
331 10 8 9
331 10 10 9
331 12 0 13
331 12 2 13
331 12 3 11
331 12 6 13
331 12 7 11
331 12 8 12
331 12 10 13
331 12 11 13
332 4 1 39
332 4 2 38
332 4 3 35
332 4 5 38
332 4 6 34
332 4 7 36
332 4 10 38
332 4 11 39
332 8 0 38
332 8 1 37
332 8 3 34
332 8 4 37
332 8 6 33
332 8 8 35
332 8 9 37
332 8 11 38
332 12 0 35
332 12 2 34
332 12 3 31
332 12 6 34
332 12 7 30
332 12 8 32
332 12 10 34
332 12 11 35
332 13 0 38
332 13 3 37
332 13 4 34
332 13 5 37
332 13 6 33
332 13 7 35
332 13 8 37
332 13 10 38
333 2 0 46
333 2 1 50
333 2 2 54
333 2 3 53
333 2 4 54
333 2 7 56
333 2 8 55
333 2 10 52
333 4 1 50
333 4 2 54
333 4 3 58
333 4 5 57
333 4 6 58
333 4 7 60
333 4 10 59
333 4 11 56
333 8 0 65
333 8 1 58
333 8 3 56
333 8 4 61
333 8 6 55
333 8 8 61
333 8 9 66
333 8 11 62
334 0 0 52
334 0 2 46
334 0 4 50
334 0 6 49
334 0 7 44
334 0 8 48
334 0 9 45
334 0 10 50
334 4 1 47
334 4 2 51
334 4 3 55
334 4 5 54
334 4 6 55
334 4 7 57
334 4 10 56
334 4 11 53
334 6 1 51
334 6 2 55
334 6 3 59
334 6 5 58
334 6 6 59
334 6 7 61
334 6 9 60
334 6 10 57
334 9 1 50
334 9 2 54
334 9 3 58
334 9 4 57
334 9 5 58
334 9 6 60
334 9 8 59
334 9 9 56
334 12 0 51
334 12 2 55
334 12 3 59
334 12 6 58
334 12 7 59
334 12 8 61
334 12 10 60
334 12 11 57
335 9 1 91
335 9 2 95
335 9 3 99
335 9 4 98
335 9 5 83
335 9 6 97
335 9 8 84
335 9 9 89
335 11 0 95
335 11 3 99
335 11 4 103
335 11 6 102
335 11 7 87
335 11 8 101
335 11 10 88
335 11 11 93
335 13 0 106
335 13 3 110
335 13 4 108
335 13 5 109
335 13 6 92
335 13 7 90
335 13 8 101
335 13 10 110
336 0 0 51
336 0 2 45
336 0 4 49
336 0 6 48
336 0 7 43
336 0 8 47
336 0 9 44
336 0 10 49
336 4 1 46
336 4 2 50
336 4 3 54
336 4 5 53
336 4 6 54
336 4 7 56
336 4 10 55
336 4 11 52
336 5 0 50
336 5 2 54
336 5 3 58
336 5 4 57
336 5 7 58
336 5 9 60
336 5 10 59
336 5 11 56
336 13 0 49
336 13 3 53
336 13 4 57
336 13 5 56
336 13 6 57
336 13 7 59
336 13 8 58
336 13 10 55
337 0 0 20
337 0 2 20
337 0 4 18
337 0 6 20
337 0 7 18
337 0 8 19
337 0 9 20
337 0 10 20
337 9 1 20
337 9 2 20
337 9 3 18
337 9 4 20
337 9 5 18
337 9 6 19
337 9 8 20
337 9 9 20
337 10 0 18
337 10 2 18
337 10 3 16
337 10 4 18
337 10 6 16
337 10 7 17
337 10 8 18
337 10 10 18
337 13 0 20
337 13 3 20
337 13 4 18
337 13 5 20
337 13 6 18
337 13 7 19
337 13 8 20
337 13 10 20
338 0 0 50
338 0 2 44
338 0 4 48
338 0 6 47
338 0 7 42
338 0 8 46
338 0 9 43
338 0 10 48
338 5 0 44
338 5 2 38
338 5 3 42
338 5 4 41
338 5 7 36
338 5 9 40
338 5 10 37
338 5 11 42
338 10 0 48
338 10 2 42
338 10 3 46
338 10 4 45
338 10 6 40
338 10 7 44
338 10 8 41
338 10 10 46
338 12 0 47
338 12 2 41
338 12 3 45
338 12 6 44
338 12 7 39
338 12 8 43
338 12 10 40
338 12 11 45
339 0 0 45
339 0 2 39
339 0 4 43
339 0 6 42
339 0 7 37
339 0 8 41
339 0 9 38
339 0 10 43
339 2 0 42
339 2 1 40
339 2 2 38
339 2 3 43
339 2 4 41
339 2 7 40
339 2 8 39
339 2 10 39
339 3 0 41
339 3 1 40
339 3 2 37
339 3 5 40
339 3 8 36
339 3 9 38
339 3 10 40
339 3 11 41
339 10 0 46
339 10 2 40
339 10 3 44
339 10 4 43
339 10 6 38
339 10 7 42
339 10 8 39
339 10 10 44
340 3 0 45
340 3 1 49
340 3 2 53
340 3 5 52
340 3 8 53
340 3 9 55
340 3 10 54
340 3 11 51
340 7 0 49
340 7 1 53
340 7 2 57
340 7 3 56
340 7 4 57
340 7 8 59
340 7 9 58
340 7 10 55
340 9 1 53
340 9 2 57
340 9 3 61
340 9 4 60
340 9 5 61
340 9 6 63
340 9 8 62
340 9 9 59
340 13 0 52
340 13 3 56
340 13 4 60
340 13 5 59
340 13 6 60
340 13 7 62
340 13 8 61
340 13 10 58
341 0 0 84
341 0 2 89
341 0 4 92
341 0 6 81
341 0 7 84
341 0 8 90
341 0 9 89
341 0 10 94
341 1 0 92
341 1 2 96
341 1 4 100
341 1 6 99
341 1 8 84
341 1 9 98
341 1 10 85
341 1 11 90
341 3 0 96
341 3 1 100
341 3 2 104
341 3 5 103
341 3 8 88
341 3 9 102
341 3 10 89
341 3 11 94
341 11 0 95
341 11 3 99
341 11 4 103
341 11 6 102
341 11 7 87
341 11 8 101
341 11 10 88
341 11 11 93
341 13 0 79
341 13 3 77
341 13 4 75
341 13 5 80
341 13 6 87
341 13 7 77
341 13 8 76
341 13 10 85
342 0 0 47
342 0 2 51
342 0 4 55
342 0 6 54
342 0 7 55
342 0 8 57
342 0 9 56
342 0 10 53
342 1 0 51
342 1 2 55
342 1 4 59
342 1 6 58
342 1 8 59
342 1 9 61
342 1 10 60
342 1 11 57
342 8 0 54
342 8 1 64
342 8 3 60
342 8 4 55
342 8 6 56
342 8 8 64
342 8 9 55
342 8 11 54
343 1 0 42
343 1 2 41
343 1 4 38
343 1 6 41
343 1 8 37
343 1 9 39
343 1 10 41
343 1 11 42
343 5 0 41
343 5 2 40
343 5 3 37
343 5 4 40
343 5 7 36
343 5 9 38
343 5 10 40
343 5 11 41
343 8 0 38
343 8 1 37
343 8 3 34
343 8 4 37
343 8 6 33
343 8 8 35
343 8 9 37
343 8 11 38
344 1 0 48
344 1 2 42
344 1 4 46
344 1 6 45
344 1 8 40
344 1 9 44
344 1 10 41
344 1 11 46
344 7 0 42
344 7 1 41
344 7 2 38
344 7 3 41
344 7 4 37
344 7 8 39
344 7 9 41
344 7 10 42
344 10 0 46
344 10 2 40
344 10 3 44
344 10 4 43
344 10 6 38
344 10 7 42
344 10 8 39
344 10 10 44
344 12 0 45
344 12 2 39
344 12 3 43
344 12 6 42
344 12 7 37
344 12 8 41
344 12 10 38
344 12 11 43
344 13 0 40
344 13 3 39
344 13 4 36
344 13 5 39
344 13 6 35
344 13 7 37
344 13 8 39
344 13 10 40
345 0 0 20
345 0 2 20
345 0 4 18
345 0 6 20
345 0 7 18
345 0 8 19
345 0 9 20
345 0 10 20
345 7 0 20
345 7 1 20
345 7 2 18
345 7 3 20
345 7 4 18
345 7 8 19
345 7 9 20
345 7 10 20
345 11 0 18
345 11 3 18
345 11 4 16
345 11 6 18
345 11 7 16
345 11 8 17
345 11 10 18
345 11 11 18
346 0 0 94
346 0 2 98
346 0 4 102
346 0 6 101
346 0 7 86
346 0 8 100
346 0 9 87
346 0 10 92
346 3 0 90
346 3 1 100
346 3 2 110
346 3 5 91
346 3 8 92
346 3 9 100
346 3 10 105
346 3 11 90
346 13 0 109
346 13 3 113
346 13 4 111
346 13 5 112
346 13 6 95
346 13 7 93
346 13 8 104
346 13 10 113
347 12 0 38
347 12 2 37
347 12 3 34
347 12 6 37
347 12 7 33
347 12 8 35
347 12 10 37
347 12 11 38
347 13 0 37
347 13 3 36
347 13 4 33
347 13 5 36
347 13 6 32
347 13 7 34
347 13 8 36
347 13 10 37
347 14 1 34
347 14 2 33
347 14 3 30
347 14 4 33
347 14 7 29
347 14 9 31
347 14 10 33
347 14 11 34
348 0 0 80
348 0 2 78
348 0 4 76
348 0 6 81
348 0 7 88
348 0 8 78
348 0 9 77
348 0 10 86
348 3 0 78
348 3 1 76
348 3 2 74
348 3 5 79
348 3 8 86
348 3 9 76
348 3 10 75
348 3 11 84
348 10 0 82
348 10 2 80
348 10 3 75
348 10 4 80
348 10 6 73
348 10 7 77
348 10 8 80
348 10 10 83
349 2 0 95
349 2 1 99
349 2 2 103
349 2 3 102
349 2 4 87
349 2 7 101
349 2 8 88
349 2 10 93
349 4 1 106
349 4 2 110
349 4 3 108
349 4 5 109
349 4 6 92
349 4 7 90
349 4 10 101
349 4 11 110
349 6 1 110
349 6 2 114
349 6 3 112
349 6 5 113
349 6 6 96
349 6 7 94
349 6 9 105
349 6 10 114
349 9 1 109
349 9 2 113
349 9 3 111
349 9 4 112
349 9 5 95
349 9 6 93
349 9 8 104
349 9 9 113
349 12 0 86
349 12 2 84
349 12 3 82
349 12 6 87
349 12 7 94
349 12 8 84
349 12 10 83
349 12 11 92
350 1 0 82
350 1 2 80
350 1 4 78
350 1 6 83
350 1 8 90
350 1 9 80
350 1 10 79
350 1 11 88
350 5 0 80
350 5 2 78
350 5 3 76
350 5 4 81
350 5 7 88
350 5 9 78
350 5 10 77
350 5 11 86
350 10 0 84
350 10 2 82
350 10 3 77
350 10 4 82
350 10 6 75
350 10 7 79
350 10 8 82
350 10 10 85
351 3 0 46
351 3 1 50
351 3 2 54
351 3 5 53
351 3 8 54
351 3 9 56
351 3 10 55
351 3 11 52
351 5 0 49
351 5 2 43
351 5 3 47
351 5 4 46
351 5 7 41
351 5 9 45
351 5 10 42
351 5 11 47
351 6 1 50
351 6 2 54
351 6 3 52
351 6 5 53
351 6 6 47
351 6 7 45
351 6 9 45
351 6 10 54
351 7 0 52
351 7 1 46
351 7 2 50
351 7 3 49
351 7 4 44
351 7 8 48
351 7 9 45
351 7 10 50
351 14 1 47
351 14 2 41
351 14 3 45
351 14 4 44
351 14 7 39
351 14 9 43
351 14 10 40
351 14 11 45
352 0 0 84
352 0 2 82
352 0 4 77
352 0 6 82
352 0 7 75
352 0 8 79
352 0 9 82
352 0 10 85
352 10 0 82
352 10 2 80
352 10 3 75
352 10 4 80
352 10 6 73
352 10 7 77
352 10 8 80
352 10 10 83
352 12 0 77
352 12 2 75
352 12 3 70
352 12 6 75
352 12 7 68
352 12 8 72
352 12 10 75
352 12 11 78
352 13 0 82
352 13 3 80
352 13 4 75
352 13 5 80
352 13 6 73
352 13 7 77
352 13 8 80
352 13 10 83
353 2 0 40
353 2 1 39
353 2 2 36
353 2 3 39
353 2 4 35
353 2 7 37
353 2 8 39
353 2 10 40
353 7 0 39
353 7 1 38
353 7 2 35
353 7 3 38
353 7 4 34
353 7 8 36
353 7 9 38
353 7 10 39
353 8 0 36
353 8 1 35
353 8 3 32
353 8 4 35
353 8 6 31
353 8 8 33
353 8 9 35
353 8 11 36
353 14 1 39
353 14 2 38
353 14 3 35
353 14 4 38
353 14 7 34
353 14 9 36
353 14 10 38
353 14 11 39
354 2 0 54
354 2 1 64
354 2 2 60
354 2 3 55
354 2 4 56
354 2 7 64
354 2 8 55
354 2 10 54
354 4 1 77
354 4 2 75
354 4 3 70
354 4 5 75
354 4 6 68
354 4 7 72
354 4 10 75
354 4 11 78
354 7 0 60
354 7 1 70
354 7 2 66
354 7 3 61
354 7 4 62
354 7 8 70
354 7 9 61
354 7 10 60
354 9 1 55
354 9 2 65
354 9 3 61
354 9 4 56
354 9 5 57
354 9 6 65
354 9 8 56
354 9 9 55
355 3 0 39
355 3 1 38
355 3 2 35
355 3 5 38
355 3 8 34
355 3 9 36
355 3 10 38
355 3 11 39
355 4 1 38
355 4 2 37
355 4 3 34
355 4 5 37
355 4 6 33
355 4 7 35
355 4 10 37
355 4 11 38
355 5 0 35
355 5 2 34
355 5 3 31
355 5 4 34
355 5 7 30
355 5 9 32
355 5 10 34
355 5 11 35
355 6 1 38
355 6 2 37
355 6 3 34
355 6 5 37
355 6 6 33
355 6 7 35
355 6 9 37
355 6 10 38
355 9 1 34
355 9 2 33
355 9 3 30
355 9 4 33
355 9 5 29
355 9 6 31
355 9 8 33
355 9 9 34
356 0 0 15
356 0 2 15
356 0 4 13
356 0 6 15
356 0 7 13
356 0 8 14
356 0 9 15
356 0 10 15
356 12 0 15
356 12 2 15
356 12 3 13
356 12 6 15
356 12 7 13
356 12 8 14
356 12 10 15
356 12 11 15
356 13 0 13
356 13 3 13
356 13 4 11
356 13 5 13
356 13 6 11
356 13 7 12
356 13 8 13
356 13 10 13
357 1 0 83
357 1 2 81
357 1 4 79
357 1 6 84
357 1 8 91
357 1 9 81
357 1 10 80
357 1 11 89
357 5 0 81
357 5 2 79
357 5 3 77
357 5 4 82
357 5 7 89
357 5 9 79
357 5 10 78
357 5 11 87
357 8 0 79
357 8 1 77
357 8 3 75
357 8 4 80
357 8 6 87
357 8 8 77
357 8 9 76
357 8 11 85
357 10 0 84
357 10 2 82
357 10 3 80
357 10 4 85
357 10 6 92
357 10 7 82
357 10 8 81
357 10 10 90
357 12 0 92
357 12 2 96
357 12 3 100
357 12 6 99
357 12 7 84
357 12 8 98
357 12 10 85
357 12 11 90
358 0 0 47
358 0 2 41
358 0 4 45
358 0 6 44
358 0 7 39
358 0 8 43
358 0 9 40
358 0 10 45
358 1 0 41
358 1 2 40
358 1 4 37
358 1 6 40
358 1 8 36
358 1 9 38
358 1 10 40
358 1 11 41
358 6 1 45
358 6 2 39
358 6 3 43
358 6 5 42
358 6 6 37
358 6 7 41
358 6 9 38
358 6 10 43
358 9 1 44
358 9 2 38
358 9 3 42
358 9 4 41
358 9 5 36
358 9 6 40
358 9 8 37
358 9 9 42
359 2 0 48
359 2 1 42
359 2 2 46
359 2 3 45
359 2 4 40
359 2 7 44
359 2 8 41
359 2 10 46
359 5 0 52
359 5 2 46
359 5 3 50
359 5 4 49
359 5 7 44
359 5 9 48
359 5 10 45
359 5 11 50
359 6 1 47
359 6 2 51
359 6 3 55
359 6 5 54
359 6 6 55
359 6 7 57
359 6 9 56
359 6 10 53
359 7 0 46
359 7 1 50
359 7 2 54
359 7 3 53
359 7 4 54
359 7 8 56
359 7 9 55
359 7 10 52
359 12 0 47
359 12 2 51
359 12 3 55
359 12 6 54
359 12 7 55
359 12 8 57
359 12 10 56
359 12 11 53
360 1 0 40
360 1 2 39
360 1 4 36
360 1 6 39
360 1 8 35
360 1 9 37
360 1 10 39
360 1 11 40
360 3 0 39
360 3 1 38
360 3 2 35
360 3 5 38
360 3 8 34
360 3 9 36
360 3 10 38
360 3 11 39
360 5 0 36
360 5 2 35
360 5 3 32
360 5 4 35
360 5 7 31
360 5 9 33
360 5 10 35
360 5 11 36
360 11 0 39
360 11 3 38
360 11 4 35
360 11 6 38
360 11 7 34
360 11 8 36
360 11 10 38
360 11 11 39
360 14 1 35
360 14 2 34
360 14 3 31
360 14 4 34
360 14 7 30
360 14 9 32
360 14 10 34
360 14 11 35
361 7 0 53
361 7 1 57
361 7 2 61
361 7 3 60
361 7 4 61
361 7 8 63
361 7 9 62
361 7 10 59
361 8 0 62
361 8 1 72
361 8 3 68
361 8 4 63
361 8 6 64
361 8 8 72
361 8 9 63
361 8 11 62
361 13 0 58
361 13 3 68
361 13 4 64
361 13 5 59
361 13 6 60
361 13 7 68
361 13 8 59
361 13 10 58
362 7 0 83
362 7 1 81
362 7 2 76
362 7 3 81
362 7 4 74
362 7 8 78
362 7 9 81
362 7 10 84
362 8 0 81
362 8 1 79
362 8 3 74
362 8 4 79
362 8 6 72
362 8 8 76
362 8 9 79
362 8 11 82
362 10 0 66
362 10 2 70
362 10 3 74
362 10 4 73
362 10 6 68
362 10 7 67
362 10 8 69
362 10 10 69
362 12 0 81
362 12 2 79
362 12 3 74
362 12 6 79
362 12 7 72
362 12 8 76
362 12 10 79
362 12 11 82
362 13 0 61
362 13 3 71
362 13 4 67
362 13 5 62
362 13 6 63
362 13 7 71
362 13 8 62
362 13 10 61
363 1 0 82
363 1 2 80
363 1 4 78
363 1 6 83
363 1 8 90
363 1 9 80
363 1 10 79
363 1 11 88
363 5 0 85
363 5 2 83
363 5 3 78
363 5 4 83
363 5 7 76
363 5 9 80
363 5 10 83
363 5 11 86
363 6 1 81
363 6 2 79
363 6 3 77
363 6 5 82
363 6 6 89
363 6 7 79
363 6 9 78
363 6 10 87
363 9 1 85
363 9 2 83
363 9 3 81
363 9 4 86
363 9 5 93
363 9 6 83
363 9 8 82
363 9 9 91
363 12 0 78
363 12 2 76
363 12 3 71
363 12 6 76
363 12 7 69
363 12 8 73
363 12 10 76
363 12 11 79
364 8 0 90
364 8 1 94
364 8 3 98
364 8 4 97
364 8 6 82
364 8 8 96
364 8 9 83
364 8 11 88
364 9 1 94
364 9 2 98
364 9 3 102
364 9 4 101
364 9 5 86
364 9 6 100
364 9 8 87
364 9 9 92
364 12 0 90
364 12 2 100
364 12 3 110
364 12 6 91
364 12 7 92
364 12 8 100
364 12 10 105
364 12 11 90
