Jobs:
0 1 2 3 4 5 6 7 8 9 10 11 12 13 14 15 16 17 18 19 20 21 22 23 24 25 26 27 28 29
Machines:
0 1 2 3 4 5 6 7 8 9 10 11 12 13 14
Workers:
0 1 2 3 4 5 6 7 8 9 10 11
Operations per job:
0 1 2 3 4 5 6 7 8 9 10 11 12
13 14 15 16 17 18 19 20 21 22 23 24 25
26 27 28 29 30 31 32 33 34 35 36 37 38
39 40 41 42 43 44 45 46 47 48
49 50 51 52 53 54 55 56 57 58 59
60 61 62 63 64 65 66 67 68 69 70 71 72
73 74 75 76 77 78 79 80 81 82 83
84 85 86 87 88 89 90 91 92 93
94 95 96 97 98 99 100 101 102 103 104 105 106 107
108 109 110 111 112 113 114 115 116 117 118 119 120 121
122 123 124 125 126 127 128 129 130 131
132 133 134 135 136 137 138 139 140 141 142 143 144 145
146 147 148 149 150 151 152 153 154 155
156 157 158 159 160 161 162 163 164 165 166 167 168 169 170
171 172 173 174 175 176 177 178 179 180 181 182 183
184 185 186 187 188 189 190 191 192 193 194 195
196 197 198 199 200 201 202 203 204 205 206 207 208
209 210 211 212 213 214 215 216 217 218 219 220
221 222 223 224 225 226 227 228 229 230 231 232 233 234 235
236 237 238 239 240 241 242 243 244 245 246 247
248 249 250 251 252 253 254 255 256 257 258 259 260 261
262 263 264 265 266 267 268 269 270 271 272 273
274 275 276 277 278 279 280 281 282 283 284 285 286 287 288
289 290 291 292 293 294 295 296 297 298 299 300 301 302 303
304 305 306 307 308 309 310 311 312 313 314 315 316 317 318
319 320 321 322 323 324 325 326 327 328 329 330 331 332
333 334 335 336 337 338 339 340 341 342 343 344 345
346 347 348 349 350 351 352 353 354 355 356 357 358
359 360 361 362 363 364 365 366 367 368 369 370 371 372
373 374 375 376 377 378 379 380 381 382 383 384
Predecessors per operation:

0
1
2
3
4
5
6
7
8
9
10
11

13
14
15
16
17
18
19
20
21
22
23
24

26
27
28
29
30
31
32
33
34
35
36
37

39
40
41
42
43
44
45
46
47

49
50
51
52
53
54
55
56
57
58

60
61
62
63
64
65
66
67
68
69
70
71

73
74
75
76
77
78
79
80
81
82

84
85
86
87
88
89
90
91
92

94
95
96
97
98
99
100
101
102
103
104
105
106

108
109
110
111
112
113
114
115
116
117
118
119
120

122
123
124
125
126
127
128
129
130

132
133
134
135
136
137
138
139
140
141
142
143
144

146
147
148
149
150
151
152
153
154

156
157
158
159
160
161
162
163
164
165
166
167
168
169

171
172
173
174
175
176
177
178
179
180
181
182

184
185
186
187
188
189
190
191
192
193
194

196
197
198
199
200
201
202
203
204
205
206
207

209
210
211
212
213
214
215
216
217
218
219

221
222
223
224
225
226
227
228
229
230
231
232
233
234

236
237
238
239
240
241
242
243
244
245
246

248
249
250
251
252
253
254
255
256
257
258
259
260

262
263
264
265
266
267
268
269
270
271
272

274
275
276
277
278
279
280
281
282
283
284
285
286
287

289
290
291
292
293
294
295
296
297
298
299
300
301
302

304
305
306
307
308
309
310
311
312
313
314
315
316
317

319
320
321
322
323
324
325
326
327
328
329
330
331

333
334
335
336
337
338
339
340
341
342
343
344

346
347
348
349
350
351
352
353
354
355
356
357

359
360
361
362
363
364
365
366
367
368
369
370
371

373
374
375
376
377
378
379
380
381
382
383
Successors per operation:
1
2
3
4
5
6
7
8
9
10
11
12

14
15
16
17
18
19
20
21
22
23
24
25

27
28
29
30
31
32
33
34
35
36
37
38

40
41
42
43
44
45
46
47
48

50
51
52
53
54
55
56
57
58
59

61
62
63
64
65
66
67
68
69
70
71
72

74
75
76
77
78
79
80
81
82
83

85
86
87
88
89
90
91
92
93

95
96
97
98
99
100
101
102
103
104
105
106
107

109
110
111
112
113
114
115
116
117
118
119
120
121

123
124
125
126
127
128
129
130
131

133
134
135
136
137
138
139
140
141
142
143
144
145

147
148
149
150
151
152
153
154
155

157
158
159
160
161
162
163
164
165
166
167
168
169
170

172
173
174
175
176
177
178
179
180
181
182
183

185
186
187
188
189
190
191
192
193
194
195

197
198
199
200
201
202
203
204
205
206
207
208

210
211
212
213
214
215
216
217
218
219
220

222
223
224
225
226
227
228
229
230
231
232
233
234
235

237
238
239
240
241
242
243
244
245
246
247

249
250
251
252
253
254
255
256
257
258
259
260
261

263
264
265
266
267
268
269
270
271
272
273

275
276
277
278
279
280
281
282
283
284
285
286
287
288

290
291
292
293
294
295
296
297
298
299
300
301
302
303

305
306
307
308
309
310
311
312
313
314
315
316
317
318

320
321
322
323
324
325
326
327
328
329
330
331
332

334
335
336
337
338
339
340
341
342
343
344
345

347
348
349
350
351
352
353
354
355
356
357
358

360
361
362
363
364
365
366
367
368
369
370
371
372

374
375
376
377
378
379
380
381
382
383
384

Machines per operation:
0 9 12
1 3 10
4 12 13
0 1 3
0 3 11 14
2 5 11
2 5 8 13
3 9 13
0 6 13 14
0 4 6 7
2 8 11
2 5 7 8
2 4 10
4 6 10 11 12
2 9 13
6 7 9 10 14
9 10 11
2 3 8 9 13
1 2 6 9 10
3 6 11 13 14
4 7 9 12
1 4 5 9 10
4 6 8 11 12
0 1 8 12 13
6 7 8 10 11
0 7 10 14
0 1 13
3 10 14
0 2 3 12
1 2 5 12 14
3 5 7 8 11
5 6 13
4 9 13
4 8 9
8 10 12
1 8 10 11
0 2 4 12
0 1 3 12 14
0 1 4 6 9
0 3 6 7 9
1 6 11 12 13
0 3 5 11 12
5 6 8 10 14
5 6 10 12
1 3 7 8 10
3 8 9 11 13
2 6 11 12 14
3 4 9 11
2 4 9 12
0 5 13 14
3 4 6 7 12
1 13 14
0 3 5 14
1 2 5 7
5 6 7 12
10 11 13
0 2 5
8 12 13 14
0 6 9 10 11
6 8 14
0 3 5 9 14
9 10 11
5 8 11 12
2 12 13
2 7 9 10
3 8 9 10 14
8 9 12 13
8 9 11
1 3 7 9 14
3 6 7 10 13
1 2 11 14
3 11 14
1 9 13
5 7 14
1 6 9 14
0 3 8 12 14
8 13 14
1 3 9
1 8 9 11
6 8 14
3 7 12
2 3 5 6 9
3 9 10
0 1 3 5 9
1 8 9 13
8 9 11 14
2 6 8 13
0 4 8
2 3 9
2 4 7 11 12
7 10 12 14
1 4 5 14
2 6 10 13
3 4 14
5 7 9 13
0 1 4 10 13
6 7 10 14
9 11 13
2 5 10
2 4 7 10 13
2 6 8 12
0 5 13
1 4 5 6
1 9 10 13 14
0 5 12
0 2 5 8 13
5 8 14
0 2 9 12
5 6 10 11
2 6 8 13
5 7 12 14
0 2 4 5
1 8 12 13 14
5 7 8
0 4 6 9
2 4 8 11
2 7 9 11 13
1 3 12 13
1 7 14
1 8 11 13
3 9 11 13
0 10 11 13 14
9 10 14
0 7 12
6 13 14
10 11 12
0 3 9
9 10 11 12 13
0 4 8 12 13
4 6 10 12 14
3 4 5 6
1 2 3 11 14
2 4 5
1 2 6 8 13
1 2 4 10 13
2 10 12 13
5 6 9 12 13
1 2 10
1 4 5 8 10
6 8 11
1 5 7 11
0 11 12
3 4 6 7
2 4 6 7
4 5 6 8 11
4 8 11
1 2 13 14
1 11 14
3 6 11 14
6 7 10 11 13
4 5 11 14
3 9 10 11
0 2 7 12 14
0 1 3 5 9
5 11 13
1 5 7 9
3 11 14
0 5 8 9 10
4 8 12
4 7 8
0 5 9
2 4 7 8 11
6 11 13
6 8 11
1 6 8 12 14
0 7 12 13
2 3 11
7 11 12
8 11 13
0 2 6 8
0 8 9 14
5 6 7 8
3 10 13
1 2 3
6 11 13
6 9 10
0 11 12
0 2 7 11
3 10 13
0 8 10 11 13
6 7 13 14
5 12 13
2 7 9
2 3 14
2 7 11
3 6 7 10 14
4 9 11
0 5 11
2 3 6 7 12
3 4 5 8 10
4 7 9 11
0 2 7 11 13
5 6 9 10 13
0 1 5 9 10
2 8 12 13 14
4 5 8
1 9 10 14
5 8 12
0 1 2
1 4 5 8 9
0 6 7 10 12
0 1 7 8 10
4 5 9 11
1 4 13 14
4 5 13 14
1 3 7 8
0 2 9 13
1 2 6
4 11 12
0 1 2 11 12
0 4 5 10
6 7 12
2 3 7 9 11
2 5 8 13 14
2 4 11
3 9 10 11 13
8 10 11
0 4 6 12 14
0 2 9 11 14
1 3 10
0 7 8
8 11 13 14
0 4 11
1 5 9 14
0 4 9 11 14
1 9 14
1 2 7 11 12
4 5 7
0 2 3 9
1 3 7 10 11
0 8 11
0 3 8
4 6 9
4 7 8 13
0 3 6 10
5 6 8 10 14
7 9 10 11
0 4 5 8
0 3 5 6 11
0 11 12
2 5 11 13 14
0 4 5
1 3 8 9
8 10 11 12
2 3 6 7
0 2 5 8 10
2 8 10 12 14
2 6 14
0 1 4 8 12
4 6 8 14
2 9 10 12 13
2 5 14
0 9 10 12
6 7 9 14
6 7 11 12 13
0 1 7 8
0 1 10
0 4 5 10 12
1 5 6 8 13
1 2 5 8 13
3 4 6
3 4 9 14
1 6 7 8 10
1 4 9 12
1 2 6 8
5 9 10
4 5 10
2 7 13
2 4 8 11 13
4 6 8
7 8 9 11 14
1 3 5 9 11
3 4 7 9 10
3 5 8
1 2 11
1 2 9
1 2 10 11 14
2 6 11 12
1 6 9 12 13
0 7 11
5 8 10 12 13
5 6 11 13 14
4 6 8 11 13
0 4 5 7 9
0 2 9 13 14
1 2 7 11 13
1 5 6
2 4 12 14
7 11 14
2 5 10 13 14
1 4 8 9
1 2 3 6
0 2 12
0 1 5 6 12
2 4 10
3 6 7 8 11
9 12 14
5 6 7 9 13
1 3 7 10
6 8 9 12
1 2 3 13
1 7 11
0 2 3 4 9
0 9 10
2 5 6 7 11
1 2 4 10 12
0 2 13
3 4 7 14
2 7 8
0 3 5 7 8
1 3 11 14
7 9 12
5 6 8 13
5 8 9
3 6 9 14
5 6 7 9
0 4 5 7
2 3 7
1 5 9 13
3 5 6 7 10
0 1 7 8 11
1 3 6 9 12
0 3 7 12 14
1 3 8 10 14
1 8 14
0 6 10 11
9 12 14
0 6 11 12
10 11 12 13
1 8 9 11 12
0 2 4 13 14
1 3 12
1 5 9 10 12
4 5 8
3 8 10 14
0 3 8 13 14
11 12 14
0 6 10
1 2 3 6 8
4 8 13
1 10 12 14
2 5 8 9 13
4 5 6 10 14
0 9 12
5 10 11
0 3 11 14
2 7 11 12
3 5 7 10 14
1 3 10 11 14
8 13 14
2 4 7 9 14
3 5 6 7 11
0 5 6
2 7 12 13 14
1 4 5
1 2 8 12 13
2 11 14
0 2 9
1 2 11 14
4 7 12
3 4 5 6 12
5 6 8
4 5 7 8 11
0 4 12
0 9 11
3 9 11 14
0 3 4
3 9 13
2 3 6 8
4 8 10
1 6 11
1 6 11 12
0 1 8 11 12
1 5 13
1 2 7 9
2 8 13 14
6 9 10 13 14
5 6 7 9 13
3 4 6 8 13
0 4 9 10 13
1 9 12
4 7 10
2 6 8 9 12
6 8 9 10 12
2 8 11 13
Processing times (o m w p):
0 0 0 80
0 0 1 79
0 0 3 86
0 0 4 72
0 0 5 77
0 0 6 77
0 0 7 87
0 0 9 78
0 9 0 79
0 9 1 80
0 9 2 83
0 9 3 85
0 9 4 76
0 9 8 72
0 9 9 75
0 9 10 82
0 12 0 92
0 12 1 86
0 12 2 86
0 12 3 89
0 12 4 84
0 12 7 92
0 12 8 78
0 12 10 77
1 1 2 82
1 1 3 82
1 1 4 87
1 1 5 90
1 1 8 81
1 1 9 87
1 1 10 84
1 1 11 84
1 3 0 90
1 3 2 84
1 3 3 84
1 3 4 87
1 3 5 82
1 3 7 90
1 3 8 76
1 3 10 75
1 10 0 90
1 10 1 84
1 10 2 84
1 10 5 87
1 10 6 82
1 10 8 90
1 10 9 76
1 10 11 75
2 4 0 63
2 4 1 67
2 4 2 67
2 4 3 62
2 4 6 63
2 4 7 63
2 4 9 65
2 4 11 68
2 12 0 67
2 12 1 71
2 12 2 71
2 12 3 66
2 12 4 67
2 12 7 67
2 12 8 69
2 12 10 72
2 13 0 67
2 13 2 71
2 13 3 71
2 13 5 66
2 13 6 67
2 13 8 67
2 13 9 69
2 13 10 72
3 0 0 89
3 0 1 87
3 0 3 91
3 0 4 90
3 0 5 87
3 0 6 85
3 0 7 93
3 0 9 84
3 1 2 92
3 1 3 86
3 1 4 86
3 1 5 89
3 1 8 84
3 1 9 92
3 1 10 78
3 1 11 77
3 3 0 92
3 3 2 86
3 3 3 86
3 3 4 89
3 3 5 84
3 3 7 92
3 3 8 78
3 3 10 77
4 0 0 53
4 0 1 59
4 0 3 59
4 0 4 50
4 0 5 51
4 0 6 53
4 0 7 57
4 0 9 56
4 3 0 62
4 3 2 66
4 3 3 66
4 3 4 61
4 3 5 62
4 3 7 62
4 3 8 64
4 3 10 67
4 11 0 62
4 11 1 66
4 11 2 66
4 11 3 61
4 11 4 62
4 11 5 62
4 11 6 64
4 11 8 67
4 14 0 50
4 14 1 56
4 14 3 56
4 14 5 47
4 14 6 48
4 14 7 50
4 14 9 54
4 14 10 53
5 2 0 31
5 2 2 31
5 2 3 33
5 2 5 34
5 2 6 29
5 2 7 27
5 2 8 29
5 2 10 32
5 5 0 31
5 5 1 31
5 5 2 33
5 5 3 34
5 5 4 29
5 5 6 27
5 5 8 29
5 5 11 32
5 11 0 33
5 11 1 33
5 11 2 35
5 11 3 36
5 11 4 31
5 11 5 29
5 11 6 31
5 11 8 34
6 2 0 33
6 2 2 33
6 2 3 35
6 2 5 36
6 2 6 31
6 2 7 29
6 2 8 31
6 2 10 34
6 5 0 33
6 5 1 33
6 5 2 35
6 5 3 36
6 5 4 31
6 5 6 29
6 5 8 31
6 5 11 34
6 8 0 35
6 8 1 35
6 8 2 37
6 8 4 38
6 8 6 33
6 8 7 31
6 8 10 33
6 8 11 36
6 13 0 36
6 13 2 36
6 13 3 38
6 13 5 39
6 13 6 34
6 13 8 32
6 13 9 34
6 13 10 37
7 3 0 51
7 3 2 57
7 3 3 57
7 3 4 48
7 3 5 49
7 3 7 51
7 3 8 55
7 3 10 54
7 9 0 59
7 9 1 63
7 9 2 55
7 9 3 65
7 9 4 64
7 9 8 62
7 9 9 64
7 9 10 62
7 13 0 59
7 13 2 63
7 13 3 55
7 13 5 65
7 13 6 64
7 13 8 62
7 13 9 64
7 13 10 62
8 0 0 91
8 0 1 89
8 0 3 93
8 0 4 92
8 0 5 89
8 0 6 87
8 0 7 95
8 0 9 86
8 6 0 94
8 6 1 88
8 6 2 88
8 6 3 91
8 6 4 86
8 6 5 94
8 6 6 80
8 6 9 79
8 13 0 94
8 13 2 88
8 13 3 88
8 13 5 91
8 13 6 86
8 13 8 94
8 13 9 80
8 13 10 79
8 14 0 88
8 14 1 86
8 14 3 90
8 14 5 89
8 14 6 86
8 14 7 84
8 14 9 92
8 14 10 83
9 0 0 28
9 0 1 28
9 0 3 28
9 0 4 25
9 0 5 26
9 0 6 28
9 0 7 26
9 0 9 25
9 4 0 28
9 4 1 28
9 4 2 28
9 4 3 25
9 4 6 26
9 4 7 28
9 4 9 26
9 4 11 25
9 6 0 28
9 6 1 28
9 6 2 28
9 6 3 25
9 6 4 26
9 6 5 28
9 6 6 26
9 6 9 25
9 7 0 25
9 7 1 25
9 7 2 25
9 7 4 22
9 7 5 23
9 7 6 25
9 7 7 23
9 7 10 22
10 2 0 44
10 2 2 42
10 2 3 46
10 2 5 45
10 2 6 42
10 2 7 40
10 2 8 38
10 2 10 39
10 8 0 36
10 8 1 36
10 8 2 38
10 8 4 39
10 8 6 34
10 8 7 32
10 8 10 34
10 8 11 37
10 11 0 36
10 11 1 36
10 11 2 38
10 11 3 39
10 11 4 34
10 11 5 32
10 11 6 34
10 11 8 37
11 2 0 34
11 2 2 34
11 2 3 36
11 2 5 37
11 2 6 32
11 2 7 30
11 2 8 32
11 2 10 35
11 5 0 34
11 5 1 34
11 5 2 36
11 5 3 37
11 5 4 32
11 5 6 30
11 5 8 32
11 5 11 35
11 7 0 36
11 7 1 36
11 7 2 38
11 7 4 39
11 7 5 34
11 7 6 32
11 7 7 34
11 7 10 37
11 8 0 37
11 8 1 37
11 8 2 39
11 8 4 40
11 8 6 35
11 8 7 33
11 8 10 35
11 8 11 38
12 2 0 95
12 2 2 89
12 2 3 89
12 2 5 92
12 2 6 87
12 2 7 95
12 2 8 81
12 2 10 80
12 4 0 93
12 4 1 87
12 4 2 87
12 4 3 90
12 4 6 85
12 4 7 93
12 4 9 79
12 4 11 78
12 10 0 88
12 10 1 86
12 10 2 90
12 10 5 89
12 10 6 86
12 10 8 84
12 10 9 92
12 10 11 83
13 4 0 82
13 4 1 82
13 4 2 87
13 4 3 90
13 4 6 81
13 4 7 87
13 4 9 84
13 4 11 84
13 6 0 90
13 6 1 84
13 6 2 84
13 6 3 87
13 6 4 82
13 6 5 90
13 6 6 76
13 6 9 75
13 10 0 90
13 10 1 84
13 10 2 84
13 10 5 87
13 10 6 82
13 10 8 90
13 10 9 76
13 10 11 75
13 11 0 93
13 11 1 87
13 11 2 87
13 11 3 90
13 11 4 85
13 11 5 93
13 11 6 79
13 11 8 78
13 12 0 88
13 12 1 82
13 12 2 82
13 12 3 85
13 12 4 80
13 12 7 88
13 12 8 74
13 12 10 73
14 2 0 62
14 2 2 66
14 2 3 66
14 2 5 61
14 2 6 62
14 2 7 62
14 2 8 64
14 2 10 67
14 9 0 66
14 9 1 70
14 9 2 70
14 9 3 65
14 9 4 66
14 9 8 66
14 9 9 68
14 9 10 71
14 13 0 66
14 13 2 70
14 13 3 70
14 13 5 65
14 13 6 66
14 13 8 66
14 13 9 68
14 13 10 71
15 6 0 89
15 6 1 87
15 6 2 91
15 6 3 90
15 6 4 87
15 6 5 85
15 6 6 93
15 6 9 84
15 7 0 82
15 7 1 82
15 7 2 87
15 7 4 90
15 7 5 81
15 7 6 87
15 7 7 84
15 7 10 84
15 9 0 91
15 9 1 89
15 9 2 93
15 9 3 92
15 9 4 89
15 9 8 87
15 9 9 95
15 9 10 86
15 10 0 90
15 10 1 88
15 10 2 92
15 10 5 91
15 10 6 88
15 10 8 86
15 10 9 94
15 10 11 85
15 14 0 82
15 14 1 82
15 14 3 87
15 14 5 90
15 14 6 81
15 14 7 87
15 14 9 84
15 14 10 84
16 9 0 82
16 9 1 82
16 9 2 87
16 9 3 90
16 9 4 81
16 9 8 87
16 9 9 84
16 9 10 84
16 10 0 94
16 10 1 88
16 10 2 88
16 10 5 91
16 10 6 86
16 10 8 94
16 10 9 80
16 10 11 79
16 11 0 89
16 11 1 87
16 11 2 91
16 11 3 90
16 11 4 87
16 11 5 85
16 11 6 93
16 11 8 84
17 2 0 13
17 2 2 13
17 2 3 14
17 2 5 14
17 2 6 12
17 2 7 11
17 2 8 12
17 2 10 13
17 3 0 13
17 3 2 13
17 3 3 14
17 3 4 14
17 3 5 12
17 3 7 11
17 3 8 12
17 3 10 13
17 8 0 14
17 8 1 14
17 8 2 15
17 8 4 15
17 8 6 13
17 8 7 12
17 8 10 13
17 8 11 14
17 9 0 14
17 9 1 14
17 9 2 15
17 9 3 15
17 9 4 13
17 9 8 12
17 9 9 13
17 9 10 14
17 13 0 12
17 13 2 12
17 13 3 13
17 13 5 13
17 13 6 11
17 13 8 10
17 13 9 11
17 13 10 12
18 1 2 9
18 1 3 9
18 1 4 9
18 1 5 9
18 1 8 8
18 1 9 8
18 1 10 8
18 1 11 9
18 2 0 9
18 2 2 9
18 2 3 9
18 2 5 9
18 2 6 8
18 2 7 8
18 2 8 8
18 2 10 9
18 6 0 9
18 6 1 9
18 6 2 9
18 6 3 9
18 6 4 8
18 6 5 8
18 6 6 8
18 6 9 9
18 9 0 9
18 9 1 9
18 9 2 9
18 9 3 9
18 9 4 8
18 9 8 8
18 9 9 8
18 9 10 9
18 10 0 9
18 10 1 9
18 10 2 9
18 10 5 9
18 10 6 10
18 10 8 9
18 10 9 10
18 10 11 9
19 3 0 49
19 3 2 47
19 3 3 51
19 3 4 50
19 3 5 47
19 3 7 45
19 3 8 43
19 3 10 44
19 6 0 51
19 6 1 57
19 6 2 57
19 6 3 48
19 6 4 49
19 6 5 51
19 6 6 55
19 6 9 54
19 11 0 50
19 11 1 56
19 11 2 56
19 11 3 47
19 11 4 48
19 11 5 50
19 11 6 54
19 11 8 53
19 13 0 51
19 13 2 49
19 13 3 53
19 13 5 52
19 13 6 49
19 13 8 47
19 13 9 45
19 13 10 46
19 14 0 49
19 14 1 47
19 14 3 51
19 14 5 50
19 14 6 47
19 14 7 45
19 14 9 43
19 14 10 44
20 4 0 67
20 4 1 71
20 4 2 71
20 4 3 66
20 4 6 67
20 4 7 67
20 4 9 69
20 4 11 72
20 7 0 71
20 7 1 72
20 7 2 75
20 7 4 77
20 7 5 68
20 7 6 64
20 7 7 67
20 7 10 74
20 9 0 71
20 9 1 72
20 9 2 75
20 9 3 77
20 9 4 68
20 9 8 64
20 9 9 67
20 9 10 74
20 12 0 66
20 12 1 70
20 12 2 70
20 12 3 65
20 12 4 66
20 12 7 66
20 12 8 68
20 12 10 71
21 1 2 88
21 1 3 86
21 1 4 90
21 1 5 89
21 1 8 86
21 1 9 84
21 1 10 92
21 1 11 83
21 4 0 91
21 4 1 85
21 4 2 85
21 4 3 88
21 4 6 83
21 4 7 91
21 4 9 77
21 4 11 76
21 5 0 91
21 5 1 85
21 5 2 85
21 5 3 88
21 5 4 83
21 5 6 91
21 5 8 77
21 5 11 76
21 9 0 94
21 9 1 88
21 9 2 88
21 9 3 91
21 9 4 86
21 9 8 94
21 9 9 80
21 9 10 79
21 10 0 89
21 10 1 83
21 10 2 83
21 10 5 86
21 10 6 81
21 10 8 89
21 10 9 75
21 10 11 74
22 4 0 50
22 4 1 48
22 4 2 52
22 4 3 51
22 4 6 48
22 4 7 46
22 4 9 44
22 4 11 45
22 6 0 51
22 6 1 57
22 6 2 57
22 6 3 48
22 6 4 49
22 6 5 51
22 6 6 55
22 6 9 54
22 8 0 51
22 8 1 57
22 8 2 57
22 8 4 48
22 8 6 49
22 8 7 51
22 8 10 55
22 8 11 54
22 11 0 47
22 11 1 45
22 11 2 49
22 11 3 48
22 11 4 45
22 11 5 43
22 11 6 41
22 11 8 42
22 12 0 48
22 12 1 46
22 12 2 50
22 12 3 49
22 12 4 46
22 12 7 44
22 12 8 42
22 12 10 43
23 0 0 69
23 0 1 73
23 0 3 73
23 0 4 68
23 0 5 69
23 0 6 69
23 0 7 71
23 0 9 74
23 1 2 73
23 1 3 74
23 1 4 77
23 1 5 79
23 1 8 70
23 1 9 66
23 1 10 69
23 1 11 76
23 8 0 73
23 8 1 74
23 8 2 77
23 8 4 79
23 8 6 70
23 8 7 66
23 8 10 69
23 8 11 76
23 12 0 68
23 12 1 72
23 12 2 72
23 12 3 67
23 12 4 68
23 12 7 68
23 12 8 70
23 12 10 73
23 13 0 69
23 13 2 73
23 13 3 73
23 13 5 68
23 13 6 69
23 13 8 69
23 13 9 71
23 13 10 74
24 6 0 45
24 6 1 43
24 6 2 47
24 6 3 46
24 6 4 43
24 6 5 41
24 6 6 39
24 6 9 40
24 7 0 43
24 7 1 41
24 7 2 45
24 7 4 44
24 7 5 41
24 7 6 39
24 7 7 37
24 7 10 38
24 8 0 47
24 8 1 45
24 8 2 49
24 8 4 48
24 8 6 45
24 8 7 43
24 8 10 41
24 8 11 42
24 10 0 46
24 10 1 44
24 10 2 48
24 10 5 47
24 10 6 44
24 10 8 42
24 10 9 40
24 10 11 41
24 11 0 43
24 11 1 41
24 11 2 45
24 11 3 44
24 11 4 41
24 11 5 39
24 11 6 37
24 11 8 38
25 0 0 23
25 0 1 23
25 0 3 23
25 0 4 20
25 0 5 21
25 0 6 23
25 0 7 21
25 0 9 20
25 7 0 23
25 7 1 23
25 7 2 23
25 7 4 20
25 7 5 21
25 7 6 23
25 7 7 21
25 7 10 20
25 10 0 23
25 10 1 23
25 10 2 23
25 10 5 20
25 10 6 21
25 10 8 23
25 10 9 21
25 10 11 20
25 14 0 20
25 14 1 18
25 14 3 22
25 14 5 21
25 14 6 18
25 14 7 21
25 14 9 19
25 14 10 20
26 0 0 50
26 0 1 48
26 0 3 52
26 0 4 51
26 0 5 48
26 0 6 46
26 0 7 44
26 0 9 45
26 1 2 48
26 1 3 46
26 1 4 50
26 1 5 49
26 1 8 46
26 1 9 44
26 1 10 42
26 1 11 43
26 13 0 47
26 13 2 54
26 13 3 53
26 13 5 49
26 13 6 47
26 13 8 51
26 13 9 49
26 13 10 48
27 3 0 20
27 3 2 18
27 3 3 22
27 3 4 21
27 3 5 18
27 3 7 21
27 3 8 19
27 3 10 20
27 10 0 18
27 10 1 18
27 10 2 19
27 10 5 19
27 10 6 17
27 10 8 16
27 10 9 17
27 10 11 18
27 14 0 22
27 14 1 22
27 14 3 22
27 14 5 19
27 14 6 20
27 14 7 22
27 14 9 20
27 14 10 19
28 0 0 90
28 0 1 88
28 0 3 92
28 0 4 91
28 0 5 88
28 0 6 86
28 0 7 94
28 0 9 85
28 2 0 88
28 2 2 86
28 2 3 90
28 2 5 89
28 2 6 86
28 2 7 84
28 2 8 92
28 2 10 83
28 3 0 92
28 3 2 90
28 3 3 94
28 3 4 93
28 3 5 90
28 3 7 88
28 3 8 96
28 3 10 87
28 12 0 91
28 12 1 89
28 12 2 93
28 12 3 92
28 12 4 89
28 12 7 87
28 12 8 95
28 12 10 86
29 1 2 32
29 1 3 32
29 1 4 34
29 1 5 35
29 1 8 30
29 1 9 28
29 1 10 30
29 1 11 33
29 2 0 32
29 2 2 32
29 2 3 34
29 2 5 35
29 2 6 30
29 2 7 28
29 2 8 30
29 2 10 33
29 5 0 34
29 5 1 34
29 5 2 36
29 5 3 37
29 5 4 32
29 5 6 30
29 5 8 32
29 5 11 35
29 12 0 35
29 12 1 35
29 12 2 37
29 12 3 38
29 12 4 33
29 12 7 31
29 12 8 33
29 12 10 36
29 14 0 27
29 14 1 31
29 14 3 31
29 14 5 33
29 14 6 27
29 14 7 27
29 14 9 29
29 14 10 32
30 3 0 76
30 3 2 77
30 3 3 80
30 3 4 82
30 3 5 73
30 3 7 69
30 3 8 72
30 3 10 79
30 5 0 77
30 5 1 78
30 5 2 81
30 5 3 83
30 5 4 74
30 5 6 70
30 5 8 73
30 5 11 80
30 7 0 80
30 7 1 79
30 7 2 86
30 7 4 72
30 7 5 77
30 7 6 77
30 7 7 87
30 7 10 78
30 8 0 88
30 8 1 82
30 8 2 82
30 8 4 85
30 8 6 80
30 8 7 88
30 8 10 74
30 8 11 73
30 11 0 73
30 11 1 74
30 11 2 77
30 11 3 79
30 11 4 70
30 11 5 66
30 11 6 69
30 11 8 76
31 5 0 93
31 5 1 87
31 5 2 87
31 5 3 90
31 5 4 85
31 5 6 93
31 5 8 79
31 5 11 78
31 6 0 87
31 6 1 81
31 6 2 81
31 6 3 84
31 6 4 79
31 6 5 87
31 6 6 73
31 6 9 72
31 13 0 87
31 13 2 81
31 13 3 81
31 13 5 84
31 13 6 79
31 13 8 87
31 13 9 73
31 13 10 72
32 4 0 64
32 4 1 68
32 4 2 68
32 4 3 63
32 4 6 64
32 4 7 64
32 4 9 66
32 4 11 69
32 9 0 68
32 9 1 72
32 9 2 72
32 9 3 67
32 9 4 68
32 9 8 68
32 9 9 70
32 9 10 73
32 13 0 68
32 13 2 72
32 13 3 72
32 13 5 67
32 13 6 68
32 13 8 68
32 13 9 70
32 13 10 73
33 4 0 44
33 4 1 42
33 4 2 46
33 4 3 45
33 4 6 42
33 4 7 40
33 4 9 38
33 4 11 39
33 8 0 36
33 8 1 36
33 8 2 38
33 8 4 39
33 8 6 34
33 8 7 32
33 8 10 34
33 8 11 37
33 9 0 36
33 9 1 36
33 9 2 38
33 9 3 39
33 9 4 34
33 9 8 32
33 9 9 34
33 9 10 37
34 8 0 53
34 8 1 59
34 8 2 59
34 8 4 50
34 8 6 51
34 8 7 53
34 8 10 57
34 8 11 56
34 10 0 62
34 10 1 66
34 10 2 66
34 10 5 61
34 10 6 62
34 10 8 62
34 10 9 64
34 10 11 67
34 12 0 62
34 12 1 66
34 12 2 66
34 12 3 61
34 12 4 62
34 12 7 62
34 12 8 64
34 12 10 67
35 1 2 77
35 1 3 78
35 1 4 81
35 1 5 83
35 1 8 74
35 1 9 70
35 1 10 73
35 1 11 80
35 8 0 78
35 8 1 79
35 8 2 82
35 8 4 84
35 8 6 75
35 8 7 71
35 8 10 74
35 8 11 81
35 10 0 87
35 10 1 81
35 10 2 81
35 10 5 84
35 10 6 79
35 10 8 87
35 10 9 73
35 10 11 72
35 11 0 89
35 11 1 83
35 11 2 83
35 11 3 86
35 11 4 81
35 11 5 89
35 11 6 75
35 11 8 74
36 0 0 14
36 0 1 14
36 0 3 15
36 0 4 15
36 0 5 13
36 0 6 12
36 0 7 13
36 0 9 14
36 2 0 14
36 2 2 14
36 2 3 15
36 2 5 15
36 2 6 13
36 2 7 12
36 2 8 13
36 2 10 14
36 4 0 15
36 4 1 15
36 4 2 16
36 4 3 16
36 4 6 14
36 4 7 13
36 4 9 14
36 4 11 15
36 12 0 15
36 12 1 15
36 12 2 16
36 12 3 16
36 12 4 14
36 12 7 13
36 12 8 14
36 12 10 15
37 0 0 24
37 0 1 24
37 0 3 24
37 0 4 21
37 0 5 22
37 0 6 24
37 0 7 22
37 0 9 21
37 1 2 24
37 1 3 24
37 1 4 24
37 1 5 21
37 1 8 22
37 1 9 24
37 1 10 22
37 1 11 21
37 3 0 24
37 3 2 24
37 3 3 24
37 3 4 21
37 3 5 22
37 3 7 24
37 3 8 22
37 3 10 21
37 12 0 21
37 12 1 21
37 12 2 21
37 12 3 18
37 12 4 19
37 12 7 21
37 12 8 19
37 12 10 18
37 14 0 22
37 14 1 22
37 14 3 22
37 14 5 19
37 14 6 20
37 14 7 22
37 14 9 20
37 14 10 19
38 0 0 22
38 0 1 22
38 0 3 22
38 0 4 19
38 0 5 20
38 0 6 22
38 0 7 20
38 0 9 19
38 1 2 22
38 1 3 22
38 1 4 22
38 1 5 19
38 1 8 20
38 1 9 22
38 1 10 20
38 1 11 19
38 4 0 22
38 4 1 22
38 4 2 22
38 4 3 19
38 4 6 20
38 4 7 22
38 4 9 20
38 4 11 19
38 6 0 19
38 6 1 19
38 6 2 20
38 6 3 20
38 6 4 18
38 6 5 17
38 6 6 18
38 6 9 19
38 9 0 20
38 9 1 18
38 9 2 22
38 9 3 21
38 9 4 18
38 9 8 21
38 9 9 19
38 9 10 20
39 0 0 50
39 0 1 48
39 0 3 52
39 0 4 51
39 0 5 48
39 0 6 46
39 0 7 44
39 0 9 45
39 3 0 51
39 3 2 57
39 3 3 57
39 3 4 48
39 3 5 49
39 3 7 51
39 3 8 55
39 3 10 54
39 6 0 51
39 6 1 57
39 6 2 57
39 6 3 48
39 6 4 49
39 6 5 51
39 6 6 55
39 6 9 54
39 7 0 47
39 7 1 45
39 7 2 49
39 7 4 48
39 7 5 45
39 7 6 43
39 7 7 41
39 7 10 42
39 9 0 48
39 9 1 46
39 9 2 50
39 9 3 49
39 9 4 46
39 9 8 44
39 9 9 42
39 9 10 43
40 1 2 34
40 1 3 34
40 1 4 36
40 1 5 37
40 1 8 32
40 1 9 30
40 1 10 32
40 1 11 35
40 6 0 34
40 6 1 34
40 6 2 36
40 6 3 37
40 6 4 32
40 6 5 30
40 6 6 32
40 6 9 35
40 11 0 36
40 11 1 36
40 11 2 38
40 11 3 39
40 11 4 34
40 11 5 32
40 11 6 34
40 11 8 37
40 12 0 37
40 12 1 37
40 12 2 39
40 12 3 40
40 12 4 35
40 12 7 33
40 12 8 35
40 12 10 38
40 13 0 32
40 13 2 32
40 13 3 34
40 13 5 35
40 13 6 30
40 13 8 28
40 13 9 30
40 13 10 33
41 0 0 92
41 0 1 90
41 0 3 94
41 0 4 93
41 0 5 90
41 0 6 88
41 0 7 96
41 0 9 87
41 3 0 90
41 3 2 88
41 3 3 92
41 3 4 91
41 3 5 88
41 3 7 86
41 3 8 94
41 3 10 85
41 5 0 94
41 5 1 92
41 5 2 96
41 5 3 95
41 5 4 92
41 5 6 90
41 5 8 98
41 5 11 89
41 11 0 93
41 11 1 91
41 11 2 95
41 11 3 94
41 11 4 91
41 11 5 89
41 11 6 97
41 11 8 88
41 12 0 90
41 12 1 88
41 12 2 92
41 12 3 91
41 12 4 88
41 12 7 86
41 12 8 94
41 12 10 85
42 5 0 66
42 5 1 70
42 5 2 70
42 5 3 65
42 5 4 66
42 5 6 66
42 5 8 68
42 5 11 71
42 6 0 75
42 6 1 63
42 6 2 72
42 6 3 66
42 6 4 73
42 6 5 66
42 6 6 64
42 6 9 75
42 8 0 75
42 8 1 63
42 8 2 72
42 8 4 66
42 8 6 73
42 8 7 66
42 8 10 64
42 8 11 75
42 10 0 65
42 10 1 69
42 10 2 69
42 10 5 64
42 10 6 65
42 10 8 65
42 10 9 67
42 10 11 70
42 14 0 66
42 14 1 70
42 14 3 70
42 14 5 65
42 14 6 66
42 14 7 66
42 14 9 68
42 14 10 71
43 5 0 90
43 5 1 88
43 5 2 92
43 5 3 91
43 5 4 88
43 5 6 86
43 5 8 94
43 5 11 85
43 6 0 88
43 6 1 86
43 6 2 90
43 6 3 89
43 6 4 86
43 6 5 84
43 6 6 92
43 6 9 83
43 10 0 92
43 10 1 90
43 10 2 94
43 10 5 93
43 10 6 90
43 10 8 88
43 10 9 96
43 10 11 87
43 12 0 91
43 12 1 89
43 12 2 93
43 12 3 92
43 12 4 89
43 12 7 87
43 12 8 95
43 12 10 86
44 1 2 15
44 1 3 15
44 1 4 16
44 1 5 16
44 1 8 14
44 1 9 13
44 1 10 14
44 1 11 15
44 3 0 15
44 3 2 15
44 3 3 16
44 3 4 16
44 3 5 14
44 3 7 13
44 3 8 14
44 3 10 15
44 7 0 16
44 7 1 16
44 7 2 17
44 7 4 17
44 7 5 15
44 7 6 14
44 7 7 15
44 7 10 16
44 8 0 16
44 8 1 16
44 8 2 17
44 8 4 17
44 8 6 15
44 8 7 14
44 8 10 15
44 8 11 16
44 10 0 14
44 10 1 14
44 10 2 15
44 10 5 15
44 10 6 13
44 10 8 12
44 10 9 13
44 10 11 14
45 3 0 14
45 3 2 14
45 3 3 15
45 3 4 15
45 3 5 13
45 3 7 12
45 3 8 13
45 3 10 14
45 8 0 14
45 8 1 14
45 8 2 15
45 8 4 15
45 8 6 13
45 8 7 12
45 8 10 13
45 8 11 14
45 9 0 15
45 9 1 15
45 9 2 16
45 9 3 16
45 9 4 14
45 9 8 13
45 9 9 14
45 9 10 15
45 11 0 15
45 11 1 15
45 11 2 16
45 11 3 16
45 11 4 14
45 11 5 13
45 11 6 14
45 11 8 15
45 13 0 13
45 13 2 13
45 13 3 14
45 13 5 14
45 13 6 12
45 13 8 11
45 13 9 12
45 13 10 13
46 2 0 67
46 2 2 71
46 2 3 71
46 2 5 66
46 2 6 67
46 2 7 67
46 2 8 69
46 2 10 72
46 6 0 71
46 6 1 72
46 6 2 75
46 6 3 77
46 6 4 68
46 6 5 64
46 6 6 67
46 6 9 74
46 11 0 71
46 11 1 72
46 11 2 75
46 11 3 77
46 11 4 68
46 11 5 64
46 11 6 67
46 11 8 74
46 12 0 66
46 12 1 70
46 12 2 70
46 12 3 65
46 12 4 66
46 12 7 66
46 12 8 68
46 12 10 71
46 14 0 67
46 14 1 71
46 14 3 71
46 14 5 66
46 14 6 67
46 14 7 67
46 14 9 69
46 14 10 72
47 3 0 50
47 3 2 48
47 3 3 52
47 3 4 51
47 3 5 48
47 3 7 46
47 3 8 44
47 3 10 45
47 4 0 48
47 4 1 46
47 4 2 50
47 4 3 49
47 4 6 46
47 4 7 44
47 4 9 42
47 4 11 43
47 9 0 47
47 9 1 54
47 9 2 53
47 9 3 49
47 9 4 47
47 9 8 51
47 9 9 49
47 9 10 48
47 11 0 51
47 11 1 49
47 11 2 53
47 11 3 52
47 11 4 49
47 11 5 47
47 11 6 45
47 11 8 46
48 2 0 14
48 2 2 14
48 2 3 15
48 2 5 15
48 2 6 13
48 2 7 12
48 2 8 13
48 2 10 14
48 4 0 14
48 4 1 14
48 4 2 15
48 4 3 15
48 4 6 13
48 4 7 12
48 4 9 13
48 4 11 14
48 9 0 15
48 9 1 15
48 9 2 16
48 9 3 16
48 9 4 14
48 9 8 13
48 9 9 14
48 9 10 15
48 12 0 15
48 12 1 15
48 12 2 16
48 12 3 16
48 12 4 14
48 12 7 13
48 12 8 14
48 12 10 15
49 0 0 93
49 0 1 91
49 0 3 95
49 0 4 94
49 0 5 91
49 0 6 89
49 0 7 97
49 0 9 88
49 5 0 91
49 5 1 89
49 5 2 93
49 5 3 92
49 5 4 89
49 5 6 87
49 5 8 95
49 5 11 86
49 13 0 95
49 13 2 93
49 13 3 97
49 13 5 96
49 13 6 93
49 13 8 91
49 13 9 99
49 13 10 90
49 14 0 94
49 14 1 92
49 14 3 96
49 14 5 95
49 14 6 92
49 14 7 90
49 14 9 98
49 14 10 89
50 3 0 89
50 3 2 87
50 3 3 91
50 3 4 90
50 3 5 87
50 3 7 85
50 3 8 93
50 3 10 84
50 4 0 82
50 4 1 82
50 4 2 87
50 4 3 90
50 4 6 81
50 4 7 87
50 4 9 84
50 4 11 84
50 6 0 91
50 6 1 89
50 6 2 93
50 6 3 92
50 6 4 89
50 6 5 87
50 6 6 95
50 6 9 86
50 7 0 90
50 7 1 88
50 7 2 92
50 7 4 91
50 7 5 88
50 7 6 86
50 7 7 94
50 7 10 85
50 12 0 82
50 12 1 82
50 12 2 87
50 12 3 90
50 12 4 81
50 12 7 87
50 12 8 84
50 12 10 84
51 1 2 29
51 1 3 29
51 1 4 29
51 1 5 26
51 1 8 27
51 1 9 29
51 1 10 27
51 1 11 26
51 13 0 29
51 13 2 29
51 13 3 29
51 13 5 26
51 13 6 27
51 13 8 29
51 13 9 27
51 13 10 26
51 14 0 29
51 14 1 29
51 14 3 29
51 14 5 26
51 14 6 27
51 14 7 29
51 14 9 27
51 14 10 26
52 0 0 69
52 0 1 73
52 0 3 73
52 0 4 68
52 0 5 69
52 0 6 69
52 0 7 71
52 0 9 74
52 3 0 73
52 3 2 74
52 3 3 77
52 3 4 79
52 3 5 70
52 3 7 66
52 3 8 69
52 3 10 76
52 5 0 73
52 5 1 74
52 5 2 77
52 5 3 79
52 5 4 70
52 5 6 66
52 5 8 69
52 5 11 76
52 14 0 68
52 14 1 72
52 14 3 72
52 14 5 67
52 14 6 68
52 14 7 68
52 14 9 70
52 14 10 73
53 1 2 9
53 1 3 9
53 1 4 9
53 1 5 9
53 1 8 8
53 1 9 8
53 1 10 8
53 1 11 9
53 2 0 9
53 2 2 9
53 2 3 9
53 2 5 9
53 2 6 8
53 2 7 8
53 2 8 8
53 2 10 9
53 5 0 9
53 5 1 9
53 5 2 9
53 5 3 9
53 5 4 8
53 5 6 8
53 5 8 8
53 5 11 9
53 7 0 9
53 7 1 9
53 7 2 9
53 7 4 9
53 7 5 8
53 7 6 8
53 7 7 8
53 7 10 9
54 5 0 78
54 5 1 79
54 5 2 82
54 5 3 84
54 5 4 75
54 5 6 71
54 5 8 74
54 5 11 81
54 6 0 79
54 6 1 80
54 6 2 83
54 6 3 85
54 6 4 76
54 6 5 72
54 6 6 75
54 6 9 82
54 7 0 88
54 7 1 82
54 7 2 82
54 7 4 85
54 7 5 80
54 7 6 88
54 7 7 74
54 7 10 73
54 12 0 90
54 12 1 84
54 12 2 84
54 12 3 87
54 12 4 82
54 12 7 90
54 12 8 76
54 12 10 75
55 10 0 80
55 10 1 79
55 10 2 86
55 10 5 72
55 10 6 77
55 10 8 77
55 10 9 87
55 10 11 78
55 11 0 79
55 11 1 80
55 11 2 83
55 11 3 85
55 11 4 76
55 11 5 72
55 11 6 75
55 11 8 82
55 13 0 92
55 13 2 86
55 13 3 86
55 13 5 89
55 13 6 84
55 13 8 92
55 13 9 78
55 13 10 77
56 0 0 21
56 0 1 21
56 0 3 21
56 0 4 18
56 0 5 19
56 0 6 21
56 0 7 19
56 0 9 18
56 2 0 21
56 2 2 21
56 2 3 21
56 2 5 18
56 2 6 19
56 2 7 21
56 2 8 19
56 2 10 18
56 5 0 21
56 5 1 21
56 5 2 21
56 5 3 18
56 5 4 19
56 5 6 21
56 5 8 19
56 5 11 18
57 8 0 65
57 8 1 69
57 8 2 69
57 8 4 64
57 8 6 65
57 8 7 65
57 8 10 67
57 8 11 70
57 12 0 69
57 12 1 73
57 12 2 73
57 12 3 68
57 12 4 69
57 12 7 69
57 12 8 71
57 12 10 74
57 13 0 69
57 13 2 73
57 13 3 73
57 13 5 68
57 13 6 69
57 13 8 69
57 13 9 71
57 13 10 74
57 14 0 64
57 14 1 68
57 14 3 68
57 14 5 63
57 14 6 64
57 14 7 64
57 14 9 66
57 14 10 69
58 0 0 36
58 0 1 36
58 0 3 38
58 0 4 39
58 0 5 34
58 0 6 32
58 0 7 34
58 0 9 37
58 6 0 36
58 6 1 36
58 6 2 38
58 6 3 39
58 6 4 34
58 6 5 32
58 6 6 34
58 6 9 37
58 9 0 38
58 9 1 38
58 9 2 40
58 9 3 41
58 9 4 36
58 9 8 34
58 9 9 36
58 9 10 39
58 10 0 39
58 10 1 39
58 10 2 41
58 10 5 42
58 10 6 37
58 10 8 35
58 10 9 37
58 10 11 40
58 11 0 34
58 11 1 34
58 11 2 36
58 11 3 37
58 11 4 32
58 11 5 30
58 11 6 32
58 11 8 35
59 6 0 9
59 6 1 9
59 6 2 9
59 6 3 9
59 6 4 8
59 6 5 8
59 6 6 8
59 6 9 9
59 8 0 9
59 8 1 9
59 8 2 9
59 8 4 9
59 8 6 8
59 8 7 8
59 8 10 8
59 8 11 9
59 14 0 9
59 14 1 9
59 14 3 9
59 14 5 9
59 14 6 8
59 14 7 8
59 14 9 8
59 14 10 9
60 0 0 93
60 0 1 91
60 0 3 95
60 0 4 94
60 0 5 91
60 0 6 89
60 0 7 97
60 0 9 88
60 3 0 91
60 3 2 89
60 3 3 93
60 3 4 92
60 3 5 89
60 3 7 87
60 3 8 95
60 3 10 86
60 5 0 95
60 5 1 93
60 5 2 97
60 5 3 96
60 5 4 93
60 5 6 91
60 5 8 99
60 5 11 90
60 9 0 94
60 9 1 92
60 9 2 96
60 9 3 95
60 9 4 92
60 9 8 90
60 9 9 98
60 9 10 89
60 14 0 91
60 14 1 89
60 14 3 93
60 14 5 92
60 14 6 89
60 14 7 87
60 14 9 95
60 14 10 86
61 9 0 49
61 9 1 47
61 9 2 51
61 9 3 50
61 9 4 47
61 9 8 45
61 9 9 43
61 9 10 44
61 10 0 47
61 10 1 45
61 10 2 49
61 10 5 48
61 10 6 45
61 10 8 43
61 10 9 41
61 10 11 42
61 11 0 51
61 11 1 49
61 11 2 53
61 11 3 52
61 11 4 49
61 11 5 47
61 11 6 45
61 11 8 46
62 5 0 89
62 5 1 87
62 5 2 91
62 5 3 90
62 5 4 87
62 5 6 85
62 5 8 93
62 5 11 84
62 8 0 82
62 8 1 82
62 8 2 87
62 8 4 90
62 8 6 81
62 8 7 87
62 8 10 84
62 8 11 84
62 11 0 91
62 11 1 89
62 11 2 93
62 11 3 92
62 11 4 89
62 11 5 87
62 11 6 95
62 11 8 86
62 12 0 90
62 12 1 88
62 12 2 92
62 12 3 91
62 12 4 88
62 12 7 86
62 12 8 94
62 12 10 85
63 2 0 68
63 2 2 72
63 2 3 72
63 2 5 67
63 2 6 68
63 2 7 68
63 2 8 70
63 2 10 73
63 12 0 72
63 12 1 73
63 12 2 76
63 12 3 78
63 12 4 69
63 12 7 65
63 12 8 68
63 12 10 75
63 13 0 72
63 13 2 73
63 13 3 76
63 13 5 78
63 13 6 69
63 13 8 65
63 13 9 68
63 13 10 75
64 2 0 92
64 2 2 90
64 2 3 94
64 2 5 93
64 2 6 90
64 2 7 88
64 2 8 96
64 2 10 87
64 7 0 90
64 7 1 88
64 7 2 92
64 7 4 91
64 7 5 88
64 7 6 86
64 7 7 94
64 7 10 85
64 9 0 94
64 9 1 92
64 9 2 96
64 9 3 95
64 9 4 92
64 9 8 90
64 9 9 98
64 9 10 89
64 10 0 93
64 10 1 91
64 10 2 95
64 10 5 94
64 10 6 91
64 10 8 89
64 10 9 97
64 10 11 88
65 3 0 80
65 3 2 79
65 3 3 86
65 3 4 72
65 3 5 77
65 3 7 77
65 3 8 87
65 3 10 78
65 8 0 79
65 8 1 80
65 8 2 83
65 8 4 85
65 8 6 76
65 8 7 72
65 8 10 75
65 8 11 82
65 9 0 92
65 9 1 86
65 9 2 86
65 9 3 89
65 9 4 84
65 9 8 92
65 9 9 78
65 9 10 77
65 10 0 72
65 10 1 73
65 10 2 76
65 10 5 78
65 10 6 69
65 10 8 65
65 10 9 68
65 10 11 75
65 14 0 77
65 14 1 78
65 14 3 81
65 14 5 83
65 14 6 74
65 14 7 70
65 14 9 73
65 14 10 80
66 8 0 47
66 8 1 54
66 8 2 53
66 8 4 49
66 8 6 47
66 8 7 51
66 8 10 49
66 8 11 48
66 9 0 50
66 9 1 48
66 9 2 52
66 9 3 51
66 9 4 48
66 9 8 46
66 9 9 44
66 9 10 45
66 12 0 49
66 12 1 55
66 12 2 55
66 12 3 46
66 12 4 47
66 12 7 49
66 12 8 53
66 12 10 52
66 13 0 48
66 13 2 54
66 13 3 54
66 13 5 45
66 13 6 46
66 13 8 48
66 13 9 52
66 13 10 51
67 8 0 50
67 8 1 48
67 8 2 52
67 8 4 51
67 8 6 48
67 8 7 46
67 8 10 44
67 8 11 45
67 9 0 51
67 9 1 57
67 9 2 57
67 9 3 48
67 9 4 49
67 9 8 51
67 9 9 55
67 9 10 54
67 11 0 51
67 11 1 57
67 11 2 57
67 11 3 48
67 11 4 49
67 11 5 51
67 11 6 55
67 11 8 54
68 1 2 17
68 1 3 17
68 1 4 18
68 1 5 18
68 1 8 16
68 1 9 15
68 1 10 16
68 1 11 17
68 3 0 17
68 3 2 17
68 3 3 18
68 3 4 18
68 3 5 16
68 3 7 15
68 3 8 16
68 3 10 17
68 7 0 18
68 7 1 18
68 7 2 19
68 7 4 19
68 7 5 17
68 7 6 16
68 7 7 17
68 7 10 18
68 9 0 18
68 9 1 18
68 9 2 19
68 9 3 19
68 9 4 17
68 9 8 16
68 9 9 17
68 9 10 18
68 14 0 16
68 14 1 16
68 14 3 17
68 14 5 17
68 14 6 15
68 14 7 14
68 14 9 15
68 14 10 16
69 3 0 26
69 3 2 26
69 3 3 26
69 3 4 23
69 3 5 24
69 3 7 26
69 3 8 24
69 3 10 23
69 6 0 26
69 6 1 26
69 6 2 26
69 6 3 23
69 6 4 24
69 6 5 26
69 6 6 24
69 6 9 23
69 7 0 26
69 7 1 26
69 7 2 26
69 7 4 23
69 7 5 24
69 7 6 26
69 7 7 24
69 7 10 23
69 10 0 23
69 10 1 23
69 10 2 23
69 10 5 20
69 10 6 21
69 10 8 23
69 10 9 21
69 10 11 20
69 13 0 24
69 13 2 24
69 13 3 24
69 13 5 21
69 13 6 22
69 13 8 24
69 13 9 22
69 13 10 21
70 1 2 22
70 1 3 22
70 1 4 22
70 1 5 19
70 1 8 20
70 1 9 22
70 1 10 20
70 1 11 19
70 2 0 22
70 2 2 22
70 2 3 22
70 2 5 19
70 2 6 20
70 2 7 22
70 2 8 20
70 2 10 19
70 11 0 22
70 11 1 22
70 11 2 22
70 11 3 19
70 11 4 20
70 11 5 22
70 11 6 20
70 11 8 19
70 14 0 19
70 14 1 19
70 14 3 20
70 14 5 20
70 14 6 18
70 14 7 17
70 14 9 18
70 14 10 19
71 3 0 24
71 3 2 24
71 3 3 24
71 3 4 21
71 3 5 22
71 3 7 24
71 3 8 22
71 3 10 21
71 11 0 24
71 11 1 24
71 11 2 24
71 11 3 21
71 11 4 22
71 11 5 24
71 11 6 22
71 11 8 21
71 14 0 24
71 14 1 24
71 14 3 24
71 14 5 21
71 14 6 22
71 14 7 24
71 14 9 22
71 14 10 21
72 1 2 51
72 1 3 49
72 1 4 53
72 1 5 52
72 1 8 49
72 1 9 47
72 1 10 45
72 1 11 46
72 9 0 52
72 9 1 58
72 9 2 58
72 9 3 49
72 9 4 50
72 9 8 52
72 9 9 56
72 9 10 55
72 13 0 52
72 13 2 58
72 13 3 58
72 13 5 49
72 13 6 50
72 13 8 52
72 13 9 56
72 13 10 55
73 5 0 48
73 5 1 54
73 5 2 54
73 5 3 45
73 5 4 46
73 5 6 48
73 5 8 52
73 5 11 51
73 7 0 51
73 7 1 49
73 7 2 53
73 7 4 52
73 7 5 49
73 7 6 47
73 7 7 45
73 7 10 46
73 14 0 50
73 14 1 56
73 14 3 56
73 14 5 47
73 14 6 48
73 14 7 50
73 14 9 54
73 14 10 53
74 1 2 23
74 1 3 23
74 1 4 23
74 1 5 20
74 1 8 21
74 1 9 23
74 1 10 21
74 1 11 20
74 6 0 23
74 6 1 23
74 6 2 23
74 6 3 20
74 6 4 21
74 6 5 23
74 6 6 21
74 6 9 20
74 9 0 23
74 9 1 23
74 9 2 23
74 9 3 20
74 9 4 21
74 9 8 23
74 9 9 21
74 9 10 20
74 14 0 20
74 14 1 18
74 14 3 22
74 14 5 21
74 14 6 18
74 14 7 21
74 14 9 19
74 14 10 20
75 0 0 68
75 0 1 72
75 0 3 72
75 0 4 67
75 0 5 68
75 0 6 68
75 0 7 70
75 0 9 73
75 3 0 72
75 3 2 73
75 3 3 76
75 3 4 78
75 3 5 69
75 3 7 65
75 3 8 68
75 3 10 75
75 8 0 72
75 8 1 73
75 8 2 76
75 8 4 78
75 8 6 69
75 8 7 65
75 8 10 68
75 8 11 75
75 12 0 67
75 12 1 71
75 12 2 71
75 12 3 66
75 12 4 67
75 12 7 67
75 12 8 69
75 12 10 72
75 14 0 68
75 14 1 72
75 14 3 72
75 14 5 67
75 14 6 68
75 14 7 68
75 14 9 70
75 14 10 73
76 8 0 51
76 8 1 49
76 8 2 53
76 8 4 52
76 8 6 49
76 8 7 47
76 8 10 45
76 8 11 46
76 13 0 49
76 13 2 47
76 13 3 51
76 13 5 50
76 13 6 47
76 13 8 45
76 13 9 43
76 13 10 44
76 14 0 48
76 14 1 54
76 14 3 54
76 14 5 45
76 14 6 46
76 14 7 48
76 14 9 52
76 14 10 51
77 1 2 45
77 1 3 43
77 1 4 47
77 1 5 46
77 1 8 43
77 1 9 41
77 1 10 39
77 1 11 40
77 3 0 43
77 3 2 41
77 3 3 45
77 3 4 44
77 3 5 41
77 3 7 39
77 3 8 37
77 3 10 38
77 9 0 47
77 9 1 45
77 9 2 49
77 9 3 48
77 9 4 45
77 9 8 43
77 9 9 41
77 9 10 42
78 1 2 38
78 1 3 38
78 1 4 40
78 1 5 41
78 1 8 36
78 1 9 34
78 1 10 36
78 1 11 39
78 8 0 38
78 8 1 38
78 8 2 40
78 8 4 41
78 8 6 36
78 8 7 34
78 8 10 36
78 8 11 39
78 9 0 42
78 9 1 36
78 9 2 36
78 9 3 39
78 9 4 43
78 9 8 42
78 9 9 37
78 9 10 36
78 11 0 43
78 11 1 41
78 11 2 45
78 11 3 44
78 11 4 41
78 11 5 39
78 11 6 37
78 11 8 38
79 6 0 82
79 6 1 82
79 6 2 87
79 6 3 90
79 6 4 81
79 6 5 87
79 6 6 84
79 6 9 84
79 8 0 94
79 8 1 88
79 8 2 88
79 8 4 91
79 8 6 86
79 8 7 94
79 8 10 80
79 8 11 79
79 14 0 89
79 14 1 87
79 14 3 91
79 14 5 90
79 14 6 87
79 14 7 85
79 14 9 93
79 14 10 84
80 3 0 37
80 3 2 37
80 3 3 39
80 3 4 40
80 3 5 35
80 3 7 33
80 3 8 35
80 3 10 38
80 7 0 37
80 7 1 37
80 7 2 39
80 7 4 40
80 7 5 35
80 7 6 33
80 7 7 35
80 7 10 38
80 12 0 39
80 12 1 39
80 12 2 41
80 12 3 42
80 12 4 37
80 12 7 35
80 12 8 37
80 12 10 40
81 2 0 35
81 2 2 35
81 2 3 37
81 2 5 38
81 2 6 33
81 2 7 31
81 2 8 33
81 2 10 36
81 3 0 35
81 3 2 35
81 3 3 37
81 3 4 38
81 3 5 33
81 3 7 31
81 3 8 33
81 3 10 36
81 5 0 37
81 5 1 37
81 5 2 39
81 5 3 40
81 5 4 35
81 5 6 33
81 5 8 35
81 5 11 38
81 6 0 38
81 6 1 38
81 6 2 40
81 6 3 41
81 6 4 36
81 6 5 34
81 6 6 36
81 6 9 39
81 9 0 33
81 9 1 33
81 9 2 35
81 9 3 36
81 9 4 31
81 9 8 29
81 9 9 31
81 9 10 34
82 3 0 27
82 3 2 27
82 3 3 27
82 3 4 24
82 3 5 25
82 3 7 27
82 3 8 25
82 3 10 24
82 9 0 27
82 9 1 27
82 9 2 27
82 9 3 24
82 9 4 25
82 9 8 27
82 9 9 25
82 9 10 24
82 10 0 27
82 10 1 27
82 10 2 27
82 10 5 24
82 10 6 25
82 10 8 27
82 10 9 25
82 10 11 24
83 0 0 12
83 0 1 12
83 0 3 13
83 0 4 13
83 0 5 11
83 0 6 10
83 0 7 11
83 0 9 12
83 1 2 12
83 1 3 12
83 1 4 13
83 1 5 13
83 1 8 11
83 1 9 10
83 1 10 11
83 1 11 12
83 3 0 13
83 3 2 13
83 3 3 14
83 3 4 14
83 3 5 12
83 3 7 11
83 3 8 12
83 3 10 13
83 5 0 13
83 5 1 13
83 5 2 14
83 5 3 14
83 5 4 12
83 5 6 11
83 5 8 12
83 5 11 13
83 9 0 11
83 9 1 11
83 9 2 12
83 9 3 12
83 9 4 10
83 9 8 9
83 9 9 10
83 9 10 11
84 1 2 92
84 1 3 90
84 1 4 94
84 1 5 93
84 1 8 90
84 1 9 88
84 1 10 96
84 1 11 87
84 8 0 95
84 8 1 89
84 8 2 89
84 8 4 92
84 8 6 87
84 8 7 95
84 8 10 81
84 8 11 80
84 9 0 95
84 9 1 89
84 9 2 89
84 9 3 92
84 9 4 87
84 9 8 95
84 9 9 81
84 9 10 80
84 13 0 89
84 13 2 87
84 13 3 91
84 13 5 90
84 13 6 87
84 13 8 85
84 13 9 93
84 13 10 84
85 8 0 36
85 8 1 36
85 8 2 38
85 8 4 39
85 8 6 34
85 8 7 32
85 8 10 34
85 8 11 37
85 9 0 36
85 9 1 36
85 9 2 38
85 9 3 39
85 9 4 34
85 9 8 32
85 9 9 34
85 9 10 37
85 11 0 38
85 11 1 38
85 11 2 40
85 11 3 41
85 11 4 36
85 11 5 34
85 11 6 36
85 11 8 39
85 14 0 39
85 14 1 39
85 14 3 41
85 14 5 42
85 14 6 37
85 14 7 35
85 14 9 37
85 14 10 40
86 2 0 38
86 2 2 38
86 2 3 40
86 2 5 41
86 2 6 36
86 2 7 34
86 2 8 36
86 2 10 39
86 6 0 38
86 6 1 38
86 6 2 40
86 6 3 41
86 6 4 36
86 6 5 34
86 6 6 36
86 6 9 39
86 8 0 42
86 8 1 36
86 8 2 36
86 8 4 39
86 8 6 43
86 8 7 42
86 8 10 37
86 8 11 36
86 13 0 43
86 13 2 41
86 13 3 45
86 13 5 44
86 13 6 41
86 13 8 39
86 13 9 37
86 13 10 38
87 0 0 65
87 0 1 69
87 0 3 69
87 0 4 64
87 0 5 65
87 0 6 65
87 0 7 67
87 0 9 70
87 4 0 69
87 4 1 73
87 4 2 73
87 4 3 68
87 4 6 69
87 4 7 69
87 4 9 71
87 4 11 74
87 8 0 69
87 8 1 73
87 8 2 73
87 8 4 68
87 8 6 69
87 8 7 69
87 8 10 71
87 8 11 74
88 2 0 75
88 2 2 76
88 2 3 79
88 2 5 81
88 2 6 72
88 2 7 68
88 2 8 71
88 2 10 78
88 3 0 76
88 3 2 77
88 3 3 80
88 3 4 82
88 3 5 73
88 3 7 69
88 3 8 72
88 3 10 79
88 9 0 79
88 9 1 80
88 9 2 83
88 9 3 85
88 9 4 76
88 9 8 72
88 9 9 75
88 9 10 82
89 2 0 16
89 2 2 16
89 2 3 17
89 2 5 17
89 2 6 15
89 2 7 14
89 2 8 15
89 2 10 16
89 4 0 16
89 4 1 16
89 4 2 17
89 4 3 17
89 4 6 15
89 4 7 14
89 4 9 15
89 4 11 16
89 7 0 17
89 7 1 17
89 7 2 18
89 7 4 18
89 7 5 16
89 7 6 15
89 7 7 16
89 7 10 17
89 11 0 17
89 11 1 17
89 11 2 18
89 11 3 18
89 11 4 16
89 11 5 15
89 11 6 16
89 11 8 17
89 12 0 15
89 12 1 15
89 12 2 16
89 12 3 16
89 12 4 14
89 12 7 13
89 12 8 14
89 12 10 15
90 7 0 95
90 7 1 89
90 7 2 89
90 7 4 92
90 7 5 87
90 7 6 95
90 7 7 81
90 7 10 80
90 10 0 93
90 10 1 87
90 10 2 87
90 10 5 90
90 10 6 85
90 10 8 93
90 10 9 79
90 10 11 78
90 12 0 88
90 12 1 86
90 12 2 90
90 12 3 89
90 12 4 86
90 12 7 84
90 12 8 92
90 12 10 83
90 14 0 82
90 14 1 82
90 14 3 87
90 14 5 90
90 14 6 81
90 14 7 87
90 14 9 84
90 14 10 84
91 1 2 65
91 1 3 69
91 1 4 69
91 1 5 64
91 1 8 65
91 1 9 65
91 1 10 67
91 1 11 70
91 4 0 69
91 4 1 73
91 4 2 73
91 4 3 68
91 4 6 69
91 4 7 69
91 4 9 71
91 4 11 74
91 5 0 69
91 5 1 73
91 5 2 73
91 5 3 68
91 5 4 69
91 5 6 69
91 5 8 71
91 5 11 74
91 14 0 64
91 14 1 68
91 14 3 68
91 14 5 63
91 14 6 64
91 14 7 64
91 14 9 66
91 14 10 69
92 2 0 32
92 2 2 32
92 2 3 34
92 2 5 35
92 2 6 30
92 2 7 28
92 2 8 30
92 2 10 33
92 6 0 32
92 6 1 32
92 6 2 34
92 6 3 35
92 6 4 30
92 6 5 28
92 6 6 30
92 6 9 33
92 10 0 34
92 10 1 34
92 10 2 36
92 10 5 37
92 10 6 32
92 10 8 30
92 10 9 32
92 10 11 35
92 13 0 35
92 13 2 35
92 13 3 37
92 13 5 38
92 13 6 33
92 13 8 31
92 13 9 33
92 13 10 36
93 3 0 18
93 3 2 18
93 3 3 19
93 3 4 19
93 3 5 17
93 3 7 16
93 3 8 17
93 3 10 18
93 4 0 18
93 4 1 18
93 4 2 19
93 4 3 19
93 4 6 17
93 4 7 16
93 4 9 17
93 4 11 18
93 14 0 19
93 14 1 19
93 14 3 20
93 14 5 20
93 14 6 18
93 14 7 17
93 14 9 18
93 14 10 19
94 5 0 93
94 5 1 91
94 5 2 95
94 5 3 94
94 5 4 91
94 5 6 89
94 5 8 97
94 5 11 88
94 7 0 91
94 7 1 89
94 7 2 93
94 7 4 92
94 7 5 89
94 7 6 87
94 7 7 95
94 7 10 86
94 9 0 95
94 9 1 93
94 9 2 97
94 9 3 96
94 9 4 93
94 9 8 91
94 9 9 99
94 9 10 90
94 13 0 94
94 13 2 92
94 13 3 96
94 13 5 95
94 13 6 92
94 13 8 90
94 13 9 98
94 13 10 89
95 0 0 51
95 0 1 49
95 0 3 53
95 0 4 52
95 0 5 49
95 0 6 47
95 0 7 45
95 0 9 46
95 1 2 52
95 1 3 58
95 1 4 58
95 1 5 49
95 1 8 50
95 1 9 52
95 1 10 56
95 1 11 55
95 4 0 52
95 4 1 58
95 4 2 58
95 4 3 49
95 4 6 50
95 4 7 52
95 4 9 56
95 4 11 55
95 10 0 48
95 10 1 46
95 10 2 50
95 10 5 49
95 10 6 46
95 10 8 44
95 10 9 42
95 10 11 43
95 13 0 49
95 13 2 47
95 13 3 51
95 13 5 50
95 13 6 47
95 13 8 45
95 13 9 43
95 13 10 44
96 6 0 94
96 6 1 88
96 6 2 88
96 6 3 91
96 6 4 86
96 6 5 94
96 6 6 80
96 6 9 79
96 7 0 88
96 7 1 82
96 7 2 82
96 7 4 85
96 7 5 80
96 7 6 88
96 7 7 74
96 7 10 73
96 10 0 88
96 10 1 82
96 10 2 82
96 10 5 85
96 10 6 80
96 10 8 88
96 10 9 74
96 10 11 73
96 14 0 91
96 14 1 85
96 14 3 85
96 14 5 88
96 14 6 83
96 14 7 91
96 14 9 77
96 14 10 76
97 9 0 93
97 9 1 87
97 9 2 87
97 9 3 90
97 9 4 85
97 9 8 93
97 9 9 79
97 9 10 78
97 11 0 87
97 11 1 81
97 11 2 81
97 11 3 84
97 11 4 79
97 11 5 87
97 11 6 73
97 11 8 72
97 13 0 87
97 13 2 81
97 13 3 81
97 13 5 84
97 13 6 79
97 13 8 87
97 13 9 73
97 13 10 72
98 2 0 66
98 2 2 70
98 2 3 70
98 2 5 65
98 2 6 66
98 2 7 66
98 2 8 68
98 2 10 71
98 5 0 75
98 5 1 63
98 5 2 72
98 5 3 66
98 5 4 73
98 5 6 66
98 5 8 64
98 5 11 75
98 10 0 75
98 10 1 63
98 10 2 72
98 10 5 66
98 10 6 73
98 10 8 66
98 10 9 64
98 10 11 75
99 2 0 90
99 2 2 88
99 2 3 92
99 2 5 91
99 2 6 88
99 2 7 86
99 2 8 94
99 2 10 85
99 4 0 93
99 4 1 87
99 4 2 87
99 4 3 90
99 4 6 85
99 4 7 93
99 4 9 79
99 4 11 78
99 7 0 93
99 7 1 87
99 7 2 87
99 7 4 90
99 7 5 85
99 7 6 93
99 7 7 79
99 7 10 78
99 10 0 82
99 10 1 82
99 10 2 87
99 10 5 90
99 10 6 81
99 10 8 87
99 10 9 84
99 10 11 84
99 13 0 91
99 13 2 85
99 13 3 85
99 13 5 88
99 13 6 83
99 13 8 91
99 13 9 77
99 13 10 76
100 2 0 89
100 2 2 87
100 2 3 91
100 2 5 90
100 2 6 87
100 2 7 85
100 2 8 93
100 2 10 84
100 6 0 82
100 6 1 82
100 6 2 87
100 6 3 90
100 6 4 81
100 6 5 87
100 6 6 84
100 6 9 84
100 8 0 91
100 8 1 89
100 8 2 93
100 8 4 92
100 8 6 89
100 8 7 87
100 8 10 95
100 8 11 86
100 12 0 90
100 12 1 88
100 12 2 92
100 12 3 91
100 12 4 88
100 12 7 86
100 12 8 94
100 12 10 85
101 0 0 80
101 0 1 79
101 0 3 86
101 0 4 72
101 0 5 77
101 0 6 77
101 0 7 87
101 0 9 78
101 5 0 79
101 5 1 80
101 5 2 83
101 5 3 85
101 5 4 76
101 5 6 72
101 5 8 75
101 5 11 82
101 13 0 92
101 13 2 86
101 13 3 86
101 13 5 89
101 13 6 84
101 13 8 92
101 13 9 78
101 13 10 77
102 1 2 92
102 1 3 90
102 1 4 94
102 1 5 93
102 1 8 90
102 1 9 88
102 1 10 96
102 1 11 87
102 4 0 90
102 4 1 88
102 4 2 92
102 4 3 91
102 4 6 88
102 4 7 86
102 4 9 94
102 4 11 85
102 5 0 94
102 5 1 92
102 5 2 96
102 5 3 95
102 5 4 92
102 5 6 90
102 5 8 98
102 5 11 89
102 6 0 93
102 6 1 91
102 6 2 95
102 6 3 94
102 6 4 91
102 6 5 89
102 6 6 97
102 6 9 88
103 1 2 92
103 1 3 90
103 1 4 94
103 1 5 93
103 1 8 90
103 1 9 88
103 1 10 96
103 1 11 87
103 9 0 95
103 9 1 89
103 9 2 89
103 9 3 92
103 9 4 87
103 9 8 95
103 9 9 81
103 9 10 80
103 10 0 95
103 10 1 89
103 10 2 89
103 10 5 92
103 10 6 87
103 10 8 95
103 10 9 81
103 10 11 80
103 13 0 89
103 13 2 87
103 13 3 91
103 13 5 90
103 13 6 87
103 13 8 85
103 13 9 93
103 13 10 84
103 14 0 93
103 14 1 87
103 14 3 87
103 14 5 90
103 14 6 85
103 14 7 93
103 14 9 79
103 14 10 78
104 0 0 46
104 0 1 44
104 0 3 48
104 0 4 47
104 0 5 44
104 0 6 42
104 0 7 40
104 0 9 41
104 5 0 44
104 5 1 42
104 5 2 46
104 5 3 45
104 5 4 42
104 5 6 40
104 5 8 38
104 5 11 39
104 12 0 48
104 12 1 46
104 12 2 50
104 12 3 49
104 12 4 46
104 12 7 44
104 12 8 42
104 12 10 43
105 0 0 32
105 0 1 32
105 0 3 34
105 0 4 35
105 0 5 30
105 0 6 28
105 0 7 30
105 0 9 33
105 2 0 32
105 2 2 32
105 2 3 34
105 2 5 35
105 2 6 30
105 2 7 28
105 2 8 30
105 2 10 33
105 5 0 34
105 5 1 34
105 5 2 36
105 5 3 37
105 5 4 32
105 5 6 30
105 5 8 32
105 5 11 35
105 8 0 35
105 8 1 35
105 8 2 37
105 8 4 38
105 8 6 33
105 8 7 31
105 8 10 33
105 8 11 36
105 13 0 27
105 13 2 31
105 13 3 31
105 13 5 33
105 13 6 27
105 13 8 27
105 13 9 29
105 13 10 32
106 5 0 51
106 5 1 49
106 5 2 53
106 5 3 52
106 5 4 49
106 5 6 47
106 5 8 45
106 5 11 46
106 8 0 49
106 8 1 47
106 8 2 51
106 8 4 50
106 8 6 47
106 8 7 45
106 8 10 43
106 8 11 44
106 14 0 48
106 14 1 54
106 14 3 54
106 14 5 45
106 14 6 46
106 14 7 48
106 14 9 52
106 14 10 51
107 0 0 93
107 0 1 87
107 0 3 87
107 0 4 90
107 0 5 85
107 0 6 93
107 0 7 79
107 0 9 78
107 2 0 87
107 2 2 81
107 2 3 81
107 2 5 84
107 2 6 79
107 2 7 87
107 2 8 73
107 2 10 72
107 9 0 87
107 9 1 81
107 9 2 81
107 9 3 84
107 9 4 79
107 9 8 87
107 9 9 73
107 9 10 72
107 12 0 90
107 12 1 84
107 12 2 84
107 12 3 87
107 12 4 82
107 12 7 90
107 12 8 76
107 12 10 75
108 5 0 15
108 5 1 15
108 5 2 16
108 5 3 16
108 5 4 14
108 5 6 13
108 5 8 14
108 5 11 15
108 6 0 15
108 6 1 15
108 6 2 16
108 6 3 16
108 6 4 14
108 6 5 13
108 6 6 14
108 6 9 15
108 10 0 16
108 10 1 16
108 10 2 17
108 10 5 17
108 10 6 15
108 10 8 14
108 10 9 15
108 10 11 16
108 11 0 16
108 11 1 16
108 11 2 17
108 11 3 17
108 11 4 15
108 11 5 14
108 11 6 15
108 11 8 16
109 2 0 88
109 2 2 86
109 2 3 90
109 2 5 89
109 2 6 86
109 2 7 84
109 2 8 92
109 2 10 83
109 6 0 91
109 6 1 85
109 6 2 85
109 6 3 88
109 6 4 83
109 6 5 91
109 6 6 77
109 6 9 76
109 8 0 91
109 8 1 85
109 8 2 85
109 8 4 88
109 8 6 83
109 8 7 91
109 8 10 77
109 8 11 76
109 13 0 94
109 13 2 88
109 13 3 88
109 13 5 91
109 13 6 86
109 13 8 94
109 13 9 80
109 13 10 79
110 5 0 13
110 5 1 13
110 5 2 14
110 5 3 14
110 5 4 12
110 5 6 11
110 5 8 12
110 5 11 13
110 7 0 13
110 7 1 13
110 7 2 14
110 7 4 14
110 7 5 12
110 7 6 11
110 7 7 12
110 7 10 13
110 12 0 14
110 12 1 14
110 12 2 15
110 12 3 15
110 12 4 13
110 12 7 12
110 12 8 13
110 12 10 14
110 14 0 14
110 14 1 14
110 14 3 15
110 14 5 15
110 14 6 13
110 14 7 12
110 14 9 13
110 14 10 14
111 0 0 67
111 0 1 71
111 0 3 71
111 0 4 66
111 0 5 67
111 0 6 67
111 0 7 69
111 0 9 72
111 2 0 71
111 2 2 72
111 2 3 75
111 2 5 77
111 2 6 68
111 2 7 64
111 2 8 67
111 2 10 74
111 4 0 71
111 4 1 72
111 4 2 75
111 4 3 77
111 4 6 68
111 4 7 64
111 4 9 67
111 4 11 74
111 5 0 66
111 5 1 70
111 5 2 70
111 5 3 65
111 5 4 66
111 5 6 66
111 5 8 68
111 5 11 71
112 1 2 67
112 1 3 71
112 1 4 71
112 1 5 66
112 1 8 67
112 1 9 67
112 1 10 69
112 1 11 72
112 8 0 71
112 8 1 72
112 8 2 75
112 8 4 77
112 8 6 68
112 8 7 64
112 8 10 67
112 8 11 74
112 12 0 71
112 12 1 72
112 12 2 75
112 12 3 77
112 12 4 68
112 12 7 64
112 12 8 67
112 12 10 74
112 13 0 66
112 13 2 70
112 13 3 70
112 13 5 65
112 13 6 66
112 13 8 66
112 13 9 68
112 13 10 71
112 14 0 67
112 14 1 71
112 14 3 71
112 14 5 66
112 14 6 67
112 14 7 67
112 14 9 69
112 14 10 72
113 5 0 47
113 5 1 54
113 5 2 53
113 5 3 49
113 5 4 47
113 5 6 51
113 5 8 49
113 5 11 48
113 7 0 53
113 7 1 59
113 7 2 59
113 7 4 50
113 7 5 51
113 7 6 53
113 7 7 57
113 7 10 56
113 8 0 53
113 8 1 59
113 8 2 59
113 8 4 50
113 8 6 51
113 8 7 53
113 8 10 57
113 8 11 56
114 0 0 92
114 0 1 90
114 0 3 94
114 0 4 93
114 0 5 90
114 0 6 88
114 0 7 96
114 0 9 87
114 4 0 90
114 4 1 88
114 4 2 92
114 4 3 91
114 4 6 88
114 4 7 86
114 4 9 94
114 4 11 85
114 6 0 94
114 6 1 92
114 6 2 96
114 6 3 95
114 6 4 92
114 6 5 90
114 6 6 98
114 6 9 89
114 9 0 93
114 9 1 91
114 9 2 95
114 9 3 94
114 9 4 91
114 9 8 89
114 9 9 97
114 9 10 88
115 2 0 77
115 2 2 78
115 2 3 81
115 2 5 83
115 2 6 74
115 2 7 70
115 2 8 73
115 2 10 80
115 4 0 78
115 4 1 79
115 4 2 82
115 4 3 84
115 4 6 75
115 4 7 71
115 4 9 74
115 4 11 81
115 8 0 87
115 8 1 81
115 8 2 81
115 8 4 84
115 8 6 79
115 8 7 87
115 8 10 73
115 8 11 72
115 11 0 89
115 11 1 83
115 11 2 83
115 11 3 86
115 11 4 81
115 11 5 89
115 11 6 75
115 11 8 74
116 2 0 94
116 2 2 88
116 2 3 88
116 2 5 91
116 2 6 86
116 2 7 94
116 2 8 80
116 2 10 79
116 7 0 92
116 7 1 86
116 7 2 86
116 7 4 89
116 7 5 84
116 7 6 92
116 7 7 78
116 7 10 77
116 9 0 82
116 9 1 82
116 9 2 87
116 9 3 90
116 9 4 81
116 9 8 87
116 9 9 84
116 9 10 84
116 11 0 95
116 11 1 89
116 11 2 89
116 11 3 92
116 11 4 87
116 11 5 95
116 11 6 81
116 11 8 80
116 13 0 92
116 13 2 86
116 13 3 86
116 13 5 89
116 13 6 84
116 13 8 92
116 13 9 78
116 13 10 77
117 1 2 79
117 1 3 80
117 1 4 83
117 1 5 85
117 1 8 76
117 1 9 72
117 1 10 75
117 1 11 82
117 3 0 80
117 3 2 79
117 3 3 86
117 3 4 72
117 3 5 77
117 3 7 77
117 3 8 87
117 3 10 78
117 12 0 89
117 12 1 83
117 12 2 83
117 12 3 86
117 12 4 81
117 12 7 89
117 12 8 75
117 12 10 74
117 13 0 91
117 13 2 85
117 13 3 85
117 13 5 88
117 13 6 83
117 13 8 91
117 13 9 77
117 13 10 76
118 1 2 69
118 1 3 73
118 1 4 73
118 1 5 68
118 1 8 69
118 1 9 69
118 1 10 71
118 1 11 74
118 7 0 73
118 7 1 74
118 7 2 77
118 7 4 79
118 7 5 70
118 7 6 66
118 7 7 69
118 7 10 76
118 14 0 73
118 14 1 74
118 14 3 77
118 14 5 79
118 14 6 70
118 14 7 66
118 14 9 69
118 14 10 76
119 1 2 82
119 1 3 82
119 1 4 87
119 1 5 90
119 1 8 81
119 1 9 87
119 1 10 84
119 1 11 84
119 8 0 94
119 8 1 88
119 8 2 88
119 8 4 91
119 8 6 86
119 8 7 94
119 8 10 80
119 8 11 79
119 11 0 89
119 11 1 87
119 11 2 91
119 11 3 90
119 11 4 87
119 11 5 85
119 11 6 93
119 11 8 84
119 13 0 88
119 13 2 86
119 13 3 90
119 13 5 89
119 13 6 86
119 13 8 84
119 13 9 92
119 13 10 83
120 3 0 32
120 3 2 32
120 3 3 34
120 3 4 35
120 3 5 30
120 3 7 28
120 3 8 30
120 3 10 33
120 9 0 32
120 9 1 32
120 9 2 34
120 9 3 35
120 9 4 30
120 9 8 28
120 9 9 30
120 9 10 33
120 11 0 34
120 11 1 34
120 11 2 36
120 11 3 37
120 11 4 32
120 11 5 30
120 11 6 32
120 11 8 35
120 13 0 35
120 13 2 35
120 13 3 37
120 13 5 38
120 13 6 33
120 13 8 31
120 13 9 33
120 13 10 36
121 0 0 39
121 0 1 39
121 0 3 41
121 0 4 42
121 0 5 37
121 0 6 35
121 0 7 37
121 0 9 40
121 10 0 39
121 10 1 39
121 10 2 41
121 10 5 42
121 10 6 37
121 10 8 35
121 10 9 37
121 10 11 40
121 11 0 43
121 11 1 41
121 11 2 45
121 11 3 44
121 11 4 41
121 11 5 39
121 11 6 37
121 11 8 38
121 13 0 44
121 13 2 42
121 13 3 46
121 13 5 45
121 13 6 42
121 13 8 40
121 13 9 38
121 13 10 39
121 14 0 37
121 14 1 37
121 14 3 39
121 14 5 40
121 14 6 35
121 14 7 33
121 14 9 35
121 14 10 38
122 9 0 95
122 9 1 89
122 9 2 89
122 9 3 92
122 9 4 87
122 9 8 95
122 9 9 81
122 9 10 80
122 10 0 93
122 10 1 87
122 10 2 87
122 10 5 90
122 10 6 85
122 10 8 93
122 10 9 79
122 10 11 78
122 14 0 88
122 14 1 86
122 14 3 90
122 14 5 89
122 14 6 86
122 14 7 84
122 14 9 92
122 14 10 83
123 0 0 27
123 0 1 27
123 0 3 27
123 0 4 24
123 0 5 25
123 0 6 27
123 0 7 25
123 0 9 24
123 7 0 27
123 7 1 27
123 7 2 27
123 7 4 24
123 7 5 25
123 7 6 27
123 7 7 25
123 7 10 24
123 12 0 27
123 12 1 27
123 12 2 27
123 12 3 24
123 12 4 25
123 12 7 27
123 12 8 25
123 12 10 24
124 6 0 73
124 6 1 74
124 6 2 77
124 6 3 79
124 6 4 70
124 6 5 66
124 6 6 69
124 6 9 76
124 13 0 74
124 13 2 75
124 13 3 78
124 13 5 80
124 13 6 71
124 13 8 67
124 13 9 70
124 13 10 77
124 14 0 77
124 14 1 78
124 14 3 81
124 14 5 83
124 14 6 74
124 14 7 70
124 14 9 73
124 14 10 80
125 10 0 18
125 10 1 18
125 10 2 19
125 10 5 19
125 10 6 17
125 10 8 16
125 10 9 17
125 10 11 18
125 11 0 18
125 11 1 18
125 11 2 19
125 11 3 19
125 11 4 17
125 11 5 16
125 11 6 17
125 11 8 18
125 12 0 19
125 12 1 19
125 12 2 20
125 12 3 20
125 12 4 18
125 12 7 17
125 12 8 18
125 12 10 19
126 0 0 25
126 0 1 25
126 0 3 25
126 0 4 22
126 0 5 23
126 0 6 25
126 0 7 23
126 0 9 22
126 3 0 25
126 3 2 25
126 3 3 25
126 3 4 22
126 3 5 23
126 3 7 25
126 3 8 23
126 3 10 22
126 9 0 25
126 9 1 25
126 9 2 25
126 9 3 22
126 9 4 23
126 9 8 25
126 9 9 23
126 9 10 22
127 9 0 45
127 9 1 43
127 9 2 47
127 9 3 46
127 9 4 43
127 9 8 41
127 9 9 39
127 9 10 40
127 10 0 43
127 10 1 41
127 10 2 45
127 10 5 44
127 10 6 41
127 10 8 39
127 10 9 37
127 10 11 38
127 11 0 47
127 11 1 45
127 11 2 49
127 11 3 48
127 11 4 45
127 11 5 43
127 11 6 41
127 11 8 42
127 12 0 46
127 12 1 44
127 12 2 48
127 12 3 47
127 12 4 44
127 12 7 42
127 12 8 40
127 12 10 41
127 13 0 43
127 13 2 41
127 13 3 45
127 13 5 44
127 13 6 41
127 13 8 39
127 13 9 37
127 13 10 38
128 0 0 31
128 0 1 31
128 0 3 33
128 0 4 34
128 0 5 29
128 0 6 27
128 0 7 29
128 0 9 32
128 4 0 31
128 4 1 31
128 4 2 33
128 4 3 34
128 4 6 29
128 4 7 27
128 4 9 29
128 4 11 32
128 8 0 33
128 8 1 33
128 8 2 35
128 8 4 36
128 8 6 31
128 8 7 29
128 8 10 31
128 8 11 34
128 12 0 34
128 12 1 34
128 12 2 36
128 12 3 37
128 12 4 32
128 12 7 30
128 12 8 32
128 12 10 35
128 13 0 29
128 13 2 29
128 13 3 29
128 13 5 26
128 13 6 27
128 13 8 29
128 13 9 27
128 13 10 26
129 4 0 27
129 4 1 27
129 4 2 27
129 4 3 24
129 4 6 25
129 4 7 27
129 4 9 25
129 4 11 24
129 6 0 31
129 6 1 31
129 6 2 33
129 6 3 34
129 6 4 29
129 6 5 27
129 6 6 29
129 6 9 32
129 10 0 31
129 10 1 31
129 10 2 33
129 10 5 34
129 10 6 29
129 10 8 27
129 10 9 29
129 10 11 32
129 12 0 33
129 12 1 33
129 12 2 35
129 12 3 36
129 12 4 31
129 12 7 29
129 12 8 31
129 12 10 34
129 14 0 27
129 14 1 27
129 14 3 27
129 14 5 24
129 14 6 25
129 14 7 27
129 14 9 25
129 14 10 24
130 3 0 44
130 3 2 42
130 3 3 46
130 3 4 45
130 3 5 42
130 3 7 40
130 3 8 38
130 3 10 39
130 4 0 36
130 4 1 36
130 4 2 38
130 4 3 39
130 4 6 34
130 4 7 32
130 4 9 34
130 4 11 37
130 5 0 36
130 5 1 36
130 5 2 38
130 5 3 39
130 5 4 34
130 5 6 32
130 5 8 34
130 5 11 37
130 6 0 39
130 6 1 39
130 6 2 41
130 6 3 42
130 6 4 37
130 6 5 35
130 6 6 37
130 6 9 40
131 1 2 51
131 1 3 49
131 1 4 53
131 1 5 52
131 1 8 49
131 1 9 47
131 1 10 45
131 1 11 46
131 2 0 52
131 2 2 58
131 2 3 58
131 2 5 49
131 2 6 50
131 2 7 52
131 2 8 56
131 2 10 55
131 3 0 52
131 3 2 58
131 3 3 58
131 3 4 49
131 3 5 50
131 3 7 52
131 3 8 56
131 3 10 55
131 11 0 48
131 11 1 46
131 11 2 50
131 11 3 49
131 11 4 46
131 11 5 44
131 11 6 42
131 11 8 43
131 14 0 49
131 14 1 47
131 14 3 51
131 14 5 50
131 14 6 47
131 14 7 45
131 14 9 43
131 14 10 44
132 2 0 22
132 2 2 22
132 2 3 22
132 2 5 19
132 2 6 20
132 2 7 22
132 2 8 20
132 2 10 19
132 4 0 22
132 4 1 22
132 4 2 22
132 4 3 19
132 4 6 20
132 4 7 22
132 4 9 20
132 4 11 19
132 5 0 22
132 5 1 22
132 5 2 22
132 5 3 19
132 5 4 20
132 5 6 22
132 5 8 20
132 5 11 19
133 1 2 90
133 1 3 88
133 1 4 92
133 1 5 91
133 1 8 88
133 1 9 86
133 1 10 94
133 1 11 85
133 2 0 88
133 2 2 86
133 2 3 90
133 2 5 89
133 2 6 86
133 2 7 84
133 2 8 92
133 2 10 83
133 6 0 92
133 6 1 90
133 6 2 94
133 6 3 93
133 6 4 90
133 6 5 88
133 6 6 96
133 6 9 87
133 8 0 91
133 8 1 89
133 8 2 93
133 8 4 92
133 8 6 89
133 8 7 87
133 8 10 95
133 8 11 86
133 13 0 88
133 13 2 86
133 13 3 90
133 13 5 89
133 13 6 86
133 13 8 84
133 13 9 92
133 13 10 83
134 1 2 11
134 1 3 11
134 1 4 12
134 1 5 12
134 1 8 10
134 1 9 9
134 1 10 10
134 1 11 11
134 2 0 11
134 2 2 11
134 2 3 12
134 2 5 12
134 2 6 10
134 2 7 9
134 2 8 10
134 2 10 11
134 4 0 12
134 4 1 12
134 4 2 13
134 4 3 13
134 4 6 11
134 4 7 10
134 4 9 11
134 4 11 12
134 10 0 12
134 10 1 12
134 10 2 13
134 10 5 13
134 10 6 11
134 10 8 10
134 10 9 11
134 10 11 12
134 13 0 9
134 13 2 9
134 13 3 9
134 13 5 9
134 13 6 10
134 13 8 9
134 13 9 10
134 13 10 9
135 2 0 94
135 2 2 88
135 2 3 88
135 2 5 91
135 2 6 86
135 2 7 94
135 2 8 80
135 2 10 79
135 10 0 88
135 10 1 82
135 10 2 82
135 10 5 85
135 10 6 80
135 10 8 88
135 10 9 74
135 10 11 73
135 12 0 88
135 12 1 82
135 12 2 82
135 12 3 85
135 12 4 80
135 12 7 88
135 12 8 74
135 12 10 73
135 13 0 91
135 13 2 85
135 13 3 85
135 13 5 88
135 13 6 83
135 13 8 91
135 13 9 77
135 13 10 76
136 5 0 15
136 5 1 15
136 5 2 16
136 5 3 16
136 5 4 14
136 5 6 13
136 5 8 14
136 5 11 15
136 6 0 15
136 6 1 15
136 6 2 16
136 6 3 16
136 6 4 14
136 6 5 13
136 6 6 14
136 6 9 15
136 9 0 16
136 9 1 16
136 9 2 17
136 9 3 17
136 9 4 15
136 9 8 14
136 9 9 15
136 9 10 16
136 12 0 16
136 12 1 16
136 12 2 17
136 12 3 17
136 12 4 15
136 12 7 14
136 12 8 15
136 12 10 16
136 13 0 14
136 13 2 14
136 13 3 15
136 13 5 15
136 13 6 13
136 13 8 12
136 13 9 13
136 13 10 14
137 1 2 63
137 1 3 67
137 1 4 67
137 1 5 62
137 1 8 63
137 1 9 63
137 1 10 65
137 1 11 68
137 2 0 67
137 2 2 71
137 2 3 71
137 2 5 66
137 2 6 67
137 2 7 67
137 2 8 69
137 2 10 72
137 10 0 67
137 10 1 71
137 10 2 71
137 10 5 66
137 10 6 67
137 10 8 67
137 10 9 69
137 10 11 72
138 1 2 88
138 1 3 82
138 1 4 82
138 1 5 85
138 1 8 80
138 1 9 88
138 1 10 74
138 1 11 73
138 4 0 88
138 4 1 82
138 4 2 82
138 4 3 85
138 4 6 80
138 4 7 88
138 4 9 74
138 4 11 73
138 5 0 93
138 5 1 87
138 5 2 87
138 5 3 90
138 5 4 85
138 5 6 93
138 5 8 79
138 5 11 78
138 8 0 82
138 8 1 82
138 8 2 87
138 8 4 90
138 8 6 81
138 8 7 87
138 8 10 84
138 8 11 84
138 10 0 87
138 10 1 81
138 10 2 81
138 10 5 84
138 10 6 79
138 10 8 87
138 10 9 73
138 10 11 72
139 6 0 25
139 6 1 25
139 6 2 25
139 6 3 22
139 6 4 23
139 6 5 25
139 6 6 23
139 6 9 22
139 8 0 25
139 8 1 25
139 8 2 25
139 8 4 22
139 8 6 23
139 8 7 25
139 8 10 23
139 8 11 22
139 11 0 25
139 11 1 25
139 11 2 25
139 11 3 22
139 11 4 23
139 11 5 25
139 11 6 23
139 11 8 22
140 1 2 69
140 1 3 73
140 1 4 73
140 1 5 68
140 1 8 69
140 1 9 69
140 1 10 71
140 1 11 74
140 5 0 73
140 5 1 74
140 5 2 77
140 5 3 79
140 5 4 70
140 5 6 66
140 5 8 69
140 5 11 76
140 7 0 73
140 7 1 74
140 7 2 77
140 7 4 79
140 7 5 70
140 7 6 66
140 7 7 69
140 7 10 76
140 11 0 68
140 11 1 72
140 11 2 72
140 11 3 67
140 11 4 68
140 11 5 68
140 11 6 70
140 11 8 73
141 0 0 75
141 0 1 76
141 0 3 79
141 0 4 81
141 0 5 72
141 0 6 68
141 0 7 71
141 0 9 78
141 11 0 76
141 11 1 77
141 11 2 80
141 11 3 82
141 11 4 73
141 11 5 69
141 11 6 72
141 11 8 79
141 12 0 79
141 12 1 80
141 12 2 83
141 12 3 85
141 12 4 76
141 12 7 72
141 12 8 75
141 12 10 82
142 3 0 53
142 3 2 59
142 3 3 59
142 3 4 50
142 3 5 51
142 3 7 53
142 3 8 57
142 3 10 56
142 4 0 62
142 4 1 66
142 4 2 66
142 4 3 61
142 4 6 62
142 4 7 62
142 4 9 64
142 4 11 67
142 6 0 62
142 6 1 66
142 6 2 66
142 6 3 61
142 6 4 62
142 6 5 62
142 6 6 64
142 6 9 67
142 7 0 50
142 7 1 56
142 7 2 56
142 7 4 47
142 7 5 48
142 7 6 50
142 7 7 54
142 7 10 53
143 2 0 93
143 2 2 91
143 2 3 95
143 2 5 94
143 2 6 91
143 2 7 89
143 2 8 97
143 2 10 88
143 4 0 91
143 4 1 89
143 4 2 93
143 4 3 92
143 4 6 89
143 4 7 87
143 4 9 95
143 4 11 86
143 6 0 95
143 6 1 93
143 6 2 97
143 6 3 96
143 6 4 93
143 6 5 91
143 6 6 99
143 6 9 90
143 7 0 94
143 7 1 92
143 7 2 96
143 7 4 95
143 7 5 92
143 7 6 90
143 7 7 98
143 7 10 89
144 4 0 63
144 4 1 67
144 4 2 67
144 4 3 62
144 4 6 63
144 4 7 63
144 4 9 65
144 4 11 68
144 5 0 67
144 5 1 71
144 5 2 71
144 5 3 66
144 5 4 67
144 5 6 67
144 5 8 69
144 5 11 72
144 6 0 67
144 6 1 71
144 6 2 71
144 6 3 66
144 6 4 67
144 6 5 67
144 6 6 69
144 6 9 72
144 8 0 62
144 8 1 66
144 8 2 66
144 8 4 61
144 8 6 62
144 8 7 62
144 8 10 64
144 8 11 67
144 11 0 63
144 11 1 67
144 11 2 67
144 11 3 62
144 11 4 63
144 11 5 63
144 11 6 65
144 11 8 68
145 4 0 68
145 4 1 72
145 4 2 72
145 4 3 67
145 4 6 68
145 4 7 68
145 4 9 70
145 4 11 73
145 8 0 72
145 8 1 73
145 8 2 76
145 8 4 78
145 8 6 69
145 8 7 65
145 8 10 68
145 8 11 75
145 11 0 72
145 11 1 73
145 11 2 76
145 11 3 78
145 11 4 69
145 11 5 65
145 11 6 68
145 11 8 75
146 1 2 13
146 1 3 13
146 1 4 14
146 1 5 14
146 1 8 12
146 1 9 11
146 1 10 12
146 1 11 13
146 2 0 13
146 2 2 13
146 2 3 14
146 2 5 14
146 2 6 12
146 2 7 11
146 2 8 12
146 2 10 13
146 13 0 14
146 13 2 14
146 13 3 15
146 13 5 15
146 13 6 13
146 13 8 12
146 13 9 13
146 13 10 14
146 14 0 14
146 14 1 14
146 14 3 15
146 14 5 15
146 14 6 13
146 14 7 12
146 14 9 13
146 14 10 14
147 1 2 95
147 1 3 89
147 1 4 89
147 1 5 92
147 1 8 87
147 1 9 95
147 1 10 81
147 1 11 80
147 11 0 89
147 11 1 83
147 11 2 83
147 11 3 86
147 11 4 81
147 11 5 89
147 11 6 75
147 11 8 74
147 14 0 89
147 14 1 83
147 14 3 83
147 14 5 86
147 14 6 81
147 14 7 89
147 14 9 75
147 14 10 74
148 3 0 71
148 3 2 72
148 3 3 75
148 3 4 77
148 3 5 68
148 3 7 64
148 3 8 67
148 3 10 74
148 6 0 72
148 6 1 73
148 6 2 76
148 6 3 78
148 6 4 69
148 6 5 65
148 6 6 68
148 6 9 75
148 11 0 75
148 11 1 76
148 11 2 79
148 11 3 81
148 11 4 72
148 11 5 68
148 11 6 71
148 11 8 78
148 14 0 77
148 14 1 78
148 14 3 81
148 14 5 83
148 14 6 74
148 14 7 70
148 14 9 73
148 14 10 80
149 6 0 92
149 6 1 90
149 6 2 94
149 6 3 93
149 6 4 90
149 6 5 88
149 6 6 96
149 6 9 87
149 7 0 95
149 7 1 89
149 7 2 89
149 7 4 92
149 7 5 87
149 7 6 95
149 7 7 81
149 7 10 80
149 10 0 95
149 10 1 89
149 10 2 89
149 10 5 92
149 10 6 87
149 10 8 95
149 10 9 81
149 10 11 80
149 11 0 89
149 11 1 87
149 11 2 91
149 11 3 90
149 11 4 87
149 11 5 85
149 11 6 93
149 11 8 84
149 13 0 93
149 13 2 87
149 13 3 87
149 13 5 90
149 13 6 85
149 13 8 93
149 13 9 79
149 13 10 78
150 4 0 48
150 4 1 46
150 4 2 50
150 4 3 49
150 4 6 46
150 4 7 44
150 4 9 42
150 4 11 43
150 5 0 46
150 5 1 44
150 5 2 48
150 5 3 47
150 5 4 44
150 5 6 42
150 5 8 40
150 5 11 41
150 11 0 50
150 11 1 48
150 11 2 52
150 11 3 51
150 11 4 48
150 11 5 46
150 11 6 44
150 11 8 45
150 14 0 49
150 14 1 47
150 14 3 51
150 14 5 50
150 14 6 47
150 14 7 45
150 14 9 43
150 14 10 44
151 3 0 13
151 3 2 13
151 3 3 14
151 3 4 14
151 3 5 12
151 3 7 11
151 3 8 12
151 3 10 13
151 9 0 13
151 9 1 13
151 9 2 14
151 9 3 14
151 9 4 12
151 9 8 11
151 9 9 12
151 9 10 13
151 10 0 14
151 10 1 14
151 10 2 15
151 10 5 15
151 10 6 13
151 10 8 12
151 10 9 13
151 10 11 14
151 11 0 14
151 11 1 14
151 11 2 15
151 11 3 15
151 11 4 13
151 11 5 12
151 11 6 13
151 11 8 14
152 0 0 34
152 0 1 34
152 0 3 36
152 0 4 37
152 0 5 32
152 0 6 30
152 0 7 32
152 0 9 35
152 2 0 34
152 2 2 34
152 2 3 36
152 2 5 37
152 2 6 32
152 2 7 30
152 2 8 32
152 2 10 35
152 7 0 36
152 7 1 36
152 7 2 38
152 7 4 39
152 7 5 34
152 7 6 32
152 7 7 34
152 7 10 37
152 12 0 37
152 12 1 37
152 12 2 39
152 12 3 40
152 12 4 35
152 12 7 33
152 12 8 35
152 12 10 38
152 14 0 32
152 14 1 32
152 14 3 34
152 14 5 35
152 14 6 30
152 14 7 28
152 14 9 30
152 14 10 33
153 0 0 93
153 0 1 87
153 0 3 87
153 0 4 90
153 0 5 85
153 0 6 93
153 0 7 79
153 0 9 78
153 1 2 87
153 1 3 81
153 1 4 81
153 1 5 84
153 1 8 79
153 1 9 87
153 1 10 73
153 1 11 72
153 3 0 87
153 3 2 81
153 3 3 81
153 3 4 84
153 3 5 79
153 3 7 87
153 3 8 73
153 3 10 72
153 5 0 90
153 5 1 84
153 5 2 84
153 5 3 87
153 5 4 82
153 5 6 90
153 5 8 76
153 5 11 75
153 9 0 79
153 9 1 80
153 9 2 83
153 9 3 85
153 9 4 76
153 9 8 72
153 9 9 75
153 9 10 82
154 5 0 75
154 5 1 76
154 5 2 79
154 5 3 81
154 5 4 72
154 5 6 68
154 5 8 71
154 5 11 78
154 11 0 76
154 11 1 77
154 11 2 80
154 11 3 82
154 11 4 73
154 11 5 69
154 11 6 72
154 11 8 79
154 13 0 79
154 13 2 80
154 13 3 83
154 13 5 85
154 13 6 76
154 13 8 72
154 13 9 75
154 13 10 82
155 1 2 89
155 1 3 87
155 1 4 91
155 1 5 90
155 1 8 87
155 1 9 85
155 1 10 93
155 1 11 84
155 5 0 82
155 5 1 82
155 5 2 87
155 5 3 90
155 5 4 81
155 5 6 87
155 5 8 84
155 5 11 84
155 7 0 91
155 7 1 89
155 7 2 93
155 7 4 92
155 7 5 89
155 7 6 87
155 7 7 95
155 7 10 86
155 9 0 90
155 9 1 88
155 9 2 92
155 9 3 91
155 9 4 88
155 9 8 86
155 9 9 94
155 9 10 85
156 3 0 94
156 3 2 88
156 3 3 88
156 3 4 91
156 3 5 86
156 3 7 94
156 3 8 80
156 3 10 79
156 11 0 92
156 11 1 86
156 11 2 86
156 11 3 89
156 11 4 84
156 11 5 92
156 11 6 78
156 11 8 77
156 14 0 82
156 14 1 82
156 14 3 87
156 14 5 90
156 14 6 81
156 14 7 87
156 14 9 84
156 14 10 84
157 0 0 92
157 0 1 90
157 0 3 94
157 0 4 93
157 0 5 90
157 0 6 88
157 0 7 96
157 0 9 87
157 5 0 95
157 5 1 89
157 5 2 89
157 5 3 92
157 5 4 87
157 5 6 95
157 5 8 81
157 5 11 80
157 8 0 95
157 8 1 89
157 8 2 89
157 8 4 92
157 8 6 87
157 8 7 95
157 8 10 81
157 8 11 80
157 9 0 89
157 9 1 87
157 9 2 91
157 9 3 90
157 9 4 87
157 9 8 85
157 9 9 93
157 9 10 84
157 10 0 93
157 10 1 87
157 10 2 87
157 10 5 90
157 10 6 85
157 10 8 93
157 10 9 79
157 10 11 78
158 4 0 36
158 4 1 36
158 4 2 38
158 4 3 39
158 4 6 34
158 4 7 32
158 4 9 34
158 4 11 37
158 8 0 36
158 8 1 36
158 8 2 38
158 8 4 39
158 8 6 34
158 8 7 32
158 8 10 34
158 8 11 37
158 12 0 38
158 12 1 38
158 12 2 40
158 12 3 41
158 12 4 36
158 12 7 34
158 12 8 36
158 12 10 39
159 4 0 27
159 4 1 27
159 4 2 27
159 4 3 24
159 4 6 25
159 4 7 27
159 4 9 25
159 4 11 24
159 7 0 31
159 7 1 31
159 7 2 33
159 7 4 34
159 7 5 29
159 7 6 27
159 7 7 29
159 7 10 32
159 8 0 31
159 8 1 31
159 8 2 33
159 8 4 34
159 8 6 29
159 8 7 27
159 8 10 29
159 8 11 32
160 0 0 74
160 0 1 75
160 0 3 78
160 0 4 80
160 0 5 71
160 0 6 67
160 0 7 70
160 0 9 77
160 5 0 75
160 5 1 76
160 5 2 79
160 5 3 81
160 5 4 72
160 5 6 68
160 5 8 71
160 5 11 78
160 9 0 78
160 9 1 79
160 9 2 82
160 9 3 84
160 9 4 75
160 9 8 71
160 9 9 74
160 9 10 81
161 2 0 88
161 2 2 86
161 2 3 90
161 2 5 89
161 2 6 86
161 2 7 84
161 2 8 92
161 2 10 83
161 4 0 91
161 4 1 85
161 4 2 85
161 4 3 88
161 4 6 83
161 4 7 91
161 4 9 77
161 4 11 76
161 7 0 91
161 7 1 85
161 7 2 85
161 7 4 88
161 7 5 83
161 7 6 91
161 7 7 77
161 7 10 76
161 8 0 94
161 8 1 88
161 8 2 88
161 8 4 91
161 8 6 86
161 8 7 94
161 8 10 80
161 8 11 79
161 11 0 89
161 11 1 83
161 11 2 83
161 11 3 86
161 11 4 81
161 11 5 89
161 11 6 75
161 11 8 74
162 6 0 31
162 6 1 31
162 6 2 33
162 6 3 34
162 6 4 29
162 6 5 27
162 6 6 29
162 6 9 32
162 11 0 31
162 11 1 31
162 11 2 33
162 11 3 34
162 11 4 29
162 11 5 27
162 11 6 29
162 11 8 32
162 13 0 33
162 13 2 33
162 13 3 35
162 13 5 36
162 13 6 31
162 13 8 29
162 13 9 31
162 13 10 34
163 6 0 61
163 6 1 65
163 6 2 65
163 6 3 60
163 6 4 61
163 6 5 61
163 6 6 63
163 6 9 66
163 8 0 65
163 8 1 69
163 8 2 69
163 8 4 64
163 8 6 65
163 8 7 65
163 8 10 67
163 8 11 70
163 11 0 65
163 11 1 69
163 11 2 69
163 11 3 64
163 11 4 65
163 11 5 65
163 11 6 67
163 11 8 70
164 1 2 91
164 1 3 89
164 1 4 93
164 1 5 92
164 1 8 89
164 1 9 87
164 1 10 95
164 1 11 86
164 6 0 94
164 6 1 88
164 6 2 88
164 6 3 91
164 6 4 86
164 6 5 94
164 6 6 80
164 6 9 79
164 8 0 94
164 8 1 88
164 8 2 88
164 8 4 91
164 8 6 86
164 8 7 94
164 8 10 80
164 8 11 79
164 12 0 88
164 12 1 86
164 12 2 90
164 12 3 89
164 12 4 86
164 12 7 84
164 12 8 92
164 12 10 83
164 14 0 92
164 14 1 86
164 14 3 86
164 14 5 89
164 14 6 84
164 14 7 92
164 14 9 78
164 14 10 77
165 0 0 51
165 0 1 49
165 0 3 53
165 0 4 52
165 0 5 49
165 0 6 47
165 0 7 45
165 0 9 46
165 7 0 49
165 7 1 47
165 7 2 51
165 7 4 50
165 7 5 47
165 7 6 45
165 7 7 43
165 7 10 44
165 12 0 48
165 12 1 54
165 12 2 54
165 12 3 45
165 12 4 46
165 12 7 48
165 12 8 52
165 12 10 51
165 13 0 47
165 13 2 54
165 13 3 53
165 13 5 49
165 13 6 47
165 13 8 51
165 13 9 49
165 13 10 48
166 2 0 75
166 2 2 76
166 2 3 79
166 2 5 81
166 2 6 72
166 2 7 68
166 2 8 71
166 2 10 78
166 3 0 76
166 3 2 77
166 3 3 80
166 3 4 82
166 3 5 73
166 3 7 69
166 3 8 72
166 3 10 79
166 11 0 79
166 11 1 80
166 11 2 83
166 11 3 85
166 11 4 76
166 11 5 72
166 11 6 75
166 11 8 82
167 7 0 74
167 7 1 75
167 7 2 78
167 7 4 80
167 7 5 71
167 7 6 67
167 7 7 70
167 7 10 77
167 11 0 75
167 11 1 76
167 11 2 79
167 11 3 81
167 11 4 72
167 11 5 68
167 11 6 71
167 11 8 78
167 12 0 78
167 12 1 79
167 12 2 82
167 12 3 84
167 12 4 75
167 12 7 71
167 12 8 74
167 12 10 81
168 8 0 44
168 8 1 42
168 8 2 46
168 8 4 45
168 8 6 42
168 8 7 40
168 8 10 38
168 8 11 39
168 11 0 36
168 11 1 36
168 11 2 38
168 11 3 39
168 11 4 34
168 11 5 32
168 11 6 34
168 11 8 37
168 13 0 36
168 13 2 36
168 13 3 38
168 13 5 39
168 13 6 34
168 13 8 32
168 13 9 34
168 13 10 37
169 0 0 49
169 0 1 47
169 0 3 51
169 0 4 50
169 0 5 47
169 0 6 45
169 0 7 43
169 0 9 44
169 2 0 47
169 2 2 45
169 2 3 49
169 2 5 48
169 2 6 45
169 2 7 43
169 2 8 41
169 2 10 42
169 6 0 51
169 6 1 49
169 6 2 53
169 6 3 52
169 6 4 49
169 6 5 47
169 6 6 45
169 6 9 46
169 8 0 50
169 8 1 48
169 8 2 52
169 8 4 51
169 8 6 48
169 8 7 46
169 8 10 44
169 8 11 45
170 0 0 47
170 0 1 54
170 0 3 53
170 0 4 49
170 0 5 47
170 0 6 51
170 0 7 49
170 0 9 48
170 8 0 50
170 8 1 48
170 8 2 52
170 8 4 51
170 8 6 48
170 8 7 46
170 8 10 44
170 8 11 45
170 9 0 49
170 9 1 55
170 9 2 55
170 9 3 46
170 9 4 47
170 9 8 49
170 9 9 53
170 9 10 52
170 14 0 48
170 14 1 54
170 14 3 54
170 14 5 45
170 14 6 46
170 14 7 48
170 14 9 52
170 14 10 51
171 5 0 88
171 5 1 86
171 5 2 90
171 5 3 89
171 5 4 86
171 5 6 84
171 5 8 92
171 5 11 83
171 6 0 95
171 6 1 89
171 6 2 89
171 6 3 92
171 6 4 87
171 6 5 95
171 6 6 81
171 6 9 80
171 7 0 90
171 7 1 88
171 7 2 92
171 7 4 91
171 7 5 88
171 7 6 86
171 7 7 94
171 7 10 85
171 8 0 89
171 8 1 87
171 8 2 91
171 8 4 90
171 8 6 87
171 8 7 85
171 8 10 93
171 8 11 84
172 3 0 82
172 3 2 82
172 3 3 87
172 3 4 90
172 3 5 81
172 3 7 87
172 3 8 84
172 3 10 84
172 10 0 94
172 10 1 88
172 10 2 88
172 10 5 91
172 10 6 86
172 10 8 94
172 10 9 80
172 10 11 79
172 13 0 89
172 13 2 87
172 13 3 91
172 13 5 90
172 13 6 87
172 13 8 85
172 13 9 93
172 13 10 84
173 1 2 62
173 1 3 66
173 1 4 66
173 1 5 61
173 1 8 62
173 1 9 62
173 1 10 64
173 1 11 67
173 2 0 66
173 2 2 70
173 2 3 70
173 2 5 65
173 2 6 66
173 2 7 66
173 2 8 68
173 2 10 71
173 3 0 66
173 3 2 70
173 3 3 70
173 3 4 65
173 3 5 66
173 3 7 66
173 3 8 68
173 3 10 71
174 6 0 31
174 6 1 31
174 6 2 33
174 6 3 34
174 6 4 29
174 6 5 27
174 6 6 29
174 6 9 32
174 11 0 31
174 11 1 31
174 11 2 33
174 11 3 34
174 11 4 29
174 11 5 27
174 11 6 29
174 11 8 32
174 13 0 33
174 13 2 33
174 13 3 35
174 13 5 36
174 13 6 31
174 13 8 29
174 13 9 31
174 13 10 34
175 6 0 91
175 6 1 89
175 6 2 93
175 6 3 92
175 6 4 89
175 6 5 87
175 6 6 95
175 6 9 86
175 9 0 89
175 9 1 87
175 9 2 91
175 9 3 90
175 9 4 87
175 9 8 85
175 9 9 93
175 9 10 84
175 10 0 93
175 10 1 91
175 10 2 95
175 10 5 94
175 10 6 91
175 10 8 89
175 10 9 97
175 10 11 88
176 0 0 51
176 0 1 49
176 0 3 53
176 0 4 52
176 0 5 49
176 0 6 47
176 0 7 45
176 0 9 46
176 11 0 49
176 11 1 47
176 11 2 51
176 11 3 50
176 11 4 47
176 11 5 45
176 11 6 43
176 11 8 44
176 12 0 48
176 12 1 54
176 12 2 54
176 12 3 45
176 12 4 46
176 12 7 48
176 12 8 52
176 12 10 51
177 0 0 92
177 0 1 90
177 0 3 94
177 0 4 93
177 0 5 90
177 0 6 88
177 0 7 96
177 0 9 87
177 2 0 95
177 2 2 89
177 2 3 89
177 2 5 92
177 2 6 87
177 2 7 95
177 2 8 81
177 2 10 80
177 7 0 95
177 7 1 89
177 7 2 89
177 7 4 92
177 7 5 87
177 7 6 95
177 7 7 81
177 7 10 80
177 11 0 89
177 11 1 87
177 11 2 91
177 11 3 90
177 11 4 87
177 11 5 85
177 11 6 93
177 11 8 84
178 3 0 15
178 3 2 15
178 3 3 16
178 3 4 16
178 3 5 14
178 3 7 13
178 3 8 14
178 3 10 15
178 10 0 15
178 10 1 15
178 10 2 16
178 10 5 16
178 10 6 14
178 10 8 13
178 10 9 14
178 10 11 15
178 13 0 16
178 13 2 16
178 13 3 17
178 13 5 17
178 13 6 15
178 13 8 14
178 13 9 15
178 13 10 16
179 0 0 66
179 0 1 70
179 0 3 70
179 0 4 65
179 0 5 66
179 0 6 66
179 0 7 68
179 0 9 71
179 8 0 75
179 8 1 63
179 8 2 72
179 8 4 66
179 8 6 73
179 8 7 66
179 8 10 64
179 8 11 75
179 10 0 75
179 10 1 63
179 10 2 72
179 10 5 66
179 10 6 73
179 10 8 66
179 10 9 64
179 10 11 75
179 11 0 65
179 11 1 69
179 11 2 69
179 11 3 64
179 11 4 65
179 11 5 65
179 11 6 67
179 11 8 70
179 13 0 66
179 13 2 70
179 13 3 70
179 13 5 65
179 13 6 66
179 13 8 66
179 13 9 68
179 13 10 71
180 6 0 14
180 6 1 14
180 6 2 15
180 6 3 15
180 6 4 13
180 6 5 12
180 6 6 13
180 6 9 14
180 7 0 14
180 7 1 14
180 7 2 15
180 7 4 15
180 7 5 13
180 7 6 12
180 7 7 13
180 7 10 14
180 13 0 15
180 13 2 15
180 13 3 16
180 13 5 16
180 13 6 14
180 13 8 13
180 13 9 14
180 13 10 15
180 14 0 15
180 14 1 15
180 14 3 16
180 14 5 16
180 14 6 14
180 14 7 13
180 14 9 14
180 14 10 15
181 5 0 63
181 5 1 67
181 5 2 67
181 5 3 62
181 5 4 63
181 5 6 63
181 5 8 65
181 5 11 68
181 12 0 67
181 12 1 71
181 12 2 71
181 12 3 66
181 12 4 67
181 12 7 67
181 12 8 69
181 12 10 72
181 13 0 67
181 13 2 71
181 13 3 71
181 13 5 66
181 13 6 67
181 13 8 67
181 13 9 69
181 13 10 72
182 2 0 22
182 2 2 22
182 2 3 22
182 2 5 19
182 2 6 20
182 2 7 22
182 2 8 20
182 2 10 19
182 7 0 22
182 7 1 22
182 7 2 22
182 7 4 19
182 7 5 20
182 7 6 22
182 7 7 20
182 7 10 19
182 9 0 22
182 9 1 22
182 9 2 22
182 9 3 19
182 9 4 20
182 9 8 22
182 9 9 20
182 9 10 19
183 2 0 50
183 2 2 56
183 2 3 56
183 2 5 47
183 2 6 48
183 2 7 50
183 2 8 54
183 2 10 53
183 3 0 56
183 3 2 62
183 3 3 62
183 3 4 53
183 3 5 54
183 3 7 56
183 3 8 60
183 3 10 59
183 14 0 56
183 14 1 62
183 14 3 62
183 14 5 53
183 14 6 54
183 14 7 56
183 14 9 60
183 14 10 59
184 2 0 67
184 2 2 71
184 2 3 71
184 2 5 66
184 2 6 67
184 2 7 67
184 2 8 69
184 2 10 72
184 7 0 71
184 7 1 72
184 7 2 75
184 7 4 77
184 7 5 68
184 7 6 64
184 7 7 67
184 7 10 74
184 11 0 71
184 11 1 72
184 11 2 75
184 11 3 77
184 11 4 68
184 11 5 64
184 11 6 67
184 11 8 74
185 3 0 94
185 3 2 88
185 3 3 88
185 3 4 91
185 3 5 86
185 3 7 94
185 3 8 80
185 3 10 79
185 6 0 88
185 6 1 82
185 6 2 82
185 6 3 85
185 6 4 80
185 6 5 88
185 6 6 74
185 6 9 73
185 7 0 88
185 7 1 82
185 7 2 82
185 7 4 85
185 7 5 80
185 7 6 88
185 7 7 74
185 7 10 73
185 10 0 91
185 10 1 85
185 10 2 85
185 10 5 88
185 10 6 83
185 10 8 91
185 10 9 77
185 10 11 76
185 14 0 80
185 14 1 79
185 14 3 86
185 14 5 72
185 14 6 77
185 14 7 77
185 14 9 87
185 14 10 78
186 4 0 92
186 4 1 90
186 4 2 94
186 4 3 93
186 4 6 90
186 4 7 88
186 4 9 96
186 4 11 87
186 9 0 90
186 9 1 88
186 9 2 92
186 9 3 91
186 9 4 88
186 9 8 86
186 9 9 94
186 9 10 85
186 11 0 94
186 11 1 92
186 11 2 96
186 11 3 95
186 11 4 92
186 11 5 90
186 11 6 98
186 11 8 89
187 0 0 90
187 0 1 88
187 0 3 92
187 0 4 91
187 0 5 88
187 0 6 86
187 0 7 94
187 0 9 85
187 5 0 93
187 5 1 87
187 5 2 87
187 5 3 90
187 5 4 85
187 5 6 93
187 5 8 79
187 5 11 78
187 11 0 93
187 11 1 87
187 11 2 87
187 11 3 90
187 11 4 85
187 11 5 93
187 11 6 79
187 11 8 78
188 2 0 61
188 2 2 65
188 2 3 65
188 2 5 60
188 2 6 61
188 2 7 61
188 2 8 63
188 2 10 66
188 3 0 65
188 3 2 69
188 3 3 69
188 3 4 64
188 3 5 65
188 3 7 65
188 3 8 67
188 3 10 70
188 6 0 65
188 6 1 69
188 6 2 69
188 6 3 64
188 6 4 65
188 6 5 65
188 6 6 67
188 6 9 70
188 7 0 59
188 7 1 63
188 7 2 55
188 7 4 65
188 7 5 64
188 7 6 62
188 7 7 64
188 7 10 62
188 12 0 61
188 12 1 65
188 12 2 65
188 12 3 60
188 12 4 61
188 12 7 61
188 12 8 63
188 12 10 66
189 3 0 44
189 3 2 42
189 3 3 46
189 3 4 45
189 3 5 42
189 3 7 40
189 3 8 38
189 3 10 39
189 4 0 36
189 4 1 36
189 4 2 38
189 4 3 39
189 4 6 34
189 4 7 32
189 4 9 34
189 4 11 37
189 5 0 36
189 5 1 36
189 5 2 38
189 5 3 39
189 5 4 34
189 5 6 32
189 5 8 34
189 5 11 37
189 8 0 39
189 8 1 39
189 8 2 41
189 8 4 42
189 8 6 37
189 8 7 35
189 8 10 37
189 8 11 40
189 10 0 45
189 10 1 43
189 10 2 47
189 10 5 46
189 10 6 43
189 10 8 41
189 10 9 39
189 10 11 40
190 4 0 25
190 4 1 25
190 4 2 25
190 4 3 22
190 4 6 23
190 4 7 25
190 4 9 23
190 4 11 22
190 7 0 25
190 7 1 25
190 7 2 25
190 7 4 22
190 7 5 23
190 7 6 25
190 7 7 23
190 7 10 22
190 9 0 25
190 9 1 25
190 9 2 25
190 9 3 22
190 9 4 23
190 9 8 25
190 9 9 23
190 9 10 22
190 11 0 22
190 11 1 22
190 11 2 22
190 11 3 19
190 11 4 20
190 11 5 22
190 11 6 20
190 11 8 19
191 0 0 92
191 0 1 90
191 0 3 94
191 0 4 93
191 0 5 90
191 0 6 88
191 0 7 96
191 0 9 87
191 2 0 90
191 2 2 88
191 2 3 92
191 2 5 91
191 2 6 88
191 2 7 86
191 2 8 94
191 2 10 85
191 7 0 94
191 7 1 92
191 7 2 96
191 7 4 95
191 7 5 92
191 7 6 90
191 7 7 98
191 7 10 89
191 11 0 93
191 11 1 91
191 11 2 95
191 11 3 94
191 11 4 91
191 11 5 89
191 11 6 97
191 11 8 88
191 13 0 90
191 13 2 88
191 13 3 92
191 13 5 91
191 13 6 88
191 13 8 86
191 13 9 94
191 13 10 85
192 5 0 49
192 5 1 55
192 5 2 55
192 5 3 46
192 5 4 47
192 5 6 49
192 5 8 53
192 5 11 52
192 6 0 55
192 6 1 61
192 6 2 61
192 6 3 52
192 6 4 53
192 6 5 55
192 6 6 59
192 6 9 58
192 9 0 55
192 9 1 61
192 9 2 61
192 9 3 52
192 9 4 53
192 9 8 55
192 9 9 59
192 9 10 58
192 10 0 51
192 10 1 49
192 10 2 53
192 10 5 52
192 10 6 49
192 10 8 47
192 10 9 45
192 10 11 46
192 13 0 47
192 13 2 54
192 13 3 53
192 13 5 49
192 13 6 47
192 13 8 51
192 13 9 49
192 13 10 48
193 0 0 50
193 0 1 56
193 0 3 56
193 0 4 47
193 0 5 48
193 0 6 50
193 0 7 54
193 0 9 53
193 1 2 56
193 1 3 62
193 1 4 62
193 1 5 53
193 1 8 54
193 1 9 56
193 1 10 60
193 1 11 59
193 5 0 56
193 5 1 62
193 5 2 62
193 5 3 53
193 5 4 54
193 5 6 56
193 5 8 60
193 5 11 59
193 9 0 47
193 9 1 54
193 9 2 53
193 9 3 49
193 9 4 47
193 9 8 51
193 9 9 49
193 9 10 48
193 10 0 48
193 10 1 54
193 10 2 54
193 10 5 45
193 10 6 46
193 10 8 48
193 10 9 52
193 10 11 51
194 2 0 68
194 2 2 72
194 2 3 72
194 2 5 67
194 2 6 68
194 2 7 68
194 2 8 70
194 2 10 73
194 8 0 72
194 8 1 73
194 8 2 76
194 8 4 78
194 8 6 69
194 8 7 65
194 8 10 68
194 8 11 75
194 12 0 72
194 12 1 73
194 12 2 76
194 12 3 78
194 12 4 69
194 12 7 65
194 12 8 68
194 12 10 75
194 13 0 67
194 13 2 71
194 13 3 71
194 13 5 66
194 13 6 67
194 13 8 67
194 13 9 69
194 13 10 72
194 14 0 68
194 14 1 72
194 14 3 72
194 14 5 67
194 14 6 68
194 14 7 68
194 14 9 70
194 14 10 73
195 4 0 34
195 4 1 34
195 4 2 36
195 4 3 37
195 4 6 32
195 4 7 30
195 4 9 32
195 4 11 35
195 5 0 34
195 5 1 34
195 5 2 36
195 5 3 37
195 5 4 32
195 5 6 30
195 5 8 32
195 5 11 35
195 8 0 36
195 8 1 36
195 8 2 38
195 8 4 39
195 8 6 34
195 8 7 32
195 8 10 34
195 8 11 37
196 1 2 95
196 1 3 89
196 1 4 89
196 1 5 92
196 1 8 87
196 1 9 95
196 1 10 81
196 1 11 80
196 9 0 93
196 9 1 87
196 9 2 87
196 9 3 90
196 9 4 85
196 9 8 93
196 9 9 79
196 9 10 78
196 10 0 88
196 10 1 86
196 10 2 90
196 10 5 89
196 10 6 86
196 10 8 84
196 10 9 92
196 10 11 83
196 14 0 82
196 14 1 82
196 14 3 87
196 14 5 90
196 14 6 81
196 14 7 87
196 14 9 84
196 14 10 84
197 5 0 51
197 5 1 57
197 5 2 57
197 5 3 48
197 5 4 49
197 5 6 51
197 5 8 55
197 5 11 54
197 8 0 59
197 8 1 63
197 8 2 55
197 8 4 65
197 8 6 64
197 8 7 62
197 8 10 64
197 8 11 62
197 12 0 59
197 12 1 63
197 12 2 55
197 12 3 65
197 12 4 64
197 12 7 62
197 12 8 64
197 12 10 62
198 0 0 32
198 0 1 32
198 0 3 34
198 0 4 35
198 0 5 30
198 0 6 28
198 0 7 30
198 0 9 33
198 1 2 32
198 1 3 32
198 1 4 34
198 1 5 35
198 1 8 30
198 1 9 28
198 1 10 30
198 1 11 33
198 2 0 34
198 2 2 34
198 2 3 36
198 2 5 37
198 2 6 32
198 2 7 30
198 2 8 32
198 2 10 35
199 1 2 88
199 1 3 86
199 1 4 90
199 1 5 89
199 1 8 86
199 1 9 84
199 1 10 92
199 1 11 83
199 4 0 91
199 4 1 85
199 4 2 85
199 4 3 88
199 4 6 83
199 4 7 91
199 4 9 77
199 4 11 76
199 5 0 91
199 5 1 85
199 5 2 85
199 5 3 88
199 5 4 83
199 5 6 91
199 5 8 77
199 5 11 76
199 8 0 94
199 8 1 88
199 8 2 88
199 8 4 91
199 8 6 86
199 8 7 94
199 8 10 80
199 8 11 79
199 9 0 89
199 9 1 83
199 9 2 83
199 9 3 86
199 9 4 81
199 9 8 89
199 9 9 75
199 9 10 74
200 0 0 37
200 0 1 37
200 0 3 39
200 0 4 40
200 0 5 35
200 0 6 33
200 0 7 35
200 0 9 38
200 6 0 37
200 6 1 37
200 6 2 39
200 6 3 40
200 6 4 35
200 6 5 33
200 6 6 35
200 6 9 38
200 7 0 39
200 7 1 39
200 7 2 41
200 7 4 42
200 7 5 37
200 7 6 35
200 7 7 37
200 7 10 40
200 10 0 42
200 10 1 36
200 10 2 36
200 10 5 39
200 10 6 43
200 10 8 42
200 10 9 37
200 10 11 36
200 12 0 35
200 12 1 35
200 12 2 37
200 12 3 38
200 12 4 33
200 12 7 31
200 12 8 33
200 12 10 36
201 0 0 15
201 0 1 15
201 0 3 16
201 0 4 16
201 0 5 14
201 0 6 13
201 0 7 14
201 0 9 15
201 1 2 15
201 1 3 15
201 1 4 16
201 1 5 16
201 1 8 14
201 1 9 13
201 1 10 14
201 1 11 15
201 7 0 16
201 7 1 16
201 7 2 17
201 7 4 17
201 7 5 15
201 7 6 14
201 7 7 15
201 7 10 16
201 8 0 16
201 8 1 16
201 8 2 17
201 8 4 17
201 8 6 15
201 8 7 14
201 8 10 15
201 8 11 16
201 10 0 14
201 10 1 14
201 10 2 15
201 10 5 15
201 10 6 13
201 10 8 12
201 10 9 13
201 10 11 14
202 4 0 29
202 4 1 29
202 4 2 29
202 4 3 26
202 4 6 27
202 4 7 29
202 4 9 27
202 4 11 26
202 5 0 29
202 5 1 29
202 5 2 29
202 5 3 26
202 5 4 27
202 5 6 29
202 5 8 27
202 5 11 26
202 9 0 29
202 9 1 29
202 9 2 29
202 9 3 26
202 9 4 27
202 9 8 29
202 9 9 27
202 9 10 26
202 11 0 26
202 11 1 26
202 11 2 26
202 11 3 23
202 11 4 24
202 11 5 26
202 11 6 24
202 11 8 23
203 1 2 36
203 1 3 36
203 1 4 38
203 1 5 39
203 1 8 34
203 1 9 32
203 1 10 34
203 1 11 37
203 4 0 36
203 4 1 36
203 4 2 38
203 4 3 39
203 4 6 34
203 4 7 32
203 4 9 34
203 4 11 37
203 13 0 38
203 13 2 38
203 13 3 40
203 13 5 41
203 13 6 36
203 13 8 34
203 13 9 36
203 13 10 39
203 14 0 39
203 14 1 39
203 14 3 41
203 14 5 42
203 14 6 37
203 14 7 35
203 14 9 37
203 14 10 40
204 4 0 27
204 4 1 27
204 4 2 27
204 4 3 24
204 4 6 25
204 4 7 27
204 4 9 25
204 4 11 24
204 5 0 27
204 5 1 27
204 5 2 27
204 5 3 24
204 5 4 25
204 5 6 27
204 5 8 25
204 5 11 24
204 13 0 27
204 13 2 27
204 13 3 27
204 13 5 24
204 13 6 25
204 13 8 27
204 13 9 25
204 13 10 24
204 14 0 24
204 14 1 24
204 14 3 24
204 14 5 21
204 14 6 22
204 14 7 24
204 14 9 22
204 14 10 21
205 1 2 32
205 1 3 32
205 1 4 34
205 1 5 35
205 1 8 30
205 1 9 28
205 1 10 30
205 1 11 33
205 3 0 32
205 3 2 32
205 3 3 34
205 3 4 35
205 3 5 30
205 3 7 28
205 3 8 30
205 3 10 33
205 7 0 34
205 7 1 34
205 7 2 36
205 7 4 37
205 7 5 32
205 7 6 30
205 7 7 32
205 7 10 35
205 8 0 35
205 8 1 35
205 8 2 37
205 8 4 38
205 8 6 33
205 8 7 31
205 8 10 33
205 8 11 36
206 0 0 37
206 0 1 37
206 0 3 39
206 0 4 40
206 0 5 35
206 0 6 33
206 0 7 35
206 0 9 38
206 2 0 37
206 2 2 37
206 2 3 39
206 2 5 40
206 2 6 35
206 2 7 33
206 2 8 35
206 2 10 38
206 9 0 39
206 9 1 39
206 9 2 41
206 9 3 42
206 9 4 37
206 9 8 35
206 9 9 37
206 9 10 40
206 13 0 42
206 13 2 36
206 13 3 36
206 13 5 39
206 13 6 43
206 13 8 42
206 13 9 37
206 13 10 36
207 1 2 48
207 1 3 54
207 1 4 54
207 1 5 45
207 1 8 46
207 1 9 48
207 1 10 52
207 1 11 51
207 2 0 54
207 2 2 60
207 2 3 60
207 2 5 51
207 2 6 52
207 2 7 54
207 2 8 58
207 2 10 57
207 6 0 54
207 6 1 60
207 6 2 60
207 6 3 51
207 6 4 52
207 6 5 54
207 6 6 58
207 6 9 57
208 4 0 88
208 4 1 86
208 4 2 90
208 4 3 89
208 4 6 86
208 4 7 84
208 4 9 92
208 4 11 83
208 11 0 91
208 11 1 85
208 11 2 85
208 11 3 88
208 11 4 83
208 11 5 91
208 11 6 77
208 11 8 76
208 12 0 91
208 12 1 85
208 12 2 85
208 12 3 88
208 12 4 83
208 12 7 91
208 12 8 77
208 12 10 76
209 0 0 31
209 0 1 31
209 0 3 33
209 0 4 34
209 0 5 29
209 0 6 27
209 0 7 29
209 0 9 32
209 1 2 31
209 1 3 31
209 1 4 33
209 1 5 34
209 1 8 29
209 1 9 27
209 1 10 29
209 1 11 32
209 2 0 33
209 2 2 33
209 2 3 35
209 2 5 36
209 2 6 31
209 2 7 29
209 2 8 31
209 2 10 34
209 11 0 34
209 11 1 34
209 11 2 36
209 11 3 37
209 11 4 32
209 11 5 30
209 11 6 32
209 11 8 35
209 12 0 29
209 12 1 29
209 12 2 29
209 12 3 26
209 12 4 27
209 12 7 29
209 12 8 27
209 12 10 26
210 0 0 49
210 0 1 47
210 0 3 51
210 0 4 50
210 0 5 47
210 0 6 45
210 0 7 43
210 0 9 44
210 4 0 51
210 4 1 57
210 4 2 57
210 4 3 48
210 4 6 49
210 4 7 51
210 4 9 55
210 4 11 54
210 5 0 50
210 5 1 56
210 5 2 56
210 5 3 47
210 5 4 48
210 5 6 50
210 5 8 54
210 5 11 53
210 10 0 51
210 10 1 49
210 10 2 53
210 10 5 52
210 10 6 49
210 10 8 47
210 10 9 45
210 10 11 46
211 6 0 94
211 6 1 88
211 6 2 88
211 6 3 91
211 6 4 86
211 6 5 94
211 6 6 80
211 6 9 79
211 7 0 92
211 7 1 86
211 7 2 86
211 7 4 89
211 7 5 84
211 7 6 92
211 7 7 78
211 7 10 77
211 12 0 82
211 12 1 82
211 12 2 87
211 12 3 90
211 12 4 81
211 12 7 87
211 12 8 84
211 12 10 84
212 2 0 62
212 2 2 66
212 2 3 66
212 2 5 61
212 2 6 62
212 2 7 62
212 2 8 64
212 2 10 67
212 3 0 66
212 3 2 70
212 3 3 70
212 3 4 65
212 3 5 66
212 3 7 66
212 3 8 68
212 3 10 71
212 7 0 66
212 7 1 70
212 7 2 70
212 7 4 65
212 7 5 66
212 7 6 66
212 7 7 68
212 7 10 71
212 9 0 61
212 9 1 65
212 9 2 65
212 9 3 60
212 9 4 61
212 9 8 61
212 9 9 63
212 9 10 66
212 11 0 62
212 11 1 66
212 11 2 66
212 11 3 61
212 11 4 62
212 11 5 62
212 11 6 64
212 11 8 67
213 2 0 26
213 2 2 26
213 2 3 26
213 2 5 23
213 2 6 24
213 2 7 26
213 2 8 24
213 2 10 23
213 5 0 26
213 5 1 26
213 5 2 26
213 5 3 23
213 5 4 24
213 5 6 26
213 5 8 24
213 5 11 23
213 8 0 26
213 8 1 26
213 8 2 26
213 8 4 23
213 8 6 24
213 8 7 26
213 8 10 24
213 8 11 23
213 13 0 23
213 13 2 23
213 13 3 23
213 13 5 20
213 13 6 21
213 13 8 23
213 13 9 21
213 13 10 20
213 14 0 24
213 14 1 24
213 14 3 24
213 14 5 21
213 14 6 22
213 14 7 24
213 14 9 22
213 14 10 21
214 2 0 76
214 2 2 77
214 2 3 80
214 2 5 82
214 2 6 73
214 2 7 69
214 2 8 72
214 2 10 79
214 4 0 77
214 4 1 78
214 4 2 81
214 4 3 83
214 4 6 74
214 4 7 70
214 4 9 73
214 4 11 80
214 11 0 80
214 11 1 79
214 11 2 86
214 11 3 72
214 11 4 77
214 11 5 77
214 11 6 87
214 11 8 78
215 3 0 22
215 3 2 22
215 3 3 22
215 3 4 19
215 3 5 20
215 3 7 22
215 3 8 20
215 3 10 19
215 9 0 22
215 9 1 22
215 9 2 22
215 9 3 19
215 9 4 20
215 9 8 22
215 9 9 20
215 9 10 19
215 10 0 22
215 10 1 22
215 10 2 22
215 10 5 19
215 10 6 20
215 10 8 22
215 10 9 20
215 10 11 19
215 11 0 19
215 11 1 19
215 11 2 20
215 11 3 20
215 11 4 18
215 11 5 17
215 11 6 18
215 11 8 19
215 13 0 20
215 13 2 18
215 13 3 22
215 13 5 21
215 13 6 18
215 13 8 21
215 13 9 19
215 13 10 20
216 8 0 90
216 8 1 88
216 8 2 92
216 8 4 91
216 8 6 88
216 8 7 86
216 8 10 94
216 8 11 85
216 10 0 93
216 10 1 87
216 10 2 87
216 10 5 90
216 10 6 85
216 10 8 93
216 10 9 79
216 10 11 78
216 11 0 93
216 11 1 87
216 11 2 87
216 11 3 90
216 11 4 85
216 11 5 93
216 11 6 79
216 11 8 78
217 0 0 27
217 0 1 27
217 0 3 27
217 0 4 24
217 0 5 25
217 0 6 27
217 0 7 25
217 0 9 24
217 4 0 27
217 4 1 27
217 4 2 27
217 4 3 24
217 4 6 25
217 4 7 27
217 4 9 25
217 4 11 24
217 6 0 27
217 6 1 27
217 6 2 27
217 6 3 24
217 6 4 25
217 6 5 27
217 6 6 25
217 6 9 24
217 12 0 24
217 12 1 24
217 12 2 24
217 12 3 21
217 12 4 22
217 12 7 24
217 12 8 22
217 12 10 21
217 14 0 25
217 14 1 25
217 14 3 25
217 14 5 22
217 14 6 23
217 14 7 25
217 14 9 23
217 14 10 22
218 0 0 64
218 0 1 68
218 0 3 68
218 0 4 63
218 0 5 64
218 0 6 64
218 0 7 66
218 0 9 69
218 2 0 68
218 2 2 72
218 2 3 72
218 2 5 67
218 2 6 68
218 2 7 68
218 2 8 70
218 2 10 73
218 9 0 68
218 9 1 72
218 9 2 72
218 9 3 67
218 9 4 68
218 9 8 68
218 9 9 70
218 9 10 73
218 11 0 63
218 11 1 67
218 11 2 67
218 11 3 62
218 11 4 63
218 11 5 63
218 11 6 65
218 11 8 68
218 14 0 64
218 14 1 68
218 14 3 68
218 14 5 63
218 14 6 64
218 14 7 64
218 14 9 66
218 14 10 69
219 1 2 22
219 1 3 22
219 1 4 22
219 1 5 19
219 1 8 20
219 1 9 22
219 1 10 20
219 1 11 19
219 3 0 22
219 3 2 22
219 3 3 22
219 3 4 19
219 3 5 20
219 3 7 22
219 3 8 20
219 3 10 19
219 10 0 22
219 10 1 22
219 10 2 22
219 10 5 19
219 10 6 20
219 10 8 22
219 10 9 20
219 10 11 19
220 0 0 32
220 0 1 32
220 0 3 34
220 0 4 35
220 0 5 30
220 0 6 28
220 0 7 30
220 0 9 33
220 7 0 32
220 7 1 32
220 7 2 34
220 7 4 35
220 7 5 30
220 7 6 28
220 7 7 30
220 7 10 33
220 8 0 34
220 8 1 34
220 8 2 36
220 8 4 37
220 8 6 32
220 8 7 30
220 8 10 32
220 8 11 35
221 8 0 82
221 8 1 82
221 8 2 87
221 8 4 90
221 8 6 81
221 8 7 87
221 8 10 84
221 8 11 84
221 11 0 94
221 11 1 88
221 11 2 88
221 11 3 91
221 11 4 86
221 11 5 94
221 11 6 80
221 11 8 79
221 13 0 89
221 13 2 87
221 13 3 91
221 13 5 90
221 13 6 87
221 13 8 85
221 13 9 93
221 13 10 84
221 14 0 88
221 14 1 86
221 14 3 90
221 14 5 89
221 14 6 86
221 14 7 84
221 14 9 92
221 14 10 83
222 0 0 64
222 0 1 68
222 0 3 68
222 0 4 63
222 0 5 64
222 0 6 64
222 0 7 66
222 0 9 69
222 4 0 68
222 4 1 72
222 4 2 72
222 4 3 67
222 4 6 68
222 4 7 68
222 4 9 70
222 4 11 73
222 11 0 68
222 11 1 72
222 11 2 72
222 11 3 67
222 11 4 68
222 11 5 68
222 11 6 70
222 11 8 73
223 1 2 26
223 1 3 26
223 1 4 26
223 1 5 23
223 1 8 24
223 1 9 26
223 1 10 24
223 1 11 23
223 5 0 26
223 5 1 26
223 5 2 26
223 5 3 23
223 5 4 24
223 5 6 26
223 5 8 24
223 5 11 23
223 9 0 26
223 9 1 26
223 9 2 26
223 9 3 23
223 9 4 24
223 9 8 26
223 9 9 24
223 9 10 23
223 14 0 23
223 14 1 23
223 14 3 23
223 14 5 20
223 14 6 21
223 14 7 23
223 14 9 21
223 14 10 20
224 0 0 21
224 0 1 21
224 0 3 21
224 0 4 18
224 0 5 19
224 0 6 21
224 0 7 19
224 0 9 18
224 4 0 21
224 4 1 21
224 4 2 21
224 4 3 18
224 4 6 19
224 4 7 21
224 4 9 19
224 4 11 18
224 9 0 21
224 9 1 21
224 9 2 21
224 9 3 18
224 9 4 19
224 9 8 21
224 9 9 19
224 9 10 18
224 11 0 18
224 11 1 18
224 11 2 19
224 11 3 19
224 11 4 17
224 11 5 16
224 11 6 17
224 11 8 18
224 14 0 19
224 14 1 19
224 14 3 20
224 14 5 20
224 14 6 18
224 14 7 17
224 14 9 18
224 14 10 19
225 1 2 35
225 1 3 35
225 1 4 37
225 1 5 38
225 1 8 33
225 1 9 31
225 1 10 33
225 1 11 36
225 9 0 35
225 9 1 35
225 9 2 37
225 9 3 38
225 9 4 33
225 9 8 31
225 9 9 33
225 9 10 36
225 14 0 37
225 14 1 37
225 14 3 39
225 14 5 40
225 14 6 35
225 14 7 33
225 14 9 35
225 14 10 38
226 1 2 74
226 1 3 75
226 1 4 78
226 1 5 80
226 1 8 71
226 1 9 67
226 1 10 70
226 1 11 77
226 2 0 75
226 2 2 76
226 2 3 79
226 2 5 81
226 2 6 72
226 2 7 68
226 2 8 71
226 2 10 78
226 7 0 78
226 7 1 79
226 7 2 82
226 7 4 84
226 7 5 75
226 7 6 71
226 7 7 74
226 7 10 81
226 11 0 80
226 11 1 79
226 11 2 86
226 11 3 72
226 11 4 77
226 11 5 77
226 11 6 87
226 11 8 78
226 12 0 71
226 12 1 72
226 12 2 75
226 12 3 77
226 12 4 68
226 12 7 64
226 12 8 67
226 12 10 74
227 4 0 90
227 4 1 88
227 4 2 92
227 4 3 91
227 4 6 88
227 4 7 86
227 4 9 94
227 4 11 85
227 5 0 93
227 5 1 87
227 5 2 87
227 5 3 90
227 5 4 85
227 5 6 93
227 5 8 79
227 5 11 78
227 7 0 93
227 7 1 87
227 7 2 87
227 7 4 90
227 7 5 85
227 7 6 93
227 7 7 79
227 7 10 78
228 0 0 75
228 0 1 76
228 0 3 79
228 0 4 81
228 0 5 72
228 0 6 68
228 0 7 71
228 0 9 78
228 2 0 63
228 2 2 67
228 2 3 67
228 2 5 62
228 2 6 63
228 2 7 63
228 2 8 65
228 2 10 68
228 3 0 72
228 3 2 73
228 3 3 76
228 3 4 78
228 3 5 69
228 3 7 65
228 3 8 68
228 3 10 75
228 9 0 66
228 9 1 70
228 9 2 70
228 9 3 65
228 9 4 66
228 9 8 66
228 9 9 68
228 9 10 71
229 1 2 46
229 1 3 44
229 1 4 48
229 1 5 47
229 1 8 44
229 1 9 42
229 1 10 40
229 1 11 41
229 3 0 44
229 3 2 42
229 3 3 46
229 3 4 45
229 3 5 42
229 3 7 40
229 3 8 38
229 3 10 39
229 7 0 48
229 7 1 46
229 7 2 50
229 7 4 49
229 7 5 46
229 7 6 44
229 7 7 42
229 7 10 43
229 10 0 47
229 10 1 45
229 10 2 49
229 10 5 48
229 10 6 45
229 10 8 43
229 10 9 41
229 10 11 42
229 11 0 44
229 11 1 42
229 11 2 46
229 11 3 45
229 11 4 42
229 11 5 40
229 11 6 38
229 11 8 39
230 0 0 51
230 0 1 49
230 0 3 53
230 0 4 52
230 0 5 49
230 0 6 47
230 0 7 45
230 0 9 46
230 8 0 52
230 8 1 58
230 8 2 58
230 8 4 49
230 8 6 50
230 8 7 52
230 8 10 56
230 8 11 55
230 11 0 52
230 11 1 58
230 11 2 58
230 11 3 49
230 11 4 50
230 11 5 52
230 11 6 56
230 11 8 55
231 0 0 49
231 0 1 47
231 0 3 51
231 0 4 50
231 0 5 47
231 0 6 45
231 0 7 43
231 0 9 44
231 3 0 51
231 3 2 57
231 3 3 57
231 3 4 48
231 3 5 49
231 3 7 51
231 3 8 55
231 3 10 54
231 8 0 50
231 8 1 56
231 8 2 56
231 8 4 47
231 8 6 48
231 8 7 50
231 8 10 54
231 8 11 53
232 4 0 89
232 4 1 87
232 4 2 91
232 4 3 90
232 4 6 87
232 4 7 85
232 4 9 93
232 4 11 84
232 6 0 92
232 6 1 86
232 6 2 86
232 6 3 89
232 6 4 84
232 6 5 92
232 6 6 78
232 6 9 77
232 9 0 92
232 9 1 86
232 9 2 86
232 9 3 89
232 9 4 84
232 9 8 92
232 9 9 78
232 9 10 77
233 4 0 90
233 4 1 88
233 4 2 92
233 4 3 91
233 4 6 88
233 4 7 86
233 4 9 94
233 4 11 85
233 7 0 88
233 7 1 86
233 7 2 90
233 7 4 89
233 7 5 86
233 7 6 84
233 7 7 92
233 7 10 83
233 8 0 92
233 8 1 90
233 8 2 94
233 8 4 93
233 8 6 90
233 8 7 88
233 8 10 96
233 8 11 87
233 13 0 91
233 13 2 89
233 13 3 93
233 13 5 92
233 13 6 89
233 13 8 87
233 13 9 95
233 13 10 86
234 0 0 82
234 0 1 82
234 0 3 87
234 0 4 90
234 0 5 81
234 0 6 87
234 0 7 84
234 0 9 84
234 3 0 94
234 3 2 88
234 3 3 88
234 3 4 91
234 3 5 86
234 3 7 94
234 3 8 80
234 3 10 79
234 6 0 89
234 6 1 87
234 6 2 91
234 6 3 90
234 6 4 87
234 6 5 85
234 6 6 93
234 6 9 84
234 10 0 88
234 10 1 86
234 10 2 90
234 10 5 89
234 10 6 86
234 10 8 84
234 10 9 92
234 10 11 83
235 5 0 48
235 5 1 54
235 5 2 54
235 5 3 45
235 5 4 46
235 5 6 48
235 5 8 52
235 5 11 51
235 6 0 54
235 6 1 60
235 6 2 60
235 6 3 51
235 6 4 52
235 6 5 54
235 6 6 58
235 6 9 57
235 8 0 54
235 8 1 60
235 8 2 60
235 8 4 51
235 8 6 52
235 8 7 54
235 8 10 58
235 8 11 57
235 10 0 50
235 10 1 48
235 10 2 52
235 10 5 51
235 10 6 48
235 10 8 46
235 10 9 44
235 10 11 45
235 14 0 51
235 14 1 49
235 14 3 53
235 14 5 52
235 14 6 49
235 14 7 47
235 14 9 45
235 14 10 46
236 7 0 61
236 7 1 65
236 7 2 65
236 7 4 60
236 7 5 61
236 7 6 61
236 7 7 63
236 7 10 66
236 9 0 65
236 9 1 69
236 9 2 69
236 9 3 64
236 9 4 65
236 9 8 65
236 9 9 67
236 9 10 70
236 10 0 65
236 10 1 69
236 10 2 69
236 10 5 64
236 10 6 65
236 10 8 65
236 10 9 67
236 10 11 70
236 11 0 59
236 11 1 63
236 11 2 55
236 11 3 65
236 11 4 64
236 11 5 62
236 11 6 64
236 11 8 62
237 0 0 9
237 0 1 9
237 0 3 9
237 0 4 9
237 0 5 8
237 0 6 8
237 0 7 8
237 0 9 9
237 4 0 9
237 4 1 9
237 4 2 9
237 4 3 9
237 4 6 8
237 4 7 8
237 4 9 8
237 4 11 9
237 5 0 9
237 5 1 9
237 5 2 9
237 5 3 9
237 5 4 8
237 5 6 8
237 5 8 8
237 5 11 9
237 8 0 9
237 8 1 9
237 8 2 9
237 8 4 9
237 8 6 8
237 8 7 8
237 8 10 8
237 8 11 9
238 0 0 14
238 0 1 14
238 0 3 15
238 0 4 15
238 0 5 13
238 0 6 12
238 0 7 13
238 0 9 14
238 3 0 14
238 3 2 14
238 3 3 15
238 3 4 15
238 3 5 13
238 3 7 12
238 3 8 13
238 3 10 14
238 5 0 15
238 5 1 15
238 5 2 16
238 5 3 16
238 5 4 14
238 5 6 13
238 5 8 14
238 5 11 15
238 6 0 15
238 6 1 15
238 6 2 16
238 6 3 16
238 6 4 14
238 6 5 13
238 6 6 14
238 6 9 15
238 11 0 13
238 11 1 13
238 11 2 14
238 11 3 14
238 11 4 12
238 11 5 11
238 11 6 12
238 11 8 13
239 0 0 56
239 0 1 62
239 0 3 62
239 0 4 53
239 0 5 54
239 0 6 56
239 0 7 60
239 0 9 59
239 11 0 63
239 11 1 67
239 11 2 67
239 11 3 62
239 11 4 63
239 11 5 63
239 11 6 65
239 11 8 68
239 12 0 52
239 12 1 58
239 12 2 58
239 12 3 49
239 12 4 50
239 12 7 52
239 12 8 56
239 12 10 55
240 2 0 35
240 2 2 35
240 2 3 37
240 2 5 38
240 2 6 33
240 2 7 31
240 2 8 33
240 2 10 36
240 5 0 35
240 5 1 35
240 5 2 37
240 5 3 38
240 5 4 33
240 5 6 31
240 5 8 33
240 5 11 36
240 11 0 37
240 11 1 37
240 11 2 39
240 11 3 40
240 11 4 35
240 11 5 33
240 11 6 35
240 11 8 38
240 13 0 38
240 13 2 38
240 13 3 40
240 13 5 41
240 13 6 36
240 13 8 34
240 13 9 36
240 13 10 39
240 14 0 33
240 14 1 33
240 14 3 35
240 14 5 36
240 14 6 31
240 14 7 29
240 14 9 31
240 14 10 34
241 0 0 9
241 0 1 9
241 0 3 9
241 0 4 9
241 0 5 8
241 0 6 8
241 0 7 8
241 0 9 9
241 4 0 9
241 4 1 9
241 4 2 9
241 4 3 9
241 4 6 8
241 4 7 8
241 4 9 8
241 4 11 9
241 5 0 9
241 5 1 9
241 5 2 9
241 5 3 9
241 5 4 8
241 5 6 8
241 5 8 8
241 5 11 9
242 1 2 93
242 1 3 87
242 1 4 87
242 1 5 90
242 1 8 85
242 1 9 93
242 1 10 79
242 1 11 78
242 3 0 87
242 3 2 81
242 3 3 81
242 3 4 84
242 3 5 79
242 3 7 87
242 3 8 73
242 3 10 72
242 8 0 87
242 8 1 81
242 8 2 81
242 8 4 84
242 8 6 79
242 8 7 87
242 8 10 73
242 8 11 72
242 9 0 90
242 9 1 84
242 9 2 84
242 9 3 87
242 9 4 82
242 9 8 90
242 9 9 76
242 9 10 75
243 8 0 53
243 8 1 59
243 8 2 59
243 8 4 50
243 8 6 51
243 8 7 53
243 8 10 57
243 8 11 56
243 10 0 62
243 10 1 66
243 10 2 66
243 10 5 61
243 10 6 62
243 10 8 62
243 10 9 64
243 10 11 67
243 11 0 62
243 11 1 66
243 11 2 66
243 11 3 61
243 11 4 62
243 11 5 62
243 11 6 64
243 11 8 67
243 12 0 50
243 12 1 56
243 12 2 56
243 12 3 47
243 12 4 48
243 12 7 50
243 12 8 54
243 12 10 53
244 2 0 90
244 2 2 88
244 2 3 92
244 2 5 91
244 2 6 88
244 2 7 86
244 2 8 94
244 2 10 85
244 3 0 88
244 3 2 86
244 3 3 90
244 3 4 89
244 3 5 86
244 3 7 84
244 3 8 92
244 3 10 83
244 6 0 92
244 6 1 90
244 6 2 94
244 6 3 93
244 6 4 90
244 6 5 88
244 6 6 96
244 6 9 87
244 7 0 91
244 7 1 89
244 7 2 93
244 7 4 92
244 7 5 89
244 7 6 87
244 7 7 95
244 7 10 86
245 0 0 9
245 0 1 9
245 0 3 9
245 0 4 9
245 0 5 8
245 0 6 8
245 0 7 8
245 0 9 9
245 2 0 9
245 2 2 9
245 2 3 9
245 2 5 9
245 2 6 8
245 2 7 8
245 2 8 8
245 2 10 9
245 5 0 9
245 5 1 9
245 5 2 9
245 5 3 9
245 5 4 8
245 5 6 8
245 5 8 8
245 5 11 9
245 8 0 9
245 8 1 9
245 8 2 9
245 8 4 9
245 8 6 8
245 8 7 8
245 8 10 8
245 8 11 9
245 10 0 9
245 10 1 9
245 10 2 9
245 10 5 9
245 10 6 10
245 10 8 9
245 10 9 10
245 10 11 9
246 2 0 12
246 2 2 12
246 2 3 13
246 2 5 13
246 2 6 11
246 2 7 10
246 2 8 11
246 2 10 12
246 8 0 12
246 8 1 12
246 8 2 13
246 8 4 13
246 8 6 11
246 8 7 10
246 8 10 11
246 8 11 12
246 10 0 13
246 10 1 13
246 10 2 14
246 10 5 14
246 10 6 12
246 10 8 11
246 10 9 12
246 10 11 13
246 12 0 13
246 12 1 13
246 12 2 14
246 12 3 14
246 12 4 12
246 12 7 11
246 12 8 12
246 12 10 13
246 14 0 11
246 14 1 11
246 14 3 12
246 14 5 12
246 14 6 10
246 14 7 9
246 14 9 10
246 14 10 11
247 2 0 31
247 2 2 31
247 2 3 33
247 2 5 34
247 2 6 29
247 2 7 27
247 2 8 29
247 2 10 32
247 6 0 31
247 6 1 31
247 6 2 33
247 6 3 34
247 6 4 29
247 6 5 27
247 6 6 29
247 6 9 32
247 14 0 33
247 14 1 33
247 14 3 35
247 14 5 36
247 14 6 31
247 14 7 29
247 14 9 31
247 14 10 34
248 0 0 65
248 0 1 69
248 0 3 69
248 0 4 64
248 0 5 65
248 0 6 65
248 0 7 67
248 0 9 70
248 1 2 69
248 1 3 73
248 1 4 73
248 1 5 68
248 1 8 69
248 1 9 69
248 1 10 71
248 1 11 74
248 4 0 69
248 4 1 73
248 4 2 73
248 4 3 68
248 4 6 69
248 4 7 69
248 4 9 71
248 4 11 74
248 8 0 64
248 8 1 68
248 8 2 68
248 8 4 63
248 8 6 64
248 8 7 64
248 8 10 66
248 8 11 69
248 12 0 65
248 12 1 69
248 12 2 69
248 12 3 64
248 12 4 65
248 12 7 65
248 12 8 67
248 12 10 70
249 4 0 78
249 4 1 79
249 4 2 82
249 4 3 84
249 4 6 75
249 4 7 71
249 4 9 74
249 4 11 81
249 6 0 79
249 6 1 80
249 6 2 83
249 6 3 85
249 6 4 76
249 6 5 72
249 6 6 75
249 6 9 82
249 8 0 88
249 8 1 82
249 8 2 82
249 8 4 85
249 8 6 80
249 8 7 88
249 8 10 74
249 8 11 73
249 14 0 90
249 14 1 84
249 14 3 84
249 14 5 87
249 14 6 82
249 14 7 90
249 14 9 76
249 14 10 75
250 2 0 49
250 2 2 47
250 2 3 51
250 2 5 50
250 2 6 47
250 2 7 45
250 2 8 43
250 2 10 44
250 9 0 51
250 9 1 57
250 9 2 57
250 9 3 48
250 9 4 49
250 9 8 51
250 9 9 55
250 9 10 54
250 10 0 50
250 10 1 56
250 10 2 56
250 10 5 47
250 10 6 48
250 10 8 50
250 10 9 54
250 10 11 53
250 12 0 51
250 12 1 49
250 12 2 53
250 12 3 52
250 12 4 49
250 12 7 47
250 12 8 45
250 12 10 46
250 13 0 49
250 13 2 47
250 13 3 51
250 13 5 50
250 13 6 47
250 13 8 45
250 13 9 43
250 13 10 44
251 2 0 49
251 2 2 47
251 2 3 51
251 2 5 50
251 2 6 47
251 2 7 45
251 2 8 43
251 2 10 44
251 5 0 51
251 5 1 57
251 5 2 57
251 5 3 48
251 5 4 49
251 5 6 51
251 5 8 55
251 5 11 54
251 14 0 50
251 14 1 56
251 14 3 56
251 14 5 47
251 14 6 48
251 14 7 50
251 14 9 54
251 14 10 53
252 0 0 51
252 0 1 57
252 0 3 57
252 0 4 48
252 0 5 49
252 0 6 51
252 0 7 55
252 0 9 54
252 9 0 59
252 9 1 63
252 9 2 55
252 9 3 65
252 9 4 64
252 9 8 62
252 9 9 64
252 9 10 62
252 10 0 59
252 10 1 63
252 10 2 55
252 10 5 65
252 10 6 64
252 10 8 62
252 10 9 64
252 10 11 62
252 12 0 48
252 12 1 54
252 12 2 54
252 12 3 45
252 12 4 46
252 12 7 48
252 12 8 52
252 12 10 51
253 6 0 89
253 6 1 87
253 6 2 91
253 6 3 90
253 6 4 87
253 6 5 85
253 6 6 93
253 6 9 84
253 7 0 92
253 7 1 86
253 7 2 86
253 7 4 89
253 7 5 84
253 7 6 92
253 7 7 78
253 7 10 77
253 9 0 92
253 9 1 86
253 9 2 86
253 9 3 89
253 9 4 84
253 9 8 92
253 9 9 78
253 9 10 77
253 14 0 95
253 14 1 89
253 14 3 89
253 14 5 92
253 14 6 87
253 14 7 95
253 14 9 81
253 14 10 80
254 6 0 47
254 6 1 54
254 6 2 53
254 6 3 49
254 6 4 47
254 6 5 51
254 6 6 49
254 6 9 48
254 7 0 53
254 7 1 59
254 7 2 59
254 7 4 50
254 7 5 51
254 7 6 53
254 7 7 57
254 7 10 56
254 11 0 53
254 11 1 59
254 11 2 59
254 11 3 50
254 11 4 51
254 11 5 53
254 11 6 57
254 11 8 56
254 12 0 49
254 12 1 47
254 12 2 51
254 12 3 50
254 12 4 47
254 12 7 45
254 12 8 43
254 12 10 44
254 13 0 50
254 13 2 48
254 13 3 52
254 13 5 51
254 13 6 48
254 13 8 46
254 13 9 44
254 13 10 45
255 0 0 16
255 0 1 16
255 0 3 17
255 0 4 17
255 0 5 15
255 0 6 14
255 0 7 15
255 0 9 16
255 1 2 16
255 1 3 16
255 1 4 17
255 1 5 17
255 1 8 15
255 1 9 14
255 1 10 15
255 1 11 16
255 7 0 17
255 7 1 17
255 7 2 18
255 7 4 18
255 7 5 16
255 7 6 15
255 7 7 16
255 7 10 17
255 8 0 17
255 8 1 17
255 8 2 18
255 8 4 18
255 8 6 16
255 8 7 15
255 8 10 16
255 8 11 17
256 0 0 22
256 0 1 22
256 0 3 22
256 0 4 19
256 0 5 20
256 0 6 22
256 0 7 20
256 0 9 19
256 1 2 22
256 1 3 22
256 1 4 22
256 1 5 19
256 1 8 20
256 1 9 22
256 1 10 20
256 1 11 19
256 10 0 22
256 10 1 22
256 10 2 22
256 10 5 19
256 10 6 20
256 10 8 22
256 10 9 20
256 10 11 19
257 0 0 65
257 0 1 69
257 0 3 69
257 0 4 64
257 0 5 65
257 0 6 65
257 0 7 67
257 0 9 70
257 4 0 69
257 4 1 73
257 4 2 73
257 4 3 68
257 4 6 69
257 4 7 69
257 4 9 71
257 4 11 74
257 5 0 69
257 5 1 73
257 5 2 73
257 5 3 68
257 5 4 69
257 5 6 69
257 5 8 71
257 5 11 74
257 10 0 64
257 10 1 68
257 10 2 68
257 10 5 63
257 10 6 64
257 10 8 64
257 10 9 66
257 10 11 69
257 12 0 65
257 12 1 69
257 12 2 69
257 12 3 64
257 12 4 65
257 12 7 65
257 12 8 67
257 12 10 70
258 1 2 88
258 1 3 86
258 1 4 90
258 1 5 89
258 1 8 86
258 1 9 84
258 1 10 92
258 1 11 83
258 5 0 95
258 5 1 89
258 5 2 89
258 5 3 92
258 5 4 87
258 5 6 95
258 5 8 81
258 5 11 80
258 6 0 90
258 6 1 88
258 6 2 92
258 6 3 91
258 6 4 88
258 6 5 86
258 6 6 94
258 6 9 85
258 8 0 89
258 8 1 87
258 8 2 91
258 8 4 90
258 8 6 87
258 8 7 85
258 8 10 93
258 8 11 84
258 13 0 95
258 13 2 89
258 13 3 89
258 13 5 92
258 13 6 87
258 13 8 95
258 13 9 81
258 13 10 80
259 1 2 95
259 1 3 89
259 1 4 89
259 1 5 92
259 1 8 87
259 1 9 95
259 1 10 81
259 1 11 80
259 2 0 93
259 2 2 87
259 2 3 87
259 2 5 90
259 2 6 85
259 2 7 93
259 2 8 79
259 2 10 78
259 5 0 88
259 5 1 86
259 5 2 90
259 5 3 89
259 5 4 86
259 5 6 84
259 5 8 92
259 5 11 83
259 8 0 82
259 8 1 82
259 8 2 87
259 8 4 90
259 8 6 81
259 8 7 87
259 8 10 84
259 8 11 84
259 13 0 93
259 13 2 87
259 13 3 87
259 13 5 90
259 13 6 85
259 13 8 93
259 13 9 79
259 13 10 78
260 3 0 48
260 3 2 54
260 3 3 54
260 3 4 45
260 3 5 46
260 3 7 48
260 3 8 52
260 3 10 51
260 4 0 51
260 4 1 49
260 4 2 53
260 4 3 52
260 4 6 49
260 4 7 47
260 4 9 45
260 4 11 46
260 6 0 50
260 6 1 56
260 6 2 56
260 6 3 47
260 6 4 48
260 6 5 50
260 6 6 54
260 6 9 53
261 3 0 23
261 3 2 23
261 3 3 23
261 3 4 20
261 3 5 21
261 3 7 23
261 3 8 21
261 3 10 20
261 4 0 23
261 4 1 23
261 4 2 23
261 4 3 20
261 4 6 21
261 4 7 23
261 4 9 21
261 4 11 20
261 9 0 23
261 9 1 23
261 9 2 23
261 9 3 20
261 9 4 21
261 9 8 23
261 9 9 21
261 9 10 20
261 14 0 20
261 14 1 18
261 14 3 22
261 14 5 21
261 14 6 18
261 14 7 21
261 14 9 19
261 14 10 20
262 1 2 11
262 1 3 11
262 1 4 12
262 1 5 12
262 1 8 10
262 1 9 9
262 1 10 10
262 1 11 11
262 6 0 11
262 6 1 11
262 6 2 12
262 6 3 12
262 6 4 10
262 6 5 9
262 6 6 10
262 6 9 11
262 7 0 12
262 7 1 12
262 7 2 13
262 7 4 13
262 7 5 11
262 7 6 10
262 7 7 11
262 7 10 12
262 8 0 12
262 8 1 12
262 8 2 13
262 8 4 13
262 8 6 11
262 8 7 10
262 8 10 11
262 8 11 12
262 10 0 9
262 10 1 9
262 10 2 9
262 10 5 9
262 10 6 10
262 10 8 9
262 10 9 10
262 10 11 9
263 1 2 49
263 1 3 47
263 1 4 51
263 1 5 50
263 1 8 47
263 1 9 45
263 1 10 43
263 1 11 44
263 4 0 51
263 4 1 57
263 4 2 57
263 4 3 48
263 4 6 49
263 4 7 51
263 4 9 55
263 4 11 54
263 9 0 50
263 9 1 56
263 9 2 56
263 9 3 47
263 9 4 48
263 9 8 50
263 9 9 54
263 9 10 53
263 12 0 51
263 12 1 49
263 12 2 53
263 12 3 52
263 12 4 49
263 12 7 47
263 12 8 45
263 12 10 46
264 1 2 27
264 1 3 27
264 1 4 27
264 1 5 24
264 1 8 25
264 1 9 27
264 1 10 25
264 1 11 24
264 2 0 31
264 2 2 31
264 2 3 33
264 2 5 34
264 2 6 29
264 2 7 27
264 2 8 29
264 2 10 32
264 6 0 31
264 6 1 31
264 6 2 33
264 6 3 34
264 6 4 29
264 6 5 27
264 6 6 29
264 6 9 32
264 8 0 33
264 8 1 33
264 8 2 35
264 8 4 36
264 8 6 31
264 8 7 29
264 8 10 31
264 8 11 34
265 5 0 73
265 5 1 74
265 5 2 77
265 5 3 79
265 5 4 70
265 5 6 66
265 5 8 69
265 5 11 76
265 9 0 74
265 9 1 75
265 9 2 78
265 9 3 80
265 9 4 71
265 9 8 67
265 9 9 70
265 9 10 77
265 10 0 77
265 10 1 78
265 10 2 81
265 10 5 83
265 10 6 74
265 10 8 70
265 10 9 73
265 10 11 80
266 4 0 35
266 4 1 35
266 4 2 37
266 4 3 38
266 4 6 33
266 4 7 31
266 4 9 33
266 4 11 36
266 5 0 35
266 5 1 35
266 5 2 37
266 5 3 38
266 5 4 33
266 5 6 31
266 5 8 33
266 5 11 36
266 10 0 37
266 10 1 37
266 10 2 39
266 10 5 40
266 10 6 35
266 10 8 33
266 10 9 35
266 10 11 38
267 2 0 75
267 2 2 76
267 2 3 79
267 2 5 81
267 2 6 72
267 2 7 68
267 2 8 71
267 2 10 78
267 7 0 76
267 7 1 77
267 7 2 80
267 7 4 82
267 7 5 73
267 7 6 69
267 7 7 72
267 7 10 79
267 13 0 79
267 13 2 80
267 13 3 83
267 13 5 85
267 13 6 76
267 13 8 72
267 13 9 75
267 13 10 82
268 2 0 50
268 2 2 48
268 2 3 52
268 2 5 51
268 2 6 48
268 2 7 46
268 2 8 44
268 2 10 45
268 4 0 48
268 4 1 46
268 4 2 50
268 4 3 49
268 4 6 46
268 4 7 44
268 4 9 42
268 4 11 43
268 8 0 47
268 8 1 54
268 8 2 53
268 8 4 49
268 8 6 47
268 8 7 51
268 8 10 49
268 8 11 48
268 11 0 51
268 11 1 49
268 11 2 53
268 11 3 52
268 11 4 49
268 11 5 47
268 11 6 45
268 11 8 46
268 13 0 48
268 13 2 46
268 13 3 50
268 13 5 49
268 13 6 46
268 13 8 44
268 13 9 42
268 13 10 43
269 4 0 32
269 4 1 32
269 4 2 34
269 4 3 35
269 4 6 30
269 4 7 28
269 4 9 30
269 4 11 33
269 6 0 32
269 6 1 32
269 6 2 34
269 6 3 35
269 6 4 30
269 6 5 28
269 6 6 30
269 6 9 33
269 8 0 34
269 8 1 34
269 8 2 36
269 8 4 37
269 8 6 32
269 8 7 30
269 8 10 32
269 8 11 35
270 7 0 53
270 7 1 59
270 7 2 59
270 7 4 50
270 7 5 51
270 7 6 53
270 7 7 57
270 7 10 56
270 8 0 62
270 8 1 66
270 8 2 66
270 8 4 61
270 8 6 62
270 8 7 62
270 8 10 64
270 8 11 67
270 9 0 62
270 9 1 66
270 9 2 66
270 9 3 61
270 9 4 62
270 9 8 62
270 9 9 64
270 9 10 67
270 11 0 50
270 11 1 56
270 11 2 56
270 11 3 47
270 11 4 48
270 11 5 50
270 11 6 54
270 11 8 53
270 14 0 51
270 14 1 57
270 14 3 57
270 14 5 48
270 14 6 49
270 14 7 51
270 14 9 55
270 14 10 54
271 1 2 88
271 1 3 82
271 1 4 82
271 1 5 85
271 1 8 80
271 1 9 88
271 1 10 74
271 1 11 73
271 3 0 88
271 3 2 82
271 3 3 82
271 3 4 85
271 3 5 80
271 3 7 88
271 3 8 74
271 3 10 73
271 5 0 93
271 5 1 87
271 5 2 87
271 5 3 90
271 5 4 85
271 5 6 93
271 5 8 79
271 5 11 78
271 9 0 82
271 9 1 82
271 9 2 87
271 9 3 90
271 9 4 81
271 9 8 87
271 9 9 84
271 9 10 84
271 11 0 87
271 11 1 81
271 11 2 81
271 11 3 84
271 11 4 79
271 11 5 87
271 11 6 73
271 11 8 72
272 3 0 26
272 3 2 26
272 3 3 26
272 3 4 23
272 3 5 24
272 3 7 26
272 3 8 24
272 3 10 23
272 4 0 26
272 4 1 26
272 4 2 26
272 4 3 23
272 4 6 24
272 4 7 26
272 4 9 24
272 4 11 23
272 7 0 26
272 7 1 26
272 7 2 26
272 7 4 23
272 7 5 24
272 7 6 26
272 7 7 24
272 7 10 23
272 9 0 23
272 9 1 23
272 9 2 23
272 9 3 20
272 9 4 21
272 9 8 23
272 9 9 21
272 9 10 20
272 10 0 24
272 10 1 24
272 10 2 24
272 10 5 21
272 10 6 22
272 10 8 24
272 10 9 22
272 10 11 21
273 3 0 76
273 3 2 77
273 3 3 80
273 3 4 82
273 3 5 73
273 3 7 69
273 3 8 72
273 3 10 79
273 5 0 77
273 5 1 78
273 5 2 81
273 5 3 83
273 5 4 74
273 5 6 70
273 5 8 73
273 5 11 80
273 8 0 80
273 8 1 79
273 8 2 86
273 8 4 72
273 8 6 77
273 8 7 77
273 8 10 87
273 8 11 78
274 1 2 89
274 1 3 87
274 1 4 91
274 1 5 90
274 1 8 87
274 1 9 85
274 1 10 93
274 1 11 84
274 2 0 82
274 2 2 82
274 2 3 87
274 2 5 90
274 2 6 81
274 2 7 87
274 2 8 84
274 2 10 84
274 11 0 91
274 11 1 89
274 11 2 93
274 11 3 92
274 11 4 89
274 11 5 87
274 11 6 95
274 11 8 86
275 1 2 66
275 1 3 70
275 1 4 70
275 1 5 65
275 1 8 66
275 1 9 66
275 1 10 68
275 1 11 71
275 2 0 75
275 2 2 63
275 2 3 72
275 2 5 66
275 2 6 73
275 2 7 66
275 2 8 64
275 2 10 75
275 9 0 75
275 9 1 63
275 9 2 72
275 9 3 66
275 9 4 73
275 9 8 66
275 9 9 64
275 9 10 75
276 1 2 95
276 1 3 89
276 1 4 89
276 1 5 92
276 1 8 87
276 1 9 95
276 1 10 81
276 1 11 80
276 2 0 93
276 2 2 87
276 2 3 87
276 2 5 90
276 2 6 85
276 2 7 93
276 2 8 79
276 2 10 78
276 10 0 88
276 10 1 86
276 10 2 90
276 10 5 89
276 10 6 86
276 10 8 84
276 10 9 92
276 10 11 83
276 11 0 82
276 11 1 82
276 11 2 87
276 11 3 90
276 11 4 81
276 11 5 87
276 11 6 84
276 11 8 84
276 14 0 93
276 14 1 87
276 14 3 87
276 14 5 90
276 14 6 85
276 14 7 93
276 14 9 79
276 14 10 78
277 2 0 39
277 2 2 39
277 2 3 41
277 2 5 42
277 2 6 37
277 2 7 35
277 2 8 37
277 2 10 40
277 6 0 39
277 6 1 39
277 6 2 41
277 6 3 42
277 6 4 37
277 6 5 35
277 6 6 37
277 6 9 40
277 11 0 43
277 11 1 41
277 11 2 45
277 11 3 44
277 11 4 41
277 11 5 39
277 11 6 37
277 11 8 38
277 12 0 44
277 12 1 42
277 12 2 46
277 12 3 45
277 12 4 42
277 12 7 40
277 12 8 38
277 12 10 39
278 1 2 21
278 1 3 21
278 1 4 21
278 1 5 18
278 1 8 19
278 1 9 21
278 1 10 19
278 1 11 18
278 6 0 21
278 6 1 21
278 6 2 21
278 6 3 18
278 6 4 19
278 6 5 21
278 6 6 19
278 6 9 18
278 9 0 21
278 9 1 21
278 9 2 21
278 9 3 18
278 9 4 19
278 9 8 21
278 9 9 19
278 9 10 18
278 12 0 18
278 12 1 18
278 12 2 19
278 12 3 19
278 12 4 17
278 12 7 16
278 12 8 17
278 12 10 18
278 13 0 19
278 13 2 19
278 13 3 20
278 13 5 20
278 13 6 18
278 13 8 17
278 13 9 18
278 13 10 19
279 0 0 48
279 0 1 46
279 0 3 50
279 0 4 49
279 0 5 46
279 0 6 44
279 0 7 42
279 0 9 43
279 7 0 46
279 7 1 44
279 7 2 48
279 7 4 47
279 7 5 44
279 7 6 42
279 7 7 40
279 7 10 41
279 11 0 50
279 11 1 48
279 11 2 52
279 11 3 51
279 11 4 48
279 11 5 46
279 11 6 44
279 11 8 45
280 5 0 66
280 5 1 70
280 5 2 70
280 5 3 65
280 5 4 66
280 5 6 66
280 5 8 68
280 5 11 71
280 8 0 75
280 8 1 63
280 8 2 72
280 8 4 66
280 8 6 73
280 8 7 66
280 8 10 64
280 8 11 75
280 10 0 75
280 10 1 63
280 10 2 72
280 10 5 66
280 10 6 73
280 10 8 66
280 10 9 64
280 10 11 75
280 12 0 65
280 12 1 69
280 12 2 69
280 12 3 64
280 12 4 65
280 12 7 65
280 12 8 67
280 12 10 70
280 13 0 66
280 13 2 70
280 13 3 70
280 13 5 65
280 13 6 66
280 13 8 66
280 13 9 68
280 13 10 71
281 5 0 76
281 5 1 77
281 5 2 80
281 5 3 82
281 5 4 73
281 5 6 69
281 5 8 72
281 5 11 79
281 6 0 77
281 6 1 78
281 6 2 81
281 6 3 83
281 6 4 74
281 6 5 70
281 6 6 73
281 6 9 80
281 11 0 80
281 11 1 79
281 11 2 86
281 11 3 72
281 11 4 77
281 11 5 77
281 11 6 87
281 11 8 78
281 13 0 88
281 13 2 82
281 13 3 82
281 13 5 85
281 13 6 80
281 13 8 88
281 13 9 74
281 13 10 73
281 14 0 73
281 14 1 74
281 14 3 77
281 14 5 79
281 14 6 70
281 14 7 66
281 14 9 69
281 14 10 76
282 4 0 62
282 4 1 66
282 4 2 66
282 4 3 61
282 4 6 62
282 4 7 62
282 4 9 64
282 4 11 67
282 6 0 66
282 6 1 70
282 6 2 70
282 6 3 65
282 6 4 66
282 6 5 66
282 6 6 68
282 6 9 71
282 8 0 66
282 8 1 70
282 8 2 70
282 8 4 65
282 8 6 66
282 8 7 66
282 8 10 68
282 8 11 71
282 11 0 61
282 11 1 65
282 11 2 65
282 11 3 60
282 11 4 61
282 11 5 61
282 11 6 63
282 11 8 66
282 13 0 62
282 13 2 66
282 13 3 66
282 13 5 61
282 13 6 62
282 13 8 62
282 13 9 64
282 13 10 67
283 0 0 91
283 0 1 89
283 0 3 93
283 0 4 92
283 0 5 89
283 0 6 87
283 0 7 95
283 0 9 86
283 4 0 89
283 4 1 87
283 4 2 91
283 4 3 90
283 4 6 87
283 4 7 85
283 4 9 93
283 4 11 84
283 5 0 93
283 5 1 91
283 5 2 95
283 5 3 94
283 5 4 91
283 5 6 89
283 5 8 97
283 5 11 88
283 7 0 92
283 7 1 90
283 7 2 94
283 7 4 93
283 7 5 90
283 7 6 88
283 7 7 96
283 7 10 87
283 9 0 89
283 9 1 87
283 9 2 91
283 9 3 90
283 9 4 87
283 9 8 85
283 9 9 93
283 9 10 84
284 0 0 88
284 0 1 86
284 0 3 90
284 0 4 89
284 0 5 86
284 0 6 84
284 0 7 92
284 0 9 83
284 2 0 95
284 2 2 89
284 2 3 89
284 2 5 92
284 2 6 87
284 2 7 95
284 2 8 81
284 2 10 80
284 9 0 90
284 9 1 88
284 9 2 92
284 9 3 91
284 9 4 88
284 9 8 86
284 9 9 94
284 9 10 85
284 13 0 89
284 13 2 87
284 13 3 91
284 13 5 90
284 13 6 87
284 13 8 85
284 13 9 93
284 13 10 84
284 14 0 95
284 14 1 89
284 14 3 89
284 14 5 92
284 14 6 87
284 14 7 95
284 14 9 81
284 14 10 80
285 1 2 34
285 1 3 34
285 1 4 36
285 1 5 37
285 1 8 32
285 1 9 30
285 1 10 32
285 1 11 35
285 2 0 34
285 2 2 34
285 2 3 36
285 2 5 37
285 2 6 32
285 2 7 30
285 2 8 32
285 2 10 35
285 7 0 36
285 7 1 36
285 7 2 38
285 7 4 39
285 7 5 34
285 7 6 32
285 7 7 34
285 7 10 37
285 11 0 37
285 11 1 37
285 11 2 39
285 11 3 40
285 11 4 35
285 11 5 33
285 11 6 35
285 11 8 38
285 13 0 32
285 13 2 32
285 13 3 34
285 13 5 35
285 13 6 30
285 13 8 28
285 13 9 30
285 13 10 33
286 1 2 63
286 1 3 67
286 1 4 67
286 1 5 62
286 1 8 63
286 1 9 63
286 1 10 65
286 1 11 68
286 5 0 67
286 5 1 71
286 5 2 71
286 5 3 66
286 5 4 67
286 5 6 67
286 5 8 69
286 5 11 72
286 6 0 67
286 6 1 71
286 6 2 71
286 6 3 66
286 6 4 67
286 6 5 67
286 6 6 69
286 6 9 72
287 2 0 50
287 2 2 48
287 2 3 52
287 2 5 51
287 2 6 48
287 2 7 46
287 2 8 44
287 2 10 45
287 4 0 51
287 4 1 57
287 4 2 57
287 4 3 48
287 4 6 49
287 4 7 51
287 4 9 55
287 4 11 54
287 12 0 51
287 12 1 57
287 12 2 57
287 12 3 48
287 12 4 49
287 12 7 51
287 12 8 55
287 12 10 54
287 14 0 47
287 14 1 45
287 14 3 49
287 14 5 48
287 14 6 45
287 14 7 43
287 14 9 41
287 14 10 42
288 7 0 16
288 7 1 16
288 7 2 17
288 7 4 17
288 7 5 15
288 7 6 14
288 7 7 15
288 7 10 16
288 11 0 16
288 11 1 16
288 11 2 17
288 11 3 17
288 11 4 15
288 11 5 14
288 11 6 15
288 11 8 16
288 14 0 17
288 14 1 17
288 14 3 18
288 14 5 18
288 14 6 16
288 14 7 15
288 14 9 16
288 14 10 17
289 2 0 25
289 2 2 25
289 2 3 25
289 2 5 22
289 2 6 23
289 2 7 25
289 2 8 23
289 2 10 22
289 5 0 25
289 5 1 25
289 5 2 25
289 5 3 22
289 5 4 23
289 5 6 25
289 5 8 23
289 5 11 22
289 10 0 25
289 10 1 25
289 10 2 25
289 10 5 22
289 10 6 23
289 10 8 25
289 10 9 23
289 10 11 22
289 13 0 22
289 13 2 22
289 13 3 22
289 13 5 19
289 13 6 20
289 13 8 22
289 13 9 20
289 13 10 19
289 14 0 23
289 14 1 23
289 14 3 23
289 14 5 20
289 14 6 21
289 14 7 23
289 14 9 21
289 14 10 20
290 1 2 50
290 1 3 48
290 1 4 52
290 1 5 51
290 1 8 48
290 1 9 46
290 1 10 44
290 1 11 45
290 4 0 51
290 4 1 57
290 4 2 57
290 4 3 48
290 4 6 49
290 4 7 51
290 4 9 55
290 4 11 54
290 8 0 51
290 8 1 57
290 8 2 57
290 8 4 48
290 8 6 49
290 8 7 51
290 8 10 55
290 8 11 54
290 9 0 47
290 9 1 45
290 9 2 49
290 9 3 48
290 9 4 45
290 9 8 43
290 9 9 41
290 9 10 42
291 1 2 56
291 1 3 62
291 1 4 62
291 1 5 53
291 1 8 54
291 1 9 56
291 1 10 60
291 1 11 59
291 2 0 63
291 2 2 67
291 2 3 67
291 2 5 62
291 2 6 63
291 2 7 63
291 2 8 65
291 2 10 68
291 3 0 52
291 3 2 58
291 3 3 58
291 3 4 49
291 3 5 50
291 3 7 52
291 3 8 56
291 3 10 55
291 6 0 65
291 6 1 69
291 6 2 69
291 6 3 64
291 6 4 65
291 6 5 65
291 6 6 67
291 6 9 70
292 0 0 29
292 0 1 29
292 0 3 29
292 0 4 26
292 0 5 27
292 0 6 29
292 0 7 27
292 0 9 26
292 2 0 29
292 2 2 29
292 2 3 29
292 2 5 26
292 2 6 27
292 2 7 29
292 2 8 27
292 2 10 26
292 12 0 29
292 12 1 29
292 12 2 29
292 12 3 26
292 12 4 27
292 12 7 29
292 12 8 27
292 12 10 26
293 0 0 74
293 0 1 75
293 0 3 78
293 0 4 80
293 0 5 71
293 0 6 67
293 0 7 70
293 0 9 77
293 1 2 75
293 1 3 76
293 1 4 79
293 1 5 81
293 1 8 72
293 1 9 68
293 1 10 71
293 1 11 78
293 5 0 78
293 5 1 79
293 5 2 82
293 5 3 84
293 5 4 75
293 5 6 71
293 5 8 74
293 5 11 81
293 6 0 80
293 6 1 79
293 6 2 86
293 6 3 72
293 6 4 77
293 6 5 77
293 6 6 87
293 6 9 78
293 12 0 71
293 12 1 72
293 12 2 75
293 12 3 77
293 12 4 68
293 12 7 64
293 12 8 67
293 12 10 74
294 2 0 12
294 2 2 12
294 2 3 13
294 2 5 13
294 2 6 11
294 2 7 10
294 2 8 11
294 2 10 12
294 4 0 12
294 4 1 12
294 4 2 13
294 4 3 13
294 4 6 11
294 4 7 10
294 4 9 11
294 4 11 12
294 10 0 13
294 10 1 13
294 10 2 14
294 10 5 14
294 10 6 12
294 10 8 11
294 10 9 12
294 10 11 13
295 3 0 90
295 3 2 88
295 3 3 92
295 3 4 91
295 3 5 88
295 3 7 86
295 3 8 94
295 3 10 85
295 6 0 93
295 6 1 87
295 6 2 87
295 6 3 90
295 6 4 85
295 6 5 93
295 6 6 79
295 6 9 78
295 7 0 93
295 7 1 87
295 7 2 87
295 7 4 90
295 7 5 85
295 7 6 93
295 7 7 79
295 7 10 78
295 8 0 82
295 8 1 82
295 8 2 87
295 8 4 90
295 8 6 81
295 8 7 87
295 8 10 84
295 8 11 84
295 11 0 91
295 11 1 85
295 11 2 85
295 11 3 88
295 11 4 83
295 11 5 91
295 11 6 77
295 11 8 76
296 9 0 75
296 9 1 76
296 9 2 79
296 9 3 81
296 9 4 72
296 9 8 68
296 9 9 71
296 9 10 78
296 12 0 63
296 12 1 67
296 12 2 67
296 12 3 62
296 12 4 63
296 12 7 63
296 12 8 65
296 12 10 68
296 14 0 72
296 14 1 73
296 14 3 76
296 14 5 78
296 14 6 69
296 14 7 65
296 14 9 68
296 14 10 75
297 5 0 51
297 5 1 49
297 5 2 53
297 5 3 52
297 5 4 49
297 5 6 47
297 5 8 45
297 5 11 46
297 6 0 52
297 6 1 58
297 6 2 58
297 6 3 49
297 6 4 50
297 6 5 52
297 6 6 56
297 6 9 55
297 7 0 52
297 7 1 58
297 7 2 58
297 7 4 49
297 7 5 50
297 7 6 52
297 7 7 56
297 7 10 55
297 9 0 48
297 9 1 46
297 9 2 50
297 9 3 49
297 9 4 46
297 9 8 44
297 9 9 42
297 9 10 43
297 13 0 49
297 13 2 47
297 13 3 51
297 13 5 50
297 13 6 47
297 13 8 45
297 13 9 43
297 13 10 44
298 1 2 89
298 1 3 87
298 1 4 91
298 1 5 90
298 1 8 87
298 1 9 85
298 1 10 93
298 1 11 84
298 3 0 82
298 3 2 82
298 3 3 87
298 3 4 90
298 3 5 81
298 3 7 87
298 3 8 84
298 3 10 84
298 7 0 91
298 7 1 89
298 7 2 93
298 7 4 92
298 7 5 89
298 7 6 87
298 7 7 95
298 7 10 86
298 10 0 90
298 10 1 88
298 10 2 92
298 10 5 91
298 10 6 88
298 10 8 86
298 10 9 94
298 10 11 85
299 6 0 15
299 6 1 15
299 6 2 16
299 6 3 16
299 6 4 14
299 6 5 13
299 6 6 14
299 6 9 15
299 8 0 15
299 8 1 15
299 8 2 16
299 8 4 16
299 8 6 14
299 8 7 13
299 8 10 14
299 8 11 15
299 9 0 16
299 9 1 16
299 9 2 17
299 9 3 17
299 9 4 15
299 9 8 14
299 9 9 15
299 9 10 16
299 12 0 16
299 12 1 16
299 12 2 17
299 12 3 17
299 12 4 15
299 12 7 14
299 12 8 15
299 12 10 16
300 1 2 82
300 1 3 82
300 1 4 87
300 1 5 90
300 1 8 81
300 1 9 87
300 1 10 84
300 1 11 84
300 2 0 90
300 2 2 84
300 2 3 84
300 2 5 87
300 2 6 82
300 2 7 90
300 2 8 76
300 2 10 75
300 3 0 90
300 3 2 84
300 3 3 84
300 3 4 87
300 3 5 82
300 3 7 90
300 3 8 76
300 3 10 75
300 13 0 93
300 13 2 87
300 13 3 87
300 13 5 90
300 13 6 85
300 13 8 93
300 13 9 79
300 13 10 78
301 1 2 32
301 1 3 32
301 1 4 34
301 1 5 35
301 1 8 30
301 1 9 28
301 1 10 30
301 1 11 33
301 7 0 32
301 7 1 32
301 7 2 34
301 7 4 35
301 7 5 30
301 7 6 28
301 7 7 30
301 7 10 33
301 11 0 34
301 11 1 34
301 11 2 36
301 11 3 37
301 11 4 32
301 11 5 30
301 11 6 32
301 11 8 35
302 0 0 34
302 0 1 34
302 0 3 36
302 0 4 37
302 0 5 32
302 0 6 30
302 0 7 32
302 0 9 35
302 2 0 34
302 2 2 34
302 2 3 36
302 2 5 37
302 2 6 32
302 2 7 30
302 2 8 32
302 2 10 35
302 3 0 36
302 3 2 36
302 3 3 38
302 3 4 39
302 3 5 34
302 3 7 32
302 3 8 34
302 3 10 37
302 4 0 37
302 4 1 37
302 4 2 39
302 4 3 40
302 4 6 35
302 4 7 33
302 4 9 35
302 4 11 38
302 9 0 32
302 9 1 32
302 9 2 34
302 9 3 35
302 9 4 30
302 9 8 28
302 9 9 30
302 9 10 33
303 0 0 39
303 0 1 39
303 0 3 41
303 0 4 42
303 0 5 37
303 0 6 35
303 0 7 37
303 0 9 40
303 9 0 39
303 9 1 39
303 9 2 41
303 9 3 42
303 9 4 37
303 9 8 35
303 9 9 37
303 9 10 40
303 10 0 43
303 10 1 41
303 10 2 45
303 10 5 44
303 10 6 41
303 10 8 39
303 10 9 37
303 10 11 38
304 2 0 88
304 2 2 86
304 2 3 90
304 2 5 89
304 2 6 86
304 2 7 84
304 2 8 92
304 2 10 83
304 5 0 91
304 5 1 85
304 5 2 85
304 5 3 88
304 5 4 83
304 5 6 91
304 5 8 77
304 5 11 76
304 6 0 91
304 6 1 85
304 6 2 85
304 6 3 88
304 6 4 83
304 6 5 91
304 6 6 77
304 6 9 76
304 7 0 94
304 7 1 88
304 7 2 88
304 7 4 91
304 7 5 86
304 7 6 94
304 7 7 80
304 7 10 79
304 11 0 89
304 11 1 83
304 11 2 83
304 11 3 86
304 11 4 81
304 11 5 89
304 11 6 75
304 11 8 74
305 1 2 49
305 1 3 55
305 1 4 55
305 1 5 46
305 1 8 47
305 1 9 49
305 1 10 53
305 1 11 52
305 2 0 55
305 2 2 61
305 2 3 61
305 2 5 52
305 2 6 53
305 2 7 55
305 2 8 59
305 2 10 58
305 4 0 55
305 4 1 61
305 4 2 61
305 4 3 52
305 4 6 53
305 4 7 55
305 4 9 59
305 4 11 58
305 10 0 51
305 10 1 49
305 10 2 53
305 10 5 52
305 10 6 49
305 10 8 47
305 10 9 45
305 10 11 46
305 12 0 47
305 12 1 54
305 12 2 53
305 12 3 49
305 12 4 47
305 12 7 51
305 12 8 49
305 12 10 48
306 0 0 93
306 0 1 87
306 0 3 87
306 0 4 90
306 0 5 85
306 0 6 93
306 0 7 79
306 0 9 78
306 2 0 87
306 2 2 81
306 2 3 81
306 2 5 84
306 2 6 79
306 2 7 87
306 2 8 73
306 2 10 72
306 13 0 87
306 13 2 81
306 13 3 81
306 13 5 84
306 13 6 79
306 13 8 87
306 13 9 73
306 13 10 72
307 3 0 64
307 3 2 68
307 3 3 68
307 3 4 63
307 3 5 64
307 3 7 64
307 3 8 66
307 3 10 69
307 4 0 68
307 4 1 72
307 4 2 72
307 4 3 67
307 4 6 68
307 4 7 68
307 4 9 70
307 4 11 73
307 7 0 68
307 7 1 72
307 7 2 72
307 7 4 67
307 7 5 68
307 7 6 68
307 7 7 70
307 7 10 73
307 14 0 63
307 14 1 67
307 14 3 67
307 14 5 62
307 14 6 63
307 14 7 63
307 14 9 65
307 14 10 68
308 2 0 16
308 2 2 16
308 2 3 17
308 2 5 17
308 2 6 15
308 2 7 14
308 2 8 15
308 2 10 16
308 7 0 16
308 7 1 16
308 7 2 17
308 7 4 17
308 7 5 15
308 7 6 14
308 7 7 15
308 7 10 16
308 8 0 17
308 8 1 17
308 8 2 18
308 8 4 18
308 8 6 16
308 8 7 15
308 8 10 16
308 8 11 17
309 0 0 22
309 0 1 22
309 0 3 22
309 0 4 19
309 0 5 20
309 0 6 22
309 0 7 20
309 0 9 19
309 3 0 22
309 3 2 22
309 3 3 22
309 3 4 19
309 3 5 20
309 3 7 22
309 3 8 20
309 3 10 19
309 5 0 22
309 5 1 22
309 5 2 22
309 5 3 19
309 5 4 20
309 5 6 22
309 5 8 20
309 5 11 19
309 7 0 19
309 7 1 19
309 7 2 20
309 7 4 20
309 7 5 18
309 7 6 17
309 7 7 18
309 7 10 19
309 8 0 20
309 8 1 18
309 8 2 22
309 8 4 21
309 8 6 18
309 8 7 21
309 8 10 19
309 8 11 20
310 1 2 31
310 1 3 31
310 1 4 33
310 1 5 34
310 1 8 29
310 1 9 27
310 1 10 29
310 1 11 32
310 3 0 31
310 3 2 31
310 3 3 33
310 3 4 34
310 3 5 29
310 3 7 27
310 3 8 29
310 3 10 32
310 11 0 33
310 11 1 33
310 11 2 35
310 11 3 36
310 11 4 31
310 11 5 29
310 11 6 31
310 11 8 34
310 14 0 34
310 14 1 34
310 14 3 36
310 14 5 37
310 14 6 32
310 14 7 30
310 14 9 32
310 14 10 35
311 7 0 66
311 7 1 70
311 7 2 70
311 7 4 65
311 7 5 66
311 7 6 66
311 7 7 68
311 7 10 71
311 9 0 75
311 9 1 63
311 9 2 72
311 9 3 66
311 9 4 73
311 9 8 66
311 9 9 64
311 9 10 75
311 12 0 75
311 12 1 63
311 12 2 72
311 12 3 66
311 12 4 73
311 12 7 66
311 12 8 64
311 12 10 75
312 5 0 19
312 5 1 19
312 5 2 20
312 5 3 20
312 5 4 18
312 5 6 17
312 5 8 18
312 5 11 19
312 6 0 19
312 6 1 19
312 6 2 20
312 6 3 20
312 6 4 18
312 6 5 17
312 6 6 18
312 6 9 19
312 8 0 20
312 8 1 18
312 8 2 22
312 8 4 21
312 8 6 18
312 8 7 21
312 8 10 19
312 8 11 20
312 13 0 20
312 13 2 18
312 13 3 22
312 13 5 21
312 13 6 18
312 13 8 21
312 13 9 19
312 13 10 20
313 5 0 51
313 5 1 57
313 5 2 57
313 5 3 48
313 5 4 49
313 5 6 51
313 5 8 55
313 5 11 54
313 8 0 59
313 8 1 63
313 8 2 55
313 8 4 65
313 8 6 64
313 8 7 62
313 8 10 64
313 8 11 62
313 9 0 59
313 9 1 63
313 9 2 55
313 9 3 65
313 9 4 64
313 9 8 62
313 9 9 64
313 9 10 62
314 3 0 89
314 3 2 87
314 3 3 91
314 3 4 90
314 3 5 87
314 3 7 85
314 3 8 93
314 3 10 84
314 6 0 92
314 6 1 86
314 6 2 86
314 6 3 89
314 6 4 84
314 6 5 92
314 6 6 78
314 6 9 77
314 9 0 92
314 9 1 86
314 9 2 86
314 9 3 89
314 9 4 84
314 9 8 92
314 9 9 78
314 9 10 77
314 14 0 95
314 14 1 89
314 14 3 89
314 14 5 92
314 14 6 87
314 14 7 95
314 14 9 81
314 14 10 80
315 5 0 95
315 5 1 89
315 5 2 89
315 5 3 92
315 5 4 87
315 5 6 95
315 5 8 81
315 5 11 80
315 6 0 93
315 6 1 87
315 6 2 87
315 6 3 90
315 6 4 85
315 6 5 93
315 6 6 79
315 6 9 78
315 7 0 88
315 7 1 86
315 7 2 90
315 7 4 89
315 7 5 86
315 7 6 84
315 7 7 92
315 7 10 83
315 9 0 82
315 9 1 82
315 9 2 87
315 9 3 90
315 9 4 81
315 9 8 87
315 9 9 84
315 9 10 84
316 0 0 50
316 0 1 56
316 0 3 56
316 0 4 47
316 0 5 48
316 0 6 50
316 0 7 54
316 0 9 53
316 4 0 56
316 4 1 62
316 4 2 62
316 4 3 53
316 4 6 54
316 4 7 56
316 4 9 60
316 4 11 59
316 5 0 56
316 5 1 62
316 5 2 62
316 5 3 53
316 5 4 54
316 5 6 56
316 5 8 60
316 5 11 59
316 7 0 47
316 7 1 54
316 7 2 53
316 7 4 49
316 7 5 47
316 7 6 51
316 7 7 49
316 7 10 48
317 2 0 94
317 2 2 88
317 2 3 88
317 2 5 91
317 2 6 86
317 2 7 94
317 2 8 80
317 2 10 79
317 3 0 88
317 3 2 82
317 3 3 82
317 3 4 85
317 3 5 80
317 3 7 88
317 3 8 74
317 3 10 73
317 7 0 88
317 7 1 82
317 7 2 82
317 7 4 85
317 7 5 80
317 7 6 88
317 7 7 74
317 7 10 73
318 1 2 22
318 1 3 22
318 1 4 22
318 1 5 19
318 1 8 20
318 1 9 22
318 1 10 20
318 1 11 19
318 5 0 22
318 5 1 22
318 5 2 22
318 5 3 19
318 5 4 20
318 5 6 22
318 5 8 20
318 5 11 19
318 9 0 22
318 9 1 22
318 9 2 22
318 9 3 19
318 9 4 20
318 9 8 22
318 9 9 20
318 9 10 19
318 13 0 19
318 13 2 19
318 13 3 20
318 13 5 20
318 13 6 18
318 13 8 17
318 13 9 18
318 13 10 19
319 3 0 65
319 3 2 69
319 3 3 69
319 3 4 64
319 3 5 65
319 3 7 65
319 3 8 67
319 3 10 70
319 5 0 69
319 5 1 73
319 5 2 73
319 5 3 68
319 5 4 69
319 5 6 69
319 5 8 71
319 5 11 74
319 6 0 69
319 6 1 73
319 6 2 73
319 6 3 68
319 6 4 69
319 6 5 69
319 6 6 71
319 6 9 74
319 7 0 64
319 7 1 68
319 7 2 68
319 7 4 63
319 7 5 64
319 7 6 64
319 7 7 66
319 7 10 69
319 10 0 65
319 10 1 69
319 10 2 69
319 10 5 64
319 10 6 65
319 10 8 65
319 10 9 67
319 10 11 70
320 0 0 33
320 0 1 33
320 0 3 35
320 0 4 36
320 0 5 31
320 0 6 29
320 0 7 31
320 0 9 34
320 1 2 33
320 1 3 33
320 1 4 35
320 1 5 36
320 1 8 31
320 1 9 29
320 1 10 31
320 1 11 34
320 7 0 35
320 7 1 35
320 7 2 37
320 7 4 38
320 7 5 33
320 7 6 31
320 7 7 33
320 7 10 36
320 8 0 36
320 8 1 36
320 8 2 38
320 8 4 39
320 8 6 34
320 8 7 32
320 8 10 34
320 8 11 37
320 11 0 31
320 11 1 31
320 11 2 33
320 11 3 34
320 11 4 29
320 11 5 27
320 11 6 29
320 11 8 32
321 1 2 61
321 1 3 65
321 1 4 65
321 1 5 60
321 1 8 61
321 1 9 61
321 1 10 63
321 1 11 66
321 3 0 65
321 3 2 69
321 3 3 69
321 3 4 64
321 3 5 65
321 3 7 65
321 3 8 67
321 3 10 70
321 6 0 65
321 6 1 69
321 6 2 69
321 6 3 64
321 6 4 65
321 6 5 65
321 6 6 67
321 6 9 70
321 9 0 59
321 9 1 63
321 9 2 55
321 9 3 65
321 9 4 64
321 9 8 62
321 9 9 64
321 9 10 62
321 12 0 61
321 12 1 65
321 12 2 65
321 12 3 60
321 12 4 61
321 12 7 61
321 12 8 63
321 12 10 66
322 0 0 22
322 0 1 22
322 0 3 22
322 0 4 19
322 0 5 20
322 0 6 22
322 0 7 20
322 0 9 19
322 3 0 22
322 3 2 22
322 3 3 22
322 3 4 19
322 3 5 20
322 3 7 22
322 3 8 20
322 3 10 19
322 7 0 22
322 7 1 22
322 7 2 22
322 7 4 19
322 7 5 20
322 7 6 22
322 7 7 20
322 7 10 19
322 12 0 19
322 12 1 19
322 12 2 20
322 12 3 20
322 12 4 18
322 12 7 17
322 12 8 18
322 12 10 19
322 14 0 20
322 14 1 18
322 14 3 22
322 14 5 21
322 14 6 18
322 14 7 21
322 14 9 19
322 14 10 20
323 1 2 26
323 1 3 26
323 1 4 26
323 1 5 23
323 1 8 24
323 1 9 26
323 1 10 24
323 1 11 23
323 3 0 26
323 3 2 26
323 3 3 26
323 3 4 23
323 3 5 24
323 3 7 26
323 3 8 24
323 3 10 23
323 8 0 26
323 8 1 26
323 8 2 26
323 8 4 23
323 8 6 24
323 8 7 26
323 8 10 24
323 8 11 23
323 10 0 23
323 10 1 23
323 10 2 23
323 10 5 20
323 10 6 21
323 10 8 23
323 10 9 21
323 10 11 20
323 14 0 24
323 14 1 24
323 14 3 24
323 14 5 21
323 14 6 22
323 14 7 24
323 14 9 22
323 14 10 21
324 1 2 21
324 1 3 21
324 1 4 21
324 1 5 18
324 1 8 19
324 1 9 21
324 1 10 19
324 1 11 18
324 8 0 21
324 8 1 21
324 8 2 21
324 8 4 18
324 8 6 19
324 8 7 21
324 8 10 19
324 8 11 18
324 14 0 21
324 14 1 21
324 14 3 21
324 14 5 18
324 14 6 19
324 14 7 21
324 14 9 19
324 14 10 18
325 0 0 44
325 0 1 42
325 0 3 46
325 0 4 45
325 0 5 42
325 0 6 40
325 0 7 38
325 0 9 39
325 6 0 36
325 6 1 36
325 6 2 38
325 6 3 39
325 6 4 34
325 6 5 32
325 6 6 34
325 6 9 37
325 10 0 36
325 10 1 36
325 10 2 38
325 10 5 39
325 10 6 34
325 10 8 32
325 10 9 34
325 10 11 37
325 11 0 39
325 11 1 39
325 11 2 41
325 11 3 42
325 11 4 37
325 11 5 35
325 11 6 37
325 11 8 40
326 9 0 47
326 9 1 54
326 9 2 53
326 9 3 49
326 9 4 47
326 9 8 51
326 9 9 49
326 9 10 48
326 12 0 53
326 12 1 59
326 12 2 59
326 12 3 50
326 12 4 51
326 12 7 53
326 12 8 57
326 12 10 56
326 14 0 53
326 14 1 59
326 14 3 59
326 14 5 50
326 14 6 51
326 14 7 53
326 14 9 57
326 14 10 56
327 0 0 76
327 0 1 77
327 0 3 80
327 0 4 82
327 0 5 73
327 0 6 69
327 0 7 72
327 0 9 79
327 6 0 77
327 6 1 78
327 6 2 81
327 6 3 83
327 6 4 74
327 6 5 70
327 6 6 73
327 6 9 80
327 11 0 80
327 11 1 79
327 11 2 86
327 11 3 72
327 11 4 77
327 11 5 77
327 11 6 87
327 11 8 78
327 12 0 88
327 12 1 82
327 12 2 82
327 12 3 85
327 12 4 80
327 12 7 88
327 12 8 74
327 12 10 73
328 10 0 89
328 10 1 87
328 10 2 91
328 10 5 90
328 10 6 87
328 10 8 85
328 10 9 93
328 10 11 84
328 11 0 92
328 11 1 86
328 11 2 86
328 11 3 89
328 11 4 84
328 11 5 92
328 11 6 78
328 11 8 77
328 12 0 92
328 12 1 86
328 12 2 86
328 12 3 89
328 12 4 84
328 12 7 92
328 12 8 78
328 12 10 77
328 13 0 95
328 13 2 89
328 13 3 89
328 13 5 92
328 13 6 87
328 13 8 95
328 13 9 81
328 13 10 80
329 1 2 79
329 1 3 80
329 1 4 83
329 1 5 85
329 1 8 76
329 1 9 72
329 1 10 75
329 1 11 82
329 8 0 80
329 8 1 79
329 8 2 86
329 8 4 72
329 8 6 77
329 8 7 77
329 8 10 87
329 8 11 78
329 9 0 89
329 9 1 83
329 9 2 83
329 9 3 86
329 9 4 81
329 9 8 89
329 9 9 75
329 9 10 74
329 11 0 91
329 11 1 85
329 11 2 85
329 11 3 88
329 11 4 83
329 11 5 91
329 11 6 77
329 11 8 76
329 12 0 76
329 12 1 77
329 12 2 80
329 12 3 82
329 12 4 73
329 12 7 69
329 12 8 72
329 12 10 79
330 0 0 47
330 0 1 54
330 0 3 53
330 0 4 49
330 0 5 47
330 0 6 51
330 0 7 49
330 0 9 48
330 2 0 53
330 2 2 59
330 2 3 59
330 2 5 50
330 2 6 51
330 2 7 53
330 2 8 57
330 2 10 56
330 4 0 53
330 4 1 59
330 4 2 59
330 4 3 50
330 4 6 51
330 4 7 53
330 4 9 57
330 4 11 56
330 13 0 49
330 13 2 47
330 13 3 51
330 13 5 50
330 13 6 47
330 13 8 45
330 13 9 43
330 13 10 44
330 14 0 50
330 14 1 48
330 14 3 52
330 14 5 51
330 14 6 48
330 14 7 46
330 14 9 44
330 14 10 45
331 1 2 74
331 1 3 75
331 1 4 78
331 1 5 80
331 1 8 71
331 1 9 67
331 1 10 70
331 1 11 77
331 3 0 75
331 3 2 76
331 3 3 79
331 3 4 81
331 3 5 72
331 3 7 68
331 3 8 71
331 3 10 78
331 12 0 78
331 12 1 79
331 12 2 82
331 12 3 84
331 12 4 75
331 12 7 71
331 12 8 74
331 12 10 81
332 1 2 62
332 1 3 66
332 1 4 66
332 1 5 61
332 1 8 62
332 1 9 62
332 1 10 64
332 1 11 67
332 5 0 66
332 5 1 70
332 5 2 70
332 5 3 65
332 5 4 66
332 5 6 66
332 5 8 68
332 5 11 71
332 9 0 66
332 9 1 70
332 9 2 70
332 9 3 65
332 9 4 66
332 9 8 66
332 9 9 68
332 9 10 71
332 10 0 61
332 10 1 65
332 10 2 65
332 10 5 60
332 10 6 61
332 10 8 61
332 10 9 63
332 10 11 66
332 12 0 62
332 12 1 66
332 12 2 66
332 12 3 61
332 12 4 62
332 12 7 62
332 12 8 64
332 12 10 67
333 4 0 62
333 4 1 66
333 4 2 66
333 4 3 61
333 4 6 62
333 4 7 62
333 4 9 64
333 4 11 67
333 5 0 66
333 5 1 70
333 5 2 70
333 5 3 65
333 5 4 66
333 5 6 66
333 5 8 68
333 5 11 71
333 8 0 66
333 8 1 70
333 8 2 70
333 8 4 65
333 8 6 66
333 8 7 66
333 8 10 68
333 8 11 71
334 3 0 47
334 3 2 45
334 3 3 49
334 3 4 48
334 3 5 45
334 3 7 43
334 3 8 41
334 3 10 42
334 8 0 45
334 8 1 43
334 8 2 47
334 8 4 46
334 8 6 43
334 8 7 41
334 8 10 39
334 8 11 40
334 10 0 49
334 10 1 47
334 10 2 51
334 10 5 50
334 10 6 47
334 10 8 45
334 10 9 43
334 10 11 44
334 14 0 48
334 14 1 46
334 14 3 50
334 14 5 49
334 14 6 46
334 14 7 44
334 14 9 42
334 14 10 43
335 0 0 31
335 0 1 31
335 0 3 33
335 0 4 34
335 0 5 29
335 0 6 27
335 0 7 29
335 0 9 32
335 3 0 31
335 3 2 31
335 3 3 33
335 3 4 34
335 3 5 29
335 3 7 27
335 3 8 29
335 3 10 32
335 8 0 33
335 8 1 33
335 8 2 35
335 8 4 36
335 8 6 31
335 8 7 29
335 8 10 31
335 8 11 34
335 13 0 34
335 13 2 34
335 13 3 36
335 13 5 37
335 13 6 32
335 13 8 30
335 13 9 32
335 13 10 35
335 14 0 29
335 14 1 29
335 14 3 29
335 14 5 26
335 14 6 27
335 14 7 29
335 14 9 27
335 14 10 26
336 11 0 49
336 11 1 47
336 11 2 51
336 11 3 50
336 11 4 47
336 11 5 45
336 11 6 43
336 11 8 44
336 12 0 47
336 12 1 45
336 12 2 49
336 12 3 48
336 12 4 45
336 12 7 43
336 12 8 41
336 12 10 42
336 14 0 51
336 14 1 49
336 14 3 53
336 14 5 52
336 14 6 49
336 14 7 47
336 14 9 45
336 14 10 46
337 0 0 47
337 0 1 45
337 0 3 49
337 0 4 48
337 0 5 45
337 0 6 43
337 0 7 41
337 0 9 42
337 6 0 45
337 6 1 43
337 6 2 47
337 6 3 46
337 6 4 43
337 6 5 41
337 6 6 39
337 6 9 40
337 10 0 49
337 10 1 47
337 10 2 51
337 10 5 50
337 10 6 47
337 10 8 45
337 10 9 43
337 10 11 44
338 1 2 50
338 1 3 48
338 1 4 52
338 1 5 51
338 1 8 48
338 1 9 46
338 1 10 44
338 1 11 45
338 2 0 48
338 2 2 46
338 2 3 50
338 2 5 49
338 2 6 46
338 2 7 44
338 2 8 42
338 2 10 43
338 3 0 47
338 3 2 54
338 3 3 53
338 3 4 49
338 3 5 47
338 3 7 51
338 3 8 49
338 3 10 48
338 6 0 51
338 6 1 49
338 6 2 53
338 6 3 52
338 6 4 49
338 6 5 47
338 6 6 45
338 6 9 46
338 8 0 48
338 8 1 46
338 8 2 50
338 8 4 49
338 8 6 46
338 8 7 44
338 8 10 42
338 8 11 43
339 4 0 13
339 4 1 13
339 4 2 14
339 4 3 14
339 4 6 12
339 4 7 11
339 4 9 12
339 4 11 13
339 8 0 13
339 8 1 13
339 8 2 14
339 8 4 14
339 8 6 12
339 8 7 11
339 8 10 12
339 8 11 13
339 13 0 14
339 13 2 14
339 13 3 15
339 13 5 15
339 13 6 13
339 13 8 12
339 13 9 13
339 13 10 14
340 1 2 62
340 1 3 66
340 1 4 66
340 1 5 61
340 1 8 62
340 1 9 62
340 1 10 64
340 1 11 67
340 10 0 66
340 10 1 70
340 10 2 70
340 10 5 65
340 10 6 66
340 10 8 66
340 10 9 68
340 10 11 71
340 12 0 66
340 12 1 70
340 12 2 70
340 12 3 65
340 12 4 66
340 12 7 66
340 12 8 68
340 12 10 71
340 14 0 61
340 14 1 65
340 14 3 65
340 14 5 60
340 14 6 61
340 14 7 61
340 14 9 63
340 14 10 66
341 2 0 27
341 2 2 27
341 2 3 27
341 2 5 24
341 2 6 25
341 2 7 27
341 2 8 25
341 2 10 24
341 5 0 31
341 5 1 31
341 5 2 33
341 5 3 34
341 5 4 29
341 5 6 27
341 5 8 29
341 5 11 32
341 8 0 31
341 8 1 31
341 8 2 33
341 8 4 34
341 8 6 29
341 8 7 27
341 8 10 29
341 8 11 32
341 9 0 33
341 9 1 33
341 9 2 35
341 9 3 36
341 9 4 31
341 9 8 29
341 9 9 31
341 9 10 34
341 13 0 27
341 13 2 27
341 13 3 27
341 13 5 24
341 13 6 25
341 13 8 27
341 13 9 25
341 13 10 24
342 4 0 91
342 4 1 89
342 4 2 93
342 4 3 92
342 4 6 89
342 4 7 87
342 4 9 95
342 4 11 86
342 5 0 94
342 5 1 88
342 5 2 88
342 5 3 91
342 5 4 86
342 5 6 94
342 5 8 80
342 5 11 79
342 6 0 94
342 6 1 88
342 6 2 88
342 6 3 91
342 6 4 86
342 6 5 94
342 6 6 80
342 6 9 79
342 10 0 88
342 10 1 86
342 10 2 90
342 10 5 89
342 10 6 86
342 10 8 84
342 10 9 92
342 10 11 83
342 14 0 92
342 14 1 86
342 14 3 86
342 14 5 89
342 14 6 84
342 14 7 92
342 14 9 78
342 14 10 77
343 0 0 51
343 0 1 49
343 0 3 53
343 0 4 52
343 0 5 49
343 0 6 47
343 0 7 45
343 0 9 46
343 9 0 52
343 9 1 58
343 9 2 58
343 9 3 49
343 9 4 50
343 9 8 52
343 9 9 56
343 9 10 55
343 12 0 52
343 12 1 58
343 12 2 58
343 12 3 49
343 12 4 50
343 12 7 52
343 12 8 56
343 12 10 55
344 5 0 74
344 5 1 75
344 5 2 78
344 5 3 80
344 5 4 71
344 5 6 67
344 5 8 70
344 5 11 77
344 10 0 75
344 10 1 76
344 10 2 79
344 10 5 81
344 10 6 72
344 10 8 68
344 10 9 71
344 10 11 78
344 11 0 78
344 11 1 79
344 11 2 82
344 11 3 84
344 11 4 75
344 11 5 71
344 11 6 74
344 11 8 81
345 0 0 91
345 0 1 89
345 0 3 93
345 0 4 92
345 0 5 89
345 0 6 87
345 0 7 95
345 0 9 86
345 3 0 89
345 3 2 87
345 3 3 91
345 3 4 90
345 3 5 87
345 3 7 85
345 3 8 93
345 3 10 84
345 11 0 93
345 11 1 91
345 11 2 95
345 11 3 94
345 11 4 91
345 11 5 89
345 11 6 97
345 11 8 88
345 14 0 92
345 14 1 90
345 14 3 94
345 14 5 93
345 14 6 90
345 14 7 88
345 14 9 96
345 14 10 87
346 2 0 80
346 2 2 79
346 2 3 86
346 2 5 72
346 2 6 77
346 2 7 77
346 2 8 87
346 2 10 78
346 7 0 79
346 7 1 80
346 7 2 83
346 7 4 85
346 7 5 76
346 7 6 72
346 7 7 75
346 7 10 82
346 11 0 92
346 11 1 86
346 11 2 86
346 11 3 89
346 11 4 84
346 11 5 92
346 11 6 78
346 11 8 77
346 12 0 72
346 12 1 73
346 12 2 76
346 12 3 78
346 12 4 69
346 12 7 65
346 12 8 68
346 12 10 75
347 3 0 80
347 3 2 79
347 3 3 86
347 3 4 72
347 3 5 77
347 3 7 77
347 3 8 87
347 3 10 78
347 5 0 79
347 5 1 80
347 5 2 83
347 5 3 85
347 5 4 76
347 5 6 72
347 5 8 75
347 5 11 82
347 7 0 92
347 7 1 86
347 7 2 86
347 7 4 89
347 7 5 84
347 7 6 92
347 7 7 78
347 7 10 77
347 10 0 72
347 10 1 73
347 10 2 76
347 10 5 78
347 10 6 69
347 10 8 65
347 10 9 68
347 10 11 75
347 14 0 77
347 14 1 78
347 14 3 81
347 14 5 83
347 14 6 74
347 14 7 70
347 14 9 73
347 14 10 80
348 1 2 64
348 1 3 68
348 1 4 68
348 1 5 63
348 1 8 64
348 1 9 64
348 1 10 66
348 1 11 69
348 3 0 68
348 3 2 72
348 3 3 72
348 3 4 67
348 3 5 68
348 3 7 68
348 3 8 70
348 3 10 73
348 10 0 68
348 10 1 72
348 10 2 72
348 10 5 67
348 10 6 68
348 10 8 68
348 10 9 70
348 10 11 73
348 11 0 63
348 11 1 67
348 11 2 67
348 11 3 62
348 11 4 63
348 11 5 63
348 11 6 65
348 11 8 68
348 14 0 64
348 14 1 68
348 14 3 68
348 14 5 63
348 14 6 64
348 14 7 64
348 14 9 66
348 14 10 69
349 8 0 47
349 8 1 54
349 8 2 53
349 8 4 49
349 8 6 47
349 8 7 51
349 8 10 49
349 8 11 48
349 13 0 53
349 13 2 59
349 13 3 59
349 13 5 50
349 13 6 51
349 13 8 53
349 13 9 57
349 13 10 56
349 14 0 53
349 14 1 59
349 14 3 59
349 14 5 50
349 14 6 51
349 14 7 53
349 14 9 57
349 14 10 56
350 2 0 88
350 2 2 86
350 2 3 90
350 2 5 89
350 2 6 86
350 2 7 84
350 2 8 92
350 2 10 83
350 4 0 95
350 4 1 89
350 4 2 89
350 4 3 92
350 4 6 87
350 4 7 95
350 4 9 81
350 4 11 80
350 7 0 90
350 7 1 88
350 7 2 92
350 7 4 91
350 7 5 88
350 7 6 86
350 7 7 94
350 7 10 85
350 9 0 89
350 9 1 87
350 9 2 91
350 9 3 90
350 9 4 87
350 9 8 85
350 9 9 93
350 9 10 84
350 14 0 95
350 14 1 89
350 14 3 89
350 14 5 92
350 14 6 87
350 14 7 95
350 14 9 81
350 14 10 80
351 3 0 11
351 3 2 11
351 3 3 12
351 3 4 12
351 3 5 10
351 3 7 9
351 3 8 10
351 3 10 11
351 5 0 11
351 5 1 11
351 5 2 12
351 5 3 12
351 5 4 10
351 5 6 9
351 5 8 10
351 5 11 11
351 6 0 12
351 6 1 12
351 6 2 13
351 6 3 13
351 6 4 11
351 6 5 10
351 6 6 11
351 6 9 12
351 7 0 12
351 7 1 12
351 7 2 13
351 7 4 13
351 7 5 11
351 7 6 10
351 7 7 11
351 7 10 12
351 11 0 9
351 11 1 9
351 11 2 9
351 11 3 9
351 11 4 10
351 11 5 9
351 11 6 10
351 11 8 9
352 0 0 78
352 0 1 79
352 0 3 82
352 0 4 84
352 0 5 75
352 0 6 71
352 0 7 74
352 0 9 81
352 5 0 79
352 5 1 80
352 5 2 83
352 5 3 85
352 5 4 76
352 5 6 72
352 5 8 75
352 5 11 82
352 6 0 88
352 6 1 82
352 6 2 82
352 6 3 85
352 6 4 80
352 6 5 88
352 6 6 74
352 6 9 73
353 2 0 19
353 2 2 19
353 2 3 20
353 2 5 20
353 2 6 18
353 2 7 17
353 2 8 18
353 2 10 19
353 7 0 19
353 7 1 19
353 7 2 20
353 7 4 20
353 7 5 18
353 7 6 17
353 7 7 18
353 7 10 19
353 12 0 20
353 12 1 18
353 12 2 22
353 12 3 21
353 12 4 18
353 12 7 21
353 12 8 19
353 12 10 20
353 13 0 20
353 13 2 18
353 13 3 22
353 13 5 21
353 13 6 18
353 13 8 21
353 13 9 19
353 13 10 20
353 14 0 18
353 14 1 18
353 14 3 19
353 14 5 19
353 14 6 17
353 14 7 16
353 14 9 17
353 14 10 18
354 1 2 19
354 1 3 19
354 1 4 20
354 1 5 20
354 1 8 18
354 1 9 17
354 1 10 18
354 1 11 19
354 4 0 19
354 4 1 19
354 4 2 20
354 4 3 20
354 4 6 18
354 4 7 17
354 4 9 18
354 4 11 19
354 5 0 20
354 5 1 18
354 5 2 22
354 5 3 21
354 5 4 18
354 5 6 21
354 5 8 19
354 5 11 20
355 1 2 26
355 1 3 26
355 1 4 26
355 1 5 23
355 1 8 24
355 1 9 26
355 1 10 24
355 1 11 23
355 2 0 26
355 2 2 26
355 2 3 26
355 2 5 23
355 2 6 24
355 2 7 26
355 2 8 24
355 2 10 23
355 8 0 26
355 8 1 26
355 8 2 26
355 8 4 23
355 8 6 24
355 8 7 26
355 8 10 24
355 8 11 23
355 12 0 23
355 12 1 23
355 12 2 23
355 12 3 20
355 12 4 21
355 12 7 23
355 12 8 21
355 12 10 20
355 13 0 24
355 13 2 24
355 13 3 24
355 13 5 21
355 13 6 22
355 13 8 24
355 13 9 22
355 13 10 21
356 2 0 88
356 2 2 86
356 2 3 90
356 2 5 89
356 2 6 86
356 2 7 84
356 2 8 92
356 2 10 83
356 11 0 95
356 11 1 89
356 11 2 89
356 11 3 92
356 11 4 87
356 11 5 95
356 11 6 81
356 11 8 80
356 14 0 90
356 14 1 88
356 14 3 92
356 14 5 91
356 14 6 88
356 14 7 86
356 14 9 94
356 14 10 85
357 0 0 26
357 0 1 26
357 0 3 26
357 0 4 23
357 0 5 24
357 0 6 26
357 0 7 24
357 0 9 23
357 2 0 26
357 2 2 26
357 2 3 26
357 2 5 23
357 2 6 24
357 2 7 26
357 2 8 24
357 2 10 23
357 9 0 26
357 9 1 26
357 9 2 26
357 9 3 23
357 9 4 24
357 9 8 26
357 9 9 24
357 9 10 23
358 1 2 95
358 1 3 89
358 1 4 89
358 1 5 92
358 1 8 87
358 1 9 95
358 1 10 81
358 1 11 80
358 2 0 89
358 2 2 83
358 2 3 83
358 2 5 86
358 2 6 81
358 2 7 89
358 2 8 75
358 2 10 74
358 11 0 89
358 11 1 83
358 11 2 83
358 11 3 86
358 11 4 81
358 11 5 89
358 11 6 75
358 11 8 74
358 14 0 92
358 14 1 86
358 14 3 86
358 14 5 89
358 14 6 84
358 14 7 92
358 14 9 78
358 14 10 77
359 4 0 51
359 4 1 49
359 4 2 53
359 4 3 52
359 4 6 49
359 4 7 47
359 4 9 45
359 4 11 46
359 7 0 52
359 7 1 58
359 7 2 58
359 7 4 49
359 7 5 50
359 7 6 52
359 7 7 56
359 7 10 55
359 12 0 52
359 12 1 58
359 12 2 58
359 12 3 49
359 12 4 50
359 12 7 52
359 12 8 56
359 12 10 55
360 3 0 13
360 3 2 13
360 3 3 14
360 3 4 14
360 3 5 12
360 3 7 11
360 3 8 12
360 3 10 13
360 4 0 13
360 4 1 13
360 4 2 14
360 4 3 14
360 4 6 12
360 4 7 11
360 4 9 12
360 4 11 13
360 5 0 14
360 5 1 14
360 5 2 15
360 5 3 15
360 5 4 13
360 5 6 12
360 5 8 13
360 5 11 14
360 6 0 14
360 6 1 14
360 6 2 15
360 6 3 15
360 6 4 13
360 6 5 12
360 6 6 13
360 6 9 14
360 12 0 12
360 12 1 12
360 12 2 13
360 12 3 13
360 12 4 11
360 12 7 10
360 12 8 11
360 12 10 12
361 5 0 69
361 5 1 73
361 5 2 73
361 5 3 68
361 5 4 69
361 5 6 69
361 5 8 71
361 5 11 74
361 6 0 73
361 6 1 74
361 6 2 77
361 6 3 79
361 6 4 70
361 6 5 66
361 6 6 69
361 6 9 76
361 8 0 73
361 8 1 74
361 8 2 77
361 8 4 79
361 8 6 70
361 8 7 66
361 8 10 69
361 8 11 76
362 4 0 88
362 4 1 86
362 4 2 90
362 4 3 89
362 4 6 86
362 4 7 84
362 4 9 92
362 4 11 83
362 5 0 95
362 5 1 89
362 5 2 89
362 5 3 92
362 5 4 87
362 5 6 95
362 5 8 81
362 5 11 80
362 7 0 90
362 7 1 88
362 7 2 92
362 7 4 91
362 7 5 88
362 7 6 86
362 7 7 94
362 7 10 85
362 8 0 89
362 8 1 87
362 8 2 91
362 8 4 90
362 8 6 87
362 8 7 85
362 8 10 93
362 8 11 84
362 11 0 95
362 11 1 89
362 11 2 89
362 11 3 92
362 11 4 87
362 11 5 95
362 11 6 81
362 11 8 80
363 0 0 11
363 0 1 11
363 0 3 12
363 0 4 12
363 0 5 10
363 0 6 9
363 0 7 10
363 0 9 11
363 4 0 11
363 4 1 11
363 4 2 12
363 4 3 12
363 4 6 10
363 4 7 9
363 4 9 10
363 4 11 11
363 12 0 12
363 12 1 12
363 12 2 13
363 12 3 13
363 12 4 11
363 12 7 10
363 12 8 11
363 12 10 12
364 0 0 17
364 0 1 17
364 0 3 18
364 0 4 18
364 0 5 16
364 0 6 15
364 0 7 16
364 0 9 17
364 9 0 17
364 9 1 17
364 9 2 18
364 9 3 18
364 9 4 16
364 9 8 15
364 9 9 16
364 9 10 17
364 11 0 18
364 11 1 18
364 11 2 19
364 11 3 19
364 11 4 17
364 11 5 16
364 11 6 17
364 11 8 18
365 3 0 45
365 3 2 43
365 3 3 47
365 3 4 46
365 3 5 43
365 3 7 41
365 3 8 39
365 3 10 40
365 9 0 43
365 9 1 41
365 9 2 45
365 9 3 44
365 9 4 41
365 9 8 39
365 9 9 37
365 9 10 38
365 11 0 47
365 11 1 45
365 11 2 49
365 11 3 48
365 11 4 45
365 11 5 43
365 11 6 41
365 11 8 42
365 14 0 46
365 14 1 44
365 14 3 48
365 14 5 47
365 14 6 44
365 14 7 42
365 14 9 40
365 14 10 41
366 0 0 90
366 0 1 88
366 0 3 92
366 0 4 91
366 0 5 88
366 0 6 86
366 0 7 94
366 0 9 85
366 3 0 88
366 3 2 86
366 3 3 90
366 3 4 89
366 3 5 86
366 3 7 84
366 3 8 92
366 3 10 83
366 4 0 92
366 4 1 90
366 4 2 94
366 4 3 93
366 4 6 90
366 4 7 88
366 4 9 96
366 4 11 87
367 3 0 39
367 3 2 39
367 3 3 41
367 3 4 42
367 3 5 37
367 3 7 35
367 3 8 37
367 3 10 40
367 9 0 39
367 9 1 39
367 9 2 41
367 9 3 42
367 9 4 37
367 9 8 35
367 9 9 37
367 9 10 40
367 13 0 43
367 13 2 41
367 13 3 45
367 13 5 44
367 13 6 41
367 13 8 39
367 13 9 37
367 13 10 38
368 2 0 28
368 2 2 28
368 2 3 28
368 2 5 25
368 2 6 26
368 2 7 28
368 2 8 26
368 2 10 25
368 3 0 28
368 3 2 28
368 3 3 28
368 3 4 25
368 3 5 26
368 3 7 28
368 3 8 26
368 3 10 25
368 6 0 28
368 6 1 28
368 6 2 28
368 6 3 25
368 6 4 26
368 6 5 28
368 6 6 26
368 6 9 25
368 8 0 25
368 8 1 25
368 8 2 25
368 8 4 22
368 8 6 23
368 8 7 25
368 8 10 23
368 8 11 22
369 4 0 92
369 4 1 90
369 4 2 94
369 4 3 93
369 4 6 90
369 4 7 88
369 4 9 96
369 4 11 87
369 8 0 90
369 8 1 88
369 8 2 92
369 8 4 91
369 8 6 88
369 8 7 86
369 8 10 94
369 8 11 85
369 10 0 94
369 10 1 92
369 10 2 96
369 10 5 95
369 10 6 92
369 10 8 90
369 10 9 98
369 10 11 89
370 1 2 92
370 1 3 90
370 1 4 94
370 1 5 93
370 1 8 90
370 1 9 88
370 1 10 96
370 1 11 87
370 6 0 95
370 6 1 89
370 6 2 89
370 6 3 92
370 6 4 87
370 6 5 95
370 6 6 81
370 6 9 80
370 11 0 95
370 11 1 89
370 11 2 89
370 11 3 92
370 11 4 87
370 11 5 95
370 11 6 81
370 11 8 80
371 1 2 27
371 1 3 27
371 1 4 27
371 1 5 24
371 1 8 25
371 1 9 27
371 1 10 25
371 1 11 24
371 6 0 27
371 6 1 27
371 6 2 27
371 6 3 24
371 6 4 25
371 6 5 27
371 6 6 25
371 6 9 24
371 11 0 27
371 11 1 27
371 11 2 27
371 11 3 24
371 11 4 25
371 11 5 27
371 11 6 25
371 11 8 24
371 12 0 24
371 12 1 24
371 12 2 24
371 12 3 21
371 12 4 22
371 12 7 24
371 12 8 22
371 12 10 21
372 0 0 71
372 0 1 72
372 0 3 75
372 0 4 77
372 0 5 68
372 0 6 64
372 0 7 67
372 0 9 74
372 1 2 72
372 1 3 73
372 1 4 76
372 1 5 78
372 1 8 69
372 1 9 65
372 1 10 68
372 1 11 75
372 8 0 75
372 8 1 76
372 8 2 79
372 8 4 81
372 8 6 72
372 8 7 68
372 8 10 71
372 8 11 78
372 11 0 77
372 11 1 78
372 11 2 81
372 11 3 83
372 11 4 74
372 11 5 70
372 11 6 73
372 11 8 80
372 12 0 68
372 12 1 72
372 12 2 72
372 12 3 67
372 12 4 68
372 12 7 68
372 12 8 70
372 12 10 73
373 1 2 71
373 1 3 72
373 1 4 75
373 1 5 77
373 1 8 68
373 1 9 64
373 1 10 67
373 1 11 74
373 5 0 72
373 5 1 73
373 5 2 76
373 5 3 78
373 5 4 69
373 5 6 65
373 5 8 68
373 5 11 75
373 13 0 75
373 13 2 76
373 13 3 79
373 13 5 81
373 13 6 72
373 13 8 68
373 13 9 71
373 13 10 78
374 1 2 88
374 1 3 82
374 1 4 82
374 1 5 85
374 1 8 80
374 1 9 88
374 1 10 74
374 1 11 73
374 2 0 88
374 2 2 82
374 2 3 82
374 2 5 85
374 2 6 80
374 2 7 88
374 2 8 74
374 2 10 73
374 7 0 93
374 7 1 87
374 7 2 87
374 7 4 90
374 7 5 85
374 7 6 93
374 7 7 79
374 7 10 78
374 9 0 82
374 9 1 82
374 9 2 87
374 9 3 90
374 9 4 81
374 9 8 87
374 9 9 84
374 9 10 84
375 2 0 95
375 2 2 89
375 2 3 89
375 2 5 92
375 2 6 87
375 2 7 95
375 2 8 81
375 2 10 80
375 8 0 89
375 8 1 83
375 8 2 83
375 8 4 86
375 8 6 81
375 8 7 89
375 8 10 75
375 8 11 74
375 13 0 89
375 13 2 83
375 13 3 83
375 13 5 86
375 13 6 81
375 13 8 89
375 13 9 75
375 13 10 74
375 14 0 92
375 14 1 86
375 14 3 86
375 14 5 89
375 14 6 84
375 14 7 92
375 14 9 78
375 14 10 77
376 6 0 92
376 6 1 90
376 6 2 94
376 6 3 93
376 6 4 90
376 6 5 88
376 6 6 96
376 6 9 87
376 9 0 95
376 9 1 89
376 9 2 89
376 9 3 92
376 9 4 87
376 9 8 95
376 9 9 81
376 9 10 80
376 10 0 95
376 10 1 89
376 10 2 89
376 10 5 92
376 10 6 87
376 10 8 95
376 10 9 81
376 10 11 80
376 13 0 89
376 13 2 87
376 13 3 91
376 13 5 90
376 13 6 87
376 13 8 85
376 13 9 93
376 13 10 84
376 14 0 93
376 14 1 87
376 14 3 87
376 14 5 90
376 14 6 85
376 14 7 93
376 14 9 79
376 14 10 78
377 5 0 39
377 5 1 39
377 5 2 41
377 5 3 42
377 5 4 37
377 5 6 35
377 5 8 37
377 5 11 40
377 6 0 39
377 6 1 39
377 6 2 41
377 6 3 42
377 6 4 37
377 6 5 35
377 6 6 37
377 6 9 40
377 7 0 43
377 7 1 41
377 7 2 45
377 7 4 44
377 7 5 41
377 7 6 39
377 7 7 37
377 7 10 38
377 9 0 44
377 9 1 42
377 9 2 46
377 9 3 45
377 9 4 42
377 9 8 40
377 9 9 38
377 9 10 39
377 13 0 37
377 13 2 37
377 13 3 39
377 13 5 40
377 13 6 35
377 13 8 33
377 13 9 35
377 13 10 38
378 3 0 75
378 3 2 76
378 3 3 79
378 3 4 81
378 3 5 72
378 3 7 68
378 3 8 71
378 3 10 78
378 4 0 76
378 4 1 77
378 4 2 80
378 4 3 82
378 4 6 73
378 4 7 69
378 4 9 72
378 4 11 79
378 6 0 79
378 6 1 80
378 6 2 83
378 6 3 85
378 6 4 76
378 6 5 72
378 6 6 75
378 6 9 82
378 8 0 87
378 8 1 81
378 8 2 81
378 8 4 84
378 8 6 79
378 8 7 87
378 8 10 73
378 8 11 72
378 13 0 72
378 13 2 73
378 13 3 76
378 13 5 78
378 13 6 69
378 13 8 65
378 13 9 68
378 13 10 75
379 0 0 44
379 0 1 42
379 0 3 46
379 0 4 45
379 0 5 42
379 0 6 40
379 0 7 38
379 0 9 39
379 4 0 36
379 4 1 36
379 4 2 38
379 4 3 39
379 4 6 34
379 4 7 32
379 4 9 34
379 4 11 37
379 9 0 36
379 9 1 36
379 9 2 38
379 9 3 39
379 9 4 34
379 9 8 32
379 9 9 34
379 9 10 37
379 10 0 39
379 10 1 39
379 10 2 41
379 10 5 42
379 10 6 37
379 10 8 35
379 10 9 37
379 10 11 40
379 13 0 45
379 13 2 43
379 13 3 47
379 13 5 46
379 13 6 43
379 13 8 41
379 13 9 39
379 13 10 40
380 1 2 46
380 1 3 44
380 1 4 48
380 1 5 47
380 1 8 44
380 1 9 42
380 1 10 40
380 1 11 41
380 9 0 44
380 9 1 42
380 9 2 46
380 9 3 45
380 9 4 42
380 9 8 40
380 9 9 38
380 9 10 39
380 12 0 48
380 12 1 46
380 12 2 50
380 12 3 49
380 12 4 46
380 12 7 44
380 12 8 42
380 12 10 43
381 4 0 56
381 4 1 62
381 4 2 62
381 4 3 53
381 4 6 54
381 4 7 56
381 4 9 60
381 4 11 59
381 7 0 63
381 7 1 67
381 7 2 67
381 7 4 62
381 7 5 63
381 7 6 63
381 7 7 65
381 7 10 68
381 10 0 52
381 10 1 58
381 10 2 58
381 10 5 49
381 10 6 50
381 10 8 52
381 10 9 56
381 10 11 55
382 2 0 64
382 2 2 68
382 2 3 68
382 2 5 63
382 2 6 64
382 2 7 64
382 2 8 66
382 2 10 69
382 6 0 68
382 6 1 72
382 6 2 72
382 6 3 67
382 6 4 68
382 6 5 68
382 6 6 70
382 6 9 73
382 8 0 68
382 8 1 72
382 8 2 72
382 8 4 67
382 8 6 68
382 8 7 68
382 8 10 70
382 8 11 73
382 9 0 63
382 9 1 67
382 9 2 67
382 9 3 62
382 9 4 63
382 9 8 63
382 9 9 65
382 9 10 68
382 12 0 64
382 12 1 68
382 12 2 68
382 12 3 63
382 12 4 64
382 12 7 64
382 12 8 66
382 12 10 69
383 6 0 9
383 6 1 9
383 6 2 9
383 6 3 9
383 6 4 8
383 6 5 8
383 6 6 8
383 6 9 9
383 8 0 9
383 8 1 9
383 8 2 9
383 8 4 9
383 8 6 8
383 8 7 8
383 8 10 8
383 8 11 9
383 9 0 9
383 9 1 9
383 9 2 9
383 9 3 9
383 9 4 8
383 9 8 8
383 9 9 8
383 9 10 9
383 10 0 9
383 10 1 9
383 10 2 9
383 10 5 9
383 10 6 8
383 10 8 8
383 10 9 8
383 10 11 9
383 12 0 9
383 12 1 9
383 12 2 9
383 12 3 9
383 12 4 10
383 12 7 9
383 12 8 10
383 12 10 9
384 2 0 51
384 2 2 49
384 2 3 53
384 2 5 52
384 2 6 49
384 2 7 47
384 2 8 45
384 2 10 46
384 8 0 52
384 8 1 58
384 8 2 58
384 8 4 49
384 8 6 50
384 8 7 52
384 8 10 56
384 8 11 55
384 11 0 52
384 11 1 58
384 11 2 58
384 11 3 49
384 11 4 50
384 11 5 52
384 11 6 56
384 11 8 55
384 13 0 48
384 13 2 46
384 13 3 50
384 13 5 49
384 13 6 46
384 13 8 44
384 13 9 42
384 13 10 43
