Jobs:
0 1 2 3 4 5 6 7 8 9 10 11 12 13 14 15 16 17 18 19 20 21 22 23 24 25 26 27 28 29
Machines:
0 1 2 3 4 5 6 7 8 9 10 11 12 13 14
Workers:
0 1 2 3 4 5 6 7 8 9 10 11 12 13 14
Operations per job:
0 1 2 3 4 5 6 7 8 9 10 11 12 13
14 15 16 17 18 19 20 21 22 23 24 25 26 27
28 29 30 31 32 33 34 35 36 37 38 39
40 41 42 43 44 45 46 47 48 49 50
51 52 53 54 55 56 57 58 59 60 61 62
63 64 65 66 67 68 69 70 71 72 73
74 75 76 77 78 79 80 81 82 83 84 85 86
87 88 89 90 91 92 93 94 95 96 97 98 99 100
101 102 103 104 105 106 107 108 109 110 111 112 113
114 115 116 117 118 119 120 121 122 123 124 125 126 127
128 129 130 131 132 133 134 135 136 137 138 139 140 141
142 143 144 145 146 147 148 149 150 151 152 153 154
155 156 157 158 159 160 161 162 163 164 165 166 167 168 169
170 171 172 173 174 175 176 177 178 179 180 181 182 183 184
185 186 187 188 189 190 191 192 193 194 195 196
197 198 199 200 201 202 203 204 205 206 207 208 209 210
211 212 213 214 215 216 217 218 219 220 221 222
223 224 225 226 227 228 229 230 231 232 233 234 235
236 237 238 239 240 241 242 243 244 245 246 247 248 249
250 251 252 253 254 255 256 257 258 259 260 261 262
263 264 265 266 267 268 269 270 271 272
273 274 275 276 277 278 279 280 281 282 283 284 285 286 287
288 289 290 291 292 293 294 295 296 297 298
299 300 301 302 303 304 305 306 307 308 309 310 311
312 313 314 315 316 317 318 319 320 321 322
323 324 325 326 327 328 329 330 331 332 333
334 335 336 337 338 339 340 341 342 343 344 345 346 347 348
349 350 351 352 353 354 355 356 357 358
359 360 361 362 363 364 365 366 367 368
369 370 371 372 373 374 375 376 377 378 379 380
Predecessors per operation:

0
1
2
3
4
5
6
7
8
9
10
11
12

14
15
16
17
18
19
20
21
22
23
24
25
26

28
29
30
31
32
33
34
35
36
37
38

40
41
42
43
44
45
46
47
48
49

51
52
53
54
55
56
57
58
59
60
61

63
64
65
66
67
68
69
70
71
72

74
75
76
77
78
79
80
81
82
83
84
85

87
88
89
90
91
92
93
94
95
96
97
98
99

101
102
103
104
105
106
107
108
109
110
111
112

114
115
116
117
118
119
120
121
122
123
124
125
126

128
129
130
131
132
133
134
135
136
137
138
139
140

142
143
144
145
146
147
148
149
150
151
152
153

155
156
157
158
159
160
161
162
163
164
165
166
167
168

170
171
172
173
174
175
176
177
178
179
180
181
182
183

185
186
187
188
189
190
191
192
193
194
195

197
198
199
200
201
202
203
204
205
206
207
208
209

211
212
213
214
215
216
217
218
219
220
221

223
224
225
226
227
228
229
230
231
232
233
234

236
237
238
239
240
241
242
243
244
245
246
247
248

250
251
252
253
254
255
256
257
258
259
260
261

263
264
265
266
267
268
269
270
271

273
274
275
276
277
278
279
280
281
282
283
284
285
286

288
289
290
291
292
293
294
295
296
297

299
300
301
302
303
304
305
306
307
308
309
310

312
313
314
315
316
317
318
319
320
321

323
324
325
326
327
328
329
330
331
332

334
335
336
337
338
339
340
341
342
343
344
345
346
347

349
350
351
352
353
354
355
356
357

359
360
361
362
363
364
365
366
367

369
370
371
372
373
374
375
376
377
378
379
Successors per operation:
1
2
3
4
5
6
7
8
9
10
11
12
13

15
16
17
18
19
20
21
22
23
24
25
26
27

29
30
31
32
33
34
35
36
37
38
39

41
42
43
44
45
46
47
48
49
50

52
53
54
55
56
57
58
59
60
61
62

64
65
66
67
68
69
70
71
72
73

75
76
77
78
79
80
81
82
83
84
85
86

88
89
90
91
92
93
94
95
96
97
98
99
100

102
103
104
105
106
107
108
109
110
111
112
113

115
116
117
118
119
120
121
122
123
124
125
126
127

129
130
131
132
133
134
135
136
137
138
139
140
141

143
144
145
146
147
148
149
150
151
152
153
154

156
157
158
159
160
161
162
163
164
165
166
167
168
169

171
172
173
174
175
176
177
178
179
180
181
182
183
184

186
187
188
189
190
191
192
193
194
195
196

198
199
200
201
202
203
204
205
206
207
208
209
210

212
213
214
215
216
217
218
219
220
221
222

224
225
226
227
228
229
230
231
232
233
234
235

237
238
239
240
241
242
243
244
245
246
247
248
249

251
252
253
254
255
256
257
258
259
260
261
262

264
265
266
267
268
269
270
271
272

274
275
276
277
278
279
280
281
282
283
284
285
286
287

289
290
291
292
293
294
295
296
297
298

300
301
302
303
304
305
306
307
308
309
310
311

313
314
315
316
317
318
319
320
321
322

324
325
326
327
328
329
330
331
332
333

335
336
337
338
339
340
341
342
343
344
345
346
347
348

350
351
352
353
354
355
356
357
358

360
361
362
363
364
365
366
367
368

370
371
372
373
374
375
376
377
378
379
380

Machines per operation:
1 4 7 11
1 4 8 12
0 1 2 9 13
2 9 10 14
4 6 8 9 10
0 1 2 9
0 1 8
8 9 11 12
5 6 9
0 1 3 6
3 6 7 9
1 4 7
8 9 10 13 14
0 6 7 10 14
0 5 6 7 8
0 6 11 14
7 9 10 13 14
0 3 10
2 3 4 10
2 6 7
3 8 14
2 5 7 10 12
2 8 11 14
0 1 3
0 2 3 12
1 4 7 12
0 3 5 12 14
5 6 7
5 10 14
2 9 10 11 14
2 9 12 13
2 3 10 11 12
3 11 12 13 14
0 6 9
4 7 8 12 13
2 4 11
0 2 3 5 6
1 7 11
11 12 13
3 7 9 11
6 9 14
5 13 14
3 8 11
0 5 8 11
5 7 8
0 4 6
5 12 13
1 7 9 12
7 9 10 11
3 4 11 14
5 7 11 13
2 4 13 14
0 1 6 8 10
0 6 8 14
1 2 4 7
0 2 5 8 14
3 4 9 14
1 3 9
1 3 7 13 14
0 2 3 8
0 5 8 11
0 6 8
1 7 10
2 4 5 7 11
2 3 10 13
9 11 14
5 6 8
1 5 8 9
3 4 12 13 14
0 6 7 10 13
6 9 12
3 6 7 8 13
1 2 4 10 13
2 10 14
1 8 10 11
9 12 13 14
3 6 9 12 14
3 5 10
0 2 5 10
2 13 14
5 7 8
1 2 8 10
5 7 10 13
1 2 7 9 11
3 9 13
4 5 9 13
0 2 5 8 14
0 5 7
9 10 12 13
0 4 7 12 14
1 7 9 12 13
10 11 12
2 4 7 8 10
3 4 5
1 4 6 9 12
4 5 7 9
2 5 11 14
1 5 7 12 13
5 8 10 12 14
2 6 9 11 14
1 2 4 8 9
5 7 8
3 7 8
2 5 14
5 6 7 14
6 9 13
3 4 10 12 14
2 8 9
7 8 12
2 4 5 13
11 12 13
3 5 7 12
5 6 8 13
4 6 11 12 13
0 3 4 10 12
1 2 8 9 11
3 9 12
4 5 12
4 9 10
0 3 14
4 6 7
0 2 5 10 14
5 8 9 12
4 5 9 13 14
0 5 10 11 14
0 1 2 7
0 7 11
1 2 4 7 11
2 3 5 7 10
1 3 10
0 2 3 4 8
0 1 9 12 13
3 6 10 13
5 6 7 10
4 6 12
2 4 8 9 12
3 4 13
4 8 9 11 12
1 6 7
2 13 14
2 3 5 11 13
6 8 13 14
0 4 14
0 1 6 8 10
0 4 6 9 14
1 2 8 12
2 6 12
6 10 13
4 8 14
3 8 9
0 3 6 7 9
2 8 14
2 3 6 9
0 2 10 11
4 9 13 14
2 4 8 14
2 5 8 9
8 10 12 13
1 3 4 7 8
0 3 8 13 14
1 9 13
0 8 12
6 8 10
5 6 10 11 12
2 6 10
0 2 4 5 13
0 1 3 8 10
1 3 5 13
0 2 4 5 9
2 4 6 10
4 5 13 14
0 3 14
3 5 8 9 10
2 8 9
0 5 14
3 5 6 14
0 1 3 9 11
3 5 11 12 13
1 6 8
5 8 9
1 5 8 12 14
0 5 7 11 12
0 1 5 10
1 5 9 11 12
1 4 10
1 2 3 5 9
1 3 9
0 6 8 11 13
3 4 6 8 9
1 3 4 5 13
4 7 11 13 14
2 4 9 11
4 6 11 12 13
7 10 12 13 14
0 3 11 12
1 5 8
11 13 14
2 9 12
5 8 11 12 14
6 7 8 9 12
0 2 3 14
9 11 13 14
1 10 11 13
4 7 13 14
4 6 11 12
0 3 8
3 11 13
0 1 2 5
3 7 8 9 11
5 8 12
9 10 13 14
5 8 9 11 14
4 7 12 13
1 3 10 11 14
0 3 10
2 6 7 13
0 5 7 11
0 1 6 13
5 6 11 13 14
0 1 4 8 9
1 2 3 11 12
0 2 4 7 13
0 7 11 13
4 7 10 13
0 5 7 12 13
1 2 11
0 5 9 11
4 7 8 13
0 1 9
0 5 9 11
1 2 6 11 14
1 7 8 10 13
5 9 12
3 6 11
2 3 6 7 8
7 8 9 12 13
3 5 12 14
0 2 3 9 14
0 2 3 4
4 5 11 12
6 7 10 11 13
1 5 12 13 14
6 7 10 11 12
1 3 5 7 11
1 4 8 11 13
2 5 14
0 4 12
0 3 10 12
1 3 5 9 11
3 10 14
1 4 5
4 7 8 14
1 11 12
2 10 14
4 9 12 13
7 11 14
0 4 7 11
0 1 4 8 10
0 5 6 10
2 9 10
2 5 6 10 13
5 8 11 12 13
1 6 7 9 11
1 4 6
2 8 9
3 6 7 9 12
1 4 8 9 11
0 4 7 9 13
0 1 8 11 12
0 8 12
0 12 13
2 5 11 12
5 7 11 12
3 7 9 13
4 8 11 12
2 6 10 12 13
2 4 7 10 13
2 7 11 12
0 2 10 11 13
2 7 8 12 13
1 7 12 14
0 5 7 9 10
1 5 6 8 14
3 4 8 11
0 1 4 10
2 7 12
1 7 9 11 14
2 6 9 12 13
6 11 13
2 6 11 13 14
0 1 9 11 13
1 3 11
6 7 8 10 11
5 6 7
3 6 9 12
5 7 8 9 13
0 4 5 11 12
3 6 7
3 4 8 10 12
0 6 13
4 8 10 14
2 5 7 13
1 5 12 13
3 4 8 12
3 8 10 11
6 8 12
0 1 2
0 6 7
1 12 13
4 9 11
0 8 10
0 1 6 8
0 1 5 6 12
2 10 13 14
6 7 14
2 4 8 14
2 8 13
1 8 10 11
0 3 8 14
0 2 6 7 12
2 12 13 14
0 1 7 9
0 7 9 12
6 9 11 12
2 9 13 14
0 2 8 11
1 6 8 13 14
0 1 12 13 14
3 5 9 13
1 4 6 8
2 3 4 5 7
2 6 11 12 14
2 4 7
0 4 14
1 6 8 9 10
1 4 9 11
5 6 7 8 13
7 11 12
0 3 9
6 10 12
1 3 5 9 10
1 6 9
0 2 6 8
2 6 7 9 10
6 9 12
2 4 11 13
0 7 10
1 2 3 5 11
0 2 12
0 4 7 12
2 5 7 12 14
5 8 11 13 14
1 5 6 8 11
3 7 10 11
0 2 3 9
0 3 8 11 13
0 1 2 4 7
6 8 10 12 13
4 7 11 12
0 1 3 5 8
4 9 11 12
6 7 10 14
1 8 11 12
1 3 4 8
3 5 7 12 14
0 3 10 11 12
2 7 11 14
2 3 14
1 5 7 10 11
8 9 10 13
0 3 6 11
1 9 12
7 9 10 14
5 6 8
1 5 6 7 10
3 5 11
1 5 9 14
2 10 14
0 2 4 9
0 7 11 13 14
4 8 12 13 14
Processing times (o m w p):
0 1 0 74
0 1 1 75
0 1 2 81
0 1 6 79
0 1 8 82
0 1 9 71
0 1 10 72
0 1 14 73
0 4 0 97
0 4 6 93
0 4 7 87
0 4 8 90
0 4 9 99
0 4 10 90
0 4 13 98
0 4 14 97
0 7 2 72
0 7 3 73
0 7 5 79
0 7 6 77
0 7 7 80
0 7 8 69
0 7 10 70
0 7 14 71
0 11 2 77
0 11 3 89
0 11 9 75
0 11 10 80
0 11 11 87
0 11 12 80
0 11 13 76
0 11 14 89
1 1 0 59
1 1 1 61
1 1 2 59
1 1 6 64
1 1 8 59
1 1 9 60
1 1 10 62
1 1 14 61
1 4 0 61
1 4 6 63
1 4 7 61
1 4 8 66
1 4 9 61
1 4 10 62
1 4 13 64
1 4 14 63
1 8 0 59
1 8 2 61
1 8 7 59
1 8 8 64
1 8 10 59
1 8 11 60
1 8 12 62
1 8 14 61
1 12 0 64
1 12 3 66
1 12 6 64
1 12 10 69
1 12 11 64
1 12 12 65
1 12 13 67
1 12 14 66
2 0 1 67
2 0 4 68
2 0 7 74
2 0 8 72
2 0 9 75
2 0 11 64
2 0 12 65
2 0 13 66
2 1 0 68
2 1 1 69
2 1 2 75
2 1 6 73
2 1 8 76
2 1 9 65
2 1 10 66
2 1 14 67
2 2 0 74
2 2 1 75
2 2 2 81
2 2 4 79
2 2 8 82
2 2 9 71
2 2 11 72
2 2 12 73
2 9 0 72
2 9 1 73
2 9 2 79
2 9 3 77
2 9 4 80
2 9 7 69
2 9 12 70
2 9 14 71
2 13 2 76
2 13 4 74
2 13 7 83
2 13 8 75
2 13 9 72
2 13 11 76
2 13 12 74
2 13 13 77
3 2 0 62
3 2 1 64
3 2 2 62
3 2 4 67
3 2 8 62
3 2 9 63
3 2 11 65
3 2 12 64
3 9 0 64
3 9 1 66
3 9 2 64
3 9 3 69
3 9 4 64
3 9 7 65
3 9 12 67
3 9 14 66
3 10 0 62
3 10 3 64
3 10 5 62
3 10 6 67
3 10 7 62
3 10 10 63
3 10 12 65
3 10 14 64
3 14 0 64
3 14 1 70
3 14 2 74
3 14 3 67
3 14 5 71
3 14 6 67
3 14 7 75
3 14 11 64
4 4 0 103
4 4 6 95
4 4 7 103
4 4 8 100
4 4 9 95
4 4 10 102
4 4 13 102
4 4 14 95
4 6 0 94
4 6 3 103
4 6 4 101
4 6 7 106
4 6 9 101
4 6 10 109
4 6 13 90
4 6 14 103
4 8 0 100
4 8 2 96
4 8 7 90
4 8 8 93
4 8 10 102
4 8 11 93
4 8 12 101
4 8 14 100
4 9 0 103
4 9 1 99
4 9 2 93
4 9 3 96
4 9 4 105
4 9 7 96
4 9 12 104
4 9 14 103
4 10 0 105
4 10 3 97
4 10 5 105
4 10 6 102
4 10 7 97
4 10 10 104
4 10 12 104
4 10 14 97
5 0 1 31
5 0 4 33
5 0 7 31
5 0 8 29
5 0 9 31
5 0 11 32
5 0 12 27
5 0 13 33
5 1 0 31
5 1 1 33
5 1 2 31
5 1 6 29
5 1 8 31
5 1 9 32
5 1 10 27
5 1 14 33
5 2 0 29
5 2 1 29
5 2 2 27
5 2 4 26
5 2 8 27
5 2 9 26
5 2 11 28
5 2 12 29
5 9 0 28
5 9 1 28
5 9 2 26
5 9 3 25
5 9 4 26
5 9 7 25
5 9 12 27
5 9 14 28
6 0 1 47
6 0 4 43
6 0 7 47
6 0 8 50
6 0 9 49
6 0 11 50
6 0 12 48
6 0 13 47
6 1 0 43
6 1 1 39
6 1 2 43
6 1 6 46
6 1 8 45
6 1 9 46
6 1 10 44
6 1 14 43
6 8 0 47
6 8 2 43
6 8 7 47
6 8 8 50
6 8 10 49
6 8 11 50
6 8 12 48
6 8 14 47
7 8 0 12
7 8 2 13
7 8 7 14
7 8 8 14
7 8 10 14
7 8 11 12
7 8 12 12
7 8 14 12
7 9 0 13
7 9 1 14
7 9 2 15
7 9 3 15
7 9 4 15
7 9 7 13
7 9 12 13
7 9 14 13
7 11 2 14
7 11 3 15
7 11 9 16
7 11 10 16
7 11 11 16
7 11 12 14
7 11 13 14
7 11 14 14
7 12 0 14
7 12 3 15
7 12 6 16
7 12 10 16
7 12 11 16
7 12 12 14
7 12 13 14
7 12 14 14
8 5 0 49
8 5 5 49
8 5 6 47
8 5 7 46
8 5 8 47
8 5 10 46
8 5 11 54
8 5 14 49
8 6 0 49
8 6 3 49
8 6 4 47
8 6 7 46
8 6 9 47
8 6 10 46
8 6 13 54
8 6 14 49
8 9 0 50
8 9 1 46
8 9 2 50
8 9 3 53
8 9 4 52
8 9 7 53
8 9 12 51
8 9 14 50
9 0 1 25
9 0 4 25
9 0 7 23
9 0 8 22
9 0 9 23
9 0 11 22
9 0 12 24
9 0 13 25
9 1 0 25
9 1 1 25
9 1 2 23
9 1 6 22
9 1 8 23
9 1 9 22
9 1 10 24
9 1 14 25
9 3 0 23
9 3 1 23
9 3 3 21
9 3 4 20
9 3 5 21
9 3 6 20
9 3 7 22
9 3 9 23
9 6 0 22
9 6 3 22
9 6 4 20
9 6 7 19
9 6 9 20
9 6 10 19
9 6 13 21
9 6 14 22
10 3 0 13
10 3 1 14
10 3 3 15
10 3 4 15
10 3 5 15
10 3 6 13
10 3 7 13
10 3 9 13
10 6 0 14
10 6 3 15
10 6 4 16
10 6 7 16
10 6 9 16
10 6 10 14
10 6 13 14
10 6 14 14
10 7 2 15
10 7 3 16
10 7 5 17
10 7 6 17
10 7 7 17
10 7 8 15
10 7 10 15
10 7 14 15
10 9 0 15
10 9 1 16
10 9 2 17
10 9 3 17
10 9 4 17
10 9 7 15
10 9 12 15
10 9 14 15
11 1 0 43
11 1 1 39
11 1 2 43
11 1 6 46
11 1 8 45
11 1 9 46
11 1 10 44
11 1 14 43
11 4 0 35
11 4 6 36
11 4 7 39
11 4 8 38
11 4 9 39
11 4 10 34
11 4 13 34
11 4 14 35
11 7 2 43
11 7 3 39
11 7 5 43
11 7 6 46
11 7 7 45
11 7 8 46
11 7 10 44
11 7 14 43
12 8 0 67
12 8 2 68
12 8 7 74
12 8 8 72
12 8 10 75
12 8 11 64
12 8 12 65
12 8 14 66
12 9 0 68
12 9 1 69
12 9 2 75
12 9 3 73
12 9 4 76
12 9 7 65
12 9 12 66
12 9 14 67
12 10 0 74
12 10 3 75
12 10 5 81
12 10 6 79
12 10 7 82
12 10 10 71
12 10 12 72
12 10 14 73
12 13 2 72
12 13 4 73
12 13 7 79
12 13 8 77
12 13 9 80
12 13 11 69
12 13 12 70
12 13 13 71
12 14 0 76
12 14 1 74
12 14 2 83
12 14 3 75
12 14 5 72
12 14 6 76
12 14 7 74
12 14 11 77
13 0 1 25
13 0 4 25
13 0 7 23
13 0 8 22
13 0 9 23
13 0 11 22
13 0 12 24
13 0 13 25
13 6 0 25
13 6 3 25
13 6 4 23
13 6 7 22
13 6 9 23
13 6 10 22
13 6 13 24
13 6 14 25
13 7 2 23
13 7 3 23
13 7 5 21
13 7 6 20
13 7 7 21
13 7 8 20
13 7 10 22
13 7 14 23
13 10 0 22
13 10 3 22
13 10 5 20
13 10 6 19
13 10 7 20
13 10 10 19
13 10 12 21
13 10 14 22
13 14 0 23
13 14 1 23
13 14 2 21
13 14 3 20
13 14 5 21
13 14 6 20
13 14 7 22
13 14 11 23
14 0 1 76
14 0 4 74
14 0 7 83
14 0 8 75
14 0 9 72
14 0 11 76
14 0 12 74
14 0 13 77
14 5 0 98
14 5 5 94
14 5 6 88
14 5 7 91
14 5 8 100
14 5 10 91
14 5 11 99
14 5 14 98
14 6 0 73
14 6 3 74
14 6 4 80
14 6 7 78
14 6 9 81
14 6 10 70
14 6 13 71
14 6 14 72
14 7 2 78
14 7 3 90
14 7 5 76
14 7 6 81
14 7 7 88
14 7 8 81
14 7 10 77
14 7 14 90
14 8 0 95
14 8 2 95
14 8 7 81
14 8 8 87
14 8 10 83
14 8 11 89
14 8 12 88
14 8 14 81
15 0 1 76
15 0 4 88
15 0 7 74
15 0 8 79
15 0 9 86
15 0 11 79
15 0 12 75
15 0 13 88
15 6 0 99
15 6 3 95
15 6 4 89
15 6 7 92
15 6 9 101
15 6 10 92
15 6 13 100
15 6 14 99
15 11 2 74
15 11 3 75
15 11 9 81
15 11 10 79
15 11 11 82
15 11 12 71
15 11 13 72
15 11 14 73
15 14 0 79
15 14 1 91
15 14 2 77
15 14 3 82
15 14 5 89
15 14 6 82
15 14 7 78
15 14 11 91
16 7 2 59
16 7 3 61
16 7 5 59
16 7 6 64
16 7 7 59
16 7 8 60
16 7 10 62
16 7 14 61
16 9 0 61
16 9 1 63
16 9 2 61
16 9 3 66
16 9 4 61
16 9 7 62
16 9 12 64
16 9 14 63
16 10 0 59
16 10 3 61
16 10 5 59
16 10 6 64
16 10 7 59
16 10 10 60
16 10 12 62
16 10 14 61
16 13 2 64
16 13 4 66
16 13 7 64
16 13 8 69
16 13 9 64
16 13 11 65
16 13 12 67
16 13 13 66
16 14 0 59
16 14 1 61
16 14 2 59
16 14 3 64
16 14 5 59
16 14 6 60
16 14 7 62
16 14 11 61
17 0 1 51
17 0 4 51
17 0 7 49
17 0 8 48
17 0 9 49
17 0 11 48
17 0 12 56
17 0 13 51
17 3 0 51
17 3 1 51
17 3 3 49
17 3 4 48
17 3 5 49
17 3 6 48
17 3 7 56
17 3 9 51
17 10 0 49
17 10 3 49
17 10 5 47
17 10 6 46
17 10 7 47
17 10 10 46
17 10 12 54
17 10 14 49
18 2 0 32
18 2 1 33
18 2 2 36
18 2 4 35
18 2 8 36
18 2 9 31
18 2 11 31
18 2 12 32
18 3 0 33
18 3 1 34
18 3 3 37
18 3 4 36
18 3 5 37
18 3 6 32
18 3 7 32
18 3 9 33
18 4 0 36
18 4 6 37
18 4 7 40
18 4 8 39
18 4 9 40
18 4 10 35
18 4 13 35
18 4 14 36
18 10 0 35
18 10 3 36
18 10 5 39
18 10 6 38
18 10 7 39
18 10 10 34
18 10 12 34
18 10 14 35
19 2 0 15
19 2 1 16
19 2 2 17
19 2 4 17
19 2 8 17
19 2 9 15
19 2 11 15
19 2 12 15
19 6 0 16
19 6 3 17
19 6 4 18
19 6 7 18
19 6 9 18
19 6 10 16
19 6 13 16
19 6 14 16
19 7 2 17
19 7 3 18
19 7 5 19
19 7 6 19
19 7 7 19
19 7 8 17
19 7 10 17
19 7 14 17
20 3 0 49
20 3 1 49
20 3 3 47
20 3 4 46
20 3 5 47
20 3 6 46
20 3 7 54
20 3 9 49
20 8 0 49
20 8 2 49
20 8 7 47
20 8 8 46
20 8 10 47
20 8 11 46
20 8 12 54
20 8 14 49
20 14 0 50
20 14 1 46
20 14 2 50
20 14 3 53
20 14 5 52
20 14 6 53
20 14 7 51
20 14 11 50
21 2 0 76
21 2 1 88
21 2 2 74
21 2 4 79
21 2 8 86
21 2 9 79
21 2 11 75
21 2 12 88
21 5 0 99
21 5 5 95
21 5 6 89
21 5 7 92
21 5 8 101
21 5 10 92
21 5 11 100
21 5 14 99
21 7 2 74
21 7 3 75
21 7 5 81
21 7 6 79
21 7 7 82
21 7 8 71
21 7 10 72
21 7 14 73
21 10 0 79
21 10 3 91
21 10 5 77
21 10 6 82
21 10 7 89
21 10 10 82
21 10 12 78
21 10 14 91
21 12 0 97
21 12 3 93
21 12 6 87
21 12 10 90
21 12 11 99
21 12 12 90
21 12 13 98
21 12 14 97
22 2 0 9
22 2 1 10
22 2 2 11
22 2 4 11
22 2 8 11
22 2 9 9
22 2 11 9
22 2 12 9
22 8 0 10
22 8 2 11
22 8 7 12
22 8 8 12
22 8 10 12
22 8 11 10
22 8 12 10
22 8 14 10
22 11 2 11
22 11 3 12
22 11 9 13
22 11 10 13
22 11 11 13
22 11 12 11
22 11 13 11
22 11 14 11
22 14 0 11
22 14 1 12
22 14 2 13
22 14 3 13
22 14 5 13
22 14 6 11
22 14 7 11
22 14 11 11
23 0 1 63
23 0 4 65
23 0 7 63
23 0 8 68
23 0 9 63
23 0 11 64
23 0 12 66
23 0 13 65
23 1 0 65
23 1 1 67
23 1 2 65
23 1 6 70
23 1 8 65
23 1 9 66
23 1 10 68
23 1 14 67
23 3 0 63
23 3 1 65
23 3 3 63
23 3 4 68
23 3 5 63
23 3 6 64
23 3 7 66
23 3 9 65
24 0 1 73
24 0 4 74
24 0 7 80
24 0 8 78
24 0 9 81
24 0 11 70
24 0 12 71
24 0 13 72
24 2 0 95
24 2 1 95
24 2 2 81
24 2 4 87
24 2 8 83
24 2 9 89
24 2 11 88
24 2 12 81
24 3 0 71
24 3 1 72
24 3 3 78
24 3 4 76
24 3 5 79
24 3 6 68
24 3 7 69
24 3 9 70
24 12 0 76
24 12 3 88
24 12 6 74
24 12 10 79
24 12 11 86
24 12 12 79
24 12 13 75
24 12 14 88
25 1 0 10
25 1 1 11
25 1 2 12
25 1 6 12
25 1 8 12
25 1 9 10
25 1 10 10
25 1 14 10
25 4 0 11
25 4 6 12
25 4 7 13
25 4 8 13
25 4 9 13
25 4 10 11
25 4 13 11
25 4 14 11
25 7 2 12
25 7 3 13
25 7 5 14
25 7 6 14
25 7 7 14
25 7 8 12
25 7 10 12
25 7 14 12
25 12 0 12
25 12 3 13
25 12 6 14
25 12 10 14
25 12 11 14
25 12 12 12
25 12 13 12
25 12 14 12
26 0 1 72
26 0 4 73
26 0 7 79
26 0 8 77
26 0 9 80
26 0 11 69
26 0 12 70
26 0 13 71
26 3 0 84
26 3 1 96
26 3 3 82
26 3 4 87
26 3 5 94
26 3 6 87
26 3 7 83
26 3 9 96
26 5 0 70
26 5 5 71
26 5 6 77
26 5 7 75
26 5 8 78
26 5 10 67
26 5 11 68
26 5 14 69
26 12 0 76
26 12 3 74
26 12 6 83
26 12 10 75
26 12 11 72
26 12 12 76
26 12 13 74
26 12 14 77
26 14 0 82
26 14 1 94
26 14 2 80
26 14 3 85
26 14 5 92
26 14 6 85
26 14 7 81
26 14 11 94
27 5 0 74
27 5 5 75
27 5 6 81
27 5 7 79
27 5 8 82
27 5 10 71
27 5 11 72
27 5 14 73
27 6 0 97
27 6 3 93
27 6 4 87
27 6 7 90
27 6 9 99
27 6 10 90
27 6 13 98
27 6 14 97
27 7 2 72
27 7 3 73
27 7 5 79
27 7 6 77
27 7 7 80
27 7 8 69
27 7 10 70
27 7 14 71
28 5 0 104
28 5 5 100
28 5 6 94
28 5 7 97
28 5 8 106
28 5 10 97
28 5 11 105
28 5 14 104
28 10 0 100
28 10 3 96
28 10 5 90
28 10 6 93
28 10 7 102
28 10 10 93
28 10 12 101
28 10 14 100
28 14 0 83
28 14 1 95
28 14 2 81
28 14 3 86
28 14 5 93
28 14 6 86
28 14 7 82
28 14 11 95
29 2 0 51
29 2 1 51
29 2 2 49
29 2 4 48
29 2 8 49
29 2 9 48
29 2 11 56
29 2 12 51
29 9 0 51
29 9 1 51
29 9 2 49
29 9 3 48
29 9 4 49
29 9 7 48
29 9 12 56
29 9 14 51
29 10 0 49
29 10 3 49
29 10 5 47
29 10 6 46
29 10 7 47
29 10 10 46
29 10 12 54
29 10 14 49
29 11 2 55
29 11 3 47
29 11 9 55
29 11 10 52
29 11 11 47
29 11 12 54
29 11 13 54
29 11 14 47
29 14 0 49
29 14 1 49
29 14 2 47
29 14 3 46
29 14 5 47
29 14 6 46
29 14 7 54
29 14 11 49
30 2 0 104
30 2 1 100
30 2 2 94
30 2 4 97
30 2 8 106
30 2 9 97
30 2 11 105
30 2 12 104
30 9 0 100
30 9 1 96
30 9 2 90
30 9 3 93
30 9 4 102
30 9 7 93
30 9 12 101
30 9 14 100
30 12 0 83
30 12 3 95
30 12 6 81
30 12 10 86
30 12 11 93
30 12 12 86
30 12 13 82
30 12 14 95
30 13 2 97
30 13 4 93
30 13 7 87
30 13 8 90
30 13 9 99
30 13 11 90
30 13 12 98
30 13 13 97
31 2 0 66
31 2 1 68
31 2 2 66
31 2 4 71
31 2 8 66
31 2 9 67
31 2 11 69
31 2 12 68
31 3 0 64
31 3 1 70
31 3 3 74
31 3 4 67
31 3 5 71
31 3 6 67
31 3 7 75
31 3 9 64
31 10 0 71
31 10 3 72
31 10 5 78
31 10 6 76
31 10 7 79
31 10 10 68
31 10 12 69
31 10 14 70
31 11 2 69
31 11 3 70
31 11 9 76
31 11 10 74
31 11 11 77
31 11 12 66
31 11 13 67
31 11 14 68
31 12 0 72
31 12 3 73
31 12 6 79
31 12 10 77
31 12 11 80
31 12 12 69
31 12 13 70
31 12 14 71
32 3 0 71
32 3 1 72
32 3 3 78
32 3 4 76
32 3 5 79
32 3 6 68
32 3 7 69
32 3 9 70
32 11 2 69
32 11 3 70
32 11 9 76
32 11 10 74
32 11 11 77
32 11 12 66
32 11 13 67
32 11 14 68
32 12 0 78
32 12 3 90
32 12 6 76
32 12 10 81
32 12 11 88
32 12 12 81
32 12 13 77
32 12 14 90
32 13 2 70
32 13 4 71
32 13 7 77
32 13 8 75
32 13 9 78
32 13 11 67
32 13 12 68
32 13 13 69
32 14 0 67
32 14 1 68
32 14 2 74
32 14 3 72
32 14 5 75
32 14 6 64
32 14 7 65
32 14 11 66
33 0 1 55
33 0 4 47
33 0 7 55
33 0 8 52
33 0 9 47
33 0 11 54
33 0 12 54
33 0 13 47
33 6 0 47
33 6 3 43
33 6 4 47
33 6 7 50
33 6 9 49
33 6 10 50
33 6 13 48
33 6 14 47
33 9 0 55
33 9 1 47
33 9 2 55
33 9 3 52
33 9 4 47
33 9 7 54
33 9 12 54
33 9 14 47
34 4 0 15
34 4 6 16
34 4 7 17
34 4 8 17
34 4 9 17
34 4 10 15
34 4 13 15
34 4 14 15
34 7 2 16
34 7 3 17
34 7 5 18
34 7 6 18
34 7 7 18
34 7 8 16
34 7 10 16
34 7 14 16
34 8 0 17
34 8 2 18
34 8 7 19
34 8 8 19
34 8 10 19
34 8 11 17
34 8 12 17
34 8 14 17
34 12 0 17
34 12 3 18
34 12 6 19
34 12 10 19
34 12 11 19
34 12 12 17
34 12 13 17
34 12 14 17
34 13 2 17
34 13 4 18
34 13 7 19
34 13 8 19
34 13 9 19
34 13 11 17
34 13 12 17
34 13 13 17
35 2 0 65
35 2 1 67
35 2 2 65
35 2 4 70
35 2 8 65
35 2 9 66
35 2 11 68
35 2 12 67
35 4 0 66
35 4 6 68
35 4 7 66
35 4 8 71
35 4 9 66
35 4 10 67
35 4 13 69
35 4 14 68
35 11 2 70
35 11 3 71
35 11 9 77
35 11 10 75
35 11 11 78
35 11 12 67
35 11 13 68
35 11 14 69
36 0 1 30
36 0 4 30
36 0 7 28
36 0 8 27
36 0 9 28
36 0 11 27
36 0 12 29
36 0 13 30
36 2 0 30
36 2 1 30
36 2 2 28
36 2 4 27
36 2 8 28
36 2 9 27
36 2 11 29
36 2 12 30
36 3 0 28
36 3 1 28
36 3 3 26
36 3 4 25
36 3 5 26
36 3 6 25
36 3 7 27
36 3 9 28
36 5 0 27
36 5 5 27
36 5 6 25
36 5 7 24
36 5 8 25
36 5 10 24
36 5 11 26
36 5 14 27
36 6 0 28
36 6 3 28
36 6 4 26
36 6 7 25
36 6 9 26
36 6 10 25
36 6 13 27
36 6 14 28
37 1 0 25
37 1 1 25
37 1 2 23
37 1 6 22
37 1 8 23
37 1 9 22
37 1 10 24
37 1 14 25
37 7 2 25
37 7 3 25
37 7 5 23
37 7 6 22
37 7 7 23
37 7 8 22
37 7 10 24
37 7 14 25
37 11 2 23
37 11 3 23
37 11 9 21
37 11 10 20
37 11 11 21
37 11 12 20
37 11 13 22
37 11 14 23
38 11 2 62
38 11 3 64
38 11 9 62
38 11 10 67
38 11 11 62
38 11 12 63
38 11 13 65
38 11 14 64
38 12 0 64
38 12 3 66
38 12 6 64
38 12 10 69
38 12 11 64
38 12 12 65
38 12 13 67
38 12 14 66
38 13 2 62
38 13 4 64
38 13 7 62
38 13 8 67
38 13 9 62
38 13 11 63
38 13 12 65
38 13 13 64
39 3 0 50
39 3 1 46
39 3 3 50
39 3 4 53
39 3 5 52
39 3 6 53
39 3 7 51
39 3 9 50
39 7 2 50
39 7 3 46
39 7 5 50
39 7 6 53
39 7 7 52
39 7 8 53
39 7 10 51
39 7 14 50
39 9 0 48
39 9 1 44
39 9 2 48
39 9 3 51
39 9 4 50
39 9 7 51
39 9 12 49
39 9 14 48
39 11 2 47
39 11 3 43
39 11 9 47
39 11 10 50
39 11 11 49
39 11 12 50
39 11 13 48
39 11 14 47
40 6 0 63
40 6 3 57
40 6 4 56
40 6 7 60
40 6 9 64
40 6 10 60
40 6 13 63
40 6 14 60
40 9 0 59
40 9 1 61
40 9 2 59
40 9 3 64
40 9 4 59
40 9 7 60
40 9 12 62
40 9 14 61
40 14 0 63
40 14 1 57
40 14 2 56
40 14 3 60
40 14 5 64
40 14 6 60
40 14 7 63
40 14 11 60
41 5 0 31
41 5 5 32
41 5 6 35
41 5 7 34
41 5 8 35
41 5 10 30
41 5 11 30
41 5 14 31
41 13 2 32
41 13 4 33
41 13 7 36
41 13 8 35
41 13 9 36
41 13 11 31
41 13 12 31
41 13 13 32
41 14 0 35
41 14 1 36
41 14 2 39
41 14 3 38
41 14 5 39
41 14 6 34
41 14 7 34
41 14 11 35
42 3 0 55
42 3 1 55
42 3 3 53
42 3 4 52
42 3 5 53
42 3 6 52
42 3 7 60
42 3 9 55
42 8 0 55
42 8 2 55
42 8 7 53
42 8 8 52
42 8 10 53
42 8 11 52
42 8 12 60
42 8 14 55
42 11 2 53
42 11 3 53
42 11 9 51
42 11 10 50
42 11 11 51
42 11 12 50
42 11 13 58
42 11 14 53
43 0 1 71
43 0 4 72
43 0 7 78
43 0 8 76
43 0 9 79
43 0 11 68
43 0 12 69
43 0 13 70
43 5 0 83
43 5 5 95
43 5 6 81
43 5 7 86
43 5 8 93
43 5 10 86
43 5 11 82
43 5 14 95
43 8 0 69
43 8 2 70
43 8 7 76
43 8 8 74
43 8 10 77
43 8 11 66
43 8 12 67
43 8 14 68
43 11 2 74
43 11 3 75
43 11 9 81
43 11 10 79
43 11 11 82
43 11 12 71
43 11 13 72
43 11 14 73
44 5 0 74
44 5 5 75
44 5 6 81
44 5 7 79
44 5 8 82
44 5 10 71
44 5 11 72
44 5 14 73
44 7 2 97
44 7 3 93
44 7 5 87
44 7 6 90
44 7 7 99
44 7 8 90
44 7 10 98
44 7 14 97
44 8 0 72
44 8 2 73
44 8 7 79
44 8 8 77
44 8 10 80
44 8 11 69
44 8 12 70
44 8 14 71
45 0 1 63
45 0 4 65
45 0 7 63
45 0 8 68
45 0 9 63
45 0 11 64
45 0 12 66
45 0 13 65
45 4 0 65
45 4 6 67
45 4 7 65
45 4 8 70
45 4 9 65
45 4 10 66
45 4 13 68
45 4 14 67
45 6 0 63
45 6 3 65
45 6 4 63
45 6 7 68
45 6 9 63
45 6 10 64
45 6 13 66
45 6 14 65
46 5 0 30
46 5 5 31
46 5 6 34
46 5 7 33
46 5 8 34
46 5 10 29
46 5 11 29
46 5 14 30
46 12 0 31
46 12 3 32
46 12 6 35
46 12 10 34
46 12 11 35
46 12 12 30
46 12 13 30
46 12 14 31
46 13 2 34
46 13 4 35
46 13 7 38
46 13 8 37
46 13 9 38
46 13 11 33
46 13 12 33
46 13 13 34
47 1 0 28
47 1 1 28
47 1 2 26
47 1 6 25
47 1 8 26
47 1 9 25
47 1 10 27
47 1 14 28
47 7 2 28
47 7 3 28
47 7 5 26
47 7 6 25
47 7 7 26
47 7 8 25
47 7 10 27
47 7 14 28
47 9 0 26
47 9 1 26
47 9 2 24
47 9 3 23
47 9 4 24
47 9 7 23
47 9 12 25
47 9 14 26
47 12 0 25
47 12 3 25
47 12 6 23
47 12 10 22
47 12 11 23
47 12 12 22
47 12 13 24
47 12 14 25
48 7 2 63
48 7 3 65
48 7 5 63
48 7 6 68
48 7 7 63
48 7 8 64
48 7 10 66
48 7 14 65
48 9 0 65
48 9 1 67
48 9 2 65
48 9 3 70
48 9 4 65
48 9 7 66
48 9 12 68
48 9 14 67
48 10 0 63
48 10 3 65
48 10 5 63
48 10 6 68
48 10 7 63
48 10 10 64
48 10 12 66
48 10 14 65
48 11 2 66
48 11 3 67
48 11 9 73
48 11 10 71
48 11 11 74
48 11 12 63
48 11 13 64
48 11 14 65
49 3 0 29
49 3 1 30
49 3 3 33
49 3 4 32
49 3 5 33
49 3 6 28
49 3 7 28
49 3 9 29
49 4 0 30
49 4 6 31
49 4 7 34
49 4 8 33
49 4 9 34
49 4 10 29
49 4 13 29
49 4 14 30
49 11 2 33
49 11 3 34
49 11 9 37
49 11 10 36
49 11 11 37
49 11 12 32
49 11 13 32
49 11 14 33
49 14 0 32
49 14 1 33
49 14 2 36
49 14 3 35
49 14 5 36
49 14 6 31
49 14 7 31
49 14 11 32
50 5 0 53
50 5 5 53
50 5 6 51
50 5 7 50
50 5 8 51
50 5 10 50
50 5 11 58
50 5 14 53
50 7 2 53
50 7 3 53
50 7 5 51
50 7 6 50
50 7 7 51
50 7 8 50
50 7 10 58
50 7 14 53
50 11 2 51
50 11 3 51
50 11 9 49
50 11 10 48
50 11 11 49
50 11 12 48
50 11 13 56
50 11 14 51
50 13 2 50
50 13 4 50
50 13 7 48
50 13 8 47
50 13 9 48
50 13 11 47
50 13 12 55
50 13 13 50
51 2 0 30
51 2 1 30
51 2 2 28
51 2 4 27
51 2 8 28
51 2 9 27
51 2 11 29
51 2 12 30
51 4 0 31
51 4 6 33
51 4 7 31
51 4 8 29
51 4 9 31
51 4 10 32
51 4 13 27
51 4 14 33
51 13 2 30
51 13 4 31
51 13 7 34
51 13 8 33
51 13 9 34
51 13 11 29
51 13 12 29
51 13 13 30
51 14 0 29
51 14 1 30
51 14 2 33
51 14 3 32
51 14 5 33
51 14 6 28
51 14 7 28
51 14 11 29
52 0 1 104
52 0 4 96
52 0 7 104
52 0 8 101
52 0 9 96
52 0 11 103
52 0 12 103
52 0 13 96
52 1 0 100
52 1 1 92
52 1 2 100
52 1 6 97
52 1 8 92
52 1 9 99
52 1 10 99
52 1 14 92
52 6 0 101
52 6 3 97
52 6 4 91
52 6 7 94
52 6 9 103
52 6 10 94
52 6 13 102
52 6 14 101
52 8 0 104
52 8 2 100
52 8 7 94
52 8 8 97
52 8 10 106
52 8 11 97
52 8 12 105
52 8 14 104
52 10 0 106
52 10 3 98
52 10 5 106
52 10 6 103
52 10 7 98
52 10 10 105
52 10 12 105
52 10 14 98
53 0 1 40
53 0 4 43
53 0 7 38
53 0 8 43
53 0 9 41
53 0 11 43
53 0 12 39
53 0 13 43
53 6 0 44
53 6 3 40
53 6 4 44
53 6 7 47
53 6 9 46
53 6 10 47
53 6 13 45
53 6 14 44
53 8 0 35
53 8 2 36
53 8 7 39
53 8 8 38
53 8 10 39
53 8 11 34
53 8 12 34
53 8 14 35
53 14 0 44
53 14 1 40
53 14 2 44
53 14 3 47
53 14 5 46
53 14 6 47
53 14 7 45
53 14 11 44
54 1 0 13
54 1 1 14
54 1 2 15
54 1 6 15
54 1 8 15
54 1 9 13
54 1 10 13
54 1 14 13
54 2 0 14
54 2 1 15
54 2 2 16
54 2 4 16
54 2 8 16
54 2 9 14
54 2 11 14
54 2 12 14
54 4 0 15
54 4 6 16
54 4 7 17
54 4 8 17
54 4 9 17
54 4 10 15
54 4 13 15
54 4 14 15
54 7 2 15
54 7 3 16
54 7 5 17
54 7 6 17
54 7 7 17
54 7 8 15
54 7 10 15
54 7 14 15
55 0 1 30
55 0 4 30
55 0 7 28
55 0 8 27
55 0 9 28
55 0 11 27
55 0 12 29
55 0 13 30
55 2 0 31
55 2 1 33
55 2 2 31
55 2 4 29
55 2 8 31
55 2 9 32
55 2 11 27
55 2 12 33
55 5 0 30
55 5 5 31
55 5 6 34
55 5 7 33
55 5 8 34
55 5 10 29
55 5 11 29
55 5 14 30
55 8 0 29
55 8 2 30
55 8 7 33
55 8 8 32
55 8 10 33
55 8 11 28
55 8 12 28
55 8 14 29
55 14 0 30
55 14 1 31
55 14 2 34
55 14 3 33
55 14 5 34
55 14 6 29
55 14 7 29
55 14 11 30
56 3 0 76
56 3 1 74
56 3 3 83
56 3 4 75
56 3 5 72
56 3 6 76
56 3 7 74
56 3 9 77
56 4 0 98
56 4 6 94
56 4 7 88
56 4 8 91
56 4 9 100
56 4 10 91
56 4 13 99
56 4 14 98
56 9 0 73
56 9 1 74
56 9 2 80
56 9 3 78
56 9 4 81
56 9 7 70
56 9 12 71
56 9 14 72
56 14 0 78
56 14 1 90
56 14 2 76
56 14 3 81
56 14 5 88
56 14 6 81
56 14 7 77
56 14 11 90
57 1 0 11
57 1 1 12
57 1 2 13
57 1 6 13
57 1 8 13
57 1 9 11
57 1 10 11
57 1 14 11
57 3 0 12
57 3 1 13
57 3 3 14
57 3 4 14
57 3 5 14
57 3 6 12
57 3 7 12
57 3 9 12
57 9 0 13
57 9 1 14
57 9 2 15
57 9 3 15
57 9 4 15
57 9 7 13
57 9 12 13
57 9 14 13
58 1 0 73
58 1 1 74
58 1 2 80
58 1 6 78
58 1 8 81
58 1 9 70
58 1 10 71
58 1 14 72
58 3 0 95
58 3 1 95
58 3 3 81
58 3 4 87
58 3 5 83
58 3 6 89
58 3 7 88
58 3 9 81
58 7 2 71
58 7 3 72
58 7 5 78
58 7 6 76
58 7 7 79
58 7 8 68
58 7 10 69
58 7 14 70
58 13 2 76
58 13 4 88
58 13 7 74
58 13 8 79
58 13 9 86
58 13 11 79
58 13 12 75
58 13 13 88
58 14 0 83
58 14 1 95
58 14 2 81
58 14 3 86
58 14 5 93
58 14 6 86
58 14 7 82
58 14 11 95
59 0 1 48
59 0 4 44
59 0 7 48
59 0 8 51
59 0 9 50
59 0 11 51
59 0 12 49
59 0 13 48
59 2 0 44
59 2 1 40
59 2 2 44
59 2 4 47
59 2 8 46
59 2 9 47
59 2 11 45
59 2 12 44
59 3 0 48
59 3 1 44
59 3 3 48
59 3 4 51
59 3 5 50
59 3 6 51
59 3 7 49
59 3 9 48
59 8 0 55
59 8 2 47
59 8 7 55
59 8 8 52
59 8 10 47
59 8 11 54
59 8 12 54
59 8 14 47
60 0 1 59
60 0 4 61
60 0 7 59
60 0 8 64
60 0 9 59
60 0 11 60
60 0 12 62
60 0 13 61
60 5 0 61
60 5 5 63
60 5 6 61
60 5 7 66
60 5 8 61
60 5 10 62
60 5 11 64
60 5 14 63
60 8 0 59
60 8 2 61
60 8 7 59
60 8 8 64
60 8 10 59
60 8 11 60
60 8 12 62
60 8 14 61
60 11 2 64
60 11 3 66
60 11 9 64
60 11 10 69
60 11 11 64
60 11 12 65
60 11 13 67
60 11 14 66
61 0 1 48
61 0 4 44
61 0 7 48
61 0 8 51
61 0 9 50
61 0 11 51
61 0 12 49
61 0 13 48
61 6 0 44
61 6 3 40
61 6 4 44
61 6 7 47
61 6 9 46
61 6 10 47
61 6 13 45
61 6 14 44
61 8 0 48
61 8 2 44
61 8 7 48
61 8 8 51
61 8 10 50
61 8 11 51
61 8 12 49
61 8 14 48
62 1 0 30
62 1 1 31
62 1 2 34
62 1 6 33
62 1 8 34
62 1 9 29
62 1 10 29
62 1 14 30
62 7 2 31
62 7 3 32
62 7 5 35
62 7 6 34
62 7 7 35
62 7 8 30
62 7 10 30
62 7 14 31
62 10 0 34
62 10 3 35
62 10 5 38
62 10 6 37
62 10 7 38
62 10 10 33
62 10 12 33
62 10 14 34
63 2 0 11
63 2 1 12
63 2 2 13
63 2 4 13
63 2 8 13
63 2 9 11
63 2 11 11
63 2 12 11
63 4 0 12
63 4 6 13
63 4 7 14
63 4 8 14
63 4 9 14
63 4 10 12
63 4 13 12
63 4 14 12
63 5 0 13
63 5 5 14
63 5 6 15
63 5 7 15
63 5 8 15
63 5 10 13
63 5 11 13
63 5 14 13
63 7 2 13
63 7 3 14
63 7 5 15
63 7 6 15
63 7 7 15
63 7 8 13
63 7 10 13
63 7 14 13
63 11 2 13
63 11 3 14
63 11 9 15
63 11 10 15
63 11 11 15
63 11 12 13
63 11 13 13
63 11 14 13
64 2 0 29
64 2 1 29
64 2 2 27
64 2 4 26
64 2 8 27
64 2 9 26
64 2 11 28
64 2 12 29
64 3 0 29
64 3 1 29
64 3 3 27
64 3 4 26
64 3 5 27
64 3 6 26
64 3 7 28
64 3 9 29
64 10 0 27
64 10 3 27
64 10 5 25
64 10 6 24
64 10 7 25
64 10 10 24
64 10 12 26
64 10 14 27
64 13 2 26
64 13 4 26
64 13 7 24
64 13 8 23
64 13 9 24
64 13 11 23
64 13 12 25
64 13 13 26
65 9 0 53
65 9 1 53
65 9 2 51
65 9 3 50
65 9 4 51
65 9 7 50
65 9 12 58
65 9 14 53
65 11 2 48
65 11 3 44
65 11 9 48
65 11 10 51
65 11 11 50
65 11 12 51
65 11 13 49
65 11 14 48
65 14 0 53
65 14 1 53
65 14 2 51
65 14 3 50
65 14 5 51
65 14 6 50
65 14 7 58
65 14 11 53
66 5 0 63
66 5 5 57
66 5 6 56
66 5 7 60
66 5 8 64
66 5 10 60
66 5 11 63
66 5 14 60
66 6 0 59
66 6 3 61
66 6 4 59
66 6 7 64
66 6 9 59
66 6 10 60
66 6 13 62
66 6 14 61
66 8 0 63
66 8 2 57
66 8 7 56
66 8 8 60
66 8 10 64
66 8 11 60
66 8 12 63
66 8 14 60
67 1 0 47
67 1 1 43
67 1 2 47
67 1 6 50
67 1 8 49
67 1 9 50
67 1 10 48
67 1 14 47
67 5 0 43
67 5 5 39
67 5 6 43
67 5 7 46
67 5 8 45
67 5 10 46
67 5 11 44
67 5 14 43
67 8 0 47
67 8 2 43
67 8 7 47
67 8 8 50
67 8 10 49
67 8 11 50
67 8 12 48
67 8 14 47
67 9 0 50
67 9 1 46
67 9 2 50
67 9 3 53
67 9 4 52
67 9 7 53
67 9 12 51
67 9 14 50
68 3 0 31
68 3 1 32
68 3 3 35
68 3 4 34
68 3 5 35
68 3 6 30
68 3 7 30
68 3 9 31
68 4 0 32
68 4 6 33
68 4 7 36
68 4 8 35
68 4 9 36
68 4 10 31
68 4 13 31
68 4 14 32
68 12 0 35
68 12 3 36
68 12 6 39
68 12 10 38
68 12 11 39
68 12 12 34
68 12 13 34
68 12 14 35
68 13 2 34
68 13 4 35
68 13 7 38
68 13 8 37
68 13 9 38
68 13 11 33
68 13 12 33
68 13 13 34
68 14 0 35
68 14 1 36
68 14 2 39
68 14 3 38
68 14 5 39
68 14 6 34
68 14 7 34
68 14 11 35
69 0 1 56
69 0 4 56
69 0 7 54
69 0 8 53
69 0 9 54
69 0 11 53
69 0 12 61
69 0 13 56
69 6 0 63
69 6 3 57
69 6 4 56
69 6 7 60
69 6 9 64
69 6 10 60
69 6 13 63
69 6 14 60
69 7 2 56
69 7 3 56
69 7 5 54
69 7 6 53
69 7 7 54
69 7 8 53
69 7 10 61
69 7 14 56
69 10 0 60
69 10 3 62
69 10 5 60
69 10 6 65
69 10 7 60
69 10 10 61
69 10 12 63
69 10 14 62
69 13 2 56
69 13 4 56
69 13 7 54
69 13 8 53
69 13 9 54
69 13 11 53
69 13 12 61
69 13 13 56
70 6 0 62
70 6 3 64
70 6 4 62
70 6 7 67
70 6 9 62
70 6 10 63
70 6 13 65
70 6 14 64
70 9 0 64
70 9 1 66
70 9 2 64
70 9 3 69
70 9 4 64
70 9 7 65
70 9 12 67
70 9 14 66
70 12 0 62
70 12 3 64
70 12 6 62
70 12 10 67
70 12 11 62
70 12 12 63
70 12 13 65
70 12 14 64
71 3 0 33
71 3 1 34
71 3 3 37
71 3 4 36
71 3 5 37
71 3 6 32
71 3 7 32
71 3 9 33
71 6 0 34
71 6 3 35
71 6 4 38
71 6 7 37
71 6 9 38
71 6 10 33
71 6 13 33
71 6 14 34
71 7 2 40
71 7 3 43
71 7 5 38
71 7 6 43
71 7 7 41
71 7 8 43
71 7 10 39
71 7 14 43
71 8 0 36
71 8 2 37
71 8 7 40
71 8 8 39
71 8 10 40
71 8 11 35
71 8 12 35
71 8 14 36
71 13 2 40
71 13 4 43
71 13 7 38
71 13 8 43
71 13 9 41
71 13 11 43
71 13 12 39
71 13 13 43
72 1 0 50
72 1 1 50
72 1 2 48
72 1 6 47
72 1 8 48
72 1 9 47
72 1 10 55
72 1 14 50
72 2 0 50
72 2 1 50
72 2 2 48
72 2 4 47
72 2 8 48
72 2 9 47
72 2 11 55
72 2 12 50
72 4 0 55
72 4 6 47
72 4 7 55
72 4 8 52
72 4 9 47
72 4 10 54
72 4 13 54
72 4 14 47
72 10 0 50
72 10 3 46
72 10 5 50
72 10 6 53
72 10 7 52
72 10 10 53
72 10 12 51
72 10 14 50
72 13 2 55
72 13 4 47
72 13 7 55
72 13 8 52
72 13 9 47
72 13 11 54
72 13 12 54
72 13 13 47
73 2 0 78
73 2 1 90
73 2 2 76
73 2 4 81
73 2 8 88
73 2 9 81
73 2 11 77
73 2 12 90
73 10 0 101
73 10 3 97
73 10 5 91
73 10 6 94
73 10 7 103
73 10 10 94
73 10 12 102
73 10 14 101
73 14 0 76
73 14 1 88
73 14 2 74
73 14 3 79
73 14 5 86
73 14 6 79
73 14 7 75
73 14 11 88
74 1 0 55
74 1 1 47
74 1 2 55
74 1 6 52
74 1 8 47
74 1 9 54
74 1 10 54
74 1 14 47
74 8 0 47
74 8 2 43
74 8 7 47
74 8 8 50
74 8 10 49
74 8 11 50
74 8 12 48
74 8 14 47
74 10 0 55
74 10 3 47
74 10 5 55
74 10 6 52
74 10 7 47
74 10 10 54
74 10 12 54
74 10 14 47
74 11 2 51
74 11 3 51
74 11 9 49
74 11 10 48
74 11 11 49
74 11 12 48
74 11 13 56
74 11 14 51
75 9 0 9
75 9 1 10
75 9 2 11
75 9 3 11
75 9 4 11
75 9 7 9
75 9 12 9
75 9 14 9
75 12 0 10
75 12 3 11
75 12 6 12
75 12 10 12
75 12 11 12
75 12 12 10
75 12 13 10
75 12 14 10
75 13 2 11
75 13 4 12
75 13 7 13
75 13 8 13
75 13 9 13
75 13 11 11
75 13 12 11
75 13 13 11
75 14 0 11
75 14 1 12
75 14 2 13
75 14 3 13
75 14 5 13
75 14 6 11
75 14 7 11
75 14 11 11
76 3 0 69
76 3 1 70
76 3 3 76
76 3 4 74
76 3 5 77
76 3 6 66
76 3 7 67
76 3 9 68
76 6 0 70
76 6 3 71
76 6 4 77
76 6 7 75
76 6 9 78
76 6 10 67
76 6 13 68
76 6 14 69
76 9 0 76
76 9 1 88
76 9 2 74
76 9 3 79
76 9 4 86
76 9 7 79
76 9 12 75
76 9 14 88
76 12 0 74
76 12 3 75
76 12 6 81
76 12 10 79
76 12 11 82
76 12 12 71
76 12 13 72
76 12 14 73
76 14 0 77
76 14 1 89
76 14 2 75
76 14 3 80
76 14 5 87
76 14 6 80
76 14 7 76
76 14 11 89
77 3 0 51
77 3 1 51
77 3 3 49
77 3 4 48
77 3 5 49
77 3 6 48
77 3 7 56
77 3 9 51
77 5 0 51
77 5 5 51
77 5 6 49
77 5 7 48
77 5 8 49
77 5 10 48
77 5 11 56
77 5 14 51
77 10 0 49
77 10 3 49
77 10 5 47
77 10 6 46
77 10 7 47
77 10 10 46
77 10 12 54
77 10 14 49
78 0 1 26
78 0 4 26
78 0 7 24
78 0 8 23
78 0 9 24
78 0 11 23
78 0 12 25
78 0 13 26
78 2 0 26
78 2 1 26
78 2 2 24
78 2 4 23
78 2 8 24
78 2 9 23
78 2 11 25
78 2 12 26
78 5 0 24
78 5 5 24
78 5 6 22
78 5 7 21
78 5 8 22
78 5 10 21
78 5 11 23
78 5 14 24
78 10 0 23
78 10 3 23
78 10 5 21
78 10 6 20
78 10 7 21
78 10 10 20
78 10 12 22
78 10 14 23
79 2 0 76
79 2 1 88
79 2 2 74
79 2 4 79
79 2 8 86
79 2 9 79
79 2 11 75
79 2 12 88
79 13 2 99
79 13 4 95
79 13 7 89
79 13 8 92
79 13 9 101
79 13 11 92
79 13 12 100
79 13 13 99
79 14 0 74
79 14 1 75
79 14 2 81
79 14 3 79
79 14 5 82
79 14 6 71
79 14 7 72
79 14 11 73
80 5 0 61
80 5 5 63
80 5 6 61
80 5 7 66
80 5 8 61
80 5 10 62
80 5 11 64
80 5 14 63
80 7 2 63
80 7 3 65
80 7 5 63
80 7 6 68
80 7 7 63
80 7 8 64
80 7 10 66
80 7 14 65
80 8 0 61
80 8 2 63
80 8 7 61
80 8 8 66
80 8 10 61
80 8 11 62
80 8 12 64
80 8 14 63
81 1 0 60
81 1 1 62
81 1 2 60
81 1 6 65
81 1 8 60
81 1 9 61
81 1 10 63
81 1 14 62
81 2 0 55
81 2 1 55
81 2 2 53
81 2 4 52
81 2 8 53
81 2 9 52
81 2 11 60
81 2 12 55
81 8 0 54
81 8 2 54
81 8 7 52
81 8 8 51
81 8 10 52
81 8 11 51
81 8 12 59
81 8 14 54
81 10 0 63
81 10 3 57
81 10 5 56
81 10 6 60
81 10 7 64
81 10 10 60
81 10 12 63
81 10 14 60
82 5 0 56
82 5 5 56
82 5 6 54
82 5 7 53
82 5 8 54
82 5 10 53
82 5 11 61
82 5 14 56
82 7 2 63
82 7 3 57
82 7 5 56
82 7 6 60
82 7 7 64
82 7 8 60
82 7 10 63
82 7 14 60
82 10 0 56
82 10 3 56
82 10 5 54
82 10 6 53
82 10 7 54
82 10 10 53
82 10 12 61
82 10 14 56
82 13 2 60
82 13 4 62
82 13 7 60
82 13 8 65
82 13 9 60
82 13 11 61
82 13 12 63
82 13 13 62
83 1 0 31
83 1 1 33
83 1 2 31
83 1 6 29
83 1 8 31
83 1 9 32
83 1 10 27
83 1 14 33
83 2 0 28
83 2 1 29
83 2 2 32
83 2 4 31
83 2 8 32
83 2 9 27
83 2 11 27
83 2 12 28
83 7 2 31
83 7 3 32
83 7 5 35
83 7 6 34
83 7 7 35
83 7 8 30
83 7 10 30
83 7 14 31
83 9 0 30
83 9 1 31
83 9 2 34
83 9 3 33
83 9 4 34
83 9 7 29
83 9 12 29
83 9 14 30
83 11 2 31
83 11 3 32
83 11 9 35
83 11 10 34
83 11 11 35
83 11 12 30
83 11 13 30
83 11 14 31
84 3 0 105
84 3 1 101
84 3 3 95
84 3 4 98
84 3 5 107
84 3 6 98
84 3 7 106
84 3 9 105
84 9 0 101
84 9 1 97
84 9 2 91
84 9 3 94
84 9 4 103
84 9 7 94
84 9 12 102
84 9 14 101
84 13 2 84
84 13 4 96
84 13 7 82
84 13 8 87
84 13 9 94
84 13 11 87
84 13 12 83
84 13 13 96
85 4 0 24
85 4 6 24
85 4 7 22
85 4 8 21
85 4 9 22
85 4 10 21
85 4 13 23
85 4 14 24
85 5 0 24
85 5 5 24
85 5 6 22
85 5 7 21
85 5 8 22
85 5 10 21
85 5 11 23
85 5 14 24
85 9 0 22
85 9 1 22
85 9 2 20
85 9 3 19
85 9 4 20
85 9 7 19
85 9 12 21
85 9 14 22
85 13 2 19
85 13 4 20
85 13 7 19
85 13 8 22
85 13 9 21
85 13 11 22
85 13 12 20
85 13 13 19
86 0 1 31
86 0 4 33
86 0 7 31
86 0 8 29
86 0 9 31
86 0 11 32
86 0 12 27
86 0 13 33
86 2 0 31
86 2 1 33
86 2 2 31
86 2 4 29
86 2 8 31
86 2 9 32
86 2 11 27
86 2 12 33
86 5 0 29
86 5 5 29
86 5 6 27
86 5 7 26
86 5 8 27
86 5 10 26
86 5 11 28
86 5 14 29
86 8 0 28
86 8 2 28
86 8 7 26
86 8 8 25
86 8 10 26
86 8 11 25
86 8 12 27
86 8 14 28
86 14 0 29
86 14 1 29
86 14 2 27
86 14 3 26
86 14 5 27
86 14 6 26
86 14 7 28
86 14 11 29
87 0 1 44
87 0 4 40
87 0 7 44
87 0 8 47
87 0 9 46
87 0 11 47
87 0 12 45
87 0 13 44
87 5 0 36
87 5 5 37
87 5 6 40
87 5 7 39
87 5 8 40
87 5 10 35
87 5 11 35
87 5 14 36
87 7 2 44
87 7 3 40
87 7 5 44
87 7 6 47
87 7 7 46
87 7 8 47
87 7 10 45
87 7 14 44
88 9 0 64
88 9 1 70
88 9 2 74
88 9 3 67
88 9 4 71
88 9 7 67
88 9 12 75
88 9 14 64
88 10 0 66
88 10 3 67
88 10 5 73
88 10 6 71
88 10 7 74
88 10 10 63
88 10 12 64
88 10 14 65
88 12 0 72
88 12 3 73
88 12 6 79
88 12 10 77
88 12 11 80
88 12 12 69
88 12 13 70
88 12 14 71
88 13 2 70
88 13 4 71
88 13 7 77
88 13 8 75
88 13 9 78
88 13 11 67
88 13 12 68
88 13 13 69
89 0 1 47
89 0 4 43
89 0 7 47
89 0 8 50
89 0 9 49
89 0 11 50
89 0 12 48
89 0 13 47
89 4 0 43
89 4 6 39
89 4 7 43
89 4 8 46
89 4 9 45
89 4 10 46
89 4 13 44
89 4 14 43
89 7 2 47
89 7 3 43
89 7 5 47
89 7 6 50
89 7 7 49
89 7 8 50
89 7 10 48
89 7 14 47
89 12 0 50
89 12 3 46
89 12 6 50
89 12 10 53
89 12 11 52
89 12 12 53
89 12 13 51
89 12 14 50
89 14 0 49
89 14 1 45
89 14 2 49
89 14 3 52
89 14 5 51
89 14 6 52
89 14 7 50
89 14 11 49
90 1 0 26
90 1 1 26
90 1 2 24
90 1 6 23
90 1 8 24
90 1 9 23
90 1 10 25
90 1 14 26
90 7 2 26
90 7 3 26
90 7 5 24
90 7 6 23
90 7 7 24
90 7 8 23
90 7 10 25
90 7 14 26
90 9 0 24
90 9 1 24
90 9 2 22
90 9 3 21
90 9 4 22
90 9 7 21
90 9 12 23
90 9 14 24
90 12 0 23
90 12 3 23
90 12 6 21
90 12 10 20
90 12 11 21
90 12 12 20
90 12 13 22
90 12 14 23
90 13 2 24
90 13 4 24
90 13 7 22
90 13 8 21
90 13 9 22
90 13 11 21
90 13 12 23
90 13 13 24
91 10 0 30
91 10 3 30
91 10 5 28
91 10 6 27
91 10 7 28
91 10 10 27
91 10 12 29
91 10 14 30
91 11 2 30
91 11 3 30
91 11 9 28
91 11 10 27
91 11 11 28
91 11 12 27
91 11 13 29
91 11 14 30
91 12 0 28
91 12 3 28
91 12 6 26
91 12 10 25
91 12 11 26
91 12 12 25
91 12 13 27
91 12 14 28
92 2 0 68
92 2 1 69
92 2 2 75
92 2 4 73
92 2 8 76
92 2 9 65
92 2 11 66
92 2 12 67
92 4 0 69
92 4 6 70
92 4 7 76
92 4 8 74
92 4 9 77
92 4 10 66
92 4 13 67
92 4 14 68
92 7 2 76
92 7 3 74
92 7 5 83
92 7 6 75
92 7 7 72
92 7 8 76
92 7 10 74
92 7 14 77
92 8 0 73
92 8 2 74
92 8 7 80
92 8 8 78
92 8 10 81
92 8 11 70
92 8 12 71
92 8 14 72
92 10 0 76
92 10 3 88
92 10 5 74
92 10 6 79
92 10 7 86
92 10 10 79
92 10 12 75
92 10 14 88
93 3 0 56
93 3 1 56
93 3 3 54
93 3 4 53
93 3 5 54
93 3 6 53
93 3 7 61
93 3 9 56
93 4 0 63
93 4 6 57
93 4 7 56
93 4 8 60
93 4 9 64
93 4 10 60
93 4 13 63
93 4 14 60
93 5 0 56
93 5 5 56
93 5 6 54
93 5 7 53
93 5 8 54
93 5 10 53
93 5 11 61
93 5 14 56
94 1 0 46
94 1 1 42
94 1 2 46
94 1 6 49
94 1 8 48
94 1 9 49
94 1 10 47
94 1 14 46
94 4 0 42
94 4 6 38
94 4 7 42
94 4 8 45
94 4 9 44
94 4 10 45
94 4 13 43
94 4 14 42
94 6 0 46
94 6 3 42
94 6 4 46
94 6 7 49
94 6 9 48
94 6 10 49
94 6 13 47
94 6 14 46
94 9 0 49
94 9 1 45
94 9 2 49
94 9 3 52
94 9 4 51
94 9 7 52
94 9 12 50
94 9 14 49
94 12 0 48
94 12 3 44
94 12 6 48
94 12 10 51
94 12 11 50
94 12 12 51
94 12 13 49
94 12 14 48
95 4 0 49
95 4 6 45
95 4 7 49
95 4 8 52
95 4 9 51
95 4 10 52
95 4 13 50
95 4 14 49
95 5 0 45
95 5 5 41
95 5 6 45
95 5 7 48
95 5 8 47
95 5 10 48
95 5 11 46
95 5 14 45
95 7 2 49
95 7 3 45
95 7 5 49
95 7 6 52
95 7 7 51
95 7 8 52
95 7 10 50
95 7 14 49
95 9 0 49
95 9 1 49
95 9 2 47
95 9 3 46
95 9 4 47
95 9 7 46
95 9 12 54
95 9 14 49
96 2 0 66
96 2 1 67
96 2 2 73
96 2 4 71
96 2 8 74
96 2 9 63
96 2 11 64
96 2 12 65
96 5 0 67
96 5 5 68
96 5 6 74
96 5 7 72
96 5 8 75
96 5 10 64
96 5 11 65
96 5 14 66
96 11 2 73
96 11 3 74
96 11 9 80
96 11 10 78
96 11 11 81
96 11 12 70
96 11 13 71
96 11 14 72
96 14 0 71
96 14 1 72
96 14 2 78
96 14 3 76
96 14 5 79
96 14 6 68
96 14 7 69
96 14 11 70
97 1 0 66
97 1 1 68
97 1 2 66
97 1 6 71
97 1 8 66
97 1 9 67
97 1 10 69
97 1 14 68
97 5 0 64
97 5 5 70
97 5 6 74
97 5 7 67
97 5 8 71
97 5 10 67
97 5 11 75
97 5 14 64
97 7 2 71
97 7 3 72
97 7 5 78
97 7 6 76
97 7 7 79
97 7 8 68
97 7 10 69
97 7 14 70
97 12 0 69
97 12 3 70
97 12 6 76
97 12 10 74
97 12 11 77
97 12 12 66
97 12 13 67
97 12 14 68
97 13 2 72
97 13 4 73
97 13 7 79
97 13 8 77
97 13 9 80
97 13 11 69
97 13 12 70
97 13 13 71
98 5 0 47
98 5 5 43
98 5 6 47
98 5 7 50
98 5 8 49
98 5 10 50
98 5 11 48
98 5 14 47
98 8 0 43
98 8 2 39
98 8 7 43
98 8 8 46
98 8 10 45
98 8 11 46
98 8 12 44
98 8 14 43
98 10 0 47
98 10 3 43
98 10 5 47
98 10 6 50
98 10 7 49
98 10 10 50
98 10 12 48
98 10 14 47
98 12 0 50
98 12 3 46
98 12 6 50
98 12 10 53
98 12 11 52
98 12 12 53
98 12 13 51
98 12 14 50
98 14 0 49
98 14 1 45
98 14 2 49
98 14 3 52
98 14 5 51
98 14 6 52
98 14 7 50
98 14 11 49
99 2 0 12
99 2 1 13
99 2 2 14
99 2 4 14
99 2 8 14
99 2 9 12
99 2 11 12
99 2 12 12
99 6 0 13
99 6 3 14
99 6 4 15
99 6 7 15
99 6 9 15
99 6 10 13
99 6 13 13
99 6 14 13
99 9 0 14
99 9 1 15
99 9 2 16
99 9 3 16
99 9 4 16
99 9 7 14
99 9 12 14
99 9 14 14
99 11 2 14
99 11 3 15
99 11 9 16
99 11 10 16
99 11 11 16
99 11 12 14
99 11 13 14
99 11 14 14
99 14 0 14
99 14 1 15
99 14 2 16
99 14 3 16
99 14 5 16
99 14 6 14
99 14 7 14
99 14 11 14
100 1 0 53
100 1 1 53
100 1 2 51
100 1 6 50
100 1 8 51
100 1 9 50
100 1 10 58
100 1 14 53
100 2 0 48
100 2 1 44
100 2 2 48
100 2 4 51
100 2 8 50
100 2 9 51
100 2 11 49
100 2 12 48
100 4 0 53
100 4 6 53
100 4 7 51
100 4 8 50
100 4 9 51
100 4 10 50
100 4 13 58
100 4 14 53
100 8 0 50
100 8 2 50
100 8 7 48
100 8 8 47
100 8 10 48
100 8 11 47
100 8 12 55
100 8 14 50
100 9 0 48
100 9 1 44
100 9 2 48
100 9 3 51
100 9 4 50
100 9 7 51
100 9 12 49
100 9 14 48
101 5 0 30
101 5 5 30
101 5 6 28
101 5 7 27
101 5 8 28
101 5 10 27
101 5 11 29
101 5 14 30
101 7 2 31
101 7 3 33
101 7 5 31
101 7 6 29
101 7 7 31
101 7 8 32
101 7 10 27
101 7 14 33
101 8 0 30
101 8 2 31
101 8 7 34
101 8 8 33
101 8 10 34
101 8 11 29
101 8 12 29
101 8 14 30
102 3 0 31
102 3 1 33
102 3 3 31
102 3 4 29
102 3 5 31
102 3 6 32
102 3 7 27
102 3 9 33
102 7 2 28
102 7 3 29
102 7 5 32
102 7 6 31
102 7 7 32
102 7 8 27
102 7 10 27
102 7 14 28
102 8 0 31
102 8 2 32
102 8 7 35
102 8 8 34
102 8 10 35
102 8 11 30
102 8 12 30
102 8 14 31
103 2 0 50
103 2 1 50
103 2 2 48
103 2 4 47
103 2 8 48
103 2 9 47
103 2 11 55
103 2 12 50
103 5 0 50
103 5 5 50
103 5 6 48
103 5 7 47
103 5 8 48
103 5 10 47
103 5 11 55
103 5 14 50
103 14 0 55
103 14 1 47
103 14 2 55
103 14 3 52
103 14 5 47
103 14 6 54
103 14 7 54
103 14 11 47
104 5 0 17
104 5 5 18
104 5 6 19
104 5 7 19
104 5 8 19
104 5 10 17
104 5 11 17
104 5 14 17
104 6 0 19
104 6 3 20
104 6 4 19
104 6 7 22
104 6 9 21
104 6 10 22
104 6 13 20
104 6 14 19
104 7 2 17
104 7 3 18
104 7 5 19
104 7 6 19
104 7 7 19
104 7 8 17
104 7 10 17
104 7 14 17
104 14 0 23
104 14 1 23
104 14 2 21
104 14 3 20
104 14 5 21
104 14 6 20
104 14 7 22
104 14 11 23
105 6 0 73
105 6 3 74
105 6 4 80
105 6 7 78
105 6 9 81
105 6 10 70
105 6 13 71
105 6 14 72
105 9 0 95
105 9 1 95
105 9 2 81
105 9 3 87
105 9 4 83
105 9 7 89
105 9 12 88
105 9 14 81
105 13 2 71
105 13 4 72
105 13 7 78
105 13 8 76
105 13 9 79
105 13 11 68
105 13 12 69
105 13 13 70
106 3 0 77
106 3 1 89
106 3 3 75
106 3 4 80
106 3 5 87
106 3 6 80
106 3 7 76
106 3 9 89
106 4 0 100
106 4 6 96
106 4 7 90
106 4 8 93
106 4 9 102
106 4 10 93
106 4 13 101
106 4 14 100
106 10 0 76
106 10 3 74
106 10 5 83
106 10 6 75
106 10 7 72
106 10 10 76
106 10 12 74
106 10 14 77
106 12 0 80
106 12 3 92
106 12 6 78
106 12 10 83
106 12 11 90
106 12 12 83
106 12 13 79
106 12 14 92
106 14 0 98
106 14 1 94
106 14 2 88
106 14 3 91
106 14 5 100
106 14 6 91
106 14 7 99
106 14 11 98
107 2 0 49
107 2 1 49
107 2 2 47
107 2 4 46
107 2 8 47
107 2 9 46
107 2 11 54
107 2 12 49
107 8 0 49
107 8 2 49
107 8 7 47
107 8 8 46
107 8 10 47
107 8 11 46
107 8 12 54
107 8 14 49
107 9 0 50
107 9 1 46
107 9 2 50
107 9 3 53
107 9 4 52
107 9 7 53
107 9 12 51
107 9 14 50
108 7 2 47
108 7 3 43
108 7 5 47
108 7 6 50
108 7 7 49
108 7 8 50
108 7 10 48
108 7 14 47
108 8 0 43
108 8 2 39
108 8 7 43
108 8 8 46
108 8 10 45
108 8 11 46
108 8 12 44
108 8 14 43
108 12 0 47
108 12 3 43
108 12 6 47
108 12 10 50
108 12 11 49
108 12 12 50
108 12 13 48
108 12 14 47
109 2 0 64
109 2 1 66
109 2 2 64
109 2 4 69
109 2 8 64
109 2 9 65
109 2 11 67
109 2 12 66
109 4 0 65
109 4 6 67
109 4 7 65
109 4 8 70
109 4 9 65
109 4 10 66
109 4 13 68
109 4 14 67
109 5 0 69
109 5 5 70
109 5 6 76
109 5 7 74
109 5 8 77
109 5 10 66
109 5 11 67
109 5 14 68
109 13 2 67
109 13 4 68
109 13 7 74
109 13 8 72
109 13 9 75
109 13 11 64
109 13 12 65
109 13 13 66
110 11 2 68
110 11 3 69
110 11 9 75
110 11 10 73
110 11 11 76
110 11 12 65
110 11 13 66
110 11 14 67
110 12 0 69
110 12 3 70
110 12 6 76
110 12 10 74
110 12 11 77
110 12 12 66
110 12 13 67
110 12 14 68
110 13 2 76
110 13 4 74
110 13 7 83
110 13 8 75
110 13 9 72
110 13 11 76
110 13 12 74
110 13 13 77
111 3 0 51
111 3 1 51
111 3 3 49
111 3 4 48
111 3 5 49
111 3 6 48
111 3 7 56
111 3 9 51
111 5 0 51
111 5 5 51
111 5 6 49
111 5 7 48
111 5 8 49
111 5 10 48
111 5 11 56
111 5 14 51
111 7 2 49
111 7 3 49
111 7 5 47
111 7 6 46
111 7 7 47
111 7 8 46
111 7 10 54
111 7 14 49
111 12 0 55
111 12 3 47
111 12 6 55
111 12 10 52
111 12 11 47
111 12 12 54
111 12 13 54
111 12 14 47
112 5 0 66
112 5 5 67
112 5 6 73
112 5 7 71
112 5 8 74
112 5 10 63
112 5 11 64
112 5 14 65
112 6 0 67
112 6 3 68
112 6 4 74
112 6 7 72
112 6 9 75
112 6 10 64
112 6 13 65
112 6 14 66
112 8 0 73
112 8 2 74
112 8 7 80
112 8 8 78
112 8 10 81
112 8 11 70
112 8 12 71
112 8 14 72
112 13 2 71
112 13 4 72
112 13 7 78
112 13 8 76
112 13 9 79
112 13 11 68
112 13 12 69
112 13 13 70
113 4 0 73
113 4 6 74
113 4 7 80
113 4 8 78
113 4 9 81
113 4 10 70
113 4 13 71
113 4 14 72
113 6 0 95
113 6 3 95
113 6 4 81
113 6 7 87
113 6 9 83
113 6 10 89
113 6 13 88
113 6 14 81
113 11 2 71
113 11 3 72
113 11 9 78
113 11 10 76
113 11 11 79
113 11 12 68
113 11 13 69
113 11 14 70
113 12 0 76
113 12 3 88
113 12 6 74
113 12 10 79
113 12 11 86
113 12 12 79
113 12 13 75
113 12 14 88
113 13 2 83
113 13 4 95
113 13 7 81
113 13 8 86
113 13 9 93
113 13 11 86
113 13 12 82
113 13 13 95
114 0 1 10
114 0 4 10
114 0 7 11
114 0 8 10
114 0 9 11
114 0 11 10
114 0 12 9
114 0 13 10
114 3 0 10
114 3 1 10
114 3 3 11
114 3 4 10
114 3 5 11
114 3 6 10
114 3 7 9
114 3 9 10
114 4 0 9
114 4 6 10
114 4 7 11
114 4 8 11
114 4 9 11
114 4 10 9
114 4 13 9
114 4 14 9
114 10 0 10
114 10 3 10
114 10 5 11
114 10 6 10
114 10 7 11
114 10 10 10
114 10 12 9
114 10 14 10
114 12 0 9
114 12 3 10
114 12 6 11
114 12 10 11
114 12 11 11
114 12 12 9
114 12 13 9
114 12 14 9
115 1 0 105
115 1 1 101
115 1 2 95
115 1 6 98
115 1 8 107
115 1 9 98
115 1 10 106
115 1 14 105
115 2 0 101
115 2 1 97
115 2 2 91
115 2 4 94
115 2 8 103
115 2 9 94
115 2 11 102
115 2 12 101
115 8 0 84
115 8 2 96
115 8 7 82
115 8 8 87
115 8 10 94
115 8 11 87
115 8 12 83
115 8 14 96
115 9 0 98
115 9 1 94
115 9 2 88
115 9 3 91
115 9 4 100
115 9 7 91
115 9 12 99
115 9 14 98
115 11 2 100
115 11 3 92
115 11 9 100
115 11 10 97
115 11 11 92
115 11 12 99
115 11 13 99
115 11 14 92
116 3 0 52
116 3 1 52
116 3 3 50
116 3 4 49
116 3 5 50
116 3 6 49
116 3 7 57
116 3 9 52
116 9 0 52
116 9 1 52
116 9 2 50
116 9 3 49
116 9 4 50
116 9 7 49
116 9 12 57
116 9 14 52
116 12 0 50
116 12 3 50
116 12 6 48
116 12 10 47
116 12 11 48
116 12 12 47
116 12 13 55
116 12 14 50
117 4 0 72
117 4 6 73
117 4 7 79
117 4 8 77
117 4 9 80
117 4 10 69
117 4 13 70
117 4 14 71
117 5 0 84
117 5 5 96
117 5 6 82
117 5 7 87
117 5 8 94
117 5 10 87
117 5 11 83
117 5 14 96
117 12 0 70
117 12 3 71
117 12 6 77
117 12 10 75
117 12 11 78
117 12 12 67
117 12 13 68
117 12 14 69
118 4 0 28
118 4 6 29
118 4 7 32
118 4 8 31
118 4 9 32
118 4 10 27
118 4 13 27
118 4 14 28
118 9 0 30
118 9 1 31
118 9 2 34
118 9 3 33
118 9 4 34
118 9 7 29
118 9 12 29
118 9 14 30
118 10 0 28
118 10 3 29
118 10 5 32
118 10 6 31
118 10 7 32
118 10 10 27
118 10 12 27
118 10 14 28
119 0 1 51
119 0 4 51
119 0 7 49
119 0 8 48
119 0 9 49
119 0 11 48
119 0 12 56
119 0 13 51
119 3 0 51
119 3 1 51
119 3 3 49
119 3 4 48
119 3 5 49
119 3 6 48
119 3 7 56
119 3 9 51
119 14 0 49
119 14 1 49
119 14 2 47
119 14 3 46
119 14 5 47
119 14 6 46
119 14 7 54
119 14 11 49
120 4 0 31
120 4 6 33
120 4 7 31
120 4 8 29
120 4 9 31
120 4 10 32
120 4 13 27
120 4 14 33
120 6 0 28
120 6 3 29
120 6 4 32
120 6 7 31
120 6 9 32
120 6 10 27
120 6 13 27
120 6 14 28
120 7 2 31
120 7 3 32
120 7 5 35
120 7 6 34
120 7 7 35
120 7 8 30
120 7 10 30
120 7 14 31
121 0 1 29
121 0 4 30
121 0 7 33
121 0 8 32
121 0 9 33
121 0 11 28
121 0 12 28
121 0 13 29
121 2 0 30
121 2 1 31
121 2 2 34
121 2 4 33
121 2 8 34
121 2 9 29
121 2 11 29
121 2 12 30
121 5 0 33
121 5 5 34
121 5 6 37
121 5 7 36
121 5 8 37
121 5 10 32
121 5 11 32
121 5 14 33
121 10 0 32
121 10 3 33
121 10 5 36
121 10 6 35
121 10 7 36
121 10 10 31
121 10 12 31
121 10 14 32
121 14 0 33
121 14 1 34
121 14 2 37
121 14 3 36
121 14 5 37
121 14 6 32
121 14 7 32
121 14 11 33
122 5 0 33
122 5 5 34
122 5 6 37
122 5 7 36
122 5 8 37
122 5 10 32
122 5 11 32
122 5 14 33
122 8 0 34
122 8 2 35
122 8 7 38
122 8 8 37
122 8 10 38
122 8 11 33
122 8 12 33
122 8 14 34
122 9 0 40
122 9 1 43
122 9 2 38
122 9 3 43
122 9 4 41
122 9 7 43
122 9 12 39
122 9 14 43
122 12 0 36
122 12 3 37
122 12 6 40
122 12 10 39
122 12 11 40
122 12 12 35
122 12 13 35
122 12 14 36
123 4 0 60
123 4 6 62
123 4 7 60
123 4 8 65
123 4 9 60
123 4 10 61
123 4 13 63
123 4 14 62
123 5 0 62
123 5 5 64
123 5 6 62
123 5 7 67
123 5 8 62
123 5 10 63
123 5 11 65
123 5 14 64
123 9 0 60
123 9 1 62
123 9 2 60
123 9 3 65
123 9 4 60
123 9 7 61
123 9 12 63
123 9 14 62
123 13 2 65
123 13 4 67
123 13 7 65
123 13 8 70
123 13 9 65
123 13 11 66
123 13 12 68
123 13 13 67
123 14 0 60
123 14 1 62
123 14 2 60
123 14 3 65
123 14 5 60
123 14 6 61
123 14 7 63
123 14 11 62
124 0 1 47
124 0 4 43
124 0 7 47
124 0 8 50
124 0 9 49
124 0 11 50
124 0 12 48
124 0 13 47
124 5 0 43
124 5 5 39
124 5 6 43
124 5 7 46
124 5 8 45
124 5 10 46
124 5 11 44
124 5 14 43
124 10 0 47
124 10 3 43
124 10 5 47
124 10 6 50
124 10 7 49
124 10 10 50
124 10 12 48
124 10 14 47
124 11 2 50
124 11 3 46
124 11 9 50
124 11 10 53
124 11 11 52
124 11 12 53
124 11 13 51
124 11 14 50
124 14 0 49
124 14 1 45
124 14 2 49
124 14 3 52
124 14 5 51
124 14 6 52
124 14 7 50
124 14 11 49
125 0 1 72
125 0 4 73
125 0 7 79
125 0 8 77
125 0 9 80
125 0 11 69
125 0 12 70
125 0 13 71
125 1 0 84
125 1 1 96
125 1 2 82
125 1 6 87
125 1 8 94
125 1 9 87
125 1 10 83
125 1 14 96
125 2 0 70
125 2 1 71
125 2 2 77
125 2 4 75
125 2 8 78
125 2 9 67
125 2 11 68
125 2 12 69
125 7 2 76
125 7 3 74
125 7 5 83
125 7 6 75
125 7 7 72
125 7 8 76
125 7 10 74
125 7 14 77
126 0 1 79
126 0 4 91
126 0 7 77
126 0 8 82
126 0 9 89
126 0 11 82
126 0 12 78
126 0 13 91
126 7 2 102
126 7 3 98
126 7 5 92
126 7 6 95
126 7 7 104
126 7 8 95
126 7 10 103
126 7 14 102
126 11 2 77
126 11 3 89
126 11 9 75
126 11 10 80
126 11 11 87
126 11 12 80
126 11 13 76
126 11 14 89
127 1 0 51
127 1 1 51
127 1 2 49
127 1 6 48
127 1 8 49
127 1 9 48
127 1 10 56
127 1 14 51
127 2 0 51
127 2 1 51
127 2 2 49
127 2 4 48
127 2 8 49
127 2 9 48
127 2 11 56
127 2 12 51
127 4 0 49
127 4 6 49
127 4 7 47
127 4 8 46
127 4 9 47
127 4 10 46
127 4 13 54
127 4 14 49
127 7 2 55
127 7 3 47
127 7 5 55
127 7 6 52
127 7 7 47
127 7 8 54
127 7 10 54
127 7 14 47
127 11 2 49
127 11 3 49
127 11 9 47
127 11 10 46
127 11 11 47
127 11 12 46
127 11 13 54
127 11 14 49
128 2 0 28
128 2 1 29
128 2 2 32
128 2 4 31
128 2 8 32
128 2 9 27
128 2 11 27
128 2 12 28
128 3 0 30
128 3 1 31
128 3 3 34
128 3 4 33
128 3 5 34
128 3 6 29
128 3 7 29
128 3 9 30
128 5 0 28
128 5 5 29
128 5 6 32
128 5 7 31
128 5 8 32
128 5 10 27
128 5 11 27
128 5 14 28
128 7 2 30
128 7 3 30
128 7 5 28
128 7 6 27
128 7 7 28
128 7 8 27
128 7 10 29
128 7 14 30
128 10 0 28
128 10 3 29
128 10 5 32
128 10 6 31
128 10 7 32
128 10 10 27
128 10 12 27
128 10 14 28
129 1 0 77
129 1 1 89
129 1 2 75
129 1 6 80
129 1 8 87
129 1 9 80
129 1 10 76
129 1 14 89
129 3 0 100
129 3 1 96
129 3 3 90
129 3 4 93
129 3 5 102
129 3 6 93
129 3 7 101
129 3 9 100
129 10 0 76
129 10 3 74
129 10 5 83
129 10 6 75
129 10 7 72
129 10 10 76
129 10 12 74
129 10 14 77
130 0 1 68
130 0 4 69
130 0 7 75
130 0 8 73
130 0 9 76
130 0 11 65
130 0 12 66
130 0 13 67
130 2 0 69
130 2 1 70
130 2 2 76
130 2 4 74
130 2 8 77
130 2 9 66
130 2 11 67
130 2 12 68
130 3 0 76
130 3 1 74
130 3 3 83
130 3 4 75
130 3 5 72
130 3 6 76
130 3 7 74
130 3 9 77
130 4 0 73
130 4 6 74
130 4 7 80
130 4 8 78
130 4 9 81
130 4 10 70
130 4 13 71
130 4 14 72
130 8 0 76
130 8 2 88
130 8 7 74
130 8 8 79
130 8 10 86
130 8 11 79
130 8 12 75
130 8 14 88
131 0 1 49
131 0 4 45
131 0 7 49
131 0 8 52
131 0 9 51
131 0 11 52
131 0 12 50
131 0 13 49
131 1 0 45
131 1 1 41
131 1 2 45
131 1 6 48
131 1 8 47
131 1 9 48
131 1 10 46
131 1 14 45
131 9 0 49
131 9 1 45
131 9 2 49
131 9 3 52
131 9 4 51
131 9 7 52
131 9 12 50
131 9 14 49
131 12 0 49
131 12 3 49
131 12 6 47
131 12 10 46
131 12 11 47
131 12 12 46
131 12 13 54
131 12 14 49
131 13 2 55
131 13 4 47
131 13 7 55
131 13 8 52
131 13 9 47
131 13 11 54
131 13 12 54
131 13 13 47
132 3 0 51
132 3 1 51
132 3 3 49
132 3 4 48
132 3 5 49
132 3 6 48
132 3 7 56
132 3 9 51
132 6 0 51
132 6 3 51
132 6 4 49
132 6 7 48
132 6 9 49
132 6 10 48
132 6 13 56
132 6 14 51
132 10 0 49
132 10 3 49
132 10 5 47
132 10 6 46
132 10 7 47
132 10 10 46
132 10 12 54
132 10 14 49
132 13 2 55
132 13 4 47
132 13 7 55
132 13 8 52
132 13 9 47
132 13 11 54
132 13 12 54
132 13 13 47
133 5 0 15
133 5 5 16
133 5 6 17
133 5 7 17
133 5 8 17
133 5 10 15
133 5 11 15
133 5 14 15
133 6 0 16
133 6 3 17
133 6 4 18
133 6 7 18
133 6 9 18
133 6 10 16
133 6 13 16
133 6 14 16
133 7 2 17
133 7 3 18
133 7 5 19
133 7 6 19
133 7 7 19
133 7 8 17
133 7 10 17
133 7 14 17
133 10 0 17
133 10 3 18
133 10 5 19
133 10 6 19
133 10 7 19
133 10 10 17
133 10 12 17
133 10 14 17
134 4 0 48
134 4 6 44
134 4 7 48
134 4 8 51
134 4 9 50
134 4 10 51
134 4 13 49
134 4 14 48
134 6 0 44
134 6 3 40
134 6 4 44
134 6 7 47
134 6 9 46
134 6 10 47
134 6 13 45
134 6 14 44
134 12 0 48
134 12 3 44
134 12 6 48
134 12 10 51
134 12 11 50
134 12 12 51
134 12 13 49
134 12 14 48
135 2 0 44
135 2 1 40
135 2 2 44
135 2 4 47
135 2 8 46
135 2 9 47
135 2 11 45
135 2 12 44
135 4 0 36
135 4 6 37
135 4 7 40
135 4 8 39
135 4 9 40
135 4 10 35
135 4 13 35
135 4 14 36
135 8 0 44
135 8 2 40
135 8 7 44
135 8 8 47
135 8 10 46
135 8 11 47
135 8 12 45
135 8 14 44
135 9 0 47
135 9 1 43
135 9 2 47
135 9 3 50
135 9 4 49
135 9 7 50
135 9 12 48
135 9 14 47
135 12 0 46
135 12 3 42
135 12 6 46
135 12 10 49
135 12 11 48
135 12 12 49
135 12 13 47
135 12 14 46
136 3 0 33
136 3 1 34
136 3 3 37
136 3 4 36
136 3 5 37
136 3 6 32
136 3 7 32
136 3 9 33
136 4 0 34
136 4 6 35
136 4 7 38
136 4 8 37
136 4 9 38
136 4 10 33
136 4 13 33
136 4 14 34
136 13 2 40
136 13 4 43
136 13 7 38
136 13 8 43
136 13 9 41
136 13 11 43
136 13 12 39
136 13 13 43
137 4 0 60
137 4 6 62
137 4 7 60
137 4 8 65
137 4 9 60
137 4 10 61
137 4 13 63
137 4 14 62
137 8 0 55
137 8 2 55
137 8 7 53
137 8 8 52
137 8 10 53
137 8 11 52
137 8 12 60
137 8 14 55
137 9 0 54
137 9 1 54
137 9 2 52
137 9 3 51
137 9 4 52
137 9 7 51
137 9 12 59
137 9 14 54
137 11 2 63
137 11 3 57
137 11 9 56
137 11 10 60
137 11 11 64
137 11 12 60
137 11 13 63
137 11 14 60
137 12 0 61
137 12 3 63
137 12 6 61
137 12 10 66
137 12 11 61
137 12 12 62
137 12 13 64
137 12 14 63
138 1 0 51
138 1 1 51
138 1 2 49
138 1 6 48
138 1 8 49
138 1 9 48
138 1 10 56
138 1 14 51
138 6 0 51
138 6 3 51
138 6 4 49
138 6 7 48
138 6 9 49
138 6 10 48
138 6 13 56
138 6 14 51
138 7 2 49
138 7 3 49
138 7 5 47
138 7 6 46
138 7 7 47
138 7 8 46
138 7 10 54
138 7 14 49
139 2 0 14
139 2 1 15
139 2 2 16
139 2 4 16
139 2 8 16
139 2 9 14
139 2 11 14
139 2 12 14
139 13 2 15
139 13 4 16
139 13 7 17
139 13 8 17
139 13 9 17
139 13 11 15
139 13 12 15
139 13 13 15
139 14 0 16
139 14 1 17
139 14 2 18
139 14 3 18
139 14 5 18
139 14 6 16
139 14 7 16
139 14 11 16
140 2 0 28
140 2 1 28
140 2 2 26
140 2 4 25
140 2 8 26
140 2 9 25
140 2 11 27
140 2 12 28
140 3 0 28
140 3 1 28
140 3 3 26
140 3 4 25
140 3 5 26
140 3 6 25
140 3 7 27
140 3 9 28
140 5 0 26
140 5 5 26
140 5 6 24
140 5 7 23
140 5 8 24
140 5 10 23
140 5 11 25
140 5 14 26
140 11 2 25
140 11 3 25
140 11 9 23
140 11 10 22
140 11 11 23
140 11 12 22
140 11 13 24
140 11 14 25
140 13 2 26
140 13 4 26
140 13 7 24
140 13 8 23
140 13 9 24
140 13 11 23
140 13 12 25
140 13 13 26
141 6 0 49
141 6 3 49
141 6 4 47
141 6 7 46
141 6 9 47
141 6 10 46
141 6 13 54
141 6 14 49
141 8 0 49
141 8 2 49
141 8 7 47
141 8 8 46
141 8 10 47
141 8 11 46
141 8 12 54
141 8 14 49
141 13 2 50
141 13 4 46
141 13 7 50
141 13 8 53
141 13 9 52
141 13 11 53
141 13 12 51
141 13 13 50
141 14 0 49
141 14 1 45
141 14 2 49
141 14 3 52
141 14 5 51
141 14 6 52
141 14 7 50
141 14 11 49
142 0 1 103
142 0 4 95
142 0 7 103
142 0 8 100
142 0 9 95
142 0 11 102
142 0 12 102
142 0 13 95
142 4 0 94
142 4 6 103
142 4 7 101
142 4 8 106
142 4 9 101
142 4 10 109
142 4 13 90
142 4 14 103
142 14 0 100
142 14 1 96
142 14 2 90
142 14 3 93
142 14 5 102
142 14 6 93
142 14 7 101
142 14 11 100
143 0 1 45
143 0 4 41
143 0 7 45
143 0 8 48
143 0 9 47
143 0 11 48
143 0 12 46
143 0 13 45
143 1 0 40
143 1 1 43
143 1 2 38
143 1 6 43
143 1 8 41
143 1 9 43
143 1 10 39
143 1 14 43
143 6 0 45
143 6 3 41
143 6 4 45
143 6 7 48
143 6 9 47
143 6 10 48
143 6 13 46
143 6 14 45
143 8 0 48
143 8 2 44
143 8 7 48
143 8 8 51
143 8 10 50
143 8 11 51
143 8 12 49
143 8 14 48
143 10 0 47
143 10 3 43
143 10 5 47
143 10 6 50
143 10 7 49
143 10 10 50
143 10 12 48
143 10 14 47
144 0 1 64
144 0 4 66
144 0 7 64
144 0 8 69
144 0 9 64
144 0 11 65
144 0 12 67
144 0 13 66
144 4 0 65
144 4 6 67
144 4 7 65
144 4 8 70
144 4 9 65
144 4 10 66
144 4 13 68
144 4 14 67
144 6 0 69
144 6 3 70
144 6 4 76
144 6 7 74
144 6 9 77
144 6 10 66
144 6 13 67
144 6 14 68
144 9 0 67
144 9 1 68
144 9 2 74
144 9 3 72
144 9 4 75
144 9 7 64
144 9 12 65
144 9 14 66
144 14 0 70
144 14 1 71
144 14 2 77
144 14 3 75
144 14 5 78
144 14 6 67
144 14 7 68
144 14 11 69
145 1 0 73
145 1 1 74
145 1 2 80
145 1 6 78
145 1 8 81
145 1 9 70
145 1 10 71
145 1 14 72
145 2 0 95
145 2 1 95
145 2 2 81
145 2 4 87
145 2 8 83
145 2 9 89
145 2 11 88
145 2 12 81
145 8 0 71
145 8 2 72
145 8 7 78
145 8 8 76
145 8 10 79
145 8 11 68
145 8 12 69
145 8 14 70
145 12 0 76
145 12 3 88
145 12 6 74
145 12 10 79
145 12 11 86
145 12 12 79
145 12 13 75
145 12 14 88
146 2 0 30
146 2 1 30
146 2 2 28
146 2 4 27
146 2 8 28
146 2 9 27
146 2 11 29
146 2 12 30
146 6 0 31
146 6 3 33
146 6 4 31
146 6 7 29
146 6 9 31
146 6 10 32
146 6 13 27
146 6 14 33
146 12 0 30
146 12 3 31
146 12 6 34
146 12 10 33
146 12 11 34
146 12 12 29
146 12 13 29
146 12 14 30
147 6 0 72
147 6 3 73
147 6 4 79
147 6 7 77
147 6 9 80
147 6 10 69
147 6 13 70
147 6 14 71
147 10 0 84
147 10 3 96
147 10 5 82
147 10 6 87
147 10 7 94
147 10 10 87
147 10 12 83
147 10 14 96
147 13 2 70
147 13 4 71
147 13 7 77
147 13 8 75
147 13 9 78
147 13 11 67
147 13 12 68
147 13 13 69
148 4 0 12
148 4 6 13
148 4 7 14
148 4 8 14
148 4 9 14
148 4 10 12
148 4 13 12
148 4 14 12
148 8 0 13
148 8 2 14
148 8 7 15
148 8 8 15
148 8 10 15
148 8 11 13
148 8 12 13
148 8 14 13
148 14 0 14
148 14 1 15
148 14 2 16
148 14 3 16
148 14 5 16
148 14 6 14
148 14 7 14
148 14 11 14
149 3 0 40
149 3 1 43
149 3 3 38
149 3 4 43
149 3 5 41
149 3 6 43
149 3 7 39
149 3 9 43
149 8 0 44
149 8 2 40
149 8 7 44
149 8 8 47
149 8 10 46
149 8 11 47
149 8 12 45
149 8 14 44
149 9 0 35
149 9 1 36
149 9 2 39
149 9 3 38
149 9 4 39
149 9 7 34
149 9 12 34
149 9 14 35
150 0 1 55
150 0 4 47
150 0 7 55
150 0 8 52
150 0 9 47
150 0 11 54
150 0 12 54
150 0 13 47
150 3 0 47
150 3 1 43
150 3 3 47
150 3 4 50
150 3 5 49
150 3 6 50
150 3 7 48
150 3 9 47
150 6 0 55
150 6 3 47
150 6 4 55
150 6 7 52
150 6 9 47
150 6 10 54
150 6 13 54
150 6 14 47
150 7 2 51
150 7 3 51
150 7 5 49
150 7 6 48
150 7 7 49
150 7 8 48
150 7 10 56
150 7 14 51
150 9 0 50
150 9 1 50
150 9 2 48
150 9 3 47
150 9 4 48
150 9 7 47
150 9 12 55
150 9 14 50
151 2 0 31
151 2 1 33
151 2 2 31
151 2 4 29
151 2 8 31
151 2 9 32
151 2 11 27
151 2 12 33
151 8 0 31
151 8 2 33
151 8 7 31
151 8 8 29
151 8 10 31
151 8 11 32
151 8 12 27
151 8 14 33
151 14 0 29
151 14 1 29
151 14 2 27
151 14 3 26
151 14 5 27
151 14 6 26
151 14 7 28
151 14 11 29
152 2 0 29
152 2 1 30
152 2 2 33
152 2 4 32
152 2 8 33
152 2 9 28
152 2 11 28
152 2 12 29
152 3 0 30
152 3 1 31
152 3 3 34
152 3 4 33
152 3 5 34
152 3 6 29
152 3 7 29
152 3 9 30
152 6 0 33
152 6 3 34
152 6 4 37
152 6 7 36
152 6 9 37
152 6 10 32
152 6 13 32
152 6 14 33
152 9 0 32
152 9 1 33
152 9 2 36
152 9 3 35
152 9 4 36
152 9 7 31
152 9 12 31
152 9 14 32
153 0 1 64
153 0 4 66
153 0 7 64
153 0 8 69
153 0 9 64
153 0 11 65
153 0 12 67
153 0 13 66
153 2 0 65
153 2 1 67
153 2 2 65
153 2 4 70
153 2 8 65
153 2 9 66
153 2 11 68
153 2 12 67
153 10 0 69
153 10 3 70
153 10 5 76
153 10 6 74
153 10 7 77
153 10 10 66
153 10 12 67
153 10 14 68
153 11 2 67
153 11 3 68
153 11 9 74
153 11 10 72
153 11 11 75
153 11 12 64
153 11 13 65
153 11 14 66
154 4 0 102
154 4 6 94
154 4 7 102
154 4 8 99
154 4 9 94
154 4 10 101
154 4 13 101
154 4 14 94
154 9 0 105
154 9 1 101
154 9 2 95
154 9 3 98
154 9 4 107
154 9 7 98
154 9 12 106
154 9 14 105
154 13 2 99
154 13 4 95
154 13 7 89
154 13 8 92
154 13 9 101
154 13 11 92
154 13 12 100
154 13 13 99
154 14 0 102
154 14 1 98
154 14 2 92
154 14 3 95
154 14 5 104
154 14 6 95
154 14 7 103
154 14 11 102
155 2 0 100
155 2 1 92
155 2 2 100
155 2 4 97
155 2 8 92
155 2 9 99
155 2 11 99
155 2 12 92
155 4 0 103
155 4 6 99
155 4 7 93
155 4 8 96
155 4 9 105
155 4 10 96
155 4 13 104
155 4 14 103
155 8 0 97
155 8 2 93
155 8 7 87
155 8 8 90
155 8 10 99
155 8 11 90
155 8 12 98
155 8 14 97
155 14 0 100
155 14 1 96
155 14 2 90
155 14 3 93
155 14 5 102
155 14 6 93
155 14 7 101
155 14 11 100
156 2 0 71
156 2 1 72
156 2 2 78
156 2 4 76
156 2 8 79
156 2 9 68
156 2 11 69
156 2 12 70
156 5 0 83
156 5 5 95
156 5 6 81
156 5 7 86
156 5 8 93
156 5 10 86
156 5 11 82
156 5 14 95
156 8 0 69
156 8 2 70
156 8 7 76
156 8 8 74
156 8 10 77
156 8 11 66
156 8 12 67
156 8 14 68
156 9 0 74
156 9 1 75
156 9 2 81
156 9 3 79
156 9 4 82
156 9 7 71
156 9 12 72
156 9 14 73
157 8 0 23
157 8 2 23
157 8 7 21
157 8 8 20
157 8 10 21
157 8 11 20
157 8 12 22
157 8 14 23
157 10 0 23
157 10 3 23
157 10 5 21
157 10 6 20
157 10 7 21
157 10 10 20
157 10 12 22
157 10 14 23
157 12 0 19
157 12 3 20
157 12 6 19
157 12 10 22
157 12 11 21
157 12 12 22
157 12 13 20
157 12 14 19
157 13 2 17
157 13 4 18
157 13 7 19
157 13 8 19
157 13 9 19
157 13 11 17
157 13 12 17
157 13 13 17
158 1 0 28
158 1 1 29
158 1 2 32
158 1 6 31
158 1 8 32
158 1 9 27
158 1 10 27
158 1 14 28
158 3 0 29
158 3 1 30
158 3 3 33
158 3 4 32
158 3 5 33
158 3 6 28
158 3 7 28
158 3 9 29
158 4 0 32
158 4 6 33
158 4 7 36
158 4 8 35
158 4 9 36
158 4 10 31
158 4 13 31
158 4 14 32
158 7 2 31
158 7 3 32
158 7 5 35
158 7 6 34
158 7 7 35
158 7 8 30
158 7 10 30
158 7 14 31
158 8 0 32
158 8 2 33
158 8 7 36
158 8 8 35
158 8 10 36
158 8 11 31
158 8 12 31
158 8 14 32
159 0 1 31
159 0 4 33
159 0 7 31
159 0 8 29
159 0 9 31
159 0 11 32
159 0 12 27
159 0 13 33
159 3 0 28
159 3 1 29
159 3 3 32
159 3 4 31
159 3 5 32
159 3 6 27
159 3 7 27
159 3 9 28
159 8 0 31
159 8 2 32
159 8 7 35
159 8 8 34
159 8 10 35
159 8 11 30
159 8 12 30
159 8 14 31
159 13 2 30
159 13 4 31
159 13 7 34
159 13 8 33
159 13 9 34
159 13 11 29
159 13 12 29
159 13 13 30
159 14 0 31
159 14 1 32
159 14 2 35
159 14 3 34
159 14 5 35
159 14 6 30
159 14 7 30
159 14 11 31
160 1 0 65
160 1 1 67
160 1 2 65
160 1 6 70
160 1 8 65
160 1 9 66
160 1 10 68
160 1 14 67
160 9 0 66
160 9 1 68
160 9 2 66
160 9 3 71
160 9 4 66
160 9 7 67
160 9 12 69
160 9 14 68
160 13 2 70
160 13 4 71
160 13 7 77
160 13 8 75
160 13 9 78
160 13 11 67
160 13 12 68
160 13 13 69
161 0 1 51
161 0 4 51
161 0 7 49
161 0 8 48
161 0 9 49
161 0 11 48
161 0 12 56
161 0 13 51
161 8 0 51
161 8 2 51
161 8 7 49
161 8 8 48
161 8 10 49
161 8 11 48
161 8 12 56
161 8 14 51
161 12 0 49
161 12 3 49
161 12 6 47
161 12 10 46
161 12 11 47
161 12 12 46
161 12 13 54
161 12 14 49
162 6 0 71
162 6 3 72
162 6 4 78
162 6 7 76
162 6 9 79
162 6 10 68
162 6 13 69
162 6 14 70
162 8 0 83
162 8 2 95
162 8 7 81
162 8 8 86
162 8 10 93
162 8 11 86
162 8 12 82
162 8 14 95
162 10 0 69
162 10 3 70
162 10 5 76
162 10 6 74
162 10 7 77
162 10 10 66
162 10 12 67
162 10 14 68
163 5 0 71
163 5 5 72
163 5 6 78
163 5 7 76
163 5 8 79
163 5 10 68
163 5 11 69
163 5 14 70
163 6 0 83
163 6 3 95
163 6 4 81
163 6 7 86
163 6 9 93
163 6 10 86
163 6 13 82
163 6 14 95
163 10 0 69
163 10 3 70
163 10 5 76
163 10 6 74
163 10 7 77
163 10 10 66
163 10 12 67
163 10 14 68
163 11 2 74
163 11 3 75
163 11 9 81
163 11 10 79
163 11 11 82
163 11 12 71
163 11 13 72
163 11 14 73
163 12 0 81
163 12 3 93
163 12 6 79
163 12 10 84
163 12 11 91
163 12 12 84
163 12 13 80
163 12 14 93
164 2 0 29
164 2 1 29
164 2 2 27
164 2 4 26
164 2 8 27
164 2 9 26
164 2 11 28
164 2 12 29
164 6 0 29
164 6 3 29
164 6 4 27
164 6 7 26
164 6 9 27
164 6 10 26
164 6 13 28
164 6 14 29
164 10 0 27
164 10 3 27
164 10 5 25
164 10 6 24
164 10 7 25
164 10 10 24
164 10 12 26
164 10 14 27
165 0 1 9
165 0 4 10
165 0 7 11
165 0 8 11
165 0 9 11
165 0 11 9
165 0 12 9
165 0 13 9
165 2 0 10
165 2 1 11
165 2 2 12
165 2 4 12
165 2 8 12
165 2 9 10
165 2 11 10
165 2 12 10
165 4 0 11
165 4 6 12
165 4 7 13
165 4 8 13
165 4 9 13
165 4 10 11
165 4 13 11
165 4 14 11
165 5 0 11
165 5 5 12
165 5 6 13
165 5 7 13
165 5 8 13
165 5 10 11
165 5 11 11
165 5 14 11
165 13 2 11
165 13 4 12
165 13 7 13
165 13 8 13
165 13 9 13
165 13 11 11
165 13 12 11
165 13 13 11
166 0 1 29
166 0 4 29
166 0 7 27
166 0 8 26
166 0 9 27
166 0 11 26
166 0 12 28
166 0 13 29
166 1 0 30
166 1 1 30
166 1 2 28
166 1 6 27
166 1 8 28
166 1 9 27
166 1 10 29
166 1 14 30
166 3 0 29
166 3 1 30
166 3 3 33
166 3 4 32
166 3 5 33
166 3 6 28
166 3 7 28
166 3 9 29
166 8 0 28
166 8 2 29
166 8 7 32
166 8 8 31
166 8 10 32
166 8 11 27
166 8 12 27
166 8 14 28
166 10 0 29
166 10 3 30
166 10 5 33
166 10 6 32
166 10 7 33
166 10 10 28
166 10 12 28
166 10 14 29
167 1 0 40
167 1 1 43
167 1 2 38
167 1 6 43
167 1 8 41
167 1 9 43
167 1 10 39
167 1 14 43
167 3 0 44
167 3 1 40
167 3 3 44
167 3 4 47
167 3 5 46
167 3 6 47
167 3 7 45
167 3 9 44
167 5 0 35
167 5 5 36
167 5 6 39
167 5 7 38
167 5 8 39
167 5 10 34
167 5 11 34
167 5 14 35
167 13 2 44
167 13 4 40
167 13 7 44
167 13 8 47
167 13 9 46
167 13 11 47
167 13 12 45
167 13 13 44
168 0 1 64
168 0 4 66
168 0 7 64
168 0 8 69
168 0 9 64
168 0 11 65
168 0 12 67
168 0 13 66
168 2 0 65
168 2 1 67
168 2 2 65
168 2 4 70
168 2 8 65
168 2 9 66
168 2 11 68
168 2 12 67
168 4 0 69
168 4 6 70
168 4 7 76
168 4 8 74
168 4 9 77
168 4 10 66
168 4 13 67
168 4 14 68
168 5 0 67
168 5 5 68
168 5 6 74
168 5 7 72
168 5 8 75
168 5 10 64
168 5 11 65
168 5 14 66
168 9 0 70
168 9 1 71
168 9 2 77
168 9 3 75
168 9 4 78
168 9 7 67
168 9 12 68
168 9 14 69
169 2 0 72
169 2 1 73
169 2 2 79
169 2 4 77
169 2 8 80
169 2 9 69
169 2 11 70
169 2 12 71
169 4 0 84
169 4 6 96
169 4 7 82
169 4 8 87
169 4 9 94
169 4 10 87
169 4 13 83
169 4 14 96
169 6 0 70
169 6 3 71
169 6 4 77
169 6 7 75
169 6 9 78
169 6 10 67
169 6 13 68
169 6 14 69
169 10 0 76
169 10 3 74
169 10 5 83
169 10 6 75
169 10 7 72
169 10 10 76
169 10 12 74
169 10 14 77
170 4 0 66
170 4 6 67
170 4 7 73
170 4 8 71
170 4 9 74
170 4 10 63
170 4 13 64
170 4 14 65
170 5 0 67
170 5 5 68
170 5 6 74
170 5 7 72
170 5 8 75
170 5 10 64
170 5 11 65
170 5 14 66
170 13 2 73
170 13 4 74
170 13 7 80
170 13 8 78
170 13 9 81
170 13 11 70
170 13 12 71
170 13 13 72
170 14 0 71
170 14 1 72
170 14 2 78
170 14 3 76
170 14 5 79
170 14 6 68
170 14 7 69
170 14 11 70
171 0 1 94
171 0 4 103
171 0 7 101
171 0 8 106
171 0 9 101
171 0 11 109
171 0 12 90
171 0 13 103
171 3 0 102
171 3 1 98
171 3 3 92
171 3 4 95
171 3 5 104
171 3 6 95
171 3 7 103
171 3 9 102
171 14 0 95
171 14 1 95
171 14 2 81
171 14 3 87
171 14 5 83
171 14 6 89
171 14 7 88
171 14 11 81
172 3 0 26
172 3 1 26
172 3 3 24
172 3 4 23
172 3 5 24
172 3 6 23
172 3 7 25
172 3 9 26
172 5 0 26
172 5 5 26
172 5 6 24
172 5 7 23
172 5 8 24
172 5 10 23
172 5 11 25
172 5 14 26
172 8 0 24
172 8 2 24
172 8 7 22
172 8 8 21
172 8 10 22
172 8 11 21
172 8 12 23
172 8 14 24
172 9 0 23
172 9 1 23
172 9 2 21
172 9 3 20
172 9 4 21
172 9 7 20
172 9 12 22
172 9 14 23
172 10 0 24
172 10 3 24
172 10 5 22
172 10 6 21
172 10 7 22
172 10 10 21
172 10 12 23
172 10 14 24
173 2 0 100
173 2 1 92
173 2 2 100
173 2 4 97
173 2 8 92
173 2 9 99
173 2 11 99
173 2 12 92
173 8 0 103
173 8 2 99
173 8 7 93
173 8 8 96
173 8 10 105
173 8 11 96
173 8 12 104
173 8 14 103
173 9 0 97
173 9 1 93
173 9 2 87
173 9 3 90
173 9 4 99
173 9 7 90
173 9 12 98
173 9 14 97
174 0 1 71
174 0 4 72
174 0 7 78
174 0 8 76
174 0 9 79
174 0 11 68
174 0 12 69
174 0 13 70
174 5 0 83
174 5 5 95
174 5 6 81
174 5 7 86
174 5 8 93
174 5 10 86
174 5 11 82
174 5 14 95
174 14 0 69
174 14 1 70
174 14 2 76
174 14 3 74
174 14 5 77
174 14 6 66
174 14 7 67
174 14 11 68
175 3 0 103
175 3 1 99
175 3 3 93
175 3 4 96
175 3 5 105
175 3 6 96
175 3 7 104
175 3 9 103
175 5 0 99
175 5 5 95
175 5 6 89
175 5 7 92
175 5 8 101
175 5 10 92
175 5 11 100
175 5 14 99
175 6 0 82
175 6 3 94
175 6 4 80
175 6 7 85
175 6 9 92
175 6 10 85
175 6 13 81
175 6 14 94
175 14 0 95
175 14 1 95
175 14 2 81
175 14 3 87
175 14 5 83
175 14 6 89
175 14 7 88
175 14 11 81
176 0 1 29
176 0 4 29
176 0 7 27
176 0 8 26
176 0 9 27
176 0 11 26
176 0 12 28
176 0 13 29
176 1 0 30
176 1 1 30
176 1 2 28
176 1 6 27
176 1 8 28
176 1 9 27
176 1 10 29
176 1 14 30
176 3 0 29
176 3 1 30
176 3 3 33
176 3 4 32
176 3 5 33
176 3 6 28
176 3 7 28
176 3 9 29
176 9 0 28
176 9 1 29
176 9 2 32
176 9 3 31
176 9 4 32
176 9 7 27
176 9 12 27
176 9 14 28
176 11 2 29
176 11 3 30
176 11 9 33
176 11 10 32
176 11 11 33
176 11 12 28
176 11 13 28
176 11 14 29
177 3 0 12
177 3 1 13
177 3 3 14
177 3 4 14
177 3 5 14
177 3 6 12
177 3 7 12
177 3 9 12
177 5 0 13
177 5 5 14
177 5 6 15
177 5 7 15
177 5 8 15
177 5 10 13
177 5 11 13
177 5 14 13
177 11 2 14
177 11 3 15
177 11 9 16
177 11 10 16
177 11 11 16
177 11 12 14
177 11 13 14
177 11 14 14
177 12 0 14
177 12 3 15
177 12 6 16
177 12 10 16
177 12 11 16
177 12 12 14
177 12 13 14
177 12 14 14
177 13 2 14
177 13 4 15
177 13 7 16
177 13 8 16
177 13 9 16
177 13 11 14
177 13 12 14
177 13 13 14
178 1 0 45
178 1 1 41
178 1 2 45
178 1 6 48
178 1 8 47
178 1 9 48
178 1 10 46
178 1 14 45
178 6 0 40
178 6 3 43
178 6 4 38
178 6 7 43
178 6 9 41
178 6 10 43
178 6 13 39
178 6 14 43
178 8 0 45
178 8 2 41
178 8 7 45
178 8 8 48
178 8 10 47
178 8 11 48
178 8 12 46
178 8 14 45
179 5 0 47
179 5 5 43
179 5 6 47
179 5 7 50
179 5 8 49
179 5 10 50
179 5 11 48
179 5 14 47
179 8 0 43
179 8 2 39
179 8 7 43
179 8 8 46
179 8 10 45
179 8 11 46
179 8 12 44
179 8 14 43
179 9 0 47
179 9 1 43
179 9 2 47
179 9 3 50
179 9 4 49
179 9 7 50
179 9 12 48
179 9 14 47
180 1 0 26
180 1 1 26
180 1 2 24
180 1 6 23
180 1 8 24
180 1 9 23
180 1 10 25
180 1 14 26
180 5 0 26
180 5 5 26
180 5 6 24
180 5 7 23
180 5 8 24
180 5 10 23
180 5 11 25
180 5 14 26
180 8 0 24
180 8 2 24
180 8 7 22
180 8 8 21
180 8 10 22
180 8 11 21
180 8 12 23
180 8 14 24
180 12 0 23
180 12 3 23
180 12 6 21
180 12 10 20
180 12 11 21
180 12 12 20
180 12 13 22
180 12 14 23
180 14 0 24
180 14 1 24
180 14 2 22
180 14 3 21
180 14 5 22
180 14 6 21
180 14 7 23
180 14 11 24
181 0 1 76
181 0 4 88
181 0 7 74
181 0 8 79
181 0 9 86
181 0 11 79
181 0 12 75
181 0 13 88
181 5 0 99
181 5 5 95
181 5 6 89
181 5 7 92
181 5 8 101
181 5 10 92
181 5 11 100
181 5 14 99
181 7 2 74
181 7 3 75
181 7 5 81
181 7 6 79
181 7 7 82
181 7 8 71
181 7 10 72
181 7 14 73
181 11 2 79
181 11 3 91
181 11 9 77
181 11 10 82
181 11 11 89
181 11 12 82
181 11 13 78
181 11 14 91
181 12 0 97
181 12 3 93
181 12 6 87
181 12 10 90
181 12 11 99
181 12 12 90
181 12 13 98
181 12 14 97
182 0 1 32
182 0 4 33
182 0 7 36
182 0 8 35
182 0 9 36
182 0 11 31
182 0 12 31
182 0 13 32
182 1 0 33
182 1 1 34
182 1 2 37
182 1 6 36
182 1 8 37
182 1 9 32
182 1 10 32
182 1 14 33
182 5 0 36
182 5 5 37
182 5 6 40
182 5 7 39
182 5 8 40
182 5 10 35
182 5 11 35
182 5 14 36
182 10 0 35
182 10 3 36
182 10 5 39
182 10 6 38
182 10 7 39
182 10 10 34
182 10 12 34
182 10 14 35
183 1 0 76
183 1 1 74
183 1 2 83
183 1 6 75
183 1 8 72
183 1 9 76
183 1 10 74
183 1 14 77
183 5 0 98
183 5 5 94
183 5 6 88
183 5 7 91
183 5 8 100
183 5 10 91
183 5 11 99
183 5 14 98
183 9 0 73
183 9 1 74
183 9 2 80
183 9 3 78
183 9 4 81
183 9 7 70
183 9 12 71
183 9 14 72
183 11 2 78
183 11 3 90
183 11 9 76
183 11 10 81
183 11 11 88
183 11 12 81
183 11 13 77
183 11 14 90
183 12 0 95
183 12 3 95
183 12 6 81
183 12 10 87
183 12 11 83
183 12 12 89
183 12 13 88
183 12 14 81
184 1 0 66
184 1 1 68
184 1 2 66
184 1 6 71
184 1 8 66
184 1 9 67
184 1 10 69
184 1 14 68
184 4 0 64
184 4 6 70
184 4 7 74
184 4 8 67
184 4 9 71
184 4 10 67
184 4 13 75
184 4 14 64
184 10 0 71
184 10 3 72
184 10 5 78
184 10 6 76
184 10 7 79
184 10 10 68
184 10 12 69
184 10 14 70
185 1 0 67
185 1 1 68
185 1 2 74
185 1 6 72
185 1 8 75
185 1 9 64
185 1 10 65
185 1 14 66
185 2 0 68
185 2 1 69
185 2 2 75
185 2 4 73
185 2 8 76
185 2 9 65
185 2 11 66
185 2 12 67
185 3 0 74
185 3 1 75
185 3 3 81
185 3 4 79
185 3 5 82
185 3 6 71
185 3 7 72
185 3 9 73
185 5 0 72
185 5 5 73
185 5 6 79
185 5 7 77
185 5 8 80
185 5 10 69
185 5 11 70
185 5 14 71
185 9 0 76
185 9 1 74
185 9 2 83
185 9 3 75
185 9 4 72
185 9 7 76
185 9 12 74
185 9 14 77
186 1 0 63
186 1 1 65
186 1 2 63
186 1 6 68
186 1 8 63
186 1 9 64
186 1 10 66
186 1 14 65
186 3 0 64
186 3 1 66
186 3 3 64
186 3 4 69
186 3 5 64
186 3 6 65
186 3 7 67
186 3 9 66
186 9 0 68
186 9 1 69
186 9 2 75
186 9 3 73
186 9 4 76
186 9 7 65
186 9 12 66
186 9 14 67
187 0 1 28
187 0 4 29
187 0 7 32
187 0 8 31
187 0 9 32
187 0 11 27
187 0 12 27
187 0 13 28
187 6 0 29
187 6 3 30
187 6 4 33
187 6 7 32
187 6 9 33
187 6 10 28
187 6 13 28
187 6 14 29
187 8 0 32
187 8 2 33
187 8 7 36
187 8 8 35
187 8 10 36
187 8 11 31
187 8 12 31
187 8 14 32
187 11 2 31
187 11 3 32
187 11 9 35
187 11 10 34
187 11 11 35
187 11 12 30
187 11 13 30
187 11 14 31
187 13 2 32
187 13 4 33
187 13 7 36
187 13 8 35
187 13 9 36
187 13 11 31
187 13 12 31
187 13 13 32
188 3 0 71
188 3 1 72
188 3 3 78
188 3 4 76
188 3 5 79
188 3 6 68
188 3 7 69
188 3 9 70
188 4 0 83
188 4 6 95
188 4 7 81
188 4 8 86
188 4 9 93
188 4 10 86
188 4 13 82
188 4 14 95
188 6 0 69
188 6 3 70
188 6 4 76
188 6 7 74
188 6 9 77
188 6 10 66
188 6 13 67
188 6 14 68
188 8 0 74
188 8 2 75
188 8 7 81
188 8 8 79
188 8 10 82
188 8 11 71
188 8 12 72
188 8 14 73
188 9 0 81
188 9 1 93
188 9 2 79
188 9 3 84
188 9 4 91
188 9 7 84
188 9 12 80
188 9 14 93
189 1 0 46
189 1 1 42
189 1 2 46
189 1 6 49
189 1 8 48
189 1 9 49
189 1 10 47
189 1 14 46
189 3 0 42
189 3 1 38
189 3 3 42
189 3 4 45
189 3 5 44
189 3 6 45
189 3 7 43
189 3 9 42
189 4 0 46
189 4 6 42
189 4 7 46
189 4 8 49
189 4 9 48
189 4 10 49
189 4 13 47
189 4 14 46
189 5 0 49
189 5 5 45
189 5 6 49
189 5 7 52
189 5 8 51
189 5 10 52
189 5 11 50
189 5 14 49
189 13 2 48
189 13 4 44
189 13 7 48
189 13 8 51
189 13 9 50
189 13 11 51
189 13 12 49
189 13 13 48
190 4 0 61
190 4 6 63
190 4 7 61
190 4 8 66
190 4 9 61
190 4 10 62
190 4 13 64
190 4 14 63
190 7 2 63
190 7 3 65
190 7 5 63
190 7 6 68
190 7 7 63
190 7 8 64
190 7 10 66
190 7 14 65
190 11 2 61
190 11 3 63
190 11 9 61
190 11 10 66
190 11 11 61
190 11 12 62
190 11 13 64
190 11 14 63
190 13 2 66
190 13 4 68
190 13 7 66
190 13 8 71
190 13 9 66
190 13 11 67
190 13 12 69
190 13 13 68
190 14 0 61
190 14 1 63
190 14 2 61
190 14 3 66
190 14 5 61
190 14 6 62
190 14 7 64
190 14 11 63
191 2 0 78
191 2 1 90
191 2 2 76
191 2 4 81
191 2 8 88
191 2 9 81
191 2 11 77
191 2 12 90
191 4 0 101
191 4 6 97
191 4 7 91
191 4 8 94
191 4 9 103
191 4 10 94
191 4 13 102
191 4 14 101
191 9 0 76
191 9 1 88
191 9 2 74
191 9 3 79
191 9 4 86
191 9 7 79
191 9 12 75
191 9 14 88
191 11 2 81
191 11 3 93
191 11 9 79
191 11 10 84
191 11 11 91
191 11 12 84
191 11 13 80
191 11 14 93
192 4 0 59
192 4 6 61
192 4 7 59
192 4 8 64
192 4 9 59
192 4 10 60
192 4 13 62
192 4 14 61
192 6 0 61
192 6 3 63
192 6 4 61
192 6 7 66
192 6 9 61
192 6 10 62
192 6 13 64
192 6 14 63
192 11 2 59
192 11 3 61
192 11 9 59
192 11 10 64
192 11 11 59
192 11 12 60
192 11 13 62
192 11 14 61
192 12 0 64
192 12 3 66
192 12 6 64
192 12 10 69
192 12 11 64
192 12 12 65
192 12 13 67
192 12 14 66
192 13 2 59
192 13 4 61
192 13 7 59
192 13 8 64
192 13 9 59
192 13 11 60
192 13 12 62
192 13 13 61
193 7 2 60
193 7 3 62
193 7 5 60
193 7 6 65
193 7 7 60
193 7 8 61
193 7 10 63
193 7 14 62
193 10 0 62
193 10 3 64
193 10 5 62
193 10 6 67
193 10 7 62
193 10 10 63
193 10 12 65
193 10 14 64
193 12 0 60
193 12 3 62
193 12 6 60
193 12 10 65
193 12 11 60
193 12 12 61
193 12 13 63
193 12 14 62
193 13 2 65
193 13 4 67
193 13 7 65
193 13 8 70
193 13 9 65
193 13 11 66
193 13 12 68
193 13 13 67
193 14 0 60
193 14 1 62
193 14 2 60
193 14 3 65
193 14 5 60
193 14 6 61
193 14 7 63
193 14 11 62
194 0 1 68
194 0 4 69
194 0 7 75
194 0 8 73
194 0 9 76
194 0 11 65
194 0 12 66
194 0 13 67
194 3 0 69
194 3 1 70
194 3 3 76
194 3 4 74
194 3 5 77
194 3 6 66
194 3 7 67
194 3 9 68
194 11 2 76
194 11 3 74
194 11 9 83
194 11 10 75
194 11 11 72
194 11 12 76
194 11 13 74
194 11 14 77
194 12 0 73
194 12 3 74
194 12 6 80
194 12 10 78
194 12 11 81
194 12 12 70
194 12 13 71
194 12 14 72
195 1 0 31
195 1 1 33
195 1 2 31
195 1 6 29
195 1 8 31
195 1 9 32
195 1 10 27
195 1 14 33
195 5 0 31
195 5 5 33
195 5 6 31
195 5 7 29
195 5 8 31
195 5 10 32
195 5 11 27
195 5 14 33
195 8 0 29
195 8 2 29
195 8 7 27
195 8 8 26
195 8 10 27
195 8 11 26
195 8 12 28
195 8 14 29
196 11 2 17
196 11 3 18
196 11 9 19
196 11 10 19
196 11 11 19
196 11 12 17
196 11 13 17
196 11 14 17
196 13 2 19
196 13 4 20
196 13 7 19
196 13 8 22
196 13 9 21
196 13 11 22
196 13 12 20
196 13 13 19
196 14 0 17
196 14 1 18
196 14 2 19
196 14 3 19
196 14 5 19
196 14 6 17
196 14 7 17
196 14 11 17
197 2 0 25
197 2 1 25
197 2 2 23
197 2 4 22
197 2 8 23
197 2 9 22
197 2 11 24
197 2 12 25
197 9 0 25
197 9 1 25
197 9 2 23
197 9 3 22
197 9 4 23
197 9 7 22
197 9 12 24
197 9 14 25
197 12 0 23
197 12 3 23
197 12 6 21
197 12 10 20
197 12 11 21
197 12 12 20
197 12 13 22
197 12 14 23
198 5 0 72
198 5 5 73
198 5 6 79
198 5 7 77
198 5 8 80
198 5 10 69
198 5 11 70
198 5 14 71
198 8 0 84
198 8 2 96
198 8 7 82
198 8 8 87
198 8 10 94
198 8 11 87
198 8 12 83
198 8 14 96
198 11 2 70
198 11 3 71
198 11 9 77
198 11 10 75
198 11 11 78
198 11 12 67
198 11 13 68
198 11 14 69
198 12 0 76
198 12 3 74
198 12 6 83
198 12 10 75
198 12 11 72
198 12 12 76
198 12 13 74
198 12 14 77
198 14 0 82
198 14 1 94
198 14 2 80
198 14 3 85
198 14 5 92
198 14 6 85
198 14 7 81
198 14 11 94
199 6 0 45
199 6 3 41
199 6 4 45
199 6 7 48
199 6 9 47
199 6 10 48
199 6 13 46
199 6 14 45
199 7 2 40
199 7 3 43
199 7 5 38
199 7 6 43
199 7 7 41
199 7 8 43
199 7 10 39
199 7 14 43
199 8 0 45
199 8 2 41
199 8 7 45
199 8 8 48
199 8 10 47
199 8 11 48
199 8 12 46
199 8 14 45
199 9 0 48
199 9 1 44
199 9 2 48
199 9 3 51
199 9 4 50
199 9 7 51
199 9 12 49
199 9 14 48
199 12 0 47
199 12 3 43
199 12 6 47
199 12 10 50
199 12 11 49
199 12 12 50
199 12 13 48
199 12 14 47
200 0 1 10
200 0 4 11
200 0 7 12
200 0 8 12
200 0 9 12
200 0 11 10
200 0 12 10
200 0 13 10
200 2 0 11
200 2 1 12
200 2 2 13
200 2 4 13
200 2 8 13
200 2 9 11
200 2 11 11
200 2 12 11
200 3 0 12
200 3 1 13
200 3 3 14
200 3 4 14
200 3 5 14
200 3 6 12
200 3 7 12
200 3 9 12
200 14 0 12
200 14 1 13
200 14 2 14
200 14 3 14
200 14 5 14
200 14 6 12
200 14 7 12
200 14 11 12
201 9 0 29
201 9 1 30
201 9 2 33
201 9 3 32
201 9 4 33
201 9 7 28
201 9 12 28
201 9 14 29
201 11 2 30
201 11 3 31
201 11 9 34
201 11 10 33
201 11 11 34
201 11 12 29
201 11 13 29
201 11 14 30
201 13 2 33
201 13 4 34
201 13 7 37
201 13 8 36
201 13 9 37
201 13 11 32
201 13 12 32
201 13 13 33
201 14 0 32
201 14 1 33
201 14 2 36
201 14 3 35
201 14 5 36
201 14 6 31
201 14 7 31
201 14 11 32
202 1 0 63
202 1 1 65
202 1 2 63
202 1 6 68
202 1 8 63
202 1 9 64
202 1 10 66
202 1 14 65
202 10 0 64
202 10 3 66
202 10 5 64
202 10 6 69
202 10 7 64
202 10 10 65
202 10 12 67
202 10 14 66
202 11 2 68
202 11 3 69
202 11 9 75
202 11 10 73
202 11 11 76
202 11 12 65
202 11 13 66
202 11 14 67
202 13 2 66
202 13 4 67
202 13 7 73
202 13 8 71
202 13 9 74
202 13 11 63
202 13 12 64
202 13 13 65
203 4 0 79
203 4 6 91
203 4 7 77
203 4 8 82
203 4 9 89
203 4 10 82
203 4 13 78
203 4 14 91
203 7 2 102
203 7 3 98
203 7 5 92
203 7 6 95
203 7 7 104
203 7 8 95
203 7 10 103
203 7 14 102
203 13 2 77
203 13 4 89
203 13 7 75
203 13 8 80
203 13 9 87
203 13 11 80
203 13 12 76
203 13 13 89
203 14 0 82
203 14 1 94
203 14 2 80
203 14 3 85
203 14 5 92
203 14 6 85
203 14 7 81
203 14 11 94
204 4 0 12
204 4 6 13
204 4 7 14
204 4 8 14
204 4 9 14
204 4 10 12
204 4 13 12
204 4 14 12
204 6 0 13
204 6 3 14
204 6 4 15
204 6 7 15
204 6 9 15
204 6 10 13
204 6 13 13
204 6 14 13
204 11 2 14
204 11 3 15
204 11 9 16
204 11 10 16
204 11 11 16
204 11 12 14
204 11 13 14
204 11 14 14
204 12 0 14
204 12 3 15
204 12 6 16
204 12 10 16
204 12 11 16
204 12 12 14
204 12 13 14
204 12 14 14
205 0 1 72
205 0 4 73
205 0 7 79
205 0 8 77
205 0 9 80
205 0 11 69
205 0 12 70
205 0 13 71
205 3 0 84
205 3 1 96
205 3 3 82
205 3 4 87
205 3 5 94
205 3 6 87
205 3 7 83
205 3 9 96
205 8 0 70
205 8 2 71
205 8 7 77
205 8 8 75
205 8 10 78
205 8 11 67
205 8 12 68
205 8 14 69
206 3 0 30
206 3 1 30
206 3 3 28
206 3 4 27
206 3 5 28
206 3 6 27
206 3 7 29
206 3 9 30
206 11 2 30
206 11 3 30
206 11 9 28
206 11 10 27
206 11 11 28
206 11 12 27
206 11 13 29
206 11 14 30
206 13 2 28
206 13 4 28
206 13 7 26
206 13 8 25
206 13 9 26
206 13 11 25
206 13 12 27
206 13 13 28
207 0 1 77
207 0 4 89
207 0 7 75
207 0 8 80
207 0 9 87
207 0 11 80
207 0 12 76
207 0 13 89
207 1 0 100
207 1 1 96
207 1 2 90
207 1 6 93
207 1 8 102
207 1 9 93
207 1 10 101
207 1 14 100
207 2 0 76
207 2 1 74
207 2 2 83
207 2 4 75
207 2 8 72
207 2 9 76
207 2 11 74
207 2 12 77
207 5 0 80
207 5 5 92
207 5 6 78
207 5 7 83
207 5 8 90
207 5 10 83
207 5 11 79
207 5 14 92
208 3 0 29
208 3 1 29
208 3 3 27
208 3 4 26
208 3 5 27
208 3 6 26
208 3 7 28
208 3 9 29
208 7 2 29
208 7 3 29
208 7 5 27
208 7 6 26
208 7 7 27
208 7 8 26
208 7 10 28
208 7 14 29
208 8 0 27
208 8 2 27
208 8 7 25
208 8 8 24
208 8 10 25
208 8 11 24
208 8 12 26
208 8 14 27
208 9 0 26
208 9 1 26
208 9 2 24
208 9 3 23
208 9 4 24
208 9 7 23
208 9 12 25
208 9 14 26
208 11 2 27
208 11 3 27
208 11 9 25
208 11 10 24
208 11 11 25
208 11 12 24
208 11 13 26
208 11 14 27
209 5 0 13
209 5 5 14
209 5 6 15
209 5 7 15
209 5 8 15
209 5 10 13
209 5 11 13
209 5 14 13
209 8 0 14
209 8 2 15
209 8 7 16
209 8 8 16
209 8 10 16
209 8 11 14
209 8 12 14
209 8 14 14
209 12 0 15
209 12 3 16
209 12 6 17
209 12 10 17
209 12 11 17
209 12 12 15
209 12 13 15
209 12 14 15
210 9 0 28
210 9 1 29
210 9 2 32
210 9 3 31
210 9 4 32
210 9 7 27
210 9 12 27
210 9 14 28
210 10 0 29
210 10 3 30
210 10 5 33
210 10 6 32
210 10 7 33
210 10 10 28
210 10 12 28
210 10 14 29
210 13 2 32
210 13 4 33
210 13 7 36
210 13 8 35
210 13 9 36
210 13 11 31
210 13 12 31
210 13 13 32
210 14 0 31
210 14 1 32
210 14 2 35
210 14 3 34
210 14 5 35
210 14 6 30
210 14 7 30
210 14 11 31
211 5 0 64
211 5 5 66
211 5 6 64
211 5 7 69
211 5 8 64
211 5 10 65
211 5 11 67
211 5 14 66
211 8 0 65
211 8 2 67
211 8 7 65
211 8 8 70
211 8 10 65
211 8 11 66
211 8 12 68
211 8 14 67
211 9 0 69
211 9 1 70
211 9 2 76
211 9 3 74
211 9 4 77
211 9 7 66
211 9 12 67
211 9 14 68
211 11 2 67
211 11 3 68
211 11 9 74
211 11 10 72
211 11 11 75
211 11 12 64
211 11 13 65
211 11 14 66
211 14 0 70
211 14 1 71
211 14 2 77
211 14 3 75
211 14 5 78
211 14 6 67
211 14 7 68
211 14 11 69
212 4 0 65
212 4 6 67
212 4 7 65
212 4 8 70
212 4 9 65
212 4 10 66
212 4 13 68
212 4 14 67
212 7 2 66
212 7 3 68
212 7 5 66
212 7 6 71
212 7 7 66
212 7 8 67
212 7 10 69
212 7 14 68
212 12 0 70
212 12 3 71
212 12 6 77
212 12 10 75
212 12 11 78
212 12 12 67
212 12 13 68
212 12 14 69
212 13 2 68
212 13 4 69
212 13 7 75
212 13 8 73
212 13 9 76
212 13 11 65
212 13 12 66
212 13 13 67
213 1 0 55
213 1 1 47
213 1 2 55
213 1 6 52
213 1 8 47
213 1 9 54
213 1 10 54
213 1 14 47
213 3 0 47
213 3 1 43
213 3 3 47
213 3 4 50
213 3 5 49
213 3 6 50
213 3 7 48
213 3 9 47
213 10 0 55
213 10 3 47
213 10 5 55
213 10 6 52
213 10 7 47
213 10 10 54
213 10 12 54
213 10 14 47
213 11 2 51
213 11 3 51
213 11 9 49
213 11 10 48
213 11 11 49
213 11 12 48
213 11 13 56
213 11 14 51
213 14 0 50
213 14 1 50
213 14 2 48
213 14 3 47
213 14 5 48
213 14 6 47
213 14 7 55
213 14 11 50
214 0 1 29
214 0 4 30
214 0 7 33
214 0 8 32
214 0 9 33
214 0 11 28
214 0 12 28
214 0 13 29
214 3 0 30
214 3 1 31
214 3 3 34
214 3 4 33
214 3 5 34
214 3 6 29
214 3 7 29
214 3 9 30
214 10 0 33
214 10 3 34
214 10 5 37
214 10 6 36
214 10 7 37
214 10 10 32
214 10 12 32
214 10 14 33
215 2 0 43
215 2 1 39
215 2 2 43
215 2 4 46
215 2 8 45
215 2 9 46
215 2 11 44
215 2 12 43
215 6 0 35
215 6 3 36
215 6 4 39
215 6 7 38
215 6 9 39
215 6 10 34
215 6 13 34
215 6 14 35
215 7 2 43
215 7 3 39
215 7 5 43
215 7 6 46
215 7 7 45
215 7 8 46
215 7 10 44
215 7 14 43
215 13 2 46
215 13 4 42
215 13 7 46
215 13 8 49
215 13 9 48
215 13 11 49
215 13 12 47
215 13 13 46
216 0 1 31
216 0 4 33
216 0 7 31
216 0 8 29
216 0 9 31
216 0 11 32
216 0 12 27
216 0 13 33
216 5 0 28
216 5 5 29
216 5 6 32
216 5 7 31
216 5 8 32
216 5 10 27
216 5 11 27
216 5 14 28
216 7 2 31
216 7 3 32
216 7 5 35
216 7 6 34
216 7 7 35
216 7 8 30
216 7 10 30
216 7 14 31
216 11 2 30
216 11 3 31
216 11 9 34
216 11 10 33
216 11 11 34
216 11 12 29
216 11 13 29
216 11 14 30
217 0 1 13
217 0 4 14
217 0 7 15
217 0 8 15
217 0 9 15
217 0 11 13
217 0 12 13
217 0 13 13
217 1 0 14
217 1 1 15
217 1 2 16
217 1 6 16
217 1 8 16
217 1 9 14
217 1 10 14
217 1 14 14
217 6 0 15
217 6 3 16
217 6 4 17
217 6 7 17
217 6 9 17
217 6 10 15
217 6 13 15
217 6 14 15
217 13 2 15
217 13 4 16
217 13 7 17
217 13 8 17
217 13 9 17
217 13 11 15
217 13 12 15
217 13 13 15
218 5 0 30
218 5 5 30
218 5 6 28
218 5 7 27
218 5 8 28
218 5 10 27
218 5 11 29
218 5 14 30
218 6 0 31
218 6 3 33
218 6 4 31
218 6 7 29
218 6 9 31
218 6 10 32
218 6 13 27
218 6 14 33
218 11 2 30
218 11 3 31
218 11 9 34
218 11 10 33
218 11 11 34
218 11 12 29
218 11 13 29
218 11 14 30
218 13 2 29
218 13 4 30
218 13 7 33
218 13 8 32
218 13 9 33
218 13 11 28
218 13 12 28
218 13 13 29
218 14 0 30
218 14 1 31
218 14 2 34
218 14 3 33
218 14 5 34
218 14 6 29
218 14 7 29
218 14 11 30
219 0 1 47
219 0 4 43
219 0 7 47
219 0 8 50
219 0 9 49
219 0 11 50
219 0 12 48
219 0 13 47
219 1 0 43
219 1 1 39
219 1 2 43
219 1 6 46
219 1 8 45
219 1 9 46
219 1 10 44
219 1 14 43
219 4 0 47
219 4 6 43
219 4 7 47
219 4 8 50
219 4 9 49
219 4 10 50
219 4 13 48
219 4 14 47
219 8 0 50
219 8 2 46
219 8 7 50
219 8 8 53
219 8 10 52
219 8 11 53
219 8 12 51
219 8 14 50
219 9 0 49
219 9 1 45
219 9 2 49
219 9 3 52
219 9 4 51
219 9 7 52
219 9 12 50
219 9 14 49
220 1 0 94
220 1 1 103
220 1 2 101
220 1 6 106
220 1 8 101
220 1 9 109
220 1 10 90
220 1 14 103
220 2 0 102
220 2 1 98
220 2 2 92
220 2 4 95
220 2 8 104
220 2 9 95
220 2 11 103
220 2 12 102
220 3 0 95
220 3 1 95
220 3 3 81
220 3 4 87
220 3 5 83
220 3 6 89
220 3 7 88
220 3 9 81
220 11 2 99
220 11 3 95
220 11 9 89
220 11 10 92
220 11 11 101
220 11 12 92
220 11 13 100
220 11 14 99
220 12 0 101
220 12 3 93
220 12 6 101
220 12 10 98
220 12 11 93
220 12 12 100
220 12 13 100
220 12 14 93
221 0 1 74
221 0 4 75
221 0 7 81
221 0 8 79
221 0 9 82
221 0 11 71
221 0 12 72
221 0 13 73
221 2 0 97
221 2 1 93
221 2 2 87
221 2 4 90
221 2 8 99
221 2 9 90
221 2 11 98
221 2 12 97
221 4 0 72
221 4 6 73
221 4 7 79
221 4 8 77
221 4 9 80
221 4 10 69
221 4 13 70
221 4 14 71
221 7 2 77
221 7 3 89
221 7 5 75
221 7 6 80
221 7 7 87
221 7 8 80
221 7 10 76
221 7 14 89
221 13 2 84
221 13 4 96
221 13 7 82
221 13 8 87
221 13 9 94
221 13 11 87
221 13 12 83
221 13 13 96
222 0 1 69
222 0 4 70
222 0 7 76
222 0 8 74
222 0 9 77
222 0 11 66
222 0 12 67
222 0 13 68
222 7 2 70
222 7 3 71
222 7 5 77
222 7 6 75
222 7 7 78
222 7 8 67
222 7 10 68
222 7 14 69
222 11 2 76
222 11 3 88
222 11 9 74
222 11 10 79
222 11 11 86
222 11 12 79
222 11 13 75
222 11 14 88
222 13 2 74
222 13 4 75
222 13 7 81
222 13 8 79
222 13 9 82
222 13 11 71
222 13 12 72
222 13 13 73
223 4 0 56
223 4 6 56
223 4 7 54
223 4 8 53
223 4 9 54
223 4 10 53
223 4 13 61
223 4 14 56
223 7 2 63
223 7 3 57
223 7 5 56
223 7 6 60
223 7 7 64
223 7 8 60
223 7 10 63
223 7 14 60
223 10 0 56
223 10 3 56
223 10 5 54
223 10 6 53
223 10 7 54
223 10 10 53
223 10 12 61
223 10 14 56
223 13 2 60
223 13 4 62
223 13 7 60
223 13 8 65
223 13 9 60
223 13 11 61
223 13 12 63
223 13 13 62
224 0 1 68
224 0 4 69
224 0 7 75
224 0 8 73
224 0 9 76
224 0 11 65
224 0 12 66
224 0 13 67
224 5 0 69
224 5 5 70
224 5 6 76
224 5 7 74
224 5 8 77
224 5 10 66
224 5 11 67
224 5 14 68
224 7 2 76
224 7 3 74
224 7 5 83
224 7 6 75
224 7 7 72
224 7 8 76
224 7 10 74
224 7 14 77
224 12 0 73
224 12 3 74
224 12 6 80
224 12 10 78
224 12 11 81
224 12 12 70
224 12 13 71
224 12 14 72
224 13 2 76
224 13 4 88
224 13 7 74
224 13 8 79
224 13 9 86
224 13 11 79
224 13 12 75
224 13 13 88
225 1 0 26
225 1 1 26
225 1 2 24
225 1 6 23
225 1 8 24
225 1 9 23
225 1 10 25
225 1 14 26
225 2 0 26
225 2 1 26
225 2 2 24
225 2 4 23
225 2 8 24
225 2 9 23
225 2 11 25
225 2 12 26
225 11 2 24
225 11 3 24
225 11 9 22
225 11 10 21
225 11 11 22
225 11 12 21
225 11 13 23
225 11 14 24
226 0 1 31
226 0 4 33
226 0 7 31
226 0 8 29
226 0 9 31
226 0 11 32
226 0 12 27
226 0 13 33
226 5 0 28
226 5 5 29
226 5 6 32
226 5 7 31
226 5 8 32
226 5 10 27
226 5 11 27
226 5 14 28
226 9 0 31
226 9 1 32
226 9 2 35
226 9 3 34
226 9 4 35
226 9 7 30
226 9 12 30
226 9 14 31
226 11 2 30
226 11 3 31
226 11 9 34
226 11 10 33
226 11 11 34
226 11 12 29
226 11 13 29
226 11 14 30
227 4 0 101
227 4 6 93
227 4 7 101
227 4 8 98
227 4 9 93
227 4 10 100
227 4 13 100
227 4 14 93
227 7 2 104
227 7 3 100
227 7 5 94
227 7 6 97
227 7 7 106
227 7 8 97
227 7 10 105
227 7 14 104
227 8 0 98
227 8 2 94
227 8 7 88
227 8 8 91
227 8 10 100
227 8 11 91
227 8 12 99
227 8 14 98
227 13 2 101
227 13 4 97
227 13 7 91
227 13 8 94
227 13 9 103
227 13 11 94
227 13 12 102
227 13 13 101
228 0 1 49
228 0 4 45
228 0 7 49
228 0 8 52
228 0 9 51
228 0 11 52
228 0 12 50
228 0 13 49
228 1 0 45
228 1 1 41
228 1 2 45
228 1 6 48
228 1 8 47
228 1 9 48
228 1 10 46
228 1 14 45
228 9 0 49
228 9 1 45
228 9 2 49
228 9 3 52
228 9 4 51
228 9 7 52
228 9 12 50
228 9 14 49
229 0 1 51
229 0 4 51
229 0 7 49
229 0 8 48
229 0 9 49
229 0 11 48
229 0 12 56
229 0 13 51
229 5 0 51
229 5 5 51
229 5 6 49
229 5 7 48
229 5 8 49
229 5 10 48
229 5 11 56
229 5 14 51
229 9 0 49
229 9 1 49
229 9 2 47
229 9 3 46
229 9 4 47
229 9 7 46
229 9 12 54
229 9 14 49
229 11 2 55
229 11 3 47
229 11 9 55
229 11 10 52
229 11 11 47
229 11 12 54
229 11 13 54
229 11 14 47
230 1 0 51
230 1 1 51
230 1 2 49
230 1 6 48
230 1 8 49
230 1 9 48
230 1 10 56
230 1 14 51
230 2 0 51
230 2 1 51
230 2 2 49
230 2 4 48
230 2 8 49
230 2 9 48
230 2 11 56
230 2 12 51
230 6 0 49
230 6 3 49
230 6 4 47
230 6 7 46
230 6 9 47
230 6 10 46
230 6 13 54
230 6 14 49
230 11 2 55
230 11 3 47
230 11 9 55
230 11 10 52
230 11 11 47
230 11 12 54
230 11 13 54
230 11 14 47
230 14 0 49
230 14 1 49
230 14 2 47
230 14 3 46
230 14 5 47
230 14 6 46
230 14 7 54
230 14 11 49
231 1 0 77
231 1 1 89
231 1 2 75
231 1 6 80
231 1 8 87
231 1 9 80
231 1 10 76
231 1 14 89
231 7 2 100
231 7 3 96
231 7 5 90
231 7 6 93
231 7 7 102
231 7 8 93
231 7 10 101
231 7 14 100
231 8 0 76
231 8 2 74
231 8 7 83
231 8 8 75
231 8 10 72
231 8 11 76
231 8 12 74
231 8 14 77
231 10 0 80
231 10 3 92
231 10 5 78
231 10 6 83
231 10 7 90
231 10 10 83
231 10 12 79
231 10 14 92
231 13 2 98
231 13 4 94
231 13 7 88
231 13 8 91
231 13 9 100
231 13 11 91
231 13 12 99
231 13 13 98
232 5 0 53
232 5 5 53
232 5 6 51
232 5 7 50
232 5 8 51
232 5 10 50
232 5 11 58
232 5 14 53
232 9 0 48
232 9 1 44
232 9 2 48
232 9 3 51
232 9 4 50
232 9 7 51
232 9 12 49
232 9 14 48
232 12 0 53
232 12 3 53
232 12 6 51
232 12 10 50
232 12 11 51
232 12 12 50
232 12 13 58
232 12 14 53
233 3 0 60
233 3 1 62
233 3 3 60
233 3 4 65
233 3 5 60
233 3 6 61
233 3 7 63
233 3 9 62
233 6 0 62
233 6 3 64
233 6 4 62
233 6 7 67
233 6 9 62
233 6 10 63
233 6 13 65
233 6 14 64
233 11 2 60
233 11 3 62
233 11 9 60
233 11 10 65
233 11 11 60
233 11 12 61
233 11 13 63
233 11 14 62
234 2 0 65
234 2 1 67
234 2 2 65
234 2 4 70
234 2 8 65
234 2 9 66
234 2 11 68
234 2 12 67
234 3 0 66
234 3 1 68
234 3 3 66
234 3 4 71
234 3 5 66
234 3 6 67
234 3 7 69
234 3 9 68
234 6 0 70
234 6 3 71
234 6 4 77
234 6 7 75
234 6 9 78
234 6 10 67
234 6 13 68
234 6 14 69
234 7 2 68
234 7 3 69
234 7 5 75
234 7 6 73
234 7 7 76
234 7 8 65
234 7 10 66
234 7 14 67
234 8 0 71
234 8 2 72
234 8 7 78
234 8 8 76
234 8 10 79
234 8 11 68
234 8 12 69
234 8 14 70
235 7 2 105
235 7 3 101
235 7 5 95
235 7 6 98
235 7 7 107
235 7 8 98
235 7 10 106
235 7 14 105
235 8 0 101
235 8 2 97
235 8 7 91
235 8 8 94
235 8 10 103
235 8 11 94
235 8 12 102
235 8 14 101
235 9 0 84
235 9 1 96
235 9 2 82
235 9 3 87
235 9 4 94
235 9 7 87
235 9 12 83
235 9 14 96
235 12 0 98
235 12 3 94
235 12 6 88
235 12 10 91
235 12 11 100
235 12 12 91
235 12 13 99
235 12 14 98
235 13 2 100
235 13 4 92
235 13 7 100
235 13 8 97
235 13 9 92
235 13 11 99
235 13 12 99
235 13 13 92
236 3 0 10
236 3 1 10
236 3 3 11
236 3 4 10
236 3 5 11
236 3 6 10
236 3 7 9
236 3 9 10
236 5 0 10
236 5 5 10
236 5 6 11
236 5 7 10
236 5 8 11
236 5 10 10
236 5 11 9
236 5 14 10
236 12 0 9
236 12 3 10
236 12 6 11
236 12 10 11
236 12 11 11
236 12 12 9
236 12 13 9
236 12 14 9
236 14 0 10
236 14 1 10
236 14 2 11
236 14 3 10
236 14 5 11
236 14 6 10
236 14 7 9
236 14 11 10
237 0 1 29
237 0 4 30
237 0 7 33
237 0 8 32
237 0 9 33
237 0 11 28
237 0 12 28
237 0 13 29
237 2 0 30
237 2 1 31
237 2 2 34
237 2 4 33
237 2 8 34
237 2 9 29
237 2 11 29
237 2 12 30
237 3 0 33
237 3 1 34
237 3 3 37
237 3 4 36
237 3 5 37
237 3 6 32
237 3 7 32
237 3 9 33
237 9 0 32
237 9 1 33
237 9 2 36
237 9 3 35
237 9 4 36
237 9 7 31
237 9 12 31
237 9 14 32
237 14 0 33
237 14 1 34
237 14 2 37
237 14 3 36
237 14 5 37
237 14 6 32
237 14 7 32
237 14 11 33
238 0 1 61
238 0 4 63
238 0 7 61
238 0 8 66
238 0 9 61
238 0 11 62
238 0 12 64
238 0 13 63
238 2 0 63
238 2 1 65
238 2 2 63
238 2 4 68
238 2 8 63
238 2 9 64
238 2 11 66
238 2 12 65
238 3 0 61
238 3 1 63
238 3 3 61
238 3 4 66
238 3 5 61
238 3 6 62
238 3 7 64
238 3 9 63
238 4 0 66
238 4 6 68
238 4 7 66
238 4 8 71
238 4 9 66
238 4 10 67
238 4 13 69
238 4 14 68
239 4 0 28
239 4 6 29
239 4 7 32
239 4 8 31
239 4 9 32
239 4 10 27
239 4 13 27
239 4 14 28
239 5 0 30
239 5 5 31
239 5 6 34
239 5 7 33
239 5 8 34
239 5 10 29
239 5 11 29
239 5 14 30
239 11 2 28
239 11 3 29
239 11 9 32
239 11 10 31
239 11 11 32
239 11 12 27
239 11 13 27
239 11 14 28
239 12 0 30
239 12 3 30
239 12 6 28
239 12 10 27
239 12 11 28
239 12 12 27
239 12 13 29
239 12 14 30
240 6 0 58
240 6 3 60
240 6 4 58
240 6 7 63
240 6 9 58
240 6 10 59
240 6 13 61
240 6 14 60
240 7 2 60
240 7 3 62
240 7 5 60
240 7 6 65
240 7 7 60
240 7 8 61
240 7 10 63
240 7 14 62
240 10 0 58
240 10 3 60
240 10 5 58
240 10 6 63
240 10 7 58
240 10 10 59
240 10 12 61
240 10 14 60
240 11 2 63
240 11 3 65
240 11 9 63
240 11 10 68
240 11 11 63
240 11 12 64
240 11 13 66
240 11 14 65
240 13 2 58
240 13 4 60
240 13 7 58
240 13 8 63
240 13 9 58
240 13 11 59
240 13 12 61
240 13 13 60
241 1 0 47
241 1 1 43
241 1 2 47
241 1 6 50
241 1 8 49
241 1 9 50
241 1 10 48
241 1 14 47
241 5 0 43
241 5 5 39
241 5 6 43
241 5 7 46
241 5 8 45
241 5 10 46
241 5 11 44
241 5 14 43
241 12 0 47
241 12 3 43
241 12 6 47
241 12 10 50
241 12 11 49
241 12 12 50
241 12 13 48
241 12 14 47
241 13 2 50
241 13 4 46
241 13 7 50
241 13 8 53
241 13 9 52
241 13 11 53
241 13 12 51
241 13 13 50
241 14 0 49
241 14 1 45
241 14 2 49
241 14 3 52
241 14 5 51
241 14 6 52
241 14 7 50
241 14 11 49
242 6 0 68
242 6 3 69
242 6 4 75
242 6 7 73
242 6 9 76
242 6 10 65
242 6 13 66
242 6 14 67
242 7 2 69
242 7 3 70
242 7 5 76
242 7 6 74
242 7 7 77
242 7 8 66
242 7 10 67
242 7 14 68
242 10 0 76
242 10 3 74
242 10 5 83
242 10 6 75
242 10 7 72
242 10 10 76
242 10 12 74
242 10 14 77
242 11 2 73
242 11 3 74
242 11 9 80
242 11 10 78
242 11 11 81
242 11 12 70
242 11 13 71
242 11 14 72
242 12 0 76
242 12 3 88
242 12 6 74
242 12 10 79
242 12 11 86
242 12 12 79
242 12 13 75
242 12 14 88
243 1 0 66
243 1 1 68
243 1 2 66
243 1 6 71
243 1 8 66
243 1 9 67
243 1 10 69
243 1 14 68
243 3 0 64
243 3 1 70
243 3 3 74
243 3 4 67
243 3 5 71
243 3 6 67
243 3 7 75
243 3 9 64
243 5 0 71
243 5 5 72
243 5 6 78
243 5 7 76
243 5 8 79
243 5 10 68
243 5 11 69
243 5 14 70
243 7 2 69
243 7 3 70
243 7 5 76
243 7 6 74
243 7 7 77
243 7 8 66
243 7 10 67
243 7 14 68
243 11 2 72
243 11 3 73
243 11 9 79
243 11 10 77
243 11 11 80
243 11 12 69
243 11 13 70
243 11 14 71
244 1 0 45
244 1 1 41
244 1 2 45
244 1 6 48
244 1 8 47
244 1 9 48
244 1 10 46
244 1 14 45
244 4 0 40
244 4 6 43
244 4 7 38
244 4 8 43
244 4 9 41
244 4 10 43
244 4 13 39
244 4 14 43
244 8 0 45
244 8 2 41
244 8 7 45
244 8 8 48
244 8 10 47
244 8 11 48
244 8 12 46
244 8 14 45
244 11 2 48
244 11 3 44
244 11 9 48
244 11 10 51
244 11 11 50
244 11 12 51
244 11 13 49
244 11 14 48
244 13 2 47
244 13 4 43
244 13 7 47
244 13 8 50
244 13 9 49
244 13 11 50
244 13 12 48
244 13 13 47
245 2 0 30
245 2 1 31
245 2 2 34
245 2 4 33
245 2 8 34
245 2 9 29
245 2 11 29
245 2 12 30
245 5 0 31
245 5 5 32
245 5 6 35
245 5 7 34
245 5 8 35
245 5 10 30
245 5 11 30
245 5 14 31
245 14 0 34
245 14 1 35
245 14 2 38
245 14 3 37
245 14 5 38
245 14 6 33
245 14 7 33
245 14 11 34
246 0 1 10
246 0 4 10
246 0 7 11
246 0 8 10
246 0 9 11
246 0 11 10
246 0 12 9
246 0 13 10
246 4 0 9
246 4 6 10
246 4 7 11
246 4 8 11
246 4 9 11
246 4 10 9
246 4 13 9
246 4 14 9
246 12 0 10
246 12 3 11
246 12 6 12
246 12 10 12
246 12 11 12
246 12 12 10
246 12 13 10
246 12 14 10
247 0 1 44
247 0 4 40
247 0 7 44
247 0 8 47
247 0 9 46
247 0 11 47
247 0 12 45
247 0 13 44
247 3 0 36
247 3 1 37
247 3 3 40
247 3 4 39
247 3 5 40
247 3 6 35
247 3 7 35
247 3 9 36
247 10 0 44
247 10 3 40
247 10 5 44
247 10 6 47
247 10 7 46
247 10 10 47
247 10 12 45
247 10 14 44
247 12 0 47
247 12 3 43
247 12 6 47
247 12 10 50
247 12 11 49
247 12 12 50
247 12 13 48
247 12 14 47
248 1 0 31
248 1 1 32
248 1 2 35
248 1 6 34
248 1 8 35
248 1 9 30
248 1 10 30
248 1 14 31
248 3 0 32
248 3 1 33
248 3 3 36
248 3 4 35
248 3 5 36
248 3 6 31
248 3 7 31
248 3 9 32
248 5 0 35
248 5 5 36
248 5 6 39
248 5 7 38
248 5 8 39
248 5 10 34
248 5 11 34
248 5 14 35
248 9 0 34
248 9 1 35
248 9 2 38
248 9 3 37
248 9 4 38
248 9 7 33
248 9 12 33
248 9 14 34
248 11 2 35
248 11 3 36
248 11 9 39
248 11 10 38
248 11 11 39
248 11 12 34
248 11 13 34
248 11 14 35
249 3 0 53
249 3 1 53
249 3 3 51
249 3 4 50
249 3 5 51
249 3 6 50
249 3 7 58
249 3 9 53
249 10 0 53
249 10 3 53
249 10 5 51
249 10 6 50
249 10 7 51
249 10 10 50
249 10 12 58
249 10 14 53
249 14 0 51
249 14 1 51
249 14 2 49
249 14 3 48
249 14 5 49
249 14 6 48
249 14 7 56
249 14 11 51
250 1 0 54
250 1 1 54
250 1 2 52
250 1 6 51
250 1 8 52
250 1 9 51
250 1 10 59
250 1 14 54
250 4 0 54
250 4 6 54
250 4 7 52
250 4 8 51
250 4 9 52
250 4 10 51
250 4 13 59
250 4 14 54
250 5 0 52
250 5 5 52
250 5 6 50
250 5 7 49
250 5 8 50
250 5 10 49
250 5 11 57
250 5 14 52
251 4 0 68
251 4 6 69
251 4 7 75
251 4 8 73
251 4 9 76
251 4 10 65
251 4 13 66
251 4 14 67
251 7 2 69
251 7 3 70
251 7 5 76
251 7 6 74
251 7 7 77
251 7 8 66
251 7 10 67
251 7 14 68
251 8 0 76
251 8 2 74
251 8 7 83
251 8 8 75
251 8 10 72
251 8 11 76
251 8 12 74
251 8 14 77
251 14 0 73
251 14 1 74
251 14 2 80
251 14 3 78
251 14 5 81
251 14 6 70
251 14 7 71
251 14 11 72
252 1 0 29
252 1 1 29
252 1 2 27
252 1 6 26
252 1 8 27
252 1 9 26
252 1 10 28
252 1 14 29
252 11 2 29
252 11 3 29
252 11 9 27
252 11 10 26
252 11 11 27
252 11 12 26
252 11 13 28
252 11 14 29
252 12 0 27
252 12 3 27
252 12 6 25
252 12 10 24
252 12 11 25
252 12 12 24
252 12 13 26
252 12 14 27
253 2 0 28
253 2 1 29
253 2 2 32
253 2 4 31
253 2 8 32
253 2 9 27
253 2 11 27
253 2 12 28
253 10 0 30
253 10 3 31
253 10 5 34
253 10 6 33
253 10 7 34
253 10 10 29
253 10 12 29
253 10 14 30
253 14 0 28
253 14 1 29
253 14 2 32
253 14 3 31
253 14 5 32
253 14 6 27
253 14 7 27
253 14 11 28
254 4 0 50
254 4 6 50
254 4 7 48
254 4 8 47
254 4 9 48
254 4 10 47
254 4 13 55
254 4 14 50
254 9 0 50
254 9 1 50
254 9 2 48
254 9 3 47
254 9 4 48
254 9 7 47
254 9 12 55
254 9 14 50
254 12 0 55
254 12 3 47
254 12 6 55
254 12 10 52
254 12 11 47
254 12 12 54
254 12 13 54
254 12 14 47
254 13 2 50
254 13 4 46
254 13 7 50
254 13 8 53
254 13 9 52
254 13 11 53
254 13 12 51
254 13 13 50
255 7 2 69
255 7 3 70
255 7 5 76
255 7 6 74
255 7 7 77
255 7 8 66
255 7 10 67
255 7 14 68
255 11 2 70
255 11 3 71
255 11 9 77
255 11 10 75
255 11 11 78
255 11 12 67
255 11 13 68
255 11 14 69
255 14 0 76
255 14 1 88
255 14 2 74
255 14 3 79
255 14 5 86
255 14 6 79
255 14 7 75
255 14 11 88
256 0 1 63
256 0 4 65
256 0 7 63
256 0 8 68
256 0 9 63
256 0 11 64
256 0 12 66
256 0 13 65
256 4 0 64
256 4 6 66
256 4 7 64
256 4 8 69
256 4 9 64
256 4 10 65
256 4 13 67
256 4 14 66
256 7 2 68
256 7 3 69
256 7 5 75
256 7 6 73
256 7 7 76
256 7 8 65
256 7 10 66
256 7 14 67
256 11 2 66
256 11 3 67
256 11 9 73
256 11 10 71
256 11 11 74
256 11 12 63
256 11 13 64
256 11 14 65
257 0 1 101
257 0 4 97
257 0 7 91
257 0 8 94
257 0 9 103
257 0 11 94
257 0 12 102
257 0 13 101
257 1 0 101
257 1 1 97
257 1 2 91
257 1 6 94
257 1 8 103
257 1 9 94
257 1 10 102
257 1 14 101
257 4 0 76
257 4 6 88
257 4 7 74
257 4 8 79
257 4 9 86
257 4 10 79
257 4 13 75
257 4 14 88
257 8 0 82
257 8 2 94
257 8 7 80
257 8 8 85
257 8 10 92
257 8 11 85
257 8 12 81
257 8 14 94
257 10 0 78
257 10 3 90
257 10 5 76
257 10 6 81
257 10 7 88
257 10 10 81
257 10 12 77
257 10 14 90
258 0 1 31
258 0 4 33
258 0 7 31
258 0 8 29
258 0 9 31
258 0 11 32
258 0 12 27
258 0 13 33
258 5 0 31
258 5 5 33
258 5 6 31
258 5 7 29
258 5 8 31
258 5 10 32
258 5 11 27
258 5 14 33
258 6 0 29
258 6 3 29
258 6 4 27
258 6 7 26
258 6 9 27
258 6 10 26
258 6 13 28
258 6 14 29
258 10 0 28
258 10 3 28
258 10 5 26
258 10 6 25
258 10 7 26
258 10 10 25
258 10 12 27
258 10 14 28
259 2 0 28
259 2 1 29
259 2 2 32
259 2 4 31
259 2 8 32
259 2 9 27
259 2 11 27
259 2 12 28
259 9 0 29
259 9 1 30
259 9 2 33
259 9 3 32
259 9 4 33
259 9 7 28
259 9 12 28
259 9 14 29
259 10 0 32
259 10 3 33
259 10 5 36
259 10 6 35
259 10 7 36
259 10 10 31
259 10 12 31
259 10 14 32
260 2 0 66
260 2 1 67
260 2 2 73
260 2 4 71
260 2 8 74
260 2 9 63
260 2 11 64
260 2 12 65
260 5 0 67
260 5 5 68
260 5 6 74
260 5 7 72
260 5 8 75
260 5 10 64
260 5 11 65
260 5 14 66
260 6 0 73
260 6 3 74
260 6 4 80
260 6 7 78
260 6 9 81
260 6 10 70
260 6 13 71
260 6 14 72
260 10 0 71
260 10 3 72
260 10 5 78
260 10 6 76
260 10 7 79
260 10 10 68
260 10 12 69
260 10 14 70
260 13 2 74
260 13 4 75
260 13 7 81
260 13 8 79
260 13 9 82
260 13 11 71
260 13 12 72
260 13 13 73
261 5 0 53
261 5 5 53
261 5 6 51
261 5 7 50
261 5 8 51
261 5 10 50
261 5 11 58
261 5 14 53
261 8 0 53
261 8 2 53
261 8 7 51
261 8 8 50
261 8 10 51
261 8 11 50
261 8 12 58
261 8 14 53
261 11 2 51
261 11 3 51
261 11 9 49
261 11 10 48
261 11 11 49
261 11 12 48
261 11 13 56
261 11 14 51
261 12 0 50
261 12 3 50
261 12 6 48
261 12 10 47
261 12 11 48
261 12 12 47
261 12 13 55
261 12 14 50
261 13 2 51
261 13 4 51
261 13 7 49
261 13 8 48
261 13 9 49
261 13 11 48
261 13 12 56
261 13 13 51
262 1 0 63
262 1 1 57
262 1 2 56
262 1 6 60
262 1 8 64
262 1 9 60
262 1 10 63
262 1 14 60
262 6 0 59
262 6 3 61
262 6 4 59
262 6 7 64
262 6 9 59
262 6 10 60
262 6 13 62
262 6 14 61
262 7 2 63
262 7 3 57
262 7 5 56
262 7 6 60
262 7 7 64
262 7 8 60
262 7 10 63
262 7 14 60
262 9 0 62
262 9 1 64
262 9 2 62
262 9 3 67
262 9 4 62
262 9 7 63
262 9 12 65
262 9 14 64
262 11 2 63
262 11 3 57
262 11 9 56
262 11 10 60
262 11 11 64
262 11 12 60
262 11 13 63
262 11 14 60
263 1 0 60
263 1 1 62
263 1 2 60
263 1 6 65
263 1 8 60
263 1 9 61
263 1 10 63
263 1 14 62
263 4 0 55
263 4 6 55
263 4 7 53
263 4 8 52
263 4 9 53
263 4 10 52
263 4 13 60
263 4 14 55
263 6 0 54
263 6 3 54
263 6 4 52
263 6 7 51
263 6 9 52
263 6 10 51
263 6 13 59
263 6 14 54
264 2 0 68
264 2 1 69
264 2 2 75
264 2 4 73
264 2 8 76
264 2 9 65
264 2 11 66
264 2 12 67
264 8 0 69
264 8 2 70
264 8 7 76
264 8 8 74
264 8 10 77
264 8 11 66
264 8 12 67
264 8 14 68
264 9 0 76
264 9 1 74
264 9 2 83
264 9 3 75
264 9 4 72
264 9 7 76
264 9 12 74
264 9 14 77
265 3 0 68
265 3 1 69
265 3 3 75
265 3 4 73
265 3 5 76
265 3 6 65
265 3 7 66
265 3 9 67
265 6 0 69
265 6 3 70
265 6 4 76
265 6 7 74
265 6 9 77
265 6 10 66
265 6 13 67
265 6 14 68
265 7 2 76
265 7 3 74
265 7 5 83
265 7 6 75
265 7 7 72
265 7 8 76
265 7 10 74
265 7 14 77
265 9 0 73
265 9 1 74
265 9 2 80
265 9 3 78
265 9 4 81
265 9 7 70
265 9 12 71
265 9 14 72
265 12 0 76
265 12 3 88
265 12 6 74
265 12 10 79
265 12 11 86
265 12 12 79
265 12 13 75
265 12 14 88
266 1 0 73
266 1 1 74
266 1 2 80
266 1 6 78
266 1 8 81
266 1 9 70
266 1 10 71
266 1 14 72
266 4 0 95
266 4 6 95
266 4 7 81
266 4 8 87
266 4 9 83
266 4 10 89
266 4 13 88
266 4 14 81
266 8 0 71
266 8 2 72
266 8 7 78
266 8 8 76
266 8 10 79
266 8 11 68
266 8 12 69
266 8 14 70
266 9 0 76
266 9 1 88
266 9 2 74
266 9 3 79
266 9 4 86
266 9 7 79
266 9 12 75
266 9 14 88
266 11 2 83
266 11 3 95
266 11 9 81
266 11 10 86
266 11 11 93
266 11 12 86
266 11 13 82
266 11 14 95
267 0 1 52
267 0 4 52
267 0 7 50
267 0 8 49
267 0 9 50
267 0 11 49
267 0 12 57
267 0 13 52
267 4 0 52
267 4 6 52
267 4 7 50
267 4 8 49
267 4 9 50
267 4 10 49
267 4 13 57
267 4 14 52
267 7 2 50
267 7 3 50
267 7 5 48
267 7 6 47
267 7 7 48
267 7 8 47
267 7 10 55
267 7 14 50
267 9 0 49
267 9 1 49
267 9 2 47
267 9 3 46
267 9 4 47
267 9 7 46
267 9 12 54
267 9 14 49
267 13 2 50
267 13 4 50
267 13 7 48
267 13 8 47
267 13 9 48
267 13 11 47
267 13 12 55
267 13 13 50
268 0 1 33
268 0 4 34
268 0 7 37
268 0 8 36
268 0 9 37
268 0 11 32
268 0 12 32
268 0 13 33
268 1 0 34
268 1 1 35
268 1 2 38
268 1 6 37
268 1 8 38
268 1 9 33
268 1 10 33
268 1 14 34
268 8 0 40
268 8 2 43
268 8 7 38
268 8 8 43
268 8 10 41
268 8 11 43
268 8 12 39
268 8 14 43
268 11 2 36
268 11 3 37
268 11 9 40
268 11 10 39
268 11 11 40
268 11 12 35
268 11 13 35
268 11 14 36
268 12 0 40
268 12 3 43
268 12 6 38
268 12 10 43
268 12 11 41
268 12 12 43
268 12 13 39
268 12 14 43
269 0 1 29
269 0 4 29
269 0 7 27
269 0 8 26
269 0 9 27
269 0 11 26
269 0 12 28
269 0 13 29
269 8 0 29
269 8 2 29
269 8 7 27
269 8 8 26
269 8 10 27
269 8 11 26
269 8 12 28
269 8 14 29
269 12 0 27
269 12 3 27
269 12 6 25
269 12 10 24
269 12 11 25
269 12 12 24
269 12 13 26
269 12 14 27
270 0 1 43
270 0 4 39
270 0 7 43
270 0 8 46
270 0 9 45
270 0 11 46
270 0 12 44
270 0 13 43
270 12 0 35
270 12 3 36
270 12 6 39
270 12 10 38
270 12 11 39
270 12 12 34
270 12 13 34
270 12 14 35
270 13 2 43
270 13 4 39
270 13 7 43
270 13 8 46
270 13 9 45
270 13 11 46
270 13 12 44
270 13 13 43
271 2 0 71
271 2 1 72
271 2 2 78
271 2 4 76
271 2 8 79
271 2 9 68
271 2 11 69
271 2 12 70
271 5 0 69
271 5 5 70
271 5 6 76
271 5 7 74
271 5 8 77
271 5 10 66
271 5 11 67
271 5 14 68
271 11 2 78
271 11 3 90
271 11 9 76
271 11 10 81
271 11 11 88
271 11 12 81
271 11 13 77
271 11 14 90
271 12 0 70
271 12 3 71
271 12 6 77
271 12 10 75
271 12 11 78
271 12 12 67
271 12 13 68
271 12 14 69
272 5 0 15
272 5 5 16
272 5 6 17
272 5 7 17
272 5 8 17
272 5 10 15
272 5 11 15
272 5 14 15
272 7 2 16
272 7 3 17
272 7 5 18
272 7 6 18
272 7 7 18
272 7 8 16
272 7 10 16
272 7 14 16
272 11 2 17
272 11 3 18
272 11 9 19
272 11 10 19
272 11 11 19
272 11 12 17
272 11 13 17
272 11 14 17
272 12 0 17
272 12 3 18
272 12 6 19
272 12 10 19
272 12 11 19
272 12 12 17
272 12 13 17
272 12 14 17
273 3 0 105
273 3 1 101
273 3 3 95
273 3 4 98
273 3 5 107
273 3 6 98
273 3 7 106
273 3 9 105
273 7 2 101
273 7 3 97
273 7 5 91
273 7 6 94
273 7 7 103
273 7 8 94
273 7 10 102
273 7 14 101
273 9 0 84
273 9 1 96
273 9 2 82
273 9 3 87
273 9 4 94
273 9 7 87
273 9 12 83
273 9 14 96
273 13 2 98
273 13 4 94
273 13 7 88
273 13 8 91
273 13 9 100
273 13 11 91
273 13 12 99
273 13 13 98
274 4 0 102
274 4 6 94
274 4 7 102
274 4 8 99
274 4 9 94
274 4 10 101
274 4 13 101
274 4 14 94
274 8 0 105
274 8 2 101
274 8 7 95
274 8 8 98
274 8 10 107
274 8 11 98
274 8 12 106
274 8 14 105
274 11 2 99
274 11 3 95
274 11 9 89
274 11 10 92
274 11 11 101
274 11 12 92
274 11 13 100
274 11 14 99
274 12 0 102
274 12 3 98
274 12 6 92
274 12 10 95
274 12 11 104
274 12 12 95
274 12 13 103
274 12 14 102
275 2 0 49
275 2 1 45
275 2 2 49
275 2 4 52
275 2 8 51
275 2 9 52
275 2 11 50
275 2 12 49
275 6 0 45
275 6 3 41
275 6 4 45
275 6 7 48
275 6 9 47
275 6 10 48
275 6 13 46
275 6 14 45
275 10 0 49
275 10 3 45
275 10 5 49
275 10 6 52
275 10 7 51
275 10 10 52
275 10 12 50
275 10 14 49
275 12 0 49
275 12 3 49
275 12 6 47
275 12 10 46
275 12 11 47
275 12 12 46
275 12 13 54
275 12 14 49
275 13 2 55
275 13 4 47
275 13 7 55
275 13 8 52
275 13 9 47
275 13 11 54
275 13 12 54
275 13 13 47
276 2 0 105
276 2 1 101
276 2 2 95
276 2 4 98
276 2 8 107
276 2 9 98
276 2 11 106
276 2 12 105
276 4 0 101
276 4 6 97
276 4 7 91
276 4 8 94
276 4 9 103
276 4 10 94
276 4 13 102
276 4 14 101
276 7 2 84
276 7 3 96
276 7 5 82
276 7 6 87
276 7 7 94
276 7 8 87
276 7 10 83
276 7 14 96
276 10 0 98
276 10 3 94
276 10 5 88
276 10 6 91
276 10 7 100
276 10 10 91
276 10 12 99
276 10 14 98
276 13 2 100
276 13 4 92
276 13 7 100
276 13 8 97
276 13 9 92
276 13 11 99
276 13 12 99
276 13 13 92
277 2 0 49
277 2 1 49
277 2 2 47
277 2 4 46
277 2 8 47
277 2 9 46
277 2 11 54
277 2 12 49
277 7 2 49
277 7 3 49
277 7 5 47
277 7 6 46
277 7 7 47
277 7 8 46
277 7 10 54
277 7 14 49
277 11 2 50
277 11 3 46
277 11 9 50
277 11 10 53
277 11 11 52
277 11 12 53
277 11 13 51
277 11 14 50
277 12 0 49
277 12 3 45
277 12 6 49
277 12 10 52
277 12 11 51
277 12 12 52
277 12 13 50
277 12 14 49
278 0 1 28
278 0 4 29
278 0 7 32
278 0 8 31
278 0 9 32
278 0 11 27
278 0 12 27
278 0 13 28
278 2 0 30
278 2 1 31
278 2 2 34
278 2 4 33
278 2 8 34
278 2 9 29
278 2 11 29
278 2 12 30
278 10 0 28
278 10 3 29
278 10 5 32
278 10 6 31
278 10 7 32
278 10 10 27
278 10 12 27
278 10 14 28
278 11 2 30
278 11 3 30
278 11 9 28
278 11 10 27
278 11 11 28
278 11 12 27
278 11 13 29
278 11 14 30
278 13 2 28
278 13 4 29
278 13 7 32
278 13 8 31
278 13 9 32
278 13 11 27
278 13 12 27
278 13 13 28
279 2 0 31
279 2 1 33
279 2 2 31
279 2 4 29
279 2 8 31
279 2 9 32
279 2 11 27
279 2 12 33
279 7 2 28
279 7 3 29
279 7 5 32
279 7 6 31
279 7 7 32
279 7 8 27
279 7 10 27
279 7 14 28
279 8 0 31
279 8 2 32
279 8 7 35
279 8 8 34
279 8 10 35
279 8 11 30
279 8 12 30
279 8 14 31
279 12 0 30
279 12 3 31
279 12 6 34
279 12 10 33
279 12 11 34
279 12 12 29
279 12 13 29
279 12 14 30
279 13 2 31
279 13 4 32
279 13 7 35
279 13 8 34
279 13 9 35
279 13 11 30
279 13 12 30
279 13 13 31
280 1 0 49
280 1 1 45
280 1 2 49
280 1 6 52
280 1 8 51
280 1 9 52
280 1 10 50
280 1 14 49
280 7 2 45
280 7 3 41
280 7 5 45
280 7 6 48
280 7 7 47
280 7 8 48
280 7 10 46
280 7 14 45
280 12 0 49
280 12 3 45
280 12 6 49
280 12 10 52
280 12 11 51
280 12 12 52
280 12 13 50
280 12 14 49
280 14 0 49
280 14 1 49
280 14 2 47
280 14 3 46
280 14 5 47
280 14 6 46
280 14 7 54
280 14 11 49
281 0 1 55
281 0 4 47
281 0 7 55
281 0 8 52
281 0 9 47
281 0 11 54
281 0 12 54
281 0 13 47
281 5 0 55
281 5 5 47
281 5 6 55
281 5 7 52
281 5 8 47
281 5 10 54
281 5 11 54
281 5 14 47
281 7 2 49
281 7 3 45
281 7 5 49
281 7 6 52
281 7 7 51
281 7 8 52
281 7 10 50
281 7 14 49
281 9 0 48
281 9 1 44
281 9 2 48
281 9 3 51
281 9 4 50
281 9 7 51
281 9 12 49
281 9 14 48
281 10 0 49
281 10 3 45
281 10 5 49
281 10 6 52
281 10 7 51
281 10 10 52
281 10 12 50
281 10 14 49
282 1 0 60
282 1 1 62
282 1 2 60
282 1 6 65
282 1 8 60
282 1 9 61
282 1 10 63
282 1 14 62
282 5 0 55
282 5 5 55
282 5 6 53
282 5 7 52
282 5 8 53
282 5 10 52
282 5 11 60
282 5 14 55
282 6 0 54
282 6 3 54
282 6 4 52
282 6 7 51
282 6 9 52
282 6 10 51
282 6 13 59
282 6 14 54
282 8 0 63
282 8 2 57
282 8 7 56
282 8 8 60
282 8 10 64
282 8 11 60
282 8 12 63
282 8 14 60
282 14 0 61
282 14 1 63
282 14 2 61
282 14 3 66
282 14 5 61
282 14 6 62
282 14 7 64
282 14 11 63
283 3 0 61
283 3 1 63
283 3 3 61
283 3 4 66
283 3 5 61
283 3 6 62
283 3 7 64
283 3 9 63
283 4 0 64
283 4 6 70
283 4 7 74
283 4 8 67
283 4 9 71
283 4 10 67
283 4 13 75
283 4 14 64
283 8 0 69
283 8 2 70
283 8 7 76
283 8 8 74
283 8 10 77
283 8 11 66
283 8 12 67
283 8 14 68
283 11 2 64
283 11 3 66
283 11 9 64
283 11 10 69
283 11 11 64
283 11 12 65
283 11 13 67
283 11 14 66
284 0 1 10
284 0 4 10
284 0 7 11
284 0 8 10
284 0 9 11
284 0 11 10
284 0 12 9
284 0 13 10
284 1 0 9
284 1 1 10
284 1 2 11
284 1 6 11
284 1 8 11
284 1 9 9
284 1 10 9
284 1 14 9
284 4 0 10
284 4 6 11
284 4 7 12
284 4 8 12
284 4 9 12
284 4 10 10
284 4 13 10
284 4 14 10
284 10 0 10
284 10 3 11
284 10 5 12
284 10 6 12
284 10 7 12
284 10 10 10
284 10 12 10
284 10 14 10
285 2 0 51
285 2 1 51
285 2 2 49
285 2 4 48
285 2 8 49
285 2 9 48
285 2 11 56
285 2 12 51
285 7 2 51
285 7 3 51
285 7 5 49
285 7 6 48
285 7 7 49
285 7 8 48
285 7 10 56
285 7 14 51
285 12 0 49
285 12 3 49
285 12 6 47
285 12 10 46
285 12 11 47
285 12 12 46
285 12 13 54
285 12 14 49
286 1 0 73
286 1 1 74
286 1 2 80
286 1 6 78
286 1 8 81
286 1 9 70
286 1 10 71
286 1 14 72
286 7 2 95
286 7 3 95
286 7 5 81
286 7 6 87
286 7 7 83
286 7 8 89
286 7 10 88
286 7 14 81
286 9 0 71
286 9 1 72
286 9 2 78
286 9 3 76
286 9 4 79
286 9 7 68
286 9 12 69
286 9 14 70
286 11 2 76
286 11 3 88
286 11 9 74
286 11 10 79
286 11 11 86
286 11 12 79
286 11 13 75
286 11 14 88
286 14 0 83
286 14 1 95
286 14 2 81
286 14 3 86
286 14 5 93
286 14 6 86
286 14 7 82
286 14 11 95
287 2 0 100
287 2 1 92
287 2 2 100
287 2 4 97
287 2 8 92
287 2 9 99
287 2 11 99
287 2 12 92
287 6 0 103
287 6 3 99
287 6 4 93
287 6 7 96
287 6 9 105
287 6 10 96
287 6 13 104
287 6 14 103
287 9 0 97
287 9 1 93
287 9 2 87
287 9 3 90
287 9 4 99
287 9 7 90
287 9 12 98
287 9 14 97
287 12 0 100
287 12 3 96
287 12 6 90
287 12 10 93
287 12 11 102
287 12 12 93
287 12 13 101
287 12 14 100
287 13 2 102
287 13 4 94
287 13 7 102
287 13 8 99
287 13 9 94
287 13 11 101
287 13 12 101
287 13 13 94
288 6 0 15
288 6 3 16
288 6 4 17
288 6 7 17
288 6 9 17
288 6 10 15
288 6 13 15
288 6 14 15
288 11 2 16
288 11 3 17
288 11 9 18
288 11 10 18
288 11 11 18
288 11 12 16
288 11 13 16
288 11 14 16
288 13 2 17
288 13 4 18
288 13 7 19
288 13 8 19
288 13 9 19
288 13 11 17
288 13 12 17
288 13 13 17
289 2 0 66
289 2 1 67
289 2 2 73
289 2 4 71
289 2 8 74
289 2 9 63
289 2 11 64
289 2 12 65
289 6 0 67
289 6 3 68
289 6 4 74
289 6 7 72
289 6 9 75
289 6 10 64
289 6 13 65
289 6 14 66
289 11 2 73
289 11 3 74
289 11 9 80
289 11 10 78
289 11 11 81
289 11 12 70
289 11 13 71
289 11 14 72
289 13 2 71
289 13 4 72
289 13 7 78
289 13 8 76
289 13 9 79
289 13 11 68
289 13 12 69
289 13 13 70
289 14 0 74
289 14 1 75
289 14 2 81
289 14 3 79
289 14 5 82
289 14 6 71
289 14 7 72
289 14 11 73
290 0 1 72
290 0 4 73
290 0 7 79
290 0 8 77
290 0 9 80
290 0 11 69
290 0 12 70
290 0 13 71
290 1 0 84
290 1 1 96
290 1 2 82
290 1 6 87
290 1 8 94
290 1 9 87
290 1 10 83
290 1 14 96
290 9 0 70
290 9 1 71
290 9 2 77
290 9 3 75
290 9 4 78
290 9 7 67
290 9 12 68
290 9 14 69
290 11 2 76
290 11 3 74
290 11 9 83
290 11 10 75
290 11 11 72
290 11 12 76
290 11 13 74
290 11 14 77
290 13 2 82
290 13 4 94
290 13 7 80
290 13 8 85
290 13 9 92
290 13 11 85
290 13 12 81
290 13 13 94
291 1 0 102
291 1 1 94
291 1 2 102
291 1 6 99
291 1 8 94
291 1 9 101
291 1 10 101
291 1 14 94
291 3 0 105
291 3 1 101
291 3 3 95
291 3 4 98
291 3 5 107
291 3 6 98
291 3 7 106
291 3 9 105
291 11 2 99
291 11 3 95
291 11 9 89
291 11 10 92
291 11 11 101
291 11 12 92
291 11 13 100
291 11 14 99
292 6 0 63
292 6 3 65
292 6 4 63
292 6 7 68
292 6 9 63
292 6 10 64
292 6 13 66
292 6 14 65
292 7 2 64
292 7 3 66
292 7 5 64
292 7 6 69
292 7 7 64
292 7 8 65
292 7 10 67
292 7 14 66
292 8 0 68
292 8 2 69
292 8 7 75
292 8 8 73
292 8 10 76
292 8 11 65
292 8 12 66
292 8 14 67
292 10 0 66
292 10 3 67
292 10 5 73
292 10 6 71
292 10 7 74
292 10 10 63
292 10 12 64
292 10 14 65
292 11 2 69
292 11 3 70
292 11 9 76
292 11 10 74
292 11 11 77
292 11 12 66
292 11 13 67
292 11 14 68
293 5 0 31
293 5 5 33
293 5 6 31
293 5 7 29
293 5 8 31
293 5 10 32
293 5 11 27
293 5 14 33
293 6 0 28
293 6 3 29
293 6 4 32
293 6 7 31
293 6 9 32
293 6 10 27
293 6 13 27
293 6 14 28
293 7 2 31
293 7 3 32
293 7 5 35
293 7 6 34
293 7 7 35
293 7 8 30
293 7 10 30
293 7 14 31
294 3 0 46
294 3 1 42
294 3 3 46
294 3 4 49
294 3 5 48
294 3 6 49
294 3 7 47
294 3 9 46
294 6 0 42
294 6 3 38
294 6 4 42
294 6 7 45
294 6 9 44
294 6 10 45
294 6 13 43
294 6 14 42
294 9 0 46
294 9 1 42
294 9 2 46
294 9 3 49
294 9 4 48
294 9 7 49
294 9 12 47
294 9 14 46
294 12 0 49
294 12 3 45
294 12 6 49
294 12 10 52
294 12 11 51
294 12 12 52
294 12 13 50
294 12 14 49
295 5 0 72
295 5 5 73
295 5 6 79
295 5 7 77
295 5 8 80
295 5 10 69
295 5 11 70
295 5 14 71
295 7 2 84
295 7 3 96
295 7 5 82
295 7 6 87
295 7 7 94
295 7 8 87
295 7 10 83
295 7 14 96
295 8 0 70
295 8 2 71
295 8 7 77
295 8 8 75
295 8 10 78
295 8 11 67
295 8 12 68
295 8 14 69
295 9 0 76
295 9 1 74
295 9 2 83
295 9 3 75
295 9 4 72
295 9 7 76
295 9 12 74
295 9 14 77
295 13 2 82
295 13 4 94
295 13 7 80
295 13 8 85
295 13 9 92
295 13 11 85
295 13 12 81
295 13 13 94
296 0 1 59
296 0 4 61
296 0 7 59
296 0 8 64
296 0 9 59
296 0 11 60
296 0 12 62
296 0 13 61
296 4 0 61
296 4 6 63
296 4 7 61
296 4 8 66
296 4 9 61
296 4 10 62
296 4 13 64
296 4 14 63
296 5 0 59
296 5 5 61
296 5 6 59
296 5 7 64
296 5 8 59
296 5 10 60
296 5 11 62
296 5 14 61
296 11 2 64
296 11 3 66
296 11 9 64
296 11 10 69
296 11 11 64
296 11 12 65
296 11 13 67
296 11 14 66
296 12 0 59
296 12 3 61
296 12 6 59
296 12 10 64
296 12 11 59
296 12 12 60
296 12 13 62
296 12 14 61
297 3 0 45
297 3 1 41
297 3 3 45
297 3 4 48
297 3 5 47
297 3 6 48
297 3 7 46
297 3 9 45
297 6 0 40
297 6 3 43
297 6 4 38
297 6 7 43
297 6 9 41
297 6 10 43
297 6 13 39
297 6 14 43
297 7 2 45
297 7 3 41
297 7 5 45
297 7 6 48
297 7 7 47
297 7 8 48
297 7 10 46
297 7 14 45
298 3 0 49
298 3 1 45
298 3 3 49
298 3 4 52
298 3 5 51
298 3 6 52
298 3 7 50
298 3 9 49
298 4 0 45
298 4 6 41
298 4 7 45
298 4 8 48
298 4 9 47
298 4 10 48
298 4 13 46
298 4 14 45
298 8 0 49
298 8 2 45
298 8 7 49
298 8 8 52
298 8 10 51
298 8 11 52
298 8 12 50
298 8 14 49
298 10 0 49
298 10 3 49
298 10 5 47
298 10 6 46
298 10 7 47
298 10 10 46
298 10 12 54
298 10 14 49
298 12 0 55
298 12 3 47
298 12 6 55
298 12 10 52
298 12 11 47
298 12 12 54
298 12 13 54
298 12 14 47
299 0 1 52
299 0 4 52
299 0 7 50
299 0 8 49
299 0 9 50
299 0 11 49
299 0 12 57
299 0 13 52
299 6 0 52
299 6 3 52
299 6 4 50
299 6 7 49
299 6 9 50
299 6 10 49
299 6 13 57
299 6 14 52
299 13 2 50
299 13 4 50
299 13 7 48
299 13 8 47
299 13 9 48
299 13 11 47
299 13 12 55
299 13 13 50
300 4 0 17
300 4 6 18
300 4 7 19
300 4 8 19
300 4 9 19
300 4 10 17
300 4 13 17
300 4 14 17
300 8 0 19
300 8 2 20
300 8 7 19
300 8 8 22
300 8 10 21
300 8 11 22
300 8 12 20
300 8 14 19
300 10 0 17
300 10 3 18
300 10 5 19
300 10 6 19
300 10 7 19
300 10 10 17
300 10 12 17
300 10 14 17
300 14 0 23
300 14 1 23
300 14 2 21
300 14 3 20
300 14 5 21
300 14 6 20
300 14 7 22
300 14 11 23
301 2 0 15
301 2 1 16
301 2 2 17
301 2 4 17
301 2 8 17
301 2 9 15
301 2 11 15
301 2 12 15
301 5 0 16
301 5 5 17
301 5 6 18
301 5 7 18
301 5 8 18
301 5 10 16
301 5 11 16
301 5 14 16
301 7 2 17
301 7 3 18
301 7 5 19
301 7 6 19
301 7 7 19
301 7 8 17
301 7 10 17
301 7 14 17
301 13 2 17
301 13 4 18
301 13 7 19
301 13 8 19
301 13 9 19
301 13 11 17
301 13 12 17
301 13 13 17
302 1 0 73
302 1 1 74
302 1 2 80
302 1 6 78
302 1 8 81
302 1 9 70
302 1 10 71
302 1 14 72
302 5 0 95
302 5 5 95
302 5 6 81
302 5 7 87
302 5 8 83
302 5 10 89
302 5 11 88
302 5 14 81
302 12 0 71
302 12 3 72
302 12 6 78
302 12 10 76
302 12 11 79
302 12 12 68
302 12 13 69
302 12 14 70
302 13 2 76
302 13 4 88
302 13 7 74
302 13 8 79
302 13 9 86
302 13 11 79
302 13 12 75
302 13 13 88
303 3 0 55
303 3 1 47
303 3 3 55
303 3 4 52
303 3 5 47
303 3 6 54
303 3 7 54
303 3 9 47
303 4 0 55
303 4 6 47
303 4 7 55
303 4 8 52
303 4 9 47
303 4 10 54
303 4 13 54
303 4 14 47
303 8 0 49
303 8 2 45
303 8 7 49
303 8 8 52
303 8 10 51
303 8 11 52
303 8 12 50
303 8 14 49
303 12 0 48
303 12 3 44
303 12 6 48
303 12 10 51
303 12 11 50
303 12 12 51
303 12 13 49
303 12 14 48
304 3 0 26
304 3 1 26
304 3 3 24
304 3 4 23
304 3 5 24
304 3 6 23
304 3 7 25
304 3 9 26
304 8 0 26
304 8 2 26
304 8 7 24
304 8 8 23
304 8 10 24
304 8 11 23
304 8 12 25
304 8 14 26
304 10 0 24
304 10 3 24
304 10 5 22
304 10 6 21
304 10 7 22
304 10 10 21
304 10 12 23
304 10 14 24
304 11 2 23
304 11 3 23
304 11 9 21
304 11 10 20
304 11 11 21
304 11 12 20
304 11 13 22
304 11 14 23
305 6 0 31
305 6 3 33
305 6 4 31
305 6 7 29
305 6 9 31
305 6 10 32
305 6 13 27
305 6 14 33
305 8 0 28
305 8 2 29
305 8 7 32
305 8 8 31
305 8 10 32
305 8 11 27
305 8 12 27
305 8 14 28
305 12 0 31
305 12 3 32
305 12 6 35
305 12 10 34
305 12 11 35
305 12 12 30
305 12 13 30
305 12 14 31
306 0 1 30
306 0 4 30
306 0 7 28
306 0 8 27
306 0 9 28
306 0 11 27
306 0 12 29
306 0 13 30
306 1 0 30
306 1 1 30
306 1 2 28
306 1 6 27
306 1 8 28
306 1 9 27
306 1 10 29
306 1 14 30
306 2 0 28
306 2 1 28
306 2 2 26
306 2 4 25
306 2 8 26
306 2 9 25
306 2 11 27
306 2 12 28
307 0 1 10
307 0 4 10
307 0 7 11
307 0 8 10
307 0 9 11
307 0 11 10
307 0 12 9
307 0 13 10
307 6 0 10
307 6 3 10
307 6 4 11
307 6 7 10
307 6 9 11
307 6 10 10
307 6 13 9
307 6 14 10
307 7 2 9
307 7 3 10
307 7 5 11
307 7 6 11
307 7 7 11
307 7 8 9
307 7 10 9
307 7 14 9
308 1 0 53
308 1 1 53
308 1 2 51
308 1 6 50
308 1 8 51
308 1 9 50
308 1 10 58
308 1 14 53
308 12 0 53
308 12 3 53
308 12 6 51
308 12 10 50
308 12 11 51
308 12 12 50
308 12 13 58
308 12 14 53
308 13 2 51
308 13 4 51
308 13 7 49
308 13 8 48
308 13 9 49
308 13 11 48
308 13 12 56
308 13 13 51
309 4 0 60
309 4 6 62
309 4 7 60
309 4 8 65
309 4 9 60
309 4 10 61
309 4 13 63
309 4 14 62
309 9 0 55
309 9 1 55
309 9 2 53
309 9 3 52
309 9 4 53
309 9 7 52
309 9 12 60
309 9 14 55
309 11 2 54
309 11 3 54
309 11 9 52
309 11 10 51
309 11 11 52
309 11 12 51
309 11 13 59
309 11 14 54
310 0 1 29
310 0 4 30
310 0 7 33
310 0 8 32
310 0 9 33
310 0 11 28
310 0 12 28
310 0 13 29
310 8 0 30
310 8 2 31
310 8 7 34
310 8 8 33
310 8 10 34
310 8 11 29
310 8 12 29
310 8 14 30
310 10 0 33
310 10 3 34
310 10 5 37
310 10 6 36
310 10 7 37
310 10 10 32
310 10 12 32
310 10 14 33
311 0 1 63
311 0 4 57
311 0 7 56
311 0 8 60
311 0 9 64
311 0 11 60
311 0 12 63
311 0 13 60
311 1 0 59
311 1 1 61
311 1 2 59
311 1 6 64
311 1 8 59
311 1 9 60
311 1 10 62
311 1 14 61
311 6 0 63
311 6 3 57
311 6 4 56
311 6 7 60
311 6 9 64
311 6 10 60
311 6 13 63
311 6 14 60
311 8 0 62
311 8 2 64
311 8 7 62
311 8 8 67
311 8 10 62
311 8 11 63
311 8 12 65
311 8 14 64
312 0 1 61
312 0 4 63
312 0 7 61
312 0 8 66
312 0 9 61
312 0 11 62
312 0 12 64
312 0 13 63
312 1 0 64
312 1 1 70
312 1 2 74
312 1 6 67
312 1 8 71
312 1 9 67
312 1 10 75
312 1 14 64
312 5 0 69
312 5 5 70
312 5 6 76
312 5 7 74
312 5 8 77
312 5 10 66
312 5 11 67
312 5 14 68
312 6 0 64
312 6 3 66
312 6 4 64
312 6 7 69
312 6 9 64
312 6 10 65
312 6 13 67
312 6 14 66
312 12 0 66
312 12 3 67
312 12 6 73
312 12 10 71
312 12 11 74
312 12 12 63
312 12 13 64
312 12 14 65
313 2 0 63
313 2 1 65
313 2 2 63
313 2 4 68
313 2 8 63
313 2 9 64
313 2 11 66
313 2 12 65
313 10 0 64
313 10 3 66
313 10 5 64
313 10 6 69
313 10 7 64
313 10 10 65
313 10 12 67
313 10 14 66
313 13 2 68
313 13 4 69
313 13 7 75
313 13 8 73
313 13 9 76
313 13 11 65
313 13 12 66
313 13 13 67
313 14 0 66
313 14 1 67
313 14 2 73
313 14 3 71
313 14 5 74
313 14 6 63
313 14 7 64
313 14 11 65
314 6 0 30
314 6 3 31
314 6 4 34
314 6 7 33
314 6 9 34
314 6 10 29
314 6 13 29
314 6 14 30
314 7 2 31
314 7 3 32
314 7 5 35
314 7 6 34
314 7 7 35
314 7 8 30
314 7 10 30
314 7 14 31
314 14 0 34
314 14 1 35
314 14 2 38
314 14 3 37
314 14 5 38
314 14 6 33
314 14 7 33
314 14 11 34
315 2 0 74
315 2 1 75
315 2 2 81
315 2 4 79
315 2 8 82
315 2 9 71
315 2 11 72
315 2 12 73
315 4 0 97
315 4 6 93
315 4 7 87
315 4 8 90
315 4 9 99
315 4 10 90
315 4 13 98
315 4 14 97
315 8 0 72
315 8 2 73
315 8 7 79
315 8 8 77
315 8 10 80
315 8 11 69
315 8 12 70
315 8 14 71
315 14 0 77
315 14 1 89
315 14 2 75
315 14 3 80
315 14 5 87
315 14 6 80
315 14 7 76
315 14 11 89
316 2 0 64
316 2 1 70
316 2 2 74
316 2 4 67
316 2 8 71
316 2 9 67
316 2 11 75
316 2 12 64
316 8 0 66
316 8 2 67
316 8 7 73
316 8 8 71
316 8 10 74
316 8 11 63
316 8 12 64
316 8 14 65
316 13 2 72
316 13 4 73
316 13 7 79
316 13 8 77
316 13 9 80
316 13 11 69
316 13 12 70
316 13 13 71
317 1 0 10
317 1 1 10
317 1 2 11
317 1 6 10
317 1 8 11
317 1 9 10
317 1 10 9
317 1 14 10
317 8 0 9
317 8 2 10
317 8 7 11
317 8 8 11
317 8 10 11
317 8 11 9
317 8 12 9
317 8 14 9
317 10 0 10
317 10 3 11
317 10 5 12
317 10 6 12
317 10 7 12
317 10 10 10
317 10 12 10
317 10 14 10
317 11 2 10
317 11 3 11
317 11 9 12
317 11 10 12
317 11 11 12
317 11 12 10
317 11 13 10
317 11 14 10
318 0 1 71
318 0 4 72
318 0 7 78
318 0 8 76
318 0 9 79
318 0 11 68
318 0 12 69
318 0 13 70
318 3 0 69
318 3 1 70
318 3 3 76
318 3 4 74
318 3 5 77
318 3 6 66
318 3 7 67
318 3 9 68
318 8 0 78
318 8 2 90
318 8 7 76
318 8 8 81
318 8 10 88
318 8 11 81
318 8 12 77
318 8 14 90
318 14 0 70
318 14 1 71
318 14 2 77
318 14 3 75
318 14 5 78
318 14 6 67
318 14 7 68
318 14 11 69
319 0 1 68
319 0 4 69
319 0 7 75
319 0 8 73
319 0 9 76
319 0 11 65
319 0 12 66
319 0 13 67
319 2 0 69
319 2 1 70
319 2 2 76
319 2 4 74
319 2 8 77
319 2 9 66
319 2 11 67
319 2 12 68
319 6 0 76
319 6 3 74
319 6 4 83
319 6 7 75
319 6 9 72
319 6 10 76
319 6 13 74
319 6 14 77
319 7 2 73
319 7 3 74
319 7 5 80
319 7 6 78
319 7 7 81
319 7 8 70
319 7 10 71
319 7 14 72
319 12 0 76
319 12 3 88
319 12 6 74
319 12 10 79
319 12 11 86
319 12 12 79
319 12 13 75
319 12 14 88
320 2 0 62
320 2 1 64
320 2 2 62
320 2 4 67
320 2 8 62
320 2 9 63
320 2 11 65
320 2 12 64
320 12 0 64
320 12 3 66
320 12 6 64
320 12 10 69
320 12 11 64
320 12 12 65
320 12 13 67
320 12 14 66
320 13 2 62
320 13 4 64
320 13 7 62
320 13 8 67
320 13 9 62
320 13 11 63
320 13 12 65
320 13 13 64
320 14 0 64
320 14 1 70
320 14 2 74
320 14 3 67
320 14 5 71
320 14 6 67
320 14 7 75
320 14 11 64
321 0 1 29
321 0 4 29
321 0 7 27
321 0 8 26
321 0 9 27
321 0 11 26
321 0 12 28
321 0 13 29
321 1 0 30
321 1 1 30
321 1 2 28
321 1 6 27
321 1 8 28
321 1 9 27
321 1 10 29
321 1 14 30
321 7 2 29
321 7 3 30
321 7 5 33
321 7 6 32
321 7 7 33
321 7 8 28
321 7 10 28
321 7 14 29
321 9 0 28
321 9 1 29
321 9 2 32
321 9 3 31
321 9 4 32
321 9 7 27
321 9 12 27
321 9 14 28
322 0 1 68
322 0 4 69
322 0 7 75
322 0 8 73
322 0 9 76
322 0 11 65
322 0 12 66
322 0 13 67
322 7 2 69
322 7 3 70
322 7 5 76
322 7 6 74
322 7 7 77
322 7 8 66
322 7 10 67
322 7 14 68
322 9 0 76
322 9 1 74
322 9 2 83
322 9 3 75
322 9 4 72
322 9 7 76
322 9 12 74
322 9 14 77
322 12 0 73
322 12 3 74
322 12 6 80
322 12 10 78
322 12 11 81
322 12 12 70
322 12 13 71
322 12 14 72
323 6 0 31
323 6 3 32
323 6 4 35
323 6 7 34
323 6 9 35
323 6 10 30
323 6 13 30
323 6 14 31
323 9 0 32
323 9 1 33
323 9 2 36
323 9 3 35
323 9 4 36
323 9 7 31
323 9 12 31
323 9 14 32
323 11 2 35
323 11 3 36
323 11 9 39
323 11 10 38
323 11 11 39
323 11 12 34
323 11 13 34
323 11 14 35
323 12 0 34
323 12 3 35
323 12 6 38
323 12 10 37
323 12 11 38
323 12 12 33
323 12 13 33
323 12 14 34
324 2 0 24
324 2 1 24
324 2 2 22
324 2 4 21
324 2 8 22
324 2 9 21
324 2 11 23
324 2 12 24
324 9 0 24
324 9 1 24
324 9 2 22
324 9 3 21
324 9 4 22
324 9 7 21
324 9 12 23
324 9 14 24
324 13 2 22
324 13 4 22
324 13 7 20
324 13 8 19
324 13 9 20
324 13 11 19
324 13 12 21
324 13 13 22
324 14 0 19
324 14 1 20
324 14 2 19
324 14 3 22
324 14 5 21
324 14 6 22
324 14 7 20
324 14 11 19
325 0 1 33
325 0 4 34
325 0 7 37
325 0 8 36
325 0 9 37
325 0 11 32
325 0 12 32
325 0 13 33
325 2 0 34
325 2 1 35
325 2 2 38
325 2 4 37
325 2 8 38
325 2 9 33
325 2 11 33
325 2 12 34
325 8 0 40
325 8 2 43
325 8 7 38
325 8 8 43
325 8 10 41
325 8 11 43
325 8 12 39
325 8 14 43
325 11 2 36
325 11 3 37
325 11 9 40
325 11 10 39
325 11 11 40
325 11 12 35
325 11 13 35
325 11 14 36
326 1 0 8
326 1 1 8
326 1 2 9
326 1 6 9
326 1 8 9
326 1 9 8
326 1 10 8
326 1 14 8
326 6 0 10
326 6 3 10
326 6 4 11
326 6 7 10
326 6 9 11
326 6 10 10
326 6 13 9
326 6 14 10
326 8 0 9
326 8 2 10
326 8 7 11
326 8 8 11
326 8 10 11
326 8 11 9
326 8 12 9
326 8 14 9
326 13 2 9
326 13 4 10
326 13 7 11
326 13 8 11
326 13 9 11
326 13 11 9
326 13 12 9
326 13 13 9
326 14 0 9
326 14 1 10
326 14 2 11
326 14 3 11
326 14 5 11
326 14 6 9
326 14 7 9
326 14 11 9
327 0 1 25
327 0 4 25
327 0 7 23
327 0 8 22
327 0 9 23
327 0 11 22
327 0 12 24
327 0 13 25
327 1 0 25
327 1 1 25
327 1 2 23
327 1 6 22
327 1 8 23
327 1 9 22
327 1 10 24
327 1 14 25
327 12 0 23
327 12 3 23
327 12 6 21
327 12 10 20
327 12 11 21
327 12 12 20
327 12 13 22
327 12 14 23
327 13 2 22
327 13 4 22
327 13 7 20
327 13 8 19
327 13 9 20
327 13 11 19
327 13 12 21
327 13 13 22
327 14 0 23
327 14 1 23
327 14 2 21
327 14 3 20
327 14 5 21
327 14 6 20
327 14 7 22
327 14 11 23
328 3 0 49
328 3 1 45
328 3 3 49
328 3 4 52
328 3 5 51
328 3 6 52
328 3 7 50
328 3 9 49
328 5 0 45
328 5 5 41
328 5 6 45
328 5 7 48
328 5 8 47
328 5 10 48
328 5 11 46
328 5 14 45
328 9 0 49
328 9 1 45
328 9 2 49
328 9 3 52
328 9 4 51
328 9 7 52
328 9 12 50
328 9 14 49
328 13 2 49
328 13 4 49
328 13 7 47
328 13 8 46
328 13 9 47
328 13 11 46
328 13 12 54
328 13 13 49
329 1 0 103
329 1 1 99
329 1 2 93
329 1 6 96
329 1 8 105
329 1 9 96
329 1 10 104
329 1 14 103
329 4 0 99
329 4 6 95
329 4 7 89
329 4 8 92
329 4 9 101
329 4 10 92
329 4 13 100
329 4 14 99
329 6 0 82
329 6 3 94
329 6 4 80
329 6 7 85
329 6 9 92
329 6 10 85
329 6 13 81
329 6 14 94
329 8 0 95
329 8 2 95
329 8 7 81
329 8 8 87
329 8 10 83
329 8 11 89
329 8 12 88
329 8 14 81
330 2 0 63
330 2 1 57
330 2 2 56
330 2 4 60
330 2 8 64
330 2 9 60
330 2 11 63
330 2 12 60
330 3 0 59
330 3 1 61
330 3 3 59
330 3 4 64
330 3 5 59
330 3 6 60
330 3 7 62
330 3 9 61
330 4 0 63
330 4 6 57
330 4 7 56
330 4 8 60
330 4 9 64
330 4 10 60
330 4 13 63
330 4 14 60
330 5 0 62
330 5 5 64
330 5 6 62
330 5 7 67
330 5 8 62
330 5 10 63
330 5 11 65
330 5 14 64
330 7 2 63
330 7 3 57
330 7 5 56
330 7 6 60
330 7 7 64
330 7 8 60
330 7 10 63
330 7 14 60
331 2 0 51
331 2 1 51
331 2 2 49
331 2 4 48
331 2 8 49
331 2 9 48
331 2 11 56
331 2 12 51
331 6 0 51
331 6 3 51
331 6 4 49
331 6 7 48
331 6 9 49
331 6 10 48
331 6 13 56
331 6 14 51
331 11 2 49
331 11 3 49
331 11 9 47
331 11 10 46
331 11 11 47
331 11 12 46
331 11 13 54
331 11 14 49
331 12 0 55
331 12 3 47
331 12 6 55
331 12 10 52
331 12 11 47
331 12 12 54
331 12 13 54
331 12 14 47
331 14 0 49
331 14 1 49
331 14 2 47
331 14 3 46
331 14 5 47
331 14 6 46
331 14 7 54
331 14 11 49
332 2 0 105
332 2 1 101
332 2 2 95
332 2 4 98
332 2 8 107
332 2 9 98
332 2 11 106
332 2 12 105
332 4 0 101
332 4 6 97
332 4 7 91
332 4 8 94
332 4 9 103
332 4 10 94
332 4 13 102
332 4 14 101
332 7 2 84
332 7 3 96
332 7 5 82
332 7 6 87
332 7 7 94
332 7 8 87
332 7 10 83
332 7 14 96
333 0 1 23
333 0 4 23
333 0 7 21
333 0 8 20
333 0 9 21
333 0 11 20
333 0 12 22
333 0 13 23
333 4 0 23
333 4 6 23
333 4 7 21
333 4 8 20
333 4 9 21
333 4 10 20
333 4 13 22
333 4 14 23
333 14 0 19
333 14 1 20
333 14 2 19
333 14 3 22
333 14 5 21
333 14 6 22
333 14 7 20
333 14 11 19
334 1 0 30
334 1 1 30
334 1 2 28
334 1 6 27
334 1 8 28
334 1 9 27
334 1 10 29
334 1 14 30
334 6 0 31
334 6 3 33
334 6 4 31
334 6 7 29
334 6 9 31
334 6 10 32
334 6 13 27
334 6 14 33
334 8 0 30
334 8 2 31
334 8 7 34
334 8 8 33
334 8 10 34
334 8 11 29
334 8 12 29
334 8 14 30
334 9 0 29
334 9 1 30
334 9 2 33
334 9 3 32
334 9 4 33
334 9 7 28
334 9 12 28
334 9 14 29
334 10 0 30
334 10 3 31
334 10 5 34
334 10 6 33
334 10 7 34
334 10 10 29
334 10 12 29
334 10 14 30
335 1 0 50
335 1 1 46
335 1 2 50
335 1 6 53
335 1 8 52
335 1 9 53
335 1 10 51
335 1 14 50
335 4 0 50
335 4 6 46
335 4 7 50
335 4 8 53
335 4 9 52
335 4 10 53
335 4 13 51
335 4 14 50
335 9 0 48
335 9 1 44
335 9 2 48
335 9 3 51
335 9 4 50
335 9 7 51
335 9 12 49
335 9 14 48
335 11 2 47
335 11 3 43
335 11 9 47
335 11 10 50
335 11 11 49
335 11 12 50
335 11 13 48
335 11 14 47
336 5 0 54
336 5 5 54
336 5 6 52
336 5 7 51
336 5 8 52
336 5 10 51
336 5 11 59
336 5 14 54
336 6 0 54
336 6 3 54
336 6 4 52
336 6 7 51
336 6 9 52
336 6 10 51
336 6 13 59
336 6 14 54
336 7 2 52
336 7 3 52
336 7 5 50
336 7 6 49
336 7 7 50
336 7 8 49
336 7 10 57
336 7 14 52
336 8 0 51
336 8 2 51
336 8 7 49
336 8 8 48
336 8 10 49
336 8 11 48
336 8 12 56
336 8 14 51
336 13 2 52
336 13 4 52
336 13 7 50
336 13 8 49
336 13 9 50
336 13 11 49
336 13 12 57
336 13 13 52
337 7 2 26
337 7 3 26
337 7 5 24
337 7 6 23
337 7 7 24
337 7 8 23
337 7 10 25
337 7 14 26
337 11 2 26
337 11 3 26
337 11 9 24
337 11 10 23
337 11 11 24
337 11 12 23
337 11 13 25
337 11 14 26
337 12 0 24
337 12 3 24
337 12 6 22
337 12 10 21
337 12 11 22
337 12 12 21
337 12 13 23
337 12 14 24
338 0 1 74
338 0 4 75
338 0 7 81
338 0 8 79
338 0 9 82
338 0 11 71
338 0 12 72
338 0 13 73
338 3 0 97
338 3 1 93
338 3 3 87
338 3 4 90
338 3 5 99
338 3 6 90
338 3 7 98
338 3 9 97
338 9 0 72
338 9 1 73
338 9 2 79
338 9 3 77
338 9 4 80
338 9 7 69
338 9 12 70
338 9 14 71
339 6 0 25
339 6 3 25
339 6 4 23
339 6 7 22
339 6 9 23
339 6 10 22
339 6 13 24
339 6 14 25
339 10 0 25
339 10 3 25
339 10 5 23
339 10 6 22
339 10 7 23
339 10 10 22
339 10 12 24
339 10 14 25
339 12 0 23
339 12 3 23
339 12 6 21
339 12 10 20
339 12 11 21
339 12 12 20
339 12 13 22
339 12 14 23
340 1 0 31
340 1 1 32
340 1 2 35
340 1 6 34
340 1 8 35
340 1 9 30
340 1 10 30
340 1 14 31
340 3 0 32
340 3 1 33
340 3 3 36
340 3 4 35
340 3 5 36
340 3 6 31
340 3 7 31
340 3 9 32
340 5 0 35
340 5 5 36
340 5 6 39
340 5 7 38
340 5 8 39
340 5 10 34
340 5 11 34
340 5 14 35
340 9 0 34
340 9 1 35
340 9 2 38
340 9 3 37
340 9 4 38
340 9 7 33
340 9 12 33
340 9 14 34
340 10 0 35
340 10 3 36
340 10 5 39
340 10 6 38
340 10 7 39
340 10 10 34
340 10 12 34
340 10 14 35
341 1 0 76
341 1 1 88
341 1 2 74
341 1 6 79
341 1 8 86
341 1 9 79
341 1 10 75
341 1 14 88
341 6 0 99
341 6 3 95
341 6 4 89
341 6 7 92
341 6 9 101
341 6 10 92
341 6 13 100
341 6 14 99
341 9 0 74
341 9 1 75
341 9 2 81
341 9 3 79
341 9 4 82
341 9 7 71
341 9 12 72
341 9 14 73
342 0 1 13
342 0 4 14
342 0 7 15
342 0 8 15
342 0 9 15
342 0 11 13
342 0 12 13
342 0 13 13
342 2 0 14
342 2 1 15
342 2 2 16
342 2 4 16
342 2 8 16
342 2 9 14
342 2 11 14
342 2 12 14
342 6 0 15
342 6 3 16
342 6 4 17
342 6 7 17
342 6 9 17
342 6 10 15
342 6 13 15
342 6 14 15
342 8 0 15
342 8 2 16
342 8 7 17
342 8 8 17
342 8 10 17
342 8 11 15
342 8 12 15
342 8 14 15
343 2 0 28
343 2 1 28
343 2 2 26
343 2 4 25
343 2 8 26
343 2 9 25
343 2 11 27
343 2 12 28
343 6 0 28
343 6 3 28
343 6 4 26
343 6 7 25
343 6 9 26
343 6 10 25
343 6 13 27
343 6 14 28
343 7 2 26
343 7 3 26
343 7 5 24
343 7 6 23
343 7 7 24
343 7 8 23
343 7 10 25
343 7 14 26
343 9 0 25
343 9 1 25
343 9 2 23
343 9 3 22
343 9 4 23
343 9 7 22
343 9 12 24
343 9 14 25
343 10 0 26
343 10 3 26
343 10 5 24
343 10 6 23
343 10 7 24
343 10 10 23
343 10 12 25
343 10 14 26
344 6 0 71
344 6 3 72
344 6 4 78
344 6 7 76
344 6 9 79
344 6 10 68
344 6 13 69
344 6 14 70
344 9 0 83
344 9 1 95
344 9 2 81
344 9 3 86
344 9 4 93
344 9 7 86
344 9 12 82
344 9 14 95
344 12 0 69
344 12 3 70
344 12 6 76
344 12 10 74
344 12 11 77
344 12 12 66
344 12 13 67
344 12 14 68
345 2 0 59
345 2 1 61
345 2 2 59
345 2 4 64
345 2 8 59
345 2 9 60
345 2 11 62
345 2 12 61
345 4 0 61
345 4 6 63
345 4 7 61
345 4 8 66
345 4 9 61
345 4 10 62
345 4 13 64
345 4 14 63
345 11 2 59
345 11 3 61
345 11 9 59
345 11 10 64
345 11 11 59
345 11 12 60
345 11 13 62
345 11 14 61
345 13 2 64
345 13 4 66
345 13 7 64
345 13 8 69
345 13 9 64
345 13 11 65
345 13 12 67
345 13 13 66
346 0 1 28
346 0 4 28
346 0 7 26
346 0 8 25
346 0 9 26
346 0 11 25
346 0 12 27
346 0 13 28
346 7 2 28
346 7 3 28
346 7 5 26
346 7 6 25
346 7 7 26
346 7 8 25
346 7 10 27
346 7 14 28
346 10 0 26
346 10 3 26
346 10 5 24
346 10 6 23
346 10 7 24
346 10 10 23
346 10 12 25
346 10 14 26
347 1 0 50
347 1 1 50
347 1 2 48
347 1 6 47
347 1 8 48
347 1 9 47
347 1 10 55
347 1 14 50
347 2 0 50
347 2 1 50
347 2 2 48
347 2 4 47
347 2 8 48
347 2 9 47
347 2 11 55
347 2 12 50
347 3 0 55
347 3 1 47
347 3 3 55
347 3 4 52
347 3 5 47
347 3 6 54
347 3 7 54
347 3 9 47
347 5 0 50
347 5 5 46
347 5 6 50
347 5 7 53
347 5 8 52
347 5 10 53
347 5 11 51
347 5 14 50
347 11 2 55
347 11 3 47
347 11 9 55
347 11 10 52
347 11 11 47
347 11 12 54
347 11 13 54
347 11 14 47
348 0 1 30
348 0 4 30
348 0 7 28
348 0 8 27
348 0 9 28
348 0 11 27
348 0 12 29
348 0 13 30
348 2 0 31
348 2 1 33
348 2 2 31
348 2 4 29
348 2 8 31
348 2 9 32
348 2 11 27
348 2 12 33
348 12 0 30
348 12 3 31
348 12 6 34
348 12 10 33
348 12 11 34
348 12 12 29
348 12 13 29
348 12 14 30
349 0 1 30
349 0 4 30
349 0 7 28
349 0 8 27
349 0 9 28
349 0 11 27
349 0 12 29
349 0 13 30
349 4 0 31
349 4 6 33
349 4 7 31
349 4 8 29
349 4 9 31
349 4 10 32
349 4 13 27
349 4 14 33
349 7 2 30
349 7 3 31
349 7 5 34
349 7 6 33
349 7 7 34
349 7 8 29
349 7 10 29
349 7 14 30
349 12 0 29
349 12 3 30
349 12 6 33
349 12 10 32
349 12 11 33
349 12 12 28
349 12 13 28
349 12 14 29
350 2 0 17
350 2 1 18
350 2 2 19
350 2 4 19
350 2 8 19
350 2 9 17
350 2 11 17
350 2 12 17
350 5 0 19
350 5 5 20
350 5 6 19
350 5 7 22
350 5 8 21
350 5 10 22
350 5 11 20
350 5 14 19
350 7 2 17
350 7 3 18
350 7 5 19
350 7 6 19
350 7 7 19
350 7 8 17
350 7 10 17
350 7 14 17
350 12 0 23
350 12 3 23
350 12 6 21
350 12 10 20
350 12 11 21
350 12 12 20
350 12 13 22
350 12 14 23
350 14 0 22
350 14 1 22
350 14 2 20
350 14 3 19
350 14 5 20
350 14 6 19
350 14 7 21
350 14 11 22
351 5 0 43
351 5 5 39
351 5 6 43
351 5 7 46
351 5 8 45
351 5 10 46
351 5 11 44
351 5 14 43
351 8 0 35
351 8 2 36
351 8 7 39
351 8 8 38
351 8 10 39
351 8 11 34
351 8 12 34
351 8 14 35
351 11 2 43
351 11 3 39
351 11 9 43
351 11 10 46
351 11 11 45
351 11 12 46
351 11 13 44
351 11 14 43
351 13 2 46
351 13 4 42
351 13 7 46
351 13 8 49
351 13 9 48
351 13 11 49
351 13 12 47
351 13 13 46
351 14 0 45
351 14 1 41
351 14 2 45
351 14 3 48
351 14 5 47
351 14 6 48
351 14 7 46
351 14 11 45
352 1 0 78
352 1 1 90
352 1 2 76
352 1 6 81
352 1 8 88
352 1 9 81
352 1 10 77
352 1 14 90
352 5 0 101
352 5 5 97
352 5 6 91
352 5 7 94
352 5 8 103
352 5 10 94
352 5 11 102
352 5 14 101
352 6 0 76
352 6 3 88
352 6 4 74
352 6 7 79
352 6 9 86
352 6 10 79
352 6 13 75
352 6 14 88
352 8 0 81
352 8 2 93
352 8 7 79
352 8 8 84
352 8 10 91
352 8 11 84
352 8 12 80
352 8 14 93
352 11 2 99
352 11 3 95
352 11 9 89
352 11 10 92
352 11 11 101
352 11 12 92
352 11 13 100
352 11 14 99
353 3 0 10
353 3 1 10
353 3 3 11
353 3 4 10
353 3 5 11
353 3 6 10
353 3 7 9
353 3 9 10
353 7 2 10
353 7 3 10
353 7 5 11
353 7 6 10
353 7 7 11
353 7 8 10
353 7 10 9
353 7 14 10
353 10 0 9
353 10 3 10
353 10 5 11
353 10 6 11
353 10 7 11
353 10 10 9
353 10 12 9
353 10 14 9
353 11 2 10
353 11 3 10
353 11 9 11
353 11 10 10
353 11 11 11
353 11 12 10
353 11 13 9
353 11 14 10
354 0 1 46
354 0 4 42
354 0 7 46
354 0 8 49
354 0 9 48
354 0 11 49
354 0 12 47
354 0 13 46
354 2 0 42
354 2 1 38
354 2 2 42
354 2 4 45
354 2 8 44
354 2 9 45
354 2 11 43
354 2 12 42
354 3 0 46
354 3 1 42
354 3 3 46
354 3 4 49
354 3 5 48
354 3 6 49
354 3 7 47
354 3 9 46
354 9 0 49
354 9 1 45
354 9 2 49
354 9 3 52
354 9 4 51
354 9 7 52
354 9 12 50
354 9 14 49
355 0 1 31
355 0 4 33
355 0 7 31
355 0 8 29
355 0 9 31
355 0 11 32
355 0 12 27
355 0 13 33
355 3 0 31
355 3 1 33
355 3 3 31
355 3 4 29
355 3 5 31
355 3 6 32
355 3 7 27
355 3 9 33
355 8 0 29
355 8 2 29
355 8 7 27
355 8 8 26
355 8 10 27
355 8 11 26
355 8 12 28
355 8 14 29
355 11 2 28
355 11 3 28
355 11 9 26
355 11 10 25
355 11 11 26
355 11 12 25
355 11 13 27
355 11 14 28
355 13 2 29
355 13 4 29
355 13 7 27
355 13 8 26
355 13 9 27
355 13 11 26
355 13 12 28
355 13 13 29
356 0 1 102
356 0 4 94
356 0 7 102
356 0 8 99
356 0 9 94
356 0 11 101
356 0 12 101
356 0 13 94
356 1 0 105
356 1 1 101
356 1 2 95
356 1 6 98
356 1 8 107
356 1 9 98
356 1 10 106
356 1 14 105
356 2 0 99
356 2 1 95
356 2 2 89
356 2 4 92
356 2 8 101
356 2 9 92
356 2 11 100
356 2 12 99
356 4 0 102
356 4 6 98
356 4 7 92
356 4 8 95
356 4 9 104
356 4 10 95
356 4 13 103
356 4 14 102
356 7 2 104
356 7 3 96
356 7 5 104
356 7 6 101
356 7 7 96
356 7 8 103
356 7 10 103
356 7 14 96
357 6 0 66
357 6 3 67
357 6 4 73
357 6 7 71
357 6 9 74
357 6 10 63
357 6 13 64
357 6 14 65
357 8 0 67
357 8 2 68
357 8 7 74
357 8 8 72
357 8 10 75
357 8 11 64
357 8 12 65
357 8 14 66
357 10 0 73
357 10 3 74
357 10 5 80
357 10 6 78
357 10 7 81
357 10 10 70
357 10 12 71
357 10 14 72
357 12 0 71
357 12 3 72
357 12 6 78
357 12 10 76
357 12 11 79
357 12 12 68
357 12 13 69
357 12 14 70
357 13 2 74
357 13 4 75
357 13 7 81
357 13 8 79
357 13 9 82
357 13 11 71
357 13 12 72
357 13 13 73
358 4 0 61
358 4 6 63
358 4 7 61
358 4 8 66
358 4 9 61
358 4 10 62
358 4 13 64
358 4 14 63
358 7 2 63
358 7 3 65
358 7 5 63
358 7 6 68
358 7 7 63
358 7 8 64
358 7 10 66
358 7 14 65
358 11 2 61
358 11 3 63
358 11 9 61
358 11 10 66
358 11 11 61
358 11 12 62
358 11 13 64
358 11 14 63
358 12 0 66
358 12 3 68
358 12 6 66
358 12 10 71
358 12 11 66
358 12 12 67
358 12 13 69
358 12 14 68
359 0 1 24
359 0 4 24
359 0 7 22
359 0 8 21
359 0 9 22
359 0 11 21
359 0 12 23
359 0 13 24
359 1 0 24
359 1 1 24
359 1 2 22
359 1 6 21
359 1 8 22
359 1 9 21
359 1 10 23
359 1 14 24
359 3 0 22
359 3 1 22
359 3 3 20
359 3 4 19
359 3 5 20
359 3 6 19
359 3 7 21
359 3 9 22
359 5 0 19
359 5 5 20
359 5 6 19
359 5 7 22
359 5 8 21
359 5 10 22
359 5 11 20
359 5 14 19
359 8 0 22
359 8 2 22
359 8 7 20
359 8 8 19
359 8 10 20
359 8 11 19
359 8 12 21
359 8 14 22
360 4 0 31
360 4 6 32
360 4 7 35
360 4 8 34
360 4 9 35
360 4 10 30
360 4 13 30
360 4 14 31
360 9 0 32
360 9 1 33
360 9 2 36
360 9 3 35
360 9 4 36
360 9 7 31
360 9 12 31
360 9 14 32
360 11 2 35
360 11 3 36
360 11 9 39
360 11 10 38
360 11 11 39
360 11 12 34
360 11 13 34
360 11 14 35
360 12 0 34
360 12 3 35
360 12 6 38
360 12 10 37
360 12 11 38
360 12 12 33
360 12 13 33
360 12 14 34
361 6 0 29
361 6 3 29
361 6 4 27
361 6 7 26
361 6 9 27
361 6 10 26
361 6 13 28
361 6 14 29
361 7 2 30
361 7 3 30
361 7 5 28
361 7 6 27
361 7 7 28
361 7 8 27
361 7 10 29
361 7 14 30
361 10 0 29
361 10 3 30
361 10 5 33
361 10 6 32
361 10 7 33
361 10 10 28
361 10 12 28
361 10 14 29
361 14 0 28
361 14 1 29
361 14 2 32
361 14 3 31
361 14 5 32
361 14 6 27
361 14 7 27
361 14 11 28
362 1 0 53
362 1 1 53
362 1 2 51
362 1 6 50
362 1 8 51
362 1 9 50
362 1 10 58
362 1 14 53
362 8 0 53
362 8 2 53
362 8 7 51
362 8 8 50
362 8 10 51
362 8 11 50
362 8 12 58
362 8 14 53
362 11 2 51
362 11 3 51
362 11 9 49
362 11 10 48
362 11 11 49
362 11 12 48
362 11 13 56
362 11 14 51
362 12 0 50
362 12 3 50
362 12 6 48
362 12 10 47
362 12 11 48
362 12 12 47
362 12 13 55
362 12 14 50
363 1 0 53
363 1 1 53
363 1 2 51
363 1 6 50
363 1 8 51
363 1 9 50
363 1 10 58
363 1 14 53
363 3 0 48
363 3 1 44
363 3 3 48
363 3 4 51
363 3 5 50
363 3 6 51
363 3 7 49
363 3 9 48
363 4 0 53
363 4 6 53
363 4 7 51
363 4 8 50
363 4 9 51
363 4 10 50
363 4 13 58
363 4 14 53
363 8 0 50
363 8 2 50
363 8 7 48
363 8 8 47
363 8 10 48
363 8 11 47
363 8 12 55
363 8 14 50
364 3 0 10
364 3 1 10
364 3 3 11
364 3 4 10
364 3 5 11
364 3 6 10
364 3 7 9
364 3 9 10
364 5 0 9
364 5 5 10
364 5 6 11
364 5 7 11
364 5 8 11
364 5 10 9
364 5 11 9
364 5 14 9
364 7 2 10
364 7 3 11
364 7 5 12
364 7 6 12
364 7 7 12
364 7 8 10
364 7 10 10
364 7 14 10
364 12 0 10
364 12 3 11
364 12 6 12
364 12 10 12
364 12 11 12
364 12 12 10
364 12 13 10
364 12 14 10
364 14 0 10
364 14 1 11
364 14 2 12
364 14 3 12
364 14 5 12
364 14 6 10
364 14 7 10
364 14 11 10
365 0 1 56
365 0 4 56
365 0 7 54
365 0 8 53
365 0 9 54
365 0 11 53
365 0 12 61
365 0 13 56
365 3 0 63
365 3 1 57
365 3 3 56
365 3 4 60
365 3 5 64
365 3 6 60
365 3 7 63
365 3 9 60
365 10 0 56
365 10 3 56
365 10 5 54
365 10 6 53
365 10 7 54
365 10 10 53
365 10 12 61
365 10 14 56
365 11 2 60
365 11 3 62
365 11 9 60
365 11 10 65
365 11 11 60
365 11 12 61
365 11 13 63
365 11 14 62
365 12 0 56
365 12 3 56
365 12 6 54
365 12 10 53
365 12 11 54
365 12 12 53
365 12 13 61
365 12 14 56
366 2 0 55
366 2 1 47
366 2 2 55
366 2 4 52
366 2 8 47
366 2 9 54
366 2 11 54
366 2 12 47
366 7 2 47
366 7 3 43
366 7 5 47
366 7 6 50
366 7 7 49
366 7 8 50
366 7 10 48
366 7 14 47
366 11 2 55
366 11 3 47
366 11 9 55
366 11 10 52
366 11 11 47
366 11 12 54
366 11 13 54
366 11 14 47
366 14 0 51
366 14 1 51
366 14 2 49
366 14 3 48
366 14 5 49
366 14 6 48
366 14 7 56
366 14 11 51
367 2 0 78
367 2 1 90
367 2 2 76
367 2 4 81
367 2 8 88
367 2 9 81
367 2 11 77
367 2 12 90
367 3 0 101
367 3 1 97
367 3 3 91
367 3 4 94
367 3 5 103
367 3 6 94
367 3 7 102
367 3 9 101
367 14 0 76
367 14 1 88
367 14 2 74
367 14 3 79
367 14 5 86
367 14 6 79
367 14 7 75
367 14 11 88
368 1 0 45
368 1 1 41
368 1 2 45
368 1 6 48
368 1 8 47
368 1 9 48
368 1 10 46
368 1 14 45
368 5 0 40
368 5 5 43
368 5 6 38
368 5 7 43
368 5 8 41
368 5 10 43
368 5 11 39
368 5 14 43
368 7 2 45
368 7 3 41
368 7 5 45
368 7 6 48
368 7 7 47
368 7 8 48
368 7 10 46
368 7 14 45
368 10 0 48
368 10 3 44
368 10 5 48
368 10 6 51
368 10 7 50
368 10 10 51
368 10 12 49
368 10 14 48
368 11 2 47
368 11 3 43
368 11 9 47
368 11 10 50
368 11 11 49
368 11 12 50
368 11 13 48
368 11 14 47
369 8 0 28
369 8 2 28
369 8 7 26
369 8 8 25
369 8 10 26
369 8 11 25
369 8 12 27
369 8 14 28
369 9 0 28
369 9 1 28
369 9 2 26
369 9 3 25
369 9 4 26
369 9 7 25
369 9 12 27
369 9 14 28
369 10 0 26
369 10 3 26
369 10 5 24
369 10 6 23
369 10 7 24
369 10 10 23
369 10 12 25
369 10 14 26
369 13 2 25
369 13 4 25
369 13 7 23
369 13 8 22
369 13 9 23
369 13 11 22
369 13 12 24
369 13 13 25
370 0 1 66
370 0 4 68
370 0 7 66
370 0 8 71
370 0 9 66
370 0 11 67
370 0 12 69
370 0 13 68
370 3 0 64
370 3 1 70
370 3 3 74
370 3 4 67
370 3 5 71
370 3 6 67
370 3 7 75
370 3 9 64
370 6 0 71
370 6 3 72
370 6 4 78
370 6 7 76
370 6 9 79
370 6 10 68
370 6 13 69
370 6 14 70
370 11 2 69
370 11 3 70
370 11 9 76
370 11 10 74
370 11 11 77
370 11 12 66
370 11 13 67
370 11 14 68
371 1 0 55
371 1 1 47
371 1 2 55
371 1 6 52
371 1 8 47
371 1 9 54
371 1 10 54
371 1 14 47
371 9 0 55
371 9 1 47
371 9 2 55
371 9 3 52
371 9 4 47
371 9 7 54
371 9 12 54
371 9 14 47
371 12 0 49
371 12 3 45
371 12 6 49
371 12 10 52
371 12 11 51
371 12 12 52
371 12 13 50
371 12 14 49
372 7 2 24
372 7 3 24
372 7 5 22
372 7 6 21
372 7 7 22
372 7 8 21
372 7 10 23
372 7 14 24
372 9 0 24
372 9 1 24
372 9 2 22
372 9 3 21
372 9 4 22
372 9 7 21
372 9 12 23
372 9 14 24
372 10 0 22
372 10 3 22
372 10 5 20
372 10 6 19
372 10 7 20
372 10 10 19
372 10 12 21
372 10 14 22
372 14 0 19
372 14 1 20
372 14 2 19
372 14 3 22
372 14 5 21
372 14 6 22
372 14 7 20
372 14 11 19
373 5 0 56
373 5 5 56
373 5 6 54
373 5 7 53
373 5 8 54
373 5 10 53
373 5 11 61
373 5 14 56
373 6 0 63
373 6 3 57
373 6 4 56
373 6 7 60
373 6 9 64
373 6 10 60
373 6 13 63
373 6 14 60
373 8 0 56
373 8 2 56
373 8 7 54
373 8 8 53
373 8 10 54
373 8 11 53
373 8 12 61
373 8 14 56
374 1 0 15
374 1 1 16
374 1 2 17
374 1 6 17
374 1 8 17
374 1 9 15
374 1 10 15
374 1 14 15
374 5 0 16
374 5 5 17
374 5 6 18
374 5 7 18
374 5 8 18
374 5 10 16
374 5 11 16
374 5 14 16
374 6 0 17
374 6 3 18
374 6 4 19
374 6 7 19
374 6 9 19
374 6 10 17
374 6 13 17
374 6 14 17
374 7 2 17
374 7 3 18
374 7 5 19
374 7 6 19
374 7 7 19
374 7 8 17
374 7 10 17
374 7 14 17
374 10 0 17
374 10 3 18
374 10 5 19
374 10 6 19
374 10 7 19
374 10 10 17
374 10 12 17
374 10 14 17
375 3 0 9
375 3 1 10
375 3 3 11
375 3 4 11
375 3 5 11
375 3 6 9
375 3 7 9
375 3 9 9
375 5 0 10
375 5 5 11
375 5 6 12
375 5 7 12
375 5 8 12
375 5 10 10
375 5 11 10
375 5 14 10
375 11 2 11
375 11 3 12
375 11 9 13
375 11 10 13
375 11 11 13
375 11 12 11
375 11 13 11
375 11 14 11
376 1 0 43
376 1 1 39
376 1 2 43
376 1 6 46
376 1 8 45
376 1 9 46
376 1 10 44
376 1 14 43
376 5 0 35
376 5 5 36
376 5 6 39
376 5 7 38
376 5 8 39
376 5 10 34
376 5 11 34
376 5 14 35
376 9 0 43
376 9 1 39
376 9 2 43
376 9 3 46
376 9 4 45
376 9 7 46
376 9 12 44
376 9 14 43
376 14 0 46
376 14 1 42
376 14 2 46
376 14 3 49
376 14 5 48
376 14 6 49
376 14 7 47
376 14 11 46
377 2 0 50
377 2 1 50
377 2 2 48
377 2 4 47
377 2 8 48
377 2 9 47
377 2 11 55
377 2 12 50
377 10 0 50
377 10 3 50
377 10 5 48
377 10 6 47
377 10 7 48
377 10 10 47
377 10 12 55
377 10 14 50
377 14 0 55
377 14 1 47
377 14 2 55
377 14 3 52
377 14 5 47
377 14 6 54
377 14 7 54
377 14 11 47
378 0 1 104
378 0 4 100
378 0 7 94
378 0 8 97
378 0 9 106
378 0 11 97
378 0 12 105
378 0 13 104
378 2 0 100
378 2 1 96
378 2 2 90
378 2 4 93
378 2 8 102
378 2 9 93
378 2 11 101
378 2 12 100
378 4 0 83
378 4 6 95
378 4 7 81
378 4 8 86
378 4 9 93
378 4 10 86
378 4 13 82
378 4 14 95
378 9 0 97
378 9 1 93
378 9 2 87
378 9 3 90
378 9 4 99
378 9 7 90
378 9 12 98
378 9 14 97
379 0 1 9
379 0 4 10
379 0 7 11
379 0 8 11
379 0 9 11
379 0 11 9
379 0 12 9
379 0 13 9
379 7 2 10
379 7 3 11
379 7 5 12
379 7 6 12
379 7 7 12
379 7 8 10
379 7 10 10
379 7 14 10
379 11 2 11
379 11 3 12
379 11 9 13
379 11 10 13
379 11 11 13
379 11 12 11
379 11 13 11
379 11 14 11
379 13 2 11
379 13 4 12
379 13 7 13
379 13 8 13
379 13 9 13
379 13 11 11
379 13 12 11
379 13 13 11
379 14 0 11
379 14 1 12
379 14 2 13
379 14 3 13
379 14 5 13
379 14 6 11
379 14 7 11
379 14 11 11
380 4 0 11
380 4 6 12
380 4 7 13
380 4 8 13
380 4 9 13
380 4 10 11
380 4 13 11
380 4 14 11
380 8 0 12
380 8 2 13
380 8 7 14
380 8 8 14
380 8 10 14
380 8 11 12
380 8 12 12
380 8 14 12
380 12 0 13
380 12 3 14
380 12 6 15
380 12 10 15
380 12 11 15
380 12 12 13
380 12 13 13
380 12 14 13
380 13 2 13
380 13 4 14
380 13 7 15
380 13 8 15
380 13 9 15
380 13 11 13
380 13 12 13
380 13 13 13
380 14 0 13
380 14 1 14
380 14 2 15
380 14 3 15
380 14 5 15
380 14 6 13
380 14 7 13
380 14 11 13
