Jobs:
0 1 2 3 4 5 6 7 8 9 10 11 12 13 14 15 16 17 18 19 20 21 22 23 24 25 26 27 28 29
Machines:
0 1 2 3 4 5 6 7 8 9 10 11 12 13 14
Workers:
0 1 2 3 4 5 6 7 8 9 10 11
Operations per job:
0 1 2 3 4 5 6 7 8 9 10 11
12 13 14 15 16 17 18 19 20 21
22 23 24 25 26 27 28 29 30 31
32 33 34 35 36 37 38 39 40 41
42 43 44 45 46 47 48 49 50 51
52 53 54 55 56 57 58 59 60 61
62 63 64 65 66 67 68 69 70 71 72
73 74 75 76 77 78 79 80 81 82
83 84 85 86 87 88 89 90 91 92 93 94 95 96 97
98 99 100 101 102 103 104 105 106 107 108 109 110 111
112 113 114 115 116 117 118 119 120 121 122 123 124
125 126 127 128 129 130 131 132 133 134 135 136 137 138 139
140 141 142 143 144 145 146 147 148 149 150 151 152
153 154 155 156 157 158 159 160 161 162 163 164 165 166 167
168 169 170 171 172 173 174 175 176 177 178 179 180
181 182 183 184 185 186 187 188 189 190 191 192
193 194 195 196 197 198 199 200 201 202 203 204 205
206 207 208 209 210 211 212 213 214 215 216 217
218 219 220 221 222 223 224 225 226 227
228 229 230 231 232 233 234 235 236 237 238 239 240 241 242
243 244 245 246 247 248 249 250 251 252 253
254 255 256 257 258 259 260 261 262 263
264 265 266 267 268 269 270 271 272 273
274 275 276 277 278 279 280 281 282 283 284 285 286 287
288 289 290 291 292 293 294 295 296 297 298
299 300 301 302 303 304 305 306 307 308 309
310 311 312 313 314 315 316 317 318 319 320 321 322 323
324 325 326 327 328 329 330 331 332 333 334 335
336 337 338 339 340 341 342 343 344 345
346 347 348 349 350 351 352 353 354 355 356 357 358 359
Predecessors per operation:

0
1
2
3
4
5
6
7
8
9
10

12
13
14
15
16
17
18
19
20

22
23
24
25
26
27
28
29
30

32
33
34
35
36
37
38
39
40

42
43
44
45
46
47
48
49
50

52
53
54
55
56
57
58
59
60

62
63
64
65
66
67
68
69
70
71

73
74
75
76
77
78
79
80
81

83
84
85
86
87
88
89
90
91
92
93
94
95
96

98
99
100
101
102
103
104
105
106
107
108
109
110

112
113
114
115
116
117
118
119
120
121
122
123

125
126
127
128
129
130
131
132
133
134
135
136
137
138

140
141
142
143
144
145
146
147
148
149
150
151

153
154
155
156
157
158
159
160
161
162
163
164
165
166

168
169
170
171
172
173
174
175
176
177
178
179

181
182
183
184
185
186
187
188
189
190
191

193
194
195
196
197
198
199
200
201
202
203
204

206
207
208
209
210
211
212
213
214
215
216

218
219
220
221
222
223
224
225
226

228
229
230
231
232
233
234
235
236
237
238
239
240
241

243
244
245
246
247
248
249
250
251
252

254
255
256
257
258
259
260
261
262

264
265
266
267
268
269
270
271
272

274
275
276
277
278
279
280
281
282
283
284
285
286

288
289
290
291
292
293
294
295
296
297

299
300
301
302
303
304
305
306
307
308

310
311
312
313
314
315
316
317
318
319
320
321
322

324
325
326
327
328
329
330
331
332
333
334

336
337
338
339
340
341
342
343
344

346
347
348
349
350
351
352
353
354
355
356
357
358
Successors per operation:
1
2
3
4
5
6
7
8
9
10
11

13
14
15
16
17
18
19
20
21

23
24
25
26
27
28
29
30
31

33
34
35
36
37
38
39
40
41

43
44
45
46
47
48
49
50
51

53
54
55
56
57
58
59
60
61

63
64
65
66
67
68
69
70
71
72

74
75
76
77
78
79
80
81
82

84
85
86
87
88
89
90
91
92
93
94
95
96
97

99
100
101
102
103
104
105
106
107
108
109
110
111

113
114
115
116
117
118
119
120
121
122
123
124

126
127
128
129
130
131
132
133
134
135
136
137
138
139

141
142
143
144
145
146
147
148
149
150
151
152

154
155
156
157
158
159
160
161
162
163
164
165
166
167

169
170
171
172
173
174
175
176
177
178
179
180

182
183
184
185
186
187
188
189
190
191
192

194
195
196
197
198
199
200
201
202
203
204
205

207
208
209
210
211
212
213
214
215
216
217

219
220
221
222
223
224
225
226
227

229
230
231
232
233
234
235
236
237
238
239
240
241
242

244
245
246
247
248
249
250
251
252
253

255
256
257
258
259
260
261
262
263

265
266
267
268
269
270
271
272
273

275
276
277
278
279
280
281
282
283
284
285
286
287

289
290
291
292
293
294
295
296
297
298

300
301
302
303
304
305
306
307
308
309

311
312
313
314
315
316
317
318
319
320
321
322
323

325
326
327
328
329
330
331
332
333
334
335

337
338
339
340
341
342
343
344
345

347
348
349
350
351
352
353
354
355
356
357
358
359

Machines per operation:
5 6 9 12 13
8 10 12
0 2 5
3 8 12
8 9 11
1 6 9
1 2 4 10
6 7 13
7 9 10 11 14
6 8 10 12
0 9 12
5 6 7 9 11
1 3 11
2 7 8 12 14
1 4 12
1 2 3 9 14
4 5 8
5 9 10 11 14
7 10 11
0 4 5 8 9
8 9 10 13
0 10 11
0 12 14
4 6 7 12
0 4 9 13
2 3 4 8
5 7 11 12
0 3 6 13 14
6 7 12
0 5 10 11
0 2 4 6
1 2 8
4 5 6 11
0 4 5 7 14
1 6 7 12
8 10 11
0 4 7 12 13
1 2 9
5 6 8 9 12
3 10 14
3 10 14
4 7 8 9
4 6 10
1 7 14
0 1 11
0 4 6 8 13
3 6 8
4 6 9 13 14
0 6 12
0 3 4 13
6 7 14
2 3 8 13
1 2 3 5 12
0 3 5 8 10
2 4 13
0 4 6 9 10
4 6 9 13
1 2 12 13 14
0 2 3 4 5
2 3 10 12 13
5 9 14
2 3 7 9
1 3 6 9
3 4 7
0 7 8
3 6 8 9
2 3 7 8 14
4 5 6 7 14
1 2 6 7 10
3 4 12 13
7 8 9 10 14
0 5 6 10 13
3 6 7 12 13
2 3 9 10 14
3 4 5 7 13
6 9 13 14
3 9 13
0 5 6 11 12
3 4 8 12
1 5 9 10
3 8 9 10
0 4 7 8 13
6 11 13
6 8 9 12 14
4 7 9 10
7 9 10 13
7 8 12
3 4 5 13
5 8 9
2 8 9 11
2 3 4 5
2 4 11 13 14
0 3 4 10
1 4 6 10 13
1 11 13
4 10 14
3 4 6
4 7 10
0 1 5 7 11
0 2 3 9
2 4 5
3 8 9 10
1 7 8
3 4 5 13
9 13 14
2 10 12
6 10 11 14
0 1 4 6 8
0 6 7 10 11
2 8 10 11
2 3 10
1 2 7 10 12
0 4 14
2 3 11 14
0 3 5 7 11
0 2 4 14
0 6 8
1 2 5 9 13
10 13 14
0 1 14
4 9 13
5 7 8 10
0 10 14
6 7 10 11
1 3 5 11 12
6 9 13
4 7 10 11 12
1 3 10 12
0 9 11
0 2 4 6 9
0 2 13
7 8 9 11 12
0 1 9
0 4 9 10 14
1 2 3 5
3 4 9 12 13
0 2 6 12 13
0 6 7 14
3 4 7
5 12 14
3 8 9 10 11
0 8 11
5 9 10 11 13
0 9 12
0 1 3 13 14
0 4 9 14
5 6 9 12 13
3 11 12 13 14
2 3 5 12
0 1 7 10 11
5 8 9 10
1 2 13
2 3 4 6
3 4 5
5 7 9 12
0 5 7 9
7 9 14
1 2 4 8 9
1 6 9 10
2 4 7 8 12
0 9 11
0 7 8 12
5 7 10 14
0 3 12 14
3 6 8 11
6 9 13
1 8 10
2 3 9 13
0 1 2 11 12
0 5 6 8 13
2 3 7 8 9
2 6 9
5 8 10
0 1 12
4 8 10 11 13
8 10 14
6 7 12 13
6 7 14
2 5 7 11 12
1 2 3 9 12
0 2 3 14
0 10 12
0 3 4 9
0 7 8 9 13
6 7 10
6 7 9 12
3 5 6
1 4 6 8
0 2 8 10
3 8 9 10
1 3 7 8 10
3 4 5 8
2 4 7 10
9 11 13
0 5 8 9 14
0 1 2 8
2 9 10
4 10 11 12
0 3 5 6 9
0 5 7 10
0 1 4 6
1 5 11 13 14
2 4 11
5 8 10
0 5 7 10 13
2 5 9
1 11 12
2 6 12
4 8 12
1 2 5
2 8 11
5 6 10 11 13
0 4 6 9
1 9 10 11
3 8 14
7 11 12
2 4 13
2 6 8
1 10 11 14
0 8 14
6 8 12
6 13 14
0 3 10 13
1 3 5 6 8
2 11 12
9 12 13 14
1 6 7 11 12
2 3 8 9
1 2 7 11 12
10 13 14
0 1 4 11 13
5 6 8 11 14
4 5 11
3 5 8 11 14
6 7 9 12 14
0 1 5
1 5 6 10 11
2 3 6 10
1 4 6 8 14
0 7 14
2 3 7 8 9
9 11 12
3 7 12 14
1 3 9 14
0 7 8 10 12
0 8 9 10 14
0 1 4 10
8 12 14
3 6 10
2 8 9 13
0 5 6 13
0 6 7
3 10 13
2 4 7 11
0 1 11 13
4 8 12
5 10 11 13
0 5 6 7
1 5 8
3 8 9 13
3 4 5 11 12
1 12 13 14
3 4 8 9 13
2 4 6
2 5 8 11 12
6 9 13 14
2 3 4 9
1 10 11 12 14
0 4 11
0 1 8
0 4 9 10
2 4 5 10 11
1 3 4 7 11
0 5 11
1 5 8 9
0 5 10
5 12 14
6 10 11
3 4 11 12
1 5 8 9 11
1 2 3 11 12
4 6 11
0 3 5 13
4 9 11
0 7 10 13 14
4 6 8
0 12 13
4 10 13
1 4 7 12
5 10 12
1 6 14
0 7 12
1 6 8 13
6 8 13 14
2 3 6 12
5 7 9
1 2 4 8 13
1 7 14
0 5 7
5 9 14
0 6 8 11 14
7 11 12
3 4 6
3 4 10 11 12
1 2 10
1 4 5 6 12
0 3 7 9 11
0 1 6 7
5 6 9 10 12
5 11 13 14
1 6 7
3 4 5 8 13
0 4 8 11 12
3 5 12 13 14
0 1 6 12 14
1 3 5 6
3 5 7 9
2 4 9 13
0 4 5
1 5 8 13
1 4 7 8 12
2 7 9 10
1 3 13
1 2 4 13
4 8 9
0 7 8
0 5 6 12
4 6 7 8 13
6 8 10 13 14
0 7 10 14
3 4 9 10 12
0 6 8 13
0 1 13
3 10 12
3 6 10 11
4 7 8
6 10 11
4 8 9
4 5 6 12
3 10 12 13
9 13 14
2 5 14
2 8 9 10
2 3 6 11 14
4 5 9 10 13
1 4 7 13 14
6 9 12
1 2 7 12
1 2 4 11
8 9 12 13
0 1 3 6 10
6 10 12
0 3 9 13
3 9 11
1 2 5
2 4 6 10
6 7 10
3 7 13
1 4 14
1 4 10 11 13
Processing times (o m w p):
0 5 0 16
0 5 1 15
0 5 3 15
0 5 5 17
0 5 7 16
0 5 8 18
0 5 10 18
0 5 11 16
0 6 0 15
0 6 1 14
0 6 4 14
0 6 5 16
0 6 7 15
0 6 8 17
0 6 9 17
0 6 10 15
0 9 0 15
0 9 1 14
0 9 3 14
0 9 5 16
0 9 6 15
0 9 8 17
0 9 10 17
0 9 11 15
0 12 0 17
0 12 1 16
0 12 2 16
0 12 5 18
0 12 7 17
0 12 8 19
0 12 9 19
0 12 11 17
0 13 1 16
0 13 3 15
0 13 4 15
0 13 6 17
0 13 7 16
0 13 8 18
0 13 10 18
0 13 11 16
1 8 0 38
1 8 1 40
1 8 2 40
1 8 3 44
1 8 6 44
1 8 8 44
1 8 9 41
1 8 10 42
1 10 0 40
1 10 2 42
1 10 4 42
1 10 5 46
1 10 6 46
1 10 7 46
1 10 8 43
1 10 11 44
1 12 0 40
1 12 1 42
1 12 2 42
1 12 5 46
1 12 7 46
1 12 8 46
1 12 9 43
1 12 11 44
2 0 0 95
2 0 2 87
2 0 3 97
2 0 5 101
2 0 6 91
2 0 7 101
2 0 10 88
2 0 11 99
2 2 0 92
2 2 1 84
2 2 2 84
2 2 4 90
2 2 7 84
2 2 9 84
2 2 10 79
2 2 11 84
2 5 0 97
2 5 1 89
2 5 3 99
2 5 5 103
2 5 7 93
2 5 8 103
2 5 10 90
2 5 11 101
3 3 0 66
3 3 3 68
3 3 4 66
3 3 6 70
3 3 7 68
3 3 8 70
3 3 9 67
3 3 11 60
3 8 0 68
3 8 1 70
3 8 2 68
3 8 3 72
3 8 6 70
3 8 8 72
3 8 9 69
3 8 10 62
3 12 0 66
3 12 1 68
3 12 2 66
3 12 5 70
3 12 7 68
3 12 8 70
3 12 9 67
3 12 11 60
4 8 0 68
4 8 1 65
4 8 2 67
4 8 3 72
4 8 6 68
4 8 8 79
4 8 9 79
4 8 10 70
4 9 0 70
4 9 1 72
4 9 3 70
4 9 5 74
4 9 6 72
4 9 8 74
4 9 10 71
4 9 11 64
4 11 0 67
4 11 1 64
4 11 2 66
4 11 4 71
4 11 7 67
4 11 8 78
4 11 9 78
4 11 10 69
5 1 0 36
5 1 1 34
5 1 2 35
5 1 5 38
5 1 6 36
5 1 9 41
5 1 10 41
5 1 11 37
5 6 0 41
5 6 1 42
5 6 4 42
5 6 5 39
5 6 7 42
5 6 8 42
5 6 9 37
5 6 10 42
5 9 0 41
5 9 1 42
5 9 3 42
5 9 5 39
5 9 6 42
5 9 8 42
5 9 10 37
5 9 11 42
6 1 0 70
6 1 1 72
6 1 2 70
6 1 5 74
6 1 6 72
6 1 9 74
6 1 10 71
6 1 11 64
6 2 0 67
6 2 1 64
6 2 2 66
6 2 4 71
6 2 7 67
6 2 9 78
6 2 10 78
6 2 11 69
6 4 0 70
6 4 1 72
6 4 2 70
6 4 3 74
6 4 4 72
6 4 8 74
6 4 10 71
6 4 11 64
6 10 0 69
6 10 2 66
6 10 4 68
6 10 5 73
6 10 6 69
6 10 7 80
6 10 8 80
6 10 11 71
7 6 0 37
7 6 1 39
7 6 4 39
7 6 5 43
7 6 7 43
7 6 8 43
7 6 9 40
7 6 10 41
7 7 0 39
7 7 1 41
7 7 4 41
7 7 6 45
7 7 7 45
7 7 8 45
7 7 9 42
7 7 11 43
7 13 1 39
7 13 3 41
7 13 4 41
7 13 6 45
7 13 7 45
7 13 8 45
7 13 10 42
7 13 11 43
8 7 0 47
8 7 1 51
8 7 4 45
8 7 6 45
8 7 7 51
8 7 8 45
8 7 9 52
8 7 11 51
8 9 0 51
8 9 1 55
8 9 3 49
8 9 5 49
8 9 6 55
8 9 8 49
8 9 10 56
8 9 11 55
8 10 0 44
8 10 2 46
8 10 4 46
8 10 5 50
8 10 6 50
8 10 7 50
8 10 8 47
8 10 11 48
8 11 0 44
8 11 1 46
8 11 2 46
8 11 4 50
8 11 7 50
8 11 8 50
8 11 9 47
8 11 10 48
8 14 0 51
8 14 1 55
8 14 2 49
8 14 5 49
8 14 6 55
8 14 7 49
8 14 8 56
8 14 9 55
9 6 0 36
9 6 1 34
9 6 4 35
9 6 5 38
9 6 7 36
9 6 8 41
9 6 9 41
9 6 10 37
9 8 0 41
9 8 1 42
9 8 2 42
9 8 3 39
9 8 6 42
9 8 8 42
9 8 9 37
9 8 10 42
9 10 0 41
9 10 2 42
9 10 4 42
9 10 5 39
9 10 6 42
9 10 7 42
9 10 8 37
9 10 11 42
9 12 0 39
9 12 1 41
9 12 2 41
9 12 5 45
9 12 7 45
9 12 8 45
9 12 9 42
9 12 11 43
10 0 0 33
10 0 2 31
10 0 3 32
10 0 5 35
10 0 6 33
10 0 7 38
10 0 10 38
10 0 11 34
10 9 0 31
10 9 1 29
10 9 3 30
10 9 5 33
10 9 6 31
10 9 8 36
10 9 10 36
10 9 11 32
10 12 0 32
10 12 1 30
10 12 2 31
10 12 5 34
10 12 7 32
10 12 8 37
10 12 9 37
10 12 11 33
11 5 0 69
11 5 1 71
11 5 3 69
11 5 5 73
11 5 7 71
11 5 8 73
11 5 10 70
11 5 11 63
11 6 0 71
11 6 1 68
11 6 4 70
11 6 5 75
11 6 7 71
11 6 8 82
11 6 9 82
11 6 10 73
11 7 0 71
11 7 1 68
11 7 4 70
11 7 6 75
11 7 7 71
11 7 8 82
11 7 9 82
11 7 11 73
11 9 0 70
11 9 1 72
11 9 3 70
11 9 5 74
11 9 6 72
11 9 8 74
11 9 10 71
11 9 11 64
11 11 0 70
11 11 1 72
11 11 2 70
11 11 4 74
11 11 7 72
11 11 8 74
11 11 9 71
11 11 10 64
12 1 0 25
12 1 1 23
12 1 2 23
12 1 5 23
12 1 6 23
12 1 9 23
12 1 10 24
12 1 11 23
12 3 0 23
12 3 3 21
12 3 4 21
12 3 6 21
12 3 7 21
12 3 8 21
12 3 9 22
12 3 11 21
12 11 0 23
12 11 1 21
12 11 2 21
12 11 4 21
12 11 7 21
12 11 8 21
12 11 9 22
12 11 10 21
13 2 0 15
13 2 1 14
13 2 2 14
13 2 4 16
13 2 7 15
13 2 9 17
13 2 10 17
13 2 11 15
13 7 0 14
13 7 1 13
13 7 4 13
13 7 6 15
13 7 7 14
13 7 8 16
13 7 9 16
13 7 11 14
13 8 0 14
13 8 1 13
13 8 2 13
13 8 3 15
13 8 6 14
13 8 8 16
13 8 9 16
13 8 10 14
13 12 0 16
13 12 1 15
13 12 2 15
13 12 5 17
13 12 7 16
13 12 8 18
13 12 9 18
13 12 11 16
13 14 0 15
13 14 1 14
13 14 2 14
13 14 5 16
13 14 6 15
13 14 7 17
13 14 8 17
13 14 9 15
14 1 0 68
14 1 1 75
14 1 2 75
14 1 5 69
14 1 6 69
14 1 9 69
14 1 10 76
14 1 11 72
14 4 0 68
14 4 1 65
14 4 2 67
14 4 3 72
14 4 4 68
14 4 8 79
14 4 10 79
14 4 11 70
14 12 0 68
14 12 1 75
14 12 2 75
14 12 5 69
14 12 7 69
14 12 8 69
14 12 9 76
14 12 11 72
15 1 0 64
15 1 1 66
15 1 2 64
15 1 5 68
15 1 6 66
15 1 9 68
15 1 10 65
15 1 11 58
15 2 0 66
15 2 1 68
15 2 2 66
15 2 4 70
15 2 7 68
15 2 9 70
15 2 10 67
15 2 11 60
15 3 0 64
15 3 3 66
15 3 4 64
15 3 6 68
15 3 7 66
15 3 8 68
15 3 9 65
15 3 11 58
15 9 0 68
15 9 1 70
15 9 3 68
15 9 5 72
15 9 6 70
15 9 8 72
15 9 10 69
15 9 11 62
15 14 0 66
15 14 1 68
15 14 2 66
15 14 5 70
15 14 6 68
15 14 7 70
15 14 8 67
15 14 9 60
16 4 0 11
16 4 1 10
16 4 2 10
16 4 3 12
16 4 4 11
16 4 8 13
16 4 10 13
16 4 11 11
16 5 0 10
16 5 1 9
16 5 3 9
16 5 5 11
16 5 7 10
16 5 8 12
16 5 10 12
16 5 11 10
16 8 0 10
16 8 1 9
16 8 2 9
16 8 3 11
16 8 6 10
16 8 8 12
16 8 9 12
16 8 10 10
17 5 0 47
17 5 1 51
17 5 3 45
17 5 5 45
17 5 7 51
17 5 8 45
17 5 10 52
17 5 11 51
17 9 0 51
17 9 1 55
17 9 3 49
17 9 5 49
17 9 6 55
17 9 8 49
17 9 10 56
17 9 11 55
17 10 0 44
17 10 2 46
17 10 4 46
17 10 5 50
17 10 6 50
17 10 7 50
17 10 8 47
17 10 11 48
17 11 0 44
17 11 1 46
17 11 2 46
17 11 4 50
17 11 7 50
17 11 8 50
17 11 9 47
17 11 10 48
17 14 0 51
17 14 1 55
17 14 2 49
17 14 5 49
17 14 6 55
17 14 7 49
17 14 8 56
17 14 9 55
18 7 0 68
18 7 1 75
18 7 4 75
18 7 6 69
18 7 7 69
18 7 8 69
18 7 9 76
18 7 11 72
18 10 0 68
18 10 2 65
18 10 4 67
18 10 5 72
18 10 6 68
18 10 7 79
18 10 8 79
18 10 11 70
18 11 0 68
18 11 1 75
18 11 2 75
18 11 4 69
18 11 7 69
18 11 8 69
18 11 9 76
18 11 10 72
19 0 0 37
19 0 2 39
19 0 3 39
19 0 5 43
19 0 6 43
19 0 7 43
19 0 10 40
19 0 11 41
19 4 0 39
19 4 1 41
19 4 2 41
19 4 3 45
19 4 4 45
19 4 8 45
19 4 10 42
19 4 11 43
19 5 0 39
19 5 1 41
19 5 3 41
19 5 5 45
19 5 7 45
19 5 8 45
19 5 10 42
19 5 11 43
19 8 0 43
19 8 1 45
19 8 2 45
19 8 3 49
19 8 6 49
19 8 8 49
19 8 9 46
19 8 10 47
19 9 0 43
19 9 1 45
19 9 3 45
19 9 5 49
19 9 6 49
19 9 8 49
19 9 10 46
19 9 11 47
20 8 0 30
20 8 1 28
20 8 2 29
20 8 3 32
20 8 6 30
20 8 8 35
20 8 9 35
20 8 10 31
20 9 0 28
20 9 1 30
20 9 3 28
20 9 5 32
20 9 6 30
20 9 8 32
20 9 10 29
20 9 11 29
20 10 0 29
20 10 2 27
20 10 4 28
20 10 5 31
20 10 6 29
20 10 7 34
20 10 8 34
20 10 11 30
20 13 1 32
20 13 3 30
20 13 4 31
20 13 6 34
20 13 7 32
20 13 8 37
20 13 10 37
20 13 11 33
21 0 0 37
21 0 2 39
21 0 3 39
21 0 5 43
21 0 6 43
21 0 7 43
21 0 10 40
21 0 11 41
21 10 0 39
21 10 2 41
21 10 4 41
21 10 5 45
21 10 6 45
21 10 7 45
21 10 8 42
21 10 11 43
21 11 0 39
21 11 1 41
21 11 2 41
21 11 4 45
21 11 7 45
21 11 8 45
21 11 9 42
21 11 10 43
22 0 0 30
22 0 2 28
22 0 3 29
22 0 5 32
22 0 6 30
22 0 7 35
22 0 10 35
22 0 11 31
22 12 0 28
22 12 1 30
22 12 2 28
22 12 5 32
22 12 7 30
22 12 8 32
22 12 9 29
22 12 11 29
22 14 0 29
22 14 1 27
22 14 2 28
22 14 5 31
22 14 6 29
22 14 7 34
22 14 8 34
22 14 9 30
23 4 0 32
23 4 1 30
23 4 2 31
23 4 3 34
23 4 4 32
23 4 8 37
23 4 10 37
23 4 11 33
23 6 0 30
23 6 1 28
23 6 4 29
23 6 5 32
23 6 7 30
23 6 8 35
23 6 9 35
23 6 10 31
23 7 0 31
23 7 1 29
23 7 4 30
23 7 6 33
23 7 7 31
23 7 8 36
23 7 9 36
23 7 11 32
23 12 0 34
23 12 1 32
23 12 2 33
23 12 5 36
23 12 7 34
23 12 8 39
23 12 9 39
23 12 11 35
24 0 0 99
24 0 2 91
24 0 3 101
24 0 5 105
24 0 6 95
24 0 7 105
24 0 10 92
24 0 11 103
24 4 0 91
24 4 1 83
24 4 2 93
24 4 3 97
24 4 4 87
24 4 8 97
24 4 10 84
24 4 11 95
24 9 0 104
24 9 1 110
24 9 3 110
24 9 5 92
24 9 6 104
24 9 8 106
24 9 10 99
24 9 11 110
24 13 1 108
24 13 3 114
24 13 4 114
24 13 6 96
24 13 7 108
24 13 8 110
24 13 10 103
24 13 11 114
25 2 0 43
25 2 1 45
25 2 2 45
25 2 4 49
25 2 7 49
25 2 9 49
25 2 10 46
25 2 11 47
25 3 0 48
25 3 3 52
25 3 4 46
25 3 6 46
25 3 7 52
25 3 8 46
25 3 9 53
25 3 11 52
25 4 0 41
25 4 1 43
25 4 2 43
25 4 3 47
25 4 4 47
25 4 8 47
25 4 10 44
25 4 11 45
25 8 0 41
25 8 1 43
25 8 2 43
25 8 3 47
25 8 6 47
25 8 8 47
25 8 9 44
25 8 10 45
26 5 0 41
26 5 1 42
26 5 3 42
26 5 5 39
26 5 7 42
26 5 8 42
26 5 10 37
26 5 11 42
26 7 0 37
26 7 1 39
26 7 4 39
26 7 6 43
26 7 7 43
26 7 8 43
26 7 9 40
26 7 11 41
26 11 0 37
26 11 1 39
26 11 2 39
26 11 4 43
26 11 7 43
26 11 8 43
26 11 9 40
26 11 10 41
26 12 0 41
26 12 1 43
26 12 2 43
26 12 5 47
26 12 7 47
26 12 8 47
26 12 9 44
26 12 11 45
27 0 0 25
27 0 2 23
27 0 3 23
27 0 5 23
27 0 6 23
27 0 7 23
27 0 10 24
27 0 11 23
27 3 0 23
27 3 3 21
27 3 4 21
27 3 6 21
27 3 7 21
27 3 8 21
27 3 9 22
27 3 11 21
27 6 0 23
27 6 1 21
27 6 4 21
27 6 5 21
27 6 7 21
27 6 8 21
27 6 9 22
27 6 10 21
27 13 1 23
27 13 3 21
27 13 4 21
27 13 6 21
27 13 7 21
27 13 8 21
27 13 10 22
27 13 11 21
27 14 0 23
27 14 1 21
27 14 2 21
27 14 5 21
27 14 6 21
27 14 7 21
27 14 8 22
27 14 9 21
28 6 0 11
28 6 1 9
28 6 4 9
28 6 5 9
28 6 7 9
28 6 8 9
28 6 9 10
28 6 10 9
28 7 0 8
28 7 1 8
28 7 4 8
28 7 6 9
28 7 7 8
28 7 8 9
28 7 9 9
28 7 11 8
28 12 0 8
28 12 1 8
28 12 2 8
28 12 5 9
28 12 7 8
28 12 8 9
28 12 9 9
28 12 11 8
29 0 0 43
29 0 2 45
29 0 3 45
29 0 5 49
29 0 6 49
29 0 7 49
29 0 10 46
29 0 11 47
29 5 0 50
29 5 1 54
29 5 3 48
29 5 5 48
29 5 7 54
29 5 8 48
29 5 10 55
29 5 11 54
29 10 0 50
29 10 2 54
29 10 4 48
29 10 5 48
29 10 6 54
29 10 7 48
29 10 8 55
29 10 11 54
29 11 0 42
29 11 1 44
29 11 2 44
29 11 4 48
29 11 7 48
29 11 8 48
29 11 9 45
29 11 10 46
30 0 0 94
30 0 2 86
30 0 3 86
30 0 5 92
30 0 6 86
30 0 7 86
30 0 10 81
30 0 11 86
30 2 0 91
30 2 1 83
30 2 2 93
30 2 4 97
30 2 7 87
30 2 9 97
30 2 10 84
30 2 11 95
30 4 0 96
30 4 1 88
30 4 2 98
30 4 3 102
30 4 4 92
30 4 8 102
30 4 10 89
30 4 11 100
30 6 0 99
30 6 1 91
30 6 4 101
30 6 5 105
30 6 7 95
30 6 8 105
30 6 9 92
30 6 10 103
31 1 0 63
31 1 1 65
31 1 2 63
31 1 5 67
31 1 6 65
31 1 9 67
31 1 10 64
31 1 11 57
31 2 0 67
31 2 1 69
31 2 2 67
31 2 4 71
31 2 7 69
31 2 9 71
31 2 10 68
31 2 11 61
31 8 0 62
31 8 1 64
31 8 2 62
31 8 3 66
31 8 6 64
31 8 8 66
31 8 9 63
31 8 10 56
32 4 0 70
32 4 1 72
32 4 2 70
32 4 3 74
32 4 4 72
32 4 8 74
32 4 10 71
32 4 11 64
32 5 0 67
32 5 1 64
32 5 3 66
32 5 5 71
32 5 7 67
32 5 8 78
32 5 10 78
32 5 11 69
32 6 0 70
32 6 1 72
32 6 4 70
32 6 5 74
32 6 7 72
32 6 8 74
32 6 9 71
32 6 10 64
32 11 0 69
32 11 1 66
32 11 2 68
32 11 4 73
32 11 7 69
32 11 8 80
32 11 9 80
32 11 10 71
33 0 0 94
33 0 2 86
33 0 3 86
33 0 5 92
33 0 6 86
33 0 7 86
33 0 10 81
33 0 11 86
33 4 0 91
33 4 1 83
33 4 2 93
33 4 3 97
33 4 4 87
33 4 8 97
33 4 10 84
33 4 11 95
33 5 0 96
33 5 1 88
33 5 3 98
33 5 5 102
33 5 7 92
33 5 8 102
33 5 10 89
33 5 11 100
33 7 0 99
33 7 1 91
33 7 4 101
33 7 6 105
33 7 7 95
33 7 8 105
33 7 9 92
33 7 11 103
33 14 0 93
33 14 1 85
33 14 2 95
33 14 5 99
33 14 6 89
33 14 7 99
33 14 8 86
33 14 9 97
34 1 0 91
34 1 1 83
34 1 2 93
34 1 5 97
34 1 6 87
34 1 9 97
34 1 10 84
34 1 11 95
34 6 0 88
34 6 1 80
34 6 4 80
34 6 5 86
34 6 7 80
34 6 8 80
34 6 9 75
34 6 10 80
34 7 0 88
34 7 1 80
34 7 4 80
34 7 6 86
34 7 7 80
34 7 8 80
34 7 9 75
34 7 11 80
34 12 0 94
34 12 1 86
34 12 2 86
34 12 5 92
34 12 7 86
34 12 8 86
34 12 9 81
34 12 11 86
35 8 0 37
35 8 1 35
35 8 2 36
35 8 3 39
35 8 6 37
35 8 8 42
35 8 9 42
35 8 10 38
35 10 0 36
35 10 2 38
35 10 4 38
35 10 5 42
35 10 6 42
35 10 7 42
35 10 8 39
35 10 11 40
35 11 0 36
35 11 1 38
35 11 2 38
35 11 4 42
35 11 7 42
35 11 8 42
35 11 9 39
35 11 10 40
36 0 0 15
36 0 2 14
36 0 3 14
36 0 5 16
36 0 6 15
36 0 7 17
36 0 10 17
36 0 11 15
36 4 0 14
36 4 1 13
36 4 2 13
36 4 3 15
36 4 4 14
36 4 8 16
36 4 10 16
36 4 11 14
36 7 0 14
36 7 1 13
36 7 4 13
36 7 6 15
36 7 7 14
36 7 8 16
36 7 9 16
36 7 11 14
36 12 0 16
36 12 1 15
36 12 2 15
36 12 5 17
36 12 7 16
36 12 8 18
36 12 9 18
36 12 11 16
36 13 1 15
36 13 3 14
36 13 4 14
36 13 6 16
36 13 7 15
36 13 8 17
36 13 10 17
36 13 11 15
37 1 0 47
37 1 1 51
37 1 2 45
37 1 5 45
37 1 6 51
37 1 9 45
37 1 10 52
37 1 11 51
37 2 0 51
37 2 1 55
37 2 2 49
37 2 4 49
37 2 7 55
37 2 9 49
37 2 10 56
37 2 11 55
37 9 0 44
37 9 1 46
37 9 3 46
37 9 5 50
37 9 6 50
37 9 8 50
37 9 10 47
37 9 11 48
38 5 0 93
38 5 1 85
38 5 3 85
38 5 5 91
38 5 7 85
38 5 8 85
38 5 10 80
38 5 11 85
38 6 0 81
38 6 1 81
38 6 4 85
38 6 5 76
38 6 7 82
38 6 8 81
38 6 9 88
38 6 10 88
38 8 0 81
38 8 1 81
38 8 2 85
38 8 3 76
38 8 6 82
38 8 8 81
38 8 9 88
38 8 10 88
38 9 0 91
38 9 1 83
38 9 3 83
38 9 5 89
38 9 6 83
38 9 8 83
38 9 10 78
38 9 11 83
38 12 0 81
38 12 1 81
38 12 2 85
38 12 5 76
38 12 7 82
38 12 8 81
38 12 9 88
38 12 11 88
39 3 0 69
39 3 3 71
39 3 4 69
39 3 6 73
39 3 7 71
39 3 8 73
39 3 9 70
39 3 11 63
39 10 0 68
39 10 2 75
39 10 4 75
39 10 5 69
39 10 6 69
39 10 7 69
39 10 8 76
39 10 11 72
39 14 0 69
39 14 1 71
39 14 2 69
39 14 5 73
39 14 6 71
39 14 7 73
39 14 8 70
39 14 9 63
40 3 0 64
40 3 3 66
40 3 4 64
40 3 6 68
40 3 7 66
40 3 8 68
40 3 9 65
40 3 11 58
40 10 0 66
40 10 2 68
40 10 4 66
40 10 5 70
40 10 6 68
40 10 7 70
40 10 8 67
40 10 11 60
40 14 0 64
40 14 1 66
40 14 2 64
40 14 5 68
40 14 6 66
40 14 7 68
40 14 8 65
40 14 9 58
41 4 0 32
41 4 1 30
41 4 2 31
41 4 3 34
41 4 4 32
41 4 8 37
41 4 10 37
41 4 11 33
41 7 0 30
41 7 1 28
41 7 4 29
41 7 6 32
41 7 7 30
41 7 8 35
41 7 9 35
41 7 11 31
41 8 0 31
41 8 1 29
41 8 2 30
41 8 3 33
41 8 6 31
41 8 8 36
41 8 9 36
41 8 10 32
41 9 0 34
41 9 1 32
41 9 3 33
41 9 5 36
41 9 6 34
41 9 8 39
41 9 10 39
41 9 11 35
42 4 0 68
42 4 1 70
42 4 2 68
42 4 3 72
42 4 4 70
42 4 8 72
42 4 10 69
42 4 11 62
42 6 0 70
42 6 1 72
42 6 4 70
42 6 5 74
42 6 7 72
42 6 8 74
42 6 9 71
42 6 10 64
42 10 0 68
42 10 2 70
42 10 4 68
42 10 5 72
42 10 6 70
42 10 7 72
42 10 8 69
42 10 11 62
43 1 0 34
43 1 1 32
43 1 2 33
43 1 5 36
43 1 6 34
43 1 9 39
43 1 10 39
43 1 11 35
43 7 0 36
43 7 1 34
43 7 4 35
43 7 6 38
43 7 7 36
43 7 8 41
43 7 9 41
43 7 11 37
43 14 0 36
43 14 1 34
43 14 2 35
43 14 5 38
43 14 6 36
43 14 7 41
43 14 8 41
43 14 9 37
44 0 0 20
44 0 2 18
44 0 3 18
44 0 5 18
44 0 6 18
44 0 7 18
44 0 10 19
44 0 11 18
44 1 0 18
44 1 1 17
44 1 2 17
44 1 5 19
44 1 6 18
44 1 9 20
44 1 10 20
44 1 11 18
44 11 0 18
44 11 1 17
44 11 2 17
44 11 4 19
44 11 7 18
44 11 8 20
44 11 9 20
44 11 10 18
45 0 0 70
45 0 2 67
45 0 3 69
45 0 5 74
45 0 6 70
45 0 7 81
45 0 10 81
45 0 11 72
45 4 0 67
45 4 1 64
45 4 2 66
45 4 3 71
45 4 4 67
45 4 8 78
45 4 10 78
45 4 11 69
45 6 0 69
45 6 1 66
45 6 4 68
45 6 5 73
45 6 7 69
45 6 8 80
45 6 9 80
45 6 10 71
45 8 0 74
45 8 1 71
45 8 2 73
45 8 3 78
45 8 6 74
45 8 8 85
45 8 9 85
45 8 10 76
45 13 1 70
45 13 3 67
45 13 4 69
45 13 6 74
45 13 7 70
45 13 8 81
45 13 10 81
45 13 11 72
46 3 0 93
46 3 3 85
46 3 4 95
46 3 6 99
46 3 7 89
46 3 8 99
46 3 9 86
46 3 11 97
46 6 0 90
46 6 1 82
46 6 4 82
46 6 5 88
46 6 7 82
46 6 8 82
46 6 9 77
46 6 10 82
46 8 0 95
46 8 1 87
46 8 2 97
46 8 3 101
46 8 6 91
46 8 8 101
46 8 9 88
46 8 10 99
47 4 0 94
47 4 1 86
47 4 2 86
47 4 3 92
47 4 4 86
47 4 8 86
47 4 10 81
47 4 11 86
47 6 0 91
47 6 1 83
47 6 4 93
47 6 5 97
47 6 7 87
47 6 8 97
47 6 9 84
47 6 10 95
47 9 0 96
47 9 1 88
47 9 3 98
47 9 5 102
47 9 6 92
47 9 8 102
47 9 10 89
47 9 11 100
47 13 1 99
47 13 3 91
47 13 4 101
47 13 6 105
47 13 7 95
47 13 8 105
47 13 10 92
47 13 11 103
47 14 0 93
47 14 1 85
47 14 2 95
47 14 5 99
47 14 6 89
47 14 7 99
47 14 8 86
47 14 9 97
48 0 0 42
48 0 2 44
48 0 3 44
48 0 5 48
48 0 6 48
48 0 7 48
48 0 10 45
48 0 11 46
48 6 0 47
48 6 1 51
48 6 4 45
48 6 5 45
48 6 7 51
48 6 8 45
48 6 9 52
48 6 10 51
48 12 0 40
48 12 1 42
48 12 2 42
48 12 5 46
48 12 7 46
48 12 8 46
48 12 9 43
48 12 11 44
49 0 0 92
49 0 2 84
49 0 3 94
49 0 5 98
49 0 6 88
49 0 7 98
49 0 10 85
49 0 11 96
49 3 0 89
49 3 3 81
49 3 4 81
49 3 6 87
49 3 7 81
49 3 8 81
49 3 9 76
49 3 11 81
49 4 0 89
49 4 1 81
49 4 2 81
49 4 3 87
49 4 4 81
49 4 8 81
49 4 10 76
49 4 11 81
49 13 1 89
49 13 3 91
49 13 4 96
49 13 6 99
49 13 7 93
49 13 8 85
49 13 10 85
49 13 11 81
50 6 0 86
50 6 1 78
50 6 4 78
50 6 5 84
50 6 7 78
50 6 8 78
50 6 9 73
50 6 10 78
50 7 0 86
50 7 1 78
50 7 4 78
50 7 6 84
50 7 7 78
50 7 8 78
50 7 9 73
50 7 11 78
50 14 0 90
50 14 1 82
50 14 2 82
50 14 5 88
50 14 6 82
50 14 7 82
50 14 8 77
50 14 9 82
51 2 0 11
51 2 1 10
51 2 2 10
51 2 4 12
51 2 7 11
51 2 9 13
51 2 10 13
51 2 11 11
51 3 0 10
51 3 3 9
51 3 4 9
51 3 6 11
51 3 7 10
51 3 8 12
51 3 9 12
51 3 11 10
51 8 0 10
51 8 1 9
51 8 2 9
51 8 3 11
51 8 6 10
51 8 8 12
51 8 9 12
51 8 10 10
51 13 1 12
51 13 3 11
51 13 4 11
51 13 6 13
51 13 7 12
51 13 8 14
51 13 10 14
51 13 11 12
52 1 0 34
52 1 1 32
52 1 2 33
52 1 5 36
52 1 6 34
52 1 9 39
52 1 10 39
52 1 11 35
52 2 0 36
52 2 1 34
52 2 2 35
52 2 4 38
52 2 7 36
52 2 9 41
52 2 10 41
52 2 11 37
52 3 0 36
52 3 3 34
52 3 4 35
52 3 6 38
52 3 7 36
52 3 8 41
52 3 9 41
52 3 11 37
52 5 0 37
52 5 1 39
52 5 3 39
52 5 5 43
52 5 7 43
52 5 8 43
52 5 10 40
52 5 11 41
52 12 0 37
52 12 1 39
52 12 2 39
52 12 5 43
52 12 7 43
52 12 8 43
52 12 9 40
52 12 11 41
53 0 0 89
53 0 2 91
53 0 3 96
53 0 5 99
53 0 6 93
53 0 7 85
53 0 10 85
53 0 11 81
53 3 0 87
53 3 3 79
53 3 4 79
53 3 6 85
53 3 7 79
53 3 8 79
53 3 9 74
53 3 11 79
53 5 0 87
53 5 1 79
53 5 3 79
53 5 5 85
53 5 7 79
53 5 8 79
53 5 10 74
53 5 11 79
53 8 0 93
53 8 1 85
53 8 2 85
53 8 3 91
53 8 6 85
53 8 8 85
53 8 9 80
53 8 10 85
53 10 0 87
53 10 2 79
53 10 4 79
53 10 5 85
53 10 6 79
53 10 7 79
53 10 8 74
53 10 11 79
54 2 0 34
54 2 1 32
54 2 2 33
54 2 4 36
54 2 7 34
54 2 9 39
54 2 10 39
54 2 11 35
54 4 0 32
54 4 1 30
54 4 2 31
54 4 3 34
54 4 4 32
54 4 8 37
54 4 10 37
54 4 11 33
54 13 1 33
54 13 3 31
54 13 4 32
54 13 6 35
54 13 7 33
54 13 8 38
54 13 10 38
54 13 11 34
55 0 0 96
55 0 2 88
55 0 3 98
55 0 5 102
55 0 6 92
55 0 7 102
55 0 10 89
55 0 11 100
55 4 0 93
55 4 1 85
55 4 2 85
55 4 3 91
55 4 4 85
55 4 8 85
55 4 10 80
55 4 11 85
55 6 0 98
55 6 1 90
55 6 4 100
55 6 5 104
55 6 7 94
55 6 8 104
55 6 9 91
55 6 10 102
55 9 0 105
55 9 1 111
55 9 3 111
55 9 5 93
55 9 6 105
55 9 8 107
55 9 10 100
55 9 11 111
55 10 0 92
55 10 2 84
55 10 4 94
55 10 5 98
55 10 6 88
55 10 7 98
55 10 8 85
55 10 11 96
56 4 0 22
56 4 1 20
56 4 2 20
56 4 3 20
56 4 4 20
56 4 8 20
56 4 10 21
56 4 11 20
56 6 0 20
56 6 1 18
56 6 4 18
56 6 5 18
56 6 7 18
56 6 8 18
56 6 9 19
56 6 10 18
56 9 0 20
56 9 1 18
56 9 3 18
56 9 5 18
56 9 6 18
56 9 8 18
56 9 10 19
56 9 11 18
56 13 1 20
56 13 3 18
56 13 4 18
56 13 6 18
56 13 7 18
56 13 8 18
56 13 10 19
56 13 11 18
57 1 0 36
57 1 1 34
57 1 2 35
57 1 5 38
57 1 6 36
57 1 9 41
57 1 10 41
57 1 11 37
57 2 0 41
57 2 1 42
57 2 2 42
57 2 4 39
57 2 7 42
57 2 9 42
57 2 10 37
57 2 11 42
57 12 0 41
57 12 1 42
57 12 2 42
57 12 5 39
57 12 7 42
57 12 8 42
57 12 9 37
57 12 11 42
57 13 1 39
57 13 3 41
57 13 4 41
57 13 6 45
57 13 7 45
57 13 8 45
57 13 10 42
57 13 11 43
57 14 0 39
57 14 1 41
57 14 2 41
57 14 5 45
57 14 6 45
57 14 7 45
57 14 8 42
57 14 9 43
58 0 0 97
58 0 2 89
58 0 3 99
58 0 5 103
58 0 6 93
58 0 7 103
58 0 10 90
58 0 11 101
58 2 0 94
58 2 1 86
58 2 2 86
58 2 4 92
58 2 7 86
58 2 9 86
58 2 10 81
58 2 11 86
58 3 0 99
58 3 3 91
58 3 4 101
58 3 6 105
58 3 7 95
58 3 8 105
58 3 9 92
58 3 11 103
58 4 0 106
58 4 1 112
58 4 2 112
58 4 3 94
58 4 4 106
58 4 8 108
58 4 10 101
58 4 11 112
58 5 0 93
58 5 1 85
58 5 3 95
58 5 5 99
58 5 7 89
58 5 8 99
58 5 10 86
58 5 11 97
59 2 0 14
59 2 1 13
59 2 2 13
59 2 4 15
59 2 7 14
59 2 9 16
59 2 10 16
59 2 11 14
59 3 0 13
59 3 3 12
59 3 4 12
59 3 6 14
59 3 7 13
59 3 8 15
59 3 9 15
59 3 11 13
59 10 0 13
59 10 2 12
59 10 4 12
59 10 5 14
59 10 6 13
59 10 7 15
59 10 8 15
59 10 11 13
59 12 0 15
59 12 1 14
59 12 2 14
59 12 5 16
59 12 7 15
59 12 8 17
59 12 9 17
59 12 11 15
59 13 1 14
59 13 3 13
59 13 4 13
59 13 6 15
59 13 7 14
59 13 8 16
59 13 10 16
59 13 11 14
60 5 0 28
60 5 1 26
60 5 3 26
60 5 5 26
60 5 7 26
60 5 8 26
60 5 10 27
60 5 11 26
60 9 0 26
60 9 1 24
60 9 3 24
60 9 5 24
60 9 6 24
60 9 8 24
60 9 10 25
60 9 11 24
60 14 0 27
60 14 1 25
60 14 2 25
60 14 5 25
60 14 6 25
60 14 7 25
60 14 8 26
60 14 9 25
61 2 0 70
61 2 1 72
61 2 2 70
61 2 4 74
61 2 7 72
61 2 9 74
61 2 10 71
61 2 11 64
61 3 0 67
61 3 3 64
61 3 4 66
61 3 6 71
61 3 7 67
61 3 8 78
61 3 9 78
61 3 11 69
61 7 0 70
61 7 1 72
61 7 4 70
61 7 6 74
61 7 7 72
61 7 8 74
61 7 9 71
61 7 11 64
61 9 0 69
61 9 1 66
61 9 3 68
61 9 5 73
61 9 6 69
61 9 8 80
61 9 10 80
61 9 11 71
62 1 0 17
62 1 1 16
62 1 2 16
62 1 5 18
62 1 6 17
62 1 9 19
62 1 10 19
62 1 11 17
62 3 0 16
62 3 3 15
62 3 4 15
62 3 6 17
62 3 7 16
62 3 8 18
62 3 9 18
62 3 11 16
62 6 0 16
62 6 1 15
62 6 4 15
62 6 5 17
62 6 7 16
62 6 8 18
62 6 9 18
62 6 10 16
62 9 0 18
62 9 1 17
62 9 3 17
62 9 5 19
62 9 6 18
62 9 8 20
62 9 10 20
62 9 11 18
63 3 0 38
63 3 3 40
63 3 4 40
63 3 6 44
63 3 7 44
63 3 8 44
63 3 9 41
63 3 11 42
63 4 0 40
63 4 1 42
63 4 2 42
63 4 3 46
63 4 4 46
63 4 8 46
63 4 10 43
63 4 11 44
63 7 0 40
63 7 1 42
63 7 4 42
63 7 6 46
63 7 7 46
63 7 8 46
63 7 9 43
63 7 11 44
64 0 0 34
64 0 2 32
64 0 3 33
64 0 5 36
64 0 6 34
64 0 7 39
64 0 10 39
64 0 11 35
64 7 0 32
64 7 1 30
64 7 4 31
64 7 6 34
64 7 7 32
64 7 8 37
64 7 9 37
64 7 11 33
64 8 0 33
64 8 1 31
64 8 2 32
64 8 3 35
64 8 6 33
64 8 8 38
64 8 9 38
64 8 10 34
65 3 0 95
65 3 3 87
65 3 4 97
65 3 6 101
65 3 7 91
65 3 8 101
65 3 9 88
65 3 11 99
65 6 0 92
65 6 1 84
65 6 4 84
65 6 5 90
65 6 7 84
65 6 8 84
65 6 9 79
65 6 10 84
65 8 0 97
65 8 1 89
65 8 2 99
65 8 3 103
65 8 6 93
65 8 8 103
65 8 9 90
65 8 10 101
65 9 0 104
65 9 1 110
65 9 3 110
65 9 5 92
65 9 6 104
65 9 8 106
65 9 10 99
65 9 11 110
66 2 0 94
66 2 1 86
66 2 2 86
66 2 4 92
66 2 7 86
66 2 9 86
66 2 10 81
66 2 11 86
66 3 0 86
66 3 3 78
66 3 4 78
66 3 6 84
66 3 7 78
66 3 8 78
66 3 9 73
66 3 11 78
66 7 0 86
66 7 1 78
66 7 4 78
66 7 6 84
66 7 7 78
66 7 8 78
66 7 9 73
66 7 11 78
66 8 0 92
66 8 1 84
66 8 2 84
66 8 3 90
66 8 6 84
66 8 8 84
66 8 9 79
66 8 10 84
66 14 0 86
66 14 1 78
66 14 2 78
66 14 5 84
66 14 6 78
66 14 7 78
66 14 8 73
66 14 9 78
67 4 0 36
67 4 1 38
67 4 2 38
67 4 3 42
67 4 4 42
67 4 8 42
67 4 10 39
67 4 11 40
67 5 0 38
67 5 1 40
67 5 3 40
67 5 5 44
67 5 7 44
67 5 8 44
67 5 10 41
67 5 11 42
67 6 0 38
67 6 1 40
67 6 4 40
67 6 5 44
67 6 7 44
67 6 8 44
67 6 9 41
67 6 10 42
67 7 0 42
67 7 1 44
67 7 4 44
67 7 6 48
67 7 7 48
67 7 8 48
67 7 9 45
67 7 11 46
67 14 0 42
67 14 1 44
67 14 2 44
67 14 5 48
67 14 6 48
67 14 7 48
67 14 8 45
67 14 9 46
68 1 0 39
68 1 1 41
68 1 2 41
68 1 5 45
68 1 6 45
68 1 9 45
68 1 10 42
68 1 11 43
68 2 0 41
68 2 1 43
68 2 2 43
68 2 4 47
68 2 7 47
68 2 9 47
68 2 10 44
68 2 11 45
68 6 0 41
68 6 1 43
68 6 4 43
68 6 5 47
68 6 7 47
68 6 8 47
68 6 9 44
68 6 10 45
68 7 0 48
68 7 1 54
68 7 4 54
68 7 6 47
68 7 7 48
68 7 8 50
68 7 9 54
68 7 11 54
68 10 0 48
68 10 2 54
68 10 4 54
68 10 5 47
68 10 6 48
68 10 7 50
68 10 8 54
68 10 11 54
69 3 0 17
69 3 3 16
69 3 4 16
69 3 6 18
69 3 7 17
69 3 8 19
69 3 9 19
69 3 11 17
69 4 0 16
69 4 1 15
69 4 2 15
69 4 3 17
69 4 4 16
69 4 8 18
69 4 10 18
69 4 11 16
69 12 0 16
69 12 1 15
69 12 2 15
69 12 5 17
69 12 7 16
69 12 8 18
69 12 9 18
69 12 11 16
69 13 1 18
69 13 3 17
69 13 4 17
69 13 6 19
69 13 7 18
69 13 8 20
69 13 10 20
69 13 11 18
70 7 0 95
70 7 1 87
70 7 4 97
70 7 6 101
70 7 7 91
70 7 8 101
70 7 9 88
70 7 11 99
70 8 0 92
70 8 1 84
70 8 2 84
70 8 3 90
70 8 6 84
70 8 8 84
70 8 9 79
70 8 10 84
70 9 0 97
70 9 1 89
70 9 3 99
70 9 5 103
70 9 6 93
70 9 8 103
70 9 10 90
70 9 11 101
70 10 0 104
70 10 2 110
70 10 4 110
70 10 5 92
70 10 6 104
70 10 7 106
70 10 8 99
70 10 11 110
70 14 0 91
70 14 1 83
70 14 2 93
70 14 5 97
70 14 6 87
70 14 7 97
70 14 8 84
70 14 9 95
71 0 0 93
71 0 2 85
71 0 3 95
71 0 5 99
71 0 6 89
71 0 7 99
71 0 10 86
71 0 11 97
71 5 0 90
71 5 1 82
71 5 3 82
71 5 5 88
71 5 7 82
71 5 8 82
71 5 10 77
71 5 11 82
71 6 0 95
71 6 1 87
71 6 4 97
71 6 5 101
71 6 7 91
71 6 8 101
71 6 9 88
71 6 10 99
71 10 0 99
71 10 2 91
71 10 4 101
71 10 5 105
71 10 6 95
71 10 7 105
71 10 8 92
71 10 11 103
71 13 1 94
71 13 3 86
71 13 4 86
71 13 6 92
71 13 7 86
71 13 8 86
71 13 10 81
71 13 11 86
72 3 0 43
72 3 3 45
72 3 4 45
72 3 6 49
72 3 7 49
72 3 8 49
72 3 9 46
72 3 11 47
72 6 0 48
72 6 1 52
72 6 4 46
72 6 5 46
72 6 7 52
72 6 8 46
72 6 9 53
72 6 10 52
72 7 0 41
72 7 1 43
72 7 4 43
72 7 6 47
72 7 7 47
72 7 8 47
72 7 9 44
72 7 11 45
72 12 0 41
72 12 1 43
72 12 2 43
72 12 5 47
72 12 7 47
72 12 8 47
72 12 9 44
72 12 11 45
72 13 1 48
72 13 3 52
72 13 4 46
72 13 6 46
72 13 7 52
72 13 8 46
72 13 10 53
72 13 11 52
73 2 0 36
73 2 1 34
73 2 2 35
73 2 4 38
73 2 7 36
73 2 9 41
73 2 10 41
73 2 11 37
73 3 0 41
73 3 3 42
73 3 4 42
73 3 6 39
73 3 7 42
73 3 8 42
73 3 9 37
73 3 11 42
73 9 0 41
73 9 1 42
73 9 3 42
73 9 5 39
73 9 6 42
73 9 8 42
73 9 10 37
73 9 11 42
73 10 0 39
73 10 2 41
73 10 4 41
73 10 5 45
73 10 6 45
73 10 7 45
73 10 8 42
73 10 11 43
73 14 0 39
73 14 1 41
73 14 2 41
73 14 5 45
73 14 6 45
73 14 7 45
73 14 8 42
73 14 9 43
74 3 0 15
74 3 3 14
74 3 4 14
74 3 6 16
74 3 7 15
74 3 8 17
74 3 9 17
74 3 11 15
74 4 0 14
74 4 1 13
74 4 2 13
74 4 3 15
74 4 4 14
74 4 8 16
74 4 10 16
74 4 11 14
74 5 0 14
74 5 1 13
74 5 3 13
74 5 5 15
74 5 7 14
74 5 8 16
74 5 10 16
74 5 11 14
74 7 0 16
74 7 1 15
74 7 4 15
74 7 6 17
74 7 7 16
74 7 8 18
74 7 9 18
74 7 11 16
74 13 1 15
74 13 3 14
74 13 4 14
74 13 6 16
74 13 7 15
74 13 8 17
74 13 10 17
74 13 11 15
75 6 0 95
75 6 1 87
75 6 4 97
75 6 5 101
75 6 7 91
75 6 8 101
75 6 9 88
75 6 10 99
75 9 0 92
75 9 1 84
75 9 3 84
75 9 5 90
75 9 6 84
75 9 8 84
75 9 10 79
75 9 11 84
75 13 1 97
75 13 3 89
75 13 4 99
75 13 6 103
75 13 7 93
75 13 8 103
75 13 10 90
75 13 11 101
75 14 0 104
75 14 1 110
75 14 2 110
75 14 5 92
75 14 6 104
75 14 7 106
75 14 8 99
75 14 9 110
76 3 0 32
76 3 3 30
76 3 4 31
76 3 6 34
76 3 7 32
76 3 8 37
76 3 9 37
76 3 11 33
76 9 0 30
76 9 1 28
76 9 3 29
76 9 5 32
76 9 6 30
76 9 8 35
76 9 10 35
76 9 11 31
76 13 1 31
76 13 3 29
76 13 4 30
76 13 6 33
76 13 7 31
76 13 8 36
76 13 10 36
76 13 11 32
77 0 0 48
77 0 2 54
77 0 3 54
77 0 5 47
77 0 6 48
77 0 7 50
77 0 10 54
77 0 11 54
77 5 0 50
77 5 1 54
77 5 3 48
77 5 5 48
77 5 7 54
77 5 8 48
77 5 10 55
77 5 11 54
77 6 0 43
77 6 1 45
77 6 4 45
77 6 5 49
77 6 7 49
77 6 8 49
77 6 9 46
77 6 10 47
77 11 0 43
77 11 1 45
77 11 2 45
77 11 4 49
77 11 7 49
77 11 8 49
77 11 9 46
77 11 10 47
77 12 0 50
77 12 1 54
77 12 2 48
77 12 5 48
77 12 7 54
77 12 8 48
77 12 9 55
77 12 11 54
78 3 0 68
78 3 3 75
78 3 4 75
78 3 6 69
78 3 7 69
78 3 8 69
78 3 9 76
78 3 11 72
78 4 0 68
78 4 1 65
78 4 2 67
78 4 3 72
78 4 4 68
78 4 8 79
78 4 10 79
78 4 11 70
78 8 0 68
78 8 1 75
78 8 2 75
78 8 3 69
78 8 6 69
78 8 8 69
78 8 9 76
78 8 10 72
78 12 0 70
78 12 1 67
78 12 2 69
78 12 5 74
78 12 7 70
78 12 8 81
78 12 9 81
78 12 11 72
79 1 0 93
79 1 1 85
79 1 2 95
79 1 5 99
79 1 6 89
79 1 9 99
79 1 10 86
79 1 11 97
79 5 0 90
79 5 1 82
79 5 3 82
79 5 5 88
79 5 7 82
79 5 8 82
79 5 10 77
79 5 11 82
79 9 0 95
79 9 1 87
79 9 3 97
79 9 5 101
79 9 6 91
79 9 8 101
79 9 10 88
79 9 11 99
79 10 0 99
79 10 2 91
79 10 4 101
79 10 5 105
79 10 6 95
79 10 7 105
79 10 8 92
79 10 11 103
80 3 0 27
80 3 3 25
80 3 4 25
80 3 6 25
80 3 7 25
80 3 8 25
80 3 9 26
80 3 11 25
80 8 0 28
80 8 1 30
80 8 2 28
80 8 3 32
80 8 6 30
80 8 8 32
80 8 9 29
80 8 10 29
80 9 0 27
80 9 1 25
80 9 3 25
80 9 5 25
80 9 6 25
80 9 8 25
80 9 10 26
80 9 11 25
80 10 0 30
80 10 2 28
80 10 4 29
80 10 5 32
80 10 6 30
80 10 7 35
80 10 8 35
80 10 11 31
81 0 0 70
81 0 2 72
81 0 3 70
81 0 5 74
81 0 6 72
81 0 7 74
81 0 10 71
81 0 11 64
81 4 0 67
81 4 1 69
81 4 2 67
81 4 3 71
81 4 4 69
81 4 8 71
81 4 10 68
81 4 11 61
81 7 0 69
81 7 1 71
81 7 4 69
81 7 6 73
81 7 7 71
81 7 8 73
81 7 9 70
81 7 11 63
81 8 0 69
81 8 1 66
81 8 2 68
81 8 3 73
81 8 6 69
81 8 8 80
81 8 9 80
81 8 10 71
81 13 1 70
81 13 3 72
81 13 4 70
81 13 6 74
81 13 7 72
81 13 8 74
81 13 10 71
81 13 11 64
82 6 0 51
82 6 1 55
82 6 4 49
82 6 5 49
82 6 7 55
82 6 8 49
82 6 9 56
82 6 10 55
82 11 0 55
82 11 1 59
82 11 2 53
82 11 4 53
82 11 7 59
82 11 8 53
82 11 9 60
82 11 10 59
82 13 1 49
82 13 3 53
82 13 4 47
82 13 6 47
82 13 7 53
82 13 8 47
82 13 10 54
82 13 11 53
83 6 0 11
83 6 1 10
83 6 4 10
83 6 5 12
83 6 7 11
83 6 8 13
83 6 9 13
83 6 10 11
83 8 0 10
83 8 1 9
83 8 2 9
83 8 3 11
83 8 6 10
83 8 8 12
83 8 9 12
83 8 10 10
83 9 0 10
83 9 1 9
83 9 3 9
83 9 5 11
83 9 6 10
83 9 8 12
83 9 10 12
83 9 11 10
83 12 0 12
83 12 1 11
83 12 2 11
83 12 5 13
83 12 7 12
83 12 8 14
83 12 9 14
83 12 11 12
83 14 0 11
83 14 1 10
83 14 2 10
83 14 5 12
83 14 6 11
83 14 7 13
83 14 8 13
83 14 9 11
84 4 0 28
84 4 1 30
84 4 2 28
84 4 3 32
84 4 4 30
84 4 8 32
84 4 10 29
84 4 11 29
84 7 0 27
84 7 1 25
84 7 4 25
84 7 6 25
84 7 7 25
84 7 8 25
84 7 9 26
84 7 11 25
84 9 0 28
84 9 1 26
84 9 3 26
84 9 5 26
84 9 6 26
84 9 8 26
84 9 10 27
84 9 11 26
84 10 0 30
84 10 2 28
84 10 4 29
84 10 5 32
84 10 6 30
84 10 7 35
84 10 8 35
84 10 11 31
85 7 0 10
85 7 1 9
85 7 4 9
85 7 6 11
85 7 7 10
85 7 8 12
85 7 9 12
85 7 11 10
85 9 0 8
85 9 1 8
85 9 3 8
85 9 5 9
85 9 6 8
85 9 8 9
85 9 10 9
85 9 11 8
85 10 0 8
85 10 2 8
85 10 4 8
85 10 5 9
85 10 6 8
85 10 7 9
85 10 8 9
85 10 11 8
85 13 1 8
85 13 3 8
85 13 4 8
85 13 6 9
85 13 7 8
85 13 8 9
85 13 10 9
85 13 11 8
86 7 0 10
86 7 1 9
86 7 4 9
86 7 6 11
86 7 7 10
86 7 8 12
86 7 9 12
86 7 11 10
86 8 0 11
86 8 1 9
86 8 2 9
86 8 3 9
86 8 6 9
86 8 8 9
86 8 9 10
86 8 10 9
86 12 0 11
86 12 1 9
86 12 2 9
86 12 5 9
86 12 7 9
86 12 8 9
86 12 9 10
86 12 11 9
87 3 0 94
87 3 3 86
87 3 4 96
87 3 6 100
87 3 7 90
87 3 8 100
87 3 9 87
87 3 11 98
87 4 0 91
87 4 1 83
87 4 2 83
87 4 3 89
87 4 4 83
87 4 8 83
87 4 10 78
87 4 11 83
87 5 0 91
87 5 1 83
87 5 3 83
87 5 5 89
87 5 7 83
87 5 8 83
87 5 10 78
87 5 11 83
87 13 1 92
87 13 3 84
87 13 4 94
87 13 6 98
87 13 7 88
87 13 8 98
87 13 10 85
87 13 11 96
88 5 0 97
88 5 1 89
88 5 3 99
88 5 5 103
88 5 7 93
88 5 8 103
88 5 10 90
88 5 11 101
88 8 0 94
88 8 1 86
88 8 2 86
88 8 3 92
88 8 6 86
88 8 8 86
88 8 9 81
88 8 10 86
88 9 0 99
88 9 1 91
88 9 3 101
88 9 5 105
88 9 6 95
88 9 8 105
88 9 10 92
88 9 11 103
89 2 0 48
89 2 1 52
89 2 2 46
89 2 4 46
89 2 7 52
89 2 9 46
89 2 10 53
89 2 11 52
89 8 0 52
89 8 1 56
89 8 2 50
89 8 3 50
89 8 6 56
89 8 8 50
89 8 9 57
89 8 10 56
89 9 0 48
89 9 1 54
89 9 3 54
89 9 5 47
89 9 6 48
89 9 8 50
89 9 10 54
89 9 11 54
89 11 0 48
89 11 1 54
89 11 2 54
89 11 4 47
89 11 7 48
89 11 8 50
89 11 9 54
89 11 10 54
90 2 0 30
90 2 1 28
90 2 2 29
90 2 4 32
90 2 7 30
90 2 9 35
90 2 10 35
90 2 11 31
90 3 0 28
90 3 3 30
90 3 4 28
90 3 6 32
90 3 7 30
90 3 8 32
90 3 9 29
90 3 11 29
90 4 0 29
90 4 1 27
90 4 2 28
90 4 3 31
90 4 4 29
90 4 8 34
90 4 10 34
90 4 11 30
90 5 0 32
90 5 1 30
90 5 3 31
90 5 5 34
90 5 7 32
90 5 8 37
90 5 10 37
90 5 11 33
91 2 0 96
91 2 1 88
91 2 2 98
91 2 4 102
91 2 7 92
91 2 9 102
91 2 10 89
91 2 11 100
91 4 0 93
91 4 1 85
91 4 2 85
91 4 3 91
91 4 4 85
91 4 8 85
91 4 10 80
91 4 11 85
91 11 0 98
91 11 1 90
91 11 2 100
91 11 4 104
91 11 7 94
91 11 8 104
91 11 9 91
91 11 10 102
91 13 1 105
91 13 3 111
91 13 4 111
91 13 6 93
91 13 7 105
91 13 8 107
91 13 10 100
91 13 11 111
91 14 0 92
91 14 1 84
91 14 2 94
91 14 5 98
91 14 6 88
91 14 7 98
91 14 8 85
91 14 9 96
92 0 0 47
92 0 2 51
92 0 3 45
92 0 5 45
92 0 6 51
92 0 7 45
92 0 10 52
92 0 11 51
92 3 0 51
92 3 3 55
92 3 4 49
92 3 6 49
92 3 7 55
92 3 8 49
92 3 9 56
92 3 11 55
92 4 0 44
92 4 1 46
92 4 2 46
92 4 3 50
92 4 4 50
92 4 8 50
92 4 10 47
92 4 11 48
92 10 0 44
92 10 2 46
92 10 4 46
92 10 5 50
92 10 6 50
92 10 7 50
92 10 8 47
92 10 11 48
93 1 0 10
93 1 1 9
93 1 2 9
93 1 5 11
93 1 6 10
93 1 9 12
93 1 10 12
93 1 11 10
93 4 0 8
93 4 1 8
93 4 2 8
93 4 3 9
93 4 4 8
93 4 8 9
93 4 10 9
93 4 11 8
93 6 0 8
93 6 1 8
93 6 4 8
93 6 5 9
93 6 7 8
93 6 8 9
93 6 9 9
93 6 10 8
93 10 0 8
93 10 2 8
93 10 4 8
93 10 5 9
93 10 6 8
93 10 7 9
93 10 8 9
93 10 11 8
93 13 1 8
93 13 3 8
93 13 4 8
93 13 6 9
93 13 7 8
93 13 8 9
93 13 10 9
93 13 11 8
94 1 0 43
94 1 1 45
94 1 2 45
94 1 5 49
94 1 6 49
94 1 9 49
94 1 10 46
94 1 11 47
94 11 0 48
94 11 1 52
94 11 2 46
94 11 4 46
94 11 7 52
94 11 8 46
94 11 9 53
94 11 10 52
94 13 1 41
94 13 3 43
94 13 4 43
94 13 6 47
94 13 7 47
94 13 8 47
94 13 10 44
94 13 11 45
95 4 0 91
95 4 1 83
95 4 2 93
95 4 3 97
95 4 4 87
95 4 8 97
95 4 10 84
95 4 11 95
95 10 0 88
95 10 2 80
95 10 4 80
95 10 5 86
95 10 6 80
95 10 7 80
95 10 8 75
95 10 11 80
95 14 0 88
95 14 1 80
95 14 2 80
95 14 5 86
95 14 6 80
95 14 7 80
95 14 8 75
95 14 9 80
96 3 0 39
96 3 3 41
96 3 4 41
96 3 6 45
96 3 7 45
96 3 8 45
96 3 9 42
96 3 11 43
96 4 0 41
96 4 1 43
96 4 2 43
96 4 3 47
96 4 4 47
96 4 8 47
96 4 10 44
96 4 11 45
96 6 0 41
96 6 1 43
96 6 4 43
96 6 5 47
96 6 7 47
96 6 8 47
96 6 9 44
96 6 10 45
97 4 0 48
97 4 1 54
97 4 2 54
97 4 3 47
97 4 4 48
97 4 8 50
97 4 10 54
97 4 11 54
97 7 0 50
97 7 1 54
97 7 4 48
97 7 6 48
97 7 7 54
97 7 8 48
97 7 9 55
97 7 11 54
97 10 0 43
97 10 2 45
97 10 4 45
97 10 5 49
97 10 6 49
97 10 7 49
97 10 8 46
97 10 11 47
98 0 0 25
98 0 2 23
98 0 3 23
98 0 5 23
98 0 6 23
98 0 7 23
98 0 10 24
98 0 11 23
98 1 0 23
98 1 1 21
98 1 2 21
98 1 5 21
98 1 6 21
98 1 9 21
98 1 10 22
98 1 11 21
98 5 0 23
98 5 1 21
98 5 3 21
98 5 5 21
98 5 7 21
98 5 8 21
98 5 10 22
98 5 11 21
98 7 0 23
98 7 1 21
98 7 4 21
98 7 6 21
98 7 7 21
98 7 8 21
98 7 9 22
98 7 11 21
98 11 0 23
98 11 1 21
98 11 2 21
98 11 4 21
98 11 7 21
98 11 8 21
98 11 9 22
98 11 10 21
99 0 0 37
99 0 2 39
99 0 3 39
99 0 5 43
99 0 6 43
99 0 7 43
99 0 10 40
99 0 11 41
99 2 0 39
99 2 1 41
99 2 2 41
99 2 4 45
99 2 7 45
99 2 9 45
99 2 10 42
99 2 11 43
99 3 0 39
99 3 3 41
99 3 4 41
99 3 6 45
99 3 7 45
99 3 8 45
99 3 9 42
99 3 11 43
99 9 0 43
99 9 1 45
99 9 3 45
99 9 5 49
99 9 6 49
99 9 8 49
99 9 10 46
99 9 11 47
100 2 0 69
100 2 1 71
100 2 2 69
100 2 4 73
100 2 7 71
100 2 9 73
100 2 10 70
100 2 11 63
100 4 0 68
100 4 1 75
100 4 2 75
100 4 3 69
100 4 4 69
100 4 8 69
100 4 10 76
100 4 11 72
100 5 0 69
100 5 1 71
100 5 3 69
100 5 5 73
100 5 7 71
100 5 8 73
100 5 10 70
100 5 11 63
101 3 0 13
101 3 3 12
101 3 4 12
101 3 6 14
101 3 7 13
101 3 8 15
101 3 9 15
101 3 11 13
101 8 0 12
101 8 1 11
101 8 2 11
101 8 3 13
101 8 6 12
101 8 8 14
101 8 9 14
101 8 10 12
101 9 0 12
101 9 1 11
101 9 3 11
101 9 5 13
101 9 6 12
101 9 8 14
101 9 10 14
101 9 11 12
101 10 0 14
101 10 2 13
101 10 4 13
101 10 5 15
101 10 6 14
101 10 7 16
101 10 8 16
101 10 11 14
102 1 0 70
102 1 1 72
102 1 2 70
102 1 5 74
102 1 6 72
102 1 9 74
102 1 10 71
102 1 11 64
102 7 0 67
102 7 1 64
102 7 4 66
102 7 6 71
102 7 7 67
102 7 8 78
102 7 9 78
102 7 11 69
102 8 0 70
102 8 1 72
102 8 2 70
102 8 3 74
102 8 6 72
102 8 8 74
102 8 9 71
102 8 10 64
103 3 0 70
103 3 3 67
103 3 4 69
103 3 6 74
103 3 7 70
103 3 8 81
103 3 9 81
103 3 11 72
103 4 0 67
103 4 1 64
103 4 2 66
103 4 3 71
103 4 4 67
103 4 8 78
103 4 10 78
103 4 11 69
103 5 0 69
103 5 1 66
103 5 3 68
103 5 5 73
103 5 7 69
103 5 8 80
103 5 10 80
103 5 11 71
103 13 1 74
103 13 3 71
103 13 4 73
103 13 6 78
103 13 7 74
103 13 8 85
103 13 10 85
103 13 11 76
104 9 0 69
104 9 1 71
104 9 3 69
104 9 5 73
104 9 6 71
104 9 8 73
104 9 10 70
104 9 11 63
104 13 1 71
104 13 3 68
104 13 4 70
104 13 6 75
104 13 7 71
104 13 8 82
104 13 10 82
104 13 11 73
104 14 0 71
104 14 1 68
104 14 2 70
104 14 5 75
104 14 6 71
104 14 7 82
104 14 8 82
104 14 9 73
105 2 0 43
105 2 1 45
105 2 2 45
105 2 4 49
105 2 7 49
105 2 9 49
105 2 10 46
105 2 11 47
105 10 0 48
105 10 2 52
105 10 4 46
105 10 5 46
105 10 6 52
105 10 7 46
105 10 8 53
105 10 11 52
105 12 0 41
105 12 1 43
105 12 2 43
105 12 5 47
105 12 7 47
105 12 8 47
105 12 9 44
105 12 11 45
106 6 0 94
106 6 1 86
106 6 4 96
106 6 5 100
106 6 7 90
106 6 8 100
106 6 9 87
106 6 10 98
106 10 0 91
106 10 2 83
106 10 4 83
106 10 5 89
106 10 6 83
106 10 7 83
106 10 8 78
106 10 11 83
106 11 0 96
106 11 1 88
106 11 2 98
106 11 4 102
106 11 7 92
106 11 8 102
106 11 9 89
106 11 10 100
106 14 0 98
106 14 1 93
106 14 2 105
106 14 5 102
106 14 6 93
106 14 7 102
106 14 8 106
106 14 9 99
107 0 0 93
107 0 2 85
107 0 3 95
107 0 5 99
107 0 6 89
107 0 7 99
107 0 10 86
107 0 11 97
107 1 0 90
107 1 1 82
107 1 2 82
107 1 5 88
107 1 6 82
107 1 9 82
107 1 10 77
107 1 11 82
107 4 0 90
107 4 1 82
107 4 2 82
107 4 3 88
107 4 4 82
107 4 8 82
107 4 10 77
107 4 11 82
107 6 0 91
107 6 1 83
107 6 4 93
107 6 5 97
107 6 7 87
107 6 8 97
107 6 9 84
107 6 10 95
107 8 0 90
107 8 1 82
107 8 2 82
107 8 3 88
107 8 6 82
107 8 8 82
107 8 9 77
107 8 10 82
108 0 0 34
108 0 2 32
108 0 3 33
108 0 5 36
108 0 6 34
108 0 7 39
108 0 10 39
108 0 11 35
108 6 0 32
108 6 1 30
108 6 4 31
108 6 5 34
108 6 7 32
108 6 8 37
108 6 9 37
108 6 10 33
108 7 0 33
108 7 1 31
108 7 4 32
108 7 6 35
108 7 7 33
108 7 8 38
108 7 9 38
108 7 11 34
108 10 0 36
108 10 2 34
108 10 4 35
108 10 5 38
108 10 6 36
108 10 7 41
108 10 8 41
108 10 11 37
108 11 0 34
108 11 1 32
108 11 2 33
108 11 4 36
108 11 7 34
108 11 8 39
108 11 9 39
108 11 10 35
109 2 0 96
109 2 1 88
109 2 2 98
109 2 4 102
109 2 7 92
109 2 9 102
109 2 10 89
109 2 11 100
109 8 0 93
109 8 1 85
109 8 2 85
109 8 3 91
109 8 6 85
109 8 8 85
109 8 9 80
109 8 10 85
109 10 0 98
109 10 2 90
109 10 4 100
109 10 5 104
109 10 6 94
109 10 7 104
109 10 8 91
109 10 11 102
109 11 0 105
109 11 1 111
109 11 2 111
109 11 4 93
109 11 7 105
109 11 8 107
109 11 9 100
109 11 10 111
110 2 0 41
110 2 1 42
110 2 2 42
110 2 4 39
110 2 7 42
110 2 9 42
110 2 10 37
110 2 11 42
110 3 0 37
110 3 3 39
110 3 4 39
110 3 6 43
110 3 7 43
110 3 8 43
110 3 9 40
110 3 11 41
110 10 0 37
110 10 2 39
110 10 4 39
110 10 5 43
110 10 6 43
110 10 7 43
110 10 8 40
110 10 11 41
111 1 0 33
111 1 1 31
111 1 2 32
111 1 5 35
111 1 6 33
111 1 9 38
111 1 10 38
111 1 11 34
111 2 0 31
111 2 1 29
111 2 2 30
111 2 4 33
111 2 7 31
111 2 9 36
111 2 10 36
111 2 11 32
111 7 0 32
111 7 1 30
111 7 4 31
111 7 6 34
111 7 7 32
111 7 8 37
111 7 9 37
111 7 11 33
111 10 0 35
111 10 2 33
111 10 4 34
111 10 5 37
111 10 6 35
111 10 7 40
111 10 8 40
111 10 11 36
111 12 0 33
111 12 1 31
111 12 2 32
111 12 5 35
111 12 7 33
111 12 8 38
111 12 9 38
111 12 11 34
112 0 0 36
112 0 2 38
112 0 3 38
112 0 5 42
112 0 6 42
112 0 7 42
112 0 10 39
112 0 11 40
112 4 0 37
112 4 1 39
112 4 2 39
112 4 3 43
112 4 4 43
112 4 8 43
112 4 10 40
112 4 11 41
112 14 0 37
112 14 1 39
112 14 2 39
112 14 5 43
112 14 6 43
112 14 7 43
112 14 8 40
112 14 9 41
113 2 0 11
113 2 1 9
113 2 2 9
113 2 4 9
113 2 7 9
113 2 9 9
113 2 10 10
113 2 11 9
113 3 0 8
113 3 3 8
113 3 4 8
113 3 6 9
113 3 7 8
113 3 8 9
113 3 9 9
113 3 11 8
113 11 0 8
113 11 1 8
113 11 2 8
113 11 4 9
113 11 7 8
113 11 8 9
113 11 9 9
113 11 10 8
113 14 0 10
113 14 1 9
113 14 2 9
113 14 5 11
113 14 6 10
113 14 7 12
113 14 8 12
113 14 9 10
114 0 0 94
114 0 2 86
114 0 3 86
114 0 5 92
114 0 6 86
114 0 7 86
114 0 10 81
114 0 11 86
114 3 0 86
114 3 3 78
114 3 4 78
114 3 6 84
114 3 7 78
114 3 8 78
114 3 9 73
114 3 11 78
114 5 0 86
114 5 1 78
114 5 3 78
114 5 5 84
114 5 7 78
114 5 8 78
114 5 10 73
114 5 11 78
114 7 0 92
114 7 1 84
114 7 4 84
114 7 6 90
114 7 7 84
114 7 8 84
114 7 9 79
114 7 11 84
114 11 0 86
114 11 1 78
114 11 2 78
114 11 4 84
114 11 7 78
114 11 8 78
114 11 9 73
114 11 10 78
115 0 0 31
115 0 2 29
115 0 3 30
115 0 5 33
115 0 6 31
115 0 7 36
115 0 10 36
115 0 11 32
115 2 0 29
115 2 1 27
115 2 2 28
115 2 4 31
115 2 7 29
115 2 9 34
115 2 10 34
115 2 11 30
115 4 0 30
115 4 1 28
115 4 2 29
115 4 3 32
115 4 4 30
115 4 8 35
115 4 10 35
115 4 11 31
115 14 0 33
115 14 1 31
115 14 2 32
115 14 5 35
115 14 6 33
115 14 7 38
115 14 8 38
115 14 9 34
116 0 0 27
116 0 2 25
116 0 3 25
116 0 5 25
116 0 6 25
116 0 7 25
116 0 10 26
116 0 11 25
116 6 0 25
116 6 1 23
116 6 4 23
116 6 5 23
116 6 7 23
116 6 8 23
116 6 9 24
116 6 10 23
116 8 0 25
116 8 1 23
116 8 2 23
116 8 3 23
116 8 6 23
116 8 8 23
116 8 9 24
116 8 10 23
117 1 0 16
117 1 1 15
117 1 2 15
117 1 5 17
117 1 6 16
117 1 9 18
117 1 10 18
117 1 11 16
117 2 0 15
117 2 1 14
117 2 2 14
117 2 4 16
117 2 7 15
117 2 9 17
117 2 10 17
117 2 11 15
117 5 0 15
117 5 1 14
117 5 3 14
117 5 5 16
117 5 7 15
117 5 8 17
117 5 10 17
117 5 11 15
117 9 0 17
117 9 1 16
117 9 3 16
117 9 5 18
117 9 6 17
117 9 8 19
117 9 10 19
117 9 11 17
117 13 1 16
117 13 3 15
117 13 4 15
117 13 6 17
117 13 7 16
117 13 8 18
117 13 10 18
117 13 11 16
118 10 0 63
118 10 2 65
118 10 4 63
118 10 5 67
118 10 6 65
118 10 7 67
118 10 8 64
118 10 11 57
118 13 1 67
118 13 3 69
118 13 4 67
118 13 6 71
118 13 7 69
118 13 8 71
118 13 10 68
118 13 11 61
118 14 0 62
118 14 1 64
118 14 2 62
118 14 5 66
118 14 6 64
118 14 7 66
118 14 8 63
118 14 9 56
119 0 0 35
119 0 2 33
119 0 3 34
119 0 5 37
119 0 6 35
119 0 7 40
119 0 10 40
119 0 11 36
119 1 0 33
119 1 1 31
119 1 2 32
119 1 5 35
119 1 6 33
119 1 9 38
119 1 10 38
119 1 11 34
119 14 0 34
119 14 1 32
119 14 2 33
119 14 5 36
119 14 6 34
119 14 7 39
119 14 8 39
119 14 9 35
120 4 0 35
120 4 1 33
120 4 2 34
120 4 3 37
120 4 4 35
120 4 8 40
120 4 10 40
120 4 11 36
120 9 0 37
120 9 1 35
120 9 3 36
120 9 5 39
120 9 6 37
120 9 8 42
120 9 10 42
120 9 11 38
120 13 1 37
120 13 3 35
120 13 4 36
120 13 6 39
120 13 7 37
120 13 8 42
120 13 10 42
120 13 11 38
121 5 0 31
121 5 1 29
121 5 3 30
121 5 5 33
121 5 7 31
121 5 8 36
121 5 10 36
121 5 11 32
121 7 0 29
121 7 1 27
121 7 4 28
121 7 6 31
121 7 7 29
121 7 8 34
121 7 9 34
121 7 11 30
121 8 0 30
121 8 1 28
121 8 2 29
121 8 3 32
121 8 6 30
121 8 8 35
121 8 9 35
121 8 10 31
121 10 0 33
121 10 2 31
121 10 4 32
121 10 5 35
121 10 6 33
121 10 7 38
121 10 8 38
121 10 11 34
122 0 0 21
122 0 2 19
122 0 3 19
122 0 5 19
122 0 6 19
122 0 7 19
122 0 10 20
122 0 11 19
122 10 0 18
122 10 2 20
122 10 4 20
122 10 5 19
122 10 6 19
122 10 7 19
122 10 8 21
122 10 11 22
122 14 0 18
122 14 1 20
122 14 2 20
122 14 5 19
122 14 6 19
122 14 7 19
122 14 8 21
122 14 9 22
123 6 0 86
123 6 1 78
123 6 4 78
123 6 5 84
123 6 7 78
123 6 8 78
123 6 9 73
123 6 10 78
123 7 0 86
123 7 1 78
123 7 4 78
123 7 6 84
123 7 7 78
123 7 8 78
123 7 9 73
123 7 11 78
123 10 0 90
123 10 2 82
123 10 4 82
123 10 5 88
123 10 6 82
123 10 7 82
123 10 8 77
123 10 11 82
123 11 0 72
123 11 1 69
123 11 2 71
123 11 4 76
123 11 7 72
123 11 8 83
123 11 9 83
123 11 10 74
124 1 0 16
124 1 1 15
124 1 2 15
124 1 5 17
124 1 6 16
124 1 9 18
124 1 10 18
124 1 11 16
124 3 0 15
124 3 3 14
124 3 4 14
124 3 6 16
124 3 7 15
124 3 8 17
124 3 9 17
124 3 11 15
124 5 0 15
124 5 1 14
124 5 3 14
124 5 5 16
124 5 7 15
124 5 8 17
124 5 10 17
124 5 11 15
124 11 0 17
124 11 1 16
124 11 2 16
124 11 4 18
124 11 7 17
124 11 8 19
124 11 9 19
124 11 10 17
124 12 0 16
124 12 1 15
124 12 2 15
124 12 5 17
124 12 7 16
124 12 8 18
124 12 9 18
124 12 11 16
125 6 0 34
125 6 1 32
125 6 4 33
125 6 5 36
125 6 7 34
125 6 8 39
125 6 9 39
125 6 10 35
125 9 0 32
125 9 1 30
125 9 3 31
125 9 5 34
125 9 6 32
125 9 8 37
125 9 10 37
125 9 11 33
125 13 1 33
125 13 3 31
125 13 4 32
125 13 6 35
125 13 7 33
125 13 8 38
125 13 10 38
125 13 11 34
126 4 0 25
126 4 1 23
126 4 2 23
126 4 3 23
126 4 4 23
126 4 8 23
126 4 10 24
126 4 11 23
126 7 0 23
126 7 1 21
126 7 4 21
126 7 6 21
126 7 7 21
126 7 8 21
126 7 9 22
126 7 11 21
126 10 0 23
126 10 2 21
126 10 4 21
126 10 5 21
126 10 6 21
126 10 7 21
126 10 8 22
126 10 11 21
126 11 0 23
126 11 1 21
126 11 2 21
126 11 4 21
126 11 7 21
126 11 8 21
126 11 9 22
126 11 10 21
126 12 0 23
126 12 1 21
126 12 2 21
126 12 5 21
126 12 7 21
126 12 8 21
126 12 9 22
126 12 11 21
127 1 0 65
127 1 1 67
127 1 2 65
127 1 5 69
127 1 6 67
127 1 9 69
127 1 10 66
127 1 11 59
127 3 0 67
127 3 3 69
127 3 4 67
127 3 6 71
127 3 7 69
127 3 8 71
127 3 9 68
127 3 11 61
127 10 0 65
127 10 2 67
127 10 4 65
127 10 5 69
127 10 6 67
127 10 7 69
127 10 8 66
127 10 11 59
127 12 0 69
127 12 1 71
127 12 2 69
127 12 5 73
127 12 7 71
127 12 8 73
127 12 9 70
127 12 11 63
128 0 0 99
128 0 2 91
128 0 3 101
128 0 5 105
128 0 6 95
128 0 7 105
128 0 10 92
128 0 11 103
128 9 0 91
128 9 1 83
128 9 3 93
128 9 5 97
128 9 6 87
128 9 8 97
128 9 10 84
128 9 11 95
128 11 0 104
128 11 1 110
128 11 2 110
128 11 4 92
128 11 7 104
128 11 8 106
128 11 9 99
128 11 10 110
129 0 0 10
129 0 2 9
129 0 3 9
129 0 5 11
129 0 6 10
129 0 7 12
129 0 10 12
129 0 11 10
129 2 0 8
129 2 1 8
129 2 2 8
129 2 4 9
129 2 7 8
129 2 9 9
129 2 10 9
129 2 11 8
129 4 0 8
129 4 1 8
129 4 2 8
129 4 3 9
129 4 4 8
129 4 8 9
129 4 10 9
129 4 11 8
129 6 0 8
129 6 1 8
129 6 4 8
129 6 5 9
129 6 7 8
129 6 8 9
129 6 9 9
129 6 10 8
129 9 0 8
129 9 1 8
129 9 3 8
129 9 5 9
129 9 6 8
129 9 8 9
129 9 10 9
129 9 11 8
130 0 0 17
130 0 2 16
130 0 3 16
130 0 5 18
130 0 6 17
130 0 7 19
130 0 10 19
130 0 11 17
130 2 0 18
130 2 1 20
130 2 2 20
130 2 4 19
130 2 7 19
130 2 9 19
130 2 10 21
130 2 11 22
130 13 1 18
130 13 3 20
130 13 4 20
130 13 6 19
130 13 7 19
130 13 8 19
130 13 10 21
130 13 11 22
131 7 0 31
131 7 1 29
131 7 4 30
131 7 6 33
131 7 7 31
131 7 8 36
131 7 9 36
131 7 11 32
131 8 0 29
131 8 1 27
131 8 2 28
131 8 3 31
131 8 6 29
131 8 8 34
131 8 9 34
131 8 10 30
131 9 0 30
131 9 1 28
131 9 3 29
131 9 5 32
131 9 6 30
131 9 8 35
131 9 10 35
131 9 11 31
131 11 0 33
131 11 1 31
131 11 2 32
131 11 4 35
131 11 7 33
131 11 8 38
131 11 9 38
131 11 10 34
131 12 0 31
131 12 1 29
131 12 2 30
131 12 5 33
131 12 7 31
131 12 8 36
131 12 9 36
131 12 11 32
132 0 0 63
132 0 2 65
132 0 3 63
132 0 5 67
132 0 6 65
132 0 7 67
132 0 10 64
132 0 11 57
132 1 0 65
132 1 1 67
132 1 2 65
132 1 5 69
132 1 6 67
132 1 9 69
132 1 10 66
132 1 11 59
132 9 0 63
132 9 1 65
132 9 3 63
132 9 5 67
132 9 6 65
132 9 8 67
132 9 10 64
132 9 11 57
133 0 0 10
133 0 2 9
133 0 3 9
133 0 5 11
133 0 6 10
133 0 7 12
133 0 10 12
133 0 11 10
133 4 0 11
133 4 1 9
133 4 2 9
133 4 3 9
133 4 4 9
133 4 8 9
133 4 10 10
133 4 11 9
133 9 0 11
133 9 1 9
133 9 3 9
133 9 5 9
133 9 6 9
133 9 8 9
133 9 10 10
133 9 11 9
133 10 0 11
133 10 2 10
133 10 4 10
133 10 5 12
133 10 6 11
133 10 7 13
133 10 8 13
133 10 11 11
133 14 0 10
133 14 1 9
133 14 2 9
133 14 5 11
133 14 6 10
133 14 7 12
133 14 8 12
133 14 9 10
134 1 0 70
134 1 1 72
134 1 2 70
134 1 5 74
134 1 6 72
134 1 9 74
134 1 10 71
134 1 11 64
134 2 0 67
134 2 1 69
134 2 2 67
134 2 4 71
134 2 7 69
134 2 9 71
134 2 10 68
134 2 11 61
134 3 0 69
134 3 3 71
134 3 4 69
134 3 6 73
134 3 7 71
134 3 8 73
134 3 9 70
134 3 11 63
134 5 0 69
134 5 1 66
134 5 3 68
134 5 5 73
134 5 7 69
134 5 8 80
134 5 10 80
134 5 11 71
135 3 0 15
135 3 3 14
135 3 4 14
135 3 6 16
135 3 7 15
135 3 8 17
135 3 9 17
135 3 11 15
135 4 0 14
135 4 1 13
135 4 2 13
135 4 3 15
135 4 4 14
135 4 8 16
135 4 10 16
135 4 11 14
135 9 0 14
135 9 1 13
135 9 3 13
135 9 5 15
135 9 6 14
135 9 8 16
135 9 10 16
135 9 11 14
135 12 0 16
135 12 1 15
135 12 2 15
135 12 5 17
135 12 7 16
135 12 8 18
135 12 9 18
135 12 11 16
135 13 1 15
135 13 3 14
135 13 4 14
135 13 6 16
135 13 7 15
135 13 8 17
135 13 10 17
135 13 11 15
136 0 0 11
136 0 2 10
136 0 3 10
136 0 5 12
136 0 6 11
136 0 7 13
136 0 10 13
136 0 11 11
136 2 0 10
136 2 1 9
136 2 2 9
136 2 4 11
136 2 7 10
136 2 9 12
136 2 10 12
136 2 11 10
136 6 0 10
136 6 1 9
136 6 4 9
136 6 5 11
136 6 7 10
136 6 8 12
136 6 9 12
136 6 10 10
136 12 0 12
136 12 1 11
136 12 2 11
136 12 5 13
136 12 7 12
136 12 8 14
136 12 9 14
136 12 11 12
136 13 1 11
136 13 3 10
136 13 4 10
136 13 6 12
136 13 7 11
136 13 8 13
136 13 10 13
136 13 11 11
137 0 0 44
137 0 2 46
137 0 3 46
137 0 5 50
137 0 6 50
137 0 7 50
137 0 10 47
137 0 11 48
137 6 0 49
137 6 1 53
137 6 4 47
137 6 5 47
137 6 7 53
137 6 8 47
137 6 9 54
137 6 10 53
137 7 0 42
137 7 1 44
137 7 4 44
137 7 6 48
137 7 7 48
137 7 8 48
137 7 9 45
137 7 11 46
137 14 0 42
137 14 1 44
137 14 2 44
137 14 5 48
137 14 6 48
137 14 7 48
137 14 8 45
137 14 9 46
138 3 0 41
138 3 3 42
138 3 4 42
138 3 6 39
138 3 7 42
138 3 8 42
138 3 9 37
138 3 11 42
138 4 0 37
138 4 1 39
138 4 2 39
138 4 3 43
138 4 4 43
138 4 8 43
138 4 10 40
138 4 11 41
138 7 0 37
138 7 1 39
138 7 4 39
138 7 6 43
138 7 7 43
138 7 8 43
138 7 9 40
138 7 11 41
139 5 0 95
139 5 1 87
139 5 3 97
139 5 5 101
139 5 7 91
139 5 8 101
139 5 10 88
139 5 11 99
139 12 0 92
139 12 1 84
139 12 2 84
139 12 5 90
139 12 7 84
139 12 8 84
139 12 9 79
139 12 11 84
139 14 0 97
139 14 1 89
139 14 2 99
139 14 5 103
139 14 6 93
139 14 7 103
139 14 8 90
139 14 9 101
140 3 0 22
140 3 3 20
140 3 4 20
140 3 6 20
140 3 7 20
140 3 8 20
140 3 9 21
140 3 11 20
140 8 0 20
140 8 1 18
140 8 2 18
140 8 3 18
140 8 6 18
140 8 8 18
140 8 9 19
140 8 10 18
140 9 0 20
140 9 1 18
140 9 3 18
140 9 5 18
140 9 6 18
140 9 8 18
140 9 10 19
140 9 11 18
140 10 0 20
140 10 2 18
140 10 4 18
140 10 5 18
140 10 6 18
140 10 7 18
140 10 8 19
140 10 11 18
140 11 0 20
140 11 1 18
140 11 2 18
140 11 4 18
140 11 7 18
140 11 8 18
140 11 9 19
140 11 10 18
141 0 0 11
141 0 2 9
141 0 3 9
141 0 5 9
141 0 6 9
141 0 7 9
141 0 10 10
141 0 11 9
141 8 0 8
141 8 1 8
141 8 2 8
141 8 3 9
141 8 6 8
141 8 8 9
141 8 9 9
141 8 10 8
141 11 0 8
141 11 1 8
141 11 2 8
141 11 4 9
141 11 7 8
141 11 8 9
141 11 9 9
141 11 10 8
142 5 0 20
142 5 1 18
142 5 3 18
142 5 5 18
142 5 7 18
142 5 8 18
142 5 10 19
142 5 11 18
142 9 0 18
142 9 1 17
142 9 3 17
142 9 5 19
142 9 6 18
142 9 8 20
142 9 10 20
142 9 11 18
142 10 0 18
142 10 2 17
142 10 4 17
142 10 5 19
142 10 6 18
142 10 7 20
142 10 8 20
142 10 11 18
142 11 0 18
142 11 1 17
142 11 2 17
142 11 4 19
142 11 7 18
142 11 8 20
142 11 9 20
142 11 10 18
142 13 1 18
142 13 3 17
142 13 4 17
142 13 6 19
142 13 7 18
142 13 8 20
142 13 10 20
142 13 11 18
143 0 0 89
143 0 2 91
143 0 3 96
143 0 5 99
143 0 6 93
143 0 7 85
143 0 10 85
143 0 11 81
143 9 0 87
143 9 1 79
143 9 3 79
143 9 5 85
143 9 6 79
143 9 8 79
143 9 10 74
143 9 11 79
143 12 0 87
143 12 1 79
143 12 2 79
143 12 5 85
143 12 7 79
143 12 8 79
143 12 9 74
143 12 11 79
144 0 0 67
144 0 2 64
144 0 3 66
144 0 5 71
144 0 6 67
144 0 7 78
144 0 10 78
144 0 11 69
144 1 0 69
144 1 1 71
144 1 2 69
144 1 5 73
144 1 6 71
144 1 9 73
144 1 10 70
144 1 11 63
144 3 0 68
144 3 3 75
144 3 4 75
144 3 6 69
144 3 7 69
144 3 8 69
144 3 9 76
144 3 11 72
144 13 1 71
144 13 3 68
144 13 4 70
144 13 6 75
144 13 7 71
144 13 8 82
144 13 10 82
144 13 11 73
144 14 0 67
144 14 1 64
144 14 2 66
144 14 5 71
144 14 6 67
144 14 7 78
144 14 8 78
144 14 9 69
145 0 0 68
145 0 2 70
145 0 3 68
145 0 5 72
145 0 6 70
145 0 7 72
145 0 10 69
145 0 11 62
145 4 0 65
145 4 1 67
145 4 2 65
145 4 3 69
145 4 4 67
145 4 8 69
145 4 10 66
145 4 11 59
145 9 0 67
145 9 1 69
145 9 3 67
145 9 5 71
145 9 6 69
145 9 8 71
145 9 10 68
145 9 11 61
145 14 0 67
145 14 1 64
145 14 2 66
145 14 5 71
145 14 6 67
145 14 7 78
145 14 8 78
145 14 9 69
146 5 0 21
146 5 1 19
146 5 3 19
146 5 5 19
146 5 7 19
146 5 8 19
146 5 10 20
146 5 11 19
146 6 0 18
146 6 1 20
146 6 4 20
146 6 5 19
146 6 7 19
146 6 8 19
146 6 9 21
146 6 10 22
146 9 0 18
146 9 1 20
146 9 3 20
146 9 5 19
146 9 6 19
146 9 8 19
146 9 10 21
146 9 11 22
146 12 0 18
146 12 1 20
146 12 2 20
146 12 5 19
146 12 7 19
146 12 8 19
146 12 9 21
146 12 11 22
146 13 1 18
146 13 3 20
146 13 4 20
146 13 6 19
146 13 7 19
146 13 8 19
146 13 10 21
146 13 11 22
147 3 0 27
147 3 3 25
147 3 4 25
147 3 6 25
147 3 7 25
147 3 8 25
147 3 9 26
147 3 11 25
147 11 0 28
147 11 1 30
147 11 2 28
147 11 4 32
147 11 7 30
147 11 8 32
147 11 9 29
147 11 10 29
147 12 0 27
147 12 1 25
147 12 2 25
147 12 5 25
147 12 7 25
147 12 8 25
147 12 9 26
147 12 11 25
147 13 1 30
147 13 3 28
147 13 4 29
147 13 6 32
147 13 7 30
147 13 8 35
147 13 10 35
147 13 11 31
147 14 0 28
147 14 1 30
147 14 2 28
147 14 5 32
147 14 6 30
147 14 7 32
147 14 8 29
147 14 9 29
148 2 0 68
148 2 1 75
148 2 2 75
148 2 4 69
148 2 7 69
148 2 9 69
148 2 10 76
148 2 11 72
148 3 0 68
148 3 3 65
148 3 4 67
148 3 6 72
148 3 7 68
148 3 8 79
148 3 9 79
148 3 11 70
148 5 0 68
148 5 1 75
148 5 3 75
148 5 5 69
148 5 7 69
148 5 8 69
148 5 10 76
148 5 11 72
148 12 0 70
148 12 1 67
148 12 2 69
148 12 5 74
148 12 7 70
148 12 8 81
148 12 9 81
148 12 11 72
149 0 0 94
149 0 2 86
149 0 3 96
149 0 5 100
149 0 6 90
149 0 7 100
149 0 10 87
149 0 11 98
149 1 0 91
149 1 1 83
149 1 2 83
149 1 5 89
149 1 6 83
149 1 9 83
149 1 10 78
149 1 11 83
149 7 0 91
149 7 1 83
149 7 4 83
149 7 6 89
149 7 7 83
149 7 8 83
149 7 9 78
149 7 11 83
149 10 0 92
149 10 2 84
149 10 4 94
149 10 5 98
149 10 6 88
149 10 7 98
149 10 8 85
149 10 11 96
149 11 0 91
149 11 1 83
149 11 2 83
149 11 4 89
149 11 7 83
149 11 8 83
149 11 9 78
149 11 10 83
150 5 0 91
150 5 1 83
150 5 3 83
150 5 5 89
150 5 7 83
150 5 8 83
150 5 10 78
150 5 11 83
150 8 0 74
150 8 1 71
150 8 2 73
150 8 3 78
150 8 6 74
150 8 8 85
150 8 9 85
150 8 10 76
150 9 0 74
150 9 1 71
150 9 3 73
150 9 5 78
150 9 6 74
150 9 8 85
150 9 10 85
150 9 11 76
150 10 0 89
150 10 2 81
150 10 4 81
150 10 5 87
150 10 6 81
150 10 7 81
150 10 8 76
150 10 11 81
151 1 0 28
151 1 1 30
151 1 2 28
151 1 5 32
151 1 6 30
151 1 9 32
151 1 10 29
151 1 11 29
151 2 0 27
151 2 1 25
151 2 2 25
151 2 4 25
151 2 7 25
151 2 9 25
151 2 10 26
151 2 11 25
151 13 1 28
151 13 3 26
151 13 4 26
151 13 6 26
151 13 7 26
151 13 8 26
151 13 10 27
151 13 11 26
152 2 0 34
152 2 1 32
152 2 2 33
152 2 4 36
152 2 7 34
152 2 9 39
152 2 10 39
152 2 11 35
152 3 0 32
152 3 3 30
152 3 4 31
152 3 6 34
152 3 7 32
152 3 8 37
152 3 9 37
152 3 11 33
152 4 0 33
152 4 1 31
152 4 2 32
152 4 3 35
152 4 4 33
152 4 8 38
152 4 10 38
152 4 11 34
152 6 0 36
152 6 1 34
152 6 4 35
152 6 5 38
152 6 7 36
152 6 8 41
152 6 9 41
152 6 10 37
153 3 0 70
153 3 3 67
153 3 4 69
153 3 6 74
153 3 7 70
153 3 8 81
153 3 9 81
153 3 11 72
153 4 0 67
153 4 1 64
153 4 2 66
153 4 3 71
153 4 4 67
153 4 8 78
153 4 10 78
153 4 11 69
153 5 0 69
153 5 1 66
153 5 3 68
153 5 5 73
153 5 7 69
153 5 8 80
153 5 10 80
153 5 11 71
154 5 0 29
154 5 1 27
154 5 3 28
154 5 5 31
154 5 7 29
154 5 8 34
154 5 10 34
154 5 11 30
154 7 0 28
154 7 1 26
154 7 4 26
154 7 6 26
154 7 7 26
154 7 8 26
154 7 9 27
154 7 11 26
154 9 0 28
154 9 1 30
154 9 3 28
154 9 5 32
154 9 6 30
154 9 8 32
154 9 10 29
154 9 11 29
154 12 0 31
154 12 1 29
154 12 2 30
154 12 5 33
154 12 7 31
154 12 8 36
154 12 9 36
154 12 11 32
155 0 0 66
155 0 2 68
155 0 3 66
155 0 5 70
155 0 6 68
155 0 7 70
155 0 10 67
155 0 11 60
155 5 0 68
155 5 1 70
155 5 3 68
155 5 5 72
155 5 7 70
155 5 8 72
155 5 10 69
155 5 11 62
155 7 0 66
155 7 1 68
155 7 4 66
155 7 6 70
155 7 7 68
155 7 8 70
155 7 9 67
155 7 11 60
155 9 0 70
155 9 1 72
155 9 3 70
155 9 5 74
155 9 6 72
155 9 8 74
155 9 10 71
155 9 11 64
156 7 0 48
156 7 1 52
156 7 4 46
156 7 6 46
156 7 7 52
156 7 8 46
156 7 9 53
156 7 11 52
156 9 0 52
156 9 1 56
156 9 3 50
156 9 5 50
156 9 6 56
156 9 8 50
156 9 10 57
156 9 11 56
156 14 0 48
156 14 1 54
156 14 2 54
156 14 5 47
156 14 6 48
156 14 7 50
156 14 8 54
156 14 9 54
157 1 0 94
157 1 1 86
157 1 2 96
157 1 5 100
157 1 6 90
157 1 9 100
157 1 10 87
157 1 11 98
157 2 0 91
157 2 1 83
157 2 2 83
157 2 4 89
157 2 7 83
157 2 9 83
157 2 10 78
157 2 11 83
157 4 0 91
157 4 1 83
157 4 2 83
157 4 3 89
157 4 4 83
157 4 8 83
157 4 10 78
157 4 11 83
157 8 0 92
157 8 1 84
157 8 2 94
157 8 3 98
157 8 6 88
157 8 8 98
157 8 9 85
157 8 10 96
157 9 0 91
157 9 1 83
157 9 3 83
157 9 5 89
157 9 6 83
157 9 8 83
157 9 10 78
157 9 11 83
158 1 0 15
158 1 1 14
158 1 2 14
158 1 5 16
158 1 6 15
158 1 9 17
158 1 10 17
158 1 11 15
158 6 0 14
158 6 1 13
158 6 4 13
158 6 5 15
158 6 7 14
158 6 8 16
158 6 9 16
158 6 10 14
158 9 0 14
158 9 1 13
158 9 3 13
158 9 5 15
158 9 6 14
158 9 8 16
158 9 10 16
158 9 11 14
158 10 0 16
158 10 2 15
158 10 4 15
158 10 5 17
158 10 6 16
158 10 7 18
158 10 8 18
158 10 11 16
159 2 0 14
159 2 1 13
159 2 2 13
159 2 4 15
159 2 7 14
159 2 9 16
159 2 10 16
159 2 11 14
159 4 0 13
159 4 1 12
159 4 2 12
159 4 3 14
159 4 4 13
159 4 8 15
159 4 10 15
159 4 11 13
159 7 0 13
159 7 1 12
159 7 4 12
159 7 6 14
159 7 7 13
159 7 8 15
159 7 9 15
159 7 11 13
159 8 0 15
159 8 1 14
159 8 2 14
159 8 3 16
159 8 6 15
159 8 8 17
159 8 9 17
159 8 10 15
159 12 0 14
159 12 1 13
159 12 2 13
159 12 5 15
159 12 7 14
159 12 8 16
159 12 9 16
159 12 11 14
160 0 0 93
160 0 2 85
160 0 3 85
160 0 5 91
160 0 6 85
160 0 7 85
160 0 10 80
160 0 11 85
160 9 0 81
160 9 1 81
160 9 3 85
160 9 5 76
160 9 6 82
160 9 8 81
160 9 10 88
160 9 11 88
160 11 0 81
160 11 1 81
160 11 2 85
160 11 4 76
160 11 7 82
160 11 8 81
160 11 9 88
160 11 10 88
161 0 0 92
161 0 2 84
161 0 3 84
161 0 5 90
161 0 6 84
161 0 7 84
161 0 10 79
161 0 11 84
161 7 0 75
161 7 1 72
161 7 4 74
161 7 6 79
161 7 7 75
161 7 8 86
161 7 9 86
161 7 11 77
161 8 0 75
161 8 1 72
161 8 2 74
161 8 3 79
161 8 6 75
161 8 8 86
161 8 9 86
161 8 10 77
161 12 0 90
161 12 1 82
161 12 2 82
161 12 5 88
161 12 7 82
161 12 8 82
161 12 9 77
161 12 11 82
162 5 0 67
162 5 1 69
162 5 3 67
162 5 5 71
162 5 7 69
162 5 8 71
162 5 10 68
162 5 11 61
162 7 0 69
162 7 1 71
162 7 4 69
162 7 6 73
162 7 7 71
162 7 8 73
162 7 9 70
162 7 11 63
162 10 0 67
162 10 2 69
162 10 4 67
162 10 5 71
162 10 6 69
162 10 7 71
162 10 8 68
162 10 11 61
162 14 0 68
162 14 1 75
162 14 2 75
162 14 5 69
162 14 6 69
162 14 7 69
162 14 8 76
162 14 9 72
163 0 0 63
163 0 2 65
163 0 3 63
163 0 5 67
163 0 6 65
163 0 7 67
163 0 10 64
163 0 11 57
163 3 0 65
163 3 3 67
163 3 4 65
163 3 6 69
163 3 7 67
163 3 8 69
163 3 9 66
163 3 11 59
163 12 0 63
163 12 1 65
163 12 2 63
163 12 5 67
163 12 7 65
163 12 8 67
163 12 9 64
163 12 11 57
163 14 0 67
163 14 1 69
163 14 2 67
163 14 5 71
163 14 6 69
163 14 7 71
163 14 8 68
163 14 9 61
164 3 0 32
164 3 3 30
164 3 4 31
164 3 6 34
164 3 7 32
164 3 8 37
164 3 9 37
164 3 11 33
164 6 0 30
164 6 1 28
164 6 4 29
164 6 5 32
164 6 7 30
164 6 8 35
164 6 9 35
164 6 10 31
164 8 0 31
164 8 1 29
164 8 2 30
164 8 3 33
164 8 6 31
164 8 8 36
164 8 9 36
164 8 10 32
164 11 0 34
164 11 1 32
164 11 2 33
164 11 4 36
164 11 7 34
164 11 8 39
164 11 9 39
164 11 10 35
165 6 0 17
165 6 1 16
165 6 4 16
165 6 5 18
165 6 7 17
165 6 8 19
165 6 9 19
165 6 10 17
165 9 0 16
165 9 1 15
165 9 3 15
165 9 5 17
165 9 6 16
165 9 8 18
165 9 10 18
165 9 11 16
165 13 1 16
165 13 3 15
165 13 4 15
165 13 6 17
165 13 7 16
165 13 8 18
165 13 10 18
165 13 11 16
166 1 0 50
166 1 1 54
166 1 2 48
166 1 5 48
166 1 6 54
166 1 9 48
166 1 10 55
166 1 11 54
166 8 0 54
166 8 1 58
166 8 2 52
166 8 3 52
166 8 6 58
166 8 8 52
166 8 9 59
166 8 10 58
166 10 0 48
166 10 2 52
166 10 4 46
166 10 5 46
166 10 6 52
166 10 7 46
166 10 8 53
166 10 11 52
167 2 0 86
167 2 1 78
167 2 2 78
167 2 4 84
167 2 7 78
167 2 9 78
167 2 10 73
167 2 11 78
167 3 0 86
167 3 3 78
167 3 4 78
167 3 6 84
167 3 7 78
167 3 8 78
167 3 9 73
167 3 11 78
167 9 0 90
167 9 1 82
167 9 3 82
167 9 5 88
167 9 6 82
167 9 8 82
167 9 10 77
167 9 11 82
167 13 1 72
167 13 3 69
167 13 4 71
167 13 6 76
167 13 7 72
167 13 8 83
167 13 10 83
167 13 11 74
168 0 0 18
168 0 2 20
168 0 3 20
168 0 5 19
168 0 6 19
168 0 7 19
168 0 10 21
168 0 11 22
168 1 0 17
168 1 1 16
168 1 2 16
168 1 5 18
168 1 6 17
168 1 9 19
168 1 10 19
168 1 11 17
168 2 0 17
168 2 1 16
168 2 2 16
168 2 4 18
168 2 7 17
168 2 9 19
168 2 10 19
168 2 11 17
168 11 0 17
168 11 1 16
168 11 2 16
168 11 4 18
168 11 7 17
168 11 8 19
168 11 9 19
168 11 10 17
168 12 0 17
168 12 1 16
168 12 2 16
168 12 5 18
168 12 7 17
168 12 8 19
168 12 9 19
168 12 11 17
169 0 0 20
169 0 2 18
169 0 3 18
169 0 5 18
169 0 6 18
169 0 7 18
169 0 10 19
169 0 11 18
169 5 0 18
169 5 1 17
169 5 3 17
169 5 5 19
169 5 7 18
169 5 8 20
169 5 10 20
169 5 11 18
169 6 0 18
169 6 1 17
169 6 4 17
169 6 5 19
169 6 7 18
169 6 8 20
169 6 9 20
169 6 10 18
169 8 0 18
169 8 1 17
169 8 2 17
169 8 3 19
169 8 6 18
169 8 8 20
169 8 9 20
169 8 10 18
169 13 1 18
169 13 3 17
169 13 4 17
169 13 6 19
169 13 7 18
169 13 8 20
169 13 10 20
169 13 11 18
170 2 0 36
170 2 1 34
170 2 2 35
170 2 4 38
170 2 7 36
170 2 9 41
170 2 10 41
170 2 11 37
170 3 0 41
170 3 3 42
170 3 4 42
170 3 6 39
170 3 7 42
170 3 8 42
170 3 9 37
170 3 11 42
170 7 0 41
170 7 1 42
170 7 4 42
170 7 6 39
170 7 7 42
170 7 8 42
170 7 9 37
170 7 11 42
170 8 0 39
170 8 1 41
170 8 2 41
170 8 3 45
170 8 6 45
170 8 8 45
170 8 9 42
170 8 10 43
170 9 0 39
170 9 1 41
170 9 3 41
170 9 5 45
170 9 6 45
170 9 8 45
170 9 10 42
170 9 11 43
171 2 0 66
171 2 1 68
171 2 2 66
171 2 4 70
171 2 7 68
171 2 9 70
171 2 10 67
171 2 11 60
171 6 0 68
171 6 1 70
171 6 4 68
171 6 5 72
171 6 7 70
171 6 8 72
171 6 9 69
171 6 10 62
171 9 0 66
171 9 1 68
171 9 3 66
171 9 5 70
171 9 6 68
171 9 8 70
171 9 10 67
171 9 11 60
172 5 0 92
172 5 1 84
172 5 3 94
172 5 5 98
172 5 7 88
172 5 8 98
172 5 10 85
172 5 11 96
172 8 0 89
172 8 1 81
172 8 2 81
172 8 3 87
172 8 6 81
172 8 8 81
172 8 9 76
172 8 10 81
172 10 0 89
172 10 2 81
172 10 4 81
172 10 5 87
172 10 6 81
172 10 7 81
172 10 8 76
172 10 11 81
173 0 0 65
173 0 2 67
173 0 3 65
173 0 5 69
173 0 6 67
173 0 7 69
173 0 10 66
173 0 11 59
173 1 0 67
173 1 1 69
173 1 2 67
173 1 5 71
173 1 6 69
173 1 9 71
173 1 10 68
173 1 11 61
173 12 0 65
173 12 1 67
173 12 2 65
173 12 5 69
173 12 7 67
173 12 8 69
173 12 9 66
173 12 11 59
174 4 0 70
174 4 1 67
174 4 2 69
174 4 3 74
174 4 4 70
174 4 8 81
174 4 10 81
174 4 11 72
174 8 0 67
174 8 1 64
174 8 2 66
174 8 3 71
174 8 6 67
174 8 8 78
174 8 9 78
174 8 10 69
174 10 0 69
174 10 2 66
174 10 4 68
174 10 5 73
174 10 6 69
174 10 7 80
174 10 8 80
174 10 11 71
174 11 0 74
174 11 1 71
174 11 2 73
174 11 4 78
174 11 7 74
174 11 8 85
174 11 9 85
174 11 10 76
174 13 1 70
174 13 3 67
174 13 4 69
174 13 6 74
174 13 7 70
174 13 8 81
174 13 10 81
174 13 11 72
175 8 0 63
175 8 1 65
175 8 2 63
175 8 3 67
175 8 6 65
175 8 8 67
175 8 9 64
175 8 10 57
175 10 0 67
175 10 2 69
175 10 4 67
175 10 5 71
175 10 6 69
175 10 7 71
175 10 8 68
175 10 11 61
175 14 0 62
175 14 1 64
175 14 2 62
175 14 5 66
175 14 6 64
175 14 7 66
175 14 8 63
175 14 9 56
176 6 0 93
176 6 1 85
176 6 4 95
176 6 5 99
176 6 7 89
176 6 8 99
176 6 9 86
176 6 10 97
176 7 0 90
176 7 1 82
176 7 4 82
176 7 6 88
176 7 7 82
176 7 8 82
176 7 9 77
176 7 11 82
176 12 0 90
176 12 1 82
176 12 2 82
176 12 5 88
176 12 7 82
176 12 8 82
176 12 9 77
176 12 11 82
176 13 1 91
176 13 3 83
176 13 4 93
176 13 6 97
176 13 7 87
176 13 8 97
176 13 10 84
176 13 11 95
177 6 0 63
177 6 1 65
177 6 4 63
177 6 5 67
177 6 7 65
177 6 8 67
177 6 9 64
177 6 10 57
177 7 0 65
177 7 1 67
177 7 4 65
177 7 6 69
177 7 7 67
177 7 8 69
177 7 9 66
177 7 11 59
177 14 0 63
177 14 1 65
177 14 2 63
177 14 5 67
177 14 6 65
177 14 7 67
177 14 8 64
177 14 9 57
178 2 0 23
178 2 1 21
178 2 2 21
178 2 4 21
178 2 7 21
178 2 9 21
178 2 10 22
178 2 11 21
178 5 0 21
178 5 1 19
178 5 3 19
178 5 5 19
178 5 7 19
178 5 8 19
178 5 10 20
178 5 11 19
178 7 0 21
178 7 1 19
178 7 4 19
178 7 6 19
178 7 7 19
178 7 8 19
178 7 9 20
178 7 11 19
178 11 0 21
178 11 1 19
178 11 2 19
178 11 4 19
178 11 7 19
178 11 8 19
178 11 9 20
178 11 10 19
178 12 0 21
178 12 1 19
178 12 2 19
178 12 5 19
178 12 7 19
178 12 8 19
178 12 9 20
178 12 11 19
179 1 0 24
179 1 1 22
179 1 2 22
179 1 5 22
179 1 6 22
179 1 9 22
179 1 10 23
179 1 11 22
179 2 0 22
179 2 1 20
179 2 2 20
179 2 4 20
179 2 7 20
179 2 9 20
179 2 10 21
179 2 11 20
179 3 0 22
179 3 3 20
179 3 4 20
179 3 6 20
179 3 7 20
179 3 8 20
179 3 9 21
179 3 11 20
179 9 0 22
179 9 1 20
179 9 3 20
179 9 5 20
179 9 6 20
179 9 8 20
179 9 10 21
179 9 11 20
179 12 0 22
179 12 1 20
179 12 2 20
179 12 5 20
179 12 7 20
179 12 8 20
179 12 9 21
179 12 11 20
180 0 0 69
180 0 2 71
180 0 3 69
180 0 5 73
180 0 6 71
180 0 7 73
180 0 10 70
180 0 11 63
180 2 0 66
180 2 1 68
180 2 2 66
180 2 4 70
180 2 7 68
180 2 9 70
180 2 10 67
180 2 11 60
180 3 0 68
180 3 3 70
180 3 4 68
180 3 6 72
180 3 7 70
180 3 8 72
180 3 9 69
180 3 11 62
180 14 0 68
180 14 1 65
180 14 2 67
180 14 5 72
180 14 6 68
180 14 7 79
180 14 8 79
180 14 9 70
181 0 0 36
181 0 2 38
181 0 3 38
181 0 5 42
181 0 6 42
181 0 7 42
181 0 10 39
181 0 11 40
181 10 0 38
181 10 2 40
181 10 4 40
181 10 5 44
181 10 6 44
181 10 7 44
181 10 8 41
181 10 11 42
181 12 0 38
181 12 1 40
181 12 2 40
181 12 5 44
181 12 7 44
181 12 8 44
181 12 9 41
181 12 11 42
182 0 0 18
182 0 2 20
182 0 3 20
182 0 5 19
182 0 6 19
182 0 7 19
182 0 10 21
182 0 11 22
182 3 0 17
182 3 3 16
182 3 4 16
182 3 6 18
182 3 7 17
182 3 8 19
182 3 9 19
182 3 11 17
182 4 0 17
182 4 1 16
182 4 2 16
182 4 3 18
182 4 4 17
182 4 8 19
182 4 10 19
182 4 11 17
182 9 0 17
182 9 1 16
182 9 3 16
182 9 5 18
182 9 6 17
182 9 8 19
182 9 10 19
182 9 11 17
183 0 0 35
183 0 2 33
183 0 3 34
183 0 5 37
183 0 6 35
183 0 7 40
183 0 10 40
183 0 11 36
183 7 0 37
183 7 1 35
183 7 4 36
183 7 6 39
183 7 7 37
183 7 8 42
183 7 9 42
183 7 11 38
183 8 0 37
183 8 1 35
183 8 2 36
183 8 3 39
183 8 6 37
183 8 8 42
183 8 9 42
183 8 10 38
183 9 0 38
183 9 1 40
183 9 3 40
183 9 5 44
183 9 6 44
183 9 8 44
183 9 10 41
183 9 11 42
183 13 1 38
183 13 3 40
183 13 4 40
183 13 6 44
183 13 7 44
183 13 8 44
183 13 10 41
183 13 11 42
184 6 0 39
184 6 1 41
184 6 4 41
184 6 5 45
184 6 7 45
184 6 8 45
184 6 9 42
184 6 10 43
184 7 0 41
184 7 1 43
184 7 4 43
184 7 6 47
184 7 7 47
184 7 8 47
184 7 9 44
184 7 11 45
184 10 0 41
184 10 2 43
184 10 4 43
184 10 5 47
184 10 6 47
184 10 7 47
184 10 8 44
184 10 11 45
185 6 0 91
185 6 1 83
185 6 4 93
185 6 5 97
185 6 7 87
185 6 8 97
185 6 9 84
185 6 10 95
185 7 0 88
185 7 1 80
185 7 4 80
185 7 6 86
185 7 7 80
185 7 8 80
185 7 9 75
185 7 11 80
185 9 0 88
185 9 1 80
185 9 3 80
185 9 5 86
185 9 6 80
185 9 8 80
185 9 10 75
185 9 11 80
185 12 0 94
185 12 1 86
185 12 2 86
185 12 5 92
185 12 7 86
185 12 8 86
185 12 9 81
185 12 11 86
186 3 0 91
186 3 3 83
186 3 4 93
186 3 6 97
186 3 7 87
186 3 8 97
186 3 9 84
186 3 11 95
186 5 0 88
186 5 1 80
186 5 3 80
186 5 5 86
186 5 7 80
186 5 8 80
186 5 10 75
186 5 11 80
186 6 0 88
186 6 1 80
186 6 4 80
186 6 5 86
186 6 7 80
186 6 8 80
186 6 9 75
186 6 10 80
187 1 0 68
187 1 1 65
187 1 2 67
187 1 5 72
187 1 6 68
187 1 9 79
187 1 10 79
187 1 11 70
187 4 0 70
187 4 1 72
187 4 2 70
187 4 3 74
187 4 4 72
187 4 8 74
187 4 10 71
187 4 11 64
187 6 0 67
187 6 1 64
187 6 4 66
187 6 5 71
187 6 7 67
187 6 8 78
187 6 9 78
187 6 10 69
187 8 0 72
187 8 1 69
187 8 2 71
187 8 3 76
187 8 6 72
187 8 8 83
187 8 9 83
187 8 10 74
188 0 0 48
188 0 2 54
188 0 3 54
188 0 5 47
188 0 6 48
188 0 7 50
188 0 10 54
188 0 11 54
188 2 0 50
188 2 1 54
188 2 2 48
188 2 4 48
188 2 7 54
188 2 9 48
188 2 10 55
188 2 11 54
188 8 0 43
188 8 1 45
188 8 2 45
188 8 3 49
188 8 6 49
188 8 8 49
188 8 9 46
188 8 10 47
188 10 0 43
188 10 2 45
188 10 4 45
188 10 5 49
188 10 6 49
188 10 7 49
188 10 8 46
188 10 11 47
189 3 0 48
189 3 3 52
189 3 4 46
189 3 6 46
189 3 7 52
189 3 8 46
189 3 9 53
189 3 11 52
189 8 0 52
189 8 1 56
189 8 2 50
189 8 3 50
189 8 6 56
189 8 8 50
189 8 9 57
189 8 10 56
189 9 0 48
189 9 1 54
189 9 3 54
189 9 5 47
189 9 6 48
189 9 8 50
189 9 10 54
189 9 11 54
189 10 0 48
189 10 2 54
189 10 4 54
189 10 5 47
189 10 6 48
189 10 7 50
189 10 8 54
189 10 11 54
190 1 0 69
190 1 1 71
190 1 2 69
190 1 5 73
190 1 6 71
190 1 9 73
190 1 10 70
190 1 11 63
190 3 0 68
190 3 3 75
190 3 4 75
190 3 6 69
190 3 7 69
190 3 8 69
190 3 9 76
190 3 11 72
190 7 0 69
190 7 1 71
190 7 4 69
190 7 6 73
190 7 7 71
190 7 8 73
190 7 9 70
190 7 11 63
190 8 0 68
190 8 1 65
190 8 2 67
190 8 3 72
190 8 6 68
190 8 8 79
190 8 9 79
190 8 10 70
190 10 0 68
190 10 2 75
190 10 4 75
190 10 5 69
190 10 6 69
190 10 7 69
190 10 8 76
190 10 11 72
191 3 0 30
191 3 3 28
191 3 4 29
191 3 6 32
191 3 7 30
191 3 8 35
191 3 9 35
191 3 11 31
191 4 0 28
191 4 1 30
191 4 2 28
191 4 3 32
191 4 4 30
191 4 8 32
191 4 10 29
191 4 11 29
191 5 0 29
191 5 1 27
191 5 3 28
191 5 5 31
191 5 7 29
191 5 8 34
191 5 10 34
191 5 11 30
191 8 0 32
191 8 1 30
191 8 2 31
191 8 3 34
191 8 6 32
191 8 8 37
191 8 9 37
191 8 10 33
192 2 0 50
192 2 1 54
192 2 2 48
192 2 4 48
192 2 7 54
192 2 9 48
192 2 10 55
192 2 11 54
192 4 0 54
192 4 1 58
192 4 2 52
192 4 3 52
192 4 4 58
192 4 8 52
192 4 10 59
192 4 11 58
192 7 0 48
192 7 1 52
192 7 4 46
192 7 6 46
192 7 7 52
192 7 8 46
192 7 9 53
192 7 11 52
192 10 0 48
192 10 2 52
192 10 4 46
192 10 5 46
192 10 6 52
192 10 7 46
192 10 8 53
192 10 11 52
193 9 0 27
193 9 1 25
193 9 3 25
193 9 5 25
193 9 6 25
193 9 8 25
193 9 10 26
193 9 11 25
193 11 0 25
193 11 1 23
193 11 2 23
193 11 4 23
193 11 7 23
193 11 8 23
193 11 9 24
193 11 10 23
193 13 1 25
193 13 3 23
193 13 4 23
193 13 6 23
193 13 7 23
193 13 8 23
193 13 10 24
193 13 11 23
194 0 0 17
194 0 2 16
194 0 3 16
194 0 5 18
194 0 6 17
194 0 7 19
194 0 10 19
194 0 11 17
194 5 0 16
194 5 1 15
194 5 3 15
194 5 5 17
194 5 7 16
194 5 8 18
194 5 10 18
194 5 11 16
194 8 0 16
194 8 1 15
194 8 2 15
194 8 3 17
194 8 6 16
194 8 8 18
194 8 9 18
194 8 10 16
194 9 0 18
194 9 1 17
194 9 3 17
194 9 5 19
194 9 6 18
194 9 8 20
194 9 10 20
194 9 11 18
194 14 0 17
194 14 1 16
194 14 2 16
194 14 5 18
194 14 6 17
194 14 7 19
194 14 8 19
194 14 9 17
195 0 0 36
195 0 2 34
195 0 3 35
195 0 5 38
195 0 6 36
195 0 7 41
195 0 10 41
195 0 11 37
195 1 0 41
195 1 1 42
195 1 2 42
195 1 5 39
195 1 6 42
195 1 9 42
195 1 10 37
195 1 11 42
195 2 0 41
195 2 1 42
195 2 2 42
195 2 4 39
195 2 7 42
195 2 9 42
195 2 10 37
195 2 11 42
195 8 0 39
195 8 1 41
195 8 2 41
195 8 3 45
195 8 6 45
195 8 8 45
195 8 9 42
195 8 10 43
196 2 0 12
196 2 1 11
196 2 2 11
196 2 4 13
196 2 7 12
196 2 9 14
196 2 10 14
196 2 11 12
196 9 0 11
196 9 1 10
196 9 3 10
196 9 5 12
196 9 6 11
196 9 8 13
196 9 10 13
196 9 11 11
196 10 0 11
196 10 2 10
196 10 4 10
196 10 5 12
196 10 6 11
196 10 7 13
196 10 8 13
196 10 11 11
197 4 0 42
197 4 1 44
197 4 2 44
197 4 3 48
197 4 4 48
197 4 8 48
197 4 10 45
197 4 11 46
197 10 0 47
197 10 2 51
197 10 4 45
197 10 5 45
197 10 6 51
197 10 7 45
197 10 8 52
197 10 11 51
197 11 0 40
197 11 1 42
197 11 2 42
197 11 4 46
197 11 7 46
197 11 8 46
197 11 9 43
197 11 10 44
197 12 0 40
197 12 1 42
197 12 2 42
197 12 5 46
197 12 7 46
197 12 8 46
197 12 9 43
197 12 11 44
198 0 0 48
198 0 2 54
198 0 3 54
198 0 5 47
198 0 6 48
198 0 7 50
198 0 10 54
198 0 11 54
198 3 0 50
198 3 3 54
198 3 4 48
198 3 6 48
198 3 7 54
198 3 8 48
198 3 9 55
198 3 11 54
198 5 0 43
198 5 1 45
198 5 3 45
198 5 5 49
198 5 7 49
198 5 8 49
198 5 10 46
198 5 11 47
198 6 0 43
198 6 1 45
198 6 4 45
198 6 5 49
198 6 7 49
198 6 8 49
198 6 9 46
198 6 10 47
198 9 0 50
198 9 1 54
198 9 3 48
198 9 5 48
198 9 6 54
198 9 8 48
198 9 10 55
198 9 11 54
199 0 0 69
199 0 2 66
199 0 3 68
199 0 5 73
199 0 6 69
199 0 7 80
199 0 10 80
199 0 11 71
199 5 0 68
199 5 1 75
199 5 3 75
199 5 5 69
199 5 7 69
199 5 8 69
199 5 10 76
199 5 11 72
199 7 0 68
199 7 1 65
199 7 4 67
199 7 6 72
199 7 7 68
199 7 8 79
199 7 9 79
199 7 11 70
199 10 0 73
199 10 2 70
199 10 4 72
199 10 5 77
199 10 6 73
199 10 7 84
199 10 8 84
199 10 11 75
200 0 0 68
200 0 2 70
200 0 3 68
200 0 5 72
200 0 6 70
200 0 7 72
200 0 10 69
200 0 11 62
200 1 0 70
200 1 1 72
200 1 2 70
200 1 5 74
200 1 6 72
200 1 9 74
200 1 10 71
200 1 11 64
200 4 0 68
200 4 1 70
200 4 2 68
200 4 3 72
200 4 4 70
200 4 8 72
200 4 10 69
200 4 11 62
200 6 0 67
200 6 1 64
200 6 4 66
200 6 5 71
200 6 7 67
200 6 8 78
200 6 9 78
200 6 10 69
201 1 0 22
201 1 1 20
201 1 2 20
201 1 5 20
201 1 6 20
201 1 9 20
201 1 10 21
201 1 11 20
201 5 0 20
201 5 1 18
201 5 3 18
201 5 5 18
201 5 7 18
201 5 8 18
201 5 10 19
201 5 11 18
201 11 0 20
201 11 1 18
201 11 2 18
201 11 4 18
201 11 7 18
201 11 8 18
201 11 9 19
201 11 10 18
201 13 1 20
201 13 3 18
201 13 4 18
201 13 6 18
201 13 7 18
201 13 8 18
201 13 10 19
201 13 11 18
201 14 0 20
201 14 1 18
201 14 2 18
201 14 5 18
201 14 6 18
201 14 7 18
201 14 8 19
201 14 9 18
202 2 0 91
202 2 1 83
202 2 2 83
202 2 4 89
202 2 7 83
202 2 9 83
202 2 10 78
202 2 11 83
202 4 0 74
202 4 1 71
202 4 2 73
202 4 3 78
202 4 4 74
202 4 8 85
202 4 10 85
202 4 11 76
202 11 0 74
202 11 1 71
202 11 2 73
202 11 4 78
202 11 7 74
202 11 8 85
202 11 9 85
202 11 10 76
203 5 0 43
203 5 1 45
203 5 3 45
203 5 5 49
203 5 7 49
203 5 8 49
203 5 10 46
203 5 11 47
203 8 0 50
203 8 1 54
203 8 2 48
203 8 3 48
203 8 6 54
203 8 8 48
203 8 9 55
203 8 10 54
203 10 0 50
203 10 2 54
203 10 4 48
203 10 5 48
203 10 6 54
203 10 7 48
203 10 8 55
203 10 11 54
204 0 0 43
204 0 2 45
204 0 3 45
204 0 5 49
204 0 6 49
204 0 7 49
204 0 10 46
204 0 11 47
204 5 0 50
204 5 1 54
204 5 3 48
204 5 5 48
204 5 7 54
204 5 8 48
204 5 10 55
204 5 11 54
204 7 0 50
204 7 1 54
204 7 4 48
204 7 6 48
204 7 7 54
204 7 8 48
204 7 9 55
204 7 11 54
204 10 0 42
204 10 2 44
204 10 4 44
204 10 5 48
204 10 6 48
204 10 7 48
204 10 8 45
204 10 11 46
204 13 1 43
204 13 3 45
204 13 4 45
204 13 6 49
204 13 7 49
204 13 8 49
204 13 10 46
204 13 11 47
205 2 0 99
205 2 1 91
205 2 2 101
205 2 4 105
205 2 7 95
205 2 9 105
205 2 10 92
205 2 11 103
205 5 0 91
205 5 1 83
205 5 3 93
205 5 5 97
205 5 7 87
205 5 8 97
205 5 10 84
205 5 11 95
205 9 0 104
205 9 1 110
205 9 3 110
205 9 5 92
205 9 6 104
205 9 8 106
205 9 10 99
205 9 11 110
206 1 0 96
206 1 1 88
206 1 2 98
206 1 5 102
206 1 6 92
206 1 9 102
206 1 10 89
206 1 11 100
206 11 0 93
206 11 1 85
206 11 2 85
206 11 4 91
206 11 7 85
206 11 8 85
206 11 9 80
206 11 10 85
206 12 0 98
206 12 1 90
206 12 2 100
206 12 5 104
206 12 7 94
206 12 8 104
206 12 9 91
206 12 11 102
207 2 0 37
207 2 1 39
207 2 2 39
207 2 4 43
207 2 7 43
207 2 9 43
207 2 10 40
207 2 11 41
207 6 0 39
207 6 1 41
207 6 4 41
207 6 5 45
207 6 7 45
207 6 8 45
207 6 9 42
207 6 10 43
207 12 0 39
207 12 1 41
207 12 2 41
207 12 5 45
207 12 7 45
207 12 8 45
207 12 9 42
207 12 11 43
208 4 0 43
208 4 1 45
208 4 2 45
208 4 3 49
208 4 4 49
208 4 8 49
208 4 10 46
208 4 11 47
208 8 0 48
208 8 1 52
208 8 2 46
208 8 3 46
208 8 6 52
208 8 8 46
208 8 9 53
208 8 10 52
208 12 0 41
208 12 1 43
208 12 2 43
208 12 5 47
208 12 7 47
208 12 8 47
208 12 9 44
208 12 11 45
209 1 0 16
209 1 1 15
209 1 2 15
209 1 5 17
209 1 6 16
209 1 9 18
209 1 10 18
209 1 11 16
209 2 0 15
209 2 1 14
209 2 2 14
209 2 4 16
209 2 7 15
209 2 9 17
209 2 10 17
209 2 11 15
209 5 0 15
209 5 1 14
209 5 3 14
209 5 5 16
209 5 7 15
209 5 8 17
209 5 10 17
209 5 11 15
210 2 0 41
210 2 1 42
210 2 2 42
210 2 4 39
210 2 7 42
210 2 9 42
210 2 10 37
210 2 11 42
210 8 0 37
210 8 1 39
210 8 2 39
210 8 3 43
210 8 6 43
210 8 8 43
210 8 9 40
210 8 10 41
210 11 0 37
210 11 1 39
210 11 2 39
210 11 4 43
210 11 7 43
210 11 8 43
210 11 9 40
210 11 10 41
211 5 0 10
211 5 1 9
211 5 3 9
211 5 5 11
211 5 7 10
211 5 8 12
211 5 10 12
211 5 11 10
211 6 0 11
211 6 1 9
211 6 4 9
211 6 5 9
211 6 7 9
211 6 8 9
211 6 9 10
211 6 10 9
211 10 0 11
211 10 2 9
211 10 4 9
211 10 5 9
211 10 6 9
211 10 7 9
211 10 8 10
211 10 11 9
211 11 0 11
211 11 1 10
211 11 2 10
211 11 4 12
211 11 7 11
211 11 8 13
211 11 9 13
211 11 10 11
211 13 1 10
211 13 3 9
211 13 4 9
211 13 6 11
211 13 7 10
211 13 8 12
211 13 10 12
211 13 11 10
212 0 0 36
212 0 2 34
212 0 3 35
212 0 5 38
212 0 6 36
212 0 7 41
212 0 10 41
212 0 11 37
212 4 0 41
212 4 1 42
212 4 2 42
212 4 3 39
212 4 4 42
212 4 8 42
212 4 10 37
212 4 11 42
212 6 0 41
212 6 1 42
212 6 4 42
212 6 5 39
212 6 7 42
212 6 8 42
212 6 9 37
212 6 10 42
212 9 0 39
212 9 1 41
212 9 3 41
212 9 5 45
212 9 6 45
212 9 8 45
212 9 10 42
212 9 11 43
213 1 0 14
213 1 1 13
213 1 2 13
213 1 5 15
213 1 6 14
213 1 9 16
213 1 10 16
213 1 11 14
213 9 0 13
213 9 1 12
213 9 3 12
213 9 5 14
213 9 6 13
213 9 8 15
213 9 10 15
213 9 11 13
213 10 0 13
213 10 2 12
213 10 4 12
213 10 5 14
213 10 6 13
213 10 7 15
213 10 8 15
213 10 11 13
213 11 0 15
213 11 1 14
213 11 2 14
213 11 4 16
213 11 7 15
213 11 8 17
213 11 9 17
213 11 10 15
214 3 0 35
214 3 3 33
214 3 4 34
214 3 6 37
214 3 7 35
214 3 8 40
214 3 9 40
214 3 11 36
214 8 0 33
214 8 1 31
214 8 2 32
214 8 3 35
214 8 6 33
214 8 8 38
214 8 9 38
214 8 10 34
214 14 0 34
214 14 1 32
214 14 2 33
214 14 5 36
214 14 6 34
214 14 7 39
214 14 8 39
214 14 9 35
215 7 0 93
215 7 1 85
215 7 4 95
215 7 6 99
215 7 7 89
215 7 8 99
215 7 9 86
215 7 11 97
215 11 0 90
215 11 1 82
215 11 2 82
215 11 4 88
215 11 7 82
215 11 8 82
215 11 9 77
215 11 10 82
215 12 0 95
215 12 1 87
215 12 2 97
215 12 5 101
215 12 7 91
215 12 8 101
215 12 9 88
215 12 11 99
216 2 0 13
216 2 1 12
216 2 2 12
216 2 4 14
216 2 7 13
216 2 9 15
216 2 10 15
216 2 11 13
216 4 0 12
216 4 1 11
216 4 2 11
216 4 3 13
216 4 4 12
216 4 8 14
216 4 10 14
216 4 11 12
216 13 1 12
216 13 3 11
216 13 4 11
216 13 6 13
216 13 7 12
216 13 8 14
216 13 10 14
216 13 11 12
217 2 0 37
217 2 1 39
217 2 2 39
217 2 4 43
217 2 7 43
217 2 9 43
217 2 10 40
217 2 11 41
217 6 0 39
217 6 1 41
217 6 4 41
217 6 5 45
217 6 7 45
217 6 8 45
217 6 9 42
217 6 10 43
217 8 0 39
217 8 1 41
217 8 2 41
217 8 3 45
217 8 6 45
217 8 8 45
217 8 9 42
217 8 10 43
218 1 0 28
218 1 1 30
218 1 2 28
218 1 5 32
218 1 6 30
218 1 9 32
218 1 10 29
218 1 11 29
218 10 0 27
218 10 2 25
218 10 4 25
218 10 5 25
218 10 6 25
218 10 7 25
218 10 8 26
218 10 11 25
218 11 0 28
218 11 1 26
218 11 2 26
218 11 4 26
218 11 7 26
218 11 8 26
218 11 9 27
218 11 10 26
218 14 0 30
218 14 1 28
218 14 2 29
218 14 5 32
218 14 6 30
218 14 7 35
218 14 8 35
218 14 9 31
219 0 0 22
219 0 2 20
219 0 3 20
219 0 5 20
219 0 6 20
219 0 7 20
219 0 10 21
219 0 11 20
219 8 0 20
219 8 1 18
219 8 2 18
219 8 3 18
219 8 6 18
219 8 8 18
219 8 9 19
219 8 10 18
219 14 0 20
219 14 1 18
219 14 2 18
219 14 5 18
219 14 6 18
219 14 7 18
219 14 8 19
219 14 9 18
220 6 0 94
220 6 1 86
220 6 4 96
220 6 5 100
220 6 7 90
220 6 8 100
220 6 9 87
220 6 10 98
220 8 0 91
220 8 1 83
220 8 2 83
220 8 3 89
220 8 6 83
220 8 8 83
220 8 9 78
220 8 10 83
220 12 0 91
220 12 1 83
220 12 2 83
220 12 5 89
220 12 7 83
220 12 8 83
220 12 9 78
220 12 11 83
221 6 0 12
221 6 1 11
221 6 4 11
221 6 5 13
221 6 7 12
221 6 8 14
221 6 9 14
221 6 10 12
221 13 1 11
221 13 3 10
221 13 4 10
221 13 6 12
221 13 7 11
221 13 8 13
221 13 10 13
221 13 11 11
221 14 0 11
221 14 1 10
221 14 2 10
221 14 5 12
221 14 6 11
221 14 7 13
221 14 8 13
221 14 9 11
222 0 0 28
222 0 2 26
222 0 3 26
222 0 5 26
222 0 6 26
222 0 7 26
222 0 10 27
222 0 11 26
222 3 0 26
222 3 3 24
222 3 4 24
222 3 6 24
222 3 7 24
222 3 8 24
222 3 9 25
222 3 11 24
222 10 0 27
222 10 2 25
222 10 4 25
222 10 5 25
222 10 6 25
222 10 7 25
222 10 8 26
222 10 11 25
222 13 1 29
222 13 3 27
222 13 4 28
222 13 6 31
222 13 7 29
222 13 8 34
222 13 10 34
222 13 11 30
223 1 0 12
223 1 1 11
223 1 2 11
223 1 5 13
223 1 6 12
223 1 9 14
223 1 10 14
223 1 11 12
223 3 0 11
223 3 3 10
223 3 4 10
223 3 6 12
223 3 7 11
223 3 8 13
223 3 9 13
223 3 11 11
223 5 0 11
223 5 1 10
223 5 3 10
223 5 5 12
223 5 7 11
223 5 8 13
223 5 10 13
223 5 11 11
223 6 0 13
223 6 1 12
223 6 4 12
223 6 5 14
223 6 7 13
223 6 8 15
223 6 9 15
223 6 10 13
223 8 0 12
223 8 1 11
223 8 2 11
223 8 3 13
223 8 6 12
223 8 8 14
223 8 9 14
223 8 10 12
224 2 0 11
224 2 1 10
224 2 2 10
224 2 4 12
224 2 7 11
224 2 9 13
224 2 10 13
224 2 11 11
224 11 0 10
224 11 1 9
224 11 2 9
224 11 4 11
224 11 7 10
224 11 8 12
224 11 9 12
224 11 10 10
224 12 0 10
224 12 1 9
224 12 2 9
224 12 5 11
224 12 7 10
224 12 8 12
224 12 9 12
224 12 11 10
225 9 0 16
225 9 1 15
225 9 3 15
225 9 5 17
225 9 6 16
225 9 8 18
225 9 10 18
225 9 11 16
225 12 0 15
225 12 1 14
225 12 2 14
225 12 5 16
225 12 7 15
225 12 8 17
225 12 9 17
225 12 11 15
225 13 1 15
225 13 3 14
225 13 4 14
225 13 6 16
225 13 7 15
225 13 8 17
225 13 10 17
225 13 11 15
225 14 0 17
225 14 1 16
225 14 2 16
225 14 5 18
225 14 6 17
225 14 7 19
225 14 8 19
225 14 9 17
226 1 0 47
226 1 1 51
226 1 2 45
226 1 5 45
226 1 6 51
226 1 9 45
226 1 10 52
226 1 11 51
226 6 0 51
226 6 1 55
226 6 4 49
226 6 5 49
226 6 7 55
226 6 8 49
226 6 9 56
226 6 10 55
226 7 0 44
226 7 1 46
226 7 4 46
226 7 6 50
226 7 7 50
226 7 8 50
226 7 9 47
226 7 11 48
226 11 0 44
226 11 1 46
226 11 2 46
226 11 4 50
226 11 7 50
226 11 8 50
226 11 9 47
226 11 10 48
226 12 0 51
226 12 1 55
226 12 2 49
226 12 5 49
226 12 7 55
226 12 8 49
226 12 9 56
226 12 11 55
227 2 0 93
227 2 1 85
227 2 2 85
227 2 4 91
227 2 7 85
227 2 9 85
227 2 10 80
227 2 11 85
227 3 0 81
227 3 3 81
227 3 4 85
227 3 6 76
227 3 7 82
227 3 8 81
227 3 9 88
227 3 11 88
227 8 0 81
227 8 1 81
227 8 2 85
227 8 3 76
227 8 6 82
227 8 8 81
227 8 9 88
227 8 10 88
227 9 0 91
227 9 1 83
227 9 3 83
227 9 5 89
227 9 6 83
227 9 8 83
227 9 10 78
227 9 11 83
228 1 0 68
228 1 1 70
228 1 2 68
228 1 5 72
228 1 6 70
228 1 9 72
228 1 10 69
228 1 11 62
228 2 0 65
228 2 1 67
228 2 2 65
228 2 4 69
228 2 7 67
228 2 9 69
228 2 10 66
228 2 11 59
228 7 0 67
228 7 1 69
228 7 4 67
228 7 6 71
228 7 7 69
228 7 8 71
228 7 9 68
228 7 11 61
228 11 0 67
228 11 1 64
228 11 2 66
228 11 4 71
228 11 7 67
228 11 8 78
228 11 9 78
228 11 10 69
228 12 0 68
228 12 1 70
228 12 2 68
228 12 5 72
228 12 7 70
228 12 8 72
228 12 9 69
228 12 11 62
229 10 0 27
229 10 2 25
229 10 4 25
229 10 5 25
229 10 6 25
229 10 7 25
229 10 8 26
229 10 11 25
229 13 1 28
229 13 3 30
229 13 4 28
229 13 6 32
229 13 7 30
229 13 8 32
229 13 10 29
229 13 11 29
229 14 0 27
229 14 1 25
229 14 2 25
229 14 5 25
229 14 6 25
229 14 7 25
229 14 8 26
229 14 9 25
230 0 0 14
230 0 2 13
230 0 3 13
230 0 5 15
230 0 6 14
230 0 7 16
230 0 10 16
230 0 11 14
230 1 0 13
230 1 1 12
230 1 2 12
230 1 5 14
230 1 6 13
230 1 9 15
230 1 10 15
230 1 11 13
230 4 0 13
230 4 1 12
230 4 2 12
230 4 3 14
230 4 4 13
230 4 8 15
230 4 10 15
230 4 11 13
230 11 0 15
230 11 1 14
230 11 2 14
230 11 4 16
230 11 7 15
230 11 8 17
230 11 9 17
230 11 10 15
230 13 1 14
230 13 3 13
230 13 4 13
230 13 6 15
230 13 7 14
230 13 8 16
230 13 10 16
230 13 11 14
231 5 0 20
231 5 1 18
231 5 3 18
231 5 5 18
231 5 7 18
231 5 8 18
231 5 10 19
231 5 11 18
231 6 0 18
231 6 1 17
231 6 4 17
231 6 5 19
231 6 7 18
231 6 8 20
231 6 9 20
231 6 10 18
231 8 0 18
231 8 1 17
231 8 2 17
231 8 3 19
231 8 6 18
231 8 8 20
231 8 9 20
231 8 10 18
231 11 0 18
231 11 1 17
231 11 2 17
231 11 4 19
231 11 7 18
231 11 8 20
231 11 9 20
231 11 10 18
231 14 0 18
231 14 1 17
231 14 2 17
231 14 5 19
231 14 6 18
231 14 7 20
231 14 8 20
231 14 9 18
232 4 0 17
232 4 1 16
232 4 2 16
232 4 3 18
232 4 4 17
232 4 8 19
232 4 10 19
232 4 11 17
232 5 0 18
232 5 1 20
232 5 3 20
232 5 5 19
232 5 7 19
232 5 8 19
232 5 10 21
232 5 11 22
232 11 0 18
232 11 1 20
232 11 2 20
232 11 4 19
232 11 7 19
232 11 8 19
232 11 9 21
232 11 10 22
233 3 0 31
233 3 3 29
233 3 4 30
233 3 6 33
233 3 7 31
233 3 8 36
233 3 9 36
233 3 11 32
233 5 0 29
233 5 1 27
233 5 3 28
233 5 5 31
233 5 7 29
233 5 8 34
233 5 10 34
233 5 11 30
233 8 0 30
233 8 1 28
233 8 2 29
233 8 3 32
233 8 6 30
233 8 8 35
233 8 9 35
233 8 10 31
233 11 0 33
233 11 1 31
233 11 2 32
233 11 4 35
233 11 7 33
233 11 8 38
233 11 9 38
233 11 10 34
233 14 0 31
233 14 1 29
233 14 2 30
233 14 5 33
233 14 6 31
233 14 7 36
233 14 8 36
233 14 9 32
234 6 0 68
234 6 1 70
234 6 4 68
234 6 5 72
234 6 7 70
234 6 8 72
234 6 9 69
234 6 10 62
234 7 0 65
234 7 1 67
234 7 4 65
234 7 6 69
234 7 7 67
234 7 8 69
234 7 9 66
234 7 11 59
234 9 0 67
234 9 1 69
234 9 3 67
234 9 5 71
234 9 6 69
234 9 8 71
234 9 10 68
234 9 11 61
234 12 0 67
234 12 1 64
234 12 2 66
234 12 5 71
234 12 7 67
234 12 8 78
234 12 9 78
234 12 11 69
234 14 0 68
234 14 1 70
234 14 2 68
234 14 5 72
234 14 6 70
234 14 7 72
234 14 8 69
234 14 9 62
235 0 0 67
235 0 2 64
235 0 3 66
235 0 5 71
235 0 6 67
235 0 7 78
235 0 10 78
235 0 11 69
235 1 0 69
235 1 1 71
235 1 2 69
235 1 5 73
235 1 6 71
235 1 9 73
235 1 10 70
235 1 11 63
235 5 0 68
235 5 1 75
235 5 3 75
235 5 5 69
235 5 7 69
235 5 8 69
235 5 10 76
235 5 11 72
236 1 0 68
236 1 1 70
236 1 2 68
236 1 5 72
236 1 6 70
236 1 9 72
236 1 10 69
236 1 11 62
236 5 0 70
236 5 1 72
236 5 3 70
236 5 5 74
236 5 7 72
236 5 8 74
236 5 10 71
236 5 11 64
236 6 0 68
236 6 1 70
236 6 4 68
236 6 5 72
236 6 7 70
236 6 8 72
236 6 9 69
236 6 10 62
236 10 0 67
236 10 2 64
236 10 4 66
236 10 5 71
236 10 6 67
236 10 7 78
236 10 8 78
236 10 11 69
236 11 0 70
236 11 1 72
236 11 2 70
236 11 4 74
236 11 7 72
236 11 8 74
236 11 9 71
236 11 10 64
237 2 0 92
237 2 1 84
237 2 2 94
237 2 4 98
237 2 7 88
237 2 9 98
237 2 10 85
237 2 11 96
237 3 0 89
237 3 3 81
237 3 4 81
237 3 6 87
237 3 7 81
237 3 8 81
237 3 9 76
237 3 11 81
237 6 0 94
237 6 1 86
237 6 4 96
237 6 5 100
237 6 7 90
237 6 8 100
237 6 9 87
237 6 10 98
237 10 0 98
237 10 2 90
237 10 4 100
237 10 5 104
237 10 6 94
237 10 7 104
237 10 8 91
237 10 11 102
238 1 0 18
238 1 1 20
238 1 2 20
238 1 5 19
238 1 6 19
238 1 9 19
238 1 10 21
238 1 11 22
238 4 0 17
238 4 1 16
238 4 2 16
238 4 3 18
238 4 4 17
238 4 8 19
238 4 10 19
238 4 11 17
238 6 0 17
238 6 1 16
238 6 4 16
238 6 5 18
238 6 7 17
238 6 8 19
238 6 9 19
238 6 10 17
238 8 0 17
238 8 1 16
238 8 2 16
238 8 3 18
238 8 6 17
238 8 8 19
238 8 9 19
238 8 10 17
238 14 0 17
238 14 1 16
238 14 2 16
238 14 5 18
238 14 6 17
238 14 7 19
238 14 8 19
238 14 9 17
239 0 0 27
239 0 2 25
239 0 3 25
239 0 5 25
239 0 6 25
239 0 7 25
239 0 10 26
239 0 11 25
239 7 0 25
239 7 1 23
239 7 4 23
239 7 6 23
239 7 7 23
239 7 8 23
239 7 9 24
239 7 11 23
239 14 0 25
239 14 1 23
239 14 2 23
239 14 5 23
239 14 6 23
239 14 7 23
239 14 8 24
239 14 9 23
240 2 0 39
240 2 1 41
240 2 2 41
240 2 4 45
240 2 7 45
240 2 9 45
240 2 10 42
240 2 11 43
240 3 0 41
240 3 3 43
240 3 4 43
240 3 6 47
240 3 7 47
240 3 8 47
240 3 9 44
240 3 11 45
240 7 0 41
240 7 1 43
240 7 4 43
240 7 6 47
240 7 7 47
240 7 8 47
240 7 9 44
240 7 11 45
240 8 0 48
240 8 1 54
240 8 2 54
240 8 3 47
240 8 6 48
240 8 8 50
240 8 9 54
240 8 10 54
240 9 0 48
240 9 1 54
240 9 3 54
240 9 5 47
240 9 6 48
240 9 8 50
240 9 10 54
240 9 11 54
241 9 0 68
241 9 1 75
241 9 3 75
241 9 5 69
241 9 6 69
241 9 8 69
241 9 10 76
241 9 11 72
241 11 0 68
241 11 1 70
241 11 2 68
241 11 4 72
241 11 7 70
241 11 8 72
241 11 9 69
241 11 10 62
241 12 0 70
241 12 1 72
241 12 2 70
241 12 5 74
241 12 7 72
241 12 8 74
241 12 9 71
241 12 11 64
242 3 0 63
242 3 3 65
242 3 4 63
242 3 6 67
242 3 7 65
242 3 8 67
242 3 9 64
242 3 11 57
242 7 0 67
242 7 1 69
242 7 4 67
242 7 6 71
242 7 7 69
242 7 8 71
242 7 9 68
242 7 11 61
242 12 0 62
242 12 1 64
242 12 2 62
242 12 5 66
242 12 7 64
242 12 8 66
242 12 9 63
242 12 11 56
242 14 0 52
242 14 1 56
242 14 2 50
242 14 5 50
242 14 6 56
242 14 7 50
242 14 8 57
242 14 9 56
243 1 0 96
243 1 1 88
243 1 2 98
243 1 5 102
243 1 6 92
243 1 9 102
243 1 10 89
243 1 11 100
243 3 0 93
243 3 3 85
243 3 4 85
243 3 6 91
243 3 7 85
243 3 8 85
243 3 9 80
243 3 11 85
243 9 0 98
243 9 1 90
243 9 3 100
243 9 5 104
243 9 6 94
243 9 8 104
243 9 10 91
243 9 11 102
243 14 0 105
243 14 1 111
243 14 2 111
243 14 5 93
243 14 6 105
243 14 7 107
243 14 8 100
243 14 9 111
244 0 0 48
244 0 2 54
244 0 3 54
244 0 5 47
244 0 6 48
244 0 7 50
244 0 10 54
244 0 11 54
244 7 0 50
244 7 1 54
244 7 4 48
244 7 6 48
244 7 7 54
244 7 8 48
244 7 9 55
244 7 11 54
244 8 0 43
244 8 1 45
244 8 2 45
244 8 3 49
244 8 6 49
244 8 8 49
244 8 9 46
244 8 10 47
244 10 0 43
244 10 2 45
244 10 4 45
244 10 5 49
244 10 6 49
244 10 7 49
244 10 8 46
244 10 11 47
244 12 0 50
244 12 1 54
244 12 2 48
244 12 5 48
244 12 7 54
244 12 8 48
244 12 9 55
244 12 11 54
245 0 0 23
245 0 2 21
245 0 3 21
245 0 5 21
245 0 6 21
245 0 7 21
245 0 10 22
245 0 11 21
245 8 0 21
245 8 1 19
245 8 2 19
245 8 3 19
245 8 6 19
245 8 8 19
245 8 9 20
245 8 10 19
245 9 0 21
245 9 1 19
245 9 3 19
245 9 5 19
245 9 6 19
245 9 8 19
245 9 10 20
245 9 11 19
245 10 0 21
245 10 2 19
245 10 4 19
245 10 5 19
245 10 6 19
245 10 7 19
245 10 8 20
245 10 11 19
245 14 0 21
245 14 1 19
245 14 2 19
245 14 5 19
245 14 6 19
245 14 7 19
245 14 8 20
245 14 9 19
246 0 0 29
246 0 2 27
246 0 3 28
246 0 5 31
246 0 6 29
246 0 7 34
246 0 10 34
246 0 11 30
246 1 0 28
246 1 1 26
246 1 2 26
246 1 5 26
246 1 6 26
246 1 9 26
246 1 10 27
246 1 11 26
246 4 0 28
246 4 1 30
246 4 2 28
246 4 3 32
246 4 4 30
246 4 8 32
246 4 10 29
246 4 11 29
246 10 0 31
246 10 2 29
246 10 4 30
246 10 5 33
246 10 6 31
246 10 7 36
246 10 8 36
246 10 11 32
247 8 0 20
247 8 1 18
247 8 2 18
247 8 3 18
247 8 6 18
247 8 8 18
247 8 9 19
247 8 10 18
247 12 0 18
247 12 1 17
247 12 2 17
247 12 5 19
247 12 7 18
247 12 8 20
247 12 9 20
247 12 11 18
247 14 0 18
247 14 1 17
247 14 2 17
247 14 5 19
247 14 6 18
247 14 7 20
247 14 8 20
247 14 9 18
248 3 0 69
248 3 3 71
248 3 4 69
248 3 6 73
248 3 7 71
248 3 8 73
248 3 9 70
248 3 11 63
248 6 0 68
248 6 1 75
248 6 4 75
248 6 5 69
248 6 7 69
248 6 8 69
248 6 9 76
248 6 10 72
248 10 0 69
248 10 2 71
248 10 4 69
248 10 5 73
248 10 6 71
248 10 7 73
248 10 8 70
248 10 11 63
249 2 0 16
249 2 1 15
249 2 2 15
249 2 4 17
249 2 7 16
249 2 9 18
249 2 10 18
249 2 11 16
249 8 0 15
249 8 1 14
249 8 2 14
249 8 3 16
249 8 6 15
249 8 8 17
249 8 9 17
249 8 10 15
249 9 0 15
249 9 1 14
249 9 3 14
249 9 5 16
249 9 6 15
249 9 8 17
249 9 10 17
249 9 11 15
249 13 1 17
249 13 3 16
249 13 4 16
249 13 6 18
249 13 7 17
249 13 8 19
249 13 10 19
249 13 11 17
250 0 0 34
250 0 2 32
250 0 3 33
250 0 5 36
250 0 6 34
250 0 7 39
250 0 10 39
250 0 11 35
250 5 0 32
250 5 1 30
250 5 3 31
250 5 5 34
250 5 7 32
250 5 8 37
250 5 10 37
250 5 11 33
250 6 0 33
250 6 1 31
250 6 4 32
250 6 5 35
250 6 7 33
250 6 8 38
250 6 9 38
250 6 10 34
250 13 1 36
250 13 3 34
250 13 4 35
250 13 6 38
250 13 7 36
250 13 8 41
250 13 10 41
250 13 11 37
251 0 0 94
251 0 2 86
251 0 3 96
251 0 5 100
251 0 6 90
251 0 7 100
251 0 10 87
251 0 11 98
251 6 0 91
251 6 1 83
251 6 4 83
251 6 5 89
251 6 7 83
251 6 8 83
251 6 9 78
251 6 10 83
251 7 0 96
251 7 1 88
251 7 4 98
251 7 6 102
251 7 7 92
251 7 8 102
251 7 9 89
251 7 11 100
252 3 0 12
252 3 3 11
252 3 4 11
252 3 6 13
252 3 7 12
252 3 8 14
252 3 9 14
252 3 11 12
252 10 0 11
252 10 2 10
252 10 4 10
252 10 5 12
252 10 6 11
252 10 7 13
252 10 8 13
252 10 11 11
252 13 1 11
252 13 3 10
252 13 4 10
252 13 6 12
252 13 7 11
252 13 8 13
252 13 10 13
252 13 11 11
253 2 0 10
253 2 1 9
253 2 2 9
253 2 4 11
253 2 7 10
253 2 9 12
253 2 10 12
253 2 11 10
253 4 0 8
253 4 1 8
253 4 2 8
253 4 3 9
253 4 4 8
253 4 8 9
253 4 10 9
253 4 11 8
253 7 0 8
253 7 1 8
253 7 4 8
253 7 6 9
253 7 7 8
253 7 8 9
253 7 9 9
253 7 11 8
253 11 0 8
253 11 1 8
253 11 2 8
253 11 4 9
253 11 7 8
253 11 8 9
253 11 9 9
253 11 10 8
254 0 0 17
254 0 2 16
254 0 3 16
254 0 5 18
254 0 6 17
254 0 7 19
254 0 10 19
254 0 11 17
254 1 0 16
254 1 1 15
254 1 2 15
254 1 5 17
254 1 6 16
254 1 9 18
254 1 10 18
254 1 11 16
254 11 0 16
254 11 1 15
254 11 2 15
254 11 4 17
254 11 7 16
254 11 8 18
254 11 9 18
254 11 10 16
254 13 1 18
254 13 3 17
254 13 4 17
254 13 6 19
254 13 7 18
254 13 8 20
254 13 10 20
254 13 11 18
255 4 0 28
255 4 1 26
255 4 2 26
255 4 3 26
255 4 4 26
255 4 8 26
255 4 10 27
255 4 11 26
255 8 0 26
255 8 1 24
255 8 2 24
255 8 3 24
255 8 6 24
255 8 8 24
255 8 9 25
255 8 10 24
255 12 0 27
255 12 1 25
255 12 2 25
255 12 5 25
255 12 7 25
255 12 8 25
255 12 9 26
255 12 11 25
256 5 0 43
256 5 1 45
256 5 3 45
256 5 5 49
256 5 7 49
256 5 8 49
256 5 10 46
256 5 11 47
256 10 0 50
256 10 2 54
256 10 4 48
256 10 5 48
256 10 6 54
256 10 7 48
256 10 8 55
256 10 11 54
256 11 0 50
256 11 1 54
256 11 2 48
256 11 4 48
256 11 7 54
256 11 8 48
256 11 9 55
256 11 10 54
256 13 1 42
256 13 3 44
256 13 4 44
256 13 6 48
256 13 7 48
256 13 8 48
256 13 10 45
256 13 11 46
257 0 0 31
257 0 2 29
257 0 3 30
257 0 5 33
257 0 6 31
257 0 7 36
257 0 10 36
257 0 11 32
257 5 0 29
257 5 1 27
257 5 3 28
257 5 5 31
257 5 7 29
257 5 8 34
257 5 10 34
257 5 11 30
257 6 0 30
257 6 1 28
257 6 4 29
257 6 5 32
257 6 7 30
257 6 8 35
257 6 9 35
257 6 10 31
257 7 0 33
257 7 1 31
257 7 4 32
257 7 6 35
257 7 7 33
257 7 8 38
257 7 9 38
257 7 11 34
258 1 0 30
258 1 1 28
258 1 2 29
258 1 5 32
258 1 6 30
258 1 9 35
258 1 10 35
258 1 11 31
258 5 0 28
258 5 1 30
258 5 3 28
258 5 5 32
258 5 7 30
258 5 8 32
258 5 10 29
258 5 11 29
258 8 0 29
258 8 1 27
258 8 2 28
258 8 3 31
258 8 6 29
258 8 8 34
258 8 9 34
258 8 10 30
259 3 0 37
259 3 3 39
259 3 4 39
259 3 6 43
259 3 7 43
259 3 8 43
259 3 9 40
259 3 11 41
259 8 0 39
259 8 1 41
259 8 2 41
259 8 3 45
259 8 6 45
259 8 8 45
259 8 9 42
259 8 10 43
259 9 0 39
259 9 1 41
259 9 3 41
259 9 5 45
259 9 6 45
259 9 8 45
259 9 10 42
259 9 11 43
259 13 1 43
259 13 3 45
259 13 4 45
259 13 6 49
259 13 7 49
259 13 8 49
259 13 10 46
259 13 11 47
260 3 0 94
260 3 3 86
260 3 4 96
260 3 6 100
260 3 7 90
260 3 8 100
260 3 9 87
260 3 11 98
260 4 0 91
260 4 1 83
260 4 2 83
260 4 3 89
260 4 4 83
260 4 8 83
260 4 10 78
260 4 11 83
260 5 0 91
260 5 1 83
260 5 3 83
260 5 5 89
260 5 7 83
260 5 8 83
260 5 10 78
260 5 11 83
260 11 0 92
260 11 1 84
260 11 2 94
260 11 4 98
260 11 7 88
260 11 8 98
260 11 9 85
260 11 10 96
260 12 0 91
260 12 1 83
260 12 2 83
260 12 5 89
260 12 7 83
260 12 8 83
260 12 9 78
260 12 11 83
261 1 0 51
261 1 1 55
261 1 2 49
261 1 5 49
261 1 6 55
261 1 9 49
261 1 10 56
261 1 11 55
261 12 0 55
261 12 1 59
261 12 2 53
261 12 5 53
261 12 7 59
261 12 8 53
261 12 9 60
261 12 11 59
261 13 1 49
261 13 3 53
261 13 4 47
261 13 6 47
261 13 7 53
261 13 8 47
261 13 10 54
261 13 11 53
261 14 0 49
261 14 1 53
261 14 2 47
261 14 5 47
261 14 6 53
261 14 7 47
261 14 8 54
261 14 9 53
262 3 0 92
262 3 3 84
262 3 4 94
262 3 6 98
262 3 7 88
262 3 8 98
262 3 9 85
262 3 11 96
262 4 0 89
262 4 1 81
262 4 2 81
262 4 3 87
262 4 4 81
262 4 8 81
262 4 10 76
262 4 11 81
262 8 0 94
262 8 1 86
262 8 2 96
262 8 3 100
262 8 6 90
262 8 8 100
262 8 9 87
262 8 10 98
262 9 0 98
262 9 1 90
262 9 3 100
262 9 5 104
262 9 6 94
262 9 8 104
262 9 10 91
262 9 11 102
262 13 1 93
262 13 3 85
262 13 4 85
262 13 6 91
262 13 7 85
262 13 8 85
262 13 10 80
262 13 11 85
263 2 0 89
263 2 1 91
263 2 2 96
263 2 4 99
263 2 7 93
263 2 9 85
263 2 10 85
263 2 11 81
263 4 0 87
263 4 1 79
263 4 2 79
263 4 3 85
263 4 4 79
263 4 8 79
263 4 10 74
263 4 11 79
263 6 0 87
263 6 1 79
263 6 4 79
263 6 5 85
263 6 7 79
263 6 8 79
263 6 9 74
263 6 10 79
264 2 0 41
264 2 1 42
264 2 2 42
264 2 4 39
264 2 7 42
264 2 9 42
264 2 10 37
264 2 11 42
264 5 0 37
264 5 1 39
264 5 3 39
264 5 5 43
264 5 7 43
264 5 8 43
264 5 10 40
264 5 11 41
264 8 0 37
264 8 1 39
264 8 2 39
264 8 3 43
264 8 6 43
264 8 8 43
264 8 9 40
264 8 10 41
264 11 0 41
264 11 1 43
264 11 2 43
264 11 4 47
264 11 7 47
264 11 8 47
264 11 9 44
264 11 10 45
264 12 0 41
264 12 1 43
264 12 2 43
264 12 5 47
264 12 7 47
264 12 8 47
264 12 9 44
264 12 11 45
265 6 0 98
265 6 1 90
265 6 4 100
265 6 5 104
265 6 7 94
265 6 8 104
265 6 9 91
265 6 10 102
265 9 0 89
265 9 1 91
265 9 3 96
265 9 5 99
265 9 6 93
265 9 8 85
265 9 10 85
265 9 11 81
265 13 1 98
265 13 3 93
265 13 4 105
265 13 6 102
265 13 7 93
265 13 8 102
265 13 10 106
265 13 11 99
265 14 0 107
265 14 1 113
265 14 2 113
265 14 5 95
265 14 6 107
265 14 7 109
265 14 8 102
265 14 9 113
266 2 0 27
266 2 1 25
266 2 2 25
266 2 4 25
266 2 7 25
266 2 9 25
266 2 10 26
266 2 11 25
266 3 0 28
266 3 3 30
266 3 4 28
266 3 6 32
266 3 7 30
266 3 8 32
266 3 9 29
266 3 11 29
266 4 0 27
266 4 1 25
266 4 2 25
266 4 3 25
266 4 4 25
266 4 8 25
266 4 10 26
266 4 11 25
266 9 0 30
266 9 1 28
266 9 3 29
266 9 5 32
266 9 6 30
266 9 8 35
266 9 10 35
266 9 11 31
267 1 0 94
267 1 1 86
267 1 2 86
267 1 5 92
267 1 6 86
267 1 9 86
267 1 10 81
267 1 11 86
267 10 0 91
267 10 2 83
267 10 4 93
267 10 5 97
267 10 6 87
267 10 7 97
267 10 8 84
267 10 11 95
267 11 0 96
267 11 1 88
267 11 2 98
267 11 4 102
267 11 7 92
267 11 8 102
267 11 9 89
267 11 10 100
267 12 0 99
267 12 1 91
267 12 2 101
267 12 5 105
267 12 7 95
267 12 8 105
267 12 9 92
267 12 11 103
267 14 0 93
267 14 1 85
267 14 2 95
267 14 5 99
267 14 6 89
267 14 7 99
267 14 8 86
267 14 9 97
268 0 0 99
268 0 2 91
268 0 3 101
268 0 5 105
268 0 6 95
268 0 7 105
268 0 10 92
268 0 11 103
268 4 0 91
268 4 1 83
268 4 2 93
268 4 3 97
268 4 4 87
268 4 8 97
268 4 10 84
268 4 11 95
268 11 0 104
268 11 1 110
268 11 2 110
268 11 4 92
268 11 7 104
268 11 8 106
268 11 9 99
268 11 10 110
269 0 0 26
269 0 2 24
269 0 3 24
269 0 5 24
269 0 6 24
269 0 7 24
269 0 10 25
269 0 11 24
269 1 0 24
269 1 1 22
269 1 2 22
269 1 5 22
269 1 6 22
269 1 9 22
269 1 10 23
269 1 11 22
269 8 0 24
269 8 1 22
269 8 2 22
269 8 3 22
269 8 6 22
269 8 8 22
269 8 9 23
269 8 10 22
270 0 0 69
270 0 2 66
270 0 3 68
270 0 5 73
270 0 6 69
270 0 7 80
270 0 10 80
270 0 11 71
270 4 0 68
270 4 1 75
270 4 2 75
270 4 3 69
270 4 4 69
270 4 8 69
270 4 10 76
270 4 11 72
270 9 0 68
270 9 1 65
270 9 3 67
270 9 5 72
270 9 6 68
270 9 8 79
270 9 10 79
270 9 11 70
270 10 0 73
270 10 2 70
270 10 4 72
270 10 5 77
270 10 6 73
270 10 7 84
270 10 8 84
270 10 11 75
271 2 0 66
271 2 1 68
271 2 2 66
271 2 4 70
271 2 7 68
271 2 9 70
271 2 10 67
271 2 11 60
271 4 0 68
271 4 1 70
271 4 2 68
271 4 3 72
271 4 4 70
271 4 8 72
271 4 10 69
271 4 11 62
271 5 0 66
271 5 1 68
271 5 3 66
271 5 5 70
271 5 7 68
271 5 8 70
271 5 10 67
271 5 11 60
271 10 0 70
271 10 2 72
271 10 4 70
271 10 5 74
271 10 6 72
271 10 7 74
271 10 8 71
271 10 11 64
271 11 0 68
271 11 1 70
271 11 2 68
271 11 4 72
271 11 7 70
271 11 8 72
271 11 9 69
271 11 10 62
272 1 0 67
272 1 1 64
272 1 2 66
272 1 5 71
272 1 6 67
272 1 9 78
272 1 10 78
272 1 11 69
272 3 0 69
272 3 3 71
272 3 4 69
272 3 6 73
272 3 7 71
272 3 8 73
272 3 9 70
272 3 11 63
272 4 0 68
272 4 1 75
272 4 2 75
272 4 3 69
272 4 4 69
272 4 8 69
272 4 10 76
272 4 11 72
272 7 0 71
272 7 1 68
272 7 4 70
272 7 6 75
272 7 7 71
272 7 8 82
272 7 9 82
272 7 11 73
272 11 0 67
272 11 1 64
272 11 2 66
272 11 4 71
272 11 7 67
272 11 8 78
272 11 9 78
272 11 10 69
273 0 0 94
273 0 2 86
273 0 3 96
273 0 5 100
273 0 6 90
273 0 7 100
273 0 10 87
273 0 11 98
273 5 0 91
273 5 1 83
273 5 3 83
273 5 5 89
273 5 7 83
273 5 8 83
273 5 10 78
273 5 11 83
273 11 0 91
273 11 1 83
273 11 2 83
273 11 4 89
273 11 7 83
273 11 8 83
273 11 9 78
273 11 10 83
274 1 0 17
274 1 1 16
274 1 2 16
274 1 5 18
274 1 6 17
274 1 9 19
274 1 10 19
274 1 11 17
274 5 0 18
274 5 1 20
274 5 3 20
274 5 5 19
274 5 7 19
274 5 8 19
274 5 10 21
274 5 11 22
274 8 0 18
274 8 1 20
274 8 2 20
274 8 3 19
274 8 6 19
274 8 8 19
274 8 9 21
274 8 10 22
274 9 0 18
274 9 1 17
274 9 3 17
274 9 5 19
274 9 6 18
274 9 8 20
274 9 10 20
274 9 11 18
275 0 0 25
275 0 2 23
275 0 3 23
275 0 5 23
275 0 6 23
275 0 7 23
275 0 10 24
275 0 11 23
275 5 0 23
275 5 1 21
275 5 3 21
275 5 5 21
275 5 7 21
275 5 8 21
275 5 10 22
275 5 11 21
275 10 0 23
275 10 2 21
275 10 4 21
275 10 5 21
275 10 6 21
275 10 7 21
275 10 8 22
275 10 11 21
276 5 0 94
276 5 1 86
276 5 3 96
276 5 5 100
276 5 7 90
276 5 8 100
276 5 10 87
276 5 11 98
276 12 0 91
276 12 1 83
276 12 2 83
276 12 5 89
276 12 7 83
276 12 8 83
276 12 9 78
276 12 11 83
276 14 0 91
276 14 1 83
276 14 2 83
276 14 5 89
276 14 6 83
276 14 7 83
276 14 8 78
276 14 9 83
277 6 0 51
277 6 1 55
277 6 4 49
277 6 5 49
277 6 7 55
277 6 8 49
277 6 9 56
277 6 10 55
277 10 0 55
277 10 2 59
277 10 4 53
277 10 5 53
277 10 6 59
277 10 7 53
277 10 8 60
277 10 11 59
277 11 0 49
277 11 1 53
277 11 2 47
277 11 4 47
277 11 7 53
277 11 8 47
277 11 9 54
277 11 10 53
278 3 0 93
278 3 3 85
278 3 4 85
278 3 6 91
278 3 7 85
278 3 8 85
278 3 9 80
278 3 11 85
278 4 0 81
278 4 1 81
278 4 2 85
278 4 3 76
278 4 4 82
278 4 8 81
278 4 10 88
278 4 11 88
278 11 0 81
278 11 1 81
278 11 2 85
278 11 4 76
278 11 7 82
278 11 8 81
278 11 9 88
278 11 10 88
278 12 0 91
278 12 1 83
278 12 2 83
278 12 5 89
278 12 7 83
278 12 8 83
278 12 9 78
278 12 11 83
279 1 0 68
279 1 1 65
279 1 2 67
279 1 5 72
279 1 6 68
279 1 9 79
279 1 10 79
279 1 11 70
279 5 0 70
279 5 1 72
279 5 3 70
279 5 5 74
279 5 7 72
279 5 8 74
279 5 10 71
279 5 11 64
279 8 0 67
279 8 1 64
279 8 2 66
279 8 3 71
279 8 6 67
279 8 8 78
279 8 9 78
279 8 10 69
279 9 0 72
279 9 1 69
279 9 3 71
279 9 5 76
279 9 6 72
279 9 8 83
279 9 10 83
279 9 11 74
279 11 0 68
279 11 1 65
279 11 2 67
279 11 4 72
279 11 7 68
279 11 8 79
279 11 9 79
279 11 10 70
280 1 0 35
280 1 1 33
280 1 2 34
280 1 5 37
280 1 6 35
280 1 9 40
280 1 10 40
280 1 11 36
280 2 0 33
280 2 1 31
280 2 2 32
280 2 4 35
280 2 7 33
280 2 9 38
280 2 10 38
280 2 11 34
280 3 0 34
280 3 3 32
280 3 4 33
280 3 6 36
280 3 7 34
280 3 8 39
280 3 9 39
280 3 11 35
280 11 0 37
280 11 1 35
280 11 2 36
280 11 4 39
280 11 7 37
280 11 8 42
280 11 9 42
280 11 10 38
280 12 0 35
280 12 1 33
280 12 2 34
280 12 5 37
280 12 7 35
280 12 8 40
280 12 9 40
280 12 11 36
281 4 0 36
281 4 1 38
281 4 2 38
281 4 3 42
281 4 4 42
281 4 8 42
281 4 10 39
281 4 11 40
281 6 0 38
281 6 1 40
281 6 4 40
281 6 5 44
281 6 7 44
281 6 8 44
281 6 9 41
281 6 10 42
281 11 0 38
281 11 1 40
281 11 2 40
281 11 4 44
281 11 7 44
281 11 8 44
281 11 9 41
281 11 10 42
282 0 0 49
282 0 2 53
282 0 3 47
282 0 5 47
282 0 6 53
282 0 7 47
282 0 10 54
282 0 11 53
282 3 0 53
282 3 3 57
282 3 4 51
282 3 6 51
282 3 7 57
282 3 8 51
282 3 9 58
282 3 11 57
282 5 0 47
282 5 1 51
282 5 3 45
282 5 5 45
282 5 7 51
282 5 8 45
282 5 10 52
282 5 11 51
282 13 1 47
282 13 3 51
282 13 4 45
282 13 6 45
282 13 7 51
282 13 8 45
282 13 10 52
282 13 11 51
283 4 0 86
283 4 1 78
283 4 2 78
283 4 3 84
283 4 4 78
283 4 8 78
283 4 10 73
283 4 11 78
283 9 0 86
283 9 1 78
283 9 3 78
283 9 5 84
283 9 6 78
283 9 8 78
283 9 10 73
283 9 11 78
283 11 0 90
283 11 1 82
283 11 2 82
283 11 4 88
283 11 7 82
283 11 8 82
283 11 9 77
283 11 10 82
284 0 0 92
284 0 2 84
284 0 3 94
284 0 5 98
284 0 6 88
284 0 7 98
284 0 10 85
284 0 11 96
284 7 0 89
284 7 1 81
284 7 4 81
284 7 6 87
284 7 7 81
284 7 8 81
284 7 9 76
284 7 11 81
284 10 0 94
284 10 2 86
284 10 4 96
284 10 5 100
284 10 6 90
284 10 7 100
284 10 8 87
284 10 11 98
284 13 1 98
284 13 3 90
284 13 4 100
284 13 6 104
284 13 7 94
284 13 8 104
284 13 10 91
284 13 11 102
284 14 0 93
284 14 1 85
284 14 2 85
284 14 5 91
284 14 6 85
284 14 7 85
284 14 8 80
284 14 9 85
285 4 0 67
285 4 1 69
285 4 2 67
285 4 3 71
285 4 4 69
285 4 8 71
285 4 10 68
285 4 11 61
285 6 0 69
285 6 1 71
285 6 4 69
285 6 5 73
285 6 7 71
285 6 8 73
285 6 9 70
285 6 10 63
285 8 0 67
285 8 1 69
285 8 2 67
285 8 3 71
285 8 6 69
285 8 8 71
285 8 9 68
285 8 10 61
286 0 0 37
286 0 2 39
286 0 3 39
286 0 5 43
286 0 6 43
286 0 7 43
286 0 10 40
286 0 11 41
286 12 0 39
286 12 1 41
286 12 2 41
286 12 5 45
286 12 7 45
286 12 8 45
286 12 9 42
286 12 11 43
286 13 1 39
286 13 3 41
286 13 4 41
286 13 6 45
286 13 7 45
286 13 8 45
286 13 10 42
286 13 11 43
287 4 0 68
287 4 1 70
287 4 2 68
287 4 3 72
287 4 4 70
287 4 8 72
287 4 10 69
287 4 11 62
287 10 0 70
287 10 2 72
287 10 4 70
287 10 5 74
287 10 6 72
287 10 7 74
287 10 8 71
287 10 11 64
287 13 1 68
287 13 3 70
287 13 4 68
287 13 6 72
287 13 7 70
287 13 8 72
287 13 10 69
287 13 11 62
288 1 0 18
288 1 1 20
288 1 2 20
288 1 5 19
288 1 6 19
288 1 9 19
288 1 10 21
288 1 11 22
288 4 0 17
288 4 1 16
288 4 2 16
288 4 3 18
288 4 4 17
288 4 8 19
288 4 10 19
288 4 11 17
288 7 0 17
288 7 1 16
288 7 4 16
288 7 6 18
288 7 7 17
288 7 8 19
288 7 9 19
288 7 11 17
288 12 0 17
288 12 1 16
288 12 2 16
288 12 5 18
288 12 7 17
288 12 8 19
288 12 9 19
288 12 11 17
289 5 0 20
289 5 1 18
289 5 3 18
289 5 5 18
289 5 7 18
289 5 8 18
289 5 10 19
289 5 11 18
289 10 0 18
289 10 2 17
289 10 4 17
289 10 5 19
289 10 6 18
289 10 7 20
289 10 8 20
289 10 11 18
289 12 0 18
289 12 1 17
289 12 2 17
289 12 5 19
289 12 7 18
289 12 8 20
289 12 9 20
289 12 11 18
290 1 0 64
290 1 1 66
290 1 2 64
290 1 5 68
290 1 6 66
290 1 9 68
290 1 10 65
290 1 11 58
290 6 0 66
290 6 1 68
290 6 4 66
290 6 5 70
290 6 7 68
290 6 8 70
290 6 9 67
290 6 10 60
290 14 0 64
290 14 1 66
290 14 2 64
290 14 5 68
290 14 6 66
290 14 7 68
290 14 8 65
290 14 9 58
291 0 0 68
291 0 2 70
291 0 3 68
291 0 5 72
291 0 6 70
291 0 7 72
291 0 10 69
291 0 11 62
291 7 0 70
291 7 1 72
291 7 4 70
291 7 6 74
291 7 7 72
291 7 8 74
291 7 9 71
291 7 11 64
291 12 0 68
291 12 1 70
291 12 2 68
291 12 5 72
291 12 7 70
291 12 8 72
291 12 9 69
291 12 11 62
292 1 0 39
292 1 1 41
292 1 2 41
292 1 5 45
292 1 6 45
292 1 9 45
292 1 10 42
292 1 11 43
292 6 0 41
292 6 1 43
292 6 4 43
292 6 5 47
292 6 7 47
292 6 8 47
292 6 9 44
292 6 10 45
292 8 0 41
292 8 1 43
292 8 2 43
292 8 3 47
292 8 6 47
292 8 8 47
292 8 9 44
292 8 10 45
292 13 1 48
292 13 3 54
292 13 4 54
292 13 6 47
292 13 7 48
292 13 8 50
292 13 10 54
292 13 11 54
293 6 0 94
293 6 1 86
293 6 4 86
293 6 5 92
293 6 7 86
293 6 8 86
293 6 9 81
293 6 10 86
293 8 0 91
293 8 1 83
293 8 2 93
293 8 3 97
293 8 6 87
293 8 8 97
293 8 9 84
293 8 10 95
293 13 1 96
293 13 3 88
293 13 4 98
293 13 6 102
293 13 7 92
293 13 8 102
293 13 10 89
293 13 11 100
293 14 0 99
293 14 1 91
293 14 2 101
293 14 5 105
293 14 6 95
293 14 7 105
293 14 8 92
293 14 9 103
294 2 0 16
294 2 1 15
294 2 2 15
294 2 4 17
294 2 7 16
294 2 9 18
294 2 10 18
294 2 11 16
294 3 0 15
294 3 3 14
294 3 4 14
294 3 6 16
294 3 7 15
294 3 8 17
294 3 9 17
294 3 11 15
294 6 0 15
294 6 1 14
294 6 4 14
294 6 5 16
294 6 7 15
294 6 8 17
294 6 9 17
294 6 10 15
294 12 0 17
294 12 1 16
294 12 2 16
294 12 5 18
294 12 7 17
294 12 8 19
294 12 9 19
294 12 11 17
295 5 0 26
295 5 1 24
295 5 3 24
295 5 5 24
295 5 7 24
295 5 8 24
295 5 10 25
295 5 11 24
295 7 0 24
295 7 1 22
295 7 4 22
295 7 6 22
295 7 7 22
295 7 8 22
295 7 9 23
295 7 11 22
295 9 0 24
295 9 1 22
295 9 3 22
295 9 5 22
295 9 6 22
295 9 8 22
295 9 10 23
295 9 11 22
296 1 0 93
296 1 1 85
296 1 2 95
296 1 5 99
296 1 6 89
296 1 9 99
296 1 10 86
296 1 11 97
296 2 0 90
296 2 1 82
296 2 2 82
296 2 4 88
296 2 7 82
296 2 9 82
296 2 10 77
296 2 11 82
296 4 0 90
296 4 1 82
296 4 2 82
296 4 3 88
296 4 4 82
296 4 8 82
296 4 10 77
296 4 11 82
296 8 0 91
296 8 1 83
296 8 2 93
296 8 3 97
296 8 6 87
296 8 8 97
296 8 9 84
296 8 10 95
296 13 1 90
296 13 3 82
296 13 4 82
296 13 6 88
296 13 7 82
296 13 8 82
296 13 10 77
296 13 11 82
297 1 0 11
297 1 1 9
297 1 2 9
297 1 5 9
297 1 6 9
297 1 9 9
297 1 10 10
297 1 11 9
297 7 0 8
297 7 1 8
297 7 4 8
297 7 6 9
297 7 7 8
297 7 8 9
297 7 9 9
297 7 11 8
297 14 0 8
297 14 1 8
297 14 2 8
297 14 5 9
297 14 6 8
297 14 7 9
297 14 8 9
297 14 9 8
298 0 0 18
298 0 2 20
298 0 3 20
298 0 5 19
298 0 6 19
298 0 7 19
298 0 10 21
298 0 11 22
298 5 0 17
298 5 1 16
298 5 3 16
298 5 5 18
298 5 7 17
298 5 8 19
298 5 10 19
298 5 11 17
298 7 0 17
298 7 1 16
298 7 4 16
298 7 6 18
298 7 7 17
298 7 8 19
298 7 9 19
298 7 11 17
299 5 0 20
299 5 1 18
299 5 3 18
299 5 5 18
299 5 7 18
299 5 8 18
299 5 10 19
299 5 11 18
299 9 0 18
299 9 1 17
299 9 3 17
299 9 5 19
299 9 6 18
299 9 8 20
299 9 10 20
299 9 11 18
299 14 0 18
299 14 1 17
299 14 2 17
299 14 5 19
299 14 6 18
299 14 7 20
299 14 8 20
299 14 9 18
300 0 0 50
300 0 2 54
300 0 3 48
300 0 5 48
300 0 6 54
300 0 7 48
300 0 10 55
300 0 11 54
300 6 0 54
300 6 1 58
300 6 4 52
300 6 5 52
300 6 7 58
300 6 8 52
300 6 9 59
300 6 10 58
300 8 0 48
300 8 1 52
300 8 2 46
300 8 3 46
300 8 6 52
300 8 8 46
300 8 9 53
300 8 10 52
300 11 0 48
300 11 1 52
300 11 2 46
300 11 4 46
300 11 7 52
300 11 8 46
300 11 9 53
300 11 10 52
300 14 0 54
300 14 1 58
300 14 2 52
300 14 5 52
300 14 6 58
300 14 7 52
300 14 8 59
300 14 9 58
301 7 0 43
301 7 1 45
301 7 4 45
301 7 6 49
301 7 7 49
301 7 8 49
301 7 9 46
301 7 11 47
301 11 0 48
301 11 1 52
301 11 2 46
301 11 4 46
301 11 7 52
301 11 8 46
301 11 9 53
301 11 10 52
301 12 0 41
301 12 1 43
301 12 2 43
301 12 5 47
301 12 7 47
301 12 8 47
301 12 9 44
301 12 11 45
302 3 0 68
302 3 3 65
302 3 4 67
302 3 6 72
302 3 7 68
302 3 8 79
302 3 9 79
302 3 11 70
302 4 0 70
302 4 1 72
302 4 2 70
302 4 3 74
302 4 4 72
302 4 8 74
302 4 10 71
302 4 11 64
302 6 0 67
302 6 1 64
302 6 4 66
302 6 5 71
302 6 7 67
302 6 8 78
302 6 9 78
302 6 10 69
303 3 0 51
303 3 3 55
303 3 4 49
303 3 6 49
303 3 7 55
303 3 8 49
303 3 9 56
303 3 11 55
303 4 0 55
303 4 1 59
303 4 2 53
303 4 3 53
303 4 4 59
303 4 8 53
303 4 10 60
303 4 11 59
303 10 0 49
303 10 2 53
303 10 4 47
303 10 5 47
303 10 6 53
303 10 7 47
303 10 8 54
303 10 11 53
303 11 0 49
303 11 1 53
303 11 2 47
303 11 4 47
303 11 7 53
303 11 8 47
303 11 9 54
303 11 10 53
303 12 0 55
303 12 1 59
303 12 2 53
303 12 5 53
303 12 7 59
303 12 8 53
303 12 9 60
303 12 11 59
304 1 0 35
304 1 1 33
304 1 2 34
304 1 5 37
304 1 6 35
304 1 9 40
304 1 10 40
304 1 11 36
304 2 0 33
304 2 1 31
304 2 2 32
304 2 4 35
304 2 7 33
304 2 9 38
304 2 10 38
304 2 11 34
304 10 0 34
304 10 2 32
304 10 4 33
304 10 5 36
304 10 6 34
304 10 7 39
304 10 8 39
304 10 11 35
305 1 0 96
305 1 1 88
305 1 2 98
305 1 5 102
305 1 6 92
305 1 9 102
305 1 10 89
305 1 11 100
305 4 0 93
305 4 1 85
305 4 2 85
305 4 3 91
305 4 4 85
305 4 8 85
305 4 10 80
305 4 11 85
305 5 0 98
305 5 1 90
305 5 3 100
305 5 5 104
305 5 7 94
305 5 8 104
305 5 10 91
305 5 11 102
305 6 0 105
305 6 1 111
305 6 4 111
305 6 5 93
305 6 7 105
305 6 8 107
305 6 9 100
305 6 10 111
305 12 0 92
305 12 1 84
305 12 2 94
305 12 5 98
305 12 7 88
305 12 8 98
305 12 9 85
305 12 11 96
306 0 0 16
306 0 2 15
306 0 3 15
306 0 5 17
306 0 6 16
306 0 7 18
306 0 10 18
306 0 11 16
306 3 0 15
306 3 3 14
306 3 4 14
306 3 6 16
306 3 7 15
306 3 8 17
306 3 9 17
306 3 11 15
306 7 0 15
306 7 1 14
306 7 4 14
306 7 6 16
306 7 7 15
306 7 8 17
306 7 9 17
306 7 11 15
306 9 0 17
306 9 1 16
306 9 3 16
306 9 5 18
306 9 6 17
306 9 8 19
306 9 10 19
306 9 11 17
306 11 0 16
306 11 1 15
306 11 2 15
306 11 4 17
306 11 7 16
306 11 8 18
306 11 9 18
306 11 10 16
307 0 0 11
307 0 2 10
307 0 3 10
307 0 5 12
307 0 6 11
307 0 7 13
307 0 10 13
307 0 11 11
307 1 0 10
307 1 1 9
307 1 2 9
307 1 5 11
307 1 6 10
307 1 9 12
307 1 10 12
307 1 11 10
307 6 0 10
307 6 1 9
307 6 4 9
307 6 5 11
307 6 7 10
307 6 8 12
307 6 9 12
307 6 10 10
307 7 0 12
307 7 1 11
307 7 4 11
307 7 6 13
307 7 7 12
307 7 8 14
307 7 9 14
307 7 11 12
308 5 0 68
308 5 1 65
308 5 3 67
308 5 5 72
308 5 7 68
308 5 8 79
308 5 10 79
308 5 11 70
308 6 0 70
308 6 1 72
308 6 4 70
308 6 5 74
308 6 7 72
308 6 8 74
308 6 9 71
308 6 10 64
308 9 0 67
308 9 1 64
308 9 3 66
308 9 5 71
308 9 6 67
308 9 8 78
308 9 10 78
308 9 11 69
308 10 0 72
308 10 2 69
308 10 4 71
308 10 5 76
308 10 6 72
308 10 7 83
308 10 8 83
308 10 11 74
308 12 0 68
308 12 1 65
308 12 2 67
308 12 5 72
308 12 7 68
308 12 8 79
308 12 9 79
308 12 11 70
309 5 0 43
309 5 1 45
309 5 3 45
309 5 5 49
309 5 7 49
309 5 8 49
309 5 10 46
309 5 11 47
309 11 0 48
309 11 1 52
309 11 2 46
309 11 4 46
309 11 7 52
309 11 8 46
309 11 9 53
309 11 10 52
309 13 1 41
309 13 3 43
309 13 4 43
309 13 6 47
309 13 7 47
309 13 8 47
309 13 10 44
309 13 11 45
309 14 0 41
309 14 1 43
309 14 2 43
309 14 5 47
309 14 6 47
309 14 7 47
309 14 8 44
309 14 9 45
310 1 0 27
310 1 1 25
310 1 2 25
310 1 5 25
310 1 6 25
310 1 9 25
310 1 10 26
310 1 11 25
310 6 0 28
310 6 1 30
310 6 4 28
310 6 5 32
310 6 7 30
310 6 8 32
310 6 9 29
310 6 10 29
310 7 0 27
310 7 1 25
310 7 4 25
310 7 6 25
310 7 7 25
310 7 8 25
310 7 9 26
310 7 11 25
311 3 0 27
311 3 3 25
311 3 4 25
311 3 6 25
311 3 7 25
311 3 8 25
311 3 9 26
311 3 11 25
311 4 0 25
311 4 1 23
311 4 2 23
311 4 3 23
311 4 4 23
311 4 8 23
311 4 10 24
311 4 11 23
311 5 0 25
311 5 1 23
311 5 3 23
311 5 5 23
311 5 7 23
311 5 8 23
311 5 10 24
311 5 11 23
311 8 0 25
311 8 1 23
311 8 2 23
311 8 3 23
311 8 6 23
311 8 8 23
311 8 9 24
311 8 10 23
311 13 1 25
311 13 3 23
311 13 4 23
311 13 6 23
311 13 7 23
311 13 8 23
311 13 10 24
311 13 11 23
312 0 0 65
312 0 2 67
312 0 3 65
312 0 5 69
312 0 6 67
312 0 7 69
312 0 10 66
312 0 11 59
312 4 0 67
312 4 1 69
312 4 2 67
312 4 3 71
312 4 4 69
312 4 8 71
312 4 10 68
312 4 11 61
312 8 0 65
312 8 1 67
312 8 2 65
312 8 3 69
312 8 6 67
312 8 8 69
312 8 9 66
312 8 10 59
312 11 0 69
312 11 1 71
312 11 2 69
312 11 4 73
312 11 7 71
312 11 8 73
312 11 9 70
312 11 10 63
312 12 0 67
312 12 1 69
312 12 2 67
312 12 5 71
312 12 7 69
312 12 8 71
312 12 9 68
312 12 11 61
313 3 0 63
313 3 3 65
313 3 4 63
313 3 6 67
313 3 7 65
313 3 8 67
313 3 9 64
313 3 11 57
313 5 0 67
313 5 1 69
313 5 3 67
313 5 5 71
313 5 7 69
313 5 8 71
313 5 10 68
313 5 11 61
313 12 0 62
313 12 1 64
313 12 2 62
313 12 5 66
313 12 7 64
313 12 8 66
313 12 9 63
313 12 11 56
313 13 1 52
313 13 3 56
313 13 4 50
313 13 6 50
313 13 7 56
313 13 8 50
313 13 10 57
313 13 11 56
313 14 0 51
313 14 1 55
313 14 2 49
313 14 5 49
313 14 6 55
313 14 7 49
313 14 8 56
313 14 9 55
314 0 0 41
314 0 2 42
314 0 3 42
314 0 5 39
314 0 6 42
314 0 7 42
314 0 10 37
314 0 11 42
314 1 0 37
314 1 1 39
314 1 2 39
314 1 5 43
314 1 6 43
314 1 9 43
314 1 10 40
314 1 11 41
314 6 0 37
314 6 1 39
314 6 4 39
314 6 5 43
314 6 7 43
314 6 8 43
314 6 9 40
314 6 10 41
314 12 0 41
314 12 1 43
314 12 2 43
314 12 5 47
314 12 7 47
314 12 8 47
314 12 9 44
314 12 11 45
314 14 0 41
314 14 1 43
314 14 2 43
314 14 5 47
314 14 6 47
314 14 7 47
314 14 8 44
314 14 9 45
315 1 0 69
315 1 1 71
315 1 2 69
315 1 5 73
315 1 6 71
315 1 9 73
315 1 10 70
315 1 11 63
315 3 0 66
315 3 3 68
315 3 4 66
315 3 6 70
315 3 7 68
315 3 8 70
315 3 9 67
315 3 11 60
315 5 0 68
315 5 1 70
315 5 3 68
315 5 5 72
315 5 7 70
315 5 8 72
315 5 10 69
315 5 11 62
315 6 0 68
315 6 1 65
315 6 4 67
315 6 5 72
315 6 7 68
315 6 8 79
315 6 9 79
315 6 10 70
316 3 0 29
316 3 3 27
316 3 4 28
316 3 6 31
316 3 7 29
316 3 8 34
316 3 9 34
316 3 11 30
316 5 0 28
316 5 1 26
316 5 3 26
316 5 5 26
316 5 7 26
316 5 8 26
316 5 10 27
316 5 11 26
316 7 0 28
316 7 1 30
316 7 4 28
316 7 6 32
316 7 7 30
316 7 8 32
316 7 9 29
316 7 11 29
316 9 0 31
316 9 1 29
316 9 3 30
316 9 5 33
316 9 6 31
316 9 8 36
316 9 10 36
316 9 11 32
317 2 0 49
317 2 1 53
317 2 2 47
317 2 4 47
317 2 7 53
317 2 9 47
317 2 10 54
317 2 11 53
317 4 0 53
317 4 1 57
317 4 2 51
317 4 3 51
317 4 4 57
317 4 8 51
317 4 10 58
317 4 11 57
317 9 0 47
317 9 1 51
317 9 3 45
317 9 5 45
317 9 6 51
317 9 8 45
317 9 10 52
317 9 11 51
317 13 1 47
317 13 3 51
317 13 4 45
317 13 6 45
317 13 7 51
317 13 8 45
317 13 10 52
317 13 11 51
318 0 0 94
318 0 2 86
318 0 3 86
318 0 5 92
318 0 6 86
318 0 7 86
318 0 10 81
318 0 11 86
318 4 0 86
318 4 1 78
318 4 2 78
318 4 3 84
318 4 4 78
318 4 8 78
318 4 10 73
318 4 11 78
318 5 0 86
318 5 1 78
318 5 3 78
318 5 5 84
318 5 7 78
318 5 8 78
318 5 10 73
318 5 11 78
319 1 0 43
319 1 1 45
319 1 2 45
319 1 5 49
319 1 6 49
319 1 9 49
319 1 10 46
319 1 11 47
319 5 0 48
319 5 1 52
319 5 3 46
319 5 5 46
319 5 7 52
319 5 8 46
319 5 10 53
319 5 11 52
319 8 0 41
319 8 1 43
319 8 2 43
319 8 3 47
319 8 6 47
319 8 8 47
319 8 9 44
319 8 10 45
319 13 1 41
319 13 3 43
319 13 4 43
319 13 6 47
319 13 7 47
319 13 8 47
319 13 10 44
319 13 11 45
320 1 0 94
320 1 1 86
320 1 2 86
320 1 5 92
320 1 6 86
320 1 9 86
320 1 10 81
320 1 11 86
320 4 0 91
320 4 1 83
320 4 2 93
320 4 3 97
320 4 4 87
320 4 8 97
320 4 10 84
320 4 11 95
320 7 0 96
320 7 1 88
320 7 4 98
320 7 6 102
320 7 7 92
320 7 8 102
320 7 9 89
320 7 11 100
320 8 0 99
320 8 1 91
320 8 2 101
320 8 3 105
320 8 6 95
320 8 8 105
320 8 9 92
320 8 10 103
320 12 0 93
320 12 1 85
320 12 2 95
320 12 5 99
320 12 7 89
320 12 8 99
320 12 9 86
320 12 11 97
321 2 0 86
321 2 1 78
321 2 2 78
321 2 4 84
321 2 7 78
321 2 9 78
321 2 10 73
321 2 11 78
321 7 0 86
321 7 1 78
321 7 4 78
321 7 6 84
321 7 7 78
321 7 8 78
321 7 9 73
321 7 11 78
321 9 0 90
321 9 1 82
321 9 3 82
321 9 5 88
321 9 6 82
321 9 8 82
321 9 10 77
321 9 11 82
321 10 0 72
321 10 2 69
321 10 4 71
321 10 5 76
321 10 6 72
321 10 7 83
321 10 8 83
321 10 11 74
322 1 0 30
322 1 1 28
322 1 2 29
322 1 5 32
322 1 6 30
322 1 9 35
322 1 10 35
322 1 11 31
322 3 0 28
322 3 3 30
322 3 4 28
322 3 6 32
322 3 7 30
322 3 8 32
322 3 9 29
322 3 11 29
322 13 1 29
322 13 3 27
322 13 4 28
322 13 6 31
322 13 7 29
322 13 8 34
322 13 10 34
322 13 11 30
323 1 0 93
323 1 1 85
323 1 2 85
323 1 5 91
323 1 6 85
323 1 9 85
323 1 10 80
323 1 11 85
323 2 0 81
323 2 1 81
323 2 2 85
323 2 4 76
323 2 7 82
323 2 9 81
323 2 10 88
323 2 11 88
323 4 0 81
323 4 1 81
323 4 2 85
323 4 3 76
323 4 4 82
323 4 8 81
323 4 10 88
323 4 11 88
323 13 1 91
323 13 3 83
323 13 4 83
323 13 6 89
323 13 7 83
323 13 8 83
323 13 10 78
323 13 11 83
324 4 0 91
324 4 1 83
324 4 2 93
324 4 3 97
324 4 4 87
324 4 8 97
324 4 10 84
324 4 11 95
324 8 0 88
324 8 1 80
324 8 2 80
324 8 3 86
324 8 6 80
324 8 8 80
324 8 9 75
324 8 10 80
324 9 0 88
324 9 1 80
324 9 3 80
324 9 5 86
324 9 6 80
324 9 8 80
324 9 10 75
324 9 11 80
325 0 0 67
325 0 2 69
325 0 3 67
325 0 5 71
325 0 6 69
325 0 7 71
325 0 10 68
325 0 11 61
325 7 0 69
325 7 1 71
325 7 4 69
325 7 6 73
325 7 7 71
325 7 8 73
325 7 9 70
325 7 11 63
325 8 0 67
325 8 1 69
325 8 2 67
325 8 3 71
325 8 6 69
325 8 8 71
325 8 9 68
325 8 10 61
326 0 0 27
326 0 2 25
326 0 3 25
326 0 5 25
326 0 6 25
326 0 7 25
326 0 10 26
326 0 11 25
326 5 0 25
326 5 1 23
326 5 3 23
326 5 5 23
326 5 7 23
326 5 8 23
326 5 10 24
326 5 11 23
326 6 0 25
326 6 1 23
326 6 4 23
326 6 5 23
326 6 7 23
326 6 8 23
326 6 9 24
326 6 10 23
326 12 0 25
326 12 1 23
326 12 2 23
326 12 5 23
326 12 7 23
326 12 8 23
326 12 9 24
326 12 11 23
327 4 0 63
327 4 1 65
327 4 2 63
327 4 3 67
327 4 4 65
327 4 8 67
327 4 10 64
327 4 11 57
327 6 0 67
327 6 1 69
327 6 4 67
327 6 5 71
327 6 7 69
327 6 8 71
327 6 9 68
327 6 10 61
327 7 0 62
327 7 1 64
327 7 4 62
327 7 6 66
327 7 7 64
327 7 8 66
327 7 9 63
327 7 11 56
327 8 0 52
327 8 1 56
327 8 2 50
327 8 3 50
327 8 6 56
327 8 8 50
327 8 9 57
327 8 10 56
327 13 1 51
327 13 3 55
327 13 4 49
327 13 6 49
327 13 7 55
327 13 8 49
327 13 10 56
327 13 11 55
328 6 0 14
328 6 1 13
328 6 4 13
328 6 5 15
328 6 7 14
328 6 8 16
328 6 9 16
328 6 10 14
328 8 0 13
328 8 1 12
328 8 2 12
328 8 3 14
328 8 6 13
328 8 8 15
328 8 9 15
328 8 10 13
328 10 0 13
328 10 2 12
328 10 4 12
328 10 5 14
328 10 6 13
328 10 7 15
328 10 8 15
328 10 11 13
328 13 1 15
328 13 3 14
328 13 4 14
328 13 6 16
328 13 7 15
328 13 8 17
328 13 10 17
328 13 11 15
328 14 0 14
328 14 1 13
328 14 2 13
328 14 5 15
328 14 6 14
328 14 7 16
328 14 8 16
328 14 9 14
329 0 0 92
329 0 2 84
329 0 3 94
329 0 5 98
329 0 6 88
329 0 7 98
329 0 10 85
329 0 11 96
329 7 0 89
329 7 1 81
329 7 4 81
329 7 6 87
329 7 7 81
329 7 8 81
329 7 9 76
329 7 11 81
329 10 0 94
329 10 2 86
329 10 4 96
329 10 5 100
329 10 6 90
329 10 7 100
329 10 8 87
329 10 11 98
329 14 0 98
329 14 1 90
329 14 2 100
329 14 5 104
329 14 6 94
329 14 7 104
329 14 8 91
329 14 9 102
330 3 0 91
330 3 3 83
330 3 4 93
330 3 6 97
330 3 7 87
330 3 8 97
330 3 9 84
330 3 11 95
330 4 0 88
330 4 1 80
330 4 2 80
330 4 3 86
330 4 4 80
330 4 8 80
330 4 10 75
330 4 11 80
330 9 0 93
330 9 1 85
330 9 3 95
330 9 5 99
330 9 6 89
330 9 8 99
330 9 10 86
330 9 11 97
330 10 0 97
330 10 2 89
330 10 4 99
330 10 5 103
330 10 6 93
330 10 7 103
330 10 8 90
330 10 11 101
330 12 0 92
330 12 1 84
330 12 2 84
330 12 5 90
330 12 7 84
330 12 8 84
330 12 9 79
330 12 11 84
331 0 0 93
331 0 2 85
331 0 3 85
331 0 5 91
331 0 6 85
331 0 7 85
331 0 10 80
331 0 11 85
331 6 0 81
331 6 1 81
331 6 4 85
331 6 5 76
331 6 7 82
331 6 8 81
331 6 9 88
331 6 10 88
331 8 0 81
331 8 1 81
331 8 2 85
331 8 3 76
331 8 6 82
331 8 8 81
331 8 9 88
331 8 10 88
331 13 1 91
331 13 3 83
331 13 4 83
331 13 6 89
331 13 7 83
331 13 8 83
331 13 10 78
331 13 11 83
332 0 0 41
332 0 2 42
332 0 3 42
332 0 5 39
332 0 6 42
332 0 7 42
332 0 10 37
332 0 11 42
332 1 0 37
332 1 1 39
332 1 2 39
332 1 5 43
332 1 6 43
332 1 9 43
332 1 10 40
332 1 11 41
332 13 1 37
332 13 3 39
332 13 4 39
332 13 6 43
332 13 7 43
332 13 8 43
332 13 10 40
332 13 11 41
333 3 0 36
333 3 3 38
333 3 4 38
333 3 6 42
333 3 7 42
333 3 8 42
333 3 9 39
333 3 11 40
333 10 0 38
333 10 2 40
333 10 4 40
333 10 5 44
333 10 6 44
333 10 7 44
333 10 8 41
333 10 11 42
333 12 0 38
333 12 1 40
333 12 2 40
333 12 5 44
333 12 7 44
333 12 8 44
333 12 9 41
333 12 11 42
334 3 0 89
334 3 3 91
334 3 4 96
334 3 6 99
334 3 7 93
334 3 8 85
334 3 9 85
334 3 11 81
334 6 0 87
334 6 1 79
334 6 4 79
334 6 5 85
334 6 7 79
334 6 8 79
334 6 9 74
334 6 10 79
334 10 0 87
334 10 2 79
334 10 4 79
334 10 5 85
334 10 6 79
334 10 7 79
334 10 8 74
334 10 11 79
334 11 0 93
334 11 1 85
334 11 2 85
334 11 4 91
334 11 7 85
334 11 8 85
334 11 9 80
334 11 10 85
335 4 0 93
335 4 1 85
335 4 2 85
335 4 3 91
335 4 4 85
335 4 8 85
335 4 10 80
335 4 11 85
335 7 0 81
335 7 1 81
335 7 4 85
335 7 6 76
335 7 7 82
335 7 8 81
335 7 9 88
335 7 11 88
335 8 0 81
335 8 1 81
335 8 2 85
335 8 3 76
335 8 6 82
335 8 8 81
335 8 9 88
335 8 10 88
336 6 0 32
336 6 1 30
336 6 4 31
336 6 5 34
336 6 7 32
336 6 8 37
336 6 9 37
336 6 10 33
336 10 0 30
336 10 2 28
336 10 4 29
336 10 5 32
336 10 6 30
336 10 7 35
336 10 8 35
336 10 11 31
336 11 0 31
336 11 1 29
336 11 2 30
336 11 4 33
336 11 7 31
336 11 8 36
336 11 9 36
336 11 10 32
337 4 0 35
337 4 1 33
337 4 2 34
337 4 3 37
337 4 4 35
337 4 8 40
337 4 10 40
337 4 11 36
337 8 0 33
337 8 1 31
337 8 2 32
337 8 3 35
337 8 6 33
337 8 8 38
337 8 9 38
337 8 10 34
337 9 0 34
337 9 1 32
337 9 3 33
337 9 5 36
337 9 6 34
337 9 8 39
337 9 10 39
337 9 11 35
338 4 0 33
338 4 1 31
338 4 2 32
338 4 3 35
338 4 4 33
338 4 8 38
338 4 10 38
338 4 11 34
338 5 0 31
338 5 1 29
338 5 3 30
338 5 5 33
338 5 7 31
338 5 8 36
338 5 10 36
338 5 11 32
338 6 0 32
338 6 1 30
338 6 4 31
338 6 5 34
338 6 7 32
338 6 8 37
338 6 9 37
338 6 10 33
338 12 0 35
338 12 1 33
338 12 2 34
338 12 5 37
338 12 7 35
338 12 8 40
338 12 9 40
338 12 11 36
339 3 0 29
339 3 3 27
339 3 4 28
339 3 6 31
339 3 7 29
339 3 8 34
339 3 9 34
339 3 11 30
339 10 0 28
339 10 2 26
339 10 4 26
339 10 5 26
339 10 6 26
339 10 7 26
339 10 8 27
339 10 11 26
339 12 0 28
339 12 1 30
339 12 2 28
339 12 5 32
339 12 7 30
339 12 8 32
339 12 9 29
339 12 11 29
339 13 1 31
339 13 3 29
339 13 4 30
339 13 6 33
339 13 7 31
339 13 8 36
339 13 10 36
339 13 11 32
340 9 0 37
340 9 1 39
340 9 3 39
340 9 5 43
340 9 6 43
340 9 8 43
340 9 10 40
340 9 11 41
340 13 1 39
340 13 3 41
340 13 4 41
340 13 6 45
340 13 7 45
340 13 8 45
340 13 10 42
340 13 11 43
340 14 0 39
340 14 1 41
340 14 2 41
340 14 5 45
340 14 6 45
340 14 7 45
340 14 8 42
340 14 9 43
341 2 0 91
341 2 1 83
341 2 2 93
341 2 4 97
341 2 7 87
341 2 9 97
341 2 10 84
341 2 11 95
341 5 0 88
341 5 1 80
341 5 3 80
341 5 5 86
341 5 7 80
341 5 8 80
341 5 10 75
341 5 11 80
341 14 0 88
341 14 1 80
341 14 2 80
341 14 5 86
341 14 6 80
341 14 7 80
341 14 8 75
341 14 9 80
342 2 0 68
342 2 1 75
342 2 2 75
342 2 4 69
342 2 7 69
342 2 9 69
342 2 10 76
342 2 11 72
342 8 0 68
342 8 1 70
342 8 2 68
342 8 3 72
342 8 6 70
342 8 8 72
342 8 9 69
342 8 10 62
342 9 0 70
342 9 1 72
342 9 3 70
342 9 5 74
342 9 6 72
342 9 8 74
342 9 10 71
342 9 11 64
342 10 0 70
342 10 2 67
342 10 4 69
342 10 5 74
342 10 6 70
342 10 7 81
342 10 8 81
342 10 11 72
343 2 0 36
343 2 1 34
343 2 2 35
343 2 4 38
343 2 7 36
343 2 9 41
343 2 10 41
343 2 11 37
343 3 0 41
343 3 3 42
343 3 4 42
343 3 6 39
343 3 7 42
343 3 8 42
343 3 9 37
343 3 11 42
343 6 0 41
343 6 1 42
343 6 4 42
343 6 5 39
343 6 7 42
343 6 8 42
343 6 9 37
343 6 10 42
343 11 0 39
343 11 1 41
343 11 2 41
343 11 4 45
343 11 7 45
343 11 8 45
343 11 9 42
343 11 10 43
343 14 0 39
343 14 1 41
343 14 2 41
343 14 5 45
343 14 6 45
343 14 7 45
343 14 8 42
343 14 9 43
344 4 0 28
344 4 1 30
344 4 2 28
344 4 3 32
344 4 4 30
344 4 8 32
344 4 10 29
344 4 11 29
344 5 0 27
344 5 1 25
344 5 3 25
344 5 5 25
344 5 7 25
344 5 8 25
344 5 10 26
344 5 11 25
344 9 0 28
344 9 1 26
344 9 3 26
344 9 5 26
344 9 6 26
344 9 8 26
344 9 10 27
344 9 11 26
344 10 0 30
344 10 2 28
344 10 4 29
344 10 5 32
344 10 6 30
344 10 7 35
344 10 8 35
344 10 11 31
344 13 1 28
344 13 3 30
344 13 4 28
344 13 6 32
344 13 7 30
344 13 8 32
344 13 10 29
344 13 11 29
345 1 0 13
345 1 1 12
345 1 2 12
345 1 5 14
345 1 6 13
345 1 9 15
345 1 10 15
345 1 11 13
345 4 0 12
345 4 1 11
345 4 2 11
345 4 3 13
345 4 4 12
345 4 8 14
345 4 10 14
345 4 11 12
345 7 0 12
345 7 1 11
345 7 4 11
345 7 6 13
345 7 7 12
345 7 8 14
345 7 9 14
345 7 11 12
345 13 1 14
345 13 3 13
345 13 4 13
345 13 6 15
345 13 7 14
345 13 8 16
345 13 10 16
345 13 11 14
345 14 0 13
345 14 1 12
345 14 2 12
345 14 5 14
345 14 6 13
345 14 7 15
345 14 8 15
345 14 9 13
346 6 0 21
346 6 1 19
346 6 4 19
346 6 5 19
346 6 7 19
346 6 8 19
346 6 9 20
346 6 10 19
346 9 0 18
346 9 1 20
346 9 3 20
346 9 5 19
346 9 6 19
346 9 8 19
346 9 10 21
346 9 11 22
346 12 0 18
346 12 1 20
346 12 2 20
346 12 5 19
346 12 7 19
346 12 8 19
346 12 9 21
346 12 11 22
347 1 0 36
347 1 1 34
347 1 2 35
347 1 5 38
347 1 6 36
347 1 9 41
347 1 10 41
347 1 11 37
347 2 0 41
347 2 1 42
347 2 2 42
347 2 4 39
347 2 7 42
347 2 9 42
347 2 10 37
347 2 11 42
347 7 0 41
347 7 1 42
347 7 4 42
347 7 6 39
347 7 7 42
347 7 8 42
347 7 9 37
347 7 11 42
347 12 0 39
347 12 1 41
347 12 2 41
347 12 5 45
347 12 7 45
347 12 8 45
347 12 9 42
347 12 11 43
348 1 0 13
348 1 1 12
348 1 2 12
348 1 5 14
348 1 6 13
348 1 9 15
348 1 10 15
348 1 11 13
348 2 0 12
348 2 1 11
348 2 2 11
348 2 4 13
348 2 7 12
348 2 9 14
348 2 10 14
348 2 11 12
348 4 0 12
348 4 1 11
348 4 2 11
348 4 3 13
348 4 4 12
348 4 8 14
348 4 10 14
348 4 11 12
348 11 0 14
348 11 1 13
348 11 2 13
348 11 4 15
348 11 7 14
348 11 8 16
348 11 9 16
348 11 10 14
349 8 0 63
349 8 1 65
349 8 2 63
349 8 3 67
349 8 6 65
349 8 8 67
349 8 9 64
349 8 10 57
349 9 0 65
349 9 1 67
349 9 3 65
349 9 5 69
349 9 6 67
349 9 8 69
349 9 10 66
349 9 11 59
349 12 0 63
349 12 1 65
349 12 2 63
349 12 5 67
349 12 7 65
349 12 8 67
349 12 9 64
349 12 11 57
349 13 1 67
349 13 3 69
349 13 4 67
349 13 6 71
349 13 7 69
349 13 8 71
349 13 10 68
349 13 11 61
350 0 0 39
350 0 2 41
350 0 3 41
350 0 5 45
350 0 6 45
350 0 7 45
350 0 10 42
350 0 11 43
350 1 0 41
350 1 1 43
350 1 2 43
350 1 5 47
350 1 6 47
350 1 9 47
350 1 10 44
350 1 11 45
350 3 0 41
350 3 3 43
350 3 4 43
350 3 6 47
350 3 7 47
350 3 8 47
350 3 9 44
350 3 11 45
350 6 0 48
350 6 1 54
350 6 4 54
350 6 5 47
350 6 7 48
350 6 8 50
350 6 9 54
350 6 10 54
350 10 0 48
350 10 2 54
350 10 4 54
350 10 5 47
350 10 6 48
350 10 7 50
350 10 8 54
350 10 11 54
351 6 0 98
351 6 1 90
351 6 4 100
351 6 5 104
351 6 7 94
351 6 8 104
351 6 9 91
351 6 10 102
351 10 0 93
351 10 2 85
351 10 4 95
351 10 5 99
351 10 6 89
351 10 7 99
351 10 8 86
351 10 11 97
351 12 0 108
351 12 1 114
351 12 2 114
351 12 5 96
351 12 7 108
351 12 8 110
351 12 9 103
351 12 11 114
352 0 0 69
352 0 2 66
352 0 3 68
352 0 5 73
352 0 6 69
352 0 7 80
352 0 10 80
352 0 11 71
352 3 0 68
352 3 3 75
352 3 4 75
352 3 6 69
352 3 7 69
352 3 8 69
352 3 9 76
352 3 11 72
352 9 0 68
352 9 1 65
352 9 3 67
352 9 5 72
352 9 6 68
352 9 8 79
352 9 10 79
352 9 11 70
352 13 1 73
352 13 3 70
352 13 4 72
352 13 6 77
352 13 7 73
352 13 8 84
352 13 10 84
352 13 11 75
353 3 0 34
353 3 3 32
353 3 4 33
353 3 6 36
353 3 7 34
353 3 8 39
353 3 9 39
353 3 11 35
353 9 0 32
353 9 1 30
353 9 3 31
353 9 5 34
353 9 6 32
353 9 8 37
353 9 10 37
353 9 11 33
353 11 0 33
353 11 1 31
353 11 2 32
353 11 4 35
353 11 7 33
353 11 8 38
353 11 9 38
353 11 10 34
354 1 0 48
354 1 1 54
354 1 2 54
354 1 5 47
354 1 6 48
354 1 9 50
354 1 10 54
354 1 11 54
354 2 0 50
354 2 1 54
354 2 2 48
354 2 4 48
354 2 7 54
354 2 9 48
354 2 10 55
354 2 11 54
354 5 0 43
354 5 1 45
354 5 3 45
354 5 5 49
354 5 7 49
354 5 8 49
354 5 10 46
354 5 11 47
355 2 0 93
355 2 1 85
355 2 2 95
355 2 4 99
355 2 7 89
355 2 9 99
355 2 10 86
355 2 11 97
355 4 0 90
355 4 1 82
355 4 2 82
355 4 3 88
355 4 4 82
355 4 8 82
355 4 10 77
355 4 11 82
355 6 0 90
355 6 1 82
355 6 4 82
355 6 5 88
355 6 7 82
355 6 8 82
355 6 9 77
355 6 10 82
355 10 0 91
355 10 2 83
355 10 4 93
355 10 5 97
355 10 6 87
355 10 7 97
355 10 8 84
355 10 11 95
356 6 0 70
356 6 1 72
356 6 4 70
356 6 5 74
356 6 7 72
356 6 8 74
356 6 9 71
356 6 10 64
356 7 0 67
356 7 1 69
356 7 4 67
356 7 6 71
356 7 7 69
356 7 8 71
356 7 9 68
356 7 11 61
356 10 0 69
356 10 2 71
356 10 4 69
356 10 5 73
356 10 6 71
356 10 7 73
356 10 8 70
356 10 11 63
357 3 0 29
357 3 3 27
357 3 4 28
357 3 6 31
357 3 7 29
357 3 8 34
357 3 9 34
357 3 11 30
357 7 0 28
357 7 1 26
357 7 4 26
357 7 6 26
357 7 7 26
357 7 8 26
357 7 9 27
357 7 11 26
357 13 1 28
357 13 3 30
357 13 4 28
357 13 6 32
357 13 7 30
357 13 8 32
357 13 10 29
357 13 11 29
358 1 0 48
358 1 1 54
358 1 2 54
358 1 5 47
358 1 6 48
358 1 9 50
358 1 10 54
358 1 11 54
358 4 0 50
358 4 1 54
358 4 2 48
358 4 3 48
358 4 4 54
358 4 8 48
358 4 10 55
358 4 11 54
358 14 0 43
358 14 1 45
358 14 2 45
358 14 5 49
358 14 6 49
358 14 7 49
358 14 8 46
358 14 9 47
359 1 0 94
359 1 1 86
359 1 2 96
359 1 5 100
359 1 6 90
359 1 9 100
359 1 10 87
359 1 11 98
359 4 0 91
359 4 1 83
359 4 2 83
359 4 3 89
359 4 4 83
359 4 8 83
359 4 10 78
359 4 11 83
359 10 0 91
359 10 2 83
359 10 4 83
359 10 5 89
359 10 6 83
359 10 7 83
359 10 8 78
359 10 11 83
359 11 0 92
359 11 1 84
359 11 2 94
359 11 4 98
359 11 7 88
359 11 8 98
359 11 9 85
359 11 10 96
359 13 1 91
359 13 3 83
359 13 4 83
359 13 6 89
359 13 7 83
359 13 8 83
359 13 10 78
359 13 11 83
