Jobs:
0 1 2 3 4 5 6 7 8 9 10 11 12 13 14 15 16 17 18 19 20 21 22 23 24 25 26 27 28 29
Machines:
0 1 2 3 4 5 6 7 8 9 10 11 12 13 14
Workers:
0 1 2 3 4 5 6 7 8 9 10 11 12 13 14
Operations per job:
0 1 2 3 4 5 6 7 8 9
10 11 12 13 14 15 16 17 18 19 20 21 22
23 24 25 26 27 28 29 30 31 32 33 34
35 36 37 38 39 40 41 42 43 44 45 46 47 48 49
50 51 52 53 54 55 56 57 58 59 60 61
62 63 64 65 66 67 68 69 70 71 72 73 74
75 76 77 78 79 80 81 82 83 84 85
86 87 88 89 90 91 92 93 94 95 96
97 98 99 100 101 102 103 104 105 106 107 108 109
110 111 112 113 114 115 116 117 118 119 120 121 122 123
124 125 126 127 128 129 130 131 132 133 134 135
136 137 138 139 140 141 142 143 144 145 146 147 148
149 150 151 152 153 154 155 156 157 158 159 160 161
162 163 164 165 166 167 168 169 170 171 172 173
174 175 176 177 178 179 180 181 182 183 184 185 186
187 188 189 190 191 192 193 194 195 196 197 198 199 200
201 202 203 204 205 206 207 208 209 210 211
212 213 214 215 216 217 218 219 220 221 222 223 224 225 226
227 228 229 230 231 232 233 234 235 236 237 238 239
240 241 242 243 244 245 246 247 248 249 250
251 252 253 254 255 256 257 258 259 260
261 262 263 264 265 266 267 268 269 270 271 272 273
274 275 276 277 278 279 280 281 282 283 284 285 286
287 288 289 290 291 292 293 294 295 296
297 298 299 300 301 302 303 304 305 306 307 308 309 310
311 312 313 314 315 316 317 318 319 320 321 322
323 324 325 326 327 328 329 330 331 332 333 334 335
336 337 338 339 340 341 342 343 344 345 346 347 348 349
350 351 352 353 354 355 356 357 358 359 360
361 362 363 364 365 366 367 368 369 370 371 372
Predecessors per operation:

0
1
2
3
4
5
6
7
8

10
11
12
13
14
15
16
17
18
19
20
21

23
24
25
26
27
28
29
30
31
32
33

35
36
37
38
39
40
41
42
43
44
45
46
47
48

50
51
52
53
54
55
56
57
58
59
60

62
63
64
65
66
67
68
69
70
71
72
73

75
76
77
78
79
80
81
82
83
84

86
87
88
89
90
91
92
93
94
95

97
98
99
100
101
102
103
104
105
106
107
108

110
111
112
113
114
115
116
117
118
119
120
121
122

124
125
126
127
128
129
130
131
132
133
134

136
137
138
139
140
141
142
143
144
145
146
147

149
150
151
152
153
154
155
156
157
158
159
160

162
163
164
165
166
167
168
169
170
171
172

174
175
176
177
178
179
180
181
182
183
184
185

187
188
189
190
191
192
193
194
195
196
197
198
199

201
202
203
204
205
206
207
208
209
210

212
213
214
215
216
217
218
219
220
221
222
223
224
225

227
228
229
230
231
232
233
234
235
236
237
238

240
241
242
243
244
245
246
247
248
249

251
252
253
254
255
256
257
258
259

261
262
263
264
265
266
267
268
269
270
271
272

274
275
276
277
278
279
280
281
282
283
284
285

287
288
289
290
291
292
293
294
295

297
298
299
300
301
302
303
304
305
306
307
308
309

311
312
313
314
315
316
317
318
319
320
321

323
324
325
326
327
328
329
330
331
332
333
334

336
337
338
339
340
341
342
343
344
345
346
347
348

350
351
352
353
354
355
356
357
358
359

361
362
363
364
365
366
367
368
369
370
371
Successors per operation:
1
2
3
4
5
6
7
8
9

11
12
13
14
15
16
17
18
19
20
21
22

24
25
26
27
28
29
30
31
32
33
34

36
37
38
39
40
41
42
43
44
45
46
47
48
49

51
52
53
54
55
56
57
58
59
60
61

63
64
65
66
67
68
69
70
71
72
73
74

76
77
78
79
80
81
82
83
84
85

87
88
89
90
91
92
93
94
95
96

98
99
100
101
102
103
104
105
106
107
108
109

111
112
113
114
115
116
117
118
119
120
121
122
123

125
126
127
128
129
130
131
132
133
134
135

137
138
139
140
141
142
143
144
145
146
147
148

150
151
152
153
154
155
156
157
158
159
160
161

163
164
165
166
167
168
169
170
171
172
173

175
176
177
178
179
180
181
182
183
184
185
186

188
189
190
191
192
193
194
195
196
197
198
199
200

202
203
204
205
206
207
208
209
210
211

213
214
215
216
217
218
219
220
221
222
223
224
225
226

228
229
230
231
232
233
234
235
236
237
238
239

241
242
243
244
245
246
247
248
249
250

252
253
254
255
256
257
258
259
260

262
263
264
265
266
267
268
269
270
271
272
273

275
276
277
278
279
280
281
282
283
284
285
286

288
289
290
291
292
293
294
295
296

298
299
300
301
302
303
304
305
306
307
308
309
310

312
313
314
315
316
317
318
319
320
321
322

324
325
326
327
328
329
330
331
332
333
334
335

337
338
339
340
341
342
343
344
345
346
347
348
349

351
352
353
354
355
356
357
358
359
360

362
363
364
365
366
367
368
369
370
371
372

Machines per operation:
0 6 14
5 9 11
1 4 6 11 13
1 2 3 6 12
6 7 9 10 14
3 4 6
4 9 10 11
0 1 8 14
1 4 8
4 5 8 9
2 9 11 12 14
4 7 12
3 4 12
2 4 8 12 14
1 6 8
1 3 4 10
1 4 7 14
0 2 5 9 11
7 9 10
1 3 4 5
0 1 5
6 7 8
3 4 13
4 13 14
6 8 12 14
2 3 4 5 10
1 5 7
2 6 9 11
2 3 4 7
0 1 9 10 14
4 5 11 12
1 3 4 7 8
1 2 9
4 7 9 10 11
2 3 6 7
2 3 6 10
0 5 11 14
4 5 6 12
0 1 6 12 13
0 1 7 10 12
2 6 10
1 8 10 12 13
1 12 13
0 2 5
0 1 2 6 8
0 1 3 8 10
1 3 4 9
0 7 11
5 6 12 13
2 10 11
1 4 5 7
0 3 11
1 4 5 11 14
0 1 3 6 10
5 6 7
4 8 9 10 12
1 4 10 12
3 5 7 14
4 10 13
0 1 3 4 12
1 7 11 13
1 6 11 13
2 6 8 9
1 3 7
4 5 7 8 13
7 9 12 14
1 6 10 13
3 7 11 13
3 9 11
2 5 7 9 10
0 2 6 8 14
2 6 9
2 8 11 12 14
4 6 7
2 6 12 13
0 4 6 9
9 10 11 12
2 3 7 8
2 4 5 12 14
0 4 5
2 8 13 14
0 1 3 4 14
0 1 11
0 4 8 10
2 8 14
1 2 10
0 1 6 9 11
0 4 7 9
3 8 11 12
1 8 11
6 8 9 14
1 6 8 11 12
0 2 10 13
2 3 7
1 2 5 8 12
1 4 6 10 13
6 12 14
1 8 10 14
5 7 9 11 12
4 6 14
2 6 8 12 14
0 2 7 13
1 7 9 11 13
4 7 9 14
5 6 7 9
3 5 9 12 14
9 12 14
2 3 8 9 12
0 4 11
0 1 4 7 13
2 6 11 13
2 8 9 13
0 2 4 8 11
3 7 12
4 6 10 12
4 5 11
8 9 14
0 6 12 14
4 6 7 9 12
0 1 8 13 14
2 10 12 14
0 1 7 14
1 4 6 10 13
2 5 11
2 4 14
2 6 7 12
4 7 12 13 14
2 3 7 11
4 7 10 14
3 5 9 14
3 6 12 14
5 6 9 10
0 2 13
2 6 8 12 13
1 7 8 14
0 2 7
0 5 12 13
4 11 12 14
1 3 9 10 11
0 2 6 10 14
3 4 11
0 6 9 14
0 2 4 8 12
2 3 5 11
0 8 14
4 8 9
0 3 10
5 8 12
3 7 9 10 13
2 6 10 12
4 7 11 12 13
2 4 5 12 13
4 5 6 13 14
3 6 11
1 3 13
0 1 8 11
2 11 12
4 7 8 12 13
4 7 8
4 7 8 11
0 9 12
0 8 10 14
0 7 12
7 8 14
4 6 10 11
0 2 5 14
0 2 6 12
3 5 10 14
2 10 11
0 8 10
2 3 4
2 4 6
1 4 5 10
4 8 9 13 14
4 5 9 11
3 6 12 14
0 3 9 11
0 1 3 5 10
0 4 14
3 5 11 14
1 4 5 12
2 9 12
0 5 9
2 10 12 13 14
5 7 9 13 14
2 3 5 8 12
4 5 6 12
7 9 13
6 7 12
4 7 13
3 7 8 10 11
3 9 10 14
4 6 14
0 3 9
1 3 5 6
5 7 9 13
6 10 12 13 14
3 10 13 14
0 2 3 10
5 6 8
5 7 13
7 8 13
3 6 10 12
3 7 8 12 14
0 2 4 7 10
6 9 11
1 4 7
0 6 7 13
6 7 8 11 14
1 5 6 8 14
5 7 12 13
5 9 10 11 13
2 4 10 11 14
3 7 10 13
1 3 13 14
0 1 10 11
0 6 9
1 3 7 9 10
0 6 13
6 7 9 14
1 2 11 13
1 6 7 11 13
0 7 13 14
0 5 7 8 14
0 6 7 8 13
2 3 6 7 12
2 3 8 14
1 5 13
4 12 14
0 1 5 9
2 7 8 9
0 1 9
3 9 10
0 2 5 9 14
1 5 8 11 12
8 12 13
6 9 10 14
1 7 14
2 5 11 12
1 6 8 12
2 6 13
6 7 8 9 11
1 7 12
6 10 12 14
2 6 10
0 1 8 13
1 5 10 14
1 5 13
1 3 11 13 14
6 8 13 14
0 2 11 12
0 5 6 8 10
5 11 12 14
2 4 10 13
0 2 8 12
3 5 8
2 6 13
3 4 8 12
5 8 13
1 2 5 9
1 3 6
2 8 13
3 8 11 12 13
3 7 8 9
11 12 13 14
6 7 9 14
0 6 9 10 14
5 6 14
1 7 9 13
2 3 6 7 12
2 3 7 11
1 2 4 5 7
1 9 10
0 7 9
0 1 2 7 13
2 5 11
0 5 7 10
3 10 11 12
0 1 12 14
3 4 7 8 11
0 3 7 10 11
2 5 8 13
0 1 5 14
7 11 13
0 2 5
3 6 10
1 7 8 11
6 10 12
8 9 11 12 13
2 3 6 12
2 4 6 14
9 11 14
7 8 10 12
4 8 10
0 8 10 13
1 2 4 10 11
1 6 8 13
0 1 4 5 7
8 11 14
4 12 14
0 1 6 9 10
2 5 6 10 11
7 9 12
0 3 6 12 14
2 5 11 14
1 3 13
2 6 7 10
4 6 8 10 12
5 8 12
0 1 6 12 14
0 1 14
1 5 11
1 10 14
3 4 6 10 11
3 6 9 13 14
0 1 2 5 13
9 12 14
0 11 14
2 5 8 10 13
5 8 9 11 14
0 2 7 8 9
2 8 9 10 11
4 8 10 12 13
1 4 9
1 7 12
5 7 8 10 11
0 4 6
4 5 10 11
3 6 8 10
0 8 10
1 9 10 11
4 6 8 9 14
0 3 11
3 7 8 10
0 4 8
0 4 9
10 11 12
0 2 6 10 14
4 8 13 14
8 10 13
2 3 4
0 4 8 14
4 6 12
1 10 14
6 9 13
2 4 9 10 12
0 2 4 10 12
0 6 9 11 14
1 6 7 14
0 5 6 8 14
0 9 11 12
4 10 13
4 6 9 10 13
0 3 4 6 7
0 1 5 6 14
8 10 13
2 3 9 12
3 5 8 12
1 4 6 8 13
1 8 10 11 12
1 4 5 7 8
0 5 7 10 13
2 3 4
7 9 11 12
7 9 11
0 2 5 12
7 8 10 12 14
4 7 10 12
2 3 14
2 4 7 8 11
0 1 9 10
1 2 3
1 2 5 11 12
Processing times (o m w p):
0 0 0 27
0 0 4 32
0 0 5 33
0 0 6 29
0 0 9 30
0 0 11 33
0 0 13 31
0 0 14 31
0 6 0 24
0 6 1 27
0 6 2 26
0 6 4 29
0 6 5 26
0 6 9 27
0 6 10 25
0 6 11 25
0 14 0 30
0 14 1 27
0 14 4 31
0 14 5 28
0 14 6 31
0 14 10 32
0 14 12 27
0 14 13 27
1 5 1 62
1 5 3 67
1 5 4 68
1 5 6 71
1 5 7 72
1 5 8 75
1 5 10 73
1 5 14 73
1 9 1 57
1 9 2 62
1 9 3 63
1 9 4 66
1 9 5 67
1 9 6 70
1 9 7 68
1 9 11 68
1 11 3 69
1 11 4 64
1 11 5 71
1 11 7 65
1 11 8 72
1 11 11 74
1 11 12 63
1 11 14 64
2 1 1 24
2 1 2 27
2 1 3 26
2 1 6 29
2 1 7 26
2 1 11 27
2 1 12 25
2 1 14 25
2 4 2 31
2 4 3 28
2 4 4 32
2 4 7 29
2 4 8 32
2 4 9 33
2 4 12 28
2 4 14 28
2 6 0 32
2 6 1 29
2 6 2 33
2 6 4 30
2 6 5 33
2 6 9 34
2 6 10 29
2 6 11 29
2 11 3 26
2 11 4 29
2 11 5 28
2 11 7 31
2 11 8 28
2 11 11 29
2 11 12 27
2 11 14 27
2 13 2 27
2 13 3 32
2 13 5 33
2 13 6 29
2 13 7 30
2 13 10 33
2 13 11 31
2 13 14 31
3 1 1 54
3 1 2 59
3 1 3 60
3 1 6 63
3 1 7 64
3 1 11 67
3 1 12 65
3 1 14 65
3 2 1 59
3 2 3 64
3 2 4 65
3 2 6 68
3 2 8 69
3 2 9 72
3 2 10 70
3 2 11 70
3 3 0 60
3 3 1 65
3 3 4 66
3 3 5 69
3 3 8 70
3 3 9 73
3 3 11 71
3 3 14 71
3 6 0 69
3 6 1 63
3 6 2 77
3 6 4 74
3 6 5 68
3 6 9 72
3 6 10 67
3 6 11 76
3 12 1 69
3 12 2 64
3 12 4 71
3 12 6 65
3 12 7 72
3 12 9 74
3 12 10 63
3 12 11 64
4 6 0 72
4 6 1 67
4 6 2 74
4 6 4 68
4 6 5 75
4 6 9 77
4 6 10 66
4 6 11 67
4 7 0 75
4 7 1 70
4 7 3 77
4 7 4 71
4 7 5 78
4 7 6 80
4 7 7 69
4 7 8 70
4 9 1 73
4 9 2 76
4 9 3 81
4 9 4 90
4 9 5 81
4 9 6 76
4 9 7 74
4 9 11 74
4 10 0 87
4 10 1 86
4 10 2 95
4 10 3 92
4 10 4 81
4 10 7 100
4 10 9 90
4 10 10 94
4 14 0 73
4 14 1 76
4 14 4 81
4 14 5 90
4 14 6 81
4 14 10 76
4 14 12 74
4 14 13 74
5 3 0 58
5 3 1 61
5 3 4 54
5 3 5 63
5 3 8 60
5 3 9 55
5 3 11 53
5 3 14 53
5 4 2 56
5 4 3 61
5 4 4 62
5 4 7 65
5 4 8 66
5 4 9 69
5 4 12 67
5 4 14 67
5 6 0 57
5 6 1 62
5 6 2 63
5 6 4 66
5 6 5 67
5 6 9 70
5 6 10 68
5 6 11 68
6 4 2 62
6 4 3 67
6 4 4 68
6 4 7 71
6 4 8 72
6 4 9 75
6 4 12 73
6 4 14 73
6 9 1 56
6 9 2 61
6 9 3 62
6 9 4 65
6 9 5 66
6 9 6 69
6 9 7 67
6 9 11 67
6 10 0 75
6 10 1 70
6 10 2 77
6 10 3 71
6 10 4 78
6 10 7 80
6 10 9 69
6 10 10 70
6 11 3 72
6 11 4 67
6 11 5 74
6 11 7 68
6 11 8 75
6 11 11 77
6 11 12 66
6 11 14 67
7 0 0 12
7 0 4 11
7 0 5 13
7 0 6 11
7 0 9 13
7 0 11 13
7 0 13 11
7 0 14 11
7 1 1 11
7 1 2 10
7 1 3 12
7 1 6 10
7 1 7 12
7 1 11 12
7 1 12 10
7 1 14 10
7 8 3 13
7 8 4 12
7 8 6 14
7 8 8 12
7 8 10 14
7 8 12 14
7 8 13 12
7 8 14 12
7 14 0 11
7 14 1 10
7 14 4 12
7 14 5 10
7 14 6 12
7 14 10 12
7 14 12 10
7 14 13 10
8 1 1 51
8 1 2 54
8 1 3 47
8 1 6 56
8 1 7 53
8 1 11 48
8 1 12 46
8 1 14 46
8 4 2 54
8 4 3 57
8 4 4 50
8 4 7 59
8 4 8 56
8 4 9 51
8 4 12 49
8 4 14 49
8 8 3 48
8 8 4 47
8 8 6 46
8 8 8 43
8 8 10 42
8 8 12 51
8 8 13 51
8 8 14 45
9 4 2 55
9 4 3 58
9 4 4 51
9 4 7 60
9 4 8 57
9 4 9 52
9 4 12 50
9 4 14 50
9 5 1 58
9 5 3 61
9 5 4 54
9 5 6 63
9 5 7 60
9 5 8 55
9 5 10 53
9 5 14 53
9 8 3 51
9 8 4 54
9 8 6 47
9 8 8 56
9 8 10 53
9 8 12 48
9 8 13 46
9 8 14 46
9 9 1 62
9 9 2 63
9 9 3 61
9 9 4 60
9 9 5 62
9 9 6 57
9 9 7 62
9 9 11 58
10 2 1 30
10 2 3 27
10 2 4 31
10 2 6 28
10 2 8 31
10 2 9 32
10 2 10 27
10 2 11 27
10 9 1 25
10 9 2 28
10 9 3 27
10 9 4 30
10 9 5 27
10 9 6 28
10 9 7 26
10 9 11 26
10 11 3 31
10 11 4 28
10 11 5 32
10 11 7 29
10 11 8 32
10 11 11 33
10 11 12 28
10 11 14 28
10 12 1 26
10 12 2 29
10 12 4 28
10 12 6 31
10 12 7 28
10 12 9 29
10 12 10 27
10 12 11 27
10 14 0 31
10 14 1 28
10 14 4 32
10 14 5 29
10 14 6 32
10 14 10 33
10 14 12 28
10 14 13 28
11 4 2 89
11 4 3 88
11 4 4 97
11 4 7 94
11 4 8 83
11 4 9 102
11 4 12 92
11 4 14 96
11 7 0 88
11 7 1 87
11 7 3 96
11 7 4 93
11 7 5 82
11 7 6 101
11 7 7 91
11 7 8 95
11 12 1 104
11 12 2 103
11 12 4 106
11 12 6 109
11 12 7 104
11 12 9 105
11 12 10 95
11 12 11 97
12 3 0 8
12 3 1 8
12 3 4 9
12 3 5 8
12 3 8 9
12 3 9 9
12 3 11 8
12 3 14 8
12 4 2 8
12 4 3 8
12 4 4 9
12 4 7 8
12 4 8 9
12 4 9 9
12 4 12 8
12 4 14 8
12 12 1 10
12 12 2 9
12 12 4 11
12 12 6 9
12 12 7 11
12 12 9 11
12 12 10 9
12 12 11 9
13 2 1 90
13 2 3 89
13 2 4 98
13 2 6 95
13 2 8 84
13 2 9 103
13 2 10 93
13 2 11 97
13 4 2 89
13 4 3 88
13 4 4 97
13 4 7 94
13 4 8 83
13 4 9 102
13 4 12 92
13 4 14 96
13 8 3 105
13 8 4 104
13 8 6 107
13 8 8 110
13 8 10 105
13 8 12 106
13 8 13 96
13 8 14 98
13 12 1 95
13 12 2 94
13 12 4 103
13 12 6 100
13 12 7 89
13 12 9 108
13 12 10 98
13 12 11 102
13 14 0 79
13 14 1 82
13 14 4 87
13 14 5 96
13 14 6 87
13 14 10 82
13 14 12 80
13 14 13 80
14 1 1 19
14 1 2 18
14 1 3 22
14 1 6 19
14 1 7 18
14 1 11 22
14 1 12 22
14 1 14 21
14 6 0 20
14 6 1 23
14 6 2 22
14 6 4 25
14 6 5 22
14 6 9 23
14 6 10 21
14 6 11 21
14 8 3 19
14 8 4 22
14 8 6 21
14 8 8 24
14 8 10 21
14 8 12 22
14 8 13 20
14 8 14 20
15 1 1 58
15 1 2 61
15 1 3 54
15 1 6 63
15 1 7 60
15 1 11 55
15 1 12 53
15 1 14 53
15 3 0 56
15 3 1 61
15 3 4 62
15 3 5 65
15 3 8 66
15 3 9 69
15 3 11 67
15 3 14 67
15 4 2 57
15 4 3 62
15 4 4 63
15 4 7 66
15 4 8 67
15 4 9 70
15 4 12 68
15 4 14 68
15 10 0 60
15 10 1 65
15 10 2 66
15 10 3 69
15 10 4 70
15 10 7 73
15 10 9 71
15 10 10 71
16 1 1 74
16 1 2 69
16 1 3 76
16 1 6 70
16 1 7 77
16 1 11 79
16 1 12 68
16 1 14 69
16 4 2 77
16 4 3 72
16 4 4 79
16 4 7 73
16 4 8 80
16 4 9 82
16 4 12 71
16 4 14 72
16 7 0 75
16 7 1 78
16 7 3 83
16 7 4 92
16 7 5 83
16 7 6 78
16 7 7 76
16 7 8 76
16 14 0 89
16 14 1 88
16 14 4 97
16 14 5 94
16 14 6 83
16 14 10 102
16 14 12 92
16 14 13 96
17 0 0 31
17 0 4 28
17 0 5 32
17 0 6 29
17 0 9 32
17 0 11 33
17 0 13 28
17 0 14 28
17 2 1 26
17 2 3 29
17 2 4 28
17 2 6 31
17 2 8 28
17 2 9 29
17 2 10 27
17 2 11 27
17 5 1 32
17 5 3 29
17 5 4 33
17 5 6 30
17 5 7 33
17 5 8 34
17 5 10 29
17 5 14 29
17 9 1 27
17 9 2 32
17 9 3 33
17 9 4 29
17 9 5 30
17 9 6 33
17 9 7 31
17 9 11 31
17 11 3 32
17 11 4 29
17 11 5 33
17 11 7 30
17 11 8 33
17 11 11 34
17 11 12 29
17 11 14 29
18 7 0 55
18 7 1 60
18 7 3 61
18 7 4 64
18 7 5 65
18 7 6 68
18 7 7 66
18 7 8 66
18 9 1 56
18 9 2 61
18 9 3 62
18 9 4 65
18 9 5 66
18 9 6 69
18 9 7 67
18 9 11 67
18 10 0 54
18 10 1 59
18 10 2 60
18 10 3 63
18 10 4 64
18 10 7 67
18 10 9 65
18 10 10 65
19 1 1 49
19 1 2 48
19 1 3 47
19 1 6 44
19 1 7 43
19 1 11 52
19 1 12 52
19 1 14 46
19 3 0 48
19 3 1 47
19 3 4 46
19 3 5 43
19 3 8 42
19 3 9 51
19 3 11 51
19 3 14 45
19 4 2 47
19 4 3 46
19 4 4 45
19 4 7 42
19 4 8 41
19 4 9 50
19 4 12 50
19 4 14 44
19 5 1 44
19 5 3 43
19 5 4 42
19 5 6 39
19 5 7 38
19 5 8 47
19 5 10 47
19 5 14 41
20 0 0 47
20 0 4 46
20 0 5 45
20 0 6 42
20 0 9 41
20 0 11 50
20 0 13 50
20 0 14 44
20 1 1 46
20 1 2 45
20 1 3 44
20 1 6 41
20 1 7 40
20 1 11 49
20 1 12 49
20 1 14 43
20 5 1 45
20 5 3 44
20 5 4 43
20 5 6 40
20 5 7 39
20 5 8 48
20 5 10 48
20 5 14 42
21 6 0 44
21 6 1 43
21 6 2 42
21 6 4 39
21 6 5 38
21 6 9 47
21 6 10 47
21 6 11 41
21 7 0 43
21 7 1 42
21 7 3 41
21 7 4 38
21 7 5 37
21 7 6 46
21 7 7 46
21 7 8 40
21 8 3 42
21 8 4 41
21 8 6 40
21 8 8 37
21 8 10 36
21 8 12 45
21 8 13 45
21 8 14 39
22 3 0 55
22 3 1 58
22 3 4 51
22 3 5 60
22 3 8 57
22 3 9 52
22 3 11 50
22 3 14 50
22 4 2 62
22 4 3 63
22 4 4 61
22 4 7 60
22 4 8 62
22 4 9 57
22 4 12 62
22 4 14 58
22 13 2 54
22 13 3 59
22 13 5 60
22 13 6 63
22 13 7 64
22 13 10 67
22 13 11 65
22 13 14 65
23 4 2 59
23 4 3 62
23 4 4 55
23 4 7 64
23 4 8 61
23 4 9 56
23 4 12 54
23 4 14 54
23 13 2 55
23 13 3 60
23 13 5 61
23 13 6 64
23 13 7 65
23 13 10 68
23 13 11 66
23 13 14 66
23 14 0 55
23 14 1 58
23 14 4 51
23 14 5 60
23 14 6 57
23 14 10 52
23 14 12 50
23 14 13 50
24 6 0 69
24 6 1 63
24 6 2 77
24 6 4 74
24 6 5 68
24 6 9 72
24 6 10 67
24 6 11 76
24 8 3 58
24 8 4 63
24 8 6 64
24 8 8 67
24 8 10 68
24 8 12 71
24 8 13 69
24 8 14 69
24 12 1 70
24 12 2 65
24 12 4 72
24 12 6 66
24 12 7 73
24 12 9 75
24 12 10 64
24 12 11 65
24 14 0 59
24 14 1 64
24 14 4 65
24 14 5 68
24 14 6 69
24 14 10 72
24 14 12 70
24 14 13 70
25 2 1 89
25 2 3 88
25 2 4 97
25 2 6 94
25 2 8 83
25 2 9 102
25 2 10 92
25 2 11 96
25 3 0 88
25 3 1 87
25 3 4 96
25 3 5 93
25 3 8 82
25 3 9 101
25 3 11 91
25 3 14 95
25 4 2 104
25 4 3 103
25 4 4 106
25 4 7 109
25 4 8 104
25 4 9 105
25 4 12 95
25 4 14 97
25 5 1 94
25 5 3 93
25 5 4 102
25 5 6 99
25 5 7 88
25 5 8 107
25 5 10 97
25 5 14 101
25 10 0 78
25 10 1 81
25 10 2 86
25 10 3 95
25 10 4 86
25 10 7 81
25 10 9 79
25 10 10 79
26 1 1 74
26 1 2 69
26 1 3 76
26 1 6 70
26 1 7 77
26 1 11 79
26 1 12 68
26 1 14 69
26 5 1 77
26 5 3 72
26 5 4 79
26 5 6 73
26 5 7 80
26 5 8 82
26 5 10 71
26 5 14 72
26 7 0 75
26 7 1 78
26 7 3 83
26 7 4 92
26 7 5 83
26 7 6 78
26 7 7 76
26 7 8 76
27 2 1 72
27 2 3 67
27 2 4 74
27 2 6 68
27 2 8 75
27 2 9 77
27 2 10 66
27 2 11 67
27 6 0 62
27 6 1 67
27 6 2 68
27 6 4 71
27 6 5 72
27 6 9 75
27 6 10 73
27 6 11 73
27 9 1 74
27 9 2 69
27 9 3 76
27 9 4 70
27 9 5 77
27 9 6 79
27 9 7 68
27 9 11 69
27 11 3 69
27 11 4 63
27 11 5 77
27 11 7 74
27 11 8 68
27 11 11 72
27 11 12 67
27 11 14 76
28 2 1 62
28 2 3 67
28 2 4 68
28 2 6 71
28 2 8 72
28 2 9 75
28 2 10 73
28 2 11 73
28 3 0 56
28 3 1 61
28 3 4 62
28 3 5 65
28 3 8 66
28 3 9 69
28 3 11 67
28 3 14 67
28 4 2 75
28 4 3 70
28 4 4 77
28 4 7 71
28 4 8 78
28 4 9 80
28 4 12 69
28 4 14 70
28 7 0 72
28 7 1 67
28 7 3 74
28 7 4 68
28 7 5 75
28 7 6 77
28 7 7 66
28 7 8 67
29 0 0 73
29 0 4 68
29 0 5 75
29 0 6 69
29 0 9 76
29 0 11 78
29 0 13 67
29 0 14 68
29 1 1 76
29 1 2 71
29 1 3 78
29 1 6 72
29 1 7 79
29 1 11 81
29 1 12 70
29 1 14 71
29 9 1 74
29 9 2 77
29 9 3 82
29 9 4 91
29 9 5 82
29 9 6 77
29 9 7 75
29 9 11 75
29 10 0 88
29 10 1 87
29 10 2 96
29 10 3 93
29 10 4 82
29 10 7 101
29 10 9 91
29 10 10 95
29 14 0 74
29 14 1 77
29 14 4 82
29 14 5 91
29 14 6 82
29 14 10 77
29 14 12 75
29 14 13 75
30 4 2 71
30 4 3 66
30 4 4 73
30 4 7 67
30 4 8 74
30 4 9 76
30 4 12 65
30 4 14 66
30 5 1 61
30 5 3 66
30 5 4 67
30 5 6 70
30 5 7 71
30 5 8 74
30 5 10 72
30 5 14 72
30 11 3 73
30 11 4 68
30 11 5 75
30 11 7 69
30 11 8 76
30 11 11 78
30 11 12 67
30 11 14 68
30 12 1 62
30 12 2 67
30 12 4 68
30 12 6 71
30 12 7 72
30 12 9 75
30 12 10 73
30 12 11 73
31 1 1 70
31 1 2 65
31 1 3 72
31 1 6 66
31 1 7 73
31 1 11 75
31 1 12 64
31 1 14 65
31 3 0 60
31 3 1 65
31 3 4 66
31 3 5 69
31 3 8 70
31 3 9 73
31 3 11 71
31 3 14 71
31 4 2 72
31 4 3 67
31 4 4 74
31 4 7 68
31 4 8 75
31 4 9 77
31 4 12 66
31 4 14 67
31 7 0 61
31 7 1 66
31 7 3 67
31 7 4 70
31 7 5 71
31 7 6 74
31 7 7 72
31 7 8 72
31 8 3 73
31 8 4 68
31 8 6 75
31 8 8 69
31 8 10 76
31 8 12 78
31 8 13 67
31 8 14 68
32 1 1 58
32 1 2 61
32 1 3 54
32 1 6 63
32 1 7 60
32 1 11 55
32 1 12 53
32 1 14 53
32 2 1 56
32 2 3 61
32 2 4 62
32 2 6 65
32 2 8 66
32 2 9 69
32 2 10 67
32 2 11 67
32 9 1 57
32 9 2 62
32 9 3 63
32 9 4 66
32 9 5 67
32 9 6 70
32 9 7 68
32 9 11 68
33 4 2 35
33 4 3 32
33 4 4 36
33 4 7 33
33 4 8 36
33 4 9 37
33 4 12 32
33 4 14 32
33 7 0 38
33 7 1 35
33 7 3 39
33 7 4 36
33 7 5 39
33 7 6 40
33 7 7 35
33 7 8 35
33 9 1 45
33 9 2 44
33 9 3 43
33 9 4 40
33 9 5 39
33 9 6 48
33 9 7 48
33 9 11 42
33 10 0 45
33 10 1 44
33 10 2 43
33 10 3 40
33 10 4 39
33 10 7 48
33 10 9 48
33 10 10 42
33 11 3 45
33 11 4 44
33 11 5 43
33 11 7 40
33 11 8 39
33 11 11 48
33 11 12 48
33 11 14 42
34 2 1 91
34 2 3 90
34 2 4 99
34 2 6 96
34 2 8 85
34 2 9 104
34 2 10 94
34 2 11 98
34 3 0 90
34 3 1 89
34 3 4 98
34 3 5 95
34 3 8 84
34 3 9 103
34 3 11 93
34 3 14 97
34 6 0 106
34 6 1 105
34 6 2 108
34 6 4 111
34 6 5 106
34 6 9 107
34 6 10 97
34 6 11 99
34 7 0 90
34 7 1 102
34 7 3 110
34 7 4 92
34 7 5 107
34 7 6 96
34 7 7 94
34 7 8 94
35 2 1 89
35 2 3 88
35 2 4 97
35 2 6 94
35 2 8 83
35 2 9 102
35 2 10 92
35 2 11 96
35 3 0 88
35 3 1 87
35 3 4 96
35 3 5 93
35 3 8 82
35 3 9 101
35 3 11 91
35 3 14 95
35 6 0 104
35 6 1 103
35 6 2 106
35 6 4 109
35 6 5 104
35 6 9 105
35 6 10 95
35 6 11 97
35 10 0 94
35 10 1 93
35 10 2 102
35 10 3 99
35 10 4 88
35 10 7 107
35 10 9 97
35 10 10 101
36 0 0 23
36 0 4 26
36 0 5 25
36 0 6 28
36 0 9 25
36 0 11 26
36 0 13 24
36 0 14 24
36 5 1 26
36 5 3 29
36 5 4 28
36 5 6 31
36 5 7 28
36 5 8 29
36 5 10 27
36 5 14 27
36 11 3 25
36 11 4 28
36 11 5 27
36 11 7 30
36 11 8 27
36 11 11 28
36 11 12 26
36 11 14 26
36 14 0 30
36 14 1 27
36 14 4 31
36 14 5 28
36 14 6 31
36 14 10 32
36 14 12 27
36 14 13 27
37 4 2 22
37 4 3 25
37 4 4 24
37 4 7 27
37 4 8 24
37 4 9 25
37 4 12 23
37 4 14 23
37 5 1 25
37 5 3 28
37 5 4 27
37 5 6 30
37 5 7 27
37 5 8 28
37 5 10 26
37 5 14 26
37 6 0 24
37 6 1 27
37 6 2 26
37 6 4 29
37 6 5 26
37 6 9 27
37 6 10 25
37 6 11 25
37 12 1 27
37 12 2 32
37 12 4 33
37 12 6 29
37 12 7 30
37 12 9 33
37 12 10 31
37 12 11 31
38 0 0 72
38 0 4 67
38 0 5 74
38 0 6 68
38 0 9 75
38 0 11 77
38 0 13 66
38 0 14 67
38 1 1 62
38 1 2 67
38 1 3 68
38 1 6 71
38 1 7 72
38 1 11 75
38 1 12 73
38 1 14 73
38 6 0 74
38 6 1 69
38 6 2 76
38 6 4 70
38 6 5 77
38 6 9 79
38 6 10 68
38 6 11 69
38 12 1 69
38 12 2 63
38 12 4 77
38 12 6 74
38 12 7 68
38 12 9 72
38 12 10 67
38 12 11 76
38 13 2 75
38 13 3 70
38 13 5 77
38 13 6 71
38 13 7 78
38 13 10 80
38 13 11 69
38 13 14 70
39 0 0 11
39 0 4 10
39 0 5 12
39 0 6 10
39 0 9 12
39 0 11 12
39 0 13 10
39 0 14 10
39 1 1 10
39 1 2 9
39 1 3 11
39 1 6 9
39 1 7 11
39 1 11 11
39 1 12 9
39 1 14 9
39 7 0 12
39 7 1 11
39 7 3 13
39 7 4 11
39 7 5 13
39 7 6 13
39 7 7 11
39 7 8 11
39 10 0 10
39 10 1 9
39 10 2 11
39 10 3 9
39 10 4 11
39 10 7 11
39 10 9 9
39 10 10 9
39 12 1 12
39 12 2 11
39 12 4 13
39 12 6 11
39 12 7 13
39 12 9 13
39 12 10 11
39 12 11 11
40 2 1 71
40 2 3 66
40 2 4 73
40 2 6 67
40 2 8 74
40 2 9 76
40 2 10 65
40 2 11 66
40 6 0 74
40 6 1 69
40 6 2 76
40 6 4 70
40 6 5 77
40 6 9 79
40 6 10 68
40 6 11 69
40 10 0 72
40 10 1 75
40 10 2 80
40 10 3 89
40 10 4 80
40 10 7 75
40 10 9 73
40 10 10 73
41 1 1 31
41 1 2 28
41 1 3 32
41 1 6 29
41 1 7 32
41 1 11 33
41 1 12 28
41 1 14 28
41 8 3 26
41 8 4 29
41 8 6 28
41 8 8 31
41 8 10 28
41 8 12 29
41 8 13 27
41 8 14 27
41 10 0 32
41 10 1 29
41 10 2 33
41 10 3 30
41 10 4 33
41 10 7 34
41 10 9 29
41 10 10 29
41 12 1 27
41 12 2 32
41 12 4 33
41 12 6 29
41 12 7 30
41 12 9 33
41 12 10 31
41 12 11 31
41 13 2 32
41 13 3 29
41 13 5 33
41 13 6 30
41 13 7 33
41 13 10 34
41 13 11 29
41 13 14 29
42 1 1 9
42 1 2 9
42 1 3 11
42 1 6 11
42 1 7 11
42 1 11 9
42 1 12 10
42 1 14 10
42 12 1 8
42 12 2 8
42 12 4 9
42 12 6 8
42 12 7 9
42 12 9 9
42 12 10 8
42 12 11 8
42 13 2 10
42 13 3 9
42 13 5 11
42 13 6 9
42 13 7 11
42 13 10 11
42 13 11 9
42 13 14 9
43 0 0 49
43 0 4 48
43 0 5 47
43 0 6 44
43 0 9 43
43 0 11 52
43 0 13 52
43 0 14 46
43 2 1 48
43 2 3 47
43 2 4 46
43 2 6 43
43 2 8 42
43 2 9 51
43 2 10 51
43 2 11 45
43 5 1 47
43 5 3 46
43 5 4 45
43 5 6 42
43 5 7 41
43 5 8 50
43 5 10 50
43 5 14 44
44 0 0 45
44 0 4 44
44 0 5 43
44 0 6 40
44 0 9 39
44 0 11 48
44 0 13 48
44 0 14 42
44 1 1 44
44 1 2 43
44 1 3 42
44 1 6 39
44 1 7 38
44 1 11 47
44 1 12 47
44 1 14 41
44 2 1 43
44 2 3 42
44 2 4 41
44 2 6 38
44 2 8 37
44 2 9 46
44 2 10 46
44 2 11 40
44 6 0 38
44 6 1 35
44 6 2 39
44 6 4 36
44 6 5 39
44 6 9 40
44 6 10 35
44 6 11 35
44 8 3 37
44 8 4 34
44 8 6 38
44 8 8 35
44 8 10 38
44 8 12 39
44 8 13 34
44 8 14 34
45 0 0 53
45 0 4 56
45 0 5 49
45 0 6 58
45 0 9 55
45 0 11 50
45 0 13 48
45 0 14 48
45 1 1 56
45 1 2 59
45 1 3 52
45 1 6 61
45 1 7 58
45 1 11 53
45 1 12 51
45 1 14 51
45 3 0 50
45 3 1 49
45 3 4 48
45 3 5 45
45 3 8 44
45 3 9 53
45 3 11 53
45 3 14 47
45 8 3 58
45 8 4 61
45 8 6 54
45 8 8 63
45 8 10 60
45 8 12 55
45 8 13 53
45 8 14 53
45 10 0 55
45 10 1 58
45 10 2 51
45 10 3 60
45 10 4 57
45 10 7 52
45 10 9 50
45 10 10 50
46 1 1 90
46 1 2 89
46 1 3 98
46 1 6 95
46 1 7 84
46 1 11 103
46 1 12 93
46 1 14 97
46 3 0 89
46 3 1 88
46 3 4 97
46 3 5 94
46 3 8 83
46 3 9 102
46 3 11 92
46 3 14 96
46 4 2 105
46 4 3 104
46 4 4 107
46 4 7 110
46 4 8 105
46 4 9 106
46 4 12 96
46 4 14 98
46 9 1 95
46 9 2 94
46 9 3 103
46 9 4 100
46 9 5 89
46 9 6 108
46 9 7 98
46 9 11 102
47 0 0 43
47 0 4 42
47 0 5 41
47 0 6 38
47 0 9 37
47 0 11 46
47 0 13 46
47 0 14 40
47 7 0 42
47 7 1 41
47 7 3 40
47 7 4 37
47 7 5 36
47 7 6 45
47 7 7 45
47 7 8 39
47 11 3 36
47 11 4 39
47 11 5 44
47 11 7 44
47 11 8 44
47 11 11 39
47 11 12 37
47 11 14 37
48 5 1 51
48 5 3 54
48 5 4 47
48 5 6 56
48 5 7 53
48 5 8 48
48 5 10 46
48 5 14 46
48 6 0 54
48 6 1 57
48 6 2 50
48 6 4 59
48 6 5 56
48 6 9 51
48 6 10 49
48 6 11 49
48 12 1 48
48 12 2 47
48 12 4 46
48 12 6 43
48 12 7 42
48 12 9 51
48 12 10 51
48 12 11 45
48 13 2 56
48 13 3 59
48 13 5 52
48 13 6 61
48 13 7 58
48 13 10 53
48 13 11 51
48 13 14 51
49 2 1 57
49 2 3 60
49 2 4 53
49 2 6 62
49 2 8 59
49 2 9 54
49 2 10 52
49 2 11 52
49 10 0 55
49 10 1 60
49 10 2 61
49 10 3 64
49 10 4 65
49 10 7 68
49 10 9 66
49 10 10 66
49 11 3 56
49 11 4 61
49 11 5 62
49 11 7 65
49 11 8 66
49 11 11 69
49 11 12 67
49 11 14 67
50 1 1 72
50 1 2 75
50 1 3 80
50 1 6 89
50 1 7 80
50 1 11 75
50 1 12 73
50 1 14 73
50 4 2 75
50 4 3 78
50 4 4 83
50 4 7 92
50 4 8 83
50 4 9 78
50 4 12 76
50 4 14 76
50 5 1 81
50 5 3 84
50 5 4 90
50 5 6 84
50 5 7 89
50 5 8 94
50 5 10 85
50 5 14 94
50 7 0 75
50 7 1 78
50 7 3 83
50 7 4 92
50 7 5 83
50 7 6 78
50 7 7 76
50 7 8 76
51 0 0 13
51 0 4 12
51 0 5 14
51 0 6 12
51 0 9 14
51 0 11 14
51 0 13 12
51 0 14 12
51 3 0 12
51 3 1 11
51 3 4 13
51 3 5 11
51 3 8 13
51 3 9 13
51 3 11 11
51 3 14 11
51 11 3 14
51 11 4 13
51 11 5 15
51 11 7 13
51 11 8 15
51 11 11 15
51 11 12 13
51 11 14 13
52 1 1 17
52 1 2 16
52 1 3 18
52 1 6 16
52 1 7 18
52 1 11 18
52 1 12 16
52 1 14 16
52 4 2 16
52 4 3 15
52 4 4 17
52 4 7 15
52 4 8 17
52 4 9 17
52 4 12 15
52 4 14 15
52 5 1 18
52 5 3 17
52 5 4 19
52 5 6 17
52 5 7 19
52 5 8 19
52 5 10 17
52 5 14 17
52 11 3 16
52 11 4 15
52 11 5 17
52 11 7 15
52 11 8 17
52 11 11 17
52 11 12 15
52 11 14 15
52 14 0 18
52 14 1 17
52 14 4 19
52 14 5 17
52 14 6 19
52 14 10 19
52 14 12 17
52 14 13 17
53 0 0 48
53 0 4 47
53 0 5 46
53 0 6 43
53 0 9 42
53 0 11 51
53 0 13 51
53 0 14 45
53 1 1 47
53 1 2 46
53 1 3 45
53 1 6 42
53 1 7 41
53 1 11 50
53 1 12 50
53 1 14 44
53 3 0 46
53 3 1 45
53 3 4 44
53 3 5 41
53 3 8 40
53 3 9 49
53 3 11 49
53 3 14 43
53 6 0 43
53 6 1 42
53 6 2 41
53 6 4 38
53 6 5 37
53 6 9 46
53 6 10 46
53 6 11 40
53 10 0 42
53 10 1 41
53 10 2 40
53 10 3 37
53 10 4 36
53 10 7 45
53 10 9 45
53 10 10 39
54 5 1 56
54 5 3 59
54 5 4 52
54 5 6 61
54 5 7 58
54 5 8 53
54 5 10 51
54 5 14 51
54 6 0 54
54 6 1 59
54 6 2 60
54 6 4 63
54 6 5 64
54 6 9 67
54 6 10 65
54 6 11 65
54 7 0 55
54 7 1 60
54 7 3 61
54 7 4 64
54 7 5 65
54 7 6 68
54 7 7 66
54 7 8 66
55 4 2 17
55 4 3 16
55 4 4 18
55 4 7 16
55 4 8 18
55 4 9 18
55 4 12 16
55 4 14 16
55 8 3 16
55 8 4 15
55 8 6 17
55 8 8 15
55 8 10 17
55 8 12 17
55 8 13 15
55 8 14 15
55 9 1 18
55 9 2 17
55 9 3 19
55 9 4 17
55 9 5 19
55 9 6 19
55 9 7 17
55 9 11 17
55 10 0 16
55 10 1 15
55 10 2 17
55 10 3 15
55 10 4 17
55 10 7 17
55 10 9 15
55 10 10 15
55 12 1 18
55 12 2 17
55 12 4 19
55 12 6 17
55 12 7 19
55 12 9 19
55 12 10 17
55 12 11 17
56 1 1 74
56 1 2 69
56 1 3 76
56 1 6 70
56 1 7 77
56 1 11 79
56 1 12 68
56 1 14 69
56 4 2 72
56 4 3 67
56 4 4 74
56 4 7 68
56 4 8 75
56 4 9 77
56 4 12 66
56 4 14 67
56 10 0 73
56 10 1 68
56 10 2 75
56 10 3 69
56 10 4 76
56 10 7 78
56 10 9 67
56 10 10 68
56 12 1 72
56 12 2 67
56 12 4 74
56 12 6 68
56 12 7 75
56 12 9 77
56 12 10 66
56 12 11 67
57 3 0 54
57 3 1 57
57 3 4 50
57 3 5 59
57 3 8 56
57 3 9 51
57 3 11 49
57 3 14 49
57 5 1 57
57 5 3 60
57 5 4 53
57 5 6 62
57 5 7 59
57 5 8 54
57 5 10 52
57 5 14 52
57 7 0 48
57 7 1 47
57 7 3 50
57 7 4 53
57 7 5 48
57 7 6 49
57 7 7 50
57 7 8 52
57 14 0 59
57 14 1 62
57 14 4 55
57 14 5 64
57 14 6 61
57 14 10 56
57 14 12 54
57 14 13 54
58 4 2 73
58 4 3 68
58 4 4 75
58 4 7 69
58 4 8 76
58 4 9 78
58 4 12 67
58 4 14 68
58 10 0 69
58 10 1 63
58 10 2 77
58 10 3 74
58 10 4 68
58 10 7 72
58 10 9 67
58 10 10 76
58 13 2 75
58 13 3 70
58 13 5 77
58 13 6 71
58 13 7 78
58 13 10 80
58 13 11 69
58 13 14 70
59 0 0 44
59 0 4 43
59 0 5 42
59 0 6 39
59 0 9 38
59 0 11 47
59 0 13 47
59 0 14 41
59 1 1 43
59 1 2 42
59 1 3 41
59 1 6 38
59 1 7 37
59 1 11 46
59 1 12 46
59 1 14 40
59 3 0 42
59 3 1 41
59 3 4 40
59 3 5 37
59 3 8 36
59 3 9 45
59 3 11 45
59 3 14 39
59 4 2 37
59 4 3 34
59 4 4 38
59 4 7 35
59 4 8 38
59 4 9 39
59 4 12 34
59 4 14 34
59 12 1 36
59 12 2 33
59 12 4 37
59 12 6 34
59 12 7 37
59 12 9 38
59 12 10 33
59 12 11 33
60 1 1 81
60 1 2 84
60 1 3 90
60 1 6 84
60 1 7 89
60 1 11 94
60 1 12 85
60 1 14 94
60 7 0 105
60 7 1 104
60 7 3 107
60 7 4 110
60 7 5 105
60 7 6 106
60 7 7 96
60 7 8 98
60 11 3 108
60 11 4 121
60 11 5 109
60 11 7 99
60 11 8 121
60 11 11 110
60 11 12 108
60 11 14 121
60 13 2 88
60 13 3 87
60 13 5 96
60 13 6 93
60 13 7 82
60 13 10 101
60 13 11 91
60 13 14 95
61 1 1 57
61 1 2 60
61 1 3 53
61 1 6 62
61 1 7 59
61 1 11 54
61 1 12 52
61 1 14 52
61 6 0 55
61 6 1 60
61 6 2 61
61 6 4 64
61 6 5 65
61 6 9 68
61 6 10 66
61 6 11 66
61 11 3 56
61 11 4 61
61 11 5 62
61 11 7 65
61 11 8 66
61 11 11 69
61 11 12 67
61 11 14 67
61 13 2 59
61 13 3 64
61 13 5 65
61 13 6 68
61 13 7 69
61 13 10 72
61 13 11 70
61 13 14 70
62 2 1 22
62 2 3 25
62 2 4 24
62 2 6 27
62 2 8 24
62 2 9 25
62 2 10 23
62 2 11 23
62 6 0 25
62 6 1 28
62 6 2 27
62 6 4 30
62 6 5 27
62 6 9 28
62 6 10 26
62 6 11 26
62 8 3 24
62 8 4 27
62 8 6 26
62 8 8 29
62 8 10 26
62 8 12 27
62 8 13 25
62 8 14 25
62 9 1 27
62 9 2 32
62 9 3 33
62 9 4 29
62 9 5 30
62 9 6 33
62 9 7 31
62 9 11 31
63 1 1 18
63 1 2 17
63 1 3 19
63 1 6 17
63 1 7 19
63 1 11 19
63 1 12 17
63 1 14 17
63 3 0 19
63 3 1 22
63 3 4 21
63 3 5 24
63 3 8 21
63 3 9 22
63 3 11 20
63 3 14 20
63 7 0 18
63 7 1 21
63 7 3 20
63 7 4 23
63 7 5 20
63 7 6 21
63 7 7 19
63 7 8 19
64 4 2 49
64 4 3 48
64 4 4 47
64 4 7 44
64 4 8 43
64 4 9 52
64 4 12 52
64 4 14 46
64 5 1 48
64 5 3 47
64 5 4 46
64 5 6 43
64 5 7 42
64 5 8 51
64 5 10 51
64 5 14 45
64 7 0 47
64 7 1 46
64 7 3 45
64 7 4 42
64 7 5 41
64 7 6 50
64 7 7 50
64 7 8 44
64 8 3 44
64 8 4 43
64 8 6 42
64 8 8 39
64 8 10 38
64 8 12 47
64 8 13 47
64 8 14 41
64 13 2 43
64 13 3 42
64 13 5 41
64 13 6 38
64 13 7 37
64 13 10 46
64 13 11 46
64 13 14 40
65 7 0 70
65 7 1 65
65 7 3 72
65 7 4 66
65 7 5 73
65 7 6 75
65 7 7 64
65 7 8 65
65 9 1 73
65 9 2 68
65 9 3 75
65 9 4 69
65 9 5 76
65 9 6 78
65 9 7 67
65 9 11 68
65 12 1 76
65 12 2 74
65 12 4 75
65 12 6 74
65 12 7 84
65 12 9 87
65 12 10 84
65 12 11 75
65 14 0 80
65 14 1 83
65 14 4 88
65 14 5 97
65 14 6 88
65 14 10 83
65 14 12 81
65 14 13 81
66 1 1 16
66 1 2 15
66 1 3 17
66 1 6 15
66 1 7 17
66 1 11 17
66 1 12 15
66 1 14 15
66 6 0 15
66 6 1 14
66 6 2 16
66 6 4 14
66 6 5 16
66 6 9 16
66 6 10 14
66 6 11 14
66 10 0 17
66 10 1 16
66 10 2 18
66 10 3 16
66 10 4 18
66 10 7 18
66 10 9 16
66 10 10 16
66 13 2 15
66 13 3 14
66 13 5 16
66 13 6 14
66 13 7 16
66 13 10 16
66 13 11 14
66 13 14 14
67 3 0 19
67 3 1 18
67 3 4 22
67 3 5 19
67 3 8 18
67 3 9 22
67 3 11 22
67 3 14 21
67 7 0 20
67 7 1 23
67 7 3 22
67 7 4 25
67 7 5 22
67 7 6 23
67 7 7 21
67 7 8 21
67 11 3 19
67 11 4 22
67 11 5 21
67 11 7 24
67 11 8 21
67 11 11 22
67 11 12 20
67 11 14 20
67 13 2 22
67 13 3 25
67 13 5 24
67 13 6 27
67 13 7 24
67 13 10 25
67 13 11 23
67 13 14 23
68 3 0 48
68 3 1 47
68 3 4 46
68 3 5 43
68 3 8 42
68 3 9 51
68 3 11 51
68 3 14 45
68 9 1 47
68 9 2 46
68 9 3 45
68 9 4 42
68 9 5 41
68 9 6 50
68 9 7 50
68 9 11 44
68 11 3 46
68 11 4 45
68 11 5 44
68 11 7 41
68 11 8 40
68 11 11 49
68 11 12 49
68 11 14 43
69 2 1 52
69 2 3 55
69 2 4 48
69 2 6 57
69 2 8 54
69 2 9 49
69 2 10 47
69 2 11 47
69 5 1 55
69 5 3 58
69 5 4 51
69 5 6 60
69 5 7 57
69 5 8 52
69 5 10 50
69 5 14 50
69 7 0 49
69 7 1 48
69 7 3 47
69 7 4 44
69 7 5 43
69 7 6 52
69 7 7 52
69 7 8 46
69 9 1 57
69 9 2 60
69 9 3 53
69 9 4 62
69 9 5 59
69 9 6 54
69 9 7 52
69 9 11 52
69 10 0 54
69 10 1 57
69 10 2 50
69 10 3 59
69 10 4 56
69 10 7 51
69 10 9 49
69 10 10 49
70 0 0 56
70 0 4 59
70 0 5 52
70 0 6 61
70 0 9 58
70 0 11 53
70 0 13 51
70 0 14 51
70 2 1 59
70 2 3 62
70 2 4 55
70 2 6 64
70 2 8 61
70 2 9 56
70 2 10 54
70 2 11 54
70 6 0 52
70 6 1 55
70 6 2 48
70 6 4 57
70 6 5 54
70 6 9 49
70 6 10 47
70 6 11 47
70 8 3 54
70 8 4 59
70 8 6 60
70 8 8 63
70 8 10 64
70 8 12 67
70 8 13 65
70 8 14 65
70 14 0 58
70 14 1 61
70 14 4 54
70 14 5 63
70 14 6 60
70 14 10 55
70 14 12 53
70 14 13 53
71 2 1 17
71 2 3 16
71 2 4 18
71 2 6 16
71 2 8 18
71 2 9 18
71 2 10 16
71 2 11 16
71 6 0 16
71 6 1 15
71 6 2 17
71 6 4 15
71 6 5 17
71 6 9 17
71 6 10 15
71 6 11 15
71 9 1 18
71 9 2 17
71 9 3 19
71 9 4 17
71 9 5 19
71 9 6 19
71 9 7 17
71 9 11 17
72 2 1 73
72 2 3 68
72 2 4 75
72 2 6 69
72 2 8 76
72 2 9 78
72 2 10 67
72 2 11 68
72 8 3 69
72 8 4 63
72 8 6 77
72 8 8 74
72 8 10 68
72 8 12 72
72 8 13 67
72 8 14 76
72 11 3 75
72 11 4 70
72 11 5 77
72 11 7 71
72 11 8 78
72 11 11 80
72 11 12 69
72 11 14 70
72 12 1 69
72 12 2 64
72 12 4 71
72 12 6 65
72 12 7 72
72 12 9 74
72 12 10 63
72 12 11 64
72 14 0 76
72 14 1 71
72 14 4 78
72 14 5 72
72 14 6 79
72 14 10 81
72 14 12 70
72 14 13 71
73 4 2 50
73 4 3 49
73 4 4 48
73 4 7 45
73 4 8 44
73 4 9 53
73 4 12 53
73 4 14 47
73 6 0 49
73 6 1 48
73 6 2 47
73 6 4 44
73 6 5 43
73 6 9 52
73 6 10 52
73 6 11 46
73 7 0 48
73 7 1 47
73 7 3 46
73 7 4 43
73 7 5 42
73 7 6 51
73 7 7 51
73 7 8 45
74 2 1 32
74 2 3 29
74 2 4 33
74 2 6 30
74 2 8 33
74 2 9 34
74 2 10 29
74 2 11 29
74 6 0 27
74 6 1 32
74 6 2 33
74 6 4 29
74 6 5 30
74 6 9 33
74 6 10 31
74 6 11 31
74 12 1 33
74 12 2 30
74 12 4 34
74 12 6 31
74 12 7 34
74 12 9 35
74 12 10 30
74 12 11 30
74 13 2 30
74 13 3 27
74 13 5 31
74 13 6 28
74 13 7 31
74 13 10 32
74 13 11 27
74 13 14 27
75 0 0 33
75 0 4 30
75 0 5 34
75 0 6 31
75 0 9 34
75 0 11 35
75 0 13 30
75 0 14 30
75 4 2 30
75 4 3 27
75 4 4 31
75 4 7 28
75 4 8 31
75 4 9 32
75 4 12 27
75 4 14 27
75 6 0 34
75 6 1 31
75 6 2 35
75 6 4 32
75 6 5 35
75 6 9 36
75 6 10 31
75 6 11 31
75 9 1 31
75 9 2 28
75 9 3 32
75 9 4 29
75 9 5 32
75 9 6 33
75 9 7 28
75 9 11 28
76 9 1 22
76 9 2 25
76 9 3 24
76 9 4 27
76 9 5 24
76 9 6 25
76 9 7 23
76 9 11 23
76 10 0 25
76 10 1 28
76 10 2 27
76 10 3 30
76 10 4 27
76 10 7 28
76 10 9 26
76 10 10 26
76 11 3 24
76 11 4 27
76 11 5 26
76 11 7 29
76 11 8 26
76 11 11 27
76 11 12 25
76 11 14 25
76 12 1 27
76 12 2 32
76 12 4 33
76 12 6 29
76 12 7 30
76 12 9 33
76 12 10 31
76 12 11 31
77 2 1 62
77 2 3 63
77 2 4 61
77 2 6 60
77 2 8 62
77 2 9 57
77 2 10 62
77 2 11 58
77 3 0 58
77 3 1 63
77 3 4 64
77 3 5 67
77 3 8 68
77 3 9 71
77 3 11 69
77 3 14 69
77 7 0 59
77 7 1 64
77 7 3 65
77 7 4 68
77 7 5 69
77 7 6 72
77 7 7 70
77 7 8 70
77 8 3 62
77 8 4 67
77 8 6 68
77 8 8 71
77 8 10 72
77 8 12 75
77 8 13 73
77 8 14 73
78 2 1 47
78 2 3 46
78 2 4 45
78 2 6 42
78 2 8 41
78 2 9 50
78 2 10 50
78 2 11 44
78 4 2 46
78 4 3 45
78 4 4 44
78 4 7 41
78 4 8 40
78 4 9 49
78 4 12 49
78 4 14 43
78 5 1 45
78 5 3 44
78 5 4 43
78 5 6 40
78 5 7 39
78 5 8 48
78 5 10 48
78 5 14 42
78 12 1 42
78 12 2 41
78 12 4 40
78 12 6 37
78 12 7 36
78 12 9 45
78 12 10 45
78 12 11 39
78 14 0 36
78 14 1 39
78 14 4 44
78 14 5 44
78 14 6 44
78 14 10 39
78 14 12 37
78 14 13 37
79 0 0 23
79 0 4 26
79 0 5 25
79 0 6 28
79 0 9 25
79 0 11 26
79 0 13 24
79 0 14 24
79 4 2 26
79 4 3 29
79 4 4 28
79 4 7 31
79 4 8 28
79 4 9 29
79 4 12 27
79 4 14 27
79 5 1 25
79 5 3 28
79 5 4 27
79 5 6 30
79 5 7 27
79 5 8 28
79 5 10 26
79 5 14 26
80 2 1 75
80 2 3 70
80 2 4 77
80 2 6 71
80 2 8 78
80 2 9 80
80 2 10 69
80 2 11 70
80 8 3 76
80 8 4 74
80 8 6 75
80 8 8 74
80 8 10 84
80 8 12 87
80 8 13 84
80 8 14 75
80 13 2 76
80 13 3 79
80 13 5 84
80 13 6 93
80 13 7 84
80 13 10 79
80 13 11 77
80 13 14 77
80 14 0 90
80 14 1 89
80 14 4 98
80 14 5 95
80 14 6 84
80 14 10 103
80 14 12 93
80 14 13 97
81 0 0 22
81 0 4 25
81 0 5 24
81 0 6 27
81 0 9 24
81 0 11 25
81 0 13 23
81 0 14 23
81 1 1 25
81 1 2 28
81 1 3 27
81 1 6 30
81 1 7 27
81 1 11 28
81 1 12 26
81 1 14 26
81 3 0 24
81 3 1 27
81 3 4 26
81 3 5 29
81 3 8 26
81 3 9 27
81 3 11 25
81 3 14 25
81 4 2 27
81 4 3 32
81 4 4 33
81 4 7 29
81 4 8 30
81 4 9 33
81 4 12 31
81 4 14 31
81 14 0 24
81 14 1 27
81 14 4 26
81 14 5 29
81 14 6 26
81 14 10 27
81 14 12 25
81 14 13 25
82 0 0 54
82 0 4 59
82 0 5 60
82 0 6 63
82 0 9 64
82 0 11 67
82 0 13 65
82 0 14 65
82 1 1 59
82 1 2 64
82 1 3 65
82 1 6 68
82 1 7 69
82 1 11 72
82 1 12 70
82 1 14 70
82 11 3 60
82 11 4 65
82 11 5 66
82 11 7 69
82 11 8 70
82 11 11 73
82 11 12 71
82 11 14 71
83 0 0 69
83 0 4 63
83 0 5 77
83 0 6 74
83 0 9 68
83 0 11 72
83 0 13 67
83 0 14 76
83 4 2 58
83 4 3 63
83 4 4 64
83 4 7 67
83 4 8 68
83 4 9 71
83 4 12 69
83 4 14 69
83 8 3 70
83 8 4 65
83 8 6 72
83 8 8 66
83 8 10 73
83 8 12 75
83 8 13 64
83 8 14 65
83 10 0 59
83 10 1 64
83 10 2 65
83 10 3 68
83 10 4 69
83 10 7 72
83 10 9 70
83 10 10 70
84 2 1 78
84 2 3 81
84 2 4 86
84 2 6 95
84 2 8 86
84 2 9 81
84 2 10 79
84 2 11 79
84 8 3 77
84 8 4 80
84 8 6 85
84 8 8 94
84 8 10 85
84 8 12 80
84 8 13 78
84 8 14 78
84 14 0 91
84 14 1 90
84 14 4 99
84 14 5 96
84 14 6 85
84 14 10 104
84 14 12 94
84 14 13 98
85 1 1 88
85 1 2 87
85 1 3 96
85 1 6 93
85 1 7 82
85 1 11 101
85 1 12 91
85 1 14 95
85 2 1 87
85 2 3 86
85 2 4 95
85 2 6 92
85 2 8 81
85 2 9 100
85 2 10 90
85 2 11 94
85 10 0 90
85 10 1 102
85 10 2 110
85 10 3 92
85 10 4 107
85 10 7 96
85 10 9 94
85 10 10 94
86 0 0 45
86 0 4 44
86 0 5 43
86 0 6 40
86 0 9 39
86 0 11 48
86 0 13 48
86 0 14 42
86 1 1 44
86 1 2 43
86 1 3 42
86 1 6 39
86 1 7 38
86 1 11 47
86 1 12 47
86 1 14 41
86 6 0 43
86 6 1 42
86 6 2 41
86 6 4 38
86 6 5 37
86 6 9 46
86 6 10 46
86 6 11 40
86 9 1 38
86 9 2 35
86 9 3 39
86 9 4 36
86 9 5 39
86 9 6 40
86 9 7 35
86 9 11 35
86 11 3 37
86 11 4 34
86 11 5 38
86 11 7 35
86 11 8 38
86 11 11 39
86 11 12 34
86 11 14 34
87 0 0 75
87 0 4 70
87 0 5 77
87 0 6 71
87 0 9 78
87 0 11 80
87 0 13 69
87 0 14 70
87 4 2 70
87 4 3 65
87 4 4 72
87 4 7 66
87 4 8 73
87 4 9 75
87 4 12 64
87 4 14 65
87 7 0 77
87 7 1 72
87 7 3 79
87 7 4 73
87 7 5 80
87 7 6 82
87 7 7 71
87 7 8 72
87 9 1 71
87 9 2 66
87 9 3 73
87 9 4 67
87 9 5 74
87 9 6 76
87 9 7 65
87 9 11 66
88 3 0 56
88 3 1 59
88 3 4 52
88 3 5 61
88 3 8 58
88 3 9 53
88 3 11 51
88 3 14 51
88 8 3 54
88 8 4 59
88 8 6 60
88 8 8 63
88 8 10 64
88 8 12 67
88 8 13 65
88 8 14 65
88 11 3 55
88 11 4 60
88 11 5 61
88 11 7 64
88 11 8 65
88 11 11 68
88 11 12 66
88 11 14 66
88 12 1 58
88 12 2 63
88 12 4 64
88 12 6 67
88 12 7 68
88 12 9 71
88 12 10 69
88 12 11 69
89 1 1 72
89 1 2 75
89 1 3 80
89 1 6 89
89 1 7 80
89 1 11 75
89 1 12 73
89 1 14 73
89 8 3 75
89 8 4 78
89 8 6 83
89 8 8 92
89 8 10 83
89 8 12 78
89 8 13 76
89 8 14 76
89 11 3 81
89 11 4 84
89 11 5 90
89 11 7 84
89 11 8 89
89 11 11 94
89 11 12 85
89 11 14 94
90 6 0 55
90 6 1 58
90 6 2 51
90 6 4 60
90 6 5 57
90 6 9 52
90 6 10 50
90 6 11 50
90 8 3 62
90 8 4 63
90 8 6 61
90 8 8 60
90 8 10 62
90 8 12 57
90 8 13 62
90 8 14 58
90 9 1 54
90 9 2 59
90 9 3 60
90 9 4 63
90 9 5 64
90 9 6 67
90 9 7 65
90 9 11 65
90 14 0 57
90 14 1 62
90 14 4 63
90 14 5 66
90 14 6 67
90 14 10 70
90 14 12 68
90 14 13 68
91 1 1 75
91 1 2 70
91 1 3 77
91 1 6 71
91 1 7 78
91 1 11 80
91 1 12 69
91 1 14 70
91 6 0 76
91 6 1 74
91 6 2 75
91 6 4 74
91 6 5 84
91 6 9 87
91 6 10 84
91 6 11 75
91 8 3 76
91 8 4 79
91 8 6 84
91 8 8 93
91 8 10 84
91 8 12 79
91 8 13 77
91 8 14 77
91 11 3 90
91 11 4 89
91 11 5 98
91 11 7 95
91 11 8 84
91 11 11 103
91 11 12 93
91 11 14 97
91 12 1 76
91 12 2 79
91 12 4 84
91 12 6 93
91 12 7 84
91 12 9 79
91 12 10 77
91 12 11 77
92 0 0 77
92 0 4 72
92 0 5 79
92 0 6 73
92 0 9 80
92 0 11 82
92 0 13 71
92 0 14 72
92 2 1 73
92 2 3 76
92 2 4 81
92 2 6 90
92 2 8 81
92 2 9 76
92 2 10 74
92 2 11 74
92 10 0 78
92 10 1 81
92 10 2 86
92 10 3 95
92 10 4 86
92 10 7 81
92 10 9 79
92 10 10 79
92 13 2 92
92 13 3 91
92 13 5 100
92 13 6 97
92 13 7 86
92 13 10 105
92 13 11 95
92 13 14 99
93 2 1 70
93 2 3 65
93 2 4 72
93 2 6 66
93 2 8 73
93 2 9 75
93 2 10 64
93 2 11 65
93 3 0 60
93 3 1 65
93 3 4 66
93 3 5 69
93 3 8 70
93 3 9 73
93 3 11 71
93 3 14 71
93 7 0 72
93 7 1 67
93 7 3 74
93 7 4 68
93 7 5 75
93 7 6 77
93 7 7 66
93 7 8 67
94 1 1 18
94 1 2 17
94 1 3 19
94 1 6 17
94 1 7 19
94 1 11 19
94 1 12 17
94 1 14 17
94 2 1 19
94 2 3 22
94 2 4 21
94 2 6 24
94 2 8 21
94 2 9 22
94 2 10 20
94 2 11 20
94 5 1 18
94 5 3 21
94 5 4 20
94 5 6 23
94 5 7 20
94 5 8 21
94 5 10 19
94 5 14 19
94 8 3 21
94 8 4 24
94 8 6 23
94 8 8 26
94 8 10 23
94 8 12 24
94 8 13 22
94 8 14 22
94 12 1 18
94 12 2 21
94 12 4 20
94 12 6 23
94 12 7 20
94 12 9 21
94 12 10 19
94 12 11 19
95 1 1 72
95 1 2 67
95 1 3 74
95 1 6 68
95 1 7 75
95 1 11 77
95 1 12 66
95 1 14 67
95 4 2 62
95 4 3 67
95 4 4 68
95 4 7 71
95 4 8 72
95 4 9 75
95 4 12 73
95 4 14 73
95 6 0 74
95 6 1 69
95 6 2 76
95 6 4 70
95 6 5 77
95 6 9 79
95 6 10 68
95 6 11 69
95 10 0 69
95 10 1 63
95 10 2 77
95 10 3 74
95 10 4 68
95 10 7 72
95 10 9 67
95 10 10 76
95 13 2 75
95 13 3 70
95 13 5 77
95 13 6 71
95 13 7 78
95 13 10 80
95 13 11 69
95 13 14 70
96 6 0 58
96 6 1 61
96 6 2 54
96 6 4 63
96 6 5 60
96 6 9 55
96 6 10 53
96 6 11 53
96 12 1 56
96 12 2 61
96 12 4 62
96 12 6 65
96 12 7 66
96 12 9 69
96 12 10 67
96 12 11 67
96 14 0 57
96 14 1 62
96 14 4 63
96 14 5 66
96 14 6 67
96 14 10 70
96 14 12 68
96 14 13 68
97 1 1 91
97 1 2 90
97 1 3 99
97 1 6 96
97 1 7 85
97 1 11 104
97 1 12 94
97 1 14 98
97 8 3 90
97 8 4 89
97 8 6 98
97 8 8 95
97 8 10 84
97 8 12 103
97 8 13 93
97 8 14 97
97 10 0 106
97 10 1 105
97 10 2 108
97 10 3 111
97 10 4 106
97 10 7 107
97 10 9 97
97 10 10 99
97 14 0 90
97 14 1 102
97 14 4 110
97 14 5 92
97 14 6 107
97 14 10 96
97 14 12 94
97 14 13 94
98 5 1 54
98 5 3 57
98 5 4 50
98 5 6 59
98 5 7 56
98 5 8 51
98 5 10 49
98 5 14 49
98 7 0 59
98 7 1 62
98 7 3 55
98 7 4 64
98 7 5 61
98 7 6 56
98 7 7 54
98 7 8 54
98 9 1 62
98 9 2 63
98 9 3 61
98 9 4 60
98 9 5 62
98 9 6 57
98 9 7 62
98 9 11 58
98 11 3 56
98 11 4 61
98 11 5 62
98 11 7 65
98 11 8 66
98 11 11 69
98 11 12 67
98 11 14 67
98 12 1 57
98 12 2 62
98 12 4 63
98 12 6 66
98 12 7 67
98 12 9 70
98 12 10 68
98 12 11 68
99 4 2 55
99 4 3 60
99 4 4 61
99 4 7 64
99 4 8 65
99 4 9 68
99 4 12 66
99 4 14 66
99 6 0 60
99 6 1 65
99 6 2 66
99 6 4 69
99 6 5 70
99 6 9 73
99 6 10 71
99 6 11 71
99 14 0 61
99 14 1 66
99 14 4 67
99 14 5 70
99 14 6 71
99 14 10 74
99 14 12 72
99 14 13 72
100 2 1 69
100 2 3 63
100 2 4 77
100 2 6 74
100 2 8 68
100 2 9 72
100 2 10 67
100 2 11 76
100 6 0 58
100 6 1 63
100 6 2 64
100 6 4 67
100 6 5 68
100 6 9 71
100 6 10 69
100 6 11 69
100 8 3 70
100 8 4 65
100 8 6 72
100 8 8 66
100 8 10 73
100 8 12 75
100 8 13 64
100 8 14 65
100 12 1 59
100 12 2 64
100 12 4 65
100 12 6 68
100 12 7 69
100 12 9 72
100 12 10 70
100 12 11 70
100 14 0 71
100 14 1 66
100 14 4 73
100 14 5 67
100 14 6 74
100 14 10 76
100 14 12 65
100 14 13 66
101 0 0 88
101 0 4 87
101 0 5 96
101 0 6 93
101 0 9 82
101 0 11 101
101 0 13 91
101 0 14 95
101 2 1 87
101 2 3 86
101 2 4 95
101 2 6 92
101 2 8 81
101 2 9 100
101 2 10 90
101 2 11 94
101 7 0 90
101 7 1 102
101 7 3 110
101 7 4 92
101 7 5 107
101 7 6 96
101 7 7 94
101 7 8 94
101 13 2 93
101 13 3 92
101 13 5 101
101 13 6 98
101 13 7 87
101 13 10 106
101 13 11 96
101 13 14 100
102 1 1 81
102 1 2 84
102 1 3 90
102 1 6 84
102 1 7 89
102 1 11 94
102 1 12 85
102 1 14 94
102 7 0 105
102 7 1 104
102 7 3 107
102 7 4 110
102 7 5 105
102 7 6 106
102 7 7 96
102 7 8 98
102 9 1 108
102 9 2 121
102 9 3 109
102 9 4 99
102 9 5 121
102 9 6 110
102 9 7 108
102 9 11 121
102 11 3 88
102 11 4 87
102 11 5 96
102 11 7 93
102 11 8 82
102 11 11 101
102 11 12 91
102 11 14 95
102 13 2 110
102 13 3 109
102 13 5 112
102 13 6 115
102 13 7 110
102 13 10 111
102 13 11 101
102 13 14 103
103 4 2 62
103 4 3 67
103 4 4 68
103 4 7 71
103 4 8 72
103 4 9 75
103 4 12 73
103 4 14 73
103 7 0 57
103 7 1 62
103 7 3 63
103 7 4 66
103 7 5 67
103 7 6 70
103 7 7 68
103 7 8 68
103 9 1 69
103 9 2 64
103 9 3 71
103 9 4 65
103 9 5 72
103 9 6 74
103 9 7 63
103 9 11 64
103 14 0 58
103 14 1 63
103 14 4 64
103 14 5 67
103 14 6 68
103 14 10 71
103 14 12 69
103 14 13 69
104 5 1 88
104 5 3 87
104 5 4 96
104 5 6 93
104 5 7 82
104 5 8 101
104 5 10 91
104 5 14 95
104 6 0 87
104 6 1 86
104 6 2 95
104 6 4 92
104 6 5 81
104 6 9 100
104 6 10 90
104 6 11 94
104 7 0 90
104 7 1 102
104 7 3 110
104 7 4 92
104 7 5 107
104 7 6 96
104 7 7 94
104 7 8 94
104 9 1 93
104 9 2 92
104 9 3 101
104 9 4 98
104 9 5 87
104 9 6 106
104 9 7 96
104 9 11 100
105 3 0 24
105 3 1 27
105 3 4 26
105 3 5 29
105 3 8 26
105 3 9 27
105 3 11 25
105 3 14 25
105 5 1 31
105 5 3 28
105 5 4 32
105 5 6 29
105 5 7 32
105 5 8 33
105 5 10 28
105 5 14 28
105 9 1 32
105 9 2 29
105 9 3 33
105 9 4 30
105 9 5 33
105 9 6 34
105 9 7 29
105 9 11 29
105 12 1 26
105 12 2 29
105 12 4 28
105 12 6 31
105 12 7 28
105 12 9 29
105 12 10 27
105 12 11 27
105 14 0 27
105 14 1 32
105 14 4 33
105 14 5 29
105 14 6 30
105 14 10 33
105 14 12 31
105 14 13 31
106 9 1 17
106 9 2 16
106 9 3 18
106 9 4 16
106 9 5 18
106 9 6 18
106 9 7 16
106 9 11 16
106 12 1 18
106 12 2 21
106 12 4 20
106 12 6 23
106 12 7 20
106 12 9 21
106 12 10 19
106 12 11 19
106 14 0 19
106 14 1 18
106 14 4 22
106 14 5 19
106 14 6 18
106 14 10 22
106 14 12 22
106 14 13 21
107 2 1 74
107 2 3 69
107 2 4 76
107 2 6 70
107 2 8 77
107 2 9 79
107 2 10 68
107 2 11 69
107 3 0 69
107 3 1 64
107 3 4 71
107 3 5 65
107 3 8 72
107 3 9 74
107 3 11 63
107 3 14 64
107 8 3 76
107 8 4 71
107 8 6 78
107 8 8 72
107 8 10 79
107 8 12 81
107 8 13 70
107 8 14 71
107 9 1 70
107 9 2 65
107 9 3 72
107 9 4 66
107 9 5 73
107 9 6 75
107 9 7 64
107 9 11 65
107 12 1 77
107 12 2 72
107 12 4 79
107 12 6 73
107 12 7 80
107 12 9 82
107 12 10 71
107 12 11 72
108 0 0 32
108 0 4 29
108 0 5 33
108 0 6 30
108 0 9 33
108 0 11 34
108 0 13 29
108 0 14 29
108 4 2 27
108 4 3 32
108 4 4 33
108 4 7 29
108 4 8 30
108 4 9 33
108 4 12 31
108 4 14 31
108 11 3 33
108 11 4 30
108 11 5 34
108 11 7 31
108 11 8 34
108 11 11 35
108 11 12 30
108 11 14 30
109 0 0 19
109 0 4 18
109 0 5 22
109 0 6 19
109 0 9 18
109 0 11 22
109 0 13 22
109 0 14 21
109 1 1 20
109 1 2 23
109 1 3 22
109 1 6 25
109 1 7 22
109 1 11 23
109 1 12 21
109 1 14 21
109 4 2 19
109 4 3 22
109 4 4 21
109 4 7 24
109 4 8 21
109 4 9 22
109 4 12 20
109 4 14 20
109 7 0 22
109 7 1 25
109 7 3 24
109 7 4 27
109 7 5 24
109 7 6 25
109 7 7 23
109 7 8 23
109 13 2 19
109 13 3 22
109 13 5 21
109 13 6 24
109 13 7 21
109 13 10 22
109 13 11 20
109 13 14 20
110 2 1 55
110 2 3 58
110 2 4 51
110 2 6 60
110 2 8 57
110 2 9 52
110 2 10 50
110 2 11 50
110 6 0 58
110 6 1 61
110 6 2 54
110 6 4 63
110 6 5 60
110 6 9 55
110 6 10 53
110 6 11 53
110 11 3 51
110 11 4 54
110 11 5 47
110 11 7 56
110 11 8 53
110 11 11 48
110 11 12 46
110 11 14 46
110 13 2 62
110 13 3 63
110 13 5 61
110 13 6 60
110 13 7 62
110 13 10 57
110 13 11 62
110 13 14 58
111 2 1 74
111 2 3 69
111 2 4 76
111 2 6 70
111 2 8 77
111 2 9 79
111 2 10 68
111 2 11 69
111 8 3 69
111 8 4 64
111 8 6 71
111 8 8 65
111 8 10 72
111 8 12 74
111 8 13 63
111 8 14 64
111 9 1 76
111 9 2 71
111 9 3 78
111 9 4 72
111 9 5 79
111 9 6 81
111 9 7 70
111 9 11 71
111 13 2 70
111 13 3 65
111 13 5 72
111 13 6 66
111 13 7 73
111 13 10 75
111 13 11 64
111 13 14 65
112 0 0 43
112 0 4 42
112 0 5 41
112 0 6 38
112 0 9 37
112 0 11 46
112 0 13 46
112 0 14 40
112 2 1 42
112 2 3 41
112 2 4 40
112 2 6 37
112 2 8 36
112 2 9 45
112 2 10 45
112 2 11 39
112 4 2 36
112 4 3 39
112 4 4 44
112 4 7 44
112 4 8 44
112 4 9 39
112 4 12 37
112 4 14 37
112 8 3 36
112 8 4 33
112 8 6 37
112 8 8 34
112 8 10 37
112 8 12 38
112 8 13 33
112 8 14 33
112 11 3 35
112 11 4 32
112 11 5 36
112 11 7 33
112 11 8 36
112 11 11 37
112 11 12 32
112 11 14 32
113 3 0 62
113 3 1 67
113 3 4 68
113 3 5 71
113 3 8 72
113 3 9 75
113 3 11 73
113 3 14 73
113 7 0 57
113 7 1 62
113 7 3 63
113 7 4 66
113 7 5 67
113 7 6 70
113 7 7 68
113 7 8 68
113 12 1 69
113 12 2 64
113 12 4 71
113 12 6 65
113 12 7 72
113 12 9 74
113 12 10 63
113 12 11 64
114 4 2 57
114 4 3 60
114 4 4 53
114 4 7 62
114 4 8 59
114 4 9 54
114 4 12 52
114 4 14 52
114 6 0 62
114 6 1 63
114 6 2 61
114 6 4 60
114 6 5 62
114 6 9 57
114 6 10 62
114 6 11 58
114 10 0 53
114 10 1 56
114 10 2 49
114 10 3 58
114 10 4 55
114 10 7 50
114 10 9 48
114 10 10 48
114 12 1 55
114 12 2 60
114 12 4 61
114 12 6 64
114 12 7 65
114 12 9 68
114 12 10 66
114 12 11 66
115 4 2 91
115 4 3 90
115 4 4 99
115 4 7 96
115 4 8 85
115 4 9 104
115 4 12 94
115 4 14 98
115 5 1 90
115 5 3 89
115 5 4 98
115 5 6 95
115 5 7 84
115 5 8 103
115 5 10 93
115 5 14 97
115 11 3 106
115 11 4 105
115 11 5 108
115 11 7 111
115 11 8 106
115 11 11 107
115 11 12 97
115 11 14 99
116 8 3 50
116 8 4 49
116 8 6 48
116 8 8 45
116 8 10 44
116 8 12 53
116 8 13 53
116 8 14 47
116 9 1 49
116 9 2 48
116 9 3 47
116 9 4 44
116 9 5 43
116 9 6 52
116 9 7 52
116 9 11 46
116 14 0 48
116 14 1 47
116 14 4 46
116 14 5 43
116 14 6 42
116 14 10 51
116 14 12 51
116 14 13 45
117 0 0 79
117 0 4 82
117 0 5 87
117 0 6 96
117 0 9 87
117 0 11 82
117 0 13 80
117 0 14 80
117 6 0 78
117 6 1 81
117 6 2 86
117 6 4 95
117 6 5 86
117 6 9 81
117 6 10 79
117 6 11 79
117 12 1 92
117 12 2 91
117 12 4 100
117 12 6 97
117 12 7 86
117 12 9 105
117 12 10 95
117 12 11 99
117 14 0 89
117 14 1 88
117 14 4 97
117 14 5 94
117 14 6 83
117 14 10 102
117 14 12 92
117 14 13 96
118 4 2 13
118 4 3 12
118 4 4 14
118 4 7 12
118 4 8 14
118 4 9 14
118 4 12 12
118 4 14 12
118 6 0 12
118 6 1 11
118 6 2 13
118 6 4 11
118 6 5 13
118 6 9 13
118 6 10 11
118 6 11 11
118 7 0 14
118 7 1 13
118 7 3 15
118 7 4 13
118 7 5 15
118 7 6 15
118 7 7 13
118 7 8 13
118 9 1 12
118 9 2 11
118 9 3 13
118 9 4 11
118 9 5 13
118 9 6 13
118 9 7 11
118 9 11 11
118 12 1 14
118 12 2 13
118 12 4 15
118 12 6 13
118 12 7 15
118 12 9 15
118 12 10 13
118 12 11 13
119 0 0 55
119 0 4 60
119 0 5 61
119 0 6 64
119 0 9 65
119 0 11 68
119 0 13 66
119 0 14 66
119 1 1 56
119 1 2 61
119 1 3 62
119 1 6 65
119 1 7 66
119 1 11 69
119 1 12 67
119 1 14 67
119 8 3 54
119 8 4 59
119 8 6 60
119 8 8 63
119 8 10 64
119 8 12 67
119 8 13 65
119 8 14 65
119 13 2 62
119 13 3 63
119 13 5 61
119 13 6 60
119 13 7 62
119 13 10 57
119 13 11 62
119 13 14 58
119 14 0 55
119 14 1 60
119 14 4 61
119 14 5 64
119 14 6 65
119 14 10 68
119 14 12 66
119 14 13 66
120 2 1 17
120 2 3 16
120 2 4 18
120 2 6 16
120 2 8 18
120 2 9 18
120 2 10 16
120 2 11 16
120 10 0 16
120 10 1 15
120 10 2 17
120 10 3 15
120 10 4 17
120 10 7 17
120 10 9 15
120 10 10 15
120 12 1 18
120 12 2 17
120 12 4 19
120 12 6 17
120 12 7 19
120 12 9 19
120 12 10 17
120 12 11 17
120 14 0 16
120 14 1 15
120 14 4 17
120 14 5 15
120 14 6 17
120 14 10 17
120 14 12 15
120 14 13 15
121 0 0 74
121 0 4 69
121 0 5 76
121 0 6 70
121 0 9 77
121 0 11 79
121 0 13 68
121 0 14 69
121 1 1 72
121 1 2 67
121 1 3 74
121 1 6 68
121 1 7 75
121 1 11 77
121 1 12 66
121 1 14 67
121 7 0 73
121 7 1 68
121 7 3 75
121 7 4 69
121 7 5 76
121 7 6 78
121 7 7 67
121 7 8 68
121 14 0 72
121 14 1 67
121 14 4 74
121 14 5 68
121 14 6 75
121 14 10 77
121 14 12 66
121 14 13 67
122 1 1 70
122 1 2 65
122 1 3 72
122 1 6 66
122 1 7 73
122 1 11 75
122 1 12 64
122 1 14 65
122 4 2 60
122 4 3 65
122 4 4 66
122 4 7 69
122 4 8 70
122 4 9 73
122 4 12 71
122 4 14 71
122 6 0 72
122 6 1 67
122 6 2 74
122 6 4 68
122 6 5 75
122 6 9 77
122 6 10 66
122 6 11 67
122 10 0 61
122 10 1 66
122 10 2 67
122 10 3 70
122 10 4 71
122 10 7 74
122 10 9 72
122 10 10 72
122 13 2 73
122 13 3 68
122 13 5 75
122 13 6 69
122 13 7 76
122 13 10 78
122 13 11 67
122 13 14 68
123 2 1 36
123 2 3 33
123 2 4 37
123 2 6 34
123 2 8 37
123 2 9 38
123 2 10 33
123 2 11 33
123 5 1 33
123 5 3 30
123 5 4 34
123 5 6 31
123 5 7 34
123 5 8 35
123 5 10 30
123 5 14 30
123 11 3 37
123 11 4 34
123 11 5 38
123 11 7 35
123 11 8 38
123 11 11 39
123 11 12 34
123 11 14 34
124 2 1 88
124 2 3 87
124 2 4 96
124 2 6 93
124 2 8 82
124 2 9 101
124 2 10 91
124 2 11 95
124 4 2 87
124 4 3 86
124 4 4 95
124 4 7 92
124 4 8 81
124 4 9 100
124 4 12 90
124 4 14 94
124 14 0 90
124 14 1 102
124 14 4 110
124 14 5 92
124 14 6 107
124 14 10 96
124 14 12 94
124 14 13 94
125 2 1 49
125 2 3 48
125 2 4 47
125 2 6 44
125 2 8 43
125 2 9 52
125 2 10 52
125 2 11 46
125 6 0 48
125 6 1 47
125 6 2 46
125 6 4 43
125 6 5 42
125 6 9 51
125 6 10 51
125 6 11 45
125 7 0 47
125 7 1 46
125 7 3 45
125 7 4 42
125 7 5 41
125 7 6 50
125 7 7 50
125 7 8 44
125 12 1 44
125 12 2 43
125 12 4 42
125 12 6 39
125 12 7 38
125 12 9 47
125 12 10 47
125 12 11 41
126 4 2 54
126 4 3 57
126 4 4 50
126 4 7 59
126 4 8 56
126 4 9 51
126 4 12 49
126 4 14 49
126 7 0 59
126 7 1 62
126 7 3 55
126 7 4 64
126 7 5 61
126 7 6 56
126 7 7 54
126 7 8 54
126 12 1 62
126 12 2 63
126 12 4 61
126 12 6 60
126 12 7 62
126 12 9 57
126 12 10 62
126 12 11 58
126 13 2 56
126 13 3 61
126 13 5 62
126 13 6 65
126 13 7 66
126 13 10 69
126 13 11 67
126 13 14 67
126 14 0 57
126 14 1 62
126 14 4 63
126 14 5 66
126 14 6 67
126 14 10 70
126 14 12 68
126 14 13 68
127 2 1 49
127 2 3 48
127 2 4 47
127 2 6 44
127 2 8 43
127 2 9 52
127 2 10 52
127 2 11 46
127 3 0 48
127 3 1 47
127 3 4 46
127 3 5 43
127 3 8 42
127 3 9 51
127 3 11 51
127 3 14 45
127 7 0 48
127 7 1 47
127 7 3 50
127 7 4 53
127 7 5 48
127 7 6 49
127 7 7 50
127 7 8 52
127 11 3 53
127 11 4 56
127 11 5 49
127 11 7 58
127 11 8 55
127 11 11 50
127 11 12 48
127 11 14 48
128 4 2 17
128 4 3 16
128 4 4 18
128 4 7 16
128 4 8 18
128 4 9 18
128 4 12 16
128 4 14 16
128 7 0 18
128 7 1 21
128 7 3 20
128 7 4 23
128 7 5 20
128 7 6 21
128 7 7 19
128 7 8 19
128 10 0 19
128 10 1 18
128 10 2 22
128 10 3 19
128 10 4 18
128 10 7 22
128 10 9 22
128 10 10 21
128 14 0 20
128 14 1 23
128 14 4 22
128 14 5 25
128 14 6 22
128 14 10 23
128 14 12 21
128 14 13 21
129 3 0 32
129 3 1 29
129 3 4 33
129 3 5 30
129 3 8 33
129 3 9 34
129 3 11 29
129 3 14 29
129 5 1 27
129 5 3 32
129 5 4 33
129 5 6 29
129 5 7 30
129 5 8 33
129 5 10 31
129 5 14 31
129 9 1 33
129 9 2 30
129 9 3 34
129 9 4 31
129 9 5 34
129 9 6 35
129 9 7 30
129 9 11 30
129 14 0 30
129 14 1 27
129 14 4 31
129 14 5 28
129 14 6 31
129 14 10 32
129 14 12 27
129 14 13 27
130 3 0 56
130 3 1 59
130 3 4 52
130 3 5 61
130 3 8 58
130 3 9 53
130 3 11 51
130 3 14 51
130 6 0 54
130 6 1 59
130 6 2 60
130 6 4 63
130 6 5 64
130 6 9 67
130 6 10 65
130 6 11 65
130 12 1 55
130 12 2 60
130 12 4 61
130 12 6 64
130 12 7 65
130 12 9 68
130 12 10 66
130 12 11 66
130 14 0 58
130 14 1 63
130 14 4 64
130 14 5 67
130 14 6 68
130 14 10 71
130 14 12 69
130 14 13 69
131 5 1 74
131 5 3 69
131 5 4 76
131 5 6 70
131 5 7 77
131 5 8 79
131 5 10 68
131 5 14 69
131 6 0 69
131 6 1 64
131 6 2 71
131 6 4 65
131 6 5 72
131 6 9 74
131 6 10 63
131 6 11 64
131 9 1 76
131 9 2 71
131 9 3 78
131 9 4 72
131 9 5 79
131 9 6 81
131 9 7 70
131 9 11 71
131 10 0 70
131 10 1 65
131 10 2 72
131 10 3 66
131 10 4 73
131 10 7 75
131 10 9 64
131 10 10 65
132 0 0 69
132 0 4 64
132 0 5 71
132 0 6 65
132 0 9 72
132 0 11 74
132 0 13 63
132 0 14 64
132 2 1 59
132 2 3 64
132 2 4 65
132 2 6 68
132 2 8 69
132 2 9 72
132 2 10 70
132 2 11 70
132 13 2 71
132 13 3 66
132 13 5 73
132 13 6 67
132 13 7 74
132 13 10 76
132 13 11 65
132 13 14 66
133 2 1 72
133 2 3 67
133 2 4 74
133 2 6 68
133 2 8 75
133 2 9 77
133 2 10 66
133 2 11 67
133 6 0 62
133 6 1 67
133 6 2 68
133 6 4 71
133 6 5 72
133 6 9 75
133 6 10 73
133 6 11 73
133 8 3 74
133 8 4 69
133 8 6 76
133 8 8 70
133 8 10 77
133 8 12 79
133 8 13 68
133 8 14 69
133 12 1 69
133 12 2 63
133 12 4 77
133 12 6 74
133 12 7 68
133 12 9 72
133 12 10 67
133 12 11 76
133 13 2 75
133 13 3 70
133 13 5 77
133 13 6 71
133 13 7 78
133 13 10 80
133 13 11 69
133 13 14 70
134 1 1 73
134 1 2 68
134 1 3 75
134 1 6 69
134 1 7 76
134 1 11 78
134 1 12 67
134 1 14 68
134 7 0 69
134 7 1 63
134 7 3 77
134 7 4 74
134 7 5 68
134 7 6 72
134 7 7 67
134 7 8 76
134 8 3 75
134 8 4 70
134 8 6 77
134 8 8 71
134 8 10 78
134 8 12 80
134 8 13 69
134 8 14 70
134 14 0 69
134 14 1 64
134 14 4 71
134 14 5 65
134 14 6 72
134 14 10 74
134 14 12 63
134 14 13 64
135 0 0 27
135 0 4 32
135 0 5 33
135 0 6 29
135 0 9 30
135 0 11 33
135 0 13 31
135 0 14 31
135 2 1 24
135 2 3 27
135 2 4 26
135 2 6 29
135 2 8 26
135 2 9 27
135 2 10 25
135 2 11 25
135 7 0 30
135 7 1 27
135 7 3 31
135 7 4 28
135 7 5 31
135 7 6 32
135 7 7 27
135 7 8 27
136 0 0 52
136 0 4 55
136 0 5 48
136 0 6 57
136 0 9 54
136 0 11 49
136 0 13 47
136 0 14 47
136 5 1 55
136 5 3 58
136 5 4 51
136 5 6 60
136 5 7 57
136 5 8 52
136 5 10 50
136 5 14 50
136 12 1 49
136 12 2 48
136 12 4 47
136 12 6 44
136 12 7 43
136 12 9 52
136 12 10 52
136 12 11 46
136 13 2 57
136 13 3 60
136 13 5 53
136 13 6 62
136 13 7 59
136 13 10 54
136 13 11 52
136 13 14 52
137 4 2 18
137 4 3 17
137 4 4 19
137 4 7 17
137 4 8 19
137 4 9 19
137 4 12 17
137 4 14 17
137 11 3 19
137 11 4 22
137 11 5 21
137 11 7 24
137 11 8 21
137 11 11 22
137 11 12 20
137 11 14 20
137 12 1 18
137 12 2 21
137 12 4 20
137 12 6 23
137 12 7 20
137 12 9 21
137 12 10 19
137 12 11 19
137 14 0 21
137 14 1 24
137 14 4 23
137 14 5 26
137 14 6 23
137 14 10 24
137 14 12 22
137 14 13 22
138 1 1 46
138 1 2 45
138 1 3 44
138 1 6 41
138 1 7 40
138 1 11 49
138 1 12 49
138 1 14 43
138 3 0 45
138 3 1 44
138 3 4 43
138 3 5 40
138 3 8 39
138 3 9 48
138 3 11 48
138 3 14 42
138 9 1 44
138 9 2 43
138 9 3 42
138 9 4 39
138 9 5 38
138 9 6 47
138 9 7 47
138 9 11 41
138 10 0 36
138 10 1 39
138 10 2 44
138 10 3 44
138 10 4 44
138 10 7 39
138 10 9 37
138 10 10 37
138 11 3 38
138 11 4 35
138 11 5 39
138 11 7 36
138 11 8 39
138 11 11 40
138 11 12 35
138 11 14 35
139 0 0 31
139 0 4 28
139 0 5 32
139 0 6 29
139 0 9 32
139 0 11 33
139 0 13 28
139 0 14 28
139 2 1 26
139 2 3 29
139 2 4 28
139 2 6 31
139 2 8 28
139 2 9 29
139 2 10 27
139 2 11 27
139 6 0 32
139 6 1 29
139 6 2 33
139 6 4 30
139 6 5 33
139 6 9 34
139 6 10 29
139 6 11 29
139 10 0 27
139 10 1 32
139 10 2 33
139 10 3 29
139 10 4 30
139 10 7 33
139 10 9 31
139 10 10 31
139 14 0 32
139 14 1 29
139 14 4 33
139 14 5 30
139 14 6 33
139 14 10 34
139 14 12 29
139 14 13 29
140 3 0 55
140 3 1 58
140 3 4 51
140 3 5 60
140 3 8 57
140 3 9 52
140 3 11 50
140 3 14 50
140 4 2 62
140 4 3 63
140 4 4 61
140 4 7 60
140 4 8 62
140 4 9 57
140 4 12 62
140 4 14 58
140 11 3 54
140 11 4 59
140 11 5 60
140 11 7 63
140 11 8 64
140 11 11 67
140 11 12 65
140 11 14 65
141 0 0 18
141 0 4 17
141 0 5 19
141 0 6 17
141 0 9 19
141 0 11 19
141 0 13 17
141 0 14 17
141 6 0 19
141 6 1 22
141 6 2 21
141 6 4 24
141 6 5 21
141 6 9 22
141 6 10 20
141 6 11 20
141 9 1 18
141 9 2 21
141 9 3 20
141 9 4 23
141 9 5 20
141 9 6 21
141 9 7 19
141 9 11 19
141 14 0 21
141 14 1 24
141 14 4 23
141 14 5 26
141 14 6 23
141 14 10 24
141 14 12 22
141 14 13 22
142 0 0 44
142 0 4 43
142 0 5 42
142 0 6 39
142 0 9 38
142 0 11 47
142 0 13 47
142 0 14 41
142 2 1 43
142 2 3 42
142 2 4 41
142 2 6 38
142 2 8 37
142 2 9 46
142 2 10 46
142 2 11 40
142 4 2 42
142 4 3 41
142 4 4 40
142 4 7 37
142 4 8 36
142 4 9 45
142 4 12 45
142 4 14 39
142 8 3 37
142 8 4 34
142 8 6 38
142 8 8 35
142 8 10 38
142 8 12 39
142 8 13 34
142 8 14 34
142 12 1 36
142 12 2 33
142 12 4 37
142 12 6 34
142 12 7 37
142 12 9 38
142 12 10 33
142 12 11 33
143 2 1 62
143 2 3 63
143 2 4 61
143 2 6 60
143 2 8 62
143 2 9 57
143 2 10 62
143 2 11 58
143 3 0 58
143 3 1 63
143 3 4 64
143 3 5 67
143 3 8 68
143 3 9 71
143 3 11 69
143 3 14 69
143 5 1 59
143 5 3 64
143 5 4 65
143 5 6 68
143 5 7 69
143 5 8 72
143 5 10 70
143 5 14 70
143 11 3 62
143 11 4 67
143 11 5 68
143 11 7 71
143 11 8 72
143 11 11 75
143 11 12 73
143 11 14 73
144 0 0 34
144 0 4 31
144 0 5 35
144 0 6 32
144 0 9 35
144 0 11 36
144 0 13 31
144 0 14 31
144 8 3 31
144 8 4 28
144 8 6 32
144 8 8 29
144 8 10 32
144 8 12 33
144 8 13 28
144 8 14 28
144 14 0 35
144 14 1 32
144 14 4 36
144 14 5 33
144 14 6 36
144 14 10 37
144 14 12 32
144 14 13 32
145 4 2 48
145 4 3 47
145 4 4 46
145 4 7 43
145 4 8 42
145 4 9 51
145 4 12 51
145 4 14 45
145 8 3 47
145 8 4 46
145 8 6 45
145 8 8 42
145 8 10 41
145 8 12 50
145 8 13 50
145 8 14 44
145 9 1 46
145 9 2 45
145 9 3 44
145 9 4 41
145 9 5 40
145 9 6 49
145 9 7 49
145 9 11 43
146 0 0 62
146 0 4 67
146 0 5 68
146 0 6 71
146 0 9 72
146 0 11 75
146 0 13 73
146 0 14 73
146 3 0 56
146 3 1 61
146 3 4 62
146 3 5 65
146 3 8 66
146 3 9 69
146 3 11 67
146 3 14 67
146 10 0 75
146 10 1 70
146 10 2 77
146 10 3 71
146 10 4 78
146 10 7 80
146 10 9 69
146 10 10 70
147 5 1 62
147 5 3 67
147 5 4 68
147 5 6 71
147 5 7 72
147 5 8 75
147 5 10 73
147 5 14 73
147 8 3 57
147 8 4 62
147 8 6 63
147 8 8 66
147 8 10 67
147 8 12 70
147 8 13 68
147 8 14 68
147 12 1 69
147 12 2 64
147 12 4 71
147 12 6 65
147 12 7 72
147 12 9 74
147 12 10 63
147 12 11 64
148 3 0 71
148 3 1 66
148 3 4 73
148 3 5 67
148 3 8 74
148 3 9 76
148 3 11 65
148 3 14 66
148 7 0 61
148 7 1 66
148 7 3 67
148 7 4 70
148 7 5 71
148 7 6 74
148 7 7 72
148 7 8 72
148 9 1 73
148 9 2 68
148 9 3 75
148 9 4 69
148 9 5 76
148 9 6 78
148 9 7 67
148 9 11 68
148 10 0 62
148 10 1 67
148 10 2 68
148 10 3 71
148 10 4 72
148 10 7 75
148 10 9 73
148 10 10 73
148 13 2 74
148 13 3 69
148 13 5 76
148 13 6 70
148 13 7 77
148 13 10 79
148 13 11 68
148 13 14 69
149 2 1 12
149 2 3 11
149 2 4 13
149 2 6 11
149 2 8 13
149 2 9 13
149 2 10 11
149 2 11 11
149 6 0 11
149 6 1 10
149 6 2 12
149 6 4 10
149 6 5 12
149 6 9 12
149 6 10 10
149 6 11 10
149 10 0 13
149 10 1 12
149 10 2 14
149 10 3 12
149 10 4 14
149 10 7 14
149 10 9 12
149 10 10 12
149 12 1 11
149 12 2 10
149 12 4 12
149 12 6 10
149 12 7 12
149 12 9 12
149 12 10 10
149 12 11 10
150 4 2 88
150 4 3 87
150 4 4 96
150 4 7 93
150 4 8 82
150 4 9 101
150 4 12 91
150 4 14 95
150 7 0 87
150 7 1 86
150 7 3 95
150 7 4 92
150 7 5 81
150 7 6 100
150 7 7 90
150 7 8 94
150 11 3 90
150 11 4 102
150 11 5 110
150 11 7 92
150 11 8 107
150 11 11 96
150 11 12 94
150 11 14 94
150 12 1 93
150 12 2 92
150 12 4 101
150 12 6 98
150 12 7 87
150 12 9 106
150 12 10 96
150 12 11 100
150 13 2 77
150 13 3 80
150 13 5 85
150 13 6 94
150 13 7 85
150 13 10 80
150 13 11 78
150 13 14 78
151 2 1 19
151 2 3 22
151 2 4 21
151 2 6 24
151 2 8 21
151 2 9 22
151 2 10 20
151 2 11 20
151 4 2 22
151 4 3 25
151 4 4 24
151 4 7 27
151 4 8 24
151 4 9 25
151 4 12 23
151 4 14 23
151 5 1 21
151 5 3 24
151 5 4 23
151 5 6 26
151 5 7 23
151 5 8 24
151 5 10 22
151 5 14 22
151 12 1 24
151 12 2 27
151 12 4 26
151 12 6 29
151 12 7 26
151 12 9 27
151 12 10 25
151 12 11 25
151 13 2 21
151 13 3 24
151 13 5 23
151 13 6 26
151 13 7 23
151 13 10 24
151 13 11 22
151 13 14 22
152 4 2 74
152 4 3 69
152 4 4 76
152 4 7 70
152 4 8 77
152 4 9 79
152 4 12 68
152 4 14 69
152 5 1 72
152 5 3 67
152 5 4 74
152 5 6 68
152 5 7 75
152 5 8 77
152 5 10 66
152 5 14 67
152 6 0 73
152 6 1 68
152 6 2 75
152 6 4 69
152 6 5 76
152 6 9 78
152 6 10 67
152 6 11 68
152 13 2 72
152 13 3 67
152 13 5 74
152 13 6 68
152 13 7 75
152 13 10 77
152 13 11 66
152 13 14 67
152 14 0 75
152 14 1 78
152 14 4 83
152 14 5 92
152 14 6 83
152 14 10 78
152 14 12 76
152 14 13 76
153 3 0 55
153 3 1 58
153 3 4 51
153 3 5 60
153 3 8 57
153 3 9 52
153 3 11 50
153 3 14 50
153 6 0 58
153 6 1 61
153 6 2 54
153 6 4 63
153 6 5 60
153 6 9 55
153 6 10 53
153 6 11 53
153 11 3 51
153 11 4 54
153 11 5 47
153 11 7 56
153 11 8 53
153 11 11 48
153 11 12 46
153 11 14 46
154 1 1 15
154 1 2 14
154 1 3 16
154 1 6 14
154 1 7 16
154 1 11 16
154 1 12 14
154 1 14 14
154 3 0 14
154 3 1 13
154 3 4 15
154 3 5 13
154 3 8 15
154 3 9 15
154 3 11 13
154 3 14 13
154 13 2 16
154 13 3 15
154 13 5 17
154 13 6 15
154 13 7 17
154 13 10 17
154 13 11 15
154 13 14 15
155 0 0 71
155 0 4 66
155 0 5 73
155 0 6 67
155 0 9 74
155 0 11 76
155 0 13 65
155 0 14 66
155 1 1 74
155 1 2 69
155 1 3 76
155 1 6 70
155 1 7 77
155 1 11 79
155 1 12 68
155 1 14 69
155 8 3 72
155 8 4 75
155 8 6 80
155 8 8 89
155 8 10 80
155 8 12 75
155 8 13 73
155 8 14 73
155 11 3 81
155 11 4 84
155 11 5 90
155 11 7 84
155 11 8 89
155 11 11 94
155 11 12 85
155 11 14 94
156 2 1 11
156 2 3 10
156 2 4 12
156 2 6 10
156 2 8 12
156 2 9 12
156 2 10 10
156 2 11 10
156 11 3 10
156 11 4 9
156 11 5 11
156 11 7 9
156 11 8 11
156 11 11 11
156 11 12 9
156 11 14 9
156 12 1 12
156 12 2 11
156 12 4 13
156 12 6 11
156 12 7 13
156 12 9 13
156 12 10 11
156 12 11 11
157 4 2 51
157 4 3 54
157 4 4 47
157 4 7 56
157 4 8 53
157 4 9 48
157 4 12 46
157 4 14 46
157 7 0 54
157 7 1 57
157 7 3 50
157 7 4 59
157 7 5 56
157 7 6 51
157 7 7 49
157 7 8 49
157 8 3 48
157 8 4 47
157 8 6 46
157 8 8 43
157 8 10 42
157 8 12 51
157 8 13 51
157 8 14 45
157 12 1 56
157 12 2 59
157 12 4 52
157 12 6 61
157 12 7 58
157 12 9 53
157 12 10 51
157 12 11 51
157 13 2 53
157 13 3 56
157 13 5 49
157 13 6 58
157 13 7 55
157 13 10 50
157 13 11 48
157 13 14 48
158 4 2 59
158 4 3 62
158 4 4 55
158 4 7 64
158 4 8 61
158 4 9 56
158 4 12 54
158 4 14 54
158 7 0 57
158 7 1 62
158 7 3 63
158 7 4 66
158 7 5 67
158 7 6 70
158 7 7 68
158 7 8 68
158 8 3 58
158 8 4 63
158 8 6 64
158 8 8 67
158 8 10 68
158 8 12 71
158 8 13 69
158 8 14 69
159 4 2 56
159 4 3 59
159 4 4 52
159 4 7 61
159 4 8 58
159 4 9 53
159 4 12 51
159 4 14 51
159 7 0 59
159 7 1 62
159 7 3 55
159 7 4 64
159 7 5 61
159 7 6 56
159 7 7 54
159 7 8 54
159 8 3 52
159 8 4 55
159 8 6 48
159 8 8 57
159 8 10 54
159 8 12 49
159 8 13 47
159 8 14 47
159 11 3 54
159 11 4 59
159 11 5 60
159 11 7 63
159 11 8 64
159 11 11 67
159 11 12 65
159 11 14 65
160 0 0 90
160 0 4 89
160 0 5 98
160 0 6 95
160 0 9 84
160 0 11 103
160 0 13 93
160 0 14 97
160 9 1 89
160 9 2 88
160 9 3 97
160 9 4 94
160 9 5 83
160 9 6 102
160 9 7 92
160 9 11 96
160 12 1 105
160 12 2 104
160 12 4 107
160 12 6 110
160 12 7 105
160 12 9 106
160 12 10 96
160 12 11 98
161 0 0 33
161 0 4 30
161 0 5 34
161 0 6 31
161 0 9 34
161 0 11 35
161 0 13 30
161 0 14 30
161 8 3 30
161 8 4 27
161 8 6 31
161 8 8 28
161 8 10 31
161 8 12 32
161 8 13 27
161 8 14 27
161 10 0 34
161 10 1 31
161 10 2 35
161 10 3 32
161 10 4 35
161 10 7 36
161 10 9 31
161 10 10 31
161 14 0 31
161 14 1 28
161 14 4 32
161 14 5 29
161 14 6 32
161 14 10 33
161 14 12 28
161 14 13 28
162 0 0 18
162 0 4 17
162 0 5 19
162 0 6 17
162 0 9 19
162 0 11 19
162 0 13 17
162 0 14 17
162 7 0 19
162 7 1 22
162 7 3 21
162 7 4 24
162 7 5 21
162 7 6 22
162 7 7 20
162 7 8 20
162 12 1 18
162 12 2 21
162 12 4 20
162 12 6 23
162 12 7 20
162 12 9 21
162 12 10 19
162 12 11 19
163 7 0 72
163 7 1 67
163 7 3 74
163 7 4 68
163 7 5 75
163 7 6 77
163 7 7 66
163 7 8 67
163 8 3 75
163 8 4 70
163 8 6 77
163 8 8 71
163 8 10 78
163 8 12 80
163 8 13 69
163 8 14 70
163 14 0 73
163 14 1 76
163 14 4 81
163 14 5 90
163 14 6 81
163 14 10 76
163 14 12 74
163 14 13 74
164 4 2 18
164 4 3 17
164 4 4 19
164 4 7 17
164 4 8 19
164 4 9 19
164 4 12 17
164 4 14 17
164 6 0 17
164 6 1 16
164 6 2 18
164 6 4 16
164 6 5 18
164 6 9 18
164 6 10 16
164 6 11 16
164 10 0 19
164 10 1 22
164 10 2 21
164 10 3 24
164 10 4 21
164 10 7 22
164 10 9 20
164 10 10 20
164 11 3 18
164 11 4 17
164 11 5 19
164 11 7 17
164 11 8 19
164 11 11 19
164 11 12 17
164 11 14 17
165 0 0 79
165 0 4 82
165 0 5 87
165 0 6 96
165 0 9 87
165 0 11 82
165 0 13 80
165 0 14 80
165 2 1 78
165 2 3 81
165 2 4 86
165 2 6 95
165 2 8 86
165 2 9 81
165 2 10 79
165 2 11 79
165 5 1 92
165 5 3 91
165 5 4 100
165 5 6 97
165 5 7 86
165 5 8 105
165 5 10 95
165 5 14 99
165 14 0 89
165 14 1 88
165 14 4 97
165 14 5 94
165 14 6 83
165 14 10 102
165 14 12 92
165 14 13 96
166 0 0 24
166 0 4 27
166 0 5 26
166 0 6 29
166 0 9 26
166 0 11 27
166 0 13 25
166 0 14 25
166 2 1 31
166 2 3 28
166 2 4 32
166 2 6 29
166 2 8 32
166 2 9 33
166 2 10 28
166 2 11 28
166 6 0 32
166 6 1 29
166 6 2 33
166 6 4 30
166 6 5 33
166 6 9 34
166 6 10 29
166 6 11 29
166 12 1 26
166 12 2 29
166 12 4 28
166 12 6 31
166 12 7 28
166 12 9 29
166 12 10 27
166 12 11 27
167 3 0 55
167 3 1 58
167 3 4 51
167 3 5 60
167 3 8 57
167 3 9 52
167 3 11 50
167 3 14 50
167 5 1 58
167 5 3 61
167 5 4 54
167 5 6 63
167 5 7 60
167 5 8 55
167 5 10 53
167 5 14 53
167 10 0 51
167 10 1 54
167 10 2 47
167 10 3 56
167 10 4 53
167 10 7 48
167 10 9 46
167 10 10 46
167 14 0 62
167 14 1 63
167 14 4 61
167 14 5 60
167 14 6 62
167 14 10 57
167 14 12 62
167 14 13 58
168 2 1 12
168 2 3 11
168 2 4 13
168 2 6 11
168 2 8 13
168 2 9 13
168 2 10 11
168 2 11 11
168 10 0 11
168 10 1 10
168 10 2 12
168 10 3 10
168 10 4 12
168 10 7 12
168 10 9 10
168 10 10 10
168 11 3 13
168 11 4 12
168 11 5 14
168 11 7 12
168 11 8 14
168 11 11 14
168 11 12 12
168 11 14 12
169 0 0 62
169 0 4 63
169 0 5 61
169 0 6 60
169 0 9 62
169 0 11 57
169 0 13 62
169 0 14 58
169 8 3 58
169 8 4 63
169 8 6 64
169 8 8 67
169 8 10 68
169 8 12 71
169 8 13 69
169 8 14 69
169 10 0 59
169 10 1 64
169 10 2 65
169 10 3 68
169 10 4 69
169 10 7 72
169 10 9 70
169 10 10 70
170 2 1 71
170 2 3 66
170 2 4 73
170 2 6 67
170 2 8 74
170 2 9 76
170 2 10 65
170 2 11 66
170 3 0 61
170 3 1 66
170 3 4 67
170 3 5 70
170 3 8 71
170 3 9 74
170 3 11 72
170 3 14 72
170 4 2 73
170 4 3 68
170 4 4 75
170 4 7 69
170 4 8 76
170 4 9 78
170 4 12 67
170 4 14 68
171 2 1 43
171 2 3 42
171 2 4 41
171 2 6 38
171 2 8 37
171 2 9 46
171 2 10 46
171 2 11 40
171 4 2 42
171 4 3 41
171 4 4 40
171 4 7 37
171 4 8 36
171 4 9 45
171 4 12 45
171 4 14 39
171 6 0 36
171 6 1 39
171 6 2 44
171 6 4 44
171 6 5 44
171 6 9 39
171 6 10 37
171 6 11 37
172 1 1 56
172 1 2 59
172 1 3 52
172 1 6 61
172 1 7 58
172 1 11 53
172 1 12 51
172 1 14 51
172 4 2 59
172 4 3 62
172 4 4 55
172 4 7 64
172 4 8 61
172 4 9 56
172 4 12 54
172 4 14 54
172 5 1 52
172 5 3 55
172 5 4 48
172 5 6 57
172 5 7 54
172 5 8 49
172 5 10 47
172 5 14 47
172 10 0 54
172 10 1 59
172 10 2 60
172 10 3 63
172 10 4 64
172 10 7 67
172 10 9 65
172 10 10 65
173 4 2 55
173 4 3 60
173 4 4 61
173 4 7 64
173 4 8 65
173 4 9 68
173 4 12 66
173 4 14 66
173 8 3 60
173 8 4 65
173 8 6 66
173 8 8 69
173 8 10 70
173 8 12 73
173 8 13 71
173 8 14 71
173 9 1 61
173 9 2 66
173 9 3 67
173 9 4 70
173 9 5 71
173 9 6 74
173 9 7 72
173 9 11 72
173 13 2 69
173 13 3 64
173 13 5 71
173 13 6 65
173 13 7 72
173 13 10 74
173 13 11 63
173 13 14 64
173 14 0 70
173 14 1 65
173 14 4 72
173 14 5 66
173 14 6 73
173 14 10 75
173 14 12 64
173 14 13 65
174 4 2 53
174 4 3 56
174 4 4 49
174 4 7 58
174 4 8 55
174 4 9 50
174 4 12 48
174 4 14 48
174 5 1 56
174 5 3 59
174 5 4 52
174 5 6 61
174 5 7 58
174 5 8 53
174 5 10 51
174 5 14 51
174 9 1 50
174 9 2 49
174 9 3 48
174 9 4 45
174 9 5 44
174 9 6 53
174 9 7 53
174 9 11 47
174 11 3 58
174 11 4 61
174 11 5 54
174 11 7 63
174 11 8 60
174 11 11 55
174 11 12 53
174 11 14 53
175 3 0 69
175 3 1 63
175 3 4 77
175 3 5 74
175 3 8 68
175 3 9 72
175 3 11 67
175 3 14 76
175 6 0 58
175 6 1 63
175 6 2 64
175 6 4 67
175 6 5 68
175 6 9 71
175 6 10 69
175 6 11 69
175 12 1 70
175 12 2 65
175 12 4 72
175 12 6 66
175 12 7 73
175 12 9 75
175 12 10 64
175 12 11 65
175 14 0 59
175 14 1 64
175 14 4 65
175 14 5 68
175 14 6 69
175 14 10 72
175 14 12 70
175 14 13 70
176 0 0 14
176 0 4 13
176 0 5 15
176 0 6 13
176 0 9 15
176 0 11 15
176 0 13 13
176 0 14 13
176 3 0 13
176 3 1 12
176 3 4 14
176 3 5 12
176 3 8 14
176 3 9 14
176 3 11 12
176 3 14 12
176 9 1 15
176 9 2 14
176 9 3 16
176 9 4 14
176 9 5 16
176 9 6 16
176 9 7 14
176 9 11 14
176 11 3 13
176 11 4 12
176 11 5 14
176 11 7 12
176 11 8 14
176 11 11 14
176 11 12 12
176 11 14 12
177 0 0 77
177 0 4 72
177 0 5 79
177 0 6 73
177 0 9 80
177 0 11 82
177 0 13 71
177 0 14 72
177 1 1 73
177 1 2 76
177 1 3 81
177 1 6 90
177 1 7 81
177 1 11 76
177 1 12 74
177 1 14 74
177 3 0 78
177 3 1 81
177 3 4 86
177 3 5 95
177 3 8 86
177 3 9 81
177 3 11 79
177 3 14 79
177 5 1 92
177 5 3 91
177 5 4 100
177 5 6 97
177 5 7 86
177 5 8 105
177 5 10 95
177 5 14 99
177 10 0 78
177 10 1 81
177 10 2 86
177 10 3 95
177 10 4 86
177 10 7 81
177 10 9 79
177 10 10 79
178 0 0 56
178 0 4 59
178 0 5 52
178 0 6 61
178 0 9 58
178 0 11 53
178 0 13 51
178 0 14 51
178 4 2 54
178 4 3 59
178 4 4 60
178 4 7 63
178 4 8 64
178 4 9 67
178 4 12 65
178 4 14 65
178 14 0 55
178 14 1 60
178 14 4 61
178 14 5 64
178 14 6 65
178 14 10 68
178 14 12 66
178 14 13 66
179 3 0 56
179 3 1 59
179 3 4 52
179 3 5 61
179 3 8 58
179 3 9 53
179 3 11 51
179 3 14 51
179 5 1 54
179 5 3 59
179 5 4 60
179 5 6 63
179 5 7 64
179 5 8 67
179 5 10 65
179 5 14 65
179 11 3 55
179 11 4 60
179 11 5 61
179 11 7 64
179 11 8 65
179 11 11 68
179 11 12 66
179 11 14 66
179 14 0 58
179 14 1 63
179 14 4 64
179 14 5 67
179 14 6 68
179 14 10 71
179 14 12 69
179 14 13 69
180 1 1 81
180 1 2 84
180 1 3 90
180 1 6 84
180 1 7 89
180 1 11 94
180 1 12 85
180 1 14 94
180 4 2 105
180 4 3 104
180 4 4 107
180 4 7 110
180 4 8 105
180 4 9 106
180 4 12 96
180 4 14 98
180 5 1 108
180 5 3 121
180 5 4 109
180 5 6 99
180 5 7 121
180 5 8 110
180 5 10 108
180 5 14 121
180 12 1 88
180 12 2 87
180 12 4 96
180 12 6 93
180 12 7 82
180 12 9 101
180 12 10 91
180 12 11 95
181 2 1 15
181 2 3 14
181 2 4 16
181 2 6 14
181 2 8 16
181 2 9 16
181 2 10 14
181 2 11 14
181 9 1 14
181 9 2 13
181 9 3 15
181 9 4 13
181 9 5 15
181 9 6 15
181 9 7 13
181 9 11 13
181 12 1 16
181 12 2 15
181 12 4 17
181 12 6 15
181 12 7 17
181 12 9 17
181 12 10 15
181 12 11 15
182 0 0 36
182 0 4 33
182 0 5 37
182 0 6 34
182 0 9 37
182 0 11 38
182 0 13 33
182 0 14 33
182 5 1 33
182 5 3 30
182 5 4 34
182 5 6 31
182 5 7 34
182 5 8 35
182 5 10 30
182 5 14 30
182 9 1 37
182 9 2 34
182 9 3 38
182 9 4 35
182 9 5 38
182 9 6 39
182 9 7 34
182 9 11 34
183 2 1 30
183 2 3 27
183 2 4 31
183 2 6 28
183 2 8 31
183 2 9 32
183 2 10 27
183 2 11 27
183 10 0 25
183 10 1 28
183 10 2 27
183 10 3 30
183 10 4 27
183 10 7 28
183 10 9 26
183 10 10 26
183 12 1 31
183 12 2 28
183 12 4 32
183 12 6 29
183 12 7 32
183 12 9 33
183 12 10 28
183 12 11 28
183 13 2 26
183 13 3 29
183 13 5 28
183 13 6 31
183 13 7 28
183 13 10 29
183 13 11 27
183 13 14 27
183 14 0 31
183 14 1 28
183 14 4 32
183 14 5 29
183 14 6 32
183 14 10 33
183 14 12 28
183 14 13 28
184 5 1 31
184 5 3 28
184 5 4 32
184 5 6 29
184 5 7 32
184 5 8 33
184 5 10 28
184 5 14 28
184 7 0 26
184 7 1 29
184 7 3 28
184 7 4 31
184 7 5 28
184 7 6 29
184 7 7 27
184 7 8 27
184 9 1 32
184 9 2 29
184 9 3 33
184 9 4 30
184 9 5 33
184 9 6 34
184 9 7 29
184 9 11 29
184 13 2 27
184 13 3 32
184 13 5 33
184 13 6 29
184 13 7 30
184 13 10 33
184 13 11 31
184 13 14 31
184 14 0 32
184 14 1 29
184 14 4 33
184 14 5 30
184 14 6 33
184 14 10 34
184 14 12 29
184 14 13 29
185 2 1 34
185 2 3 31
185 2 4 35
185 2 6 32
185 2 8 35
185 2 9 36
185 2 10 31
185 2 11 31
185 3 0 31
185 3 1 28
185 3 4 32
185 3 5 29
185 3 8 32
185 3 9 33
185 3 11 28
185 3 14 28
185 5 1 35
185 5 3 32
185 5 4 36
185 5 6 33
185 5 7 36
185 5 8 37
185 5 10 32
185 5 14 32
185 8 3 32
185 8 4 29
185 8 6 33
185 8 8 30
185 8 10 33
185 8 12 34
185 8 13 29
185 8 14 29
185 12 1 35
185 12 2 32
185 12 4 36
185 12 6 33
185 12 7 36
185 12 9 37
185 12 10 32
185 12 11 32
186 4 2 49
186 4 3 48
186 4 4 47
186 4 7 44
186 4 8 43
186 4 9 52
186 4 12 52
186 4 14 46
186 5 1 48
186 5 3 47
186 5 4 46
186 5 6 43
186 5 7 42
186 5 8 51
186 5 10 51
186 5 14 45
186 6 0 48
186 6 1 47
186 6 2 50
186 6 4 53
186 6 5 48
186 6 9 49
186 6 10 50
186 6 11 52
186 12 1 53
186 12 2 56
186 12 4 49
186 12 6 58
186 12 7 55
186 12 9 50
186 12 10 48
186 12 11 48
187 7 0 8
187 7 1 8
187 7 3 9
187 7 4 8
187 7 5 9
187 7 6 9
187 7 7 8
187 7 8 8
187 9 1 8
187 9 2 8
187 9 3 9
187 9 4 8
187 9 5 9
187 9 6 9
187 9 7 8
187 9 11 8
187 13 2 10
187 13 3 9
187 13 5 11
187 13 6 9
187 13 7 11
187 13 10 11
187 13 11 9
187 13 14 9
188 6 0 35
188 6 1 32
188 6 2 36
188 6 4 33
188 6 5 36
188 6 9 37
188 6 10 32
188 6 11 32
188 7 0 32
188 7 1 29
188 7 3 33
188 7 4 30
188 7 5 33
188 7 6 34
188 7 7 29
188 7 8 29
188 12 1 36
188 12 2 33
188 12 4 37
188 12 6 34
188 12 7 37
188 12 9 38
188 12 10 33
188 12 11 33
189 4 2 36
189 4 3 33
189 4 4 37
189 4 7 34
189 4 8 37
189 4 9 38
189 4 12 33
189 4 14 33
189 7 0 33
189 7 1 30
189 7 3 34
189 7 4 31
189 7 5 34
189 7 6 35
189 7 7 30
189 7 8 30
189 13 2 37
189 13 3 34
189 13 5 38
189 13 6 35
189 13 7 38
189 13 10 39
189 13 11 34
189 13 14 34
190 3 0 24
190 3 1 27
190 3 4 26
190 3 5 29
190 3 8 26
190 3 9 27
190 3 11 25
190 3 14 25
190 7 0 31
190 7 1 28
190 7 3 32
190 7 4 29
190 7 5 32
190 7 6 33
190 7 7 28
190 7 8 28
190 8 3 32
190 8 4 29
190 8 6 33
190 8 8 30
190 8 10 33
190 8 12 34
190 8 13 29
190 8 14 29
190 10 0 26
190 10 1 29
190 10 2 28
190 10 3 31
190 10 4 28
190 10 7 29
190 10 9 27
190 10 10 27
190 11 3 27
190 11 4 32
190 11 5 33
190 11 7 29
190 11 8 30
190 11 11 33
190 11 12 31
190 11 14 31
191 3 0 91
191 3 1 90
191 3 4 99
191 3 5 96
191 3 8 85
191 3 9 104
191 3 11 94
191 3 14 98
191 9 1 90
191 9 2 89
191 9 3 98
191 9 4 95
191 9 5 84
191 9 6 103
191 9 7 93
191 9 11 97
191 10 0 106
191 10 1 105
191 10 2 108
191 10 3 111
191 10 4 106
191 10 7 107
191 10 9 97
191 10 10 99
191 14 0 90
191 14 1 102
191 14 4 110
191 14 5 92
191 14 6 107
191 14 10 96
191 14 12 94
191 14 13 94
192 4 2 35
192 4 3 32
192 4 4 36
192 4 7 33
192 4 8 36
192 4 9 37
192 4 12 32
192 4 14 32
192 6 0 38
192 6 1 35
192 6 2 39
192 6 4 36
192 6 5 39
192 6 9 40
192 6 10 35
192 6 11 35
192 14 0 45
192 14 1 44
192 14 4 43
192 14 5 40
192 14 6 39
192 14 10 48
192 14 12 48
192 14 13 42
193 0 0 20
193 0 4 23
193 0 5 22
193 0 6 25
193 0 9 22
193 0 11 23
193 0 13 21
193 0 14 21
193 3 0 23
193 3 1 26
193 3 4 25
193 3 5 28
193 3 8 25
193 3 9 26
193 3 11 24
193 3 14 24
193 9 1 22
193 9 2 25
193 9 3 24
193 9 4 27
193 9 5 24
193 9 6 25
193 9 7 23
193 9 11 23
194 1 1 46
194 1 2 45
194 1 3 44
194 1 6 41
194 1 7 40
194 1 11 49
194 1 12 49
194 1 14 43
194 3 0 45
194 3 1 44
194 3 4 43
194 3 5 40
194 3 8 39
194 3 9 48
194 3 11 48
194 3 14 42
194 5 1 44
194 5 3 43
194 5 4 42
194 5 6 39
194 5 7 38
194 5 8 47
194 5 10 47
194 5 14 41
194 6 0 36
194 6 1 39
194 6 2 44
194 6 4 44
194 6 5 44
194 6 9 39
194 6 10 37
194 6 11 37
195 5 1 34
195 5 3 31
195 5 4 35
195 5 6 32
195 5 7 35
195 5 8 36
195 5 10 31
195 5 14 31
195 7 0 31
195 7 1 28
195 7 3 32
195 7 4 29
195 7 5 32
195 7 6 33
195 7 7 28
195 7 8 28
195 9 1 35
195 9 2 32
195 9 3 36
195 9 4 33
195 9 5 36
195 9 6 37
195 9 7 32
195 9 11 32
195 13 2 32
195 13 3 29
195 13 5 33
195 13 6 30
195 13 7 33
195 13 10 34
195 13 11 29
195 13 14 29
196 6 0 56
196 6 1 59
196 6 2 52
196 6 4 61
196 6 5 58
196 6 9 53
196 6 10 51
196 6 11 51
196 10 0 54
196 10 1 59
196 10 2 60
196 10 3 63
196 10 4 64
196 10 7 67
196 10 9 65
196 10 10 65
196 12 1 55
196 12 2 60
196 12 4 61
196 12 6 64
196 12 7 65
196 12 9 68
196 12 10 66
196 12 11 66
196 13 2 58
196 13 3 63
196 13 5 64
196 13 6 67
196 13 7 68
196 13 10 71
196 13 11 69
196 13 14 69
196 14 0 59
196 14 1 64
196 14 4 65
196 14 5 68
196 14 6 69
196 14 10 72
196 14 12 70
196 14 13 70
197 3 0 19
197 3 1 18
197 3 4 22
197 3 5 19
197 3 8 18
197 3 9 22
197 3 11 22
197 3 14 21
197 10 0 20
197 10 1 23
197 10 2 22
197 10 3 25
197 10 4 22
197 10 7 23
197 10 9 21
197 10 10 21
197 13 2 19
197 13 3 22
197 13 5 21
197 13 6 24
197 13 7 21
197 13 10 22
197 13 11 20
197 13 14 20
197 14 0 22
197 14 1 25
197 14 4 24
197 14 5 27
197 14 6 24
197 14 10 25
197 14 12 23
197 14 13 23
198 0 0 24
198 0 4 27
198 0 5 26
198 0 6 29
198 0 9 26
198 0 11 27
198 0 13 25
198 0 14 25
198 2 1 31
198 2 3 28
198 2 4 32
198 2 6 29
198 2 8 32
198 2 9 33
198 2 10 28
198 2 11 28
198 3 0 32
198 3 1 29
198 3 4 33
198 3 5 30
198 3 8 33
198 3 9 34
198 3 11 29
198 3 14 29
198 10 0 26
198 10 1 29
198 10 2 28
198 10 3 31
198 10 4 28
198 10 7 29
198 10 9 27
198 10 10 27
199 5 1 48
199 5 3 47
199 5 4 50
199 5 6 53
199 5 7 48
199 5 8 49
199 5 10 50
199 5 14 52
199 6 0 50
199 6 1 49
199 6 2 48
199 6 4 45
199 6 5 44
199 6 9 53
199 6 10 53
199 6 11 47
199 8 3 49
199 8 4 48
199 8 6 47
199 8 8 44
199 8 10 43
199 8 12 52
199 8 13 52
199 8 14 46
200 5 1 91
200 5 3 90
200 5 4 99
200 5 6 96
200 5 7 85
200 5 8 104
200 5 10 94
200 5 14 98
200 7 0 90
200 7 1 89
200 7 3 98
200 7 4 95
200 7 5 84
200 7 6 103
200 7 7 93
200 7 8 97
200 13 2 106
200 13 3 105
200 13 5 108
200 13 6 111
200 13 7 106
200 13 10 107
200 13 11 97
200 13 14 99
201 7 0 55
201 7 1 58
201 7 3 51
201 7 4 60
201 7 5 57
201 7 6 52
201 7 7 50
201 7 8 50
201 8 3 58
201 8 4 61
201 8 6 54
201 8 8 63
201 8 10 60
201 8 12 55
201 8 13 53
201 8 14 53
201 13 2 51
201 13 3 54
201 13 5 47
201 13 6 56
201 13 7 53
201 13 10 48
201 13 11 46
201 13 14 46
202 3 0 49
202 3 1 48
202 3 4 47
202 3 5 44
202 3 8 43
202 3 9 52
202 3 11 52
202 3 14 46
202 6 0 48
202 6 1 47
202 6 2 46
202 6 4 43
202 6 5 42
202 6 9 51
202 6 10 51
202 6 11 45
202 10 0 47
202 10 1 46
202 10 2 45
202 10 3 42
202 10 4 41
202 10 7 50
202 10 9 50
202 10 10 44
202 12 1 44
202 12 2 43
202 12 4 42
202 12 6 39
202 12 7 38
202 12 9 47
202 12 10 47
202 12 11 41
203 3 0 71
203 3 1 66
203 3 4 73
203 3 5 67
203 3 8 74
203 3 9 76
203 3 11 65
203 3 14 66
203 7 0 61
203 7 1 66
203 7 3 67
203 7 4 70
203 7 5 71
203 7 6 74
203 7 7 72
203 7 8 72
203 8 3 73
203 8 4 68
203 8 6 75
203 8 8 69
203 8 10 76
203 8 12 78
203 8 13 67
203 8 14 68
203 12 1 62
203 12 2 67
203 12 4 68
203 12 6 71
203 12 7 72
203 12 9 75
203 12 10 73
203 12 11 73
203 14 0 74
203 14 1 69
203 14 4 76
203 14 5 70
203 14 6 77
203 14 10 79
203 14 12 68
203 14 13 69
204 0 0 36
204 0 4 33
204 0 5 37
204 0 6 34
204 0 9 37
204 0 11 38
204 0 13 33
204 0 14 33
204 2 1 33
204 2 3 30
204 2 4 34
204 2 6 31
204 2 8 34
204 2 9 35
204 2 10 30
204 2 11 30
204 4 2 37
204 4 3 34
204 4 4 38
204 4 7 35
204 4 8 38
204 4 9 39
204 4 12 34
204 4 14 34
204 7 0 34
204 7 1 31
204 7 3 35
204 7 4 32
204 7 5 35
204 7 6 36
204 7 7 31
204 7 8 31
204 10 0 37
204 10 1 34
204 10 2 38
204 10 3 35
204 10 4 38
204 10 7 39
204 10 9 34
204 10 10 34
205 6 0 27
205 6 1 32
205 6 2 33
205 6 4 29
205 6 5 30
205 6 9 33
205 6 10 31
205 6 11 31
205 9 1 24
205 9 2 27
205 9 3 26
205 9 4 29
205 9 5 26
205 9 6 27
205 9 7 25
205 9 11 25
205 11 3 30
205 11 4 27
205 11 5 31
205 11 7 28
205 11 8 31
205 11 11 32
205 11 12 27
205 11 14 27
206 1 1 77
206 1 2 72
206 1 3 79
206 1 6 73
206 1 7 80
206 1 11 82
206 1 12 71
206 1 14 72
206 4 2 73
206 4 3 76
206 4 4 81
206 4 7 90
206 4 8 81
206 4 9 76
206 4 12 74
206 4 14 74
206 7 0 78
206 7 1 81
206 7 3 86
206 7 4 95
206 7 5 86
206 7 6 81
206 7 7 79
206 7 8 79
207 0 0 57
207 0 4 60
207 0 5 53
207 0 6 62
207 0 9 59
207 0 11 54
207 0 13 52
207 0 14 52
207 6 0 62
207 6 1 63
207 6 2 61
207 6 4 60
207 6 5 62
207 6 9 57
207 6 10 62
207 6 11 58
207 7 0 53
207 7 1 56
207 7 3 49
207 7 4 58
207 7 5 55
207 7 6 50
207 7 7 48
207 7 8 48
207 13 2 55
207 13 3 60
207 13 5 61
207 13 6 64
207 13 7 65
207 13 10 68
207 13 11 66
207 13 14 66
208 6 0 17
208 6 1 16
208 6 2 18
208 6 4 16
208 6 5 18
208 6 9 18
208 6 10 16
208 6 11 16
208 7 0 16
208 7 1 15
208 7 3 17
208 7 4 15
208 7 5 17
208 7 6 17
208 7 7 15
208 7 8 15
208 8 3 18
208 8 4 17
208 8 6 19
208 8 8 17
208 8 10 19
208 8 12 19
208 8 13 17
208 8 14 17
208 11 3 16
208 11 4 15
208 11 5 17
208 11 7 15
208 11 8 17
208 11 11 17
208 11 12 15
208 11 14 15
208 14 0 18
208 14 1 17
208 14 4 19
208 14 5 17
208 14 6 19
208 14 10 19
208 14 12 17
208 14 13 17
209 1 1 74
209 1 2 69
209 1 3 76
209 1 6 70
209 1 7 77
209 1 11 79
209 1 12 68
209 1 14 69
209 5 1 77
209 5 3 72
209 5 4 79
209 5 6 73
209 5 7 80
209 5 8 82
209 5 10 71
209 5 14 72
209 6 0 75
209 6 1 78
209 6 2 83
209 6 4 92
209 6 5 83
209 6 9 78
209 6 10 76
209 6 11 76
209 8 3 89
209 8 4 88
209 8 6 97
209 8 8 94
209 8 10 83
209 8 12 102
209 8 13 92
209 8 14 96
209 14 0 75
209 14 1 78
209 14 4 83
209 14 5 92
209 14 6 83
209 14 10 78
209 14 12 76
209 14 13 76
210 5 1 43
210 5 3 42
210 5 4 41
210 5 6 38
210 5 7 37
210 5 8 46
210 5 10 46
210 5 14 40
210 7 0 42
210 7 1 41
210 7 3 40
210 7 4 37
210 7 5 36
210 7 6 45
210 7 7 45
210 7 8 39
210 12 1 36
210 12 2 39
210 12 4 44
210 12 6 44
210 12 7 44
210 12 9 39
210 12 10 37
210 12 11 37
210 13 2 36
210 13 3 33
210 13 5 37
210 13 6 34
210 13 7 37
210 13 10 38
210 13 11 33
210 13 14 33
211 5 1 78
211 5 3 81
211 5 4 86
211 5 6 95
211 5 7 86
211 5 8 81
211 5 10 79
211 5 14 79
211 9 1 77
211 9 2 80
211 9 3 85
211 9 4 94
211 9 5 85
211 9 6 80
211 9 7 78
211 9 11 78
211 10 0 91
211 10 1 90
211 10 2 99
211 10 3 96
211 10 4 85
211 10 7 104
211 10 9 94
211 10 10 98
211 11 3 88
211 11 4 87
211 11 5 96
211 11 7 93
211 11 8 82
211 11 11 101
211 11 12 91
211 11 14 95
211 13 2 72
211 13 3 75
211 13 5 80
211 13 6 89
211 13 7 80
211 13 10 75
211 13 11 73
211 13 14 73
212 2 1 59
212 2 3 62
212 2 4 55
212 2 6 64
212 2 8 61
212 2 9 56
212 2 10 54
212 2 11 54
212 4 2 57
212 4 3 62
212 4 4 63
212 4 7 66
212 4 8 67
212 4 9 70
212 4 12 68
212 4 14 68
212 10 0 58
212 10 1 63
212 10 2 64
212 10 3 67
212 10 4 68
212 10 7 71
212 10 9 69
212 10 10 69
212 11 3 61
212 11 4 66
212 11 5 67
212 11 7 70
212 11 8 71
212 11 11 74
212 11 12 72
212 11 14 72
212 14 0 62
212 14 1 67
212 14 4 68
212 14 5 71
212 14 6 72
212 14 10 75
212 14 12 73
212 14 13 73
213 3 0 74
213 3 1 69
213 3 4 76
213 3 5 70
213 3 8 77
213 3 9 79
213 3 11 68
213 3 14 69
213 7 0 69
213 7 1 64
213 7 3 71
213 7 4 65
213 7 5 72
213 7 6 74
213 7 7 63
213 7 8 64
213 10 0 76
213 10 1 71
213 10 2 78
213 10 3 72
213 10 4 79
213 10 7 81
213 10 9 70
213 10 10 71
213 13 2 70
213 13 3 65
213 13 5 72
213 13 6 66
213 13 7 73
213 13 10 75
213 13 11 64
213 13 14 65
214 1 1 58
214 1 2 61
214 1 3 54
214 1 6 63
214 1 7 60
214 1 11 55
214 1 12 53
214 1 14 53
214 3 0 54
214 3 1 59
214 3 4 60
214 3 5 63
214 3 8 64
214 3 9 67
214 3 11 65
214 3 14 65
214 13 2 54
214 13 3 57
214 13 5 50
214 13 6 59
214 13 7 56
214 13 10 51
214 13 11 49
214 13 14 49
214 14 0 56
214 14 1 61
214 14 4 62
214 14 5 65
214 14 6 66
214 14 10 69
214 14 12 67
214 14 13 67
215 0 0 72
215 0 4 67
215 0 5 74
215 0 6 68
215 0 9 75
215 0 11 77
215 0 13 66
215 0 14 67
215 1 1 62
215 1 2 67
215 1 3 68
215 1 6 71
215 1 7 72
215 1 11 75
215 1 12 73
215 1 14 73
215 10 0 74
215 10 1 69
215 10 2 76
215 10 3 70
215 10 4 77
215 10 7 79
215 10 9 68
215 10 10 69
215 11 3 69
215 11 4 63
215 11 5 77
215 11 7 74
215 11 8 68
215 11 11 72
215 11 12 67
215 11 14 76
216 0 0 74
216 0 4 69
216 0 5 76
216 0 6 70
216 0 9 77
216 0 11 79
216 0 13 68
216 0 14 69
216 6 0 77
216 6 1 72
216 6 2 79
216 6 4 73
216 6 5 80
216 6 9 82
216 6 10 71
216 6 11 72
216 9 1 75
216 9 2 78
216 9 3 83
216 9 4 92
216 9 5 83
216 9 6 78
216 9 7 76
216 9 11 76
217 1 1 9
217 1 2 9
217 1 3 11
217 1 6 11
217 1 7 11
217 1 11 9
217 1 12 10
217 1 14 10
217 3 0 8
217 3 1 8
217 3 4 9
217 3 5 8
217 3 8 9
217 3 9 9
217 3 11 8
217 3 14 8
217 7 0 10
217 7 1 9
217 7 3 11
217 7 4 9
217 7 5 11
217 7 6 11
217 7 7 9
217 7 8 9
217 9 1 8
217 9 2 8
217 9 3 9
217 9 4 8
217 9 5 9
217 9 6 9
217 9 7 8
217 9 11 8
217 10 0 10
217 10 1 9
217 10 2 11
217 10 3 9
217 10 4 11
217 10 7 11
217 10 9 9
217 10 10 9
218 0 0 76
218 0 4 71
218 0 5 78
218 0 6 72
218 0 9 79
218 0 11 81
218 0 13 70
218 0 14 71
218 6 0 72
218 6 1 75
218 6 2 80
218 6 4 89
218 6 5 80
218 6 9 75
218 6 10 73
218 6 11 73
218 13 2 77
218 13 3 80
218 13 5 85
218 13 6 94
218 13 7 85
218 13 10 80
218 13 11 78
218 13 14 78
219 6 0 48
219 6 1 47
219 6 2 50
219 6 4 53
219 6 5 48
219 6 9 49
219 6 10 50
219 6 11 52
219 7 0 50
219 7 1 49
219 7 3 48
219 7 4 45
219 7 5 44
219 7 6 53
219 7 7 53
219 7 8 47
219 9 1 49
219 9 2 48
219 9 3 47
219 9 4 44
219 9 5 43
219 9 6 52
219 9 7 52
219 9 11 46
219 14 0 46
219 14 1 45
219 14 4 44
219 14 5 41
219 14 6 40
219 14 10 49
219 14 12 49
219 14 13 43
220 1 1 62
220 1 2 67
220 1 3 68
220 1 6 71
220 1 7 72
220 1 11 75
220 1 12 73
220 1 14 73
220 2 1 57
220 2 3 62
220 2 4 63
220 2 6 66
220 2 8 67
220 2 9 70
220 2 10 68
220 2 11 68
220 11 3 69
220 11 4 64
220 11 5 71
220 11 7 65
220 11 8 72
220 11 11 74
220 11 12 63
220 11 14 64
220 13 2 58
220 13 3 63
220 13 5 64
220 13 6 67
220 13 7 68
220 13 10 71
220 13 11 69
220 13 14 69
221 1 1 58
221 1 2 61
221 1 3 54
221 1 6 63
221 1 7 60
221 1 11 55
221 1 12 53
221 1 14 53
221 6 0 56
221 6 1 61
221 6 2 62
221 6 4 65
221 6 5 66
221 6 9 69
221 6 10 67
221 6 11 67
221 7 0 57
221 7 1 62
221 7 3 63
221 7 4 66
221 7 5 67
221 7 6 70
221 7 7 68
221 7 8 68
221 11 3 60
221 11 4 65
221 11 5 66
221 11 7 69
221 11 8 70
221 11 11 73
221 11 12 71
221 11 14 71
221 13 2 61
221 13 3 66
221 13 5 67
221 13 6 70
221 13 7 71
221 13 10 74
221 13 11 72
221 13 14 72
222 0 0 44
222 0 4 43
222 0 5 42
222 0 6 39
222 0 9 38
222 0 11 47
222 0 13 47
222 0 14 41
222 7 0 43
222 7 1 42
222 7 3 41
222 7 4 38
222 7 5 37
222 7 6 46
222 7 7 46
222 7 8 40
222 13 2 42
222 13 3 41
222 13 5 40
222 13 6 37
222 13 7 36
222 13 10 45
222 13 11 45
222 13 14 39
222 14 0 37
222 14 1 34
222 14 4 38
222 14 5 35
222 14 6 38
222 14 10 39
222 14 12 34
222 14 13 34
223 0 0 45
223 0 4 44
223 0 5 43
223 0 6 40
223 0 9 39
223 0 11 48
223 0 13 48
223 0 14 42
223 5 1 44
223 5 3 43
223 5 4 42
223 5 6 39
223 5 7 38
223 5 8 47
223 5 10 47
223 5 14 41
223 7 0 43
223 7 1 42
223 7 3 41
223 7 4 38
223 7 5 37
223 7 6 46
223 7 7 46
223 7 8 40
223 8 3 38
223 8 4 35
223 8 6 39
223 8 8 36
223 8 10 39
223 8 12 40
223 8 13 35
223 8 14 35
223 14 0 37
223 14 1 34
223 14 4 38
223 14 5 35
223 14 6 38
223 14 10 39
223 14 12 34
223 14 13 34
224 0 0 32
224 0 4 29
224 0 5 33
224 0 6 30
224 0 9 33
224 0 11 34
224 0 13 29
224 0 14 29
224 6 0 27
224 6 1 32
224 6 2 33
224 6 4 29
224 6 5 30
224 6 9 33
224 6 10 31
224 6 11 31
224 7 0 33
224 7 1 30
224 7 3 34
224 7 4 31
224 7 5 34
224 7 6 35
224 7 7 30
224 7 8 30
224 8 3 30
224 8 4 27
224 8 6 31
224 8 8 28
224 8 10 31
224 8 12 32
224 8 13 27
224 8 14 27
224 13 2 33
224 13 3 30
224 13 5 34
224 13 6 31
224 13 7 34
224 13 10 35
224 13 11 30
224 13 14 30
225 2 1 9
225 2 3 9
225 2 4 11
225 2 6 11
225 2 8 11
225 2 9 9
225 2 10 10
225 2 11 10
225 3 0 8
225 3 1 8
225 3 4 9
225 3 5 8
225 3 8 9
225 3 9 9
225 3 11 8
225 3 14 8
225 6 0 10
225 6 1 9
225 6 2 11
225 6 4 9
225 6 5 11
225 6 9 11
225 6 10 9
225 6 11 9
225 7 0 8
225 7 1 8
225 7 3 9
225 7 4 8
225 7 5 9
225 7 6 9
225 7 7 8
225 7 8 8
225 12 1 10
225 12 2 9
225 12 4 11
225 12 6 9
225 12 7 11
225 12 9 11
225 12 10 9
225 12 11 9
226 2 1 56
226 2 3 59
226 2 4 52
226 2 6 61
226 2 8 58
226 2 9 53
226 2 10 51
226 2 11 51
226 3 0 54
226 3 1 59
226 3 4 60
226 3 5 63
226 3 8 64
226 3 9 67
226 3 11 65
226 3 14 65
226 8 3 55
226 8 4 60
226 8 6 61
226 8 8 64
226 8 10 65
226 8 12 68
226 8 13 66
226 8 14 66
226 14 0 58
226 14 1 63
226 14 4 64
226 14 5 67
226 14 6 68
226 14 10 71
226 14 12 69
226 14 13 69
227 1 1 56
227 1 2 59
227 1 3 52
227 1 6 61
227 1 7 58
227 1 11 53
227 1 12 51
227 1 14 51
227 5 1 59
227 5 3 62
227 5 4 55
227 5 6 64
227 5 7 61
227 5 8 56
227 5 10 54
227 5 14 54
227 13 2 52
227 13 3 55
227 13 5 48
227 13 6 57
227 13 7 54
227 13 10 49
227 13 11 47
227 13 14 47
228 4 2 37
228 4 3 34
228 4 4 38
228 4 7 35
228 4 8 38
228 4 9 39
228 4 12 34
228 4 14 34
228 12 1 34
228 12 2 31
228 12 4 35
228 12 6 32
228 12 7 35
228 12 9 36
228 12 10 31
228 12 11 31
228 14 0 38
228 14 1 35
228 14 4 39
228 14 5 36
228 14 6 39
228 14 10 40
228 14 12 35
228 14 13 35
229 0 0 74
229 0 4 69
229 0 5 76
229 0 6 70
229 0 9 77
229 0 11 79
229 0 13 68
229 0 14 69
229 1 1 69
229 1 2 64
229 1 3 71
229 1 6 65
229 1 7 72
229 1 11 74
229 1 12 63
229 1 14 64
229 5 1 76
229 5 3 71
229 5 4 78
229 5 6 72
229 5 7 79
229 5 8 81
229 5 10 70
229 5 14 71
229 9 1 70
229 9 2 65
229 9 3 72
229 9 4 66
229 9 5 73
229 9 6 75
229 9 7 64
229 9 11 65
230 2 1 58
230 2 3 61
230 2 4 54
230 2 6 63
230 2 8 60
230 2 9 55
230 2 10 53
230 2 11 53
230 7 0 56
230 7 1 61
230 7 3 62
230 7 4 65
230 7 5 66
230 7 6 69
230 7 7 67
230 7 8 67
230 8 3 57
230 8 4 62
230 8 6 63
230 8 8 66
230 8 10 67
230 8 12 70
230 8 13 68
230 8 14 68
230 9 1 60
230 9 2 65
230 9 3 66
230 9 4 69
230 9 5 70
230 9 6 73
230 9 7 71
230 9 11 71
231 0 0 75
231 0 4 70
231 0 5 77
231 0 6 71
231 0 9 78
231 0 11 80
231 0 13 69
231 0 14 70
231 1 1 70
231 1 2 65
231 1 3 72
231 1 6 66
231 1 7 73
231 1 11 75
231 1 12 64
231 1 14 65
231 9 1 77
231 9 2 72
231 9 3 79
231 9 4 73
231 9 5 80
231 9 6 82
231 9 7 71
231 9 11 72
232 3 0 49
232 3 1 48
232 3 4 47
232 3 5 44
232 3 8 43
232 3 9 52
232 3 11 52
232 3 14 46
232 9 1 48
232 9 2 47
232 9 3 46
232 9 4 43
232 9 5 42
232 9 6 51
232 9 7 51
232 9 11 45
232 10 0 47
232 10 1 46
232 10 2 45
232 10 3 42
232 10 4 41
232 10 7 50
232 10 9 50
232 10 10 44
233 0 0 76
233 0 4 71
233 0 5 78
233 0 6 72
233 0 9 79
233 0 11 81
233 0 13 70
233 0 14 71
233 2 1 72
233 2 3 75
233 2 4 80
233 2 6 89
233 2 8 80
233 2 9 75
233 2 10 73
233 2 11 73
233 5 1 77
233 5 3 80
233 5 4 85
233 5 6 94
233 5 7 85
233 5 8 80
233 5 10 78
233 5 14 78
233 9 1 91
233 9 2 90
233 9 3 99
233 9 4 96
233 9 5 85
233 9 6 104
233 9 7 94
233 9 11 98
233 14 0 77
233 14 1 80
233 14 4 85
233 14 5 94
233 14 6 85
233 14 10 80
233 14 12 78
233 14 13 78
234 1 1 20
234 1 2 23
234 1 3 22
234 1 6 25
234 1 7 22
234 1 11 23
234 1 12 21
234 1 14 21
234 5 1 23
234 5 3 26
234 5 4 25
234 5 6 28
234 5 7 25
234 5 8 26
234 5 10 24
234 5 14 24
234 8 3 22
234 8 4 25
234 8 6 24
234 8 8 27
234 8 10 24
234 8 12 25
234 8 13 23
234 8 14 23
234 11 3 25
234 11 4 28
234 11 5 27
234 11 7 30
234 11 8 27
234 11 11 28
234 11 12 26
234 11 14 26
234 12 1 22
234 12 2 25
234 12 4 24
234 12 6 27
234 12 7 24
234 12 9 25
234 12 10 23
234 12 11 23
235 8 3 17
235 8 4 16
235 8 6 18
235 8 8 16
235 8 10 18
235 8 12 18
235 8 13 16
235 8 14 16
235 12 1 18
235 12 2 21
235 12 4 20
235 12 6 23
235 12 7 20
235 12 9 21
235 12 10 19
235 12 11 19
235 13 2 19
235 13 3 18
235 13 5 22
235 13 6 19
235 13 7 18
235 13 10 22
235 13 11 22
235 13 14 21
236 6 0 78
236 6 1 81
236 6 2 86
236 6 4 95
236 6 5 86
236 6 9 81
236 6 10 79
236 6 11 79
236 9 1 77
236 9 2 80
236 9 3 85
236 9 4 94
236 9 5 85
236 9 6 80
236 9 7 78
236 9 11 78
236 10 0 91
236 10 1 90
236 10 2 99
236 10 3 96
236 10 4 85
236 10 7 104
236 10 9 94
236 10 10 98
236 14 0 88
236 14 1 87
236 14 4 96
236 14 5 93
236 14 6 82
236 14 10 101
236 14 12 91
236 14 13 95
237 1 1 54
237 1 2 57
237 1 3 50
237 1 6 59
237 1 7 56
237 1 11 51
237 1 12 49
237 1 14 49
237 7 0 59
237 7 1 62
237 7 3 55
237 7 4 64
237 7 5 61
237 7 6 56
237 7 7 54
237 7 8 54
237 14 0 62
237 14 1 63
237 14 4 61
237 14 5 60
237 14 6 62
237 14 10 57
237 14 12 62
237 14 13 58
238 2 1 72
238 2 3 75
238 2 4 80
238 2 6 89
238 2 8 80
238 2 9 75
238 2 10 73
238 2 11 73
238 5 1 75
238 5 3 78
238 5 4 83
238 5 6 92
238 5 7 83
238 5 8 78
238 5 10 76
238 5 14 76
238 11 3 81
238 11 4 84
238 11 5 90
238 11 7 84
238 11 8 89
238 11 11 94
238 11 12 85
238 11 14 94
238 12 1 75
238 12 2 78
238 12 4 83
238 12 6 92
238 12 7 83
238 12 9 78
238 12 10 76
238 12 11 76
239 1 1 34
239 1 2 31
239 1 3 35
239 1 6 32
239 1 7 35
239 1 11 36
239 1 12 31
239 1 14 31
239 6 0 31
239 6 1 28
239 6 2 32
239 6 4 29
239 6 5 32
239 6 9 33
239 6 10 28
239 6 11 28
239 8 3 35
239 8 4 32
239 8 6 36
239 8 8 33
239 8 10 36
239 8 12 37
239 8 13 32
239 8 14 32
239 12 1 32
239 12 2 29
239 12 4 33
239 12 6 30
239 12 7 33
239 12 9 34
239 12 10 29
239 12 11 29
240 2 1 73
240 2 3 68
240 2 4 75
240 2 6 69
240 2 8 76
240 2 9 78
240 2 10 67
240 2 11 68
240 6 0 76
240 6 1 71
240 6 2 78
240 6 4 72
240 6 5 79
240 6 9 81
240 6 10 70
240 6 11 71
240 13 2 74
240 13 3 77
240 13 5 82
240 13 6 91
240 13 7 82
240 13 10 77
240 13 11 75
240 13 14 75
241 6 0 8
241 6 1 8
241 6 2 9
241 6 4 8
241 6 5 9
241 6 9 9
241 6 10 8
241 6 11 8
241 7 0 8
241 7 1 8
241 7 3 9
241 7 4 8
241 7 5 9
241 7 6 9
241 7 7 8
241 7 8 8
241 8 3 10
241 8 4 9
241 8 6 11
241 8 8 9
241 8 10 11
241 8 12 11
241 8 13 9
241 8 14 9
241 9 1 10
241 9 2 9
241 9 3 11
241 9 4 9
241 9 5 11
241 9 6 11
241 9 7 9
241 9 11 9
241 11 3 10
241 11 4 9
241 11 5 11
241 11 7 9
241 11 8 11
241 11 11 11
241 11 12 9
241 11 14 9
242 1 1 78
242 1 2 81
242 1 3 86
242 1 6 95
242 1 7 86
242 1 11 81
242 1 12 79
242 1 14 79
242 7 0 77
242 7 1 80
242 7 3 85
242 7 4 94
242 7 5 85
242 7 6 80
242 7 7 78
242 7 8 78
242 12 1 91
242 12 2 90
242 12 4 99
242 12 6 96
242 12 7 85
242 12 9 104
242 12 10 94
242 12 11 98
243 6 0 72
243 6 1 67
243 6 2 74
243 6 4 68
243 6 5 75
243 6 9 77
243 6 10 66
243 6 11 67
243 10 0 62
243 10 1 67
243 10 2 68
243 10 3 71
243 10 4 72
243 10 7 75
243 10 9 73
243 10 10 73
243 12 1 74
243 12 2 69
243 12 4 76
243 12 6 70
243 12 7 77
243 12 9 79
243 12 10 68
243 12 11 69
243 14 0 69
243 14 1 63
243 14 4 77
243 14 5 74
243 14 6 68
243 14 10 72
243 14 12 67
243 14 13 76
244 2 1 56
244 2 3 59
244 2 4 52
244 2 6 61
244 2 8 58
244 2 9 53
244 2 10 51
244 2 11 51
244 6 0 59
244 6 1 62
244 6 2 55
244 6 4 64
244 6 5 61
244 6 9 56
244 6 10 54
244 6 11 54
244 10 0 52
244 10 1 55
244 10 2 48
244 10 3 57
244 10 4 54
244 10 7 49
244 10 9 47
244 10 10 47
245 0 0 71
245 0 4 66
245 0 5 73
245 0 6 67
245 0 9 74
245 0 11 76
245 0 13 65
245 0 14 66
245 1 1 61
245 1 2 66
245 1 3 67
245 1 6 70
245 1 7 71
245 1 11 74
245 1 12 72
245 1 14 72
245 8 3 73
245 8 4 68
245 8 6 75
245 8 8 69
245 8 10 76
245 8 12 78
245 8 13 67
245 8 14 68
245 13 2 62
245 13 3 67
245 13 5 68
245 13 6 71
245 13 7 72
245 13 10 75
245 13 11 73
245 13 14 73
246 1 1 75
246 1 2 70
246 1 3 77
246 1 6 71
246 1 7 78
246 1 11 80
246 1 12 69
246 1 14 70
246 5 1 70
246 5 3 65
246 5 4 72
246 5 6 66
246 5 7 73
246 5 8 75
246 5 10 64
246 5 14 65
246 10 0 77
246 10 1 72
246 10 2 79
246 10 3 73
246 10 4 80
246 10 7 82
246 10 9 71
246 10 10 72
246 14 0 71
246 14 1 66
246 14 4 73
246 14 5 67
246 14 6 74
246 14 10 76
246 14 12 65
246 14 13 66
247 1 1 75
247 1 2 70
247 1 3 77
247 1 6 71
247 1 7 78
247 1 11 80
247 1 12 69
247 1 14 70
247 5 1 76
247 5 3 74
247 5 4 75
247 5 6 74
247 5 7 84
247 5 8 87
247 5 10 84
247 5 14 75
247 13 2 76
247 13 3 79
247 13 5 84
247 13 6 93
247 13 7 84
247 13 10 79
247 13 11 77
247 13 14 77
248 1 1 22
248 1 2 25
248 1 3 24
248 1 6 27
248 1 7 24
248 1 11 25
248 1 12 23
248 1 14 23
248 3 0 25
248 3 1 28
248 3 4 27
248 3 5 30
248 3 8 27
248 3 9 28
248 3 11 26
248 3 14 26
248 11 3 24
248 11 4 27
248 11 5 26
248 11 7 29
248 11 8 26
248 11 11 27
248 11 12 25
248 11 14 25
248 13 2 27
248 13 3 32
248 13 5 33
248 13 6 29
248 13 7 30
248 13 10 33
248 13 11 31
248 13 14 31
248 14 0 24
248 14 1 27
248 14 4 26
248 14 5 29
248 14 6 26
248 14 10 27
248 14 12 25
248 14 13 25
249 6 0 8
249 6 1 8
249 6 2 9
249 6 4 8
249 6 5 9
249 6 9 9
249 6 10 8
249 6 11 8
249 8 3 8
249 8 4 8
249 8 6 9
249 8 8 8
249 8 10 9
249 8 12 9
249 8 13 8
249 8 14 8
249 13 2 10
249 13 3 9
249 13 5 11
249 13 6 9
249 13 7 11
249 13 10 11
249 13 11 9
249 13 14 9
249 14 0 10
249 14 1 9
249 14 4 11
249 14 5 9
249 14 6 11
249 14 10 11
249 14 12 9
249 14 13 9
250 0 0 76
250 0 4 71
250 0 5 78
250 0 6 72
250 0 9 79
250 0 11 81
250 0 13 70
250 0 14 71
250 2 1 72
250 2 3 75
250 2 4 80
250 2 6 89
250 2 8 80
250 2 9 75
250 2 10 73
250 2 11 73
250 11 3 77
250 11 4 80
250 11 5 85
250 11 7 94
250 11 8 85
250 11 11 80
250 11 12 78
250 11 14 78
250 12 1 91
250 12 2 90
250 12 4 99
250 12 6 96
250 12 7 85
250 12 9 104
250 12 10 94
250 12 11 98
251 0 0 22
251 0 4 25
251 0 5 24
251 0 6 27
251 0 9 24
251 0 11 25
251 0 13 23
251 0 14 23
251 5 1 25
251 5 3 28
251 5 4 27
251 5 6 30
251 5 7 27
251 5 8 28
251 5 10 26
251 5 14 26
251 6 0 24
251 6 1 27
251 6 2 26
251 6 4 29
251 6 5 26
251 6 9 27
251 6 10 25
251 6 11 25
251 8 3 27
251 8 4 32
251 8 6 33
251 8 8 29
251 8 10 30
251 8 12 33
251 8 13 31
251 8 14 31
251 10 0 24
251 10 1 27
251 10 2 26
251 10 3 29
251 10 4 26
251 10 7 27
251 10 9 25
251 10 10 25
252 5 1 71
252 5 3 66
252 5 4 73
252 5 6 67
252 5 7 74
252 5 8 76
252 5 10 65
252 5 14 66
252 11 3 74
252 11 4 69
252 11 5 76
252 11 7 70
252 11 8 77
252 11 11 79
252 11 12 68
252 11 14 69
252 12 1 72
252 12 2 75
252 12 4 80
252 12 6 89
252 12 7 80
252 12 9 75
252 12 10 73
252 12 11 73
252 14 0 81
252 14 1 84
252 14 4 90
252 14 5 84
252 14 6 89
252 14 10 94
252 14 12 85
252 14 13 94
253 2 1 91
253 2 3 90
253 2 4 99
253 2 6 96
253 2 8 85
253 2 9 104
253 2 10 94
253 2 11 98
253 4 2 90
253 4 3 89
253 4 4 98
253 4 7 95
253 4 8 84
253 4 9 103
253 4 12 93
253 4 14 97
253 10 0 106
253 10 1 105
253 10 2 108
253 10 3 111
253 10 4 106
253 10 7 107
253 10 9 97
253 10 10 99
253 13 2 90
253 13 3 102
253 13 5 110
253 13 6 92
253 13 7 107
253 13 10 96
253 13 11 94
253 13 14 94
254 0 0 35
254 0 4 32
254 0 5 36
254 0 6 33
254 0 9 36
254 0 11 37
254 0 13 32
254 0 14 32
254 2 1 32
254 2 3 29
254 2 4 33
254 2 6 30
254 2 8 33
254 2 9 34
254 2 10 29
254 2 11 29
254 8 3 36
254 8 4 33
254 8 6 37
254 8 8 34
254 8 10 37
254 8 12 38
254 8 13 33
254 8 14 33
254 12 1 33
254 12 2 30
254 12 4 34
254 12 6 31
254 12 7 34
254 12 9 35
254 12 10 30
254 12 11 30
255 3 0 55
255 3 1 60
255 3 4 61
255 3 5 64
255 3 8 65
255 3 9 68
255 3 11 66
255 3 14 66
255 5 1 56
255 5 3 61
255 5 4 62
255 5 6 65
255 5 7 66
255 5 8 69
255 5 10 67
255 5 14 67
255 8 3 54
255 8 4 59
255 8 6 60
255 8 8 63
255 8 10 64
255 8 12 67
255 8 13 65
255 8 14 65
256 2 1 72
256 2 3 67
256 2 4 74
256 2 6 68
256 2 8 75
256 2 9 77
256 2 10 66
256 2 11 67
256 6 0 62
256 6 1 67
256 6 2 68
256 6 4 71
256 6 5 72
256 6 9 75
256 6 10 73
256 6 11 73
256 13 2 74
256 13 3 69
256 13 5 76
256 13 6 70
256 13 7 77
256 13 10 79
256 13 11 68
256 13 14 69
257 3 0 91
257 3 1 90
257 3 4 99
257 3 5 96
257 3 8 85
257 3 9 104
257 3 11 94
257 3 14 98
257 4 2 90
257 4 3 89
257 4 4 98
257 4 7 95
257 4 8 84
257 4 9 103
257 4 12 93
257 4 14 97
257 8 3 106
257 8 4 105
257 8 6 108
257 8 8 111
257 8 10 106
257 8 12 107
257 8 13 97
257 8 14 99
257 12 1 90
257 12 2 102
257 12 4 110
257 12 6 92
257 12 7 107
257 12 9 96
257 12 10 94
257 12 11 94
258 5 1 73
258 5 3 68
258 5 4 75
258 5 6 69
258 5 7 76
258 5 8 78
258 5 10 67
258 5 14 68
258 8 3 76
258 8 4 71
258 8 6 78
258 8 8 72
258 8 10 79
258 8 12 81
258 8 13 70
258 8 14 71
258 13 2 74
258 13 3 77
258 13 5 82
258 13 6 91
258 13 7 82
258 13 10 77
258 13 11 75
258 13 14 75
259 1 1 76
259 1 2 71
259 1 3 78
259 1 6 72
259 1 7 79
259 1 11 81
259 1 12 70
259 1 14 71
259 2 1 72
259 2 3 75
259 2 4 80
259 2 6 89
259 2 8 80
259 2 9 75
259 2 10 73
259 2 11 73
259 5 1 77
259 5 3 80
259 5 4 85
259 5 6 94
259 5 7 85
259 5 8 80
259 5 10 78
259 5 14 78
259 9 1 91
259 9 2 90
259 9 3 99
259 9 4 96
259 9 5 85
259 9 6 104
259 9 7 94
259 9 11 98
260 1 1 55
260 1 2 60
260 1 3 61
260 1 6 64
260 1 7 65
260 1 11 68
260 1 12 66
260 1 14 66
260 3 0 56
260 3 1 61
260 3 4 62
260 3 5 65
260 3 8 66
260 3 9 69
260 3 11 67
260 3 14 67
260 6 0 54
260 6 1 59
260 6 2 60
260 6 4 63
260 6 5 64
260 6 9 67
260 6 10 65
260 6 11 65
261 2 1 18
261 2 3 17
261 2 4 19
261 2 6 17
261 2 8 19
261 2 9 19
261 2 10 17
261 2 11 17
261 8 3 19
261 8 4 22
261 8 6 21
261 8 8 24
261 8 10 21
261 8 12 22
261 8 13 20
261 8 14 20
261 13 2 18
261 13 3 21
261 13 5 20
261 13 6 23
261 13 7 20
261 13 10 21
261 13 11 19
261 13 14 19
262 3 0 54
262 3 1 59
262 3 4 60
262 3 5 63
262 3 8 64
262 3 9 67
262 3 11 65
262 3 14 65
262 8 3 59
262 8 4 64
262 8 6 65
262 8 8 68
262 8 10 69
262 8 12 72
262 8 13 70
262 8 14 70
262 11 3 60
262 11 4 65
262 11 5 66
262 11 7 69
262 11 8 70
262 11 11 73
262 11 12 71
262 11 14 71
262 12 1 69
262 12 2 63
262 12 4 77
262 12 6 74
262 12 7 68
262 12 9 72
262 12 10 67
262 12 11 76
262 13 2 69
262 13 3 64
262 13 5 71
262 13 6 65
262 13 7 72
262 13 10 74
262 13 11 63
262 13 14 64
263 3 0 62
263 3 1 67
263 3 4 68
263 3 5 71
263 3 8 72
263 3 9 75
263 3 11 73
263 3 14 73
263 7 0 57
263 7 1 62
263 7 3 63
263 7 4 66
263 7 5 67
263 7 6 70
263 7 7 68
263 7 8 68
263 8 3 69
263 8 4 64
263 8 6 71
263 8 8 65
263 8 10 72
263 8 12 74
263 8 13 63
263 8 14 64
263 9 1 58
263 9 2 63
263 9 3 64
263 9 4 67
263 9 5 68
263 9 6 71
263 9 7 69
263 9 11 69
264 11 3 30
264 11 4 27
264 11 5 31
264 11 7 28
264 11 8 31
264 11 11 32
264 11 12 27
264 11 14 27
264 12 1 25
264 12 2 28
264 12 4 27
264 12 6 30
264 12 7 27
264 12 9 28
264 12 10 26
264 12 11 26
264 13 2 31
264 13 3 28
264 13 5 32
264 13 6 29
264 13 7 32
264 13 10 33
264 13 11 28
264 13 14 28
264 14 0 26
264 14 1 29
264 14 4 28
264 14 5 31
264 14 6 28
264 14 10 29
264 14 12 27
264 14 13 27
265 6 0 56
265 6 1 59
265 6 2 52
265 6 4 61
265 6 5 58
265 6 9 53
265 6 10 51
265 6 11 51
265 7 0 54
265 7 1 59
265 7 3 60
265 7 4 63
265 7 5 64
265 7 6 67
265 7 7 65
265 7 8 65
265 9 1 55
265 9 2 60
265 9 3 61
265 9 4 64
265 9 5 65
265 9 6 68
265 9 7 66
265 9 11 66
265 14 0 58
265 14 1 63
265 14 4 64
265 14 5 67
265 14 6 68
265 14 10 71
265 14 12 69
265 14 13 69
266 0 0 74
266 0 4 69
266 0 5 76
266 0 6 70
266 0 9 77
266 0 11 79
266 0 13 68
266 0 14 69
266 6 0 69
266 6 1 64
266 6 2 71
266 6 4 65
266 6 5 72
266 6 9 74
266 6 10 63
266 6 11 64
266 9 1 76
266 9 2 71
266 9 3 78
266 9 4 72
266 9 5 79
266 9 6 81
266 9 7 70
266 9 11 71
266 10 0 70
266 10 1 65
266 10 2 72
266 10 3 66
266 10 4 73
266 10 7 75
266 10 9 64
266 10 10 65
266 14 0 77
266 14 1 72
266 14 4 79
266 14 5 73
266 14 6 80
266 14 10 82
266 14 12 71
266 14 13 72
267 5 1 75
267 5 3 70
267 5 4 77
267 5 6 71
267 5 7 78
267 5 8 80
267 5 10 69
267 5 14 70
267 6 0 76
267 6 1 74
267 6 2 75
267 6 4 74
267 6 5 84
267 6 9 87
267 6 10 84
267 6 11 75
267 14 0 76
267 14 1 79
267 14 4 84
267 14 5 93
267 14 6 84
267 14 10 79
267 14 12 77
267 14 13 77
268 1 1 90
268 1 2 89
268 1 3 98
268 1 6 95
268 1 7 84
268 1 11 103
268 1 12 93
268 1 14 97
268 7 0 89
268 7 1 88
268 7 3 97
268 7 4 94
268 7 5 83
268 7 6 102
268 7 7 92
268 7 8 96
268 9 1 105
268 9 2 104
268 9 3 107
268 9 4 110
268 9 5 105
268 9 6 106
268 9 7 96
268 9 11 98
268 13 2 95
268 13 3 94
268 13 5 103
268 13 6 100
268 13 7 89
268 13 10 108
268 13 11 98
268 13 14 102
269 2 1 54
269 2 3 57
269 2 4 50
269 2 6 59
269 2 8 56
269 2 9 51
269 2 10 49
269 2 11 49
269 3 0 57
269 3 1 60
269 3 4 53
269 3 5 62
269 3 8 59
269 3 9 54
269 3 11 52
269 3 14 52
269 6 0 48
269 6 1 47
269 6 2 50
269 6 4 53
269 6 5 48
269 6 9 49
269 6 10 50
269 6 11 52
269 7 0 59
269 7 1 62
269 7 3 55
269 7 4 64
269 7 5 61
269 7 6 56
269 7 7 54
269 7 8 54
269 12 1 56
269 12 2 59
269 12 4 52
269 12 6 61
269 12 7 58
269 12 9 53
269 12 10 51
269 12 11 51
270 2 1 55
270 2 3 58
270 2 4 51
270 2 6 60
270 2 8 57
270 2 9 52
270 2 10 50
270 2 11 50
270 3 0 62
270 3 1 63
270 3 4 61
270 3 5 60
270 3 8 62
270 3 9 57
270 3 11 62
270 3 14 58
270 7 0 54
270 7 1 59
270 7 3 60
270 7 4 63
270 7 5 64
270 7 6 67
270 7 7 65
270 7 8 65
270 11 3 57
270 11 4 62
270 11 5 63
270 11 7 66
270 11 8 67
270 11 11 70
270 11 12 68
270 11 14 68
271 1 1 35
271 1 2 32
271 1 3 36
271 1 6 33
271 1 7 36
271 1 11 37
271 1 12 32
271 1 14 32
271 2 1 32
271 2 3 29
271 2 4 33
271 2 6 30
271 2 8 33
271 2 9 34
271 2 10 29
271 2 11 29
271 4 2 36
271 4 3 33
271 4 4 37
271 4 7 34
271 4 8 37
271 4 9 38
271 4 12 33
271 4 14 33
271 5 1 33
271 5 3 30
271 5 4 34
271 5 6 31
271 5 7 34
271 5 8 35
271 5 10 30
271 5 14 30
271 7 0 36
271 7 1 33
271 7 3 37
271 7 4 34
271 7 5 37
271 7 6 38
271 7 7 33
271 7 8 33
272 1 1 81
272 1 2 84
272 1 3 90
272 1 6 84
272 1 7 89
272 1 11 94
272 1 12 85
272 1 14 94
272 9 1 80
272 9 2 83
272 9 3 88
272 9 4 97
272 9 5 88
272 9 6 83
272 9 7 81
272 9 11 81
272 10 0 94
272 10 1 93
272 10 2 102
272 10 3 99
272 10 4 88
272 10 7 107
272 10 9 97
272 10 10 101
273 0 0 75
273 0 4 70
273 0 5 77
273 0 6 71
273 0 9 78
273 0 11 80
273 0 13 69
273 0 14 70
273 7 0 70
273 7 1 65
273 7 3 72
273 7 4 66
273 7 5 73
273 7 6 75
273 7 7 64
273 7 8 65
273 9 1 77
273 9 2 72
273 9 3 79
273 9 4 73
273 9 5 80
273 9 6 82
273 9 7 71
273 9 11 72
274 0 0 73
274 0 4 68
274 0 5 75
274 0 6 69
274 0 9 76
274 0 11 78
274 0 13 67
274 0 14 68
274 1 1 76
274 1 2 71
274 1 3 78
274 1 6 72
274 1 7 79
274 1 11 81
274 1 12 70
274 1 14 71
274 2 1 74
274 2 3 77
274 2 4 82
274 2 6 91
274 2 8 82
274 2 9 77
274 2 10 75
274 2 11 75
274 7 0 88
274 7 1 87
274 7 3 96
274 7 4 93
274 7 5 82
274 7 6 101
274 7 7 91
274 7 8 95
274 13 2 74
274 13 3 77
274 13 5 82
274 13 6 91
274 13 7 82
274 13 10 77
274 13 11 75
274 13 14 75
275 2 1 11
275 2 3 10
275 2 4 12
275 2 6 10
275 2 8 12
275 2 9 12
275 2 10 10
275 2 11 10
275 5 1 10
275 5 3 9
275 5 4 11
275 5 6 9
275 5 7 11
275 5 8 11
275 5 10 9
275 5 14 9
275 11 3 12
275 11 4 11
275 11 5 13
275 11 7 11
275 11 8 13
275 11 11 13
275 11 12 11
275 11 14 11
276 0 0 11
276 0 4 10
276 0 5 12
276 0 6 10
276 0 9 12
276 0 11 12
276 0 13 10
276 0 14 10
276 5 1 10
276 5 3 9
276 5 4 11
276 5 6 9
276 5 7 11
276 5 8 11
276 5 10 9
276 5 14 9
276 7 0 12
276 7 1 11
276 7 3 13
276 7 4 11
276 7 5 13
276 7 6 13
276 7 7 11
276 7 8 11
276 10 0 10
276 10 1 9
276 10 2 11
276 10 3 9
276 10 4 11
276 10 7 11
276 10 9 9
276 10 10 9
277 3 0 89
277 3 1 88
277 3 4 97
277 3 5 94
277 3 8 83
277 3 9 102
277 3 11 92
277 3 14 96
277 10 0 88
277 10 1 87
277 10 2 96
277 10 3 93
277 10 4 82
277 10 7 101
277 10 9 91
277 10 10 95
277 11 3 104
277 11 4 103
277 11 5 106
277 11 7 109
277 11 8 104
277 11 11 105
277 11 12 95
277 11 14 97
277 12 1 94
277 12 2 93
277 12 4 102
277 12 6 99
277 12 7 88
277 12 9 107
277 12 10 97
277 12 11 101
278 0 0 23
278 0 4 26
278 0 5 25
278 0 6 28
278 0 9 25
278 0 11 26
278 0 13 24
278 0 14 24
278 1 1 26
278 1 2 29
278 1 3 28
278 1 6 31
278 1 7 28
278 1 11 29
278 1 12 27
278 1 14 27
278 12 1 25
278 12 2 28
278 12 4 27
278 12 6 30
278 12 7 27
278 12 9 28
278 12 10 26
278 12 11 26
278 14 0 30
278 14 1 27
278 14 4 31
278 14 5 28
278 14 6 31
278 14 10 32
278 14 12 27
278 14 13 27
279 3 0 50
279 3 1 49
279 3 4 48
279 3 5 45
279 3 8 44
279 3 9 53
279 3 11 53
279 3 14 47
279 4 2 49
279 4 3 48
279 4 4 47
279 4 7 44
279 4 8 43
279 4 9 52
279 4 12 52
279 4 14 46
279 7 0 48
279 7 1 47
279 7 3 46
279 7 4 43
279 7 5 42
279 7 6 51
279 7 7 51
279 7 8 45
279 8 3 45
279 8 4 44
279 8 6 43
279 8 8 40
279 8 10 39
279 8 12 48
279 8 13 48
279 8 14 42
279 11 3 44
279 11 4 43
279 11 5 42
279 11 7 39
279 11 8 38
279 11 11 47
279 11 12 47
279 11 14 41
280 0 0 70
280 0 4 65
280 0 5 72
280 0 6 66
280 0 9 73
280 0 11 75
280 0 13 64
280 0 14 65
280 3 0 60
280 3 1 65
280 3 4 66
280 3 5 69
280 3 8 70
280 3 9 73
280 3 11 71
280 3 14 71
280 7 0 72
280 7 1 67
280 7 3 74
280 7 4 68
280 7 5 75
280 7 6 77
280 7 7 66
280 7 8 67
280 10 0 61
280 10 1 66
280 10 2 67
280 10 3 70
280 10 4 71
280 10 7 74
280 10 9 72
280 10 10 72
280 11 3 73
280 11 4 68
280 11 5 75
280 11 7 69
280 11 8 76
280 11 11 78
280 11 12 67
280 11 14 68
281 2 1 81
281 2 3 84
281 2 4 90
281 2 6 84
281 2 8 89
281 2 9 94
281 2 10 85
281 2 11 94
281 5 1 105
281 5 3 104
281 5 4 107
281 5 6 110
281 5 7 105
281 5 8 106
281 5 10 96
281 5 14 98
281 8 3 108
281 8 4 121
281 8 6 109
281 8 8 99
281 8 10 121
281 8 12 110
281 8 13 108
281 8 14 121
281 13 2 88
281 13 3 87
281 13 5 96
281 13 6 93
281 13 7 82
281 13 10 101
281 13 11 91
281 13 14 95
282 0 0 23
282 0 4 26
282 0 5 25
282 0 6 28
282 0 9 25
282 0 11 26
282 0 13 24
282 0 14 24
282 1 1 26
282 1 2 29
282 1 3 28
282 1 6 31
282 1 7 28
282 1 11 29
282 1 12 27
282 1 14 27
282 5 1 25
282 5 3 28
282 5 4 27
282 5 6 30
282 5 7 27
282 5 8 28
282 5 10 26
282 5 14 26
282 14 0 30
282 14 1 27
282 14 4 31
282 14 5 28
282 14 6 31
282 14 10 32
282 14 12 27
282 14 13 27
283 7 0 34
283 7 1 31
283 7 3 35
283 7 4 32
283 7 5 35
283 7 6 36
283 7 7 31
283 7 8 31
283 11 3 31
283 11 4 28
283 11 5 32
283 11 7 29
283 11 8 32
283 11 11 33
283 11 12 28
283 11 14 28
283 13 2 35
283 13 3 32
283 13 5 36
283 13 6 33
283 13 7 36
283 13 10 37
283 13 11 32
283 13 14 32
284 0 0 52
284 0 4 55
284 0 5 48
284 0 6 57
284 0 9 54
284 0 11 49
284 0 13 47
284 0 14 47
284 2 1 55
284 2 3 58
284 2 4 51
284 2 6 60
284 2 8 57
284 2 9 52
284 2 10 50
284 2 11 50
284 5 1 49
284 5 3 48
284 5 4 47
284 5 6 44
284 5 7 43
284 5 8 52
284 5 10 52
284 5 14 46
285 3 0 54
285 3 1 59
285 3 4 60
285 3 5 63
285 3 8 64
285 3 9 67
285 3 11 65
285 3 14 65
285 6 0 59
285 6 1 64
285 6 2 65
285 6 4 68
285 6 5 69
285 6 9 72
285 6 10 70
285 6 11 70
285 10 0 60
285 10 1 65
285 10 2 66
285 10 3 69
285 10 4 70
285 10 7 73
285 10 9 71
285 10 10 71
286 1 1 58
286 1 2 61
286 1 3 54
286 1 6 63
286 1 7 60
286 1 11 55
286 1 12 53
286 1 14 53
286 7 0 56
286 7 1 61
286 7 3 62
286 7 4 65
286 7 5 66
286 7 6 69
286 7 7 67
286 7 8 67
286 8 3 57
286 8 4 62
286 8 6 63
286 8 8 66
286 8 10 67
286 8 12 70
286 8 13 68
286 8 14 68
286 11 3 60
286 11 4 65
286 11 5 66
286 11 7 69
286 11 8 70
286 11 11 73
286 11 12 71
286 11 14 71
287 6 0 46
287 6 1 45
287 6 2 44
287 6 4 41
287 6 5 40
287 6 9 49
287 6 10 49
287 6 11 43
287 10 0 45
287 10 1 44
287 10 2 43
287 10 3 40
287 10 4 39
287 10 7 48
287 10 9 48
287 10 10 42
287 12 1 44
287 12 2 43
287 12 4 42
287 12 6 39
287 12 7 38
287 12 9 47
287 12 10 47
287 12 11 41
288 8 3 17
288 8 4 16
288 8 6 18
288 8 8 16
288 8 10 18
288 8 12 18
288 8 13 16
288 8 14 16
288 9 1 16
288 9 2 15
288 9 3 17
288 9 4 15
288 9 5 17
288 9 6 17
288 9 7 15
288 9 11 15
288 11 3 18
288 11 4 17
288 11 5 19
288 11 7 17
288 11 8 19
288 11 11 19
288 11 12 17
288 11 14 17
288 12 1 16
288 12 2 15
288 12 4 17
288 12 6 15
288 12 7 17
288 12 9 17
288 12 10 15
288 12 11 15
288 13 2 18
288 13 3 17
288 13 5 19
288 13 6 17
288 13 7 19
288 13 10 19
288 13 11 17
288 13 14 17
289 2 1 34
289 2 3 31
289 2 4 35
289 2 6 32
289 2 8 35
289 2 9 36
289 2 10 31
289 2 11 31
289 3 0 31
289 3 1 28
289 3 4 32
289 3 5 29
289 3 8 32
289 3 9 33
289 3 11 28
289 3 14 28
289 6 0 35
289 6 1 32
289 6 2 36
289 6 4 33
289 6 5 36
289 6 9 37
289 6 10 32
289 6 11 32
289 12 1 32
289 12 2 29
289 12 4 33
289 12 6 30
289 12 7 33
289 12 9 34
289 12 10 29
289 12 11 29
290 2 1 8
290 2 3 8
290 2 4 9
290 2 6 8
290 2 8 9
290 2 9 9
290 2 10 8
290 2 11 8
290 4 2 8
290 4 3 8
290 4 4 9
290 4 7 8
290 4 8 9
290 4 9 9
290 4 12 8
290 4 14 8
290 6 0 10
290 6 1 9
290 6 2 11
290 6 4 9
290 6 5 11
290 6 9 11
290 6 10 9
290 6 11 9
290 14 0 10
290 14 1 9
290 14 4 11
290 14 5 9
290 14 6 11
290 14 10 11
290 14 12 9
290 14 13 9
291 9 1 75
291 9 2 70
291 9 3 77
291 9 4 71
291 9 5 78
291 9 6 80
291 9 7 69
291 9 11 70
291 11 3 70
291 11 4 65
291 11 5 72
291 11 7 66
291 11 8 73
291 11 11 75
291 11 12 64
291 11 14 65
291 14 0 77
291 14 1 72
291 14 4 79
291 14 5 73
291 14 6 80
291 14 10 82
291 14 12 71
291 14 13 72
292 7 0 57
292 7 1 60
292 7 3 53
292 7 4 62
292 7 5 59
292 7 6 54
292 7 7 52
292 7 8 52
292 8 3 55
292 8 4 60
292 8 6 61
292 8 8 64
292 8 10 65
292 8 12 68
292 8 13 66
292 8 14 66
292 10 0 56
292 10 1 61
292 10 2 62
292 10 3 65
292 10 4 66
292 10 7 69
292 10 9 67
292 10 10 67
292 12 1 59
292 12 2 64
292 12 4 65
292 12 6 68
292 12 7 69
292 12 9 72
292 12 10 70
292 12 11 70
293 4 2 48
293 4 3 47
293 4 4 50
293 4 7 53
293 4 8 48
293 4 9 49
293 4 12 50
293 4 14 52
293 8 3 50
293 8 4 49
293 8 6 48
293 8 8 45
293 8 10 44
293 8 12 53
293 8 13 53
293 8 14 47
293 10 0 49
293 10 1 48
293 10 2 47
293 10 3 44
293 10 4 43
293 10 7 52
293 10 9 52
293 10 10 46
294 0 0 53
294 0 4 56
294 0 5 49
294 0 6 58
294 0 9 55
294 0 11 50
294 0 13 48
294 0 14 48
294 8 3 56
294 8 4 59
294 8 6 52
294 8 8 61
294 8 10 58
294 8 12 53
294 8 13 51
294 8 14 51
294 10 0 50
294 10 1 49
294 10 2 48
294 10 3 45
294 10 4 44
294 10 7 53
294 10 9 53
294 10 10 47
294 13 2 58
294 13 3 61
294 13 5 54
294 13 6 63
294 13 7 60
294 13 10 55
294 13 11 53
294 13 14 53
295 1 1 81
295 1 2 84
295 1 3 90
295 1 6 84
295 1 7 89
295 1 11 94
295 1 12 85
295 1 14 94
295 2 1 80
295 2 3 83
295 2 4 88
295 2 6 97
295 2 8 88
295 2 9 83
295 2 10 81
295 2 11 81
295 4 2 94
295 4 3 93
295 4 4 102
295 4 7 99
295 4 8 88
295 4 9 107
295 4 12 97
295 4 14 101
295 10 0 91
295 10 1 90
295 10 2 99
295 10 3 96
295 10 4 85
295 10 7 104
295 10 9 94
295 10 10 98
295 11 3 75
295 11 4 78
295 11 5 83
295 11 7 92
295 11 8 83
295 11 11 78
295 11 12 76
295 11 14 76
296 1 1 48
296 1 2 47
296 1 3 46
296 1 6 43
296 1 7 42
296 1 11 51
296 1 12 51
296 1 14 45
296 6 0 47
296 6 1 46
296 6 2 45
296 6 4 42
296 6 5 41
296 6 9 50
296 6 10 50
296 6 11 44
296 8 3 46
296 8 4 45
296 8 6 44
296 8 8 41
296 8 10 40
296 8 12 49
296 8 13 49
296 8 14 43
296 13 2 43
296 13 3 42
296 13 5 41
296 13 6 38
296 13 7 37
296 13 10 46
296 13 11 46
296 13 14 40
297 0 0 62
297 0 4 63
297 0 5 61
297 0 6 60
297 0 9 62
297 0 11 57
297 0 13 62
297 0 14 58
297 1 1 58
297 1 2 63
297 1 3 64
297 1 6 67
297 1 7 68
297 1 11 71
297 1 12 69
297 1 14 69
297 4 2 59
297 4 3 64
297 4 4 65
297 4 7 68
297 4 8 69
297 4 9 72
297 4 12 70
297 4 14 70
297 5 1 62
297 5 3 67
297 5 4 68
297 5 6 71
297 5 7 72
297 5 8 75
297 5 10 73
297 5 14 73
297 7 0 69
297 7 1 63
297 7 3 77
297 7 4 74
297 7 5 68
297 7 6 72
297 7 7 67
297 7 8 76
298 8 3 20
298 8 4 23
298 8 6 22
298 8 8 25
298 8 10 22
298 8 12 23
298 8 13 21
298 8 14 21
298 11 3 23
298 11 4 26
298 11 5 25
298 11 7 28
298 11 8 25
298 11 11 26
298 11 12 24
298 11 14 24
298 14 0 22
298 14 1 25
298 14 4 24
298 14 5 27
298 14 6 24
298 14 10 25
298 14 12 23
298 14 13 23
299 4 2 15
299 4 3 14
299 4 4 16
299 4 7 14
299 4 8 16
299 4 9 16
299 4 12 14
299 4 14 14
299 12 1 14
299 12 2 13
299 12 4 15
299 12 6 13
299 12 7 15
299 12 9 15
299 12 10 13
299 12 11 13
299 14 0 16
299 14 1 15
299 14 4 17
299 14 5 15
299 14 6 17
299 14 10 17
299 14 12 15
299 14 13 15
300 0 0 14
300 0 4 13
300 0 5 15
300 0 6 13
300 0 9 15
300 0 11 15
300 0 13 13
300 0 14 13
300 1 1 13
300 1 2 12
300 1 3 14
300 1 6 12
300 1 7 14
300 1 11 14
300 1 12 12
300 1 14 12
300 6 0 15
300 6 1 14
300 6 2 16
300 6 4 14
300 6 5 16
300 6 9 16
300 6 10 14
300 6 11 14
300 9 1 13
300 9 2 12
300 9 3 14
300 9 4 12
300 9 5 14
300 9 6 14
300 9 7 12
300 9 11 12
300 10 0 15
300 10 1 14
300 10 2 16
300 10 3 14
300 10 4 16
300 10 7 16
300 10 9 14
300 10 10 14
301 2 1 20
301 2 3 23
301 2 4 22
301 2 6 25
301 2 8 22
301 2 9 23
301 2 10 21
301 2 11 21
301 5 1 23
301 5 3 26
301 5 4 25
301 5 6 28
301 5 7 25
301 5 8 26
301 5 10 24
301 5 14 24
301 6 0 22
301 6 1 25
301 6 2 24
301 6 4 27
301 6 5 24
301 6 9 25
301 6 10 23
301 6 11 23
301 10 0 25
301 10 1 28
301 10 2 27
301 10 3 30
301 10 4 27
301 10 7 28
301 10 9 26
301 10 10 26
301 11 3 22
301 11 4 25
301 11 5 24
301 11 7 27
301 11 8 24
301 11 11 25
301 11 12 23
301 11 14 23
302 7 0 10
302 7 1 9
302 7 3 11
302 7 4 9
302 7 5 11
302 7 6 11
302 7 7 9
302 7 8 9
302 9 1 9
302 9 2 9
302 9 3 11
302 9 4 11
302 9 5 11
302 9 6 9
302 9 7 10
302 9 11 10
302 12 1 11
302 12 2 10
302 12 4 12
302 12 6 10
302 12 7 12
302 12 9 12
302 12 10 10
302 12 11 10
303 0 0 58
303 0 4 61
303 0 5 54
303 0 6 63
303 0 9 60
303 0 11 55
303 0 13 53
303 0 14 53
303 3 0 54
303 3 1 59
303 3 4 60
303 3 5 63
303 3 8 64
303 3 9 67
303 3 11 65
303 3 14 65
303 6 0 54
303 6 1 57
303 6 2 50
303 6 4 59
303 6 5 56
303 6 9 51
303 6 10 49
303 6 11 49
303 12 1 56
303 12 2 61
303 12 4 62
303 12 6 65
303 12 7 66
303 12 9 69
303 12 10 67
303 12 11 67
303 14 0 62
303 14 1 63
303 14 4 61
303 14 5 60
303 14 6 62
303 14 10 57
303 14 12 62
303 14 13 58
304 2 1 69
304 2 3 63
304 2 4 77
304 2 6 74
304 2 8 68
304 2 9 72
304 2 10 67
304 2 11 76
304 5 1 58
304 5 3 63
304 5 4 64
304 5 6 67
304 5 7 68
304 5 8 71
304 5 10 69
304 5 14 69
304 11 3 70
304 11 4 65
304 11 5 72
304 11 7 66
304 11 8 73
304 11 11 75
304 11 12 64
304 11 14 65
304 14 0 59
304 14 1 64
304 14 4 65
304 14 5 68
304 14 6 69
304 14 10 72
304 14 12 70
304 14 13 70
305 1 1 19
305 1 2 18
305 1 3 22
305 1 6 19
305 1 7 18
305 1 11 22
305 1 12 22
305 1 14 21
305 3 0 20
305 3 1 23
305 3 4 22
305 3 5 25
305 3 8 22
305 3 9 23
305 3 11 21
305 3 14 21
305 13 2 19
305 13 3 22
305 13 5 21
305 13 6 24
305 13 7 21
305 13 10 22
305 13 11 20
305 13 14 20
306 2 1 58
306 2 3 61
306 2 4 54
306 2 6 63
306 2 8 60
306 2 9 55
306 2 10 53
306 2 11 53
306 6 0 54
306 6 1 59
306 6 2 60
306 6 4 63
306 6 5 64
306 6 9 67
306 6 10 65
306 6 11 65
306 7 0 54
306 7 1 57
306 7 3 50
306 7 4 59
306 7 5 56
306 7 6 51
306 7 7 49
306 7 8 49
306 10 0 56
306 10 1 61
306 10 2 62
306 10 3 65
306 10 4 66
306 10 7 69
306 10 9 67
306 10 10 67
307 4 2 79
307 4 3 82
307 4 4 87
307 4 7 96
307 4 8 87
307 4 9 82
307 4 12 80
307 4 14 80
307 6 0 78
307 6 1 81
307 6 2 86
307 6 4 95
307 6 5 86
307 6 9 81
307 6 10 79
307 6 11 79
307 8 3 92
307 8 4 91
307 8 6 100
307 8 8 97
307 8 10 86
307 8 12 105
307 8 13 95
307 8 14 99
307 10 0 89
307 10 1 88
307 10 2 97
307 10 3 94
307 10 4 83
307 10 7 102
307 10 9 92
307 10 10 96
307 12 1 73
307 12 2 76
307 12 4 81
307 12 6 90
307 12 7 81
307 12 9 76
307 12 10 74
307 12 11 74
308 5 1 62
308 5 3 67
308 5 4 68
308 5 6 71
308 5 7 72
308 5 8 75
308 5 10 73
308 5 14 73
308 8 3 57
308 8 4 62
308 8 6 63
308 8 8 66
308 8 10 67
308 8 12 70
308 8 13 68
308 8 14 68
308 12 1 69
308 12 2 64
308 12 4 71
308 12 6 65
308 12 7 72
308 12 9 74
308 12 10 63
308 12 11 64
309 0 0 62
309 0 4 63
309 0 5 61
309 0 6 60
309 0 9 62
309 0 11 57
309 0 13 62
309 0 14 58
309 1 1 58
309 1 2 63
309 1 3 64
309 1 6 67
309 1 7 68
309 1 11 71
309 1 12 69
309 1 14 69
309 6 0 59
309 6 1 64
309 6 2 65
309 6 4 68
309 6 5 69
309 6 9 72
309 6 10 70
309 6 11 70
309 12 1 62
309 12 2 67
309 12 4 68
309 12 6 71
309 12 7 72
309 12 9 75
309 12 10 73
309 12 11 73
309 14 0 69
309 14 1 63
309 14 4 77
309 14 5 74
309 14 6 68
309 14 10 72
309 14 12 67
309 14 13 76
310 0 0 32
310 0 4 29
310 0 5 33
310 0 6 30
310 0 9 33
310 0 11 34
310 0 13 29
310 0 14 29
310 1 1 27
310 1 2 32
310 1 3 33
310 1 6 29
310 1 7 30
310 1 11 33
310 1 12 31
310 1 14 31
310 14 0 33
310 14 1 30
310 14 4 34
310 14 5 31
310 14 6 34
310 14 10 35
310 14 12 30
310 14 13 30
311 1 1 37
311 1 2 34
311 1 3 38
311 1 6 35
311 1 7 38
311 1 11 39
311 1 12 34
311 1 14 34
311 5 1 34
311 5 3 31
311 5 4 35
311 5 6 32
311 5 7 35
311 5 8 36
311 5 10 31
311 5 14 31
311 11 3 38
311 11 4 35
311 11 5 39
311 11 7 36
311 11 8 39
311 11 11 40
311 11 12 35
311 11 14 35
312 1 1 47
312 1 2 46
312 1 3 45
312 1 6 42
312 1 7 41
312 1 11 50
312 1 12 50
312 1 14 44
312 10 0 46
312 10 1 45
312 10 2 44
312 10 3 41
312 10 4 40
312 10 7 49
312 10 9 49
312 10 10 43
312 14 0 45
312 14 1 44
312 14 4 43
312 14 5 40
312 14 6 39
312 14 10 48
312 14 12 48
312 14 13 42
313 3 0 76
313 3 1 71
313 3 4 78
313 3 5 72
313 3 8 79
313 3 9 81
313 3 11 70
313 3 14 71
313 4 2 72
313 4 3 75
313 4 4 80
313 4 7 89
313 4 8 80
313 4 9 75
313 4 12 73
313 4 14 73
313 6 0 77
313 6 1 80
313 6 2 85
313 6 4 94
313 6 5 85
313 6 9 80
313 6 10 78
313 6 11 78
313 10 0 91
313 10 1 90
313 10 2 99
313 10 3 96
313 10 4 85
313 10 7 104
313 10 9 94
313 10 10 98
313 11 3 77
313 11 4 80
313 11 5 85
313 11 7 94
313 11 8 85
313 11 11 80
313 11 12 78
313 11 14 78
314 3 0 16
314 3 1 15
314 3 4 17
314 3 5 15
314 3 8 17
314 3 9 17
314 3 11 15
314 3 14 15
314 6 0 15
314 6 1 14
314 6 2 16
314 6 4 14
314 6 5 16
314 6 9 16
314 6 10 14
314 6 11 14
314 9 1 17
314 9 2 16
314 9 3 18
314 9 4 16
314 9 5 18
314 9 6 18
314 9 7 16
314 9 11 16
314 13 2 15
314 13 3 14
314 13 5 16
314 13 6 14
314 13 7 16
314 13 10 16
314 13 11 14
314 13 14 14
314 14 0 17
314 14 1 16
314 14 4 18
314 14 5 16
314 14 6 18
314 14 10 18
314 14 12 16
314 14 13 16
315 0 0 31
315 0 4 28
315 0 5 32
315 0 6 29
315 0 9 32
315 0 11 33
315 0 13 28
315 0 14 28
315 1 1 26
315 1 2 29
315 1 3 28
315 1 6 31
315 1 7 28
315 1 11 29
315 1 12 27
315 1 14 27
315 2 1 32
315 2 3 29
315 2 4 33
315 2 6 30
315 2 8 33
315 2 9 34
315 2 10 29
315 2 11 29
315 5 1 27
315 5 3 32
315 5 4 33
315 5 6 29
315 5 7 30
315 5 8 33
315 5 10 31
315 5 14 31
315 13 2 32
315 13 3 29
315 13 5 33
315 13 6 30
315 13 7 33
315 13 10 34
315 13 11 29
315 13 14 29
316 9 1 71
316 9 2 66
316 9 3 73
316 9 4 67
316 9 5 74
316 9 6 76
316 9 7 65
316 9 11 66
316 12 1 61
316 12 2 66
316 12 4 67
316 12 6 70
316 12 7 71
316 12 9 74
316 12 10 72
316 12 11 72
316 14 0 73
316 14 1 68
316 14 4 75
316 14 5 69
316 14 6 76
316 14 10 78
316 14 12 67
316 14 13 68
317 0 0 54
317 0 4 59
317 0 5 60
317 0 6 63
317 0 9 64
317 0 11 67
317 0 13 65
317 0 14 65
317 11 3 59
317 11 4 64
317 11 5 65
317 11 7 68
317 11 8 69
317 11 11 72
317 11 12 70
317 11 14 70
317 14 0 60
317 14 1 65
317 14 4 66
317 14 5 69
317 14 6 70
317 14 10 73
317 14 12 71
317 14 13 71
318 2 1 18
318 2 3 17
318 2 4 19
318 2 6 17
318 2 8 19
318 2 9 19
318 2 10 17
318 2 11 17
318 5 1 19
318 5 3 22
318 5 4 21
318 5 6 24
318 5 7 21
318 5 8 22
318 5 10 20
318 5 14 20
318 8 3 18
318 8 4 21
318 8 6 20
318 8 8 23
318 8 10 20
318 8 12 21
318 8 13 19
318 8 14 19
318 10 0 21
318 10 1 24
318 10 2 23
318 10 3 26
318 10 4 23
318 10 7 24
318 10 9 22
318 10 10 22
318 13 2 18
318 13 3 21
318 13 5 20
318 13 6 23
318 13 7 20
318 13 10 21
318 13 11 19
318 13 14 19
319 5 1 81
319 5 3 84
319 5 4 90
319 5 6 84
319 5 7 89
319 5 8 94
319 5 10 85
319 5 14 94
319 8 3 80
319 8 4 83
319 8 6 88
319 8 8 97
319 8 10 88
319 8 12 83
319 8 13 81
319 8 14 81
319 9 1 94
319 9 2 93
319 9 3 102
319 9 4 99
319 9 5 88
319 9 6 107
319 9 7 97
319 9 11 101
319 11 3 91
319 11 4 90
319 11 5 99
319 11 7 96
319 11 8 85
319 11 11 104
319 11 12 94
319 11 14 98
319 14 0 75
319 14 1 78
319 14 4 83
319 14 5 92
319 14 6 83
319 14 10 78
319 14 12 76
319 14 13 76
320 0 0 30
320 0 4 27
320 0 5 31
320 0 6 28
320 0 9 31
320 0 11 32
320 0 13 27
320 0 14 27
320 2 1 25
320 2 3 28
320 2 4 27
320 2 6 30
320 2 8 27
320 2 9 28
320 2 10 26
320 2 11 26
320 7 0 31
320 7 1 28
320 7 3 32
320 7 4 29
320 7 5 32
320 7 6 33
320 7 7 28
320 7 8 28
320 8 3 26
320 8 4 29
320 8 6 28
320 8 8 31
320 8 10 28
320 8 12 29
320 8 13 27
320 8 14 27
320 9 1 31
320 9 2 28
320 9 3 32
320 9 4 29
320 9 5 32
320 9 6 33
320 9 7 28
320 9 11 28
321 2 1 78
321 2 3 81
321 2 4 86
321 2 6 95
321 2 8 86
321 2 9 81
321 2 10 79
321 2 11 79
321 8 3 77
321 8 4 80
321 8 6 85
321 8 8 94
321 8 10 85
321 8 12 80
321 8 13 78
321 8 14 78
321 9 1 91
321 9 2 90
321 9 3 99
321 9 4 96
321 9 5 85
321 9 6 104
321 9 7 94
321 9 11 98
321 10 0 88
321 10 1 87
321 10 2 96
321 10 3 93
321 10 4 82
321 10 7 101
321 10 9 91
321 10 10 95
321 11 3 72
321 11 4 75
321 11 5 80
321 11 7 89
321 11 8 80
321 11 11 75
321 11 12 73
321 11 14 73
322 4 2 18
322 4 3 21
322 4 4 20
322 4 7 23
322 4 8 20
322 4 9 21
322 4 12 19
322 4 14 19
322 8 3 21
322 8 4 24
322 8 6 23
322 8 8 26
322 8 10 23
322 8 12 24
322 8 13 22
322 8 14 22
322 10 0 20
322 10 1 23
322 10 2 22
322 10 3 25
322 10 4 22
322 10 7 23
322 10 9 21
322 10 10 21
322 12 1 23
322 12 2 26
322 12 4 25
322 12 6 28
322 12 7 25
322 12 9 26
322 12 10 24
322 12 11 24
322 13 2 20
322 13 3 23
322 13 5 22
322 13 6 25
322 13 7 22
322 13 10 23
322 13 11 21
322 13 14 21
323 1 1 31
323 1 2 28
323 1 3 32
323 1 6 29
323 1 7 32
323 1 11 33
323 1 12 28
323 1 14 28
323 4 2 26
323 4 3 29
323 4 4 28
323 4 7 31
323 4 8 28
323 4 9 29
323 4 12 27
323 4 14 27
323 9 1 32
323 9 2 29
323 9 3 33
323 9 4 30
323 9 5 33
323 9 6 34
323 9 7 29
323 9 11 29
324 1 1 48
324 1 2 47
324 1 3 46
324 1 6 43
324 1 7 42
324 1 11 51
324 1 12 51
324 1 14 45
324 7 0 47
324 7 1 46
324 7 3 45
324 7 4 42
324 7 5 41
324 7 6 50
324 7 7 50
324 7 8 44
324 12 1 46
324 12 2 45
324 12 4 44
324 12 6 41
324 12 7 40
324 12 9 49
324 12 10 49
324 12 11 43
325 5 1 44
325 5 3 43
325 5 4 42
325 5 6 39
325 5 7 38
325 5 8 47
325 5 10 47
325 5 14 41
325 7 0 43
325 7 1 42
325 7 3 41
325 7 4 38
325 7 5 37
325 7 6 46
325 7 7 46
325 7 8 40
325 8 3 42
325 8 4 41
325 8 6 40
325 8 8 37
325 8 10 36
325 8 12 45
325 8 13 45
325 8 14 39
325 10 0 37
325 10 1 34
325 10 2 38
325 10 3 35
325 10 4 38
325 10 7 39
325 10 9 34
325 10 10 34
325 11 3 36
325 11 4 33
325 11 5 37
325 11 7 34
325 11 8 37
325 11 11 38
325 11 12 33
325 11 14 33
326 0 0 47
326 0 4 46
326 0 5 45
326 0 6 42
326 0 9 41
326 0 11 50
326 0 13 50
326 0 14 44
326 4 2 46
326 4 3 45
326 4 4 44
326 4 7 41
326 4 8 40
326 4 9 49
326 4 12 49
326 4 14 43
326 6 0 45
326 6 1 44
326 6 2 43
326 6 4 40
326 6 5 39
326 6 9 48
326 6 10 48
326 6 11 42
327 4 2 10
327 4 3 9
327 4 4 11
327 4 7 9
327 4 8 11
327 4 9 11
327 4 12 9
327 4 14 9
327 5 1 9
327 5 3 9
327 5 4 11
327 5 6 11
327 5 7 11
327 5 8 9
327 5 10 10
327 5 14 10
327 10 0 11
327 10 1 10
327 10 2 12
327 10 3 10
327 10 4 12
327 10 7 12
327 10 9 10
327 10 10 10
327 11 3 9
327 11 4 9
327 11 5 11
327 11 7 11
327 11 8 11
327 11 11 9
327 11 12 10
327 11 14 10
328 3 0 62
328 3 1 67
328 3 4 68
328 3 5 71
328 3 8 72
328 3 9 75
328 3 11 73
328 3 14 73
328 6 0 57
328 6 1 62
328 6 2 63
328 6 4 66
328 6 5 67
328 6 9 70
328 6 10 68
328 6 11 68
328 8 3 69
328 8 4 64
328 8 6 71
328 8 8 65
328 8 10 72
328 8 12 74
328 8 13 63
328 8 14 64
328 10 0 58
328 10 1 63
328 10 2 64
328 10 3 67
328 10 4 68
328 10 7 71
328 10 9 69
328 10 10 69
329 0 0 18
329 0 4 17
329 0 5 19
329 0 6 17
329 0 9 19
329 0 11 19
329 0 13 17
329 0 14 17
329 8 3 17
329 8 4 16
329 8 6 18
329 8 8 16
329 8 10 18
329 8 12 18
329 8 13 16
329 8 14 16
329 10 0 19
329 10 1 22
329 10 2 21
329 10 3 24
329 10 4 21
329 10 7 22
329 10 9 20
329 10 10 20
330 1 1 75
330 1 2 70
330 1 3 77
330 1 6 71
330 1 7 78
330 1 11 80
330 1 12 69
330 1 14 70
330 9 1 70
330 9 2 65
330 9 3 72
330 9 4 66
330 9 5 73
330 9 6 75
330 9 7 64
330 9 11 65
330 10 0 77
330 10 1 72
330 10 2 79
330 10 3 73
330 10 4 80
330 10 7 82
330 10 9 71
330 10 10 72
330 11 3 71
330 11 4 66
330 11 5 73
330 11 7 67
330 11 8 74
330 11 11 76
330 11 12 65
330 11 14 66
331 4 2 55
331 4 3 60
331 4 4 61
331 4 7 64
331 4 8 65
331 4 9 68
331 4 12 66
331 4 14 66
331 6 0 56
331 6 1 61
331 6 2 62
331 6 4 65
331 6 5 66
331 6 9 69
331 6 10 67
331 6 11 67
331 8 3 54
331 8 4 59
331 8 6 60
331 8 8 63
331 8 10 64
331 8 12 67
331 8 13 65
331 8 14 65
331 9 1 62
331 9 2 63
331 9 3 61
331 9 4 60
331 9 5 62
331 9 6 57
331 9 7 62
331 9 11 58
331 14 0 55
331 14 1 60
331 14 4 61
331 14 5 64
331 14 6 65
331 14 10 68
331 14 12 66
331 14 13 66
332 0 0 56
332 0 4 59
332 0 5 52
332 0 6 61
332 0 9 58
332 0 11 53
332 0 13 51
332 0 14 51
332 3 0 59
332 3 1 62
332 3 4 55
332 3 5 64
332 3 8 61
332 3 9 56
332 3 11 54
332 3 14 54
332 11 3 52
332 11 4 55
332 11 5 48
332 11 7 57
332 11 8 54
332 11 11 49
332 11 12 47
332 11 14 47
333 3 0 9
333 3 1 9
333 3 4 11
333 3 5 11
333 3 8 11
333 3 9 9
333 3 11 10
333 3 14 10
333 7 0 8
333 7 1 8
333 7 3 9
333 7 4 8
333 7 5 9
333 7 6 9
333 7 7 8
333 7 8 8
333 8 3 10
333 8 4 9
333 8 6 11
333 8 8 9
333 8 10 11
333 8 12 11
333 8 13 9
333 8 14 9
333 10 0 8
333 10 1 8
333 10 2 9
333 10 3 8
333 10 4 9
333 10 7 9
333 10 9 8
333 10 10 8
334 0 0 52
334 0 4 55
334 0 5 48
334 0 6 57
334 0 9 54
334 0 11 49
334 0 13 47
334 0 14 47
334 4 2 55
334 4 3 58
334 4 4 51
334 4 7 60
334 4 8 57
334 4 9 52
334 4 12 50
334 4 14 50
334 8 3 49
334 8 4 48
334 8 6 47
334 8 8 44
334 8 10 43
334 8 12 52
334 8 13 52
334 8 14 46
335 0 0 55
335 0 4 58
335 0 5 51
335 0 6 60
335 0 9 57
335 0 11 52
335 0 13 50
335 0 14 50
335 4 2 58
335 4 3 61
335 4 4 54
335 4 7 63
335 4 8 60
335 4 9 55
335 4 12 53
335 4 14 53
335 9 1 51
335 9 2 54
335 9 3 47
335 9 4 56
335 9 5 53
335 9 6 48
335 9 7 46
335 9 11 46
336 10 0 55
336 10 1 60
336 10 2 61
336 10 3 64
336 10 4 65
336 10 7 68
336 10 9 66
336 10 10 66
336 11 3 60
336 11 4 65
336 11 5 66
336 11 7 69
336 11 8 70
336 11 11 73
336 11 12 71
336 11 14 71
336 12 1 61
336 12 2 66
336 12 4 67
336 12 6 70
336 12 7 71
336 12 9 74
336 12 10 72
336 12 11 72
337 0 0 78
337 0 4 81
337 0 5 86
337 0 6 95
337 0 9 86
337 0 11 81
337 0 13 79
337 0 14 79
337 2 1 77
337 2 3 80
337 2 4 85
337 2 6 94
337 2 8 85
337 2 9 80
337 2 10 78
337 2 11 78
337 6 0 91
337 6 1 90
337 6 2 99
337 6 4 96
337 6 5 85
337 6 9 104
337 6 10 94
337 6 11 98
337 10 0 88
337 10 1 87
337 10 2 96
337 10 3 93
337 10 4 82
337 10 7 101
337 10 9 91
337 10 10 95
337 14 0 72
337 14 1 75
337 14 4 80
337 14 5 89
337 14 6 80
337 14 10 75
337 14 12 73
337 14 13 73
338 4 2 54
338 4 3 57
338 4 4 50
338 4 7 59
338 4 8 56
338 4 9 51
338 4 12 49
338 4 14 49
338 8 3 57
338 8 4 60
338 8 6 53
338 8 8 62
338 8 10 59
338 8 12 54
338 8 13 52
338 8 14 52
338 13 2 48
338 13 3 47
338 13 5 50
338 13 6 53
338 13 7 48
338 13 10 49
338 13 11 50
338 13 14 52
338 14 0 59
338 14 1 62
338 14 4 55
338 14 5 64
338 14 6 61
338 14 10 56
338 14 12 54
338 14 13 54
339 8 3 55
339 8 4 60
339 8 6 61
339 8 8 64
339 8 10 65
339 8 12 68
339 8 13 66
339 8 14 66
339 10 0 56
339 10 1 61
339 10 2 62
339 10 3 65
339 10 4 66
339 10 7 69
339 10 9 67
339 10 10 67
339 13 2 54
339 13 3 59
339 13 5 60
339 13 6 63
339 13 7 64
339 13 10 67
339 13 11 65
339 13 14 65
340 2 1 55
340 2 3 60
340 2 4 61
340 2 6 64
340 2 8 65
340 2 9 68
340 2 10 66
340 2 11 66
340 3 0 60
340 3 1 65
340 3 4 66
340 3 5 69
340 3 8 70
340 3 9 73
340 3 11 71
340 3 14 71
340 4 2 61
340 4 3 66
340 4 4 67
340 4 7 70
340 4 8 71
340 4 9 74
340 4 12 72
340 4 14 72
341 0 0 72
341 0 4 67
341 0 5 74
341 0 6 68
341 0 9 75
341 0 11 77
341 0 13 66
341 0 14 67
341 4 2 62
341 4 3 67
341 4 4 68
341 4 7 71
341 4 8 72
341 4 9 75
341 4 12 73
341 4 14 73
341 8 3 74
341 8 4 69
341 8 6 76
341 8 8 70
341 8 10 77
341 8 12 79
341 8 13 68
341 8 14 69
341 14 0 69
341 14 1 63
341 14 4 77
341 14 5 74
341 14 6 68
341 14 10 72
341 14 12 67
341 14 13 76
342 4 2 80
342 4 3 83
342 4 4 88
342 4 7 97
342 4 8 88
342 4 9 83
342 4 12 81
342 4 14 81
342 6 0 79
342 6 1 82
342 6 2 87
342 6 4 96
342 6 5 87
342 6 9 82
342 6 10 80
342 6 11 80
342 12 1 93
342 12 2 92
342 12 4 101
342 12 6 98
342 12 7 87
342 12 9 106
342 12 10 96
342 12 11 100
343 1 1 62
343 1 2 67
343 1 3 68
343 1 6 71
343 1 7 72
343 1 11 75
343 1 12 73
343 1 14 73
343 10 0 56
343 10 1 61
343 10 2 62
343 10 3 65
343 10 4 66
343 10 7 69
343 10 9 67
343 10 10 67
343 14 0 75
343 14 1 70
343 14 4 77
343 14 5 71
343 14 6 78
343 14 10 80
343 14 12 69
343 14 13 70
344 6 0 54
344 6 1 59
344 6 2 60
344 6 4 63
344 6 5 64
344 6 9 67
344 6 10 65
344 6 11 65
344 9 1 59
344 9 2 64
344 9 3 65
344 9 4 68
344 9 5 69
344 9 6 72
344 9 7 70
344 9 11 70
344 13 2 60
344 13 3 65
344 13 5 66
344 13 6 69
344 13 7 70
344 13 10 73
344 13 11 71
344 13 14 71
345 2 1 23
345 2 3 26
345 2 4 25
345 2 6 28
345 2 8 25
345 2 9 26
345 2 10 24
345 2 11 24
345 4 2 26
345 4 3 29
345 4 4 28
345 4 7 31
345 4 8 28
345 4 9 29
345 4 12 27
345 4 14 27
345 9 1 25
345 9 2 28
345 9 3 27
345 9 4 30
345 9 5 27
345 9 6 28
345 9 7 26
345 9 11 26
345 10 0 30
345 10 1 27
345 10 2 31
345 10 3 28
345 10 4 31
345 10 7 32
345 10 9 27
345 10 10 27
345 12 1 25
345 12 2 28
345 12 4 27
345 12 6 30
345 12 7 27
345 12 9 28
345 12 10 26
345 12 11 26
346 0 0 55
346 0 4 60
346 0 5 61
346 0 6 64
346 0 9 65
346 0 11 68
346 0 13 66
346 0 14 66
346 2 1 60
346 2 3 65
346 2 4 66
346 2 6 69
346 2 8 70
346 2 9 73
346 2 10 71
346 2 11 71
346 4 2 61
346 4 3 66
346 4 4 67
346 4 7 70
346 4 8 71
346 4 9 74
346 4 12 72
346 4 14 72
346 10 0 69
346 10 1 64
346 10 2 71
346 10 3 65
346 10 4 72
346 10 7 74
346 10 9 63
346 10 10 64
346 12 1 70
346 12 2 65
346 12 4 72
346 12 6 66
346 12 7 73
346 12 9 75
346 12 10 64
346 12 11 65
347 0 0 50
347 0 4 49
347 0 5 48
347 0 6 45
347 0 9 44
347 0 11 53
347 0 13 53
347 0 14 47
347 6 0 49
347 6 1 48
347 6 2 47
347 6 4 44
347 6 5 43
347 6 9 52
347 6 10 52
347 6 11 46
347 9 1 48
347 9 2 47
347 9 3 46
347 9 4 43
347 9 5 42
347 9 6 51
347 9 7 51
347 9 11 45
347 11 3 45
347 11 4 44
347 11 5 43
347 11 7 40
347 11 8 39
347 11 11 48
347 11 12 48
347 11 14 42
347 14 0 44
347 14 1 43
347 14 4 42
347 14 5 39
347 14 6 38
347 14 10 47
347 14 12 47
347 14 13 41
348 1 1 74
348 1 2 69
348 1 3 76
348 1 6 70
348 1 7 77
348 1 11 79
348 1 12 68
348 1 14 69
348 6 0 77
348 6 1 72
348 6 2 79
348 6 4 73
348 6 5 80
348 6 9 82
348 6 10 71
348 6 11 72
348 7 0 75
348 7 1 78
348 7 3 83
348 7 4 92
348 7 5 83
348 7 6 78
348 7 7 76
348 7 8 76
348 14 0 89
348 14 1 88
348 14 4 97
348 14 5 94
348 14 6 83
348 14 10 102
348 14 12 92
348 14 13 96
349 0 0 32
349 0 4 29
349 0 5 33
349 0 6 30
349 0 9 33
349 0 11 34
349 0 13 29
349 0 14 29
349 5 1 27
349 5 3 32
349 5 4 33
349 5 6 29
349 5 7 30
349 5 8 33
349 5 10 31
349 5 14 31
349 6 0 33
349 6 1 30
349 6 2 34
349 6 4 31
349 6 5 34
349 6 9 35
349 6 10 30
349 6 11 30
349 8 3 30
349 8 4 27
349 8 6 31
349 8 8 28
349 8 10 31
349 8 12 32
349 8 13 27
349 8 14 27
349 14 0 33
349 14 1 30
349 14 4 34
349 14 5 31
349 14 6 34
349 14 10 35
349 14 12 30
349 14 13 30
350 0 0 81
350 0 4 84
350 0 5 90
350 0 6 84
350 0 9 89
350 0 11 94
350 0 13 85
350 0 14 94
350 9 1 80
350 9 2 83
350 9 3 88
350 9 4 97
350 9 5 88
350 9 6 83
350 9 7 81
350 9 11 81
350 11 3 94
350 11 4 93
350 11 5 102
350 11 7 99
350 11 8 88
350 11 11 107
350 11 12 97
350 11 14 101
350 12 1 91
350 12 2 90
350 12 4 99
350 12 6 96
350 12 7 85
350 12 9 104
350 12 10 94
350 12 11 98
351 4 2 23
351 4 3 26
351 4 4 25
351 4 7 28
351 4 8 25
351 4 9 26
351 4 12 24
351 4 14 24
351 10 0 26
351 10 1 29
351 10 2 28
351 10 3 31
351 10 4 28
351 10 7 29
351 10 9 27
351 10 10 27
351 13 2 25
351 13 3 28
351 13 5 27
351 13 6 30
351 13 7 27
351 13 10 28
351 13 11 26
351 13 14 26
352 4 2 53
352 4 3 56
352 4 4 49
352 4 7 58
352 4 8 55
352 4 9 50
352 4 12 48
352 4 14 48
352 6 0 56
352 6 1 59
352 6 2 52
352 6 4 61
352 6 5 58
352 6 9 53
352 6 10 51
352 6 11 51
352 9 1 50
352 9 2 49
352 9 3 48
352 9 4 45
352 9 5 44
352 9 6 53
352 9 7 53
352 9 11 47
352 10 0 58
352 10 1 61
352 10 2 54
352 10 3 63
352 10 4 60
352 10 7 55
352 10 9 53
352 10 10 53
352 13 2 55
352 13 3 58
352 13 5 51
352 13 6 60
352 13 7 57
352 13 10 52
352 13 11 50
352 13 14 50
353 0 0 56
353 0 4 59
353 0 5 52
353 0 6 61
353 0 9 58
353 0 11 53
353 0 13 51
353 0 14 51
353 3 0 54
353 3 1 59
353 3 4 60
353 3 5 63
353 3 8 64
353 3 9 67
353 3 11 65
353 3 14 65
353 4 2 55
353 4 3 60
353 4 4 61
353 4 7 64
353 4 8 65
353 4 9 68
353 4 12 66
353 4 14 66
353 6 0 58
353 6 1 63
353 6 2 64
353 6 4 67
353 6 5 68
353 6 9 71
353 6 10 69
353 6 11 69
353 7 0 59
353 7 1 64
353 7 3 65
353 7 4 68
353 7 5 69
353 7 6 72
353 7 7 70
353 7 8 70
354 0 0 55
354 0 4 58
354 0 5 51
354 0 6 60
354 0 9 57
354 0 11 52
354 0 13 50
354 0 14 50
354 1 1 62
354 1 2 63
354 1 3 61
354 1 6 60
354 1 7 62
354 1 11 57
354 1 12 62
354 1 14 58
354 5 1 54
354 5 3 59
354 5 4 60
354 5 6 63
354 5 7 64
354 5 8 67
354 5 10 65
354 5 14 65
354 6 0 57
354 6 1 62
354 6 2 63
354 6 4 66
354 6 5 67
354 6 9 70
354 6 10 68
354 6 11 68
354 14 0 58
354 14 1 63
354 14 4 64
354 14 5 67
354 14 6 68
354 14 10 71
354 14 12 69
354 14 13 69
355 8 3 54
355 8 4 57
355 8 6 50
355 8 8 59
355 8 10 56
355 8 12 51
355 8 13 49
355 8 14 49
355 10 0 59
355 10 1 62
355 10 2 55
355 10 3 64
355 10 4 61
355 10 7 56
355 10 9 54
355 10 10 54
355 13 2 62
355 13 3 63
355 13 5 61
355 13 6 60
355 13 7 62
355 13 10 57
355 13 11 62
355 13 14 58
356 2 1 43
356 2 3 42
356 2 4 41
356 2 6 38
356 2 8 37
356 2 9 46
356 2 10 46
356 2 11 40
356 3 0 42
356 3 1 41
356 3 4 40
356 3 5 37
356 3 8 36
356 3 9 45
356 3 11 45
356 3 14 39
356 9 1 36
356 9 2 39
356 9 3 44
356 9 4 44
356 9 5 44
356 9 6 39
356 9 7 37
356 9 11 37
356 12 1 36
356 12 2 33
356 12 4 37
356 12 6 34
356 12 7 37
356 12 9 38
356 12 10 33
356 12 11 33
357 3 0 55
357 3 1 60
357 3 4 61
357 3 5 64
357 3 8 65
357 3 9 68
357 3 11 66
357 3 14 66
357 5 1 60
357 5 3 65
357 5 4 66
357 5 6 69
357 5 7 70
357 5 8 73
357 5 10 71
357 5 14 71
357 8 3 61
357 8 4 66
357 8 6 67
357 8 8 70
357 8 10 71
357 8 12 74
357 8 13 72
357 8 14 72
357 12 1 69
357 12 2 64
357 12 4 71
357 12 6 65
357 12 7 72
357 12 9 74
357 12 10 63
357 12 11 64
358 1 1 79
358 1 2 82
358 1 3 87
358 1 6 96
358 1 7 87
358 1 11 82
358 1 12 80
358 1 14 80
358 4 2 78
358 4 3 81
358 4 4 86
358 4 7 95
358 4 8 86
358 4 9 81
358 4 12 79
358 4 14 79
358 6 0 92
358 6 1 91
358 6 2 100
358 6 4 97
358 6 5 86
358 6 9 105
358 6 10 95
358 6 11 99
358 8 3 89
358 8 4 88
358 8 6 97
358 8 8 94
358 8 10 83
358 8 12 102
358 8 13 92
358 8 14 96
358 13 2 73
358 13 3 76
358 13 5 81
358 13 6 90
358 13 7 81
358 13 10 76
358 13 11 74
358 13 14 74
359 1 1 76
359 1 2 71
359 1 3 78
359 1 6 72
359 1 7 79
359 1 11 81
359 1 12 70
359 1 14 71
359 8 3 72
359 8 4 75
359 8 6 80
359 8 8 89
359 8 10 80
359 8 12 75
359 8 13 73
359 8 14 73
359 10 0 77
359 10 1 80
359 10 2 85
359 10 3 94
359 10 4 85
359 10 7 80
359 10 9 78
359 10 10 78
359 11 3 91
359 11 4 90
359 11 5 99
359 11 7 96
359 11 8 85
359 11 11 104
359 11 12 94
359 11 14 98
359 12 1 77
359 12 2 80
359 12 4 85
359 12 6 94
359 12 7 85
359 12 9 80
359 12 10 78
359 12 11 78
360 1 1 35
360 1 2 32
360 1 3 36
360 1 6 33
360 1 7 36
360 1 11 37
360 1 12 32
360 1 14 32
360 4 2 38
360 4 3 35
360 4 4 39
360 4 7 36
360 4 8 39
360 4 9 40
360 4 12 35
360 4 14 35
360 5 1 45
360 5 3 44
360 5 4 43
360 5 6 40
360 5 7 39
360 5 8 48
360 5 10 48
360 5 14 42
360 7 0 45
360 7 1 44
360 7 3 43
360 7 4 40
360 7 5 39
360 7 6 48
360 7 7 48
360 7 8 42
360 8 3 45
360 8 4 44
360 8 6 43
360 8 8 40
360 8 10 39
360 8 12 48
360 8 13 48
360 8 14 42
361 0 0 78
361 0 4 81
361 0 5 86
361 0 6 95
361 0 9 86
361 0 11 81
361 0 13 79
361 0 14 79
361 5 1 77
361 5 3 80
361 5 4 85
361 5 6 94
361 5 7 85
361 5 8 80
361 5 10 78
361 5 14 78
361 7 0 91
361 7 1 90
361 7 3 99
361 7 4 96
361 7 5 85
361 7 6 104
361 7 7 94
361 7 8 98
361 10 0 88
361 10 1 87
361 10 2 96
361 10 3 93
361 10 4 82
361 10 7 101
361 10 9 91
361 10 10 95
361 13 2 72
361 13 3 75
361 13 5 80
361 13 6 89
361 13 7 80
361 13 10 75
361 13 11 73
361 13 14 73
362 2 1 45
362 2 3 44
362 2 4 43
362 2 6 40
362 2 8 39
362 2 9 48
362 2 10 48
362 2 11 42
362 3 0 44
362 3 1 43
362 3 4 42
362 3 5 39
362 3 8 38
362 3 9 47
362 3 11 47
362 3 14 41
362 4 2 43
362 4 3 42
362 4 4 41
362 4 7 38
362 4 8 37
362 4 9 46
362 4 12 46
362 4 14 40
363 7 0 53
363 7 1 56
363 7 3 49
363 7 4 58
363 7 5 55
363 7 6 50
363 7 7 48
363 7 8 48
363 9 1 56
363 9 2 59
363 9 3 52
363 9 4 61
363 9 5 58
363 9 6 53
363 9 7 51
363 9 11 51
363 11 3 50
363 11 4 49
363 11 5 48
363 11 7 45
363 11 8 44
363 11 11 53
363 11 12 53
363 11 14 47
363 12 1 58
363 12 2 61
363 12 4 54
363 12 6 63
363 12 7 60
363 12 9 55
363 12 10 53
363 12 11 53
364 7 0 55
364 7 1 58
364 7 3 51
364 7 4 60
364 7 5 57
364 7 6 52
364 7 7 50
364 7 8 50
364 9 1 62
364 9 2 63
364 9 3 61
364 9 4 60
364 9 5 62
364 9 6 57
364 9 7 62
364 9 11 58
364 11 3 54
364 11 4 59
364 11 5 60
364 11 7 63
364 11 8 64
364 11 11 67
364 11 12 65
364 11 14 65
365 0 0 59
365 0 4 62
365 0 5 55
365 0 6 64
365 0 9 61
365 0 11 56
365 0 13 54
365 0 14 54
365 2 1 57
365 2 3 62
365 2 4 63
365 2 6 66
365 2 8 67
365 2 9 70
365 2 10 68
365 2 11 68
365 5 1 58
365 5 3 63
365 5 4 64
365 5 6 67
365 5 7 68
365 5 8 71
365 5 10 69
365 5 14 69
365 12 1 61
365 12 2 66
365 12 4 67
365 12 6 70
365 12 7 71
365 12 9 74
365 12 10 72
365 12 11 72
366 7 0 69
366 7 1 63
366 7 3 77
366 7 4 74
366 7 5 68
366 7 6 72
366 7 7 67
366 7 8 76
366 8 3 58
366 8 4 63
366 8 6 64
366 8 8 67
366 8 10 68
366 8 12 71
366 8 13 69
366 8 14 69
366 10 0 70
366 10 1 65
366 10 2 72
366 10 3 66
366 10 4 73
366 10 7 75
366 10 9 64
366 10 10 65
366 12 1 59
366 12 2 64
366 12 4 65
366 12 6 68
366 12 7 69
366 12 9 72
366 12 10 70
366 12 11 70
366 14 0 71
366 14 1 66
366 14 4 73
366 14 5 67
366 14 6 74
366 14 10 76
366 14 12 65
366 14 13 66
367 4 2 72
367 4 3 67
367 4 4 74
367 4 7 68
367 4 8 75
367 4 9 77
367 4 12 66
367 4 14 67
367 7 0 75
367 7 1 70
367 7 3 77
367 7 4 71
367 7 5 78
367 7 6 80
367 7 7 69
367 7 8 70
367 10 0 73
367 10 1 76
367 10 2 81
367 10 3 90
367 10 4 81
367 10 7 76
367 10 9 74
367 10 10 74
367 12 1 87
367 12 2 86
367 12 4 95
367 12 6 92
367 12 7 81
367 12 9 100
367 12 10 90
367 12 11 94
368 2 1 70
368 2 3 65
368 2 4 72
368 2 6 66
368 2 8 73
368 2 9 75
368 2 10 64
368 2 11 65
368 3 0 73
368 3 1 68
368 3 4 75
368 3 5 69
368 3 8 76
368 3 9 78
368 3 11 67
368 3 14 68
368 14 0 76
368 14 1 74
368 14 4 75
368 14 5 74
368 14 6 84
368 14 10 87
368 14 12 84
368 14 13 75
369 2 1 14
369 2 3 13
369 2 4 15
369 2 6 13
369 2 8 15
369 2 9 15
369 2 10 13
369 2 11 13
369 4 2 13
369 4 3 12
369 4 4 14
369 4 7 12
369 4 8 14
369 4 9 14
369 4 12 12
369 4 14 12
369 7 0 15
369 7 1 14
369 7 3 16
369 7 4 14
369 7 5 16
369 7 6 16
369 7 7 14
369 7 8 14
369 8 3 13
369 8 4 12
369 8 6 14
369 8 8 12
369 8 10 14
369 8 12 14
369 8 13 12
369 8 14 12
369 11 3 15
369 11 4 14
369 11 5 16
369 11 7 14
369 11 8 16
369 11 11 16
369 11 12 14
369 11 14 14
370 0 0 58
370 0 4 61
370 0 5 54
370 0 6 63
370 0 9 60
370 0 11 55
370 0 13 53
370 0 14 53
370 1 1 54
370 1 2 59
370 1 3 60
370 1 6 63
370 1 7 64
370 1 11 67
370 1 12 65
370 1 14 65
370 9 1 54
370 9 2 57
370 9 3 50
370 9 4 59
370 9 5 56
370 9 6 51
370 9 7 49
370 9 11 49
370 10 0 56
370 10 1 61
370 10 2 62
370 10 3 65
370 10 4 66
370 10 7 69
370 10 9 67
370 10 10 67
371 1 1 51
371 1 2 54
371 1 3 47
371 1 6 56
371 1 7 53
371 1 11 48
371 1 12 46
371 1 14 46
371 2 1 54
371 2 3 57
371 2 4 50
371 2 6 59
371 2 8 56
371 2 9 51
371 2 10 49
371 2 11 49
371 3 0 48
371 3 1 47
371 3 4 46
371 3 5 43
371 3 8 42
371 3 9 51
371 3 11 51
371 3 14 45
372 1 1 14
372 1 2 13
372 1 3 15
372 1 6 13
372 1 7 15
372 1 11 15
372 1 12 13
372 1 14 13
372 2 1 13
372 2 3 12
372 2 4 14
372 2 6 12
372 2 8 14
372 2 9 14
372 2 10 12
372 2 11 12
372 5 1 15
372 5 3 14
372 5 4 16
372 5 6 14
372 5 7 16
372 5 8 16
372 5 10 14
372 5 14 14
372 11 3 13
372 11 4 12
372 11 5 14
372 11 7 12
372 11 8 14
372 11 11 14
372 11 12 12
372 11 14 12
372 12 1 15
372 12 2 14
372 12 4 16
372 12 6 14
372 12 7 16
372 12 9 16
372 12 10 14
372 12 11 14
