TS_1000_2_5	Mk01.txt	1	3600	66270418	241	node3532.doduo.os	0
TS_1000_2_5	Mk02.txt	1	3600	66270416	242	node3532.doduo.os	0
TS_1000_2_5	wfjsp1_1.txt	1	3600	66270480	1	node3501.doduo.os	0
TS_1000_2_5	wfjsp1_4.txt	1	3600	66270483	4	node3561.doduo.os	0
TS_1000_2_5	wfjsp1_2.txt	1	3600	66270481	2	node3501.doduo.os	0
TS_1000_2_5	wfjsp1_6.txt	1	3600	66270485	6	node3561.doduo.os	0
TS_1000_2_5	wfjsp1_5.txt	1	3600	66270484	5	node3561.doduo.os	0
TS_1000_2_5	wfjsp1_3.txt	1	3600	66270482	3	node3501.doduo.os	0
TS_1000_2_5	wfjsp1_7.txt	1	3600	66270490	7	node3501.doduo.os	0
TS_1000_2_5	wfjsp1_10.txt	1	3600	66270493	10	node3561.doduo.os	0
TS_1000_2_5	wfjsp1_9.txt	1	3600	66270492	9	node3501.doduo.os	0
TS_1000_2_5	wfjsp1_8.txt	1	3600	66270491	8	node3501.doduo.os	0
TS_1000_2_5	wfjsp2_1.txt	1	3600	66270494	11	node3561.doduo.os	0
TS_1000_2_5	wfjsp2_2.txt	1	3600	66270495	12	node3561.doduo.os	0
TS_1000_2_5	wfjsp2_3.txt	1	3600	66270499	13	node3501.doduo.os	0
TS_1000_2_5	wfjsp2_6.txt	1	3600	66270502	16	node3561.doduo.os	0
TS_1000_2_5	wfjsp2_4.txt	1	3600	66270500	14	node3501.doduo.os	0
TS_1000_2_5	wfjsp2_5.txt	1	3600	66270501	15	node3501.doduo.os	0
TS_1000_2_5	wfjsp2_7.txt	1	3600	66270503	17	node3561.doduo.os	0
TS_1000_2_5	wfjsp2_8.txt	1	3600	66270504	18	node3561.doduo.os	0
TS_1000_2_5	wfjsp3_2.txt	1	3600	66270513	22	node3561.doduo.os	0
TS_1000_2_5	wfjsp2_9.txt	1	3600	66270510	19	node3501.doduo.os	0
TS_1000_2_5	wfjsp3_1.txt	1	3600	66270512	21	node3501.doduo.os	0
TS_1000_2_5	wfjsp3_4.txt	1	3600	66270515	24	node3561.doduo.os	0
TS_1000_2_5	wfjsp3_3.txt	1	3600	66270514	23	node3561.doduo.os	0
TS_1000_2_5	wfjsp2_10.txt	1	3600	66270511	20	node3501.doduo.os	0
TS_1000_2_5	wfjsp3_8.txt	1	3600	66270522	28	node3561.doduo.os	0
TS_1000_2_5	wfjsp3_5.txt	1	3600	66270519	25	node3501.doduo.os	0
TS_1000_2_5	wfjsp3_9.txt	1	3600	66270523	29	node3561.doduo.os	0
TS_1000_2_5	wfjsp3_7.txt	1	3600	66270521	27	node3501.doduo.os	0
TS_1000_2_5	wfjsp3_10.txt	1	3600	66270524	30	node3561.doduo.os	0
TS_1000_2_5	wfjsp3_6.txt	1	3600	66270520	26	node3501.doduo.os	0
TS_1000_2_5	wfjsp4_5.txt	1	3600	66270533	35	node3561.doduo.os	0
TS_1000_2_5	wfjsp4_1.txt	1	3600	66270529	31	node3501.doduo.os	0
TS_1000_2_5	wfjsp4_4.txt	1	3600	66270532	34	node3534.doduo.os	0
TS_1000_2_5	wfjsp4_2.txt	1	3600	66270530	32	node3501.doduo.os	0
TS_1000_2_5	wfjsp4_7.txt	1	3600	66270535	37	node3561.doduo.os	0
TS_1000_2_5	wfjsp4_3.txt	1	3600	66270531	33	node3501.doduo.os	0
TS_1000_2_5	wfjsp4_6.txt	1	3600	66270534	36	node3561.doduo.os	0
TS_1000_2_5	wfjsp4_9.txt	1	3600	66270540	39	node3501.doduo.os	0
TS_1000_2_5	wfjsp5_2.txt	1	3600	66270543	42	node3561.doduo.os	0
TS_1000_2_5	wfjsp5_1.txt	1	3600	66270542	41	node3534.doduo.os	0
TS_1000_2_5	wfjsp4_8.txt	1	3600	66270539	38	node3501.doduo.os	0
TS_1000_2_5	wfjsp4_10.txt	1	3600	66270541	40	node3501.doduo.os	0
TS_1000_2_5	wfjsp5_3.txt	1	3600	66270544	43	node3561.doduo.os	0
TS_1000_2_5	wfjsp5_4.txt	1	3600	66270545	44	node3561.doduo.os	0
TS_1000_2_5	wfjsp6_1.txt	1	3600	66270556	51	node3561.doduo.os	0
TS_1000_2_5	wfjsp5_8.txt	1	3600	66270553	48	node3534.doduo.os	0
TS_1000_2_5	wfjsp5_5.txt	1	3600	66270550	45	node3501.doduo.os	0
TS_1000_2_5	wfjsp5_7.txt	1	3600	66270552	47	node3501.doduo.os	0
TS_1000_2_5	wfjsp5_9.txt	1	3600	66270554	49	node3561.doduo.os	0
TS_1000_2_5	wfjsp5_10.txt	1	3600	66270555	50	node3561.doduo.os	0
TS_1000_2_5	wfjsp5_6.txt	1	3600	66270551	46	node3501.doduo.os	0
TS_1000_2_5	wfjsp6_6.txt	1	3600	66270565	56	node3561.doduo.os	0
TS_1000_2_5	wfjsp6_5.txt	1	3600	66270564	55	node3534.doduo.os	0
TS_1000_2_5	wfjsp6_2.txt	1	3600	66270561	52	node3501.doduo.os	0
TS_1000_2_5	wfjsp6_9.txt	1	3600	66270568	59	node3561.doduo.os	0
TS_1000_2_5	wfjsp6_3.txt	1	3600	66270562	53	node3501.doduo.os	0
TS_1000_2_5	wfjsp6_7.txt	1	3600	66270566	57	node3561.doduo.os	0
TS_1000_2_5	wfjsp6_8.txt	1	3600	66270567	58	node3561.doduo.os	0
TS_1000_2_5	wfjsp6_4.txt	1	3600	66270563	54	node3501.doduo.os	0
TS_1000_2_5	wfjsp6_10.txt	1	3600	66270574	60	node3501.doduo.os	0
TS_1000_2_5	wfjsp7_3.txt	1	3600	66270577	63	node3534.doduo.os	0
TS_1000_2_5	wfjsp7_1.txt	1	3600	66270575	61	node3501.doduo.os	0
TS_1000_2_5	wfjsp7_2.txt	1	3600	66270576	62	node3501.doduo.os	0
TS_1000_2_5	wfjsp7_8.txt	1	3600	66270587	68	node3534.doduo.os	0
TS_1000_2_5	wfjsp7_6.txt	1	3600	66270585	66	node3532.doduo.os	0
TS_1000_2_5	wfjsp7_4.txt	1	3600	66270583	64	node3501.doduo.os	0
TS_1000_2_5	wfjsp7_5.txt	1	3600	66270584	65	node3501.doduo.os	0
TS_1000_2_5	wfjsp7_7.txt	1	3600	66270586	67	node3532.doduo.os	0
TS_1000_2_5	wfjsp7_10.txt	1	3600	66270591	70	node3501.doduo.os	0
TS_1000_2_5	wfjsp8_4.txt	1	3600	66270595	74	node3534.doduo.os	0
TS_1000_2_5	wfjsp8_2.txt	1	3600	66270593	72	node3532.doduo.os	0
TS_1000_2_5	wfjsp7_9.txt	1	3600	66270590	69	node3501.doduo.os	0
TS_1000_2_5	wfjsp8_1.txt	1	3600	66270592	71	node3501.doduo.os	0
TS_1000_2_5	wfjsp8_3.txt	1	3600	66270594	73	node3532.doduo.os	0
TS_1000_2_5	wfjsp8_5.txt	1	3600	66270597	75	node3501.doduo.os	0
TS_1000_2_5	wfjsp8_8.txt	1	3600	66270600	78	node3534.doduo.os	0
TS_1000_2_5	wfjsp8_7.txt	1	3600	66270599	77	node3532.doduo.os	0
TS_1000_2_5	wfjsp8_6.txt	1	3600	66270598	76	node3501.doduo.os	0
TS_1000_2_5	wfjsp8_9.txt	1	3600	66270605	79	node3501.doduo.os	0
TS_1000_2_5	wfjsp9_1.txt	1	3600	66270607	81	node3534.doduo.os	0
TS_1000_2_5	wfjsp8_10.txt	1	3600	66270606	80	node3501.doduo.os	0
TS_1000_2_5	wfjsp9_5.txt	1	3600	66270615	85	node3532.doduo.os	0
TS_1000_2_5	wfjsp9_6.txt	1	3600	66270616	86	node3534.doduo.os	0
TS_1000_2_5	wfjsp9_3.txt	1	3600	66270613	83	node3501.doduo.os	0
TS_1000_2_5	wfjsp9_4.txt	1	3600	66270614	84	node3532.doduo.os	0
TS_1000_2_5	wfjsp9_2.txt	1	3600	66270612	82	node3501.doduo.os	0
TS_1000_2_5	wfjsp9_8.txt	1	3600	66270623	88	node3532.doduo.os	0
TS_1000_2_5	wfjsp9_9.txt	1	3600	66270624	89	node3534.doduo.os	0
TS_1000_2_5	wfjsp9_7.txt	1	3600	66270622	87	node3501.doduo.os	0
TS_1000_2_5	wfjsp10_2.txt	1	3600	66270629	92	node3532.doduo.os	0
TS_1000_2_5	wfjsp9_10.txt	1	3600	66270627	90	node3501.doduo.os	0
TS_1000_2_5	wfjsp10_1.txt	1	3600	66270628	91	node3501.doduo.os	0
TS_1000_2_5	wfjsp10_3.txt	1	3600	66270630	93	node3532.doduo.os	0
TS_1000_2_5	wfjsp10_5.txt	1	3600	66270637	95	node3532.doduo.os	0
TS_1000_2_5	wfjsp10_4.txt	1	3600	66270636	94	node3501.doduo.os	0
TS_1000_2_5	wfjsp10_8.txt	1	3600	66270643	98	node3534.doduo.os	0
TS_1000_2_5	wfjsp10_6.txt	1	3600	66270641	96	node3532.doduo.os	0
TS_1000_2_5	wfjsp10_7.txt	1	3600	66270642	97	node3532.doduo.os	0
TS_1000_2_5	wfjsp10_9.txt	1	3600	66270647	99	node3534.doduo.os	0
TS_1000_2_5	wfjsp10_10.txt	1	3600	66270652	100	node3501.doduo.os	0
TS_1000_2_5	wfjsp11_4.txt	1	3600	66270656	104	node3532.doduo.os	0
TS_1000_2_5	wfjsp11_5.txt	1	3600	66270657	105	node3534.doduo.os	0
TS_1000_2_5	wfjsp11_1.txt	1	3600	66270653	101	node3501.doduo.os	0
TS_1000_2_5	wfjsp11_2.txt	1	3600	66270654	102	node3501.doduo.os	0
TS_1000_2_5	wfjsp11_3.txt	1	3600	66270655	103	node3532.doduo.os	0
TS_1000_2_5	wfjsp11_6.txt	1	3600	66270662	106	node3501.doduo.os	0
TS_1000_2_5	wfjsp11_7.txt	1	3600	66270663	107	node3534.doduo.os	0
TS_1000_2_5	wfjsp11_8.txt	1	3600	66270668	108	node3501.doduo.os	0
TS_1000_2_5	wfjsp12_1.txt	1	3600	66270671	111	node3532.doduo.os	0
TS_1000_2_5	wfjsp11_10.txt	1	3600	66270670	110	node3532.doduo.os	0
TS_1000_2_5	wfjsp12_2.txt	1	3600	66270672	112	node3534.doduo.os	0
TS_1000_2_5	wfjsp11_9.txt	1	3600	66270669	109	node3501.doduo.os	0
TS_1000_2_5	wfjsp12_5.txt	1	3600	66270677	115	node3541.doduo.os	0
TS_1000_2_5	wfjsp12_4.txt	1	3600	66270676	114	node3534.doduo.os	0
LBBD_CP	wfjsp1_1.txt	1	3600	66270596	1	node3506.doduo.os	0
TS_1000_2_5	wfjsp12_8.txt	1	3600	66270683	118	node3532.doduo.os	0
TS_1000_2_5	wfjsp12_3.txt	1	3600	66270675	113	node3501.doduo.os	0
TS_1000_2_5	wfjsp12_10.txt	1	3600	66270685	120	node3534.doduo.os	0
TS_1000_2_5	wfjsp12_9.txt	1	3600	66270684	119	node3532.doduo.os	0
TS_1000_2_5	wfjsp12_6.txt	1	3600	66270681	116	node3501.doduo.os	0
TS_1000_2_5	wfjsp12_7.txt	1	3600	66270682	117	node3501.doduo.os	0
TS_1000_2_5	wfjsp13_1.txt	1	3600	66270688	121	node3541.doduo.os	0
LBBD_CP	wfjsp1_3.txt	1	3600	66270690	3	node3549.doduo.os	0
LBBD_CP	wfjsp1_5.txt	1	3600	66270703	5	node3549.doduo.os	0
TS_1000_2_5	wfjsp13_4.txt	1	3600	66270694	124	node3534.doduo.os	0
TS_1000_2_5	wfjsp13_5.txt	1	3600	66270695	125	node3534.doduo.os	0
TS_1000_2_5	wfjsp13_2.txt	1	3600	66270692	122	node3532.doduo.os	0
TS_1000_2_5	wfjsp13_3.txt	1	3600	66270693	123	node3532.doduo.os	0
LBBD_CP	wfjsp1_2.txt	1	3600	66270689	2	node3506.doduo.os	0
TS_1000_2_5	wfjsp13_6.txt	1	3600	66270704	126	node3541.doduo.os	0
TS_1000_2_5	wfjsp13_8.txt	1	3600	66270713	128	node3532.doduo.os	0
TS_1000_2_5	wfjsp13_7.txt	1	3600	66270710	127	node3534.doduo.os	0
LBBD_CP	wfjsp1_8.txt	1	3600	66270720	8	node3506.doduo.os	0
TS_1000_2_5	wfjsp14_1.txt	1	3600	66270721	131	node3541.doduo.os	0
TS_1000_2_5	wfjsp13_9.txt	1	3600	66270714	129	node3532.doduo.os	0
TS_1000_2_5	wfjsp13_10.txt	1	3600	66270715	130	node3534.doduo.os	0
LBBD_CP	wfjsp1_7.txt	1	3600	66270709	7	node3621.doduo.os	0
LBBD_CP	wfjsp1_10.txt	1	3600	66270732	10	node3532.doduo.os	0
LBBD_CP	wfjsp1_9.txt	1	3600	66270731	9	node3506.doduo.os	0
TS_1000_2_5	wfjsp14_2.txt	1	3600	66270726	132	node3532.doduo.os	0
TS_1000_2_5	wfjsp14_3.txt	1	3600	66270727	133	node3534.doduo.os	0
LBBD_CP	wfjsp2_2.txt	1	3600	66270738	12	node3532.doduo.os	0
LBBD_CP	wfjsp2_5.txt	1	3600	66270746	15	node3532.doduo.os	0
TS_1000_2_5	wfjsp14_4.txt	1	3600	66270733	134	node3541.doduo.os	0
TS_1000_2_5	wfjsp14_5.txt	1	3600	66270741	135	node3534.doduo.os	0
LBBD_CP	wfjsp2_4.txt	1	3600	66270740	14	node3621.doduo.os	0
TS_1000_2_5	wfjsp14_6.txt	1	3600	66270747	136	node3534.doduo.os	0
LBBD_CP	wfjsp2_1.txt	1	3600	66270737	11	node3506.doduo.os	0
LBBD_CP	wfjsp2_6.txt	1	3600	66270751	16	node3532.doduo.os	0
TS_1000_2_5	wfjsp14_7.txt	1	3600	66270752	137	node3541.doduo.os	0
TS_1000_2_5	wfjsp14_8.txt	1	3600	66270757	138	node3534.doduo.os	0
TS_1000_2_5	wfjsp14_9.txt	1	3600	66270759	139	node3534.doduo.os	0
LBBD_CP	wfjsp2_10.txt	1	3600	66270771	20	node3547.doduo.os	0
LBBD_CP	wfjsp2_9.txt	1	3600	66270763	19	node3532.doduo.os	0
TS_1000_2_5	wfjsp14_10.txt	1	3600	66270764	140	node3541.doduo.os	0
LBBD_CP	wfjsp2_8.txt	1	3600	66270758	18	node3506.doduo.os	0
TS_1000_2_5	wfjsp15_1.txt	1	3600	66270777	141	node3534.doduo.os	0
TS_1000_2_5	wfjsp15_2.txt	1	3600	66270778	142	node3534.doduo.os	0
TS_1000_2_5	wfjsp15_3.txt	1	3600	66270786	143	node3541.doduo.os	0
TS_1000_2_5	wfjsp15_4.txt	1	3600	66270798	144	node3506.doduo.os	0
TS_1000_2_5	wfjsp15_5.txt	1	3600	66270802	145	node3534.doduo.os	0
LBBD_CP	wfjsp2_7.txt	1	3600	66270756	17	node3621.doduo.os	0
TS_1000_2_5	wfjsp15_6.txt	1	3600	66270808	146	node3534.doduo.os	0
TS_1000_2_5	wfjsp15_7.txt	1	3600	66270814	147	node3541.doduo.os	0
TS_1000_2_5	wfjsp15_9.txt	1	3600	66270824	149	node3534.doduo.os	0
TS_1000_2_5	wfjsp15_8.txt	1	3600	66270823	148	node3506.doduo.os	0
TS_1000_2_5	wfjsp15_10.txt	1	3600	66270828	150	node3534.doduo.os	0
TS_1000_2_5	wfjsp16_1.txt	1	3600	66270836	151	node3541.doduo.os	0
TS_1000_2_5	wfjsp16_2.txt	1	3600	66270838	152	node3534.doduo.os	0
TS_1000_2_5	wfjsp16_4.txt	1	3600	66270843	154	node3534.doduo.os	0
TS_1000_2_5	wfjsp16_3.txt	1	3600	66270842	153	node3506.doduo.os	0
TS_1000_2_5	wfjsp17_1.txt	1	3600	66270854	161	node3506.doduo.os	0
TS_1000_2_5	wfjsp16_5.txt	1	3600	66270848	155	node3501.doduo.os	0
TS_1000_2_5	wfjsp16_8.txt	1	3600	66270851	158	node3541.doduo.os	0
TS_1000_2_5	wfjsp16_6.txt	1	3600	66270849	156	node3501.doduo.os	0
TS_1000_2_5	wfjsp16_7.txt	1	3600	66270850	157	node3501.doduo.os	0
LBBD_CP	wfjsp1_4.txt	1	3600	66270691	4	node3617.doduo.os	0
TS_1000_2_5	wfjsp16_9.txt	1	3600	66270852	159	node3534.doduo.os	0
TS_1000_2_5	wfjsp17_2.txt	1	3600	66270856	162	node3501.doduo.os	0
TS_1000_2_5	wfjsp17_3.txt	1	3600	66270857	163	node3506.doduo.os	0
TS_1000_2_5	wfjsp16_10.txt	1	3600	66270853	160	node3534.doduo.os	0
TS_1000_2_5	wfjsp17_4.txt	1	3600	66270859	164	node3501.doduo.os	0
TS_1000_2_5	wfjsp17_5.txt	1	3600	66270860	165	node3501.doduo.os	0
TS_1000_2_5	wfjsp17_6.txt	1	3600	66270861	166	node3534.doduo.os	0
TS_1000_2_5	wfjsp18_1.txt	1	3600	66270866	171	node3534.doduo.os	0
TS_1000_2_5	wfjsp17_10.txt	1	3600	66270865	170	node3506.doduo.os	0
TS_1000_2_5	wfjsp17_7.txt	1	3600	66270862	167	node3501.doduo.os	0
TS_1000_2_5	wfjsp18_2.txt	1	3600	66270867	172	node3534.doduo.os	0
TS_1000_2_5	wfjsp17_8.txt	1	3600	66270863	168	node3501.doduo.os	0
TS_1000_2_5	wfjsp17_9.txt	1	3600	66270864	169	node3501.doduo.os	0
TS_1000_2_5	wfjsp18_4.txt	1	3600	66270870	174	node3534.doduo.os	0
TS_1000_2_5	wfjsp18_3.txt	1	3600	66270869	173	node3506.doduo.os	0
TS_1000_2_5	wfjsp18_5.txt	1	3600	66270872	175	node3501.doduo.os	0
TS_1000_2_5	wfjsp18_8.txt	1	3600	66270875	178	node3534.doduo.os	0
TS_1000_2_5	wfjsp18_9.txt	1	3600	66270876	179	node3534.doduo.os	0
TS_1000_2_5	wfjsp18_6.txt	1	3600	66270873	176	node3501.doduo.os	0
TS_1000_2_5	wfjsp18_7.txt	1	3600	66270874	177	node3501.doduo.os	0
TS_1000_2_5	wfjsp18_10.txt	1	3600	66270879	180	node3501.doduo.os	0
TS_1000_2_5	wfjsp19_1.txt	1	3600	66270880	181	node3534.doduo.os	0
TS_1000_2_5	wfjsp19_2.txt	1	3600	66270881	182	node3534.doduo.os	0
TS_1000_2_5	wfjsp19_3.txt	1	3600	66270887	183	node3501.doduo.os	0
TS_1000_2_5	wfjsp19_4.txt	1	3600	66270888	184	node3501.doduo.os	0
TS_1000_2_5	wfjsp19_5.txt	1	3600	66270889	185	node3501.doduo.os	0
TS_1000_2_5	wfjsp19_6.txt	1	3600	66270891	186	node3534.doduo.os	0
TS_1000_2_5	wfjsp19_7.txt	1	3600	66270892	187	node3534.doduo.os	0
TS_1000_2_5	wfjsp19_9.txt	1	3600	66270895	189	node3501.doduo.os	0
TS_1000_2_5	wfjsp19_10.txt	1	3600	66270896	190	node3501.doduo.os	0
TS_1000_2_5	wfjsp19_8.txt	1	3600	66270894	188	node3501.doduo.os	0
TS_1000_2_5	wfjsp20_1.txt	1	3600	66270899	191	node3534.doduo.os	0
TS_1000_2_5	wfjsp20_2.txt	1	3600	66270900	192	node3534.doduo.os	0
TS_1000_2_5	wfjsp20_4.txt	1	3600	66270906	194	node3501.doduo.os	0
TS_1000_2_5	wfjsp20_3.txt	1	3600	66270905	193	node3501.doduo.os	0
TS_1000_2_5	wfjsp20_5.txt	1	3600	66270913	195	node3502.doduo.os	0
TS_1000_2_5	wfjsp20_7.txt	1	3600	66270915	197	node3534.doduo.os	0
TS_1000_2_5	wfjsp20_6.txt	1	3600	66270914	196	node3502.doduo.os	0
TS_1000_2_5	wfjsp20_8.txt	1	3600	66270916	198	node3534.doduo.os	0
TS_1000_2_5	wfjsp20_10.txt	1	3600	66270919	200	node3501.doduo.os	0
TS_1000_2_5	wfjsp20_9.txt	1	3600	66270918	199	node3501.doduo.os	0
TS_1000_2_5	wfjsp21_2.txt	1	3600	66270921	202	node3534.doduo.os	0
TS_1000_2_5	wfjsp21_4.txt	1	3600	66270928	204	node3534.doduo.os	0
TS_1000_2_5	wfjsp21_3.txt	1	3600	66270927	203	node3502.doduo.os	0
TS_1000_2_5	wfjsp21_1.txt	1	3600	66270920	201	node3502.doduo.os	0
TS_1000_2_5	wfjsp21_5.txt	1	3600	66270932	205	node3501.doduo.os	0
TS_1000_2_5	wfjsp21_6.txt	1	3600	66270937	206	node3501.doduo.os	0
TS_1000_2_5	wfjsp21_7.txt	1	3600	66270941	207	node3502.doduo.os	0
TS_1000_2_5	wfjsp21_8.txt	1	3600	66270942	208	node3502.doduo.os	0
TS_1000_2_5	wfjsp21_9.txt	1	3600	66270943	209	node3534.doduo.os	0
TS_1000_2_5	wfjsp22_1.txt	1	3600	66270949	211	node3501.doduo.os	0
TS_1000_2_5	wfjsp21_10.txt	1	3600	66270944	210	node3534.doduo.os	0
TS_1000_2_5	wfjsp22_2.txt	1	3600	66270951	212	node3501.doduo.os	0
CP_LBBD_CP_TS	wfjsp23_3.txt	1	3600	66270420	223	node3540.doduo.os	0
TS_1000_2_5	wfjsp22_3.txt	1	3600	66270952	213	node3501.doduo.os	0
TS_1000_2_5	wfjsp22_5.txt	1	3600	66270954	215	node3502.doduo.os	0
TS_1000_2_5	wfjsp22_6.txt	1	3600	66270956	216	node3501.doduo.os	0
TS_1000_2_5	wfjsp22_4.txt	1	3600	66270953	214	node3502.doduo.os	0
CP_LBBD_CP_TS	Dauzere_12a.txt	1	3600	66270417	262	node3527.doduo.os	0
TS_1000_2_5	wfjsp22_9.txt	1	3600	66270960	219	node3502.doduo.os	0
TS_1000_2_5	wfjsp22_7.txt	1	3600	66270958	217	node3501.doduo.os	0
TS_1000_2_5	wfjsp22_8.txt	1	3600	66270959	218	node3501.doduo.os	0
TS_1000_2_5	wfjsp22_10.txt	1	3600	66270961	220	node3502.doduo.os	0
TS_1000_2_5	wfjsp23_1.txt	1	3600	66270969	221	node3502.doduo.os	0
TS_1000_2_5	wfjsp23_2.txt	1	3600	66270976	222	node3501.doduo.os	0
TS_1000_2_5	wfjsp23_4.txt	1	3600	66270978	224	node3502.doduo.os	0
TS_1000_2_5	wfjsp23_3.txt	1	3600	66270977	223	node3501.doduo.os	0
TS_1000_2_5	wfjsp23_5.txt	1	3600	66270985	225	node3506.doduo.os	0
TS_1000_2_5	wfjsp23_7.txt	1	3600	66270991	227	node3532.doduo.os	0
TS_1000_2_5	wfjsp23_6.txt	1	3600	66270990	226	node3502.doduo.os	0
TS_1000_2_5	wfjsp23_8.txt	1	3600	66270992	228	node3532.doduo.os	0
TS_1000_2_5	wfjsp23_9.txt	1	3600	66270993	229	node3532.doduo.os	0
TS_1000_2_5	wfjsp23_10.txt	1	3600	66270994	230	node3502.doduo.os	0
TS_1000_2_5	wfjsp24_1.txt	1	3600	66270995	231	node3506.doduo.os	0
LBBD_CP	wfjsp4_9.txt	1	3600	66271003	39	node3502.doduo.os	0
TS_1000_2_5	wfjsp24_2.txt	1	3600	66271000	232	node3561.doduo.os	0
TS_1000_2_5	wfjsp24_3.txt	1	3600	66271001	233	node3561.doduo.os	0
TS_1000_2_5	wfjsp24_4.txt	1	3600	66271002	234	node3561.doduo.os	0
TS_1000_2_5	wfjsp24_6.txt	1	3600	66271023	236	node3561.doduo.os	0
TS_1000_2_5	wfjsp24_5.txt	1	3600	66271022	235	node3561.doduo.os	0
TS_1000_2_5	wfjsp24_7.txt	1	3600	66271025	237	node3561.doduo.os	0
TS_1000_2_5	wfjsp24_8.txt	1	3600	66271026	238	node3561.doduo.os	0
TS_1000_2_5	wfjsp24_9.txt	1	3600	66271030	239	node3561.doduo.os	0
TS_1000_2_5	wfjsp24_10.txt	1	3600	66271031	240	node3561.doduo.os	0
TS_1000_2_5	Mk03.txt	1	3600	66271037	243	node3561.doduo.os	0
TS_1000_2_5	Mk04.txt	1	3600	66271039	244	node3561.doduo.os	0
TS_1000_2_5	Mk05.txt	1	3600	66271040	245	node3561.doduo.os	0
TS_1000_2_5	Mk06.txt	1	3600	66271050	246	node3561.doduo.os	0
TS_1000_2_5	Mk07.txt	1	3600	66271051	247	node3561.doduo.os	0
TS_1000_2_5	Mk08.txt	1	3600	66271052	248	node3561.doduo.os	0
TS_1000_2_5	Mk09.txt	1	3600	66271053	249	node3561.doduo.os	0
TS_1000_2_5	Mk10.txt	1	3600	66271054	250	node3561.doduo.os	0
TS_1000_2_5	Dauzere_01a.txt	1	3600	66271055	251	node3561.doduo.os	0
TS_1000_2_5	Dauzere_02a.txt	1	3600	66271056	252	node3561.doduo.os	0
TS_1000_2_5	Dauzere_03a.txt	1	3600	66271057	253	node3561.doduo.os	0
TS_1000_2_5	Dauzere_04a.txt	1	3600	66271058	254	node3561.doduo.os	0
TS_1000_2_5	Dauzere_05a.txt	1	3600	66271059	255	node3561.doduo.os	0
TS_1000_2_5	Dauzere_06a.txt	1	3600	66271060	256	node3561.doduo.os	0
TS_1000_2_5	Dauzere_07a.txt	1	3600	66271061	257	node3561.doduo.os	0
TS_1000_2_5	Dauzere_08a.txt	1	3600	66271062	258	node3561.doduo.os	0
TS_1000_2_5	Dauzere_10a.txt	1	3600	66271064	260	node3561.doduo.os	0
TS_1000_2_5	Dauzere_09a.txt	1	3600	66271063	259	node3561.doduo.os	0
TS_1000_2_5	Dauzere_11a.txt	1	3600	66271065	261	node3561.doduo.os	0
TS_1000_2_5	Dauzere_12a.txt	1	3600	66270473	262	node3561.doduo.os	0
TS_2000_5_5	wfjsp1_1.txt	1	3600	66271066	1	node3561.doduo.os	0
TS_2000_5_5	wfjsp1_2.txt	1	3600	66271067	2	node3561.doduo.os	0
TS_2000_5_5	wfjsp1_3.txt	1	3600	66271068	3	node3561.doduo.os	0
TS_2000_5_5	wfjsp1_4.txt	1	3600	66271069	4	node3561.doduo.os	0
TS_2000_5_5	wfjsp1_5.txt	1	3600	66271070	5	node3561.doduo.os	0
TS_2000_5_5	wfjsp1_6.txt	1	3600	66271071	6	node3561.doduo.os	0
TS_2000_5_5	wfjsp1_8.txt	1	3600	66271073	8	node3561.doduo.os	0
TS_2000_5_5	wfjsp1_7.txt	1	3600	66271072	7	node3561.doduo.os	0
TS_2000_5_5	wfjsp1_10.txt	1	3600	66271075	10	node3561.doduo.os	0
TS_2000_5_5	wfjsp1_9.txt	1	3600	66271074	9	node3561.doduo.os	0
TS_2000_5_5	wfjsp2_1.txt	1	3600	66271076	11	node3561.doduo.os	0
TS_2000_5_5	wfjsp2_2.txt	1	3600	66271077	12	node3561.doduo.os	0
TS_2000_5_5	wfjsp2_3.txt	1	3600	66271078	13	node3561.doduo.os	0
TS_2000_5_5	wfjsp2_4.txt	1	3600	66271079	14	node3561.doduo.os	0
TS_2000_5_5	wfjsp2_5.txt	1	3600	66271080	15	node3561.doduo.os	0
TS_2000_5_5	wfjsp2_6.txt	1	3600	66271081	16	node3561.doduo.os	0
LBBD_CP	wfjsp1_6.txt	1	3600	66270708	6	node3549.doduo.os	0
TS_2000_5_5	wfjsp2_7.txt	1	3600	66271083	17	node3561.doduo.os	0
TS_2000_5_5	wfjsp2_8.txt	1	3600	66271084	18	node3561.doduo.os	0
TS_2000_5_5	wfjsp2_9.txt	1	3600	66271085	19	node3561.doduo.os	0
TS_2000_5_5	wfjsp2_10.txt	1	3600	66271086	20	node3561.doduo.os	0
TS_2000_5_5	wfjsp3_1.txt	1	3600	66271087	21	node3561.doduo.os	0
TS_2000_5_5	wfjsp3_2.txt	1	3600	66271088	22	node3561.doduo.os	0
TS_2000_5_5	wfjsp3_3.txt	1	3600	66271089	23	node3561.doduo.os	0
TS_2000_5_5	wfjsp3_4.txt	1	3600	66271090	24	node3561.doduo.os	0
TS_2000_5_5	wfjsp3_5.txt	1	3600	66271092	25	node3561.doduo.os	0
LBBD_CP	wfjsp2_3.txt	1	3600	66270739	13	node3532.doduo.os	0
TS_2000_5_5	wfjsp3_6.txt	1	3600	66271093	26	node3561.doduo.os	0
TS_2000_5_5	wfjsp3_7.txt	1	3600	66271094	27	node3561.doduo.os	0
TS_2000_5_5	wfjsp3_9.txt	1	3600	66271097	29	node3561.doduo.os	0
TS_2000_5_5	wfjsp3_8.txt	1	3600	66271096	28	node3561.doduo.os	0
TS_2000_5_5	wfjsp3_10.txt	1	3600	66271099	30	node3561.doduo.os	0
TS_2000_5_5	wfjsp4_1.txt	1	3600	66271100	31	node3561.doduo.os	0
TS_2000_5_5	wfjsp4_2.txt	1	3600	66271101	32	node3561.doduo.os	0
TS_2000_5_5	wfjsp4_3.txt	1	3600	66271102	33	node3561.doduo.os	0
TS_2000_5_5	wfjsp4_4.txt	1	3600	66271103	34	node3561.doduo.os	0
TS_2000_5_5	wfjsp4_5.txt	1	3600	66271104	35	node3561.doduo.os	0
TS_2000_5_5	wfjsp4_7.txt	1	3600	66271106	37	node3561.doduo.os	0
TS_2000_5_5	wfjsp4_6.txt	1	3600	66271105	36	node3561.doduo.os	0
LBBD_CP	wfjsp3_1.txt	1	3600	66270772	21	node3555.doduo.os	0
TS_2000_5_5	wfjsp4_8.txt	1	3600	66271107	38	node3561.doduo.os	0
TS_2000_5_5	wfjsp4_9.txt	1	3600	66271108	39	node3561.doduo.os	0
TS_2000_5_5	wfjsp4_10.txt	1	3600	66271111	40	node3561.doduo.os	0
TS_2000_5_5	wfjsp5_1.txt	1	3600	66271112	41	node3561.doduo.os	0
LBBD_CP	wfjsp3_2.txt	1	3600	66270784	22	node3532.doduo.os	0
LBBD_CP	wfjsp3_3.txt	1	3600	66270785	23	node3547.doduo.os	0
TS_2000_5_5	wfjsp5_2.txt	1	3600	66271113	42	node3561.doduo.os	0
TS_2000_5_5	wfjsp5_3.txt	1	3600	66271114	43	node3561.doduo.os	0
TS_2000_5_5	wfjsp5_4.txt	1	3600	66271117	44	node3561.doduo.os	0
TS_2000_5_5	wfjsp5_5.txt	1	3600	66271118	45	node3561.doduo.os	0
TS_2000_5_5	wfjsp5_6.txt	1	3600	66271119	46	node3561.doduo.os	0
TS_2000_5_5	wfjsp5_7.txt	1	3600	66271120	47	node3561.doduo.os	0
TS_2000_5_5	wfjsp5_8.txt	1	3600	66271121	48	node3561.doduo.os	0
TS_2000_5_5	wfjsp5_9.txt	1	3600	66271122	49	node3561.doduo.os	0
TS_2000_5_5	wfjsp5_10.txt	1	3600	66271123	50	node3561.doduo.os	0
TS_2000_5_5	wfjsp6_1.txt	1	3600	66271124	51	node3561.doduo.os	0
TS_2000_5_5	wfjsp6_2.txt	1	3600	66271126	52	node3561.doduo.os	0
TS_2000_5_5	wfjsp6_3.txt	1	3600	66271127	53	node3561.doduo.os	0
TS_2000_5_5	wfjsp6_4.txt	1	3600	66271128	54	node3561.doduo.os	0
TS_2000_5_5	wfjsp6_5.txt	1	3600	66271129	55	node3561.doduo.os	0
TS_2000_5_5	wfjsp6_6.txt	1	3600	66271130	56	node3561.doduo.os	0
TS_2000_5_5	wfjsp6_7.txt	1	3600	66271131	57	node3561.doduo.os	0
LBBD_CP	wfjsp3_4.txt	1	3600	66270827	24	node3621.doduo.os	0
TS_2000_5_5	wfjsp6_8.txt	1	3600	66271132	58	node3561.doduo.os	0
TS_2000_5_5	wfjsp6_9.txt	1	3600	66271134	59	node3561.doduo.os	0
TS_2000_5_5	wfjsp7_1.txt	1	3600	66271136	61	node3561.doduo.os	0
TS_2000_5_5	wfjsp6_10.txt	1	3600	66271135	60	node3561.doduo.os	0
TS_2000_5_5	wfjsp7_2.txt	1	3600	66271137	62	node3561.doduo.os	0
TS_2000_5_5	wfjsp7_3.txt	1	3600	66271138	63	node3561.doduo.os	0
TS_2000_5_5	wfjsp7_4.txt	1	3600	66271140	64	node3561.doduo.os	0
TS_2000_5_5	wfjsp7_5.txt	1	3600	66271141	65	node3561.doduo.os	0
TS_2000_5_5	wfjsp7_6.txt	1	3600	66271142	66	node3561.doduo.os	0
TS_2000_5_5	wfjsp7_7.txt	1	3600	66271143	67	node3561.doduo.os	0
TS_2000_5_5	wfjsp7_8.txt	1	3600	66271144	68	node3561.doduo.os	0
TS_2000_5_5	wfjsp7_9.txt	1	3600	66271145	69	node3561.doduo.os	0
LBBD_CP	wfjsp3_5.txt	1	3600	66270855	25	node3541.doduo.os	0
LBBD_CP	wfjsp3_6.txt	1	3600	66270858	26	node3617.doduo.os	0
TS_2000_5_5	wfjsp7_10.txt	1	3600	66271146	70	node3541.doduo.os	0
TS_2000_5_5	wfjsp8_1.txt	1	3600	66271148	71	node3541.doduo.os	0
TS_2000_5_5	wfjsp8_2.txt	1	3600	66271149	72	node3541.doduo.os	0
TS_2000_5_5	wfjsp8_3.txt	1	3600	66271150	73	node3541.doduo.os	0
TS_2000_5_5	wfjsp8_4.txt	1	3600	66271151	74	node3541.doduo.os	0
TS_2000_5_5	wfjsp8_5.txt	1	3600	66271152	75	node3541.doduo.os	0
TS_2000_5_5	wfjsp8_6.txt	1	3600	66271153	76	node3541.doduo.os	0
TS_2000_5_5	wfjsp8_7.txt	1	3600	66271154	77	node3541.doduo.os	0
TS_2000_5_5	wfjsp8_8.txt	1	3600	66271155	78	node3541.doduo.os	0
TS_2000_5_5	wfjsp8_9.txt	1	3600	66271156	79	node3541.doduo.os	0
TS_2000_5_5	wfjsp8_10.txt	1	3600	66271157	80	node3541.doduo.os	0
LBBD_CP	wfjsp3_7.txt	1	3600	66270955	27	node3540.doduo.os	0
TS_2000_5_5	wfjsp9_1.txt	1	3600	66271158	81	node3541.doduo.os	0
TS_2000_5_5	wfjsp9_2.txt	1	3600	66271160	82	node3541.doduo.os	0
LBBD_CP	wfjsp3_8.txt	1	3600	66270964	28	node3527.doduo.os	0
LBBD_CP	wfjsp3_9.txt	1	3600	66270965	29	node3540.doduo.os	0
TS_2000_5_5	wfjsp9_3.txt	1	3600	66271161	83	node3541.doduo.os	0
LBBD_CP	wfjsp3_10.txt	1	3600	66270975	30	node3559.doduo.os	0
LBBD_CP	wfjsp4_1.txt	1	3600	66270982	31	node3543.doduo.os	0
LBBD_CP	wfjsp4_2.txt	1	3600	66270983	32	node3544.doduo.os	0
TS_2000_5_5	wfjsp9_4.txt	1	3600	66271164	84	node3541.doduo.os	0
LBBD_CP	wfjsp4_3.txt	1	3600	66270984	33	node3527.doduo.os	0
TS_2000_5_5	wfjsp9_5.txt	1	3600	66271168	85	node3541.doduo.os	0
LBBD_CP	wfjsp4_4.txt	1	3600	66270989	34	node3518.doduo.os	0
TS_2000_5_5	wfjsp9_6.txt	1	3600	66271170	86	node3541.doduo.os	0
TS_2000_5_5	wfjsp9_7.txt	1	3600	66271176	87	node3541.doduo.os	0
TS_2000_5_5	wfjsp9_8.txt	1	3600	66271177	88	node3541.doduo.os	0
TS_2000_5_5	wfjsp9_9.txt	1	3600	66271178	89	node3541.doduo.os	0
LBBD_CP	wfjsp4_5.txt	1	3600	66270996	35	node3506.doduo.os	0
LBBD_CP	wfjsp4_6.txt	1	3600	66270997	36	node3555.doduo.os	0
LBBD_CP	wfjsp4_8.txt	1	3600	66270999	38	node3555.doduo.os	0
LBBD_CP	wfjsp4_7.txt	1	3600	66270998	37	node3555.doduo.os	0
TS_2000_5_5	wfjsp9_10.txt	1	3600	66271184	90	node3541.doduo.os	0
LBBD_CP	wfjsp5_3.txt	1	3600	66271007	43	node3532.doduo.os	0
LBBD_CP	wfjsp5_2.txt	1	3600	66271006	42	node3506.doduo.os	0
LBBD_CP	wfjsp5_4.txt	1	3600	66271008	44	node3532.doduo.os	0
LBBD_CP	wfjsp5_5.txt	1	3600	66271009	45	node3532.doduo.os	0
LBBD_CP	wfjsp4_10.txt	1	3600	66271004	40	node3502.doduo.os	0
LBBD_CP	wfjsp5_1.txt	1	3600	66271005	41	node3502.doduo.os	0
TS_2000_5_5	wfjsp10_1.txt	1	3600	66271189	91	node3541.doduo.os	0
LBBD_CP	wfjsp5_7.txt	1	3600	66271011	47	node3532.doduo.os	0
LBBD_CP	wfjsp5_10.txt	1	3600	66271014	50	node3536.doduo.os	0
LBBD_CP	wfjsp6_2.txt	1	3600	66271016	52	node3541.doduo.os	0
LBBD_CP	wfjsp5_6.txt	1	3600	66271010	46	node3502.doduo.os	0
LBBD_CP	wfjsp6_1.txt	1	3600	66271015	51	node3536.doduo.os	0
LBBD_CP	wfjsp5_8.txt	1	3600	66271012	48	node3532.doduo.os	0
LBBD_CP	wfjsp5_9.txt	1	3600	66271013	49	node3532.doduo.os	0
LBBD_CP	wfjsp6_4.txt	1	3600	66271018	54	node3541.doduo.os	0
LBBD_CP	wfjsp6_3.txt	1	3600	66271017	53	node3541.doduo.os	0
TS_2000_5_5	wfjsp10_2.txt	1	3600	66271202	92	node3541.doduo.os	0
TS_2000_5_5	wfjsp10_3.txt	1	3600	66271203	93	node3541.doduo.os	0
LBBD_CP	wfjsp6_7.txt	1	3600	66271021	57	node3501.doduo.os	0
LBBD_CP	wfjsp6_5.txt	1	3600	66271019	55	node3501.doduo.os	0
LBBD_CP	wfjsp6_6.txt	1	3600	66271020	56	node3501.doduo.os	0
LBBD_CP	wfjsp6_8.txt	1	3600	66271024	58	node3534.doduo.os	0
LBBD_CP	wfjsp6_9.txt	1	3600	66271027	59	node3534.doduo.os	0
LBBD_CP	wfjsp6_10.txt	1	3600	66271028	60	node3534.doduo.os	0
LBBD_CP	wfjsp7_1.txt	1	3600	66271029	61	node3534.doduo.os	0
LBBD_CP	wfjsp7_2.txt	1	3600	66271032	62	node3557.doduo.os	0
LBBD_CP	wfjsp7_5.txt	1	3600	66271035	65	node3557.doduo.os	0
LBBD_CP	wfjsp7_6.txt	1	3600	66271036	66	node3557.doduo.os	0
LBBD_CP	wfjsp7_4.txt	1	3600	66271034	64	node3557.doduo.os	0
LBBD_CP	wfjsp7_3.txt	1	3600	66271033	63	node3557.doduo.os	0
LBBD_CP	wfjsp8_3.txt	1	3600	66271047	73	node3536.doduo.os	0
LBBD_CP	wfjsp7_7.txt	1	3600	66271041	67	node3501.doduo.os	0
LBBD_CP	wfjsp7_10.txt	1	3600	66271044	70	node3501.doduo.os	0
LBBD_CP	wfjsp8_1.txt	1	3600	66271045	71	node3501.doduo.os	0
LBBD_CP	wfjsp8_5.txt	1	3600	66271049	75	node3536.doduo.os	0
LBBD_CP	wfjsp8_2.txt	1	3600	66271046	72	node3501.doduo.os	0
LBBD_CP	wfjsp7_8.txt	1	3600	66271042	68	node3501.doduo.os	0
LBBD_CP	wfjsp8_4.txt	1	3600	66271048	74	node3536.doduo.os	0
LBBD_CP	wfjsp7_9.txt	1	3600	66271043	69	node3501.doduo.os	0
LBBD_CP	wfjsp8_6.txt	1	3600	66271082	76	node3549.doduo.os	0
LBBD_CP	wfjsp8_7.txt	1	3600	66271098	77	node3532.doduo.os	0
LBBD_CP	wfjsp8_8.txt	1	3600	66271110	78	node3555.doduo.os	0
LBBD_CP	wfjsp8_9.txt	1	3600	66271115	79	node3532.doduo.os	0
LBBD_CP	wfjsp8_10.txt	1	3600	66271116	80	node3547.doduo.os	0
LBBD_CP	wfjsp9_1.txt	1	3600	66271125	81	node3536.doduo.os	0
LBBD_CP	wfjsp9_2.txt	1	3600	66271133	82	node3621.doduo.os	0
LBBD_CP	wfjsp9_3.txt	1	3600	66271139	83	node3534.doduo.os	0
LBBD_CP	wfjsp9_4.txt	1	3600	66271147	84	node3617.doduo.os	0
LBBD_CP	wfjsp9_5.txt	1	3600	66271159	85	node3540.doduo.os	0
LBBD_CP	wfjsp9_6.txt	1	3600	66271162	86	node3527.doduo.os	0
LBBD_CP	wfjsp9_7.txt	1	3600	66271163	87	node3540.doduo.os	0
TS_2000_5_5	wfjsp10_4.txt	1	3600	66272397	94	node3527.doduo.os	0
LBBD_CP	wfjsp9_8.txt	1	3600	66271165	88	node3559.doduo.os	0
LBBD_CP	wfjsp9_9.txt	1	3600	66271166	89	node3543.doduo.os	0
LBBD_CP	wfjsp9_10.txt	1	3600	66271167	90	node3544.doduo.os	0
TS_2000_5_5	wfjsp10_5.txt	1	3600	66272399	95	node3527.doduo.os	0
LBBD_CP	wfjsp10_1.txt	1	3600	66271169	91	node3527.doduo.os	0
TS_2000_5_5	wfjsp10_6.txt	1	3600	66272402	96	node3527.doduo.os	0
LBBD_CP	wfjsp10_2.txt	1	3600	66271171	92	node3518.doduo.os	0
LBBD_CP	wfjsp10_3.txt	1	3600	66271172	93	node3624.doduo.os	0
LBBD_CP	wfjsp10_5.txt	1	3600	66271174	95	node3624.doduo.os	0
LBBD_CP	wfjsp10_6.txt	1	3600	66271175	96	node3624.doduo.os	0
LBBD_CP	wfjsp10_4.txt	1	3600	66271173	94	node3624.doduo.os	0
TS_2000_5_5	wfjsp10_8.txt	1	3600	66272405	98	node3624.doduo.os	0
TS_2000_5_5	wfjsp10_7.txt	1	3600	66272404	97	node3624.doduo.os	0
LBBD_CP	wfjsp10_10.txt	1	3600	66271182	100	node3534.doduo.os	0
LBBD_CP	wfjsp10_7.txt	1	3600	66271179	97	node3506.doduo.os	0
LBBD_CP	wfjsp10_8.txt	1	3600	66271180	98	node3511.doduo.os	0
LBBD_CP	wfjsp11_1.txt	1	3600	66271183	101	node3542.doduo.os	0
LBBD_CP	wfjsp10_9.txt	1	3600	66271181	99	node3524.doduo.os	0
LBBD_CP	wfjsp11_2.txt	1	3600	66271185	102	node3506.doduo.os	0
LBBD_CP	wfjsp11_3.txt	1	3600	66271186	103	node3555.doduo.os	0
LBBD_CP	wfjsp11_5.txt	1	3600	66271188	105	node3555.doduo.os	0
LBBD_CP	wfjsp11_4.txt	1	3600	66271187	104	node3555.doduo.os	0
LBBD_CP	wfjsp11_9.txt	1	3600	66271193	109	node3532.doduo.os	0
LBBD_CP	wfjsp11_6.txt	1	3600	66271190	106	node3502.doduo.os	0
LBBD_CP	wfjsp11_8.txt	1	3600	66271192	108	node3506.doduo.os	0
LBBD_CP	wfjsp11_10.txt	1	3600	66271194	110	node3532.doduo.os	0
LBBD_CP	wfjsp12_1.txt	1	3600	66271195	111	node3532.doduo.os	0
LBBD_CP	wfjsp11_7.txt	1	3600	66271191	107	node3502.doduo.os	0
LBBD_CP	wfjsp12_6.txt	1	3600	66271200	116	node3536.doduo.os	0
LBBD_CP	wfjsp12_5.txt	1	3600	66271199	115	node3532.doduo.os	0
LBBD_CP	wfjsp12_2.txt	1	3600	66271196	112	node3502.doduo.os	0
LBBD_CP	wfjsp12_3.txt	1	3600	66271197	113	node3532.doduo.os	0
LBBD_CP	wfjsp12_7.txt	1	3600	66271201	117	node3536.doduo.os	0
LBBD_CP	wfjsp12_4.txt	1	3600	66271198	114	node3532.doduo.os	0
LBBD_CP	wfjsp12_8.txt	1	3600	66271204	118	node3541.doduo.os	0
LBBD_CP	wfjsp12_9.txt	1	3600	66271205	119	node3501.doduo.os	0
LBBD_CP	wfjsp12_10.txt	1	3600	66271206	120	node3501.doduo.os	0
LBBD_CP	wfjsp13_1.txt	1	3600	66271207	121	node3501.doduo.os	0
LBBD_CP	wfjsp13_2.txt	1	3600	66271208	122	node3534.doduo.os	0
LBBD_CP	wfjsp13_5.txt	1	3600	66272345	125	node3534.doduo.os	0
LBBD_CP	wfjsp13_3.txt	1	3600	66272343	123	node3534.doduo.os	0
LBBD_CP	wfjsp13_4.txt	1	3600	66272344	124	node3534.doduo.os	0
LBBD_CP	wfjsp13_7.txt	1	3600	66272347	127	node3557.doduo.os	0
LBBD_CP	wfjsp13_9.txt	1	3600	66272349	129	node3557.doduo.os	0
LBBD_CP	wfjsp13_6.txt	1	3600	66272346	126	node3557.doduo.os	0
LBBD_CP	wfjsp13_10.txt	1	3600	66272350	130	node3557.doduo.os	0
LBBD_CP	wfjsp13_8.txt	1	3600	66272348	128	node3557.doduo.os	0
TS_2000_5_5	wfjsp10_10.txt	1	3600	66272446	100	node3557.doduo.os	0
TS_2000_5_5	wfjsp10_9.txt	1	3600	66272445	99	node3557.doduo.os	0
LBBD_CP	wfjsp14_9.txt	1	3600	66272359	139	node3536.doduo.os	0
LBBD_CP	wfjsp14_2.txt	1	3600	66272352	132	node3501.doduo.os	0
LBBD_CP	wfjsp14_3.txt	1	3600	66272353	133	node3501.doduo.os	0
LBBD_CP	wfjsp14_6.txt	1	3600	66272356	136	node3501.doduo.os	0
LBBD_CP	wfjsp14_8.txt	1	3600	66272358	138	node3536.doduo.os	0
LBBD_CP	wfjsp14_7.txt	1	3600	66272357	137	node3536.doduo.os	0
LBBD_CP	wfjsp14_1.txt	1	3600	66272351	131	node3501.doduo.os	0
LBBD_CP	wfjsp14_4.txt	1	3600	66272354	134	node3501.doduo.os	0
LBBD_CP	wfjsp14_5.txt	1	3600	66272355	135	node3501.doduo.os	0
TS_2000_5_5	wfjsp11_1.txt	1	3600	66272447	101	node3557.doduo.os	0
TS_2000_5_5	wfjsp11_2.txt	1	3600	66272448	102	node3557.doduo.os	0
TS_2000_5_5	wfjsp11_3.txt	1	3600	66272449	103	node3557.doduo.os	0
TS_2000_5_5	wfjsp11_6.txt	1	3600	66272461	106	node3557.doduo.os	0
TS_2000_5_5	wfjsp11_4.txt	1	3600	66272457	104	node3557.doduo.os	0
TS_2000_5_5	wfjsp11_5.txt	1	3600	66272458	105	node3557.doduo.os	0
TS_2000_5_5	wfjsp11_7.txt	1	3600	66272462	107	node3557.doduo.os	0
TS_2000_5_5	wfjsp11_8.txt	1	3600	66272463	108	node3557.doduo.os	0
TS_2000_5_5	wfjsp11_9.txt	1	3600	66272464	109	node3557.doduo.os	0
TS_2000_5_5	wfjsp11_10.txt	1	3600	66272465	110	node3557.doduo.os	0
TS_2000_5_5	wfjsp12_1.txt	1	3600	66272466	111	node3557.doduo.os	0
TS_2000_5_5	wfjsp12_2.txt	1	3600	66272467	112	node3557.doduo.os	0
TS_2000_5_5	wfjsp12_5.txt	1	3600	66272470	115	node3557.doduo.os	0
TS_2000_5_5	wfjsp12_4.txt	1	3600	66272469	114	node3557.doduo.os	0
TS_2000_5_5	wfjsp12_3.txt	1	3600	66272468	113	node3557.doduo.os	0
TS_2000_5_5	wfjsp12_8.txt	1	3600	66272475	118	node3557.doduo.os	0
TS_2000_5_5	wfjsp12_7.txt	1	3600	66272474	117	node3557.doduo.os	0
TS_2000_5_5	wfjsp12_6.txt	1	3600	66272473	116	node3557.doduo.os	0
TS_2000_5_5	wfjsp12_10.txt	1	3600	66272477	120	node3557.doduo.os	0
TS_2000_5_5	wfjsp12_9.txt	1	3600	66272476	119	node3557.doduo.os	0
TS_2000_5_5	wfjsp13_3.txt	1	3600	66272480	123	node3557.doduo.os	0
TS_2000_5_5	wfjsp13_1.txt	1	3600	66272478	121	node3557.doduo.os	0
TS_2000_5_5	wfjsp13_4.txt	1	3600	66272481	124	node3557.doduo.os	0
TS_2000_5_5	wfjsp13_2.txt	1	3600	66272479	122	node3557.doduo.os	0
TS_2000_5_5	wfjsp13_5.txt	1	3600	66272482	125	node3557.doduo.os	0
TS_2000_5_5	wfjsp13_6.txt	1	3600	66272483	126	node3557.doduo.os	0
TS_2000_5_5	wfjsp13_7.txt	1	3600	66272484	127	node3557.doduo.os	0
TS_2000_5_5	wfjsp14_1.txt	1	3600	66272488	131	node3557.doduo.os	0
TS_2000_5_5	wfjsp13_8.txt	1	3600	66272485	128	node3557.doduo.os	0
TS_2000_5_5	wfjsp13_9.txt	1	3600	66272486	129	node3557.doduo.os	0
LBBD_CP	wfjsp14_10.txt	1	3600	66272360	140	node3549.doduo.os	0
TS_2000_5_5	wfjsp13_10.txt	1	3600	66272487	130	node3557.doduo.os	0
TS_2000_5_5	wfjsp14_2.txt	1	3600	66272489	132	node3557.doduo.os	0
TS_2000_5_5	wfjsp14_4.txt	1	3600	66272491	134	node3557.doduo.os	0
TS_2000_5_5	wfjsp14_5.txt	1	3600	66272493	135	node3557.doduo.os	0
TS_2000_5_5	wfjsp14_3.txt	1	3600	66272490	133	node3557.doduo.os	0
TS_2000_5_5	wfjsp14_6.txt	1	3600	66272494	136	node3557.doduo.os	0
TS_2000_5_5	wfjsp14_7.txt	1	3600	66272495	137	node3557.doduo.os	0
LBBD_CP	wfjsp15_1.txt	1	3600	66272361	141	node3532.doduo.os	0
TS_2000_5_5	wfjsp14_9.txt	1	3600	66272497	139	node3557.doduo.os	0
TS_2000_5_5	wfjsp14_10.txt	1	3600	66272498	140	node3557.doduo.os	0
TS_2000_5_5	wfjsp14_8.txt	1	3600	66272496	138	node3557.doduo.os	0
LBBD_CP	wfjsp15_2.txt	1	3600	66272362	142	node3555.doduo.os	0
LBBD_CP	wfjsp15_3.txt	1	3600	66272363	143	node3532.doduo.os	0
LBBD_CP	wfjsp15_4.txt	1	3600	66272364	144	node3547.doduo.os	0
TS_2000_5_5	wfjsp15_1.txt	1	3600	66272499	141	node3557.doduo.os	0
TS_2000_5_5	wfjsp15_2.txt	1	3600	66272500	142	node3557.doduo.os	0
LBBD_CP	wfjsp15_5.txt	1	3600	66272365	145	node3536.doduo.os	0
TS_2000_5_5	wfjsp15_4.txt	1	3600	66272504	144	node3557.doduo.os	0
TS_2000_5_5	wfjsp15_3.txt	1	3600	66272503	143	node3557.doduo.os	0
TS_2000_5_5	wfjsp15_5.txt	1	3600	66272505	145	node3557.doduo.os	0
LBBD_CP	wfjsp15_6.txt	1	3600	66272367	146	node3621.doduo.os	0
LBBD_CP	wfjsp15_7.txt	1	3600	66272368	147	node3534.doduo.os	0
TS_2000_5_5	wfjsp15_6.txt	1	3600	66272508	146	node3557.doduo.os	0
TS_2000_5_5	wfjsp15_7.txt	1	3600	66272510	147	node3557.doduo.os	0
TS_2000_5_5	wfjsp15_8.txt	1	3600	66272513	148	node3557.doduo.os	0
TS_2000_5_5	wfjsp15_9.txt	1	3600	66272514	149	node3557.doduo.os	0
TS_2000_5_5	wfjsp15_10.txt	1	3600	66272515	150	node3557.doduo.os	0
TS_2000_5_5	wfjsp16_1.txt	1	3600	66272518	151	node3557.doduo.os	0
LBBD_CP	wfjsp15_8.txt	1	3600	66272370	148	node3617.doduo.os	0
TS_2000_5_5	wfjsp16_3.txt	1	3600	66272520	153	node3557.doduo.os	0
TS_2000_5_5	wfjsp16_4.txt	1	3600	66272521	154	node3557.doduo.os	0
TS_2000_5_5	wfjsp16_2.txt	1	3600	66272519	152	node3557.doduo.os	0
TS_2000_5_5	wfjsp16_5.txt	1	3600	66272522	155	node3557.doduo.os	0
TS_2000_5_5	wfjsp16_9.txt	1	3600	66272528	159	node3557.doduo.os	0
TS_2000_5_5	wfjsp16_8.txt	1	3600	66272527	158	node3557.doduo.os	0
TS_2000_5_5	wfjsp16_6.txt	1	3600	66272523	156	node3557.doduo.os	0
TS_2000_5_5	wfjsp16_7.txt	1	3600	66272525	157	node3557.doduo.os	0
TS_2000_5_5	wfjsp16_10.txt	1	3600	66272529	160	node3557.doduo.os	0
LBBD_CP	wfjsp15_9.txt	1	3600	66272395	149	node3540.doduo.os	0
LBBD_CP	wfjsp15_10.txt	1	3600	66272396	150	node3540.doduo.os	0
LBBD_CP	wfjsp16_1.txt	1	3600	66272398	151	node3559.doduo.os	0
LBBD_CP	wfjsp16_2.txt	1	3600	66272400	152	node3543.doduo.os	0
LBBD_CP	wfjsp16_3.txt	1	3600	66272401	153	node3544.doduo.os	0
LBBD_CP	wfjsp16_4.txt	1	3600	66272403	154	node3518.doduo.os	0
LBBD_CP	wfjsp16_8.txt	1	3600	66272409	158	node3527.doduo.os	0
LBBD_CP	wfjsp16_5.txt	1	3600	66272406	155	node3514.doduo.os	0
LBBD_CP	wfjsp16_7.txt	1	3600	66272408	157	node3527.doduo.os	0
LBBD_CP	wfjsp16_6.txt	1	3600	66272407	156	node3514.doduo.os	0
LBBD_CP	wfjsp17_2.txt	1	3600	66272413	162	node3534.doduo.os	0
LBBD_CP	wfjsp16_9.txt	1	3600	66272410	159	node3506.doduo.os	0
LBBD_CP	wfjsp17_3.txt	1	3600	66272414	163	node3542.doduo.os	0
LBBD_CP	wfjsp16_10.txt	1	3600	66272411	160	node3511.doduo.os	0
LBBD_CP	wfjsp17_1.txt	1	3600	66272412	161	node3524.doduo.os	0
LBBD_CP	wfjsp17_4.txt	1	3600	66272415	164	node3506.doduo.os	0
LBBD_CP	wfjsp17_5.txt	1	3600	66272416	165	node3555.doduo.os	0
LBBD_CP	wfjsp17_6.txt	1	3600	66272417	166	node3555.doduo.os	0
LBBD_CP	wfjsp17_9.txt	1	3600	66272420	169	node3532.doduo.os	0
LBBD_CP	wfjsp17_7.txt	1	3600	66272418	167	node3502.doduo.os	0
LBBD_CP	wfjsp17_8.txt	1	3600	66272419	168	node3506.doduo.os	0
LBBD_CP	wfjsp17_10.txt	1	3600	66272421	170	node3555.doduo.os	0
TS_2000_5_5	wfjsp17_1.txt	1	3600	66272556	161	node3541.doduo.os	0
TS_2000_5_5	wfjsp17_3.txt	1	3600	66272558	163	node3541.doduo.os	0
TS_2000_5_5	wfjsp17_2.txt	1	3600	66272557	162	node3541.doduo.os	0
LBBD_CP	wfjsp18_3.txt	1	3600	66272424	173	node3532.doduo.os	0
LBBD_CP	wfjsp18_6.txt	1	3600	66272427	176	node3536.doduo.os	0
LBBD_CP	wfjsp18_1.txt	1	3600	66272422	171	node3502.doduo.os	0
LBBD_CP	wfjsp18_2.txt	1	3600	66272423	172	node3502.doduo.os	0
LBBD_CP	wfjsp18_5.txt	1	3600	66272426	175	node3532.doduo.os	0
LBBD_CP	wfjsp18_4.txt	1	3600	66272425	174	node3532.doduo.os	0
LBBD_CP	wfjsp18_9.txt	1	3600	66272431	179	node3536.doduo.os	0
LBBD_CP	wfjsp18_8.txt	1	3600	66272430	178	node3532.doduo.os	0
LBBD_CP	wfjsp18_10.txt	1	3600	66272432	180	node3563.doduo.os	0
LBBD_CP	wfjsp19_2.txt	1	3600	66272434	182	node3627.doduo.os	0
LBBD_CP	wfjsp19_1.txt	1	3600	66272433	181	node3619.doduo.os	0
TS_2000_5_5	wfjsp17_4.txt	1	3600	66272569	164	node3541.doduo.os	0
TS_2000_5_5	wfjsp17_5.txt	1	3600	66272570	165	node3541.doduo.os	0
LBBD_CP	wfjsp18_7.txt	1	3600	66272429	177	node3532.doduo.os	0
LBBD_CP	wfjsp19_3.txt	1	3600	66272435	183	node3541.doduo.os	0
TS_2000_5_5	wfjsp17_6.txt	1	3600	66272577	166	node3541.doduo.os	0
TS_2000_5_5	wfjsp17_8.txt	1	3600	66272585	168	node3541.doduo.os	0
LBBD_CP	wfjsp19_5.txt	1	3600	66272437	185	node3501.doduo.os	0
TS_2000_5_5	wfjsp17_7.txt	1	3600	66272584	167	node3541.doduo.os	0
LBBD_CP	wfjsp19_4.txt	1	3600	66272436	184	node3501.doduo.os	0
LBBD_CP	wfjsp19_6.txt	1	3600	66272438	186	node3501.doduo.os	0
TS_2000_5_5	wfjsp17_9.txt	1	3600	66272586	169	node3541.doduo.os	0
TS_2000_5_5	wfjsp17_10.txt	1	3600	66272589	170	node3541.doduo.os	0
TS_2000_5_5	wfjsp18_1.txt	1	3600	66272590	171	node3541.doduo.os	0
TS_2000_5_5	wfjsp18_2.txt	1	3600	66272591	172	node3541.doduo.os	0
TS_2000_5_5	wfjsp18_3.txt	1	3600	66272592	173	node3541.doduo.os	0
TS_2000_5_5	wfjsp18_5.txt	1	3600	66272594	175	node3541.doduo.os	0
TS_2000_5_5	wfjsp18_6.txt	1	3600	66272595	176	node3541.doduo.os	0
LBBD_CP	wfjsp19_7.txt	1	3600	66272439	187	node3534.doduo.os	0
TS_2000_5_5	wfjsp18_4.txt	1	3600	66272593	174	node3541.doduo.os	0
CP_LBBD_CP	wfjsp1_1.txt	1	3600	66272598	1	node3534.doduo.os	0
TS_2000_5_5	wfjsp18_8.txt	1	3600	66272597	178	node3541.doduo.os	0
TS_2000_5_5	wfjsp18_7.txt	1	3600	66272596	177	node3541.doduo.os	0
TS_2000_5_5	wfjsp18_9.txt	1	3600	66272599	179	node3541.doduo.os	0
CP_LBBD_CP	wfjsp1_2.txt	1	3600	66272601	2	node3534.doduo.os	0
TS_2000_5_5	wfjsp18_10.txt	1	3600	66272600	180	node3541.doduo.os	0
CP_LBBD_CP	wfjsp1_3.txt	1	3600	66272603	3	node3534.doduo.os	0
CP_LBBD_CP	wfjsp1_4.txt	1	3600	66272604	4	node3618.doduo.os	0
LBBD_CP	wfjsp19_8.txt	1	3600	66272441	188	node3534.doduo.os	0
LBBD_CP	wfjsp19_10.txt	1	3600	66272443	190	node3534.doduo.os	0
LBBD_CP	wfjsp19_9.txt	1	3600	66272442	189	node3534.doduo.os	0
LBBD_CP	Mk05.txt	1	3600	66272566	245	node3506.doduo.os	0
TS_2000_5_5	wfjsp19_1.txt	1	3600	66272602	181	node3541.doduo.os	0
CP_LBBD_CP	wfjsp1_5.txt	1	3600	66272608	5	node3506.doduo.os	0
CP_LBBD_CP	wfjsp1_6.txt	1	3600	66272609	6	node3534.doduo.os	0
CP_LBBD_CP	wfjsp1_8.txt	1	3600	66272611	8	node3534.doduo.os	0
CP_LBBD_CP	wfjsp1_7.txt	1	3600	66272610	7	node3534.doduo.os	0
CP_LBBD_CP	wfjsp1_9.txt	1	3600	66272612	9	node3534.doduo.os	0
CP_LBBD_CP	wfjsp1_10.txt	1	3600	66272613	10	node3618.doduo.os	0
CP_LBBD_CP	wfjsp2_5.txt	1	3600	66272618	15	node3534.doduo.os	0
TS_2000_5_5	wfjsp19_2.txt	1	3600	66272605	182	node3541.doduo.os	0
TS_2000_5_5	wfjsp19_3.txt	1	3600	66272606	183	node3541.doduo.os	0
CP_LBBD_CP	wfjsp2_3.txt	1	3600	66272616	13	node3534.doduo.os	0
CP_LBBD_CP	wfjsp2_2.txt	1	3600	66272615	12	node3534.doduo.os	0
TS_2000_5_5	wfjsp19_4.txt	1	3600	66272607	184	node3541.doduo.os	0
CP_LBBD_CP	wfjsp2_1.txt	1	3600	66272614	11	node3506.doduo.os	0
CP_LBBD_CP	wfjsp2_4.txt	1	3600	66272617	14	node3534.doduo.os	0
TS_2000_5_5	wfjsp19_5.txt	1	3600	66272620	185	node3541.doduo.os	0
TS_2000_5_5	wfjsp19_6.txt	1	3600	66272622	186	node3541.doduo.os	0
CP_LBBD_CP	wfjsp2_9.txt	1	3600	66272625	19	node3534.doduo.os	0
TS_2000_5_5	wfjsp19_7.txt	1	3600	66272623	187	node3541.doduo.os	0
TS_2000_5_5	wfjsp19_8.txt	1	3600	66272627	188	node3541.doduo.os	0
CP_LBBD_CP	wfjsp2_8.txt	1	3600	66272624	18	node3506.doduo.os	0
TS_2000_5_5	wfjsp19_10.txt	1	3600	66272630	190	node3541.doduo.os	0
CP_LBBD_CP	wfjsp2_6.txt	1	3600	66272619	16	node3618.doduo.os	0
TS_2000_5_5	wfjsp19_9.txt	1	3600	66272629	189	node3541.doduo.os	0
CP_LBBD_CP	wfjsp3_3.txt	1	3600	66272632	23	node3506.doduo.os	0
CP_LBBD_CP	wfjsp3_1.txt	1	3600	66272628	21	node3534.doduo.os	0
CP_LBBD_CP	wfjsp3_5.txt	1	3600	66272637	25	node3506.doduo.os	0
LBBD_CP	wfjsp20_1.txt	1	3600	66272450	191	node3501.doduo.os	0
LBBD_CP	wfjsp20_6.txt	1	3600	66272455	196	node3536.doduo.os	0
LBBD_CP	wfjsp20_3.txt	1	3600	66272452	193	node3501.doduo.os	0
LBBD_CP	wfjsp20_7.txt	1	3600	66272456	197	node3536.doduo.os	0
LBBD_CP	wfjsp20_2.txt	1	3600	66272451	192	node3501.doduo.os	0
LBBD_CP	wfjsp20_5.txt	1	3600	66272454	195	node3536.doduo.os	0
LBBD_CP	wfjsp20_4.txt	1	3600	66272453	194	node3501.doduo.os	0
LBBD_CP	wfjsp20_8.txt	1	3600	66272459	198	node3501.doduo.os	0
CP_LBBD_CP	wfjsp3_7.txt	1	3600	66272640	27	node3501.doduo.os	0
CP_LBBD_CP	wfjsp3_9.txt	1	3600	66272642	29	node3501.doduo.os	0
CP_LBBD_CP	wfjsp2_7.txt	1	3600	66272621	17	node3534.doduo.os	0
LBBD_CP	wfjsp20_9.txt	1	3600	66272460	199	node3501.doduo.os	0
CP_LBBD_CP	wfjsp3_4.txt	1	3600	66272633	24	node3618.doduo.os	0
TS_2000_5_5	wfjsp20_2.txt	1	3600	66272635	192	node3541.doduo.os	0
TS_2000_5_5	wfjsp20_1.txt	1	3600	66272634	191	node3541.doduo.os	0
CP_LBBD_CP	wfjsp3_10.txt	1	3600	66272643	30	node3501.doduo.os	0
CP_LBBD_CP	wfjsp4_5.txt	1	3600	66272648	35	node3501.doduo.os	0
TS_2000_5_5	wfjsp20_3.txt	1	3600	66272636	193	node3541.doduo.os	0
TS_2000_5_5	wfjsp20_4.txt	1	3600	66272639	194	node3541.doduo.os	0
CP_LBBD_CP	wfjsp4_9.txt	1	3600	66272652	39	node3534.doduo.os	0
CP_LBBD_CP	wfjsp4_10.txt	1	3600	66272653	40	node3537.doduo.os	0
CP_LBBD_CP	wfjsp3_2.txt	1	3600	66272631	22	node3534.doduo.os	0
TS_2000_5_5	wfjsp20_5.txt	1	3600	66272661	195	node3541.doduo.os	0
TS_2000_5_5	wfjsp20_6.txt	1	3600	66272662	196	node3541.doduo.os	0
TS_2000_5_5	wfjsp20_8.txt	1	3600	66272664	198	node3541.doduo.os	0
CP_LBBD_CP	wfjsp3_8.txt	1	3600	66272641	28	node3501.doduo.os	0
LBBD_CP	wfjsp21_1.txt	1	3600	66272472	201	node3514.doduo.os	0
LBBD_CP	wfjsp20_10.txt	1	3600	66272471	200	node3514.doduo.os	0
TS_2000_5_5	wfjsp20_7.txt	1	3600	66272663	197	node3541.doduo.os	0
TS_2000_5_5	wfjsp20_10.txt	1	3600	66272669	200	node3541.doduo.os	0
TS_2000_5_5	wfjsp20_9.txt	1	3600	66272668	199	node3541.doduo.os	0
TS_2000_5_5	wfjsp21_1.txt	1	3600	66272670	201	node3541.doduo.os	0
TS_2000_5_5	wfjsp21_2.txt	1	3600	66272674	202	node3541.doduo.os	0
TS_2000_5_5	wfjsp21_3.txt	1	3600	66272675	203	node3541.doduo.os	0
CP_LBBD_CP	wfjsp4_3.txt	1	3600	66272646	33	node3536.doduo.os	0
CP_LBBD_CP	wfjsp4_7.txt	1	3600	66272650	37	node3501.doduo.os	0
TS_2000_5_5	wfjsp21_4.txt	1	3600	66272680	204	node3541.doduo.os	0
LBBD_CP	Mk08.txt	1	3600	66272571	248	node3502.doduo.os	0
TS_2000_5_5	wfjsp21_6.txt	1	3600	66272682	206	node3541.doduo.os	0
TS_2000_5_5	wfjsp21_5.txt	1	3600	66272681	205	node3541.doduo.os	0
TS_2000_5_5	wfjsp21_7.txt	1	3600	66272684	207	node3541.doduo.os	0
TS_2000_5_5	wfjsp21_8.txt	1	3600	66272686	208	node3541.doduo.os	0
TS_2000_5_5	wfjsp21_9.txt	1	3600	66272688	209	node3541.doduo.os	0
TS_2000_5_5	wfjsp22_1.txt	1	3600	66272690	211	node3541.doduo.os	0
LBBD_CP	wfjsp21_2.txt	1	3600	66272492	202	node3549.doduo.os	0
TS_2000_5_5	wfjsp21_10.txt	1	3600	66272689	210	node3541.doduo.os	0
TS_2000_5_5	wfjsp22_2.txt	1	3600	66272693	212	node3541.doduo.os	0
TS_2000_5_5	wfjsp22_3.txt	1	3600	66272694	213	node3541.doduo.os	0
TS_2000_5_5	wfjsp22_4.txt	1	3600	66272697	214	node3541.doduo.os	0
TS_2000_5_5	wfjsp22_5.txt	1	3600	66272698	215	node3541.doduo.os	0
TS_2000_5_5	wfjsp22_6.txt	1	3600	66272699	216	node3541.doduo.os	0
LBBD_CP	wfjsp21_3.txt	1	3600	66272501	203	node3532.doduo.os	0
TS_2000_5_5	wfjsp22_8.txt	1	3600	66272701	218	node3541.doduo.os	0
TS_2000_5_5	wfjsp22_7.txt	1	3600	66272700	217	node3541.doduo.os	0
TS_2000_5_5	wfjsp22_9.txt	1	3600	66272702	219	node3541.doduo.os	0
TS_2000_5_5	wfjsp22_10.txt	1	3600	66272703	220	node3541.doduo.os	0
LBBD_CP	wfjsp21_4.txt	1	3600	66272506	204	node3532.doduo.os	0
LBBD_CP	wfjsp21_5.txt	1	3600	66272507	205	node3547.doduo.os	0
LBBD_CP	wfjsp21_6.txt	1	3600	66272509	206	node3555.doduo.os	0
LBBD_CP	wfjsp21_7.txt	1	3600	66272511	207	node3514.doduo.os	0
TS_2000_5_5	wfjsp23_1.txt	1	3600	66272705	221	node3541.doduo.os	0
LBBD_CP	wfjsp21_8.txt	1	3600	66272512	208	node3536.doduo.os	0
TS_2000_5_5	wfjsp23_2.txt	1	3600	66272706	222	node3541.doduo.os	0
TS_2000_5_5	wfjsp23_3.txt	1	3600	66272707	223	node3541.doduo.os	0
TS_2000_5_5	wfjsp23_4.txt	1	3600	66272708	224	node3541.doduo.os	0
CP_LBBD_CP	wfjsp4_1.txt	1	3600	66272644	31	node3506.doduo.os	0
LBBD_CP	wfjsp21_9.txt	1	3600	66272516	209	node3621.doduo.os	0
LBBD_CP	wfjsp21_10.txt	1	3600	66272517	210	node3534.doduo.os	0
TS_2000_5_5	wfjsp23_5.txt	1	3600	66272713	225	node3541.doduo.os	0
CP_LBBD_CP	wfjsp5_10.txt	1	3600	66272667	50	node3534.doduo.os	0
TS_2000_5_5	wfjsp23_6.txt	1	3600	66272719	226	node3541.doduo.os	0
TS_2000_5_5	wfjsp23_7.txt	1	3600	66272720	227	node3541.doduo.os	0
TS_2000_5_5	wfjsp23_8.txt	1	3600	66272721	228	node3541.doduo.os	0
CP_LBBD_CP	wfjsp2_10.txt	1	3600	66272626	20	node3534.doduo.os	0
LBBD_CP	wfjsp22_1.txt	1	3600	66272524	211	node3617.doduo.os	0
TS_2000_5_5	wfjsp24_1.txt	1	3600	66272745	231	node3541.doduo.os	0
TS_2000_5_5	wfjsp24_2.txt	1	3600	66272746	232	node3541.doduo.os	0
TS_2000_5_5	wfjsp23_9.txt	1	3600	66272729	229	node3541.doduo.os	0
TS_2000_5_5	wfjsp24_3.txt	1	3600	66272748	233	node3541.doduo.os	0
TS_2000_5_5	wfjsp23_10.txt	1	3600	66272744	230	node3541.doduo.os	0
LBBD_CP	wfjsp22_2.txt	1	3600	66272530	212	node3540.doduo.os	0
LBBD_CP	wfjsp22_5.txt	1	3600	66272533	215	node3541.doduo.os	0
LBBD_CP	wfjsp22_4.txt	1	3600	66272532	214	node3540.doduo.os	0
LBBD_CP	wfjsp22_7.txt	1	3600	66272535	217	node3561.doduo.os	0
LBBD_CP	wfjsp22_6.txt	1	3600	66272534	216	node3542.doduo.os	0
LBBD_CP	wfjsp22_9.txt	1	3600	66272537	219	node3601.doduo.os	0
LBBD_CP	wfjsp22_3.txt	1	3600	66272531	213	node3520.doduo.os	0
LBBD_CP	wfjsp22_8.txt	1	3600	66272536	218	node3562.doduo.os	0
LBBD_CP	wfjsp22_10.txt	1	3600	66272538	220	node3620.doduo.os	0
LBBD_CP	wfjsp23_1.txt	1	3600	66272539	221	node3559.doduo.os	0
LBBD_CP	wfjsp23_3.txt	1	3600	66272541	223	node3544.doduo.os	0
LBBD_CP	wfjsp23_2.txt	1	3600	66272540	222	node3543.doduo.os	0
LBBD_CP	wfjsp23_4.txt	1	3600	66272542	224	node3518.doduo.os	0
LBBD_CP	wfjsp23_5.txt	1	3600	66272543	225	node3514.doduo.os	0
LBBD_CP	wfjsp23_7.txt	1	3600	66272545	227	node3527.doduo.os	0
LBBD_CP	wfjsp23_8.txt	1	3600	66272546	228	node3527.doduo.os	0
LBBD_CP	wfjsp23_6.txt	1	3600	66272544	226	node3514.doduo.os	0
LBBD_CP	wfjsp24_5.txt	1	3600	66272553	235	node3534.doduo.os	0
LBBD_CP	wfjsp24_6.txt	1	3600	66272554	236	node3542.doduo.os	0
LBBD_CP	wfjsp23_9.txt	1	3600	66272547	229	node3506.doduo.os	0
LBBD_CP	wfjsp23_10.txt	1	3600	66272548	230	node3511.doduo.os	0
LBBD_CP	wfjsp24_2.txt	1	3600	66272550	232	node3525.doduo.os	0
LBBD_CP	wfjsp24_1.txt	1	3600	66272549	231	node3524.doduo.os	0
LBBD_CP	wfjsp24_3.txt	1	3600	66272551	233	node3525.doduo.os	0
LBBD_CP	wfjsp24_4.txt	1	3600	66272552	234	node3525.doduo.os	0
LBBD_CP	wfjsp24_7.txt	1	3600	66272555	237	node3506.doduo.os	0
LBBD_CP	wfjsp24_8.txt	1	3600	66272559	238	node3555.doduo.os	0
LBBD_CP	Mk03.txt	1	3600	66272564	243	node3625.doduo.os	0
LBBD_CP	Mk02.txt	1	3600	66272563	242	node3619.doduo.os	0
LBBD_CP	Mk01.txt	1	3600	66272562	241	node3560.doduo.os	0
LBBD_CP	wfjsp24_10.txt	1	3600	66272561	240	node3556.doduo.os	0
LBBD_CP	wfjsp24_9.txt	1	3600	66272560	239	node3555.doduo.os	0
LBBD_CP	Mk06.txt	1	3600	66272567	246	node3532.doduo.os	0
LBBD_CP	Mk04.txt	1	3600	66272565	244	node3502.doduo.os	0
LBBD_CP	Mk07.txt	1	3600	66272568	247	node3555.doduo.os	0
LBBD_CP	Dauzere_01a.txt	1	3600	66272574	251	node3532.doduo.os	0
LBBD_CP	Mk09.txt	1	3600	66272572	249	node3502.doduo.os	0
LBBD_CP	Dauzere_03a.txt	1	3600	66272576	253	node3536.doduo.os	0
LBBD_CP	Dauzere_02a.txt	1	3600	66272575	252	node3532.doduo.os	0
LBBD_CP	Mk10.txt	1	3600	66272573	250	node3532.doduo.os	0
LBBD_CP	Dauzere_06a.txt	1	3600	66272580	256	node3536.doduo.os	0
LBBD_CP	Dauzere_04a.txt	1	3600	66272578	254	node3532.doduo.os	0
LBBD_CP	Dauzere_09a.txt	1	3600	66272583	259	node3627.doduo.os	0
LBBD_CP	Dauzere_07a.txt	1	3600	66272581	257	node3563.doduo.os	0
LBBD_CP	Dauzere_08a.txt	1	3600	66272582	258	node3619.doduo.os	0
LBBD_CP	Dauzere_05a.txt	1	3600	66272579	255	node3532.doduo.os	0
LBBD_CP	Dauzere_10a.txt	1	3600	66272587	260	node3501.doduo.os	0
LBBD_CP	Dauzere_11a.txt	1	3600	66272588	261	node3501.doduo.os	0
LBBD_CP	Dauzere_12a.txt	1	3600	66270469	262	node3501.doduo.os	0
CP_LBBD_CP	wfjsp3_6.txt	1	3600	66272638	26	node3534.doduo.os	0
CP_LBBD_CP	wfjsp4_2.txt	1	3600	66272645	32	node3536.doduo.os	0
CP_LBBD_CP	wfjsp4_4.txt	1	3600	66272647	34	node3536.doduo.os	0
CP_LBBD_CP	wfjsp5_2.txt	1	3600	66272655	42	node3561.doduo.os	0
CP_LBBD_CP	wfjsp5_4.txt	1	3600	66272657	44	node3608.doduo.os	0
CP_LBBD_CP	wfjsp5_3.txt	1	3600	66272656	43	node3562.doduo.os	0
CP_LBBD_CP	wfjsp5_5.txt	1	3600	66272658	45	node3618.doduo.os	0
CP_LBBD_CP	wfjsp5_1.txt	1	3600	66272654	41	node3546.doduo.os	0
CP_LBBD_CP	wfjsp4_6.txt	1	3600	66272649	36	node3501.doduo.os	0
CP_LBBD_CP	wfjsp4_8.txt	1	3600	66272651	38	node3501.doduo.os	0
CP_LBBD_CP	wfjsp5_7.txt	1	3600	66272660	47	node3501.doduo.os	0
CP_LBBD_CP	wfjsp5_6.txt	1	3600	66272659	46	node3501.doduo.os	0
TS_2000_5_5	wfjsp24_4.txt	1	3600	66272831	234	node3546.doduo.os	0
CP_LBBD_CP	wfjsp5_9.txt	1	3600	66272666	49	node3537.doduo.os	0
CP_LBBD_CP	wfjsp5_8.txt	1	3600	66272665	48	node3534.doduo.os	0
CP_LBBD_CP	wfjsp6_3.txt	1	3600	66272673	53	node3514.doduo.os	0
CP_LBBD_CP	wfjsp6_1.txt	1	3600	66272671	51	node3501.doduo.os	0
CP_LBBD_CP	wfjsp6_2.txt	1	3600	66272672	52	node3514.doduo.os	0
CP_LBBD_CP	wfjsp6_5.txt	1	3600	66272677	55	node3524.doduo.os	0
CP_LBBD_CP	wfjsp6_4.txt	1	3600	66272676	54	node3524.doduo.os	0
CP_LBBD_CP	wfjsp6_6.txt	1	3600	66272678	56	node3524.doduo.os	0
CP_LBBD_CP	wfjsp6_7.txt	1	3600	66272679	57	node3524.doduo.os	0
CP_LBBD_CP	wfjsp6_8.txt	1	3600	66272683	58	node3536.doduo.os	0
CP_LBBD_CP	wfjsp6_9.txt	1	3600	66272685	59	node3501.doduo.os	0
CP_LBBD_CP	wfjsp6_10.txt	1	3600	66272687	60	node3502.doduo.os	0
CP_LBBD_CP	wfjsp7_1.txt	1	3600	66272695	61	node3514.doduo.os	0
CP_LBBD_CP	wfjsp7_2.txt	1	3600	66272696	62	node3549.doduo.os	0
CP_LBBD_CP	wfjsp7_3.txt	1	3600	66272704	63	node3532.doduo.os	0
CP_LBBD_CP	wfjsp7_4.txt	1	3600	66272709	64	node3532.doduo.os	0
CP_LBBD_CP	wfjsp7_5.txt	1	3600	66272710	65	node3547.doduo.os	0
CP_LBBD_CP	wfjsp7_6.txt	1	3600	66272711	66	node3555.doduo.os	0
CP_LBBD_CP	wfjsp7_7.txt	1	3600	66272712	67	node3514.doduo.os	0
CP_LBBD_CP	wfjsp7_8.txt	1	3600	66272714	68	node3536.doduo.os	0
CP_LBBD_CP	wfjsp7_9.txt	1	3600	66272715	69	node3601.doduo.os	0
CP_LBBD_CP	wfjsp8_2.txt	1	3600	66272718	72	node3601.doduo.os	0
CP_LBBD_CP	wfjsp8_1.txt	1	3600	66272717	71	node3601.doduo.os	0
CP_LBBD_CP	wfjsp7_10.txt	1	3600	66272716	70	node3601.doduo.os	0
CP_LBBD_CP	wfjsp8_4.txt	1	3600	66272723	74	node3621.doduo.os	0
CP_LBBD_CP	wfjsp8_3.txt	1	3600	66272722	73	node3506.doduo.os	0
CP_LBBD_CP	wfjsp8_5.txt	1	3600	66272724	75	node3534.doduo.os	0
CP_LBBD_CP	wfjsp8_7.txt	1	3600	66272726	77	node3557.doduo.os	0
CP_LBBD_CP	wfjsp8_6.txt	1	3600	66272725	76	node3542.doduo.os	0
CP_LBBD_CP	wfjsp8_9.txt	1	3600	66272728	79	node3618.doduo.os	0
CP_LBBD_CP	wfjsp8_8.txt	1	3600	66272727	78	node3615.doduo.os	0
CP_LBBD_CP	wfjsp9_7.txt	1	3600	66272737	87	node3556.doduo.os	0
CP_LBBD_CP	wfjsp9_2.txt	1	3600	66272732	82	node3537.doduo.os	0
CP_LBBD_CP	wfjsp9_4.txt	1	3600	66272734	84	node3542.doduo.os	0
CP_LBBD_CP	wfjsp8_10.txt	1	3600	66272730	80	node3534.doduo.os	0
CP_LBBD_CP	wfjsp9_5.txt	1	3600	66272735	85	node3546.doduo.os	0
CP_LBBD_CP	wfjsp9_9.txt	1	3600	66272739	89	node3561.doduo.os	0
CP_LBBD_CP	wfjsp10_2.txt	1	3600	66272742	92	node3618.doduo.os	0
CP_LBBD_CP	wfjsp10_3.txt	1	3600	66272743	93	node3619.doduo.os	0
CP_LBBD_CP	wfjsp10_1.txt	1	3600	66272741	91	node3615.doduo.os	0
CP_LBBD_CP	wfjsp9_8.txt	1	3600	66272738	88	node3558.doduo.os	0
CP_LBBD_CP	wfjsp9_1.txt	1	3600	66272731	81	node3535.doduo.os	0
CP_LBBD_CP	wfjsp9_6.txt	1	3600	66272736	86	node3547.doduo.os	0
CP_LBBD_CP	wfjsp9_3.txt	1	3600	66272733	83	node3539.doduo.os	0
CP_LBBD_CP	wfjsp9_10.txt	1	3600	66272740	90	node3608.doduo.os	0
CP_LBBD_CP	wfjsp10_4.txt	1	3600	66272747	94	node3534.doduo.os	0
CP_LBBD_CP	wfjsp10_5.txt	1	3600	66272749	95	node3529.doduo.os	0
CP_LBBD_CP	wfjsp11_6.txt	1	3600	66272760	106	node3617.doduo.os	0
CP_LBBD_CP	wfjsp10_6.txt	1	3600	66272750	96	node3529.doduo.os	0
CP_LBBD_CP	wfjsp10_9.txt	1	3600	66272753	99	node3529.doduo.os	0
CP_LBBD_CP	wfjsp11_3.txt	1	3600	66272757	103	node3529.doduo.os	0
CP_LBBD_CP	wfjsp10_7.txt	1	3600	66272751	97	node3529.doduo.os	0
CP_LBBD_CP	wfjsp11_1.txt	1	3600	66272755	101	node3529.doduo.os	0
CP_LBBD_CP	wfjsp11_4.txt	1	3600	66272758	104	node3529.doduo.os	0
CP_LBBD_CP	wfjsp10_10.txt	1	3600	66272754	100	node3529.doduo.os	0
CP_LBBD_CP	wfjsp10_8.txt	1	3600	66272752	98	node3529.doduo.os	0
CP_LBBD_CP	wfjsp11_2.txt	1	3600	66272756	102	node3529.doduo.os	0
CP_LBBD_CP	wfjsp11_5.txt	1	3600	66272759	105	node3529.doduo.os	0
CP_LBBD_CP	wfjsp11_7.txt	1	3600	66272762	107	node3540.doduo.os	0
CP_LBBD_CP	wfjsp11_10.txt	1	3600	66272765	110	node3542.doduo.os	0
CP_LBBD_CP	wfjsp12_3.txt	1	3600	66272768	113	node3601.doduo.os	0
CP_LBBD_CP	wfjsp11_9.txt	1	3600	66272764	109	node3540.doduo.os	0
CP_LBBD_CP	wfjsp11_8.txt	1	3600	66272763	108	node3520.doduo.os	0
CP_LBBD_CP	wfjsp12_2.txt	1	3600	66272767	112	node3562.doduo.os	0
CP_LBBD_CP	wfjsp12_4.txt	1	3600	66272769	114	node3620.doduo.os	0
CP_LBBD_CP	wfjsp12_1.txt	1	3600	66272766	111	node3561.doduo.os	0
LBBD_CP_TS	wfjsp1_5.txt	1	3600	66272929	5	node3601.doduo.os	0
CP_LBBD_CP	wfjsp12_5.txt	1	3600	66272770	115	node3559.doduo.os	0
CP_LBBD_CP	wfjsp12_6.txt	1	3600	66272771	116	node3543.doduo.os	0
CP_LBBD_CP	wfjsp12_7.txt	1	3600	66272772	117	node3544.doduo.os	0
LBBD_CP_TS	wfjsp1_8.txt	1	3600	66272932	8	node3601.doduo.os	0
LBBD_CP_TS	wfjsp1_10.txt	1	3600	66272934	10	node3544.doduo.os	0
LBBD_CP_TS	wfjsp1_3.txt	1	3600	66272927	3	node3561.doduo.os	0
LBBD_CP_TS	wfjsp1_9.txt	1	3600	66272933	9	node3543.doduo.os	0
LBBD_CP_TS	wfjsp2_2.txt	1	3600	66272936	12	node3544.doduo.os	0
LBBD_CP_TS	wfjsp2_5.txt	1	3600	66272939	15	node3544.doduo.os	0
CP_LBBD_CP	wfjsp12_8.txt	1	3600	66272774	118	node3518.doduo.os	0
LBBD_CP_TS	wfjsp2_1.txt	1	3600	66272935	11	node3601.doduo.os	0
LBBD_CP_TS	wfjsp1_2.txt	1	3600	66272926	2	node3542.doduo.os	0
LBBD_CP_TS	wfjsp2_4.txt	1	3600	66272938	14	node3543.doduo.os	0
LBBD_CP_TS	wfjsp2_6.txt	1	3600	66272940	16	node3518.doduo.os	0
LBBD_CP_TS	wfjsp1_7.txt	1	3600	66272931	7	node3559.doduo.os	0
LBBD_CP_TS	wfjsp2_10.txt	1	3600	66272944	20	node3518.doduo.os	0
LBBD_CP_TS	wfjsp2_8.txt	1	3600	66272942	18	node3601.doduo.os	0
CP_LBBD_CP	wfjsp12_9.txt	1	3600	66272775	119	node3514.doduo.os	0
CP_LBBD_CP	wfjsp13_3.txt	1	3600	66272779	123	node3557.doduo.os	0
CP_LBBD_CP	wfjsp13_2.txt	1	3600	66272778	122	node3541.doduo.os	0
CP_LBBD_CP	wfjsp12_10.txt	1	3600	66272776	120	node3527.doduo.os	0
CP_LBBD_CP	wfjsp13_1.txt	1	3600	66272777	121	node3527.doduo.os	0
CP_LBBD_CP	wfjsp13_4.txt	1	3600	66272780	124	node3514.doduo.os	0
LBBD_CP_TS	wfjsp2_9.txt	1	3600	66272943	19	node3542.doduo.os	0
CP_LBBD_CP	wfjsp14_10.txt	1	3600	66272796	140	node3534.doduo.os	0
CP_LBBD_CP	wfjsp13_7.txt	1	3600	66272783	127	node3524.doduo.os	0
LBBD_CP_TS	wfjsp1_1.txt	1	3600	66272925	1	node3540.doduo.os	0
CP_LBBD_CP	wfjsp13_5.txt	1	3600	66272781	125	node3506.doduo.os	0
CP_LBBD_CP	wfjsp15_1.txt	1	3600	66272797	141	node3542.doduo.os	0
CP_LBBD_CP	wfjsp13_8.txt	1	3600	66272784	128	node3525.doduo.os	0
CP_LBBD_CP	wfjsp13_6.txt	1	3600	66272782	126	node3511.doduo.os	0
CP_LBBD_CP	wfjsp14_4.txt	1	3600	66272790	134	node3525.doduo.os	0
CP_LBBD_CP	wfjsp14_1.txt	1	3600	66272787	131	node3525.doduo.os	0
CP_LBBD_CP	wfjsp14_7.txt	1	3600	66272793	137	node3525.doduo.os	0
CP_LBBD_CP	wfjsp13_10.txt	1	3600	66272786	130	node3525.doduo.os	0
CP_LBBD_CP	wfjsp13_9.txt	1	3600	66272785	129	node3525.doduo.os	0
CP_LBBD_CP	wfjsp14_3.txt	1	3600	66272789	133	node3525.doduo.os	0
CP_LBBD_CP	wfjsp14_5.txt	1	3600	66272791	135	node3525.doduo.os	0
CP_LBBD_CP	wfjsp14_9.txt	1	3600	66272795	139	node3525.doduo.os	0
CP_LBBD_CP	wfjsp14_8.txt	1	3600	66272794	138	node3525.doduo.os	0
CP_LBBD_CP	wfjsp14_6.txt	1	3600	66272792	136	node3525.doduo.os	0
CP_LBBD_CP	wfjsp14_2.txt	1	3600	66272788	132	node3525.doduo.os	0
CP_LBBD_CP	wfjsp15_2.txt	1	3600	66272798	142	node3506.doduo.os	0
LBBD_CP_TS	wfjsp4_9.txt	1	3600	66272963	39	node3525.doduo.os	0
CP_LBBD_CP	wfjsp15_4.txt	1	3600	66272800	144	node3555.doduo.os	0
CP_LBBD_CP	wfjsp15_6.txt	1	3600	66272802	146	node3560.doduo.os	0
CP_LBBD_CP	wfjsp15_7.txt	1	3600	66272803	147	node3619.doduo.os	0
CP_LBBD_CP	wfjsp15_8.txt	1	3600	66272804	148	node3625.doduo.os	0
CP_LBBD_CP	wfjsp15_5.txt	1	3600	66272801	145	node3556.doduo.os	0
CP_LBBD_CP	wfjsp15_3.txt	1	3600	66272799	143	node3555.doduo.os	0
CP_LBBD_CP	wfjsp16_1.txt	1	3600	66272807	151	node3555.doduo.os	0
CP_LBBD_CP	wfjsp15_10.txt	1	3600	66272806	150	node3532.doduo.os	0
CP_LBBD_CP	wfjsp15_9.txt	1	3600	66272805	149	node3502.doduo.os	0
CP_LBBD_CP	wfjsp16_2.txt	1	3600	66272808	152	node3502.doduo.os	0
CP_LBBD_CP	wfjsp16_3.txt	1	3600	66272809	153	node3532.doduo.os	0
CP_LBBD_CP	wfjsp16_6.txt	1	3600	66272812	156	node3536.doduo.os	0
CP_LBBD_CP	wfjsp16_5.txt	1	3600	66272811	155	node3532.doduo.os	0
CP_LBBD_CP	wfjsp16_4.txt	1	3600	66272810	154	node3532.doduo.os	0
CP_LBBD_CP	wfjsp16_7.txt	1	3600	66272813	157	node3532.doduo.os	0
CP_LBBD_CP	wfjsp16_9.txt	1	3600	66272815	159	node3536.doduo.os	0
CP_LBBD_CP	wfjsp17_2.txt	1	3600	66272818	162	node3627.doduo.os	0
CP_LBBD_CP	wfjsp17_1.txt	1	3600	66272817	161	node3619.doduo.os	0
CP_LBBD_CP	wfjsp16_10.txt	1	3600	66272816	160	node3563.doduo.os	0
CP_LBBD_CP	wfjsp16_8.txt	1	3600	66272814	158	node3532.doduo.os	0
CP_LBBD_CP	wfjsp17_3.txt	1	3600	66272820	163	node3501.doduo.os	0
LBBD_CP_TS	wfjsp2_7.txt	1	3600	66272941	17	node3544.doduo.os	0
CP_LBBD_CP	wfjsp17_4.txt	1	3600	66272821	164	node3501.doduo.os	0
CP_LBBD_CP	wfjsp17_5.txt	1	3600	66272822	165	node3501.doduo.os	0
CP_LBBD_CP	wfjsp17_6.txt	1	3600	66272823	166	node3558.doduo.os	0
CP_LBBD_CP	wfjsp18_3.txt	1	3600	66272830	173	node3619.doduo.os	0
CP_LBBD_CP	wfjsp18_1.txt	1	3600	66272828	171	node3556.doduo.os	0
CP_LBBD_CP	wfjsp17_8.txt	1	3600	66272825	168	node3544.doduo.os	0
CP_LBBD_CP	wfjsp17_7.txt	1	3600	66272824	167	node3535.doduo.os	0
CP_LBBD_CP	wfjsp17_10.txt	1	3600	66272827	170	node3547.doduo.os	0
CP_LBBD_CP	wfjsp17_9.txt	1	3600	66272826	169	node3545.doduo.os	0
CP_LBBD_CP	wfjsp18_2.txt	1	3600	66272829	172	node3608.doduo.os	0
CP_LBBD_CP	wfjsp18_4.txt	1	3600	66272832	174	node3534.doduo.os	0
CP_LBBD_CP	wfjsp18_6.txt	1	3600	66272834	176	node3536.doduo.os	0
CP_LBBD_CP	wfjsp18_5.txt	1	3600	66272833	175	node3536.doduo.os	0
CP_LBBD_CP	wfjsp18_8.txt	1	3600	66272836	178	node3501.doduo.os	0
CP_LBBD_CP	wfjsp18_9.txt	1	3600	66272837	179	node3561.doduo.os	0
CP_LBBD_CP	wfjsp18_10.txt	1	3600	66272838	180	node3562.doduo.os	0
CP_LBBD_CP	wfjsp19_1.txt	1	3600	66272839	181	node3608.doduo.os	0
CP_LBBD_CP	wfjsp19_2.txt	1	3600	66272840	182	node3618.doduo.os	0
CP_LBBD_CP	wfjsp18_7.txt	1	3600	66272835	177	node3501.doduo.os	0
CP_LBBD_CP	wfjsp19_4.txt	1	3600	66272842	184	node3501.doduo.os	0
CP_LBBD_CP	wfjsp19_3.txt	1	3600	66272841	183	node3501.doduo.os	0
CP_LBBD_CP	wfjsp19_6.txt	1	3600	66272844	186	node3537.doduo.os	0
CP_LBBD_CP	wfjsp19_5.txt	1	3600	66272843	185	node3534.doduo.os	0
CP_LBBD_CP	wfjsp19_8.txt	1	3600	66272846	188	node3514.doduo.os	0
CP_LBBD_CP	wfjsp19_7.txt	1	3600	66272845	187	node3501.doduo.os	0
CP_LBBD_CP	wfjsp19_9.txt	1	3600	66272847	189	node3514.doduo.os	0
CP_LBBD_CP	wfjsp20_2.txt	1	3600	66272850	192	node3524.doduo.os	0
CP_LBBD_CP	wfjsp20_1.txt	1	3600	66272849	191	node3524.doduo.os	0
CP_LBBD_CP	wfjsp19_10.txt	1	3600	66272848	190	node3524.doduo.os	0
CP_LBBD_CP	wfjsp20_3.txt	1	3600	66272851	193	node3524.doduo.os	0
LBBD_CP_TS	wfjsp1_4.txt	1	3600	66272928	4	node3562.doduo.os	0
CP_LBBD_CP	wfjsp20_4.txt	1	3600	66272852	194	node3536.doduo.os	0
CP_LBBD_CP	Mk03.txt	1	3600	66272906	243	node3561.doduo.os	0
CP_LBBD_CP	wfjsp20_6.txt	1	3600	66272854	196	node3542.doduo.os	0
CP_LBBD_CP	wfjsp20_7.txt	1	3600	66272855	197	node3615.doduo.os	0
CP_LBBD_CP	wfjsp20_5.txt	1	3600	66272853	195	node3526.doduo.os	0
CP_LBBD_CP	wfjsp20_8.txt	1	3600	66272856	198	node3622.doduo.os	0
CP_LBBD_CP	Mk08.txt	1	3600	66272911	248	node3534.doduo.os	0
CP_LBBD_CP	wfjsp20_9.txt	1	3600	66272857	199	node3501.doduo.os	0
CP_LBBD_CP	wfjsp20_10.txt	1	3600	66272858	200	node3502.doduo.os	0
CP_LBBD_CP	wfjsp21_2.txt	1	3600	66272860	202	node3546.doduo.os	0
CP_LBBD_CP	wfjsp21_1.txt	1	3600	66272859	201	node3546.doduo.os	0
CP_LBBD_CP	wfjsp21_3.txt	1	3600	66272861	203	node3514.doduo.os	0
CP_LBBD_CP	wfjsp21_4.txt	1	3600	66272862	204	node3549.doduo.os	0
CP_LBBD_CP	wfjsp21_6.txt	1	3600	66272864	206	node3507.doduo.os	0
CP_LBBD_CP	wfjsp22_1.txt	1	3600	66272869	211	node3507.doduo.os	0
CP_LBBD_CP	wfjsp22_4.txt	1	3600	66272872	214	node3507.doduo.os	0
CP_LBBD_CP	wfjsp22_6.txt	1	3600	66272874	216	node3507.doduo.os	0
CP_LBBD_CP	wfjsp21_9.txt	1	3600	66272867	209	node3507.doduo.os	0
CP_LBBD_CP	wfjsp21_7.txt	1	3600	66272865	207	node3507.doduo.os	0
CP_LBBD_CP	wfjsp22_2.txt	1	3600	66272870	212	node3507.doduo.os	0
CP_LBBD_CP	wfjsp21_5.txt	1	3600	66272863	205	node3507.doduo.os	0
CP_LBBD_CP	wfjsp22_3.txt	1	3600	66272871	213	node3507.doduo.os	0
CP_LBBD_CP	wfjsp22_5.txt	1	3600	66272873	215	node3507.doduo.os	0
CP_LBBD_CP	wfjsp21_8.txt	1	3600	66272866	208	node3507.doduo.os	0
CP_LBBD_CP	wfjsp21_10.txt	1	3600	66272868	210	node3507.doduo.os	0
CP_LBBD_CP	wfjsp22_7.txt	1	3600	66272876	217	node3532.doduo.os	0
CP_LBBD_CP	wfjsp22_8.txt	1	3600	66272878	218	node3532.doduo.os	0
CP_LBBD_CP	wfjsp22_9.txt	1	3600	66272879	219	node3547.doduo.os	0
CP_LBBD_CP	wfjsp22_10.txt	1	3600	66272881	220	node3555.doduo.os	0
CP_LBBD_CP	wfjsp23_1.txt	1	3600	66272882	221	node3514.doduo.os	0
CP_LBBD_CP	wfjsp23_2.txt	1	3600	66272883	222	node3536.doduo.os	0
CP_LBBD_CP	wfjsp23_3.txt	1	3600	66272885	223	node3601.doduo.os	0
CP_LBBD_CP	wfjsp23_4.txt	1	3600	66272886	224	node3601.doduo.os	0
CP_LBBD_CP	wfjsp23_5.txt	1	3600	66272887	225	node3601.doduo.os	0
CP_LBBD_CP	wfjsp23_6.txt	1	3600	66272888	226	node3601.doduo.os	0
CP_LBBD_CP	wfjsp23_8.txt	1	3600	66272890	228	node3621.doduo.os	0
CP_LBBD_CP	wfjsp23_7.txt	1	3600	66272889	227	node3506.doduo.os	0
CP_LBBD_CP	wfjsp23_9.txt	1	3600	66272892	229	node3534.doduo.os	0
CP_LBBD_CP	wfjsp24_1.txt	1	3600	66272894	231	node3557.doduo.os	0
CP_LBBD_CP	wfjsp23_10.txt	1	3600	66272893	230	node3542.doduo.os	0
CP_LBBD_CP	wfjsp24_2.txt	1	3600	66272895	232	node3615.doduo.os	0
CP_LBBD_CP	wfjsp24_3.txt	1	3600	66272896	233	node3618.doduo.os	0
CP_LBBD_CP	Mk02.txt	1	3600	66272905	242	node3558.doduo.os	0
CP_LBBD_CP	wfjsp24_9.txt	1	3600	66272902	239	node3546.doduo.os	0
CP_LBBD_CP	Mk05.txt	1	3600	66272908	245	node3615.doduo.os	0
CP_LBBD_CP	Mk01.txt	1	3600	66272904	241	node3556.doduo.os	0
CP_LBBD_CP	Mk07.txt	1	3600	66272910	247	node3619.doduo.os	0
CP_LBBD_CP	wfjsp24_8.txt	1	3600	66272901	238	node3542.doduo.os	0
CP_LBBD_CP	wfjsp24_7.txt	1	3600	66272900	237	node3539.doduo.os	0
CP_LBBD_CP	Mk06.txt	1	3600	66272909	246	node3618.doduo.os	0
CP_LBBD_CP	wfjsp24_4.txt	1	3600	66272897	234	node3534.doduo.os	0
CP_LBBD_CP	wfjsp24_5.txt	1	3600	66272898	235	node3535.doduo.os	0
CP_LBBD_CP	wfjsp24_6.txt	1	3600	66272899	236	node3537.doduo.os	0
CP_LBBD_CP	wfjsp24_10.txt	1	3600	66272903	240	node3547.doduo.os	0
CP_LBBD_CP	Mk04.txt	1	3600	66272907	244	node3608.doduo.os	0
CP_LBBD_CP	Mk09.txt	1	3600	66272912	249	node3529.doduo.os	0
CP_LBBD_CP	Dauzere_10a.txt	1	3600	66272923	260	node3617.doduo.os	0
CP_LBBD_CP	Dauzere_05a.txt	1	3600	66272918	255	node3529.doduo.os	0
CP_LBBD_CP	Dauzere_08a.txt	1	3600	66272921	258	node3529.doduo.os	0
CP_LBBD_CP	Dauzere_09a.txt	1	3600	66272922	259	node3529.doduo.os	0
CP_LBBD_CP	Dauzere_07a.txt	1	3600	66272920	257	node3529.doduo.os	0
CP_LBBD_CP	Dauzere_02a.txt	1	3600	66272915	252	node3529.doduo.os	0
CP_LBBD_CP	Dauzere_01a.txt	1	3600	66272914	251	node3529.doduo.os	0
CP_LBBD_CP	Mk10.txt	1	3600	66272913	250	node3529.doduo.os	0
CP_LBBD_CP	Dauzere_03a.txt	1	3600	66272916	253	node3529.doduo.os	0
CP_LBBD_CP	Dauzere_04a.txt	1	3600	66272917	254	node3529.doduo.os	0
CP_LBBD_CP	Dauzere_06a.txt	1	3600	66272919	256	node3529.doduo.os	0
CP_LBBD_CP	Dauzere_11a.txt	1	3600	66272924	261	node3540.doduo.os	0
CP_LBBD_CP	Dauzere_12a.txt	1	3600	66270470	262	node3520.doduo.os	0
LBBD_CP_TS	wfjsp1_6.txt	1	3600	66272930	6	node3620.doduo.os	0
LBBD_CP_TS	wfjsp2_3.txt	1	3600	66272937	13	node3561.doduo.os	0
LBBD_CP_TS	wfjsp3_1.txt	1	3600	66272945	21	node3543.doduo.os	0
LBBD_CP_TS	wfjsp3_2.txt	1	3600	66272946	22	node3518.doduo.os	0
LBBD_CP_TS	wfjsp3_4.txt	1	3600	66272948	24	node3601.doduo.os	0
LBBD_CP_TS	wfjsp3_3.txt	1	3600	66272947	23	node3559.doduo.os	0
LBBD_CP_TS	wfjsp3_5.txt	1	3600	66272949	25	node3514.doduo.os	0
LBBD_CP_TS	wfjsp3_8.txt	1	3600	66272952	28	node3541.doduo.os	0
LBBD_CP_TS	wfjsp3_9.txt	1	3600	66272953	29	node3557.doduo.os	0
LBBD_CP_TS	wfjsp3_6.txt	1	3600	66272950	26	node3527.doduo.os	0
LBBD_CP_TS	wfjsp3_7.txt	1	3600	66272951	27	node3527.doduo.os	0
LBBD_CP_TS	wfjsp3_10.txt	1	3600	66272954	30	node3514.doduo.os	0
LBBD_CP_TS	wfjsp4_1.txt	1	3600	66272955	31	node3542.doduo.os	0
LBBD_CP_TS	wfjsp4_4.txt	1	3600	66272958	34	node3524.doduo.os	0
LBBD_CP_TS	wfjsp5_8.txt	1	3600	66272972	48	node3540.doduo.os	0
LBBD_CP_TS	wfjsp4_5.txt	1	3600	66272959	35	node3525.doduo.os	0
LBBD_CP_TS	wfjsp4_2.txt	1	3600	66272956	32	node3506.doduo.os	0
LBBD_CP_TS	wfjsp5_7.txt	1	3600	66272971	47	node3534.doduo.os	0
LBBD_CP_TS	wfjsp4_3.txt	1	3600	66272957	33	node3511.doduo.os	0
LBBD_CP_TS	wfjsp5_9.txt	1	3600	66272973	49	node3542.doduo.os	0
LBBD_CP_TS	wfjsp5_1.txt	1	3600	66272965	41	node3525.doduo.os	0
LBBD_CP_TS	wfjsp5_4.txt	1	3600	66272968	44	node3525.doduo.os	0
LBBD_CP_TS	wfjsp5_5.txt	1	3600	66272969	45	node3525.doduo.os	0
LBBD_CP_TS	wfjsp4_8.txt	1	3600	66272962	38	node3525.doduo.os	0
LBBD_CP_TS	wfjsp4_10.txt	1	3600	66272964	40	node3525.doduo.os	0
LBBD_CP_TS	wfjsp4_6.txt	1	3600	66272960	36	node3525.doduo.os	0
LBBD_CP_TS	wfjsp5_2.txt	1	3600	66272966	42	node3525.doduo.os	0
LBBD_CP_TS	wfjsp5_6.txt	1	3600	66272970	46	node3525.doduo.os	0
LBBD_CP_TS	wfjsp5_3.txt	1	3600	66272967	43	node3525.doduo.os	0
LBBD_CP_TS	wfjsp4_7.txt	1	3600	66272961	37	node3525.doduo.os	0
LBBD_CP_TS	wfjsp6_1.txt	1	3600	66272975	51	node3525.doduo.os	0
LBBD_CP_TS	wfjsp5_10.txt	1	3600	66272974	50	node3506.doduo.os	0
LBBD_CP_TS	wfjsp6_5.txt	1	3600	66272979	55	node3560.doduo.os	0
LBBD_CP_TS	wfjsp6_3.txt	1	3600	66272977	53	node3555.doduo.os	0
LBBD_CP_TS	wfjsp6_6.txt	1	3600	66272980	56	node3619.doduo.os	0
LBBD_CP_TS	wfjsp6_7.txt	1	3600	66272981	57	node3625.doduo.os	0
LBBD_CP_TS	wfjsp6_4.txt	1	3600	66272978	54	node3556.doduo.os	0
LBBD_CP_TS	wfjsp6_2.txt	1	3600	66272976	52	node3555.doduo.os	0
LBBD_CP_TS	wfjsp6_9.txt	1	3600	66272983	59	node3532.doduo.os	0
LBBD_CP_TS	wfjsp6_10.txt	1	3600	66272984	60	node3555.doduo.os	0
LBBD_CP_TS	wfjsp6_8.txt	1	3600	66272982	58	node3502.doduo.os	0
LBBD_CP_TS	wfjsp7_5.txt	1	3600	66272989	65	node3536.doduo.os	0
LBBD_CP_TS	wfjsp7_2.txt	1	3600	66272986	62	node3532.doduo.os	0
LBBD_CP_TS	wfjsp7_1.txt	1	3600	66272985	61	node3502.doduo.os	0
LBBD_CP_TS	wfjsp7_4.txt	1	3600	66272988	64	node3532.doduo.os	0
LBBD_CP_TS	wfjsp7_3.txt	1	3600	66272987	63	node3532.doduo.os	0
LBBD_CP_TS	wfjsp7_6.txt	1	3600	66272990	66	node3532.doduo.os	0
LBBD_CP_TS	wfjsp7_8.txt	1	3600	66272992	68	node3536.doduo.os	0
LBBD_CP_TS	wfjsp8_1.txt	1	3600	66272995	71	node3627.doduo.os	0
LBBD_CP_TS	wfjsp7_10.txt	1	3600	66272994	70	node3619.doduo.os	0
LBBD_CP_TS	wfjsp7_9.txt	1	3600	66272993	69	node3563.doduo.os	0
LBBD_CP_TS	wfjsp7_7.txt	1	3600	66272991	67	node3532.doduo.os	0
LBBD_CP_TS	wfjsp8_2.txt	1	3600	66272996	72	node3501.doduo.os	0
LBBD_CP_TS	wfjsp8_4.txt	1	3600	66272998	74	node3544.doduo.os	0
LBBD_CP_TS	wfjsp8_3.txt	1	3600	66272997	73	node3501.doduo.os	0
LBBD_CP_TS	wfjsp8_5.txt	1	3600	66272999	75	node3501.doduo.os	0
LBBD_CP_TS	wfjsp8_6.txt	1	3600	66273000	76	node3558.doduo.os	0
LBBD_CP_TS	wfjsp9_1.txt	1	3600	66273005	81	node3556.doduo.os	0
LBBD_CP_TS	wfjsp8_9.txt	1	3600	66273003	79	node3545.doduo.os	0
LBBD_CP_TS	wfjsp8_10.txt	1	3600	66273004	80	node3547.doduo.os	0
LBBD_CP_TS	wfjsp8_7.txt	1	3600	66273001	77	node3535.doduo.os	0
LBBD_CP_TS	wfjsp9_2.txt	1	3600	66273006	82	node3608.doduo.os	0
LBBD_CP_TS	wfjsp8_8.txt	1	3600	66273002	78	node3544.doduo.os	0
LBBD_CP_TS	wfjsp9_3.txt	1	3600	66273007	83	node3619.doduo.os	0
LBBD_CP_TS	wfjsp9_4.txt	1	3600	66273008	84	node3534.doduo.os	0
LBBD_CP_TS	wfjsp9_6.txt	1	3600	66273010	86	node3536.doduo.os	0
LBBD_CP_TS	wfjsp9_5.txt	1	3600	66273009	85	node3536.doduo.os	0
LBBD_CP_TS	wfjsp9_7.txt	1	3600	66273011	87	node3501.doduo.os	0
LBBD_CP_TS	wfjsp9_8.txt	1	3600	66273012	88	node3561.doduo.os	0
LBBD_CP_TS	wfjsp9_9.txt	1	3600	66273013	89	node3562.doduo.os	0
LBBD_CP_TS	wfjsp9_10.txt	1	3600	66273014	90	node3608.doduo.os	0
LBBD_CP_TS	wfjsp10_1.txt	1	3600	66273015	91	node3618.doduo.os	0
LBBD_CP_TS	wfjsp10_2.txt	1	3600	66273016	92	node3501.doduo.os	0
LBBD_CP_TS	wfjsp10_3.txt	1	3600	66273017	93	node3501.doduo.os	0
LBBD_CP_TS	wfjsp10_4.txt	1	3600	66273018	94	node3501.doduo.os	0
LBBD_CP_TS	wfjsp10_5.txt	1	3600	66273019	95	node3534.doduo.os	0
LBBD_CP_TS	wfjsp10_6.txt	1	3600	66273020	96	node3537.doduo.os	0
CP_LBBD_CP_TS	wfjsp1_1.txt	1	3600	66273190	1	node3537.doduo.os	0
CP_LBBD_CP_TS	wfjsp1_2.txt	1	3600	66273191	2	node3537.doduo.os	0
CP_LBBD_CP_TS	wfjsp1_3.txt	1	3600	66273192	3	node3537.doduo.os	0
LBBD_CP_TS	wfjsp10_9.txt	1	3600	66273023	99	node3514.doduo.os	0
LBBD_CP_TS	wfjsp10_7.txt	1	3600	66273021	97	node3501.doduo.os	0
LBBD_CP_TS	wfjsp10_8.txt	1	3600	66273022	98	node3514.doduo.os	0
CP_LBBD_CP_TS	wfjsp1_5.txt	1	3600	66273194	5	node3514.doduo.os	0
CP_LBBD_CP_TS	wfjsp1_4.txt	1	3600	66273193	4	node3501.doduo.os	0
CP_LBBD_CP_TS	wfjsp1_7.txt	1	3600	66273196	7	node3537.doduo.os	0
CP_LBBD_CP_TS	wfjsp1_6.txt	1	3600	66273195	6	node3514.doduo.os	0
CP_LBBD_CP_TS	wfjsp1_8.txt	1	3600	66273197	8	node3501.doduo.os	0
LBBD_CP_TS	wfjsp10_10.txt	1	3600	66273024	100	node3524.doduo.os	0
CP_LBBD_CP_TS	wfjsp1_10.txt	1	3600	66273199	10	node3514.doduo.os	0
CP_LBBD_CP_TS	wfjsp1_9.txt	1	3600	66273198	9	node3514.doduo.os	0
LBBD_CP_TS	wfjsp11_1.txt	1	3600	66273025	101	node3524.doduo.os	0
CP_LBBD_CP_TS	wfjsp2_5.txt	1	3600	66273204	15	node3524.doduo.os	0
LBBD_CP_TS	wfjsp11_2.txt	1	3600	66273026	102	node3524.doduo.os	0
CP_LBBD_CP_TS	wfjsp2_1.txt	1	3600	66273200	11	node3537.doduo.os	0
LBBD_CP_TS	wfjsp11_4.txt	1	3600	66273028	104	node3624.doduo.os	0
LBBD_CP_TS	wfjsp11_7.txt	1	3600	66273031	107	node3624.doduo.os	0
LBBD_CP_TS	wfjsp11_3.txt	1	3600	66273027	103	node3524.doduo.os	0
LBBD_CP_TS	wfjsp11_5.txt	1	3600	66273029	105	node3624.doduo.os	0
LBBD_CP_TS	wfjsp11_6.txt	1	3600	66273030	106	node3624.doduo.os	0
CP_LBBD_CP_TS	wfjsp2_2.txt	1	3600	66273201	12	node3501.doduo.os	0
CP_LBBD_CP_TS	wfjsp2_3.txt	1	3600	66273202	13	node3514.doduo.os	0
LBBD_CP_TS	wfjsp11_8.txt	1	3600	66273032	108	node3562.doduo.os	0
CP_LBBD_CP_TS	wfjsp3_3.txt	1	3600	66273212	23	node3624.doduo.os	0
CP_LBBD_CP_TS	wfjsp2_4.txt	1	3600	66273203	14	node3514.doduo.os	0
CP_LBBD_CP_TS	wfjsp2_9.txt	1	3600	66273208	19	node3524.doduo.os	0
LBBD_CP_TS	wfjsp12_1.txt	1	3600	66273035	111	node3545.doduo.os	0
LBBD_CP_TS	wfjsp12_2.txt	1	3600	66273036	112	node3547.doduo.os	0
LBBD_CP_TS	wfjsp11_10.txt	1	3600	66273034	110	node3543.doduo.os	0
LBBD_CP_TS	wfjsp11_9.txt	1	3600	66273033	109	node3535.doduo.os	0
LBBD_CP_TS	wfjsp12_3.txt	1	3600	66273037	113	node3557.doduo.os	0
LBBD_CP_TS	wfjsp12_5.txt	1	3600	66273039	115	node3617.doduo.os	0
LBBD_CP_TS	wfjsp12_4.txt	1	3600	66273038	114	node3558.doduo.os	0
CP_LBBD_CP_TS	wfjsp3_5.txt	1	3600	66273214	25	node3501.doduo.os	0
CP_LBBD_CP_TS	wfjsp3_7.txt	1	3600	66273216	27	node3562.doduo.os	0
CP_LBBD_CP_TS	wfjsp3_9.txt	1	3600	66273218	29	node3501.doduo.os	0
CP_LBBD_CP_TS	wfjsp4_5.txt	1	3600	66273224	35	node3547.doduo.os	0
CP_LBBD_CP_TS	wfjsp3_10.txt	1	3600	66273219	30	node3514.doduo.os	0
CP_LBBD_CP_TS	wfjsp2_8.txt	1	3600	66273207	18	node3524.doduo.os	0
CP_LBBD_CP_TS	wfjsp3_4.txt	1	3600	66273213	24	node3624.doduo.os	0
CP_LBBD_CP_TS	wfjsp3_1.txt	1	3600	66273210	21	node3624.doduo.os	0
LBBD_CP_TS	Mk07.txt	1	3600	66273175	247	node3547.doduo.os	0
LBBD_CP_TS	wfjsp12_7.txt	1	3600	66273041	117	node3561.doduo.os	0
LBBD_CP_TS	wfjsp12_6.txt	1	3600	66273040	116	node3536.doduo.os	0
CP_LBBD_CP_TS	wfjsp2_6.txt	1	3600	66273205	16	node3524.doduo.os	0
CP_LBBD_CP_TS	wfjsp4_9.txt	1	3600	66273228	39	node3617.doduo.os	0
LBBD_CP_TS	wfjsp13_1.txt	1	3600	66273045	121	node3615.doduo.os	0
LBBD_CP_TS	wfjsp12_10.txt	1	3600	66273044	120	node3542.doduo.os	0
LBBD_CP_TS	wfjsp12_9.txt	1	3600	66273043	119	node3534.doduo.os	0
LBBD_CP_TS	wfjsp12_8.txt	1	3600	66273042	118	node3526.doduo.os	0
LBBD_CP_TS	wfjsp13_2.txt	1	3600	66273046	122	node3622.doduo.os	0
CP_LBBD_CP_TS	wfjsp4_10.txt	1	3600	66273229	40	node3501.doduo.os	0
LBBD_CP_TS	wfjsp13_3.txt	1	3600	66273047	123	node3501.doduo.os	0
CP_LBBD_CP_TS	wfjsp2_7.txt	1	3600	66273206	17	node3524.doduo.os	0
LBBD_CP_TS	wfjsp13_5.txt	1	3600	66273049	125	node3546.doduo.os	0
LBBD_CP_TS	wfjsp13_4.txt	1	3600	66273048	124	node3502.doduo.os	0
CP_LBBD_CP_TS	wfjsp3_8.txt	1	3600	66273217	28	node3624.doduo.os	0
LBBD_CP_TS	Mk03.txt	1	3600	66273171	243	node3558.doduo.os	0
CP_LBBD_CP_TS	wfjsp3_2.txt	1	3600	66273211	22	node3624.doduo.os	0
LBBD_CP_TS	wfjsp13_7.txt	1	3600	66273051	127	node3546.doduo.os	0
LBBD_CP_TS	wfjsp13_6.txt	1	3600	66273050	126	node3540.doduo.os	0
LBBD_CP_TS	Mk08.txt	1	3600	66273176	248	node3556.doduo.os	0
LBBD_CP_TS	wfjsp13_8.txt	1	3600	66273052	128	node3514.doduo.os	0
LBBD_CP_TS	wfjsp13_9.txt	1	3600	66273053	129	node3549.doduo.os	0
CP_LBBD_CP_TS	wfjsp4_3.txt	1	3600	66273222	33	node3543.doduo.os	0
LBBD_CP_TS	wfjsp15_2.txt	1	3600	66273066	142	node3619.doduo.os	0
LBBD_CP_TS	wfjsp14_1.txt	1	3600	66273055	131	node3507.doduo.os	0
LBBD_CP_TS	wfjsp14_9.txt	1	3600	66273063	139	node3507.doduo.os	0
LBBD_CP_TS	wfjsp14_10.txt	1	3600	66273064	140	node3507.doduo.os	0
LBBD_CP_TS	wfjsp14_3.txt	1	3600	66273057	133	node3507.doduo.os	0
CP_LBBD_CP_TS	wfjsp4_7.txt	1	3600	66273226	37	node3558.doduo.os	0
LBBD_CP_TS	wfjsp13_10.txt	1	3600	66273054	130	node3507.doduo.os	0
LBBD_CP_TS	wfjsp14_4.txt	1	3600	66273058	134	node3507.doduo.os	0
LBBD_CP_TS	wfjsp14_8.txt	1	3600	66273062	138	node3507.doduo.os	0
LBBD_CP_TS	wfjsp14_2.txt	1	3600	66273056	132	node3507.doduo.os	0
LBBD_CP_TS	wfjsp14_7.txt	1	3600	66273061	137	node3507.doduo.os	0
LBBD_CP_TS	wfjsp15_1.txt	1	3600	66273065	141	node3507.doduo.os	0
LBBD_CP_TS	wfjsp14_6.txt	1	3600	66273060	136	node3507.doduo.os	0
LBBD_CP_TS	wfjsp14_5.txt	1	3600	66273059	135	node3507.doduo.os	0
LBBD_CP_TS	wfjsp15_3.txt	1	3600	66273067	143	node3532.doduo.os	0
LBBD_CP_TS	wfjsp15_4.txt	1	3600	66273068	144	node3532.doduo.os	0
LBBD_CP_TS	wfjsp15_5.txt	1	3600	66273069	145	node3547.doduo.os	0
LBBD_CP_TS	wfjsp15_6.txt	1	3600	66273070	146	node3555.doduo.os	0
LBBD_CP_TS	wfjsp15_7.txt	1	3600	66273071	147	node3514.doduo.os	0
LBBD_CP_TS	wfjsp15_8.txt	1	3600	66273072	148	node3536.doduo.os	0
LBBD_CP_TS	wfjsp15_9.txt	1	3600	66273073	149	node3601.doduo.os	0
LBBD_CP_TS	wfjsp15_10.txt	1	3600	66273074	150	node3601.doduo.os	0
LBBD_CP_TS	wfjsp16_1.txt	1	3600	66273075	151	node3601.doduo.os	0
LBBD_CP_TS	wfjsp16_3.txt	1	3600	66273077	153	node3601.doduo.os	0
LBBD_CP_TS	wfjsp16_2.txt	1	3600	66273076	152	node3506.doduo.os	0
LBBD_CP_TS	wfjsp16_4.txt	1	3600	66273078	154	node3621.doduo.os	0
LBBD_CP_TS	wfjsp16_5.txt	1	3600	66273079	155	node3534.doduo.os	0
LBBD_CP_TS	wfjsp16_7.txt	1	3600	66273081	157	node3557.doduo.os	0
LBBD_CP_TS	wfjsp16_6.txt	1	3600	66273080	156	node3542.doduo.os	0
LBBD_CP_TS	wfjsp16_8.txt	1	3600	66273082	158	node3615.doduo.os	0
LBBD_CP_TS	wfjsp16_9.txt	1	3600	66273083	159	node3618.doduo.os	0
CP_LBBD_CP_TS	wfjsp4_1.txt	1	3600	66273220	31	node3524.doduo.os	0
LBBD_CP_TS	wfjsp17_10.txt	1	3600	66273094	170	node3615.doduo.os	0
LBBD_CP_TS	wfjsp17_5.txt	1	3600	66273089	165	node3546.doduo.os	0
LBBD_CP_TS	wfjsp17_4.txt	1	3600	66273088	164	node3542.doduo.os	0
LBBD_CP_TS	wfjsp17_8.txt	1	3600	66273092	168	node3558.doduo.os	0
LBBD_CP_TS	wfjsp18_2.txt	1	3600	66273096	172	node3619.doduo.os	0
LBBD_CP_TS	wfjsp17_6.txt	1	3600	66273090	166	node3547.doduo.os	0
LBBD_CP_TS	wfjsp17_7.txt	1	3600	66273091	167	node3556.doduo.os	0
LBBD_CP_TS	wfjsp16_10.txt	1	3600	66273084	160	node3534.doduo.os	0
LBBD_CP_TS	wfjsp17_1.txt	1	3600	66273085	161	node3535.doduo.os	0
LBBD_CP_TS	wfjsp17_3.txt	1	3600	66273087	163	node3539.doduo.os	0
LBBD_CP_TS	wfjsp17_2.txt	1	3600	66273086	162	node3537.doduo.os	0
LBBD_CP_TS	wfjsp17_9.txt	1	3600	66273093	169	node3608.doduo.os	0
LBBD_CP_TS	wfjsp18_1.txt	1	3600	66273095	171	node3618.doduo.os	0
LBBD_CP_TS	wfjsp18_3.txt	1	3600	66273097	173	node3529.doduo.os	0
LBBD_CP_TS	wfjsp18_10.txt	1	3600	66273104	180	node3617.doduo.os	0
LBBD_CP_TS	wfjsp18_6.txt	1	3600	66273100	176	node3529.doduo.os	0
LBBD_CP_TS	wfjsp18_5.txt	1	3600	66273099	175	node3529.doduo.os	0
LBBD_CP_TS	wfjsp18_4.txt	1	3600	66273098	174	node3529.doduo.os	0
LBBD_CP_TS	wfjsp18_7.txt	1	3600	66273101	177	node3529.doduo.os	0
LBBD_CP_TS	wfjsp18_9.txt	1	3600	66273103	179	node3529.doduo.os	0
LBBD_CP_TS	wfjsp18_8.txt	1	3600	66273102	178	node3529.doduo.os	0
LBBD_CP_TS	wfjsp19_2.txt	1	3600	66273106	182	node3529.doduo.os	0
LBBD_CP_TS	wfjsp19_1.txt	1	3600	66273105	181	node3529.doduo.os	0
LBBD_CP_TS	wfjsp19_3.txt	1	3600	66273107	183	node3529.doduo.os	0
LBBD_CP_TS	wfjsp19_4.txt	1	3600	66273108	184	node3529.doduo.os	0
CP_LBBD_CP_TS	wfjsp5_10.txt	1	3600	66273239	50	node3526.doduo.os	0
CP_LBBD_CP_TS	wfjsp2_10.txt	1	3600	66273209	20	node3537.doduo.os	0
LBBD_CP_TS	wfjsp19_5.txt	1	3600	66273109	185	node3540.doduo.os	0
LBBD_CP_TS	wfjsp19_6.txt	1	3600	66273110	186	node3520.doduo.os	0
LBBD_CP_TS	wfjsp19_7.txt	1	3600	66273111	187	node3620.doduo.os	0
LBBD_CP_TS	wfjsp19_8.txt	1	3600	66273112	188	node3561.doduo.os	0
LBBD_CP_TS	wfjsp19_9.txt	1	3600	66273113	189	node3543.doduo.os	0
LBBD_CP_TS	wfjsp19_10.txt	1	3600	66273115	190	node3518.doduo.os	0
LBBD_CP_TS	wfjsp20_2.txt	1	3600	66273117	192	node3601.doduo.os	0
LBBD_CP_TS	wfjsp20_1.txt	1	3600	66273116	191	node3559.doduo.os	0
LBBD_CP_TS	wfjsp20_3.txt	1	3600	66273118	193	node3514.doduo.os	0
LBBD_CP_TS	wfjsp20_6.txt	1	3600	66273121	196	node3541.doduo.os	0
LBBD_CP_TS	wfjsp20_7.txt	1	3600	66273122	197	node3557.doduo.os	0
LBBD_CP_TS	wfjsp20_4.txt	1	3600	66273119	194	node3527.doduo.os	0
LBBD_CP_TS	wfjsp20_5.txt	1	3600	66273120	195	node3527.doduo.os	0
LBBD_CP_TS	wfjsp20_8.txt	1	3600	66273123	198	node3514.doduo.os	0
LBBD_CP_TS	wfjsp20_9.txt	1	3600	66273124	199	node3542.doduo.os	0
LBBD_CP_TS	wfjsp21_3.txt	1	3600	66273128	203	node3525.doduo.os	0
LBBD_CP_TS	wfjsp22_3.txt	1	3600	66273138	213	node3534.doduo.os	0
LBBD_CP_TS	wfjsp22_4.txt	1	3600	66273139	214	node3540.doduo.os	0
LBBD_CP_TS	wfjsp22_5.txt	1	3600	66273140	215	node3542.doduo.os	0
LBBD_CP_TS	wfjsp21_2.txt	1	3600	66273127	202	node3524.doduo.os	0
LBBD_CP_TS	wfjsp20_10.txt	1	3600	66273125	200	node3506.doduo.os	0
LBBD_CP_TS	wfjsp21_1.txt	1	3600	66273126	201	node3511.doduo.os	0
LBBD_CP_TS	wfjsp21_8.txt	1	3600	66273133	208	node3525.doduo.os	0
LBBD_CP_TS	wfjsp22_2.txt	1	3600	66273137	212	node3525.doduo.os	0
LBBD_CP_TS	wfjsp21_5.txt	1	3600	66273130	205	node3525.doduo.os	0
LBBD_CP_TS	wfjsp22_1.txt	1	3600	66273136	211	node3525.doduo.os	0
LBBD_CP_TS	wfjsp21_6.txt	1	3600	66273131	206	node3525.doduo.os	0
LBBD_CP_TS	wfjsp21_10.txt	1	3600	66273135	210	node3525.doduo.os	0
LBBD_CP_TS	wfjsp21_4.txt	1	3600	66273129	204	node3525.doduo.os	0
LBBD_CP_TS	wfjsp21_9.txt	1	3600	66273134	209	node3525.doduo.os	0
LBBD_CP_TS	wfjsp21_7.txt	1	3600	66273132	207	node3525.doduo.os	0
LBBD_CP_TS	wfjsp22_8.txt	1	3600	66273143	218	node3525.doduo.os	0
LBBD_CP_TS	wfjsp22_6.txt	1	3600	66273141	216	node3506.doduo.os	0
LBBD_CP_TS	wfjsp22_7.txt	1	3600	66273142	217	node3525.doduo.os	0
LBBD_CP_TS	wfjsp22_10.txt	1	3600	66273145	220	node3556.doduo.os	0
LBBD_CP_TS	wfjsp23_2.txt	1	3600	66273147	222	node3619.doduo.os	0
LBBD_CP_TS	wfjsp23_3.txt	1	3600	66273148	223	node3625.doduo.os	0
LBBD_CP_TS	wfjsp23_1.txt	1	3600	66273146	221	node3560.doduo.os	0
LBBD_CP_TS	wfjsp22_9.txt	1	3600	66273144	219	node3555.doduo.os	0
LBBD_CP_TS	wfjsp23_5.txt	1	3600	66273151	225	node3532.doduo.os	0
LBBD_CP_TS	wfjsp23_4.txt	1	3600	66273150	224	node3502.doduo.os	0
LBBD_CP_TS	wfjsp23_7.txt	1	3600	66273153	227	node3555.doduo.os	0
LBBD_CP_TS	wfjsp23_6.txt	1	3600	66273152	226	node3555.doduo.os	0
LBBD_CP_TS	wfjsp24_2.txt	1	3600	66273158	232	node3536.doduo.os	0
LBBD_CP_TS	wfjsp23_9.txt	1	3600	66273155	229	node3532.doduo.os	0
LBBD_CP_TS	wfjsp23_8.txt	1	3600	66273154	228	node3502.doduo.os	0
LBBD_CP_TS	wfjsp24_1.txt	1	3600	66273157	231	node3532.doduo.os	0
LBBD_CP_TS	wfjsp23_10.txt	1	3600	66273156	230	node3532.doduo.os	0
LBBD_CP_TS	wfjsp24_5.txt	1	3600	66273161	235	node3536.doduo.os	0
LBBD_CP_TS	wfjsp24_3.txt	1	3600	66273159	233	node3532.doduo.os	0
LBBD_CP_TS	wfjsp24_8.txt	1	3600	66273164	238	node3627.doduo.os	0
LBBD_CP_TS	wfjsp24_7.txt	1	3600	66273163	237	node3619.doduo.os	0
LBBD_CP_TS	wfjsp24_6.txt	1	3600	66273162	236	node3563.doduo.os	0
LBBD_CP_TS	wfjsp24_4.txt	1	3600	66273160	234	node3532.doduo.os	0
LBBD_CP_TS	Mk01.txt	1	3600	66273167	241	node3544.doduo.os	0
LBBD_CP_TS	wfjsp24_9.txt	1	3600	66273165	239	node3501.doduo.os	0
LBBD_CP_TS	wfjsp24_10.txt	1	3600	66273166	240	node3501.doduo.os	0
LBBD_CP_TS	Mk02.txt	1	3600	66273169	242	node3501.doduo.os	0
LBBD_CP_TS	Mk10.txt	1	3600	66273178	250	node3619.doduo.os	0
LBBD_CP_TS	Mk06.txt	1	3600	66273174	246	node3545.doduo.os	0
LBBD_CP_TS	Mk05.txt	1	3600	66273173	245	node3544.doduo.os	0
LBBD_CP_TS	Mk09.txt	1	3600	66273177	249	node3608.doduo.os	0
LBBD_CP_TS	Mk04.txt	1	3600	66273172	244	node3535.doduo.os	0
LBBD_CP_TS	Dauzere_01a.txt	1	3600	66273179	251	node3534.doduo.os	0
LBBD_CP_TS	Dauzere_02a.txt	1	3600	66273180	252	node3536.doduo.os	0
LBBD_CP_TS	Dauzere_03a.txt	1	3600	66273181	253	node3536.doduo.os	0
LBBD_CP_TS	Dauzere_05a.txt	1	3600	66273183	255	node3561.doduo.os	0
LBBD_CP_TS	Dauzere_04a.txt	1	3600	66273182	254	node3501.doduo.os	0
LBBD_CP_TS	Dauzere_06a.txt	1	3600	66273184	256	node3562.doduo.os	0
LBBD_CP_TS	Dauzere_07a.txt	1	3600	66273185	257	node3608.doduo.os	0
LBBD_CP_TS	Dauzere_08a.txt	1	3600	66273186	258	node3618.doduo.os	0
LBBD_CP_TS	Dauzere_09a.txt	1	3600	66273187	259	node3501.doduo.os	0
LBBD_CP_TS	Dauzere_10a.txt	1	3600	66273188	260	node3501.doduo.os	0
LBBD_CP_TS	Dauzere_11a.txt	1	3600	66273189	261	node3501.doduo.os	0
LBBD_CP_TS	Dauzere_12a.txt	1	3600	66270471	262	node3534.doduo.os	0
CP_LBBD_CP_TS	wfjsp3_6.txt	1	3600	66273215	26	node3514.doduo.os	0
CP_LBBD_CP_TS	wfjsp4_8.txt	1	3600	66273227	38	node3562.doduo.os	0
CP_LBBD_CP_TS	wfjsp4_6.txt	1	3600	66273225	36	node3557.doduo.os	0
CP_LBBD_CP_TS	wfjsp4_4.txt	1	3600	66273223	34	node3545.doduo.os	0
CP_LBBD_CP_TS	wfjsp4_2.txt	1	3600	66273221	32	node3535.doduo.os	0
CP_LBBD_CP_TS	wfjsp5_1.txt	1	3600	66273230	41	node3514.doduo.os	0
CP_LBBD_CP_TS	wfjsp5_2.txt	1	3600	66273231	42	node3524.doduo.os	0
CP_LBBD_CP_TS	wfjsp5_3.txt	1	3600	66273232	43	node3547.doduo.os	0
CP_LBBD_CP_TS	wfjsp5_4.txt	1	3600	66273233	44	node3524.doduo.os	0
CP_LBBD_CP_TS	wfjsp5_7.txt	1	3600	66273236	47	node3561.doduo.os	0
CP_LBBD_CP_TS	wfjsp5_5.txt	1	3600	66273234	45	node3536.doduo.os	0
CP_LBBD_CP_TS	wfjsp5_6.txt	1	3600	66273235	46	node3547.doduo.os	0
CP_LBBD_CP_TS	wfjsp5_8.txt	1	3600	66273237	48	node3624.doduo.os	0
CP_LBBD_CP_TS	wfjsp5_9.txt	1	3600	66273238	49	node3624.doduo.os	0
CP_LBBD_CP_TS	wfjsp6_2.txt	1	3600	66273241	52	node3542.doduo.os	0
CP_LBBD_CP_TS	wfjsp6_1.txt	1	3600	66273240	51	node3534.doduo.os	0
CP_LBBD_CP_TS	wfjsp6_5.txt	1	3600	66273244	55	node3622.doduo.os	0
CP_LBBD_CP_TS	wfjsp6_3.txt	1	3600	66273242	53	node3615.doduo.os	0
CP_LBBD_CP_TS	wfjsp6_4.txt	1	3600	66273243	54	node3617.doduo.os	0
CP_LBBD_CP_TS	wfjsp6_6.txt	1	3600	66273245	56	node3501.doduo.os	0
CP_LBBD_CP_TS	wfjsp6_7.txt	1	3600	66273246	57	node3501.doduo.os	0
CP_LBBD_CP_TS	wfjsp7_2.txt	1	3600	66273251	62	node3624.doduo.os	0
CP_LBBD_CP_TS	wfjsp7_1.txt	1	3600	66273250	61	node3558.doduo.os	0
CP_LBBD_CP_TS	wfjsp6_9.txt	1	3600	66273248	59	node3524.doduo.os	0
CP_LBBD_CP_TS	wfjsp6_10.txt	1	3600	66273249	60	node3546.doduo.os	0
CP_LBBD_CP_TS	wfjsp6_8.txt	1	3600	66273247	58	node3502.doduo.os	0
CP_LBBD_CP_TS	wfjsp7_5.txt	1	3600	66273254	65	node3624.doduo.os	0
CP_LBBD_CP_TS	wfjsp7_4.txt	1	3600	66273253	64	node3546.doduo.os	0
CP_LBBD_CP_TS	wfjsp7_3.txt	1	3600	66273252	63	node3540.doduo.os	0
CP_LBBD_CP_TS	wfjsp7_6.txt	1	3600	66273255	66	node3556.doduo.os	0
CP_LBBD_CP_TS	wfjsp7_7.txt	1	3600	66273256	67	node3514.doduo.os	0
CP_LBBD_CP_TS	wfjsp7_8.txt	1	3600	66273257	68	node3549.doduo.os	0
CP_LBBD_CP_TS	wfjsp7_9.txt	1	3600	66273258	69	node3543.doduo.os	0
CP_LBBD_CP_TS	wfjsp9_2.txt	1	3600	66273271	82	node3558.doduo.os	0
CP_LBBD_CP_TS	wfjsp7_10.txt	1	3600	66273259	70	node3507.doduo.os	0
CP_LBBD_CP_TS	wfjsp9_3.txt	1	3600	66273272	83	node3619.doduo.os	0
CP_LBBD_CP_TS	wfjsp8_3.txt	1	3600	66273262	73	node3507.doduo.os	0
CP_LBBD_CP_TS	wfjsp8_9.txt	1	3600	66273268	79	node3507.doduo.os	0
CP_LBBD_CP_TS	wfjsp9_1.txt	1	3600	66273270	81	node3507.doduo.os	0
CP_LBBD_CP_TS	wfjsp8_4.txt	1	3600	66273263	74	node3507.doduo.os	0
CP_LBBD_CP_TS	wfjsp8_8.txt	1	3600	66273267	78	node3507.doduo.os	0
CP_LBBD_CP_TS	wfjsp8_1.txt	1	3600	66273260	71	node3507.doduo.os	0
CP_LBBD_CP_TS	wfjsp8_5.txt	1	3600	66273264	75	node3507.doduo.os	0
CP_LBBD_CP_TS	wfjsp8_10.txt	1	3600	66273269	80	node3507.doduo.os	0
CP_LBBD_CP_TS	wfjsp8_7.txt	1	3600	66273266	77	node3507.doduo.os	0
CP_LBBD_CP_TS	wfjsp8_6.txt	1	3600	66273265	76	node3507.doduo.os	0
CP_LBBD_CP_TS	wfjsp8_2.txt	1	3600	66273261	72	node3507.doduo.os	0
CP_LBBD_CP_TS	wfjsp9_4.txt	1	3600	66273273	84	node3532.doduo.os	0
TS_2000_5_5	Mk01.txt	1	3600	66273562	241	node3532.doduo.os	0
TS_2000_5_5	Mk02.txt	1	3600	66273564	242	node3532.doduo.os	0
TS_2000_5_5	wfjsp24_6.txt	1	3600	66273550	236	node3619.doduo.os	0
TS_2000_5_5	Mk03.txt	1	3600	66273566	243	node3532.doduo.os	0
TS_2000_5_5	wfjsp24_8.txt	1	3600	66273552	238	node3620.doduo.os	0
TS_2000_5_5	wfjsp24_7.txt	1	3600	66273551	237	node3620.doduo.os	0
TS_2000_5_5	Mk04.txt	1	3600	66273567	244	node3532.doduo.os	0
TS_2000_5_5	wfjsp24_10.txt	1	3600	66273554	240	node3620.doduo.os	0
TS_2000_5_5	Mk05.txt	1	3600	66273568	245	node3619.doduo.os	0
TS_2000_5_5	wfjsp24_9.txt	1	3600	66273553	239	node3620.doduo.os	0
TS_2000_5_5	Mk06.txt	1	3600	66273569	246	node3532.doduo.os	0
TS_2000_5_5	Mk07.txt	1	3600	66273570	247	node3620.doduo.os	0
TS_2000_5_5	Mk08.txt	1	3600	66273571	248	node3620.doduo.os	0
TS_2000_5_5	wfjsp24_5.txt	1	3600	66273549	235	node3558.doduo.os	0
TS_2000_5_5	Dauzere_01a.txt	1	3600	66273577	251	node3619.doduo.os	0
TS_2000_5_5	Mk09.txt	1	3600	66273572	249	node3620.doduo.os	0
CP_LBBD_CP_TS	wfjsp9_5.txt	1	3600	66273274	85	node3532.doduo.os	0
TS_2000_5_5	Dauzere_02a.txt	1	3600	66273578	252	node3620.doduo.os	0
TS_2000_5_5	Dauzere_04a.txt	1	3600	66273581	254	node3619.doduo.os	0
TS_2000_5_5	Mk10.txt	1	3600	66273576	250	node3532.doduo.os	0
CP_LBBD_CP_TS	wfjsp9_6.txt	1	3600	66273275	86	node3547.doduo.os	0
TS_2000_5_5	Dauzere_05a.txt	1	3600	66273582	255	node3620.doduo.os	0
TS_2000_5_5	Dauzere_06a.txt	1	3600	66273583	256	node3620.doduo.os	0
TS_2000_5_5	Dauzere_03a.txt	1	3600	66273580	253	node3558.doduo.os	0
TS_2000_5_5	Dauzere_07a.txt	1	3600	66273584	257	node3620.doduo.os	0
CP_LBBD_CP_TS	wfjsp9_7.txt	1	3600	66273276	87	node3555.doduo.os	0
TS_5000_5_5	wfjsp1_2.txt	1	3600	66273593	2	node3620.doduo.os	0
TS_5000_5_5	wfjsp1_1.txt	1	3600	66273592	1	node3620.doduo.os	0
TS_2000_5_5	Dauzere_10a.txt	1	3600	66273589	260	node3620.doduo.os	0
CP_LBBD_CP_TS	wfjsp9_8.txt	1	3600	66273277	88	node3514.doduo.os	0
TS_5000_5_5	wfjsp1_5.txt	1	3600	66273597	5	node3620.doduo.os	0
TS_5000_5_5	wfjsp1_3.txt	1	3600	66273595	3	node3555.doduo.os	0
TS_5000_5_5	wfjsp1_4.txt	1	3600	66273596	4	node3558.doduo.os	0
TS_5000_5_5	wfjsp1_6.txt	1	3600	66273598	6	node3620.doduo.os	0
TS_2000_5_5	Dauzere_08a.txt	1	3600	66273587	258	node3532.doduo.os	0
TS_5000_5_5	wfjsp1_8.txt	1	3600	66273600	8	node3620.doduo.os	0
TS_5000_5_5	wfjsp1_7.txt	1	3600	66273599	7	node3620.doduo.os	0
CP_LBBD_CP_TS	wfjsp9_9.txt	1	3600	66273278	89	node3536.doduo.os	0
TS_5000_5_5	wfjsp1_10.txt	1	3600	66273603	10	node3532.doduo.os	0
TS_5000_5_5	wfjsp2_5.txt	1	3600	66273608	15	node3620.doduo.os	0
TS_5000_5_5	wfjsp1_9.txt	1	3600	66273602	9	node3514.doduo.os	0
TS_5000_5_5	wfjsp2_2.txt	1	3600	66273605	12	node3558.doduo.os	0
TS_5000_5_5	wfjsp2_1.txt	1	3600	66273604	11	node3555.doduo.os	0
TS_2000_5_5	Dauzere_09a.txt	1	3600	66273588	259	node3619.doduo.os	0
TS_5000_5_5	wfjsp2_3.txt	1	3600	66273606	13	node3620.doduo.os	0
TS_5000_5_5	wfjsp2_4.txt	1	3600	66273607	14	node3620.doduo.os	0
TS_5000_5_5	wfjsp2_6.txt	1	3600	66273609	16	node3620.doduo.os	0
TS_2000_5_5	Dauzere_11a.txt	1	3600	66273591	261	node3532.doduo.os	0
CP_LBBD_CP_TS	wfjsp10_1.txt	1	3600	66273280	91	node3601.doduo.os	0
TS_2000_5_5	Dauzere_12a.txt	1	3600	66270474	262	node3547.doduo.os	0
TS_5000_5_5	wfjsp3_3.txt	1	3600	66273617	23	node3619.doduo.os	0
TS_5000_5_5	wfjsp2_10.txt	1	3600	66273614	20	node3536.doduo.os	0
TS_5000_5_5	wfjsp2_8.txt	1	3600	66273612	18	node3532.doduo.os	0
TS_5000_5_5	wfjsp3_1.txt	1	3600	66273615	21	node3555.doduo.os	0
TS_5000_5_5	wfjsp3_4.txt	1	3600	66273618	24	node3620.doduo.os	0
TS_5000_5_5	wfjsp2_7.txt	1	3600	66273611	17	node3514.doduo.os	0
TS_5000_5_5	wfjsp3_2.txt	1	3600	66273616	22	node3558.doduo.os	0
TS_5000_5_5	wfjsp3_7.txt	1	3600	66273621	27	node3620.doduo.os	0
CP_LBBD_CP_TS	wfjsp9_10.txt	1	3600	66273279	90	node3601.doduo.os	0
TS_5000_5_5	wfjsp3_5.txt	1	3600	66273619	25	node3620.doduo.os	0
TS_5000_5_5	wfjsp3_6.txt	1	3600	66273620	26	node3620.doduo.os	0
TS_5000_5_5	wfjsp2_9.txt	1	3600	66273613	19	node3532.doduo.os	0
CP_LBBD_CP_TS	wfjsp10_2.txt	1	3600	66273281	92	node3601.doduo.os	0
TS_5000_5_5	wfjsp3_9.txt	1	3600	66273624	29	node3532.doduo.os	0
TS_5000_5_5	wfjsp3_8.txt	1	3600	66273623	28	node3514.doduo.os	0
TS_5000_5_5	wfjsp4_3.txt	1	3600	66273628	33	node3555.doduo.os	0
TS_5000_5_5	wfjsp4_1.txt	1	3600	66273626	31	node3536.doduo.os	0
TS_5000_5_5	wfjsp4_7.txt	1	3600	66273632	37	node3619.doduo.os	0
TS_5000_5_5	wfjsp4_4.txt	1	3600	66273629	34	node3558.doduo.os	0
TS_5000_5_5	wfjsp4_6.txt	1	3600	66273631	36	node3601.doduo.os	0
TS_5000_5_5	wfjsp4_9.txt	1	3600	66273634	39	node3620.doduo.os	0
TS_5000_5_5	wfjsp4_2.txt	1	3600	66273627	32	node3547.doduo.os	0
TS_5000_5_5	wfjsp4_8.txt	1	3600	66273633	38	node3620.doduo.os	0
TS_5000_5_5	wfjsp3_10.txt	1	3600	66273625	30	node3532.doduo.os	0
TS_5000_5_5	wfjsp4_10.txt	1	3600	66273635	40	node3620.doduo.os	0
TS_5000_5_5	wfjsp5_1.txt	1	3600	66273636	41	node3620.doduo.os	0
TS_5000_5_5	wfjsp4_5.txt	1	3600	66273630	35	node3601.doduo.os	0
CP_LBBD_CP_TS	wfjsp10_4.txt	1	3600	66273283	94	node3601.doduo.os	0
CP_LBBD_CP_TS	wfjsp10_3.txt	1	3600	66273282	93	node3506.doduo.os	0
CP_LBBD_CP_TS	wfjsp10_5.txt	1	3600	66273284	95	node3621.doduo.os	0
TS_5000_5_5	wfjsp5_10.txt	1	3600	66273645	50	node3601.doduo.os	0
TS_5000_5_5	wfjsp5_8.txt	1	3600	66273643	48	node3558.doduo.os	0
TS_5000_5_5	wfjsp5_5.txt	1	3600	66273640	45	node3536.doduo.os	0
TS_5000_5_5	wfjsp5_6.txt	1	3600	66273641	46	node3547.doduo.os	0
TS_5000_5_5	wfjsp6_3.txt	1	3600	66273648	53	node3620.doduo.os	0
TS_5000_5_5	wfjsp5_4.txt	1	3600	66273639	44	node3532.doduo.os	0
TS_5000_5_5	wfjsp6_6.txt	1	3600	66273651	56	node3620.doduo.os	0
TS_5000_5_5	wfjsp5_2.txt	1	3600	66273637	42	node3514.doduo.os	0
TS_5000_5_5	wfjsp5_9.txt	1	3600	66273644	49	node3601.doduo.os	0
TS_5000_5_5	wfjsp5_7.txt	1	3600	66273642	47	node3555.doduo.os	0
TS_5000_5_5	wfjsp5_3.txt	1	3600	66273638	43	node3532.doduo.os	0
TS_5000_5_5	wfjsp6_2.txt	1	3600	66273647	52	node3619.doduo.os	0
TS_5000_5_5	wfjsp6_4.txt	1	3600	66273649	54	node3620.doduo.os	0
TS_5000_5_5	wfjsp6_1.txt	1	3600	66273646	51	node3601.doduo.os	0
TS_5000_5_5	wfjsp6_5.txt	1	3600	66273650	55	node3620.doduo.os	0
TS_5000_5_5	wfjsp6_9.txt	1	3600	66273655	59	node3532.doduo.os	0
TS_5000_5_5	wfjsp6_10.txt	1	3600	66273656	60	node3536.doduo.os	0
TS_5000_5_5	wfjsp6_8.txt	1	3600	66273654	58	node3514.doduo.os	0
TS_5000_5_5	wfjsp6_7.txt	1	3600	66273653	57	node3506.doduo.os	0
TS_5000_5_5	wfjsp7_1.txt	1	3600	66273657	61	node3547.doduo.os	0
TS_5000_5_5	wfjsp7_4.txt	1	3600	66273660	64	node3601.doduo.os	0
TS_5000_5_5	wfjsp7_5.txt	1	3600	66273661	65	node3620.doduo.os	0
TS_5000_5_5	wfjsp7_7.txt	1	3600	66273663	67	node3621.doduo.os	0
TS_5000_5_5	wfjsp7_6.txt	1	3600	66273662	66	node3620.doduo.os	0
TS_5000_5_5	wfjsp7_2.txt	1	3600	66273658	62	node3558.doduo.os	0
TS_5000_5_5	wfjsp7_3.txt	1	3600	66273659	63	node3601.doduo.os	0
CP_LBBD_CP_TS	wfjsp10_6.txt	1	3600	66273285	96	node3534.doduo.os	0
TS_5000_5_5	wfjsp7_10.txt	1	3600	66273667	70	node3536.doduo.os	0
TS_5000_5_5	wfjsp7_8.txt	1	3600	66273665	68	node3532.doduo.os	0
TS_5000_5_5	wfjsp7_9.txt	1	3600	66273666	69	node3532.doduo.os	0
TS_5000_5_5	wfjsp8_5.txt	1	3600	66273672	75	node3620.doduo.os	0
TS_5000_5_5	wfjsp8_6.txt	1	3600	66273673	76	node3620.doduo.os	0
CP_LBBD_CP_TS	wfjsp10_8.txt	1	3600	66273287	98	node3557.doduo.os	0
CP_LBBD_CP_TS	wfjsp10_7.txt	1	3600	66273286	97	node3542.doduo.os	0
CP_LBBD_CP_TS	wfjsp10_9.txt	1	3600	66273288	99	node3615.doduo.os	0
TS_5000_5_5	wfjsp8_4.txt	1	3600	66273671	74	node3619.doduo.os	0
CP_LBBD_CP_TS	wfjsp10_10.txt	1	3600	66273289	100	node3618.doduo.os	0
TS_5000_5_5	wfjsp8_1.txt	1	3600	66273668	71	node3555.doduo.os	0
TS_5000_5_5	wfjsp8_3.txt	1	3600	66273670	73	node3601.doduo.os	0
TS_5000_5_5	wfjsp8_9.txt	1	3600	66273676	79	node3547.doduo.os	0
TS_5000_5_5	wfjsp8_2.txt	1	3600	66273669	72	node3601.doduo.os	0
TS_5000_5_5	wfjsp8_8.txt	1	3600	66273675	78	node3514.doduo.os	0
TS_5000_5_5	wfjsp8_10.txt	1	3600	66273677	80	node3558.doduo.os	0
TS_5000_5_5	wfjsp8_7.txt	1	3600	66273674	77	node3506.doduo.os	0
TS_5000_5_5	wfjsp9_4.txt	1	3600	66273681	84	node3621.doduo.os	0
TS_5000_5_5	wfjsp9_3.txt	1	3600	66273680	83	node3620.doduo.os	0
CP_LBBD_CP_TS	wfjsp11_1.txt	1	3600	66273290	101	node3524.doduo.os	0
CP_LBBD_CP_TS	wfjsp11_2.txt	1	3600	66273291	102	node3536.doduo.os	0
CP_LBBD_CP_TS	wfjsp11_5.txt	1	3600	66273294	105	node3622.doduo.os	0
CP_LBBD_CP_TS	wfjsp11_3.txt	1	3600	66273292	103	node3546.doduo.os	0
TS_5000_5_5	wfjsp9_2.txt	1	3600	66273679	82	node3620.doduo.os	0
CP_LBBD_CP_TS	wfjsp11_4.txt	1	3600	66273293	104	node3559.doduo.os	0
TS_5000_5_5	wfjsp9_8.txt	1	3600	66273686	88	node3536.doduo.os	0
TS_5000_5_5	wfjsp9_9.txt	1	3600	66273687	89	node3601.doduo.os	0
TS_5000_5_5	wfjsp9_10.txt	1	3600	66273688	90	node3620.doduo.os	0
TS_5000_5_5	wfjsp10_8.txt	1	3600	66273697	98	node3620.doduo.os	0
TS_5000_5_5	wfjsp9_1.txt	1	3600	66273678	81	node3601.doduo.os	0
TS_5000_5_5	wfjsp9_5.txt	1	3600	66273683	85	node3532.doduo.os	0
TS_5000_5_5	wfjsp10_7.txt	1	3600	66273696	97	node3619.doduo.os	0
TS_5000_5_5	wfjsp10_5.txt	1	3600	66273694	95	node3615.doduo.os	0
TS_5000_5_5	wfjsp9_6.txt	1	3600	66273684	86	node3532.doduo.os	0
TS_5000_5_5	wfjsp10_2.txt	1	3600	66273691	92	node3555.doduo.os	0
TS_5000_5_5	wfjsp9_7.txt	1	3600	66273685	87	node3534.doduo.os	0
TS_5000_5_5	wfjsp10_6.txt	1	3600	66273695	96	node3618.doduo.os	0
TS_5000_5_5	wfjsp10_1.txt	1	3600	66273690	91	node3542.doduo.os	0
TS_5000_5_5	wfjsp10_4.txt	1	3600	66273693	94	node3601.doduo.os	0
TS_5000_5_5	wfjsp10_3.txt	1	3600	66273692	93	node3557.doduo.os	0
CP_LBBD_CP_TS	wfjsp12_1.txt	1	3600	66273300	111	node3546.doduo.os	0
CP_LBBD_CP_TS	wfjsp12_8.txt	1	3600	66273307	118	node3619.doduo.os	0
CP_LBBD_CP_TS	wfjsp11_10.txt	1	3600	66273299	110	node3542.doduo.os	0
CP_LBBD_CP_TS	wfjsp11_6.txt	1	3600	66273295	106	node3534.doduo.os	0
CP_LBBD_CP_TS	wfjsp12_6.txt	1	3600	66273305	116	node3615.doduo.os	0
CP_LBBD_CP_TS	wfjsp12_4.txt	1	3600	66273303	114	node3558.doduo.os	0
CP_LBBD_CP_TS	wfjsp11_7.txt	1	3600	66273296	107	node3535.doduo.os	0
CP_LBBD_CP_TS	wfjsp12_2.txt	1	3600	66273301	112	node3547.doduo.os	0
CP_LBBD_CP_TS	wfjsp11_9.txt	1	3600	66273298	109	node3539.doduo.os	0
CP_LBBD_CP_TS	wfjsp12_5.txt	1	3600	66273304	115	node3608.doduo.os	0
CP_LBBD_CP_TS	wfjsp11_8.txt	1	3600	66273297	108	node3537.doduo.os	0
CP_LBBD_CP_TS	wfjsp12_3.txt	1	3600	66273302	113	node3556.doduo.os	0
CP_LBBD_CP_TS	wfjsp12_7.txt	1	3600	66273306	117	node3618.doduo.os	0
TS_5000_5_5	wfjsp10_9.txt	1	3600	66273699	99	node3506.doduo.os	0
TS_5000_5_5	wfjsp10_10.txt	1	3600	66273700	100	node3514.doduo.os	0
CP_LBBD_CP_TS	wfjsp12_9.txt	1	3600	66273308	119	node3624.doduo.os	0
TS_5000_5_5	wfjsp11_6.txt	1	3600	66273707	106	node3536.doduo.os	0
TS_5000_5_5	wfjsp11_3.txt	1	3600	66273703	103	node3601.doduo.os	0
TS_5000_5_5	wfjsp11_1.txt	1	3600	66273701	101	node3547.doduo.os	0
TS_5000_5_5	wfjsp11_8.txt	1	3600	66273709	108	node3546.doduo.os	0
TS_5000_5_5	wfjsp11_7.txt	1	3600	66273708	107	node3536.doduo.os	0
TS_5000_5_5	wfjsp11_4.txt	1	3600	66273705	104	node3524.doduo.os	0
TS_5000_5_5	wfjsp11_2.txt	1	3600	66273702	102	node3558.doduo.os	0
TS_5000_5_5	wfjsp11_9.txt	1	3600	66273710	109	node3559.doduo.os	0
TS_5000_5_5	wfjsp11_10.txt	1	3600	66273711	110	node3601.doduo.os	0
TS_5000_5_5	wfjsp12_5.txt	1	3600	66273716	115	node3620.doduo.os	0
TS_5000_5_5	wfjsp12_8.txt	1	3600	66273719	118	node3532.doduo.os	0
TS_5000_5_5	wfjsp12_2.txt	1	3600	66273713	112	node3620.doduo.os	0
TS_5000_5_5	wfjsp12_1.txt	1	3600	66273712	111	node3601.doduo.os	0
CP_LBBD_CP_TS	wfjsp13_1.txt	1	3600	66273310	121	node3529.doduo.os	0
CP_LBBD_CP_TS	wfjsp13_7.txt	1	3600	66273316	127	node3617.doduo.os	0
TS_5000_5_5	wfjsp12_7.txt	1	3600	66273718	117	node3622.doduo.os	0
CP_LBBD_CP_TS	wfjsp13_6.txt	1	3600	66273315	126	node3529.doduo.os	0
TS_5000_5_5	wfjsp12_6.txt	1	3600	66273717	116	node3621.doduo.os	0
CP_LBBD_CP_TS	wfjsp13_5.txt	1	3600	66273314	125	node3529.doduo.os	0
CP_LBBD_CP_TS	wfjsp13_3.txt	1	3600	66273312	123	node3529.doduo.os	0
CP_LBBD_CP_TS	wfjsp13_4.txt	1	3600	66273313	124	node3529.doduo.os	0
CP_LBBD_CP_TS	wfjsp12_10.txt	1	3600	66273309	120	node3529.doduo.os	0
CP_LBBD_CP_TS	wfjsp13_2.txt	1	3600	66273311	122	node3529.doduo.os	0
TS_5000_5_5	wfjsp11_5.txt	1	3600	66273706	105	node3532.doduo.os	0
CP_LBBD_CP_TS	wfjsp13_8.txt	1	3600	66273317	128	node3529.doduo.os	0
CP_LBBD_CP_TS	wfjsp13_9.txt	1	3600	66273318	129	node3529.doduo.os	0
TS_5000_5_5	wfjsp12_4.txt	1	3600	66273715	114	node3620.doduo.os	0
CP_LBBD_CP_TS	wfjsp14_1.txt	1	3600	66273320	131	node3529.doduo.os	0
CP_LBBD_CP_TS	wfjsp13_10.txt	1	3600	66273319	130	node3529.doduo.os	0
TS_5000_5_5	wfjsp12_3.txt	1	3600	66273714	113	node3620.doduo.os	0
TS_5000_5_5	wfjsp12_9.txt	1	3600	66273720	119	node3534.doduo.os	0
TS_5000_5_5	wfjsp12_10.txt	1	3600	66273721	120	node3542.doduo.os	0
TS_5000_5_5	wfjsp13_4.txt	1	3600	66273725	124	node3615.doduo.os	0
TS_5000_5_5	wfjsp13_6.txt	1	3600	66273727	126	node3619.doduo.os	0
TS_5000_5_5	wfjsp14_10.txt	1	3600	66273743	140	node3618.doduo.os	0
TS_5000_5_5	wfjsp14_1.txt	1	3600	66273734	131	node3537.doduo.os	0
TS_5000_5_5	wfjsp17_4.txt	1	3600	66273771	164	node3617.doduo.os	0
TS_5000_5_5	wfjsp14_9.txt	1	3600	66273742	139	node3615.doduo.os	0
TS_5000_5_5	wfjsp17_6.txt	1	3600	66273773	166	node3622.doduo.os	0
TS_5000_5_5	wfjsp17_5.txt	1	3600	66273772	165	node3621.doduo.os	0
TS_5000_5_5	wfjsp17_3.txt	1	3600	66273770	163	node3532.doduo.os	0
TS_5000_5_5	wfjsp14_8.txt	1	3600	66273741	138	node3608.doduo.os	0
TS_5000_5_5	wfjsp13_1.txt	1	3600	66273722	121	node3555.doduo.os	0
TS_5000_5_5	wfjsp14_5.txt	1	3600	66273738	135	node3547.doduo.os	0
TS_5000_5_5	wfjsp14_2.txt	1	3600	66273735	132	node3539.doduo.os	0
TS_5000_5_5	wfjsp13_2.txt	1	3600	66273723	122	node3557.doduo.os	0
TS_5000_5_5	wfjsp13_7.txt	1	3600	66273730	127	node3506.doduo.os	0
TS_5000_5_5	wfjsp13_5.txt	1	3600	66273726	125	node3618.doduo.os	0
TS_5000_5_5	wfjsp13_3.txt	1	3600	66273724	123	node3601.doduo.os	0
TS_5000_5_5	wfjsp17_2.txt	1	3600	66273769	162	node3529.doduo.os	0
TS_5000_5_5	wfjsp17_1.txt	1	3600	66273768	161	node3529.doduo.os	0
TS_5000_5_5	wfjsp18_3.txt	1	3600	66273780	173	node3620.doduo.os	0
TS_5000_5_5	wfjsp17_8.txt	1	3600	66273775	168	node3529.doduo.os	0
TS_5000_5_5	wfjsp18_1.txt	1	3600	66273778	171	node3534.doduo.os	0
TS_5000_5_5	wfjsp17_7.txt	1	3600	66273774	167	node3529.doduo.os	0
TS_5000_5_5	wfjsp17_10.txt	1	3600	66273777	170	node3529.doduo.os	0
TS_5000_5_5	wfjsp18_2.txt	1	3600	66273779	172	node3620.doduo.os	0
TS_5000_5_5	wfjsp14_4.txt	1	3600	66273737	134	node3546.doduo.os	0
TS_5000_5_5	wfjsp18_5.txt	1	3600	66273783	175	node3615.doduo.os	0
TS_5000_5_5	wfjsp15_1.txt	1	3600	66273744	141	node3619.doduo.os	0
TS_5000_5_5	wfjsp14_7.txt	1	3600	66273740	137	node3558.doduo.os	0
TS_5000_5_5	wfjsp13_8.txt	1	3600	66273731	128	node3514.doduo.os	0
TS_5000_5_5	wfjsp14_3.txt	1	3600	66273736	133	node3542.doduo.os	0
TS_5000_5_5	wfjsp13_9.txt	1	3600	66273732	129	node3534.doduo.os	0
TS_5000_5_5	wfjsp14_6.txt	1	3600	66273739	136	node3556.doduo.os	0
TS_5000_5_5	wfjsp13_10.txt	1	3600	66273733	130	node3535.doduo.os	0
TS_5000_5_5	wfjsp18_4.txt	1	3600	66273782	174	node3542.doduo.os	0
TS_5000_5_5	wfjsp18_9.txt	1	3600	66273787	179	node3618.doduo.os	0
CP_LBBD_CP_TS	wfjsp14_2.txt	1	3600	66273323	132	node3526.doduo.os	0
TS_5000_5_5	wfjsp17_9.txt	1	3600	66273776	169	node3529.doduo.os	0
TS_5000_5_5	wfjsp18_10.txt	1	3600	66273788	180	node3619.doduo.os	0
TS_5000_5_5	wfjsp18_8.txt	1	3600	66273786	178	node3617.doduo.os	0
TS_5000_5_5	wfjsp15_2.txt	1	3600	66273746	142	node3536.doduo.os	0
TS_5000_5_5	wfjsp15_3.txt	1	3600	66273747	143	node3624.doduo.os	0
TS_5000_5_5	wfjsp18_6.txt	1	3600	66273784	176	node3537.doduo.os	0
TS_5000_5_5	wfjsp15_5.txt	1	3600	66273750	145	node3601.doduo.os	0
TS_5000_5_5	wfjsp15_4.txt	1	3600	66273749	144	node3547.doduo.os	0
TS_5000_5_5	wfjsp18_7.txt	1	3600	66273785	177	node3615.doduo.os	0
TS_5000_5_5	wfjsp15_6.txt	1	3600	66273752	146	node3524.doduo.os	0
TS_5000_5_5	wfjsp15_9.txt	1	3600	66273755	149	node3558.doduo.os	0
TS_5000_5_5	wfjsp15_7.txt	1	3600	66273753	147	node3536.doduo.os	0
TS_5000_5_5	wfjsp19_6.txt	1	3600	66273796	186	node3547.doduo.os	0
TS_5000_5_5	wfjsp15_8.txt	1	3600	66273754	148	node3546.doduo.os	0
TS_5000_5_5	wfjsp15_10.txt	1	3600	66273756	150	node3559.doduo.os	0
TS_5000_5_5	wfjsp16_1.txt	1	3600	66273757	151	node3601.doduo.os	0
TS_5000_5_5	wfjsp19_10.txt	1	3600	66273800	190	node3608.doduo.os	0
TS_5000_5_5	wfjsp19_9.txt	1	3600	66273799	189	node3601.doduo.os	0
TS_5000_5_5	wfjsp16_2.txt	1	3600	66273758	152	node3532.doduo.os	0
TS_5000_5_5	wfjsp16_4.txt	1	3600	66273760	154	node3620.doduo.os	0
TS_5000_5_5	wfjsp16_3.txt	1	3600	66273759	153	node3601.doduo.os	0
TS_5000_5_5	wfjsp16_5.txt	1	3600	66273761	155	node3620.doduo.os	0
TS_5000_5_5	wfjsp19_3.txt	1	3600	66273793	183	node3529.doduo.os	0
TS_5000_5_5	wfjsp19_1.txt	1	3600	66273791	181	node3506.doduo.os	0
TS_5000_5_5	wfjsp19_7.txt	1	3600	66273797	187	node3555.doduo.os	0
TS_5000_5_5	wfjsp19_8.txt	1	3600	66273798	188	node3557.doduo.os	0
TS_5000_5_5	wfjsp16_6.txt	1	3600	66273763	156	node3529.doduo.os	0
TS_5000_5_5	wfjsp19_4.txt	1	3600	66273794	184	node3532.doduo.os	0
TS_5000_5_5	wfjsp16_9.txt	1	3600	66273766	159	node3529.doduo.os	0
TS_5000_5_5	wfjsp16_7.txt	1	3600	66273764	157	node3529.doduo.os	0
TS_5000_5_5	wfjsp16_8.txt	1	3600	66273765	158	node3529.doduo.os	0
TS_5000_5_5	wfjsp19_5.txt	1	3600	66273795	185	node3539.doduo.os	0
CP_LBBD_CP_TS	wfjsp14_3.txt	1	3600	66273324	133	node3537.doduo.os	0
TS_5000_5_5	wfjsp16_10.txt	1	3600	66273767	160	node3529.doduo.os	0
TS_5000_5_5	wfjsp20_10.txt	1	3600	66273810	200	node3534.doduo.os	0
TS_5000_5_5	wfjsp19_2.txt	1	3600	66273792	182	node3529.doduo.os	0
TS_5000_5_5	wfjsp20_1.txt	1	3600	66273801	191	node3618.doduo.os	0
TS_5000_5_5	wfjsp20_7.txt	1	3600	66273807	197	node3529.doduo.os	0
TS_5000_5_5	wfjsp20_8.txt	1	3600	66273808	198	node3529.doduo.os	0
TS_5000_5_5	wfjsp20_5.txt	1	3600	66273805	195	node3514.doduo.os	0
TS_5000_5_5	Mk04.txt	1	3600	66273856	244	node3532.doduo.os	0
TS_5000_5_5	wfjsp20_9.txt	1	3600	66273809	199	node3534.doduo.os	0
TS_5000_5_5	Mk01.txt	1	3600	66273853	241	node3529.doduo.os	0
TS_5000_5_5	Mk02.txt	1	3600	66273854	242	node3529.doduo.os	0
TS_5000_5_5	wfjsp22_1.txt	1	3600	66273821	211	node3529.doduo.os	0
TS_5000_5_5	Mk05.txt	1	3600	66273857	245	node3534.doduo.os	0
TS_5000_5_5	Mk08.txt	1	3600	66273860	248	node3618.doduo.os	0
TS_5000_5_5	wfjsp20_6.txt	1	3600	66273806	196	node3529.doduo.os	0
TS_5000_5_5	Mk06.txt	1	3600	66273858	246	node3537.doduo.os	0
TS_5000_5_5	Mk07.txt	1	3600	66273859	247	node3539.doduo.os	0
TS_5000_5_5	Mk03.txt	1	3600	66273855	243	node3529.doduo.os	0
TS_5000_5_5	wfjsp20_2.txt	1	3600	66273802	192	node3620.doduo.os	0
TS_5000_5_5	wfjsp21_6.txt	1	3600	66273816	206	node3558.doduo.os	0
TS_5000_5_5	wfjsp20_4.txt	1	3600	66273804	194	node3622.doduo.os	0
TS_5000_5_5	wfjsp20_3.txt	1	3600	66273803	193	node3621.doduo.os	0
TS_5000_5_5	Dauzere_01a.txt	1	3600	66273864	251	node3529.doduo.os	0
TS_5000_5_5	wfjsp22_9.txt	1	3600	66273829	219	node3601.doduo.os	0
TS_5000_5_5	Dauzere_02a.txt	1	3600	66273865	252	node3532.doduo.os	0
TS_10000_10_5	wfjsp1_3.txt	1	3600	66273877	3	node3620.doduo.os	0
TS_10000_10_5	wfjsp1_2.txt	1	3600	66273876	2	node3558.doduo.os	0
TS_10000_10_5	wfjsp1_5.txt	1	3600	66273879	5	node3622.doduo.os	0
TS_10000_10_5	wfjsp1_1.txt	1	3600	66273875	1	node3539.doduo.os	0
TS_10000_10_5	wfjsp1_4.txt	1	3600	66273878	4	node3621.doduo.os	0
TS_5000_5_5	wfjsp21_8.txt	1	3600	66273818	208	node3619.doduo.os	0
TS_5000_5_5	wfjsp21_1.txt	1	3600	66273811	201	node3535.doduo.os	0
TS_5000_5_5	wfjsp21_9.txt	1	3600	66273819	209	node3620.doduo.os	0
TS_5000_5_5	wfjsp21_4.txt	1	3600	66273814	204	node3546.doduo.os	0
TS_5000_5_5	wfjsp21_2.txt	1	3600	66273812	202	node3542.doduo.os	0
TS_5000_5_5	wfjsp21_5.txt	1	3600	66273815	205	node3556.doduo.os	0
TS_5000_5_5	wfjsp21_7.txt	1	3600	66273817	207	node3615.doduo.os	0
TS_5000_5_5	Dauzere_05a.txt	1	3600	66273868	255	node3529.doduo.os	0
TS_5000_5_5	Dauzere_04a.txt	1	3600	66273867	254	node3529.doduo.os	0
TS_5000_5_5	wfjsp21_3.txt	1	3600	66273813	203	node3542.doduo.os	0
TS_10000_10_5	wfjsp1_6.txt	1	3600	66273880	6	node3532.doduo.os	0
TS_10000_10_5	wfjsp1_9.txt	1	3600	66273883	9	node3542.doduo.os	0
TS_10000_10_5	wfjsp1_10.txt	1	3600	66273884	10	node3546.doduo.os	0
TS_10000_10_5	wfjsp1_8.txt	1	3600	66273882	8	node3539.doduo.os	0
TS_10000_10_5	wfjsp2_5.txt	1	3600	66273889	15	node3619.doduo.os	0
TS_10000_10_5	wfjsp2_9.txt	1	3600	66273893	19	node3622.doduo.os	0
TS_10000_10_5	wfjsp2_3.txt	1	3600	66273887	13	node3601.doduo.os	0
TS_10000_10_5	wfjsp1_7.txt	1	3600	66273881	7	node3535.doduo.os	0
TS_10000_10_5	wfjsp2_6.txt	1	3600	66273890	16	node3620.doduo.os	0
TS_10000_10_5	wfjsp2_2.txt	1	3600	66273886	12	node3558.doduo.os	0
TS_10000_10_5	wfjsp2_1.txt	1	3600	66273885	11	node3556.doduo.os	0
TS_10000_10_5	wfjsp2_8.txt	1	3600	66273892	18	node3621.doduo.os	0
TS_10000_10_5	wfjsp2_4.txt	1	3600	66273888	14	node3615.doduo.os	0
TS_5000_5_5	wfjsp22_10.txt	1	3600	66273830	220	node3615.doduo.os	0
TS_5000_5_5	Mk09.txt	1	3600	66273862	249	node3514.doduo.os	0
TS_10000_10_5	wfjsp2_7.txt	1	3600	66273891	17	node3620.doduo.os	0
TS_5000_5_5	Dauzere_03a.txt	1	3600	66273866	253	node3534.doduo.os	0
TS_5000_5_5	wfjsp22_2.txt	1	3600	66273822	212	node3536.doduo.os	0
TS_5000_5_5	wfjsp22_6.txt	1	3600	66273826	216	node3619.doduo.os	0
TS_5000_5_5	wfjsp22_5.txt	1	3600	66273825	215	node3618.doduo.os	0
TS_5000_5_5	wfjsp22_7.txt	1	3600	66273827	217	node3624.doduo.os	0
TS_5000_5_5	wfjsp22_3.txt	1	3600	66273823	213	node3537.doduo.os	0
TS_5000_5_5	wfjsp21_10.txt	1	3600	66273820	210	node3526.doduo.os	0
TS_5000_5_5	wfjsp22_4.txt	1	3600	66273824	214	node3617.doduo.os	0
TS_5000_5_5	Dauzere_06a.txt	1	3600	66273869	256	node3529.doduo.os	0
TS_5000_5_5	Mk10.txt	1	3600	66273863	250	node3529.doduo.os	0
TS_10000_10_5	wfjsp2_10.txt	1	3600	66273894	20	node3514.doduo.os	0
TS_10000_10_5	wfjsp4_5.txt	1	3600	66273909	35	node3601.doduo.os	0
TS_10000_10_5	wfjsp3_7.txt	1	3600	66273901	27	node3536.doduo.os	0
TS_10000_10_5	wfjsp3_5.txt	1	3600	66273899	25	node3534.doduo.os	0
TS_10000_10_5	wfjsp3_4.txt	1	3600	66273898	24	node3532.doduo.os	0
TS_10000_10_5	wfjsp3_9.txt	1	3600	66273903	29	node3539.doduo.os	0
TS_10000_10_5	wfjsp3_1.txt	1	3600	66273895	21	node3526.doduo.os	0
TS_10000_10_5	wfjsp4_9.txt	1	3600	66273913	39	node3618.doduo.os	0
TS_10000_10_5	wfjsp3_6.txt	1	3600	66273900	26	node3535.doduo.os	0
TS_10000_10_5	wfjsp3_2.txt	1	3600	66273896	22	node3529.doduo.os	0
TS_10000_10_5	wfjsp3_8.txt	1	3600	66273902	28	node3537.doduo.os	0
TS_10000_10_5	wfjsp3_10.txt	1	3600	66273904	30	node3542.doduo.os	0
TS_10000_10_5	wfjsp4_8.txt	1	3600	66273912	38	node3617.doduo.os	0
TS_10000_10_5	wfjsp4_6.txt	1	3600	66273910	36	node3615.doduo.os	0
TS_10000_10_5	wfjsp4_3.txt	1	3600	66273907	33	node3556.doduo.os	0
TS_10000_10_5	wfjsp4_1.txt	1	3600	66273905	31	node3542.doduo.os	0
TS_10000_10_5	wfjsp4_4.txt	1	3600	66273908	34	node3558.doduo.os	0
TS_10000_10_5	wfjsp4_2.txt	1	3600	66273906	32	node3546.doduo.os	0
TS_10000_10_5	wfjsp3_3.txt	1	3600	66273897	23	node3529.doduo.os	0
TS_5000_5_5	wfjsp22_8.txt	1	3600	66273828	218	node3547.doduo.os	0
TS_10000_10_5	wfjsp4_10.txt	1	3600	66273914	40	node3619.doduo.os	0
TS_10000_10_5	wfjsp4_7.txt	1	3600	66273911	37	node3615.doduo.os	0
TS_10000_10_5	wfjsp5_6.txt	1	3600	66273920	46	node3624.doduo.os	0
TS_10000_10_5	wfjsp5_1.txt	1	3600	66273915	41	node3619.doduo.os	0
TS_5000_5_5	Dauzere_10a.txt	1	3600	66273873	260	node3529.doduo.os	0
TS_5000_5_5	Dauzere_07a.txt	1	3600	66273870	257	node3529.doduo.os	0
TS_10000_10_5	wfjsp5_2.txt	1	3600	66273916	42	node3620.doduo.os	0
TS_10000_10_5	wfjsp5_5.txt	1	3600	66273919	45	node3622.doduo.os	0
TS_10000_10_5	wfjsp5_3.txt	1	3600	66273917	43	node3620.doduo.os	0
TS_5000_5_5	Dauzere_08a.txt	1	3600	66273871	258	node3534.doduo.os	0
TS_10000_10_5	wfjsp5_4.txt	1	3600	66273918	44	node3621.doduo.os	0
TS_5000_5_5	wfjsp23_1.txt	1	3600	66273831	221	node3524.doduo.os	0
TS_5000_5_5	wfjsp23_2.txt	1	3600	66273832	222	node3536.doduo.os	0
TS_5000_5_5	wfjsp23_5.txt	1	3600	66273835	225	node3558.doduo.os	0
TS_5000_5_5	wfjsp23_4.txt	1	3600	66273834	224	node3547.doduo.os	0
TS_5000_5_5	wfjsp23_3.txt	1	3600	66273833	223	node3546.doduo.os	0
TS_5000_5_5	wfjsp23_6.txt	1	3600	66273836	226	node3559.doduo.os	0
TS_5000_5_5	wfjsp23_7.txt	1	3600	66273837	227	node3601.doduo.os	0
TS_10000_10_5	wfjsp5_10.txt	1	3600	66273924	50	node3529.doduo.os	0
TS_10000_10_5	wfjsp6_9.txt	1	3600	66273933	59	node3542.doduo.os	0
TS_10000_10_5	wfjsp5_9.txt	1	3600	66273923	49	node3529.doduo.os	0
TS_10000_10_5	wfjsp6_1.txt	1	3600	66273925	51	node3529.doduo.os	0
TS_10000_10_5	wfjsp6_6.txt	1	3600	66273930	56	node3536.doduo.os	0
TS_10000_10_5	wfjsp5_7.txt	1	3600	66273921	47	node3514.doduo.os	0
TS_10000_10_5	wfjsp6_10.txt	1	3600	66273934	60	node3542.doduo.os	0
TS_10000_10_5	wfjsp6_3.txt	1	3600	66273927	53	node3532.doduo.os	0
TS_10000_10_5	wfjsp6_8.txt	1	3600	66273932	58	node3539.doduo.os	0
TS_10000_10_5	wfjsp6_7.txt	1	3600	66273931	57	node3537.doduo.os	0
TS_10000_10_5	wfjsp5_8.txt	1	3600	66273922	48	node3526.doduo.os	0
TS_10000_10_5	wfjsp7_1.txt	1	3600	66273935	61	node3546.doduo.os	0
TS_10000_10_5	wfjsp6_4.txt	1	3600	66273928	54	node3534.doduo.os	0
TS_5000_5_5	wfjsp23_8.txt	1	3600	66273838	228	node3532.doduo.os	0
TS_5000_5_5	wfjsp24_2.txt	1	3600	66273842	232	node3620.doduo.os	0
TS_5000_5_5	wfjsp23_9.txt	1	3600	66273839	229	node3601.doduo.os	0
TS_5000_5_5	wfjsp24_1.txt	1	3600	66273841	231	node3608.doduo.os	0
TS_10000_10_5	wfjsp7_10.txt	1	3600	66273944	70	node3619.doduo.os	0
TS_10000_10_5	wfjsp6_2.txt	1	3600	66273926	52	node3529.doduo.os	0
TS_5000_5_5	wfjsp23_10.txt	1	3600	66273840	230	node3601.doduo.os	0
TS_10000_10_5	wfjsp7_5.txt	1	3600	66273939	65	node3601.doduo.os	0
TS_10000_10_5	wfjsp6_5.txt	1	3600	66273929	55	node3535.doduo.os	0
TS_5000_5_5	wfjsp24_8.txt	1	3600	66273849	238	node3620.doduo.os	0
TS_5000_5_5	wfjsp24_5.txt	1	3600	66273846	235	node3529.doduo.os	0
TS_5000_5_5	wfjsp24_7.txt	1	3600	66273848	237	node3557.doduo.os	0
TS_5000_5_5	wfjsp24_6.txt	1	3600	66273847	236	node3555.doduo.os	0
TS_5000_5_5	wfjsp24_3.txt	1	3600	66273844	233	node3506.doduo.os	0
TS_10000_10_5	wfjsp7_8.txt	1	3600	66273942	68	node3617.doduo.os	0
TS_10000_10_5	wfjsp7_7.txt	1	3600	66273941	67	node3615.doduo.os	0
TS_10000_10_5	wfjsp7_4.txt	1	3600	66273938	64	node3558.doduo.os	0
TS_5000_5_5	wfjsp24_4.txt	1	3600	66273845	234	node3529.doduo.os	0
TS_10000_10_5	wfjsp7_9.txt	1	3600	66273943	69	node3618.doduo.os	0
CP_LBBD_CP_TS	wfjsp14_4.txt	1	3600	66273325	134	node3540.doduo.os	0
TS_10000_10_5	wfjsp7_2.txt	1	3600	66273936	62	node3547.doduo.os	0
TS_10000_10_5	wfjsp7_3.txt	1	3600	66273937	63	node3556.doduo.os	0
TS_5000_5_5	Dauzere_09a.txt	1	3600	66273872	259	node3618.doduo.os	0
TS_10000_10_5	wfjsp7_6.txt	1	3600	66273940	66	node3615.doduo.os	0
TS_5000_5_5	wfjsp24_10.txt	1	3600	66273852	240	node3529.doduo.os	0
TS_5000_5_5	wfjsp24_9.txt	1	3600	66273851	239	node3529.doduo.os	0
TS_5000_5_5	Dauzere_11a.txt	1	3600	66273874	261	node3529.doduo.os	0
TS_10000_10_5	wfjsp8_5.txt	1	3600	66273949	75	node3536.doduo.os	0
TS_5000_5_5	Dauzere_12a.txt	1	3600	66270475	262	node3537.doduo.os	0
TS_10000_10_5	wfjsp8_10.txt	1	3600	66273954	80	node3601.doduo.os	0
TS_10000_10_5	wfjsp8_7.txt	1	3600	66273951	77	node3547.doduo.os	0
TS_10000_10_5	wfjsp8_4.txt	1	3600	66273948	74	node3534.doduo.os	0
TS_10000_10_5	wfjsp8_1.txt	1	3600	66273945	71	node3524.doduo.os	0
TS_10000_10_5	wfjsp8_9.txt	1	3600	66273953	79	node3559.doduo.os	0
TS_10000_10_5	wfjsp8_6.txt	1	3600	66273950	76	node3546.doduo.os	0
CP_LBBD_CP_TS	wfjsp14_5.txt	1	3600	66273326	135	node3520.doduo.os	0
CP_LBBD_CP_TS	wfjsp14_6.txt	1	3600	66273327	136	node3620.doduo.os	0
TS_10000_10_5	wfjsp9_1.txt	1	3600	66273955	81	node3619.doduo.os	0
TS_10000_10_5	wfjsp10_8.txt	1	3600	66273973	98	node3542.doduo.os	0
TS_10000_10_5	wfjsp10_9.txt	1	3600	66273974	99	node3542.doduo.os	0
TS_10000_10_5	wfjsp9_2.txt	1	3600	66273956	82	node3620.doduo.os	0
TS_10000_10_5	wfjsp8_8.txt	1	3600	66273952	78	node3558.doduo.os	0
TS_10000_10_5	wfjsp10_6.txt	1	3600	66273971	96	node3537.doduo.os	0
TS_10000_10_5	wfjsp10_10.txt	1	3600	66273975	100	node3546.doduo.os	0
TS_10000_10_5	wfjsp9_5.txt	1	3600	66273959	85	node3622.doduo.os	0
TS_10000_10_5	wfjsp8_3.txt	1	3600	66273947	73	node3529.doduo.os	0
TS_10000_10_5	wfjsp8_2.txt	1	3600	66273946	72	node3529.doduo.os	0
TS_10000_10_5	wfjsp9_4.txt	1	3600	66273958	84	node3621.doduo.os	0
TS_10000_10_5	wfjsp10_5.txt	1	3600	66273970	95	node3536.doduo.os	0
TS_10000_10_5	wfjsp9_9.txt	1	3600	66273964	89	node3529.doduo.os	0
TS_10000_10_5	wfjsp9_6.txt	1	3600	66273960	86	node3624.doduo.os	0
TS_10000_10_5	wfjsp10_1.txt	1	3600	66273966	91	node3529.doduo.os	0
TS_10000_10_5	wfjsp9_10.txt	1	3600	66273965	90	node3529.doduo.os	0
TS_10000_10_5	wfjsp9_8.txt	1	3600	66273963	88	node3526.doduo.os	0
TS_10000_10_5	wfjsp9_7.txt	1	3600	66273962	87	node3514.doduo.os	0
TS_10000_10_5	wfjsp10_2.txt	1	3600	66273967	92	node3532.doduo.os	0
TS_10000_10_5	wfjsp9_3.txt	1	3600	66273957	83	node3620.doduo.os	0
TS_10000_10_5	wfjsp10_7.txt	1	3600	66273972	97	node3539.doduo.os	0
TS_10000_10_5	wfjsp10_4.txt	1	3600	66273969	94	node3534.doduo.os	0
TS_10000_10_5	wfjsp11_6.txt	1	3600	66273981	106	node3529.doduo.os	0
TS_10000_10_5	wfjsp11_10.txt	1	3600	66273985	110	node3557.doduo.os	0
TS_10000_10_5	wfjsp11_1.txt	1	3600	66273976	101	node3601.doduo.os	0
CP_LBBD_CP_TS	wfjsp14_7.txt	1	3600	66273331	137	node3561.doduo.os	0
TS_10000_10_5	wfjsp11_3.txt	1	3600	66273978	103	node3619.doduo.os	0
TS_10000_10_5	wfjsp11_4.txt	1	3600	66273979	104	node3620.doduo.os	0
TS_10000_10_5	wfjsp10_3.txt	1	3600	66273968	93	node3532.doduo.os	0
TS_10000_10_5	wfjsp11_7.txt	1	3600	66273982	107	node3529.doduo.os	0
TS_10000_10_5	wfjsp11_9.txt	1	3600	66273984	109	node3555.doduo.os	0
TS_10000_10_5	wfjsp12_5.txt	1	3600	66273990	115	node3617.doduo.os	0
TS_10000_10_5	wfjsp11_8.txt	1	3600	66273983	108	node3535.doduo.os	0
TS_10000_10_5	wfjsp17_6.txt	1	3600	66274041	166	node3532.doduo.os	0
TS_10000_10_5	wfjsp12_8.txt	1	3600	66273993	118	node3513.doduo.os	0
TS_10000_10_5	wfjsp17_2.txt	1	3600	66274037	162	node3622.doduo.os	0
TS_10000_10_5	wfjsp17_5.txt	1	3600	66274040	165	node3526.doduo.os	0
TS_10000_10_5	wfjsp17_3.txt	1	3600	66274038	163	node3624.doduo.os	0
TS_10000_10_5	wfjsp12_2.txt	1	3600	66273987	112	node3601.doduo.os	0
TS_10000_10_5	wfjsp17_8.txt	1	3600	66274043	168	node3620.doduo.os	0
TS_10000_10_5	wfjsp17_4.txt	1	3600	66274039	164	node3514.doduo.os	0
TS_10000_10_5	wfjsp17_1.txt	1	3600	66274036	161	node3621.doduo.os	0
TS_10000_10_5	wfjsp12_6.txt	1	3600	66273991	116	node3620.doduo.os	0
CP_LBBD_CP_TS	wfjsp14_8.txt	1	3600	66273333	138	node3543.doduo.os	0
TS_10000_10_5	wfjsp18_1.txt	1	3600	66274047	171	node3557.doduo.os	0
TS_10000_10_5	wfjsp17_7.txt	1	3600	66274042	167	node3539.doduo.os	0
TS_10000_10_5	wfjsp17_10.txt	1	3600	66274045	170	node3534.doduo.os	0
TS_10000_10_5	wfjsp18_5.txt	1	3600	66274051	175	node3529.doduo.os	0
TS_10000_10_5	wfjsp18_3.txt	1	3600	66274049	173	node3601.doduo.os	0
TS_10000_10_5	wfjsp17_9.txt	1	3600	66274044	169	node3529.doduo.os	0
TS_10000_10_5	wfjsp11_5.txt	1	3600	66273980	105	node3506.doduo.os	0
TS_10000_10_5	wfjsp12_1.txt	1	3600	66273986	111	node3558.doduo.os	0
TS_10000_10_5	wfjsp12_10.txt	1	3600	66273995	120	node3513.doduo.os	0
CP_LBBD_CP_TS	wfjsp14_9.txt	1	3600	66273334	139	node3518.doduo.os	0
CP_LBBD_CP_TS	wfjsp15_1.txt	1	3600	66273336	141	node3601.doduo.os	0
CP_LBBD_CP_TS	wfjsp14_10.txt	1	3600	66273335	140	node3559.doduo.os	0
TS_10000_10_5	wfjsp18_2.txt	1	3600	66274048	172	node3561.doduo.os	0
TS_10000_10_5	wfjsp18_6.txt	1	3600	66274052	176	node3532.doduo.os	0
TS_10000_10_5	wfjsp18_4.txt	1	3600	66274050	174	node3619.doduo.os	0
CP_LBBD_CP_TS	wfjsp15_2.txt	1	3600	66273337	142	node3514.doduo.os	0
CP_LBBD_CP_TS	wfjsp15_4.txt	1	3600	66273339	144	node3527.doduo.os	0
CP_LBBD_CP_TS	wfjsp15_6.txt	1	3600	66273341	146	node3557.doduo.os	0
CP_LBBD_CP_TS	wfjsp15_5.txt	1	3600	66273340	145	node3541.doduo.os	0
TS_10000_10_5	wfjsp18_8.txt	1	3600	66274054	178	node3620.doduo.os	0
CP_LBBD_CP_TS	wfjsp15_3.txt	1	3600	66273338	143	node3527.doduo.os	0
TS_10000_10_5	wfjsp18_7.txt	1	3600	66274053	177	node3555.doduo.os	0
TS_10000_10_5	wfjsp18_9.txt	1	3600	66274057	179	node3535.doduo.os	0
TS_10000_10_5	wfjsp12_4.txt	1	3600	66273989	114	node3615.doduo.os	0
TS_10000_10_5	wfjsp14_2.txt	1	3600	66274007	132	node3556.doduo.os	0
CP_LBBD_CP_TS	wfjsp15_7.txt	1	3600	66273342	147	node3514.doduo.os	0
CP_LBBD_CP_TS	wfjsp15_8.txt	1	3600	66273343	148	node3542.doduo.os	0
CP_LBBD_CP_TS	Mk05.txt	1	3600	66273521	245	node3624.doduo.os	0
TS_10000_10_5	wfjsp18_10.txt	1	3600	66274058	180	node3617.doduo.os	0
TS_10000_10_5	wfjsp14_8.txt	1	3600	66274013	138	node3529.doduo.os	0
CP_LBBD_CP_TS	wfjsp17_1.txt	1	3600	66273356	161	node3540.doduo.os	0
CP_LBBD_CP_TS	wfjsp17_2.txt	1	3600	66273357	162	node3542.doduo.os	0
CP_LBBD_CP_TS	wfjsp16_3.txt	1	3600	66273348	153	node3525.doduo.os	0
CP_LBBD_CP_TS	wfjsp16_10.txt	1	3600	66273355	160	node3534.doduo.os	0
CP_LBBD_CP_TS	wfjsp16_1.txt	1	3600	66273346	151	node3524.doduo.os	0
CP_LBBD_CP_TS	wfjsp15_10.txt	1	3600	66273345	150	node3511.doduo.os	0
TS_10000_10_5	wfjsp13_7.txt	1	3600	66274002	127	node3513.doduo.os	0
CP_LBBD_CP_TS	wfjsp15_9.txt	1	3600	66273344	149	node3506.doduo.os	0
CP_LBBD_CP_TS	wfjsp16_6.txt	1	3600	66273351	156	node3525.doduo.os	0
TS_10000_10_5	wfjsp12_9.txt	1	3600	66273994	119	node3513.doduo.os	0
CP_LBBD_CP_TS	wfjsp16_8.txt	1	3600	66273353	158	node3525.doduo.os	0
CP_LBBD_CP_TS	wfjsp16_2.txt	1	3600	66273347	152	node3525.doduo.os	0
CP_LBBD_CP_TS	wfjsp16_4.txt	1	3600	66273349	154	node3525.doduo.os	0
CP_LBBD_CP_TS	wfjsp16_5.txt	1	3600	66273350	155	node3525.doduo.os	0
CP_LBBD_CP_TS	wfjsp16_7.txt	1	3600	66273352	157	node3525.doduo.os	0
CP_LBBD_CP_TS	wfjsp16_9.txt	1	3600	66273354	159	node3525.doduo.os	0
TS_10000_10_5	wfjsp12_7.txt	1	3600	66273992	117	node3513.doduo.os	0
TS_10000_10_5	wfjsp13_4.txt	1	3600	66273999	124	node3513.doduo.os	0
TS_10000_10_5	wfjsp14_9.txt	1	3600	66274014	139	node3534.doduo.os	0
TS_10000_10_5	wfjsp14_5.txt	1	3600	66274010	135	node3618.doduo.os	0
TS_10000_10_5	wfjsp11_2.txt	1	3600	66273977	102	node3608.doduo.os	0
TS_10000_10_5	wfjsp19_6.txt	1	3600	66274064	186	node3620.doduo.os	0
TS_10000_10_5	wfjsp12_3.txt	1	3600	66273988	113	node3601.doduo.os	0
CP_LBBD_CP_TS	Mk03.txt	1	3600	66273519	243	node3540.doduo.os	0
TS_10000_10_5	Mk01.txt	1	3600	66274120	241	node3608.doduo.os	0
CP_LBBD_CP_TS	wfjsp17_4.txt	1	3600	66273359	164	node3525.doduo.os	0
CP_LBBD_CP_TS	wfjsp17_3.txt	1	3600	66273358	163	node3506.doduo.os	0
TS_10000_10_5	wfjsp14_4.txt	1	3600	66274009	134	node3618.doduo.os	0
TS_10000_10_5	Mk02.txt	1	3600	66274121	242	node3618.doduo.os	0
CP_LBBD_CP_TS	wfjsp17_8.txt	1	3600	66273363	168	node3525.doduo.os	0
CP_LBBD_CP_TS	wfjsp18_1.txt	1	3600	66273366	171	node3532.doduo.os	0
CP_LBBD_CP_TS	wfjsp17_6.txt	1	3600	66273361	166	node3502.doduo.os	0
CP_LBBD_CP_TS	wfjsp18_8.txt	1	3600	66273373	178	node3556.doduo.os	0
CP_LBBD_CP_TS	wfjsp19_1.txt	1	3600	66273376	181	node3625.doduo.os	0
CP_LBBD_CP_TS	wfjsp18_4.txt	1	3600	66273369	174	node3540.doduo.os	0
CP_LBBD_CP_TS	wfjsp18_3.txt	1	3600	66273368	173	node3536.doduo.os	0
CP_LBBD_CP_TS	wfjsp18_10.txt	1	3600	66273375	180	node3619.doduo.os	0
CP_LBBD_CP_TS	wfjsp18_5.txt	1	3600	66273370	175	node3555.doduo.os	0
CP_LBBD_CP_TS	wfjsp18_9.txt	1	3600	66273374	179	node3560.doduo.os	0
CP_LBBD_CP_TS	wfjsp17_7.txt	1	3600	66273362	167	node3525.doduo.os	0
CP_LBBD_CP_TS	wfjsp18_2.txt	1	3600	66273367	172	node3532.doduo.os	0
TS_10000_10_5	Mk04.txt	1	3600	66274123	244	node3601.doduo.os	0
TS_10000_10_5	wfjsp19_7.txt	1	3600	66274065	187	node3622.doduo.os	0
CP_LBBD_CP_TS	wfjsp17_9.txt	1	3600	66273364	169	node3525.doduo.os	0
CP_LBBD_CP_TS	wfjsp17_5.txt	1	3600	66273360	165	node3502.doduo.os	0
CP_LBBD_CP_TS	wfjsp17_10.txt	1	3600	66273365	170	node3532.doduo.os	0
CP_LBBD_CP_TS	wfjsp18_7.txt	1	3600	66273372	177	node3555.doduo.os	0
CP_LBBD_CP_TS	wfjsp18_6.txt	1	3600	66273371	176	node3555.doduo.os	0
CP_LBBD_CP_TS	wfjsp19_7.txt	1	3600	66273382	187	node3619.doduo.os	0
CP_LBBD_CP_TS	wfjsp19_5.txt	1	3600	66273380	185	node3536.doduo.os	0
CP_LBBD_CP_TS	wfjsp19_2.txt	1	3600	66273377	182	node3532.doduo.os	0
CP_LBBD_CP_TS	wfjsp19_8.txt	1	3600	66273383	188	node3627.doduo.os	0
CP_LBBD_CP_TS	wfjsp19_6.txt	1	3600	66273381	186	node3563.doduo.os	0
TS_10000_10_5	wfjsp19_1.txt	1	3600	66274059	181	node3513.doduo.os	0
TS_10000_10_5	wfjsp14_1.txt	1	3600	66274006	131	node3547.doduo.os	0
CP_LBBD_CP_TS	wfjsp19_4.txt	1	3600	66273379	184	node3532.doduo.os	0
CP_LBBD_CP_TS	wfjsp19_3.txt	1	3600	66273378	183	node3532.doduo.os	0
TS_10000_10_5	wfjsp14_6.txt	1	3600	66274011	136	node3524.doduo.os	0
TS_10000_10_5	wfjsp19_4.txt	1	3600	66274062	184	node3532.doduo.os	0
TS_10000_10_5	wfjsp14_3.txt	1	3600	66274008	133	node3615.doduo.os	0
TS_10000_10_5	wfjsp13_8.txt	1	3600	66274003	128	node3529.doduo.os	0
TS_10000_10_5	wfjsp13_10.txt	1	3600	66274005	130	node3540.doduo.os	0
TS_25000_15_10	wfjsp1_9.txt	1	3600	66274149	9	node3622.doduo.os	0
TS_25000_15_10	wfjsp1_5.txt	1	3600	66274145	5	node3560.doduo.os	0
TS_25000_15_10	wfjsp1_6.txt	1	3600	66274146	6	node3601.doduo.os	0
TS_25000_15_10	wfjsp1_4.txt	1	3600	66274144	4	node3556.doduo.os	0
TS_25000_15_10	wfjsp1_10.txt	1	3600	66274150	10	node3625.doduo.os	0
TS_25000_15_10	wfjsp1_8.txt	1	3600	66274148	8	node3619.doduo.os	0
TS_25000_15_10	wfjsp1_1.txt	1	3600	66274141	1	node3555.doduo.os	0
TS_10000_10_5	wfjsp13_1.txt	1	3600	66273996	121	node3513.doduo.os	0
TS_10000_10_5	wfjsp13_2.txt	1	3600	66273997	122	node3513.doduo.os	0
TS_25000_15_10	wfjsp1_7.txt	1	3600	66274147	7	node3619.doduo.os	0
TS_10000_10_5	wfjsp13_3.txt	1	3600	66273998	123	node3513.doduo.os	0
TS_10000_10_5	wfjsp13_6.txt	1	3600	66274001	126	node3513.doduo.os	0
TS_10000_10_5	wfjsp13_5.txt	1	3600	66274000	125	node3513.doduo.os	0
TS_10000_10_5	wfjsp13_9.txt	1	3600	66274004	129	node3529.doduo.os	0
TS_10000_10_5	wfjsp19_9.txt	1	3600	66274067	189	node3529.doduo.os	0
TS_25000_15_10	wfjsp1_2.txt	1	3600	66274142	2	node3555.doduo.os	0
TS_10000_10_5	Mk06.txt	1	3600	66274125	246	node3620.doduo.os	0
TS_25000_15_10	wfjsp1_3.txt	1	3600	66274143	3	node3555.doduo.os	0
TS_10000_10_5	Mk05.txt	1	3600	66274124	245	node3608.doduo.os	0
CP_LBBD_CP_TS	Mk07.txt	1	3600	66273530	247	node3514.doduo.os	0
TS_10000_10_5	wfjsp14_7.txt	1	3600	66274012	137	node3529.doduo.os	0
TS_10000_10_5	wfjsp14_10.txt	1	3600	66274015	140	node3536.doduo.os	0
TS_10000_10_5	wfjsp15_2.txt	1	3600	66274017	142	node3547.doduo.os	0
TS_10000_10_5	wfjsp15_1.txt	1	3600	66274016	141	node3537.doduo.os	0
TS_10000_10_5	wfjsp19_2.txt	1	3600	66274060	182	node3514.doduo.os	0
TS_10000_10_5	wfjsp19_8.txt	1	3600	66274066	188	node3624.doduo.os	0
TS_10000_10_5	wfjsp15_4.txt	1	3600	66274019	144	node3601.doduo.os	0
TS_10000_10_5	wfjsp15_3.txt	1	3600	66274018	143	node3559.doduo.os	0
TS_10000_10_5	Dauzere_01a.txt	1	3600	66274130	251	node3532.doduo.os	0
TS_10000_10_5	Mk03.txt	1	3600	66274122	243	node3540.doduo.os	0
TS_25000_15_10	wfjsp2_8.txt	1	3600	66274158	18	node3529.doduo.os	0
TS_25000_15_10	wfjsp3_5.txt	1	3600	66274165	25	node3540.doduo.os	0
TS_10000_10_5	wfjsp19_5.txt	1	3600	66274063	185	node3601.doduo.os	0
TS_10000_10_5	wfjsp20_5.txt	1	3600	66274073	195	node3620.doduo.os	0
TS_25000_15_10	wfjsp2_9.txt	1	3600	66274159	19	node3529.doduo.os	0
TS_10000_10_5	Mk08.txt	1	3600	66274127	248	node3513.doduo.os	0
TS_10000_10_5	wfjsp19_10.txt	1	3600	66274068	190	node3534.doduo.os	0
TS_25000_15_10	wfjsp2_1.txt	1	3600	66274151	11	node3513.doduo.os	0
TS_25000_15_10	wfjsp2_5.txt	1	3600	66274155	15	node3513.doduo.os	0
TS_25000_15_10	wfjsp4_5.txt	1	3600	66274175	35	node3619.doduo.os	0
TS_25000_15_10	wfjsp2_3.txt	1	3600	66274153	13	node3513.doduo.os	0
TS_25000_15_10	wfjsp3_10.txt	1	3600	66274170	30	node3556.doduo.os	0
TS_25000_15_10	wfjsp3_7.txt	1	3600	66274167	27	node3555.doduo.os	0
TS_25000_15_10	wfjsp3_3.txt	1	3600	66274163	23	node3532.doduo.os	0
TS_25000_15_10	wfjsp3_1.txt	1	3600	66274161	21	node3532.doduo.os	0
CP_LBBD_CP_TS	wfjsp19_9.txt	1	3600	66273384	189	node3501.doduo.os	0
CP_LBBD_CP_TS	wfjsp19_10.txt	1	3600	66273385	190	node3544.doduo.os	0
TS_25000_15_10	wfjsp4_9.txt	1	3600	66274179	39	node3625.doduo.os	0
TS_25000_15_10	wfjsp2_7.txt	1	3600	66274157	17	node3524.doduo.os	0
TS_25000_15_10	wfjsp2_6.txt	1	3600	66274156	16	node3513.doduo.os	0
TS_25000_15_10	wfjsp2_4.txt	1	3600	66274154	14	node3513.doduo.os	0
TS_25000_15_10	wfjsp3_6.txt	1	3600	66274166	26	node3547.doduo.os	0
TS_25000_15_10	wfjsp2_10.txt	1	3600	66274160	20	node3529.doduo.os	0
TS_25000_15_10	wfjsp3_9.txt	1	3600	66274169	29	node3555.doduo.os	0
TS_25000_15_10	wfjsp4_7.txt	1	3600	66274177	37	node3620.doduo.os	0
TS_25000_15_10	wfjsp4_10.txt	1	3600	66274180	40	node3627.doduo.os	0
TS_25000_15_10	wfjsp2_2.txt	1	3600	66274152	12	node3513.doduo.os	0
CP_LBBD_CP_TS	Mk08.txt	1	3600	66273531	248	node3549.doduo.os	0
TS_25000_15_10	wfjsp3_4.txt	1	3600	66274164	24	node3532.doduo.os	0
TS_10000_10_5	wfjsp16_3.txt	1	3600	66274028	153	node3620.doduo.os	0
TS_10000_10_5	wfjsp16_2.txt	1	3600	66274027	152	node3619.doduo.os	0
TS_10000_10_5	wfjsp15_9.txt	1	3600	66274024	149	node3546.doduo.os	0
TS_10000_10_5	wfjsp16_1.txt	1	3600	66274026	151	node3558.doduo.os	0
TS_10000_10_5	wfjsp15_7.txt	1	3600	66274022	147	node3542.doduo.os	0
TS_10000_10_5	wfjsp15_6.txt	1	3600	66274021	146	node3537.doduo.os	0
TS_10000_10_5	wfjsp15_5.txt	1	3600	66274020	145	node3520.doduo.os	0
TS_25000_15_10	wfjsp3_8.txt	1	3600	66274168	28	node3555.doduo.os	0
TS_25000_15_10	wfjsp3_2.txt	1	3600	66274162	22	node3532.doduo.os	0
TS_10000_10_5	wfjsp15_10.txt	1	3600	66274025	150	node3546.doduo.os	0
TS_25000_15_10	wfjsp4_8.txt	1	3600	66274178	38	node3622.doduo.os	0
TS_25000_15_10	wfjsp4_4.txt	1	3600	66274174	34	node3615.doduo.os	0
TS_10000_10_5	wfjsp16_4.txt	1	3600	66274029	154	node3620.doduo.os	0
TS_10000_10_5	Mk07.txt	1	3600	66274126	247	node3506.doduo.os	0
TS_10000_10_5	wfjsp15_8.txt	1	3600	66274023	148	node3542.doduo.os	0
TS_25000_15_10	wfjsp4_1.txt	1	3600	66274171	31	node3560.doduo.os	0
TS_10000_10_5	Dauzere_04a.txt	1	3600	66274133	254	node3502.doduo.os	0
TS_25000_15_10	wfjsp4_6.txt	1	3600	66274176	36	node3619.doduo.os	0
CP_LBBD_CP_TS	wfjsp20_1.txt	1	3600	66273386	191	node3501.doduo.os	0
TS_25000_15_10	wfjsp4_3.txt	1	3600	66274173	33	node3601.doduo.os	0
TS_10000_10_5	Dauzere_02a.txt	1	3600	66274131	252	node3618.doduo.os	0
CP_LBBD_CP_TS	wfjsp20_2.txt	1	3600	66273387	192	node3501.doduo.os	0
TS_25000_15_10	wfjsp4_2.txt	1	3600	66274172	32	node3563.doduo.os	0
TS_10000_10_5	wfjsp20_8.txt	1	3600	66274077	198	node3513.doduo.os	0
TS_10000_10_5	wfjsp16_5.txt	1	3600	66274030	155	node3529.doduo.os	0
TS_10000_10_5	wfjsp16_10.txt	1	3600	66274035	160	node3536.doduo.os	0
TS_10000_10_5	wfjsp16_8.txt	1	3600	66274033	158	node3529.doduo.os	0
TS_10000_10_5	wfjsp16_7.txt	1	3600	66274032	157	node3529.doduo.os	0
TS_10000_10_5	wfjsp16_6.txt	1	3600	66274031	156	node3529.doduo.os	0
TS_10000_10_5	wfjsp16_9.txt	1	3600	66274034	159	node3529.doduo.os	0
TS_10000_10_5	wfjsp19_3.txt	1	3600	66274061	183	node3526.doduo.os	0
TS_10000_10_5	Mk09.txt	1	3600	66274128	249	node3525.doduo.os	0
TS_10000_10_5	Dauzere_05a.txt	1	3600	66274134	255	node3502.doduo.os	0
TS_25000_15_10	wfjsp5_10.txt	1	3600	66274192	50	node3532.doduo.os	0
TS_10000_10_5	Dauzere_07a.txt	1	3600	66274136	257	node3525.doduo.os	0
TS_25000_15_10	wfjsp5_9.txt	1	3600	66274191	49	node3529.doduo.os	0
TS_10000_10_5	wfjsp20_9.txt	1	3600	66274078	199	node3518.doduo.os	0
TS_10000_10_5	Dauzere_06a.txt	1	3600	66274135	256	node3525.doduo.os	0
TS_10000_10_5	wfjsp20_10.txt	1	3600	66274079	200	node3529.doduo.os	0
TS_10000_10_5	Dauzere_03a.txt	1	3600	66274132	253	node3618.doduo.os	0
TS_10000_10_5	Dauzere_10a.txt	1	3600	66274139	260	node3536.doduo.os	0
TS_25000_15_10	wfjsp5_3.txt	1	3600	66274185	43	node3513.doduo.os	0
TS_10000_10_5	wfjsp20_1.txt	1	3600	66274069	191	node3539.doduo.os	0
TS_25000_15_10	wfjsp6_9.txt	1	3600	66274201	59	node3556.doduo.os	0
TS_25000_15_10	wfjsp5_6.txt	1	3600	66274188	46	node3514.doduo.os	0
TS_10000_10_5	Mk10.txt	1	3600	66274129	250	node3525.doduo.os	0
TS_25000_15_10	wfjsp5_1.txt	1	3600	66274183	41	node3513.doduo.os	0
TS_10000_10_5	wfjsp20_7.txt	1	3600	66274076	197	node3506.doduo.os	0
TS_25000_15_10	wfjsp5_7.txt	1	3600	66274189	47	node3529.doduo.os	0
TS_25000_15_10	wfjsp5_8.txt	1	3600	66274190	48	node3529.doduo.os	0
TS_25000_15_10	wfjsp5_4.txt	1	3600	66274186	44	node3513.doduo.os	0
TS_25000_15_10	wfjsp6_3.txt	1	3600	66274195	53	node3536.doduo.os	0
TS_10000_10_5	wfjsp20_2.txt	1	3600	66274070	192	node3543.doduo.os	0
TS_10000_10_5	wfjsp22_1.txt	1	3600	66274090	211	node3541.doduo.os	0
TS_25000_15_10	wfjsp6_10.txt	1	3600	66274202	60	node3559.doduo.os	0
TS_25000_15_10	wfjsp5_2.txt	1	3600	66274184	42	node3513.doduo.os	0
TS_25000_15_10	wfjsp6_1.txt	1	3600	66274193	51	node3532.doduo.os	0
TS_10000_10_5	wfjsp20_4.txt	1	3600	66274072	194	node3601.doduo.os	0
TS_10000_10_5	Dauzere_11a.txt	1	3600	66274140	261	node3536.doduo.os	0
TS_10000_10_5	wfjsp21_6.txt	1	3600	66274085	206	node3619.doduo.os	0
TS_10000_10_5	wfjsp22_9.txt	1	3600	66274098	219	node3617.doduo.os	0
TS_25000_15_10	wfjsp6_6.txt	1	3600	66274198	56	node3540.doduo.os	0
TS_10000_10_5	Dauzere_08a.txt	1	3600	66274137	258	node3532.doduo.os	0
TS_10000_10_5	wfjsp22_2.txt	1	3600	66274091	212	node3555.doduo.os	0
TS_25000_15_10	wfjsp5_5.txt	1	3600	66274187	45	node3514.doduo.os	0
TS_25000_15_10	wfjsp6_8.txt	1	3600	66274200	58	node3555.doduo.os	0
TS_25000_15_10	wfjsp6_7.txt	1	3600	66274199	57	node3547.doduo.os	0
TS_25000_15_10	wfjsp6_5.txt	1	3600	66274197	55	node3540.doduo.os	0
TS_10000_10_5	wfjsp20_3.txt	1	3600	66274071	193	node3557.doduo.os	0
TS_25000_15_10	wfjsp6_4.txt	1	3600	66274196	54	node3537.doduo.os	0
TS_25000_15_10	wfjsp7_5.txt	1	3600	66274207	65	node3620.doduo.os	0
TS_10000_10_5	wfjsp21_1.txt	1	3600	66274080	201	node3532.doduo.os	0
TS_25000_15_10	wfjsp6_2.txt	1	3600	66274194	52	node3534.doduo.os	0
TS_10000_10_5	wfjsp20_6.txt	1	3600	66274074	196	node3621.doduo.os	0
TS_10000_10_5	wfjsp22_10.txt	1	3600	66274099	220	node3624.doduo.os	0
TS_10000_10_5	wfjsp22_5.txt	1	3600	66274094	215	node3514.doduo.os	0
TS_25000_15_10	wfjsp7_1.txt	1	3600	66274203	61	node3601.doduo.os	0
TS_10000_10_5	wfjsp21_4.txt	1	3600	66274083	204	node3561.doduo.os	0
TS_10000_10_5	wfjsp21_2.txt	1	3600	66274081	202	node3558.doduo.os	0
TS_10000_10_5	wfjsp21_5.txt	1	3600	66274084	205	node3601.doduo.os	0
TS_10000_10_5	wfjsp21_3.txt	1	3600	66274082	203	node3559.doduo.os	0
TS_25000_15_10	wfjsp7_2.txt	1	3600	66274204	62	node3601.doduo.os	0
TS_10000_10_5	wfjsp22_6.txt	1	3600	66274095	216	node3542.doduo.os	0
TS_25000_15_10	wfjsp7_4.txt	1	3600	66274206	64	node3619.doduo.os	0
TS_25000_15_10	wfjsp7_9.txt	1	3600	66274212	69	node3506.doduo.os	0
TS_10000_10_5	Dauzere_09a.txt	1	3600	66274138	259	node3532.doduo.os	0
TS_10000_10_5	wfjsp21_7.txt	1	3600	66274086	207	node3514.doduo.os	0
TS_10000_10_5	wfjsp22_3.txt	1	3600	66274092	213	node3557.doduo.os	0
TS_10000_10_5	wfjsp22_4.txt	1	3600	66274093	214	node3620.doduo.os	0
TS_10000_10_5	wfjsp21_8.txt	1	3600	66274087	208	node3527.doduo.os	0
TS_10000_10_5	wfjsp21_10.txt	1	3600	66274089	210	node3535.doduo.os	0
TS_10000_10_5	wfjsp21_9.txt	1	3600	66274088	209	node3527.doduo.os	0
CP_LBBD_CP_TS	wfjsp20_7.txt	1	3600	66273392	197	node3619.doduo.os	0
CP_LBBD_CP_TS	wfjsp20_3.txt	1	3600	66273388	193	node3535.doduo.os	0
CP_LBBD_CP_TS	wfjsp20_5.txt	1	3600	66273390	195	node3545.doduo.os	0
CP_LBBD_CP_TS	wfjsp20_4.txt	1	3600	66273389	194	node3544.doduo.os	0
CP_LBBD_CP_TS	wfjsp20_6.txt	1	3600	66273391	196	node3608.doduo.os	0
TS_10000_10_5	wfjsp22_8.txt	1	3600	66274097	218	node3615.doduo.os	0
TS_10000_10_5	wfjsp22_7.txt	1	3600	66274096	217	node3556.doduo.os	0
TS_25000_15_10	wfjsp7_8.txt	1	3600	66274211	68	node3502.doduo.os	0
TS_10000_10_5	wfjsp23_3.txt	1	3600	66274102	223	node3513.doduo.os	0
TS_10000_10_5	wfjsp23_8.txt	1	3600	66274107	228	node3525.doduo.os	0
TS_25000_15_10	wfjsp7_6.txt	1	3600	66274208	66	node3624.doduo.os	0
TS_10000_10_5	wfjsp24_6.txt	1	3600	66274115	236	node3529.doduo.os	0
TS_10000_10_5	wfjsp24_8.txt	1	3600	66274117	238	node3540.doduo.os	0
TS_10000_10_5	wfjsp23_7.txt	1	3600	66274106	227	node3524.doduo.os	0
TS_10000_10_5	wfjsp24_9.txt	1	3600	66274118	239	node3542.doduo.os	0
TS_10000_10_5	wfjsp24_7.txt	1	3600	66274116	237	node3534.doduo.os	0
TS_10000_10_5	wfjsp23_1.txt	1	3600	66274100	221	node3506.doduo.os	0
TS_10000_10_5	wfjsp23_2.txt	1	3600	66274101	222	node3511.doduo.os	0
TS_25000_15_10	wfjsp7_7.txt	1	3600	66274210	67	node3501.doduo.os	0
TS_10000_10_5	wfjsp23_5.txt	1	3600	66274104	225	node3513.doduo.os	0
TS_10000_10_5	wfjsp24_2.txt	1	3600	66274111	232	node3525.doduo.os	0
TS_10000_10_5	wfjsp23_6.txt	1	3600	66274105	226	node3513.doduo.os	0
TS_10000_10_5	wfjsp23_10.txt	1	3600	66274109	230	node3525.doduo.os	0
TS_10000_10_5	wfjsp23_4.txt	1	3600	66274103	224	node3513.doduo.os	0
TS_10000_10_5	wfjsp24_5.txt	1	3600	66274114	235	node3525.doduo.os	0
TS_10000_10_5	wfjsp24_3.txt	1	3600	66274112	233	node3525.doduo.os	0
TS_10000_10_5	wfjsp24_4.txt	1	3600	66274113	234	node3525.doduo.os	0
TS_10000_10_5	wfjsp23_9.txt	1	3600	66274108	229	node3525.doduo.os	0
TS_10000_10_5	wfjsp24_1.txt	1	3600	66274110	231	node3525.doduo.os	0
TS_25000_15_10	wfjsp7_10.txt	1	3600	66274213	70	node3513.doduo.os	0
CP_LBBD_CP_TS	wfjsp20_8.txt	1	3600	66273393	198	node3534.doduo.os	0
TS_10000_10_5	wfjsp24_10.txt	1	3600	66274119	240	node3534.doduo.os	0
TS_10000_10_5	Dauzere_12a.txt	1	3600	66270476	262	node3540.doduo.os	0
CP_LBBD_CP_TS	wfjsp20_9.txt	1	3600	66273396	199	node3536.doduo.os	0
CP_LBBD_CP_TS	wfjsp20_10.txt	1	3600	66273397	200	node3536.doduo.os	0
TS_25000_15_10	wfjsp7_3.txt	1	3600	66274205	63	node3608.doduo.os	0
CP_LBBD_CP_TS	wfjsp21_1.txt	1	3600	66273403	201	node3501.doduo.os	0
CP_LBBD_CP_TS	wfjsp21_2.txt	1	3600	66273404	202	node3561.doduo.os	0
CP_LBBD_CP_TS	wfjsp21_4.txt	1	3600	66273406	204	node3608.doduo.os	0
CP_LBBD_CP_TS	wfjsp21_3.txt	1	3600	66273405	203	node3562.doduo.os	0
CP_LBBD_CP_TS	wfjsp21_5.txt	1	3600	66273407	205	node3618.doduo.os	0
TS_25000_15_10	wfjsp8_5.txt	1	3600	66274218	75	node3529.doduo.os	0
TS_25000_15_10	wfjsp8_1.txt	1	3600	66274214	71	node3513.doduo.os	0
CP_LBBD_CP_TS	wfjsp21_9.txt	1	3600	66273418	209	node3561.doduo.os	0
CP_LBBD_CP_TS	wfjsp21_6.txt	1	3600	66273415	206	node3501.doduo.os	0
CP_LBBD_CP_TS	wfjsp21_10.txt	1	3600	66273419	210	node3561.doduo.os	0
CP_LBBD_CP_TS	wfjsp22_1.txt	1	3600	66273420	211	node3561.doduo.os	0
CP_LBBD_CP_TS	wfjsp21_8.txt	1	3600	66273417	208	node3561.doduo.os	0
CP_LBBD_CP_TS	wfjsp22_3.txt	1	3600	66273422	213	node3561.doduo.os	0
CP_LBBD_CP_TS	wfjsp21_7.txt	1	3600	66273416	207	node3501.doduo.os	0
TS_25000_15_10	wfjsp10_6.txt	1	3600	66274239	96	node3620.doduo.os	0
CP_LBBD_CP_TS	wfjsp22_2.txt	1	3600	66273421	212	node3561.doduo.os	0
TS_25000_15_10	wfjsp8_10.txt	1	3600	66274223	80	node3542.doduo.os	0
CP_LBBD_CP_TS	wfjsp22_4.txt	1	3600	66273430	214	node3501.doduo.os	0
TS_25000_15_10	wfjsp8_8.txt	1	3600	66274221	78	node3532.doduo.os	0
TS_25000_15_10	wfjsp9_9.txt	1	3600	66274232	89	node3558.doduo.os	0
CP_LBBD_CP_TS	wfjsp22_5.txt	1	3600	66273437	215	node3534.doduo.os	0
TS_25000_15_10	wfjsp8_9.txt	1	3600	66274222	79	node3537.doduo.os	0
TS_25000_15_10	wfjsp10_5.txt	1	3600	66274238	95	node3620.doduo.os	0
TS_25000_15_10	wfjsp10_1.txt	1	3600	66274234	91	node3615.doduo.os	0
TS_25000_15_10	wfjsp10_8.txt	1	3600	66274241	98	node3625.doduo.os	0
TS_25000_15_10	wfjsp10_9.txt	1	3600	66274242	99	node3627.doduo.os	0
TS_25000_15_10	wfjsp10_2.txt	1	3600	66274235	92	node3619.doduo.os	0
TS_25000_15_10	wfjsp10_10.txt	1	3600	66274243	100	node3501.doduo.os	0
TS_25000_15_10	wfjsp8_6.txt	1	3600	66274219	76	node3532.doduo.os	0
TS_25000_15_10	wfjsp8_4.txt	1	3600	66274217	74	node3524.doduo.os	0
TS_25000_15_10	wfjsp9_6.txt	1	3600	66274229	86	node3549.doduo.os	0
TS_25000_15_10	wfjsp8_3.txt	1	3600	66274216	73	node3520.doduo.os	0
TS_25000_15_10	wfjsp8_7.txt	1	3600	66274220	77	node3532.doduo.os	0
TS_25000_15_10	wfjsp9_2.txt	1	3600	66274225	82	node3544.doduo.os	0
TS_25000_15_10	wfjsp9_5.txt	1	3600	66274228	85	node3547.doduo.os	0
TS_25000_15_10	wfjsp10_4.txt	1	3600	66274237	94	node3620.doduo.os	0
TS_25000_15_10	wfjsp9_8.txt	1	3600	66274231	88	node3555.doduo.os	0
TS_25000_15_10	wfjsp11_6.txt	1	3600	66274249	106	node3529.doduo.os	0
TS_25000_15_10	wfjsp9_4.txt	1	3600	66274227	84	node3546.doduo.os	0
TS_25000_15_10	wfjsp10_3.txt	1	3600	66274236	93	node3619.doduo.os	0
TS_25000_15_10	wfjsp8_2.txt	1	3600	66274215	72	node3513.doduo.os	0
TS_25000_15_10	Mk01.txt	1	3600	66274390	241	node3549.doduo.os	0
TS_25000_15_10	wfjsp9_7.txt	1	3600	66274230	87	node3555.doduo.os	0
TS_25000_15_10	wfjsp9_10.txt	1	3600	66274233	90	node3560.doduo.os	0
CP_LBBD_CP_TS	wfjsp22_6.txt	1	3600	66273473	216	node3514.doduo.os	0
TS_25000_15_10	wfjsp10_7.txt	1	3600	66274240	97	node3622.doduo.os	0
CP_LBBD_CP_TS	wfjsp22_9.txt	1	3600	66273480	219	node3557.doduo.os	0
CP_LBBD_CP_TS	wfjsp22_8.txt	1	3600	66273479	218	node3545.doduo.os	0
CP_LBBD_CP_TS	wfjsp22_10.txt	1	3600	66273481	220	node3562.doduo.os	0
CP_LBBD_CP_TS	wfjsp22_7.txt	1	3600	66273478	217	node3535.doduo.os	0
TS_25000_15_10	wfjsp11_1.txt	1	3600	66274244	101	node3501.doduo.os	0
TS_25000_15_10	Mk02.txt	1	3600	66274391	242	node3532.doduo.os	0
TS_25000_15_10	wfjsp9_3.txt	1	3600	66274226	83	node3546.doduo.os	0
CP_LBBD_CP_TS	wfjsp23_1.txt	1	3600	66273489	221	node3514.doduo.os	0
CP_LBBD_CP_TS	wfjsp23_2.txt	1	3600	66273490	222	node3524.doduo.os	0
CP_LBBD_CP_TS	wfjsp23_4.txt	1	3600	66273491	224	node3547.doduo.os	0
TS_25000_15_10	Mk04.txt	1	3600	66274393	244	node3547.doduo.os	0
TS_25000_15_10	wfjsp9_1.txt	1	3600	66274224	81	node3542.doduo.os	0
CP_LBBD_CP_TS	wfjsp23_5.txt	1	3600	66273493	225	node3524.doduo.os	0
CP_LBBD_CP_TS	wfjsp23_9.txt	1	3600	66273497	229	node3624.doduo.os	0
CP_LBBD_CP_TS	wfjsp23_6.txt	1	3600	66273494	226	node3536.doduo.os	0
CP_LBBD_CP_TS	wfjsp23_7.txt	1	3600	66273495	227	node3547.doduo.os	0
CP_LBBD_CP_TS	wfjsp23_8.txt	1	3600	66273496	228	node3561.doduo.os	0
CP_LBBD_CP_TS	wfjsp23_10.txt	1	3600	66273498	230	node3624.doduo.os	0
TS_50000_30_20	wfjsp1_4.txt	1	3600	66274424	4	node3547.doduo.os	0
TS_50000_30_20	wfjsp1_2.txt	1	3600	66274422	2	node3542.doduo.os	0
TS_50000_30_20	wfjsp1_5.txt	1	3600	66274425	5	node3547.doduo.os	0
TS_50000_30_20	wfjsp1_3.txt	1	3600	66274423	3	node3546.doduo.os	0
TS_50000_30_20	wfjsp1_1.txt	1	3600	66274421	1	node3524.doduo.os	0
CP_LBBD_CP_TS	wfjsp24_2.txt	1	3600	66273501	232	node3542.doduo.os	0
CP_LBBD_CP_TS	wfjsp24_1.txt	1	3600	66273500	231	node3534.doduo.os	0
CP_LBBD_CP_TS	wfjsp24_3.txt	1	3600	66273502	233	node3615.doduo.os	0
CP_LBBD_CP_TS	wfjsp24_4.txt	1	3600	66273503	234	node3617.doduo.os	0
CP_LBBD_CP_TS	wfjsp24_5.txt	1	3600	66273504	235	node3622.doduo.os	0
TS_50000_30_20	wfjsp1_9.txt	1	3600	66274431	9	node3542.doduo.os	0
TS_50000_30_20	wfjsp1_6.txt	1	3600	66274428	6	node3524.doduo.os	0
TS_50000_30_20	wfjsp1_8.txt	1	3600	66274430	8	node3536.doduo.os	0
TS_50000_30_20	wfjsp1_10.txt	1	3600	66274432	10	node3546.doduo.os	0
TS_25000_15_10	wfjsp11_2.txt	1	3600	66274245	102	node3513.doduo.os	0
TS_25000_15_10	wfjsp11_3.txt	1	3600	66274246	103	node3529.doduo.os	0
TS_25000_15_10	wfjsp11_8.txt	1	3600	66274251	108	node3536.doduo.os	0
TS_25000_15_10	wfjsp11_9.txt	1	3600	66274252	109	node3563.doduo.os	0
TS_25000_15_10	wfjsp12_1.txt	1	3600	66274254	111	node3618.doduo.os	0
TS_25000_15_10	wfjsp11_10.txt	1	3600	66274253	110	node3601.doduo.os	0
TS_25000_15_10	wfjsp11_5.txt	1	3600	66274248	105	node3529.doduo.os	0
TS_25000_15_10	wfjsp11_4.txt	1	3600	66274247	104	node3529.doduo.os	0
TS_25000_15_10	wfjsp11_7.txt	1	3600	66274250	107	node3529.doduo.os	0
CP_LBBD_CP_TS	wfjsp24_6.txt	1	3600	66273505	236	node3501.doduo.os	0
TS_50000_30_20	wfjsp2_5.txt	1	3600	66274437	15	node3624.doduo.os	0
TS_25000_15_10	wfjsp17_5.txt	1	3600	66274310	165	node3601.doduo.os	0
CP_LBBD_CP_TS	wfjsp24_7.txt	1	3600	66273506	237	node3501.doduo.os	0
TS_25000_15_10	wfjsp18_9.txt	1	3600	66274324	179	node3615.doduo.os	0
TS_50000_30_20	wfjsp1_7.txt	1	3600	66274429	7	node3524.doduo.os	0
TS_50000_30_20	wfjsp2_1.txt	1	3600	66274433	11	node3547.doduo.os	0
TS_25000_15_10	wfjsp12_2.txt	1	3600	66274255	112	node3525.doduo.os	0
TS_25000_15_10	wfjsp12_3.txt	1	3600	66274256	113	node3526.doduo.os	0
TS_50000_30_20	wfjsp2_6.txt	1	3600	66274438	16	node3624.doduo.os	0
TS_50000_30_20	wfjsp2_2.txt	1	3600	66274434	12	node3547.doduo.os	0
TS_50000_30_20	wfjsp2_9.txt	1	3600	66274441	19	node3529.doduo.os	0
TS_50000_30_20	wfjsp2_4.txt	1	3600	66274436	14	node3561.doduo.os	0
TS_50000_30_20	wfjsp3_3.txt	1	3600	66274445	23	node3542.doduo.os	0
CP_LBBD_CP_TS	Mk02.txt	1	3600	66273515	242	node3624.doduo.os	0
CP_LBBD_CP_TS	wfjsp24_9.txt	1	3600	66273512	239	node3524.doduo.os	0
CP_LBBD_CP_TS	wfjsp24_10.txt	1	3600	66273513	240	node3546.doduo.os	0
CP_LBBD_CP_TS	wfjsp24_8.txt	1	3600	66273511	238	node3502.doduo.os	0
CP_LBBD_CP_TS	Mk01.txt	1	3600	66273514	241	node3558.doduo.os	0
TS_50000_30_20	wfjsp2_3.txt	1	3600	66274435	13	node3547.doduo.os	0
TS_50000_30_20	wfjsp2_8.txt	1	3600	66274440	18	node3524.doduo.os	0
TS_50000_30_20	wfjsp2_10.txt	1	3600	66274442	20	node3534.doduo.os	0
TS_50000_30_20	wfjsp3_5.txt	1	3600	66274447	25	node3546.doduo.os	0
TS_25000_15_10	wfjsp18_3.txt	1	3600	66274318	173	node3620.doduo.os	0
TS_50000_30_20	wfjsp3_1.txt	1	3600	66274443	21	node3536.doduo.os	0
TS_25000_15_10	wfjsp12_6.txt	1	3600	66274259	116	node3525.doduo.os	0
TS_25000_15_10	wfjsp12_7.txt	1	3600	66274260	117	node3529.doduo.os	0
TS_25000_15_10	wfjsp12_8.txt	1	3600	66274261	118	node3532.doduo.os	0
TS_25000_15_10	wfjsp12_5.txt	1	3600	66274258	115	node3518.doduo.os	0
TS_25000_15_10	wfjsp12_4.txt	1	3600	66274257	114	node3502.doduo.os	0
TS_25000_15_10	wfjsp18_10.txt	1	3600	66274325	180	node3619.doduo.os	0
TS_50000_30_20	wfjsp3_9.txt	1	3600	66274451	29	node3617.doduo.os	0
TS_25000_15_10	wfjsp17_1.txt	1	3600	66274306	161	node3559.doduo.os	0
CP_LBBD_CP_TS	Mk04.txt	1	3600	66273520	244	node3546.doduo.os	0
TS_50000_30_20	wfjsp3_7.txt	1	3600	66274449	27	node3601.doduo.os	0
TS_50000_30_20	wfjsp3_8.txt	1	3600	66274450	28	node3615.doduo.os	0
TS_25000_15_10	wfjsp18_5.txt	1	3600	66274320	175	node3544.doduo.os	0
TS_50000_30_20	wfjsp2_7.txt	1	3600	66274439	17	node3513.doduo.os	0
TS_50000_30_20	wfjsp4_5.txt	1	3600	66274459	35	node3525.doduo.os	0
TS_25000_15_10	wfjsp12_10.txt	1	3600	66274263	120	node3525.doduo.os	0
TS_25000_15_10	wfjsp12_9.txt	1	3600	66274262	119	node3513.doduo.os	0
TS_25000_15_10	wfjsp13_1.txt	1	3600	66274264	121	node3529.doduo.os	0
TS_25000_15_10	wfjsp13_2.txt	1	3600	66274265	122	node3536.doduo.os	0
TS_25000_15_10	wfjsp13_3.txt	1	3600	66274266	123	node3539.doduo.os	0
TS_25000_15_10	wfjsp13_4.txt	1	3600	66274267	124	node3556.doduo.os	0
TS_25000_15_10	wfjsp13_5.txt	1	3600	66274268	125	node3618.doduo.os	0
TS_50000_30_20	wfjsp3_10.txt	1	3600	66274452	30	node3618.doduo.os	0
TS_25000_15_10	wfjsp17_6.txt	1	3600	66274311	166	node3619.doduo.os	0
TS_25000_15_10	wfjsp18_8.txt	1	3600	66274323	178	node3608.doduo.os	0
TS_50000_30_20	wfjsp4_9.txt	1	3600	66274463	39	node3529.doduo.os	0
TS_50000_30_20	wfjsp3_2.txt	1	3600	66274444	22	node3536.doduo.os	0
TS_50000_30_20	wfjsp3_6.txt	1	3600	66274448	26	node3563.doduo.os	0
TS_25000_15_10	Mk03.txt	1	3600	66274392	243	node3544.doduo.os	0
TS_25000_15_10	wfjsp14_1.txt	1	3600	66274275	131	node3525.doduo.os	0
TS_25000_15_10	wfjsp13_7.txt	1	3600	66274271	127	node3513.doduo.os	0
TS_25000_15_10	wfjsp14_4.txt	1	3600	66274278	134	node3532.doduo.os	0
TS_25000_15_10	wfjsp13_10.txt	1	3600	66274274	130	node3514.doduo.os	0
TS_25000_15_10	wfjsp14_3.txt	1	3600	66274277	133	node3529.doduo.os	0
TS_25000_15_10	wfjsp14_7.txt	1	3600	66274281	137	node3543.doduo.os	0
TS_25000_15_10	wfjsp14_5.txt	1	3600	66274279	135	node3536.doduo.os	0
TS_25000_15_10	wfjsp13_6.txt	1	3600	66274270	126	node3506.doduo.os	0
TS_25000_15_10	wfjsp14_6.txt	1	3600	66274280	136	node3541.doduo.os	0
TS_25000_15_10	wfjsp14_8.txt	1	3600	66274282	138	node3559.doduo.os	0
TS_50000_30_20	wfjsp3_4.txt	1	3600	66274446	24	node3542.doduo.os	0
TS_25000_15_10	wfjsp13_9.txt	1	3600	66274273	129	node3513.doduo.os	0
TS_25000_15_10	wfjsp14_2.txt	1	3600	66274276	132	node3529.doduo.os	0
TS_25000_15_10	wfjsp13_8.txt	1	3600	66274272	128	node3513.doduo.os	0
CP_LBBD_CP_TS	Mk06.txt	1	3600	66273525	246	node3556.doduo.os	0
TS_50000_30_20	wfjsp4_10.txt	1	3600	66274464	40	node3547.doduo.os	0
TS_25000_15_10	wfjsp15_2.txt	1	3600	66274286	142	node3619.doduo.os	0
TS_25000_15_10	wfjsp14_9.txt	1	3600	66274283	139	node3536.doduo.os	0
TS_25000_15_10	wfjsp14_10.txt	1	3600	66274284	140	node3601.doduo.os	0
TS_25000_15_10	wfjsp15_1.txt	1	3600	66274285	141	node3617.doduo.os	0
TS_25000_15_10	wfjsp17_9.txt	1	3600	66274314	169	node3527.doduo.os	0
TS_25000_15_10	Mk05.txt	1	3600	66274395	245	node3529.doduo.os	0
TS_50000_30_20	wfjsp4_7.txt	1	3600	66274461	37	node3529.doduo.os	0
TS_25000_15_10	wfjsp17_2.txt	1	3600	66274307	162	node3561.doduo.os	0
TS_25000_15_10	wfjsp15_10.txt	1	3600	66274295	150	node3557.doduo.os	0
TS_25000_15_10	wfjsp15_4.txt	1	3600	66274289	144	node3532.doduo.os	0
TS_25000_15_10	wfjsp15_5.txt	1	3600	66274290	145	node3540.doduo.os	0
TS_25000_15_10	wfjsp15_9.txt	1	3600	66274294	149	node3555.doduo.os	0
TS_25000_15_10	wfjsp15_7.txt	1	3600	66274292	147	node3547.doduo.os	0
TS_25000_15_10	wfjsp15_3.txt	1	3600	66274288	143	node3514.doduo.os	0
TS_50000_30_20	wfjsp4_8.txt	1	3600	66274462	38	node3529.doduo.os	0
TS_25000_15_10	Mk08.txt	1	3600	66274399	248	node3513.doduo.os	0
TS_25000_15_10	wfjsp15_8.txt	1	3600	66274293	148	node3555.doduo.os	0
TS_25000_15_10	wfjsp17_3.txt	1	3600	66274308	163	node3601.doduo.os	0
TS_50000_30_20	wfjsp4_1.txt	1	3600	66274453	31	node3622.doduo.os	0
TS_25000_15_10	Mk07.txt	1	3600	66274397	247	node3620.doduo.os	0
TS_25000_15_10	wfjsp15_6.txt	1	3600	66274291	146	node3540.doduo.os	0
TS_50000_30_20	wfjsp4_4.txt	1	3600	66274458	34	node3524.doduo.os	0
TS_25000_15_10	wfjsp18_1.txt	1	3600	66274316	171	node3535.doduo.os	0
TS_25000_15_10	Mk06.txt	1	3600	66274396	246	node3555.doduo.os	0
TS_25000_15_10	wfjsp16_1.txt	1	3600	66274296	151	node3532.doduo.os	0
TS_25000_15_10	wfjsp16_3.txt	1	3600	66274298	153	node3620.doduo.os	0
TS_25000_15_10	wfjsp18_6.txt	1	3600	66274321	176	node3545.doduo.os	0
TS_25000_15_10	wfjsp16_2.txt	1	3600	66274297	152	node3537.doduo.os	0
TS_50000_30_20	wfjsp4_6.txt	1	3600	66274460	36	node3526.doduo.os	0
TS_50000_30_20	wfjsp4_3.txt	1	3600	66274457	33	node3501.doduo.os	0
TS_25000_15_10	Dauzere_01a.txt	1	3600	66274402	251	node3555.doduo.os	0
TS_25000_15_10	wfjsp16_4.txt	1	3600	66274299	154	node3534.doduo.os	0
TS_25000_15_10	wfjsp16_5.txt	1	3600	66274300	155	node3621.doduo.os	0
TS_50000_30_20	wfjsp4_2.txt	1	3600	66274456	32	node3501.doduo.os	0
TS_25000_15_10	wfjsp18_2.txt	1	3600	66274317	172	node3557.doduo.os	0
TS_25000_15_10	wfjsp16_8.txt	1	3600	66274303	158	node3532.doduo.os	0
TS_25000_15_10	wfjsp16_7.txt	1	3600	66274302	157	node3514.doduo.os	0
TS_25000_15_10	wfjsp17_7.txt	1	3600	66274312	167	node3624.doduo.os	0
TS_25000_15_10	wfjsp16_10.txt	1	3600	66274305	160	node3558.doduo.os	0
TS_25000_15_10	wfjsp17_10.txt	1	3600	66274315	170	node3527.doduo.os	0
TS_25000_15_10	wfjsp17_4.txt	1	3600	66274309	164	node3601.doduo.os	0
TS_25000_15_10	Dauzere_04a.txt	1	3600	66274406	254	node3514.doduo.os	0
TS_25000_15_10	wfjsp16_9.txt	1	3600	66274304	159	node3542.doduo.os	0
TS_25000_15_10	wfjsp16_6.txt	1	3600	66274301	156	node3506.doduo.os	0
TS_25000_15_10	wfjsp17_8.txt	1	3600	66274313	168	node3514.doduo.os	0
CP_LBBD_CP_TS	Mk09.txt	1	3600	66273537	249	node3543.doduo.os	0
TS_25000_15_10	wfjsp18_4.txt	1	3600	66274319	174	node3535.doduo.os	0
TS_25000_15_10	wfjsp18_7.txt	1	3600	66274322	177	node3556.doduo.os	0
CP_LBBD_CP_TS	Mk10.txt	1	3600	66273538	250	node3507.doduo.os	0
CP_LBBD_CP_TS	Dauzere_08a.txt	1	3600	66273546	258	node3507.doduo.os	0
CP_LBBD_CP_TS	Dauzere_10a.txt	1	3600	66273548	260	node3507.doduo.os	0
CP_LBBD_CP_TS	Dauzere_07a.txt	1	3600	66273545	257	node3507.doduo.os	0
CP_LBBD_CP_TS	Dauzere_02a.txt	1	3600	66273540	252	node3507.doduo.os	0
CP_LBBD_CP_TS	Dauzere_06a.txt	1	3600	66273544	256	node3507.doduo.os	0
CP_LBBD_CP_TS	Dauzere_09a.txt	1	3600	66273547	259	node3507.doduo.os	0
CP_LBBD_CP_TS	Dauzere_03a.txt	1	3600	66273541	253	node3507.doduo.os	0
CP_LBBD_CP_TS	Dauzere_11a.txt	1	3600	66270472	261	node3507.doduo.os	0
CP_LBBD_CP_TS	Dauzere_01a.txt	1	3600	66273539	251	node3507.doduo.os	0
CP_LBBD_CP_TS	Dauzere_04a.txt	1	3600	66273542	254	node3507.doduo.os	0
CP_LBBD_CP_TS	Dauzere_05a.txt	1	3600	66273543	255	node3507.doduo.os	0
TS_25000_15_10	wfjsp19_9.txt	1	3600	66274334	189	node3513.doduo.os	0
TS_25000_15_10	wfjsp20_6.txt	1	3600	66274341	196	node3525.doduo.os	0
TS_25000_15_10	wfjsp20_9.txt	1	3600	66274344	199	node3529.doduo.os	0
TS_25000_15_10	wfjsp19_10.txt	1	3600	66274335	190	node3524.doduo.os	0
TS_25000_15_10	wfjsp19_1.txt	1	3600	66274326	181	node3501.doduo.os	0
TS_25000_15_10	wfjsp21_1.txt	1	3600	66274346	201	node3540.doduo.os	0
TS_25000_15_10	wfjsp21_2.txt	1	3600	66274347	202	node3542.doduo.os	0
TS_25000_15_10	wfjsp20_10.txt	1	3600	66274345	200	node3534.doduo.os	0
TS_25000_15_10	wfjsp19_3.txt	1	3600	66274328	183	node3506.doduo.os	0
TS_25000_15_10	wfjsp19_2.txt	1	3600	66274327	182	node3502.doduo.os	0
TS_25000_15_10	wfjsp21_3.txt	1	3600	66274348	203	node3624.doduo.os	0
TS_25000_15_10	wfjsp19_4.txt	1	3600	66274329	184	node3511.doduo.os	0
TS_25000_15_10	wfjsp20_7.txt	1	3600	66274342	197	node3525.doduo.os	0
TS_25000_15_10	wfjsp20_1.txt	1	3600	66274336	191	node3525.doduo.os	0
TS_25000_15_10	wfjsp19_6.txt	1	3600	66274331	186	node3513.doduo.os	0
TS_25000_15_10	wfjsp19_8.txt	1	3600	66274333	188	node3513.doduo.os	0
TS_25000_15_10	wfjsp19_5.txt	1	3600	66274330	185	node3513.doduo.os	0
TS_25000_15_10	wfjsp20_2.txt	1	3600	66274337	192	node3525.doduo.os	0
TS_25000_15_10	wfjsp19_7.txt	1	3600	66274332	187	node3513.doduo.os	0
TS_25000_15_10	wfjsp20_8.txt	1	3600	66274343	198	node3525.doduo.os	0
TS_25000_15_10	wfjsp20_5.txt	1	3600	66274340	195	node3525.doduo.os	0
TS_25000_15_10	wfjsp20_4.txt	1	3600	66274339	194	node3525.doduo.os	0
TS_25000_15_10	wfjsp20_3.txt	1	3600	66274338	193	node3525.doduo.os	0
TS_25000_15_10	wfjsp21_4.txt	1	3600	66274349	204	node3534.doduo.os	0
TS_25000_15_10	wfjsp21_6.txt	1	3600	66274351	206	node3540.doduo.os	0
TS_25000_15_10	wfjsp21_5.txt	1	3600	66274350	205	node3534.doduo.os	0
TS_25000_15_10	wfjsp21_7.txt	1	3600	66274352	207	node3536.doduo.os	0
TS_25000_15_10	wfjsp21_9.txt	1	3600	66274354	209	node3608.doduo.os	0
TS_25000_15_10	wfjsp21_8.txt	1	3600	66274353	208	node3536.doduo.os	0
TS_50000_30_20	wfjsp5_3.txt	1	3600	66274467	43	node3615.doduo.os	0
TS_50000_30_20	wfjsp5_10.txt	1	3600	66274474	50	node3524.doduo.os	0
TS_25000_15_10	wfjsp22_1.txt	1	3600	66274357	211	node3513.doduo.os	0
TS_25000_15_10	wfjsp21_10.txt	1	3600	66274356	210	node3501.doduo.os	0
TS_25000_15_10	wfjsp22_2.txt	1	3600	66274358	212	node3529.doduo.os	0
TS_50000_30_20	wfjsp5_9.txt	1	3600	66274473	49	node3524.doduo.os	0
TS_25000_15_10	wfjsp22_5.txt	1	3600	66274361	215	node3608.doduo.os	0
TS_25000_15_10	wfjsp22_3.txt	1	3600	66274359	213	node3561.doduo.os	0
TS_25000_15_10	wfjsp22_4.txt	1	3600	66274360	214	node3562.doduo.os	0
TS_25000_15_10	wfjsp22_6.txt	1	3600	66274362	216	node3618.doduo.os	0
TS_25000_15_10	Dauzere_07a.txt	1	3600	66274413	257	node3532.doduo.os	0
TS_25000_15_10	wfjsp22_8.txt	1	3600	66274364	218	node3501.doduo.os	0
TS_25000_15_10	wfjsp22_10.txt	1	3600	66274366	220	node3561.doduo.os	0
TS_25000_15_10	wfjsp23_6.txt	1	3600	66274372	226	node3620.doduo.os	0
TS_25000_15_10	wfjsp22_9.txt	1	3600	66274365	219	node3542.doduo.os	0
TS_25000_15_10	Dauzere_05a.txt	1	3600	66274407	255	node3622.doduo.os	0
TS_25000_15_10	wfjsp23_3.txt	1	3600	66274369	223	node3561.doduo.os	0
TS_25000_15_10	wfjsp23_1.txt	1	3600	66274367	221	node3561.doduo.os	0
TS_25000_15_10	wfjsp23_4.txt	1	3600	66274370	224	node3561.doduo.os	0
TS_25000_15_10	wfjsp23_2.txt	1	3600	66274368	222	node3561.doduo.os	0
TS_25000_15_10	wfjsp23_5.txt	1	3600	66274371	225	node3561.doduo.os	0
TS_25000_15_10	wfjsp22_7.txt	1	3600	66274363	217	node3501.doduo.os	0
TS_25000_15_10	wfjsp23_8.txt	1	3600	66274376	228	node3532.doduo.os	0
TS_25000_15_10	wfjsp23_7.txt	1	3600	66274375	227	node3501.doduo.os	0
TS_25000_15_10	wfjsp24_2.txt	1	3600	66274380	232	node3615.doduo.os	0
TS_25000_15_10	wfjsp23_9.txt	1	3600	66274377	229	node3534.doduo.os	0
TS_25000_15_10	wfjsp24_3.txt	1	3600	66274381	233	node3620.doduo.os	0
TS_25000_15_10	wfjsp24_5.txt	1	3600	66274383	235	node3627.doduo.os	0
TS_25000_15_10	wfjsp24_1.txt	1	3600	66274379	231	node3558.doduo.os	0
TS_25000_15_10	wfjsp24_4.txt	1	3600	66274382	234	node3625.doduo.os	0
TS_25000_15_10	wfjsp23_10.txt	1	3600	66274378	230	node3537.doduo.os	0
TS_25000_15_10	Dauzere_02a.txt	1	3600	66274403	252	node3560.doduo.os	0
TS_25000_15_10	wfjsp24_6.txt	1	3600	66274384	236	node3619.doduo.os	0
TS_25000_15_10	wfjsp24_7.txt	1	3600	66274386	237	node3501.doduo.os	0
TS_25000_15_10	wfjsp24_9.txt	1	3600	66274388	239	node3524.doduo.os	0
TS_25000_15_10	wfjsp24_10.txt	1	3600	66274389	240	node3532.doduo.os	0
TS_25000_15_10	wfjsp24_8.txt	1	3600	66274387	238	node3520.doduo.os	0
TS_50000_30_20	wfjsp6_3.txt	1	3600	66274477	53	node3529.doduo.os	0
TS_50000_30_20	wfjsp5_2.txt	1	3600	66274466	42	node3601.doduo.os	0
TS_50000_30_20	wfjsp5_8.txt	1	3600	66274472	48	node3518.doduo.os	0
TS_50000_30_20	wfjsp6_10.txt	1	3600	66274484	60	node3547.doduo.os	0
TS_50000_30_20	wfjsp5_6.txt	1	3600	66274470	46	node3502.doduo.os	0
TS_25000_15_10	Dauzere_03a.txt	1	3600	66274404	253	node3619.doduo.os	0
TS_25000_15_10	Mk09.txt	1	3600	66274400	249	node3546.doduo.os	0
TS_25000_15_10	Mk10.txt	1	3600	66274401	250	node3549.doduo.os	0
TS_50000_30_20	wfjsp5_4.txt	1	3600	66274468	44	node3624.doduo.os	0
TS_50000_30_20	wfjsp5_1.txt	1	3600	66274465	41	node3547.doduo.os	0
TS_50000_30_20	wfjsp5_7.txt	1	3600	66274471	47	node3502.doduo.os	0
TS_50000_30_20	wfjsp6_9.txt	1	3600	66274483	59	node3546.doduo.os	0
TS_50000_30_20	wfjsp5_5.txt	1	3600	66274469	45	node3624.doduo.os	0
TS_25000_15_10	Dauzere_06a.txt	1	3600	66274412	256	node3501.doduo.os	0
TS_25000_15_10	Dauzere_10a.txt	1	3600	66274416	260	node3557.doduo.os	0
TS_25000_15_10	Dauzere_09a.txt	1	3600	66274415	259	node3545.doduo.os	0
TS_25000_15_10	Dauzere_08a.txt	1	3600	66274414	258	node3535.doduo.os	0
TS_25000_15_10	Dauzere_11a.txt	1	3600	66274417	261	node3562.doduo.os	0
TS_50000_30_20	wfjsp6_8.txt	1	3600	66274482	58	node3546.doduo.os	0
TS_25000_15_10	Dauzere_12a.txt	1	3600	66270477	262	node3514.doduo.os	0
TS_50000_30_20	wfjsp6_1.txt	1	3600	66274475	51	node3525.doduo.os	0
TS_50000_30_20	wfjsp6_7.txt	1	3600	66274481	57	node3542.doduo.os	0
TS_50000_30_20	wfjsp6_6.txt	1	3600	66274480	56	node3536.doduo.os	0
TS_50000_30_20	wfjsp6_5.txt	1	3600	66274479	55	node3534.doduo.os	0
TS_50000_30_20	wfjsp6_2.txt	1	3600	66274476	52	node3529.doduo.os	0
TS_50000_30_20	wfjsp6_4.txt	1	3600	66274478	54	node3532.doduo.os	0
TS_50000_30_20	wfjsp7_5.txt	1	3600	66274489	65	node3619.doduo.os	0
TS_50000_30_20	Mk01.txt	1	3600	66274706	241	node3546.doduo.os	0
TS_50000_30_20	wfjsp7_9.txt	1	3600	66274495	69	node3513.doduo.os	0
TS_50000_30_20	wfjsp7_10.txt	1	3600	66274496	70	node3525.doduo.os	0
TS_50000_30_20	wfjsp7_1.txt	1	3600	66274485	61	node3558.doduo.os	0
TS_50000_30_20	Mk04.txt	1	3600	66274712	244	node3535.doduo.os	0
TS_50000_30_20	Mk02.txt	1	3600	66274707	242	node3624.doduo.os	0
TS_50000_30_20	wfjsp7_6.txt	1	3600	66274490	66	node3620.doduo.os	0
TS_50000_30_20	wfjsp7_3.txt	1	3600	66274487	63	node3561.doduo.os	0
TS_50000_30_20	wfjsp7_8.txt	1	3600	66274494	68	node3513.doduo.os	0
TS_50000_30_20	wfjsp7_2.txt	1	3600	66274486	62	node3559.doduo.os	0
TS_50000_30_20	wfjsp7_4.txt	1	3600	66274488	64	node3617.doduo.os	0
TS_50000_30_20	wfjsp7_7.txt	1	3600	66274491	67	node3624.doduo.os	0
TS_50000_30_20	wfjsp8_2.txt	1	3600	66274498	72	node3529.doduo.os	0
TS_50000_30_20	wfjsp8_3.txt	1	3600	66274499	73	node3536.doduo.os	0
TS_50000_30_20	wfjsp8_6.txt	1	3600	66274502	76	node3546.doduo.os	0
TS_50000_30_20	wfjsp8_9.txt	1	3600	66274505	79	node3615.doduo.os	0
TS_50000_30_20	wfjsp8_4.txt	1	3600	66274500	74	node3539.doduo.os	0
TS_50000_30_20	wfjsp8_5.txt	1	3600	66274501	75	node3544.doduo.os	0
TS_50000_30_20	wfjsp8_7.txt	1	3600	66274503	77	node3556.doduo.os	0
TS_50000_30_20	wfjsp8_10.txt	1	3600	66274506	80	node3618.doduo.os	0
TS_50000_30_20	wfjsp8_8.txt	1	3600	66274504	78	node3601.doduo.os	0
TS_50000_30_20	wfjsp9_1.txt	1	3600	66274507	81	node3618.doduo.os	0
TS_50000_30_20	wfjsp8_1.txt	1	3600	66274497	71	node3525.doduo.os	0
TS_50000_30_20	wfjsp9_5.txt	1	3600	66274511	85	node3525.doduo.os	0
TS_50000_30_20	wfjsp9_3.txt	1	3600	66274509	83	node3513.doduo.os	0
TS_50000_30_20	wfjsp9_4.txt	1	3600	66274510	84	node3514.doduo.os	0
TS_50000_30_20	wfjsp10_7.txt	1	3600	66274523	97	node3619.doduo.os	0
TS_50000_30_20	wfjsp9_6.txt	1	3600	66274512	86	node3529.doduo.os	0
TS_50000_30_20	wfjsp9_8.txt	1	3600	66274514	88	node3532.doduo.os	0
TS_50000_30_20	wfjsp10_2.txt	1	3600	66274518	92	node3543.doduo.os	0
TS_50000_30_20	wfjsp9_10.txt	1	3600	66274516	90	node3536.doduo.os	0
TS_50000_30_20	wfjsp10_3.txt	1	3600	66274519	93	node3544.doduo.os	0
TS_50000_30_20	wfjsp10_6.txt	1	3600	66274522	96	node3608.doduo.os	0
TS_50000_30_20	wfjsp10_5.txt	1	3600	66274521	95	node3563.doduo.os	0
TS_50000_30_20	wfjsp10_1.txt	1	3600	66274517	91	node3541.doduo.os	0
TS_50000_30_20	wfjsp9_2.txt	1	3600	66274508	82	node3506.doduo.os	0
TS_50000_30_20	wfjsp10_4.txt	1	3600	66274520	94	node3559.doduo.os	0
TS_50000_30_20	wfjsp9_7.txt	1	3600	66274513	87	node3529.doduo.os	0
TS_50000_30_20	wfjsp9_9.txt	1	3600	66274515	89	node3536.doduo.os	0
TS_50000_30_20	wfjsp10_10.txt	1	3600	66274532	100	node3529.doduo.os	0
TS_50000_30_20	wfjsp11_1.txt	1	3600	66274533	101	node3536.doduo.os	0
TS_50000_30_20	wfjsp11_7.txt	1	3600	66274539	107	node3619.doduo.os	0
TS_50000_30_20	wfjsp10_9.txt	1	3600	66274531	99	node3513.doduo.os	0
TS_50000_30_20	wfjsp11_3.txt	1	3600	66274535	103	node3547.doduo.os	0
TS_50000_30_20	wfjsp11_2.txt	1	3600	66274534	102	node3542.doduo.os	0
TS_50000_30_20	wfjsp11_4.txt	1	3600	66274536	104	node3556.doduo.os	0
TS_50000_30_20	wfjsp11_6.txt	1	3600	66274538	106	node3617.doduo.os	0
TS_50000_30_20	wfjsp11_5.txt	1	3600	66274537	105	node3601.doduo.os	0
TS_50000_30_20	wfjsp10_8.txt	1	3600	66274530	98	node3513.doduo.os	0
TS_50000_30_20	wfjsp11_10.txt	1	3600	66274545	110	node3529.doduo.os	0
TS_50000_30_20	wfjsp12_8.txt	1	3600	66274553	118	node3561.doduo.os	0
TS_50000_30_20	wfjsp12_7.txt	1	3600	66274552	117	node3557.doduo.os	0
TS_50000_30_20	wfjsp12_6.txt	1	3600	66274551	116	node3555.doduo.os	0
TS_50000_30_20	wfjsp12_4.txt	1	3600	66274549	114	node3540.doduo.os	0
TS_50000_30_20	wfjsp12_3.txt	1	3600	66274548	113	node3532.doduo.os	0
TS_50000_30_20	wfjsp11_8.txt	1	3600	66274543	108	node3514.doduo.os	0
TS_50000_30_20	wfjsp11_9.txt	1	3600	66274544	109	node3527.doduo.os	0
TS_50000_30_20	wfjsp12_5.txt	1	3600	66274550	115	node3547.doduo.os	0
TS_50000_30_20	wfjsp12_2.txt	1	3600	66274547	112	node3529.doduo.os	0
TS_50000_30_20	wfjsp12_1.txt	1	3600	66274546	111	node3529.doduo.os	0
TS_50000_30_20	wfjsp12_9.txt	1	3600	66274557	119	node3513.doduo.os	0
TS_50000_30_20	wfjsp12_10.txt	1	3600	66274558	120	node3524.doduo.os	0
TS_50000_30_20	wfjsp13_10.txt	1	3600	66274568	130	node3620.doduo.os	0
TS_50000_30_20	wfjsp13_1.txt	1	3600	66274559	121	node3532.doduo.os	0
TS_50000_30_20	wfjsp13_7.txt	1	3600	66274565	127	node3555.doduo.os	0
TS_50000_30_20	wfjsp13_8.txt	1	3600	66274566	128	node3601.doduo.os	0
TS_50000_30_20	wfjsp13_2.txt	1	3600	66274560	122	node3535.doduo.os	0
TS_50000_30_20	wfjsp13_5.txt	1	3600	66274563	125	node3545.doduo.os	0
TS_50000_30_20	wfjsp13_3.txt	1	3600	66274561	123	node3537.doduo.os	0
TS_50000_30_20	wfjsp14_1.txt	1	3600	66274569	131	node3622.doduo.os	0
TS_50000_30_20	wfjsp13_4.txt	1	3600	66274562	124	node3540.doduo.os	0
TS_50000_30_20	wfjsp13_6.txt	1	3600	66274564	126	node3555.doduo.os	0
TS_50000_30_20	wfjsp13_9.txt	1	3600	66274567	129	node3620.doduo.os	0
TS_50000_30_20	wfjsp14_2.txt	1	3600	66274570	132	node3501.doduo.os	0
TS_50000_30_20	wfjsp14_4.txt	1	3600	66274572	134	node3534.doduo.os	0
TS_50000_30_20	wfjsp14_5.txt	1	3600	66274573	135	node3555.doduo.os	0
TS_50000_30_20	wfjsp14_6.txt	1	3600	66274574	136	node3621.doduo.os	0
TS_50000_30_20	wfjsp14_3.txt	1	3600	66274571	133	node3526.doduo.os	0
TS_50000_30_20	wfjsp14_10.txt	1	3600	66274583	140	node3514.doduo.os	0
TS_50000_30_20	wfjsp15_7.txt	1	3600	66274590	147	node3624.doduo.os	0
TS_50000_30_20	wfjsp15_2.txt	1	3600	66274585	142	node3532.doduo.os	0
TS_50000_30_20	wfjsp15_5.txt	1	3600	66274588	145	node3558.doduo.os	0
TS_50000_30_20	wfjsp15_4.txt	1	3600	66274587	144	node3557.doduo.os	0
TS_50000_30_20	wfjsp14_7.txt	1	3600	66274580	137	node3501.doduo.os	0
TS_50000_30_20	wfjsp15_1.txt	1	3600	66274584	141	node3527.doduo.os	0
TS_50000_30_20	wfjsp15_6.txt	1	3600	66274589	146	node3601.doduo.os	0
TS_50000_30_20	wfjsp15_3.txt	1	3600	66274586	143	node3542.doduo.os	0
TS_50000_30_20	wfjsp14_8.txt	1	3600	66274581	138	node3506.doduo.os	0
TS_50000_30_20	wfjsp14_9.txt	1	3600	66274582	139	node3514.doduo.os	0
TS_50000_30_20	wfjsp15_8.txt	1	3600	66274592	148	node3514.doduo.os	0
TS_50000_30_20	wfjsp15_10.txt	1	3600	66274594	150	node3543.doduo.os	0
TS_50000_30_20	wfjsp16_1.txt	1	3600	66274595	151	node3556.doduo.os	0
TS_50000_30_20	wfjsp15_9.txt	1	3600	66274593	149	node3535.doduo.os	0
TS_50000_30_20	Mk03.txt	1	3600	66274711	243	node3501.doduo.os	0
TS_50000_30_20	wfjsp17_8.txt	1	3600	66274613	168	node3513.doduo.os	0
TS_50000_30_20	wfjsp17_10.txt	1	3600	66274615	170	node3525.doduo.os	0
TS_50000_30_20	wfjsp17_9.txt	1	3600	66274614	169	node3524.doduo.os	0
TS_50000_30_20	wfjsp18_2.txt	1	3600	66274617	172	node3534.doduo.os	0
TS_50000_30_20	wfjsp18_1.txt	1	3600	66274616	171	node3529.doduo.os	0
TS_50000_30_20	wfjsp16_2.txt	1	3600	66274597	152	node3501.doduo.os	0
TS_50000_30_20	wfjsp18_3.txt	1	3600	66274618	173	node3540.doduo.os	0
TS_50000_30_20	wfjsp18_4.txt	1	3600	66274619	174	node3542.doduo.os	0
TS_50000_30_20	wfjsp18_5.txt	1	3600	66274620	175	node3624.doduo.os	0
TS_50000_30_20	wfjsp16_3.txt	1	3600	66274598	153	node3502.doduo.os	0
TS_50000_30_20	wfjsp16_5.txt	1	3600	66274600	155	node3507.doduo.os	0
TS_50000_30_20	wfjsp16_4.txt	1	3600	66274599	154	node3506.doduo.os	0
TS_50000_30_20	wfjsp17_7.txt	1	3600	66274612	167	node3511.doduo.os	0
TS_50000_30_20	wfjsp17_4.txt	1	3600	66274609	164	node3507.doduo.os	0
TS_50000_30_20	wfjsp16_8.txt	1	3600	66274603	158	node3507.doduo.os	0
TS_50000_30_20	wfjsp16_9.txt	1	3600	66274604	159	node3507.doduo.os	0
TS_50000_30_20	wfjsp16_6.txt	1	3600	66274601	156	node3507.doduo.os	0
TS_50000_30_20	wfjsp16_10.txt	1	3600	66274605	160	node3507.doduo.os	0
TS_50000_30_20	wfjsp17_6.txt	1	3600	66274611	166	node3507.doduo.os	0
TS_50000_30_20	Mk06.txt	1	3600	66274714	246	node3557.doduo.os	0
TS_50000_30_20	wfjsp17_2.txt	1	3600	66274607	162	node3507.doduo.os	0
TS_50000_30_20	wfjsp17_1.txt	1	3600	66274606	161	node3507.doduo.os	0
TS_50000_30_20	wfjsp16_7.txt	1	3600	66274602	157	node3507.doduo.os	0
TS_50000_30_20	wfjsp17_5.txt	1	3600	66274610	165	node3507.doduo.os	0
TS_50000_30_20	wfjsp17_3.txt	1	3600	66274608	163	node3507.doduo.os	0
TS_50000_30_20	wfjsp18_10.txt	1	3600	66274627	180	node3525.doduo.os	0
TS_50000_30_20	wfjsp18_6.txt	1	3600	66274623	176	node3513.doduo.os	0
TS_50000_30_20	wfjsp19_7.txt	1	3600	66274634	187	node3534.doduo.os	0
TS_50000_30_20	wfjsp19_8.txt	1	3600	66274635	188	node3540.doduo.os	0
TS_50000_30_20	wfjsp18_9.txt	1	3600	66274626	179	node3513.doduo.os	0
TS_50000_30_20	wfjsp19_1.txt	1	3600	66274628	181	node3525.doduo.os	0
TS_50000_30_20	wfjsp19_2.txt	1	3600	66274629	182	node3525.doduo.os	0
TS_50000_30_20	wfjsp19_6.txt	1	3600	66274633	186	node3525.doduo.os	0
TS_50000_30_20	wfjsp18_7.txt	1	3600	66274624	177	node3513.doduo.os	0
TS_50000_30_20	wfjsp19_3.txt	1	3600	66274630	183	node3525.doduo.os	0
TS_50000_30_20	wfjsp19_5.txt	1	3600	66274632	185	node3525.doduo.os	0
TS_50000_30_20	wfjsp18_8.txt	1	3600	66274625	178	node3513.doduo.os	0
TS_50000_30_20	wfjsp19_4.txt	1	3600	66274631	184	node3525.doduo.os	0
TS_50000_30_20	Mk08.txt	1	3600	66274722	248	node3514.doduo.os	0
TS_50000_30_20	wfjsp19_9.txt	1	3600	66274639	189	node3534.doduo.os	0
TS_50000_30_20	wfjsp19_10.txt	1	3600	66274640	190	node3536.doduo.os	0
TS_50000_30_20	wfjsp20_1.txt	1	3600	66274641	191	node3608.doduo.os	0
TS_50000_30_20	wfjsp20_3.txt	1	3600	66274643	193	node3513.doduo.os	0
TS_50000_30_20	wfjsp20_2.txt	1	3600	66274642	192	node3501.doduo.os	0
TS_50000_30_20	wfjsp20_7.txt	1	3600	66274647	197	node3536.doduo.os	0
TS_50000_30_20	wfjsp20_6.txt	1	3600	66274646	196	node3529.doduo.os	0
TS_50000_30_20	wfjsp20_4.txt	1	3600	66274644	194	node3524.doduo.os	0
TS_50000_30_20	wfjsp21_1.txt	1	3600	66274651	201	node3615.doduo.os	0
TS_50000_30_20	wfjsp20_10.txt	1	3600	66274650	200	node3608.doduo.os	0
TS_50000_30_20	wfjsp20_9.txt	1	3600	66274649	199	node3562.doduo.os	0
TS_50000_30_20	wfjsp20_8.txt	1	3600	66274648	198	node3561.doduo.os	0
TS_50000_30_20	wfjsp21_2.txt	1	3600	66274652	202	node3618.doduo.os	0
TS_50000_30_20	wfjsp20_5.txt	1	3600	66274645	195	node3524.doduo.os	0
TS_50000_30_20	Mk05.txt	1	3600	66274713	245	node3545.doduo.os	0
TS_50000_30_20	wfjsp21_6.txt	1	3600	66274657	206	node3561.doduo.os	0
TS_50000_30_20	wfjsp21_7.txt	1	3600	66274658	207	node3620.doduo.os	0
TS_50000_30_20	wfjsp21_5.txt	1	3600	66274656	205	node3542.doduo.os	0
TS_50000_30_20	wfjsp21_3.txt	1	3600	66274654	203	node3501.doduo.os	0
TS_50000_30_20	wfjsp21_4.txt	1	3600	66274655	204	node3532.doduo.os	0
TS_50000_30_20	wfjsp21_8.txt	1	3600	66274659	208	node3622.doduo.os	0
TS_50000_30_20	wfjsp22_2.txt	1	3600	66274664	212	node3561.doduo.os	0
TS_50000_30_20	wfjsp22_1.txt	1	3600	66274663	211	node3532.doduo.os	0
TS_50000_30_20	wfjsp21_9.txt	1	3600	66274661	209	node3501.doduo.os	0
TS_50000_30_20	wfjsp21_10.txt	1	3600	66274662	210	node3501.doduo.os	0
TS_50000_30_20	wfjsp22_6.txt	1	3600	66274668	216	node3561.doduo.os	0
TS_50000_30_20	wfjsp22_5.txt	1	3600	66274667	215	node3561.doduo.os	0
TS_50000_30_20	wfjsp22_4.txt	1	3600	66274666	214	node3561.doduo.os	0
TS_50000_30_20	wfjsp22_3.txt	1	3600	66274665	213	node3561.doduo.os	0
TS_50000_30_20	wfjsp22_7.txt	1	3600	66274670	217	node3534.doduo.os	0
TS_50000_30_20	wfjsp23_1.txt	1	3600	66274674	221	node3620.doduo.os	0
TS_50000_30_20	wfjsp22_9.txt	1	3600	66274672	219	node3558.doduo.os	0
TS_50000_30_20	wfjsp22_10.txt	1	3600	66274673	220	node3615.doduo.os	0
TS_50000_30_20	wfjsp22_8.txt	1	3600	66274671	218	node3537.doduo.os	0
TS_50000_30_20	wfjsp23_3.txt	1	3600	66274676	223	node3627.doduo.os	0
TS_50000_30_20	wfjsp23_2.txt	1	3600	66274675	222	node3625.doduo.os	0
TS_50000_30_20	wfjsp23_5.txt	1	3600	66274688	225	node3619.doduo.os	0
TS_50000_30_20	wfjsp23_4.txt	1	3600	66274687	224	node3560.doduo.os	0
TS_50000_30_20	wfjsp23_6.txt	1	3600	66274689	226	node3501.doduo.os	0
TS_50000_30_20	wfjsp23_9.txt	1	3600	66274692	229	node3529.doduo.os	0
TS_50000_30_20	wfjsp23_8.txt	1	3600	66274691	228	node3524.doduo.os	0
TS_50000_30_20	wfjsp23_10.txt	1	3600	66274693	230	node3532.doduo.os	0
TS_50000_30_20	wfjsp23_7.txt	1	3600	66274690	227	node3520.doduo.os	0
TS_50000_30_20	wfjsp24_1.txt	1	3600	66274695	231	node3601.doduo.os	0
TS_50000_30_20	wfjsp24_3.txt	1	3600	66274697	233	node3547.doduo.os	0
TS_50000_30_20	wfjsp24_2.txt	1	3600	66274696	232	node3518.doduo.os	0
TS_50000_30_20	wfjsp24_5.txt	1	3600	66274699	235	node3546.doduo.os	0
TS_50000_30_20	wfjsp24_7.txt	1	3600	66274701	237	node3619.doduo.os	0
TS_50000_30_20	wfjsp24_4.txt	1	3600	66274698	234	node3502.doduo.os	0
TS_50000_30_20	wfjsp24_6.txt	1	3600	66274700	236	node3549.doduo.os	0
TS_50000_30_20	wfjsp24_9.txt	1	3600	66274703	239	node3624.doduo.os	0
TS_50000_30_20	wfjsp24_8.txt	1	3600	66274702	238	node3547.doduo.os	0
TS_50000_30_20	Dauzere_04a.txt	1	3600	66274743	254	node3529.doduo.os	0
TS_50000_30_20	wfjsp24_10.txt	1	3600	66274705	240	node3502.doduo.os	0
TS_50000_30_20	Mk07.txt	1	3600	66274715	247	node3562.doduo.os	0
TS_50000_30_20	Dauzere_01a.txt	1	3600	66274730	251	node3542.doduo.os	0
TS_50000_30_20	Mk10.txt	1	3600	66274724	250	node3546.doduo.os	0
TS_50000_30_20	Mk09.txt	1	3600	66274723	249	node3525.doduo.os	0
TS_50000_30_20	Dauzere_02a.txt	1	3600	66274736	252	node3536.doduo.os	0
TS_50000_30_20	Dauzere_03a.txt	1	3600	66274741	253	node3534.doduo.os	0
TS_50000_30_20	Dauzere_05a.txt	1	3600	66274744	255	node3532.doduo.os	0
TS_50000_30_20	Dauzere_06a.txt	1	3600	66274753	256	node3546.doduo.os	0
TS_50000_30_20	Dauzere_07a.txt	1	3600	66274754	257	node3619.doduo.os	0
TS_50000_30_20	Dauzere_08a.txt	1	3600	66274770	258	node3513.doduo.os	0
TS_50000_30_20	Dauzere_09a.txt	1	3600	66274780	259	node3525.doduo.os	0
TS_50000_30_20	Dauzere_10a.txt	1	3600	66274785	260	node3558.doduo.os	0
TS_50000_30_20	Dauzere_12a.txt	1	3600	66270478	262	node3624.doduo.os	0
TS_50000_30_20	Dauzere_11a.txt	1	3600	66274788	261	node3535.doduo.os	0
