method,instance,seed,cmax,time,ref,gap
FaF,Dauzere_01a.txt,1,3141.0,8.66021,2921.0,7.5317
FaF,Dauzere_01a.txt,2,3083.0,12.1641,2921.0,5.546
FaF,Dauzere_01a.txt,3,3064.0,9.90509,2921.0,4.8956
FaF,Dauzere_01a.txt,4,3141.0,4.65325,2921.0,7.5317
FaF,Dauzere_01a.txt,5,3088.0,14.3427,2921.0,5.7172
FaF,Dauzere_02a.txt,1,2927.0,18.957,2914.0,0.4461
FaF,Dauzere_02a.txt,2,2942.0,12.343,2914.0,0.9609
FaF,Dauzere_02a.txt,3,2954.0,9.59733,2914.0,1.3727
FaF,Dauzere_02a.txt,4,2932.0,13.9287,2914.0,0.6177
FaF,Dauzere_02a.txt,5,2937.0,23.4426,2914.0,0.7893
FaF,Dauzere_03a.txt,1,2988.0,18.818,2910.0,2.6804
FaF,Dauzere_03a.txt,2,2962.0,17.5698,2910.0,1.7869
FaF,Dauzere_03a.txt,3,2978.0,17.7845,2910.0,2.3368
FaF,Dauzere_03a.txt,4,2963.0,19.3905,2910.0,1.8213
FaF,Dauzere_03a.txt,5,2931.0,23.053,2910.0,0.7216
FaF,Dauzere_04a.txt,1,3206.0,2.50923,2911.0,10.134
FaF,Dauzere_04a.txt,2,3020.0,19.2832,2911.0,3.7444
FaF,Dauzere_04a.txt,3,3061.0,11.5788,2911.0,5.1529
FaF,Dauzere_04a.txt,4,3108.0,7.80868,2911.0,6.7674
FaF,Dauzere_04a.txt,5,3146.0,6.10802,2911.0,8.0728
FaF,Dauzere_05a.txt,1,2920.0,19.1718,2888.0,1.108
FaF,Dauzere_05a.txt,2,2910.0,33.0826,2888.0,0.7618
FaF,Dauzere_05a.txt,3,2926.0,19.6314,2888.0,1.3158
FaF,Dauzere_05a.txt,4,2904.0,29.9722,2888.0,0.554
FaF,Dauzere_05a.txt,5,2931.0,14.2066,2888.0,1.4889
FaF,Dauzere_06a.txt,1,2888.0,38.6689,2877.0,0.3823
FaF,Dauzere_06a.txt,2,2883.0,89.3142,2877.0,0.2086
FaF,Dauzere_06a.txt,3,2975.0,22.5905,2877.0,3.4063
FaF,Dauzere_06a.txt,4,2980.0,15.1557,2877.0,3.5801
FaF,Dauzere_06a.txt,5,2891.0,49.6258,2877.0,0.4866
FaF,Dauzere_07a.txt,1,3132.0,14.0014,2917.0,7.3706
FaF,Dauzere_07a.txt,2,3085.0,27.5637,2917.0,5.7593
FaF,Dauzere_07a.txt,3,3103.0,17.6777,2917.0,6.3764
FaF,Dauzere_07a.txt,4,3101.0,19.5849,2917.0,6.3079
FaF,Dauzere_07a.txt,5,3120.0,26.3882,2917.0,6.9592
FaF,Dauzere_08a.txt,1,2894.0,91.6881,2883.0,0.3815
FaF,Dauzere_08a.txt,2,2895.0,92.4406,2883.0,0.4162
FaF,Dauzere_08a.txt,3,2891.0,46.8879,2883.0,0.2775
FaF,Dauzere_08a.txt,4,2906.0,58.8221,2883.0,0.7978
FaF,Dauzere_08a.txt,5,2882.0,117.446,2883.0,-0.0347
FaF,Dauzere_09a.txt,1,2873.0,213.016,2880.0,-0.2431
FaF,Dauzere_09a.txt,2,2997.0,72.1605,2880.0,4.0625
FaF,Dauzere_09a.txt,3,2992.0,27.3604,2880.0,3.8889
FaF,Dauzere_09a.txt,4,2885.0,67.5715,2880.0,0.1736
FaF,Dauzere_09a.txt,5,2888.0,108.9,2880.0,0.2778
FaF,Dauzere_10a.txt,1,3134.0,9.70379,2922.0,7.2553
FaF,Dauzere_10a.txt,2,3093.0,23.9009,2922.0,5.8522
FaF,Dauzere_10a.txt,3,3052.0,35.8805,2922.0,4.449
FaF,Dauzere_10a.txt,4,3054.0,31.3713,2922.0,4.5175
FaF,Dauzere_10a.txt,5,3066.0,33.8817,2922.0,4.9281
FaF,Dauzere_11a.txt,1,2883.0,64.3285,2876.0,0.2434
FaF,Dauzere_11a.txt,2,2903.0,24.5602,2876.0,0.9388
FaF,Dauzere_11a.txt,3,2882.0,95.0187,2876.0,0.2086
FaF,Dauzere_11a.txt,4,2886.0,34.8007,2876.0,0.3477
FaF,Dauzere_11a.txt,5,2892.0,60.5645,2876.0,0.5563
FaF,Dauzere_12a.txt,1,2962.0,38.3236,2840.0,4.2958
FaF,Dauzere_12a.txt,2,2955.0,44.92,2840.0,4.0493
FaF,Dauzere_12a.txt,3,2949.0,81.3804,2840.0,3.838
FaF,Dauzere_12a.txt,4,2822.0,132.258,2840.0,-0.6338
FaF,Dauzere_12a.txt,5,2816.0,166.935,2840.0,-0.8451
FaF,Mk01.txt,1,75.0,0.538372,70.0,7.1429
FaF,Mk01.txt,2,79.0,0.29224,70.0,12.8571
FaF,Mk01.txt,3,76.0,0.652185,70.0,8.5714
FaF,Mk01.txt,4,77.0,0.668876,70.0,10.0
FaF,Mk01.txt,5,75.0,0.591681,70.0,7.1429
FaF,Mk02.txt,1,74.0,0.691035,67.0,10.4478
FaF,Mk02.txt,2,71.0,1.39668,67.0,5.9701
FaF,Mk02.txt,3,70.0,1.83915,67.0,4.4776
FaF,Mk02.txt,4,73.0,1.06305,67.0,8.9552
FaF,Mk02.txt,5,70.0,1.13163,67.0,4.4776
FaF,Mk03.txt,1,257.0,5.04136,238.0,7.9832
FaF,Mk03.txt,2,255.0,3.38292,238.0,7.1429
FaF,Mk03.txt,3,247.0,7.08198,238.0,3.7815
FaF,Mk03.txt,4,244.0,5.21145,238.0,2.521
FaF,Mk03.txt,5,256.0,4.48342,238.0,7.563
FaF,Mk04.txt,1,100.0,3.48819,95.0,5.2632
FaF,Mk04.txt,2,107.0,1.89348,95.0,12.6316
FaF,Mk04.txt,3,106.0,1.71837,95.0,11.5789
FaF,Mk04.txt,4,104.0,1.61543,95.0,9.4737
FaF,Mk04.txt,5,104.0,2.08983,95.0,9.4737
FaF,Mk05.txt,1,313.0,3.71079,299.0,4.6823
FaF,Mk05.txt,2,315.0,4.26789,299.0,5.3512
FaF,Mk05.txt,3,310.0,6.96904,299.0,3.6789
FaF,Mk05.txt,4,312.0,5.22722,299.0,4.3478
FaF,Mk05.txt,5,308.0,9.19961,299.0,3.01
FaF,Mk06.txt,1,121.0,38.7215,109.0,11.0092
FaF,Mk06.txt,2,120.0,21.9966,109.0,10.0917
FaF,Mk06.txt,3,121.0,12.4672,109.0,11.0092
FaF,Mk06.txt,4,125.0,9.57986,109.0,14.6789
FaF,Mk06.txt,5,124.0,16.4177,109.0,13.7615
FaF,Mk07.txt,1,231.0,9.45853,222.0,4.0541
FaF,Mk07.txt,2,236.0,3.51602,222.0,6.3063
FaF,Mk07.txt,3,241.0,5.11635,222.0,8.5586
FaF,Mk07.txt,4,232.0,5.16752,222.0,4.5045
FaF,Mk07.txt,5,235.0,7.00991,222.0,5.8559
FaF,Mk08.txt,1,626.0,15.1711,624.0,0.3205
FaF,Mk08.txt,2,640.0,11.1922,624.0,2.5641
FaF,Mk08.txt,3,638.0,13.1237,624.0,2.2436
FaF,Mk08.txt,4,643.0,5.91847,624.0,3.0449
FaF,Mk08.txt,5,640.0,7.33151,624.0,2.5641
FaF,Mk09.txt,1,494.0,60.8585,479.0,3.1315
FaF,Mk09.txt,2,490.0,128.852,479.0,2.2965
FaF,Mk09.txt,3,487.0,82.4968,479.0,1.6701
FaF,Mk09.txt,4,489.0,91.1216,479.0,2.0877
FaF,Mk09.txt,5,485.0,66.416,479.0,1.2526
FaF,Mk10.txt,1,334.0,91.6241,326.0,2.454
FaF,Mk10.txt,2,335.0,95.6875,326.0,2.7607
FaF,Mk10.txt,3,336.0,92.7544,326.0,3.0675
FaF,Mk10.txt,4,338.0,100.068,326.0,3.681
FaF,Mk10.txt,5,337.0,104.129,326.0,3.3742
FaF,wfjsp10_1.txt,1,810.0,9.19934,781.0,3.7132
FaF,wfjsp10_1.txt,2,826.0,4.19592,781.0,5.7618
FaF,wfjsp10_1.txt,3,823.0,2.85875,781.0,5.3777
FaF,wfjsp10_1.txt,4,838.0,4.85365,781.0,7.2983
FaF,wfjsp10_1.txt,5,819.0,3.62152,781.0,4.8656
FaF,wfjsp10_10.txt,1,882.0,8.3417,859.0,2.6775
FaF,wfjsp10_10.txt,2,875.0,6.52362,859.0,1.8626
FaF,wfjsp10_10.txt,3,876.0,8.61369,859.0,1.979
FaF,wfjsp10_10.txt,4,895.0,3.19498,859.0,4.1909
FaF,wfjsp10_10.txt,5,894.0,3.2597,859.0,4.0745
FaF,wfjsp10_2.txt,1,872.0,4.49894,836.0,4.3062
FaF,wfjsp10_2.txt,2,867.0,15.1167,836.0,3.7081
FaF,wfjsp10_2.txt,3,871.0,6.16558,836.0,4.1866
FaF,wfjsp10_2.txt,4,881.0,6.46195,836.0,5.3828
FaF,wfjsp10_2.txt,5,879.0,6.80816,836.0,5.1435
FaF,wfjsp10_3.txt,1,1003.0,2.76721,923.0,8.6674
FaF,wfjsp10_3.txt,2,986.0,3.57332,923.0,6.8256
FaF,wfjsp10_3.txt,3,966.0,7.82175,923.0,4.6587
FaF,wfjsp10_3.txt,4,960.0,10.3796,923.0,4.0087
FaF,wfjsp10_3.txt,5,967.0,8.72494,923.0,4.7671
FaF,wfjsp10_4.txt,1,903.0,5.04598,873.0,3.4364
FaF,wfjsp10_4.txt,2,886.0,5.6381,873.0,1.4891
FaF,wfjsp10_4.txt,3,896.0,6.53587,873.0,2.6346
FaF,wfjsp10_4.txt,4,884.0,6.27842,873.0,1.26
FaF,wfjsp10_4.txt,5,897.0,5.4844,873.0,2.7491
FaF,wfjsp10_5.txt,1,769.0,7.8517,733.0,4.9113
FaF,wfjsp10_5.txt,2,769.0,6.9738,733.0,4.9113
FaF,wfjsp10_5.txt,3,778.0,5.77524,733.0,6.1392
FaF,wfjsp10_5.txt,4,768.0,6.05695,733.0,4.7749
FaF,wfjsp10_5.txt,5,779.0,5.28979,733.0,6.2756
FaF,wfjsp10_6.txt,1,928.0,9.79378,896.0,3.5714
FaF,wfjsp10_6.txt,2,939.0,5.8783,896.0,4.7991
FaF,wfjsp10_6.txt,3,926.0,5.47535,896.0,3.3482
FaF,wfjsp10_6.txt,4,927.0,8.98261,896.0,3.4598
FaF,wfjsp10_6.txt,5,928.0,7.12063,896.0,3.5714
FaF,wfjsp10_7.txt,1,870.0,8.92415,819.0,6.2271
FaF,wfjsp10_7.txt,2,855.0,6.2807,819.0,4.3956
FaF,wfjsp10_7.txt,3,859.0,9.78591,819.0,4.884
FaF,wfjsp10_7.txt,4,865.0,7.90546,819.0,5.6166
FaF,wfjsp10_7.txt,5,861.0,4.71027,819.0,5.1282
FaF,wfjsp10_8.txt,1,875.0,2.62291,824.0,6.1893
FaF,wfjsp10_8.txt,2,863.0,6.61341,824.0,4.733
FaF,wfjsp10_8.txt,3,857.0,7.05566,824.0,4.0049
FaF,wfjsp10_8.txt,4,862.0,8.9888,824.0,4.6117
FaF,wfjsp10_8.txt,5,886.0,4.2436,824.0,7.5243
FaF,wfjsp10_9.txt,1,834.0,8.25283,803.0,3.8605
FaF,wfjsp10_9.txt,2,865.0,2.91826,803.0,7.721
FaF,wfjsp10_9.txt,3,824.0,20.3869,803.0,2.6152
FaF,wfjsp10_9.txt,4,846.0,7.1665,803.0,5.3549
FaF,wfjsp10_9.txt,5,839.0,5.56381,803.0,4.4832
FaF,wfjsp11_1.txt,1,1002.0,15.2773,969.0,3.4056
FaF,wfjsp11_1.txt,2,1010.0,18.9276,969.0,4.2312
FaF,wfjsp11_1.txt,3,1026.0,6.74863,969.0,5.8824
FaF,wfjsp11_1.txt,4,1009.0,14.3928,969.0,4.128
FaF,wfjsp11_1.txt,5,1008.0,11.8249,969.0,4.0248
FaF,wfjsp11_10.txt,1,1147.0,7.73717,1091.0,5.1329
FaF,wfjsp11_10.txt,2,1145.0,17.1762,1091.0,4.9496
FaF,wfjsp11_10.txt,3,1159.0,3.42777,1091.0,6.2328
FaF,wfjsp11_10.txt,4,1149.0,5.77883,1091.0,5.3162
FaF,wfjsp11_10.txt,5,1139.0,17.4181,1091.0,4.3996
FaF,wfjsp11_2.txt,1,1228.0,19.9097,1184.0,3.7162
FaF,wfjsp11_2.txt,2,1244.0,18.3825,1184.0,5.0676
FaF,wfjsp11_2.txt,3,1229.0,12.7962,1184.0,3.8007
FaF,wfjsp11_2.txt,4,1228.0,31.3519,1184.0,3.7162
FaF,wfjsp11_2.txt,5,1243.0,12.9356,1184.0,4.9831
FaF,wfjsp11_3.txt,1,1223.0,46.572,1149.0,6.4404
FaF,wfjsp11_3.txt,2,1208.0,29.0764,1149.0,5.1349
FaF,wfjsp11_3.txt,3,1218.0,27.5209,1149.0,6.0052
FaF,wfjsp11_3.txt,4,1239.0,12.1371,1149.0,7.8329
FaF,wfjsp11_3.txt,5,1240.0,19.9616,1149.0,7.9199
FaF,wfjsp11_4.txt,1,1185.0,13.9303,1135.0,4.4053
FaF,wfjsp11_4.txt,2,1172.0,19.8165,1135.0,3.2599
FaF,wfjsp11_4.txt,3,1174.0,29.5354,1135.0,3.4361
FaF,wfjsp11_4.txt,4,1178.0,27.9506,1135.0,3.7885
FaF,wfjsp11_4.txt,5,1206.0,10.6714,1135.0,6.2555
FaF,wfjsp11_5.txt,1,1238.0,21.0182,1180.0,4.9153
FaF,wfjsp11_5.txt,2,1225.0,48.9488,1180.0,3.8136
FaF,wfjsp11_5.txt,3,1245.0,20.3197,1180.0,5.5085
FaF,wfjsp11_5.txt,4,1245.0,8.32699,1180.0,5.5085
FaF,wfjsp11_5.txt,5,1238.0,23.627,1180.0,4.9153
FaF,wfjsp11_6.txt,1,999.0,3.01416,937.0,6.6169
FaF,wfjsp11_6.txt,2,972.0,7.67348,937.0,3.7353
FaF,wfjsp11_6.txt,3,1007.0,4.15771,937.0,7.4707
FaF,wfjsp11_6.txt,4,968.0,7.63463,937.0,3.3084
FaF,wfjsp11_6.txt,5,983.0,11.5235,937.0,4.9093
FaF,wfjsp11_7.txt,1,1056.0,9.50146,1015.0,4.0394
FaF,wfjsp11_7.txt,2,1058.0,14.2867,1015.0,4.2365
FaF,wfjsp11_7.txt,3,1064.0,11.6807,1015.0,4.8276
FaF,wfjsp11_7.txt,4,1061.0,14.6222,1015.0,4.532
FaF,wfjsp11_7.txt,5,1065.0,9.0568,1015.0,4.9261
FaF,wfjsp11_8.txt,1,1082.0,8.65303,1032.0,4.845
FaF,wfjsp11_8.txt,2,1058.0,25.5366,1032.0,2.5194
FaF,wfjsp11_8.txt,3,1085.0,10.8048,1032.0,5.1357
FaF,wfjsp11_8.txt,4,1074.0,13.6909,1032.0,4.0698
FaF,wfjsp11_8.txt,5,1074.0,25.4631,1032.0,4.0698
FaF,wfjsp11_9.txt,1,1205.0,10.4214,1136.0,6.0739
FaF,wfjsp11_9.txt,2,1193.0,10.1156,1136.0,5.0176
FaF,wfjsp11_9.txt,3,1191.0,16.4859,1136.0,4.8415
FaF,wfjsp11_9.txt,4,1188.0,17.3475,1136.0,4.5775
FaF,wfjsp11_9.txt,5,1213.0,20.33,1136.0,6.7782
FaF,wfjsp12_1.txt,1,938.0,12.2368,896.0,4.6875
FaF,wfjsp12_1.txt,2,935.0,12.3317,896.0,4.3527
FaF,wfjsp12_1.txt,3,923.0,17.9743,896.0,3.0134
FaF,wfjsp12_1.txt,4,933.0,7.69059,896.0,4.1295
FaF,wfjsp12_1.txt,5,929.0,18.0015,896.0,3.683
FaF,wfjsp12_10.txt,1,1120.0,10.027,1099.0,1.9108
FaF,wfjsp12_10.txt,2,1122.0,16.7748,1099.0,2.0928
FaF,wfjsp12_10.txt,3,1137.0,8.4908,1099.0,3.4577
FaF,wfjsp12_10.txt,4,1114.0,16.1266,1099.0,1.3649
FaF,wfjsp12_10.txt,5,1130.0,10.7204,1099.0,2.8207
FaF,wfjsp12_2.txt,1,1037.0,5.04885,997.0,4.012
FaF,wfjsp12_2.txt,2,1032.0,13.102,997.0,3.5105
FaF,wfjsp12_2.txt,3,1034.0,4.31827,997.0,3.7111
FaF,wfjsp12_2.txt,4,1025.0,19.7256,997.0,2.8084
FaF,wfjsp12_2.txt,5,1033.0,10.029,997.0,3.6108
FaF,wfjsp12_3.txt,1,1126.0,12.0715,1103.0,2.0852
FaF,wfjsp12_3.txt,2,1125.0,18.4178,1103.0,1.9946
FaF,wfjsp12_3.txt,3,1121.0,14.849,1103.0,1.6319
FaF,wfjsp12_3.txt,4,1123.0,18.5527,1103.0,1.8132
FaF,wfjsp12_3.txt,5,1123.0,26.3744,1103.0,1.8132
FaF,wfjsp12_4.txt,1,1039.0,11.6049,1027.0,1.1685
FaF,wfjsp12_4.txt,2,1044.0,23.8813,1027.0,1.6553
FaF,wfjsp12_4.txt,3,1045.0,12.4052,1027.0,1.7527
FaF,wfjsp12_4.txt,4,1053.0,13.6359,1027.0,2.5316
FaF,wfjsp12_4.txt,5,1037.0,13.1632,1027.0,0.9737
FaF,wfjsp12_5.txt,1,888.0,4.40483,869.0,2.1864
FaF,wfjsp12_5.txt,2,897.0,4.54685,869.0,3.2221
FaF,wfjsp12_5.txt,3,873.0,18.1857,869.0,0.4603
FaF,wfjsp12_5.txt,4,887.0,8.91068,869.0,2.0713
FaF,wfjsp12_5.txt,5,875.0,19.651,869.0,0.6904
FaF,wfjsp12_6.txt,1,1156.0,17.015,1134.0,1.94
FaF,wfjsp12_6.txt,2,1153.0,8.81178,1134.0,1.6755
FaF,wfjsp12_6.txt,3,1148.0,16.102,1134.0,1.2346
FaF,wfjsp12_6.txt,4,1150.0,8.41289,1134.0,1.4109
FaF,wfjsp12_6.txt,5,1156.0,8.94704,1134.0,1.94
FaF,wfjsp12_7.txt,1,1030.0,11.4447,1018.0,1.1788
FaF,wfjsp12_7.txt,2,1039.0,13.1384,1018.0,2.0629
FaF,wfjsp12_7.txt,3,1034.0,12.1796,1018.0,1.5717
FaF,wfjsp12_7.txt,4,1025.0,15.5305,1018.0,0.6876
FaF,wfjsp12_7.txt,5,1036.0,9.40367,1018.0,1.7682
FaF,wfjsp12_8.txt,1,999.0,11.363,980.0,1.9388
FaF,wfjsp12_8.txt,2,1002.0,11.4904,980.0,2.2449
FaF,wfjsp12_8.txt,3,1004.0,8.64647,980.0,2.449
FaF,wfjsp12_8.txt,4,994.0,19.5014,980.0,1.4286
FaF,wfjsp12_8.txt,5,997.0,12.8239,980.0,1.7347
FaF,wfjsp12_9.txt,1,1022.0,6.49101,995.0,2.7136
FaF,wfjsp12_9.txt,2,1019.0,11.0437,995.0,2.4121
FaF,wfjsp12_9.txt,3,990.0,19.83,995.0,-0.5025
FaF,wfjsp12_9.txt,4,1006.0,26.277,995.0,1.1055
FaF,wfjsp12_9.txt,5,1007.0,18.0872,995.0,1.206
FaF,wfjsp13_1.txt,1,888.0,42.6623,866.0,2.5404
FaF,wfjsp13_1.txt,2,896.0,20.4682,866.0,3.4642
FaF,wfjsp13_1.txt,3,891.0,19.3909,866.0,2.8868
FaF,wfjsp13_1.txt,4,906.0,22.4345,866.0,4.6189
FaF,wfjsp13_1.txt,5,894.0,20.878,866.0,3.2333
FaF,wfjsp13_10.txt,1,964.0,21.4836,916.0,5.2402
FaF,wfjsp13_10.txt,2,963.0,23.8393,916.0,5.131
FaF,wfjsp13_10.txt,3,941.0,81.6112,916.0,2.7293
FaF,wfjsp13_10.txt,4,967.0,46.5772,916.0,5.5677
FaF,wfjsp13_10.txt,5,950.0,44.6773,916.0,3.7118
FaF,wfjsp13_2.txt,1,1008.0,18.0116,962.0,4.7817
FaF,wfjsp13_2.txt,2,1000.0,67.7564,962.0,3.9501
FaF,wfjsp13_2.txt,3,990.0,74.4247,962.0,2.9106
FaF,wfjsp13_2.txt,4,1021.0,20.7324,962.0,6.1331
FaF,wfjsp13_2.txt,5,1004.0,44.1681,962.0,4.3659
FaF,wfjsp13_3.txt,1,940.0,13.2896,883.0,6.4553
FaF,wfjsp13_3.txt,2,897.0,63.0807,883.0,1.5855
FaF,wfjsp13_3.txt,3,901.0,33.823,883.0,2.0385
FaF,wfjsp13_3.txt,4,903.0,25.7944,883.0,2.265
FaF,wfjsp13_3.txt,5,927.0,32.5907,883.0,4.983
FaF,wfjsp13_4.txt,1,924.0,30.1813,908.0,1.7621
FaF,wfjsp13_4.txt,2,925.0,64.4001,908.0,1.8722
FaF,wfjsp13_4.txt,3,919.0,35.7469,908.0,1.2115
FaF,wfjsp13_4.txt,4,924.0,39.7813,908.0,1.7621
FaF,wfjsp13_4.txt,5,913.0,40.9261,908.0,0.5507
FaF,wfjsp13_5.txt,1,849.0,29.9283,809.0,4.9444
FaF,wfjsp13_5.txt,2,845.0,24.8894,809.0,4.4499
FaF,wfjsp13_5.txt,3,834.0,41.1477,809.0,3.0902
FaF,wfjsp13_5.txt,4,851.0,36.1863,809.0,5.1916
FaF,wfjsp13_5.txt,5,838.0,24.3857,809.0,3.5847
FaF,wfjsp13_6.txt,1,1038.0,14.0273,988.0,5.0607
FaF,wfjsp13_6.txt,2,1038.0,24.9127,988.0,5.0607
FaF,wfjsp13_6.txt,3,1031.0,26.0278,988.0,4.3522
FaF,wfjsp13_6.txt,4,1021.0,29.3052,988.0,3.3401
FaF,wfjsp13_6.txt,5,1045.0,7.43762,988.0,5.7692
FaF,wfjsp13_7.txt,1,903.0,25.6537,875.0,3.2
FaF,wfjsp13_7.txt,2,894.0,48.741,875.0,2.1714
FaF,wfjsp13_7.txt,3,891.0,22.6609,875.0,1.8286
FaF,wfjsp13_7.txt,4,902.0,13.7485,875.0,3.0857
FaF,wfjsp13_7.txt,5,897.0,21.7677,875.0,2.5143
FaF,wfjsp13_8.txt,1,911.0,33.3493,899.0,1.3348
FaF,wfjsp13_8.txt,2,936.0,23.144,899.0,4.1157
FaF,wfjsp13_8.txt,3,923.0,19.0655,899.0,2.6696
FaF,wfjsp13_8.txt,4,918.0,36.4266,899.0,2.1135
FaF,wfjsp13_8.txt,5,925.0,26.7134,899.0,2.8921
FaF,wfjsp13_9.txt,1,999.0,25.2167,967.0,3.3092
FaF,wfjsp13_9.txt,2,996.0,36.7338,967.0,2.999
FaF,wfjsp13_9.txt,3,993.0,27.8083,967.0,2.6887
FaF,wfjsp13_9.txt,4,1022.0,7.08542,967.0,5.6877
FaF,wfjsp13_9.txt,5,1012.0,12.1221,967.0,4.6536
FaF,wfjsp14_1.txt,1,772.0,10.298,745.0,3.6242
FaF,wfjsp14_1.txt,2,759.0,14.5244,745.0,1.8792
FaF,wfjsp14_1.txt,3,765.0,18.1887,745.0,2.6846
FaF,wfjsp14_1.txt,4,770.0,8.96507,745.0,3.3557
FaF,wfjsp14_1.txt,5,759.0,18.2966,745.0,1.8792
FaF,wfjsp14_10.txt,1,903.0,17.8077,878.0,2.8474
FaF,wfjsp14_10.txt,2,913.0,14.8505,878.0,3.9863
FaF,wfjsp14_10.txt,3,922.0,11.9063,878.0,5.0114
FaF,wfjsp14_10.txt,4,911.0,14.6724,878.0,3.7585
FaF,wfjsp14_10.txt,5,905.0,18.7713,878.0,3.0752
FaF,wfjsp14_2.txt,1,822.0,12.598,793.0,3.657
FaF,wfjsp14_2.txt,2,814.0,32.6198,793.0,2.6482
FaF,wfjsp14_2.txt,3,815.0,15.1256,793.0,2.7743
FaF,wfjsp14_2.txt,4,829.0,8.50323,793.0,4.5397
FaF,wfjsp14_2.txt,5,813.0,16.3135,793.0,2.5221
FaF,wfjsp14_3.txt,1,866.0,22.1076,848.0,2.1226
FaF,wfjsp14_3.txt,2,871.0,18.2401,848.0,2.7123
FaF,wfjsp14_3.txt,3,883.0,6.53277,848.0,4.1274
FaF,wfjsp14_3.txt,4,863.0,26.5727,848.0,1.7689
FaF,wfjsp14_3.txt,5,865.0,17.1997,848.0,2.0047
FaF,wfjsp14_4.txt,1,831.0,21.6312,806.0,3.1017
FaF,wfjsp14_4.txt,2,827.0,35.4858,806.0,2.6055
FaF,wfjsp14_4.txt,3,824.0,24.5715,806.0,2.2333
FaF,wfjsp14_4.txt,4,833.0,21.4018,806.0,3.3499
FaF,wfjsp14_4.txt,5,823.0,25.6639,806.0,2.1092
FaF,wfjsp14_5.txt,1,734.0,8.32239,715.0,2.6573
FaF,wfjsp14_5.txt,2,726.0,26.9978,715.0,1.5385
FaF,wfjsp14_5.txt,3,735.0,15.2217,715.0,2.7972
FaF,wfjsp14_5.txt,4,728.0,10.4634,715.0,1.8182
FaF,wfjsp14_5.txt,5,728.0,21.5978,715.0,1.8182
FaF,wfjsp14_6.txt,1,937.0,27.2939,913.0,2.6287
FaF,wfjsp14_6.txt,2,926.0,36.2824,913.0,1.4239
FaF,wfjsp14_6.txt,3,952.0,5.44147,913.0,4.2716
FaF,wfjsp14_6.txt,4,940.0,25.9631,913.0,2.9573
FaF,wfjsp14_6.txt,5,944.0,21.6948,913.0,3.3954
FaF,wfjsp14_7.txt,1,851.0,19.1466,826.0,3.0266
FaF,wfjsp14_7.txt,2,856.0,25.7914,826.0,3.632
FaF,wfjsp14_7.txt,3,855.0,11.913,826.0,3.5109
FaF,wfjsp14_7.txt,4,847.0,10.8618,826.0,2.5424
FaF,wfjsp14_7.txt,5,844.0,42.1997,826.0,2.1792
FaF,wfjsp14_8.txt,1,794.0,28.7963,782.0,1.5345
FaF,wfjsp14_8.txt,2,816.0,10.874,782.0,4.3478
FaF,wfjsp14_8.txt,3,800.0,23.1908,782.0,2.3018
FaF,wfjsp14_8.txt,4,804.0,16.9054,782.0,2.8133
FaF,wfjsp14_8.txt,5,810.0,12.9627,782.0,3.5806
FaF,wfjsp14_9.txt,1,810.0,14.9217,793.0,2.1438
FaF,wfjsp14_9.txt,2,820.0,3.76261,793.0,3.4048
FaF,wfjsp14_9.txt,3,812.0,11.421,793.0,2.396
FaF,wfjsp14_9.txt,4,810.0,12.1677,793.0,2.1438
FaF,wfjsp14_9.txt,5,829.0,3.8482,793.0,4.5397
FaF,wfjsp15_1.txt,1,1291.0,125.358,1259.0,2.5417
FaF,wfjsp15_1.txt,2,1294.0,161.371,1259.0,2.78
FaF,wfjsp15_1.txt,3,1289.0,104.453,1259.0,2.3828
FaF,wfjsp15_1.txt,4,1301.0,41.9714,1259.0,3.336
FaF,wfjsp15_1.txt,5,1299.0,108.596,1259.0,3.1771
FaF,wfjsp15_10.txt,1,1449.0,97.4121,1415.0,2.4028
FaF,wfjsp15_10.txt,2,1452.0,118.804,1415.0,2.6148
FaF,wfjsp15_10.txt,3,1448.0,204.538,1415.0,2.3322
FaF,wfjsp15_10.txt,4,1460.0,96.5282,1415.0,3.1802
FaF,wfjsp15_10.txt,5,1461.0,154.613,1415.0,3.2509
FaF,wfjsp15_2.txt,1,1360.0,72.5545,1314.0,3.5008
FaF,wfjsp15_2.txt,2,1339.0,145.87,1314.0,1.9026
FaF,wfjsp15_2.txt,3,1349.0,92.6855,1314.0,2.6636
FaF,wfjsp15_2.txt,4,1350.0,98.7688,1314.0,2.7397
FaF,wfjsp15_2.txt,5,1349.0,74.5555,1314.0,2.6636
FaF,wfjsp15_3.txt,1,1417.0,110.146,1376.0,2.9797
FaF,wfjsp15_3.txt,2,1404.0,95.8722,1376.0,2.0349
FaF,wfjsp15_3.txt,3,1414.0,145.218,1376.0,2.7616
FaF,wfjsp15_3.txt,4,1414.0,81.3761,1376.0,2.7616
FaF,wfjsp15_3.txt,5,1420.0,101.421,1376.0,3.1977
FaF,wfjsp15_4.txt,1,1321.0,164.297,1308.0,0.9939
FaF,wfjsp15_4.txt,2,1335.0,113.8,1308.0,2.0642
FaF,wfjsp15_4.txt,3,1328.0,147.833,1308.0,1.5291
FaF,wfjsp15_4.txt,4,1336.0,130.954,1308.0,2.1407
FaF,wfjsp15_4.txt,5,1324.0,131.05,1308.0,1.2232
FaF,wfjsp15_5.txt,1,1247.0,94.5483,1198.0,4.0902
FaF,wfjsp15_5.txt,2,1236.0,201.964,1198.0,3.172
FaF,wfjsp15_5.txt,3,1237.0,188.229,1198.0,3.2554
FaF,wfjsp15_5.txt,4,1233.0,140.812,1198.0,2.9215
FaF,wfjsp15_5.txt,5,1237.0,124.378,1198.0,3.2554
FaF,wfjsp15_6.txt,1,1545.0,100.274,1510.0,2.3179
FaF,wfjsp15_6.txt,2,1553.0,50.0823,1510.0,2.8477
FaF,wfjsp15_6.txt,3,1548.0,42.1012,1510.0,2.5166
FaF,wfjsp15_6.txt,4,1545.0,88.8304,1510.0,2.3179
FaF,wfjsp15_6.txt,5,1552.0,78.5063,1510.0,2.7815
FaF,wfjsp15_7.txt,1,1373.0,164.285,1328.0,3.3886
FaF,wfjsp15_7.txt,2,1379.0,138.764,1328.0,3.8404
FaF,wfjsp15_7.txt,3,1377.0,108.744,1328.0,3.6898
FaF,wfjsp15_7.txt,4,1394.0,74.6786,1328.0,4.9699
FaF,wfjsp15_7.txt,5,1397.0,55.4967,1328.0,5.1958
FaF,wfjsp15_8.txt,1,1357.0,98.7943,1327.0,2.2607
FaF,wfjsp15_8.txt,2,1369.0,116.583,1327.0,3.165
FaF,wfjsp15_8.txt,3,1367.0,66.3096,1327.0,3.0143
FaF,wfjsp15_8.txt,4,1362.0,183.295,1327.0,2.6375
FaF,wfjsp15_8.txt,5,1362.0,135.704,1327.0,2.6375
FaF,wfjsp15_9.txt,1,1374.0,47.451,1328.0,3.4639
FaF,wfjsp15_9.txt,2,1368.0,53.2649,1328.0,3.012
FaF,wfjsp15_9.txt,3,1358.0,167.828,1328.0,2.259
FaF,wfjsp15_9.txt,4,1364.0,68.627,1328.0,2.7108
FaF,wfjsp15_9.txt,5,1356.0,176.996,1328.0,2.1084
FaF,wfjsp16_1.txt,1,1008.0,29.3697,995.0,1.3065
FaF,wfjsp16_1.txt,2,1008.0,12.5891,995.0,1.3065
FaF,wfjsp16_1.txt,3,1008.0,34.2617,995.0,1.3065
FaF,wfjsp16_1.txt,4,1003.0,24.3138,995.0,0.804
FaF,wfjsp16_1.txt,5,1002.0,36.7988,995.0,0.7035
FaF,wfjsp16_10.txt,1,1149.0,50.7752,1145.0,0.3493
FaF,wfjsp16_10.txt,2,1144.0,30.3429,1145.0,-0.0873
FaF,wfjsp16_10.txt,3,1146.0,28.5793,1145.0,0.0873
FaF,wfjsp16_10.txt,4,1146.0,72.3555,1145.0,0.0873
FaF,wfjsp16_10.txt,5,1146.0,81.3094,1145.0,0.0873
FaF,wfjsp16_2.txt,1,1034.0,10.4324,1011.0,2.275
FaF,wfjsp16_2.txt,2,1015.0,43.6459,1011.0,0.3956
FaF,wfjsp16_2.txt,3,1030.0,8.38115,1011.0,1.8793
FaF,wfjsp16_2.txt,4,1037.0,27.5481,1011.0,2.5717
FaF,wfjsp16_2.txt,5,1023.0,21.0833,1011.0,1.1869
FaF,wfjsp16_3.txt,1,1116.0,44.7185,1097.0,1.732
FaF,wfjsp16_3.txt,2,1111.0,17.1699,1097.0,1.2762
FaF,wfjsp16_3.txt,3,1113.0,36.104,1097.0,1.4585
FaF,wfjsp16_3.txt,4,1109.0,23.4263,1097.0,1.0939
FaF,wfjsp16_3.txt,5,1109.0,46.36,1097.0,1.0939
FaF,wfjsp16_4.txt,1,1091.0,12.1144,1074.0,1.5829
FaF,wfjsp16_4.txt,2,1090.0,22.9394,1074.0,1.4898
FaF,wfjsp16_4.txt,3,1088.0,11.7445,1074.0,1.3035
FaF,wfjsp16_4.txt,4,1088.0,23.8464,1074.0,1.3035
FaF,wfjsp16_4.txt,5,1090.0,25.0022,1074.0,1.4898
FaF,wfjsp16_5.txt,1,942.0,8.70879,904.0,4.2035
FaF,wfjsp16_5.txt,2,920.0,54.242,904.0,1.7699
FaF,wfjsp16_5.txt,3,923.0,42.9585,904.0,2.1018
FaF,wfjsp16_5.txt,4,929.0,27.6626,904.0,2.7655
FaF,wfjsp16_5.txt,5,933.0,5.65722,904.0,3.208
FaF,wfjsp16_6.txt,1,1246.0,30.8705,1222.0,1.964
FaF,wfjsp16_6.txt,2,1243.0,24.2423,1222.0,1.7185
FaF,wfjsp16_6.txt,3,1241.0,35.7759,1222.0,1.5548
FaF,wfjsp16_6.txt,4,1230.0,94.2325,1222.0,0.6547
FaF,wfjsp16_6.txt,5,1241.0,22.6144,1222.0,1.5548
FaF,wfjsp16_7.txt,1,1108.0,23.8514,1094.0,1.2797
FaF,wfjsp16_7.txt,2,1115.0,30.396,1094.0,1.9196
FaF,wfjsp16_7.txt,3,1096.0,84.4024,1094.0,0.1828
FaF,wfjsp16_7.txt,4,1101.0,31.0892,1094.0,0.6399
FaF,wfjsp16_7.txt,5,1117.0,16.6477,1094.0,2.1024
FaF,wfjsp16_8.txt,1,1048.0,54.3028,1049.0,-0.0953
FaF,wfjsp16_8.txt,2,1060.0,11.6294,1049.0,1.0486
FaF,wfjsp16_8.txt,3,1048.0,36.6725,1049.0,-0.0953
FaF,wfjsp16_8.txt,4,1055.0,32.7426,1049.0,0.572
FaF,wfjsp16_8.txt,5,1053.0,12.9283,1049.0,0.3813
FaF,wfjsp16_9.txt,1,1059.0,38.5826,1055.0,0.3791
FaF,wfjsp16_9.txt,2,1072.0,27.3906,1055.0,1.6114
FaF,wfjsp16_9.txt,3,1072.0,19.0029,1055.0,1.6114
FaF,wfjsp16_9.txt,4,1069.0,20.1726,1055.0,1.327
FaF,wfjsp16_9.txt,5,1071.0,16.01,1055.0,1.5166
FaF,wfjsp17_1.txt,1,1614.0,16.6138,1585.0,1.8297
FaF,wfjsp17_1.txt,2,1606.0,22.4185,1585.0,1.3249
FaF,wfjsp17_1.txt,3,1655.0,2.34132,1585.0,4.4164
FaF,wfjsp17_1.txt,4,1602.0,19.8707,1585.0,1.0726
FaF,wfjsp17_1.txt,5,1622.0,20.6225,1585.0,2.3344
FaF,wfjsp17_10.txt,1,1771.0,14.1906,1750.0,1.2
FaF,wfjsp17_10.txt,2,1789.0,4.76153,1750.0,2.2286
FaF,wfjsp17_10.txt,3,1790.0,9.6622,1750.0,2.2857
FaF,wfjsp17_10.txt,4,1786.0,7.41949,1750.0,2.0571
FaF,wfjsp17_10.txt,5,1788.0,8.86255,1750.0,2.1714
FaF,wfjsp17_2.txt,1,1755.0,22.9802,1731.0,1.3865
FaF,wfjsp17_2.txt,2,1744.0,32.9189,1731.0,0.751
FaF,wfjsp17_2.txt,3,1767.0,23.2047,1731.0,2.0797
FaF,wfjsp17_2.txt,4,1789.0,9.5925,1731.0,3.3507
FaF,wfjsp17_2.txt,5,1776.0,15.3582,1731.0,2.5997
FaF,wfjsp17_3.txt,1,1873.0,9.64167,1836.0,2.0153
FaF,wfjsp17_3.txt,2,1848.0,46.8424,1836.0,0.6536
FaF,wfjsp17_3.txt,3,1858.0,28.4079,1836.0,1.1983
FaF,wfjsp17_3.txt,4,1850.0,34.1663,1836.0,0.7625
FaF,wfjsp17_3.txt,5,1867.0,11.8369,1836.0,1.6885
FaF,wfjsp17_4.txt,1,1693.0,23.991,1670.0,1.3772
FaF,wfjsp17_4.txt,2,1731.0,4.89618,1670.0,3.6527
FaF,wfjsp17_4.txt,3,1728.0,9.03662,1670.0,3.4731
FaF,wfjsp17_4.txt,4,1704.0,20.3697,1670.0,2.0359
FaF,wfjsp17_4.txt,5,1692.0,31.5082,1670.0,1.3174
FaF,wfjsp17_5.txt,1,1557.0,21.7084,1558.0,-0.0642
FaF,wfjsp17_5.txt,2,1558.0,12.3468,1558.0,0.0
FaF,wfjsp17_5.txt,3,1563.0,20.8586,1558.0,0.3209
FaF,wfjsp17_5.txt,4,1553.0,15.3963,1558.0,-0.3209
FaF,wfjsp17_5.txt,5,1587.0,4.51033,1558.0,1.8614
FaF,wfjsp17_6.txt,1,1742.0,11.966,1708.0,1.9906
FaF,wfjsp17_6.txt,2,1718.0,20.7829,1708.0,0.5855
FaF,wfjsp17_6.txt,3,1718.0,48.7233,1708.0,0.5855
FaF,wfjsp17_6.txt,4,1727.0,24.1077,1708.0,1.1124
FaF,wfjsp17_6.txt,5,1739.0,11.3631,1708.0,1.815
FaF,wfjsp17_7.txt,1,1640.0,5.24448,1598.0,2.6283
FaF,wfjsp17_7.txt,2,1639.0,9.19283,1598.0,2.5657
FaF,wfjsp17_7.txt,3,1619.0,10.645,1598.0,1.3141
FaF,wfjsp17_7.txt,4,1599.0,34.1187,1598.0,0.0626
FaF,wfjsp17_7.txt,5,1603.0,35.5224,1598.0,0.3129
FaF,wfjsp17_8.txt,1,1728.0,25.2626,1717.0,0.6407
FaF,wfjsp17_8.txt,2,1739.0,20.5565,1717.0,1.2813
FaF,wfjsp17_8.txt,3,1727.0,18.595,1717.0,0.5824
FaF,wfjsp17_8.txt,4,1744.0,10.247,1717.0,1.5725
FaF,wfjsp17_8.txt,5,1753.0,5.54189,1717.0,2.0967
FaF,wfjsp17_9.txt,1,1610.0,32.9954,1593.0,1.0672
FaF,wfjsp17_9.txt,2,1603.0,45.1378,1593.0,0.6277
FaF,wfjsp17_9.txt,3,1616.0,23.0382,1593.0,1.4438
FaF,wfjsp17_9.txt,4,1617.0,16.6936,1593.0,1.5066
FaF,wfjsp17_9.txt,5,1621.0,27.97,1593.0,1.7577
FaF,wfjsp18_1.txt,1,970.0,5.56469,929.0,4.4133
FaF,wfjsp18_1.txt,2,962.0,9.0234,929.0,3.5522
FaF,wfjsp18_1.txt,3,976.0,4.90603,929.0,5.0592
FaF,wfjsp18_1.txt,4,975.0,3.96193,929.0,4.9516
FaF,wfjsp18_1.txt,5,939.0,13.1846,929.0,1.0764
FaF,wfjsp18_10.txt,1,1023.0,25.0634,1019.0,0.3925
FaF,wfjsp18_10.txt,2,1044.0,9.81239,1019.0,2.4534
FaF,wfjsp18_10.txt,3,1040.0,12.0706,1019.0,2.0608
FaF,wfjsp18_10.txt,4,1046.0,12.0183,1019.0,2.6497
FaF,wfjsp18_10.txt,5,1039.0,11.5151,1019.0,1.9627
FaF,wfjsp18_2.txt,1,1042.0,4.56111,1010.0,3.1683
FaF,wfjsp18_2.txt,2,1040.0,9.442,1010.0,2.9703
FaF,wfjsp18_2.txt,3,1024.0,28.6906,1010.0,1.3861
FaF,wfjsp18_2.txt,4,1040.0,8.69392,1010.0,2.9703
FaF,wfjsp18_2.txt,5,1040.0,7.04022,1010.0,2.9703
FaF,wfjsp18_3.txt,1,1143.0,5.75707,1120.0,2.0536
FaF,wfjsp18_3.txt,2,1168.0,3.99892,1120.0,4.2857
FaF,wfjsp18_3.txt,3,1145.0,4.74949,1120.0,2.2321
FaF,wfjsp18_3.txt,4,1134.0,10.9744,1120.0,1.25
FaF,wfjsp18_3.txt,5,1141.0,10.275,1120.0,1.875
FaF,wfjsp18_4.txt,1,1059.0,13.526,1037.0,2.1215
FaF,wfjsp18_4.txt,2,1067.0,8.24877,1037.0,2.893
FaF,wfjsp18_4.txt,3,1070.0,8.28318,1037.0,3.1823
FaF,wfjsp18_4.txt,4,1054.0,5.34481,1037.0,1.6393
FaF,wfjsp18_4.txt,5,1068.0,7.70909,1037.0,2.9894
FaF,wfjsp18_5.txt,1,890.0,5.14821,854.0,4.2155
FaF,wfjsp18_5.txt,2,885.0,4.08979,854.0,3.63
FaF,wfjsp18_5.txt,3,892.0,8.94918,854.0,4.4496
FaF,wfjsp18_5.txt,4,898.0,6.64902,854.0,5.1522
FaF,wfjsp18_5.txt,5,871.0,12.1798,854.0,1.9906
FaF,wfjsp18_6.txt,1,1093.0,27.9599,1084.0,0.8303
FaF,wfjsp18_6.txt,2,1123.0,18.1664,1084.0,3.5978
FaF,wfjsp18_6.txt,3,1130.0,5.75137,1084.0,4.2435
FaF,wfjsp18_6.txt,4,1096.0,20.6298,1084.0,1.107
FaF,wfjsp18_6.txt,5,1114.0,7.74115,1084.0,2.7675
FaF,wfjsp18_7.txt,1,1035.0,5.69302,1003.0,3.1904
FaF,wfjsp18_7.txt,2,1033.0,6.51241,1003.0,2.991
FaF,wfjsp18_7.txt,3,1041.0,2.6613,1003.0,3.7886
FaF,wfjsp18_7.txt,4,1026.0,8.84324,1003.0,2.2931
FaF,wfjsp18_7.txt,5,1039.0,2.67988,1003.0,3.5892
FaF,wfjsp18_8.txt,1,1021.0,6.61626,990.0,3.1313
FaF,wfjsp18_8.txt,2,1022.0,4.96847,990.0,3.2323
FaF,wfjsp18_8.txt,3,1018.0,3.29279,990.0,2.8283
FaF,wfjsp18_8.txt,4,993.0,20.289,990.0,0.303
FaF,wfjsp18_8.txt,5,1014.0,7.22103,990.0,2.4242
FaF,wfjsp18_9.txt,1,965.0,3.94375,944.0,2.2246
FaF,wfjsp18_9.txt,2,962.0,20.4124,944.0,1.9068
FaF,wfjsp18_9.txt,3,979.0,4.8489,944.0,3.7076
FaF,wfjsp18_9.txt,4,982.0,2.89972,944.0,4.0254
FaF,wfjsp18_9.txt,5,978.0,3.96613,944.0,3.6017
FaF,wfjsp19_1.txt,1,1216.0,12.8745,1196.0,1.6722
FaF,wfjsp19_1.txt,2,1225.0,9.5684,1196.0,2.4247
FaF,wfjsp19_1.txt,3,1223.0,11.4086,1196.0,2.2575
FaF,wfjsp19_1.txt,4,1223.0,20.1598,1196.0,2.2575
FaF,wfjsp19_1.txt,5,1225.0,5.55432,1196.0,2.4247
FaF,wfjsp19_10.txt,1,1376.0,6.45989,1351.0,1.8505
FaF,wfjsp19_10.txt,2,1373.0,16.0122,1351.0,1.6284
FaF,wfjsp19_10.txt,3,1374.0,6.50256,1351.0,1.7024
FaF,wfjsp19_10.txt,4,1381.0,7.6883,1351.0,2.2206
FaF,wfjsp19_10.txt,5,1380.0,5.04169,1351.0,2.1466
FaF,wfjsp19_2.txt,1,1487.0,29.7295,1471.0,1.0877
FaF,wfjsp19_2.txt,2,1493.0,16.0342,1471.0,1.4956
FaF,wfjsp19_2.txt,3,1488.0,23.5762,1471.0,1.1557
FaF,wfjsp19_2.txt,4,1486.0,16.1265,1471.0,1.0197
FaF,wfjsp19_2.txt,5,1484.0,22.4292,1471.0,0.8838
FaF,wfjsp19_3.txt,1,1458.0,9.06261,1406.0,3.6984
FaF,wfjsp19_3.txt,2,1454.0,19.6846,1406.0,3.4139
FaF,wfjsp19_3.txt,3,1449.0,13.1091,1406.0,3.0583
FaF,wfjsp19_3.txt,4,1456.0,11.6228,1406.0,3.5562
FaF,wfjsp19_3.txt,5,1447.0,18.5999,1406.0,2.9161
FaF,wfjsp19_4.txt,1,1421.0,32.9457,1398.0,1.6452
FaF,wfjsp19_4.txt,2,1419.0,19.2741,1398.0,1.5021
FaF,wfjsp19_4.txt,3,1424.0,14.8234,1398.0,1.8598
FaF,wfjsp19_4.txt,4,1396.0,14.35,1398.0,-0.1431
FaF,wfjsp19_4.txt,5,1423.0,7.45187,1398.0,1.7883
FaF,wfjsp19_5.txt,1,1465.0,35.0726,1444.0,1.4543
FaF,wfjsp19_5.txt,2,1471.0,15.2296,1444.0,1.8698
FaF,wfjsp19_5.txt,3,1462.0,17.6995,1444.0,1.2465
FaF,wfjsp19_5.txt,4,1471.0,9.60014,1444.0,1.8698
FaF,wfjsp19_5.txt,5,1459.0,28.4981,1444.0,1.0388
FaF,wfjsp19_6.txt,1,1186.0,12.158,1158.0,2.418
FaF,wfjsp19_6.txt,2,1173.0,16.0059,1158.0,1.2953
FaF,wfjsp19_6.txt,3,1186.0,3.9192,1158.0,2.418
FaF,wfjsp19_6.txt,4,1188.0,9.46629,1158.0,2.5907
FaF,wfjsp19_6.txt,5,1170.0,13.4095,1158.0,1.0363
FaF,wfjsp19_7.txt,1,1287.0,5.64267,1236.0,4.1262
FaF,wfjsp19_7.txt,2,1266.0,8.7167,1236.0,2.4272
FaF,wfjsp19_7.txt,3,1271.0,19.6764,1236.0,2.8317
FaF,wfjsp19_7.txt,4,1268.0,25.0812,1236.0,2.589
FaF,wfjsp19_7.txt,5,1270.0,10.8488,1236.0,2.7508
FaF,wfjsp19_8.txt,1,1276.0,20.6372,1250.0,2.08
FaF,wfjsp19_8.txt,2,1270.0,22.1633,1250.0,1.6
FaF,wfjsp19_8.txt,3,1274.0,6.03702,1250.0,1.92
FaF,wfjsp19_8.txt,4,1290.0,8.59347,1250.0,3.2
FaF,wfjsp19_8.txt,5,1284.0,6.89606,1250.0,2.72
FaF,wfjsp19_9.txt,1,1416.0,24.4161,1388.0,2.0173
FaF,wfjsp19_9.txt,2,1426.0,15.2132,1388.0,2.7378
FaF,wfjsp19_9.txt,3,1414.0,19.8436,1388.0,1.8732
FaF,wfjsp19_9.txt,4,1397.0,43.8079,1388.0,0.6484
FaF,wfjsp19_9.txt,5,1426.0,20.4379,1388.0,2.7378
FaF,wfjsp1_1.txt,1,268.0,0.124606,268.0,0.0
FaF,wfjsp1_1.txt,2,279.0,0.0558324,268.0,4.1045
FaF,wfjsp1_1.txt,3,279.0,0.0632147,268.0,4.1045
FaF,wfjsp1_1.txt,4,272.0,0.0716362,268.0,1.4925
FaF,wfjsp1_1.txt,5,268.0,0.0955986,268.0,0.0
FaF,wfjsp1_10.txt,1,317.0,0.0538419,316.0,0.3165
FaF,wfjsp1_10.txt,2,317.0,0.0533925,316.0,0.3165
FaF,wfjsp1_10.txt,3,317.0,0.0469849,316.0,0.3165
FaF,wfjsp1_10.txt,4,318.0,0.059281,316.0,0.6329
FaF,wfjsp1_10.txt,5,317.0,0.0486243,316.0,0.3165
FaF,wfjsp1_2.txt,1,287.0,0.0506979,287.0,0.0
FaF,wfjsp1_2.txt,2,287.0,0.0898225,287.0,0.0
FaF,wfjsp1_2.txt,3,287.0,0.0576299,287.0,0.0
FaF,wfjsp1_2.txt,4,287.0,0.0536599,287.0,0.0
FaF,wfjsp1_2.txt,5,287.0,0.0643833,287.0,0.0
FaF,wfjsp1_3.txt,1,347.0,0.14063,347.0,0.0
FaF,wfjsp1_3.txt,2,347.0,0.111558,347.0,0.0
FaF,wfjsp1_3.txt,3,357.0,0.0667462,347.0,2.8818
FaF,wfjsp1_3.txt,4,347.0,0.116826,347.0,0.0
FaF,wfjsp1_3.txt,5,359.0,0.0685085,347.0,3.4582
FaF,wfjsp1_4.txt,1,319.0,0.0719622,315.0,1.2698
FaF,wfjsp1_4.txt,2,317.0,0.0586495,315.0,0.6349
FaF,wfjsp1_4.txt,3,317.0,0.0534348,315.0,0.6349
FaF,wfjsp1_4.txt,4,317.0,0.0595435,315.0,0.6349
FaF,wfjsp1_4.txt,5,315.0,0.075054,315.0,0.0
FaF,wfjsp1_5.txt,1,265.0,0.0593667,265.0,0.0
FaF,wfjsp1_5.txt,2,265.0,0.0568269,265.0,0.0
FaF,wfjsp1_5.txt,3,265.0,0.0471797,265.0,0.0
FaF,wfjsp1_5.txt,4,265.0,0.054389,265.0,0.0
FaF,wfjsp1_5.txt,5,265.0,0.0627583,265.0,0.0
FaF,wfjsp1_6.txt,1,292.0,0.0743286,291.0,0.3436
FaF,wfjsp1_6.txt,2,291.0,0.122258,291.0,0.0
FaF,wfjsp1_6.txt,3,291.0,0.106287,291.0,0.0
FaF,wfjsp1_6.txt,4,291.0,0.134518,291.0,0.0
FaF,wfjsp1_6.txt,5,291.0,0.0852849,291.0,0.0
FaF,wfjsp1_7.txt,1,265.0,0.089149,265.0,0.0
FaF,wfjsp1_7.txt,2,265.0,0.068013,265.0,0.0
FaF,wfjsp1_7.txt,3,265.0,0.120411,265.0,0.0
FaF,wfjsp1_7.txt,4,265.0,0.100292,265.0,0.0
FaF,wfjsp1_7.txt,5,268.0,0.0587963,265.0,1.1321
FaF,wfjsp1_8.txt,1,332.0,0.0566948,328.0,1.2195
FaF,wfjsp1_8.txt,2,328.0,0.0662054,328.0,0.0
FaF,wfjsp1_8.txt,3,328.0,0.0630078,328.0,0.0
FaF,wfjsp1_8.txt,4,328.0,0.0981971,328.0,0.0
FaF,wfjsp1_8.txt,5,336.0,0.0656839,328.0,2.439
FaF,wfjsp1_9.txt,1,254.0,0.0451538,252.0,0.7937
FaF,wfjsp1_9.txt,2,254.0,0.0480428,252.0,0.7937
FaF,wfjsp1_9.txt,3,254.0,0.0446739,252.0,0.7937
FaF,wfjsp1_9.txt,4,254.0,0.0490777,252.0,0.7937
FaF,wfjsp1_9.txt,5,254.0,0.0478523,252.0,0.7937
FaF,wfjsp20_1.txt,1,1101.0,23.6856,1105.0,-0.362
FaF,wfjsp20_1.txt,2,1122.0,4.98428,1105.0,1.5385
FaF,wfjsp20_1.txt,3,1122.0,11.5064,1105.0,1.5385
FaF,wfjsp20_1.txt,4,1110.0,18.2406,1105.0,0.4525
FaF,wfjsp20_1.txt,5,1117.0,17.156,1105.0,1.086
FaF,wfjsp20_10.txt,1,1375.0,11.6851,1362.0,0.9545
FaF,wfjsp20_10.txt,2,1374.0,8.2766,1362.0,0.8811
FaF,wfjsp20_10.txt,3,1372.0,19.3556,1362.0,0.7342
FaF,wfjsp20_10.txt,4,1373.0,9.53345,1362.0,0.8076
FaF,wfjsp20_10.txt,5,1377.0,13.6351,1362.0,1.1013
FaF,wfjsp20_2.txt,1,1252.0,16.2756,1221.0,2.5389
FaF,wfjsp20_2.txt,2,1249.0,12.3802,1221.0,2.2932
FaF,wfjsp20_2.txt,3,1245.0,19.0695,1221.0,1.9656
FaF,wfjsp20_2.txt,4,1255.0,8.25315,1221.0,2.7846
FaF,wfjsp20_2.txt,5,1240.0,18.3091,1221.0,1.5561
FaF,wfjsp20_3.txt,1,1354.0,17.6937,1328.0,1.9578
FaF,wfjsp20_3.txt,2,1355.0,26.8352,1328.0,2.0331
FaF,wfjsp20_3.txt,3,1359.0,17.5197,1328.0,2.3343
FaF,wfjsp20_3.txt,4,1343.0,17.5072,1328.0,1.1295
FaF,wfjsp20_3.txt,5,1350.0,14.9622,1328.0,1.6566
FaF,wfjsp20_4.txt,1,1276.0,16.8662,1259.0,1.3503
FaF,wfjsp20_4.txt,2,1276.0,15.0407,1259.0,1.3503
FaF,wfjsp20_4.txt,3,1272.0,11.4304,1259.0,1.0326
FaF,wfjsp20_4.txt,4,1264.0,16.2551,1259.0,0.3971
FaF,wfjsp20_4.txt,5,1272.0,9.54971,1259.0,1.0326
FaF,wfjsp20_5.txt,1,1071.0,23.1991,1058.0,1.2287
FaF,wfjsp20_5.txt,2,1076.0,17.7937,1058.0,1.7013
FaF,wfjsp20_5.txt,3,1066.0,21.0369,1058.0,0.7561
FaF,wfjsp20_5.txt,4,1075.0,5.53277,1058.0,1.6068
FaF,wfjsp20_5.txt,5,1072.0,6.70063,1058.0,1.3233
FaF,wfjsp20_6.txt,1,1402.0,19.1113,1381.0,1.5206
FaF,wfjsp20_6.txt,2,1410.0,15.47,1381.0,2.0999
FaF,wfjsp20_6.txt,3,1406.0,22.3818,1381.0,1.8103
FaF,wfjsp20_6.txt,4,1409.0,17.529,1381.0,2.0275
FaF,wfjsp20_6.txt,5,1427.0,5.74619,1381.0,3.3309
FaF,wfjsp20_7.txt,1,1247.0,21.9394,1224.0,1.8791
FaF,wfjsp20_7.txt,2,1241.0,42.3737,1224.0,1.3889
FaF,wfjsp20_7.txt,3,1235.0,8.30019,1224.0,0.8987
FaF,wfjsp20_7.txt,4,1250.0,8.11704,1224.0,2.1242
FaF,wfjsp20_7.txt,5,1242.0,24.6602,1224.0,1.4706
FaF,wfjsp20_8.txt,1,1223.0,27.2135,1183.0,3.3812
FaF,wfjsp20_8.txt,2,1205.0,6.61298,1183.0,1.8597
FaF,wfjsp20_8.txt,3,1206.0,26.7378,1183.0,1.9442
FaF,wfjsp20_8.txt,4,1207.0,20.2053,1183.0,2.0287
FaF,wfjsp20_8.txt,5,1215.0,15.9865,1183.0,2.705
FaF,wfjsp20_9.txt,1,1223.0,17.8748,1200.0,1.9167
FaF,wfjsp20_9.txt,2,1220.0,27.5923,1200.0,1.6667
FaF,wfjsp20_9.txt,3,1230.0,13.4375,1200.0,2.5
FaF,wfjsp20_9.txt,4,1214.0,19.5613,1200.0,1.1667
FaF,wfjsp20_9.txt,5,1230.0,19.675,1200.0,2.5
FaF,wfjsp21_1.txt,1,1059.0,18.411,1049.0,0.9533
FaF,wfjsp21_1.txt,2,1061.0,6.02884,1049.0,1.1439
FaF,wfjsp21_1.txt,3,1049.0,49.1664,1049.0,0.0
FaF,wfjsp21_1.txt,4,1054.0,29.0148,1049.0,0.4766
FaF,wfjsp21_1.txt,5,1057.0,21.4072,1049.0,0.7626
FaF,wfjsp21_10.txt,1,1130.0,21.8274,1120.0,0.8929
FaF,wfjsp21_10.txt,2,1122.0,21.4311,1120.0,0.1786
FaF,wfjsp21_10.txt,3,1132.0,11.4129,1120.0,1.0714
FaF,wfjsp21_10.txt,4,1127.0,17.1498,1120.0,0.625
FaF,wfjsp21_10.txt,5,1128.0,53.4631,1120.0,0.7143
FaF,wfjsp21_2.txt,1,1185.0,28.3966,1171.0,1.1956
FaF,wfjsp21_2.txt,2,1180.0,20.3911,1171.0,0.7686
FaF,wfjsp21_2.txt,3,1182.0,47.2049,1171.0,0.9394
FaF,wfjsp21_2.txt,4,1183.0,21.9181,1171.0,1.0248
FaF,wfjsp21_2.txt,5,1181.0,31.5959,1171.0,0.854
FaF,wfjsp21_3.txt,1,1081.0,39.9249,1046.0,3.3461
FaF,wfjsp21_3.txt,2,1083.0,17.2181,1046.0,3.5373
FaF,wfjsp21_3.txt,3,1077.0,29.0917,1046.0,2.9637
FaF,wfjsp21_3.txt,4,1068.0,33.1238,1046.0,2.1033
FaF,wfjsp21_3.txt,5,1071.0,33.2489,1046.0,2.3901
FaF,wfjsp21_4.txt,1,1094.0,32.2912,1095.0,-0.0913
FaF,wfjsp21_4.txt,2,1095.0,11.5662,1095.0,0.0
FaF,wfjsp21_4.txt,3,1100.0,13.4096,1095.0,0.4566
FaF,wfjsp21_4.txt,4,1101.0,35.0829,1095.0,0.5479
FaF,wfjsp21_4.txt,5,1102.0,22.026,1095.0,0.6393
FaF,wfjsp21_5.txt,1,996.0,26.1681,984.0,1.2195
FaF,wfjsp21_5.txt,2,993.0,20.3114,984.0,0.9146
FaF,wfjsp21_5.txt,3,996.0,39.7026,984.0,1.2195
FaF,wfjsp21_5.txt,4,990.0,30.2177,984.0,0.6098
FaF,wfjsp21_5.txt,5,992.0,23.4064,984.0,0.813
FaF,wfjsp21_6.txt,1,1213.0,11.6201,1204.0,0.7475
FaF,wfjsp21_6.txt,2,1208.0,19.1401,1204.0,0.3322
FaF,wfjsp21_6.txt,3,1211.0,21.6197,1204.0,0.5814
FaF,wfjsp21_6.txt,4,1216.0,13.9045,1204.0,0.9967
FaF,wfjsp21_6.txt,5,1206.0,21.4647,1204.0,0.1661
FaF,wfjsp21_7.txt,1,1060.0,27.8514,1015.0,4.4335
FaF,wfjsp21_7.txt,2,1043.0,32.1425,1015.0,2.7586
FaF,wfjsp21_7.txt,3,1054.0,10.4055,1015.0,3.8424
FaF,wfjsp21_7.txt,4,1063.0,24.966,1015.0,4.7291
FaF,wfjsp21_7.txt,5,1071.0,9.53035,1015.0,5.5172
FaF,wfjsp21_8.txt,1,1096.0,22.1193,1088.0,0.7353
FaF,wfjsp21_8.txt,2,1086.0,35.3454,1088.0,-0.1838
FaF,wfjsp21_8.txt,3,1098.0,19.4202,1088.0,0.9191
FaF,wfjsp21_8.txt,4,1093.0,20.2047,1088.0,0.4596
FaF,wfjsp21_8.txt,5,1094.0,11.2762,1088.0,0.5515
FaF,wfjsp21_9.txt,1,1156.0,50.4761,1129.0,2.3915
FaF,wfjsp21_9.txt,2,1177.0,13.0543,1129.0,4.2516
FaF,wfjsp21_9.txt,3,1169.0,26.3083,1129.0,3.543
FaF,wfjsp21_9.txt,4,1175.0,11.921,1129.0,4.0744
FaF,wfjsp21_9.txt,5,1169.0,20.7718,1129.0,3.543
FaF,wfjsp22_1.txt,1,911.0,7.36853,903.0,0.8859
FaF,wfjsp22_1.txt,2,900.0,28.5359,903.0,-0.3322
FaF,wfjsp22_1.txt,3,924.0,7.78062,903.0,2.3256
FaF,wfjsp22_1.txt,4,896.0,17.219,903.0,-0.7752
FaF,wfjsp22_1.txt,5,918.0,8.27606,903.0,1.6611
FaF,wfjsp22_10.txt,1,1087.0,12.7217,1084.0,0.2768
FaF,wfjsp22_10.txt,2,1084.0,10.8903,1084.0,0.0
FaF,wfjsp22_10.txt,3,1083.0,18.1017,1084.0,-0.0923
FaF,wfjsp22_10.txt,4,1087.0,13.0014,1084.0,0.2768
FaF,wfjsp22_10.txt,5,1089.0,14.2455,1084.0,0.4613
FaF,wfjsp22_2.txt,1,979.0,14.1976,957.0,2.2989
FaF,wfjsp22_2.txt,2,981.0,10.6993,957.0,2.5078
FaF,wfjsp22_2.txt,3,976.0,13.9179,957.0,1.9854
FaF,wfjsp22_2.txt,4,980.0,19.2624,957.0,2.4033
FaF,wfjsp22_2.txt,5,975.0,16.2109,957.0,1.8809
FaF,wfjsp22_3.txt,1,1030.0,52.9426,1024.0,0.5859
FaF,wfjsp22_3.txt,2,1039.0,15.1631,1024.0,1.4648
FaF,wfjsp22_3.txt,3,1042.0,12.1853,1024.0,1.7578
FaF,wfjsp22_3.txt,4,1040.0,18.7151,1024.0,1.5625
FaF,wfjsp22_3.txt,5,1033.0,23.211,1024.0,0.8789
FaF,wfjsp22_4.txt,1,995.0,27.6424,989.0,0.6067
FaF,wfjsp22_4.txt,2,1009.0,9.19902,989.0,2.0222
FaF,wfjsp22_4.txt,3,986.0,25.9743,989.0,-0.3033
FaF,wfjsp22_4.txt,4,991.0,10.3062,989.0,0.2022
FaF,wfjsp22_4.txt,5,1001.0,13.2147,989.0,1.2133
FaF,wfjsp22_5.txt,1,877.0,14.4791,874.0,0.3432
FaF,wfjsp22_5.txt,2,876.0,15.2883,874.0,0.2288
FaF,wfjsp22_5.txt,3,870.0,21.5916,874.0,-0.4577
FaF,wfjsp22_5.txt,4,878.0,16.6661,874.0,0.4577
FaF,wfjsp22_5.txt,5,874.0,13.7958,874.0,0.0
FaF,wfjsp22_6.txt,1,1123.0,25.6907,1114.0,0.8079
FaF,wfjsp22_6.txt,2,1128.0,15.3895,1114.0,1.2567
FaF,wfjsp22_6.txt,3,1123.0,20.636,1114.0,0.8079
FaF,wfjsp22_6.txt,4,1122.0,14.9713,1114.0,0.7181
FaF,wfjsp22_6.txt,5,1123.0,9.26841,1114.0,0.8079
FaF,wfjsp22_7.txt,1,1006.0,19.3716,994.0,1.2072
FaF,wfjsp22_7.txt,2,1015.0,16.0754,994.0,2.1127
FaF,wfjsp22_7.txt,3,1020.0,10.0693,994.0,2.6157
FaF,wfjsp22_7.txt,4,1013.0,7.42232,994.0,1.9115
FaF,wfjsp22_7.txt,5,1012.0,14.1332,994.0,1.8109
FaF,wfjsp22_8.txt,1,960.0,9.5173,946.0,1.4799
FaF,wfjsp22_8.txt,2,976.0,5.24405,946.0,3.1712
FaF,wfjsp22_8.txt,3,961.0,10.3976,946.0,1.5856
FaF,wfjsp22_8.txt,4,963.0,17.7474,946.0,1.797
FaF,wfjsp22_8.txt,5,967.0,22.1847,946.0,2.2199
FaF,wfjsp22_9.txt,1,967.0,12.7678,944.0,2.4364
FaF,wfjsp22_9.txt,2,957.0,20.191,944.0,1.3771
FaF,wfjsp22_9.txt,3,965.0,11.1377,944.0,2.2246
FaF,wfjsp22_9.txt,4,963.0,27.4033,944.0,2.0127
FaF,wfjsp22_9.txt,5,956.0,19.9186,944.0,1.2712
FaF,wfjsp23_1.txt,1,1531.0,66.4353,1519.0,0.79
FaF,wfjsp23_1.txt,2,1530.0,116.258,1519.0,0.7242
FaF,wfjsp23_1.txt,3,1557.0,50.5428,1519.0,2.5016
FaF,wfjsp23_1.txt,4,1537.0,61.2354,1519.0,1.185
FaF,wfjsp23_1.txt,5,1535.0,77.6167,1519.0,1.0533
FaF,wfjsp23_10.txt,1,1744.0,39.698,1727.0,0.9844
FaF,wfjsp23_10.txt,2,1736.0,154.241,1727.0,0.5211
FaF,wfjsp23_10.txt,3,1742.0,154.475,1727.0,0.8686
FaF,wfjsp23_10.txt,4,1740.0,47.3962,1727.0,0.7528
FaF,wfjsp23_10.txt,5,1727.0,169.757,1727.0,0.0
FaF,wfjsp23_2.txt,1,1624.0,50.0957,1595.0,1.8182
FaF,wfjsp23_2.txt,2,1618.0,168.235,1595.0,1.442
FaF,wfjsp23_2.txt,3,1611.0,90.3066,1595.0,1.0031
FaF,wfjsp23_2.txt,4,1597.0,136.507,1595.0,0.1254
FaF,wfjsp23_2.txt,5,1624.0,61.8415,1595.0,1.8182
FaF,wfjsp23_3.txt,1,1674.0,167.229,1657.0,1.026
FaF,wfjsp23_3.txt,2,1690.0,72.738,1657.0,1.9916
FaF,wfjsp23_3.txt,3,1698.0,80.668,1657.0,2.4744
FaF,wfjsp23_3.txt,4,1695.0,72.8448,1657.0,2.2933
FaF,wfjsp23_3.txt,5,1691.0,93.8931,1657.0,2.0519
FaF,wfjsp23_4.txt,1,1596.0,180.49,1572.0,1.5267
FaF,wfjsp23_4.txt,2,1611.0,102.09,1572.0,2.4809
FaF,wfjsp23_4.txt,3,1598.0,89.8515,1572.0,1.6539
FaF,wfjsp23_4.txt,4,1593.0,93.7041,1572.0,1.3359
FaF,wfjsp23_4.txt,5,1608.0,116.075,1572.0,2.2901
FaF,wfjsp23_5.txt,1,1487.0,65.3877,1488.0,-0.0672
FaF,wfjsp23_5.txt,2,1490.0,65.9938,1488.0,0.1344
FaF,wfjsp23_5.txt,3,1489.0,95.4795,1488.0,0.0672
FaF,wfjsp23_5.txt,4,1499.0,59.6739,1488.0,0.7392
FaF,wfjsp23_5.txt,5,1486.0,103.462,1488.0,-0.1344
FaF,wfjsp23_6.txt,1,1865.0,31.0172,1866.0,-0.0536
FaF,wfjsp23_6.txt,2,1862.0,54.1882,1866.0,-0.2144
FaF,wfjsp23_6.txt,3,1858.0,71.9045,1866.0,-0.4287
FaF,wfjsp23_6.txt,4,1860.0,78.7721,1866.0,-0.3215
FaF,wfjsp23_6.txt,5,1846.0,94.9066,1866.0,-1.0718
FaF,wfjsp23_7.txt,1,1644.0,143.008,1601.0,2.6858
FaF,wfjsp23_7.txt,2,1635.0,295.306,1601.0,2.1237
FaF,wfjsp23_7.txt,3,1624.0,214.035,1601.0,1.4366
FaF,wfjsp23_7.txt,4,1620.0,178.579,1601.0,1.1868
FaF,wfjsp23_7.txt,5,1618.0,145.45,1601.0,1.0618
FaF,wfjsp23_8.txt,1,1635.0,61.5734,1597.0,2.3795
FaF,wfjsp23_8.txt,2,1618.0,63.2996,1597.0,1.315
FaF,wfjsp23_8.txt,3,1634.0,100.222,1597.0,2.3168
FaF,wfjsp23_8.txt,4,1629.0,81.6045,1597.0,2.0038
FaF,wfjsp23_8.txt,5,1612.0,246.261,1597.0,0.9393
FaF,wfjsp23_9.txt,1,1603.0,142.77,1582.0,1.3274
FaF,wfjsp23_9.txt,2,1597.0,114.681,1582.0,0.9482
FaF,wfjsp23_9.txt,3,1607.0,145.268,1582.0,1.5803
FaF,wfjsp23_9.txt,4,1605.0,117.257,1582.0,1.4539
FaF,wfjsp23_9.txt,5,1612.0,82.0544,1582.0,1.8963
FaF,wfjsp24_1.txt,1,1216.0,48.1207,1201.0,1.249
FaF,wfjsp24_1.txt,2,1220.0,49.6841,1201.0,1.582
FaF,wfjsp24_1.txt,3,1217.0,41.548,1201.0,1.3322
FaF,wfjsp24_1.txt,4,1217.0,27.2691,1201.0,1.3322
FaF,wfjsp24_1.txt,5,1211.0,82.0214,1201.0,0.8326
FaF,wfjsp24_10.txt,1,1401.0,48.2502,1407.0,-0.4264
FaF,wfjsp24_10.txt,2,1400.0,40.8059,1407.0,-0.4975
FaF,wfjsp24_10.txt,3,1400.0,76.3494,1407.0,-0.4975
FaF,wfjsp24_10.txt,4,1393.0,33.3382,1407.0,-0.995
FaF,wfjsp24_10.txt,5,1402.0,25.2957,1407.0,-0.3554
FaF,wfjsp24_2.txt,1,1247.0,26.4073,1220.0,2.2131
FaF,wfjsp24_2.txt,2,1251.0,18.7074,1220.0,2.541
FaF,wfjsp24_2.txt,3,1244.0,21.0824,1220.0,1.9672
FaF,wfjsp24_2.txt,4,1249.0,21.5232,1220.0,2.377
FaF,wfjsp24_2.txt,5,1236.0,87.1415,1220.0,1.3115
FaF,wfjsp24_3.txt,1,1336.0,62.6033,1330.0,0.4511
FaF,wfjsp24_3.txt,2,1320.0,35.5349,1330.0,-0.7519
FaF,wfjsp24_3.txt,3,1331.0,49.8269,1330.0,0.0752
FaF,wfjsp24_3.txt,4,1349.0,46.2626,1330.0,1.4286
FaF,wfjsp24_3.txt,5,1326.0,35.2165,1330.0,-0.3008
FaF,wfjsp24_4.txt,1,1312.0,46.1398,1300.0,0.9231
FaF,wfjsp24_4.txt,2,1312.0,31.5178,1300.0,0.9231
FaF,wfjsp24_4.txt,3,1327.0,28.0204,1300.0,2.0769
FaF,wfjsp24_4.txt,4,1318.0,38.743,1300.0,1.3846
FaF,wfjsp24_4.txt,5,1326.0,30.6141,1300.0,2.0
FaF,wfjsp24_5.txt,1,1126.0,36.4768,1113.0,1.168
FaF,wfjsp24_5.txt,2,1123.0,34.2911,1113.0,0.8985
FaF,wfjsp24_5.txt,3,1116.0,43.2403,1113.0,0.2695
FaF,wfjsp24_5.txt,4,1125.0,31.3217,1113.0,1.0782
FaF,wfjsp24_5.txt,5,1125.0,31.4355,1113.0,1.0782
FaF,wfjsp24_6.txt,1,1500.0,58.0214,1487.0,0.8742
FaF,wfjsp24_6.txt,2,1503.0,42.2583,1487.0,1.076
FaF,wfjsp24_6.txt,3,1511.0,22.6901,1487.0,1.614
FaF,wfjsp24_6.txt,4,1495.0,83.5417,1487.0,0.538
FaF,wfjsp24_6.txt,5,1499.0,63.7389,1487.0,0.807
FaF,wfjsp24_7.txt,1,1330.0,62.3075,1312.0,1.372
FaF,wfjsp24_7.txt,2,1332.0,80.5929,1312.0,1.5244
FaF,wfjsp24_7.txt,3,1318.0,57.388,1312.0,0.4573
FaF,wfjsp24_7.txt,4,1327.0,69.9862,1312.0,1.1433
FaF,wfjsp24_7.txt,5,1327.0,41.3437,1312.0,1.1433
FaF,wfjsp24_8.txt,1,1286.0,18.594,1263.0,1.8211
FaF,wfjsp24_8.txt,2,1285.0,39.1698,1263.0,1.7419
FaF,wfjsp24_8.txt,3,1279.0,43.7708,1263.0,1.2668
FaF,wfjsp24_8.txt,4,1283.0,42.4503,1263.0,1.5835
FaF,wfjsp24_8.txt,5,1285.0,56.7661,1263.0,1.7419
FaF,wfjsp24_9.txt,1,1284.0,24.1798,1269.0,1.182
FaF,wfjsp24_9.txt,2,1274.0,26.7382,1269.0,0.394
FaF,wfjsp24_9.txt,3,1270.0,30.8072,1269.0,0.0788
FaF,wfjsp24_9.txt,4,1270.0,28.846,1269.0,0.0788
FaF,wfjsp24_9.txt,5,1271.0,16.7441,1269.0,0.1576
FaF,wfjsp2_1.txt,1,337.0,0.0835476,336.0,0.2976
FaF,wfjsp2_1.txt,2,340.0,0.0744437,336.0,1.1905
FaF,wfjsp2_1.txt,3,337.0,0.101833,336.0,0.2976
FaF,wfjsp2_1.txt,4,339.0,0.0796993,336.0,0.8929
FaF,wfjsp2_1.txt,5,340.0,0.0654054,336.0,1.1905
FaF,wfjsp2_10.txt,1,489.0,0.0670828,489.0,0.0
FaF,wfjsp2_10.txt,2,491.0,0.0696997,489.0,0.409
FaF,wfjsp2_10.txt,3,490.0,0.140094,489.0,0.2045
FaF,wfjsp2_10.txt,4,491.0,0.110101,489.0,0.409
FaF,wfjsp2_10.txt,5,490.0,0.108678,489.0,0.2045
FaF,wfjsp2_2.txt,1,368.0,0.126827,368.0,0.0
FaF,wfjsp2_2.txt,2,371.0,0.0989987,368.0,0.8152
FaF,wfjsp2_2.txt,3,368.0,0.107561,368.0,0.0
FaF,wfjsp2_2.txt,4,372.0,0.0845288,368.0,1.087
FaF,wfjsp2_2.txt,5,368.0,0.123836,368.0,0.0
FaF,wfjsp2_3.txt,1,421.0,0.0603454,421.0,0.0
FaF,wfjsp2_3.txt,2,421.0,0.0692964,421.0,0.0
FaF,wfjsp2_3.txt,3,421.0,0.0668549,421.0,0.0
FaF,wfjsp2_3.txt,4,421.0,0.063951,421.0,0.0
FaF,wfjsp2_3.txt,5,421.0,0.0622108,421.0,0.0
FaF,wfjsp2_4.txt,1,380.0,0.178128,378.0,0.5291
FaF,wfjsp2_4.txt,2,382.0,0.0770982,378.0,1.0582
FaF,wfjsp2_4.txt,3,382.0,0.0649835,378.0,1.0582
FaF,wfjsp2_4.txt,4,382.0,0.0743155,378.0,1.0582
FaF,wfjsp2_4.txt,5,382.0,0.0723929,378.0,1.0582
FaF,wfjsp2_5.txt,1,271.0,0.0642891,270.0,0.3704
FaF,wfjsp2_5.txt,2,271.0,0.0584345,270.0,0.3704
FaF,wfjsp2_5.txt,3,271.0,0.050775,270.0,0.3704
FaF,wfjsp2_5.txt,4,273.0,0.057118,270.0,1.1111
FaF,wfjsp2_5.txt,5,272.0,0.058376,270.0,0.7407
FaF,wfjsp2_6.txt,1,427.0,0.0956002,416.0,2.6442
FaF,wfjsp2_6.txt,2,427.0,0.0810412,416.0,2.6442
FaF,wfjsp2_6.txt,3,429.0,0.0780056,416.0,3.125
FaF,wfjsp2_6.txt,4,429.0,0.0958459,416.0,3.125
FaF,wfjsp2_6.txt,5,424.0,0.105381,416.0,1.9231
FaF,wfjsp2_7.txt,1,398.0,0.0873233,395.0,0.7595
FaF,wfjsp2_7.txt,2,398.0,0.167923,395.0,0.7595
FaF,wfjsp2_7.txt,3,399.0,0.143163,395.0,1.0127
FaF,wfjsp2_7.txt,4,398.0,0.0865182,395.0,0.7595
FaF,wfjsp2_7.txt,5,398.0,0.0876439,395.0,0.7595
FaF,wfjsp2_8.txt,1,417.0,0.0764824,414.0,0.7246
FaF,wfjsp2_8.txt,2,417.0,0.0886114,414.0,0.7246
FaF,wfjsp2_8.txt,3,417.0,0.0649892,414.0,0.7246
FaF,wfjsp2_8.txt,4,417.0,0.070568,414.0,0.7246
FaF,wfjsp2_8.txt,5,417.0,0.0770323,414.0,0.7246
FaF,wfjsp2_9.txt,1,329.0,0.092932,329.0,0.0
FaF,wfjsp2_9.txt,2,335.0,0.0760841,329.0,1.8237
FaF,wfjsp2_9.txt,3,332.0,0.0840721,329.0,0.9119
FaF,wfjsp2_9.txt,4,332.0,0.145409,329.0,0.9119
FaF,wfjsp2_9.txt,5,329.0,0.113665,329.0,0.0
FaF,wfjsp3_1.txt,1,425.0,0.134881,419.0,1.432
FaF,wfjsp3_1.txt,2,425.0,0.084707,419.0,1.432
FaF,wfjsp3_1.txt,3,425.0,0.0776415,419.0,1.432
FaF,wfjsp3_1.txt,4,429.0,0.202681,419.0,2.3866
FaF,wfjsp3_1.txt,5,428.0,0.0998897,419.0,2.148
FaF,wfjsp3_10.txt,1,455.0,0.115268,455.0,0.0
FaF,wfjsp3_10.txt,2,475.0,0.139294,455.0,4.3956
FaF,wfjsp3_10.txt,3,455.0,0.0891983,455.0,0.0
FaF,wfjsp3_10.txt,4,480.0,0.0821238,455.0,5.4945
FaF,wfjsp3_10.txt,5,458.0,0.156829,455.0,0.6593
FaF,wfjsp3_2.txt,1,545.0,0.190724,543.0,0.3683
FaF,wfjsp3_2.txt,2,547.0,0.103119,543.0,0.7366
FaF,wfjsp3_2.txt,3,545.0,0.133548,543.0,0.3683
FaF,wfjsp3_2.txt,4,547.0,0.324379,543.0,0.7366
FaF,wfjsp3_2.txt,5,545.0,0.123111,543.0,0.3683
FaF,wfjsp3_3.txt,1,388.0,0.0610447,383.0,1.3055
FaF,wfjsp3_3.txt,2,383.0,0.115181,383.0,0.0
FaF,wfjsp3_3.txt,3,383.0,0.0759908,383.0,0.0
FaF,wfjsp3_3.txt,4,388.0,0.0616873,383.0,1.3055
FaF,wfjsp3_3.txt,5,383.0,0.0852959,383.0,0.0
FaF,wfjsp3_4.txt,1,445.0,0.270236,443.0,0.4515
FaF,wfjsp3_4.txt,2,454.0,0.176419,443.0,2.4831
FaF,wfjsp3_4.txt,3,485.0,0.115536,443.0,9.4808
FaF,wfjsp3_4.txt,4,460.0,0.142158,443.0,3.8375
FaF,wfjsp3_4.txt,5,456.0,0.265466,443.0,2.9345
FaF,wfjsp3_5.txt,1,305.0,0.201437,284.0,7.3944
FaF,wfjsp3_5.txt,2,308.0,0.111133,284.0,8.4507
FaF,wfjsp3_5.txt,3,308.0,0.0774272,284.0,8.4507
FaF,wfjsp3_5.txt,4,308.0,0.125876,284.0,8.4507
FaF,wfjsp3_5.txt,5,310.0,0.095799,284.0,9.1549
FaF,wfjsp3_6.txt,1,540.0,0.27564,529.0,2.0794
FaF,wfjsp3_6.txt,2,540.0,0.141199,529.0,2.0794
FaF,wfjsp3_6.txt,3,539.0,0.171883,529.0,1.8904
FaF,wfjsp3_6.txt,4,553.0,0.129565,529.0,4.5369
FaF,wfjsp3_6.txt,5,535.0,0.254522,529.0,1.1342
FaF,wfjsp3_7.txt,1,365.0,0.111932,342.0,6.7251
FaF,wfjsp3_7.txt,2,352.0,0.104606,342.0,2.924
FaF,wfjsp3_7.txt,3,343.0,0.116948,342.0,0.2924
FaF,wfjsp3_7.txt,4,366.0,0.08612,342.0,7.0175
FaF,wfjsp3_7.txt,5,365.0,0.0758544,342.0,6.7251
FaF,wfjsp3_8.txt,1,502.0,0.108806,492.0,2.0325
FaF,wfjsp3_8.txt,2,500.0,0.218869,492.0,1.626
FaF,wfjsp3_8.txt,3,492.0,0.232528,492.0,0.0
FaF,wfjsp3_8.txt,4,509.0,0.12608,492.0,3.4553
FaF,wfjsp3_8.txt,5,495.0,0.195253,492.0,0.6098
FaF,wfjsp3_9.txt,1,572.0,0.0959944,534.0,7.1161
FaF,wfjsp3_9.txt,2,535.0,0.196556,534.0,0.1873
FaF,wfjsp3_9.txt,3,572.0,0.0970042,534.0,7.1161
FaF,wfjsp3_9.txt,4,562.0,0.212371,534.0,5.2434
FaF,wfjsp3_9.txt,5,535.0,0.160352,534.0,0.1873
FaF,wfjsp4_1.txt,1,285.0,0.280562,277.0,2.8881
FaF,wfjsp4_1.txt,2,284.0,0.42213,277.0,2.5271
FaF,wfjsp4_1.txt,3,294.0,0.440125,277.0,6.1372
FaF,wfjsp4_1.txt,4,286.0,0.25498,277.0,3.2491
FaF,wfjsp4_1.txt,5,287.0,0.190408,277.0,3.6101
FaF,wfjsp4_10.txt,1,313.0,0.209639,293.0,6.8259
FaF,wfjsp4_10.txt,2,295.0,0.247111,293.0,0.6826
FaF,wfjsp4_10.txt,3,296.0,0.25606,293.0,1.0239
FaF,wfjsp4_10.txt,4,310.0,0.0841836,293.0,5.802
FaF,wfjsp4_10.txt,5,295.0,0.158133,293.0,0.6826
FaF,wfjsp4_2.txt,1,357.0,0.26874,350.0,2.0
FaF,wfjsp4_2.txt,2,365.0,0.402076,350.0,4.2857
FaF,wfjsp4_2.txt,3,364.0,0.251639,350.0,4.0
FaF,wfjsp4_2.txt,4,357.0,0.422592,350.0,2.0
FaF,wfjsp4_2.txt,5,366.0,0.472874,350.0,4.5714
FaF,wfjsp4_3.txt,1,370.0,0.148921,360.0,2.7778
FaF,wfjsp4_3.txt,2,370.0,0.168997,360.0,2.7778
FaF,wfjsp4_3.txt,3,370.0,0.433676,360.0,2.7778
FaF,wfjsp4_3.txt,4,377.0,0.280233,360.0,4.7222
FaF,wfjsp4_3.txt,5,372.0,0.184885,360.0,3.3333
FaF,wfjsp4_4.txt,1,322.0,0.29875,320.0,0.625
FaF,wfjsp4_4.txt,2,325.0,0.290508,320.0,1.5625
FaF,wfjsp4_4.txt,3,335.0,0.168695,320.0,4.6875
FaF,wfjsp4_4.txt,4,327.0,0.168763,320.0,2.1875
FaF,wfjsp4_4.txt,5,325.0,0.374967,320.0,1.5625
FaF,wfjsp4_5.txt,1,292.0,0.117682,290.0,0.6897
FaF,wfjsp4_5.txt,2,290.0,0.179666,290.0,0.0
FaF,wfjsp4_5.txt,3,290.0,0.105215,290.0,0.0
FaF,wfjsp4_5.txt,4,290.0,0.109519,290.0,0.0
FaF,wfjsp4_5.txt,5,290.0,0.138573,290.0,0.0
FaF,wfjsp4_6.txt,1,385.0,0.422262,355.0,8.4507
FaF,wfjsp4_6.txt,2,377.0,0.466352,355.0,6.1972
FaF,wfjsp4_6.txt,3,377.0,0.234064,355.0,6.1972
FaF,wfjsp4_6.txt,4,381.0,0.293539,355.0,7.3239
FaF,wfjsp4_6.txt,5,386.0,0.184215,355.0,8.7324
FaF,wfjsp4_7.txt,1,301.0,0.444008,288.0,4.5139
FaF,wfjsp4_7.txt,2,301.0,0.187977,288.0,4.5139
FaF,wfjsp4_7.txt,3,304.0,0.11147,288.0,5.5556
FaF,wfjsp4_7.txt,4,310.0,0.114269,288.0,7.6389
FaF,wfjsp4_7.txt,5,303.0,0.137817,288.0,5.2083
FaF,wfjsp4_8.txt,1,324.0,0.285256,316.0,2.5316
FaF,wfjsp4_8.txt,2,335.0,0.174061,316.0,6.0127
FaF,wfjsp4_8.txt,3,335.0,0.230462,316.0,6.0127
FaF,wfjsp4_8.txt,4,322.0,0.206152,316.0,1.8987
FaF,wfjsp4_8.txt,5,322.0,0.38832,316.0,1.8987
FaF,wfjsp4_9.txt,1,292.0,0.0806654,288.0,1.3889
FaF,wfjsp4_9.txt,2,292.0,0.0843742,288.0,1.3889
FaF,wfjsp4_9.txt,3,291.0,0.0925928,288.0,1.0417
FaF,wfjsp4_9.txt,4,292.0,0.0761304,288.0,1.3889
FaF,wfjsp4_9.txt,5,292.0,0.0796234,288.0,1.3889
FaF,wfjsp5_1.txt,1,623.0,1.22679,608.0,2.4671
FaF,wfjsp5_1.txt,2,614.0,3.07957,608.0,0.9868
FaF,wfjsp5_1.txt,3,627.0,1.10201,608.0,3.125
FaF,wfjsp5_1.txt,4,627.0,1.64715,608.0,3.125
FaF,wfjsp5_1.txt,5,636.0,0.598271,608.0,4.6053
FaF,wfjsp5_10.txt,1,654.0,0.671485,627.0,4.3062
FaF,wfjsp5_10.txt,2,680.0,0.217042,627.0,8.453
FaF,wfjsp5_10.txt,3,654.0,0.901921,627.0,4.3062
FaF,wfjsp5_10.txt,4,678.0,0.348485,627.0,8.134
FaF,wfjsp5_10.txt,5,651.0,0.787881,627.0,3.8278
FaF,wfjsp5_2.txt,1,659.0,1.21844,638.0,3.2915
FaF,wfjsp5_2.txt,2,673.0,1.52691,638.0,5.4859
FaF,wfjsp5_2.txt,3,655.0,0.863087,638.0,2.6646
FaF,wfjsp5_2.txt,4,667.0,0.986076,638.0,4.5455
FaF,wfjsp5_2.txt,5,672.0,0.454202,638.0,5.3292
FaF,wfjsp5_3.txt,1,646.0,0.921415,626.0,3.1949
FaF,wfjsp5_3.txt,2,647.0,1.80161,626.0,3.3546
FaF,wfjsp5_3.txt,3,653.0,0.706734,626.0,4.3131
FaF,wfjsp5_3.txt,4,657.0,0.715539,626.0,4.9521
FaF,wfjsp5_3.txt,5,642.0,1.74963,626.0,2.5559
FaF,wfjsp5_4.txt,1,753.0,2.50364,722.0,4.2936
FaF,wfjsp5_4.txt,2,746.0,1.87221,722.0,3.3241
FaF,wfjsp5_4.txt,3,743.0,3.26661,722.0,2.9086
FaF,wfjsp5_4.txt,4,756.0,1.14442,722.0,4.7091
FaF,wfjsp5_4.txt,5,765.0,0.872156,722.0,5.9557
FaF,wfjsp5_5.txt,1,742.0,0.538129,729.0,1.7833
FaF,wfjsp5_5.txt,2,734.0,1.03211,729.0,0.6859
FaF,wfjsp5_5.txt,3,724.0,1.93235,729.0,-0.6859
FaF,wfjsp5_5.txt,4,721.0,3.68873,729.0,-1.0974
FaF,wfjsp5_5.txt,5,735.0,0.904584,729.0,0.823
FaF,wfjsp5_6.txt,1,764.0,0.722872,732.0,4.3716
FaF,wfjsp5_6.txt,2,763.0,0.994025,732.0,4.235
FaF,wfjsp5_6.txt,3,754.0,0.852014,732.0,3.0055
FaF,wfjsp5_6.txt,4,761.0,0.986302,732.0,3.9617
FaF,wfjsp5_6.txt,5,743.0,2.87532,732.0,1.5027
FaF,wfjsp5_7.txt,1,804.0,0.922455,754.0,6.6313
FaF,wfjsp5_7.txt,2,776.0,1.00168,754.0,2.9178
FaF,wfjsp5_7.txt,3,789.0,1.45586,754.0,4.6419
FaF,wfjsp5_7.txt,4,768.0,1.51516,754.0,1.8568
FaF,wfjsp5_7.txt,5,773.0,1.56988,754.0,2.5199
FaF,wfjsp5_8.txt,1,714.0,0.625124,683.0,4.5388
FaF,wfjsp5_8.txt,2,692.0,1.01155,683.0,1.3177
FaF,wfjsp5_8.txt,3,726.0,0.963193,683.0,6.2958
FaF,wfjsp5_8.txt,4,688.0,1.58468,683.0,0.7321
FaF,wfjsp5_8.txt,5,688.0,1.93562,683.0,0.7321
FaF,wfjsp5_9.txt,1,628.0,0.516282,582.0,7.9038
FaF,wfjsp5_9.txt,2,614.0,0.661269,582.0,5.4983
FaF,wfjsp5_9.txt,3,622.0,0.719189,582.0,6.8729
FaF,wfjsp5_9.txt,4,645.0,0.315892,582.0,10.8247
FaF,wfjsp5_9.txt,5,608.0,0.775246,582.0,4.4674
FaF,wfjsp6_1.txt,1,698.0,2.24569,682.0,2.346
FaF,wfjsp6_1.txt,2,704.0,0.929782,682.0,3.2258
FaF,wfjsp6_1.txt,3,688.0,2.18614,682.0,0.8798
FaF,wfjsp6_1.txt,4,687.0,3.88999,682.0,0.7331
FaF,wfjsp6_1.txt,5,697.0,2.44891,682.0,2.1994
FaF,wfjsp6_10.txt,1,715.0,1.75872,699.0,2.289
FaF,wfjsp6_10.txt,2,710.0,0.931979,699.0,1.5737
FaF,wfjsp6_10.txt,3,713.0,1.12819,699.0,2.0029
FaF,wfjsp6_10.txt,4,715.0,1.15037,699.0,2.289
FaF,wfjsp6_10.txt,5,706.0,1.18829,699.0,1.0014
FaF,wfjsp6_2.txt,1,784.0,3.31528,780.0,0.5128
FaF,wfjsp6_2.txt,2,791.0,2.5939,780.0,1.4103
FaF,wfjsp6_2.txt,3,797.0,2.57271,780.0,2.1795
FaF,wfjsp6_2.txt,4,790.0,2.47202,780.0,1.2821
FaF,wfjsp6_2.txt,5,789.0,4.01071,780.0,1.1538
FaF,wfjsp6_3.txt,1,756.0,0.907155,735.0,2.8571
FaF,wfjsp6_3.txt,2,755.0,1.52158,735.0,2.7211
FaF,wfjsp6_3.txt,3,751.0,4.01693,735.0,2.1769
FaF,wfjsp6_3.txt,4,749.0,1.44714,735.0,1.9048
FaF,wfjsp6_3.txt,5,745.0,1.39171,735.0,1.3605
FaF,wfjsp6_4.txt,1,819.0,2.91913,803.0,1.9925
FaF,wfjsp6_4.txt,2,827.0,2.81795,803.0,2.9888
FaF,wfjsp6_4.txt,3,827.0,0.912459,803.0,2.9888
FaF,wfjsp6_4.txt,4,812.0,3.77238,803.0,1.1208
FaF,wfjsp6_4.txt,5,813.0,0.985057,803.0,1.2453
FaF,wfjsp6_5.txt,1,859.0,1.39832,844.0,1.7773
FaF,wfjsp6_5.txt,2,851.0,2.06412,844.0,0.8294
FaF,wfjsp6_5.txt,3,853.0,4.11864,844.0,1.0664
FaF,wfjsp6_5.txt,4,855.0,3.05242,844.0,1.3033
FaF,wfjsp6_5.txt,5,854.0,2.57729,844.0,1.1848
FaF,wfjsp6_6.txt,1,814.0,2.48446,798.0,2.005
FaF,wfjsp6_6.txt,2,823.0,2.85749,798.0,3.1328
FaF,wfjsp6_6.txt,3,815.0,3.03123,798.0,2.1303
FaF,wfjsp6_6.txt,4,841.0,1.68049,798.0,5.3885
FaF,wfjsp6_6.txt,5,835.0,1.16493,798.0,4.6366
FaF,wfjsp6_7.txt,1,861.0,1.0835,855.0,0.7018
FaF,wfjsp6_7.txt,2,852.0,3.768,855.0,-0.3509
FaF,wfjsp6_7.txt,3,861.0,1.22358,855.0,0.7018
FaF,wfjsp6_7.txt,4,851.0,2.10268,855.0,-0.4678
FaF,wfjsp6_7.txt,5,866.0,1.26546,855.0,1.2865
FaF,wfjsp6_8.txt,1,779.0,1.76612,759.0,2.635
FaF,wfjsp6_8.txt,2,778.0,1.79723,759.0,2.5033
FaF,wfjsp6_8.txt,3,786.0,3.31083,759.0,3.5573
FaF,wfjsp6_8.txt,4,796.0,1.51904,759.0,4.8748
FaF,wfjsp6_8.txt,5,777.0,2.23074,759.0,2.3715
FaF,wfjsp6_9.txt,1,709.0,0.951806,686.0,3.3528
FaF,wfjsp6_9.txt,2,709.0,1.19281,686.0,3.3528
FaF,wfjsp6_9.txt,3,699.0,0.753625,686.0,1.895
FaF,wfjsp6_9.txt,4,718.0,0.512802,686.0,4.6647
FaF,wfjsp6_9.txt,5,711.0,0.663912,686.0,3.6443
FaF,wfjsp7_1.txt,1,832.0,3.82848,815.0,2.0859
FaF,wfjsp7_1.txt,2,849.0,3.06974,815.0,4.1718
FaF,wfjsp7_1.txt,3,842.0,2.16391,815.0,3.3129
FaF,wfjsp7_1.txt,4,824.0,5.31713,815.0,1.1043
FaF,wfjsp7_1.txt,5,828.0,5.32519,815.0,1.5951
FaF,wfjsp7_10.txt,1,928.0,3.04795,909.0,2.0902
FaF,wfjsp7_10.txt,2,922.0,5.43249,909.0,1.4301
FaF,wfjsp7_10.txt,3,931.0,1.66763,909.0,2.4202
FaF,wfjsp7_10.txt,4,929.0,3.18585,909.0,2.2002
FaF,wfjsp7_10.txt,5,928.0,5.04854,909.0,2.0902
FaF,wfjsp7_2.txt,1,1045.0,3.03193,1038.0,0.6744
FaF,wfjsp7_2.txt,2,1048.0,4.43611,1038.0,0.9634
FaF,wfjsp7_2.txt,3,1047.0,2.36039,1038.0,0.8671
FaF,wfjsp7_2.txt,4,1045.0,3.2311,1038.0,0.6744
FaF,wfjsp7_2.txt,5,1051.0,2.95783,1038.0,1.2524
FaF,wfjsp7_3.txt,1,1160.0,4.08062,1133.0,2.3831
FaF,wfjsp7_3.txt,2,1169.0,5.32606,1133.0,3.1774
FaF,wfjsp7_3.txt,3,1163.0,6.07095,1133.0,2.6478
FaF,wfjsp7_3.txt,4,1161.0,3.79217,1133.0,2.4713
FaF,wfjsp7_3.txt,5,1172.0,5.53336,1133.0,3.4422
FaF,wfjsp7_4.txt,1,952.0,3.82103,944.0,0.8475
FaF,wfjsp7_4.txt,2,944.0,5.71578,944.0,0.0
FaF,wfjsp7_4.txt,3,953.0,3.6966,944.0,0.9534
FaF,wfjsp7_4.txt,4,940.0,7.63469,944.0,-0.4237
FaF,wfjsp7_4.txt,5,953.0,2.39969,944.0,0.9534
FaF,wfjsp7_5.txt,1,825.0,3.35064,803.0,2.7397
FaF,wfjsp7_5.txt,2,816.0,3.32556,803.0,1.6189
FaF,wfjsp7_5.txt,3,824.0,2.96642,803.0,2.6152
FaF,wfjsp7_5.txt,4,816.0,2.20982,803.0,1.6189
FaF,wfjsp7_5.txt,5,816.0,4.87909,803.0,1.6189
FaF,wfjsp7_6.txt,1,1038.0,1.7443,1010.0,2.7723
FaF,wfjsp7_6.txt,2,1029.0,3.73632,1010.0,1.8812
FaF,wfjsp7_6.txt,3,1026.0,4.04944,1010.0,1.5842
FaF,wfjsp7_6.txt,4,1030.0,3.03468,1010.0,1.9802
FaF,wfjsp7_6.txt,5,1031.0,2.79221,1010.0,2.0792
FaF,wfjsp7_7.txt,1,958.0,2.80943,929.0,3.1216
FaF,wfjsp7_7.txt,2,963.0,4.67872,929.0,3.6598
FaF,wfjsp7_7.txt,3,950.0,5.59995,929.0,2.2605
FaF,wfjsp7_7.txt,4,945.0,5.72509,929.0,1.7223
FaF,wfjsp7_7.txt,5,994.0,2.03149,929.0,6.9968
FaF,wfjsp7_8.txt,1,923.0,1.92676,882.0,4.6485
FaF,wfjsp7_8.txt,2,914.0,3.84995,882.0,3.6281
FaF,wfjsp7_8.txt,3,895.0,2.19638,882.0,1.4739
FaF,wfjsp7_8.txt,4,920.0,1.86371,882.0,4.3084
FaF,wfjsp7_8.txt,5,915.0,2.56367,882.0,3.7415
FaF,wfjsp7_9.txt,1,877.0,2.82157,852.0,2.9343
FaF,wfjsp7_9.txt,2,867.0,0.991672,852.0,1.7606
FaF,wfjsp7_9.txt,3,862.0,5.69452,852.0,1.1737
FaF,wfjsp7_9.txt,4,862.0,3.28463,852.0,1.1737
FaF,wfjsp7_9.txt,5,870.0,2.0842,852.0,2.1127
FaF,wfjsp8_1.txt,1,1046.0,6.32028,1025.0,2.0488
FaF,wfjsp8_1.txt,2,1059.0,3.72424,1025.0,3.3171
FaF,wfjsp8_1.txt,3,1046.0,6.11895,1025.0,2.0488
FaF,wfjsp8_1.txt,4,1057.0,4.25549,1025.0,3.122
FaF,wfjsp8_1.txt,5,1070.0,3.8269,1025.0,4.3902
FaF,wfjsp8_10.txt,1,1212.0,4.73846,1194.0,1.5075
FaF,wfjsp8_10.txt,2,1212.0,4.48915,1194.0,1.5075
FaF,wfjsp8_10.txt,3,1215.0,4.98671,1194.0,1.7588
FaF,wfjsp8_10.txt,4,1213.0,4.28844,1194.0,1.5913
FaF,wfjsp8_10.txt,5,1226.0,1.60348,1194.0,2.6801
FaF,wfjsp8_2.txt,1,1292.0,4.52413,1251.0,3.2774
FaF,wfjsp8_2.txt,2,1273.0,11.8585,1251.0,1.7586
FaF,wfjsp8_2.txt,3,1287.0,5.39469,1251.0,2.8777
FaF,wfjsp8_2.txt,4,1291.0,3.78428,1251.0,3.1974
FaF,wfjsp8_2.txt,5,1296.0,5.65524,1251.0,3.5971
FaF,wfjsp8_3.txt,1,1400.0,7.01651,1364.0,2.6393
FaF,wfjsp8_3.txt,2,1398.0,8.82139,1364.0,2.4927
FaF,wfjsp8_3.txt,3,1395.0,7.41662,1364.0,2.2727
FaF,wfjsp8_3.txt,4,1395.0,9.43036,1364.0,2.2727
FaF,wfjsp8_3.txt,5,1403.0,4.7599,1364.0,2.8592
FaF,wfjsp8_4.txt,1,1207.0,16.6524,1211.0,-0.3303
FaF,wfjsp8_4.txt,2,1231.0,8.07109,1211.0,1.6515
FaF,wfjsp8_4.txt,3,1232.0,4.18376,1211.0,1.7341
FaF,wfjsp8_4.txt,4,1218.0,7.24564,1211.0,0.578
FaF,wfjsp8_4.txt,5,1228.0,3.2488,1211.0,1.4038
FaF,wfjsp8_5.txt,1,1053.0,2.85406,1050.0,0.2857
FaF,wfjsp8_5.txt,2,1059.0,3.69246,1050.0,0.8571
FaF,wfjsp8_5.txt,3,1060.0,2.70434,1050.0,0.9524
FaF,wfjsp8_5.txt,4,1044.0,8.29972,1050.0,-0.5714
FaF,wfjsp8_5.txt,5,1055.0,9.35177,1050.0,0.4762
FaF,wfjsp8_6.txt,1,1286.0,7.94695,1267.0,1.4996
FaF,wfjsp8_6.txt,2,1284.0,16.8992,1267.0,1.3418
FaF,wfjsp8_6.txt,3,1294.0,7.1939,1267.0,2.131
FaF,wfjsp8_6.txt,4,1285.0,4.94327,1267.0,1.4207
FaF,wfjsp8_6.txt,5,1315.0,3.31093,1267.0,3.7885
FaF,wfjsp8_7.txt,1,1213.0,2.7646,1158.0,4.7496
FaF,wfjsp8_7.txt,2,1189.0,12.6793,1158.0,2.677
FaF,wfjsp8_7.txt,3,1210.0,4.58979,1158.0,4.4905
FaF,wfjsp8_7.txt,4,1199.0,9.49028,1158.0,3.5406
FaF,wfjsp8_7.txt,5,1191.0,12.0732,1158.0,2.8497
FaF,wfjsp8_8.txt,1,1192.0,2.72568,1158.0,2.9361
FaF,wfjsp8_8.txt,2,1196.0,6.60908,1158.0,3.2815
FaF,wfjsp8_8.txt,3,1196.0,2.99328,1158.0,3.2815
FaF,wfjsp8_8.txt,4,1204.0,2.27885,1158.0,3.9724
FaF,wfjsp8_8.txt,5,1188.0,4.94131,1158.0,2.5907
FaF,wfjsp8_9.txt,1,1084.0,6.10178,1044.0,3.8314
FaF,wfjsp8_9.txt,2,1086.0,3.31956,1044.0,4.023
FaF,wfjsp8_9.txt,3,1084.0,5.22661,1044.0,3.8314
FaF,wfjsp8_9.txt,4,1077.0,5.49669,1044.0,3.1609
FaF,wfjsp8_9.txt,5,1074.0,5.31843,1044.0,2.8736
FaF,wfjsp9_1.txt,1,1341.0,12.4268,1314.0,2.0548
FaF,wfjsp9_1.txt,2,1346.0,17.7471,1314.0,2.4353
FaF,wfjsp9_1.txt,3,1334.0,15.7636,1314.0,1.5221
FaF,wfjsp9_1.txt,4,1352.0,8.37435,1314.0,2.8919
FaF,wfjsp9_1.txt,5,1323.0,11.7493,1314.0,0.6849
FaF,wfjsp9_10.txt,1,1446.0,2.50011,1414.0,2.2631
FaF,wfjsp9_10.txt,2,1442.0,4.04385,1414.0,1.9802
FaF,wfjsp9_10.txt,3,1433.0,8.36705,1414.0,1.3437
FaF,wfjsp9_10.txt,4,1450.0,1.81484,1414.0,2.546
FaF,wfjsp9_10.txt,5,1431.0,8.734,1414.0,1.2023
FaF,wfjsp9_2.txt,1,1433.0,7.89588,1404.0,2.0655
FaF,wfjsp9_2.txt,2,1412.0,23.9347,1404.0,0.5698
FaF,wfjsp9_2.txt,3,1425.0,10.1963,1404.0,1.4957
FaF,wfjsp9_2.txt,4,1428.0,10.3306,1404.0,1.7094
FaF,wfjsp9_2.txt,5,1435.0,14.1927,1404.0,2.208
FaF,wfjsp9_3.txt,1,1535.0,6.33459,1483.0,3.5064
FaF,wfjsp9_3.txt,2,1507.0,18.9042,1483.0,1.6183
FaF,wfjsp9_3.txt,3,1542.0,4.94816,1483.0,3.9784
FaF,wfjsp9_3.txt,4,1547.0,4.20302,1483.0,4.3156
FaF,wfjsp9_3.txt,5,1539.0,11.9431,1483.0,3.7761
FaF,wfjsp9_4.txt,1,1393.0,6.015,1357.0,2.6529
FaF,wfjsp9_4.txt,2,1370.0,12.1197,1357.0,0.958
FaF,wfjsp9_4.txt,3,1370.0,9.44742,1357.0,0.958
FaF,wfjsp9_4.txt,4,1395.0,5.84436,1357.0,2.8003
FaF,wfjsp9_4.txt,5,1388.0,5.10956,1357.0,2.2845
FaF,wfjsp9_5.txt,1,1266.0,6.07392,1247.0,1.5237
FaF,wfjsp9_5.txt,2,1267.0,7.45849,1247.0,1.6038
FaF,wfjsp9_5.txt,3,1284.0,4.34312,1247.0,2.9671
FaF,wfjsp9_5.txt,4,1271.0,6.27815,1247.0,1.9246
FaF,wfjsp9_5.txt,5,1272.0,4.50524,1247.0,2.0048
FaF,wfjsp9_6.txt,1,1399.0,11.0468,1383.0,1.1569
FaF,wfjsp9_6.txt,2,1403.0,10.5349,1383.0,1.4461
FaF,wfjsp9_6.txt,3,1418.0,3.52282,1383.0,2.5307
FaF,wfjsp9_6.txt,4,1414.0,6.43922,1383.0,2.2415
FaF,wfjsp9_6.txt,5,1407.0,7.53943,1383.0,1.7354
FaF,wfjsp9_7.txt,1,1351.0,21.2665,1318.0,2.5038
FaF,wfjsp9_7.txt,2,1350.0,13.9128,1318.0,2.4279
FaF,wfjsp9_7.txt,3,1380.0,4.48243,1318.0,4.7041
FaF,wfjsp9_7.txt,4,1362.0,10.8449,1318.0,3.3384
FaF,wfjsp9_7.txt,5,1386.0,3.87358,1318.0,5.1593
FaF,wfjsp9_8.txt,1,1406.0,13.1585,1386.0,1.443
FaF,wfjsp9_8.txt,2,1397.0,9.82095,1386.0,0.7937
FaF,wfjsp9_8.txt,3,1425.0,2.03741,1386.0,2.8139
FaF,wfjsp9_8.txt,4,1412.0,11.3315,1386.0,1.8759
FaF,wfjsp9_8.txt,5,1422.0,2.16687,1386.0,2.5974
FaF,wfjsp9_9.txt,1,1312.0,22.8398,1294.0,1.391
FaF,wfjsp9_9.txt,2,1334.0,14.3067,1294.0,3.0912
FaF,wfjsp9_9.txt,3,1342.0,11.3516,1294.0,3.7094
FaF,wfjsp9_9.txt,4,1335.0,16.1402,1294.0,3.1685
FaF,wfjsp9_9.txt,5,1355.0,6.55604,1294.0,4.7141
FaFM,Dauzere_01a.txt,1,3108.0,26.4718,2921.0,6.4019
FaFM,Dauzere_01a.txt,2,3047.0,17.6241,2921.0,4.3136
FaFM,Dauzere_01a.txt,3,3043.0,28.5397,2921.0,4.1767
FaFM,Dauzere_01a.txt,4,3001.0,83.6831,2921.0,2.7388
FaFM,Dauzere_01a.txt,5,3043.0,24.1217,2921.0,4.1767
FaFM,Dauzere_02a.txt,1,2948.0,36.4035,2914.0,1.1668
FaFM,Dauzere_02a.txt,2,2983.0,10.3937,2914.0,2.3679
FaFM,Dauzere_02a.txt,3,2948.0,34.1294,2914.0,1.1668
FaFM,Dauzere_02a.txt,4,2945.0,35.2076,2914.0,1.0638
FaFM,Dauzere_02a.txt,5,2934.0,47.1716,2914.0,0.6863
FaFM,Dauzere_03a.txt,1,2942.0,18.8956,2910.0,1.0997
FaFM,Dauzere_03a.txt,2,2941.0,19.5007,2910.0,1.0653
FaFM,Dauzere_03a.txt,3,2980.0,19.1154,2910.0,2.4055
FaFM,Dauzere_03a.txt,4,2918.0,16.0367,2910.0,0.2749
FaFM,Dauzere_03a.txt,5,2935.0,48.7029,2910.0,0.8591
FaFM,Dauzere_04a.txt,1,3044.0,26.2441,2911.0,4.5689
FaFM,Dauzere_04a.txt,2,3012.0,31.259,2911.0,3.4696
FaFM,Dauzere_04a.txt,3,3006.0,51.3856,2911.0,3.2635
FaFM,Dauzere_04a.txt,4,3055.0,24.1518,2911.0,4.9468
FaFM,Dauzere_04a.txt,5,3001.0,41.2605,2911.0,3.0917
FaFM,Dauzere_05a.txt,1,2941.0,10.9888,2888.0,1.8352
FaFM,Dauzere_05a.txt,2,2913.0,36.7856,2888.0,0.8657
FaFM,Dauzere_05a.txt,3,2928.0,14.1957,2888.0,1.385
FaFM,Dauzere_05a.txt,4,2925.0,31.7429,2888.0,1.2812
FaFM,Dauzere_05a.txt,5,2926.0,25.1466,2888.0,1.3158
FaFM,Dauzere_06a.txt,1,2902.0,20.9719,2877.0,0.869
FaFM,Dauzere_06a.txt,2,2905.0,23.9592,2877.0,0.9732
FaFM,Dauzere_06a.txt,3,2897.0,23.8544,2877.0,0.6952
FaFM,Dauzere_06a.txt,4,2903.0,22.3583,2877.0,0.9037
FaFM,Dauzere_06a.txt,5,2906.0,19.0225,2877.0,1.008
FaFM,Dauzere_07a.txt,1,3036.0,46.7772,2917.0,4.0795
FaFM,Dauzere_07a.txt,2,3023.0,44.1993,2917.0,3.6339
FaFM,Dauzere_07a.txt,3,3046.0,67.151,2917.0,4.4224
FaFM,Dauzere_07a.txt,4,3120.0,60.5627,2917.0,6.9592
FaFM,Dauzere_07a.txt,5,3045.0,35.6431,2917.0,4.3881
FaFM,Dauzere_08a.txt,1,2944.0,22.1469,2883.0,2.1159
FaFM,Dauzere_08a.txt,2,2924.0,21.4878,2883.0,1.4221
FaFM,Dauzere_08a.txt,3,2941.0,18.6638,2883.0,2.0118
FaFM,Dauzere_08a.txt,4,2927.0,22.197,2883.0,1.5262
FaFM,Dauzere_08a.txt,5,2915.0,30.3081,2883.0,1.11
FaFM,Dauzere_09a.txt,1,2899.0,32.7498,2880.0,0.6597
FaFM,Dauzere_09a.txt,2,2901.0,34.5097,2880.0,0.7292
FaFM,Dauzere_09a.txt,3,2918.0,21.9984,2880.0,1.3194
FaFM,Dauzere_09a.txt,4,2904.0,24.0059,2880.0,0.8333
FaFM,Dauzere_09a.txt,5,2896.0,30.562,2880.0,0.5556
FaFM,Dauzere_10a.txt,1,2988.0,100.392,2922.0,2.2587
FaFM,Dauzere_10a.txt,2,3006.0,39.3408,2922.0,2.8747
FaFM,Dauzere_10a.txt,3,3015.0,68.5401,2922.0,3.1828
FaFM,Dauzere_10a.txt,4,3020.0,50.0776,2922.0,3.3539
FaFM,Dauzere_10a.txt,5,3004.0,69.5791,2922.0,2.8063
FaFM,Dauzere_11a.txt,1,2898.0,31.7619,2876.0,0.765
FaFM,Dauzere_11a.txt,2,2914.0,30.4058,2876.0,1.3213
FaFM,Dauzere_11a.txt,3,2910.0,44.3798,2876.0,1.1822
FaFM,Dauzere_11a.txt,4,2906.0,55.7302,2876.0,1.0431
FaFM,Dauzere_11a.txt,5,2920.0,38.5802,2876.0,1.5299
FaFM,Dauzere_12a.txt,1,2850.0,43.1811,2840.0,0.3521
FaFM,Dauzere_12a.txt,2,2902.0,23.9653,2840.0,2.1831
FaFM,Dauzere_12a.txt,3,2894.0,22.5481,2840.0,1.9014
FaFM,Dauzere_12a.txt,4,2899.0,23.0956,2840.0,2.0775
FaFM,Dauzere_12a.txt,5,2859.0,27.4388,2840.0,0.669
FaFM,Mk01.txt,1,74.0,5.77539,70.0,5.7143
FaFM,Mk01.txt,2,73.0,5.42672,70.0,4.2857
FaFM,Mk01.txt,3,73.0,3.78211,70.0,4.2857
FaFM,Mk01.txt,4,75.0,3.93747,70.0,7.1429
FaFM,Mk01.txt,5,73.0,5.6903,70.0,4.2857
FaFM,Mk02.txt,1,69.0,6.78016,67.0,2.9851
FaFM,Mk02.txt,2,71.0,3.45623,67.0,5.9701
FaFM,Mk02.txt,3,71.0,4.46409,67.0,5.9701
FaFM,Mk02.txt,4,70.0,6.99573,67.0,4.4776
FaFM,Mk02.txt,5,71.0,4.33042,67.0,5.9701
FaFM,Mk03.txt,1,243.0,9.21415,238.0,2.1008
FaFM,Mk03.txt,2,241.0,8.14513,238.0,1.2605
FaFM,Mk03.txt,3,241.0,10.5887,238.0,1.2605
FaFM,Mk03.txt,4,244.0,11.4816,238.0,2.521
FaFM,Mk03.txt,5,245.0,7.73369,238.0,2.9412
FaFM,Mk04.txt,1,99.0,7.89266,95.0,4.2105
FaFM,Mk04.txt,2,103.0,5.19964,95.0,8.4211
FaFM,Mk04.txt,3,99.0,8.77999,95.0,4.2105
FaFM,Mk04.txt,4,98.0,8.61887,95.0,3.1579
FaFM,Mk04.txt,5,98.0,16.7749,95.0,3.1579
FaFM,Mk05.txt,1,303.0,14.6199,299.0,1.3378
FaFM,Mk05.txt,2,306.0,12.2333,299.0,2.3411
FaFM,Mk05.txt,3,307.0,14.516,299.0,2.6756
FaFM,Mk05.txt,4,307.0,7.94048,299.0,2.6756
FaFM,Mk05.txt,5,307.0,10.8774,299.0,2.6756
FaFM,Mk06.txt,1,113.0,24.2456,109.0,3.6697
FaFM,Mk06.txt,2,117.0,18.2342,109.0,7.3394
FaFM,Mk06.txt,3,116.0,17.9957,109.0,6.422
FaFM,Mk06.txt,4,119.0,19.0054,109.0,9.1743
FaFM,Mk06.txt,5,116.0,17.41,109.0,6.422
FaFM,Mk07.txt,1,233.0,13.9854,222.0,4.955
FaFM,Mk07.txt,2,234.0,6.00887,222.0,5.4054
FaFM,Mk07.txt,3,233.0,9.54194,222.0,4.955
FaFM,Mk07.txt,4,233.0,14.7579,222.0,4.955
FaFM,Mk07.txt,5,229.0,18.3854,222.0,3.1532
FaFM,Mk08.txt,1,627.0,25.2129,624.0,0.4808
FaFM,Mk08.txt,2,631.0,14.5164,624.0,1.1218
FaFM,Mk08.txt,3,627.0,18.8186,624.0,0.4808
FaFM,Mk08.txt,4,625.0,30.0863,624.0,0.1603
FaFM,Mk08.txt,5,632.0,26.5925,624.0,1.2821
FaFM,Mk09.txt,1,496.0,26.5924,479.0,3.5491
FaFM,Mk09.txt,2,494.0,31.4499,479.0,3.1315
FaFM,Mk09.txt,3,490.0,49.9277,479.0,2.2965
FaFM,Mk09.txt,4,489.0,46.1221,479.0,2.0877
FaFM,Mk09.txt,5,492.0,49.3372,479.0,2.714
FaFM,Mk10.txt,1,340.0,21.8594,326.0,4.2945
FaFM,Mk10.txt,2,333.0,33.5373,326.0,2.1472
FaFM,Mk10.txt,3,335.0,37.8208,326.0,2.7607
FaFM,Mk10.txt,4,336.0,39.4428,326.0,3.0675
FaFM,Mk10.txt,5,338.0,34.4485,326.0,3.681
FaFM,wfjsp10_1.txt,1,802.0,15.0892,781.0,2.6889
FaFM,wfjsp10_1.txt,2,799.0,12.4148,781.0,2.3047
FaFM,wfjsp10_1.txt,3,802.0,12.6278,781.0,2.6889
FaFM,wfjsp10_1.txt,4,782.0,28.9487,781.0,0.128
FaFM,wfjsp10_1.txt,5,799.0,11.4184,781.0,2.3047
FaFM,wfjsp10_10.txt,1,870.0,15.972,859.0,1.2806
FaFM,wfjsp10_10.txt,2,877.0,17.3085,859.0,2.0955
FaFM,wfjsp10_10.txt,3,874.0,13.6721,859.0,1.7462
FaFM,wfjsp10_10.txt,4,865.0,14.4365,859.0,0.6985
FaFM,wfjsp10_10.txt,5,876.0,15.0385,859.0,1.979
FaFM,wfjsp10_2.txt,1,855.0,17.5449,836.0,2.2727
FaFM,wfjsp10_2.txt,2,863.0,26.8562,836.0,3.2297
FaFM,wfjsp10_2.txt,3,862.0,12.7407,836.0,3.11
FaFM,wfjsp10_2.txt,4,864.0,10.608,836.0,3.3493
FaFM,wfjsp10_2.txt,5,855.0,24.6065,836.0,2.2727
FaFM,wfjsp10_3.txt,1,944.0,23.593,923.0,2.2752
FaFM,wfjsp10_3.txt,2,931.0,67.7513,923.0,0.8667
FaFM,wfjsp10_3.txt,3,949.0,24.6708,923.0,2.8169
FaFM,wfjsp10_3.txt,4,939.0,16.7237,923.0,1.7335
FaFM,wfjsp10_3.txt,5,954.0,18.5634,923.0,3.3586
FaFM,wfjsp10_4.txt,1,876.0,20.5177,873.0,0.3436
FaFM,wfjsp10_4.txt,2,891.0,14.8498,873.0,2.0619
FaFM,wfjsp10_4.txt,3,874.0,11.8829,873.0,0.1145
FaFM,wfjsp10_4.txt,4,876.0,23.7617,873.0,0.3436
FaFM,wfjsp10_4.txt,5,872.0,35.1864,873.0,-0.1145
FaFM,wfjsp10_5.txt,1,757.0,12.0524,733.0,3.2742
FaFM,wfjsp10_5.txt,2,747.0,20.3803,733.0,1.91
FaFM,wfjsp10_5.txt,3,764.0,11.248,733.0,4.2292
FaFM,wfjsp10_5.txt,4,775.0,14.3397,733.0,5.7299
FaFM,wfjsp10_5.txt,5,752.0,9.59338,733.0,2.5921
FaFM,wfjsp10_6.txt,1,898.0,21.8287,896.0,0.2232
FaFM,wfjsp10_6.txt,2,896.0,29.904,896.0,0.0
FaFM,wfjsp10_6.txt,3,924.0,19.6181,896.0,3.125
FaFM,wfjsp10_6.txt,4,910.0,21.4985,896.0,1.5625
FaFM,wfjsp10_6.txt,5,923.0,14.8947,896.0,3.0134
FaFM,wfjsp10_7.txt,1,850.0,21.5493,819.0,3.7851
FaFM,wfjsp10_7.txt,2,854.0,15.9287,819.0,4.2735
FaFM,wfjsp10_7.txt,3,861.0,9.85873,819.0,5.1282
FaFM,wfjsp10_7.txt,4,833.0,34.5719,819.0,1.7094
FaFM,wfjsp10_7.txt,5,873.0,11.5373,819.0,6.5934
FaFM,wfjsp10_8.txt,1,852.0,13.1659,824.0,3.3981
FaFM,wfjsp10_8.txt,2,848.0,15.3201,824.0,2.9126
FaFM,wfjsp10_8.txt,3,848.0,10.8119,824.0,2.9126
FaFM,wfjsp10_8.txt,4,824.0,30.7997,824.0,0.0
FaFM,wfjsp10_8.txt,5,844.0,21.4927,824.0,2.4272
FaFM,wfjsp10_9.txt,1,832.0,14.3651,803.0,3.6115
FaFM,wfjsp10_9.txt,2,823.0,24.4544,803.0,2.4907
FaFM,wfjsp10_9.txt,3,825.0,13.3089,803.0,2.7397
FaFM,wfjsp10_9.txt,4,827.0,15.4524,803.0,2.9888
FaFM,wfjsp10_9.txt,5,811.0,21.3841,803.0,0.9963
FaFM,wfjsp11_1.txt,1,1006.0,17.2074,969.0,3.8184
FaFM,wfjsp11_1.txt,2,1004.0,31.2022,969.0,3.612
FaFM,wfjsp11_1.txt,3,1005.0,17.3412,969.0,3.7152
FaFM,wfjsp11_1.txt,4,1007.0,13.4166,969.0,3.9216
FaFM,wfjsp11_1.txt,5,1008.0,20.6748,969.0,4.0248
FaFM,wfjsp11_10.txt,1,1149.0,18.5915,1091.0,5.3162
FaFM,wfjsp11_10.txt,2,1137.0,26.5846,1091.0,4.2163
FaFM,wfjsp11_10.txt,3,1141.0,23.3524,1091.0,4.583
FaFM,wfjsp11_10.txt,4,1145.0,20.1224,1091.0,4.9496
FaFM,wfjsp11_10.txt,5,1134.0,16.2812,1091.0,3.9413
FaFM,wfjsp11_2.txt,1,1233.0,24.6697,1184.0,4.1385
FaFM,wfjsp11_2.txt,2,1240.0,17.4012,1184.0,4.7297
FaFM,wfjsp11_2.txt,3,1231.0,29.5197,1184.0,3.9696
FaFM,wfjsp11_2.txt,4,1226.0,42.5677,1184.0,3.5473
FaFM,wfjsp11_2.txt,5,1238.0,33.5029,1184.0,4.5608
FaFM,wfjsp11_3.txt,1,1222.0,15.7099,1149.0,6.3534
FaFM,wfjsp11_3.txt,2,1212.0,14.6911,1149.0,5.483
FaFM,wfjsp11_3.txt,3,1210.0,46.9355,1149.0,5.309
FaFM,wfjsp11_3.txt,4,1197.0,75.1475,1149.0,4.1775
FaFM,wfjsp11_3.txt,5,1212.0,20.0129,1149.0,5.483
FaFM,wfjsp11_4.txt,1,1177.0,25.9951,1135.0,3.7004
FaFM,wfjsp11_4.txt,2,1179.0,23.0234,1135.0,3.8767
FaFM,wfjsp11_4.txt,3,1164.0,34.8405,1135.0,2.5551
FaFM,wfjsp11_4.txt,4,1178.0,35.5618,1135.0,3.7885
FaFM,wfjsp11_4.txt,5,1187.0,21.2307,1135.0,4.5815
FaFM,wfjsp11_5.txt,1,1222.0,34.1547,1180.0,3.5593
FaFM,wfjsp11_5.txt,2,1233.0,28.3456,1180.0,4.4915
FaFM,wfjsp11_5.txt,3,1211.0,27.0279,1180.0,2.6271
FaFM,wfjsp11_5.txt,4,1234.0,34.8428,1180.0,4.5763
FaFM,wfjsp11_5.txt,5,1233.0,30.9115,1180.0,4.4915
FaFM,wfjsp11_6.txt,1,980.0,11.2432,937.0,4.5891
FaFM,wfjsp11_6.txt,2,972.0,22.5696,937.0,3.7353
FaFM,wfjsp11_6.txt,3,974.0,17.4994,937.0,3.9488
FaFM,wfjsp11_6.txt,4,982.0,23.4836,937.0,4.8026
FaFM,wfjsp11_6.txt,5,985.0,14.8021,937.0,5.1227
FaFM,wfjsp11_7.txt,1,1043.0,43.7897,1015.0,2.7586
FaFM,wfjsp11_7.txt,2,1060.0,14.5855,1015.0,4.4335
FaFM,wfjsp11_7.txt,3,1059.0,13.453,1015.0,4.335
FaFM,wfjsp11_7.txt,4,1045.0,45.245,1015.0,2.9557
FaFM,wfjsp11_7.txt,5,1051.0,33.1036,1015.0,3.5468
FaFM,wfjsp11_8.txt,1,1068.0,21.4467,1032.0,3.4884
FaFM,wfjsp11_8.txt,2,1066.0,17.6815,1032.0,3.2946
FaFM,wfjsp11_8.txt,3,1073.0,15.0702,1032.0,3.9729
FaFM,wfjsp11_8.txt,4,1080.0,18.9158,1032.0,4.6512
FaFM,wfjsp11_8.txt,5,1074.0,11.9533,1032.0,4.0698
FaFM,wfjsp11_9.txt,1,1205.0,13.9945,1136.0,6.0739
FaFM,wfjsp11_9.txt,2,1190.0,27.8948,1136.0,4.7535
FaFM,wfjsp11_9.txt,3,1190.0,23.57,1136.0,4.7535
FaFM,wfjsp11_9.txt,4,1182.0,19.0933,1136.0,4.0493
FaFM,wfjsp11_9.txt,5,1183.0,33.9271,1136.0,4.1373
FaFM,wfjsp12_1.txt,1,919.0,29.2597,896.0,2.567
FaFM,wfjsp12_1.txt,2,926.0,13.9176,896.0,3.3482
FaFM,wfjsp12_1.txt,3,927.0,26.1868,896.0,3.4598
FaFM,wfjsp12_1.txt,4,921.0,34.096,896.0,2.7902
FaFM,wfjsp12_1.txt,5,929.0,29.0479,896.0,3.683
FaFM,wfjsp12_10.txt,1,1115.0,40.8984,1099.0,1.4559
FaFM,wfjsp12_10.txt,2,1114.0,31.855,1099.0,1.3649
FaFM,wfjsp12_10.txt,3,1121.0,39.4107,1099.0,2.0018
FaFM,wfjsp12_10.txt,4,1116.0,16.9313,1099.0,1.5469
FaFM,wfjsp12_10.txt,5,1125.0,31.383,1099.0,2.3658
FaFM,wfjsp12_2.txt,1,1026.0,23.746,997.0,2.9087
FaFM,wfjsp12_2.txt,2,1033.0,39.3676,997.0,3.6108
FaFM,wfjsp12_2.txt,3,1023.0,27.265,997.0,2.6078
FaFM,wfjsp12_2.txt,4,1026.0,19.821,997.0,2.9087
FaFM,wfjsp12_2.txt,5,1035.0,17.854,997.0,3.8114
FaFM,wfjsp12_3.txt,1,1125.0,25.4299,1103.0,1.9946
FaFM,wfjsp12_3.txt,2,1127.0,29.756,1103.0,2.1759
FaFM,wfjsp12_3.txt,3,1129.0,26.6119,1103.0,2.3572
FaFM,wfjsp12_3.txt,4,1127.0,25.4291,1103.0,2.1759
FaFM,wfjsp12_3.txt,5,1124.0,31.4605,1103.0,1.9039
FaFM,wfjsp12_4.txt,1,1039.0,42.6447,1027.0,1.1685
FaFM,wfjsp12_4.txt,2,1044.0,18.0472,1027.0,1.6553
FaFM,wfjsp12_4.txt,3,1049.0,13.0202,1027.0,2.1422
FaFM,wfjsp12_4.txt,4,1045.0,33.6465,1027.0,1.7527
FaFM,wfjsp12_4.txt,5,1040.0,16.5356,1027.0,1.2658
FaFM,wfjsp12_5.txt,1,875.0,24.2464,869.0,0.6904
FaFM,wfjsp12_5.txt,2,875.0,27.197,869.0,0.6904
FaFM,wfjsp12_5.txt,3,871.0,26.8954,869.0,0.2301
FaFM,wfjsp12_5.txt,4,884.0,30.0144,869.0,1.7261
FaFM,wfjsp12_5.txt,5,881.0,29.6042,869.0,1.3809
FaFM,wfjsp12_6.txt,1,1156.0,32.1779,1134.0,1.94
FaFM,wfjsp12_6.txt,2,1163.0,25.5213,1134.0,2.5573
FaFM,wfjsp12_6.txt,3,1161.0,15.5898,1134.0,2.381
FaFM,wfjsp12_6.txt,4,1158.0,29.64,1134.0,2.1164
FaFM,wfjsp12_6.txt,5,1157.0,16.8935,1134.0,2.0282
FaFM,wfjsp12_7.txt,1,1036.0,19.345,1018.0,1.7682
FaFM,wfjsp12_7.txt,2,1029.0,25.0261,1018.0,1.0806
FaFM,wfjsp12_7.txt,3,1027.0,16.4902,1018.0,0.8841
FaFM,wfjsp12_7.txt,4,1031.0,34.3038,1018.0,1.277
FaFM,wfjsp12_7.txt,5,1035.0,21.0143,1018.0,1.6699
FaFM,wfjsp12_8.txt,1,999.0,51.3219,980.0,1.9388
FaFM,wfjsp12_8.txt,2,1006.0,14.6915,980.0,2.6531
FaFM,wfjsp12_8.txt,3,1008.0,14.7582,980.0,2.8571
FaFM,wfjsp12_8.txt,4,1005.0,29.4639,980.0,2.551
FaFM,wfjsp12_8.txt,5,1004.0,21.7269,980.0,2.449
FaFM,wfjsp12_9.txt,1,1003.0,26.9455,995.0,0.804
FaFM,wfjsp12_9.txt,2,1015.0,16.6964,995.0,2.0101
FaFM,wfjsp12_9.txt,3,1007.0,37.5161,995.0,1.206
FaFM,wfjsp12_9.txt,4,1012.0,25.2829,995.0,1.7085
FaFM,wfjsp12_9.txt,5,1012.0,25.0773,995.0,1.7085
FaFM,wfjsp13_1.txt,1,896.0,34.3002,866.0,3.4642
FaFM,wfjsp13_1.txt,2,893.0,35.562,866.0,3.1178
FaFM,wfjsp13_1.txt,3,894.0,36.3555,866.0,3.2333
FaFM,wfjsp13_1.txt,4,898.0,22.9254,866.0,3.6952
FaFM,wfjsp13_1.txt,5,902.0,29.6887,866.0,4.157
FaFM,wfjsp13_10.txt,1,950.0,42.5907,916.0,3.7118
FaFM,wfjsp13_10.txt,2,946.0,35.663,916.0,3.2751
FaFM,wfjsp13_10.txt,3,958.0,40.3482,916.0,4.5852
FaFM,wfjsp13_10.txt,4,948.0,40.2731,916.0,3.4934
FaFM,wfjsp13_10.txt,5,961.0,22.4008,916.0,4.9127
FaFM,wfjsp13_2.txt,1,1000.0,31.6109,962.0,3.9501
FaFM,wfjsp13_2.txt,2,1005.0,40.3758,962.0,4.4699
FaFM,wfjsp13_2.txt,3,1007.0,44.5613,962.0,4.6778
FaFM,wfjsp13_2.txt,4,1002.0,33.4056,962.0,4.158
FaFM,wfjsp13_2.txt,5,1000.0,45.4683,962.0,3.9501
FaFM,wfjsp13_3.txt,1,918.0,22.5106,883.0,3.9638
FaFM,wfjsp13_3.txt,2,913.0,34.8478,883.0,3.3975
FaFM,wfjsp13_3.txt,3,909.0,35.3623,883.0,2.9445
FaFM,wfjsp13_3.txt,4,913.0,38.8784,883.0,3.3975
FaFM,wfjsp13_3.txt,5,918.0,34.5035,883.0,3.9638
FaFM,wfjsp13_4.txt,1,932.0,33.2004,908.0,2.6432
FaFM,wfjsp13_4.txt,2,937.0,25.6929,908.0,3.1938
FaFM,wfjsp13_4.txt,3,929.0,33.417,908.0,2.3128
FaFM,wfjsp13_4.txt,4,927.0,35.5155,908.0,2.0925
FaFM,wfjsp13_4.txt,5,914.0,29.75,908.0,0.6608
FaFM,wfjsp13_5.txt,1,830.0,46.7437,809.0,2.5958
FaFM,wfjsp13_5.txt,2,838.0,31.9605,809.0,3.5847
FaFM,wfjsp13_5.txt,3,833.0,47.2666,809.0,2.9666
FaFM,wfjsp13_5.txt,4,835.0,51.3334,809.0,3.2138
FaFM,wfjsp13_5.txt,5,832.0,60.071,809.0,2.843
FaFM,wfjsp13_6.txt,1,1028.0,51.7395,988.0,4.0486
FaFM,wfjsp13_6.txt,2,1035.0,42.9917,988.0,4.7571
FaFM,wfjsp13_6.txt,3,1034.0,24.83,988.0,4.6559
FaFM,wfjsp13_6.txt,4,1035.0,43.037,988.0,4.7571
FaFM,wfjsp13_6.txt,5,1038.0,26.2564,988.0,5.0607
FaFM,wfjsp13_7.txt,1,896.0,32.0689,875.0,2.4
FaFM,wfjsp13_7.txt,2,909.0,16.871,875.0,3.8857
FaFM,wfjsp13_7.txt,3,895.0,49.9788,875.0,2.2857
FaFM,wfjsp13_7.txt,4,897.0,24.6808,875.0,2.5143
FaFM,wfjsp13_7.txt,5,892.0,26.0512,875.0,1.9429
FaFM,wfjsp13_8.txt,1,922.0,24.3169,899.0,2.5584
FaFM,wfjsp13_8.txt,2,915.0,39.0335,899.0,1.7798
FaFM,wfjsp13_8.txt,3,935.0,20.9822,899.0,4.0044
FaFM,wfjsp13_8.txt,4,925.0,28.2565,899.0,2.8921
FaFM,wfjsp13_8.txt,5,922.0,57.8214,899.0,2.5584
FaFM,wfjsp13_9.txt,1,998.0,25.6626,967.0,3.2058
FaFM,wfjsp13_9.txt,2,990.0,33.5588,967.0,2.3785
FaFM,wfjsp13_9.txt,3,1005.0,39.2443,967.0,3.9297
FaFM,wfjsp13_9.txt,4,997.0,19.864,967.0,3.1024
FaFM,wfjsp13_9.txt,5,995.0,24.4685,967.0,2.8956
FaFM,wfjsp14_1.txt,1,754.0,58.8671,745.0,1.2081
FaFM,wfjsp14_1.txt,2,768.0,15.7143,745.0,3.0872
FaFM,wfjsp14_1.txt,3,770.0,11.6722,745.0,3.3557
FaFM,wfjsp14_1.txt,4,760.0,23.8207,745.0,2.0134
FaFM,wfjsp14_1.txt,5,763.0,24.8474,745.0,2.4161
FaFM,wfjsp14_10.txt,1,910.0,23.5454,878.0,3.6446
FaFM,wfjsp14_10.txt,2,905.0,36.52,878.0,3.0752
FaFM,wfjsp14_10.txt,3,916.0,17.2178,878.0,4.328
FaFM,wfjsp14_10.txt,4,911.0,30.7607,878.0,3.7585
FaFM,wfjsp14_10.txt,5,908.0,39.0607,878.0,3.4169
FaFM,wfjsp14_2.txt,1,816.0,39.1186,793.0,2.9004
FaFM,wfjsp14_2.txt,2,816.0,19.4222,793.0,2.9004
FaFM,wfjsp14_2.txt,3,821.0,13.6453,793.0,3.5309
FaFM,wfjsp14_2.txt,4,819.0,44.0624,793.0,3.2787
FaFM,wfjsp14_2.txt,5,812.0,22.9046,793.0,2.396
FaFM,wfjsp14_3.txt,1,864.0,52.3691,848.0,1.8868
FaFM,wfjsp14_3.txt,2,873.0,32.4673,848.0,2.9481
FaFM,wfjsp14_3.txt,3,865.0,52.3693,848.0,2.0047
FaFM,wfjsp14_3.txt,4,876.0,25.3948,848.0,3.3019
FaFM,wfjsp14_3.txt,5,877.0,38.2822,848.0,3.4198
FaFM,wfjsp14_4.txt,1,829.0,41.3692,806.0,2.8536
FaFM,wfjsp14_4.txt,2,828.0,20.6955,806.0,2.7295
FaFM,wfjsp14_4.txt,3,837.0,34.5087,806.0,3.8462
FaFM,wfjsp14_4.txt,4,836.0,16.0984,806.0,3.7221
FaFM,wfjsp14_4.txt,5,837.0,20.0077,806.0,3.8462
FaFM,wfjsp14_5.txt,1,737.0,18.1689,715.0,3.0769
FaFM,wfjsp14_5.txt,2,731.0,17.7212,715.0,2.2378
FaFM,wfjsp14_5.txt,3,727.0,27.7549,715.0,1.6783
FaFM,wfjsp14_5.txt,4,735.0,17.9066,715.0,2.7972
FaFM,wfjsp14_5.txt,5,730.0,28.0195,715.0,2.0979
FaFM,wfjsp14_6.txt,1,949.0,18.6828,913.0,3.943
FaFM,wfjsp14_6.txt,2,947.0,21.3374,913.0,3.724
FaFM,wfjsp14_6.txt,3,954.0,15.4682,913.0,4.4907
FaFM,wfjsp14_6.txt,4,941.0,64.4218,913.0,3.0668
FaFM,wfjsp14_6.txt,5,947.0,26.0366,913.0,3.724
FaFM,wfjsp14_7.txt,1,849.0,42.7182,826.0,2.7845
FaFM,wfjsp14_7.txt,2,849.0,38.5322,826.0,2.7845
FaFM,wfjsp14_7.txt,3,854.0,27.2786,826.0,3.3898
FaFM,wfjsp14_7.txt,4,865.0,17.9583,826.0,4.7215
FaFM,wfjsp14_7.txt,5,846.0,23.5066,826.0,2.4213
FaFM,wfjsp14_8.txt,1,811.0,36.7295,782.0,3.7084
FaFM,wfjsp14_8.txt,2,810.0,28.4556,782.0,3.5806
FaFM,wfjsp14_8.txt,3,810.0,31.7418,782.0,3.5806
FaFM,wfjsp14_8.txt,4,816.0,27.7137,782.0,4.3478
FaFM,wfjsp14_8.txt,5,795.0,27.2123,782.0,1.6624
FaFM,wfjsp14_9.txt,1,820.0,27.9028,793.0,3.4048
FaFM,wfjsp14_9.txt,2,821.0,11.6736,793.0,3.5309
FaFM,wfjsp14_9.txt,3,822.0,41.4804,793.0,3.657
FaFM,wfjsp14_9.txt,4,809.0,38.8566,793.0,2.0177
FaFM,wfjsp14_9.txt,5,806.0,30.5065,793.0,1.6393
FaFM,wfjsp15_1.txt,1,1298.0,70.2221,1259.0,3.0977
FaFM,wfjsp15_1.txt,2,1296.0,53.7639,1259.0,2.9388
FaFM,wfjsp15_1.txt,3,1289.0,88.5273,1259.0,2.3828
FaFM,wfjsp15_1.txt,4,1297.0,63.0666,1259.0,3.0183
FaFM,wfjsp15_1.txt,5,1306.0,45.9405,1259.0,3.7331
FaFM,wfjsp15_10.txt,1,1467.0,94.9581,1415.0,3.6749
FaFM,wfjsp15_10.txt,2,1465.0,46.2602,1415.0,3.5336
FaFM,wfjsp15_10.txt,3,1478.0,36.1627,1415.0,4.4523
FaFM,wfjsp15_10.txt,4,1468.0,57.8486,1415.0,3.7456
FaFM,wfjsp15_10.txt,5,1465.0,59.358,1415.0,3.5336
FaFM,wfjsp15_2.txt,1,1362.0,43.8211,1314.0,3.653
FaFM,wfjsp15_2.txt,2,1366.0,53.3617,1314.0,3.9574
FaFM,wfjsp15_2.txt,3,1359.0,86.7974,1314.0,3.4247
FaFM,wfjsp15_2.txt,4,1359.0,48.6062,1314.0,3.4247
FaFM,wfjsp15_2.txt,5,1365.0,42.8996,1314.0,3.8813
FaFM,wfjsp15_3.txt,1,1412.0,100.015,1376.0,2.6163
FaFM,wfjsp15_3.txt,2,1422.0,69.7224,1376.0,3.343
FaFM,wfjsp15_3.txt,3,1422.0,63.9253,1376.0,3.343
FaFM,wfjsp15_3.txt,4,1428.0,32.4939,1376.0,3.7791
FaFM,wfjsp15_3.txt,5,1428.0,66.1245,1376.0,3.7791
FaFM,wfjsp15_4.txt,1,1346.0,66.3689,1308.0,2.9052
FaFM,wfjsp15_4.txt,2,1353.0,37.4273,1308.0,3.4404
FaFM,wfjsp15_4.txt,3,1354.0,71.7316,1308.0,3.5168
FaFM,wfjsp15_4.txt,4,1348.0,63.619,1308.0,3.0581
FaFM,wfjsp15_4.txt,5,1352.0,72.2734,1308.0,3.3639
FaFM,wfjsp15_5.txt,1,1245.0,56.4748,1198.0,3.9232
FaFM,wfjsp15_5.txt,2,1246.0,47.9058,1198.0,4.0067
FaFM,wfjsp15_5.txt,3,1252.0,26.8454,1198.0,4.5075
FaFM,wfjsp15_5.txt,4,1251.0,34.7728,1198.0,4.424
FaFM,wfjsp15_5.txt,5,1251.0,58.1148,1198.0,4.424
FaFM,wfjsp15_6.txt,1,1566.0,45.2659,1510.0,3.7086
FaFM,wfjsp15_6.txt,2,1570.0,27.6275,1510.0,3.9735
FaFM,wfjsp15_6.txt,3,1578.0,28.2771,1510.0,4.5033
FaFM,wfjsp15_6.txt,4,1566.0,64.6236,1510.0,3.7086
FaFM,wfjsp15_6.txt,5,1571.0,57.2724,1510.0,4.0397
FaFM,wfjsp15_7.txt,1,1383.0,60.8972,1328.0,4.1416
FaFM,wfjsp15_7.txt,2,1379.0,61.2634,1328.0,3.8404
FaFM,wfjsp15_7.txt,3,1389.0,54.2084,1328.0,4.5934
FaFM,wfjsp15_7.txt,4,1387.0,54.0866,1328.0,4.4428
FaFM,wfjsp15_7.txt,5,1376.0,98.5642,1328.0,3.6145
FaFM,wfjsp15_8.txt,1,1363.0,50.4005,1327.0,2.7129
FaFM,wfjsp15_8.txt,2,1370.0,57.3347,1327.0,3.2404
FaFM,wfjsp15_8.txt,3,1371.0,84.0419,1327.0,3.3157
FaFM,wfjsp15_8.txt,4,1386.0,43.5244,1327.0,4.4461
FaFM,wfjsp15_8.txt,5,1377.0,56.3795,1327.0,3.7679
FaFM,wfjsp15_9.txt,1,1374.0,58.798,1328.0,3.4639
FaFM,wfjsp15_9.txt,2,1366.0,60.2583,1328.0,2.8614
FaFM,wfjsp15_9.txt,3,1359.0,74.4435,1328.0,2.3343
FaFM,wfjsp15_9.txt,4,1370.0,52.9525,1328.0,3.1627
FaFM,wfjsp15_9.txt,5,1366.0,115.693,1328.0,2.8614
FaFM,wfjsp16_1.txt,1,1008.0,33.1684,995.0,1.3065
FaFM,wfjsp16_1.txt,2,1014.0,35.473,995.0,1.9095
FaFM,wfjsp16_1.txt,3,1009.0,20.1555,995.0,1.407
FaFM,wfjsp16_1.txt,4,1009.0,38.0096,995.0,1.407
FaFM,wfjsp16_1.txt,5,1013.0,26.0925,995.0,1.809
FaFM,wfjsp16_10.txt,1,1167.0,17.8908,1145.0,1.9214
FaFM,wfjsp16_10.txt,2,1161.0,21.3398,1145.0,1.3974
FaFM,wfjsp16_10.txt,3,1160.0,37.6627,1145.0,1.31
FaFM,wfjsp16_10.txt,4,1161.0,25.7207,1145.0,1.3974
FaFM,wfjsp16_10.txt,5,1159.0,26.4182,1145.0,1.2227
FaFM,wfjsp16_2.txt,1,1039.0,32.1536,1011.0,2.7695
FaFM,wfjsp16_2.txt,2,1023.0,34.1832,1011.0,1.1869
FaFM,wfjsp16_2.txt,3,1040.0,23.8321,1011.0,2.8684
FaFM,wfjsp16_2.txt,4,1034.0,48.8069,1011.0,2.275
FaFM,wfjsp16_2.txt,5,1035.0,51.2806,1011.0,2.3739
FaFM,wfjsp16_3.txt,1,1104.0,46.0182,1097.0,0.6381
FaFM,wfjsp16_3.txt,2,1117.0,46.8782,1097.0,1.8232
FaFM,wfjsp16_3.txt,3,1112.0,30.3863,1097.0,1.3674
FaFM,wfjsp16_3.txt,4,1104.0,87.3007,1097.0,0.6381
FaFM,wfjsp16_3.txt,5,1100.0,67.4089,1097.0,0.2735
FaFM,wfjsp16_4.txt,1,1092.0,57.9926,1074.0,1.676
FaFM,wfjsp16_4.txt,2,1100.0,26.6069,1074.0,2.4209
FaFM,wfjsp16_4.txt,3,1087.0,43.4591,1074.0,1.2104
FaFM,wfjsp16_4.txt,4,1092.0,36.2893,1074.0,1.676
FaFM,wfjsp16_4.txt,5,1109.0,22.3704,1074.0,3.2588
FaFM,wfjsp16_5.txt,1,924.0,43.0403,904.0,2.2124
FaFM,wfjsp16_5.txt,2,929.0,37.6951,904.0,2.7655
FaFM,wfjsp16_5.txt,3,934.0,19.8606,904.0,3.3186
FaFM,wfjsp16_5.txt,4,937.0,45.3615,904.0,3.6504
FaFM,wfjsp16_5.txt,5,940.0,20.3611,904.0,3.9823
FaFM,wfjsp16_6.txt,1,1244.0,60.6935,1222.0,1.8003
FaFM,wfjsp16_6.txt,2,1259.0,43.6596,1222.0,3.0278
FaFM,wfjsp16_6.txt,3,1255.0,61.5569,1222.0,2.7005
FaFM,wfjsp16_6.txt,4,1256.0,47.2084,1222.0,2.7823
FaFM,wfjsp16_6.txt,5,1255.0,43.7721,1222.0,2.7005
FaFM,wfjsp16_7.txt,1,1108.0,45.3611,1094.0,1.2797
FaFM,wfjsp16_7.txt,2,1112.0,49.5079,1094.0,1.6453
FaFM,wfjsp16_7.txt,3,1103.0,55.8189,1094.0,0.8227
FaFM,wfjsp16_7.txt,4,1120.0,22.946,1094.0,2.3766
FaFM,wfjsp16_7.txt,5,1112.0,70.8988,1094.0,1.6453
FaFM,wfjsp16_8.txt,1,1070.0,34.4072,1049.0,2.0019
FaFM,wfjsp16_8.txt,2,1073.0,23.6856,1049.0,2.2879
FaFM,wfjsp16_8.txt,3,1071.0,20.0108,1049.0,2.0972
FaFM,wfjsp16_8.txt,4,1075.0,27.4351,1049.0,2.4786
FaFM,wfjsp16_8.txt,5,1068.0,22.0512,1049.0,1.8112
FaFM,wfjsp16_9.txt,1,1066.0,35.1697,1055.0,1.0427
FaFM,wfjsp16_9.txt,2,1081.0,26.0299,1055.0,2.4645
FaFM,wfjsp16_9.txt,3,1067.0,40.6529,1055.0,1.1374
FaFM,wfjsp16_9.txt,4,1071.0,40.6061,1055.0,1.5166
FaFM,wfjsp16_9.txt,5,1068.0,48.5684,1055.0,1.2322
FaFM,wfjsp17_1.txt,1,1628.0,20.9423,1585.0,2.7129
FaFM,wfjsp17_1.txt,2,1623.0,25.9589,1585.0,2.3975
FaFM,wfjsp17_1.txt,3,1633.0,16.1099,1585.0,3.0284
FaFM,wfjsp17_1.txt,4,1639.0,12.4071,1585.0,3.4069
FaFM,wfjsp17_1.txt,5,1607.0,18.857,1585.0,1.388
FaFM,wfjsp17_10.txt,1,1764.0,10.8931,1750.0,0.8
FaFM,wfjsp17_10.txt,2,1770.0,24.1809,1750.0,1.1429
FaFM,wfjsp17_10.txt,3,1768.0,20.2851,1750.0,1.0286
FaFM,wfjsp17_10.txt,4,1777.0,13.3787,1750.0,1.5429
FaFM,wfjsp17_10.txt,5,1766.0,23.3314,1750.0,0.9143
FaFM,wfjsp17_2.txt,1,1750.0,13.7417,1731.0,1.0976
FaFM,wfjsp17_2.txt,2,1760.0,14.4336,1731.0,1.6753
FaFM,wfjsp17_2.txt,3,1755.0,20.5019,1731.0,1.3865
FaFM,wfjsp17_2.txt,4,1768.0,15.5635,1731.0,2.1375
FaFM,wfjsp17_2.txt,5,1751.0,23.0151,1731.0,1.1554
FaFM,wfjsp17_3.txt,1,1852.0,26.1432,1836.0,0.8715
FaFM,wfjsp17_3.txt,2,1873.0,19.6899,1836.0,2.0153
FaFM,wfjsp17_3.txt,3,1864.0,16.2521,1836.0,1.5251
FaFM,wfjsp17_3.txt,4,1856.0,43.6574,1836.0,1.0893
FaFM,wfjsp17_3.txt,5,1848.0,24.5579,1836.0,0.6536
FaFM,wfjsp17_4.txt,1,1700.0,9.25069,1670.0,1.7964
FaFM,wfjsp17_4.txt,2,1701.0,15.4984,1670.0,1.8563
FaFM,wfjsp17_4.txt,3,1711.0,17.5067,1670.0,2.4551
FaFM,wfjsp17_4.txt,4,1705.0,10.6641,1670.0,2.0958
FaFM,wfjsp17_4.txt,5,1694.0,24.6679,1670.0,1.4371
FaFM,wfjsp17_5.txt,1,1569.0,13.5493,1558.0,0.706
FaFM,wfjsp17_5.txt,2,1564.0,12.5995,1558.0,0.3851
FaFM,wfjsp17_5.txt,3,1572.0,12.2114,1558.0,0.8986
FaFM,wfjsp17_5.txt,4,1563.0,11.5654,1558.0,0.3209
FaFM,wfjsp17_5.txt,5,1561.0,21.892,1558.0,0.1926
FaFM,wfjsp17_6.txt,1,1720.0,19.9274,1708.0,0.7026
FaFM,wfjsp17_6.txt,2,1736.0,21.3118,1708.0,1.6393
FaFM,wfjsp17_6.txt,3,1726.0,13.7725,1708.0,1.0539
FaFM,wfjsp17_6.txt,4,1721.0,21.8093,1708.0,0.7611
FaFM,wfjsp17_6.txt,5,1732.0,24.1251,1708.0,1.4052
FaFM,wfjsp17_7.txt,1,1609.0,22.509,1598.0,0.6884
FaFM,wfjsp17_7.txt,2,1620.0,27.8878,1598.0,1.3767
FaFM,wfjsp17_7.txt,3,1637.0,11.3172,1598.0,2.4406
FaFM,wfjsp17_7.txt,4,1621.0,22.4731,1598.0,1.4393
FaFM,wfjsp17_7.txt,5,1633.0,11.3524,1598.0,2.1902
FaFM,wfjsp17_8.txt,1,1738.0,13.5692,1717.0,1.2231
FaFM,wfjsp17_8.txt,2,1742.0,19.2688,1717.0,1.456
FaFM,wfjsp17_8.txt,3,1738.0,10.8401,1717.0,1.2231
FaFM,wfjsp17_8.txt,4,1740.0,19.8773,1717.0,1.3395
FaFM,wfjsp17_8.txt,5,1734.0,25.1317,1717.0,0.9901
FaFM,wfjsp17_9.txt,1,1640.0,11.8698,1593.0,2.9504
FaFM,wfjsp17_9.txt,2,1632.0,15.09,1593.0,2.4482
FaFM,wfjsp17_9.txt,3,1635.0,15.4667,1593.0,2.6365
FaFM,wfjsp17_9.txt,4,1637.0,13.5411,1593.0,2.7621
FaFM,wfjsp17_9.txt,5,1605.0,20.8681,1593.0,0.7533
FaFM,wfjsp18_1.txt,1,947.0,33.242,929.0,1.9376
FaFM,wfjsp18_1.txt,2,965.0,8.93862,929.0,3.8751
FaFM,wfjsp18_1.txt,3,970.0,8.98273,929.0,4.4133
FaFM,wfjsp18_1.txt,4,954.0,8.89213,929.0,2.6911
FaFM,wfjsp18_1.txt,5,961.0,17.9156,929.0,3.4446
FaFM,wfjsp18_10.txt,1,1037.0,22.8735,1019.0,1.7664
FaFM,wfjsp18_10.txt,2,1038.0,13.4507,1019.0,1.8646
FaFM,wfjsp18_10.txt,3,1036.0,21.7686,1019.0,1.6683
FaFM,wfjsp18_10.txt,4,1048.0,10.0107,1019.0,2.8459
FaFM,wfjsp18_10.txt,5,1046.0,11.8215,1019.0,2.6497
FaFM,wfjsp18_2.txt,1,1044.0,13.2438,1010.0,3.3663
FaFM,wfjsp18_2.txt,2,1035.0,22.4714,1010.0,2.4752
FaFM,wfjsp18_2.txt,3,1038.0,19.7151,1010.0,2.7723
FaFM,wfjsp18_2.txt,4,1043.0,20.5239,1010.0,3.2673
FaFM,wfjsp18_2.txt,5,1053.0,15.3126,1010.0,4.2574
FaFM,wfjsp18_3.txt,1,1166.0,9.16668,1120.0,4.1071
FaFM,wfjsp18_3.txt,2,1141.0,13.3984,1120.0,1.875
FaFM,wfjsp18_3.txt,3,1139.0,13.3909,1120.0,1.6964
FaFM,wfjsp18_3.txt,4,1168.0,11.4757,1120.0,4.2857
FaFM,wfjsp18_3.txt,5,1127.0,25.4916,1120.0,0.625
FaFM,wfjsp18_4.txt,1,1058.0,24.1287,1037.0,2.0251
FaFM,wfjsp18_4.txt,2,1057.0,20.0129,1037.0,1.9286
FaFM,wfjsp18_4.txt,3,1062.0,8.74595,1037.0,2.4108
FaFM,wfjsp18_4.txt,4,1055.0,17.1233,1037.0,1.7358
FaFM,wfjsp18_4.txt,5,1057.0,14.333,1037.0,1.9286
FaFM,wfjsp18_5.txt,1,864.0,31.5292,854.0,1.171
FaFM,wfjsp18_5.txt,2,886.0,7.20371,854.0,3.7471
FaFM,wfjsp18_5.txt,3,875.0,18.7959,854.0,2.459
FaFM,wfjsp18_5.txt,4,870.0,10.8771,854.0,1.8735
FaFM,wfjsp18_5.txt,5,869.0,19.1585,854.0,1.7564
FaFM,wfjsp18_6.txt,1,1112.0,17.585,1084.0,2.583
FaFM,wfjsp18_6.txt,2,1102.0,26.9148,1084.0,1.6605
FaFM,wfjsp18_6.txt,3,1100.0,24.0042,1084.0,1.476
FaFM,wfjsp18_6.txt,4,1118.0,16.1165,1084.0,3.1365
FaFM,wfjsp18_6.txt,5,1110.0,16.5096,1084.0,2.3985
FaFM,wfjsp18_7.txt,1,1029.0,24.9909,1003.0,2.5922
FaFM,wfjsp18_7.txt,2,1026.0,13.9557,1003.0,2.2931
FaFM,wfjsp18_7.txt,3,1026.0,8.80646,1003.0,2.2931
FaFM,wfjsp18_7.txt,4,1039.0,19.561,1003.0,3.5892
FaFM,wfjsp18_7.txt,5,1012.0,21.9911,1003.0,0.8973
FaFM,wfjsp18_8.txt,1,1015.0,25.3117,990.0,2.5253
FaFM,wfjsp18_8.txt,2,1004.0,20.6529,990.0,1.4141
FaFM,wfjsp18_8.txt,3,1014.0,21.7547,990.0,2.4242
FaFM,wfjsp18_8.txt,4,1018.0,12.8449,990.0,2.8283
FaFM,wfjsp18_8.txt,5,1000.0,25.9608,990.0,1.0101
FaFM,wfjsp18_9.txt,1,953.0,19.3292,944.0,0.9534
FaFM,wfjsp18_9.txt,2,979.0,18.437,944.0,3.7076
FaFM,wfjsp18_9.txt,3,970.0,11.8049,944.0,2.7542
FaFM,wfjsp18_9.txt,4,977.0,9.60327,944.0,3.4958
FaFM,wfjsp18_9.txt,5,965.0,21.3403,944.0,2.2246
FaFM,wfjsp19_1.txt,1,1225.0,12.8174,1196.0,2.4247
FaFM,wfjsp19_1.txt,2,1234.0,20.4639,1196.0,3.1773
FaFM,wfjsp19_1.txt,3,1235.0,13.2163,1196.0,3.2609
FaFM,wfjsp19_1.txt,4,1225.0,26.5639,1196.0,2.4247
FaFM,wfjsp19_1.txt,5,1229.0,21.5787,1196.0,2.7592
FaFM,wfjsp19_10.txt,1,1387.0,9.03506,1351.0,2.6647
FaFM,wfjsp19_10.txt,2,1389.0,9.55528,1351.0,2.8127
FaFM,wfjsp19_10.txt,3,1388.0,26.053,1351.0,2.7387
FaFM,wfjsp19_10.txt,4,1382.0,11.4903,1351.0,2.2946
FaFM,wfjsp19_10.txt,5,1392.0,21.899,1351.0,3.0348
FaFM,wfjsp19_2.txt,1,1514.0,13.0833,1471.0,2.9232
FaFM,wfjsp19_2.txt,2,1504.0,19.7861,1471.0,2.2434
FaFM,wfjsp19_2.txt,3,1505.0,19.3716,1471.0,2.3114
FaFM,wfjsp19_2.txt,4,1506.0,22.2143,1471.0,2.3793
FaFM,wfjsp19_2.txt,5,1501.0,18.2433,1471.0,2.0394
FaFM,wfjsp19_3.txt,1,1448.0,42.6516,1406.0,2.9872
FaFM,wfjsp19_3.txt,2,1457.0,29.1719,1406.0,3.6273
FaFM,wfjsp19_3.txt,3,1465.0,11.0526,1406.0,4.1963
FaFM,wfjsp19_3.txt,4,1452.0,27.0172,1406.0,3.2717
FaFM,wfjsp19_3.txt,5,1447.0,36.3981,1406.0,2.9161
FaFM,wfjsp19_4.txt,1,1434.0,18.5567,1398.0,2.5751
FaFM,wfjsp19_4.txt,2,1420.0,35.5404,1398.0,1.5737
FaFM,wfjsp19_4.txt,3,1427.0,25.212,1398.0,2.0744
FaFM,wfjsp19_4.txt,4,1425.0,28.2511,1398.0,1.9313
FaFM,wfjsp19_4.txt,5,1434.0,9.84935,1398.0,2.5751
FaFM,wfjsp19_5.txt,1,1475.0,24.7302,1444.0,2.1468
FaFM,wfjsp19_5.txt,2,1486.0,20.47,1444.0,2.9086
FaFM,wfjsp19_5.txt,3,1493.0,11.6728,1444.0,3.3934
FaFM,wfjsp19_5.txt,4,1478.0,20.1133,1444.0,2.3546
FaFM,wfjsp19_5.txt,5,1483.0,12.0553,1444.0,2.7008
FaFM,wfjsp19_6.txt,1,1198.0,8.7261,1158.0,3.4542
FaFM,wfjsp19_6.txt,2,1193.0,8.56142,1158.0,3.0225
FaFM,wfjsp19_6.txt,3,1192.0,10.9874,1158.0,2.9361
FaFM,wfjsp19_6.txt,4,1192.0,25.9425,1158.0,2.9361
FaFM,wfjsp19_6.txt,5,1190.0,15.4671,1158.0,2.7634
FaFM,wfjsp19_7.txt,1,1276.0,21.5683,1236.0,3.2362
FaFM,wfjsp19_7.txt,2,1276.0,19.8264,1236.0,3.2362
FaFM,wfjsp19_7.txt,3,1281.0,12.6789,1236.0,3.6408
FaFM,wfjsp19_7.txt,4,1254.0,43.1841,1236.0,1.4563
FaFM,wfjsp19_7.txt,5,1262.0,38.0187,1236.0,2.1036
FaFM,wfjsp19_8.txt,1,1281.0,28.1954,1250.0,2.48
FaFM,wfjsp19_8.txt,2,1286.0,10.8896,1250.0,2.88
FaFM,wfjsp19_8.txt,3,1292.0,18.402,1250.0,3.36
FaFM,wfjsp19_8.txt,4,1293.0,17.6022,1250.0,3.44
FaFM,wfjsp19_8.txt,5,1293.0,16.9503,1250.0,3.44
FaFM,wfjsp19_9.txt,1,1439.0,15.3928,1388.0,3.6744
FaFM,wfjsp19_9.txt,2,1412.0,34.9963,1388.0,1.7291
FaFM,wfjsp19_9.txt,3,1434.0,20.9958,1388.0,3.3141
FaFM,wfjsp19_9.txt,4,1435.0,40.6057,1388.0,3.3862
FaFM,wfjsp19_9.txt,5,1427.0,20.612,1388.0,2.8098
FaFM,wfjsp1_1.txt,1,278.0,0.292972,268.0,3.7313
FaFM,wfjsp1_1.txt,2,268.0,0.38198,268.0,0.0
FaFM,wfjsp1_1.txt,3,268.0,0.461452,268.0,0.0
FaFM,wfjsp1_1.txt,4,268.0,0.52164,268.0,0.0
FaFM,wfjsp1_1.txt,5,278.0,0.317613,268.0,3.7313
FaFM,wfjsp1_10.txt,1,316.0,0.233036,316.0,0.0
FaFM,wfjsp1_10.txt,2,316.0,0.428994,316.0,0.0
FaFM,wfjsp1_10.txt,3,317.0,0.214138,316.0,0.3165
FaFM,wfjsp1_10.txt,4,316.0,0.270031,316.0,0.0
FaFM,wfjsp1_10.txt,5,316.0,0.398372,316.0,0.0
FaFM,wfjsp1_2.txt,1,287.0,0.24571,287.0,0.0
FaFM,wfjsp1_2.txt,2,287.0,0.289001,287.0,0.0
FaFM,wfjsp1_2.txt,3,287.0,0.256704,287.0,0.0
FaFM,wfjsp1_2.txt,4,287.0,0.2598,287.0,0.0
FaFM,wfjsp1_2.txt,5,287.0,0.283008,287.0,0.0
FaFM,wfjsp1_3.txt,1,347.0,0.331808,347.0,0.0
FaFM,wfjsp1_3.txt,2,347.0,0.372875,347.0,0.0
FaFM,wfjsp1_3.txt,3,347.0,0.287535,347.0,0.0
FaFM,wfjsp1_3.txt,4,347.0,0.333228,347.0,0.0
FaFM,wfjsp1_3.txt,5,347.0,0.351268,347.0,0.0
FaFM,wfjsp1_4.txt,1,317.0,0.453049,315.0,0.6349
FaFM,wfjsp1_4.txt,2,316.0,0.32959,315.0,0.3175
FaFM,wfjsp1_4.txt,3,315.0,0.57573,315.0,0.0
FaFM,wfjsp1_4.txt,4,316.0,0.366445,315.0,0.3175
FaFM,wfjsp1_4.txt,5,315.0,0.545458,315.0,0.0
FaFM,wfjsp1_5.txt,1,265.0,0.207371,265.0,0.0
FaFM,wfjsp1_5.txt,2,265.0,0.216134,265.0,0.0
FaFM,wfjsp1_5.txt,3,265.0,0.18442,265.0,0.0
FaFM,wfjsp1_5.txt,4,265.0,0.277411,265.0,0.0
FaFM,wfjsp1_5.txt,5,265.0,0.215273,265.0,0.0
FaFM,wfjsp1_6.txt,1,291.0,0.353838,291.0,0.0
FaFM,wfjsp1_6.txt,2,291.0,0.241142,291.0,0.0
FaFM,wfjsp1_6.txt,3,291.0,0.214567,291.0,0.0
FaFM,wfjsp1_6.txt,4,292.0,0.240409,291.0,0.3436
FaFM,wfjsp1_6.txt,5,291.0,0.227621,291.0,0.0
FaFM,wfjsp1_7.txt,1,272.0,0.408355,265.0,2.6415
FaFM,wfjsp1_7.txt,2,265.0,0.403231,265.0,0.0
FaFM,wfjsp1_7.txt,3,272.0,0.388989,265.0,2.6415
FaFM,wfjsp1_7.txt,4,265.0,0.436759,265.0,0.0
FaFM,wfjsp1_7.txt,5,268.0,0.684484,265.0,1.1321
FaFM,wfjsp1_8.txt,1,328.0,0.297973,328.0,0.0
FaFM,wfjsp1_8.txt,2,328.0,0.29397,328.0,0.0
FaFM,wfjsp1_8.txt,3,328.0,0.265308,328.0,0.0
FaFM,wfjsp1_8.txt,4,328.0,0.29131,328.0,0.0
FaFM,wfjsp1_8.txt,5,328.0,0.275344,328.0,0.0
FaFM,wfjsp1_9.txt,1,254.0,0.162822,252.0,0.7937
FaFM,wfjsp1_9.txt,2,254.0,0.177152,252.0,0.7937
FaFM,wfjsp1_9.txt,3,254.0,0.167839,252.0,0.7937
FaFM,wfjsp1_9.txt,4,254.0,0.182548,252.0,0.7937
FaFM,wfjsp1_9.txt,5,254.0,0.177019,252.0,0.7937
FaFM,wfjsp20_1.txt,1,1125.0,13.5698,1105.0,1.81
FaFM,wfjsp20_1.txt,2,1120.0,14.3871,1105.0,1.3575
FaFM,wfjsp20_1.txt,3,1126.0,8.3398,1105.0,1.9005
FaFM,wfjsp20_1.txt,4,1129.0,15.5002,1105.0,2.1719
FaFM,wfjsp20_1.txt,5,1131.0,13.8423,1105.0,2.3529
FaFM,wfjsp20_10.txt,1,1386.0,17.743,1362.0,1.7621
FaFM,wfjsp20_10.txt,2,1384.0,12.0085,1362.0,1.6153
FaFM,wfjsp20_10.txt,3,1390.0,17.4581,1362.0,2.0558
FaFM,wfjsp20_10.txt,4,1389.0,17.2992,1362.0,1.9824
FaFM,wfjsp20_10.txt,5,1379.0,17.365,1362.0,1.2482
FaFM,wfjsp20_2.txt,1,1260.0,23.8527,1221.0,3.1941
FaFM,wfjsp20_2.txt,2,1258.0,10.0592,1221.0,3.0303
FaFM,wfjsp20_2.txt,3,1272.0,15.2228,1221.0,4.1769
FaFM,wfjsp20_2.txt,4,1259.0,17.4535,1221.0,3.1122
FaFM,wfjsp20_2.txt,5,1262.0,15.2132,1221.0,3.3579
FaFM,wfjsp20_3.txt,1,1365.0,13.7666,1328.0,2.7861
FaFM,wfjsp20_3.txt,2,1358.0,16.8403,1328.0,2.259
FaFM,wfjsp20_3.txt,3,1354.0,24.8944,1328.0,1.9578
FaFM,wfjsp20_3.txt,4,1370.0,14.9119,1328.0,3.1627
FaFM,wfjsp20_3.txt,5,1360.0,28.1799,1328.0,2.4096
FaFM,wfjsp20_4.txt,1,1283.0,24.6873,1259.0,1.9063
FaFM,wfjsp20_4.txt,2,1283.0,23.6198,1259.0,1.9063
FaFM,wfjsp20_4.txt,3,1276.0,9.59012,1259.0,1.3503
FaFM,wfjsp20_4.txt,4,1286.0,17.3335,1259.0,2.1446
FaFM,wfjsp20_4.txt,5,1284.0,27.4104,1259.0,1.9857
FaFM,wfjsp20_5.txt,1,1087.0,14.9054,1058.0,2.741
FaFM,wfjsp20_5.txt,2,1086.0,10.7761,1058.0,2.6465
FaFM,wfjsp20_5.txt,3,1081.0,9.03613,1058.0,2.1739
FaFM,wfjsp20_5.txt,4,1085.0,8.61691,1058.0,2.552
FaFM,wfjsp20_5.txt,5,1088.0,8.41482,1058.0,2.8355
FaFM,wfjsp20_6.txt,1,1419.0,21.0727,1381.0,2.7516
FaFM,wfjsp20_6.txt,2,1417.0,25.5076,1381.0,2.6068
FaFM,wfjsp20_6.txt,3,1419.0,9.9428,1381.0,2.7516
FaFM,wfjsp20_6.txt,4,1414.0,33.7591,1381.0,2.3896
FaFM,wfjsp20_6.txt,5,1420.0,16.9874,1381.0,2.824
FaFM,wfjsp20_7.txt,1,1261.0,14.8969,1224.0,3.0229
FaFM,wfjsp20_7.txt,2,1265.0,11.7036,1224.0,3.3497
FaFM,wfjsp20_7.txt,3,1263.0,19.4009,1224.0,3.1863
FaFM,wfjsp20_7.txt,4,1264.0,14.0336,1224.0,3.268
FaFM,wfjsp20_7.txt,5,1250.0,27.2449,1224.0,2.1242
FaFM,wfjsp20_8.txt,1,1226.0,24.7194,1183.0,3.6348
FaFM,wfjsp20_8.txt,2,1226.0,14.7171,1183.0,3.6348
FaFM,wfjsp20_8.txt,3,1223.0,9.22608,1183.0,3.3812
FaFM,wfjsp20_8.txt,4,1224.0,18.3581,1183.0,3.4658
FaFM,wfjsp20_8.txt,5,1229.0,18.5139,1183.0,3.8884
FaFM,wfjsp20_9.txt,1,1237.0,11.2132,1200.0,3.0833
FaFM,wfjsp20_9.txt,2,1235.0,20.0857,1200.0,2.9167
FaFM,wfjsp20_9.txt,3,1238.0,29.9646,1200.0,3.1667
FaFM,wfjsp20_9.txt,4,1231.0,21.898,1200.0,2.5833
FaFM,wfjsp20_9.txt,5,1234.0,21.8034,1200.0,2.8333
FaFM,wfjsp21_1.txt,1,1067.0,36.9165,1049.0,1.7159
FaFM,wfjsp21_1.txt,2,1064.0,36.0465,1049.0,1.4299
FaFM,wfjsp21_1.txt,3,1069.0,28.3527,1049.0,1.9066
FaFM,wfjsp21_1.txt,4,1068.0,30.8563,1049.0,1.8112
FaFM,wfjsp21_1.txt,5,1077.0,12.3636,1049.0,2.6692
FaFM,wfjsp21_10.txt,1,1129.0,21.5682,1120.0,0.8036
FaFM,wfjsp21_10.txt,2,1141.0,27.9443,1120.0,1.875
FaFM,wfjsp21_10.txt,3,1141.0,16.8783,1120.0,1.875
FaFM,wfjsp21_10.txt,4,1144.0,14.0266,1120.0,2.1429
FaFM,wfjsp21_10.txt,5,1139.0,27.9656,1120.0,1.6964
FaFM,wfjsp21_2.txt,1,1196.0,27.6485,1171.0,2.1349
FaFM,wfjsp21_2.txt,2,1193.0,26.1096,1171.0,1.8787
FaFM,wfjsp21_2.txt,3,1190.0,46.3083,1171.0,1.6225
FaFM,wfjsp21_2.txt,4,1189.0,28.3867,1171.0,1.5371
FaFM,wfjsp21_2.txt,5,1193.0,29.4402,1171.0,1.8787
FaFM,wfjsp21_3.txt,1,1086.0,21.9234,1046.0,3.8241
FaFM,wfjsp21_3.txt,2,1090.0,24.6804,1046.0,4.2065
FaFM,wfjsp21_3.txt,3,1081.0,20.0548,1046.0,3.3461
FaFM,wfjsp21_3.txt,4,1087.0,27.5052,1046.0,3.9197
FaFM,wfjsp21_3.txt,5,1092.0,24.9418,1046.0,4.3977
FaFM,wfjsp21_4.txt,1,1103.0,36.2049,1095.0,0.7306
FaFM,wfjsp21_4.txt,2,1117.0,19.4162,1095.0,2.0091
FaFM,wfjsp21_4.txt,3,1101.0,30.8648,1095.0,0.5479
FaFM,wfjsp21_4.txt,4,1106.0,18.1069,1095.0,1.0046
FaFM,wfjsp21_4.txt,5,1105.0,25.9538,1095.0,0.9132
FaFM,wfjsp21_5.txt,1,1012.0,22.2556,984.0,2.8455
FaFM,wfjsp21_5.txt,2,1006.0,29.9051,984.0,2.2358
FaFM,wfjsp21_5.txt,3,1011.0,15.5,984.0,2.7439
FaFM,wfjsp21_5.txt,4,1011.0,18.1717,984.0,2.7439
FaFM,wfjsp21_5.txt,5,1010.0,20.8002,984.0,2.6423
FaFM,wfjsp21_6.txt,1,1228.0,28.0858,1204.0,1.9934
FaFM,wfjsp21_6.txt,2,1226.0,30.3222,1204.0,1.8272
FaFM,wfjsp21_6.txt,3,1220.0,14.4491,1204.0,1.3289
FaFM,wfjsp21_6.txt,4,1226.0,25.9797,1204.0,1.8272
FaFM,wfjsp21_6.txt,5,1231.0,30.647,1204.0,2.2425
FaFM,wfjsp21_7.txt,1,1071.0,18.2633,1015.0,5.5172
FaFM,wfjsp21_7.txt,2,1066.0,28.7529,1015.0,5.0246
FaFM,wfjsp21_7.txt,3,1067.0,17.4367,1015.0,5.1232
FaFM,wfjsp21_7.txt,4,1069.0,18.029,1015.0,5.3202
FaFM,wfjsp21_7.txt,5,1062.0,25.005,1015.0,4.6305
FaFM,wfjsp21_8.txt,1,1099.0,35.7694,1088.0,1.011
FaFM,wfjsp21_8.txt,2,1092.0,28.1269,1088.0,0.3676
FaFM,wfjsp21_8.txt,3,1104.0,23.4405,1088.0,1.4706
FaFM,wfjsp21_8.txt,4,1090.0,25.5123,1088.0,0.1838
FaFM,wfjsp21_8.txt,5,1095.0,37.4704,1088.0,0.6434
FaFM,wfjsp21_9.txt,1,1181.0,17.5455,1129.0,4.6058
FaFM,wfjsp21_9.txt,2,1179.0,18.284,1129.0,4.4287
FaFM,wfjsp21_9.txt,3,1183.0,36.6459,1129.0,4.783
FaFM,wfjsp21_9.txt,4,1189.0,14.9517,1129.0,5.3144
FaFM,wfjsp21_9.txt,5,1176.0,19.1996,1129.0,4.163
FaFM,wfjsp22_1.txt,1,918.0,13.3528,903.0,1.6611
FaFM,wfjsp22_1.txt,2,921.0,12.3358,903.0,1.9934
FaFM,wfjsp22_1.txt,3,916.0,16.779,903.0,1.4396
FaFM,wfjsp22_1.txt,4,916.0,12.8537,903.0,1.4396
FaFM,wfjsp22_1.txt,5,919.0,24.6616,903.0,1.7719
FaFM,wfjsp22_10.txt,1,1096.0,30.863,1084.0,1.107
FaFM,wfjsp22_10.txt,2,1087.0,31.8266,1084.0,0.2768
FaFM,wfjsp22_10.txt,3,1098.0,15.7833,1084.0,1.2915
FaFM,wfjsp22_10.txt,4,1094.0,17.1314,1084.0,0.9225
FaFM,wfjsp22_10.txt,5,1098.0,24.9426,1084.0,1.2915
FaFM,wfjsp22_2.txt,1,982.0,15.809,957.0,2.6123
FaFM,wfjsp22_2.txt,2,989.0,21.3194,957.0,3.3438
FaFM,wfjsp22_2.txt,3,989.0,22.429,957.0,3.3438
FaFM,wfjsp22_2.txt,4,990.0,15.6069,957.0,3.4483
FaFM,wfjsp22_2.txt,5,986.0,20.5407,957.0,3.0303
FaFM,wfjsp22_3.txt,1,1049.0,37.6649,1024.0,2.4414
FaFM,wfjsp22_3.txt,2,1048.0,23.454,1024.0,2.3438
FaFM,wfjsp22_3.txt,3,1050.0,12.8598,1024.0,2.5391
FaFM,wfjsp22_3.txt,4,1049.0,22.6912,1024.0,2.4414
FaFM,wfjsp22_3.txt,5,1049.0,22.6388,1024.0,2.4414
FaFM,wfjsp22_4.txt,1,1007.0,22.746,989.0,1.82
FaFM,wfjsp22_4.txt,2,994.0,18.9528,989.0,0.5056
FaFM,wfjsp22_4.txt,3,1002.0,23.9048,989.0,1.3145
FaFM,wfjsp22_4.txt,4,1003.0,14.2622,989.0,1.4156
FaFM,wfjsp22_4.txt,5,998.0,14.2928,989.0,0.91
FaFM,wfjsp22_5.txt,1,883.0,28.5275,874.0,1.0297
FaFM,wfjsp22_5.txt,2,886.0,16.8272,874.0,1.373
FaFM,wfjsp22_5.txt,3,882.0,14.5206,874.0,0.9153
FaFM,wfjsp22_5.txt,4,887.0,18.4386,874.0,1.4874
FaFM,wfjsp22_5.txt,5,884.0,29.0746,874.0,1.1442
FaFM,wfjsp22_6.txt,1,1131.0,33.4912,1114.0,1.526
FaFM,wfjsp22_6.txt,2,1134.0,30.8171,1114.0,1.7953
FaFM,wfjsp22_6.txt,3,1134.0,25.8388,1114.0,1.7953
FaFM,wfjsp22_6.txt,4,1128.0,25.9458,1114.0,1.2567
FaFM,wfjsp22_6.txt,5,1135.0,25.8479,1114.0,1.8851
FaFM,wfjsp22_7.txt,1,1024.0,14.4695,994.0,3.0181
FaFM,wfjsp22_7.txt,2,1017.0,20.2749,994.0,2.3139
FaFM,wfjsp22_7.txt,3,1026.0,12.9043,994.0,3.2193
FaFM,wfjsp22_7.txt,4,1027.0,11.9351,994.0,3.3199
FaFM,wfjsp22_7.txt,5,1024.0,34.2695,994.0,3.0181
FaFM,wfjsp22_8.txt,1,974.0,20.273,946.0,2.9598
FaFM,wfjsp22_8.txt,2,970.0,17.7894,946.0,2.537
FaFM,wfjsp22_8.txt,3,970.0,21.5702,946.0,2.537
FaFM,wfjsp22_8.txt,4,968.0,21.9523,946.0,2.3256
FaFM,wfjsp22_8.txt,5,965.0,12.2411,946.0,2.0085
FaFM,wfjsp22_9.txt,1,977.0,13.3066,944.0,3.4958
FaFM,wfjsp22_9.txt,2,974.0,26.584,944.0,3.178
FaFM,wfjsp22_9.txt,3,980.0,14.7825,944.0,3.8136
FaFM,wfjsp22_9.txt,4,976.0,18.6314,944.0,3.3898
FaFM,wfjsp22_9.txt,5,979.0,24.8066,944.0,3.7076
FaFM,wfjsp23_1.txt,1,1562.0,27.164,1519.0,2.8308
FaFM,wfjsp23_1.txt,2,1558.0,38.3553,1519.0,2.5675
FaFM,wfjsp23_1.txt,3,1560.0,31.1814,1519.0,2.6991
FaFM,wfjsp23_1.txt,4,1557.0,43.8018,1519.0,2.5016
FaFM,wfjsp23_1.txt,5,1555.0,22.919,1519.0,2.37
FaFM,wfjsp23_10.txt,1,1762.0,45.0509,1727.0,2.0266
FaFM,wfjsp23_10.txt,2,1759.0,39.3197,1727.0,1.8529
FaFM,wfjsp23_10.txt,3,1757.0,57.626,1727.0,1.7371
FaFM,wfjsp23_10.txt,4,1755.0,34.864,1727.0,1.6213
FaFM,wfjsp23_10.txt,5,1758.0,57.0741,1727.0,1.795
FaFM,wfjsp23_2.txt,1,1626.0,22.9994,1595.0,1.9436
FaFM,wfjsp23_2.txt,2,1628.0,23.7485,1595.0,2.069
FaFM,wfjsp23_2.txt,3,1626.0,50.0412,1595.0,1.9436
FaFM,wfjsp23_2.txt,4,1628.0,39.2314,1595.0,2.069
FaFM,wfjsp23_2.txt,5,1629.0,40.9467,1595.0,2.1317
FaFM,wfjsp23_3.txt,1,1700.0,41.4023,1657.0,2.5951
FaFM,wfjsp23_3.txt,2,1703.0,38.5784,1657.0,2.7761
FaFM,wfjsp23_3.txt,3,1686.0,46.0509,1657.0,1.7502
FaFM,wfjsp23_3.txt,4,1696.0,35.3163,1657.0,2.3537
FaFM,wfjsp23_3.txt,5,1702.0,31.8632,1657.0,2.7158
FaFM,wfjsp23_4.txt,1,1614.0,44.9018,1572.0,2.6718
FaFM,wfjsp23_4.txt,2,1621.0,27.5077,1572.0,3.117
FaFM,wfjsp23_4.txt,3,1608.0,36.4788,1572.0,2.2901
FaFM,wfjsp23_4.txt,4,1619.0,37.1033,1572.0,2.9898
FaFM,wfjsp23_4.txt,5,1626.0,22.3387,1572.0,3.4351
FaFM,wfjsp23_5.txt,1,1500.0,44.769,1488.0,0.8065
FaFM,wfjsp23_5.txt,2,1509.0,21.7528,1488.0,1.4113
FaFM,wfjsp23_5.txt,3,1494.0,42.4532,1488.0,0.4032
FaFM,wfjsp23_5.txt,4,1501.0,44.7118,1488.0,0.8737
FaFM,wfjsp23_5.txt,5,1497.0,58.9432,1488.0,0.6048
FaFM,wfjsp23_6.txt,1,1880.0,23.374,1866.0,0.7503
FaFM,wfjsp23_6.txt,2,1879.0,30.1108,1866.0,0.6967
FaFM,wfjsp23_6.txt,3,1875.0,40.1445,1866.0,0.4823
FaFM,wfjsp23_6.txt,4,1879.0,64.3768,1866.0,0.6967
FaFM,wfjsp23_6.txt,5,1880.0,25.7231,1866.0,0.7503
FaFM,wfjsp23_7.txt,1,1655.0,55.9707,1601.0,3.3729
FaFM,wfjsp23_7.txt,2,1652.0,21.6182,1601.0,3.1855
FaFM,wfjsp23_7.txt,3,1653.0,74.7355,1601.0,3.248
FaFM,wfjsp23_7.txt,4,1642.0,50.8625,1601.0,2.5609
FaFM,wfjsp23_7.txt,5,1649.0,45.609,1601.0,2.9981
FaFM,wfjsp23_8.txt,1,1639.0,79.3097,1597.0,2.6299
FaFM,wfjsp23_8.txt,2,1635.0,46.4827,1597.0,2.3795
FaFM,wfjsp23_8.txt,3,1642.0,53.7361,1597.0,2.8178
FaFM,wfjsp23_8.txt,4,1645.0,36.3017,1597.0,3.0056
FaFM,wfjsp23_8.txt,5,1642.0,53.2206,1597.0,2.8178
FaFM,wfjsp23_9.txt,1,1616.0,50.1223,1582.0,2.1492
FaFM,wfjsp23_9.txt,2,1620.0,61.7382,1582.0,2.402
FaFM,wfjsp23_9.txt,3,1621.0,79.4341,1582.0,2.4652
FaFM,wfjsp23_9.txt,4,1623.0,49.9752,1582.0,2.5917
FaFM,wfjsp23_9.txt,5,1620.0,55.7147,1582.0,2.402
FaFM,wfjsp24_1.txt,1,1221.0,32.7463,1201.0,1.6653
FaFM,wfjsp24_1.txt,2,1228.0,22.0198,1201.0,2.2481
FaFM,wfjsp24_1.txt,3,1226.0,15.5904,1201.0,2.0816
FaFM,wfjsp24_1.txt,4,1219.0,22.372,1201.0,1.4988
FaFM,wfjsp24_1.txt,5,1221.0,20.0566,1201.0,1.6653
FaFM,wfjsp24_10.txt,1,1408.0,30.447,1407.0,0.0711
FaFM,wfjsp24_10.txt,2,1406.0,25.3684,1407.0,-0.0711
FaFM,wfjsp24_10.txt,3,1409.0,21.8273,1407.0,0.1421
FaFM,wfjsp24_10.txt,4,1400.0,22.5161,1407.0,-0.4975
FaFM,wfjsp24_10.txt,5,1407.0,31.9647,1407.0,0.0
FaFM,wfjsp24_2.txt,1,1254.0,53.0834,1220.0,2.7869
FaFM,wfjsp24_2.txt,2,1257.0,25.8646,1220.0,3.0328
FaFM,wfjsp24_2.txt,3,1256.0,31.4076,1220.0,2.9508
FaFM,wfjsp24_2.txt,4,1249.0,36.499,1220.0,2.377
FaFM,wfjsp24_2.txt,5,1255.0,20.3025,1220.0,2.8689
FaFM,wfjsp24_3.txt,1,1345.0,29.124,1330.0,1.1278
FaFM,wfjsp24_3.txt,2,1342.0,39.3177,1330.0,0.9023
FaFM,wfjsp24_3.txt,3,1345.0,41.4065,1330.0,1.1278
FaFM,wfjsp24_3.txt,4,1346.0,37.9145,1330.0,1.203
FaFM,wfjsp24_3.txt,5,1343.0,37.9172,1330.0,0.9774
FaFM,wfjsp24_4.txt,1,1326.0,28.0487,1300.0,2.0
FaFM,wfjsp24_4.txt,2,1323.0,50.0074,1300.0,1.7692
FaFM,wfjsp24_4.txt,3,1333.0,25.8068,1300.0,2.5385
FaFM,wfjsp24_4.txt,4,1329.0,25.7452,1300.0,2.2308
FaFM,wfjsp24_4.txt,5,1326.0,39.2144,1300.0,2.0
FaFM,wfjsp24_5.txt,1,1134.0,43.8253,1113.0,1.8868
FaFM,wfjsp24_5.txt,2,1131.0,15.5055,1113.0,1.6173
FaFM,wfjsp24_5.txt,3,1138.0,34.7329,1113.0,2.2462
FaFM,wfjsp24_5.txt,4,1134.0,40.8092,1113.0,1.8868
FaFM,wfjsp24_5.txt,5,1133.0,39.5054,1113.0,1.7969
FaFM,wfjsp24_6.txt,1,1516.0,25.4489,1487.0,1.9502
FaFM,wfjsp24_6.txt,2,1517.0,34.3481,1487.0,2.0175
FaFM,wfjsp24_6.txt,3,1505.0,29.0025,1487.0,1.2105
FaFM,wfjsp24_6.txt,4,1514.0,40.589,1487.0,1.8157
FaFM,wfjsp24_6.txt,5,1513.0,41.0647,1487.0,1.7485
FaFM,wfjsp24_7.txt,1,1341.0,32.8736,1312.0,2.2104
FaFM,wfjsp24_7.txt,2,1329.0,72.5055,1312.0,1.2957
FaFM,wfjsp24_7.txt,3,1339.0,17.4768,1312.0,2.0579
FaFM,wfjsp24_7.txt,4,1339.0,16.8414,1312.0,2.0579
FaFM,wfjsp24_7.txt,5,1341.0,18.0233,1312.0,2.2104
FaFM,wfjsp24_8.txt,1,1296.0,29.0851,1263.0,2.6128
FaFM,wfjsp24_8.txt,2,1287.0,29.1756,1263.0,1.9002
FaFM,wfjsp24_8.txt,3,1292.0,25.7017,1263.0,2.2961
FaFM,wfjsp24_8.txt,4,1295.0,28.2125,1263.0,2.5337
FaFM,wfjsp24_8.txt,5,1296.0,34.4099,1263.0,2.6128
FaFM,wfjsp24_9.txt,1,1291.0,34.2099,1269.0,1.7336
FaFM,wfjsp24_9.txt,2,1283.0,25.6238,1269.0,1.1032
FaFM,wfjsp24_9.txt,3,1291.0,35.5718,1269.0,1.7336
FaFM,wfjsp24_9.txt,4,1288.0,63.3697,1269.0,1.4972
FaFM,wfjsp24_9.txt,5,1288.0,23.372,1269.0,1.4972
FaFM,wfjsp2_1.txt,1,336.0,0.715612,336.0,0.0
FaFM,wfjsp2_1.txt,2,336.0,0.438943,336.0,0.0
FaFM,wfjsp2_1.txt,3,336.0,0.404125,336.0,0.0
FaFM,wfjsp2_1.txt,4,336.0,0.43277,336.0,0.0
FaFM,wfjsp2_1.txt,5,336.0,0.597664,336.0,0.0
FaFM,wfjsp2_10.txt,1,490.0,0.6369,489.0,0.2045
FaFM,wfjsp2_10.txt,2,491.0,0.421723,489.0,0.409
FaFM,wfjsp2_10.txt,3,491.0,0.406707,489.0,0.409
FaFM,wfjsp2_10.txt,4,490.0,0.631131,489.0,0.2045
FaFM,wfjsp2_10.txt,5,490.0,0.425135,489.0,0.2045
FaFM,wfjsp2_2.txt,1,370.0,0.430513,368.0,0.5435
FaFM,wfjsp2_2.txt,2,370.0,0.430064,368.0,0.5435
FaFM,wfjsp2_2.txt,3,370.0,0.373539,368.0,0.5435
FaFM,wfjsp2_2.txt,4,370.0,0.410054,368.0,0.5435
FaFM,wfjsp2_2.txt,5,370.0,0.417532,368.0,0.5435
FaFM,wfjsp2_3.txt,1,421.0,0.456135,421.0,0.0
FaFM,wfjsp2_3.txt,2,421.0,0.509071,421.0,0.0
FaFM,wfjsp2_3.txt,3,421.0,0.456465,421.0,0.0
FaFM,wfjsp2_3.txt,4,421.0,0.503211,421.0,0.0
FaFM,wfjsp2_3.txt,5,421.0,0.492059,421.0,0.0
FaFM,wfjsp2_4.txt,1,382.0,0.56867,378.0,1.0582
FaFM,wfjsp2_4.txt,2,383.0,0.516282,378.0,1.3228
FaFM,wfjsp2_4.txt,3,380.0,1.06707,378.0,0.5291
FaFM,wfjsp2_4.txt,4,382.0,0.55377,378.0,1.0582
FaFM,wfjsp2_4.txt,5,382.0,0.525616,378.0,1.0582
FaFM,wfjsp2_5.txt,1,272.0,0.265926,270.0,0.7407
FaFM,wfjsp2_5.txt,2,272.0,0.259687,270.0,0.7407
FaFM,wfjsp2_5.txt,3,272.0,0.399333,270.0,0.7407
FaFM,wfjsp2_5.txt,4,272.0,0.250094,270.0,0.7407
FaFM,wfjsp2_5.txt,5,272.0,0.247248,270.0,0.7407
FaFM,wfjsp2_6.txt,1,425.0,0.410405,416.0,2.1635
FaFM,wfjsp2_6.txt,2,424.0,0.576554,416.0,1.9231
FaFM,wfjsp2_6.txt,3,424.0,0.886044,416.0,1.9231
FaFM,wfjsp2_6.txt,4,424.0,0.801377,416.0,1.9231
FaFM,wfjsp2_6.txt,5,424.0,0.631632,416.0,1.9231
FaFM,wfjsp2_7.txt,1,396.0,1.23287,395.0,0.2532
FaFM,wfjsp2_7.txt,2,397.0,0.544787,395.0,0.5063
FaFM,wfjsp2_7.txt,3,399.0,0.451875,395.0,1.0127
FaFM,wfjsp2_7.txt,4,398.0,0.480158,395.0,0.7595
FaFM,wfjsp2_7.txt,5,395.0,0.565019,395.0,0.0
FaFM,wfjsp2_8.txt,1,417.0,0.445138,414.0,0.7246
FaFM,wfjsp2_8.txt,2,415.0,0.481219,414.0,0.2415
FaFM,wfjsp2_8.txt,3,417.0,0.385127,414.0,0.7246
FaFM,wfjsp2_8.txt,4,417.0,0.428454,414.0,0.7246
FaFM,wfjsp2_8.txt,5,417.0,0.433187,414.0,0.7246
FaFM,wfjsp2_9.txt,1,329.0,0.351851,329.0,0.0
FaFM,wfjsp2_9.txt,2,329.0,0.37147,329.0,0.0
FaFM,wfjsp2_9.txt,3,329.0,0.338003,329.0,0.0
FaFM,wfjsp2_9.txt,4,335.0,0.340413,329.0,1.8237
FaFM,wfjsp2_9.txt,5,329.0,0.35289,329.0,0.0
FaFM,wfjsp3_1.txt,1,426.0,0.862449,419.0,1.6706
FaFM,wfjsp3_1.txt,2,429.0,0.65858,419.0,2.3866
FaFM,wfjsp3_1.txt,3,430.0,0.611627,419.0,2.6253
FaFM,wfjsp3_1.txt,4,429.0,0.623833,419.0,2.3866
FaFM,wfjsp3_1.txt,5,431.0,0.650996,419.0,2.864
FaFM,wfjsp3_10.txt,1,455.0,0.690433,455.0,0.0
FaFM,wfjsp3_10.txt,2,455.0,0.671926,455.0,0.0
FaFM,wfjsp3_10.txt,3,455.0,0.635393,455.0,0.0
FaFM,wfjsp3_10.txt,4,469.0,0.534869,455.0,3.0769
FaFM,wfjsp3_10.txt,5,455.0,0.660673,455.0,0.0
FaFM,wfjsp3_2.txt,1,545.0,1.08251,543.0,0.3683
FaFM,wfjsp3_2.txt,2,543.0,1.21071,543.0,0.0
FaFM,wfjsp3_2.txt,3,545.0,0.745236,543.0,0.3683
FaFM,wfjsp3_2.txt,4,543.0,0.837687,543.0,0.0
FaFM,wfjsp3_2.txt,5,545.0,0.780163,543.0,0.3683
FaFM,wfjsp3_3.txt,1,383.0,0.388056,383.0,0.0
FaFM,wfjsp3_3.txt,2,383.0,0.38917,383.0,0.0
FaFM,wfjsp3_3.txt,3,383.0,0.377821,383.0,0.0
FaFM,wfjsp3_3.txt,4,383.0,0.383836,383.0,0.0
FaFM,wfjsp3_3.txt,5,383.0,0.389723,383.0,0.0
FaFM,wfjsp3_4.txt,1,445.0,1.24052,443.0,0.4515
FaFM,wfjsp3_4.txt,2,445.0,0.917718,443.0,0.4515
FaFM,wfjsp3_4.txt,3,445.0,0.845204,443.0,0.4515
FaFM,wfjsp3_4.txt,4,465.0,0.817698,443.0,4.9661
FaFM,wfjsp3_4.txt,5,452.0,1.12835,443.0,2.0316
FaFM,wfjsp3_5.txt,1,303.0,0.817066,284.0,6.6901
FaFM,wfjsp3_5.txt,2,305.0,0.640266,284.0,7.3944
FaFM,wfjsp3_5.txt,3,305.0,0.98662,284.0,7.3944
FaFM,wfjsp3_5.txt,4,308.0,0.54033,284.0,8.4507
FaFM,wfjsp3_5.txt,5,308.0,0.581697,284.0,8.4507
FaFM,wfjsp3_6.txt,1,531.0,0.758785,529.0,0.3781
FaFM,wfjsp3_6.txt,2,531.0,1.34024,529.0,0.3781
FaFM,wfjsp3_6.txt,3,535.0,0.751588,529.0,1.1342
FaFM,wfjsp3_6.txt,4,531.0,1.4529,529.0,0.3781
FaFM,wfjsp3_6.txt,5,531.0,1.48273,529.0,0.3781
FaFM,wfjsp3_7.txt,1,354.0,0.95095,342.0,3.5088
FaFM,wfjsp3_7.txt,2,352.0,0.5025,342.0,2.924
FaFM,wfjsp3_7.txt,3,352.0,0.476772,342.0,2.924
FaFM,wfjsp3_7.txt,4,343.0,1.33707,342.0,0.2924
FaFM,wfjsp3_7.txt,5,343.0,0.988427,342.0,0.2924
FaFM,wfjsp3_8.txt,1,497.0,1.36387,492.0,1.0163
FaFM,wfjsp3_8.txt,2,492.0,0.680907,492.0,0.0
FaFM,wfjsp3_8.txt,3,492.0,0.946074,492.0,0.0
FaFM,wfjsp3_8.txt,4,492.0,0.941439,492.0,0.0
FaFM,wfjsp3_8.txt,5,492.0,0.71637,492.0,0.0
FaFM,wfjsp3_9.txt,1,535.0,0.705789,534.0,0.1873
FaFM,wfjsp3_9.txt,2,535.0,0.623936,534.0,0.1873
FaFM,wfjsp3_9.txt,3,535.0,0.698988,534.0,0.1873
FaFM,wfjsp3_9.txt,4,535.0,0.561494,534.0,0.1873
FaFM,wfjsp3_9.txt,5,535.0,0.713563,534.0,0.1873
FaFM,wfjsp4_1.txt,1,293.0,0.957104,277.0,5.7762
FaFM,wfjsp4_1.txt,2,287.0,1.3444,277.0,3.6101
FaFM,wfjsp4_1.txt,3,280.0,3.00731,277.0,1.083
FaFM,wfjsp4_1.txt,4,281.0,0.954717,277.0,1.444
FaFM,wfjsp4_1.txt,5,280.0,2.61298,277.0,1.083
FaFM,wfjsp4_10.txt,1,295.0,0.831038,293.0,0.6826
FaFM,wfjsp4_10.txt,2,293.0,1.12278,293.0,0.0
FaFM,wfjsp4_10.txt,3,293.0,0.683214,293.0,0.0
FaFM,wfjsp4_10.txt,4,293.0,0.790227,293.0,0.0
FaFM,wfjsp4_10.txt,5,293.0,0.718117,293.0,0.0
FaFM,wfjsp4_2.txt,1,375.0,1.73749,350.0,7.1429
FaFM,wfjsp4_2.txt,2,361.0,1.36275,350.0,3.1429
FaFM,wfjsp4_2.txt,3,357.0,1.48267,350.0,2.0
FaFM,wfjsp4_2.txt,4,368.0,1.15187,350.0,5.1429
FaFM,wfjsp4_2.txt,5,358.0,3.21563,350.0,2.2857
FaFM,wfjsp4_3.txt,1,366.0,0.966779,360.0,1.6667
FaFM,wfjsp4_3.txt,2,365.0,1.09345,360.0,1.3889
FaFM,wfjsp4_3.txt,3,368.0,1.67298,360.0,2.2222
FaFM,wfjsp4_3.txt,4,376.0,1.0087,360.0,4.4444
FaFM,wfjsp4_3.txt,5,366.0,1.03872,360.0,1.6667
FaFM,wfjsp4_4.txt,1,325.0,1.19862,320.0,1.5625
FaFM,wfjsp4_4.txt,2,322.0,1.73406,320.0,0.625
FaFM,wfjsp4_4.txt,3,322.0,1.58559,320.0,0.625
FaFM,wfjsp4_4.txt,4,325.0,0.984608,320.0,1.5625
FaFM,wfjsp4_4.txt,5,322.0,1.26177,320.0,0.625
FaFM,wfjsp4_5.txt,1,290.0,0.977166,290.0,0.0
FaFM,wfjsp4_5.txt,2,290.0,0.606863,290.0,0.0
FaFM,wfjsp4_5.txt,3,290.0,0.536862,290.0,0.0
FaFM,wfjsp4_5.txt,4,290.0,0.564019,290.0,0.0
FaFM,wfjsp4_5.txt,5,290.0,0.580117,290.0,0.0
FaFM,wfjsp4_6.txt,1,385.0,1.55663,355.0,8.4507
FaFM,wfjsp4_6.txt,2,381.0,1.10559,355.0,7.3239
FaFM,wfjsp4_6.txt,3,376.0,1.23727,355.0,5.9155
FaFM,wfjsp4_6.txt,4,360.0,1.4965,355.0,1.4085
FaFM,wfjsp4_6.txt,5,387.0,1.14232,355.0,9.0141
FaFM,wfjsp4_7.txt,1,299.0,1.22404,288.0,3.8194
FaFM,wfjsp4_7.txt,2,301.0,0.994606,288.0,4.5139
FaFM,wfjsp4_7.txt,3,300.0,1.68362,288.0,4.1667
FaFM,wfjsp4_7.txt,4,301.0,0.780619,288.0,4.5139
FaFM,wfjsp4_7.txt,5,301.0,0.827239,288.0,4.5139
FaFM,wfjsp4_8.txt,1,331.0,0.719809,316.0,4.7468
FaFM,wfjsp4_8.txt,2,323.0,0.973781,316.0,2.2152
FaFM,wfjsp4_8.txt,3,323.0,0.774389,316.0,2.2152
FaFM,wfjsp4_8.txt,4,322.0,0.950459,316.0,1.8987
FaFM,wfjsp4_8.txt,5,326.0,0.821515,316.0,3.1646
FaFM,wfjsp4_9.txt,1,288.0,0.553502,288.0,0.0
FaFM,wfjsp4_9.txt,2,288.0,0.554156,288.0,0.0
FaFM,wfjsp4_9.txt,3,288.0,0.560992,288.0,0.0
FaFM,wfjsp4_9.txt,4,288.0,0.555837,288.0,0.0
FaFM,wfjsp4_9.txt,5,288.0,0.600122,288.0,0.0
FaFM,wfjsp5_1.txt,1,623.0,4.7427,608.0,2.4671
FaFM,wfjsp5_1.txt,2,617.0,13.5948,608.0,1.4803
FaFM,wfjsp5_1.txt,3,624.0,2.76639,608.0,2.6316
FaFM,wfjsp5_1.txt,4,615.0,6.68017,608.0,1.1513
FaFM,wfjsp5_1.txt,5,625.0,4.45336,608.0,2.7961
FaFM,wfjsp5_10.txt,1,654.0,1.67213,627.0,4.3062
FaFM,wfjsp5_10.txt,2,652.0,1.73784,627.0,3.9872
FaFM,wfjsp5_10.txt,3,652.0,2.85048,627.0,3.9872
FaFM,wfjsp5_10.txt,4,684.0,1.44823,627.0,9.0909
FaFM,wfjsp5_10.txt,5,654.0,1.57834,627.0,4.3062
FaFM,wfjsp5_2.txt,1,663.0,3.78157,638.0,3.9185
FaFM,wfjsp5_2.txt,2,664.0,2.68058,638.0,4.0752
FaFM,wfjsp5_2.txt,3,656.0,7.27647,638.0,2.8213
FaFM,wfjsp5_2.txt,4,660.0,4.64707,638.0,3.4483
FaFM,wfjsp5_2.txt,5,655.0,4.59647,638.0,2.6646
FaFM,wfjsp5_3.txt,1,635.0,5.19949,626.0,1.4377
FaFM,wfjsp5_3.txt,2,640.0,6.90573,626.0,2.2364
FaFM,wfjsp5_3.txt,3,639.0,3.14288,626.0,2.0767
FaFM,wfjsp5_3.txt,4,642.0,4.75059,626.0,2.5559
FaFM,wfjsp5_3.txt,5,636.0,3.40357,626.0,1.5974
FaFM,wfjsp5_4.txt,1,745.0,6.26457,722.0,3.1856
FaFM,wfjsp5_4.txt,2,735.0,4.71222,722.0,1.8006
FaFM,wfjsp5_4.txt,3,745.0,4.12831,722.0,3.1856
FaFM,wfjsp5_4.txt,4,741.0,5.69212,722.0,2.6316
FaFM,wfjsp5_4.txt,5,755.0,5.21297,722.0,4.5706
FaFM,wfjsp5_5.txt,1,728.0,6.74489,729.0,-0.1372
FaFM,wfjsp5_5.txt,2,735.0,4.69144,729.0,0.823
FaFM,wfjsp5_5.txt,3,728.0,7.55066,729.0,-0.1372
FaFM,wfjsp5_5.txt,4,722.0,17.9302,729.0,-0.9602
FaFM,wfjsp5_5.txt,5,726.0,4.43608,729.0,-0.4115
FaFM,wfjsp5_6.txt,1,750.0,4.95129,732.0,2.459
FaFM,wfjsp5_6.txt,2,748.0,4.19979,732.0,2.1858
FaFM,wfjsp5_6.txt,3,745.0,4.418,732.0,1.776
FaFM,wfjsp5_6.txt,4,744.0,5.46646,732.0,1.6393
FaFM,wfjsp5_6.txt,5,746.0,5.8127,732.0,1.9126
FaFM,wfjsp5_7.txt,1,766.0,3.75403,754.0,1.5915
FaFM,wfjsp5_7.txt,2,771.0,7.00602,754.0,2.2546
FaFM,wfjsp5_7.txt,3,765.0,3.63013,754.0,1.4589
FaFM,wfjsp5_7.txt,4,764.0,5.57952,754.0,1.3263
FaFM,wfjsp5_7.txt,5,762.0,6.9036,754.0,1.061
FaFM,wfjsp5_8.txt,1,707.0,8.48889,683.0,3.5139
FaFM,wfjsp5_8.txt,2,690.0,8.52362,683.0,1.0249
FaFM,wfjsp5_8.txt,3,693.0,3.89283,683.0,1.4641
FaFM,wfjsp5_8.txt,4,706.0,2.82736,683.0,3.3675
FaFM,wfjsp5_8.txt,5,698.0,4.09661,683.0,2.1962
FaFM,wfjsp5_9.txt,1,630.0,2.16223,582.0,8.2474
FaFM,wfjsp5_9.txt,2,617.0,2.44614,582.0,6.0137
FaFM,wfjsp5_9.txt,3,614.0,3.27352,582.0,5.4983
FaFM,wfjsp5_9.txt,4,618.0,1.69988,582.0,6.1856
FaFM,wfjsp5_9.txt,5,614.0,2.73041,582.0,5.4983
FaFM,wfjsp6_1.txt,1,701.0,3.64015,682.0,2.7859
FaFM,wfjsp6_1.txt,2,709.0,3.49143,682.0,3.9589
FaFM,wfjsp6_1.txt,3,691.0,7.12829,682.0,1.3196
FaFM,wfjsp6_1.txt,4,687.0,14.7233,682.0,0.7331
FaFM,wfjsp6_1.txt,5,705.0,3.38756,682.0,3.3724
FaFM,wfjsp6_10.txt,1,705.0,4.77135,699.0,0.8584
FaFM,wfjsp6_10.txt,2,714.0,4.36816,699.0,2.1459
FaFM,wfjsp6_10.txt,3,712.0,3.05685,699.0,1.8598
FaFM,wfjsp6_10.txt,4,702.0,4.25777,699.0,0.4292
FaFM,wfjsp6_10.txt,5,711.0,3.95064,699.0,1.7167
FaFM,wfjsp6_2.txt,1,790.0,7.54841,780.0,1.2821
FaFM,wfjsp6_2.txt,2,792.0,6.50302,780.0,1.5385
FaFM,wfjsp6_2.txt,3,801.0,7.78432,780.0,2.6923
FaFM,wfjsp6_2.txt,4,798.0,6.505,780.0,2.3077
FaFM,wfjsp6_2.txt,5,796.0,6.95002,780.0,2.0513
FaFM,wfjsp6_3.txt,1,738.0,5.56147,735.0,0.4082
FaFM,wfjsp6_3.txt,2,740.0,6.16684,735.0,0.6803
FaFM,wfjsp6_3.txt,3,744.0,6.09508,735.0,1.2245
FaFM,wfjsp6_3.txt,4,748.0,5.30748,735.0,1.7687
FaFM,wfjsp6_3.txt,5,750.0,8.28855,735.0,2.0408
FaFM,wfjsp6_4.txt,1,824.0,4.95692,803.0,2.6152
FaFM,wfjsp6_4.txt,2,815.0,14.2754,803.0,1.4944
FaFM,wfjsp6_4.txt,3,827.0,3.83728,803.0,2.9888
FaFM,wfjsp6_4.txt,4,815.0,10.9316,803.0,1.4944
FaFM,wfjsp6_4.txt,5,819.0,4.91702,803.0,1.9925
FaFM,wfjsp6_5.txt,1,846.0,8.0329,844.0,0.237
FaFM,wfjsp6_5.txt,2,845.0,9.08767,844.0,0.1185
FaFM,wfjsp6_5.txt,3,846.0,11.7504,844.0,0.237
FaFM,wfjsp6_5.txt,4,855.0,4.22852,844.0,1.3033
FaFM,wfjsp6_5.txt,5,847.0,10.4271,844.0,0.3555
FaFM,wfjsp6_6.txt,1,801.0,4.73005,798.0,0.3759
FaFM,wfjsp6_6.txt,2,815.0,10.3805,798.0,2.1303
FaFM,wfjsp6_6.txt,3,823.0,6.10532,798.0,3.1328
FaFM,wfjsp6_6.txt,4,820.0,7.329,798.0,2.7569
FaFM,wfjsp6_6.txt,5,815.0,10.4498,798.0,2.1303
FaFM,wfjsp6_7.txt,1,837.0,7.61171,855.0,-2.1053
FaFM,wfjsp6_7.txt,2,837.0,8.16671,855.0,-2.1053
FaFM,wfjsp6_7.txt,3,846.0,6.82289,855.0,-1.0526
FaFM,wfjsp6_7.txt,4,843.0,9.467,855.0,-1.4035
FaFM,wfjsp6_7.txt,5,847.0,5.73841,855.0,-0.9357
FaFM,wfjsp6_8.txt,1,784.0,4.19679,759.0,3.2938
FaFM,wfjsp6_8.txt,2,780.0,4.61112,759.0,2.7668
FaFM,wfjsp6_8.txt,3,773.0,4.03741,759.0,1.8445
FaFM,wfjsp6_8.txt,4,780.0,4.26387,759.0,2.7668
FaFM,wfjsp6_8.txt,5,770.0,6.97544,759.0,1.4493
FaFM,wfjsp6_9.txt,1,698.0,5.44889,686.0,1.7493
FaFM,wfjsp6_9.txt,2,696.0,3.33144,686.0,1.4577
FaFM,wfjsp6_9.txt,3,701.0,4.21014,686.0,2.1866
FaFM,wfjsp6_9.txt,4,698.0,7.73927,686.0,1.7493
FaFM,wfjsp6_9.txt,5,700.0,3.64012,686.0,2.0408
FaFM,wfjsp7_1.txt,1,841.0,5.12009,815.0,3.1902
FaFM,wfjsp7_1.txt,2,829.0,5.95699,815.0,1.7178
FaFM,wfjsp7_1.txt,3,828.0,8.50859,815.0,1.5951
FaFM,wfjsp7_1.txt,4,827.0,13.5365,815.0,1.4724
FaFM,wfjsp7_1.txt,5,832.0,8.91788,815.0,2.0859
FaFM,wfjsp7_10.txt,1,933.0,4.99385,909.0,2.6403
FaFM,wfjsp7_10.txt,2,933.0,13.1502,909.0,2.6403
FaFM,wfjsp7_10.txt,3,934.0,7.11777,909.0,2.7503
FaFM,wfjsp7_10.txt,4,941.0,8.76614,909.0,3.5204
FaFM,wfjsp7_10.txt,5,925.0,10.4789,909.0,1.7602
FaFM,wfjsp7_2.txt,1,1046.0,5.84563,1038.0,0.7707
FaFM,wfjsp7_2.txt,2,1040.0,20.6088,1038.0,0.1927
FaFM,wfjsp7_2.txt,3,1035.0,9.58606,1038.0,-0.289
FaFM,wfjsp7_2.txt,4,1043.0,14.2102,1038.0,0.4817
FaFM,wfjsp7_2.txt,5,1029.0,16.3863,1038.0,-0.8671
FaFM,wfjsp7_3.txt,1,1131.0,20.1775,1133.0,-0.1765
FaFM,wfjsp7_3.txt,2,1148.0,12.4374,1133.0,1.3239
FaFM,wfjsp7_3.txt,3,1162.0,6.45894,1133.0,2.5596
FaFM,wfjsp7_3.txt,4,1123.0,34.484,1133.0,-0.8826
FaFM,wfjsp7_3.txt,5,1148.0,13.658,1133.0,1.3239
FaFM,wfjsp7_4.txt,1,941.0,14.8362,944.0,-0.3178
FaFM,wfjsp7_4.txt,2,950.0,7.96917,944.0,0.6356
FaFM,wfjsp7_4.txt,3,956.0,9.39573,944.0,1.2712
FaFM,wfjsp7_4.txt,4,947.0,18.0857,944.0,0.3178
FaFM,wfjsp7_4.txt,5,952.0,6.75753,944.0,0.8475
FaFM,wfjsp7_5.txt,1,817.0,13.208,803.0,1.7435
FaFM,wfjsp7_5.txt,2,811.0,11.0172,803.0,0.9963
FaFM,wfjsp7_5.txt,3,826.0,5.05889,803.0,2.8643
FaFM,wfjsp7_5.txt,4,820.0,6.43831,803.0,2.1171
FaFM,wfjsp7_5.txt,5,819.0,9.1662,803.0,1.9925
FaFM,wfjsp7_6.txt,1,1025.0,5.73361,1010.0,1.4851
FaFM,wfjsp7_6.txt,2,1030.0,5.05918,1010.0,1.9802
FaFM,wfjsp7_6.txt,3,1027.0,7.09467,1010.0,1.6832
FaFM,wfjsp7_6.txt,4,1036.0,11.011,1010.0,2.5743
FaFM,wfjsp7_6.txt,5,1019.0,17.7031,1010.0,0.8911
FaFM,wfjsp7_7.txt,1,960.0,12.0366,929.0,3.3369
FaFM,wfjsp7_7.txt,2,952.0,10.7486,929.0,2.4758
FaFM,wfjsp7_7.txt,3,964.0,7.10474,929.0,3.7675
FaFM,wfjsp7_7.txt,4,958.0,8.15503,929.0,3.1216
FaFM,wfjsp7_7.txt,5,949.0,18.3639,929.0,2.1529
FaFM,wfjsp7_8.txt,1,904.0,6.63329,882.0,2.4943
FaFM,wfjsp7_8.txt,2,901.0,9.79631,882.0,2.1542
FaFM,wfjsp7_8.txt,3,903.0,5.51627,882.0,2.381
FaFM,wfjsp7_8.txt,4,898.0,5.69142,882.0,1.8141
FaFM,wfjsp7_8.txt,5,894.0,12.9816,882.0,1.3605
FaFM,wfjsp7_9.txt,1,851.0,9.86145,852.0,-0.1174
FaFM,wfjsp7_9.txt,2,855.0,11.6227,852.0,0.3521
FaFM,wfjsp7_9.txt,3,868.0,7.54854,852.0,1.8779
FaFM,wfjsp7_9.txt,4,863.0,10.7142,852.0,1.2911
FaFM,wfjsp7_9.txt,5,858.0,5.65356,852.0,0.7042
FaFM,wfjsp8_1.txt,1,1044.0,11.6129,1025.0,1.8537
FaFM,wfjsp8_1.txt,2,1057.0,10.7512,1025.0,3.122
FaFM,wfjsp8_1.txt,3,1055.0,14.4569,1025.0,2.9268
FaFM,wfjsp8_1.txt,4,1054.0,11.8333,1025.0,2.8293
FaFM,wfjsp8_1.txt,5,1071.0,7.16627,1025.0,4.4878
FaFM,wfjsp8_10.txt,1,1214.0,7.07488,1194.0,1.675
FaFM,wfjsp8_10.txt,2,1211.0,12.2478,1194.0,1.4238
FaFM,wfjsp8_10.txt,3,1204.0,16.471,1194.0,0.8375
FaFM,wfjsp8_10.txt,4,1214.0,14.5356,1194.0,1.675
FaFM,wfjsp8_10.txt,5,1214.0,10.1941,1194.0,1.675
FaFM,wfjsp8_2.txt,1,1273.0,11.7943,1251.0,1.7586
FaFM,wfjsp8_2.txt,2,1275.0,13.406,1251.0,1.9185
FaFM,wfjsp8_2.txt,3,1275.0,23.9863,1251.0,1.9185
FaFM,wfjsp8_2.txt,4,1278.0,10.5057,1251.0,2.1583
FaFM,wfjsp8_2.txt,5,1271.0,11.897,1251.0,1.5987
FaFM,wfjsp8_3.txt,1,1390.0,10.1736,1364.0,1.9062
FaFM,wfjsp8_3.txt,2,1371.0,29.7738,1364.0,0.5132
FaFM,wfjsp8_3.txt,3,1384.0,7.10674,1364.0,1.4663
FaFM,wfjsp8_3.txt,4,1380.0,30.9917,1364.0,1.173
FaFM,wfjsp8_3.txt,5,1378.0,7.67998,1364.0,1.0264
FaFM,wfjsp8_4.txt,1,1221.0,8.76243,1211.0,0.8258
FaFM,wfjsp8_4.txt,2,1224.0,8.28757,1211.0,1.0735
FaFM,wfjsp8_4.txt,3,1214.0,16.4514,1211.0,0.2477
FaFM,wfjsp8_4.txt,4,1217.0,11.027,1211.0,0.4955
FaFM,wfjsp8_4.txt,5,1220.0,12.9736,1211.0,0.7432
FaFM,wfjsp8_5.txt,1,1053.0,14.7034,1050.0,0.2857
FaFM,wfjsp8_5.txt,2,1058.0,9.16334,1050.0,0.7619
FaFM,wfjsp8_5.txt,3,1051.0,10.3176,1050.0,0.0952
FaFM,wfjsp8_5.txt,4,1058.0,7.62622,1050.0,0.7619
FaFM,wfjsp8_5.txt,5,1055.0,18.8529,1050.0,0.4762
FaFM,wfjsp8_6.txt,1,1290.0,8.9396,1267.0,1.8153
FaFM,wfjsp8_6.txt,2,1300.0,6.90861,1267.0,2.6046
FaFM,wfjsp8_6.txt,3,1290.0,17.3651,1267.0,1.8153
FaFM,wfjsp8_6.txt,4,1290.0,10.1762,1267.0,1.8153
FaFM,wfjsp8_6.txt,5,1283.0,22.2051,1267.0,1.2628
FaFM,wfjsp8_7.txt,1,1197.0,12.7003,1158.0,3.3679
FaFM,wfjsp8_7.txt,2,1184.0,11.7822,1158.0,2.2453
FaFM,wfjsp8_7.txt,3,1190.0,17.9209,1158.0,2.7634
FaFM,wfjsp8_7.txt,4,1191.0,16.4731,1158.0,2.8497
FaFM,wfjsp8_7.txt,5,1188.0,13.58,1158.0,2.5907
FaFM,wfjsp8_8.txt,1,1183.0,9.34393,1158.0,2.1589
FaFM,wfjsp8_8.txt,2,1177.0,16.5143,1158.0,1.6408
FaFM,wfjsp8_8.txt,3,1184.0,11.6813,1158.0,2.2453
FaFM,wfjsp8_8.txt,4,1179.0,17.4579,1158.0,1.8135
FaFM,wfjsp8_8.txt,5,1185.0,12.6318,1158.0,2.3316
FaFM,wfjsp8_9.txt,1,1050.0,15.0719,1044.0,0.5747
FaFM,wfjsp8_9.txt,2,1075.0,8.73164,1044.0,2.9693
FaFM,wfjsp8_9.txt,3,1073.0,10.893,1044.0,2.7778
FaFM,wfjsp8_9.txt,4,1067.0,11.2305,1044.0,2.2031
FaFM,wfjsp8_9.txt,5,1062.0,9.77471,1044.0,1.7241
FaFM,wfjsp9_1.txt,1,1347.0,17.3436,1314.0,2.5114
FaFM,wfjsp9_1.txt,2,1338.0,18.6832,1314.0,1.8265
FaFM,wfjsp9_1.txt,3,1345.0,16.5479,1314.0,2.3592
FaFM,wfjsp9_1.txt,4,1344.0,17.4731,1314.0,2.2831
FaFM,wfjsp9_1.txt,5,1349.0,16.9977,1314.0,2.6636
FaFM,wfjsp9_10.txt,1,1432.0,8.66177,1414.0,1.273
FaFM,wfjsp9_10.txt,2,1430.0,12.2686,1414.0,1.1315
FaFM,wfjsp9_10.txt,3,1433.0,7.3349,1414.0,1.3437
FaFM,wfjsp9_10.txt,4,1429.0,17.8724,1414.0,1.0608
FaFM,wfjsp9_10.txt,5,1439.0,9.36957,1414.0,1.768
FaFM,wfjsp9_2.txt,1,1417.0,13.722,1404.0,0.9259
FaFM,wfjsp9_2.txt,2,1415.0,21.5865,1404.0,0.7835
FaFM,wfjsp9_2.txt,3,1426.0,16.2554,1404.0,1.567
FaFM,wfjsp9_2.txt,4,1428.0,10.0986,1404.0,1.7094
FaFM,wfjsp9_2.txt,5,1410.0,26.2885,1404.0,0.4274
FaFM,wfjsp9_3.txt,1,1492.0,33.8633,1483.0,0.6069
FaFM,wfjsp9_3.txt,2,1519.0,15.4507,1483.0,2.4275
FaFM,wfjsp9_3.txt,3,1535.0,10.4634,1483.0,3.5064
FaFM,wfjsp9_3.txt,4,1506.0,13.9807,1483.0,1.5509
FaFM,wfjsp9_3.txt,5,1493.0,43.8982,1483.0,0.6743
FaFM,wfjsp9_4.txt,1,1375.0,17.1055,1357.0,1.3265
FaFM,wfjsp9_4.txt,2,1371.0,19.5749,1357.0,1.0317
FaFM,wfjsp9_4.txt,3,1378.0,9.75852,1357.0,1.5475
FaFM,wfjsp9_4.txt,4,1368.0,23.8762,1357.0,0.8106
FaFM,wfjsp9_4.txt,5,1370.0,16.221,1357.0,0.958
FaFM,wfjsp9_5.txt,1,1259.0,20.8177,1247.0,0.9623
FaFM,wfjsp9_5.txt,2,1272.0,21.1813,1247.0,2.0048
FaFM,wfjsp9_5.txt,3,1269.0,13.7135,1247.0,1.7642
FaFM,wfjsp9_5.txt,4,1269.0,15.1376,1247.0,1.7642
FaFM,wfjsp9_5.txt,5,1273.0,13.0421,1247.0,2.085
FaFM,wfjsp9_6.txt,1,1407.0,15.1991,1383.0,1.7354
FaFM,wfjsp9_6.txt,2,1409.0,26.5013,1383.0,1.88
FaFM,wfjsp9_6.txt,3,1414.0,22.3415,1383.0,2.2415
FaFM,wfjsp9_6.txt,4,1419.0,9.63899,1383.0,2.603
FaFM,wfjsp9_6.txt,5,1397.0,16.37,1383.0,1.0123
FaFM,wfjsp9_7.txt,1,1356.0,12.8133,1318.0,2.8832
FaFM,wfjsp9_7.txt,2,1334.0,22.4986,1318.0,1.214
FaFM,wfjsp9_7.txt,3,1358.0,15.1407,1318.0,3.0349
FaFM,wfjsp9_7.txt,4,1353.0,23.5065,1318.0,2.6555
FaFM,wfjsp9_7.txt,5,1357.0,19.8755,1318.0,2.959
FaFM,wfjsp9_8.txt,1,1393.0,34.5936,1386.0,0.5051
FaFM,wfjsp9_8.txt,2,1399.0,28.5427,1386.0,0.938
FaFM,wfjsp9_8.txt,3,1408.0,12.6912,1386.0,1.5873
FaFM,wfjsp9_8.txt,4,1402.0,15.39,1386.0,1.1544
FaFM,wfjsp9_8.txt,5,1409.0,13.281,1386.0,1.6595
FaFM,wfjsp9_9.txt,1,1329.0,35.2622,1294.0,2.7048
FaFM,wfjsp9_9.txt,2,1333.0,17.7083,1294.0,3.0139
FaFM,wfjsp9_9.txt,3,1326.0,13.3547,1294.0,2.473
FaFM,wfjsp9_9.txt,4,1327.0,20.4914,1294.0,2.5502
FaFM,wfjsp9_9.txt,5,1327.0,29.9933,1294.0,2.5502
FaFMJ,Dauzere_01a.txt,1,3125.0,17.7034,2921.0,6.9839
FaFMJ,Dauzere_01a.txt,2,3125.0,15.9079,2921.0,6.9839
FaFMJ,Dauzere_01a.txt,3,3125.0,16.5982,2921.0,6.9839
FaFMJ,Dauzere_01a.txt,4,3125.0,19.0089,2921.0,6.9839
FaFMJ,Dauzere_01a.txt,5,3125.0,18.4064,2921.0,6.9839
FaFMJ,Dauzere_02a.txt,1,2949.0,47.2762,2914.0,1.2011
FaFMJ,Dauzere_02a.txt,2,2949.0,42.5462,2914.0,1.2011
FaFMJ,Dauzere_02a.txt,3,2949.0,44.4848,2914.0,1.2011
FaFMJ,Dauzere_02a.txt,4,2949.0,50.5078,2914.0,1.2011
FaFMJ,Dauzere_02a.txt,5,2949.0,47.1061,2914.0,1.2011
FaFMJ,Dauzere_03a.txt,1,2949.0,34.6251,2910.0,1.3402
FaFMJ,Dauzere_03a.txt,2,2949.0,30.8079,2910.0,1.3402
FaFMJ,Dauzere_03a.txt,3,2949.0,32.15,2910.0,1.3402
FaFMJ,Dauzere_03a.txt,4,2949.0,36.2648,2910.0,1.3402
FaFMJ,Dauzere_03a.txt,5,2949.0,34.1455,2910.0,1.3402
FaFMJ,Dauzere_04a.txt,1,3054.0,26.8166,2911.0,4.9124
FaFMJ,Dauzere_04a.txt,2,3054.0,22.489,2911.0,4.9124
FaFMJ,Dauzere_04a.txt,3,3054.0,24.8379,2911.0,4.9124
FaFMJ,Dauzere_04a.txt,4,3054.0,26.4595,2911.0,4.9124
FaFMJ,Dauzere_04a.txt,5,3054.0,24.7406,2911.0,4.9124
FaFMJ,Dauzere_05a.txt,1,2947.0,58.3073,2888.0,2.0429
FaFMJ,Dauzere_05a.txt,2,2947.0,54.2053,2888.0,2.0429
FaFMJ,Dauzere_05a.txt,3,2947.0,59.6115,2888.0,2.0429
FaFMJ,Dauzere_05a.txt,4,2947.0,64.3383,2888.0,2.0429
FaFMJ,Dauzere_05a.txt,5,2947.0,59.2138,2888.0,2.0429
FaFMJ,Dauzere_06a.txt,1,2926.0,51.4976,2877.0,1.7032
FaFMJ,Dauzere_06a.txt,2,2926.0,49.0226,2877.0,1.7032
FaFMJ,Dauzere_06a.txt,3,2926.0,53.4989,2877.0,1.7032
FaFMJ,Dauzere_06a.txt,4,2926.0,57.591,2877.0,1.7032
FaFMJ,Dauzere_06a.txt,5,2926.0,53.4871,2877.0,1.7032
FaFMJ,Dauzere_07a.txt,1,3058.0,26.594,2917.0,4.8337
FaFMJ,Dauzere_07a.txt,2,3058.0,23.4705,2917.0,4.8337
FaFMJ,Dauzere_07a.txt,3,3058.0,25.6213,2917.0,4.8337
FaFMJ,Dauzere_07a.txt,4,3058.0,27.8632,2917.0,4.8337
FaFMJ,Dauzere_07a.txt,5,3058.0,25.9816,2917.0,4.8337
FaFMJ,Dauzere_08a.txt,1,2909.0,111.417,2883.0,0.9018
FaFMJ,Dauzere_08a.txt,2,2909.0,106.358,2883.0,0.9018
FaFMJ,Dauzere_08a.txt,3,2909.0,100.051,2883.0,0.9018
FaFMJ,Dauzere_08a.txt,4,2909.0,98.1819,2883.0,0.9018
FaFMJ,Dauzere_08a.txt,5,2909.0,104.281,2883.0,0.9018
FaFMJ,Dauzere_09a.txt,1,2927.0,65.0544,2880.0,1.6319
FaFMJ,Dauzere_09a.txt,2,2927.0,62.4573,2880.0,1.6319
FaFMJ,Dauzere_09a.txt,3,2927.0,60.9455,2880.0,1.6319
FaFMJ,Dauzere_09a.txt,4,2927.0,59.522,2880.0,1.6319
FaFMJ,Dauzere_09a.txt,5,2927.0,63.4064,2880.0,1.6319
FaFMJ,Dauzere_10a.txt,1,3019.0,70.2133,2922.0,3.3196
FaFMJ,Dauzere_10a.txt,2,3019.0,63.8711,2922.0,3.3196
FaFMJ,Dauzere_10a.txt,3,3019.0,62.6115,2922.0,3.3196
FaFMJ,Dauzere_10a.txt,4,3019.0,60.547,2922.0,3.3196
FaFMJ,Dauzere_10a.txt,5,3019.0,64.9383,2922.0,3.3196
FaFMJ,Dauzere_11a.txt,1,2930.0,45.201,2876.0,1.8776
FaFMJ,Dauzere_11a.txt,2,2930.0,42.0945,2876.0,1.8776
FaFMJ,Dauzere_11a.txt,3,2930.0,41.2519,2876.0,1.8776
FaFMJ,Dauzere_11a.txt,4,2930.0,43.0543,2876.0,1.8776
FaFMJ,Dauzere_11a.txt,5,2930.0,42.9024,2876.0,1.8776
FaFMJ,Dauzere_12a.txt,1,2852.0,162.851,2840.0,0.4225
FaFMJ,Dauzere_12a.txt,2,2852.0,158.498,2840.0,0.4225
FaFMJ,Dauzere_12a.txt,3,2852.0,155.737,2840.0,0.4225
FaFMJ,Dauzere_12a.txt,4,2852.0,165.943,2840.0,0.4225
FaFMJ,Dauzere_12a.txt,5,2852.0,161.361,2840.0,0.4225
FaFMJ,Mk01.txt,1,75.0,9.88113,70.0,7.1429
FaFMJ,Mk01.txt,2,75.0,8.84688,70.0,7.1429
FaFMJ,Mk01.txt,3,75.0,8.03557,70.0,7.1429
FaFMJ,Mk01.txt,4,75.0,8.80193,70.0,7.1429
FaFMJ,Mk01.txt,5,75.0,9.42162,70.0,7.1429
FaFMJ,Mk02.txt,1,73.0,11.3626,67.0,8.9552
FaFMJ,Mk02.txt,2,73.0,9.38349,67.0,8.9552
FaFMJ,Mk02.txt,3,73.0,9.30977,67.0,8.9552
FaFMJ,Mk02.txt,4,73.0,10.1773,67.0,8.9552
FaFMJ,Mk02.txt,5,73.0,11.0603,67.0,8.9552
FaFMJ,Mk03.txt,1,244.0,28.1632,238.0,2.521
FaFMJ,Mk03.txt,2,244.0,24.3844,238.0,2.521
FaFMJ,Mk03.txt,3,244.0,27.2243,238.0,2.521
FaFMJ,Mk03.txt,4,244.0,26.9466,238.0,2.521
FaFMJ,Mk03.txt,5,244.0,28.2314,238.0,2.521
FaFMJ,Mk04.txt,1,103.0,12.2946,95.0,8.4211
FaFMJ,Mk04.txt,2,103.0,10.4352,95.0,8.4211
FaFMJ,Mk04.txt,3,103.0,11.6225,95.0,8.4211
FaFMJ,Mk04.txt,4,103.0,11.2503,95.0,8.4211
FaFMJ,Mk04.txt,5,103.0,12.1544,95.0,8.4211
FaFMJ,Mk05.txt,1,306.0,35.8012,299.0,2.3411
FaFMJ,Mk05.txt,2,306.0,31.1268,299.0,2.3411
FaFMJ,Mk05.txt,3,306.0,35.2884,299.0,2.3411
FaFMJ,Mk05.txt,4,306.0,33.6254,299.0,2.3411
FaFMJ,Mk05.txt,5,306.0,36.0623,299.0,2.3411
FaFMJ,Mk06.txt,1,108.0,52.6895,109.0,-0.9174
FaFMJ,Mk06.txt,2,108.0,52.4736,109.0,-0.9174
FaFMJ,Mk06.txt,3,108.0,51.8156,109.0,-0.9174
FaFMJ,Mk06.txt,4,108.0,58.5205,109.0,-0.9174
FaFMJ,Mk06.txt,5,108.0,60.4295,109.0,-0.9174
FaFMJ,Mk07.txt,1,239.0,49.0521,222.0,7.6577
FaFMJ,Mk07.txt,2,239.0,48.966,222.0,7.6577
FaFMJ,Mk07.txt,3,239.0,49.0178,222.0,7.6577
FaFMJ,Mk07.txt,4,239.0,50.6616,222.0,7.6577
FaFMJ,Mk07.txt,5,239.0,56.5656,222.0,7.6577
FaFMJ,Mk08.txt,1,628.0,46.221,624.0,0.641
FaFMJ,Mk08.txt,2,628.0,41.7454,624.0,0.641
FaFMJ,Mk08.txt,3,628.0,41.4413,624.0,0.641
FaFMJ,Mk08.txt,4,628.0,41.3683,624.0,0.641
FaFMJ,Mk08.txt,5,628.0,47.9244,624.0,0.641
FaFMJ,Mk09.txt,1,489.0,85.9921,479.0,2.0877
FaFMJ,Mk09.txt,2,489.0,79.2548,479.0,2.0877
FaFMJ,Mk09.txt,3,489.0,78.6761,479.0,2.0877
FaFMJ,Mk09.txt,4,489.0,92.064,479.0,2.0877
FaFMJ,Mk09.txt,5,489.0,90.1452,479.0,2.0877
FaFMJ,Mk10.txt,1,338.0,65.7506,326.0,3.681
FaFMJ,Mk10.txt,2,338.0,66.6569,326.0,3.681
FaFMJ,Mk10.txt,3,338.0,69.1996,326.0,3.681
FaFMJ,Mk10.txt,4,338.0,78.8476,326.0,3.681
FaFMJ,Mk10.txt,5,338.0,77.0199,326.0,3.681
FaFMJ,wfjsp10_1.txt,1,840.0,22.3585,781.0,7.5544
FaFMJ,wfjsp10_1.txt,2,840.0,20.4661,781.0,7.5544
FaFMJ,wfjsp10_1.txt,3,840.0,19.519,781.0,7.5544
FaFMJ,wfjsp10_1.txt,4,840.0,20.0781,781.0,7.5544
FaFMJ,wfjsp10_1.txt,5,840.0,21.1208,781.0,7.5544
FaFMJ,wfjsp10_10.txt,1,904.0,36.5362,859.0,5.2386
FaFMJ,wfjsp10_10.txt,2,904.0,31.3013,859.0,5.2386
FaFMJ,wfjsp10_10.txt,3,904.0,32.4124,859.0,5.2386
FaFMJ,wfjsp10_10.txt,4,904.0,31.8133,859.0,5.2386
FaFMJ,wfjsp10_10.txt,5,904.0,34.8245,859.0,5.2386
FaFMJ,wfjsp10_2.txt,1,866.0,63.4894,836.0,3.5885
FaFMJ,wfjsp10_2.txt,2,866.0,56.2992,836.0,3.5885
FaFMJ,wfjsp10_2.txt,3,866.0,57.6044,836.0,3.5885
FaFMJ,wfjsp10_2.txt,4,866.0,58.7688,836.0,3.5885
FaFMJ,wfjsp10_2.txt,5,866.0,59.6665,836.0,3.5885
FaFMJ,wfjsp10_3.txt,1,954.0,73.7797,923.0,3.3586
FaFMJ,wfjsp10_3.txt,2,954.0,82.7028,923.0,3.3586
FaFMJ,wfjsp10_3.txt,3,954.0,75.7796,923.0,3.3586
FaFMJ,wfjsp10_3.txt,4,954.0,77.544,923.0,3.3586
FaFMJ,wfjsp10_3.txt,5,954.0,87.9124,923.0,3.3586
FaFMJ,wfjsp10_4.txt,1,918.0,29.8275,873.0,5.1546
FaFMJ,wfjsp10_4.txt,2,918.0,29.4336,873.0,5.1546
FaFMJ,wfjsp10_4.txt,3,918.0,28.231,873.0,5.1546
FaFMJ,wfjsp10_4.txt,4,918.0,26.7504,873.0,5.1546
FaFMJ,wfjsp10_4.txt,5,918.0,31.8195,873.0,5.1546
FaFMJ,wfjsp10_5.txt,1,794.0,21.1457,733.0,8.322
FaFMJ,wfjsp10_5.txt,2,794.0,20.6561,733.0,8.322
FaFMJ,wfjsp10_5.txt,3,794.0,20.1313,733.0,8.322
FaFMJ,wfjsp10_5.txt,4,794.0,18.2079,733.0,8.322
FaFMJ,wfjsp10_5.txt,5,794.0,21.6857,733.0,8.322
FaFMJ,wfjsp10_6.txt,1,996.0,22.3696,896.0,11.1607
FaFMJ,wfjsp10_6.txt,2,996.0,22.688,896.0,11.1607
FaFMJ,wfjsp10_6.txt,3,996.0,23.6015,896.0,11.1607
FaFMJ,wfjsp10_6.txt,4,996.0,21.4359,896.0,11.1607
FaFMJ,wfjsp10_6.txt,5,996.0,25.5176,896.0,11.1607
FaFMJ,wfjsp10_7.txt,1,888.0,43.7475,819.0,8.4249
FaFMJ,wfjsp10_7.txt,2,888.0,42.7917,819.0,8.4249
FaFMJ,wfjsp10_7.txt,3,888.0,41.8738,819.0,8.4249
FaFMJ,wfjsp10_7.txt,4,888.0,38.0442,819.0,8.4249
FaFMJ,wfjsp10_7.txt,5,888.0,42.5992,819.0,8.4249
FaFMJ,wfjsp10_8.txt,1,896.0,22.3731,824.0,8.7379
FaFMJ,wfjsp10_8.txt,2,896.0,20.53,824.0,8.7379
FaFMJ,wfjsp10_8.txt,3,896.0,20.0689,824.0,8.7379
FaFMJ,wfjsp10_8.txt,4,896.0,21.817,824.0,8.7379
FaFMJ,wfjsp10_8.txt,5,896.0,20.4465,824.0,8.7379
FaFMJ,wfjsp10_9.txt,1,873.0,38.3891,803.0,8.7173
FaFMJ,wfjsp10_9.txt,2,873.0,33.7882,803.0,8.7173
FaFMJ,wfjsp10_9.txt,3,873.0,33.3033,803.0,8.7173
FaFMJ,wfjsp10_9.txt,4,873.0,32.5981,803.0,8.7173
FaFMJ,wfjsp10_9.txt,5,873.0,33.28,803.0,8.7173
FaFMJ,wfjsp11_1.txt,1,1022.0,54.4243,969.0,5.4696
FaFMJ,wfjsp11_1.txt,2,1022.0,51.767,969.0,5.4696
FaFMJ,wfjsp11_1.txt,3,1022.0,48.3328,969.0,5.4696
FaFMJ,wfjsp11_1.txt,4,1022.0,47.9487,969.0,5.4696
FaFMJ,wfjsp11_1.txt,5,1022.0,51.7786,969.0,5.4696
FaFMJ,wfjsp11_10.txt,1,1121.0,83.5733,1091.0,2.7498
FaFMJ,wfjsp11_10.txt,2,1121.0,74.9849,1091.0,2.7498
FaFMJ,wfjsp11_10.txt,3,1121.0,68.4383,1091.0,2.7498
FaFMJ,wfjsp11_10.txt,4,1121.0,75.0037,1091.0,2.7498
FaFMJ,wfjsp11_10.txt,5,1121.0,73.7859,1091.0,2.7498
FaFMJ,wfjsp11_2.txt,1,1226.0,105.321,1184.0,3.5473
FaFMJ,wfjsp11_2.txt,2,1226.0,103.213,1184.0,3.5473
FaFMJ,wfjsp11_2.txt,3,1226.0,94.2172,1184.0,3.5473
FaFMJ,wfjsp11_2.txt,4,1226.0,92.1164,1184.0,3.5473
FaFMJ,wfjsp11_2.txt,5,1226.0,103.108,1184.0,3.5473
FaFMJ,wfjsp11_3.txt,1,1232.0,67.9949,1149.0,7.2237
FaFMJ,wfjsp11_3.txt,2,1232.0,59.7149,1149.0,7.2237
FaFMJ,wfjsp11_3.txt,3,1232.0,64.7413,1149.0,7.2237
FaFMJ,wfjsp11_3.txt,4,1232.0,70.314,1149.0,7.2237
FaFMJ,wfjsp11_3.txt,5,1232.0,66.5311,1149.0,7.2237
FaFMJ,wfjsp11_4.txt,1,1191.0,97.8104,1135.0,4.9339
FaFMJ,wfjsp11_4.txt,2,1191.0,93.5862,1135.0,4.9339
FaFMJ,wfjsp11_4.txt,3,1191.0,91.4152,1135.0,4.9339
FaFMJ,wfjsp11_4.txt,4,1191.0,95.351,1135.0,4.9339
FaFMJ,wfjsp11_4.txt,5,1191.0,96.3427,1135.0,4.9339
FaFMJ,wfjsp11_5.txt,1,1255.0,57.235,1180.0,6.3559
FaFMJ,wfjsp11_5.txt,2,1255.0,56.2644,1180.0,6.3559
FaFMJ,wfjsp11_5.txt,3,1255.0,54.359,1180.0,6.3559
FaFMJ,wfjsp11_5.txt,4,1255.0,56.3957,1180.0,6.3559
FaFMJ,wfjsp11_5.txt,5,1255.0,58.9349,1180.0,6.3559
FaFMJ,wfjsp11_6.txt,1,1021.0,33.6064,937.0,8.9648
FaFMJ,wfjsp11_6.txt,2,1021.0,36.8699,937.0,8.9648
FaFMJ,wfjsp11_6.txt,3,1021.0,36.1899,937.0,8.9648
FaFMJ,wfjsp11_6.txt,4,1021.0,38.0014,937.0,8.9648
FaFMJ,wfjsp11_6.txt,5,1021.0,38.1471,937.0,8.9648
FaFMJ,wfjsp11_7.txt,1,1051.0,81.1555,1015.0,3.5468
FaFMJ,wfjsp11_7.txt,2,1051.0,77.7587,1015.0,3.5468
FaFMJ,wfjsp11_7.txt,3,1051.0,69.6538,1015.0,3.5468
FaFMJ,wfjsp11_7.txt,4,1051.0,78.8068,1015.0,3.5468
FaFMJ,wfjsp11_7.txt,5,1051.0,73.0506,1015.0,3.5468
FaFMJ,wfjsp11_8.txt,1,1060.0,95.4247,1032.0,2.7132
FaFMJ,wfjsp11_8.txt,2,1060.0,96.6643,1032.0,2.7132
FaFMJ,wfjsp11_8.txt,3,1060.0,81.7518,1032.0,2.7132
FaFMJ,wfjsp11_8.txt,4,1060.0,94.1995,1032.0,2.7132
FaFMJ,wfjsp11_8.txt,5,1060.0,82.595,1032.0,2.7132
FaFMJ,wfjsp11_9.txt,1,1215.0,49.2995,1136.0,6.9542
FaFMJ,wfjsp11_9.txt,2,1215.0,43.6554,1136.0,6.9542
FaFMJ,wfjsp11_9.txt,3,1215.0,44.0885,1136.0,6.9542
FaFMJ,wfjsp11_9.txt,4,1215.0,51.4654,1136.0,6.9542
FaFMJ,wfjsp11_9.txt,5,1215.0,46.9249,1136.0,6.9542
FaFMJ,wfjsp12_1.txt,1,954.0,78.8305,896.0,6.4732
FaFMJ,wfjsp12_1.txt,2,954.0,77.1559,896.0,6.4732
FaFMJ,wfjsp12_1.txt,3,954.0,68.1247,896.0,6.4732
FaFMJ,wfjsp12_1.txt,4,954.0,74.961,896.0,6.4732
FaFMJ,wfjsp12_1.txt,5,954.0,77.9248,896.0,6.4732
FaFMJ,wfjsp12_10.txt,1,1125.0,100.152,1099.0,2.3658
FaFMJ,wfjsp12_10.txt,2,1125.0,99.5141,1099.0,2.3658
FaFMJ,wfjsp12_10.txt,3,1125.0,89.8742,1099.0,2.3658
FaFMJ,wfjsp12_10.txt,4,1125.0,102.852,1099.0,2.3658
FaFMJ,wfjsp12_10.txt,5,1125.0,96.1571,1099.0,2.3658
FaFMJ,wfjsp12_2.txt,1,1033.0,82.8963,997.0,3.6108
FaFMJ,wfjsp12_2.txt,2,1033.0,91.6993,997.0,3.6108
FaFMJ,wfjsp12_2.txt,3,1033.0,86.3593,997.0,3.6108
FaFMJ,wfjsp12_2.txt,4,1033.0,90.2041,997.0,3.6108
FaFMJ,wfjsp12_2.txt,5,1033.0,93.8285,997.0,3.6108
FaFMJ,wfjsp12_3.txt,1,1135.0,125.115,1103.0,2.9012
FaFMJ,wfjsp12_3.txt,2,1135.0,124.972,1103.0,2.9012
FaFMJ,wfjsp12_3.txt,3,1135.0,112.688,1103.0,2.9012
FaFMJ,wfjsp12_3.txt,4,1135.0,108.321,1103.0,2.9012
FaFMJ,wfjsp12_3.txt,5,1135.0,123.102,1103.0,2.9012
FaFMJ,wfjsp12_4.txt,1,1051.0,126.979,1027.0,2.3369
FaFMJ,wfjsp12_4.txt,2,1051.0,127.691,1027.0,2.3369
FaFMJ,wfjsp12_4.txt,3,1051.0,132.709,1027.0,2.3369
FaFMJ,wfjsp12_4.txt,4,1051.0,136.778,1027.0,2.3369
FaFMJ,wfjsp12_4.txt,5,1051.0,145.042,1027.0,2.3369
FaFMJ,wfjsp12_5.txt,1,905.0,103.893,869.0,4.1427
FaFMJ,wfjsp12_5.txt,2,905.0,98.5969,869.0,4.1427
FaFMJ,wfjsp12_5.txt,3,905.0,94.2944,869.0,4.1427
FaFMJ,wfjsp12_5.txt,4,905.0,96.3101,869.0,4.1427
FaFMJ,wfjsp12_5.txt,5,905.0,102.957,869.0,4.1427
FaFMJ,wfjsp12_6.txt,1,1166.0,284.583,1134.0,2.8219
FaFMJ,wfjsp12_6.txt,2,1166.0,274.416,1134.0,2.8219
FaFMJ,wfjsp12_6.txt,3,1166.0,262.887,1134.0,2.8219
FaFMJ,wfjsp12_6.txt,4,1166.0,274.735,1134.0,2.8219
FaFMJ,wfjsp12_6.txt,5,1166.0,283.267,1134.0,2.8219
FaFMJ,wfjsp12_7.txt,1,1054.0,208.746,1018.0,3.5363
FaFMJ,wfjsp12_7.txt,2,1054.0,178.097,1018.0,3.5363
FaFMJ,wfjsp12_7.txt,3,1054.0,201.246,1018.0,3.5363
FaFMJ,wfjsp12_7.txt,4,1054.0,197.788,1018.0,3.5363
FaFMJ,wfjsp12_7.txt,5,1054.0,206.829,1018.0,3.5363
FaFMJ,wfjsp12_8.txt,1,1020.0,290.375,980.0,4.0816
FaFMJ,wfjsp12_8.txt,2,1020.0,283.107,980.0,4.0816
FaFMJ,wfjsp12_8.txt,3,1020.0,273.848,980.0,4.0816
FaFMJ,wfjsp12_8.txt,4,1020.0,274.689,980.0,4.0816
FaFMJ,wfjsp12_8.txt,5,1020.0,282.343,980.0,4.0816
FaFMJ,wfjsp12_9.txt,1,1037.0,123.915,995.0,4.2211
FaFMJ,wfjsp12_9.txt,2,1037.0,130.896,995.0,4.2211
FaFMJ,wfjsp12_9.txt,3,1037.0,117.546,995.0,4.2211
FaFMJ,wfjsp12_9.txt,4,1037.0,131.299,995.0,4.2211
FaFMJ,wfjsp12_9.txt,5,1037.0,125.963,995.0,4.2211
FaFMJ,wfjsp13_1.txt,1,886.0,211.714,866.0,2.3095
FaFMJ,wfjsp13_1.txt,2,886.0,199.892,866.0,2.3095
FaFMJ,wfjsp13_1.txt,3,886.0,183.925,866.0,2.3095
FaFMJ,wfjsp13_1.txt,4,886.0,179.455,866.0,2.3095
FaFMJ,wfjsp13_1.txt,5,886.0,192.463,866.0,2.3095
FaFMJ,wfjsp13_10.txt,1,961.0,202.317,916.0,4.9127
FaFMJ,wfjsp13_10.txt,2,961.0,215.842,916.0,4.9127
FaFMJ,wfjsp13_10.txt,3,961.0,209.956,916.0,4.9127
FaFMJ,wfjsp13_10.txt,4,961.0,209.779,916.0,4.9127
FaFMJ,wfjsp13_10.txt,5,961.0,201.688,916.0,4.9127
FaFMJ,wfjsp13_2.txt,1,1004.0,144.835,962.0,4.3659
FaFMJ,wfjsp13_2.txt,2,1004.0,141.254,962.0,4.3659
FaFMJ,wfjsp13_2.txt,3,1004.0,141.435,962.0,4.3659
FaFMJ,wfjsp13_2.txt,4,1004.0,131.113,962.0,4.3659
FaFMJ,wfjsp13_2.txt,5,1004.0,145.347,962.0,4.3659
FaFMJ,wfjsp13_3.txt,1,940.0,91.9303,883.0,6.4553
FaFMJ,wfjsp13_3.txt,2,940.0,92.4384,883.0,6.4553
FaFMJ,wfjsp13_3.txt,3,940.0,85.3779,883.0,6.4553
FaFMJ,wfjsp13_3.txt,4,940.0,83.876,883.0,6.4553
FaFMJ,wfjsp13_3.txt,5,940.0,89.3739,883.0,6.4553
FaFMJ,wfjsp13_4.txt,1,923.0,218.498,908.0,1.652
FaFMJ,wfjsp13_4.txt,2,923.0,210.677,908.0,1.652
FaFMJ,wfjsp13_4.txt,3,923.0,204.315,908.0,1.652
FaFMJ,wfjsp13_4.txt,4,923.0,192.003,908.0,1.652
FaFMJ,wfjsp13_4.txt,5,923.0,207.696,908.0,1.652
FaFMJ,wfjsp13_5.txt,1,847.0,125.936,809.0,4.6972
FaFMJ,wfjsp13_5.txt,2,847.0,140.078,809.0,4.6972
FaFMJ,wfjsp13_5.txt,3,847.0,138.834,809.0,4.6972
FaFMJ,wfjsp13_5.txt,4,847.0,130.5,809.0,4.6972
FaFMJ,wfjsp13_5.txt,5,847.0,140.271,809.0,4.6972
FaFMJ,wfjsp13_6.txt,1,1038.0,99.4952,988.0,5.0607
FaFMJ,wfjsp13_6.txt,2,1038.0,102.869,988.0,5.0607
FaFMJ,wfjsp13_6.txt,3,1038.0,103.138,988.0,5.0607
FaFMJ,wfjsp13_6.txt,4,1038.0,107.731,988.0,5.0607
FaFMJ,wfjsp13_6.txt,5,1038.0,119.525,988.0,5.0607
FaFMJ,wfjsp13_7.txt,1,885.0,263.77,875.0,1.1429
FaFMJ,wfjsp13_7.txt,2,885.0,244.904,875.0,1.1429
FaFMJ,wfjsp13_7.txt,3,885.0,253.857,875.0,1.1429
FaFMJ,wfjsp13_7.txt,4,885.0,257.117,875.0,1.1429
FaFMJ,wfjsp13_7.txt,5,885.0,252.654,875.0,1.1429
FaFMJ,wfjsp13_8.txt,1,932.0,158.243,899.0,3.6707
FaFMJ,wfjsp13_8.txt,2,932.0,143.354,899.0,3.6707
FaFMJ,wfjsp13_8.txt,3,932.0,150.853,899.0,3.6707
FaFMJ,wfjsp13_8.txt,4,932.0,159.156,899.0,3.6707
FaFMJ,wfjsp13_8.txt,5,932.0,155.0,899.0,3.6707
FaFMJ,wfjsp13_9.txt,1,979.0,247.987,967.0,1.241
FaFMJ,wfjsp13_9.txt,2,979.0,244.574,967.0,1.241
FaFMJ,wfjsp13_9.txt,3,979.0,245.328,967.0,1.241
FaFMJ,wfjsp13_9.txt,4,979.0,247.257,967.0,1.241
FaFMJ,wfjsp13_9.txt,5,979.0,243.46,967.0,1.241
FaFMJ,wfjsp14_1.txt,1,768.0,283.331,745.0,3.0872
FaFMJ,wfjsp14_1.txt,2,768.0,269.042,745.0,3.0872
FaFMJ,wfjsp14_1.txt,3,768.0,225.47,745.0,3.0872
FaFMJ,wfjsp14_1.txt,4,768.0,260.941,745.0,3.0872
FaFMJ,wfjsp14_1.txt,5,768.0,250.314,745.0,3.0872
FaFMJ,wfjsp14_10.txt,1,911.0,99.8927,878.0,3.7585
FaFMJ,wfjsp14_10.txt,2,911.0,99.3469,878.0,3.7585
FaFMJ,wfjsp14_10.txt,3,911.0,109.033,878.0,3.7585
FaFMJ,wfjsp14_10.txt,4,911.0,104.851,878.0,3.7585
FaFMJ,wfjsp14_10.txt,5,911.0,118.448,878.0,3.7585
FaFMJ,wfjsp14_2.txt,1,829.0,72.6344,793.0,4.5397
FaFMJ,wfjsp14_2.txt,2,829.0,83.7818,793.0,4.5397
FaFMJ,wfjsp14_2.txt,3,829.0,70.4459,793.0,4.5397
FaFMJ,wfjsp14_2.txt,4,829.0,83.3022,793.0,4.5397
FaFMJ,wfjsp14_2.txt,5,829.0,72.9888,793.0,4.5397
FaFMJ,wfjsp14_3.txt,1,896.0,80.5776,848.0,5.6604
FaFMJ,wfjsp14_3.txt,2,896.0,88.4504,848.0,5.6604
FaFMJ,wfjsp14_3.txt,3,896.0,84.2541,848.0,5.6604
FaFMJ,wfjsp14_3.txt,4,896.0,94.7602,848.0,5.6604
FaFMJ,wfjsp14_3.txt,5,896.0,96.0785,848.0,5.6604
FaFMJ,wfjsp14_4.txt,1,831.0,456.947,806.0,3.1017
FaFMJ,wfjsp14_4.txt,2,831.0,454.21,806.0,3.1017
FaFMJ,wfjsp14_4.txt,3,831.0,417.605,806.0,3.1017
FaFMJ,wfjsp14_4.txt,4,831.0,480.498,806.0,3.1017
FaFMJ,wfjsp14_4.txt,5,831.0,476.474,806.0,3.1017
FaFMJ,wfjsp14_5.txt,1,755.0,72.8089,715.0,5.5944
FaFMJ,wfjsp14_5.txt,2,755.0,67.8639,715.0,5.5944
FaFMJ,wfjsp14_5.txt,3,755.0,63.6598,715.0,5.5944
FaFMJ,wfjsp14_5.txt,4,755.0,71.9668,715.0,5.5944
FaFMJ,wfjsp14_5.txt,5,755.0,73.1587,715.0,5.5944
FaFMJ,wfjsp14_6.txt,1,951.0,292.957,913.0,4.1621
FaFMJ,wfjsp14_6.txt,2,951.0,267.716,913.0,4.1621
FaFMJ,wfjsp14_6.txt,3,951.0,272.567,913.0,4.1621
FaFMJ,wfjsp14_6.txt,4,951.0,307.972,913.0,4.1621
FaFMJ,wfjsp14_6.txt,5,951.0,289.466,913.0,4.1621
FaFMJ,wfjsp14_7.txt,1,864.0,175.122,826.0,4.6005
FaFMJ,wfjsp14_7.txt,2,864.0,151.479,826.0,4.6005
FaFMJ,wfjsp14_7.txt,3,864.0,162.955,826.0,4.6005
FaFMJ,wfjsp14_7.txt,4,864.0,156.736,826.0,4.6005
FaFMJ,wfjsp14_7.txt,5,864.0,156.272,826.0,4.6005
FaFMJ,wfjsp14_8.txt,1,810.0,174.235,782.0,3.5806
FaFMJ,wfjsp14_8.txt,2,810.0,197.48,782.0,3.5806
FaFMJ,wfjsp14_8.txt,3,810.0,199.591,782.0,3.5806
FaFMJ,wfjsp14_8.txt,4,810.0,186.872,782.0,3.5806
FaFMJ,wfjsp14_8.txt,5,810.0,188.403,782.0,3.5806
FaFMJ,wfjsp14_9.txt,1,810.0,223.491,793.0,2.1438
FaFMJ,wfjsp14_9.txt,2,810.0,187.94,793.0,2.1438
FaFMJ,wfjsp14_9.txt,3,810.0,230.04,793.0,2.1438
FaFMJ,wfjsp14_9.txt,4,810.0,211.53,793.0,2.1438
FaFMJ,wfjsp14_9.txt,5,810.0,225.9,793.0,2.1438
FaFMJ,wfjsp15_1.txt,1,1292.0,473.792,1259.0,2.6211
FaFMJ,wfjsp15_1.txt,2,1292.0,392.763,1259.0,2.6211
FaFMJ,wfjsp15_1.txt,3,1292.0,432.911,1259.0,2.6211
FaFMJ,wfjsp15_1.txt,4,1292.0,448.84,1259.0,2.6211
FaFMJ,wfjsp15_1.txt,5,1292.0,459.529,1259.0,2.6211
FaFMJ,wfjsp15_10.txt,1,1442.0,790.168,1415.0,1.9081
FaFMJ,wfjsp15_10.txt,2,1442.0,816.311,1415.0,1.9081
FaFMJ,wfjsp15_10.txt,3,1442.0,857.303,1415.0,1.9081
FaFMJ,wfjsp15_10.txt,4,1442.0,812.79,1415.0,1.9081
FaFMJ,wfjsp15_10.txt,5,1442.0,835.528,1415.0,1.9081
FaFMJ,wfjsp15_2.txt,1,1331.0,667.894,1314.0,1.2938
FaFMJ,wfjsp15_2.txt,2,1331.0,608.249,1314.0,1.2938
FaFMJ,wfjsp15_2.txt,3,1331.0,684.878,1314.0,1.2938
FaFMJ,wfjsp15_2.txt,4,1331.0,699.127,1314.0,1.2938
FaFMJ,wfjsp15_2.txt,5,1331.0,709.198,1314.0,1.2938
FaFMJ,wfjsp15_3.txt,1,1405.0,740.562,1376.0,2.1076
FaFMJ,wfjsp15_3.txt,2,1405.0,753.932,1376.0,2.1076
FaFMJ,wfjsp15_3.txt,3,1405.0,729.274,1376.0,2.1076
FaFMJ,wfjsp15_3.txt,4,1405.0,745.671,1376.0,2.1076
FaFMJ,wfjsp15_3.txt,5,1405.0,756.987,1376.0,2.1076
FaFMJ,wfjsp15_4.txt,1,1345.0,434.236,1308.0,2.8287
FaFMJ,wfjsp15_4.txt,2,1345.0,496.972,1308.0,2.8287
FaFMJ,wfjsp15_4.txt,3,1345.0,472.112,1308.0,2.8287
FaFMJ,wfjsp15_4.txt,4,1345.0,483.593,1308.0,2.8287
FaFMJ,wfjsp15_4.txt,5,1345.0,491.657,1308.0,2.8287
FaFMJ,wfjsp15_5.txt,1,1234.0,1166.5,1198.0,3.005
FaFMJ,wfjsp15_5.txt,2,1234.0,995.475,1198.0,3.005
FaFMJ,wfjsp15_5.txt,3,1234.0,1120.6,1198.0,3.005
FaFMJ,wfjsp15_5.txt,4,1234.0,1112.47,1198.0,3.005
FaFMJ,wfjsp15_5.txt,5,1234.0,1149.5,1198.0,3.005
FaFMJ,wfjsp15_6.txt,1,1556.0,702.778,1510.0,3.0464
FaFMJ,wfjsp15_6.txt,2,1556.0,780.872,1510.0,3.0464
FaFMJ,wfjsp15_6.txt,3,1556.0,791.181,1510.0,3.0464
FaFMJ,wfjsp15_6.txt,4,1556.0,801.975,1510.0,3.0464
FaFMJ,wfjsp15_6.txt,5,1556.0,822.639,1510.0,3.0464
FaFMJ,wfjsp15_7.txt,1,1386.0,488.573,1328.0,4.3675
FaFMJ,wfjsp15_7.txt,2,1386.0,512.489,1328.0,4.3675
FaFMJ,wfjsp15_7.txt,3,1386.0,510.273,1328.0,4.3675
FaFMJ,wfjsp15_7.txt,4,1386.0,527.28,1328.0,4.3675
FaFMJ,wfjsp15_7.txt,5,1386.0,529.507,1328.0,4.3675
FaFMJ,wfjsp15_8.txt,1,1361.0,288.869,1327.0,2.5622
FaFMJ,wfjsp15_8.txt,2,1361.0,265.923,1327.0,2.5622
FaFMJ,wfjsp15_8.txt,3,1361.0,287.503,1327.0,2.5622
FaFMJ,wfjsp15_8.txt,4,1361.0,297.366,1327.0,2.5622
FaFMJ,wfjsp15_8.txt,5,1361.0,299.818,1327.0,2.5622
FaFMJ,wfjsp15_9.txt,1,1345.0,956.817,1328.0,1.2801
FaFMJ,wfjsp15_9.txt,2,1345.0,946.479,1328.0,1.2801
FaFMJ,wfjsp15_9.txt,3,1345.0,956.26,1328.0,1.2801
FaFMJ,wfjsp15_9.txt,4,1345.0,968.283,1328.0,1.2801
FaFMJ,wfjsp15_9.txt,5,1345.0,990.163,1328.0,1.2801
FaFMJ,wfjsp16_1.txt,1,1001.0,409.358,995.0,0.603
FaFMJ,wfjsp16_1.txt,2,1001.0,422.255,995.0,0.603
FaFMJ,wfjsp16_1.txt,3,1001.0,415.043,995.0,0.603
FaFMJ,wfjsp16_1.txt,4,1001.0,447.975,995.0,0.603
FaFMJ,wfjsp16_1.txt,5,1001.0,398.223,995.0,0.603
FaFMJ,wfjsp16_10.txt,1,1157.0,478.039,1145.0,1.048
FaFMJ,wfjsp16_10.txt,2,1157.0,442.549,1145.0,1.048
FaFMJ,wfjsp16_10.txt,3,1157.0,478.159,1145.0,1.048
FaFMJ,wfjsp16_10.txt,4,1157.0,527.333,1145.0,1.048
FaFMJ,wfjsp16_10.txt,5,1157.0,488.297,1145.0,1.048
FaFMJ,wfjsp16_2.txt,1,1045.0,385.628,1011.0,3.363
FaFMJ,wfjsp16_2.txt,2,1045.0,368.494,1011.0,3.363
FaFMJ,wfjsp16_2.txt,3,1045.0,369.802,1011.0,3.363
FaFMJ,wfjsp16_2.txt,4,1045.0,420.364,1011.0,3.363
FaFMJ,wfjsp16_2.txt,5,1045.0,392.695,1011.0,3.363
FaFMJ,wfjsp16_3.txt,1,1112.0,372.891,1097.0,1.3674
FaFMJ,wfjsp16_3.txt,2,1112.0,380.863,1097.0,1.3674
FaFMJ,wfjsp16_3.txt,3,1112.0,383.361,1097.0,1.3674
FaFMJ,wfjsp16_3.txt,4,1112.0,430.484,1097.0,1.3674
FaFMJ,wfjsp16_3.txt,5,1112.0,403.77,1097.0,1.3674
FaFMJ,wfjsp16_4.txt,1,1114.0,412.083,1074.0,3.7244
FaFMJ,wfjsp16_4.txt,2,1114.0,403.328,1074.0,3.7244
FaFMJ,wfjsp16_4.txt,3,1114.0,416.476,1074.0,3.7244
FaFMJ,wfjsp16_4.txt,4,1114.0,466.657,1074.0,3.7244
FaFMJ,wfjsp16_4.txt,5,1114.0,438.091,1074.0,3.7244
FaFMJ,wfjsp16_5.txt,1,935.0,421.966,904.0,3.4292
FaFMJ,wfjsp16_5.txt,2,935.0,457.815,904.0,3.4292
FaFMJ,wfjsp16_5.txt,3,935.0,461.678,904.0,3.4292
FaFMJ,wfjsp16_5.txt,4,935.0,511.957,904.0,3.4292
FaFMJ,wfjsp16_5.txt,5,935.0,484.368,904.0,3.4292
FaFMJ,wfjsp16_6.txt,1,1256.0,307.027,1222.0,2.7823
FaFMJ,wfjsp16_6.txt,2,1256.0,303.286,1222.0,2.7823
FaFMJ,wfjsp16_6.txt,3,1256.0,285.904,1222.0,2.7823
FaFMJ,wfjsp16_6.txt,4,1256.0,321.533,1222.0,2.7823
FaFMJ,wfjsp16_6.txt,5,1256.0,284.65,1222.0,2.7823
FaFMJ,wfjsp16_7.txt,1,1115.0,376.982,1094.0,1.9196
FaFMJ,wfjsp16_7.txt,2,1115.0,341.211,1094.0,1.9196
FaFMJ,wfjsp16_7.txt,3,1115.0,371.444,1094.0,1.9196
FaFMJ,wfjsp16_7.txt,4,1115.0,417.893,1094.0,1.9196
FaFMJ,wfjsp16_7.txt,5,1115.0,376.037,1094.0,1.9196
FaFMJ,wfjsp16_8.txt,1,1072.0,238.537,1049.0,2.1926
FaFMJ,wfjsp16_8.txt,2,1072.0,231.916,1049.0,2.1926
FaFMJ,wfjsp16_8.txt,3,1072.0,224.007,1049.0,2.1926
FaFMJ,wfjsp16_8.txt,4,1072.0,266.754,1049.0,2.1926
FaFMJ,wfjsp16_8.txt,5,1072.0,238.095,1049.0,2.1926
FaFMJ,wfjsp16_9.txt,1,1074.0,359.015,1055.0,1.8009
FaFMJ,wfjsp16_9.txt,2,1074.0,335.032,1055.0,1.8009
FaFMJ,wfjsp16_9.txt,3,1074.0,361.4,1055.0,1.8009
FaFMJ,wfjsp16_9.txt,4,1074.0,406.206,1055.0,1.8009
FaFMJ,wfjsp16_9.txt,5,1074.0,370.223,1055.0,1.8009
FaFMJ,wfjsp17_1.txt,1,1639.0,100.033,1585.0,3.4069
FaFMJ,wfjsp17_1.txt,2,1639.0,110.729,1585.0,3.4069
FaFMJ,wfjsp17_1.txt,3,1639.0,108.322,1585.0,3.4069
FaFMJ,wfjsp17_1.txt,4,1639.0,124.265,1585.0,3.4069
FaFMJ,wfjsp17_1.txt,5,1639.0,113.858,1585.0,3.4069
FaFMJ,wfjsp17_10.txt,1,1774.0,67.0184,1750.0,1.3714
FaFMJ,wfjsp17_10.txt,2,1774.0,70.5987,1750.0,1.3714
FaFMJ,wfjsp17_10.txt,3,1774.0,71.4458,1750.0,1.3714
FaFMJ,wfjsp17_10.txt,4,1774.0,78.9862,1750.0,1.3714
FaFMJ,wfjsp17_10.txt,5,1774.0,75.0069,1750.0,1.3714
FaFMJ,wfjsp17_2.txt,1,1782.0,98.1992,1731.0,2.9463
FaFMJ,wfjsp17_2.txt,2,1782.0,105.082,1731.0,2.9463
FaFMJ,wfjsp17_2.txt,3,1782.0,107.042,1731.0,2.9463
FaFMJ,wfjsp17_2.txt,4,1782.0,120.482,1731.0,2.9463
FaFMJ,wfjsp17_2.txt,5,1782.0,111.535,1731.0,2.9463
FaFMJ,wfjsp17_3.txt,1,1923.0,34.8178,1836.0,4.7386
FaFMJ,wfjsp17_3.txt,2,1923.0,38.1692,1836.0,4.7386
FaFMJ,wfjsp17_3.txt,3,1923.0,37.5869,1836.0,4.7386
FaFMJ,wfjsp17_3.txt,4,1923.0,43.2301,1836.0,4.7386
FaFMJ,wfjsp17_3.txt,5,1923.0,39.5328,1836.0,4.7386
FaFMJ,wfjsp17_4.txt,1,1721.0,64.3509,1670.0,3.0539
FaFMJ,wfjsp17_4.txt,2,1721.0,64.1144,1670.0,3.0539
FaFMJ,wfjsp17_4.txt,3,1721.0,60.1476,1670.0,3.0539
FaFMJ,wfjsp17_4.txt,4,1721.0,70.2049,1670.0,3.0539
FaFMJ,wfjsp17_4.txt,5,1721.0,65.4842,1670.0,3.0539
FaFMJ,wfjsp17_5.txt,1,1578.0,78.0256,1558.0,1.2837
FaFMJ,wfjsp17_5.txt,2,1578.0,69.7026,1558.0,1.2837
FaFMJ,wfjsp17_5.txt,3,1578.0,72.5715,1558.0,1.2837
FaFMJ,wfjsp17_5.txt,4,1578.0,84.7023,1558.0,1.2837
FaFMJ,wfjsp17_5.txt,5,1578.0,78.6693,1558.0,1.2837
FaFMJ,wfjsp17_6.txt,1,1744.0,72.5338,1708.0,2.1077
FaFMJ,wfjsp17_6.txt,2,1744.0,80.5974,1708.0,2.1077
FaFMJ,wfjsp17_6.txt,3,1744.0,71.1638,1708.0,2.1077
FaFMJ,wfjsp17_6.txt,4,1744.0,83.5037,1708.0,2.1077
FaFMJ,wfjsp17_6.txt,5,1744.0,77.1218,1708.0,2.1077
FaFMJ,wfjsp17_7.txt,1,1629.0,89.5287,1598.0,1.9399
FaFMJ,wfjsp17_7.txt,2,1629.0,97.3365,1598.0,1.9399
FaFMJ,wfjsp17_7.txt,3,1629.0,91.4937,1598.0,1.9399
FaFMJ,wfjsp17_7.txt,4,1629.0,101.226,1598.0,1.9399
FaFMJ,wfjsp17_7.txt,5,1629.0,93.7339,1598.0,1.9399
FaFMJ,wfjsp17_8.txt,1,1743.0,50.4114,1717.0,1.5143
FaFMJ,wfjsp17_8.txt,2,1743.0,56.9977,1717.0,1.5143
FaFMJ,wfjsp17_8.txt,3,1743.0,51.4687,1717.0,1.5143
FaFMJ,wfjsp17_8.txt,4,1743.0,56.4901,1717.0,1.5143
FaFMJ,wfjsp17_8.txt,5,1743.0,52.5087,1717.0,1.5143
FaFMJ,wfjsp17_9.txt,1,1657.0,104.799,1593.0,4.0176
FaFMJ,wfjsp17_9.txt,2,1657.0,109.834,1593.0,4.0176
FaFMJ,wfjsp17_9.txt,3,1657.0,106.201,1593.0,4.0176
FaFMJ,wfjsp17_9.txt,4,1657.0,117.882,1593.0,4.0176
FaFMJ,wfjsp17_9.txt,5,1657.0,108.83,1593.0,4.0176
FaFMJ,wfjsp18_1.txt,1,957.0,50.2532,929.0,3.014
FaFMJ,wfjsp18_1.txt,2,957.0,52.7852,929.0,3.014
FaFMJ,wfjsp18_1.txt,3,957.0,54.0122,929.0,3.014
FaFMJ,wfjsp18_1.txt,4,957.0,58.7762,929.0,3.014
FaFMJ,wfjsp18_1.txt,5,957.0,56.745,929.0,3.014
FaFMJ,wfjsp18_10.txt,1,1038.0,44.1847,1019.0,1.8646
FaFMJ,wfjsp18_10.txt,2,1038.0,41.1297,1019.0,1.8646
FaFMJ,wfjsp18_10.txt,3,1038.0,40.4315,1019.0,1.8646
FaFMJ,wfjsp18_10.txt,4,1038.0,47.0972,1019.0,1.8646
FaFMJ,wfjsp18_10.txt,5,1038.0,44.9417,1019.0,1.8646
FaFMJ,wfjsp18_2.txt,1,1032.0,33.0423,1010.0,2.1782
FaFMJ,wfjsp18_2.txt,2,1032.0,30.1398,1010.0,2.1782
FaFMJ,wfjsp18_2.txt,3,1032.0,31.6215,1010.0,2.1782
FaFMJ,wfjsp18_2.txt,4,1032.0,36.9806,1010.0,2.1782
FaFMJ,wfjsp18_2.txt,5,1032.0,35.63,1010.0,2.1782
FaFMJ,wfjsp18_3.txt,1,1146.0,71.1153,1120.0,2.3214
FaFMJ,wfjsp18_3.txt,2,1146.0,60.2124,1120.0,2.3214
FaFMJ,wfjsp18_3.txt,3,1146.0,63.3759,1120.0,2.3214
FaFMJ,wfjsp18_3.txt,4,1146.0,74.1726,1120.0,2.3214
FaFMJ,wfjsp18_3.txt,5,1146.0,71.4446,1120.0,2.3214
FaFMJ,wfjsp18_4.txt,1,1058.0,35.24,1037.0,2.0251
FaFMJ,wfjsp18_4.txt,2,1058.0,33.0821,1037.0,2.0251
FaFMJ,wfjsp18_4.txt,3,1058.0,31.0822,1037.0,2.0251
FaFMJ,wfjsp18_4.txt,4,1058.0,36.5301,1037.0,2.0251
FaFMJ,wfjsp18_4.txt,5,1058.0,34.822,1037.0,2.0251
FaFMJ,wfjsp18_5.txt,1,871.0,72.1759,854.0,1.9906
FaFMJ,wfjsp18_5.txt,2,871.0,66.388,854.0,1.9906
FaFMJ,wfjsp18_5.txt,3,871.0,67.3315,854.0,1.9906
FaFMJ,wfjsp18_5.txt,4,871.0,78.5647,854.0,1.9906
FaFMJ,wfjsp18_5.txt,5,871.0,74.7557,854.0,1.9906
FaFMJ,wfjsp18_6.txt,1,1109.0,54.1827,1084.0,2.3063
FaFMJ,wfjsp18_6.txt,2,1109.0,57.1232,1084.0,2.3063
FaFMJ,wfjsp18_6.txt,3,1109.0,50.3112,1084.0,2.3063
FaFMJ,wfjsp18_6.txt,4,1109.0,58.9764,1084.0,2.3063
FaFMJ,wfjsp18_6.txt,5,1109.0,55.8419,1084.0,2.3063
FaFMJ,wfjsp18_7.txt,1,1016.0,43.0832,1003.0,1.2961
FaFMJ,wfjsp18_7.txt,2,1016.0,40.4942,1003.0,1.2961
FaFMJ,wfjsp18_7.txt,3,1016.0,39.6987,1003.0,1.2961
FaFMJ,wfjsp18_7.txt,4,1016.0,46.8024,1003.0,1.2961
FaFMJ,wfjsp18_7.txt,5,1016.0,44.4676,1003.0,1.2961
FaFMJ,wfjsp18_8.txt,1,1012.0,60.0824,990.0,2.2222
FaFMJ,wfjsp18_8.txt,2,1012.0,64.3678,990.0,2.2222
FaFMJ,wfjsp18_8.txt,3,1012.0,63.2139,990.0,2.2222
FaFMJ,wfjsp18_8.txt,4,1012.0,74.2267,990.0,2.2222
FaFMJ,wfjsp18_8.txt,5,1012.0,70.4668,990.0,2.2222
FaFMJ,wfjsp18_9.txt,1,978.0,50.7531,944.0,3.6017
FaFMJ,wfjsp18_9.txt,2,978.0,54.7835,944.0,3.6017
FaFMJ,wfjsp18_9.txt,3,978.0,52.7336,944.0,3.6017
FaFMJ,wfjsp18_9.txt,4,978.0,61.6885,944.0,3.6017
FaFMJ,wfjsp18_9.txt,5,978.0,59.0384,944.0,3.6017
FaFMJ,wfjsp19_1.txt,1,1219.0,50.7303,1196.0,1.9231
FaFMJ,wfjsp19_1.txt,2,1219.0,47.1369,1196.0,1.9231
FaFMJ,wfjsp19_1.txt,3,1219.0,46.5824,1196.0,1.9231
FaFMJ,wfjsp19_1.txt,4,1219.0,54.6196,1196.0,1.9231
FaFMJ,wfjsp19_1.txt,5,1219.0,46.5761,1196.0,1.9231
FaFMJ,wfjsp19_10.txt,1,1362.0,95.1935,1351.0,0.8142
FaFMJ,wfjsp19_10.txt,2,1362.0,86.9315,1351.0,0.8142
FaFMJ,wfjsp19_10.txt,3,1362.0,82.3912,1351.0,0.8142
FaFMJ,wfjsp19_10.txt,4,1362.0,81.4599,1351.0,0.8142
FaFMJ,wfjsp19_10.txt,5,1362.0,87.8998,1351.0,0.8142
FaFMJ,wfjsp19_2.txt,1,1480.0,186.472,1471.0,0.6118
FaFMJ,wfjsp19_2.txt,2,1480.0,188.591,1471.0,0.6118
FaFMJ,wfjsp19_2.txt,3,1480.0,187.358,1471.0,0.6118
FaFMJ,wfjsp19_2.txt,4,1480.0,220.661,1471.0,0.6118
FaFMJ,wfjsp19_2.txt,5,1480.0,190.476,1471.0,0.6118
FaFMJ,wfjsp19_3.txt,1,1444.0,52.833,1406.0,2.7027
FaFMJ,wfjsp19_3.txt,2,1444.0,56.4285,1406.0,2.7027
FaFMJ,wfjsp19_3.txt,3,1444.0,53.2331,1406.0,2.7027
FaFMJ,wfjsp19_3.txt,4,1444.0,62.7849,1406.0,2.7027
FaFMJ,wfjsp19_3.txt,5,1444.0,57.6125,1406.0,2.7027
FaFMJ,wfjsp19_4.txt,1,1412.0,63.0944,1398.0,1.0014
FaFMJ,wfjsp19_4.txt,2,1412.0,65.7949,1398.0,1.0014
FaFMJ,wfjsp19_4.txt,3,1412.0,61.2697,1398.0,1.0014
FaFMJ,wfjsp19_4.txt,4,1412.0,72.0966,1398.0,1.0014
FaFMJ,wfjsp19_4.txt,5,1412.0,66.7553,1398.0,1.0014
FaFMJ,wfjsp19_5.txt,1,1443.0,147.796,1444.0,-0.0693
FaFMJ,wfjsp19_5.txt,2,1443.0,152.643,1444.0,-0.0693
FaFMJ,wfjsp19_5.txt,3,1443.0,141.995,1444.0,-0.0693
FaFMJ,wfjsp19_5.txt,4,1443.0,167.018,1444.0,-0.0693
FaFMJ,wfjsp19_5.txt,5,1443.0,154.664,1444.0,-0.0693
FaFMJ,wfjsp19_6.txt,1,1184.0,69.6779,1158.0,2.2453
FaFMJ,wfjsp19_6.txt,2,1184.0,70.3625,1158.0,2.2453
FaFMJ,wfjsp19_6.txt,3,1184.0,64.4032,1158.0,2.2453
FaFMJ,wfjsp19_6.txt,4,1184.0,76.2803,1158.0,2.2453
FaFMJ,wfjsp19_6.txt,5,1184.0,71.0301,1158.0,2.2453
FaFMJ,wfjsp19_7.txt,1,1248.0,99.9455,1236.0,0.9709
FaFMJ,wfjsp19_7.txt,2,1248.0,100.742,1236.0,0.9709
FaFMJ,wfjsp19_7.txt,3,1248.0,90.5943,1236.0,0.9709
FaFMJ,wfjsp19_7.txt,4,1248.0,110.057,1236.0,0.9709
FaFMJ,wfjsp19_7.txt,5,1248.0,99.9384,1236.0,0.9709
FaFMJ,wfjsp19_8.txt,1,1274.0,132.902,1250.0,1.92
FaFMJ,wfjsp19_8.txt,2,1274.0,124.909,1250.0,1.92
FaFMJ,wfjsp19_8.txt,3,1274.0,113.975,1250.0,1.92
FaFMJ,wfjsp19_8.txt,4,1274.0,138.133,1250.0,1.92
FaFMJ,wfjsp19_8.txt,5,1274.0,125.478,1250.0,1.92
FaFMJ,wfjsp19_9.txt,1,1421.0,116.239,1388.0,2.3775
FaFMJ,wfjsp19_9.txt,2,1421.0,106.283,1388.0,2.3775
FaFMJ,wfjsp19_9.txt,3,1421.0,99.9157,1388.0,2.3775
FaFMJ,wfjsp19_9.txt,4,1421.0,121.191,1388.0,2.3775
FaFMJ,wfjsp19_9.txt,5,1421.0,107.451,1388.0,2.3775
FaFMJ,wfjsp1_1.txt,1,278.0,0.994542,268.0,3.7313
FaFMJ,wfjsp1_1.txt,2,278.0,1.11999,268.0,3.7313
FaFMJ,wfjsp1_1.txt,3,278.0,1.07156,268.0,3.7313
FaFMJ,wfjsp1_1.txt,4,278.0,1.05116,268.0,3.7313
FaFMJ,wfjsp1_1.txt,5,278.0,1.07803,268.0,3.7313
FaFMJ,wfjsp1_10.txt,1,317.0,1.30947,316.0,0.3165
FaFMJ,wfjsp1_10.txt,2,317.0,1.34183,316.0,0.3165
FaFMJ,wfjsp1_10.txt,3,317.0,1.21571,316.0,0.3165
FaFMJ,wfjsp1_10.txt,4,317.0,1.30332,316.0,0.3165
FaFMJ,wfjsp1_10.txt,5,317.0,1.25001,316.0,0.3165
FaFMJ,wfjsp1_2.txt,1,287.0,0.862054,287.0,0.0
FaFMJ,wfjsp1_2.txt,2,287.0,0.970704,287.0,0.0
FaFMJ,wfjsp1_2.txt,3,287.0,0.874003,287.0,0.0
FaFMJ,wfjsp1_2.txt,4,287.0,0.906727,287.0,0.0
FaFMJ,wfjsp1_2.txt,5,287.0,0.994271,287.0,0.0
FaFMJ,wfjsp1_3.txt,1,347.0,1.0022,347.0,0.0
FaFMJ,wfjsp1_3.txt,2,347.0,1.0109,347.0,0.0
FaFMJ,wfjsp1_3.txt,3,347.0,0.913239,347.0,0.0
FaFMJ,wfjsp1_3.txt,4,347.0,0.948142,347.0,0.0
FaFMJ,wfjsp1_3.txt,5,347.0,0.945844,347.0,0.0
FaFMJ,wfjsp1_4.txt,1,327.0,1.18059,315.0,3.8095
FaFMJ,wfjsp1_4.txt,2,327.0,1.09532,315.0,3.8095
FaFMJ,wfjsp1_4.txt,3,327.0,1.00298,315.0,3.8095
FaFMJ,wfjsp1_4.txt,4,327.0,1.11627,315.0,3.8095
FaFMJ,wfjsp1_4.txt,5,327.0,1.1286,315.0,3.8095
FaFMJ,wfjsp1_5.txt,1,271.0,1.33756,265.0,2.2642
FaFMJ,wfjsp1_5.txt,2,271.0,1.3631,265.0,2.2642
FaFMJ,wfjsp1_5.txt,3,271.0,1.20026,265.0,2.2642
FaFMJ,wfjsp1_5.txt,4,271.0,1.36173,265.0,2.2642
FaFMJ,wfjsp1_5.txt,5,271.0,1.33009,265.0,2.2642
FaFMJ,wfjsp1_6.txt,1,309.0,0.765976,291.0,6.1856
FaFMJ,wfjsp1_6.txt,2,309.0,0.858963,291.0,6.1856
FaFMJ,wfjsp1_6.txt,3,309.0,0.78402,291.0,6.1856
FaFMJ,wfjsp1_6.txt,4,309.0,0.850964,291.0,6.1856
FaFMJ,wfjsp1_6.txt,5,309.0,0.835911,291.0,6.1856
FaFMJ,wfjsp1_7.txt,1,267.0,1.69807,265.0,0.7547
FaFMJ,wfjsp1_7.txt,2,267.0,1.64884,265.0,0.7547
FaFMJ,wfjsp1_7.txt,3,267.0,1.51401,265.0,0.7547
FaFMJ,wfjsp1_7.txt,4,267.0,1.6506,265.0,0.7547
FaFMJ,wfjsp1_7.txt,5,267.0,1.60383,265.0,0.7547
FaFMJ,wfjsp1_8.txt,1,330.0,1.06717,328.0,0.6098
FaFMJ,wfjsp1_8.txt,2,330.0,1.03287,328.0,0.6098
FaFMJ,wfjsp1_8.txt,3,330.0,0.943794,328.0,0.6098
FaFMJ,wfjsp1_8.txt,4,330.0,1.01869,328.0,0.6098
FaFMJ,wfjsp1_8.txt,5,330.0,0.998291,328.0,0.6098
FaFMJ,wfjsp1_9.txt,1,252.0,0.734202,252.0,0.0
FaFMJ,wfjsp1_9.txt,2,252.0,0.802843,252.0,0.0
FaFMJ,wfjsp1_9.txt,3,252.0,0.754536,252.0,0.0
FaFMJ,wfjsp1_9.txt,4,252.0,0.808151,252.0,0.0
FaFMJ,wfjsp1_9.txt,5,252.0,0.805135,252.0,0.0
FaFMJ,wfjsp20_1.txt,1,1127.0,112.093,1105.0,1.991
FaFMJ,wfjsp20_1.txt,2,1127.0,98.7554,1105.0,1.991
FaFMJ,wfjsp20_1.txt,3,1127.0,93.1663,1105.0,1.991
FaFMJ,wfjsp20_1.txt,4,1127.0,92.669,1105.0,1.991
FaFMJ,wfjsp20_1.txt,5,1127.0,102.744,1105.0,1.991
FaFMJ,wfjsp20_10.txt,1,1373.0,184.657,1362.0,0.8076
FaFMJ,wfjsp20_10.txt,2,1373.0,181.081,1362.0,0.8076
FaFMJ,wfjsp20_10.txt,3,1373.0,183.863,1362.0,0.8076
FaFMJ,wfjsp20_10.txt,4,1373.0,192.724,1362.0,0.8076
FaFMJ,wfjsp20_10.txt,5,1373.0,164.131,1362.0,0.8076
FaFMJ,wfjsp20_2.txt,1,1248.0,189.673,1221.0,2.2113
FaFMJ,wfjsp20_2.txt,2,1248.0,174.441,1221.0,2.2113
FaFMJ,wfjsp20_2.txt,3,1248.0,165.408,1221.0,2.2113
FaFMJ,wfjsp20_2.txt,4,1248.0,163.337,1221.0,2.2113
FaFMJ,wfjsp20_2.txt,5,1248.0,182.058,1221.0,2.2113
FaFMJ,wfjsp20_3.txt,1,1377.0,160.998,1328.0,3.6898
FaFMJ,wfjsp20_3.txt,2,1377.0,145.751,1328.0,3.6898
FaFMJ,wfjsp20_3.txt,3,1377.0,140.597,1328.0,3.6898
FaFMJ,wfjsp20_3.txt,4,1377.0,138.525,1328.0,3.6898
FaFMJ,wfjsp20_3.txt,5,1377.0,152.601,1328.0,3.6898
FaFMJ,wfjsp20_4.txt,1,1280.0,108.948,1259.0,1.668
FaFMJ,wfjsp20_4.txt,2,1280.0,98.3425,1259.0,1.668
FaFMJ,wfjsp20_4.txt,3,1280.0,102.819,1259.0,1.668
FaFMJ,wfjsp20_4.txt,4,1280.0,93.7093,1259.0,1.668
FaFMJ,wfjsp20_4.txt,5,1280.0,103.541,1259.0,1.668
FaFMJ,wfjsp20_5.txt,1,1073.0,180.912,1058.0,1.4178
FaFMJ,wfjsp20_5.txt,2,1073.0,193.761,1058.0,1.4178
FaFMJ,wfjsp20_5.txt,3,1073.0,177.541,1058.0,1.4178
FaFMJ,wfjsp20_5.txt,4,1073.0,161.468,1058.0,1.4178
FaFMJ,wfjsp20_5.txt,5,1073.0,180.637,1058.0,1.4178
FaFMJ,wfjsp20_6.txt,1,1407.0,156.005,1381.0,1.8827
FaFMJ,wfjsp20_6.txt,2,1407.0,174.445,1381.0,1.8827
FaFMJ,wfjsp20_6.txt,3,1407.0,158.687,1381.0,1.8827
FaFMJ,wfjsp20_6.txt,4,1407.0,145.643,1381.0,1.8827
FaFMJ,wfjsp20_6.txt,5,1407.0,162.081,1381.0,1.8827
FaFMJ,wfjsp20_7.txt,1,1269.0,127.459,1224.0,3.6765
FaFMJ,wfjsp20_7.txt,2,1269.0,142.188,1224.0,3.6765
FaFMJ,wfjsp20_7.txt,3,1269.0,129.268,1224.0,3.6765
FaFMJ,wfjsp20_7.txt,4,1269.0,118.329,1224.0,3.6765
FaFMJ,wfjsp20_7.txt,5,1269.0,133.148,1224.0,3.6765
FaFMJ,wfjsp20_8.txt,1,1240.0,160.671,1183.0,4.8183
FaFMJ,wfjsp20_8.txt,2,1240.0,171.882,1183.0,4.8183
FaFMJ,wfjsp20_8.txt,3,1240.0,157.764,1183.0,4.8183
FaFMJ,wfjsp20_8.txt,4,1240.0,141.972,1183.0,4.8183
FaFMJ,wfjsp20_8.txt,5,1240.0,162.79,1183.0,4.8183
FaFMJ,wfjsp20_9.txt,1,1219.0,153.141,1200.0,1.5833
FaFMJ,wfjsp20_9.txt,2,1219.0,161.768,1200.0,1.5833
FaFMJ,wfjsp20_9.txt,3,1219.0,163.734,1200.0,1.5833
FaFMJ,wfjsp20_9.txt,4,1219.0,142.743,1200.0,1.5833
FaFMJ,wfjsp20_9.txt,5,1219.0,161.288,1200.0,1.5833
FaFMJ,wfjsp21_1.txt,1,1053.0,147.955,1049.0,0.3813
FaFMJ,wfjsp21_1.txt,2,1053.0,146.183,1049.0,0.3813
FaFMJ,wfjsp21_1.txt,3,1053.0,146.179,1049.0,0.3813
FaFMJ,wfjsp21_1.txt,4,1053.0,157.74,1049.0,0.3813
FaFMJ,wfjsp21_1.txt,5,1053.0,136.958,1049.0,0.3813
FaFMJ,wfjsp21_10.txt,1,1127.0,141.756,1120.0,0.625
FaFMJ,wfjsp21_10.txt,2,1127.0,149.158,1120.0,0.625
FaFMJ,wfjsp21_10.txt,3,1127.0,152.328,1120.0,0.625
FaFMJ,wfjsp21_10.txt,4,1127.0,153.141,1120.0,0.625
FaFMJ,wfjsp21_10.txt,5,1127.0,146.425,1120.0,0.625
FaFMJ,wfjsp21_2.txt,1,1180.0,277.191,1171.0,0.7686
FaFMJ,wfjsp21_2.txt,2,1180.0,271.881,1171.0,0.7686
FaFMJ,wfjsp21_2.txt,3,1180.0,271.041,1171.0,0.7686
FaFMJ,wfjsp21_2.txt,4,1180.0,293.047,1171.0,0.7686
FaFMJ,wfjsp21_2.txt,5,1180.0,292.168,1171.0,0.7686
FaFMJ,wfjsp21_3.txt,1,1081.0,163.953,1046.0,3.3461
FaFMJ,wfjsp21_3.txt,2,1081.0,166.176,1046.0,3.3461
FaFMJ,wfjsp21_3.txt,3,1081.0,157.775,1046.0,3.3461
FaFMJ,wfjsp21_3.txt,4,1081.0,166.825,1046.0,3.3461
FaFMJ,wfjsp21_3.txt,5,1081.0,177.117,1046.0,3.3461
FaFMJ,wfjsp21_4.txt,1,1096.0,163.29,1095.0,0.0913
FaFMJ,wfjsp21_4.txt,2,1096.0,166.816,1095.0,0.0913
FaFMJ,wfjsp21_4.txt,3,1096.0,160.825,1095.0,0.0913
FaFMJ,wfjsp21_4.txt,4,1096.0,170.419,1095.0,0.0913
FaFMJ,wfjsp21_4.txt,5,1096.0,176.007,1095.0,0.0913
FaFMJ,wfjsp21_5.txt,1,993.0,263.365,984.0,0.9146
FaFMJ,wfjsp21_5.txt,2,993.0,267.844,984.0,0.9146
FaFMJ,wfjsp21_5.txt,3,993.0,252.526,984.0,0.9146
FaFMJ,wfjsp21_5.txt,4,993.0,260.588,984.0,0.9146
FaFMJ,wfjsp21_5.txt,5,993.0,284.524,984.0,0.9146
FaFMJ,wfjsp21_6.txt,1,1213.0,435.692,1204.0,0.7475
FaFMJ,wfjsp21_6.txt,2,1213.0,467.816,1204.0,0.7475
FaFMJ,wfjsp21_6.txt,3,1213.0,484.065,1204.0,0.7475
FaFMJ,wfjsp21_6.txt,4,1213.0,458.699,1204.0,0.7475
FaFMJ,wfjsp21_6.txt,5,1213.0,468.669,1204.0,0.7475
FaFMJ,wfjsp21_7.txt,1,1055.0,382.708,1015.0,3.9409
FaFMJ,wfjsp21_7.txt,2,1055.0,361.659,1015.0,3.9409
FaFMJ,wfjsp21_7.txt,3,1055.0,364.661,1015.0,3.9409
FaFMJ,wfjsp21_7.txt,4,1055.0,356.083,1015.0,3.9409
FaFMJ,wfjsp21_7.txt,5,1055.0,367.896,1015.0,3.9409
FaFMJ,wfjsp21_8.txt,1,1089.0,272.821,1088.0,0.0919
FaFMJ,wfjsp21_8.txt,2,1089.0,275.178,1088.0,0.0919
FaFMJ,wfjsp21_8.txt,3,1089.0,279.563,1088.0,0.0919
FaFMJ,wfjsp21_8.txt,4,1089.0,236.599,1088.0,0.0919
FaFMJ,wfjsp21_8.txt,5,1089.0,280.498,1088.0,0.0919
FaFMJ,wfjsp21_9.txt,1,1166.0,264.286,1129.0,3.2772
FaFMJ,wfjsp21_9.txt,2,1166.0,259.413,1129.0,3.2772
FaFMJ,wfjsp21_9.txt,3,1166.0,261.311,1129.0,3.2772
FaFMJ,wfjsp21_9.txt,4,1166.0,269.737,1129.0,3.2772
FaFMJ,wfjsp21_9.txt,5,1166.0,255.833,1129.0,3.2772
FaFMJ,wfjsp22_1.txt,1,920.0,144.366,903.0,1.8826
FaFMJ,wfjsp22_1.txt,2,920.0,160.795,903.0,1.8826
FaFMJ,wfjsp22_1.txt,3,920.0,163.317,903.0,1.8826
FaFMJ,wfjsp22_1.txt,4,920.0,148.675,903.0,1.8826
FaFMJ,wfjsp22_1.txt,5,920.0,172.348,903.0,1.8826
FaFMJ,wfjsp22_10.txt,1,1077.0,207.149,1084.0,-0.6458
FaFMJ,wfjsp22_10.txt,2,1077.0,202.944,1084.0,-0.6458
FaFMJ,wfjsp22_10.txt,3,1077.0,223.625,1084.0,-0.6458
FaFMJ,wfjsp22_10.txt,4,1077.0,225.644,1084.0,-0.6458
FaFMJ,wfjsp22_10.txt,5,1077.0,215.821,1084.0,-0.6458
FaFMJ,wfjsp22_2.txt,1,968.0,157.748,957.0,1.1494
FaFMJ,wfjsp22_2.txt,2,968.0,178.972,957.0,1.1494
FaFMJ,wfjsp22_2.txt,3,968.0,182.346,957.0,1.1494
FaFMJ,wfjsp22_2.txt,4,968.0,165.828,957.0,1.1494
FaFMJ,wfjsp22_2.txt,5,968.0,197.519,957.0,1.1494
FaFMJ,wfjsp22_3.txt,1,1027.0,222.307,1024.0,0.293
FaFMJ,wfjsp22_3.txt,2,1027.0,252.361,1024.0,0.293
FaFMJ,wfjsp22_3.txt,3,1027.0,260.906,1024.0,0.293
FaFMJ,wfjsp22_3.txt,4,1027.0,231.641,1024.0,0.293
FaFMJ,wfjsp22_3.txt,5,1027.0,351.686,1024.0,0.293
FaFMJ,wfjsp22_4.txt,1,994.0,191.849,989.0,0.5056
FaFMJ,wfjsp22_4.txt,2,994.0,195.752,989.0,0.5056
FaFMJ,wfjsp22_4.txt,3,994.0,190.795,989.0,0.5056
FaFMJ,wfjsp22_4.txt,4,994.0,184.019,989.0,0.5056
FaFMJ,wfjsp22_4.txt,5,994.0,196.584,989.0,0.5056
FaFMJ,wfjsp22_5.txt,1,884.0,95.6436,874.0,1.1442
FaFMJ,wfjsp22_5.txt,2,884.0,97.5439,874.0,1.1442
FaFMJ,wfjsp22_5.txt,3,884.0,96.0152,874.0,1.1442
FaFMJ,wfjsp22_5.txt,4,884.0,92.5599,874.0,1.1442
FaFMJ,wfjsp22_5.txt,5,884.0,94.4194,874.0,1.1442
FaFMJ,wfjsp22_6.txt,1,1120.0,230.911,1114.0,0.5386
FaFMJ,wfjsp22_6.txt,2,1120.0,223.896,1114.0,0.5386
FaFMJ,wfjsp22_6.txt,3,1120.0,252.434,1114.0,0.5386
FaFMJ,wfjsp22_6.txt,4,1120.0,220.348,1114.0,0.5386
FaFMJ,wfjsp22_6.txt,5,1120.0,228.762,1114.0,0.5386
FaFMJ,wfjsp22_7.txt,1,1005.0,467.303,994.0,1.1066
FaFMJ,wfjsp22_7.txt,2,1005.0,474.783,994.0,1.1066
FaFMJ,wfjsp22_7.txt,3,1005.0,533.711,994.0,1.1066
FaFMJ,wfjsp22_7.txt,4,1005.0,451.029,994.0,1.1066
FaFMJ,wfjsp22_7.txt,5,1005.0,487.752,994.0,1.1066
FaFMJ,wfjsp22_8.txt,1,964.0,120.253,946.0,1.9027
FaFMJ,wfjsp22_8.txt,2,964.0,114.507,946.0,1.9027
FaFMJ,wfjsp22_8.txt,3,964.0,134.337,946.0,1.9027
FaFMJ,wfjsp22_8.txt,4,964.0,115.606,946.0,1.9027
FaFMJ,wfjsp22_8.txt,5,964.0,120.133,946.0,1.9027
FaFMJ,wfjsp22_9.txt,1,970.0,109.072,944.0,2.7542
FaFMJ,wfjsp22_9.txt,2,970.0,107.991,944.0,2.7542
FaFMJ,wfjsp22_9.txt,3,970.0,127.044,944.0,2.7542
FaFMJ,wfjsp22_9.txt,4,970.0,122.302,944.0,2.7542
FaFMJ,wfjsp22_9.txt,5,970.0,115.306,944.0,2.7542
FaFMJ,wfjsp23_1.txt,1,1542.0,541.76,1519.0,1.5142
FaFMJ,wfjsp23_1.txt,2,1542.0,540.659,1519.0,1.5142
FaFMJ,wfjsp23_1.txt,3,1542.0,566.16,1519.0,1.5142
FaFMJ,wfjsp23_1.txt,4,1542.0,546.366,1519.0,1.5142
FaFMJ,wfjsp23_1.txt,5,1542.0,547.826,1519.0,1.5142
FaFMJ,wfjsp23_10.txt,1,1738.0,1256.3,1727.0,0.6369
FaFMJ,wfjsp23_10.txt,2,1738.0,1047.0,1727.0,0.6369
FaFMJ,wfjsp23_10.txt,3,1738.0,1226.09,1727.0,0.6369
FaFMJ,wfjsp23_10.txt,4,1738.0,1090.07,1727.0,0.6369
FaFMJ,wfjsp23_10.txt,5,1738.0,1182.19,1727.0,0.6369
FaFMJ,wfjsp23_2.txt,1,1606.0,938.383,1595.0,0.6897
FaFMJ,wfjsp23_2.txt,2,1606.0,928.186,1595.0,0.6897
FaFMJ,wfjsp23_2.txt,3,1606.0,958.779,1595.0,0.6897
FaFMJ,wfjsp23_2.txt,4,1606.0,944.384,1595.0,0.6897
FaFMJ,wfjsp23_2.txt,5,1606.0,958.615,1595.0,0.6897
FaFMJ,wfjsp23_3.txt,1,1688.0,509.572,1657.0,1.8709
FaFMJ,wfjsp23_3.txt,2,1688.0,483.983,1657.0,1.8709
FaFMJ,wfjsp23_3.txt,3,1688.0,499.783,1657.0,1.8709
FaFMJ,wfjsp23_3.txt,4,1688.0,528.574,1657.0,1.8709
FaFMJ,wfjsp23_3.txt,5,1688.0,511.935,1657.0,1.8709
FaFMJ,wfjsp23_4.txt,1,1606.0,1012.16,1572.0,2.1628
FaFMJ,wfjsp23_4.txt,2,1606.0,1022.81,1572.0,2.1628
FaFMJ,wfjsp23_4.txt,3,1606.0,964.31,1572.0,2.1628
FaFMJ,wfjsp23_4.txt,4,1606.0,1030.75,1572.0,2.1628
FaFMJ,wfjsp23_4.txt,5,1606.0,951.43,1572.0,2.1628
FaFMJ,wfjsp23_5.txt,1,1470.0,1130.23,1488.0,-1.2097
FaFMJ,wfjsp23_5.txt,2,1470.0,1144.36,1488.0,-1.2097
FaFMJ,wfjsp23_5.txt,3,1470.0,1088.02,1488.0,-1.2097
FaFMJ,wfjsp23_5.txt,4,1470.0,1147.7,1488.0,-1.2097
FaFMJ,wfjsp23_5.txt,5,1470.0,1195.41,1488.0,-1.2097
FaFMJ,wfjsp23_6.txt,1,1869.0,341.197,1866.0,0.1608
FaFMJ,wfjsp23_6.txt,2,1869.0,369.314,1866.0,0.1608
FaFMJ,wfjsp23_6.txt,3,1869.0,346.477,1866.0,0.1608
FaFMJ,wfjsp23_6.txt,4,1869.0,376.828,1866.0,0.1608
FaFMJ,wfjsp23_6.txt,5,1869.0,391.411,1866.0,0.1608
FaFMJ,wfjsp23_7.txt,1,1643.0,541.173,1601.0,2.6234
FaFMJ,wfjsp23_7.txt,2,1643.0,601.924,1601.0,2.6234
FaFMJ,wfjsp23_7.txt,3,1643.0,633.431,1601.0,2.6234
FaFMJ,wfjsp23_7.txt,4,1643.0,607.225,1601.0,2.6234
FaFMJ,wfjsp23_7.txt,5,1643.0,625.199,1601.0,2.6234
FaFMJ,wfjsp23_8.txt,1,1624.0,864.974,1597.0,1.6907
FaFMJ,wfjsp23_8.txt,2,1624.0,731.491,1597.0,1.6907
FaFMJ,wfjsp23_8.txt,3,1624.0,850.273,1597.0,1.6907
FaFMJ,wfjsp23_8.txt,4,1624.0,796.629,1597.0,1.6907
FaFMJ,wfjsp23_8.txt,5,1624.0,843.625,1597.0,1.6907
FaFMJ,wfjsp23_9.txt,1,1617.0,675.253,1582.0,2.2124
FaFMJ,wfjsp23_9.txt,2,1617.0,573.483,1582.0,2.2124
FaFMJ,wfjsp23_9.txt,3,1617.0,665.354,1582.0,2.2124
FaFMJ,wfjsp23_9.txt,4,1617.0,620.053,1582.0,2.2124
FaFMJ,wfjsp23_9.txt,5,1617.0,647.708,1582.0,2.2124
FaFMJ,wfjsp24_1.txt,1,1216.0,313.795,1201.0,1.249
FaFMJ,wfjsp24_1.txt,2,1216.0,319.551,1201.0,1.249
FaFMJ,wfjsp24_1.txt,3,1216.0,325.854,1201.0,1.249
FaFMJ,wfjsp24_1.txt,4,1216.0,315.287,1201.0,1.249
FaFMJ,wfjsp24_1.txt,5,1216.0,356.317,1201.0,1.249
FaFMJ,wfjsp24_10.txt,1,1393.0,482.861,1407.0,-0.995
FaFMJ,wfjsp24_10.txt,2,1393.0,443.453,1407.0,-0.995
FaFMJ,wfjsp24_10.txt,3,1393.0,452.219,1407.0,-0.995
FaFMJ,wfjsp24_10.txt,4,1393.0,464.828,1407.0,-0.995
FaFMJ,wfjsp24_10.txt,5,1393.0,485.821,1407.0,-0.995
FaFMJ,wfjsp24_2.txt,1,1260.0,241.91,1220.0,3.2787
FaFMJ,wfjsp24_2.txt,2,1260.0,258.943,1220.0,3.2787
FaFMJ,wfjsp24_2.txt,3,1260.0,261.034,1220.0,3.2787
FaFMJ,wfjsp24_2.txt,4,1260.0,255.263,1220.0,3.2787
FaFMJ,wfjsp24_2.txt,5,1260.0,290.245,1220.0,3.2787
FaFMJ,wfjsp24_3.txt,1,1347.0,442.018,1330.0,1.2782
FaFMJ,wfjsp24_3.txt,2,1347.0,406.921,1330.0,1.2782
FaFMJ,wfjsp24_3.txt,3,1347.0,428.817,1330.0,1.2782
FaFMJ,wfjsp24_3.txt,4,1347.0,409.381,1330.0,1.2782
FaFMJ,wfjsp24_3.txt,5,1347.0,456.11,1330.0,1.2782
FaFMJ,wfjsp24_4.txt,1,1319.0,626.366,1300.0,1.4615
FaFMJ,wfjsp24_4.txt,2,1319.0,611.369,1300.0,1.4615
FaFMJ,wfjsp24_4.txt,3,1319.0,596.731,1300.0,1.4615
FaFMJ,wfjsp24_4.txt,4,1319.0,628.219,1300.0,1.4615
FaFMJ,wfjsp24_4.txt,5,1319.0,694.867,1300.0,1.4615
FaFMJ,wfjsp24_5.txt,1,1120.0,556.847,1113.0,0.6289
FaFMJ,wfjsp24_5.txt,2,1120.0,585.903,1113.0,0.6289
FaFMJ,wfjsp24_5.txt,3,1120.0,570.824,1113.0,0.6289
FaFMJ,wfjsp24_5.txt,4,1120.0,600.805,1113.0,0.6289
FaFMJ,wfjsp24_5.txt,5,1120.0,665.026,1113.0,0.6289
FaFMJ,wfjsp24_6.txt,1,1497.0,409.009,1487.0,0.6725
FaFMJ,wfjsp24_6.txt,2,1497.0,441.579,1487.0,0.6725
FaFMJ,wfjsp24_6.txt,3,1497.0,396.62,1487.0,0.6725
FaFMJ,wfjsp24_6.txt,4,1497.0,453.215,1487.0,0.6725
FaFMJ,wfjsp24_6.txt,5,1497.0,441.911,1487.0,0.6725
FaFMJ,wfjsp24_7.txt,1,1322.0,564.985,1312.0,0.7622
FaFMJ,wfjsp24_7.txt,2,1322.0,551.206,1312.0,0.7622
FaFMJ,wfjsp24_7.txt,3,1322.0,503.13,1312.0,0.7622
FaFMJ,wfjsp24_7.txt,4,1322.0,475.746,1312.0,0.7622
FaFMJ,wfjsp24_7.txt,5,1322.0,544.338,1312.0,0.7622
FaFMJ,wfjsp24_8.txt,1,1274.0,691.797,1263.0,0.8709
FaFMJ,wfjsp24_8.txt,2,1274.0,737.97,1263.0,0.8709
FaFMJ,wfjsp24_8.txt,3,1274.0,673.951,1263.0,0.8709
FaFMJ,wfjsp24_8.txt,4,1274.0,621.142,1263.0,0.8709
FaFMJ,wfjsp24_8.txt,5,1274.0,724.096,1263.0,0.8709
FaFMJ,wfjsp24_9.txt,1,1290.0,236.598,1269.0,1.6548
FaFMJ,wfjsp24_9.txt,2,1290.0,217.751,1269.0,1.6548
FaFMJ,wfjsp24_9.txt,3,1290.0,216.106,1269.0,1.6548
FaFMJ,wfjsp24_9.txt,4,1290.0,225.503,1269.0,1.6548
FaFMJ,wfjsp24_9.txt,5,1290.0,241.208,1269.0,1.6548
FaFMJ,wfjsp2_1.txt,1,346.0,1.64407,336.0,2.9762
FaFMJ,wfjsp2_1.txt,2,346.0,1.6306,336.0,2.9762
FaFMJ,wfjsp2_1.txt,3,346.0,1.49764,336.0,2.9762
FaFMJ,wfjsp2_1.txt,4,346.0,1.53085,336.0,2.9762
FaFMJ,wfjsp2_1.txt,5,346.0,1.46833,336.0,2.9762
FaFMJ,wfjsp2_10.txt,1,495.0,1.16722,489.0,1.227
FaFMJ,wfjsp2_10.txt,2,495.0,1.36341,489.0,1.227
FaFMJ,wfjsp2_10.txt,3,495.0,1.26154,489.0,1.227
FaFMJ,wfjsp2_10.txt,4,495.0,1.26045,489.0,1.227
FaFMJ,wfjsp2_10.txt,5,495.0,1.28112,489.0,1.227
FaFMJ,wfjsp2_2.txt,1,376.0,1.6503,368.0,2.1739
FaFMJ,wfjsp2_2.txt,2,376.0,1.72092,368.0,2.1739
FaFMJ,wfjsp2_2.txt,3,376.0,1.4754,368.0,2.1739
FaFMJ,wfjsp2_2.txt,4,376.0,1.58973,368.0,2.1739
FaFMJ,wfjsp2_2.txt,5,376.0,1.55565,368.0,2.1739
FaFMJ,wfjsp2_3.txt,1,421.0,1.31042,421.0,0.0
FaFMJ,wfjsp2_3.txt,2,421.0,1.46201,421.0,0.0
FaFMJ,wfjsp2_3.txt,3,421.0,1.3146,421.0,0.0
FaFMJ,wfjsp2_3.txt,4,421.0,1.43347,421.0,0.0
FaFMJ,wfjsp2_3.txt,5,421.0,1.41123,421.0,0.0
FaFMJ,wfjsp2_4.txt,1,383.0,1.47295,378.0,1.3228
FaFMJ,wfjsp2_4.txt,2,383.0,1.42983,378.0,1.3228
FaFMJ,wfjsp2_4.txt,3,383.0,1.28386,378.0,1.3228
FaFMJ,wfjsp2_4.txt,4,383.0,1.40472,378.0,1.3228
FaFMJ,wfjsp2_4.txt,5,383.0,1.37212,378.0,1.3228
FaFMJ,wfjsp2_5.txt,1,274.0,1.14527,270.0,1.4815
FaFMJ,wfjsp2_5.txt,2,274.0,1.11839,270.0,1.4815
FaFMJ,wfjsp2_5.txt,3,274.0,0.988253,270.0,1.4815
FaFMJ,wfjsp2_5.txt,4,274.0,1.0867,270.0,1.4815
FaFMJ,wfjsp2_5.txt,5,274.0,1.05591,270.0,1.4815
FaFMJ,wfjsp2_6.txt,1,429.0,1.2179,416.0,3.125
FaFMJ,wfjsp2_6.txt,2,429.0,1.36698,416.0,3.125
FaFMJ,wfjsp2_6.txt,3,429.0,1.20932,416.0,3.125
FaFMJ,wfjsp2_6.txt,4,429.0,1.4517,416.0,3.125
FaFMJ,wfjsp2_6.txt,5,429.0,1.27814,416.0,3.125
FaFMJ,wfjsp2_7.txt,1,399.0,1.4893,395.0,1.0127
FaFMJ,wfjsp2_7.txt,2,399.0,1.44978,395.0,1.0127
FaFMJ,wfjsp2_7.txt,3,399.0,1.33797,395.0,1.0127
FaFMJ,wfjsp2_7.txt,4,399.0,1.38586,395.0,1.0127
FaFMJ,wfjsp2_7.txt,5,399.0,1.50725,395.0,1.0127
FaFMJ,wfjsp2_8.txt,1,439.0,2.29176,414.0,6.0386
FaFMJ,wfjsp2_8.txt,2,439.0,2.22781,414.0,6.0386
FaFMJ,wfjsp2_8.txt,3,439.0,2.02198,414.0,6.0386
FaFMJ,wfjsp2_8.txt,4,439.0,2.096,414.0,6.0386
FaFMJ,wfjsp2_8.txt,5,439.0,2.22985,414.0,6.0386
FaFMJ,wfjsp2_9.txt,1,353.0,1.13568,329.0,7.2948
FaFMJ,wfjsp2_9.txt,2,353.0,1.19025,329.0,7.2948
FaFMJ,wfjsp2_9.txt,3,353.0,1.09215,329.0,7.2948
FaFMJ,wfjsp2_9.txt,4,353.0,1.09986,329.0,7.2948
FaFMJ,wfjsp2_9.txt,5,353.0,1.13178,329.0,7.2948
FaFMJ,wfjsp3_1.txt,1,435.0,1.62415,419.0,3.8186
FaFMJ,wfjsp3_1.txt,2,435.0,1.58553,419.0,3.8186
FaFMJ,wfjsp3_1.txt,3,435.0,1.48196,419.0,3.8186
FaFMJ,wfjsp3_1.txt,4,435.0,1.51273,419.0,3.8186
FaFMJ,wfjsp3_1.txt,5,435.0,1.54822,419.0,3.8186
FaFMJ,wfjsp3_10.txt,1,485.0,1.52126,455.0,6.5934
FaFMJ,wfjsp3_10.txt,2,485.0,1.49592,455.0,6.5934
FaFMJ,wfjsp3_10.txt,3,485.0,1.39447,455.0,6.5934
FaFMJ,wfjsp3_10.txt,4,485.0,1.38921,455.0,6.5934
FaFMJ,wfjsp3_10.txt,5,485.0,1.44533,455.0,6.5934
FaFMJ,wfjsp3_2.txt,1,545.0,1.6788,543.0,0.3683
FaFMJ,wfjsp3_2.txt,2,545.0,1.84624,543.0,0.3683
FaFMJ,wfjsp3_2.txt,3,545.0,1.74247,543.0,0.3683
FaFMJ,wfjsp3_2.txt,4,545.0,1.84932,543.0,0.3683
FaFMJ,wfjsp3_2.txt,5,545.0,1.8708,543.0,0.3683
FaFMJ,wfjsp3_3.txt,1,383.0,1.27336,383.0,0.0
FaFMJ,wfjsp3_3.txt,2,383.0,1.28915,383.0,0.0
FaFMJ,wfjsp3_3.txt,3,383.0,1.26114,383.0,0.0
FaFMJ,wfjsp3_3.txt,4,383.0,1.26025,383.0,0.0
FaFMJ,wfjsp3_3.txt,5,383.0,1.28446,383.0,0.0
FaFMJ,wfjsp3_4.txt,1,468.0,2.97646,443.0,5.6433
FaFMJ,wfjsp3_4.txt,2,468.0,2.79903,443.0,5.6433
FaFMJ,wfjsp3_4.txt,3,468.0,2.77574,443.0,5.6433
FaFMJ,wfjsp3_4.txt,4,468.0,2.76437,443.0,5.6433
FaFMJ,wfjsp3_4.txt,5,468.0,2.74988,443.0,5.6433
FaFMJ,wfjsp3_5.txt,1,310.0,1.45591,284.0,9.1549
FaFMJ,wfjsp3_5.txt,2,310.0,1.50162,284.0,9.1549
FaFMJ,wfjsp3_5.txt,3,310.0,1.45759,284.0,9.1549
FaFMJ,wfjsp3_5.txt,4,310.0,1.3133,284.0,9.1549
FaFMJ,wfjsp3_5.txt,5,310.0,1.42037,284.0,9.1549
FaFMJ,wfjsp3_6.txt,1,534.0,1.81417,529.0,0.9452
FaFMJ,wfjsp3_6.txt,2,534.0,2.04131,529.0,0.9452
FaFMJ,wfjsp3_6.txt,3,534.0,1.9839,529.0,0.9452
FaFMJ,wfjsp3_6.txt,4,534.0,1.8912,529.0,0.9452
FaFMJ,wfjsp3_6.txt,5,534.0,2.00301,529.0,0.9452
FaFMJ,wfjsp3_7.txt,1,391.0,2.14987,342.0,14.3275
FaFMJ,wfjsp3_7.txt,2,391.0,2.09114,342.0,14.3275
FaFMJ,wfjsp3_7.txt,3,391.0,1.9539,342.0,14.3275
FaFMJ,wfjsp3_7.txt,4,391.0,1.87796,342.0,14.3275
FaFMJ,wfjsp3_7.txt,5,391.0,1.94435,342.0,14.3275
FaFMJ,wfjsp3_8.txt,1,520.0,1.98783,492.0,5.6911
FaFMJ,wfjsp3_8.txt,2,520.0,1.71675,492.0,5.6911
FaFMJ,wfjsp3_8.txt,3,520.0,1.76987,492.0,5.6911
FaFMJ,wfjsp3_8.txt,4,520.0,1.73182,492.0,5.6911
FaFMJ,wfjsp3_8.txt,5,520.0,1.77536,492.0,5.6911
FaFMJ,wfjsp3_9.txt,1,574.0,1.39435,534.0,7.4906
FaFMJ,wfjsp3_9.txt,2,574.0,1.30137,534.0,7.4906
FaFMJ,wfjsp3_9.txt,3,574.0,1.31828,534.0,7.4906
FaFMJ,wfjsp3_9.txt,4,574.0,1.3327,534.0,7.4906
FaFMJ,wfjsp3_9.txt,5,574.0,1.36925,534.0,7.4906
FaFMJ,wfjsp4_1.txt,1,296.0,2.46418,277.0,6.8592
FaFMJ,wfjsp4_1.txt,2,296.0,2.34746,277.0,6.8592
FaFMJ,wfjsp4_1.txt,3,296.0,2.0897,277.0,6.8592
FaFMJ,wfjsp4_1.txt,4,296.0,2.09414,277.0,6.8592
FaFMJ,wfjsp4_1.txt,5,296.0,2.16926,277.0,6.8592
FaFMJ,wfjsp4_10.txt,1,324.0,2.09286,293.0,10.5802
FaFMJ,wfjsp4_10.txt,2,324.0,1.99802,293.0,10.5802
FaFMJ,wfjsp4_10.txt,3,324.0,1.76212,293.0,10.5802
FaFMJ,wfjsp4_10.txt,4,324.0,1.76576,293.0,10.5802
FaFMJ,wfjsp4_10.txt,5,324.0,1.91176,293.0,10.5802
FaFMJ,wfjsp4_2.txt,1,372.0,3.0587,350.0,6.2857
FaFMJ,wfjsp4_2.txt,2,372.0,3.06941,350.0,6.2857
FaFMJ,wfjsp4_2.txt,3,372.0,2.66113,350.0,6.2857
FaFMJ,wfjsp4_2.txt,4,372.0,2.69102,350.0,6.2857
FaFMJ,wfjsp4_2.txt,5,372.0,2.74072,350.0,6.2857
FaFMJ,wfjsp4_3.txt,1,394.0,2.15421,360.0,9.4444
FaFMJ,wfjsp4_3.txt,2,394.0,2.50183,360.0,9.4444
FaFMJ,wfjsp4_3.txt,3,394.0,2.18761,360.0,9.4444
FaFMJ,wfjsp4_3.txt,4,394.0,2.17522,360.0,9.4444
FaFMJ,wfjsp4_3.txt,5,394.0,2.27348,360.0,9.4444
FaFMJ,wfjsp4_4.txt,1,335.0,2.59679,320.0,4.6875
FaFMJ,wfjsp4_4.txt,2,335.0,2.53591,320.0,4.6875
FaFMJ,wfjsp4_4.txt,3,335.0,2.30183,320.0,4.6875
FaFMJ,wfjsp4_4.txt,4,335.0,2.30235,320.0,4.6875
FaFMJ,wfjsp4_4.txt,5,335.0,2.62609,320.0,4.6875
FaFMJ,wfjsp4_5.txt,1,290.0,1.76797,290.0,0.0
FaFMJ,wfjsp4_5.txt,2,290.0,1.67283,290.0,0.0
FaFMJ,wfjsp4_5.txt,3,290.0,1.60426,290.0,0.0
FaFMJ,wfjsp4_5.txt,4,290.0,1.5705,290.0,0.0
FaFMJ,wfjsp4_5.txt,5,290.0,1.78173,290.0,0.0
FaFMJ,wfjsp4_6.txt,1,380.0,3.59795,355.0,7.0423
FaFMJ,wfjsp4_6.txt,2,380.0,3.59255,355.0,7.0423
FaFMJ,wfjsp4_6.txt,3,380.0,3.37272,355.0,7.0423
FaFMJ,wfjsp4_6.txt,4,380.0,3.23034,355.0,7.0423
FaFMJ,wfjsp4_6.txt,5,380.0,3.79297,355.0,7.0423
FaFMJ,wfjsp4_7.txt,1,312.0,2.48924,288.0,8.3333
FaFMJ,wfjsp4_7.txt,2,312.0,2.41466,288.0,8.3333
FaFMJ,wfjsp4_7.txt,3,312.0,2.25392,288.0,8.3333
FaFMJ,wfjsp4_7.txt,4,312.0,2.13846,288.0,8.3333
FaFMJ,wfjsp4_7.txt,5,312.0,2.4269,288.0,8.3333
FaFMJ,wfjsp4_8.txt,1,361.0,1.82592,316.0,14.2405
FaFMJ,wfjsp4_8.txt,2,361.0,2.05748,316.0,14.2405
FaFMJ,wfjsp4_8.txt,3,361.0,1.92196,316.0,14.2405
FaFMJ,wfjsp4_8.txt,4,361.0,1.82265,316.0,14.2405
FaFMJ,wfjsp4_8.txt,5,361.0,1.91269,316.0,14.2405
FaFMJ,wfjsp4_9.txt,1,292.0,1.65091,288.0,1.3889
FaFMJ,wfjsp4_9.txt,2,292.0,1.7601,288.0,1.3889
FaFMJ,wfjsp4_9.txt,3,292.0,1.4829,288.0,1.3889
FaFMJ,wfjsp4_9.txt,4,292.0,1.48902,288.0,1.3889
FaFMJ,wfjsp4_9.txt,5,292.0,1.60628,288.0,1.3889
FaFMJ,wfjsp5_1.txt,1,649.0,7.70327,608.0,6.7434
FaFMJ,wfjsp5_1.txt,2,649.0,7.65755,608.0,6.7434
FaFMJ,wfjsp5_1.txt,3,649.0,6.71444,608.0,6.7434
FaFMJ,wfjsp5_1.txt,4,649.0,6.71374,608.0,6.7434
FaFMJ,wfjsp5_1.txt,5,649.0,7.28592,608.0,6.7434
FaFMJ,wfjsp5_10.txt,1,722.0,4.28637,627.0,15.1515
FaFMJ,wfjsp5_10.txt,2,722.0,4.07018,627.0,15.1515
FaFMJ,wfjsp5_10.txt,3,722.0,3.68987,627.0,15.1515
FaFMJ,wfjsp5_10.txt,4,722.0,3.68818,627.0,15.1515
FaFMJ,wfjsp5_10.txt,5,722.0,3.88602,627.0,15.1515
FaFMJ,wfjsp5_2.txt,1,689.0,5.594,638.0,7.9937
FaFMJ,wfjsp5_2.txt,2,689.0,5.60144,638.0,7.9937
FaFMJ,wfjsp5_2.txt,3,689.0,5.56636,638.0,7.9937
FaFMJ,wfjsp5_2.txt,4,689.0,5.5602,638.0,7.9937
FaFMJ,wfjsp5_2.txt,5,689.0,6.04013,638.0,7.9937
FaFMJ,wfjsp5_3.txt,1,666.0,8.56432,626.0,6.3898
FaFMJ,wfjsp5_3.txt,2,666.0,7.46576,626.0,6.3898
FaFMJ,wfjsp5_3.txt,3,666.0,7.47414,626.0,6.3898
FaFMJ,wfjsp5_3.txt,4,666.0,8.46502,626.0,6.3898
FaFMJ,wfjsp5_3.txt,5,666.0,7.99548,626.0,6.3898
FaFMJ,wfjsp5_4.txt,1,770.0,7.1044,722.0,6.6482
FaFMJ,wfjsp5_4.txt,2,770.0,6.79603,722.0,6.6482
FaFMJ,wfjsp5_4.txt,3,770.0,6.15729,722.0,6.6482
FaFMJ,wfjsp5_4.txt,4,770.0,7.06159,722.0,6.6482
FaFMJ,wfjsp5_4.txt,5,770.0,6.95097,722.0,6.6482
FaFMJ,wfjsp5_5.txt,1,780.0,7.17197,729.0,6.9959
FaFMJ,wfjsp5_5.txt,2,780.0,7.12361,729.0,6.9959
FaFMJ,wfjsp5_5.txt,3,780.0,6.36096,729.0,6.9959
FaFMJ,wfjsp5_5.txt,4,780.0,7.32977,729.0,6.9959
FaFMJ,wfjsp5_5.txt,5,780.0,7.18835,729.0,6.9959
FaFMJ,wfjsp5_6.txt,1,774.0,6.64922,732.0,5.7377
FaFMJ,wfjsp5_6.txt,2,774.0,6.9384,732.0,5.7377
FaFMJ,wfjsp5_6.txt,3,774.0,6.25056,732.0,5.7377
FaFMJ,wfjsp5_6.txt,4,774.0,7.15635,732.0,5.7377
FaFMJ,wfjsp5_6.txt,5,774.0,7.04497,732.0,5.7377
FaFMJ,wfjsp5_7.txt,1,794.0,12.0977,754.0,5.305
FaFMJ,wfjsp5_7.txt,2,794.0,12.4255,754.0,5.305
FaFMJ,wfjsp5_7.txt,3,794.0,10.8827,754.0,5.305
FaFMJ,wfjsp5_7.txt,4,794.0,10.8302,754.0,5.305
FaFMJ,wfjsp5_7.txt,5,794.0,12.151,754.0,5.305
FaFMJ,wfjsp5_8.txt,1,740.0,9.66749,683.0,8.3455
FaFMJ,wfjsp5_8.txt,2,740.0,9.27186,683.0,8.3455
FaFMJ,wfjsp5_8.txt,3,740.0,7.98185,683.0,8.3455
FaFMJ,wfjsp5_8.txt,4,740.0,7.96677,683.0,8.3455
FaFMJ,wfjsp5_8.txt,5,740.0,9.01148,683.0,8.3455
FaFMJ,wfjsp5_9.txt,1,614.0,4.1033,582.0,5.4983
FaFMJ,wfjsp5_9.txt,2,614.0,3.97908,582.0,5.4983
FaFMJ,wfjsp5_9.txt,3,614.0,3.53067,582.0,5.4983
FaFMJ,wfjsp5_9.txt,4,614.0,3.56889,582.0,5.4983
FaFMJ,wfjsp5_9.txt,5,614.0,3.67872,582.0,5.4983
FaFMJ,wfjsp6_1.txt,1,716.0,9.73549,682.0,4.9853
FaFMJ,wfjsp6_1.txt,2,716.0,10.9076,682.0,4.9853
FaFMJ,wfjsp6_1.txt,3,716.0,9.69093,682.0,4.9853
FaFMJ,wfjsp6_1.txt,4,716.0,11.396,682.0,4.9853
FaFMJ,wfjsp6_1.txt,5,716.0,10.2646,682.0,4.9853
FaFMJ,wfjsp6_10.txt,1,791.0,5.45675,699.0,13.1617
FaFMJ,wfjsp6_10.txt,2,791.0,5.47624,699.0,13.1617
FaFMJ,wfjsp6_10.txt,3,791.0,5.64709,699.0,13.1617
FaFMJ,wfjsp6_10.txt,4,791.0,5.57231,699.0,13.1617
FaFMJ,wfjsp6_10.txt,5,791.0,5.23327,699.0,13.1617
FaFMJ,wfjsp6_2.txt,1,809.0,16.8907,780.0,3.7179
FaFMJ,wfjsp6_2.txt,2,809.0,16.5199,780.0,3.7179
FaFMJ,wfjsp6_2.txt,3,809.0,14.6273,780.0,3.7179
FaFMJ,wfjsp6_2.txt,4,809.0,14.8103,780.0,3.7179
FaFMJ,wfjsp6_2.txt,5,809.0,16.3505,780.0,3.7179
FaFMJ,wfjsp6_3.txt,1,781.0,10.5927,735.0,6.2585
FaFMJ,wfjsp6_3.txt,2,781.0,10.7276,735.0,6.2585
FaFMJ,wfjsp6_3.txt,3,781.0,10.9156,735.0,6.2585
FaFMJ,wfjsp6_3.txt,4,781.0,10.6951,735.0,6.2585
FaFMJ,wfjsp6_3.txt,5,781.0,10.9296,735.0,6.2585
FaFMJ,wfjsp6_4.txt,1,852.0,8.69773,803.0,6.1021
FaFMJ,wfjsp6_4.txt,2,852.0,8.92011,803.0,6.1021
FaFMJ,wfjsp6_4.txt,3,852.0,8.66715,803.0,6.1021
FaFMJ,wfjsp6_4.txt,4,852.0,9.24477,803.0,6.1021
FaFMJ,wfjsp6_4.txt,5,852.0,8.47391,803.0,6.1021
FaFMJ,wfjsp6_5.txt,1,895.0,16.0939,844.0,6.0427
FaFMJ,wfjsp6_5.txt,2,895.0,16.2206,844.0,6.0427
FaFMJ,wfjsp6_5.txt,3,895.0,16.3579,844.0,6.0427
FaFMJ,wfjsp6_5.txt,4,895.0,15.3177,844.0,6.0427
FaFMJ,wfjsp6_5.txt,5,895.0,17.5748,844.0,6.0427
FaFMJ,wfjsp6_6.txt,1,909.0,7.43897,798.0,13.9098
FaFMJ,wfjsp6_6.txt,2,909.0,7.46333,798.0,13.9098
FaFMJ,wfjsp6_6.txt,3,909.0,7.33113,798.0,13.9098
FaFMJ,wfjsp6_6.txt,4,909.0,6.83188,798.0,13.9098
FaFMJ,wfjsp6_6.txt,5,909.0,6.98156,798.0,13.9098
FaFMJ,wfjsp6_7.txt,1,888.0,8.57661,855.0,3.8596
FaFMJ,wfjsp6_7.txt,2,888.0,9.0969,855.0,3.8596
FaFMJ,wfjsp6_7.txt,3,888.0,9.42637,855.0,3.8596
FaFMJ,wfjsp6_7.txt,4,888.0,8.73931,855.0,3.8596
FaFMJ,wfjsp6_7.txt,5,888.0,9.01671,855.0,3.8596
FaFMJ,wfjsp6_8.txt,1,822.0,18.9575,759.0,8.3004
FaFMJ,wfjsp6_8.txt,2,822.0,16.9059,759.0,8.3004
FaFMJ,wfjsp6_8.txt,3,822.0,18.2732,759.0,8.3004
FaFMJ,wfjsp6_8.txt,4,822.0,18.0232,759.0,8.3004
FaFMJ,wfjsp6_8.txt,5,822.0,17.3481,759.0,8.3004
FaFMJ,wfjsp6_9.txt,1,769.0,6.93904,686.0,12.0991
FaFMJ,wfjsp6_9.txt,2,769.0,6.02118,686.0,12.0991
FaFMJ,wfjsp6_9.txt,3,769.0,6.87056,686.0,12.0991
FaFMJ,wfjsp6_9.txt,4,769.0,7.01223,686.0,12.0991
FaFMJ,wfjsp6_9.txt,5,769.0,6.56829,686.0,12.0991
FaFMJ,wfjsp7_1.txt,1,850.0,11.7923,815.0,4.2945
FaFMJ,wfjsp7_1.txt,2,850.0,13.0346,815.0,4.2945
FaFMJ,wfjsp7_1.txt,3,850.0,11.7377,815.0,4.2945
FaFMJ,wfjsp7_1.txt,4,850.0,13.3173,815.0,4.2945
FaFMJ,wfjsp7_1.txt,5,850.0,12.6054,815.0,4.2945
FaFMJ,wfjsp7_10.txt,1,950.0,36.4653,909.0,4.5105
FaFMJ,wfjsp7_10.txt,2,950.0,35.7958,909.0,4.5105
FaFMJ,wfjsp7_10.txt,3,950.0,31.9784,909.0,4.5105
FaFMJ,wfjsp7_10.txt,4,950.0,35.4593,909.0,4.5105
FaFMJ,wfjsp7_10.txt,5,950.0,36.6017,909.0,4.5105
FaFMJ,wfjsp7_2.txt,1,1063.0,17.0557,1038.0,2.4085
FaFMJ,wfjsp7_2.txt,2,1063.0,17.6684,1038.0,2.4085
FaFMJ,wfjsp7_2.txt,3,1063.0,14.7125,1038.0,2.4085
FaFMJ,wfjsp7_2.txt,4,1063.0,16.732,1038.0,2.4085
FaFMJ,wfjsp7_2.txt,5,1063.0,15.878,1038.0,2.4085
FaFMJ,wfjsp7_3.txt,1,1208.0,17.9837,1133.0,6.6196
FaFMJ,wfjsp7_3.txt,2,1208.0,17.7097,1133.0,6.6196
FaFMJ,wfjsp7_3.txt,3,1208.0,15.4547,1133.0,6.6196
FaFMJ,wfjsp7_3.txt,4,1208.0,17.7391,1133.0,6.6196
FaFMJ,wfjsp7_3.txt,5,1208.0,16.814,1133.0,6.6196
FaFMJ,wfjsp7_4.txt,1,991.0,16.4338,944.0,4.9788
FaFMJ,wfjsp7_4.txt,2,991.0,16.034,944.0,4.9788
FaFMJ,wfjsp7_4.txt,3,991.0,14.1743,944.0,4.9788
FaFMJ,wfjsp7_4.txt,4,991.0,16.1459,944.0,4.9788
FaFMJ,wfjsp7_4.txt,5,991.0,15.2873,944.0,4.9788
FaFMJ,wfjsp7_5.txt,1,859.0,15.1956,803.0,6.9738
FaFMJ,wfjsp7_5.txt,2,859.0,14.9064,803.0,6.9738
FaFMJ,wfjsp7_5.txt,3,859.0,15.5764,803.0,6.9738
FaFMJ,wfjsp7_5.txt,4,859.0,14.7362,803.0,6.9738
FaFMJ,wfjsp7_5.txt,5,859.0,14.1344,803.0,6.9738
FaFMJ,wfjsp7_6.txt,1,1081.0,14.1214,1010.0,7.0297
FaFMJ,wfjsp7_6.txt,2,1081.0,13.3986,1010.0,7.0297
FaFMJ,wfjsp7_6.txt,3,1081.0,15.7374,1010.0,7.0297
FaFMJ,wfjsp7_6.txt,4,1081.0,14.958,1010.0,7.0297
FaFMJ,wfjsp7_6.txt,5,1081.0,14.3709,1010.0,7.0297
FaFMJ,wfjsp7_7.txt,1,1003.0,16.1765,929.0,7.9656
FaFMJ,wfjsp7_7.txt,2,1003.0,15.2755,929.0,7.9656
FaFMJ,wfjsp7_7.txt,3,1003.0,16.5258,929.0,7.9656
FaFMJ,wfjsp7_7.txt,4,1003.0,15.6418,929.0,7.9656
FaFMJ,wfjsp7_7.txt,5,1003.0,15.7114,929.0,7.9656
FaFMJ,wfjsp7_8.txt,1,954.0,18.0238,882.0,8.1633
FaFMJ,wfjsp7_8.txt,2,954.0,18.0983,882.0,8.1633
FaFMJ,wfjsp7_8.txt,3,954.0,18.2715,882.0,8.1633
FaFMJ,wfjsp7_8.txt,4,954.0,17.3462,882.0,8.1633
FaFMJ,wfjsp7_8.txt,5,954.0,17.4676,882.0,8.1633
FaFMJ,wfjsp7_9.txt,1,894.0,22.1873,852.0,4.9296
FaFMJ,wfjsp7_9.txt,2,894.0,20.4229,852.0,4.9296
FaFMJ,wfjsp7_9.txt,3,894.0,20.529,852.0,4.9296
FaFMJ,wfjsp7_9.txt,4,894.0,21.3171,852.0,4.9296
FaFMJ,wfjsp7_9.txt,5,894.0,21.543,852.0,4.9296
FaFMJ,wfjsp8_1.txt,1,1106.0,22.7709,1025.0,7.9024
FaFMJ,wfjsp8_1.txt,2,1106.0,21.4507,1025.0,7.9024
FaFMJ,wfjsp8_1.txt,3,1106.0,19.1175,1025.0,7.9024
FaFMJ,wfjsp8_1.txt,4,1106.0,23.3738,1025.0,7.9024
FaFMJ,wfjsp8_1.txt,5,1106.0,21.1389,1025.0,7.9024
FaFMJ,wfjsp8_10.txt,1,1233.0,31.1915,1194.0,3.2663
FaFMJ,wfjsp8_10.txt,2,1233.0,30.1935,1194.0,3.2663
FaFMJ,wfjsp8_10.txt,3,1233.0,28.1913,1194.0,3.2663
FaFMJ,wfjsp8_10.txt,4,1233.0,29.6462,1194.0,3.2663
FaFMJ,wfjsp8_10.txt,5,1233.0,28.9752,1194.0,3.2663
FaFMJ,wfjsp8_2.txt,1,1308.0,38.5407,1251.0,4.5564
FaFMJ,wfjsp8_2.txt,2,1308.0,36.4047,1251.0,4.5564
FaFMJ,wfjsp8_2.txt,3,1308.0,34.8482,1251.0,4.5564
FaFMJ,wfjsp8_2.txt,4,1308.0,36.9785,1251.0,4.5564
FaFMJ,wfjsp8_2.txt,5,1308.0,39.1248,1251.0,4.5564
FaFMJ,wfjsp8_3.txt,1,1426.0,34.9267,1364.0,4.5455
FaFMJ,wfjsp8_3.txt,2,1426.0,39.1609,1364.0,4.5455
FaFMJ,wfjsp8_3.txt,3,1426.0,35.1969,1364.0,4.5455
FaFMJ,wfjsp8_3.txt,4,1426.0,36.4527,1364.0,4.5455
FaFMJ,wfjsp8_3.txt,5,1426.0,39.8263,1364.0,4.5455
FaFMJ,wfjsp8_4.txt,1,1255.0,52.9474,1211.0,3.6334
FaFMJ,wfjsp8_4.txt,2,1255.0,54.5501,1211.0,3.6334
FaFMJ,wfjsp8_4.txt,3,1255.0,48.3327,1211.0,3.6334
FaFMJ,wfjsp8_4.txt,4,1255.0,50.3838,1211.0,3.6334
FaFMJ,wfjsp8_4.txt,5,1255.0,52.1284,1211.0,3.6334
FaFMJ,wfjsp8_5.txt,1,1085.0,25.2396,1050.0,3.3333
FaFMJ,wfjsp8_5.txt,2,1085.0,22.0107,1050.0,3.3333
FaFMJ,wfjsp8_5.txt,3,1085.0,22.9006,1050.0,3.3333
FaFMJ,wfjsp8_5.txt,4,1085.0,23.8804,1050.0,3.3333
FaFMJ,wfjsp8_5.txt,5,1085.0,24.5811,1050.0,3.3333
FaFMJ,wfjsp8_6.txt,1,1320.0,29.3973,1267.0,4.1831
FaFMJ,wfjsp8_6.txt,2,1320.0,28.2915,1267.0,4.1831
FaFMJ,wfjsp8_6.txt,3,1320.0,26.6337,1267.0,4.1831
FaFMJ,wfjsp8_6.txt,4,1320.0,27.77,1267.0,4.1831
FaFMJ,wfjsp8_6.txt,5,1320.0,28.6141,1267.0,4.1831
FaFMJ,wfjsp8_7.txt,1,1216.0,87.0255,1158.0,5.0086
FaFMJ,wfjsp8_7.txt,2,1216.0,83.9462,1158.0,5.0086
FaFMJ,wfjsp8_7.txt,3,1216.0,79.1584,1158.0,5.0086
FaFMJ,wfjsp8_7.txt,4,1216.0,82.372,1158.0,5.0086
FaFMJ,wfjsp8_7.txt,5,1216.0,84.372,1158.0,5.0086
FaFMJ,wfjsp8_8.txt,1,1226.0,56.0521,1158.0,5.8722
FaFMJ,wfjsp8_8.txt,2,1226.0,59.9988,1158.0,5.8722
FaFMJ,wfjsp8_8.txt,3,1226.0,57.1454,1158.0,5.8722
FaFMJ,wfjsp8_8.txt,4,1226.0,60.2747,1158.0,5.8722
FaFMJ,wfjsp8_8.txt,5,1226.0,60.5988,1158.0,5.8722
FaFMJ,wfjsp8_9.txt,1,1117.0,49.7745,1044.0,6.9923
FaFMJ,wfjsp8_9.txt,2,1117.0,47.3398,1044.0,6.9923
FaFMJ,wfjsp8_9.txt,3,1117.0,45.0207,1044.0,6.9923
FaFMJ,wfjsp8_9.txt,4,1117.0,47.6191,1044.0,6.9923
FaFMJ,wfjsp8_9.txt,5,1117.0,47.7575,1044.0,6.9923
FaFMJ,wfjsp9_1.txt,1,1375.0,32.6273,1314.0,4.6423
FaFMJ,wfjsp9_1.txt,2,1375.0,30.4377,1314.0,4.6423
FaFMJ,wfjsp9_1.txt,3,1375.0,29.6118,1314.0,4.6423
FaFMJ,wfjsp9_1.txt,4,1375.0,31.1973,1314.0,4.6423
FaFMJ,wfjsp9_1.txt,5,1375.0,30.5611,1314.0,4.6423
FaFMJ,wfjsp9_10.txt,1,1456.0,40.0807,1414.0,2.9703
FaFMJ,wfjsp9_10.txt,2,1456.0,45.7642,1414.0,2.9703
FaFMJ,wfjsp9_10.txt,3,1456.0,40.4485,1414.0,2.9703
FaFMJ,wfjsp9_10.txt,4,1456.0,41.0652,1414.0,2.9703
FaFMJ,wfjsp9_10.txt,5,1456.0,42.2982,1414.0,2.9703
FaFMJ,wfjsp9_2.txt,1,1452.0,40.4345,1404.0,3.4188
FaFMJ,wfjsp9_2.txt,2,1452.0,41.3088,1404.0,3.4188
FaFMJ,wfjsp9_2.txt,3,1452.0,37.0667,1404.0,3.4188
FaFMJ,wfjsp9_2.txt,4,1452.0,36.6155,1404.0,3.4188
FaFMJ,wfjsp9_2.txt,5,1452.0,39.7167,1404.0,3.4188
FaFMJ,wfjsp9_3.txt,1,1557.0,54.2351,1483.0,4.9899
FaFMJ,wfjsp9_3.txt,2,1557.0,50.591,1483.0,4.9899
FaFMJ,wfjsp9_3.txt,3,1557.0,51.3648,1483.0,4.9899
FaFMJ,wfjsp9_3.txt,4,1557.0,47.4387,1483.0,4.9899
FaFMJ,wfjsp9_3.txt,5,1557.0,51.1535,1483.0,4.9899
FaFMJ,wfjsp9_4.txt,1,1418.0,35.6131,1357.0,4.4952
FaFMJ,wfjsp9_4.txt,2,1418.0,35.1697,1357.0,4.4952
FaFMJ,wfjsp9_4.txt,3,1418.0,35.7398,1357.0,4.4952
FaFMJ,wfjsp9_4.txt,4,1418.0,33.4799,1357.0,4.4952
FaFMJ,wfjsp9_4.txt,5,1418.0,35.375,1357.0,4.4952
FaFMJ,wfjsp9_5.txt,1,1301.0,31.0519,1247.0,4.3304
FaFMJ,wfjsp9_5.txt,2,1301.0,30.5043,1247.0,4.3304
FaFMJ,wfjsp9_5.txt,3,1301.0,30.515,1247.0,4.3304
FaFMJ,wfjsp9_5.txt,4,1301.0,28.5043,1247.0,4.3304
FaFMJ,wfjsp9_5.txt,5,1301.0,28.5202,1247.0,4.3304
FaFMJ,wfjsp9_6.txt,1,1432.0,32.2071,1383.0,3.543
FaFMJ,wfjsp9_6.txt,2,1432.0,36.5496,1383.0,3.543
FaFMJ,wfjsp9_6.txt,3,1432.0,36.1763,1383.0,3.543
FaFMJ,wfjsp9_6.txt,4,1432.0,33.8999,1383.0,3.543
FaFMJ,wfjsp9_6.txt,5,1432.0,33.9078,1383.0,3.543
FaFMJ,wfjsp9_7.txt,1,1384.0,38.6039,1318.0,5.0076
FaFMJ,wfjsp9_7.txt,2,1384.0,35.1492,1318.0,5.0076
FaFMJ,wfjsp9_7.txt,3,1384.0,37.465,1318.0,5.0076
FaFMJ,wfjsp9_7.txt,4,1384.0,34.6436,1318.0,5.0076
FaFMJ,wfjsp9_7.txt,5,1384.0,35.095,1318.0,5.0076
FaFMJ,wfjsp9_8.txt,1,1427.0,95.1334,1386.0,2.9582
FaFMJ,wfjsp9_8.txt,2,1427.0,82.9183,1386.0,2.9582
FaFMJ,wfjsp9_8.txt,3,1427.0,85.4594,1386.0,2.9582
FaFMJ,wfjsp9_8.txt,4,1427.0,86.8879,1386.0,2.9582
FaFMJ,wfjsp9_8.txt,5,1427.0,86.9195,1386.0,2.9582
FaFMJ,wfjsp9_9.txt,1,1393.0,45.2431,1294.0,7.6507
FaFMJ,wfjsp9_9.txt,2,1393.0,46.9108,1294.0,7.6507
FaFMJ,wfjsp9_9.txt,3,1393.0,40.7033,1294.0,7.6507
FaFMJ,wfjsp9_9.txt,4,1393.0,41.0656,1294.0,7.6507
FaFMJ,wfjsp9_9.txt,5,1393.0,43.0383,1294.0,7.6507
FaFMx2,Dauzere_01a.txt,1,3047.0,86.1256,2921.0,4.3136
FaFMx2,Dauzere_01a.txt,2,2987.0,291.177,2921.0,2.2595
FaFMx2,Dauzere_01a.txt,3,3051.0,108.248,2921.0,4.4505
FaFMx2,Dauzere_01a.txt,4,2999.0,271.125,2921.0,2.6703
FaFMx2,Dauzere_01a.txt,5,3019.0,168.308,2921.0,3.355
FaFMx2,Dauzere_02a.txt,1,2925.0,134.487,2914.0,0.3775
FaFMx2,Dauzere_02a.txt,2,2928.0,109.685,2914.0,0.4804
FaFMx2,Dauzere_02a.txt,3,2952.0,121.006,2914.0,1.304
FaFMx2,Dauzere_02a.txt,4,2938.0,231.036,2914.0,0.8236
FaFMx2,Dauzere_02a.txt,5,2934.0,186.529,2914.0,0.6863
FaFMx2,Dauzere_03a.txt,1,2953.0,254.705,2910.0,1.4777
FaFMx2,Dauzere_03a.txt,2,2912.0,195.911,2910.0,0.0687
FaFMx2,Dauzere_03a.txt,3,2917.0,126.195,2910.0,0.2405
FaFMx2,Dauzere_03a.txt,4,2949.0,161.098,2910.0,1.3402
FaFMx2,Dauzere_03a.txt,5,2922.0,315.563,2910.0,0.4124
FaFMx2,Dauzere_04a.txt,1,3002.0,138.874,2911.0,3.1261
FaFMx2,Dauzere_04a.txt,2,3001.0,149.415,2911.0,3.0917
FaFMx2,Dauzere_04a.txt,3,2994.0,318.25,2911.0,2.8513
FaFMx2,Dauzere_04a.txt,4,2977.0,140.994,2911.0,2.2673
FaFMx2,Dauzere_04a.txt,5,2984.0,320.489,2911.0,2.5077
FaFMx2,Dauzere_05a.txt,1,2944.0,212.562,2888.0,1.9391
FaFMx2,Dauzere_05a.txt,2,2891.0,314.286,2888.0,0.1039
FaFMx2,Dauzere_05a.txt,3,2923.0,158.071,2888.0,1.2119
FaFMx2,Dauzere_05a.txt,4,2893.0,309.957,2888.0,0.1731
FaFMx2,Dauzere_05a.txt,5,2911.0,133.693,2888.0,0.7964
FaFMx2,Dauzere_06a.txt,1,2875.0,191.002,2877.0,-0.0695
FaFMx2,Dauzere_06a.txt,2,2878.0,201.895,2877.0,0.0348
FaFMx2,Dauzere_06a.txt,3,2878.0,225.14,2877.0,0.0348
FaFMx2,Dauzere_06a.txt,4,2932.0,189.943,2877.0,1.9117
FaFMx2,Dauzere_06a.txt,5,2892.0,157.528,2877.0,0.5214
FaFMx2,Dauzere_07a.txt,1,2937.0,375.389,2917.0,0.6856
FaFMx2,Dauzere_07a.txt,2,2965.0,281.291,2917.0,1.6455
FaFMx2,Dauzere_07a.txt,3,3026.0,242.435,2917.0,3.7367
FaFMx2,Dauzere_07a.txt,4,3034.0,202.394,2917.0,4.011
FaFMx2,Dauzere_07a.txt,5,3017.0,269.031,2917.0,3.4282
FaFMx2,Dauzere_08a.txt,1,2898.0,208.44,2883.0,0.5203
FaFMx2,Dauzere_08a.txt,2,2895.0,185.457,2883.0,0.4162
FaFMx2,Dauzere_08a.txt,3,2885.0,301.377,2883.0,0.0694
FaFMx2,Dauzere_08a.txt,4,2896.0,155.142,2883.0,0.4509
FaFMx2,Dauzere_08a.txt,5,2890.0,239.656,2883.0,0.2428
FaFMx2,Dauzere_09a.txt,1,2889.0,182.644,2880.0,0.3125
FaFMx2,Dauzere_09a.txt,2,2884.0,204.171,2880.0,0.1389
FaFMx2,Dauzere_09a.txt,3,2897.0,187.58,2880.0,0.5903
FaFMx2,Dauzere_09a.txt,4,2885.0,228.914,2880.0,0.1736
FaFMx2,Dauzere_09a.txt,5,2879.0,190.021,2880.0,-0.0347
FaFMx2,Dauzere_10a.txt,1,2969.0,299.163,2922.0,1.6085
FaFMx2,Dauzere_10a.txt,2,2963.0,183.845,2922.0,1.4031
FaFMx2,Dauzere_10a.txt,3,2979.0,224.055,2922.0,1.9507
FaFMx2,Dauzere_10a.txt,4,2958.0,284.542,2922.0,1.232
FaFMx2,Dauzere_10a.txt,5,3033.0,385.507,2922.0,3.7988
FaFMx2,Dauzere_11a.txt,1,2879.0,257.343,2876.0,0.1043
FaFMx2,Dauzere_11a.txt,2,2867.0,264.369,2876.0,-0.3129
FaFMx2,Dauzere_11a.txt,3,2874.0,186.911,2876.0,-0.0695
FaFMx2,Dauzere_11a.txt,4,2877.0,295.659,2876.0,0.0348
FaFMx2,Dauzere_11a.txt,5,2863.0,357.864,2876.0,-0.452
FaFMx2,Dauzere_12a.txt,1,2831.0,390.882,2840.0,-0.3169
FaFMx2,Dauzere_12a.txt,2,2836.0,221.765,2840.0,-0.1408
FaFMx2,Dauzere_12a.txt,3,2846.0,376.325,2840.0,0.2113
FaFMx2,Dauzere_12a.txt,4,2832.0,223.007,2840.0,-0.2817
FaFMx2,Dauzere_12a.txt,5,2827.0,213.964,2840.0,-0.4577
FaFMx2,Mk01.txt,1,73.0,30.7979,70.0,4.2857
FaFMx2,Mk01.txt,2,74.0,15.5668,70.0,5.7143
FaFMx2,Mk01.txt,3,75.0,32.3861,70.0,7.1429
FaFMx2,Mk01.txt,4,74.0,22.1527,70.0,5.7143
FaFMx2,Mk01.txt,5,76.0,19.8008,70.0,8.5714
FaFMx2,Mk02.txt,1,69.0,49.0012,67.0,2.9851
FaFMx2,Mk02.txt,2,70.0,24.8119,67.0,4.4776
FaFMx2,Mk02.txt,3,69.0,42.155,67.0,2.9851
FaFMx2,Mk02.txt,4,70.0,43.0873,67.0,4.4776
FaFMx2,Mk02.txt,5,69.0,34.9063,67.0,2.9851
FaFMx2,Mk03.txt,1,242.0,72.2937,238.0,1.6807
FaFMx2,Mk03.txt,2,244.0,28.3733,238.0,2.521
FaFMx2,Mk03.txt,3,241.0,37.8445,238.0,1.2605
FaFMx2,Mk03.txt,4,243.0,38.5184,238.0,2.1008
FaFMx2,Mk03.txt,5,238.0,71.8802,238.0,0.0
FaFMx2,Mk04.txt,1,105.0,34.6929,95.0,10.5263
FaFMx2,Mk04.txt,2,99.0,28.4717,95.0,4.2105
FaFMx2,Mk04.txt,3,97.0,57.5492,95.0,2.1053
FaFMx2,Mk04.txt,4,100.0,33.0297,95.0,5.2632
FaFMx2,Mk04.txt,5,100.0,52.943,95.0,5.2632
FaFMx2,Mk05.txt,1,301.0,51.4487,299.0,0.6689
FaFMx2,Mk05.txt,2,302.0,80.6898,299.0,1.0033
FaFMx2,Mk05.txt,3,304.0,46.6333,299.0,1.6722
FaFMx2,Mk05.txt,4,301.0,90.6304,299.0,0.6689
FaFMx2,Mk05.txt,5,302.0,71.8452,299.0,1.0033
FaFMx2,Mk06.txt,1,114.0,113.947,109.0,4.5872
FaFMx2,Mk06.txt,2,113.0,89.5353,109.0,3.6697
FaFMx2,Mk06.txt,3,115.0,121.323,109.0,5.5046
FaFMx2,Mk06.txt,4,114.0,159.738,109.0,4.5872
FaFMx2,Mk06.txt,5,116.0,86.935,109.0,6.422
FaFMx2,Mk07.txt,1,229.0,53.5258,222.0,3.1532
FaFMx2,Mk07.txt,2,227.0,74.332,222.0,2.2523
FaFMx2,Mk07.txt,3,228.0,54.7621,222.0,2.7027
FaFMx2,Mk07.txt,4,232.0,53.0562,222.0,4.5045
FaFMx2,Mk07.txt,5,229.0,96.088,222.0,3.1532
FaFMx2,Mk08.txt,1,648.0,42.9206,624.0,3.8462
FaFMx2,Mk08.txt,2,624.0,85.7675,624.0,0.0
FaFMx2,Mk08.txt,3,626.0,100.01,624.0,0.3205
FaFMx2,Mk08.txt,4,626.0,105.959,624.0,0.3205
FaFMx2,Mk08.txt,5,626.0,88.813,624.0,0.3205
FaFMx2,Mk09.txt,1,481.0,237.963,479.0,0.4175
FaFMx2,Mk09.txt,2,474.0,454.881,479.0,-1.0438
FaFMx2,Mk09.txt,3,479.0,191.635,479.0,0.0
FaFMx2,Mk09.txt,4,474.0,403.225,479.0,-1.0438
FaFMx2,Mk09.txt,5,484.0,275.968,479.0,1.0438
FaFMx2,Mk10.txt,1,318.0,276.589,326.0,-2.454
FaFMx2,Mk10.txt,2,319.0,358.144,326.0,-2.1472
FaFMx2,Mk10.txt,3,317.0,270.43,326.0,-2.7607
FaFMx2,Mk10.txt,4,325.0,198.164,326.0,-0.3067
FaFMx2,Mk10.txt,5,321.0,238.757,326.0,-1.5337
FaFMx2,wfjsp10_1.txt,1,783.0,61.3035,781.0,0.2561
FaFMx2,wfjsp10_1.txt,2,769.0,180.589,781.0,-1.5365
FaFMx2,wfjsp10_1.txt,3,782.0,90.3738,781.0,0.128
FaFMx2,wfjsp10_1.txt,4,785.0,107.405,781.0,0.5122
FaFMx2,wfjsp10_1.txt,5,777.0,154.6,781.0,-0.5122
FaFMx2,wfjsp10_10.txt,1,852.0,104.685,859.0,-0.8149
FaFMx2,wfjsp10_10.txt,2,852.0,75.4123,859.0,-0.8149
FaFMx2,wfjsp10_10.txt,3,858.0,152.205,859.0,-0.1164
FaFMx2,wfjsp10_10.txt,4,865.0,83.2342,859.0,0.6985
FaFMx2,wfjsp10_10.txt,5,867.0,72.1976,859.0,0.9313
FaFMx2,wfjsp10_2.txt,1,845.0,171.483,836.0,1.0766
FaFMx2,wfjsp10_2.txt,2,848.0,157.127,836.0,1.4354
FaFMx2,wfjsp10_2.txt,3,837.0,164.428,836.0,0.1196
FaFMx2,wfjsp10_2.txt,4,848.0,89.0258,836.0,1.4354
FaFMx2,wfjsp10_2.txt,5,843.0,96.7506,836.0,0.8373
FaFMx2,wfjsp10_3.txt,1,923.0,249.686,923.0,0.0
FaFMx2,wfjsp10_3.txt,2,938.0,88.0248,923.0,1.6251
FaFMx2,wfjsp10_3.txt,3,926.0,167.309,923.0,0.325
FaFMx2,wfjsp10_3.txt,4,941.0,93.9644,923.0,1.9502
FaFMx2,wfjsp10_3.txt,5,930.0,119.338,923.0,0.7584
FaFMx2,wfjsp10_4.txt,1,861.0,179.167,873.0,-1.3746
FaFMx2,wfjsp10_4.txt,2,865.0,160.013,873.0,-0.9164
FaFMx2,wfjsp10_4.txt,3,865.0,107.697,873.0,-0.9164
FaFMx2,wfjsp10_4.txt,4,867.0,93.2935,873.0,-0.6873
FaFMx2,wfjsp10_4.txt,5,879.0,71.0155,873.0,0.6873
FaFMx2,wfjsp10_5.txt,1,752.0,82.5425,733.0,2.5921
FaFMx2,wfjsp10_5.txt,2,756.0,143.422,733.0,3.1378
FaFMx2,wfjsp10_5.txt,3,755.0,75.7461,733.0,3.0014
FaFMx2,wfjsp10_5.txt,4,740.0,85.7951,733.0,0.955
FaFMx2,wfjsp10_5.txt,5,757.0,134.046,733.0,3.2742
FaFMx2,wfjsp10_6.txt,1,909.0,128.556,896.0,1.4509
FaFMx2,wfjsp10_6.txt,2,931.0,72.3778,896.0,3.9062
FaFMx2,wfjsp10_6.txt,3,900.0,129.519,896.0,0.4464
FaFMx2,wfjsp10_6.txt,4,902.0,115.696,896.0,0.6696
FaFMx2,wfjsp10_6.txt,5,906.0,88.9475,896.0,1.1161
FaFMx2,wfjsp10_7.txt,1,852.0,86.6691,819.0,4.0293
FaFMx2,wfjsp10_7.txt,2,829.0,77.5231,819.0,1.221
FaFMx2,wfjsp10_7.txt,3,841.0,79.1515,819.0,2.6862
FaFMx2,wfjsp10_7.txt,4,830.0,158.814,819.0,1.3431
FaFMx2,wfjsp10_7.txt,5,847.0,79.8854,819.0,3.4188
FaFMx2,wfjsp10_8.txt,1,842.0,63.9336,824.0,2.1845
FaFMx2,wfjsp10_8.txt,2,834.0,61.4688,824.0,1.2136
FaFMx2,wfjsp10_8.txt,3,842.0,64.2625,824.0,2.1845
FaFMx2,wfjsp10_8.txt,4,842.0,81.8239,824.0,2.1845
FaFMx2,wfjsp10_8.txt,5,839.0,137.481,824.0,1.8204
FaFMx2,wfjsp10_9.txt,1,802.0,191.287,803.0,-0.1245
FaFMx2,wfjsp10_9.txt,2,816.0,153.871,803.0,1.6189
FaFMx2,wfjsp10_9.txt,3,804.0,152.688,803.0,0.1245
FaFMx2,wfjsp10_9.txt,4,821.0,139.126,803.0,2.2416
FaFMx2,wfjsp10_9.txt,5,816.0,74.0269,803.0,1.6189
FaFMx2,wfjsp11_1.txt,1,981.0,219.065,969.0,1.2384
FaFMx2,wfjsp11_1.txt,2,1000.0,89.7347,969.0,3.1992
FaFMx2,wfjsp11_1.txt,3,989.0,101.997,969.0,2.064
FaFMx2,wfjsp11_1.txt,4,976.0,171.536,969.0,0.7224
FaFMx2,wfjsp11_1.txt,5,980.0,188.082,969.0,1.1352
FaFMx2,wfjsp11_10.txt,1,1120.0,235.597,1091.0,2.6581
FaFMx2,wfjsp11_10.txt,2,1127.0,106.295,1091.0,3.2997
FaFMx2,wfjsp11_10.txt,3,1124.0,80.683,1091.0,3.0247
FaFMx2,wfjsp11_10.txt,4,1116.0,151.639,1091.0,2.2915
FaFMx2,wfjsp11_10.txt,5,1106.0,275.106,1091.0,1.3749
FaFMx2,wfjsp11_2.txt,1,1207.0,209.103,1184.0,1.9426
FaFMx2,wfjsp11_2.txt,2,1193.0,328.772,1184.0,0.7601
FaFMx2,wfjsp11_2.txt,3,1206.0,152.782,1184.0,1.8581
FaFMx2,wfjsp11_2.txt,4,1216.0,149.909,1184.0,2.7027
FaFMx2,wfjsp11_2.txt,5,1203.0,159.405,1184.0,1.6047
FaFMx2,wfjsp11_3.txt,1,1182.0,395.653,1149.0,2.8721
FaFMx2,wfjsp11_3.txt,2,1181.0,140.179,1149.0,2.785
FaFMx2,wfjsp11_3.txt,3,1193.0,244.784,1149.0,3.8294
FaFMx2,wfjsp11_3.txt,4,1194.0,182.383,1149.0,3.9164
FaFMx2,wfjsp11_3.txt,5,1185.0,231.026,1149.0,3.1332
FaFMx2,wfjsp11_4.txt,1,1158.0,302.98,1135.0,2.0264
FaFMx2,wfjsp11_4.txt,2,1132.0,507.328,1135.0,-0.2643
FaFMx2,wfjsp11_4.txt,3,1143.0,250.192,1135.0,0.7048
FaFMx2,wfjsp11_4.txt,4,1149.0,175.591,1135.0,1.2335
FaFMx2,wfjsp11_4.txt,5,1151.0,246.565,1135.0,1.4097
FaFMx2,wfjsp11_5.txt,1,1214.0,144.772,1180.0,2.8814
FaFMx2,wfjsp11_5.txt,2,1217.0,160.341,1180.0,3.1356
FaFMx2,wfjsp11_5.txt,3,1198.0,199.693,1180.0,1.5254
FaFMx2,wfjsp11_5.txt,4,1197.0,449.92,1180.0,1.4407
FaFMx2,wfjsp11_5.txt,5,1197.0,269.729,1180.0,1.4407
FaFMx2,wfjsp11_6.txt,1,958.0,147.8,937.0,2.2412
FaFMx2,wfjsp11_6.txt,2,961.0,319.873,937.0,2.5614
FaFMx2,wfjsp11_6.txt,3,960.0,152.0,937.0,2.4546
FaFMx2,wfjsp11_6.txt,4,946.0,220.941,937.0,0.9605
FaFMx2,wfjsp11_6.txt,5,958.0,212.936,937.0,2.2412
FaFMx2,wfjsp11_7.txt,1,1011.0,166.318,1015.0,-0.3941
FaFMx2,wfjsp11_7.txt,2,1017.0,360.956,1015.0,0.197
FaFMx2,wfjsp11_7.txt,3,1024.0,182.064,1015.0,0.8867
FaFMx2,wfjsp11_7.txt,4,1031.0,229.243,1015.0,1.5764
FaFMx2,wfjsp11_7.txt,5,1025.0,176.805,1015.0,0.9852
FaFMx2,wfjsp11_8.txt,1,1057.0,95.3011,1032.0,2.4225
FaFMx2,wfjsp11_8.txt,2,1044.0,139.238,1032.0,1.1628
FaFMx2,wfjsp11_8.txt,3,1039.0,216.668,1032.0,0.6783
FaFMx2,wfjsp11_8.txt,4,1043.0,288.876,1032.0,1.0659
FaFMx2,wfjsp11_8.txt,5,1052.0,107.757,1032.0,1.938
FaFMx2,wfjsp11_9.txt,1,1161.0,276.3,1136.0,2.2007
FaFMx2,wfjsp11_9.txt,2,1144.0,161.97,1136.0,0.7042
FaFMx2,wfjsp11_9.txt,3,1164.0,105.141,1136.0,2.4648
FaFMx2,wfjsp11_9.txt,4,1166.0,166.967,1136.0,2.6408
FaFMx2,wfjsp11_9.txt,5,1158.0,344.161,1136.0,1.9366
FaFMx2,wfjsp12_1.txt,1,905.0,208.235,896.0,1.0045
FaFMx2,wfjsp12_1.txt,2,905.0,354.073,896.0,1.0045
FaFMx2,wfjsp12_1.txt,3,911.0,187.23,896.0,1.6741
FaFMx2,wfjsp12_1.txt,4,908.0,117.23,896.0,1.3393
FaFMx2,wfjsp12_1.txt,5,918.0,125.904,896.0,2.4554
FaFMx2,wfjsp12_10.txt,1,1111.0,195.746,1099.0,1.0919
FaFMx2,wfjsp12_10.txt,2,1104.0,301.335,1099.0,0.455
FaFMx2,wfjsp12_10.txt,3,1109.0,107.592,1099.0,0.9099
FaFMx2,wfjsp12_10.txt,4,1107.0,223.394,1099.0,0.7279
FaFMx2,wfjsp12_10.txt,5,1106.0,266.834,1099.0,0.6369
FaFMx2,wfjsp12_2.txt,1,1000.0,359.688,997.0,0.3009
FaFMx2,wfjsp12_2.txt,2,1006.0,298.806,997.0,0.9027
FaFMx2,wfjsp12_2.txt,3,1010.0,197.657,997.0,1.3039
FaFMx2,wfjsp12_2.txt,4,1012.0,156.987,997.0,1.5045
FaFMx2,wfjsp12_2.txt,5,1011.0,145.207,997.0,1.4042
FaFMx2,wfjsp12_3.txt,1,1099.0,285.634,1103.0,-0.3626
FaFMx2,wfjsp12_3.txt,2,1095.0,272.718,1103.0,-0.7253
FaFMx2,wfjsp12_3.txt,3,1096.0,268.387,1103.0,-0.6346
FaFMx2,wfjsp12_3.txt,4,1096.0,193.939,1103.0,-0.6346
FaFMx2,wfjsp12_3.txt,5,1095.0,182.603,1103.0,-0.7253
FaFMx2,wfjsp12_4.txt,1,1030.0,190.351,1027.0,0.2921
FaFMx2,wfjsp12_4.txt,2,1035.0,174.491,1027.0,0.779
FaFMx2,wfjsp12_4.txt,3,1016.0,236.364,1027.0,-1.0711
FaFMx2,wfjsp12_4.txt,4,1025.0,153.112,1027.0,-0.1947
FaFMx2,wfjsp12_4.txt,5,1026.0,157.575,1027.0,-0.0974
FaFMx2,wfjsp12_5.txt,1,873.0,113.445,869.0,0.4603
FaFMx2,wfjsp12_5.txt,2,867.0,117.246,869.0,-0.2301
FaFMx2,wfjsp12_5.txt,3,870.0,172.915,869.0,0.1151
FaFMx2,wfjsp12_5.txt,4,868.0,169.479,869.0,-0.1151
FaFMx2,wfjsp12_5.txt,5,868.0,164.87,869.0,-0.1151
FaFMx2,wfjsp12_6.txt,1,1135.0,127.06,1134.0,0.0882
FaFMx2,wfjsp12_6.txt,2,1140.0,121.597,1134.0,0.5291
FaFMx2,wfjsp12_6.txt,3,1135.0,211.12,1134.0,0.0882
FaFMx2,wfjsp12_6.txt,4,1141.0,133.691,1134.0,0.6173
FaFMx2,wfjsp12_6.txt,5,1142.0,135.525,1134.0,0.7055
FaFMx2,wfjsp12_7.txt,1,1008.0,286.65,1018.0,-0.9823
FaFMx2,wfjsp12_7.txt,2,1008.0,218.111,1018.0,-0.9823
FaFMx2,wfjsp12_7.txt,3,998.0,233.864,1018.0,-1.9646
FaFMx2,wfjsp12_7.txt,4,1010.0,197.509,1018.0,-0.7859
FaFMx2,wfjsp12_7.txt,5,1015.0,221.13,1018.0,-0.2947
FaFMx2,wfjsp12_8.txt,1,978.0,287.468,980.0,-0.2041
FaFMx2,wfjsp12_8.txt,2,976.0,154.512,980.0,-0.4082
FaFMx2,wfjsp12_8.txt,3,978.0,132.617,980.0,-0.2041
FaFMx2,wfjsp12_8.txt,4,985.0,123.911,980.0,0.5102
FaFMx2,wfjsp12_8.txt,5,986.0,217.494,980.0,0.6122
FaFMx2,wfjsp12_9.txt,1,984.0,298.529,995.0,-1.1055
FaFMx2,wfjsp12_9.txt,2,974.0,305.681,995.0,-2.1106
FaFMx2,wfjsp12_9.txt,3,989.0,160.159,995.0,-0.603
FaFMx2,wfjsp12_9.txt,4,981.0,106.618,995.0,-1.407
FaFMx2,wfjsp12_9.txt,5,979.0,278.756,995.0,-1.608
FaFMx2,wfjsp13_1.txt,1,867.0,306.525,866.0,0.1155
FaFMx2,wfjsp13_1.txt,2,871.0,397.641,866.0,0.5774
FaFMx2,wfjsp13_1.txt,3,869.0,175.359,866.0,0.3464
FaFMx2,wfjsp13_1.txt,4,872.0,243.195,866.0,0.6928
FaFMx2,wfjsp13_1.txt,5,867.0,373.576,866.0,0.1155
FaFMx2,wfjsp13_10.txt,1,931.0,178.341,916.0,1.6376
FaFMx2,wfjsp13_10.txt,2,928.0,225.198,916.0,1.31
FaFMx2,wfjsp13_10.txt,3,921.0,416.614,916.0,0.5459
FaFMx2,wfjsp13_10.txt,4,929.0,391.633,916.0,1.4192
FaFMx2,wfjsp13_10.txt,5,933.0,148.926,916.0,1.8559
FaFMx2,wfjsp13_2.txt,1,972.0,436.979,962.0,1.0395
FaFMx2,wfjsp13_2.txt,2,979.0,241.668,962.0,1.7672
FaFMx2,wfjsp13_2.txt,3,966.0,445.454,962.0,0.4158
FaFMx2,wfjsp13_2.txt,4,977.0,411.082,962.0,1.5593
FaFMx2,wfjsp13_2.txt,5,967.0,545.122,962.0,0.5198
FaFMx2,wfjsp13_3.txt,1,904.0,240.295,883.0,2.3783
FaFMx2,wfjsp13_3.txt,2,886.0,304.728,883.0,0.3398
FaFMx2,wfjsp13_3.txt,3,894.0,231.687,883.0,1.2458
FaFMx2,wfjsp13_3.txt,4,885.0,215.834,883.0,0.2265
FaFMx2,wfjsp13_3.txt,5,892.0,263.825,883.0,1.0193
FaFMx2,wfjsp13_4.txt,1,905.0,336.332,908.0,-0.3304
FaFMx2,wfjsp13_4.txt,2,900.0,380.008,908.0,-0.8811
FaFMx2,wfjsp13_4.txt,3,892.0,371.541,908.0,-1.7621
FaFMx2,wfjsp13_4.txt,4,902.0,340.959,908.0,-0.6608
FaFMx2,wfjsp13_4.txt,5,899.0,321.578,908.0,-0.9912
FaFMx2,wfjsp13_5.txt,1,804.0,500.564,809.0,-0.618
FaFMx2,wfjsp13_5.txt,2,811.0,378.515,809.0,0.2472
FaFMx2,wfjsp13_5.txt,3,813.0,359.654,809.0,0.4944
FaFMx2,wfjsp13_5.txt,4,820.0,385.353,809.0,1.3597
FaFMx2,wfjsp13_5.txt,5,813.0,305.344,809.0,0.4944
FaFMx2,wfjsp13_6.txt,1,999.0,415.022,988.0,1.1134
FaFMx2,wfjsp13_6.txt,2,1003.0,195.467,988.0,1.5182
FaFMx2,wfjsp13_6.txt,3,1001.0,176.043,988.0,1.3158
FaFMx2,wfjsp13_6.txt,4,1005.0,288.569,988.0,1.7206
FaFMx2,wfjsp13_6.txt,5,1001.0,510.029,988.0,1.3158
FaFMx2,wfjsp13_7.txt,1,867.0,338.2,875.0,-0.9143
FaFMx2,wfjsp13_7.txt,2,875.0,231.248,875.0,0.0
FaFMx2,wfjsp13_7.txt,3,876.0,183.368,875.0,0.1143
FaFMx2,wfjsp13_7.txt,4,873.0,165.024,875.0,-0.2286
FaFMx2,wfjsp13_7.txt,5,876.0,151.59,875.0,0.1143
FaFMx2,wfjsp13_8.txt,1,886.0,389.801,899.0,-1.4461
FaFMx2,wfjsp13_8.txt,2,886.0,560.645,899.0,-1.4461
FaFMx2,wfjsp13_8.txt,3,890.0,419.349,899.0,-1.0011
FaFMx2,wfjsp13_8.txt,4,891.0,428.802,899.0,-0.8899
FaFMx2,wfjsp13_8.txt,5,897.0,229.435,899.0,-0.2225
FaFMx2,wfjsp13_9.txt,1,959.0,586.573,967.0,-0.8273
FaFMx2,wfjsp13_9.txt,2,969.0,362.887,967.0,0.2068
FaFMx2,wfjsp13_9.txt,3,950.0,484.148,967.0,-1.758
FaFMx2,wfjsp13_9.txt,4,957.0,518.188,967.0,-1.0341
FaFMx2,wfjsp13_9.txt,5,965.0,210.071,967.0,-0.2068
FaFMx2,wfjsp14_1.txt,1,743.0,217.53,745.0,-0.2685
FaFMx2,wfjsp14_1.txt,2,731.0,436.482,745.0,-1.8792
FaFMx2,wfjsp14_1.txt,3,747.0,124.424,745.0,0.2685
FaFMx2,wfjsp14_1.txt,4,732.0,294.327,745.0,-1.745
FaFMx2,wfjsp14_1.txt,5,738.0,299.966,745.0,-0.9396
FaFMx2,wfjsp14_10.txt,1,880.0,297.74,878.0,0.2278
FaFMx2,wfjsp14_10.txt,2,885.0,242.499,878.0,0.7973
FaFMx2,wfjsp14_10.txt,3,884.0,283.801,878.0,0.6834
FaFMx2,wfjsp14_10.txt,4,889.0,192.126,878.0,1.2528
FaFMx2,wfjsp14_10.txt,5,890.0,246.583,878.0,1.3667
FaFMx2,wfjsp14_2.txt,1,788.0,254.654,793.0,-0.6305
FaFMx2,wfjsp14_2.txt,2,796.0,280.49,793.0,0.3783
FaFMx2,wfjsp14_2.txt,3,792.0,124.388,793.0,-0.1261
FaFMx2,wfjsp14_2.txt,4,790.0,154.735,793.0,-0.3783
FaFMx2,wfjsp14_2.txt,5,798.0,167.122,793.0,0.6305
FaFMx2,wfjsp14_3.txt,1,848.0,363.992,848.0,0.0
FaFMx2,wfjsp14_3.txt,2,854.0,224.512,848.0,0.7075
FaFMx2,wfjsp14_3.txt,3,837.0,346.972,848.0,-1.2972
FaFMx2,wfjsp14_3.txt,4,850.0,483.039,848.0,0.2358
FaFMx2,wfjsp14_3.txt,5,841.0,335.48,848.0,-0.8255
FaFMx2,wfjsp14_4.txt,1,809.0,311.915,806.0,0.3722
FaFMx2,wfjsp14_4.txt,2,804.0,203.862,806.0,-0.2481
FaFMx2,wfjsp14_4.txt,3,819.0,112.68,806.0,1.6129
FaFMx2,wfjsp14_4.txt,4,808.0,283.856,806.0,0.2481
FaFMx2,wfjsp14_4.txt,5,813.0,293.108,806.0,0.8685
FaFMx2,wfjsp14_5.txt,1,713.0,294.726,715.0,-0.2797
FaFMx2,wfjsp14_5.txt,2,718.0,177.362,715.0,0.4196
FaFMx2,wfjsp14_5.txt,3,705.0,190.371,715.0,-1.3986
FaFMx2,wfjsp14_5.txt,4,705.0,213.83,715.0,-1.3986
FaFMx2,wfjsp14_5.txt,5,711.0,150.788,715.0,-0.5594
FaFMx2,wfjsp14_6.txt,1,923.0,161.783,913.0,1.0953
FaFMx2,wfjsp14_6.txt,2,915.0,175.551,913.0,0.2191
FaFMx2,wfjsp14_6.txt,3,912.0,367.009,913.0,-0.1095
FaFMx2,wfjsp14_6.txt,4,922.0,216.458,913.0,0.9858
FaFMx2,wfjsp14_6.txt,5,919.0,423.589,913.0,0.6572
FaFMx2,wfjsp14_7.txt,1,829.0,151.043,826.0,0.3632
FaFMx2,wfjsp14_7.txt,2,827.0,199.121,826.0,0.1211
FaFMx2,wfjsp14_7.txt,3,821.0,189.193,826.0,-0.6053
FaFMx2,wfjsp14_7.txt,4,825.0,203.687,826.0,-0.1211
FaFMx2,wfjsp14_7.txt,5,832.0,218.599,826.0,0.7264
FaFMx2,wfjsp14_8.txt,1,788.0,277.276,782.0,0.7673
FaFMx2,wfjsp14_8.txt,2,783.0,232.729,782.0,0.1279
FaFMx2,wfjsp14_8.txt,3,780.0,247.231,782.0,-0.2558
FaFMx2,wfjsp14_8.txt,4,795.0,229.737,782.0,1.6624
FaFMx2,wfjsp14_8.txt,5,787.0,237.888,782.0,0.6394
FaFMx2,wfjsp14_9.txt,1,791.0,206.009,793.0,-0.2522
FaFMx2,wfjsp14_9.txt,2,784.0,314.437,793.0,-1.1349
FaFMx2,wfjsp14_9.txt,3,792.0,256.698,793.0,-0.1261
FaFMx2,wfjsp14_9.txt,4,789.0,236.522,793.0,-0.5044
FaFMx2,wfjsp14_9.txt,5,781.0,316.251,793.0,-1.5132
FaFMx2,wfjsp15_1.txt,1,1266.0,796.228,1259.0,0.556
FaFMx2,wfjsp15_1.txt,2,1267.0,405.72,1259.0,0.6354
FaFMx2,wfjsp15_1.txt,3,1255.0,1040.93,1259.0,-0.3177
FaFMx2,wfjsp15_1.txt,4,1270.0,406.698,1259.0,0.8737
FaFMx2,wfjsp15_1.txt,5,1273.0,335.584,1259.0,1.112
FaFMx2,wfjsp15_10.txt,1,1428.0,807.291,1415.0,0.9187
FaFMx2,wfjsp15_10.txt,2,1427.0,538.871,1415.0,0.8481
FaFMx2,wfjsp15_10.txt,3,1443.0,253.011,1415.0,1.9788
FaFMx2,wfjsp15_10.txt,4,1435.0,492.449,1415.0,1.4134
FaFMx2,wfjsp15_10.txt,5,1432.0,535.508,1415.0,1.2014
FaFMx2,wfjsp15_2.txt,1,1343.0,312.718,1314.0,2.207
FaFMx2,wfjsp15_2.txt,2,1328.0,312.912,1314.0,1.0654
FaFMx2,wfjsp15_2.txt,3,1326.0,520.074,1314.0,0.9132
FaFMx2,wfjsp15_2.txt,4,1330.0,607.908,1314.0,1.2177
FaFMx2,wfjsp15_2.txt,5,1329.0,221.202,1314.0,1.1416
FaFMx2,wfjsp15_3.txt,1,1394.0,325.966,1376.0,1.3081
FaFMx2,wfjsp15_3.txt,2,1391.0,414.534,1376.0,1.0901
FaFMx2,wfjsp15_3.txt,3,1380.0,648.381,1376.0,0.2907
FaFMx2,wfjsp15_3.txt,4,1393.0,376.251,1376.0,1.2355
FaFMx2,wfjsp15_3.txt,5,1372.0,510.954,1376.0,-0.2907
FaFMx2,wfjsp15_4.txt,1,1320.0,446.359,1308.0,0.9174
FaFMx2,wfjsp15_4.txt,2,1321.0,303.831,1308.0,0.9939
FaFMx2,wfjsp15_4.txt,3,1307.0,720.596,1308.0,-0.0765
FaFMx2,wfjsp15_4.txt,4,1306.0,1038.82,1308.0,-0.1529
FaFMx2,wfjsp15_4.txt,5,1316.0,617.502,1308.0,0.6116
FaFMx2,wfjsp15_5.txt,1,1219.0,573.496,1198.0,1.7529
FaFMx2,wfjsp15_5.txt,2,1214.0,512.844,1198.0,1.3356
FaFMx2,wfjsp15_5.txt,3,1221.0,341.727,1198.0,1.9199
FaFMx2,wfjsp15_5.txt,4,1209.0,451.279,1198.0,0.9182
FaFMx2,wfjsp15_5.txt,5,1218.0,383.374,1198.0,1.6694
FaFMx2,wfjsp15_6.txt,1,1544.0,329.172,1510.0,2.2517
FaFMx2,wfjsp15_6.txt,2,1539.0,423.191,1510.0,1.9205
FaFMx2,wfjsp15_6.txt,3,1532.0,647.213,1510.0,1.457
FaFMx2,wfjsp15_6.txt,4,1533.0,914.961,1510.0,1.5232
FaFMx2,wfjsp15_6.txt,5,1537.0,319.153,1510.0,1.7881
FaFMx2,wfjsp15_7.txt,1,1335.0,692.783,1328.0,0.5271
FaFMx2,wfjsp15_7.txt,2,1349.0,328.565,1328.0,1.5813
FaFMx2,wfjsp15_7.txt,3,1344.0,675.122,1328.0,1.2048
FaFMx2,wfjsp15_7.txt,4,1341.0,633.477,1328.0,0.9789
FaFMx2,wfjsp15_7.txt,5,1343.0,668.237,1328.0,1.1295
FaFMx2,wfjsp15_8.txt,1,1344.0,445.468,1327.0,1.2811
FaFMx2,wfjsp15_8.txt,2,1351.0,382.743,1327.0,1.8086
FaFMx2,wfjsp15_8.txt,3,1343.0,499.082,1327.0,1.2057
FaFMx2,wfjsp15_8.txt,4,1346.0,402.405,1327.0,1.4318
FaFMx2,wfjsp15_8.txt,5,1339.0,491.328,1327.0,0.9043
FaFMx2,wfjsp15_9.txt,1,1343.0,579.523,1328.0,1.1295
FaFMx2,wfjsp15_9.txt,2,1330.0,664.882,1328.0,0.1506
FaFMx2,wfjsp15_9.txt,3,1334.0,619.998,1328.0,0.4518
FaFMx2,wfjsp15_9.txt,4,1331.0,644.704,1328.0,0.2259
FaFMx2,wfjsp15_9.txt,5,1336.0,617.998,1328.0,0.6024
FaFMx2,wfjsp16_1.txt,1,983.0,401.64,995.0,-1.206
FaFMx2,wfjsp16_1.txt,2,985.0,568.93,995.0,-1.005
FaFMx2,wfjsp16_1.txt,3,996.0,289.976,995.0,0.1005
FaFMx2,wfjsp16_1.txt,4,994.0,366.734,995.0,-0.1005
FaFMx2,wfjsp16_1.txt,5,993.0,253.291,995.0,-0.201
FaFMx2,wfjsp16_10.txt,1,1131.0,357.492,1145.0,-1.2227
FaFMx2,wfjsp16_10.txt,2,1140.0,184.325,1145.0,-0.4367
FaFMx2,wfjsp16_10.txt,3,1142.0,461.96,1145.0,-0.262
FaFMx2,wfjsp16_10.txt,4,1139.0,432.659,1145.0,-0.524
FaFMx2,wfjsp16_10.txt,5,1140.0,424.023,1145.0,-0.4367
FaFMx2,wfjsp16_2.txt,1,1015.0,170.884,1011.0,0.3956
FaFMx2,wfjsp16_2.txt,2,1013.0,254.963,1011.0,0.1978
FaFMx2,wfjsp16_2.txt,3,1012.0,251.845,1011.0,0.0989
FaFMx2,wfjsp16_2.txt,4,1012.0,263.105,1011.0,0.0989
FaFMx2,wfjsp16_2.txt,5,1007.0,171.679,1011.0,-0.3956
FaFMx2,wfjsp16_3.txt,1,1098.0,211.688,1097.0,0.0912
FaFMx2,wfjsp16_3.txt,2,1088.0,386.398,1097.0,-0.8204
FaFMx2,wfjsp16_3.txt,3,1083.0,376.463,1097.0,-1.2762
FaFMx2,wfjsp16_3.txt,4,1091.0,318.577,1097.0,-0.5469
FaFMx2,wfjsp16_3.txt,5,1083.0,545.089,1097.0,-1.2762
FaFMx2,wfjsp16_4.txt,1,1073.0,367.01,1074.0,-0.0931
FaFMx2,wfjsp16_4.txt,2,1083.0,294.704,1074.0,0.838
FaFMx2,wfjsp16_4.txt,3,1070.0,391.719,1074.0,-0.3724
FaFMx2,wfjsp16_4.txt,4,1076.0,379.549,1074.0,0.1862
FaFMx2,wfjsp16_4.txt,5,1073.0,330.302,1074.0,-0.0931
FaFMx2,wfjsp16_5.txt,1,915.0,297.243,904.0,1.2168
FaFMx2,wfjsp16_5.txt,2,908.0,456.46,904.0,0.4425
FaFMx2,wfjsp16_5.txt,3,901.0,355.565,904.0,-0.3319
FaFMx2,wfjsp16_5.txt,4,909.0,418.723,904.0,0.5531
FaFMx2,wfjsp16_5.txt,5,909.0,214.968,904.0,0.5531
FaFMx2,wfjsp16_6.txt,1,1218.0,410.734,1222.0,-0.3273
FaFMx2,wfjsp16_6.txt,2,1219.0,564.713,1222.0,-0.2455
FaFMx2,wfjsp16_6.txt,3,1229.0,290.481,1222.0,0.5728
FaFMx2,wfjsp16_6.txt,4,1225.0,355.642,1222.0,0.2455
FaFMx2,wfjsp16_6.txt,5,1227.0,189.883,1222.0,0.4092
FaFMx2,wfjsp16_7.txt,1,1081.0,540.7,1094.0,-1.1883
FaFMx2,wfjsp16_7.txt,2,1082.0,467.183,1094.0,-1.0969
FaFMx2,wfjsp16_7.txt,3,1091.0,351.685,1094.0,-0.2742
FaFMx2,wfjsp16_7.txt,4,1093.0,287.03,1094.0,-0.0914
FaFMx2,wfjsp16_7.txt,5,1096.0,325.737,1094.0,0.1828
FaFMx2,wfjsp16_8.txt,1,1031.0,505.13,1049.0,-1.7159
FaFMx2,wfjsp16_8.txt,2,1040.0,598.903,1049.0,-0.858
FaFMx2,wfjsp16_8.txt,3,1045.0,139.279,1049.0,-0.3813
FaFMx2,wfjsp16_8.txt,4,1045.0,393.279,1049.0,-0.3813
FaFMx2,wfjsp16_8.txt,5,1042.0,556.839,1049.0,-0.6673
FaFMx2,wfjsp16_9.txt,1,1045.0,179.504,1055.0,-0.9479
FaFMx2,wfjsp16_9.txt,2,1047.0,229.13,1055.0,-0.7583
FaFMx2,wfjsp16_9.txt,3,1042.0,308.094,1055.0,-1.2322
FaFMx2,wfjsp16_9.txt,4,1045.0,295.6,1055.0,-0.9479
FaFMx2,wfjsp16_9.txt,5,1039.0,332.916,1055.0,-1.5166
FaFMx2,wfjsp17_1.txt,1,1615.0,193.753,1585.0,1.8927
FaFMx2,wfjsp17_1.txt,2,1614.0,71.7785,1585.0,1.8297
FaFMx2,wfjsp17_1.txt,3,1621.0,153.71,1585.0,2.2713
FaFMx2,wfjsp17_1.txt,4,1600.0,174.884,1585.0,0.9464
FaFMx2,wfjsp17_1.txt,5,1615.0,104.295,1585.0,1.8927
FaFMx2,wfjsp17_10.txt,1,1765.0,62.0661,1750.0,0.8571
FaFMx2,wfjsp17_10.txt,2,1778.0,71.596,1750.0,1.6
FaFMx2,wfjsp17_10.txt,3,1774.0,95.317,1750.0,1.3714
FaFMx2,wfjsp17_10.txt,4,1765.0,140.931,1750.0,0.8571
FaFMx2,wfjsp17_10.txt,5,1772.0,105.604,1750.0,1.2571
FaFMx2,wfjsp17_2.txt,1,1752.0,149.711,1731.0,1.2132
FaFMx2,wfjsp17_2.txt,2,1743.0,199.241,1731.0,0.6932
FaFMx2,wfjsp17_2.txt,3,1758.0,122.012,1731.0,1.5598
FaFMx2,wfjsp17_2.txt,4,1759.0,156.488,1731.0,1.6176
FaFMx2,wfjsp17_2.txt,5,1742.0,128.449,1731.0,0.6355
FaFMx2,wfjsp17_3.txt,1,1864.0,47.7417,1836.0,1.5251
FaFMx2,wfjsp17_3.txt,2,1864.0,84.4037,1836.0,1.5251
FaFMx2,wfjsp17_3.txt,3,1856.0,182.504,1836.0,1.0893
FaFMx2,wfjsp17_3.txt,4,1862.0,171.38,1836.0,1.4161
FaFMx2,wfjsp17_3.txt,5,1864.0,139.121,1836.0,1.5251
FaFMx2,wfjsp17_4.txt,1,1681.0,83.358,1670.0,0.6587
FaFMx2,wfjsp17_4.txt,2,1673.0,176.639,1670.0,0.1796
FaFMx2,wfjsp17_4.txt,3,1674.0,138.009,1670.0,0.2395
FaFMx2,wfjsp17_4.txt,4,1688.0,90.8148,1670.0,1.0778
FaFMx2,wfjsp17_4.txt,5,1709.0,94.0701,1670.0,2.3353
FaFMx2,wfjsp17_5.txt,1,1558.0,169.635,1558.0,0.0
FaFMx2,wfjsp17_5.txt,2,1560.0,61.0919,1558.0,0.1284
FaFMx2,wfjsp17_5.txt,3,1556.0,110.827,1558.0,-0.1284
FaFMx2,wfjsp17_5.txt,4,1564.0,104.74,1558.0,0.3851
FaFMx2,wfjsp17_5.txt,5,1563.0,178.095,1558.0,0.3209
FaFMx2,wfjsp17_6.txt,1,1717.0,89.5433,1708.0,0.5269
FaFMx2,wfjsp17_6.txt,2,1719.0,80.566,1708.0,0.644
FaFMx2,wfjsp17_6.txt,3,1722.0,67.6407,1708.0,0.8197
FaFMx2,wfjsp17_6.txt,4,1730.0,130.327,1708.0,1.2881
FaFMx2,wfjsp17_6.txt,5,1731.0,97.1745,1708.0,1.3466
FaFMx2,wfjsp17_7.txt,1,1615.0,211.643,1598.0,1.0638
FaFMx2,wfjsp17_7.txt,2,1625.0,166.975,1598.0,1.6896
FaFMx2,wfjsp17_7.txt,3,1620.0,99.9619,1598.0,1.3767
FaFMx2,wfjsp17_7.txt,4,1627.0,96.4961,1598.0,1.8148
FaFMx2,wfjsp17_7.txt,5,1625.0,243.719,1598.0,1.6896
FaFMx2,wfjsp17_8.txt,1,1736.0,134.902,1717.0,1.1066
FaFMx2,wfjsp17_8.txt,2,1732.0,96.2327,1717.0,0.8736
FaFMx2,wfjsp17_8.txt,3,1736.0,64.5437,1717.0,1.1066
FaFMx2,wfjsp17_8.txt,4,1741.0,55.3343,1717.0,1.3978
FaFMx2,wfjsp17_8.txt,5,1730.0,75.6032,1717.0,0.7571
FaFMx2,wfjsp17_9.txt,1,1628.0,135.053,1593.0,2.1971
FaFMx2,wfjsp17_9.txt,2,1601.0,173.211,1593.0,0.5022
FaFMx2,wfjsp17_9.txt,3,1627.0,83.0959,1593.0,2.1343
FaFMx2,wfjsp17_9.txt,4,1642.0,64.8556,1593.0,3.076
FaFMx2,wfjsp17_9.txt,5,1633.0,154.821,1593.0,2.511
FaFMx2,wfjsp18_1.txt,1,945.0,78.7192,929.0,1.7223
FaFMx2,wfjsp18_1.txt,2,945.0,104.043,929.0,1.7223
FaFMx2,wfjsp18_1.txt,3,945.0,90.5313,929.0,1.7223
FaFMx2,wfjsp18_1.txt,4,959.0,74.5845,929.0,3.2293
FaFMx2,wfjsp18_1.txt,5,950.0,102.579,929.0,2.2605
FaFMx2,wfjsp18_10.txt,1,1035.0,68.6965,1019.0,1.5702
FaFMx2,wfjsp18_10.txt,2,1039.0,52.7337,1019.0,1.9627
FaFMx2,wfjsp18_10.txt,3,1041.0,69.7644,1019.0,2.159
FaFMx2,wfjsp18_10.txt,4,1023.0,122.703,1019.0,0.3925
FaFMx2,wfjsp18_10.txt,5,1038.0,113.443,1019.0,1.8646
FaFMx2,wfjsp18_2.txt,1,1029.0,64.1521,1010.0,1.8812
FaFMx2,wfjsp18_2.txt,2,1026.0,67.6225,1010.0,1.5842
FaFMx2,wfjsp18_2.txt,3,1035.0,84.565,1010.0,2.4752
FaFMx2,wfjsp18_2.txt,4,1036.0,120.355,1010.0,2.5743
FaFMx2,wfjsp18_2.txt,5,1028.0,194.835,1010.0,1.7822
FaFMx2,wfjsp18_3.txt,1,1111.0,101.161,1120.0,-0.8036
FaFMx2,wfjsp18_3.txt,2,1122.0,160.581,1120.0,0.1786
FaFMx2,wfjsp18_3.txt,3,1135.0,186.038,1120.0,1.3393
FaFMx2,wfjsp18_3.txt,4,1136.0,103.777,1120.0,1.4286
FaFMx2,wfjsp18_3.txt,5,1131.0,119.629,1120.0,0.9821
FaFMx2,wfjsp18_4.txt,1,1053.0,116.498,1037.0,1.5429
FaFMx2,wfjsp18_4.txt,2,1063.0,99.8014,1037.0,2.5072
FaFMx2,wfjsp18_4.txt,3,1049.0,160.69,1037.0,1.1572
FaFMx2,wfjsp18_4.txt,4,1046.0,103.977,1037.0,0.8679
FaFMx2,wfjsp18_4.txt,5,1057.0,107.05,1037.0,1.9286
FaFMx2,wfjsp18_5.txt,1,875.0,80.3649,854.0,2.459
FaFMx2,wfjsp18_5.txt,2,864.0,107.334,854.0,1.171
FaFMx2,wfjsp18_5.txt,3,886.0,92.8117,854.0,3.7471
FaFMx2,wfjsp18_5.txt,4,860.0,92.8816,854.0,0.7026
FaFMx2,wfjsp18_5.txt,5,866.0,70.9543,854.0,1.4052
FaFMx2,wfjsp18_6.txt,1,1115.0,132.086,1084.0,2.8598
FaFMx2,wfjsp18_6.txt,2,1108.0,97.2954,1084.0,2.214
FaFMx2,wfjsp18_6.txt,3,1098.0,318.688,1084.0,1.2915
FaFMx2,wfjsp18_6.txt,4,1112.0,65.7792,1084.0,2.583
FaFMx2,wfjsp18_6.txt,5,1098.0,67.6989,1084.0,1.2915
FaFMx2,wfjsp18_7.txt,1,1005.0,204.521,1003.0,0.1994
FaFMx2,wfjsp18_7.txt,2,1021.0,138.337,1003.0,1.7946
FaFMx2,wfjsp18_7.txt,3,1017.0,80.8822,1003.0,1.3958
FaFMx2,wfjsp18_7.txt,4,1007.0,199.868,1003.0,0.3988
FaFMx2,wfjsp18_7.txt,5,1021.0,173.021,1003.0,1.7946
FaFMx2,wfjsp18_8.txt,1,1004.0,109.358,990.0,1.4141
FaFMx2,wfjsp18_8.txt,2,997.0,88.9956,990.0,0.7071
FaFMx2,wfjsp18_8.txt,3,997.0,98.6776,990.0,0.7071
FaFMx2,wfjsp18_8.txt,4,1005.0,136.303,990.0,1.5152
FaFMx2,wfjsp18_8.txt,5,1010.0,88.9268,990.0,2.0202
FaFMx2,wfjsp18_9.txt,1,961.0,49.2178,944.0,1.8008
FaFMx2,wfjsp18_9.txt,2,949.0,112.732,944.0,0.5297
FaFMx2,wfjsp18_9.txt,3,947.0,146.579,944.0,0.3178
FaFMx2,wfjsp18_9.txt,4,958.0,130.882,944.0,1.4831
FaFMx2,wfjsp18_9.txt,5,945.0,164.804,944.0,0.1059
FaFMx2,wfjsp19_1.txt,1,1200.0,204.222,1196.0,0.3344
FaFMx2,wfjsp19_1.txt,2,1188.0,174.215,1196.0,-0.6689
FaFMx2,wfjsp19_1.txt,3,1190.0,156.66,1196.0,-0.5017
FaFMx2,wfjsp19_1.txt,4,1197.0,161.908,1196.0,0.0836
FaFMx2,wfjsp19_1.txt,5,1182.0,250.101,1196.0,-1.1706
FaFMx2,wfjsp19_10.txt,1,1356.0,152.798,1351.0,0.3701
FaFMx2,wfjsp19_10.txt,2,1352.0,120.936,1351.0,0.074
FaFMx2,wfjsp19_10.txt,3,1357.0,131.217,1351.0,0.4441
FaFMx2,wfjsp19_10.txt,4,1359.0,194.256,1351.0,0.5922
FaFMx2,wfjsp19_10.txt,5,1371.0,98.0344,1351.0,1.4804
FaFMx2,wfjsp19_2.txt,1,1474.0,180.116,1471.0,0.2039
FaFMx2,wfjsp19_2.txt,2,1481.0,111.082,1471.0,0.6798
FaFMx2,wfjsp19_2.txt,3,1478.0,241.57,1471.0,0.4759
FaFMx2,wfjsp19_2.txt,4,1482.0,209.531,1471.0,0.7478
FaFMx2,wfjsp19_2.txt,5,1451.0,471.03,1471.0,-1.3596
FaFMx2,wfjsp19_3.txt,1,1410.0,380.695,1406.0,0.2845
FaFMx2,wfjsp19_3.txt,2,1431.0,199.079,1406.0,1.7781
FaFMx2,wfjsp19_3.txt,3,1429.0,241.601,1406.0,1.6358
FaFMx2,wfjsp19_3.txt,4,1418.0,358.343,1406.0,0.8535
FaFMx2,wfjsp19_3.txt,5,1438.0,147.907,1406.0,2.276
FaFMx2,wfjsp19_4.txt,1,1399.0,141.138,1398.0,0.0715
FaFMx2,wfjsp19_4.txt,2,1401.0,201.281,1398.0,0.2146
FaFMx2,wfjsp19_4.txt,3,1395.0,137.702,1398.0,-0.2146
FaFMx2,wfjsp19_4.txt,4,1403.0,171.257,1398.0,0.3577
FaFMx2,wfjsp19_4.txt,5,1401.0,243.416,1398.0,0.2146
FaFMx2,wfjsp19_5.txt,1,1426.0,229.783,1444.0,-1.2465
FaFMx2,wfjsp19_5.txt,2,1451.0,182.512,1444.0,0.4848
FaFMx2,wfjsp19_5.txt,3,1455.0,139.375,1444.0,0.7618
FaFMx2,wfjsp19_5.txt,4,1461.0,227.408,1444.0,1.1773
FaFMx2,wfjsp19_5.txt,5,1455.0,226.594,1444.0,0.7618
FaFMx2,wfjsp19_6.txt,1,1161.0,241.938,1158.0,0.2591
FaFMx2,wfjsp19_6.txt,2,1176.0,148.976,1158.0,1.5544
FaFMx2,wfjsp19_6.txt,3,1161.0,152.1,1158.0,0.2591
FaFMx2,wfjsp19_6.txt,4,1167.0,133.603,1158.0,0.7772
FaFMx2,wfjsp19_6.txt,5,1164.0,148.917,1158.0,0.5181
FaFMx2,wfjsp19_7.txt,1,1245.0,168.909,1236.0,0.7282
FaFMx2,wfjsp19_7.txt,2,1261.0,112.927,1236.0,2.0227
FaFMx2,wfjsp19_7.txt,3,1244.0,217.794,1236.0,0.6472
FaFMx2,wfjsp19_7.txt,4,1254.0,172.415,1236.0,1.4563
FaFMx2,wfjsp19_7.txt,5,1231.0,424.876,1236.0,-0.4045
FaFMx2,wfjsp19_8.txt,1,1236.0,178.302,1250.0,-1.12
FaFMx2,wfjsp19_8.txt,2,1269.0,130.784,1250.0,1.52
FaFMx2,wfjsp19_8.txt,3,1271.0,99.2755,1250.0,1.68
FaFMx2,wfjsp19_8.txt,4,1272.0,105.853,1250.0,1.76
FaFMx2,wfjsp19_8.txt,5,1255.0,239.302,1250.0,0.4
FaFMx2,wfjsp19_9.txt,1,1387.0,300.721,1388.0,-0.072
FaFMx2,wfjsp19_9.txt,2,1400.0,115.377,1388.0,0.8646
FaFMx2,wfjsp19_9.txt,3,1385.0,327.229,1388.0,-0.2161
FaFMx2,wfjsp19_9.txt,4,1390.0,318.171,1388.0,0.1441
FaFMx2,wfjsp19_9.txt,5,1397.0,255.647,1388.0,0.6484
FaFMx2,wfjsp1_1.txt,1,268.0,1.91839,268.0,0.0
FaFMx2,wfjsp1_1.txt,2,278.0,1.33829,268.0,3.7313
FaFMx2,wfjsp1_1.txt,3,278.0,1.25334,268.0,3.7313
FaFMx2,wfjsp1_1.txt,4,278.0,1.23962,268.0,3.7313
FaFMx2,wfjsp1_1.txt,5,278.0,1.27583,268.0,3.7313
FaFMx2,wfjsp1_10.txt,1,316.0,0.932429,316.0,0.0
FaFMx2,wfjsp1_10.txt,2,316.0,1.66464,316.0,0.0
FaFMx2,wfjsp1_10.txt,3,316.0,1.16241,316.0,0.0
FaFMx2,wfjsp1_10.txt,4,316.0,1.50971,316.0,0.0
FaFMx2,wfjsp1_10.txt,5,316.0,1.57992,316.0,0.0
FaFMx2,wfjsp1_2.txt,1,287.0,0.980763,287.0,0.0
FaFMx2,wfjsp1_2.txt,2,287.0,1.09328,287.0,0.0
FaFMx2,wfjsp1_2.txt,3,287.0,1.00143,287.0,0.0
FaFMx2,wfjsp1_2.txt,4,287.0,1.02597,287.0,0.0
FaFMx2,wfjsp1_2.txt,5,287.0,1.14303,287.0,0.0
FaFMx2,wfjsp1_3.txt,1,347.0,1.24089,347.0,0.0
FaFMx2,wfjsp1_3.txt,2,347.0,1.27107,347.0,0.0
FaFMx2,wfjsp1_3.txt,3,347.0,1.12596,347.0,0.0
FaFMx2,wfjsp1_3.txt,4,347.0,1.1805,347.0,0.0
FaFMx2,wfjsp1_3.txt,5,347.0,1.13773,347.0,0.0
FaFMx2,wfjsp1_4.txt,1,315.0,1.56919,315.0,0.0
FaFMx2,wfjsp1_4.txt,2,315.0,2.09295,315.0,0.0
FaFMx2,wfjsp1_4.txt,3,315.0,1.4508,315.0,0.0
FaFMx2,wfjsp1_4.txt,4,315.0,1.50763,315.0,0.0
FaFMx2,wfjsp1_4.txt,5,316.0,1.39835,315.0,0.3175
FaFMx2,wfjsp1_5.txt,1,265.0,0.832316,265.0,0.0
FaFMx2,wfjsp1_5.txt,2,265.0,0.843556,265.0,0.0
FaFMx2,wfjsp1_5.txt,3,265.0,0.743806,265.0,0.0
FaFMx2,wfjsp1_5.txt,4,265.0,0.830585,265.0,0.0
FaFMx2,wfjsp1_5.txt,5,265.0,0.817684,265.0,0.0
FaFMx2,wfjsp1_6.txt,1,291.0,1.11762,291.0,0.0
FaFMx2,wfjsp1_6.txt,2,291.0,0.92507,291.0,0.0
FaFMx2,wfjsp1_6.txt,3,291.0,0.843725,291.0,0.0
FaFMx2,wfjsp1_6.txt,4,291.0,0.920536,291.0,0.0
FaFMx2,wfjsp1_6.txt,5,291.0,0.885622,291.0,0.0
FaFMx2,wfjsp1_7.txt,1,272.0,1.68045,265.0,2.6415
FaFMx2,wfjsp1_7.txt,2,265.0,1.61882,265.0,0.0
FaFMx2,wfjsp1_7.txt,3,268.0,1.48657,265.0,1.1321
FaFMx2,wfjsp1_7.txt,4,272.0,1.62846,265.0,2.6415
FaFMx2,wfjsp1_7.txt,5,272.0,1.56744,265.0,2.6415
FaFMx2,wfjsp1_8.txt,1,328.0,1.16254,328.0,0.0
FaFMx2,wfjsp1_8.txt,2,328.0,1.12258,328.0,0.0
FaFMx2,wfjsp1_8.txt,3,328.0,1.01924,328.0,0.0
FaFMx2,wfjsp1_8.txt,4,328.0,1.09956,328.0,0.0
FaFMx2,wfjsp1_8.txt,5,328.0,1.07047,328.0,0.0
FaFMx2,wfjsp1_9.txt,1,252.0,0.929002,252.0,0.0
FaFMx2,wfjsp1_9.txt,2,252.0,0.850751,252.0,0.0
FaFMx2,wfjsp1_9.txt,3,254.0,0.700108,252.0,0.7937
FaFMx2,wfjsp1_9.txt,4,252.0,1.122,252.0,0.0
FaFMx2,wfjsp1_9.txt,5,252.0,0.811328,252.0,0.0
FaFMx2,wfjsp20_1.txt,1,1110.0,121.452,1105.0,0.4525
FaFMx2,wfjsp20_1.txt,2,1103.0,158.903,1105.0,-0.181
FaFMx2,wfjsp20_1.txt,3,1104.0,139.085,1105.0,-0.0905
FaFMx2,wfjsp20_1.txt,4,1103.0,181.624,1105.0,-0.181
FaFMx2,wfjsp20_1.txt,5,1107.0,139.768,1105.0,0.181
FaFMx2,wfjsp20_10.txt,1,1369.0,117.115,1362.0,0.514
FaFMx2,wfjsp20_10.txt,2,1367.0,88.4743,1362.0,0.3671
FaFMx2,wfjsp20_10.txt,3,1364.0,127.12,1362.0,0.1468
FaFMx2,wfjsp20_10.txt,4,1367.0,171.656,1362.0,0.3671
FaFMx2,wfjsp20_10.txt,5,1367.0,225.412,1362.0,0.3671
FaFMx2,wfjsp20_2.txt,1,1244.0,225.971,1221.0,1.8837
FaFMx2,wfjsp20_2.txt,2,1251.0,74.2066,1221.0,2.457
FaFMx2,wfjsp20_2.txt,3,1241.0,135.117,1221.0,1.638
FaFMx2,wfjsp20_2.txt,4,1240.0,108.285,1221.0,1.5561
FaFMx2,wfjsp20_2.txt,5,1247.0,124.903,1221.0,2.1294
FaFMx2,wfjsp20_3.txt,1,1338.0,168.669,1328.0,0.753
FaFMx2,wfjsp20_3.txt,2,1342.0,185.512,1328.0,1.0542
FaFMx2,wfjsp20_3.txt,3,1345.0,202.171,1328.0,1.2801
FaFMx2,wfjsp20_3.txt,4,1345.0,145.638,1328.0,1.2801
FaFMx2,wfjsp20_3.txt,5,1341.0,188.624,1328.0,0.9789
FaFMx2,wfjsp20_4.txt,1,1263.0,220.768,1259.0,0.3177
FaFMx2,wfjsp20_4.txt,2,1271.0,112.058,1259.0,0.9531
FaFMx2,wfjsp20_4.txt,3,1264.0,192.875,1259.0,0.3971
FaFMx2,wfjsp20_4.txt,4,1260.0,71.7084,1259.0,0.0794
FaFMx2,wfjsp20_4.txt,5,1268.0,148.917,1259.0,0.7149
FaFMx2,wfjsp20_5.txt,1,1067.0,180.565,1058.0,0.8507
FaFMx2,wfjsp20_5.txt,2,1065.0,138.219,1058.0,0.6616
FaFMx2,wfjsp20_5.txt,3,1072.0,80.6876,1058.0,1.3233
FaFMx2,wfjsp20_5.txt,4,1066.0,80.2849,1058.0,0.7561
FaFMx2,wfjsp20_5.txt,5,1067.0,212.88,1058.0,0.8507
FaFMx2,wfjsp20_6.txt,1,1403.0,97.7866,1381.0,1.593
FaFMx2,wfjsp20_6.txt,2,1396.0,158.323,1381.0,1.0862
FaFMx2,wfjsp20_6.txt,3,1400.0,99.1697,1381.0,1.3758
FaFMx2,wfjsp20_6.txt,4,1399.0,172.116,1381.0,1.3034
FaFMx2,wfjsp20_6.txt,5,1398.0,260.345,1381.0,1.231
FaFMx2,wfjsp20_7.txt,1,1247.0,89.7771,1224.0,1.8791
FaFMx2,wfjsp20_7.txt,2,1232.0,312.35,1224.0,0.6536
FaFMx2,wfjsp20_7.txt,3,1237.0,126.183,1224.0,1.0621
FaFMx2,wfjsp20_7.txt,4,1235.0,199.436,1224.0,0.8987
FaFMx2,wfjsp20_7.txt,5,1240.0,119.198,1224.0,1.3072
FaFMx2,wfjsp20_8.txt,1,1208.0,81.1408,1183.0,2.1133
FaFMx2,wfjsp20_8.txt,2,1206.0,269.498,1183.0,1.9442
FaFMx2,wfjsp20_8.txt,3,1211.0,79.0528,1183.0,2.3669
FaFMx2,wfjsp20_8.txt,4,1208.0,172.104,1183.0,2.1133
FaFMx2,wfjsp20_8.txt,5,1202.0,144.78,1183.0,1.6061
FaFMx2,wfjsp20_9.txt,1,1214.0,85.5089,1200.0,1.1667
FaFMx2,wfjsp20_9.txt,2,1210.0,139.768,1200.0,0.8333
FaFMx2,wfjsp20_9.txt,3,1215.0,87.014,1200.0,1.25
FaFMx2,wfjsp20_9.txt,4,1214.0,197.412,1200.0,1.1667
FaFMx2,wfjsp20_9.txt,5,1215.0,153.083,1200.0,1.25
FaFMx2,wfjsp21_1.txt,1,1043.0,339.663,1049.0,-0.572
FaFMx2,wfjsp21_1.txt,2,1040.0,170.808,1049.0,-0.858
FaFMx2,wfjsp21_1.txt,3,1045.0,168.154,1049.0,-0.3813
FaFMx2,wfjsp21_1.txt,4,1052.0,150.11,1049.0,0.286
FaFMx2,wfjsp21_1.txt,5,1047.0,174.255,1049.0,-0.1907
FaFMx2,wfjsp21_10.txt,1,1125.0,110.365,1120.0,0.4464
FaFMx2,wfjsp21_10.txt,2,1128.0,116.654,1120.0,0.7143
FaFMx2,wfjsp21_10.txt,3,1123.0,186.828,1120.0,0.2679
FaFMx2,wfjsp21_10.txt,4,1121.0,120.543,1120.0,0.0893
FaFMx2,wfjsp21_10.txt,5,1128.0,224.04,1120.0,0.7143
FaFMx2,wfjsp21_2.txt,1,1177.0,143.694,1171.0,0.5124
FaFMx2,wfjsp21_2.txt,2,1173.0,333.647,1171.0,0.1708
FaFMx2,wfjsp21_2.txt,3,1175.0,223.586,1171.0,0.3416
FaFMx2,wfjsp21_2.txt,4,1176.0,282.925,1171.0,0.427
FaFMx2,wfjsp21_2.txt,5,1170.0,495.093,1171.0,-0.0854
FaFMx2,wfjsp21_3.txt,1,1059.0,356.682,1046.0,1.2428
FaFMx2,wfjsp21_3.txt,2,1064.0,276.586,1046.0,1.7208
FaFMx2,wfjsp21_3.txt,3,1061.0,236.478,1046.0,1.434
FaFMx2,wfjsp21_3.txt,4,1067.0,204.787,1046.0,2.0076
FaFMx2,wfjsp21_3.txt,5,1064.0,317.762,1046.0,1.7208
FaFMx2,wfjsp21_4.txt,1,1087.0,251.929,1095.0,-0.7306
FaFMx2,wfjsp21_4.txt,2,1087.0,326.019,1095.0,-0.7306
FaFMx2,wfjsp21_4.txt,3,1089.0,204.08,1095.0,-0.5479
FaFMx2,wfjsp21_4.txt,4,1088.0,190.125,1095.0,-0.6393
FaFMx2,wfjsp21_4.txt,5,1093.0,227.815,1095.0,-0.1826
FaFMx2,wfjsp21_5.txt,1,989.0,222.042,984.0,0.5081
FaFMx2,wfjsp21_5.txt,2,990.0,238.172,984.0,0.6098
FaFMx2,wfjsp21_5.txt,3,985.0,184.209,984.0,0.1016
FaFMx2,wfjsp21_5.txt,4,987.0,227.503,984.0,0.3049
FaFMx2,wfjsp21_5.txt,5,990.0,334.488,984.0,0.6098
FaFMx2,wfjsp21_6.txt,1,1205.0,267.584,1204.0,0.0831
FaFMx2,wfjsp21_6.txt,2,1206.0,216.511,1204.0,0.1661
FaFMx2,wfjsp21_6.txt,3,1208.0,174.353,1204.0,0.3322
FaFMx2,wfjsp21_6.txt,4,1212.0,281.079,1204.0,0.6645
FaFMx2,wfjsp21_6.txt,5,1209.0,237.041,1204.0,0.4153
FaFMx2,wfjsp21_7.txt,1,1042.0,204.605,1015.0,2.6601
FaFMx2,wfjsp21_7.txt,2,1040.0,154.26,1015.0,2.4631
FaFMx2,wfjsp21_7.txt,3,1039.0,261.318,1015.0,2.3645
FaFMx2,wfjsp21_7.txt,4,1041.0,291.834,1015.0,2.5616
FaFMx2,wfjsp21_7.txt,5,1046.0,153.143,1015.0,3.0542
FaFMx2,wfjsp21_8.txt,1,1085.0,161.378,1088.0,-0.2757
FaFMx2,wfjsp21_8.txt,2,1074.0,340.266,1088.0,-1.2868
FaFMx2,wfjsp21_8.txt,3,1081.0,237.732,1088.0,-0.6434
FaFMx2,wfjsp21_8.txt,4,1076.0,113.842,1088.0,-1.1029
FaFMx2,wfjsp21_8.txt,5,1078.0,227.561,1088.0,-0.9191
FaFMx2,wfjsp21_9.txt,1,1155.0,290.227,1129.0,2.3029
FaFMx2,wfjsp21_9.txt,2,1154.0,355.498,1129.0,2.2143
FaFMx2,wfjsp21_9.txt,3,1159.0,409.188,1129.0,2.6572
FaFMx2,wfjsp21_9.txt,4,1153.0,364.504,1129.0,2.1258
FaFMx2,wfjsp21_9.txt,5,1154.0,140.838,1129.0,2.2143
FaFMx2,wfjsp22_1.txt,1,899.0,243.884,903.0,-0.443
FaFMx2,wfjsp22_1.txt,2,899.0,258.192,903.0,-0.443
FaFMx2,wfjsp22_1.txt,3,898.0,264.337,903.0,-0.5537
FaFMx2,wfjsp22_1.txt,4,899.0,242.647,903.0,-0.443
FaFMx2,wfjsp22_1.txt,5,903.0,191.287,903.0,0.0
FaFMx2,wfjsp22_10.txt,1,1083.0,115.972,1084.0,-0.0923
FaFMx2,wfjsp22_10.txt,2,1079.0,310.663,1084.0,-0.4613
FaFMx2,wfjsp22_10.txt,3,1079.0,198.645,1084.0,-0.4613
FaFMx2,wfjsp22_10.txt,4,1080.0,185.383,1084.0,-0.369
FaFMx2,wfjsp22_10.txt,5,1079.0,228.643,1084.0,-0.4613
FaFMx2,wfjsp22_2.txt,1,972.0,107.227,957.0,1.5674
FaFMx2,wfjsp22_2.txt,2,967.0,202.12,957.0,1.0449
FaFMx2,wfjsp22_2.txt,3,965.0,304.578,957.0,0.8359
FaFMx2,wfjsp22_2.txt,4,968.0,127.314,957.0,1.1494
FaFMx2,wfjsp22_2.txt,5,964.0,215.643,957.0,0.7315
FaFMx2,wfjsp22_3.txt,1,1027.0,218.414,1024.0,0.293
FaFMx2,wfjsp22_3.txt,2,1027.0,201.176,1024.0,0.293
FaFMx2,wfjsp22_3.txt,3,1027.0,289.765,1024.0,0.293
FaFMx2,wfjsp22_3.txt,4,1026.0,220.208,1024.0,0.1953
FaFMx2,wfjsp22_3.txt,5,1027.0,204.721,1024.0,0.293
FaFMx2,wfjsp22_4.txt,1,988.0,340.567,989.0,-0.1011
FaFMx2,wfjsp22_4.txt,2,986.0,142.787,989.0,-0.3033
FaFMx2,wfjsp22_4.txt,3,983.0,218.307,989.0,-0.6067
FaFMx2,wfjsp22_4.txt,4,985.0,208.305,989.0,-0.4044
FaFMx2,wfjsp22_4.txt,5,985.0,397.031,989.0,-0.4044
FaFMx2,wfjsp22_5.txt,1,866.0,264.692,874.0,-0.9153
FaFMx2,wfjsp22_5.txt,2,868.0,226.023,874.0,-0.6865
FaFMx2,wfjsp22_5.txt,3,871.0,139.231,874.0,-0.3432
FaFMx2,wfjsp22_5.txt,4,866.0,197.492,874.0,-0.9153
FaFMx2,wfjsp22_5.txt,5,864.0,185.029,874.0,-1.1442
FaFMx2,wfjsp22_6.txt,1,1125.0,186.734,1114.0,0.9874
FaFMx2,wfjsp22_6.txt,2,1121.0,203.453,1114.0,0.6284
FaFMx2,wfjsp22_6.txt,3,1119.0,165.237,1114.0,0.4488
FaFMx2,wfjsp22_6.txt,4,1123.0,136.49,1114.0,0.8079
FaFMx2,wfjsp22_6.txt,5,1120.0,178.091,1114.0,0.5386
FaFMx2,wfjsp22_7.txt,1,1003.0,188.939,994.0,0.9054
FaFMx2,wfjsp22_7.txt,2,1005.0,182.086,994.0,1.1066
FaFMx2,wfjsp22_7.txt,3,1003.0,127.155,994.0,0.9054
FaFMx2,wfjsp22_7.txt,4,1005.0,206.988,994.0,1.1066
FaFMx2,wfjsp22_7.txt,5,1006.0,121.88,994.0,1.2072
FaFMx2,wfjsp22_8.txt,1,963.0,105.29,946.0,1.797
FaFMx2,wfjsp22_8.txt,2,958.0,179.888,946.0,1.2685
FaFMx2,wfjsp22_8.txt,3,956.0,200.96,946.0,1.0571
FaFMx2,wfjsp22_8.txt,4,955.0,140.428,946.0,0.9514
FaFMx2,wfjsp22_8.txt,5,954.0,306.631,946.0,0.8457
FaFMx2,wfjsp22_9.txt,1,955.0,168.485,944.0,1.1653
FaFMx2,wfjsp22_9.txt,2,955.0,149.472,944.0,1.1653
FaFMx2,wfjsp22_9.txt,3,950.0,274.863,944.0,0.6356
FaFMx2,wfjsp22_9.txt,4,955.0,160.214,944.0,1.1653
FaFMx2,wfjsp22_9.txt,5,955.0,154.809,944.0,1.1653
FaFMx2,wfjsp23_1.txt,1,1538.0,409.085,1519.0,1.2508
FaFMx2,wfjsp23_1.txt,2,1537.0,565.144,1519.0,1.185
FaFMx2,wfjsp23_1.txt,3,1537.0,370.181,1519.0,1.185
FaFMx2,wfjsp23_1.txt,4,1537.0,282.493,1519.0,1.185
FaFMx2,wfjsp23_1.txt,5,1535.0,359.829,1519.0,1.0533
FaFMx2,wfjsp23_10.txt,1,1728.0,762.256,1727.0,0.0579
FaFMx2,wfjsp23_10.txt,2,1733.0,657.15,1727.0,0.3474
FaFMx2,wfjsp23_10.txt,3,1742.0,282.791,1727.0,0.8686
FaFMx2,wfjsp23_10.txt,4,1730.0,604.529,1727.0,0.1737
FaFMx2,wfjsp23_10.txt,5,1733.0,397.637,1727.0,0.3474
FaFMx2,wfjsp23_2.txt,1,1613.0,233.26,1595.0,1.1285
FaFMx2,wfjsp23_2.txt,2,1616.0,295.862,1595.0,1.3166
FaFMx2,wfjsp23_2.txt,3,1608.0,382.445,1595.0,0.815
FaFMx2,wfjsp23_2.txt,4,1605.0,403.397,1595.0,0.627
FaFMx2,wfjsp23_2.txt,5,1607.0,230.722,1595.0,0.7524
FaFMx2,wfjsp23_3.txt,1,1665.0,648.663,1657.0,0.4828
FaFMx2,wfjsp23_3.txt,2,1655.0,767.137,1657.0,-0.1207
FaFMx2,wfjsp23_3.txt,3,1670.0,227.264,1657.0,0.7846
FaFMx2,wfjsp23_3.txt,4,1674.0,325.77,1657.0,1.026
FaFMx2,wfjsp23_3.txt,5,1676.0,425.335,1657.0,1.1467
FaFMx2,wfjsp23_4.txt,1,1588.0,596.145,1572.0,1.0178
FaFMx2,wfjsp23_4.txt,2,1592.0,423.385,1572.0,1.2723
FaFMx2,wfjsp23_4.txt,3,1596.0,411.535,1572.0,1.5267
FaFMx2,wfjsp23_4.txt,4,1585.0,955.528,1572.0,0.827
FaFMx2,wfjsp23_4.txt,5,1591.0,505.682,1572.0,1.2087
FaFMx2,wfjsp23_5.txt,1,1482.0,439.374,1488.0,-0.4032
FaFMx2,wfjsp23_5.txt,2,1482.0,234.598,1488.0,-0.4032
FaFMx2,wfjsp23_5.txt,3,1484.0,267.859,1488.0,-0.2688
FaFMx2,wfjsp23_5.txt,4,1490.0,263.439,1488.0,0.1344
FaFMx2,wfjsp23_5.txt,5,1477.0,259.12,1488.0,-0.7392
FaFMx2,wfjsp23_6.txt,1,1862.0,329.8,1866.0,-0.2144
FaFMx2,wfjsp23_6.txt,2,1860.0,310.203,1866.0,-0.3215
FaFMx2,wfjsp23_6.txt,3,1859.0,336.7,1866.0,-0.3751
FaFMx2,wfjsp23_6.txt,4,1863.0,326.376,1866.0,-0.1608
FaFMx2,wfjsp23_6.txt,5,1858.0,576.2,1866.0,-0.4287
FaFMx2,wfjsp23_7.txt,1,1625.0,444.502,1601.0,1.4991
FaFMx2,wfjsp23_7.txt,2,1630.0,403.364,1601.0,1.8114
FaFMx2,wfjsp23_7.txt,3,1629.0,419.099,1601.0,1.7489
FaFMx2,wfjsp23_7.txt,4,1625.0,676.797,1601.0,1.4991
FaFMx2,wfjsp23_7.txt,5,1628.0,341.831,1601.0,1.6864
FaFMx2,wfjsp23_8.txt,1,1620.0,339.5,1597.0,1.4402
FaFMx2,wfjsp23_8.txt,2,1614.0,330.36,1597.0,1.0645
FaFMx2,wfjsp23_8.txt,3,1614.0,289.495,1597.0,1.0645
FaFMx2,wfjsp23_8.txt,4,1612.0,220.344,1597.0,0.9393
FaFMx2,wfjsp23_8.txt,5,1617.0,415.553,1597.0,1.2523
FaFMx2,wfjsp23_9.txt,1,1597.0,366.298,1582.0,0.9482
FaFMx2,wfjsp23_9.txt,2,1592.0,298.384,1582.0,0.6321
FaFMx2,wfjsp23_9.txt,3,1603.0,474.219,1582.0,1.3274
FaFMx2,wfjsp23_9.txt,4,1588.0,732.576,1582.0,0.3793
FaFMx2,wfjsp23_9.txt,5,1597.0,371.987,1582.0,0.9482
FaFMx2,wfjsp24_1.txt,1,1212.0,235.242,1201.0,0.9159
FaFMx2,wfjsp24_1.txt,2,1208.0,202.977,1201.0,0.5828
FaFMx2,wfjsp24_1.txt,3,1206.0,154.846,1201.0,0.4163
FaFMx2,wfjsp24_1.txt,4,1210.0,148.145,1201.0,0.7494
FaFMx2,wfjsp24_1.txt,5,1202.0,364.191,1201.0,0.0833
FaFMx2,wfjsp24_10.txt,1,1394.0,184.935,1407.0,-0.924
FaFMx2,wfjsp24_10.txt,2,1392.0,297.323,1407.0,-1.0661
FaFMx2,wfjsp24_10.txt,3,1386.0,324.002,1407.0,-1.4925
FaFMx2,wfjsp24_10.txt,4,1389.0,345.733,1407.0,-1.2793
FaFMx2,wfjsp24_10.txt,5,1395.0,269.32,1407.0,-0.8529
FaFMx2,wfjsp24_2.txt,1,1237.0,183.168,1220.0,1.3934
FaFMx2,wfjsp24_2.txt,2,1243.0,145.436,1220.0,1.8852
FaFMx2,wfjsp24_2.txt,3,1241.0,213.586,1220.0,1.7213
FaFMx2,wfjsp24_2.txt,4,1241.0,279.717,1220.0,1.7213
FaFMx2,wfjsp24_2.txt,5,1239.0,260.734,1220.0,1.5574
FaFMx2,wfjsp24_3.txt,1,1328.0,229.341,1330.0,-0.1504
FaFMx2,wfjsp24_3.txt,2,1320.0,169.816,1330.0,-0.7519
FaFMx2,wfjsp24_3.txt,3,1333.0,228.374,1330.0,0.2256
FaFMx2,wfjsp24_3.txt,4,1324.0,202.712,1330.0,-0.4511
FaFMx2,wfjsp24_3.txt,5,1330.0,447.761,1330.0,0.0
FaFMx2,wfjsp24_4.txt,1,1310.0,212.08,1300.0,0.7692
FaFMx2,wfjsp24_4.txt,2,1311.0,232.9,1300.0,0.8462
FaFMx2,wfjsp24_4.txt,3,1309.0,368.738,1300.0,0.6923
FaFMx2,wfjsp24_4.txt,4,1310.0,237.709,1300.0,0.7692
FaFMx2,wfjsp24_4.txt,5,1307.0,406.858,1300.0,0.5385
FaFMx2,wfjsp24_5.txt,1,1118.0,252.937,1113.0,0.4492
FaFMx2,wfjsp24_5.txt,2,1123.0,229.069,1113.0,0.8985
FaFMx2,wfjsp24_5.txt,3,1121.0,253.569,1113.0,0.7188
FaFMx2,wfjsp24_5.txt,4,1117.0,146.3,1113.0,0.3594
FaFMx2,wfjsp24_5.txt,5,1117.0,422.027,1113.0,0.3594
FaFMx2,wfjsp24_6.txt,1,1496.0,174.685,1487.0,0.6052
FaFMx2,wfjsp24_6.txt,2,1493.0,264.196,1487.0,0.4035
FaFMx2,wfjsp24_6.txt,3,1493.0,281.769,1487.0,0.4035
FaFMx2,wfjsp24_6.txt,4,1494.0,439.85,1487.0,0.4707
FaFMx2,wfjsp24_6.txt,5,1493.0,275.394,1487.0,0.4035
FaFMx2,wfjsp24_7.txt,1,1321.0,266.882,1312.0,0.686
FaFMx2,wfjsp24_7.txt,2,1321.0,304.682,1312.0,0.686
FaFMx2,wfjsp24_7.txt,3,1324.0,147.102,1312.0,0.9146
FaFMx2,wfjsp24_7.txt,4,1321.0,272.006,1312.0,0.686
FaFMx2,wfjsp24_7.txt,5,1319.0,230.596,1312.0,0.5335
FaFMx2,wfjsp24_8.txt,1,1276.0,269.788,1263.0,1.0293
FaFMx2,wfjsp24_8.txt,2,1275.0,287.075,1263.0,0.9501
FaFMx2,wfjsp24_8.txt,3,1276.0,177.905,1263.0,1.0293
FaFMx2,wfjsp24_8.txt,4,1273.0,299.811,1263.0,0.7918
FaFMx2,wfjsp24_8.txt,5,1278.0,136.062,1263.0,1.1876
FaFMx2,wfjsp24_9.txt,1,1266.0,359.455,1269.0,-0.2364
FaFMx2,wfjsp24_9.txt,2,1272.0,197.448,1269.0,0.2364
FaFMx2,wfjsp24_9.txt,3,1269.0,151.637,1269.0,0.0
FaFMx2,wfjsp24_9.txt,4,1264.0,294.364,1269.0,-0.394
FaFMx2,wfjsp24_9.txt,5,1263.0,297.671,1269.0,-0.4728
FaFMx2,wfjsp2_1.txt,1,336.0,1.79729,336.0,0.0
FaFMx2,wfjsp2_1.txt,2,336.0,2.53678,336.0,0.0
FaFMx2,wfjsp2_1.txt,3,336.0,1.88358,336.0,0.0
FaFMx2,wfjsp2_1.txt,4,336.0,1.81766,336.0,0.0
FaFMx2,wfjsp2_1.txt,5,336.0,1.72378,336.0,0.0
FaFMx2,wfjsp2_10.txt,1,490.0,1.55747,489.0,0.2045
FaFMx2,wfjsp2_10.txt,2,490.0,1.75328,489.0,0.2045
FaFMx2,wfjsp2_10.txt,3,490.0,1.63754,489.0,0.2045
FaFMx2,wfjsp2_10.txt,4,490.0,1.66542,489.0,0.2045
FaFMx2,wfjsp2_10.txt,5,491.0,1.69214,489.0,0.409
FaFMx2,wfjsp2_2.txt,1,370.0,1.64987,368.0,0.5435
FaFMx2,wfjsp2_2.txt,2,370.0,1.72043,368.0,0.5435
FaFMx2,wfjsp2_2.txt,3,370.0,1.63853,368.0,0.5435
FaFMx2,wfjsp2_2.txt,4,370.0,1.73148,368.0,0.5435
FaFMx2,wfjsp2_2.txt,5,370.0,1.5942,368.0,0.5435
FaFMx2,wfjsp2_3.txt,1,421.0,1.84634,421.0,0.0
FaFMx2,wfjsp2_3.txt,2,421.0,2.09534,421.0,0.0
FaFMx2,wfjsp2_3.txt,3,421.0,1.80143,421.0,0.0
FaFMx2,wfjsp2_3.txt,4,421.0,2.00803,421.0,0.0
FaFMx2,wfjsp2_3.txt,5,421.0,2.01077,421.0,0.0
FaFMx2,wfjsp2_4.txt,1,380.0,3.53746,378.0,0.5291
FaFMx2,wfjsp2_4.txt,2,383.0,2.21348,378.0,1.3228
FaFMx2,wfjsp2_4.txt,3,379.0,3.541,378.0,0.2646
FaFMx2,wfjsp2_4.txt,4,383.0,2.18132,378.0,1.3228
FaFMx2,wfjsp2_4.txt,5,380.0,3.30416,378.0,0.5291
FaFMx2,wfjsp2_5.txt,1,272.0,1.06807,270.0,0.7407
FaFMx2,wfjsp2_5.txt,2,272.0,1.03678,270.0,0.7407
FaFMx2,wfjsp2_5.txt,3,272.0,0.939459,270.0,0.7407
FaFMx2,wfjsp2_5.txt,4,272.0,1.01094,270.0,0.7407
FaFMx2,wfjsp2_5.txt,5,272.0,0.985582,270.0,0.7407
FaFMx2,wfjsp2_6.txt,1,424.0,3.06958,416.0,1.9231
FaFMx2,wfjsp2_6.txt,2,424.0,4.48354,416.0,1.9231
FaFMx2,wfjsp2_6.txt,3,422.0,1.97754,416.0,1.4423
FaFMx2,wfjsp2_6.txt,4,425.0,2.75526,416.0,2.1635
FaFMx2,wfjsp2_6.txt,5,424.0,1.93906,416.0,1.9231
FaFMx2,wfjsp2_7.txt,1,396.0,3.01631,395.0,0.2532
FaFMx2,wfjsp2_7.txt,2,399.0,2.01644,395.0,1.0127
FaFMx2,wfjsp2_7.txt,3,397.0,1.8664,395.0,0.5063
FaFMx2,wfjsp2_7.txt,4,398.0,1.90142,395.0,0.7595
FaFMx2,wfjsp2_7.txt,5,399.0,2.07388,395.0,1.0127
FaFMx2,wfjsp2_8.txt,1,417.0,1.86392,414.0,0.7246
FaFMx2,wfjsp2_8.txt,2,415.0,2.06816,414.0,0.2415
FaFMx2,wfjsp2_8.txt,3,417.0,1.65004,414.0,0.7246
FaFMx2,wfjsp2_8.txt,4,417.0,1.68228,414.0,0.7246
FaFMx2,wfjsp2_8.txt,5,417.0,1.83394,414.0,0.7246
FaFMx2,wfjsp2_9.txt,1,329.0,1.39907,329.0,0.0
FaFMx2,wfjsp2_9.txt,2,329.0,1.76007,329.0,0.0
FaFMx2,wfjsp2_9.txt,3,332.0,1.38816,329.0,0.9119
FaFMx2,wfjsp2_9.txt,4,329.0,1.73662,329.0,0.0
FaFMx2,wfjsp2_9.txt,5,335.0,1.44059,329.0,1.8237
FaFMx2,wfjsp3_1.txt,1,425.0,3.21419,419.0,1.432
FaFMx2,wfjsp3_1.txt,2,429.0,2.53029,419.0,2.3866
FaFMx2,wfjsp3_1.txt,3,429.0,2.40841,419.0,2.3866
FaFMx2,wfjsp3_1.txt,4,429.0,2.81184,419.0,2.3866
FaFMx2,wfjsp3_1.txt,5,431.0,2.5891,419.0,2.864
FaFMx2,wfjsp3_10.txt,1,455.0,2.47714,455.0,0.0
FaFMx2,wfjsp3_10.txt,2,455.0,2.44666,455.0,0.0
FaFMx2,wfjsp3_10.txt,3,469.0,2.09807,455.0,3.0769
FaFMx2,wfjsp3_10.txt,4,455.0,2.58033,455.0,0.0
FaFMx2,wfjsp3_10.txt,5,455.0,2.42794,455.0,0.0
FaFMx2,wfjsp3_2.txt,1,545.0,3.279,543.0,0.3683
FaFMx2,wfjsp3_2.txt,2,545.0,2.96967,543.0,0.3683
FaFMx2,wfjsp3_2.txt,3,543.0,3.73354,543.0,0.0
FaFMx2,wfjsp3_2.txt,4,545.0,3.22071,543.0,0.3683
FaFMx2,wfjsp3_2.txt,5,545.0,3.16104,543.0,0.3683
FaFMx2,wfjsp3_3.txt,1,383.0,1.53143,383.0,0.0
FaFMx2,wfjsp3_3.txt,2,383.0,1.55889,383.0,0.0
FaFMx2,wfjsp3_3.txt,3,383.0,1.50888,383.0,0.0
FaFMx2,wfjsp3_3.txt,4,383.0,1.51777,383.0,0.0
FaFMx2,wfjsp3_3.txt,5,383.0,1.53473,383.0,0.0
FaFMx2,wfjsp3_4.txt,1,454.0,5.25419,443.0,2.4831
FaFMx2,wfjsp3_4.txt,2,445.0,4.10649,443.0,0.4515
FaFMx2,wfjsp3_4.txt,3,445.0,3.20913,443.0,0.4515
FaFMx2,wfjsp3_4.txt,4,445.0,3.51934,443.0,0.4515
FaFMx2,wfjsp3_4.txt,5,466.0,3.37115,443.0,5.1919
FaFMx2,wfjsp3_5.txt,1,303.0,2.39013,284.0,6.6901
FaFMx2,wfjsp3_5.txt,2,305.0,2.47327,284.0,7.3944
FaFMx2,wfjsp3_5.txt,3,303.0,3.86712,284.0,6.6901
FaFMx2,wfjsp3_5.txt,4,308.0,2.2172,284.0,8.4507
FaFMx2,wfjsp3_5.txt,5,305.0,2.36454,284.0,7.3944
FaFMx2,wfjsp3_6.txt,1,531.0,2.93856,529.0,0.3781
FaFMx2,wfjsp3_6.txt,2,530.0,3.76727,529.0,0.189
FaFMx2,wfjsp3_6.txt,3,535.0,3.1106,529.0,1.1342
FaFMx2,wfjsp3_6.txt,4,534.0,5.44023,529.0,0.9452
FaFMx2,wfjsp3_6.txt,5,529.0,3.37819,529.0,0.0
FaFMx2,wfjsp3_7.txt,1,343.0,2.86025,342.0,0.2924
FaFMx2,wfjsp3_7.txt,2,343.0,2.65701,342.0,0.2924
FaFMx2,wfjsp3_7.txt,3,343.0,2.0212,342.0,0.2924
FaFMx2,wfjsp3_7.txt,4,343.0,2.14584,342.0,0.2924
FaFMx2,wfjsp3_7.txt,5,343.0,3.1981,342.0,0.2924
FaFMx2,wfjsp3_8.txt,1,497.0,5.51158,492.0,1.0163
FaFMx2,wfjsp3_8.txt,2,492.0,3.46207,492.0,0.0
FaFMx2,wfjsp3_8.txt,3,493.0,3.28535,492.0,0.2033
FaFMx2,wfjsp3_8.txt,4,492.0,2.68022,492.0,0.0
FaFMx2,wfjsp3_8.txt,5,497.0,2.73874,492.0,1.0163
FaFMx2,wfjsp3_9.txt,1,535.0,2.36093,534.0,0.1873
FaFMx2,wfjsp3_9.txt,2,535.0,2.32735,534.0,0.1873
FaFMx2,wfjsp3_9.txt,3,535.0,2.84716,534.0,0.1873
FaFMx2,wfjsp3_9.txt,4,535.0,2.72073,534.0,0.1873
FaFMx2,wfjsp3_9.txt,5,535.0,2.84474,534.0,0.1873
FaFMx2,wfjsp4_1.txt,1,284.0,8.40594,277.0,2.5271
FaFMx2,wfjsp4_1.txt,2,287.0,4.69927,277.0,3.6101
FaFMx2,wfjsp4_1.txt,3,283.0,3.95778,277.0,2.1661
FaFMx2,wfjsp4_1.txt,4,284.0,3.8276,277.0,2.5271
FaFMx2,wfjsp4_1.txt,5,284.0,6.49206,277.0,2.5271
FaFMx2,wfjsp4_10.txt,1,296.0,3.02348,293.0,1.0239
FaFMx2,wfjsp4_10.txt,2,293.0,3.14388,293.0,0.0
FaFMx2,wfjsp4_10.txt,3,293.0,4.66346,293.0,0.0
FaFMx2,wfjsp4_10.txt,4,293.0,4.21622,293.0,0.0
FaFMx2,wfjsp4_10.txt,5,293.0,2.93553,293.0,0.0
FaFMx2,wfjsp4_2.txt,1,359.0,6.26688,350.0,2.5714
FaFMx2,wfjsp4_2.txt,2,356.0,9.83844,350.0,1.7143
FaFMx2,wfjsp4_2.txt,3,358.0,6.98961,350.0,2.2857
FaFMx2,wfjsp4_2.txt,4,356.0,5.83346,350.0,1.7143
FaFMx2,wfjsp4_2.txt,5,356.0,7.60051,350.0,1.7143
FaFMx2,wfjsp4_3.txt,1,366.0,3.82683,360.0,1.6667
FaFMx2,wfjsp4_3.txt,2,366.0,4.55259,360.0,1.6667
FaFMx2,wfjsp4_3.txt,3,366.0,3.70462,360.0,1.6667
FaFMx2,wfjsp4_3.txt,4,366.0,3.74929,360.0,1.6667
FaFMx2,wfjsp4_3.txt,5,371.0,9.91561,360.0,3.0556
FaFMx2,wfjsp4_4.txt,1,322.0,4.43805,320.0,0.625
FaFMx2,wfjsp4_4.txt,2,322.0,5.07088,320.0,0.625
FaFMx2,wfjsp4_4.txt,3,322.0,4.27553,320.0,0.625
FaFMx2,wfjsp4_4.txt,4,327.0,4.58332,320.0,2.1875
FaFMx2,wfjsp4_4.txt,5,322.0,4.56445,320.0,0.625
FaFMx2,wfjsp4_5.txt,1,290.0,2.71628,290.0,0.0
FaFMx2,wfjsp4_5.txt,2,290.0,2.44911,290.0,0.0
FaFMx2,wfjsp4_5.txt,3,290.0,2.30128,290.0,0.0
FaFMx2,wfjsp4_5.txt,4,290.0,2.35184,290.0,0.0
FaFMx2,wfjsp4_5.txt,5,290.0,2.73465,290.0,0.0
FaFMx2,wfjsp4_6.txt,1,382.0,4.79376,355.0,7.6056
FaFMx2,wfjsp4_6.txt,2,358.0,4.3432,355.0,0.8451
FaFMx2,wfjsp4_6.txt,3,370.0,4.79238,355.0,4.2254
FaFMx2,wfjsp4_6.txt,4,370.0,6.05268,355.0,4.2254
FaFMx2,wfjsp4_6.txt,5,367.0,8.29437,355.0,3.3803
FaFMx2,wfjsp4_7.txt,1,300.0,7.3993,288.0,4.1667
FaFMx2,wfjsp4_7.txt,2,292.0,3.78578,288.0,1.3889
FaFMx2,wfjsp4_7.txt,3,300.0,7.98854,288.0,4.1667
FaFMx2,wfjsp4_7.txt,4,302.0,3.48638,288.0,4.8611
FaFMx2,wfjsp4_7.txt,5,302.0,5.002,288.0,4.8611
FaFMx2,wfjsp4_8.txt,1,323.0,3.60536,316.0,2.2152
FaFMx2,wfjsp4_8.txt,2,322.0,4.93023,316.0,1.8987
FaFMx2,wfjsp4_8.txt,3,323.0,5.25668,316.0,2.2152
FaFMx2,wfjsp4_8.txt,4,323.0,3.34102,316.0,2.2152
FaFMx2,wfjsp4_8.txt,5,323.0,3.37422,316.0,2.2152
FaFMx2,wfjsp4_9.txt,1,288.0,2.09163,288.0,0.0
FaFMx2,wfjsp4_9.txt,2,288.0,3.99307,288.0,0.0
FaFMx2,wfjsp4_9.txt,3,288.0,2.0072,288.0,0.0
FaFMx2,wfjsp4_9.txt,4,288.0,2.21816,288.0,0.0
FaFMx2,wfjsp4_9.txt,5,288.0,2.82728,288.0,0.0
FaFMx2,wfjsp5_1.txt,1,629.0,19.8395,608.0,3.4539
FaFMx2,wfjsp5_1.txt,2,635.0,11.7516,608.0,4.4408
FaFMx2,wfjsp5_1.txt,3,632.0,19.3927,608.0,3.9474
FaFMx2,wfjsp5_1.txt,4,627.0,23.0854,608.0,3.125
FaFMx2,wfjsp5_1.txt,5,631.0,23.556,608.0,3.7829
FaFMx2,wfjsp5_10.txt,1,652.0,8.97136,627.0,3.9872
FaFMx2,wfjsp5_10.txt,2,654.0,8.48761,627.0,4.3062
FaFMx2,wfjsp5_10.txt,3,654.0,5.77877,627.0,4.3062
FaFMx2,wfjsp5_10.txt,4,652.0,7.91174,627.0,3.9872
FaFMx2,wfjsp5_10.txt,5,652.0,9.08556,627.0,3.9872
FaFMx2,wfjsp5_2.txt,1,660.0,32.8547,638.0,3.4483
FaFMx2,wfjsp5_2.txt,2,668.0,31.2947,638.0,4.7022
FaFMx2,wfjsp5_2.txt,3,654.0,21.7553,638.0,2.5078
FaFMx2,wfjsp5_2.txt,4,652.0,20.7737,638.0,2.1944
FaFMx2,wfjsp5_2.txt,5,661.0,27.896,638.0,3.605
FaFMx2,wfjsp5_3.txt,1,641.0,10.7655,626.0,2.3962
FaFMx2,wfjsp5_3.txt,2,643.0,22.4153,626.0,2.7157
FaFMx2,wfjsp5_3.txt,3,656.0,8.20784,626.0,4.7923
FaFMx2,wfjsp5_3.txt,4,652.0,11.6805,626.0,4.1534
FaFMx2,wfjsp5_3.txt,5,633.0,13.7215,626.0,1.1182
FaFMx2,wfjsp5_4.txt,1,732.0,26.2425,722.0,1.385
FaFMx2,wfjsp5_4.txt,2,738.0,33.3609,722.0,2.2161
FaFMx2,wfjsp5_4.txt,3,747.0,20.9248,722.0,3.4626
FaFMx2,wfjsp5_4.txt,4,744.0,25.2068,722.0,3.0471
FaFMx2,wfjsp5_4.txt,5,749.0,28.3087,722.0,3.7396
FaFMx2,wfjsp5_5.txt,1,727.0,27.2774,729.0,-0.2743
FaFMx2,wfjsp5_5.txt,2,736.0,16.3273,729.0,0.9602
FaFMx2,wfjsp5_5.txt,3,722.0,29.1447,729.0,-0.9602
FaFMx2,wfjsp5_5.txt,4,716.0,17.7428,729.0,-1.7833
FaFMx2,wfjsp5_5.txt,5,729.0,18.4446,729.0,0.0
FaFMx2,wfjsp5_6.txt,1,740.0,35.6234,732.0,1.0929
FaFMx2,wfjsp5_6.txt,2,746.0,14.4167,732.0,1.9126
FaFMx2,wfjsp5_6.txt,3,742.0,24.3436,732.0,1.3661
FaFMx2,wfjsp5_6.txt,4,747.0,31.3993,732.0,2.0492
FaFMx2,wfjsp5_6.txt,5,745.0,14.5674,732.0,1.776
FaFMx2,wfjsp5_7.txt,1,766.0,24.3978,754.0,1.5915
FaFMx2,wfjsp5_7.txt,2,782.0,14.6424,754.0,3.7135
FaFMx2,wfjsp5_7.txt,3,770.0,13.2145,754.0,2.122
FaFMx2,wfjsp5_7.txt,4,767.0,18.6462,754.0,1.7241
FaFMx2,wfjsp5_7.txt,5,767.0,15.4927,754.0,1.7241
FaFMx2,wfjsp5_8.txt,1,701.0,16.1722,683.0,2.6354
FaFMx2,wfjsp5_8.txt,2,687.0,21.2389,683.0,0.5857
FaFMx2,wfjsp5_8.txt,3,698.0,19.2086,683.0,2.1962
FaFMx2,wfjsp5_8.txt,4,692.0,13.7547,683.0,1.3177
FaFMx2,wfjsp5_8.txt,5,687.0,18.4524,683.0,0.5857
FaFMx2,wfjsp5_9.txt,1,620.0,13.0476,582.0,6.5292
FaFMx2,wfjsp5_9.txt,2,606.0,15.3961,582.0,4.1237
FaFMx2,wfjsp5_9.txt,3,627.0,16.9877,582.0,7.732
FaFMx2,wfjsp5_9.txt,4,616.0,8.13061,582.0,5.8419
FaFMx2,wfjsp5_9.txt,5,612.0,19.2569,582.0,5.1546
FaFMx2,wfjsp6_1.txt,1,694.0,36.6885,682.0,1.7595
FaFMx2,wfjsp6_1.txt,2,693.0,31.857,682.0,1.6129
FaFMx2,wfjsp6_1.txt,3,690.0,22.7321,682.0,1.173
FaFMx2,wfjsp6_1.txt,4,690.0,27.0631,682.0,1.173
FaFMx2,wfjsp6_1.txt,5,704.0,14.4759,682.0,3.2258
FaFMx2,wfjsp6_10.txt,1,710.0,20.7979,699.0,1.5737
FaFMx2,wfjsp6_10.txt,2,719.0,13.9911,699.0,2.8612
FaFMx2,wfjsp6_10.txt,3,703.0,20.2147,699.0,0.5722
FaFMx2,wfjsp6_10.txt,4,718.0,13.4505,699.0,2.7182
FaFMx2,wfjsp6_10.txt,5,696.0,22.2311,699.0,-0.4292
FaFMx2,wfjsp6_2.txt,1,792.0,21.9492,780.0,1.5385
FaFMx2,wfjsp6_2.txt,2,788.0,29.8704,780.0,1.0256
FaFMx2,wfjsp6_2.txt,3,782.0,35.5422,780.0,0.2564
FaFMx2,wfjsp6_2.txt,4,793.0,23.009,780.0,1.6667
FaFMx2,wfjsp6_2.txt,5,794.0,18.8727,780.0,1.7949
FaFMx2,wfjsp6_3.txt,1,755.0,16.4258,735.0,2.7211
FaFMx2,wfjsp6_3.txt,2,742.0,23.223,735.0,0.9524
FaFMx2,wfjsp6_3.txt,3,755.0,15.9257,735.0,2.7211
FaFMx2,wfjsp6_3.txt,4,748.0,20.0739,735.0,1.7687
FaFMx2,wfjsp6_3.txt,5,744.0,17.1331,735.0,1.2245
FaFMx2,wfjsp6_4.txt,1,822.0,30.0734,803.0,2.3661
FaFMx2,wfjsp6_4.txt,2,828.0,19.56,803.0,3.1133
FaFMx2,wfjsp6_4.txt,3,819.0,19.7847,803.0,1.9925
FaFMx2,wfjsp6_4.txt,4,814.0,37.5168,803.0,1.3699
FaFMx2,wfjsp6_4.txt,5,823.0,26.8106,803.0,2.4907
FaFMx2,wfjsp6_5.txt,1,857.0,34.1428,844.0,1.5403
FaFMx2,wfjsp6_5.txt,2,845.0,50.9842,844.0,0.1185
FaFMx2,wfjsp6_5.txt,3,854.0,21.3349,844.0,1.1848
FaFMx2,wfjsp6_5.txt,4,843.0,28.7932,844.0,-0.1185
FaFMx2,wfjsp6_5.txt,5,849.0,24.5501,844.0,0.5924
FaFMx2,wfjsp6_6.txt,1,825.0,20.5618,798.0,3.3835
FaFMx2,wfjsp6_6.txt,2,811.0,46.481,798.0,1.6291
FaFMx2,wfjsp6_6.txt,3,829.0,24.7841,798.0,3.8847
FaFMx2,wfjsp6_6.txt,4,816.0,26.1562,798.0,2.2556
FaFMx2,wfjsp6_6.txt,5,811.0,26.2201,798.0,1.6291
FaFMx2,wfjsp6_7.txt,1,845.0,23.8,855.0,-1.1696
FaFMx2,wfjsp6_7.txt,2,850.0,33.49,855.0,-0.5848
FaFMx2,wfjsp6_7.txt,3,866.0,21.0668,855.0,1.2865
FaFMx2,wfjsp6_7.txt,4,861.0,17.0464,855.0,0.7018
FaFMx2,wfjsp6_7.txt,5,845.0,35.645,855.0,-1.1696
FaFMx2,wfjsp6_8.txt,1,769.0,34.8204,759.0,1.3175
FaFMx2,wfjsp6_8.txt,2,784.0,17.1012,759.0,3.2938
FaFMx2,wfjsp6_8.txt,3,793.0,24.4835,759.0,4.4796
FaFMx2,wfjsp6_8.txt,4,778.0,19.5275,759.0,2.5033
FaFMx2,wfjsp6_8.txt,5,767.0,43.6944,759.0,1.054
FaFMx2,wfjsp6_9.txt,1,704.0,16.7362,686.0,2.6239
FaFMx2,wfjsp6_9.txt,2,697.0,18.2095,686.0,1.6035
FaFMx2,wfjsp6_9.txt,3,700.0,12.7279,686.0,2.0408
FaFMx2,wfjsp6_9.txt,4,693.0,21.161,686.0,1.0204
FaFMx2,wfjsp6_9.txt,5,692.0,18.7727,686.0,0.8746
FaFMx2,wfjsp7_1.txt,1,829.0,30.9787,815.0,1.7178
FaFMx2,wfjsp7_1.txt,2,828.0,65.0903,815.0,1.5951
FaFMx2,wfjsp7_1.txt,3,827.0,61.9177,815.0,1.4724
FaFMx2,wfjsp7_1.txt,4,820.0,75.1302,815.0,0.6135
FaFMx2,wfjsp7_1.txt,5,832.0,27.9934,815.0,2.0859
FaFMx2,wfjsp7_10.txt,1,918.0,90.5506,909.0,0.9901
FaFMx2,wfjsp7_10.txt,2,935.0,34.0067,909.0,2.8603
FaFMx2,wfjsp7_10.txt,3,938.0,36.0283,909.0,3.1903
FaFMx2,wfjsp7_10.txt,4,941.0,27.85,909.0,3.5204
FaFMx2,wfjsp7_10.txt,5,923.0,77.6082,909.0,1.5402
FaFMx2,wfjsp7_2.txt,1,1033.0,76.3824,1038.0,-0.4817
FaFMx2,wfjsp7_2.txt,2,1039.0,53.1774,1038.0,0.0963
FaFMx2,wfjsp7_2.txt,3,1037.0,55.8961,1038.0,-0.0963
FaFMx2,wfjsp7_2.txt,4,1044.0,50.6602,1038.0,0.578
FaFMx2,wfjsp7_2.txt,5,1034.0,54.6173,1038.0,-0.3854
FaFMx2,wfjsp7_3.txt,1,1149.0,93.3464,1133.0,1.4122
FaFMx2,wfjsp7_3.txt,2,1144.0,163.462,1133.0,0.9709
FaFMx2,wfjsp7_3.txt,3,1155.0,43.4097,1133.0,1.9417
FaFMx2,wfjsp7_3.txt,4,1146.0,86.0346,1133.0,1.1474
FaFMx2,wfjsp7_3.txt,5,1151.0,103.607,1133.0,1.5887
FaFMx2,wfjsp7_4.txt,1,953.0,68.306,944.0,0.9534
FaFMx2,wfjsp7_4.txt,2,949.0,39.6283,944.0,0.5297
FaFMx2,wfjsp7_4.txt,3,949.0,63.38,944.0,0.5297
FaFMx2,wfjsp7_4.txt,4,949.0,40.3595,944.0,0.5297
FaFMx2,wfjsp7_4.txt,5,954.0,47.3413,944.0,1.0593
FaFMx2,wfjsp7_5.txt,1,816.0,38.0633,803.0,1.6189
FaFMx2,wfjsp7_5.txt,2,821.0,39.4888,803.0,2.2416
FaFMx2,wfjsp7_5.txt,3,821.0,23.6316,803.0,2.2416
FaFMx2,wfjsp7_5.txt,4,820.0,35.2487,803.0,2.1171
FaFMx2,wfjsp7_5.txt,5,820.0,47.6413,803.0,2.1171
FaFMx2,wfjsp7_6.txt,1,1024.0,86.7759,1010.0,1.3861
FaFMx2,wfjsp7_6.txt,2,1027.0,60.928,1010.0,1.6832
FaFMx2,wfjsp7_6.txt,3,1028.0,76.869,1010.0,1.7822
FaFMx2,wfjsp7_6.txt,4,1027.0,58.147,1010.0,1.6832
FaFMx2,wfjsp7_6.txt,5,1018.0,120.635,1010.0,0.7921
FaFMx2,wfjsp7_7.txt,1,941.0,87.5614,929.0,1.2917
FaFMx2,wfjsp7_7.txt,2,949.0,117.959,929.0,2.1529
FaFMx2,wfjsp7_7.txt,3,957.0,113.201,929.0,3.014
FaFMx2,wfjsp7_7.txt,4,943.0,166.913,929.0,1.507
FaFMx2,wfjsp7_7.txt,5,963.0,51.8958,929.0,3.6598
FaFMx2,wfjsp7_8.txt,1,904.0,60.0558,882.0,2.4943
FaFMx2,wfjsp7_8.txt,2,900.0,39.277,882.0,2.0408
FaFMx2,wfjsp7_8.txt,3,903.0,59.5727,882.0,2.381
FaFMx2,wfjsp7_8.txt,4,895.0,29.6909,882.0,1.4739
FaFMx2,wfjsp7_8.txt,5,896.0,60.7139,882.0,1.5873
FaFMx2,wfjsp7_9.txt,1,857.0,63.3078,852.0,0.5869
FaFMx2,wfjsp7_9.txt,2,866.0,42.0902,852.0,1.6432
FaFMx2,wfjsp7_9.txt,3,863.0,46.4849,852.0,1.2911
FaFMx2,wfjsp7_9.txt,4,861.0,41.8001,852.0,1.0563
FaFMx2,wfjsp7_9.txt,5,865.0,32.0658,852.0,1.5258
FaFMx2,wfjsp8_1.txt,1,1042.0,88.9454,1025.0,1.6585
FaFMx2,wfjsp8_1.txt,2,1052.0,88.5941,1025.0,2.6341
FaFMx2,wfjsp8_1.txt,3,1044.0,119.089,1025.0,1.8537
FaFMx2,wfjsp8_1.txt,4,1054.0,60.4629,1025.0,2.8293
FaFMx2,wfjsp8_1.txt,5,1044.0,139.997,1025.0,1.8537
FaFMx2,wfjsp8_10.txt,1,1208.0,78.4065,1194.0,1.1725
FaFMx2,wfjsp8_10.txt,2,1204.0,95.9643,1194.0,0.8375
FaFMx2,wfjsp8_10.txt,3,1207.0,44.7456,1194.0,1.0888
FaFMx2,wfjsp8_10.txt,4,1210.0,63.7235,1194.0,1.34
FaFMx2,wfjsp8_10.txt,5,1208.0,81.5429,1194.0,1.1725
FaFMx2,wfjsp8_2.txt,1,1274.0,99.3898,1251.0,1.8385
FaFMx2,wfjsp8_2.txt,2,1280.0,59.5163,1251.0,2.3181
FaFMx2,wfjsp8_2.txt,3,1270.0,114.524,1251.0,1.5188
FaFMx2,wfjsp8_2.txt,4,1276.0,52.7904,1251.0,1.9984
FaFMx2,wfjsp8_2.txt,5,1267.0,104.338,1251.0,1.279
FaFMx2,wfjsp8_3.txt,1,1368.0,139.572,1364.0,0.2933
FaFMx2,wfjsp8_3.txt,2,1375.0,70.7795,1364.0,0.8065
FaFMx2,wfjsp8_3.txt,3,1376.0,103.754,1364.0,0.8798
FaFMx2,wfjsp8_3.txt,4,1390.0,58.6756,1364.0,1.9062
FaFMx2,wfjsp8_3.txt,5,1371.0,63.0189,1364.0,0.5132
FaFMx2,wfjsp8_4.txt,1,1208.0,99.5012,1211.0,-0.2477
FaFMx2,wfjsp8_4.txt,2,1214.0,128.698,1211.0,0.2477
FaFMx2,wfjsp8_4.txt,3,1211.0,72.4915,1211.0,0.0
FaFMx2,wfjsp8_4.txt,4,1216.0,76.0253,1211.0,0.4129
FaFMx2,wfjsp8_4.txt,5,1217.0,97.8467,1211.0,0.4955
FaFMx2,wfjsp8_5.txt,1,1053.0,107.068,1050.0,0.2857
FaFMx2,wfjsp8_5.txt,2,1047.0,99.3075,1050.0,-0.2857
FaFMx2,wfjsp8_5.txt,3,1049.0,68.9914,1050.0,-0.0952
FaFMx2,wfjsp8_5.txt,4,1049.0,44.2975,1050.0,-0.0952
FaFMx2,wfjsp8_5.txt,5,1058.0,41.1575,1050.0,0.7619
FaFMx2,wfjsp8_6.txt,1,1297.0,61.5578,1267.0,2.3678
FaFMx2,wfjsp8_6.txt,2,1285.0,174.935,1267.0,1.4207
FaFMx2,wfjsp8_6.txt,3,1289.0,108.785,1267.0,1.7364
FaFMx2,wfjsp8_6.txt,4,1285.0,46.5396,1267.0,1.4207
FaFMx2,wfjsp8_6.txt,5,1287.0,76.9899,1267.0,1.5785
FaFMx2,wfjsp8_7.txt,1,1182.0,104.506,1158.0,2.0725
FaFMx2,wfjsp8_7.txt,2,1196.0,69.4232,1158.0,3.2815
FaFMx2,wfjsp8_7.txt,3,1177.0,164.916,1158.0,1.6408
FaFMx2,wfjsp8_7.txt,4,1172.0,208.153,1158.0,1.209
FaFMx2,wfjsp8_7.txt,5,1180.0,70.9269,1158.0,1.8998
FaFMx2,wfjsp8_8.txt,1,1174.0,75.7417,1158.0,1.3817
FaFMx2,wfjsp8_8.txt,2,1171.0,161.302,1158.0,1.1226
FaFMx2,wfjsp8_8.txt,3,1169.0,78.5161,1158.0,0.9499
FaFMx2,wfjsp8_8.txt,4,1178.0,52.6313,1158.0,1.7271
FaFMx2,wfjsp8_8.txt,5,1167.0,180.54,1158.0,0.7772
FaFMx2,wfjsp8_9.txt,1,1059.0,50.7537,1044.0,1.4368
FaFMx2,wfjsp8_9.txt,2,1064.0,105.869,1044.0,1.9157
FaFMx2,wfjsp8_9.txt,3,1070.0,72.9491,1044.0,2.4904
FaFMx2,wfjsp8_9.txt,4,1060.0,76.5247,1044.0,1.5326
FaFMx2,wfjsp8_9.txt,5,1076.0,54.2186,1044.0,3.0651
FaFMx2,wfjsp9_1.txt,1,1329.0,169.445,1314.0,1.1416
FaFMx2,wfjsp9_1.txt,2,1336.0,126.231,1314.0,1.6743
FaFMx2,wfjsp9_1.txt,3,1329.0,96.8448,1314.0,1.1416
FaFMx2,wfjsp9_1.txt,4,1309.0,113.48,1314.0,-0.3805
FaFMx2,wfjsp9_1.txt,5,1333.0,121.189,1314.0,1.446
FaFMx2,wfjsp9_10.txt,1,1424.0,72.7626,1414.0,0.7072
FaFMx2,wfjsp9_10.txt,2,1425.0,131.466,1414.0,0.7779
FaFMx2,wfjsp9_10.txt,3,1434.0,54.3447,1414.0,1.4144
FaFMx2,wfjsp9_10.txt,4,1423.0,124.509,1414.0,0.6365
FaFMx2,wfjsp9_10.txt,5,1427.0,123.774,1414.0,0.9194
FaFMx2,wfjsp9_2.txt,1,1417.0,222.969,1404.0,0.9259
FaFMx2,wfjsp9_2.txt,2,1421.0,73.6551,1404.0,1.2108
FaFMx2,wfjsp9_2.txt,3,1426.0,173.763,1404.0,1.567
FaFMx2,wfjsp9_2.txt,4,1418.0,62.6286,1404.0,0.9972
FaFMx2,wfjsp9_2.txt,5,1419.0,116.157,1404.0,1.0684
FaFMx2,wfjsp9_3.txt,1,1511.0,161.359,1483.0,1.8881
FaFMx2,wfjsp9_3.txt,2,1496.0,144.405,1483.0,0.8766
FaFMx2,wfjsp9_3.txt,3,1504.0,175.139,1483.0,1.416
FaFMx2,wfjsp9_3.txt,4,1491.0,240.143,1483.0,0.5394
FaFMx2,wfjsp9_3.txt,5,1500.0,135.043,1483.0,1.1463
FaFMx2,wfjsp9_4.txt,1,1362.0,103.109,1357.0,0.3685
FaFMx2,wfjsp9_4.txt,2,1357.0,180.464,1357.0,0.0
FaFMx2,wfjsp9_4.txt,3,1364.0,108.765,1357.0,0.5158
FaFMx2,wfjsp9_4.txt,4,1373.0,60.0537,1357.0,1.1791
FaFMx2,wfjsp9_4.txt,5,1358.0,213.663,1357.0,0.0737
FaFMx2,wfjsp9_5.txt,1,1264.0,145.763,1247.0,1.3633
FaFMx2,wfjsp9_5.txt,2,1273.0,86.6222,1247.0,2.085
FaFMx2,wfjsp9_5.txt,3,1262.0,147.001,1247.0,1.2029
FaFMx2,wfjsp9_5.txt,4,1271.0,77.9583,1247.0,1.9246
FaFMx2,wfjsp9_5.txt,5,1264.0,145.282,1247.0,1.3633
FaFMx2,wfjsp9_6.txt,1,1403.0,81.5915,1383.0,1.4461
FaFMx2,wfjsp9_6.txt,2,1393.0,90.5615,1383.0,0.7231
FaFMx2,wfjsp9_6.txt,3,1414.0,67.8898,1383.0,2.2415
FaFMx2,wfjsp9_6.txt,4,1397.0,175.297,1383.0,1.0123
FaFMx2,wfjsp9_6.txt,5,1387.0,197.991,1383.0,0.2892
FaFMx2,wfjsp9_7.txt,1,1338.0,154.804,1318.0,1.5175
FaFMx2,wfjsp9_7.txt,2,1349.0,120.803,1318.0,2.352
FaFMx2,wfjsp9_7.txt,3,1340.0,165.32,1318.0,1.6692
FaFMx2,wfjsp9_7.txt,4,1348.0,212.716,1318.0,2.2762
FaFMx2,wfjsp9_7.txt,5,1344.0,186.961,1318.0,1.9727
FaFMx2,wfjsp9_8.txt,1,1396.0,117.754,1386.0,0.7215
FaFMx2,wfjsp9_8.txt,2,1399.0,152.933,1386.0,0.938
FaFMx2,wfjsp9_8.txt,3,1395.0,67.8721,1386.0,0.6494
FaFMx2,wfjsp9_8.txt,4,1396.0,111.788,1386.0,0.7215
FaFMx2,wfjsp9_8.txt,5,1407.0,144.525,1386.0,1.5152
FaFMx2,wfjsp9_9.txt,1,1320.0,304.767,1294.0,2.0093
FaFMx2,wfjsp9_9.txt,2,1335.0,80.9253,1294.0,3.1685
FaFMx2,wfjsp9_9.txt,3,1318.0,248.027,1294.0,1.8547
FaFMx2,wfjsp9_9.txt,4,1336.0,162.999,1294.0,3.2457
FaFMx2,wfjsp9_9.txt,5,1323.0,97.4951,1294.0,2.2411
TS@FaF,Dauzere_01a.txt,1,2989.0,8.66797,2921.0,2.328
TS@FaF,Dauzere_01a.txt,2,3013.0,12.1715,2921.0,3.1496
TS@FaF,Dauzere_01a.txt,3,3006.0,9.91273,2921.0,2.91
TS@FaF,Dauzere_01a.txt,4,3016.0,4.6613,2921.0,3.2523
TS@FaF,Dauzere_01a.txt,5,3013.0,14.3501,2921.0,3.1496
TS@FaF,Dauzere_02a.txt,1,2949.0,18.9664,2914.0,1.2011
TS@FaF,Dauzere_02a.txt,2,2967.0,12.351,2914.0,1.8188
TS@FaF,Dauzere_02a.txt,3,2960.0,9.60572,2914.0,1.5786
TS@FaF,Dauzere_02a.txt,4,2961.0,13.9374,2914.0,1.6129
TS@FaF,Dauzere_02a.txt,5,2947.0,23.4512,2914.0,1.1325
TS@FaF,Dauzere_03a.txt,1,2937.0,18.8279,2910.0,0.9278
TS@FaF,Dauzere_03a.txt,2,2944.0,17.5788,2910.0,1.1684
TS@FaF,Dauzere_03a.txt,3,2931.0,17.7933,2910.0,0.7216
TS@FaF,Dauzere_03a.txt,4,2930.0,19.4012,2910.0,0.6873
TS@FaF,Dauzere_03a.txt,5,2929.0,23.063,2910.0,0.6529
TS@FaF,Dauzere_04a.txt,1,3020.0,2.51836,2911.0,3.7444
TS@FaF,Dauzere_04a.txt,2,2987.0,19.2912,2911.0,2.6108
TS@FaF,Dauzere_04a.txt,3,2980.0,11.5868,2911.0,2.3703
TS@FaF,Dauzere_04a.txt,4,2991.0,7.8177,2911.0,2.7482
TS@FaF,Dauzere_04a.txt,5,2977.0,6.11539,2911.0,2.2673
TS@FaF,Dauzere_05a.txt,1,2929.0,19.1807,2888.0,1.4197
TS@FaF,Dauzere_05a.txt,2,2929.0,33.0906,2888.0,1.4197
TS@FaF,Dauzere_05a.txt,3,2943.0,19.6402,2888.0,1.9044
TS@FaF,Dauzere_05a.txt,4,2928.0,29.9817,2888.0,1.385
TS@FaF,Dauzere_05a.txt,5,2948.0,14.2148,2888.0,2.0776
TS@FaF,Dauzere_06a.txt,1,2894.0,38.678,2877.0,0.5909
TS@FaF,Dauzere_06a.txt,2,2892.0,89.3244,2877.0,0.5214
TS@FaF,Dauzere_06a.txt,3,2894.0,22.6001,2877.0,0.5909
TS@FaF,Dauzere_06a.txt,4,2903.0,15.1664,2877.0,0.9037
TS@FaF,Dauzere_06a.txt,5,2899.0,49.6348,2877.0,0.7647
TS@FaF,Dauzere_07a.txt,1,3014.0,14.0165,2917.0,3.3253
TS@FaF,Dauzere_07a.txt,2,2983.0,27.5789,2917.0,2.2626
TS@FaF,Dauzere_07a.txt,3,2988.0,17.6942,2917.0,2.434
TS@FaF,Dauzere_07a.txt,4,2962.0,19.601,2917.0,1.5427
TS@FaF,Dauzere_07a.txt,5,2962.0,26.4031,2917.0,1.5427
TS@FaF,Dauzere_08a.txt,1,2898.0,91.7065,2883.0,0.5203
TS@FaF,Dauzere_08a.txt,2,2902.0,92.4585,2883.0,0.659
TS@FaF,Dauzere_08a.txt,3,2889.0,46.905,2883.0,0.2081
TS@FaF,Dauzere_08a.txt,4,2894.0,58.8391,2883.0,0.3815
TS@FaF,Dauzere_08a.txt,5,2902.0,117.464,2883.0,0.659
TS@FaF,Dauzere_09a.txt,1,2881.0,213.035,2880.0,0.0347
TS@FaF,Dauzere_09a.txt,2,2879.0,72.1827,2880.0,-0.0347
TS@FaF,Dauzere_09a.txt,3,2895.0,27.3817,2880.0,0.5208
TS@FaF,Dauzere_09a.txt,4,2884.0,67.5924,2880.0,0.1389
TS@FaF,Dauzere_09a.txt,5,2885.0,108.921,2880.0,0.1736
TS@FaF,Dauzere_10a.txt,1,3010.0,9.72031,2922.0,3.0116
TS@FaF,Dauzere_10a.txt,2,2977.0,23.9169,2922.0,1.8823
TS@FaF,Dauzere_10a.txt,3,2960.0,35.8954,2922.0,1.3005
TS@FaF,Dauzere_10a.txt,4,2947.0,31.386,2922.0,0.8556
TS@FaF,Dauzere_10a.txt,5,2966.0,33.8965,2922.0,1.5058
TS@FaF,Dauzere_11a.txt,1,2883.0,64.3475,2876.0,0.2434
TS@FaF,Dauzere_11a.txt,2,2908.0,24.5796,2876.0,1.1127
TS@FaF,Dauzere_11a.txt,3,2889.0,95.0347,2876.0,0.452
TS@FaF,Dauzere_11a.txt,4,2895.0,34.8171,2876.0,0.6606
TS@FaF,Dauzere_11a.txt,5,2898.0,60.581,2876.0,0.765
TS@FaF,Dauzere_12a.txt,1,2844.0,38.3477,2840.0,0.1408
TS@FaF,Dauzere_12a.txt,2,2853.0,44.9388,2840.0,0.4577
TS@FaF,Dauzere_12a.txt,3,2845.0,81.3989,2840.0,0.1761
TS@FaF,Dauzere_12a.txt,4,2830.0,132.28,2840.0,-0.3521
TS@FaF,Dauzere_12a.txt,5,2838.0,166.956,2840.0,-0.0704
TS@FaF,Mk01.txt,1,74.0,0.539612,70.0,5.7143
TS@FaF,Mk01.txt,2,75.0,0.293274,70.0,7.1429
TS@FaF,Mk01.txt,3,74.0,0.653158,70.0,5.7143
TS@FaF,Mk01.txt,4,74.0,0.670369,70.0,5.7143
TS@FaF,Mk01.txt,5,74.0,0.592731,70.0,5.7143
TS@FaF,Mk02.txt,1,73.0,0.69255,67.0,8.9552
TS@FaF,Mk02.txt,2,72.0,1.39826,67.0,7.4627
TS@FaF,Mk02.txt,3,71.0,1.84034,67.0,5.9701
TS@FaF,Mk02.txt,4,72.0,1.06465,67.0,7.4627
TS@FaF,Mk02.txt,5,69.0,1.13328,67.0,2.9851
TS@FaF,Mk03.txt,1,239.0,5.0469,238.0,0.4202
TS@FaF,Mk03.txt,2,239.0,3.3883,238.0,0.4202
TS@FaF,Mk03.txt,3,239.0,7.087,238.0,0.4202
TS@FaF,Mk03.txt,4,239.0,5.2171,238.0,0.4202
TS@FaF,Mk03.txt,5,238.0,4.48919,238.0,0.0
TS@FaF,Mk04.txt,1,96.0,3.49044,95.0,1.0526
TS@FaF,Mk04.txt,2,96.0,1.89545,95.0,1.0526
TS@FaF,Mk04.txt,3,96.0,1.72046,95.0,1.0526
TS@FaF,Mk04.txt,4,96.0,1.61754,95.0,1.0526
TS@FaF,Mk04.txt,5,98.0,2.09201,95.0,3.1579
TS@FaF,Mk05.txt,1,307.0,3.71497,299.0,2.6756
TS@FaF,Mk05.txt,2,308.0,4.2715,299.0,3.01
TS@FaF,Mk05.txt,3,303.0,6.97304,299.0,1.3378
TS@FaF,Mk05.txt,4,304.0,5.23079,299.0,1.6722
TS@FaF,Mk05.txt,5,305.0,9.20422,299.0,2.0067
TS@FaF,Mk06.txt,1,109.0,38.7261,109.0,0.0
TS@FaF,Mk06.txt,2,112.0,22.0013,109.0,2.7523
TS@FaF,Mk06.txt,3,110.0,12.4722,109.0,0.9174
TS@FaF,Mk06.txt,4,112.0,9.58499,109.0,2.7523
TS@FaF,Mk06.txt,5,109.0,16.423,109.0,0.0
TS@FaF,Mk07.txt,1,231.0,9.46242,222.0,4.0541
TS@FaF,Mk07.txt,2,234.0,3.51954,222.0,5.4054
TS@FaF,Mk07.txt,3,232.0,5.12037,222.0,4.5045
TS@FaF,Mk07.txt,4,230.0,5.17093,222.0,3.6036
TS@FaF,Mk07.txt,5,232.0,7.01445,222.0,4.5045
TS@FaF,Mk08.txt,1,624.0,15.1814,624.0,0.0
TS@FaF,Mk08.txt,2,624.0,11.2017,624.0,0.0
TS@FaF,Mk08.txt,3,624.0,13.1324,624.0,0.0
TS@FaF,Mk08.txt,4,624.0,5.92787,624.0,0.0
TS@FaF,Mk08.txt,5,624.0,7.34063,624.0,0.0
TS@FaF,Mk09.txt,1,477.0,60.8707,479.0,-0.4175
TS@FaF,Mk09.txt,2,475.0,128.867,479.0,-0.8351
TS@FaF,Mk09.txt,3,477.0,82.5093,479.0,-0.4175
TS@FaF,Mk09.txt,4,477.0,91.1337,479.0,-0.4175
TS@FaF,Mk09.txt,5,482.0,66.4298,479.0,0.6263
TS@FaF,Mk10.txt,1,317.0,91.6343,326.0,-2.7607
TS@FaF,Mk10.txt,2,319.0,95.7009,326.0,-2.1472
TS@FaF,Mk10.txt,3,317.0,92.7661,326.0,-2.7607
TS@FaF,Mk10.txt,4,316.0,100.08,326.0,-3.0675
TS@FaF,Mk10.txt,5,317.0,104.142,326.0,-2.7607
TS@FaF,wfjsp10_1.txt,1,801.0,9.20502,781.0,2.5608
TS@FaF,wfjsp10_1.txt,2,808.0,4.20132,781.0,3.4571
TS@FaF,wfjsp10_1.txt,3,810.0,2.86422,781.0,3.7132
TS@FaF,wfjsp10_1.txt,4,792.0,4.85902,781.0,1.4085
TS@FaF,wfjsp10_1.txt,5,790.0,3.62712,781.0,1.1524
TS@FaF,wfjsp10_10.txt,1,894.0,8.34809,859.0,4.0745
TS@FaF,wfjsp10_10.txt,2,904.0,6.52811,859.0,5.2386
TS@FaF,wfjsp10_10.txt,3,887.0,8.61902,859.0,3.2596
TS@FaF,wfjsp10_10.txt,4,896.0,3.20114,859.0,4.3073
TS@FaF,wfjsp10_10.txt,5,909.0,3.26546,859.0,5.8207
TS@FaF,wfjsp10_2.txt,1,879.0,4.50522,836.0,5.1435
TS@FaF,wfjsp10_2.txt,2,867.0,15.1236,836.0,3.7081
TS@FaF,wfjsp10_2.txt,3,873.0,6.17243,836.0,4.4258
TS@FaF,wfjsp10_2.txt,4,888.0,6.46796,836.0,6.2201
TS@FaF,wfjsp10_2.txt,5,868.0,6.81491,836.0,3.8278
TS@FaF,wfjsp10_3.txt,1,974.0,2.77456,923.0,5.5255
TS@FaF,wfjsp10_3.txt,2,982.0,3.58049,923.0,6.3922
TS@FaF,wfjsp10_3.txt,3,964.0,7.82844,923.0,4.442
TS@FaF,wfjsp10_3.txt,4,948.0,10.3868,923.0,2.7086
TS@FaF,wfjsp10_3.txt,5,958.0,8.73319,923.0,3.792
TS@FaF,wfjsp10_4.txt,1,893.0,5.05299,873.0,2.291
TS@FaF,wfjsp10_4.txt,2,896.0,5.64419,873.0,2.6346
TS@FaF,wfjsp10_4.txt,3,907.0,6.54178,873.0,3.8946
TS@FaF,wfjsp10_4.txt,4,902.0,6.28509,873.0,3.3219
TS@FaF,wfjsp10_4.txt,5,899.0,5.49101,873.0,2.9782
TS@FaF,wfjsp10_5.txt,1,758.0,7.85787,733.0,3.4106
TS@FaF,wfjsp10_5.txt,2,753.0,6.97864,733.0,2.7285
TS@FaF,wfjsp10_5.txt,3,748.0,5.78065,733.0,2.0464
TS@FaF,wfjsp10_5.txt,4,762.0,6.06143,733.0,3.9563
TS@FaF,wfjsp10_5.txt,5,742.0,5.29487,733.0,1.2278
TS@FaF,wfjsp10_6.txt,1,939.0,9.80099,896.0,4.7991
TS@FaF,wfjsp10_6.txt,2,930.0,5.88581,896.0,3.7946
TS@FaF,wfjsp10_6.txt,3,942.0,5.48241,896.0,5.1339
TS@FaF,wfjsp10_6.txt,4,931.0,8.98891,896.0,3.9062
TS@FaF,wfjsp10_6.txt,5,931.0,7.12921,896.0,3.9062
TS@FaF,wfjsp10_7.txt,1,856.0,8.93027,819.0,4.5177
TS@FaF,wfjsp10_7.txt,2,862.0,6.28785,819.0,5.2503
TS@FaF,wfjsp10_7.txt,3,865.0,9.79282,819.0,5.6166
TS@FaF,wfjsp10_7.txt,4,852.0,7.91103,819.0,4.0293
TS@FaF,wfjsp10_7.txt,5,873.0,4.71676,819.0,6.5934
TS@FaF,wfjsp10_8.txt,1,864.0,2.62922,824.0,4.8544
TS@FaF,wfjsp10_8.txt,2,855.0,6.61926,824.0,3.7621
TS@FaF,wfjsp10_8.txt,3,867.0,7.06217,824.0,5.2184
TS@FaF,wfjsp10_8.txt,4,859.0,8.99485,824.0,4.2476
TS@FaF,wfjsp10_8.txt,5,866.0,4.24989,824.0,5.0971
TS@FaF,wfjsp10_9.txt,1,829.0,8.2589,803.0,3.2379
TS@FaF,wfjsp10_9.txt,2,857.0,2.92424,803.0,6.7248
TS@FaF,wfjsp10_9.txt,3,824.0,20.3925,803.0,2.6152
TS@FaF,wfjsp10_9.txt,4,836.0,7.17199,803.0,4.1096
TS@FaF,wfjsp10_9.txt,5,817.0,5.56984,803.0,1.7435
TS@FaF,wfjsp11_1.txt,1,1011.0,15.2865,969.0,4.3344
TS@FaF,wfjsp11_1.txt,2,1005.0,18.9373,969.0,3.7152
TS@FaF,wfjsp11_1.txt,3,1015.0,6.75969,969.0,4.7472
TS@FaF,wfjsp11_1.txt,4,1008.0,14.4018,969.0,4.0248
TS@FaF,wfjsp11_1.txt,5,1007.0,11.8363,969.0,3.9216
TS@FaF,wfjsp11_10.txt,1,1168.0,7.74992,1091.0,7.0577
TS@FaF,wfjsp11_10.txt,2,1138.0,17.1854,1091.0,4.308
TS@FaF,wfjsp11_10.txt,3,1184.0,3.43612,1091.0,8.5243
TS@FaF,wfjsp11_10.txt,4,1187.0,5.78907,1091.0,8.7993
TS@FaF,wfjsp11_10.txt,5,1166.0,17.4264,1091.0,6.8744
TS@FaF,wfjsp11_2.txt,1,1250.0,19.9233,1184.0,5.5743
TS@FaF,wfjsp11_2.txt,2,1245.0,18.3944,1184.0,5.152
TS@FaF,wfjsp11_2.txt,3,1248.0,12.8088,1184.0,5.4054
TS@FaF,wfjsp11_2.txt,4,1233.0,31.365,1184.0,4.1385
TS@FaF,wfjsp11_2.txt,5,1253.0,12.9509,1184.0,5.8277
TS@FaF,wfjsp11_3.txt,1,1199.0,46.5834,1149.0,4.3516
TS@FaF,wfjsp11_3.txt,2,1189.0,29.0886,1149.0,3.4813
TS@FaF,wfjsp11_3.txt,3,1198.0,27.5343,1149.0,4.2646
TS@FaF,wfjsp11_3.txt,4,1224.0,12.1496,1149.0,6.5274
TS@FaF,wfjsp11_3.txt,5,1200.0,19.9743,1149.0,4.4386
TS@FaF,wfjsp11_4.txt,1,1193.0,13.9419,1135.0,5.1101
TS@FaF,wfjsp11_4.txt,2,1177.0,19.8298,1135.0,3.7004
TS@FaF,wfjsp11_4.txt,3,1196.0,29.5493,1135.0,5.3744
TS@FaF,wfjsp11_4.txt,4,1195.0,27.9643,1135.0,5.2863
TS@FaF,wfjsp11_4.txt,5,1196.0,10.6825,1135.0,5.3744
TS@FaF,wfjsp11_5.txt,1,1234.0,21.0334,1180.0,4.5763
TS@FaF,wfjsp11_5.txt,2,1216.0,48.9653,1180.0,3.0508
TS@FaF,wfjsp11_5.txt,3,1247.0,20.3343,1180.0,5.678
TS@FaF,wfjsp11_5.txt,4,1249.0,8.34161,1180.0,5.8475
TS@FaF,wfjsp11_5.txt,5,1238.0,23.6419,1180.0,4.9153
TS@FaF,wfjsp11_6.txt,1,1004.0,3.02139,937.0,7.1505
TS@FaF,wfjsp11_6.txt,2,991.0,7.68195,937.0,5.7631
TS@FaF,wfjsp11_6.txt,3,988.0,4.16523,937.0,5.4429
TS@FaF,wfjsp11_6.txt,4,984.0,7.6423,937.0,5.016
TS@FaF,wfjsp11_6.txt,5,1003.0,11.5318,937.0,7.0438
TS@FaF,wfjsp11_7.txt,1,1058.0,9.51255,1015.0,4.2365
TS@FaF,wfjsp11_7.txt,2,1040.0,14.2972,1015.0,2.4631
TS@FaF,wfjsp11_7.txt,3,1058.0,11.6921,1015.0,4.2365
TS@FaF,wfjsp11_7.txt,4,1068.0,14.6315,1015.0,5.2217
TS@FaF,wfjsp11_7.txt,5,1053.0,9.06781,1015.0,3.7438
TS@FaF,wfjsp11_8.txt,1,1096.0,8.66486,1032.0,6.2016
TS@FaF,wfjsp11_8.txt,2,1085.0,25.5485,1032.0,5.1357
TS@FaF,wfjsp11_8.txt,3,1100.0,10.8143,1032.0,6.5891
TS@FaF,wfjsp11_8.txt,4,1095.0,13.7038,1032.0,6.1047
TS@FaF,wfjsp11_8.txt,5,1074.0,25.472,1032.0,4.0698
TS@FaF,wfjsp11_9.txt,1,1200.0,10.4328,1136.0,5.6338
TS@FaF,wfjsp11_9.txt,2,1224.0,10.1257,1136.0,7.7465
TS@FaF,wfjsp11_9.txt,3,1199.0,16.4981,1136.0,5.5458
TS@FaF,wfjsp11_9.txt,4,1206.0,17.3621,1136.0,6.162
TS@FaF,wfjsp11_9.txt,5,1190.0,20.3428,1136.0,4.7535
TS@FaF,wfjsp12_1.txt,1,930.0,12.2503,896.0,3.7946
TS@FaF,wfjsp12_1.txt,2,931.0,12.345,896.0,3.9062
TS@FaF,wfjsp12_1.txt,3,927.0,17.9865,896.0,3.4598
TS@FaF,wfjsp12_1.txt,4,950.0,7.70343,896.0,6.0268
TS@FaF,wfjsp12_1.txt,5,927.0,18.0153,896.0,3.4598
TS@FaF,wfjsp12_10.txt,1,1162.0,10.0427,1099.0,5.7325
TS@FaF,wfjsp12_10.txt,2,1150.0,16.7916,1099.0,4.6406
TS@FaF,wfjsp12_10.txt,3,1184.0,8.50331,1099.0,7.7343
TS@FaF,wfjsp12_10.txt,4,1151.0,16.1409,1099.0,4.7316
TS@FaF,wfjsp12_10.txt,5,1161.0,10.7349,1099.0,5.6415
TS@FaF,wfjsp12_2.txt,1,1063.0,5.06354,997.0,6.6199
TS@FaF,wfjsp12_2.txt,2,1053.0,13.114,997.0,5.6169
TS@FaF,wfjsp12_2.txt,3,1075.0,4.33427,997.0,7.8235
TS@FaF,wfjsp12_2.txt,4,1045.0,19.741,997.0,4.8144
TS@FaF,wfjsp12_2.txt,5,1056.0,10.0425,997.0,5.9178
TS@FaF,wfjsp12_3.txt,1,1139.0,12.0896,1103.0,3.2638
TS@FaF,wfjsp12_3.txt,2,1123.0,18.4337,1103.0,1.8132
TS@FaF,wfjsp12_3.txt,3,1135.0,14.8644,1103.0,2.9012
TS@FaF,wfjsp12_3.txt,4,1126.0,18.5668,1103.0,2.0852
TS@FaF,wfjsp12_3.txt,5,1128.0,26.3907,1103.0,2.2665
TS@FaF,wfjsp12_4.txt,1,1067.0,11.6214,1027.0,3.8948
TS@FaF,wfjsp12_4.txt,2,1063.0,23.8957,1027.0,3.5054
TS@FaF,wfjsp12_4.txt,3,1075.0,12.4208,1027.0,4.6738
TS@FaF,wfjsp12_4.txt,4,1076.0,13.65,1027.0,4.7712
TS@FaF,wfjsp12_4.txt,5,1067.0,13.1768,1027.0,3.8948
TS@FaF,wfjsp12_5.txt,1,924.0,4.41593,869.0,6.3291
TS@FaF,wfjsp12_5.txt,2,913.0,4.55948,869.0,5.0633
TS@FaF,wfjsp12_5.txt,3,890.0,18.1981,869.0,2.4166
TS@FaF,wfjsp12_5.txt,4,908.0,8.92261,869.0,4.4879
TS@FaF,wfjsp12_5.txt,5,903.0,19.6622,869.0,3.9125
TS@FaF,wfjsp12_6.txt,1,1179.0,17.0287,1134.0,3.9683
TS@FaF,wfjsp12_6.txt,2,1194.0,8.82751,1134.0,5.291
TS@FaF,wfjsp12_6.txt,3,1185.0,16.1165,1134.0,4.4974
TS@FaF,wfjsp12_6.txt,4,1201.0,8.42525,1134.0,5.9083
TS@FaF,wfjsp12_6.txt,5,1189.0,8.95965,1134.0,4.8501
TS@FaF,wfjsp12_7.txt,1,1042.0,11.4619,1018.0,2.3576
TS@FaF,wfjsp12_7.txt,2,1048.0,13.1529,1018.0,2.947
TS@FaF,wfjsp12_7.txt,3,1045.0,12.1958,1018.0,2.6523
TS@FaF,wfjsp12_7.txt,4,1046.0,15.5461,1018.0,2.7505
TS@FaF,wfjsp12_7.txt,5,1042.0,9.42076,1018.0,2.3576
TS@FaF,wfjsp12_8.txt,1,1003.0,11.3761,980.0,2.3469
TS@FaF,wfjsp12_8.txt,2,1016.0,11.502,980.0,3.6735
TS@FaF,wfjsp12_8.txt,3,1013.0,8.65748,980.0,3.3673
TS@FaF,wfjsp12_8.txt,4,1011.0,19.5138,980.0,3.1633
TS@FaF,wfjsp12_8.txt,5,1020.0,12.8363,980.0,4.0816
TS@FaF,wfjsp12_9.txt,1,1042.0,6.50351,995.0,4.7236
TS@FaF,wfjsp12_9.txt,2,1023.0,11.0564,995.0,2.8141
TS@FaF,wfjsp12_9.txt,3,1014.0,19.8447,995.0,1.9095
TS@FaF,wfjsp12_9.txt,4,1015.0,26.2891,995.0,2.0101
TS@FaF,wfjsp12_9.txt,5,1023.0,18.1003,995.0,2.8141
TS@FaF,wfjsp13_1.txt,1,895.0,42.6828,866.0,3.3487
TS@FaF,wfjsp13_1.txt,2,906.0,20.4856,866.0,4.6189
TS@FaF,wfjsp13_1.txt,3,904.0,19.4096,866.0,4.388
TS@FaF,wfjsp13_1.txt,4,909.0,22.4532,866.0,4.9654
TS@FaF,wfjsp13_1.txt,5,909.0,20.8945,866.0,4.9654
TS@FaF,wfjsp13_10.txt,1,980.0,21.5076,916.0,6.9869
TS@FaF,wfjsp13_10.txt,2,974.0,23.8642,916.0,6.3319
TS@FaF,wfjsp13_10.txt,3,954.0,81.6285,916.0,4.1485
TS@FaF,wfjsp13_10.txt,4,976.0,46.595,916.0,6.5502
TS@FaF,wfjsp13_10.txt,5,981.0,44.6964,916.0,7.0961
TS@FaF,wfjsp13_2.txt,1,1010.0,18.0378,962.0,4.9896
TS@FaF,wfjsp13_2.txt,2,998.0,67.7817,962.0,3.7422
TS@FaF,wfjsp13_2.txt,3,998.0,74.4451,962.0,3.7422
TS@FaF,wfjsp13_2.txt,4,1019.0,20.7516,962.0,5.9252
TS@FaF,wfjsp13_2.txt,5,1013.0,44.193,962.0,5.3015
TS@FaF,wfjsp13_3.txt,1,948.0,13.311,883.0,7.3613
TS@FaF,wfjsp13_3.txt,2,909.0,63.0985,883.0,2.9445
TS@FaF,wfjsp13_3.txt,3,912.0,33.8435,883.0,3.2843
TS@FaF,wfjsp13_3.txt,4,912.0,25.8135,883.0,3.2843
TS@FaF,wfjsp13_3.txt,5,909.0,32.6125,883.0,2.9445
TS@FaF,wfjsp13_4.txt,1,940.0,30.2014,908.0,3.5242
TS@FaF,wfjsp13_4.txt,2,927.0,64.4208,908.0,2.0925
TS@FaF,wfjsp13_4.txt,3,939.0,35.7696,908.0,3.4141
TS@FaF,wfjsp13_4.txt,4,932.0,39.7986,908.0,2.6432
TS@FaF,wfjsp13_4.txt,5,944.0,40.9449,908.0,3.9648
TS@FaF,wfjsp13_5.txt,1,845.0,29.9482,809.0,4.4499
TS@FaF,wfjsp13_5.txt,2,850.0,24.9079,809.0,5.068
TS@FaF,wfjsp13_5.txt,3,849.0,41.1683,809.0,4.9444
TS@FaF,wfjsp13_5.txt,4,838.0,36.2046,809.0,3.5847
TS@FaF,wfjsp13_5.txt,5,848.0,24.4023,809.0,4.8208
TS@FaF,wfjsp13_6.txt,1,1060.0,14.0439,988.0,7.2874
TS@FaF,wfjsp13_6.txt,2,1035.0,24.9307,988.0,4.7571
TS@FaF,wfjsp13_6.txt,3,1040.0,26.0522,988.0,5.2632
TS@FaF,wfjsp13_6.txt,4,1040.0,29.3241,988.0,5.2632
TS@FaF,wfjsp13_6.txt,5,1053.0,7.46218,988.0,6.5789
TS@FaF,wfjsp13_7.txt,1,885.0,25.6764,875.0,1.1429
TS@FaF,wfjsp13_7.txt,2,875.0,48.7623,875.0,0.0
TS@FaF,wfjsp13_7.txt,3,902.0,22.6823,875.0,3.0857
TS@FaF,wfjsp13_7.txt,4,902.0,13.7687,875.0,3.0857
TS@FaF,wfjsp13_7.txt,5,897.0,21.7857,875.0,2.5143
TS@FaF,wfjsp13_8.txt,1,923.0,33.3707,899.0,2.6696
TS@FaF,wfjsp13_8.txt,2,928.0,23.1658,899.0,3.2258
TS@FaF,wfjsp13_8.txt,3,930.0,19.0838,899.0,3.4483
TS@FaF,wfjsp13_8.txt,4,919.0,36.4462,899.0,2.2247
TS@FaF,wfjsp13_8.txt,5,918.0,26.7337,899.0,2.1135
TS@FaF,wfjsp13_9.txt,1,1007.0,25.2428,967.0,4.1365
TS@FaF,wfjsp13_9.txt,2,1006.0,36.7569,967.0,4.0331
TS@FaF,wfjsp13_9.txt,3,1004.0,27.8317,967.0,3.8263
TS@FaF,wfjsp13_9.txt,4,1027.0,7.10529,967.0,6.2048
TS@FaF,wfjsp13_9.txt,5,1011.0,12.1412,967.0,4.5502
TS@FaF,wfjsp14_1.txt,1,770.0,10.3139,745.0,3.3557
TS@FaF,wfjsp14_1.txt,2,779.0,14.5387,745.0,4.5638
TS@FaF,wfjsp14_1.txt,3,767.0,18.2016,745.0,2.953
TS@FaF,wfjsp14_1.txt,4,781.0,8.98053,745.0,4.8322
TS@FaF,wfjsp14_1.txt,5,769.0,18.3134,745.0,3.2215
TS@FaF,wfjsp14_10.txt,1,928.0,17.826,878.0,5.6948
TS@FaF,wfjsp14_10.txt,2,929.0,14.8726,878.0,5.8087
TS@FaF,wfjsp14_10.txt,3,924.0,11.9231,878.0,5.2392
TS@FaF,wfjsp14_10.txt,4,925.0,14.6964,878.0,5.3531
TS@FaF,wfjsp14_10.txt,5,927.0,18.791,878.0,5.5809
TS@FaF,wfjsp14_2.txt,1,818.0,12.6162,793.0,3.1526
TS@FaF,wfjsp14_2.txt,2,807.0,32.6418,793.0,1.7654
TS@FaF,wfjsp14_2.txt,3,823.0,15.1411,793.0,3.7831
TS@FaF,wfjsp14_2.txt,4,816.0,8.52046,793.0,2.9004
TS@FaF,wfjsp14_2.txt,5,824.0,16.3278,793.0,3.9092
TS@FaF,wfjsp14_3.txt,1,881.0,22.1283,848.0,3.8915
TS@FaF,wfjsp14_3.txt,2,878.0,18.2617,848.0,3.5377
TS@FaF,wfjsp14_3.txt,3,887.0,6.55177,848.0,4.5991
TS@FaF,wfjsp14_3.txt,4,870.0,26.5969,848.0,2.5943
TS@FaF,wfjsp14_3.txt,5,872.0,17.2224,848.0,2.8302
TS@FaF,wfjsp14_4.txt,1,842.0,21.647,806.0,4.4665
TS@FaF,wfjsp14_4.txt,2,839.0,35.503,806.0,4.0943
TS@FaF,wfjsp14_4.txt,3,839.0,24.5858,806.0,4.0943
TS@FaF,wfjsp14_4.txt,4,830.0,21.4207,806.0,2.9777
TS@FaF,wfjsp14_4.txt,5,840.0,25.6858,806.0,4.2184
TS@FaF,wfjsp14_5.txt,1,752.0,8.34056,715.0,5.1748
TS@FaF,wfjsp14_5.txt,2,739.0,27.0124,715.0,3.3566
TS@FaF,wfjsp14_5.txt,3,753.0,15.237,715.0,5.3147
TS@FaF,wfjsp14_5.txt,4,747.0,10.483,715.0,4.4755
TS@FaF,wfjsp14_5.txt,5,733.0,21.6171,715.0,2.5175
TS@FaF,wfjsp14_6.txt,1,959.0,27.3118,913.0,5.0383
TS@FaF,wfjsp14_6.txt,2,955.0,36.3047,913.0,4.6002
TS@FaF,wfjsp14_6.txt,3,979.0,5.46204,913.0,7.2289
TS@FaF,wfjsp14_6.txt,4,954.0,25.9825,913.0,4.4907
TS@FaF,wfjsp14_6.txt,5,957.0,21.7149,913.0,4.8193
TS@FaF,wfjsp14_7.txt,1,854.0,19.171,826.0,3.3898
TS@FaF,wfjsp14_7.txt,2,853.0,25.811,826.0,3.2688
TS@FaF,wfjsp14_7.txt,3,857.0,11.9318,826.0,3.753
TS@FaF,wfjsp14_7.txt,4,856.0,10.8834,826.0,3.632
TS@FaF,wfjsp14_7.txt,5,847.0,42.2238,826.0,2.5424
TS@FaF,wfjsp14_8.txt,1,809.0,28.8115,782.0,3.4527
TS@FaF,wfjsp14_8.txt,2,812.0,10.8968,782.0,3.8363
TS@FaF,wfjsp14_8.txt,3,810.0,23.2131,782.0,3.5806
TS@FaF,wfjsp14_8.txt,4,812.0,16.9218,782.0,3.8363
TS@FaF,wfjsp14_8.txt,5,817.0,12.9845,782.0,4.4757
TS@FaF,wfjsp14_9.txt,1,813.0,14.9411,793.0,2.5221
TS@FaF,wfjsp14_9.txt,2,834.0,3.77814,793.0,5.1702
TS@FaF,wfjsp14_9.txt,3,824.0,11.4402,793.0,3.9092
TS@FaF,wfjsp14_9.txt,4,821.0,12.186,793.0,3.5309
TS@FaF,wfjsp14_9.txt,5,843.0,3.8648,793.0,6.3052
TS@FaF,wfjsp15_1.txt,1,1291.0,125.41,1259.0,2.5417
TS@FaF,wfjsp15_1.txt,2,1294.0,161.406,1259.0,2.78
TS@FaF,wfjsp15_1.txt,3,1291.0,104.493,1259.0,2.5417
TS@FaF,wfjsp15_1.txt,4,1302.0,42.0164,1259.0,3.4154
TS@FaF,wfjsp15_1.txt,5,1287.0,108.647,1259.0,2.224
TS@FaF,wfjsp15_10.txt,1,1492.0,97.4712,1415.0,5.4417
TS@FaF,wfjsp15_10.txt,2,1488.0,118.849,1415.0,5.159
TS@FaF,wfjsp15_10.txt,3,1477.0,204.587,1415.0,4.3816
TS@FaF,wfjsp15_10.txt,4,1497.0,96.5729,1415.0,5.7951
TS@FaF,wfjsp15_10.txt,5,1473.0,154.668,1415.0,4.0989
TS@FaF,wfjsp15_2.txt,1,1371.0,72.6104,1314.0,4.3379
TS@FaF,wfjsp15_2.txt,2,1346.0,145.917,1314.0,2.4353
TS@FaF,wfjsp15_2.txt,3,1362.0,92.727,1314.0,3.653
TS@FaF,wfjsp15_2.txt,4,1364.0,98.8098,1314.0,3.8052
TS@FaF,wfjsp15_2.txt,5,1367.0,74.6016,1314.0,4.0335
TS@FaF,wfjsp15_3.txt,1,1413.0,110.203,1376.0,2.689
TS@FaF,wfjsp15_3.txt,2,1413.0,95.9318,1376.0,2.689
TS@FaF,wfjsp15_3.txt,3,1380.0,145.274,1376.0,0.2907
TS@FaF,wfjsp15_3.txt,4,1406.0,81.4228,1376.0,2.1802
TS@FaF,wfjsp15_3.txt,5,1408.0,101.465,1376.0,2.3256
TS@FaF,wfjsp15_4.txt,1,1352.0,164.346,1308.0,3.3639
TS@FaF,wfjsp15_4.txt,2,1354.0,113.846,1308.0,3.5168
TS@FaF,wfjsp15_4.txt,3,1345.0,147.873,1308.0,2.8287
TS@FaF,wfjsp15_4.txt,4,1356.0,131.008,1308.0,3.6697
TS@FaF,wfjsp15_4.txt,5,1352.0,131.105,1308.0,3.3639
TS@FaF,wfjsp15_5.txt,1,1246.0,94.5991,1198.0,4.0067
TS@FaF,wfjsp15_5.txt,2,1240.0,202.007,1198.0,3.5058
TS@FaF,wfjsp15_5.txt,3,1238.0,188.274,1198.0,3.3389
TS@FaF,wfjsp15_5.txt,4,1253.0,140.851,1198.0,4.591
TS@FaF,wfjsp15_5.txt,5,1234.0,124.421,1198.0,3.005
TS@FaF,wfjsp15_6.txt,1,1584.0,100.325,1510.0,4.9007
TS@FaF,wfjsp15_6.txt,2,1607.0,50.1377,1510.0,6.4238
TS@FaF,wfjsp15_6.txt,3,1595.0,42.1445,1510.0,5.6291
TS@FaF,wfjsp15_6.txt,4,1579.0,88.8801,1510.0,4.5695
TS@FaF,wfjsp15_6.txt,5,1582.0,78.554,1510.0,4.7682
TS@FaF,wfjsp15_7.txt,1,1365.0,164.328,1328.0,2.7861
TS@FaF,wfjsp15_7.txt,2,1350.0,138.808,1328.0,1.6566
TS@FaF,wfjsp15_7.txt,3,1363.0,108.801,1328.0,2.6355
TS@FaF,wfjsp15_7.txt,4,1380.0,74.7195,1328.0,3.9157
TS@FaF,wfjsp15_7.txt,5,1375.0,55.5513,1328.0,3.5392
TS@FaF,wfjsp15_8.txt,1,1355.0,98.8447,1327.0,2.11
TS@FaF,wfjsp15_8.txt,2,1364.0,116.622,1327.0,2.7882
TS@FaF,wfjsp15_8.txt,3,1384.0,66.3537,1327.0,4.2954
TS@FaF,wfjsp15_8.txt,4,1355.0,183.345,1327.0,2.11
TS@FaF,wfjsp15_8.txt,5,1375.0,135.753,1327.0,3.6172
TS@FaF,wfjsp15_9.txt,1,1361.0,47.495,1328.0,2.4849
TS@FaF,wfjsp15_9.txt,2,1370.0,53.3088,1328.0,3.1627
TS@FaF,wfjsp15_9.txt,3,1338.0,167.874,1328.0,0.753
TS@FaF,wfjsp15_9.txt,4,1366.0,68.6693,1328.0,2.8614
TS@FaF,wfjsp15_9.txt,5,1340.0,177.048,1328.0,0.9036
TS@FaF,wfjsp16_1.txt,1,1034.0,29.4011,995.0,3.9196
TS@FaF,wfjsp16_1.txt,2,1021.0,12.6146,995.0,2.6131
TS@FaF,wfjsp16_1.txt,3,1021.0,34.2927,995.0,2.6131
TS@FaF,wfjsp16_1.txt,4,1030.0,24.346,995.0,3.5176
TS@FaF,wfjsp16_1.txt,5,1023.0,36.8232,995.0,2.8141
TS@FaF,wfjsp16_10.txt,1,1181.0,50.8048,1145.0,3.1441
TS@FaF,wfjsp16_10.txt,2,1191.0,30.3806,1145.0,4.0175
TS@FaF,wfjsp16_10.txt,3,1191.0,28.6197,1145.0,4.0175
TS@FaF,wfjsp16_10.txt,4,1176.0,72.3951,1145.0,2.7074
TS@FaF,wfjsp16_10.txt,5,1171.0,81.3487,1145.0,2.2707
TS@FaF,wfjsp16_2.txt,1,1065.0,10.464,1011.0,5.3412
TS@FaF,wfjsp16_2.txt,2,1047.0,43.6706,1011.0,3.5608
TS@FaF,wfjsp16_2.txt,3,1072.0,8.40543,1011.0,6.0336
TS@FaF,wfjsp16_2.txt,4,1054.0,27.5765,1011.0,4.2532
TS@FaF,wfjsp16_2.txt,5,1060.0,21.1114,1011.0,4.8467
TS@FaF,wfjsp16_3.txt,1,1120.0,44.7534,1097.0,2.0966
TS@FaF,wfjsp16_3.txt,2,1118.0,17.2027,1097.0,1.9143
TS@FaF,wfjsp16_3.txt,3,1116.0,36.1395,1097.0,1.732
TS@FaF,wfjsp16_3.txt,4,1121.0,23.4606,1097.0,2.1878
TS@FaF,wfjsp16_3.txt,5,1111.0,46.3941,1097.0,1.2762
TS@FaF,wfjsp16_4.txt,1,1132.0,12.1491,1074.0,5.4004
TS@FaF,wfjsp16_4.txt,2,1117.0,22.9798,1074.0,4.0037
TS@FaF,wfjsp16_4.txt,3,1126.0,11.7811,1074.0,4.8417
TS@FaF,wfjsp16_4.txt,4,1122.0,23.8743,1074.0,4.4693
TS@FaF,wfjsp16_4.txt,5,1127.0,25.0331,1074.0,4.9348
TS@FaF,wfjsp16_5.txt,1,951.0,8.73768,904.0,5.1991
TS@FaF,wfjsp16_5.txt,2,932.0,54.2682,904.0,3.0973
TS@FaF,wfjsp16_5.txt,3,938.0,42.9904,904.0,3.7611
TS@FaF,wfjsp16_5.txt,4,935.0,27.6926,904.0,3.4292
TS@FaF,wfjsp16_5.txt,5,959.0,5.68029,904.0,6.0841
TS@FaF,wfjsp16_6.txt,1,1274.0,30.9096,1222.0,4.2553
TS@FaF,wfjsp16_6.txt,2,1276.0,24.28,1222.0,4.419
TS@FaF,wfjsp16_6.txt,3,1281.0,35.8109,1222.0,4.8282
TS@FaF,wfjsp16_6.txt,4,1262.0,94.263,1222.0,3.2733
TS@FaF,wfjsp16_6.txt,5,1277.0,22.6502,1222.0,4.5008
TS@FaF,wfjsp16_7.txt,1,1122.0,23.891,1094.0,2.5594
TS@FaF,wfjsp16_7.txt,2,1109.0,30.4326,1094.0,1.3711
TS@FaF,wfjsp16_7.txt,3,1091.0,84.4368,1094.0,-0.2742
TS@FaF,wfjsp16_7.txt,4,1121.0,31.1203,1094.0,2.468
TS@FaF,wfjsp16_7.txt,5,1118.0,16.6843,1094.0,2.1938
TS@FaF,wfjsp16_8.txt,1,1065.0,54.332,1049.0,1.5253
TS@FaF,wfjsp16_8.txt,2,1100.0,11.6578,1049.0,4.8618
TS@FaF,wfjsp16_8.txt,3,1064.0,36.6985,1049.0,1.4299
TS@FaF,wfjsp16_8.txt,4,1064.0,32.7704,1049.0,1.4299
TS@FaF,wfjsp16_8.txt,5,1088.0,12.9547,1049.0,3.7178
TS@FaF,wfjsp16_9.txt,1,1079.0,38.6243,1055.0,2.2749
TS@FaF,wfjsp16_9.txt,2,1091.0,27.4184,1055.0,3.4123
TS@FaF,wfjsp16_9.txt,3,1090.0,19.0273,1055.0,3.3175
TS@FaF,wfjsp16_9.txt,4,1090.0,20.1977,1055.0,3.3175
TS@FaF,wfjsp16_9.txt,5,1096.0,16.0365,1055.0,3.8863
TS@FaF,wfjsp17_1.txt,1,1625.0,16.6192,1585.0,2.5237
TS@FaF,wfjsp17_1.txt,2,1623.0,22.4252,1585.0,2.3975
TS@FaF,wfjsp17_1.txt,3,1649.0,2.34806,1585.0,4.0379
TS@FaF,wfjsp17_1.txt,4,1622.0,19.8792,1585.0,2.3344
TS@FaF,wfjsp17_1.txt,5,1619.0,20.6301,1585.0,2.1451
TS@FaF,wfjsp17_10.txt,1,1765.0,14.1961,1750.0,0.8571
TS@FaF,wfjsp17_10.txt,2,1785.0,4.76732,1750.0,2.0
TS@FaF,wfjsp17_10.txt,3,1783.0,9.66899,1750.0,1.8857
TS@FaF,wfjsp17_10.txt,4,1783.0,7.4266,1750.0,1.8857
TS@FaF,wfjsp17_10.txt,5,1777.0,8.86884,1750.0,1.5429
TS@FaF,wfjsp17_2.txt,1,1751.0,22.9883,1731.0,1.1554
TS@FaF,wfjsp17_2.txt,2,1747.0,32.9265,1731.0,0.9243
TS@FaF,wfjsp17_2.txt,3,1754.0,23.2115,1731.0,1.3287
TS@FaF,wfjsp17_2.txt,4,1759.0,9.60151,1731.0,1.6176
TS@FaF,wfjsp17_2.txt,5,1759.0,15.3669,1731.0,1.6176
TS@FaF,wfjsp17_3.txt,1,1868.0,9.64845,1836.0,1.7429
TS@FaF,wfjsp17_3.txt,2,1858.0,46.8504,1836.0,1.1983
TS@FaF,wfjsp17_3.txt,3,1857.0,28.4158,1836.0,1.1438
TS@FaF,wfjsp17_3.txt,4,1867.0,34.175,1836.0,1.6885
TS@FaF,wfjsp17_3.txt,5,1858.0,11.8443,1836.0,1.1983
TS@FaF,wfjsp17_4.txt,1,1695.0,23.9982,1670.0,1.497
TS@FaF,wfjsp17_4.txt,2,1713.0,4.90435,1670.0,2.5749
TS@FaF,wfjsp17_4.txt,3,1706.0,9.04442,1670.0,2.1557
TS@FaF,wfjsp17_4.txt,4,1696.0,20.3768,1670.0,1.5569
TS@FaF,wfjsp17_4.txt,5,1691.0,31.5146,1670.0,1.2575
TS@FaF,wfjsp17_5.txt,1,1569.0,21.7161,1558.0,0.706
TS@FaF,wfjsp17_5.txt,2,1568.0,12.3534,1558.0,0.6418
TS@FaF,wfjsp17_5.txt,3,1568.0,20.8661,1558.0,0.6418
TS@FaF,wfjsp17_5.txt,4,1565.0,15.4036,1558.0,0.4493
TS@FaF,wfjsp17_5.txt,5,1575.0,4.51796,1558.0,1.0911
TS@FaF,wfjsp17_6.txt,1,1721.0,11.9724,1708.0,0.7611
TS@FaF,wfjsp17_6.txt,2,1720.0,20.7906,1708.0,0.7026
TS@FaF,wfjsp17_6.txt,3,1719.0,48.7308,1708.0,0.644
TS@FaF,wfjsp17_6.txt,4,1730.0,24.1142,1708.0,1.2881
TS@FaF,wfjsp17_6.txt,5,1737.0,11.3715,1708.0,1.6979
TS@FaF,wfjsp17_7.txt,1,1633.0,5.25046,1598.0,2.1902
TS@FaF,wfjsp17_7.txt,2,1626.0,9.20094,1598.0,1.7522
TS@FaF,wfjsp17_7.txt,3,1626.0,10.6514,1598.0,1.7522
TS@FaF,wfjsp17_7.txt,4,1613.0,34.1256,1598.0,0.9387
TS@FaF,wfjsp17_7.txt,5,1610.0,35.5283,1598.0,0.7509
TS@FaF,wfjsp17_8.txt,1,1738.0,25.27,1717.0,1.2231
TS@FaF,wfjsp17_8.txt,2,1747.0,20.565,1717.0,1.7472
TS@FaF,wfjsp17_8.txt,3,1741.0,18.6008,1717.0,1.3978
TS@FaF,wfjsp17_8.txt,4,1739.0,10.2556,1717.0,1.2813
TS@FaF,wfjsp17_8.txt,5,1766.0,5.54978,1717.0,2.8538
TS@FaF,wfjsp17_9.txt,1,1622.0,33.0026,1593.0,1.8205
TS@FaF,wfjsp17_9.txt,2,1610.0,45.1436,1593.0,1.0672
TS@FaF,wfjsp17_9.txt,3,1609.0,23.0448,1593.0,1.0044
TS@FaF,wfjsp17_9.txt,4,1624.0,16.7021,1593.0,1.946
TS@FaF,wfjsp17_9.txt,5,1607.0,27.9756,1593.0,0.8788
TS@FaF,wfjsp18_1.txt,1,961.0,5.57113,929.0,3.4446
TS@FaF,wfjsp18_1.txt,2,953.0,9.02862,929.0,2.5834
TS@FaF,wfjsp18_1.txt,3,955.0,4.91246,929.0,2.7987
TS@FaF,wfjsp18_1.txt,4,966.0,3.96834,929.0,3.9828
TS@FaF,wfjsp18_1.txt,5,954.0,13.1919,929.0,2.6911
TS@FaF,wfjsp18_10.txt,1,1041.0,25.0691,1019.0,2.159
TS@FaF,wfjsp18_10.txt,2,1039.0,9.81784,1019.0,1.9627
TS@FaF,wfjsp18_10.txt,3,1046.0,12.076,1019.0,2.6497
TS@FaF,wfjsp18_10.txt,4,1041.0,12.0247,1019.0,2.159
TS@FaF,wfjsp18_10.txt,5,1027.0,11.521,1019.0,0.7851
TS@FaF,wfjsp18_2.txt,1,1044.0,4.56812,1010.0,3.3663
TS@FaF,wfjsp18_2.txt,2,1042.0,9.44937,1010.0,3.1683
TS@FaF,wfjsp18_2.txt,3,1030.0,28.6977,1010.0,1.9802
TS@FaF,wfjsp18_2.txt,4,1037.0,8.70171,1010.0,2.6733
TS@FaF,wfjsp18_2.txt,5,1046.0,7.04868,1010.0,3.5644
TS@FaF,wfjsp18_3.txt,1,1148.0,5.76507,1120.0,2.5
TS@FaF,wfjsp18_3.txt,2,1142.0,4.00634,1120.0,1.9643
TS@FaF,wfjsp18_3.txt,3,1146.0,4.75835,1120.0,2.3214
TS@FaF,wfjsp18_3.txt,4,1135.0,10.9837,1120.0,1.3393
TS@FaF,wfjsp18_3.txt,5,1147.0,10.2847,1120.0,2.4107
TS@FaF,wfjsp18_4.txt,1,1066.0,13.5328,1037.0,2.7965
TS@FaF,wfjsp18_4.txt,2,1062.0,8.25592,1037.0,2.4108
TS@FaF,wfjsp18_4.txt,3,1062.0,8.2902,1037.0,2.4108
TS@FaF,wfjsp18_4.txt,4,1065.0,5.35207,1037.0,2.7001
TS@FaF,wfjsp18_4.txt,5,1065.0,7.71719,1037.0,2.7001
TS@FaF,wfjsp18_5.txt,1,878.0,5.15418,854.0,2.8103
TS@FaF,wfjsp18_5.txt,2,893.0,4.09513,854.0,4.5667
TS@FaF,wfjsp18_5.txt,3,880.0,8.9544,854.0,3.0445
TS@FaF,wfjsp18_5.txt,4,883.0,6.65533,854.0,3.3958
TS@FaF,wfjsp18_5.txt,5,879.0,12.1856,854.0,2.9274
TS@FaF,wfjsp18_6.txt,1,1103.0,27.9673,1084.0,1.7528
TS@FaF,wfjsp18_6.txt,2,1105.0,18.1743,1084.0,1.9373
TS@FaF,wfjsp18_6.txt,3,1114.0,5.75957,1084.0,2.7675
TS@FaF,wfjsp18_6.txt,4,1116.0,20.6376,1084.0,2.952
TS@FaF,wfjsp18_6.txt,5,1120.0,7.7485,1084.0,3.321
TS@FaF,wfjsp18_7.txt,1,1045.0,5.6991,1003.0,4.1874
TS@FaF,wfjsp18_7.txt,2,1035.0,6.51874,1003.0,3.1904
TS@FaF,wfjsp18_7.txt,3,1038.0,2.6687,1003.0,3.4895
TS@FaF,wfjsp18_7.txt,4,1027.0,8.85059,1003.0,2.3928
TS@FaF,wfjsp18_7.txt,5,1047.0,2.68755,1003.0,4.3868
TS@FaF,wfjsp18_8.txt,1,1018.0,6.62192,990.0,2.8283
TS@FaF,wfjsp18_8.txt,2,1022.0,4.97473,990.0,3.2323
TS@FaF,wfjsp18_8.txt,3,1017.0,3.29959,990.0,2.7273
TS@FaF,wfjsp18_8.txt,4,1006.0,20.2951,990.0,1.6162
TS@FaF,wfjsp18_8.txt,5,1008.0,7.22822,990.0,1.8182
TS@FaF,wfjsp18_9.txt,1,976.0,3.94871,944.0,3.3898
TS@FaF,wfjsp18_9.txt,2,954.0,20.419,944.0,1.0593
TS@FaF,wfjsp18_9.txt,3,980.0,4.8544,944.0,3.8136
TS@FaF,wfjsp18_9.txt,4,976.0,2.90701,944.0,3.3898
TS@FaF,wfjsp18_9.txt,5,986.0,3.9726,944.0,4.4492
TS@FaF,wfjsp19_1.txt,1,1203.0,12.8872,1196.0,0.5853
TS@FaF,wfjsp19_1.txt,2,1208.0,9.5772,1196.0,1.0033
TS@FaF,wfjsp19_1.txt,3,1210.0,11.4186,1196.0,1.1706
TS@FaF,wfjsp19_1.txt,4,1204.0,20.1693,1196.0,0.6689
TS@FaF,wfjsp19_1.txt,5,1210.0,5.56407,1196.0,1.1706
TS@FaF,wfjsp19_10.txt,1,1377.0,6.47022,1351.0,1.9245
TS@FaF,wfjsp19_10.txt,2,1371.0,16.0235,1351.0,1.4804
TS@FaF,wfjsp19_10.txt,3,1370.0,6.51367,1351.0,1.4064
TS@FaF,wfjsp19_10.txt,4,1374.0,7.69702,1351.0,1.7024
TS@FaF,wfjsp19_10.txt,5,1377.0,5.05119,1351.0,1.9245
TS@FaF,wfjsp19_2.txt,1,1479.0,29.7442,1471.0,0.5438
TS@FaF,wfjsp19_2.txt,2,1482.0,16.0464,1471.0,0.7478
TS@FaF,wfjsp19_2.txt,3,1478.0,23.5929,1471.0,0.4759
TS@FaF,wfjsp19_2.txt,4,1470.0,16.1409,1471.0,-0.068
TS@FaF,wfjsp19_2.txt,5,1473.0,22.4449,1471.0,0.136
TS@FaF,wfjsp19_3.txt,1,1453.0,9.07313,1406.0,3.3428
TS@FaF,wfjsp19_3.txt,2,1437.0,19.6952,1406.0,2.2048
TS@FaF,wfjsp19_3.txt,3,1452.0,13.1208,1406.0,3.2717
TS@FaF,wfjsp19_3.txt,4,1433.0,11.6341,1406.0,1.9203
TS@FaF,wfjsp19_3.txt,5,1446.0,18.6107,1406.0,2.845
TS@FaF,wfjsp19_4.txt,1,1415.0,32.9594,1398.0,1.216
TS@FaF,wfjsp19_4.txt,2,1408.0,19.2853,1398.0,0.7153
TS@FaF,wfjsp19_4.txt,3,1422.0,14.8347,1398.0,1.7167
TS@FaF,wfjsp19_4.txt,4,1416.0,14.365,1398.0,1.2876
TS@FaF,wfjsp19_4.txt,5,1425.0,7.46604,1398.0,1.9313
TS@FaF,wfjsp19_5.txt,1,1453.0,35.0873,1444.0,0.6233
TS@FaF,wfjsp19_5.txt,2,1469.0,15.2474,1444.0,1.7313
TS@FaF,wfjsp19_5.txt,3,1460.0,17.7177,1444.0,1.108
TS@FaF,wfjsp19_5.txt,4,1462.0,9.61909,1444.0,1.2465
TS@FaF,wfjsp19_5.txt,5,1457.0,28.5158,1444.0,0.9003
TS@FaF,wfjsp19_6.txt,1,1183.0,12.1668,1158.0,2.1589
TS@FaF,wfjsp19_6.txt,2,1165.0,16.0142,1158.0,0.6045
TS@FaF,wfjsp19_6.txt,3,1182.0,3.92596,1158.0,2.0725
TS@FaF,wfjsp19_6.txt,4,1184.0,9.47517,1158.0,2.2453
TS@FaF,wfjsp19_6.txt,5,1178.0,13.4189,1158.0,1.7271
TS@FaF,wfjsp19_7.txt,1,1272.0,5.65309,1236.0,2.9126
TS@FaF,wfjsp19_7.txt,2,1272.0,8.7281,1236.0,2.9126
TS@FaF,wfjsp19_7.txt,3,1260.0,19.6884,1236.0,1.9417
TS@FaF,wfjsp19_7.txt,4,1262.0,25.0917,1236.0,2.1036
TS@FaF,wfjsp19_7.txt,5,1263.0,10.8592,1236.0,2.1845
TS@FaF,wfjsp19_8.txt,1,1282.0,20.6482,1250.0,2.56
TS@FaF,wfjsp19_8.txt,2,1278.0,22.1763,1250.0,2.24
TS@FaF,wfjsp19_8.txt,3,1296.0,6.04884,1250.0,3.68
TS@FaF,wfjsp19_8.txt,4,1291.0,8.60595,1250.0,3.28
TS@FaF,wfjsp19_8.txt,5,1288.0,6.90655,1250.0,3.04
TS@FaF,wfjsp19_9.txt,1,1386.0,24.4294,1388.0,-0.1441
TS@FaF,wfjsp19_9.txt,2,1400.0,15.226,1388.0,0.8646
TS@FaF,wfjsp19_9.txt,3,1402.0,19.8569,1388.0,1.0086
TS@FaF,wfjsp19_9.txt,4,1397.0,43.8189,1388.0,0.6484
TS@FaF,wfjsp19_9.txt,5,1387.0,20.4526,1388.0,-0.072
TS@FaF,wfjsp1_1.txt,1,268.0,0.124907,268.0,0.0
TS@FaF,wfjsp1_1.txt,2,268.0,0.056147,268.0,0.0
TS@FaF,wfjsp1_1.txt,3,268.0,0.0634782,268.0,0.0
TS@FaF,wfjsp1_1.txt,4,273.0,0.0718578,268.0,1.8657
TS@FaF,wfjsp1_1.txt,5,273.0,0.0958465,268.0,1.8657
TS@FaF,wfjsp1_10.txt,1,320.0,0.0540269,316.0,1.2658
TS@FaF,wfjsp1_10.txt,2,319.0,0.0536163,316.0,0.9494
TS@FaF,wfjsp1_10.txt,3,318.0,0.0471705,316.0,0.6329
TS@FaF,wfjsp1_10.txt,4,317.0,0.0594895,316.0,0.3165
TS@FaF,wfjsp1_10.txt,5,320.0,0.0488072,316.0,1.2658
TS@FaF,wfjsp1_2.txt,1,287.0,0.0510166,287.0,0.0
TS@FaF,wfjsp1_2.txt,2,287.0,0.090079,287.0,0.0
TS@FaF,wfjsp1_2.txt,3,287.0,0.0578411,287.0,0.0
TS@FaF,wfjsp1_2.txt,4,287.0,0.0538813,287.0,0.0
TS@FaF,wfjsp1_2.txt,5,287.0,0.0646745,287.0,0.0
TS@FaF,wfjsp1_3.txt,1,355.0,0.140949,347.0,2.3055
TS@FaF,wfjsp1_3.txt,2,354.0,0.111781,347.0,2.0173
TS@FaF,wfjsp1_3.txt,3,361.0,0.0669382,347.0,4.0346
TS@FaF,wfjsp1_3.txt,4,358.0,0.117036,347.0,3.17
TS@FaF,wfjsp1_3.txt,5,347.0,0.0687486,347.0,0.0
TS@FaF,wfjsp1_4.txt,1,319.0,0.0723715,315.0,1.2698
TS@FaF,wfjsp1_4.txt,2,315.0,0.0589184,315.0,0.0
TS@FaF,wfjsp1_4.txt,3,315.0,0.0537083,315.0,0.0
TS@FaF,wfjsp1_4.txt,4,319.0,0.0598262,315.0,1.2698
TS@FaF,wfjsp1_4.txt,5,315.0,0.0753089,315.0,0.0
TS@FaF,wfjsp1_5.txt,1,265.0,0.059722,265.0,0.0
TS@FaF,wfjsp1_5.txt,2,265.0,0.0570766,265.0,0.0
TS@FaF,wfjsp1_5.txt,3,265.0,0.0473381,265.0,0.0
TS@FaF,wfjsp1_5.txt,4,265.0,0.0546923,265.0,0.0
TS@FaF,wfjsp1_5.txt,5,265.0,0.0629719,265.0,0.0
TS@FaF,wfjsp1_6.txt,1,292.0,0.0745797,291.0,0.3436
TS@FaF,wfjsp1_6.txt,2,292.0,0.122508,291.0,0.3436
TS@FaF,wfjsp1_6.txt,3,291.0,0.106442,291.0,0.0
TS@FaF,wfjsp1_6.txt,4,292.0,0.134756,291.0,0.3436
TS@FaF,wfjsp1_6.txt,5,292.0,0.0855128,291.0,0.3436
TS@FaF,wfjsp1_7.txt,1,271.0,0.0894687,265.0,2.2642
TS@FaF,wfjsp1_7.txt,2,269.0,0.0683115,265.0,1.5094
TS@FaF,wfjsp1_7.txt,3,268.0,0.120647,265.0,1.1321
TS@FaF,wfjsp1_7.txt,4,269.0,0.100563,265.0,1.5094
TS@FaF,wfjsp1_7.txt,5,269.0,0.0592427,265.0,1.5094
TS@FaF,wfjsp1_8.txt,1,328.0,0.0569881,328.0,0.0
TS@FaF,wfjsp1_8.txt,2,331.0,0.0664522,328.0,0.9146
TS@FaF,wfjsp1_8.txt,3,328.0,0.0632325,328.0,0.0
TS@FaF,wfjsp1_8.txt,4,331.0,0.0984944,328.0,0.9146
TS@FaF,wfjsp1_8.txt,5,331.0,0.0659288,328.0,0.9146
TS@FaF,wfjsp1_9.txt,1,254.0,0.045383,252.0,0.7937
TS@FaF,wfjsp1_9.txt,2,254.0,0.0482909,252.0,0.7937
TS@FaF,wfjsp1_9.txt,3,254.0,0.044861,252.0,0.7937
TS@FaF,wfjsp1_9.txt,4,252.0,0.049317,252.0,0.0
TS@FaF,wfjsp1_9.txt,5,254.0,0.0480866,252.0,0.7937
TS@FaF,wfjsp20_1.txt,1,1107.0,23.7025,1105.0,0.181
TS@FaF,wfjsp20_1.txt,2,1115.0,4.99561,1105.0,0.905
TS@FaF,wfjsp20_1.txt,3,1108.0,11.5221,1105.0,0.2715
TS@FaF,wfjsp20_1.txt,4,1100.0,18.2531,1105.0,-0.4525
TS@FaF,wfjsp20_1.txt,5,1113.0,17.1701,1105.0,0.724
TS@FaF,wfjsp20_10.txt,1,1367.0,11.7011,1362.0,0.3671
TS@FaF,wfjsp20_10.txt,2,1376.0,8.29403,1362.0,1.0279
TS@FaF,wfjsp20_10.txt,3,1376.0,19.3728,1362.0,1.0279
TS@FaF,wfjsp20_10.txt,4,1380.0,9.54982,1362.0,1.3216
TS@FaF,wfjsp20_10.txt,5,1372.0,13.6497,1362.0,0.7342
TS@FaF,wfjsp20_2.txt,1,1251.0,16.2896,1221.0,2.457
TS@FaF,wfjsp20_2.txt,2,1247.0,12.3976,1221.0,2.1294
TS@FaF,wfjsp20_2.txt,3,1255.0,19.0863,1221.0,2.7846
TS@FaF,wfjsp20_2.txt,4,1247.0,8.26653,1221.0,2.1294
TS@FaF,wfjsp20_2.txt,5,1259.0,18.3272,1221.0,3.1122
TS@FaF,wfjsp20_3.txt,1,1365.0,17.7101,1328.0,2.7861
TS@FaF,wfjsp20_3.txt,2,1331.0,26.8519,1328.0,0.2259
TS@FaF,wfjsp20_3.txt,3,1344.0,17.5354,1328.0,1.2048
TS@FaF,wfjsp20_3.txt,4,1362.0,17.523,1328.0,2.5602
TS@FaF,wfjsp20_3.txt,5,1353.0,14.9813,1328.0,1.8825
TS@FaF,wfjsp20_4.txt,1,1277.0,16.8852,1259.0,1.4297
TS@FaF,wfjsp20_4.txt,2,1276.0,15.0587,1259.0,1.3503
TS@FaF,wfjsp20_4.txt,3,1279.0,11.4443,1259.0,1.5886
TS@FaF,wfjsp20_4.txt,4,1273.0,16.2724,1259.0,1.112
TS@FaF,wfjsp20_4.txt,5,1279.0,9.56675,1259.0,1.5886
TS@FaF,wfjsp20_5.txt,1,1078.0,23.2102,1058.0,1.8904
TS@FaF,wfjsp20_5.txt,2,1082.0,17.8083,1058.0,2.2684
TS@FaF,wfjsp20_5.txt,3,1078.0,21.0517,1058.0,1.8904
TS@FaF,wfjsp20_5.txt,4,1082.0,5.54476,1058.0,2.2684
TS@FaF,wfjsp20_5.txt,5,1079.0,6.71564,1058.0,1.9849
TS@FaF,wfjsp20_6.txt,1,1417.0,19.1246,1381.0,2.6068
TS@FaF,wfjsp20_6.txt,2,1411.0,15.4881,1381.0,2.1723
TS@FaF,wfjsp20_6.txt,3,1411.0,22.3968,1381.0,2.1723
TS@FaF,wfjsp20_6.txt,4,1411.0,17.5438,1381.0,2.1723
TS@FaF,wfjsp20_6.txt,5,1430.0,5.76429,1381.0,3.5482
TS@FaF,wfjsp20_7.txt,1,1232.0,21.9537,1224.0,0.6536
TS@FaF,wfjsp20_7.txt,2,1218.0,42.3891,1224.0,-0.4902
TS@FaF,wfjsp20_7.txt,3,1240.0,8.31751,1224.0,1.3072
TS@FaF,wfjsp20_7.txt,4,1248.0,8.12881,1224.0,1.9608
TS@FaF,wfjsp20_7.txt,5,1227.0,24.6783,1224.0,0.2451
TS@FaF,wfjsp20_8.txt,1,1203.0,27.2267,1183.0,1.6906
TS@FaF,wfjsp20_8.txt,2,1213.0,6.63197,1183.0,2.5359
TS@FaF,wfjsp20_8.txt,3,1199.0,26.7509,1183.0,1.3525
TS@FaF,wfjsp20_8.txt,4,1204.0,20.2194,1183.0,1.7751
TS@FaF,wfjsp20_8.txt,5,1205.0,16.0024,1183.0,1.8597
TS@FaF,wfjsp20_9.txt,1,1218.0,17.8886,1200.0,1.5
TS@FaF,wfjsp20_9.txt,2,1207.0,27.6091,1200.0,0.5833
TS@FaF,wfjsp20_9.txt,3,1220.0,13.4541,1200.0,1.6667
TS@FaF,wfjsp20_9.txt,4,1218.0,19.5765,1200.0,1.5
TS@FaF,wfjsp20_9.txt,5,1212.0,19.6889,1200.0,1.0
TS@FaF,wfjsp21_1.txt,1,1053.0,18.4325,1049.0,0.3813
TS@FaF,wfjsp21_1.txt,2,1079.0,6.0523,1049.0,2.8599
TS@FaF,wfjsp21_1.txt,3,1034.0,49.1908,1049.0,-1.4299
TS@FaF,wfjsp21_1.txt,4,1054.0,29.0373,1049.0,0.4766
TS@FaF,wfjsp21_1.txt,5,1059.0,21.4246,1049.0,0.9533
TS@FaF,wfjsp21_10.txt,1,1134.0,21.8506,1120.0,1.25
TS@FaF,wfjsp21_10.txt,2,1136.0,21.4553,1120.0,1.4286
TS@FaF,wfjsp21_10.txt,3,1143.0,11.4375,1120.0,2.0536
TS@FaF,wfjsp21_10.txt,4,1143.0,17.1766,1120.0,2.0536
TS@FaF,wfjsp21_10.txt,5,1131.0,53.4815,1120.0,0.9821
TS@FaF,wfjsp21_2.txt,1,1188.0,28.4191,1171.0,1.4518
TS@FaF,wfjsp21_2.txt,2,1182.0,20.4174,1171.0,0.9394
TS@FaF,wfjsp21_2.txt,3,1168.0,47.2287,1171.0,-0.2562
TS@FaF,wfjsp21_2.txt,4,1193.0,21.9442,1171.0,1.8787
TS@FaF,wfjsp21_2.txt,5,1185.0,31.6271,1171.0,1.1956
TS@FaF,wfjsp21_3.txt,1,1079.0,39.9442,1046.0,3.1549
TS@FaF,wfjsp21_3.txt,2,1075.0,17.2396,1046.0,2.7725
TS@FaF,wfjsp21_3.txt,3,1062.0,29.1132,1046.0,1.5296
TS@FaF,wfjsp21_3.txt,4,1067.0,33.1455,1046.0,2.0076
TS@FaF,wfjsp21_3.txt,5,1059.0,33.2697,1046.0,1.2428
TS@FaF,wfjsp21_4.txt,1,1102.0,32.3131,1095.0,0.6393
TS@FaF,wfjsp21_4.txt,2,1116.0,11.5872,1095.0,1.9178
TS@FaF,wfjsp21_4.txt,3,1119.0,13.4352,1095.0,2.1918
TS@FaF,wfjsp21_4.txt,4,1101.0,35.1122,1095.0,0.5479
TS@FaF,wfjsp21_4.txt,5,1100.0,22.0562,1095.0,0.4566
TS@FaF,wfjsp21_5.txt,1,998.0,26.191,984.0,1.4228
TS@FaF,wfjsp21_5.txt,2,991.0,20.3327,984.0,0.7114
TS@FaF,wfjsp21_5.txt,3,997.0,39.7198,984.0,1.3211
TS@FaF,wfjsp21_5.txt,4,990.0,30.2417,984.0,0.6098
TS@FaF,wfjsp21_5.txt,5,988.0,23.4273,984.0,0.4065
TS@FaF,wfjsp21_6.txt,1,1199.0,11.6414,1204.0,-0.4153
TS@FaF,wfjsp21_6.txt,2,1201.0,19.1647,1204.0,-0.2492
TS@FaF,wfjsp21_6.txt,3,1212.0,21.639,1204.0,0.6645
TS@FaF,wfjsp21_6.txt,4,1216.0,13.9246,1204.0,0.9967
TS@FaF,wfjsp21_6.txt,5,1210.0,21.4861,1204.0,0.4983
TS@FaF,wfjsp21_7.txt,1,1050.0,27.8712,1015.0,3.4483
TS@FaF,wfjsp21_7.txt,2,1048.0,32.1609,1015.0,3.2512
TS@FaF,wfjsp21_7.txt,3,1065.0,10.4297,1015.0,4.9261
TS@FaF,wfjsp21_7.txt,4,1053.0,24.9848,1015.0,3.7438
TS@FaF,wfjsp21_7.txt,5,1059.0,9.55019,1015.0,4.335
TS@FaF,wfjsp21_8.txt,1,1077.0,22.1411,1088.0,-1.011
TS@FaF,wfjsp21_8.txt,2,1074.0,35.3667,1088.0,-1.2868
TS@FaF,wfjsp21_8.txt,3,1086.0,19.4398,1088.0,-0.1838
TS@FaF,wfjsp21_8.txt,4,1084.0,20.2251,1088.0,-0.3676
TS@FaF,wfjsp21_8.txt,5,1095.0,11.2958,1088.0,0.6434
TS@FaF,wfjsp21_9.txt,1,1162.0,50.5044,1129.0,2.9229
TS@FaF,wfjsp21_9.txt,2,1170.0,13.083,1129.0,3.6315
TS@FaF,wfjsp21_9.txt,3,1166.0,26.33,1129.0,3.2772
TS@FaF,wfjsp21_9.txt,4,1183.0,11.9437,1129.0,4.783
TS@FaF,wfjsp21_9.txt,5,1158.0,20.7961,1129.0,2.5686
TS@FaF,wfjsp22_1.txt,1,904.0,7.38509,903.0,0.1107
TS@FaF,wfjsp22_1.txt,2,902.0,28.5519,903.0,-0.1107
TS@FaF,wfjsp22_1.txt,3,904.0,7.79655,903.0,0.1107
TS@FaF,wfjsp22_1.txt,4,902.0,17.2346,903.0,-0.1107
TS@FaF,wfjsp22_1.txt,5,909.0,8.29141,903.0,0.6645
TS@FaF,wfjsp22_10.txt,1,1083.0,12.7435,1084.0,-0.0923
TS@FaF,wfjsp22_10.txt,2,1086.0,10.9106,1084.0,0.1845
TS@FaF,wfjsp22_10.txt,3,1085.0,18.1264,1084.0,0.0923
TS@FaF,wfjsp22_10.txt,4,1084.0,13.0252,1084.0,0.0
TS@FaF,wfjsp22_10.txt,5,1080.0,14.2659,1084.0,-0.369
TS@FaF,wfjsp22_2.txt,1,971.0,14.234,957.0,1.4629
TS@FaF,wfjsp22_2.txt,2,982.0,10.7189,957.0,2.6123
TS@FaF,wfjsp22_2.txt,3,983.0,13.9381,957.0,2.7168
TS@FaF,wfjsp22_2.txt,4,974.0,19.2774,957.0,1.7764
TS@FaF,wfjsp22_2.txt,5,971.0,16.2341,957.0,1.4629
TS@FaF,wfjsp22_3.txt,1,1024.0,52.9655,1024.0,0.0
TS@FaF,wfjsp22_3.txt,2,1033.0,15.1821,1024.0,0.8789
TS@FaF,wfjsp22_3.txt,3,1037.0,12.2107,1024.0,1.2695
TS@FaF,wfjsp22_3.txt,4,1033.0,18.7356,1024.0,0.8789
TS@FaF,wfjsp22_3.txt,5,1031.0,23.2361,1024.0,0.6836
TS@FaF,wfjsp22_4.txt,1,988.0,27.661,989.0,-0.1011
TS@FaF,wfjsp22_4.txt,2,989.0,9.22279,989.0,0.0
TS@FaF,wfjsp22_4.txt,3,986.0,25.9995,989.0,-0.3033
TS@FaF,wfjsp22_4.txt,4,991.0,10.3226,989.0,0.2022
TS@FaF,wfjsp22_4.txt,5,984.0,13.2363,989.0,-0.5056
TS@FaF,wfjsp22_5.txt,1,878.0,14.4947,874.0,0.4577
TS@FaF,wfjsp22_5.txt,2,890.0,15.3092,874.0,1.8307
TS@FaF,wfjsp22_5.txt,3,883.0,21.6077,874.0,1.0297
TS@FaF,wfjsp22_5.txt,4,888.0,16.6852,874.0,1.6018
TS@FaF,wfjsp22_5.txt,5,883.0,13.8155,874.0,1.0297
TS@FaF,wfjsp22_6.txt,1,1122.0,25.7104,1114.0,0.7181
TS@FaF,wfjsp22_6.txt,2,1129.0,15.4085,1114.0,1.3465
TS@FaF,wfjsp22_6.txt,3,1106.0,20.6617,1114.0,-0.7181
TS@FaF,wfjsp22_6.txt,4,1121.0,14.9918,1114.0,0.6284
TS@FaF,wfjsp22_6.txt,5,1126.0,9.29089,1114.0,1.0772
TS@FaF,wfjsp22_7.txt,1,1007.0,19.3953,994.0,1.3078
TS@FaF,wfjsp22_7.txt,2,1000.0,16.0996,994.0,0.6036
TS@FaF,wfjsp22_7.txt,3,1015.0,10.0953,994.0,2.1127
TS@FaF,wfjsp22_7.txt,4,1018.0,7.44364,994.0,2.4145
TS@FaF,wfjsp22_7.txt,5,1017.0,14.1545,994.0,2.3139
TS@FaF,wfjsp22_8.txt,1,975.0,9.53558,946.0,3.0655
TS@FaF,wfjsp22_8.txt,2,978.0,5.26346,946.0,3.3827
TS@FaF,wfjsp22_8.txt,3,977.0,10.4153,946.0,3.277
TS@FaF,wfjsp22_8.txt,4,961.0,17.7673,946.0,1.5856
TS@FaF,wfjsp22_8.txt,5,963.0,22.2058,946.0,1.797
TS@FaF,wfjsp22_9.txt,1,957.0,12.7877,944.0,1.3771
TS@FaF,wfjsp22_9.txt,2,954.0,20.2067,944.0,1.0593
TS@FaF,wfjsp22_9.txt,3,958.0,11.159,944.0,1.4831
TS@FaF,wfjsp22_9.txt,4,957.0,27.4254,944.0,1.3771
TS@FaF,wfjsp22_9.txt,5,960.0,19.9367,944.0,1.6949
TS@FaF,wfjsp23_1.txt,1,1539.0,66.4898,1519.0,1.3167
TS@FaF,wfjsp23_1.txt,2,1529.0,116.308,1519.0,0.6583
TS@FaF,wfjsp23_1.txt,3,1553.0,50.6002,1519.0,2.2383
TS@FaF,wfjsp23_1.txt,4,1552.0,61.277,1519.0,2.1725
TS@FaF,wfjsp23_1.txt,5,1549.0,77.658,1519.0,1.975
TS@FaF,wfjsp23_10.txt,1,1756.0,39.7468,1727.0,1.6792
TS@FaF,wfjsp23_10.txt,2,1747.0,154.29,1727.0,1.1581
TS@FaF,wfjsp23_10.txt,3,1737.0,154.54,1727.0,0.579
TS@FaF,wfjsp23_10.txt,4,1756.0,47.4475,1727.0,1.6792
TS@FaF,wfjsp23_10.txt,5,1742.0,169.809,1727.0,0.8686
TS@FaF,wfjsp23_2.txt,1,1608.0,50.1457,1595.0,0.815
TS@FaF,wfjsp23_2.txt,2,1593.0,168.28,1595.0,-0.1254
TS@FaF,wfjsp23_2.txt,3,1612.0,90.3611,1595.0,1.0658
TS@FaF,wfjsp23_2.txt,4,1603.0,136.56,1595.0,0.5016
TS@FaF,wfjsp23_2.txt,5,1602.0,61.9035,1595.0,0.4389
TS@FaF,wfjsp23_3.txt,1,1660.0,167.273,1657.0,0.1811
TS@FaF,wfjsp23_3.txt,2,1665.0,72.7907,1657.0,0.4828
TS@FaF,wfjsp23_3.txt,3,1664.0,80.7279,1657.0,0.4225
TS@FaF,wfjsp23_3.txt,4,1678.0,72.8972,1657.0,1.2674
TS@FaF,wfjsp23_3.txt,5,1667.0,93.9544,1657.0,0.6035
TS@FaF,wfjsp23_4.txt,1,1586.0,180.543,1572.0,0.8906
TS@FaF,wfjsp23_4.txt,2,1597.0,102.142,1572.0,1.5903
TS@FaF,wfjsp23_4.txt,3,1600.0,89.9127,1572.0,1.7812
TS@FaF,wfjsp23_4.txt,4,1596.0,93.7625,1572.0,1.5267
TS@FaF,wfjsp23_4.txt,5,1583.0,116.132,1572.0,0.6997
TS@FaF,wfjsp23_5.txt,1,1491.0,65.4262,1488.0,0.2016
TS@FaF,wfjsp23_5.txt,2,1480.0,66.0414,1488.0,-0.5376
TS@FaF,wfjsp23_5.txt,3,1481.0,95.519,1488.0,-0.4704
TS@FaF,wfjsp23_5.txt,4,1487.0,59.7275,1488.0,-0.0672
TS@FaF,wfjsp23_5.txt,5,1486.0,103.506,1488.0,-0.1344
TS@FaF,wfjsp23_6.txt,1,1876.0,31.0659,1866.0,0.5359
TS@FaF,wfjsp23_6.txt,2,1871.0,54.2518,1866.0,0.268
TS@FaF,wfjsp23_6.txt,3,1861.0,71.9471,1866.0,-0.268
TS@FaF,wfjsp23_6.txt,4,1864.0,78.831,1866.0,-0.1072
TS@FaF,wfjsp23_6.txt,5,1861.0,94.9669,1866.0,-0.268
TS@FaF,wfjsp23_7.txt,1,1609.0,143.068,1601.0,0.4997
TS@FaF,wfjsp23_7.txt,2,1602.0,295.365,1601.0,0.0625
TS@FaF,wfjsp23_7.txt,3,1611.0,214.099,1601.0,0.6246
TS@FaF,wfjsp23_7.txt,4,1600.0,178.628,1601.0,-0.0625
TS@FaF,wfjsp23_7.txt,5,1609.0,145.502,1601.0,0.4997
TS@FaF,wfjsp23_8.txt,1,1609.0,61.6396,1597.0,0.7514
TS@FaF,wfjsp23_8.txt,2,1609.0,63.3389,1597.0,0.7514
TS@FaF,wfjsp23_8.txt,3,1605.0,100.28,1597.0,0.5009
TS@FaF,wfjsp23_8.txt,4,1612.0,81.6519,1597.0,0.9393
TS@FaF,wfjsp23_8.txt,5,1587.0,246.318,1597.0,-0.6262
TS@FaF,wfjsp23_9.txt,1,1580.0,142.82,1582.0,-0.1264
TS@FaF,wfjsp23_9.txt,2,1582.0,114.723,1582.0,0.0
TS@FaF,wfjsp23_9.txt,3,1577.0,145.316,1582.0,-0.3161
TS@FaF,wfjsp23_9.txt,4,1582.0,117.311,1582.0,0.0
TS@FaF,wfjsp23_9.txt,5,1585.0,82.1137,1582.0,0.1896
TS@FaF,wfjsp24_1.txt,1,1197.0,48.1481,1201.0,-0.3331
TS@FaF,wfjsp24_1.txt,2,1200.0,49.7169,1201.0,-0.0833
TS@FaF,wfjsp24_1.txt,3,1201.0,41.5829,1201.0,0.0
TS@FaF,wfjsp24_1.txt,4,1196.0,27.3045,1201.0,-0.4163
TS@FaF,wfjsp24_1.txt,5,1196.0,82.0558,1201.0,-0.4163
TS@FaF,wfjsp24_10.txt,1,1409.0,48.2942,1407.0,0.1421
TS@FaF,wfjsp24_10.txt,2,1399.0,40.8453,1407.0,-0.5686
TS@FaF,wfjsp24_10.txt,3,1398.0,76.3835,1407.0,-0.6397
TS@FaF,wfjsp24_10.txt,4,1404.0,33.3673,1407.0,-0.2132
TS@FaF,wfjsp24_10.txt,5,1409.0,25.3284,1407.0,0.1421
TS@FaF,wfjsp24_2.txt,1,1238.0,26.4365,1220.0,1.4754
TS@FaF,wfjsp24_2.txt,2,1241.0,18.7429,1220.0,1.7213
TS@FaF,wfjsp24_2.txt,3,1240.0,21.1187,1220.0,1.6393
TS@FaF,wfjsp24_2.txt,4,1234.0,21.5506,1220.0,1.1475
TS@FaF,wfjsp24_2.txt,5,1234.0,87.1771,1220.0,1.1475
TS@FaF,wfjsp24_3.txt,1,1329.0,62.6508,1330.0,-0.0752
TS@FaF,wfjsp24_3.txt,2,1337.0,35.5638,1330.0,0.5263
TS@FaF,wfjsp24_3.txt,3,1322.0,49.8696,1330.0,-0.6015
TS@FaF,wfjsp24_3.txt,4,1320.0,46.3008,1330.0,-0.7519
TS@FaF,wfjsp24_3.txt,5,1336.0,35.2603,1330.0,0.4511
TS@FaF,wfjsp24_4.txt,1,1314.0,46.1796,1300.0,1.0769
TS@FaF,wfjsp24_4.txt,2,1303.0,31.5492,1300.0,0.2308
TS@FaF,wfjsp24_4.txt,3,1314.0,28.049,1300.0,1.0769
TS@FaF,wfjsp24_4.txt,4,1307.0,38.7748,1300.0,0.5385
TS@FaF,wfjsp24_4.txt,5,1311.0,30.6547,1300.0,0.8462
TS@FaF,wfjsp24_5.txt,1,1122.0,36.4997,1113.0,0.8086
TS@FaF,wfjsp24_5.txt,2,1130.0,34.3171,1113.0,1.5274
TS@FaF,wfjsp24_5.txt,3,1120.0,43.2709,1113.0,0.6289
TS@FaF,wfjsp24_5.txt,4,1113.0,31.3554,1113.0,0.0
TS@FaF,wfjsp24_5.txt,5,1123.0,31.4688,1113.0,0.8985
TS@FaF,wfjsp24_6.txt,1,1481.0,58.0629,1487.0,-0.4035
TS@FaF,wfjsp24_6.txt,2,1497.0,42.2997,1487.0,0.6725
TS@FaF,wfjsp24_6.txt,3,1490.0,22.7237,1487.0,0.2017
TS@FaF,wfjsp24_6.txt,4,1492.0,83.5778,1487.0,0.3362
TS@FaF,wfjsp24_6.txt,5,1497.0,63.7763,1487.0,0.6725
TS@FaF,wfjsp24_7.txt,1,1307.0,62.3586,1312.0,-0.3811
TS@FaF,wfjsp24_7.txt,2,1296.0,80.6428,1312.0,-1.2195
TS@FaF,wfjsp24_7.txt,3,1314.0,57.4319,1312.0,0.1524
TS@FaF,wfjsp24_7.txt,4,1300.0,70.0147,1312.0,-0.9146
TS@FaF,wfjsp24_7.txt,5,1319.0,41.3824,1312.0,0.5335
TS@FaF,wfjsp24_8.txt,1,1278.0,18.6252,1263.0,1.1876
TS@FaF,wfjsp24_8.txt,2,1273.0,39.2132,1263.0,0.7918
TS@FaF,wfjsp24_8.txt,3,1264.0,43.7962,1263.0,0.0792
TS@FaF,wfjsp24_8.txt,4,1278.0,42.4781,1263.0,1.1876
TS@FaF,wfjsp24_8.txt,5,1276.0,56.8057,1263.0,1.0293
TS@FaF,wfjsp24_9.txt,1,1280.0,24.2164,1269.0,0.8668
TS@FaF,wfjsp24_9.txt,2,1255.0,26.7653,1269.0,-1.1032
TS@FaF,wfjsp24_9.txt,3,1262.0,30.8395,1269.0,-0.5516
TS@FaF,wfjsp24_9.txt,4,1267.0,28.8751,1269.0,-0.1576
TS@FaF,wfjsp24_9.txt,5,1264.0,16.7826,1269.0,-0.394
TS@FaF,wfjsp2_1.txt,1,344.0,0.0839689,336.0,2.381
TS@FaF,wfjsp2_1.txt,2,336.0,0.0748036,336.0,0.0
TS@FaF,wfjsp2_1.txt,3,336.0,0.102244,336.0,0.0
TS@FaF,wfjsp2_1.txt,4,339.0,0.0799826,336.0,0.8929
TS@FaF,wfjsp2_1.txt,5,343.0,0.0657351,336.0,2.0833
TS@FaF,wfjsp2_10.txt,1,489.0,0.0673525,489.0,0.0
TS@FaF,wfjsp2_10.txt,2,490.0,0.0700074,489.0,0.2045
TS@FaF,wfjsp2_10.txt,3,490.0,0.140393,489.0,0.2045
TS@FaF,wfjsp2_10.txt,4,493.0,0.11038,489.0,0.818
TS@FaF,wfjsp2_10.txt,5,490.0,0.109189,489.0,0.2045
TS@FaF,wfjsp2_2.txt,1,372.0,0.12723,368.0,1.087
TS@FaF,wfjsp2_2.txt,2,369.0,0.0993841,368.0,0.2717
TS@FaF,wfjsp2_2.txt,3,372.0,0.107892,368.0,1.087
TS@FaF,wfjsp2_2.txt,4,372.0,0.0849239,368.0,1.087
TS@FaF,wfjsp2_2.txt,5,369.0,0.124178,368.0,0.2717
TS@FaF,wfjsp2_3.txt,1,425.0,0.0606924,421.0,0.9501
TS@FaF,wfjsp2_3.txt,2,425.0,0.0696496,421.0,0.9501
TS@FaF,wfjsp2_3.txt,3,427.0,0.0671409,421.0,1.4252
TS@FaF,wfjsp2_3.txt,4,421.0,0.0642716,421.0,0.0
TS@FaF,wfjsp2_3.txt,5,426.0,0.0625908,421.0,1.1876
TS@FaF,wfjsp2_4.txt,1,384.0,0.178642,378.0,1.5873
TS@FaF,wfjsp2_4.txt,2,382.0,0.0774358,378.0,1.0582
TS@FaF,wfjsp2_4.txt,3,383.0,0.0653082,378.0,1.3228
TS@FaF,wfjsp2_4.txt,4,385.0,0.0746995,378.0,1.8519
TS@FaF,wfjsp2_4.txt,5,381.0,0.0727477,378.0,0.7937
TS@FaF,wfjsp2_5.txt,1,272.0,0.0645566,270.0,0.7407
TS@FaF,wfjsp2_5.txt,2,272.0,0.0587069,270.0,0.7407
TS@FaF,wfjsp2_5.txt,3,270.0,0.0509939,270.0,0.0
TS@FaF,wfjsp2_5.txt,4,272.0,0.0573786,270.0,0.7407
TS@FaF,wfjsp2_5.txt,5,273.0,0.0586552,270.0,1.1111
TS@FaF,wfjsp2_6.txt,1,429.0,0.0959816,416.0,3.125
TS@FaF,wfjsp2_6.txt,2,433.0,0.0813661,416.0,4.0865
TS@FaF,wfjsp2_6.txt,3,427.0,0.0782803,416.0,2.6442
TS@FaF,wfjsp2_6.txt,4,428.0,0.096238,416.0,2.8846
TS@FaF,wfjsp2_6.txt,5,429.0,0.105701,416.0,3.125
TS@FaF,wfjsp2_7.txt,1,403.0,0.0876478,395.0,2.0253
TS@FaF,wfjsp2_7.txt,2,398.0,0.168304,395.0,0.7595
TS@FaF,wfjsp2_7.txt,3,397.0,0.143504,395.0,0.5063
TS@FaF,wfjsp2_7.txt,4,401.0,0.0868826,395.0,1.519
TS@FaF,wfjsp2_7.txt,5,399.0,0.0880221,395.0,1.0127
TS@FaF,wfjsp2_8.txt,1,415.0,0.0769056,414.0,0.2415
TS@FaF,wfjsp2_8.txt,2,415.0,0.0889669,414.0,0.2415
TS@FaF,wfjsp2_8.txt,3,415.0,0.0653183,414.0,0.2415
TS@FaF,wfjsp2_8.txt,4,415.0,0.070879,414.0,0.2415
TS@FaF,wfjsp2_8.txt,5,415.0,0.0774387,414.0,0.2415
TS@FaF,wfjsp2_9.txt,1,335.0,0.0932816,329.0,1.8237
TS@FaF,wfjsp2_9.txt,2,330.0,0.0764645,329.0,0.304
TS@FaF,wfjsp2_9.txt,3,335.0,0.0843472,329.0,1.8237
TS@FaF,wfjsp2_9.txt,4,332.0,0.145683,329.0,0.9119
TS@FaF,wfjsp2_9.txt,5,335.0,0.11396,329.0,1.8237
TS@FaF,wfjsp3_1.txt,1,423.0,0.135331,419.0,0.9547
TS@FaF,wfjsp3_1.txt,2,424.0,0.0851305,419.0,1.1933
TS@FaF,wfjsp3_1.txt,3,424.0,0.0779746,419.0,1.1933
TS@FaF,wfjsp3_1.txt,4,424.0,0.203081,419.0,1.1933
TS@FaF,wfjsp3_1.txt,5,424.0,0.100269,419.0,1.1933
TS@FaF,wfjsp3_10.txt,1,466.0,0.115671,455.0,2.4176
TS@FaF,wfjsp3_10.txt,2,464.0,0.139696,455.0,1.978
TS@FaF,wfjsp3_10.txt,3,470.0,0.089576,455.0,3.2967
TS@FaF,wfjsp3_10.txt,4,457.0,0.0825294,455.0,0.4396
TS@FaF,wfjsp3_10.txt,5,457.0,0.157229,455.0,0.4396
TS@FaF,wfjsp3_2.txt,1,547.0,0.191256,543.0,0.7366
TS@FaF,wfjsp3_2.txt,2,549.0,0.103681,543.0,1.105
TS@FaF,wfjsp3_2.txt,3,546.0,0.134035,543.0,0.5525
TS@FaF,wfjsp3_2.txt,4,545.0,0.324865,543.0,0.3683
TS@FaF,wfjsp3_2.txt,5,548.0,0.123643,543.0,0.9208
TS@FaF,wfjsp3_3.txt,1,383.0,0.0613261,383.0,0.0
TS@FaF,wfjsp3_3.txt,2,384.0,0.115624,383.0,0.2611
TS@FaF,wfjsp3_3.txt,3,383.0,0.0763624,383.0,0.0
TS@FaF,wfjsp3_3.txt,4,383.0,0.0619664,383.0,0.0
TS@FaF,wfjsp3_3.txt,5,387.0,0.085631,383.0,1.0444
TS@FaF,wfjsp3_4.txt,1,453.0,0.270743,443.0,2.2573
TS@FaF,wfjsp3_4.txt,2,462.0,0.176814,443.0,4.2889
TS@FaF,wfjsp3_4.txt,3,458.0,0.116013,443.0,3.386
TS@FaF,wfjsp3_4.txt,4,462.0,0.142557,443.0,4.2889
TS@FaF,wfjsp3_4.txt,5,445.0,0.265848,443.0,0.4515
TS@FaF,wfjsp3_5.txt,1,298.0,0.201878,284.0,4.9296
TS@FaF,wfjsp3_5.txt,2,288.0,0.111477,284.0,1.4085
TS@FaF,wfjsp3_5.txt,3,285.0,0.0778215,284.0,0.3521
TS@FaF,wfjsp3_5.txt,4,297.0,0.12623,284.0,4.5775
TS@FaF,wfjsp3_5.txt,5,292.0,0.0961403,284.0,2.8169
TS@FaF,wfjsp3_6.txt,1,531.0,0.276133,529.0,0.3781
TS@FaF,wfjsp3_6.txt,2,530.0,0.141826,529.0,0.189
TS@FaF,wfjsp3_6.txt,3,531.0,0.17251,529.0,0.3781
TS@FaF,wfjsp3_6.txt,4,530.0,0.129948,529.0,0.189
TS@FaF,wfjsp3_6.txt,5,532.0,0.255107,529.0,0.5671
TS@FaF,wfjsp3_7.txt,1,353.0,0.112361,342.0,3.2164
TS@FaF,wfjsp3_7.txt,2,356.0,0.10491,342.0,4.0936
TS@FaF,wfjsp3_7.txt,3,354.0,0.117317,342.0,3.5088
TS@FaF,wfjsp3_7.txt,4,345.0,0.0864344,342.0,0.8772
TS@FaF,wfjsp3_7.txt,5,353.0,0.076392,342.0,3.2164
TS@FaF,wfjsp3_8.txt,1,505.0,0.109201,492.0,2.6423
TS@FaF,wfjsp3_8.txt,2,502.0,0.219299,492.0,2.0325
TS@FaF,wfjsp3_8.txt,3,499.0,0.232852,492.0,1.4228
TS@FaF,wfjsp3_8.txt,4,504.0,0.126442,492.0,2.439
TS@FaF,wfjsp3_8.txt,5,498.0,0.195561,492.0,1.2195
TS@FaF,wfjsp3_9.txt,1,537.0,0.0964428,534.0,0.5618
TS@FaF,wfjsp3_9.txt,2,535.0,0.196986,534.0,0.1873
TS@FaF,wfjsp3_9.txt,3,535.0,0.0974733,534.0,0.1873
TS@FaF,wfjsp3_9.txt,4,535.0,0.21285,534.0,0.1873
TS@FaF,wfjsp3_9.txt,5,535.0,0.160822,534.0,0.1873
TS@FaF,wfjsp4_1.txt,1,288.0,0.281119,277.0,3.9711
TS@FaF,wfjsp4_1.txt,2,289.0,0.42265,277.0,4.3321
TS@FaF,wfjsp4_1.txt,3,289.0,0.440641,277.0,4.3321
TS@FaF,wfjsp4_1.txt,4,288.0,0.255411,277.0,3.9711
TS@FaF,wfjsp4_1.txt,5,286.0,0.19105,277.0,3.2491
TS@FaF,wfjsp4_10.txt,1,310.0,0.210133,293.0,5.802
TS@FaF,wfjsp4_10.txt,2,296.0,0.24761,293.0,1.0239
TS@FaF,wfjsp4_10.txt,3,300.0,0.256391,293.0,2.3891
TS@FaF,wfjsp4_10.txt,4,313.0,0.0844888,293.0,6.8259
TS@FaF,wfjsp4_10.txt,5,296.0,0.158548,293.0,1.0239
TS@FaF,wfjsp4_2.txt,1,363.0,0.269323,350.0,3.7143
TS@FaF,wfjsp4_2.txt,2,361.0,0.402677,350.0,3.1429
TS@FaF,wfjsp4_2.txt,3,357.0,0.252241,350.0,2.0
TS@FaF,wfjsp4_2.txt,4,358.0,0.423017,350.0,2.2857
TS@FaF,wfjsp4_2.txt,5,358.0,0.473433,350.0,2.2857
TS@FaF,wfjsp4_3.txt,1,372.0,0.149416,360.0,3.3333
TS@FaF,wfjsp4_3.txt,2,380.0,0.169493,360.0,5.5556
TS@FaF,wfjsp4_3.txt,3,371.0,0.43425,360.0,3.0556
TS@FaF,wfjsp4_3.txt,4,369.0,0.280699,360.0,2.5
TS@FaF,wfjsp4_3.txt,5,374.0,0.185378,360.0,3.8889
TS@FaF,wfjsp4_4.txt,1,340.0,0.299391,320.0,6.25
TS@FaF,wfjsp4_4.txt,2,326.0,0.29101,320.0,1.875
TS@FaF,wfjsp4_4.txt,3,334.0,0.169199,320.0,4.375
TS@FaF,wfjsp4_4.txt,4,335.0,0.169193,320.0,4.6875
TS@FaF,wfjsp4_4.txt,5,327.0,0.375502,320.0,2.1875
TS@FaF,wfjsp4_5.txt,1,290.0,0.118081,290.0,0.0
TS@FaF,wfjsp4_5.txt,2,290.0,0.180047,290.0,0.0
TS@FaF,wfjsp4_5.txt,3,291.0,0.105653,290.0,0.3448
TS@FaF,wfjsp4_5.txt,4,290.0,0.109951,290.0,0.0
TS@FaF,wfjsp4_5.txt,5,290.0,0.139011,290.0,0.0
TS@FaF,wfjsp4_6.txt,1,367.0,0.423058,355.0,3.3803
TS@FaF,wfjsp4_6.txt,2,366.0,0.466886,355.0,3.0986
TS@FaF,wfjsp4_6.txt,3,373.0,0.234558,355.0,5.0704
TS@FaF,wfjsp4_6.txt,4,368.0,0.293962,355.0,3.662
TS@FaF,wfjsp4_6.txt,5,376.0,0.184789,355.0,5.9155
TS@FaF,wfjsp4_7.txt,1,302.0,0.444764,288.0,4.8611
TS@FaF,wfjsp4_7.txt,2,304.0,0.188482,288.0,5.5556
TS@FaF,wfjsp4_7.txt,3,303.0,0.111991,288.0,5.2083
TS@FaF,wfjsp4_7.txt,4,304.0,0.114809,288.0,5.5556
TS@FaF,wfjsp4_7.txt,5,297.0,0.138261,288.0,3.125
TS@FaF,wfjsp4_8.txt,1,325.0,0.285769,316.0,2.8481
TS@FaF,wfjsp4_8.txt,2,336.0,0.174527,316.0,6.3291
TS@FaF,wfjsp4_8.txt,3,326.0,0.230984,316.0,3.1646
TS@FaF,wfjsp4_8.txt,4,331.0,0.206647,316.0,4.7468
TS@FaF,wfjsp4_8.txt,5,329.0,0.388762,316.0,4.1139
TS@FaF,wfjsp4_9.txt,1,291.0,0.0810081,288.0,1.0417
TS@FaF,wfjsp4_9.txt,2,292.0,0.0848008,288.0,1.3889
TS@FaF,wfjsp4_9.txt,3,290.0,0.0929592,288.0,0.6944
TS@FaF,wfjsp4_9.txt,4,292.0,0.0764745,288.0,1.3889
TS@FaF,wfjsp4_9.txt,5,291.0,0.0800371,288.0,1.0417
TS@FaF,wfjsp5_1.txt,1,632.0,1.22866,608.0,3.9474
TS@FaF,wfjsp5_1.txt,2,627.0,3.08088,608.0,3.125
TS@FaF,wfjsp5_1.txt,3,624.0,1.10328,608.0,2.6316
TS@FaF,wfjsp5_1.txt,4,633.0,1.64833,608.0,4.1118
TS@FaF,wfjsp5_1.txt,5,639.0,0.59985,608.0,5.0987
TS@FaF,wfjsp5_10.txt,1,661.0,0.67279,627.0,5.4226
TS@FaF,wfjsp5_10.txt,2,664.0,0.218409,627.0,5.9011
TS@FaF,wfjsp5_10.txt,3,657.0,0.902888,627.0,4.7847
TS@FaF,wfjsp5_10.txt,4,654.0,0.349504,627.0,4.3062
TS@FaF,wfjsp5_10.txt,5,652.0,0.789043,627.0,3.9872
TS@FaF,wfjsp5_2.txt,1,670.0,1.2199,638.0,5.0157
TS@FaF,wfjsp5_2.txt,2,664.0,1.52833,638.0,4.0752
TS@FaF,wfjsp5_2.txt,3,676.0,0.864637,638.0,5.9561
TS@FaF,wfjsp5_2.txt,4,678.0,0.987479,638.0,6.2696
TS@FaF,wfjsp5_2.txt,5,677.0,0.455488,638.0,6.1129
TS@FaF,wfjsp5_3.txt,1,663.0,0.922673,626.0,5.9105
TS@FaF,wfjsp5_3.txt,2,662.0,1.80259,626.0,5.7508
TS@FaF,wfjsp5_3.txt,3,655.0,0.707939,626.0,4.6326
TS@FaF,wfjsp5_3.txt,4,657.0,0.716766,626.0,4.9521
TS@FaF,wfjsp5_3.txt,5,644.0,1.75065,626.0,2.8754
TS@FaF,wfjsp5_4.txt,1,758.0,2.50574,722.0,4.9861
TS@FaF,wfjsp5_4.txt,2,751.0,1.87393,722.0,4.0166
TS@FaF,wfjsp5_4.txt,3,751.0,3.26829,722.0,4.0166
TS@FaF,wfjsp5_4.txt,4,743.0,1.14651,722.0,2.9086
TS@FaF,wfjsp5_4.txt,5,759.0,0.873685,722.0,5.1247
TS@FaF,wfjsp5_5.txt,1,776.0,0.539674,729.0,6.4472
TS@FaF,wfjsp5_5.txt,2,765.0,1.03385,729.0,4.9383
TS@FaF,wfjsp5_5.txt,3,749.0,1.93384,729.0,2.7435
TS@FaF,wfjsp5_5.txt,4,740.0,3.69067,729.0,1.5089
TS@FaF,wfjsp5_5.txt,5,756.0,0.906141,729.0,3.7037
TS@FaF,wfjsp5_6.txt,1,768.0,0.724448,732.0,4.918
TS@FaF,wfjsp5_6.txt,2,760.0,0.995269,732.0,3.8251
TS@FaF,wfjsp5_6.txt,3,785.0,0.853323,732.0,7.2404
TS@FaF,wfjsp5_6.txt,4,783.0,0.987707,732.0,6.9672
TS@FaF,wfjsp5_6.txt,5,769.0,2.8766,732.0,5.0546
TS@FaF,wfjsp5_7.txt,1,794.0,0.923992,754.0,5.305
TS@FaF,wfjsp5_7.txt,2,786.0,1.00372,754.0,4.244
TS@FaF,wfjsp5_7.txt,3,781.0,1.45735,754.0,3.5809
TS@FaF,wfjsp5_7.txt,4,789.0,1.51652,754.0,4.6419
TS@FaF,wfjsp5_7.txt,5,799.0,1.57164,754.0,5.9682
TS@FaF,wfjsp5_8.txt,1,709.0,0.626948,683.0,3.8067
TS@FaF,wfjsp5_8.txt,2,711.0,1.01314,683.0,4.0996
TS@FaF,wfjsp5_8.txt,3,724.0,0.964632,683.0,6.0029
TS@FaF,wfjsp5_8.txt,4,701.0,1.58592,683.0,2.6354
TS@FaF,wfjsp5_8.txt,5,723.0,1.93725,683.0,5.8565
TS@FaF,wfjsp5_9.txt,1,630.0,0.517579,582.0,8.2474
TS@FaF,wfjsp5_9.txt,2,606.0,0.662341,582.0,4.1237
TS@FaF,wfjsp5_9.txt,3,606.0,0.720152,582.0,4.1237
TS@FaF,wfjsp5_9.txt,4,615.0,0.317125,582.0,5.6701
TS@FaF,wfjsp5_9.txt,5,620.0,0.776348,582.0,6.5292
TS@FaF,wfjsp6_1.txt,1,692.0,2.2474,682.0,1.4663
TS@FaF,wfjsp6_1.txt,2,699.0,0.931522,682.0,2.4927
TS@FaF,wfjsp6_1.txt,3,686.0,2.18801,682.0,0.5865
TS@FaF,wfjsp6_1.txt,4,693.0,3.89202,682.0,1.6129
TS@FaF,wfjsp6_1.txt,5,702.0,2.4509,682.0,2.9326
TS@FaF,wfjsp6_10.txt,1,714.0,1.76038,699.0,2.1459
TS@FaF,wfjsp6_10.txt,2,718.0,0.933618,699.0,2.7182
TS@FaF,wfjsp6_10.txt,3,736.0,1.12965,699.0,5.2933
TS@FaF,wfjsp6_10.txt,4,735.0,1.15214,699.0,5.1502
TS@FaF,wfjsp6_10.txt,5,730.0,1.18994,699.0,4.4349
TS@FaF,wfjsp6_2.txt,1,800.0,3.3179,780.0,2.5641
TS@FaF,wfjsp6_2.txt,2,800.0,2.59629,780.0,2.5641
TS@FaF,wfjsp6_2.txt,3,805.0,2.57453,780.0,3.2051
TS@FaF,wfjsp6_2.txt,4,789.0,2.47403,780.0,1.1538
TS@FaF,wfjsp6_2.txt,5,798.0,4.01309,780.0,2.3077
TS@FaF,wfjsp6_3.txt,1,774.0,0.908614,735.0,5.3061
TS@FaF,wfjsp6_3.txt,2,762.0,1.52351,735.0,3.6735
TS@FaF,wfjsp6_3.txt,3,750.0,4.01888,735.0,2.0408
TS@FaF,wfjsp6_3.txt,4,765.0,1.44888,735.0,4.0816
TS@FaF,wfjsp6_3.txt,5,770.0,1.39318,735.0,4.7619
TS@FaF,wfjsp6_4.txt,1,824.0,2.92186,803.0,2.6152
TS@FaF,wfjsp6_4.txt,2,831.0,2.82019,803.0,3.4869
TS@FaF,wfjsp6_4.txt,3,829.0,0.914455,803.0,3.2379
TS@FaF,wfjsp6_4.txt,4,822.0,3.77498,803.0,2.3661
TS@FaF,wfjsp6_4.txt,5,841.0,0.98735,803.0,4.7323
TS@FaF,wfjsp6_5.txt,1,877.0,1.40077,844.0,3.91
TS@FaF,wfjsp6_5.txt,2,882.0,2.06648,844.0,4.5024
TS@FaF,wfjsp6_5.txt,3,872.0,4.12114,844.0,3.3175
TS@FaF,wfjsp6_5.txt,4,870.0,3.05508,844.0,3.0806
TS@FaF,wfjsp6_5.txt,5,872.0,2.58022,844.0,3.3175
TS@FaF,wfjsp6_6.txt,1,826.0,2.48655,798.0,3.5088
TS@FaF,wfjsp6_6.txt,2,832.0,2.85938,798.0,4.2607
TS@FaF,wfjsp6_6.txt,3,828.0,3.03332,798.0,3.7594
TS@FaF,wfjsp6_6.txt,4,841.0,1.68226,798.0,5.3885
TS@FaF,wfjsp6_6.txt,5,841.0,1.16683,798.0,5.3885
TS@FaF,wfjsp6_7.txt,1,878.0,1.08566,855.0,2.6901
TS@FaF,wfjsp6_7.txt,2,864.0,3.77029,855.0,1.0526
TS@FaF,wfjsp6_7.txt,3,868.0,1.22559,855.0,1.5205
TS@FaF,wfjsp6_7.txt,4,855.0,2.1045,855.0,0.0
TS@FaF,wfjsp6_7.txt,5,878.0,1.2676,855.0,2.6901
TS@FaF,wfjsp6_8.txt,1,792.0,1.76867,759.0,4.3478
TS@FaF,wfjsp6_8.txt,2,791.0,1.79954,759.0,4.2161
TS@FaF,wfjsp6_8.txt,3,793.0,3.31293,759.0,4.4796
TS@FaF,wfjsp6_8.txt,4,786.0,1.52149,759.0,3.5573
TS@FaF,wfjsp6_8.txt,5,793.0,2.2328,759.0,4.4796
TS@FaF,wfjsp6_9.txt,1,719.0,0.953604,686.0,4.8105
TS@FaF,wfjsp6_9.txt,2,704.0,1.19421,686.0,2.6239
TS@FaF,wfjsp6_9.txt,3,710.0,0.755319,686.0,3.4985
TS@FaF,wfjsp6_9.txt,4,713.0,0.514362,686.0,3.9359
TS@FaF,wfjsp6_9.txt,5,724.0,0.66564,686.0,5.5394
TS@FaF,wfjsp7_1.txt,1,837.0,3.8309,815.0,2.6994
TS@FaF,wfjsp7_1.txt,2,852.0,3.07268,815.0,4.5399
TS@FaF,wfjsp7_1.txt,3,857.0,2.16632,815.0,5.1534
TS@FaF,wfjsp7_1.txt,4,843.0,5.31977,815.0,3.4356
TS@FaF,wfjsp7_1.txt,5,841.0,5.32769,815.0,3.1902
TS@FaF,wfjsp7_10.txt,1,935.0,3.05076,909.0,2.8603
TS@FaF,wfjsp7_10.txt,2,938.0,5.43528,909.0,3.1903
TS@FaF,wfjsp7_10.txt,3,953.0,1.67026,909.0,4.8405
TS@FaF,wfjsp7_10.txt,4,942.0,3.18826,909.0,3.6304
TS@FaF,wfjsp7_10.txt,5,938.0,5.05135,909.0,3.1903
TS@FaF,wfjsp7_2.txt,1,1067.0,3.03595,1038.0,2.7938
TS@FaF,wfjsp7_2.txt,2,1047.0,4.43988,1038.0,0.8671
TS@FaF,wfjsp7_2.txt,3,1053.0,2.36329,1038.0,1.4451
TS@FaF,wfjsp7_2.txt,4,1053.0,3.23449,1038.0,1.4451
TS@FaF,wfjsp7_2.txt,5,1051.0,2.96081,1038.0,1.2524
TS@FaF,wfjsp7_3.txt,1,1174.0,4.08511,1133.0,3.6187
TS@FaF,wfjsp7_3.txt,2,1177.0,5.32974,1133.0,3.8835
TS@FaF,wfjsp7_3.txt,3,1173.0,6.07371,1133.0,3.5305
TS@FaF,wfjsp7_3.txt,4,1181.0,3.79648,1133.0,4.2365
TS@FaF,wfjsp7_3.txt,5,1174.0,5.53644,1133.0,3.6187
TS@FaF,wfjsp7_4.txt,1,964.0,3.82449,944.0,2.1186
TS@FaF,wfjsp7_4.txt,2,957.0,5.7189,944.0,1.3771
TS@FaF,wfjsp7_4.txt,3,964.0,3.69972,944.0,2.1186
TS@FaF,wfjsp7_4.txt,4,966.0,7.63836,944.0,2.3305
TS@FaF,wfjsp7_4.txt,5,964.0,2.40327,944.0,2.1186
TS@FaF,wfjsp7_5.txt,1,842.0,3.35306,803.0,4.8568
TS@FaF,wfjsp7_5.txt,2,840.0,3.32808,803.0,4.6077
TS@FaF,wfjsp7_5.txt,3,833.0,2.96934,803.0,3.736
TS@FaF,wfjsp7_5.txt,4,838.0,2.21286,803.0,4.3587
TS@FaF,wfjsp7_5.txt,5,841.0,4.88181,803.0,4.7323
TS@FaF,wfjsp7_6.txt,1,1061.0,1.74775,1010.0,5.0495
TS@FaF,wfjsp7_6.txt,2,1047.0,3.7391,1010.0,3.6634
TS@FaF,wfjsp7_6.txt,3,1040.0,4.05359,1010.0,2.9703
TS@FaF,wfjsp7_6.txt,4,1038.0,3.0384,1010.0,2.7723
TS@FaF,wfjsp7_6.txt,5,1069.0,2.79497,1010.0,5.8416
TS@FaF,wfjsp7_7.txt,1,979.0,2.81324,929.0,5.3821
TS@FaF,wfjsp7_7.txt,2,964.0,4.68237,929.0,3.7675
TS@FaF,wfjsp7_7.txt,3,985.0,5.60313,929.0,6.028
TS@FaF,wfjsp7_7.txt,4,967.0,5.72832,929.0,4.0904
TS@FaF,wfjsp7_7.txt,5,985.0,2.03484,929.0,6.028
TS@FaF,wfjsp7_8.txt,1,920.0,1.93035,882.0,4.3084
TS@FaF,wfjsp7_8.txt,2,926.0,3.85317,882.0,4.9887
TS@FaF,wfjsp7_8.txt,3,910.0,2.19944,882.0,3.1746
TS@FaF,wfjsp7_8.txt,4,924.0,1.86649,882.0,4.7619
TS@FaF,wfjsp7_8.txt,5,932.0,2.56739,882.0,5.6689
TS@FaF,wfjsp7_9.txt,1,877.0,2.82468,852.0,2.9343
TS@FaF,wfjsp7_9.txt,2,899.0,0.994889,852.0,5.5164
TS@FaF,wfjsp7_9.txt,3,852.0,5.69767,852.0,0.0
TS@FaF,wfjsp7_9.txt,4,878.0,3.28725,852.0,3.0516
TS@FaF,wfjsp7_9.txt,5,878.0,2.08741,852.0,3.0516
TS@FaF,wfjsp8_1.txt,1,1073.0,6.32516,1025.0,4.6829
TS@FaF,wfjsp8_1.txt,2,1062.0,3.72867,1025.0,3.6098
TS@FaF,wfjsp8_1.txt,3,1073.0,6.12268,1025.0,4.6829
TS@FaF,wfjsp8_1.txt,4,1063.0,4.26109,1025.0,3.7073
TS@FaF,wfjsp8_1.txt,5,1069.0,3.83209,1025.0,4.2927
TS@FaF,wfjsp8_10.txt,1,1235.0,4.7426,1194.0,3.4338
TS@FaF,wfjsp8_10.txt,2,1247.0,4.49339,1194.0,4.4389
TS@FaF,wfjsp8_10.txt,3,1230.0,4.99086,1194.0,3.0151
TS@FaF,wfjsp8_10.txt,4,1241.0,4.29337,1194.0,3.9363
TS@FaF,wfjsp8_10.txt,5,1247.0,1.6084,1194.0,4.4389
TS@FaF,wfjsp8_2.txt,1,1302.0,4.52964,1251.0,4.0767
TS@FaF,wfjsp8_2.txt,2,1294.0,11.8636,1251.0,3.4373
TS@FaF,wfjsp8_2.txt,3,1299.0,5.39977,1251.0,3.8369
TS@FaF,wfjsp8_2.txt,4,1301.0,3.7892,1251.0,3.9968
TS@FaF,wfjsp8_2.txt,5,1306.0,5.66174,1251.0,4.3965
TS@FaF,wfjsp8_3.txt,1,1416.0,7.02289,1364.0,3.8123
TS@FaF,wfjsp8_3.txt,2,1413.0,8.82728,1364.0,3.5924
TS@FaF,wfjsp8_3.txt,3,1413.0,7.42228,1364.0,3.5924
TS@FaF,wfjsp8_3.txt,4,1405.0,9.43645,1364.0,3.0059
TS@FaF,wfjsp8_3.txt,5,1404.0,4.76569,1364.0,2.9326
TS@FaF,wfjsp8_4.txt,1,1240.0,16.658,1211.0,2.3947
TS@FaF,wfjsp8_4.txt,2,1242.0,8.07675,1211.0,2.5599
TS@FaF,wfjsp8_4.txt,3,1252.0,4.18873,1211.0,3.3856
TS@FaF,wfjsp8_4.txt,4,1232.0,7.25217,1211.0,1.7341
TS@FaF,wfjsp8_4.txt,5,1252.0,3.25405,1211.0,3.3856
TS@FaF,wfjsp8_5.txt,1,1078.0,2.85871,1050.0,2.6667
TS@FaF,wfjsp8_5.txt,2,1072.0,3.6959,1050.0,2.0952
TS@FaF,wfjsp8_5.txt,3,1084.0,2.70895,1050.0,3.2381
TS@FaF,wfjsp8_5.txt,4,1072.0,8.30404,1050.0,2.0952
TS@FaF,wfjsp8_5.txt,5,1080.0,9.35577,1050.0,2.8571
TS@FaF,wfjsp8_6.txt,1,1296.0,7.95269,1267.0,2.2889
TS@FaF,wfjsp8_6.txt,2,1291.0,16.9043,1267.0,1.8942
TS@FaF,wfjsp8_6.txt,3,1305.0,7.19874,1267.0,2.9992
TS@FaF,wfjsp8_6.txt,4,1305.0,4.94949,1267.0,2.9992
TS@FaF,wfjsp8_6.txt,5,1303.0,3.31613,1267.0,2.8414
TS@FaF,wfjsp8_7.txt,1,1258.0,2.76976,1158.0,8.6356
TS@FaF,wfjsp8_7.txt,2,1204.0,12.685,1158.0,3.9724
TS@FaF,wfjsp8_7.txt,3,1217.0,4.59407,1158.0,5.095
TS@FaF,wfjsp8_7.txt,4,1219.0,9.49635,1158.0,5.2677
TS@FaF,wfjsp8_7.txt,5,1197.0,12.0791,1158.0,3.3679
TS@FaF,wfjsp8_8.txt,1,1225.0,2.73044,1158.0,5.7858
TS@FaF,wfjsp8_8.txt,2,1212.0,6.61445,1158.0,4.6632
TS@FaF,wfjsp8_8.txt,3,1205.0,2.99768,1158.0,4.0587
TS@FaF,wfjsp8_8.txt,4,1231.0,2.28431,1158.0,6.304
TS@FaF,wfjsp8_8.txt,5,1214.0,4.94584,1158.0,4.8359
TS@FaF,wfjsp8_9.txt,1,1080.0,6.10586,1044.0,3.4483
TS@FaF,wfjsp8_9.txt,2,1077.0,3.32444,1044.0,3.1609
TS@FaF,wfjsp8_9.txt,3,1076.0,5.23123,1044.0,3.0651
TS@FaF,wfjsp8_9.txt,4,1084.0,5.5013,1044.0,3.8314
TS@FaF,wfjsp8_9.txt,5,1071.0,5.32231,1044.0,2.5862
TS@FaF,wfjsp9_1.txt,1,1355.0,12.4336,1314.0,3.1202
TS@FaF,wfjsp9_1.txt,2,1351.0,17.753,1314.0,2.8158
TS@FaF,wfjsp9_1.txt,3,1352.0,15.7706,1314.0,2.8919
TS@FaF,wfjsp9_1.txt,4,1374.0,8.38046,1314.0,4.5662
TS@FaF,wfjsp9_1.txt,5,1338.0,11.7557,1314.0,1.8265
TS@FaF,wfjsp9_10.txt,1,1473.0,2.50562,1414.0,4.1726
TS@FaF,wfjsp9_10.txt,2,1468.0,4.0502,1414.0,3.819
TS@FaF,wfjsp9_10.txt,3,1466.0,8.37178,1414.0,3.6775
TS@FaF,wfjsp9_10.txt,4,1482.0,1.82053,1414.0,4.8091
TS@FaF,wfjsp9_10.txt,5,1450.0,8.73935,1414.0,2.546
TS@FaF,wfjsp9_2.txt,1,1435.0,7.90313,1404.0,2.208
TS@FaF,wfjsp9_2.txt,2,1424.0,23.9431,1404.0,1.4245
TS@FaF,wfjsp9_2.txt,3,1421.0,10.2022,1404.0,1.2108
TS@FaF,wfjsp9_2.txt,4,1430.0,10.3368,1404.0,1.8519
TS@FaF,wfjsp9_2.txt,5,1419.0,14.2007,1404.0,1.0684
TS@FaF,wfjsp9_3.txt,1,1557.0,6.34146,1483.0,4.9899
TS@FaF,wfjsp9_3.txt,2,1535.0,18.9116,1483.0,3.5064
TS@FaF,wfjsp9_3.txt,3,1557.0,4.9564,1483.0,4.9899
TS@FaF,wfjsp9_3.txt,4,1568.0,4.20986,1483.0,5.7316
TS@FaF,wfjsp9_3.txt,5,1548.0,11.9504,1483.0,4.383
TS@FaF,wfjsp9_4.txt,1,1395.0,6.02107,1357.0,2.8003
TS@FaF,wfjsp9_4.txt,2,1379.0,12.1267,1357.0,1.6212
TS@FaF,wfjsp9_4.txt,3,1398.0,9.45368,1357.0,3.0214
TS@FaF,wfjsp9_4.txt,4,1392.0,5.85095,1357.0,2.5792
TS@FaF,wfjsp9_4.txt,5,1404.0,5.11681,1357.0,3.4635
TS@FaF,wfjsp9_5.txt,1,1301.0,6.07964,1247.0,4.3304
TS@FaF,wfjsp9_5.txt,2,1290.0,7.46457,1247.0,3.4483
TS@FaF,wfjsp9_5.txt,3,1285.0,4.34873,1247.0,3.0473
TS@FaF,wfjsp9_5.txt,4,1306.0,6.28417,1247.0,4.7314
TS@FaF,wfjsp9_5.txt,5,1309.0,4.51154,1247.0,4.9719
TS@FaF,wfjsp9_6.txt,1,1431.0,11.053,1383.0,3.4707
TS@FaF,wfjsp9_6.txt,2,1418.0,10.5425,1383.0,2.5307
TS@FaF,wfjsp9_6.txt,3,1441.0,3.52827,1383.0,4.1938
TS@FaF,wfjsp9_6.txt,4,1438.0,6.44601,1383.0,3.9769
TS@FaF,wfjsp9_6.txt,5,1440.0,7.54545,1383.0,4.1215
TS@FaF,wfjsp9_7.txt,1,1353.0,21.2741,1318.0,2.6555
TS@FaF,wfjsp9_7.txt,2,1339.0,13.9192,1318.0,1.5933
TS@FaF,wfjsp9_7.txt,3,1376.0,4.4889,1318.0,4.4006
TS@FaF,wfjsp9_7.txt,4,1346.0,10.8505,1318.0,2.1244
TS@FaF,wfjsp9_7.txt,5,1368.0,3.88018,1318.0,3.7936
TS@FaF,wfjsp9_8.txt,1,1427.0,13.1651,1386.0,2.9582
TS@FaF,wfjsp9_8.txt,2,1432.0,9.8275,1386.0,3.3189
TS@FaF,wfjsp9_8.txt,3,1474.0,2.04256,1386.0,6.3492
TS@FaF,wfjsp9_8.txt,4,1431.0,11.3388,1386.0,3.2468
TS@FaF,wfjsp9_8.txt,5,1468.0,2.1723,1386.0,5.9163
TS@FaF,wfjsp9_9.txt,1,1316.0,22.846,1294.0,1.7002
TS@FaF,wfjsp9_9.txt,2,1317.0,14.3134,1294.0,1.7774
TS@FaF,wfjsp9_9.txt,3,1323.0,11.3572,1294.0,2.2411
TS@FaF,wfjsp9_9.txt,4,1327.0,16.1464,1294.0,2.5502
TS@FaF,wfjsp9_9.txt,5,1339.0,6.56212,1294.0,3.4776
TS@FaFM,Dauzere_01a.txt,1,2988.0,26.48,2921.0,2.2937
TS@FaFM,Dauzere_01a.txt,2,3013.0,17.6321,2921.0,3.1496
TS@FaFM,Dauzere_01a.txt,3,2997.0,28.5474,2921.0,2.6018
TS@FaFM,Dauzere_01a.txt,4,2964.0,83.6915,2921.0,1.4721
TS@FaFM,Dauzere_01a.txt,5,2983.0,24.1302,2921.0,2.1226
TS@FaFM,Dauzere_02a.txt,1,2949.0,36.4129,2914.0,1.2011
TS@FaFM,Dauzere_02a.txt,2,2967.0,10.4015,2914.0,1.8188
TS@FaFM,Dauzere_02a.txt,3,2941.0,34.1378,2914.0,0.9266
TS@FaFM,Dauzere_02a.txt,4,2955.0,35.2173,2914.0,1.407
TS@FaFM,Dauzere_02a.txt,5,2947.0,47.1812,2914.0,1.1325
TS@FaFM,Dauzere_03a.txt,1,2937.0,18.9051,2910.0,0.9278
TS@FaFM,Dauzere_03a.txt,2,2944.0,19.5113,2910.0,1.1684
TS@FaFM,Dauzere_03a.txt,3,2931.0,19.125,2910.0,0.7216
TS@FaFM,Dauzere_03a.txt,4,2930.0,16.0486,2910.0,0.6873
TS@FaFM,Dauzere_03a.txt,5,2923.0,48.7118,2910.0,0.4467
TS@FaFM,Dauzere_04a.txt,1,2968.0,26.2528,2911.0,1.9581
TS@FaFM,Dauzere_04a.txt,2,2970.0,31.2664,2911.0,2.0268
TS@FaFM,Dauzere_04a.txt,3,2960.0,51.3933,2911.0,1.6833
TS@FaFM,Dauzere_04a.txt,4,2973.0,24.1603,2911.0,2.1299
TS@FaFM,Dauzere_04a.txt,5,2957.0,41.2678,2911.0,1.5802
TS@FaFM,Dauzere_05a.txt,1,2936.0,10.9977,2888.0,1.662
TS@FaFM,Dauzere_05a.txt,2,2912.0,36.7944,2888.0,0.831
TS@FaFM,Dauzere_05a.txt,3,2943.0,14.2055,2888.0,1.9044
TS@FaFM,Dauzere_05a.txt,4,2928.0,31.7524,2888.0,1.385
TS@FaFM,Dauzere_05a.txt,5,2936.0,25.1554,2888.0,1.662
TS@FaFM,Dauzere_06a.txt,1,2894.0,20.9821,2877.0,0.5909
TS@FaFM,Dauzere_06a.txt,2,2913.0,23.9704,2877.0,1.2513
TS@FaFM,Dauzere_06a.txt,3,2894.0,23.8648,2877.0,0.5909
TS@FaFM,Dauzere_06a.txt,4,2898.0,22.3678,2877.0,0.7299
TS@FaFM,Dauzere_06a.txt,5,2908.0,19.0329,2877.0,1.0775
TS@FaFM,Dauzere_07a.txt,1,2967.0,46.7922,2917.0,1.7141
TS@FaFM,Dauzere_07a.txt,2,2967.0,44.2147,2917.0,1.7141
TS@FaFM,Dauzere_07a.txt,3,2956.0,67.166,2917.0,1.337
TS@FaFM,Dauzere_07a.txt,4,2958.0,60.5788,2917.0,1.4056
TS@FaFM,Dauzere_07a.txt,5,2959.0,35.659,2917.0,1.4398
TS@FaFM,Dauzere_08a.txt,1,2914.0,22.1657,2883.0,1.0753
TS@FaFM,Dauzere_08a.txt,2,2903.0,21.5075,2883.0,0.6937
TS@FaFM,Dauzere_08a.txt,3,2906.0,18.6819,2883.0,0.7978
TS@FaFM,Dauzere_08a.txt,4,2899.0,22.2129,2883.0,0.555
TS@FaFM,Dauzere_08a.txt,5,2902.0,30.3247,2883.0,0.659
TS@FaFM,Dauzere_09a.txt,1,2894.0,32.7737,2880.0,0.4861
TS@FaFM,Dauzere_09a.txt,2,2882.0,34.5297,2880.0,0.0694
TS@FaFM,Dauzere_09a.txt,3,2904.0,22.0208,2880.0,0.8333
TS@FaFM,Dauzere_09a.txt,4,2890.0,24.0228,2880.0,0.3472
TS@FaFM,Dauzere_09a.txt,5,2892.0,30.5851,2880.0,0.4167
TS@FaFM,Dauzere_10a.txt,1,2976.0,100.41,2922.0,1.848
TS@FaFM,Dauzere_10a.txt,2,2977.0,39.3553,2922.0,1.8823
TS@FaFM,Dauzere_10a.txt,3,2957.0,68.5548,2922.0,1.1978
TS@FaFM,Dauzere_10a.txt,4,2947.0,50.0913,2922.0,0.8556
TS@FaFM,Dauzere_10a.txt,5,2954.0,69.5939,2922.0,1.0951
TS@FaFM,Dauzere_11a.txt,1,2909.0,31.7805,2876.0,1.1474
TS@FaFM,Dauzere_11a.txt,2,2908.0,30.4232,2876.0,1.1127
TS@FaFM,Dauzere_11a.txt,3,2892.0,44.3951,2876.0,0.5563
TS@FaFM,Dauzere_11a.txt,4,2895.0,55.7484,2876.0,0.6606
TS@FaFM,Dauzere_11a.txt,5,2902.0,38.5989,2876.0,0.904
TS@FaFM,Dauzere_12a.txt,1,2844.0,43.2052,2840.0,0.1408
TS@FaFM,Dauzere_12a.txt,2,2853.0,23.9866,2840.0,0.4577
TS@FaFM,Dauzere_12a.txt,3,2845.0,22.5659,2840.0,0.1761
TS@FaFM,Dauzere_12a.txt,4,2847.0,23.116,2840.0,0.2465
TS@FaFM,Dauzere_12a.txt,5,2851.0,27.4567,2840.0,0.3873
TS@FaFM,Mk01.txt,1,73.0,5.77637,70.0,4.2857
TS@FaFM,Mk01.txt,2,72.0,5.42773,70.0,2.8571
TS@FaFM,Mk01.txt,3,73.0,3.78307,70.0,4.2857
TS@FaFM,Mk01.txt,4,74.0,3.93859,70.0,5.7143
TS@FaFM,Mk01.txt,5,73.0,5.69147,70.0,4.2857
TS@FaFM,Mk02.txt,1,70.0,6.78155,67.0,4.4776
TS@FaFM,Mk02.txt,2,70.0,3.45745,67.0,4.4776
TS@FaFM,Mk02.txt,3,71.0,4.46531,67.0,5.9701
TS@FaFM,Mk02.txt,4,70.0,6.99729,67.0,4.4776
TS@FaFM,Mk02.txt,5,69.0,4.33241,67.0,2.9851
TS@FaFM,Mk03.txt,1,238.0,9.22005,238.0,0.0
TS@FaFM,Mk03.txt,2,239.0,8.15064,238.0,0.4202
TS@FaFM,Mk03.txt,3,239.0,10.5947,238.0,0.4202
TS@FaFM,Mk03.txt,4,239.0,11.4871,238.0,0.4202
TS@FaFM,Mk03.txt,5,238.0,7.74015,238.0,0.0
TS@FaFM,Mk04.txt,1,96.0,7.89469,95.0,1.0526
TS@FaFM,Mk04.txt,2,96.0,5.20137,95.0,1.0526
TS@FaFM,Mk04.txt,3,95.0,8.7819,95.0,0.0
TS@FaFM,Mk04.txt,4,96.0,8.62083,95.0,1.0526
TS@FaFM,Mk04.txt,5,95.0,16.7772,95.0,0.0
TS@FaFM,Mk05.txt,1,303.0,14.6233,299.0,1.3378
TS@FaFM,Mk05.txt,2,304.0,12.2373,299.0,1.6722
TS@FaFM,Mk05.txt,3,303.0,14.5195,299.0,1.3378
TS@FaFM,Mk05.txt,4,303.0,7.9444,299.0,1.3378
TS@FaFM,Mk05.txt,5,305.0,10.8819,299.0,2.0067
TS@FaFM,Mk06.txt,1,109.0,24.2502,109.0,0.0
TS@FaFM,Mk06.txt,2,112.0,18.2382,109.0,2.7523
TS@FaFM,Mk06.txt,3,110.0,18.0005,109.0,0.9174
TS@FaFM,Mk06.txt,4,111.0,19.01,109.0,1.8349
TS@FaFM,Mk06.txt,5,109.0,17.4152,109.0,0.0
TS@FaFM,Mk07.txt,1,230.0,13.9892,222.0,3.6036
TS@FaFM,Mk07.txt,2,233.0,6.01276,222.0,4.955
TS@FaFM,Mk07.txt,3,232.0,9.54528,222.0,4.5045
TS@FaFM,Mk07.txt,4,229.0,14.7616,222.0,3.1532
TS@FaFM,Mk07.txt,5,229.0,18.3895,222.0,3.1532
TS@FaFM,Mk08.txt,1,624.0,25.2228,624.0,0.0
TS@FaFM,Mk08.txt,2,624.0,14.5251,624.0,0.0
TS@FaFM,Mk08.txt,3,624.0,18.8275,624.0,0.0
TS@FaFM,Mk08.txt,4,624.0,30.0945,624.0,0.0
TS@FaFM,Mk08.txt,5,624.0,26.6027,624.0,0.0
TS@FaFM,Mk09.txt,1,477.0,26.6066,479.0,-0.4175
TS@FaFM,Mk09.txt,2,475.0,31.4618,479.0,-0.8351
TS@FaFM,Mk09.txt,3,477.0,49.9397,479.0,-0.4175
TS@FaFM,Mk09.txt,4,478.0,46.1344,479.0,-0.2088
TS@FaFM,Mk09.txt,5,483.0,49.3509,479.0,0.8351
TS@FaFM,Mk10.txt,1,322.0,21.8704,326.0,-1.227
TS@FaFM,Mk10.txt,2,322.0,33.5481,326.0,-1.227
TS@FaFM,Mk10.txt,3,317.0,37.8321,326.0,-2.7607
TS@FaFM,Mk10.txt,4,318.0,39.4554,326.0,-2.454
TS@FaFM,Mk10.txt,5,317.0,34.4602,326.0,-2.7607
TS@FaFM,wfjsp10_1.txt,1,796.0,15.096,781.0,1.9206
TS@FaFM,wfjsp10_1.txt,2,798.0,12.4211,781.0,2.1767
TS@FaFM,wfjsp10_1.txt,3,788.0,12.6337,781.0,0.8963
TS@FaFM,wfjsp10_1.txt,4,792.0,28.9541,781.0,1.4085
TS@FaFM,wfjsp10_1.txt,5,779.0,11.4249,781.0,-0.2561
TS@FaFM,wfjsp10_10.txt,1,884.0,15.9786,859.0,2.9104
TS@FaFM,wfjsp10_10.txt,2,884.0,17.3137,859.0,2.9104
TS@FaFM,wfjsp10_10.txt,3,887.0,13.6771,859.0,3.2596
TS@FaFM,wfjsp10_10.txt,4,885.0,14.4418,859.0,3.0268
TS@FaFM,wfjsp10_10.txt,5,884.0,15.0448,859.0,2.9104
TS@FaFM,wfjsp10_2.txt,1,877.0,17.5519,836.0,4.9043
TS@FaFM,wfjsp10_2.txt,2,867.0,26.8623,836.0,3.7081
TS@FaFM,wfjsp10_2.txt,3,873.0,12.7462,836.0,4.4258
TS@FaFM,wfjsp10_2.txt,4,864.0,10.6137,836.0,3.3493
TS@FaFM,wfjsp10_2.txt,5,857.0,24.6131,836.0,2.512
TS@FaFM,wfjsp10_3.txt,1,948.0,23.6004,923.0,2.7086
TS@FaFM,wfjsp10_3.txt,2,943.0,67.7589,923.0,2.1668
TS@FaFM,wfjsp10_3.txt,3,950.0,24.6774,923.0,2.9252
TS@FaFM,wfjsp10_3.txt,4,944.0,16.7313,923.0,2.2752
TS@FaFM,wfjsp10_3.txt,5,952.0,18.5706,923.0,3.1419
TS@FaFM,wfjsp10_4.txt,1,891.0,20.5249,873.0,2.0619
TS@FaFM,wfjsp10_4.txt,2,876.0,14.8561,873.0,0.3436
TS@FaFM,wfjsp10_4.txt,3,900.0,11.889,873.0,3.0928
TS@FaFM,wfjsp10_4.txt,4,889.0,23.7682,873.0,1.8328
TS@FaFM,wfjsp10_4.txt,5,879.0,35.1947,873.0,0.6873
TS@FaFM,wfjsp10_5.txt,1,755.0,12.0573,733.0,3.0014
TS@FaFM,wfjsp10_5.txt,2,742.0,20.3857,733.0,1.2278
TS@FaFM,wfjsp10_5.txt,3,738.0,11.2533,733.0,0.6821
TS@FaFM,wfjsp10_5.txt,4,756.0,14.345,733.0,3.1378
TS@FaFM,wfjsp10_5.txt,5,742.0,9.59907,733.0,1.2278
TS@FaFM,wfjsp10_6.txt,1,916.0,21.8349,896.0,2.2321
TS@FaFM,wfjsp10_6.txt,2,923.0,29.9113,896.0,3.0134
TS@FaFM,wfjsp10_6.txt,3,936.0,19.6239,896.0,4.4643
TS@FaFM,wfjsp10_6.txt,4,927.0,21.5043,896.0,3.4598
TS@FaFM,wfjsp10_6.txt,5,931.0,14.9024,896.0,3.9062
TS@FaFM,wfjsp10_7.txt,1,852.0,21.5565,819.0,4.0293
TS@FaFM,wfjsp10_7.txt,2,857.0,15.9357,819.0,4.6398
TS@FaFM,wfjsp10_7.txt,3,865.0,9.86554,819.0,5.6166
TS@FaFM,wfjsp10_7.txt,4,852.0,34.5778,819.0,4.0293
TS@FaFM,wfjsp10_7.txt,5,857.0,11.5444,819.0,4.6398
TS@FaFM,wfjsp10_8.txt,1,848.0,13.1721,824.0,2.9126
TS@FaFM,wfjsp10_8.txt,2,855.0,15.3255,824.0,3.7621
TS@FaFM,wfjsp10_8.txt,3,867.0,10.8177,824.0,5.2184
TS@FaFM,wfjsp10_8.txt,4,848.0,30.8065,824.0,2.9126
TS@FaFM,wfjsp10_8.txt,5,849.0,21.4984,824.0,3.034
TS@FaFM,wfjsp10_9.txt,1,829.0,14.3716,803.0,3.2379
TS@FaFM,wfjsp10_9.txt,2,827.0,24.4598,803.0,2.9888
TS@FaFM,wfjsp10_9.txt,3,824.0,13.3151,803.0,2.6152
TS@FaFM,wfjsp10_9.txt,4,836.0,15.4572,803.0,4.1096
TS@FaFM,wfjsp10_9.txt,5,817.0,21.3892,803.0,1.7435
TS@FaFM,wfjsp11_1.txt,1,1011.0,17.2175,969.0,4.3344
TS@FaFM,wfjsp11_1.txt,2,1005.0,31.2124,969.0,3.7152
TS@FaFM,wfjsp11_1.txt,3,1005.0,17.3521,969.0,3.7152
TS@FaFM,wfjsp11_1.txt,4,1019.0,13.4272,969.0,5.16
TS@FaFM,wfjsp11_1.txt,5,1004.0,20.685,969.0,3.612
TS@FaFM,wfjsp11_10.txt,1,1149.0,18.6022,1091.0,5.3162
TS@FaFM,wfjsp11_10.txt,2,1138.0,26.5931,1091.0,4.308
TS@FaFM,wfjsp11_10.txt,3,1166.0,23.3615,1091.0,6.8744
TS@FaFM,wfjsp11_10.txt,4,1157.0,20.1313,1091.0,6.0495
TS@FaFM,wfjsp11_10.txt,5,1166.0,16.2916,1091.0,6.8744
TS@FaFM,wfjsp11_2.txt,1,1241.0,24.6825,1184.0,4.8142
TS@FaFM,wfjsp11_2.txt,2,1245.0,17.4143,1184.0,5.152
TS@FaFM,wfjsp11_2.txt,3,1236.0,29.5345,1184.0,4.3919
TS@FaFM,wfjsp11_2.txt,4,1233.0,42.5799,1184.0,4.1385
TS@FaFM,wfjsp11_2.txt,5,1231.0,33.5144,1184.0,3.9696
TS@FaFM,wfjsp11_3.txt,1,1229.0,15.724,1149.0,6.9626
TS@FaFM,wfjsp11_3.txt,2,1205.0,14.7032,1149.0,4.8738
TS@FaFM,wfjsp11_3.txt,3,1198.0,46.9459,1149.0,4.2646
TS@FaFM,wfjsp11_3.txt,4,1190.0,75.1604,1149.0,3.5683
TS@FaFM,wfjsp11_3.txt,5,1206.0,20.0255,1149.0,4.9608
TS@FaFM,wfjsp11_4.txt,1,1169.0,26.008,1135.0,2.9956
TS@FaFM,wfjsp11_4.txt,2,1174.0,23.0355,1135.0,3.4361
TS@FaFM,wfjsp11_4.txt,3,1193.0,34.851,1135.0,5.1101
TS@FaFM,wfjsp11_4.txt,4,1195.0,35.5745,1135.0,5.2863
TS@FaFM,wfjsp11_4.txt,5,1178.0,21.2425,1135.0,3.7885
TS@FaFM,wfjsp11_5.txt,1,1231.0,34.1727,1180.0,4.322
TS@FaFM,wfjsp11_5.txt,2,1220.0,28.3622,1180.0,3.3898
TS@FaFM,wfjsp11_5.txt,3,1247.0,27.0423,1180.0,5.678
TS@FaFM,wfjsp11_5.txt,4,1216.0,34.8577,1180.0,3.0508
TS@FaFM,wfjsp11_5.txt,5,1237.0,30.926,1180.0,4.8305
TS@FaFM,wfjsp11_6.txt,1,982.0,11.2497,937.0,4.8026
TS@FaFM,wfjsp11_6.txt,2,986.0,22.5787,937.0,5.2295
TS@FaFM,wfjsp11_6.txt,3,973.0,17.5075,937.0,3.842
TS@FaFM,wfjsp11_6.txt,4,984.0,23.4927,937.0,5.016
TS@FaFM,wfjsp11_6.txt,5,999.0,14.811,937.0,6.6169
TS@FaFM,wfjsp11_7.txt,1,1038.0,43.8015,1015.0,2.266
TS@FaFM,wfjsp11_7.txt,2,1040.0,14.5954,1015.0,2.4631
TS@FaFM,wfjsp11_7.txt,3,1058.0,13.4626,1015.0,4.2365
TS@FaFM,wfjsp11_7.txt,4,1037.0,45.2564,1015.0,2.1675
TS@FaFM,wfjsp11_7.txt,5,1040.0,33.1142,1015.0,2.4631
TS@FaFM,wfjsp11_8.txt,1,1079.0,21.4566,1032.0,4.5543
TS@FaFM,wfjsp11_8.txt,2,1085.0,17.6916,1032.0,5.1357
TS@FaFM,wfjsp11_8.txt,3,1095.0,15.0803,1032.0,6.1047
TS@FaFM,wfjsp11_8.txt,4,1077.0,18.9282,1032.0,4.3605
TS@FaFM,wfjsp11_8.txt,5,1080.0,11.9646,1032.0,4.6512
TS@FaFM,wfjsp11_9.txt,1,1187.0,14.0057,1136.0,4.4894
TS@FaFM,wfjsp11_9.txt,2,1197.0,27.9063,1136.0,5.3697
TS@FaFM,wfjsp11_9.txt,3,1194.0,23.5816,1136.0,5.1056
TS@FaFM,wfjsp11_9.txt,4,1184.0,19.1079,1136.0,4.2254
TS@FaFM,wfjsp11_9.txt,5,1171.0,33.9386,1136.0,3.081
TS@FaFM,wfjsp12_1.txt,1,929.0,29.2745,896.0,3.683
TS@FaFM,wfjsp12_1.txt,2,931.0,13.9289,896.0,3.9062
TS@FaFM,wfjsp12_1.txt,3,924.0,26.1975,896.0,3.125
TS@FaFM,wfjsp12_1.txt,4,933.0,34.1077,896.0,4.1295
TS@FaFM,wfjsp12_1.txt,5,927.0,29.0588,896.0,3.4598
TS@FaFM,wfjsp12_10.txt,1,1147.0,40.9134,1099.0,4.3676
TS@FaFM,wfjsp12_10.txt,2,1146.0,31.8693,1099.0,4.2766
TS@FaFM,wfjsp12_10.txt,3,1145.0,39.4242,1099.0,4.1856
TS@FaFM,wfjsp12_10.txt,4,1151.0,16.944,1099.0,4.7316
TS@FaFM,wfjsp12_10.txt,5,1140.0,31.3954,1099.0,3.7307
TS@FaFM,wfjsp12_2.txt,1,1039.0,23.7595,997.0,4.2126
TS@FaFM,wfjsp12_2.txt,2,1040.0,39.3797,997.0,4.3129
TS@FaFM,wfjsp12_2.txt,3,1045.0,27.2765,997.0,4.8144
TS@FaFM,wfjsp12_2.txt,4,1045.0,19.8327,997.0,4.8144
TS@FaFM,wfjsp12_2.txt,5,1056.0,17.8701,997.0,5.9178
TS@FaFM,wfjsp12_3.txt,1,1132.0,25.4435,1103.0,2.6292
TS@FaFM,wfjsp12_3.txt,2,1123.0,29.7729,1103.0,1.8132
TS@FaFM,wfjsp12_3.txt,3,1135.0,26.627,1103.0,2.9012
TS@FaFM,wfjsp12_3.txt,4,1115.0,25.4454,1103.0,1.0879
TS@FaFM,wfjsp12_3.txt,5,1125.0,31.4769,1103.0,1.9946
TS@FaFM,wfjsp12_4.txt,1,1060.0,42.6599,1027.0,3.2132
TS@FaFM,wfjsp12_4.txt,2,1065.0,18.0585,1027.0,3.7001
TS@FaFM,wfjsp12_4.txt,3,1075.0,13.0367,1027.0,4.6738
TS@FaFM,wfjsp12_4.txt,4,1061.0,33.6586,1027.0,3.3106
TS@FaFM,wfjsp12_4.txt,5,1059.0,16.5491,1027.0,3.1159
TS@FaFM,wfjsp12_5.txt,1,893.0,24.2564,869.0,2.7618
TS@FaFM,wfjsp12_5.txt,2,900.0,27.2076,869.0,3.5673
TS@FaFM,wfjsp12_5.txt,3,890.0,26.9069,869.0,2.4166
TS@FaFM,wfjsp12_5.txt,4,900.0,30.0268,869.0,3.5673
TS@FaFM,wfjsp12_5.txt,5,896.0,29.6164,869.0,3.107
TS@FaFM,wfjsp12_6.txt,1,1167.0,32.1902,1134.0,2.9101
TS@FaFM,wfjsp12_6.txt,2,1190.0,25.5335,1134.0,4.9383
TS@FaFM,wfjsp12_6.txt,3,1185.0,15.6055,1134.0,4.4974
TS@FaFM,wfjsp12_6.txt,4,1173.0,29.6572,1134.0,3.4392
TS@FaFM,wfjsp12_6.txt,5,1189.0,16.9086,1134.0,4.8501
TS@FaFM,wfjsp12_7.txt,1,1035.0,19.36,1018.0,1.6699
TS@FaFM,wfjsp12_7.txt,2,1035.0,25.0385,1018.0,1.6699
TS@FaFM,wfjsp12_7.txt,3,1045.0,16.5045,1018.0,2.6523
TS@FaFM,wfjsp12_7.txt,4,1036.0,34.3198,1018.0,1.7682
TS@FaFM,wfjsp12_7.txt,5,1042.0,21.0288,1018.0,2.3576
TS@FaFM,wfjsp12_8.txt,1,994.0,51.3354,980.0,1.4286
TS@FaFM,wfjsp12_8.txt,2,1016.0,14.7034,980.0,3.6735
TS@FaFM,wfjsp12_8.txt,3,1013.0,14.7703,980.0,3.3673
TS@FaFM,wfjsp12_8.txt,4,1011.0,29.4788,980.0,3.1633
TS@FaFM,wfjsp12_8.txt,5,1011.0,21.7396,980.0,3.1633
TS@FaFM,wfjsp12_9.txt,1,1027.0,26.9613,995.0,3.2161
TS@FaFM,wfjsp12_9.txt,2,1023.0,16.7128,995.0,2.8141
TS@FaFM,wfjsp12_9.txt,3,1012.0,37.5285,995.0,1.7085
TS@FaFM,wfjsp12_9.txt,4,1015.0,25.2984,995.0,2.0101
TS@FaFM,wfjsp12_9.txt,5,1011.0,25.0891,995.0,1.608
TS@FaFM,wfjsp13_1.txt,1,902.0,34.3238,866.0,4.157
TS@FaFM,wfjsp13_1.txt,2,902.0,35.5796,866.0,4.157
TS@FaFM,wfjsp13_1.txt,3,896.0,36.377,866.0,3.4642
TS@FaFM,wfjsp13_1.txt,4,909.0,22.9435,866.0,4.9654
TS@FaFM,wfjsp13_1.txt,5,909.0,29.7119,866.0,4.9654
TS@FaFM,wfjsp13_10.txt,1,978.0,42.6099,916.0,6.7686
TS@FaFM,wfjsp13_10.txt,2,974.0,35.6865,916.0,6.3319
TS@FaFM,wfjsp13_10.txt,3,977.0,40.3677,916.0,6.6594
TS@FaFM,wfjsp13_10.txt,4,976.0,40.2946,916.0,6.5502
TS@FaFM,wfjsp13_10.txt,5,990.0,22.421,916.0,8.0786
TS@FaFM,wfjsp13_2.txt,1,1010.0,31.6324,962.0,4.9896
TS@FaFM,wfjsp13_2.txt,2,1002.0,40.3989,962.0,4.158
TS@FaFM,wfjsp13_2.txt,3,1015.0,44.5808,962.0,5.5094
TS@FaFM,wfjsp13_2.txt,4,1019.0,33.4249,962.0,5.9252
TS@FaFM,wfjsp13_2.txt,5,1013.0,45.4959,962.0,5.3015
TS@FaFM,wfjsp13_3.txt,1,943.0,22.5304,883.0,6.795
TS@FaFM,wfjsp13_3.txt,2,909.0,34.8683,883.0,2.9445
TS@FaFM,wfjsp13_3.txt,3,912.0,35.3835,883.0,3.2843
TS@FaFM,wfjsp13_3.txt,4,910.0,38.8951,883.0,3.0578
TS@FaFM,wfjsp13_3.txt,5,909.0,34.5255,883.0,2.9445
TS@FaFM,wfjsp13_4.txt,1,940.0,33.2226,908.0,3.5242
TS@FaFM,wfjsp13_4.txt,2,932.0,25.7122,908.0,2.6432
TS@FaFM,wfjsp13_4.txt,3,939.0,33.4358,908.0,3.4141
TS@FaFM,wfjsp13_4.txt,4,934.0,35.5321,908.0,2.8634
TS@FaFM,wfjsp13_4.txt,5,944.0,29.7706,908.0,3.9648
TS@FaFM,wfjsp13_5.txt,1,844.0,46.7626,809.0,4.3263
TS@FaFM,wfjsp13_5.txt,2,850.0,31.981,809.0,5.068
TS@FaFM,wfjsp13_5.txt,3,849.0,47.2888,809.0,4.9444
TS@FaFM,wfjsp13_5.txt,4,838.0,51.348,809.0,3.5847
TS@FaFM,wfjsp13_5.txt,5,838.0,60.0863,809.0,3.5847
TS@FaFM,wfjsp13_6.txt,1,1028.0,51.7577,988.0,4.0486
TS@FaFM,wfjsp13_6.txt,2,1031.0,43.0153,988.0,4.3522
TS@FaFM,wfjsp13_6.txt,3,1041.0,24.8537,988.0,5.3644
TS@FaFM,wfjsp13_6.txt,4,1040.0,43.0588,988.0,5.2632
TS@FaFM,wfjsp13_6.txt,5,1037.0,26.2835,988.0,4.9595
TS@FaFM,wfjsp13_7.txt,1,875.0,32.0875,875.0,0.0
TS@FaFM,wfjsp13_7.txt,2,896.0,16.8873,875.0,2.4
TS@FaFM,wfjsp13_7.txt,3,881.0,50.0014,875.0,0.6857
TS@FaFM,wfjsp13_7.txt,4,901.0,24.7014,875.0,2.9714
TS@FaFM,wfjsp13_7.txt,5,889.0,26.0686,875.0,1.6
TS@FaFM,wfjsp13_8.txt,1,928.0,24.3378,899.0,3.2258
TS@FaFM,wfjsp13_8.txt,2,926.0,39.0498,899.0,3.0033
TS@FaFM,wfjsp13_8.txt,3,930.0,21.0001,899.0,3.4483
TS@FaFM,wfjsp13_8.txt,4,925.0,28.2782,899.0,2.8921
TS@FaFM,wfjsp13_8.txt,5,917.0,57.8408,899.0,2.0022
TS@FaFM,wfjsp13_9.txt,1,1007.0,25.6862,967.0,4.1365
TS@FaFM,wfjsp13_9.txt,2,1006.0,33.5827,967.0,4.0331
TS@FaFM,wfjsp13_9.txt,3,983.0,39.2631,967.0,1.6546
TS@FaFM,wfjsp13_9.txt,4,1016.0,19.8865,967.0,5.0672
TS@FaFM,wfjsp13_9.txt,5,1003.0,24.4908,967.0,3.7229
TS@FaFM,wfjsp14_1.txt,1,758.0,58.8849,745.0,1.745
TS@FaFM,wfjsp14_1.txt,2,776.0,15.729,745.0,4.1611
TS@FaFM,wfjsp14_1.txt,3,783.0,11.6877,745.0,5.1007
TS@FaFM,wfjsp14_1.txt,4,764.0,23.835,745.0,2.5503
TS@FaFM,wfjsp14_1.txt,5,769.0,24.862,745.0,3.2215
TS@FaFM,wfjsp14_10.txt,1,924.0,23.5635,878.0,5.2392
TS@FaFM,wfjsp14_10.txt,2,929.0,36.5392,878.0,5.8087
TS@FaFM,wfjsp14_10.txt,3,921.0,17.2386,878.0,4.8975
TS@FaFM,wfjsp14_10.txt,4,921.0,30.7826,878.0,4.8975
TS@FaFM,wfjsp14_10.txt,5,927.0,39.0828,878.0,5.5809
TS@FaFM,wfjsp14_2.txt,1,810.0,39.1367,793.0,2.1438
TS@FaFM,wfjsp14_2.txt,2,818.0,19.4386,793.0,3.1526
TS@FaFM,wfjsp14_2.txt,3,824.0,13.6643,793.0,3.9092
TS@FaFM,wfjsp14_2.txt,4,814.0,44.0834,793.0,2.6482
TS@FaFM,wfjsp14_2.txt,5,824.0,22.9227,793.0,3.9092
TS@FaFM,wfjsp14_3.txt,1,869.0,52.3857,848.0,2.4764
TS@FaFM,wfjsp14_3.txt,2,876.0,32.4895,848.0,3.3019
TS@FaFM,wfjsp14_3.txt,3,864.0,52.3896,848.0,1.8868
TS@FaFM,wfjsp14_3.txt,4,870.0,25.4166,848.0,2.5943
TS@FaFM,wfjsp14_3.txt,5,860.0,38.3032,848.0,1.4151
TS@FaFM,wfjsp14_4.txt,1,835.0,41.3871,806.0,3.598
TS@FaFM,wfjsp14_4.txt,2,850.0,20.7148,806.0,5.4591
TS@FaFM,wfjsp14_4.txt,3,835.0,34.5259,806.0,3.598
TS@FaFM,wfjsp14_4.txt,4,830.0,16.1161,806.0,2.9777
TS@FaFM,wfjsp14_4.txt,5,844.0,20.025,806.0,4.7146
TS@FaFM,wfjsp14_5.txt,1,749.0,18.1875,715.0,4.7552
TS@FaFM,wfjsp14_5.txt,2,739.0,17.7359,715.0,3.3566
TS@FaFM,wfjsp14_5.txt,3,736.0,27.7712,715.0,2.9371
TS@FaFM,wfjsp14_5.txt,4,734.0,17.923,715.0,2.6573
TS@FaFM,wfjsp14_5.txt,5,733.0,28.0367,715.0,2.5175
TS@FaFM,wfjsp14_6.txt,1,959.0,18.7038,913.0,5.0383
TS@FaFM,wfjsp14_6.txt,2,964.0,21.3557,913.0,5.586
TS@FaFM,wfjsp14_6.txt,3,963.0,15.4879,913.0,5.4765
TS@FaFM,wfjsp14_6.txt,4,954.0,64.4473,913.0,4.4907
TS@FaFM,wfjsp14_6.txt,5,957.0,26.0588,913.0,4.8193
TS@FaFM,wfjsp14_7.txt,1,854.0,42.7394,826.0,3.3898
TS@FaFM,wfjsp14_7.txt,2,853.0,38.5558,826.0,3.2688
TS@FaFM,wfjsp14_7.txt,3,849.0,27.3006,826.0,2.7845
TS@FaFM,wfjsp14_7.txt,4,856.0,17.9763,826.0,3.632
TS@FaFM,wfjsp14_7.txt,5,853.0,23.527,826.0,3.2688
TS@FaFM,wfjsp14_8.txt,1,809.0,36.7454,782.0,3.4527
TS@FaFM,wfjsp14_8.txt,2,812.0,28.4732,782.0,3.8363
TS@FaFM,wfjsp14_8.txt,3,803.0,31.7605,782.0,2.6854
TS@FaFM,wfjsp14_8.txt,4,812.0,27.7297,782.0,3.8363
TS@FaFM,wfjsp14_8.txt,5,809.0,27.2301,782.0,3.4527
TS@FaFM,wfjsp14_9.txt,1,812.0,27.9214,793.0,2.396
TS@FaFM,wfjsp14_9.txt,2,828.0,11.6914,793.0,4.4136
TS@FaFM,wfjsp14_9.txt,3,799.0,41.4988,793.0,0.7566
TS@FaFM,wfjsp14_9.txt,4,809.0,38.8748,793.0,2.0177
TS@FaFM,wfjsp14_9.txt,5,813.0,30.5291,793.0,2.5221
TS@FaFM,wfjsp15_1.txt,1,1291.0,70.2715,1259.0,2.5417
TS@FaFM,wfjsp15_1.txt,2,1307.0,53.809,1259.0,3.8125
TS@FaFM,wfjsp15_1.txt,3,1291.0,88.5805,1259.0,2.5417
TS@FaFM,wfjsp15_1.txt,4,1301.0,63.1061,1259.0,3.336
TS@FaFM,wfjsp15_1.txt,5,1305.0,45.9892,1259.0,3.6537
TS@FaFM,wfjsp15_10.txt,1,1492.0,95.0122,1415.0,5.4417
TS@FaFM,wfjsp15_10.txt,2,1506.0,46.3023,1415.0,6.4311
TS@FaFM,wfjsp15_10.txt,3,1517.0,36.2241,1415.0,7.2085
TS@FaFM,wfjsp15_10.txt,4,1504.0,57.8994,1415.0,6.2898
TS@FaFM,wfjsp15_10.txt,5,1502.0,59.4001,1415.0,6.1484
TS@FaFM,wfjsp15_2.txt,1,1382.0,43.8774,1314.0,5.175
TS@FaFM,wfjsp15_2.txt,2,1376.0,53.3981,1314.0,4.7184
TS@FaFM,wfjsp15_2.txt,3,1362.0,86.8521,1314.0,3.653
TS@FaFM,wfjsp15_2.txt,4,1382.0,48.6465,1314.0,5.175
TS@FaFM,wfjsp15_2.txt,5,1380.0,42.9464,1314.0,5.0228
TS@FaFM,wfjsp15_3.txt,1,1413.0,100.064,1376.0,2.689
TS@FaFM,wfjsp15_3.txt,2,1416.0,69.7711,1376.0,2.907
TS@FaFM,wfjsp15_3.txt,3,1424.0,63.9668,1376.0,3.4884
TS@FaFM,wfjsp15_3.txt,4,1442.0,32.5382,1376.0,4.7965
TS@FaFM,wfjsp15_3.txt,5,1416.0,66.1675,1376.0,2.907
TS@FaFM,wfjsp15_4.txt,1,1365.0,66.4132,1308.0,4.3578
TS@FaFM,wfjsp15_4.txt,2,1371.0,37.4813,1308.0,4.8165
TS@FaFM,wfjsp15_4.txt,3,1361.0,71.7885,1308.0,4.052
TS@FaFM,wfjsp15_4.txt,4,1358.0,63.6673,1308.0,3.8226
TS@FaFM,wfjsp15_4.txt,5,1362.0,72.3211,1308.0,4.1284
TS@FaFM,wfjsp15_5.txt,1,1253.0,56.5151,1198.0,4.591
TS@FaFM,wfjsp15_5.txt,2,1258.0,47.9454,1198.0,5.0083
TS@FaFM,wfjsp15_5.txt,3,1268.0,26.8803,1198.0,5.8431
TS@FaFM,wfjsp15_5.txt,4,1256.0,34.8121,1198.0,4.8414
TS@FaFM,wfjsp15_5.txt,5,1244.0,58.1589,1198.0,3.8397
TS@FaFM,wfjsp15_6.txt,1,1601.0,45.3056,1510.0,6.0265
TS@FaFM,wfjsp15_6.txt,2,1633.0,27.6879,1510.0,8.1457
TS@FaFM,wfjsp15_6.txt,3,1611.0,28.3263,1510.0,6.6887
TS@FaFM,wfjsp15_6.txt,4,1601.0,64.6714,1510.0,6.0265
TS@FaFM,wfjsp15_6.txt,5,1585.0,57.3309,1510.0,4.9669
TS@FaFM,wfjsp15_7.txt,1,1380.0,60.9393,1328.0,3.9157
TS@FaFM,wfjsp15_7.txt,2,1360.0,61.3235,1328.0,2.4096
TS@FaFM,wfjsp15_7.txt,3,1380.0,54.2554,1328.0,3.9157
TS@FaFM,wfjsp15_7.txt,4,1380.0,54.1352,1328.0,3.9157
TS@FaFM,wfjsp15_7.txt,5,1367.0,98.6116,1328.0,2.9367
TS@FaFM,wfjsp15_8.txt,1,1390.0,50.4494,1327.0,4.7476
TS@FaFM,wfjsp15_8.txt,2,1365.0,57.3718,1327.0,2.8636
TS@FaFM,wfjsp15_8.txt,3,1384.0,84.0883,1327.0,4.2954
TS@FaFM,wfjsp15_8.txt,4,1389.0,43.5611,1327.0,4.6722
TS@FaFM,wfjsp15_8.txt,5,1388.0,56.4255,1327.0,4.5968
TS@FaFM,wfjsp15_9.txt,1,1351.0,58.8527,1328.0,1.7319
TS@FaFM,wfjsp15_9.txt,2,1370.0,60.3125,1328.0,3.1627
TS@FaFM,wfjsp15_9.txt,3,1359.0,74.4872,1328.0,2.3343
TS@FaFM,wfjsp15_9.txt,4,1366.0,52.9892,1328.0,2.8614
TS@FaFM,wfjsp15_9.txt,5,1341.0,115.735,1328.0,0.9789
TS@FaFM,wfjsp16_1.txt,1,1026.0,33.1953,995.0,3.1156
TS@FaFM,wfjsp16_1.txt,2,1019.0,35.5096,995.0,2.4121
TS@FaFM,wfjsp16_1.txt,3,1021.0,20.1912,995.0,2.6131
TS@FaFM,wfjsp16_1.txt,4,1005.0,38.0339,995.0,1.005
TS@FaFM,wfjsp16_1.txt,5,1023.0,26.1197,995.0,2.8141
TS@FaFM,wfjsp16_10.txt,1,1189.0,17.9177,1145.0,3.8428
TS@FaFM,wfjsp16_10.txt,2,1193.0,21.3721,1145.0,4.1921
TS@FaFM,wfjsp16_10.txt,3,1179.0,37.6973,1145.0,2.9694
TS@FaFM,wfjsp16_10.txt,4,1183.0,25.7468,1145.0,3.3188
TS@FaFM,wfjsp16_10.txt,5,1179.0,26.4516,1145.0,2.9694
TS@FaFM,wfjsp16_2.txt,1,1059.0,32.1825,1011.0,4.7478
TS@FaFM,wfjsp16_2.txt,2,1054.0,34.2084,1011.0,4.2532
TS@FaFM,wfjsp16_2.txt,3,1060.0,23.8659,1011.0,4.8467
TS@FaFM,wfjsp16_2.txt,4,1049.0,48.8402,1011.0,3.7587
TS@FaFM,wfjsp16_2.txt,5,1045.0,51.3098,1011.0,3.363
TS@FaFM,wfjsp16_3.txt,1,1120.0,46.056,1097.0,2.0966
TS@FaFM,wfjsp16_3.txt,2,1118.0,46.9174,1097.0,1.9143
TS@FaFM,wfjsp16_3.txt,3,1117.0,30.4166,1097.0,1.8232
TS@FaFM,wfjsp16_3.txt,4,1111.0,87.3365,1097.0,1.2762
TS@FaFM,wfjsp16_3.txt,5,1111.0,67.4352,1097.0,1.2762
TS@FaFM,wfjsp16_4.txt,1,1111.0,58.0268,1074.0,3.4451
TS@FaFM,wfjsp16_4.txt,2,1117.0,26.6455,1074.0,4.0037
TS@FaFM,wfjsp16_4.txt,3,1109.0,43.4952,1074.0,3.2588
TS@FaFM,wfjsp16_4.txt,4,1121.0,36.3177,1074.0,4.3762
TS@FaFM,wfjsp16_4.txt,5,1127.0,22.4005,1074.0,4.9348
TS@FaFM,wfjsp16_5.txt,1,945.0,43.062,904.0,4.5354
TS@FaFM,wfjsp16_5.txt,2,932.0,37.7226,904.0,3.0973
TS@FaFM,wfjsp16_5.txt,3,939.0,19.8882,904.0,3.8717
TS@FaFM,wfjsp16_5.txt,4,932.0,45.3908,904.0,3.0973
TS@FaFM,wfjsp16_5.txt,5,933.0,20.3926,904.0,3.208
TS@FaFM,wfjsp16_6.txt,1,1274.0,60.7218,1222.0,4.2553
TS@FaFM,wfjsp16_6.txt,2,1268.0,43.6893,1222.0,3.7643
TS@FaFM,wfjsp16_6.txt,3,1260.0,61.5863,1222.0,3.1097
TS@FaFM,wfjsp16_6.txt,4,1262.0,47.2453,1222.0,3.2733
TS@FaFM,wfjsp16_6.txt,5,1268.0,43.8011,1222.0,3.7643
TS@FaFM,wfjsp16_7.txt,1,1111.0,45.398,1094.0,1.5539
TS@FaFM,wfjsp16_7.txt,2,1109.0,49.5482,1094.0,1.3711
TS@FaFM,wfjsp16_7.txt,3,1115.0,55.8523,1094.0,1.9196
TS@FaFM,wfjsp16_7.txt,4,1131.0,22.9757,1094.0,3.3821
TS@FaFM,wfjsp16_7.txt,5,1097.0,70.9342,1094.0,0.2742
TS@FaFM,wfjsp16_8.txt,1,1072.0,34.4411,1049.0,2.1926
TS@FaFM,wfjsp16_8.txt,2,1079.0,23.7182,1049.0,2.8599
TS@FaFM,wfjsp16_8.txt,3,1082.0,20.0393,1049.0,3.1459
TS@FaFM,wfjsp16_8.txt,4,1069.0,27.4635,1049.0,1.9066
TS@FaFM,wfjsp16_8.txt,5,1074.0,22.0866,1049.0,2.3832
TS@FaFM,wfjsp16_9.txt,1,1081.0,35.2021,1055.0,2.4645
TS@FaFM,wfjsp16_9.txt,2,1091.0,26.0624,1055.0,3.4123
TS@FaFM,wfjsp16_9.txt,3,1078.0,40.6806,1055.0,2.1801
TS@FaFM,wfjsp16_9.txt,4,1079.0,40.6355,1055.0,2.2749
TS@FaFM,wfjsp16_9.txt,5,1081.0,48.603,1055.0,2.4645
TS@FaFM,wfjsp17_1.txt,1,1624.0,20.9482,1585.0,2.4606
TS@FaFM,wfjsp17_1.txt,2,1623.0,25.9657,1585.0,2.3975
TS@FaFM,wfjsp17_1.txt,3,1615.0,16.1175,1585.0,1.8927
TS@FaFM,wfjsp17_1.txt,4,1622.0,12.4151,1585.0,2.3344
TS@FaFM,wfjsp17_1.txt,5,1619.0,18.8641,1585.0,2.1451
TS@FaFM,wfjsp17_10.txt,1,1765.0,10.8984,1750.0,0.8571
TS@FaFM,wfjsp17_10.txt,2,1771.0,24.1859,1750.0,1.2
TS@FaFM,wfjsp17_10.txt,3,1778.0,20.2922,1750.0,1.6
TS@FaFM,wfjsp17_10.txt,4,1779.0,13.3861,1750.0,1.6571
TS@FaFM,wfjsp17_10.txt,5,1771.0,23.3379,1750.0,1.2
TS@FaFM,wfjsp17_2.txt,1,1757.0,13.7476,1731.0,1.502
TS@FaFM,wfjsp17_2.txt,2,1762.0,14.4397,1731.0,1.7909
TS@FaFM,wfjsp17_2.txt,3,1754.0,20.5097,1731.0,1.3287
TS@FaFM,wfjsp17_2.txt,4,1759.0,15.5728,1731.0,1.6176
TS@FaFM,wfjsp17_2.txt,5,1759.0,23.0233,1731.0,1.6176
TS@FaFM,wfjsp17_3.txt,1,1862.0,26.1509,1836.0,1.4161
TS@FaFM,wfjsp17_3.txt,2,1885.0,19.6968,1836.0,2.6688
TS@FaFM,wfjsp17_3.txt,3,1857.0,16.2595,1836.0,1.1438
TS@FaFM,wfjsp17_3.txt,4,1847.0,43.6652,1836.0,0.5991
TS@FaFM,wfjsp17_3.txt,5,1851.0,24.5652,1836.0,0.817
TS@FaFM,wfjsp17_4.txt,1,1695.0,9.25779,1670.0,1.497
TS@FaFM,wfjsp17_4.txt,2,1687.0,15.5068,1670.0,1.018
TS@FaFM,wfjsp17_4.txt,3,1706.0,17.5132,1670.0,2.1557
TS@FaFM,wfjsp17_4.txt,4,1696.0,10.6729,1670.0,1.5569
TS@FaFM,wfjsp17_4.txt,5,1691.0,24.675,1670.0,1.2575
TS@FaFM,wfjsp17_5.txt,1,1569.0,13.5551,1558.0,0.706
TS@FaFM,wfjsp17_5.txt,2,1565.0,12.6057,1558.0,0.4493
TS@FaFM,wfjsp17_5.txt,3,1568.0,12.2181,1558.0,0.6418
TS@FaFM,wfjsp17_5.txt,4,1570.0,11.573,1558.0,0.7702
TS@FaFM,wfjsp17_5.txt,5,1560.0,21.8983,1558.0,0.1284
TS@FaFM,wfjsp17_6.txt,1,1720.0,19.9338,1708.0,0.7026
TS@FaFM,wfjsp17_6.txt,2,1720.0,21.3179,1708.0,0.7026
TS@FaFM,wfjsp17_6.txt,3,1723.0,13.7794,1708.0,0.8782
TS@FaFM,wfjsp17_6.txt,4,1730.0,21.8178,1708.0,1.2881
TS@FaFM,wfjsp17_6.txt,5,1725.0,24.1318,1708.0,0.9953
TS@FaFM,wfjsp17_7.txt,1,1624.0,22.5151,1598.0,1.627
TS@FaFM,wfjsp17_7.txt,2,1626.0,27.895,1598.0,1.7522
TS@FaFM,wfjsp17_7.txt,3,1626.0,11.3261,1598.0,1.7522
TS@FaFM,wfjsp17_7.txt,4,1620.0,22.482,1598.0,1.3767
TS@FaFM,wfjsp17_7.txt,5,1618.0,11.3592,1598.0,1.2516
TS@FaFM,wfjsp17_8.txt,1,1738.0,13.5759,1717.0,1.2231
TS@FaFM,wfjsp17_8.txt,2,1747.0,19.2771,1717.0,1.7472
TS@FaFM,wfjsp17_8.txt,3,1752.0,10.8464,1717.0,2.0384
TS@FaFM,wfjsp17_8.txt,4,1724.0,19.886,1717.0,0.4077
TS@FaFM,wfjsp17_8.txt,5,1744.0,25.1381,1717.0,1.5725
TS@FaFM,wfjsp17_9.txt,1,1626.0,11.877,1593.0,2.0716
TS@FaFM,wfjsp17_9.txt,2,1612.0,15.096,1593.0,1.1927
TS@FaFM,wfjsp17_9.txt,3,1617.0,15.4743,1593.0,1.5066
TS@FaFM,wfjsp17_9.txt,4,1624.0,13.5495,1593.0,1.946
TS@FaFM,wfjsp17_9.txt,5,1607.0,20.8758,1593.0,0.8788
TS@FaFM,wfjsp18_1.txt,1,950.0,33.2488,929.0,2.2605
TS@FaFM,wfjsp18_1.txt,2,953.0,8.94598,929.0,2.5834
TS@FaFM,wfjsp18_1.txt,3,955.0,8.98835,929.0,2.7987
TS@FaFM,wfjsp18_1.txt,4,956.0,8.90045,929.0,2.9064
TS@FaFM,wfjsp18_1.txt,5,954.0,17.9222,929.0,2.6911
TS@FaFM,wfjsp18_10.txt,1,1041.0,22.8793,1019.0,2.159
TS@FaFM,wfjsp18_10.txt,2,1039.0,13.4559,1019.0,1.9627
TS@FaFM,wfjsp18_10.txt,3,1045.0,21.7737,1019.0,2.5515
TS@FaFM,wfjsp18_10.txt,4,1041.0,10.0179,1019.0,2.159
TS@FaFM,wfjsp18_10.txt,5,1027.0,11.8287,1019.0,0.7851
TS@FaFM,wfjsp18_2.txt,1,1039.0,13.2498,1010.0,2.8713
TS@FaFM,wfjsp18_2.txt,2,1036.0,22.4785,1010.0,2.5743
TS@FaFM,wfjsp18_2.txt,3,1030.0,19.7212,1010.0,1.9802
TS@FaFM,wfjsp18_2.txt,4,1037.0,20.5311,1010.0,2.6733
TS@FaFM,wfjsp18_2.txt,5,1043.0,15.3199,1010.0,3.2673
TS@FaFM,wfjsp18_3.txt,1,1139.0,9.17503,1120.0,1.6964
TS@FaFM,wfjsp18_3.txt,2,1127.0,13.4057,1120.0,0.625
TS@FaFM,wfjsp18_3.txt,3,1134.0,13.4008,1120.0,1.25
TS@FaFM,wfjsp18_3.txt,4,1135.0,11.4855,1120.0,1.3393
TS@FaFM,wfjsp18_3.txt,5,1131.0,25.5006,1120.0,0.9821
TS@FaFM,wfjsp18_4.txt,1,1059.0,24.1357,1037.0,2.1215
TS@FaFM,wfjsp18_4.txt,2,1055.0,20.0207,1037.0,1.7358
TS@FaFM,wfjsp18_4.txt,3,1062.0,8.75278,1037.0,2.4108
TS@FaFM,wfjsp18_4.txt,4,1065.0,17.1316,1037.0,2.7001
TS@FaFM,wfjsp18_4.txt,5,1056.0,14.3403,1037.0,1.8322
TS@FaFM,wfjsp18_5.txt,1,874.0,31.5355,854.0,2.3419
TS@FaFM,wfjsp18_5.txt,2,890.0,7.21019,854.0,4.2155
TS@FaFM,wfjsp18_5.txt,3,880.0,18.8016,854.0,3.0445
TS@FaFM,wfjsp18_5.txt,4,883.0,10.8837,854.0,3.3958
TS@FaFM,wfjsp18_5.txt,5,872.0,19.1642,854.0,2.1077
TS@FaFM,wfjsp18_6.txt,1,1107.0,17.5914,1084.0,2.1218
TS@FaFM,wfjsp18_6.txt,2,1105.0,26.9236,1084.0,1.9373
TS@FaFM,wfjsp18_6.txt,3,1112.0,24.0131,1084.0,2.583
TS@FaFM,wfjsp18_6.txt,4,1116.0,16.1247,1084.0,2.952
TS@FaFM,wfjsp18_6.txt,5,1105.0,16.5172,1084.0,1.9373
TS@FaFM,wfjsp18_7.txt,1,1026.0,24.9989,1003.0,2.2931
TS@FaFM,wfjsp18_7.txt,2,1024.0,13.9622,1003.0,2.0937
TS@FaFM,wfjsp18_7.txt,3,1029.0,8.81276,1003.0,2.5922
TS@FaFM,wfjsp18_7.txt,4,1016.0,19.5673,1003.0,1.2961
TS@FaFM,wfjsp18_7.txt,5,1029.0,21.9981,1003.0,2.5922
TS@FaFM,wfjsp18_8.txt,1,1010.0,25.3175,990.0,2.0202
TS@FaFM,wfjsp18_8.txt,2,1012.0,20.6582,990.0,2.2222
TS@FaFM,wfjsp18_8.txt,3,1009.0,21.7611,990.0,1.9192
TS@FaFM,wfjsp18_8.txt,4,1006.0,12.853,990.0,1.6162
TS@FaFM,wfjsp18_8.txt,5,1006.0,25.9668,990.0,1.6162
TS@FaFM,wfjsp18_9.txt,1,955.0,19.3347,944.0,1.1653
TS@FaFM,wfjsp18_9.txt,2,954.0,18.4439,944.0,1.0593
TS@FaFM,wfjsp18_9.txt,3,966.0,11.8113,944.0,2.3305
TS@FaFM,wfjsp18_9.txt,4,976.0,9.6102,944.0,3.3898
TS@FaFM,wfjsp18_9.txt,5,969.0,21.3457,944.0,2.6483
TS@FaFM,wfjsp19_1.txt,1,1203.0,12.8275,1196.0,0.5853
TS@FaFM,wfjsp19_1.txt,2,1207.0,20.4749,1196.0,0.9197
TS@FaFM,wfjsp19_1.txt,3,1210.0,13.2274,1196.0,1.1706
TS@FaFM,wfjsp19_1.txt,4,1204.0,26.5759,1196.0,0.6689
TS@FaFM,wfjsp19_1.txt,5,1196.0,21.5894,1196.0,0.0
TS@FaFM,wfjsp19_10.txt,1,1377.0,9.04706,1351.0,1.9245
TS@FaFM,wfjsp19_10.txt,2,1371.0,9.56737,1351.0,1.4804
TS@FaFM,wfjsp19_10.txt,3,1363.0,26.0622,1351.0,0.8882
TS@FaFM,wfjsp19_10.txt,4,1374.0,11.5008,1351.0,1.7024
TS@FaFM,wfjsp19_10.txt,5,1368.0,21.9092,1351.0,1.2583
TS@FaFM,wfjsp19_2.txt,1,1484.0,13.0993,1471.0,0.8838
TS@FaFM,wfjsp19_2.txt,2,1480.0,19.8014,1471.0,0.6118
TS@FaFM,wfjsp19_2.txt,3,1481.0,19.3861,1471.0,0.6798
TS@FaFM,wfjsp19_2.txt,4,1470.0,22.2272,1471.0,-0.068
TS@FaFM,wfjsp19_2.txt,5,1473.0,18.2572,1471.0,0.136
TS@FaFM,wfjsp19_3.txt,1,1428.0,42.6621,1406.0,1.5647
TS@FaFM,wfjsp19_3.txt,2,1435.0,29.183,1406.0,2.0626
TS@FaFM,wfjsp19_3.txt,3,1453.0,11.0652,1406.0,3.3428
TS@FaFM,wfjsp19_3.txt,4,1420.0,27.0308,1406.0,0.9957
TS@FaFM,wfjsp19_3.txt,5,1437.0,36.4103,1406.0,2.2048
TS@FaFM,wfjsp19_4.txt,1,1422.0,18.5706,1398.0,1.7167
TS@FaFM,wfjsp19_4.txt,2,1408.0,35.553,1398.0,0.7153
TS@FaFM,wfjsp19_4.txt,3,1407.0,25.2245,1398.0,0.6438
TS@FaFM,wfjsp19_4.txt,4,1412.0,28.2644,1398.0,1.0014
TS@FaFM,wfjsp19_4.txt,5,1420.0,9.86139,1398.0,1.5737
TS@FaFM,wfjsp19_5.txt,1,1455.0,24.7465,1444.0,0.7618
TS@FaFM,wfjsp19_5.txt,2,1464.0,20.4853,1444.0,1.385
TS@FaFM,wfjsp19_5.txt,3,1463.0,11.6887,1444.0,1.3158
TS@FaFM,wfjsp19_5.txt,4,1462.0,20.1283,1444.0,1.2465
TS@FaFM,wfjsp19_5.txt,5,1458.0,12.0697,1444.0,0.9695
TS@FaFM,wfjsp19_6.txt,1,1183.0,8.73466,1158.0,2.1589
TS@FaFM,wfjsp19_6.txt,2,1165.0,8.56969,1158.0,0.6045
TS@FaFM,wfjsp19_6.txt,3,1178.0,10.9961,1158.0,1.7271
TS@FaFM,wfjsp19_6.txt,4,1173.0,25.9523,1158.0,1.2953
TS@FaFM,wfjsp19_6.txt,5,1178.0,15.4765,1158.0,1.7271
TS@FaFM,wfjsp19_7.txt,1,1262.0,21.5792,1236.0,2.1036
TS@FaFM,wfjsp19_7.txt,2,1254.0,19.8398,1236.0,1.4563
TS@FaFM,wfjsp19_7.txt,3,1269.0,12.6904,1236.0,2.6699
TS@FaFM,wfjsp19_7.txt,4,1246.0,43.1954,1236.0,0.8091
TS@FaFM,wfjsp19_7.txt,5,1251.0,38.0323,1236.0,1.2136
TS@FaFM,wfjsp19_8.txt,1,1279.0,28.2077,1250.0,2.32
TS@FaFM,wfjsp19_8.txt,2,1281.0,10.8999,1250.0,2.48
TS@FaFM,wfjsp19_8.txt,3,1275.0,18.4133,1250.0,2.0
TS@FaFM,wfjsp19_8.txt,4,1272.0,17.6138,1250.0,1.76
TS@FaFM,wfjsp19_8.txt,5,1263.0,16.9615,1250.0,1.04
TS@FaFM,wfjsp19_9.txt,1,1403.0,15.4055,1388.0,1.0807
TS@FaFM,wfjsp19_9.txt,2,1388.0,35.0101,1388.0,0.0
TS@FaFM,wfjsp19_9.txt,3,1402.0,21.0071,1388.0,1.0086
TS@FaFM,wfjsp19_9.txt,4,1397.0,40.6202,1388.0,0.6484
TS@FaFM,wfjsp19_9.txt,5,1387.0,20.6263,1388.0,-0.072
TS@FaFM,wfjsp1_1.txt,1,268.0,0.293218,268.0,0.0
TS@FaFM,wfjsp1_1.txt,2,268.0,0.382232,268.0,0.0
TS@FaFM,wfjsp1_1.txt,3,268.0,0.461722,268.0,0.0
TS@FaFM,wfjsp1_1.txt,4,268.0,0.521868,268.0,0.0
TS@FaFM,wfjsp1_1.txt,5,268.0,0.317864,268.0,0.0
TS@FaFM,wfjsp1_10.txt,1,317.0,0.233244,316.0,0.3165
TS@FaFM,wfjsp1_10.txt,2,316.0,0.429239,316.0,0.0
TS@FaFM,wfjsp1_10.txt,3,317.0,0.214357,316.0,0.3165
TS@FaFM,wfjsp1_10.txt,4,316.0,0.270316,316.0,0.0
TS@FaFM,wfjsp1_10.txt,5,316.0,0.398578,316.0,0.0
TS@FaFM,wfjsp1_2.txt,1,287.0,0.24598,287.0,0.0
TS@FaFM,wfjsp1_2.txt,2,287.0,0.289308,287.0,0.0
TS@FaFM,wfjsp1_2.txt,3,287.0,0.256883,287.0,0.0
TS@FaFM,wfjsp1_2.txt,4,287.0,0.260067,287.0,0.0
TS@FaFM,wfjsp1_2.txt,5,287.0,0.28328,287.0,0.0
TS@FaFM,wfjsp1_3.txt,1,347.0,0.332018,347.0,0.0
TS@FaFM,wfjsp1_3.txt,2,350.0,0.373125,347.0,0.8646
TS@FaFM,wfjsp1_3.txt,3,347.0,0.287751,347.0,0.0
TS@FaFM,wfjsp1_3.txt,4,347.0,0.333447,347.0,0.0
TS@FaFM,wfjsp1_3.txt,5,347.0,0.351479,347.0,0.0
TS@FaFM,wfjsp1_4.txt,1,315.0,0.453384,315.0,0.0
TS@FaFM,wfjsp1_4.txt,2,315.0,0.329861,315.0,0.0
TS@FaFM,wfjsp1_4.txt,3,315.0,0.575981,315.0,0.0
TS@FaFM,wfjsp1_4.txt,4,315.0,0.366729,315.0,0.0
TS@FaFM,wfjsp1_4.txt,5,315.0,0.545707,315.0,0.0
TS@FaFM,wfjsp1_5.txt,1,265.0,0.207654,265.0,0.0
TS@FaFM,wfjsp1_5.txt,2,265.0,0.216363,265.0,0.0
TS@FaFM,wfjsp1_5.txt,3,265.0,0.184611,265.0,0.0
TS@FaFM,wfjsp1_5.txt,4,265.0,0.277684,265.0,0.0
TS@FaFM,wfjsp1_5.txt,5,265.0,0.2155,265.0,0.0
TS@FaFM,wfjsp1_6.txt,1,292.0,0.354048,291.0,0.3436
TS@FaFM,wfjsp1_6.txt,2,292.0,0.241371,291.0,0.3436
TS@FaFM,wfjsp1_6.txt,3,291.0,0.214733,291.0,0.0
TS@FaFM,wfjsp1_6.txt,4,292.0,0.240644,291.0,0.3436
TS@FaFM,wfjsp1_6.txt,5,292.0,0.227886,291.0,0.3436
TS@FaFM,wfjsp1_7.txt,1,268.0,0.408616,265.0,1.1321
TS@FaFM,wfjsp1_7.txt,2,265.0,0.403556,265.0,0.0
TS@FaFM,wfjsp1_7.txt,3,268.0,0.389202,265.0,1.1321
TS@FaFM,wfjsp1_7.txt,4,269.0,0.437009,265.0,1.5094
TS@FaFM,wfjsp1_7.txt,5,266.0,0.68473,265.0,0.3774
TS@FaFM,wfjsp1_8.txt,1,328.0,0.298249,328.0,0.0
TS@FaFM,wfjsp1_8.txt,2,328.0,0.294268,328.0,0.0
TS@FaFM,wfjsp1_8.txt,3,328.0,0.265521,328.0,0.0
TS@FaFM,wfjsp1_8.txt,4,328.0,0.29158,328.0,0.0
TS@FaFM,wfjsp1_8.txt,5,328.0,0.27558,328.0,0.0
TS@FaFM,wfjsp1_9.txt,1,252.0,0.16305,252.0,0.0
TS@FaFM,wfjsp1_9.txt,2,252.0,0.177655,252.0,0.0
TS@FaFM,wfjsp1_9.txt,3,252.0,0.167992,252.0,0.0
TS@FaFM,wfjsp1_9.txt,4,252.0,0.182742,252.0,0.0
TS@FaFM,wfjsp1_9.txt,5,252.0,0.177185,252.0,0.0
TS@FaFM,wfjsp20_1.txt,1,1109.0,13.5814,1105.0,0.362
TS@FaFM,wfjsp20_1.txt,2,1099.0,14.401,1105.0,-0.543
TS@FaFM,wfjsp20_1.txt,3,1108.0,8.35304,1105.0,0.2715
TS@FaFM,wfjsp20_1.txt,4,1100.0,15.5143,1105.0,-0.4525
TS@FaFM,wfjsp20_1.txt,5,1113.0,13.8572,1105.0,0.724
TS@FaFM,wfjsp20_10.txt,1,1367.0,17.757,1362.0,0.3671
TS@FaFM,wfjsp20_10.txt,2,1376.0,12.0256,1362.0,1.0279
TS@FaFM,wfjsp20_10.txt,3,1381.0,17.4746,1362.0,1.395
TS@FaFM,wfjsp20_10.txt,4,1380.0,17.3143,1362.0,1.3216
TS@FaFM,wfjsp20_10.txt,5,1370.0,17.3763,1362.0,0.5874
TS@FaFM,wfjsp20_2.txt,1,1251.0,23.8709,1221.0,2.457
TS@FaFM,wfjsp20_2.txt,2,1247.0,10.0713,1221.0,2.1294
TS@FaFM,wfjsp20_2.txt,3,1255.0,15.2386,1221.0,2.7846
TS@FaFM,wfjsp20_2.txt,4,1246.0,17.4683,1221.0,2.0475
TS@FaFM,wfjsp20_2.txt,5,1259.0,15.2302,1221.0,3.1122
TS@FaFM,wfjsp20_3.txt,1,1367.0,13.7874,1328.0,2.9367
TS@FaFM,wfjsp20_3.txt,2,1337.0,16.8577,1328.0,0.6777
TS@FaFM,wfjsp20_3.txt,3,1344.0,24.9124,1328.0,1.2048
TS@FaFM,wfjsp20_3.txt,4,1362.0,14.9238,1328.0,2.5602
TS@FaFM,wfjsp20_3.txt,5,1343.0,28.1934,1328.0,1.1295
TS@FaFM,wfjsp20_4.txt,1,1277.0,24.7054,1259.0,1.4297
TS@FaFM,wfjsp20_4.txt,2,1276.0,23.6375,1259.0,1.3503
TS@FaFM,wfjsp20_4.txt,3,1284.0,9.60634,1259.0,1.9857
TS@FaFM,wfjsp20_4.txt,4,1273.0,17.3505,1259.0,1.112
TS@FaFM,wfjsp20_4.txt,5,1263.0,27.4246,1259.0,0.3177
TS@FaFM,wfjsp20_5.txt,1,1078.0,14.9185,1058.0,1.8904
TS@FaFM,wfjsp20_5.txt,2,1082.0,10.791,1058.0,2.2684
TS@FaFM,wfjsp20_5.txt,3,1079.0,9.0476,1058.0,1.9849
TS@FaFM,wfjsp20_5.txt,4,1082.0,8.62881,1058.0,2.2684
TS@FaFM,wfjsp20_5.txt,5,1079.0,8.42995,1058.0,1.9849
TS@FaFM,wfjsp20_6.txt,1,1417.0,21.0906,1381.0,2.6068
TS@FaFM,wfjsp20_6.txt,2,1410.0,25.5218,1381.0,2.0999
TS@FaFM,wfjsp20_6.txt,3,1426.0,9.95645,1381.0,3.2585
TS@FaFM,wfjsp20_6.txt,4,1399.0,33.7733,1381.0,1.3034
TS@FaFM,wfjsp20_6.txt,5,1416.0,17.0054,1381.0,2.5344
TS@FaFM,wfjsp20_7.txt,1,1235.0,14.9107,1224.0,0.8987
TS@FaFM,wfjsp20_7.txt,2,1248.0,11.7236,1224.0,1.9608
TS@FaFM,wfjsp20_7.txt,3,1240.0,19.4178,1224.0,1.3072
TS@FaFM,wfjsp20_7.txt,4,1246.0,14.0462,1224.0,1.7974
TS@FaFM,wfjsp20_7.txt,5,1227.0,27.2593,1224.0,0.2451
TS@FaFM,wfjsp20_8.txt,1,1207.0,24.7351,1183.0,2.0287
TS@FaFM,wfjsp20_8.txt,2,1203.0,14.7314,1183.0,1.6906
TS@FaFM,wfjsp20_8.txt,3,1207.0,9.23789,1183.0,2.0287
TS@FaFM,wfjsp20_8.txt,4,1204.0,18.3731,1183.0,1.7751
TS@FaFM,wfjsp20_8.txt,5,1205.0,18.5284,1183.0,1.8597
TS@FaFM,wfjsp20_9.txt,1,1218.0,11.2253,1200.0,1.5
TS@FaFM,wfjsp20_9.txt,2,1218.0,20.1019,1200.0,1.5
TS@FaFM,wfjsp20_9.txt,3,1220.0,29.9816,1200.0,1.6667
TS@FaFM,wfjsp20_9.txt,4,1217.0,21.9127,1200.0,1.4167
TS@FaFM,wfjsp20_9.txt,5,1212.0,21.8183,1200.0,1.0
TS@FaFM,wfjsp21_1.txt,1,1043.0,36.94,1049.0,-0.572
TS@FaFM,wfjsp21_1.txt,2,1045.0,36.0655,1049.0,-0.3813
TS@FaFM,wfjsp21_1.txt,3,1047.0,28.3784,1049.0,-0.1907
TS@FaFM,wfjsp21_1.txt,4,1054.0,30.8777,1049.0,0.4766
TS@FaFM,wfjsp21_1.txt,5,1069.0,12.3838,1049.0,1.9066
TS@FaFM,wfjsp21_10.txt,1,1134.0,21.5866,1120.0,1.25
TS@FaFM,wfjsp21_10.txt,2,1136.0,27.9633,1120.0,1.4286
TS@FaFM,wfjsp21_10.txt,3,1137.0,16.9006,1120.0,1.5179
TS@FaFM,wfjsp21_10.txt,4,1143.0,14.053,1120.0,2.0536
TS@FaFM,wfjsp21_10.txt,5,1138.0,27.9897,1120.0,1.6071
TS@FaFM,wfjsp21_2.txt,1,1188.0,27.6784,1171.0,1.4518
TS@FaFM,wfjsp21_2.txt,2,1182.0,26.1327,1171.0,0.9394
TS@FaFM,wfjsp21_2.txt,3,1168.0,46.3343,1171.0,-0.2562
TS@FaFM,wfjsp21_2.txt,4,1186.0,28.4135,1171.0,1.281
TS@FaFM,wfjsp21_2.txt,5,1185.0,29.466,1171.0,1.1956
TS@FaFM,wfjsp21_3.txt,1,1081.0,21.9441,1046.0,3.3461
TS@FaFM,wfjsp21_3.txt,2,1069.0,24.7034,1046.0,2.1989
TS@FaFM,wfjsp21_3.txt,3,1062.0,20.0743,1046.0,1.5296
TS@FaFM,wfjsp21_3.txt,4,1068.0,27.5247,1046.0,2.1033
TS@FaFM,wfjsp21_3.txt,5,1059.0,24.967,1046.0,1.2428
TS@FaFM,wfjsp21_4.txt,1,1102.0,36.2241,1095.0,0.6393
TS@FaFM,wfjsp21_4.txt,2,1103.0,19.4365,1095.0,0.7306
TS@FaFM,wfjsp21_4.txt,3,1097.0,30.889,1095.0,0.1826
TS@FaFM,wfjsp21_4.txt,4,1102.0,18.1279,1095.0,0.6393
TS@FaFM,wfjsp21_4.txt,5,1100.0,25.9789,1095.0,0.4566
TS@FaFM,wfjsp21_5.txt,1,998.0,22.2787,984.0,1.4228
TS@FaFM,wfjsp21_5.txt,2,991.0,29.9219,984.0,0.7114
TS@FaFM,wfjsp21_5.txt,3,997.0,15.5182,984.0,1.3211
TS@FaFM,wfjsp21_5.txt,4,990.0,18.1886,984.0,0.6098
TS@FaFM,wfjsp21_5.txt,5,988.0,20.8229,984.0,0.4065
TS@FaFM,wfjsp21_6.txt,1,1199.0,28.1059,1204.0,-0.4153
TS@FaFM,wfjsp21_6.txt,2,1201.0,30.3419,1204.0,-0.2492
TS@FaFM,wfjsp21_6.txt,3,1212.0,14.4742,1204.0,0.6645
TS@FaFM,wfjsp21_6.txt,4,1212.0,26.0026,1204.0,0.6645
TS@FaFM,wfjsp21_6.txt,5,1210.0,30.6657,1204.0,0.4983
TS@FaFM,wfjsp21_7.txt,1,1050.0,18.2871,1015.0,3.4483
TS@FaFM,wfjsp21_7.txt,2,1048.0,28.775,1015.0,3.2512
TS@FaFM,wfjsp21_7.txt,3,1052.0,17.4538,1015.0,3.6453
TS@FaFM,wfjsp21_7.txt,4,1058.0,18.0522,1015.0,4.2365
TS@FaFM,wfjsp21_7.txt,5,1044.0,25.028,1015.0,2.8571
TS@FaFM,wfjsp21_8.txt,1,1077.0,35.7892,1088.0,-1.011
TS@FaFM,wfjsp21_8.txt,2,1078.0,28.1504,1088.0,-0.9191
TS@FaFM,wfjsp21_8.txt,3,1086.0,23.4585,1088.0,-0.1838
TS@FaFM,wfjsp21_8.txt,4,1075.0,25.5352,1088.0,-1.1949
TS@FaFM,wfjsp21_8.txt,5,1090.0,37.4958,1088.0,0.1838
TS@FaFM,wfjsp21_9.txt,1,1169.0,17.5649,1129.0,3.543
TS@FaFM,wfjsp21_9.txt,2,1170.0,18.3115,1129.0,3.6315
TS@FaFM,wfjsp21_9.txt,3,1166.0,36.6648,1129.0,3.2772
TS@FaFM,wfjsp21_9.txt,4,1177.0,14.9747,1129.0,4.2516
TS@FaFM,wfjsp21_9.txt,5,1168.0,19.2268,1129.0,3.4544
TS@FaFM,wfjsp22_1.txt,1,897.0,13.3699,903.0,-0.6645
TS@FaFM,wfjsp22_1.txt,2,919.0,12.3562,903.0,1.7719
TS@FaFM,wfjsp22_1.txt,3,901.0,16.7963,903.0,-0.2215
TS@FaFM,wfjsp22_1.txt,4,904.0,12.8696,903.0,0.1107
TS@FaFM,wfjsp22_1.txt,5,894.0,24.6802,903.0,-0.9967
TS@FaFM,wfjsp22_10.txt,1,1075.0,30.881,1084.0,-0.8303
TS@FaFM,wfjsp22_10.txt,2,1074.0,31.8502,1084.0,-0.9225
TS@FaFM,wfjsp22_10.txt,3,1085.0,15.8032,1084.0,0.0923
TS@FaFM,wfjsp22_10.txt,4,1084.0,17.1556,1084.0,0.0
TS@FaFM,wfjsp22_10.txt,5,1080.0,24.9625,1084.0,-0.369
TS@FaFM,wfjsp22_2.txt,1,971.0,15.8231,957.0,1.4629
TS@FaFM,wfjsp22_2.txt,2,977.0,21.338,957.0,2.0899
TS@FaFM,wfjsp22_2.txt,3,981.0,22.4494,957.0,2.5078
TS@FaFM,wfjsp22_2.txt,4,974.0,15.6248,957.0,1.7764
TS@FaFM,wfjsp22_2.txt,5,971.0,20.5596,957.0,1.4629
TS@FaFM,wfjsp22_3.txt,1,1034.0,37.6823,1024.0,0.9766
TS@FaFM,wfjsp22_3.txt,2,1030.0,23.4775,1024.0,0.5859
TS@FaFM,wfjsp22_3.txt,3,1037.0,12.8852,1024.0,1.2695
TS@FaFM,wfjsp22_3.txt,4,1030.0,22.7134,1024.0,0.5859
TS@FaFM,wfjsp22_3.txt,5,1031.0,22.6618,1024.0,0.6836
TS@FaFM,wfjsp22_4.txt,1,988.0,22.7686,989.0,-0.1011
TS@FaFM,wfjsp22_4.txt,2,989.0,18.97,989.0,0.0
TS@FaFM,wfjsp22_4.txt,3,986.0,23.9278,989.0,-0.3033
TS@FaFM,wfjsp22_4.txt,4,991.0,14.2779,989.0,0.2022
TS@FaFM,wfjsp22_4.txt,5,982.0,14.3092,989.0,-0.7078
TS@FaFM,wfjsp22_5.txt,1,875.0,28.5465,874.0,0.1144
TS@FaFM,wfjsp22_5.txt,2,890.0,16.8435,874.0,1.8307
TS@FaFM,wfjsp22_5.txt,3,883.0,14.5397,874.0,1.0297
TS@FaFM,wfjsp22_5.txt,4,888.0,18.453,874.0,1.6018
TS@FaFM,wfjsp22_5.txt,5,880.0,29.0921,874.0,0.6865
TS@FaFM,wfjsp22_6.txt,1,1122.0,33.5124,1114.0,0.7181
TS@FaFM,wfjsp22_6.txt,2,1120.0,30.841,1114.0,0.5386
TS@FaFM,wfjsp22_6.txt,3,1106.0,25.861,1114.0,-0.7181
TS@FaFM,wfjsp22_6.txt,4,1121.0,25.9639,1114.0,0.6284
TS@FaFM,wfjsp22_6.txt,5,1120.0,25.8733,1114.0,0.5386
TS@FaFM,wfjsp22_7.txt,1,1007.0,14.4922,994.0,1.3078
TS@FaFM,wfjsp22_7.txt,2,1000.0,20.2926,994.0,0.6036
TS@FaFM,wfjsp22_7.txt,3,1009.0,12.9277,994.0,1.5091
TS@FaFM,wfjsp22_7.txt,4,1009.0,11.9586,994.0,1.5091
TS@FaFM,wfjsp22_7.txt,5,999.0,34.2933,994.0,0.503
TS@FaFM,wfjsp22_8.txt,1,965.0,20.2944,946.0,2.0085
TS@FaFM,wfjsp22_8.txt,2,970.0,17.8062,946.0,2.537
TS@FaFM,wfjsp22_8.txt,3,963.0,21.5941,946.0,1.797
TS@FaFM,wfjsp22_8.txt,4,961.0,21.9721,946.0,1.5856
TS@FaFM,wfjsp22_8.txt,5,978.0,12.2569,946.0,3.3827
TS@FaFM,wfjsp22_9.txt,1,957.0,13.3256,944.0,1.3771
TS@FaFM,wfjsp22_9.txt,2,954.0,26.6027,944.0,1.0593
TS@FaFM,wfjsp22_9.txt,3,958.0,14.8031,944.0,1.4831
TS@FaFM,wfjsp22_9.txt,4,957.0,18.6511,944.0,1.3771
TS@FaFM,wfjsp22_9.txt,5,960.0,24.8275,944.0,1.6949
TS@FaFM,wfjsp23_1.txt,1,1553.0,27.2095,1519.0,2.2383
TS@FaFM,wfjsp23_1.txt,2,1542.0,38.4071,1519.0,1.5142
TS@FaFM,wfjsp23_1.txt,3,1565.0,31.2391,1519.0,3.0283
TS@FaFM,wfjsp23_1.txt,4,1552.0,43.8555,1519.0,2.1725
TS@FaFM,wfjsp23_1.txt,5,1557.0,22.9646,1519.0,2.5016
TS@FaFM,wfjsp23_10.txt,1,1756.0,45.1063,1727.0,1.6792
TS@FaFM,wfjsp23_10.txt,2,1765.0,39.3775,1727.0,2.2003
TS@FaFM,wfjsp23_10.txt,3,1762.0,57.6907,1727.0,2.0266
TS@FaFM,wfjsp23_10.txt,4,1756.0,34.9116,1727.0,1.6792
TS@FaFM,wfjsp23_10.txt,5,1749.0,57.1185,1727.0,1.2739
TS@FaFM,wfjsp23_2.txt,1,1620.0,23.0496,1595.0,1.5674
TS@FaFM,wfjsp23_2.txt,2,1626.0,23.8055,1595.0,1.9436
TS@FaFM,wfjsp23_2.txt,3,1612.0,50.0866,1595.0,1.0658
TS@FaFM,wfjsp23_2.txt,4,1616.0,39.2895,1595.0,1.3166
TS@FaFM,wfjsp23_2.txt,5,1606.0,41.0037,1595.0,0.6897
TS@FaFM,wfjsp23_3.txt,1,1675.0,41.4545,1657.0,1.0863
TS@FaFM,wfjsp23_3.txt,2,1671.0,38.6329,1657.0,0.8449
TS@FaFM,wfjsp23_3.txt,3,1666.0,46.1006,1657.0,0.5432
TS@FaFM,wfjsp23_3.txt,4,1681.0,35.3654,1657.0,1.4484
TS@FaFM,wfjsp23_3.txt,5,1683.0,31.9163,1657.0,1.5691
TS@FaFM,wfjsp23_4.txt,1,1596.0,44.9571,1572.0,1.5267
TS@FaFM,wfjsp23_4.txt,2,1604.0,27.5595,1572.0,2.0356
TS@FaFM,wfjsp23_4.txt,3,1600.0,36.5307,1572.0,1.7812
TS@FaFM,wfjsp23_4.txt,4,1597.0,37.1527,1572.0,1.5903
TS@FaFM,wfjsp23_4.txt,5,1605.0,22.4008,1572.0,2.0992
TS@FaFM,wfjsp23_5.txt,1,1492.0,44.8282,1488.0,0.2688
TS@FaFM,wfjsp23_5.txt,2,1500.0,21.8065,1488.0,0.8065
TS@FaFM,wfjsp23_5.txt,3,1486.0,42.5071,1488.0,-0.1344
TS@FaFM,wfjsp23_5.txt,4,1492.0,44.7666,1488.0,0.2688
TS@FaFM,wfjsp23_5.txt,5,1486.0,58.9877,1488.0,-0.1344
TS@FaFM,wfjsp23_6.txt,1,1881.0,23.421,1866.0,0.8039
TS@FaFM,wfjsp23_6.txt,2,1876.0,30.1733,1866.0,0.5359
TS@FaFM,wfjsp23_6.txt,3,1867.0,40.1949,1866.0,0.0536
TS@FaFM,wfjsp23_6.txt,4,1873.0,64.4412,1866.0,0.3751
TS@FaFM,wfjsp23_6.txt,5,1887.0,25.7833,1866.0,1.1254
TS@FaFM,wfjsp23_7.txt,1,1610.0,56.0244,1601.0,0.5621
TS@FaFM,wfjsp23_7.txt,2,1633.0,21.6779,1601.0,1.9988
TS@FaFM,wfjsp23_7.txt,3,1616.0,74.8007,1601.0,0.9369
TS@FaFM,wfjsp23_7.txt,4,1615.0,50.9196,1601.0,0.8745
TS@FaFM,wfjsp23_7.txt,5,1615.0,45.6719,1601.0,0.8745
TS@FaFM,wfjsp23_8.txt,1,1609.0,79.3711,1597.0,0.7514
TS@FaFM,wfjsp23_8.txt,2,1617.0,46.532,1597.0,1.2523
TS@FaFM,wfjsp23_8.txt,3,1605.0,53.7877,1597.0,0.5009
TS@FaFM,wfjsp23_8.txt,4,1616.0,36.3638,1597.0,1.1897
TS@FaFM,wfjsp23_8.txt,5,1615.0,53.2754,1597.0,1.1271
TS@FaFM,wfjsp23_9.txt,1,1595.0,50.1827,1582.0,0.8217
TS@FaFM,wfjsp23_9.txt,2,1586.0,61.7751,1582.0,0.2528
TS@FaFM,wfjsp23_9.txt,3,1580.0,79.487,1582.0,-0.1264
TS@FaFM,wfjsp23_9.txt,4,1599.0,50.0281,1582.0,1.0746
TS@FaFM,wfjsp23_9.txt,5,1585.0,55.7679,1582.0,0.1896
TS@FaFM,wfjsp24_1.txt,1,1197.0,32.7831,1201.0,-0.3331
TS@FaFM,wfjsp24_1.txt,2,1200.0,22.0533,1201.0,-0.0833
TS@FaFM,wfjsp24_1.txt,3,1205.0,15.6202,1201.0,0.3331
TS@FaFM,wfjsp24_1.txt,4,1196.0,22.4092,1201.0,-0.4163
TS@FaFM,wfjsp24_1.txt,5,1203.0,20.0951,1201.0,0.1665
TS@FaFM,wfjsp24_10.txt,1,1409.0,30.4927,1407.0,0.1421
TS@FaFM,wfjsp24_10.txt,2,1400.0,25.3994,1407.0,-0.4975
TS@FaFM,wfjsp24_10.txt,3,1398.0,21.8651,1407.0,-0.6397
TS@FaFM,wfjsp24_10.txt,4,1410.0,22.5457,1407.0,0.2132
TS@FaFM,wfjsp24_10.txt,5,1407.0,31.9962,1407.0,0.0
TS@FaFM,wfjsp24_2.txt,1,1233.0,53.1129,1220.0,1.0656
TS@FaFM,wfjsp24_2.txt,2,1241.0,25.8899,1220.0,1.7213
TS@FaFM,wfjsp24_2.txt,3,1240.0,31.4441,1220.0,1.6393
TS@FaFM,wfjsp24_2.txt,4,1234.0,36.5268,1220.0,1.1475
TS@FaFM,wfjsp24_2.txt,5,1240.0,20.3413,1220.0,1.6393
TS@FaFM,wfjsp24_3.txt,1,1329.0,29.1672,1330.0,-0.0752
TS@FaFM,wfjsp24_3.txt,2,1335.0,39.355,1330.0,0.3759
TS@FaFM,wfjsp24_3.txt,3,1328.0,41.4445,1330.0,-0.1504
TS@FaFM,wfjsp24_3.txt,4,1320.0,37.9539,1330.0,-0.7519
TS@FaFM,wfjsp24_3.txt,5,1336.0,37.9655,1330.0,0.4511
TS@FaFM,wfjsp24_4.txt,1,1322.0,28.0762,1300.0,1.6923
TS@FaFM,wfjsp24_4.txt,2,1303.0,50.0394,1300.0,0.2308
TS@FaFM,wfjsp24_4.txt,3,1320.0,25.8465,1300.0,1.5385
TS@FaFM,wfjsp24_4.txt,4,1316.0,25.7798,1300.0,1.2308
TS@FaFM,wfjsp24_4.txt,5,1311.0,39.2566,1300.0,0.8462
TS@FaFM,wfjsp24_5.txt,1,1122.0,43.8577,1113.0,0.8086
TS@FaFM,wfjsp24_5.txt,2,1132.0,15.5393,1113.0,1.7071
TS@FaFM,wfjsp24_5.txt,3,1124.0,34.7615,1113.0,0.9883
TS@FaFM,wfjsp24_5.txt,4,1113.0,40.8442,1113.0,0.0
TS@FaFM,wfjsp24_5.txt,5,1123.0,39.539,1113.0,0.8985
TS@FaFM,wfjsp24_6.txt,1,1481.0,25.489,1487.0,-0.4035
TS@FaFM,wfjsp24_6.txt,2,1497.0,34.3909,1487.0,0.6725
TS@FaFM,wfjsp24_6.txt,3,1490.0,29.0406,1487.0,0.2017
TS@FaFM,wfjsp24_6.txt,4,1492.0,40.6394,1487.0,0.3362
TS@FaFM,wfjsp24_6.txt,5,1497.0,41.1075,1487.0,0.6725
TS@FaFM,wfjsp24_7.txt,1,1307.0,32.9196,1312.0,-0.3811
TS@FaFM,wfjsp24_7.txt,2,1296.0,72.5457,1312.0,-1.2195
TS@FaFM,wfjsp24_7.txt,3,1320.0,17.5089,1312.0,0.6098
TS@FaFM,wfjsp24_7.txt,4,1306.0,16.882,1312.0,-0.4573
TS@FaFM,wfjsp24_7.txt,5,1319.0,18.0609,1312.0,0.5335
TS@FaFM,wfjsp24_8.txt,1,1276.0,29.1231,1263.0,1.0293
TS@FaFM,wfjsp24_8.txt,2,1273.0,29.2051,1263.0,0.7918
TS@FaFM,wfjsp24_8.txt,3,1264.0,25.7345,1263.0,0.0792
TS@FaFM,wfjsp24_8.txt,4,1278.0,28.2481,1263.0,1.1876
TS@FaFM,wfjsp24_8.txt,5,1277.0,34.4536,1263.0,1.1085
TS@FaFM,wfjsp24_9.txt,1,1277.0,34.2397,1269.0,0.6304
TS@FaFM,wfjsp24_9.txt,2,1259.0,25.6591,1269.0,-0.788
TS@FaFM,wfjsp24_9.txt,3,1262.0,35.5997,1269.0,-0.5516
TS@FaFM,wfjsp24_9.txt,4,1257.0,63.4084,1269.0,-0.9456
TS@FaFM,wfjsp24_9.txt,5,1264.0,23.4117,1269.0,-0.394
TS@FaFM,wfjsp2_1.txt,1,336.0,0.715994,336.0,0.0
TS@FaFM,wfjsp2_1.txt,2,336.0,0.43933,336.0,0.0
TS@FaFM,wfjsp2_1.txt,3,336.0,0.40448,336.0,0.0
TS@FaFM,wfjsp2_1.txt,4,336.0,0.433083,336.0,0.0
TS@FaFM,wfjsp2_1.txt,5,336.0,0.59796,336.0,0.0
TS@FaFM,wfjsp2_10.txt,1,489.0,0.637203,489.0,0.0
TS@FaFM,wfjsp2_10.txt,2,490.0,0.42206,489.0,0.2045
TS@FaFM,wfjsp2_10.txt,3,490.0,0.407006,489.0,0.2045
TS@FaFM,wfjsp2_10.txt,4,491.0,0.631509,489.0,0.409
TS@FaFM,wfjsp2_10.txt,5,490.0,0.425518,489.0,0.2045
TS@FaFM,wfjsp2_2.txt,1,372.0,0.430916,368.0,1.087
TS@FaFM,wfjsp2_2.txt,2,369.0,0.430491,368.0,0.2717
TS@FaFM,wfjsp2_2.txt,3,370.0,0.373849,368.0,0.5435
TS@FaFM,wfjsp2_2.txt,4,372.0,0.410456,368.0,1.087
TS@FaFM,wfjsp2_2.txt,5,369.0,0.417858,368.0,0.2717
TS@FaFM,wfjsp2_3.txt,1,421.0,0.456471,421.0,0.0
TS@FaFM,wfjsp2_3.txt,2,421.0,0.509449,421.0,0.0
TS@FaFM,wfjsp2_3.txt,3,421.0,0.456766,421.0,0.0
TS@FaFM,wfjsp2_3.txt,4,421.0,0.503573,421.0,0.0
TS@FaFM,wfjsp2_3.txt,5,421.0,0.49244,421.0,0.0
TS@FaFM,wfjsp2_4.txt,1,380.0,0.569016,378.0,0.5291
TS@FaFM,wfjsp2_4.txt,2,380.0,0.516685,378.0,0.5291
TS@FaFM,wfjsp2_4.txt,3,380.0,1.06737,378.0,0.5291
TS@FaFM,wfjsp2_4.txt,4,381.0,0.554274,378.0,0.7937
TS@FaFM,wfjsp2_4.txt,5,381.0,0.526129,378.0,0.7937
TS@FaFM,wfjsp2_5.txt,1,270.0,0.266223,270.0,0.0
TS@FaFM,wfjsp2_5.txt,2,272.0,0.259951,270.0,0.7407
TS@FaFM,wfjsp2_5.txt,3,270.0,0.399583,270.0,0.0
TS@FaFM,wfjsp2_5.txt,4,270.0,0.25031,270.0,0.0
TS@FaFM,wfjsp2_5.txt,5,270.0,0.24752,270.0,0.0
TS@FaFM,wfjsp2_6.txt,1,427.0,0.410805,416.0,2.6442
TS@FaFM,wfjsp2_6.txt,2,426.0,0.576956,416.0,2.4038
TS@FaFM,wfjsp2_6.txt,3,422.0,0.886367,416.0,1.4423
TS@FaFM,wfjsp2_6.txt,4,427.0,0.801773,416.0,2.6442
TS@FaFM,wfjsp2_6.txt,5,425.0,0.631952,416.0,2.1635
TS@FaFM,wfjsp2_7.txt,1,398.0,1.2332,395.0,0.7595
TS@FaFM,wfjsp2_7.txt,2,398.0,0.545184,395.0,0.7595
TS@FaFM,wfjsp2_7.txt,3,397.0,0.452168,395.0,0.5063
TS@FaFM,wfjsp2_7.txt,4,400.0,0.480547,395.0,1.2658
TS@FaFM,wfjsp2_7.txt,5,399.0,0.565389,395.0,1.0127
TS@FaFM,wfjsp2_8.txt,1,415.0,0.445575,414.0,0.2415
TS@FaFM,wfjsp2_8.txt,2,415.0,0.481575,414.0,0.2415
TS@FaFM,wfjsp2_8.txt,3,415.0,0.385508,414.0,0.2415
TS@FaFM,wfjsp2_8.txt,4,415.0,0.428778,414.0,0.2415
TS@FaFM,wfjsp2_8.txt,5,415.0,0.433553,414.0,0.2415
TS@FaFM,wfjsp2_9.txt,1,329.0,0.352179,329.0,0.0
TS@FaFM,wfjsp2_9.txt,2,329.0,0.371808,329.0,0.0
TS@FaFM,wfjsp2_9.txt,3,329.0,0.338304,329.0,0.0
TS@FaFM,wfjsp2_9.txt,4,332.0,0.340711,329.0,0.9119
TS@FaFM,wfjsp2_9.txt,5,330.0,0.353143,329.0,0.304
TS@FaFM,wfjsp3_1.txt,1,423.0,0.862813,419.0,0.9547
TS@FaFM,wfjsp3_1.txt,2,424.0,0.658915,419.0,1.1933
TS@FaFM,wfjsp3_1.txt,3,423.0,0.611993,419.0,0.9547
TS@FaFM,wfjsp3_1.txt,4,421.0,0.624144,419.0,0.4773
TS@FaFM,wfjsp3_1.txt,5,423.0,0.651338,419.0,0.9547
TS@FaFM,wfjsp3_10.txt,1,457.0,0.690784,455.0,0.4396
TS@FaFM,wfjsp3_10.txt,2,457.0,0.672332,455.0,0.4396
TS@FaFM,wfjsp3_10.txt,3,455.0,0.635738,455.0,0.0
TS@FaFM,wfjsp3_10.txt,4,455.0,0.535227,455.0,0.0
TS@FaFM,wfjsp3_10.txt,5,457.0,0.66106,455.0,0.4396
TS@FaFM,wfjsp3_2.txt,1,543.0,1.08332,543.0,0.0
TS@FaFM,wfjsp3_2.txt,2,545.0,1.21118,543.0,0.3683
TS@FaFM,wfjsp3_2.txt,3,543.0,0.745741,543.0,0.0
TS@FaFM,wfjsp3_2.txt,4,545.0,0.838117,543.0,0.3683
TS@FaFM,wfjsp3_2.txt,5,545.0,0.78064,543.0,0.3683
TS@FaFM,wfjsp3_3.txt,1,383.0,0.388412,383.0,0.0
TS@FaFM,wfjsp3_3.txt,2,384.0,0.38946,383.0,0.2611
TS@FaFM,wfjsp3_3.txt,3,383.0,0.378169,383.0,0.0
TS@FaFM,wfjsp3_3.txt,4,383.0,0.384138,383.0,0.0
TS@FaFM,wfjsp3_3.txt,5,384.0,0.39002,383.0,0.2611
TS@FaFM,wfjsp3_4.txt,1,448.0,1.24099,443.0,1.1287
TS@FaFM,wfjsp3_4.txt,2,452.0,0.918117,443.0,2.0316
TS@FaFM,wfjsp3_4.txt,3,457.0,0.845651,443.0,3.1603
TS@FaFM,wfjsp3_4.txt,4,458.0,0.818088,443.0,3.386
TS@FaFM,wfjsp3_4.txt,5,445.0,1.12904,443.0,0.4515
TS@FaFM,wfjsp3_5.txt,1,284.0,0.817497,284.0,0.0
TS@FaFM,wfjsp3_5.txt,2,285.0,0.640605,284.0,0.3521
TS@FaFM,wfjsp3_5.txt,3,284.0,0.987069,284.0,0.0
TS@FaFM,wfjsp3_5.txt,4,291.0,0.540657,284.0,2.4648
TS@FaFM,wfjsp3_5.txt,5,284.0,0.582028,284.0,0.0
TS@FaFM,wfjsp3_6.txt,1,529.0,0.759283,529.0,0.0
TS@FaFM,wfjsp3_6.txt,2,530.0,1.34075,529.0,0.189
TS@FaFM,wfjsp3_6.txt,3,530.0,0.752072,529.0,0.189
TS@FaFM,wfjsp3_6.txt,4,530.0,1.45336,529.0,0.189
TS@FaFM,wfjsp3_6.txt,5,529.0,1.48328,529.0,0.0
TS@FaFM,wfjsp3_7.txt,1,343.0,0.951298,342.0,0.2924
TS@FaFM,wfjsp3_7.txt,2,345.0,0.503075,342.0,0.8772
TS@FaFM,wfjsp3_7.txt,3,343.0,0.477139,342.0,0.2924
TS@FaFM,wfjsp3_7.txt,4,343.0,1.33738,342.0,0.2924
TS@FaFM,wfjsp3_7.txt,5,343.0,0.988762,342.0,0.2924
TS@FaFM,wfjsp3_8.txt,1,500.0,1.36431,492.0,1.626
TS@FaFM,wfjsp3_8.txt,2,502.0,0.681255,492.0,2.0325
TS@FaFM,wfjsp3_8.txt,3,494.0,0.946443,492.0,0.4065
TS@FaFM,wfjsp3_8.txt,4,501.0,0.941791,492.0,1.8293
TS@FaFM,wfjsp3_8.txt,5,498.0,0.716701,492.0,1.2195
TS@FaFM,wfjsp3_9.txt,1,535.0,0.706263,534.0,0.1873
TS@FaFM,wfjsp3_9.txt,2,535.0,0.62433,534.0,0.1873
TS@FaFM,wfjsp3_9.txt,3,535.0,0.699476,534.0,0.1873
TS@FaFM,wfjsp3_9.txt,4,535.0,0.561929,534.0,0.1873
TS@FaFM,wfjsp3_9.txt,5,535.0,0.714058,534.0,0.1873
TS@FaFM,wfjsp4_1.txt,1,287.0,0.957741,277.0,3.6101
TS@FaFM,wfjsp4_1.txt,2,287.0,1.34501,277.0,3.6101
TS@FaFM,wfjsp4_1.txt,3,284.0,3.00777,277.0,2.5271
TS@FaFM,wfjsp4_1.txt,4,288.0,0.955092,277.0,3.9711
TS@FaFM,wfjsp4_1.txt,5,283.0,2.6136,277.0,2.1661
TS@FaFM,wfjsp4_10.txt,1,296.0,0.831504,293.0,1.0239
TS@FaFM,wfjsp4_10.txt,2,296.0,1.12314,293.0,1.0239
TS@FaFM,wfjsp4_10.txt,3,296.0,0.683603,293.0,1.0239
TS@FaFM,wfjsp4_10.txt,4,296.0,0.79054,293.0,1.0239
TS@FaFM,wfjsp4_10.txt,5,296.0,0.718532,293.0,1.0239
TS@FaFM,wfjsp4_2.txt,1,357.0,1.73808,350.0,2.0
TS@FaFM,wfjsp4_2.txt,2,360.0,1.36339,350.0,2.8571
TS@FaFM,wfjsp4_2.txt,3,357.0,1.48313,350.0,2.0
TS@FaFM,wfjsp4_2.txt,4,358.0,1.15242,350.0,2.2857
TS@FaFM,wfjsp4_2.txt,5,356.0,3.2161,350.0,1.7143
TS@FaFM,wfjsp4_3.txt,1,371.0,0.967275,360.0,3.0556
TS@FaFM,wfjsp4_3.txt,2,372.0,1.094,360.0,3.3333
TS@FaFM,wfjsp4_3.txt,3,365.0,1.6734,360.0,1.3889
TS@FaFM,wfjsp4_3.txt,4,369.0,1.00915,360.0,2.5
TS@FaFM,wfjsp4_3.txt,5,370.0,1.0392,360.0,2.7778
TS@FaFM,wfjsp4_4.txt,1,330.0,1.19926,320.0,3.125
TS@FaFM,wfjsp4_4.txt,2,326.0,1.73454,320.0,1.875
TS@FaFM,wfjsp4_4.txt,3,326.0,1.58611,320.0,1.875
TS@FaFM,wfjsp4_4.txt,4,326.0,0.985009,320.0,1.875
TS@FaFM,wfjsp4_4.txt,5,327.0,1.26264,320.0,2.1875
TS@FaFM,wfjsp4_5.txt,1,290.0,0.977613,290.0,0.0
TS@FaFM,wfjsp4_5.txt,2,290.0,0.60724,290.0,0.0
TS@FaFM,wfjsp4_5.txt,3,290.0,0.537268,290.0,0.0
TS@FaFM,wfjsp4_5.txt,4,290.0,0.5644,290.0,0.0
TS@FaFM,wfjsp4_5.txt,5,290.0,0.580594,290.0,0.0
TS@FaFM,wfjsp4_6.txt,1,367.0,1.55719,355.0,3.3803
TS@FaFM,wfjsp4_6.txt,2,366.0,1.10615,355.0,3.0986
TS@FaFM,wfjsp4_6.txt,3,371.0,1.23773,355.0,4.507
TS@FaFM,wfjsp4_6.txt,4,368.0,1.49699,355.0,3.662
TS@FaFM,wfjsp4_6.txt,5,360.0,1.14292,355.0,1.4085
TS@FaFM,wfjsp4_7.txt,1,300.0,1.22466,288.0,4.1667
TS@FaFM,wfjsp4_7.txt,2,300.0,0.995125,288.0,4.1667
TS@FaFM,wfjsp4_7.txt,3,299.0,1.68408,288.0,3.8194
TS@FaFM,wfjsp4_7.txt,4,292.0,0.781181,288.0,1.3889
TS@FaFM,wfjsp4_7.txt,5,297.0,0.827681,288.0,3.125
TS@FaFM,wfjsp4_8.txt,1,322.0,0.720349,316.0,1.8987
TS@FaFM,wfjsp4_8.txt,2,328.0,0.974309,316.0,3.7975
TS@FaFM,wfjsp4_8.txt,3,321.0,0.774835,316.0,1.5823
TS@FaFM,wfjsp4_8.txt,4,328.0,0.950908,316.0,3.7975
TS@FaFM,wfjsp4_8.txt,5,326.0,0.821972,316.0,3.1646
TS@FaFM,wfjsp4_9.txt,1,289.0,0.553931,288.0,0.3472
TS@FaFM,wfjsp4_9.txt,2,288.0,0.554684,288.0,0.0
TS@FaFM,wfjsp4_9.txt,3,290.0,0.561408,288.0,0.6944
TS@FaFM,wfjsp4_9.txt,4,288.0,0.556178,288.0,0.0
TS@FaFM,wfjsp4_9.txt,5,288.0,0.600636,288.0,0.0
TS@FaFM,wfjsp5_1.txt,1,617.0,4.74427,608.0,1.4803
TS@FaFM,wfjsp5_1.txt,2,610.0,13.5963,608.0,0.3289
TS@FaFM,wfjsp5_1.txt,3,624.0,2.76758,608.0,2.6316
TS@FaFM,wfjsp5_1.txt,4,623.0,6.68147,608.0,2.4671
TS@FaFM,wfjsp5_1.txt,5,632.0,4.45486,608.0,3.9474
TS@FaFM,wfjsp5_10.txt,1,651.0,1.67327,627.0,3.8278
TS@FaFM,wfjsp5_10.txt,2,657.0,1.73907,627.0,4.7847
TS@FaFM,wfjsp5_10.txt,3,652.0,2.85142,627.0,3.9872
TS@FaFM,wfjsp5_10.txt,4,652.0,1.44931,627.0,3.9872
TS@FaFM,wfjsp5_10.txt,5,652.0,1.57972,627.0,3.9872
TS@FaFM,wfjsp5_2.txt,1,658.0,3.78297,638.0,3.1348
TS@FaFM,wfjsp5_2.txt,2,664.0,2.6818,638.0,4.0752
TS@FaFM,wfjsp5_2.txt,3,665.0,7.27766,638.0,4.232
TS@FaFM,wfjsp5_2.txt,4,660.0,4.64842,638.0,3.4483
TS@FaFM,wfjsp5_2.txt,5,667.0,4.59799,638.0,4.5455
TS@FaFM,wfjsp5_3.txt,1,654.0,5.20059,626.0,4.4728
TS@FaFM,wfjsp5_3.txt,2,648.0,6.90675,626.0,3.5144
TS@FaFM,wfjsp5_3.txt,3,652.0,3.14393,626.0,4.1534
TS@FaFM,wfjsp5_3.txt,4,648.0,4.75196,626.0,3.5144
TS@FaFM,wfjsp5_3.txt,5,644.0,3.4049,626.0,2.8754
TS@FaFM,wfjsp5_4.txt,1,748.0,6.2666,722.0,3.6011
TS@FaFM,wfjsp5_4.txt,2,747.0,4.71414,722.0,3.4626
TS@FaFM,wfjsp5_4.txt,3,751.0,4.13016,722.0,4.0166
TS@FaFM,wfjsp5_4.txt,4,739.0,5.69426,722.0,2.3546
TS@FaFM,wfjsp5_4.txt,5,743.0,5.21471,722.0,2.9086
TS@FaFM,wfjsp5_5.txt,1,738.0,6.74659,729.0,1.2346
TS@FaFM,wfjsp5_5.txt,2,743.0,4.69334,729.0,1.9204
TS@FaFM,wfjsp5_5.txt,3,728.0,7.55229,729.0,-0.1372
TS@FaFM,wfjsp5_5.txt,4,731.0,17.932,729.0,0.2743
TS@FaFM,wfjsp5_5.txt,5,734.0,4.43789,729.0,0.6859
TS@FaFM,wfjsp5_6.txt,1,756.0,4.95253,732.0,3.2787
TS@FaFM,wfjsp5_6.txt,2,754.0,4.20139,732.0,3.0055
TS@FaFM,wfjsp5_6.txt,3,763.0,4.41919,732.0,4.235
TS@FaFM,wfjsp5_6.txt,4,757.0,5.46818,732.0,3.4153
TS@FaFM,wfjsp5_6.txt,5,759.0,5.81406,732.0,3.6885
TS@FaFM,wfjsp5_7.txt,1,790.0,3.75574,754.0,4.7745
TS@FaFM,wfjsp5_7.txt,2,786.0,7.00771,754.0,4.244
TS@FaFM,wfjsp5_7.txt,3,781.0,3.63166,754.0,3.5809
TS@FaFM,wfjsp5_7.txt,4,773.0,5.58119,754.0,2.5199
TS@FaFM,wfjsp5_7.txt,5,781.0,6.90506,754.0,3.5809
TS@FaFM,wfjsp5_8.txt,1,699.0,8.49046,683.0,2.3426
TS@FaFM,wfjsp5_8.txt,2,705.0,8.52523,683.0,3.2211
TS@FaFM,wfjsp5_8.txt,3,705.0,3.89401,683.0,3.2211
TS@FaFM,wfjsp5_8.txt,4,701.0,2.82856,683.0,2.6354
TS@FaFM,wfjsp5_8.txt,5,712.0,4.09793,683.0,4.246
TS@FaFM,wfjsp5_9.txt,1,610.0,2.16337,582.0,4.811
TS@FaFM,wfjsp5_9.txt,2,603.0,2.44716,582.0,3.6082
TS@FaFM,wfjsp5_9.txt,3,603.0,3.27453,582.0,3.6082
TS@FaFM,wfjsp5_9.txt,4,609.0,1.70071,582.0,4.6392
TS@FaFM,wfjsp5_9.txt,5,607.0,2.73132,582.0,4.2955
TS@FaFM,wfjsp6_1.txt,1,692.0,3.6419,682.0,1.4663
TS@FaFM,wfjsp6_1.txt,2,690.0,3.49327,682.0,1.173
TS@FaFM,wfjsp6_1.txt,3,686.0,7.13021,682.0,0.5865
TS@FaFM,wfjsp6_1.txt,4,689.0,14.7255,682.0,1.0264
TS@FaFM,wfjsp6_1.txt,5,702.0,3.38961,682.0,2.9326
TS@FaFM,wfjsp6_10.txt,1,714.0,4.77276,699.0,2.1459
TS@FaFM,wfjsp6_10.txt,2,718.0,4.36955,699.0,2.7182
TS@FaFM,wfjsp6_10.txt,3,725.0,3.05845,699.0,3.7196
TS@FaFM,wfjsp6_10.txt,4,724.0,4.25936,699.0,3.5765
TS@FaFM,wfjsp6_10.txt,5,715.0,3.95184,699.0,2.289
TS@FaFM,wfjsp6_2.txt,1,795.0,7.55098,780.0,1.9231
TS@FaFM,wfjsp6_2.txt,2,794.0,6.50492,780.0,1.7949
TS@FaFM,wfjsp6_2.txt,3,797.0,7.78608,780.0,2.1795
TS@FaFM,wfjsp6_2.txt,4,789.0,6.50708,780.0,1.1538
TS@FaFM,wfjsp6_2.txt,5,796.0,6.95269,780.0,2.0513
TS@FaFM,wfjsp6_3.txt,1,769.0,5.56285,735.0,4.6259
TS@FaFM,wfjsp6_3.txt,2,755.0,6.16832,735.0,2.7211
TS@FaFM,wfjsp6_3.txt,3,750.0,6.09661,735.0,2.0408
TS@FaFM,wfjsp6_3.txt,4,749.0,5.30914,735.0,1.9048
TS@FaFM,wfjsp6_3.txt,5,752.0,8.29019,735.0,2.3129
TS@FaFM,wfjsp6_4.txt,1,820.0,4.95902,803.0,2.1171
TS@FaFM,wfjsp6_4.txt,2,824.0,14.2776,803.0,2.6152
TS@FaFM,wfjsp6_4.txt,3,828.0,3.83974,803.0,3.1133
TS@FaFM,wfjsp6_4.txt,4,822.0,10.934,803.0,2.3661
TS@FaFM,wfjsp6_4.txt,5,821.0,4.91934,803.0,2.2416
TS@FaFM,wfjsp6_5.txt,1,877.0,8.03492,844.0,3.91
TS@FaFM,wfjsp6_5.txt,2,863.0,9.0902,844.0,2.2512
TS@FaFM,wfjsp6_5.txt,3,868.0,11.7525,844.0,2.8436
TS@FaFM,wfjsp6_5.txt,4,870.0,4.231,844.0,3.0806
TS@FaFM,wfjsp6_5.txt,5,857.0,10.43,844.0,1.5403
TS@FaFM,wfjsp6_6.txt,1,826.0,4.73221,798.0,3.5088
TS@FaFM,wfjsp6_6.txt,2,824.0,10.3824,798.0,3.2581
TS@FaFM,wfjsp6_6.txt,3,828.0,6.10711,798.0,3.7594
TS@FaFM,wfjsp6_6.txt,4,836.0,7.33119,798.0,4.7619
TS@FaFM,wfjsp6_6.txt,5,829.0,10.4519,798.0,3.8847
TS@FaFM,wfjsp6_7.txt,1,851.0,7.61354,855.0,-0.4678
TS@FaFM,wfjsp6_7.txt,2,859.0,8.16886,855.0,0.4678
TS@FaFM,wfjsp6_7.txt,3,847.0,6.82507,855.0,-0.9357
TS@FaFM,wfjsp6_7.txt,4,855.0,9.46874,855.0,0.0
TS@FaFM,wfjsp6_7.txt,5,863.0,5.74036,855.0,0.9357
TS@FaFM,wfjsp6_8.txt,1,790.0,4.19901,759.0,4.0843
TS@FaFM,wfjsp6_8.txt,2,781.0,4.61345,759.0,2.8986
TS@FaFM,wfjsp6_8.txt,3,793.0,4.0395,759.0,4.4796
TS@FaFM,wfjsp6_8.txt,4,786.0,4.26587,759.0,3.5573
TS@FaFM,wfjsp6_8.txt,5,777.0,6.97713,759.0,2.3715
TS@FaFM,wfjsp6_9.txt,1,694.0,5.45069,686.0,1.1662
TS@FaFM,wfjsp6_9.txt,2,703.0,3.33296,686.0,2.4781
TS@FaFM,wfjsp6_9.txt,3,704.0,4.21193,686.0,2.6239
TS@FaFM,wfjsp6_9.txt,4,705.0,7.74101,686.0,2.7697
TS@FaFM,wfjsp6_9.txt,5,710.0,3.64148,686.0,3.4985
TS@FaFM,wfjsp7_1.txt,1,837.0,5.12318,815.0,2.6994
TS@FaFM,wfjsp7_1.txt,2,847.0,5.95997,815.0,3.9264
TS@FaFM,wfjsp7_1.txt,3,839.0,8.51113,815.0,2.9448
TS@FaFM,wfjsp7_1.txt,4,833.0,13.5393,815.0,2.2086
TS@FaFM,wfjsp7_1.txt,5,839.0,8.92085,815.0,2.9448
TS@FaFM,wfjsp7_10.txt,1,935.0,4.99657,909.0,2.8603
TS@FaFM,wfjsp7_10.txt,2,938.0,13.1535,909.0,3.1903
TS@FaFM,wfjsp7_10.txt,3,932.0,7.11991,909.0,2.5303
TS@FaFM,wfjsp7_10.txt,4,937.0,8.76901,909.0,3.0803
TS@FaFM,wfjsp7_10.txt,5,934.0,10.4818,909.0,2.7503
TS@FaFM,wfjsp7_2.txt,1,1064.0,5.84913,1038.0,2.5048
TS@FaFM,wfjsp7_2.txt,2,1040.0,20.6123,1038.0,0.1927
TS@FaFM,wfjsp7_2.txt,3,1052.0,9.58954,1038.0,1.3487
TS@FaFM,wfjsp7_2.txt,4,1046.0,14.2136,1038.0,0.7707
TS@FaFM,wfjsp7_2.txt,5,1047.0,16.3894,1038.0,0.8671
TS@FaFM,wfjsp7_3.txt,1,1161.0,20.1809,1133.0,2.4713
TS@FaFM,wfjsp7_3.txt,2,1169.0,12.4416,1133.0,3.1774
TS@FaFM,wfjsp7_3.txt,3,1173.0,6.46236,1133.0,3.5305
TS@FaFM,wfjsp7_3.txt,4,1151.0,34.4881,1133.0,1.5887
TS@FaFM,wfjsp7_3.txt,5,1170.0,13.6619,1133.0,3.2657
TS@FaFM,wfjsp7_4.txt,1,961.0,14.839,944.0,1.8008
TS@FaFM,wfjsp7_4.txt,2,957.0,7.97282,944.0,1.3771
TS@FaFM,wfjsp7_4.txt,3,964.0,9.39871,944.0,2.1186
TS@FaFM,wfjsp7_4.txt,4,951.0,18.0892,944.0,0.7415
TS@FaFM,wfjsp7_4.txt,5,948.0,6.76077,944.0,0.4237
TS@FaFM,wfjsp7_5.txt,1,825.0,13.211,803.0,2.7397
TS@FaFM,wfjsp7_5.txt,2,821.0,11.02,803.0,2.2416
TS@FaFM,wfjsp7_5.txt,3,828.0,5.06158,803.0,3.1133
TS@FaFM,wfjsp7_5.txt,4,827.0,6.44113,803.0,2.9888
TS@FaFM,wfjsp7_5.txt,5,834.0,9.16886,803.0,3.8605
TS@FaFM,wfjsp7_6.txt,1,1053.0,5.73682,1010.0,4.2574
TS@FaFM,wfjsp7_6.txt,2,1047.0,5.06265,1010.0,3.6634
TS@FaFM,wfjsp7_6.txt,3,1032.0,7.09797,1010.0,2.1782
TS@FaFM,wfjsp7_6.txt,4,1037.0,11.0144,1010.0,2.6733
TS@FaFM,wfjsp7_6.txt,5,1040.0,17.7067,1010.0,2.9703
TS@FaFM,wfjsp7_7.txt,1,955.0,12.0397,929.0,2.7987
TS@FaFM,wfjsp7_7.txt,2,962.0,10.752,929.0,3.5522
TS@FaFM,wfjsp7_7.txt,3,985.0,7.10782,929.0,6.028
TS@FaFM,wfjsp7_7.txt,4,967.0,8.15856,929.0,4.0904
TS@FaFM,wfjsp7_7.txt,5,965.0,18.3677,929.0,3.8751
TS@FaFM,wfjsp7_8.txt,1,920.0,6.63631,882.0,4.3084
TS@FaFM,wfjsp7_8.txt,2,923.0,9.80012,882.0,4.6485
TS@FaFM,wfjsp7_8.txt,3,902.0,5.5195,882.0,2.2676
TS@FaFM,wfjsp7_8.txt,4,907.0,5.69433,882.0,2.8345
TS@FaFM,wfjsp7_8.txt,5,908.0,12.9852,882.0,2.9478
TS@FaFM,wfjsp7_9.txt,1,861.0,9.8647,852.0,1.0563
TS@FaFM,wfjsp7_9.txt,2,849.0,11.6256,852.0,-0.3521
TS@FaFM,wfjsp7_9.txt,3,852.0,7.55146,852.0,0.0
TS@FaFM,wfjsp7_9.txt,4,869.0,10.7169,852.0,1.9953
TS@FaFM,wfjsp7_9.txt,5,872.0,5.65705,852.0,2.3474
TS@FaFM,wfjsp8_1.txt,1,1066.0,11.617,1025.0,4.0
TS@FaFM,wfjsp8_1.txt,2,1062.0,10.756,1025.0,3.6098
TS@FaFM,wfjsp8_1.txt,3,1065.0,14.4607,1025.0,3.9024
TS@FaFM,wfjsp8_1.txt,4,1063.0,11.8382,1025.0,3.7073
TS@FaFM,wfjsp8_1.txt,5,1066.0,7.17082,1025.0,4.0
TS@FaFM,wfjsp8_10.txt,1,1235.0,7.07867,1194.0,3.4338
TS@FaFM,wfjsp8_10.txt,2,1227.0,12.2524,1194.0,2.7638
TS@FaFM,wfjsp8_10.txt,3,1224.0,16.4751,1194.0,2.5126
TS@FaFM,wfjsp8_10.txt,4,1233.0,14.5402,1194.0,3.2663
TS@FaFM,wfjsp8_10.txt,5,1228.0,10.1987,1194.0,2.8476
TS@FaFM,wfjsp8_2.txt,1,1299.0,11.7994,1251.0,3.8369
TS@FaFM,wfjsp8_2.txt,2,1294.0,13.4117,1251.0,3.4373
TS@FaFM,wfjsp8_2.txt,3,1288.0,23.9916,1251.0,2.9576
TS@FaFM,wfjsp8_2.txt,4,1289.0,10.5116,1251.0,3.0376
TS@FaFM,wfjsp8_2.txt,5,1296.0,11.9032,1251.0,3.5971
TS@FaFM,wfjsp8_3.txt,1,1413.0,10.1781,1364.0,3.5924
TS@FaFM,wfjsp8_3.txt,2,1404.0,29.7798,1364.0,2.9326
TS@FaFM,wfjsp8_3.txt,3,1413.0,7.11104,1364.0,3.5924
TS@FaFM,wfjsp8_3.txt,4,1405.0,30.997,1364.0,3.0059
TS@FaFM,wfjsp8_3.txt,5,1404.0,7.68693,1364.0,2.9326
TS@FaFM,wfjsp8_4.txt,1,1245.0,8.76793,1211.0,2.8076
TS@FaFM,wfjsp8_4.txt,2,1242.0,8.29363,1211.0,2.5599
TS@FaFM,wfjsp8_4.txt,3,1235.0,16.4572,1211.0,1.9818
TS@FaFM,wfjsp8_4.txt,4,1232.0,11.0324,1211.0,1.7341
TS@FaFM,wfjsp8_4.txt,5,1252.0,12.979,1211.0,3.3856
TS@FaFM,wfjsp8_5.txt,1,1078.0,14.7076,1050.0,2.6667
TS@FaFM,wfjsp8_5.txt,2,1071.0,9.16661,1050.0,2.0
TS@FaFM,wfjsp8_5.txt,3,1073.0,10.3222,1050.0,2.1905
TS@FaFM,wfjsp8_5.txt,4,1072.0,7.62991,1050.0,2.0952
TS@FaFM,wfjsp8_5.txt,5,1071.0,18.857,1050.0,2.0
TS@FaFM,wfjsp8_6.txt,1,1296.0,8.94473,1267.0,2.2889
TS@FaFM,wfjsp8_6.txt,2,1306.0,6.91496,1267.0,3.0781
TS@FaFM,wfjsp8_6.txt,3,1287.0,17.3707,1267.0,1.5785
TS@FaFM,wfjsp8_6.txt,4,1301.0,10.1822,1267.0,2.6835
TS@FaFM,wfjsp8_6.txt,5,1300.0,22.2104,1267.0,2.6046
TS@FaFM,wfjsp8_7.txt,1,1190.0,12.706,1158.0,2.7634
TS@FaFM,wfjsp8_7.txt,2,1204.0,11.7876,1158.0,3.9724
TS@FaFM,wfjsp8_7.txt,3,1193.0,17.9267,1158.0,3.0225
TS@FaFM,wfjsp8_7.txt,4,1202.0,16.4779,1158.0,3.7997
TS@FaFM,wfjsp8_7.txt,5,1197.0,13.5856,1158.0,3.3679
TS@FaFM,wfjsp8_8.txt,1,1197.0,9.34877,1158.0,3.3679
TS@FaFM,wfjsp8_8.txt,2,1189.0,16.5187,1158.0,2.677
TS@FaFM,wfjsp8_8.txt,3,1190.0,11.6862,1158.0,2.7634
TS@FaFM,wfjsp8_8.txt,4,1180.0,17.4632,1158.0,1.8998
TS@FaFM,wfjsp8_8.txt,5,1196.0,12.6363,1158.0,3.2815
TS@FaFM,wfjsp8_9.txt,1,1066.0,15.076,1044.0,2.1073
TS@FaFM,wfjsp8_9.txt,2,1070.0,8.73593,1044.0,2.4904
TS@FaFM,wfjsp8_9.txt,3,1062.0,10.8976,1044.0,1.7241
TS@FaFM,wfjsp8_9.txt,4,1079.0,11.2345,1044.0,3.3525
TS@FaFM,wfjsp8_9.txt,5,1071.0,9.77979,1044.0,2.5862
TS@FaFM,wfjsp9_1.txt,1,1355.0,17.3512,1314.0,3.1202
TS@FaFM,wfjsp9_1.txt,2,1351.0,18.69,1314.0,2.8158
TS@FaFM,wfjsp9_1.txt,3,1352.0,16.5545,1314.0,2.8919
TS@FaFM,wfjsp9_1.txt,4,1350.0,17.4807,1314.0,2.7397
TS@FaFM,wfjsp9_1.txt,5,1338.0,17.0044,1314.0,1.8265
TS@FaFM,wfjsp9_10.txt,1,1459.0,8.66657,1414.0,3.1825
TS@FaFM,wfjsp9_10.txt,2,1445.0,12.2735,1414.0,2.1924
TS@FaFM,wfjsp9_10.txt,3,1466.0,7.34096,1414.0,3.6775
TS@FaFM,wfjsp9_10.txt,4,1449.0,17.8785,1414.0,2.4752
TS@FaFM,wfjsp9_10.txt,5,1446.0,9.37576,1414.0,2.2631
TS@FaFM,wfjsp9_2.txt,1,1435.0,13.73,1404.0,2.208
TS@FaFM,wfjsp9_2.txt,2,1424.0,21.5931,1404.0,1.4245
TS@FaFM,wfjsp9_2.txt,3,1421.0,16.263,1404.0,1.2108
TS@FaFM,wfjsp9_2.txt,4,1430.0,10.1063,1404.0,1.8519
TS@FaFM,wfjsp9_2.txt,5,1419.0,26.2959,1404.0,1.0684
TS@FaFM,wfjsp9_3.txt,1,1536.0,33.8699,1483.0,3.5738
TS@FaFM,wfjsp9_3.txt,2,1551.0,15.4581,1483.0,4.5853
TS@FaFM,wfjsp9_3.txt,3,1557.0,10.4705,1483.0,4.9899
TS@FaFM,wfjsp9_3.txt,4,1540.0,13.9888,1483.0,3.8436
TS@FaFM,wfjsp9_3.txt,5,1548.0,43.9053,1483.0,4.383
TS@FaFM,wfjsp9_4.txt,1,1378.0,17.1127,1357.0,1.5475
TS@FaFM,wfjsp9_4.txt,2,1371.0,19.5811,1357.0,1.0317
TS@FaFM,wfjsp9_4.txt,3,1398.0,9.76468,1357.0,3.0214
TS@FaFM,wfjsp9_4.txt,4,1386.0,23.8824,1357.0,2.1371
TS@FaFM,wfjsp9_4.txt,5,1393.0,16.2271,1357.0,2.6529
TS@FaFM,wfjsp9_5.txt,1,1281.0,20.8247,1247.0,2.7265
TS@FaFM,wfjsp9_5.txt,2,1290.0,21.1871,1247.0,3.4483
TS@FaFM,wfjsp9_5.txt,3,1285.0,13.7199,1247.0,3.0473
TS@FaFM,wfjsp9_5.txt,4,1287.0,15.1427,1247.0,3.2077
TS@FaFM,wfjsp9_5.txt,5,1291.0,13.0471,1247.0,3.5285
TS@FaFM,wfjsp9_6.txt,1,1431.0,15.2056,1383.0,3.4707
TS@FaFM,wfjsp9_6.txt,2,1409.0,26.5086,1383.0,1.88
TS@FaFM,wfjsp9_6.txt,3,1422.0,22.3473,1383.0,2.82
TS@FaFM,wfjsp9_6.txt,4,1434.0,9.64491,1383.0,3.6876
TS@FaFM,wfjsp9_6.txt,5,1426.0,16.3749,1383.0,3.1092
TS@FaFM,wfjsp9_7.txt,1,1353.0,12.8197,1318.0,2.6555
TS@FaFM,wfjsp9_7.txt,2,1339.0,22.5047,1318.0,1.5933
TS@FaFM,wfjsp9_7.txt,3,1351.0,15.1473,1318.0,2.5038
TS@FaFM,wfjsp9_7.txt,4,1345.0,23.5135,1318.0,2.0486
TS@FaFM,wfjsp9_7.txt,5,1344.0,19.8808,1318.0,1.9727
TS@FaFM,wfjsp9_8.txt,1,1407.0,34.6002,1386.0,1.5152
TS@FaFM,wfjsp9_8.txt,2,1404.0,28.5478,1386.0,1.2987
TS@FaFM,wfjsp9_8.txt,3,1431.0,12.6972,1386.0,3.2468
TS@FaFM,wfjsp9_8.txt,4,1426.0,15.3954,1386.0,2.886
TS@FaFM,wfjsp9_8.txt,5,1420.0,13.2857,1386.0,2.4531
TS@FaFM,wfjsp9_9.txt,1,1314.0,35.2684,1294.0,1.5456
TS@FaFM,wfjsp9_9.txt,2,1317.0,17.7149,1294.0,1.7774
TS@FaFM,wfjsp9_9.txt,3,1322.0,13.36,1294.0,2.1638
TS@FaFM,wfjsp9_9.txt,4,1327.0,20.4978,1294.0,2.5502
TS@FaFM,wfjsp9_9.txt,5,1309.0,30.0,1294.0,1.1592
TSN1@FaFM,Dauzere_01a.txt,1,3140.0,26.4779,2921.0,7.4974
TSN1@FaFM,Dauzere_01a.txt,2,3140.0,17.6306,2921.0,7.4974
TSN1@FaFM,Dauzere_01a.txt,3,3133.0,28.5459,2921.0,7.2578
TSN1@FaFM,Dauzere_01a.txt,4,3148.0,83.6897,2921.0,7.7713
TSN1@FaFM,Dauzere_01a.txt,5,3142.0,24.1278,2921.0,7.5659
TSN1@FaFM,Dauzere_02a.txt,1,3005.0,36.4095,2914.0,3.1229
TSN1@FaFM,Dauzere_02a.txt,2,3043.0,10.3997,2914.0,4.4269
TSN1@FaFM,Dauzere_02a.txt,3,3032.0,34.1361,2914.0,4.0494
TSN1@FaFM,Dauzere_02a.txt,4,3016.0,35.2139,2914.0,3.5003
TSN1@FaFM,Dauzere_02a.txt,5,3009.0,47.1781,2914.0,3.2601
TSN1@FaFM,Dauzere_03a.txt,1,3004.0,18.9017,2910.0,3.2302
TSN1@FaFM,Dauzere_03a.txt,2,2987.0,19.5065,2910.0,2.646
TSN1@FaFM,Dauzere_03a.txt,3,2981.0,19.1217,2910.0,2.4399
TSN1@FaFM,Dauzere_03a.txt,4,2990.0,16.0446,2910.0,2.7491
TSN1@FaFM,Dauzere_03a.txt,5,2998.0,48.7086,2910.0,3.0241
TSN1@FaFM,Dauzere_04a.txt,1,3132.0,26.2512,2911.0,7.5919
TSN1@FaFM,Dauzere_04a.txt,2,3107.0,31.2646,2911.0,6.7331
TSN1@FaFM,Dauzere_04a.txt,3,3115.0,51.3922,2911.0,7.0079
TSN1@FaFM,Dauzere_04a.txt,4,3093.0,24.159,2911.0,6.2521
TSN1@FaFM,Dauzere_04a.txt,5,3109.0,41.2665,2911.0,6.8018
TSN1@FaFM,Dauzere_05a.txt,1,3000.0,10.9956,2888.0,3.8781
TSN1@FaFM,Dauzere_05a.txt,2,2997.0,36.7918,2888.0,3.7742
TSN1@FaFM,Dauzere_05a.txt,3,3016.0,14.2019,2888.0,4.4321
TSN1@FaFM,Dauzere_05a.txt,4,3033.0,31.7496,2888.0,5.0208
TSN1@FaFM,Dauzere_05a.txt,5,2980.0,25.1535,2888.0,3.1856
TSN1@FaFM,Dauzere_06a.txt,1,2959.0,20.9777,2877.0,2.8502
TSN1@FaFM,Dauzere_06a.txt,2,2942.0,23.9655,2877.0,2.2593
TSN1@FaFM,Dauzere_06a.txt,3,2996.0,23.8602,2877.0,4.1363
TSN1@FaFM,Dauzere_06a.txt,4,2954.0,22.3654,2877.0,2.6764
TSN1@FaFM,Dauzere_06a.txt,5,2967.0,19.0291,2877.0,3.1283
TSN1@FaFM,Dauzere_07a.txt,1,3177.0,46.7907,2917.0,8.9133
TSN1@FaFM,Dauzere_07a.txt,2,3160.0,44.2117,2917.0,8.3305
TSN1@FaFM,Dauzere_07a.txt,3,3158.0,67.1649,2917.0,8.2619
TSN1@FaFM,Dauzere_07a.txt,4,3129.0,60.5767,2917.0,7.2677
TSN1@FaFM,Dauzere_07a.txt,5,3132.0,35.6563,2917.0,7.3706
TSN1@FaFM,Dauzere_08a.txt,1,3005.0,22.1627,2883.0,4.2317
TSN1@FaFM,Dauzere_08a.txt,2,2973.0,21.5005,2883.0,3.1217
TSN1@FaFM,Dauzere_08a.txt,3,2973.0,18.6763,2883.0,3.1217
TSN1@FaFM,Dauzere_08a.txt,4,2968.0,22.2097,2883.0,2.9483
TSN1@FaFM,Dauzere_08a.txt,5,2953.0,30.3238,2883.0,2.428
TSN1@FaFM,Dauzere_09a.txt,1,2933.0,32.7625,2880.0,1.8403
TSN1@FaFM,Dauzere_09a.txt,2,3017.0,34.5262,2880.0,4.7569
TSN1@FaFM,Dauzere_09a.txt,3,3049.0,22.0131,2880.0,5.8681
TSN1@FaFM,Dauzere_09a.txt,4,2971.0,24.02,2880.0,3.1597
TSN1@FaFM,Dauzere_09a.txt,5,2958.0,30.5768,2880.0,2.7083
TSN1@FaFM,Dauzere_10a.txt,1,3123.0,100.405,2922.0,6.8789
TSN1@FaFM,Dauzere_10a.txt,2,3197.0,39.354,2922.0,9.4114
TSN1@FaFM,Dauzere_10a.txt,3,3180.0,68.5527,2922.0,8.8296
TSN1@FaFM,Dauzere_10a.txt,4,3193.0,50.0895,2922.0,9.2745
TSN1@FaFM,Dauzere_10a.txt,5,3176.0,69.5918,2922.0,8.6927
TSN1@FaFM,Dauzere_11a.txt,1,2979.0,31.776,2876.0,3.5814
TSN1@FaFM,Dauzere_11a.txt,2,2981.0,30.4187,2876.0,3.6509
TSN1@FaFM,Dauzere_11a.txt,3,2963.0,44.3943,2876.0,3.025
TSN1@FaFM,Dauzere_11a.txt,4,3002.0,55.7454,2876.0,4.3811
TSN1@FaFM,Dauzere_11a.txt,5,2990.0,38.594,2876.0,3.9638
TSN1@FaFM,Dauzere_12a.txt,1,2906.0,43.1943,2840.0,2.3239
TSN1@FaFM,Dauzere_12a.txt,2,2903.0,23.9794,2840.0,2.2183
TSN1@FaFM,Dauzere_12a.txt,3,2983.0,22.5632,2840.0,5.0352
TSN1@FaFM,Dauzere_12a.txt,4,2981.0,23.1118,2840.0,4.9648
TSN1@FaFM,Dauzere_12a.txt,5,2920.0,27.4538,2840.0,2.8169
TSN1@FaFM,Mk01.txt,1,76.0,5.77616,70.0,8.5714
TSN1@FaFM,Mk01.txt,2,75.0,5.42753,70.0,7.1429
TSN1@FaFM,Mk01.txt,3,75.0,3.78278,70.0,7.1429
TSN1@FaFM,Mk01.txt,4,76.0,3.93849,70.0,8.5714
TSN1@FaFM,Mk01.txt,5,74.0,5.69098,70.0,5.7143
TSN1@FaFM,Mk02.txt,1,72.0,6.78093,67.0,7.4627
TSN1@FaFM,Mk02.txt,2,72.0,3.45688,67.0,7.4627
TSN1@FaFM,Mk02.txt,3,72.0,4.46479,67.0,7.4627
TSN1@FaFM,Mk02.txt,4,73.0,6.99672,67.0,8.9552
TSN1@FaFM,Mk02.txt,5,73.0,4.33118,67.0,8.9552
TSN1@FaFM,Mk03.txt,1,242.0,9.21956,238.0,1.6807
TSN1@FaFM,Mk03.txt,2,246.0,8.15045,238.0,3.3613
TSN1@FaFM,Mk03.txt,3,245.0,10.5922,238.0,2.9412
TSN1@FaFM,Mk03.txt,4,244.0,11.4861,238.0,2.521
TSN1@FaFM,Mk03.txt,5,248.0,7.73784,238.0,4.2017
TSN1@FaFM,Mk04.txt,1,101.0,7.89423,95.0,6.3158
TSN1@FaFM,Mk04.txt,2,103.0,5.20127,95.0,8.4211
TSN1@FaFM,Mk04.txt,3,100.0,8.7817,95.0,5.2632
TSN1@FaFM,Mk04.txt,4,101.0,8.62033,95.0,6.3158
TSN1@FaFM,Mk04.txt,5,101.0,16.7768,95.0,6.3158
TSN1@FaFM,Mk05.txt,1,317.0,14.6222,299.0,6.0201
TSN1@FaFM,Mk05.txt,2,313.0,12.2358,299.0,4.6823
TSN1@FaFM,Mk05.txt,3,315.0,14.518,299.0,5.3512
TSN1@FaFM,Mk05.txt,4,315.0,7.94289,299.0,5.3512
TSN1@FaFM,Mk05.txt,5,316.0,10.8798,299.0,5.6856
TSN1@FaFM,Mk06.txt,1,126.0,24.25,109.0,15.5963
TSN1@FaFM,Mk06.txt,2,126.0,18.2379,109.0,15.5963
TSN1@FaFM,Mk06.txt,3,127.0,17.9998,109.0,16.5138
TSN1@FaFM,Mk06.txt,4,124.0,19.0111,109.0,13.7615
TSN1@FaFM,Mk06.txt,5,125.0,17.415,109.0,14.6789
TSN1@FaFM,Mk07.txt,1,238.0,13.9877,222.0,7.2072
TSN1@FaFM,Mk07.txt,2,240.0,6.01107,222.0,8.1081
TSN1@FaFM,Mk07.txt,3,240.0,9.544,222.0,8.1081
TSN1@FaFM,Mk07.txt,4,239.0,14.7598,222.0,7.6577
TSN1@FaFM,Mk07.txt,5,234.0,18.388,222.0,5.4054
TSN1@FaFM,Mk08.txt,1,635.0,25.2205,624.0,1.7628
TSN1@FaFM,Mk08.txt,2,637.0,14.5234,624.0,2.0833
TSN1@FaFM,Mk08.txt,3,636.0,18.8257,624.0,1.9231
TSN1@FaFM,Mk08.txt,4,637.0,30.0934,624.0,2.0833
TSN1@FaFM,Mk08.txt,5,633.0,26.6014,624.0,1.4423
TSN1@FaFM,Mk09.txt,1,513.0,26.6037,479.0,7.0981
TSN1@FaFM,Mk09.txt,2,514.0,31.4595,479.0,7.3069
TSN1@FaFM,Mk09.txt,3,519.0,49.9388,479.0,8.3507
TSN1@FaFM,Mk09.txt,4,513.0,46.1321,479.0,7.0981
TSN1@FaFM,Mk09.txt,5,505.0,49.3489,479.0,5.428
TSN1@FaFM,Mk10.txt,1,353.0,21.8665,326.0,8.2822
TSN1@FaFM,Mk10.txt,2,349.0,33.547,326.0,7.0552
TSN1@FaFM,Mk10.txt,3,352.0,37.8309,326.0,7.9755
TSN1@FaFM,Mk10.txt,4,348.0,39.4522,326.0,6.7485
TSN1@FaFM,Mk10.txt,5,362.0,34.4591,326.0,11.0429
TSN1@FaFM,wfjsp10_1.txt,1,812.0,15.0931,781.0,3.9693
TSN1@FaFM,wfjsp10_1.txt,2,807.0,12.4186,781.0,3.3291
TSN1@FaFM,wfjsp10_1.txt,3,817.0,12.631,781.0,4.6095
TSN1@FaFM,wfjsp10_1.txt,4,823.0,28.9522,781.0,5.3777
TSN1@FaFM,wfjsp10_1.txt,5,811.0,11.4224,781.0,3.8412
TSN1@FaFM,wfjsp10_10.txt,1,887.0,15.9761,859.0,3.2596
TSN1@FaFM,wfjsp10_10.txt,2,900.0,17.3115,859.0,4.773
TSN1@FaFM,wfjsp10_10.txt,3,892.0,13.6754,859.0,3.8417
TSN1@FaFM,wfjsp10_10.txt,4,896.0,14.4395,859.0,4.3073
TSN1@FaFM,wfjsp10_10.txt,5,892.0,15.0419,859.0,3.8417
TSN1@FaFM,wfjsp10_2.txt,1,876.0,17.5494,836.0,4.7847
TSN1@FaFM,wfjsp10_2.txt,2,879.0,26.8595,836.0,5.1435
TSN1@FaFM,wfjsp10_2.txt,3,887.0,12.7446,836.0,6.1005
TSN1@FaFM,wfjsp10_2.txt,4,889.0,10.6119,836.0,6.3397
TSN1@FaFM,wfjsp10_2.txt,5,875.0,24.6105,836.0,4.6651
TSN1@FaFM,wfjsp10_3.txt,1,965.0,23.5969,923.0,4.5504
TSN1@FaFM,wfjsp10_3.txt,2,959.0,67.7556,923.0,3.9003
TSN1@FaFM,wfjsp10_3.txt,3,968.0,24.6752,923.0,4.8754
TSN1@FaFM,wfjsp10_3.txt,4,967.0,16.7278,923.0,4.7671
TSN1@FaFM,wfjsp10_3.txt,5,962.0,18.5684,923.0,4.2254
TSN1@FaFM,wfjsp10_4.txt,1,897.0,20.5219,873.0,2.7491
TSN1@FaFM,wfjsp10_4.txt,2,902.0,14.8536,873.0,3.3219
TSN1@FaFM,wfjsp10_4.txt,3,912.0,11.8877,873.0,4.4674
TSN1@FaFM,wfjsp10_4.txt,4,901.0,23.7653,873.0,3.2073
TSN1@FaFM,wfjsp10_4.txt,5,900.0,35.1907,873.0,3.0928
TSN1@FaFM,wfjsp10_5.txt,1,771.0,12.0555,733.0,5.1842
TSN1@FaFM,wfjsp10_5.txt,2,774.0,20.3836,733.0,5.5935
TSN1@FaFM,wfjsp10_5.txt,3,776.0,11.2518,733.0,5.8663
TSN1@FaFM,wfjsp10_5.txt,4,803.0,14.3425,733.0,9.5498
TSN1@FaFM,wfjsp10_5.txt,5,791.0,9.59702,733.0,7.9127
TSN1@FaFM,wfjsp10_6.txt,1,931.0,21.8321,896.0,3.9062
TSN1@FaFM,wfjsp10_6.txt,2,930.0,29.9075,896.0,3.7946
TSN1@FaFM,wfjsp10_6.txt,3,936.0,19.6217,896.0,4.4643
TSN1@FaFM,wfjsp10_6.txt,4,930.0,21.5021,896.0,3.7946
TSN1@FaFM,wfjsp10_6.txt,5,933.0,14.8989,896.0,4.1295
TSN1@FaFM,wfjsp10_7.txt,1,883.0,21.5541,819.0,7.8144
TSN1@FaFM,wfjsp10_7.txt,2,870.0,15.9339,819.0,6.2271
TSN1@FaFM,wfjsp10_7.txt,3,883.0,9.86268,819.0,7.8144
TSN1@FaFM,wfjsp10_7.txt,4,866.0,34.5761,819.0,5.7387
TSN1@FaFM,wfjsp10_7.txt,5,878.0,11.5409,819.0,7.2039
TSN1@FaFM,wfjsp10_8.txt,1,874.0,13.1695,824.0,6.068
TSN1@FaFM,wfjsp10_8.txt,2,877.0,15.3235,824.0,6.432
TSN1@FaFM,wfjsp10_8.txt,3,866.0,10.8157,824.0,5.0971
TSN1@FaFM,wfjsp10_8.txt,4,868.0,30.804,824.0,5.3398
TSN1@FaFM,wfjsp10_8.txt,5,872.0,21.4961,824.0,5.8252
TSN1@FaFM,wfjsp10_9.txt,1,855.0,14.3688,803.0,6.4757
TSN1@FaFM,wfjsp10_9.txt,2,851.0,24.4582,803.0,5.9776
TSN1@FaFM,wfjsp10_9.txt,3,857.0,13.3122,803.0,6.7248
TSN1@FaFM,wfjsp10_9.txt,4,843.0,15.4556,803.0,4.9813
TSN1@FaFM,wfjsp10_9.txt,5,843.0,21.3873,803.0,4.9813
TSN1@FaFM,wfjsp11_1.txt,1,1017.0,17.2155,969.0,4.9536
TSN1@FaFM,wfjsp11_1.txt,2,1021.0,31.2076,969.0,5.3664
TSN1@FaFM,wfjsp11_1.txt,3,1014.0,17.3473,969.0,4.644
TSN1@FaFM,wfjsp11_1.txt,4,1024.0,13.4214,969.0,5.676
TSN1@FaFM,wfjsp11_1.txt,5,1023.0,20.6811,969.0,5.5728
TSN1@FaFM,wfjsp11_10.txt,1,1164.0,18.5977,1091.0,6.6911
TSN1@FaFM,wfjsp11_10.txt,2,1155.0,26.5897,1091.0,5.8662
TSN1@FaFM,wfjsp11_10.txt,3,1151.0,23.3584,1091.0,5.4995
TSN1@FaFM,wfjsp11_10.txt,4,1142.0,20.1288,1091.0,4.6746
TSN1@FaFM,wfjsp11_10.txt,5,1173.0,16.2862,1091.0,7.516
TSN1@FaFM,wfjsp11_2.txt,1,1260.0,24.6777,1184.0,6.4189
TSN1@FaFM,wfjsp11_2.txt,2,1273.0,17.4102,1184.0,7.5169
TSN1@FaFM,wfjsp11_2.txt,3,1237.0,29.5277,1184.0,4.4764
TSN1@FaFM,wfjsp11_2.txt,4,1246.0,42.5745,1184.0,5.2365
TSN1@FaFM,wfjsp11_2.txt,5,1252.0,33.5105,1184.0,5.7432
TSN1@FaFM,wfjsp11_3.txt,1,1230.0,15.7181,1149.0,7.0496
TSN1@FaFM,wfjsp11_3.txt,2,1217.0,14.6982,1149.0,5.9182
TSN1@FaFM,wfjsp11_3.txt,3,1223.0,46.945,1149.0,6.4404
TSN1@FaFM,wfjsp11_3.txt,4,1229.0,75.1573,1149.0,6.9626
TSN1@FaFM,wfjsp11_3.txt,5,1234.0,20.0199,1149.0,7.3977
TSN1@FaFM,wfjsp11_4.txt,1,1209.0,26.0031,1135.0,6.5198
TSN1@FaFM,wfjsp11_4.txt,2,1220.0,23.0311,1135.0,7.489
TSN1@FaFM,wfjsp11_4.txt,3,1222.0,34.8478,1135.0,7.6652
TSN1@FaFM,wfjsp11_4.txt,4,1192.0,35.5681,1135.0,5.022
TSN1@FaFM,wfjsp11_4.txt,5,1227.0,21.2376,1135.0,8.1057
TSN1@FaFM,wfjsp11_5.txt,1,1240.0,34.163,1180.0,5.0847
TSN1@FaFM,wfjsp11_5.txt,2,1250.0,28.3552,1180.0,5.9322
TSN1@FaFM,wfjsp11_5.txt,3,1238.0,27.0366,1180.0,4.9153
TSN1@FaFM,wfjsp11_5.txt,4,1241.0,34.8518,1180.0,5.1695
TSN1@FaFM,wfjsp11_5.txt,5,1240.0,30.9248,1180.0,5.0847
TSN1@FaFM,wfjsp11_6.txt,1,1000.0,11.2482,937.0,6.7236
TSN1@FaFM,wfjsp11_6.txt,2,978.0,22.5778,937.0,4.3757
TSN1@FaFM,wfjsp11_6.txt,3,1002.0,17.5038,937.0,6.937
TSN1@FaFM,wfjsp11_6.txt,4,979.0,23.4879,937.0,4.4824
TSN1@FaFM,wfjsp11_6.txt,5,990.0,14.809,937.0,5.6564
TSN1@FaFM,wfjsp11_7.txt,1,1055.0,43.7952,1015.0,3.9409
TSN1@FaFM,wfjsp11_7.txt,2,1051.0,14.591,1015.0,3.5468
TSN1@FaFM,wfjsp11_7.txt,3,1087.0,13.4586,1015.0,7.0936
TSN1@FaFM,wfjsp11_7.txt,4,1053.0,45.2541,1015.0,3.7438
TSN1@FaFM,wfjsp11_7.txt,5,1052.0,33.1095,1015.0,3.6453
TSN1@FaFM,wfjsp11_8.txt,1,1111.0,21.4542,1032.0,7.655
TSN1@FaFM,wfjsp11_8.txt,2,1103.0,17.6875,1032.0,6.8798
TSN1@FaFM,wfjsp11_8.txt,3,1109.0,15.076,1032.0,7.4612
TSN1@FaFM,wfjsp11_8.txt,4,1106.0,18.9228,1032.0,7.1705
TSN1@FaFM,wfjsp11_8.txt,5,1102.0,11.9587,1032.0,6.7829
TSN1@FaFM,wfjsp11_9.txt,1,1243.0,14.0019,1136.0,9.419
TSN1@FaFM,wfjsp11_9.txt,2,1223.0,27.9022,1136.0,7.6585
TSN1@FaFM,wfjsp11_9.txt,3,1208.0,23.5759,1136.0,6.338
TSN1@FaFM,wfjsp11_9.txt,4,1225.0,19.1001,1136.0,7.8345
TSN1@FaFM,wfjsp11_9.txt,5,1226.0,33.933,1136.0,7.9225
TSN1@FaFM,wfjsp12_1.txt,1,935.0,29.2662,896.0,4.3527
TSN1@FaFM,wfjsp12_1.txt,2,931.0,13.9235,896.0,3.9062
TSN1@FaFM,wfjsp12_1.txt,3,933.0,26.1917,896.0,4.1295
TSN1@FaFM,wfjsp12_1.txt,4,935.0,34.1003,896.0,4.3527
TSN1@FaFM,wfjsp12_1.txt,5,941.0,29.0523,896.0,5.0223
TSN1@FaFM,wfjsp12_10.txt,1,1123.0,40.9036,1099.0,2.1838
TSN1@FaFM,wfjsp12_10.txt,2,1122.0,31.8615,1099.0,2.0928
TSN1@FaFM,wfjsp12_10.txt,3,1119.0,39.4199,1099.0,1.8198
TSN1@FaFM,wfjsp12_10.txt,4,1123.0,16.9406,1099.0,2.1838
TSN1@FaFM,wfjsp12_10.txt,5,1124.0,31.389,1099.0,2.2748
TSN1@FaFM,wfjsp12_2.txt,1,1041.0,23.7524,997.0,4.4132
TSN1@FaFM,wfjsp12_2.txt,2,1041.0,39.373,997.0,4.4132
TSN1@FaFM,wfjsp12_2.txt,3,1044.0,27.27,997.0,4.7141
TSN1@FaFM,wfjsp12_2.txt,4,1050.0,19.8289,997.0,5.3159
TSN1@FaFM,wfjsp12_2.txt,5,1053.0,17.8595,997.0,5.6169
TSN1@FaFM,wfjsp12_3.txt,1,1135.0,25.4366,1103.0,2.9012
TSN1@FaFM,wfjsp12_3.txt,2,1131.0,29.7626,1103.0,2.5385
TSN1@FaFM,wfjsp12_3.txt,3,1127.0,26.6198,1103.0,2.1759
TSN1@FaFM,wfjsp12_3.txt,4,1123.0,25.4347,1103.0,1.8132
TSN1@FaFM,wfjsp12_3.txt,5,1137.0,31.4678,1103.0,3.0825
TSN1@FaFM,wfjsp12_4.txt,1,1058.0,42.6505,1027.0,3.0185
TSN1@FaFM,wfjsp12_4.txt,2,1068.0,18.0529,1027.0,3.9922
TSN1@FaFM,wfjsp12_4.txt,3,1074.0,13.027,1027.0,4.5764
TSN1@FaFM,wfjsp12_4.txt,4,1062.0,33.6595,1027.0,3.408
TSN1@FaFM,wfjsp12_4.txt,5,1046.0,16.5447,1027.0,1.85
TSN1@FaFM,wfjsp12_5.txt,1,886.0,24.2532,869.0,1.9563
TSN1@FaFM,wfjsp12_5.txt,2,889.0,27.202,869.0,2.3015
TSN1@FaFM,wfjsp12_5.txt,3,877.0,26.9007,869.0,0.9206
TSN1@FaFM,wfjsp12_5.txt,4,881.0,30.0203,869.0,1.3809
TSN1@FaFM,wfjsp12_5.txt,5,890.0,29.6104,869.0,2.4166
TSN1@FaFM,wfjsp12_6.txt,1,1158.0,32.1842,1134.0,2.1164
TSN1@FaFM,wfjsp12_6.txt,2,1153.0,25.527,1134.0,1.6755
TSN1@FaFM,wfjsp12_6.txt,3,1170.0,15.5954,1134.0,3.1746
TSN1@FaFM,wfjsp12_6.txt,4,1160.0,29.6475,1134.0,2.2928
TSN1@FaFM,wfjsp12_6.txt,5,1159.0,16.8999,1134.0,2.2046
TSN1@FaFM,wfjsp12_7.txt,1,1047.0,19.3527,1018.0,2.8487
TSN1@FaFM,wfjsp12_7.txt,2,1038.0,25.0317,1018.0,1.9646
TSN1@FaFM,wfjsp12_7.txt,3,1037.0,16.5004,1018.0,1.8664
TSN1@FaFM,wfjsp12_7.txt,4,1035.0,34.3096,1018.0,1.6699
TSN1@FaFM,wfjsp12_7.txt,5,1039.0,21.0255,1018.0,2.0629
TSN1@FaFM,wfjsp12_8.txt,1,1008.0,51.3277,980.0,2.8571
TSN1@FaFM,wfjsp12_8.txt,2,1005.0,14.6963,980.0,2.551
TSN1@FaFM,wfjsp12_8.txt,3,1020.0,14.7637,980.0,4.0816
TSN1@FaFM,wfjsp12_8.txt,4,1010.0,29.4709,980.0,3.0612
TSN1@FaFM,wfjsp12_8.txt,5,1021.0,21.7328,980.0,4.1837
TSN1@FaFM,wfjsp12_9.txt,1,1022.0,26.9504,995.0,2.7136
TSN1@FaFM,wfjsp12_9.txt,2,1028.0,16.7026,995.0,3.3166
TSN1@FaFM,wfjsp12_9.txt,3,1021.0,37.5224,995.0,2.6131
TSN1@FaFM,wfjsp12_9.txt,4,1017.0,25.29,995.0,2.2111
TSN1@FaFM,wfjsp12_9.txt,5,1025.0,25.0847,995.0,3.0151
TSN1@FaFM,wfjsp13_1.txt,1,906.0,34.3102,866.0,4.6189
TSN1@FaFM,wfjsp13_1.txt,2,912.0,35.5711,866.0,5.3118
TSN1@FaFM,wfjsp13_1.txt,3,900.0,36.3648,866.0,3.9261
TSN1@FaFM,wfjsp13_1.txt,4,907.0,22.9356,866.0,4.7344
TSN1@FaFM,wfjsp13_1.txt,5,916.0,29.6992,866.0,5.7737
TSN1@FaFM,wfjsp13_10.txt,1,975.0,42.5998,916.0,6.441
TSN1@FaFM,wfjsp13_10.txt,2,971.0,35.6757,916.0,6.0044
TSN1@FaFM,wfjsp13_10.txt,3,972.0,40.3587,916.0,6.1135
TSN1@FaFM,wfjsp13_10.txt,4,967.0,40.2808,916.0,5.5677
TSN1@FaFM,wfjsp13_10.txt,5,970.0,22.4097,916.0,5.8952
TSN1@FaFM,wfjsp13_2.txt,1,1024.0,31.6211,962.0,6.4449
TSN1@FaFM,wfjsp13_2.txt,2,994.0,40.3881,962.0,3.3264
TSN1@FaFM,wfjsp13_2.txt,3,1003.0,44.5742,962.0,4.262
TSN1@FaFM,wfjsp13_2.txt,4,1011.0,33.4146,962.0,5.0936
TSN1@FaFM,wfjsp13_2.txt,5,1007.0,45.4815,962.0,4.6778
TSN1@FaFM,wfjsp13_3.txt,1,906.0,22.5216,883.0,2.6048
TSN1@FaFM,wfjsp13_3.txt,2,931.0,34.8595,883.0,5.436
TSN1@FaFM,wfjsp13_3.txt,3,914.0,35.3804,883.0,3.5108
TSN1@FaFM,wfjsp13_3.txt,4,910.0,38.8919,883.0,3.0578
TSN1@FaFM,wfjsp13_3.txt,5,914.0,34.5129,883.0,3.5108
TSN1@FaFM,wfjsp13_4.txt,1,928.0,33.2119,908.0,2.2026
TSN1@FaFM,wfjsp13_4.txt,2,940.0,25.7078,908.0,3.5242
TSN1@FaFM,wfjsp13_4.txt,3,930.0,33.4329,908.0,2.4229
TSN1@FaFM,wfjsp13_4.txt,4,939.0,35.5247,908.0,3.4141
TSN1@FaFM,wfjsp13_4.txt,5,934.0,29.7608,908.0,2.8634
TSN1@FaFM,wfjsp13_5.txt,1,835.0,46.7505,809.0,3.2138
TSN1@FaFM,wfjsp13_5.txt,2,849.0,31.9696,809.0,4.9444
TSN1@FaFM,wfjsp13_5.txt,3,837.0,47.2757,809.0,3.4611
TSN1@FaFM,wfjsp13_5.txt,4,842.0,51.3432,809.0,4.0791
TSN1@FaFM,wfjsp13_5.txt,5,836.0,60.0801,809.0,3.3375
TSN1@FaFM,wfjsp13_6.txt,1,1051.0,51.7479,988.0,6.3765
TSN1@FaFM,wfjsp13_6.txt,2,1030.0,43.0013,988.0,4.251
TSN1@FaFM,wfjsp13_6.txt,3,1042.0,24.8398,988.0,5.4656
TSN1@FaFM,wfjsp13_6.txt,4,1044.0,43.0463,988.0,5.668
TSN1@FaFM,wfjsp13_6.txt,5,1052.0,26.2707,988.0,6.4777
TSN1@FaFM,wfjsp13_7.txt,1,900.0,32.0768,875.0,2.8571
TSN1@FaFM,wfjsp13_7.txt,2,917.0,16.8829,875.0,4.8
TSN1@FaFM,wfjsp13_7.txt,3,898.0,49.9891,875.0,2.6286
TSN1@FaFM,wfjsp13_7.txt,4,910.0,24.6935,875.0,4.0
TSN1@FaFM,wfjsp13_7.txt,5,902.0,26.0612,875.0,3.0857
TSN1@FaFM,wfjsp13_8.txt,1,943.0,24.3267,899.0,4.8943
TSN1@FaFM,wfjsp13_8.txt,2,923.0,39.0424,899.0,2.6696
TSN1@FaFM,wfjsp13_8.txt,3,924.0,20.9935,899.0,2.7809
TSN1@FaFM,wfjsp13_8.txt,4,932.0,28.2654,899.0,3.6707
TSN1@FaFM,wfjsp13_8.txt,5,929.0,57.8296,899.0,3.337
TSN1@FaFM,wfjsp13_9.txt,1,1014.0,25.6736,967.0,4.8604
TSN1@FaFM,wfjsp13_9.txt,2,1017.0,33.5762,967.0,5.1706
TSN1@FaFM,wfjsp13_9.txt,3,993.0,39.2559,967.0,2.6887
TSN1@FaFM,wfjsp13_9.txt,4,1032.0,19.8759,967.0,6.7218
TSN1@FaFM,wfjsp13_9.txt,5,1012.0,24.4782,967.0,4.6536
TSN1@FaFM,wfjsp14_1.txt,1,755.0,58.8744,745.0,1.3423
TSN1@FaFM,wfjsp14_1.txt,2,760.0,15.7213,745.0,2.0134
TSN1@FaFM,wfjsp14_1.txt,3,770.0,11.6816,745.0,3.3557
TSN1@FaFM,wfjsp14_1.txt,4,770.0,23.8292,745.0,3.3557
TSN1@FaFM,wfjsp14_1.txt,5,768.0,24.8557,745.0,3.0872
TSN1@FaFM,wfjsp14_10.txt,1,920.0,23.5567,878.0,4.7836
TSN1@FaFM,wfjsp14_10.txt,2,911.0,36.5314,878.0,3.7585
TSN1@FaFM,wfjsp14_10.txt,3,928.0,17.2254,878.0,5.6948
TSN1@FaFM,wfjsp14_10.txt,4,919.0,30.7741,878.0,4.6697
TSN1@FaFM,wfjsp14_10.txt,5,912.0,39.0705,878.0,3.8724
TSN1@FaFM,wfjsp14_2.txt,1,818.0,39.126,793.0,3.1526
TSN1@FaFM,wfjsp14_2.txt,2,828.0,19.4329,793.0,4.4136
TSN1@FaFM,wfjsp14_2.txt,3,829.0,13.6522,793.0,4.5397
TSN1@FaFM,wfjsp14_2.txt,4,812.0,44.0697,793.0,2.396
TSN1@FaFM,wfjsp14_2.txt,5,826.0,22.918,793.0,4.1614
TSN1@FaFM,wfjsp14_3.txt,1,872.0,52.383,848.0,2.8302
TSN1@FaFM,wfjsp14_3.txt,2,888.0,32.4776,848.0,4.717
TSN1@FaFM,wfjsp14_3.txt,3,880.0,52.3772,848.0,3.7736
TSN1@FaFM,wfjsp14_3.txt,4,878.0,25.4027,848.0,3.5377
TSN1@FaFM,wfjsp14_3.txt,5,879.0,38.291,848.0,3.6557
TSN1@FaFM,wfjsp14_4.txt,1,826.0,41.3765,806.0,2.4814
TSN1@FaFM,wfjsp14_4.txt,2,845.0,20.7079,806.0,4.8387
TSN1@FaFM,wfjsp14_4.txt,3,835.0,34.5192,806.0,3.598
TSN1@FaFM,wfjsp14_4.txt,4,845.0,16.1092,806.0,4.8387
TSN1@FaFM,wfjsp14_4.txt,5,839.0,20.0162,806.0,4.0943
TSN1@FaFM,wfjsp14_5.txt,1,737.0,18.1774,715.0,3.0769
TSN1@FaFM,wfjsp14_5.txt,2,730.0,17.7307,715.0,2.0979
TSN1@FaFM,wfjsp14_5.txt,3,736.0,27.7613,715.0,2.9371
TSN1@FaFM,wfjsp14_5.txt,4,727.0,17.9157,715.0,1.6783
TSN1@FaFM,wfjsp14_5.txt,5,730.0,28.0282,715.0,2.0979
TSN1@FaFM,wfjsp14_6.txt,1,950.0,18.6927,913.0,4.0526
TSN1@FaFM,wfjsp14_6.txt,2,950.0,21.3501,913.0,4.0526
TSN1@FaFM,wfjsp14_6.txt,3,956.0,15.4753,913.0,4.7097
TSN1@FaFM,wfjsp14_6.txt,4,943.0,64.4322,913.0,3.2859
TSN1@FaFM,wfjsp14_6.txt,5,958.0,26.0491,913.0,4.9288
TSN1@FaFM,wfjsp14_7.txt,1,854.0,42.7278,826.0,3.3898
TSN1@FaFM,wfjsp14_7.txt,2,853.0,38.5399,826.0,3.2688
TSN1@FaFM,wfjsp14_7.txt,3,849.0,27.2866,826.0,2.7845
TSN1@FaFM,wfjsp14_7.txt,4,864.0,17.9712,826.0,4.6005
TSN1@FaFM,wfjsp14_7.txt,5,860.0,23.5154,826.0,4.1162
TSN1@FaFM,wfjsp14_8.txt,1,812.0,36.7376,782.0,3.8363
TSN1@FaFM,wfjsp14_8.txt,2,818.0,28.4633,782.0,4.6036
TSN1@FaFM,wfjsp14_8.txt,3,814.0,31.7493,782.0,4.0921
TSN1@FaFM,wfjsp14_8.txt,4,815.0,27.7212,782.0,4.2199
TSN1@FaFM,wfjsp14_8.txt,5,816.0,27.2203,782.0,4.3478
TSN1@FaFM,wfjsp14_9.txt,1,806.0,27.9124,793.0,1.6393
TSN1@FaFM,wfjsp14_9.txt,2,819.0,11.6819,793.0,3.2787
TSN1@FaFM,wfjsp14_9.txt,3,812.0,41.4913,793.0,2.396
TSN1@FaFM,wfjsp14_9.txt,4,813.0,38.8641,793.0,2.5221
TSN1@FaFM,wfjsp14_9.txt,5,811.0,30.5133,793.0,2.2699
TSN1@FaFM,wfjsp15_1.txt,1,1319.0,70.2424,1259.0,4.7657
TSN1@FaFM,wfjsp15_1.txt,2,1316.0,53.7813,1259.0,4.5274
TSN1@FaFM,wfjsp15_1.txt,3,1307.0,88.5589,1259.0,3.8125
TSN1@FaFM,wfjsp15_1.txt,4,1315.0,63.1077,1259.0,4.448
TSN1@FaFM,wfjsp15_1.txt,5,1340.0,45.9586,1259.0,6.4337
TSN1@FaFM,wfjsp15_10.txt,1,1480.0,94.9773,1415.0,4.5936
TSN1@FaFM,wfjsp15_10.txt,2,1539.0,46.2885,1415.0,8.7633
TSN1@FaFM,wfjsp15_10.txt,3,1559.0,36.1932,1415.0,10.1767
TSN1@FaFM,wfjsp15_10.txt,4,1511.0,57.8737,1415.0,6.7845
TSN1@FaFM,wfjsp15_10.txt,5,1488.0,59.3954,1415.0,5.159
TSN1@FaFM,wfjsp15_2.txt,1,1392.0,43.856,1314.0,5.9361
TSN1@FaFM,wfjsp15_2.txt,2,1388.0,53.3994,1314.0,5.6317
TSN1@FaFM,wfjsp15_2.txt,3,1376.0,86.8185,1314.0,4.7184
TSN1@FaFM,wfjsp15_2.txt,4,1389.0,48.6353,1314.0,5.7078
TSN1@FaFM,wfjsp15_2.txt,5,1356.0,42.9273,1314.0,3.1963
TSN1@FaFM,wfjsp15_3.txt,1,1424.0,100.039,1376.0,3.4884
TSN1@FaFM,wfjsp15_3.txt,2,1436.0,69.7593,1376.0,4.3605
TSN1@FaFM,wfjsp15_3.txt,3,1427.0,63.9756,1376.0,3.7064
TSN1@FaFM,wfjsp15_3.txt,4,1463.0,32.5243,1376.0,6.3227
TSN1@FaFM,wfjsp15_3.txt,5,1437.0,66.1656,1376.0,4.4331
TSN1@FaFM,wfjsp15_4.txt,1,1384.0,66.3897,1308.0,5.8104
TSN1@FaFM,wfjsp15_4.txt,2,1392.0,37.4667,1308.0,6.422
TSN1@FaFM,wfjsp15_4.txt,3,1382.0,71.76,1308.0,5.6575
TSN1@FaFM,wfjsp15_4.txt,4,1377.0,63.6565,1308.0,5.2752
TSN1@FaFM,wfjsp15_4.txt,5,1382.0,72.3103,1308.0,5.6575
TSN1@FaFM,wfjsp15_5.txt,1,1254.0,56.4976,1198.0,4.6745
TSN1@FaFM,wfjsp15_5.txt,2,1259.0,47.9253,1198.0,5.0918
TSN1@FaFM,wfjsp15_5.txt,3,1269.0,26.8663,1198.0,5.9265
TSN1@FaFM,wfjsp15_5.txt,4,1265.0,34.7919,1198.0,5.5927
TSN1@FaFM,wfjsp15_5.txt,5,1268.0,58.15,1198.0,5.8431
TSN1@FaFM,wfjsp15_6.txt,1,1629.0,45.3098,1510.0,7.8808
TSN1@FaFM,wfjsp15_6.txt,2,1638.0,27.6688,1510.0,8.4768
TSN1@FaFM,wfjsp15_6.txt,3,1650.0,28.3129,1510.0,9.2715
TSN1@FaFM,wfjsp15_6.txt,4,1612.0,64.6415,1510.0,6.755
TSN1@FaFM,wfjsp15_6.txt,5,1608.0,57.2927,1510.0,6.4901
TSN1@FaFM,wfjsp15_7.txt,1,1415.0,60.933,1328.0,6.5512
TSN1@FaFM,wfjsp15_7.txt,2,1420.0,61.2881,1328.0,6.9277
TSN1@FaFM,wfjsp15_7.txt,3,1422.0,54.2408,1328.0,7.0783
TSN1@FaFM,wfjsp15_7.txt,4,1416.0,54.1436,1328.0,6.6265
TSN1@FaFM,wfjsp15_7.txt,5,1392.0,98.5846,1328.0,4.8193
TSN1@FaFM,wfjsp15_8.txt,1,1381.0,50.4235,1327.0,4.0693
TSN1@FaFM,wfjsp15_8.txt,2,1405.0,57.3565,1327.0,5.8779
TSN1@FaFM,wfjsp15_8.txt,3,1382.0,84.0667,1327.0,4.1447
TSN1@FaFM,wfjsp15_8.txt,4,1394.0,43.5561,1327.0,5.049
TSN1@FaFM,wfjsp15_8.txt,5,1397.0,56.4094,1327.0,5.2751
TSN1@FaFM,wfjsp15_9.txt,1,1400.0,58.8253,1328.0,5.4217
TSN1@FaFM,wfjsp15_9.txt,2,1403.0,60.2863,1328.0,5.6476
TSN1@FaFM,wfjsp15_9.txt,3,1386.0,74.473,1328.0,4.3675
TSN1@FaFM,wfjsp15_9.txt,4,1380.0,52.9837,1328.0,3.9157
TSN1@FaFM,wfjsp15_9.txt,5,1377.0,115.716,1328.0,3.6898
TSN1@FaFM,wfjsp16_1.txt,1,1020.0,33.1812,995.0,2.5126
TSN1@FaFM,wfjsp16_1.txt,2,1011.0,35.4851,995.0,1.608
TSN1@FaFM,wfjsp16_1.txt,3,1020.0,20.1771,995.0,2.5126
TSN1@FaFM,wfjsp16_1.txt,4,1020.0,38.0297,995.0,2.5126
TSN1@FaFM,wfjsp16_1.txt,5,1016.0,26.1061,995.0,2.1106
TSN1@FaFM,wfjsp16_10.txt,1,1189.0,17.9097,1145.0,3.8428
TSN1@FaFM,wfjsp16_10.txt,2,1182.0,21.3569,1145.0,3.2314
TSN1@FaFM,wfjsp16_10.txt,3,1170.0,37.6815,1145.0,2.1834
TSN1@FaFM,wfjsp16_10.txt,4,1182.0,25.7382,1145.0,3.2314
TSN1@FaFM,wfjsp16_10.txt,5,1184.0,26.4315,1145.0,3.4061
TSN1@FaFM,wfjsp16_2.txt,1,1042.0,32.1642,1011.0,3.0663
TSN1@FaFM,wfjsp16_2.txt,2,1029.0,34.1988,1011.0,1.7804
TSN1@FaFM,wfjsp16_2.txt,3,1046.0,23.8425,1011.0,3.4619
TSN1@FaFM,wfjsp16_2.txt,4,1040.0,48.8223,1011.0,2.8684
TSN1@FaFM,wfjsp16_2.txt,5,1040.0,51.298,1011.0,2.8684
TSN1@FaFM,wfjsp16_3.txt,1,1111.0,46.0316,1097.0,1.2762
TSN1@FaFM,wfjsp16_3.txt,2,1118.0,46.8941,1097.0,1.9143
TSN1@FaFM,wfjsp16_3.txt,3,1126.0,30.4006,1097.0,2.6436
TSN1@FaFM,wfjsp16_3.txt,4,1111.0,87.3217,1097.0,1.2762
TSN1@FaFM,wfjsp16_3.txt,5,1110.0,67.4223,1097.0,1.1851
TSN1@FaFM,wfjsp16_4.txt,1,1105.0,58.01,1074.0,2.8864
TSN1@FaFM,wfjsp16_4.txt,2,1109.0,26.6229,1074.0,3.2588
TSN1@FaFM,wfjsp16_4.txt,3,1096.0,43.4794,1074.0,2.0484
TSN1@FaFM,wfjsp16_4.txt,4,1100.0,36.3044,1074.0,2.4209
TSN1@FaFM,wfjsp16_4.txt,5,1105.0,22.387,1074.0,2.8864
TSN1@FaFM,wfjsp16_5.txt,1,926.0,43.0501,904.0,2.4336
TSN1@FaFM,wfjsp16_5.txt,2,938.0,37.7099,904.0,3.7611
TSN1@FaFM,wfjsp16_5.txt,3,927.0,19.8721,904.0,2.5442
TSN1@FaFM,wfjsp16_5.txt,4,935.0,45.3724,904.0,3.4292
TSN1@FaFM,wfjsp16_5.txt,5,938.0,20.3873,904.0,3.7611
TSN1@FaFM,wfjsp16_6.txt,1,1241.0,60.7122,1222.0,1.5548
TSN1@FaFM,wfjsp16_6.txt,2,1259.0,43.6736,1222.0,3.0278
TSN1@FaFM,wfjsp16_6.txt,3,1254.0,61.5723,1222.0,2.6187
TSN1@FaFM,wfjsp16_6.txt,4,1257.0,47.2318,1222.0,2.8642
TSN1@FaFM,wfjsp16_6.txt,5,1252.0,43.7884,1222.0,2.455
TSN1@FaFM,wfjsp16_7.txt,1,1126.0,45.3787,1094.0,2.925
TSN1@FaFM,wfjsp16_7.txt,2,1119.0,49.5265,1094.0,2.2852
TSN1@FaFM,wfjsp16_7.txt,3,1119.0,55.8433,1094.0,2.2852
TSN1@FaFM,wfjsp16_7.txt,4,1135.0,22.9602,1094.0,3.7477
TSN1@FaFM,wfjsp16_7.txt,5,1122.0,70.9119,1094.0,2.5594
TSN1@FaFM,wfjsp16_8.txt,1,1073.0,34.4299,1049.0,2.2879
TSN1@FaFM,wfjsp16_8.txt,2,1072.0,23.7047,1049.0,2.1926
TSN1@FaFM,wfjsp16_8.txt,3,1075.0,20.0312,1049.0,2.4786
TSN1@FaFM,wfjsp16_8.txt,4,1076.0,27.4469,1049.0,2.5739
TSN1@FaFM,wfjsp16_8.txt,5,1080.0,22.0686,1049.0,2.9552
TSN1@FaFM,wfjsp16_9.txt,1,1081.0,35.185,1055.0,2.4645
TSN1@FaFM,wfjsp16_9.txt,2,1086.0,26.0423,1055.0,2.9384
TSN1@FaFM,wfjsp16_9.txt,3,1085.0,40.6652,1055.0,2.8436
TSN1@FaFM,wfjsp16_9.txt,4,1077.0,40.6176,1055.0,2.0853
TSN1@FaFM,wfjsp16_9.txt,5,1082.0,48.5789,1055.0,2.5592
TSN1@FaFM,wfjsp17_1.txt,1,1644.0,20.945,1585.0,3.7224
TSN1@FaFM,wfjsp17_1.txt,2,1653.0,25.9625,1585.0,4.2902
TSN1@FaFM,wfjsp17_1.txt,3,1648.0,16.1135,1585.0,3.9748
TSN1@FaFM,wfjsp17_1.txt,4,1660.0,12.4108,1585.0,4.7319
TSN1@FaFM,wfjsp17_1.txt,5,1637.0,18.8604,1585.0,3.2808
TSN1@FaFM,wfjsp17_10.txt,1,1795.0,10.8959,1750.0,2.5714
TSN1@FaFM,wfjsp17_10.txt,2,1784.0,24.1842,1750.0,1.9429
TSN1@FaFM,wfjsp17_10.txt,3,1786.0,20.2885,1750.0,2.0571
TSN1@FaFM,wfjsp17_10.txt,4,1794.0,13.3817,1750.0,2.5143
TSN1@FaFM,wfjsp17_10.txt,5,1791.0,23.3345,1750.0,2.3429
TSN1@FaFM,wfjsp17_2.txt,1,1786.0,13.7445,1731.0,3.1774
TSN1@FaFM,wfjsp17_2.txt,2,1791.0,14.4372,1731.0,3.4662
TSN1@FaFM,wfjsp17_2.txt,3,1777.0,20.5059,1731.0,2.6574
TSN1@FaFM,wfjsp17_2.txt,4,1784.0,15.5681,1731.0,3.0618
TSN1@FaFM,wfjsp17_2.txt,5,1781.0,23.0197,1731.0,2.8885
TSN1@FaFM,wfjsp17_3.txt,1,1892.0,26.1465,1836.0,3.0501
TSN1@FaFM,wfjsp17_3.txt,2,1878.0,19.6931,1836.0,2.2876
TSN1@FaFM,wfjsp17_3.txt,3,1909.0,16.2555,1836.0,3.976
TSN1@FaFM,wfjsp17_3.txt,4,1881.0,43.661,1836.0,2.451
TSN1@FaFM,wfjsp17_3.txt,5,1876.0,24.5611,1836.0,2.1786
TSN1@FaFM,wfjsp17_4.txt,1,1726.0,9.25429,1670.0,3.3533
TSN1@FaFM,wfjsp17_4.txt,2,1738.0,15.5016,1670.0,4.0719
TSN1@FaFM,wfjsp17_4.txt,3,1722.0,17.5093,1670.0,3.1138
TSN1@FaFM,wfjsp17_4.txt,4,1725.0,10.6688,1670.0,3.2934
TSN1@FaFM,wfjsp17_4.txt,5,1721.0,24.6713,1670.0,3.0539
TSN1@FaFM,wfjsp17_5.txt,1,1586.0,13.5526,1558.0,1.7972
TSN1@FaFM,wfjsp17_5.txt,2,1580.0,12.6019,1558.0,1.4121
TSN1@FaFM,wfjsp17_5.txt,3,1585.0,12.2143,1558.0,1.733
TSN1@FaFM,wfjsp17_5.txt,4,1587.0,11.5687,1558.0,1.8614
TSN1@FaFM,wfjsp17_5.txt,5,1579.0,21.8946,1558.0,1.3479
TSN1@FaFM,wfjsp17_6.txt,1,1752.0,19.9308,1708.0,2.5761
TSN1@FaFM,wfjsp17_6.txt,2,1743.0,21.3149,1708.0,2.0492
TSN1@FaFM,wfjsp17_6.txt,3,1747.0,13.7755,1708.0,2.2834
TSN1@FaFM,wfjsp17_6.txt,4,1745.0,21.8125,1708.0,2.1663
TSN1@FaFM,wfjsp17_6.txt,5,1743.0,24.1287,1708.0,2.0492
TSN1@FaFM,wfjsp17_7.txt,1,1653.0,22.5124,1598.0,3.4418
TSN1@FaFM,wfjsp17_7.txt,2,1664.0,27.8924,1598.0,4.1302
TSN1@FaFM,wfjsp17_7.txt,3,1661.0,11.3201,1598.0,3.9424
TSN1@FaFM,wfjsp17_7.txt,4,1656.0,22.4769,1598.0,3.6295
TSN1@FaFM,wfjsp17_7.txt,5,1661.0,11.3555,1598.0,3.9424
TSN1@FaFM,wfjsp17_8.txt,1,1762.0,13.5719,1717.0,2.6209
TSN1@FaFM,wfjsp17_8.txt,2,1762.0,19.2724,1717.0,2.6209
TSN1@FaFM,wfjsp17_8.txt,3,1746.0,10.8431,1717.0,1.689
TSN1@FaFM,wfjsp17_8.txt,4,1753.0,19.8813,1717.0,2.0967
TSN1@FaFM,wfjsp17_8.txt,5,1761.0,25.1359,1717.0,2.5626
TSN1@FaFM,wfjsp17_9.txt,1,1662.0,11.8728,1593.0,4.3315
TSN1@FaFM,wfjsp17_9.txt,2,1644.0,15.0931,1593.0,3.2015
TSN1@FaFM,wfjsp17_9.txt,3,1656.0,15.4695,1593.0,3.9548
TSN1@FaFM,wfjsp17_9.txt,4,1660.0,13.5443,1593.0,4.2059
TSN1@FaFM,wfjsp17_9.txt,5,1644.0,20.8723,1593.0,3.2015
TSN1@FaFM,wfjsp18_1.txt,1,970.0,33.2464,929.0,4.4133
TSN1@FaFM,wfjsp18_1.txt,2,974.0,8.94355,929.0,4.8439
TSN1@FaFM,wfjsp18_1.txt,3,982.0,8.98608,929.0,5.7051
TSN1@FaFM,wfjsp18_1.txt,4,977.0,8.89629,929.0,5.1668
TSN1@FaFM,wfjsp18_1.txt,5,977.0,17.9205,929.0,5.1668
TSN1@FaFM,wfjsp18_10.txt,1,1070.0,22.8772,1019.0,5.0049
TSN1@FaFM,wfjsp18_10.txt,2,1069.0,13.4536,1019.0,4.9068
TSN1@FaFM,wfjsp18_10.txt,3,1063.0,21.772,1019.0,4.318
TSN1@FaFM,wfjsp18_10.txt,4,1076.0,10.015,1019.0,5.5937
TSN1@FaFM,wfjsp18_10.txt,5,1072.0,11.8247,1019.0,5.2012
TSN1@FaFM,wfjsp18_2.txt,1,1060.0,13.2474,1010.0,4.9505
TSN1@FaFM,wfjsp18_2.txt,2,1057.0,22.4753,1010.0,4.6535
TSN1@FaFM,wfjsp18_2.txt,3,1057.0,19.7192,1010.0,4.6535
TSN1@FaFM,wfjsp18_2.txt,4,1051.0,20.5296,1010.0,4.0594
TSN1@FaFM,wfjsp18_2.txt,5,1053.0,15.3185,1010.0,4.2574
TSN1@FaFM,wfjsp18_3.txt,1,1172.0,9.17163,1120.0,4.6429
TSN1@FaFM,wfjsp18_3.txt,2,1169.0,13.4022,1120.0,4.375
TSN1@FaFM,wfjsp18_3.txt,3,1180.0,13.397,1120.0,5.3571
TSN1@FaFM,wfjsp18_3.txt,4,1166.0,11.4803,1120.0,4.1071
TSN1@FaFM,wfjsp18_3.txt,5,1162.0,25.4959,1120.0,3.75
TSN1@FaFM,wfjsp18_4.txt,1,1088.0,24.1337,1037.0,4.918
TSN1@FaFM,wfjsp18_4.txt,2,1076.0,20.0174,1037.0,3.7608
TSN1@FaFM,wfjsp18_4.txt,3,1082.0,8.7496,1037.0,4.3394
TSN1@FaFM,wfjsp18_4.txt,4,1078.0,17.1288,1037.0,3.9537
TSN1@FaFM,wfjsp18_4.txt,5,1071.0,14.3369,1037.0,3.2787
TSN1@FaFM,wfjsp18_5.txt,1,906.0,31.533,854.0,6.089
TSN1@FaFM,wfjsp18_5.txt,2,917.0,7.20749,854.0,7.377
TSN1@FaFM,wfjsp18_5.txt,3,909.0,18.7986,854.0,6.4403
TSN1@FaFM,wfjsp18_5.txt,4,913.0,10.8809,854.0,6.9087
TSN1@FaFM,wfjsp18_5.txt,5,894.0,19.1624,854.0,4.6838
TSN1@FaFM,wfjsp18_6.txt,1,1129.0,17.5912,1084.0,4.1513
TSN1@FaFM,wfjsp18_6.txt,2,1123.0,26.9193,1084.0,3.5978
TSN1@FaFM,wfjsp18_6.txt,3,1132.0,24.0092,1084.0,4.428
TSN1@FaFM,wfjsp18_6.txt,4,1128.0,16.1216,1084.0,4.059
TSN1@FaFM,wfjsp18_6.txt,5,1134.0,16.5136,1084.0,4.6125
TSN1@FaFM,wfjsp18_7.txt,1,1044.0,24.9951,1003.0,4.0877
TSN1@FaFM,wfjsp18_7.txt,2,1049.0,13.9596,1003.0,4.5862
TSN1@FaFM,wfjsp18_7.txt,3,1053.0,8.8107,1003.0,4.985
TSN1@FaFM,wfjsp18_7.txt,4,1049.0,19.5659,1003.0,4.5862
TSN1@FaFM,wfjsp18_7.txt,5,1046.0,21.9947,1003.0,4.2871
TSN1@FaFM,wfjsp18_8.txt,1,1022.0,25.3157,990.0,3.2323
TSN1@FaFM,wfjsp18_8.txt,2,1024.0,20.6569,990.0,3.4343
TSN1@FaFM,wfjsp18_8.txt,3,1027.0,21.7585,990.0,3.7374
TSN1@FaFM,wfjsp18_8.txt,4,1028.0,12.8495,990.0,3.8384
TSN1@FaFM,wfjsp18_8.txt,5,1027.0,25.9652,990.0,3.7374
TSN1@FaFM,wfjsp18_9.txt,1,985.0,19.3323,944.0,4.3432
TSN1@FaFM,wfjsp18_9.txt,2,987.0,18.4408,944.0,4.5551
TSN1@FaFM,wfjsp18_9.txt,3,985.0,11.8083,944.0,4.3432
TSN1@FaFM,wfjsp18_9.txt,4,998.0,9.60796,944.0,5.7203
TSN1@FaFM,wfjsp18_9.txt,5,984.0,21.3446,944.0,4.2373
TSN1@FaFM,wfjsp19_1.txt,1,1240.0,12.8244,1196.0,3.6789
TSN1@FaFM,wfjsp19_1.txt,2,1238.0,20.4711,1196.0,3.5117
TSN1@FaFM,wfjsp19_1.txt,3,1235.0,13.2224,1196.0,3.2609
TSN1@FaFM,wfjsp19_1.txt,4,1237.0,26.5694,1196.0,3.4281
TSN1@FaFM,wfjsp19_1.txt,5,1238.0,21.5855,1196.0,3.5117
TSN1@FaFM,wfjsp19_10.txt,1,1387.0,9.04249,1351.0,2.6647
TSN1@FaFM,wfjsp19_10.txt,2,1398.0,9.56114,1351.0,3.4789
TSN1@FaFM,wfjsp19_10.txt,3,1389.0,26.059,1351.0,2.8127
TSN1@FaFM,wfjsp19_10.txt,4,1402.0,11.4975,1351.0,3.775
TSN1@FaFM,wfjsp19_10.txt,5,1392.0,21.908,1351.0,3.0348
TSN1@FaFM,wfjsp19_2.txt,1,1515.0,13.0926,1471.0,2.9912
TSN1@FaFM,wfjsp19_2.txt,2,1508.0,19.796,1471.0,2.5153
TSN1@FaFM,wfjsp19_2.txt,3,1517.0,19.381,1471.0,3.1271
TSN1@FaFM,wfjsp19_2.txt,4,1502.0,22.2225,1471.0,2.1074
TSN1@FaFM,wfjsp19_2.txt,5,1521.0,18.2512,1471.0,3.399
TSN1@FaFM,wfjsp19_3.txt,1,1458.0,42.6593,1406.0,3.6984
TSN1@FaFM,wfjsp19_3.txt,2,1469.0,29.1777,1406.0,4.4808
TSN1@FaFM,wfjsp19_3.txt,3,1471.0,11.0587,1406.0,4.623
TSN1@FaFM,wfjsp19_3.txt,4,1479.0,27.023,1406.0,5.192
TSN1@FaFM,wfjsp19_3.txt,5,1466.0,36.4057,1406.0,4.2674
TSN1@FaFM,wfjsp19_4.txt,1,1435.0,18.5646,1398.0,2.6466
TSN1@FaFM,wfjsp19_4.txt,2,1441.0,35.5485,1398.0,3.0758
TSN1@FaFM,wfjsp19_4.txt,3,1431.0,25.2181,1398.0,2.3605
TSN1@FaFM,wfjsp19_4.txt,4,1445.0,28.2606,1398.0,3.3619
TSN1@FaFM,wfjsp19_4.txt,5,1462.0,9.85754,1398.0,4.578
TSN1@FaFM,wfjsp19_5.txt,1,1490.0,24.7389,1444.0,3.1856
TSN1@FaFM,wfjsp19_5.txt,2,1505.0,20.4808,1444.0,4.2244
TSN1@FaFM,wfjsp19_5.txt,3,1508.0,11.686,1444.0,4.4321
TSN1@FaFM,wfjsp19_5.txt,4,1493.0,20.1253,1444.0,3.3934
TSN1@FaFM,wfjsp19_5.txt,5,1493.0,12.0653,1444.0,3.3934
TSN1@FaFM,wfjsp19_6.txt,1,1202.0,8.73138,1158.0,3.7997
TSN1@FaFM,wfjsp19_6.txt,2,1209.0,8.56591,1158.0,4.4041
TSN1@FaFM,wfjsp19_6.txt,3,1203.0,10.9929,1158.0,3.886
TSN1@FaFM,wfjsp19_6.txt,4,1190.0,25.9476,1158.0,2.7634
TSN1@FaFM,wfjsp19_6.txt,5,1200.0,15.474,1158.0,3.6269
TSN1@FaFM,wfjsp19_7.txt,1,1284.0,21.574,1236.0,3.8835
TSN1@FaFM,wfjsp19_7.txt,2,1290.0,19.8336,1236.0,4.3689
TSN1@FaFM,wfjsp19_7.txt,3,1297.0,12.6859,1236.0,4.9353
TSN1@FaFM,wfjsp19_7.txt,4,1288.0,43.1899,1236.0,4.2071
TSN1@FaFM,wfjsp19_7.txt,5,1300.0,38.0253,1236.0,5.178
TSN1@FaFM,wfjsp19_8.txt,1,1306.0,28.201,1250.0,4.48
TSN1@FaFM,wfjsp19_8.txt,2,1298.0,10.8953,1250.0,3.84
TSN1@FaFM,wfjsp19_8.txt,3,1309.0,18.4108,1250.0,4.72
TSN1@FaFM,wfjsp19_8.txt,4,1301.0,17.6097,1250.0,4.08
TSN1@FaFM,wfjsp19_8.txt,5,1305.0,16.957,1250.0,4.4
TSN1@FaFM,wfjsp19_9.txt,1,1434.0,15.4018,1388.0,3.3141
TSN1@FaFM,wfjsp19_9.txt,2,1432.0,35.005,1388.0,3.17
TSN1@FaFM,wfjsp19_9.txt,3,1448.0,21.0044,1388.0,4.3228
TSN1@FaFM,wfjsp19_9.txt,4,1434.0,40.6171,1388.0,3.3141
TSN1@FaFM,wfjsp19_9.txt,5,1440.0,20.6197,1388.0,3.7464
TSN1@FaFM,wfjsp1_1.txt,1,274.0,0.293157,268.0,2.2388
TSN1@FaFM,wfjsp1_1.txt,2,268.0,0.382162,268.0,0.0
TSN1@FaFM,wfjsp1_1.txt,3,271.0,0.461672,268.0,1.1194
TSN1@FaFM,wfjsp1_1.txt,4,268.0,0.521862,268.0,0.0
TSN1@FaFM,wfjsp1_1.txt,5,271.0,0.317829,268.0,1.1194
TSN1@FaFM,wfjsp1_10.txt,1,317.0,0.233203,316.0,0.3165
TSN1@FaFM,wfjsp1_10.txt,2,316.0,0.429173,316.0,0.0
TSN1@FaFM,wfjsp1_10.txt,3,316.0,0.214308,316.0,0.0
TSN1@FaFM,wfjsp1_10.txt,4,316.0,0.270261,316.0,0.0
TSN1@FaFM,wfjsp1_10.txt,5,316.0,0.398585,316.0,0.0
TSN1@FaFM,wfjsp1_2.txt,1,287.0,0.245936,287.0,0.0
TSN1@FaFM,wfjsp1_2.txt,2,287.0,0.289247,287.0,0.0
TSN1@FaFM,wfjsp1_2.txt,3,287.0,0.256846,287.0,0.0
TSN1@FaFM,wfjsp1_2.txt,4,287.0,0.259997,287.0,0.0
TSN1@FaFM,wfjsp1_2.txt,5,287.0,0.283238,287.0,0.0
TSN1@FaFM,wfjsp1_3.txt,1,347.0,0.332,347.0,0.0
TSN1@FaFM,wfjsp1_3.txt,2,358.0,0.373102,347.0,3.17
TSN1@FaFM,wfjsp1_3.txt,3,350.0,0.287731,347.0,0.8646
TSN1@FaFM,wfjsp1_3.txt,4,354.0,0.333404,347.0,2.0173
TSN1@FaFM,wfjsp1_3.txt,5,350.0,0.351407,347.0,0.8646
TSN1@FaFM,wfjsp1_4.txt,1,316.0,0.453381,315.0,0.3175
TSN1@FaFM,wfjsp1_4.txt,2,316.0,0.32979,315.0,0.3175
TSN1@FaFM,wfjsp1_4.txt,3,316.0,0.575918,315.0,0.3175
TSN1@FaFM,wfjsp1_4.txt,4,316.0,0.366634,315.0,0.3175
TSN1@FaFM,wfjsp1_4.txt,5,317.0,0.545655,315.0,0.6349
TSN1@FaFM,wfjsp1_5.txt,1,265.0,0.207593,265.0,0.0
TSN1@FaFM,wfjsp1_5.txt,2,265.0,0.216324,265.0,0.0
TSN1@FaFM,wfjsp1_5.txt,3,265.0,0.184582,265.0,0.0
TSN1@FaFM,wfjsp1_5.txt,4,265.0,0.277639,265.0,0.0
TSN1@FaFM,wfjsp1_5.txt,5,265.0,0.215733,265.0,0.0
TSN1@FaFM,wfjsp1_6.txt,1,291.0,0.353988,291.0,0.0
TSN1@FaFM,wfjsp1_6.txt,2,291.0,0.241331,291.0,0.0
TSN1@FaFM,wfjsp1_6.txt,3,291.0,0.214699,291.0,0.0
TSN1@FaFM,wfjsp1_6.txt,4,291.0,0.240617,291.0,0.0
TSN1@FaFM,wfjsp1_6.txt,5,292.0,0.227839,291.0,0.3436
TSN1@FaFM,wfjsp1_7.txt,1,268.0,0.40859,265.0,1.1321
TSN1@FaFM,wfjsp1_7.txt,2,268.0,0.403461,265.0,1.1321
TSN1@FaFM,wfjsp1_7.txt,3,268.0,0.389145,265.0,1.1321
TSN1@FaFM,wfjsp1_7.txt,4,265.0,0.436931,265.0,0.0
TSN1@FaFM,wfjsp1_7.txt,5,265.0,0.68471,265.0,0.0
TSN1@FaFM,wfjsp1_8.txt,1,328.0,0.298164,328.0,0.0
TSN1@FaFM,wfjsp1_8.txt,2,328.0,0.294222,328.0,0.0
TSN1@FaFM,wfjsp1_8.txt,3,328.0,0.265479,328.0,0.0
TSN1@FaFM,wfjsp1_8.txt,4,328.0,0.291748,328.0,0.0
TSN1@FaFM,wfjsp1_8.txt,5,330.0,0.275511,328.0,0.6098
TSN1@FaFM,wfjsp1_9.txt,1,254.0,0.163055,252.0,0.7937
TSN1@FaFM,wfjsp1_9.txt,2,254.0,0.177402,252.0,0.7937
TSN1@FaFM,wfjsp1_9.txt,3,254.0,0.167968,252.0,0.7937
TSN1@FaFM,wfjsp1_9.txt,4,254.0,0.182728,252.0,0.7937
TSN1@FaFM,wfjsp1_9.txt,5,254.0,0.177146,252.0,0.7937
TSN1@FaFM,wfjsp20_1.txt,1,1130.0,13.5764,1105.0,2.2624
TSN1@FaFM,wfjsp20_1.txt,2,1127.0,14.3941,1105.0,1.991
TSN1@FaFM,wfjsp20_1.txt,3,1127.0,8.34417,1105.0,1.991
TSN1@FaFM,wfjsp20_1.txt,4,1127.0,15.5056,1105.0,1.991
TSN1@FaFM,wfjsp20_1.txt,5,1133.0,13.8486,1105.0,2.5339
TSN1@FaFM,wfjsp20_10.txt,1,1391.0,17.7489,1362.0,2.1292
TSN1@FaFM,wfjsp20_10.txt,2,1398.0,12.0163,1362.0,2.6432
TSN1@FaFM,wfjsp20_10.txt,3,1389.0,17.4647,1362.0,1.9824
TSN1@FaFM,wfjsp20_10.txt,4,1391.0,17.3059,1362.0,2.1292
TSN1@FaFM,wfjsp20_10.txt,5,1387.0,17.3698,1362.0,1.8355
TSN1@FaFM,wfjsp20_2.txt,1,1267.0,23.8589,1221.0,3.7674
TSN1@FaFM,wfjsp20_2.txt,2,1262.0,10.0685,1221.0,3.3579
TSN1@FaFM,wfjsp20_2.txt,3,1264.0,15.2295,1221.0,3.5217
TSN1@FaFM,wfjsp20_2.txt,4,1258.0,17.4601,1221.0,3.0303
TSN1@FaFM,wfjsp20_2.txt,5,1267.0,15.2257,1221.0,3.7674
TSN1@FaFM,wfjsp20_3.txt,1,1374.0,13.7729,1328.0,3.4639
TSN1@FaFM,wfjsp20_3.txt,2,1377.0,16.8462,1328.0,3.6898
TSN1@FaFM,wfjsp20_3.txt,3,1366.0,24.9001,1328.0,2.8614
TSN1@FaFM,wfjsp20_3.txt,4,1367.0,14.9183,1328.0,2.9367
TSN1@FaFM,wfjsp20_3.txt,5,1374.0,28.1865,1328.0,3.4639
TSN1@FaFM,wfjsp20_4.txt,1,1300.0,24.6956,1259.0,3.2566
TSN1@FaFM,wfjsp20_4.txt,2,1291.0,23.6253,1259.0,2.5417
TSN1@FaFM,wfjsp20_4.txt,3,1301.0,9.59877,1259.0,3.336
TSN1@FaFM,wfjsp20_4.txt,4,1292.0,17.3391,1259.0,2.6211
TSN1@FaFM,wfjsp20_4.txt,5,1291.0,27.4179,1259.0,2.5417
TSN1@FaFM,wfjsp20_5.txt,1,1089.0,14.9148,1058.0,2.9301
TSN1@FaFM,wfjsp20_5.txt,2,1087.0,10.7841,1058.0,2.741
TSN1@FaFM,wfjsp20_5.txt,3,1090.0,9.04222,1058.0,3.0246
TSN1@FaFM,wfjsp20_5.txt,4,1084.0,8.62409,1058.0,2.4575
TSN1@FaFM,wfjsp20_5.txt,5,1084.0,8.42054,1058.0,2.4575
TSN1@FaFM,wfjsp20_6.txt,1,1417.0,21.0797,1381.0,2.6068
TSN1@FaFM,wfjsp20_6.txt,2,1425.0,25.5145,1381.0,3.1861
TSN1@FaFM,wfjsp20_6.txt,3,1425.0,9.94941,1381.0,3.1861
TSN1@FaFM,wfjsp20_6.txt,4,1414.0,33.7673,1381.0,2.3896
TSN1@FaFM,wfjsp20_6.txt,5,1421.0,16.9957,1381.0,2.8965
TSN1@FaFM,wfjsp20_7.txt,1,1259.0,14.9027,1224.0,2.8595
TSN1@FaFM,wfjsp20_7.txt,2,1264.0,11.7119,1224.0,3.268
TSN1@FaFM,wfjsp20_7.txt,3,1262.0,19.4074,1224.0,3.1046
TSN1@FaFM,wfjsp20_7.txt,4,1266.0,14.0459,1224.0,3.4314
TSN1@FaFM,wfjsp20_7.txt,5,1260.0,27.2515,1224.0,2.9412
TSN1@FaFM,wfjsp20_8.txt,1,1229.0,24.7254,1183.0,3.8884
TSN1@FaFM,wfjsp20_8.txt,2,1239.0,14.7258,1183.0,4.7337
TSN1@FaFM,wfjsp20_8.txt,3,1229.0,9.23262,1183.0,3.8884
TSN1@FaFM,wfjsp20_8.txt,4,1223.0,18.366,1183.0,3.3812
TSN1@FaFM,wfjsp20_8.txt,5,1229.0,18.52,1183.0,3.8884
TSN1@FaFM,wfjsp20_9.txt,1,1254.0,11.223,1200.0,4.5
TSN1@FaFM,wfjsp20_9.txt,2,1241.0,20.0909,1200.0,3.4167
TSN1@FaFM,wfjsp20_9.txt,3,1236.0,29.9733,1200.0,3.0
TSN1@FaFM,wfjsp20_9.txt,4,1243.0,21.9035,1200.0,3.5833
TSN1@FaFM,wfjsp20_9.txt,5,1245.0,21.8088,1200.0,3.75
TSN1@FaFM,wfjsp21_1.txt,1,1072.0,36.9291,1049.0,2.1926
TSN1@FaFM,wfjsp21_1.txt,2,1076.0,36.0593,1049.0,2.5739
TSN1@FaFM,wfjsp21_1.txt,3,1070.0,28.3625,1049.0,2.0019
TSN1@FaFM,wfjsp21_1.txt,4,1079.0,30.8677,1049.0,2.8599
TSN1@FaFM,wfjsp21_1.txt,5,1078.0,12.3754,1049.0,2.7645
TSN1@FaFM,wfjsp21_10.txt,1,1146.0,21.5764,1120.0,2.3214
TSN1@FaFM,wfjsp21_10.txt,2,1152.0,27.9533,1120.0,2.8571
TSN1@FaFM,wfjsp21_10.txt,3,1152.0,16.8869,1120.0,2.8571
TSN1@FaFM,wfjsp21_10.txt,4,1149.0,14.0372,1120.0,2.5893
TSN1@FaFM,wfjsp21_10.txt,5,1140.0,27.9752,1120.0,1.7857
TSN1@FaFM,wfjsp21_2.txt,1,1183.0,27.6616,1171.0,1.0248
TSN1@FaFM,wfjsp21_2.txt,2,1194.0,26.1207,1171.0,1.9641
TSN1@FaFM,wfjsp21_2.txt,3,1193.0,46.3229,1171.0,1.8787
TSN1@FaFM,wfjsp21_2.txt,4,1203.0,28.4026,1171.0,2.7327
TSN1@FaFM,wfjsp21_2.txt,5,1196.0,29.4514,1171.0,2.1349
TSN1@FaFM,wfjsp21_3.txt,1,1087.0,21.9395,1046.0,3.9197
TSN1@FaFM,wfjsp21_3.txt,2,1103.0,24.6957,1046.0,5.4493
TSN1@FaFM,wfjsp21_3.txt,3,1088.0,20.067,1046.0,4.0153
TSN1@FaFM,wfjsp21_3.txt,4,1091.0,27.5198,1046.0,4.3021
TSN1@FaFM,wfjsp21_3.txt,5,1093.0,24.9512,1046.0,4.4933
TSN1@FaFM,wfjsp21_4.txt,1,1108.0,36.2149,1095.0,1.1872
TSN1@FaFM,wfjsp21_4.txt,2,1112.0,19.4393,1095.0,1.5525
TSN1@FaFM,wfjsp21_4.txt,3,1117.0,30.8781,1095.0,2.0091
TSN1@FaFM,wfjsp21_4.txt,4,1107.0,18.1287,1095.0,1.0959
TSN1@FaFM,wfjsp21_4.txt,5,1109.0,25.9676,1095.0,1.2785
TSN1@FaFM,wfjsp21_5.txt,1,1005.0,22.2715,984.0,2.1341
TSN1@FaFM,wfjsp21_5.txt,2,1007.0,29.9185,984.0,2.3374
TSN1@FaFM,wfjsp21_5.txt,3,1010.0,15.5124,984.0,2.6423
TSN1@FaFM,wfjsp21_5.txt,4,1010.0,18.1809,984.0,2.6423
TSN1@FaFM,wfjsp21_5.txt,5,1004.0,20.8227,984.0,2.0325
TSN1@FaFM,wfjsp21_6.txt,1,1222.0,28.0966,1204.0,1.495
TSN1@FaFM,wfjsp21_6.txt,2,1228.0,30.3324,1204.0,1.9934
TSN1@FaFM,wfjsp21_6.txt,3,1231.0,14.4587,1204.0,2.2425
TSN1@FaFM,wfjsp21_6.txt,4,1227.0,25.9933,1204.0,1.9103
TSN1@FaFM,wfjsp21_6.txt,5,1222.0,30.6572,1204.0,1.495
TSN1@FaFM,wfjsp21_7.txt,1,1084.0,18.2747,1015.0,6.798
TSN1@FaFM,wfjsp21_7.txt,2,1081.0,28.7652,1015.0,6.5025
TSN1@FaFM,wfjsp21_7.txt,3,1085.0,17.4482,1015.0,6.8966
TSN1@FaFM,wfjsp21_7.txt,4,1083.0,18.0421,1015.0,6.6995
TSN1@FaFM,wfjsp21_7.txt,5,1071.0,25.0178,1015.0,5.5172
TSN1@FaFM,wfjsp21_8.txt,1,1096.0,35.7781,1088.0,0.7353
TSN1@FaFM,wfjsp21_8.txt,2,1093.0,28.1389,1088.0,0.4596
TSN1@FaFM,wfjsp21_8.txt,3,1089.0,23.4503,1088.0,0.0919
TSN1@FaFM,wfjsp21_8.txt,4,1093.0,25.5205,1088.0,0.4596
TSN1@FaFM,wfjsp21_8.txt,5,1095.0,37.4874,1088.0,0.6434
TSN1@FaFM,wfjsp21_9.txt,1,1197.0,17.5568,1129.0,6.023
TSN1@FaFM,wfjsp21_9.txt,2,1190.0,18.2936,1129.0,5.403
TSN1@FaFM,wfjsp21_9.txt,3,1183.0,36.6648,1129.0,4.783
TSN1@FaFM,wfjsp21_9.txt,4,1198.0,14.9615,1129.0,6.1116
TSN1@FaFM,wfjsp21_9.txt,5,1190.0,19.2091,1129.0,5.403
TSN1@FaFM,wfjsp22_1.txt,1,922.0,13.3687,903.0,2.1041
TSN1@FaFM,wfjsp22_1.txt,2,918.0,12.3434,903.0,1.6611
TSN1@FaFM,wfjsp22_1.txt,3,921.0,16.7868,903.0,1.9934
TSN1@FaFM,wfjsp22_1.txt,4,932.0,12.86,903.0,3.2115
TSN1@FaFM,wfjsp22_1.txt,5,923.0,24.6699,903.0,2.2148
TSN1@FaFM,wfjsp22_10.txt,1,1097.0,30.8722,1084.0,1.1993
TSN1@FaFM,wfjsp22_10.txt,2,1091.0,31.8369,1084.0,0.6458
TSN1@FaFM,wfjsp22_10.txt,3,1098.0,15.7947,1084.0,1.2915
TSN1@FaFM,wfjsp22_10.txt,4,1098.0,17.1452,1084.0,1.2915
TSN1@FaFM,wfjsp22_10.txt,5,1092.0,24.9517,1084.0,0.738
TSN1@FaFM,wfjsp22_2.txt,1,973.0,15.8188,957.0,1.6719
TSN1@FaFM,wfjsp22_2.txt,2,990.0,21.3287,957.0,3.4483
TSN1@FaFM,wfjsp22_2.txt,3,990.0,22.4386,957.0,3.4483
TSN1@FaFM,wfjsp22_2.txt,4,981.0,15.6247,957.0,2.5078
TSN1@FaFM,wfjsp22_2.txt,5,984.0,20.5541,957.0,2.8213
TSN1@FaFM,wfjsp22_3.txt,1,1052.0,37.6805,1024.0,2.7344
TSN1@FaFM,wfjsp22_3.txt,2,1053.0,23.4693,1024.0,2.832
TSN1@FaFM,wfjsp22_3.txt,3,1054.0,12.8689,1024.0,2.9297
TSN1@FaFM,wfjsp22_3.txt,4,1051.0,22.6988,1024.0,2.6367
TSN1@FaFM,wfjsp22_3.txt,5,1054.0,22.6491,1024.0,2.9297
TSN1@FaFM,wfjsp22_4.txt,1,1002.0,22.7532,989.0,1.3145
TSN1@FaFM,wfjsp22_4.txt,2,1010.0,18.9656,989.0,2.1234
TSN1@FaFM,wfjsp22_4.txt,3,991.0,23.9146,989.0,0.2022
TSN1@FaFM,wfjsp22_4.txt,4,1007.0,14.278,989.0,1.82
TSN1@FaFM,wfjsp22_4.txt,5,1008.0,14.3001,989.0,1.9211
TSN1@FaFM,wfjsp22_5.txt,1,880.0,28.5344,874.0,0.6865
TSN1@FaFM,wfjsp22_5.txt,2,879.0,16.8351,874.0,0.5721
TSN1@FaFM,wfjsp22_5.txt,3,893.0,14.5324,874.0,2.1739
TSN1@FaFM,wfjsp22_5.txt,4,881.0,18.4506,874.0,0.8009
TSN1@FaFM,wfjsp22_5.txt,5,879.0,29.0812,874.0,0.5721
TSN1@FaFM,wfjsp22_6.txt,1,1127.0,33.5033,1114.0,1.167
TSN1@FaFM,wfjsp22_6.txt,2,1129.0,30.8296,1114.0,1.3465
TSN1@FaFM,wfjsp22_6.txt,3,1135.0,25.8538,1114.0,1.8851
TSN1@FaFM,wfjsp22_6.txt,4,1131.0,25.9538,1114.0,1.526
TSN1@FaFM,wfjsp22_6.txt,5,1135.0,25.8579,1114.0,1.8851
TSN1@FaFM,wfjsp22_7.txt,1,1025.0,14.4782,994.0,3.1187
TSN1@FaFM,wfjsp22_7.txt,2,1030.0,20.2882,994.0,3.6217
TSN1@FaFM,wfjsp22_7.txt,3,1027.0,12.9151,994.0,3.3199
TSN1@FaFM,wfjsp22_7.txt,4,1025.0,11.9435,994.0,3.1187
TSN1@FaFM,wfjsp22_7.txt,5,1020.0,34.2795,994.0,2.6157
TSN1@FaFM,wfjsp22_8.txt,1,975.0,20.2813,946.0,3.0655
TSN1@FaFM,wfjsp22_8.txt,2,975.0,17.7976,946.0,3.0655
TSN1@FaFM,wfjsp22_8.txt,3,970.0,21.5777,946.0,2.537
TSN1@FaFM,wfjsp22_8.txt,4,974.0,21.9609,946.0,2.9598
TSN1@FaFM,wfjsp22_8.txt,5,974.0,12.251,946.0,2.9598
TSN1@FaFM,wfjsp22_9.txt,1,977.0,13.3153,944.0,3.4958
TSN1@FaFM,wfjsp22_9.txt,2,969.0,26.592,944.0,2.6483
TSN1@FaFM,wfjsp22_9.txt,3,970.0,14.7933,944.0,2.7542
TSN1@FaFM,wfjsp22_9.txt,4,979.0,18.6419,944.0,3.7076
TSN1@FaFM,wfjsp22_9.txt,5,975.0,24.8207,944.0,3.2839
TSN1@FaFM,wfjsp23_1.txt,1,1568.0,27.186,1519.0,3.2258
TSN1@FaFM,wfjsp23_1.txt,2,1567.0,38.3809,1519.0,3.16
TSN1@FaFM,wfjsp23_1.txt,3,1543.0,31.2247,1519.0,1.58
TSN1@FaFM,wfjsp23_1.txt,4,1570.0,43.8211,1519.0,3.3575
TSN1@FaFM,wfjsp23_1.txt,5,1568.0,22.9663,1519.0,3.2258
TSN1@FaFM,wfjsp23_10.txt,1,1775.0,45.0816,1727.0,2.7794
TSN1@FaFM,wfjsp23_10.txt,2,1772.0,39.3599,1727.0,2.6057
TSN1@FaFM,wfjsp23_10.txt,3,1773.0,57.678,1727.0,2.6636
TSN1@FaFM,wfjsp23_10.txt,4,1761.0,34.8987,1727.0,1.9687
TSN1@FaFM,wfjsp23_10.txt,5,1767.0,57.1007,1727.0,2.3162
TSN1@FaFM,wfjsp23_2.txt,1,1654.0,23.0403,1595.0,3.6991
TSN1@FaFM,wfjsp23_2.txt,2,1650.0,23.7753,1595.0,3.4483
TSN1@FaFM,wfjsp23_2.txt,3,1644.0,50.07,1595.0,3.0721
TSN1@FaFM,wfjsp23_2.txt,4,1633.0,39.2507,1595.0,2.3824
TSN1@FaFM,wfjsp23_2.txt,5,1643.0,40.9768,1595.0,3.0094
TSN1@FaFM,wfjsp23_3.txt,1,1692.0,41.423,1657.0,2.1123
TSN1@FaFM,wfjsp23_3.txt,2,1701.0,38.5972,1657.0,2.6554
TSN1@FaFM,wfjsp23_3.txt,3,1696.0,46.0746,1657.0,2.3537
TSN1@FaFM,wfjsp23_3.txt,4,1714.0,35.3437,1657.0,3.44
TSN1@FaFM,wfjsp23_3.txt,5,1702.0,31.9162,1657.0,2.7158
TSN1@FaFM,wfjsp23_4.txt,1,1617.0,44.9238,1572.0,2.8626
TSN1@FaFM,wfjsp23_4.txt,2,1631.0,27.5429,1572.0,3.7532
TSN1@FaFM,wfjsp23_4.txt,3,1611.0,36.5124,1572.0,2.4809
TSN1@FaFM,wfjsp23_4.txt,4,1608.0,37.1303,1572.0,2.2901
TSN1@FaFM,wfjsp23_4.txt,5,1640.0,22.3593,1572.0,4.3257
TSN1@FaFM,wfjsp23_5.txt,1,1510.0,44.7909,1488.0,1.4785
TSN1@FaFM,wfjsp23_5.txt,2,1519.0,21.7904,1488.0,2.0833
TSN1@FaFM,wfjsp23_5.txt,3,1516.0,42.4963,1488.0,1.8817
TSN1@FaFM,wfjsp23_5.txt,4,1507.0,44.7342,1488.0,1.2769
TSN1@FaFM,wfjsp23_5.txt,5,1505.0,58.9772,1488.0,1.1425
TSN1@FaFM,wfjsp23_6.txt,1,1900.0,23.4131,1866.0,1.8221
TSN1@FaFM,wfjsp23_6.txt,2,1898.0,30.1533,1866.0,1.7149
TSN1@FaFM,wfjsp23_6.txt,3,1886.0,40.1649,1866.0,1.0718
TSN1@FaFM,wfjsp23_6.txt,4,1882.0,64.4155,1866.0,0.8574
TSN1@FaFM,wfjsp23_6.txt,5,1904.0,25.7511,1866.0,2.0364
TSN1@FaFM,wfjsp23_7.txt,1,1663.0,55.998,1601.0,3.8726
TSN1@FaFM,wfjsp23_7.txt,2,1699.0,21.6402,1601.0,6.1212
TSN1@FaFM,wfjsp23_7.txt,3,1680.0,74.7564,1601.0,4.9344
TSN1@FaFM,wfjsp23_7.txt,4,1676.0,50.9019,1601.0,4.6846
TSN1@FaFM,wfjsp23_7.txt,5,1674.0,45.6369,1601.0,4.5597
TSN1@FaFM,wfjsp23_8.txt,1,1643.0,79.347,1597.0,2.8804
TSN1@FaFM,wfjsp23_8.txt,2,1639.0,46.5068,1597.0,2.6299
TSN1@FaFM,wfjsp23_8.txt,3,1653.0,53.7965,1597.0,3.5066
TSN1@FaFM,wfjsp23_8.txt,4,1650.0,36.3424,1597.0,3.3187
TSN1@FaFM,wfjsp23_8.txt,5,1639.0,53.2587,1597.0,2.6299
TSN1@FaFM,wfjsp23_9.txt,1,1632.0,50.1454,1582.0,3.1606
TSN1@FaFM,wfjsp23_9.txt,2,1619.0,61.7587,1582.0,2.3388
TSN1@FaFM,wfjsp23_9.txt,3,1628.0,79.4627,1582.0,2.9077
TSN1@FaFM,wfjsp23_9.txt,4,1623.0,50.034,1582.0,2.5917
TSN1@FaFM,wfjsp23_9.txt,5,1631.0,55.7594,1582.0,3.0973
TSN1@FaFM,wfjsp24_1.txt,1,1212.0,32.7624,1201.0,0.9159
TSN1@FaFM,wfjsp24_1.txt,2,1226.0,22.0399,1201.0,2.0816
TSN1@FaFM,wfjsp24_1.txt,3,1218.0,15.6109,1201.0,1.4155
TSN1@FaFM,wfjsp24_1.txt,4,1219.0,22.3836,1201.0,1.4988
TSN1@FaFM,wfjsp24_1.txt,5,1218.0,20.074,1201.0,1.4155
TSN1@FaFM,wfjsp24_10.txt,1,1410.0,30.465,1407.0,0.2132
TSN1@FaFM,wfjsp24_10.txt,2,1401.0,25.3842,1407.0,-0.4264
TSN1@FaFM,wfjsp24_10.txt,3,1417.0,21.8426,1407.0,0.7107
TSN1@FaFM,wfjsp24_10.txt,4,1420.0,22.5339,1407.0,0.924
TSN1@FaFM,wfjsp24_10.txt,5,1422.0,31.9832,1407.0,1.0661
TSN1@FaFM,wfjsp24_2.txt,1,1255.0,53.097,1220.0,2.8689
TSN1@FaFM,wfjsp24_2.txt,2,1256.0,25.8756,1220.0,2.9508
TSN1@FaFM,wfjsp24_2.txt,3,1256.0,31.4249,1220.0,2.9508
TSN1@FaFM,wfjsp24_2.txt,4,1258.0,36.5133,1220.0,3.1148
TSN1@FaFM,wfjsp24_2.txt,5,1248.0,20.3169,1220.0,2.2951
TSN1@FaFM,wfjsp24_3.txt,1,1345.0,29.148,1330.0,1.1278
TSN1@FaFM,wfjsp24_3.txt,2,1343.0,39.335,1330.0,0.9774
TSN1@FaFM,wfjsp24_3.txt,3,1345.0,41.4246,1330.0,1.1278
TSN1@FaFM,wfjsp24_3.txt,4,1345.0,37.9292,1330.0,1.1278
TSN1@FaFM,wfjsp24_3.txt,5,1346.0,37.9317,1330.0,1.203
TSN1@FaFM,wfjsp24_4.txt,1,1337.0,28.0633,1300.0,2.8462
TSN1@FaFM,wfjsp24_4.txt,2,1323.0,50.0191,1300.0,1.7692
TSN1@FaFM,wfjsp24_4.txt,3,1340.0,25.8241,1300.0,3.0769
TSN1@FaFM,wfjsp24_4.txt,4,1337.0,25.7709,1300.0,2.8462
TSN1@FaFM,wfjsp24_4.txt,5,1332.0,39.2425,1300.0,2.4615
TSN1@FaFM,wfjsp24_5.txt,1,1131.0,43.8388,1113.0,1.6173
TSN1@FaFM,wfjsp24_5.txt,2,1140.0,15.5219,1113.0,2.4259
TSN1@FaFM,wfjsp24_5.txt,3,1134.0,34.7483,1113.0,1.8868
TSN1@FaFM,wfjsp24_5.txt,4,1135.0,40.8335,1113.0,1.9766
TSN1@FaFM,wfjsp24_5.txt,5,1131.0,39.525,1113.0,1.6173
TSN1@FaFM,wfjsp24_6.txt,1,1510.0,25.4683,1487.0,1.5467
TSN1@FaFM,wfjsp24_6.txt,2,1511.0,34.3626,1487.0,1.614
TSN1@FaFM,wfjsp24_6.txt,3,1501.0,29.031,1487.0,0.9415
TSN1@FaFM,wfjsp24_6.txt,4,1512.0,40.6143,1487.0,1.6812
TSN1@FaFM,wfjsp24_6.txt,5,1510.0,41.0935,1487.0,1.5467
TSN1@FaFM,wfjsp24_7.txt,1,1348.0,32.8943,1312.0,2.7439
TSN1@FaFM,wfjsp24_7.txt,2,1351.0,72.5312,1312.0,2.9726
TSN1@FaFM,wfjsp24_7.txt,3,1338.0,17.4998,1312.0,1.9817
TSN1@FaFM,wfjsp24_7.txt,4,1343.0,16.8637,1312.0,2.3628
TSN1@FaFM,wfjsp24_7.txt,5,1335.0,18.0443,1312.0,1.753
TSN1@FaFM,wfjsp24_8.txt,1,1293.0,29.1012,1263.0,2.3753
TSN1@FaFM,wfjsp24_8.txt,2,1300.0,29.1913,1263.0,2.9295
TSN1@FaFM,wfjsp24_8.txt,3,1289.0,25.7354,1263.0,2.0586
TSN1@FaFM,wfjsp24_8.txt,4,1293.0,28.2256,1263.0,2.3753
TSN1@FaFM,wfjsp24_8.txt,5,1287.0,34.4253,1263.0,1.9002
TSN1@FaFM,wfjsp24_9.txt,1,1289.0,34.2329,1269.0,1.576
TSN1@FaFM,wfjsp24_9.txt,2,1285.0,25.6394,1269.0,1.2608
TSN1@FaFM,wfjsp24_9.txt,3,1289.0,35.5967,1269.0,1.576
TSN1@FaFM,wfjsp24_9.txt,4,1289.0,63.381,1269.0,1.576
TSN1@FaFM,wfjsp24_9.txt,5,1289.0,23.3844,1269.0,1.576
TSN1@FaFM,wfjsp2_1.txt,1,336.0,0.715908,336.0,0.0
TSN1@FaFM,wfjsp2_1.txt,2,336.0,0.439171,336.0,0.0
TSN1@FaFM,wfjsp2_1.txt,3,336.0,0.404347,336.0,0.0
TSN1@FaFM,wfjsp2_1.txt,4,336.0,0.433009,336.0,0.0
TSN1@FaFM,wfjsp2_1.txt,5,336.0,0.597886,336.0,0.0
TSN1@FaFM,wfjsp2_10.txt,1,490.0,0.637121,489.0,0.2045
TSN1@FaFM,wfjsp2_10.txt,2,491.0,0.421933,489.0,0.409
TSN1@FaFM,wfjsp2_10.txt,3,491.0,0.406893,489.0,0.409
TSN1@FaFM,wfjsp2_10.txt,4,491.0,0.631318,489.0,0.409
TSN1@FaFM,wfjsp2_10.txt,5,489.0,0.425389,489.0,0.0
TSN1@FaFM,wfjsp2_2.txt,1,370.0,0.430816,368.0,0.5435
TSN1@FaFM,wfjsp2_2.txt,2,368.0,0.430345,368.0,0.0
TSN1@FaFM,wfjsp2_2.txt,3,368.0,0.373779,368.0,0.0
TSN1@FaFM,wfjsp2_2.txt,4,368.0,0.410291,368.0,0.0
TSN1@FaFM,wfjsp2_2.txt,5,370.0,0.417737,368.0,0.5435
TSN1@FaFM,wfjsp2_3.txt,1,421.0,0.456359,421.0,0.0
TSN1@FaFM,wfjsp2_3.txt,2,421.0,0.509377,421.0,0.0
TSN1@FaFM,wfjsp2_3.txt,3,421.0,0.456677,421.0,0.0
TSN1@FaFM,wfjsp2_3.txt,4,421.0,0.503491,421.0,0.0
TSN1@FaFM,wfjsp2_3.txt,5,421.0,0.492544,421.0,0.0
TSN1@FaFM,wfjsp2_4.txt,1,380.0,0.56897,378.0,0.5291
TSN1@FaFM,wfjsp2_4.txt,2,380.0,0.516551,378.0,0.5291
TSN1@FaFM,wfjsp2_4.txt,3,380.0,1.06729,378.0,0.5291
TSN1@FaFM,wfjsp2_4.txt,4,380.0,0.554024,378.0,0.5291
TSN1@FaFM,wfjsp2_4.txt,5,380.0,0.525852,378.0,0.5291
TSN1@FaFM,wfjsp2_5.txt,1,272.0,0.266158,270.0,0.7407
TSN1@FaFM,wfjsp2_5.txt,2,272.0,0.259898,270.0,0.7407
TSN1@FaFM,wfjsp2_5.txt,3,272.0,0.399522,270.0,0.7407
TSN1@FaFM,wfjsp2_5.txt,4,272.0,0.250248,270.0,0.7407
TSN1@FaFM,wfjsp2_5.txt,5,272.0,0.247424,270.0,0.7407
TSN1@FaFM,wfjsp2_6.txt,1,425.0,0.410663,416.0,2.1635
TSN1@FaFM,wfjsp2_6.txt,2,425.0,0.576814,416.0,2.1635
TSN1@FaFM,wfjsp2_6.txt,3,425.0,0.88622,416.0,2.1635
TSN1@FaFM,wfjsp2_6.txt,4,427.0,0.801627,416.0,2.6442
TSN1@FaFM,wfjsp2_6.txt,5,426.0,0.631826,416.0,2.4038
TSN1@FaFM,wfjsp2_7.txt,1,399.0,1.23314,395.0,1.0127
TSN1@FaFM,wfjsp2_7.txt,2,399.0,0.5451,395.0,1.0127
TSN1@FaFM,wfjsp2_7.txt,3,397.0,0.452072,395.0,0.5063
TSN1@FaFM,wfjsp2_7.txt,4,397.0,0.480508,395.0,0.5063
TSN1@FaFM,wfjsp2_7.txt,5,399.0,0.565302,395.0,1.0127
TSN1@FaFM,wfjsp2_8.txt,1,417.0,0.445702,414.0,0.7246
TSN1@FaFM,wfjsp2_8.txt,2,417.0,0.481468,414.0,0.7246
TSN1@FaFM,wfjsp2_8.txt,3,417.0,0.385408,414.0,0.7246
TSN1@FaFM,wfjsp2_8.txt,4,415.0,0.428712,414.0,0.2415
TSN1@FaFM,wfjsp2_8.txt,5,417.0,0.433447,414.0,0.7246
TSN1@FaFM,wfjsp2_9.txt,1,329.0,0.352113,329.0,0.0
TSN1@FaFM,wfjsp2_9.txt,2,329.0,0.371729,329.0,0.0
TSN1@FaFM,wfjsp2_9.txt,3,329.0,0.338202,329.0,0.0
TSN1@FaFM,wfjsp2_9.txt,4,329.0,0.340678,329.0,0.0
TSN1@FaFM,wfjsp2_9.txt,5,329.0,0.353063,329.0,0.0
TSN1@FaFM,wfjsp3_1.txt,1,424.0,0.862743,419.0,1.1933
TSN1@FaFM,wfjsp3_1.txt,2,423.0,0.658811,419.0,0.9547
TSN1@FaFM,wfjsp3_1.txt,3,428.0,0.611889,419.0,2.148
TSN1@FaFM,wfjsp3_1.txt,4,428.0,0.62407,419.0,2.148
TSN1@FaFM,wfjsp3_1.txt,5,423.0,0.651239,419.0,0.9547
TSN1@FaFM,wfjsp3_10.txt,1,455.0,0.690702,455.0,0.0
TSN1@FaFM,wfjsp3_10.txt,2,455.0,0.67223,455.0,0.0
TSN1@FaFM,wfjsp3_10.txt,3,455.0,0.635629,455.0,0.0
TSN1@FaFM,wfjsp3_10.txt,4,455.0,0.535116,455.0,0.0
TSN1@FaFM,wfjsp3_10.txt,5,455.0,0.660928,455.0,0.0
TSN1@FaFM,wfjsp3_2.txt,1,545.0,1.0829,543.0,0.3683
TSN1@FaFM,wfjsp3_2.txt,2,545.0,1.21109,543.0,0.3683
TSN1@FaFM,wfjsp3_2.txt,3,547.0,0.745563,543.0,0.7366
TSN1@FaFM,wfjsp3_2.txt,4,545.0,0.838008,543.0,0.3683
TSN1@FaFM,wfjsp3_2.txt,5,545.0,0.780532,543.0,0.3683
TSN1@FaFM,wfjsp3_3.txt,1,384.0,0.388315,383.0,0.2611
TSN1@FaFM,wfjsp3_3.txt,2,385.0,0.389374,383.0,0.5222
TSN1@FaFM,wfjsp3_3.txt,3,384.0,0.378084,383.0,0.2611
TSN1@FaFM,wfjsp3_3.txt,4,383.0,0.384071,383.0,0.0
TSN1@FaFM,wfjsp3_3.txt,5,383.0,0.389999,383.0,0.0
TSN1@FaFM,wfjsp3_4.txt,1,451.0,1.24087,443.0,1.8059
TSN1@FaFM,wfjsp3_4.txt,2,463.0,0.918053,443.0,4.5147
TSN1@FaFM,wfjsp3_4.txt,3,454.0,0.845554,443.0,2.4831
TSN1@FaFM,wfjsp3_4.txt,4,457.0,0.817986,443.0,3.1603
TSN1@FaFM,wfjsp3_4.txt,5,454.0,1.12885,443.0,2.4831
TSN1@FaFM,wfjsp3_5.txt,1,303.0,0.817415,284.0,6.6901
TSN1@FaFM,wfjsp3_5.txt,2,304.0,0.640539,284.0,7.0423
TSN1@FaFM,wfjsp3_5.txt,3,303.0,0.98699,284.0,6.6901
TSN1@FaFM,wfjsp3_5.txt,4,305.0,0.54057,284.0,7.3944
TSN1@FaFM,wfjsp3_5.txt,5,303.0,0.581965,284.0,6.6901
TSN1@FaFM,wfjsp3_6.txt,1,529.0,0.759117,529.0,0.0
TSN1@FaFM,wfjsp3_6.txt,2,529.0,1.34062,529.0,0.0
TSN1@FaFM,wfjsp3_6.txt,3,529.0,0.751915,529.0,0.0
TSN1@FaFM,wfjsp3_6.txt,4,530.0,1.45327,529.0,0.189
TSN1@FaFM,wfjsp3_6.txt,5,529.0,1.4831,529.0,0.0
TSN1@FaFM,wfjsp3_7.txt,1,355.0,0.951211,342.0,3.8012
TSN1@FaFM,wfjsp3_7.txt,2,359.0,0.502787,342.0,4.9708
TSN1@FaFM,wfjsp3_7.txt,3,356.0,0.477037,342.0,4.0936
TSN1@FaFM,wfjsp3_7.txt,4,352.0,1.33729,342.0,2.924
TSN1@FaFM,wfjsp3_7.txt,5,356.0,0.988702,342.0,4.0936
TSN1@FaFM,wfjsp3_8.txt,1,492.0,1.36418,492.0,0.0
TSN1@FaFM,wfjsp3_8.txt,2,498.0,0.681148,492.0,1.2195
TSN1@FaFM,wfjsp3_8.txt,3,492.0,0.946332,492.0,0.0
TSN1@FaFM,wfjsp3_8.txt,4,492.0,0.941711,492.0,0.0
TSN1@FaFM,wfjsp3_8.txt,5,497.0,0.716594,492.0,1.0163
TSN1@FaFM,wfjsp3_9.txt,1,535.0,0.706128,534.0,0.1873
TSN1@FaFM,wfjsp3_9.txt,2,535.0,0.624218,534.0,0.1873
TSN1@FaFM,wfjsp3_9.txt,3,535.0,0.699283,534.0,0.1873
TSN1@FaFM,wfjsp3_9.txt,4,535.0,0.561785,534.0,0.1873
TSN1@FaFM,wfjsp3_9.txt,5,536.0,0.71388,534.0,0.3745
TSN1@FaFM,wfjsp4_1.txt,1,283.0,0.957482,277.0,2.1661
TSN1@FaFM,wfjsp4_1.txt,2,285.0,1.34471,277.0,2.8881
TSN1@FaFM,wfjsp4_1.txt,3,283.0,3.00762,277.0,2.1661
TSN1@FaFM,wfjsp4_1.txt,4,284.0,0.954964,277.0,2.5271
TSN1@FaFM,wfjsp4_1.txt,5,284.0,2.61325,277.0,2.5271
TSN1@FaFM,wfjsp4_10.txt,1,296.0,0.831407,293.0,1.0239
TSN1@FaFM,wfjsp4_10.txt,2,295.0,1.12306,293.0,0.6826
TSN1@FaFM,wfjsp4_10.txt,3,295.0,0.683428,293.0,0.6826
TSN1@FaFM,wfjsp4_10.txt,4,296.0,0.790437,293.0,1.0239
TSN1@FaFM,wfjsp4_10.txt,5,295.0,0.718346,293.0,0.6826
TSN1@FaFM,wfjsp4_2.txt,1,357.0,1.73786,350.0,2.0
TSN1@FaFM,wfjsp4_2.txt,2,359.0,1.36312,350.0,2.5714
TSN1@FaFM,wfjsp4_2.txt,3,359.0,1.48297,350.0,2.5714
TSN1@FaFM,wfjsp4_2.txt,4,357.0,1.15218,350.0,2.0
TSN1@FaFM,wfjsp4_2.txt,5,354.0,3.21598,350.0,1.1429
TSN1@FaFM,wfjsp4_3.txt,1,369.0,0.967135,360.0,2.5
TSN1@FaFM,wfjsp4_3.txt,2,368.0,1.09378,360.0,2.2222
TSN1@FaFM,wfjsp4_3.txt,3,368.0,1.67329,360.0,2.2222
TSN1@FaFM,wfjsp4_3.txt,4,368.0,1.00906,360.0,2.2222
TSN1@FaFM,wfjsp4_3.txt,5,371.0,1.03903,360.0,3.0556
TSN1@FaFM,wfjsp4_4.txt,1,324.0,1.19898,320.0,1.25
TSN1@FaFM,wfjsp4_4.txt,2,326.0,1.73439,320.0,1.875
TSN1@FaFM,wfjsp4_4.txt,3,324.0,1.58592,320.0,1.25
TSN1@FaFM,wfjsp4_4.txt,4,324.0,0.984964,320.0,1.25
TSN1@FaFM,wfjsp4_4.txt,5,324.0,1.26207,320.0,1.25
TSN1@FaFM,wfjsp4_5.txt,1,291.0,0.977458,290.0,0.3448
TSN1@FaFM,wfjsp4_5.txt,2,296.0,0.607127,290.0,2.069
TSN1@FaFM,wfjsp4_5.txt,3,293.0,0.537155,290.0,1.0345
TSN1@FaFM,wfjsp4_5.txt,4,295.0,0.564263,290.0,1.7241
TSN1@FaFM,wfjsp4_5.txt,5,291.0,0.580438,290.0,0.3448
TSN1@FaFM,wfjsp4_6.txt,1,376.0,1.55698,355.0,5.9155
TSN1@FaFM,wfjsp4_6.txt,2,367.0,1.10591,355.0,3.3803
TSN1@FaFM,wfjsp4_6.txt,3,370.0,1.23753,355.0,4.2254
TSN1@FaFM,wfjsp4_6.txt,4,370.0,1.49675,355.0,4.2254
TSN1@FaFM,wfjsp4_6.txt,5,378.0,1.1427,355.0,6.4789
TSN1@FaFM,wfjsp4_7.txt,1,300.0,1.22436,288.0,4.1667
TSN1@FaFM,wfjsp4_7.txt,2,293.0,0.994936,288.0,1.7361
TSN1@FaFM,wfjsp4_7.txt,3,299.0,1.68392,288.0,3.8194
TSN1@FaFM,wfjsp4_7.txt,4,301.0,0.780822,288.0,4.5139
TSN1@FaFM,wfjsp4_7.txt,5,300.0,0.827509,288.0,4.1667
TSN1@FaFM,wfjsp4_8.txt,1,324.0,0.720156,316.0,2.5316
TSN1@FaFM,wfjsp4_8.txt,2,323.0,0.974078,316.0,2.2152
TSN1@FaFM,wfjsp4_8.txt,3,325.0,0.774713,316.0,2.8481
TSN1@FaFM,wfjsp4_8.txt,4,323.0,0.950719,316.0,2.2152
TSN1@FaFM,wfjsp4_8.txt,5,323.0,0.821822,316.0,2.2152
TSN1@FaFM,wfjsp4_9.txt,1,288.0,0.55375,288.0,0.0
TSN1@FaFM,wfjsp4_9.txt,2,288.0,0.554429,288.0,0.0
TSN1@FaFM,wfjsp4_9.txt,3,288.0,0.561265,288.0,0.0
TSN1@FaFM,wfjsp4_9.txt,4,291.0,0.556042,288.0,1.0417
TSN1@FaFM,wfjsp4_9.txt,5,288.0,0.60037,288.0,0.0
TSN1@FaFM,wfjsp5_1.txt,1,627.0,4.74358,608.0,3.125
TSN1@FaFM,wfjsp5_1.txt,2,618.0,13.5958,608.0,1.6447
TSN1@FaFM,wfjsp5_1.txt,3,621.0,2.76741,608.0,2.1382
TSN1@FaFM,wfjsp5_1.txt,4,629.0,6.68087,608.0,3.4539
TSN1@FaFM,wfjsp5_1.txt,5,628.0,4.45424,608.0,3.2895
TSN1@FaFM,wfjsp5_10.txt,1,656.0,1.67282,627.0,4.6252
TSN1@FaFM,wfjsp5_10.txt,2,654.0,1.7385,627.0,4.3062
TSN1@FaFM,wfjsp5_10.txt,3,654.0,2.85103,627.0,4.3062
TSN1@FaFM,wfjsp5_10.txt,4,656.0,1.44876,627.0,4.6252
TSN1@FaFM,wfjsp5_10.txt,5,656.0,1.579,627.0,4.6252
TSN1@FaFM,wfjsp5_2.txt,1,665.0,3.78227,638.0,4.232
TSN1@FaFM,wfjsp5_2.txt,2,667.0,2.68127,638.0,4.5455
TSN1@FaFM,wfjsp5_2.txt,3,663.0,7.27722,638.0,3.9185
TSN1@FaFM,wfjsp5_2.txt,4,662.0,4.64787,638.0,3.7618
TSN1@FaFM,wfjsp5_2.txt,5,671.0,4.5975,638.0,5.1724
TSN1@FaFM,wfjsp5_3.txt,1,653.0,5.20041,626.0,4.3131
TSN1@FaFM,wfjsp5_3.txt,2,652.0,6.90635,626.0,4.1534
TSN1@FaFM,wfjsp5_3.txt,3,647.0,3.14353,626.0,3.3546
TSN1@FaFM,wfjsp5_3.txt,4,646.0,4.75129,626.0,3.1949
TSN1@FaFM,wfjsp5_3.txt,5,655.0,3.40422,626.0,4.6326
TSN1@FaFM,wfjsp5_4.txt,1,747.0,6.26564,722.0,3.4626
TSN1@FaFM,wfjsp5_4.txt,2,737.0,4.71333,722.0,2.0776
TSN1@FaFM,wfjsp5_4.txt,3,742.0,4.12917,722.0,2.7701
TSN1@FaFM,wfjsp5_4.txt,4,744.0,5.69336,722.0,3.0471
TSN1@FaFM,wfjsp5_4.txt,5,737.0,5.21421,722.0,2.0776
TSN1@FaFM,wfjsp5_5.txt,1,740.0,6.74591,729.0,1.5089
TSN1@FaFM,wfjsp5_5.txt,2,745.0,4.6926,729.0,2.1948
TSN1@FaFM,wfjsp5_5.txt,3,732.0,7.55158,729.0,0.4115
TSN1@FaFM,wfjsp5_5.txt,4,730.0,17.9313,729.0,0.1372
TSN1@FaFM,wfjsp5_5.txt,5,728.0,4.43708,729.0,-0.1372
TSN1@FaFM,wfjsp5_6.txt,1,756.0,4.95208,732.0,3.2787
TSN1@FaFM,wfjsp5_6.txt,2,756.0,4.2006,732.0,3.2787
TSN1@FaFM,wfjsp5_6.txt,3,758.0,4.41868,732.0,3.5519
TSN1@FaFM,wfjsp5_6.txt,4,760.0,5.46742,732.0,3.8251
TSN1@FaFM,wfjsp5_6.txt,5,762.0,5.81354,732.0,4.0984
TSN1@FaFM,wfjsp5_7.txt,1,792.0,3.75528,754.0,5.0398
TSN1@FaFM,wfjsp5_7.txt,2,787.0,7.00697,754.0,4.3767
TSN1@FaFM,wfjsp5_7.txt,3,792.0,3.63123,754.0,5.0398
TSN1@FaFM,wfjsp5_7.txt,4,791.0,5.5804,754.0,4.9072
TSN1@FaFM,wfjsp5_7.txt,5,785.0,6.90461,754.0,4.1114
TSN1@FaFM,wfjsp5_8.txt,1,703.0,8.4898,683.0,2.9283
TSN1@FaFM,wfjsp5_8.txt,2,696.0,8.52449,683.0,1.9034
TSN1@FaFM,wfjsp5_8.txt,3,691.0,3.89376,683.0,1.1713
TSN1@FaFM,wfjsp5_8.txt,4,698.0,2.82824,683.0,2.1962
TSN1@FaFM,wfjsp5_8.txt,5,705.0,4.0975,683.0,3.2211
TSN1@FaFM,wfjsp5_9.txt,1,623.0,2.16293,582.0,7.0447
TSN1@FaFM,wfjsp5_9.txt,2,616.0,2.44672,582.0,5.8419
TSN1@FaFM,wfjsp5_9.txt,3,614.0,3.27407,582.0,5.4983
TSN1@FaFM,wfjsp5_9.txt,4,619.0,1.70046,582.0,6.3574
TSN1@FaFM,wfjsp5_9.txt,5,604.0,2.73115,582.0,3.7801
TSN1@FaFM,wfjsp6_1.txt,1,700.0,3.64126,682.0,2.6393
TSN1@FaFM,wfjsp6_1.txt,2,699.0,3.49241,682.0,2.4927
TSN1@FaFM,wfjsp6_1.txt,3,700.0,7.12922,682.0,2.6393
TSN1@FaFM,wfjsp6_1.txt,4,690.0,14.7247,682.0,1.173
TSN1@FaFM,wfjsp6_1.txt,5,699.0,3.38853,682.0,2.4927
TSN1@FaFM,wfjsp6_10.txt,1,718.0,4.77214,699.0,2.7182
TSN1@FaFM,wfjsp6_10.txt,2,720.0,4.36891,699.0,3.0043
TSN1@FaFM,wfjsp6_10.txt,3,725.0,3.05761,699.0,3.7196
TSN1@FaFM,wfjsp6_10.txt,4,707.0,4.25859,699.0,1.1445
TSN1@FaFM,wfjsp6_10.txt,5,714.0,3.95176,699.0,2.1459
TSN1@FaFM,wfjsp6_2.txt,1,794.0,7.5496,780.0,1.7949
TSN1@FaFM,wfjsp6_2.txt,2,793.0,6.50429,780.0,1.6667
TSN1@FaFM,wfjsp6_2.txt,3,788.0,7.78533,780.0,1.0256
TSN1@FaFM,wfjsp6_2.txt,4,793.0,6.50627,780.0,1.6667
TSN1@FaFM,wfjsp6_2.txt,5,804.0,6.95126,780.0,3.0769
TSN1@FaFM,wfjsp6_3.txt,1,749.0,5.56245,735.0,1.9048
TSN1@FaFM,wfjsp6_3.txt,2,743.0,6.1677,735.0,1.0884
TSN1@FaFM,wfjsp6_3.txt,3,745.0,6.09602,735.0,1.3605
TSN1@FaFM,wfjsp6_3.txt,4,747.0,5.30834,735.0,1.6327
TSN1@FaFM,wfjsp6_3.txt,5,747.0,8.2897,735.0,1.6327
TSN1@FaFM,wfjsp6_4.txt,1,824.0,4.95819,803.0,2.6152
TSN1@FaFM,wfjsp6_4.txt,2,808.0,14.2768,803.0,0.6227
TSN1@FaFM,wfjsp6_4.txt,3,814.0,3.83855,803.0,1.3699
TSN1@FaFM,wfjsp6_4.txt,4,812.0,10.9328,803.0,1.1208
TSN1@FaFM,wfjsp6_4.txt,5,825.0,4.91819,803.0,2.7397
TSN1@FaFM,wfjsp6_5.txt,1,856.0,8.03426,844.0,1.4218
TSN1@FaFM,wfjsp6_5.txt,2,862.0,9.08931,844.0,2.1327
TSN1@FaFM,wfjsp6_5.txt,3,853.0,11.7521,844.0,1.0664
TSN1@FaFM,wfjsp6_5.txt,4,862.0,4.22989,844.0,2.1327
TSN1@FaFM,wfjsp6_5.txt,5,860.0,10.4286,844.0,1.8957
TSN1@FaFM,wfjsp6_6.txt,1,829.0,4.73134,798.0,3.8847
TSN1@FaFM,wfjsp6_6.txt,2,818.0,10.3815,798.0,2.5063
TSN1@FaFM,wfjsp6_6.txt,3,830.0,6.10646,798.0,4.01
TSN1@FaFM,wfjsp6_6.txt,4,827.0,7.33018,798.0,3.6341
TSN1@FaFM,wfjsp6_6.txt,5,824.0,10.4507,798.0,3.2581
TSN1@FaFM,wfjsp6_7.txt,1,861.0,7.61291,855.0,0.7018
TSN1@FaFM,wfjsp6_7.txt,2,862.0,8.16781,855.0,0.8187
TSN1@FaFM,wfjsp6_7.txt,3,861.0,6.82407,855.0,0.7018
TSN1@FaFM,wfjsp6_7.txt,4,852.0,9.46801,855.0,-0.3509
TSN1@FaFM,wfjsp6_7.txt,5,856.0,5.73991,855.0,0.117
TSN1@FaFM,wfjsp6_8.txt,1,786.0,4.19823,759.0,3.5573
TSN1@FaFM,wfjsp6_8.txt,2,786.0,4.61222,759.0,3.5573
TSN1@FaFM,wfjsp6_8.txt,3,781.0,4.03868,759.0,2.8986
TSN1@FaFM,wfjsp6_8.txt,4,794.0,4.2651,759.0,4.6113
TSN1@FaFM,wfjsp6_8.txt,5,782.0,6.97662,759.0,3.0303
TSN1@FaFM,wfjsp6_9.txt,1,705.0,5.44988,686.0,2.7697
TSN1@FaFM,wfjsp6_9.txt,2,703.0,3.33226,686.0,2.4781
TSN1@FaFM,wfjsp6_9.txt,3,704.0,4.21101,686.0,2.6239
TSN1@FaFM,wfjsp6_9.txt,4,708.0,7.74019,686.0,3.207
TSN1@FaFM,wfjsp6_9.txt,5,708.0,3.64097,686.0,3.207
TSN1@FaFM,wfjsp7_1.txt,1,842.0,5.12143,815.0,3.3129
TSN1@FaFM,wfjsp7_1.txt,2,839.0,5.95864,815.0,2.9448
TSN1@FaFM,wfjsp7_1.txt,3,842.0,8.51022,815.0,3.3129
TSN1@FaFM,wfjsp7_1.txt,4,834.0,13.5379,815.0,2.3313
TSN1@FaFM,wfjsp7_1.txt,5,841.0,8.91918,815.0,3.1902
TSN1@FaFM,wfjsp7_10.txt,1,931.0,4.99544,909.0,2.4202
TSN1@FaFM,wfjsp7_10.txt,2,927.0,13.1515,909.0,1.9802
TSN1@FaFM,wfjsp7_10.txt,3,933.0,7.11902,909.0,2.6403
TSN1@FaFM,wfjsp7_10.txt,4,932.0,8.76756,909.0,2.5303
TSN1@FaFM,wfjsp7_10.txt,5,928.0,10.4805,909.0,2.0902
TSN1@FaFM,wfjsp7_2.txt,1,1049.0,5.84745,1038.0,1.0597
TSN1@FaFM,wfjsp7_2.txt,2,1048.0,20.6109,1038.0,0.9634
TSN1@FaFM,wfjsp7_2.txt,3,1048.0,9.58765,1038.0,0.9634
TSN1@FaFM,wfjsp7_2.txt,4,1046.0,14.2121,1038.0,0.7707
TSN1@FaFM,wfjsp7_2.txt,5,1044.0,16.3882,1038.0,0.578
TSN1@FaFM,wfjsp7_3.txt,1,1154.0,20.1797,1133.0,1.8535
TSN1@FaFM,wfjsp7_3.txt,2,1156.0,12.4393,1133.0,2.03
TSN1@FaFM,wfjsp7_3.txt,3,1165.0,6.46135,1133.0,2.8244
TSN1@FaFM,wfjsp7_3.txt,4,1147.0,34.4867,1133.0,1.2357
TSN1@FaFM,wfjsp7_3.txt,5,1159.0,13.6596,1133.0,2.2948
TSN1@FaFM,wfjsp7_4.txt,1,954.0,14.8379,944.0,1.0593
TSN1@FaFM,wfjsp7_4.txt,2,955.0,7.97066,944.0,1.1653
TSN1@FaFM,wfjsp7_4.txt,3,959.0,9.39717,944.0,1.589
TSN1@FaFM,wfjsp7_4.txt,4,952.0,18.0876,944.0,0.8475
TSN1@FaFM,wfjsp7_4.txt,5,960.0,6.75911,944.0,1.6949
TSN1@FaFM,wfjsp7_5.txt,1,815.0,13.2092,803.0,1.4944
TSN1@FaFM,wfjsp7_5.txt,2,815.0,11.0184,803.0,1.4944
TSN1@FaFM,wfjsp7_5.txt,3,824.0,5.06029,803.0,2.6152
TSN1@FaFM,wfjsp7_5.txt,4,814.0,6.43974,803.0,1.3699
TSN1@FaFM,wfjsp7_5.txt,5,820.0,9.16749,803.0,2.1171
TSN1@FaFM,wfjsp7_6.txt,1,1038.0,5.73506,1010.0,2.7723
TSN1@FaFM,wfjsp7_6.txt,2,1032.0,5.06113,1010.0,2.1782
TSN1@FaFM,wfjsp7_6.txt,3,1031.0,7.09655,1010.0,2.0792
TSN1@FaFM,wfjsp7_6.txt,4,1043.0,11.0131,1010.0,3.2673
TSN1@FaFM,wfjsp7_6.txt,5,1031.0,17.705,1010.0,2.0792
TSN1@FaFM,wfjsp7_7.txt,1,975.0,12.0386,929.0,4.9516
TSN1@FaFM,wfjsp7_7.txt,2,973.0,10.7502,929.0,4.7363
TSN1@FaFM,wfjsp7_7.txt,3,980.0,7.10634,929.0,5.4898
TSN1@FaFM,wfjsp7_7.txt,4,972.0,8.15648,929.0,4.6286
TSN1@FaFM,wfjsp7_7.txt,5,963.0,18.3655,929.0,3.6598
TSN1@FaFM,wfjsp7_8.txt,1,909.0,6.6348,882.0,3.0612
TSN1@FaFM,wfjsp7_8.txt,2,906.0,9.79773,882.0,2.7211
TSN1@FaFM,wfjsp7_8.txt,3,917.0,5.51822,882.0,3.9683
TSN1@FaFM,wfjsp7_8.txt,4,929.0,5.69282,882.0,5.3288
TSN1@FaFM,wfjsp7_8.txt,5,909.0,12.9832,882.0,3.0612
TSN1@FaFM,wfjsp7_9.txt,1,864.0,9.86288,852.0,1.4085
TSN1@FaFM,wfjsp7_9.txt,2,871.0,11.6239,852.0,2.23
TSN1@FaFM,wfjsp7_9.txt,3,871.0,7.54981,852.0,2.23
TSN1@FaFM,wfjsp7_9.txt,4,863.0,10.7156,852.0,1.2911
TSN1@FaFM,wfjsp7_9.txt,5,868.0,5.65525,852.0,1.8779
TSN1@FaFM,wfjsp8_1.txt,1,1061.0,11.6149,1025.0,3.5122
TSN1@FaFM,wfjsp8_1.txt,2,1072.0,10.7533,1025.0,4.5854
TSN1@FaFM,wfjsp8_1.txt,3,1061.0,14.459,1025.0,3.5122
TSN1@FaFM,wfjsp8_1.txt,4,1066.0,11.8355,1025.0,4.0
TSN1@FaFM,wfjsp8_1.txt,5,1073.0,7.16826,1025.0,4.6829
TSN1@FaFM,wfjsp8_10.txt,1,1220.0,7.07702,1194.0,2.1776
TSN1@FaFM,wfjsp8_10.txt,2,1209.0,12.2498,1194.0,1.2563
TSN1@FaFM,wfjsp8_10.txt,3,1214.0,16.4731,1194.0,1.675
TSN1@FaFM,wfjsp8_10.txt,4,1212.0,14.5377,1194.0,1.5075
TSN1@FaFM,wfjsp8_10.txt,5,1217.0,10.196,1194.0,1.9263
TSN1@FaFM,wfjsp8_2.txt,1,1286.0,11.7967,1251.0,2.7978
TSN1@FaFM,wfjsp8_2.txt,2,1291.0,13.4083,1251.0,3.1974
TSN1@FaFM,wfjsp8_2.txt,3,1297.0,23.9886,1251.0,3.6771
TSN1@FaFM,wfjsp8_2.txt,4,1288.0,10.5084,1251.0,2.9576
TSN1@FaFM,wfjsp8_2.txt,5,1296.0,11.8997,1251.0,3.5971
TSN1@FaFM,wfjsp8_3.txt,1,1401.0,10.1765,1364.0,2.7126
TSN1@FaFM,wfjsp8_3.txt,2,1396.0,29.777,1364.0,2.346
TSN1@FaFM,wfjsp8_3.txt,3,1421.0,7.10922,1364.0,4.1789
TSN1@FaFM,wfjsp8_3.txt,4,1403.0,30.9943,1364.0,2.8592
TSN1@FaFM,wfjsp8_3.txt,5,1411.0,7.68311,1364.0,3.4457
TSN1@FaFM,wfjsp8_4.txt,1,1233.0,8.76493,1211.0,1.8167
TSN1@FaFM,wfjsp8_4.txt,2,1233.0,8.29067,1211.0,1.8167
TSN1@FaFM,wfjsp8_4.txt,3,1220.0,16.454,1211.0,0.7432
TSN1@FaFM,wfjsp8_4.txt,4,1232.0,11.0293,1211.0,1.7341
TSN1@FaFM,wfjsp8_4.txt,5,1238.0,12.976,1211.0,2.2296
TSN1@FaFM,wfjsp8_5.txt,1,1065.0,14.7058,1050.0,1.4286
TSN1@FaFM,wfjsp8_5.txt,2,1059.0,9.1651,1050.0,0.8571
TSN1@FaFM,wfjsp8_5.txt,3,1060.0,10.3193,1050.0,0.9524
TSN1@FaFM,wfjsp8_5.txt,4,1066.0,7.62804,1050.0,1.5238
TSN1@FaFM,wfjsp8_5.txt,5,1059.0,18.855,1050.0,0.8571
TSN1@FaFM,wfjsp8_6.txt,1,1294.0,8.94228,1267.0,2.131
TSN1@FaFM,wfjsp8_6.txt,2,1305.0,6.91114,1267.0,2.9992
TSN1@FaFM,wfjsp8_6.txt,3,1282.0,17.3677,1267.0,1.1839
TSN1@FaFM,wfjsp8_6.txt,4,1293.0,10.1785,1267.0,2.0521
TSN1@FaFM,wfjsp8_6.txt,5,1287.0,22.2075,1267.0,1.5785
TSN1@FaFM,wfjsp8_7.txt,1,1200.0,12.7028,1158.0,3.6269
TSN1@FaFM,wfjsp8_7.txt,2,1205.0,11.7846,1158.0,4.0587
TSN1@FaFM,wfjsp8_7.txt,3,1209.0,17.9235,1158.0,4.4041
TSN1@FaFM,wfjsp8_7.txt,4,1199.0,16.4756,1158.0,3.5406
TSN1@FaFM,wfjsp8_7.txt,5,1209.0,13.5828,1158.0,4.4041
TSN1@FaFM,wfjsp8_8.txt,1,1190.0,9.346,1158.0,2.7634
TSN1@FaFM,wfjsp8_8.txt,2,1196.0,16.5167,1158.0,3.2815
TSN1@FaFM,wfjsp8_8.txt,3,1191.0,11.6834,1158.0,2.8497
TSN1@FaFM,wfjsp8_8.txt,4,1194.0,17.4604,1158.0,3.1088
TSN1@FaFM,wfjsp8_8.txt,5,1193.0,12.6349,1158.0,3.0225
TSN1@FaFM,wfjsp8_9.txt,1,1070.0,15.0744,1044.0,2.4904
TSN1@FaFM,wfjsp8_9.txt,2,1080.0,8.73343,1044.0,3.4483
TSN1@FaFM,wfjsp8_9.txt,3,1083.0,10.895,1044.0,3.7356
TSN1@FaFM,wfjsp8_9.txt,4,1085.0,11.2328,1044.0,3.9272
TSN1@FaFM,wfjsp8_9.txt,5,1073.0,9.77721,1044.0,2.7778
TSN1@FaFM,wfjsp9_1.txt,1,1356.0,17.3475,1314.0,3.1963
TSN1@FaFM,wfjsp9_1.txt,2,1360.0,18.6869,1314.0,3.5008
TSN1@FaFM,wfjsp9_1.txt,3,1346.0,16.5517,1314.0,2.4353
TSN1@FaFM,wfjsp9_1.txt,4,1343.0,17.4766,1314.0,2.207
TSN1@FaFM,wfjsp9_1.txt,5,1352.0,17.0016,1314.0,2.8919
TSN1@FaFM,wfjsp9_10.txt,1,1445.0,8.66513,1414.0,2.1924
TSN1@FaFM,wfjsp9_10.txt,2,1435.0,12.2714,1414.0,1.4851
TSN1@FaFM,wfjsp9_10.txt,3,1441.0,7.33841,1414.0,1.9095
TSN1@FaFM,wfjsp9_10.txt,4,1439.0,17.875,1414.0,1.768
TSN1@FaFM,wfjsp9_10.txt,5,1441.0,9.37203,1414.0,1.9095
TSN1@FaFM,wfjsp9_2.txt,1,1428.0,13.7256,1404.0,1.7094
TSN1@FaFM,wfjsp9_2.txt,2,1419.0,21.5896,1404.0,1.0684
TSN1@FaFM,wfjsp9_2.txt,3,1419.0,16.2595,1404.0,1.0684
TSN1@FaFM,wfjsp9_2.txt,4,1429.0,10.1021,1404.0,1.7806
TSN1@FaFM,wfjsp9_2.txt,5,1427.0,26.292,1404.0,1.6382
TSN1@FaFM,wfjsp9_3.txt,1,1536.0,33.8669,1483.0,3.5738
TSN1@FaFM,wfjsp9_3.txt,2,1532.0,15.4544,1483.0,3.3041
TSN1@FaFM,wfjsp9_3.txt,3,1538.0,10.4677,1483.0,3.7087
TSN1@FaFM,wfjsp9_3.txt,4,1547.0,13.9841,1483.0,4.3156
TSN1@FaFM,wfjsp9_3.txt,5,1535.0,43.9018,1483.0,3.5064
TSN1@FaFM,wfjsp9_4.txt,1,1387.0,17.1085,1357.0,2.2108
TSN1@FaFM,wfjsp9_4.txt,2,1380.0,19.5778,1357.0,1.6949
TSN1@FaFM,wfjsp9_4.txt,3,1387.0,9.76207,1357.0,2.2108
TSN1@FaFM,wfjsp9_4.txt,4,1376.0,23.8801,1357.0,1.4001
TSN1@FaFM,wfjsp9_4.txt,5,1388.0,16.2247,1357.0,2.2845
TSN1@FaFM,wfjsp9_5.txt,1,1276.0,20.8213,1247.0,2.3256
TSN1@FaFM,wfjsp9_5.txt,2,1277.0,21.1843,1247.0,2.4058
TSN1@FaFM,wfjsp9_5.txt,3,1281.0,13.7166,1247.0,2.7265
TSN1@FaFM,wfjsp9_5.txt,4,1275.0,15.14,1247.0,2.2454
TSN1@FaFM,wfjsp9_5.txt,5,1278.0,13.0453,1247.0,2.486
TSN1@FaFM,wfjsp9_6.txt,1,1412.0,15.2023,1383.0,2.0969
TSN1@FaFM,wfjsp9_6.txt,2,1410.0,26.5053,1383.0,1.9523
TSN1@FaFM,wfjsp9_6.txt,3,1412.0,22.3447,1383.0,2.0969
TSN1@FaFM,wfjsp9_6.txt,4,1411.0,9.64205,1383.0,2.0246
TSN1@FaFM,wfjsp9_6.txt,5,1417.0,16.3728,1383.0,2.4584
TSN1@FaFM,wfjsp9_7.txt,1,1366.0,12.8174,1318.0,3.6419
TSN1@FaFM,wfjsp9_7.txt,2,1348.0,22.5023,1318.0,2.2762
TSN1@FaFM,wfjsp9_7.txt,3,1357.0,15.1437,1318.0,2.959
TSN1@FaFM,wfjsp9_7.txt,4,1358.0,23.5098,1318.0,3.0349
TSN1@FaFM,wfjsp9_7.txt,5,1355.0,19.878,1318.0,2.8073
TSN1@FaFM,wfjsp9_8.txt,1,1411.0,34.5965,1386.0,1.8038
TSN1@FaFM,wfjsp9_8.txt,2,1401.0,28.5457,1386.0,1.0823
TSN1@FaFM,wfjsp9_8.txt,3,1419.0,12.6946,1386.0,2.381
TSN1@FaFM,wfjsp9_8.txt,4,1409.0,15.3934,1386.0,1.6595
TSN1@FaFM,wfjsp9_8.txt,5,1411.0,13.2848,1386.0,1.8038
TSN1@FaFM,wfjsp9_9.txt,1,1334.0,35.2656,1294.0,3.0912
TSN1@FaFM,wfjsp9_9.txt,2,1348.0,17.7112,1294.0,4.1731
TSN1@FaFM,wfjsp9_9.txt,3,1342.0,13.3584,1294.0,3.7094
TSN1@FaFM,wfjsp9_9.txt,4,1336.0,20.4951,1294.0,3.2457
TSN1@FaFM,wfjsp9_9.txt,5,1351.0,29.9963,1294.0,4.4049
TSN1_10000_10_5,Dauzere_01a.txt,1,3111.0,88.6839,2921.0,6.5046
TSN1_10000_10_5,Dauzere_02a.txt,1,3005.0,77.1018,2914.0,3.1229
TSN1_10000_10_5,Dauzere_03a.txt,1,2982.0,123.401,2910.0,2.4742
TSN1_10000_10_5,Dauzere_04a.txt,1,3117.0,88.2735,2911.0,7.0766
TSN1_10000_10_5,Dauzere_05a.txt,1,2985.0,76.7458,2888.0,3.3587
TSN1_10000_10_5,Dauzere_06a.txt,1,2947.0,149.091,2877.0,2.4331
TSN1_10000_10_5,Dauzere_07a.txt,1,3143.0,111.653,2917.0,7.7477
TSN1_10000_10_5,Dauzere_08a.txt,1,2935.0,254.719,2883.0,1.8037
TSN1_10000_10_5,Dauzere_09a.txt,1,2908.0,443.665,2880.0,0.9722
TSN1_10000_10_5,Dauzere_10a.txt,1,3140.0,98.38,2922.0,7.4606
TSN1_10000_10_5,Dauzere_11a.txt,1,2938.0,234.515,2876.0,2.1558
TSN1_10000_10_5,Dauzere_12a.txt,1,2874.0,482.928,2840.0,1.1972
TSN1_10000_10_5,Mk01.txt,1,76.0,17.4893,70.0,8.5714
TSN1_10000_10_5,Mk02.txt,1,72.0,29.2946,67.0,7.4627
TSN1_10000_10_5,Mk03.txt,1,241.0,90.7845,238.0,1.2605
TSN1_10000_10_5,Mk04.txt,1,100.0,36.6777,95.0,5.2632
TSN1_10000_10_5,Mk05.txt,1,314.0,44.8736,299.0,5.0167
TSN1_10000_10_5,Mk06.txt,1,120.0,223.992,109.0,10.0917
TSN1_10000_10_5,Mk07.txt,1,233.0,53.5229,222.0,4.955
TSN1_10000_10_5,Mk08.txt,1,633.0,77.9521,624.0,1.4423
TSN1_10000_10_5,Mk09.txt,1,504.0,258.327,479.0,5.2192
TSN1_10000_10_5,Mk10.txt,1,340.0,472.298,326.0,4.2945
TSN1_10000_10_5,wfjsp10_1.txt,1,801.0,84.5452,781.0,2.5608
TSN1_10000_10_5,wfjsp10_10.txt,1,887.0,60.3546,859.0,3.2596
TSN1_10000_10_5,wfjsp10_2.txt,1,866.0,102.496,836.0,3.5885
TSN1_10000_10_5,wfjsp10_3.txt,1,960.0,116.519,923.0,4.0087
TSN1_10000_10_5,wfjsp10_4.txt,1,890.0,123.797,873.0,1.9473
TSN1_10000_10_5,wfjsp10_5.txt,1,771.0,75.99,733.0,5.1842
TSN1_10000_10_5,wfjsp10_6.txt,1,918.0,88.2394,896.0,2.4554
TSN1_10000_10_5,wfjsp10_7.txt,1,875.0,100.21,819.0,6.8376
TSN1_10000_10_5,wfjsp10_8.txt,1,867.0,87.2938,824.0,5.2184
TSN1_10000_10_5,wfjsp10_9.txt,1,829.0,69.3479,803.0,3.2379
TSN1_10000_10_5,wfjsp11_1.txt,1,1009.0,136.77,969.0,4.128
TSN1_10000_10_5,wfjsp11_10.txt,1,1146.0,193.438,1091.0,5.0412
TSN1_10000_10_5,wfjsp11_2.txt,1,1233.0,266.003,1184.0,4.1385
TSN1_10000_10_5,wfjsp11_3.txt,1,1209.0,212.045,1149.0,5.2219
TSN1_10000_10_5,wfjsp11_4.txt,1,1171.0,245.684,1135.0,3.1718
TSN1_10000_10_5,wfjsp11_5.txt,1,1215.0,337.002,1180.0,2.9661
TSN1_10000_10_5,wfjsp11_6.txt,1,976.0,154.798,937.0,4.1622
TSN1_10000_10_5,wfjsp11_7.txt,1,1051.0,203.4,1015.0,3.5468
TSN1_10000_10_5,wfjsp11_8.txt,1,1081.0,156.076,1032.0,4.7481
TSN1_10000_10_5,wfjsp11_9.txt,1,1204.0,167.362,1136.0,5.9859
TSN1_10000_10_5,wfjsp12_1.txt,1,921.0,241.802,896.0,2.7902
TSN1_10000_10_5,wfjsp12_10.txt,1,1111.0,206.442,1099.0,1.0919
TSN1_10000_10_5,wfjsp12_2.txt,1,1030.0,245.285,997.0,3.3099
TSN1_10000_10_5,wfjsp12_3.txt,1,1119.0,252.131,1103.0,1.4506
TSN1_10000_10_5,wfjsp12_4.txt,1,1041.0,287.4,1027.0,1.3632
TSN1_10000_10_5,wfjsp12_5.txt,1,879.0,152.706,869.0,1.1507
TSN1_10000_10_5,wfjsp12_6.txt,1,1148.0,255.722,1134.0,1.2346
TSN1_10000_10_5,wfjsp12_7.txt,1,1031.0,296.426,1018.0,1.277
TSN1_10000_10_5,wfjsp12_8.txt,1,1003.0,207.707,980.0,2.3469
TSN1_10000_10_5,wfjsp12_9.txt,1,1006.0,309.51,995.0,1.1055
TSN1_10000_10_5,wfjsp13_1.txt,1,881.0,384.402,866.0,1.7321
TSN1_10000_10_5,wfjsp13_10.txt,1,952.0,443.683,916.0,3.9301
TSN1_10000_10_5,wfjsp13_2.txt,1,998.0,490.603,962.0,3.7422
TSN1_10000_10_5,wfjsp13_3.txt,1,906.0,465.057,883.0,2.6048
TSN1_10000_10_5,wfjsp13_4.txt,1,919.0,439.233,908.0,1.2115
TSN1_10000_10_5,wfjsp13_5.txt,1,831.0,363.994,809.0,2.7194
TSN1_10000_10_5,wfjsp13_6.txt,1,1017.0,541.711,988.0,2.9352
TSN1_10000_10_5,wfjsp13_7.txt,1,880.0,421.758,875.0,0.5714
TSN1_10000_10_5,wfjsp13_8.txt,1,911.0,437.098,899.0,1.3348
TSN1_10000_10_5,wfjsp13_9.txt,1,982.0,444.936,967.0,1.5512
TSN1_10000_10_5,wfjsp14_1.txt,1,747.0,263.041,745.0,0.2685
TSN1_10000_10_5,wfjsp14_10.txt,1,899.0,600.01,878.0,2.3918
TSN1_10000_10_5,wfjsp14_2.txt,1,806.0,392.234,793.0,1.6393
TSN1_10000_10_5,wfjsp14_3.txt,1,866.0,366.14,848.0,2.1226
TSN1_10000_10_5,wfjsp14_4.txt,1,826.0,348.774,806.0,2.4814
TSN1_10000_10_5,wfjsp14_5.txt,1,720.0,310.989,715.0,0.6993
TSN1_10000_10_5,wfjsp14_6.txt,1,937.0,307.688,913.0,2.6287
TSN1_10000_10_5,wfjsp14_7.txt,1,842.0,398.451,826.0,1.937
TSN1_10000_10_5,wfjsp14_8.txt,1,808.0,301.183,782.0,3.3248
TSN1_10000_10_5,wfjsp14_9.txt,1,800.0,350.722,793.0,0.8827
TSN1_10000_10_5,wfjsp15_1.txt,1,1286.0,600.042,1259.0,2.1446
TSN1_10000_10_5,wfjsp15_10.txt,1,1452.0,600.019,1415.0,2.6148
TSN1_10000_10_5,wfjsp15_2.txt,1,1342.0,600.023,1314.0,2.1309
TSN1_10000_10_5,wfjsp15_3.txt,1,1395.0,600.039,1376.0,1.3808
TSN1_10000_10_5,wfjsp15_4.txt,1,1329.0,600.04,1308.0,1.6055
TSN1_10000_10_5,wfjsp15_5.txt,1,1229.0,600.024,1198.0,2.5876
TSN1_10000_10_5,wfjsp15_6.txt,1,1548.0,600.026,1510.0,2.5166
TSN1_10000_10_5,wfjsp15_7.txt,1,1361.0,600.036,1328.0,2.4849
TSN1_10000_10_5,wfjsp15_8.txt,1,1362.0,600.029,1327.0,2.6375
TSN1_10000_10_5,wfjsp15_9.txt,1,1342.0,600.031,1328.0,1.0542
TSN1_10000_10_5,wfjsp16_1.txt,1,1002.0,600.012,995.0,0.7035
TSN1_10000_10_5,wfjsp16_10.txt,1,1156.0,600.012,1145.0,0.9607
TSN1_10000_10_5,wfjsp16_2.txt,1,1028.0,600.03,1011.0,1.6815
TSN1_10000_10_5,wfjsp16_3.txt,1,1086.0,600.011,1097.0,-1.0027
TSN1_10000_10_5,wfjsp16_4.txt,1,1089.0,600.018,1074.0,1.3966
TSN1_10000_10_5,wfjsp16_5.txt,1,920.0,493.814,904.0,1.7699
TSN1_10000_10_5,wfjsp16_6.txt,1,1241.0,600.025,1222.0,1.5548
TSN1_10000_10_5,wfjsp16_7.txt,1,1100.0,600.016,1094.0,0.5484
TSN1_10000_10_5,wfjsp16_8.txt,1,1060.0,600.012,1049.0,1.0486
TSN1_10000_10_5,wfjsp16_9.txt,1,1055.0,600.019,1055.0,0.0
TSN1_10000_10_5,wfjsp17_1.txt,1,1646.0,69.8633,1585.0,3.8486
TSN1_10000_10_5,wfjsp17_10.txt,1,1788.0,70.5674,1750.0,2.1714
TSN1_10000_10_5,wfjsp17_2.txt,1,1772.0,97.0449,1731.0,2.3686
TSN1_10000_10_5,wfjsp17_3.txt,1,1884.0,123.881,1836.0,2.6144
TSN1_10000_10_5,wfjsp17_4.txt,1,1726.0,95.6972,1670.0,3.3533
TSN1_10000_10_5,wfjsp17_5.txt,1,1569.0,91.1446,1558.0,0.706
TSN1_10000_10_5,wfjsp17_6.txt,1,1744.0,108.231,1708.0,2.1077
TSN1_10000_10_5,wfjsp17_7.txt,1,1642.0,81.5438,1598.0,2.7534
TSN1_10000_10_5,wfjsp17_8.txt,1,1746.0,80.5547,1717.0,1.689
TSN1_10000_10_5,wfjsp17_9.txt,1,1633.0,72.0058,1593.0,2.511
TSN1_10000_10_5,wfjsp18_1.txt,1,970.0,129.699,929.0,4.4133
TSN1_10000_10_5,wfjsp18_10.txt,1,1060.0,107.129,1019.0,4.0236
TSN1_10000_10_5,wfjsp18_2.txt,1,1053.0,128.707,1010.0,4.2574
TSN1_10000_10_5,wfjsp18_3.txt,1,1155.0,135.889,1120.0,3.125
TSN1_10000_10_5,wfjsp18_4.txt,1,1076.0,174.334,1037.0,3.7608
TSN1_10000_10_5,wfjsp18_5.txt,1,900.0,92.222,854.0,5.3864
TSN1_10000_10_5,wfjsp18_6.txt,1,1119.0,120.107,1084.0,3.2288
TSN1_10000_10_5,wfjsp18_7.txt,1,1044.0,119.548,1003.0,4.0877
TSN1_10000_10_5,wfjsp18_8.txt,1,1016.0,151.943,990.0,2.6263
TSN1_10000_10_5,wfjsp18_9.txt,1,974.0,132.854,944.0,3.178
TSN1_10000_10_5,wfjsp19_1.txt,1,1226.0,251.115,1196.0,2.5084
TSN1_10000_10_5,wfjsp19_10.txt,1,1387.0,168.578,1351.0,2.6647
TSN1_10000_10_5,wfjsp19_2.txt,1,1503.0,242.795,1471.0,2.1754
TSN1_10000_10_5,wfjsp19_3.txt,1,1452.0,209.294,1406.0,3.2717
TSN1_10000_10_5,wfjsp19_4.txt,1,1428.0,200.953,1398.0,2.1459
TSN1_10000_10_5,wfjsp19_5.txt,1,1482.0,397.935,1444.0,2.6316
TSN1_10000_10_5,wfjsp19_6.txt,1,1191.0,221.724,1158.0,2.8497
TSN1_10000_10_5,wfjsp19_7.txt,1,1281.0,217.876,1236.0,3.6408
TSN1_10000_10_5,wfjsp19_8.txt,1,1292.0,239.095,1250.0,3.36
TSN1_10000_10_5,wfjsp19_9.txt,1,1434.0,360.107,1388.0,3.3141
TSN1_10000_10_5,wfjsp1_1.txt,1,268.0,1.48338,268.0,0.0
TSN1_10000_10_5,wfjsp1_10.txt,1,316.0,1.14788,316.0,0.0
TSN1_10000_10_5,wfjsp1_2.txt,1,287.0,1.03146,287.0,0.0
TSN1_10000_10_5,wfjsp1_3.txt,1,347.0,1.6226,347.0,0.0
TSN1_10000_10_5,wfjsp1_4.txt,1,316.0,1.68324,315.0,0.3175
TSN1_10000_10_5,wfjsp1_5.txt,1,265.0,0.793695,265.0,0.0
TSN1_10000_10_5,wfjsp1_6.txt,1,291.0,0.797299,291.0,0.0
TSN1_10000_10_5,wfjsp1_7.txt,1,265.0,1.43554,265.0,0.0
TSN1_10000_10_5,wfjsp1_8.txt,1,328.0,1.15428,328.0,0.0
TSN1_10000_10_5,wfjsp1_9.txt,1,254.0,0.543536,252.0,0.7937
TSN1_10000_10_5,wfjsp20_1.txt,1,1117.0,209.444,1105.0,1.086
TSN1_10000_10_5,wfjsp20_10.txt,1,1380.0,222.678,1362.0,1.3216
TSN1_10000_10_5,wfjsp20_2.txt,1,1259.0,255.155,1221.0,3.1122
TSN1_10000_10_5,wfjsp20_3.txt,1,1359.0,322.218,1328.0,2.3343
TSN1_10000_10_5,wfjsp20_4.txt,1,1280.0,278.877,1259.0,1.668
TSN1_10000_10_5,wfjsp20_5.txt,1,1083.0,267.272,1058.0,2.3629
TSN1_10000_10_5,wfjsp20_6.txt,1,1409.0,251.172,1381.0,2.0275
TSN1_10000_10_5,wfjsp20_7.txt,1,1252.0,219.59,1224.0,2.2876
TSN1_10000_10_5,wfjsp20_8.txt,1,1226.0,206.945,1183.0,3.6348
TSN1_10000_10_5,wfjsp20_9.txt,1,1235.0,277.436,1200.0,2.9167
TSN1_10000_10_5,wfjsp21_1.txt,1,1057.0,565.538,1049.0,0.7626
TSN1_10000_10_5,wfjsp21_10.txt,1,1134.0,558.871,1120.0,1.25
TSN1_10000_10_5,wfjsp21_2.txt,1,1183.0,472.532,1171.0,1.0248
TSN1_10000_10_5,wfjsp21_3.txt,1,1080.0,449.071,1046.0,3.2505
TSN1_10000_10_5,wfjsp21_4.txt,1,1098.0,600.01,1095.0,0.274
TSN1_10000_10_5,wfjsp21_5.txt,1,999.0,415.06,984.0,1.5244
TSN1_10000_10_5,wfjsp21_6.txt,1,1220.0,600.012,1204.0,1.3289
TSN1_10000_10_5,wfjsp21_7.txt,1,1062.0,448.736,1015.0,4.6305
TSN1_10000_10_5,wfjsp21_8.txt,1,1090.0,481.598,1088.0,0.1838
TSN1_10000_10_5,wfjsp21_9.txt,1,1169.0,485.73,1129.0,3.543
TSN1_10000_10_5,wfjsp22_1.txt,1,904.0,351.611,903.0,0.1107
TSN1_10000_10_5,wfjsp22_10.txt,1,1090.0,595.235,1084.0,0.5535
TSN1_10000_10_5,wfjsp22_2.txt,1,970.0,452.711,957.0,1.3584
TSN1_10000_10_5,wfjsp22_3.txt,1,1036.0,453.271,1024.0,1.1719
TSN1_10000_10_5,wfjsp22_4.txt,1,993.0,401.205,989.0,0.4044
TSN1_10000_10_5,wfjsp22_5.txt,1,877.0,287.423,874.0,0.3432
TSN1_10000_10_5,wfjsp22_6.txt,1,1125.0,501.239,1114.0,0.9874
TSN1_10000_10_5,wfjsp22_7.txt,1,1013.0,495.267,994.0,1.9115
TSN1_10000_10_5,wfjsp22_8.txt,1,971.0,401.281,946.0,2.6427
TSN1_10000_10_5,wfjsp22_9.txt,1,967.0,414.101,944.0,2.4364
TSN1_10000_10_5,wfjsp23_1.txt,1,1552.0,600.026,1519.0,2.1725
TSN1_10000_10_5,wfjsp23_10.txt,1,1749.0,600.04,1727.0,1.2739
TSN1_10000_10_5,wfjsp23_2.txt,1,1621.0,600.018,1595.0,1.6301
TSN1_10000_10_5,wfjsp23_3.txt,1,1684.0,600.037,1657.0,1.6295
TSN1_10000_10_5,wfjsp23_4.txt,1,1604.0,600.045,1572.0,2.0356
TSN1_10000_10_5,wfjsp23_5.txt,1,1494.0,600.029,1488.0,0.4032
TSN1_10000_10_5,wfjsp23_6.txt,1,1866.0,600.028,1866.0,0.0
TSN1_10000_10_5,wfjsp23_7.txt,1,1642.0,600.025,1601.0,2.5609
TSN1_10000_10_5,wfjsp23_8.txt,1,1636.0,600.05,1597.0,2.4421
TSN1_10000_10_5,wfjsp23_9.txt,1,1616.0,600.024,1582.0,2.1492
TSN1_10000_10_5,wfjsp24_1.txt,1,1212.0,600.016,1201.0,0.9159
TSN1_10000_10_5,wfjsp24_10.txt,1,1401.0,600.024,1407.0,-0.4264
TSN1_10000_10_5,wfjsp24_2.txt,1,1246.0,600.012,1220.0,2.1311
TSN1_10000_10_5,wfjsp24_3.txt,1,1338.0,600.012,1330.0,0.6015
TSN1_10000_10_5,wfjsp24_4.txt,1,1318.0,600.021,1300.0,1.3846
TSN1_10000_10_5,wfjsp24_5.txt,1,1128.0,600.013,1113.0,1.3477
TSN1_10000_10_5,wfjsp24_6.txt,1,1505.0,600.017,1487.0,1.2105
TSN1_10000_10_5,wfjsp24_7.txt,1,1337.0,600.026,1312.0,1.9055
TSN1_10000_10_5,wfjsp24_8.txt,1,1286.0,600.014,1263.0,1.8211
TSN1_10000_10_5,wfjsp24_9.txt,1,1278.0,600.013,1269.0,0.7092
TSN1_10000_10_5,wfjsp2_1.txt,1,336.0,1.82821,336.0,0.0
TSN1_10000_10_5,wfjsp2_10.txt,1,489.0,1.65921,489.0,0.0
TSN1_10000_10_5,wfjsp2_2.txt,1,369.0,1.58511,368.0,0.2717
TSN1_10000_10_5,wfjsp2_3.txt,1,421.0,1.68721,421.0,0.0
TSN1_10000_10_5,wfjsp2_4.txt,1,380.0,1.60221,378.0,0.5291
TSN1_10000_10_5,wfjsp2_5.txt,1,272.0,0.619548,270.0,0.7407
TSN1_10000_10_5,wfjsp2_6.txt,1,425.0,2.1072,416.0,2.1635
TSN1_10000_10_5,wfjsp2_7.txt,1,397.0,2.19978,395.0,0.5063
TSN1_10000_10_5,wfjsp2_8.txt,1,417.0,1.39345,414.0,0.7246
TSN1_10000_10_5,wfjsp2_9.txt,1,329.0,1.43652,329.0,0.0
TSN1_10000_10_5,wfjsp3_1.txt,1,423.0,3.13199,419.0,0.9547
TSN1_10000_10_5,wfjsp3_10.txt,1,455.0,2.7282,455.0,0.0
TSN1_10000_10_5,wfjsp3_2.txt,1,545.0,3.70588,543.0,0.3683
TSN1_10000_10_5,wfjsp3_3.txt,1,383.0,1.39785,383.0,0.0
TSN1_10000_10_5,wfjsp3_4.txt,1,453.0,3.64717,443.0,2.2573
TSN1_10000_10_5,wfjsp3_5.txt,1,290.0,2.40098,284.0,2.1127
TSN1_10000_10_5,wfjsp3_6.txt,1,529.0,3.79593,529.0,0.0
TSN1_10000_10_5,wfjsp3_7.txt,1,356.0,2.54638,342.0,4.0936
TSN1_10000_10_5,wfjsp3_8.txt,1,492.0,4.08533,492.0,0.0
TSN1_10000_10_5,wfjsp3_9.txt,1,535.0,1.7467,534.0,0.1873
TSN1_10000_10_5,wfjsp4_1.txt,1,283.0,3.768,277.0,2.1661
TSN1_10000_10_5,wfjsp4_10.txt,1,295.0,3.18774,293.0,0.6826
TSN1_10000_10_5,wfjsp4_2.txt,1,357.0,4.12595,350.0,2.0
TSN1_10000_10_5,wfjsp4_3.txt,1,368.0,3.79311,360.0,2.2222
TSN1_10000_10_5,wfjsp4_4.txt,1,324.0,3.53894,320.0,1.25
TSN1_10000_10_5,wfjsp4_5.txt,1,290.0,1.43821,290.0,0.0
TSN1_10000_10_5,wfjsp4_6.txt,1,370.0,3.90965,355.0,4.2254
TSN1_10000_10_5,wfjsp4_7.txt,1,300.0,3.32767,288.0,4.1667
TSN1_10000_10_5,wfjsp4_8.txt,1,322.0,4.11513,316.0,1.8987
TSN1_10000_10_5,wfjsp4_9.txt,1,288.0,1.81672,288.0,0.0
TSN1_10000_10_5,wfjsp5_1.txt,1,626.0,13.9881,608.0,2.9605
TSN1_10000_10_5,wfjsp5_10.txt,1,654.0,8.35149,627.0,4.3062
TSN1_10000_10_5,wfjsp5_2.txt,1,665.0,11.8858,638.0,4.232
TSN1_10000_10_5,wfjsp5_3.txt,1,646.0,13.5215,626.0,3.1949
TSN1_10000_10_5,wfjsp5_4.txt,1,735.0,23.8825,722.0,1.8006
TSN1_10000_10_5,wfjsp5_5.txt,1,731.0,19.1663,729.0,0.2743
TSN1_10000_10_5,wfjsp5_6.txt,1,752.0,15.5733,732.0,2.7322
TSN1_10000_10_5,wfjsp5_7.txt,1,771.0,18.7303,754.0,2.2546
TSN1_10000_10_5,wfjsp5_8.txt,1,696.0,21.4426,683.0,1.9034
TSN1_10000_10_5,wfjsp5_9.txt,1,622.0,9.48086,582.0,6.8729
TSN1_10000_10_5,wfjsp6_1.txt,1,697.0,21.2779,682.0,2.1994
TSN1_10000_10_5,wfjsp6_10.txt,1,718.0,16.7263,699.0,2.7182
TSN1_10000_10_5,wfjsp6_2.txt,1,789.0,18.953,780.0,1.1538
TSN1_10000_10_5,wfjsp6_3.txt,1,738.0,18.4712,735.0,0.4082
TSN1_10000_10_5,wfjsp6_4.txt,1,812.0,23.1496,803.0,1.1208
TSN1_10000_10_5,wfjsp6_5.txt,1,853.0,19.6412,844.0,1.0664
TSN1_10000_10_5,wfjsp6_6.txt,1,817.0,14.0979,798.0,2.381
TSN1_10000_10_5,wfjsp6_7.txt,1,858.0,18.5934,855.0,0.3509
TSN1_10000_10_5,wfjsp6_8.txt,1,776.0,22.3256,759.0,2.2398
TSN1_10000_10_5,wfjsp6_9.txt,1,710.0,14.1094,686.0,3.4985
TSN1_10000_10_5,wfjsp7_1.txt,1,836.0,33.0577,815.0,2.5767
TSN1_10000_10_5,wfjsp7_10.txt,1,927.0,30.3869,909.0,1.9802
TSN1_10000_10_5,wfjsp7_2.txt,1,1039.0,38.6372,1038.0,0.0963
TSN1_10000_10_5,wfjsp7_3.txt,1,1151.0,47.9358,1133.0,1.5887
TSN1_10000_10_5,wfjsp7_4.txt,1,949.0,43.6385,944.0,0.5297
TSN1_10000_10_5,wfjsp7_5.txt,1,817.0,24.34,803.0,1.7435
TSN1_10000_10_5,wfjsp7_6.txt,1,1029.0,46.7247,1010.0,1.8812
TSN1_10000_10_5,wfjsp7_7.txt,1,966.0,39.8969,929.0,3.9828
TSN1_10000_10_5,wfjsp7_8.txt,1,902.0,29.267,882.0,2.2676
TSN1_10000_10_5,wfjsp7_9.txt,1,853.0,34.6374,852.0,0.1174
TSN1_10000_10_5,wfjsp8_1.txt,1,1056.0,45.7298,1025.0,3.0244
TSN1_10000_10_5,wfjsp8_10.txt,1,1212.0,53.3183,1194.0,1.5075
TSN1_10000_10_5,wfjsp8_2.txt,1,1284.0,52.3726,1251.0,2.6379
TSN1_10000_10_5,wfjsp8_3.txt,1,1387.0,79.0615,1364.0,1.6862
TSN1_10000_10_5,wfjsp8_4.txt,1,1218.0,89.7739,1211.0,0.578
TSN1_10000_10_5,wfjsp8_5.txt,1,1061.0,57.0264,1050.0,1.0476
TSN1_10000_10_5,wfjsp8_6.txt,1,1288.0,96.4608,1267.0,1.6575
TSN1_10000_10_5,wfjsp8_7.txt,1,1197.0,58.0608,1158.0,3.3679
TSN1_10000_10_5,wfjsp8_8.txt,1,1179.0,54.715,1158.0,1.8135
TSN1_10000_10_5,wfjsp8_9.txt,1,1066.0,57.6396,1044.0,2.1073
TSN1_10000_10_5,wfjsp9_1.txt,1,1340.0,116.177,1314.0,1.9787
TSN1_10000_10_5,wfjsp9_10.txt,1,1431.0,92.7817,1414.0,1.2023
TSN1_10000_10_5,wfjsp9_2.txt,1,1407.0,98.0474,1404.0,0.2137
TSN1_10000_10_5,wfjsp9_3.txt,1,1516.0,118.921,1483.0,2.2252
TSN1_10000_10_5,wfjsp9_4.txt,1,1374.0,101.732,1357.0,1.2528
TSN1_10000_10_5,wfjsp9_5.txt,1,1271.0,92.4638,1247.0,1.9246
TSN1_10000_10_5,wfjsp9_6.txt,1,1407.0,101.728,1383.0,1.7354
TSN1_10000_10_5,wfjsp9_7.txt,1,1354.0,79.3022,1318.0,2.7314
TSN1_10000_10_5,wfjsp9_8.txt,1,1408.0,64.7185,1386.0,1.5873
TSN1_10000_10_5,wfjsp9_9.txt,1,1335.0,80.6579,1294.0,3.1685
TSN1_2000_5_5,Dauzere_01a.txt,1,3156.0,14.3679,2921.0,8.0452
TSN1_2000_5_5,Dauzere_02a.txt,1,3045.0,15.5704,2914.0,4.4955
TSN1_2000_5_5,Dauzere_03a.txt,1,2973.0,30.2433,2910.0,2.1649
TSN1_2000_5_5,Dauzere_04a.txt,1,3125.0,16.9607,2911.0,7.3514
TSN1_2000_5_5,Dauzere_05a.txt,1,2996.0,20.8997,2888.0,3.7396
TSN1_2000_5_5,Dauzere_06a.txt,1,2968.0,29.306,2877.0,3.163
TSN1_2000_5_5,Dauzere_07a.txt,1,3208.0,21.349,2917.0,9.976
TSN1_2000_5_5,Dauzere_08a.txt,1,2962.0,45.9645,2883.0,2.7402
TSN1_2000_5_5,Dauzere_09a.txt,1,2920.0,79.2709,2880.0,1.3889
TSN1_2000_5_5,Dauzere_10a.txt,1,3127.0,26.0707,2922.0,7.0157
TSN1_2000_5_5,Dauzere_11a.txt,1,2977.0,52.5713,2876.0,3.5118
TSN1_2000_5_5,Dauzere_12a.txt,1,2887.0,97.8575,2840.0,1.6549
TSN1_2000_5_5,Mk01.txt,1,76.0,3.00964,70.0,8.5714
TSN1_2000_5_5,Mk02.txt,1,73.0,5.05156,67.0,8.9552
TSN1_2000_5_5,Mk03.txt,1,242.0,18.4106,238.0,1.6807
TSN1_2000_5_5,Mk04.txt,1,100.0,5.73944,95.0,5.2632
TSN1_2000_5_5,Mk05.txt,1,316.0,11.5701,299.0,5.6856
TSN1_2000_5_5,Mk06.txt,1,126.0,27.4784,109.0,15.5963
TSN1_2000_5_5,Mk07.txt,1,238.0,13.4218,222.0,7.2072
TSN1_2000_5_5,Mk08.txt,1,637.0,18.0474,624.0,2.0833
TSN1_2000_5_5,Mk09.txt,1,513.0,53.3633,479.0,7.0981
TSN1_2000_5_5,Mk10.txt,1,351.0,129.996,326.0,7.6687
TSN1_2000_5_5,wfjsp10_1.txt,1,822.0,13.9333,781.0,5.2497
TSN1_2000_5_5,wfjsp10_10.txt,1,903.0,13.8964,859.0,5.1222
TSN1_2000_5_5,wfjsp10_2.txt,1,881.0,23.2594,836.0,5.3828
TSN1_2000_5_5,wfjsp10_3.txt,1,972.0,28.914,923.0,5.3088
TSN1_2000_5_5,wfjsp10_4.txt,1,899.0,21.4519,873.0,2.9782
TSN1_2000_5_5,wfjsp10_5.txt,1,785.0,13.2646,733.0,7.0941
TSN1_2000_5_5,wfjsp10_6.txt,1,935.0,27.8304,896.0,4.3527
TSN1_2000_5_5,wfjsp10_7.txt,1,879.0,20.0583,819.0,7.326
TSN1_2000_5_5,wfjsp10_8.txt,1,853.0,21.9502,824.0,3.5194
TSN1_2000_5_5,wfjsp10_9.txt,1,860.0,13.2605,803.0,7.0984
TSN1_2000_5_5,wfjsp11_1.txt,1,1017.0,53.2797,969.0,4.9536
TSN1_2000_5_5,wfjsp11_10.txt,1,1159.0,34.044,1091.0,6.2328
TSN1_2000_5_5,wfjsp11_2.txt,1,1247.0,46.8267,1184.0,5.3209
TSN1_2000_5_5,wfjsp11_3.txt,1,1215.0,56.768,1149.0,5.7441
TSN1_2000_5_5,wfjsp11_4.txt,1,1209.0,50.0326,1135.0,6.5198
TSN1_2000_5_5,wfjsp11_5.txt,1,1225.0,77.3024,1180.0,3.8136
TSN1_2000_5_5,wfjsp11_6.txt,1,987.0,28.9842,937.0,5.3362
TSN1_2000_5_5,wfjsp11_7.txt,1,1067.0,48.4698,1015.0,5.1232
TSN1_2000_5_5,wfjsp11_8.txt,1,1088.0,55.3225,1032.0,5.4264
TSN1_2000_5_5,wfjsp11_9.txt,1,1208.0,42.0507,1136.0,6.338
TSN1_2000_5_5,wfjsp12_1.txt,1,928.0,43.3645,896.0,3.5714
TSN1_2000_5_5,wfjsp12_10.txt,1,1122.0,69.1491,1099.0,2.0928
TSN1_2000_5_5,wfjsp12_2.txt,1,1038.0,50.0364,997.0,4.1123
TSN1_2000_5_5,wfjsp12_3.txt,1,1124.0,65.9039,1103.0,1.9039
TSN1_2000_5_5,wfjsp12_4.txt,1,1045.0,55.7348,1027.0,1.7527
TSN1_2000_5_5,wfjsp12_5.txt,1,883.0,48.2872,869.0,1.611
TSN1_2000_5_5,wfjsp12_6.txt,1,1156.0,55.5928,1134.0,1.94
TSN1_2000_5_5,wfjsp12_7.txt,1,1035.0,68.1704,1018.0,1.6699
TSN1_2000_5_5,wfjsp12_8.txt,1,1004.0,80.7739,980.0,2.449
TSN1_2000_5_5,wfjsp12_9.txt,1,1016.0,54.5012,995.0,2.1106
TSN1_2000_5_5,wfjsp13_1.txt,1,891.0,118.369,866.0,2.8868
TSN1_2000_5_5,wfjsp13_10.txt,1,963.0,121.534,916.0,5.131
TSN1_2000_5_5,wfjsp13_2.txt,1,1005.0,145.043,962.0,4.4699
TSN1_2000_5_5,wfjsp13_3.txt,1,906.0,80.3281,883.0,2.6048
TSN1_2000_5_5,wfjsp13_4.txt,1,922.0,106.2,908.0,1.5419
TSN1_2000_5_5,wfjsp13_5.txt,1,844.0,116.223,809.0,4.3263
TSN1_2000_5_5,wfjsp13_6.txt,1,1036.0,127.666,988.0,4.8583
TSN1_2000_5_5,wfjsp13_7.txt,1,898.0,109.789,875.0,2.6286
TSN1_2000_5_5,wfjsp13_8.txt,1,926.0,110.031,899.0,3.0033
TSN1_2000_5_5,wfjsp13_9.txt,1,979.0,107.808,967.0,1.241
TSN1_2000_5_5,wfjsp14_1.txt,1,764.0,59.9996,745.0,2.5503
TSN1_2000_5_5,wfjsp14_10.txt,1,908.0,92.0131,878.0,3.4169
TSN1_2000_5_5,wfjsp14_2.txt,1,818.0,97.2526,793.0,3.1526
TSN1_2000_5_5,wfjsp14_3.txt,1,876.0,97.4032,848.0,3.3019
TSN1_2000_5_5,wfjsp14_4.txt,1,823.0,73.2924,806.0,2.1092
TSN1_2000_5_5,wfjsp14_5.txt,1,727.0,78.6441,715.0,1.6783
TSN1_2000_5_5,wfjsp14_6.txt,1,947.0,83.3111,913.0,3.724
TSN1_2000_5_5,wfjsp14_7.txt,1,854.0,104.203,826.0,3.3898
TSN1_2000_5_5,wfjsp14_8.txt,1,810.0,71.9726,782.0,3.5806
TSN1_2000_5_5,wfjsp14_9.txt,1,798.0,75.0608,793.0,0.6305
TSN1_2000_5_5,wfjsp15_1.txt,1,1293.0,300.027,1259.0,2.7006
TSN1_2000_5_5,wfjsp15_10.txt,1,1471.0,300.03,1415.0,3.9576
TSN1_2000_5_5,wfjsp15_2.txt,1,1348.0,300.017,1314.0,2.5875
TSN1_2000_5_5,wfjsp15_3.txt,1,1417.0,300.021,1376.0,2.9797
TSN1_2000_5_5,wfjsp15_4.txt,1,1359.0,300.021,1308.0,3.8991
TSN1_2000_5_5,wfjsp15_5.txt,1,1243.0,271.351,1198.0,3.7563
TSN1_2000_5_5,wfjsp15_6.txt,1,1562.0,300.028,1510.0,3.4437
TSN1_2000_5_5,wfjsp15_7.txt,1,1379.0,300.036,1328.0,3.8404
TSN1_2000_5_5,wfjsp15_8.txt,1,1373.0,265.537,1327.0,3.4665
TSN1_2000_5_5,wfjsp15_9.txt,1,1372.0,276.248,1328.0,3.3133
TSN1_2000_5_5,wfjsp16_1.txt,1,1004.0,230.991,995.0,0.9045
TSN1_2000_5_5,wfjsp16_10.txt,1,1164.0,196.498,1145.0,1.6594
TSN1_2000_5_5,wfjsp16_2.txt,1,1036.0,144.848,1011.0,2.4728
TSN1_2000_5_5,wfjsp16_3.txt,1,1104.0,166.764,1097.0,0.6381
TSN1_2000_5_5,wfjsp16_4.txt,1,1096.0,203.754,1074.0,2.0484
TSN1_2000_5_5,wfjsp16_5.txt,1,923.0,111.008,904.0,2.1018
TSN1_2000_5_5,wfjsp16_6.txt,1,1241.0,159.776,1222.0,1.5548
TSN1_2000_5_5,wfjsp16_7.txt,1,1102.0,297.426,1094.0,0.7313
TSN1_2000_5_5,wfjsp16_8.txt,1,1068.0,121.651,1049.0,1.8112
TSN1_2000_5_5,wfjsp16_9.txt,1,1064.0,145.335,1055.0,0.8531
TSN1_2000_5_5,wfjsp17_1.txt,1,1650.0,18.5557,1585.0,4.1009
TSN1_2000_5_5,wfjsp17_10.txt,1,1786.0,12.4851,1750.0,2.0571
TSN1_2000_5_5,wfjsp17_2.txt,1,1775.0,24.9328,1731.0,2.5419
TSN1_2000_5_5,wfjsp17_3.txt,1,1905.0,14.2142,1836.0,3.7582
TSN1_2000_5_5,wfjsp17_4.txt,1,1724.0,23.2607,1670.0,3.2335
TSN1_2000_5_5,wfjsp17_5.txt,1,1574.0,14.5218,1558.0,1.027
TSN1_2000_5_5,wfjsp17_6.txt,1,1750.0,16.5249,1708.0,2.459
TSN1_2000_5_5,wfjsp17_7.txt,1,1653.0,17.8196,1598.0,3.4418
TSN1_2000_5_5,wfjsp17_8.txt,1,1755.0,19.7594,1717.0,2.2132
TSN1_2000_5_5,wfjsp17_9.txt,1,1645.0,16.4323,1593.0,3.2643
TSN1_2000_5_5,wfjsp18_1.txt,1,973.0,21.8562,929.0,4.7363
TSN1_2000_5_5,wfjsp18_10.txt,1,1068.0,23.3209,1019.0,4.8086
TSN1_2000_5_5,wfjsp18_2.txt,1,1054.0,25.843,1010.0,4.3564
TSN1_2000_5_5,wfjsp18_3.txt,1,1164.0,28.1536,1120.0,3.9286
TSN1_2000_5_5,wfjsp18_4.txt,1,1070.0,27.7527,1037.0,3.1823
TSN1_2000_5_5,wfjsp18_5.txt,1,900.0,20.1097,854.0,5.3864
TSN1_2000_5_5,wfjsp18_6.txt,1,1123.0,26.0423,1084.0,3.5978
TSN1_2000_5_5,wfjsp18_7.txt,1,1055.0,22.6337,1003.0,5.1844
TSN1_2000_5_5,wfjsp18_8.txt,1,1022.0,19.9824,990.0,3.2323
TSN1_2000_5_5,wfjsp18_9.txt,1,991.0,19.704,944.0,4.9788
TSN1_2000_5_5,wfjsp19_1.txt,1,1230.0,52.1338,1196.0,2.8428
TSN1_2000_5_5,wfjsp19_10.txt,1,1387.0,38.3877,1351.0,2.6647
TSN1_2000_5_5,wfjsp19_2.txt,1,1504.0,59.5261,1471.0,2.2434
TSN1_2000_5_5,wfjsp19_3.txt,1,1461.0,61.9013,1406.0,3.9118
TSN1_2000_5_5,wfjsp19_4.txt,1,1436.0,74.2962,1398.0,2.7182
TSN1_2000_5_5,wfjsp19_5.txt,1,1483.0,81.217,1444.0,2.7008
TSN1_2000_5_5,wfjsp19_6.txt,1,1191.0,30.2337,1158.0,2.8497
TSN1_2000_5_5,wfjsp19_7.txt,1,1284.0,40.3687,1236.0,3.8835
TSN1_2000_5_5,wfjsp19_8.txt,1,1294.0,54.5971,1250.0,3.52
TSN1_2000_5_5,wfjsp19_9.txt,1,1434.0,60.9782,1388.0,3.3141
TSN1_2000_5_5,wfjsp1_1.txt,1,273.0,0.293786,268.0,1.8657
TSN1_2000_5_5,wfjsp1_10.txt,1,316.0,0.234397,316.0,0.0
TSN1_2000_5_5,wfjsp1_2.txt,1,287.0,0.243336,287.0,0.0
TSN1_2000_5_5,wfjsp1_3.txt,1,350.0,0.262119,347.0,0.8646
TSN1_2000_5_5,wfjsp1_4.txt,1,319.0,0.200478,315.0,1.2698
TSN1_2000_5_5,wfjsp1_5.txt,1,265.0,0.181751,265.0,0.0
TSN1_2000_5_5,wfjsp1_6.txt,1,291.0,0.172105,291.0,0.0
TSN1_2000_5_5,wfjsp1_7.txt,1,268.0,0.317791,265.0,1.1321
TSN1_2000_5_5,wfjsp1_8.txt,1,328.0,0.242443,328.0,0.0
TSN1_2000_5_5,wfjsp1_9.txt,1,254.0,0.128079,252.0,0.7937
TSN1_2000_5_5,wfjsp20_1.txt,1,1123.0,39.8101,1105.0,1.629
TSN1_2000_5_5,wfjsp20_10.txt,1,1382.0,42.4165,1362.0,1.4684
TSN1_2000_5_5,wfjsp20_2.txt,1,1259.0,44.4835,1221.0,3.1122
TSN1_2000_5_5,wfjsp20_3.txt,1,1365.0,52.9506,1328.0,2.7861
TSN1_2000_5_5,wfjsp20_4.txt,1,1293.0,52.3259,1259.0,2.7006
TSN1_2000_5_5,wfjsp20_5.txt,1,1084.0,43.969,1058.0,2.4575
TSN1_2000_5_5,wfjsp20_6.txt,1,1409.0,59.226,1381.0,2.0275
TSN1_2000_5_5,wfjsp20_7.txt,1,1258.0,41.1013,1224.0,2.7778
TSN1_2000_5_5,wfjsp20_8.txt,1,1214.0,54.6255,1183.0,2.6205
TSN1_2000_5_5,wfjsp20_9.txt,1,1239.0,68.9893,1200.0,3.25
TSN1_2000_5_5,wfjsp21_1.txt,1,1067.0,92.4016,1049.0,1.7159
TSN1_2000_5_5,wfjsp21_10.txt,1,1138.0,105.375,1120.0,1.6071
TSN1_2000_5_5,wfjsp21_2.txt,1,1180.0,102.97,1171.0,0.7686
TSN1_2000_5_5,wfjsp21_3.txt,1,1081.0,81.3082,1046.0,3.3461
TSN1_2000_5_5,wfjsp21_4.txt,1,1103.0,148.637,1095.0,0.7306
TSN1_2000_5_5,wfjsp21_5.txt,1,999.0,93.6834,984.0,1.5244
TSN1_2000_5_5,wfjsp21_6.txt,1,1222.0,113.433,1204.0,1.495
TSN1_2000_5_5,wfjsp21_7.txt,1,1070.0,113.362,1015.0,5.4187
TSN1_2000_5_5,wfjsp21_8.txt,1,1095.0,99.3348,1088.0,0.6434
TSN1_2000_5_5,wfjsp21_9.txt,1,1173.0,164.483,1129.0,3.8973
TSN1_2000_5_5,wfjsp22_1.txt,1,920.0,74.0438,903.0,1.8826
TSN1_2000_5_5,wfjsp22_10.txt,1,1094.0,105.747,1084.0,0.9225
TSN1_2000_5_5,wfjsp22_2.txt,1,973.0,67.101,957.0,1.6719
TSN1_2000_5_5,wfjsp22_3.txt,1,1047.0,78.1388,1024.0,2.2461
TSN1_2000_5_5,wfjsp22_4.txt,1,996.0,102.536,989.0,0.7078
TSN1_2000_5_5,wfjsp22_5.txt,1,878.0,72.0523,874.0,0.4577
TSN1_2000_5_5,wfjsp22_6.txt,1,1127.0,89.2968,1114.0,1.167
TSN1_2000_5_5,wfjsp22_7.txt,1,1014.0,86.0433,994.0,2.0121
TSN1_2000_5_5,wfjsp22_8.txt,1,972.0,102.884,946.0,2.7484
TSN1_2000_5_5,wfjsp22_9.txt,1,971.0,87.5708,944.0,2.8602
TSN1_2000_5_5,wfjsp23_1.txt,1,1560.0,300.041,1519.0,2.6991
TSN1_2000_5_5,wfjsp23_10.txt,1,1762.0,300.036,1727.0,2.0266
TSN1_2000_5_5,wfjsp23_2.txt,1,1620.0,300.049,1595.0,1.5674
TSN1_2000_5_5,wfjsp23_3.txt,1,1680.0,300.04,1657.0,1.3881
TSN1_2000_5_5,wfjsp23_4.txt,1,1607.0,300.028,1572.0,2.2265
TSN1_2000_5_5,wfjsp23_5.txt,1,1505.0,275.428,1488.0,1.1425
TSN1_2000_5_5,wfjsp23_6.txt,1,1872.0,300.034,1866.0,0.3215
TSN1_2000_5_5,wfjsp23_7.txt,1,1656.0,300.02,1601.0,3.4354
TSN1_2000_5_5,wfjsp23_8.txt,1,1634.0,300.018,1597.0,2.3168
TSN1_2000_5_5,wfjsp23_9.txt,1,1626.0,298.771,1582.0,2.7813
TSN1_2000_5_5,wfjsp24_1.txt,1,1212.0,123.49,1201.0,0.9159
TSN1_2000_5_5,wfjsp24_10.txt,1,1402.0,217.519,1407.0,-0.3554
TSN1_2000_5_5,wfjsp24_2.txt,1,1253.0,138.615,1220.0,2.7049
TSN1_2000_5_5,wfjsp24_3.txt,1,1342.0,205.116,1330.0,0.9023
TSN1_2000_5_5,wfjsp24_4.txt,1,1319.0,211.14,1300.0,1.4615
TSN1_2000_5_5,wfjsp24_5.txt,1,1130.0,130.746,1113.0,1.5274
TSN1_2000_5_5,wfjsp24_6.txt,1,1507.0,188.194,1487.0,1.345
TSN1_2000_5_5,wfjsp24_7.txt,1,1338.0,154.932,1312.0,1.9817
TSN1_2000_5_5,wfjsp24_8.txt,1,1278.0,145.871,1263.0,1.1876
TSN1_2000_5_5,wfjsp24_9.txt,1,1286.0,146.998,1269.0,1.3396
TSN1_2000_5_5,wfjsp2_1.txt,1,336.0,0.469412,336.0,0.0
TSN1_2000_5_5,wfjsp2_10.txt,1,490.0,0.308662,489.0,0.2045
TSN1_2000_5_5,wfjsp2_2.txt,1,370.0,0.327921,368.0,0.5435
TSN1_2000_5_5,wfjsp2_3.txt,1,421.0,0.387327,421.0,0.0
TSN1_2000_5_5,wfjsp2_4.txt,1,380.0,0.409733,378.0,0.5291
TSN1_2000_5_5,wfjsp2_5.txt,1,272.0,0.129987,270.0,0.7407
TSN1_2000_5_5,wfjsp2_6.txt,1,427.0,0.419687,416.0,2.6442
TSN1_2000_5_5,wfjsp2_7.txt,1,400.0,0.394517,395.0,1.2658
TSN1_2000_5_5,wfjsp2_8.txt,1,417.0,0.367728,414.0,0.7246
TSN1_2000_5_5,wfjsp2_9.txt,1,329.0,0.289587,329.0,0.0
TSN1_2000_5_5,wfjsp3_1.txt,1,425.0,0.455513,419.0,1.432
TSN1_2000_5_5,wfjsp3_10.txt,1,455.0,0.751391,455.0,0.0
TSN1_2000_5_5,wfjsp3_2.txt,1,546.0,0.682688,543.0,0.5525
TSN1_2000_5_5,wfjsp3_3.txt,1,383.0,0.302931,383.0,0.0
TSN1_2000_5_5,wfjsp3_4.txt,1,456.0,1.15786,443.0,2.9345
TSN1_2000_5_5,wfjsp3_5.txt,1,305.0,0.553024,284.0,7.3944
TSN1_2000_5_5,wfjsp3_6.txt,1,531.0,0.717391,529.0,0.3781
TSN1_2000_5_5,wfjsp3_7.txt,1,356.0,0.538785,342.0,4.0936
TSN1_2000_5_5,wfjsp3_8.txt,1,499.0,0.627923,492.0,1.4228
TSN1_2000_5_5,wfjsp3_9.txt,1,535.0,0.439008,534.0,0.1873
TSN1_2000_5_5,wfjsp4_1.txt,1,285.0,0.838186,277.0,2.8881
TSN1_2000_5_5,wfjsp4_10.txt,1,296.0,0.538858,293.0,1.0239
TSN1_2000_5_5,wfjsp4_2.txt,1,358.0,0.836441,350.0,2.2857
TSN1_2000_5_5,wfjsp4_3.txt,1,368.0,1.04382,360.0,2.2222
TSN1_2000_5_5,wfjsp4_4.txt,1,327.0,0.890819,320.0,2.1875
TSN1_2000_5_5,wfjsp4_5.txt,1,291.0,0.34899,290.0,0.3448
TSN1_2000_5_5,wfjsp4_6.txt,1,378.0,0.90687,355.0,6.4789
TSN1_2000_5_5,wfjsp4_7.txt,1,301.0,0.667983,288.0,4.5139
TSN1_2000_5_5,wfjsp4_8.txt,1,324.0,0.653698,316.0,2.5316
TSN1_2000_5_5,wfjsp4_9.txt,1,288.0,0.384547,288.0,0.0
TSN1_2000_5_5,wfjsp5_1.txt,1,626.0,2.9854,608.0,2.9605
TSN1_2000_5_5,wfjsp5_10.txt,1,656.0,1.83594,627.0,4.6252
TSN1_2000_5_5,wfjsp5_2.txt,1,666.0,2.44061,638.0,4.3887
TSN1_2000_5_5,wfjsp5_3.txt,1,652.0,2.49671,626.0,4.1534
TSN1_2000_5_5,wfjsp5_4.txt,1,738.0,4.56149,722.0,2.2161
TSN1_2000_5_5,wfjsp5_5.txt,1,733.0,4.99163,729.0,0.5487
TSN1_2000_5_5,wfjsp5_6.txt,1,761.0,4.1815,732.0,3.9617
TSN1_2000_5_5,wfjsp5_7.txt,1,782.0,3.45199,754.0,3.7135
TSN1_2000_5_5,wfjsp5_8.txt,1,700.0,2.6414,683.0,2.489
TSN1_2000_5_5,wfjsp5_9.txt,1,632.0,2.13525,582.0,8.5911
TSN1_2000_5_5,wfjsp6_1.txt,1,699.0,3.95004,682.0,2.4927
TSN1_2000_5_5,wfjsp6_10.txt,1,713.0,3.18797,699.0,2.0029
TSN1_2000_5_5,wfjsp6_2.txt,1,796.0,4.22119,780.0,2.0513
TSN1_2000_5_5,wfjsp6_3.txt,1,747.0,3.45968,735.0,1.6327
TSN1_2000_5_5,wfjsp6_4.txt,1,815.0,4.56978,803.0,1.4944
TSN1_2000_5_5,wfjsp6_5.txt,1,864.0,6.06787,844.0,2.3697
TSN1_2000_5_5,wfjsp6_6.txt,1,817.0,3.20415,798.0,2.381
TSN1_2000_5_5,wfjsp6_7.txt,1,851.0,3.63468,855.0,-0.4678
TSN1_2000_5_5,wfjsp6_8.txt,1,778.0,4.93852,759.0,2.5033
TSN1_2000_5_5,wfjsp6_9.txt,1,711.0,3.0732,686.0,3.6443
TSN1_2000_5_5,wfjsp7_1.txt,1,844.0,7.91234,815.0,3.5583
TSN1_2000_5_5,wfjsp7_10.txt,1,929.0,5.99155,909.0,2.2002
TSN1_2000_5_5,wfjsp7_2.txt,1,1048.0,10.1708,1038.0,0.9634
TSN1_2000_5_5,wfjsp7_3.txt,1,1161.0,10.2591,1133.0,2.4713
TSN1_2000_5_5,wfjsp7_4.txt,1,958.0,10.6561,944.0,1.4831
TSN1_2000_5_5,wfjsp7_5.txt,1,818.0,5.61825,803.0,1.868
TSN1_2000_5_5,wfjsp7_6.txt,1,1033.0,10.2348,1010.0,2.2772
TSN1_2000_5_5,wfjsp7_7.txt,1,973.0,7.359,929.0,4.7363
TSN1_2000_5_5,wfjsp7_8.txt,1,914.0,7.06661,882.0,3.6281
TSN1_2000_5_5,wfjsp7_9.txt,1,859.0,8.92981,852.0,0.8216
TSN1_2000_5_5,wfjsp8_1.txt,1,1063.0,9.64591,1025.0,3.7073
TSN1_2000_5_5,wfjsp8_10.txt,1,1217.0,8.92147,1194.0,1.9263
TSN1_2000_5_5,wfjsp8_2.txt,1,1287.0,13.1077,1251.0,2.8777
TSN1_2000_5_5,wfjsp8_3.txt,1,1408.0,14.3644,1364.0,3.2258
TSN1_2000_5_5,wfjsp8_4.txt,1,1231.0,15.4903,1211.0,1.6515
TSN1_2000_5_5,wfjsp8_5.txt,1,1068.0,8.68297,1050.0,1.7143
TSN1_2000_5_5,wfjsp8_6.txt,1,1300.0,13.8117,1267.0,2.6046
TSN1_2000_5_5,wfjsp8_7.txt,1,1208.0,12.8397,1158.0,4.3178
TSN1_2000_5_5,wfjsp8_8.txt,1,1202.0,9.2808,1158.0,3.7997
TSN1_2000_5_5,wfjsp8_9.txt,1,1090.0,14.796,1044.0,4.4061
TSN1_2000_5_5,wfjsp9_1.txt,1,1353.0,16.4535,1314.0,2.968
TSN1_2000_5_5,wfjsp9_10.txt,1,1441.0,18.8003,1414.0,1.9095
TSN1_2000_5_5,wfjsp9_2.txt,1,1431.0,18.1062,1404.0,1.9231
TSN1_2000_5_5,wfjsp9_3.txt,1,1531.0,25.352,1483.0,3.2367
TSN1_2000_5_5,wfjsp9_4.txt,1,1380.0,15.9513,1357.0,1.6949
TSN1_2000_5_5,wfjsp9_5.txt,1,1279.0,20.07,1247.0,2.5662
TSN1_2000_5_5,wfjsp9_6.txt,1,1411.0,15.2976,1383.0,2.0246
TSN1_2000_5_5,wfjsp9_7.txt,1,1359.0,20.8296,1318.0,3.1108
TSN1_2000_5_5,wfjsp9_8.txt,1,1417.0,20.1609,1386.0,2.2367
TSN1_2000_5_5,wfjsp9_9.txt,1,1343.0,16.2386,1294.0,3.7867
TS_10000_10_5,Dauzere_01a.txt,1,2968.0,71.6465,2921.0,1.609
TS_10000_10_5,Dauzere_02a.txt,1,2939.0,119.741,2914.0,0.8579
TS_10000_10_5,Dauzere_03a.txt,1,2931.0,208.638,2910.0,0.7216
TS_10000_10_5,Dauzere_04a.txt,1,2956.0,80.9012,2911.0,1.5459
TS_10000_10_5,Dauzere_05a.txt,1,2911.0,142.592,2888.0,0.7964
TS_10000_10_5,Dauzere_06a.txt,1,2887.0,179.947,2877.0,0.3476
TS_10000_10_5,Dauzere_07a.txt,1,2940.0,168.257,2917.0,0.7885
TS_10000_10_5,Dauzere_08a.txt,1,2892.0,274.85,2883.0,0.3122
TS_10000_10_5,Dauzere_09a.txt,1,2878.0,394.22,2880.0,-0.0694
TS_10000_10_5,Dauzere_10a.txt,1,2947.0,183.024,2922.0,0.8556
TS_10000_10_5,Dauzere_11a.txt,1,2879.0,261.36,2876.0,0.1043
TS_10000_10_5,Dauzere_12a.txt,1,2824.0,510.869,2840.0,-0.5634
TS_10000_10_5,Mk01.txt,1,73.0,16.7982,70.0,4.2857
TS_10000_10_5,Mk02.txt,1,69.0,33.1658,67.0,2.9851
TS_10000_10_5,Mk03.txt,1,238.0,104.337,238.0,0.0
TS_10000_10_5,Mk04.txt,1,95.0,29.6892,95.0,0.0
TS_10000_10_5,Mk05.txt,1,303.0,87.2624,299.0,1.3378
TS_10000_10_5,Mk06.txt,1,108.0,81.9808,109.0,-0.9174
TS_10000_10_5,Mk07.txt,1,228.0,109.084,222.0,2.7027
TS_10000_10_5,Mk08.txt,1,624.0,80.9372,624.0,0.0
TS_10000_10_5,Mk09.txt,1,476.0,167.464,479.0,-0.6263
TS_10000_10_5,Mk10.txt,1,316.0,245.844,326.0,-3.0675
TS_10000_10_5,wfjsp10_1.txt,1,782.0,129.432,781.0,0.128
TS_10000_10_5,wfjsp10_10.txt,1,871.0,115.557,859.0,1.397
TS_10000_10_5,wfjsp10_2.txt,1,852.0,159.656,836.0,1.9139
TS_10000_10_5,wfjsp10_3.txt,1,926.0,237.696,923.0,0.325
TS_10000_10_5,wfjsp10_4.txt,1,878.0,186.545,873.0,0.5727
TS_10000_10_5,wfjsp10_5.txt,1,740.0,129.685,733.0,0.955
TS_10000_10_5,wfjsp10_6.txt,1,916.0,115.008,896.0,2.2321
TS_10000_10_5,wfjsp10_7.txt,1,838.0,169.587,819.0,2.3199
TS_10000_10_5,wfjsp10_8.txt,1,844.0,103.456,824.0,2.4272
TS_10000_10_5,wfjsp10_9.txt,1,814.0,100.111,803.0,1.3699
TS_10000_10_5,wfjsp11_1.txt,1,980.0,218.841,969.0,1.1352
TS_10000_10_5,wfjsp11_10.txt,1,1133.0,180.959,1091.0,3.8497
TS_10000_10_5,wfjsp11_2.txt,1,1209.0,552.402,1184.0,2.1115
TS_10000_10_5,wfjsp11_3.txt,1,1177.0,222.398,1149.0,2.4369
TS_10000_10_5,wfjsp11_4.txt,1,1161.0,245.156,1135.0,2.2907
TS_10000_10_5,wfjsp11_5.txt,1,1199.0,373.052,1180.0,1.6102
TS_10000_10_5,wfjsp11_6.txt,1,976.0,164.792,937.0,4.1622
TS_10000_10_5,wfjsp11_7.txt,1,1019.0,211.3,1015.0,0.3941
TS_10000_10_5,wfjsp11_8.txt,1,1050.0,296.057,1032.0,1.7442
TS_10000_10_5,wfjsp11_9.txt,1,1172.0,236.496,1136.0,3.169
TS_10000_10_5,wfjsp12_1.txt,1,917.0,377.383,896.0,2.3438
TS_10000_10_5,wfjsp12_10.txt,1,1119.0,340.876,1099.0,1.8198
TS_10000_10_5,wfjsp12_2.txt,1,1031.0,312.212,997.0,3.4102
TS_10000_10_5,wfjsp12_3.txt,1,1108.0,530.924,1103.0,0.4533
TS_10000_10_5,wfjsp12_4.txt,1,1048.0,430.53,1027.0,2.0448
TS_10000_10_5,wfjsp12_5.txt,1,887.0,287.88,869.0,2.0713
TS_10000_10_5,wfjsp12_6.txt,1,1154.0,342.458,1134.0,1.7637
TS_10000_10_5,wfjsp12_7.txt,1,1004.0,456.051,1018.0,-1.3752
TS_10000_10_5,wfjsp12_8.txt,1,989.0,268.499,980.0,0.9184
TS_10000_10_5,wfjsp12_9.txt,1,999.0,435.036,995.0,0.402
TS_10000_10_5,wfjsp13_1.txt,1,881.0,600.018,866.0,1.7321
TS_10000_10_5,wfjsp13_10.txt,1,949.0,600.018,916.0,3.6026
TS_10000_10_5,wfjsp13_2.txt,1,987.0,600.022,962.0,2.5988
TS_10000_10_5,wfjsp13_3.txt,1,896.0,600.019,883.0,1.4723
TS_10000_10_5,wfjsp13_4.txt,1,918.0,453.902,908.0,1.1013
TS_10000_10_5,wfjsp13_5.txt,1,820.0,600.015,809.0,1.3597
TS_10000_10_5,wfjsp13_6.txt,1,1014.0,600.017,988.0,2.6316
TS_10000_10_5,wfjsp13_7.txt,1,861.0,431.41,875.0,-1.6
TS_10000_10_5,wfjsp13_8.txt,1,905.0,600.019,899.0,0.6674
TS_10000_10_5,wfjsp13_9.txt,1,971.0,600.022,967.0,0.4137
TS_10000_10_5,wfjsp14_1.txt,1,752.0,595.953,745.0,0.9396
TS_10000_10_5,wfjsp14_10.txt,1,905.0,600.02,878.0,3.0752
TS_10000_10_5,wfjsp14_2.txt,1,809.0,404.338,793.0,2.0177
TS_10000_10_5,wfjsp14_3.txt,1,851.0,600.019,848.0,0.3538
TS_10000_10_5,wfjsp14_4.txt,1,819.0,521.155,806.0,1.6129
TS_10000_10_5,wfjsp14_5.txt,1,727.0,478.463,715.0,1.6783
TS_10000_10_5,wfjsp14_6.txt,1,934.0,566.969,913.0,2.3001
TS_10000_10_5,wfjsp14_7.txt,1,822.0,600.019,826.0,-0.4843
TS_10000_10_5,wfjsp14_8.txt,1,794.0,399.89,782.0,1.5345
TS_10000_10_5,wfjsp14_9.txt,1,788.0,437.472,793.0,-0.6305
TS_10000_10_5,wfjsp15_1.txt,1,1280.0,600.046,1259.0,1.668
TS_10000_10_5,wfjsp15_10.txt,1,1463.0,600.046,1415.0,3.3922
TS_10000_10_5,wfjsp15_2.txt,1,1344.0,600.04,1314.0,2.2831
TS_10000_10_5,wfjsp15_3.txt,1,1393.0,600.06,1376.0,1.2355
TS_10000_10_5,wfjsp15_4.txt,1,1315.0,600.045,1308.0,0.5352
TS_10000_10_5,wfjsp15_5.txt,1,1229.0,600.046,1198.0,2.5876
TS_10000_10_5,wfjsp15_6.txt,1,1554.0,600.041,1510.0,2.9139
TS_10000_10_5,wfjsp15_7.txt,1,1334.0,600.05,1328.0,0.4518
TS_10000_10_5,wfjsp15_8.txt,1,1349.0,600.04,1327.0,1.6579
TS_10000_10_5,wfjsp15_9.txt,1,1323.0,600.047,1328.0,-0.3765
TS_10000_10_5,wfjsp16_1.txt,1,999.0,600.028,995.0,0.402
TS_10000_10_5,wfjsp16_10.txt,1,1161.0,600.03,1145.0,1.3974
TS_10000_10_5,wfjsp16_2.txt,1,1024.0,600.025,1011.0,1.2859
TS_10000_10_5,wfjsp16_3.txt,1,1085.0,600.025,1097.0,-1.0939
TS_10000_10_5,wfjsp16_4.txt,1,1090.0,600.028,1074.0,1.4898
TS_10000_10_5,wfjsp16_5.txt,1,922.0,600.027,904.0,1.9912
TS_10000_10_5,wfjsp16_6.txt,1,1247.0,600.031,1222.0,2.0458
TS_10000_10_5,wfjsp16_7.txt,1,1093.0,600.031,1094.0,-0.0914
TS_10000_10_5,wfjsp16_8.txt,1,1052.0,600.026,1049.0,0.286
TS_10000_10_5,wfjsp16_9.txt,1,1051.0,600.031,1055.0,-0.3791
TS_10000_10_5,wfjsp17_1.txt,1,1600.0,209.888,1585.0,0.9464
TS_10000_10_5,wfjsp17_10.txt,1,1763.0,165.288,1750.0,0.7429
TS_10000_10_5,wfjsp17_2.txt,1,1746.0,188.266,1731.0,0.8666
TS_10000_10_5,wfjsp17_3.txt,1,1854.0,196.848,1836.0,0.9804
TS_10000_10_5,wfjsp17_4.txt,1,1681.0,174.768,1670.0,0.6587
TS_10000_10_5,wfjsp17_5.txt,1,1554.0,160.724,1558.0,-0.2567
TS_10000_10_5,wfjsp17_6.txt,1,1714.0,151.193,1708.0,0.3513
TS_10000_10_5,wfjsp17_7.txt,1,1614.0,196.123,1598.0,1.0013
TS_10000_10_5,wfjsp17_8.txt,1,1728.0,169.07,1717.0,0.6407
TS_10000_10_5,wfjsp17_9.txt,1,1593.0,182.99,1593.0,0.0
TS_10000_10_5,wfjsp18_1.txt,1,945.0,132.357,929.0,1.7223
TS_10000_10_5,wfjsp18_10.txt,1,1036.0,144.629,1019.0,1.6683
TS_10000_10_5,wfjsp18_2.txt,1,1030.0,165.827,1010.0,1.9802
TS_10000_10_5,wfjsp18_3.txt,1,1119.0,140.84,1120.0,-0.0893
TS_10000_10_5,wfjsp18_4.txt,1,1045.0,172.155,1037.0,0.7715
TS_10000_10_5,wfjsp18_5.txt,1,871.0,108.147,854.0,1.9906
TS_10000_10_5,wfjsp18_6.txt,1,1096.0,137.451,1084.0,1.107
TS_10000_10_5,wfjsp18_7.txt,1,1009.0,175.221,1003.0,0.5982
TS_10000_10_5,wfjsp18_8.txt,1,1004.0,165.857,990.0,1.4141
TS_10000_10_5,wfjsp18_9.txt,1,950.0,114.105,944.0,0.6356
TS_10000_10_5,wfjsp19_1.txt,1,1187.0,276.862,1196.0,-0.7525
TS_10000_10_5,wfjsp19_10.txt,1,1359.0,300.072,1351.0,0.5922
TS_10000_10_5,wfjsp19_2.txt,1,1461.0,315.532,1471.0,-0.6798
TS_10000_10_5,wfjsp19_3.txt,1,1410.0,409.431,1406.0,0.2845
TS_10000_10_5,wfjsp19_4.txt,1,1391.0,282.977,1398.0,-0.5007
TS_10000_10_5,wfjsp19_5.txt,1,1434.0,328.005,1444.0,-0.6925
TS_10000_10_5,wfjsp19_6.txt,1,1166.0,180.442,1158.0,0.6908
TS_10000_10_5,wfjsp19_7.txt,1,1233.0,247.76,1236.0,-0.2427
TS_10000_10_5,wfjsp19_8.txt,1,1244.0,316.484,1250.0,-0.48
TS_10000_10_5,wfjsp19_9.txt,1,1380.0,267.447,1388.0,-0.5764
TS_10000_10_5,wfjsp1_1.txt,1,268.0,2.08432,268.0,0.0
TS_10000_10_5,wfjsp1_10.txt,1,316.0,2.05856,316.0,0.0
TS_10000_10_5,wfjsp1_2.txt,1,287.0,1.81661,287.0,0.0
TS_10000_10_5,wfjsp1_3.txt,1,347.0,1.9716,347.0,0.0
TS_10000_10_5,wfjsp1_4.txt,1,315.0,2.46659,315.0,0.0
TS_10000_10_5,wfjsp1_5.txt,1,265.0,1.44902,265.0,0.0
TS_10000_10_5,wfjsp1_6.txt,1,291.0,1.48671,291.0,0.0
TS_10000_10_5,wfjsp1_7.txt,1,265.0,2.82208,265.0,0.0
TS_10000_10_5,wfjsp1_8.txt,1,328.0,2.08493,328.0,0.0
TS_10000_10_5,wfjsp1_9.txt,1,252.0,1.27815,252.0,0.0
TS_10000_10_5,wfjsp20_1.txt,1,1091.0,450.902,1105.0,-1.267
TS_10000_10_5,wfjsp20_10.txt,1,1361.0,407.374,1362.0,-0.0734
TS_10000_10_5,wfjsp20_2.txt,1,1237.0,480.305,1221.0,1.3104
TS_10000_10_5,wfjsp20_3.txt,1,1322.0,555.804,1328.0,-0.4518
TS_10000_10_5,wfjsp20_4.txt,1,1258.0,500.266,1259.0,-0.0794
TS_10000_10_5,wfjsp20_5.txt,1,1061.0,298.755,1058.0,0.2836
TS_10000_10_5,wfjsp20_6.txt,1,1395.0,600.018,1381.0,1.0138
TS_10000_10_5,wfjsp20_7.txt,1,1221.0,438.775,1224.0,-0.2451
TS_10000_10_5,wfjsp20_8.txt,1,1181.0,315.072,1183.0,-0.1691
TS_10000_10_5,wfjsp20_9.txt,1,1195.0,388.817,1200.0,-0.4167
TS_10000_10_5,wfjsp21_1.txt,1,1030.0,536.725,1049.0,-1.8112
TS_10000_10_5,wfjsp21_10.txt,1,1117.0,600.018,1120.0,-0.2679
TS_10000_10_5,wfjsp21_2.txt,1,1155.0,600.026,1171.0,-1.3664
TS_10000_10_5,wfjsp21_3.txt,1,1055.0,600.023,1046.0,0.8604
TS_10000_10_5,wfjsp21_4.txt,1,1080.0,600.022,1095.0,-1.3699
TS_10000_10_5,wfjsp21_5.txt,1,978.0,600.016,984.0,-0.6098
TS_10000_10_5,wfjsp21_6.txt,1,1196.0,491.051,1204.0,-0.6645
TS_10000_10_5,wfjsp21_7.txt,1,1022.0,600.016,1015.0,0.6897
TS_10000_10_5,wfjsp21_8.txt,1,1061.0,600.023,1088.0,-2.4816
TS_10000_10_5,wfjsp21_9.txt,1,1143.0,600.026,1129.0,1.24
TS_10000_10_5,wfjsp22_1.txt,1,882.0,418.828,903.0,-2.3256
TS_10000_10_5,wfjsp22_10.txt,1,1067.0,531.216,1084.0,-1.5683
TS_10000_10_5,wfjsp22_2.txt,1,954.0,474.782,957.0,-0.3135
TS_10000_10_5,wfjsp22_3.txt,1,1014.0,600.019,1024.0,-0.9766
TS_10000_10_5,wfjsp22_4.txt,1,975.0,600.019,989.0,-1.4156
TS_10000_10_5,wfjsp22_5.txt,1,857.0,535.462,874.0,-1.9451
TS_10000_10_5,wfjsp22_6.txt,1,1110.0,542.691,1114.0,-0.3591
TS_10000_10_5,wfjsp22_7.txt,1,981.0,600.017,994.0,-1.3078
TS_10000_10_5,wfjsp22_8.txt,1,943.0,600.016,946.0,-0.3171
TS_10000_10_5,wfjsp22_9.txt,1,942.0,427.798,944.0,-0.2119
TS_10000_10_5,wfjsp23_1.txt,1,1519.0,600.049,1519.0,0.0
TS_10000_10_5,wfjsp23_10.txt,1,1721.0,600.046,1727.0,-0.3474
TS_10000_10_5,wfjsp23_2.txt,1,1586.0,600.042,1595.0,-0.5643
TS_10000_10_5,wfjsp23_3.txt,1,1640.0,600.041,1657.0,-1.026
TS_10000_10_5,wfjsp23_4.txt,1,1576.0,600.045,1572.0,0.2545
TS_10000_10_5,wfjsp23_5.txt,1,1471.0,600.046,1488.0,-1.1425
TS_10000_10_5,wfjsp23_6.txt,1,1847.0,600.051,1866.0,-1.0182
TS_10000_10_5,wfjsp23_7.txt,1,1596.0,600.04,1601.0,-0.3123
TS_10000_10_5,wfjsp23_8.txt,1,1601.0,600.05,1597.0,0.2505
TS_10000_10_5,wfjsp23_9.txt,1,1564.0,600.04,1582.0,-1.1378
TS_10000_10_5,wfjsp24_1.txt,1,1177.0,600.029,1201.0,-1.9983
TS_10000_10_5,wfjsp24_10.txt,1,1376.0,600.029,1407.0,-2.2033
TS_10000_10_5,wfjsp24_2.txt,1,1221.0,600.024,1220.0,0.082
TS_10000_10_5,wfjsp24_3.txt,1,1303.0,600.032,1330.0,-2.0301
TS_10000_10_5,wfjsp24_4.txt,1,1298.0,600.036,1300.0,-0.1538
TS_10000_10_5,wfjsp24_5.txt,1,1103.0,600.026,1113.0,-0.8985
TS_10000_10_5,wfjsp24_6.txt,1,1481.0,600.03,1487.0,-0.4035
TS_10000_10_5,wfjsp24_7.txt,1,1292.0,600.039,1312.0,-1.5244
TS_10000_10_5,wfjsp24_8.txt,1,1262.0,600.029,1263.0,-0.0792
TS_10000_10_5,wfjsp24_9.txt,1,1238.0,600.031,1269.0,-2.4429
TS_10000_10_5,wfjsp2_1.txt,1,336.0,4.23882,336.0,0.0
TS_10000_10_5,wfjsp2_10.txt,1,489.0,3.04901,489.0,0.0
TS_10000_10_5,wfjsp2_2.txt,1,369.0,4.19507,368.0,0.2717
TS_10000_10_5,wfjsp2_3.txt,1,421.0,3.18993,421.0,0.0
TS_10000_10_5,wfjsp2_4.txt,1,380.0,4.64401,378.0,0.5291
TS_10000_10_5,wfjsp2_5.txt,1,270.0,2.75509,270.0,0.0
TS_10000_10_5,wfjsp2_6.txt,1,422.0,3.79489,416.0,1.4423
TS_10000_10_5,wfjsp2_7.txt,1,397.0,4.57826,395.0,0.5063
TS_10000_10_5,wfjsp2_8.txt,1,415.0,3.67597,414.0,0.2415
TS_10000_10_5,wfjsp2_9.txt,1,329.0,2.64828,329.0,0.0
TS_10000_10_5,wfjsp3_1.txt,1,422.0,4.26462,419.0,0.716
TS_10000_10_5,wfjsp3_10.txt,1,455.0,3.84765,455.0,0.0
TS_10000_10_5,wfjsp3_2.txt,1,543.0,7.19474,543.0,0.0
TS_10000_10_5,wfjsp3_3.txt,1,383.0,2.47211,383.0,0.0
TS_10000_10_5,wfjsp3_4.txt,1,444.0,4.90154,443.0,0.2257
TS_10000_10_5,wfjsp3_5.txt,1,284.0,4.17234,284.0,0.0
TS_10000_10_5,wfjsp3_6.txt,1,529.0,5.90178,529.0,0.0
TS_10000_10_5,wfjsp3_7.txt,1,343.0,4.21219,342.0,0.2924
TS_10000_10_5,wfjsp3_8.txt,1,497.0,6.20048,492.0,1.0163
TS_10000_10_5,wfjsp3_9.txt,1,534.0,4.67422,534.0,0.0
TS_10000_10_5,wfjsp4_1.txt,1,284.0,9.4803,277.0,2.5271
TS_10000_10_5,wfjsp4_10.txt,1,296.0,5.13831,293.0,1.0239
TS_10000_10_5,wfjsp4_2.txt,1,353.0,11.5716,350.0,0.8571
TS_10000_10_5,wfjsp4_3.txt,1,368.0,9.21987,360.0,2.2222
TS_10000_10_5,wfjsp4_4.txt,1,326.0,10.5838,320.0,1.875
TS_10000_10_5,wfjsp4_5.txt,1,290.0,4.13105,290.0,0.0
TS_10000_10_5,wfjsp4_6.txt,1,359.0,8.78462,355.0,1.1268
TS_10000_10_5,wfjsp4_7.txt,1,292.0,7.35619,288.0,1.3889
TS_10000_10_5,wfjsp4_8.txt,1,321.0,7.89167,316.0,1.5823
TS_10000_10_5,wfjsp4_9.txt,1,288.0,5.48265,288.0,0.0
TS_10000_10_5,wfjsp5_1.txt,1,610.0,24.8241,608.0,0.3289
TS_10000_10_5,wfjsp5_10.txt,1,648.0,17.2538,627.0,3.3493
TS_10000_10_5,wfjsp5_2.txt,1,648.0,33.5319,638.0,1.5674
TS_10000_10_5,wfjsp5_3.txt,1,644.0,26.9149,626.0,2.8754
TS_10000_10_5,wfjsp5_4.txt,1,737.0,44.8517,722.0,2.0776
TS_10000_10_5,wfjsp5_5.txt,1,732.0,33.3056,729.0,0.4115
TS_10000_10_5,wfjsp5_6.txt,1,744.0,24.3625,732.0,1.6393
TS_10000_10_5,wfjsp5_7.txt,1,771.0,32.8859,754.0,2.2546
TS_10000_10_5,wfjsp5_8.txt,1,690.0,43.3744,683.0,1.0249
TS_10000_10_5,wfjsp5_9.txt,1,598.0,18.8044,582.0,2.7491
TS_10000_10_5,wfjsp6_1.txt,1,687.0,30.0321,682.0,0.7331
TS_10000_10_5,wfjsp6_10.txt,1,714.0,28.1217,699.0,2.1459
TS_10000_10_5,wfjsp6_2.txt,1,790.0,43.8085,780.0,1.2821
TS_10000_10_5,wfjsp6_3.txt,1,744.0,36.0876,735.0,1.2245
TS_10000_10_5,wfjsp6_4.txt,1,815.0,47.711,803.0,1.4944
TS_10000_10_5,wfjsp6_5.txt,1,853.0,63.4272,844.0,1.0664
TS_10000_10_5,wfjsp6_6.txt,1,820.0,32.1991,798.0,2.7569
TS_10000_10_5,wfjsp6_7.txt,1,851.0,42.0728,855.0,-0.4678
TS_10000_10_5,wfjsp6_8.txt,1,778.0,38.0744,759.0,2.5033
TS_10000_10_5,wfjsp6_9.txt,1,694.0,25.7583,686.0,1.1662
TS_10000_10_5,wfjsp7_1.txt,1,835.0,45.0701,815.0,2.454
TS_10000_10_5,wfjsp7_10.txt,1,929.0,51.9123,909.0,2.2002
TS_10000_10_5,wfjsp7_2.txt,1,1039.0,96.4672,1038.0,0.0963
TS_10000_10_5,wfjsp7_3.txt,1,1143.0,96.9786,1133.0,0.8826
TS_10000_10_5,wfjsp7_4.txt,1,949.0,83.6706,944.0,0.5297
TS_10000_10_5,wfjsp7_5.txt,1,816.0,58.0322,803.0,1.6189
TS_10000_10_5,wfjsp7_6.txt,1,1024.0,104.578,1010.0,1.3861
TS_10000_10_5,wfjsp7_7.txt,1,951.0,78.2002,929.0,2.3681
TS_10000_10_5,wfjsp7_8.txt,1,902.0,80.1429,882.0,2.2676
TS_10000_10_5,wfjsp7_9.txt,1,849.0,86.1338,852.0,-0.3521
TS_10000_10_5,wfjsp8_1.txt,1,1060.0,113.471,1025.0,3.4146
TS_10000_10_5,wfjsp8_10.txt,1,1214.0,102.012,1194.0,1.675
TS_10000_10_5,wfjsp8_2.txt,1,1277.0,150.331,1251.0,2.0783
TS_10000_10_5,wfjsp8_3.txt,1,1399.0,134.601,1364.0,2.566
TS_10000_10_5,wfjsp8_4.txt,1,1221.0,107.21,1211.0,0.8258
TS_10000_10_5,wfjsp8_5.txt,1,1058.0,96.7737,1050.0,0.7619
TS_10000_10_5,wfjsp8_6.txt,1,1285.0,125.737,1267.0,1.4207
TS_10000_10_5,wfjsp8_7.txt,1,1185.0,104.913,1158.0,2.3316
TS_10000_10_5,wfjsp8_8.txt,1,1178.0,145.834,1158.0,1.7271
TS_10000_10_5,wfjsp8_9.txt,1,1058.0,112.143,1044.0,1.341
TS_10000_10_5,wfjsp9_1.txt,1,1329.0,134.243,1314.0,1.1416
TS_10000_10_5,wfjsp9_10.txt,1,1443.0,132.847,1414.0,2.0509
TS_10000_10_5,wfjsp9_2.txt,1,1410.0,137.895,1404.0,0.4274
TS_10000_10_5,wfjsp9_3.txt,1,1521.0,194.891,1483.0,2.5624
TS_10000_10_5,wfjsp9_4.txt,1,1372.0,150.737,1357.0,1.1054
TS_10000_10_5,wfjsp9_5.txt,1,1275.0,146.978,1247.0,2.2454
TS_10000_10_5,wfjsp9_6.txt,1,1410.0,165.242,1383.0,1.9523
TS_10000_10_5,wfjsp9_7.txt,1,1336.0,159.221,1318.0,1.3657
TS_10000_10_5,wfjsp9_8.txt,1,1404.0,156.439,1386.0,1.2987
TS_10000_10_5,wfjsp9_9.txt,1,1306.0,131.174,1294.0,0.9274
TS_1000_2_5,Dauzere_01a.txt,1,3010.0,14.5852,2921.0,3.0469
TS_1000_2_5,Dauzere_02a.txt,1,2946.0,14.7705,2914.0,1.0981
TS_1000_2_5,Dauzere_03a.txt,1,2939.0,27.2109,2910.0,0.9966
TS_1000_2_5,Dauzere_04a.txt,1,2990.0,8.85781,2911.0,2.7138
TS_1000_2_5,Dauzere_05a.txt,1,2936.0,11.287,2888.0,1.662
TS_1000_2_5,Dauzere_06a.txt,1,2912.0,22.1196,2877.0,1.2165
TS_1000_2_5,Dauzere_07a.txt,1,3018.0,25.0309,2917.0,3.4625
TS_1000_2_5,Dauzere_08a.txt,1,2909.0,24.0382,2883.0,0.9018
TS_1000_2_5,Dauzere_09a.txt,1,2893.0,75.3959,2880.0,0.4514
TS_1000_2_5,Dauzere_10a.txt,1,2974.0,25.2959,2922.0,1.7796
TS_1000_2_5,Dauzere_11a.txt,1,2918.0,30.1561,2876.0,1.4604
TS_1000_2_5,Dauzere_12a.txt,1,2860.0,40.8204,2840.0,0.7042
TS_1000_2_5,Mk01.txt,1,73.0,1.95437,70.0,4.2857
TS_1000_2_5,Mk02.txt,1,70.0,4.812,67.0,4.4776
TS_1000_2_5,Mk03.txt,1,238.0,10.7487,238.0,0.0
TS_1000_2_5,Mk04.txt,1,96.0,3.80225,95.0,1.0526
TS_1000_2_5,Mk05.txt,1,304.0,12.2477,299.0,1.6722
TS_1000_2_5,Mk06.txt,1,112.0,10.2912,109.0,2.7523
TS_1000_2_5,Mk07.txt,1,230.0,12.561,222.0,3.6036
TS_1000_2_5,Mk08.txt,1,624.0,12.1096,624.0,0.0
TS_1000_2_5,Mk09.txt,1,484.0,24.4786,479.0,1.0438
TS_1000_2_5,Mk10.txt,1,322.0,28.7048,326.0,-1.227
TS_1000_2_5,wfjsp10_1.txt,1,796.0,12.9253,781.0,1.9206
TS_1000_2_5,wfjsp10_10.txt,1,886.0,14.9949,859.0,3.1432
TS_1000_2_5,wfjsp10_2.txt,1,869.0,16.3423,836.0,3.9474
TS_1000_2_5,wfjsp10_3.txt,1,951.0,18.9344,923.0,3.0336
TS_1000_2_5,wfjsp10_4.txt,1,886.0,16.42,873.0,1.4891
TS_1000_2_5,wfjsp10_5.txt,1,756.0,11.1514,733.0,3.1378
TS_1000_2_5,wfjsp10_6.txt,1,931.0,22.3716,896.0,3.9062
TS_1000_2_5,wfjsp10_7.txt,1,849.0,14.423,819.0,3.663
TS_1000_2_5,wfjsp10_8.txt,1,845.0,12.5416,824.0,2.5485
TS_1000_2_5,wfjsp10_9.txt,1,827.0,13.1118,803.0,2.9888
TS_1000_2_5,wfjsp11_1.txt,1,998.0,33.7212,969.0,2.9928
TS_1000_2_5,wfjsp11_10.txt,1,1138.0,43.0597,1091.0,4.308
TS_1000_2_5,wfjsp11_2.txt,1,1243.0,40.2252,1184.0,4.9831
TS_1000_2_5,wfjsp11_3.txt,1,1203.0,42.4442,1149.0,4.6997
TS_1000_2_5,wfjsp11_4.txt,1,1185.0,35.6674,1135.0,4.4053
TS_1000_2_5,wfjsp11_5.txt,1,1209.0,36.1789,1180.0,2.4576
TS_1000_2_5,wfjsp11_6.txt,1,985.0,24.4585,937.0,5.1227
TS_1000_2_5,wfjsp11_7.txt,1,1040.0,34.45,1015.0,2.4631
TS_1000_2_5,wfjsp11_8.txt,1,1086.0,32.2515,1032.0,5.2326
TS_1000_2_5,wfjsp11_9.txt,1,1173.0,38.3471,1136.0,3.257
TS_1000_2_5,wfjsp12_1.txt,1,926.0,29.7303,896.0,3.3482
TS_1000_2_5,wfjsp12_10.txt,1,1143.0,42.701,1099.0,4.0036
TS_1000_2_5,wfjsp12_2.txt,1,1034.0,47.2031,997.0,3.7111
TS_1000_2_5,wfjsp12_3.txt,1,1119.0,72.7616,1103.0,1.4506
TS_1000_2_5,wfjsp12_4.txt,1,1057.0,52.1996,1027.0,2.9211
TS_1000_2_5,wfjsp12_5.txt,1,894.0,43.7582,869.0,2.8769
TS_1000_2_5,wfjsp12_6.txt,1,1174.0,44.5471,1134.0,3.5273
TS_1000_2_5,wfjsp12_7.txt,1,1035.0,44.1979,1018.0,1.6699
TS_1000_2_5,wfjsp12_8.txt,1,991.0,35.8536,980.0,1.1224
TS_1000_2_5,wfjsp12_9.txt,1,1029.0,38.2268,995.0,3.4171
TS_1000_2_5,wfjsp13_1.txt,1,900.0,63.7376,866.0,3.9261
TS_1000_2_5,wfjsp13_10.txt,1,970.0,90.6971,916.0,5.8952
TS_1000_2_5,wfjsp13_2.txt,1,996.0,78.296,962.0,3.5343
TS_1000_2_5,wfjsp13_3.txt,1,913.0,99.0834,883.0,3.3975
TS_1000_2_5,wfjsp13_4.txt,1,931.0,73.6437,908.0,2.533
TS_1000_2_5,wfjsp13_5.txt,1,849.0,83.7268,809.0,4.9444
TS_1000_2_5,wfjsp13_6.txt,1,1034.0,73.2142,988.0,4.6559
TS_1000_2_5,wfjsp13_7.txt,1,871.0,79.9419,875.0,-0.4571
TS_1000_2_5,wfjsp13_8.txt,1,927.0,50.423,899.0,3.1146
TS_1000_2_5,wfjsp13_9.txt,1,995.0,79.4828,967.0,2.8956
TS_1000_2_5,wfjsp14_1.txt,1,768.0,48.9083,745.0,3.0872
TS_1000_2_5,wfjsp14_10.txt,1,914.0,64.477,878.0,4.1002
TS_1000_2_5,wfjsp14_2.txt,1,809.0,52.2678,793.0,2.0177
TS_1000_2_5,wfjsp14_3.txt,1,865.0,78.5537,848.0,2.0047
TS_1000_2_5,wfjsp14_4.txt,1,834.0,69.8695,806.0,3.4739
TS_1000_2_5,wfjsp14_5.txt,1,742.0,60.1322,715.0,3.7762
TS_1000_2_5,wfjsp14_6.txt,1,947.0,62.5348,913.0,3.724
TS_1000_2_5,wfjsp14_7.txt,1,851.0,70.2323,826.0,3.0266
TS_1000_2_5,wfjsp14_8.txt,1,790.0,92.5376,782.0,1.023
TS_1000_2_5,wfjsp14_9.txt,1,798.0,61.2845,793.0,0.6305
TS_1000_2_5,wfjsp15_1.txt,1,1296.0,120.043,1259.0,2.9388
TS_1000_2_5,wfjsp15_10.txt,1,1482.0,120.041,1415.0,4.735
TS_1000_2_5,wfjsp15_2.txt,1,1367.0,120.036,1314.0,4.0335
TS_1000_2_5,wfjsp15_3.txt,1,1405.0,120.048,1376.0,2.1076
TS_1000_2_5,wfjsp15_4.txt,1,1363.0,120.054,1308.0,4.2049
TS_1000_2_5,wfjsp15_5.txt,1,1247.0,120.039,1198.0,4.0902
TS_1000_2_5,wfjsp15_6.txt,1,1596.0,120.04,1510.0,5.6954
TS_1000_2_5,wfjsp15_7.txt,1,1360.0,120.049,1328.0,2.4096
TS_1000_2_5,wfjsp15_8.txt,1,1385.0,120.053,1327.0,4.3708
TS_1000_2_5,wfjsp15_9.txt,1,1344.0,120.039,1328.0,1.2048
TS_1000_2_5,wfjsp16_1.txt,1,1017.0,120.026,995.0,2.2111
TS_1000_2_5,wfjsp16_10.txt,1,1170.0,120.028,1145.0,2.1834
TS_1000_2_5,wfjsp16_2.txt,1,1046.0,120.022,1011.0,3.4619
TS_1000_2_5,wfjsp16_3.txt,1,1108.0,120.041,1097.0,1.0027
TS_1000_2_5,wfjsp16_4.txt,1,1106.0,103.402,1074.0,2.9795
TS_1000_2_5,wfjsp16_5.txt,1,935.0,98.8538,904.0,3.4292
TS_1000_2_5,wfjsp16_6.txt,1,1261.0,120.032,1222.0,3.1915
TS_1000_2_5,wfjsp16_7.txt,1,1105.0,115.449,1094.0,1.0055
TS_1000_2_5,wfjsp16_8.txt,1,1061.0,103.188,1049.0,1.1439
TS_1000_2_5,wfjsp16_9.txt,1,1058.0,115.333,1055.0,0.2844
TS_1000_2_5,wfjsp17_1.txt,1,1619.0,31.4774,1585.0,2.1451
TS_1000_2_5,wfjsp17_10.txt,1,1763.0,18.7717,1750.0,0.7429
TS_1000_2_5,wfjsp17_2.txt,1,1751.0,22.9459,1731.0,1.1554
TS_1000_2_5,wfjsp17_3.txt,1,1860.0,28.3249,1836.0,1.3072
TS_1000_2_5,wfjsp17_4.txt,1,1686.0,18.6576,1670.0,0.9581
TS_1000_2_5,wfjsp17_5.txt,1,1578.0,12.5952,1558.0,1.2837
TS_1000_2_5,wfjsp17_6.txt,1,1734.0,19.3259,1708.0,1.5222
TS_1000_2_5,wfjsp17_7.txt,1,1615.0,23.667,1598.0,1.0638
TS_1000_2_5,wfjsp17_8.txt,1,1737.0,20.2795,1717.0,1.1648
TS_1000_2_5,wfjsp17_9.txt,1,1607.0,25.0251,1593.0,0.8788
TS_1000_2_5,wfjsp18_1.txt,1,955.0,12.936,929.0,2.7987
TS_1000_2_5,wfjsp18_10.txt,1,1047.0,12.9879,1019.0,2.7478
TS_1000_2_5,wfjsp18_2.txt,1,1029.0,14.6369,1010.0,1.8812
TS_1000_2_5,wfjsp18_3.txt,1,1137.0,21.3321,1120.0,1.5179
TS_1000_2_5,wfjsp18_4.txt,1,1061.0,17.6016,1037.0,2.3144
TS_1000_2_5,wfjsp18_5.txt,1,878.0,11.4015,854.0,2.8103
TS_1000_2_5,wfjsp18_6.txt,1,1106.0,13.9945,1084.0,2.0295
TS_1000_2_5,wfjsp18_7.txt,1,1025.0,20.5253,1003.0,2.1934
TS_1000_2_5,wfjsp18_8.txt,1,1011.0,12.1298,990.0,2.1212
TS_1000_2_5,wfjsp18_9.txt,1,953.0,16.1446,944.0,0.9534
TS_1000_2_5,wfjsp19_1.txt,1,1205.0,29.6229,1196.0,0.7525
TS_1000_2_5,wfjsp19_10.txt,1,1366.0,26.0852,1351.0,1.1103
TS_1000_2_5,wfjsp19_2.txt,1,1467.0,37.3706,1471.0,-0.2719
TS_1000_2_5,wfjsp19_3.txt,1,1425.0,35.7277,1406.0,1.3514
TS_1000_2_5,wfjsp19_4.txt,1,1404.0,36.9777,1398.0,0.4292
TS_1000_2_5,wfjsp19_5.txt,1,1454.0,43.1964,1444.0,0.6925
TS_1000_2_5,wfjsp19_6.txt,1,1167.0,22.4442,1158.0,0.7772
TS_1000_2_5,wfjsp19_7.txt,1,1252.0,40.5821,1236.0,1.2945
TS_1000_2_5,wfjsp19_8.txt,1,1272.0,38.2083,1250.0,1.76
TS_1000_2_5,wfjsp19_9.txt,1,1404.0,28.4629,1388.0,1.1527
TS_1000_2_5,wfjsp1_1.txt,1,268.0,0.276,268.0,0.0
TS_1000_2_5,wfjsp1_10.txt,1,317.0,0.208628,316.0,0.3165
TS_1000_2_5,wfjsp1_2.txt,1,287.0,0.186619,287.0,0.0
TS_1000_2_5,wfjsp1_3.txt,1,350.0,0.220271,347.0,0.8646
TS_1000_2_5,wfjsp1_4.txt,1,315.0,0.308504,315.0,0.0
TS_1000_2_5,wfjsp1_5.txt,1,265.0,0.146208,265.0,0.0
TS_1000_2_5,wfjsp1_6.txt,1,291.0,0.208164,291.0,0.0
TS_1000_2_5,wfjsp1_7.txt,1,267.0,0.307378,265.0,0.7547
TS_1000_2_5,wfjsp1_8.txt,1,328.0,0.199313,328.0,0.0
TS_1000_2_5,wfjsp1_9.txt,1,254.0,0.0888969,252.0,0.7937
TS_1000_2_5,wfjsp20_1.txt,1,1100.0,38.0902,1105.0,-0.4525
TS_1000_2_5,wfjsp20_10.txt,1,1366.0,34.9201,1362.0,0.2937
TS_1000_2_5,wfjsp20_2.txt,1,1244.0,41.3159,1221.0,1.8837
TS_1000_2_5,wfjsp20_3.txt,1,1338.0,59.9696,1328.0,0.753
TS_1000_2_5,wfjsp20_4.txt,1,1266.0,52.2934,1259.0,0.556
TS_1000_2_5,wfjsp20_5.txt,1,1069.0,38.7186,1058.0,1.0397
TS_1000_2_5,wfjsp20_6.txt,1,1412.0,45.356,1381.0,2.2448
TS_1000_2_5,wfjsp20_7.txt,1,1231.0,43.0373,1224.0,0.5719
TS_1000_2_5,wfjsp20_8.txt,1,1203.0,39.2145,1183.0,1.6906
TS_1000_2_5,wfjsp20_9.txt,1,1209.0,49.5012,1200.0,0.75
TS_1000_2_5,wfjsp21_1.txt,1,1040.0,105.381,1049.0,-0.858
TS_1000_2_5,wfjsp21_10.txt,1,1120.0,82.839,1120.0,0.0
TS_1000_2_5,wfjsp21_2.txt,1,1174.0,88.7736,1171.0,0.2562
TS_1000_2_5,wfjsp21_3.txt,1,1067.0,74.7187,1046.0,2.0076
TS_1000_2_5,wfjsp21_4.txt,1,1101.0,65.2054,1095.0,0.5479
TS_1000_2_5,wfjsp21_5.txt,1,986.0,61.6905,984.0,0.2033
TS_1000_2_5,wfjsp21_6.txt,1,1197.0,55.2178,1204.0,-0.5814
TS_1000_2_5,wfjsp21_7.txt,1,1041.0,69.6869,1015.0,2.5616
TS_1000_2_5,wfjsp21_8.txt,1,1071.0,61.8458,1088.0,-1.5625
TS_1000_2_5,wfjsp21_9.txt,1,1159.0,75.6489,1129.0,2.6572
TS_1000_2_5,wfjsp22_1.txt,1,895.0,49.3117,903.0,-0.8859
TS_1000_2_5,wfjsp22_10.txt,1,1075.0,73.0486,1084.0,-0.8303
TS_1000_2_5,wfjsp22_2.txt,1,966.0,48.5054,957.0,0.9404
TS_1000_2_5,wfjsp22_3.txt,1,1026.0,61.2925,1024.0,0.1953
TS_1000_2_5,wfjsp22_4.txt,1,977.0,72.5526,989.0,-1.2133
TS_1000_2_5,wfjsp22_5.txt,1,868.0,65.724,874.0,-0.6865
TS_1000_2_5,wfjsp22_6.txt,1,1122.0,47.247,1114.0,0.7181
TS_1000_2_5,wfjsp22_7.txt,1,1004.0,51.0314,994.0,1.006
TS_1000_2_5,wfjsp22_8.txt,1,955.0,65.1999,946.0,0.9514
TS_1000_2_5,wfjsp22_9.txt,1,950.0,45.7605,944.0,0.6356
TS_1000_2_5,wfjsp23_1.txt,1,1535.0,120.052,1519.0,1.0533
TS_1000_2_5,wfjsp23_10.txt,1,1744.0,120.054,1727.0,0.9844
TS_1000_2_5,wfjsp23_2.txt,1,1604.0,120.042,1595.0,0.5643
TS_1000_2_5,wfjsp23_3.txt,1,1656.0,120.039,1657.0,-0.0604
TS_1000_2_5,wfjsp23_4.txt,1,1591.0,120.051,1572.0,1.2087
TS_1000_2_5,wfjsp23_5.txt,1,1481.0,120.045,1488.0,-0.4704
TS_1000_2_5,wfjsp23_6.txt,1,1852.0,120.047,1866.0,-0.7503
TS_1000_2_5,wfjsp23_7.txt,1,1606.0,120.042,1601.0,0.3123
TS_1000_2_5,wfjsp23_8.txt,1,1607.0,120.051,1597.0,0.6262
TS_1000_2_5,wfjsp23_9.txt,1,1591.0,120.041,1582.0,0.5689
TS_1000_2_5,wfjsp24_1.txt,1,1192.0,120.029,1201.0,-0.7494
TS_1000_2_5,wfjsp24_10.txt,1,1396.0,120.027,1407.0,-0.7818
TS_1000_2_5,wfjsp24_2.txt,1,1227.0,120.025,1220.0,0.5738
TS_1000_2_5,wfjsp24_3.txt,1,1320.0,119.738,1330.0,-0.7519
TS_1000_2_5,wfjsp24_4.txt,1,1305.0,120.037,1300.0,0.3846
TS_1000_2_5,wfjsp24_5.txt,1,1113.0,120.027,1113.0,0.0
TS_1000_2_5,wfjsp24_6.txt,1,1481.0,100.938,1487.0,-0.4035
TS_1000_2_5,wfjsp24_7.txt,1,1307.0,110.093,1312.0,-0.3811
TS_1000_2_5,wfjsp24_8.txt,1,1266.0,105.773,1263.0,0.2375
TS_1000_2_5,wfjsp24_9.txt,1,1252.0,120.028,1269.0,-1.3396
TS_1000_2_5,wfjsp2_1.txt,1,338.0,0.511869,336.0,0.5952
TS_1000_2_5,wfjsp2_10.txt,1,489.0,0.31835,489.0,0.0
TS_1000_2_5,wfjsp2_2.txt,1,370.0,0.429817,368.0,0.5435
TS_1000_2_5,wfjsp2_3.txt,1,421.0,0.488536,421.0,0.0
TS_1000_2_5,wfjsp2_4.txt,1,380.0,0.468679,378.0,0.5291
TS_1000_2_5,wfjsp2_5.txt,1,270.0,0.30764,270.0,0.0
TS_1000_2_5,wfjsp2_6.txt,1,427.0,0.417108,416.0,2.6442
TS_1000_2_5,wfjsp2_7.txt,1,398.0,0.545916,395.0,0.7595
TS_1000_2_5,wfjsp2_8.txt,1,415.0,0.310092,414.0,0.2415
TS_1000_2_5,wfjsp2_9.txt,1,329.0,0.287789,329.0,0.0
TS_1000_2_5,wfjsp3_1.txt,1,423.0,0.370403,419.0,0.9547
TS_1000_2_5,wfjsp3_10.txt,1,455.0,0.591149,455.0,0.0
TS_1000_2_5,wfjsp3_2.txt,1,543.0,0.647987,543.0,0.0
TS_1000_2_5,wfjsp3_3.txt,1,383.0,0.226925,383.0,0.0
TS_1000_2_5,wfjsp3_4.txt,1,456.0,0.598649,443.0,2.9345
TS_1000_2_5,wfjsp3_5.txt,1,284.0,0.35879,284.0,0.0
TS_1000_2_5,wfjsp3_6.txt,1,530.0,0.549589,529.0,0.189
TS_1000_2_5,wfjsp3_7.txt,1,345.0,0.437766,342.0,0.8772
TS_1000_2_5,wfjsp3_8.txt,1,502.0,0.560901,492.0,2.0325
TS_1000_2_5,wfjsp3_9.txt,1,535.0,0.487917,534.0,0.1873
TS_1000_2_5,wfjsp4_1.txt,1,287.0,0.795246,277.0,3.6101
TS_1000_2_5,wfjsp4_10.txt,1,303.0,0.639326,293.0,3.413
TS_1000_2_5,wfjsp4_2.txt,1,355.0,1.11339,350.0,1.4286
TS_1000_2_5,wfjsp4_3.txt,1,372.0,0.933582,360.0,3.3333
TS_1000_2_5,wfjsp4_4.txt,1,323.0,1.28896,320.0,0.9375
TS_1000_2_5,wfjsp4_5.txt,1,290.0,0.484119,290.0,0.0
TS_1000_2_5,wfjsp4_6.txt,1,367.0,0.721719,355.0,3.3803
TS_1000_2_5,wfjsp4_7.txt,1,297.0,0.6469,288.0,3.125
TS_1000_2_5,wfjsp4_8.txt,1,322.0,0.784447,316.0,1.8987
TS_1000_2_5,wfjsp4_9.txt,1,288.0,0.716095,288.0,0.0
TS_1000_2_5,wfjsp5_1.txt,1,621.0,3.51312,608.0,2.1382
TS_1000_2_5,wfjsp5_10.txt,1,652.0,2.45217,627.0,3.9872
TS_1000_2_5,wfjsp5_2.txt,1,665.0,2.79282,638.0,4.232
TS_1000_2_5,wfjsp5_3.txt,1,647.0,3.06392,626.0,3.3546
TS_1000_2_5,wfjsp5_4.txt,1,751.0,3.81249,722.0,4.0166
TS_1000_2_5,wfjsp5_5.txt,1,738.0,5.71107,729.0,1.2346
TS_1000_2_5,wfjsp5_6.txt,1,761.0,3.31277,732.0,3.9617
TS_1000_2_5,wfjsp5_7.txt,1,794.0,2.90626,754.0,5.305
TS_1000_2_5,wfjsp5_8.txt,1,692.0,2.62784,683.0,1.3177
TS_1000_2_5,wfjsp5_9.txt,1,604.0,3.08853,582.0,3.7801
TS_1000_2_5,wfjsp6_1.txt,1,687.0,3.39652,682.0,0.7331
TS_1000_2_5,wfjsp6_10.txt,1,717.0,3.72885,699.0,2.5751
TS_1000_2_5,wfjsp6_2.txt,1,791.0,8.27598,780.0,1.4103
TS_1000_2_5,wfjsp6_3.txt,1,755.0,3.79552,735.0,2.7211
TS_1000_2_5,wfjsp6_4.txt,1,817.0,5.61936,803.0,1.7435
TS_1000_2_5,wfjsp6_5.txt,1,877.0,3.93482,844.0,3.91
TS_1000_2_5,wfjsp6_6.txt,1,821.0,3.56708,798.0,2.8822
TS_1000_2_5,wfjsp6_7.txt,1,861.0,4.74994,855.0,0.7018
TS_1000_2_5,wfjsp6_8.txt,1,790.0,4.64525,759.0,4.0843
TS_1000_2_5,wfjsp6_9.txt,1,707.0,3.44527,686.0,3.0612
TS_1000_2_5,wfjsp7_1.txt,1,835.0,6.92951,815.0,2.454
TS_1000_2_5,wfjsp7_10.txt,1,933.0,8.91073,909.0,2.6403
TS_1000_2_5,wfjsp7_2.txt,1,1055.0,12.724,1038.0,1.6378
TS_1000_2_5,wfjsp7_3.txt,1,1160.0,11.3631,1133.0,2.3831
TS_1000_2_5,wfjsp7_4.txt,1,959.0,9.69259,944.0,1.589
TS_1000_2_5,wfjsp7_5.txt,1,836.0,6.94587,803.0,4.1096
TS_1000_2_5,wfjsp7_6.txt,1,1042.0,7.74589,1010.0,3.1683
TS_1000_2_5,wfjsp7_7.txt,1,963.0,10.5964,929.0,3.6598
TS_1000_2_5,wfjsp7_8.txt,1,915.0,6.7139,882.0,3.7415
TS_1000_2_5,wfjsp7_9.txt,1,860.0,10.67,852.0,0.939
TS_1000_2_5,wfjsp8_1.txt,1,1061.0,16.3159,1025.0,3.5122
TS_1000_2_5,wfjsp8_10.txt,1,1221.0,17.2856,1194.0,2.2613
TS_1000_2_5,wfjsp8_2.txt,1,1288.0,17.3506,1251.0,2.9576
TS_1000_2_5,wfjsp8_3.txt,1,1412.0,17.888,1364.0,3.5191
TS_1000_2_5,wfjsp8_4.txt,1,1238.0,14.864,1211.0,2.2296
TS_1000_2_5,wfjsp8_5.txt,1,1073.0,10.3007,1050.0,2.1905
TS_1000_2_5,wfjsp8_6.txt,1,1285.0,15.8478,1267.0,1.4207
TS_1000_2_5,wfjsp8_7.txt,1,1196.0,20.9536,1158.0,3.2815
TS_1000_2_5,wfjsp8_8.txt,1,1208.0,14.6117,1158.0,4.3178
TS_1000_2_5,wfjsp8_9.txt,1,1072.0,14.093,1044.0,2.682
TS_1000_2_5,wfjsp9_1.txt,1,1353.0,20.2926,1314.0,2.968
TS_1000_2_5,wfjsp9_10.txt,1,1445.0,20.8061,1414.0,2.1924
TS_1000_2_5,wfjsp9_2.txt,1,1435.0,16.0906,1404.0,2.208
TS_1000_2_5,wfjsp9_3.txt,1,1539.0,22.142,1483.0,3.7761
TS_1000_2_5,wfjsp9_4.txt,1,1386.0,19.5313,1357.0,2.1371
TS_1000_2_5,wfjsp9_5.txt,1,1293.0,15.9619,1247.0,3.6889
TS_1000_2_5,wfjsp9_6.txt,1,1425.0,17.5827,1383.0,3.0369
TS_1000_2_5,wfjsp9_7.txt,1,1351.0,26.6573,1318.0,2.5038
TS_1000_2_5,wfjsp9_8.txt,1,1426.0,19.5756,1386.0,2.886
TS_1000_2_5,wfjsp9_9.txt,1,1312.0,25.307,1294.0,1.391
TS_2000_5_5,Dauzere_01a.txt,1,2968.0,18.8989,2921.0,1.609
TS_2000_5_5,Dauzere_02a.txt,1,2945.0,31.6694,2914.0,1.0638
TS_2000_5_5,Dauzere_03a.txt,1,2924.0,55.6433,2910.0,0.4811
TS_2000_5_5,Dauzere_04a.txt,1,2979.0,18.4868,2911.0,2.336
TS_2000_5_5,Dauzere_05a.txt,1,2914.0,31.8053,2888.0,0.9003
TS_2000_5_5,Dauzere_06a.txt,1,2888.0,45.2519,2877.0,0.3823
TS_2000_5_5,Dauzere_07a.txt,1,2951.0,52.1427,2917.0,1.1656
TS_2000_5_5,Dauzere_08a.txt,1,2896.0,70.3888,2883.0,0.4509
TS_2000_5_5,Dauzere_09a.txt,1,2883.0,99.4957,2880.0,0.1042
TS_2000_5_5,Dauzere_10a.txt,1,2973.0,40.8946,2922.0,1.7454
TS_2000_5_5,Dauzere_11a.txt,1,2875.0,84.2803,2876.0,-0.0348
TS_2000_5_5,Dauzere_12a.txt,1,2850.0,94.2461,2840.0,0.3521
TS_2000_5_5,Mk01.txt,1,72.0,3.89451,70.0,2.8571
TS_2000_5_5,Mk02.txt,1,70.0,6.86305,67.0,4.4776
TS_2000_5_5,Mk03.txt,1,238.0,18.6233,238.0,0.0
TS_2000_5_5,Mk04.txt,1,97.0,6.43973,95.0,2.1053
TS_2000_5_5,Mk05.txt,1,304.0,22.0436,299.0,1.6722
TS_2000_5_5,Mk06.txt,1,111.0,16.8172,109.0,1.8349
TS_2000_5_5,Mk07.txt,1,230.0,26.2992,222.0,3.6036
TS_2000_5_5,Mk08.txt,1,624.0,19.6136,624.0,0.0
TS_2000_5_5,Mk09.txt,1,477.0,46.9454,479.0,-0.4175
TS_2000_5_5,Mk10.txt,1,319.0,57.7223,326.0,-2.1472
TS_2000_5_5,wfjsp10_1.txt,1,790.0,27.9412,781.0,1.1524
TS_2000_5_5,wfjsp10_10.txt,1,869.0,30.7859,859.0,1.1641
TS_2000_5_5,wfjsp10_2.txt,1,868.0,30.2115,836.0,3.8278
TS_2000_5_5,wfjsp10_3.txt,1,948.0,33.2227,923.0,2.7086
TS_2000_5_5,wfjsp10_4.txt,1,890.0,33.8497,873.0,1.9473
TS_2000_5_5,wfjsp10_5.txt,1,758.0,19.5338,733.0,3.4106
TS_2000_5_5,wfjsp10_6.txt,1,924.0,34.4824,896.0,3.125
TS_2000_5_5,wfjsp10_7.txt,1,835.0,27.9457,819.0,1.9536
TS_2000_5_5,wfjsp10_8.txt,1,842.0,25.0836,824.0,2.1845
TS_2000_5_5,wfjsp10_9.txt,1,819.0,28.544,803.0,1.9925
TS_2000_5_5,wfjsp11_1.txt,1,989.0,57.427,969.0,2.064
TS_2000_5_5,wfjsp11_10.txt,1,1137.0,48.0443,1091.0,4.2163
TS_2000_5_5,wfjsp11_2.txt,1,1231.0,70.1529,1184.0,3.9696
TS_2000_5_5,wfjsp11_3.txt,1,1193.0,77.1462,1149.0,3.8294
TS_2000_5_5,wfjsp11_4.txt,1,1170.0,70.704,1135.0,3.0837
TS_2000_5_5,wfjsp11_5.txt,1,1209.0,87.4451,1180.0,2.4576
TS_2000_5_5,wfjsp11_6.txt,1,980.0,35.4629,937.0,4.5891
TS_2000_5_5,wfjsp11_7.txt,1,1040.0,48.0648,1015.0,2.4631
TS_2000_5_5,wfjsp11_8.txt,1,1068.0,62.1281,1032.0,3.4884
TS_2000_5_5,wfjsp11_9.txt,1,1178.0,49.3406,1136.0,3.6972
TS_2000_5_5,wfjsp12_1.txt,1,926.0,56.2647,896.0,3.3482
TS_2000_5_5,wfjsp12_10.txt,1,1130.0,74.1027,1099.0,2.8207
TS_2000_5_5,wfjsp12_2.txt,1,1035.0,77.0516,997.0,3.8114
TS_2000_5_5,wfjsp12_3.txt,1,1114.0,109.432,1103.0,0.9973
TS_2000_5_5,wfjsp12_4.txt,1,1061.0,72.956,1027.0,3.3106
TS_2000_5_5,wfjsp12_5.txt,1,889.0,72.3846,869.0,2.3015
TS_2000_5_5,wfjsp12_6.txt,1,1165.0,99.6186,1134.0,2.7337
TS_2000_5_5,wfjsp12_7.txt,1,1027.0,90.8785,1018.0,0.8841
TS_2000_5_5,wfjsp12_8.txt,1,991.0,61.0419,980.0,1.1224
TS_2000_5_5,wfjsp12_9.txt,1,1010.0,104.526,995.0,1.5075
TS_2000_5_5,wfjsp13_1.txt,1,891.0,142.5,866.0,2.8868
TS_2000_5_5,wfjsp13_10.txt,1,961.0,140.327,916.0,4.9127
TS_2000_5_5,wfjsp13_2.txt,1,986.0,168.42,962.0,2.4948
TS_2000_5_5,wfjsp13_3.txt,1,906.0,101.397,883.0,2.6048
TS_2000_5_5,wfjsp13_4.txt,1,917.0,126.476,908.0,0.9912
TS_2000_5_5,wfjsp13_5.txt,1,833.0,146.437,809.0,2.9666
TS_2000_5_5,wfjsp13_6.txt,1,1028.0,106.649,988.0,4.0486
TS_2000_5_5,wfjsp13_7.txt,1,875.0,97.7023,875.0,0.0
TS_2000_5_5,wfjsp13_8.txt,1,903.0,142.199,899.0,0.4449
TS_2000_5_5,wfjsp13_9.txt,1,986.0,160.302,967.0,1.9648
TS_2000_5_5,wfjsp14_1.txt,1,762.0,75.6586,745.0,2.2819
TS_2000_5_5,wfjsp14_10.txt,1,905.0,121.715,878.0,3.0752
TS_2000_5_5,wfjsp14_2.txt,1,808.0,85.3034,793.0,1.8916
TS_2000_5_5,wfjsp14_3.txt,1,858.0,132.669,848.0,1.1792
TS_2000_5_5,wfjsp14_4.txt,1,833.0,112.262,806.0,3.3499
TS_2000_5_5,wfjsp14_5.txt,1,730.0,102.301,715.0,2.0979
TS_2000_5_5,wfjsp14_6.txt,1,945.0,136.891,913.0,3.5049
TS_2000_5_5,wfjsp14_7.txt,1,836.0,123.687,826.0,1.2107
TS_2000_5_5,wfjsp14_8.txt,1,800.0,148.567,782.0,2.3018
TS_2000_5_5,wfjsp14_9.txt,1,796.0,112.86,793.0,0.3783
TS_2000_5_5,wfjsp15_1.txt,1,1282.0,300.036,1259.0,1.8268
TS_2000_5_5,wfjsp15_10.txt,1,1475.0,300.037,1415.0,4.2403
TS_2000_5_5,wfjsp15_2.txt,1,1360.0,300.047,1314.0,3.5008
TS_2000_5_5,wfjsp15_3.txt,1,1398.0,300.044,1376.0,1.5988
TS_2000_5_5,wfjsp15_4.txt,1,1342.0,300.052,1308.0,2.5994
TS_2000_5_5,wfjsp15_5.txt,1,1236.0,300.04,1198.0,3.172
TS_2000_5_5,wfjsp15_6.txt,1,1576.0,300.058,1510.0,4.3709
TS_2000_5_5,wfjsp15_7.txt,1,1362.0,300.038,1328.0,2.5602
TS_2000_5_5,wfjsp15_8.txt,1,1354.0,250.054,1327.0,2.0347
TS_2000_5_5,wfjsp15_9.txt,1,1338.0,274.764,1328.0,0.753
TS_2000_5_5,wfjsp16_1.txt,1,1008.0,189.672,995.0,1.3065
TS_2000_5_5,wfjsp16_10.txt,1,1166.0,218.342,1145.0,1.8341
TS_2000_5_5,wfjsp16_2.txt,1,1035.0,300.026,1011.0,2.3739
TS_2000_5_5,wfjsp16_3.txt,1,1109.0,178.611,1097.0,1.0939
TS_2000_5_5,wfjsp16_4.txt,1,1111.0,159.1,1074.0,3.4451
TS_2000_5_5,wfjsp16_5.txt,1,932.0,197.932,904.0,3.0973
TS_2000_5_5,wfjsp16_6.txt,1,1253.0,300.038,1222.0,2.5368
TS_2000_5_5,wfjsp16_7.txt,1,1089.0,300.027,1094.0,-0.457
TS_2000_5_5,wfjsp16_8.txt,1,1061.0,159.078,1049.0,1.1439
TS_2000_5_5,wfjsp16_9.txt,1,1056.0,159.065,1055.0,0.0948
TS_2000_5_5,wfjsp17_1.txt,1,1621.0,40.4874,1585.0,2.2713
TS_2000_5_5,wfjsp17_10.txt,1,1763.0,31.1355,1750.0,0.7429
TS_2000_5_5,wfjsp17_2.txt,1,1749.0,42.6205,1731.0,1.0399
TS_2000_5_5,wfjsp17_3.txt,1,1856.0,46.2122,1836.0,1.0893
TS_2000_5_5,wfjsp17_4.txt,1,1688.0,39.6288,1670.0,1.0778
TS_2000_5_5,wfjsp17_5.txt,1,1561.0,36.1286,1558.0,0.1926
TS_2000_5_5,wfjsp17_6.txt,1,1724.0,54.5423,1708.0,0.9368
TS_2000_5_5,wfjsp17_7.txt,1,1613.0,36.2933,1598.0,0.9387
TS_2000_5_5,wfjsp17_8.txt,1,1738.0,34.0278,1717.0,1.2231
TS_2000_5_5,wfjsp17_9.txt,1,1607.0,42.7323,1593.0,0.8788
TS_2000_5_5,wfjsp18_1.txt,1,952.0,31.61,929.0,2.4758
TS_2000_5_5,wfjsp18_10.txt,1,1041.0,35.0963,1019.0,2.159
TS_2000_5_5,wfjsp18_2.txt,1,1035.0,37.5807,1010.0,2.4752
TS_2000_5_5,wfjsp18_3.txt,1,1119.0,32.6667,1120.0,-0.0893
TS_2000_5_5,wfjsp18_4.txt,1,1054.0,37.4987,1037.0,1.6393
TS_2000_5_5,wfjsp18_5.txt,1,878.0,19.6036,854.0,2.8103
TS_2000_5_5,wfjsp18_6.txt,1,1107.0,28.2091,1084.0,2.1218
TS_2000_5_5,wfjsp18_7.txt,1,1021.0,55.2309,1003.0,1.7946
TS_2000_5_5,wfjsp18_8.txt,1,1009.0,33.3277,990.0,1.9192
TS_2000_5_5,wfjsp18_9.txt,1,953.0,25.3036,944.0,0.9534
TS_2000_5_5,wfjsp19_1.txt,1,1198.0,54.3072,1196.0,0.1672
TS_2000_5_5,wfjsp19_10.txt,1,1370.0,41.2173,1351.0,1.4064
TS_2000_5_5,wfjsp19_2.txt,1,1472.0,78.8819,1471.0,0.068
TS_2000_5_5,wfjsp19_3.txt,1,1415.0,75.0733,1406.0,0.6401
TS_2000_5_5,wfjsp19_4.txt,1,1399.0,84.6349,1398.0,0.0715
TS_2000_5_5,wfjsp19_5.txt,1,1455.0,65.2299,1444.0,0.7618
TS_2000_5_5,wfjsp19_6.txt,1,1162.0,47.7932,1158.0,0.3454
TS_2000_5_5,wfjsp19_7.txt,1,1240.0,72.0103,1236.0,0.3236
TS_2000_5_5,wfjsp19_8.txt,1,1272.0,58.2949,1250.0,1.76
TS_2000_5_5,wfjsp19_9.txt,1,1380.0,58.9718,1388.0,-0.5764
TS_2000_5_5,wfjsp1_1.txt,1,268.0,0.625944,268.0,0.0
TS_2000_5_5,wfjsp1_10.txt,1,317.0,0.37858,316.0,0.3165
TS_2000_5_5,wfjsp1_2.txt,1,287.0,0.39316,287.0,0.0
TS_2000_5_5,wfjsp1_3.txt,1,347.0,0.522759,347.0,0.0
TS_2000_5_5,wfjsp1_4.txt,1,315.0,0.502103,315.0,0.0
TS_2000_5_5,wfjsp1_5.txt,1,265.0,0.290674,265.0,0.0
TS_2000_5_5,wfjsp1_6.txt,1,291.0,0.3142,291.0,0.0
TS_2000_5_5,wfjsp1_7.txt,1,268.0,0.575029,265.0,1.1321
TS_2000_5_5,wfjsp1_8.txt,1,328.0,0.472796,328.0,0.0
TS_2000_5_5,wfjsp1_9.txt,1,252.0,0.204752,252.0,0.0
TS_2000_5_5,wfjsp20_1.txt,1,1096.0,80.3029,1105.0,-0.8145
TS_2000_5_5,wfjsp20_10.txt,1,1366.0,67.3824,1362.0,0.2937
TS_2000_5_5,wfjsp20_2.txt,1,1244.0,84.8174,1221.0,1.8837
TS_2000_5_5,wfjsp20_3.txt,1,1334.0,113.198,1328.0,0.4518
TS_2000_5_5,wfjsp20_4.txt,1,1263.0,96.9651,1259.0,0.3177
TS_2000_5_5,wfjsp20_5.txt,1,1073.0,63.878,1058.0,1.4178
TS_2000_5_5,wfjsp20_6.txt,1,1402.0,84.3824,1381.0,1.5206
TS_2000_5_5,wfjsp20_7.txt,1,1218.0,117.291,1224.0,-0.4902
TS_2000_5_5,wfjsp20_8.txt,1,1201.0,74.7535,1183.0,1.5216
TS_2000_5_5,wfjsp20_9.txt,1,1198.0,92.986,1200.0,-0.1667
TS_2000_5_5,wfjsp21_1.txt,1,1031.0,150.746,1049.0,-1.7159
TS_2000_5_5,wfjsp21_10.txt,1,1128.0,138.036,1120.0,0.7143
TS_2000_5_5,wfjsp21_2.txt,1,1156.0,135.834,1171.0,-1.281
TS_2000_5_5,wfjsp21_3.txt,1,1061.0,149.47,1046.0,1.434
TS_2000_5_5,wfjsp21_4.txt,1,1085.0,209.439,1095.0,-0.9132
TS_2000_5_5,wfjsp21_5.txt,1,990.0,156.284,984.0,0.6098
TS_2000_5_5,wfjsp21_6.txt,1,1197.0,97.5417,1204.0,-0.5814
TS_2000_5_5,wfjsp21_7.txt,1,1034.0,141.03,1015.0,1.8719
TS_2000_5_5,wfjsp21_8.txt,1,1072.0,111.872,1088.0,-1.4706
TS_2000_5_5,wfjsp21_9.txt,1,1158.0,116.311,1129.0,2.5686
TS_2000_5_5,wfjsp22_1.txt,1,887.0,105.848,903.0,-1.7719
TS_2000_5_5,wfjsp22_10.txt,1,1071.0,133.669,1084.0,-1.1993
TS_2000_5_5,wfjsp22_2.txt,1,962.0,104.447,957.0,0.5225
TS_2000_5_5,wfjsp22_3.txt,1,1019.0,142.565,1024.0,-0.4883
TS_2000_5_5,wfjsp22_4.txt,1,979.0,106.275,989.0,-1.0111
TS_2000_5_5,wfjsp22_5.txt,1,869.0,121.13,874.0,-0.5721
TS_2000_5_5,wfjsp22_6.txt,1,1105.0,107.118,1114.0,-0.8079
TS_2000_5_5,wfjsp22_7.txt,1,997.0,125.001,994.0,0.3018
TS_2000_5_5,wfjsp22_8.txt,1,963.0,88.5741,946.0,1.797
TS_2000_5_5,wfjsp22_9.txt,1,949.0,99.6248,944.0,0.5297
TS_2000_5_5,wfjsp23_1.txt,1,1537.0,265.55,1519.0,1.185
TS_2000_5_5,wfjsp23_10.txt,1,1739.0,300.055,1727.0,0.6948
TS_2000_5_5,wfjsp23_2.txt,1,1598.0,300.043,1595.0,0.1881
TS_2000_5_5,wfjsp23_3.txt,1,1648.0,300.055,1657.0,-0.5432
TS_2000_5_5,wfjsp23_4.txt,1,1587.0,300.054,1572.0,0.9542
TS_2000_5_5,wfjsp23_5.txt,1,1469.0,290.582,1488.0,-1.2769
TS_2000_5_5,wfjsp23_6.txt,1,1850.0,280.383,1866.0,-0.8574
TS_2000_5_5,wfjsp23_7.txt,1,1606.0,255.506,1601.0,0.3123
TS_2000_5_5,wfjsp23_8.txt,1,1595.0,265.558,1597.0,-0.1252
TS_2000_5_5,wfjsp23_9.txt,1,1586.0,289.329,1582.0,0.2528
TS_2000_5_5,wfjsp24_1.txt,1,1189.0,177.711,1201.0,-0.9992
TS_2000_5_5,wfjsp24_10.txt,1,1398.0,202.718,1407.0,-0.6397
TS_2000_5_5,wfjsp24_2.txt,1,1228.0,217.557,1220.0,0.6557
TS_2000_5_5,wfjsp24_3.txt,1,1320.0,220.041,1330.0,-0.7519
TS_2000_5_5,wfjsp24_4.txt,1,1308.0,191.269,1300.0,0.6154
TS_2000_5_5,wfjsp24_5.txt,1,1107.0,261.444,1113.0,-0.5391
TS_2000_5_5,wfjsp24_6.txt,1,1481.0,171.784,1487.0,-0.4035
TS_2000_5_5,wfjsp24_7.txt,1,1305.0,183.242,1312.0,-0.5335
TS_2000_5_5,wfjsp24_8.txt,1,1266.0,171.68,1263.0,0.2375
TS_2000_5_5,wfjsp24_9.txt,1,1256.0,225.041,1269.0,-1.0244
TS_2000_5_5,wfjsp2_1.txt,1,336.0,0.814428,336.0,0.0
TS_2000_5_5,wfjsp2_10.txt,1,489.0,0.667498,489.0,0.0
TS_2000_5_5,wfjsp2_2.txt,1,370.0,0.899163,368.0,0.5435
TS_2000_5_5,wfjsp2_3.txt,1,421.0,0.909972,421.0,0.0
TS_2000_5_5,wfjsp2_4.txt,1,380.0,1.27118,378.0,0.5291
TS_2000_5_5,wfjsp2_5.txt,1,270.0,0.742061,270.0,0.0
TS_2000_5_5,wfjsp2_6.txt,1,422.0,1.09643,416.0,1.4423
TS_2000_5_5,wfjsp2_7.txt,1,398.0,1.06563,395.0,0.7595
TS_2000_5_5,wfjsp2_8.txt,1,415.0,0.594243,414.0,0.2415
TS_2000_5_5,wfjsp2_9.txt,1,333.0,0.565296,329.0,1.2158
TS_2000_5_5,wfjsp3_1.txt,1,423.0,0.693982,419.0,0.9547
TS_2000_5_5,wfjsp3_10.txt,1,455.0,1.41791,455.0,0.0
TS_2000_5_5,wfjsp3_2.txt,1,543.0,1.38065,543.0,0.0
TS_2000_5_5,wfjsp3_3.txt,1,383.0,0.687101,383.0,0.0
TS_2000_5_5,wfjsp3_4.txt,1,445.0,1.25625,443.0,0.4515
TS_2000_5_5,wfjsp3_5.txt,1,285.0,0.717874,284.0,0.3521
TS_2000_5_5,wfjsp3_6.txt,1,529.0,1.26014,529.0,0.0
TS_2000_5_5,wfjsp3_7.txt,1,342.0,1.04258,342.0,0.0
TS_2000_5_5,wfjsp3_8.txt,1,498.0,1.2316,492.0,1.2195
TS_2000_5_5,wfjsp3_9.txt,1,535.0,1.22248,534.0,0.1873
TS_2000_5_5,wfjsp4_1.txt,1,288.0,1.48368,277.0,3.9711
TS_2000_5_5,wfjsp4_10.txt,1,296.0,1.38635,293.0,1.0239
TS_2000_5_5,wfjsp4_2.txt,1,355.0,2.28566,350.0,1.4286
TS_2000_5_5,wfjsp4_3.txt,1,367.0,2.10268,360.0,1.9444
TS_2000_5_5,wfjsp4_4.txt,1,323.0,1.83223,320.0,0.9375
TS_2000_5_5,wfjsp4_5.txt,1,290.0,0.91616,290.0,0.0
TS_2000_5_5,wfjsp4_6.txt,1,364.0,2.25673,355.0,2.5352
TS_2000_5_5,wfjsp4_7.txt,1,298.0,1.27263,288.0,3.4722
TS_2000_5_5,wfjsp4_8.txt,1,325.0,1.34901,316.0,2.8481
TS_2000_5_5,wfjsp4_9.txt,1,288.0,1.17508,288.0,0.0
TS_2000_5_5,wfjsp5_1.txt,1,619.0,8.05278,608.0,1.8092
TS_2000_5_5,wfjsp5_10.txt,1,651.0,4.58067,627.0,3.8278
TS_2000_5_5,wfjsp5_2.txt,1,653.0,6.8341,638.0,2.3511
TS_2000_5_5,wfjsp5_3.txt,1,651.0,5.59014,626.0,3.9936
TS_2000_5_5,wfjsp5_4.txt,1,742.0,8.43355,722.0,2.7701
TS_2000_5_5,wfjsp5_5.txt,1,734.0,6.50491,729.0,0.6859
TS_2000_5_5,wfjsp5_6.txt,1,763.0,5.12939,732.0,4.235
TS_2000_5_5,wfjsp5_7.txt,1,782.0,8.05499,754.0,3.7135
TS_2000_5_5,wfjsp5_8.txt,1,709.0,5.109,683.0,3.8067
TS_2000_5_5,wfjsp5_9.txt,1,605.0,3.84579,582.0,3.9519
TS_2000_5_5,wfjsp6_1.txt,1,687.0,6.12283,682.0,0.7331
TS_2000_5_5,wfjsp6_10.txt,1,714.0,6.56955,699.0,2.1459
TS_2000_5_5,wfjsp6_2.txt,1,790.0,10.966,780.0,1.2821
TS_2000_5_5,wfjsp6_3.txt,1,764.0,5.85782,735.0,3.9456
TS_2000_5_5,wfjsp6_4.txt,1,824.0,7.40984,803.0,2.6152
TS_2000_5_5,wfjsp6_5.txt,1,862.0,10.7893,844.0,2.1327
TS_2000_5_5,wfjsp6_6.txt,1,817.0,7.88561,798.0,2.381
TS_2000_5_5,wfjsp6_7.txt,1,853.0,9.13647,855.0,-0.2339
TS_2000_5_5,wfjsp6_8.txt,1,788.0,10.8578,759.0,3.8208
TS_2000_5_5,wfjsp6_9.txt,1,706.0,6.03756,686.0,2.9155
TS_2000_5_5,wfjsp7_1.txt,1,834.0,12.1609,815.0,2.3313
TS_2000_5_5,wfjsp7_10.txt,1,934.0,11.9501,909.0,2.7503
TS_2000_5_5,wfjsp7_2.txt,1,1051.0,17.0345,1038.0,1.2524
TS_2000_5_5,wfjsp7_3.txt,1,1143.0,25.3153,1133.0,0.8826
TS_2000_5_5,wfjsp7_4.txt,1,947.0,18.3319,944.0,0.3178
TS_2000_5_5,wfjsp7_5.txt,1,820.0,18.1807,803.0,2.1171
TS_2000_5_5,wfjsp7_6.txt,1,1037.0,23.3653,1010.0,2.6733
TS_2000_5_5,wfjsp7_7.txt,1,955.0,18.5406,929.0,2.7987
TS_2000_5_5,wfjsp7_8.txt,1,906.0,14.0228,882.0,2.7211
TS_2000_5_5,wfjsp7_9.txt,1,861.0,14.5222,852.0,1.0563
TS_2000_5_5,wfjsp8_1.txt,1,1063.0,24.2249,1025.0,3.7073
TS_2000_5_5,wfjsp8_10.txt,1,1220.0,28.2556,1194.0,2.1776
TS_2000_5_5,wfjsp8_2.txt,1,1277.0,37.0051,1251.0,2.0783
TS_2000_5_5,wfjsp8_3.txt,1,1391.0,30.773,1364.0,1.9795
TS_2000_5_5,wfjsp8_4.txt,1,1233.0,23.4653,1211.0,1.8167
TS_2000_5_5,wfjsp8_5.txt,1,1072.0,19.4354,1050.0,2.0952
TS_2000_5_5,wfjsp8_6.txt,1,1285.0,26.2577,1267.0,1.4207
TS_2000_5_5,wfjsp8_7.txt,1,1185.0,27.345,1158.0,2.3316
TS_2000_5_5,wfjsp8_8.txt,1,1192.0,24.2603,1158.0,2.9361
TS_2000_5_5,wfjsp8_9.txt,1,1073.0,20.6954,1044.0,2.7778
TS_2000_5_5,wfjsp9_1.txt,1,1348.0,32.5724,1314.0,2.5875
TS_2000_5_5,wfjsp9_10.txt,1,1442.0,45.0689,1414.0,1.9802
TS_2000_5_5,wfjsp9_2.txt,1,1418.0,39.0126,1404.0,0.9972
TS_2000_5_5,wfjsp9_3.txt,1,1520.0,46.4802,1483.0,2.4949
TS_2000_5_5,wfjsp9_4.txt,1,1379.0,46.9941,1357.0,1.6212
TS_2000_5_5,wfjsp9_5.txt,1,1286.0,38.5607,1247.0,3.1275
TS_2000_5_5,wfjsp9_6.txt,1,1409.0,34.9179,1383.0,1.88
TS_2000_5_5,wfjsp9_7.txt,1,1342.0,41.5023,1318.0,1.8209
TS_2000_5_5,wfjsp9_8.txt,1,1419.0,33.2315,1386.0,2.381
TS_2000_5_5,wfjsp9_9.txt,1,1321.0,42.6501,1294.0,2.0866
TS_50000_30_20,Dauzere_01a.txt,1,2963.0,1744.74,2921.0,1.4379
TS_50000_30_20,Dauzere_02a.txt,1,2934.0,1800.01,2914.0,0.6863
TS_50000_30_20,Dauzere_03a.txt,1,2917.0,1800.01,2910.0,0.2405
TS_50000_30_20,Dauzere_04a.txt,1,2948.0,1573.71,2911.0,1.271
TS_50000_30_20,Dauzere_05a.txt,1,2910.0,1800.01,2888.0,0.7618
TS_50000_30_20,Dauzere_06a.txt,1,2884.0,1800.01,2877.0,0.2433
TS_50000_30_20,Dauzere_07a.txt,1,2931.0,1800.02,2917.0,0.4799
TS_50000_30_20,Dauzere_08a.txt,1,2887.0,1800.02,2883.0,0.1387
TS_50000_30_20,Dauzere_09a.txt,1,2875.0,1800.02,2880.0,-0.1736
TS_50000_30_20,Dauzere_10a.txt,1,2930.0,1800.01,2922.0,0.2738
TS_50000_30_20,Dauzere_11a.txt,1,2874.0,1800.02,2876.0,-0.0695
TS_50000_30_20,Dauzere_12a.txt,1,2824.0,1800.02,2840.0,-0.5634
TS_50000_30_20,Mk01.txt,1,72.0,345.222,70.0,2.8571
TS_50000_30_20,Mk02.txt,1,68.0,650.731,67.0,1.4925
TS_50000_30_20,Mk03.txt,1,238.0,1326.11,238.0,0.0
TS_50000_30_20,Mk04.txt,1,94.0,592.514,95.0,-1.0526
TS_50000_30_20,Mk05.txt,1,301.0,1478.68,299.0,0.6689
TS_50000_30_20,Mk06.txt,1,108.0,1363.75,109.0,-0.9174
TS_50000_30_20,Mk07.txt,1,226.0,1800.0,222.0,1.8018
TS_50000_30_20,Mk08.txt,1,624.0,1378.69,624.0,0.0
TS_50000_30_20,Mk09.txt,1,474.0,1800.01,479.0,-1.0438
TS_50000_30_20,Mk10.txt,1,314.0,1800.01,326.0,-3.681
TS_50000_30_20,wfjsp10_1.txt,1,775.0,1800.01,781.0,-0.7682
TS_50000_30_20,wfjsp10_10.txt,1,859.0,1800.0,859.0,0.0
TS_50000_30_20,wfjsp10_2.txt,1,849.0,1800.01,836.0,1.555
TS_50000_30_20,wfjsp10_3.txt,1,921.0,1800.01,923.0,-0.2167
TS_50000_30_20,wfjsp10_4.txt,1,868.0,1800.01,873.0,-0.5727
TS_50000_30_20,wfjsp10_5.txt,1,729.0,1800.01,733.0,-0.5457
TS_50000_30_20,wfjsp10_6.txt,1,907.0,1800.01,896.0,1.2277
TS_50000_30_20,wfjsp10_7.txt,1,836.0,1800.01,819.0,2.0757
TS_50000_30_20,wfjsp10_8.txt,1,835.0,1800.0,824.0,1.335
TS_50000_30_20,wfjsp10_9.txt,1,804.0,1800.01,803.0,0.1245
TS_50000_30_20,wfjsp11_1.txt,1,977.0,1800.01,969.0,0.8256
TS_50000_30_20,wfjsp11_10.txt,1,1120.0,1800.01,1091.0,2.6581
TS_50000_30_20,wfjsp11_2.txt,1,1195.0,1800.01,1184.0,0.9291
TS_50000_30_20,wfjsp11_3.txt,1,1160.0,1800.01,1149.0,0.9574
TS_50000_30_20,wfjsp11_4.txt,1,1157.0,1800.01,1135.0,1.9383
TS_50000_30_20,wfjsp11_5.txt,1,1190.0,1800.01,1180.0,0.8475
TS_50000_30_20,wfjsp11_6.txt,1,965.0,1800.01,937.0,2.9883
TS_50000_30_20,wfjsp11_7.txt,1,1013.0,1800.01,1015.0,-0.197
TS_50000_30_20,wfjsp11_8.txt,1,1044.0,1800.01,1032.0,1.1628
TS_50000_30_20,wfjsp11_9.txt,1,1139.0,1800.01,1136.0,0.2641
TS_50000_30_20,wfjsp12_1.txt,1,912.0,1800.01,896.0,1.7857
TS_50000_30_20,wfjsp12_10.txt,1,1115.0,1800.01,1099.0,1.4559
TS_50000_30_20,wfjsp12_2.txt,1,1028.0,1800.01,997.0,3.1093
TS_50000_30_20,wfjsp12_3.txt,1,1093.0,1800.02,1103.0,-0.9066
TS_50000_30_20,wfjsp12_4.txt,1,1039.0,1800.01,1027.0,1.1685
TS_50000_30_20,wfjsp12_5.txt,1,869.0,1800.01,869.0,0.0
TS_50000_30_20,wfjsp12_6.txt,1,1154.0,1800.01,1134.0,1.7637
TS_50000_30_20,wfjsp12_7.txt,1,1006.0,1800.01,1018.0,-1.1788
TS_50000_30_20,wfjsp12_8.txt,1,988.0,1800.01,980.0,0.8163
TS_50000_30_20,wfjsp12_9.txt,1,985.0,1800.01,995.0,-1.005
TS_50000_30_20,wfjsp13_1.txt,1,874.0,1800.02,866.0,0.9238
TS_50000_30_20,wfjsp13_10.txt,1,942.0,1800.02,916.0,2.8384
TS_50000_30_20,wfjsp13_2.txt,1,975.0,1800.02,962.0,1.3514
TS_50000_30_20,wfjsp13_3.txt,1,882.0,1800.02,883.0,-0.1133
TS_50000_30_20,wfjsp13_4.txt,1,914.0,1800.02,908.0,0.6608
TS_50000_30_20,wfjsp13_5.txt,1,821.0,1800.02,809.0,1.4833
TS_50000_30_20,wfjsp13_6.txt,1,1006.0,1800.02,988.0,1.8219
TS_50000_30_20,wfjsp13_7.txt,1,860.0,1800.02,875.0,-1.7143
TS_50000_30_20,wfjsp13_8.txt,1,899.0,1800.02,899.0,0.0
TS_50000_30_20,wfjsp13_9.txt,1,963.0,1800.02,967.0,-0.4137
TS_50000_30_20,wfjsp14_1.txt,1,745.0,1800.02,745.0,0.0
TS_50000_30_20,wfjsp14_10.txt,1,893.0,1800.02,878.0,1.7084
TS_50000_30_20,wfjsp14_2.txt,1,795.0,1800.02,793.0,0.2522
TS_50000_30_20,wfjsp14_3.txt,1,841.0,1800.02,848.0,-0.8255
TS_50000_30_20,wfjsp14_4.txt,1,819.0,1800.02,806.0,1.6129
TS_50000_30_20,wfjsp14_5.txt,1,718.0,1800.02,715.0,0.4196
TS_50000_30_20,wfjsp14_6.txt,1,927.0,1800.02,913.0,1.5334
TS_50000_30_20,wfjsp14_7.txt,1,822.0,1800.02,826.0,-0.4843
TS_50000_30_20,wfjsp14_8.txt,1,795.0,1800.02,782.0,1.6624
TS_50000_30_20,wfjsp14_9.txt,1,784.0,1800.02,793.0,-1.1349
TS_50000_30_20,wfjsp15_1.txt,1,1270.0,1800.05,1259.0,0.8737
TS_50000_30_20,wfjsp15_10.txt,1,1449.0,1800.05,1415.0,2.4028
TS_50000_30_20,wfjsp15_2.txt,1,1329.0,1800.05,1314.0,1.1416
TS_50000_30_20,wfjsp15_3.txt,1,1375.0,1800.05,1376.0,-0.0727
TS_50000_30_20,wfjsp15_4.txt,1,1315.0,1800.04,1308.0,0.5352
TS_50000_30_20,wfjsp15_5.txt,1,1230.0,1800.04,1198.0,2.6711
TS_50000_30_20,wfjsp15_6.txt,1,1550.0,1800.05,1510.0,2.649
TS_50000_30_20,wfjsp15_7.txt,1,1320.0,1800.04,1328.0,-0.6024
TS_50000_30_20,wfjsp15_8.txt,1,1340.0,1800.05,1327.0,0.9797
TS_50000_30_20,wfjsp15_9.txt,1,1323.0,1800.05,1328.0,-0.3765
TS_50000_30_20,wfjsp16_1.txt,1,997.0,1800.03,995.0,0.201
TS_50000_30_20,wfjsp16_10.txt,1,1159.0,1800.03,1145.0,1.2227
TS_50000_30_20,wfjsp16_2.txt,1,1024.0,1800.03,1011.0,1.2859
TS_50000_30_20,wfjsp16_3.txt,1,1085.0,1800.03,1097.0,-1.0939
TS_50000_30_20,wfjsp16_4.txt,1,1082.0,1800.04,1074.0,0.7449
TS_50000_30_20,wfjsp16_5.txt,1,916.0,1800.03,904.0,1.3274
TS_50000_30_20,wfjsp16_6.txt,1,1237.0,1800.03,1222.0,1.2275
TS_50000_30_20,wfjsp16_7.txt,1,1088.0,1800.03,1094.0,-0.5484
TS_50000_30_20,wfjsp16_8.txt,1,1040.0,1800.03,1049.0,-0.858
TS_50000_30_20,wfjsp16_9.txt,1,1043.0,1800.03,1055.0,-1.1374
TS_50000_30_20,wfjsp17_1.txt,1,1600.0,1800.01,1585.0,0.9464
TS_50000_30_20,wfjsp17_10.txt,1,1759.0,1800.01,1750.0,0.5143
TS_50000_30_20,wfjsp17_2.txt,1,1735.0,1800.01,1731.0,0.2311
TS_50000_30_20,wfjsp17_3.txt,1,1840.0,1800.01,1836.0,0.2179
TS_50000_30_20,wfjsp17_4.txt,1,1678.0,1800.01,1670.0,0.479
TS_50000_30_20,wfjsp17_5.txt,1,1553.0,1800.01,1558.0,-0.3209
TS_50000_30_20,wfjsp17_6.txt,1,1711.0,1800.01,1708.0,0.1756
TS_50000_30_20,wfjsp17_7.txt,1,1606.0,1800.01,1598.0,0.5006
TS_50000_30_20,wfjsp17_8.txt,1,1724.0,1800.01,1717.0,0.4077
TS_50000_30_20,wfjsp17_9.txt,1,1597.0,1800.01,1593.0,0.2511
TS_50000_30_20,wfjsp18_1.txt,1,938.0,1800.01,929.0,0.9688
TS_50000_30_20,wfjsp18_10.txt,1,1029.0,1800.01,1019.0,0.9814
TS_50000_30_20,wfjsp18_2.txt,1,1020.0,1800.01,1010.0,0.9901
TS_50000_30_20,wfjsp18_3.txt,1,1115.0,1800.01,1120.0,-0.4464
TS_50000_30_20,wfjsp18_4.txt,1,1047.0,1800.01,1037.0,0.9643
TS_50000_30_20,wfjsp18_5.txt,1,866.0,1800.01,854.0,1.4052
TS_50000_30_20,wfjsp18_6.txt,1,1097.0,1800.01,1084.0,1.1993
TS_50000_30_20,wfjsp18_7.txt,1,1005.0,1800.01,1003.0,0.1994
TS_50000_30_20,wfjsp18_8.txt,1,987.0,1800.01,990.0,-0.303
TS_50000_30_20,wfjsp18_9.txt,1,946.0,1800.01,944.0,0.2119
TS_50000_30_20,wfjsp19_1.txt,1,1182.0,1800.01,1196.0,-1.1706
TS_50000_30_20,wfjsp19_10.txt,1,1347.0,1800.01,1351.0,-0.2961
TS_50000_30_20,wfjsp19_2.txt,1,1458.0,1800.02,1471.0,-0.8838
TS_50000_30_20,wfjsp19_3.txt,1,1399.0,1800.01,1406.0,-0.4979
TS_50000_30_20,wfjsp19_4.txt,1,1387.0,1800.01,1398.0,-0.7868
TS_50000_30_20,wfjsp19_5.txt,1,1433.0,1800.02,1444.0,-0.7618
TS_50000_30_20,wfjsp19_6.txt,1,1155.0,1800.01,1158.0,-0.2591
TS_50000_30_20,wfjsp19_7.txt,1,1222.0,1800.01,1236.0,-1.1327
TS_50000_30_20,wfjsp19_8.txt,1,1254.0,1800.01,1250.0,0.32
TS_50000_30_20,wfjsp19_9.txt,1,1368.0,1800.01,1388.0,-1.4409
TS_50000_30_20,wfjsp1_1.txt,1,268.0,17.7753,268.0,0.0
TS_50000_30_20,wfjsp1_10.txt,1,316.0,16.3232,316.0,0.0
TS_50000_30_20,wfjsp1_2.txt,1,287.0,13.915,287.0,0.0
TS_50000_30_20,wfjsp1_3.txt,1,347.0,15.2036,347.0,0.0
TS_50000_30_20,wfjsp1_4.txt,1,315.0,13.0392,315.0,0.0
TS_50000_30_20,wfjsp1_5.txt,1,265.0,8.20419,265.0,0.0
TS_50000_30_20,wfjsp1_6.txt,1,291.0,9.84468,291.0,0.0
TS_50000_30_20,wfjsp1_7.txt,1,265.0,38.6083,265.0,0.0
TS_50000_30_20,wfjsp1_8.txt,1,328.0,11.1766,328.0,0.0
TS_50000_30_20,wfjsp1_9.txt,1,252.0,5.34946,252.0,0.0
TS_50000_30_20,wfjsp20_1.txt,1,1081.0,1800.01,1105.0,-2.1719
TS_50000_30_20,wfjsp20_10.txt,1,1357.0,1800.01,1362.0,-0.3671
TS_50000_30_20,wfjsp20_2.txt,1,1233.0,1800.02,1221.0,0.9828
TS_50000_30_20,wfjsp20_3.txt,1,1317.0,1800.02,1328.0,-0.8283
TS_50000_30_20,wfjsp20_4.txt,1,1251.0,1800.01,1259.0,-0.6354
TS_50000_30_20,wfjsp20_5.txt,1,1056.0,1800.01,1058.0,-0.189
TS_50000_30_20,wfjsp20_6.txt,1,1391.0,1800.02,1381.0,0.7241
TS_50000_30_20,wfjsp20_7.txt,1,1213.0,1800.01,1224.0,-0.8987
TS_50000_30_20,wfjsp20_8.txt,1,1181.0,1800.01,1183.0,-0.1691
TS_50000_30_20,wfjsp20_9.txt,1,1190.0,1800.01,1200.0,-0.8333
TS_50000_30_20,wfjsp21_1.txt,1,1029.0,1800.02,1049.0,-1.9066
TS_50000_30_20,wfjsp21_10.txt,1,1116.0,1800.03,1120.0,-0.3571
TS_50000_30_20,wfjsp21_2.txt,1,1157.0,1800.03,1171.0,-1.1956
TS_50000_30_20,wfjsp21_3.txt,1,1052.0,1800.02,1046.0,0.5736
TS_50000_30_20,wfjsp21_4.txt,1,1080.0,1800.02,1095.0,-1.3699
TS_50000_30_20,wfjsp21_5.txt,1,975.0,1800.02,984.0,-0.9146
TS_50000_30_20,wfjsp21_6.txt,1,1198.0,1800.02,1204.0,-0.4983
TS_50000_30_20,wfjsp21_7.txt,1,1018.0,1800.02,1015.0,0.2956
TS_50000_30_20,wfjsp21_8.txt,1,1065.0,1800.02,1088.0,-2.114
TS_50000_30_20,wfjsp21_9.txt,1,1146.0,1800.02,1129.0,1.5058
TS_50000_30_20,wfjsp22_1.txt,1,883.0,1800.01,903.0,-2.2148
TS_50000_30_20,wfjsp22_10.txt,1,1067.0,1800.02,1084.0,-1.5683
TS_50000_30_20,wfjsp22_2.txt,1,949.0,1800.02,957.0,-0.8359
TS_50000_30_20,wfjsp22_3.txt,1,1007.0,1800.02,1024.0,-1.6602
TS_50000_30_20,wfjsp22_4.txt,1,974.0,1800.02,989.0,-1.5167
TS_50000_30_20,wfjsp22_5.txt,1,854.0,1800.02,874.0,-2.2883
TS_50000_30_20,wfjsp22_6.txt,1,1109.0,1800.02,1114.0,-0.4488
TS_50000_30_20,wfjsp22_7.txt,1,978.0,1800.02,994.0,-1.6097
TS_50000_30_20,wfjsp22_8.txt,1,945.0,1800.02,946.0,-0.1057
TS_50000_30_20,wfjsp22_9.txt,1,937.0,1800.02,944.0,-0.7415
TS_50000_30_20,wfjsp23_1.txt,1,1504.0,1800.04,1519.0,-0.9875
TS_50000_30_20,wfjsp23_10.txt,1,1715.0,1800.05,1727.0,-0.6948
TS_50000_30_20,wfjsp23_2.txt,1,1581.0,1800.06,1595.0,-0.8777
TS_50000_30_20,wfjsp23_3.txt,1,1639.0,1800.05,1657.0,-1.0863
TS_50000_30_20,wfjsp23_4.txt,1,1575.0,1800.05,1572.0,0.1908
TS_50000_30_20,wfjsp23_5.txt,1,1466.0,1800.05,1488.0,-1.4785
TS_50000_30_20,wfjsp23_6.txt,1,1837.0,1800.04,1866.0,-1.5541
TS_50000_30_20,wfjsp23_7.txt,1,1591.0,1800.06,1601.0,-0.6246
TS_50000_30_20,wfjsp23_8.txt,1,1588.0,1800.05,1597.0,-0.5636
TS_50000_30_20,wfjsp23_9.txt,1,1558.0,1800.05,1582.0,-1.5171
TS_50000_30_20,wfjsp24_1.txt,1,1184.0,1800.03,1201.0,-1.4155
TS_50000_30_20,wfjsp24_10.txt,1,1378.0,1800.04,1407.0,-2.0611
TS_50000_30_20,wfjsp24_2.txt,1,1222.0,1800.03,1220.0,0.1639
TS_50000_30_20,wfjsp24_3.txt,1,1298.0,1800.04,1330.0,-2.406
TS_50000_30_20,wfjsp24_4.txt,1,1295.0,1800.04,1300.0,-0.3846
TS_50000_30_20,wfjsp24_5.txt,1,1101.0,1800.03,1113.0,-1.0782
TS_50000_30_20,wfjsp24_6.txt,1,1477.0,1800.05,1487.0,-0.6725
TS_50000_30_20,wfjsp24_7.txt,1,1292.0,1800.03,1312.0,-1.5244
TS_50000_30_20,wfjsp24_8.txt,1,1252.0,1800.03,1263.0,-0.8709
TS_50000_30_20,wfjsp24_9.txt,1,1235.0,1800.03,1269.0,-2.6793
TS_50000_30_20,wfjsp2_1.txt,1,336.0,48.7836,336.0,0.0
TS_50000_30_20,wfjsp2_10.txt,1,489.0,32.8834,489.0,0.0
TS_50000_30_20,wfjsp2_2.txt,1,368.0,43.4003,368.0,0.0
TS_50000_30_20,wfjsp2_3.txt,1,421.0,55.0116,421.0,0.0
TS_50000_30_20,wfjsp2_4.txt,1,378.0,55.6211,378.0,0.0
TS_50000_30_20,wfjsp2_5.txt,1,270.0,24.0683,270.0,0.0
TS_50000_30_20,wfjsp2_6.txt,1,416.0,50.4248,416.0,0.0
TS_50000_30_20,wfjsp2_7.txt,1,395.0,74.9631,395.0,0.0
TS_50000_30_20,wfjsp2_8.txt,1,414.0,31.4571,414.0,0.0
TS_50000_30_20,wfjsp2_9.txt,1,329.0,23.2585,329.0,0.0
TS_50000_30_20,wfjsp3_1.txt,1,419.0,41.4854,419.0,0.0
TS_50000_30_20,wfjsp3_10.txt,1,455.0,83.1109,455.0,0.0
TS_50000_30_20,wfjsp3_2.txt,1,543.0,106.782,543.0,0.0
TS_50000_30_20,wfjsp3_3.txt,1,383.0,15.7243,383.0,0.0
TS_50000_30_20,wfjsp3_4.txt,1,443.0,116.283,443.0,0.0
TS_50000_30_20,wfjsp3_5.txt,1,284.0,39.4848,284.0,0.0
TS_50000_30_20,wfjsp3_6.txt,1,529.0,107.674,529.0,0.0
TS_50000_30_20,wfjsp3_7.txt,1,342.0,62.514,342.0,0.0
TS_50000_30_20,wfjsp3_8.txt,1,492.0,66.1402,492.0,0.0
TS_50000_30_20,wfjsp3_9.txt,1,534.0,49.5075,534.0,0.0
TS_50000_30_20,wfjsp4_1.txt,1,281.0,184.636,277.0,1.444
TS_50000_30_20,wfjsp4_10.txt,1,293.0,103.14,293.0,0.0
TS_50000_30_20,wfjsp4_2.txt,1,351.0,214.557,350.0,0.2857
TS_50000_30_20,wfjsp4_3.txt,1,360.0,180.867,360.0,0.0
TS_50000_30_20,wfjsp4_4.txt,1,323.0,156.38,320.0,0.9375
TS_50000_30_20,wfjsp4_5.txt,1,290.0,45.2051,290.0,0.0
TS_50000_30_20,wfjsp4_6.txt,1,355.0,183.434,355.0,0.0
TS_50000_30_20,wfjsp4_7.txt,1,290.0,129.072,288.0,0.6944
TS_50000_30_20,wfjsp4_8.txt,1,317.0,146.276,316.0,0.3165
TS_50000_30_20,wfjsp4_9.txt,1,288.0,61.8514,288.0,0.0
TS_50000_30_20,wfjsp5_1.txt,1,608.0,696.097,608.0,0.0
TS_50000_30_20,wfjsp5_10.txt,1,644.0,386.575,627.0,2.7113
TS_50000_30_20,wfjsp5_2.txt,1,645.0,618.232,638.0,1.0972
TS_50000_30_20,wfjsp5_3.txt,1,634.0,415.605,626.0,1.278
TS_50000_30_20,wfjsp5_4.txt,1,727.0,678.005,722.0,0.6925
TS_50000_30_20,wfjsp5_5.txt,1,719.0,741.504,729.0,-1.3717
TS_50000_30_20,wfjsp5_6.txt,1,740.0,642.275,732.0,1.0929
TS_50000_30_20,wfjsp5_7.txt,1,762.0,680.208,754.0,1.061
TS_50000_30_20,wfjsp5_8.txt,1,685.0,601.663,683.0,0.2928
TS_50000_30_20,wfjsp5_9.txt,1,584.0,396.319,582.0,0.3436
TS_50000_30_20,wfjsp6_1.txt,1,682.0,774.441,682.0,0.0
TS_50000_30_20,wfjsp6_10.txt,1,704.0,603.759,699.0,0.7153
TS_50000_30_20,wfjsp6_2.txt,1,781.0,926.246,780.0,0.1282
TS_50000_30_20,wfjsp6_3.txt,1,741.0,554.171,735.0,0.8163
TS_50000_30_20,wfjsp6_4.txt,1,811.0,952.993,803.0,0.9963
TS_50000_30_20,wfjsp6_5.txt,1,851.0,897.747,844.0,0.8294
TS_50000_30_20,wfjsp6_6.txt,1,807.0,851.383,798.0,1.1278
TS_50000_30_20,wfjsp6_7.txt,1,840.0,795.028,855.0,-1.7544
TS_50000_30_20,wfjsp6_8.txt,1,773.0,753.408,759.0,1.8445
TS_50000_30_20,wfjsp6_9.txt,1,690.0,689.902,686.0,0.5831
TS_50000_30_20,wfjsp7_1.txt,1,824.0,1320.09,815.0,1.1043
TS_50000_30_20,wfjsp7_10.txt,1,920.0,1258.17,909.0,1.2101
TS_50000_30_20,wfjsp7_2.txt,1,1036.0,1650.64,1038.0,-0.1927
TS_50000_30_20,wfjsp7_3.txt,1,1138.0,1506.51,1133.0,0.4413
TS_50000_30_20,wfjsp7_4.txt,1,945.0,1772.9,944.0,0.1059
TS_50000_30_20,wfjsp7_5.txt,1,810.0,1068.46,803.0,0.8717
TS_50000_30_20,wfjsp7_6.txt,1,1023.0,1458.04,1010.0,1.2871
TS_50000_30_20,wfjsp7_7.txt,1,933.0,1795.26,929.0,0.4306
TS_50000_30_20,wfjsp7_8.txt,1,891.0,1485.4,882.0,1.0204
TS_50000_30_20,wfjsp7_9.txt,1,838.0,1231.98,852.0,-1.6432
TS_50000_30_20,wfjsp8_1.txt,1,1037.0,1800.0,1025.0,1.1707
TS_50000_30_20,wfjsp8_10.txt,1,1208.0,1800.0,1194.0,1.1725
TS_50000_30_20,wfjsp8_2.txt,1,1270.0,1800.01,1251.0,1.5188
TS_50000_30_20,wfjsp8_3.txt,1,1369.0,1800.01,1364.0,0.3666
TS_50000_30_20,wfjsp8_4.txt,1,1218.0,1800.0,1211.0,0.578
TS_50000_30_20,wfjsp8_5.txt,1,1051.0,1800.01,1050.0,0.0952
TS_50000_30_20,wfjsp8_6.txt,1,1282.0,1800.0,1267.0,1.1839
TS_50000_30_20,wfjsp8_7.txt,1,1177.0,1800.0,1158.0,1.6408
TS_50000_30_20,wfjsp8_8.txt,1,1173.0,1800.01,1158.0,1.2953
TS_50000_30_20,wfjsp8_9.txt,1,1054.0,1800.0,1044.0,0.9579
TS_50000_30_20,wfjsp9_1.txt,1,1321.0,1800.01,1314.0,0.5327
TS_50000_30_20,wfjsp9_10.txt,1,1426.0,1800.01,1414.0,0.8487
TS_50000_30_20,wfjsp9_2.txt,1,1405.0,1800.01,1404.0,0.0712
TS_50000_30_20,wfjsp9_3.txt,1,1514.0,1800.01,1483.0,2.0904
TS_50000_30_20,wfjsp9_4.txt,1,1368.0,1800.01,1357.0,0.8106
TS_50000_30_20,wfjsp9_5.txt,1,1266.0,1800.01,1247.0,1.5237
TS_50000_30_20,wfjsp9_6.txt,1,1404.0,1800.01,1383.0,1.5184
TS_50000_30_20,wfjsp9_7.txt,1,1325.0,1800.01,1318.0,0.5311
TS_50000_30_20,wfjsp9_8.txt,1,1392.0,1800.01,1386.0,0.4329
TS_50000_30_20,wfjsp9_9.txt,1,1294.0,1800.01,1294.0,0.0
FaFMx3,Dauzere_01a.txt,1,2991.0,302.741,2921.0,2.3964
FaFMx3,Dauzere_01a.txt,2,3055.0,183.019,2921.0,4.5875
FaFMx3,Dauzere_01a.txt,3,3056.0,223.006,2921.0,4.6217
FaFMx3,Dauzere_01a.txt,4,3003.0,382.367,2921.0,2.8073
FaFMx3,Dauzere_01a.txt,5,2981.0,327.379,2921.0,2.0541
FaFMx3,Dauzere_02a.txt,1,2928.0,466.83,2914.0,0.4804
FaFMx3,Dauzere_02a.txt,2,2925.0,653.071,2914.0,0.3775
FaFMx3,Dauzere_02a.txt,3,2930.0,548.79,2914.0,0.5491
FaFMx3,Dauzere_02a.txt,4,2927.0,417.69,2914.0,0.4461
FaFMx3,Dauzere_02a.txt,5,2932.0,284.985,2914.0,0.6177
FaFMx3,Dauzere_03a.txt,1,2907.0,716.862,2910.0,-0.1031
FaFMx3,Dauzere_03a.txt,2,2920.0,674.021,2910.0,0.3436
FaFMx3,Dauzere_03a.txt,3,2937.0,739.387,2910.0,0.9278
FaFMx3,Dauzere_03a.txt,4,2923.0,269.828,2910.0,0.4467
FaFMx3,Dauzere_03a.txt,5,2938.0,269.047,2910.0,0.9622
FaFMx3,Dauzere_04a.txt,1,2945.0,179.964,2911.0,1.168
FaFMx3,Dauzere_04a.txt,2,2999.0,252.652,2911.0,3.023
FaFMx3,Dauzere_04a.txt,3,2984.0,247.119,2911.0,2.5077
FaFMx3,Dauzere_04a.txt,4,3031.0,318.252,2911.0,4.1223
FaFMx3,Dauzere_04a.txt,5,2982.0,171.164,2911.0,2.439
FaFMx3,Dauzere_05a.txt,1,2892.0,481.335,2888.0,0.1385
FaFMx3,Dauzere_05a.txt,2,2902.0,307.183,2888.0,0.4848
FaFMx3,Dauzere_05a.txt,3,2895.0,308.465,2888.0,0.2424
FaFMx3,Dauzere_05a.txt,4,2881.0,643.223,2888.0,-0.2424
FaFMx3,Dauzere_05a.txt,5,2897.0,493.441,2888.0,0.3116
FaFMx3,Dauzere_06a.txt,1,2872.0,1115.21,2877.0,-0.1738
FaFMx3,Dauzere_06a.txt,2,2870.0,478.085,2877.0,-0.2433
FaFMx3,Dauzere_06a.txt,3,2867.0,477.238,2877.0,-0.3476
FaFMx3,Dauzere_06a.txt,4,2942.0,469.659,2877.0,2.2593
FaFMx3,Dauzere_06a.txt,5,2871.0,578.794,2877.0,-0.2086
FaFMx3,Dauzere_07a.txt,1,2970.0,833.228,2917.0,1.8169
FaFMx3,Dauzere_07a.txt,2,2947.0,1006.53,2917.0,1.0285
FaFMx3,Dauzere_07a.txt,3,2990.0,768.959,2917.0,2.5026
FaFMx3,Dauzere_07a.txt,4,2999.0,772.631,2917.0,2.8111
FaFMx3,Dauzere_07a.txt,5,3027.0,289.499,2917.0,3.771
FaFMx3,Dauzere_08a.txt,1,2885.0,613.469,2883.0,0.0694
FaFMx3,Dauzere_08a.txt,2,2888.0,518.894,2883.0,0.1734
FaFMx3,Dauzere_08a.txt,3,2891.0,479.975,2883.0,0.2775
FaFMx3,Dauzere_08a.txt,4,2885.0,611.644,2883.0,0.0694
FaFMx3,Dauzere_08a.txt,5,2886.0,661.704,2883.0,0.1041
FaFMx3,Dauzere_09a.txt,1,2876.0,1390.99,2880.0,-0.1389
FaFMx3,Dauzere_09a.txt,2,2953.0,590.983,2880.0,2.5347
FaFMx3,Dauzere_09a.txt,3,2878.0,1111.23,2880.0,-0.0694
FaFMx3,Dauzere_09a.txt,4,2880.0,887.883,2880.0,0.0
FaFMx3,Dauzere_09a.txt,5,2938.0,411.952,2880.0,2.0139
FaFMx3,Dauzere_10a.txt,1,2980.0,467.46,2922.0,1.9849
FaFMx3,Dauzere_10a.txt,2,2954.0,710.244,2922.0,1.0951
FaFMx3,Dauzere_10a.txt,3,2932.0,450.031,2922.0,0.3422
FaFMx3,Dauzere_10a.txt,4,2959.0,435.1,2922.0,1.2663
FaFMx3,Dauzere_10a.txt,5,2943.0,949.004,2922.0,0.7187
FaFMx3,Dauzere_11a.txt,1,2861.0,1561.14,2876.0,-0.5216
FaFMx3,Dauzere_11a.txt,2,2875.0,563.877,2876.0,-0.0348
FaFMx3,Dauzere_11a.txt,3,2879.0,494.781,2876.0,0.1043
FaFMx3,Dauzere_11a.txt,4,2862.0,1053.42,2876.0,-0.4868
FaFMx3,Dauzere_11a.txt,5,2877.0,1076.3,2876.0,0.0348
FaFMx3,Dauzere_12a.txt,1,2836.0,1248.14,2840.0,-0.1408
FaFMx3,Dauzere_12a.txt,2,2801.0,2503.48,2840.0,-1.3732
FaFMx3,Dauzere_12a.txt,3,2820.0,1869.73,2840.0,-0.7042
FaFMx3,Dauzere_12a.txt,4,2813.0,1480.5,2840.0,-0.9507
FaFMx3,Dauzere_12a.txt,5,2812.0,1067.23,2840.0,-0.9859
FaFMx3,Mk01.txt,1,75.0,58.9486,70.0,7.1429
FaFMx3,Mk01.txt,2,74.0,58.3823,70.0,5.7143
FaFMx3,Mk01.txt,3,74.0,45.6548,70.0,5.7143
FaFMx3,Mk01.txt,4,75.0,42.3435,70.0,7.1429
FaFMx3,Mk01.txt,5,74.0,61.9133,70.0,5.7143
FaFMx3,Mk02.txt,1,70.0,71.7538,67.0,4.4776
FaFMx3,Mk02.txt,2,71.0,98.3834,67.0,5.9701
FaFMx3,Mk02.txt,3,70.0,81.4654,67.0,4.4776
FaFMx3,Mk02.txt,4,71.0,65.9149,67.0,5.9701
FaFMx3,Mk02.txt,5,71.0,72.5497,67.0,5.9701
FaFMx3,Mk03.txt,1,245.0,79.405,238.0,2.9412
FaFMx3,Mk03.txt,2,241.0,161.459,238.0,1.2605
FaFMx3,Mk03.txt,3,243.0,127.936,238.0,2.1008
FaFMx3,Mk03.txt,4,246.0,107.821,238.0,3.3613
FaFMx3,Mk03.txt,5,241.0,120.675,238.0,1.2605
FaFMx3,Mk04.txt,1,102.0,102.417,95.0,7.3684
FaFMx3,Mk04.txt,2,99.0,102.882,95.0,4.2105
FaFMx3,Mk04.txt,3,99.0,93.6456,95.0,4.2105
FaFMx3,Mk04.txt,4,97.0,193.822,95.0,2.1053
FaFMx3,Mk04.txt,5,100.0,184.013,95.0,5.2632
FaFMx3,Mk05.txt,1,300.0,182.13,299.0,0.3344
FaFMx3,Mk05.txt,2,300.0,240.364,299.0,0.3344
FaFMx3,Mk05.txt,3,303.0,180.099,299.0,1.3378
FaFMx3,Mk05.txt,4,302.0,284.566,299.0,1.0033
FaFMx3,Mk05.txt,5,300.0,171.059,299.0,0.3344
FaFMx3,Mk06.txt,1,116.0,214.589,109.0,6.422
FaFMx3,Mk06.txt,2,111.0,462.61,109.0,1.8349
FaFMx3,Mk06.txt,3,111.0,314.755,109.0,1.8349
FaFMx3,Mk06.txt,4,114.0,257.618,109.0,4.5872
FaFMx3,Mk06.txt,5,112.0,230.782,109.0,2.7523
FaFMx3,Mk07.txt,1,241.0,116.743,222.0,8.5586
FaFMx3,Mk07.txt,2,228.0,232.79,222.0,2.7027
FaFMx3,Mk07.txt,3,227.0,337.794,222.0,2.2523
FaFMx3,Mk07.txt,4,232.0,138.458,222.0,4.5045
FaFMx3,Mk07.txt,5,229.0,187.238,222.0,3.1532
FaFMx3,Mk08.txt,1,646.0,104.126,624.0,3.5256
FaFMx3,Mk08.txt,2,626.0,279.798,624.0,0.3205
FaFMx3,Mk08.txt,3,629.0,202.559,624.0,0.8013
FaFMx3,Mk08.txt,4,637.0,277.64,624.0,2.0833
FaFMx3,Mk08.txt,5,631.0,357.25,624.0,1.1218
FaFMx3,Mk09.txt,1,468.0,600.804,479.0,-2.2965
FaFMx3,Mk09.txt,2,474.0,859.231,479.0,-1.0438
FaFMx3,Mk09.txt,3,475.0,840.527,479.0,-0.8351
FaFMx3,Mk09.txt,4,469.0,892.877,479.0,-2.0877
FaFMx3,Mk09.txt,5,474.0,621.725,479.0,-1.0438
FaFMx3,Mk10.txt,1,322.0,1145.64,326.0,-1.227
FaFMx3,Mk10.txt,2,316.0,1187.01,326.0,-3.0675
FaFMx3,Mk10.txt,3,318.0,1149.87,326.0,-2.454
FaFMx3,Mk10.txt,4,319.0,617.415,326.0,-2.1472
FaFMx3,Mk10.txt,5,318.0,1235.6,326.0,-2.454
FaFMx3,wfjsp10_1.txt,1,800.0,298.301,781.0,2.4328
FaFMx3,wfjsp10_1.txt,2,781.0,388.375,781.0,0.0
FaFMx3,wfjsp10_1.txt,3,786.0,243.535,781.0,0.6402
FaFMx3,wfjsp10_1.txt,4,773.0,323.329,781.0,-1.0243
FaFMx3,wfjsp10_1.txt,5,808.0,153.425,781.0,3.4571
FaFMx3,wfjsp10_10.txt,1,851.0,266.845,859.0,-0.9313
FaFMx3,wfjsp10_10.txt,2,870.0,150.422,859.0,1.2806
FaFMx3,wfjsp10_10.txt,3,855.0,188.421,859.0,-0.4657
FaFMx3,wfjsp10_10.txt,4,854.0,256.218,859.0,-0.5821
FaFMx3,wfjsp10_10.txt,5,870.0,229.008,859.0,1.2806
FaFMx3,wfjsp10_2.txt,1,848.0,181.244,836.0,1.4354
FaFMx3,wfjsp10_2.txt,2,833.0,185.869,836.0,-0.3589
FaFMx3,wfjsp10_2.txt,3,864.0,188.779,836.0,3.3493
FaFMx3,wfjsp10_2.txt,4,837.0,687.637,836.0,0.1196
FaFMx3,wfjsp10_2.txt,5,844.0,156.796,836.0,0.9569
FaFMx3,wfjsp10_3.txt,1,921.0,824.38,923.0,-0.2167
FaFMx3,wfjsp10_3.txt,2,922.0,771.109,923.0,-0.1083
FaFMx3,wfjsp10_3.txt,3,935.0,295.292,923.0,1.3001
FaFMx3,wfjsp10_3.txt,4,948.0,350.347,923.0,2.7086
FaFMx3,wfjsp10_3.txt,5,943.0,174.309,923.0,2.1668
FaFMx3,wfjsp10_4.txt,1,868.0,294.849,873.0,-0.5727
FaFMx3,wfjsp10_4.txt,2,871.0,349.375,873.0,-0.2291
FaFMx3,wfjsp10_4.txt,3,869.0,196.378,873.0,-0.4582
FaFMx3,wfjsp10_4.txt,4,865.0,292.938,873.0,-0.9164
FaFMx3,wfjsp10_4.txt,5,873.0,214.013,873.0,0.0
FaFMx3,wfjsp10_5.txt,1,742.0,309.877,733.0,1.2278
FaFMx3,wfjsp10_5.txt,2,764.0,110.576,733.0,4.2292
FaFMx3,wfjsp10_5.txt,3,746.0,136.978,733.0,1.7735
FaFMx3,wfjsp10_5.txt,4,739.0,336.241,733.0,0.8186
FaFMx3,wfjsp10_5.txt,5,755.0,150.944,733.0,3.0014
FaFMx3,wfjsp10_6.txt,1,894.0,909.812,896.0,-0.2232
FaFMx3,wfjsp10_6.txt,2,914.0,179.334,896.0,2.0089
FaFMx3,wfjsp10_6.txt,3,908.0,327.863,896.0,1.3393
FaFMx3,wfjsp10_6.txt,4,900.0,283.386,896.0,0.4464
FaFMx3,wfjsp10_6.txt,5,916.0,292.223,896.0,2.2321
FaFMx3,wfjsp10_7.txt,1,831.0,306.982,819.0,1.4652
FaFMx3,wfjsp10_7.txt,2,862.0,149.654,819.0,5.2503
FaFMx3,wfjsp10_7.txt,3,833.0,181.921,819.0,1.7094
FaFMx3,wfjsp10_7.txt,4,844.0,162.215,819.0,3.0525
FaFMx3,wfjsp10_7.txt,5,845.0,204.734,819.0,3.1746
FaFMx3,wfjsp10_8.txt,1,835.0,351.477,824.0,1.335
FaFMx3,wfjsp10_8.txt,2,827.0,318.826,824.0,0.3641
FaFMx3,wfjsp10_8.txt,3,839.0,288.01,824.0,1.8204
FaFMx3,wfjsp10_8.txt,4,826.0,321.541,824.0,0.2427
FaFMx3,wfjsp10_8.txt,5,825.0,261.756,824.0,0.1214
FaFMx3,wfjsp10_9.txt,1,814.0,148.219,803.0,1.3699
FaFMx3,wfjsp10_9.txt,2,821.0,169.467,803.0,2.2416
FaFMx3,wfjsp10_9.txt,3,803.0,219.926,803.0,0.0
FaFMx3,wfjsp10_9.txt,4,808.0,282.427,803.0,0.6227
FaFMx3,wfjsp10_9.txt,5,811.0,284.007,803.0,0.9963
FaFMx3,wfjsp11_1.txt,1,990.0,720.22,969.0,2.1672
FaFMx3,wfjsp11_1.txt,2,969.0,871.332,969.0,0.0
FaFMx3,wfjsp11_1.txt,3,985.0,492.023,969.0,1.6512
FaFMx3,wfjsp11_1.txt,4,980.0,517.169,969.0,1.1352
FaFMx3,wfjsp11_1.txt,5,980.0,690.712,969.0,1.1352
FaFMx3,wfjsp11_10.txt,1,1116.0,747.281,1091.0,2.2915
FaFMx3,wfjsp11_10.txt,2,1121.0,929.455,1091.0,2.7498
FaFMx3,wfjsp11_10.txt,3,1117.0,404.138,1091.0,2.3831
FaFMx3,wfjsp11_10.txt,4,1118.0,315.594,1091.0,2.4748
FaFMx3,wfjsp11_10.txt,5,1115.0,645.256,1091.0,2.1998
FaFMx3,wfjsp11_2.txt,1,1190.0,1255.98,1184.0,0.5068
FaFMx3,wfjsp11_2.txt,2,1206.0,424.22,1184.0,1.8581
FaFMx3,wfjsp11_2.txt,3,1196.0,575.092,1184.0,1.0135
FaFMx3,wfjsp11_2.txt,4,1185.0,875.651,1184.0,0.0845
FaFMx3,wfjsp11_2.txt,5,1213.0,735.718,1184.0,2.4493
FaFMx3,wfjsp11_3.txt,1,1206.0,648.26,1149.0,4.9608
FaFMx3,wfjsp11_3.txt,2,1190.0,558.495,1149.0,3.5683
FaFMx3,wfjsp11_3.txt,3,1205.0,268.905,1149.0,4.8738
FaFMx3,wfjsp11_3.txt,4,1228.0,617.491,1149.0,6.8755
FaFMx3,wfjsp11_3.txt,5,1213.0,436.147,1149.0,5.5701
FaFMx3,wfjsp11_4.txt,1,1148.0,1090.23,1135.0,1.1454
FaFMx3,wfjsp11_4.txt,2,1142.0,534.076,1135.0,0.6167
FaFMx3,wfjsp11_4.txt,3,1165.0,1008.93,1135.0,2.6432
FaFMx3,wfjsp11_4.txt,4,1150.0,481.716,1135.0,1.3216
FaFMx3,wfjsp11_4.txt,5,1146.0,453.206,1135.0,0.9692
FaFMx3,wfjsp11_5.txt,1,1216.0,668.724,1180.0,3.0508
FaFMx3,wfjsp11_5.txt,2,1206.0,471.39,1180.0,2.2034
FaFMx3,wfjsp11_5.txt,3,1193.0,434.363,1180.0,1.1017
FaFMx3,wfjsp11_5.txt,4,1201.0,536.033,1180.0,1.7797
FaFMx3,wfjsp11_5.txt,5,1211.0,489.078,1180.0,2.6271
FaFMx3,wfjsp11_6.txt,1,943.0,861.868,937.0,0.6403
FaFMx3,wfjsp11_6.txt,2,951.0,253.504,937.0,1.4941
FaFMx3,wfjsp11_6.txt,3,959.0,385.017,937.0,2.3479
FaFMx3,wfjsp11_6.txt,4,953.0,353.436,937.0,1.7076
FaFMx3,wfjsp11_6.txt,5,962.0,448.416,937.0,2.6681
FaFMx3,wfjsp11_7.txt,1,1043.0,584.092,1015.0,2.7586
FaFMx3,wfjsp11_7.txt,2,1023.0,695.554,1015.0,0.7882
FaFMx3,wfjsp11_7.txt,3,1033.0,914.911,1015.0,1.7734
FaFMx3,wfjsp11_7.txt,4,1036.0,591.234,1015.0,2.069
FaFMx3,wfjsp11_7.txt,5,1042.0,528.921,1015.0,2.6601
FaFMx3,wfjsp11_8.txt,1,1052.0,527.527,1032.0,1.938
FaFMx3,wfjsp11_8.txt,2,1051.0,319.299,1032.0,1.8411
FaFMx3,wfjsp11_8.txt,3,1038.0,981.123,1032.0,0.5814
FaFMx3,wfjsp11_8.txt,4,1048.0,315.641,1032.0,1.5504
FaFMx3,wfjsp11_8.txt,5,1047.0,589.721,1032.0,1.4535
FaFMx3,wfjsp11_9.txt,1,1171.0,438.201,1136.0,3.081
FaFMx3,wfjsp11_9.txt,2,1169.0,1136.44,1136.0,2.9049
FaFMx3,wfjsp11_9.txt,3,1162.0,451.039,1136.0,2.2887
FaFMx3,wfjsp11_9.txt,4,1149.0,556.164,1136.0,1.1444
FaFMx3,wfjsp11_9.txt,5,1196.0,465.02,1136.0,5.2817
FaFMx3,wfjsp12_1.txt,1,911.0,494.641,896.0,1.6741
FaFMx3,wfjsp12_1.txt,2,904.0,340.5,896.0,0.8929
FaFMx3,wfjsp12_1.txt,3,900.0,441.436,896.0,0.4464
FaFMx3,wfjsp12_1.txt,4,909.0,611.683,896.0,1.4509
FaFMx3,wfjsp12_1.txt,5,908.0,340.491,896.0,1.3393
FaFMx3,wfjsp12_10.txt,1,1094.0,1165.14,1099.0,-0.455
FaFMx3,wfjsp12_10.txt,2,1110.0,718.675,1099.0,1.0009
FaFMx3,wfjsp12_10.txt,3,1112.0,748.469,1099.0,1.1829
FaFMx3,wfjsp12_10.txt,4,1098.0,851.887,1099.0,-0.091
FaFMx3,wfjsp12_10.txt,5,1089.0,1043.84,1099.0,-0.9099
FaFMx3,wfjsp12_2.txt,1,1004.0,452.334,997.0,0.7021
FaFMx3,wfjsp12_2.txt,2,1006.0,557.988,997.0,0.9027
FaFMx3,wfjsp12_2.txt,3,996.0,1046.13,997.0,-0.1003
FaFMx3,wfjsp12_2.txt,4,1002.0,450.096,997.0,0.5015
FaFMx3,wfjsp12_2.txt,5,1005.0,524.397,997.0,0.8024
FaFMx3,wfjsp12_3.txt,1,1082.0,1878.36,1103.0,-1.9039
FaFMx3,wfjsp12_3.txt,2,1082.0,915.412,1103.0,-1.9039
FaFMx3,wfjsp12_3.txt,3,1102.0,447.473,1103.0,-0.0907
FaFMx3,wfjsp12_3.txt,4,1095.0,608.243,1103.0,-0.7253
FaFMx3,wfjsp12_3.txt,5,1092.0,659.195,1103.0,-0.9973
FaFMx3,wfjsp12_4.txt,1,1025.0,361.574,1027.0,-0.1947
FaFMx3,wfjsp12_4.txt,2,1026.0,817.565,1027.0,-0.0974
FaFMx3,wfjsp12_4.txt,3,1016.0,718.44,1027.0,-1.0711
FaFMx3,wfjsp12_4.txt,4,1013.0,858.285,1027.0,-1.3632
FaFMx3,wfjsp12_4.txt,5,1013.0,392.417,1027.0,-1.3632
FaFMx3,wfjsp12_5.txt,1,861.0,957.254,869.0,-0.9206
FaFMx3,wfjsp12_5.txt,2,871.0,653.394,869.0,0.2301
FaFMx3,wfjsp12_5.txt,3,866.0,548.196,869.0,-0.3452
FaFMx3,wfjsp12_5.txt,4,866.0,532.159,869.0,-0.3452
FaFMx3,wfjsp12_5.txt,5,864.0,485.457,869.0,-0.5754
FaFMx3,wfjsp12_6.txt,1,1138.0,649.511,1134.0,0.3527
FaFMx3,wfjsp12_6.txt,2,1135.0,381.088,1134.0,0.0882
FaFMx3,wfjsp12_6.txt,3,1138.0,506.006,1134.0,0.3527
FaFMx3,wfjsp12_6.txt,4,1132.0,498.726,1134.0,-0.1764
FaFMx3,wfjsp12_6.txt,5,1133.0,541.407,1134.0,-0.0882
FaFMx3,wfjsp12_7.txt,1,1010.0,532.546,1018.0,-0.7859
FaFMx3,wfjsp12_7.txt,2,1007.0,395.75,1018.0,-1.0806
FaFMx3,wfjsp12_7.txt,3,995.0,742.313,1018.0,-2.2593
FaFMx3,wfjsp12_7.txt,4,1007.0,1237.85,1018.0,-1.0806
FaFMx3,wfjsp12_7.txt,5,997.0,706.381,1018.0,-2.0629
FaFMx3,wfjsp12_8.txt,1,976.0,427.503,980.0,-0.4082
FaFMx3,wfjsp12_8.txt,2,979.0,714.864,980.0,-0.102
FaFMx3,wfjsp12_8.txt,3,981.0,425.621,980.0,0.102
FaFMx3,wfjsp12_8.txt,4,979.0,409.694,980.0,-0.102
FaFMx3,wfjsp12_8.txt,5,981.0,373.251,980.0,0.102
FaFMx3,wfjsp12_9.txt,1,975.0,558.167,995.0,-2.0101
FaFMx3,wfjsp12_9.txt,2,981.0,373.523,995.0,-1.407
FaFMx3,wfjsp12_9.txt,3,986.0,527.653,995.0,-0.9045
FaFMx3,wfjsp12_9.txt,4,984.0,619.811,995.0,-1.1055
FaFMx3,wfjsp12_9.txt,5,979.0,943.598,995.0,-1.608
FaFMx3,wfjsp13_1.txt,1,849.0,1571.28,866.0,-1.963
FaFMx3,wfjsp13_1.txt,2,861.0,1029.43,866.0,-0.5774
FaFMx3,wfjsp13_1.txt,3,861.0,977.246,866.0,-0.5774
FaFMx3,wfjsp13_1.txt,4,856.0,937.534,866.0,-1.1547
FaFMx3,wfjsp13_1.txt,5,858.0,667.074,866.0,-0.9238
FaFMx3,wfjsp13_10.txt,1,924.0,1235.58,916.0,0.8734
FaFMx3,wfjsp13_10.txt,2,931.0,956.546,916.0,1.6376
FaFMx3,wfjsp13_10.txt,3,924.0,820.99,916.0,0.8734
FaFMx3,wfjsp13_10.txt,4,924.0,785.937,916.0,0.8734
FaFMx3,wfjsp13_10.txt,5,924.0,1351.59,916.0,0.8734
FaFMx3,wfjsp13_2.txt,1,965.0,1057.3,962.0,0.3119
FaFMx3,wfjsp13_2.txt,2,968.0,495.761,962.0,0.6237
FaFMx3,wfjsp13_2.txt,3,956.0,1623.26,962.0,-0.6237
FaFMx3,wfjsp13_2.txt,4,969.0,879.55,962.0,0.7277
FaFMx3,wfjsp13_2.txt,5,971.0,907.958,962.0,0.9356
FaFMx3,wfjsp13_3.txt,1,885.0,1177.32,883.0,0.2265
FaFMx3,wfjsp13_3.txt,2,888.0,1332.02,883.0,0.5663
FaFMx3,wfjsp13_3.txt,3,888.0,389.234,883.0,0.5663
FaFMx3,wfjsp13_3.txt,4,883.0,727.388,883.0,0.0
FaFMx3,wfjsp13_3.txt,5,892.0,962.79,883.0,1.0193
FaFMx3,wfjsp13_4.txt,1,892.0,875.253,908.0,-1.7621
FaFMx3,wfjsp13_4.txt,2,893.0,1219.89,908.0,-1.652
FaFMx3,wfjsp13_4.txt,3,894.0,1672.36,908.0,-1.5419
FaFMx3,wfjsp13_4.txt,4,894.0,1221.92,908.0,-1.5419
FaFMx3,wfjsp13_4.txt,5,901.0,620.153,908.0,-0.7709
FaFMx3,wfjsp13_5.txt,1,815.0,583.152,809.0,0.7417
FaFMx3,wfjsp13_5.txt,2,814.0,672.961,809.0,0.618
FaFMx3,wfjsp13_5.txt,3,808.0,1261.38,809.0,-0.1236
FaFMx3,wfjsp13_5.txt,4,825.0,686.295,809.0,1.9778
FaFMx3,wfjsp13_5.txt,5,807.0,1244.67,809.0,-0.2472
FaFMx3,wfjsp13_6.txt,1,991.0,513.206,988.0,0.3036
FaFMx3,wfjsp13_6.txt,2,998.0,627.193,988.0,1.0121
FaFMx3,wfjsp13_6.txt,3,987.0,861.6,988.0,-0.1012
FaFMx3,wfjsp13_6.txt,4,986.0,974.932,988.0,-0.2024
FaFMx3,wfjsp13_6.txt,5,1001.0,585.544,988.0,1.3158
FaFMx3,wfjsp13_7.txt,1,856.0,1151.72,875.0,-2.1714
FaFMx3,wfjsp13_7.txt,2,867.0,605.017,875.0,-0.9143
FaFMx3,wfjsp13_7.txt,3,853.0,1219.44,875.0,-2.5143
FaFMx3,wfjsp13_7.txt,4,865.0,567.646,875.0,-1.1429
FaFMx3,wfjsp13_7.txt,5,866.0,857.265,875.0,-1.0286
FaFMx3,wfjsp13_8.txt,1,887.0,1587.49,899.0,-1.3348
FaFMx3,wfjsp13_8.txt,2,883.0,727.226,899.0,-1.7798
FaFMx3,wfjsp13_8.txt,3,898.0,712.103,899.0,-0.1112
FaFMx3,wfjsp13_8.txt,4,889.0,733.048,899.0,-1.1123
FaFMx3,wfjsp13_8.txt,5,892.0,649.291,899.0,-0.7786
FaFMx3,wfjsp13_9.txt,1,948.0,1554.5,967.0,-1.9648
FaFMx3,wfjsp13_9.txt,2,955.0,1105.8,967.0,-1.241
FaFMx3,wfjsp13_9.txt,3,965.0,709.903,967.0,-0.2068
FaFMx3,wfjsp13_9.txt,4,955.0,1345.48,967.0,-1.241
FaFMx3,wfjsp13_9.txt,5,956.0,850.644,967.0,-1.1375
FaFMx3,wfjsp14_1.txt,1,734.0,1428.32,745.0,-1.4765
FaFMx3,wfjsp14_1.txt,2,738.0,1192.57,745.0,-0.9396
FaFMx3,wfjsp14_1.txt,3,731.0,1306.78,745.0,-1.8792
FaFMx3,wfjsp14_1.txt,4,733.0,681.326,745.0,-1.6107
FaFMx3,wfjsp14_1.txt,5,733.0,566.251,745.0,-1.6107
FaFMx3,wfjsp14_10.txt,1,882.0,1308.32,878.0,0.4556
FaFMx3,wfjsp14_10.txt,2,883.0,1197.84,878.0,0.5695
FaFMx3,wfjsp14_10.txt,3,882.0,1059.28,878.0,0.4556
FaFMx3,wfjsp14_10.txt,4,882.0,798.176,878.0,0.4556
FaFMx3,wfjsp14_10.txt,5,887.0,784.136,878.0,1.0251
FaFMx3,wfjsp14_2.txt,1,785.0,725.782,793.0,-1.0088
FaFMx3,wfjsp14_2.txt,2,786.0,751.632,793.0,-0.8827
FaFMx3,wfjsp14_2.txt,3,784.0,1503.18,793.0,-1.1349
FaFMx3,wfjsp14_2.txt,4,783.0,918.885,793.0,-1.261
FaFMx3,wfjsp14_2.txt,5,789.0,878.67,793.0,-0.5044
FaFMx3,wfjsp14_3.txt,1,835.0,643.48,848.0,-1.533
FaFMx3,wfjsp14_3.txt,2,839.0,1149.58,848.0,-1.0613
FaFMx3,wfjsp14_3.txt,3,848.0,504.445,848.0,0.0
FaFMx3,wfjsp14_3.txt,4,847.0,737.487,848.0,-0.1179
FaFMx3,wfjsp14_3.txt,5,843.0,1421.52,848.0,-0.5896
FaFMx3,wfjsp14_4.txt,1,804.0,743.265,806.0,-0.2481
FaFMx3,wfjsp14_4.txt,2,807.0,801.496,806.0,0.1241
FaFMx3,wfjsp14_4.txt,3,803.0,970.09,806.0,-0.3722
FaFMx3,wfjsp14_4.txt,4,804.0,775.352,806.0,-0.2481
FaFMx3,wfjsp14_4.txt,5,805.0,561.36,806.0,-0.1241
FaFMx3,wfjsp14_5.txt,1,706.0,505.579,715.0,-1.2587
FaFMx3,wfjsp14_5.txt,2,719.0,506.466,715.0,0.5594
FaFMx3,wfjsp14_5.txt,3,707.0,1399.65,715.0,-1.1189
FaFMx3,wfjsp14_5.txt,4,707.0,930.071,715.0,-1.1189
FaFMx3,wfjsp14_5.txt,5,719.0,545.284,715.0,0.5594
FaFMx3,wfjsp14_6.txt,1,907.0,829.436,913.0,-0.6572
FaFMx3,wfjsp14_6.txt,2,912.0,546.504,913.0,-0.1095
FaFMx3,wfjsp14_6.txt,3,913.0,838.508,913.0,0.0
FaFMx3,wfjsp14_6.txt,4,915.0,552.037,913.0,0.2191
FaFMx3,wfjsp14_6.txt,5,920.0,568.798,913.0,0.7667
FaFMx3,wfjsp14_7.txt,1,819.0,1097.06,826.0,-0.8475
FaFMx3,wfjsp14_7.txt,2,824.0,516.418,826.0,-0.2421
FaFMx3,wfjsp14_7.txt,3,821.0,490.272,826.0,-0.6053
FaFMx3,wfjsp14_7.txt,4,825.0,849.247,826.0,-0.1211
FaFMx3,wfjsp14_7.txt,5,827.0,510.714,826.0,0.1211
FaFMx3,wfjsp14_8.txt,1,779.0,598.547,782.0,-0.3836
FaFMx3,wfjsp14_8.txt,2,786.0,822.857,782.0,0.5115
FaFMx3,wfjsp14_8.txt,3,784.0,543.699,782.0,0.2558
FaFMx3,wfjsp14_8.txt,4,784.0,840.701,782.0,0.2558
FaFMx3,wfjsp14_8.txt,5,786.0,562.206,782.0,0.5115
FaFMx3,wfjsp14_9.txt,1,787.0,739.018,793.0,-0.7566
FaFMx3,wfjsp14_9.txt,2,781.0,1119.38,793.0,-1.5132
FaFMx3,wfjsp14_9.txt,3,775.0,1238.56,793.0,-2.2699
FaFMx3,wfjsp14_9.txt,4,781.0,529.133,793.0,-1.5132
FaFMx3,wfjsp14_9.txt,5,782.0,670.415,793.0,-1.3871
FaFMx3,wfjsp15_1.txt,1,1254.0,1399.61,1259.0,-0.3971
FaFMx3,wfjsp15_1.txt,2,1267.0,1464.95,1259.0,0.6354
FaFMx3,wfjsp15_1.txt,3,1269.0,945.338,1259.0,0.7943
FaFMx3,wfjsp15_1.txt,4,1269.0,1046.51,1259.0,0.7943
FaFMx3,wfjsp15_1.txt,5,1270.0,1283.43,1259.0,0.8737
FaFMx3,wfjsp15_10.txt,1,1442.0,1437.76,1415.0,1.9081
FaFMx3,wfjsp15_10.txt,2,1426.0,2265.94,1415.0,0.7774
FaFMx3,wfjsp15_10.txt,3,1423.0,2660.34,1415.0,0.5654
FaFMx3,wfjsp15_10.txt,4,1428.0,1218.76,1415.0,0.9187
FaFMx3,wfjsp15_10.txt,5,1428.0,1348.01,1415.0,0.9187
FaFMx3,wfjsp15_2.txt,1,1321.0,1268.26,1314.0,0.5327
FaFMx3,wfjsp15_2.txt,2,1323.0,1660.65,1314.0,0.6849
FaFMx3,wfjsp15_2.txt,3,1321.0,959.076,1314.0,0.5327
FaFMx3,wfjsp15_2.txt,4,1319.0,1719.07,1314.0,0.3805
FaFMx3,wfjsp15_2.txt,5,1321.0,1554.05,1314.0,0.5327
FaFMx3,wfjsp15_3.txt,1,1384.0,1601.78,1376.0,0.5814
FaFMx3,wfjsp15_3.txt,2,1365.0,4519.28,1376.0,-0.7994
FaFMx3,wfjsp15_3.txt,3,1378.0,2039.27,1376.0,0.1453
FaFMx3,wfjsp15_3.txt,4,1379.0,1762.74,1376.0,0.218
FaFMx3,wfjsp15_3.txt,5,1379.0,1125.71,1376.0,0.218
FaFMx3,wfjsp15_4.txt,1,1308.0,1000.78,1308.0,0.0
FaFMx3,wfjsp15_4.txt,2,1313.0,1171.89,1308.0,0.3823
FaFMx3,wfjsp15_4.txt,3,1303.0,795.363,1308.0,-0.3823
FaFMx3,wfjsp15_4.txt,4,1301.0,1139.45,1308.0,-0.5352
FaFMx3,wfjsp15_4.txt,5,1310.0,1264.49,1308.0,0.1529
FaFMx3,wfjsp15_5.txt,1,1210.0,1843.27,1198.0,1.0017
FaFMx3,wfjsp15_5.txt,2,1214.0,1640.18,1198.0,1.3356
FaFMx3,wfjsp15_5.txt,3,1203.0,2524.43,1198.0,0.4174
FaFMx3,wfjsp15_5.txt,4,1211.0,1231.8,1198.0,1.0851
FaFMx3,wfjsp15_5.txt,5,1205.0,1249.08,1198.0,0.5843
FaFMx3,wfjsp15_6.txt,1,1524.0,1344.89,1510.0,0.9272
FaFMx3,wfjsp15_6.txt,2,1523.0,3295.35,1510.0,0.8609
FaFMx3,wfjsp15_6.txt,3,1523.0,2913.64,1510.0,0.8609
FaFMx3,wfjsp15_6.txt,4,1529.0,1895.87,1510.0,1.2583
FaFMx3,wfjsp15_6.txt,5,1522.0,1707.41,1510.0,0.7947
FaFMx3,wfjsp15_7.txt,1,1341.0,2439.63,1328.0,0.9789
FaFMx3,wfjsp15_7.txt,2,1345.0,960.655,1328.0,1.2801
FaFMx3,wfjsp15_7.txt,3,1331.0,1778.12,1328.0,0.2259
FaFMx3,wfjsp15_7.txt,4,1332.0,1404.94,1328.0,0.3012
FaFMx3,wfjsp15_7.txt,5,1351.0,1269.36,1328.0,1.7319
FaFMx3,wfjsp15_8.txt,1,1327.0,869.152,1327.0,0.0
FaFMx3,wfjsp15_8.txt,2,1327.0,2164.96,1327.0,0.0
FaFMx3,wfjsp15_8.txt,3,1330.0,1034.6,1327.0,0.2261
FaFMx3,wfjsp15_8.txt,4,1345.0,1733.04,1327.0,1.3564
FaFMx3,wfjsp15_8.txt,5,1327.0,1827.86,1327.0,0.0
FaFMx3,wfjsp15_9.txt,1,1334.0,1188.39,1328.0,0.4518
FaFMx3,wfjsp15_9.txt,2,1324.0,2530.67,1328.0,-0.3012
FaFMx3,wfjsp15_9.txt,3,1333.0,1488.01,1328.0,0.3765
FaFMx3,wfjsp15_9.txt,4,1342.0,1287.78,1328.0,1.0542
FaFMx3,wfjsp15_9.txt,5,1335.0,847.903,1328.0,0.5271
FaFMx3,wfjsp16_1.txt,1,984.0,1576.18,995.0,-1.1055
FaFMx3,wfjsp16_1.txt,2,979.0,1359.98,995.0,-1.608
FaFMx3,wfjsp16_1.txt,3,983.0,1657.21,995.0,-1.206
FaFMx3,wfjsp16_1.txt,4,979.0,1630.21,995.0,-1.608
FaFMx3,wfjsp16_1.txt,5,989.0,772.196,995.0,-0.603
FaFMx3,wfjsp16_10.txt,1,1124.0,1972.64,1145.0,-1.8341
FaFMx3,wfjsp16_10.txt,2,1140.0,1250.53,1145.0,-0.4367
FaFMx3,wfjsp16_10.txt,3,1131.0,1364.44,1145.0,-1.2227
FaFMx3,wfjsp16_10.txt,4,1133.0,1290.48,1145.0,-1.048
FaFMx3,wfjsp16_10.txt,5,1132.0,1309.19,1145.0,-1.1354
FaFMx3,wfjsp16_2.txt,1,1013.0,835.254,1011.0,0.1978
FaFMx3,wfjsp16_2.txt,2,1002.0,1020.59,1011.0,-0.8902
FaFMx3,wfjsp16_2.txt,3,1006.0,672.598,1011.0,-0.4946
FaFMx3,wfjsp16_2.txt,4,1007.0,1143.9,1011.0,-0.3956
FaFMx3,wfjsp16_2.txt,5,997.0,1577.76,1011.0,-1.3848
FaFMx3,wfjsp16_3.txt,1,1087.0,1215.86,1097.0,-0.9116
FaFMx3,wfjsp16_3.txt,2,1074.0,1868.76,1097.0,-2.0966
FaFMx3,wfjsp16_3.txt,3,1081.0,1353.29,1097.0,-1.4585
FaFMx3,wfjsp16_3.txt,4,1083.0,1129.71,1097.0,-1.2762
FaFMx3,wfjsp16_3.txt,5,1084.0,1413.72,1097.0,-1.1851
FaFMx3,wfjsp16_4.txt,1,1060.0,1242.03,1074.0,-1.3035
FaFMx3,wfjsp16_4.txt,2,1069.0,831.867,1074.0,-0.4655
FaFMx3,wfjsp16_4.txt,3,1064.0,1683.01,1074.0,-0.9311
FaFMx3,wfjsp16_4.txt,4,1072.0,1183.18,1074.0,-0.1862
FaFMx3,wfjsp16_4.txt,5,1063.0,1648.36,1074.0,-1.0242
FaFMx3,wfjsp16_5.txt,1,904.0,1385.83,904.0,0.0
FaFMx3,wfjsp16_5.txt,2,907.0,1058.99,904.0,0.3319
FaFMx3,wfjsp16_5.txt,3,910.0,677.086,904.0,0.6637
FaFMx3,wfjsp16_5.txt,4,910.0,815.581,904.0,0.6637
FaFMx3,wfjsp16_5.txt,5,901.0,1407.28,904.0,-0.3319
FaFMx3,wfjsp16_6.txt,1,1227.0,602.892,1222.0,0.4092
FaFMx3,wfjsp16_6.txt,2,1215.0,1270.22,1222.0,-0.5728
FaFMx3,wfjsp16_6.txt,3,1217.0,1667.81,1222.0,-0.4092
FaFMx3,wfjsp16_6.txt,4,1214.0,1384.06,1222.0,-0.6547
FaFMx3,wfjsp16_6.txt,5,1221.0,1597.24,1222.0,-0.0818
FaFMx3,wfjsp16_7.txt,1,1083.0,1590.95,1094.0,-1.0055
FaFMx3,wfjsp16_7.txt,2,1086.0,1536.82,1094.0,-0.7313
FaFMx3,wfjsp16_7.txt,3,1082.0,1891.06,1094.0,-1.0969
FaFMx3,wfjsp16_7.txt,4,1077.0,1981.62,1094.0,-1.5539
FaFMx3,wfjsp16_7.txt,5,1081.0,1655.97,1094.0,-1.1883
FaFMx3,wfjsp16_8.txt,1,1037.0,1453.37,1049.0,-1.1439
FaFMx3,wfjsp16_8.txt,2,1040.0,822.614,1049.0,-0.858
FaFMx3,wfjsp16_8.txt,3,1028.0,1372.57,1049.0,-2.0019
FaFMx3,wfjsp16_8.txt,4,1038.0,685.373,1049.0,-1.0486
FaFMx3,wfjsp16_8.txt,5,1028.0,1997.84,1049.0,-2.0019
FaFMx3,wfjsp16_9.txt,1,1030.0,2321.49,1055.0,-2.3697
FaFMx3,wfjsp16_9.txt,2,1038.0,879.209,1055.0,-1.6114
FaFMx3,wfjsp16_9.txt,3,1037.0,663.453,1055.0,-1.7062
FaFMx3,wfjsp16_9.txt,4,1041.0,1097.38,1055.0,-1.327
FaFMx3,wfjsp16_9.txt,5,1040.0,1390.04,1055.0,-1.4218
FaFMx3,wfjsp17_1.txt,1,1625.0,365.077,1585.0,2.5237
FaFMx3,wfjsp17_1.txt,2,1610.0,385.032,1585.0,1.5773
FaFMx3,wfjsp17_1.txt,3,1622.0,431.547,1585.0,2.3344
FaFMx3,wfjsp17_1.txt,4,1617.0,239.627,1585.0,2.0189
FaFMx3,wfjsp17_1.txt,5,1641.0,490.431,1585.0,3.5331
FaFMx3,wfjsp17_10.txt,1,1762.0,208.03,1750.0,0.6857
FaFMx3,wfjsp17_10.txt,2,1778.0,203.758,1750.0,1.6
FaFMx3,wfjsp17_10.txt,3,1783.0,150.733,1750.0,1.8857
FaFMx3,wfjsp17_10.txt,4,1761.0,333.064,1750.0,0.6286
FaFMx3,wfjsp17_10.txt,5,1769.0,437.673,1750.0,1.0857
FaFMx3,wfjsp17_2.txt,1,1759.0,382.9,1731.0,1.6176
FaFMx3,wfjsp17_2.txt,2,1745.0,493.419,1731.0,0.8088
FaFMx3,wfjsp17_2.txt,3,1751.0,336.581,1731.0,1.1554
FaFMx3,wfjsp17_2.txt,4,1751.0,685.916,1731.0,1.1554
FaFMx3,wfjsp17_2.txt,5,1769.0,225.101,1731.0,2.1953
FaFMx3,wfjsp17_3.txt,1,1859.0,432.192,1836.0,1.2527
FaFMx3,wfjsp17_3.txt,2,1865.0,209.262,1836.0,1.5795
FaFMx3,wfjsp17_3.txt,3,1881.0,507.883,1836.0,2.451
FaFMx3,wfjsp17_3.txt,4,1845.0,408.833,1836.0,0.4902
FaFMx3,wfjsp17_3.txt,5,1866.0,397.548,1836.0,1.634
FaFMx3,wfjsp17_4.txt,1,1679.0,405.883,1670.0,0.5389
FaFMx3,wfjsp17_4.txt,2,1705.0,197.6,1670.0,2.0958
FaFMx3,wfjsp17_4.txt,3,1698.0,409.204,1670.0,1.6766
FaFMx3,wfjsp17_4.txt,4,1684.0,245.365,1670.0,0.8383
FaFMx3,wfjsp17_4.txt,5,1676.0,749.764,1670.0,0.3593
FaFMx3,wfjsp17_5.txt,1,1566.0,430.838,1558.0,0.5135
FaFMx3,wfjsp17_5.txt,2,1563.0,360.653,1558.0,0.3209
FaFMx3,wfjsp17_5.txt,3,1567.0,156.914,1558.0,0.5777
FaFMx3,wfjsp17_5.txt,4,1568.0,423.301,1558.0,0.6418
FaFMx3,wfjsp17_5.txt,5,1574.0,136.267,1558.0,1.027
FaFMx3,wfjsp17_6.txt,1,1710.0,430.964,1708.0,0.1171
FaFMx3,wfjsp17_6.txt,2,1721.0,218.509,1708.0,0.7611
FaFMx3,wfjsp17_6.txt,3,1717.0,472.72,1708.0,0.5269
FaFMx3,wfjsp17_6.txt,4,1732.0,247.745,1708.0,1.4052
FaFMx3,wfjsp17_6.txt,5,1723.0,188.754,1708.0,0.8782
FaFMx3,wfjsp17_7.txt,1,1635.0,169.912,1598.0,2.3154
FaFMx3,wfjsp17_7.txt,2,1623.0,382.423,1598.0,1.5645
FaFMx3,wfjsp17_7.txt,3,1626.0,622.074,1598.0,1.7522
FaFMx3,wfjsp17_7.txt,4,1627.0,680.506,1598.0,1.8148
FaFMx3,wfjsp17_7.txt,5,1613.0,284.041,1598.0,0.9387
FaFMx3,wfjsp17_8.txt,1,1735.0,279.687,1717.0,1.0483
FaFMx3,wfjsp17_8.txt,2,1738.0,321.255,1717.0,1.2231
FaFMx3,wfjsp17_8.txt,3,1749.0,201.189,1717.0,1.8637
FaFMx3,wfjsp17_8.txt,4,1738.0,157.916,1717.0,1.2231
FaFMx3,wfjsp17_8.txt,5,1740.0,247.006,1717.0,1.3395
FaFMx3,wfjsp17_9.txt,1,1642.0,164.38,1593.0,3.076
FaFMx3,wfjsp17_9.txt,2,1645.0,306.945,1593.0,3.2643
FaFMx3,wfjsp17_9.txt,3,1629.0,338.439,1593.0,2.2599
FaFMx3,wfjsp17_9.txt,4,1612.0,525.329,1593.0,1.1927
FaFMx3,wfjsp17_9.txt,5,1616.0,290.679,1593.0,1.4438
FaFMx3,wfjsp18_1.txt,1,957.0,198.143,929.0,3.014
FaFMx3,wfjsp18_1.txt,2,960.0,201.207,929.0,3.3369
FaFMx3,wfjsp18_1.txt,3,953.0,304.919,929.0,2.5834
FaFMx3,wfjsp18_1.txt,4,949.0,338.997,929.0,2.1529
FaFMx3,wfjsp18_1.txt,5,945.0,246.857,929.0,1.7223
FaFMx3,wfjsp18_10.txt,1,1027.0,236.581,1019.0,0.7851
FaFMx3,wfjsp18_10.txt,2,1041.0,301.035,1019.0,2.159
FaFMx3,wfjsp18_10.txt,3,1037.0,451.237,1019.0,1.7664
FaFMx3,wfjsp18_10.txt,4,1040.0,179.766,1019.0,2.0608
FaFMx3,wfjsp18_10.txt,5,1036.0,149.203,1019.0,1.6683
FaFMx3,wfjsp18_2.txt,1,1027.0,259.03,1010.0,1.6832
FaFMx3,wfjsp18_2.txt,2,1025.0,193.661,1010.0,1.4851
FaFMx3,wfjsp18_2.txt,3,1020.0,434.724,1010.0,0.9901
FaFMx3,wfjsp18_2.txt,4,1026.0,380.985,1010.0,1.5842
FaFMx3,wfjsp18_2.txt,5,1027.0,219.446,1010.0,1.6832
FaFMx3,wfjsp18_3.txt,1,1115.0,702.634,1120.0,-0.4464
FaFMx3,wfjsp18_3.txt,2,1130.0,412.217,1120.0,0.8929
FaFMx3,wfjsp18_3.txt,3,1120.0,530.411,1120.0,0.0
FaFMx3,wfjsp18_3.txt,4,1112.0,811.618,1120.0,-0.7143
FaFMx3,wfjsp18_3.txt,5,1126.0,418.054,1120.0,0.5357
FaFMx3,wfjsp18_4.txt,1,1067.0,304.425,1037.0,2.893
FaFMx3,wfjsp18_4.txt,2,1052.0,320.45,1037.0,1.4465
FaFMx3,wfjsp18_4.txt,3,1049.0,394.282,1037.0,1.1572
FaFMx3,wfjsp18_4.txt,4,1044.0,742.851,1037.0,0.675
FaFMx3,wfjsp18_4.txt,5,1049.0,414.691,1037.0,1.1572
FaFMx3,wfjsp18_5.txt,1,867.0,666.503,854.0,1.5222
FaFMx3,wfjsp18_5.txt,2,882.0,158.532,854.0,3.2787
FaFMx3,wfjsp18_5.txt,3,864.0,229.588,854.0,1.171
FaFMx3,wfjsp18_5.txt,4,877.0,226.215,854.0,2.6932
FaFMx3,wfjsp18_5.txt,5,883.0,186.484,854.0,3.3958
FaFMx3,wfjsp18_6.txt,1,1101.0,221.474,1084.0,1.5683
FaFMx3,wfjsp18_6.txt,2,1099.0,482.397,1084.0,1.3838
FaFMx3,wfjsp18_6.txt,3,1099.0,293.843,1084.0,1.3838
FaFMx3,wfjsp18_6.txt,4,1092.0,269.644,1084.0,0.738
FaFMx3,wfjsp18_6.txt,5,1113.0,320.365,1084.0,2.6753
FaFMx3,wfjsp18_7.txt,1,1024.0,303.587,1003.0,2.0937
FaFMx3,wfjsp18_7.txt,2,1008.0,340.081,1003.0,0.4985
FaFMx3,wfjsp18_7.txt,3,1011.0,405.792,1003.0,0.7976
FaFMx3,wfjsp18_7.txt,4,1023.0,200.045,1003.0,1.994
FaFMx3,wfjsp18_7.txt,5,1017.0,219.431,1003.0,1.3958
FaFMx3,wfjsp18_8.txt,1,993.0,665.008,990.0,0.303
FaFMx3,wfjsp18_8.txt,2,998.0,281.765,990.0,0.8081
FaFMx3,wfjsp18_8.txt,3,987.0,237.27,990.0,-0.303
FaFMx3,wfjsp18_8.txt,4,1001.0,533.812,990.0,1.1111
FaFMx3,wfjsp18_8.txt,5,998.0,393.231,990.0,0.8081
FaFMx3,wfjsp18_9.txt,1,960.0,548.001,944.0,1.6949
FaFMx3,wfjsp18_9.txt,2,953.0,307.027,944.0,0.9534
FaFMx3,wfjsp18_9.txt,3,955.0,352.546,944.0,1.1653
FaFMx3,wfjsp18_9.txt,4,964.0,283.838,944.0,2.1186
FaFMx3,wfjsp18_9.txt,5,958.0,256.927,944.0,1.4831
FaFMx3,wfjsp19_1.txt,1,1177.0,561.847,1196.0,-1.5886
FaFMx3,wfjsp19_1.txt,2,1180.0,544.075,1196.0,-1.3378
FaFMx3,wfjsp19_1.txt,3,1197.0,513.121,1196.0,0.0836
FaFMx3,wfjsp19_1.txt,4,1183.0,1365.7,1196.0,-1.087
FaFMx3,wfjsp19_1.txt,5,1189.0,513.46,1196.0,-0.5853
FaFMx3,wfjsp19_10.txt,1,1363.0,275.528,1351.0,0.8882
FaFMx3,wfjsp19_10.txt,2,1369.0,344.373,1351.0,1.3323
FaFMx3,wfjsp19_10.txt,3,1354.0,507.28,1351.0,0.2221
FaFMx3,wfjsp19_10.txt,4,1354.0,565.148,1351.0,0.2221
FaFMx3,wfjsp19_10.txt,5,1344.0,491.048,1351.0,-0.5181
FaFMx3,wfjsp19_2.txt,1,1464.0,654.188,1471.0,-0.4759
FaFMx3,wfjsp19_2.txt,2,1454.0,1091.7,1471.0,-1.1557
FaFMx3,wfjsp19_2.txt,3,1470.0,768.799,1471.0,-0.068
FaFMx3,wfjsp19_2.txt,4,1463.0,781.852,1471.0,-0.5438
FaFMx3,wfjsp19_2.txt,5,1463.0,759.066,1471.0,-0.5438
FaFMx3,wfjsp19_3.txt,1,1403.0,892.299,1406.0,-0.2134
FaFMx3,wfjsp19_3.txt,2,1424.0,966.429,1406.0,1.2802
FaFMx3,wfjsp19_3.txt,3,1419.0,559.152,1406.0,0.9246
FaFMx3,wfjsp19_3.txt,4,1411.0,914.292,1406.0,0.3556
FaFMx3,wfjsp19_3.txt,5,1421.0,307.846,1406.0,1.0669
FaFMx3,wfjsp19_4.txt,1,1388.0,646.279,1398.0,-0.7153
FaFMx3,wfjsp19_4.txt,2,1390.0,928.25,1398.0,-0.5722
FaFMx3,wfjsp19_4.txt,3,1384.0,908.02,1398.0,-1.0014
FaFMx3,wfjsp19_4.txt,4,1397.0,407.997,1398.0,-0.0715
FaFMx3,wfjsp19_4.txt,5,1386.0,745.904,1398.0,-0.8584
FaFMx3,wfjsp19_5.txt,1,1439.0,1405.98,1444.0,-0.3463
FaFMx3,wfjsp19_5.txt,2,1448.0,800.453,1444.0,0.277
FaFMx3,wfjsp19_5.txt,3,1442.0,869.48,1444.0,-0.1385
FaFMx3,wfjsp19_5.txt,4,1441.0,402.886,1444.0,-0.2078
FaFMx3,wfjsp19_5.txt,5,1459.0,500.495,1444.0,1.0388
FaFMx3,wfjsp19_6.txt,1,1164.0,500.535,1158.0,0.5181
FaFMx3,wfjsp19_6.txt,2,1154.0,472.439,1158.0,-0.3454
FaFMx3,wfjsp19_6.txt,3,1160.0,415.603,1158.0,0.1727
FaFMx3,wfjsp19_6.txt,4,1169.0,363.057,1158.0,0.9499
FaFMx3,wfjsp19_6.txt,5,1158.0,380.917,1158.0,0.0
FaFMx3,wfjsp19_7.txt,1,1244.0,900.928,1236.0,0.6472
FaFMx3,wfjsp19_7.txt,2,1237.0,484.788,1236.0,0.0809
FaFMx3,wfjsp19_7.txt,3,1232.0,511.261,1236.0,-0.3236
FaFMx3,wfjsp19_7.txt,4,1231.0,950.197,1236.0,-0.4045
FaFMx3,wfjsp19_7.txt,5,1249.0,468.88,1236.0,1.0518
FaFMx3,wfjsp19_8.txt,1,1258.0,720.691,1250.0,0.64
FaFMx3,wfjsp19_8.txt,2,1256.0,425.496,1250.0,0.48
FaFMx3,wfjsp19_8.txt,3,1256.0,418.18,1250.0,0.48
FaFMx3,wfjsp19_8.txt,4,1253.0,529.126,1250.0,0.24
FaFMx3,wfjsp19_8.txt,5,1261.0,281.465,1250.0,0.88
FaFMx3,wfjsp19_9.txt,1,1393.0,381.892,1388.0,0.3602
FaFMx3,wfjsp19_9.txt,2,1394.0,321.738,1388.0,0.4323
FaFMx3,wfjsp19_9.txt,3,1393.0,380.357,1388.0,0.3602
FaFMx3,wfjsp19_9.txt,4,1384.0,841.727,1388.0,-0.2882
FaFMx3,wfjsp19_9.txt,5,1383.0,735.109,1388.0,-0.3602
FaFMx3,wfjsp1_1.txt,1,268.0,5.39716,268.0,0.0
FaFMx3,wfjsp1_1.txt,2,268.0,5.40013,268.0,0.0
FaFMx3,wfjsp1_1.txt,3,268.0,3.22609,268.0,0.0
FaFMx3,wfjsp1_1.txt,4,268.0,4.07089,268.0,0.0
FaFMx3,wfjsp1_1.txt,5,268.0,5.35094,268.0,0.0
FaFMx3,wfjsp1_10.txt,1,316.0,2.17761,316.0,0.0
FaFMx3,wfjsp1_10.txt,2,316.0,2.23748,316.0,0.0
FaFMx3,wfjsp1_10.txt,3,316.0,2.63977,316.0,0.0
FaFMx3,wfjsp1_10.txt,4,316.0,1.97281,316.0,0.0
FaFMx3,wfjsp1_10.txt,5,316.0,1.92484,316.0,0.0
FaFMx3,wfjsp1_2.txt,1,287.0,2.55133,287.0,0.0
FaFMx3,wfjsp1_2.txt,2,287.0,2.61294,287.0,0.0
FaFMx3,wfjsp1_2.txt,3,287.0,2.57068,287.0,0.0
FaFMx3,wfjsp1_2.txt,4,287.0,2.52811,287.0,0.0
FaFMx3,wfjsp1_2.txt,5,287.0,2.4827,287.0,0.0
FaFMx3,wfjsp1_3.txt,1,347.0,2.83674,347.0,0.0
FaFMx3,wfjsp1_3.txt,2,347.0,2.60288,347.0,0.0
FaFMx3,wfjsp1_3.txt,3,347.0,2.4879,347.0,0.0
FaFMx3,wfjsp1_3.txt,4,347.0,2.82323,347.0,0.0
FaFMx3,wfjsp1_3.txt,5,347.0,2.95962,347.0,0.0
FaFMx3,wfjsp1_4.txt,1,315.0,5.57486,315.0,0.0
FaFMx3,wfjsp1_4.txt,2,315.0,6.47093,315.0,0.0
FaFMx3,wfjsp1_4.txt,3,315.0,3.46914,315.0,0.0
FaFMx3,wfjsp1_4.txt,4,315.0,3.4218,315.0,0.0
FaFMx3,wfjsp1_4.txt,5,315.0,3.38587,315.0,0.0
FaFMx3,wfjsp1_5.txt,1,265.0,1.69315,265.0,0.0
FaFMx3,wfjsp1_5.txt,2,265.0,1.80717,265.0,0.0
FaFMx3,wfjsp1_5.txt,3,265.0,2.01475,265.0,0.0
FaFMx3,wfjsp1_5.txt,4,265.0,1.90833,265.0,0.0
FaFMx3,wfjsp1_5.txt,5,265.0,1.70396,265.0,0.0
FaFMx3,wfjsp1_6.txt,1,291.0,2.16112,291.0,0.0
FaFMx3,wfjsp1_6.txt,2,291.0,1.9567,291.0,0.0
FaFMx3,wfjsp1_6.txt,3,291.0,2.13936,291.0,0.0
FaFMx3,wfjsp1_6.txt,4,291.0,2.0089,291.0,0.0
FaFMx3,wfjsp1_6.txt,5,291.0,2.03933,291.0,0.0
FaFMx3,wfjsp1_7.txt,1,265.0,3.67015,265.0,0.0
FaFMx3,wfjsp1_7.txt,2,265.0,3.61037,265.0,0.0
FaFMx3,wfjsp1_7.txt,3,265.0,6.93863,265.0,0.0
FaFMx3,wfjsp1_7.txt,4,268.0,6.84332,265.0,1.1321
FaFMx3,wfjsp1_7.txt,5,265.0,3.70711,265.0,0.0
FaFMx3,wfjsp1_8.txt,1,328.0,2.63181,328.0,0.0
FaFMx3,wfjsp1_8.txt,2,328.0,2.58511,328.0,0.0
FaFMx3,wfjsp1_8.txt,3,328.0,2.34453,328.0,0.0
FaFMx3,wfjsp1_8.txt,4,328.0,2.22325,328.0,0.0
FaFMx3,wfjsp1_8.txt,5,328.0,2.63192,328.0,0.0
FaFMx3,wfjsp1_9.txt,1,252.0,3.21715,252.0,0.0
FaFMx3,wfjsp1_9.txt,2,252.0,3.89172,252.0,0.0
FaFMx3,wfjsp1_9.txt,3,252.0,1.90779,252.0,0.0
FaFMx3,wfjsp1_9.txt,4,252.0,1.78199,252.0,0.0
FaFMx3,wfjsp1_9.txt,5,252.0,2.55656,252.0,0.0
FaFMx3,wfjsp20_1.txt,1,1089.0,959.319,1105.0,-1.448
FaFMx3,wfjsp20_1.txt,2,1094.0,614.726,1105.0,-0.9955
FaFMx3,wfjsp20_1.txt,3,1097.0,423.602,1105.0,-0.724
FaFMx3,wfjsp20_1.txt,4,1094.0,444.868,1105.0,-0.9955
FaFMx3,wfjsp20_1.txt,5,1089.0,852.864,1105.0,-1.448
FaFMx3,wfjsp20_10.txt,1,1359.0,584.832,1362.0,-0.2203
FaFMx3,wfjsp20_10.txt,2,1359.0,603.239,1362.0,-0.2203
FaFMx3,wfjsp20_10.txt,3,1359.0,556.334,1362.0,-0.2203
FaFMx3,wfjsp20_10.txt,4,1358.0,471.14,1362.0,-0.2937
FaFMx3,wfjsp20_10.txt,5,1359.0,509.22,1362.0,-0.2203
FaFMx3,wfjsp20_2.txt,1,1232.0,640.035,1221.0,0.9009
FaFMx3,wfjsp20_2.txt,2,1237.0,312.864,1221.0,1.3104
FaFMx3,wfjsp20_2.txt,3,1231.0,430.646,1221.0,0.819
FaFMx3,wfjsp20_2.txt,4,1231.0,507.818,1221.0,0.819
FaFMx3,wfjsp20_2.txt,5,1234.0,628.767,1221.0,1.0647
FaFMx3,wfjsp20_3.txt,1,1336.0,453.558,1328.0,0.6024
FaFMx3,wfjsp20_3.txt,2,1332.0,407.384,1328.0,0.3012
FaFMx3,wfjsp20_3.txt,3,1338.0,449.727,1328.0,0.753
FaFMx3,wfjsp20_3.txt,4,1319.0,649.528,1328.0,-0.6777
FaFMx3,wfjsp20_3.txt,5,1327.0,586.197,1328.0,-0.0753
FaFMx3,wfjsp20_4.txt,1,1259.0,328.273,1259.0,0.0
FaFMx3,wfjsp20_4.txt,2,1255.0,594.413,1259.0,-0.3177
FaFMx3,wfjsp20_4.txt,3,1253.0,607.394,1259.0,-0.4766
FaFMx3,wfjsp20_4.txt,4,1258.0,616.383,1259.0,-0.0794
FaFMx3,wfjsp20_4.txt,5,1255.0,417.019,1259.0,-0.3177
FaFMx3,wfjsp20_5.txt,1,1056.0,446.633,1058.0,-0.189
FaFMx3,wfjsp20_5.txt,2,1060.0,458.569,1058.0,0.189
FaFMx3,wfjsp20_5.txt,3,1067.0,223.816,1058.0,0.8507
FaFMx3,wfjsp20_5.txt,4,1058.0,533.953,1058.0,0.0
FaFMx3,wfjsp20_5.txt,5,1051.0,802.51,1058.0,-0.6616
FaFMx3,wfjsp20_6.txt,1,1392.0,617.586,1381.0,0.7965
FaFMx3,wfjsp20_6.txt,2,1392.0,494.542,1381.0,0.7965
FaFMx3,wfjsp20_6.txt,3,1394.0,350.375,1381.0,0.9413
FaFMx3,wfjsp20_6.txt,4,1396.0,283.864,1381.0,1.0862
FaFMx3,wfjsp20_6.txt,5,1392.0,360.356,1381.0,0.7965
FaFMx3,wfjsp20_7.txt,1,1233.0,324.398,1224.0,0.7353
FaFMx3,wfjsp20_7.txt,2,1221.0,1116.24,1224.0,-0.2451
FaFMx3,wfjsp20_7.txt,3,1224.0,453.768,1224.0,0.0
FaFMx3,wfjsp20_7.txt,4,1229.0,509.857,1224.0,0.4085
FaFMx3,wfjsp20_7.txt,5,1227.0,556.559,1224.0,0.2451
FaFMx3,wfjsp20_8.txt,1,1188.0,834.121,1183.0,0.4227
FaFMx3,wfjsp20_8.txt,2,1183.0,1372.17,1183.0,0.0
FaFMx3,wfjsp20_8.txt,3,1201.0,247.117,1183.0,1.5216
FaFMx3,wfjsp20_8.txt,4,1188.0,810.028,1183.0,0.4227
FaFMx3,wfjsp20_8.txt,5,1191.0,935.024,1183.0,0.6762
FaFMx3,wfjsp20_9.txt,1,1193.0,442.19,1200.0,-0.5833
FaFMx3,wfjsp20_9.txt,2,1190.0,510.453,1200.0,-0.8333
FaFMx3,wfjsp20_9.txt,3,1202.0,406.153,1200.0,0.1667
FaFMx3,wfjsp20_9.txt,4,1190.0,549.333,1200.0,-0.8333
FaFMx3,wfjsp20_9.txt,5,1194.0,708.851,1200.0,-0.5
FaFMx3,wfjsp21_1.txt,1,1029.0,690.971,1049.0,-1.9066
FaFMx3,wfjsp21_1.txt,2,1036.0,957.709,1049.0,-1.2393
FaFMx3,wfjsp21_1.txt,3,1042.0,646.485,1049.0,-0.6673
FaFMx3,wfjsp21_1.txt,4,1036.0,1385.83,1049.0,-1.2393
FaFMx3,wfjsp21_1.txt,5,1036.0,902.054,1049.0,-1.2393
FaFMx3,wfjsp21_10.txt,1,1117.0,896.345,1120.0,-0.2679
FaFMx3,wfjsp21_10.txt,2,1116.0,738.351,1120.0,-0.3571
FaFMx3,wfjsp21_10.txt,3,1114.0,717.252,1120.0,-0.5357
FaFMx3,wfjsp21_10.txt,4,1116.0,985.852,1120.0,-0.3571
FaFMx3,wfjsp21_10.txt,5,1114.0,569.822,1120.0,-0.5357
FaFMx3,wfjsp21_2.txt,1,1167.0,380.697,1171.0,-0.3416
FaFMx3,wfjsp21_2.txt,2,1166.0,849.039,1171.0,-0.427
FaFMx3,wfjsp21_2.txt,3,1169.0,678.832,1171.0,-0.1708
FaFMx3,wfjsp21_2.txt,4,1161.0,1115.41,1171.0,-0.854
FaFMx3,wfjsp21_2.txt,5,1162.0,470.098,1171.0,-0.7686
FaFMx3,wfjsp21_3.txt,1,1048.0,761.298,1046.0,0.1912
FaFMx3,wfjsp21_3.txt,2,1052.0,698.547,1046.0,0.5736
FaFMx3,wfjsp21_3.txt,3,1060.0,622.296,1046.0,1.3384
FaFMx3,wfjsp21_3.txt,4,1053.0,943.826,1046.0,0.6692
FaFMx3,wfjsp21_3.txt,5,1051.0,863.804,1046.0,0.478
FaFMx3,wfjsp21_4.txt,1,1080.0,882.456,1095.0,-1.3699
FaFMx3,wfjsp21_4.txt,2,1075.0,822.504,1095.0,-1.8265
FaFMx3,wfjsp21_4.txt,3,1080.0,932.407,1095.0,-1.3699
FaFMx3,wfjsp21_4.txt,4,1079.0,741.499,1095.0,-1.4612
FaFMx3,wfjsp21_4.txt,5,1072.0,1044.95,1095.0,-2.1005
FaFMx3,wfjsp21_5.txt,1,979.0,1189.76,984.0,-0.5081
FaFMx3,wfjsp21_5.txt,2,975.0,1338.54,984.0,-0.9146
FaFMx3,wfjsp21_5.txt,3,975.0,926.152,984.0,-0.9146
FaFMx3,wfjsp21_5.txt,4,976.0,458.358,984.0,-0.813
FaFMx3,wfjsp21_5.txt,5,980.0,691.828,984.0,-0.4065
FaFMx3,wfjsp21_6.txt,1,1200.0,590.836,1204.0,-0.3322
FaFMx3,wfjsp21_6.txt,2,1196.0,830.57,1204.0,-0.6645
FaFMx3,wfjsp21_6.txt,3,1195.0,1093.68,1204.0,-0.7475
FaFMx3,wfjsp21_6.txt,4,1199.0,524.852,1204.0,-0.4153
FaFMx3,wfjsp21_6.txt,5,1197.0,834.428,1204.0,-0.5814
FaFMx3,wfjsp21_7.txt,1,1025.0,834.111,1015.0,0.9852
FaFMx3,wfjsp21_7.txt,2,1028.0,488.662,1015.0,1.2808
FaFMx3,wfjsp21_7.txt,3,1023.0,746.95,1015.0,0.7882
FaFMx3,wfjsp21_7.txt,4,1022.0,818.207,1015.0,0.6897
FaFMx3,wfjsp21_7.txt,5,1033.0,821.232,1015.0,1.7734
FaFMx3,wfjsp21_8.txt,1,1070.0,863.11,1088.0,-1.6544
FaFMx3,wfjsp21_8.txt,2,1064.0,741.788,1088.0,-2.2059
FaFMx3,wfjsp21_8.txt,3,1066.0,805.606,1088.0,-2.0221
FaFMx3,wfjsp21_8.txt,4,1067.0,783.805,1088.0,-1.9301
FaFMx3,wfjsp21_8.txt,5,1067.0,477.994,1088.0,-1.9301
FaFMx3,wfjsp21_9.txt,1,1141.0,746.281,1129.0,1.0629
FaFMx3,wfjsp21_9.txt,2,1138.0,929.385,1129.0,0.7972
FaFMx3,wfjsp21_9.txt,3,1143.0,1564.58,1129.0,1.24
FaFMx3,wfjsp21_9.txt,4,1145.0,562.187,1129.0,1.4172
FaFMx3,wfjsp21_9.txt,5,1143.0,716.165,1129.0,1.24
FaFMx3,wfjsp22_1.txt,1,894.0,477.653,903.0,-0.9967
FaFMx3,wfjsp22_1.txt,2,895.0,531.224,903.0,-0.8859
FaFMx3,wfjsp22_1.txt,3,887.0,604.559,903.0,-1.7719
FaFMx3,wfjsp22_1.txt,4,889.0,1167.67,903.0,-1.5504
FaFMx3,wfjsp22_1.txt,5,889.0,527.09,903.0,-1.5504
FaFMx3,wfjsp22_10.txt,1,1065.0,722.286,1084.0,-1.7528
FaFMx3,wfjsp22_10.txt,2,1072.0,409.621,1084.0,-1.107
FaFMx3,wfjsp22_10.txt,3,1072.0,401.243,1084.0,-1.107
FaFMx3,wfjsp22_10.txt,4,1068.0,861.549,1084.0,-1.476
FaFMx3,wfjsp22_10.txt,5,1071.0,468.475,1084.0,-1.1993
FaFMx3,wfjsp22_2.txt,1,957.0,812.951,957.0,0.0
FaFMx3,wfjsp22_2.txt,2,957.0,1364.95,957.0,0.0
FaFMx3,wfjsp22_2.txt,3,960.0,1075.08,957.0,0.3135
FaFMx3,wfjsp22_2.txt,4,960.0,1570.27,957.0,0.3135
FaFMx3,wfjsp22_2.txt,5,958.0,918.7,957.0,0.1045
FaFMx3,wfjsp22_3.txt,1,1014.0,764.246,1024.0,-0.9766
FaFMx3,wfjsp22_3.txt,2,1019.0,662.22,1024.0,-0.4883
FaFMx3,wfjsp22_3.txt,3,1016.0,831.971,1024.0,-0.7812
FaFMx3,wfjsp22_3.txt,4,1018.0,653.25,1024.0,-0.5859
FaFMx3,wfjsp22_3.txt,5,1022.0,687.364,1024.0,-0.1953
FaFMx3,wfjsp22_4.txt,1,979.0,910.71,989.0,-1.0111
FaFMx3,wfjsp22_4.txt,2,977.0,699.405,989.0,-1.2133
FaFMx3,wfjsp22_4.txt,3,975.0,771.11,989.0,-1.4156
FaFMx3,wfjsp22_4.txt,4,978.0,798.543,989.0,-1.1122
FaFMx3,wfjsp22_4.txt,5,978.0,761.801,989.0,-1.1122
FaFMx3,wfjsp22_5.txt,1,856.0,582.411,874.0,-2.0595
FaFMx3,wfjsp22_5.txt,2,860.0,339.43,874.0,-1.6018
FaFMx3,wfjsp22_5.txt,3,857.0,554.475,874.0,-1.9451
FaFMx3,wfjsp22_5.txt,4,855.0,779.62,874.0,-2.1739
FaFMx3,wfjsp22_5.txt,5,864.0,375.718,874.0,-1.1442
FaFMx3,wfjsp22_6.txt,1,1111.0,423.484,1114.0,-0.2693
FaFMx3,wfjsp22_6.txt,2,1112.0,507.751,1114.0,-0.1795
FaFMx3,wfjsp22_6.txt,3,1109.0,942.817,1114.0,-0.4488
FaFMx3,wfjsp22_6.txt,4,1113.0,570.51,1114.0,-0.0898
FaFMx3,wfjsp22_6.txt,5,1105.0,757.656,1114.0,-0.8079
FaFMx3,wfjsp22_7.txt,1,992.0,661.946,994.0,-0.2012
FaFMx3,wfjsp22_7.txt,2,991.0,698.256,994.0,-0.3018
FaFMx3,wfjsp22_7.txt,3,992.0,773.958,994.0,-0.2012
FaFMx3,wfjsp22_7.txt,4,991.0,799.011,994.0,-0.3018
FaFMx3,wfjsp22_7.txt,5,992.0,464.006,994.0,-0.2012
FaFMx3,wfjsp22_8.txt,1,946.0,638.289,946.0,0.0
FaFMx3,wfjsp22_8.txt,2,945.0,1002.28,946.0,-0.1057
FaFMx3,wfjsp22_8.txt,3,948.0,718.268,946.0,0.2114
FaFMx3,wfjsp22_8.txt,4,946.0,449.65,946.0,0.0
FaFMx3,wfjsp22_8.txt,5,951.0,452.415,946.0,0.5285
FaFMx3,wfjsp22_9.txt,1,945.0,671.991,944.0,0.1059
FaFMx3,wfjsp22_9.txt,2,947.0,435.432,944.0,0.3178
FaFMx3,wfjsp22_9.txt,3,952.0,482.746,944.0,0.8475
FaFMx3,wfjsp22_9.txt,4,946.0,522.011,944.0,0.2119
FaFMx3,wfjsp22_9.txt,5,941.0,563.348,944.0,-0.3178
FaFMx3,wfjsp23_1.txt,1,1523.0,909.182,1519.0,0.2633
FaFMx3,wfjsp23_1.txt,2,1520.0,1300.49,1519.0,0.0658
FaFMx3,wfjsp23_1.txt,3,1529.0,622.087,1519.0,0.6583
FaFMx3,wfjsp23_1.txt,4,1523.0,1488.43,1519.0,0.2633
FaFMx3,wfjsp23_1.txt,5,1520.0,2042.13,1519.0,0.0658
FaFMx3,wfjsp23_10.txt,1,1716.0,1569.94,1727.0,-0.6369
FaFMx3,wfjsp23_10.txt,2,1729.0,636.984,1727.0,0.1158
FaFMx3,wfjsp23_10.txt,3,1725.0,955.899,1727.0,-0.1158
FaFMx3,wfjsp23_10.txt,4,1730.0,1309.78,1727.0,0.1737
FaFMx3,wfjsp23_10.txt,5,1731.0,2398.94,1727.0,0.2316
FaFMx3,wfjsp23_2.txt,1,1592.0,1368.82,1595.0,-0.1881
FaFMx3,wfjsp23_2.txt,2,1594.0,2361.28,1595.0,-0.0627
FaFMx3,wfjsp23_2.txt,3,1599.0,854.059,1595.0,0.2508
FaFMx3,wfjsp23_2.txt,4,1593.0,1243.8,1595.0,-0.1254
FaFMx3,wfjsp23_2.txt,5,1601.0,850.11,1595.0,0.3762
FaFMx3,wfjsp23_3.txt,1,1657.0,1119.86,1657.0,0.0
FaFMx3,wfjsp23_3.txt,2,1671.0,708.64,1657.0,0.8449
FaFMx3,wfjsp23_3.txt,3,1657.0,2052.21,1657.0,0.0
FaFMx3,wfjsp23_3.txt,4,1658.0,918.114,1657.0,0.0604
FaFMx3,wfjsp23_3.txt,5,1665.0,1047.93,1657.0,0.4828
FaFMx3,wfjsp23_4.txt,1,1577.0,839.371,1572.0,0.3181
FaFMx3,wfjsp23_4.txt,2,1579.0,981.7,1572.0,0.4453
FaFMx3,wfjsp23_4.txt,3,1576.0,2087.33,1572.0,0.2545
FaFMx3,wfjsp23_4.txt,4,1581.0,1622.51,1572.0,0.5725
FaFMx3,wfjsp23_4.txt,5,1582.0,1192.0,1572.0,0.6361
FaFMx3,wfjsp23_5.txt,1,1470.0,1029.52,1488.0,-1.2097
FaFMx3,wfjsp23_5.txt,2,1469.0,1593.42,1488.0,-1.2769
FaFMx3,wfjsp23_5.txt,3,1467.0,742.194,1488.0,-1.4113
FaFMx3,wfjsp23_5.txt,4,1472.0,1123.69,1488.0,-1.0753
FaFMx3,wfjsp23_5.txt,5,1476.0,588.321,1488.0,-0.8065
FaFMx3,wfjsp23_6.txt,1,1846.0,1985.53,1866.0,-1.0718
FaFMx3,wfjsp23_6.txt,2,1848.0,1131.42,1866.0,-0.9646
FaFMx3,wfjsp23_6.txt,3,1852.0,982.884,1866.0,-0.7503
FaFMx3,wfjsp23_6.txt,4,1849.0,636.154,1866.0,-0.911
FaFMx3,wfjsp23_6.txt,5,1853.0,894.471,1866.0,-0.6967
FaFMx3,wfjsp23_7.txt,1,1613.0,1587.94,1601.0,0.7495
FaFMx3,wfjsp23_7.txt,2,1611.0,3048.77,1601.0,0.6246
FaFMx3,wfjsp23_7.txt,3,1609.0,1660.48,1601.0,0.4997
FaFMx3,wfjsp23_7.txt,4,1604.0,1606.72,1601.0,0.1874
FaFMx3,wfjsp23_7.txt,5,1607.0,1510.32,1601.0,0.3748
FaFMx3,wfjsp23_8.txt,1,1600.0,937.696,1597.0,0.1879
FaFMx3,wfjsp23_8.txt,2,1602.0,2848.73,1597.0,0.3131
FaFMx3,wfjsp23_8.txt,3,1604.0,1987.67,1597.0,0.4383
FaFMx3,wfjsp23_8.txt,4,1598.0,1751.06,1597.0,0.0626
FaFMx3,wfjsp23_8.txt,5,1599.0,2319.94,1597.0,0.1252
FaFMx3,wfjsp23_9.txt,1,1577.0,1177.87,1582.0,-0.3161
FaFMx3,wfjsp23_9.txt,2,1588.0,993.768,1582.0,0.3793
FaFMx3,wfjsp23_9.txt,3,1577.0,2639.35,1582.0,-0.3161
FaFMx3,wfjsp23_9.txt,4,1581.0,1365.62,1582.0,-0.0632
FaFMx3,wfjsp23_9.txt,5,1575.0,2668.82,1582.0,-0.4425
FaFMx3,wfjsp24_1.txt,1,1193.0,532.714,1201.0,-0.6661
FaFMx3,wfjsp24_1.txt,2,1196.0,688.222,1201.0,-0.4163
FaFMx3,wfjsp24_1.txt,3,1204.0,671.304,1201.0,0.2498
FaFMx3,wfjsp24_1.txt,4,1197.0,746.092,1201.0,-0.3331
FaFMx3,wfjsp24_1.txt,5,1201.0,1355.55,1201.0,0.0
FaFMx3,wfjsp24_10.txt,1,1381.0,816.708,1407.0,-1.8479
FaFMx3,wfjsp24_10.txt,2,1385.0,1061.68,1407.0,-1.5636
FaFMx3,wfjsp24_10.txt,3,1383.0,1270.36,1407.0,-1.7058
FaFMx3,wfjsp24_10.txt,4,1383.0,1357.02,1407.0,-1.7058
FaFMx3,wfjsp24_10.txt,5,1387.0,667.515,1407.0,-1.4215
FaFMx3,wfjsp24_2.txt,1,1224.0,1232.67,1220.0,0.3279
FaFMx3,wfjsp24_2.txt,2,1227.0,664.799,1220.0,0.5738
FaFMx3,wfjsp24_2.txt,3,1231.0,909.553,1220.0,0.9016
FaFMx3,wfjsp24_2.txt,4,1231.0,645.233,1220.0,0.9016
FaFMx3,wfjsp24_2.txt,5,1229.0,431.895,1220.0,0.7377
FaFMx3,wfjsp24_3.txt,1,1315.0,1281.8,1330.0,-1.1278
FaFMx3,wfjsp24_3.txt,2,1317.0,1873.94,1330.0,-0.9774
FaFMx3,wfjsp24_3.txt,3,1315.0,1539.0,1330.0,-1.1278
FaFMx3,wfjsp24_3.txt,4,1320.0,528.341,1330.0,-0.7519
FaFMx3,wfjsp24_3.txt,5,1324.0,505.277,1330.0,-0.4511
FaFMx3,wfjsp24_4.txt,1,1300.0,798.365,1300.0,0.0
FaFMx3,wfjsp24_4.txt,2,1298.0,1713.74,1300.0,-0.1538
FaFMx3,wfjsp24_4.txt,3,1300.0,1003.74,1300.0,0.0
FaFMx3,wfjsp24_4.txt,4,1297.0,1611.66,1300.0,-0.2308
FaFMx3,wfjsp24_4.txt,5,1300.0,1200.3,1300.0,0.0
FaFMx3,wfjsp24_5.txt,1,1109.0,1121.0,1113.0,-0.3594
FaFMx3,wfjsp24_5.txt,2,1114.0,602.873,1113.0,0.0898
FaFMx3,wfjsp24_5.txt,3,1105.0,1250.73,1113.0,-0.7188
FaFMx3,wfjsp24_5.txt,4,1110.0,802.091,1113.0,-0.2695
FaFMx3,wfjsp24_5.txt,5,1112.0,558.422,1113.0,-0.0898
FaFMx3,wfjsp24_6.txt,1,1485.0,1086.32,1487.0,-0.1345
FaFMx3,wfjsp24_6.txt,2,1482.0,967.91,1487.0,-0.3362
FaFMx3,wfjsp24_6.txt,3,1488.0,1038.52,1487.0,0.0672
FaFMx3,wfjsp24_6.txt,4,1487.0,1114.17,1487.0,0.0
FaFMx3,wfjsp24_6.txt,5,1485.0,1215.67,1487.0,-0.1345
FaFMx3,wfjsp24_7.txt,1,1314.0,1063.57,1312.0,0.1524
FaFMx3,wfjsp24_7.txt,2,1311.0,1023.33,1312.0,-0.0762
FaFMx3,wfjsp24_7.txt,3,1302.0,690.518,1312.0,-0.7622
FaFMx3,wfjsp24_7.txt,4,1299.0,2195.43,1312.0,-0.9909
FaFMx3,wfjsp24_7.txt,5,1309.0,757.547,1312.0,-0.2287
FaFMx3,wfjsp24_8.txt,1,1263.0,1391.2,1263.0,0.0
FaFMx3,wfjsp24_8.txt,2,1265.0,837.034,1263.0,0.1584
FaFMx3,wfjsp24_8.txt,3,1265.0,482.548,1263.0,0.1584
FaFMx3,wfjsp24_8.txt,4,1265.0,530.804,1263.0,0.1584
FaFMx3,wfjsp24_8.txt,5,1264.0,854.682,1263.0,0.0792
FaFMx3,wfjsp24_9.txt,1,1258.0,844.197,1269.0,-0.8668
FaFMx3,wfjsp24_9.txt,2,1254.0,698.826,1269.0,-1.182
FaFMx3,wfjsp24_9.txt,3,1243.0,790.56,1269.0,-2.0489
FaFMx3,wfjsp24_9.txt,4,1255.0,1128.54,1269.0,-1.1032
FaFMx3,wfjsp24_9.txt,5,1257.0,982.124,1269.0,-0.9456
FaFMx3,wfjsp2_1.txt,1,336.0,6.44946,336.0,0.0
FaFMx3,wfjsp2_1.txt,2,336.0,4.20538,336.0,0.0
FaFMx3,wfjsp2_1.txt,3,337.0,4.33227,336.0,0.2976
FaFMx3,wfjsp2_1.txt,4,336.0,3.70828,336.0,0.0
FaFMx3,wfjsp2_1.txt,5,336.0,3.50022,336.0,0.0
FaFMx3,wfjsp2_10.txt,1,489.0,6.73947,489.0,0.0
FaFMx3,wfjsp2_10.txt,2,490.0,3.56122,489.0,0.2045
FaFMx3,wfjsp2_10.txt,3,490.0,4.6506,489.0,0.2045
FaFMx3,wfjsp2_10.txt,4,489.0,5.25085,489.0,0.0
FaFMx3,wfjsp2_10.txt,5,490.0,4.14627,489.0,0.2045
FaFMx3,wfjsp2_2.txt,1,371.0,4.36266,368.0,0.8152
FaFMx3,wfjsp2_2.txt,2,370.0,3.81003,368.0,0.5435
FaFMx3,wfjsp2_2.txt,3,370.0,4.75425,368.0,0.5435
FaFMx3,wfjsp2_2.txt,4,370.0,3.82858,368.0,0.5435
FaFMx3,wfjsp2_2.txt,5,370.0,3.64029,368.0,0.5435
FaFMx3,wfjsp2_3.txt,1,421.0,4.95248,421.0,0.0
FaFMx3,wfjsp2_3.txt,2,421.0,5.02459,421.0,0.0
FaFMx3,wfjsp2_3.txt,3,421.0,4.76361,421.0,0.0
FaFMx3,wfjsp2_3.txt,4,421.0,4.50182,421.0,0.0
FaFMx3,wfjsp2_3.txt,5,421.0,4.94819,421.0,0.0
FaFMx3,wfjsp2_4.txt,1,380.0,4.46355,378.0,0.5291
FaFMx3,wfjsp2_4.txt,2,380.0,7.83422,378.0,0.5291
FaFMx3,wfjsp2_4.txt,3,380.0,6.63052,378.0,0.5291
FaFMx3,wfjsp2_4.txt,4,380.0,6.35582,378.0,0.5291
FaFMx3,wfjsp2_4.txt,5,380.0,4.79364,378.0,0.5291
FaFMx3,wfjsp2_5.txt,1,272.0,2.18999,270.0,0.7407
FaFMx3,wfjsp2_5.txt,2,272.0,2.47142,270.0,0.7407
FaFMx3,wfjsp2_5.txt,3,271.0,4.11373,270.0,0.3704
FaFMx3,wfjsp2_5.txt,4,272.0,2.22407,270.0,0.7407
FaFMx3,wfjsp2_5.txt,5,272.0,2.39892,270.0,0.7407
FaFMx3,wfjsp2_6.txt,1,424.0,8.77509,416.0,1.9231
FaFMx3,wfjsp2_6.txt,2,424.0,4.45571,416.0,1.9231
FaFMx3,wfjsp2_6.txt,3,424.0,4.0231,416.0,1.9231
FaFMx3,wfjsp2_6.txt,4,424.0,5.33833,416.0,1.9231
FaFMx3,wfjsp2_6.txt,5,424.0,4.97849,416.0,1.9231
FaFMx3,wfjsp2_7.txt,1,395.0,8.12234,395.0,0.0
FaFMx3,wfjsp2_7.txt,2,400.0,4.89084,395.0,1.2658
FaFMx3,wfjsp2_7.txt,3,399.0,4.86949,395.0,1.0127
FaFMx3,wfjsp2_7.txt,4,395.0,5.55359,395.0,0.0
FaFMx3,wfjsp2_7.txt,5,399.0,4.65468,395.0,1.0127
FaFMx3,wfjsp2_8.txt,1,415.0,4.37,414.0,0.2415
FaFMx3,wfjsp2_8.txt,2,417.0,3.97846,414.0,0.7246
FaFMx3,wfjsp2_8.txt,3,415.0,7.21553,414.0,0.2415
FaFMx3,wfjsp2_8.txt,4,416.0,7.64443,414.0,0.4831
FaFMx3,wfjsp2_8.txt,5,415.0,3.8088,414.0,0.2415
FaFMx3,wfjsp2_9.txt,1,329.0,3.09638,329.0,0.0
FaFMx3,wfjsp2_9.txt,2,329.0,3.51819,329.0,0.0
FaFMx3,wfjsp2_9.txt,3,332.0,2.9353,329.0,0.9119
FaFMx3,wfjsp2_9.txt,4,329.0,3.84289,329.0,0.0
FaFMx3,wfjsp2_9.txt,5,329.0,3.87994,329.0,0.0
FaFMx3,wfjsp3_1.txt,1,425.0,6.36061,419.0,1.432
FaFMx3,wfjsp3_1.txt,2,429.0,5.59545,419.0,2.3866
FaFMx3,wfjsp3_1.txt,3,429.0,6.16908,419.0,2.3866
FaFMx3,wfjsp3_1.txt,4,429.0,5.90449,419.0,2.3866
FaFMx3,wfjsp3_1.txt,5,431.0,5.63265,419.0,2.864
FaFMx3,wfjsp3_10.txt,1,455.0,5.79815,455.0,0.0
FaFMx3,wfjsp3_10.txt,2,455.0,5.2701,455.0,0.0
FaFMx3,wfjsp3_10.txt,3,455.0,5.09895,455.0,0.0
FaFMx3,wfjsp3_10.txt,4,455.0,6.32032,455.0,0.0
FaFMx3,wfjsp3_10.txt,5,455.0,5.76097,455.0,0.0
FaFMx3,wfjsp3_2.txt,1,545.0,8.54615,543.0,0.3683
FaFMx3,wfjsp3_2.txt,2,545.0,7.69389,543.0,0.3683
FaFMx3,wfjsp3_2.txt,3,545.0,7.56152,543.0,0.3683
FaFMx3,wfjsp3_2.txt,4,545.0,6.63843,543.0,0.3683
FaFMx3,wfjsp3_2.txt,5,545.0,7.74657,543.0,0.3683
FaFMx3,wfjsp3_3.txt,1,383.0,3.67511,383.0,0.0
FaFMx3,wfjsp3_3.txt,2,383.0,3.39462,383.0,0.0
FaFMx3,wfjsp3_3.txt,3,383.0,3.55664,383.0,0.0
FaFMx3,wfjsp3_3.txt,4,383.0,3.33196,383.0,0.0
FaFMx3,wfjsp3_3.txt,5,383.0,3.77769,383.0,0.0
FaFMx3,wfjsp3_4.txt,1,445.0,7.69862,443.0,0.4515
FaFMx3,wfjsp3_4.txt,2,448.0,10.8499,443.0,1.1287
FaFMx3,wfjsp3_4.txt,3,445.0,7.17735,443.0,0.4515
FaFMx3,wfjsp3_4.txt,4,445.0,7.71677,443.0,0.4515
FaFMx3,wfjsp3_4.txt,5,445.0,6.76254,443.0,0.4515
FaFMx3,wfjsp3_5.txt,1,303.0,5.45261,284.0,6.6901
FaFMx3,wfjsp3_5.txt,2,305.0,5.37878,284.0,7.3944
FaFMx3,wfjsp3_5.txt,3,303.0,10.9495,284.0,6.6901
FaFMx3,wfjsp3_5.txt,4,308.0,5.52521,284.0,8.4507
FaFMx3,wfjsp3_5.txt,5,303.0,4.6319,284.0,6.6901
FaFMx3,wfjsp3_6.txt,1,531.0,7.78201,529.0,0.3781
FaFMx3,wfjsp3_6.txt,2,531.0,13.6609,529.0,0.3781
FaFMx3,wfjsp3_6.txt,3,531.0,7.09024,529.0,0.3781
FaFMx3,wfjsp3_6.txt,4,531.0,7.8073,529.0,0.3781
FaFMx3,wfjsp3_6.txt,5,531.0,6.72062,529.0,0.3781
FaFMx3,wfjsp3_7.txt,1,352.0,5.63143,342.0,2.924
FaFMx3,wfjsp3_7.txt,2,352.0,5.03114,342.0,2.924
FaFMx3,wfjsp3_7.txt,3,343.0,4.4433,342.0,0.2924
FaFMx3,wfjsp3_7.txt,4,343.0,7.87061,342.0,0.2924
FaFMx3,wfjsp3_7.txt,5,343.0,6.67376,342.0,0.2924
FaFMx3,wfjsp3_8.txt,1,497.0,6.59381,492.0,1.0163
FaFMx3,wfjsp3_8.txt,2,496.0,6.89595,492.0,0.813
FaFMx3,wfjsp3_8.txt,3,492.0,6.13487,492.0,0.0
FaFMx3,wfjsp3_8.txt,4,492.0,6.78947,492.0,0.0
FaFMx3,wfjsp3_8.txt,5,497.0,6.99085,492.0,1.0163
FaFMx3,wfjsp3_9.txt,1,535.0,6.65297,534.0,0.1873
FaFMx3,wfjsp3_9.txt,2,535.0,7.02142,534.0,0.1873
FaFMx3,wfjsp3_9.txt,3,535.0,6.20311,534.0,0.1873
FaFMx3,wfjsp3_9.txt,4,535.0,7.22741,534.0,0.1873
FaFMx3,wfjsp3_9.txt,5,535.0,6.83774,534.0,0.1873
FaFMx3,wfjsp4_1.txt,1,288.0,9.70857,277.0,3.9711
FaFMx3,wfjsp4_1.txt,2,280.0,20.4108,277.0,1.083
FaFMx3,wfjsp4_1.txt,3,284.0,9.2735,277.0,2.5271
FaFMx3,wfjsp4_1.txt,4,280.0,9.19742,277.0,1.083
FaFMx3,wfjsp4_1.txt,5,283.0,9.65385,277.0,2.1661
FaFMx3,wfjsp4_10.txt,1,293.0,7.54846,293.0,0.0
FaFMx3,wfjsp4_10.txt,2,293.0,6.59329,293.0,0.0
FaFMx3,wfjsp4_10.txt,3,293.0,9.95693,293.0,0.0
FaFMx3,wfjsp4_10.txt,4,293.0,7.34458,293.0,0.0
FaFMx3,wfjsp4_10.txt,5,293.0,6.95756,293.0,0.0
FaFMx3,wfjsp4_2.txt,1,364.0,10.8403,350.0,4.0
FaFMx3,wfjsp4_2.txt,2,358.0,13.5201,350.0,2.2857
FaFMx3,wfjsp4_2.txt,3,357.0,11.6727,350.0,2.0
FaFMx3,wfjsp4_2.txt,4,368.0,11.1743,350.0,5.1429
FaFMx3,wfjsp4_2.txt,5,358.0,14.475,350.0,2.2857
FaFMx3,wfjsp4_3.txt,1,365.0,11.0597,360.0,1.3889
FaFMx3,wfjsp4_3.txt,2,365.0,20.1758,360.0,1.3889
FaFMx3,wfjsp4_3.txt,3,365.0,10.3681,360.0,1.3889
FaFMx3,wfjsp4_3.txt,4,366.0,10.0022,360.0,1.6667
FaFMx3,wfjsp4_3.txt,5,371.0,13.8272,360.0,3.0556
FaFMx3,wfjsp4_4.txt,1,322.0,9.45624,320.0,0.625
FaFMx3,wfjsp4_4.txt,2,322.0,10.8472,320.0,0.625
FaFMx3,wfjsp4_4.txt,3,322.0,10.4911,320.0,0.625
FaFMx3,wfjsp4_4.txt,4,325.0,9.94286,320.0,1.5625
FaFMx3,wfjsp4_4.txt,5,325.0,8.73323,320.0,1.5625
FaFMx3,wfjsp4_5.txt,1,290.0,6.20717,290.0,0.0
FaFMx3,wfjsp4_5.txt,2,290.0,5.86595,290.0,0.0
FaFMx3,wfjsp4_5.txt,3,290.0,5.71453,290.0,0.0
FaFMx3,wfjsp4_5.txt,4,290.0,5.75726,290.0,0.0
FaFMx3,wfjsp4_5.txt,5,290.0,5.61207,290.0,0.0
FaFMx3,wfjsp4_6.txt,1,374.0,13.2813,355.0,5.3521
FaFMx3,wfjsp4_6.txt,2,378.0,16.3923,355.0,6.4789
FaFMx3,wfjsp4_6.txt,3,363.0,14.2557,355.0,2.2535
FaFMx3,wfjsp4_6.txt,4,378.0,13.1346,355.0,6.4789
FaFMx3,wfjsp4_6.txt,5,370.0,10.6196,355.0,4.2254
FaFMx3,wfjsp4_7.txt,1,300.0,8.07664,288.0,4.1667
FaFMx3,wfjsp4_7.txt,2,300.0,8.13394,288.0,4.1667
FaFMx3,wfjsp4_7.txt,3,299.0,8.77681,288.0,3.8194
FaFMx3,wfjsp4_7.txt,4,300.0,11.7994,288.0,4.1667
FaFMx3,wfjsp4_7.txt,5,300.0,17.2787,288.0,4.1667
FaFMx3,wfjsp4_8.txt,1,323.0,12.3662,316.0,2.2152
FaFMx3,wfjsp4_8.txt,2,323.0,8.60032,316.0,2.2152
FaFMx3,wfjsp4_8.txt,3,323.0,8.3494,316.0,2.2152
FaFMx3,wfjsp4_8.txt,4,323.0,8.32138,316.0,2.2152
FaFMx3,wfjsp4_8.txt,5,323.0,13.8119,316.0,2.2152
FaFMx3,wfjsp4_9.txt,1,288.0,5.09663,288.0,0.0
FaFMx3,wfjsp4_9.txt,2,288.0,4.75084,288.0,0.0
FaFMx3,wfjsp4_9.txt,3,288.0,4.7922,288.0,0.0
FaFMx3,wfjsp4_9.txt,4,288.0,5.10933,288.0,0.0
FaFMx3,wfjsp4_9.txt,5,288.0,4.83122,288.0,0.0
FaFMx3,wfjsp5_1.txt,1,627.0,55.7207,608.0,3.125
FaFMx3,wfjsp5_1.txt,2,618.0,48.328,608.0,1.6447
FaFMx3,wfjsp5_1.txt,3,625.0,46.7958,608.0,2.7961
FaFMx3,wfjsp5_1.txt,4,632.0,48.558,608.0,3.9474
FaFMx3,wfjsp5_1.txt,5,618.0,46.9604,608.0,1.6447
FaFMx3,wfjsp5_10.txt,1,654.0,16.3577,627.0,4.3062
FaFMx3,wfjsp5_10.txt,2,652.0,20.1947,627.0,3.9872
FaFMx3,wfjsp5_10.txt,3,654.0,15.3651,627.0,4.3062
FaFMx3,wfjsp5_10.txt,4,652.0,17.0582,627.0,3.9872
FaFMx3,wfjsp5_10.txt,5,648.0,26.7123,627.0,3.3493
FaFMx3,wfjsp5_2.txt,1,651.0,113.116,638.0,2.0376
FaFMx3,wfjsp5_2.txt,2,654.0,56.7769,638.0,2.5078
FaFMx3,wfjsp5_2.txt,3,659.0,44.5361,638.0,3.2915
FaFMx3,wfjsp5_2.txt,4,656.0,49.9951,638.0,2.8213
FaFMx3,wfjsp5_2.txt,5,652.0,41.0908,638.0,2.1944
FaFMx3,wfjsp5_3.txt,1,650.0,25.8431,626.0,3.8339
FaFMx3,wfjsp5_3.txt,2,636.0,25.0721,626.0,1.5974
FaFMx3,wfjsp5_3.txt,3,643.0,21.0729,626.0,2.7157
FaFMx3,wfjsp5_3.txt,4,638.0,65.7299,626.0,1.9169
FaFMx3,wfjsp5_3.txt,5,641.0,21.7142,626.0,2.3962
FaFMx3,wfjsp5_4.txt,1,744.0,33.4119,722.0,3.0471
FaFMx3,wfjsp5_4.txt,2,739.0,79.3521,722.0,2.3546
FaFMx3,wfjsp5_4.txt,3,755.0,45.0727,722.0,4.5706
FaFMx3,wfjsp5_4.txt,4,764.0,35.9427,722.0,5.8172
FaFMx3,wfjsp5_4.txt,5,731.0,72.7402,722.0,1.2465
FaFMx3,wfjsp5_5.txt,1,724.0,67.6635,729.0,-0.6859
FaFMx3,wfjsp5_5.txt,2,722.0,44.1515,729.0,-0.9602
FaFMx3,wfjsp5_5.txt,3,730.0,44.2345,729.0,0.1372
FaFMx3,wfjsp5_5.txt,4,722.0,73.2587,729.0,-0.9602
FaFMx3,wfjsp5_5.txt,5,719.0,87.9342,729.0,-1.3717
FaFMx3,wfjsp5_6.txt,1,743.0,34.2015,732.0,1.5027
FaFMx3,wfjsp5_6.txt,2,735.0,85.3413,732.0,0.4098
FaFMx3,wfjsp5_6.txt,3,745.0,72.3199,732.0,1.776
FaFMx3,wfjsp5_6.txt,4,747.0,63.5493,732.0,2.0492
FaFMx3,wfjsp5_6.txt,5,735.0,66.7979,732.0,0.4098
FaFMx3,wfjsp5_7.txt,1,772.0,80.8485,754.0,2.3873
FaFMx3,wfjsp5_7.txt,2,771.0,35.9486,754.0,2.2546
FaFMx3,wfjsp5_7.txt,3,766.0,34.0697,754.0,1.5915
FaFMx3,wfjsp5_7.txt,4,760.0,58.6836,754.0,0.7958
FaFMx3,wfjsp5_7.txt,5,782.0,41.6477,754.0,3.7135
FaFMx3,wfjsp5_8.txt,1,688.0,39.2706,683.0,0.7321
FaFMx3,wfjsp5_8.txt,2,692.0,30.8851,683.0,1.3177
FaFMx3,wfjsp5_8.txt,3,703.0,34.9252,683.0,2.9283
FaFMx3,wfjsp5_8.txt,4,699.0,42.0942,683.0,2.3426
FaFMx3,wfjsp5_8.txt,5,707.0,29.3631,683.0,3.5139
FaFMx3,wfjsp5_9.txt,1,606.0,34.7658,582.0,4.1237
FaFMx3,wfjsp5_9.txt,2,620.0,19.6074,582.0,6.5292
FaFMx3,wfjsp5_9.txt,3,606.0,42.985,582.0,4.1237
FaFMx3,wfjsp5_9.txt,4,616.0,43.84,582.0,5.8419
FaFMx3,wfjsp5_9.txt,5,622.0,22.6088,582.0,6.8729
FaFMx3,wfjsp6_1.txt,1,702.0,50.0046,682.0,2.9326
FaFMx3,wfjsp6_1.txt,2,694.0,50.7324,682.0,1.7595
FaFMx3,wfjsp6_1.txt,3,709.0,46.7119,682.0,3.9589
FaFMx3,wfjsp6_1.txt,4,693.0,90.4563,682.0,1.6129
FaFMx3,wfjsp6_1.txt,5,692.0,46.8274,682.0,1.4663
FaFMx3,wfjsp6_10.txt,1,716.0,45.0418,699.0,2.432
FaFMx3,wfjsp6_10.txt,2,697.0,82.2474,699.0,-0.2861
FaFMx3,wfjsp6_10.txt,3,708.0,56.5919,699.0,1.2876
FaFMx3,wfjsp6_10.txt,4,714.0,58.3766,699.0,2.1459
FaFMx3,wfjsp6_10.txt,5,710.0,43.8439,699.0,1.5737
FaFMx3,wfjsp6_2.txt,1,792.0,90.8772,780.0,1.5385
FaFMx3,wfjsp6_2.txt,2,799.0,58.5587,780.0,2.4359
FaFMx3,wfjsp6_2.txt,3,798.0,77.3588,780.0,2.3077
FaFMx3,wfjsp6_2.txt,4,792.0,58.0246,780.0,1.5385
FaFMx3,wfjsp6_2.txt,5,787.0,86.3168,780.0,0.8974
FaFMx3,wfjsp6_3.txt,1,744.0,52.2125,735.0,1.2245
FaFMx3,wfjsp6_3.txt,2,744.0,34.0376,735.0,1.2245
FaFMx3,wfjsp6_3.txt,3,756.0,54.0423,735.0,2.8571
FaFMx3,wfjsp6_3.txt,4,756.0,39.8036,735.0,2.8571
FaFMx3,wfjsp6_3.txt,5,750.0,38.4637,735.0,2.0408
FaFMx3,wfjsp6_4.txt,1,807.0,67.7457,803.0,0.4981
FaFMx3,wfjsp6_4.txt,2,819.0,55.9582,803.0,1.9925
FaFMx3,wfjsp6_4.txt,3,817.0,108.533,803.0,1.7435
FaFMx3,wfjsp6_4.txt,4,815.0,42.0962,803.0,1.4944
FaFMx3,wfjsp6_4.txt,5,826.0,46.6742,803.0,2.8643
FaFMx3,wfjsp6_5.txt,1,858.0,55.2819,844.0,1.6588
FaFMx3,wfjsp6_5.txt,2,851.0,68.0223,844.0,0.8294
FaFMx3,wfjsp6_5.txt,3,855.0,49.2979,844.0,1.3033
FaFMx3,wfjsp6_5.txt,4,844.0,63.9316,844.0,0.0
FaFMx3,wfjsp6_5.txt,5,849.0,103.623,844.0,0.5924
FaFMx3,wfjsp6_6.txt,1,820.0,43.63,798.0,2.7569
FaFMx3,wfjsp6_6.txt,2,804.0,56.9571,798.0,0.7519
FaFMx3,wfjsp6_6.txt,3,806.0,64.7502,798.0,1.0025
FaFMx3,wfjsp6_6.txt,4,803.0,66.0028,798.0,0.6266
FaFMx3,wfjsp6_6.txt,5,810.0,81.1167,798.0,1.5038
FaFMx3,wfjsp6_7.txt,1,846.0,102.853,855.0,-1.0526
FaFMx3,wfjsp6_7.txt,2,852.0,45.8049,855.0,-0.3509
FaFMx3,wfjsp6_7.txt,3,846.0,40.9057,855.0,-1.0526
FaFMx3,wfjsp6_7.txt,4,839.0,58.0432,855.0,-1.8713
FaFMx3,wfjsp6_7.txt,5,853.0,53.4346,855.0,-0.2339
FaFMx3,wfjsp6_8.txt,1,781.0,44.4795,759.0,2.8986
FaFMx3,wfjsp6_8.txt,2,777.0,50.7297,759.0,2.3715
FaFMx3,wfjsp6_8.txt,3,767.0,70.6318,759.0,1.054
FaFMx3,wfjsp6_8.txt,4,783.0,43.4386,759.0,3.1621
FaFMx3,wfjsp6_8.txt,5,779.0,68.4949,759.0,2.635
FaFMx3,wfjsp6_9.txt,1,699.0,84.9362,686.0,1.895
FaFMx3,wfjsp6_9.txt,2,702.0,28.2813,686.0,2.3324
FaFMx3,wfjsp6_9.txt,3,697.0,54.7042,686.0,1.6035
FaFMx3,wfjsp6_9.txt,4,697.0,45.8539,686.0,1.6035
FaFMx3,wfjsp6_9.txt,5,691.0,76.9174,686.0,0.7289
FaFMx3,wfjsp7_1.txt,1,829.0,124.833,815.0,1.7178
FaFMx3,wfjsp7_1.txt,2,827.0,156.83,815.0,1.4724
FaFMx3,wfjsp7_1.txt,3,828.0,261.08,815.0,1.5951
FaFMx3,wfjsp7_1.txt,4,824.0,90.1939,815.0,1.1043
FaFMx3,wfjsp7_1.txt,5,827.0,91.7446,815.0,1.4724
FaFMx3,wfjsp7_10.txt,1,922.0,188.951,909.0,1.4301
FaFMx3,wfjsp7_10.txt,2,917.0,96.4585,909.0,0.8801
FaFMx3,wfjsp7_10.txt,3,922.0,175.629,909.0,1.4301
FaFMx3,wfjsp7_10.txt,4,930.0,269.644,909.0,2.3102
FaFMx3,wfjsp7_10.txt,5,919.0,75.1852,909.0,1.1001
FaFMx3,wfjsp7_2.txt,1,1048.0,88.9722,1038.0,0.9634
FaFMx3,wfjsp7_2.txt,2,1041.0,81.51,1038.0,0.289
FaFMx3,wfjsp7_2.txt,3,1035.0,211.871,1038.0,-0.289
FaFMx3,wfjsp7_2.txt,4,1046.0,97.1366,1038.0,0.7707
FaFMx3,wfjsp7_2.txt,5,1040.0,128.307,1038.0,0.1927
FaFMx3,wfjsp7_3.txt,1,1148.0,293.389,1133.0,1.3239
FaFMx3,wfjsp7_3.txt,2,1145.0,250.593,1133.0,1.0591
FaFMx3,wfjsp7_3.txt,3,1134.0,264.633,1133.0,0.0883
FaFMx3,wfjsp7_3.txt,4,1149.0,232.931,1133.0,1.4122
FaFMx3,wfjsp7_3.txt,5,1147.0,299.021,1133.0,1.2357
FaFMx3,wfjsp7_4.txt,1,956.0,93.8014,944.0,1.2712
FaFMx3,wfjsp7_4.txt,2,946.0,210.392,944.0,0.2119
FaFMx3,wfjsp7_4.txt,3,954.0,128.13,944.0,1.0593
FaFMx3,wfjsp7_4.txt,4,951.0,190.86,944.0,0.7415
FaFMx3,wfjsp7_4.txt,5,947.0,95.8945,944.0,0.3178
FaFMx3,wfjsp7_5.txt,1,816.0,56.8024,803.0,1.6189
FaFMx3,wfjsp7_5.txt,2,817.0,85.2202,803.0,1.7435
FaFMx3,wfjsp7_5.txt,3,819.0,73.5026,803.0,1.9925
FaFMx3,wfjsp7_5.txt,4,811.0,176.488,803.0,0.9963
FaFMx3,wfjsp7_5.txt,5,816.0,66.421,803.0,1.6189
FaFMx3,wfjsp7_6.txt,1,1020.0,148.461,1010.0,0.9901
FaFMx3,wfjsp7_6.txt,2,1022.0,149.971,1010.0,1.1881
FaFMx3,wfjsp7_6.txt,3,1027.0,81.8627,1010.0,1.6832
FaFMx3,wfjsp7_6.txt,4,1029.0,95.6325,1010.0,1.8812
FaFMx3,wfjsp7_6.txt,5,1037.0,93.1217,1010.0,2.6733
FaFMx3,wfjsp7_7.txt,1,952.0,143.547,929.0,2.4758
FaFMx3,wfjsp7_7.txt,2,940.0,208.695,929.0,1.1841
FaFMx3,wfjsp7_7.txt,3,945.0,366.323,929.0,1.7223
FaFMx3,wfjsp7_7.txt,4,942.0,166.98,929.0,1.3994
FaFMx3,wfjsp7_7.txt,5,950.0,292.209,929.0,2.2605
FaFMx3,wfjsp7_8.txt,1,904.0,85.1153,882.0,2.4943
FaFMx3,wfjsp7_8.txt,2,903.0,114.078,882.0,2.381
FaFMx3,wfjsp7_8.txt,3,903.0,77.8473,882.0,2.381
FaFMx3,wfjsp7_8.txt,4,894.0,191.483,882.0,1.3605
FaFMx3,wfjsp7_8.txt,5,905.0,101.398,882.0,2.6077
FaFMx3,wfjsp7_9.txt,1,842.0,225.229,852.0,-1.1737
FaFMx3,wfjsp7_9.txt,2,860.0,70.4813,852.0,0.939
FaFMx3,wfjsp7_9.txt,3,858.0,82.2851,852.0,0.7042
FaFMx3,wfjsp7_9.txt,4,867.0,101.578,852.0,1.7606
FaFMx3,wfjsp7_9.txt,5,857.0,138.476,852.0,0.5869
FaFMx3,wfjsp8_1.txt,1,1051.0,294.684,1025.0,2.5366
FaFMx3,wfjsp8_1.txt,2,1059.0,205.2,1025.0,3.3171
FaFMx3,wfjsp8_1.txt,3,1048.0,228.732,1025.0,2.2439
FaFMx3,wfjsp8_1.txt,4,1042.0,207.818,1025.0,1.6585
FaFMx3,wfjsp8_1.txt,5,1045.0,196.77,1025.0,1.9512
FaFMx3,wfjsp8_10.txt,1,1208.0,166.725,1194.0,1.1725
FaFMx3,wfjsp8_10.txt,2,1203.0,209.241,1194.0,0.7538
FaFMx3,wfjsp8_10.txt,3,1206.0,252.037,1194.0,1.005
FaFMx3,wfjsp8_10.txt,4,1208.0,146.985,1194.0,1.1725
FaFMx3,wfjsp8_10.txt,5,1213.0,159.393,1194.0,1.5913
FaFMx3,wfjsp8_2.txt,1,1267.0,442.145,1251.0,1.279
FaFMx3,wfjsp8_2.txt,2,1283.0,197.455,1251.0,2.558
FaFMx3,wfjsp8_2.txt,3,1265.0,651.605,1251.0,1.1191
FaFMx3,wfjsp8_2.txt,4,1277.0,185.093,1251.0,2.0783
FaFMx3,wfjsp8_2.txt,5,1281.0,202.522,1251.0,2.3981
FaFMx3,wfjsp8_3.txt,1,1376.0,172.015,1364.0,0.8798
FaFMx3,wfjsp8_3.txt,2,1371.0,364.286,1364.0,0.5132
FaFMx3,wfjsp8_3.txt,3,1373.0,234.844,1364.0,0.6598
FaFMx3,wfjsp8_3.txt,4,1362.0,432.228,1364.0,-0.1466
FaFMx3,wfjsp8_3.txt,5,1379.0,301.747,1364.0,1.0997
FaFMx3,wfjsp8_4.txt,1,1216.0,272.625,1211.0,0.4129
FaFMx3,wfjsp8_4.txt,2,1207.0,325.095,1211.0,-0.3303
FaFMx3,wfjsp8_4.txt,3,1216.0,228.385,1211.0,0.4129
FaFMx3,wfjsp8_4.txt,4,1211.0,245.958,1211.0,0.0
FaFMx3,wfjsp8_4.txt,5,1214.0,247.074,1211.0,0.2477
FaFMx3,wfjsp8_5.txt,1,1052.0,248.525,1050.0,0.1905
FaFMx3,wfjsp8_5.txt,2,1051.0,117.337,1050.0,0.0952
FaFMx3,wfjsp8_5.txt,3,1054.0,255.402,1050.0,0.381
FaFMx3,wfjsp8_5.txt,4,1045.0,180.166,1050.0,-0.4762
FaFMx3,wfjsp8_5.txt,5,1058.0,125.823,1050.0,0.7619
FaFMx3,wfjsp8_6.txt,1,1291.0,341.19,1267.0,1.8942
FaFMx3,wfjsp8_6.txt,2,1286.0,171.629,1267.0,1.4996
FaFMx3,wfjsp8_6.txt,3,1289.0,184.153,1267.0,1.7364
FaFMx3,wfjsp8_6.txt,4,1281.0,403.918,1267.0,1.105
FaFMx3,wfjsp8_6.txt,5,1289.0,289.864,1267.0,1.7364
FaFMx3,wfjsp8_7.txt,1,1182.0,161.944,1158.0,2.0725
FaFMx3,wfjsp8_7.txt,2,1188.0,226.896,1158.0,2.5907
FaFMx3,wfjsp8_7.txt,3,1211.0,115.563,1158.0,4.5769
FaFMx3,wfjsp8_7.txt,4,1196.0,205.208,1158.0,3.2815
FaFMx3,wfjsp8_7.txt,5,1186.0,269.168,1158.0,2.418
FaFMx3,wfjsp8_8.txt,1,1177.0,233.653,1158.0,1.6408
FaFMx3,wfjsp8_8.txt,2,1175.0,176.014,1158.0,1.468
FaFMx3,wfjsp8_8.txt,3,1178.0,333.834,1158.0,1.7271
FaFMx3,wfjsp8_8.txt,4,1166.0,214.521,1158.0,0.6908
FaFMx3,wfjsp8_8.txt,5,1169.0,283.006,1158.0,0.9499
FaFMx3,wfjsp8_9.txt,1,1063.0,298.072,1044.0,1.8199
FaFMx3,wfjsp8_9.txt,2,1081.0,123.095,1044.0,3.5441
FaFMx3,wfjsp8_9.txt,3,1062.0,219.761,1044.0,1.7241
FaFMx3,wfjsp8_9.txt,4,1060.0,411.769,1044.0,1.5326
FaFMx3,wfjsp8_9.txt,5,1097.0,158.475,1044.0,5.0766
FaFMx3,wfjsp9_1.txt,1,1352.0,594.282,1314.0,2.8919
FaFMx3,wfjsp9_1.txt,2,1329.0,191.185,1314.0,1.1416
FaFMx3,wfjsp9_1.txt,3,1339.0,342.886,1314.0,1.9026
FaFMx3,wfjsp9_1.txt,4,1355.0,216.598,1314.0,3.1202
FaFMx3,wfjsp9_1.txt,5,1331.0,181.443,1314.0,1.2938
FaFMx3,wfjsp9_10.txt,1,1428.0,153.329,1414.0,0.9901
FaFMx3,wfjsp9_10.txt,2,1429.0,214.821,1414.0,1.0608
FaFMx3,wfjsp9_10.txt,3,1424.0,168.601,1414.0,0.7072
FaFMx3,wfjsp9_10.txt,4,1427.0,578.096,1414.0,0.9194
FaFMx3,wfjsp9_10.txt,5,1421.0,306.341,1414.0,0.495
FaFMx3,wfjsp9_2.txt,1,1423.0,348.322,1404.0,1.3533
FaFMx3,wfjsp9_2.txt,2,1418.0,445.848,1404.0,0.9972
FaFMx3,wfjsp9_2.txt,3,1431.0,174.305,1404.0,1.9231
FaFMx3,wfjsp9_2.txt,4,1418.0,202.134,1404.0,0.9972
FaFMx3,wfjsp9_2.txt,5,1417.0,500.683,1404.0,0.9259
FaFMx3,wfjsp9_3.txt,1,1512.0,271.609,1483.0,1.9555
FaFMx3,wfjsp9_3.txt,2,1515.0,233.527,1483.0,2.1578
FaFMx3,wfjsp9_3.txt,3,1500.0,385.74,1483.0,1.1463
FaFMx3,wfjsp9_3.txt,4,1509.0,214.791,1483.0,1.7532
FaFMx3,wfjsp9_3.txt,5,1494.0,293.774,1483.0,0.7417
FaFMx3,wfjsp9_4.txt,1,1362.0,539.728,1357.0,0.3685
FaFMx3,wfjsp9_4.txt,2,1362.0,387.763,1357.0,0.3685
FaFMx3,wfjsp9_4.txt,3,1368.0,211.241,1357.0,0.8106
FaFMx3,wfjsp9_4.txt,4,1361.0,450.338,1357.0,0.2948
FaFMx3,wfjsp9_4.txt,5,1369.0,179.974,1357.0,0.8843
FaFMx3,wfjsp9_5.txt,1,1267.0,581.95,1247.0,1.6038
FaFMx3,wfjsp9_5.txt,2,1260.0,233.622,1247.0,1.0425
FaFMx3,wfjsp9_5.txt,3,1269.0,280.27,1247.0,1.7642
FaFMx3,wfjsp9_5.txt,4,1273.0,220.841,1247.0,2.085
FaFMx3,wfjsp9_5.txt,5,1270.0,268.456,1247.0,1.8444
FaFMx3,wfjsp9_6.txt,1,1396.0,211.226,1383.0,0.94
FaFMx3,wfjsp9_6.txt,2,1402.0,327.172,1383.0,1.3738
FaFMx3,wfjsp9_6.txt,3,1404.0,179.845,1383.0,1.5184
FaFMx3,wfjsp9_6.txt,4,1403.0,227.505,1383.0,1.4461
FaFMx3,wfjsp9_6.txt,5,1392.0,625.084,1383.0,0.6508
FaFMx3,wfjsp9_7.txt,1,1340.0,470.881,1318.0,1.6692
FaFMx3,wfjsp9_7.txt,2,1359.0,272.323,1318.0,3.1108
FaFMx3,wfjsp9_7.txt,3,1326.0,261.152,1318.0,0.607
FaFMx3,wfjsp9_7.txt,4,1351.0,354.428,1318.0,2.5038
FaFMx3,wfjsp9_7.txt,5,1335.0,489.073,1318.0,1.2898
FaFMx3,wfjsp9_8.txt,1,1406.0,332.174,1386.0,1.443
FaFMx3,wfjsp9_8.txt,2,1421.0,182.114,1386.0,2.5253
FaFMx3,wfjsp9_8.txt,3,1405.0,381.506,1386.0,1.3709
FaFMx3,wfjsp9_8.txt,4,1403.0,405.112,1386.0,1.2266
FaFMx3,wfjsp9_8.txt,5,1407.0,147.461,1386.0,1.5152
FaFMx3,wfjsp9_9.txt,1,1341.0,310.709,1294.0,3.6321
FaFMx3,wfjsp9_9.txt,2,1336.0,372.406,1294.0,3.2457
FaFMx3,wfjsp9_9.txt,3,1321.0,589.141,1294.0,2.0866
FaFMx3,wfjsp9_9.txt,4,1312.0,399.259,1294.0,1.391
FaFMx3,wfjsp9_9.txt,5,1335.0,220.998,1294.0,3.1685
