method,instance,set,UB,LB,gap,RPD,dev_CP,time
CP,wfjsp1_1,wfjsp1,268.0,268.0,0.0,0.0,0.0,1.375
CP,wfjsp1_2,wfjsp1,287.0,287.0,0.0,0.0,0.0,0.25
CP,wfjsp1_3,wfjsp1,347.0,347.0,0.0,0.0,0.0,0.875
CP,wfjsp1_4,wfjsp1,315.0,315.0,0.0,0.0,0.0,2.5625
CP,wfjsp1_5,wfjsp1,265.0,265.0,0.0,0.0,0.0,0.875
CP,wfjsp1_6,wfjsp1,291.0,291.0,0.0,0.0,0.0,2.625
CP,wfjsp1_7,wfjsp1,265.0,265.0,0.0,0.0,0.0,2.625
CP,wfjsp1_8,wfjsp1,328.0,328.0,0.0,0.0,0.0,2.0625
CP,wfjsp1_9,wfjsp1,252.0,252.0,0.0,0.0,0.0,1.375
CP,wfjsp1_10,wfjsp1,316.0,316.0,0.0,0.0,0.0,8.125
CP,wfjsp2_1,wfjsp2,336.0,336.0,0.0,0.0,0.0,32.2812
CP,wfjsp2_2,wfjsp2,368.0,368.0,0.0,0.0,0.0,29.0
CP,wfjsp2_3,wfjsp2,421.0,421.0,0.0,0.0,0.0,16.5
CP,wfjsp2_4,wfjsp2,378.0,378.0,0.0,0.0,0.0,54.3125
CP,wfjsp2_5,wfjsp2,270.0,270.0,0.0,0.0,0.0,1.75
CP,wfjsp2_6,wfjsp2,416.0,416.0,0.0,0.0,0.0,135.125
CP,wfjsp2_7,wfjsp2,395.0,395.0,0.0,0.0,0.0,194.625
CP,wfjsp2_8,wfjsp2,414.0,414.0,0.0,0.0,0.0,68.0
CP,wfjsp2_9,wfjsp2,329.0,329.0,0.0,0.0,0.0,12.25
CP,wfjsp2_10,wfjsp2,489.0,230.0,0.5296523517382413,0.0,0.0,3600.0
CP,wfjsp3_1,wfjsp3,419.0,419.0,0.0,0.0,0.0,81.8594
CP,wfjsp3_2,wfjsp3,543.0,543.0,0.0,0.0,0.0,202.594
CP,wfjsp3_3,wfjsp3,383.0,383.0,0.0,0.0,0.0,1.5
CP,wfjsp3_4,wfjsp3,443.0,443.0,0.0,0.0,0.0,70.875
CP,wfjsp3_5,wfjsp3,284.0,284.0,0.0,0.0,0.0,5.25
CP,wfjsp3_6,wfjsp3,529.0,529.0,0.0,0.0,0.0,2663.88
CP,wfjsp3_7,wfjsp3,342.0,342.0,0.0,0.0,0.0,7.34375
CP,wfjsp3_8,wfjsp3,492.0,492.0,0.0,0.0,0.0,163.312
CP,wfjsp3_9,wfjsp3,534.0,534.0,0.0,0.0,0.0,2.0
CP,wfjsp3_10,wfjsp3,455.0,455.0,0.0,0.0,0.0,11.125
CP,wfjsp4_1,wfjsp4,277.0,277.0,0.0,0.0,0.0,1230.0
CP,wfjsp4_2,wfjsp4,350.0,253.0,0.2771428571428571,0.0057471264367816,0.0,3600.0
CP,wfjsp4_3,wfjsp4,360.0,360.0,0.0,0.0,0.0,376.5
CP,wfjsp4_4,wfjsp4,320.0,227.0,0.290625,0.0,0.0,3600.03
CP,wfjsp4_5,wfjsp4,290.0,290.0,0.0,0.0,0.0,2.5
CP,wfjsp4_6,wfjsp4,355.0,260.0,0.2676056338028169,0.0,0.0,3600.12
CP,wfjsp4_7,wfjsp4,288.0,288.0,0.0,0.0,0.0,442.0
CP,wfjsp4_8,wfjsp4,316.0,213.0,0.3259493670886076,0.0,0.0,3600.02
CP,wfjsp4_9,wfjsp4,288.0,288.0,0.0,0.0,0.0,51.9062
CP,wfjsp4_10,wfjsp4,293.0,293.0,0.0,0.0,0.0,61.875
CP,wfjsp5_1,wfjsp5,608.0,478.0,0.2138157894736842,0.0,0.0,3600.0
CP,wfjsp5_2,wfjsp5,638.0,424.0,0.335423197492163,0.0,0.0,3600.0
CP,wfjsp5_3,wfjsp5,626.0,588.0,0.060702875399361,0.0,0.0,3600.0
CP,wfjsp5_4,wfjsp5,722.0,437.0,0.3947368421052631,0.0,0.0,3600.0
CP,wfjsp5_5,wfjsp5,729.0,462.0,0.3662551440329218,0.0125,0.0,3600.03
CP,wfjsp5_6,wfjsp5,732.0,619.0,0.1543715846994535,0.0,0.0,3600.12
CP,wfjsp5_7,wfjsp5,754.0,538.0,0.2864721485411141,0.0,0.0,3600.0
CP,wfjsp5_8,wfjsp5,683.0,596.0,0.1273792093704246,0.0,0.0,3600.06
CP,wfjsp5_9,wfjsp5,582.0,540.0,0.0721649484536082,0.0,0.0,3600.0
CP,wfjsp5_10,wfjsp5,627.0,627.0,0.0,0.0,0.0,1290.0
CP,wfjsp6_1,wfjsp6,682.0,478.0,0.2991202346041056,0.0014684287812041,0.0,3600.0
CP,wfjsp6_2,wfjsp6,780.0,496.0,0.3641025641025641,0.0,0.0,3600.06
CP,wfjsp6_3,wfjsp6,735.0,588.0,0.2,0.0,0.0,3600.0
CP,wfjsp6_4,wfjsp6,803.0,437.0,0.4557907845579078,0.0,0.0,3600.04
CP,wfjsp6_5,wfjsp6,844.0,494.0,0.4146919431279621,0.0,0.0,3600.05
CP,wfjsp6_6,wfjsp6,798.0,619.0,0.2243107769423558,0.0,0.0,3600.12
CP,wfjsp6_7,wfjsp6,855.0,538.0,0.3707602339181287,0.0227272727272727,0.0,3600.12
CP,wfjsp6_8,wfjsp6,759.0,596.0,0.2147562582345191,0.0,0.0,3600.03
CP,wfjsp6_9,wfjsp6,686.0,540.0,0.2128279883381924,0.0,0.0,3600.03
CP,wfjsp6_10,wfjsp6,699.0,481.0,0.3118741058655221,0.0,0.0,3600.0
CP,wfjsp7_1,wfjsp7,815.0,392.0,0.5190184049079755,0.0,0.0,3600.06
CP,wfjsp7_2,wfjsp7,1038.0,544.0,0.4759152215799614,0.004840271055179,0.0,3600.03
CP,wfjsp7_3,wfjsp7,1133.0,639.0,0.4360105913503971,0.0026548672566371,0.0,3600.06
CP,wfjsp7_4,wfjsp7,944.0,481.0,0.4904661016949153,0.0010604453870625,0.0,3600.06
CP,wfjsp7_5,wfjsp7,803.0,561.0,0.3013698630136986,0.0,0.0,3600.05
CP,wfjsp7_6,wfjsp7,1010.0,517.0,0.4881188118811881,0.0,0.0,3600.06
CP,wfjsp7_7,wfjsp7,929.0,525.0,0.4348762109795479,0.0,0.0,3600.34
CP,wfjsp7_8,wfjsp7,882.0,587.0,0.3344671201814059,0.0,0.0,3600.05
CP,wfjsp7_9,wfjsp7,852.0,499.0,0.414319248826291,0.0070921985815602,0.0,3600.06
CP,wfjsp7_10,wfjsp7,909.0,504.0,0.4455445544554455,0.0,0.0,3600.05
CP,wfjsp8_1,wfjsp8,1025.0,419.0,0.5912195121951219,0.0,0.0,3600.07
CP,wfjsp8_2,wfjsp8,1251.0,544.0,0.5651478816946442,0.0,0.0,3600.12
CP,wfjsp8_3,wfjsp8,1364.0,639.0,0.531524926686217,0.0,0.0,3600.12
CP,wfjsp8_4,wfjsp8,1211.0,561.0,0.5367464905037159,0.0,0.0,3600.0
CP,wfjsp8_5,wfjsp8,1050.0,561.0,0.4657142857142857,0.0,0.0,3600.05
CP,wfjsp8_6,wfjsp8,1267.0,517.0,0.5919494869771112,0.0,0.0,3600.03
CP,wfjsp8_7,wfjsp8,1158.0,525.0,0.5466321243523317,0.0,0.0,3600.08
CP,wfjsp8_8,wfjsp8,1158.0,587.0,0.4930915371329879,0.0,0.0,3600.02
CP,wfjsp8_9,wfjsp8,1044.0,499.0,0.5220306513409961,0.0,0.0,3600.07
CP,wfjsp8_10,wfjsp8,1194.0,648.0,0.457286432160804,0.0,0.0,3600.5
CP,wfjsp9_1,wfjsp9,1314.0,493.0,0.6248097412480974,0.0007616146230007,0.0,3600.0
CP,wfjsp9_2,wfjsp9,1404.0,538.0,0.6168091168091168,0.0028571428571428,0.0,3600.0
CP,wfjsp9_3,wfjsp9,1483.0,567.0,0.6176668914362778,0.0,0.0,3600.06
CP,wfjsp9_4,wfjsp9,1357.0,553.0,0.5924834193072955,0.0,0.0,3600.12
CP,wfjsp9_5,wfjsp9,1247.0,482.0,0.6134723336006416,0.0,0.0,3600.12
CP,wfjsp9_6,wfjsp9,1383.0,584.0,0.5777295733911786,0.0,0.0,3600.12
CP,wfjsp9_7,wfjsp9,1318.0,562.0,0.5735963581183612,0.0,0.0,3600.12
CP,wfjsp9_8,wfjsp9,1386.0,639.0,0.538961038961039,0.0,0.0,3600.0
CP,wfjsp9_9,wfjsp9,1294.0,544.0,0.5795981452859351,0.001547987616099,0.0,3600.12
CP,wfjsp9_10,wfjsp9,1414.0,675.0,0.5226308345120226,0.0,0.0,3600.12
CP,wfjsp10_1,wfjsp10,781.0,535.0,0.3149807938540332,0.0090439276485788,0.0,3600.25
CP,wfjsp10_2,wfjsp10,836.0,544.0,0.3492822966507177,0.0,0.0,3600.12
CP,wfjsp10_3,wfjsp10,923.0,636.0,0.3109425785482123,0.0,0.0,3600.25
CP,wfjsp10_4,wfjsp10,873.0,560.0,0.3585337915234822,0.0034482758620689,0.0,3600.12
CP,wfjsp10_5,wfjsp10,733.0,558.0,0.2387448840381991,0.0054869684499314,0.0,3600.12
CP,wfjsp10_6,wfjsp10,896.0,550.0,0.3861607142857143,0.0,0.0,3600.12
CP,wfjsp10_7,wfjsp10,819.0,530.0,0.3528693528693529,0.0,0.0,3600.25
CP,wfjsp10_8,wfjsp10,824.0,581.0,0.2949029126213592,0.0,0.0,3600.25
CP,wfjsp10_9,wfjsp10,803.0,547.0,0.3188044831880448,0.0,0.0,3600.12
CP,wfjsp10_10,wfjsp10,859.0,645.0,0.249126891734575,0.0,0.0,3600.0
CP,wfjsp11_1,wfjsp11,969.0,685.0,0.2930856553147575,0.0,0.0,3600.0
CP,wfjsp11_2,wfjsp11,1184.0,813.0,0.3133445945945945,0.0,0.0,3600.0
CP,wfjsp11_3,wfjsp11,1149.0,779.0,0.3220191470844212,0.0,0.0,3600.34
CP,wfjsp11_4,wfjsp11,1135.0,841.0,0.2590308370044052,0.0,0.0,3600.26
CP,wfjsp11_5,wfjsp11,1180.0,756.0,0.3593220338983051,0.0,0.0,3600.18
CP,wfjsp11_6,wfjsp11,937.0,752.0,0.1974386339381003,0.0,0.0,3600.0
CP,wfjsp11_7,wfjsp11,1015.0,766.0,0.2453201970443349,0.0069444444444444,0.0,3600.12
CP,wfjsp11_8,wfjsp11,1032.0,801.0,0.2238372093023256,0.0,0.0,3600.25
CP,wfjsp11_9,wfjsp11,1136.0,769.0,0.3230633802816901,0.0,0.0,3600.25
CP,wfjsp11_10,wfjsp11,1091.0,819.0,0.2493125572868927,0.0,0.0,3600.25
CP,wfjsp12_1,wfjsp12,896.0,527.0,0.4118303571428571,0.0,0.0,3600.25
CP,wfjsp12_2,wfjsp12,997.0,531.0,0.4674022066198596,0.0,0.0,3600.25
CP,wfjsp12_3,wfjsp12,1103.0,599.0,0.456935630099728,0.016589861751152,0.0,3600.31
CP,wfjsp12_4,wfjsp12,1027.0,584.0,0.4313534566699123,0.0019512195121951,0.0,3600.28
CP,wfjsp12_5,wfjsp12,869.0,556.0,0.3601841196777905,0.0,0.0,3600.25
CP,wfjsp12_6,wfjsp12,1134.0,603.0,0.4682539682539682,0.0,0.0,3600.75
CP,wfjsp12_7,wfjsp12,1018.0,506.0,0.5029469548133595,0.0220883534136546,0.0,3600.5
CP,wfjsp12_8,wfjsp12,980.0,578.0,0.410204081632653,0.0020449897750511,0.0,3600.5
CP,wfjsp12_9,wfjsp12,995.0,535.0,0.4623115577889447,0.0153061224489795,0.0,3600.23
CP,wfjsp12_10,wfjsp12,1099.0,623.0,0.4331210191082802,0.0,0.0,3600.25
CP,wfjsp13_1,wfjsp13,866.0,657.0,0.2413394919168591,0.0,0.0,3600.47
CP,wfjsp13_2,wfjsp13,962.0,654.0,0.3201663201663202,0.0,0.0,3600.75
CP,wfjsp13_3,wfjsp13,883.0,623.0,0.2944507361268403,0.0126146788990825,0.0,3600.56
CP,wfjsp13_4,wfjsp13,908.0,621.0,0.316079295154185,0.0,0.0,3600.25
CP,wfjsp13_5,wfjsp13,809.0,575.0,0.2892459826946848,0.0,0.0,3600.75
CP,wfjsp13_6,wfjsp13,988.0,663.0,0.3289473684210526,0.0,0.0,3600.62
CP,wfjsp13_7,wfjsp13,875.0,734.0,0.1611428571428571,0.0174418604651162,0.0,3600.62
CP,wfjsp13_8,wfjsp13,899.0,639.0,0.289210233592881,0.0044692737430167,0.0,3600.44
CP,wfjsp13_9,wfjsp13,967.0,671.0,0.3061013443640124,0.0062434963579604,0.0,3600.31
CP,wfjsp13_10,wfjsp13,916.0,747.0,0.1844978165938864,0.0,0.0,3600.38
CP,wfjsp14_1,wfjsp14,745.0,528.0,0.2912751677852349,0.0040431266846361,0.0,3600.12
CP,wfjsp14_2,wfjsp14,793.0,519.0,0.3455233291298865,0.0,0.0,3600.31
CP,wfjsp14_3,wfjsp14,848.0,596.0,0.2971698113207547,0.0204572803850782,0.0,3600.38
CP,wfjsp14_4,wfjsp14,806.0,580.0,0.2803970223325062,0.0,0.0,3600.62
CP,wfjsp14_5,wfjsp14,715.0,536.0,0.2503496503496503,0.0042134831460674,0.0,3600.38
CP,wfjsp14_6,wfjsp14,913.0,589.0,0.3548740416210296,0.0,0.0,3600.5
CP,wfjsp14_7,wfjsp14,826.0,562.0,0.3196125907990315,0.011015911872705,0.0,3600.72
CP,wfjsp14_8,wfjsp14,782.0,569.0,0.2723785166240409,0.0,0.0,3600.31
CP,wfjsp14_9,wfjsp14,793.0,541.0,0.317780580075662,0.0192802056555269,0.0,3600.38
CP,wfjsp14_10,wfjsp14,878.0,604.0,0.3120728929384966,0.0,0.0,3600.56
CP,wfjsp15_1,wfjsp15,1259.0,694.0,0.448768864177919,0.0015910898965791,0.0,3600.38
CP,wfjsp15_2,wfjsp15,1314.0,779.0,0.4071537290715373,0.0,0.0,3600.25
CP,wfjsp15_3,wfjsp15,1376.0,817.0,0.40625,0.0192592592592592,0.0,3600.5
CP,wfjsp15_4,wfjsp15,1308.0,800.0,0.3883792048929663,0.0,0.0,3600.61
CP,wfjsp15_5,wfjsp15,1198.0,725.0,0.3948247078464106,0.0,0.0,3600.5
CP,wfjsp15_6,wfjsp15,1510.0,886.0,0.4132450331125827,0.0,0.0,3600.38
CP,wfjsp15_7,wfjsp15,1328.0,852.0,0.358433734939759,0.0114242193450114,0.0,3600.5
CP,wfjsp15_8,wfjsp15,1327.0,745.0,0.4385832705350414,0.0114329268292682,0.0,3600.59
CP,wfjsp15_9,wfjsp15,1328.0,817.0,0.384789156626506,0.0223248652809853,0.0,3600.69
CP,wfjsp15_10,wfjsp15,1415.0,908.0,0.358303886925795,0.0,0.0,3600.59
CP,wfjsp16_1,wfjsp16,995.0,528.0,0.4693467336683417,0.0173824130879345,0.0,3600.66
CP,wfjsp16_2,wfjsp16,1011.0,519.0,0.486646884272997,0.0,0.0,3600.31
CP,wfjsp16_3,wfjsp16,1097.0,596.0,0.4567000911577028,0.0358829084041548,0.0,3600.19
CP,wfjsp16_4,wfjsp16,1074.0,580.0,0.4599627560521415,0.0084507042253521,0.0,3600.62
CP,wfjsp16_5,wfjsp16,904.0,536.0,0.4070796460176991,0.0,0.0,3600.41
CP,wfjsp16_6,wfjsp16,1222.0,623.0,0.4901800327332242,0.0,0.0,3600.5
CP,wfjsp16_7,wfjsp16,1094.0,562.0,0.4862888482632541,0.0301318267419962,0.0,3600.0
CP,wfjsp16_8,wfjsp16,1049.0,569.0,0.4575786463298379,0.0184466019417475,0.0,3600.5
CP,wfjsp16_9,wfjsp16,1055.0,547.0,0.4815165876777251,0.0302734375,0.0,3600.59
CP,wfjsp16_10,wfjsp16,1145.0,604.0,0.4724890829694323,0.0,0.0,3600.54
CP,wfjsp17_1,wfjsp17,1585.0,494.0,0.6883280757097792,0.0192926045016077,0.0,3600.11
CP,wfjsp17_2,wfjsp17,1731.0,538.0,0.6891969959560947,0.016441573693482,0.0,3600.25
CP,wfjsp17_3,wfjsp17,1836.0,570.0,0.6895424836601307,0.0099009900990099,0.0,3600.12
CP,wfjsp17_4,wfjsp17,1670.0,553.0,0.6688622754491018,0.0201588271227855,0.0,3600.09
CP,wfjsp17_5,wfjsp17,1558.0,482.0,0.6906290115532734,0.0136629798308392,0.0,3600.09
CP,wfjsp17_6,wfjsp17,1708.0,580.0,0.6604215456674473,0.0023474178403755,0.0,3600.09
CP,wfjsp17_7,wfjsp17,1598.0,563.0,0.6476846057571964,0.0263326910725754,0.0,3600.06
CP,wfjsp17_8,wfjsp17,1717.0,641.0,0.6266744321490972,0.0256869772998805,0.0,3600.0
CP,wfjsp17_9,wfjsp17,1593.0,544.0,0.6585059635907093,0.0218088518280949,0.0,3600.5
CP,wfjsp17_10,wfjsp17,1750.0,676.0,0.6137142857142858,0.0092272202998846,0.0,3600.0
CP,wfjsp18_1,wfjsp18,929.0,535.0,0.4241119483315393,0.0,0.0,3600.0
CP,wfjsp18_2,wfjsp18,1010.0,544.0,0.4613861386138614,0.0,0.0,3600.12
CP,wfjsp18_3,wfjsp18,1120.0,636.0,0.4321428571428571,0.0154125113327289,0.0,3600.16
CP,wfjsp18_4,wfjsp18,1037.0,560.0,0.4599807135969141,0.0,0.0,3600.19
CP,wfjsp18_5,wfjsp18,854.0,558.0,0.3466042154566744,0.0,0.0,3600.0
CP,wfjsp18_6,wfjsp18,1084.0,550.0,0.492619926199262,0.0018484288354898,0.0,3600.0
CP,wfjsp18_7,wfjsp18,1003.0,530.0,0.4715852442671984,0.0,0.0,3600.5
CP,wfjsp18_8,wfjsp18,990.0,581.0,0.4131313131313131,0.0010111223458038,0.0,3600.25
CP,wfjsp18_9,wfjsp18,944.0,547.0,0.4205508474576271,0.0,0.0,3600.12
CP,wfjsp18_10,wfjsp18,1019.0,645.0,0.36702649656526,0.0,0.0,3600.12
CP,wfjsp19_1,wfjsp19,1196.0,685.0,0.427257525083612,0.0152801358234295,0.0,3600.25
CP,wfjsp19_2,wfjsp19,1471.0,813.0,0.4473147518694765,0.0130853994490358,0.0,3600.25
CP,wfjsp19_3,wfjsp19,1406.0,780.0,0.4452347083926031,0.009332376166547,0.0,3600.25
CP,wfjsp19_4,wfjsp19,1398.0,841.0,0.3984263233190271,0.0152505446623093,0.0,3600.0
CP,wfjsp19_5,wfjsp19,1444.0,756.0,0.4764542936288088,0.0104968509447165,0.0,3600.0
CP,wfjsp19_6,wfjsp19,1158.0,752.0,0.3506044905008635,0.0008643042350907,0.0,3600.0
CP,wfjsp19_7,wfjsp19,1236.0,766.0,0.3802588996763754,0.0248756218905472,0.0,3600.25
CP,wfjsp19_8,wfjsp19,1250.0,801.0,0.3592,0.0056315366049879,0.0,3600.38
CP,wfjsp19_9,wfjsp19,1388.0,769.0,0.4459654178674351,0.023598820058997,0.0,3600.12
CP,wfjsp19_10,wfjsp19,1351.0,819.0,0.3937823834196891,0.0104712041884816,0.0,3600.12
CP,wfjsp20_1,wfjsp20,1105.0,527.0,0.5230769230769231,0.0346441947565543,0.0,3600.12
CP,wfjsp20_2,wfjsp20,1221.0,531.0,0.5651105651105651,0.0115990057995029,0.0,3600.25
CP,wfjsp20_3,wfjsp20,1328.0,599.0,0.5489457831325302,0.0270688321732405,0.0,3600.25
CP,wfjsp20_4,wfjsp20,1259.0,584.0,0.5361397934868943,0.0161420500403551,0.0,3600.25
CP,wfjsp20_5,wfjsp20,1058.0,556.0,0.4744801512287334,0.011472275334608,0.0,3600.12
CP,wfjsp20_6,wfjsp20,1381.0,603.0,0.5633598841419262,0.0072939460247994,0.0,3600.5
CP,wfjsp20_7,wfjsp20,1224.0,506.0,0.5866013071895425,0.0277078085642317,0.0,3600.25
CP,wfjsp20_8,wfjsp20,1183.0,578.0,0.5114116652578191,0.0207075064710957,0.0,3600.12
CP,wfjsp20_9,wfjsp20,1200.0,535.0,0.5541666666666667,0.0256410256410256,0.0,3600.19
CP,wfjsp20_10,wfjsp20,1362.0,623.0,0.5425844346549192,0.0225225225225225,0.0,3600.19
CP,wfjsp21_1,wfjsp21,1049.0,657.0,0.3736892278360343,0.0334975369458128,0.0,3600.44
CP,wfjsp21_2,wfjsp21,1171.0,654.0,0.4415029888983774,0.0191470844212358,0.0,3600.62
CP,wfjsp21_3,wfjsp21,1046.0,623.0,0.4043977055449331,0.0155339805825242,0.0,3600.38
CP,wfjsp21_4,wfjsp21,1095.0,621.0,0.4328767123287671,0.0310734463276836,0.0,3600.5
CP,wfjsp21_5,wfjsp21,984.0,575.0,0.415650406504065,0.0228690228690228,0.0,3600.67
CP,wfjsp21_6,wfjsp21,1204.0,664.0,0.4485049833887043,0.0160337552742616,0.0,3600.39
CP,wfjsp21_7,wfjsp21,1015.0,734.0,0.2768472906403941,0.015,0.0,3600.31
CP,wfjsp21_8,wfjsp21,1088.0,639.0,0.4126838235294117,0.0391595033428844,0.0,3600.38
CP,wfjsp21_9,wfjsp21,1129.0,671.0,0.4056687333923826,0.0062388591800356,0.0,3600.25
CP,wfjsp21_10,wfjsp21,1120.0,747.0,0.3330357142857142,0.019108280254777,0.0,3600.25
CP,wfjsp22_1,wfjsp22,903.0,528.0,0.4152823920265781,0.0415224913494809,0.0,3600.5
CP,wfjsp22_2,wfjsp22,957.0,519.0,0.457680250783699,0.0180851063829787,0.0,3600.34
CP,wfjsp22_3,wfjsp22,1024.0,596.0,0.41796875,0.0332996972754793,0.0,3600.51
CP,wfjsp22_4,wfjsp22,989.0,580.0,0.4135490394337714,0.0269989615784008,0.0,3600.43
CP,wfjsp22_5,wfjsp22,874.0,536.0,0.3867276887871853,0.0392390011890606,0.0,3600.38
CP,wfjsp22_6,wfjsp22,1114.0,589.0,0.4712746858168761,0.0192131747483989,0.0,3600.25
CP,wfjsp22_7,wfjsp22,994.0,562.0,0.4346076458752515,0.0343392299687825,0.0,3600.5
CP,wfjsp22_8,wfjsp22,946.0,569.0,0.3985200845665962,0.0215982721382289,0.0,3600.44
CP,wfjsp22_9,wfjsp22,944.0,541.0,0.4269067796610169,0.0305676855895196,0.0,3600.48
CP,wfjsp22_10,wfjsp22,1084.0,604.0,0.4428044280442804,0.0393096836049856,0.0,3600.18
CP,wfjsp23_1,wfjsp23,1519.0,694.0,0.54312047399605,0.041838134430727,0.0,3600.5
CP,wfjsp23_2,wfjsp23,1595.0,779.0,0.5115987460815047,0.0217809096732863,0.0,3600.38
CP,wfjsp23_3,wfjsp23,1657.0,817.0,0.5069402534701267,0.0375704445835942,0.0,3600.38
CP,wfjsp23_4,wfjsp23,1572.0,800.0,0.4910941475826972,0.0207792207792207,0.0,3600.25
CP,wfjsp23_5,wfjsp23,1488.0,723.0,0.5141129032258065,0.0427470217238962,0.0,3600.5
CP,wfjsp23_6,wfjsp23,1866.0,886.0,0.5251875669882101,0.0264026402640264,0.0,3600.75
CP,wfjsp23_7,wfjsp23,1601.0,852.0,0.4678326046221112,0.0396103896103896,0.0,3600.76
CP,wfjsp23_8,wfjsp23,1597.0,745.0,0.5335003130870382,0.0289948453608247,0.0,3600.47
CP,wfjsp23_9,wfjsp23,1582.0,816.0,0.484197218710493,0.0326370757180156,0.0,3600.65
CP,wfjsp23_10,wfjsp23,1727.0,908.0,0.4742327735958309,0.0237107291049199,0.0,3600.42
CP,wfjsp24_1,wfjsp24,1201.0,528.0,0.5603663613655288,0.0434404865334491,0.0,3600.5
CP,wfjsp24_2,wfjsp24,1220.0,519.0,0.5745901639344262,0.0260723296888141,0.0,3600.13
CP,wfjsp24_3,wfjsp24,1330.0,596.0,0.5518796992481203,0.0580747812251392,0.0,3600.75
CP,wfjsp24_4,wfjsp24,1300.0,580.0,0.5538461538461539,0.0252365930599369,0.0,3600.62
CP,wfjsp24_5,wfjsp24,1113.0,536.0,0.518418688230009,0.0315106580166821,0.0,3600.38
CP,wfjsp24_6,wfjsp24,1487.0,623.0,0.5810356422326832,0.0226960110041265,0.0,3600.25
CP,wfjsp24_7,wfjsp24,1312.0,562.0,0.5716463414634146,0.0429252782193958,0.0,3600.3
CP,wfjsp24_8,wfjsp24,1263.0,569.0,0.5494853523357086,0.0352459016393442,0.0,3600.53
CP,wfjsp24_9,wfjsp24,1269.0,547.0,0.5689519306540584,0.0453047775947281,0.0,3600.38
CP,wfjsp24_10,wfjsp24,1407.0,604.0,0.5707178393745558,0.046875,0.0,3600.28
CP,MK1,MK,70.0,40.0,0.4285714285714285,0.0,0.0,3600.0
CP,MK2,MK,67.0,36.0,0.4626865671641791,0.0,0.0,3600.62
CP,MK3,MK,238.0,93.0,0.6092436974789915,0.0,0.0,3600.25
CP,MK4,MK,95.0,58.0,0.3894736842105263,0.0106382978723404,0.0,3600.0
CP,MK5,MK,299.0,84.0,0.7190635451505016,0.0101351351351351,0.0,3600.0
CP,MK6,MK,109.0,75.0,0.3119266055045872,0.0186915887850467,0.0,3600.25
CP,MK7,MK,222.0,61.0,0.7252252252252253,0.0136986301369863,0.0,3600.0
CP,MK8,MK,624.0,206.0,0.6698717948717948,0.0,0.0,3600.0
CP,MK9,MK,479.0,162.0,0.6617954070981211,0.0278969957081545,0.0,3600.25
CP,MK10,MK,326.0,218.0,0.3312883435582822,0.0349206349206349,0.0,3601.0
CP,DP1,DP,2921.0,1442.0,0.5063334474495036,0.0,0.0,3600.06
CP,DP2,DP,2914.0,1441.0,0.5054907343857241,0.0,0.0,3600.12
CP,DP3,DP,2910.0,1440.0,0.5051546391752577,0.0,0.0,3600.06
CP,DP4,DP,2911.0,1423.0,0.511164548265201,0.0,0.0,3600.19
CP,DP5,DP,2888.0,1402.0,0.5145429362880887,0.0,0.0,3600.0
CP,DP6,DP,2877.0,1388.0,0.5175530066041015,0.0,0.0,3600.25
CP,DP7,DP,2917.0,1939.0,0.3352759684607473,0.0,0.0,3600.25
CP,DP8,DP,2883.0,1440.0,0.5005202913631633,0.0,0.0,3600.19
CP,DP9,DP,2880.0,1436.0,0.5013888888888889,0.0031347962382445,0.0,3600.19
CP,DP10,DP,2922.0,1898.0,0.3504449007529089,0.0,0.0,3600.25
CP,DP11,DP,2876.0,1388.0,0.5173852573018081,0.0020905923344947,0.0,3600.12
CP,DP12,DP,2840.0,1357.0,0.5221830985915493,0.0142857142857142,0.0,3600.12
LBBD_CP,wfjsp1_1,wfjsp1,268.0,268.0,0.0,0.0,0.0,410.896
LBBD_CP,wfjsp1_2,wfjsp1,287.0,287.0,0.0,0.0,0.0,132.54
LBBD_CP,wfjsp1_3,wfjsp1,347.0,347.0,0.0,0.0,0.0,42.4248
LBBD_CP,wfjsp1_4,wfjsp1,315.0,315.0,0.0,0.0,0.0,1148.15
LBBD_CP,wfjsp1_5,wfjsp1,265.0,265.0,0.0,0.0,0.0,9.66402
LBBD_CP,wfjsp1_6,wfjsp1,291.0,286.0,0.0171821305841924,0.0,0.0,3600.07
LBBD_CP,wfjsp1_7,wfjsp1,265.0,265.0,0.0,0.0,0.0,132.094
LBBD_CP,wfjsp1_8,wfjsp1,328.0,328.0,0.0,0.0,0.0,33.7391
LBBD_CP,wfjsp1_9,wfjsp1,252.0,252.0,0.0,0.0,0.0,17.5265
LBBD_CP,wfjsp1_10,wfjsp1,316.0,316.0,0.0,0.0,0.0,9.01683
LBBD_CP,wfjsp2_1,wfjsp2,336.0,336.0,0.0,0.0,0.0,102.309
LBBD_CP,wfjsp2_2,wfjsp2,368.0,368.0,0.0,0.0,0.0,16.3102
LBBD_CP,wfjsp2_3,wfjsp2,421.0,416.0,0.01187648456057,0.0,0.0,3600.27
LBBD_CP,wfjsp2_4,wfjsp2,378.0,378.0,0.0,0.0,0.0,63.3897
LBBD_CP,wfjsp2_5,wfjsp2,270.0,270.0,0.0,0.0,0.0,2.79719
LBBD_CP,wfjsp2_6,wfjsp2,416.0,416.0,0.0,0.0,0.0,54.6786
LBBD_CP,wfjsp2_7,wfjsp2,395.0,395.0,0.0,0.0,0.0,401.003
LBBD_CP,wfjsp2_8,wfjsp2,414.0,414.0,0.0,0.0,0.0,169.635
LBBD_CP,wfjsp2_9,wfjsp2,329.0,329.0,0.0,0.0,0.0,65.7746
LBBD_CP,wfjsp2_10,wfjsp2,489.0,489.0,0.0,0.0,0.0,28.6586
LBBD_CP,wfjsp3_1,wfjsp3,419.0,418.0,0.0023866348448687,0.0,0.0,3600.16
LBBD_CP,wfjsp3_2,wfjsp3,543.0,538.0,0.009208103130755,0.0,0.0,3600.03
LBBD_CP,wfjsp3_3,wfjsp3,383.0,371.0,0.031331592689295,0.0,0.0,3600.38
LBBD_CP,wfjsp3_4,wfjsp3,446.0,437.0,0.0201793721973094,0.0067720090293453,0.0067720090293453,3600.02
LBBD_CP,wfjsp3_5,wfjsp3,284.0,277.0,0.0246478873239436,0.0,0.0,3600.24
LBBD_CP,wfjsp3_6,wfjsp3,532.0,510.0,0.0413533834586466,0.0056710775047258,0.0056710775047258,3600.91
LBBD_CP,wfjsp3_7,wfjsp3,345.0,334.0,0.0318840579710144,0.0087719298245614,0.0087719298245614,3600.15
LBBD_CP,wfjsp3_8,wfjsp3,492.0,486.0,0.0121951219512195,0.0,0.0,3600.02
LBBD_CP,wfjsp3_9,wfjsp3,534.0,497.0,0.0692883895131086,0.0,0.0,3601.38
LBBD_CP,wfjsp3_10,wfjsp3,455.0,409.0,0.1010989010989011,0.0,0.0,3600.29
LBBD_CP,wfjsp4_1,wfjsp4,288.0,272.0,0.0555555555555555,0.03971119133574,0.03971119133574,3600.57
LBBD_CP,wfjsp4_2,wfjsp4,352.0,343.0,0.0255681818181818,0.0114942528735632,0.0057142857142857,3601.12
LBBD_CP,wfjsp4_3,wfjsp4,376.0,350.0,0.0691489361702127,0.0444444444444444,0.0444444444444444,3600.04
LBBD_CP,wfjsp4_4,wfjsp4,321.0,313.0,0.0249221183800623,0.003125,0.003125,3600.54
LBBD_CP,wfjsp4_5,wfjsp4,290.0,260.0,0.1034482758620689,0.0,0.0,3600.67
LBBD_CP,wfjsp4_6,wfjsp4,371.0,346.0,0.0673854447439353,0.0450704225352112,0.0450704225352112,3600.81
LBBD_CP,wfjsp4_7,wfjsp4,291.0,286.0,0.0171821305841924,0.0104166666666666,0.0104166666666666,3600.34
LBBD_CP,wfjsp4_8,wfjsp4,320.0,307.0,0.040625,0.0126582278481012,0.0126582278481012,3600.02
LBBD_CP,wfjsp4_9,wfjsp4,288.0,288.0,0.0,0.0,0.0,2.44314
LBBD_CP,wfjsp4_10,wfjsp4,300.0,291.0,0.03,0.0238907849829351,0.0238907849829351,3600.61
LBBD_CP,wfjsp5_1,wfjsp5,632.0,572.0,0.0949367088607595,0.0394736842105263,0.0394736842105263,3600.03
LBBD_CP,wfjsp5_2,wfjsp5,671.0,610.0,0.0909090909090909,0.0517241379310344,0.0517241379310344,3600.04
LBBD_CP,wfjsp5_3,wfjsp5,654.0,589.0,0.0993883792048929,0.0447284345047923,0.0447284345047923,3600.05
LBBD_CP,wfjsp5_4,wfjsp5,770.0,695.0,0.0974025974025974,0.0664819944598338,0.0664819944598338,3601.07
LBBD_CP,wfjsp5_5,wfjsp5,762.0,690.0,0.0944881889763779,0.0583333333333333,0.0452674897119341,3600.05
LBBD_CP,wfjsp5_6,wfjsp5,773.0,693.0,0.1034928848641656,0.0560109289617486,0.0560109289617486,3601.05
LBBD_CP,wfjsp5_7,wfjsp5,785.0,713.0,0.0917197452229299,0.0411140583554376,0.0411140583554376,3600.06
LBBD_CP,wfjsp5_8,wfjsp5,716.0,639.0,0.1075418994413407,0.048316251830161,0.048316251830161,3600.05
LBBD_CP,wfjsp5_9,wfjsp5,617.0,546.0,0.1150729335494327,0.0601374570446735,0.0601374570446735,3600.04
LBBD_CP,wfjsp5_10,wfjsp5,646.0,559.0,0.1346749226006192,0.0303030303030303,0.0303030303030303,3600.03
LBBD_CP,wfjsp6_1,wfjsp6,693.0,644.0,0.0707070707070707,0.0176211453744493,0.0161290322580645,3600.04
LBBD_CP,wfjsp6_2,wfjsp6,788.0,746.0,0.0532994923857868,0.0102564102564102,0.0102564102564102,3600.04
LBBD_CP,wfjsp6_3,wfjsp6,781.0,708.0,0.0934699103713188,0.0625850340136054,0.0625850340136054,3600.03
LBBD_CP,wfjsp6_4,wfjsp6,859.0,774.0,0.0989522700814901,0.0697384806973848,0.0697384806973848,3600.06
LBBD_CP,wfjsp6_5,wfjsp6,920.0,815.0,0.1141304347826086,0.0900473933649289,0.0900473933649289,3600.04
LBBD_CP,wfjsp6_6,wfjsp6,838.0,776.0,0.0739856801909307,0.050125313283208,0.050125313283208,3600.06
LBBD_CP,wfjsp6_7,wfjsp6,863.0,795.0,0.0787949015063731,0.0322966507177033,0.0093567251461988,3600.04
LBBD_CP,wfjsp6_8,wfjsp6,821.0,728.0,0.1132764920828258,0.0816864295125164,0.0816864295125164,3600.05
LBBD_CP,wfjsp6_9,wfjsp6,702.0,652.0,0.0712250712250712,0.0233236151603498,0.0233236151603498,3600.03
LBBD_CP,wfjsp6_10,wfjsp6,733.0,666.0,0.0914051841746248,0.0486409155937052,0.0486409155937052,3600.04
LBBD_CP,wfjsp7_1,wfjsp7,866.0,776.0,0.1039260969976905,0.0625766871165644,0.0625766871165644,3600.08
LBBD_CP,wfjsp7_2,wfjsp7,1099.0,983.0,0.105550500454959,0.0638915779283639,0.058766859344894,3600.05
LBBD_CP,wfjsp7_3,wfjsp7,1183.0,1068.0,0.0972104818258664,0.0469026548672566,0.0441306266548985,3600.05
LBBD_CP,wfjsp7_4,wfjsp7,996.0,900.0,0.0963855421686747,0.056203605514316,0.0550847457627118,3600.06
LBBD_CP,wfjsp7_5,wfjsp7,861.0,778.0,0.0963995354239256,0.0722291407222914,0.0722291407222914,3600.05
LBBD_CP,wfjsp7_6,wfjsp7,1081.0,982.0,0.091581868640148,0.0702970297029703,0.0702970297029703,3600.06
LBBD_CP,wfjsp7_7,wfjsp7,992.0,887.0,0.1058467741935483,0.0678148546824542,0.0678148546824542,3600.05
LBBD_CP,wfjsp7_8,wfjsp7,948.0,848.0,0.1054852320675105,0.0748299319727891,0.0748299319727891,3600.05
LBBD_CP,wfjsp7_9,wfjsp7,859.0,797.0,0.0721769499417927,0.0153664302600472,0.0082159624413145,3600.04
LBBD_CP,wfjsp7_10,wfjsp7,952.0,885.0,0.0703781512605042,0.0473047304730473,0.0473047304730473,3600.06
LBBD_CP,wfjsp8_1,wfjsp8,1069.0,983.0,0.0804490177736202,0.0429268292682926,0.0429268292682926,3600.05
LBBD_CP,wfjsp8_2,wfjsp8,1286.0,1209.0,0.0598755832037325,0.0279776179056754,0.0279776179056754,3600.08
LBBD_CP,wfjsp8_3,wfjsp8,1423.0,1301.0,0.0857343640196767,0.0432551319648093,0.0432551319648093,3600.06
LBBD_CP,wfjsp8_4,wfjsp8,1246.0,1158.0,0.0706260032102728,0.0289017341040462,0.0289017341040462,3600.06
LBBD_CP,wfjsp8_5,wfjsp8,1066.0,1008.0,0.0544090056285178,0.0152380952380952,0.0152380952380952,3600.06
LBBD_CP,wfjsp8_6,wfjsp8,1316.0,1229.0,0.0661094224924012,0.0386740331491712,0.0386740331491712,3600.08
LBBD_CP,wfjsp8_7,wfjsp8,1191.0,1104.0,0.0730478589420654,0.0284974093264248,0.0284974093264248,3600.08
LBBD_CP,wfjsp8_8,wfjsp8,1194.0,1107.0,0.0728643216080402,0.0310880829015544,0.0310880829015544,3600.07
LBBD_CP,wfjsp8_9,wfjsp8,1067.0,995.0,0.0674789128397375,0.0220306513409961,0.0220306513409961,3600.08
LBBD_CP,wfjsp8_10,wfjsp8,1231.0,1163.0,0.0552396425670186,0.0309882747068676,0.0309882747068676,3600.1
LBBD_CP,wfjsp9_1,wfjsp9,1333.0,1239.0,0.0705176294073518,0.0152322924600152,0.0144596651445966,3600.09
LBBD_CP,wfjsp9_2,wfjsp9,1446.0,1337.0,0.0753803596127247,0.0328571428571428,0.0299145299145299,3600.07
LBBD_CP,wfjsp9_3,wfjsp9,1539.0,1419.0,0.0779727095516569,0.0377612946729602,0.0377612946729602,3600.08
LBBD_CP,wfjsp9_4,wfjsp9,1389.0,1300.0,0.0640748740100791,0.0235814296241709,0.0235814296241709,3600.09
LBBD_CP,wfjsp9_5,wfjsp9,1301.0,1209.0,0.0707148347425057,0.0433039294306335,0.0433039294306335,3600.1
LBBD_CP,wfjsp9_6,wfjsp9,1441.0,1342.0,0.0687022900763358,0.041937816341287,0.041937816341287,3600.1
LBBD_CP,wfjsp9_7,wfjsp9,1340.0,1248.0,0.0686567164179104,0.0166919575113808,0.0166919575113808,3600.13
LBBD_CP,wfjsp9_8,wfjsp9,1421.0,1315.0,0.0745953553835327,0.0252525252525252,0.0252525252525252,3600.11
LBBD_CP,wfjsp9_9,wfjsp9,1298.0,1227.0,0.0546995377503852,0.0046439628482972,0.0030911901081916,3600.06
LBBD_CP,wfjsp9_10,wfjsp9,1475.0,1375.0,0.0677966101694915,0.0431400282885431,0.0431400282885431,3600.08
LBBD_CP,wfjsp10_1,wfjsp10,849.0,695.0,0.1813898704358068,0.0968992248062015,0.087067861715749,3600.09
LBBD_CP,wfjsp10_2,wfjsp10,967.0,763.0,0.2109617373319545,0.1566985645933014,0.1566985645933014,3600.17
LBBD_CP,wfjsp10_3,wfjsp10,1018.0,840.0,0.174852652259332,0.1029252437703141,0.1029252437703141,3600.15
LBBD_CP,wfjsp10_4,wfjsp10,927.0,784.0,0.1542610571736785,0.0655172413793103,0.0618556701030927,3600.15
LBBD_CP,wfjsp10_5,wfjsp10,817.0,657.0,0.1958384332925336,0.120713305898491,0.1145975443383356,3600.11
LBBD_CP,wfjsp10_6,wfjsp10,984.0,829.0,0.157520325203252,0.0982142857142857,0.0982142857142857,3600.06
LBBD_CP,wfjsp10_7,wfjsp10,912.0,743.0,0.1853070175438596,0.1135531135531135,0.1135531135531135,3600.17
LBBD_CP,wfjsp10_8,wfjsp10,901.0,740.0,0.1786903440621531,0.0934466019417475,0.0934466019417475,3600.12
LBBD_CP,wfjsp10_9,wfjsp10,895.0,710.0,0.2067039106145251,0.1145703611457036,0.1145703611457036,3600.2
LBBD_CP,wfjsp10_10,wfjsp10,1002.0,785.0,0.216566866267465,0.1664726426076833,0.1664726426076833,3600.14
LBBD_CP,wfjsp11_1,wfjsp11,1127.0,873.0,0.225377107364685,0.1630546955624355,0.1630546955624355,3600.17
LBBD_CP,wfjsp11_2,wfjsp11,1352.0,1079.0,0.2019230769230769,0.1418918918918918,0.1418918918918918,3600.1
LBBD_CP,wfjsp11_3,wfjsp11,1323.0,1040.0,0.2139077853363567,0.1514360313315927,0.1514360313315927,3600.21
LBBD_CP,wfjsp11_4,wfjsp11,1302.0,1029.0,0.2096774193548387,0.1471365638766519,0.1471365638766519,3600.18
LBBD_CP,wfjsp11_5,wfjsp11,1362.0,1083.0,0.2048458149779735,0.1542372881355932,0.1542372881355932,3600.22
LBBD_CP,wfjsp11_6,wfjsp11,1105.0,873.0,0.2099547511312217,0.1792956243329775,0.1792956243329775,3600.19
LBBD_CP,wfjsp11_7,wfjsp11,1103.0,900.0,0.1840435176790571,0.0942460317460317,0.0866995073891625,3600.19
LBBD_CP,wfjsp11_8,wfjsp11,1178.0,921.0,0.2181663837011884,0.1414728682170542,0.1414728682170542,3600.16
LBBD_CP,wfjsp11_9,wfjsp11,1294.0,1009.0,0.2202472952086553,0.1390845070422535,0.1390845070422535,3600.18
LBBD_CP,wfjsp11_10,wfjsp11,1304.0,1023.0,0.2154907975460122,0.1952337305224564,0.1952337305224564,3600.19
LBBD_CP,wfjsp12_1,wfjsp12,972.0,819.0,0.1574074074074074,0.0848214285714285,0.0848214285714285,3600.19
LBBD_CP,wfjsp12_2,wfjsp12,1112.0,917.0,0.1753597122302158,0.115346038114343,0.115346038114343,3600.19
LBBD_CP,wfjsp12_3,wfjsp12,1200.0,980.0,0.1833333333333333,0.1059907834101382,0.0879419764279238,3600.22
LBBD_CP,wfjsp12_4,wfjsp12,1095.0,937.0,0.1442922374429223,0.0682926829268292,0.0662122687439143,3600.12
LBBD_CP,wfjsp12_5,wfjsp12,951.0,801.0,0.1577287066246056,0.0943613348676639,0.0943613348676639,3600.19
LBBD_CP,wfjsp12_6,wfjsp12,1252.0,1049.0,0.1621405750798722,0.1040564373897707,0.1040564373897707,3600.22
LBBD_CP,wfjsp12_7,wfjsp12,1073.0,893.0,0.1677539608574091,0.0773092369477911,0.0540275049115913,3600.1
LBBD_CP,wfjsp12_8,wfjsp12,1071.0,875.0,0.1830065359477124,0.0950920245398773,0.0928571428571428,3600.12
LBBD_CP,wfjsp12_9,wfjsp12,1081.0,883.0,0.183163737280296,0.1030612244897959,0.0864321608040201,3600.06
LBBD_CP,wfjsp12_10,wfjsp12,1183.0,1021.0,0.1369399830938292,0.0764331210191082,0.0764331210191082,3600.19
LBBD_CP,wfjsp13_1,wfjsp13,1010.0,750.0,0.2574257425742574,0.1662817551963048,0.1662817551963048,3600.2
LBBD_CP,wfjsp13_2,wfjsp13,1154.0,845.0,0.2677642980935875,0.1995841995841996,0.1995841995841996,3600.38
LBBD_CP,wfjsp13_3,wfjsp13,1039.0,760.0,0.2685274302213667,0.1915137614678899,0.1766704416761041,3600.32
LBBD_CP,wfjsp13_4,wfjsp13,1095.0,791.0,0.2776255707762557,0.2059471365638766,0.2059471365638766,3600.38
LBBD_CP,wfjsp13_5,wfjsp13,991.0,713.0,0.2805247225025227,0.2249690976514215,0.2249690976514215,3600.4
LBBD_CP,wfjsp13_6,wfjsp13,1226.0,880.0,0.2822185970636215,0.2408906882591093,0.2408906882591093,3600.37
LBBD_CP,wfjsp13_7,wfjsp13,987.0,734.0,0.2563323201621074,0.1476744186046511,0.128,3600.28
LBBD_CP,wfjsp13_8,wfjsp13,1047.0,768.0,0.2664756446991404,0.1698324022346368,0.1646273637374861,3600.41
LBBD_CP,wfjsp13_9,wfjsp13,1138.0,826.0,0.2741652021089631,0.1841831425598335,0.1768355739400207,3600.17
LBBD_CP,wfjsp13_10,wfjsp13,1146.0,823.0,0.281849912739965,0.2510917030567685,0.2510917030567685,3600.28
LBBD_CP,wfjsp14_1,wfjsp14,845.0,649.0,0.2319526627218935,0.1388140161725067,0.1342281879194631,3600.3
LBBD_CP,wfjsp14_2,wfjsp14,892.0,700.0,0.2152466367713004,0.12484237074401,0.12484237074401,3600.31
LBBD_CP,wfjsp14_3,wfjsp14,936.0,736.0,0.2136752136752136,0.1263537906137184,0.1037735849056603,3600.2
LBBD_CP,wfjsp14_4,wfjsp14,935.0,720.0,0.2299465240641711,0.1600496277915633,0.1600496277915633,3600.44
LBBD_CP,wfjsp14_5,wfjsp14,830.0,628.0,0.2433734939759036,0.1657303370786516,0.1608391608391608,3600.31
LBBD_CP,wfjsp14_6,wfjsp14,1050.0,818.0,0.2209523809523809,0.1500547645125958,0.1500547645125958,3600.11
LBBD_CP,wfjsp14_7,wfjsp14,955.0,709.0,0.2575916230366492,0.1689106487148103,0.1561743341404358,3600.36
LBBD_CP,wfjsp14_8,wfjsp14,893.0,686.0,0.2318029115341545,0.1419437340153452,0.1419437340153452,3600.42
LBBD_CP,wfjsp14_9,wfjsp14,911.0,687.0,0.2458836443468715,0.1709511568123393,0.1488020176544766,3600.13
LBBD_CP,wfjsp14_10,wfjsp14,1007.0,792.0,0.2135054617676266,0.1469248291571754,0.1469248291571754,3600.27
LBBD_CP,wfjsp15_1,wfjsp15,1474.0,1093.0,0.2584803256445047,0.1726332537788385,0.17077045274027,3600.35
LBBD_CP,wfjsp15_2,wfjsp15,1584.0,1154.0,0.2714646464646464,0.2054794520547945,0.2054794520547945,3600.27
LBBD_CP,wfjsp15_3,wfjsp15,1658.0,1184.0,0.2858866103739445,0.2281481481481481,0.2049418604651162,3600.37
LBBD_CP,wfjsp15_4,wfjsp15,1517.0,1155.0,0.2386288727752142,0.1597859327217125,0.1597859327217125,3600.54
LBBD_CP,wfjsp15_5,wfjsp15,1424.0,1069.0,0.2492977528089887,0.1886477462437395,0.1886477462437395,3600.87
LBBD_CP,wfjsp15_6,wfjsp15,1828.0,1354.0,0.2592997811816193,0.2105960264900662,0.2105960264900662,3600.39
LBBD_CP,wfjsp15_7,wfjsp15,1488.0,1136.0,0.2365591397849462,0.1332825590251332,0.1204819277108433,3600.54
LBBD_CP,wfjsp15_8,wfjsp15,1547.0,1148.0,0.2579185520361991,0.1791158536585365,0.1657874905802562,3600.89
LBBD_CP,wfjsp15_9,wfjsp15,1547.0,1137.0,0.2650290885585003,0.1909160892994611,0.1649096385542168,3600.31
LBBD_CP,wfjsp15_10,wfjsp15,1687.0,1267.0,0.2489626556016597,0.192226148409894,0.192226148409894,3600.51
LBBD_CP,wfjsp16_1,wfjsp16,1088.0,872.0,0.1985294117647058,0.1124744376278118,0.093467336683417,3600.42
LBBD_CP,wfjsp16_2,wfjsp16,1137.0,900.0,0.20844327176781,0.1246290801186943,0.1246290801186943,3600.32
LBBD_CP,wfjsp16_3,wfjsp16,1200.0,951.0,0.2075,0.1331444759206798,0.0938924339106654,3600.47
LBBD_CP,wfjsp16_4,wfjsp16,1192.0,960.0,0.1946308724832214,0.1192488262910798,0.1098696461824953,3600.45
LBBD_CP,wfjsp16_5,wfjsp16,1012.0,813.0,0.1966403162055336,0.1194690265486725,0.1194690265486725,3600.17
LBBD_CP,wfjsp16_6,wfjsp16,1345.0,1098.0,0.1836431226765799,0.1006546644844517,0.1006546644844517,3600.36
LBBD_CP,wfjsp16_7,wfjsp16,1195.0,938.0,0.2150627615062761,0.1252354048964218,0.0923217550274223,3600.24
LBBD_CP,wfjsp16_8,wfjsp16,1139.0,916.0,0.1957857769973661,0.1058252427184466,0.0857959961868446,3600.17
LBBD_CP,wfjsp16_9,wfjsp16,1144.0,913.0,0.2019230769230769,0.1171875,0.0843601895734597,3600.15
LBBD_CP,wfjsp16_10,wfjsp16,1275.0,1024.0,0.1968627450980392,0.1135371179039301,0.1135371179039301,3600.23
LBBD_CP,wfjsp17_1,wfjsp17,1556.0,1537.0,0.012210796915167,0.0006430868167202,-0.0182965299684542,3600.12
LBBD_CP,wfjsp17_2,wfjsp17,1726.0,1671.0,0.0318655851680185,0.0135055783910745,-0.0028885037550548,3600.07
LBBD_CP,wfjsp17_3,wfjsp17,1822.0,1779.0,0.0236004390779363,0.0022002200220022,-0.0076252723311546,3600.07
LBBD_CP,wfjsp17_4,wfjsp17,1666.0,1623.0,0.0258103241296518,0.0177153329260843,-0.0023952095808383,3600.07
LBBD_CP,wfjsp17_5,wfjsp17,1556.0,1515.0,0.0263496143958868,0.0123617436564736,-0.0012836970474967,3600.06
LBBD_CP,wfjsp17_6,wfjsp17,1704.0,1671.0,0.0193661971830985,0.0,-0.0023419203747072,3600.04
LBBD_CP,wfjsp17_7,wfjsp17,1557.0,1543.0,0.0089916506101477,0.0,-0.0256570713391739,3600.06
LBBD_CP,wfjsp17_8,wfjsp17,1689.0,1670.0,0.0112492599171107,0.0089605734767025,-0.0163075131042516,3600.08
LBBD_CP,wfjsp17_9,wfjsp17,1565.0,1531.0,0.0217252396166134,0.0038486209108402,-0.0175768989328311,3600.05
LBBD_CP,wfjsp17_10,wfjsp17,1737.0,1717.0,0.0115141047783534,0.0017301038062283,-0.0074285714285714,3600.05
LBBD_CP,wfjsp18_1,wfjsp18,976.0,866.0,0.1127049180327868,0.0505920344456404,0.0505920344456404,3600.09
LBBD_CP,wfjsp18_2,wfjsp18,1081.0,949.0,0.122109158186864,0.0702970297029703,0.0702970297029703,3600.14
LBBD_CP,wfjsp18_3,wfjsp18,1159.0,1040.0,0.1026747195858498,0.0507706255666364,0.0348214285714285,3600.07
LBBD_CP,wfjsp18_4,wfjsp18,1090.0,977.0,0.1036697247706422,0.0511089681774349,0.0511089681774349,3600.14
LBBD_CP,wfjsp18_5,wfjsp18,899.0,817.0,0.0912124582869855,0.0526932084309133,0.0526932084309133,3600.12
LBBD_CP,wfjsp18_6,wfjsp18,1131.0,1036.0,0.0839964633068081,0.0452865064695009,0.0433579335793357,3600.12
LBBD_CP,wfjsp18_7,wfjsp18,1062.0,931.0,0.123352165725047,0.0588235294117647,0.0588235294117647,3600.15
LBBD_CP,wfjsp18_8,wfjsp18,1038.0,916.0,0.117533718689788,0.0495449949443882,0.0484848484848484,3600.13
LBBD_CP,wfjsp18_9,wfjsp18,978.0,877.0,0.1032719836400818,0.0360169491525423,0.0360169491525423,3600.11
LBBD_CP,wfjsp18_10,wfjsp18,1065.0,976.0,0.0835680751173709,0.0451422963689892,0.0451422963689892,3600.15
LBBD_CP,wfjsp19_1,wfjsp19,1256.0,1090.0,0.1321656050955414,0.066213921901528,0.0501672240802675,3600.17
LBBD_CP,wfjsp19_2,wfjsp19,1511.0,1349.0,0.1072137657180675,0.040633608815427,0.027192386131883,3600.13
LBBD_CP,wfjsp19_3,wfjsp19,1495.0,1293.0,0.1351170568561873,0.0732232591529074,0.0633001422475106,3600.14
LBBD_CP,wfjsp19_4,wfjsp19,1425.0,1286.0,0.0975438596491228,0.0348583877995642,0.01931330472103,3600.2
LBBD_CP,wfjsp19_5,wfjsp19,1535.0,1350.0,0.1205211726384364,0.0741777466759972,0.0630193905817174,3600.07
LBBD_CP,wfjsp19_6,wfjsp19,1197.0,1090.0,0.0893901420217209,0.03457216940363,0.0336787564766839,3600.13
LBBD_CP,wfjsp19_7,wfjsp19,1257.0,1130.0,0.1010342084327764,0.0422885572139303,0.0169902912621359,3600.13
LBBD_CP,wfjsp19_8,wfjsp19,1286.0,1145.0,0.1096423017107309,0.0345937248592115,0.0288,3600.15
LBBD_CP,wfjsp19_9,wfjsp19,1436.0,1257.0,0.1246518105849582,0.0589970501474926,0.0345821325648415,3600.18
LBBD_CP,wfjsp19_10,wfjsp19,1396.0,1278.0,0.0845272206303724,0.044128646222887,0.0333086602516654,3600.15
LBBD_CP,wfjsp20_1,wfjsp20,1128.0,1013.0,0.101950354609929,0.0561797752808988,0.020814479638009,3600.21
LBBD_CP,wfjsp20_2,wfjsp20,1269.0,1145.0,0.0977147360126083,0.0513670256835128,0.0393120393120393,3600.16
LBBD_CP,wfjsp20_3,wfjsp20,1363.0,1219.0,0.1056493030080704,0.054137664346481,0.0263554216867469,3600.21
LBBD_CP,wfjsp20_4,wfjsp20,1300.0,1169.0,0.1007692307692307,0.0492332526230831,0.0325655281969817,3600.17
LBBD_CP,wfjsp20_5,wfjsp20,1081.0,1003.0,0.0721554116558741,0.0334608030592734,0.0217391304347826,3600.04
LBBD_CP,wfjsp20_6,wfjsp20,1411.0,1309.0,0.072289156626506,0.0291757840991976,0.0217233888486603,3600.13
LBBD_CP,wfjsp20_7,wfjsp20,1223.0,1117.0,0.0866721177432543,0.0268681780016792,-0.0008169934640522,3600.1
LBBD_CP,wfjsp20_8,wfjsp20,1210.0,1089.0,0.1,0.0440034512510785,0.0228233305156382,3600.16
LBBD_CP,wfjsp20_9,wfjsp20,1206.0,1104.0,0.0845771144278607,0.0307692307692307,0.005,3600.18
LBBD_CP,wfjsp20_10,wfjsp20,1403.0,1276.0,0.0905203136136849,0.0533033033033033,0.0301027900146842,3600.13
LBBD_CP,wfjsp21_1,wfjsp21,1111.0,937.0,0.1566156615661566,0.0945812807881773,0.0591039084842707,3600.25
LBBD_CP,wfjsp21_2,wfjsp21,1276.0,1053.0,0.1747648902821316,0.1105308964316797,0.089666951323655,3600.39
LBBD_CP,wfjsp21_3,wfjsp21,1121.0,947.0,0.1552185548617305,0.0883495145631068,0.0717017208413001,3600.19
LBBD_CP,wfjsp21_4,wfjsp21,1197.0,988.0,0.1746031746031746,0.1271186440677966,0.0931506849315068,3600.17
LBBD_CP,wfjsp21_5,wfjsp21,1070.0,896.0,0.1626168224299065,0.1122661122661122,0.0873983739837398,3600.27
LBBD_CP,wfjsp21_6,wfjsp21,1290.0,1098.0,0.1488372093023255,0.0886075949367088,0.0714285714285714,3600.2
LBBD_CP,wfjsp21_7,wfjsp21,1096.0,914.0,0.1660583941605839,0.096,0.0798029556650246,3600.31
LBBD_CP,wfjsp21_8,wfjsp21,1154.0,959.0,0.1689774696707105,0.102196752626552,0.0606617647058823,3600.39
LBBD_CP,wfjsp21_9,wfjsp21,1253.0,1025.0,0.1819632881085395,0.1167557932263814,0.1098317094774136,3600.41
LBBD_CP,wfjsp21_10,wfjsp21,1219.0,1023.0,0.1607875307629204,0.1091901728844404,0.0883928571428571,3600.26
LBBD_CP,wfjsp22_1,wfjsp22,939.0,810.0,0.1373801916932907,0.0830449826989619,0.0398671096345514,3600.35
LBBD_CP,wfjsp22_2,wfjsp22,1012.0,873.0,0.1373517786561265,0.076595744680851,0.057471264367816,3600.11
LBBD_CP,wfjsp22_3,wfjsp22,1033.0,918.0,0.111326234269119,0.0423814328960645,0.0087890625,3600.35
LBBD_CP,wfjsp22_4,wfjsp22,1025.0,898.0,0.1239024390243902,0.0643821391484942,0.0364004044489383,3600.23
LBBD_CP,wfjsp22_5,wfjsp22,924.0,790.0,0.145021645021645,0.0986920332936979,0.05720823798627,3600.3
LBBD_CP,wfjsp22_6,wfjsp22,1214.0,1022.0,0.158154859967051,0.1107044830741079,0.0897666068222621,3600.11
LBBD_CP,wfjsp22_7,wfjsp22,1043.0,887.0,0.149568552253116,0.0853277835587929,0.0492957746478873,3600.27
LBBD_CP,wfjsp22_8,wfjsp22,980.0,856.0,0.1265306122448979,0.0583153347732181,0.0359408033826638,3600.15
LBBD_CP,wfjsp22_9,wfjsp22,993.0,853.0,0.1409869083585095,0.084061135371179,0.0519067796610169,3600.25
LBBD_CP,wfjsp22_10,wfjsp22,1121.0,985.0,0.1213202497769848,0.074784276126558,0.0341328413284132,3600.16
LBBD_CP,wfjsp23_1,wfjsp23,1590.0,1365.0,0.1415094339622641,0.0905349794238683,0.0467412771560237,3600.38
LBBD_CP,wfjsp23_2,wfjsp23,1704.0,1440.0,0.1549295774647887,0.0916079436258808,0.0683385579937304,3600.82
LBBD_CP,wfjsp23_3,wfjsp23,1784.0,1480.0,0.1704035874439461,0.1170945522855353,0.0766445383222691,3600.57
LBBD_CP,wfjsp23_4,wfjsp23,1759.0,1441.0,0.1807845366685616,0.1422077922077922,0.1189567430025445,3600.41
LBBD_CP,wfjsp23_5,wfjsp23,1621.0,1345.0,0.1702652683528686,0.1359495444989488,0.0893817204301075,3600.38
LBBD_CP,wfjsp23_6,wfjsp23,2078.0,1691.0,0.1862367661212704,0.143014301430143,0.1136120042872454,3600.34
LBBD_CP,wfjsp23_7,wfjsp23,1719.0,1420.0,0.1739383362420011,0.1162337662337662,0.0737039350405996,3600.59
LBBD_CP,wfjsp23_8,wfjsp23,1745.0,1431.0,0.1799426934097421,0.1243556701030927,0.0926737633061991,3600.68
LBBD_CP,wfjsp23_9,wfjsp23,1710.0,1414.0,0.1730994152046783,0.1161879895561357,0.0809102402022756,3600.6
LBBD_CP,wfjsp23_10,wfjsp23,1884.0,1574.0,0.1645435244161358,0.1167753408417308,0.0909090909090909,3600.49
LBBD_CP,wfjsp24_1,wfjsp24,1227.0,1089.0,0.1124694376528117,0.0660295395308427,0.0216486261448792,3600.16
LBBD_CP,wfjsp24_2,wfjsp24,1260.0,1122.0,0.1095238095238095,0.0597140454163162,0.0327868852459016,3600.31
LBBD_CP,wfjsp24_3,wfjsp24,1349.0,1187.0,0.1200889547813194,0.0731901352426412,0.0142857142857142,3600.13
LBBD_CP,wfjsp24_4,wfjsp24,1364.0,1199.0,0.1209677419354838,0.0757097791798107,0.0492307692307692,3600.38
LBBD_CP,wfjsp24_5,wfjsp24,1159.0,1024.0,0.1164797238999137,0.0741427247451343,0.0413297394429469,3600.11
LBBD_CP,wfjsp24_6,wfjsp24,1562.0,1372.0,0.1216389244558258,0.0742778541953232,0.050437121721587,3600.23
LBBD_CP,wfjsp24_7,wfjsp24,1362.0,1173.0,0.1387665198237885,0.0826709062003179,0.0381097560975609,3600.2
LBBD_CP,wfjsp24_8,wfjsp24,1291.0,1144.0,0.1138652207591014,0.0581967213114754,0.0221694378463974,3600.14
LBBD_CP,wfjsp24_9,wfjsp24,1281.0,1134.0,0.1147540983606557,0.0551894563426688,0.0094562647754137,3600.31
LBBD_CP,wfjsp24_10,wfjsp24,1433.0,1273.0,0.1116538729937194,0.0662202380952381,0.0184790334044065,3600.16
LBBD_CP,MK1,MK,71.0,68.0,0.0422535211267605,0.0142857142857142,0.0142857142857142,3600.03
LBBD_CP,MK2,MK,68.0,66.0,0.0294117647058823,0.0149253731343283,0.0149253731343283,3600.05
LBBD_CP,MK3,MK,239.0,238.0,0.00418410041841,0.0042016806722689,0.0042016806722689,3600.11
LBBD_CP,MK4,MK,95.0,89.0,0.0631578947368421,0.0106382978723404,0.0,3600.07
LBBD_CP,MK5,MK,296.0,296.0,0.0,0.0,-0.0100334448160535,336.537
LBBD_CP,MK6,MK,112.0,88.0,0.2142857142857142,0.0467289719626168,0.0275229357798165,3600.13
LBBD_CP,MK7,MK,220.0,219.0,0.0045454545454545,0.0045662100456621,-0.009009009009009,3600.06
LBBD_CP,MK8,MK,624.0,624.0,0.0,0.0,0.0,1063.57
LBBD_CP,MK9,MK,472.0,450.0,0.0466101694915254,0.0128755364806866,-0.0146137787056367,3600.1
LBBD_CP,MK10,MK,318.0,293.0,0.0786163522012578,0.0095238095238095,-0.0245398773006134,3600.23
LBBD_CP,DP1,DP,3111.0,2883.0,0.073288331726133,0.0650462170489558,0.0650462170489558,3600.06
LBBD_CP,DP2,DP,2959.0,2881.0,0.0263602568435282,0.015442690459849,0.015442690459849,3600.07
LBBD_CP,DP3,DP,2972.0,2881.0,0.0306191117092866,0.0213058419243986,0.0213058419243986,3600.06
LBBD_CP,DP4,DP,3035.0,2865.0,0.0560131795716639,0.0425970456887667,0.0425970456887667,3600.07
LBBD_CP,DP5,DP,2950.0,2834.0,0.039322033898305,0.0214681440443213,0.0214681440443213,3600.08
LBBD_CP,DP6,DP,2902.0,2801.0,0.0348035837353549,0.0086896072297532,0.0086896072297532,3600.08
LBBD_CP,DP7,DP,3091.0,2847.0,0.0789388547395664,0.0596503256770654,0.0596503256770654,3600.14
LBBD_CP,DP8,DP,2987.0,2835.0,0.0508871777703381,0.0360735345126604,0.0360735345126604,3600.18
LBBD_CP,DP9,DP,2902.0,2829.0,0.0251550654720882,0.0107976314872866,0.0076388888888888,3600.17
LBBD_CP,DP10,DP,3079.0,2848.0,0.0750243585579733,0.0537303216974674,0.0537303216974674,3600.14
LBBD_CP,DP11,DP,2924.0,2788.0,0.0465116279069767,0.0188153310104529,0.0166898470097357,3600.15
LBBD_CP,DP12,DP,2875.0,2724.0,0.0525217391304347,0.0267857142857142,0.0123239436619718,3600.1
CP_LBBD_CP,wfjsp1_1,wfjsp1,268.0,268.0,0.0,0.0,0.0,1.34613
CP_LBBD_CP,wfjsp1_2,wfjsp1,287.0,287.0,0.0,0.0,0.0,0.212552
CP_LBBD_CP,wfjsp1_3,wfjsp1,347.0,347.0,0.0,0.0,0.0,0.870813
CP_LBBD_CP,wfjsp1_4,wfjsp1,315.0,315.0,0.0,0.0,0.0,3.03582
CP_LBBD_CP,wfjsp1_5,wfjsp1,265.0,265.0,0.0,0.0,0.0,0.987526
CP_LBBD_CP,wfjsp1_6,wfjsp1,291.0,291.0,0.0,0.0,0.0,2.83098
CP_LBBD_CP,wfjsp1_7,wfjsp1,265.0,265.0,0.0,0.0,0.0,2.62812
CP_LBBD_CP,wfjsp1_8,wfjsp1,328.0,328.0,0.0,0.0,0.0,2.08766
CP_LBBD_CP,wfjsp1_9,wfjsp1,252.0,252.0,0.0,0.0,0.0,1.38111
CP_LBBD_CP,wfjsp1_10,wfjsp1,316.0,316.0,0.0,0.0,0.0,8.91891
CP_LBBD_CP,wfjsp2_1,wfjsp2,336.0,336.0,0.0,0.0,0.0,37.5062
CP_LBBD_CP,wfjsp2_2,wfjsp2,368.0,368.0,0.0,0.0,0.0,31.315
CP_LBBD_CP,wfjsp2_3,wfjsp2,421.0,421.0,0.0,0.0,0.0,16.0182
CP_LBBD_CP,wfjsp2_4,wfjsp2,378.0,378.0,0.0,0.0,0.0,54.0686
CP_LBBD_CP,wfjsp2_5,wfjsp2,270.0,270.0,0.0,0.0,0.0,1.92023
CP_LBBD_CP,wfjsp2_6,wfjsp2,416.0,416.0,0.0,0.0,0.0,141.921
CP_LBBD_CP,wfjsp2_7,wfjsp2,395.0,395.0,0.0,0.0,0.0,201.031
CP_LBBD_CP,wfjsp2_8,wfjsp2,414.0,414.0,0.0,0.0,0.0,78.6095
CP_LBBD_CP,wfjsp2_9,wfjsp2,329.0,329.0,0.0,0.0,0.0,13.2989
CP_LBBD_CP,wfjsp2_10,wfjsp2,489.0,489.0,0.0,0.0,0.0,1801.06
CP_LBBD_CP,wfjsp3_1,wfjsp3,419.0,419.0,0.0,0.0,0.0,81.1368
CP_LBBD_CP,wfjsp3_2,wfjsp3,543.0,543.0,0.0,0.0,0.0,223.209
CP_LBBD_CP,wfjsp3_3,wfjsp3,383.0,383.0,0.0,0.0,0.0,1.50785
CP_LBBD_CP,wfjsp3_4,wfjsp3,443.0,443.0,0.0,0.0,0.0,77.8614
CP_LBBD_CP,wfjsp3_5,wfjsp3,284.0,284.0,0.0,0.0,0.0,6.12289
CP_LBBD_CP,wfjsp3_6,wfjsp3,529.0,509.0,0.0378071833648393,0.0,0.0,3600.17
CP_LBBD_CP,wfjsp3_7,wfjsp3,342.0,342.0,0.0,0.0,0.0,9.16911
CP_LBBD_CP,wfjsp3_8,wfjsp3,492.0,492.0,0.0,0.0,0.0,170.911
CP_LBBD_CP,wfjsp3_9,wfjsp3,534.0,534.0,0.0,0.0,0.0,2.11329
CP_LBBD_CP,wfjsp3_10,wfjsp3,455.0,455.0,0.0,0.0,0.0,11.5272
CP_LBBD_CP,wfjsp4_1,wfjsp4,277.0,277.0,0.0,0.0,0.0,1345.61
CP_LBBD_CP,wfjsp4_2,wfjsp4,350.0,342.0,0.0228571428571428,0.0057471264367816,0.0,3600.52
CP_LBBD_CP,wfjsp4_3,wfjsp4,360.0,360.0,0.0,0.0,0.0,388.593
CP_LBBD_CP,wfjsp4_4,wfjsp4,320.0,312.0,0.025,0.0,0.0,3600.5
CP_LBBD_CP,wfjsp4_5,wfjsp4,290.0,290.0,0.0,0.0,0.0,3.18454
CP_LBBD_CP,wfjsp4_6,wfjsp4,355.0,346.0,0.0253521126760563,0.0,0.0,3600.73
CP_LBBD_CP,wfjsp4_7,wfjsp4,288.0,288.0,0.0,0.0,0.0,440.422
CP_LBBD_CP,wfjsp4_8,wfjsp4,316.0,307.0,0.0284810126582278,0.0,0.0,3600.52
CP_LBBD_CP,wfjsp4_9,wfjsp4,288.0,288.0,0.0,0.0,0.0,55.9395
CP_LBBD_CP,wfjsp4_10,wfjsp4,293.0,293.0,0.0,0.0,0.0,66.0095
CP_LBBD_CP,wfjsp5_1,wfjsp5,608.0,572.0,0.0592105263157894,0.0,0.0,3601.06
CP_LBBD_CP,wfjsp5_2,wfjsp5,638.0,610.0,0.0438871473354232,0.0,0.0,3601.06
CP_LBBD_CP,wfjsp5_3,wfjsp5,640.0,589.0,0.0796875,0.0223642172523961,0.0223642172523961,3600.04
CP_LBBD_CP,wfjsp5_4,wfjsp5,722.0,695.0,0.0373961218836565,0.0,0.0,3600.03
CP_LBBD_CP,wfjsp5_5,wfjsp5,733.0,690.0,0.058663028649386,0.0180555555555555,0.0054869684499314,3600.07
CP_LBBD_CP,wfjsp5_6,wfjsp5,732.0,692.0,0.0546448087431694,0.0,0.0,3600.05
CP_LBBD_CP,wfjsp5_7,wfjsp5,754.0,713.0,0.0543766578249336,0.0,0.0,3600.03
CP_LBBD_CP,wfjsp5_8,wfjsp5,683.0,639.0,0.0644216691068814,0.0,0.0,3601.07
CP_LBBD_CP,wfjsp5_9,wfjsp5,589.0,545.0,0.0747028862478777,0.0120274914089347,0.0120274914089347,3600.02
CP_LBBD_CP,wfjsp5_10,wfjsp5,627.0,627.0,0.0,0.0,0.0,1440.37
CP_LBBD_CP,wfjsp6_1,wfjsp6,682.0,644.0,0.0557184750733137,0.0014684287812041,0.0,3600.05
CP_LBBD_CP,wfjsp6_2,wfjsp6,783.0,746.0,0.0472541507024265,0.0038461538461538,0.0038461538461538,3600.03
CP_LBBD_CP,wfjsp6_3,wfjsp6,740.0,708.0,0.0432432432432432,0.0068027210884353,0.0068027210884353,3600.05
CP_LBBD_CP,wfjsp6_4,wfjsp6,803.0,774.0,0.0361145703611457,0.0,0.0,3600.04
CP_LBBD_CP,wfjsp6_5,wfjsp6,845.0,815.0,0.0355029585798816,0.0011848341232227,0.0011848341232227,3600.2
CP_LBBD_CP,wfjsp6_6,wfjsp6,798.0,776.0,0.0275689223057644,0.0,0.0,3600.07
CP_LBBD_CP,wfjsp6_7,wfjsp6,859.0,795.0,0.0745052386495925,0.027511961722488,0.0046783625730994,3600.07
CP_LBBD_CP,wfjsp6_8,wfjsp6,764.0,727.0,0.0484293193717277,0.0065876152832674,0.0065876152832674,3600.04
CP_LBBD_CP,wfjsp6_9,wfjsp6,687.0,652.0,0.0509461426491994,0.0014577259475218,0.0014577259475218,3600.03
CP_LBBD_CP,wfjsp6_10,wfjsp6,699.0,666.0,0.0472103004291845,0.0,0.0,3600.05
CP_LBBD_CP,wfjsp7_1,wfjsp7,816.0,776.0,0.0490196078431372,0.0012269938650306,0.0012269938650306,3600.04
CP_LBBD_CP,wfjsp7_2,wfjsp7,1039.0,982.0,0.0548604427333975,0.0058083252662149,0.0009633911368015,3600.05
CP_LBBD_CP,wfjsp7_3,wfjsp7,1136.0,1068.0,0.0598591549295774,0.0053097345132743,0.0026478375992939,3600.07
CP_LBBD_CP,wfjsp7_4,wfjsp7,948.0,900.0,0.050632911392405,0.0053022269353128,0.0042372881355932,3600.05
CP_LBBD_CP,wfjsp7_5,wfjsp7,805.0,778.0,0.0335403726708074,0.0024906600249066,0.0024906600249066,3600.07
CP_LBBD_CP,wfjsp7_6,wfjsp7,1011.0,982.0,0.0286844708209693,0.0009900990099009,0.0009900990099009,3600.06
CP_LBBD_CP,wfjsp7_7,wfjsp7,938.0,887.0,0.0543710021321961,0.0096878363832077,0.0096878363832077,3600.02
CP_LBBD_CP,wfjsp7_8,wfjsp7,883.0,848.0,0.0396375990939977,0.0011337868480725,0.0011337868480725,3600.08
CP_LBBD_CP,wfjsp7_9,wfjsp7,852.0,797.0,0.0645539906103286,0.0070921985815602,0.0,3600.06
CP_LBBD_CP,wfjsp7_10,wfjsp7,909.0,885.0,0.0264026402640264,0.0,0.0,3600.07
CP_LBBD_CP,wfjsp8_1,wfjsp8,1029.0,983.0,0.0447035957240038,0.0039024390243902,0.0039024390243902,3600.06
CP_LBBD_CP,wfjsp8_2,wfjsp8,1258.0,1209.0,0.0389507154213036,0.005595523581135,0.005595523581135,3600.07
CP_LBBD_CP,wfjsp8_3,wfjsp8,1375.0,1301.0,0.0538181818181818,0.0080645161290322,0.0080645161290322,3600.09
CP_LBBD_CP,wfjsp8_4,wfjsp8,1216.0,1158.0,0.0476973684210526,0.0041288191577208,0.0041288191577208,3600.06
CP_LBBD_CP,wfjsp8_5,wfjsp8,1050.0,1008.0,0.04,0.0,0.0,3600.06
CP_LBBD_CP,wfjsp8_6,wfjsp8,1273.0,1229.0,0.0345640219952867,0.0047355958958168,0.0047355958958168,3600.04
CP_LBBD_CP,wfjsp8_7,wfjsp8,1166.0,1104.0,0.0531732418524871,0.006908462867012,0.006908462867012,3600.09
CP_LBBD_CP,wfjsp8_8,wfjsp8,1161.0,1106.0,0.0473729543496985,0.0025906735751295,0.0025906735751295,3600.07
CP_LBBD_CP,wfjsp8_9,wfjsp8,1048.0,995.0,0.0505725190839694,0.003831417624521,0.003831417624521,3600.1
CP_LBBD_CP,wfjsp8_10,wfjsp8,1197.0,1163.0,0.0284043441938178,0.0025125628140703,0.0025125628140703,3600.06
CP_LBBD_CP,wfjsp9_1,wfjsp9,1320.0,1239.0,0.0613636363636363,0.0053313023610053,0.0045662100456621,3600.06
CP_LBBD_CP,wfjsp9_2,wfjsp9,1405.0,1337.0,0.0483985765124555,0.0035714285714285,0.0007122507122507,3600.08
CP_LBBD_CP,wfjsp9_3,wfjsp9,1484.0,1419.0,0.0438005390835579,0.0006743088334457,0.0006743088334457,3600.09
CP_LBBD_CP,wfjsp9_4,wfjsp9,1361.0,1300.0,0.0448199853049228,0.0029476787030213,0.0029476787030213,3600.1
CP_LBBD_CP,wfjsp9_5,wfjsp9,1251.0,1209.0,0.0335731414868105,0.0032076984763432,0.0032076984763432,3600.03
CP_LBBD_CP,wfjsp9_6,wfjsp9,1386.0,1342.0,0.0317460317460317,0.0021691973969631,0.0021691973969631,3600.1
CP_LBBD_CP,wfjsp9_7,wfjsp9,1331.0,1248.0,0.0623591284748309,0.0098634294385432,0.0098634294385432,3600.09
CP_LBBD_CP,wfjsp9_8,wfjsp9,1403.0,1315.0,0.0627227369921596,0.0122655122655122,0.0122655122655122,3600.05
CP_LBBD_CP,wfjsp9_9,wfjsp9,1301.0,1227.0,0.0568793235972329,0.0069659442724458,0.0054095826893353,3600.08
CP_LBBD_CP,wfjsp9_10,wfjsp9,1423.0,1375.0,0.0337315530569219,0.0063649222065063,0.0063649222065063,3600.08
CP_LBBD_CP,wfjsp10_1,wfjsp10,781.0,695.0,0.1101152368758002,0.0090439276485788,0.0,3600.15
CP_LBBD_CP,wfjsp10_2,wfjsp10,837.0,763.0,0.0884109916367981,0.0011961722488038,0.0011961722488038,3600.16
CP_LBBD_CP,wfjsp10_3,wfjsp10,932.0,840.0,0.0987124463519313,0.0097508125677139,0.0097508125677139,3600.17
CP_LBBD_CP,wfjsp10_4,wfjsp10,874.0,784.0,0.102974828375286,0.0045977011494252,0.0011454753722794,3600.13
CP_LBBD_CP,wfjsp10_5,wfjsp10,742.0,657.0,0.11455525606469,0.017832647462277,0.0122783083219645,3600.09
CP_LBBD_CP,wfjsp10_6,wfjsp10,898.0,829.0,0.076837416481069,0.0022321428571428,0.0022321428571428,3600.15
CP_LBBD_CP,wfjsp10_7,wfjsp10,820.0,743.0,0.0939024390243902,0.0012210012210012,0.0012210012210012,3600.14
CP_LBBD_CP,wfjsp10_8,wfjsp10,826.0,740.0,0.1041162227602905,0.0024271844660194,0.0024271844660194,3600.13
CP_LBBD_CP,wfjsp10_9,wfjsp10,804.0,712.0,0.1144278606965174,0.0012453300124533,0.0012453300124533,3600.06
CP_LBBD_CP,wfjsp10_10,wfjsp10,876.0,785.0,0.1038812785388127,0.019790454016298,0.019790454016298,3600.12
CP_LBBD_CP,wfjsp11_1,wfjsp11,977.0,873.0,0.1064483111566018,0.0082559339525283,0.0082559339525283,3600.17
CP_LBBD_CP,wfjsp11_2,wfjsp11,1188.0,1079.0,0.0917508417508417,0.0033783783783783,0.0033783783783783,3600.19
CP_LBBD_CP,wfjsp11_3,wfjsp11,1151.0,1040.0,0.0964378801042571,0.0017406440382941,0.0017406440382941,3600.08
CP_LBBD_CP,wfjsp11_4,wfjsp11,1137.0,1029.0,0.0949868073878627,0.0017621145374449,0.0017621145374449,3600.2
CP_LBBD_CP,wfjsp11_5,wfjsp11,1182.0,1084.0,0.0829103214890017,0.0016949152542372,0.0016949152542372,3600.18
CP_LBBD_CP,wfjsp11_6,wfjsp11,938.0,873.0,0.0692963752665245,0.0010672358591248,0.0010672358591248,3600.15
CP_LBBD_CP,wfjsp11_7,wfjsp11,1021.0,900.0,0.118511263467189,0.0128968253968253,0.005911330049261,3600.2
CP_LBBD_CP,wfjsp11_8,wfjsp11,1037.0,921.0,0.111861137897782,0.00484496124031,0.00484496124031,3600.14
CP_LBBD_CP,wfjsp11_9,wfjsp11,1147.0,1009.0,0.1203138622493461,0.0096830985915492,0.0096830985915492,3600.21
CP_LBBD_CP,wfjsp11_10,wfjsp11,1092.0,1024.0,0.0622710622710622,0.0009165902841429,0.0009165902841429,3600.2
CP_LBBD_CP,wfjsp12_1,wfjsp12,899.0,819.0,0.0889877641824249,0.0033482142857142,0.0033482142857142,3600.06
CP_LBBD_CP,wfjsp12_2,wfjsp12,1000.0,917.0,0.083,0.0030090270812437,0.0030090270812437,3600.18
CP_LBBD_CP,wfjsp12_3,wfjsp12,1109.0,980.0,0.1163210099188458,0.0221198156682027,0.0054397098821396,3600.15
CP_LBBD_CP,wfjsp12_4,wfjsp12,1030.0,937.0,0.0902912621359223,0.0048780487804878,0.0029211295034079,3600.2
CP_LBBD_CP,wfjsp12_5,wfjsp12,871.0,801.0,0.0803673938002296,0.002301495972382,0.002301495972382,3600.14
CP_LBBD_CP,wfjsp12_6,wfjsp12,1137.0,1049.0,0.0773966578715919,0.0026455026455026,0.0026455026455026,3600.2
CP_LBBD_CP,wfjsp12_7,wfjsp12,1018.0,892.0,0.1237721021611002,0.0220883534136546,0.0,3600.15
CP_LBBD_CP,wfjsp12_8,wfjsp12,986.0,875.0,0.1125760649087221,0.0081799591002045,0.0061224489795918,3600.16
CP_LBBD_CP,wfjsp12_9,wfjsp12,1004.0,883.0,0.1205179282868526,0.0244897959183673,0.0090452261306532,3600.18
CP_LBBD_CP,wfjsp12_10,wfjsp12,1102.0,1021.0,0.073502722323049,0.002729754322111,0.002729754322111,3600.17
CP_LBBD_CP,wfjsp13_1,wfjsp13,868.0,750.0,0.1359447004608295,0.0023094688221709,0.0023094688221709,3600.5
CP_LBBD_CP,wfjsp13_2,wfjsp13,967.0,845.0,0.1261633919338159,0.0051975051975051,0.0051975051975051,3600.37
CP_LBBD_CP,wfjsp13_3,wfjsp13,886.0,760.0,0.1422121896162528,0.0160550458715596,0.0033975084937712,3600.33
CP_LBBD_CP,wfjsp13_4,wfjsp13,909.0,791.0,0.1298129812981298,0.001101321585903,0.001101321585903,3600.25
CP_LBBD_CP,wfjsp13_5,wfjsp13,817.0,712.0,0.1285189718482252,0.0098887515451174,0.0098887515451174,3600.15
CP_LBBD_CP,wfjsp13_6,wfjsp13,995.0,880.0,0.1155778894472361,0.0070850202429149,0.0070850202429149,3600.29
CP_LBBD_CP,wfjsp13_7,wfjsp13,875.0,734.0,0.1611428571428571,0.0174418604651162,0.0,3600.12
CP_LBBD_CP,wfjsp13_8,wfjsp13,906.0,768.0,0.152317880794702,0.012290502793296,0.0077864293659621,3600.15
CP_LBBD_CP,wfjsp13_9,wfjsp13,970.0,826.0,0.1484536082474226,0.0093652445369406,0.0031023784901758,3600.41
CP_LBBD_CP,wfjsp13_10,wfjsp13,918.0,823.0,0.1034858387799564,0.0021834061135371,0.0021834061135371,3600.26
CP_LBBD_CP,wfjsp14_1,wfjsp14,749.0,649.0,0.1335113484646194,0.0094339622641509,0.0053691275167785,3600.28
CP_LBBD_CP,wfjsp14_2,wfjsp14,798.0,700.0,0.1228070175438596,0.0063051702395964,0.0063051702395964,3600.4
CP_LBBD_CP,wfjsp14_3,wfjsp14,848.0,736.0,0.1320754716981132,0.0204572803850782,0.0,3600.31
CP_LBBD_CP,wfjsp14_4,wfjsp14,807.0,720.0,0.1078066914498141,0.0012406947890818,0.0012406947890818,3600.32
CP_LBBD_CP,wfjsp14_5,wfjsp14,716.0,628.0,0.1229050279329608,0.0056179775280898,0.0013986013986013,3600.39
CP_LBBD_CP,wfjsp14_6,wfjsp14,914.0,818.0,0.1050328227571116,0.0010952902519167,0.0010952902519167,3600.23
CP_LBBD_CP,wfjsp14_7,wfjsp14,826.0,709.0,0.1416464891041162,0.011015911872705,0.0,3600.32
CP_LBBD_CP,wfjsp14_8,wfjsp14,795.0,686.0,0.1371069182389937,0.0166240409207161,0.0166240409207161,3600.28
CP_LBBD_CP,wfjsp14_9,wfjsp14,793.0,687.0,0.1336696090794451,0.0192802056555269,0.0,3600.36
CP_LBBD_CP,wfjsp14_10,wfjsp14,880.0,792.0,0.1,0.0022779043280182,0.0022779043280182,3600.16
CP_LBBD_CP,wfjsp15_1,wfjsp15,1260.0,1093.0,0.1325396825396825,0.0023866348448687,0.0007942811755361,3600.7
CP_LBBD_CP,wfjsp15_2,wfjsp15,1317.0,1154.0,0.1237661351556567,0.002283105022831,0.002283105022831,3600.41
CP_LBBD_CP,wfjsp15_3,wfjsp15,1378.0,1184.0,0.1407837445573294,0.0207407407407407,0.001453488372093,3600.44
CP_LBBD_CP,wfjsp15_4,wfjsp15,1309.0,1155.0,0.1176470588235294,0.0007645259938837,0.0007645259938837,3600.52
CP_LBBD_CP,wfjsp15_5,wfjsp15,1208.0,1069.0,0.1150662251655629,0.008347245409015,0.008347245409015,3600.7
CP_LBBD_CP,wfjsp15_6,wfjsp15,1510.0,1354.0,0.1033112582781456,0.0,0.0,3600.4
CP_LBBD_CP,wfjsp15_7,wfjsp15,1328.0,1136.0,0.144578313253012,0.0114242193450114,0.0,3600.57
CP_LBBD_CP,wfjsp15_8,wfjsp15,1335.0,1148.0,0.1400749063670412,0.017530487804878,0.0060286360211002,3600.58
CP_LBBD_CP,wfjsp15_9,wfjsp15,1329.0,1137.0,0.1444695259593679,0.023094688221709,0.0007530120481927,3600.71
CP_LBBD_CP,wfjsp15_10,wfjsp15,1416.0,1267.0,0.1052259887005649,0.0007067137809187,0.0007067137809187,3600.81
CP_LBBD_CP,wfjsp16_1,wfjsp16,997.0,872.0,0.1253761283851554,0.0194274028629856,0.0020100502512562,3600.26
CP_LBBD_CP,wfjsp16_2,wfjsp16,1011.0,900.0,0.1097922848664688,0.0,0.0,3600.24
CP_LBBD_CP,wfjsp16_3,wfjsp16,1102.0,951.0,0.1370235934664246,0.040604343720491,0.0045578851412944,3600.47
CP_LBBD_CP,wfjsp16_4,wfjsp16,1076.0,960.0,0.1078066914498141,0.0103286384976525,0.0018621973929236,3600.31
CP_LBBD_CP,wfjsp16_5,wfjsp16,914.0,813.0,0.1105032822757111,0.0110619469026548,0.0110619469026548,3600.29
CP_LBBD_CP,wfjsp16_6,wfjsp16,1222.0,1098.0,0.1014729950900163,0.0,0.0,3600.63
CP_LBBD_CP,wfjsp16_7,wfjsp16,1094.0,938.0,0.1425959780621572,0.0301318267419962,0.0,3600.15
CP_LBBD_CP,wfjsp16_8,wfjsp16,1053.0,916.0,0.1301044634377967,0.0223300970873786,0.0038131553860819,3600.26
CP_LBBD_CP,wfjsp16_9,wfjsp16,1062.0,913.0,0.1403013182674199,0.037109375,0.0066350710900473,3600.29
CP_LBBD_CP,wfjsp16_10,wfjsp16,1149.0,1024.0,0.1087902523933855,0.0034934497816593,0.0034934497816593,3600.41
CP_LBBD_CP,wfjsp17_1,wfjsp17,1561.0,1537.0,0.0153747597693786,0.0038585209003215,-0.0151419558359621,3600.13
CP_LBBD_CP,wfjsp17_2,wfjsp17,1714.0,1671.0,0.0250875145857642,0.0064591896652965,-0.0098209127671865,3600.06
CP_LBBD_CP,wfjsp17_3,wfjsp17,1831.0,1779.0,0.028399781540142,0.0071507150715071,-0.0027233115468409,3600.07
CP_LBBD_CP,wfjsp17_4,wfjsp17,1679.0,1623.0,0.0333531864204883,0.0256566890653634,0.0053892215568862,3600.06
CP_LBBD_CP,wfjsp17_5,wfjsp17,1563.0,1515.0,0.0307101727447216,0.0169160702667534,0.0032092426187419,3600.06
CP_LBBD_CP,wfjsp17_6,wfjsp17,1711.0,1671.0,0.0233781414377556,0.0041079812206572,0.0017564402810304,3600.13
CP_LBBD_CP,wfjsp17_7,wfjsp17,1573.0,1543.0,0.0190718372536554,0.0102761721258831,-0.0156445556946182,3600.07
CP_LBBD_CP,wfjsp17_8,wfjsp17,1688.0,1670.0,0.0106635071090047,0.008363201911589,-0.0168899242865463,3600.07
CP_LBBD_CP,wfjsp17_9,wfjsp17,1583.0,1531.0,0.032849020846494,0.0153944836433611,-0.0062774639045825,3600.07
CP_LBBD_CP,wfjsp17_10,wfjsp17,1749.0,1717.0,0.0182961692395654,0.0086505190311418,-0.0005714285714285,3600.09
CP_LBBD_CP,wfjsp18_1,wfjsp18,941.0,866.0,0.079702444208289,0.0129171151776103,0.0129171151776103,3600.11
CP_LBBD_CP,wfjsp18_2,wfjsp18,1026.0,949.0,0.0750487329434697,0.0158415841584158,0.0158415841584158,3600.14
CP_LBBD_CP,wfjsp18_3,wfjsp18,1121.0,1041.0,0.071364852809991,0.0163191296464188,0.0008928571428571,3600.12
CP_LBBD_CP,wfjsp18_4,wfjsp18,1042.0,977.0,0.0623800383877159,0.0048216007714561,0.0048216007714561,3600.17
CP_LBBD_CP,wfjsp18_5,wfjsp18,856.0,818.0,0.0443925233644859,0.0023419203747072,0.0023419203747072,3600.13
CP_LBBD_CP,wfjsp18_6,wfjsp18,1095.0,1036.0,0.0538812785388127,0.0120147874306839,0.0101476014760147,3600.11
CP_LBBD_CP,wfjsp18_7,wfjsp18,1011.0,931.0,0.0791295746785361,0.007976071784646,0.007976071784646,3600.08
CP_LBBD_CP,wfjsp18_8,wfjsp18,997.0,916.0,0.0812437311935807,0.0080889787664307,0.007070707070707,3600.13
CP_LBBD_CP,wfjsp18_9,wfjsp18,947.0,877.0,0.0739176346356916,0.0031779661016949,0.0031779661016949,3600.13
CP_LBBD_CP,wfjsp18_10,wfjsp18,1023.0,976.0,0.0459433040078201,0.0039254170755642,0.0039254170755642,3600.13
CP_LBBD_CP,wfjsp19_1,wfjsp19,1199.0,1090.0,0.0909090909090909,0.0178268251273344,0.0025083612040133,3600.22
CP_LBBD_CP,wfjsp19_2,wfjsp19,1475.0,1349.0,0.0854237288135593,0.0158402203856749,0.0027192386131883,3600.22
CP_LBBD_CP,wfjsp19_3,wfjsp19,1413.0,1293.0,0.0849256900212314,0.0143575017946877,0.0049786628733997,3600.16
CP_LBBD_CP,wfjsp19_4,wfjsp19,1404.0,1286.0,0.084045584045584,0.0196078431372549,0.0042918454935622,3600.06
CP_LBBD_CP,wfjsp19_5,wfjsp19,1449.0,1350.0,0.0683229813664596,0.0139958012596221,0.0034626038781163,3600.25
CP_LBBD_CP,wfjsp19_6,wfjsp19,1161.0,1090.0,0.0611541774332472,0.003457216940363,0.0025906735751295,3600.07
CP_LBBD_CP,wfjsp19_7,wfjsp19,1243.0,1130.0,0.0909090909090909,0.0306799336650082,0.0056634304207119,3600.18
CP_LBBD_CP,wfjsp19_8,wfjsp19,1258.0,1145.0,0.0898251192368839,0.0120675784392598,0.0064,3600.09
CP_LBBD_CP,wfjsp19_9,wfjsp19,1390.0,1257.0,0.09568345323741,0.0250737463126843,0.0014409221902017,3600.1
CP_LBBD_CP,wfjsp19_10,wfjsp19,1354.0,1278.0,0.0561299852289512,0.012715033657442,0.002220577350111,3600.17
CP_LBBD_CP,wfjsp20_1,wfjsp20,1106.0,1013.0,0.0840867992766726,0.0355805243445692,0.0009049773755656,3600.16
CP_LBBD_CP,wfjsp20_2,wfjsp20,1233.0,1145.0,0.0713706407137064,0.0215410107705053,0.0098280098280098,3600.06
CP_LBBD_CP,wfjsp20_3,wfjsp20,1335.0,1219.0,0.0868913857677902,0.0324825986078886,0.0052710843373493,3600.06
CP_LBBD_CP,wfjsp20_4,wfjsp20,1274.0,1169.0,0.0824175824175824,0.0282485875706214,0.011914217633042,3600.15
CP_LBBD_CP,wfjsp20_5,wfjsp20,1063.0,1003.0,0.0564440263405456,0.0162523900573613,0.0047258979206049,3600.13
CP_LBBD_CP,wfjsp20_6,wfjsp20,1382.0,1309.0,0.0528219971056439,0.0080233406272793,0.000724112961622,3600.14
CP_LBBD_CP,wfjsp20_7,wfjsp20,1231.0,1117.0,0.0926076360682372,0.033585222502099,0.005718954248366,3600.16
CP_LBBD_CP,wfjsp20_8,wfjsp20,1194.0,1089.0,0.0879396984924623,0.0301984469370146,0.0092983939137785,3600.17
CP_LBBD_CP,wfjsp20_9,wfjsp20,1214.0,1104.0,0.0906095551894563,0.0376068376068376,0.0116666666666666,3600.15
CP_LBBD_CP,wfjsp20_10,wfjsp20,1366.0,1276.0,0.0658857979502196,0.0255255255255255,0.0029368575624082,3600.16
CP_LBBD_CP,wfjsp21_1,wfjsp21,1053.0,937.0,0.1101614434947768,0.0374384236453202,0.0038131553860819,3600.17
CP_LBBD_CP,wfjsp21_2,wfjsp21,1178.0,1053.0,0.1061120543293718,0.0252393385552654,0.0059777967549103,3600.28
CP_LBBD_CP,wfjsp21_3,wfjsp21,1058.0,947.0,0.1049149338374291,0.0271844660194174,0.011472275334608,3600.24
CP_LBBD_CP,wfjsp21_4,wfjsp21,1096.0,988.0,0.0985401459854014,0.032015065913371,0.0009132420091324,3600.3
CP_LBBD_CP,wfjsp21_5,wfjsp21,989.0,896.0,0.0940343781597573,0.028066528066528,0.0050813008130081,3600.17
CP_LBBD_CP,wfjsp21_6,wfjsp21,1204.0,1098.0,0.0880398671096345,0.0160337552742616,0.0,3600.37
CP_LBBD_CP,wfjsp21_7,wfjsp21,1043.0,914.0,0.1236816874400767,0.043,0.0275862068965517,3600.19
CP_LBBD_CP,wfjsp21_8,wfjsp21,1093.0,959.0,0.1225983531564501,0.043935052531041,0.0045955882352941,3600.21
CP_LBBD_CP,wfjsp21_9,wfjsp21,1139.0,1025.0,0.1000877963125548,0.0151515151515151,0.0088573959255978,3600.38
CP_LBBD_CP,wfjsp21_10,wfjsp21,1124.0,1023.0,0.0898576512455516,0.0227479526842584,0.0035714285714285,3600.38
CP_LBBD_CP,wfjsp22_1,wfjsp22,914.0,810.0,0.1137855579868709,0.0542099192618223,0.0121816168327796,3600.21
CP_LBBD_CP,wfjsp22_2,wfjsp22,966.0,873.0,0.0962732919254658,0.0276595744680851,0.0094043887147335,3600.1
CP_LBBD_CP,wfjsp22_3,wfjsp22,1033.0,918.0,0.111326234269119,0.0423814328960645,0.0087890625,3600.35
CP_LBBD_CP,wfjsp22_4,wfjsp22,992.0,898.0,0.094758064516129,0.0301142263759086,0.0030333670374115,3600.22
CP_LBBD_CP,wfjsp22_5,wfjsp22,874.0,790.0,0.0961098398169336,0.0392390011890606,0.0,3600.23
CP_LBBD_CP,wfjsp22_6,wfjsp22,1125.0,1022.0,0.0915555555555555,0.0292772186642269,0.0098743267504488,3600.18
CP_LBBD_CP,wfjsp22_7,wfjsp22,1003.0,887.0,0.1156530408773679,0.0437044745057232,0.0090543259557344,3600.16
CP_LBBD_CP,wfjsp22_8,wfjsp22,951.0,856.0,0.0998948475289169,0.0269978401727861,0.0052854122621564,3600.33
CP_LBBD_CP,wfjsp22_9,wfjsp22,951.0,853.0,0.103049421661409,0.0382096069868995,0.0074152542372881,3600.28
CP_LBBD_CP,wfjsp22_10,wfjsp22,1087.0,985.0,0.0938362465501379,0.0421860019175455,0.0027675276752767,3600.2
CP_LBBD_CP,wfjsp23_1,wfjsp23,1537.0,1365.0,0.1119063109954456,0.0541838134430727,0.0118499012508229,3600.27
CP_LBBD_CP,wfjsp23_2,wfjsp23,1604.0,1440.0,0.1022443890274314,0.0275464445868033,0.0056426332288401,3600.48
CP_LBBD_CP,wfjsp23_3,wfjsp23,1674.0,1480.0,0.1158900836320191,0.0482154038822792,0.0102595051297525,3600.84
CP_LBBD_CP,wfjsp23_4,wfjsp23,1582.0,1441.0,0.0891276864728192,0.0272727272727272,0.0063613231552162,3600.79
CP_LBBD_CP,wfjsp23_5,wfjsp23,1499.0,1345.0,0.1027351567711808,0.0504555010511562,0.0073924731182795,3600.44
CP_LBBD_CP,wfjsp23_6,wfjsp23,1867.0,1691.0,0.0942688805570433,0.0269526952695269,0.0005359056806002,3600.63
CP_LBBD_CP,wfjsp23_7,wfjsp23,1622.0,1420.0,0.1245376078914919,0.0532467532467532,0.0131168019987507,3600.94
CP_LBBD_CP,wfjsp23_8,wfjsp23,1609.0,1431.0,0.110627719080174,0.0367268041237113,0.0075140889167188,3600.46
CP_LBBD_CP,wfjsp23_9,wfjsp23,1595.0,1414.0,0.1134796238244514,0.0411227154046997,0.0082174462705436,3600.28
CP_LBBD_CP,wfjsp23_10,wfjsp23,1748.0,1574.0,0.0995423340961098,0.0361588618850029,0.0121598147075854,3600.41
CP_LBBD_CP,wfjsp24_1,wfjsp24,1213.0,1089.0,0.1022258862324814,0.0538662033014769,0.0099916736053288,3600.41
CP_LBBD_CP,wfjsp24_2,wfjsp24,1232.0,1122.0,0.0892857142857142,0.0361648444070647,0.0098360655737704,3600.22
CP_LBBD_CP,wfjsp24_3,wfjsp24,1341.0,1187.0,0.1148396718866517,0.0668257756563245,0.0082706766917293,3600.46
CP_LBBD_CP,wfjsp24_4,wfjsp24,1319.0,1199.0,0.090978013646702,0.0402208201892744,0.0146153846153846,3600.57
CP_LBBD_CP,wfjsp24_5,wfjsp24,1123.0,1024.0,0.0881567230632235,0.0407784986098239,0.008984725965858,3600.12
CP_LBBD_CP,wfjsp24_6,wfjsp24,1501.0,1372.0,0.0859427048634243,0.0323246217331499,0.0094149293880295,3600.14
CP_LBBD_CP,wfjsp24_7,wfjsp24,1327.0,1173.0,0.1160512434061793,0.0548489666136724,0.0114329268292682,3600.3
CP_LBBD_CP,wfjsp24_8,wfjsp24,1278.0,1144.0,0.1048513302034428,0.0475409836065573,0.01187648456057,3600.48
CP_LBBD_CP,wfjsp24_9,wfjsp24,1275.0,1134.0,0.1105882352941176,0.0502471169686985,0.0047281323877068,3600.12
CP_LBBD_CP,wfjsp24_10,wfjsp24,1408.0,1273.0,0.0958806818181818,0.0476190476190476,0.0007107320540156,3600.47
CP_LBBD_CP,MK1,MK,70.0,68.0,0.0285714285714285,0.0,0.0,3600.03
CP_LBBD_CP,MK2,MK,67.0,66.0,0.0149253731343283,0.0,0.0,3600.05
CP_LBBD_CP,MK3,MK,238.0,238.0,0.0,0.0,0.0,2407.68
CP_LBBD_CP,MK4,MK,95.0,89.0,0.0631578947368421,0.0106382978723404,0.0,3600.09
CP_LBBD_CP,MK5,MK,297.0,296.0,0.0033670033670033,0.0033783783783783,-0.0066889632107023,3600.05
CP_LBBD_CP,MK6,MK,110.0,88.0,0.2,0.02803738317757,0.0091743119266055,3600.14
CP_LBBD_CP,MK7,MK,221.0,219.0,0.0090497737556561,0.0091324200913242,-0.0045045045045045,3600.07
CP_LBBD_CP,MK8,MK,624.0,624.0,0.0,0.0,0.0,2410.65
CP_LBBD_CP,MK9,MK,475.0,450.0,0.0526315789473684,0.01931330472103,-0.0083507306889352,3600.15
CP_LBBD_CP,MK10,MK,325.0,293.0,0.0984615384615384,0.0317460317460317,-0.0030674846625766,3600.22
CP_LBBD_CP,DP1,DP,2922.0,2883.0,0.0133470225872689,0.0003423485107839,0.0003423485107839,3600.08
CP_LBBD_CP,DP2,DP,2915.0,2881.0,0.0116638078902229,0.0003431708991077,0.0003431708991077,3600.06
CP_LBBD_CP,DP3,DP,2911.0,2881.0,0.0103057368601855,0.0003436426116838,0.0003436426116838,3600.09
CP_LBBD_CP,DP4,DP,2918.0,2865.0,0.0181631254283756,0.0024046719340432,0.0024046719340432,3600.07
CP_LBBD_CP,DP5,DP,2890.0,2834.0,0.0193771626297577,0.0006925207756232,0.0006925207756232,3600.1
CP_LBBD_CP,DP6,DP,2885.0,2801.0,0.0291161178509532,0.002780674313521,0.002780674313521,3600.07
CP_LBBD_CP,DP7,DP,2924.0,2847.0,0.0263337893296853,0.002399725745629,0.002399725745629,3600.11
CP_LBBD_CP,DP8,DP,2883.0,2835.0,0.0166493236212278,0.0,0.0,3600.15
CP_LBBD_CP,DP9,DP,2883.0,2829.0,0.0187304890738813,0.0041797283176593,0.0010416666666666,3600.13
CP_LBBD_CP,DP10,DP,2930.0,2848.0,0.0279863481228668,0.0027378507871321,0.0027378507871321,3600.17
CP_LBBD_CP,DP11,DP,2881.0,2788.0,0.032280458174245,0.0038327526132404,0.0017385257301808,3600.21
CP_LBBD_CP,DP12,DP,2853.0,2724.0,0.0452155625657203,0.0189285714285714,0.0045774647887323,3600.08
LBBD_CP_TS,wfjsp1_1,wfjsp1,268.0,268.0,0.0,0.0,0.0,383.835
LBBD_CP_TS,wfjsp1_2,wfjsp1,287.0,287.0,0.0,0.0,0.0,212.453
LBBD_CP_TS,wfjsp1_3,wfjsp1,347.0,347.0,0.0,0.0,0.0,113.705
LBBD_CP_TS,wfjsp1_4,wfjsp1,315.0,315.0,0.0,0.0,0.0,1418.81
LBBD_CP_TS,wfjsp1_5,wfjsp1,265.0,265.0,0.0,0.0,0.0,22.4485
LBBD_CP_TS,wfjsp1_6,wfjsp1,291.0,286.0,0.0171821305841924,0.0,0.0,3600.06
LBBD_CP_TS,wfjsp1_7,wfjsp1,265.0,265.0,0.0,0.0,0.0,217.106
LBBD_CP_TS,wfjsp1_8,wfjsp1,328.0,328.0,0.0,0.0,0.0,17.6488
LBBD_CP_TS,wfjsp1_9,wfjsp1,252.0,252.0,0.0,0.0,0.0,33.4599
LBBD_CP_TS,wfjsp1_10,wfjsp1,316.0,316.0,0.0,0.0,0.0,4.02357
LBBD_CP_TS,wfjsp2_1,wfjsp2,336.0,336.0,0.0,0.0,0.0,108.112
LBBD_CP_TS,wfjsp2_2,wfjsp2,368.0,368.0,0.0,0.0,0.0,18.1698
LBBD_CP_TS,wfjsp2_3,wfjsp2,421.0,417.0,0.009501187648456,0.0,0.0,3600.0
LBBD_CP_TS,wfjsp2_4,wfjsp2,378.0,378.0,0.0,0.0,0.0,101.257
LBBD_CP_TS,wfjsp2_5,wfjsp2,270.0,270.0,0.0,0.0,0.0,2.73361
LBBD_CP_TS,wfjsp2_6,wfjsp2,416.0,416.0,0.0,0.0,0.0,81.8405
LBBD_CP_TS,wfjsp2_7,wfjsp2,395.0,395.0,0.0,0.0,0.0,426.381
LBBD_CP_TS,wfjsp2_8,wfjsp2,414.0,414.0,0.0,0.0,0.0,74.9522
LBBD_CP_TS,wfjsp2_9,wfjsp2,329.0,329.0,0.0,0.0,0.0,113.883
LBBD_CP_TS,wfjsp2_10,wfjsp2,489.0,489.0,0.0,0.0,0.0,1.9847
LBBD_CP_TS,wfjsp3_1,wfjsp3,419.0,418.0,0.0023866348448687,0.0,0.0,3600.52
LBBD_CP_TS,wfjsp3_2,wfjsp3,543.0,538.0,0.009208103130755,0.0,0.0,3600.0
LBBD_CP_TS,wfjsp3_3,wfjsp3,383.0,371.0,0.031331592689295,0.0,0.0,3600.0
LBBD_CP_TS,wfjsp3_4,wfjsp3,443.0,437.0,0.0135440180586907,0.0,0.0,3600.0
LBBD_CP_TS,wfjsp3_5,wfjsp3,284.0,277.0,0.0246478873239436,0.0,0.0,3600.09
LBBD_CP_TS,wfjsp3_6,wfjsp3,529.0,510.0,0.0359168241965973,0.0,0.0,3600.33
LBBD_CP_TS,wfjsp3_7,wfjsp3,342.0,334.0,0.023391812865497,0.0,0.0,3600.0
LBBD_CP_TS,wfjsp3_8,wfjsp3,492.0,486.0,0.0121951219512195,0.0,0.0,3600.08
LBBD_CP_TS,wfjsp3_9,wfjsp3,534.0,497.0,0.0692883895131086,0.0,0.0,3600.28
LBBD_CP_TS,wfjsp3_10,wfjsp3,455.0,410.0,0.0989010989010989,0.0,0.0,3600.09
LBBD_CP_TS,wfjsp4_1,wfjsp4,281.0,272.0,0.0320284697508896,0.0144404332129963,0.0144404332129963,3600.32
LBBD_CP_TS,wfjsp4_2,wfjsp4,348.0,343.0,0.014367816091954,0.0,-0.0057142857142857,3600.0
LBBD_CP_TS,wfjsp4_3,wfjsp4,360.0,350.0,0.0277777777777777,0.0,0.0,3601.11
LBBD_CP_TS,wfjsp4_4,wfjsp4,321.0,313.0,0.0249221183800623,0.003125,0.003125,3600.3
LBBD_CP_TS,wfjsp4_5,wfjsp4,290.0,260.0,0.1034482758620689,0.0,0.0,3600.0
LBBD_CP_TS,wfjsp4_6,wfjsp4,355.0,346.0,0.0253521126760563,0.0,0.0,3600.5
LBBD_CP_TS,wfjsp4_7,wfjsp4,290.0,286.0,0.0137931034482758,0.0069444444444444,0.0069444444444444,3600.22
LBBD_CP_TS,wfjsp4_8,wfjsp4,317.0,307.0,0.0315457413249211,0.0031645569620253,0.0031645569620253,3600.0
LBBD_CP_TS,wfjsp4_9,wfjsp4,288.0,288.0,0.0,0.0,0.0,2.67525
LBBD_CP_TS,wfjsp4_10,wfjsp4,293.0,291.0,0.0068259385665529,0.0,0.0,3600.22
LBBD_CP_TS,wfjsp5_1,wfjsp5,608.0,572.0,0.0592105263157894,0.0,0.0,3600.0
LBBD_CP_TS,wfjsp5_2,wfjsp5,645.0,610.0,0.0542635658914728,0.0109717868338558,0.0109717868338558,3600.0
LBBD_CP_TS,wfjsp5_3,wfjsp5,634.0,589.0,0.0709779179810725,0.0127795527156549,0.0127795527156549,3601.06
LBBD_CP_TS,wfjsp5_4,wfjsp5,735.0,695.0,0.0544217687074829,0.0180055401662049,0.0180055401662049,3600.0
LBBD_CP_TS,wfjsp5_5,wfjsp5,720.0,691.0,0.0402777777777777,0.0,-0.0123456790123456,3600.0
LBBD_CP_TS,wfjsp5_6,wfjsp5,741.0,693.0,0.0647773279352226,0.0122950819672131,0.0122950819672131,3600.0
LBBD_CP_TS,wfjsp5_7,wfjsp5,767.0,713.0,0.0704041720990873,0.0172413793103448,0.0172413793103448,3601.07
LBBD_CP_TS,wfjsp5_8,wfjsp5,683.0,639.0,0.0644216691068814,0.0,0.0,3600.0
LBBD_CP_TS,wfjsp5_9,wfjsp5,588.0,546.0,0.0714285714285714,0.0103092783505154,0.0103092783505154,3601.07
LBBD_CP_TS,wfjsp5_10,wfjsp5,642.0,559.0,0.1292834890965732,0.0239234449760765,0.0239234449760765,3601.09
LBBD_CP_TS,wfjsp6_1,wfjsp6,681.0,645.0,0.052863436123348,0.0,-0.001466275659824,3601.04
LBBD_CP_TS,wfjsp6_2,wfjsp6,780.0,746.0,0.0435897435897435,0.0,0.0,3600.04
LBBD_CP_TS,wfjsp6_3,wfjsp6,739.0,708.0,0.0419485791610284,0.0054421768707482,0.0054421768707482,3600.0
LBBD_CP_TS,wfjsp6_4,wfjsp6,813.0,774.0,0.047970479704797,0.012453300124533,0.012453300124533,3600.02
LBBD_CP_TS,wfjsp6_5,wfjsp6,846.0,815.0,0.0366430260047281,0.0023696682464454,0.0023696682464454,3600.0
LBBD_CP_TS,wfjsp6_6,wfjsp6,810.0,776.0,0.0419753086419753,0.0150375939849624,0.0150375939849624,3600.0
LBBD_CP_TS,wfjsp6_7,wfjsp6,836.0,795.0,0.0490430622009569,0.0,-0.0222222222222222,3600.03
LBBD_CP_TS,wfjsp6_8,wfjsp6,771.0,728.0,0.0557717250324254,0.0158102766798418,0.0158102766798418,3601.09
LBBD_CP_TS,wfjsp6_9,wfjsp6,686.0,652.0,0.0495626822157434,0.0,0.0,3601.04
LBBD_CP_TS,wfjsp6_10,wfjsp6,705.0,666.0,0.0553191489361702,0.0085836909871244,0.0085836909871244,3601.08
LBBD_CP_TS,wfjsp7_1,wfjsp7,829.0,776.0,0.0639324487334137,0.0171779141104294,0.0171779141104294,3600.03
LBBD_CP_TS,wfjsp7_2,wfjsp7,1033.0,983.0,0.0484027105517909,0.0,-0.0048169556840077,3600.03
LBBD_CP_TS,wfjsp7_3,wfjsp7,1139.0,1068.0,0.0623353819139596,0.0079646017699115,0.0052956751985878,3600.03
LBBD_CP_TS,wfjsp7_4,wfjsp7,943.0,900.0,0.0455991516436903,0.0,-0.0010593220338983,3600.03
LBBD_CP_TS,wfjsp7_5,wfjsp7,815.0,778.0,0.0453987730061349,0.0149439601494396,0.0149439601494396,3600.03
LBBD_CP_TS,wfjsp7_6,wfjsp7,1026.0,982.0,0.0428849902534113,0.0158415841584158,0.0158415841584158,3600.03
LBBD_CP_TS,wfjsp7_7,wfjsp7,946.0,887.0,0.062367864693446,0.0182992465016146,0.0182992465016146,3600.03
LBBD_CP_TS,wfjsp7_8,wfjsp7,897.0,848.0,0.0546265328874024,0.0170068027210884,0.0170068027210884,3600.03
LBBD_CP_TS,wfjsp7_9,wfjsp7,848.0,797.0,0.0601415094339622,0.0023640661938534,-0.0046948356807511,3600.03
LBBD_CP_TS,wfjsp7_10,wfjsp7,922.0,885.0,0.0401301518438177,0.0143014301430143,0.0143014301430143,3600.03
LBBD_CP_TS,wfjsp8_1,wfjsp8,1043.0,983.0,0.0575263662511984,0.0175609756097561,0.0175609756097561,3600.03
LBBD_CP_TS,wfjsp8_2,wfjsp8,1263.0,1209.0,0.0427553444180522,0.0095923261390887,0.0095923261390887,3600.03
LBBD_CP_TS,wfjsp8_3,wfjsp8,1379.0,1301.0,0.056562726613488,0.0109970674486803,0.0109970674486803,3600.04
LBBD_CP_TS,wfjsp8_4,wfjsp8,1215.0,1158.0,0.0469135802469135,0.0033030553261767,0.0033030553261767,3600.03
LBBD_CP_TS,wfjsp8_5,wfjsp8,1052.0,1008.0,0.0418250950570342,0.0019047619047619,0.0019047619047619,3600.03
LBBD_CP_TS,wfjsp8_6,wfjsp8,1282.0,1229.0,0.0413416536661466,0.0118389897395422,0.0118389897395422,3601.09
LBBD_CP_TS,wfjsp8_7,wfjsp8,1172.0,1104.0,0.0580204778156996,0.0120898100172711,0.0120898100172711,3600.04
LBBD_CP_TS,wfjsp8_8,wfjsp8,1165.0,1107.0,0.0497854077253218,0.0060449050086355,0.0060449050086355,3600.02
LBBD_CP_TS,wfjsp8_9,wfjsp8,1047.0,995.0,0.049665711556829,0.0028735632183908,0.0028735632183908,3600.03
LBBD_CP_TS,wfjsp8_10,wfjsp8,1210.0,1163.0,0.0388429752066115,0.0134003350083752,0.0134003350083752,3600.03
LBBD_CP_TS,wfjsp9_1,wfjsp9,1313.0,1239.0,0.0563594821020563,0.0,-0.0007610350076103,3600.04
LBBD_CP_TS,wfjsp9_2,wfjsp9,1405.0,1337.0,0.0483985765124555,0.0035714285714285,0.0007122507122507,3600.04
LBBD_CP_TS,wfjsp9_3,wfjsp9,1485.0,1419.0,0.0444444444444444,0.0013486176668914,0.0013486176668914,3600.0
LBBD_CP_TS,wfjsp9_4,wfjsp9,1368.0,1300.0,0.0497076023391812,0.0081061164333087,0.0081061164333087,3601.12
LBBD_CP_TS,wfjsp9_5,wfjsp9,1268.0,1209.0,0.0465299684542586,0.0168404170008019,0.0168404170008019,3600.0
LBBD_CP_TS,wfjsp9_6,wfjsp9,1400.0,1342.0,0.0414285714285714,0.012292118582791,0.012292118582791,3600.04
LBBD_CP_TS,wfjsp9_7,wfjsp9,1328.0,1248.0,0.0602409638554216,0.007587253414264,0.007587253414264,3600.02
LBBD_CP_TS,wfjsp9_8,wfjsp9,1399.0,1315.0,0.0600428877769835,0.0093795093795093,0.0093795093795093,3600.03
LBBD_CP_TS,wfjsp9_9,wfjsp9,1292.0,1227.0,0.0503095975232198,0.0,-0.0015455950540958,3600.03
LBBD_CP_TS,wfjsp9_10,wfjsp9,1431.0,1375.0,0.0391334730957372,0.012022630834512,0.012022630834512,3601.11
LBBD_CP_TS,wfjsp10_1,wfjsp10,779.0,695.0,0.1078305519897304,0.0064599483204134,-0.0025608194622279,3600.08
LBBD_CP_TS,wfjsp10_2,wfjsp10,853.0,763.0,0.1055099648300117,0.020334928229665,0.020334928229665,3600.19
LBBD_CP_TS,wfjsp10_3,wfjsp10,927.0,840.0,0.0938511326860841,0.0043336944745395,0.0043336944745395,3601.2
LBBD_CP_TS,wfjsp10_4,wfjsp10,870.0,784.0,0.0988505747126436,0.0,-0.0034364261168384,3601.14
LBBD_CP_TS,wfjsp10_5,wfjsp10,729.0,657.0,0.0987654320987654,0.0,-0.0054570259208731,3600.03
LBBD_CP_TS,wfjsp10_6,wfjsp10,915.0,829.0,0.0939890710382513,0.0212053571428571,0.0212053571428571,3601.22
LBBD_CP_TS,wfjsp10_7,wfjsp10,822.0,743.0,0.0961070559610705,0.0036630036630036,0.0036630036630036,3600.14
LBBD_CP_TS,wfjsp10_8,wfjsp10,840.0,740.0,0.119047619047619,0.0194174757281553,0.0194174757281553,3600.1
LBBD_CP_TS,wfjsp10_9,wfjsp10,811.0,711.0,0.1233045622688039,0.0099626400996264,0.0099626400996264,3600.1
LBBD_CP_TS,wfjsp10_10,wfjsp10,864.0,785.0,0.0914351851851851,0.0058207217694994,0.0058207217694994,3600.11
LBBD_CP_TS,wfjsp11_1,wfjsp11,980.0,873.0,0.1091836734693877,0.0113519091847265,0.0113519091847265,3600.01
LBBD_CP_TS,wfjsp11_2,wfjsp11,1207.0,1079.0,0.1060480530240265,0.0194256756756756,0.0194256756756756,3600.16
LBBD_CP_TS,wfjsp11_3,wfjsp11,1169.0,1040.0,0.1103507271171941,0.0174064403829416,0.0174064403829416,3600.1
LBBD_CP_TS,wfjsp11_4,wfjsp11,1160.0,1029.0,0.1129310344827586,0.0220264317180616,0.0220264317180616,3600.17
LBBD_CP_TS,wfjsp11_5,wfjsp11,1183.0,1083.0,0.0845308537616229,0.0025423728813559,0.0025423728813559,3600.2
LBBD_CP_TS,wfjsp11_6,wfjsp11,978.0,873.0,0.107361963190184,0.0437566702241195,0.0437566702241195,3601.43
LBBD_CP_TS,wfjsp11_7,wfjsp11,1008.0,900.0,0.1071428571428571,0.0,-0.0068965517241379,3600.17
LBBD_CP_TS,wfjsp11_8,wfjsp11,1044.0,921.0,0.1178160919540229,0.0116279069767441,0.0116279069767441,3600.0
LBBD_CP_TS,wfjsp11_9,wfjsp11,1153.0,1009.0,0.1248915871639202,0.0149647887323943,0.0149647887323943,3600.19
LBBD_CP_TS,wfjsp11_10,wfjsp11,1117.0,1023.0,0.0841539838854073,0.0238313473877176,0.0238313473877176,3600.13
LBBD_CP_TS,wfjsp12_1,wfjsp12,913.0,819.0,0.1029572836801752,0.0189732142857142,0.0189732142857142,3600.04
LBBD_CP_TS,wfjsp12_2,wfjsp12,1016.0,917.0,0.0974409448818897,0.0190571715145436,0.0190571715145436,3600.16
LBBD_CP_TS,wfjsp12_3,wfjsp12,1085.0,980.0,0.0967741935483871,0.0,-0.0163191296464188,3601.25
LBBD_CP_TS,wfjsp12_4,wfjsp12,1025.0,937.0,0.0858536585365853,0.0,-0.0019474196689386,3601.22
LBBD_CP_TS,wfjsp12_5,wfjsp12,873.0,801.0,0.0824742268041237,0.004602991944764,0.004602991944764,3600.14
LBBD_CP_TS,wfjsp12_6,wfjsp12,1157.0,1049.0,0.0933448573898012,0.0202821869488536,0.0202821869488536,3600.01
LBBD_CP_TS,wfjsp12_7,wfjsp12,996.0,893.0,0.1034136546184738,0.0,-0.0216110019646365,3600.11
LBBD_CP_TS,wfjsp12_8,wfjsp12,978.0,875.0,0.1053169734151329,0.0,-0.0020408163265306,3600.18
LBBD_CP_TS,wfjsp12_9,wfjsp12,980.0,883.0,0.0989795918367346,0.0,-0.0150753768844221,3600.12
LBBD_CP_TS,wfjsp12_10,wfjsp12,1111.0,1021.0,0.081008100810081,0.010919017288444,0.010919017288444,3600.16
LBBD_CP_TS,wfjsp13_1,wfjsp13,876.0,751.0,0.1426940639269406,0.0115473441108545,0.0115473441108545,3600.02
LBBD_CP_TS,wfjsp13_2,wfjsp13,976.0,845.0,0.1342213114754098,0.0145530145530145,0.0145530145530145,3600.03
LBBD_CP_TS,wfjsp13_3,wfjsp13,872.0,760.0,0.128440366972477,0.0,-0.0124575311438278,3600.01
LBBD_CP_TS,wfjsp13_4,wfjsp13,911.0,791.0,0.1317233809001097,0.0033039647577092,0.0033039647577092,3600.03
LBBD_CP_TS,wfjsp13_5,wfjsp13,819.0,713.0,0.1294261294261294,0.0123609394313967,0.0123609394313967,3600.02
LBBD_CP_TS,wfjsp13_6,wfjsp13,1009.0,880.0,0.1278493557978196,0.0212550607287449,0.0212550607287449,3600.02
LBBD_CP_TS,wfjsp13_7,wfjsp13,861.0,734.0,0.1475029036004645,0.0011627906976744,-0.016,3600.01
LBBD_CP_TS,wfjsp13_8,wfjsp13,895.0,768.0,0.1418994413407821,0.0,-0.0044493882091212,3600.02
LBBD_CP_TS,wfjsp13_9,wfjsp13,961.0,826.0,0.1404786680541103,0.0,-0.0062047569803516,3600.02
LBBD_CP_TS,wfjsp13_10,wfjsp13,938.0,823.0,0.1226012793176972,0.0240174672489082,0.0240174672489082,3600.02
LBBD_CP_TS,wfjsp14_1,wfjsp14,742.0,649.0,0.1253369272237196,0.0,-0.0040268456375838,3600.21
LBBD_CP_TS,wfjsp14_2,wfjsp14,803.0,700.0,0.1282689912826899,0.0126103404791929,0.0126103404791929,3600.01
LBBD_CP_TS,wfjsp14_3,wfjsp14,831.0,736.0,0.1143200962695547,0.0,-0.0200471698113207,3602.13
LBBD_CP_TS,wfjsp14_4,wfjsp14,816.0,720.0,0.1176470588235294,0.0124069478908188,0.0124069478908188,3600.17
LBBD_CP_TS,wfjsp14_5,wfjsp14,712.0,628.0,0.1179775280898876,0.0,-0.0041958041958041,3601.24
LBBD_CP_TS,wfjsp14_6,wfjsp14,921.0,818.0,0.1118349619978284,0.008762322015334,0.008762322015334,3600.01
LBBD_CP_TS,wfjsp14_7,wfjsp14,817.0,709.0,0.1321909424724602,0.0,-0.0108958837772397,3600.01
LBBD_CP_TS,wfjsp14_8,wfjsp14,783.0,686.0,0.123882503192848,0.0012787723785166,0.0012787723785166,3600.22
LBBD_CP_TS,wfjsp14_9,wfjsp14,780.0,687.0,0.1192307692307692,0.0025706940874035,-0.0163934426229508,3600.14
LBBD_CP_TS,wfjsp14_10,wfjsp14,892.0,792.0,0.1121076233183856,0.0159453302961275,0.0159453302961275,3600.02
LBBD_CP_TS,wfjsp15_1,wfjsp15,1257.0,1093.0,0.1304693715194908,0.0,-0.0015885623510722,3600.4
LBBD_CP_TS,wfjsp15_2,wfjsp15,1315.0,1154.0,0.1224334600760456,0.0007610350076103,0.0007610350076103,3600.46
LBBD_CP_TS,wfjsp15_3,wfjsp15,1355.0,1184.0,0.1261992619926199,0.0037037037037037,-0.0152616279069767,3600.2
LBBD_CP_TS,wfjsp15_4,wfjsp15,1308.0,1155.0,0.1169724770642201,0.0,0.0,3600.14
LBBD_CP_TS,wfjsp15_5,wfjsp15,1213.0,1069.0,0.1187139323990107,0.0125208681135225,0.0125208681135225,3600.68
LBBD_CP_TS,wfjsp15_6,wfjsp15,1543.0,1354.0,0.1224886584575502,0.0218543046357615,0.0218543046357615,3600.24
LBBD_CP_TS,wfjsp15_7,wfjsp15,1315.0,1136.0,0.1361216730038023,0.0015232292460015,-0.009789156626506,3600.12
LBBD_CP_TS,wfjsp15_8,wfjsp15,1317.0,1148.0,0.1283219438116932,0.003810975609756,-0.0075357950263752,3600.41
LBBD_CP_TS,wfjsp15_9,wfjsp15,1299.0,1137.0,0.1247113163972286,0.0,-0.0218373493975903,3600.31
LBBD_CP_TS,wfjsp15_10,wfjsp15,1436.0,1267.0,0.1176880222841225,0.0148409893992932,0.0148409893992932,3600.79
LBBD_CP_TS,wfjsp16_1,wfjsp16,978.0,872.0,0.1083844580777096,0.0,-0.0170854271356783,3600.48
LBBD_CP_TS,wfjsp16_2,wfjsp16,1011.0,900.0,0.1097922848664688,0.0,0.0,3600.1
LBBD_CP_TS,wfjsp16_3,wfjsp16,1059.0,951.0,0.1019830028328611,0.0,-0.0346399270738377,3600.12
LBBD_CP_TS,wfjsp16_4,wfjsp16,1075.0,960.0,0.1069767441860465,0.0093896713615023,0.0009310986964618,3600.37
LBBD_CP_TS,wfjsp16_5,wfjsp16,906.0,813.0,0.1026490066225165,0.0022123893805309,0.0022123893805309,3600.4
LBBD_CP_TS,wfjsp16_6,wfjsp16,1228.0,1098.0,0.1058631921824104,0.0049099836333878,0.0049099836333878,3600.43
LBBD_CP_TS,wfjsp16_7,wfjsp16,1068.0,938.0,0.1217228464419475,0.0056497175141242,-0.0237659963436928,3600.26
LBBD_CP_TS,wfjsp16_8,wfjsp16,1030.0,917.0,0.1097087378640776,0.0,-0.0181124880838894,3600.51
LBBD_CP_TS,wfjsp16_9,wfjsp16,1029.0,913.0,0.1127308066083576,0.0048828125,-0.0246445497630331,3600.12
LBBD_CP_TS,wfjsp16_10,wfjsp16,1148.0,1024.0,0.1080139372822299,0.0026200873362445,0.0026200873362445,3600.29
LBBD_CP_TS,wfjsp17_1,wfjsp17,1555.0,1537.0,0.0115755627009646,0.0,-0.0189274447949526,3600.04
LBBD_CP_TS,wfjsp17_2,wfjsp17,1703.0,1671.0,0.0187903699354081,0.0,-0.0161756210283073,3600.04
LBBD_CP_TS,wfjsp17_3,wfjsp17,1818.0,1779.0,0.0214521452145214,0.0,-0.0098039215686274,3600.03
LBBD_CP_TS,wfjsp17_4,wfjsp17,1642.0,1623.0,0.0115712545676004,0.0030543677458766,-0.0167664670658682,3600.04
LBBD_CP_TS,wfjsp17_5,wfjsp17,1538.0,1515.0,0.0149544863459037,0.0006506180871828,-0.0128369704749679,3600.03
LBBD_CP_TS,wfjsp17_6,wfjsp17,1707.0,1671.0,0.0210896309314587,0.0017605633802816,-0.0005854800936768,3600.04
LBBD_CP_TS,wfjsp17_7,wfjsp17,1571.0,1543.0,0.0178230426479949,0.0089916506101477,-0.0168961201501877,3600.03
LBBD_CP_TS,wfjsp17_8,wfjsp17,1674.0,1670.0,0.002389486260454,0.0,-0.0250436808386721,3600.02
LBBD_CP_TS,wfjsp17_9,wfjsp17,1566.0,1531.0,0.0223499361430395,0.0044900577293136,-0.0169491525423728,3600.0
LBBD_CP_TS,wfjsp17_10,wfjsp17,1734.0,1717.0,0.0098039215686274,0.0,-0.0091428571428571,3600.04
LBBD_CP_TS,wfjsp18_1,wfjsp18,939.0,866.0,0.0777422790202343,0.0107642626480086,0.0107642626480086,3601.16
LBBD_CP_TS,wfjsp18_2,wfjsp18,1022.0,949.0,0.0714285714285714,0.0118811881188118,0.0118811881188118,3600.1
LBBD_CP_TS,wfjsp18_3,wfjsp18,1104.0,1040.0,0.0579710144927536,0.0009066183136899,-0.0142857142857142,3601.1
LBBD_CP_TS,wfjsp18_4,wfjsp18,1042.0,977.0,0.0623800383877159,0.0048216007714561,0.0048216007714561,3600.0
LBBD_CP_TS,wfjsp18_5,wfjsp18,865.0,818.0,0.0543352601156069,0.0128805620608899,0.0128805620608899,3600.09
LBBD_CP_TS,wfjsp18_6,wfjsp18,1090.0,1036.0,0.0495412844036697,0.0073937153419593,0.0055350553505535,3600.11
LBBD_CP_TS,wfjsp18_7,wfjsp18,1003.0,931.0,0.0717846460618145,0.0,0.0,3600.37
LBBD_CP_TS,wfjsp18_8,wfjsp18,989.0,916.0,0.0738119312436804,0.0,-0.001010101010101,3600.14
LBBD_CP_TS,wfjsp18_9,wfjsp18,945.0,877.0,0.0719576719576719,0.0010593220338983,0.0010593220338983,3601.07
LBBD_CP_TS,wfjsp18_10,wfjsp18,1032.0,976.0,0.0542635658914728,0.0127576054955839,0.0127576054955839,3601.2
LBBD_CP_TS,wfjsp19_1,wfjsp19,1178.0,1090.0,0.0747028862478777,0.0,-0.0150501672240802,3600.04
LBBD_CP_TS,wfjsp19_2,wfjsp19,1452.0,1349.0,0.0709366391184573,0.0,-0.0129163834126444,3600.16
LBBD_CP_TS,wfjsp19_3,wfjsp19,1393.0,1293.0,0.0717875089734386,0.0,-0.0092460881934566,3600.12
LBBD_CP_TS,wfjsp19_4,wfjsp19,1377.0,1286.0,0.0660856935366739,0.0,-0.0150214592274678,3600.05
LBBD_CP_TS,wfjsp19_5,wfjsp19,1433.0,1350.0,0.0579204466154919,0.0027991602519244,-0.0076177285318559,3600.13
LBBD_CP_TS,wfjsp19_6,wfjsp19,1158.0,1090.0,0.0587219343696027,0.0008643042350907,0.0,3600.0
LBBD_CP_TS,wfjsp19_7,wfjsp19,1206.0,1130.0,0.0630182421227197,0.0,-0.0242718446601941,3600.14
LBBD_CP_TS,wfjsp19_8,wfjsp19,1243.0,1145.0,0.078841512469831,0.0,-0.0056,3600.12
LBBD_CP_TS,wfjsp19_9,wfjsp19,1356.0,1257.0,0.0730088495575221,0.0,-0.0230547550432276,3600.01
LBBD_CP_TS,wfjsp19_10,wfjsp19,1337.0,1278.0,0.044128646222887,0.0,-0.0103626943005181,3600.03
LBBD_CP_TS,wfjsp20_1,wfjsp20,1068.0,1013.0,0.0514981273408239,0.0,-0.0334841628959276,3600.06
LBBD_CP_TS,wfjsp20_2,wfjsp20,1207.0,1145.0,0.0513670256835128,0.0,-0.0114660114660114,3600.14
LBBD_CP_TS,wfjsp20_3,wfjsp20,1293.0,1219.0,0.0572312451662799,0.0,-0.0263554216867469,3600.12
LBBD_CP_TS,wfjsp20_4,wfjsp20,1239.0,1169.0,0.0564971751412429,0.0,-0.0158856235107227,3600.14
LBBD_CP_TS,wfjsp20_5,wfjsp20,1046.0,1003.0,0.0411089866156787,0.0,-0.0113421550094517,3600.01
LBBD_CP_TS,wfjsp20_6,wfjsp20,1371.0,1309.0,0.0452224653537563,0.0,-0.0072411296162201,3600.18
LBBD_CP_TS,wfjsp20_7,wfjsp20,1191.0,1117.0,0.0621326616288832,0.0,-0.0269607843137254,3600.12
LBBD_CP_TS,wfjsp20_8,wfjsp20,1159.0,1089.0,0.0603968938740293,0.0,-0.0202874049027895,3600.12
LBBD_CP_TS,wfjsp20_9,wfjsp20,1170.0,1104.0,0.0564102564102564,0.0,-0.025,3600.1
LBBD_CP_TS,wfjsp20_10,wfjsp20,1332.0,1276.0,0.042042042042042,0.0,-0.0220264317180616,3600.16
LBBD_CP_TS,wfjsp21_1,wfjsp21,1015.0,937.0,0.076847290640394,0.0,-0.0324118207816968,3600.01
LBBD_CP_TS,wfjsp21_2,wfjsp21,1150.0,1053.0,0.0843478260869565,0.000870322019147,-0.0179333902647309,3600.01
LBBD_CP_TS,wfjsp21_3,wfjsp21,1030.0,947.0,0.0805825242718446,0.0,-0.0152963671128107,3600.01
LBBD_CP_TS,wfjsp21_4,wfjsp21,1068.0,988.0,0.0749063670411985,0.0056497175141242,-0.0246575342465753,3600.01
LBBD_CP_TS,wfjsp21_5,wfjsp21,962.0,896.0,0.0686070686070686,0.0,-0.0223577235772357,3600.01
LBBD_CP_TS,wfjsp21_6,wfjsp21,1185.0,1098.0,0.0734177215189873,0.0,-0.0157807308970099,3600.01
LBBD_CP_TS,wfjsp21_7,wfjsp21,1000.0,914.0,0.086,0.0,-0.0147783251231527,3600.01
LBBD_CP_TS,wfjsp21_8,wfjsp21,1047.0,959.0,0.0840496657115568,0.0,-0.0376838235294117,3600.01
LBBD_CP_TS,wfjsp21_9,wfjsp21,1124.0,1025.0,0.0880782918149466,0.0017825311942959,-0.0044286979627989,3600.01
LBBD_CP_TS,wfjsp21_10,wfjsp21,1099.0,1023.0,0.0691537761601455,0.0,-0.01875,3600.01
LBBD_CP_TS,wfjsp22_1,wfjsp22,867.0,810.0,0.0657439446366782,0.0,-0.0398671096345514,3600.14
LBBD_CP_TS,wfjsp22_2,wfjsp22,940.0,873.0,0.0712765957446808,0.0,-0.0177638453500522,3600.02
LBBD_CP_TS,wfjsp22_3,wfjsp22,994.0,918.0,0.0764587525150905,0.0030272452068617,-0.029296875,3600.01
LBBD_CP_TS,wfjsp22_4,wfjsp22,967.0,898.0,0.0713547052740434,0.004153686396677,-0.0222446916076845,3600.02
LBBD_CP_TS,wfjsp22_5,wfjsp22,842.0,790.0,0.0617577197149643,0.0011890606420927,-0.0366132723112128,3600.08
LBBD_CP_TS,wfjsp22_6,wfjsp22,1093.0,1022.0,0.0649588289112534,0.0,-0.018850987432675,3600.01
LBBD_CP_TS,wfjsp22_7,wfjsp22,961.0,887.0,0.0770031217481789,0.0,-0.0331991951710261,3600.01
LBBD_CP_TS,wfjsp22_8,wfjsp22,926.0,856.0,0.0755939524838013,0.0,-0.0211416490486257,3600.26
LBBD_CP_TS,wfjsp22_9,wfjsp22,916.0,853.0,0.0687772925764192,0.0,-0.0296610169491525,3600.47
LBBD_CP_TS,wfjsp22_10,wfjsp22,1043.0,985.0,0.0556088207094918,0.0,-0.0378228782287822,3600.02
LBBD_CP_TS,wfjsp23_1,wfjsp23,1458.0,1365.0,0.0637860082304526,0.0,-0.0401579986833443,3600.28
LBBD_CP_TS,wfjsp23_2,wfjsp23,1561.0,1440.0,0.0775144138372837,0.0,-0.0213166144200626,3600.12
LBBD_CP_TS,wfjsp23_3,wfjsp23,1597.0,1480.0,0.0732623669380087,0.0,-0.036210018105009,3600.39
LBBD_CP_TS,wfjsp23_4,wfjsp23,1540.0,1441.0,0.0642857142857142,0.0,-0.0203562340966921,3600.59
LBBD_CP_TS,wfjsp23_5,wfjsp23,1428.0,1345.0,0.0581232492997198,0.0007007708479327,-0.0403225806451612,3600.12
LBBD_CP_TS,wfjsp23_6,wfjsp23,1818.0,1691.0,0.0698569856985698,0.0,-0.0257234726688102,3600.6
LBBD_CP_TS,wfjsp23_7,wfjsp23,1540.0,1420.0,0.0779220779220779,0.0,-0.038101186758276,3600.38
LBBD_CP_TS,wfjsp23_8,wfjsp23,1552.0,1431.0,0.0779639175257732,0.0,-0.0281778334376956,3600.41
LBBD_CP_TS,wfjsp23_9,wfjsp23,1532.0,1414.0,0.0770234986945169,0.0,-0.0316055625790139,3600.17
LBBD_CP_TS,wfjsp23_10,wfjsp23,1687.0,1574.0,0.0669828097213989,0.0,-0.0231615518239722,3600.23
LBBD_CP_TS,wfjsp24_1,wfjsp24,1151.0,1089.0,0.0538662033014769,0.0,-0.041631973355537,3600.34
LBBD_CP_TS,wfjsp24_2,wfjsp24,1203.0,1122.0,0.0673316708229426,0.0117746005046257,-0.0139344262295081,3600.27
LBBD_CP_TS,wfjsp24_3,wfjsp24,1257.0,1187.0,0.0556881463802704,0.0,-0.0548872180451127,3600.12
LBBD_CP_TS,wfjsp24_4,wfjsp24,1270.0,1199.0,0.0559055118110236,0.001577287066246,-0.023076923076923,3600.39
LBBD_CP_TS,wfjsp24_5,wfjsp24,1079.0,1024.0,0.0509731232622798,0.0,-0.0305480682839173,3600.31
LBBD_CP_TS,wfjsp24_6,wfjsp24,1457.0,1372.0,0.0583390528483184,0.0020632737276478,-0.0201748486886348,3600.46
LBBD_CP_TS,wfjsp24_7,wfjsp24,1258.0,1173.0,0.0675675675675675,0.0,-0.0411585365853658,3600.19
LBBD_CP_TS,wfjsp24_8,wfjsp24,1220.0,1144.0,0.0622950819672131,0.0,-0.0340459224069675,3600.15
LBBD_CP_TS,wfjsp24_9,wfjsp24,1214.0,1134.0,0.0658978583196046,0.0,-0.0433412135539795,3600.17
LBBD_CP_TS,wfjsp24_10,wfjsp24,1344.0,1273.0,0.0528273809523809,0.0,-0.044776119402985,3600.37
LBBD_CP_TS,MK1,MK,71.0,68.0,0.0422535211267605,0.0142857142857142,0.0142857142857142,3600.0
LBBD_CP_TS,MK2,MK,68.0,66.0,0.0294117647058823,0.0149253731343283,0.0149253731343283,3601.04
LBBD_CP_TS,MK3,MK,238.0,238.0,0.0,0.0,0.0,677.63
LBBD_CP_TS,MK4,MK,94.0,89.0,0.0531914893617021,0.0,-0.0105263157894736,3601.12
LBBD_CP_TS,MK5,MK,297.0,296.0,0.0033670033670033,0.0033783783783783,-0.0066889632107023,3600.02
LBBD_CP_TS,MK6,MK,107.0,88.0,0.1775700934579439,0.0,-0.018348623853211,3600.16
LBBD_CP_TS,MK7,MK,219.0,219.0,0.0,0.0,-0.0135135135135135,504.344
LBBD_CP_TS,MK8,MK,624.0,624.0,0.0,0.0,0.0,684.788
LBBD_CP_TS,MK9,MK,466.0,450.0,0.0343347639484978,0.0,-0.0271398747390396,3600.13
LBBD_CP_TS,MK10,MK,315.0,293.0,0.0698412698412698,0.0,-0.0337423312883435,3600.01
LBBD_CP_TS,DP1,DP,2961.0,2883.0,0.0263424518743667,0.0136939404313591,0.0136939404313591,3600.05
LBBD_CP_TS,DP2,DP,2931.0,2881.0,0.0170590242238143,0.0058339052848318,0.0058339052848318,3600.01
LBBD_CP_TS,DP3,DP,2918.0,2881.0,0.0126799177518848,0.0027491408934707,0.0027491408934707,3600.04
LBBD_CP_TS,DP4,DP,2928.0,2865.0,0.0215163934426229,0.0058399175541051,0.0058399175541051,3600.05
LBBD_CP_TS,DP5,DP,2901.0,2834.0,0.0230954843157531,0.0045013850415512,0.0045013850415512,3600.06
LBBD_CP_TS,DP6,DP,2885.0,2801.0,0.0291161178509532,0.002780674313521,0.002780674313521,3600.0
LBBD_CP_TS,DP7,DP,2936.0,2847.0,0.0303133514986376,0.0065135413095646,0.0065135413095646,3600.15
LBBD_CP_TS,DP8,DP,2888.0,2835.0,0.0183518005540166,0.0017343045438779,0.0017343045438779,3600.14
LBBD_CP_TS,DP9,DP,2871.0,2829.0,0.0146290491118077,0.0,-0.003125,3600.01
LBBD_CP_TS,DP10,DP,2923.0,2848.0,0.0256585699623674,0.0003422313483915,0.0003422313483915,3600.13
LBBD_CP_TS,DP11,DP,2876.0,2788.0,0.0305980528511821,0.0020905923344947,0.0,3601.15
LBBD_CP_TS,DP12,DP,2800.0,2724.0,0.0271428571428571,0.0,-0.0140845070422535,3600.01
CP_LBBD_CP_TS,wfjsp1_1,wfjsp1,268.0,268.0,0.0,0.0,0.0,1.39944
CP_LBBD_CP_TS,wfjsp1_2,wfjsp1,287.0,287.0,0.0,0.0,0.0,0.223913
CP_LBBD_CP_TS,wfjsp1_3,wfjsp1,347.0,347.0,0.0,0.0,0.0,0.964943
CP_LBBD_CP_TS,wfjsp1_4,wfjsp1,315.0,315.0,0.0,0.0,0.0,2.72624
CP_LBBD_CP_TS,wfjsp1_5,wfjsp1,265.0,265.0,0.0,0.0,0.0,0.971988
CP_LBBD_CP_TS,wfjsp1_6,wfjsp1,291.0,291.0,0.0,0.0,0.0,2.62391
CP_LBBD_CP_TS,wfjsp1_7,wfjsp1,265.0,265.0,0.0,0.0,0.0,2.8956
CP_LBBD_CP_TS,wfjsp1_8,wfjsp1,328.0,328.0,0.0,0.0,0.0,2.23358
CP_LBBD_CP_TS,wfjsp1_9,wfjsp1,252.0,252.0,0.0,0.0,0.0,1.45413
CP_LBBD_CP_TS,wfjsp1_10,wfjsp1,316.0,316.0,0.0,0.0,0.0,8.16091
CP_LBBD_CP_TS,wfjsp2_1,wfjsp2,336.0,336.0,0.0,0.0,0.0,35.4842
CP_LBBD_CP_TS,wfjsp2_2,wfjsp2,368.0,368.0,0.0,0.0,0.0,30.6267
CP_LBBD_CP_TS,wfjsp2_3,wfjsp2,421.0,421.0,0.0,0.0,0.0,18.2531
CP_LBBD_CP_TS,wfjsp2_4,wfjsp2,378.0,378.0,0.0,0.0,0.0,54.2218
CP_LBBD_CP_TS,wfjsp2_5,wfjsp2,270.0,270.0,0.0,0.0,0.0,1.81399
CP_LBBD_CP_TS,wfjsp2_6,wfjsp2,416.0,416.0,0.0,0.0,0.0,129.214
CP_LBBD_CP_TS,wfjsp2_7,wfjsp2,395.0,395.0,0.0,0.0,0.0,189.994
CP_LBBD_CP_TS,wfjsp2_8,wfjsp2,414.0,414.0,0.0,0.0,0.0,68.7183
CP_LBBD_CP_TS,wfjsp2_9,wfjsp2,329.0,329.0,0.0,0.0,0.0,12.2505
CP_LBBD_CP_TS,wfjsp2_10,wfjsp2,489.0,489.0,0.0,0.0,0.0,1800.39
CP_LBBD_CP_TS,wfjsp3_1,wfjsp3,419.0,419.0,0.0,0.0,0.0,88.2001
CP_LBBD_CP_TS,wfjsp3_2,wfjsp3,543.0,543.0,0.0,0.0,0.0,212.717
CP_LBBD_CP_TS,wfjsp3_3,wfjsp3,383.0,383.0,0.0,0.0,0.0,1.3114
CP_LBBD_CP_TS,wfjsp3_4,wfjsp3,443.0,443.0,0.0,0.0,0.0,74.1245
CP_LBBD_CP_TS,wfjsp3_5,wfjsp3,284.0,284.0,0.0,0.0,0.0,5.64674
CP_LBBD_CP_TS,wfjsp3_6,wfjsp3,529.0,509.0,0.0378071833648393,0.0,0.0,3601.05
CP_LBBD_CP_TS,wfjsp3_7,wfjsp3,342.0,342.0,0.0,0.0,0.0,8.22108
CP_LBBD_CP_TS,wfjsp3_8,wfjsp3,492.0,492.0,0.0,0.0,0.0,162.087
CP_LBBD_CP_TS,wfjsp3_9,wfjsp3,534.0,534.0,0.0,0.0,0.0,2.14756
CP_LBBD_CP_TS,wfjsp3_10,wfjsp3,455.0,455.0,0.0,0.0,0.0,11.0019
CP_LBBD_CP_TS,wfjsp4_1,wfjsp4,277.0,277.0,0.0,0.0,0.0,1163.27
CP_LBBD_CP_TS,wfjsp4_2,wfjsp4,350.0,342.0,0.0228571428571428,0.0057471264367816,0.0,3600.79
CP_LBBD_CP_TS,wfjsp4_3,wfjsp4,360.0,360.0,0.0,0.0,0.0,413.864
CP_LBBD_CP_TS,wfjsp4_4,wfjsp4,320.0,312.0,0.025,0.0,0.0,3601.02
CP_LBBD_CP_TS,wfjsp4_5,wfjsp4,290.0,290.0,0.0,0.0,0.0,2.58886
CP_LBBD_CP_TS,wfjsp4_6,wfjsp4,355.0,346.0,0.0253521126760563,0.0,0.0,3600.49
CP_LBBD_CP_TS,wfjsp4_7,wfjsp4,288.0,288.0,0.0,0.0,0.0,451.101
CP_LBBD_CP_TS,wfjsp4_8,wfjsp4,316.0,307.0,0.0284810126582278,0.0,0.0,3600.0
CP_LBBD_CP_TS,wfjsp4_9,wfjsp4,288.0,288.0,0.0,0.0,0.0,62.4599
CP_LBBD_CP_TS,wfjsp4_10,wfjsp4,293.0,293.0,0.0,0.0,0.0,64.0
CP_LBBD_CP_TS,wfjsp5_1,wfjsp5,608.0,572.0,0.0592105263157894,0.0,0.0,3601.03
CP_LBBD_CP_TS,wfjsp5_2,wfjsp5,638.0,610.0,0.0438871473354232,0.0,0.0,3601.08
CP_LBBD_CP_TS,wfjsp5_3,wfjsp5,635.0,589.0,0.0724409448818897,0.0143769968051118,0.0143769968051118,3601.06
CP_LBBD_CP_TS,wfjsp5_4,wfjsp5,722.0,695.0,0.0373961218836565,0.0,0.0,3600.03
CP_LBBD_CP_TS,wfjsp5_5,wfjsp5,723.0,691.0,0.0442600276625172,0.0041666666666666,-0.0082304526748971,3601.04
CP_LBBD_CP_TS,wfjsp5_6,wfjsp5,732.0,693.0,0.0532786885245901,0.0,0.0,3601.05
CP_LBBD_CP_TS,wfjsp5_7,wfjsp5,754.0,713.0,0.0543766578249336,0.0,0.0,3601.04
CP_LBBD_CP_TS,wfjsp5_8,wfjsp5,683.0,639.0,0.0644216691068814,0.0,0.0,3601.04
CP_LBBD_CP_TS,wfjsp5_9,wfjsp5,582.0,546.0,0.0618556701030927,0.0,0.0,3600.0
CP_LBBD_CP_TS,wfjsp5_10,wfjsp5,627.0,627.0,0.0,0.0,0.0,1489.0
CP_LBBD_CP_TS,wfjsp6_1,wfjsp6,682.0,644.0,0.0557184750733137,0.0014684287812041,0.0,3600.02
CP_LBBD_CP_TS,wfjsp6_2,wfjsp6,780.0,746.0,0.0435897435897435,0.0,0.0,3600.0
CP_LBBD_CP_TS,wfjsp6_3,wfjsp6,740.0,708.0,0.0432432432432432,0.0068027210884353,0.0068027210884353,3601.03
CP_LBBD_CP_TS,wfjsp6_4,wfjsp6,803.0,774.0,0.0361145703611457,0.0,0.0,3600.03
CP_LBBD_CP_TS,wfjsp6_5,wfjsp6,845.0,815.0,0.0355029585798816,0.0011848341232227,0.0011848341232227,3600.03
CP_LBBD_CP_TS,wfjsp6_6,wfjsp6,798.0,776.0,0.0275689223057644,0.0,0.0,3601.06
CP_LBBD_CP_TS,wfjsp6_7,wfjsp6,845.0,795.0,0.059171597633136,0.0107655502392344,-0.0116959064327485,3600.01
CP_LBBD_CP_TS,wfjsp6_8,wfjsp6,764.0,728.0,0.0471204188481675,0.0065876152832674,0.0065876152832674,3601.05
CP_LBBD_CP_TS,wfjsp6_9,wfjsp6,687.0,652.0,0.0509461426491994,0.0014577259475218,0.0014577259475218,3601.05
CP_LBBD_CP_TS,wfjsp6_10,wfjsp6,699.0,666.0,0.0472103004291845,0.0,0.0,3600.01
CP_LBBD_CP_TS,wfjsp7_1,wfjsp7,816.0,776.0,0.0490196078431372,0.0012269938650306,0.0012269938650306,3600.02
CP_LBBD_CP_TS,wfjsp7_2,wfjsp7,1037.0,983.0,0.0520732883317261,0.0038722168441432,-0.0009633911368015,3600.03
CP_LBBD_CP_TS,wfjsp7_3,wfjsp7,1130.0,1068.0,0.0548672566371681,0.0,-0.0026478375992939,3600.04
CP_LBBD_CP_TS,wfjsp7_4,wfjsp7,947.0,900.0,0.0496304118268215,0.0042417815482502,0.0031779661016949,3600.02
CP_LBBD_CP_TS,wfjsp7_5,wfjsp7,805.0,778.0,0.0335403726708074,0.0024906600249066,0.0024906600249066,3600.01
CP_LBBD_CP_TS,wfjsp7_6,wfjsp7,1013.0,982.0,0.0306021717670286,0.0029702970297029,0.0029702970297029,3600.03
CP_LBBD_CP_TS,wfjsp7_7,wfjsp7,933.0,887.0,0.0493033226152197,0.0043057050592034,0.0043057050592034,3600.02
CP_LBBD_CP_TS,wfjsp7_8,wfjsp7,885.0,848.0,0.0418079096045197,0.0034013605442176,0.0034013605442176,3600.03
CP_LBBD_CP_TS,wfjsp7_9,wfjsp7,846.0,797.0,0.0579196217494089,0.0,-0.0070422535211267,3600.05
CP_LBBD_CP_TS,wfjsp7_10,wfjsp7,909.0,885.0,0.0264026402640264,0.0,0.0,3600.02
CP_LBBD_CP_TS,wfjsp8_1,wfjsp8,1029.0,983.0,0.0447035957240038,0.0039024390243902,0.0039024390243902,3601.1
CP_LBBD_CP_TS,wfjsp8_2,wfjsp8,1257.0,1209.0,0.0381861575178997,0.0047961630695443,0.0047961630695443,3601.09
CP_LBBD_CP_TS,wfjsp8_3,wfjsp8,1369.0,1301.0,0.0496712929145361,0.0036656891495601,0.0036656891495601,3600.06
CP_LBBD_CP_TS,wfjsp8_4,wfjsp8,1213.0,1158.0,0.0453421269579554,0.0016515276630883,0.0016515276630883,3601.06
CP_LBBD_CP_TS,wfjsp8_5,wfjsp8,1050.0,1008.0,0.04,0.0,0.0,3600.03
CP_LBBD_CP_TS,wfjsp8_6,wfjsp8,1273.0,1229.0,0.0345640219952867,0.0047355958958168,0.0047355958958168,3601.07
CP_LBBD_CP_TS,wfjsp8_7,wfjsp8,1166.0,1104.0,0.0531732418524871,0.006908462867012,0.006908462867012,3600.03
CP_LBBD_CP_TS,wfjsp8_8,wfjsp8,1161.0,1106.0,0.0473729543496985,0.0025906735751295,0.0025906735751295,3600.03
CP_LBBD_CP_TS,wfjsp8_9,wfjsp8,1045.0,995.0,0.0478468899521531,0.0009578544061302,0.0009578544061302,3600.04
CP_LBBD_CP_TS,wfjsp8_10,wfjsp8,1197.0,1163.0,0.0284043441938178,0.0025125628140703,0.0025125628140703,3600.03
CP_LBBD_CP_TS,wfjsp9_1,wfjsp9,1315.0,1239.0,0.0577946768060836,0.0015232292460015,0.0007610350076103,3600.03
CP_LBBD_CP_TS,wfjsp9_2,wfjsp9,1400.0,1337.0,0.045,0.0,-0.0028490028490028,3600.07
CP_LBBD_CP_TS,wfjsp9_3,wfjsp9,1484.0,1419.0,0.0438005390835579,0.0006743088334457,0.0006743088334457,3600.04
CP_LBBD_CP_TS,wfjsp9_4,wfjsp9,1361.0,1300.0,0.0448199853049228,0.0029476787030213,0.0029476787030213,3600.05
CP_LBBD_CP_TS,wfjsp9_5,wfjsp9,1251.0,1209.0,0.0335731414868105,0.0032076984763432,0.0032076984763432,3600.0
CP_LBBD_CP_TS,wfjsp9_6,wfjsp9,1386.0,1342.0,0.0317460317460317,0.0021691973969631,0.0021691973969631,3600.0
CP_LBBD_CP_TS,wfjsp9_7,wfjsp9,1330.0,1248.0,0.0616541353383458,0.0091047040971168,0.0091047040971168,3600.0
CP_LBBD_CP_TS,wfjsp9_8,wfjsp9,1390.0,1315.0,0.0539568345323741,0.0028860028860028,0.0028860028860028,3600.0
CP_LBBD_CP_TS,wfjsp9_9,wfjsp9,1298.0,1227.0,0.0546995377503852,0.0046439628482972,0.0030911901081916,3600.04
CP_LBBD_CP_TS,wfjsp9_10,wfjsp9,1421.0,1375.0,0.0323715693173821,0.0049504950495049,0.0049504950495049,3600.08
CP_LBBD_CP_TS,wfjsp10_1,wfjsp10,774.0,695.0,0.1020671834625323,0.0,-0.0089628681177976,3600.17
CP_LBBD_CP_TS,wfjsp10_2,wfjsp10,837.0,763.0,0.0884109916367981,0.0011961722488038,0.0011961722488038,3600.12
CP_LBBD_CP_TS,wfjsp10_3,wfjsp10,923.0,840.0,0.0899241603466955,0.0,0.0,3601.24
CP_LBBD_CP_TS,wfjsp10_4,wfjsp10,870.0,784.0,0.0988505747126436,0.0,-0.0034364261168384,3601.19
CP_LBBD_CP_TS,wfjsp10_5,wfjsp10,730.0,657.0,0.1,0.0013717421124828,-0.0040927694406548,3601.22
CP_LBBD_CP_TS,wfjsp10_6,wfjsp10,898.0,829.0,0.076837416481069,0.0022321428571428,0.0022321428571428,3601.18
CP_LBBD_CP_TS,wfjsp10_7,wfjsp10,820.0,743.0,0.0939024390243902,0.0012210012210012,0.0012210012210012,3601.18
CP_LBBD_CP_TS,wfjsp10_8,wfjsp10,826.0,740.0,0.1041162227602905,0.0024271844660194,0.0024271844660194,3601.09
CP_LBBD_CP_TS,wfjsp10_9,wfjsp10,806.0,711.0,0.1178660049627791,0.0037359900373599,0.0037359900373599,3601.22
CP_LBBD_CP_TS,wfjsp10_10,wfjsp10,864.0,785.0,0.0914351851851851,0.0058207217694994,0.0058207217694994,3601.27
CP_LBBD_CP_TS,wfjsp11_1,wfjsp11,977.0,874.0,0.1054247697031729,0.0082559339525283,0.0082559339525283,3600.01
CP_LBBD_CP_TS,wfjsp11_2,wfjsp11,1188.0,1079.0,0.0917508417508417,0.0033783783783783,0.0033783783783783,3600.11
CP_LBBD_CP_TS,wfjsp11_3,wfjsp11,1151.0,1040.0,0.0964378801042571,0.0017406440382941,0.0017406440382941,3600.01
CP_LBBD_CP_TS,wfjsp11_4,wfjsp11,1138.0,1029.0,0.0957820738137082,0.0026431718061674,0.0026431718061674,3600.17
CP_LBBD_CP_TS,wfjsp11_5,wfjsp11,1182.0,1084.0,0.0829103214890017,0.0016949152542372,0.0016949152542372,3600.1
CP_LBBD_CP_TS,wfjsp11_6,wfjsp11,938.0,873.0,0.0692963752665245,0.0010672358591248,0.0010672358591248,3600.0
CP_LBBD_CP_TS,wfjsp11_7,wfjsp11,1015.0,900.0,0.1133004926108374,0.0069444444444444,0.0,3600.01
CP_LBBD_CP_TS,wfjsp11_8,wfjsp11,1038.0,921.0,0.1127167630057803,0.005813953488372,0.005813953488372,3600.01
CP_LBBD_CP_TS,wfjsp11_9,wfjsp11,1147.0,1009.0,0.1203138622493461,0.0096830985915492,0.0096830985915492,3600.01
CP_LBBD_CP_TS,wfjsp11_10,wfjsp11,1092.0,1024.0,0.0622710622710622,0.0009165902841429,0.0009165902841429,3600.01
CP_LBBD_CP_TS,wfjsp12_1,wfjsp12,899.0,819.0,0.0889877641824249,0.0033482142857142,0.0033482142857142,3600.0
CP_LBBD_CP_TS,wfjsp12_2,wfjsp12,1000.0,917.0,0.083,0.0030090270812437,0.0030090270812437,3600.01
CP_LBBD_CP_TS,wfjsp12_3,wfjsp12,1086.0,980.0,0.0976058931860036,0.0009216589861751,-0.0154125113327289,3600.18
CP_LBBD_CP_TS,wfjsp12_4,wfjsp12,1029.0,937.0,0.0894071914480077,0.0039024390243902,0.0019474196689386,3600.17
CP_LBBD_CP_TS,wfjsp12_5,wfjsp12,871.0,801.0,0.0803673938002296,0.002301495972382,0.002301495972382,3600.01
CP_LBBD_CP_TS,wfjsp12_6,wfjsp12,1137.0,1049.0,0.0773966578715919,0.0026455026455026,0.0026455026455026,3600.2
CP_LBBD_CP_TS,wfjsp12_7,wfjsp12,1011.0,892.0,0.1177052423343224,0.0150602409638554,-0.0068762278978389,3600.16
CP_LBBD_CP_TS,wfjsp12_8,wfjsp12,981.0,875.0,0.1080530071355759,0.0030674846625766,0.0010204081632653,3600.14
CP_LBBD_CP_TS,wfjsp12_9,wfjsp12,981.0,883.0,0.0998980632008155,0.0010204081632653,-0.0140703517587939,3600.11
CP_LBBD_CP_TS,wfjsp12_10,wfjsp12,1100.0,1021.0,0.0718181818181818,0.0009099181073703,0.0009099181073703,3600.01
CP_LBBD_CP_TS,wfjsp13_1,wfjsp13,868.0,751.0,0.1347926267281106,0.0023094688221709,0.0023094688221709,3600.19
CP_LBBD_CP_TS,wfjsp13_2,wfjsp13,967.0,845.0,0.1261633919338159,0.0051975051975051,0.0051975051975051,3600.44
CP_LBBD_CP_TS,wfjsp13_3,wfjsp13,881.0,760.0,0.1373439273552781,0.0103211009174311,-0.0022650056625141,3600.36
CP_LBBD_CP_TS,wfjsp13_4,wfjsp13,909.0,791.0,0.1298129812981298,0.001101321585903,0.001101321585903,3600.42
CP_LBBD_CP_TS,wfjsp13_5,wfjsp13,815.0,713.0,0.1251533742331288,0.007416563658838,0.007416563658838,3600.1
CP_LBBD_CP_TS,wfjsp13_6,wfjsp13,995.0,880.0,0.1155778894472361,0.0070850202429149,0.0070850202429149,3600.24
CP_LBBD_CP_TS,wfjsp13_7,wfjsp13,860.0,734.0,0.1465116279069767,0.0,-0.0171428571428571,3600.36
CP_LBBD_CP_TS,wfjsp13_8,wfjsp13,896.0,768.0,0.1428571428571428,0.0011173184357541,-0.0033370411568409,3600.3
CP_LBBD_CP_TS,wfjsp13_9,wfjsp13,961.0,826.0,0.1404786680541103,0.0,-0.0062047569803516,3600.39
CP_LBBD_CP_TS,wfjsp13_10,wfjsp13,918.0,823.0,0.1034858387799564,0.0021834061135371,0.0021834061135371,3600.33
CP_LBBD_CP_TS,wfjsp14_1,wfjsp14,745.0,649.0,0.1288590604026845,0.0040431266846361,0.0,3600.31
CP_LBBD_CP_TS,wfjsp14_2,wfjsp14,794.0,700.0,0.1183879093198992,0.0012610340479192,0.0012610340479192,3600.18
CP_LBBD_CP_TS,wfjsp14_3,wfjsp14,840.0,736.0,0.1238095238095238,0.0108303249097472,-0.0094339622641509,3600.42
CP_LBBD_CP_TS,wfjsp14_4,wfjsp14,808.0,720.0,0.1089108910891089,0.0024813895781637,0.0024813895781637,3600.31
CP_LBBD_CP_TS,wfjsp14_5,wfjsp14,716.0,628.0,0.1229050279329608,0.0056179775280898,0.0013986013986013,3600.13
CP_LBBD_CP_TS,wfjsp14_6,wfjsp14,914.0,818.0,0.1050328227571116,0.0010952902519167,0.0010952902519167,3600.39
CP_LBBD_CP_TS,wfjsp14_7,wfjsp14,818.0,709.0,0.1332518337408313,0.0012239902080783,-0.009685230024213,3600.17
CP_LBBD_CP_TS,wfjsp14_8,wfjsp14,783.0,686.0,0.123882503192848,0.0012787723785166,0.0012787723785166,3600.24
CP_LBBD_CP_TS,wfjsp14_9,wfjsp14,778.0,687.0,0.1169665809768637,0.0,-0.0189155107187894,3600.36
CP_LBBD_CP_TS,wfjsp14_10,wfjsp14,880.0,792.0,0.1,0.0022779043280182,0.0022779043280182,3600.3
CP_LBBD_CP_TS,wfjsp15_1,wfjsp15,1260.0,1093.0,0.1325396825396825,0.0023866348448687,0.0007942811755361,3600.47
CP_LBBD_CP_TS,wfjsp15_2,wfjsp15,1317.0,1154.0,0.1237661351556567,0.002283105022831,0.002283105022831,3600.44
CP_LBBD_CP_TS,wfjsp15_3,wfjsp15,1350.0,1184.0,0.1229629629629629,0.0,-0.0188953488372093,3600.4
CP_LBBD_CP_TS,wfjsp15_4,wfjsp15,1309.0,1155.0,0.1176470588235294,0.0007645259938837,0.0007645259938837,3600.38
CP_LBBD_CP_TS,wfjsp15_5,wfjsp15,1208.0,1069.0,0.1150662251655629,0.008347245409015,0.008347245409015,3601.47
CP_LBBD_CP_TS,wfjsp15_6,wfjsp15,1510.0,1354.0,0.1033112582781456,0.0,0.0,3600.58
CP_LBBD_CP_TS,wfjsp15_7,wfjsp15,1313.0,1136.0,0.1348057882711348,0.0,-0.0112951807228915,3600.63
CP_LBBD_CP_TS,wfjsp15_8,wfjsp15,1312.0,1148.0,0.125,0.0,-0.0113036925395629,3600.28
CP_LBBD_CP_TS,wfjsp15_9,wfjsp15,1302.0,1137.0,0.1267281105990783,0.0023094688221709,-0.019578313253012,3600.55
CP_LBBD_CP_TS,wfjsp15_10,wfjsp15,1417.0,1267.0,0.1058574453069866,0.0014134275618374,0.0014134275618374,3600.38
CP_LBBD_CP_TS,wfjsp16_1,wfjsp16,987.0,872.0,0.116514690982776,0.00920245398773,-0.0080402010050251,3600.55
CP_LBBD_CP_TS,wfjsp16_2,wfjsp16,1011.0,900.0,0.1097922848664688,0.0,0.0,3600.17
CP_LBBD_CP_TS,wfjsp16_3,wfjsp16,1075.0,951.0,0.1153488372093023,0.0151085930122757,-0.0200546946216955,3600.43
CP_LBBD_CP_TS,wfjsp16_4,wfjsp16,1065.0,960.0,0.0985915492957746,0.0,-0.0083798882681564,3600.48
CP_LBBD_CP_TS,wfjsp16_5,wfjsp16,907.0,814.0,0.1025358324145534,0.0033185840707964,0.0033185840707964,3600.62
CP_LBBD_CP_TS,wfjsp16_6,wfjsp16,1222.0,1098.0,0.1014729950900163,0.0,0.0,3600.1
CP_LBBD_CP_TS,wfjsp16_7,wfjsp16,1062.0,938.0,0.1167608286252354,0.0,-0.0292504570383912,3600.48
CP_LBBD_CP_TS,wfjsp16_8,wfjsp16,1030.0,916.0,0.1106796116504854,0.0,-0.0181124880838894,3600.11
CP_LBBD_CP_TS,wfjsp16_9,wfjsp16,1024.0,913.0,0.1083984375,0.0,-0.0293838862559241,3600.12
CP_LBBD_CP_TS,wfjsp16_10,wfjsp16,1149.0,1024.0,0.1087902523933855,0.0034934497816593,0.0034934497816593,3600.46
CP_LBBD_CP_TS,wfjsp17_1,wfjsp17,1561.0,1537.0,0.0153747597693786,0.0038585209003215,-0.0151419558359621,3600.04
CP_LBBD_CP_TS,wfjsp17_2,wfjsp17,1721.0,1671.0,0.0290528762347472,0.010569583088667,-0.0057770075101097,3600.03
CP_LBBD_CP_TS,wfjsp17_3,wfjsp17,1819.0,1779.0,0.0219901044529961,0.0005500550055005,-0.0092592592592592,3600.04
CP_LBBD_CP_TS,wfjsp17_4,wfjsp17,1637.0,1623.0,0.0085522296884544,0.0,-0.0197604790419161,3600.04
CP_LBBD_CP_TS,wfjsp17_5,wfjsp17,1537.0,1515.0,0.0143135979180221,0.0,-0.0134788189987163,3600.03
CP_LBBD_CP_TS,wfjsp17_6,wfjsp17,1711.0,1671.0,0.0233781414377556,0.0041079812206572,0.0017564402810304,3600.04
CP_LBBD_CP_TS,wfjsp17_7,wfjsp17,1569.0,1543.0,0.0165710643722116,0.0077071290944123,-0.0181476846057571,3600.03
CP_LBBD_CP_TS,wfjsp17_8,wfjsp17,1674.0,1670.0,0.002389486260454,0.0,-0.0250436808386721,3600.03
CP_LBBD_CP_TS,wfjsp17_9,wfjsp17,1559.0,1531.0,0.0179602309172546,0.0,-0.0213433772755806,3600.03
CP_LBBD_CP_TS,wfjsp17_10,wfjsp17,1740.0,1717.0,0.0132183908045977,0.0034602076124567,-0.0057142857142857,3600.03
CP_LBBD_CP_TS,wfjsp18_1,wfjsp18,940.0,866.0,0.0787234042553191,0.0118406889128094,0.0118406889128094,3600.03
CP_LBBD_CP_TS,wfjsp18_2,wfjsp18,1018.0,949.0,0.0677799607072691,0.0079207920792079,0.0079207920792079,3600.13
CP_LBBD_CP_TS,wfjsp18_3,wfjsp18,1103.0,1041.0,0.056210335448776,0.0,-0.0151785714285714,3601.19
CP_LBBD_CP_TS,wfjsp18_4,wfjsp18,1043.0,977.0,0.0632790028763183,0.0057859209257473,0.0057859209257473,3600.13
CP_LBBD_CP_TS,wfjsp18_5,wfjsp18,856.0,818.0,0.0443925233644859,0.0023419203747072,0.0023419203747072,3601.17
CP_LBBD_CP_TS,wfjsp18_6,wfjsp18,1082.0,1036.0,0.0425138632162661,0.0,-0.0018450184501845,3601.16
CP_LBBD_CP_TS,wfjsp18_7,wfjsp18,1011.0,931.0,0.0791295746785361,0.007976071784646,0.007976071784646,3600.07
CP_LBBD_CP_TS,wfjsp18_8,wfjsp18,993.0,916.0,0.0775427995971802,0.0040444893832153,0.003030303030303,3600.12
CP_LBBD_CP_TS,wfjsp18_9,wfjsp18,947.0,877.0,0.0739176346356916,0.0031779661016949,0.0031779661016949,3601.19
CP_LBBD_CP_TS,wfjsp18_10,wfjsp18,1023.0,976.0,0.0459433040078201,0.0039254170755642,0.0039254170755642,3601.17
CP_LBBD_CP_TS,wfjsp19_1,wfjsp19,1178.0,1090.0,0.0747028862478777,0.0,-0.0150501672240802,3600.01
CP_LBBD_CP_TS,wfjsp19_2,wfjsp19,1460.0,1349.0,0.0760273972602739,0.0055096418732782,-0.0074779061862678,3600.16
CP_LBBD_CP_TS,wfjsp19_3,wfjsp19,1396.0,1293.0,0.07378223495702,0.0021536252692031,-0.0071123755334281,3600.14
CP_LBBD_CP_TS,wfjsp19_4,wfjsp19,1387.0,1286.0,0.072819033886085,0.0072621641249092,-0.007868383404864,3600.1
CP_LBBD_CP_TS,wfjsp19_5,wfjsp19,1429.0,1350.0,0.0552834149755073,0.0,-0.010387811634349,3600.16
CP_LBBD_CP_TS,wfjsp19_6,wfjsp19,1157.0,1090.0,0.0579083837510803,0.0,-0.0008635578583765,3600.01
CP_LBBD_CP_TS,wfjsp19_7,wfjsp19,1216.0,1130.0,0.0707236842105263,0.0082918739635157,-0.0161812297734627,3600.01
CP_LBBD_CP_TS,wfjsp19_8,wfjsp19,1248.0,1145.0,0.0825320512820512,0.0040225261464199,-0.0016,3600.11
CP_LBBD_CP_TS,wfjsp19_9,wfjsp19,1366.0,1257.0,0.0797950219619326,0.0073746312684365,-0.015850144092219,3600.12
CP_LBBD_CP_TS,wfjsp19_10,wfjsp19,1347.0,1278.0,0.0512249443207126,0.0074794315632011,-0.002960769800148,3600.01
CP_LBBD_CP_TS,wfjsp20_1,wfjsp20,1076.0,1013.0,0.0585501858736059,0.0074906367041198,-0.0262443438914027,3600.09
CP_LBBD_CP_TS,wfjsp20_2,wfjsp20,1215.0,1145.0,0.0576131687242798,0.0066280033140016,-0.0049140049140049,3600.13
CP_LBBD_CP_TS,wfjsp20_3,wfjsp20,1295.0,1219.0,0.0586872586872586,0.0015467904098994,-0.0248493975903614,3600.12
CP_LBBD_CP_TS,wfjsp20_4,wfjsp20,1245.0,1169.0,0.0610441767068273,0.0048426150121065,-0.0111199364575059,3601.65
CP_LBBD_CP_TS,wfjsp20_5,wfjsp20,1048.0,1003.0,0.0429389312977099,0.0019120458891013,-0.0094517958412098,3600.12
CP_LBBD_CP_TS,wfjsp20_6,wfjsp20,1380.0,1309.0,0.0514492753623188,0.0065645514223194,-0.000724112961622,3601.24
CP_LBBD_CP_TS,wfjsp20_7,wfjsp20,1192.0,1117.0,0.0629194630872483,0.0008396305625524,-0.0261437908496732,3600.07
CP_LBBD_CP_TS,wfjsp20_8,wfjsp20,1169.0,1089.0,0.0684345594525235,0.0086281276962899,-0.0118343195266272,3600.06
CP_LBBD_CP_TS,wfjsp20_9,wfjsp20,1172.0,1104.0,0.0580204778156996,0.0017094017094017,-0.0233333333333333,3600.12
CP_LBBD_CP_TS,wfjsp20_10,wfjsp20,1343.0,1276.0,0.0498883097542814,0.0082582582582582,-0.013950073421439,3600.14
CP_LBBD_CP_TS,wfjsp21_1,wfjsp21,1018.0,937.0,0.0795677799607072,0.0029556650246305,-0.0295519542421353,3600.27
CP_LBBD_CP_TS,wfjsp21_2,wfjsp21,1149.0,1053.0,0.0835509138381201,0.0,-0.0187873612297181,3600.37
CP_LBBD_CP_TS,wfjsp21_3,wfjsp21,1035.0,947.0,0.0850241545893719,0.0048543689320388,-0.0105162523900573,3600.27
CP_LBBD_CP_TS,wfjsp21_4,wfjsp21,1062.0,988.0,0.0696798493408663,0.0,-0.0301369863013698,3600.22
CP_LBBD_CP_TS,wfjsp21_5,wfjsp21,966.0,896.0,0.072463768115942,0.0041580041580041,-0.0182926829268292,3600.26
CP_LBBD_CP_TS,wfjsp21_6,wfjsp21,1197.0,1098.0,0.0827067669172932,0.010126582278481,-0.005813953488372,3600.18
CP_LBBD_CP_TS,wfjsp21_7,wfjsp21,1008.0,914.0,0.0932539682539682,0.008,-0.0068965517241379,3600.16
CP_LBBD_CP_TS,wfjsp21_8,wfjsp21,1053.0,959.0,0.0892687559354226,0.0057306590257879,-0.0321691176470588,3600.33
CP_LBBD_CP_TS,wfjsp21_9,wfjsp21,1122.0,1025.0,0.0864527629233511,0.0,-0.0062001771479185,3600.31
CP_LBBD_CP_TS,wfjsp21_10,wfjsp21,1112.0,1023.0,0.0800359712230215,0.0118289353958143,-0.0071428571428571,3600.09
CP_LBBD_CP_TS,wfjsp22_1,wfjsp22,871.0,810.0,0.0700344431687715,0.0046136101499423,-0.0354374307862679,3600.17
CP_LBBD_CP_TS,wfjsp22_2,wfjsp22,943.0,873.0,0.0742311770943796,0.0031914893617021,-0.0146290491118077,3600.27
CP_LBBD_CP_TS,wfjsp22_3,wfjsp22,991.0,918.0,0.0736629667003027,0.0,-0.0322265625,3600.09
CP_LBBD_CP_TS,wfjsp22_4,wfjsp22,963.0,898.0,0.067497403946002,0.0,-0.0262891809908999,3600.31
CP_LBBD_CP_TS,wfjsp22_5,wfjsp22,841.0,790.0,0.06064209274673,0.0,-0.0377574370709382,3600.26
CP_LBBD_CP_TS,wfjsp22_6,wfjsp22,1103.0,1022.0,0.0734360834088848,0.0091491308325709,-0.0098743267504488,3600.35
CP_LBBD_CP_TS,wfjsp22_7,wfjsp22,973.0,887.0,0.0883864337101747,0.0124869927159209,-0.0211267605633802,3600.06
CP_LBBD_CP_TS,wfjsp22_8,wfjsp22,932.0,856.0,0.0815450643776824,0.0064794816414686,-0.014799154334038,3600.33
CP_LBBD_CP_TS,wfjsp22_9,wfjsp22,929.0,853.0,0.0818083961248654,0.0141921397379912,-0.0158898305084745,3600.3
CP_LBBD_CP_TS,wfjsp22_10,wfjsp22,1046.0,985.0,0.0583173996175908,0.0028763183125599,-0.0350553505535055,3600.39
CP_LBBD_CP_TS,wfjsp23_1,wfjsp23,1467.0,1365.0,0.0695296523517382,0.0061728395061728,-0.0342330480579328,3600.03
CP_LBBD_CP_TS,wfjsp23_2,wfjsp23,1566.0,1440.0,0.0804597701149425,0.0032030749519538,-0.0181818181818181,3600.04
CP_LBBD_CP_TS,wfjsp23_3,wfjsp23,1604.0,1480.0,0.0773067331670823,0.0043832185347526,-0.0319855159927579,3600.04
CP_LBBD_CP_TS,wfjsp23_4,wfjsp23,1556.0,1441.0,0.0739074550128534,0.0103896103896103,-0.010178117048346,3600.03
CP_LBBD_CP_TS,wfjsp23_5,wfjsp23,1427.0,1345.0,0.0574632095304835,0.0,-0.0409946236559139,3600.04
CP_LBBD_CP_TS,wfjsp23_6,wfjsp23,1821.0,1691.0,0.071389346512905,0.0016501650165016,-0.0241157556270096,3600.37
CP_LBBD_CP_TS,wfjsp23_7,wfjsp23,1546.0,1420.0,0.0815006468305304,0.0038961038961038,-0.0343535290443472,3600.02
CP_LBBD_CP_TS,wfjsp23_8,wfjsp23,1554.0,1431.0,0.0791505791505791,0.0012886597938144,-0.0269254852849092,3600.03
CP_LBBD_CP_TS,wfjsp23_9,wfjsp23,1540.0,1414.0,0.0818181818181818,0.0052219321148825,-0.0265486725663716,3600.02
CP_LBBD_CP_TS,wfjsp23_10,wfjsp23,1697.0,1574.0,0.0724808485562757,0.0059276822762299,-0.0173711638679791,3600.29
CP_LBBD_CP_TS,wfjsp24_1,wfjsp24,1162.0,1089.0,0.0628227194492254,0.0095569070373588,-0.0324729392173189,3600.02
CP_LBBD_CP_TS,wfjsp24_2,wfjsp24,1189.0,1122.0,0.056349873843566,0.0,-0.0254098360655737,3600.02
CP_LBBD_CP_TS,wfjsp24_3,wfjsp24,1266.0,1187.0,0.0624012638230647,0.0071599045346062,-0.0481203007518797,3600.02
CP_LBBD_CP_TS,wfjsp24_4,wfjsp24,1268.0,1199.0,0.0544164037854889,0.0,-0.0246153846153846,3600.02
CP_LBBD_CP_TS,wfjsp24_5,wfjsp24,1085.0,1024.0,0.056221198156682,0.005560704355885,-0.0251572327044025,3600.02
CP_LBBD_CP_TS,wfjsp24_6,wfjsp24,1454.0,1372.0,0.0563961485557083,0.0,-0.0221923335574983,3600.02
CP_LBBD_CP_TS,wfjsp24_7,wfjsp24,1270.0,1173.0,0.0763779527559055,0.0095389507154213,-0.0320121951219512,3600.03
CP_LBBD_CP_TS,wfjsp24_8,wfjsp24,1221.0,1144.0,0.063063063063063,0.0008196721311475,-0.0332541567695962,3600.03
CP_LBBD_CP_TS,wfjsp24_9,wfjsp24,1214.0,1134.0,0.0658978583196046,0.0,-0.0433412135539795,3600.02
CP_LBBD_CP_TS,wfjsp24_10,wfjsp24,1347.0,1273.0,0.0549368968077208,0.0022321428571428,-0.0426439232409381,3600.26
CP_LBBD_CP_TS,MK1,MK,70.0,68.0,0.0285714285714285,0.0,0.0,3601.06
CP_LBBD_CP_TS,MK2,MK,67.0,66.0,0.0149253731343283,0.0,0.0,3600.0
CP_LBBD_CP_TS,MK3,MK,238.0,238.0,0.0,0.0,0.0,2401.48
CP_LBBD_CP_TS,MK4,MK,95.0,89.0,0.0631578947368421,0.0106382978723404,0.0,3601.1
CP_LBBD_CP_TS,MK5,MK,296.0,296.0,0.0,0.0,-0.0100334448160535,2314.82
CP_LBBD_CP_TS,MK6,MK,109.0,88.0,0.1926605504587156,0.0186915887850467,0.0,3600.15
CP_LBBD_CP_TS,MK7,MK,219.0,219.0,0.0,0.0,-0.0135135135135135,2371.04
CP_LBBD_CP_TS,MK8,MK,624.0,624.0,0.0,0.0,0.0,2400.91
CP_LBBD_CP_TS,MK9,MK,468.0,450.0,0.0384615384615384,0.0042918454935622,-0.022964509394572,3600.13
CP_LBBD_CP_TS,MK10,MK,316.0,293.0,0.0727848101265822,0.0031746031746031,-0.0306748466257668,3600.0
CP_LBBD_CP_TS,DP1,DP,2922.0,2883.0,0.0133470225872689,0.0003423485107839,0.0003423485107839,3600.05
CP_LBBD_CP_TS,DP2,DP,2915.0,2881.0,0.0116638078902229,0.0003431708991077,0.0003431708991077,3600.05
CP_LBBD_CP_TS,DP3,DP,2911.0,2881.0,0.0103057368601855,0.0003436426116838,0.0003436426116838,3600.04
CP_LBBD_CP_TS,DP4,DP,2918.0,2865.0,0.0181631254283756,0.0024046719340432,0.0024046719340432,3600.04
CP_LBBD_CP_TS,DP5,DP,2890.0,2834.0,0.0193771626297577,0.0006925207756232,0.0006925207756232,3600.05
CP_LBBD_CP_TS,DP6,DP,2885.0,2801.0,0.0291161178509532,0.002780674313521,0.002780674313521,3600.03
CP_LBBD_CP_TS,DP7,DP,2918.0,2847.0,0.0243317340644276,0.0003428179636612,0.0003428179636612,3600.15
CP_LBBD_CP_TS,DP8,DP,2883.0,2835.0,0.0166493236212278,0.0,0.0,3600.05
CP_LBBD_CP_TS,DP9,DP,2871.0,2829.0,0.0146290491118077,0.0,-0.003125,3600.01
CP_LBBD_CP_TS,DP10,DP,2926.0,2848.0,0.0266575529733424,0.001368925393566,0.001368925393566,3600.14
CP_LBBD_CP_TS,DP11,DP,2870.0,2788.0,0.0285714285714285,0.0,-0.0020862308762169,3600.15
CP_LBBD_CP_TS,DP12,DP,2809.0,2724.0,0.0302598789604841,0.0032142857142857,-0.0109154929577464,3601.19
TS_1000_2_5,wfjsp1_1,wfjsp1,268.0,0.0,,0.0,0.0,0.276
TS_1000_2_5,wfjsp1_2,wfjsp1,287.0,0.0,,0.0,0.0,0.186619
TS_1000_2_5,wfjsp1_3,wfjsp1,350.0,0.0,,0.0086455331412103,0.0086455331412103,0.220271
TS_1000_2_5,wfjsp1_4,wfjsp1,315.0,0.0,,0.0,0.0,0.308504
TS_1000_2_5,wfjsp1_5,wfjsp1,265.0,0.0,,0.0,0.0,0.146208
TS_1000_2_5,wfjsp1_6,wfjsp1,291.0,0.0,,0.0,0.0,0.208164
TS_1000_2_5,wfjsp1_7,wfjsp1,267.0,0.0,,0.0075471698113207,0.0075471698113207,0.307378
TS_1000_2_5,wfjsp1_8,wfjsp1,328.0,0.0,,0.0,0.0,0.199313
TS_1000_2_5,wfjsp1_9,wfjsp1,254.0,0.0,,0.0079365079365079,0.0079365079365079,0.0888969
TS_1000_2_5,wfjsp1_10,wfjsp1,317.0,0.0,,0.0031645569620253,0.0031645569620253,0.208628
TS_1000_2_5,wfjsp2_1,wfjsp2,338.0,0.0,,0.0059523809523809,0.0059523809523809,0.511869
TS_1000_2_5,wfjsp2_2,wfjsp2,370.0,0.0,,0.0054347826086956,0.0054347826086956,0.429817
TS_1000_2_5,wfjsp2_3,wfjsp2,421.0,0.0,,0.0,0.0,0.488536
TS_1000_2_5,wfjsp2_4,wfjsp2,380.0,0.0,,0.0052910052910052,0.0052910052910052,0.468679
TS_1000_2_5,wfjsp2_5,wfjsp2,270.0,0.0,,0.0,0.0,0.30764
TS_1000_2_5,wfjsp2_6,wfjsp2,427.0,0.0,,0.0264423076923076,0.0264423076923076,0.417108
TS_1000_2_5,wfjsp2_7,wfjsp2,398.0,0.0,,0.0075949367088607,0.0075949367088607,0.545916
TS_1000_2_5,wfjsp2_8,wfjsp2,415.0,0.0,,0.002415458937198,0.002415458937198,0.310092
TS_1000_2_5,wfjsp2_9,wfjsp2,329.0,0.0,,0.0,0.0,0.287789
TS_1000_2_5,wfjsp2_10,wfjsp2,489.0,0.0,,0.0,0.0,0.31835
TS_1000_2_5,wfjsp3_1,wfjsp3,423.0,0.0,,0.0095465393794749,0.0095465393794749,0.370403
TS_1000_2_5,wfjsp3_2,wfjsp3,543.0,0.0,,0.0,0.0,0.647987
TS_1000_2_5,wfjsp3_3,wfjsp3,383.0,0.0,,0.0,0.0,0.226925
TS_1000_2_5,wfjsp3_4,wfjsp3,456.0,0.0,,0.0293453724604966,0.0293453724604966,0.598649
TS_1000_2_5,wfjsp3_5,wfjsp3,284.0,0.0,,0.0,0.0,0.35879
TS_1000_2_5,wfjsp3_6,wfjsp3,530.0,0.0,,0.0018903591682419,0.0018903591682419,0.549589
TS_1000_2_5,wfjsp3_7,wfjsp3,345.0,0.0,,0.0087719298245614,0.0087719298245614,0.437766
TS_1000_2_5,wfjsp3_8,wfjsp3,502.0,0.0,,0.0203252032520325,0.0203252032520325,0.560901
TS_1000_2_5,wfjsp3_9,wfjsp3,535.0,0.0,,0.0018726591760299,0.0018726591760299,0.487917
TS_1000_2_5,wfjsp3_10,wfjsp3,455.0,0.0,,0.0,0.0,0.591149
TS_1000_2_5,wfjsp4_1,wfjsp4,287.0,0.0,,0.0361010830324909,0.0361010830324909,0.795246
TS_1000_2_5,wfjsp4_2,wfjsp4,355.0,0.0,,0.0201149425287356,0.0142857142857142,1.11339
TS_1000_2_5,wfjsp4_3,wfjsp4,372.0,0.0,,0.0333333333333333,0.0333333333333333,0.933582
TS_1000_2_5,wfjsp4_4,wfjsp4,323.0,0.0,,0.009375,0.009375,1.28896
TS_1000_2_5,wfjsp4_5,wfjsp4,290.0,0.0,,0.0,0.0,0.484119
TS_1000_2_5,wfjsp4_6,wfjsp4,367.0,0.0,,0.0338028169014084,0.0338028169014084,0.721719
TS_1000_2_5,wfjsp4_7,wfjsp4,297.0,0.0,,0.03125,0.03125,0.6469
TS_1000_2_5,wfjsp4_8,wfjsp4,322.0,0.0,,0.0189873417721519,0.0189873417721519,0.784447
TS_1000_2_5,wfjsp4_9,wfjsp4,288.0,0.0,,0.0,0.0,0.716095
TS_1000_2_5,wfjsp4_10,wfjsp4,303.0,0.0,,0.0341296928327645,0.0341296928327645,0.639326
TS_1000_2_5,wfjsp5_1,wfjsp5,621.0,0.0,,0.0213815789473684,0.0213815789473684,3.51312
TS_1000_2_5,wfjsp5_2,wfjsp5,665.0,0.0,,0.0423197492163009,0.0423197492163009,2.79282
TS_1000_2_5,wfjsp5_3,wfjsp5,647.0,0.0,,0.0335463258785942,0.0335463258785942,3.06392
TS_1000_2_5,wfjsp5_4,wfjsp5,751.0,0.0,,0.0401662049861495,0.0401662049861495,3.81249
TS_1000_2_5,wfjsp5_5,wfjsp5,738.0,0.0,,0.025,0.0123456790123456,5.71107
TS_1000_2_5,wfjsp5_6,wfjsp5,761.0,0.0,,0.0396174863387978,0.0396174863387978,3.31277
TS_1000_2_5,wfjsp5_7,wfjsp5,794.0,0.0,,0.053050397877984,0.053050397877984,2.90626
TS_1000_2_5,wfjsp5_8,wfjsp5,692.0,0.0,,0.0131771595900439,0.0131771595900439,2.62784
TS_1000_2_5,wfjsp5_9,wfjsp5,604.0,0.0,,0.0378006872852233,0.0378006872852233,3.08853
TS_1000_2_5,wfjsp5_10,wfjsp5,652.0,0.0,,0.0398724082934609,0.0398724082934609,2.45217
TS_1000_2_5,wfjsp6_1,wfjsp6,687.0,0.0,,0.0088105726872246,0.0073313782991202,3.39652
TS_1000_2_5,wfjsp6_2,wfjsp6,791.0,0.0,,0.0141025641025641,0.0141025641025641,8.27598
TS_1000_2_5,wfjsp6_3,wfjsp6,755.0,0.0,,0.0272108843537414,0.0272108843537414,3.79552
TS_1000_2_5,wfjsp6_4,wfjsp6,817.0,0.0,,0.0174346201743462,0.0174346201743462,5.61936
TS_1000_2_5,wfjsp6_5,wfjsp6,877.0,0.0,,0.0390995260663507,0.0390995260663507,3.93482
TS_1000_2_5,wfjsp6_6,wfjsp6,821.0,0.0,,0.0288220551378446,0.0288220551378446,3.56708
TS_1000_2_5,wfjsp6_7,wfjsp6,861.0,0.0,,0.0299043062200956,0.0070175438596491,4.74994
TS_1000_2_5,wfjsp6_8,wfjsp6,790.0,0.0,,0.0408432147562582,0.0408432147562582,4.64525
TS_1000_2_5,wfjsp6_9,wfjsp6,707.0,0.0,,0.0306122448979591,0.0306122448979591,3.44527
TS_1000_2_5,wfjsp6_10,wfjsp6,717.0,0.0,,0.0257510729613733,0.0257510729613733,3.72885
TS_1000_2_5,wfjsp7_1,wfjsp7,835.0,0.0,,0.0245398773006134,0.0245398773006134,6.92951
TS_1000_2_5,wfjsp7_2,wfjsp7,1055.0,0.0,,0.0212971926427879,0.0163776493256262,12.724
TS_1000_2_5,wfjsp7_3,wfjsp7,1160.0,0.0,,0.0265486725663716,0.0238305383936451,11.3631
TS_1000_2_5,wfjsp7_4,wfjsp7,959.0,0.0,,0.016967126193001,0.0158898305084745,9.69259
TS_1000_2_5,wfjsp7_5,wfjsp7,836.0,0.0,,0.0410958904109589,0.0410958904109589,6.94587
TS_1000_2_5,wfjsp7_6,wfjsp7,1042.0,0.0,,0.0316831683168316,0.0316831683168316,7.74589
TS_1000_2_5,wfjsp7_7,wfjsp7,963.0,0.0,,0.0365984930032292,0.0365984930032292,10.5964
TS_1000_2_5,wfjsp7_8,wfjsp7,915.0,0.0,,0.0374149659863945,0.0374149659863945,6.7139
TS_1000_2_5,wfjsp7_9,wfjsp7,860.0,0.0,,0.0165484633569739,0.0093896713615023,10.67
TS_1000_2_5,wfjsp7_10,wfjsp7,933.0,0.0,,0.0264026402640264,0.0264026402640264,8.91073
TS_1000_2_5,wfjsp8_1,wfjsp8,1061.0,0.0,,0.0351219512195122,0.0351219512195122,16.3159
TS_1000_2_5,wfjsp8_2,wfjsp8,1288.0,0.0,,0.0295763389288569,0.0295763389288569,17.3506
TS_1000_2_5,wfjsp8_3,wfjsp8,1412.0,0.0,,0.0351906158357771,0.0351906158357771,17.888
TS_1000_2_5,wfjsp8_4,wfjsp8,1238.0,0.0,,0.0222956234516928,0.0222956234516928,14.864
TS_1000_2_5,wfjsp8_5,wfjsp8,1073.0,0.0,,0.0219047619047619,0.0219047619047619,10.3007
TS_1000_2_5,wfjsp8_6,wfjsp8,1285.0,0.0,,0.0142067876874506,0.0142067876874506,15.8478
TS_1000_2_5,wfjsp8_7,wfjsp8,1196.0,0.0,,0.0328151986183074,0.0328151986183074,20.9536
TS_1000_2_5,wfjsp8_8,wfjsp8,1208.0,0.0,,0.0431778929188255,0.0431778929188255,14.6117
TS_1000_2_5,wfjsp8_9,wfjsp8,1072.0,0.0,,0.0268199233716475,0.0268199233716475,14.093
TS_1000_2_5,wfjsp8_10,wfjsp8,1221.0,0.0,,0.0226130653266331,0.0226130653266331,17.2856
TS_1000_2_5,wfjsp9_1,wfjsp9,1353.0,0.0,,0.0304645849200304,0.0296803652968036,20.2926
TS_1000_2_5,wfjsp9_2,wfjsp9,1435.0,0.0,,0.025,0.022079772079772,16.0906
TS_1000_2_5,wfjsp9_3,wfjsp9,1539.0,0.0,,0.0377612946729602,0.0377612946729602,22.142
TS_1000_2_5,wfjsp9_4,wfjsp9,1386.0,0.0,,0.0213706705969049,0.0213706705969049,19.5313
TS_1000_2_5,wfjsp9_5,wfjsp9,1293.0,0.0,,0.036888532477947,0.036888532477947,15.9619
TS_1000_2_5,wfjsp9_6,wfjsp9,1425.0,0.0,,0.0303687635574837,0.0303687635574837,17.5827
TS_1000_2_5,wfjsp9_7,wfjsp9,1351.0,0.0,,0.0250379362670713,0.0250379362670713,26.6573
TS_1000_2_5,wfjsp9_8,wfjsp9,1426.0,0.0,,0.0288600288600288,0.0288600288600288,19.5756
TS_1000_2_5,wfjsp9_9,wfjsp9,1312.0,0.0,,0.0154798761609907,0.0139103554868624,25.307
TS_1000_2_5,wfjsp9_10,wfjsp9,1445.0,0.0,,0.0219236209335219,0.0219236209335219,20.8061
TS_1000_2_5,wfjsp10_1,wfjsp10,796.0,0.0,,0.0284237726098191,0.0192061459667093,12.9253
TS_1000_2_5,wfjsp10_2,wfjsp10,869.0,0.0,,0.0394736842105263,0.0394736842105263,16.3423
TS_1000_2_5,wfjsp10_3,wfjsp10,951.0,0.0,,0.0303358613217768,0.0303358613217768,18.9344
TS_1000_2_5,wfjsp10_4,wfjsp10,886.0,0.0,,0.0183908045977011,0.0148911798396334,16.42
TS_1000_2_5,wfjsp10_5,wfjsp10,756.0,0.0,,0.037037037037037,0.0313778990450204,11.1514
TS_1000_2_5,wfjsp10_6,wfjsp10,931.0,0.0,,0.0390625,0.0390625,22.3716
TS_1000_2_5,wfjsp10_7,wfjsp10,849.0,0.0,,0.0366300366300366,0.0366300366300366,14.423
TS_1000_2_5,wfjsp10_8,wfjsp10,845.0,0.0,,0.0254854368932038,0.0254854368932038,12.5416
TS_1000_2_5,wfjsp10_9,wfjsp10,827.0,0.0,,0.0298879202988792,0.0298879202988792,13.1118
TS_1000_2_5,wfjsp10_10,wfjsp10,886.0,0.0,,0.0314318975552968,0.0314318975552968,14.9949
TS_1000_2_5,wfjsp11_1,wfjsp11,998.0,0.0,,0.0299277605779153,0.0299277605779153,33.7212
TS_1000_2_5,wfjsp11_2,wfjsp11,1243.0,0.0,,0.049831081081081,0.049831081081081,40.2252
TS_1000_2_5,wfjsp11_3,wfjsp11,1203.0,0.0,,0.0469973890339425,0.0469973890339425,42.4442
TS_1000_2_5,wfjsp11_4,wfjsp11,1185.0,0.0,,0.0440528634361233,0.0440528634361233,35.6674
TS_1000_2_5,wfjsp11_5,wfjsp11,1209.0,0.0,,0.0245762711864406,0.0245762711864406,36.1789
TS_1000_2_5,wfjsp11_6,wfjsp11,985.0,0.0,,0.0512273212379935,0.0512273212379935,24.4585
TS_1000_2_5,wfjsp11_7,wfjsp11,1040.0,0.0,,0.0317460317460317,0.0246305418719211,34.45
TS_1000_2_5,wfjsp11_8,wfjsp11,1086.0,0.0,,0.0523255813953488,0.0523255813953488,32.2515
TS_1000_2_5,wfjsp11_9,wfjsp11,1173.0,0.0,,0.0325704225352112,0.0325704225352112,38.3471
TS_1000_2_5,wfjsp11_10,wfjsp11,1138.0,0.0,,0.0430797433547204,0.0430797433547204,43.0597
TS_1000_2_5,wfjsp12_1,wfjsp12,926.0,0.0,,0.0334821428571428,0.0334821428571428,29.7303
TS_1000_2_5,wfjsp12_2,wfjsp12,1034.0,0.0,,0.037111334002006,0.037111334002006,47.2031
TS_1000_2_5,wfjsp12_3,wfjsp12,1119.0,0.0,,0.0313364055299539,0.0145058930190389,72.7616
TS_1000_2_5,wfjsp12_4,wfjsp12,1057.0,0.0,,0.0312195121951219,0.0292112950340798,52.1996
TS_1000_2_5,wfjsp12_5,wfjsp12,894.0,0.0,,0.0287686996547756,0.0287686996547756,43.7582
TS_1000_2_5,wfjsp12_6,wfjsp12,1174.0,0.0,,0.0352733686067019,0.0352733686067019,44.5471
TS_1000_2_5,wfjsp12_7,wfjsp12,1035.0,0.0,,0.0391566265060241,0.0166994106090373,44.1979
TS_1000_2_5,wfjsp12_8,wfjsp12,991.0,0.0,,0.0132924335378323,0.0112244897959183,35.8536
TS_1000_2_5,wfjsp12_9,wfjsp12,1029.0,0.0,,0.05,0.0341708542713567,38.2268
TS_1000_2_5,wfjsp12_10,wfjsp12,1143.0,0.0,,0.0400363967242948,0.0400363967242948,42.701
TS_1000_2_5,wfjsp13_1,wfjsp13,900.0,0.0,,0.0392609699769053,0.0392609699769053,63.7376
TS_1000_2_5,wfjsp13_2,wfjsp13,996.0,0.0,,0.0353430353430353,0.0353430353430353,78.296
TS_1000_2_5,wfjsp13_3,wfjsp13,913.0,0.0,,0.0470183486238532,0.0339750849377123,99.0834
TS_1000_2_5,wfjsp13_4,wfjsp13,931.0,0.0,,0.0253303964757709,0.0253303964757709,73.6437
TS_1000_2_5,wfjsp13_5,wfjsp13,849.0,0.0,,0.0494437577255871,0.0494437577255871,83.7268
TS_1000_2_5,wfjsp13_6,wfjsp13,1034.0,0.0,,0.0465587044534413,0.0465587044534413,73.2142
TS_1000_2_5,wfjsp13_7,wfjsp13,871.0,0.0,,0.0127906976744186,-0.0045714285714285,79.9419
TS_1000_2_5,wfjsp13_8,wfjsp13,927.0,0.0,,0.035754189944134,0.0311457174638487,50.423
TS_1000_2_5,wfjsp13_9,wfjsp13,995.0,0.0,,0.0353798126951092,0.0289555325749741,79.4828
TS_1000_2_5,wfjsp13_10,wfjsp13,970.0,0.0,,0.0589519650655021,0.0589519650655021,90.6971
TS_1000_2_5,wfjsp14_1,wfjsp14,768.0,0.0,,0.0350404312668463,0.0308724832214765,48.9083
TS_1000_2_5,wfjsp14_2,wfjsp14,809.0,0.0,,0.0201765447667087,0.0201765447667087,52.2678
TS_1000_2_5,wfjsp14_3,wfjsp14,865.0,0.0,,0.0409145607701564,0.0200471698113207,78.5537
TS_1000_2_5,wfjsp14_4,wfjsp14,834.0,0.0,,0.0347394540942928,0.0347394540942928,69.8695
TS_1000_2_5,wfjsp14_5,wfjsp14,742.0,0.0,,0.0421348314606741,0.0377622377622377,60.1322
TS_1000_2_5,wfjsp14_6,wfjsp14,947.0,0.0,,0.0372398685651697,0.0372398685651697,62.5348
TS_1000_2_5,wfjsp14_7,wfjsp14,851.0,0.0,,0.0416156670746634,0.0302663438256658,70.2323
TS_1000_2_5,wfjsp14_8,wfjsp14,790.0,0.0,,0.0102301790281329,0.0102301790281329,92.5376
TS_1000_2_5,wfjsp14_9,wfjsp14,798.0,0.0,,0.0257069408740359,0.0063051702395964,61.2845
TS_1000_2_5,wfjsp14_10,wfjsp14,914.0,0.0,,0.041002277904328,0.041002277904328,64.477
TS_1000_2_5,wfjsp15_1,wfjsp15,1296.0,0.0,,0.0310262529832935,0.0293884034948371,120.043
TS_1000_2_5,wfjsp15_2,wfjsp15,1367.0,0.0,,0.0403348554033485,0.0403348554033485,120.036
TS_1000_2_5,wfjsp15_3,wfjsp15,1405.0,0.0,,0.0407407407407407,0.0210755813953488,120.048
TS_1000_2_5,wfjsp15_4,wfjsp15,1363.0,0.0,,0.0420489296636085,0.0420489296636085,120.054
TS_1000_2_5,wfjsp15_5,wfjsp15,1247.0,0.0,,0.0409015025041736,0.0409015025041736,120.039
TS_1000_2_5,wfjsp15_6,wfjsp15,1596.0,0.0,,0.0569536423841059,0.0569536423841059,120.04
TS_1000_2_5,wfjsp15_7,wfjsp15,1360.0,0.0,,0.0357958872810358,0.0240963855421686,120.049
TS_1000_2_5,wfjsp15_8,wfjsp15,1385.0,0.0,,0.055640243902439,0.0437076111529766,120.053
TS_1000_2_5,wfjsp15_9,wfjsp15,1344.0,0.0,,0.0346420323325635,0.0120481927710843,120.039
TS_1000_2_5,wfjsp15_10,wfjsp15,1482.0,0.0,,0.0473498233215547,0.0473498233215547,120.041
TS_1000_2_5,wfjsp16_1,wfjsp16,1017.0,0.0,,0.0398773006134969,0.022110552763819,120.026
TS_1000_2_5,wfjsp16_2,wfjsp16,1046.0,0.0,,0.0346191889218595,0.0346191889218595,120.022
TS_1000_2_5,wfjsp16_3,wfjsp16,1108.0,0.0,,0.0462700661000944,0.0100273473108477,120.041
TS_1000_2_5,wfjsp16_4,wfjsp16,1106.0,0.0,,0.0384976525821596,0.0297951582867784,103.402
TS_1000_2_5,wfjsp16_5,wfjsp16,935.0,0.0,,0.03429203539823,0.03429203539823,98.8538
TS_1000_2_5,wfjsp16_6,wfjsp16,1261.0,0.0,,0.0319148936170212,0.0319148936170212,120.032
TS_1000_2_5,wfjsp16_7,wfjsp16,1105.0,0.0,,0.0404896421845574,0.0100548446069469,115.449
TS_1000_2_5,wfjsp16_8,wfjsp16,1061.0,0.0,,0.0300970873786407,0.0114394661582459,103.188
TS_1000_2_5,wfjsp16_9,wfjsp16,1058.0,0.0,,0.033203125,0.0028436018957345,115.333
TS_1000_2_5,wfjsp16_10,wfjsp16,1170.0,0.0,,0.0218340611353711,0.0218340611353711,120.028
TS_1000_2_5,wfjsp17_1,wfjsp17,1619.0,0.0,,0.0411575562700964,0.0214511041009463,31.4774
TS_1000_2_5,wfjsp17_2,wfjsp17,1751.0,0.0,,0.0281855549031121,0.0115540150202195,22.9459
TS_1000_2_5,wfjsp17_3,wfjsp17,1860.0,0.0,,0.0231023102310231,0.0130718954248366,28.3249
TS_1000_2_5,wfjsp17_4,wfjsp17,1686.0,0.0,,0.0299328039095907,0.0095808383233532,18.6576
TS_1000_2_5,wfjsp17_5,wfjsp17,1578.0,0.0,,0.0266753415744957,0.0128369704749679,12.5952
TS_1000_2_5,wfjsp17_6,wfjsp17,1734.0,0.0,,0.0176056338028169,0.0152224824355971,19.3259
TS_1000_2_5,wfjsp17_7,wfjsp17,1615.0,0.0,,0.0372511239563262,0.0106382978723404,23.667
TS_1000_2_5,wfjsp17_8,wfjsp17,1737.0,0.0,,0.0376344086021505,0.011648223645894,20.2795
TS_1000_2_5,wfjsp17_9,wfjsp17,1607.0,0.0,,0.0307889672867222,0.0087884494664155,25.0251
TS_1000_2_5,wfjsp17_10,wfjsp17,1763.0,0.0,,0.0167243367935409,0.0074285714285714,18.7717
TS_1000_2_5,wfjsp18_1,wfjsp18,955.0,0.0,,0.0279870828848223,0.0279870828848223,12.936
TS_1000_2_5,wfjsp18_2,wfjsp18,1029.0,0.0,,0.0188118811881188,0.0188118811881188,14.6369
TS_1000_2_5,wfjsp18_3,wfjsp18,1137.0,0.0,,0.0308250226654578,0.0151785714285714,21.3321
TS_1000_2_5,wfjsp18_4,wfjsp18,1061.0,0.0,,0.0231436837029893,0.0231436837029893,17.6016
TS_1000_2_5,wfjsp18_5,wfjsp18,878.0,0.0,,0.0281030444964871,0.0281030444964871,11.4015
TS_1000_2_5,wfjsp18_6,wfjsp18,1106.0,0.0,,0.022181146025878,0.0202952029520295,13.9945
TS_1000_2_5,wfjsp18_7,wfjsp18,1025.0,0.0,,0.0219341974077766,0.0219341974077766,20.5253
TS_1000_2_5,wfjsp18_8,wfjsp18,1011.0,0.0,,0.0222446916076845,0.0212121212121212,12.1298
TS_1000_2_5,wfjsp18_9,wfjsp18,953.0,0.0,,0.0095338983050847,0.0095338983050847,16.1446
TS_1000_2_5,wfjsp18_10,wfjsp18,1047.0,0.0,,0.0274779195289499,0.0274779195289499,12.9879
TS_1000_2_5,wfjsp19_1,wfjsp19,1205.0,0.0,,0.0229202037351443,0.0075250836120401,29.6229
TS_1000_2_5,wfjsp19_2,wfjsp19,1467.0,0.0,,0.0103305785123966,-0.0027192386131883,37.3706
TS_1000_2_5,wfjsp19_3,wfjsp19,1425.0,0.0,,0.0229720028715003,0.0135135135135135,35.7277
TS_1000_2_5,wfjsp19_4,wfjsp19,1404.0,0.0,,0.0196078431372549,0.0042918454935622,36.9777
TS_1000_2_5,wfjsp19_5,wfjsp19,1454.0,0.0,,0.0174947515745276,0.0069252077562326,43.1964
TS_1000_2_5,wfjsp19_6,wfjsp19,1167.0,0.0,,0.0086430423509075,0.0077720207253886,22.4442
TS_1000_2_5,wfjsp19_7,wfjsp19,1252.0,0.0,,0.0381426202321724,0.0129449838187702,40.5821
TS_1000_2_5,wfjsp19_8,wfjsp19,1272.0,0.0,,0.0233306516492357,0.0176,38.2083
TS_1000_2_5,wfjsp19_9,wfjsp19,1404.0,0.0,,0.0353982300884955,0.0115273775216138,28.4629
TS_1000_2_5,wfjsp19_10,wfjsp19,1366.0,0.0,,0.0216903515332834,0.0111028867505551,26.0852
TS_1000_2_5,wfjsp20_1,wfjsp20,1100.0,0.0,,0.0299625468164794,-0.004524886877828,38.0902
TS_1000_2_5,wfjsp20_2,wfjsp20,1244.0,0.0,,0.0306545153272576,0.0188370188370188,41.3159
TS_1000_2_5,wfjsp20_3,wfjsp20,1338.0,0.0,,0.0348027842227378,0.0075301204819277,59.9696
TS_1000_2_5,wfjsp20_4,wfjsp20,1266.0,0.0,,0.0217917675544794,0.0055599682287529,52.2934
TS_1000_2_5,wfjsp20_5,wfjsp20,1069.0,0.0,,0.0219885277246653,0.0103969754253308,38.7186
TS_1000_2_5,wfjsp20_6,wfjsp20,1412.0,0.0,,0.0299051787016776,0.0224475018102824,45.356
TS_1000_2_5,wfjsp20_7,wfjsp20,1231.0,0.0,,0.033585222502099,0.005718954248366,43.0373
TS_1000_2_5,wfjsp20_8,wfjsp20,1203.0,0.0,,0.0379637618636755,0.0169061707523246,39.2145
TS_1000_2_5,wfjsp20_9,wfjsp20,1209.0,0.0,,0.0333333333333333,0.0075,49.5012
TS_1000_2_5,wfjsp20_10,wfjsp20,1366.0,0.0,,0.0255255255255255,0.0029368575624082,34.9201
TS_1000_2_5,wfjsp21_1,wfjsp21,1040.0,0.0,,0.0246305418719211,-0.0085795996186844,105.381
TS_1000_2_5,wfjsp21_2,wfjsp21,1174.0,0.0,,0.0217580504786771,0.0025619128949615,88.7736
TS_1000_2_5,wfjsp21_3,wfjsp21,1067.0,0.0,,0.0359223300970873,0.020076481835564,74.7187
TS_1000_2_5,wfjsp21_4,wfjsp21,1101.0,0.0,,0.0367231638418079,0.0054794520547945,65.2054
TS_1000_2_5,wfjsp21_5,wfjsp21,986.0,0.0,,0.0249480249480249,0.0020325203252032,61.6905
TS_1000_2_5,wfjsp21_6,wfjsp21,1197.0,0.0,,0.010126582278481,-0.005813953488372,55.2178
TS_1000_2_5,wfjsp21_7,wfjsp21,1041.0,0.0,,0.041,0.025615763546798,69.6869
TS_1000_2_5,wfjsp21_8,wfjsp21,1071.0,0.0,,0.0229226361031518,-0.015625,61.8458
TS_1000_2_5,wfjsp21_9,wfjsp21,1159.0,0.0,,0.0329768270944741,0.0265721877767936,75.6489
TS_1000_2_5,wfjsp21_10,wfjsp21,1120.0,0.0,,0.019108280254777,0.0,82.839
TS_1000_2_5,wfjsp22_1,wfjsp22,895.0,0.0,,0.0322952710495963,-0.0088593576965669,49.3117
TS_1000_2_5,wfjsp22_2,wfjsp22,966.0,0.0,,0.0276595744680851,0.0094043887147335,48.5054
TS_1000_2_5,wfjsp22_3,wfjsp22,1026.0,0.0,,0.0353178607467204,0.001953125,61.2925
TS_1000_2_5,wfjsp22_4,wfjsp22,977.0,0.0,,0.0145379023883696,-0.0121334681496461,72.5526
TS_1000_2_5,wfjsp22_5,wfjsp22,868.0,0.0,,0.0321046373365041,-0.0068649885583524,65.724
TS_1000_2_5,wfjsp22_6,wfjsp22,1122.0,0.0,,0.0265324794144556,0.0071813285457809,47.247
TS_1000_2_5,wfjsp22_7,wfjsp22,1004.0,0.0,,0.0447450572320499,0.0100603621730382,51.0314
TS_1000_2_5,wfjsp22_8,wfjsp22,955.0,0.0,,0.0313174946004319,0.0095137420718816,65.1999
TS_1000_2_5,wfjsp22_9,wfjsp22,950.0,0.0,,0.037117903930131,0.0063559322033898,45.7605
TS_1000_2_5,wfjsp22_10,wfjsp22,1075.0,0.0,,0.0306807286673058,-0.0083025830258302,73.0486
TS_1000_2_5,wfjsp23_1,wfjsp23,1535.0,0.0,,0.0528120713305898,0.010533245556287,120.052
TS_1000_2_5,wfjsp23_2,wfjsp23,1604.0,0.0,,0.0275464445868033,0.0056426332288401,120.042
TS_1000_2_5,wfjsp23_3,wfjsp23,1656.0,0.0,,0.036944270507201,-0.0006035003017501,120.039
TS_1000_2_5,wfjsp23_4,wfjsp23,1591.0,0.0,,0.0331168831168831,0.0120865139949109,120.051
TS_1000_2_5,wfjsp23_5,wfjsp23,1481.0,0.0,,0.0378416257883672,-0.0047043010752688,120.045
TS_1000_2_5,wfjsp23_6,wfjsp23,1852.0,0.0,,0.0187018701870187,-0.007502679528403,120.047
TS_1000_2_5,wfjsp23_7,wfjsp23,1606.0,0.0,,0.0428571428571428,0.0031230480949406,120.042
TS_1000_2_5,wfjsp23_8,wfjsp23,1607.0,0.0,,0.0354381443298969,0.0062617407639323,120.051
TS_1000_2_5,wfjsp23_9,wfjsp23,1591.0,0.0,,0.0385117493472584,0.0056890012642225,120.041
TS_1000_2_5,wfjsp23_10,wfjsp23,1744.0,0.0,,0.0337877889745109,0.0098436595251881,120.054
TS_1000_2_5,wfjsp24_1,wfjsp24,1192.0,0.0,,0.0356211989574283,-0.0074937552039966,120.029
TS_1000_2_5,wfjsp24_2,wfjsp24,1227.0,0.0,,0.031959629941127,0.0057377049180327,120.025
TS_1000_2_5,wfjsp24_3,wfjsp24,1320.0,0.0,,0.0501193317422434,-0.0075187969924812,119.738
TS_1000_2_5,wfjsp24_4,wfjsp24,1305.0,0.0,,0.029179810725552,0.0038461538461538,120.037
TS_1000_2_5,wfjsp24_5,wfjsp24,1113.0,0.0,,0.0315106580166821,0.0,120.027
TS_1000_2_5,wfjsp24_6,wfjsp24,1481.0,0.0,,0.0185694635488308,-0.0040349697377269,100.938
TS_1000_2_5,wfjsp24_7,wfjsp24,1307.0,0.0,,0.0389507154213036,-0.003810975609756,110.093
TS_1000_2_5,wfjsp24_8,wfjsp24,1266.0,0.0,,0.0377049180327868,0.002375296912114,105.773
TS_1000_2_5,wfjsp24_9,wfjsp24,1252.0,0.0,,0.0313014827018121,-0.0133963750985027,120.028
TS_1000_2_5,wfjsp24_10,wfjsp24,1396.0,0.0,,0.0386904761904761,-0.0078180525941719,120.027
TS_1000_2_5,MK1,MK,73.0,0.0,,0.0428571428571428,0.0428571428571428,1.95437
TS_1000_2_5,MK2,MK,70.0,0.0,,0.044776119402985,0.044776119402985,4.812
TS_1000_2_5,MK3,MK,238.0,0.0,,0.0,0.0,10.7487
TS_1000_2_5,MK4,MK,96.0,0.0,,0.0212765957446808,0.0105263157894736,3.80225
TS_1000_2_5,MK5,MK,304.0,0.0,,0.027027027027027,0.0167224080267558,12.2477
TS_1000_2_5,MK6,MK,112.0,0.0,,0.0467289719626168,0.0275229357798165,10.2912
TS_1000_2_5,MK7,MK,230.0,0.0,,0.0502283105022831,0.036036036036036,12.561
TS_1000_2_5,MK8,MK,624.0,0.0,,0.0,0.0,12.1096
TS_1000_2_5,MK9,MK,484.0,0.0,,0.03862660944206,0.0104384133611691,24.4786
TS_1000_2_5,MK10,MK,322.0,0.0,,0.0222222222222222,-0.0122699386503067,28.7048
TS_1000_2_5,DP1,DP,3010.0,0.0,,0.030469017459774,0.030469017459774,14.5852
TS_1000_2_5,DP2,DP,2946.0,0.0,,0.0109814687714481,0.0109814687714481,14.7705
TS_1000_2_5,DP3,DP,2939.0,0.0,,0.0099656357388316,0.0099656357388316,27.2109
TS_1000_2_5,DP4,DP,2990.0,0.0,,0.0271384403984884,0.0271384403984884,8.85781
TS_1000_2_5,DP5,DP,2936.0,0.0,,0.0166204986149584,0.0166204986149584,11.287
TS_1000_2_5,DP6,DP,2912.0,0.0,,0.0121654501216545,0.0121654501216545,22.1196
TS_1000_2_5,DP7,DP,3018.0,0.0,,0.0346246143297908,0.0346246143297908,25.0309
TS_1000_2_5,DP8,DP,2909.0,0.0,,0.0090183836281651,0.0090183836281651,24.0382
TS_1000_2_5,DP9,DP,2893.0,0.0,,0.0076628352490421,0.0045138888888888,75.3959
TS_1000_2_5,DP10,DP,2974.0,0.0,,0.0177960301163586,0.0177960301163586,25.2959
TS_1000_2_5,DP11,DP,2918.0,0.0,,0.0167247386759581,0.0146036161335187,30.1561
TS_1000_2_5,DP12,DP,2860.0,0.0,,0.0214285714285714,0.0070422535211267,40.8204
TS_2000_5_5,wfjsp1_1,wfjsp1,268.0,0.0,,0.0,0.0,0.625944
TS_2000_5_5,wfjsp1_2,wfjsp1,287.0,0.0,,0.0,0.0,0.39316
TS_2000_5_5,wfjsp1_3,wfjsp1,347.0,0.0,,0.0,0.0,0.522759
TS_2000_5_5,wfjsp1_4,wfjsp1,315.0,0.0,,0.0,0.0,0.502103
TS_2000_5_5,wfjsp1_5,wfjsp1,265.0,0.0,,0.0,0.0,0.290674
TS_2000_5_5,wfjsp1_6,wfjsp1,291.0,0.0,,0.0,0.0,0.3142
TS_2000_5_5,wfjsp1_7,wfjsp1,268.0,0.0,,0.0113207547169811,0.0113207547169811,0.575029
TS_2000_5_5,wfjsp1_8,wfjsp1,328.0,0.0,,0.0,0.0,0.472796
TS_2000_5_5,wfjsp1_9,wfjsp1,252.0,0.0,,0.0,0.0,0.204752
TS_2000_5_5,wfjsp1_10,wfjsp1,317.0,0.0,,0.0031645569620253,0.0031645569620253,0.37858
TS_2000_5_5,wfjsp2_1,wfjsp2,336.0,0.0,,0.0,0.0,0.814428
TS_2000_5_5,wfjsp2_2,wfjsp2,370.0,0.0,,0.0054347826086956,0.0054347826086956,0.899163
TS_2000_5_5,wfjsp2_3,wfjsp2,421.0,0.0,,0.0,0.0,0.909972
TS_2000_5_5,wfjsp2_4,wfjsp2,380.0,0.0,,0.0052910052910052,0.0052910052910052,1.27118
TS_2000_5_5,wfjsp2_5,wfjsp2,270.0,0.0,,0.0,0.0,0.742061
TS_2000_5_5,wfjsp2_6,wfjsp2,422.0,0.0,,0.0144230769230769,0.0144230769230769,1.09643
TS_2000_5_5,wfjsp2_7,wfjsp2,398.0,0.0,,0.0075949367088607,0.0075949367088607,1.06563
TS_2000_5_5,wfjsp2_8,wfjsp2,415.0,0.0,,0.002415458937198,0.002415458937198,0.594243
TS_2000_5_5,wfjsp2_9,wfjsp2,333.0,0.0,,0.0121580547112462,0.0121580547112462,0.565296
TS_2000_5_5,wfjsp2_10,wfjsp2,489.0,0.0,,0.0,0.0,0.667498
TS_2000_5_5,wfjsp3_1,wfjsp3,423.0,0.0,,0.0095465393794749,0.0095465393794749,0.693982
TS_2000_5_5,wfjsp3_2,wfjsp3,543.0,0.0,,0.0,0.0,1.38065
TS_2000_5_5,wfjsp3_3,wfjsp3,383.0,0.0,,0.0,0.0,0.687101
TS_2000_5_5,wfjsp3_4,wfjsp3,445.0,0.0,,0.0045146726862302,0.0045146726862302,1.25625
TS_2000_5_5,wfjsp3_5,wfjsp3,285.0,0.0,,0.0035211267605633,0.0035211267605633,0.717874
TS_2000_5_5,wfjsp3_6,wfjsp3,529.0,0.0,,0.0,0.0,1.26014
TS_2000_5_5,wfjsp3_7,wfjsp3,342.0,0.0,,0.0,0.0,1.04258
TS_2000_5_5,wfjsp3_8,wfjsp3,498.0,0.0,,0.0121951219512195,0.0121951219512195,1.2316
TS_2000_5_5,wfjsp3_9,wfjsp3,535.0,0.0,,0.0018726591760299,0.0018726591760299,1.22248
TS_2000_5_5,wfjsp3_10,wfjsp3,455.0,0.0,,0.0,0.0,1.41791
TS_2000_5_5,wfjsp4_1,wfjsp4,288.0,0.0,,0.03971119133574,0.03971119133574,1.48368
TS_2000_5_5,wfjsp4_2,wfjsp4,355.0,0.0,,0.0201149425287356,0.0142857142857142,2.28566
TS_2000_5_5,wfjsp4_3,wfjsp4,367.0,0.0,,0.0194444444444444,0.0194444444444444,2.10268
TS_2000_5_5,wfjsp4_4,wfjsp4,323.0,0.0,,0.009375,0.009375,1.83223
TS_2000_5_5,wfjsp4_5,wfjsp4,290.0,0.0,,0.0,0.0,0.91616
TS_2000_5_5,wfjsp4_6,wfjsp4,364.0,0.0,,0.0253521126760563,0.0253521126760563,2.25673
TS_2000_5_5,wfjsp4_7,wfjsp4,298.0,0.0,,0.0347222222222222,0.0347222222222222,1.27263
TS_2000_5_5,wfjsp4_8,wfjsp4,325.0,0.0,,0.0284810126582278,0.0284810126582278,1.34901
TS_2000_5_5,wfjsp4_9,wfjsp4,288.0,0.0,,0.0,0.0,1.17508
TS_2000_5_5,wfjsp4_10,wfjsp4,296.0,0.0,,0.0102389078498293,0.0102389078498293,1.38635
TS_2000_5_5,wfjsp5_1,wfjsp5,619.0,0.0,,0.0180921052631578,0.0180921052631578,8.05278
TS_2000_5_5,wfjsp5_2,wfjsp5,653.0,0.0,,0.0235109717868338,0.0235109717868338,6.8341
TS_2000_5_5,wfjsp5_3,wfjsp5,651.0,0.0,,0.0399361022364217,0.0399361022364217,5.59014
TS_2000_5_5,wfjsp5_4,wfjsp5,742.0,0.0,,0.0277008310249307,0.0277008310249307,8.43355
TS_2000_5_5,wfjsp5_5,wfjsp5,734.0,0.0,,0.0194444444444444,0.0068587105624142,6.50491
TS_2000_5_5,wfjsp5_6,wfjsp5,763.0,0.0,,0.0423497267759562,0.0423497267759562,5.12939
TS_2000_5_5,wfjsp5_7,wfjsp5,782.0,0.0,,0.0371352785145888,0.0371352785145888,8.05499
TS_2000_5_5,wfjsp5_8,wfjsp5,709.0,0.0,,0.0380673499267935,0.0380673499267935,5.109
TS_2000_5_5,wfjsp5_9,wfjsp5,605.0,0.0,,0.0395189003436426,0.0395189003436426,3.84579
TS_2000_5_5,wfjsp5_10,wfjsp5,651.0,0.0,,0.0382775119617224,0.0382775119617224,4.58067
TS_2000_5_5,wfjsp6_1,wfjsp6,687.0,0.0,,0.0088105726872246,0.0073313782991202,6.12283
TS_2000_5_5,wfjsp6_2,wfjsp6,790.0,0.0,,0.0128205128205128,0.0128205128205128,10.966
TS_2000_5_5,wfjsp6_3,wfjsp6,764.0,0.0,,0.0394557823129251,0.0394557823129251,5.85782
TS_2000_5_5,wfjsp6_4,wfjsp6,824.0,0.0,,0.0261519302615193,0.0261519302615193,7.40984
TS_2000_5_5,wfjsp6_5,wfjsp6,862.0,0.0,,0.0213270142180094,0.0213270142180094,10.7893
TS_2000_5_5,wfjsp6_6,wfjsp6,817.0,0.0,,0.0238095238095238,0.0238095238095238,7.88561
TS_2000_5_5,wfjsp6_7,wfjsp6,853.0,0.0,,0.020334928229665,-0.0023391812865497,9.13647
TS_2000_5_5,wfjsp6_8,wfjsp6,788.0,0.0,,0.0382081686429512,0.0382081686429512,10.8578
TS_2000_5_5,wfjsp6_9,wfjsp6,706.0,0.0,,0.0291545189504373,0.0291545189504373,6.03756
TS_2000_5_5,wfjsp6_10,wfjsp6,714.0,0.0,,0.0214592274678111,0.0214592274678111,6.56955
TS_2000_5_5,wfjsp7_1,wfjsp7,834.0,0.0,,0.0233128834355828,0.0233128834355828,12.1609
TS_2000_5_5,wfjsp7_2,wfjsp7,1051.0,0.0,,0.0174249757986447,0.01252408477842,17.0345
TS_2000_5_5,wfjsp7_3,wfjsp7,1143.0,0.0,,0.011504424778761,0.0088261253309797,25.3153
TS_2000_5_5,wfjsp7_4,wfjsp7,947.0,0.0,,0.0042417815482502,0.0031779661016949,18.3319
TS_2000_5_5,wfjsp7_5,wfjsp7,820.0,0.0,,0.0211706102117061,0.0211706102117061,18.1807
TS_2000_5_5,wfjsp7_6,wfjsp7,1037.0,0.0,,0.0267326732673267,0.0267326732673267,23.3653
TS_2000_5_5,wfjsp7_7,wfjsp7,955.0,0.0,,0.0279870828848223,0.0279870828848223,18.5406
TS_2000_5_5,wfjsp7_8,wfjsp7,906.0,0.0,,0.0272108843537414,0.0272108843537414,14.0228
TS_2000_5_5,wfjsp7_9,wfjsp7,861.0,0.0,,0.0177304964539007,0.0105633802816901,14.5222
TS_2000_5_5,wfjsp7_10,wfjsp7,934.0,0.0,,0.0275027502750275,0.0275027502750275,11.9501
TS_2000_5_5,wfjsp8_1,wfjsp8,1063.0,0.0,,0.0370731707317073,0.0370731707317073,24.2249
TS_2000_5_5,wfjsp8_2,wfjsp8,1277.0,0.0,,0.0207833733013589,0.0207833733013589,37.0051
TS_2000_5_5,wfjsp8_3,wfjsp8,1391.0,0.0,,0.0197947214076246,0.0197947214076246,30.773
TS_2000_5_5,wfjsp8_4,wfjsp8,1233.0,0.0,,0.0181668042939719,0.0181668042939719,23.4653
TS_2000_5_5,wfjsp8_5,wfjsp8,1072.0,0.0,,0.0209523809523809,0.0209523809523809,19.4354
TS_2000_5_5,wfjsp8_6,wfjsp8,1285.0,0.0,,0.0142067876874506,0.0142067876874506,26.2577
TS_2000_5_5,wfjsp8_7,wfjsp8,1185.0,0.0,,0.0233160621761658,0.0233160621761658,27.345
TS_2000_5_5,wfjsp8_8,wfjsp8,1192.0,0.0,,0.0293609671848013,0.0293609671848013,24.2603
TS_2000_5_5,wfjsp8_9,wfjsp8,1073.0,0.0,,0.0277777777777777,0.0277777777777777,20.6954
TS_2000_5_5,wfjsp8_10,wfjsp8,1220.0,0.0,,0.0217755443886097,0.0217755443886097,28.2556
TS_2000_5_5,wfjsp9_1,wfjsp9,1348.0,0.0,,0.0266565118050266,0.0258751902587519,32.5724
TS_2000_5_5,wfjsp9_2,wfjsp9,1418.0,0.0,,0.0128571428571428,0.0099715099715099,39.0126
TS_2000_5_5,wfjsp9_3,wfjsp9,1520.0,0.0,,0.0249494268374915,0.0249494268374915,46.4802
TS_2000_5_5,wfjsp9_4,wfjsp9,1379.0,0.0,,0.0162122328666175,0.0162122328666175,46.9941
TS_2000_5_5,wfjsp9_5,wfjsp9,1286.0,0.0,,0.0312750601443464,0.0312750601443464,38.5607
TS_2000_5_5,wfjsp9_6,wfjsp9,1409.0,0.0,,0.0187997107736804,0.0187997107736804,34.9179
TS_2000_5_5,wfjsp9_7,wfjsp9,1342.0,0.0,,0.0182094081942336,0.0182094081942336,41.5023
TS_2000_5_5,wfjsp9_8,wfjsp9,1419.0,0.0,,0.0238095238095238,0.0238095238095238,33.2315
TS_2000_5_5,wfjsp9_9,wfjsp9,1321.0,0.0,,0.0224458204334365,0.0208655332302936,42.6501
TS_2000_5_5,wfjsp9_10,wfjsp9,1442.0,0.0,,0.0198019801980198,0.0198019801980198,45.0689
TS_2000_5_5,wfjsp10_1,wfjsp10,790.0,0.0,,0.020671834625323,0.0115236875800256,27.9412
TS_2000_5_5,wfjsp10_2,wfjsp10,868.0,0.0,,0.0382775119617224,0.0382775119617224,30.2115
TS_2000_5_5,wfjsp10_3,wfjsp10,948.0,0.0,,0.0270855904658721,0.0270855904658721,33.2227
TS_2000_5_5,wfjsp10_4,wfjsp10,890.0,0.0,,0.0229885057471264,0.0194730813287514,33.8497
TS_2000_5_5,wfjsp10_5,wfjsp10,758.0,0.0,,0.0397805212620027,0.034106412005457,19.5338
TS_2000_5_5,wfjsp10_6,wfjsp10,924.0,0.0,,0.03125,0.03125,34.4824
TS_2000_5_5,wfjsp10_7,wfjsp10,835.0,0.0,,0.0195360195360195,0.0195360195360195,27.9457
TS_2000_5_5,wfjsp10_8,wfjsp10,842.0,0.0,,0.0218446601941747,0.0218446601941747,25.0836
TS_2000_5_5,wfjsp10_9,wfjsp10,819.0,0.0,,0.0199252801992528,0.0199252801992528,28.544
TS_2000_5_5,wfjsp10_10,wfjsp10,869.0,0.0,,0.0116414435389988,0.0116414435389988,30.7859
TS_2000_5_5,wfjsp11_1,wfjsp11,989.0,0.0,,0.0206398348813209,0.0206398348813209,57.427
TS_2000_5_5,wfjsp11_2,wfjsp11,1231.0,0.0,,0.0396959459459459,0.0396959459459459,70.1529
TS_2000_5_5,wfjsp11_3,wfjsp11,1193.0,0.0,,0.0382941688424717,0.0382941688424717,77.1462
TS_2000_5_5,wfjsp11_4,wfjsp11,1170.0,0.0,,0.0308370044052863,0.0308370044052863,70.704
TS_2000_5_5,wfjsp11_5,wfjsp11,1209.0,0.0,,0.0245762711864406,0.0245762711864406,87.4451
TS_2000_5_5,wfjsp11_6,wfjsp11,980.0,0.0,,0.0458911419423692,0.0458911419423692,35.4629
TS_2000_5_5,wfjsp11_7,wfjsp11,1040.0,0.0,,0.0317460317460317,0.0246305418719211,48.0648
TS_2000_5_5,wfjsp11_8,wfjsp11,1068.0,0.0,,0.0348837209302325,0.0348837209302325,62.1281
TS_2000_5_5,wfjsp11_9,wfjsp11,1178.0,0.0,,0.0369718309859154,0.0369718309859154,49.3406
TS_2000_5_5,wfjsp11_10,wfjsp11,1137.0,0.0,,0.0421631530705774,0.0421631530705774,48.0443
TS_2000_5_5,wfjsp12_1,wfjsp12,926.0,0.0,,0.0334821428571428,0.0334821428571428,56.2647
TS_2000_5_5,wfjsp12_2,wfjsp12,1035.0,0.0,,0.0381143430290872,0.0381143430290872,77.0516
TS_2000_5_5,wfjsp12_3,wfjsp12,1114.0,0.0,,0.0267281105990783,0.0099728014505893,109.432
TS_2000_5_5,wfjsp12_4,wfjsp12,1061.0,0.0,,0.0351219512195122,0.0331061343719571,72.956
TS_2000_5_5,wfjsp12_5,wfjsp12,889.0,0.0,,0.0230149597238204,0.0230149597238204,72.3846
TS_2000_5_5,wfjsp12_6,wfjsp12,1165.0,0.0,,0.027336860670194,0.027336860670194,99.6186
TS_2000_5_5,wfjsp12_7,wfjsp12,1027.0,0.0,,0.0311244979919678,0.0088408644400785,90.8785
TS_2000_5_5,wfjsp12_8,wfjsp12,991.0,0.0,,0.0132924335378323,0.0112244897959183,61.0419
TS_2000_5_5,wfjsp12_9,wfjsp12,1010.0,0.0,,0.0306122448979591,0.0150753768844221,104.526
TS_2000_5_5,wfjsp12_10,wfjsp12,1130.0,0.0,,0.0282074613284804,0.0282074613284804,74.1027
TS_2000_5_5,wfjsp13_1,wfjsp13,891.0,0.0,,0.0288683602771362,0.0288683602771362,142.5
TS_2000_5_5,wfjsp13_2,wfjsp13,986.0,0.0,,0.0249480249480249,0.0249480249480249,168.42
TS_2000_5_5,wfjsp13_3,wfjsp13,906.0,0.0,,0.0389908256880734,0.0260475651189127,101.397
TS_2000_5_5,wfjsp13_4,wfjsp13,917.0,0.0,,0.0099118942731277,0.0099118942731277,126.476
TS_2000_5_5,wfjsp13_5,wfjsp13,833.0,0.0,,0.0296662546353522,0.0296662546353522,146.437
TS_2000_5_5,wfjsp13_6,wfjsp13,1028.0,0.0,,0.0404858299595141,0.0404858299595141,106.649
TS_2000_5_5,wfjsp13_7,wfjsp13,875.0,0.0,,0.0174418604651162,0.0,97.7023
TS_2000_5_5,wfjsp13_8,wfjsp13,903.0,0.0,,0.0089385474860335,0.0044493882091212,142.199
TS_2000_5_5,wfjsp13_9,wfjsp13,986.0,0.0,,0.0260145681581685,0.0196483971044467,160.302
TS_2000_5_5,wfjsp13_10,wfjsp13,961.0,0.0,,0.0491266375545851,0.0491266375545851,140.327
TS_2000_5_5,wfjsp14_1,wfjsp14,762.0,0.0,,0.0269541778975741,0.0228187919463087,75.6586
TS_2000_5_5,wfjsp14_2,wfjsp14,808.0,0.0,,0.0189155107187894,0.0189155107187894,85.3034
TS_2000_5_5,wfjsp14_3,wfjsp14,858.0,0.0,,0.0324909747292418,0.0117924528301886,132.669
TS_2000_5_5,wfjsp14_4,wfjsp14,833.0,0.0,,0.0334987593052109,0.0334987593052109,112.262
TS_2000_5_5,wfjsp14_5,wfjsp14,730.0,0.0,,0.0252808988764044,0.0209790209790209,102.301
TS_2000_5_5,wfjsp14_6,wfjsp14,945.0,0.0,,0.0350492880613362,0.0350492880613362,136.891
TS_2000_5_5,wfjsp14_7,wfjsp14,836.0,0.0,,0.0232558139534883,0.0121065375302663,123.687
TS_2000_5_5,wfjsp14_8,wfjsp14,800.0,0.0,,0.0230179028132992,0.0230179028132992,148.567
TS_2000_5_5,wfjsp14_9,wfjsp14,796.0,0.0,,0.0231362467866323,0.0037831021437578,112.86
TS_2000_5_5,wfjsp14_10,wfjsp14,905.0,0.0,,0.030751708428246,0.030751708428246,121.715
TS_2000_5_5,wfjsp15_1,wfjsp15,1282.0,0.0,,0.0198886237072394,0.0182684670373312,300.036
TS_2000_5_5,wfjsp15_2,wfjsp15,1360.0,0.0,,0.0350076103500761,0.0350076103500761,300.047
TS_2000_5_5,wfjsp15_3,wfjsp15,1398.0,0.0,,0.0355555555555555,0.0159883720930232,300.044
TS_2000_5_5,wfjsp15_4,wfjsp15,1342.0,0.0,,0.0259938837920489,0.0259938837920489,300.052
TS_2000_5_5,wfjsp15_5,wfjsp15,1236.0,0.0,,0.031719532554257,0.031719532554257,300.04
TS_2000_5_5,wfjsp15_6,wfjsp15,1576.0,0.0,,0.0437086092715231,0.0437086092715231,300.058
TS_2000_5_5,wfjsp15_7,wfjsp15,1362.0,0.0,,0.0373191165270373,0.0256024096385542,300.038
TS_2000_5_5,wfjsp15_8,wfjsp15,1354.0,0.0,,0.0320121951219512,0.0203466465712132,250.054
TS_2000_5_5,wfjsp15_9,wfjsp15,1338.0,0.0,,0.0300230946882217,0.0075301204819277,274.764
TS_2000_5_5,wfjsp15_10,wfjsp15,1475.0,0.0,,0.0424028268551236,0.0424028268551236,300.037
TS_2000_5_5,wfjsp16_1,wfjsp16,1008.0,0.0,,0.0306748466257668,0.0130653266331658,189.672
TS_2000_5_5,wfjsp16_2,wfjsp16,1035.0,0.0,,0.0237388724035608,0.0237388724035608,300.026
TS_2000_5_5,wfjsp16_3,wfjsp16,1109.0,0.0,,0.0472143531633616,0.0109389243391066,178.611
TS_2000_5_5,wfjsp16_4,wfjsp16,1111.0,0.0,,0.0431924882629108,0.0344506517690875,159.1
TS_2000_5_5,wfjsp16_5,wfjsp16,932.0,0.0,,0.0309734513274336,0.0309734513274336,197.932
TS_2000_5_5,wfjsp16_6,wfjsp16,1253.0,0.0,,0.025368248772504,0.025368248772504,300.038
TS_2000_5_5,wfjsp16_7,wfjsp16,1089.0,0.0,,0.0254237288135593,-0.0045703839122486,300.027
TS_2000_5_5,wfjsp16_8,wfjsp16,1061.0,0.0,,0.0300970873786407,0.0114394661582459,159.078
TS_2000_5_5,wfjsp16_9,wfjsp16,1056.0,0.0,,0.03125,0.0009478672985781,159.065
TS_2000_5_5,wfjsp16_10,wfjsp16,1166.0,0.0,,0.0183406113537117,0.0183406113537117,218.342
TS_2000_5_5,wfjsp17_1,wfjsp17,1621.0,0.0,,0.0424437299035369,0.0227129337539432,40.4874
TS_2000_5_5,wfjsp17_2,wfjsp17,1749.0,0.0,,0.0270111567821491,0.0103986135181975,42.6205
TS_2000_5_5,wfjsp17_3,wfjsp17,1856.0,0.0,,0.0209020902090209,0.0108932461873638,46.2122
TS_2000_5_5,wfjsp17_4,wfjsp17,1688.0,0.0,,0.0311545510079413,0.0107784431137724,39.6288
TS_2000_5_5,wfjsp17_5,wfjsp17,1561.0,0.0,,0.0156148340923877,0.0019255455712451,36.1286
TS_2000_5_5,wfjsp17_6,wfjsp17,1724.0,0.0,,0.0117370892018779,0.009367681498829,54.5423
TS_2000_5_5,wfjsp17_7,wfjsp17,1613.0,0.0,,0.0359666024405908,0.0093867334167709,36.2933
TS_2000_5_5,wfjsp17_8,wfjsp17,1738.0,0.0,,0.038231780167264,0.0122306348281887,34.0278
TS_2000_5_5,wfjsp17_9,wfjsp17,1607.0,0.0,,0.0307889672867222,0.0087884494664155,42.7323
TS_2000_5_5,wfjsp17_10,wfjsp17,1763.0,0.0,,0.0167243367935409,0.0074285714285714,31.1355
TS_2000_5_5,wfjsp18_1,wfjsp18,952.0,0.0,,0.0247578040904198,0.0247578040904198,31.61
TS_2000_5_5,wfjsp18_2,wfjsp18,1035.0,0.0,,0.0247524752475247,0.0247524752475247,37.5807
TS_2000_5_5,wfjsp18_3,wfjsp18,1119.0,0.0,,0.0145058930190389,-0.0008928571428571,32.6667
TS_2000_5_5,wfjsp18_4,wfjsp18,1054.0,0.0,,0.0163934426229508,0.0163934426229508,37.4987
TS_2000_5_5,wfjsp18_5,wfjsp18,878.0,0.0,,0.0281030444964871,0.0281030444964871,19.6036
TS_2000_5_5,wfjsp18_6,wfjsp18,1107.0,0.0,,0.0231053604436229,0.0212177121771217,28.2091
TS_2000_5_5,wfjsp18_7,wfjsp18,1021.0,0.0,,0.0179461615154536,0.0179461615154536,55.2309
TS_2000_5_5,wfjsp18_8,wfjsp18,1009.0,0.0,,0.0202224469160768,0.0191919191919191,33.3277
TS_2000_5_5,wfjsp18_9,wfjsp18,953.0,0.0,,0.0095338983050847,0.0095338983050847,25.3036
TS_2000_5_5,wfjsp18_10,wfjsp18,1041.0,0.0,,0.0215897939156035,0.0215897939156035,35.0963
TS_2000_5_5,wfjsp19_1,wfjsp19,1198.0,0.0,,0.0169779286926994,0.0016722408026755,54.3072
TS_2000_5_5,wfjsp19_2,wfjsp19,1472.0,0.0,,0.0137741046831955,0.000679809653297,78.8819
TS_2000_5_5,wfjsp19_3,wfjsp19,1415.0,0.0,,0.0157932519741564,0.0064011379800853,75.0733
TS_2000_5_5,wfjsp19_4,wfjsp19,1399.0,0.0,,0.0159767610748002,0.0007153075822603,84.6349
TS_2000_5_5,wfjsp19_5,wfjsp19,1455.0,0.0,,0.0181945416375087,0.0076177285318559,65.2299
TS_2000_5_5,wfjsp19_6,wfjsp19,1162.0,0.0,,0.0043215211754537,0.003454231433506,47.7932
TS_2000_5_5,wfjsp19_7,wfjsp19,1240.0,0.0,,0.0281923714759535,0.0032362459546925,72.0103
TS_2000_5_5,wfjsp19_8,wfjsp19,1272.0,0.0,,0.0233306516492357,0.0176,58.2949
TS_2000_5_5,wfjsp19_9,wfjsp19,1380.0,0.0,,0.0176991150442477,-0.0057636887608069,58.9718
TS_2000_5_5,wfjsp19_10,wfjsp19,1370.0,0.0,,0.0246821241585639,0.0140636565507031,41.2173
TS_2000_5_5,wfjsp20_1,wfjsp20,1096.0,0.0,,0.0262172284644194,-0.0081447963800904,80.3029
TS_2000_5_5,wfjsp20_2,wfjsp20,1244.0,0.0,,0.0306545153272576,0.0188370188370188,84.8174
TS_2000_5_5,wfjsp20_3,wfjsp20,1334.0,0.0,,0.0317092034029389,0.0045180722891566,113.198
TS_2000_5_5,wfjsp20_4,wfjsp20,1263.0,0.0,,0.0193704600484261,0.0031771247021445,96.9651
TS_2000_5_5,wfjsp20_5,wfjsp20,1073.0,0.0,,0.025812619502868,0.0141776937618147,63.878
TS_2000_5_5,wfjsp20_6,wfjsp20,1402.0,0.0,,0.0226112326768781,0.0152063721940622,84.3824
TS_2000_5_5,wfjsp20_7,wfjsp20,1218.0,0.0,,0.0226700251889168,-0.0049019607843137,117.291
TS_2000_5_5,wfjsp20_8,wfjsp20,1201.0,0.0,,0.0362381363244176,0.0152155536770921,74.7535
TS_2000_5_5,wfjsp20_9,wfjsp20,1198.0,0.0,,0.0239316239316239,-0.0016666666666666,92.986
TS_2000_5_5,wfjsp20_10,wfjsp20,1366.0,0.0,,0.0255255255255255,0.0029368575624082,67.3824
TS_2000_5_5,wfjsp21_1,wfjsp21,1031.0,0.0,,0.0157635467980295,-0.0171591992373689,150.746
TS_2000_5_5,wfjsp21_2,wfjsp21,1156.0,0.0,,0.0060922541340295,-0.0128095644748078,135.834
TS_2000_5_5,wfjsp21_3,wfjsp21,1061.0,0.0,,0.0300970873786407,0.01434034416826,149.47
TS_2000_5_5,wfjsp21_4,wfjsp21,1085.0,0.0,,0.0216572504708097,-0.0091324200913242,209.439
TS_2000_5_5,wfjsp21_5,wfjsp21,990.0,0.0,,0.0291060291060291,0.0060975609756097,156.284
TS_2000_5_5,wfjsp21_6,wfjsp21,1197.0,0.0,,0.010126582278481,-0.005813953488372,97.5417
TS_2000_5_5,wfjsp21_7,wfjsp21,1034.0,0.0,,0.034,0.0187192118226601,141.03
TS_2000_5_5,wfjsp21_8,wfjsp21,1072.0,0.0,,0.0238777459407831,-0.0147058823529411,111.872
TS_2000_5_5,wfjsp21_9,wfjsp21,1158.0,0.0,,0.0320855614973262,0.0256864481842338,116.311
TS_2000_5_5,wfjsp21_10,wfjsp21,1128.0,0.0,,0.0263876251137397,0.0071428571428571,138.036
TS_2000_5_5,wfjsp22_1,wfjsp22,887.0,0.0,,0.0230680507497116,-0.0177187153931339,105.848
TS_2000_5_5,wfjsp22_2,wfjsp22,962.0,0.0,,0.0234042553191489,0.0052246603970741,104.447
TS_2000_5_5,wfjsp22_3,wfjsp22,1019.0,0.0,,0.0282542885973763,-0.0048828125,142.565
TS_2000_5_5,wfjsp22_4,wfjsp22,979.0,0.0,,0.0166147455867082,-0.0101112234580384,106.275
TS_2000_5_5,wfjsp22_5,wfjsp22,869.0,0.0,,0.0332936979785969,-0.005720823798627,121.13
TS_2000_5_5,wfjsp22_6,wfjsp22,1105.0,0.0,,0.010978956999085,-0.0080789946140035,107.118
TS_2000_5_5,wfjsp22_7,wfjsp22,997.0,0.0,,0.0374609781477627,0.0030181086519114,125.001
TS_2000_5_5,wfjsp22_8,wfjsp22,963.0,0.0,,0.0399568034557235,0.0179704016913319,88.5741
TS_2000_5_5,wfjsp22_9,wfjsp22,949.0,0.0,,0.0360262008733624,0.0052966101694915,99.6248
TS_2000_5_5,wfjsp22_10,wfjsp22,1071.0,0.0,,0.0268456375838926,-0.0119926199261992,133.669
TS_2000_5_5,wfjsp23_1,wfjsp23,1537.0,0.0,,0.0541838134430727,0.0118499012508229,265.55
TS_2000_5_5,wfjsp23_2,wfjsp23,1598.0,0.0,,0.0237027546444586,0.0018808777429467,300.043
TS_2000_5_5,wfjsp23_3,wfjsp23,1648.0,0.0,,0.0319348778960551,-0.0054315027157513,300.055
TS_2000_5_5,wfjsp23_4,wfjsp23,1587.0,0.0,,0.0305194805194805,0.0095419847328244,300.054
TS_2000_5_5,wfjsp23_5,wfjsp23,1469.0,0.0,,0.0294323756131744,-0.012768817204301,290.582
TS_2000_5_5,wfjsp23_6,wfjsp23,1850.0,0.0,,0.0176017601760176,-0.0085744908896034,280.383
TS_2000_5_5,wfjsp23_7,wfjsp23,1606.0,0.0,,0.0428571428571428,0.0031230480949406,255.506
TS_2000_5_5,wfjsp23_8,wfjsp23,1595.0,0.0,,0.0277061855670103,-0.0012523481527864,265.558
TS_2000_5_5,wfjsp23_9,wfjsp23,1586.0,0.0,,0.0352480417754569,0.0025284450063211,289.329
TS_2000_5_5,wfjsp23_10,wfjsp23,1739.0,0.0,,0.0308239478363959,0.0069484655471916,300.055
TS_2000_5_5,wfjsp24_1,wfjsp24,1189.0,0.0,,0.0330147697654213,-0.0099916736053288,177.711
TS_2000_5_5,wfjsp24_2,wfjsp24,1228.0,0.0,,0.0328006728343145,0.0065573770491803,217.557
TS_2000_5_5,wfjsp24_3,wfjsp24,1320.0,0.0,,0.0501193317422434,-0.0075187969924812,220.041
TS_2000_5_5,wfjsp24_4,wfjsp24,1308.0,0.0,,0.0315457413249211,0.0061538461538461,191.269
TS_2000_5_5,wfjsp24_5,wfjsp24,1107.0,0.0,,0.025949953660797,-0.0053908355795148,261.444
TS_2000_5_5,wfjsp24_6,wfjsp24,1481.0,0.0,,0.0185694635488308,-0.0040349697377269,171.784
TS_2000_5_5,wfjsp24_7,wfjsp24,1305.0,0.0,,0.0373608903020667,-0.0053353658536585,183.242
TS_2000_5_5,wfjsp24_8,wfjsp24,1266.0,0.0,,0.0377049180327868,0.002375296912114,171.68
TS_2000_5_5,wfjsp24_9,wfjsp24,1256.0,0.0,,0.0345963756177924,-0.0102442868400315,225.041
TS_2000_5_5,wfjsp24_10,wfjsp24,1398.0,0.0,,0.0401785714285714,-0.0063965884861407,202.718
TS_2000_5_5,MK1,MK,72.0,0.0,,0.0285714285714285,0.0285714285714285,3.89451
TS_2000_5_5,MK2,MK,70.0,0.0,,0.044776119402985,0.044776119402985,6.86305
TS_2000_5_5,MK3,MK,238.0,0.0,,0.0,0.0,18.6233
TS_2000_5_5,MK4,MK,97.0,0.0,,0.0319148936170212,0.0210526315789473,6.43973
TS_2000_5_5,MK5,MK,304.0,0.0,,0.027027027027027,0.0167224080267558,22.0436
TS_2000_5_5,MK6,MK,111.0,0.0,,0.0373831775700934,0.018348623853211,16.8172
TS_2000_5_5,MK7,MK,230.0,0.0,,0.0502283105022831,0.036036036036036,26.2992
TS_2000_5_5,MK8,MK,624.0,0.0,,0.0,0.0,19.6136
TS_2000_5_5,MK9,MK,477.0,0.0,,0.0236051502145922,-0.0041753653444676,46.9454
TS_2000_5_5,MK10,MK,319.0,0.0,,0.0126984126984126,-0.0214723926380368,57.7223
TS_2000_5_5,DP1,DP,2968.0,0.0,,0.0160903800068469,0.0160903800068469,18.8989
TS_2000_5_5,DP2,DP,2945.0,0.0,,0.0106382978723404,0.0106382978723404,31.6694
TS_2000_5_5,DP3,DP,2924.0,0.0,,0.0048109965635738,0.0048109965635738,55.6433
TS_2000_5_5,DP4,DP,2979.0,0.0,,0.0233596702164204,0.0233596702164204,18.4868
TS_2000_5_5,DP5,DP,2914.0,0.0,,0.0090027700831024,0.0090027700831024,31.8053
TS_2000_5_5,DP6,DP,2888.0,0.0,,0.0038234271810914,0.0038234271810914,45.2519
TS_2000_5_5,DP7,DP,2951.0,0.0,,0.011655810764484,0.011655810764484,52.1427
TS_2000_5_5,DP8,DP,2896.0,0.0,,0.0045091918140825,0.0045091918140825,70.3888
TS_2000_5_5,DP9,DP,2883.0,0.0,,0.0041797283176593,0.0010416666666666,99.4957
TS_2000_5_5,DP10,DP,2973.0,0.0,,0.0174537987679671,0.0174537987679671,40.8946
TS_2000_5_5,DP11,DP,2875.0,0.0,,0.0017421602787456,-0.0003477051460361,84.2803
TS_2000_5_5,DP12,DP,2850.0,0.0,,0.0178571428571428,0.0035211267605633,94.2461
TS_5000_5_5,wfjsp1_1,wfjsp1,268.0,0.0,,0.0,0.0,1.0678
TS_5000_5_5,wfjsp1_2,wfjsp1,287.0,0.0,,0.0,0.0,0.901513
TS_5000_5_5,wfjsp1_3,wfjsp1,347.0,0.0,,0.0,0.0,1.24425
TS_5000_5_5,wfjsp1_4,wfjsp1,315.0,0.0,,0.0,0.0,1.22037
TS_5000_5_5,wfjsp1_5,wfjsp1,265.0,0.0,,0.0,0.0,0.662764
TS_5000_5_5,wfjsp1_6,wfjsp1,291.0,0.0,,0.0,0.0,0.66751
TS_5000_5_5,wfjsp1_7,wfjsp1,265.0,0.0,,0.0,0.0,1.28063
TS_5000_5_5,wfjsp1_8,wfjsp1,328.0,0.0,,0.0,0.0,1.03931
TS_5000_5_5,wfjsp1_9,wfjsp1,252.0,0.0,,0.0,0.0,0.730122
TS_5000_5_5,wfjsp1_10,wfjsp1,316.0,0.0,,0.0,0.0,1.00137
TS_5000_5_5,wfjsp2_1,wfjsp2,336.0,0.0,,0.0,0.0,2.15189
TS_5000_5_5,wfjsp2_2,wfjsp2,368.0,0.0,,0.0,0.0,1.98107
TS_5000_5_5,wfjsp2_3,wfjsp2,421.0,0.0,,0.0,0.0,2.07218
TS_5000_5_5,wfjsp2_4,wfjsp2,380.0,0.0,,0.0052910052910052,0.0052910052910052,2.12414
TS_5000_5_5,wfjsp2_5,wfjsp2,270.0,0.0,,0.0,0.0,1.26471
TS_5000_5_5,wfjsp2_6,wfjsp2,422.0,0.0,,0.0144230769230769,0.0144230769230769,2.55439
TS_5000_5_5,wfjsp2_7,wfjsp2,395.0,0.0,,0.0,0.0,2.77578
TS_5000_5_5,wfjsp2_8,wfjsp2,415.0,0.0,,0.002415458937198,0.002415458937198,1.65417
TS_5000_5_5,wfjsp2_9,wfjsp2,329.0,0.0,,0.0,0.0,1.38123
TS_5000_5_5,wfjsp2_10,wfjsp2,489.0,0.0,,0.0,0.0,1.32401
TS_5000_5_5,wfjsp3_1,wfjsp3,419.0,0.0,,0.0,0.0,2.18982
TS_5000_5_5,wfjsp3_2,wfjsp3,543.0,0.0,,0.0,0.0,2.96096
TS_5000_5_5,wfjsp3_3,wfjsp3,383.0,0.0,,0.0,0.0,1.1564
TS_5000_5_5,wfjsp3_4,wfjsp3,448.0,0.0,,0.0112866817155756,0.0112866817155756,2.49131
TS_5000_5_5,wfjsp3_5,wfjsp3,284.0,0.0,,0.0,0.0,1.85334
TS_5000_5_5,wfjsp3_6,wfjsp3,529.0,0.0,,0.0,0.0,2.53001
TS_5000_5_5,wfjsp3_7,wfjsp3,342.0,0.0,,0.0,0.0,1.89748
TS_5000_5_5,wfjsp3_8,wfjsp3,499.0,0.0,,0.0142276422764227,0.0142276422764227,2.59104
TS_5000_5_5,wfjsp3_9,wfjsp3,535.0,0.0,,0.0018726591760299,0.0018726591760299,2.32677
TS_5000_5_5,wfjsp3_10,wfjsp3,455.0,0.0,,0.0,0.0,2.51786
TS_5000_5_5,wfjsp4_1,wfjsp4,284.0,0.0,,0.0252707581227436,0.0252707581227436,3.87133
TS_5000_5_5,wfjsp4_2,wfjsp4,353.0,0.0,,0.014367816091954,0.0085714285714285,6.85857
TS_5000_5_5,wfjsp4_3,wfjsp4,369.0,0.0,,0.025,0.025,3.86778
TS_5000_5_5,wfjsp4_4,wfjsp4,325.0,0.0,,0.015625,0.015625,4.63618
TS_5000_5_5,wfjsp4_5,wfjsp4,290.0,0.0,,0.0,0.0,2.17037
TS_5000_5_5,wfjsp4_6,wfjsp4,363.0,0.0,,0.0225352112676056,0.0225352112676056,4.89204
TS_5000_5_5,wfjsp4_7,wfjsp4,294.0,0.0,,0.0208333333333333,0.0208333333333333,4.11762
TS_5000_5_5,wfjsp4_8,wfjsp4,321.0,0.0,,0.0158227848101265,0.0158227848101265,3.72985
TS_5000_5_5,wfjsp4_9,wfjsp4,288.0,0.0,,0.0,0.0,2.71246
TS_5000_5_5,wfjsp4_10,wfjsp4,296.0,0.0,,0.0102389078498293,0.0102389078498293,2.87599
TS_5000_5_5,wfjsp5_1,wfjsp5,617.0,0.0,,0.0148026315789473,0.0148026315789473,14.9402
TS_5000_5_5,wfjsp5_2,wfjsp5,648.0,0.0,,0.0156739811912225,0.0156739811912225,20.6199
TS_5000_5_5,wfjsp5_3,wfjsp5,637.0,0.0,,0.0175718849840255,0.0175718849840255,15.3322
TS_5000_5_5,wfjsp5_4,wfjsp5,741.0,0.0,,0.0263157894736842,0.0263157894736842,19.547
TS_5000_5_5,wfjsp5_5,wfjsp5,719.0,0.0,,-0.0013888888888888,-0.0137174211248285,15.6528
TS_5000_5_5,wfjsp5_6,wfjsp5,752.0,0.0,,0.0273224043715847,0.0273224043715847,16.0216
TS_5000_5_5,wfjsp5_7,wfjsp5,776.0,0.0,,0.0291777188328912,0.0291777188328912,22.5709
TS_5000_5_5,wfjsp5_8,wfjsp5,699.0,0.0,,0.0234260614934114,0.0234260614934114,15.415
TS_5000_5_5,wfjsp5_9,wfjsp5,591.0,0.0,,0.0154639175257731,0.0154639175257731,11.6424
TS_5000_5_5,wfjsp5_10,wfjsp5,638.0,0.0,,0.0175438596491228,0.0175438596491228,10.6748
TS_5000_5_5,wfjsp6_1,wfjsp6,685.0,0.0,,0.0058737151248164,0.0043988269794721,16.589
TS_5000_5_5,wfjsp6_2,wfjsp6,789.0,0.0,,0.0115384615384615,0.0115384615384615,26.0707
TS_5000_5_5,wfjsp6_3,wfjsp6,748.0,0.0,,0.0176870748299319,0.0176870748299319,18.531
TS_5000_5_5,wfjsp6_4,wfjsp6,810.0,0.0,,0.0087173100871731,0.0087173100871731,21.0939
TS_5000_5_5,wfjsp6_5,wfjsp6,852.0,0.0,,0.0094786729857819,0.0094786729857819,28.088
TS_5000_5_5,wfjsp6_6,wfjsp6,826.0,0.0,,0.0350877192982456,0.0350877192982456,14.8099
TS_5000_5_5,wfjsp6_7,wfjsp6,854.0,0.0,,0.0215311004784689,-0.0011695906432748,21.4486
TS_5000_5_5,wfjsp6_8,wfjsp6,777.0,0.0,,0.0237154150197628,0.0237154150197628,21.541
TS_5000_5_5,wfjsp6_9,wfjsp6,694.0,0.0,,0.0116618075801749,0.0116618075801749,12.4238
TS_5000_5_5,wfjsp6_10,wfjsp6,714.0,0.0,,0.0214592274678111,0.0214592274678111,12.6097
TS_5000_5_5,wfjsp7_1,wfjsp7,835.0,0.0,,0.0245398773006134,0.0245398773006134,25.3202
TS_5000_5_5,wfjsp7_2,wfjsp7,1048.0,0.0,,0.0145208131655372,0.0096339113680154,45.2069
TS_5000_5_5,wfjsp7_3,wfjsp7,1154.0,0.0,,0.0212389380530973,0.0185348631950573,46.1081
TS_5000_5_5,wfjsp7_4,wfjsp7,944.0,0.0,,0.0010604453870625,0.0,31.6966
TS_5000_5_5,wfjsp7_5,wfjsp7,822.0,0.0,,0.0236612702366127,0.0236612702366127,36.625
TS_5000_5_5,wfjsp7_6,wfjsp7,1028.0,0.0,,0.0178217821782178,0.0178217821782178,39.6568
TS_5000_5_5,wfjsp7_7,wfjsp7,952.0,0.0,,0.0247578040904198,0.0247578040904198,41.5253
TS_5000_5_5,wfjsp7_8,wfjsp7,906.0,0.0,,0.0272108843537414,0.0272108843537414,34.4065
TS_5000_5_5,wfjsp7_9,wfjsp7,856.0,0.0,,0.0118203309692671,0.0046948356807511,36.7692
TS_5000_5_5,wfjsp7_10,wfjsp7,931.0,0.0,,0.0242024202420242,0.0242024202420242,29.4163
TS_5000_5_5,wfjsp8_1,wfjsp8,1051.0,0.0,,0.0253658536585365,0.0253658536585365,72.737
TS_5000_5_5,wfjsp8_2,wfjsp8,1283.0,0.0,,0.0255795363709032,0.0255795363709032,93.6636
TS_5000_5_5,wfjsp8_3,wfjsp8,1381.0,0.0,,0.0124633431085043,0.0124633431085043,67.4027
TS_5000_5_5,wfjsp8_4,wfjsp8,1221.0,0.0,,0.0082576383154417,0.0082576383154417,61.3071
TS_5000_5_5,wfjsp8_5,wfjsp8,1064.0,0.0,,0.0133333333333333,0.0133333333333333,47.9288
TS_5000_5_5,wfjsp8_6,wfjsp8,1285.0,0.0,,0.0142067876874506,0.0142067876874506,52.891
TS_5000_5_5,wfjsp8_7,wfjsp8,1185.0,0.0,,0.0233160621761658,0.0233160621761658,68.1188
TS_5000_5_5,wfjsp8_8,wfjsp8,1183.0,0.0,,0.0215889464594127,0.0215889464594127,62.6359
TS_5000_5_5,wfjsp8_9,wfjsp8,1062.0,0.0,,0.0172413793103448,0.0172413793103448,58.6404
TS_5000_5_5,wfjsp8_10,wfjsp8,1210.0,0.0,,0.0134003350083752,0.0134003350083752,63.6043
TS_5000_5_5,wfjsp9_1,wfjsp9,1325.0,0.0,,0.0091393754760091,0.0083713850837138,113.344
TS_5000_5_5,wfjsp9_2,wfjsp9,1417.0,0.0,,0.0121428571428571,0.0092592592592592,91.3909
TS_5000_5_5,wfjsp9_3,wfjsp9,1531.0,0.0,,0.0323668240053944,0.0323668240053944,76.2136
TS_5000_5_5,wfjsp9_4,wfjsp9,1372.0,0.0,,0.0110537951363301,0.0110537951363301,84.2165
TS_5000_5_5,wfjsp9_5,wfjsp9,1274.0,0.0,,0.0216519647153167,0.0216519647153167,83.1931
TS_5000_5_5,wfjsp9_6,wfjsp9,1411.0,0.0,,0.0202458423716558,0.0202458423716558,82.3924
TS_5000_5_5,wfjsp9_7,wfjsp9,1341.0,0.0,,0.0174506828528072,0.0174506828528072,92.5229
TS_5000_5_5,wfjsp9_8,wfjsp9,1406.0,0.0,,0.0144300144300144,0.0144300144300144,66.3871
TS_5000_5_5,wfjsp9_9,wfjsp9,1311.0,0.0,,0.0147058823529411,0.0131375579598145,68.8796
TS_5000_5_5,wfjsp9_10,wfjsp9,1449.0,0.0,,0.0247524752475247,0.0247524752475247,71.3611
TS_5000_5_5,wfjsp10_1,wfjsp10,785.0,0.0,,0.0142118863049095,0.0051216389244558,68.6294
TS_5000_5_5,wfjsp10_2,wfjsp10,867.0,0.0,,0.0370813397129186,0.0370813397129186,59.4854
TS_5000_5_5,wfjsp10_3,wfjsp10,940.0,0.0,,0.018418201516793,0.018418201516793,76.7423
TS_5000_5_5,wfjsp10_4,wfjsp10,879.0,0.0,,0.0103448275862068,0.0068728522336769,70.4121
TS_5000_5_5,wfjsp10_5,wfjsp10,739.0,0.0,,0.0137174211248285,0.0081855388813096,58.5485
TS_5000_5_5,wfjsp10_6,wfjsp10,916.0,0.0,,0.0223214285714285,0.0223214285714285,66.1032
TS_5000_5_5,wfjsp10_7,wfjsp10,852.0,0.0,,0.0402930402930402,0.0402930402930402,58.1144
TS_5000_5_5,wfjsp10_8,wfjsp10,845.0,0.0,,0.0254854368932038,0.0254854368932038,46.8789
TS_5000_5_5,wfjsp10_9,wfjsp10,813.0,0.0,,0.012453300124533,0.012453300124533,62.0719
TS_5000_5_5,wfjsp10_10,wfjsp10,866.0,0.0,,0.0081490104772991,0.0081490104772991,71.0526
TS_5000_5_5,wfjsp11_1,wfjsp11,987.0,0.0,,0.0185758513931888,0.0185758513931888,143.487
TS_5000_5_5,wfjsp11_2,wfjsp11,1226.0,0.0,,0.0354729729729729,0.0354729729729729,173.939
TS_5000_5_5,wfjsp11_3,wfjsp11,1177.0,0.0,,0.0243690165361183,0.0243690165361183,132.262
TS_5000_5_5,wfjsp11_4,wfjsp11,1161.0,0.0,,0.0229074889867841,0.0229074889867841,135.681
TS_5000_5_5,wfjsp11_5,wfjsp11,1216.0,0.0,,0.0305084745762711,0.0305084745762711,201.452
TS_5000_5_5,wfjsp11_6,wfjsp11,980.0,0.0,,0.0458911419423692,0.0458911419423692,72.9912
TS_5000_5_5,wfjsp11_7,wfjsp11,1026.0,0.0,,0.0178571428571428,0.0108374384236453,120.294
TS_5000_5_5,wfjsp11_8,wfjsp11,1061.0,0.0,,0.0281007751937984,0.0281007751937984,128.297
TS_5000_5_5,wfjsp11_9,wfjsp11,1172.0,0.0,,0.0316901408450704,0.0316901408450704,141.945
TS_5000_5_5,wfjsp11_10,wfjsp11,1133.0,0.0,,0.0384967919340055,0.0384967919340055,142.381
TS_5000_5_5,wfjsp12_1,wfjsp12,916.0,0.0,,0.0223214285714285,0.0223214285714285,166.999
TS_5000_5_5,wfjsp12_2,wfjsp12,1031.0,0.0,,0.0341023069207622,0.0341023069207622,162.662
TS_5000_5_5,wfjsp12_3,wfjsp12,1114.0,0.0,,0.0267281105990783,0.0099728014505893,219.331
TS_5000_5_5,wfjsp12_4,wfjsp12,1042.0,0.0,,0.0165853658536585,0.0146056475170399,212.13
TS_5000_5_5,wfjsp12_5,wfjsp12,886.0,0.0,,0.0195627157652474,0.0195627157652474,146.965
TS_5000_5_5,wfjsp12_6,wfjsp12,1159.0,0.0,,0.0220458553791887,0.0220458553791887,187.894
TS_5000_5_5,wfjsp12_7,wfjsp12,1019.0,0.0,,0.0230923694779116,0.0009823182711198,184.712
TS_5000_5_5,wfjsp12_8,wfjsp12,988.0,0.0,,0.0102249488752556,0.0081632653061224,129.666
TS_5000_5_5,wfjsp12_9,wfjsp12,1010.0,0.0,,0.0306122448979591,0.0150753768844221,203.769
TS_5000_5_5,wfjsp12_10,wfjsp12,1124.0,0.0,,0.0227479526842584,0.0227479526842584,215.861
TS_5000_5_5,wfjsp13_1,wfjsp13,882.0,0.0,,0.0184757505773672,0.0184757505773672,286.756
TS_5000_5_5,wfjsp13_2,wfjsp13,989.0,0.0,,0.028066528066528,0.028066528066528,300.018
TS_5000_5_5,wfjsp13_3,wfjsp13,896.0,0.0,,0.0275229357798165,0.014722536806342,300.019
TS_5000_5_5,wfjsp13_4,wfjsp13,922.0,0.0,,0.0154185022026431,0.0154185022026431,229.308
TS_5000_5_5,wfjsp13_5,wfjsp13,821.0,0.0,,0.0148331273176761,0.0148331273176761,300.023
TS_5000_5_5,wfjsp13_6,wfjsp13,1022.0,0.0,,0.034412955465587,0.034412955465587,256.663
TS_5000_5_5,wfjsp13_7,wfjsp13,867.0,0.0,,0.0081395348837209,-0.0091428571428571,268.071
TS_5000_5_5,wfjsp13_8,wfjsp13,903.0,0.0,,0.0089385474860335,0.0044493882091212,300.019
TS_5000_5_5,wfjsp13_9,wfjsp13,978.0,0.0,,0.0176899063475546,0.0113753877973112,300.018
TS_5000_5_5,wfjsp13_10,wfjsp13,954.0,0.0,,0.0414847161572052,0.0414847161572052,300.02
TS_5000_5_5,wfjsp14_1,wfjsp14,757.0,0.0,,0.0202156334231805,0.0161073825503355,232.783
TS_5000_5_5,wfjsp14_2,wfjsp14,802.0,0.0,,0.0113493064312736,0.0113493064312736,262.739
TS_5000_5_5,wfjsp14_3,wfjsp14,856.0,0.0,,0.0300842358604091,0.0094339622641509,300.02
TS_5000_5_5,wfjsp14_4,wfjsp14,826.0,0.0,,0.0248138957816377,0.0248138957816377,290.983
TS_5000_5_5,wfjsp14_5,wfjsp14,721.0,0.0,,0.0126404494382022,0.0083916083916083,256.333
TS_5000_5_5,wfjsp14_6,wfjsp14,938.0,0.0,,0.0273822562979189,0.0273822562979189,300.018
TS_5000_5_5,wfjsp14_7,wfjsp14,836.0,0.0,,0.0232558139534883,0.0121065375302663,300.021
TS_5000_5_5,wfjsp14_8,wfjsp14,786.0,0.0,,0.0051150895140664,0.0051150895140664,249.253
TS_5000_5_5,wfjsp14_9,wfjsp14,798.0,0.0,,0.0257069408740359,0.0063051702395964,238.641
TS_5000_5_5,wfjsp14_10,wfjsp14,913.0,0.0,,0.0398633257403189,0.0398633257403189,231.287
TS_5000_5_5,wfjsp15_1,wfjsp15,1285.0,0.0,,0.0222752585521081,0.0206513105639396,300.033
TS_5000_5_5,wfjsp15_2,wfjsp15,1359.0,0.0,,0.0342465753424657,0.0342465753424657,300.039
TS_5000_5_5,wfjsp15_3,wfjsp15,1396.0,0.0,,0.034074074074074,0.0145348837209302,300.054
TS_5000_5_5,wfjsp15_4,wfjsp15,1339.0,0.0,,0.0237003058103975,0.0237003058103975,300.044
TS_5000_5_5,wfjsp15_5,wfjsp15,1229.0,0.0,,0.0258764607679465,0.0258764607679465,300.046
TS_5000_5_5,wfjsp15_6,wfjsp15,1566.0,0.0,,0.0370860927152317,0.0370860927152317,300.047
TS_5000_5_5,wfjsp15_7,wfjsp15,1340.0,0.0,,0.0205635948210205,0.0090361445783132,300.038
TS_5000_5_5,wfjsp15_8,wfjsp15,1351.0,0.0,,0.0297256097560975,0.0180859080633006,300.041
TS_5000_5_5,wfjsp15_9,wfjsp15,1339.0,0.0,,0.0307929176289453,0.0082831325301204,300.034
TS_5000_5_5,wfjsp15_10,wfjsp15,1466.0,0.0,,0.0360424028268551,0.0360424028268551,300.051
TS_5000_5_5,wfjsp16_1,wfjsp16,1004.0,0.0,,0.0265848670756646,0.0090452261306532,300.027
TS_5000_5_5,wfjsp16_2,wfjsp16,1034.0,0.0,,0.0227497527200791,0.0227497527200791,300.025
TS_5000_5_5,wfjsp16_3,wfjsp16,1085.0,0.0,,0.024551463644948,-0.0109389243391066,300.034
TS_5000_5_5,wfjsp16_4,wfjsp16,1097.0,0.0,,0.0300469483568075,0.0214152700186219,300.024
TS_5000_5_5,wfjsp16_5,wfjsp16,925.0,0.0,,0.0232300884955752,0.0232300884955752,300.025
TS_5000_5_5,wfjsp16_6,wfjsp16,1258.0,0.0,,0.0294599018003273,0.0294599018003273,300.036
TS_5000_5_5,wfjsp16_7,wfjsp16,1092.0,0.0,,0.0282485875706214,-0.0018281535648994,300.037
TS_5000_5_5,wfjsp16_8,wfjsp16,1052.0,0.0,,0.0213592233009708,0.0028598665395614,300.028
TS_5000_5_5,wfjsp16_9,wfjsp16,1051.0,0.0,,0.0263671875,-0.0037914691943127,300.027
TS_5000_5_5,wfjsp16_10,wfjsp16,1154.0,0.0,,0.0078602620087336,0.0078602620087336,300.029
TS_5000_5_5,wfjsp17_1,wfjsp17,1608.0,0.0,,0.0340836012861736,0.0145110410094637,99.4189
TS_5000_5_5,wfjsp17_2,wfjsp17,1745.0,0.0,,0.0246623605402231,0.0080878105141536,106.385
TS_5000_5_5,wfjsp17_3,wfjsp17,1854.0,0.0,,0.0198019801980198,0.0098039215686274,91.7922
TS_5000_5_5,wfjsp17_4,wfjsp17,1691.0,0.0,,0.0329871716554673,0.0125748502994011,81.0843
TS_5000_5_5,wfjsp17_5,wfjsp17,1563.0,0.0,,0.0169160702667534,0.0032092426187419,86.9996
TS_5000_5_5,wfjsp17_6,wfjsp17,1715.0,0.0,,0.0064553990610328,0.0040983606557377,86.2258
TS_5000_5_5,wfjsp17_7,wfjsp17,1611.0,0.0,,0.0346820809248554,0.0081351689612015,89.0979
TS_5000_5_5,wfjsp17_8,wfjsp17,1734.0,0.0,,0.03584229390681,0.0099009900990099,79.7038
TS_5000_5_5,wfjsp17_9,wfjsp17,1593.0,0.0,,0.0218088518280949,0.0,116.943
TS_5000_5_5,wfjsp17_10,wfjsp17,1764.0,0.0,,0.0173010380622837,0.008,80.4255
TS_5000_5_5,wfjsp18_1,wfjsp18,943.0,0.0,,0.015069967707212,0.015069967707212,87.4595
TS_5000_5_5,wfjsp18_2,wfjsp18,1028.0,0.0,,0.0178217821782178,0.0178217821782178,98.9578
TS_5000_5_5,wfjsp18_3,wfjsp18,1115.0,0.0,,0.0108794197642792,-0.0044642857142857,78.6456
TS_5000_5_5,wfjsp18_4,wfjsp18,1055.0,0.0,,0.017357762777242,0.017357762777242,83.4022
TS_5000_5_5,wfjsp18_5,wfjsp18,868.0,0.0,,0.0163934426229508,0.0163934426229508,77.8984
TS_5000_5_5,wfjsp18_6,wfjsp18,1103.0,0.0,,0.0194085027726432,0.0175276752767527,80.9947
TS_5000_5_5,wfjsp18_7,wfjsp18,1012.0,0.0,,0.0089730807577268,0.0089730807577268,113.295
TS_5000_5_5,wfjsp18_8,wfjsp18,1009.0,0.0,,0.0202224469160768,0.0191919191919191,74.5984
TS_5000_5_5,wfjsp18_9,wfjsp18,952.0,0.0,,0.0084745762711864,0.0084745762711864,58.4887
TS_5000_5_5,wfjsp18_10,wfjsp18,1036.0,0.0,,0.0166830225711481,0.0166830225711481,62.5716
TS_5000_5_5,wfjsp19_1,wfjsp19,1193.0,0.0,,0.0127334465195246,-0.0025083612040133,148.207
TS_5000_5_5,wfjsp19_2,wfjsp19,1465.0,0.0,,0.0089531680440771,-0.0040788579197824,196.244
TS_5000_5_5,wfjsp19_3,wfjsp19,1414.0,0.0,,0.0150753768844221,0.0056899004267425,137.963
TS_5000_5_5,wfjsp19_4,wfjsp19,1387.0,0.0,,0.0072621641249092,-0.007868383404864,180.194
TS_5000_5_5,wfjsp19_5,wfjsp19,1443.0,0.0,,0.0097970608817354,-0.0006925207756232,184.671
TS_5000_5_5,wfjsp19_6,wfjsp19,1164.0,0.0,,0.0060501296456352,0.005181347150259,111.048
TS_5000_5_5,wfjsp19_7,wfjsp19,1229.0,0.0,,0.0190713101160862,-0.0056634304207119,148.603
TS_5000_5_5,wfjsp19_8,wfjsp19,1266.0,0.0,,0.0185036202735317,0.0128,150.93
TS_5000_5_5,wfjsp19_9,wfjsp19,1378.0,0.0,,0.0162241887905604,-0.0072046109510086,126.794
TS_5000_5_5,wfjsp19_10,wfjsp19,1360.0,0.0,,0.0172026925953627,0.006661732050333,126.63
TS_5000_5_5,wfjsp20_1,wfjsp20,1101.0,0.0,,0.0308988764044943,-0.0036199095022624,196.179
TS_5000_5_5,wfjsp20_2,wfjsp20,1235.0,0.0,,0.0231980115990058,0.0114660114660114,293.23
TS_5000_5_5,wfjsp20_3,wfjsp20,1323.0,0.0,,0.0232018561484918,-0.0037650602409638,297.979
TS_5000_5_5,wfjsp20_4,wfjsp20,1256.0,0.0,,0.0137207425343018,-0.0023828435266084,295.13
TS_5000_5_5,wfjsp20_5,wfjsp20,1067.0,0.0,,0.020076481835564,0.0085066162570888,194.5
TS_5000_5_5,wfjsp20_6,wfjsp20,1400.0,0.0,,0.0211524434719183,0.0137581462708182,240.741
TS_5000_5_5,wfjsp20_7,wfjsp20,1224.0,0.0,,0.0277078085642317,0.0,179.809
TS_5000_5_5,wfjsp20_8,wfjsp20,1190.0,0.0,,0.0267471958584987,0.0059171597633136,179.682
TS_5000_5_5,wfjsp20_9,wfjsp20,1188.0,0.0,,0.0153846153846153,-0.01,208.218
TS_5000_5_5,wfjsp20_10,wfjsp20,1366.0,0.0,,0.0255255255255255,0.0029368575624082,147.716
TS_5000_5_5,wfjsp21_1,wfjsp21,1038.0,0.0,,0.0226600985221674,-0.0104861773117254,295.281
TS_5000_5_5,wfjsp21_2,wfjsp21,1167.0,0.0,,0.0156657963446475,-0.0034158838599487,300.022
TS_5000_5_5,wfjsp21_3,wfjsp21,1051.0,0.0,,0.0203883495145631,0.0047801147227533,300.019
TS_5000_5_5,wfjsp21_4,wfjsp21,1089.0,0.0,,0.0254237288135593,-0.0054794520547945,300.018
TS_5000_5_5,wfjsp21_5,wfjsp21,985.0,0.0,,0.0239085239085239,0.0010162601626016,300.021
TS_5000_5_5,wfjsp21_6,wfjsp21,1195.0,0.0,,0.0084388185654008,-0.0074750830564784,261.76
TS_5000_5_5,wfjsp21_7,wfjsp21,1026.0,0.0,,0.026,0.0108374384236453,300.024
TS_5000_5_5,wfjsp21_8,wfjsp21,1068.0,0.0,,0.0200573065902578,-0.0183823529411764,290.27
TS_5000_5_5,wfjsp21_9,wfjsp21,1155.0,0.0,,0.0294117647058823,0.0230292294065544,300.019
TS_5000_5_5,wfjsp21_10,wfjsp21,1122.0,0.0,,0.0209281164695177,0.0017857142857142,300.018
TS_5000_5_5,wfjsp22_1,wfjsp22,888.0,0.0,,0.0242214532871972,-0.0166112956810631,192.234
TS_5000_5_5,wfjsp22_2,wfjsp22,957.0,0.0,,0.0180851063829787,0.0,300.018
TS_5000_5_5,wfjsp22_3,wfjsp22,1021.0,0.0,,0.0302724520686175,-0.0029296875,300.022
TS_5000_5_5,wfjsp22_4,wfjsp22,977.0,0.0,,0.0145379023883696,-0.0121334681496461,300.018
TS_5000_5_5,wfjsp22_5,wfjsp22,858.0,0.0,,0.0202140309155766,-0.0183066361556064,300.015
TS_5000_5_5,wfjsp22_6,wfjsp22,1113.0,0.0,,0.0182982616651418,-0.0008976660682226,300.02
TS_5000_5_5,wfjsp22_7,wfjsp22,987.0,0.0,,0.0270551508844953,-0.0070422535211267,300.022
TS_5000_5_5,wfjsp22_8,wfjsp22,944.0,0.0,,0.019438444924406,-0.0021141649048625,300.016
TS_5000_5_5,wfjsp22_9,wfjsp22,942.0,0.0,,0.0283842794759825,-0.0021186440677966,217.894
TS_5000_5_5,wfjsp22_10,wfjsp22,1067.0,0.0,,0.0230105465004793,-0.0156826568265682,257.034
TS_5000_5_5,wfjsp23_1,wfjsp23,1520.0,0.0,,0.0425240054869684,0.0006583278472679,300.048
TS_5000_5_5,wfjsp23_2,wfjsp23,1597.0,0.0,,0.0230621396540679,0.0012539184952978,300.041
TS_5000_5_5,wfjsp23_3,wfjsp23,1652.0,0.0,,0.034439574201628,-0.0030175015087507,300.055
TS_5000_5_5,wfjsp23_4,wfjsp23,1585.0,0.0,,0.0292207792207792,0.0082697201017811,300.051
TS_5000_5_5,wfjsp23_5,wfjsp23,1471.0,0.0,,0.0308339173090399,-0.0114247311827957,300.036
TS_5000_5_5,wfjsp23_6,wfjsp23,1852.0,0.0,,0.0187018701870187,-0.007502679528403,300.048
TS_5000_5_5,wfjsp23_7,wfjsp23,1609.0,0.0,,0.0448051948051948,0.004996876951905,300.06
TS_5000_5_5,wfjsp23_8,wfjsp23,1597.0,0.0,,0.0289948453608247,0.0,300.049
TS_5000_5_5,wfjsp23_9,wfjsp23,1568.0,0.0,,0.0234986945169712,-0.0088495575221238,300.048
TS_5000_5_5,wfjsp23_10,wfjsp23,1721.0,0.0,,0.0201541197391819,-0.0034742327735958,300.048
TS_5000_5_5,wfjsp24_1,wfjsp24,1193.0,0.0,,0.0364900086880973,-0.0066611157368859,300.026
TS_5000_5_5,wfjsp24_2,wfjsp24,1222.0,0.0,,0.0277544154751892,0.001639344262295,300.025
TS_5000_5_5,wfjsp24_3,wfjsp24,1308.0,0.0,,0.0405727923627685,-0.0165413533834586,300.04
TS_5000_5_5,wfjsp24_4,wfjsp24,1309.0,0.0,,0.0323343848580441,0.0069230769230769,300.036
TS_5000_5_5,wfjsp24_5,wfjsp24,1114.0,0.0,,0.0324374420759962,0.0008984725965858,300.031
TS_5000_5_5,wfjsp24_6,wfjsp24,1481.0,0.0,,0.0185694635488308,-0.0040349697377269,300.029
TS_5000_5_5,wfjsp24_7,wfjsp24,1304.0,0.0,,0.0365659777424483,-0.0060975609756097,300.031
TS_5000_5_5,wfjsp24_8,wfjsp24,1271.0,0.0,,0.0418032786885245,0.0063341250989707,300.034
TS_5000_5_5,wfjsp24_9,wfjsp24,1252.0,0.0,,0.0313014827018121,-0.0133963750985027,300.03
TS_5000_5_5,wfjsp24_10,wfjsp24,1391.0,0.0,,0.034970238095238,-0.0113717128642501,300.028
TS_5000_5_5,MK1,MK,73.0,0.0,,0.0428571428571428,0.0428571428571428,8.93961
TS_5000_5_5,MK2,MK,69.0,0.0,,0.0298507462686567,0.0298507462686567,15.7412
TS_5000_5_5,MK3,MK,238.0,0.0,,0.0,0.0,49.9003
TS_5000_5_5,MK4,MK,95.0,0.0,,0.0106382978723404,0.0,13.9119
TS_5000_5_5,MK5,MK,303.0,0.0,,0.0236486486486486,0.0133779264214046,36.8418
TS_5000_5_5,MK6,MK,109.0,0.0,,0.0186915887850467,0.0,53.0804
TS_5000_5_5,MK7,MK,228.0,0.0,,0.0410958904109589,0.027027027027027,56.3726
TS_5000_5_5,MK8,MK,624.0,0.0,,0.0,0.0,47.8912
TS_5000_5_5,MK9,MK,477.0,0.0,,0.0236051502145922,-0.0041753653444676,102.077
TS_5000_5_5,MK10,MK,315.0,0.0,,0.0,-0.0337423312883435,122.654
TS_5000_5_5,DP1,DP,2968.0,0.0,,0.0160903800068469,0.0160903800068469,38.2424
TS_5000_5_5,DP2,DP,2947.0,0.0,,0.0113246396705559,0.0113246396705559,64.3911
TS_5000_5_5,DP3,DP,2926.0,0.0,,0.0054982817869415,0.0054982817869415,109.793
TS_5000_5_5,DP4,DP,2965.0,0.0,,0.0185503263483339,0.0185503263483339,49.2568
TS_5000_5_5,DP5,DP,2918.0,0.0,,0.010387811634349,0.010387811634349,56.0444
TS_5000_5_5,DP6,DP,2894.0,0.0,,0.0059089329162321,0.0059089329162321,78.6871
TS_5000_5_5,DP7,DP,2940.0,0.0,,0.0078848131642098,0.0078848131642098,111.891
TS_5000_5_5,DP8,DP,2894.0,0.0,,0.0038154699965313,0.0038154699965313,137.059
TS_5000_5_5,DP9,DP,2879.0,0.0,,0.0027864855451062,-0.0003472222222222,223.914
TS_5000_5_5,DP10,DP,2958.0,0.0,,0.0123203285420944,0.0123203285420944,88.959
TS_5000_5_5,DP11,DP,2871.0,0.0,,0.0003484320557491,-0.0017385257301808,205.676
TS_5000_5_5,DP12,DP,2832.0,0.0,,0.0114285714285714,-0.0028169014084507,224.542
TS_10000_10_5,wfjsp1_1,wfjsp1,268.0,0.0,,0.0,0.0,2.08432
TS_10000_10_5,wfjsp1_2,wfjsp1,287.0,0.0,,0.0,0.0,1.81661
TS_10000_10_5,wfjsp1_3,wfjsp1,347.0,0.0,,0.0,0.0,1.9716
TS_10000_10_5,wfjsp1_4,wfjsp1,315.0,0.0,,0.0,0.0,2.46659
TS_10000_10_5,wfjsp1_5,wfjsp1,265.0,0.0,,0.0,0.0,1.44902
TS_10000_10_5,wfjsp1_6,wfjsp1,291.0,0.0,,0.0,0.0,1.48671
TS_10000_10_5,wfjsp1_7,wfjsp1,265.0,0.0,,0.0,0.0,2.82208
TS_10000_10_5,wfjsp1_8,wfjsp1,328.0,0.0,,0.0,0.0,2.08493
TS_10000_10_5,wfjsp1_9,wfjsp1,252.0,0.0,,0.0,0.0,1.27815
TS_10000_10_5,wfjsp1_10,wfjsp1,316.0,0.0,,0.0,0.0,2.05856
TS_10000_10_5,wfjsp2_1,wfjsp2,336.0,0.0,,0.0,0.0,4.23882
TS_10000_10_5,wfjsp2_2,wfjsp2,369.0,0.0,,0.0027173913043478,0.0027173913043478,4.19507
TS_10000_10_5,wfjsp2_3,wfjsp2,421.0,0.0,,0.0,0.0,3.18993
TS_10000_10_5,wfjsp2_4,wfjsp2,380.0,0.0,,0.0052910052910052,0.0052910052910052,4.64401
TS_10000_10_5,wfjsp2_5,wfjsp2,270.0,0.0,,0.0,0.0,2.75509
TS_10000_10_5,wfjsp2_6,wfjsp2,422.0,0.0,,0.0144230769230769,0.0144230769230769,3.79489
TS_10000_10_5,wfjsp2_7,wfjsp2,397.0,0.0,,0.0050632911392405,0.0050632911392405,4.57826
TS_10000_10_5,wfjsp2_8,wfjsp2,415.0,0.0,,0.002415458937198,0.002415458937198,3.67597
TS_10000_10_5,wfjsp2_9,wfjsp2,329.0,0.0,,0.0,0.0,2.64828
TS_10000_10_5,wfjsp2_10,wfjsp2,489.0,0.0,,0.0,0.0,3.04901
TS_10000_10_5,wfjsp3_1,wfjsp3,422.0,0.0,,0.0071599045346062,0.0071599045346062,4.26462
TS_10000_10_5,wfjsp3_2,wfjsp3,543.0,0.0,,0.0,0.0,7.19474
TS_10000_10_5,wfjsp3_3,wfjsp3,383.0,0.0,,0.0,0.0,2.47211
TS_10000_10_5,wfjsp3_4,wfjsp3,444.0,0.0,,0.0022573363431151,0.0022573363431151,4.90154
TS_10000_10_5,wfjsp3_5,wfjsp3,284.0,0.0,,0.0,0.0,4.17234
TS_10000_10_5,wfjsp3_6,wfjsp3,529.0,0.0,,0.0,0.0,5.90178
TS_10000_10_5,wfjsp3_7,wfjsp3,343.0,0.0,,0.0029239766081871,0.0029239766081871,4.21219
TS_10000_10_5,wfjsp3_8,wfjsp3,497.0,0.0,,0.0101626016260162,0.0101626016260162,6.20048
TS_10000_10_5,wfjsp3_9,wfjsp3,534.0,0.0,,0.0,0.0,4.67422
TS_10000_10_5,wfjsp3_10,wfjsp3,455.0,0.0,,0.0,0.0,3.84765
TS_10000_10_5,wfjsp4_1,wfjsp4,284.0,0.0,,0.0252707581227436,0.0252707581227436,9.4803
TS_10000_10_5,wfjsp4_2,wfjsp4,353.0,0.0,,0.014367816091954,0.0085714285714285,11.5716
TS_10000_10_5,wfjsp4_3,wfjsp4,368.0,0.0,,0.0222222222222222,0.0222222222222222,9.21987
TS_10000_10_5,wfjsp4_4,wfjsp4,326.0,0.0,,0.01875,0.01875,10.5838
TS_10000_10_5,wfjsp4_5,wfjsp4,290.0,0.0,,0.0,0.0,4.13105
TS_10000_10_5,wfjsp4_6,wfjsp4,359.0,0.0,,0.0112676056338028,0.0112676056338028,8.78462
TS_10000_10_5,wfjsp4_7,wfjsp4,292.0,0.0,,0.0138888888888888,0.0138888888888888,7.35619
TS_10000_10_5,wfjsp4_8,wfjsp4,321.0,0.0,,0.0158227848101265,0.0158227848101265,7.89167
TS_10000_10_5,wfjsp4_9,wfjsp4,288.0,0.0,,0.0,0.0,5.48265
TS_10000_10_5,wfjsp4_10,wfjsp4,296.0,0.0,,0.0102389078498293,0.0102389078498293,5.13831
TS_10000_10_5,wfjsp5_1,wfjsp5,610.0,0.0,,0.0032894736842105,0.0032894736842105,24.8241
TS_10000_10_5,wfjsp5_2,wfjsp5,648.0,0.0,,0.0156739811912225,0.0156739811912225,33.5319
TS_10000_10_5,wfjsp5_3,wfjsp5,644.0,0.0,,0.0287539936102236,0.0287539936102236,26.9149
TS_10000_10_5,wfjsp5_4,wfjsp5,737.0,0.0,,0.020775623268698,0.020775623268698,44.8517
TS_10000_10_5,wfjsp5_5,wfjsp5,732.0,0.0,,0.0166666666666666,0.0041152263374485,33.3056
TS_10000_10_5,wfjsp5_6,wfjsp5,744.0,0.0,,0.0163934426229508,0.0163934426229508,24.3625
TS_10000_10_5,wfjsp5_7,wfjsp5,771.0,0.0,,0.0225464190981432,0.0225464190981432,32.8859
TS_10000_10_5,wfjsp5_8,wfjsp5,690.0,0.0,,0.0102489019033674,0.0102489019033674,43.3744
TS_10000_10_5,wfjsp5_9,wfjsp5,598.0,0.0,,0.0274914089347079,0.0274914089347079,18.8044
TS_10000_10_5,wfjsp5_10,wfjsp5,648.0,0.0,,0.0334928229665071,0.0334928229665071,17.2538
TS_10000_10_5,wfjsp6_1,wfjsp6,687.0,0.0,,0.0088105726872246,0.0073313782991202,30.0321
TS_10000_10_5,wfjsp6_2,wfjsp6,790.0,0.0,,0.0128205128205128,0.0128205128205128,43.8085
TS_10000_10_5,wfjsp6_3,wfjsp6,744.0,0.0,,0.0122448979591836,0.0122448979591836,36.0876
TS_10000_10_5,wfjsp6_4,wfjsp6,815.0,0.0,,0.0149439601494396,0.0149439601494396,47.711
TS_10000_10_5,wfjsp6_5,wfjsp6,853.0,0.0,,0.0106635071090047,0.0106635071090047,63.4272
TS_10000_10_5,wfjsp6_6,wfjsp6,820.0,0.0,,0.0275689223057644,0.0275689223057644,32.1991
TS_10000_10_5,wfjsp6_7,wfjsp6,851.0,0.0,,0.0179425837320574,-0.0046783625730994,42.0728
TS_10000_10_5,wfjsp6_8,wfjsp6,778.0,0.0,,0.0250329380764163,0.0250329380764163,38.0744
TS_10000_10_5,wfjsp6_9,wfjsp6,694.0,0.0,,0.0116618075801749,0.0116618075801749,25.7583
TS_10000_10_5,wfjsp6_10,wfjsp6,714.0,0.0,,0.0214592274678111,0.0214592274678111,28.1217
TS_10000_10_5,wfjsp7_1,wfjsp7,835.0,0.0,,0.0245398773006134,0.0245398773006134,45.0701
TS_10000_10_5,wfjsp7_2,wfjsp7,1039.0,0.0,,0.0058083252662149,0.0009633911368015,96.4672
TS_10000_10_5,wfjsp7_3,wfjsp7,1143.0,0.0,,0.011504424778761,0.0088261253309797,96.9786
TS_10000_10_5,wfjsp7_4,wfjsp7,949.0,0.0,,0.0063626723223753,0.0052966101694915,83.6706
TS_10000_10_5,wfjsp7_5,wfjsp7,816.0,0.0,,0.0161892901618929,0.0161892901618929,58.0322
TS_10000_10_5,wfjsp7_6,wfjsp7,1024.0,0.0,,0.0138613861386138,0.0138613861386138,104.578
TS_10000_10_5,wfjsp7_7,wfjsp7,951.0,0.0,,0.0236813778256189,0.0236813778256189,78.2002
TS_10000_10_5,wfjsp7_8,wfjsp7,902.0,0.0,,0.0226757369614512,0.0226757369614512,80.1429
TS_10000_10_5,wfjsp7_9,wfjsp7,849.0,0.0,,0.0035460992907801,-0.0035211267605633,86.1338
TS_10000_10_5,wfjsp7_10,wfjsp7,929.0,0.0,,0.022002200220022,0.022002200220022,51.9123
TS_10000_10_5,wfjsp8_1,wfjsp8,1060.0,0.0,,0.0341463414634146,0.0341463414634146,113.471
TS_10000_10_5,wfjsp8_2,wfjsp8,1277.0,0.0,,0.0207833733013589,0.0207833733013589,150.331
TS_10000_10_5,wfjsp8_3,wfjsp8,1399.0,0.0,,0.0256598240469208,0.0256598240469208,134.601
TS_10000_10_5,wfjsp8_4,wfjsp8,1221.0,0.0,,0.0082576383154417,0.0082576383154417,107.21
TS_10000_10_5,wfjsp8_5,wfjsp8,1058.0,0.0,,0.0076190476190476,0.0076190476190476,96.7737
TS_10000_10_5,wfjsp8_6,wfjsp8,1285.0,0.0,,0.0142067876874506,0.0142067876874506,125.737
TS_10000_10_5,wfjsp8_7,wfjsp8,1185.0,0.0,,0.0233160621761658,0.0233160621761658,104.913
TS_10000_10_5,wfjsp8_8,wfjsp8,1178.0,0.0,,0.0172711571675302,0.0172711571675302,145.834
TS_10000_10_5,wfjsp8_9,wfjsp8,1058.0,0.0,,0.0134099616858237,0.0134099616858237,112.143
TS_10000_10_5,wfjsp8_10,wfjsp8,1214.0,0.0,,0.016750418760469,0.016750418760469,102.012
TS_10000_10_5,wfjsp9_1,wfjsp9,1329.0,0.0,,0.0121858339680121,0.0114155251141552,134.243
TS_10000_10_5,wfjsp9_2,wfjsp9,1410.0,0.0,,0.0071428571428571,0.0042735042735042,137.895
TS_10000_10_5,wfjsp9_3,wfjsp9,1521.0,0.0,,0.0256237356709372,0.0256237356709372,194.891
TS_10000_10_5,wfjsp9_4,wfjsp9,1372.0,0.0,,0.0110537951363301,0.0110537951363301,150.737
TS_10000_10_5,wfjsp9_5,wfjsp9,1275.0,0.0,,0.0224538893344025,0.0224538893344025,146.978
TS_10000_10_5,wfjsp9_6,wfjsp9,1410.0,0.0,,0.0195227765726681,0.0195227765726681,165.242
TS_10000_10_5,wfjsp9_7,wfjsp9,1336.0,0.0,,0.0136570561456752,0.0136570561456752,159.221
TS_10000_10_5,wfjsp9_8,wfjsp9,1404.0,0.0,,0.0129870129870129,0.0129870129870129,156.439
TS_10000_10_5,wfjsp9_9,wfjsp9,1306.0,0.0,,0.0108359133126934,0.0092735703245749,131.174
TS_10000_10_5,wfjsp9_10,wfjsp9,1443.0,0.0,,0.0205091937765205,0.0205091937765205,132.847
TS_10000_10_5,wfjsp10_1,wfjsp10,782.0,0.0,,0.0103359173126615,0.0012804097311139,129.432
TS_10000_10_5,wfjsp10_2,wfjsp10,852.0,0.0,,0.0191387559808612,0.0191387559808612,159.656
TS_10000_10_5,wfjsp10_3,wfjsp10,926.0,0.0,,0.0032502708559046,0.0032502708559046,237.696
TS_10000_10_5,wfjsp10_4,wfjsp10,878.0,0.0,,0.0091954022988505,0.0057273768613974,186.545
TS_10000_10_5,wfjsp10_5,wfjsp10,740.0,0.0,,0.0150891632373113,0.0095497953615279,129.685
TS_10000_10_5,wfjsp10_6,wfjsp10,916.0,0.0,,0.0223214285714285,0.0223214285714285,115.008
TS_10000_10_5,wfjsp10_7,wfjsp10,838.0,0.0,,0.0231990231990232,0.0231990231990232,169.587
TS_10000_10_5,wfjsp10_8,wfjsp10,844.0,0.0,,0.0242718446601941,0.0242718446601941,103.456
TS_10000_10_5,wfjsp10_9,wfjsp10,814.0,0.0,,0.0136986301369863,0.0136986301369863,100.111
TS_10000_10_5,wfjsp10_10,wfjsp10,871.0,0.0,,0.0139697322467986,0.0139697322467986,115.557
TS_10000_10_5,wfjsp11_1,wfjsp11,980.0,0.0,,0.0113519091847265,0.0113519091847265,218.841
TS_10000_10_5,wfjsp11_2,wfjsp11,1209.0,0.0,,0.0211148648648648,0.0211148648648648,552.402
TS_10000_10_5,wfjsp11_3,wfjsp11,1177.0,0.0,,0.0243690165361183,0.0243690165361183,222.398
TS_10000_10_5,wfjsp11_4,wfjsp11,1161.0,0.0,,0.0229074889867841,0.0229074889867841,245.156
TS_10000_10_5,wfjsp11_5,wfjsp11,1199.0,0.0,,0.0161016949152542,0.0161016949152542,373.052
TS_10000_10_5,wfjsp11_6,wfjsp11,976.0,0.0,,0.0416221985058698,0.0416221985058698,164.792
TS_10000_10_5,wfjsp11_7,wfjsp11,1019.0,0.0,,0.0109126984126984,0.0039408866995073,211.3
TS_10000_10_5,wfjsp11_8,wfjsp11,1050.0,0.0,,0.0174418604651162,0.0174418604651162,296.057
TS_10000_10_5,wfjsp11_9,wfjsp11,1172.0,0.0,,0.0316901408450704,0.0316901408450704,236.496
TS_10000_10_5,wfjsp11_10,wfjsp11,1133.0,0.0,,0.0384967919340055,0.0384967919340055,180.959
TS_10000_10_5,wfjsp12_1,wfjsp12,917.0,0.0,,0.0234375,0.0234375,377.383
TS_10000_10_5,wfjsp12_2,wfjsp12,1031.0,0.0,,0.0341023069207622,0.0341023069207622,312.212
TS_10000_10_5,wfjsp12_3,wfjsp12,1108.0,0.0,,0.0211981566820276,0.0045330915684496,530.924
TS_10000_10_5,wfjsp12_4,wfjsp12,1048.0,0.0,,0.0224390243902439,0.0204479065238558,430.53
TS_10000_10_5,wfjsp12_5,wfjsp12,887.0,0.0,,0.0207134637514384,0.0207134637514384,287.88
TS_10000_10_5,wfjsp12_6,wfjsp12,1154.0,0.0,,0.0176366843033509,0.0176366843033509,342.458
TS_10000_10_5,wfjsp12_7,wfjsp12,1004.0,0.0,,0.0080321285140562,-0.0137524557956778,456.051
TS_10000_10_5,wfjsp12_8,wfjsp12,989.0,0.0,,0.0112474437627811,0.0091836734693877,268.499
TS_10000_10_5,wfjsp12_9,wfjsp12,999.0,0.0,,0.0193877551020408,0.0040201005025125,435.036
TS_10000_10_5,wfjsp12_10,wfjsp12,1119.0,0.0,,0.0181983621474067,0.0181983621474067,340.876
TS_10000_10_5,wfjsp13_1,wfjsp13,881.0,0.0,,0.0173210161662817,0.0173210161662817,600.018
TS_10000_10_5,wfjsp13_2,wfjsp13,987.0,0.0,,0.0259875259875259,0.0259875259875259,600.022
TS_10000_10_5,wfjsp13_3,wfjsp13,896.0,0.0,,0.0275229357798165,0.014722536806342,600.019
TS_10000_10_5,wfjsp13_4,wfjsp13,918.0,0.0,,0.0110132158590308,0.0110132158590308,453.902
TS_10000_10_5,wfjsp13_5,wfjsp13,820.0,0.0,,0.0135970333745364,0.0135970333745364,600.015
TS_10000_10_5,wfjsp13_6,wfjsp13,1014.0,0.0,,0.0263157894736842,0.0263157894736842,600.017
TS_10000_10_5,wfjsp13_7,wfjsp13,861.0,0.0,,0.0011627906976744,-0.016,431.41
TS_10000_10_5,wfjsp13_8,wfjsp13,905.0,0.0,,0.0111731843575419,0.0066740823136818,600.019
TS_10000_10_5,wfjsp13_9,wfjsp13,971.0,0.0,,0.0104058272632674,0.0041365046535677,600.022
TS_10000_10_5,wfjsp13_10,wfjsp13,949.0,0.0,,0.0360262008733624,0.0360262008733624,600.018
TS_10000_10_5,wfjsp14_1,wfjsp14,752.0,0.0,,0.013477088948787,0.0093959731543624,595.953
TS_10000_10_5,wfjsp14_2,wfjsp14,809.0,0.0,,0.0201765447667087,0.0201765447667087,404.338
TS_10000_10_5,wfjsp14_3,wfjsp14,851.0,0.0,,0.0240673886883273,0.0035377358490566,600.019
TS_10000_10_5,wfjsp14_4,wfjsp14,819.0,0.0,,0.0161290322580645,0.0161290322580645,521.155
TS_10000_10_5,wfjsp14_5,wfjsp14,727.0,0.0,,0.021067415730337,0.0167832167832167,478.463
TS_10000_10_5,wfjsp14_6,wfjsp14,934.0,0.0,,0.0230010952902519,0.0230010952902519,566.969
TS_10000_10_5,wfjsp14_7,wfjsp14,822.0,0.0,,0.0061199510403916,-0.0048426150121065,600.019
TS_10000_10_5,wfjsp14_8,wfjsp14,794.0,0.0,,0.0153452685421994,0.0153452685421994,399.89
TS_10000_10_5,wfjsp14_9,wfjsp14,788.0,0.0,,0.0128534704370179,-0.0063051702395964,437.472
TS_10000_10_5,wfjsp14_10,wfjsp14,905.0,0.0,,0.030751708428246,0.030751708428246,600.02
TS_10000_10_5,wfjsp15_1,wfjsp15,1280.0,0.0,,0.0182975338106603,0.0166799046862589,600.046
TS_10000_10_5,wfjsp15_2,wfjsp15,1344.0,0.0,,0.0228310502283105,0.0228310502283105,600.04
TS_10000_10_5,wfjsp15_3,wfjsp15,1393.0,0.0,,0.0318518518518518,0.0123546511627906,600.06
TS_10000_10_5,wfjsp15_4,wfjsp15,1315.0,0.0,,0.0053516819571865,0.0053516819571865,600.045
TS_10000_10_5,wfjsp15_5,wfjsp15,1229.0,0.0,,0.0258764607679465,0.0258764607679465,600.046
TS_10000_10_5,wfjsp15_6,wfjsp15,1554.0,0.0,,0.0291390728476821,0.0291390728476821,600.041
TS_10000_10_5,wfjsp15_7,wfjsp15,1334.0,0.0,,0.0159939070830159,0.0045180722891566,600.05
TS_10000_10_5,wfjsp15_8,wfjsp15,1349.0,0.0,,0.0282012195121951,0.0165787490580256,600.04
TS_10000_10_5,wfjsp15_9,wfjsp15,1323.0,0.0,,0.0184757505773672,-0.0037650602409638,600.047
TS_10000_10_5,wfjsp15_10,wfjsp15,1463.0,0.0,,0.0339222614840989,0.0339222614840989,600.046
TS_10000_10_5,wfjsp16_1,wfjsp16,999.0,0.0,,0.0214723926380368,0.0040201005025125,600.028
TS_10000_10_5,wfjsp16_2,wfjsp16,1024.0,0.0,,0.0128585558852621,0.0128585558852621,600.025
TS_10000_10_5,wfjsp16_3,wfjsp16,1085.0,0.0,,0.024551463644948,-0.0109389243391066,600.025
TS_10000_10_5,wfjsp16_4,wfjsp16,1090.0,0.0,,0.0234741784037558,0.0148975791433892,600.028
TS_10000_10_5,wfjsp16_5,wfjsp16,922.0,0.0,,0.0199115044247787,0.0199115044247787,600.027
TS_10000_10_5,wfjsp16_6,wfjsp16,1247.0,0.0,,0.0204582651391162,0.0204582651391162,600.031
TS_10000_10_5,wfjsp16_7,wfjsp16,1093.0,0.0,,0.0291902071563088,-0.0009140767824497,600.031
TS_10000_10_5,wfjsp16_8,wfjsp16,1052.0,0.0,,0.0213592233009708,0.0028598665395614,600.026
TS_10000_10_5,wfjsp16_9,wfjsp16,1051.0,0.0,,0.0263671875,-0.0037914691943127,600.031
TS_10000_10_5,wfjsp16_10,wfjsp16,1161.0,0.0,,0.0139737991266375,0.0139737991266375,600.03
TS_10000_10_5,wfjsp17_1,wfjsp17,1600.0,0.0,,0.0289389067524115,0.0094637223974763,209.888
TS_10000_10_5,wfjsp17_2,wfjsp17,1746.0,0.0,,0.0252495596007046,0.0086655112651646,188.266
TS_10000_10_5,wfjsp17_3,wfjsp17,1854.0,0.0,,0.0198019801980198,0.0098039215686274,196.848
TS_10000_10_5,wfjsp17_4,wfjsp17,1681.0,0.0,,0.0268784361637141,0.0065868263473053,174.768
TS_10000_10_5,wfjsp17_5,wfjsp17,1554.0,0.0,,0.011060507482108,-0.0025673940949935,160.724
TS_10000_10_5,wfjsp17_6,wfjsp17,1714.0,0.0,,0.0058685446009389,0.0035128805620608,151.193
TS_10000_10_5,wfjsp17_7,wfjsp17,1614.0,0.0,,0.0366088631984585,0.0100125156445556,196.123
TS_10000_10_5,wfjsp17_8,wfjsp17,1728.0,0.0,,0.032258064516129,0.0064065230052417,169.07
TS_10000_10_5,wfjsp17_9,wfjsp17,1593.0,0.0,,0.0218088518280949,0.0,182.99
TS_10000_10_5,wfjsp17_10,wfjsp17,1763.0,0.0,,0.0167243367935409,0.0074285714285714,165.288
TS_10000_10_5,wfjsp18_1,wfjsp18,945.0,0.0,,0.0172228202368137,0.0172228202368137,132.357
TS_10000_10_5,wfjsp18_2,wfjsp18,1030.0,0.0,,0.0198019801980198,0.0198019801980198,165.827
TS_10000_10_5,wfjsp18_3,wfjsp18,1119.0,0.0,,0.0145058930190389,-0.0008928571428571,140.84
TS_10000_10_5,wfjsp18_4,wfjsp18,1045.0,0.0,,0.0077145612343297,0.0077145612343297,172.155
TS_10000_10_5,wfjsp18_5,wfjsp18,871.0,0.0,,0.0199063231850117,0.0199063231850117,108.147
TS_10000_10_5,wfjsp18_6,wfjsp18,1096.0,0.0,,0.0129390018484288,0.011070110701107,137.451
TS_10000_10_5,wfjsp18_7,wfjsp18,1009.0,0.0,,0.0059820538384845,0.0059820538384845,175.221
TS_10000_10_5,wfjsp18_8,wfjsp18,1004.0,0.0,,0.0151668351870576,0.0141414141414141,165.857
TS_10000_10_5,wfjsp18_9,wfjsp18,950.0,0.0,,0.0063559322033898,0.0063559322033898,114.105
TS_10000_10_5,wfjsp18_10,wfjsp18,1036.0,0.0,,0.0166830225711481,0.0166830225711481,144.629
TS_10000_10_5,wfjsp19_1,wfjsp19,1187.0,0.0,,0.0076400679117147,-0.0075250836120401,276.862
TS_10000_10_5,wfjsp19_2,wfjsp19,1461.0,0.0,,0.006198347107438,-0.0067980965329707,315.532
TS_10000_10_5,wfjsp19_3,wfjsp19,1410.0,0.0,,0.0122038765254845,0.0028449502133712,409.431
TS_10000_10_5,wfjsp19_4,wfjsp19,1391.0,0.0,,0.0101670297748729,-0.0050071530758226,282.977
TS_10000_10_5,wfjsp19_5,wfjsp19,1434.0,0.0,,0.0034989503149055,-0.0069252077562326,328.005
TS_10000_10_5,wfjsp19_6,wfjsp19,1166.0,0.0,,0.0077787381158167,0.006908462867012,180.442
TS_10000_10_5,wfjsp19_7,wfjsp19,1233.0,0.0,,0.0223880597014925,-0.0024271844660194,247.76
TS_10000_10_5,wfjsp19_8,wfjsp19,1244.0,0.0,,0.0008045052292839,-0.0048,316.484
TS_10000_10_5,wfjsp19_9,wfjsp19,1380.0,0.0,,0.0176991150442477,-0.0057636887608069,267.447
TS_10000_10_5,wfjsp19_10,wfjsp19,1359.0,0.0,,0.0164547494390426,0.005921539600296,300.072
TS_10000_10_5,wfjsp20_1,wfjsp20,1091.0,0.0,,0.0215355805243445,-0.0126696832579185,450.902
TS_10000_10_5,wfjsp20_2,wfjsp20,1237.0,0.0,,0.0248550124275062,0.0131040131040131,480.305
TS_10000_10_5,wfjsp20_3,wfjsp20,1322.0,0.0,,0.0224284609435421,-0.0045180722891566,555.804
TS_10000_10_5,wfjsp20_4,wfjsp20,1258.0,0.0,,0.0153349475383373,-0.0007942811755361,500.266
TS_10000_10_5,wfjsp20_5,wfjsp20,1061.0,0.0,,0.01434034416826,0.0028355387523629,298.755
TS_10000_10_5,wfjsp20_6,wfjsp20,1395.0,0.0,,0.0175054704595186,0.0101375814627081,600.018
TS_10000_10_5,wfjsp20_7,wfjsp20,1221.0,0.0,,0.0251889168765743,-0.0024509803921568,438.775
TS_10000_10_5,wfjsp20_8,wfjsp20,1181.0,0.0,,0.0189818809318377,-0.0016906170752324,315.072
TS_10000_10_5,wfjsp20_9,wfjsp20,1195.0,0.0,,0.0213675213675213,-0.0041666666666666,388.817
TS_10000_10_5,wfjsp20_10,wfjsp20,1361.0,0.0,,0.0217717717717717,-0.000734214390602,407.374
TS_10000_10_5,wfjsp21_1,wfjsp21,1030.0,0.0,,0.0147783251231527,-0.0181124880838894,536.725
TS_10000_10_5,wfjsp21_2,wfjsp21,1155.0,0.0,,0.0052219321148825,-0.013663535439795,600.026
TS_10000_10_5,wfjsp21_3,wfjsp21,1055.0,0.0,,0.0242718446601941,0.008604206500956,600.023
TS_10000_10_5,wfjsp21_4,wfjsp21,1080.0,0.0,,0.0169491525423728,-0.0136986301369863,600.022
TS_10000_10_5,wfjsp21_5,wfjsp21,978.0,0.0,,0.0166320166320166,-0.0060975609756097,600.016
TS_10000_10_5,wfjsp21_6,wfjsp21,1196.0,0.0,,0.0092827004219409,-0.0066445182724252,491.051
TS_10000_10_5,wfjsp21_7,wfjsp21,1022.0,0.0,,0.022,0.0068965517241379,600.016
TS_10000_10_5,wfjsp21_8,wfjsp21,1061.0,0.0,,0.0133715377268385,-0.0248161764705882,600.023
TS_10000_10_5,wfjsp21_9,wfjsp21,1143.0,0.0,,0.0187165775401069,0.012400354295837,600.026
TS_10000_10_5,wfjsp21_10,wfjsp21,1117.0,0.0,,0.016378525932666,-0.0026785714285714,600.018
TS_10000_10_5,wfjsp22_1,wfjsp22,882.0,0.0,,0.0173010380622837,-0.0232558139534883,418.828
TS_10000_10_5,wfjsp22_2,wfjsp22,954.0,0.0,,0.0148936170212765,-0.0031347962382445,474.782
TS_10000_10_5,wfjsp22_3,wfjsp22,1014.0,0.0,,0.0232088799192734,-0.009765625,600.019
TS_10000_10_5,wfjsp22_4,wfjsp22,975.0,0.0,,0.0124610591900311,-0.0141557128412537,600.019
TS_10000_10_5,wfjsp22_5,wfjsp22,857.0,0.0,,0.0190249702734839,-0.0194508009153318,535.462
TS_10000_10_5,wfjsp22_6,wfjsp22,1110.0,0.0,,0.0155535224153705,-0.0035906642728904,542.691
TS_10000_10_5,wfjsp22_7,wfjsp22,981.0,0.0,,0.0208116545265348,-0.0130784708249496,600.017
TS_10000_10_5,wfjsp22_8,wfjsp22,943.0,0.0,,0.0183585313174946,-0.0031712473572938,600.016
TS_10000_10_5,wfjsp22_9,wfjsp22,942.0,0.0,,0.0283842794759825,-0.0021186440677966,427.798
TS_10000_10_5,wfjsp22_10,wfjsp22,1067.0,0.0,,0.0230105465004793,-0.0156826568265682,531.216
TS_10000_10_5,wfjsp23_1,wfjsp23,1519.0,0.0,,0.041838134430727,0.0,600.049
TS_10000_10_5,wfjsp23_2,wfjsp23,1586.0,0.0,,0.0160153747597693,-0.0056426332288401,600.042
TS_10000_10_5,wfjsp23_3,wfjsp23,1640.0,0.0,,0.0269254852849092,-0.0102595051297525,600.041
TS_10000_10_5,wfjsp23_4,wfjsp23,1576.0,0.0,,0.0233766233766233,0.0025445292620865,600.045
TS_10000_10_5,wfjsp23_5,wfjsp23,1471.0,0.0,,0.0308339173090399,-0.0114247311827957,600.046
TS_10000_10_5,wfjsp23_6,wfjsp23,1847.0,0.0,,0.0159515951595159,-0.010182207931404,600.051
TS_10000_10_5,wfjsp23_7,wfjsp23,1596.0,0.0,,0.0363636363636363,-0.0031230480949406,600.04
TS_10000_10_5,wfjsp23_8,wfjsp23,1601.0,0.0,,0.0315721649484536,0.0025046963055729,600.05
TS_10000_10_5,wfjsp23_9,wfjsp23,1564.0,0.0,,0.02088772845953,-0.011378002528445,600.04
TS_10000_10_5,wfjsp23_10,wfjsp23,1721.0,0.0,,0.0201541197391819,-0.0034742327735958,600.046
TS_10000_10_5,wfjsp24_1,wfjsp24,1177.0,0.0,,0.0225890529973935,-0.0199833472106577,600.029
TS_10000_10_5,wfjsp24_2,wfjsp24,1221.0,0.0,,0.0269133725820016,0.0008196721311475,600.024
TS_10000_10_5,wfjsp24_3,wfjsp24,1303.0,0.0,,0.0365950676213206,-0.0203007518796992,600.032
TS_10000_10_5,wfjsp24_4,wfjsp24,1298.0,0.0,,0.0236593059936908,-0.0015384615384615,600.036
TS_10000_10_5,wfjsp24_5,wfjsp24,1103.0,0.0,,0.0222428174235403,-0.008984725965858,600.026
TS_10000_10_5,wfjsp24_6,wfjsp24,1481.0,0.0,,0.0185694635488308,-0.0040349697377269,600.03
TS_10000_10_5,wfjsp24_7,wfjsp24,1292.0,0.0,,0.027027027027027,-0.0152439024390243,600.039
TS_10000_10_5,wfjsp24_8,wfjsp24,1262.0,0.0,,0.0344262295081967,-0.0007917656373713,600.029
TS_10000_10_5,wfjsp24_9,wfjsp24,1238.0,0.0,,0.0197693574958813,-0.024428684003152,600.031
TS_10000_10_5,wfjsp24_10,wfjsp24,1376.0,0.0,,0.0238095238095238,-0.0220326936744847,600.029
TS_10000_10_5,MK1,MK,73.0,0.0,,0.0428571428571428,0.0428571428571428,16.7982
TS_10000_10_5,MK2,MK,69.0,0.0,,0.0298507462686567,0.0298507462686567,33.1658
TS_10000_10_5,MK3,MK,238.0,0.0,,0.0,0.0,104.337
TS_10000_10_5,MK4,MK,95.0,0.0,,0.0106382978723404,0.0,29.6892
TS_10000_10_5,MK5,MK,303.0,0.0,,0.0236486486486486,0.0133779264214046,87.2624
TS_10000_10_5,MK6,MK,108.0,0.0,,0.0093457943925233,-0.0091743119266055,81.9808
TS_10000_10_5,MK7,MK,228.0,0.0,,0.0410958904109589,0.027027027027027,109.084
TS_10000_10_5,MK8,MK,624.0,0.0,,0.0,0.0,80.9372
TS_10000_10_5,MK9,MK,476.0,0.0,,0.0214592274678111,-0.0062630480167014,167.464
TS_10000_10_5,MK10,MK,316.0,0.0,,0.0031746031746031,-0.0306748466257668,245.844
TS_10000_10_5,DP1,DP,2968.0,0.0,,0.0160903800068469,0.0160903800068469,71.6465
TS_10000_10_5,DP2,DP,2939.0,0.0,,0.0085792724776938,0.0085792724776938,119.741
TS_10000_10_5,DP3,DP,2931.0,0.0,,0.0072164948453608,0.0072164948453608,208.638
TS_10000_10_5,DP4,DP,2956.0,0.0,,0.0154586052902782,0.0154586052902782,80.9012
TS_10000_10_5,DP5,DP,2911.0,0.0,,0.0079639889196675,0.0079639889196675,142.592
TS_10000_10_5,DP6,DP,2887.0,0.0,,0.0034758428919012,0.0034758428919012,179.947
TS_10000_10_5,DP7,DP,2940.0,0.0,,0.0078848131642098,0.0078848131642098,168.257
TS_10000_10_5,DP8,DP,2892.0,0.0,,0.0031217481789802,0.0031217481789802,274.85
TS_10000_10_5,DP9,DP,2878.0,0.0,,0.0024381748519679,-0.0006944444444444,394.22
TS_10000_10_5,DP10,DP,2947.0,0.0,,0.0085557837097878,0.0085557837097878,183.024
TS_10000_10_5,DP11,DP,2879.0,0.0,,0.0031358885017421,0.0010431154381084,261.36
TS_10000_10_5,DP12,DP,2824.0,0.0,,0.0085714285714285,-0.0056338028169014,510.869
TS_25000_15_10,wfjsp1_1,wfjsp1,268.0,0.0,,0.0,0.0,9.40432
TS_25000_15_10,wfjsp1_2,wfjsp1,287.0,0.0,,0.0,0.0,7.05573
TS_25000_15_10,wfjsp1_3,wfjsp1,347.0,0.0,,0.0,0.0,8.04644
TS_25000_15_10,wfjsp1_4,wfjsp1,315.0,0.0,,0.0,0.0,6.768
TS_25000_15_10,wfjsp1_5,wfjsp1,265.0,0.0,,0.0,0.0,4.17935
TS_25000_15_10,wfjsp1_6,wfjsp1,291.0,0.0,,0.0,0.0,5.96132
TS_25000_15_10,wfjsp1_7,wfjsp1,265.0,0.0,,0.0,0.0,11.5583
TS_25000_15_10,wfjsp1_8,wfjsp1,328.0,0.0,,0.0,0.0,5.92104
TS_25000_15_10,wfjsp1_9,wfjsp1,252.0,0.0,,0.0,0.0,3.00844
TS_25000_15_10,wfjsp1_10,wfjsp1,316.0,0.0,,0.0,0.0,8.5885
TS_25000_15_10,wfjsp2_1,wfjsp2,336.0,0.0,,0.0,0.0,17.9148
TS_25000_15_10,wfjsp2_2,wfjsp2,368.0,0.0,,0.0,0.0,19.4915
TS_25000_15_10,wfjsp2_3,wfjsp2,421.0,0.0,,0.0,0.0,14.0853
TS_25000_15_10,wfjsp2_4,wfjsp2,379.0,0.0,,0.0026455026455026,0.0026455026455026,17.0181
TS_25000_15_10,wfjsp2_5,wfjsp2,270.0,0.0,,0.0,0.0,10.6132
TS_25000_15_10,wfjsp2_6,wfjsp2,422.0,0.0,,0.0144230769230769,0.0144230769230769,17.2409
TS_25000_15_10,wfjsp2_7,wfjsp2,395.0,0.0,,0.0,0.0,22.849
TS_25000_15_10,wfjsp2_8,wfjsp2,415.0,0.0,,0.002415458937198,0.002415458937198,14.1219
TS_25000_15_10,wfjsp2_9,wfjsp2,329.0,0.0,,0.0,0.0,11.652
TS_25000_15_10,wfjsp2_10,wfjsp2,489.0,0.0,,0.0,0.0,14.06
TS_25000_15_10,wfjsp3_1,wfjsp3,419.0,0.0,,0.0,0.0,21.4288
TS_25000_15_10,wfjsp3_2,wfjsp3,543.0,0.0,,0.0,0.0,29.0565
TS_25000_15_10,wfjsp3_3,wfjsp3,383.0,0.0,,0.0,0.0,7.89194
TS_25000_15_10,wfjsp3_4,wfjsp3,444.0,0.0,,0.0022573363431151,0.0022573363431151,24.6808
TS_25000_15_10,wfjsp3_5,wfjsp3,284.0,0.0,,0.0,0.0,14.5939
TS_25000_15_10,wfjsp3_6,wfjsp3,529.0,0.0,,0.0,0.0,26.5639
TS_25000_15_10,wfjsp3_7,wfjsp3,342.0,0.0,,0.0,0.0,20.4068
TS_25000_15_10,wfjsp3_8,wfjsp3,492.0,0.0,,0.0,0.0,25.9611
TS_25000_15_10,wfjsp3_9,wfjsp3,534.0,0.0,,0.0,0.0,18.8041
TS_25000_15_10,wfjsp3_10,wfjsp3,455.0,0.0,,0.0,0.0,17.8768
TS_25000_15_10,wfjsp4_1,wfjsp4,282.0,0.0,,0.0180505415162454,0.0180505415162454,46.6428
TS_25000_15_10,wfjsp4_2,wfjsp4,351.0,0.0,,0.0086206896551724,0.0028571428571428,61.0057
TS_25000_15_10,wfjsp4_3,wfjsp4,362.0,0.0,,0.0055555555555555,0.0055555555555555,53.772
TS_25000_15_10,wfjsp4_4,wfjsp4,323.0,0.0,,0.009375,0.009375,44.3334
TS_25000_15_10,wfjsp4_5,wfjsp4,290.0,0.0,,0.0,0.0,18.1064
TS_25000_15_10,wfjsp4_6,wfjsp4,361.0,0.0,,0.0169014084507042,0.0169014084507042,45.084
TS_25000_15_10,wfjsp4_7,wfjsp4,291.0,0.0,,0.0104166666666666,0.0104166666666666,29.0836
TS_25000_15_10,wfjsp4_8,wfjsp4,317.0,0.0,,0.0031645569620253,0.0031645569620253,41.3483
TS_25000_15_10,wfjsp4_9,wfjsp4,288.0,0.0,,0.0,0.0,21.9731
TS_25000_15_10,wfjsp4_10,wfjsp4,293.0,0.0,,0.0,0.0,28.7777
TS_25000_15_10,wfjsp5_1,wfjsp5,611.0,0.0,,0.0049342105263157,0.0049342105263157,153.011
TS_25000_15_10,wfjsp5_2,wfjsp5,652.0,0.0,,0.0219435736677116,0.0219435736677116,163.703
TS_25000_15_10,wfjsp5_3,wfjsp5,630.0,0.0,,0.0063897763578274,0.0063897763578274,122.279
TS_25000_15_10,wfjsp5_4,wfjsp5,736.0,0.0,,0.0193905817174515,0.0193905817174515,155.639
TS_25000_15_10,wfjsp5_5,wfjsp5,721.0,0.0,,0.0013888888888888,-0.0109739368998628,223.898
TS_25000_15_10,wfjsp5_6,wfjsp5,744.0,0.0,,0.0163934426229508,0.0163934426229508,137.157
TS_25000_15_10,wfjsp5_7,wfjsp5,765.0,0.0,,0.0145888594164456,0.0145888594164456,156.735
TS_25000_15_10,wfjsp5_8,wfjsp5,686.0,0.0,,0.0043923865300146,0.0043923865300146,150.686
TS_25000_15_10,wfjsp5_9,wfjsp5,591.0,0.0,,0.0154639175257731,0.0154639175257731,93.5155
TS_25000_15_10,wfjsp5_10,wfjsp5,643.0,0.0,,0.0255183413078149,0.0255183413078149,92.5574
TS_25000_15_10,wfjsp6_1,wfjsp6,685.0,0.0,,0.0058737151248164,0.0043988269794721,176.866
TS_25000_15_10,wfjsp6_2,wfjsp6,786.0,0.0,,0.0076923076923076,0.0076923076923076,274.242
TS_25000_15_10,wfjsp6_3,wfjsp6,742.0,0.0,,0.0095238095238095,0.0095238095238095,160.307
TS_25000_15_10,wfjsp6_4,wfjsp6,814.0,0.0,,0.0136986301369863,0.0136986301369863,248.371
TS_25000_15_10,wfjsp6_5,wfjsp6,850.0,0.0,,0.0071090047393364,0.0071090047393364,234.821
TS_25000_15_10,wfjsp6_6,wfjsp6,802.0,0.0,,0.0050125313283208,0.0050125313283208,207.028
TS_25000_15_10,wfjsp6_7,wfjsp6,840.0,0.0,,0.0047846889952153,-0.0175438596491228,232.658
TS_25000_15_10,wfjsp6_8,wfjsp6,772.0,0.0,,0.0171277997364953,0.0171277997364953,223.511
TS_25000_15_10,wfjsp6_9,wfjsp6,688.0,0.0,,0.0029154518950437,0.0029154518950437,146.246
TS_25000_15_10,wfjsp6_10,wfjsp6,707.0,0.0,,0.0114449213161659,0.0114449213161659,169.309
TS_25000_15_10,wfjsp7_1,wfjsp7,826.0,0.0,,0.0134969325153374,0.0134969325153374,316.035
TS_25000_15_10,wfjsp7_2,wfjsp7,1040.0,0.0,,0.0067763794772507,0.001926782273603,309.054
TS_25000_15_10,wfjsp7_3,wfjsp7,1135.0,0.0,,0.0044247787610619,0.0017652250661959,491.717
TS_25000_15_10,wfjsp7_4,wfjsp7,944.0,0.0,,0.0010604453870625,0.0,325.819
TS_25000_15_10,wfjsp7_5,wfjsp7,810.0,0.0,,0.0087173100871731,0.0087173100871731,253.754
TS_25000_15_10,wfjsp7_6,wfjsp7,1025.0,0.0,,0.0148514851485148,0.0148514851485148,411.085
TS_25000_15_10,wfjsp7_7,wfjsp7,946.0,0.0,,0.0182992465016146,0.0182992465016146,381.387
TS_25000_15_10,wfjsp7_8,wfjsp7,901.0,0.0,,0.0215419501133786,0.0215419501133786,372.059
TS_25000_15_10,wfjsp7_9,wfjsp7,841.0,0.0,,-0.0059101654846335,-0.0129107981220657,296.787
TS_25000_15_10,wfjsp7_10,wfjsp7,922.0,0.0,,0.0143014301430143,0.0143014301430143,395.32
TS_25000_15_10,wfjsp8_1,wfjsp8,1052.0,0.0,,0.0263414634146341,0.0263414634146341,476.773
TS_25000_15_10,wfjsp8_2,wfjsp8,1269.0,0.0,,0.014388489208633,0.014388489208633,728.129
TS_25000_15_10,wfjsp8_3,wfjsp8,1381.0,0.0,,0.0124633431085043,0.0124633431085043,639.049
TS_25000_15_10,wfjsp8_4,wfjsp8,1218.0,0.0,,0.0057803468208092,0.0057803468208092,628.69
TS_25000_15_10,wfjsp8_5,wfjsp8,1055.0,0.0,,0.0047619047619047,0.0047619047619047,469.615
TS_25000_15_10,wfjsp8_6,wfjsp8,1281.0,0.0,,0.011049723756906,0.011049723756906,608.324
TS_25000_15_10,wfjsp8_7,wfjsp8,1183.0,0.0,,0.0215889464594127,0.0215889464594127,654.326
TS_25000_15_10,wfjsp8_8,wfjsp8,1179.0,0.0,,0.0181347150259067,0.0181347150259067,542.016
TS_25000_15_10,wfjsp8_9,wfjsp8,1045.0,0.0,,0.0009578544061302,0.0009578544061302,565.45
TS_25000_15_10,wfjsp8_10,wfjsp8,1213.0,0.0,,0.0159128978224455,0.0159128978224455,517.881
TS_25000_15_10,wfjsp9_1,wfjsp9,1324.0,0.0,,0.0083777608530083,0.0076103500761035,843.156
TS_25000_15_10,wfjsp9_2,wfjsp9,1410.0,0.0,,0.0071428571428571,0.0042735042735042,654.699
TS_25000_15_10,wfjsp9_3,wfjsp9,1512.0,0.0,,0.0195549561699258,0.0195549561699258,842.747
TS_25000_15_10,wfjsp9_4,wfjsp9,1370.0,0.0,,0.0095799557848194,0.0095799557848194,711.878
TS_25000_15_10,wfjsp9_5,wfjsp9,1269.0,0.0,,0.0176423416198877,0.0176423416198877,654.867
TS_25000_15_10,wfjsp9_6,wfjsp9,1400.0,0.0,,0.012292118582791,0.012292118582791,634.76
TS_25000_15_10,wfjsp9_7,wfjsp9,1320.0,0.0,,0.0015174506828528,0.0015174506828528,740.66
TS_25000_15_10,wfjsp9_8,wfjsp9,1402.0,0.0,,0.0115440115440115,0.0115440115440115,689.622
TS_25000_15_10,wfjsp9_9,wfjsp9,1297.0,0.0,,0.0038699690402476,0.0023183925811437,558.775
TS_25000_15_10,wfjsp9_10,wfjsp9,1434.0,0.0,,0.0141442715700141,0.0141442715700141,740.08
TS_25000_15_10,wfjsp10_1,wfjsp10,772.0,0.0,,-0.0025839793281653,-0.0115236875800256,565.964
TS_25000_15_10,wfjsp10_2,wfjsp10,855.0,0.0,,0.0227272727272727,0.0227272727272727,613.669
TS_25000_15_10,wfjsp10_3,wfjsp10,921.0,0.0,,-0.0021668472372697,-0.0021668472372697,715.067
TS_25000_15_10,wfjsp10_4,wfjsp10,870.0,0.0,,0.0,-0.0034364261168384,678.398
TS_25000_15_10,wfjsp10_5,wfjsp10,734.0,0.0,,0.0068587105624142,0.0013642564802182,554.713
TS_25000_15_10,wfjsp10_6,wfjsp10,906.0,0.0,,0.0111607142857142,0.0111607142857142,511.016
TS_25000_15_10,wfjsp10_7,wfjsp10,835.0,0.0,,0.0195360195360195,0.0195360195360195,800.242
TS_25000_15_10,wfjsp10_8,wfjsp10,832.0,0.0,,0.0097087378640776,0.0097087378640776,578.588
TS_25000_15_10,wfjsp10_9,wfjsp10,811.0,0.0,,0.0099626400996264,0.0099626400996264,582.852
TS_25000_15_10,wfjsp10_10,wfjsp10,863.0,0.0,,0.0046565774155995,0.0046565774155995,588.536
TS_25000_15_10,wfjsp11_1,wfjsp11,980.0,0.0,,0.0113519091847265,0.0113519091847265,780.456
TS_25000_15_10,wfjsp11_2,wfjsp11,1195.0,0.0,,0.0092905405405405,0.0092905405405405,900.01
TS_25000_15_10,wfjsp11_3,wfjsp11,1173.0,0.0,,0.02088772845953,0.02088772845953,900.009
TS_25000_15_10,wfjsp11_4,wfjsp11,1153.0,0.0,,0.0158590308370044,0.0158590308370044,900.011
TS_25000_15_10,wfjsp11_5,wfjsp11,1204.0,0.0,,0.0203389830508474,0.0203389830508474,900.015
TS_25000_15_10,wfjsp11_6,wfjsp11,967.0,0.0,,0.032017075773746,0.032017075773746,664.483
TS_25000_15_10,wfjsp11_7,wfjsp11,1016.0,0.0,,0.0079365079365079,0.0009852216748768,900.01
TS_25000_15_10,wfjsp11_8,wfjsp11,1045.0,0.0,,0.0125968992248062,0.0125968992248062,900.009
TS_25000_15_10,wfjsp11_9,wfjsp11,1148.0,0.0,,0.0105633802816901,0.0105633802816901,900.012
TS_25000_15_10,wfjsp11_10,wfjsp11,1121.0,0.0,,0.0274977085242896,0.0274977085242896,900.008
TS_25000_15_10,wfjsp12_1,wfjsp12,916.0,0.0,,0.0223214285714285,0.0223214285714285,900.01
TS_25000_15_10,wfjsp12_2,wfjsp12,1020.0,0.0,,0.0230692076228686,0.0230692076228686,900.012
TS_25000_15_10,wfjsp12_3,wfjsp12,1097.0,0.0,,0.0110599078341013,-0.0054397098821396,900.013
TS_25000_15_10,wfjsp12_4,wfjsp12,1045.0,0.0,,0.0195121951219512,0.0175267770204479,900.014
TS_25000_15_10,wfjsp12_5,wfjsp12,875.0,0.0,,0.0069044879171461,0.0069044879171461,900.012
TS_25000_15_10,wfjsp12_6,wfjsp12,1153.0,0.0,,0.0167548500881834,0.0167548500881834,900.012
TS_25000_15_10,wfjsp12_7,wfjsp12,1009.0,0.0,,0.0130522088353413,-0.0088408644400785,900.014
TS_25000_15_10,wfjsp12_8,wfjsp12,990.0,0.0,,0.0122699386503067,0.010204081632653,900.01
TS_25000_15_10,wfjsp12_9,wfjsp12,996.0,0.0,,0.0163265306122449,0.0010050251256281,900.011
TS_25000_15_10,wfjsp12_10,wfjsp12,1119.0,0.0,,0.0181983621474067,0.0181983621474067,900.014
TS_25000_15_10,wfjsp13_1,wfjsp13,874.0,0.0,,0.0092378752886836,0.0092378752886836,900.018
TS_25000_15_10,wfjsp13_2,wfjsp13,979.0,0.0,,0.0176715176715176,0.0176715176715176,900.021
TS_25000_15_10,wfjsp13_3,wfjsp13,884.0,0.0,,0.0137614678899082,0.001132502831257,900.017
TS_25000_15_10,wfjsp13_4,wfjsp13,912.0,0.0,,0.0044052863436123,0.0044052863436123,900.021
TS_25000_15_10,wfjsp13_5,wfjsp13,822.0,0.0,,0.0160692212608158,0.0160692212608158,900.028
TS_25000_15_10,wfjsp13_6,wfjsp13,1021.0,0.0,,0.0334008097165991,0.0334008097165991,900.024
TS_25000_15_10,wfjsp13_7,wfjsp13,858.0,0.0,,-0.0023255813953488,-0.0194285714285714,900.021
TS_25000_15_10,wfjsp13_8,wfjsp13,905.0,0.0,,0.0111731843575419,0.0066740823136818,900.019
TS_25000_15_10,wfjsp13_9,wfjsp13,970.0,0.0,,0.0093652445369406,0.0031023784901758,900.019
TS_25000_15_10,wfjsp13_10,wfjsp13,947.0,0.0,,0.0338427947598253,0.0338427947598253,900.019
TS_25000_15_10,wfjsp14_1,wfjsp14,750.0,0.0,,0.0107816711590296,0.0067114093959731,900.013
TS_25000_15_10,wfjsp14_2,wfjsp14,799.0,0.0,,0.0075662042875157,0.0075662042875157,900.017
TS_25000_15_10,wfjsp14_3,wfjsp14,845.0,0.0,,0.0168471720818291,-0.0035377358490566,900.016
TS_25000_15_10,wfjsp14_4,wfjsp14,821.0,0.0,,0.0186104218362282,0.0186104218362282,900.018
TS_25000_15_10,wfjsp14_5,wfjsp14,720.0,0.0,,0.0112359550561797,0.0069930069930069,900.015
TS_25000_15_10,wfjsp14_6,wfjsp14,933.0,0.0,,0.0219058050383351,0.0219058050383351,900.022
TS_25000_15_10,wfjsp14_7,wfjsp14,821.0,0.0,,0.0048959608323133,-0.0060532687651331,900.019
TS_25000_15_10,wfjsp14_8,wfjsp14,794.0,0.0,,0.0153452685421994,0.0153452685421994,900.016
TS_25000_15_10,wfjsp14_9,wfjsp14,786.0,0.0,,0.0102827763496143,-0.008827238335435,900.018
TS_25000_15_10,wfjsp14_10,wfjsp14,896.0,0.0,,0.020501138952164,0.020501138952164,900.02
TS_25000_15_10,wfjsp15_1,wfjsp15,1276.0,0.0,,0.0151153540175019,0.0135027799841143,900.04
TS_25000_15_10,wfjsp15_2,wfjsp15,1335.0,0.0,,0.0159817351598173,0.0159817351598173,900.04
TS_25000_15_10,wfjsp15_3,wfjsp15,1386.0,0.0,,0.0266666666666666,0.0072674418604651,900.041
TS_25000_15_10,wfjsp15_4,wfjsp15,1313.0,0.0,,0.0038226299694189,0.0038226299694189,900.049
TS_25000_15_10,wfjsp15_5,wfjsp15,1235.0,0.0,,0.0308848080133555,0.0308848080133555,900.034
TS_25000_15_10,wfjsp15_6,wfjsp15,1551.0,0.0,,0.0271523178807947,0.0271523178807947,900.055
TS_25000_15_10,wfjsp15_7,wfjsp15,1340.0,0.0,,0.0205635948210205,0.0090361445783132,900.047
TS_25000_15_10,wfjsp15_8,wfjsp15,1345.0,0.0,,0.0251524390243902,0.0135644310474755,900.053
TS_25000_15_10,wfjsp15_9,wfjsp15,1323.0,0.0,,0.0184757505773672,-0.0037650602409638,900.044
TS_25000_15_10,wfjsp15_10,wfjsp15,1452.0,0.0,,0.0261484098939929,0.0261484098939929,900.049
TS_25000_15_10,wfjsp16_1,wfjsp16,994.0,0.0,,0.016359918200409,-0.0010050251256281,900.028
TS_25000_15_10,wfjsp16_2,wfjsp16,1024.0,0.0,,0.0128585558852621,0.0128585558852621,900.034
TS_25000_15_10,wfjsp16_3,wfjsp16,1085.0,0.0,,0.024551463644948,-0.0109389243391066,900.029
TS_25000_15_10,wfjsp16_4,wfjsp16,1092.0,0.0,,0.0253521126760563,0.0167597765363128,900.037
TS_25000_15_10,wfjsp16_5,wfjsp16,916.0,0.0,,0.0132743362831858,0.0132743362831858,900.026
TS_25000_15_10,wfjsp16_6,wfjsp16,1243.0,0.0,,0.0171849427168576,0.0171849427168576,900.032
TS_25000_15_10,wfjsp16_7,wfjsp16,1084.0,0.0,,0.0207156308851224,-0.0091407678244972,900.03
TS_25000_15_10,wfjsp16_8,wfjsp16,1045.0,0.0,,0.0145631067961165,-0.0038131553860819,900.029
TS_25000_15_10,wfjsp16_9,wfjsp16,1048.0,0.0,,0.0234375,-0.0066350710900473,900.031
TS_25000_15_10,wfjsp16_10,wfjsp16,1159.0,0.0,,0.0122270742358078,0.0122270742358078,900.028
TS_25000_15_10,wfjsp17_1,wfjsp17,1603.0,0.0,,0.0308681672025723,0.0113564668769716,680.255
TS_25000_15_10,wfjsp17_2,wfjsp17,1733.0,0.0,,0.017615971814445,0.0011554015020219,794.392
TS_25000_15_10,wfjsp17_3,wfjsp17,1846.0,0.0,,0.0154015401540154,0.0054466230936819,809.93
TS_25000_15_10,wfjsp17_4,wfjsp17,1678.0,0.0,,0.0250458155161881,0.0047904191616766,900.007
TS_25000_15_10,wfjsp17_5,wfjsp17,1553.0,0.0,,0.0104098893949251,-0.0032092426187419,624.149
TS_25000_15_10,wfjsp17_6,wfjsp17,1714.0,0.0,,0.0058685446009389,0.0035128805620608,727.852
TS_25000_15_10,wfjsp17_7,wfjsp17,1607.0,0.0,,0.0321130378933847,0.0056320400500625,900.006
TS_25000_15_10,wfjsp17_8,wfjsp17,1723.0,0.0,,0.0292712066905615,0.0034944670937682,900.006
TS_25000_15_10,wfjsp17_9,wfjsp17,1600.0,0.0,,0.0262989095574085,0.0043942247332077,753.663
TS_25000_15_10,wfjsp17_10,wfjsp17,1761.0,0.0,,0.0155709342560553,0.0062857142857142,854.824
TS_25000_15_10,wfjsp18_1,wfjsp18,939.0,0.0,,0.0107642626480086,0.0107642626480086,788.313
TS_25000_15_10,wfjsp18_2,wfjsp18,1023.0,0.0,,0.0128712871287128,0.0128712871287128,858.337
TS_25000_15_10,wfjsp18_3,wfjsp18,1111.0,0.0,,0.0072529465095194,-0.0080357142857142,638.97
TS_25000_15_10,wfjsp18_4,wfjsp18,1049.0,0.0,,0.0115718418514946,0.0115718418514946,900.007
TS_25000_15_10,wfjsp18_5,wfjsp18,868.0,0.0,,0.0163934426229508,0.0163934426229508,636.993
TS_25000_15_10,wfjsp18_6,wfjsp18,1090.0,0.0,,0.0073937153419593,0.0055350553505535,773.897
TS_25000_15_10,wfjsp18_7,wfjsp18,1005.0,0.0,,0.0019940179461615,0.0019940179461615,900.007
TS_25000_15_10,wfjsp18_8,wfjsp18,998.0,0.0,,0.0091001011122345,0.008080808080808,667.506
TS_25000_15_10,wfjsp18_9,wfjsp18,948.0,0.0,,0.0042372881355932,0.0042372881355932,577.635
TS_25000_15_10,wfjsp18_10,wfjsp18,1028.0,0.0,,0.0088321884200196,0.0088321884200196,616.275
TS_25000_15_10,wfjsp19_1,wfjsp19,1188.0,0.0,,0.0084889643463497,-0.0066889632107023,900.009
TS_25000_15_10,wfjsp19_2,wfjsp19,1460.0,0.0,,0.0055096418732782,-0.0074779061862678,900.016
TS_25000_15_10,wfjsp19_3,wfjsp19,1405.0,0.0,,0.0086145010768126,-0.0007112375533428,900.014
TS_25000_15_10,wfjsp19_4,wfjsp19,1389.0,0.0,,0.008714596949891,-0.0064377682403433,900.015
TS_25000_15_10,wfjsp19_5,wfjsp19,1433.0,0.0,,0.0027991602519244,-0.0076177285318559,900.014
TS_25000_15_10,wfjsp19_6,wfjsp19,1160.0,0.0,,0.0025929127052722,0.001727115716753,900.008
TS_25000_15_10,wfjsp19_7,wfjsp19,1227.0,0.0,,0.017412935323383,-0.0072815533980582,900.01
TS_25000_15_10,wfjsp19_8,wfjsp19,1249.0,0.0,,0.0048270313757039,-0.0008,900.01
TS_25000_15_10,wfjsp19_9,wfjsp19,1375.0,0.0,,0.0140117994100294,-0.0093659942363112,900.011
TS_25000_15_10,wfjsp19_10,wfjsp19,1352.0,0.0,,0.0112191473448017,0.000740192450037,900.01
TS_25000_15_10,wfjsp20_1,wfjsp20,1090.0,0.0,,0.0205992509363295,-0.0135746606334841,900.012
TS_25000_15_10,wfjsp20_2,wfjsp20,1227.0,0.0,,0.0165700082850041,0.0049140049140049,900.016
TS_25000_15_10,wfjsp20_3,wfjsp20,1314.0,0.0,,0.0162412993039443,-0.0105421686746987,900.015
TS_25000_15_10,wfjsp20_4,wfjsp20,1250.0,0.0,,0.0088781275221953,-0.0071485305798252,900.013
TS_25000_15_10,wfjsp20_5,wfjsp20,1061.0,0.0,,0.01434034416826,0.0028355387523629,900.009
TS_25000_15_10,wfjsp20_6,wfjsp20,1391.0,0.0,,0.0145878920495988,0.0072411296162201,900.015
TS_25000_15_10,wfjsp20_7,wfjsp20,1221.0,0.0,,0.0251889168765743,-0.0024509803921568,900.014
TS_25000_15_10,wfjsp20_8,wfjsp20,1188.0,0.0,,0.0250215703192407,0.0042265426880811,900.012
TS_25000_15_10,wfjsp20_9,wfjsp20,1192.0,0.0,,0.0188034188034188,-0.0066666666666666,900.014
TS_25000_15_10,wfjsp20_10,wfjsp20,1357.0,0.0,,0.0187687687687687,-0.0036710719530102,900.013
TS_25000_15_10,wfjsp21_1,wfjsp21,1023.0,0.0,,0.0078817733990147,-0.0247855100095328,900.022
TS_25000_15_10,wfjsp21_2,wfjsp21,1159.0,0.0,,0.0087032201914708,-0.0102476515798462,900.021
TS_25000_15_10,wfjsp21_3,wfjsp21,1051.0,0.0,,0.0203883495145631,0.0047801147227533,900.019
TS_25000_15_10,wfjsp21_4,wfjsp21,1083.0,0.0,,0.019774011299435,-0.010958904109589,900.018
TS_25000_15_10,wfjsp21_5,wfjsp21,975.0,0.0,,0.0135135135135135,-0.0091463414634146,900.018
TS_25000_15_10,wfjsp21_6,wfjsp21,1198.0,0.0,,0.010970464135021,-0.0049833887043189,900.025
TS_25000_15_10,wfjsp21_7,wfjsp21,1016.0,0.0,,0.016,0.0009852216748768,900.021
TS_25000_15_10,wfjsp21_8,wfjsp21,1067.0,0.0,,0.0191021967526265,-0.0193014705882352,900.02
TS_25000_15_10,wfjsp21_9,wfjsp21,1141.0,0.0,,0.016934046345811,0.0106288751107174,900.021
TS_25000_15_10,wfjsp21_10,wfjsp21,1116.0,0.0,,0.0154686078252957,-0.0035714285714285,900.02
TS_25000_15_10,wfjsp22_1,wfjsp22,888.0,0.0,,0.0242214532871972,-0.0166112956810631,900.018
TS_25000_15_10,wfjsp22_2,wfjsp22,953.0,0.0,,0.0138297872340425,-0.0041797283176593,900.014
TS_25000_15_10,wfjsp22_3,wfjsp22,1006.0,0.0,,0.0151362260343087,-0.017578125,900.021
TS_25000_15_10,wfjsp22_4,wfjsp22,974.0,0.0,,0.0114226375908618,-0.0151668351870576,900.023
TS_25000_15_10,wfjsp22_5,wfjsp22,858.0,0.0,,0.0202140309155766,-0.0183066361556064,900.019
TS_25000_15_10,wfjsp22_6,wfjsp22,1111.0,0.0,,0.0164684354986276,-0.0026929982046678,900.023
TS_25000_15_10,wfjsp22_7,wfjsp22,982.0,0.0,,0.0218522372528616,-0.0120724346076458,900.018
TS_25000_15_10,wfjsp22_8,wfjsp22,943.0,0.0,,0.0183585313174946,-0.0031712473572938,900.018
TS_25000_15_10,wfjsp22_9,wfjsp22,939.0,0.0,,0.0251091703056768,-0.0052966101694915,900.014
TS_25000_15_10,wfjsp22_10,wfjsp22,1067.0,0.0,,0.0230105465004793,-0.0156826568265682,900.018
TS_25000_15_10,wfjsp23_1,wfjsp23,1509.0,0.0,,0.0349794238683127,-0.0065832784726793,900.038
TS_25000_15_10,wfjsp23_2,wfjsp23,1585.0,0.0,,0.0153747597693786,-0.006269592476489,900.05
TS_25000_15_10,wfjsp23_3,wfjsp23,1640.0,0.0,,0.0269254852849092,-0.0102595051297525,900.049
TS_25000_15_10,wfjsp23_4,wfjsp23,1578.0,0.0,,0.0246753246753246,0.0038167938931297,900.044
TS_25000_15_10,wfjsp23_5,wfjsp23,1467.0,0.0,,0.028030833917309,-0.0141129032258064,900.045
TS_25000_15_10,wfjsp23_6,wfjsp23,1839.0,0.0,,0.0115511551155115,-0.0144694533762057,900.048
TS_25000_15_10,wfjsp23_7,wfjsp23,1592.0,0.0,,0.0337662337662337,-0.0056214865708931,900.049
TS_25000_15_10,wfjsp23_8,wfjsp23,1598.0,0.0,,0.0296391752577319,0.0006261740763932,900.051
TS_25000_15_10,wfjsp23_9,wfjsp23,1563.0,0.0,,0.0202349869451697,-0.0120101137800252,900.044
TS_25000_15_10,wfjsp23_10,wfjsp23,1715.0,0.0,,0.0165975103734439,-0.0069484655471916,900.056
TS_25000_15_10,wfjsp24_1,wfjsp24,1184.0,0.0,,0.0286707211120764,-0.0141548709408825,900.035
TS_25000_15_10,wfjsp24_2,wfjsp24,1225.0,0.0,,0.0302775441547518,0.0040983606557377,900.03
TS_25000_15_10,wfjsp24_3,wfjsp24,1298.0,0.0,,0.0326173428798727,-0.0240601503759398,900.031
TS_25000_15_10,wfjsp24_4,wfjsp24,1299.0,0.0,,0.0244479495268138,-0.0007692307692307,900.032
TS_25000_15_10,wfjsp24_5,wfjsp24,1109.0,0.0,,0.0278035217794253,-0.0035938903863432,900.034
TS_25000_15_10,wfjsp24_6,wfjsp24,1481.0,0.0,,0.0185694635488308,-0.0040349697377269,900.04
TS_25000_15_10,wfjsp24_7,wfjsp24,1292.0,0.0,,0.027027027027027,-0.0152439024390243,900.039
TS_25000_15_10,wfjsp24_8,wfjsp24,1257.0,0.0,,0.030327868852459,-0.004750593824228,900.028
TS_25000_15_10,wfjsp24_9,wfjsp24,1238.0,0.0,,0.0197693574958813,-0.024428684003152,900.031
TS_25000_15_10,wfjsp24_10,wfjsp24,1376.0,0.0,,0.0238095238095238,-0.0220326936744847,900.031
TS_25000_15_10,MK1,MK,73.0,0.0,,0.0428571428571428,0.0428571428571428,75.6513
TS_25000_15_10,MK2,MK,69.0,0.0,,0.0298507462686567,0.0298507462686567,146.159
TS_25000_15_10,MK3,MK,238.0,0.0,,0.0,0.0,361.981
TS_25000_15_10,MK4,MK,95.0,0.0,,0.0106382978723404,0.0,157.444
TS_25000_15_10,MK5,MK,302.0,0.0,,0.0202702702702702,0.0100334448160535,385.823
TS_25000_15_10,MK6,MK,107.0,0.0,,0.0,-0.018348623853211,425.707
TS_25000_15_10,MK7,MK,226.0,0.0,,0.0319634703196347,0.018018018018018,407.139
TS_25000_15_10,MK8,MK,624.0,0.0,,0.0,0.0,369.258
TS_25000_15_10,MK9,MK,476.0,0.0,,0.0214592274678111,-0.0062630480167014,900.012
TS_25000_15_10,MK10,MK,314.0,0.0,,-0.0031746031746031,-0.0368098159509202,900.011
TS_25000_15_10,DP1,DP,2967.0,0.0,,0.0157480314960629,0.0157480314960629,426.971
TS_25000_15_10,DP2,DP,2931.0,0.0,,0.0058339052848318,0.0058339052848318,772.654
TS_25000_15_10,DP3,DP,2920.0,0.0,,0.0034364261168384,0.0034364261168384,900.01
TS_25000_15_10,DP4,DP,2954.0,0.0,,0.0147715561662658,0.0147715561662658,397.47
TS_25000_15_10,DP5,DP,2909.0,0.0,,0.0072714681440443,0.0072714681440443,618.775
TS_25000_15_10,DP6,DP,2882.0,0.0,,0.0017379214459506,0.0017379214459506,900.009
TS_25000_15_10,DP7,DP,2928.0,0.0,,0.0037709976002742,0.0037709976002742,572.161
TS_25000_15_10,DP8,DP,2888.0,0.0,,0.0017343045438779,0.0017343045438779,900.018
TS_25000_15_10,DP9,DP,2877.0,0.0,,0.0020898641588296,-0.0010416666666666,900.02
TS_25000_15_10,DP10,DP,2930.0,0.0,,0.0027378507871321,0.0027378507871321,900.014
TS_25000_15_10,DP11,DP,2871.0,0.0,,0.0003484320557491,-0.0017385257301808,900.019
TS_25000_15_10,DP12,DP,2820.0,0.0,,0.0071428571428571,-0.0070422535211267,900.018
TS_50000_30_20,wfjsp1_1,wfjsp1,268.0,0.0,,0.0,0.0,17.7753
TS_50000_30_20,wfjsp1_2,wfjsp1,287.0,0.0,,0.0,0.0,13.915
TS_50000_30_20,wfjsp1_3,wfjsp1,347.0,0.0,,0.0,0.0,15.2036
TS_50000_30_20,wfjsp1_4,wfjsp1,315.0,0.0,,0.0,0.0,13.0392
TS_50000_30_20,wfjsp1_5,wfjsp1,265.0,0.0,,0.0,0.0,8.20419
TS_50000_30_20,wfjsp1_6,wfjsp1,291.0,0.0,,0.0,0.0,9.84468
TS_50000_30_20,wfjsp1_7,wfjsp1,265.0,0.0,,0.0,0.0,38.6083
TS_50000_30_20,wfjsp1_8,wfjsp1,328.0,0.0,,0.0,0.0,11.1766
TS_50000_30_20,wfjsp1_9,wfjsp1,252.0,0.0,,0.0,0.0,5.34946
TS_50000_30_20,wfjsp1_10,wfjsp1,316.0,0.0,,0.0,0.0,16.3232
TS_50000_30_20,wfjsp2_1,wfjsp2,336.0,0.0,,0.0,0.0,48.7836
TS_50000_30_20,wfjsp2_2,wfjsp2,368.0,0.0,,0.0,0.0,43.4003
TS_50000_30_20,wfjsp2_3,wfjsp2,421.0,0.0,,0.0,0.0,55.0116
TS_50000_30_20,wfjsp2_4,wfjsp2,378.0,0.0,,0.0,0.0,55.6211
TS_50000_30_20,wfjsp2_5,wfjsp2,270.0,0.0,,0.0,0.0,24.0683
TS_50000_30_20,wfjsp2_6,wfjsp2,416.0,0.0,,0.0,0.0,50.4248
TS_50000_30_20,wfjsp2_7,wfjsp2,395.0,0.0,,0.0,0.0,74.9631
TS_50000_30_20,wfjsp2_8,wfjsp2,414.0,0.0,,0.0,0.0,31.4571
TS_50000_30_20,wfjsp2_9,wfjsp2,329.0,0.0,,0.0,0.0,23.2585
TS_50000_30_20,wfjsp2_10,wfjsp2,489.0,0.0,,0.0,0.0,32.8834
TS_50000_30_20,wfjsp3_1,wfjsp3,419.0,0.0,,0.0,0.0,41.4854
TS_50000_30_20,wfjsp3_2,wfjsp3,543.0,0.0,,0.0,0.0,106.782
TS_50000_30_20,wfjsp3_3,wfjsp3,383.0,0.0,,0.0,0.0,15.7243
TS_50000_30_20,wfjsp3_4,wfjsp3,443.0,0.0,,0.0,0.0,116.283
TS_50000_30_20,wfjsp3_5,wfjsp3,284.0,0.0,,0.0,0.0,39.4848
TS_50000_30_20,wfjsp3_6,wfjsp3,529.0,0.0,,0.0,0.0,107.674
TS_50000_30_20,wfjsp3_7,wfjsp3,342.0,0.0,,0.0,0.0,62.514
TS_50000_30_20,wfjsp3_8,wfjsp3,492.0,0.0,,0.0,0.0,66.1402
TS_50000_30_20,wfjsp3_9,wfjsp3,534.0,0.0,,0.0,0.0,49.5075
TS_50000_30_20,wfjsp3_10,wfjsp3,455.0,0.0,,0.0,0.0,83.1109
TS_50000_30_20,wfjsp4_1,wfjsp4,281.0,0.0,,0.0144404332129963,0.0144404332129963,184.636
TS_50000_30_20,wfjsp4_2,wfjsp4,351.0,0.0,,0.0086206896551724,0.0028571428571428,214.557
TS_50000_30_20,wfjsp4_3,wfjsp4,360.0,0.0,,0.0,0.0,180.867
TS_50000_30_20,wfjsp4_4,wfjsp4,323.0,0.0,,0.009375,0.009375,156.38
TS_50000_30_20,wfjsp4_5,wfjsp4,290.0,0.0,,0.0,0.0,45.2051
TS_50000_30_20,wfjsp4_6,wfjsp4,355.0,0.0,,0.0,0.0,183.434
TS_50000_30_20,wfjsp4_7,wfjsp4,290.0,0.0,,0.0069444444444444,0.0069444444444444,129.072
TS_50000_30_20,wfjsp4_8,wfjsp4,317.0,0.0,,0.0031645569620253,0.0031645569620253,146.276
TS_50000_30_20,wfjsp4_9,wfjsp4,288.0,0.0,,0.0,0.0,61.8514
TS_50000_30_20,wfjsp4_10,wfjsp4,293.0,0.0,,0.0,0.0,103.14
TS_50000_30_20,wfjsp5_1,wfjsp5,608.0,0.0,,0.0,0.0,696.097
TS_50000_30_20,wfjsp5_2,wfjsp5,645.0,0.0,,0.0109717868338558,0.0109717868338558,618.232
TS_50000_30_20,wfjsp5_3,wfjsp5,634.0,0.0,,0.0127795527156549,0.0127795527156549,415.605
TS_50000_30_20,wfjsp5_4,wfjsp5,727.0,0.0,,0.0069252077562326,0.0069252077562326,678.005
TS_50000_30_20,wfjsp5_5,wfjsp5,719.0,0.0,,-0.0013888888888888,-0.0137174211248285,741.504
TS_50000_30_20,wfjsp5_6,wfjsp5,740.0,0.0,,0.0109289617486338,0.0109289617486338,642.275
TS_50000_30_20,wfjsp5_7,wfjsp5,762.0,0.0,,0.0106100795755968,0.0106100795755968,680.208
TS_50000_30_20,wfjsp5_8,wfjsp5,685.0,0.0,,0.0029282576866764,0.0029282576866764,601.663
TS_50000_30_20,wfjsp5_9,wfjsp5,584.0,0.0,,0.0034364261168384,0.0034364261168384,396.319
TS_50000_30_20,wfjsp5_10,wfjsp5,644.0,0.0,,0.0271132376395534,0.0271132376395534,386.575
TS_50000_30_20,wfjsp6_1,wfjsp6,682.0,0.0,,0.0014684287812041,0.0,774.441
TS_50000_30_20,wfjsp6_2,wfjsp6,781.0,0.0,,0.0012820512820512,0.0012820512820512,926.246
TS_50000_30_20,wfjsp6_3,wfjsp6,741.0,0.0,,0.0081632653061224,0.0081632653061224,554.171
TS_50000_30_20,wfjsp6_4,wfjsp6,811.0,0.0,,0.0099626400996264,0.0099626400996264,952.993
TS_50000_30_20,wfjsp6_5,wfjsp6,851.0,0.0,,0.0082938388625592,0.0082938388625592,897.747
TS_50000_30_20,wfjsp6_6,wfjsp6,807.0,0.0,,0.0112781954887218,0.0112781954887218,851.383
TS_50000_30_20,wfjsp6_7,wfjsp6,840.0,0.0,,0.0047846889952153,-0.0175438596491228,795.028
TS_50000_30_20,wfjsp6_8,wfjsp6,773.0,0.0,,0.0184453227931488,0.0184453227931488,753.408
TS_50000_30_20,wfjsp6_9,wfjsp6,690.0,0.0,,0.0058309037900874,0.0058309037900874,689.902
TS_50000_30_20,wfjsp6_10,wfjsp6,704.0,0.0,,0.0071530758226037,0.0071530758226037,603.759
TS_50000_30_20,wfjsp7_1,wfjsp7,824.0,0.0,,0.011042944785276,0.011042944785276,1320.09
TS_50000_30_20,wfjsp7_2,wfjsp7,1036.0,0.0,,0.0029041626331074,-0.001926782273603,1650.64
TS_50000_30_20,wfjsp7_3,wfjsp7,1138.0,0.0,,0.0070796460176991,0.0044130626654898,1506.51
TS_50000_30_20,wfjsp7_4,wfjsp7,945.0,0.0,,0.0021208907741251,0.0010593220338983,1772.9
TS_50000_30_20,wfjsp7_5,wfjsp7,810.0,0.0,,0.0087173100871731,0.0087173100871731,1068.46
TS_50000_30_20,wfjsp7_6,wfjsp7,1023.0,0.0,,0.0128712871287128,0.0128712871287128,1458.04
TS_50000_30_20,wfjsp7_7,wfjsp7,933.0,0.0,,0.0043057050592034,0.0043057050592034,1795.26
TS_50000_30_20,wfjsp7_8,wfjsp7,891.0,0.0,,0.010204081632653,0.010204081632653,1485.4
TS_50000_30_20,wfjsp7_9,wfjsp7,838.0,0.0,,-0.0094562647754137,-0.0164319248826291,1231.98
TS_50000_30_20,wfjsp7_10,wfjsp7,920.0,0.0,,0.0121012101210121,0.0121012101210121,1258.17
TS_50000_30_20,wfjsp8_1,wfjsp8,1037.0,0.0,,0.0117073170731707,0.0117073170731707,1800.0
TS_50000_30_20,wfjsp8_2,wfjsp8,1270.0,0.0,,0.0151878497202238,0.0151878497202238,1800.01
TS_50000_30_20,wfjsp8_3,wfjsp8,1369.0,0.0,,0.0036656891495601,0.0036656891495601,1800.01
TS_50000_30_20,wfjsp8_4,wfjsp8,1218.0,0.0,,0.0057803468208092,0.0057803468208092,1800.0
TS_50000_30_20,wfjsp8_5,wfjsp8,1051.0,0.0,,0.0009523809523809,0.0009523809523809,1800.01
TS_50000_30_20,wfjsp8_6,wfjsp8,1282.0,0.0,,0.0118389897395422,0.0118389897395422,1800.0
TS_50000_30_20,wfjsp8_7,wfjsp8,1177.0,0.0,,0.0164075993091537,0.0164075993091537,1800.0
TS_50000_30_20,wfjsp8_8,wfjsp8,1173.0,0.0,,0.0129533678756476,0.0129533678756476,1800.01
TS_50000_30_20,wfjsp8_9,wfjsp8,1054.0,0.0,,0.0095785440613026,0.0095785440613026,1800.0
TS_50000_30_20,wfjsp8_10,wfjsp8,1208.0,0.0,,0.0117252931323283,0.0117252931323283,1800.0
TS_50000_30_20,wfjsp9_1,wfjsp9,1321.0,0.0,,0.006092916984006,0.0053272450532724,1800.01
TS_50000_30_20,wfjsp9_2,wfjsp9,1405.0,0.0,,0.0035714285714285,0.0007122507122507,1800.01
TS_50000_30_20,wfjsp9_3,wfjsp9,1514.0,0.0,,0.0209035738368172,0.0209035738368172,1800.01
TS_50000_30_20,wfjsp9_4,wfjsp9,1368.0,0.0,,0.0081061164333087,0.0081061164333087,1800.01
TS_50000_30_20,wfjsp9_5,wfjsp9,1266.0,0.0,,0.0152365677626303,0.0152365677626303,1800.01
TS_50000_30_20,wfjsp9_6,wfjsp9,1404.0,0.0,,0.0151843817787418,0.0151843817787418,1800.01
TS_50000_30_20,wfjsp9_7,wfjsp9,1325.0,0.0,,0.0053110773899848,0.0053110773899848,1800.01
TS_50000_30_20,wfjsp9_8,wfjsp9,1392.0,0.0,,0.0043290043290043,0.0043290043290043,1800.01
TS_50000_30_20,wfjsp9_9,wfjsp9,1294.0,0.0,,0.001547987616099,0.0,1800.01
TS_50000_30_20,wfjsp9_10,wfjsp9,1426.0,0.0,,0.0084865629420084,0.0084865629420084,1800.01
TS_50000_30_20,wfjsp10_1,wfjsp10,775.0,0.0,,0.0012919896640826,-0.0076824583866837,1800.01
TS_50000_30_20,wfjsp10_2,wfjsp10,849.0,0.0,,0.0155502392344497,0.0155502392344497,1800.01
TS_50000_30_20,wfjsp10_3,wfjsp10,921.0,0.0,,-0.0021668472372697,-0.0021668472372697,1800.01
TS_50000_30_20,wfjsp10_4,wfjsp10,868.0,0.0,,-0.0022988505747126,-0.0057273768613974,1800.01
TS_50000_30_20,wfjsp10_5,wfjsp10,729.0,0.0,,0.0,-0.0054570259208731,1800.01
TS_50000_30_20,wfjsp10_6,wfjsp10,907.0,0.0,,0.0122767857142857,0.0122767857142857,1800.01
TS_50000_30_20,wfjsp10_7,wfjsp10,836.0,0.0,,0.0207570207570207,0.0207570207570207,1800.01
TS_50000_30_20,wfjsp10_8,wfjsp10,835.0,0.0,,0.0133495145631067,0.0133495145631067,1800.0
TS_50000_30_20,wfjsp10_9,wfjsp10,804.0,0.0,,0.0012453300124533,0.0012453300124533,1800.01
TS_50000_30_20,wfjsp10_10,wfjsp10,859.0,0.0,,0.0,0.0,1800.0
TS_50000_30_20,wfjsp11_1,wfjsp11,977.0,0.0,,0.0082559339525283,0.0082559339525283,1800.01
TS_50000_30_20,wfjsp11_2,wfjsp11,1195.0,0.0,,0.0092905405405405,0.0092905405405405,1800.01
TS_50000_30_20,wfjsp11_3,wfjsp11,1160.0,0.0,,0.0095735422106179,0.0095735422106179,1800.01
TS_50000_30_20,wfjsp11_4,wfjsp11,1157.0,0.0,,0.0193832599118942,0.0193832599118942,1800.01
TS_50000_30_20,wfjsp11_5,wfjsp11,1190.0,0.0,,0.0084745762711864,0.0084745762711864,1800.01
TS_50000_30_20,wfjsp11_6,wfjsp11,965.0,0.0,,0.0298826040554962,0.0298826040554962,1800.01
TS_50000_30_20,wfjsp11_7,wfjsp11,1013.0,0.0,,0.0049603174603174,-0.0019704433497536,1800.01
TS_50000_30_20,wfjsp11_8,wfjsp11,1044.0,0.0,,0.0116279069767441,0.0116279069767441,1800.01
TS_50000_30_20,wfjsp11_9,wfjsp11,1139.0,0.0,,0.0026408450704225,0.0026408450704225,1800.01
TS_50000_30_20,wfjsp11_10,wfjsp11,1120.0,0.0,,0.0265811182401466,0.0265811182401466,1800.01
TS_50000_30_20,wfjsp12_1,wfjsp12,912.0,0.0,,0.0178571428571428,0.0178571428571428,1800.01
TS_50000_30_20,wfjsp12_2,wfjsp12,1028.0,0.0,,0.0310932798395185,0.0310932798395185,1800.01
TS_50000_30_20,wfjsp12_3,wfjsp12,1093.0,0.0,,0.0073732718894009,-0.0090661831368993,1800.02
TS_50000_30_20,wfjsp12_4,wfjsp12,1039.0,0.0,,0.0136585365853658,0.0116845180136319,1800.01
TS_50000_30_20,wfjsp12_5,wfjsp12,869.0,0.0,,0.0,0.0,1800.01
TS_50000_30_20,wfjsp12_6,wfjsp12,1154.0,0.0,,0.0176366843033509,0.0176366843033509,1800.01
TS_50000_30_20,wfjsp12_7,wfjsp12,1006.0,0.0,,0.0100401606425702,-0.0117878192534381,1800.01
TS_50000_30_20,wfjsp12_8,wfjsp12,988.0,0.0,,0.0102249488752556,0.0081632653061224,1800.01
TS_50000_30_20,wfjsp12_9,wfjsp12,985.0,0.0,,0.0051020408163265,-0.0100502512562814,1800.01
TS_50000_30_20,wfjsp12_10,wfjsp12,1115.0,0.0,,0.0145586897179253,0.0145586897179253,1800.01
TS_50000_30_20,wfjsp13_1,wfjsp13,874.0,0.0,,0.0092378752886836,0.0092378752886836,1800.02
TS_50000_30_20,wfjsp13_2,wfjsp13,975.0,0.0,,0.0135135135135135,0.0135135135135135,1800.02
TS_50000_30_20,wfjsp13_3,wfjsp13,882.0,0.0,,0.0114678899082568,-0.001132502831257,1800.02
TS_50000_30_20,wfjsp13_4,wfjsp13,914.0,0.0,,0.0066079295154185,0.0066079295154185,1800.02
TS_50000_30_20,wfjsp13_5,wfjsp13,821.0,0.0,,0.0148331273176761,0.0148331273176761,1800.02
TS_50000_30_20,wfjsp13_6,wfjsp13,1006.0,0.0,,0.0182186234817813,0.0182186234817813,1800.02
TS_50000_30_20,wfjsp13_7,wfjsp13,860.0,0.0,,0.0,-0.0171428571428571,1800.02
TS_50000_30_20,wfjsp13_8,wfjsp13,899.0,0.0,,0.0044692737430167,0.0,1800.02
TS_50000_30_20,wfjsp13_9,wfjsp13,963.0,0.0,,0.0020811654526534,-0.0041365046535677,1800.02
TS_50000_30_20,wfjsp13_10,wfjsp13,942.0,0.0,,0.0283842794759825,0.0283842794759825,1800.02
TS_50000_30_20,wfjsp14_1,wfjsp14,745.0,0.0,,0.0040431266846361,0.0,1800.02
TS_50000_30_20,wfjsp14_2,wfjsp14,795.0,0.0,,0.0025220680958385,0.0025220680958385,1800.02
TS_50000_30_20,wfjsp14_3,wfjsp14,841.0,0.0,,0.0120336943441636,-0.008254716981132,1800.02
TS_50000_30_20,wfjsp14_4,wfjsp14,819.0,0.0,,0.0161290322580645,0.0161290322580645,1800.02
TS_50000_30_20,wfjsp14_5,wfjsp14,718.0,0.0,,0.0084269662921348,0.0041958041958041,1800.02
TS_50000_30_20,wfjsp14_6,wfjsp14,927.0,0.0,,0.0153340635268346,0.0153340635268346,1800.02
TS_50000_30_20,wfjsp14_7,wfjsp14,822.0,0.0,,0.0061199510403916,-0.0048426150121065,1800.02
TS_50000_30_20,wfjsp14_8,wfjsp14,795.0,0.0,,0.0166240409207161,0.0166240409207161,1800.02
TS_50000_30_20,wfjsp14_9,wfjsp14,784.0,0.0,,0.0077120822622107,-0.0113493064312736,1800.02
TS_50000_30_20,wfjsp14_10,wfjsp14,893.0,0.0,,0.0170842824601366,0.0170842824601366,1800.02
TS_50000_30_20,wfjsp15_1,wfjsp15,1270.0,0.0,,0.0103420843277645,0.0087370929308975,1800.05
TS_50000_30_20,wfjsp15_2,wfjsp15,1329.0,0.0,,0.0114155251141552,0.0114155251141552,1800.05
TS_50000_30_20,wfjsp15_3,wfjsp15,1375.0,0.0,,0.0185185185185185,-0.0007267441860465,1800.05
TS_50000_30_20,wfjsp15_4,wfjsp15,1315.0,0.0,,0.0053516819571865,0.0053516819571865,1800.04
TS_50000_30_20,wfjsp15_5,wfjsp15,1230.0,0.0,,0.026711185308848,0.026711185308848,1800.04
TS_50000_30_20,wfjsp15_6,wfjsp15,1550.0,0.0,,0.0264900662251655,0.0264900662251655,1800.05
TS_50000_30_20,wfjsp15_7,wfjsp15,1320.0,0.0,,0.0053313023610053,-0.0060240963855421,1800.04
TS_50000_30_20,wfjsp15_8,wfjsp15,1340.0,0.0,,0.0213414634146341,0.0097965335342878,1800.05
TS_50000_30_20,wfjsp15_9,wfjsp15,1323.0,0.0,,0.0184757505773672,-0.0037650602409638,1800.05
TS_50000_30_20,wfjsp15_10,wfjsp15,1449.0,0.0,,0.0240282685512367,0.0240282685512367,1800.05
TS_50000_30_20,wfjsp16_1,wfjsp16,997.0,0.0,,0.0194274028629856,0.0020100502512562,1800.03
TS_50000_30_20,wfjsp16_2,wfjsp16,1024.0,0.0,,0.0128585558852621,0.0128585558852621,1800.03
TS_50000_30_20,wfjsp16_3,wfjsp16,1085.0,0.0,,0.024551463644948,-0.0109389243391066,1800.03
TS_50000_30_20,wfjsp16_4,wfjsp16,1082.0,0.0,,0.0159624413145539,0.0074487895716946,1800.04
TS_50000_30_20,wfjsp16_5,wfjsp16,916.0,0.0,,0.0132743362831858,0.0132743362831858,1800.03
TS_50000_30_20,wfjsp16_6,wfjsp16,1237.0,0.0,,0.0122749590834697,0.0122749590834697,1800.03
TS_50000_30_20,wfjsp16_7,wfjsp16,1088.0,0.0,,0.0244821092278719,-0.0054844606946983,1800.03
TS_50000_30_20,wfjsp16_8,wfjsp16,1040.0,0.0,,0.0097087378640776,-0.0085795996186844,1800.03
TS_50000_30_20,wfjsp16_9,wfjsp16,1043.0,0.0,,0.0185546875,-0.0113744075829383,1800.03
TS_50000_30_20,wfjsp16_10,wfjsp16,1159.0,0.0,,0.0122270742358078,0.0122270742358078,1800.03
TS_50000_30_20,wfjsp17_1,wfjsp17,1600.0,0.0,,0.0289389067524115,0.0094637223974763,1800.01
TS_50000_30_20,wfjsp17_2,wfjsp17,1735.0,0.0,,0.0187903699354081,0.0023108030040439,1800.01
TS_50000_30_20,wfjsp17_3,wfjsp17,1840.0,0.0,,0.0121012101210121,0.0021786492374727,1800.01
TS_50000_30_20,wfjsp17_4,wfjsp17,1678.0,0.0,,0.0250458155161881,0.0047904191616766,1800.01
TS_50000_30_20,wfjsp17_5,wfjsp17,1553.0,0.0,,0.0104098893949251,-0.0032092426187419,1800.01
TS_50000_30_20,wfjsp17_6,wfjsp17,1711.0,0.0,,0.0041079812206572,0.0017564402810304,1800.01
TS_50000_30_20,wfjsp17_7,wfjsp17,1606.0,0.0,,0.031470777135517,0.0050062578222778,1800.01
TS_50000_30_20,wfjsp17_8,wfjsp17,1724.0,0.0,,0.029868578255675,0.0040768782760629,1800.01
TS_50000_30_20,wfjsp17_9,wfjsp17,1597.0,0.0,,0.0243745991019884,0.002510985561833,1800.01
TS_50000_30_20,wfjsp17_10,wfjsp17,1759.0,0.0,,0.0144175317185697,0.0051428571428571,1800.01
TS_50000_30_20,wfjsp18_1,wfjsp18,938.0,0.0,,0.0096878363832077,0.0096878363832077,1800.01
TS_50000_30_20,wfjsp18_2,wfjsp18,1020.0,0.0,,0.0099009900990099,0.0099009900990099,1800.01
TS_50000_30_20,wfjsp18_3,wfjsp18,1115.0,0.0,,0.0108794197642792,-0.0044642857142857,1800.01
TS_50000_30_20,wfjsp18_4,wfjsp18,1047.0,0.0,,0.0096432015429122,0.0096432015429122,1800.01
TS_50000_30_20,wfjsp18_5,wfjsp18,866.0,0.0,,0.0140515222482435,0.0140515222482435,1800.01
TS_50000_30_20,wfjsp18_6,wfjsp18,1097.0,0.0,,0.0138632162661737,0.0119926199261992,1800.01
TS_50000_30_20,wfjsp18_7,wfjsp18,1005.0,0.0,,0.0019940179461615,0.0019940179461615,1800.01
TS_50000_30_20,wfjsp18_8,wfjsp18,987.0,0.0,,-0.0020222446916076,-0.003030303030303,1800.01
TS_50000_30_20,wfjsp18_9,wfjsp18,946.0,0.0,,0.0021186440677966,0.0021186440677966,1800.01
TS_50000_30_20,wfjsp18_10,wfjsp18,1029.0,0.0,,0.0098135426889106,0.0098135426889106,1800.01
TS_50000_30_20,wfjsp19_1,wfjsp19,1182.0,0.0,,0.0033955857385398,-0.011705685618729,1800.01
TS_50000_30_20,wfjsp19_2,wfjsp19,1458.0,0.0,,0.0041322314049586,-0.0088375254928619,1800.02
TS_50000_30_20,wfjsp19_3,wfjsp19,1399.0,0.0,,0.0043072505384063,-0.0049786628733997,1800.01
TS_50000_30_20,wfjsp19_4,wfjsp19,1387.0,0.0,,0.0072621641249092,-0.007868383404864,1800.01
TS_50000_30_20,wfjsp19_5,wfjsp19,1433.0,0.0,,0.0027991602519244,-0.0076177285318559,1800.02
TS_50000_30_20,wfjsp19_6,wfjsp19,1155.0,0.0,,-0.0017286084701815,-0.0025906735751295,1800.01
TS_50000_30_20,wfjsp19_7,wfjsp19,1222.0,0.0,,0.0132669983416252,-0.0113268608414239,1800.01
TS_50000_30_20,wfjsp19_8,wfjsp19,1254.0,0.0,,0.0088495575221238,0.0032,1800.01
TS_50000_30_20,wfjsp19_9,wfjsp19,1368.0,0.0,,0.0088495575221238,-0.0144092219020172,1800.01
TS_50000_30_20,wfjsp19_10,wfjsp19,1347.0,0.0,,0.0074794315632011,-0.002960769800148,1800.01
TS_50000_30_20,wfjsp20_1,wfjsp20,1081.0,0.0,,0.0121722846441947,-0.0217194570135746,1800.01
TS_50000_30_20,wfjsp20_2,wfjsp20,1233.0,0.0,,0.0215410107705053,0.0098280098280098,1800.02
TS_50000_30_20,wfjsp20_3,wfjsp20,1317.0,0.0,,0.0185614849187935,-0.0082831325301204,1800.02
TS_50000_30_20,wfjsp20_4,wfjsp20,1251.0,0.0,,0.009685230024213,-0.0063542494042891,1800.01
TS_50000_30_20,wfjsp20_5,wfjsp20,1056.0,0.0,,0.0095602294455066,-0.0018903591682419,1800.01
TS_50000_30_20,wfjsp20_6,wfjsp20,1391.0,0.0,,0.0145878920495988,0.0072411296162201,1800.02
TS_50000_30_20,wfjsp20_7,wfjsp20,1213.0,0.0,,0.0184718723761544,-0.0089869281045751,1800.01
TS_50000_30_20,wfjsp20_8,wfjsp20,1181.0,0.0,,0.0189818809318377,-0.0016906170752324,1800.01
TS_50000_30_20,wfjsp20_9,wfjsp20,1190.0,0.0,,0.017094017094017,-0.0083333333333333,1800.01
TS_50000_30_20,wfjsp20_10,wfjsp20,1357.0,0.0,,0.0187687687687687,-0.0036710719530102,1800.01
TS_50000_30_20,wfjsp21_1,wfjsp21,1029.0,0.0,,0.0137931034482758,-0.0190657769304099,1800.02
TS_50000_30_20,wfjsp21_2,wfjsp21,1157.0,0.0,,0.0069625761531766,-0.0119555935098206,1800.03
TS_50000_30_20,wfjsp21_3,wfjsp21,1052.0,0.0,,0.0213592233009708,0.005736137667304,1800.02
TS_50000_30_20,wfjsp21_4,wfjsp21,1080.0,0.0,,0.0169491525423728,-0.0136986301369863,1800.02
TS_50000_30_20,wfjsp21_5,wfjsp21,975.0,0.0,,0.0135135135135135,-0.0091463414634146,1800.02
TS_50000_30_20,wfjsp21_6,wfjsp21,1198.0,0.0,,0.010970464135021,-0.0049833887043189,1800.02
TS_50000_30_20,wfjsp21_7,wfjsp21,1018.0,0.0,,0.018,0.0029556650246305,1800.02
TS_50000_30_20,wfjsp21_8,wfjsp21,1065.0,0.0,,0.0171919770773638,-0.0211397058823529,1800.02
TS_50000_30_20,wfjsp21_9,wfjsp21,1146.0,0.0,,0.0213903743315508,0.0150575730735163,1800.02
TS_50000_30_20,wfjsp21_10,wfjsp21,1116.0,0.0,,0.0154686078252957,-0.0035714285714285,1800.03
TS_50000_30_20,wfjsp22_1,wfjsp22,883.0,0.0,,0.0184544405997693,-0.0221483942414175,1800.01
TS_50000_30_20,wfjsp22_2,wfjsp22,949.0,0.0,,0.0095744680851063,-0.0083594566353187,1800.02
TS_50000_30_20,wfjsp22_3,wfjsp22,1007.0,0.0,,0.0161453077699293,-0.0166015625,1800.02
TS_50000_30_20,wfjsp22_4,wfjsp22,974.0,0.0,,0.0114226375908618,-0.0151668351870576,1800.02
TS_50000_30_20,wfjsp22_5,wfjsp22,854.0,0.0,,0.0154577883472057,-0.022883295194508,1800.02
TS_50000_30_20,wfjsp22_6,wfjsp22,1109.0,0.0,,0.0146386093321134,-0.0044883303411131,1800.02
TS_50000_30_20,wfjsp22_7,wfjsp22,978.0,0.0,,0.0176899063475546,-0.0160965794768611,1800.02
TS_50000_30_20,wfjsp22_8,wfjsp22,945.0,0.0,,0.0205183585313174,-0.0010570824524312,1800.02
TS_50000_30_20,wfjsp22_9,wfjsp22,937.0,0.0,,0.0229257641921397,-0.0074152542372881,1800.02
TS_50000_30_20,wfjsp22_10,wfjsp22,1067.0,0.0,,0.0230105465004793,-0.0156826568265682,1800.02
TS_50000_30_20,wfjsp23_1,wfjsp23,1504.0,0.0,,0.0315500685871056,-0.009874917709019,1800.04
TS_50000_30_20,wfjsp23_2,wfjsp23,1581.0,0.0,,0.0128122998078155,-0.0087774294670846,1800.06
TS_50000_30_20,wfjsp23_3,wfjsp23,1639.0,0.0,,0.0262993112085159,-0.0108630054315027,1800.05
TS_50000_30_20,wfjsp23_4,wfjsp23,1575.0,0.0,,0.0227272727272727,0.0019083969465648,1800.05
TS_50000_30_20,wfjsp23_5,wfjsp23,1466.0,0.0,,0.0273300630693763,-0.0147849462365591,1800.05
TS_50000_30_20,wfjsp23_6,wfjsp23,1837.0,0.0,,0.0104510451045104,-0.0155412647374062,1800.04
TS_50000_30_20,wfjsp23_7,wfjsp23,1591.0,0.0,,0.0331168831168831,-0.0062460961898813,1800.06
TS_50000_30_20,wfjsp23_8,wfjsp23,1588.0,0.0,,0.0231958762886597,-0.0056355666875391,1800.05
TS_50000_30_20,wfjsp23_9,wfjsp23,1558.0,0.0,,0.0169712793733681,-0.0151706700379266,1800.05
TS_50000_30_20,wfjsp23_10,wfjsp23,1715.0,0.0,,0.0165975103734439,-0.0069484655471916,1800.05
TS_50000_30_20,wfjsp24_1,wfjsp24,1184.0,0.0,,0.0286707211120764,-0.0141548709408825,1800.03
TS_50000_30_20,wfjsp24_2,wfjsp24,1222.0,0.0,,0.0277544154751892,0.001639344262295,1800.03
TS_50000_30_20,wfjsp24_3,wfjsp24,1298.0,0.0,,0.0326173428798727,-0.0240601503759398,1800.04
TS_50000_30_20,wfjsp24_4,wfjsp24,1295.0,0.0,,0.0212933753943217,-0.0038461538461538,1800.04
TS_50000_30_20,wfjsp24_5,wfjsp24,1101.0,0.0,,0.0203892493049119,-0.0107816711590296,1800.03
TS_50000_30_20,wfjsp24_6,wfjsp24,1477.0,0.0,,0.0158184319119669,-0.0067249495628782,1800.05
TS_50000_30_20,wfjsp24_7,wfjsp24,1292.0,0.0,,0.027027027027027,-0.0152439024390243,1800.03
TS_50000_30_20,wfjsp24_8,wfjsp24,1252.0,0.0,,0.0262295081967213,-0.0087094220110847,1800.03
TS_50000_30_20,wfjsp24_9,wfjsp24,1235.0,0.0,,0.0172981878088962,-0.0267927501970055,1800.03
TS_50000_30_20,wfjsp24_10,wfjsp24,1378.0,0.0,,0.025297619047619,-0.0206112295664534,1800.04
TS_50000_30_20,MK1,MK,72.0,0.0,,0.0285714285714285,0.0285714285714285,345.222
TS_50000_30_20,MK2,MK,68.0,0.0,,0.0149253731343283,0.0149253731343283,650.731
TS_50000_30_20,MK3,MK,238.0,0.0,,0.0,0.0,1326.11
TS_50000_30_20,MK4,MK,94.0,0.0,,0.0,-0.0105263157894736,592.514
TS_50000_30_20,MK5,MK,301.0,0.0,,0.0168918918918918,0.0066889632107023,1478.68
TS_50000_30_20,MK6,MK,108.0,0.0,,0.0093457943925233,-0.0091743119266055,1363.75
TS_50000_30_20,MK7,MK,226.0,0.0,,0.0319634703196347,0.018018018018018,1800.0
TS_50000_30_20,MK8,MK,624.0,0.0,,0.0,0.0,1378.69
TS_50000_30_20,MK9,MK,474.0,0.0,,0.0171673819742489,-0.0104384133611691,1800.01
TS_50000_30_20,MK10,MK,314.0,0.0,,-0.0031746031746031,-0.0368098159509202,1800.01
TS_50000_30_20,DP1,DP,2963.0,0.0,,0.014378637452927,0.014378637452927,1744.74
TS_50000_30_20,DP2,DP,2934.0,0.0,,0.0068634179821551,0.0068634179821551,1800.01
TS_50000_30_20,DP3,DP,2917.0,0.0,,0.0024054982817869,0.0024054982817869,1800.01
TS_50000_30_20,DP4,DP,2948.0,0.0,,0.0127104087942287,0.0127104087942287,1573.71
TS_50000_30_20,DP5,DP,2910.0,0.0,,0.0076177285318559,0.0076177285318559,1800.01
TS_50000_30_20,DP6,DP,2884.0,0.0,,0.0024330900243309,0.0024330900243309,1800.01
TS_50000_30_20,DP7,DP,2931.0,0.0,,0.0047994514912581,0.0047994514912581,1800.02
TS_50000_30_20,DP8,DP,2887.0,0.0,,0.0013874436351023,0.0013874436351023,1800.02
TS_50000_30_20,DP9,DP,2875.0,0.0,,0.0013932427725531,-0.0017361111111111,1800.02
TS_50000_30_20,DP10,DP,2930.0,0.0,,0.0027378507871321,0.0027378507871321,1800.01
TS_50000_30_20,DP11,DP,2874.0,0.0,,0.0013937282229965,-0.0006954102920723,1800.02
TS_50000_30_20,DP12,DP,2824.0,0.0,,0.0085714285714285,-0.0056338028169014,1800.02
