instance,set,best_LB,CP_UB,CP_LB,CP_time,LBBD_CP_TS_UB,LBBD_CP_TS_LB,LBBD_CP_TS_time,CP_LBBD_CP_TS_UB,CP_LBBD_CP_TS_LB,CP_LBBD_CP_TS_time,LBBD_CP_UB,LBBD_CP_LB,LBBD_CP_time,CP_LBBD_CP_UB,CP_LBBD_CP_LB,CP_LBBD_CP_time,TS_1000_2_5_UB,TS_1000_2_5_time,TS_2000_5_5_UB,TS_2000_5_5_time,TS_5000_5_5_UB,TS_5000_5_5_time,TS_10000_10_5_UB,TS_10000_10_5_time,TS_25000_15_10_UB,TS_25000_15_10_time,TS_50000_30_20_UB,TS_50000_30_20_time,FaF_mean,FaF_best,FaF_time,FaFM_mean,FaFM_best,FaFM_time,FaFMx2_mean,FaFMx2_best,FaFMx2_time,FaFMx3_mean,FaFMx3_best,FaFMx3_time,FaFMJ_mean,FaFMJ_best,FaFMJ_time,TS@FaF_mean,TS@FaF_best,TS@FaF_time,TS@FaFM_mean,TS@FaFM_best,TS@FaFM_time,TSN1@FaFM_mean,TSN1@FaFM_best,TSN1@FaFM_time,TSN1_2000_5_5_mean,TSN1_2000_5_5_best,TSN1_2000_5_5_time,TSN1_10000_10_5_mean,TSN1_10000_10_5_best,TSN1_10000_10_5_time
wfjsp1_1,wfjsp1,268.00,268.00,268.00,1.38,268.00,268.00,383.83,268.00,268.00,1.40,268.00,268.00,410.90,268.00,268.00,1.35,268.00,0.28,268.00,0.63,268.00,1.07,268.00,2.08,268.00,9.40,268.00,17.78,273.20,268.00,0.08,272.00,268.00,0.40,276.00,268.00,1.41,268.00,268.00,4.69,278.00,278.00,1.06,270.00,268.00,0.08,268.00,268.00,0.40,270.40,268.00,0.40,273.00,273.00,0.29,268.00,268.00,1.48
wfjsp1_2,wfjsp1,287.00,287.00,287.00,0.25,287.00,287.00,212.45,287.00,287.00,0.22,287.00,287.00,132.54,287.00,287.00,0.21,287.00,0.19,287.00,0.39,287.00,0.90,287.00,1.82,287.00,7.06,287.00,13.91,287.00,287.00,0.06,287.00,287.00,0.27,287.00,287.00,1.05,287.00,287.00,2.55,287.00,287.00,0.92,287.00,287.00,0.06,287.00,287.00,0.27,287.00,287.00,0.27,287.00,287.00,0.24,287.00,287.00,1.03
wfjsp1_3,wfjsp1,347.00,347.00,347.00,0.88,347.00,347.00,113.70,347.00,347.00,0.96,347.00,347.00,42.42,347.00,347.00,0.87,350.00,0.22,347.00,0.52,347.00,1.24,347.00,1.97,347.00,8.05,347.00,15.20,351.40,347.00,0.10,347.00,347.00,0.34,347.00,347.00,1.19,347.00,347.00,2.74,347.00,347.00,0.96,355.00,347.00,0.10,347.60,347.00,0.34,351.80,347.00,0.34,350.00,350.00,0.26,347.00,347.00,1.62
wfjsp1_4,wfjsp1,315.00,315.00,315.00,2.56,315.00,315.00,1418.81,315.00,315.00,2.73,315.00,315.00,1148.15,315.00,315.00,3.04,315.00,0.31,315.00,0.50,315.00,1.22,315.00,2.47,315.00,6.77,315.00,13.04,317.00,315.00,0.06,315.80,315.00,0.45,315.20,315.00,1.60,315.00,315.00,4.46,327.00,327.00,1.10,316.60,315.00,0.06,315.00,315.00,0.45,316.20,316.00,0.45,319.00,319.00,0.20,316.00,316.00,1.68
wfjsp1_5,wfjsp1,265.00,265.00,265.00,0.88,265.00,265.00,22.45,265.00,265.00,0.97,265.00,265.00,9.66,265.00,265.00,0.99,265.00,0.15,265.00,0.29,265.00,0.66,265.00,1.45,265.00,4.18,265.00,8.20,265.00,265.00,0.06,265.00,265.00,0.22,265.00,265.00,0.81,265.00,265.00,1.83,271.00,271.00,1.32,265.00,265.00,0.06,265.00,265.00,0.22,265.00,265.00,0.22,265.00,265.00,0.18,265.00,265.00,0.79
wfjsp1_6,wfjsp1,291.00,291.00,291.00,2.62,291.00,286.00,3600.06,291.00,291.00,2.62,291.00,286.00,3600.07,291.00,291.00,2.83,291.00,0.21,291.00,0.31,291.00,0.67,291.00,1.49,291.00,5.96,291.00,9.84,291.20,291.00,0.10,291.20,291.00,0.26,291.00,291.00,0.94,291.00,291.00,2.06,309.00,309.00,0.82,291.80,291.00,0.10,291.80,291.00,0.26,291.20,291.00,0.26,291.00,291.00,0.17,291.00,291.00,0.80
wfjsp1_7,wfjsp1,265.00,265.00,265.00,2.62,265.00,265.00,217.11,265.00,265.00,2.90,265.00,265.00,132.09,265.00,265.00,2.63,267.00,0.31,268.00,0.58,265.00,1.28,265.00,2.82,265.00,11.56,265.00,38.61,265.60,265.00,0.09,268.40,265.00,0.46,269.80,265.00,1.60,265.60,265.00,4.95,267.00,267.00,1.62,269.20,268.00,0.09,267.20,265.00,0.46,266.80,265.00,0.46,268.00,268.00,0.32,265.00,265.00,1.44
wfjsp1_8,wfjsp1,328.00,328.00,328.00,2.06,328.00,328.00,17.65,328.00,328.00,2.23,328.00,328.00,33.74,328.00,328.00,2.09,328.00,0.20,328.00,0.47,328.00,1.04,328.00,2.08,328.00,5.92,328.00,11.18,330.40,328.00,0.07,328.00,328.00,0.28,328.00,328.00,1.09,328.00,328.00,2.48,330.00,330.00,1.01,329.80,328.00,0.07,328.00,328.00,0.29,328.40,328.00,0.29,328.00,328.00,0.24,328.00,328.00,1.15
wfjsp1_9,wfjsp1,252.00,252.00,252.00,1.38,252.00,252.00,33.46,252.00,252.00,1.45,252.00,252.00,17.53,252.00,252.00,1.38,254.00,0.09,252.00,0.20,252.00,0.73,252.00,1.28,252.00,3.01,252.00,5.35,254.00,254.00,0.05,254.00,254.00,0.17,252.40,252.00,0.88,252.00,252.00,2.67,252.00,252.00,0.78,253.60,252.00,0.05,252.00,252.00,0.17,254.00,254.00,0.17,254.00,254.00,0.13,254.00,254.00,0.54
wfjsp1_10,wfjsp1,316.00,316.00,316.00,8.12,316.00,316.00,4.02,316.00,316.00,8.16,316.00,316.00,9.02,316.00,316.00,8.92,317.00,0.21,317.00,0.38,316.00,1.00,316.00,2.06,316.00,8.59,316.00,16.32,317.20,317.00,0.05,316.20,316.00,0.31,316.00,316.00,1.37,316.00,316.00,2.19,317.00,317.00,1.28,318.80,317.00,0.05,316.40,316.00,0.31,316.20,316.00,0.31,316.00,316.00,0.23,316.00,316.00,1.15
wfjsp2_1,wfjsp2,336.00,336.00,336.00,32.28,336.00,336.00,108.11,336.00,336.00,35.48,336.00,336.00,102.31,336.00,336.00,37.51,338.00,0.51,336.00,0.81,336.00,2.15,336.00,4.24,336.00,17.91,336.00,48.78,338.60,337.00,0.08,336.00,336.00,0.52,336.00,336.00,1.95,336.20,336.00,4.44,346.00,346.00,1.55,339.60,336.00,0.08,336.00,336.00,0.52,336.00,336.00,0.52,336.00,336.00,0.47,336.00,336.00,1.83
wfjsp2_2,wfjsp2,368.00,368.00,368.00,29.00,368.00,368.00,18.17,368.00,368.00,30.63,368.00,368.00,16.31,368.00,368.00,31.32,370.00,0.43,370.00,0.90,368.00,1.98,369.00,4.20,368.00,19.49,368.00,43.40,369.40,368.00,0.11,370.00,370.00,0.41,370.00,370.00,1.67,370.20,370.00,4.08,376.00,376.00,1.60,370.80,369.00,0.11,370.40,369.00,0.41,368.80,368.00,0.41,370.00,370.00,0.33,369.00,369.00,1.59
wfjsp2_3,wfjsp2,421.00,421.00,421.00,16.50,421.00,417.00,3600.00,421.00,421.00,18.25,421.00,416.00,3600.27,421.00,421.00,16.02,421.00,0.49,421.00,0.91,421.00,2.07,421.00,3.19,421.00,14.09,421.00,55.01,421.00,421.00,0.06,421.00,421.00,0.48,421.00,421.00,1.95,421.00,421.00,4.84,421.00,421.00,1.39,424.80,421.00,0.06,421.00,421.00,0.48,421.00,421.00,0.48,421.00,421.00,0.39,421.00,421.00,1.69
wfjsp2_4,wfjsp2,378.00,378.00,378.00,54.31,378.00,378.00,101.26,378.00,378.00,54.22,378.00,378.00,63.39,378.00,378.00,54.07,380.00,0.47,380.00,1.27,380.00,2.12,380.00,4.64,379.00,17.02,378.00,55.62,381.60,380.00,0.09,381.80,380.00,0.65,381.00,379.00,2.96,380.00,380.00,6.02,383.00,383.00,1.39,383.00,381.00,0.09,380.40,380.00,0.65,380.00,380.00,0.65,380.00,380.00,0.41,380.00,380.00,1.60
wfjsp2_5,wfjsp2,270.00,270.00,270.00,1.75,270.00,270.00,2.73,270.00,270.00,1.81,270.00,270.00,2.80,270.00,270.00,1.92,270.00,0.31,270.00,0.74,270.00,1.26,270.00,2.76,270.00,10.61,270.00,24.07,271.60,271.00,0.06,272.00,272.00,0.28,272.00,272.00,1.01,271.80,271.00,2.68,274.00,274.00,1.08,271.80,270.00,0.06,270.40,270.00,0.28,272.00,272.00,0.28,272.00,272.00,0.13,272.00,272.00,0.62
wfjsp2_6,wfjsp2,416.00,416.00,416.00,135.12,416.00,416.00,81.84,416.00,416.00,129.21,416.00,416.00,54.68,416.00,416.00,141.92,427.00,0.42,422.00,1.10,422.00,2.55,422.00,3.79,422.00,17.24,416.00,50.42,427.20,424.00,0.09,424.20,424.00,0.66,423.80,422.00,2.84,424.00,424.00,5.51,429.00,429.00,1.30,429.20,427.00,0.09,425.40,422.00,0.66,425.60,425.00,0.66,427.00,427.00,0.42,425.00,425.00,2.11
wfjsp2_7,wfjsp2,395.00,395.00,395.00,194.62,395.00,395.00,426.38,395.00,395.00,189.99,395.00,395.00,401.00,395.00,395.00,201.03,398.00,0.55,398.00,1.07,395.00,2.78,397.00,4.58,395.00,22.85,395.00,74.96,398.20,398.00,0.11,397.00,395.00,0.65,397.80,396.00,2.17,397.60,395.00,5.62,399.00,399.00,1.43,399.60,397.00,0.11,398.40,397.00,0.66,398.20,397.00,0.66,400.00,400.00,0.39,397.00,397.00,2.20
wfjsp2_8,wfjsp2,414.00,414.00,414.00,68.00,414.00,414.00,74.95,414.00,414.00,68.72,414.00,414.00,169.63,414.00,414.00,78.61,415.00,0.31,415.00,0.59,415.00,1.65,415.00,3.68,415.00,14.12,414.00,31.46,417.00,417.00,0.08,416.60,415.00,0.43,416.60,415.00,1.82,415.60,415.00,5.40,439.00,439.00,2.17,415.00,415.00,0.08,415.00,415.00,0.43,416.60,415.00,0.43,417.00,417.00,0.37,417.00,417.00,1.39
wfjsp2_9,wfjsp2,329.00,329.00,329.00,12.25,329.00,329.00,113.88,329.00,329.00,12.25,329.00,329.00,65.77,329.00,329.00,13.30,329.00,0.29,333.00,0.57,329.00,1.38,329.00,2.65,329.00,11.65,329.00,23.26,331.40,329.00,0.10,330.20,329.00,0.35,330.80,329.00,1.54,329.60,329.00,3.45,353.00,353.00,1.13,333.40,330.00,0.10,329.80,329.00,0.35,329.00,329.00,0.35,329.00,329.00,0.29,329.00,329.00,1.44
wfjsp2_10,wfjsp2,489.00,489.00,230.00,3600.00,489.00,489.00,1.98,489.00,489.00,1800.39,489.00,489.00,28.66,489.00,489.00,1801.06,489.00,0.32,489.00,0.67,489.00,1.32,489.00,3.05,489.00,14.06,489.00,32.88,490.20,489.00,0.10,490.40,490.00,0.50,490.20,490.00,1.66,489.60,489.00,4.87,495.00,495.00,1.27,490.40,489.00,0.10,490.00,489.00,0.50,490.40,489.00,0.50,490.00,490.00,0.31,489.00,489.00,1.66
wfjsp3_1,wfjsp3,419.00,419.00,419.00,81.86,419.00,418.00,3600.52,419.00,419.00,88.20,419.00,418.00,3600.16,419.00,419.00,81.14,423.00,0.37,423.00,0.69,419.00,2.19,422.00,4.26,419.00,21.43,419.00,41.49,426.40,425.00,0.12,429.00,426.00,0.68,428.60,425.00,2.71,428.60,425.00,5.93,435.00,435.00,1.55,423.80,423.00,0.12,422.80,421.00,0.68,425.20,423.00,0.68,425.00,425.00,0.46,423.00,423.00,3.13
wfjsp3_2,wfjsp3,543.00,543.00,543.00,202.59,543.00,538.00,3600.00,543.00,543.00,212.72,543.00,538.00,3600.03,543.00,543.00,223.21,543.00,0.65,543.00,1.38,543.00,2.96,543.00,7.19,543.00,29.06,543.00,106.78,545.80,545.00,0.17,544.20,543.00,0.93,544.60,543.00,3.27,545.00,545.00,7.64,545.00,545.00,1.80,547.00,545.00,0.18,544.20,543.00,0.93,545.40,545.00,0.93,546.00,546.00,0.68,545.00,545.00,3.71
wfjsp3_3,wfjsp3,383.00,383.00,383.00,1.50,383.00,371.00,3600.00,383.00,383.00,1.31,383.00,371.00,3600.38,383.00,383.00,1.51,383.00,0.23,383.00,0.69,383.00,1.16,383.00,2.47,383.00,7.89,383.00,15.72,385.00,383.00,0.08,383.00,383.00,0.39,383.00,383.00,1.53,383.00,383.00,3.55,383.00,383.00,1.27,384.00,383.00,0.08,383.40,383.00,0.39,383.80,383.00,0.39,383.00,383.00,0.30,383.00,383.00,1.40
wfjsp3_4,wfjsp3,443.00,443.00,443.00,70.88,443.00,437.00,3600.00,443.00,443.00,74.12,446.00,437.00,3600.02,443.00,443.00,77.86,456.00,0.60,445.00,1.26,448.00,2.49,444.00,4.90,444.00,24.68,443.00,116.28,460.00,445.00,0.19,450.40,445.00,0.99,451.00,445.00,3.89,445.60,445.00,8.04,468.00,468.00,2.81,456.00,445.00,0.19,452.00,445.00,0.99,455.80,451.00,0.99,456.00,456.00,1.16,453.00,453.00,3.65
wfjsp3_5,wfjsp3,284.00,284.00,284.00,5.25,284.00,277.00,3600.09,284.00,284.00,5.65,284.00,277.00,3600.24,284.00,284.00,6.12,284.00,0.36,285.00,0.72,284.00,1.85,284.00,4.17,284.00,14.59,284.00,39.48,307.80,305.00,0.12,305.80,303.00,0.71,304.80,303.00,2.66,304.40,303.00,6.39,310.00,310.00,1.43,292.00,285.00,0.12,285.60,284.00,0.71,303.60,303.00,0.71,305.00,305.00,0.55,290.00,290.00,2.40
wfjsp3_6,wfjsp3,529.00,529.00,529.00,2663.88,529.00,510.00,3600.33,529.00,509.00,3601.05,532.00,510.00,3600.91,529.00,509.00,3600.17,530.00,0.55,529.00,1.26,529.00,2.53,529.00,5.90,529.00,26.56,529.00,107.67,541.40,535.00,0.19,531.80,531.00,1.16,531.80,529.00,3.73,531.00,531.00,8.61,534.00,534.00,1.95,530.80,530.00,0.20,529.60,529.00,1.16,529.20,529.00,1.16,531.00,531.00,0.72,529.00,529.00,3.80
wfjsp3_7,wfjsp3,342.00,342.00,342.00,7.34,342.00,334.00,3600.00,342.00,342.00,8.22,345.00,334.00,3600.15,342.00,342.00,9.17,345.00,0.44,342.00,1.04,342.00,1.90,343.00,4.21,342.00,20.41,342.00,62.51,358.20,343.00,0.10,348.80,343.00,0.85,343.00,343.00,2.58,346.60,343.00,5.93,391.00,391.00,2.00,352.20,345.00,0.10,343.40,343.00,0.85,355.60,352.00,0.85,356.00,356.00,0.54,356.00,356.00,2.55
wfjsp3_8,wfjsp3,492.00,492.00,492.00,163.31,492.00,486.00,3600.08,492.00,492.00,162.09,492.00,486.00,3600.02,492.00,492.00,170.91,502.00,0.56,498.00,1.23,499.00,2.59,497.00,6.20,492.00,25.96,492.00,66.14,499.60,492.00,0.18,493.00,492.00,0.93,494.20,492.00,3.54,494.80,492.00,6.68,520.00,520.00,1.80,501.60,498.00,0.18,499.00,494.00,0.93,494.20,492.00,0.93,499.00,499.00,0.63,492.00,492.00,4.09
wfjsp3_9,wfjsp3,534.00,534.00,534.00,2.00,534.00,497.00,3600.28,534.00,534.00,2.15,534.00,497.00,3601.38,534.00,534.00,2.11,535.00,0.49,535.00,1.22,535.00,2.33,534.00,4.67,534.00,18.80,534.00,49.51,555.20,535.00,0.15,535.00,535.00,0.66,535.00,535.00,2.62,535.00,535.00,6.79,574.00,574.00,1.34,535.40,535.00,0.15,535.00,535.00,0.66,535.20,535.00,0.66,535.00,535.00,0.44,535.00,535.00,1.75
wfjsp3_10,wfjsp3,455.00,455.00,455.00,11.12,455.00,410.00,3600.09,455.00,455.00,11.00,455.00,409.00,3600.29,455.00,455.00,11.53,455.00,0.59,455.00,1.42,455.00,2.52,455.00,3.85,455.00,17.88,455.00,83.11,464.60,455.00,0.12,457.80,455.00,0.64,457.80,455.00,2.41,455.00,455.00,5.65,485.00,485.00,1.45,462.80,457.00,0.12,456.20,455.00,0.64,455.00,455.00,0.64,455.00,455.00,0.75,455.00,455.00,2.73
wfjsp4_1,wfjsp4,277.00,277.00,277.00,1230.00,281.00,272.00,3600.32,277.00,277.00,1163.27,288.00,272.00,3600.57,277.00,277.00,1345.61,287.00,0.80,288.00,1.48,284.00,3.87,284.00,9.48,282.00,46.64,281.00,184.64,287.20,284.00,0.32,284.20,280.00,1.78,284.40,283.00,5.48,283.00,280.00,11.65,296.00,296.00,2.23,288.00,286.00,0.32,285.80,283.00,1.78,283.80,283.00,1.78,285.00,285.00,0.84,283.00,283.00,3.77
wfjsp4_2,wfjsp4,343.00,350.00,253.00,3600.00,348.00,343.00,3600.00,350.00,342.00,3600.79,352.00,343.00,3601.12,350.00,342.00,3600.52,355.00,1.11,355.00,2.29,353.00,6.86,353.00,11.57,351.00,61.01,351.00,214.56,361.80,357.00,0.36,363.80,357.00,1.79,357.00,356.00,7.31,361.00,357.00,12.34,372.00,372.00,2.84,359.40,357.00,0.36,357.60,356.00,1.79,357.20,354.00,1.79,358.00,358.00,0.84,357.00,357.00,4.13
wfjsp4_3,wfjsp4,360.00,360.00,360.00,376.50,360.00,350.00,3601.11,360.00,360.00,413.86,376.00,350.00,3600.04,360.00,360.00,388.59,372.00,0.93,367.00,2.10,369.00,3.87,368.00,9.22,362.00,53.77,360.00,180.87,371.80,370.00,0.24,368.20,365.00,1.16,367.00,366.00,5.15,366.40,365.00,13.09,394.00,394.00,2.26,373.20,369.00,0.24,369.40,365.00,1.16,368.80,368.00,1.16,368.00,368.00,1.04,368.00,368.00,3.79
wfjsp4_4,wfjsp4,313.00,320.00,227.00,3600.03,321.00,313.00,3600.30,320.00,312.00,3601.02,321.00,313.00,3600.54,320.00,312.00,3600.50,323.00,1.29,323.00,1.83,325.00,4.64,326.00,10.58,323.00,44.33,323.00,156.38,326.80,322.00,0.26,323.20,322.00,1.35,323.00,322.00,4.59,323.20,322.00,9.89,335.00,335.00,2.47,332.40,326.00,0.26,327.00,326.00,1.35,324.40,324.00,1.35,327.00,327.00,0.89,324.00,324.00,3.54
wfjsp4_5,wfjsp4,290.00,290.00,290.00,2.50,290.00,260.00,3600.00,290.00,290.00,2.59,290.00,260.00,3600.67,290.00,290.00,3.18,290.00,0.48,290.00,0.92,290.00,2.17,290.00,4.13,290.00,18.11,290.00,45.21,290.40,290.00,0.13,290.00,290.00,0.65,290.00,290.00,2.51,290.00,290.00,5.83,290.00,290.00,1.68,290.20,290.00,0.13,290.00,290.00,0.65,293.20,291.00,0.65,291.00,291.00,0.35,290.00,290.00,1.44
wfjsp4_6,wfjsp4,346.00,355.00,260.00,3600.12,355.00,346.00,3600.50,355.00,346.00,3600.49,371.00,346.00,3600.81,355.00,346.00,3600.73,367.00,0.72,364.00,2.26,363.00,4.89,359.00,8.78,361.00,45.08,355.00,183.43,381.20,377.00,0.32,377.80,360.00,1.31,369.40,358.00,5.66,372.60,363.00,13.54,380.00,380.00,3.52,370.00,366.00,0.32,366.40,360.00,1.31,372.20,367.00,1.31,378.00,378.00,0.91,370.00,370.00,3.91
wfjsp4_7,wfjsp4,288.00,288.00,288.00,442.00,290.00,286.00,3600.22,288.00,288.00,451.10,291.00,286.00,3600.34,288.00,288.00,440.42,297.00,0.65,298.00,1.27,294.00,4.12,292.00,7.36,291.00,29.08,290.00,129.07,303.80,301.00,0.20,300.40,299.00,1.10,299.20,292.00,5.53,299.80,299.00,10.81,312.00,312.00,2.34,302.00,297.00,0.20,297.60,292.00,1.10,298.60,293.00,1.10,301.00,301.00,0.67,300.00,300.00,3.33
wfjsp4_8,wfjsp4,307.00,316.00,213.00,3600.02,317.00,307.00,3600.00,316.00,307.00,3600.00,320.00,307.00,3600.02,316.00,307.00,3600.52,322.00,0.78,325.00,1.35,321.00,3.73,321.00,7.89,317.00,41.35,317.00,146.28,327.60,322.00,0.26,325.00,322.00,0.85,322.80,322.00,4.10,323.00,323.00,10.29,361.00,361.00,1.91,329.40,325.00,0.26,325.00,321.00,0.85,323.60,323.00,0.85,324.00,324.00,0.65,322.00,322.00,4.12
wfjsp4_9,wfjsp4,288.00,288.00,288.00,51.91,288.00,288.00,2.68,288.00,288.00,62.46,288.00,288.00,2.44,288.00,288.00,55.94,288.00,0.72,288.00,1.18,288.00,2.71,288.00,5.48,288.00,21.97,288.00,61.85,291.80,291.00,0.08,288.00,288.00,0.56,288.00,288.00,2.63,288.00,288.00,4.92,292.00,292.00,1.60,291.20,290.00,0.08,288.60,288.00,0.57,288.60,288.00,0.57,288.00,288.00,0.38,288.00,288.00,1.82
wfjsp4_10,wfjsp4,293.00,293.00,293.00,61.88,293.00,291.00,3600.22,293.00,293.00,64.00,300.00,291.00,3600.61,293.00,293.00,66.01,303.00,0.64,296.00,1.39,296.00,2.88,296.00,5.14,293.00,28.78,293.00,103.14,301.80,295.00,0.19,293.40,293.00,0.83,293.60,293.00,3.60,293.00,293.00,7.68,324.00,324.00,1.91,303.00,296.00,0.19,296.00,296.00,0.83,295.40,295.00,0.83,296.00,296.00,0.54,295.00,295.00,3.19
wfjsp5_1,wfjsp5,572.00,608.00,478.00,3600.00,608.00,572.00,3600.00,608.00,572.00,3601.03,632.00,572.00,3600.03,608.00,572.00,3601.06,621.00,3.51,619.00,8.05,617.00,14.94,610.00,24.82,611.00,153.01,608.00,696.10,625.40,614.00,1.53,620.80,615.00,6.45,630.80,627.00,19.53,624.00,618.00,49.27,649.00,649.00,7.21,631.00,624.00,1.53,621.20,610.00,6.45,624.60,618.00,6.45,626.00,626.00,2.99,626.00,626.00,13.99
wfjsp5_2,wfjsp5,610.00,638.00,424.00,3600.00,645.00,610.00,3600.00,638.00,610.00,3601.08,671.00,610.00,3600.04,638.00,610.00,3601.06,665.00,2.79,653.00,6.83,648.00,20.62,648.00,33.53,652.00,163.70,645.00,618.23,665.20,655.00,1.01,659.60,655.00,4.60,659.00,652.00,26.91,654.40,651.00,61.10,689.00,689.00,5.67,673.00,664.00,1.01,662.80,658.00,4.60,665.60,662.00,4.60,666.00,666.00,2.44,665.00,665.00,11.89
wfjsp5_3,wfjsp5,589.00,626.00,588.00,3600.00,634.00,589.00,3601.06,635.00,589.00,3601.06,654.00,589.00,3600.05,640.00,589.00,3600.04,647.00,3.06,651.00,5.59,637.00,15.33,644.00,26.91,630.00,122.28,634.00,415.61,649.00,642.00,1.18,638.40,635.00,4.68,645.00,633.00,13.36,641.60,636.00,31.89,666.00,666.00,7.99,656.20,644.00,1.18,649.20,644.00,4.68,650.60,646.00,4.68,652.00,652.00,2.50,646.00,646.00,13.52
wfjsp5_4,wfjsp5,695.00,722.00,437.00,3600.00,735.00,695.00,3600.00,722.00,695.00,3600.03,770.00,695.00,3601.07,722.00,695.00,3600.03,751.00,3.81,742.00,8.43,741.00,19.55,737.00,44.85,736.00,155.64,727.00,678.00,752.60,743.00,1.93,744.20,735.00,5.20,742.00,732.00,26.81,746.60,731.00,53.30,770.00,770.00,6.81,752.40,743.00,1.93,745.60,739.00,5.20,741.40,737.00,5.20,738.00,738.00,4.56,735.00,735.00,23.88
wfjsp5_5,wfjsp5,691.00,729.00,462.00,3600.03,720.00,691.00,3600.00,723.00,691.00,3601.04,762.00,690.00,3600.05,733.00,690.00,3600.07,738.00,5.71,734.00,6.50,719.00,15.65,732.00,33.31,721.00,223.90,719.00,741.50,731.20,721.00,1.62,727.80,722.00,8.27,726.00,716.00,21.79,723.40,719.00,63.45,780.00,780.00,7.03,757.20,740.00,1.62,734.80,728.00,8.27,735.00,728.00,8.27,733.00,733.00,4.99,731.00,731.00,19.17
wfjsp5_6,wfjsp5,693.00,732.00,619.00,3600.12,741.00,693.00,3600.00,732.00,693.00,3601.05,773.00,693.00,3601.05,732.00,692.00,3600.05,761.00,3.31,763.00,5.13,752.00,16.02,744.00,24.36,744.00,137.16,740.00,642.27,757.00,743.00,1.29,746.60,744.00,4.97,744.00,740.00,24.07,741.00,735.00,64.44,774.00,774.00,6.81,773.00,760.00,1.29,757.80,754.00,4.97,758.40,756.00,4.97,761.00,761.00,4.18,752.00,752.00,15.57
wfjsp5_7,wfjsp5,713.00,754.00,538.00,3600.00,767.00,713.00,3601.07,754.00,713.00,3601.04,785.00,713.00,3600.06,754.00,713.00,3600.03,794.00,2.91,782.00,8.05,776.00,22.57,771.00,32.89,765.00,156.74,762.00,680.21,782.00,768.00,1.29,765.60,762.00,5.37,770.40,766.00,17.28,770.20,760.00,50.24,794.00,794.00,11.68,789.80,781.00,1.29,782.20,773.00,5.38,789.40,785.00,5.38,782.00,782.00,3.45,771.00,771.00,18.73
wfjsp5_8,wfjsp5,639.00,683.00,596.00,3600.06,683.00,639.00,3600.00,683.00,639.00,3601.04,716.00,639.00,3600.05,683.00,639.00,3601.07,692.00,2.63,709.00,5.11,699.00,15.41,690.00,43.37,686.00,150.69,685.00,601.66,701.60,688.00,1.22,698.80,690.00,5.57,693.00,687.00,17.77,697.80,688.00,35.31,740.00,740.00,8.78,713.60,701.00,1.23,704.40,699.00,5.57,698.60,691.00,5.57,700.00,700.00,2.64,696.00,696.00,21.44
wfjsp5_9,wfjsp5,546.00,582.00,540.00,3600.00,588.00,546.00,3601.07,582.00,546.00,3600.00,617.00,546.00,3600.04,589.00,545.00,3600.02,604.00,3.09,605.00,3.85,591.00,11.64,598.00,18.80,591.00,93.52,584.00,396.32,623.40,608.00,0.60,618.60,614.00,2.46,616.20,606.00,14.56,614.00,606.00,32.76,614.00,614.00,3.77,615.40,606.00,0.60,606.40,603.00,2.46,615.20,604.00,2.46,632.00,632.00,2.14,622.00,622.00,9.48
wfjsp5_10,wfjsp5,627.00,627.00,627.00,1290.00,642.00,559.00,3601.09,627.00,627.00,1489.00,646.00,559.00,3600.03,627.00,627.00,1440.37,652.00,2.45,651.00,4.58,638.00,10.67,648.00,17.25,643.00,92.56,644.00,386.57,663.40,651.00,0.59,659.20,652.00,1.86,652.80,652.00,8.05,652.00,648.00,19.14,722.00,722.00,3.92,657.60,652.00,0.59,652.80,651.00,1.86,655.20,654.00,1.86,656.00,656.00,1.84,654.00,654.00,8.35
wfjsp6_1,wfjsp6,645.00,682.00,478.00,3600.00,681.00,645.00,3601.04,682.00,644.00,3600.02,693.00,644.00,3600.04,682.00,644.00,3600.05,687.00,3.40,687.00,6.12,685.00,16.59,687.00,30.03,685.00,176.87,682.00,774.44,694.80,687.00,2.34,698.60,687.00,6.47,694.20,690.00,26.56,698.00,692.00,56.95,716.00,716.00,10.40,694.40,686.00,2.34,691.80,686.00,6.48,697.60,690.00,6.48,699.00,699.00,3.95,697.00,697.00,21.28
wfjsp6_2,wfjsp6,746.00,780.00,496.00,3600.06,780.00,746.00,3600.04,780.00,746.00,3600.00,788.00,746.00,3600.04,783.00,746.00,3600.03,791.00,8.28,790.00,10.97,789.00,26.07,790.00,43.81,786.00,274.24,781.00,926.25,790.20,784.00,2.99,795.40,790.00,7.06,789.80,782.00,25.85,793.60,787.00,74.23,809.00,809.00,15.84,798.40,789.00,3.00,794.20,789.00,7.06,794.40,788.00,7.06,796.00,796.00,4.22,789.00,789.00,18.95
wfjsp6_3,wfjsp6,708.00,735.00,588.00,3600.00,739.00,708.00,3600.00,740.00,708.00,3601.03,781.00,708.00,3600.03,740.00,708.00,3600.05,755.00,3.80,764.00,5.86,748.00,18.53,744.00,36.09,742.00,160.31,741.00,554.17,751.20,745.00,1.86,744.00,738.00,6.28,748.80,742.00,18.56,750.00,744.00,43.71,781.00,781.00,10.77,764.20,750.00,1.86,755.00,749.00,6.29,746.20,743.00,6.28,747.00,747.00,3.46,738.00,738.00,18.47
wfjsp6_4,wfjsp6,774.00,803.00,437.00,3600.04,813.00,774.00,3600.02,803.00,774.00,3600.03,859.00,774.00,3600.06,803.00,774.00,3600.04,817.00,5.62,824.00,7.41,810.00,21.09,815.00,47.71,814.00,248.37,811.00,952.99,819.60,812.00,2.28,820.00,815.00,7.78,821.20,814.00,26.75,816.80,807.00,64.20,852.00,852.00,8.80,829.40,822.00,2.28,823.00,820.00,7.79,816.60,808.00,7.78,815.00,815.00,4.57,812.00,812.00,23.15
wfjsp6_5,wfjsp6,815.00,844.00,494.00,3600.05,846.00,815.00,3600.00,845.00,815.00,3600.03,920.00,815.00,3600.04,845.00,815.00,3600.20,877.00,3.93,862.00,10.79,852.00,28.09,853.00,63.43,850.00,234.82,851.00,897.75,854.40,851.00,2.64,847.80,845.00,8.71,849.60,843.00,31.96,851.40,844.00,68.03,895.00,895.00,16.31,874.60,870.00,2.64,867.00,857.00,8.71,858.60,853.00,8.71,864.00,864.00,6.07,853.00,853.00,19.64
wfjsp6_6,wfjsp6,776.00,798.00,619.00,3600.12,810.00,776.00,3600.00,798.00,776.00,3601.06,838.00,776.00,3600.06,798.00,776.00,3600.07,821.00,3.57,817.00,7.89,826.00,14.81,820.00,32.20,802.00,207.03,807.00,851.38,825.60,814.00,2.24,814.80,801.00,7.80,818.40,811.00,28.84,808.60,803.00,62.49,909.00,909.00,7.21,833.60,826.00,2.25,828.60,824.00,7.80,825.60,818.00,7.80,817.00,817.00,3.20,817.00,817.00,14.10
wfjsp6_7,wfjsp6,795.00,855.00,538.00,3600.12,836.00,795.00,3600.03,845.00,795.00,3600.01,863.00,795.00,3600.04,859.00,795.00,3600.07,861.00,4.75,853.00,9.14,854.00,21.45,851.00,42.07,840.00,232.66,840.00,795.03,858.20,851.00,1.89,842.00,837.00,7.56,853.40,845.00,26.21,847.20,839.00,60.21,888.00,888.00,8.97,868.60,855.00,1.89,855.00,847.00,7.56,858.40,852.00,7.56,851.00,851.00,3.63,858.00,858.00,18.59
wfjsp6_8,wfjsp6,728.00,759.00,596.00,3600.03,771.00,728.00,3601.09,764.00,728.00,3601.05,821.00,728.00,3600.05,764.00,727.00,3600.04,790.00,4.65,788.00,10.86,777.00,21.54,778.00,38.07,772.00,223.51,773.00,753.41,783.20,777.00,2.12,777.40,770.00,4.82,778.20,767.00,27.93,777.40,767.00,55.55,822.00,822.00,17.90,791.00,786.00,2.13,785.40,777.00,4.82,785.80,781.00,4.82,778.00,778.00,4.94,776.00,776.00,22.33
wfjsp6_9,wfjsp6,652.00,686.00,540.00,3600.03,686.00,652.00,3601.04,687.00,652.00,3601.05,702.00,652.00,3600.03,687.00,652.00,3600.03,707.00,3.45,706.00,6.04,694.00,12.42,694.00,25.76,688.00,146.25,690.00,689.90,709.20,699.00,0.81,698.60,696.00,4.87,697.20,692.00,17.52,697.20,691.00,58.14,769.00,769.00,6.68,714.00,704.00,0.82,703.20,694.00,4.88,705.60,703.00,4.87,711.00,711.00,3.07,710.00,710.00,14.11
wfjsp6_10,wfjsp6,666.00,699.00,481.00,3600.00,705.00,666.00,3601.08,699.00,666.00,3600.01,733.00,666.00,3600.04,699.00,666.00,3600.05,717.00,3.73,714.00,6.57,714.00,12.61,714.00,28.12,707.00,169.31,704.00,603.76,711.80,706.00,1.23,708.80,702.00,4.08,709.20,696.00,18.14,709.00,697.00,57.22,791.00,791.00,5.48,726.60,714.00,1.23,719.20,714.00,4.08,716.80,707.00,4.08,713.00,713.00,3.19,718.00,718.00,16.73
wfjsp7_1,wfjsp7,776.00,815.00,392.00,3600.06,829.00,776.00,3600.03,816.00,776.00,3600.02,866.00,776.00,3600.08,816.00,776.00,3600.04,835.00,6.93,834.00,12.16,835.00,25.32,835.00,45.07,826.00,316.04,824.00,1320.09,835.00,824.00,3.94,831.40,827.00,8.41,827.20,820.00,52.22,827.00,824.00,144.94,850.00,850.00,12.50,846.00,837.00,3.94,839.00,833.00,8.41,839.60,834.00,8.41,844.00,844.00,7.91,836.00,836.00,33.06
wfjsp7_2,wfjsp7,983.00,1038.00,544.00,3600.03,1033.00,983.00,3600.03,1037.00,983.00,3600.03,1099.00,983.00,3600.05,1039.00,982.00,3600.05,1055.00,12.72,1051.00,17.03,1048.00,45.21,1039.00,96.47,1040.00,309.05,1036.00,1650.64,1047.20,1045.00,3.20,1038.60,1029.00,13.33,1037.40,1033.00,58.15,1042.00,1035.00,121.56,1063.00,1063.00,16.41,1054.20,1047.00,3.21,1049.80,1040.00,13.33,1047.00,1044.00,13.33,1048.00,1048.00,10.17,1039.00,1039.00,38.64
wfjsp7_3,wfjsp7,1068.00,1133.00,639.00,3600.06,1139.00,1068.00,3600.03,1130.00,1068.00,3600.04,1183.00,1068.00,3600.05,1136.00,1068.00,3600.07,1160.00,11.36,1143.00,25.32,1154.00,46.11,1143.00,96.98,1135.00,491.72,1138.00,1506.51,1165.00,1160.00,4.96,1142.40,1123.00,17.44,1149.00,1144.00,97.97,1144.60,1134.00,268.11,1208.00,1208.00,17.14,1175.80,1173.00,4.96,1164.80,1151.00,17.45,1156.20,1147.00,17.45,1161.00,1161.00,10.26,1151.00,1151.00,47.94
wfjsp7_4,wfjsp7,900.00,944.00,481.00,3600.06,943.00,900.00,3600.03,947.00,900.00,3600.02,996.00,900.00,3600.06,948.00,900.00,3600.05,959.00,9.69,947.00,18.33,944.00,31.70,949.00,83.67,944.00,325.82,945.00,1772.90,948.40,940.00,4.65,949.20,941.00,11.41,950.80,949.00,51.80,950.80,946.00,143.82,991.00,991.00,15.62,963.00,957.00,4.66,956.20,948.00,11.41,956.00,952.00,11.41,958.00,958.00,10.66,949.00,949.00,43.64
wfjsp7_5,wfjsp7,778.00,803.00,561.00,3600.05,815.00,778.00,3600.03,805.00,778.00,3600.01,861.00,778.00,3600.05,805.00,778.00,3600.07,836.00,6.95,820.00,18.18,822.00,36.62,816.00,58.03,810.00,253.75,810.00,1068.46,819.40,816.00,3.35,818.60,811.00,8.98,819.60,816.00,36.81,815.80,811.00,91.69,859.00,859.00,14.91,838.80,833.00,3.35,827.00,821.00,8.98,817.60,814.00,8.98,818.00,818.00,5.62,817.00,817.00,24.34
wfjsp7_6,wfjsp7,982.00,1010.00,517.00,3600.06,1026.00,982.00,3600.03,1013.00,982.00,3600.03,1081.00,982.00,3600.06,1011.00,982.00,3600.06,1042.00,7.75,1037.00,23.37,1028.00,39.66,1024.00,104.58,1025.00,411.08,1023.00,1458.04,1030.80,1026.00,3.07,1027.40,1019.00,9.32,1024.80,1018.00,80.67,1027.00,1020.00,113.81,1081.00,1081.00,14.52,1051.00,1038.00,3.07,1041.80,1032.00,9.32,1035.00,1031.00,9.32,1033.00,1033.00,10.23,1029.00,1029.00,46.72
wfjsp7_7,wfjsp7,887.00,929.00,525.00,3600.34,946.00,887.00,3600.03,933.00,887.00,3600.02,992.00,887.00,3600.05,938.00,887.00,3600.02,963.00,10.60,955.00,18.54,952.00,41.53,951.00,78.20,946.00,381.39,933.00,1795.26,962.00,945.00,4.17,956.60,949.00,11.28,950.60,941.00,107.51,945.80,940.00,235.55,1003.00,1003.00,15.87,976.00,964.00,4.17,966.80,955.00,11.29,972.60,963.00,11.28,973.00,973.00,7.36,966.00,966.00,39.90
wfjsp7_8,wfjsp7,848.00,882.00,587.00,3600.05,897.00,848.00,3600.03,885.00,848.00,3600.03,948.00,848.00,3600.05,883.00,848.00,3600.08,915.00,6.71,906.00,14.02,906.00,34.41,902.00,80.14,901.00,372.06,891.00,1485.40,913.40,895.00,2.48,900.00,894.00,8.12,899.60,895.00,49.86,901.80,894.00,113.98,954.00,954.00,17.84,922.40,910.00,2.48,912.00,902.00,8.13,914.00,906.00,8.13,914.00,914.00,7.07,902.00,902.00,29.27
wfjsp7_9,wfjsp7,797.00,852.00,499.00,3600.06,848.00,797.00,3600.03,846.00,797.00,3600.05,859.00,797.00,3600.04,852.00,797.00,3600.06,860.00,10.67,861.00,14.52,856.00,36.77,849.00,86.13,841.00,296.79,838.00,1231.98,867.60,862.00,2.98,859.00,851.00,9.08,862.40,857.00,45.15,856.80,842.00,123.61,894.00,894.00,21.20,876.80,852.00,2.98,860.60,849.00,9.08,867.40,863.00,9.08,859.00,859.00,8.93,853.00,853.00,34.64
wfjsp7_10,wfjsp7,885.00,909.00,504.00,3600.05,922.00,885.00,3600.03,909.00,885.00,3600.02,952.00,885.00,3600.06,909.00,885.00,3600.07,933.00,8.91,934.00,11.95,931.00,29.42,929.00,51.91,922.00,395.32,920.00,1258.17,927.60,922.00,3.68,933.20,925.00,8.90,931.00,918.00,53.21,922.00,917.00,161.17,950.00,950.00,35.26,941.20,935.00,3.68,935.20,932.00,8.90,930.20,927.00,8.90,929.00,929.00,5.99,927.00,927.00,30.39
wfjsp8_1,wfjsp8,983.00,1025.00,419.00,3600.07,1043.00,983.00,3600.03,1029.00,983.00,3601.10,1069.00,983.00,3600.05,1029.00,983.00,3600.06,1061.00,16.32,1063.00,24.22,1051.00,72.74,1060.00,113.47,1052.00,476.77,1037.00,1800.00,1055.60,1046.00,4.85,1056.20,1044.00,11.16,1047.20,1042.00,99.42,1049.00,1042.00,226.64,1106.00,1106.00,21.57,1068.00,1062.00,4.85,1064.40,1062.00,11.17,1066.60,1061.00,11.17,1063.00,1063.00,9.65,1056.00,1056.00,45.73
wfjsp8_2,wfjsp8,1209.00,1251.00,544.00,3600.12,1263.00,1209.00,3600.03,1257.00,1209.00,3601.09,1286.00,1209.00,3600.08,1258.00,1209.00,3600.07,1288.00,17.35,1277.00,37.01,1283.00,93.66,1277.00,150.33,1269.00,728.13,1270.00,1800.01,1287.80,1273.00,6.24,1274.40,1271.00,14.32,1273.40,1267.00,86.11,1274.60,1265.00,335.76,1308.00,1308.00,37.18,1300.40,1294.00,6.25,1293.20,1288.00,14.32,1291.60,1286.00,14.32,1287.00,1287.00,13.11,1284.00,1284.00,52.37
wfjsp8_3,wfjsp8,1301.00,1364.00,639.00,3600.12,1379.00,1301.00,3600.04,1369.00,1301.00,3600.06,1423.00,1301.00,3600.06,1375.00,1301.00,3600.09,1412.00,17.89,1391.00,30.77,1381.00,67.40,1399.00,134.60,1381.00,639.05,1369.00,1800.01,1398.20,1395.00,7.49,1380.60,1371.00,17.15,1376.00,1368.00,87.16,1372.20,1362.00,301.02,1426.00,1426.00,37.11,1410.20,1404.00,7.49,1407.80,1404.00,17.15,1406.40,1396.00,17.15,1408.00,1408.00,14.36,1387.00,1387.00,79.06
wfjsp8_4,wfjsp8,1158.00,1211.00,561.00,3600.00,1215.00,1158.00,3600.03,1213.00,1158.00,3601.06,1246.00,1158.00,3600.06,1216.00,1158.00,3600.06,1238.00,14.86,1233.00,23.47,1221.00,61.31,1221.00,107.21,1218.00,628.69,1218.00,1800.00,1223.20,1207.00,7.88,1219.20,1214.00,11.50,1213.20,1208.00,94.91,1212.80,1207.00,263.83,1255.00,1255.00,51.67,1243.60,1232.00,7.89,1241.20,1232.00,11.51,1231.20,1220.00,11.50,1231.00,1231.00,15.49,1218.00,1218.00,89.77
wfjsp8_5,wfjsp8,1008.00,1050.00,561.00,3600.05,1052.00,1008.00,3600.03,1050.00,1008.00,3600.03,1066.00,1008.00,3600.06,1050.00,1008.00,3600.06,1073.00,10.30,1072.00,19.44,1064.00,47.93,1058.00,96.77,1055.00,469.62,1051.00,1800.01,1054.20,1044.00,5.38,1055.00,1051.00,12.13,1051.20,1047.00,72.16,1052.00,1045.00,185.45,1085.00,1085.00,23.72,1077.20,1072.00,5.38,1073.00,1071.00,12.14,1061.80,1059.00,12.13,1068.00,1068.00,8.68,1061.00,1061.00,57.03
wfjsp8_6,wfjsp8,1229.00,1267.00,517.00,3600.03,1282.00,1229.00,3601.09,1273.00,1229.00,3601.07,1316.00,1229.00,3600.08,1273.00,1229.00,3600.04,1285.00,15.85,1285.00,26.26,1285.00,52.89,1285.00,125.74,1281.00,608.32,1282.00,1800.00,1292.80,1284.00,8.06,1290.60,1283.00,13.12,1288.60,1285.00,93.76,1287.20,1281.00,278.15,1320.00,1320.00,28.14,1300.00,1291.00,8.06,1298.00,1287.00,13.12,1292.20,1282.00,13.12,1300.00,1300.00,13.81,1288.00,1288.00,96.46
wfjsp8_7,wfjsp8,1104.00,1158.00,525.00,3600.08,1172.00,1104.00,3600.04,1166.00,1104.00,3600.03,1191.00,1104.00,3600.08,1166.00,1104.00,3600.09,1196.00,20.95,1185.00,27.34,1185.00,68.12,1185.00,104.91,1183.00,654.33,1177.00,1800.00,1200.40,1189.00,8.32,1190.00,1184.00,14.49,1181.40,1172.00,123.59,1192.60,1182.00,195.76,1216.00,1216.00,83.37,1219.00,1197.00,8.32,1197.20,1190.00,14.50,1204.40,1199.00,14.49,1208.00,1208.00,12.84,1197.00,1197.00,58.06
wfjsp8_8,wfjsp8,1107.00,1158.00,587.00,3600.02,1165.00,1107.00,3600.02,1161.00,1106.00,3600.03,1194.00,1107.00,3600.07,1161.00,1106.00,3600.07,1208.00,14.61,1192.00,24.26,1183.00,62.64,1178.00,145.83,1179.00,542.02,1173.00,1800.01,1195.20,1188.00,3.91,1181.60,1177.00,13.53,1171.80,1167.00,109.75,1173.00,1166.00,248.21,1226.00,1226.00,58.81,1217.40,1205.00,3.91,1190.40,1180.00,13.53,1192.80,1190.00,13.53,1202.00,1202.00,9.28,1179.00,1179.00,54.72
wfjsp8_9,wfjsp8,995.00,1044.00,499.00,3600.07,1047.00,995.00,3600.03,1045.00,995.00,3600.04,1067.00,995.00,3600.08,1048.00,995.00,3600.10,1072.00,14.09,1073.00,20.70,1062.00,58.64,1058.00,112.14,1045.00,565.45,1054.00,1800.00,1081.00,1074.00,5.09,1065.40,1050.00,11.14,1065.80,1059.00,72.06,1072.60,1060.00,242.23,1117.00,1117.00,47.50,1077.60,1071.00,5.10,1069.60,1062.00,11.14,1078.20,1070.00,11.14,1090.00,1090.00,14.80,1066.00,1066.00,57.64
wfjsp8_10,wfjsp8,1163.00,1194.00,648.00,3600.50,1210.00,1163.00,3600.03,1197.00,1163.00,3600.03,1231.00,1163.00,3600.10,1197.00,1163.00,3600.06,1221.00,17.29,1220.00,28.26,1210.00,63.60,1214.00,102.01,1213.00,517.88,1208.00,1800.00,1215.60,1212.00,4.02,1211.40,1204.00,12.10,1207.40,1204.00,72.88,1207.60,1203.00,186.88,1233.00,1233.00,29.64,1240.00,1230.00,4.03,1229.40,1224.00,12.11,1214.40,1209.00,12.11,1217.00,1217.00,8.92,1212.00,1212.00,53.32
wfjsp9_1,wfjsp9,1239.00,1314.00,493.00,3600.00,1313.00,1239.00,3600.04,1315.00,1239.00,3600.03,1333.00,1239.00,3600.09,1320.00,1239.00,3600.06,1353.00,20.29,1348.00,32.57,1325.00,113.34,1329.00,134.24,1324.00,843.16,1321.00,1800.01,1339.20,1323.00,13.21,1344.60,1338.00,17.41,1327.20,1309.00,125.44,1341.20,1329.00,305.28,1375.00,1375.00,30.89,1354.00,1338.00,13.22,1349.20,1338.00,17.42,1351.40,1343.00,17.41,1353.00,1353.00,16.45,1340.00,1340.00,116.18
wfjsp9_2,wfjsp9,1337.00,1404.00,538.00,3600.00,1405.00,1337.00,3600.04,1400.00,1337.00,3600.07,1446.00,1337.00,3600.07,1405.00,1337.00,3600.08,1435.00,16.09,1418.00,39.01,1417.00,91.39,1410.00,137.90,1410.00,654.70,1405.00,1800.01,1426.60,1412.00,13.31,1419.20,1410.00,17.59,1420.20,1417.00,129.83,1421.40,1417.00,334.26,1452.00,1452.00,39.03,1425.80,1419.00,13.32,1425.80,1419.00,17.60,1424.40,1419.00,17.59,1431.00,1431.00,18.11,1407.00,1407.00,98.05
wfjsp9_3,wfjsp9,1419.00,1483.00,567.00,3600.06,1485.00,1419.00,3600.00,1484.00,1419.00,3600.04,1539.00,1419.00,3600.08,1484.00,1419.00,3600.09,1539.00,22.14,1520.00,46.48,1531.00,76.21,1521.00,194.89,1512.00,842.75,1514.00,1800.01,1534.00,1507.00,9.27,1509.00,1492.00,23.53,1500.40,1491.00,171.22,1506.00,1494.00,279.89,1557.00,1557.00,50.96,1553.00,1535.00,9.27,1546.40,1536.00,23.54,1537.60,1532.00,23.53,1531.00,1531.00,25.35,1516.00,1516.00,118.92
wfjsp9_4,wfjsp9,1300.00,1357.00,553.00,3600.12,1368.00,1300.00,3601.12,1361.00,1300.00,3600.05,1389.00,1300.00,3600.09,1361.00,1300.00,3600.10,1386.00,19.53,1379.00,46.99,1372.00,84.22,1372.00,150.74,1370.00,711.88,1368.00,1800.01,1383.20,1370.00,7.71,1372.40,1368.00,17.31,1362.80,1357.00,133.21,1364.40,1361.00,353.81,1418.00,1418.00,35.08,1393.60,1379.00,7.71,1385.20,1371.00,17.31,1383.60,1376.00,17.31,1380.00,1380.00,15.95,1374.00,1374.00,101.73
wfjsp9_5,wfjsp9,1209.00,1247.00,482.00,3600.12,1268.00,1209.00,3600.00,1251.00,1209.00,3600.00,1301.00,1209.00,3600.10,1251.00,1209.00,3600.03,1293.00,15.96,1286.00,38.56,1274.00,83.19,1275.00,146.98,1269.00,654.87,1266.00,1800.01,1272.00,1266.00,5.73,1268.40,1259.00,16.78,1266.80,1262.00,120.53,1267.80,1260.00,317.03,1301.00,1301.00,29.82,1298.20,1285.00,5.74,1286.80,1281.00,16.78,1277.40,1275.00,16.78,1279.00,1279.00,20.07,1271.00,1271.00,92.46
wfjsp9_6,wfjsp9,1342.00,1383.00,584.00,3600.12,1400.00,1342.00,3600.04,1386.00,1342.00,3600.00,1441.00,1342.00,3600.10,1386.00,1342.00,3600.10,1425.00,17.58,1409.00,34.92,1411.00,82.39,1410.00,165.24,1400.00,634.76,1404.00,1800.01,1408.20,1399.00,7.82,1409.20,1397.00,18.01,1398.80,1387.00,122.67,1399.40,1392.00,314.17,1432.00,1432.00,34.55,1433.60,1418.00,7.82,1424.40,1409.00,18.02,1412.40,1410.00,18.01,1411.00,1411.00,15.30,1407.00,1407.00,101.73
wfjsp9_7,wfjsp9,1248.00,1318.00,562.00,3600.12,1328.00,1248.00,3600.02,1330.00,1248.00,3600.00,1340.00,1248.00,3600.13,1331.00,1248.00,3600.09,1351.00,26.66,1342.00,41.50,1341.00,92.52,1336.00,159.22,1320.00,740.66,1325.00,1800.01,1365.80,1350.00,10.88,1351.60,1334.00,18.77,1343.80,1338.00,168.12,1342.20,1326.00,369.57,1384.00,1384.00,36.19,1356.40,1339.00,10.88,1346.40,1339.00,18.77,1356.80,1348.00,18.77,1359.00,1359.00,20.83,1354.00,1354.00,79.30
wfjsp9_8,wfjsp9,1315.00,1386.00,639.00,3600.00,1399.00,1315.00,3600.03,1390.00,1315.00,3600.00,1421.00,1315.00,3600.11,1403.00,1315.00,3600.05,1426.00,19.58,1419.00,33.23,1406.00,66.39,1404.00,156.44,1402.00,689.62,1392.00,1800.01,1412.40,1397.00,7.70,1402.20,1393.00,20.90,1398.60,1395.00,118.97,1408.40,1403.00,289.67,1427.00,1427.00,87.46,1446.40,1427.00,7.71,1417.60,1404.00,20.91,1410.20,1401.00,20.90,1417.00,1417.00,20.16,1408.00,1408.00,64.72
wfjsp9_9,wfjsp9,1227.00,1294.00,544.00,3600.12,1292.00,1227.00,3600.03,1298.00,1227.00,3600.04,1298.00,1227.00,3600.06,1301.00,1227.00,3600.08,1312.00,25.31,1321.00,42.65,1311.00,68.88,1306.00,131.17,1297.00,558.77,1294.00,1800.01,1335.60,1312.00,14.24,1328.40,1326.00,23.36,1326.40,1318.00,178.84,1329.00,1312.00,378.50,1393.00,1393.00,43.39,1324.40,1316.00,14.25,1317.80,1309.00,23.37,1342.20,1334.00,23.37,1343.00,1343.00,16.24,1335.00,1335.00,80.66
wfjsp9_10,wfjsp9,1375.00,1414.00,675.00,3600.12,1431.00,1375.00,3601.11,1421.00,1375.00,3600.08,1475.00,1375.00,3600.08,1423.00,1375.00,3600.08,1445.00,20.81,1442.00,45.07,1449.00,71.36,1443.00,132.85,1434.00,740.08,1426.00,1800.01,1440.40,1431.00,5.09,1432.60,1429.00,11.10,1426.60,1423.00,101.37,1425.80,1421.00,284.24,1456.00,1456.00,41.93,1467.80,1450.00,5.10,1453.00,1445.00,11.11,1440.20,1435.00,11.10,1441.00,1441.00,18.80,1431.00,1431.00,92.78
wfjsp10_1,wfjsp10,695.00,781.00,535.00,3600.25,779.00,695.00,3600.08,774.00,695.00,3600.17,849.00,695.00,3600.09,781.00,695.00,3600.15,796.00,12.93,790.00,27.94,785.00,68.63,782.00,129.43,772.00,565.96,775.00,1800.01,823.20,810.00,4.95,796.80,782.00,16.10,779.20,769.00,118.85,789.60,773.00,281.39,840.00,840.00,20.71,800.20,790.00,4.95,790.60,779.00,16.11,814.00,807.00,16.10,822.00,822.00,13.93,801.00,801.00,84.55
wfjsp10_2,wfjsp10,763.00,836.00,544.00,3600.12,853.00,763.00,3600.19,837.00,763.00,3600.12,967.00,763.00,3600.17,837.00,763.00,3600.16,869.00,16.34,868.00,30.21,867.00,59.49,852.00,159.66,855.00,613.67,849.00,1800.01,874.00,867.00,7.81,859.80,855.00,18.47,844.20,837.00,135.76,845.20,833.00,280.06,866.00,866.00,59.17,875.00,867.00,7.82,867.60,857.00,18.48,881.20,875.00,18.48,881.00,881.00,23.26,866.00,866.00,102.50
wfjsp10_3,wfjsp10,840.00,923.00,636.00,3600.25,927.00,840.00,3601.20,923.00,840.00,3601.24,1018.00,840.00,3600.15,932.00,840.00,3600.17,951.00,18.93,948.00,33.22,940.00,76.74,926.00,237.70,921.00,715.07,921.00,1800.01,976.40,960.00,6.65,943.40,931.00,30.26,931.60,923.00,143.66,933.80,921.00,483.09,954.00,954.00,79.54,965.20,948.00,6.66,947.40,943.00,30.27,964.20,959.00,30.26,972.00,972.00,28.91,960.00,960.00,116.52
wfjsp10_4,wfjsp10,784.00,873.00,560.00,3600.12,870.00,784.00,3601.14,870.00,784.00,3601.19,927.00,784.00,3600.15,874.00,784.00,3600.13,886.00,16.42,890.00,33.85,879.00,70.41,878.00,186.54,870.00,678.40,868.00,1800.01,893.20,884.00,5.80,877.80,872.00,21.24,867.40,861.00,122.24,869.20,865.00,269.51,918.00,918.00,29.21,899.40,893.00,5.80,887.00,876.00,21.25,902.40,897.00,21.24,899.00,899.00,21.45,890.00,890.00,123.80
wfjsp10_5,wfjsp10,657.00,733.00,558.00,3600.12,729.00,657.00,3600.03,730.00,657.00,3601.22,817.00,657.00,3600.11,742.00,657.00,3600.09,756.00,11.15,758.00,19.53,739.00,58.55,740.00,129.69,734.00,554.71,729.00,1800.01,772.60,768.00,6.39,759.00,747.00,13.52,752.00,740.00,104.31,749.20,739.00,208.92,794.00,794.00,20.37,752.60,742.00,6.39,746.60,738.00,13.53,783.00,771.00,13.53,785.00,785.00,13.26,771.00,771.00,75.99
wfjsp10_6,wfjsp10,829.00,896.00,550.00,3600.12,915.00,829.00,3601.22,898.00,829.00,3601.18,984.00,829.00,3600.06,898.00,829.00,3600.15,931.00,22.37,924.00,34.48,916.00,66.10,916.00,115.01,906.00,511.02,907.00,1800.01,929.60,926.00,7.45,910.20,896.00,21.55,909.60,900.00,107.02,906.40,894.00,398.52,996.00,996.00,23.12,934.60,930.00,7.46,926.60,916.00,21.56,932.00,930.00,21.55,935.00,935.00,27.83,918.00,918.00,88.24
wfjsp10_7,wfjsp10,743.00,819.00,530.00,3600.25,822.00,743.00,3600.14,820.00,743.00,3601.18,912.00,743.00,3600.17,820.00,743.00,3600.14,849.00,14.42,835.00,27.95,852.00,58.11,838.00,169.59,835.00,800.24,836.00,1800.01,862.00,855.00,7.52,854.20,833.00,18.69,839.80,829.00,96.41,843.00,831.00,201.10,888.00,888.00,41.81,861.60,852.00,7.53,856.60,852.00,18.70,876.00,866.00,18.69,879.00,879.00,20.06,875.00,875.00,100.21
wfjsp10_8,wfjsp10,740.00,824.00,581.00,3600.25,840.00,740.00,3600.10,826.00,740.00,3601.09,901.00,740.00,3600.12,826.00,740.00,3600.13,845.00,12.54,842.00,25.08,845.00,46.88,844.00,103.46,832.00,578.59,835.00,1800.00,868.60,857.00,5.90,843.20,824.00,18.32,839.80,834.00,81.79,830.40,825.00,308.32,896.00,896.00,21.05,862.20,855.00,5.91,853.40,848.00,18.32,871.40,866.00,18.32,853.00,853.00,21.95,867.00,867.00,87.29
wfjsp10_9,wfjsp10,712.00,803.00,547.00,3600.12,811.00,711.00,3600.10,806.00,711.00,3601.22,895.00,710.00,3600.20,804.00,712.00,3600.06,827.00,13.11,819.00,28.54,813.00,62.07,814.00,100.11,811.00,582.85,804.00,1800.01,841.60,824.00,8.86,823.60,811.00,17.79,811.80,802.00,142.20,811.40,803.00,220.81,873.00,873.00,34.27,832.60,817.00,8.86,826.60,817.00,17.80,849.80,843.00,17.80,860.00,860.00,13.26,829.00,829.00,69.35
wfjsp10_10,wfjsp10,785.00,859.00,645.00,3600.00,864.00,785.00,3600.11,864.00,785.00,3601.27,1002.00,785.00,3600.14,876.00,785.00,3600.12,886.00,14.99,869.00,30.79,866.00,71.05,871.00,115.56,863.00,588.54,859.00,1800.00,884.40,875.00,5.99,872.40,865.00,15.29,858.80,852.00,97.55,860.00,851.00,218.18,904.00,904.00,33.38,898.00,887.00,5.99,884.80,884.00,15.29,893.40,887.00,15.29,903.00,903.00,13.90,887.00,887.00,60.35
wfjsp11_1,wfjsp11,874.00,969.00,685.00,3600.00,980.00,873.00,3600.01,977.00,874.00,3600.01,1127.00,873.00,3600.17,977.00,873.00,3600.17,998.00,33.72,989.00,57.43,987.00,143.49,980.00,218.84,980.00,780.46,977.00,1800.01,1011.00,1002.00,13.43,1006.00,1004.00,19.97,985.20,976.00,154.08,980.80,969.00,658.29,1022.00,1022.00,50.85,1009.20,1005.00,13.44,1008.80,1004.00,19.98,1019.80,1014.00,19.97,1017.00,1017.00,53.28,1009.00,1009.00,136.77
wfjsp11_2,wfjsp11,1079.00,1184.00,813.00,3600.00,1207.00,1079.00,3600.16,1188.00,1079.00,3600.11,1352.00,1079.00,3600.10,1188.00,1079.00,3600.19,1243.00,40.23,1231.00,70.15,1226.00,173.94,1209.00,552.40,1195.00,900.01,1195.00,1800.01,1234.40,1228.00,19.08,1233.60,1226.00,29.53,1205.00,1193.00,199.99,1198.00,1185.00,773.33,1226.00,1226.00,99.60,1245.80,1233.00,19.09,1237.20,1231.00,29.55,1253.60,1237.00,29.54,1247.00,1247.00,46.83,1233.00,1233.00,266.00
wfjsp11_3,wfjsp11,1040.00,1149.00,779.00,3600.34,1169.00,1040.00,3600.10,1151.00,1040.00,3600.01,1323.00,1040.00,3600.21,1151.00,1040.00,3600.08,1203.00,42.44,1193.00,77.15,1177.00,132.26,1177.00,222.40,1173.00,900.01,1160.00,1800.01,1225.60,1208.00,27.05,1210.60,1197.00,34.50,1187.00,1181.00,238.81,1208.40,1190.00,505.86,1232.00,1232.00,65.86,1202.00,1189.00,27.07,1205.60,1190.00,34.51,1226.60,1217.00,34.51,1215.00,1215.00,56.77,1209.00,1209.00,212.04
wfjsp11_4,wfjsp11,1029.00,1135.00,841.00,3600.26,1160.00,1029.00,3600.17,1138.00,1029.00,3600.17,1302.00,1029.00,3600.18,1137.00,1029.00,3600.20,1185.00,35.67,1170.00,70.70,1161.00,135.68,1161.00,245.16,1153.00,900.01,1157.00,1800.01,1183.00,1172.00,20.38,1177.00,1164.00,28.13,1146.60,1132.00,296.53,1150.20,1142.00,713.63,1191.00,1191.00,94.90,1191.40,1177.00,20.39,1181.80,1169.00,28.14,1214.00,1192.00,28.14,1209.00,1209.00,50.03,1171.00,1171.00,245.68
wfjsp11_5,wfjsp11,1084.00,1180.00,756.00,3600.18,1183.00,1083.00,3600.20,1182.00,1084.00,3600.10,1362.00,1083.00,3600.22,1182.00,1084.00,3600.18,1209.00,36.18,1209.00,87.45,1216.00,201.45,1199.00,373.05,1204.00,900.01,1190.00,1800.01,1238.20,1225.00,24.45,1226.60,1211.00,31.06,1204.60,1197.00,244.89,1205.40,1193.00,519.92,1255.00,1255.00,56.64,1236.80,1216.00,24.46,1230.20,1216.00,31.07,1241.80,1238.00,31.07,1225.00,1225.00,77.30,1215.00,1215.00,337.00
wfjsp11_6,wfjsp11,873.00,937.00,752.00,3600.00,978.00,873.00,3601.43,938.00,873.00,3600.00,1105.00,873.00,3600.19,938.00,873.00,3600.15,985.00,24.46,980.00,35.46,980.00,72.99,976.00,164.79,967.00,664.48,965.00,1800.01,985.80,968.00,6.80,978.60,972.00,17.92,956.60,946.00,210.71,953.60,943.00,460.45,1021.00,1021.00,36.56,994.00,984.00,6.81,984.80,973.00,17.93,989.80,978.00,17.93,987.00,987.00,28.98,976.00,976.00,154.80
wfjsp11_7,wfjsp11,900.00,1015.00,766.00,3600.12,1008.00,900.00,3600.17,1015.00,900.00,3600.01,1103.00,900.00,3600.19,1021.00,900.00,3600.20,1040.00,34.45,1040.00,48.06,1026.00,120.29,1019.00,211.30,1016.00,900.01,1013.00,1800.01,1060.80,1056.00,11.83,1051.60,1043.00,30.04,1021.60,1011.00,223.08,1035.40,1023.00,662.94,1051.00,1051.00,76.09,1055.40,1040.00,11.84,1042.60,1037.00,30.05,1059.60,1051.00,30.04,1067.00,1067.00,48.47,1051.00,1051.00,203.40
wfjsp11_8,wfjsp11,921.00,1032.00,801.00,3600.25,1044.00,921.00,3600.00,1038.00,921.00,3600.01,1178.00,921.00,3600.16,1037.00,921.00,3600.14,1086.00,32.25,1068.00,62.13,1061.00,128.30,1050.00,296.06,1045.00,900.01,1044.00,1800.01,1074.60,1058.00,16.83,1072.20,1066.00,17.01,1047.00,1039.00,169.57,1047.20,1038.00,546.66,1060.00,1060.00,90.13,1090.00,1074.00,16.84,1083.20,1077.00,17.02,1106.20,1102.00,17.02,1088.00,1088.00,55.32,1081.00,1081.00,156.08
wfjsp11_9,wfjsp11,1009.00,1136.00,769.00,3600.25,1153.00,1009.00,3600.19,1147.00,1009.00,3600.01,1294.00,1009.00,3600.18,1147.00,1009.00,3600.21,1173.00,38.35,1178.00,49.34,1172.00,141.94,1172.00,236.50,1148.00,900.01,1139.00,1800.01,1198.00,1188.00,14.94,1190.00,1182.00,23.70,1158.60,1144.00,210.91,1169.40,1149.00,609.37,1215.00,1215.00,47.09,1203.80,1190.00,14.95,1186.60,1171.00,23.71,1225.00,1208.00,23.70,1208.00,1208.00,42.05,1204.00,1204.00,167.36
wfjsp11_10,wfjsp11,1024.00,1091.00,819.00,3600.25,1117.00,1023.00,3600.13,1092.00,1024.00,3600.01,1304.00,1023.00,3600.19,1092.00,1024.00,3600.20,1138.00,43.06,1137.00,48.04,1133.00,142.38,1133.00,180.96,1121.00,900.01,1120.00,1800.01,1147.80,1139.00,10.31,1141.20,1134.00,20.99,1118.60,1106.00,169.86,1117.40,1115.00,608.34,1121.00,1121.00,75.16,1168.60,1138.00,10.32,1155.20,1138.00,21.00,1157.00,1142.00,20.99,1159.00,1159.00,34.04,1146.00,1146.00,193.44
wfjsp12_1,wfjsp12,819.00,896.00,527.00,3600.25,913.00,819.00,3600.04,899.00,819.00,3600.00,972.00,819.00,3600.19,899.00,819.00,3600.06,926.00,29.73,926.00,56.26,916.00,167.00,917.00,377.38,916.00,900.01,912.00,1800.01,931.60,923.00,13.65,924.40,919.00,26.50,909.40,905.00,198.53,906.40,900.00,445.75,954.00,954.00,75.40,933.00,927.00,13.66,928.80,924.00,26.51,935.00,931.00,26.51,928.00,928.00,43.36,921.00,921.00,241.80
wfjsp12_2,wfjsp12,917.00,997.00,531.00,3600.25,1016.00,917.00,3600.16,1000.00,917.00,3600.01,1112.00,917.00,3600.19,1000.00,917.00,3600.18,1034.00,47.20,1035.00,77.05,1031.00,162.66,1031.00,312.21,1020.00,900.01,1028.00,1800.01,1032.20,1025.00,10.44,1028.60,1023.00,25.61,1007.80,1000.00,231.67,1002.60,996.00,606.19,1033.00,1033.00,89.00,1058.40,1045.00,10.46,1045.00,1039.00,25.62,1045.80,1041.00,25.62,1038.00,1038.00,50.04,1030.00,1030.00,245.28
wfjsp12_3,wfjsp12,980.00,1103.00,599.00,3600.31,1085.00,980.00,3601.25,1086.00,980.00,3600.18,1200.00,980.00,3600.22,1109.00,980.00,3600.15,1119.00,72.76,1114.00,109.43,1114.00,219.33,1108.00,530.92,1097.00,900.01,1093.00,1800.02,1123.60,1121.00,18.05,1126.40,1124.00,27.74,1096.20,1095.00,240.66,1090.60,1082.00,901.74,1135.00,1135.00,118.84,1130.20,1123.00,18.07,1126.00,1115.00,27.75,1130.60,1123.00,27.74,1124.00,1124.00,65.90,1119.00,1119.00,252.13
wfjsp12_4,wfjsp12,937.00,1027.00,584.00,3600.28,1025.00,937.00,3601.22,1029.00,937.00,3600.17,1095.00,937.00,3600.12,1030.00,937.00,3600.20,1057.00,52.20,1061.00,72.96,1042.00,212.13,1048.00,430.53,1045.00,900.01,1039.00,1800.01,1043.60,1037.00,14.94,1043.40,1039.00,24.78,1026.40,1016.00,182.38,1018.60,1013.00,629.66,1051.00,1051.00,133.84,1069.60,1063.00,14.95,1064.00,1059.00,24.79,1061.60,1046.00,24.79,1045.00,1045.00,55.73,1041.00,1041.00,287.40
wfjsp12_5,wfjsp12,801.00,869.00,556.00,3600.25,873.00,801.00,3600.14,871.00,801.00,3600.01,951.00,801.00,3600.19,871.00,801.00,3600.14,894.00,43.76,889.00,72.38,886.00,146.97,887.00,287.88,875.00,900.01,869.00,1800.01,884.00,873.00,11.14,877.20,871.00,27.59,869.20,867.00,147.59,865.60,861.00,635.29,905.00,905.00,99.21,907.60,890.00,11.15,895.80,890.00,27.60,884.60,877.00,27.60,883.00,883.00,48.29,879.00,879.00,152.71
wfjsp12_6,wfjsp12,1049.00,1134.00,603.00,3600.75,1157.00,1049.00,3600.01,1137.00,1049.00,3600.20,1252.00,1049.00,3600.22,1137.00,1049.00,3600.20,1174.00,44.55,1165.00,99.62,1159.00,187.89,1154.00,342.46,1153.00,900.01,1154.00,1800.01,1152.60,1148.00,11.86,1159.00,1156.00,23.96,1138.60,1135.00,145.80,1135.20,1132.00,515.35,1166.00,1166.00,275.98,1189.60,1179.00,11.87,1180.80,1167.00,23.98,1160.00,1153.00,23.97,1156.00,1156.00,55.59,1148.00,1148.00,255.72
wfjsp12_7,wfjsp12,893.00,1018.00,506.00,3600.50,996.00,893.00,3600.11,1011.00,892.00,3600.16,1073.00,893.00,3600.10,1018.00,892.00,3600.15,1035.00,44.20,1027.00,90.88,1019.00,184.71,1004.00,456.05,1009.00,900.01,1006.00,1800.01,1032.80,1025.00,12.34,1031.60,1027.00,23.24,1007.80,998.00,231.45,1003.20,995.00,722.97,1054.00,1054.00,198.54,1044.60,1042.00,12.36,1038.60,1035.00,23.25,1039.20,1035.00,23.24,1035.00,1035.00,68.17,1031.00,1031.00,296.43
wfjsp12_8,wfjsp12,875.00,980.00,578.00,3600.50,978.00,875.00,3600.18,981.00,875.00,3600.14,1071.00,875.00,3600.12,986.00,875.00,3600.16,991.00,35.85,991.00,61.04,988.00,129.67,989.00,268.50,990.00,900.01,988.00,1800.01,999.20,994.00,12.77,1004.40,999.00,26.39,980.60,976.00,183.20,979.20,976.00,470.19,1020.00,1020.00,280.87,1012.60,1003.00,12.78,1009.00,994.00,26.41,1012.80,1005.00,26.40,1004.00,1004.00,80.77,1003.00,1003.00,207.71
wfjsp12_9,wfjsp12,883.00,995.00,535.00,3600.23,980.00,883.00,3600.12,981.00,883.00,3600.11,1081.00,883.00,3600.06,1004.00,883.00,3600.18,1029.00,38.23,1010.00,104.53,1010.00,203.77,999.00,435.04,996.00,900.01,985.00,1800.01,1008.80,990.00,16.35,1009.80,1003.00,26.30,981.40,974.00,229.95,981.00,975.00,604.55,1037.00,1037.00,125.92,1023.40,1014.00,16.36,1017.60,1011.00,26.32,1022.60,1017.00,26.31,1016.00,1016.00,54.50,1006.00,1006.00,309.51
wfjsp12_10,wfjsp12,1021.00,1099.00,623.00,3600.25,1111.00,1021.00,3600.16,1100.00,1021.00,3600.01,1183.00,1021.00,3600.19,1102.00,1021.00,3600.17,1143.00,42.70,1130.00,74.10,1124.00,215.86,1119.00,340.88,1119.00,900.01,1115.00,1800.01,1124.60,1114.00,12.43,1118.20,1114.00,32.10,1107.40,1104.00,218.98,1100.60,1089.00,905.60,1125.00,1125.00,97.71,1161.60,1150.00,12.44,1145.80,1140.00,32.11,1122.20,1119.00,32.10,1122.00,1122.00,69.15,1111.00,1111.00,206.44
wfjsp13_1,wfjsp13,751.00,866.00,657.00,3600.47,876.00,751.00,3600.02,868.00,751.00,3600.19,1010.00,750.00,3600.20,868.00,750.00,3600.50,900.00,63.74,891.00,142.50,882.00,286.76,881.00,600.02,874.00,900.02,874.00,1800.02,895.00,888.00,25.17,896.60,893.00,31.77,869.20,867.00,299.26,857.00,849.00,1036.51,886.00,886.00,193.49,904.60,895.00,25.19,903.60,896.00,31.79,908.20,900.00,31.78,891.00,891.00,118.37,881.00,881.00,384.40
wfjsp13_2,wfjsp13,845.00,962.00,654.00,3600.75,976.00,845.00,3600.03,967.00,845.00,3600.44,1154.00,845.00,3600.38,967.00,845.00,3600.37,996.00,78.30,986.00,168.42,989.00,300.02,987.00,600.02,979.00,900.02,975.00,1800.02,1004.60,990.00,45.02,1002.80,1000.00,39.08,972.20,966.00,416.06,965.80,956.00,992.77,1004.00,1004.00,140.80,1007.60,998.00,45.04,1011.80,1002.00,39.11,1007.80,994.00,39.10,1005.00,1005.00,145.04,998.00,998.00,490.60
wfjsp13_3,wfjsp13,760.00,883.00,623.00,3600.56,872.00,760.00,3600.01,881.00,760.00,3600.36,1039.00,760.00,3600.32,886.00,760.00,3600.33,913.00,99.08,906.00,101.40,896.00,300.02,896.00,600.02,884.00,900.02,882.00,1800.02,913.60,897.00,33.72,914.20,909.00,33.22,892.20,885.00,251.27,887.20,883.00,917.75,940.00,940.00,88.60,918.00,909.00,33.74,916.60,909.00,33.24,915.00,906.00,33.23,906.00,906.00,80.33,906.00,906.00,465.06
wfjsp13_4,wfjsp13,791.00,908.00,621.00,3600.25,911.00,791.00,3600.03,909.00,791.00,3600.42,1095.00,791.00,3600.38,909.00,791.00,3600.25,931.00,73.64,917.00,126.48,922.00,229.31,918.00,453.90,912.00,900.02,914.00,1800.02,921.00,913.00,42.21,927.80,914.00,31.52,899.60,892.00,350.08,894.80,892.00,1121.92,923.00,923.00,206.64,936.40,927.00,42.23,937.80,932.00,31.53,934.20,928.00,31.53,922.00,922.00,106.20,919.00,919.00,439.23
wfjsp13_5,wfjsp13,713.00,809.00,575.00,3600.75,819.00,713.00,3600.02,815.00,713.00,3600.10,991.00,713.00,3600.40,817.00,712.00,3600.15,849.00,83.73,833.00,146.44,821.00,300.02,820.00,600.01,822.00,900.03,821.00,1800.02,843.40,834.00,31.31,833.60,830.00,47.48,812.20,804.00,385.89,813.80,807.00,889.69,847.00,847.00,135.12,846.00,838.00,31.33,843.80,838.00,47.49,839.80,835.00,47.48,844.00,844.00,116.22,831.00,831.00,363.99
wfjsp13_6,wfjsp13,880.00,988.00,663.00,3600.62,1009.00,880.00,3600.02,995.00,880.00,3600.24,1226.00,880.00,3600.37,995.00,880.00,3600.29,1034.00,73.21,1028.00,106.65,1022.00,256.66,1014.00,600.02,1021.00,900.02,1006.00,1800.02,1034.60,1021.00,20.34,1034.00,1028.00,37.77,1001.80,999.00,317.03,992.60,986.00,712.49,1038.00,1038.00,106.55,1045.60,1035.00,20.36,1035.40,1028.00,37.79,1043.80,1030.00,37.78,1036.00,1036.00,127.67,1017.00,1017.00,541.71
wfjsp13_7,wfjsp13,734.00,875.00,734.00,3600.62,861.00,734.00,3600.01,860.00,734.00,3600.36,987.00,734.00,3600.28,875.00,734.00,3600.12,871.00,79.94,875.00,97.70,867.00,268.07,861.00,431.41,858.00,900.02,860.00,1800.02,897.40,891.00,26.51,897.80,892.00,29.93,873.40,867.00,213.89,861.40,853.00,880.22,885.00,885.00,254.46,892.20,875.00,26.54,888.40,875.00,29.95,905.40,898.00,29.94,898.00,898.00,109.79,880.00,880.00,421.76
wfjsp13_8,wfjsp13,768.00,899.00,639.00,3600.44,895.00,768.00,3600.02,896.00,768.00,3600.30,1047.00,768.00,3600.41,906.00,768.00,3600.15,927.00,50.42,903.00,142.20,903.00,300.02,905.00,600.02,905.00,900.02,899.00,1800.02,922.60,911.00,27.74,923.80,915.00,34.08,890.00,886.00,405.61,889.80,883.00,881.83,932.00,932.00,153.32,923.60,918.00,27.76,925.20,917.00,34.10,930.20,923.00,34.09,926.00,926.00,110.03,911.00,911.00,437.10
wfjsp13_9,wfjsp13,826.00,967.00,671.00,3600.31,961.00,826.00,3600.02,961.00,826.00,3600.39,1138.00,826.00,3600.17,970.00,826.00,3600.41,995.00,79.48,986.00,160.30,978.00,300.02,971.00,600.02,970.00,900.02,963.00,1800.02,1004.40,993.00,21.79,997.00,990.00,28.56,960.00,950.00,432.37,955.80,948.00,1113.27,979.00,979.00,245.72,1011.00,1004.00,21.82,1003.00,983.00,28.58,1013.60,993.00,28.57,979.00,979.00,107.81,982.00,982.00,444.94
wfjsp13_10,wfjsp13,823.00,916.00,747.00,3600.38,938.00,823.00,3600.02,918.00,823.00,3600.33,1146.00,823.00,3600.28,918.00,823.00,3600.26,970.00,90.70,961.00,140.33,954.00,300.02,949.00,600.02,947.00,900.02,942.00,1800.02,957.00,941.00,43.64,952.60,946.00,36.26,928.40,921.00,272.14,925.40,924.00,1030.13,961.00,961.00,207.92,973.00,954.00,43.66,979.00,974.00,36.28,971.00,967.00,36.26,963.00,963.00,121.53,952.00,952.00,443.68
wfjsp14_1,wfjsp14,649.00,745.00,528.00,3600.12,742.00,649.00,3600.21,745.00,649.00,3600.31,845.00,649.00,3600.30,749.00,649.00,3600.28,768.00,48.91,762.00,75.66,757.00,232.78,752.00,595.95,750.00,900.01,745.00,1800.02,765.00,759.00,14.05,763.00,754.00,26.98,738.20,731.00,274.55,733.80,731.00,1035.05,768.00,768.00,257.82,773.20,767.00,14.07,770.00,758.00,27.00,764.60,755.00,26.99,764.00,764.00,60.00,747.00,747.00,263.04
wfjsp14_2,wfjsp14,700.00,793.00,519.00,3600.31,803.00,700.00,3600.01,794.00,700.00,3600.18,892.00,700.00,3600.31,798.00,700.00,3600.40,809.00,52.27,808.00,85.30,802.00,262.74,809.00,404.34,799.00,900.02,795.00,1800.02,818.60,813.00,17.03,816.80,812.00,27.83,792.80,788.00,196.28,785.40,783.00,955.63,829.00,829.00,76.63,817.60,807.00,17.05,818.00,810.00,27.85,822.60,812.00,27.84,818.00,818.00,97.25,806.00,806.00,392.23
wfjsp14_3,wfjsp14,736.00,848.00,596.00,3600.38,831.00,736.00,3602.13,840.00,736.00,3600.42,936.00,736.00,3600.20,848.00,736.00,3600.31,865.00,78.55,858.00,132.67,856.00,300.02,851.00,600.02,845.00,900.02,841.00,1800.02,869.60,863.00,18.13,871.00,864.00,40.18,846.00,837.00,350.80,842.40,835.00,891.30,896.00,896.00,88.82,877.60,870.00,18.15,867.80,860.00,40.20,879.40,872.00,40.19,876.00,876.00,97.40,866.00,866.00,366.14
wfjsp14_4,wfjsp14,720.00,806.00,580.00,3600.62,816.00,720.00,3600.17,808.00,720.00,3600.31,935.00,720.00,3600.44,807.00,720.00,3600.32,834.00,69.87,833.00,112.26,826.00,290.98,819.00,521.15,821.00,900.02,819.00,1800.02,827.60,823.00,25.75,833.40,828.00,26.54,810.60,804.00,241.08,804.60,803.00,770.31,831.00,831.00,457.15,838.00,830.00,25.77,838.80,830.00,26.55,838.00,826.00,26.55,823.00,823.00,73.29,826.00,826.00,348.77
wfjsp14_5,wfjsp14,628.00,715.00,536.00,3600.38,712.00,628.00,3601.24,716.00,628.00,3600.13,830.00,628.00,3600.31,716.00,628.00,3600.39,742.00,60.13,730.00,102.30,721.00,256.33,727.00,478.46,720.00,900.01,718.00,1800.02,730.20,726.00,16.52,732.00,727.00,21.91,710.40,705.00,205.42,711.60,706.00,777.41,755.00,755.00,69.89,744.80,733.00,16.54,738.20,733.00,21.93,732.00,727.00,21.92,727.00,727.00,78.64,720.00,720.00,310.99
wfjsp14_6,wfjsp14,818.00,913.00,589.00,3600.50,921.00,818.00,3600.01,914.00,818.00,3600.39,1050.00,818.00,3600.11,914.00,818.00,3600.23,947.00,62.53,945.00,136.89,938.00,300.02,934.00,566.97,933.00,900.02,927.00,1800.02,939.80,926.00,23.34,947.60,941.00,29.19,918.20,912.00,268.88,913.40,907.00,667.06,951.00,951.00,286.14,960.80,954.00,23.36,959.40,954.00,29.21,951.40,943.00,29.20,947.00,947.00,83.31,937.00,937.00,307.69
wfjsp14_7,wfjsp14,709.00,826.00,562.00,3600.72,817.00,709.00,3600.01,818.00,709.00,3600.17,955.00,709.00,3600.36,826.00,709.00,3600.32,851.00,70.23,836.00,123.69,836.00,300.02,822.00,600.02,821.00,900.02,822.00,1800.02,850.60,844.00,21.98,852.60,846.00,30.00,826.80,821.00,192.33,823.20,819.00,692.74,864.00,864.00,160.51,853.40,847.00,22.00,853.00,849.00,30.02,856.00,849.00,30.01,854.00,854.00,104.20,842.00,842.00,398.45
wfjsp14_8,wfjsp14,686.00,782.00,569.00,3600.31,783.00,686.00,3600.22,783.00,686.00,3600.24,893.00,686.00,3600.42,795.00,686.00,3600.28,790.00,92.54,800.00,148.57,786.00,249.25,794.00,399.89,794.00,900.02,795.00,1800.02,804.80,794.00,18.55,808.40,795.00,30.37,786.60,780.00,244.97,783.80,779.00,673.60,810.00,810.00,189.32,812.00,809.00,18.57,809.00,803.00,30.39,815.00,812.00,30.38,810.00,810.00,71.97,808.00,808.00,301.18
wfjsp14_9,wfjsp14,687.00,793.00,541.00,3600.38,780.00,687.00,3600.14,778.00,687.00,3600.36,911.00,687.00,3600.13,793.00,687.00,3600.36,798.00,61.28,796.00,112.86,798.00,238.64,788.00,437.47,786.00,900.02,784.00,1800.02,816.20,810.00,9.22,815.60,806.00,30.08,787.40,781.00,265.98,781.20,775.00,859.30,810.00,810.00,215.78,827.00,813.00,9.24,812.20,799.00,30.10,812.20,806.00,30.09,798.00,798.00,75.06,800.00,800.00,350.72
wfjsp14_10,wfjsp14,792.00,878.00,604.00,3600.56,892.00,792.00,3600.02,880.00,792.00,3600.30,1007.00,792.00,3600.27,880.00,792.00,3600.16,914.00,64.48,905.00,121.72,913.00,231.29,905.00,600.02,896.00,900.02,893.00,1800.02,910.80,903.00,15.60,910.00,905.00,29.42,885.60,880.00,252.55,883.20,882.00,1029.55,911.00,911.00,106.31,926.60,924.00,15.62,924.40,921.00,29.44,918.00,911.00,29.43,908.00,908.00,92.01,899.00,899.00,600.01
wfjsp15_1,wfjsp15,1093.00,1259.00,694.00,3600.38,1257.00,1093.00,3600.40,1260.00,1093.00,3600.47,1474.00,1093.00,3600.35,1260.00,1093.00,3600.70,1296.00,120.04,1282.00,300.04,1285.00,300.03,1280.00,600.05,1276.00,900.04,1270.00,1800.05,1294.80,1289.00,108.35,1297.20,1289.00,64.30,1266.20,1255.00,597.03,1265.80,1254.00,1227.97,1292.00,1292.00,441.57,1293.00,1287.00,108.39,1299.00,1291.00,64.35,1319.40,1307.00,64.33,1293.00,1293.00,300.03,1286.00,1286.00,600.04
wfjsp15_2,wfjsp15,1154.00,1314.00,779.00,3600.25,1315.00,1154.00,3600.46,1317.00,1154.00,3600.44,1584.00,1154.00,3600.27,1317.00,1154.00,3600.41,1367.00,120.04,1360.00,300.05,1359.00,300.04,1344.00,600.04,1335.00,900.04,1329.00,1800.05,1349.40,1339.00,96.89,1362.20,1359.00,55.10,1331.20,1326.00,394.96,1321.00,1319.00,1432.22,1331.00,1331.00,673.87,1362.00,1346.00,96.93,1376.40,1362.00,55.14,1380.20,1356.00,55.13,1348.00,1348.00,300.02,1342.00,1342.00,600.02
wfjsp15_3,wfjsp15,1184.00,1376.00,817.00,3600.50,1355.00,1184.00,3600.20,1350.00,1184.00,3600.40,1658.00,1184.00,3600.37,1378.00,1184.00,3600.44,1405.00,120.05,1398.00,300.04,1396.00,300.05,1393.00,600.06,1386.00,900.04,1375.00,1800.05,1413.80,1404.00,106.81,1422.40,1412.00,66.46,1386.00,1372.00,455.22,1377.00,1365.00,2209.76,1405.00,1405.00,745.29,1404.00,1380.00,106.86,1422.20,1413.00,66.50,1437.40,1424.00,66.49,1417.00,1417.00,300.02,1395.00,1395.00,600.04
wfjsp15_4,wfjsp15,1155.00,1308.00,800.00,3600.61,1308.00,1155.00,3600.14,1309.00,1155.00,3600.38,1517.00,1155.00,3600.54,1309.00,1155.00,3600.52,1363.00,120.05,1342.00,300.05,1339.00,300.04,1315.00,600.04,1313.00,900.05,1315.00,1800.04,1328.80,1321.00,137.59,1350.60,1346.00,62.28,1314.00,1306.00,625.42,1307.00,1301.00,1074.39,1345.00,1345.00,475.71,1351.80,1345.00,137.64,1363.40,1358.00,62.33,1383.40,1377.00,62.32,1359.00,1359.00,300.02,1329.00,1329.00,600.04
wfjsp15_5,wfjsp15,1069.00,1198.00,725.00,3600.50,1213.00,1069.00,3600.68,1208.00,1069.00,3601.47,1424.00,1069.00,3600.87,1208.00,1069.00,3600.70,1247.00,120.04,1236.00,300.04,1229.00,300.05,1229.00,600.05,1235.00,900.03,1230.00,1800.04,1238.00,1233.00,149.99,1249.00,1245.00,44.82,1216.20,1209.00,452.54,1208.60,1203.00,1697.75,1234.00,1234.00,1108.91,1242.20,1234.00,150.03,1255.80,1244.00,44.86,1263.00,1254.00,44.85,1243.00,1243.00,271.35,1229.00,1229.00,600.02
wfjsp15_6,wfjsp15,1354.00,1510.00,886.00,3600.38,1543.00,1354.00,3600.24,1510.00,1354.00,3600.58,1828.00,1354.00,3600.39,1510.00,1354.00,3600.40,1596.00,120.04,1576.00,300.06,1566.00,300.05,1554.00,600.04,1551.00,900.05,1550.00,1800.05,1548.60,1545.00,71.96,1570.20,1566.00,44.61,1537.00,1532.00,526.74,1524.20,1522.00,2231.43,1556.00,1556.00,779.89,1589.40,1579.00,72.01,1606.20,1585.00,44.66,1627.40,1608.00,44.65,1562.00,1562.00,300.03,1548.00,1548.00,600.03
wfjsp15_7,wfjsp15,1136.00,1328.00,852.00,3600.50,1315.00,1136.00,3600.12,1313.00,1136.00,3600.63,1488.00,1136.00,3600.54,1328.00,1136.00,3600.57,1360.00,120.05,1362.00,300.04,1340.00,300.04,1334.00,600.05,1340.00,900.05,1320.00,1800.04,1384.00,1373.00,108.39,1382.80,1376.00,65.80,1342.40,1335.00,599.64,1340.00,1331.00,1570.54,1386.00,1386.00,513.62,1366.60,1350.00,108.44,1373.40,1360.00,65.85,1413.00,1392.00,65.84,1379.00,1379.00,300.04,1361.00,1361.00,600.04
wfjsp15_8,wfjsp15,1148.00,1327.00,745.00,3600.59,1317.00,1148.00,3600.41,1312.00,1148.00,3600.28,1547.00,1148.00,3600.89,1335.00,1148.00,3600.58,1385.00,120.05,1354.00,250.05,1351.00,300.04,1349.00,600.04,1345.00,900.05,1340.00,1800.05,1363.40,1357.00,120.14,1373.40,1363.00,58.34,1344.60,1339.00,444.21,1331.20,1327.00,1525.92,1361.00,1361.00,287.90,1366.60,1355.00,120.18,1383.20,1365.00,58.38,1391.80,1381.00,58.36,1373.00,1373.00,265.54,1362.00,1362.00,600.03
wfjsp15_9,wfjsp15,1137.00,1328.00,817.00,3600.69,1299.00,1137.00,3600.31,1302.00,1137.00,3600.55,1547.00,1137.00,3600.31,1329.00,1137.00,3600.71,1344.00,120.04,1338.00,274.76,1339.00,300.03,1323.00,600.05,1323.00,900.04,1323.00,1800.05,1364.00,1356.00,102.83,1367.00,1359.00,72.43,1334.80,1330.00,625.42,1333.60,1324.00,1468.55,1345.00,1345.00,963.60,1355.00,1338.00,102.88,1357.40,1341.00,72.48,1389.20,1377.00,72.46,1372.00,1372.00,276.25,1342.00,1342.00,600.03
wfjsp15_10,wfjsp15,1267.00,1415.00,908.00,3600.59,1436.00,1267.00,3600.79,1417.00,1267.00,3600.38,1687.00,1267.00,3600.51,1416.00,1267.00,3600.81,1482.00,120.04,1475.00,300.04,1466.00,300.05,1463.00,600.05,1452.00,900.05,1449.00,1800.05,1454.00,1448.00,134.38,1468.60,1465.00,58.92,1433.00,1427.00,525.43,1429.40,1423.00,1786.16,1442.00,1442.00,822.42,1485.40,1473.00,134.43,1504.20,1492.00,58.97,1515.40,1480.00,58.95,1471.00,1471.00,300.03,1452.00,1452.00,600.02
wfjsp16_1,wfjsp16,872.00,995.00,528.00,3600.66,978.00,872.00,3600.48,987.00,872.00,3600.55,1088.00,872.00,3600.42,997.00,872.00,3600.26,1017.00,120.03,1008.00,189.67,1004.00,300.03,999.00,600.03,994.00,900.03,997.00,1800.03,1005.80,1002.00,27.47,1010.60,1008.00,30.58,990.20,983.00,376.11,982.80,979.00,1399.16,1001.00,1001.00,418.57,1025.80,1021.00,27.50,1018.80,1005.00,30.61,1017.40,1011.00,30.60,1004.00,1004.00,230.99,1002.00,1002.00,600.01
wfjsp16_2,wfjsp16,900.00,1011.00,519.00,3600.31,1011.00,900.00,3600.10,1011.00,900.00,3600.17,1137.00,900.00,3600.32,1011.00,900.00,3600.24,1046.00,120.02,1035.00,300.03,1034.00,300.02,1024.00,600.02,1024.00,900.03,1024.00,1800.03,1027.80,1015.00,22.22,1034.20,1023.00,38.05,1011.80,1007.00,222.50,1005.00,997.00,1050.02,1045.00,1045.00,387.40,1059.60,1047.00,22.25,1053.40,1045.00,38.08,1039.40,1029.00,38.07,1036.00,1036.00,144.85,1028.00,1028.00,600.03
wfjsp16_3,wfjsp16,951.00,1097.00,596.00,3600.19,1059.00,951.00,3600.12,1075.00,951.00,3600.43,1200.00,951.00,3600.47,1102.00,951.00,3600.47,1108.00,120.04,1109.00,178.61,1085.00,300.03,1085.00,600.02,1085.00,900.03,1085.00,1800.03,1111.60,1109.00,33.56,1107.40,1100.00,55.60,1088.60,1083.00,367.64,1081.80,1074.00,1396.27,1112.00,1112.00,394.27,1117.20,1111.00,33.59,1115.40,1111.00,55.63,1115.20,1110.00,55.61,1104.00,1104.00,166.76,1086.00,1086.00,600.01
wfjsp16_4,wfjsp16,960.00,1074.00,580.00,3600.62,1075.00,960.00,3600.37,1065.00,960.00,3600.48,1192.00,960.00,3600.45,1076.00,960.00,3600.31,1106.00,103.40,1111.00,159.10,1097.00,300.02,1090.00,600.03,1092.00,900.04,1082.00,1800.04,1089.40,1088.00,19.13,1096.00,1087.00,37.34,1075.00,1070.00,352.66,1065.60,1060.00,1317.69,1114.00,1114.00,427.33,1124.80,1117.00,19.16,1117.00,1109.00,37.38,1103.00,1096.00,37.36,1096.00,1096.00,203.75,1089.00,1089.00,600.02
wfjsp16_5,wfjsp16,814.00,904.00,536.00,3600.41,906.00,813.00,3600.40,907.00,814.00,3600.62,1012.00,813.00,3600.17,914.00,813.00,3600.29,935.00,98.85,932.00,197.93,925.00,300.02,922.00,600.03,916.00,900.03,916.00,1800.03,929.40,920.00,27.85,932.80,924.00,33.26,908.40,901.00,348.59,906.40,901.00,1068.95,935.00,935.00,467.56,943.00,932.00,27.87,936.20,932.00,33.29,932.80,926.00,33.28,923.00,923.00,111.01,920.00,920.00,493.81
wfjsp16_6,wfjsp16,1098.00,1222.00,623.00,3600.50,1228.00,1098.00,3600.43,1222.00,1098.00,3600.10,1345.00,1098.00,3600.36,1222.00,1098.00,3600.63,1261.00,120.03,1253.00,300.04,1258.00,300.04,1247.00,600.03,1243.00,900.03,1237.00,1800.03,1240.20,1230.00,41.55,1253.80,1244.00,51.38,1223.60,1218.00,362.29,1218.80,1214.00,1304.44,1256.00,1256.00,300.48,1274.00,1262.00,41.58,1266.40,1260.00,51.41,1252.60,1241.00,51.40,1241.00,1241.00,159.78,1241.00,1241.00,600.02
wfjsp16_7,wfjsp16,938.00,1094.00,562.00,3600.00,1068.00,938.00,3600.26,1062.00,938.00,3600.48,1195.00,938.00,3600.24,1094.00,938.00,3600.15,1105.00,115.45,1089.00,300.03,1092.00,300.04,1093.00,600.03,1084.00,900.03,1088.00,1800.03,1107.40,1096.00,37.28,1111.00,1103.00,48.91,1088.60,1081.00,394.47,1081.80,1077.00,1731.28,1115.00,1115.00,376.71,1112.20,1091.00,37.31,1112.60,1097.00,48.94,1124.20,1119.00,48.92,1102.00,1102.00,297.43,1100.00,1100.00,600.02
wfjsp16_8,wfjsp16,917.00,1049.00,569.00,3600.50,1030.00,917.00,3600.51,1030.00,916.00,3600.11,1139.00,916.00,3600.17,1053.00,916.00,3600.26,1061.00,103.19,1061.00,159.08,1052.00,300.03,1052.00,600.03,1045.00,900.03,1040.00,1800.03,1052.80,1048.00,29.66,1071.40,1068.00,25.52,1040.60,1031.00,438.69,1034.20,1028.00,1266.35,1072.00,1072.00,239.86,1076.20,1064.00,29.68,1075.20,1069.00,25.55,1075.20,1072.00,25.54,1068.00,1068.00,121.65,1060.00,1060.00,600.01
wfjsp16_9,wfjsp16,913.00,1055.00,547.00,3600.59,1029.00,913.00,3600.12,1024.00,913.00,3600.12,1144.00,913.00,3600.15,1062.00,913.00,3600.29,1058.00,115.33,1056.00,159.06,1051.00,300.03,1051.00,600.03,1048.00,900.03,1043.00,1800.03,1068.60,1059.00,24.23,1070.60,1066.00,38.21,1043.60,1039.00,269.05,1037.20,1030.00,1270.31,1074.00,1074.00,366.38,1089.20,1079.00,24.26,1082.00,1078.00,38.24,1082.20,1077.00,38.22,1064.00,1064.00,145.34,1055.00,1055.00,600.02
wfjsp16_10,wfjsp16,1024.00,1145.00,604.00,3600.54,1148.00,1024.00,3600.29,1149.00,1024.00,3600.46,1275.00,1024.00,3600.23,1149.00,1024.00,3600.41,1170.00,120.03,1166.00,218.34,1154.00,300.03,1161.00,600.03,1159.00,900.03,1159.00,1800.03,1146.20,1144.00,52.67,1161.60,1159.00,25.81,1138.40,1131.00,372.09,1132.00,1124.00,1437.46,1157.00,1157.00,482.88,1182.00,1171.00,52.71,1184.60,1179.00,25.84,1181.40,1170.00,25.82,1164.00,1164.00,196.50,1156.00,1156.00,600.01
wfjsp17_1,wfjsp17,1537.00,1585.00,494.00,3600.11,1555.00,1537.00,3600.04,1561.00,1537.00,3600.04,1556.00,1537.00,3600.12,1561.00,1537.00,3600.13,1619.00,31.48,1621.00,40.49,1608.00,99.42,1600.00,209.89,1603.00,680.25,1600.00,1800.01,1619.80,1602.00,16.37,1626.00,1607.00,18.86,1613.00,1600.00,139.68,1623.00,1610.00,382.34,1639.00,1639.00,111.44,1627.60,1619.00,16.38,1620.60,1615.00,18.86,1648.40,1637.00,18.86,1650.00,1650.00,18.56,1646.00,1646.00,69.86
wfjsp17_2,wfjsp17,1671.00,1731.00,538.00,3600.25,1703.00,1671.00,3600.04,1721.00,1671.00,3600.03,1726.00,1671.00,3600.07,1714.00,1671.00,3600.06,1751.00,22.95,1749.00,42.62,1745.00,106.39,1746.00,188.27,1733.00,794.39,1735.00,1800.01,1766.20,1744.00,20.81,1756.80,1750.00,17.45,1750.80,1742.00,151.18,1755.00,1745.00,424.78,1782.00,1782.00,108.47,1754.00,1747.00,20.82,1758.20,1754.00,17.46,1783.80,1777.00,17.46,1775.00,1775.00,24.93,1772.00,1772.00,97.04
wfjsp17_3,wfjsp17,1779.00,1836.00,570.00,3600.12,1818.00,1779.00,3600.03,1819.00,1779.00,3600.04,1822.00,1779.00,3600.07,1831.00,1779.00,3600.07,1860.00,28.32,1856.00,46.21,1854.00,91.79,1854.00,196.85,1846.00,809.93,1840.00,1800.01,1859.20,1848.00,26.18,1858.60,1848.00,26.06,1862.00,1856.00,125.03,1863.20,1845.00,391.14,1923.00,1923.00,38.67,1861.60,1857.00,26.19,1860.40,1847.00,26.07,1887.20,1876.00,26.06,1905.00,1905.00,14.21,1884.00,1884.00,123.88
wfjsp17_4,wfjsp17,1623.00,1670.00,553.00,3600.09,1642.00,1623.00,3600.04,1637.00,1623.00,3600.04,1666.00,1623.00,3600.07,1679.00,1623.00,3600.06,1686.00,18.66,1688.00,39.63,1691.00,81.08,1681.00,174.77,1678.00,900.01,1678.00,1800.01,1709.60,1692.00,17.96,1702.20,1694.00,15.52,1685.00,1673.00,116.58,1688.40,1676.00,401.56,1721.00,1721.00,64.86,1700.20,1691.00,17.97,1695.00,1687.00,15.53,1726.40,1721.00,15.52,1724.00,1724.00,23.26,1726.00,1726.00,95.70
wfjsp17_5,wfjsp17,1515.00,1558.00,482.00,3600.09,1538.00,1515.00,3600.03,1537.00,1515.00,3600.03,1556.00,1515.00,3600.06,1563.00,1515.00,3600.06,1578.00,12.60,1561.00,36.13,1563.00,87.00,1554.00,160.72,1553.00,624.15,1553.00,1800.01,1563.60,1553.00,14.96,1565.80,1561.00,14.36,1560.20,1556.00,124.88,1567.60,1563.00,301.59,1578.00,1578.00,76.73,1569.00,1565.00,14.97,1566.40,1560.00,14.37,1583.40,1579.00,14.37,1574.00,1574.00,14.52,1569.00,1569.00,91.14
wfjsp17_6,wfjsp17,1671.00,1708.00,580.00,3600.09,1707.00,1671.00,3600.04,1711.00,1671.00,3600.04,1704.00,1671.00,3600.04,1711.00,1671.00,3600.13,1734.00,19.33,1724.00,54.54,1715.00,86.23,1714.00,151.19,1714.00,727.85,1711.00,1800.01,1728.80,1718.00,23.39,1727.00,1720.00,20.19,1723.80,1717.00,93.05,1720.60,1710.00,311.74,1744.00,1744.00,76.98,1725.40,1719.00,23.40,1723.60,1720.00,20.20,1746.00,1743.00,20.19,1750.00,1750.00,16.52,1744.00,1744.00,108.23
wfjsp17_7,wfjsp17,1543.00,1598.00,563.00,3600.06,1571.00,1543.00,3600.03,1569.00,1543.00,3600.03,1557.00,1543.00,3600.06,1573.00,1543.00,3600.07,1615.00,23.67,1613.00,36.29,1611.00,89.10,1614.00,196.12,1607.00,900.01,1606.00,1800.01,1620.00,1599.00,18.94,1624.00,1609.00,19.11,1622.40,1615.00,163.76,1624.80,1613.00,427.79,1629.00,1629.00,94.66,1621.60,1610.00,18.95,1622.80,1618.00,19.12,1659.00,1653.00,19.11,1653.00,1653.00,17.82,1642.00,1642.00,81.54
wfjsp17_8,wfjsp17,1670.00,1717.00,641.00,3600.00,1674.00,1670.00,3600.02,1674.00,1670.00,3600.03,1689.00,1670.00,3600.08,1688.00,1670.00,3600.07,1737.00,20.28,1738.00,34.03,1734.00,79.70,1728.00,169.07,1723.00,900.01,1724.00,1800.01,1738.20,1727.00,16.04,1738.40,1734.00,17.74,1735.00,1730.00,85.32,1740.00,1735.00,241.41,1743.00,1743.00,53.58,1746.20,1738.00,16.05,1741.00,1724.00,17.74,1756.80,1746.00,17.74,1755.00,1755.00,19.76,1746.00,1746.00,80.55
wfjsp17_9,wfjsp17,1531.00,1593.00,544.00,3600.50,1566.00,1531.00,3600.00,1559.00,1531.00,3600.03,1565.00,1531.00,3600.05,1583.00,1531.00,3600.07,1607.00,25.03,1607.00,42.73,1593.00,116.94,1593.00,182.99,1600.00,753.66,1597.00,1800.01,1613.40,1603.00,29.17,1629.80,1605.00,15.37,1626.20,1601.00,122.21,1628.80,1612.00,325.15,1657.00,1657.00,109.51,1614.40,1607.00,29.17,1617.20,1607.00,15.37,1653.20,1644.00,15.37,1645.00,1645.00,16.43,1633.00,1633.00,72.01
wfjsp17_10,wfjsp17,1717.00,1750.00,676.00,3600.00,1734.00,1717.00,3600.04,1740.00,1717.00,3600.03,1737.00,1717.00,3600.05,1749.00,1717.00,3600.09,1763.00,18.77,1763.00,31.14,1764.00,80.43,1763.00,165.29,1761.00,854.82,1759.00,1800.01,1784.80,1771.00,8.98,1769.00,1764.00,18.41,1770.80,1765.00,95.10,1770.60,1761.00,266.65,1774.00,1774.00,72.61,1778.60,1765.00,8.99,1772.80,1765.00,18.42,1790.00,1784.00,18.42,1786.00,1786.00,12.49,1788.00,1788.00,70.57
wfjsp18_1,wfjsp18,866.00,929.00,535.00,3600.00,939.00,866.00,3601.16,940.00,866.00,3600.03,976.00,866.00,3600.09,941.00,866.00,3600.11,955.00,12.94,952.00,31.61,943.00,87.46,945.00,132.36,939.00,788.31,938.00,1800.01,964.40,939.00,7.33,959.40,947.00,15.59,948.80,945.00,90.09,952.80,945.00,258.02,957.00,957.00,54.51,957.80,953.00,7.33,953.60,950.00,15.60,976.00,970.00,15.60,973.00,973.00,21.86,970.00,970.00,129.70
wfjsp18_2,wfjsp18,949.00,1010.00,544.00,3600.12,1022.00,949.00,3600.10,1018.00,949.00,3600.13,1081.00,949.00,3600.14,1026.00,949.00,3600.14,1029.00,14.64,1035.00,37.58,1028.00,98.96,1030.00,165.83,1023.00,858.34,1020.00,1800.01,1037.20,1024.00,11.69,1042.60,1035.00,18.25,1030.80,1026.00,106.31,1025.00,1020.00,297.57,1032.00,1032.00,33.48,1039.80,1030.00,11.69,1037.00,1030.00,18.26,1055.60,1051.00,18.26,1054.00,1054.00,25.84,1053.00,1053.00,128.71
wfjsp18_3,wfjsp18,1041.00,1120.00,636.00,3600.16,1104.00,1040.00,3601.10,1103.00,1041.00,3601.19,1159.00,1040.00,3600.07,1121.00,1041.00,3600.12,1137.00,21.33,1119.00,32.67,1115.00,78.65,1119.00,140.84,1111.00,638.97,1115.00,1800.01,1146.20,1134.00,7.15,1148.20,1127.00,14.58,1127.00,1111.00,134.24,1120.60,1112.00,574.99,1146.00,1146.00,68.06,1143.60,1135.00,7.16,1133.20,1127.00,14.59,1169.80,1162.00,14.59,1164.00,1164.00,28.15,1155.00,1155.00,135.89
wfjsp18_4,wfjsp18,977.00,1037.00,560.00,3600.19,1042.00,977.00,3600.00,1043.00,977.00,3600.13,1090.00,977.00,3600.14,1042.00,977.00,3600.17,1061.00,17.60,1054.00,37.50,1055.00,83.40,1045.00,172.16,1049.00,900.01,1047.00,1800.01,1063.60,1054.00,8.62,1057.80,1055.00,16.87,1053.60,1046.00,117.60,1052.20,1044.00,435.34,1058.00,1058.00,34.15,1064.00,1062.00,8.63,1059.40,1055.00,16.88,1079.00,1071.00,16.87,1070.00,1070.00,27.75,1076.00,1076.00,174.33
wfjsp18_5,wfjsp18,818.00,854.00,558.00,3600.00,865.00,818.00,3600.09,856.00,818.00,3601.17,899.00,817.00,3600.12,856.00,818.00,3600.13,878.00,11.40,878.00,19.60,868.00,77.90,871.00,108.15,868.00,636.99,866.00,1800.01,887.20,871.00,7.40,872.80,864.00,17.51,870.20,860.00,88.87,874.60,864.00,293.46,871.00,871.00,71.84,882.60,878.00,7.41,879.80,872.00,17.52,907.80,894.00,17.52,900.00,900.00,20.11,900.00,900.00,92.22
wfjsp18_6,wfjsp18,1036.00,1084.00,550.00,3600.00,1090.00,1036.00,3600.11,1082.00,1036.00,3601.16,1131.00,1036.00,3600.12,1095.00,1036.00,3600.11,1106.00,13.99,1107.00,28.21,1103.00,80.99,1096.00,137.45,1090.00,773.90,1097.00,1800.01,1111.20,1093.00,16.05,1108.40,1100.00,20.23,1106.20,1098.00,136.31,1100.80,1092.00,317.54,1109.00,1109.00,55.29,1111.60,1103.00,16.06,1109.00,1105.00,20.23,1129.20,1123.00,20.23,1123.00,1123.00,26.04,1119.00,1119.00,120.11
wfjsp18_7,wfjsp18,931.00,1003.00,530.00,3600.50,1003.00,931.00,3600.37,1011.00,931.00,3600.07,1062.00,931.00,3600.15,1011.00,931.00,3600.08,1025.00,20.53,1021.00,55.23,1012.00,113.30,1009.00,175.22,1005.00,900.01,1005.00,1800.01,1034.80,1026.00,5.28,1026.40,1012.00,17.86,1014.20,1005.00,159.33,1016.60,1008.00,293.79,1016.00,1016.00,42.91,1038.40,1027.00,5.28,1024.80,1016.00,17.87,1048.20,1044.00,17.87,1055.00,1055.00,22.63,1044.00,1044.00,119.55
wfjsp18_8,wfjsp18,916.00,990.00,581.00,3600.25,989.00,916.00,3600.14,993.00,916.00,3600.12,1038.00,916.00,3600.13,997.00,916.00,3600.13,1011.00,12.13,1009.00,33.33,1009.00,74.60,1004.00,165.86,998.00,667.51,987.00,1800.01,1013.60,993.00,8.48,1010.20,1000.00,21.30,1002.60,997.00,104.45,995.40,987.00,422.22,1012.00,1012.00,66.47,1014.20,1006.00,8.48,1008.60,1006.00,21.31,1025.60,1022.00,21.31,1022.00,1022.00,19.98,1016.00,1016.00,151.94
wfjsp18_9,wfjsp18,877.00,944.00,547.00,3600.12,945.00,877.00,3601.07,947.00,877.00,3601.19,978.00,877.00,3600.11,947.00,877.00,3600.13,953.00,16.14,953.00,25.30,952.00,58.49,950.00,114.11,948.00,577.63,946.00,1800.01,973.20,962.00,7.21,968.80,953.00,16.10,952.00,945.00,120.84,958.00,953.00,349.67,978.00,978.00,55.80,974.40,954.00,7.22,964.00,954.00,16.11,987.80,984.00,16.11,991.00,991.00,19.70,974.00,974.00,132.85
wfjsp18_10,wfjsp18,976.00,1019.00,645.00,3600.12,1032.00,976.00,3601.20,1023.00,976.00,3601.17,1065.00,976.00,3600.15,1023.00,976.00,3600.13,1047.00,12.99,1041.00,35.10,1036.00,62.57,1036.00,144.63,1028.00,616.27,1029.00,1800.01,1038.40,1023.00,14.10,1041.00,1036.00,15.98,1035.20,1023.00,85.47,1036.20,1027.00,263.56,1038.00,1038.00,43.56,1038.80,1027.00,14.10,1038.60,1027.00,15.99,1070.00,1063.00,15.99,1068.00,1068.00,23.32,1060.00,1060.00,107.13
wfjsp19_1,wfjsp19,1090.00,1196.00,685.00,3600.25,1178.00,1090.00,3600.04,1178.00,1090.00,3600.01,1256.00,1090.00,3600.17,1199.00,1090.00,3600.22,1205.00,29.62,1198.00,54.31,1193.00,148.21,1187.00,276.86,1188.00,900.01,1182.00,1800.01,1222.40,1216.00,11.91,1229.60,1225.00,18.93,1191.40,1182.00,189.42,1185.20,1177.00,699.64,1219.00,1219.00,49.13,1207.00,1203.00,11.92,1204.00,1196.00,18.94,1237.60,1235.00,18.93,1230.00,1230.00,52.13,1226.00,1226.00,251.12
wfjsp19_2,wfjsp19,1349.00,1471.00,813.00,3600.25,1452.00,1349.00,3600.16,1460.00,1349.00,3600.16,1511.00,1349.00,3600.13,1475.00,1349.00,3600.22,1467.00,37.37,1472.00,78.88,1465.00,196.24,1461.00,315.53,1460.00,900.02,1458.00,1800.02,1487.60,1484.00,21.58,1506.00,1501.00,18.54,1473.20,1451.00,242.67,1462.80,1454.00,811.12,1480.00,1480.00,194.71,1476.40,1470.00,21.59,1477.60,1470.00,18.55,1512.60,1502.00,18.55,1504.00,1504.00,59.53,1503.00,1503.00,242.79
wfjsp19_3,wfjsp19,1293.00,1406.00,780.00,3600.25,1393.00,1293.00,3600.12,1396.00,1293.00,3600.14,1495.00,1293.00,3600.14,1413.00,1293.00,3600.16,1425.00,35.73,1415.00,75.07,1414.00,137.96,1410.00,409.43,1405.00,900.01,1399.00,1800.01,1452.80,1447.00,14.42,1453.80,1447.00,29.26,1425.20,1410.00,265.52,1415.60,1403.00,728.00,1444.00,1444.00,56.58,1444.20,1433.00,14.43,1434.60,1420.00,29.27,1468.60,1458.00,29.26,1461.00,1461.00,61.90,1452.00,1452.00,209.29
wfjsp19_4,wfjsp19,1286.00,1398.00,841.00,3600.00,1377.00,1286.00,3600.05,1387.00,1286.00,3600.10,1425.00,1286.00,3600.20,1404.00,1286.00,3600.06,1404.00,36.98,1399.00,84.63,1387.00,180.19,1391.00,282.98,1389.00,900.01,1387.00,1800.01,1416.60,1396.00,17.77,1428.00,1420.00,23.48,1399.80,1395.00,178.96,1389.00,1384.00,727.29,1412.00,1412.00,65.80,1417.20,1408.00,17.78,1413.80,1407.00,23.49,1442.80,1431.00,23.49,1436.00,1436.00,74.30,1428.00,1428.00,200.95
wfjsp19_5,wfjsp19,1350.00,1444.00,756.00,3600.00,1433.00,1350.00,3600.13,1429.00,1350.00,3600.16,1535.00,1350.00,3600.07,1449.00,1350.00,3600.25,1454.00,43.20,1455.00,65.23,1443.00,184.67,1434.00,328.00,1433.00,900.01,1433.00,1800.02,1465.60,1459.00,21.22,1483.00,1475.00,17.81,1449.60,1426.00,201.13,1445.80,1439.00,795.86,1443.00,1443.00,152.82,1460.20,1453.00,21.24,1460.40,1455.00,17.82,1497.80,1490.00,17.82,1483.00,1483.00,81.22,1482.00,1482.00,397.94
wfjsp19_6,wfjsp19,1090.00,1158.00,752.00,3600.00,1158.00,1090.00,3600.00,1157.00,1090.00,3600.01,1197.00,1090.00,3600.13,1161.00,1090.00,3600.07,1167.00,22.44,1162.00,47.79,1164.00,111.05,1166.00,180.44,1160.00,900.01,1155.00,1800.01,1180.60,1170.00,10.99,1193.00,1190.00,13.94,1165.80,1161.00,165.11,1161.00,1154.00,426.51,1184.00,1184.00,70.35,1178.40,1165.00,11.00,1175.40,1165.00,13.95,1200.80,1190.00,13.94,1191.00,1191.00,30.23,1191.00,1191.00,221.72
wfjsp19_7,wfjsp19,1130.00,1236.00,766.00,3600.25,1206.00,1130.00,3600.14,1216.00,1130.00,3600.01,1257.00,1130.00,3600.13,1243.00,1130.00,3600.18,1252.00,40.58,1240.00,72.01,1229.00,148.60,1233.00,247.76,1227.00,900.01,1222.00,1800.01,1272.40,1266.00,13.99,1269.80,1254.00,27.06,1247.00,1231.00,219.38,1238.60,1231.00,663.21,1248.00,1248.00,100.26,1265.80,1260.00,14.00,1256.40,1246.00,27.07,1291.80,1284.00,27.06,1284.00,1284.00,40.37,1281.00,1281.00,217.88
wfjsp19_8,wfjsp19,1145.00,1250.00,801.00,3600.38,1243.00,1145.00,3600.12,1248.00,1145.00,3600.11,1286.00,1145.00,3600.15,1258.00,1145.00,3600.09,1272.00,38.21,1272.00,58.29,1266.00,150.93,1244.00,316.48,1249.00,900.01,1254.00,1800.01,1278.80,1270.00,12.87,1289.00,1281.00,18.41,1260.60,1236.00,150.70,1256.80,1253.00,474.99,1274.00,1274.00,127.08,1287.00,1278.00,12.88,1274.00,1263.00,18.42,1303.80,1298.00,18.41,1294.00,1294.00,54.60,1292.00,1292.00,239.09
wfjsp19_9,wfjsp19,1257.00,1388.00,769.00,3600.12,1356.00,1257.00,3600.01,1366.00,1257.00,3600.12,1436.00,1257.00,3600.18,1390.00,1257.00,3600.10,1404.00,28.46,1380.00,58.97,1378.00,126.79,1380.00,267.45,1375.00,900.01,1368.00,1800.01,1415.80,1397.00,24.74,1429.40,1412.00,26.52,1391.80,1385.00,263.43,1389.40,1383.00,532.16,1421.00,1421.00,110.22,1394.40,1386.00,24.76,1395.40,1387.00,26.53,1437.60,1432.00,26.53,1434.00,1434.00,60.98,1434.00,1434.00,360.11
wfjsp19_10,wfjsp19,1278.00,1351.00,819.00,3600.12,1337.00,1278.00,3600.03,1347.00,1278.00,3600.01,1396.00,1278.00,3600.15,1354.00,1278.00,3600.17,1366.00,26.09,1370.00,41.22,1360.00,126.63,1359.00,300.07,1352.00,900.01,1347.00,1800.01,1376.80,1373.00,8.34,1387.60,1382.00,15.61,1359.00,1352.00,139.45,1356.80,1344.00,436.68,1362.00,1362.00,86.78,1373.80,1370.00,8.35,1370.60,1363.00,15.62,1393.60,1387.00,15.61,1387.00,1387.00,38.39,1387.00,1387.00,168.58
wfjsp20_1,wfjsp20,1013.00,1105.00,527.00,3600.12,1068.00,1013.00,3600.06,1076.00,1013.00,3600.09,1128.00,1013.00,3600.21,1106.00,1013.00,3600.16,1100.00,38.09,1096.00,80.30,1101.00,196.18,1091.00,450.90,1090.00,900.01,1081.00,1800.01,1114.40,1101.00,15.11,1126.20,1120.00,13.13,1105.40,1103.00,148.17,1092.60,1089.00,659.08,1127.00,1127.00,99.89,1108.60,1100.00,15.13,1105.80,1099.00,13.14,1128.80,1127.00,13.13,1123.00,1123.00,39.81,1117.00,1117.00,209.44
wfjsp20_2,wfjsp20,1145.00,1221.00,531.00,3600.25,1207.00,1145.00,3600.14,1215.00,1145.00,3600.13,1269.00,1145.00,3600.16,1233.00,1145.00,3600.06,1244.00,41.32,1244.00,84.82,1235.00,293.23,1237.00,480.31,1227.00,900.02,1233.00,1800.02,1248.20,1240.00,14.86,1262.20,1258.00,16.36,1244.60,1240.00,133.70,1233.00,1231.00,504.03,1248.00,1248.00,174.98,1251.80,1247.00,14.87,1251.60,1246.00,16.38,1263.60,1258.00,16.37,1259.00,1259.00,44.48,1259.00,1259.00,255.16
wfjsp20_3,wfjsp20,1219.00,1328.00,599.00,3600.25,1293.00,1219.00,3600.12,1295.00,1219.00,3600.12,1363.00,1219.00,3600.21,1335.00,1219.00,3600.06,1338.00,59.97,1334.00,113.20,1323.00,297.98,1322.00,555.80,1314.00,900.01,1317.00,1800.02,1352.20,1343.00,18.90,1361.40,1354.00,19.72,1342.20,1338.00,178.12,1330.40,1319.00,509.28,1377.00,1377.00,147.69,1351.00,1331.00,18.92,1350.60,1337.00,19.73,1371.60,1366.00,19.72,1365.00,1365.00,52.95,1359.00,1359.00,322.22
wfjsp20_4,wfjsp20,1169.00,1259.00,584.00,3600.25,1239.00,1169.00,3600.14,1245.00,1169.00,3601.65,1300.00,1169.00,3600.17,1274.00,1169.00,3600.15,1266.00,52.29,1263.00,96.97,1256.00,295.13,1258.00,500.27,1250.00,900.01,1251.00,1800.01,1272.00,1264.00,13.83,1282.40,1276.00,20.53,1265.20,1260.00,149.27,1256.00,1253.00,512.70,1280.00,1280.00,101.47,1276.80,1273.00,13.85,1274.60,1263.00,20.54,1295.00,1291.00,20.54,1293.00,1293.00,52.33,1280.00,1280.00,278.88
wfjsp20_5,wfjsp20,1003.00,1058.00,556.00,3600.12,1046.00,1003.00,3600.01,1048.00,1003.00,3600.12,1081.00,1003.00,3600.04,1063.00,1003.00,3600.13,1069.00,38.72,1073.00,63.88,1067.00,194.50,1061.00,298.75,1061.00,900.01,1056.00,1800.01,1072.00,1066.00,14.85,1085.40,1081.00,10.35,1067.40,1065.00,138.53,1058.40,1051.00,493.10,1073.00,1073.00,178.86,1079.80,1078.00,14.87,1080.00,1078.00,10.36,1086.80,1084.00,10.36,1084.00,1084.00,43.97,1083.00,1083.00,267.27
wfjsp20_6,wfjsp20,1309.00,1381.00,603.00,3600.50,1371.00,1309.00,3600.18,1380.00,1309.00,3601.24,1411.00,1309.00,3600.13,1382.00,1309.00,3600.14,1412.00,45.36,1402.00,84.38,1400.00,240.74,1395.00,600.02,1391.00,900.01,1391.00,1800.02,1410.80,1402.00,16.05,1417.80,1414.00,21.45,1399.20,1396.00,157.55,1393.20,1392.00,421.34,1407.00,1407.00,159.37,1416.00,1411.00,16.06,1413.60,1399.00,21.47,1420.40,1414.00,21.46,1409.00,1409.00,59.23,1409.00,1409.00,251.17
wfjsp20_7,wfjsp20,1117.00,1224.00,506.00,3600.25,1191.00,1117.00,3600.12,1192.00,1117.00,3600.07,1223.00,1117.00,3600.10,1231.00,1117.00,3600.16,1231.00,43.04,1218.00,117.29,1224.00,179.81,1221.00,438.77,1221.00,900.01,1213.00,1800.01,1243.00,1235.00,21.08,1260.60,1250.00,17.46,1238.20,1232.00,169.39,1226.80,1221.00,592.16,1269.00,1269.00,130.08,1233.00,1218.00,21.09,1239.20,1227.00,17.47,1262.20,1259.00,17.46,1258.00,1258.00,41.10,1252.00,1252.00,219.59
wfjsp20_8,wfjsp20,1089.00,1183.00,578.00,3600.12,1159.00,1089.00,3600.12,1169.00,1089.00,3600.06,1210.00,1089.00,3600.16,1194.00,1089.00,3600.17,1203.00,39.21,1201.00,74.75,1190.00,179.68,1181.00,315.07,1188.00,900.01,1181.00,1800.01,1211.20,1205.00,19.35,1225.60,1223.00,17.11,1207.00,1202.00,149.32,1190.20,1183.00,839.69,1240.00,1240.00,159.02,1204.80,1199.00,19.37,1205.20,1203.00,17.12,1229.80,1223.00,17.11,1214.00,1214.00,54.63,1226.00,1226.00,206.94
wfjsp20_9,wfjsp20,1104.00,1200.00,535.00,3600.19,1170.00,1104.00,3600.10,1172.00,1104.00,3600.12,1206.00,1104.00,3600.18,1214.00,1104.00,3600.15,1209.00,49.50,1198.00,92.99,1188.00,208.22,1195.00,388.82,1192.00,900.01,1190.00,1800.01,1223.40,1214.00,19.63,1235.00,1231.00,20.99,1213.60,1210.00,132.56,1193.80,1190.00,523.40,1219.00,1219.00,156.53,1215.00,1207.00,19.64,1217.00,1212.00,21.01,1243.80,1236.00,21.00,1239.00,1239.00,68.99,1235.00,1235.00,277.44
wfjsp20_10,wfjsp20,1276.00,1362.00,623.00,3600.19,1332.00,1276.00,3600.16,1343.00,1276.00,3600.14,1403.00,1276.00,3600.13,1366.00,1276.00,3600.16,1366.00,34.92,1366.00,67.38,1366.00,147.72,1361.00,407.37,1357.00,900.01,1357.00,1800.01,1374.20,1372.00,12.50,1385.60,1379.00,16.37,1366.80,1364.00,145.96,1358.80,1358.00,544.95,1373.00,1373.00,181.29,1374.20,1367.00,12.51,1374.80,1367.00,16.39,1391.20,1387.00,16.38,1382.00,1382.00,42.42,1380.00,1380.00,222.68
wfjsp21_1,wfjsp21,937.00,1049.00,657.00,3600.44,1015.00,937.00,3600.01,1018.00,937.00,3600.27,1111.00,937.00,3600.25,1053.00,937.00,3600.17,1040.00,105.38,1031.00,150.75,1038.00,295.28,1030.00,536.73,1023.00,900.02,1029.00,1800.02,1056.00,1049.00,24.81,1069.00,1064.00,28.91,1045.40,1040.00,200.60,1035.80,1029.00,916.61,1053.00,1053.00,147.00,1055.80,1034.00,24.83,1051.60,1043.00,28.93,1075.00,1070.00,28.92,1067.00,1067.00,92.40,1057.00,1057.00,565.54
wfjsp21_2,wfjsp21,1053.00,1171.00,654.00,3600.62,1150.00,1053.00,3600.01,1149.00,1053.00,3600.37,1276.00,1053.00,3600.39,1178.00,1053.00,3600.28,1174.00,88.77,1156.00,135.83,1167.00,300.02,1155.00,600.03,1159.00,900.02,1157.00,1800.03,1182.20,1180.00,29.90,1192.20,1189.00,31.58,1174.20,1170.00,295.79,1165.00,1161.00,698.82,1180.00,1180.00,281.07,1183.20,1168.00,29.93,1181.80,1168.00,31.60,1193.80,1183.00,31.59,1180.00,1180.00,102.97,1183.00,1183.00,472.53
wfjsp21_3,wfjsp21,947.00,1046.00,623.00,3600.38,1030.00,947.00,3600.01,1035.00,947.00,3600.27,1121.00,947.00,3600.19,1058.00,947.00,3600.24,1067.00,74.72,1061.00,149.47,1051.00,300.02,1055.00,600.02,1051.00,900.02,1052.00,1800.02,1076.00,1068.00,30.52,1087.20,1081.00,23.82,1063.00,1059.00,278.46,1052.80,1048.00,777.95,1081.00,1081.00,166.37,1068.40,1059.00,30.54,1067.80,1059.00,23.84,1092.40,1087.00,23.83,1081.00,1081.00,81.31,1080.00,1080.00,449.07
wfjsp21_4,wfjsp21,988.00,1095.00,621.00,3600.50,1068.00,988.00,3600.01,1062.00,988.00,3600.22,1197.00,988.00,3600.17,1096.00,988.00,3600.30,1101.00,65.21,1085.00,209.44,1089.00,300.02,1080.00,600.02,1083.00,900.02,1080.00,1800.02,1098.40,1094.00,22.88,1106.40,1101.00,26.11,1088.80,1087.00,239.99,1077.20,1072.00,884.76,1096.00,1096.00,167.47,1107.60,1100.00,22.90,1100.80,1097.00,26.13,1110.60,1107.00,26.13,1103.00,1103.00,148.64,1098.00,1098.00,600.01
wfjsp21_5,wfjsp21,896.00,984.00,575.00,3600.67,962.00,896.00,3600.01,966.00,896.00,3600.26,1070.00,896.00,3600.27,989.00,896.00,3600.17,986.00,61.69,990.00,156.28,985.00,300.02,978.00,600.02,975.00,900.02,975.00,1800.02,993.40,990.00,27.96,1010.00,1006.00,21.33,988.20,985.00,241.28,977.00,975.00,920.93,993.00,993.00,265.77,992.80,988.00,27.98,992.80,988.00,21.35,1007.20,1004.00,21.34,999.00,999.00,93.68,999.00,999.00,415.06
wfjsp21_6,wfjsp21,1098.00,1204.00,664.00,3600.39,1185.00,1098.00,3600.01,1197.00,1098.00,3600.18,1290.00,1098.00,3600.20,1204.00,1098.00,3600.37,1197.00,55.22,1197.00,97.54,1195.00,261.76,1196.00,491.05,1198.00,900.02,1198.00,1800.02,1210.80,1206.00,17.55,1226.20,1220.00,25.90,1208.00,1205.00,235.31,1197.40,1195.00,774.87,1213.00,1213.00,462.99,1207.60,1199.00,17.57,1206.80,1199.00,25.92,1226.00,1222.00,25.91,1222.00,1222.00,113.43,1220.00,1220.00,600.01
wfjsp21_7,wfjsp21,914.00,1015.00,734.00,3600.31,1000.00,914.00,3600.01,1008.00,914.00,3600.16,1096.00,914.00,3600.31,1043.00,914.00,3600.19,1041.00,69.69,1034.00,141.03,1026.00,300.02,1022.00,600.02,1016.00,900.02,1018.00,1800.02,1058.20,1043.00,20.98,1067.00,1062.00,21.50,1041.60,1039.00,213.03,1026.20,1022.00,741.83,1055.00,1055.00,366.60,1055.00,1048.00,21.00,1050.40,1044.00,21.52,1080.80,1071.00,21.51,1070.00,1070.00,113.36,1062.00,1062.00,448.74
wfjsp21_8,wfjsp21,959.00,1088.00,639.00,3600.38,1047.00,959.00,3600.01,1053.00,959.00,3600.33,1154.00,959.00,3600.39,1093.00,959.00,3600.21,1071.00,61.85,1072.00,111.87,1068.00,290.27,1061.00,600.02,1067.00,900.02,1065.00,1800.02,1093.40,1086.00,21.67,1096.00,1090.00,30.06,1078.80,1074.00,216.16,1066.80,1064.00,734.46,1089.00,1089.00,268.93,1083.20,1074.00,21.69,1081.20,1075.00,30.09,1093.20,1089.00,30.08,1095.00,1095.00,99.33,1090.00,1090.00,481.60
wfjsp21_9,wfjsp21,1025.00,1129.00,671.00,3600.25,1124.00,1025.00,3600.01,1122.00,1025.00,3600.31,1253.00,1025.00,3600.41,1139.00,1025.00,3600.38,1159.00,75.65,1158.00,116.31,1155.00,300.02,1143.00,600.03,1141.00,900.02,1146.00,1800.02,1169.20,1156.00,24.51,1181.60,1176.00,21.33,1155.00,1153.00,312.05,1142.00,1138.00,903.72,1166.00,1166.00,262.12,1167.80,1158.00,24.53,1170.00,1166.00,21.35,1191.60,1183.00,21.34,1173.00,1173.00,164.48,1169.00,1169.00,485.73
wfjsp21_10,wfjsp21,1023.00,1120.00,747.00,3600.25,1099.00,1023.00,3600.01,1112.00,1023.00,3600.09,1219.00,1023.00,3600.26,1124.00,1023.00,3600.38,1120.00,82.84,1128.00,138.04,1122.00,300.02,1117.00,600.02,1116.00,900.02,1116.00,1800.03,1127.80,1122.00,25.06,1138.80,1129.00,21.68,1125.00,1121.00,151.69,1115.40,1114.00,781.52,1127.00,1127.00,148.56,1137.40,1131.00,25.08,1137.60,1134.00,21.70,1147.80,1140.00,21.69,1138.00,1138.00,105.38,1134.00,1134.00,558.87
wfjsp22_1,wfjsp22,810.00,903.00,528.00,3600.50,867.00,810.00,3600.14,871.00,810.00,3600.17,939.00,810.00,3600.35,914.00,810.00,3600.21,895.00,49.31,887.00,105.85,888.00,192.23,882.00,418.83,888.00,900.02,883.00,1800.01,909.80,896.00,13.84,918.00,916.00,16.00,899.60,898.00,240.07,890.80,887.00,661.64,920.00,920.00,157.90,904.20,902.00,13.85,903.00,894.00,16.01,923.20,918.00,16.01,920.00,920.00,74.04,904.00,904.00,351.61
wfjsp22_2,wfjsp22,873.00,957.00,519.00,3600.34,940.00,873.00,3600.02,943.00,873.00,3600.27,1012.00,873.00,3600.11,966.00,873.00,3600.10,966.00,48.51,962.00,104.45,957.00,300.02,954.00,474.78,953.00,900.01,949.00,1800.02,978.20,975.00,14.86,987.20,982.00,19.14,967.20,964.00,191.38,958.40,957.00,1148.39,968.00,968.00,176.48,976.20,971.00,14.88,974.80,971.00,19.16,983.60,973.00,19.15,973.00,973.00,67.10,970.00,970.00,452.71
wfjsp22_3,wfjsp22,918.00,1024.00,596.00,3600.51,994.00,918.00,3600.01,991.00,918.00,3600.09,1033.00,918.00,3600.35,1033.00,918.00,3600.35,1026.00,61.29,1019.00,142.56,1021.00,300.02,1014.00,600.02,1006.00,900.02,1007.00,1800.02,1036.80,1030.00,24.44,1049.00,1048.00,23.86,1026.80,1026.00,226.86,1017.80,1014.00,719.81,1027.00,1027.00,263.78,1031.60,1024.00,24.47,1032.40,1030.00,23.88,1052.80,1051.00,23.87,1047.00,1047.00,78.14,1036.00,1036.00,453.27
wfjsp22_4,wfjsp22,898.00,989.00,580.00,3600.43,967.00,898.00,3600.02,963.00,898.00,3600.31,1025.00,898.00,3600.23,992.00,898.00,3600.22,977.00,72.55,979.00,106.28,977.00,300.02,975.00,600.02,974.00,900.02,974.00,1800.02,996.40,986.00,17.27,1000.80,994.00,18.83,985.40,983.00,261.40,977.40,975.00,788.31,994.00,994.00,191.80,987.60,984.00,17.29,987.20,982.00,18.85,1003.60,991.00,18.84,996.00,996.00,102.54,993.00,993.00,401.20
wfjsp22_5,wfjsp22,790.00,874.00,536.00,3600.38,842.00,790.00,3600.08,841.00,790.00,3600.26,924.00,790.00,3600.30,874.00,790.00,3600.23,868.00,65.72,869.00,121.13,858.00,300.01,857.00,535.46,858.00,900.02,854.00,1800.02,875.00,870.00,16.36,884.40,882.00,21.48,867.00,864.00,202.49,858.40,855.00,526.33,884.00,884.00,95.24,884.40,878.00,16.38,883.20,875.00,21.49,882.40,879.00,21.49,878.00,878.00,72.05,877.00,877.00,287.42
wfjsp22_6,wfjsp22,1022.00,1114.00,589.00,3600.25,1093.00,1022.00,3600.01,1103.00,1022.00,3600.35,1214.00,1022.00,3600.11,1125.00,1022.00,3600.18,1122.00,47.25,1105.00,107.12,1113.00,300.02,1110.00,542.69,1111.00,900.02,1109.00,1800.02,1123.80,1122.00,17.19,1132.40,1128.00,28.39,1121.60,1119.00,174.00,1110.00,1105.00,640.44,1120.00,1120.00,231.27,1120.80,1106.00,17.21,1117.80,1106.00,28.41,1131.40,1127.00,28.40,1127.00,1127.00,89.30,1125.00,1125.00,501.24
wfjsp22_7,wfjsp22,887.00,994.00,562.00,3600.50,961.00,887.00,3600.01,973.00,887.00,3600.06,1043.00,887.00,3600.27,1003.00,887.00,3600.16,1004.00,51.03,997.00,125.00,987.00,300.02,981.00,600.02,982.00,900.02,978.00,1800.02,1013.20,1006.00,13.41,1023.60,1017.00,18.77,1004.40,1003.00,165.41,991.60,991.00,679.44,1005.00,1005.00,482.92,1011.40,1000.00,13.44,1004.80,999.00,18.79,1025.40,1020.00,18.78,1014.00,1014.00,86.04,1013.00,1013.00,495.27
wfjsp22_8,wfjsp22,856.00,946.00,569.00,3600.44,926.00,856.00,3600.26,932.00,856.00,3600.33,980.00,856.00,3600.15,951.00,856.00,3600.33,955.00,65.20,963.00,88.57,944.00,300.02,943.00,600.02,943.00,900.02,945.00,1800.02,965.40,960.00,13.02,969.40,965.00,18.77,957.20,954.00,186.64,947.20,945.00,652.18,964.00,964.00,120.97,970.80,961.00,13.04,967.40,961.00,18.78,973.60,970.00,18.77,972.00,972.00,102.88,971.00,971.00,401.28
wfjsp22_9,wfjsp22,853.00,944.00,541.00,3600.48,916.00,853.00,3600.47,929.00,853.00,3600.30,993.00,853.00,3600.25,951.00,853.00,3600.28,950.00,45.76,949.00,99.62,942.00,217.89,942.00,427.80,939.00,900.01,937.00,1800.02,961.60,956.00,18.28,977.20,974.00,19.62,954.00,950.00,181.57,946.20,941.00,535.11,970.00,970.00,116.34,957.20,954.00,18.30,957.20,954.00,19.64,974.00,969.00,19.63,971.00,971.00,87.57,967.00,967.00,414.10
wfjsp22_10,wfjsp22,985.00,1084.00,604.00,3600.18,1043.00,985.00,3600.02,1046.00,985.00,3600.39,1121.00,985.00,3600.16,1087.00,985.00,3600.20,1075.00,73.05,1071.00,133.67,1067.00,257.03,1067.00,531.22,1067.00,900.02,1067.00,1800.02,1086.00,1083.00,13.79,1094.60,1087.00,24.11,1080.00,1079.00,207.86,1069.60,1065.00,572.63,1077.00,1077.00,215.04,1083.60,1080.00,13.81,1079.60,1074.00,24.13,1095.20,1091.00,24.12,1094.00,1094.00,105.75,1090.00,1090.00,595.24
wfjsp23_1,wfjsp23,1365.00,1519.00,694.00,3600.50,1458.00,1365.00,3600.28,1467.00,1365.00,3600.03,1590.00,1365.00,3600.38,1537.00,1365.00,3600.27,1535.00,120.05,1537.00,265.55,1520.00,300.05,1519.00,600.05,1509.00,900.04,1504.00,1800.04,1538.00,1530.00,74.42,1558.40,1555.00,32.68,1536.80,1535.00,397.35,1523.00,1520.00,1272.46,1542.00,1542.00,548.55,1544.40,1529.00,74.47,1553.80,1542.00,32.74,1563.20,1543.00,32.72,1560.00,1560.00,300.04,1552.00,1552.00,600.03
wfjsp23_2,wfjsp23,1440.00,1595.00,779.00,3600.38,1561.00,1440.00,3600.12,1566.00,1440.00,3600.04,1704.00,1440.00,3600.82,1604.00,1440.00,3600.48,1604.00,120.04,1598.00,300.04,1597.00,300.04,1586.00,600.04,1585.00,900.05,1581.00,1800.06,1614.80,1597.00,101.40,1627.40,1626.00,35.39,1609.80,1605.00,309.14,1595.80,1592.00,1335.61,1606.00,1606.00,945.67,1603.60,1593.00,101.45,1616.00,1606.00,35.45,1644.80,1633.00,35.42,1620.00,1620.00,300.05,1621.00,1621.00,600.02
wfjsp23_3,wfjsp23,1480.00,1657.00,817.00,3600.38,1597.00,1480.00,3600.39,1604.00,1480.00,3600.04,1784.00,1480.00,3600.57,1674.00,1480.00,3600.84,1656.00,120.04,1648.00,300.06,1652.00,300.06,1640.00,600.04,1640.00,900.05,1639.00,1800.05,1689.60,1674.00,97.47,1697.40,1686.00,38.64,1668.00,1655.00,478.83,1661.60,1657.00,1169.35,1688.00,1688.00,506.77,1666.80,1660.00,97.53,1675.20,1666.00,38.69,1701.00,1692.00,38.67,1680.00,1680.00,300.04,1684.00,1684.00,600.04
wfjsp23_4,wfjsp23,1441.00,1572.00,800.00,3600.25,1540.00,1441.00,3600.59,1556.00,1441.00,3600.03,1759.00,1441.00,3600.41,1582.00,1441.00,3600.79,1591.00,120.05,1587.00,300.05,1585.00,300.05,1576.00,600.04,1578.00,900.04,1575.00,1800.05,1601.20,1593.00,116.44,1617.60,1608.00,33.67,1590.40,1585.00,578.45,1579.00,1576.00,1344.58,1606.00,1606.00,996.29,1592.40,1583.00,116.50,1600.40,1596.00,33.72,1621.40,1608.00,33.69,1607.00,1607.00,300.03,1604.00,1604.00,600.04
wfjsp23_5,wfjsp23,1345.00,1488.00,723.00,3600.50,1428.00,1345.00,3600.12,1427.00,1345.00,3600.04,1621.00,1345.00,3600.38,1499.00,1345.00,3600.44,1481.00,120.05,1469.00,290.58,1471.00,300.04,1471.00,600.05,1467.00,900.04,1466.00,1800.05,1490.20,1486.00,78.00,1500.20,1494.00,42.53,1483.00,1477.00,292.88,1470.80,1467.00,1015.43,1470.00,1470.00,1141.14,1485.00,1480.00,78.04,1491.20,1486.00,42.58,1511.40,1505.00,42.56,1505.00,1505.00,275.43,1494.00,1494.00,600.03
wfjsp23_6,wfjsp23,1691.00,1866.00,886.00,3600.75,1818.00,1691.00,3600.60,1821.00,1691.00,3600.37,2078.00,1691.00,3600.34,1867.00,1691.00,3600.63,1852.00,120.05,1850.00,280.38,1852.00,300.05,1847.00,600.05,1839.00,900.05,1837.00,1800.04,1858.20,1846.00,66.16,1878.60,1875.00,36.75,1860.40,1858.00,375.86,1849.60,1846.00,1126.09,1869.00,1869.00,365.05,1866.60,1861.00,66.21,1876.80,1867.00,36.80,1894.00,1882.00,36.78,1872.00,1872.00,300.03,1866.00,1866.00,600.03
wfjsp23_7,wfjsp23,1420.00,1601.00,852.00,3600.76,1540.00,1420.00,3600.38,1546.00,1420.00,3600.02,1719.00,1420.00,3600.59,1622.00,1420.00,3600.94,1606.00,120.04,1606.00,255.51,1609.00,300.06,1596.00,600.04,1592.00,900.05,1591.00,1800.06,1628.20,1618.00,195.28,1650.20,1642.00,49.76,1627.40,1625.00,457.12,1608.80,1604.00,1882.85,1643.00,1643.00,601.79,1606.20,1600.00,195.33,1617.80,1610.00,49.82,1678.40,1663.00,49.79,1656.00,1656.00,300.02,1642.00,1642.00,600.02
wfjsp23_8,wfjsp23,1431.00,1597.00,745.00,3600.47,1552.00,1431.00,3600.41,1554.00,1431.00,3600.03,1745.00,1431.00,3600.68,1609.00,1431.00,3600.46,1607.00,120.05,1595.00,265.56,1597.00,300.05,1601.00,600.05,1598.00,900.05,1588.00,1800.05,1625.60,1612.00,110.59,1640.60,1635.00,53.81,1615.40,1612.00,319.05,1600.60,1598.00,1969.02,1624.00,1624.00,817.40,1604.40,1587.00,110.65,1612.40,1605.00,53.87,1644.80,1639.00,53.85,1634.00,1634.00,300.02,1636.00,1636.00,600.05
wfjsp23_9,wfjsp23,1414.00,1582.00,816.00,3600.65,1532.00,1414.00,3600.17,1540.00,1414.00,3600.02,1710.00,1414.00,3600.60,1595.00,1414.00,3600.28,1591.00,120.04,1586.00,289.33,1568.00,300.05,1564.00,600.04,1563.00,900.04,1558.00,1800.05,1604.80,1597.00,120.41,1620.00,1616.00,59.40,1595.40,1588.00,448.69,1579.60,1575.00,1769.09,1617.00,1617.00,636.37,1581.20,1577.00,120.46,1589.00,1580.00,59.45,1626.60,1619.00,59.43,1626.00,1626.00,298.77,1616.00,1616.00,600.02
wfjsp23_10,wfjsp23,1574.00,1727.00,908.00,3600.42,1687.00,1574.00,3600.23,1697.00,1574.00,3600.29,1884.00,1574.00,3600.49,1748.00,1574.00,3600.41,1744.00,120.05,1739.00,300.06,1721.00,300.05,1721.00,600.05,1715.00,900.06,1715.00,1800.05,1737.80,1727.00,113.11,1758.20,1755.00,46.79,1733.20,1728.00,540.87,1726.20,1716.00,1374.31,1738.00,1738.00,1160.33,1747.60,1737.00,113.17,1757.60,1749.00,46.84,1769.60,1761.00,46.82,1762.00,1762.00,300.04,1749.00,1749.00,600.04
wfjsp24_1,wfjsp24,1089.00,1201.00,528.00,3600.50,1151.00,1089.00,3600.34,1162.00,1089.00,3600.02,1227.00,1089.00,3600.16,1213.00,1089.00,3600.41,1192.00,120.03,1189.00,177.71,1193.00,300.03,1177.00,600.03,1184.00,900.03,1184.00,1800.03,1216.20,1211.00,49.73,1223.00,1219.00,22.56,1207.60,1202.00,221.08,1198.20,1193.00,798.78,1216.00,1216.00,326.16,1198.00,1196.00,49.76,1200.20,1196.00,22.59,1218.60,1212.00,22.57,1212.00,1212.00,123.49,1212.00,1212.00,600.02
wfjsp24_2,wfjsp24,1122.00,1220.00,519.00,3600.13,1203.00,1122.00,3600.27,1189.00,1122.00,3600.02,1260.00,1122.00,3600.31,1232.00,1122.00,3600.22,1227.00,120.03,1228.00,217.56,1222.00,300.02,1221.00,600.02,1225.00,900.03,1222.00,1800.03,1245.40,1236.00,34.97,1254.20,1249.00,33.43,1240.20,1237.00,216.53,1228.40,1224.00,776.83,1260.00,1260.00,261.48,1237.40,1234.00,35.01,1237.60,1233.00,33.46,1254.60,1248.00,33.45,1253.00,1253.00,138.62,1246.00,1246.00,600.01
wfjsp24_3,wfjsp24,1187.00,1330.00,596.00,3600.75,1257.00,1187.00,3600.12,1266.00,1187.00,3600.02,1349.00,1187.00,3600.13,1341.00,1187.00,3600.46,1320.00,119.74,1320.00,220.04,1308.00,300.04,1303.00,600.03,1298.00,900.03,1298.00,1800.04,1332.40,1320.00,45.89,1344.20,1342.00,37.14,1327.00,1320.00,255.60,1318.20,1315.00,1145.67,1347.00,1347.00,428.65,1328.80,1320.00,45.93,1329.60,1320.00,37.18,1344.80,1343.00,37.15,1342.00,1342.00,205.12,1338.00,1338.00,600.01
wfjsp24_4,wfjsp24,1199.00,1300.00,580.00,3600.62,1270.00,1199.00,3600.39,1268.00,1199.00,3600.02,1364.00,1199.00,3600.38,1319.00,1199.00,3600.57,1305.00,120.04,1308.00,191.27,1309.00,300.04,1298.00,600.04,1299.00,900.03,1295.00,1800.04,1319.00,1312.00,35.01,1327.40,1323.00,33.76,1309.40,1307.00,291.66,1299.00,1297.00,1265.56,1319.00,1319.00,631.51,1309.80,1303.00,35.04,1314.40,1303.00,33.80,1333.80,1323.00,33.78,1319.00,1319.00,211.14,1318.00,1318.00,600.02
wfjsp24_5,wfjsp24,1024.00,1113.00,536.00,3600.38,1079.00,1024.00,3600.31,1085.00,1024.00,3600.02,1159.00,1024.00,3600.11,1123.00,1024.00,3600.12,1113.00,120.03,1107.00,261.44,1114.00,300.03,1103.00,600.03,1109.00,900.03,1101.00,1800.03,1123.00,1116.00,35.35,1134.00,1131.00,34.88,1119.20,1117.00,260.78,1110.00,1105.00,867.02,1120.00,1120.00,595.88,1121.60,1113.00,35.38,1122.80,1113.00,34.91,1134.20,1131.00,34.89,1130.00,1130.00,130.75,1128.00,1128.00,600.01
wfjsp24_6,wfjsp24,1372.00,1487.00,623.00,3600.25,1457.00,1372.00,3600.46,1454.00,1372.00,3600.02,1562.00,1372.00,3600.23,1501.00,1372.00,3600.14,1481.00,100.94,1481.00,171.78,1481.00,300.03,1481.00,600.03,1481.00,900.04,1477.00,1800.05,1501.60,1495.00,54.05,1513.00,1505.00,34.09,1493.80,1493.00,287.18,1485.40,1482.00,1084.52,1497.00,1497.00,428.47,1491.40,1481.00,54.09,1491.40,1481.00,34.13,1508.80,1501.00,34.11,1507.00,1507.00,188.19,1505.00,1505.00,600.02
wfjsp24_7,wfjsp24,1173.00,1312.00,562.00,3600.30,1258.00,1173.00,3600.19,1270.00,1173.00,3600.03,1362.00,1173.00,3600.20,1327.00,1173.00,3600.30,1307.00,110.09,1305.00,183.24,1304.00,300.03,1292.00,600.04,1292.00,900.04,1292.00,1800.03,1326.80,1318.00,62.32,1337.80,1329.00,31.54,1321.20,1319.00,244.25,1307.00,1299.00,1146.08,1322.00,1322.00,527.88,1307.20,1296.00,62.37,1309.60,1296.00,31.58,1343.00,1335.00,31.57,1338.00,1338.00,154.93,1337.00,1337.00,600.03
wfjsp24_8,wfjsp24,1144.00,1263.00,569.00,3600.53,1220.00,1144.00,3600.15,1221.00,1144.00,3600.03,1291.00,1144.00,3600.14,1278.00,1144.00,3600.48,1266.00,105.77,1266.00,171.68,1271.00,300.03,1262.00,600.03,1257.00,900.03,1252.00,1800.03,1283.60,1279.00,40.15,1293.20,1287.00,29.32,1275.60,1273.00,234.13,1264.40,1263.00,819.25,1274.00,1274.00,689.79,1273.80,1264.00,40.18,1273.60,1264.00,29.35,1292.40,1287.00,29.34,1278.00,1278.00,145.87,1286.00,1286.00,600.01
wfjsp24_9,wfjsp24,1134.00,1269.00,547.00,3600.38,1214.00,1134.00,3600.17,1214.00,1134.00,3600.02,1281.00,1134.00,3600.31,1275.00,1134.00,3600.12,1252.00,120.03,1256.00,225.04,1252.00,300.03,1238.00,600.03,1238.00,900.03,1235.00,1800.03,1273.80,1270.00,25.46,1288.20,1283.00,36.43,1266.80,1263.00,260.12,1253.40,1243.00,888.85,1290.00,1290.00,227.43,1265.60,1255.00,25.50,1263.80,1257.00,36.46,1288.20,1285.00,36.45,1286.00,1286.00,147.00,1278.00,1278.00,600.01
wfjsp24_10,wfjsp24,1273.00,1407.00,604.00,3600.28,1344.00,1273.00,3600.37,1347.00,1273.00,3600.26,1433.00,1273.00,3600.16,1408.00,1273.00,3600.47,1396.00,120.03,1398.00,202.72,1391.00,300.03,1376.00,600.03,1376.00,900.03,1378.00,1800.04,1399.20,1393.00,44.81,1406.00,1400.00,26.42,1391.20,1386.00,284.26,1383.80,1381.00,1034.66,1393.00,1393.00,465.84,1403.80,1398.00,44.84,1404.80,1398.00,26.46,1414.00,1401.00,26.44,1402.00,1402.00,217.52,1401.00,1401.00,600.02
MK1,MK,68.00,70.00,40.00,3600.00,71.00,68.00,3600.00,70.00,68.00,3601.06,71.00,68.00,3600.03,70.00,68.00,3600.03,73.00,1.95,72.00,3.89,73.00,8.94,73.00,16.80,73.00,75.65,72.00,345.22,76.40,75.00,0.55,73.60,73.00,4.92,74.40,73.00,24.14,74.40,74.00,53.45,75.00,75.00,9.00,74.20,74.00,0.55,73.00,72.00,4.92,75.20,74.00,4.92,76.00,76.00,3.01,76.00,76.00,17.49
MK2,MK,66.00,67.00,36.00,3600.62,68.00,66.00,3601.04,67.00,66.00,3600.00,68.00,66.00,3600.05,67.00,66.00,3600.05,70.00,4.81,70.00,6.86,69.00,15.74,69.00,33.17,69.00,146.16,68.00,650.73,71.60,70.00,1.22,70.40,69.00,5.21,69.40,69.00,38.79,70.60,70.00,78.01,73.00,73.00,10.26,71.40,69.00,1.23,70.00,69.00,5.21,72.40,72.00,5.21,73.00,73.00,5.05,72.00,72.00,29.29
MK3,MK,238.00,238.00,93.00,3600.25,238.00,238.00,677.63,238.00,238.00,2401.48,239.00,238.00,3600.11,238.00,238.00,2407.68,238.00,10.75,238.00,18.62,238.00,49.90,238.00,104.34,238.00,361.98,238.00,1326.11,251.80,244.00,5.04,242.80,241.00,9.43,241.60,238.00,49.78,243.20,241.00,119.46,244.00,244.00,26.99,238.80,238.00,5.05,238.60,238.00,9.44,245.00,242.00,9.44,242.00,242.00,18.41,241.00,241.00,90.78
MK4,MK,89.00,95.00,58.00,3600.00,94.00,89.00,3601.12,95.00,89.00,3601.10,95.00,89.00,3600.07,95.00,89.00,3600.09,96.00,3.80,97.00,6.44,95.00,13.91,95.00,29.69,95.00,157.44,94.00,592.51,104.20,100.00,2.16,99.40,98.00,9.45,100.20,97.00,41.34,99.40,97.00,135.36,103.00,103.00,11.55,96.40,96.00,2.16,95.60,95.00,9.46,101.20,100.00,9.45,100.00,100.00,5.74,100.00,100.00,36.68
MK5,MK,296.00,299.00,84.00,3600.00,297.00,296.00,3600.02,296.00,296.00,2314.82,296.00,296.00,336.54,297.00,296.00,3600.05,304.00,12.25,304.00,22.04,303.00,36.84,303.00,87.26,302.00,385.82,301.00,1478.68,311.60,308.00,5.87,306.00,303.00,12.04,302.00,301.00,68.25,301.00,300.00,211.64,306.00,306.00,34.38,305.40,303.00,5.88,303.60,303.00,12.04,315.20,313.00,12.04,316.00,316.00,11.57,314.00,314.00,44.87
MK6,MK,88.00,109.00,75.00,3600.25,107.00,88.00,3600.16,109.00,88.00,3600.15,112.00,88.00,3600.13,110.00,88.00,3600.14,112.00,10.29,111.00,16.82,109.00,53.08,108.00,81.98,107.00,425.71,108.00,1363.75,122.20,120.00,19.84,116.20,113.00,19.38,114.40,113.00,114.30,112.80,111.00,296.07,108.00,108.00,55.19,110.40,109.00,19.84,110.20,109.00,19.38,125.60,124.00,19.38,126.00,126.00,27.48,120.00,120.00,223.99
MK7,MK,219.00,222.00,61.00,3600.00,219.00,219.00,504.34,219.00,219.00,2371.04,220.00,219.00,3600.06,221.00,219.00,3600.07,230.00,12.56,230.00,26.30,228.00,56.37,228.00,109.08,226.00,407.14,226.00,1800.00,235.00,231.00,6.05,232.40,229.00,12.54,229.00,227.00,66.35,231.40,227.00,202.60,239.00,239.00,50.85,231.80,230.00,6.06,230.60,229.00,12.54,238.20,234.00,12.54,238.00,238.00,13.42,233.00,233.00,53.52
MK8,MK,624.00,624.00,206.00,3600.00,624.00,624.00,684.79,624.00,624.00,2400.91,624.00,624.00,1063.57,624.00,624.00,2410.65,624.00,12.11,624.00,19.61,624.00,47.89,624.00,80.94,624.00,369.26,624.00,1378.69,637.40,626.00,10.55,628.40,625.00,23.05,630.00,624.00,84.69,633.80,626.00,244.27,628.00,628.00,43.74,624.00,624.00,10.56,624.00,624.00,23.05,635.60,633.00,23.05,637.00,637.00,18.05,633.00,633.00,77.95
MK9,MK,450.00,479.00,162.00,3600.25,466.00,450.00,3600.13,468.00,450.00,3600.13,472.00,450.00,3600.10,475.00,450.00,3600.15,484.00,24.48,477.00,46.95,477.00,102.08,476.00,167.46,476.00,900.01,474.00,1800.01,489.00,485.00,85.95,492.20,489.00,40.69,478.40,474.00,312.73,472.00,468.00,763.03,489.00,489.00,85.23,477.60,475.00,85.96,478.00,475.00,40.70,512.80,505.00,40.70,513.00,513.00,53.36,504.00,504.00,258.33
MK10,MK,293.00,326.00,218.00,3601.00,315.00,293.00,3600.01,316.00,293.00,3600.00,318.00,293.00,3600.23,325.00,293.00,3600.22,322.00,28.70,319.00,57.72,315.00,122.65,316.00,245.84,314.00,900.01,314.00,1800.01,336.00,334.00,96.85,336.40,333.00,33.42,320.00,317.00,268.42,318.60,316.00,1067.11,338.00,338.00,71.49,317.20,316.00,96.86,319.20,317.00,33.43,352.80,348.00,33.43,351.00,351.00,130.00,340.00,340.00,472.30
DP1,DP,2883.00,2921.00,1442.00,3600.06,2961.00,2883.00,3600.05,2922.00,2883.00,3600.05,3111.00,2883.00,3600.06,2922.00,2883.00,3600.08,3010.00,14.59,2968.00,18.90,2968.00,38.24,2968.00,71.65,2967.00,426.97,2963.00,1744.74,3103.40,3064.00,9.95,3048.40,3001.00,36.09,3020.60,2987.00,185.00,3017.20,2981.00,283.70,3125.00,3125.00,17.52,3007.40,2989.00,9.95,2989.00,2964.00,36.10,3140.60,3133.00,36.09,3156.00,3156.00,14.37,3111.00,3111.00,88.68
DP2,DP,2881.00,2914.00,1441.00,3600.12,2931.00,2881.00,3600.01,2915.00,2881.00,3600.05,2959.00,2881.00,3600.07,2915.00,2881.00,3600.06,2946.00,14.77,2945.00,31.67,2947.00,64.39,2939.00,119.74,2931.00,772.65,2934.00,1800.01,2938.40,2927.00,15.65,2951.60,2934.00,32.66,2935.40,2925.00,156.55,2928.40,2925.00,474.27,2949.00,2949.00,46.38,2956.80,2947.00,15.66,2951.80,2941.00,32.67,3021.00,3005.00,32.67,3045.00,3045.00,15.57,3005.00,3005.00,77.10
DP3,DP,2881.00,2910.00,1440.00,3600.06,2918.00,2881.00,3600.04,2911.00,2881.00,3600.04,2972.00,2881.00,3600.06,2911.00,2881.00,3600.09,2939.00,27.21,2924.00,55.64,2926.00,109.79,2931.00,208.64,2920.00,900.01,2917.00,1800.01,2964.40,2931.00,19.32,2943.20,2918.00,24.45,2930.60,2912.00,210.69,2925.00,2907.00,533.83,2949.00,2949.00,33.60,2934.20,2929.00,19.33,2933.00,2923.00,24.46,2992.00,2981.00,24.46,2973.00,2973.00,30.24,2982.00,2982.00,123.40
DP4,DP,2865.00,2911.00,1423.00,3600.19,2928.00,2865.00,3600.05,2918.00,2865.00,3600.04,3035.00,2865.00,3600.07,2918.00,2865.00,3600.07,2990.00,8.86,2979.00,18.49,2965.00,49.26,2956.00,80.90,2954.00,397.47,2948.00,1573.71,3108.20,3020.00,9.46,3023.60,3001.00,34.86,2991.60,2977.00,213.60,2988.20,2945.00,233.83,3054.00,3054.00,25.07,2991.00,2977.00,9.47,2965.60,2957.00,34.87,3111.20,3093.00,34.87,3125.00,3125.00,16.96,3117.00,3117.00,88.27
DP5,DP,2834.00,2888.00,1402.00,3600.00,2901.00,2834.00,3600.06,2890.00,2834.00,3600.05,2950.00,2834.00,3600.08,2890.00,2834.00,3600.10,2936.00,11.29,2914.00,31.81,2918.00,56.04,2911.00,142.59,2909.00,618.77,2910.00,1800.01,2918.20,2904.00,23.21,2926.60,2913.00,23.77,2912.40,2891.00,225.71,2893.40,2881.00,446.73,2947.00,2947.00,59.14,2935.40,2928.00,23.22,2931.00,2912.00,23.78,3005.20,2980.00,23.78,2996.00,2996.00,20.90,2985.00,2985.00,76.75
DP6,DP,2801.00,2877.00,1388.00,3600.25,2885.00,2801.00,3600.00,2885.00,2801.00,3600.03,2902.00,2801.00,3600.08,2885.00,2801.00,3600.07,2912.00,22.12,2888.00,45.25,2894.00,78.69,2887.00,179.95,2882.00,900.01,2884.00,1800.01,2923.40,2883.00,43.07,2902.60,2897.00,22.03,2891.00,2875.00,193.10,2884.40,2867.00,623.80,2926.00,2926.00,53.02,2896.40,2892.00,43.08,2901.40,2894.00,22.04,2963.60,2942.00,22.04,2968.00,2968.00,29.31,2947.00,2947.00,149.09
DP7,DP,2847.00,2917.00,1939.00,3600.25,2936.00,2847.00,3600.15,2918.00,2847.00,3600.15,3091.00,2847.00,3600.14,2924.00,2847.00,3600.11,3018.00,25.03,2951.00,52.14,2940.00,111.89,2940.00,168.26,2928.00,572.16,2931.00,1800.02,3108.20,3085.00,21.04,3054.00,3023.00,50.87,2995.80,2937.00,274.11,2986.60,2947.00,734.17,3058.00,3058.00,25.91,2981.80,2962.00,21.06,2961.40,2956.00,50.88,3151.20,3129.00,50.88,3208.00,3208.00,21.35,3143.00,3143.00,111.65
DP8,DP,2835.00,2883.00,1440.00,3600.19,2888.00,2835.00,3600.14,2883.00,2835.00,3600.05,2987.00,2835.00,3600.18,2883.00,2835.00,3600.15,2909.00,24.04,2896.00,70.39,2894.00,137.06,2892.00,274.85,2888.00,900.02,2887.00,1800.02,2893.60,2882.00,81.46,2930.20,2915.00,22.96,2892.80,2885.00,218.01,2887.00,2885.00,577.14,2909.00,2909.00,104.06,2897.00,2889.00,81.47,2904.80,2899.00,22.98,2974.40,2953.00,22.97,2962.00,2962.00,45.96,2935.00,2935.00,254.72
DP9,DP,2829.00,2880.00,1436.00,3600.19,2871.00,2829.00,3600.01,2871.00,2829.00,3600.01,2902.00,2829.00,3600.17,2883.00,2829.00,3600.13,2893.00,75.40,2883.00,99.50,2879.00,223.91,2878.00,394.22,2877.00,900.02,2875.00,1800.02,2927.00,2873.00,97.80,2903.60,2896.00,28.77,2886.80,2879.00,198.67,2905.00,2876.00,878.61,2927.00,2927.00,62.28,2884.80,2879.00,97.82,2892.40,2882.00,28.79,2985.60,2933.00,28.78,2920.00,2920.00,79.27,2908.00,2908.00,443.67
DP10,DP,2848.00,2922.00,1898.00,3600.25,2923.00,2848.00,3600.13,2926.00,2848.00,3600.14,3079.00,2848.00,3600.14,2930.00,2848.00,3600.17,2974.00,25.30,2973.00,40.89,2958.00,88.96,2947.00,183.02,2930.00,900.01,2930.00,1800.01,3079.80,3052.00,26.95,3006.60,2988.00,65.59,2980.40,2958.00,275.42,2953.60,2932.00,602.37,3019.00,3019.00,64.44,2972.00,2947.00,26.96,2962.20,2947.00,65.60,3173.80,3123.00,65.60,3127.00,3127.00,26.07,3140.00,3140.00,98.38
DP11,DP,2788.00,2876.00,1388.00,3600.12,2876.00,2788.00,3601.15,2870.00,2788.00,3600.15,2924.00,2788.00,3600.15,2881.00,2788.00,3600.21,2918.00,30.16,2875.00,84.28,2871.00,205.68,2879.00,261.36,2871.00,900.02,2874.00,1800.02,2889.20,2882.00,55.85,2909.60,2898.00,40.17,2872.00,2863.00,272.43,2870.80,2861.00,949.90,2930.00,2930.00,42.90,2894.60,2883.00,55.87,2901.20,2892.00,40.19,2983.00,2963.00,40.19,2977.00,2977.00,52.57,2938.00,2938.00,234.51
DP12,DP,2724.00,2840.00,1357.00,3600.12,2800.00,2724.00,3600.01,2809.00,2724.00,3601.19,2875.00,2724.00,3600.10,2853.00,2724.00,3600.08,2860.00,40.82,2850.00,94.25,2832.00,224.54,2824.00,510.87,2820.00,900.02,2824.00,1800.02,2900.80,2816.00,92.76,2880.80,2850.00,28.05,2834.40,2827.00,285.19,2816.40,2801.00,1633.82,2852.00,2852.00,160.88,2842.00,2830.00,92.78,2848.00,2844.00,28.07,2938.60,2903.00,28.06,2887.00,2887.00,97.86,2874.00,2874.00,482.93
